{
  "instances": [
    {
      "revision": "6c0a938642d26031e46113042f8e5e99cfcf22b9",
      "repairability": [
        {
          "tool-name": "Arja",
          "pattern-name": "Arja:arja_shallow_change",
          "Unified_Diff_of-files:": "Starts Below...",
          "INSERT:": "}",
          "DELETE:": "        double angularSpeed \u003d steeringSystem.getAngularSpeed();",
          "CHANGE_old:": "",
          "CHANGE_new:": "        getCarValues().setRotation(this.getRotation());",
          "instance_detail": [
            {
              "pattern_action": "ANY",
              "pattern_entity": {
                "entity_type": "Statement",
                "entity_new value": "*",
                "entity_role": "*",
                "entity_parent": "null"
              },
              "concrete_change": {
                "operator": "DEL",
                "src_type": "Invocation",
                "dst_type": "null",
                "src": "powertrainSystem.getSpeed()",
                "dst": "null",
                "src_parent_type": "LocalVariable",
                "dst_parent_type": "null",
                "src_parent": "double speed \u003d powertrainSystem.getSpeed()",
                "dst_parent": "null"
              },
              "line": 49,
              "file": "/home/khesoem/projects/lighter/exp/src/main/java/hu/oe/nik/szfmv/automatedcar/AutomatedCar.java"
            }
          ]
        },
        {
          "tool-name": "Arja",
          "pattern-name": "Arja:arja_shallow_change",
          "Unified_Diff_of-files:": "Starts Below...",
          "INSERT:": "}",
          "DELETE:": "        double angularSpeed \u003d steeringSystem.getAngularSpeed();",
          "CHANGE_old:": "",
          "CHANGE_new:": "        getCarValues().setRotation(this.getRotation());",
          "instance_detail": [
            {
              "pattern_action": "ANY",
              "pattern_entity": {
                "entity_type": "Statement",
                "entity_new value": "*",
                "entity_role": "*",
                "entity_parent": "null"
              },
              "concrete_change": {
                "operator": "DEL",
                "src_type": "Invocation",
                "dst_type": "null",
                "src": "steeringSystem.getAngularSpeed()",
                "dst": "null",
                "src_parent_type": "LocalVariable",
                "dst_parent_type": "null",
                "src_parent": "double angularSpeed \u003d steeringSystem.getAngularSpeed()",
                "dst_parent": "null"
              },
              "line": 50,
              "file": "/home/khesoem/projects/lighter/exp/src/main/java/hu/oe/nik/szfmv/automatedcar/AutomatedCar.java"
            }
          ]
        },
        {
          "tool-name": "Arja",
          "pattern-name": "Arja:arja_shallow_change",
          "Unified_Diff_of-files:": "Starts Below...",
          "INSERT:": "}",
          "DELETE:": "        double angularSpeed \u003d steeringSystem.getAngularSpeed();",
          "CHANGE_old:": "",
          "CHANGE_new:": "        getCarValues().setRotation(this.getRotation());",
          "instance_detail": [
            {
              "pattern_action": "ANY",
              "pattern_entity": {
                "entity_type": "Statement",
                "entity_new value": "*",
                "entity_role": "*",
                "entity_parent": "null"
              },
              "concrete_change": {
                "operator": "DEL",
                "src_type": "OperatorAssignment",
                "dst_type": "null",
                "src": "location.x +\u003d speed",
                "dst": "null",
                "src_parent_type": "Block",
                "dst_parent_type": "null",
                "src_parent": "{\n    double speed \u003d powertrainSystem.getSpeed();\n    double angularSpeed \u003d steeringSystem.getAngularSpeed();\n    location.x +\u003d speed;\n    location.y \u003d 0;\n    rotation +\u003d angularSpeed;\n}",
                "dst_parent": "null"
              },
              "line": 52,
              "file": "/home/khesoem/projects/lighter/exp/src/main/java/hu/oe/nik/szfmv/automatedcar/AutomatedCar.java",
              "stats": {
                "number_of_src_entities": 13,
                "number_of_dst_entities": -1,
                "src_entity_types": "[double, location]",
                "dst_entity_types": "[]"
              }
            }
          ]
        },
        {
          "tool-name": "Arja",
          "pattern-name": "Arja:arja_shallow_change",
          "Unified_Diff_of-files:": "Starts Below...",
          "INSERT:": "}",
          "DELETE:": "        double angularSpeed \u003d steeringSystem.getAngularSpeed();",
          "CHANGE_old:": "",
          "CHANGE_new:": "        getCarValues().setRotation(this.getRotation());",
          "instance_detail": [
            {
              "pattern_action": "ANY",
              "pattern_entity": {
                "entity_type": "Statement",
                "entity_new value": "*",
                "entity_role": "*",
                "entity_parent": "null"
              },
              "concrete_change": {
                "operator": "DEL",
                "src_type": "OperatorAssignment",
                "dst_type": "null",
                "src": "rotation +\u003d angularSpeed",
                "dst": "null",
                "src_parent_type": "Block",
                "dst_parent_type": "null",
                "src_parent": "{\n    double speed \u003d powertrainSystem.getSpeed();\n    double angularSpeed \u003d steeringSystem.getAngularSpeed();\n    location.x +\u003d speed;\n    location.y \u003d 0;\n    rotation +\u003d angularSpeed;\n}",
                "dst_parent": "null"
              },
              "line": 55,
              "file": "/home/khesoem/projects/lighter/exp/src/main/java/hu/oe/nik/szfmv/automatedcar/AutomatedCar.java",
              "stats": {
                "number_of_src_entities": 8,
                "number_of_dst_entities": -1,
                "src_entity_types": "[double]",
                "dst_entity_types": "[]"
              }
            }
          ]
        }
      ]
    }
  ],
  "complete_analysis": true
}