{
  "instances": [
    {
      "revision": "9775734489d5622da159f03178e5ce6b155034d3",
      "repairability": [
        {
          "tool-name": "Arja",
          "pattern-name": "Arja:arja_shallow_change",
          "Unified_Diff_of-files:": "Starts Below...",
          "INSERT:": "import hu.oe.nik.szfmv.automatedcar.bus.packets.powertrain.ReadOnlyPowertrainTestPacket;",
          "DELETE:": "import hu.oe.nik.szfmv.automatedcar.bus.powertrain.ReadOnlyPowertrainTestPacket;",
          "instance_detail": [
            {
              "pattern_action": "ANY",
              "pattern_entity": {
                "entity_type": "Statement",
                "entity_new value": "*",
                "entity_role": "*",
                "entity_parent": "null"
              },
              "concrete_change": {
                "operator": "INS",
                "src_type": "ConstructorCall",
                "dst_type": "null",
                "src": "new hu.oe.nik.szfmv.automatedcar.Driver(virtualFunctionBus)",
                "dst": "null",
                "src_parent_type": "Block",
                "dst_parent_type": "null",
                "src_parent": "{\n    super(x, y, imageFileName);\n    final int fullCircle \u003d 360;\n    final int carTestRotation \u003d 90;\n    final int carWidth \u003d 102;\n    final int carHeight \u003d 208;\n    setRotation(java.lang.Math.toRadians((fullCircle - carTestRotation)));\n    wheelBase \u003d carHeight;\n    halfWidth \u003d carWidth / 2;\n    this.setWidth(carWidth);\n    this.setHeight(carHeight);\n    generateShape();\n    virtualFunctionBus.carPacket \u003d new hu.oe.nik.szfmv.automatedcar.bus.packets.car.CarPacket(this.getX(), this.getY(), this.getRotation());\n    new hu.oe.nik.szfmv.automatedcar.GasBrake(virtualFunctionBus);\n    new hu.oe.nik.szfmv.automatedcar.Index(virtualFunctionBus);\n    new hu.oe.nik.szfmv.automatedcar.GearShift(virtualFunctionBus);\n    new hu.oe.nik.szfmv.automatedcar.SensorsVisualizer(virtualFunctionBus);\n    powertrainSystem \u003d new hu.oe.nik.szfmv.automatedcar.PowertrainSystem(virtualFunctionBus);\n    reverseRadar \u003d new hu.oe.nik.szfmv.automatedcar.ReverseRadar(virtualFunctionBus, getUltrasonicSensors());\n    new hu.oe.nik.szfmv.automatedcar.ACC(virtualFunctionBus);\n    new hu.oe.nik.szfmv.automatedcar.TrackingBut(virtualFunctionBus);\n    steeringSystem \u003d new hu.oe.nik.szfmv.automatedcar.SteeringSystem(virtualFunctionBus);\n    steeringWheel \u003d new hu.oe.nik.szfmv.automatedcar.SteeringWheel(virtualFunctionBus);\n    new hu.oe.nik.szfmv.automatedcar.RoadLaneDetector(virtualFunctionBus, this);\n    new hu.oe.nik.szfmv.automatedcar.FrontBackDetector(virtualFunctionBus);\n    new hu.oe.nik.szfmv.automatedcar.EmergencyBrake(virtualFunctionBus, this);\n    new hu.oe.nik.szfmv.automatedcar.RoadSignDetection(virtualFunctionBus);\n    hu.oe.nik.szfmv.automatedcar.sensors.UltrasonicSensor.createUltrasonicSensors(this, virtualFunctionBus);\n    new hu.oe.nik.szfmv.automatedcar.Driver(virtualFunctionBus);\n}",
                "dst_parent": "null"
              },
              "line": 77,
              "file": "/home/khesoem/projects/lighter/exp/src/main/java/hu/oe/nik/szfmv/automatedcar/AutomatedCar.java",
              "stats": {
                "number_of_src_entities": 18,
                "number_of_dst_entities": -1,
                "src_entity_types": "[java.lang.Object, hu.oe.nik.szfmv.automatedcar.AutomatedCar]",
                "dst_entity_types": "[]"
              }
            }
          ]
        }
      ]
    }
  ],
  "complete_analysis": true
}