{
  "instances": [
    {
      "revision": "f0188211911d9e41b3b0b2904321f2553451fae0",
      "repairability": [
        {
          "tool-name": "Arja",
          "pattern-name": "Arja:arja_shallow_change",
          "Unified_Diff_of-files:": "Starts Below...",
          "CHANGE_old:": "",
          "CHANGE_new:": "                getCollidableObjectsinTraingle(radar.getTrainglePoints())));",
          "INSERT:": "    /**",
          "instance_detail": [
            {
              "pattern_action": "ANY",
              "pattern_entity": {
                "entity_type": "Statement",
                "entity_new value": "*",
                "entity_role": "*",
                "entity_parent": "null"
              },
              "concrete_change": {
                "operator": "DEL",
                "src_type": "ConstructorCall",
                "dst_type": "null",
                "src": "new java.awt.Point(triangle.xpoints[0], triangle.ypoints[0])",
                "dst": "null",
                "src_parent_type": "Assignment",
                "dst_parent_type": "null",
                "src_parent": "p[0] \u003d new java.awt.Point(triangle.xpoints[0], triangle.ypoints[0])",
                "dst_parent": "null"
              },
              "line": 35,
              "file": "/home/khesoem/projects/lighter/exp/src/main/java/hu/oe/nik/szfmv/automatedcar/systemcomponents/FrontBackDetector.java"
            }
          ]
        },
        {
          "tool-name": "Arja",
          "pattern-name": "Arja:arja_shallow_change",
          "Unified_Diff_of-files:": "Starts Below...",
          "CHANGE_old:": "",
          "CHANGE_new:": "                getCollidableObjectsinTraingle(radar.getTrainglePoints())));",
          "INSERT:": "    /**",
          "instance_detail": [
            {
              "pattern_action": "ANY",
              "pattern_entity": {
                "entity_type": "Statement",
                "entity_new value": "*",
                "entity_role": "*",
                "entity_parent": "null"
              },
              "concrete_change": {
                "operator": "DEL",
                "src_type": "Assignment",
                "dst_type": "null",
                "src": "p[0] \u003d new java.awt.Point(triangle.xpoints[0], triangle.ypoints[0])",
                "dst": "null",
                "src_parent_type": "Block",
                "dst_parent_type": "null",
                "src_parent": "{\n    java.awt.Point[] p \u003d new java.awt.Point[2];\n    p[0] \u003d new java.awt.Point(triangle.xpoints[0], triangle.ypoints[0]);\n    p[1] \u003d new java.awt.Point((((triangle.xpoints[1]) + (triangle.xpoints[2])) / 2), (((triangle.ypoints[1]) + (triangle.ypoints[2])) / 2));\n    return p;\n}",
                "dst_parent": "null"
              },
              "line": 35,
              "file": "/home/khesoem/projects/lighter/exp/src/main/java/hu/oe/nik/szfmv/automatedcar/systemcomponents/FrontBackDetector.java"
            }
          ]
        },
        {
          "tool-name": "Arja",
          "pattern-name": "Arja:arja_shallow_change",
          "Unified_Diff_of-files:": "Starts Below...",
          "CHANGE_old:": "",
          "CHANGE_new:": "                getCollidableObjectsinTraingle(radar.getTrainglePoints())));",
          "INSERT:": "    /**",
          "instance_detail": [
            {
              "pattern_action": "ANY",
              "pattern_entity": {
                "entity_type": "Statement",
                "entity_new value": "*",
                "entity_role": "*",
                "entity_parent": "null"
              },
              "concrete_change": {
                "operator": "DEL",
                "src_type": "ConstructorCall",
                "dst_type": "null",
                "src": "new java.awt.Point((((triangle.xpoints[1]) + (triangle.xpoints[2])) / 2), (((triangle.ypoints[1]) + (triangle.ypoints[2])) / 2))",
                "dst": "null",
                "src_parent_type": "Assignment",
                "dst_parent_type": "null",
                "src_parent": "p[1] \u003d new java.awt.Point((((triangle.xpoints[1]) + (triangle.xpoints[2])) / 2), (((triangle.ypoints[1]) + (triangle.ypoints[2])) / 2))",
                "dst_parent": "null"
              },
              "line": 36,
              "file": "/home/khesoem/projects/lighter/exp/src/main/java/hu/oe/nik/szfmv/automatedcar/systemcomponents/FrontBackDetector.java"
            }
          ]
        },
        {
          "tool-name": "Arja",
          "pattern-name": "Arja:arja_shallow_change",
          "Unified_Diff_of-files:": "Starts Below...",
          "CHANGE_old:": "",
          "CHANGE_new:": "                getCollidableObjectsinTraingle(radar.getTrainglePoints())));",
          "INSERT:": "    /**",
          "instance_detail": [
            {
              "pattern_action": "ANY",
              "pattern_entity": {
                "entity_type": "Statement",
                "entity_new value": "*",
                "entity_role": "*",
                "entity_parent": "null"
              },
              "concrete_change": {
                "operator": "DEL",
                "src_type": "Assignment",
                "dst_type": "null",
                "src": "p[1] \u003d new java.awt.Point((((triangle.xpoints[1]) + (triangle.xpoints[2])) / 2), (((triangle.ypoints[1]) + (triangle.ypoints[2])) / 2))",
                "dst": "null",
                "src_parent_type": "Block",
                "dst_parent_type": "null",
                "src_parent": "{\n    java.awt.Point[] p \u003d new java.awt.Point[2];\n    p[0] \u003d new java.awt.Point(triangle.xpoints[0], triangle.ypoints[0]);\n    p[1] \u003d new java.awt.Point((((triangle.xpoints[1]) + (triangle.xpoints[2])) / 2), (((triangle.ypoints[1]) + (triangle.ypoints[2])) / 2));\n    return p;\n}",
                "dst_parent": "null"
              },
              "line": 36,
              "file": "/home/khesoem/projects/lighter/exp/src/main/java/hu/oe/nik/szfmv/automatedcar/systemcomponents/FrontBackDetector.java"
            }
          ]
        }
      ]
    }
  ],
  "complete_analysis": true
}