{
  "instances": [
    {
      "revision": "f57827b1c7398b6ec87c014a04472cfa1e43fd1e",
      "repairability": [
        {
          "tool-name": "Arja",
          "pattern-name": "Arja:arja_shallow_change",
          "Unified_Diff_of-files:": "Starts Below...",
          "DELETE:": "        }",
          "INSERT:": "                        // since we\u0027re only checking the highest dep",
          "CHANGE_old:": "                    // ignore non-conflicting",
          "CHANGE_new:": "                    // ignore non-conflicting commands",
          "instance_detail": [
            {
              "pattern_action": "ANY",
              "pattern_entity": {
                "entity_type": "Statement",
                "entity_new value": "*",
                "entity_role": "*",
                "entity_parent": "null"
              },
              "concrete_change": {
                "operator": "DEL",
                "src_type": "Block",
                "dst_type": "null",
                "src": "{\n    this.delivered \u003d ((org.imdea.vcd.queue.clock.Clock\u003corg.imdea.vcd.queue.clock.ExceptionSet\u003e) (committed.clone()));\n}",
                "dst": "null",
                "src_parent_type": "If",
                "dst_parent_type": "null",
                "src_parent": "if (clone) {\n    this.delivered \u003d ((org.imdea.vcd.queue.clock.Clock\u003corg.imdea.vcd.queue.clock.ExceptionSet\u003e) (committed.clone()));\n} else {\n    this.delivered \u003d committed;\n}",
                "dst_parent": "null"
              },
              "line": 46,
              "file": "/home/khesoem/projects/lighter/exp/src/main/java/org/imdea/vcd/queue/ConfQueue.java"
            }
          ]
        },
        {
          "tool-name": "Arja",
          "pattern-name": "Arja:arja_shallow_change",
          "Unified_Diff_of-files:": "Starts Below...",
          "DELETE:": "        }",
          "INSERT:": "                        // since we\u0027re only checking the highest dep",
          "CHANGE_old:": "                    // ignore non-conflicting",
          "CHANGE_new:": "                    // ignore non-conflicting commands",
          "instance_detail": [
            {
              "pattern_action": "ANY",
              "pattern_entity": {
                "entity_type": "Statement",
                "entity_new value": "*",
                "entity_role": "*",
                "entity_parent": "null"
              },
              "concrete_change": {
                "operator": "DEL",
                "src_type": "Assignment",
                "dst_type": "null",
                "src": "this.delivered \u003d committed",
                "dst": "null",
                "src_parent_type": "Block",
                "dst_parent_type": "null",
                "src_parent": "{\n    this.delivered \u003d committed;\n}",
                "dst_parent": "null"
              },
              "line": 49,
              "file": "/home/khesoem/projects/lighter/exp/src/main/java/org/imdea/vcd/queue/ConfQueue.java"
            }
          ]
        },
        {
          "tool-name": "Arja",
          "pattern-name": "Arja:arja_shallow_change",
          "Unified_Diff_of-files:": "Starts Below...",
          "DELETE:": "        }",
          "INSERT:": "                        // since we\u0027re only checking the highest dep",
          "CHANGE_old:": "                    // ignore non-conflicting",
          "CHANGE_new:": "                    // ignore non-conflicting commands",
          "instance_detail": [
            {
              "pattern_action": "ANY",
              "pattern_entity": {
                "entity_type": "Statement",
                "entity_new value": "*",
                "entity_role": "*",
                "entity_parent": "null"
              },
              "concrete_change": {
                "operator": "DEL",
                "src_type": "Block",
                "dst_type": "null",
                "src": "{\n    this.delivered \u003d committed;\n}",
                "dst": "null",
                "src_parent_type": "If",
                "dst_parent_type": "null",
                "src_parent": "if (clone) {\n    this.delivered \u003d ((org.imdea.vcd.queue.clock.Clock\u003corg.imdea.vcd.queue.clock.ExceptionSet\u003e) (committed.clone()));\n} else {\n    this.delivered \u003d committed;\n}",
                "dst_parent": "null"
              },
              "line": 48,
              "file": "/home/khesoem/projects/lighter/exp/src/main/java/org/imdea/vcd/queue/ConfQueue.java"
            }
          ]
        },
        {
          "tool-name": "Arja",
          "pattern-name": "Arja:arja_shallow_change",
          "Unified_Diff_of-files:": "Starts Below...",
          "DELETE:": "        }",
          "INSERT:": "                        // since we\u0027re only checking the highest dep",
          "CHANGE_old:": "                    // ignore non-conflicting",
          "CHANGE_new:": "                    // ignore non-conflicting commands",
          "instance_detail": [
            {
              "pattern_action": "ANY",
              "pattern_entity": {
                "entity_type": "Statement",
                "entity_new value": "*",
                "entity_role": "*",
                "entity_parent": "null"
              },
              "concrete_change": {
                "operator": "DEL",
                "src_type": "If",
                "dst_type": "null",
                "src": "if (clone) {\n    this.delivered \u003d ((org.imdea.vcd.queue.clock.Clock\u003corg.imdea.vcd.queue.clock.ExceptionSet\u003e) (committed.clone()));\n} else {\n    this.delivered \u003d committed;\n}",
                "dst": "null",
                "src_parent_type": "Block",
                "dst_parent_type": "null",
                "src_parent": "{\n    if (clone) {\n        this.delivered \u003d ((org.imdea.vcd.queue.clock.Clock\u003corg.imdea.vcd.queue.clock.ExceptionSet\u003e) (committed.clone()));\n    } else {\n        this.delivered \u003d committed;\n    }\n    this.N \u003d this.delivered.size();\n}",
                "dst_parent": "null"
              },
              "line": 46,
              "file": "/home/khesoem/projects/lighter/exp/src/main/java/org/imdea/vcd/queue/ConfQueue.java",
              "stats": {
                "number_of_src_entities": 58,
                "number_of_dst_entities": -1,
                "src_entity_types": "[boolean, org.imdea.vcd.queue.clock.ExceptionSet, org.imdea.vcd.queue.ConfQueue, org.imdea.vcd.queue.clock.Clock\u003corg.imdea.vcd.queue.clock.ExceptionSet\u003e]",
                "dst_entity_types": "[]"
              }
            }
          ]
        }
      ]
    }
  ],
  "complete_analysis": true
}