{
  "instances": [
    {
      "revision": "5c51b930aee8b4c00c4378e557217ab910411b83",
      "repairability": [
        {
          "tool-name": "Elixir",
          "pattern-name": "Elixir:update_type_ref",
          "Unified_Diff_of-files:": "Starts Below...",
          "CHANGE_old:": "",
          "CHANGE_new:": "    public Builder setPlaylists(Paging\u0026lt;PlaylistSimplified\u0026gt; playlists) {",
          "INSERT:": "}",
          "DELETE:": "",
          "instance_detail": [
            {
              "pattern_action": "UPD",
              "pattern_entity": {
                "entity_type": "TypeReference",
                "entity_new value": "*",
                "entity_role": "*",
                "entity_parent": "null"
              },
              "concrete_change": {
                "operator": "UPD",
                "src_type": "TypeReference",
                "dst_type": "TypeReference",
                "src": "void",
                "dst": "com.wrapper.spotify.objects.FeaturedPlaylists.Builder",
                "src_parent_type": "Method",
                "dst_parent_type": "Method",
                "src_parent": "public void setMessage(java.lang.String message) {\n    this.message \u003d message;\n}",
                "dst_parent": "public com.wrapper.spotify.objects.FeaturedPlaylists.Builder setMessage(java.lang.String message) {\n    this.message \u003d message;\n    return this;\n}"
              },
              "line": 12,
              "file": "/home/khesoem/projects/lighter/exp/src/main/java/com/wrapper/spotify/objects/FeaturedPlaylists.java",
              "stats": {
                "number_of_src_entities": 1,
                "number_of_dst_entities": 3,
                "src_entity_types": "[void]",
                "dst_entity_types": "[com.wrapper.spotify.objects.FeaturedPlaylists.Builder, com.wrapper.spotify.objects.FeaturedPlaylists]"
              }
            }
          ]
        },
        {
          "tool-name": "Elixir",
          "pattern-name": "Elixir:update_type_ref",
          "Unified_Diff_of-files:": "Starts Below...",
          "CHANGE_old:": "",
          "CHANGE_new:": "    public Builder setPlaylists(Paging\u0026lt;PlaylistSimplified\u0026gt; playlists) {",
          "INSERT:": "}",
          "DELETE:": "",
          "instance_detail": [
            {
              "pattern_action": "UPD",
              "pattern_entity": {
                "entity_type": "TypeReference",
                "entity_new value": "*",
                "entity_role": "*",
                "entity_parent": "null"
              },
              "concrete_change": {
                "operator": "UPD",
                "src_type": "TypeReference",
                "dst_type": "TypeReference",
                "src": "void",
                "dst": "com.wrapper.spotify.objects.FeaturedPlaylists.Builder",
                "src_parent_type": "Method",
                "dst_parent_type": "Method",
                "src_parent": "public void setPlaylists(com.wrapper.spotify.objects.Paging\u003ccom.wrapper.spotify.objects.PlaylistSimplified\u003e playlists) {\n    this.playlists \u003d playlists;\n}",
                "dst_parent": "public com.wrapper.spotify.objects.FeaturedPlaylists.Builder setPlaylists(com.wrapper.spotify.objects.Paging\u003ccom.wrapper.spotify.objects.PlaylistSimplified\u003e playlists) {\n    this.playlists \u003d playlists;\n    return this;\n}"
              },
              "line": 20,
              "file": "/home/khesoem/projects/lighter/exp/src/main/java/com/wrapper/spotify/objects/FeaturedPlaylists.java",
              "stats": {
                "number_of_src_entities": 1,
                "number_of_dst_entities": 3,
                "src_entity_types": "[void]",
                "dst_entity_types": "[com.wrapper.spotify.objects.FeaturedPlaylists.Builder, com.wrapper.spotify.objects.FeaturedPlaylists]"
              }
            }
          ]
        }
      ]
    }
  ],
  "complete_analysis": true
}