{
  "instances": [
    {
      "revision": "4be21bba863a6ec5de1314db95f60f3f4d1c605a",
      "repairability": [
        {
          "tool-name": "Elixir",
          "pattern-name": "Elixir:update_invocation",
          "Unified_Diff_of-files:": "Starts Below...",
          "CHANGE_old:": "",
          "CHANGE_new:": "  private String releaseDatePrecision;",
          "DELETE:": "",
          "INSERT:": "}",
          "instance_detail": [
            {
              "pattern_action": "UPD",
              "pattern_entity": {
                "entity_type": "AbstractInvocation",
                "entity_new value": "*",
                "entity_role": "*",
                "entity_parent": "null"
              },
              "concrete_change": {
                "operator": "UPD",
                "src_type": "Invocation",
                "dst_type": "Invocation",
                "src": "albumJson.getJSONObject(\"release_date\")",
                "dst": "albumJson.getString(\"release_date\")",
                "src_parent_type": "Invocation",
                "dst_parent_type": "Invocation",
                "src_parent": "com.wrapper.spotify.JsonUtil.createReleaseDate(albumJson.getJSONObject(\"release_date\"))",
                "dst_parent": "album.setReleaseDate(albumJson.getString(\"release_date\"))"
              },
              "line": 130,
              "file": "/home/khesoem/projects/lighter/exp/src/main/java/com/wrapper/spotify/JsonUtil.java",
              "stats": {
                "number_of_src_entities": 13,
                "number_of_dst_entities": 13,
                "src_entity_types": "[java.lang.String, net.sf.json.JSONObject]",
                "dst_entity_types": "[java.lang.String, net.sf.json.JSONObject]"
              }
            }
          ]
        }
      ]
    },
    {
      "revision": "4be21bba863a6ec5de1314db95f60f3f4d1c605a",
      "repairability": [
        {
          "tool-name": "Elixir",
          "pattern-name": "Elixir:update_type_ref",
          "Unified_Diff_of-files:": "Starts Below...",
          "CHANGE_old:": "",
          "CHANGE_new:": "  private String releaseDatePrecision;",
          "DELETE:": "",
          "INSERT:": "}",
          "instance_detail": [
            {
              "pattern_action": "UPD",
              "pattern_entity": {
                "entity_type": "TypeReference",
                "entity_new value": "*",
                "entity_role": "*",
                "entity_parent": "null"
              },
              "concrete_change": {
                "operator": "UPD",
                "src_type": "TypeReference",
                "dst_type": "TypeReference",
                "src": "com.wrapper.spotify.models.ReleaseDate",
                "dst": "java.lang.String",
                "src_parent_type": "Field",
                "dst_parent_type": "Field",
                "src_parent": "private com.wrapper.spotify.models.ReleaseDate releaseDate;",
                "dst_parent": "private java.lang.String releaseDate;"
              },
              "line": 18,
              "file": "/home/khesoem/projects/lighter/exp/src/main/java/com/wrapper/spotify/models/Album.java",
              "stats": {
                "number_of_src_entities": 2,
                "number_of_dst_entities": 2,
                "src_entity_types": "[com.wrapper.spotify.models.ReleaseDate]",
                "dst_entity_types": "[java.lang.String]"
              }
            }
          ]
        },
        {
          "tool-name": "Elixir",
          "pattern-name": "Elixir:update_type_ref",
          "Unified_Diff_of-files:": "Starts Below...",
          "CHANGE_old:": "",
          "CHANGE_new:": "  private String releaseDatePrecision;",
          "DELETE:": "",
          "INSERT:": "}",
          "instance_detail": [
            {
              "pattern_action": "UPD",
              "pattern_entity": {
                "entity_type": "TypeReference",
                "entity_new value": "*",
                "entity_role": "*",
                "entity_parent": "null"
              },
              "concrete_change": {
                "operator": "UPD",
                "src_type": "TypeReference",
                "dst_type": "TypeReference",
                "src": "com.wrapper.spotify.models.ReleaseDate",
                "dst": "java.lang.String",
                "src_parent_type": "Method",
                "dst_parent_type": "Method",
                "src_parent": "public com.wrapper.spotify.models.ReleaseDate getReleaseDate() {\n    return releaseDate;\n}",
                "dst_parent": "public java.lang.String getReleaseDate() {\n    return releaseDate;\n}"
              },
              "line": 111,
              "file": "/home/khesoem/projects/lighter/exp/src/main/java/com/wrapper/spotify/models/Album.java",
              "stats": {
                "number_of_src_entities": 2,
                "number_of_dst_entities": 2,
                "src_entity_types": "[com.wrapper.spotify.models.ReleaseDate]",
                "dst_entity_types": "[java.lang.String]"
              }
            }
          ]
        },
        {
          "tool-name": "Elixir",
          "pattern-name": "Elixir:update_type_ref",
          "Unified_Diff_of-files:": "Starts Below...",
          "CHANGE_old:": "",
          "CHANGE_new:": "  private String releaseDatePrecision;",
          "DELETE:": "",
          "INSERT:": "}",
          "instance_detail": [
            {
              "pattern_action": "UPD",
              "pattern_entity": {
                "entity_type": "TypeReference",
                "entity_new value": "*",
                "entity_role": "*",
                "entity_parent": "null"
              },
              "concrete_change": {
                "operator": "UPD",
                "src_type": "TypeReference",
                "dst_type": "TypeReference",
                "src": "com.wrapper.spotify.models.ReleaseDate",
                "dst": "java.lang.String",
                "src_parent_type": "Parameter",
                "dst_parent_type": "Parameter",
                "src_parent": "com.wrapper.spotify.models.ReleaseDate releaseDate",
                "dst_parent": "java.lang.String releaseDate"
              },
              "line": 115,
              "file": "/home/khesoem/projects/lighter/exp/src/main/java/com/wrapper/spotify/models/Album.java",
              "stats": {
                "number_of_src_entities": 2,
                "number_of_dst_entities": 2,
                "src_entity_types": "[com.wrapper.spotify.models.ReleaseDate]",
                "dst_entity_types": "[java.lang.String]"
              }
            }
          ]
        }
      ]
    }
  ],
  "complete_analysis": true
}