{
  "instances": [
    {
      "revision": "6fd3b5eb34ba5597eb0a9526d6b985fb0096c98a",
      "repairability": [
        {
          "tool-name": "Elixir",
          "pattern-name": "Elixir:update_invocation",
          "Unified_Diff_of-files:": "Starts Below...",
          "CHANGE_old:": "      notifyServiceWithRetry(\"shutdown\");",
          "CHANGE_new:": "      notifyShutdown();",
          "INSERT:": "      LOG.error(\"Interrupted while waiting for connection drain, shutting down early\");",
          "DELETE:": "import org.slf4j.LoggerFactory;",
          "instance_detail": [
            {
              "pattern_action": "UPD",
              "pattern_entity": {
                "entity_type": "AbstractInvocation",
                "entity_new value": "*",
                "entity_role": "*",
                "entity_parent": "null"
              },
              "concrete_change": {
                "operator": "UPD",
                "src_type": "NewClass",
                "dst_type": "NewClass",
                "src": "new java.util.concurrent.Callable\u003cjava.util.Collection\u003ccom.hubspot.baragon.models.BaragonServiceState\u003e\u003e() {\n    public java.util.Collection\u003ccom.hubspot.baragon.models.BaragonServiceState\u003e call() throws java.lang.Exception {\n        return getGlobalState();\n    }\n}",
                "dst": "new java.util.concurrent.Callable\u003cjava.util.Collection\u003ccom.hubspot.baragon.models.BaragonServiceState\u003e\u003e() {\n    public java.util.Collection\u003ccom.hubspot.baragon.models.BaragonServiceState\u003e call() throws java.lang.Exception {\n        return getGlobalState();\n    }\n}",
                "src_parent_type": "LocalVariable",
                "dst_parent_type": "LocalVariable",
                "src_parent": "java.util.concurrent.Callable\u003cjava.util.Collection\u003ccom.hubspot.baragon.models.BaragonServiceState\u003e\u003e callable \u003d new java.util.concurrent.Callable\u003cjava.util.Collection\u003ccom.hubspot.baragon.models.BaragonServiceState\u003e\u003e() {\n    public java.util.Collection\u003ccom.hubspot.baragon.models.BaragonServiceState\u003e call() throws java.lang.Exception {\n        return getGlobalState();\n    }\n}",
                "dst_parent": "java.util.concurrent.Callable\u003cjava.util.Collection\u003ccom.hubspot.baragon.models.BaragonServiceState\u003e\u003e callable \u003d new java.util.concurrent.Callable\u003cjava.util.Collection\u003ccom.hubspot.baragon.models.BaragonServiceState\u003e\u003e() {\n    public java.util.Collection\u003ccom.hubspot.baragon.models.BaragonServiceState\u003e call() throws java.lang.Exception {\n        return getGlobalState();\n    }\n}"
              },
              "line": 228,
              "file": "/home/khesoem/projects/lighter/exp/BaragonAgentService/src/main/java/com/hubspot/baragon/agent/managed/LifecycleHelper.java",
              "stats": {
                "number_of_src_entities": 51,
                "number_of_dst_entities": 51,
                "src_entity_types": "[com.hubspot.baragon.models.BaragonServiceState, java.lang.Exception, com.hubspot.baragon.agent.managed.LifecycleHelper.2, java.lang.Object, java.util.Collection\u003ccom.hubspot.baragon.models.BaragonServiceState\u003e, com.hubspot.baragon.agent.managed.LifecycleHelper, java.util.concurrent.Callable\u003cjava.util.Collection\u003ccom.hubspot.baragon.models.BaragonServiceState\u003e\u003e]",
                "dst_entity_types": "[com.hubspot.baragon.models.BaragonServiceState, java.lang.Exception, com.hubspot.baragon.agent.managed.LifecycleHelper.1, java.lang.Object, java.util.Collection\u003ccom.hubspot.baragon.models.BaragonServiceState\u003e, com.hubspot.baragon.agent.managed.LifecycleHelper, java.util.concurrent.Callable\u003cjava.util.Collection\u003ccom.hubspot.baragon.models.BaragonServiceState\u003e\u003e]"
              }
            }
          ]
        },
        {
          "tool-name": "Elixir",
          "pattern-name": "Elixir:update_invocation",
          "Unified_Diff_of-files:": "Starts Below...",
          "CHANGE_old:": "      notifyServiceWithRetry(\"shutdown\");",
          "CHANGE_new:": "      notifyShutdown();",
          "INSERT:": "      LOG.error(\"Interrupted while waiting for connection drain, shutting down early\");",
          "DELETE:": "import org.slf4j.LoggerFactory;",
          "instance_detail": [
            {
              "pattern_action": "UPD",
              "pattern_entity": {
                "entity_type": "AbstractInvocation",
                "entity_new value": "*",
                "entity_role": "*",
                "entity_parent": "null"
              },
              "concrete_change": {
                "operator": "UPD",
                "src_type": "NewClass",
                "dst_type": "NewClass",
                "src": "new com.fasterxml.jackson.core.type.TypeReference\u003cjava.util.Collection\u003ccom.hubspot.baragon.models.BaragonServiceState\u003e\u003e() {}",
                "dst": "new com.fasterxml.jackson.core.type.TypeReference\u003cjava.util.Collection\u003ccom.hubspot.baragon.models.BaragonServiceState\u003e\u003e() {}",
                "src_parent_type": "Invocation",
                "dst_parent_type": "Invocation",
                "src_parent": "response.getAs(new com.fasterxml.jackson.core.type.TypeReference\u003cjava.util.Collection\u003ccom.hubspot.baragon.models.BaragonServiceState\u003e\u003e() {})",
                "dst_parent": "response.getAs(new com.fasterxml.jackson.core.type.TypeReference\u003cjava.util.Collection\u003ccom.hubspot.baragon.models.BaragonServiceState\u003e\u003e() {})"
              },
              "line": 265,
              "file": "/home/khesoem/projects/lighter/exp/BaragonAgentService/src/main/java/com/hubspot/baragon/agent/managed/LifecycleHelper.java",
              "stats": {
                "number_of_src_entities": 26,
                "number_of_dst_entities": 26,
                "src_entity_types": "[com.hubspot.baragon.models.BaragonServiceState, com.hubspot.baragon.agent.managed.LifecycleHelper.3, com.fasterxml.jackson.core.type.TypeReference\u003cjava.util.Collection\u003ccom.hubspot.baragon.models.BaragonServiceState\u003e\u003e, java.util.Collection\u003ccom.hubspot.baragon.models.BaragonServiceState\u003e, com.fasterxml.jackson.core.type.TypeReference, com.hubspot.baragon.agent.managed.LifecycleHelper]",
                "dst_entity_types": "[com.hubspot.baragon.models.BaragonServiceState, com.hubspot.baragon.agent.managed.LifecycleHelper.2, com.fasterxml.jackson.core.type.TypeReference\u003cjava.util.Collection\u003ccom.hubspot.baragon.models.BaragonServiceState\u003e\u003e, java.util.Collection\u003ccom.hubspot.baragon.models.BaragonServiceState\u003e, com.fasterxml.jackson.core.type.TypeReference, com.hubspot.baragon.agent.managed.LifecycleHelper]"
              }
            }
          ]
        },
        {
          "tool-name": "Elixir",
          "pattern-name": "Elixir:Insert_Invocation",
          "Unified_Diff_of-files:": "Starts Below...",
          "CHANGE_old:": "      notifyServiceWithRetry(\"shutdown\");",
          "CHANGE_new:": "      notifyShutdown();",
          "INSERT:": "      LOG.error(\"Interrupted while waiting for connection drain, shutting down early\");",
          "DELETE:": "import org.slf4j.LoggerFactory;",
          "instance_detail": [
            {
              "pattern_action": "INS",
              "pattern_entity": {
                "entity_type": "AbstractInvocation",
                "entity_new value": "*",
                "entity_role": "*",
                "entity_parent": "null"
              },
              "concrete_change": {
                "operator": "INS",
                "src_type": "Invocation",
                "dst_type": "null",
                "src": "(agentRemovedResponse.getConnectionDrainTimeMs().isPresent())",
                "dst": "null",
                "src_parent_type": "BinaryOperator",
                "dst_parent_type": "null",
                "src_parent": "(agentRemovedResponse !\u003d null) \u0026\u0026 (agentRemovedResponse.getConnectionDrainTimeMs().isPresent())",
                "dst_parent": "null"
              },
              "line": 159,
              "file": "/home/khesoem/projects/lighter/exp/BaragonAgentService/src/main/java/com/hubspot/baragon/agent/managed/LifecycleHelper.java",
              "stats": {
                "number_of_src_entities": 10,
                "number_of_dst_entities": -1,
                "src_entity_types": "[com.hubspot.baragon.models.AgentRemovedResponse]",
                "dst_entity_types": "[]"
              }
            }
          ]
        },
        {
          "tool-name": "Elixir",
          "pattern-name": "Elixir:check_length",
          "Unified_Diff_of-files:": "Starts Below...",
          "CHANGE_old:": "      notifyServiceWithRetry(\"shutdown\");",
          "CHANGE_new:": "      notifyShutdown();",
          "INSERT:": "      LOG.error(\"Interrupted while waiting for connection drain, shutting down early\");",
          "DELETE:": "import org.slf4j.LoggerFactory;",
          "instance_detail": [
            {
              "pattern_action": "INS",
              "pattern_entity": {
                "entity_type": "If",
                "entity_new value": "*",
                "entity_role": "*",
                "entity_parent": "null"
              },
              "concrete_change": {
                "operator": "INS",
                "src_type": "If",
                "dst_type": "null",
                "src": "if ((agentRemovedResponse !\u003d null) \u0026\u0026 (agentRemovedResponse.getConnectionDrainTimeMs().isPresent())) {\n    java.lang.Thread.sleep(agentRemovedResponse.getConnectionDrainTimeMs().get());\n}",
                "dst": "null",
                "src_parent_type": "Block",
                "dst_parent_type": "null",
                "src_parent": "{\n    com.hubspot.baragon.models.AgentRemovedResponse agentRemovedResponse \u003d retryer.call(callable);\n    if ((agentRemovedResponse !\u003d null) \u0026\u0026 (agentRemovedResponse.getConnectionDrainTimeMs().isPresent())) {\n        java.lang.Thread.sleep(agentRemovedResponse.getConnectionDrainTimeMs().get());\n    }\n}",
                "dst_parent": "null"
              },
              "line": 159,
              "file": "/home/khesoem/projects/lighter/exp/BaragonAgentService/src/main/java/com/hubspot/baragon/agent/managed/LifecycleHelper.java",
              "stats": {
                "number_of_src_entities": 39,
                "number_of_dst_entities": -1,
                "src_entity_types": "[\u003cnulltype\u003e, java.lang.Thread, com.hubspot.baragon.models.AgentRemovedResponse]",
                "dst_entity_types": "[]"
              }
            },
            {
              "pattern_action": "MOV",
              "pattern_entity": {
                "entity_type": "Statement",
                "entity_new value": "*",
                "entity_role": "*",
                "entity_parent": "null"
              },
              "concrete_change": {
                "operator": "MOV",
                "src_type": "Block",
                "dst_type": "Block",
                "src": "{\n    com.hubspot.baragon.agent.managed.LifecycleHelper.LOG.error(\"Could not notify service of startup\", e);\n}",
                "dst": "{\n    java.lang.Thread.sleep(agentRemovedResponse.getConnectionDrainTimeMs().get());\n}",
                "src_parent_type": "If",
                "dst_parent_type": "If",
                "src_parent": "if ((action.equals(\"startup\")) \u0026\u0026 (!(configuration.isExitOnStartupError()))) {\n    com.hubspot.baragon.agent.managed.LifecycleHelper.LOG.error(\"Could not notify service of startup\", e);\n} else {\n    throw com.google.common.base.Throwables.propagate(e);\n}",
                "dst_parent": "if ((agentRemovedResponse !\u003d null) \u0026\u0026 (agentRemovedResponse.getConnectionDrainTimeMs().isPresent())) {\n    java.lang.Thread.sleep(agentRemovedResponse.getConnectionDrainTimeMs().get());\n}"
              },
              "line": 130,
              "file": "/home/khesoem/projects/lighter/exp/BaragonAgentService/src/main/java/com/hubspot/baragon/agent/managed/LifecycleHelper.java",
              "stats": {
                "number_of_src_entities": 26,
                "number_of_dst_entities": 20,
                "src_entity_types": "[java.lang.Exception, java.lang.String, org.slf4j.Logger, com.hubspot.baragon.agent.managed.LifecycleHelper]",
                "dst_entity_types": "[java.lang.Thread, com.hubspot.baragon.models.AgentRemovedResponse]"
              }
            }
          ]
        },
        {
          "tool-name": "Elixir",
          "pattern-name": "Elixir:update_invocation_deep",
          "Unified_Diff_of-files:": "Starts Below...",
          "CHANGE_old:": "      notifyServiceWithRetry(\"shutdown\");",
          "CHANGE_new:": "      notifyShutdown();",
          "INSERT:": "      LOG.error(\"Interrupted while waiting for connection drain, shutting down early\");",
          "DELETE:": "import org.slf4j.LoggerFactory;",
          "instance_detail": [
            {
              "pattern_action": "ANY",
              "pattern_entity": {
                "entity_type": "*",
                "entity_new value": "*",
                "entity_role": "*",
                "entity_parent": {
                  "entity_type": "AbstractInvocation",
                  "entity_new value": "*",
                  "entity_role": "*",
                  "entity_parent": "null"
                }
              },
              "concrete_change": {
                "operator": "INS",
                "src_type": "Literal",
                "dst_type": "null",
                "src": "\"startup\"",
                "dst": "null",
                "src_parent_type": "Invocation",
                "dst_parent_type": "null",
                "src_parent": "java.lang.String.format(com.hubspot.baragon.agent.managed.LifecycleHelper.SERVICE_CHECKIN_URL_FORMAT, baseUris.iterator().next(), configuration.getLoadBalancerConfiguration().getName(), \"startup\")",
                "dst_parent": "null"
              },
              "line": 120,
              "file": "/home/khesoem/projects/lighter/exp/BaragonAgentService/src/main/java/com/hubspot/baragon/agent/managed/LifecycleHelper.java",
              "stats": {
                "number_of_src_entities": 3,
                "number_of_dst_entities": -1,
                "src_entity_types": "[java.lang.String]",
                "dst_entity_types": "[]"
              }
            }
          ]
        }
      ]
    }
  ],
  "complete_analysis": true
}