{
  "instances": [
    {
      "revision": "1fefce5d2f911b06305a926d03514b49194da508",
      "repairability": [
        {
          "tool-name": "Elixir",
          "pattern-name": "Elixir:update_type_ref",
          "Unified_Diff_of-files:": "Starts Below...",
          "INSERT:": "  @POST",
          "instance_detail": [
            {
              "pattern_action": "UPD",
              "pattern_entity": {
                "entity_type": "TypeReference",
                "entity_new value": "*",
                "entity_role": "*",
                "entity_parent": "null"
              },
              "concrete_change": {
                "operator": "UPD",
                "src_type": "TypeReference",
                "dst_type": "TypeReference",
                "src": "java.util.Map\u003cjava.lang.String, com.hubspot.baragon.models.BasicServiceContext\u003e",
                "dst": "com.hubspot.baragon.agent.managers.AgentRequestManager",
                "src_parent_type": "Field",
                "dst_parent_type": "Field",
                "src_parent": "private final java.util.Map\u003cjava.lang.String, com.hubspot.baragon.models.BasicServiceContext\u003e internalStateCache;",
                "dst_parent": "private final com.hubspot.baragon.agent.managers.AgentRequestManager agentRequestManager;"
              },
              "line": 33,
              "file": "/home/khesoem/projects/lighter/exp/BaragonAgentService/src/main/java/com/hubspot/baragon/agent/resources/RenderedConfigResource.java",
              "stats": {
                "number_of_src_entities": 6,
                "number_of_dst_entities": 2,
                "src_entity_types": "[com.hubspot.baragon.models.BasicServiceContext, java.lang.String, java.util.Map\u003cjava.lang.String, com.hubspot.baragon.models.BasicServiceContext\u003e]",
                "dst_entity_types": "[com.hubspot.baragon.agent.managers.AgentRequestManager]"
              }
            }
          ]
        },
        {
          "tool-name": "Elixir",
          "pattern-name": "Elixir:update_type_ref",
          "Unified_Diff_of-files:": "Starts Below...",
          "INSERT:": "  @POST",
          "instance_detail": [
            {
              "pattern_action": "UPD",
              "pattern_entity": {
                "entity_type": "TypeReference",
                "entity_new value": "*",
                "entity_role": "*",
                "entity_parent": "null"
              },
              "concrete_change": {
                "operator": "UPD",
                "src_type": "TypeReference",
                "dst_type": "TypeReference",
                "src": "java.util.Collection\u003ccom.hubspot.baragon.models.BaragonConfigFile\u003e",
                "dst": "javax.ws.rs.core.Response",
                "src_parent_type": "Method",
                "dst_parent_type": "Method",
                "src_parent": "@javax.ws.rs.GET\n@javax.ws.rs.Path(\"/{serviceId}\")\npublic java.util.Collection\u003ccom.hubspot.baragon.models.BaragonConfigFile\u003e getServiceId(@javax.ws.rs.PathParam(\"serviceId\")\njava.lang.String serviceId) {\n    com.hubspot.baragon.agent.resources.RenderedConfigResource.LOG.info(\"Received request to view the renderedConfig of serviceId\u003d{}\", serviceId);\n    if (internalStateCache.containsKey(serviceId)) {\n        return filesystemConfigHelper.readConfigs(internalStateCache.get(serviceId).getService());\n    } else {\n        com.google.common.base.Optional\u003ccom.hubspot.baragon.models.BaragonService\u003e maybeService \u003d baragonStateDatastore.getService(serviceId);\n        if (maybeService.isPresent()) {\n            return filesystemConfigHelper.readConfigs(maybeService.get());\n        }\n    }\n    return java.util.Collections.EMPTY_LIST;\n}",
                "dst_parent": "@javax.ws.rs.GET\n@javax.ws.rs.Path(\"/{serviceId}\")\npublic javax.ws.rs.core.Response getServiceId(@javax.ws.rs.PathParam(\"serviceId\")\njava.lang.String serviceId) {\n    com.hubspot.baragon.agent.resources.RenderedConfigResource.LOG.info(\"Received request to view the renderedConfig of serviceId\u003d{}\", serviceId);\n    return agentRequestManager.getRenderedConfigs(serviceId);\n}"
              },
              "line": 50,
              "file": "/home/khesoem/projects/lighter/exp/BaragonAgentService/src/main/java/com/hubspot/baragon/agent/resources/RenderedConfigResource.java",
              "stats": {
                "number_of_src_entities": 4,
                "number_of_dst_entities": 2,
                "src_entity_types": "[java.util.Collection\u003ccom.hubspot.baragon.models.BaragonConfigFile\u003e, com.hubspot.baragon.models.BaragonConfigFile]",
                "dst_entity_types": "[javax.ws.rs.core.Response]"
              }
            }
          ]
        },
        {
          "tool-name": "Elixir",
          "pattern-name": "Elixir:update_type_ref",
          "Unified_Diff_of-files:": "Starts Below...",
          "INSERT:": "  @POST",
          "instance_detail": [
            {
              "pattern_action": "UPD",
              "pattern_entity": {
                "entity_type": "TypeReference",
                "entity_new value": "*",
                "entity_role": "*",
                "entity_parent": "null"
              },
              "concrete_change": {
                "operator": "UPD",
                "src_type": "TypeReference",
                "dst_type": "TypeReference",
                "src": "com.hubspot.baragon.agent.lbs.FilesystemConfigHelper",
                "dst": "com.hubspot.baragon.agent.managers.AgentRequestManager",
                "src_parent_type": "ParameterReference",
                "dst_parent_type": "Parameter",
                "src_parent": "filesystemConfigHelper",
                "dst_parent": "com.hubspot.baragon.agent.managers.AgentRequestManager agentRequestManager"
              },
              "line": 39,
              "file": "/home/khesoem/projects/lighter/exp/BaragonAgentService/src/main/java/com/hubspot/baragon/agent/resources/RenderedConfigResource.java",
              "stats": {
                "number_of_src_entities": 2,
                "number_of_dst_entities": 2,
                "src_entity_types": "[com.hubspot.baragon.agent.lbs.FilesystemConfigHelper]",
                "dst_entity_types": "[com.hubspot.baragon.agent.managers.AgentRequestManager]"
              }
            }
          ]
        }
      ]
    }
  ],
  "complete_analysis": true
}