{
  "instances": [
    {
      "revision": "582938ed8df106ba647f39294e70e39c561fece3",
      "repairability": [
        {
          "tool-name": "Elixir",
          "pattern-name": "Elixir:update_type_ref",
          "Unified_Diff_of-files:": "Starts Below...",
          "INSERT:": "    bootstrap.addBundle(new BaragonAuthBundle());",
          "DELETE:": "import com.hubspot.dropwizard.guice.GuiceBundle;",
          "CHANGE_old:": "    bootstrap.addBundle(new ViewBundle());",
          "CHANGE_new:": "    bootstrap.addBundle(new ViewBundle\u0026lt;\u0026gt;());",
          "instance_detail": [
            {
              "pattern_action": "UPD",
              "pattern_entity": {
                "entity_type": "TypeReference",
                "entity_new value": "*",
                "entity_role": "*",
                "entity_parent": "null"
              },
              "concrete_change": {
                "operator": "UPD",
                "src_type": "TypeReference",
                "dst_type": "TypeReference",
                "src": "com.hubspot.dropwizard.guice.GuiceBundle\u003ccom.hubspot.baragon.service.config.BaragonConfiguration\u003e",
                "dst": "com.hubspot.dropwizard.guicier.GuiceBundle\u003ccom.hubspot.baragon.service.config.BaragonConfiguration\u003e",
                "src_parent_type": "LocalVariable",
                "dst_parent_type": "LocalVariable",
                "src_parent": "com.hubspot.dropwizard.guice.GuiceBundle\u003ccom.hubspot.baragon.service.config.BaragonConfiguration\u003e guiceBundle \u003d com.hubspot.dropwizard.guice.GuiceBundle.\u003ccom.hubspot.baragon.service.config.BaragonConfiguration\u003enewBuilder().addModule(new com.hubspot.baragon.service.BaragonServiceModule()).addModule(new com.palominolabs.metrics.guice.MetricsInstrumentationModule(bootstrap.getMetricRegistry())).enableAutoConfig(getClass().getPackage().getName(), com.hubspot.baragon.auth.BaragonAuthUpdater.class.getPackage().getName()).setConfigClass(com.hubspot.baragon.service.config.BaragonConfiguration.class).build(Stage.DEVELOPMENT)",
                "dst_parent": "com.hubspot.dropwizard.guicier.GuiceBundle\u003ccom.hubspot.baragon.service.config.BaragonConfiguration\u003e guiceBundle \u003d com.hubspot.dropwizard.guicier.GuiceBundle.defaultBuilder(com.hubspot.baragon.service.config.BaragonConfiguration.class).modules(new com.hubspot.baragon.service.BaragonServiceModule()).modules(new com.palominolabs.metrics.guice.MetricsInstrumentationModule(bootstrap.getMetricRegistry())).modules(new com.hubspot.baragon.service.resources.BaragonResourcesModule()).build()"
              },
              "line": 33,
              "file": "/home/khesoem/projects/lighter/exp/BaragonService/src/main/java/com/hubspot/baragon/service/BaragonService.java",
              "stats": {
                "number_of_src_entities": 4,
                "number_of_dst_entities": 4,
                "src_entity_types": "[com.hubspot.baragon.service.config.BaragonConfiguration, com.hubspot.dropwizard.guice.GuiceBundle\u003ccom.hubspot.baragon.service.config.BaragonConfiguration\u003e]",
                "dst_entity_types": "[com.hubspot.baragon.service.config.BaragonConfiguration, com.hubspot.dropwizard.guicier.GuiceBundle\u003ccom.hubspot.baragon.service.config.BaragonConfiguration\u003e]"
              }
            }
          ]
        },
        {
          "tool-name": "Elixir",
          "pattern-name": "Elixir:update_invocation",
          "Unified_Diff_of-files:": "Starts Below...",
          "INSERT:": "    bootstrap.addBundle(new BaragonAuthBundle());",
          "DELETE:": "import com.hubspot.dropwizard.guice.GuiceBundle;",
          "CHANGE_old:": "    bootstrap.addBundle(new ViewBundle());",
          "CHANGE_new:": "    bootstrap.addBundle(new ViewBundle\u0026lt;\u0026gt;());",
          "instance_detail": [
            {
              "pattern_action": "UPD",
              "pattern_entity": {
                "entity_type": "AbstractInvocation",
                "entity_new value": "*",
                "entity_role": "*",
                "entity_parent": "null"
              },
              "concrete_change": {
                "operator": "UPD",
                "src_type": "Invocation",
                "dst_type": "Invocation",
                "src": "com.hubspot.dropwizard.guice.GuiceBundle.\u003ccom.hubspot.baragon.service.config.BaragonConfiguration\u003enewBuilder().addModule(new com.hubspot.baragon.service.BaragonServiceModule()).addModule(new com.palominolabs.metrics.guice.MetricsInstrumentationModule(bootstrap.getMetricRegistry()))",
                "dst": "com.hubspot.dropwizard.guicier.GuiceBundle.defaultBuilder(com.hubspot.baragon.service.config.BaragonConfiguration.class).modules(new com.hubspot.baragon.service.BaragonServiceModule()).modules(new com.palominolabs.metrics.guice.MetricsInstrumentationModule(bootstrap.getMetricRegistry()))",
                "src_parent_type": "Invocation",
                "dst_parent_type": "Invocation",
                "src_parent": "com.hubspot.dropwizard.guice.GuiceBundle.\u003ccom.hubspot.baragon.service.config.BaragonConfiguration\u003enewBuilder().addModule(new com.hubspot.baragon.service.BaragonServiceModule()).addModule(new com.palominolabs.metrics.guice.MetricsInstrumentationModule(bootstrap.getMetricRegistry())).enableAutoConfig(getClass().getPackage().getName(), com.hubspot.baragon.auth.BaragonAuthUpdater.class.getPackage().getName())",
                "dst_parent": "com.hubspot.dropwizard.guicier.GuiceBundle.defaultBuilder(com.hubspot.baragon.service.config.BaragonConfiguration.class).modules(new com.hubspot.baragon.service.BaragonServiceModule()).modules(new com.palominolabs.metrics.guice.MetricsInstrumentationModule(bootstrap.getMetricRegistry())).modules(new com.hubspot.baragon.service.resources.BaragonResourcesModule())"
              },
              "line": 33,
              "file": "/home/khesoem/projects/lighter/exp/BaragonService/src/main/java/com/hubspot/baragon/service/BaragonService.java",
              "stats": {
                "number_of_src_entities": 41,
                "number_of_dst_entities": 52,
                "src_entity_types": "[com.hubspot.baragon.service.config.BaragonConfiguration, com.hubspot.baragon.service.BaragonServiceModule, java.lang.Object, io.dropwizard.setup.Bootstrap\u003ccom.hubspot.baragon.service.config.BaragonConfiguration\u003e, com.hubspot.dropwizard.guice.GuiceBundle]",
                "dst_entity_types": "[com.hubspot.baragon.service.config.BaragonConfiguration, com.hubspot.baragon.service.BaragonServiceModule, java.lang.Object, io.dropwizard.setup.Bootstrap\u003ccom.hubspot.baragon.service.config.BaragonConfiguration\u003e, com.hubspot.dropwizard.guicier.GuiceBundle]"
              }
            }
          ]
        },
        {
          "tool-name": "Elixir",
          "pattern-name": "Elixir:update_invocation",
          "Unified_Diff_of-files:": "Starts Below...",
          "INSERT:": "    bootstrap.addBundle(new BaragonAuthBundle());",
          "DELETE:": "import com.hubspot.dropwizard.guice.GuiceBundle;",
          "CHANGE_old:": "    bootstrap.addBundle(new ViewBundle());",
          "CHANGE_new:": "    bootstrap.addBundle(new ViewBundle\u0026lt;\u0026gt;());",
          "instance_detail": [
            {
              "pattern_action": "UPD",
              "pattern_entity": {
                "entity_type": "AbstractInvocation",
                "entity_new value": "*",
                "entity_role": "*",
                "entity_parent": "null"
              },
              "concrete_change": {
                "operator": "UPD",
                "src_type": "Invocation",
                "dst_type": "Invocation",
                "src": "com.hubspot.dropwizard.guice.GuiceBundle.\u003ccom.hubspot.baragon.service.config.BaragonConfiguration\u003enewBuilder().addModule(new com.hubspot.baragon.service.BaragonServiceModule())",
                "dst": "com.hubspot.dropwizard.guicier.GuiceBundle.defaultBuilder(com.hubspot.baragon.service.config.BaragonConfiguration.class).modules(new com.hubspot.baragon.service.BaragonServiceModule())",
                "src_parent_type": "Invocation",
                "dst_parent_type": "Invocation",
                "src_parent": "com.hubspot.dropwizard.guice.GuiceBundle.\u003ccom.hubspot.baragon.service.config.BaragonConfiguration\u003enewBuilder().addModule(new com.hubspot.baragon.service.BaragonServiceModule()).addModule(new com.palominolabs.metrics.guice.MetricsInstrumentationModule(bootstrap.getMetricRegistry()))",
                "dst_parent": "com.hubspot.dropwizard.guicier.GuiceBundle.defaultBuilder(com.hubspot.baragon.service.config.BaragonConfiguration.class).modules(new com.hubspot.baragon.service.BaragonServiceModule()).modules(new com.palominolabs.metrics.guice.MetricsInstrumentationModule(bootstrap.getMetricRegistry()))"
              },
              "line": 33,
              "file": "/home/khesoem/projects/lighter/exp/BaragonService/src/main/java/com/hubspot/baragon/service/BaragonService.java",
              "stats": {
                "number_of_src_entities": 19,
                "number_of_dst_entities": 30,
                "src_entity_types": "[com.hubspot.baragon.service.config.BaragonConfiguration, com.hubspot.baragon.service.BaragonServiceModule, com.hubspot.dropwizard.guice.GuiceBundle]",
                "dst_entity_types": "[com.hubspot.baragon.service.config.BaragonConfiguration, com.hubspot.baragon.service.BaragonServiceModule, com.hubspot.dropwizard.guicier.GuiceBundle]"
              }
            }
          ]
        },
        {
          "tool-name": "Elixir",
          "pattern-name": "Elixir:update_invocation_deep",
          "Unified_Diff_of-files:": "Starts Below...",
          "INSERT:": "    bootstrap.addBundle(new BaragonAuthBundle());",
          "DELETE:": "import com.hubspot.dropwizard.guice.GuiceBundle;",
          "CHANGE_old:": "    bootstrap.addBundle(new ViewBundle());",
          "CHANGE_new:": "    bootstrap.addBundle(new ViewBundle\u0026lt;\u0026gt;());",
          "instance_detail": [
            {
              "pattern_action": "ANY",
              "pattern_entity": {
                "entity_type": "*",
                "entity_new value": "*",
                "entity_role": "*",
                "entity_parent": {
                  "entity_type": "AbstractInvocation",
                  "entity_new value": "*",
                  "entity_role": "*",
                  "entity_parent": "null"
                }
              },
              "concrete_change": {
                "operator": "DEL",
                "src_type": "TypeAccess",
                "dst_type": "null",
                "src": "Stage.DEVELOPMENT",
                "dst": "null",
                "src_parent_type": "Invocation",
                "dst_parent_type": "null",
                "src_parent": "com.hubspot.dropwizard.guice.GuiceBundle.\u003ccom.hubspot.baragon.service.config.BaragonConfiguration\u003enewBuilder().addModule(new com.hubspot.baragon.service.BaragonServiceModule()).addModule(new com.palominolabs.metrics.guice.MetricsInstrumentationModule(bootstrap.getMetricRegistry())).enableAutoConfig(getClass().getPackage().getName(), com.hubspot.baragon.auth.BaragonAuthUpdater.class.getPackage().getName()).setConfigClass(com.hubspot.baragon.service.config.BaragonConfiguration.class).build(Stage.DEVELOPMENT)",
                "dst_parent": "null"
              },
              "line": 38,
              "file": "/home/khesoem/projects/lighter/exp/BaragonService/src/main/java/com/hubspot/baragon/service/BaragonService.java",
              "stats": {
                "number_of_src_entities": 3,
                "number_of_dst_entities": -1,
                "src_entity_types": "[Stage.DEVELOPMENT]",
                "dst_entity_types": "[]"
              }
            }
          ]
        }
      ]
    }
  ],
  "complete_analysis": true
}