{
  "instances": [
    {
      "revision": "75b80ad0da13048d6fabe7864d7e242f50323338",
      "repairability": [
        {
          "tool-name": "Elixir",
          "pattern-name": "Elixir:update_type_ref",
          "Unified_Diff_of-files:": "Starts Below...",
          "INSERT:": "import java.util.Set;",
          "CHANGE_old:": "",
          "CHANGE_new:": "  private List\u0026lt;String\u0026gt; matchingUpstreamHostPorts(Collection\u0026lt;UpstreamInfo\u0026gt; currentUpstreams, UpstreamInfo toAdd) {",
          "DELETE:": "      }",
          "instance_detail": [
            {
              "pattern_action": "UPD",
              "pattern_entity": {
                "entity_type": "TypeReference",
                "entity_new value": "*",
                "entity_role": "*",
                "entity_parent": "null"
              },
              "concrete_change": {
                "operator": "UPD",
                "src_type": "TypeReference",
                "dst_type": "TypeReference",
                "src": "java.util.List\u003cjava.lang.String\u003e",
                "dst": "java.util.Set\u003cjava.lang.String\u003e",
                "src_parent_type": "LocalVariable",
                "dst_parent_type": "LocalVariable",
                "src_parent": "java.util.List\u003cjava.lang.String\u003e pathsToDelete \u003d new java.util.ArrayList\u003c\u003e()",
                "dst_parent": "java.util.Set\u003cjava.lang.String\u003e pathsToDelete \u003d new java.util.HashSet\u003c\u003e()"
              },
              "line": 125,
              "file": "/home/khesoem/projects/lighter/exp/BaragonData/src/main/java/com/hubspot/baragon/data/BaragonStateDatastore.java",
              "stats": {
                "number_of_src_entities": 4,
                "number_of_dst_entities": 4,
                "src_entity_types": "[java.lang.String, java.util.List\u003cjava.lang.String\u003e]",
                "dst_entity_types": "[java.util.Set\u003cjava.lang.String\u003e, java.lang.String]"
              }
            }
          ]
        }
      ]
    }
  ],
  "complete_analysis": true
}