{
  "instances": [
    {
      "revision": "70fdf01d2679c5e424c9adf9d861d0bf782253d3",
      "repairability": [
        {
          "tool-name": "JKali",
          "pattern-name": "JKali:del",
          "Unified_Diff_of-files:": "Starts Below...",
          "INSERT:": "",
          "CHANGE_old:": "    public CxxCompilerSensorImpl(Configuration settings) {",
          "CHANGE_new:": "    public CxxCompilerGccSensorImpl(Configuration settings) {",
          "instance_detail": [
            {
              "pattern_action": "DEL",
              "pattern_entity": {
                "entity_type": "*",
                "entity_new value": "*",
                "entity_role": "Statement",
                "entity_parent": "null"
              },
              "concrete_change": {
                "operator": "DEL",
                "src_type": "Return",
                "dst_type": "null",
                "src": "return language.getPluginProperty(org.sonar.cxx.sensors.coverage.CxxCoverageSensor.REPORT_PATH_KEY)",
                "dst": "null",
                "src_parent_type": "Block",
                "dst_parent_type": "null",
                "src_parent": "{\n    return language.getPluginProperty(org.sonar.cxx.sensors.coverage.CxxCoverageSensor.REPORT_PATH_KEY);\n}",
                "dst_parent": "null"
              },
              "line": 86,
              "file": "/home/khesoem/projects/lighter/exp/cxx-sensors/src/main/java/org/sonar/cxx/sensors/coverage/CxxCoverageSensor.java"
            }
          ]
        },
        {
          "tool-name": "JKali",
          "pattern-name": "JKali:del",
          "Unified_Diff_of-files:": "Starts Below...",
          "INSERT:": "",
          "CHANGE_old:": "    public CxxCompilerSensorImpl(Configuration settings) {",
          "CHANGE_new:": "    public CxxCompilerGccSensorImpl(Configuration settings) {",
          "instance_detail": [
            {
              "pattern_action": "DEL",
              "pattern_entity": {
                "entity_type": "*",
                "entity_new value": "*",
                "entity_role": "Statement",
                "entity_parent": "null"
              },
              "concrete_change": {
                "operator": "DEL",
                "src_type": "Return",
                "dst_type": "null",
                "src": "return org.sonar.cxx.sensors.coverage.CxxCoverageSensor.KEY",
                "dst": "null",
                "src_parent_type": "Block",
                "dst_parent_type": "null",
                "src_parent": "{\n    return org.sonar.cxx.sensors.coverage.CxxCoverageSensor.KEY;\n}",
                "dst_parent": "null"
              },
              "line": 236,
              "file": "/home/khesoem/projects/lighter/exp/cxx-sensors/src/main/java/org/sonar/cxx/sensors/coverage/CxxCoverageSensor.java"
            }
          ]
        },
        {
          "tool-name": "JKali",
          "pattern-name": "JKali:del",
          "Unified_Diff_of-files:": "Starts Below...",
          "INSERT:": "",
          "CHANGE_old:": "    public CxxCompilerSensorImpl(Configuration settings) {",
          "CHANGE_new:": "    public CxxCompilerGccSensorImpl(Configuration settings) {",
          "instance_detail": [
            {
              "pattern_action": "DEL",
              "pattern_entity": {
                "entity_type": "*",
                "entity_new value": "*",
                "entity_role": "Statement",
                "entity_parent": "null"
              },
              "concrete_change": {
                "operator": "DEL",
                "src_type": "Return",
                "dst_type": "null",
                "src": "return java.util.Optional.empty()",
                "dst": "null",
                "src_parent_type": "Block",
                "dst_parent_type": "null",
                "src_parent": "{\n    return java.util.Optional.empty();\n}",
                "dst_parent": "null"
              },
              "line": 241,
              "file": "/home/khesoem/projects/lighter/exp/cxx-sensors/src/main/java/org/sonar/cxx/sensors/coverage/CxxCoverageSensor.java"
            }
          ]
        }
      ]
    },
    {
      "revision": "70fdf01d2679c5e424c9adf9d861d0bf782253d3",
      "repairability": [
        {
          "tool-name": "JKali",
          "pattern-name": "JKali:del",
          "Unified_Diff_of-files:": "Starts Below...",
          "INSERT:": "",
          "CHANGE_old:": "    public CxxCompilerSensorImpl(Configuration settings) {",
          "CHANGE_new:": "    public CxxCompilerGccSensorImpl(Configuration settings) {",
          "instance_detail": [
            {
              "pattern_action": "DEL",
              "pattern_entity": {
                "entity_type": "*",
                "entity_new value": "*",
                "entity_role": "Statement",
                "entity_parent": "null"
              },
              "concrete_change": {
                "operator": "DEL",
                "src_type": "Return",
                "dst_type": "null",
                "src": "return this.language.getPluginProperty(org.sonar.cxx.sensors.valgrind.CxxValgrindSensor.REPORT_PATH_KEY)",
                "dst": "null",
                "src_parent_type": "Block",
                "dst_parent_type": "null",
                "src_parent": "{\n    return this.language.getPluginProperty(org.sonar.cxx.sensors.valgrind.CxxValgrindSensor.REPORT_PATH_KEY);\n}",
                "dst_parent": "null"
              },
              "line": 63,
              "file": "/home/khesoem/projects/lighter/exp/cxx-sensors/src/main/java/org/sonar/cxx/sensors/valgrind/CxxValgrindSensor.java"
            }
          ]
        },
        {
          "tool-name": "JKali",
          "pattern-name": "JKali:del",
          "Unified_Diff_of-files:": "Starts Below...",
          "INSERT:": "",
          "CHANGE_old:": "    public CxxCompilerSensorImpl(Configuration settings) {",
          "CHANGE_new:": "    public CxxCompilerGccSensorImpl(Configuration settings) {",
          "instance_detail": [
            {
              "pattern_action": "DEL",
              "pattern_entity": {
                "entity_type": "*",
                "entity_new value": "*",
                "entity_role": "Statement",
                "entity_parent": "null"
              },
              "concrete_change": {
                "operator": "DEL",
                "src_type": "Return",
                "dst_type": "null",
                "src": "return java.util.Optional.of(CxxMetricsFactory.Key.VALGRIND_SENSOR_KEY)",
                "dst": "null",
                "src_parent_type": "Block",
                "dst_parent_type": "null",
                "src_parent": "{\n    return java.util.Optional.of(CxxMetricsFactory.Key.VALGRIND_SENSOR_KEY);\n}",
                "dst_parent": "null"
              },
              "line": 129,
              "file": "/home/khesoem/projects/lighter/exp/cxx-sensors/src/main/java/org/sonar/cxx/sensors/valgrind/CxxValgrindSensor.java"
            }
          ]
        }
      ]
    },
    {
      "revision": "70fdf01d2679c5e424c9adf9d861d0bf782253d3",
      "repairability": [
        {
          "tool-name": "JKali",
          "pattern-name": "JKali:del",
          "Unified_Diff_of-files:": "Starts Below...",
          "INSERT:": "",
          "CHANGE_old:": "    public CxxCompilerSensorImpl(Configuration settings) {",
          "CHANGE_new:": "    public CxxCompilerGccSensorImpl(Configuration settings) {",
          "instance_detail": [
            {
              "pattern_action": "DEL",
              "pattern_entity": {
                "entity_type": "*",
                "entity_new value": "*",
                "entity_role": "Statement",
                "entity_parent": "null"
              },
              "concrete_change": {
                "operator": "DEL",
                "src_type": "Return",
                "dst_type": "null",
                "src": "return this.language.getPluginProperty(org.sonar.cxx.sensors.cppcheck.CxxCppCheckSensor.REPORT_PATH_KEY)",
                "dst": "null",
                "src_parent_type": "Block",
                "dst_parent_type": "null",
                "src_parent": "{\n    return this.language.getPluginProperty(org.sonar.cxx.sensors.cppcheck.CxxCppCheckSensor.REPORT_PATH_KEY);\n}",
                "dst_parent": "null"
              },
              "line": 72,
              "file": "/home/khesoem/projects/lighter/exp/cxx-sensors/src/main/java/org/sonar/cxx/sensors/cppcheck/CxxCppCheckSensor.java"
            }
          ]
        },
        {
          "tool-name": "JKali",
          "pattern-name": "JKali:del",
          "Unified_Diff_of-files:": "Starts Below...",
          "INSERT:": "",
          "CHANGE_old:": "    public CxxCompilerSensorImpl(Configuration settings) {",
          "CHANGE_new:": "    public CxxCompilerGccSensorImpl(Configuration settings) {",
          "instance_detail": [
            {
              "pattern_action": "DEL",
              "pattern_entity": {
                "entity_type": "*",
                "entity_new value": "*",
                "entity_role": "Statement",
                "entity_parent": "null"
              },
              "concrete_change": {
                "operator": "DEL",
                "src_type": "Return",
                "dst_type": "null",
                "src": "return java.util.Optional.of(CxxMetricsFactory.Key.CPPCHECK_SENSOR_ISSUES_KEY)",
                "dst": "null",
                "src_parent_type": "Block",
                "dst_parent_type": "null",
                "src_parent": "{\n    return java.util.Optional.of(CxxMetricsFactory.Key.CPPCHECK_SENSOR_ISSUES_KEY);\n}",
                "dst_parent": "null"
              },
              "line": 103,
              "file": "/home/khesoem/projects/lighter/exp/cxx-sensors/src/main/java/org/sonar/cxx/sensors/cppcheck/CxxCppCheckSensor.java"
            }
          ]
        }
      ]
    },
    {
      "revision": "70fdf01d2679c5e424c9adf9d861d0bf782253d3",
      "repairability": [
        {
          "tool-name": "JKali",
          "pattern-name": "JKali:add_rtrn",
          "Unified_Diff_of-files:": "Starts Below...",
          "INSERT:": "",
          "CHANGE_old:": "    public CxxCompilerSensorImpl(Configuration settings) {",
          "CHANGE_new:": "    public CxxCompilerGccSensorImpl(Configuration settings) {",
          "instance_detail": [
            {
              "pattern_action": "INS",
              "pattern_entity": {
                "entity_type": "Return",
                "entity_new value": "*",
                "entity_role": "Statement",
                "entity_parent": "null"
              },
              "concrete_change": {
                "operator": "INS",
                "src_type": "Return",
                "dst_type": "null",
                "src": "return key + (lang.getRepositorySuffix())",
                "dst": "null",
                "src_parent_type": "Block",
                "dst_parent_type": "null",
                "src_parent": "{\n    return key + (lang.getRepositorySuffix());\n}",
                "dst_parent": "null"
              },
              "line": 74,
              "file": "/home/khesoem/projects/lighter/exp/cxx-sensors/src/main/java/org/sonar/cxx/sensors/utils/CxxAbstractRuleRepository.java"
            }
          ]
        }
      ]
    },
    {
      "revision": "70fdf01d2679c5e424c9adf9d861d0bf782253d3",
      "repairability": [
        {
          "tool-name": "JKali",
          "pattern-name": "JKali:add_rtrn",
          "Unified_Diff_of-files:": "Starts Below...",
          "INSERT:": "",
          "CHANGE_old:": "    public CxxCompilerSensorImpl(Configuration settings) {",
          "CHANGE_new:": "    public CxxCompilerGccSensorImpl(Configuration settings) {",
          "instance_detail": [
            {
              "pattern_action": "INS",
              "pattern_entity": {
                "entity_type": "Return",
                "entity_new value": "*",
                "entity_role": "Statement",
                "entity_parent": "null"
              },
              "concrete_change": {
                "operator": "INS",
                "src_type": "Return",
                "dst_type": "null",
                "src": "return org.sonar.cxx.sensors.utils.CxxAbstractRuleRepository.getRepositoryKey(org.sonar.cxx.sensors.compiler.CxxCompilerVcRuleRepository.KEY, lang)",
                "dst": "null",
                "src_parent_type": "Block",
                "dst_parent_type": "null",
                "src_parent": "{\n    return org.sonar.cxx.sensors.utils.CxxAbstractRuleRepository.getRepositoryKey(org.sonar.cxx.sensors.compiler.CxxCompilerVcRuleRepository.KEY, lang);\n}",
                "dst_parent": "null"
              },
              "line": 45,
              "file": "/home/khesoem/projects/lighter/exp/cxx-sensors/src/main/java/org/sonar/cxx/sensors/compiler/CxxCompilerVcRuleRepository.java"
            }
          ]
        }
      ]
    },
    {
      "revision": "70fdf01d2679c5e424c9adf9d861d0bf782253d3",
      "repairability": [
        {
          "tool-name": "JKali",
          "pattern-name": "JKali:del",
          "Unified_Diff_of-files:": "Starts Below...",
          "INSERT:": "",
          "CHANGE_old:": "    public CxxCompilerSensorImpl(Configuration settings) {",
          "CHANGE_new:": "    public CxxCompilerGccSensorImpl(Configuration settings) {",
          "instance_detail": [
            {
              "pattern_action": "DEL",
              "pattern_entity": {
                "entity_type": "*",
                "entity_new value": "*",
                "entity_role": "Statement",
                "entity_parent": "null"
              },
              "concrete_change": {
                "operator": "DEL",
                "src_type": "Return",
                "dst_type": "null",
                "src": "return this.language.getPluginProperty(org.sonar.cxx.sensors.other.CxxOtherSensor.REPORT_PATH_KEY)",
                "dst": "null",
                "src_parent_type": "Block",
                "dst_parent_type": "null",
                "src_parent": "{\n    return this.language.getPluginProperty(org.sonar.cxx.sensors.other.CxxOtherSensor.REPORT_PATH_KEY);\n}",
                "dst_parent": "null"
              },
              "line": 83,
              "file": "/home/khesoem/projects/lighter/exp/cxx-sensors/src/main/java/org/sonar/cxx/sensors/other/CxxOtherSensor.java"
            }
          ]
        },
        {
          "tool-name": "JKali",
          "pattern-name": "JKali:del",
          "Unified_Diff_of-files:": "Starts Below...",
          "INSERT:": "",
          "CHANGE_old:": "    public CxxCompilerSensorImpl(Configuration settings) {",
          "CHANGE_new:": "    public CxxCompilerGccSensorImpl(Configuration settings) {",
          "instance_detail": [
            {
              "pattern_action": "DEL",
              "pattern_entity": {
                "entity_type": "*",
                "entity_new value": "*",
                "entity_role": "Statement",
                "entity_parent": "null"
              },
              "concrete_change": {
                "operator": "DEL",
                "src_type": "Return",
                "dst_type": "null",
                "src": "return java.util.Optional.of(CxxMetricsFactory.Key.OTHER_SENSOR_ISSUES_KEY)",
                "dst": "null",
                "src_parent_type": "Block",
                "dst_parent_type": "null",
                "src_parent": "{\n    return java.util.Optional.of(CxxMetricsFactory.Key.OTHER_SENSOR_ISSUES_KEY);\n}",
                "dst_parent": "null"
              },
              "line": 125,
              "file": "/home/khesoem/projects/lighter/exp/cxx-sensors/src/main/java/org/sonar/cxx/sensors/other/CxxOtherSensor.java"
            }
          ]
        }
      ]
    },
    {
      "revision": "70fdf01d2679c5e424c9adf9d861d0bf782253d3",
      "repairability": [
        {
          "tool-name": "JKali",
          "pattern-name": "JKali:del",
          "Unified_Diff_of-files:": "Starts Below...",
          "INSERT:": "",
          "CHANGE_old:": "    public CxxCompilerSensorImpl(Configuration settings) {",
          "CHANGE_new:": "    public CxxCompilerGccSensorImpl(Configuration settings) {",
          "instance_detail": [
            {
              "pattern_action": "DEL",
              "pattern_entity": {
                "entity_type": "*",
                "entity_new value": "*",
                "entity_role": "Statement",
                "entity_parent": "null"
              },
              "concrete_change": {
                "operator": "DEL",
                "src_type": "Return",
                "dst_type": "null",
                "src": "return CxxCompilerGccRuleRepository.KEY",
                "dst": "null",
                "src_parent_type": "Block",
                "dst_parent_type": "null",
                "src_parent": "{\n    return CxxCompilerGccRuleRepository.KEY;\n}",
                "dst_parent": "null"
              },
              "line": 58,
              "file": "/home/khesoem/projects/lighter/exp/cxx-sensors/src/main/java/org/sonar/cxx/sensors/compiler/CxxCompilerGccParser.java"
            }
          ]
        }
      ]
    },
    {
      "revision": "70fdf01d2679c5e424c9adf9d861d0bf782253d3",
      "repairability": [
        {
          "tool-name": "JKali",
          "pattern-name": "JKali:del",
          "Unified_Diff_of-files:": "Starts Below...",
          "INSERT:": "",
          "CHANGE_old:": "    public CxxCompilerSensorImpl(Configuration settings) {",
          "CHANGE_new:": "    public CxxCompilerGccSensorImpl(Configuration settings) {",
          "instance_detail": [
            {
              "pattern_action": "DEL",
              "pattern_entity": {
                "entity_type": "*",
                "entity_new value": "*",
                "entity_role": "Statement",
                "entity_parent": "null"
              },
              "concrete_change": {
                "operator": "DEL",
                "src_type": "Return",
                "dst_type": "null",
                "src": "return this.language.getPluginProperty(org.sonar.cxx.sensors.drmemory.CxxDrMemorySensor.REPORT_PATH_KEY)",
                "dst": "null",
                "src_parent_type": "Block",
                "dst_parent_type": "null",
                "src_parent": "{\n    return this.language.getPluginProperty(org.sonar.cxx.sensors.drmemory.CxxDrMemorySensor.REPORT_PATH_KEY);\n}",
                "dst_parent": "null"
              },
              "line": 72,
              "file": "/home/khesoem/projects/lighter/exp/cxx-sensors/src/main/java/org/sonar/cxx/sensors/drmemory/CxxDrMemorySensor.java"
            }
          ]
        },
        {
          "tool-name": "JKali",
          "pattern-name": "JKali:del",
          "Unified_Diff_of-files:": "Starts Below...",
          "INSERT:": "",
          "CHANGE_old:": "    public CxxCompilerSensorImpl(Configuration settings) {",
          "CHANGE_new:": "    public CxxCompilerGccSensorImpl(Configuration settings) {",
          "instance_detail": [
            {
              "pattern_action": "DEL",
              "pattern_entity": {
                "entity_type": "*",
                "entity_new value": "*",
                "entity_role": "Statement",
                "entity_parent": "null"
              },
              "concrete_change": {
                "operator": "DEL",
                "src_type": "Return",
                "dst_type": "null",
                "src": "return org.sonar.cxx.sensors.drmemory.CxxDrMemorySensor.DEFAULT_CHARSET_DEF",
                "dst": "null",
                "src_parent_type": "Block",
                "dst_parent_type": "null",
                "src_parent": "{\n    return org.sonar.cxx.sensors.drmemory.CxxDrMemorySensor.DEFAULT_CHARSET_DEF;\n}",
                "dst_parent": "null"
              },
              "line": 79,
              "file": "/home/khesoem/projects/lighter/exp/cxx-sensors/src/main/java/org/sonar/cxx/sensors/drmemory/CxxDrMemorySensor.java"
            }
          ]
        },
        {
          "tool-name": "JKali",
          "pattern-name": "JKali:del",
          "Unified_Diff_of-files:": "Starts Below...",
          "INSERT:": "",
          "CHANGE_old:": "    public CxxCompilerSensorImpl(Configuration settings) {",
          "CHANGE_new:": "    public CxxCompilerGccSensorImpl(Configuration settings) {",
          "instance_detail": [
            {
              "pattern_action": "DEL",
              "pattern_entity": {
                "entity_type": "*",
                "entity_new value": "*",
                "entity_role": "Statement",
                "entity_parent": "null"
              },
              "concrete_change": {
                "operator": "DEL",
                "src_type": "Return",
                "dst_type": "null",
                "src": "return java.util.Optional.of(CxxMetricsFactory.Key.DRMEMORY_SENSOR_ISSUES_KEY)",
                "dst": "null",
                "src_parent_type": "Block",
                "dst_parent_type": "null",
                "src_parent": "{\n    return java.util.Optional.of(CxxMetricsFactory.Key.DRMEMORY_SENSOR_ISSUES_KEY);\n}",
                "dst_parent": "null"
              },
              "line": 140,
              "file": "/home/khesoem/projects/lighter/exp/cxx-sensors/src/main/java/org/sonar/cxx/sensors/drmemory/CxxDrMemorySensor.java"
            }
          ]
        }
      ]
    },
    {
      "revision": "70fdf01d2679c5e424c9adf9d861d0bf782253d3",
      "repairability": [
        {
          "tool-name": "JKali",
          "pattern-name": "JKali:add_rtrn",
          "Unified_Diff_of-files:": "Starts Below...",
          "INSERT:": "",
          "CHANGE_old:": "    public CxxCompilerSensorImpl(Configuration settings) {",
          "CHANGE_new:": "    public CxxCompilerGccSensorImpl(Configuration settings) {",
          "instance_detail": [
            {
              "pattern_action": "INS",
              "pattern_entity": {
                "entity_type": "Return",
                "entity_new value": "*",
                "entity_role": "Statement",
                "entity_parent": "null"
              },
              "concrete_change": {
                "operator": "INS",
                "src_type": "Return",
                "dst_type": "null",
                "src": "return org.sonar.cxx.sensors.utils.CxxAbstractRuleRepository.getRepositoryKey(org.sonar.cxx.sensors.pclint.CxxPCLintRuleRepository.KEY, lang)",
                "dst": "null",
                "src_parent_type": "Block",
                "dst_parent_type": "null",
                "src_parent": "{\n    return org.sonar.cxx.sensors.utils.CxxAbstractRuleRepository.getRepositoryKey(org.sonar.cxx.sensors.pclint.CxxPCLintRuleRepository.KEY, lang);\n}",
                "dst_parent": "null"
              },
              "line": 44,
              "file": "/home/khesoem/projects/lighter/exp/cxx-sensors/src/main/java/org/sonar/cxx/sensors/pclint/CxxPCLintRuleRepository.java"
            }
          ]
        }
      ]
    },
    {
      "revision": "70fdf01d2679c5e424c9adf9d861d0bf782253d3",
      "repairability": [
        {
          "tool-name": "JKali",
          "pattern-name": "JKali:del",
          "Unified_Diff_of-files:": "Starts Below...",
          "INSERT:": "",
          "CHANGE_old:": "    public CxxCompilerSensorImpl(Configuration settings) {",
          "CHANGE_new:": "    public CxxCompilerGccSensorImpl(Configuration settings) {",
          "instance_detail": [
            {
              "pattern_action": "DEL",
              "pattern_entity": {
                "entity_type": "*",
                "entity_new value": "*",
                "entity_role": "Statement",
                "entity_parent": "null"
              },
              "concrete_change": {
                "operator": "DEL",
                "src_type": "Return",
                "dst_type": "null",
                "src": "return this.language.getPluginProperty(org.sonar.cxx.sensors.rats.CxxRatsSensor.REPORT_PATH_KEY)",
                "dst": "null",
                "src_parent_type": "Block",
                "dst_parent_type": "null",
                "src_parent": "{\n    return this.language.getPluginProperty(org.sonar.cxx.sensors.rats.CxxRatsSensor.REPORT_PATH_KEY);\n}",
                "dst_parent": "null"
              },
              "line": 69,
              "file": "/home/khesoem/projects/lighter/exp/cxx-sensors/src/main/java/org/sonar/cxx/sensors/rats/CxxRatsSensor.java"
            }
          ]
        },
        {
          "tool-name": "JKali",
          "pattern-name": "JKali:del",
          "Unified_Diff_of-files:": "Starts Below...",
          "INSERT:": "",
          "CHANGE_old:": "    public CxxCompilerSensorImpl(Configuration settings) {",
          "CHANGE_new:": "    public CxxCompilerGccSensorImpl(Configuration settings) {",
          "instance_detail": [
            {
              "pattern_action": "DEL",
              "pattern_entity": {
                "entity_type": "*",
                "entity_new value": "*",
                "entity_role": "Statement",
                "entity_parent": "null"
              },
              "concrete_change": {
                "operator": "DEL",
                "src_type": "Return",
                "dst_type": "null",
                "src": "return java.util.Optional.of(CxxMetricsFactory.Key.RATS_SENSOR_ISSUES_KEY)",
                "dst": "null",
                "src_parent_type": "Block",
                "dst_parent_type": "null",
                "src_parent": "{\n    return java.util.Optional.of(CxxMetricsFactory.Key.RATS_SENSOR_ISSUES_KEY);\n}",
                "dst_parent": "null"
              },
              "line": 122,
              "file": "/home/khesoem/projects/lighter/exp/cxx-sensors/src/main/java/org/sonar/cxx/sensors/rats/CxxRatsSensor.java"
            }
          ]
        }
      ]
    },
    {
      "revision": "70fdf01d2679c5e424c9adf9d861d0bf782253d3",
      "repairability": [
        {
          "tool-name": "JKali",
          "pattern-name": "JKali:add_rtrn",
          "Unified_Diff_of-files:": "Starts Below...",
          "INSERT:": "",
          "CHANGE_old:": "    public CxxCompilerSensorImpl(Configuration settings) {",
          "CHANGE_new:": "    public CxxCompilerGccSensorImpl(Configuration settings) {",
          "instance_detail": [
            {
              "pattern_action": "INS",
              "pattern_entity": {
                "entity_type": "Return",
                "entity_new value": "*",
                "entity_role": "Statement",
                "entity_parent": "null"
              },
              "concrete_change": {
                "operator": "INS",
                "src_type": "Return",
                "dst_type": "null",
                "src": "return org.sonar.cxx.sensors.utils.CxxAbstractRuleRepository.getRepositoryKey(org.sonar.cxx.sensors.clangsa.CxxClangSARuleRepository.KEY, lang)",
                "dst": "null",
                "src_parent_type": "Block",
                "dst_parent_type": "null",
                "src_parent": "{\n    return org.sonar.cxx.sensors.utils.CxxAbstractRuleRepository.getRepositoryKey(org.sonar.cxx.sensors.clangsa.CxxClangSARuleRepository.KEY, lang);\n}",
                "dst_parent": "null"
              },
              "line": 45,
              "file": "/home/khesoem/projects/lighter/exp/cxx-sensors/src/main/java/org/sonar/cxx/sensors/clangsa/CxxClangSARuleRepository.java"
            }
          ]
        }
      ]
    },
    {
      "revision": "70fdf01d2679c5e424c9adf9d861d0bf782253d3",
      "repairability": [
        {
          "tool-name": "JKali",
          "pattern-name": "JKali:del",
          "Unified_Diff_of-files:": "Starts Below...",
          "INSERT:": "",
          "CHANGE_old:": "    public CxxCompilerSensorImpl(Configuration settings) {",
          "CHANGE_new:": "    public CxxCompilerGccSensorImpl(Configuration settings) {",
          "instance_detail": [
            {
              "pattern_action": "DEL",
              "pattern_entity": {
                "entity_type": "*",
                "entity_new value": "*",
                "entity_role": "Statement",
                "entity_parent": "null"
              },
              "concrete_change": {
                "operator": "DEL",
                "src_type": "Return",
                "dst_type": "null",
                "src": "return this.language.getPluginProperty(org.sonar.cxx.sensors.clangtidy.CxxClangTidySensor.REPORT_PATH_KEY)",
                "dst": "null",
                "src_parent_type": "Block",
                "dst_parent_type": "null",
                "src_parent": "{\n    return this.language.getPluginProperty(org.sonar.cxx.sensors.clangtidy.CxxClangTidySensor.REPORT_PATH_KEY);\n}",
                "dst_parent": "null"
              },
              "line": 68,
              "file": "/home/khesoem/projects/lighter/exp/cxx-sensors/src/main/java/org/sonar/cxx/sensors/clangtidy/CxxClangTidySensor.java"
            }
          ]
        },
        {
          "tool-name": "JKali",
          "pattern-name": "JKali:del",
          "Unified_Diff_of-files:": "Starts Below...",
          "INSERT:": "",
          "CHANGE_old:": "    public CxxCompilerSensorImpl(Configuration settings) {",
          "CHANGE_new:": "    public CxxCompilerGccSensorImpl(Configuration settings) {",
          "instance_detail": [
            {
              "pattern_action": "DEL",
              "pattern_entity": {
                "entity_type": "*",
                "entity_new value": "*",
                "entity_role": "Statement",
                "entity_parent": "null"
              },
              "concrete_change": {
                "operator": "DEL",
                "src_type": "Return",
                "dst_type": "null",
                "src": "return java.util.Optional.of(CxxMetricsFactory.Key.CLANG_TIDY_SENSOR_ISSUES_KEY)",
                "dst": "null",
                "src_parent_type": "Block",
                "dst_parent_type": "null",
                "src_parent": "{\n    return java.util.Optional.of(CxxMetricsFactory.Key.CLANG_TIDY_SENSOR_ISSUES_KEY);\n}",
                "dst_parent": "null"
              },
              "line": 116,
              "file": "/home/khesoem/projects/lighter/exp/cxx-sensors/src/main/java/org/sonar/cxx/sensors/clangtidy/CxxClangTidySensor.java"
            }
          ]
        }
      ]
    },
    {
      "revision": "70fdf01d2679c5e424c9adf9d861d0bf782253d3",
      "repairability": [
        {
          "tool-name": "JKali",
          "pattern-name": "JKali:del",
          "Unified_Diff_of-files:": "Starts Below...",
          "INSERT:": "",
          "CHANGE_old:": "    public CxxCompilerSensorImpl(Configuration settings) {",
          "CHANGE_new:": "    public CxxCompilerGccSensorImpl(Configuration settings) {",
          "instance_detail": [
            {
              "pattern_action": "DEL",
              "pattern_entity": {
                "entity_type": "*",
                "entity_new value": "*",
                "entity_role": "Statement",
                "entity_parent": "null"
              },
              "concrete_change": {
                "operator": "DEL",
                "src_type": "Return",
                "dst_type": "null",
                "src": "return this.language.getPluginProperty(org.sonar.cxx.sensors.veraxx.CxxVeraxxSensor.REPORT_PATH_KEY)",
                "dst": "null",
                "src_parent_type": "Block",
                "dst_parent_type": "null",
                "src_parent": "{\n    return this.language.getPluginProperty(org.sonar.cxx.sensors.veraxx.CxxVeraxxSensor.REPORT_PATH_KEY);\n}",
                "dst_parent": "null"
              },
              "line": 68,
              "file": "/home/khesoem/projects/lighter/exp/cxx-sensors/src/main/java/org/sonar/cxx/sensors/veraxx/CxxVeraxxSensor.java"
            }
          ]
        },
        {
          "tool-name": "JKali",
          "pattern-name": "JKali:del",
          "Unified_Diff_of-files:": "Starts Below...",
          "INSERT:": "",
          "CHANGE_old:": "    public CxxCompilerSensorImpl(Configuration settings) {",
          "CHANGE_new:": "    public CxxCompilerGccSensorImpl(Configuration settings) {",
          "instance_detail": [
            {
              "pattern_action": "DEL",
              "pattern_entity": {
                "entity_type": "*",
                "entity_new value": "*",
                "entity_role": "Statement",
                "entity_parent": "null"
              },
              "concrete_change": {
                "operator": "DEL",
                "src_type": "Return",
                "dst_type": "null",
                "src": "return java.util.Optional.of(CxxMetricsFactory.Key.VERAXX_SENSOR_KEY)",
                "dst": "null",
                "src_parent_type": "Block",
                "dst_parent_type": "null",
                "src_parent": "{\n    return java.util.Optional.of(CxxMetricsFactory.Key.VERAXX_SENSOR_KEY);\n}",
                "dst_parent": "null"
              },
              "line": 126,
              "file": "/home/khesoem/projects/lighter/exp/cxx-sensors/src/main/java/org/sonar/cxx/sensors/veraxx/CxxVeraxxSensor.java"
            }
          ]
        }
      ]
    },
    {
      "revision": "70fdf01d2679c5e424c9adf9d861d0bf782253d3",
      "repairability": [
        {
          "tool-name": "JKali",
          "pattern-name": "JKali:add_rtrn",
          "Unified_Diff_of-files:": "Starts Below...",
          "INSERT:": "",
          "CHANGE_old:": "    public CxxCompilerSensorImpl(Configuration settings) {",
          "CHANGE_new:": "    public CxxCompilerGccSensorImpl(Configuration settings) {",
          "instance_detail": [
            {
              "pattern_action": "INS",
              "pattern_entity": {
                "entity_type": "Return",
                "entity_new value": "*",
                "entity_role": "Statement",
                "entity_parent": "null"
              },
              "concrete_change": {
                "operator": "INS",
                "src_type": "Return",
                "dst_type": "null",
                "src": "return org.sonar.cxx.sensors.utils.CxxAbstractRuleRepository.getRepositoryKey(org.sonar.cxx.sensors.other.CxxOtherRepository.KEY, lang)",
                "dst": "null",
                "src_parent_type": "Block",
                "dst_parent_type": "null",
                "src_parent": "{\n    return org.sonar.cxx.sensors.utils.CxxAbstractRuleRepository.getRepositoryKey(org.sonar.cxx.sensors.other.CxxOtherRepository.KEY, lang);\n}",
                "dst_parent": "null"
              },
              "line": 53,
              "file": "/home/khesoem/projects/lighter/exp/cxx-sensors/src/main/java/org/sonar/cxx/sensors/other/CxxOtherRepository.java"
            }
          ]
        }
      ]
    },
    {
      "revision": "70fdf01d2679c5e424c9adf9d861d0bf782253d3",
      "repairability": [
        {
          "tool-name": "JKali",
          "pattern-name": "JKali:del",
          "Unified_Diff_of-files:": "Starts Below...",
          "INSERT:": "",
          "CHANGE_old:": "    public CxxCompilerSensorImpl(Configuration settings) {",
          "CHANGE_new:": "    public CxxCompilerGccSensorImpl(Configuration settings) {",
          "instance_detail": [
            {
              "pattern_action": "DEL",
              "pattern_entity": {
                "entity_type": "*",
                "entity_new value": "*",
                "entity_role": "Statement",
                "entity_parent": "null"
              },
              "concrete_change": {
                "operator": "DEL",
                "src_type": "Invocation",
                "dst_type": "null",
                "src": "super(language)",
                "dst": "null",
                "src_parent_type": "Block",
                "dst_parent_type": "null",
                "src_parent": "{\n    super(language);\n    addCompilerParser(new org.sonar.cxx.sensors.compiler.CxxCompilerVcParser());\n    addCompilerParser(new org.sonar.cxx.sensors.compiler.CxxCompilerGccParser());\n}",
                "dst_parent": "null"
              },
              "line": 62,
              "file": "/home/khesoem/projects/lighter/exp/cxx-sensors/src/main/java/org/sonar/cxx/sensors/compiler/CxxCompilerSensor.java"
            }
          ]
        },
        {
          "tool-name": "JKali",
          "pattern-name": "JKali:del",
          "Unified_Diff_of-files:": "Starts Below...",
          "INSERT:": "",
          "CHANGE_old:": "    public CxxCompilerSensorImpl(Configuration settings) {",
          "CHANGE_new:": "    public CxxCompilerGccSensorImpl(Configuration settings) {",
          "instance_detail": [
            {
              "pattern_action": "DEL",
              "pattern_entity": {
                "entity_type": "*",
                "entity_new value": "*",
                "entity_role": "Statement",
                "entity_parent": "null"
              },
              "concrete_change": {
                "operator": "DEL",
                "src_type": "Invocation",
                "dst_type": "null",
                "src": "addCompilerParser(new org.sonar.cxx.sensors.compiler.CxxCompilerVcParser())",
                "dst": "null",
                "src_parent_type": "Block",
                "dst_parent_type": "null",
                "src_parent": "{\n    super(language);\n    addCompilerParser(new org.sonar.cxx.sensors.compiler.CxxCompilerVcParser());\n    addCompilerParser(new org.sonar.cxx.sensors.compiler.CxxCompilerGccParser());\n}",
                "dst_parent": "null"
              },
              "line": 64,
              "file": "/home/khesoem/projects/lighter/exp/cxx-sensors/src/main/java/org/sonar/cxx/sensors/compiler/CxxCompilerSensor.java"
            }
          ]
        },
        {
          "tool-name": "JKali",
          "pattern-name": "JKali:del",
          "Unified_Diff_of-files:": "Starts Below...",
          "INSERT:": "",
          "CHANGE_old:": "    public CxxCompilerSensorImpl(Configuration settings) {",
          "CHANGE_new:": "    public CxxCompilerGccSensorImpl(Configuration settings) {",
          "instance_detail": [
            {
              "pattern_action": "DEL",
              "pattern_entity": {
                "entity_type": "*",
                "entity_new value": "*",
                "entity_role": "Statement",
                "entity_parent": "null"
              },
              "concrete_change": {
                "operator": "DEL",
                "src_type": "Invocation",
                "dst_type": "null",
                "src": "addCompilerParser(new org.sonar.cxx.sensors.compiler.CxxCompilerGccParser())",
                "dst": "null",
                "src_parent_type": "Block",
                "dst_parent_type": "null",
                "src_parent": "{\n    super(language);\n    addCompilerParser(new org.sonar.cxx.sensors.compiler.CxxCompilerVcParser());\n    addCompilerParser(new org.sonar.cxx.sensors.compiler.CxxCompilerGccParser());\n}",
                "dst_parent": "null"
              },
              "line": 65,
              "file": "/home/khesoem/projects/lighter/exp/cxx-sensors/src/main/java/org/sonar/cxx/sensors/compiler/CxxCompilerSensor.java"
            }
          ]
        },
        {
          "tool-name": "JKali",
          "pattern-name": "JKali:del",
          "Unified_Diff_of-files:": "Starts Below...",
          "INSERT:": "",
          "CHANGE_old:": "    public CxxCompilerSensorImpl(Configuration settings) {",
          "CHANGE_new:": "    public CxxCompilerGccSensorImpl(Configuration settings) {",
          "instance_detail": [
            {
              "pattern_action": "DEL",
              "pattern_entity": {
                "entity_type": "*",
                "entity_new value": "*",
                "entity_role": "Statement",
                "entity_parent": "null"
              },
              "concrete_change": {
                "operator": "DEL",
                "src_type": "Invocation",
                "dst_type": "null",
                "src": "descriptor.name(((language.getName()) + \" CompilerSensor\")).onlyOnLanguage(this.language.getKey()).createIssuesForRuleRepositories(CxxCompilerGccRuleRepository.KEY, CxxCompilerVcRuleRepository.KEY).onlyWhenConfiguration(( conf) -\u003e conf.hasKey(getReportPathKey()))",
                "dst": "null",
                "src_parent_type": "Block",
                "dst_parent_type": "null",
                "src_parent": "{\n    descriptor.name(((language.getName()) + \" CompilerSensor\")).onlyOnLanguage(this.language.getKey()).createIssuesForRuleRepositories(CxxCompilerGccRuleRepository.KEY, CxxCompilerVcRuleRepository.KEY).onlyWhenConfiguration(( conf) -\u003e conf.hasKey(getReportPathKey()));\n}",
                "dst_parent": "null"
              },
              "line": 70,
              "file": "/home/khesoem/projects/lighter/exp/cxx-sensors/src/main/java/org/sonar/cxx/sensors/compiler/CxxCompilerSensor.java"
            }
          ]
        },
        {
          "tool-name": "JKali",
          "pattern-name": "JKali:del",
          "Unified_Diff_of-files:": "Starts Below...",
          "INSERT:": "",
          "CHANGE_old:": "    public CxxCompilerSensorImpl(Configuration settings) {",
          "CHANGE_new:": "    public CxxCompilerGccSensorImpl(Configuration settings) {",
          "instance_detail": [
            {
              "pattern_action": "DEL",
              "pattern_entity": {
                "entity_type": "*",
                "entity_new value": "*",
                "entity_role": "Statement",
                "entity_parent": "null"
              },
              "concrete_change": {
                "operator": "DEL",
                "src_type": "Return",
                "dst_type": "null",
                "src": "return language.getPluginProperty(org.sonar.cxx.sensors.compiler.CxxCompilerSensor.REPORT_PATH_KEY)",
                "dst": "null",
                "src_parent_type": "Block",
                "dst_parent_type": "null",
                "src_parent": "{\n    return language.getPluginProperty(org.sonar.cxx.sensors.compiler.CxxCompilerSensor.REPORT_PATH_KEY);\n}",
                "dst_parent": "null"
              },
              "line": 79,
              "file": "/home/khesoem/projects/lighter/exp/cxx-sensors/src/main/java/org/sonar/cxx/sensors/compiler/CxxCompilerSensor.java"
            }
          ]
        },
        {
          "tool-name": "JKali",
          "pattern-name": "JKali:del",
          "Unified_Diff_of-files:": "Starts Below...",
          "INSERT:": "",
          "CHANGE_old:": "    public CxxCompilerSensorImpl(Configuration settings) {",
          "CHANGE_new:": "    public CxxCompilerGccSensorImpl(Configuration settings) {",
          "instance_detail": [
            {
              "pattern_action": "DEL",
              "pattern_entity": {
                "entity_type": "*",
                "entity_new value": "*",
                "entity_role": "Statement",
                "entity_parent": "null"
              },
              "concrete_change": {
                "operator": "DEL",
                "src_type": "Invocation",
                "dst_type": "null",
                "src": "parsers.put(parser.key(), parser)",
                "dst": "null",
                "src_parent_type": "Block",
                "dst_parent_type": "null",
                "src_parent": "{\n    parsers.put(parser.key(), parser);\n}",
                "dst_parent": "null"
              },
              "line": 86,
              "file": "/home/khesoem/projects/lighter/exp/cxx-sensors/src/main/java/org/sonar/cxx/sensors/compiler/CxxCompilerSensor.java"
            }
          ]
        },
        {
          "tool-name": "JKali",
          "pattern-name": "JKali:del",
          "Unified_Diff_of-files:": "Starts Below...",
          "INSERT:": "",
          "CHANGE_old:": "    public CxxCompilerSensorImpl(Configuration settings) {",
          "CHANGE_new:": "    public CxxCompilerGccSensorImpl(Configuration settings) {",
          "instance_detail": [
            {
              "pattern_action": "DEL",
              "pattern_entity": {
                "entity_type": "*",
                "entity_new value": "*",
                "entity_role": "Statement",
                "entity_parent": "null"
              },
              "concrete_change": {
                "operator": "DEL",
                "src_type": "LocalVariable",
                "dst_type": "null",
                "src": "java.util.Optional\u003cjava.lang.String\u003e parserValue \u003d context.config().get(this.language.getPluginProperty(org.sonar.cxx.sensors.compiler.CxxCompilerSensor.PARSER_KEY_DEF))",
                "dst": "null",
                "src_parent_type": "Block",
                "dst_parent_type": "null",
                "src_parent": "{\n    java.util.Optional\u003cjava.lang.String\u003e parserValue \u003d context.config().get(this.language.getPluginProperty(org.sonar.cxx.sensors.compiler.CxxCompilerSensor.PARSER_KEY_DEF));\n    java.lang.String parserDefault \u003d this.language.getPluginProperty(this.language.getPluginProperty(org.sonar.cxx.sensors.compiler.CxxCompilerSensor.DEFAULT_PARSER_DEF));\n    org.sonar.cxx.sensors.compiler.CompilerParser parser \u003d parsers.get(parserDefault);\n    if (parserValue.isPresent()) {\n        parser \u003d parsers.get(parserValue.get());\n    }\n    org.sonar.cxx.sensors.compiler.CxxCompilerSensor.LOG.info(\"C-Compiler parser: \u0027{}\u0027\", parserValue);\n    return parser;\n}",
                "dst_parent": "null"
              },
              "line": 95,
              "file": "/home/khesoem/projects/lighter/exp/cxx-sensors/src/main/java/org/sonar/cxx/sensors/compiler/CxxCompilerSensor.java"
            }
          ]
        },
        {
          "tool-name": "JKali",
          "pattern-name": "JKali:del",
          "Unified_Diff_of-files:": "Starts Below...",
          "INSERT:": "",
          "CHANGE_old:": "    public CxxCompilerSensorImpl(Configuration settings) {",
          "CHANGE_new:": "    public CxxCompilerGccSensorImpl(Configuration settings) {",
          "instance_detail": [
            {
              "pattern_action": "DEL",
              "pattern_entity": {
                "entity_type": "*",
                "entity_new value": "*",
                "entity_role": "Statement",
                "entity_parent": "null"
              },
              "concrete_change": {
                "operator": "DEL",
                "src_type": "LocalVariable",
                "dst_type": "null",
                "src": "java.lang.String parserDefault \u003d this.language.getPluginProperty(this.language.getPluginProperty(org.sonar.cxx.sensors.compiler.CxxCompilerSensor.DEFAULT_PARSER_DEF))",
                "dst": "null",
                "src_parent_type": "Block",
                "dst_parent_type": "null",
                "src_parent": "{\n    java.util.Optional\u003cjava.lang.String\u003e parserValue \u003d context.config().get(this.language.getPluginProperty(org.sonar.cxx.sensors.compiler.CxxCompilerSensor.PARSER_KEY_DEF));\n    java.lang.String parserDefault \u003d this.language.getPluginProperty(this.language.getPluginProperty(org.sonar.cxx.sensors.compiler.CxxCompilerSensor.DEFAULT_PARSER_DEF));\n    org.sonar.cxx.sensors.compiler.CompilerParser parser \u003d parsers.get(parserDefault);\n    if (parserValue.isPresent()) {\n        parser \u003d parsers.get(parserValue.get());\n    }\n    org.sonar.cxx.sensors.compiler.CxxCompilerSensor.LOG.info(\"C-Compiler parser: \u0027{}\u0027\", parserValue);\n    return parser;\n}",
                "dst_parent": "null"
              },
              "line": 96,
              "file": "/home/khesoem/projects/lighter/exp/cxx-sensors/src/main/java/org/sonar/cxx/sensors/compiler/CxxCompilerSensor.java"
            }
          ]
        },
        {
          "tool-name": "JKali",
          "pattern-name": "JKali:del",
          "Unified_Diff_of-files:": "Starts Below...",
          "INSERT:": "",
          "CHANGE_old:": "    public CxxCompilerSensorImpl(Configuration settings) {",
          "CHANGE_new:": "    public CxxCompilerGccSensorImpl(Configuration settings) {",
          "instance_detail": [
            {
              "pattern_action": "DEL",
              "pattern_entity": {
                "entity_type": "*",
                "entity_new value": "*",
                "entity_role": "Statement",
                "entity_parent": "null"
              },
              "concrete_change": {
                "operator": "DEL",
                "src_type": "LocalVariable",
                "dst_type": "null",
                "src": "org.sonar.cxx.sensors.compiler.CompilerParser parser \u003d parsers.get(parserDefault)",
                "dst": "null",
                "src_parent_type": "Block",
                "dst_parent_type": "null",
                "src_parent": "{\n    java.util.Optional\u003cjava.lang.String\u003e parserValue \u003d context.config().get(this.language.getPluginProperty(org.sonar.cxx.sensors.compiler.CxxCompilerSensor.PARSER_KEY_DEF));\n    java.lang.String parserDefault \u003d this.language.getPluginProperty(this.language.getPluginProperty(org.sonar.cxx.sensors.compiler.CxxCompilerSensor.DEFAULT_PARSER_DEF));\n    org.sonar.cxx.sensors.compiler.CompilerParser parser \u003d parsers.get(parserDefault);\n    if (parserValue.isPresent()) {\n        parser \u003d parsers.get(parserValue.get());\n    }\n    org.sonar.cxx.sensors.compiler.CxxCompilerSensor.LOG.info(\"C-Compiler parser: \u0027{}\u0027\", parserValue);\n    return parser;\n}",
                "dst_parent": "null"
              },
              "line": 97,
              "file": "/home/khesoem/projects/lighter/exp/cxx-sensors/src/main/java/org/sonar/cxx/sensors/compiler/CxxCompilerSensor.java"
            }
          ]
        },
        {
          "tool-name": "JKali",
          "pattern-name": "JKali:del",
          "Unified_Diff_of-files:": "Starts Below...",
          "INSERT:": "",
          "CHANGE_old:": "    public CxxCompilerSensorImpl(Configuration settings) {",
          "CHANGE_new:": "    public CxxCompilerGccSensorImpl(Configuration settings) {",
          "instance_detail": [
            {
              "pattern_action": "DEL",
              "pattern_entity": {
                "entity_type": "*",
                "entity_new value": "*",
                "entity_role": "Statement",
                "entity_parent": "null"
              },
              "concrete_change": {
                "operator": "DEL",
                "src_type": "Assignment",
                "dst_type": "null",
                "src": "parser \u003d parsers.get(parserValue.get())",
                "dst": "null",
                "src_parent_type": "Block",
                "dst_parent_type": "null",
                "src_parent": "{\n    parser \u003d parsers.get(parserValue.get());\n}",
                "dst_parent": "null"
              },
              "line": 99,
              "file": "/home/khesoem/projects/lighter/exp/cxx-sensors/src/main/java/org/sonar/cxx/sensors/compiler/CxxCompilerSensor.java"
            }
          ]
        },
        {
          "tool-name": "JKali",
          "pattern-name": "JKali:del",
          "Unified_Diff_of-files:": "Starts Below...",
          "INSERT:": "",
          "CHANGE_old:": "    public CxxCompilerSensorImpl(Configuration settings) {",
          "CHANGE_new:": "    public CxxCompilerGccSensorImpl(Configuration settings) {",
          "instance_detail": [
            {
              "pattern_action": "DEL",
              "pattern_entity": {
                "entity_type": "*",
                "entity_new value": "*",
                "entity_role": "Statement",
                "entity_parent": "null"
              },
              "concrete_change": {
                "operator": "DEL",
                "src_type": "If",
                "dst_type": "null",
                "src": "if (parserValue.isPresent()) {\n    parser \u003d parsers.get(parserValue.get());\n}",
                "dst": "null",
                "src_parent_type": "Block",
                "dst_parent_type": "null",
                "src_parent": "{\n    java.util.Optional\u003cjava.lang.String\u003e parserValue \u003d context.config().get(this.language.getPluginProperty(org.sonar.cxx.sensors.compiler.CxxCompilerSensor.PARSER_KEY_DEF));\n    java.lang.String parserDefault \u003d this.language.getPluginProperty(this.language.getPluginProperty(org.sonar.cxx.sensors.compiler.CxxCompilerSensor.DEFAULT_PARSER_DEF));\n    org.sonar.cxx.sensors.compiler.CompilerParser parser \u003d parsers.get(parserDefault);\n    if (parserValue.isPresent()) {\n        parser \u003d parsers.get(parserValue.get());\n    }\n    org.sonar.cxx.sensors.compiler.CxxCompilerSensor.LOG.info(\"C-Compiler parser: \u0027{}\u0027\", parserValue);\n    return parser;\n}",
                "dst_parent": "null"
              },
              "line": 98,
              "file": "/home/khesoem/projects/lighter/exp/cxx-sensors/src/main/java/org/sonar/cxx/sensors/compiler/CxxCompilerSensor.java"
            }
          ]
        },
        {
          "tool-name": "JKali",
          "pattern-name": "JKali:del",
          "Unified_Diff_of-files:": "Starts Below...",
          "INSERT:": "",
          "CHANGE_old:": "    public CxxCompilerSensorImpl(Configuration settings) {",
          "CHANGE_new:": "    public CxxCompilerGccSensorImpl(Configuration settings) {",
          "instance_detail": [
            {
              "pattern_action": "DEL",
              "pattern_entity": {
                "entity_type": "*",
                "entity_new value": "*",
                "entity_role": "Statement",
                "entity_parent": "null"
              },
              "concrete_change": {
                "operator": "DEL",
                "src_type": "Invocation",
                "dst_type": "null",
                "src": "org.sonar.cxx.sensors.compiler.CxxCompilerSensor.LOG.info(\"C-Compiler parser: \u0027{}\u0027\", parserValue)",
                "dst": "null",
                "src_parent_type": "Block",
                "dst_parent_type": "null",
                "src_parent": "{\n    java.util.Optional\u003cjava.lang.String\u003e parserValue \u003d context.config().get(this.language.getPluginProperty(org.sonar.cxx.sensors.compiler.CxxCompilerSensor.PARSER_KEY_DEF));\n    java.lang.String parserDefault \u003d this.language.getPluginProperty(this.language.getPluginProperty(org.sonar.cxx.sensors.compiler.CxxCompilerSensor.DEFAULT_PARSER_DEF));\n    org.sonar.cxx.sensors.compiler.CompilerParser parser \u003d parsers.get(parserDefault);\n    if (parserValue.isPresent()) {\n        parser \u003d parsers.get(parserValue.get());\n    }\n    org.sonar.cxx.sensors.compiler.CxxCompilerSensor.LOG.info(\"C-Compiler parser: \u0027{}\u0027\", parserValue);\n    return parser;\n}",
                "dst_parent": "null"
              },
              "line": 101,
              "file": "/home/khesoem/projects/lighter/exp/cxx-sensors/src/main/java/org/sonar/cxx/sensors/compiler/CxxCompilerSensor.java"
            }
          ]
        },
        {
          "tool-name": "JKali",
          "pattern-name": "JKali:del",
          "Unified_Diff_of-files:": "Starts Below...",
          "INSERT:": "",
          "CHANGE_old:": "    public CxxCompilerSensorImpl(Configuration settings) {",
          "CHANGE_new:": "    public CxxCompilerGccSensorImpl(Configuration settings) {",
          "instance_detail": [
            {
              "pattern_action": "DEL",
              "pattern_entity": {
                "entity_type": "*",
                "entity_new value": "*",
                "entity_role": "Statement",
                "entity_parent": "null"
              },
              "concrete_change": {
                "operator": "DEL",
                "src_type": "Return",
                "dst_type": "null",
                "src": "return parser",
                "dst": "null",
                "src_parent_type": "Block",
                "dst_parent_type": "null",
                "src_parent": "{\n    java.util.Optional\u003cjava.lang.String\u003e parserValue \u003d context.config().get(this.language.getPluginProperty(org.sonar.cxx.sensors.compiler.CxxCompilerSensor.PARSER_KEY_DEF));\n    java.lang.String parserDefault \u003d this.language.getPluginProperty(this.language.getPluginProperty(org.sonar.cxx.sensors.compiler.CxxCompilerSensor.DEFAULT_PARSER_DEF));\n    org.sonar.cxx.sensors.compiler.CompilerParser parser \u003d parsers.get(parserDefault);\n    if (parserValue.isPresent()) {\n        parser \u003d parsers.get(parserValue.get());\n    }\n    org.sonar.cxx.sensors.compiler.CxxCompilerSensor.LOG.info(\"C-Compiler parser: \u0027{}\u0027\", parserValue);\n    return parser;\n}",
                "dst_parent": "null"
              },
              "line": 102,
              "file": "/home/khesoem/projects/lighter/exp/cxx-sensors/src/main/java/org/sonar/cxx/sensors/compiler/CxxCompilerSensor.java"
            }
          ]
        },
        {
          "tool-name": "JKali",
          "pattern-name": "JKali:del",
          "Unified_Diff_of-files:": "Starts Below...",
          "INSERT:": "",
          "CHANGE_old:": "    public CxxCompilerSensorImpl(Configuration settings) {",
          "CHANGE_new:": "    public CxxCompilerGccSensorImpl(Configuration settings) {",
          "instance_detail": [
            {
              "pattern_action": "DEL",
              "pattern_entity": {
                "entity_type": "*",
                "entity_new value": "*",
                "entity_role": "Statement",
                "entity_parent": "null"
              },
              "concrete_change": {
                "operator": "DEL",
                "src_type": "Wra",
                "dst_type": "null",
                "src": "final",
                "dst": "null",
                "src_parent_type": "LocalVariable",
                "dst_parent_type": "null",
                "src_parent": "final org.sonar.cxx.sensors.compiler.CompilerParser parser \u003d getCompilerParser(context)",
                "dst_parent": "null"
              }
            }
          ]
        },
        {
          "tool-name": "JKali",
          "pattern-name": "JKali:del",
          "Unified_Diff_of-files:": "Starts Below...",
          "INSERT:": "",
          "CHANGE_old:": "    public CxxCompilerSensorImpl(Configuration settings) {",
          "CHANGE_new:": "    public CxxCompilerGccSensorImpl(Configuration settings) {",
          "instance_detail": [
            {
              "pattern_action": "DEL",
              "pattern_entity": {
                "entity_type": "*",
                "entity_new value": "*",
                "entity_role": "Statement",
                "entity_parent": "null"
              },
              "concrete_change": {
                "operator": "DEL",
                "src_type": "VirtualEle",
                "dst_type": "null",
                "src": "VE: Modifiers_LocalVariable",
                "dst": "null",
                "src_parent_type": "LocalVariable",
                "dst_parent_type": "null",
                "src_parent": "final org.sonar.cxx.sensors.compiler.CompilerParser parser \u003d getCompilerParser(context)",
                "dst_parent": "null"
              }
            }
          ]
        },
        {
          "tool-name": "JKali",
          "pattern-name": "JKali:del",
          "Unified_Diff_of-files:": "Starts Below...",
          "INSERT:": "",
          "CHANGE_old:": "    public CxxCompilerSensorImpl(Configuration settings) {",
          "CHANGE_new:": "    public CxxCompilerGccSensorImpl(Configuration settings) {",
          "instance_detail": [
            {
              "pattern_action": "DEL",
              "pattern_entity": {
                "entity_type": "*",
                "entity_new value": "*",
                "entity_role": "Statement",
                "entity_parent": "null"
              },
              "concrete_change": {
                "operator": "DEL",
                "src_type": "LocalVariable",
                "dst_type": "null",
                "src": "final org.sonar.cxx.sensors.compiler.CompilerParser parser \u003d getCompilerParser(context)",
                "dst": "null",
                "src_parent_type": "Block",
                "dst_parent_type": "null",
                "src_parent": "{\n    final org.sonar.cxx.sensors.compiler.CompilerParser parser \u003d getCompilerParser(context);\n    final java.lang.String reportCharset \u003d getContextStringProperty(context, this.language.getPluginProperty(org.sonar.cxx.sensors.compiler.CxxCompilerSensor.REPORT_CHARSET_DEF), parser.defaultCharset());\n    final java.lang.String reportRegEx \u003d getContextStringProperty(context, this.language.getPluginProperty(org.sonar.cxx.sensors.compiler.CxxCompilerSensor.REPORT_REGEX_DEF), parser.defaultRegexp());\n    final java.util.List\u003corg.sonar.cxx.sensors.compiler.CompilerParser.Warning\u003e warnings \u003d new java.util.LinkedList\u003c\u003e();\n    org.sonar.cxx.sensors.compiler.CxxCompilerSensor.LOG.info(\"Scanner \u0027{}\u0027 initialized with report \u0027{}\u0027, CharSet\u003d \u0027{}\u0027\", parser.key(), report, reportCharset);\n    try {\n        parser.processReport(context, report, reportCharset, reportRegEx, warnings);\n        for (org.sonar.cxx.sensors.compiler.CompilerParser.Warning w : warnings) {\n            if (org.sonar.cxx.sensors.compiler.CxxCompilerSensor.isInputValid(w)) {\n                org.sonar.cxx.sensors.utils.CxxReportIssue issue \u003d new org.sonar.cxx.sensors.utils.CxxReportIssue(parser.rulesRepositoryKey(), w.id, w.filename, w.line, w.msg);\n                saveUniqueViolation(context, issue);\n            } else {\n                org.sonar.cxx.sensors.compiler.CxxCompilerSensor.LOG.warn(\"C-Compiler warning: \u0027{}\u0027\u0027{}\u0027\", w.id, w.msg);\n            }\n        }\n    } catch (java.io.FileNotFoundException | java.lang.IllegalArgumentException e) {\n        org.sonar.cxx.sensors.compiler.CxxCompilerSensor.LOG.error(\"processReport Exception: {} - not processed \u0027{}\u0027\", report, e);\n    }\n}",
                "dst_parent": "null"
              },
              "line": 108,
              "file": "/home/khesoem/projects/lighter/exp/cxx-sensors/src/main/java/org/sonar/cxx/sensors/compiler/CxxCompilerSensor.java",
              "stats": {
                "number_of_src_entities": 21,
                "number_of_dst_entities": -1,
                "src_entity_types": "[org.sonar.cxx.sensors.compiler.CxxCompilerSensor, org.sonar.api.batch.sensor.SensorContext, org.sonar.cxx.sensors.compiler.CompilerParser]",
                "dst_entity_types": "[]"
              }
            }
          ]
        },
        {
          "tool-name": "JKali",
          "pattern-name": "JKali:del",
          "Unified_Diff_of-files:": "Starts Below...",
          "INSERT:": "",
          "CHANGE_old:": "    public CxxCompilerSensorImpl(Configuration settings) {",
          "CHANGE_new:": "    public CxxCompilerGccSensorImpl(Configuration settings) {",
          "instance_detail": [
            {
              "pattern_action": "DEL",
              "pattern_entity": {
                "entity_type": "*",
                "entity_new value": "*",
                "entity_role": "Statement",
                "entity_parent": "null"
              },
              "concrete_change": {
                "operator": "DEL",
                "src_type": "Return",
                "dst_type": "null",
                "src": "return java.util.Optional.of(CxxMetricsFactory.Key.COMPILER_SENSOR_ISSUES_KEY)",
                "dst": "null",
                "src_parent_type": "Block",
                "dst_parent_type": "null",
                "src_parent": "{\n    return java.util.Optional.of(CxxMetricsFactory.Key.COMPILER_SENSOR_ISSUES_KEY);\n}",
                "dst_parent": "null"
              },
              "line": 143,
              "file": "/home/khesoem/projects/lighter/exp/cxx-sensors/src/main/java/org/sonar/cxx/sensors/compiler/CxxCompilerSensor.java"
            }
          ]
        }
      ]
    },
    {
      "revision": "70fdf01d2679c5e424c9adf9d861d0bf782253d3",
      "repairability": [
        {
          "tool-name": "JKali",
          "pattern-name": "JKali:del",
          "Unified_Diff_of-files:": "Starts Below...",
          "INSERT:": "",
          "CHANGE_old:": "    public CxxCompilerSensorImpl(Configuration settings) {",
          "CHANGE_new:": "    public CxxCompilerGccSensorImpl(Configuration settings) {",
          "instance_detail": [
            {
              "pattern_action": "DEL",
              "pattern_entity": {
                "entity_type": "*",
                "entity_new value": "*",
                "entity_role": "Statement",
                "entity_parent": "null"
              },
              "concrete_change": {
                "operator": "DEL",
                "src_type": "Return",
                "dst_type": "null",
                "src": "return this.language.getPluginProperty(org.sonar.cxx.sensors.pclint.CxxPCLintSensor.REPORT_PATH_KEY)",
                "dst": "null",
                "src_parent_type": "Block",
                "dst_parent_type": "null",
                "src_parent": "{\n    return this.language.getPluginProperty(org.sonar.cxx.sensors.pclint.CxxPCLintSensor.REPORT_PATH_KEY);\n}",
                "dst_parent": "null"
              },
              "line": 78,
              "file": "/home/khesoem/projects/lighter/exp/cxx-sensors/src/main/java/org/sonar/cxx/sensors/pclint/CxxPCLintSensor.java"
            }
          ]
        },
        {
          "tool-name": "JKali",
          "pattern-name": "JKali:del",
          "Unified_Diff_of-files:": "Starts Below...",
          "INSERT:": "",
          "CHANGE_old:": "    public CxxCompilerSensorImpl(Configuration settings) {",
          "CHANGE_new:": "    public CxxCompilerGccSensorImpl(Configuration settings) {",
          "instance_detail": [
            {
              "pattern_action": "DEL",
              "pattern_entity": {
                "entity_type": "*",
                "entity_new value": "*",
                "entity_role": "Statement",
                "entity_parent": "null"
              },
              "concrete_change": {
                "operator": "DEL",
                "src_type": "Return",
                "dst_type": "null",
                "src": "return java.util.Optional.of(CxxMetricsFactory.Key.PCLINT_SENSOR_ISSUES_KEY)",
                "dst": "null",
                "src_parent_type": "Block",
                "dst_parent_type": "null",
                "src_parent": "{\n    return java.util.Optional.of(CxxMetricsFactory.Key.PCLINT_SENSOR_ISSUES_KEY);\n}",
                "dst_parent": "null"
              },
              "line": 180,
              "file": "/home/khesoem/projects/lighter/exp/cxx-sensors/src/main/java/org/sonar/cxx/sensors/pclint/CxxPCLintSensor.java"
            }
          ]
        }
      ]
    },
    {
      "revision": "70fdf01d2679c5e424c9adf9d861d0bf782253d3",
      "repairability": [
        {
          "tool-name": "JKali",
          "pattern-name": "JKali:add_rtrn",
          "Unified_Diff_of-files:": "Starts Below...",
          "INSERT:": "",
          "CHANGE_old:": "    public CxxCompilerSensorImpl(Configuration settings) {",
          "CHANGE_new:": "    public CxxCompilerGccSensorImpl(Configuration settings) {",
          "instance_detail": [
            {
              "pattern_action": "INS",
              "pattern_entity": {
                "entity_type": "Return",
                "entity_new value": "*",
                "entity_role": "Statement",
                "entity_parent": "null"
              },
              "concrete_change": {
                "operator": "INS",
                "src_type": "Return",
                "dst_type": "null",
                "src": "return org.sonar.cxx.sensors.utils.CxxAbstractRuleRepository.getRepositoryKey(org.sonar.cxx.sensors.clangtidy.CxxClangTidyRuleRepository.KEY, lang)",
                "dst": "null",
                "src_parent_type": "Block",
                "dst_parent_type": "null",
                "src_parent": "{\n    return org.sonar.cxx.sensors.utils.CxxAbstractRuleRepository.getRepositoryKey(org.sonar.cxx.sensors.clangtidy.CxxClangTidyRuleRepository.KEY, lang);\n}",
                "dst_parent": "null"
              },
              "line": 45,
              "file": "/home/khesoem/projects/lighter/exp/cxx-sensors/src/main/java/org/sonar/cxx/sensors/clangtidy/CxxClangTidyRuleRepository.java"
            }
          ]
        }
      ]
    },
    {
      "revision": "70fdf01d2679c5e424c9adf9d861d0bf782253d3",
      "repairability": [
        {
          "tool-name": "JKali",
          "pattern-name": "JKali:del",
          "Unified_Diff_of-files:": "Starts Below...",
          "INSERT:": "",
          "CHANGE_old:": "    public CxxCompilerSensorImpl(Configuration settings) {",
          "CHANGE_new:": "    public CxxCompilerGccSensorImpl(Configuration settings) {",
          "instance_detail": [
            {
              "pattern_action": "DEL",
              "pattern_entity": {
                "entity_type": "*",
                "entity_new value": "*",
                "entity_role": "Statement",
                "entity_parent": "null"
              },
              "concrete_change": {
                "operator": "DEL",
                "src_type": "Return",
                "dst_type": "null",
                "src": "return CxxCompilerVcRuleRepository.KEY",
                "dst": "null",
                "src_parent_type": "Block",
                "dst_parent_type": "null",
                "src_parent": "{\n    return CxxCompilerVcRuleRepository.KEY;\n}",
                "dst_parent": "null"
              },
              "line": 60,
              "file": "/home/khesoem/projects/lighter/exp/cxx-sensors/src/main/java/org/sonar/cxx/sensors/compiler/CxxCompilerVcParser.java"
            }
          ]
        }
      ]
    },
    {
      "revision": "70fdf01d2679c5e424c9adf9d861d0bf782253d3",
      "repairability": [
        {
          "tool-name": "JKali",
          "pattern-name": "JKali:add_rtrn",
          "Unified_Diff_of-files:": "Starts Below...",
          "INSERT:": "",
          "CHANGE_old:": "    public CxxCompilerSensorImpl(Configuration settings) {",
          "CHANGE_new:": "    public CxxCompilerGccSensorImpl(Configuration settings) {",
          "instance_detail": [
            {
              "pattern_action": "INS",
              "pattern_entity": {
                "entity_type": "Return",
                "entity_new value": "*",
                "entity_role": "Statement",
                "entity_parent": "null"
              },
              "concrete_change": {
                "operator": "INS",
                "src_type": "Return",
                "dst_type": "null",
                "src": "return org.sonar.cxx.sensors.utils.CxxAbstractRuleRepository.getRepositoryKey(org.sonar.cxx.sensors.compiler.CxxCompilerGccRuleRepository.KEY, lang)",
                "dst": "null",
                "src_parent_type": "Block",
                "dst_parent_type": "null",
                "src_parent": "{\n    return org.sonar.cxx.sensors.utils.CxxAbstractRuleRepository.getRepositoryKey(org.sonar.cxx.sensors.compiler.CxxCompilerGccRuleRepository.KEY, lang);\n}",
                "dst_parent": "null"
              },
              "line": 44,
              "file": "/home/khesoem/projects/lighter/exp/cxx-sensors/src/main/java/org/sonar/cxx/sensors/compiler/CxxCompilerGccRuleRepository.java"
            }
          ]
        }
      ]
    },
    {
      "revision": "70fdf01d2679c5e424c9adf9d861d0bf782253d3",
      "repairability": [
        {
          "tool-name": "JKali",
          "pattern-name": "JKali:add_rtrn",
          "Unified_Diff_of-files:": "Starts Below...",
          "INSERT:": "",
          "CHANGE_old:": "    public CxxCompilerSensorImpl(Configuration settings) {",
          "CHANGE_new:": "    public CxxCompilerGccSensorImpl(Configuration settings) {",
          "instance_detail": [
            {
              "pattern_action": "INS",
              "pattern_entity": {
                "entity_type": "Return",
                "entity_new value": "*",
                "entity_role": "Statement",
                "entity_parent": "null"
              },
              "concrete_change": {
                "operator": "INS",
                "src_type": "Return",
                "dst_type": "null",
                "src": "return org.sonar.cxx.sensors.utils.CxxAbstractRuleRepository.getRepositoryKey(org.sonar.cxx.sensors.cppcheck.CxxCppCheckRuleRepository.KEY, lang)",
                "dst": "null",
                "src_parent_type": "Block",
                "dst_parent_type": "null",
                "src_parent": "{\n    return org.sonar.cxx.sensors.utils.CxxAbstractRuleRepository.getRepositoryKey(org.sonar.cxx.sensors.cppcheck.CxxCppCheckRuleRepository.KEY, lang);\n}",
                "dst_parent": "null"
              },
              "line": 44,
              "file": "/home/khesoem/projects/lighter/exp/cxx-sensors/src/main/java/org/sonar/cxx/sensors/cppcheck/CxxCppCheckRuleRepository.java"
            }
          ]
        }
      ]
    },
    {
      "revision": "70fdf01d2679c5e424c9adf9d861d0bf782253d3",
      "repairability": [
        {
          "tool-name": "JKali",
          "pattern-name": "JKali:add_rtrn",
          "Unified_Diff_of-files:": "Starts Below...",
          "INSERT:": "",
          "CHANGE_old:": "    public CxxCompilerSensorImpl(Configuration settings) {",
          "CHANGE_new:": "    public CxxCompilerGccSensorImpl(Configuration settings) {",
          "instance_detail": [
            {
              "pattern_action": "INS",
              "pattern_entity": {
                "entity_type": "Return",
                "entity_new value": "*",
                "entity_role": "Statement",
                "entity_parent": "null"
              },
              "concrete_change": {
                "operator": "INS",
                "src_type": "Return",
                "dst_type": "null",
                "src": "return org.sonar.cxx.sensors.utils.CxxAbstractRuleRepository.getRepositoryKey(org.sonar.cxx.sensors.drmemory.CxxDrMemoryRuleRepository.KEY, lang)",
                "dst": "null",
                "src_parent_type": "Block",
                "dst_parent_type": "null",
                "src_parent": "{\n    return org.sonar.cxx.sensors.utils.CxxAbstractRuleRepository.getRepositoryKey(org.sonar.cxx.sensors.drmemory.CxxDrMemoryRuleRepository.KEY, lang);\n}",
                "dst_parent": "null"
              },
              "line": 44,
              "file": "/home/khesoem/projects/lighter/exp/cxx-sensors/src/main/java/org/sonar/cxx/sensors/drmemory/CxxDrMemoryRuleRepository.java"
            }
          ]
        }
      ]
    },
    {
      "revision": "70fdf01d2679c5e424c9adf9d861d0bf782253d3",
      "repairability": [
        {
          "tool-name": "JKali",
          "pattern-name": "JKali:add_rtrn",
          "Unified_Diff_of-files:": "Starts Below...",
          "INSERT:": "",
          "CHANGE_old:": "    public CxxCompilerSensorImpl(Configuration settings) {",
          "CHANGE_new:": "    public CxxCompilerGccSensorImpl(Configuration settings) {",
          "instance_detail": [
            {
              "pattern_action": "INS",
              "pattern_entity": {
                "entity_type": "Return",
                "entity_new value": "*",
                "entity_role": "Statement",
                "entity_parent": "null"
              },
              "concrete_change": {
                "operator": "INS",
                "src_type": "Return",
                "dst_type": "null",
                "src": "return org.sonar.cxx.sensors.utils.CxxAbstractRuleRepository.getRepositoryKey(org.sonar.cxx.sensors.rats.CxxRatsRuleRepository.KEY, lang)",
                "dst": "null",
                "src_parent_type": "Block",
                "dst_parent_type": "null",
                "src_parent": "{\n    return org.sonar.cxx.sensors.utils.CxxAbstractRuleRepository.getRepositoryKey(org.sonar.cxx.sensors.rats.CxxRatsRuleRepository.KEY, lang);\n}",
                "dst_parent": "null"
              },
              "line": 44,
              "file": "/home/khesoem/projects/lighter/exp/cxx-sensors/src/main/java/org/sonar/cxx/sensors/rats/CxxRatsRuleRepository.java"
            }
          ]
        }
      ]
    },
    {
      "revision": "70fdf01d2679c5e424c9adf9d861d0bf782253d3",
      "repairability": [
        {
          "tool-name": "JKali",
          "pattern-name": "JKali:add_rtrn",
          "Unified_Diff_of-files:": "Starts Below...",
          "INSERT:": "",
          "CHANGE_old:": "    public CxxCompilerSensorImpl(Configuration settings) {",
          "CHANGE_new:": "    public CxxCompilerGccSensorImpl(Configuration settings) {",
          "instance_detail": [
            {
              "pattern_action": "INS",
              "pattern_entity": {
                "entity_type": "Return",
                "entity_new value": "*",
                "entity_role": "Statement",
                "entity_parent": "null"
              },
              "concrete_change": {
                "operator": "INS",
                "src_type": "Return",
                "dst_type": "null",
                "src": "return org.sonar.cxx.sensors.utils.CxxAbstractRuleRepository.getRepositoryKey(org.sonar.cxx.sensors.veraxx.CxxVeraxxRuleRepository.KEY, lang)",
                "dst": "null",
                "src_parent_type": "Block",
                "dst_parent_type": "null",
                "src_parent": "{\n    return org.sonar.cxx.sensors.utils.CxxAbstractRuleRepository.getRepositoryKey(org.sonar.cxx.sensors.veraxx.CxxVeraxxRuleRepository.KEY, lang);\n}",
                "dst_parent": "null"
              },
              "line": 44,
              "file": "/home/khesoem/projects/lighter/exp/cxx-sensors/src/main/java/org/sonar/cxx/sensors/veraxx/CxxVeraxxRuleRepository.java"
            }
          ]
        }
      ]
    },
    {
      "revision": "70fdf01d2679c5e424c9adf9d861d0bf782253d3",
      "repairability": [
        {
          "tool-name": "JKali",
          "pattern-name": "JKali:del",
          "Unified_Diff_of-files:": "Starts Below...",
          "INSERT:": "",
          "CHANGE_old:": "    public CxxCompilerSensorImpl(Configuration settings) {",
          "CHANGE_new:": "    public CxxCompilerGccSensorImpl(Configuration settings) {",
          "instance_detail": [
            {
              "pattern_action": "DEL",
              "pattern_entity": {
                "entity_type": "*",
                "entity_new value": "*",
                "entity_role": "Statement",
                "entity_parent": "null"
              },
              "concrete_change": {
                "operator": "DEL",
                "src_type": "Assignment",
                "dst_type": "null",
                "src": "this.ruleRepoKey \u003d ruleRepoKey",
                "dst": "null",
                "src_parent_type": "Block",
                "dst_parent_type": "null",
                "src_parent": "{\n    super();\n    this.ruleRepoKey \u003d ruleRepoKey;\n    this.ruleId \u003d ruleId;\n    this.locations \u003d new java.util.ArrayList();\n    addLocation(file, line, info);\n}",
                "dst_parent": "null"
              },
              "line": 39,
              "file": "/home/khesoem/projects/lighter/exp/cxx-sensors/src/main/java/org/sonar/cxx/sensors/utils/CxxReportIssue.java",
              "stats": {
                "number_of_src_entities": 19,
                "number_of_dst_entities": -1,
                "src_entity_types": "[java.lang.String, org.sonar.cxx.sensors.utils.CxxReportIssue]",
                "dst_entity_types": "[]"
              }
            }
          ]
        },
        {
          "tool-name": "JKali",
          "pattern-name": "JKali:del",
          "Unified_Diff_of-files:": "Starts Below...",
          "INSERT:": "",
          "CHANGE_old:": "    public CxxCompilerSensorImpl(Configuration settings) {",
          "CHANGE_new:": "    public CxxCompilerGccSensorImpl(Configuration settings) {",
          "instance_detail": [
            {
              "pattern_action": "DEL",
              "pattern_entity": {
                "entity_type": "*",
                "entity_new value": "*",
                "entity_role": "Statement",
                "entity_parent": "null"
              },
              "concrete_change": {
                "operator": "DEL",
                "src_type": "Return",
                "dst_type": "null",
                "src": "return ruleRepoKey",
                "dst": "null",
                "src_parent_type": "Block",
                "dst_parent_type": "null",
                "src_parent": "{\n    return ruleRepoKey;\n}",
                "dst_parent": "null"
              },
              "line": 50,
              "file": "/home/khesoem/projects/lighter/exp/cxx-sensors/src/main/java/org/sonar/cxx/sensors/utils/CxxReportIssue.java"
            }
          ]
        }
      ]
    },
    {
      "revision": "70fdf01d2679c5e424c9adf9d861d0bf782253d3",
      "repairability": [
        {
          "tool-name": "JKali",
          "pattern-name": "JKali:add_rtrn",
          "Unified_Diff_of-files:": "Starts Below...",
          "INSERT:": "",
          "CHANGE_old:": "    public CxxCompilerSensorImpl(Configuration settings) {",
          "CHANGE_new:": "    public CxxCompilerGccSensorImpl(Configuration settings) {",
          "instance_detail": [
            {
              "pattern_action": "INS",
              "pattern_entity": {
                "entity_type": "Return",
                "entity_new value": "*",
                "entity_role": "Statement",
                "entity_parent": "null"
              },
              "concrete_change": {
                "operator": "INS",
                "src_type": "Return",
                "dst_type": "null",
                "src": "return org.sonar.cxx.sensors.utils.CxxAbstractRuleRepository.getRepositoryKey(org.sonar.cxx.sensors.valgrind.CxxValgrindRuleRepository.KEY, lang)",
                "dst": "null",
                "src_parent_type": "Block",
                "dst_parent_type": "null",
                "src_parent": "{\n    return org.sonar.cxx.sensors.utils.CxxAbstractRuleRepository.getRepositoryKey(org.sonar.cxx.sensors.valgrind.CxxValgrindRuleRepository.KEY, lang);\n}",
                "dst_parent": "null"
              },
              "line": 44,
              "file": "/home/khesoem/projects/lighter/exp/cxx-sensors/src/main/java/org/sonar/cxx/sensors/valgrind/CxxValgrindRuleRepository.java"
            }
          ]
        }
      ]
    },
    {
      "revision": "70fdf01d2679c5e424c9adf9d861d0bf782253d3",
      "repairability": [
        {
          "tool-name": "JKali",
          "pattern-name": "JKali:del",
          "Unified_Diff_of-files:": "Starts Below...",
          "INSERT:": "",
          "CHANGE_old:": "    public CxxCompilerSensorImpl(Configuration settings) {",
          "CHANGE_new:": "    public CxxCompilerGccSensorImpl(Configuration settings) {",
          "instance_detail": [
            {
              "pattern_action": "DEL",
              "pattern_entity": {
                "entity_type": "*",
                "entity_new value": "*",
                "entity_role": "Statement",
                "entity_parent": "null"
              },
              "concrete_change": {
                "operator": "DEL",
                "src_type": "Return",
                "dst_type": "null",
                "src": "return this.language.getPluginProperty(org.sonar.cxx.sensors.clangsa.CxxClangSASensor.REPORT_PATH_KEY)",
                "dst": "null",
                "src_parent_type": "Block",
                "dst_parent_type": "null",
                "src_parent": "{\n    return this.language.getPluginProperty(org.sonar.cxx.sensors.clangsa.CxxClangSASensor.REPORT_PATH_KEY);\n}",
                "dst_parent": "null"
              },
              "line": 78,
              "file": "/home/khesoem/projects/lighter/exp/cxx-sensors/src/main/java/org/sonar/cxx/sensors/clangsa/CxxClangSASensor.java"
            }
          ]
        },
        {
          "tool-name": "JKali",
          "pattern-name": "JKali:del",
          "Unified_Diff_of-files:": "Starts Below...",
          "INSERT:": "",
          "CHANGE_old:": "    public CxxCompilerSensorImpl(Configuration settings) {",
          "CHANGE_new:": "    public CxxCompilerGccSensorImpl(Configuration settings) {",
          "instance_detail": [
            {
              "pattern_action": "DEL",
              "pattern_entity": {
                "entity_type": "*",
                "entity_new value": "*",
                "entity_role": "Statement",
                "entity_parent": "null"
              },
              "concrete_change": {
                "operator": "DEL",
                "src_type": "Return",
                "dst_type": "null",
                "src": "return java.util.Optional.of(CxxMetricsFactory.Key.CLANG_SA_SENSOR_ISSUES_KEY)",
                "dst": "null",
                "src_parent_type": "Block",
                "dst_parent_type": "null",
                "src_parent": "{\n    return java.util.Optional.of(CxxMetricsFactory.Key.CLANG_SA_SENSOR_ISSUES_KEY);\n}",
                "dst_parent": "null"
              },
              "line": 132,
              "file": "/home/khesoem/projects/lighter/exp/cxx-sensors/src/main/java/org/sonar/cxx/sensors/clangsa/CxxClangSASensor.java"
            }
          ]
        }
      ]
    }
  ],
  "complete_analysis": true
}