{
  "instances": [
    {
      "revision": "70ba54f54e45378ac9213f738f49a16c78a61333",
      "repairability": [
        {
          "tool-name": "Elixir",
          "pattern-name": "Elixir:Insert_Invocation",
          "Unified_Diff_of-files:": "Starts Below...",
          "INSERT:": "            p.skipChildren();",
          "instance_detail": [
            {
              "pattern_action": "INS",
              "pattern_entity": {
                "entity_type": "AbstractInvocation",
                "entity_new value": "*",
                "entity_role": "*",
                "entity_parent": "null"
              },
              "concrete_change": {
                "operator": "INS",
                "src_type": "Invocation",
                "dst_type": "null",
                "src": "p.skipChildren()",
                "dst": "null",
                "src_parent_type": "Block",
                "dst_parent_type": "null",
                "src_parent": "{\n    java.lang.String propName \u003d p.currentName();\n    p.nextToken();\n    final com.fasterxml.jackson.databind.deser.SettableBeanProperty creatorProp \u003d creator.findCreatorProperty(propName);\n    if ((buffer.readIdProperty(propName)) \u0026\u0026 (creatorProp \u003d\u003d null)) {\n        continue;\n    }\n    if (creatorProp !\u003d null) {\n        buffer.assignParameter(creatorProp, _deserializeWithErrorWrapping(p, ctxt, creatorProp));\n        continue;\n    }\n    p.skipChildren();\n}",
                "dst_parent": "null"
              },
              "line": 200,
              "file": "/home/khesoem/projects/lighter/exp/src/main/java/com/fasterxml/jackson/databind/deser/std/FactoryBasedEnumDeserializer.java",
              "stats": {
                "number_of_src_entities": 10,
                "number_of_dst_entities": -1,
                "src_entity_types": "[com.fasterxml.jackson.core.JsonParser]",
                "dst_entity_types": "[]"
              }
            }
          ]
        }
      ]
    }
  ],
  "complete_analysis": true
}