{
  "instances": [
    {
      "revision": "0b267037ea54965890bf5ce1d611760a083d61e8",
      "repairability": [
        {
          "tool-name": "Arja",
          "pattern-name": "Arja:arja_shallow_change",
          "Unified_Diff_of-files:": "Starts Below...",
          "INSERT:": "@KinesisClientInternalApi",
          "instance_detail": [
            {
              "pattern_action": "ANY",
              "pattern_entity": {
                "entity_type": "Statement",
                "entity_new value": "*",
                "entity_role": "*",
                "entity_parent": "null"
              },
              "concrete_change": {
                "operator": "DEL",
                "src_type": "Invocation",
                "dst_type": "null",
                "src": "listener.taskCompleted(this)",
                "dst": "null",
                "src_parent_type": "Block",
                "dst_parent_type": "null",
                "src_parent": "{\n    listener.taskCompleted(this);\n}",
                "dst_parent": "null"
              },
              "line": 161,
              "file": "/home/khesoem/projects/lighter/exp/amazon-kinesis-client/src/main/java/software/amazon/kinesis/lifecycle/ProcessTask.java"
            }
          ]
        },
        {
          "tool-name": "Arja",
          "pattern-name": "Arja:arja_shallow_change",
          "Unified_Diff_of-files:": "Starts Below...",
          "INSERT:": "@KinesisClientInternalApi",
          "instance_detail": [
            {
              "pattern_action": "ANY",
              "pattern_entity": {
                "entity_type": "Statement",
                "entity_new value": "*",
                "entity_role": "*",
                "entity_parent": "null"
              },
              "concrete_change": {
                "operator": "DEL",
                "src_type": "Block",
                "dst_type": "null",
                "src": "{\n    listener.taskCompleted(this);\n}",
                "dst": "null",
                "src_parent_type": "If",
                "dst_parent_type": "null",
                "src_parent": "if ((listener) !\u003d null) {\n    listener.taskCompleted(this);\n}",
                "dst_parent": "null"
              },
              "line": 160,
              "file": "/home/khesoem/projects/lighter/exp/amazon-kinesis-client/src/main/java/software/amazon/kinesis/lifecycle/ProcessTask.java"
            }
          ]
        },
        {
          "tool-name": "Arja",
          "pattern-name": "Arja:arja_shallow_change",
          "Unified_Diff_of-files:": "Starts Below...",
          "INSERT:": "@KinesisClientInternalApi",
          "instance_detail": [
            {
              "pattern_action": "ANY",
              "pattern_entity": {
                "entity_type": "Statement",
                "entity_new value": "*",
                "entity_role": "*",
                "entity_parent": "null"
              },
              "concrete_change": {
                "operator": "DEL",
                "src_type": "If",
                "dst_type": "null",
                "src": "if ((listener) !\u003d null) {\n    listener.taskCompleted(this);\n}",
                "dst": "null",
                "src_parent_type": "Block",
                "dst_parent_type": "null",
                "src_parent": "{\n    software.amazon.kinesis.metrics.MetricsUtil.addSuccessAndLatency(scope, success, startTimeMillis, MetricsLevel.SUMMARY);\n    software.amazon.kinesis.metrics.MetricsUtil.endScope(scope);\n    if ((listener) !\u003d null) {\n        listener.taskCompleted(this);\n    }\n}",
                "dst_parent": "null"
              },
              "line": 160,
              "file": "/home/khesoem/projects/lighter/exp/amazon-kinesis-client/src/main/java/software/amazon/kinesis/lifecycle/ProcessTask.java",
              "stats": {
                "number_of_src_entities": 41,
                "number_of_dst_entities": -1,
                "src_entity_types": "[software.amazon.kinesis.lifecycle.TaskCompletedListener, \u003cnulltype\u003e, software.amazon.kinesis.lifecycle.ProcessTask]",
                "dst_entity_types": "[]"
              }
            }
          ]
        }
      ]
    }
  ],
  "complete_analysis": true
}