{
  "instances": [
    {
      "revision": "6685a924d56e12f83c112d0f1e8c03726796554f",
      "repairability": [
        {
          "tool-name": "Arja",
          "pattern-name": "Arja:arja_shallow_change",
          "Unified_Diff_of-files:": "Starts Below...",
          "CHANGE_old:": "",
          "CHANGE_new:": "                                    \"{}: [SubscriptionLifetime]: (FanOutRecordsPublisher/Subscription#cancel) @ {} id: {}\",",
          "DELETE:": "                    }",
          "INSERT:": "",
          "instance_detail": [
            {
              "pattern_action": "ANY",
              "pattern_entity": {
                "entity_type": "Statement",
                "entity_new value": "*",
                "entity_role": "*",
                "entity_parent": "null"
              },
              "concrete_change": {
                "operator": "DEL",
                "src_type": "Invocation",
                "dst_type": "null",
                "src": "category.throwableType.equals(software.amazon.kinesis.retrieval.fanout.FanOutRecordsPublisher.ThrowableType.READ_TIMEOUT)",
                "dst": "null",
                "src_parent_type": "If",
                "dst_parent_type": "null",
                "src_parent": "if (category.throwableType.equals(software.amazon.kinesis.retrieval.fanout.FanOutRecordsPublisher.ThrowableType.READ_TIMEOUT)) {\n    log.debug(logMessage, propagationThrowable);\n    propagationThrowable \u003d new software.amazon.kinesis.retrieval.RetryableRetrievalException(category.throwableTypeString, ((java.lang.Exception) (propagationThrowable.getCause())));\n} else {\n    log.warn(logMessage, propagationThrowable);\n}",
                "dst_parent": "null"
              },
              "line": 160,
              "file": "/home/khesoem/projects/lighter/exp/amazon-kinesis-client/src/main/java/software/amazon/kinesis/retrieval/fanout/FanOutRecordsPublisher.java"
            }
          ]
        },
        {
          "tool-name": "Arja",
          "pattern-name": "Arja:arja_shallow_change",
          "Unified_Diff_of-files:": "Starts Below...",
          "CHANGE_old:": "",
          "CHANGE_new:": "                                    \"{}: [SubscriptionLifetime]: (FanOutRecordsPublisher/Subscription#cancel) @ {} id: {}\",",
          "DELETE:": "                    }",
          "INSERT:": "",
          "instance_detail": [
            {
              "pattern_action": "ANY",
              "pattern_entity": {
                "entity_type": "Statement",
                "entity_new value": "*",
                "entity_role": "*",
                "entity_parent": "null"
              },
              "concrete_change": {
                "operator": "DEL",
                "src_type": "Block",
                "dst_type": "null",
                "src": "{\n    log.debug(logMessage, propagationThrowable);\n    propagationThrowable \u003d new software.amazon.kinesis.retrieval.RetryableRetrievalException(category.throwableTypeString, ((java.lang.Exception) (propagationThrowable.getCause())));\n}",
                "dst": "null",
                "src_parent_type": "If",
                "dst_parent_type": "null",
                "src_parent": "if (category.throwableType.equals(software.amazon.kinesis.retrieval.fanout.FanOutRecordsPublisher.ThrowableType.READ_TIMEOUT)) {\n    log.debug(logMessage, propagationThrowable);\n    propagationThrowable \u003d new software.amazon.kinesis.retrieval.RetryableRetrievalException(category.throwableTypeString, ((java.lang.Exception) (propagationThrowable.getCause())));\n} else {\n    log.warn(logMessage, propagationThrowable);\n}",
                "dst_parent": "null"
              },
              "line": 160,
              "file": "/home/khesoem/projects/lighter/exp/amazon-kinesis-client/src/main/java/software/amazon/kinesis/retrieval/fanout/FanOutRecordsPublisher.java"
            }
          ]
        },
        {
          "tool-name": "Arja",
          "pattern-name": "Arja:arja_shallow_change",
          "Unified_Diff_of-files:": "Starts Below...",
          "CHANGE_old:": "",
          "CHANGE_new:": "                                    \"{}: [SubscriptionLifetime]: (FanOutRecordsPublisher/Subscription#cancel) @ {} id: {}\",",
          "DELETE:": "                    }",
          "INSERT:": "",
          "instance_detail": [
            {
              "pattern_action": "ANY",
              "pattern_entity": {
                "entity_type": "Statement",
                "entity_new value": "*",
                "entity_role": "*",
                "entity_parent": "null"
              },
              "concrete_change": {
                "operator": "DEL",
                "src_type": "Block",
                "dst_type": "null",
                "src": "{\n    log.warn(logMessage, propagationThrowable);\n}",
                "dst": "null",
                "src_parent_type": "If",
                "dst_parent_type": "null",
                "src_parent": "if (category.throwableType.equals(software.amazon.kinesis.retrieval.fanout.FanOutRecordsPublisher.ThrowableType.READ_TIMEOUT)) {\n    log.debug(logMessage, propagationThrowable);\n    propagationThrowable \u003d new software.amazon.kinesis.retrieval.RetryableRetrievalException(category.throwableTypeString, ((java.lang.Exception) (propagationThrowable.getCause())));\n} else {\n    log.warn(logMessage, propagationThrowable);\n}",
                "dst_parent": "null"
              },
              "line": 164,
              "file": "/home/khesoem/projects/lighter/exp/amazon-kinesis-client/src/main/java/software/amazon/kinesis/retrieval/fanout/FanOutRecordsPublisher.java"
            }
          ]
        },
        {
          "tool-name": "Arja",
          "pattern-name": "Arja:arja_shallow_change",
          "Unified_Diff_of-files:": "Starts Below...",
          "CHANGE_old:": "",
          "CHANGE_new:": "                                    \"{}: [SubscriptionLifetime]: (FanOutRecordsPublisher/Subscription#cancel) @ {} id: {}\",",
          "DELETE:": "                    }",
          "INSERT:": "",
          "instance_detail": [
            {
              "pattern_action": "ANY",
              "pattern_entity": {
                "entity_type": "Statement",
                "entity_new value": "*",
                "entity_role": "*",
                "entity_parent": "null"
              },
              "concrete_change": {
                "operator": "DEL",
                "src_type": "If",
                "dst_type": "null",
                "src": "if (category.throwableType.equals(software.amazon.kinesis.retrieval.fanout.FanOutRecordsPublisher.ThrowableType.READ_TIMEOUT)) {\n    log.debug(logMessage, propagationThrowable);\n    propagationThrowable \u003d new software.amazon.kinesis.retrieval.RetryableRetrievalException(category.throwableTypeString, ((java.lang.Exception) (propagationThrowable.getCause())));\n} else {\n    log.warn(logMessage, propagationThrowable);\n}",
                "dst": "null",
                "src_parent_type": "Block",
                "dst_parent_type": "null",
                "src_parent": "{\n    java.lang.String logMessage \u003d java.lang.String.format(\"%s: [SubscriptionLifetime] - (FanOutRecordsPublisher#errorOccurred) @ %s id: %s -- %s\", shardId, flow.connectionStartedAt, flow.subscribeToShardId, category.throwableTypeString);\n    if (category.throwableType.equals(software.amazon.kinesis.retrieval.fanout.FanOutRecordsPublisher.ThrowableType.READ_TIMEOUT)) {\n        log.debug(logMessage, propagationThrowable);\n        propagationThrowable \u003d new software.amazon.kinesis.retrieval.RetryableRetrievalException(category.throwableTypeString, ((java.lang.Exception) (propagationThrowable.getCause())));\n    } else {\n        log.warn(logMessage, propagationThrowable);\n    }\n    flow.cancel();\n}",
                "dst_parent": "null"
              },
              "line": 160,
              "file": "/home/khesoem/projects/lighter/exp/amazon-kinesis-client/src/main/java/software/amazon/kinesis/retrieval/fanout/FanOutRecordsPublisher.java",
              "stats": {
                "number_of_src_entities": 116,
                "number_of_dst_entities": -1,
                "src_entity_types": "[java.lang.Exception, java.lang.Enum, software.amazon.kinesis.retrieval.fanout.FanOutRecordsPublisher.ThrowableCategory, software.amazon.kinesis.retrieval.fanout.FanOutRecordsPublisher.ThrowableType, software.amazon.kinesis.retrieval.fanout.log, java.lang.String, java.lang.Throwable, software.amazon.kinesis.retrieval.fanout.FanOutRecordsPublisher, software.amazon.kinesis.retrieval.RetryableRetrievalException]",
                "dst_entity_types": "[]"
              }
            }
          ]
        }
      ]
    }
  ],
  "complete_analysis": true
}