{
  "instances": [
    {
      "revision": "3a03a661120bfcfb38672ee4877a4bdca182cde0",
      "repairability": [
        {
          "tool-name": "JKali",
          "pattern-name": "JKali:add_rtrn",
          "Unified_Diff_of-files:": "Starts Below...",
          "INSERT:": "",
          "CHANGE_old:": "    public JpaMetamodel(Metamodel metamodel) {",
          "CHANGE_new:": "    private JpaMetamodel(Metamodel metamodel) {",
          "instance_detail": [
            {
              "pattern_action": "INS",
              "pattern_entity": {
                "entity_type": "Return",
                "entity_new value": "*",
                "entity_role": "Statement",
                "entity_parent": "null"
              },
              "concrete_change": {
                "operator": "INS",
                "src_type": "Return",
                "dst_type": "null",
                "src": "return org.springframework.data.jpa.util.JpaMetamodel.CACHE.computeIfAbsent(metamodel, org.springframework.data.jpa.util.JpaMetamodel::new)",
                "dst": "null",
                "src_parent_type": "Block",
                "dst_parent_type": "null",
                "src_parent": "{\n    return org.springframework.data.jpa.util.JpaMetamodel.CACHE.computeIfAbsent(metamodel, org.springframework.data.jpa.util.JpaMetamodel::new);\n}",
                "dst_parent": "null"
              },
              "line": 63,
              "file": "/home/khesoem/projects/lighter/exp/src/main/java/org/springframework/data/jpa/util/JpaMetamodel.java"
            }
          ]
        }
      ]
    },
    {
      "revision": "3a03a661120bfcfb38672ee4877a4bdca182cde0",
      "repairability": [
        {
          "tool-name": "JKali",
          "pattern-name": "JKali:del",
          "Unified_Diff_of-files:": "Starts Below...",
          "INSERT:": "",
          "CHANGE_old:": "    public JpaMetamodel(Metamodel metamodel) {",
          "CHANGE_new:": "    private JpaMetamodel(Metamodel metamodel) {",
          "instance_detail": [
            {
              "pattern_action": "DEL",
              "pattern_entity": {
                "entity_type": "*",
                "entity_new value": "*",
                "entity_role": "Statement",
                "entity_parent": "null"
              },
              "concrete_change": {
                "operator": "DEL",
                "src_type": "LocalVariable",
                "dst_type": "null",
                "src": "javax.persistence.metamodel.Metamodel metamodel \u003d getMetamodelFor(typeInformation.getType())",
                "dst": "null",
                "src_parent_type": "Block",
                "dst_parent_type": "null",
                "src_parent": "{\n    javax.persistence.metamodel.Metamodel metamodel \u003d getMetamodelFor(typeInformation.getType());\n    return new org.springframework.data.jpa.mapping.JpaPersistentEntityImpl\u003cT\u003e(typeInformation, persistenceProvider, metamodel);\n}",
                "dst_parent": "null"
              },
              "line": 69,
              "file": "/home/khesoem/projects/lighter/exp/src/main/java/org/springframework/data/jpa/mapping/JpaMetamodelMappingContext.java"
            }
          ]
        },
        {
          "tool-name": "JKali",
          "pattern-name": "JKali:add_rtrn",
          "Unified_Diff_of-files:": "Starts Below...",
          "INSERT:": "",
          "CHANGE_old:": "    public JpaMetamodel(Metamodel metamodel) {",
          "CHANGE_new:": "    private JpaMetamodel(Metamodel metamodel) {",
          "instance_detail": [
            {
              "pattern_action": "INS",
              "pattern_entity": {
                "entity_type": "Return",
                "entity_new value": "*",
                "entity_role": "Statement",
                "entity_parent": "null"
              },
              "concrete_change": {
                "operator": "INS",
                "src_type": "Return",
                "dst_type": "null",
                "src": "return new org.springframework.data.jpa.mapping.JpaPersistentEntityImpl\u003cT\u003e(typeInformation, persistenceProvider, models.getMetamodel(typeInformation))",
                "dst": "null",
                "src_parent_type": "Block",
                "dst_parent_type": "null",
                "src_parent": "{\n    return new org.springframework.data.jpa.mapping.JpaPersistentEntityImpl\u003cT\u003e(typeInformation, persistenceProvider, models.getMetamodel(typeInformation));\n}",
                "dst_parent": "null"
              },
              "line": 69,
              "file": "/home/khesoem/projects/lighter/exp/src/main/java/org/springframework/data/jpa/mapping/JpaMetamodelMappingContext.java"
            }
          ]
        },
        {
          "tool-name": "JKali",
          "pattern-name": "JKali:add_rtrn",
          "Unified_Diff_of-files:": "Starts Below...",
          "INSERT:": "",
          "CHANGE_old:": "    public JpaMetamodel(Metamodel metamodel) {",
          "CHANGE_new:": "    private JpaMetamodel(Metamodel metamodel) {",
          "instance_detail": [
            {
              "pattern_action": "INS",
              "pattern_entity": {
                "entity_type": "Return",
                "entity_new value": "*",
                "entity_role": "Statement",
                "entity_parent": "null"
              },
              "concrete_change": {
                "operator": "INS",
                "src_type": "Return",
                "dst_type": "null",
                "src": "return models.isMetamodelManagedType(type)",
                "dst": "null",
                "src_parent_type": "Block",
                "dst_parent_type": "null",
                "src_parent": "{\n    return models.isMetamodelManagedType(type);\n}",
                "dst_parent": "null"
              },
              "line": 88,
              "file": "/home/khesoem/projects/lighter/exp/src/main/java/org/springframework/data/jpa/mapping/JpaMetamodelMappingContext.java"
            }
          ]
        }
      ]
    }
  ],
  "complete_analysis": true
}