{
  "instances": [
    {
      "revision": "47f6a3e5f56ea9943a6bba624965343b1d59e543",
      "repairability": [
        {
          "tool-name": "JKali",
          "pattern-name": "JKali:del",
          "Unified_Diff_of-files:": "Starts Below...",
          "INSERT:": " * @author Сергей Цыпанов",
          "DELETE:": "",
          "CHANGE_old:": "            return restrictMaxResultsIfNecessary(invokeBinding(parameterBinder, jpaQuery, values));",
          "CHANGE_new:": "            return restrictMaxResultsIfNecessary(invokeBinding(parameterBinder, createQuery(criteriaQuery), values));",
          "instance_detail": [
            {
              "pattern_action": "DEL",
              "pattern_entity": {
                "entity_type": "*",
                "entity_new value": "*",
                "entity_role": "Statement",
                "entity_parent": "null"
              },
              "concrete_change": {
                "operator": "DEL",
                "src_type": "LocalVariable",
                "dst_type": "null",
                "src": "javax.persistence.TypedQuery\u003c?\u003e jpaQuery \u003d createQuery(criteriaQuery)",
                "dst": "null",
                "src_parent_type": "Block",
                "dst_parent_type": "null",
                "src_parent": "{\n    javax.persistence.criteria.CriteriaQuery\u003c?\u003e criteriaQuery \u003d cachedCriteriaQuery;\n    org.springframework.data.jpa.repository.query.ParameterBinder parameterBinder \u003d cachedParameterBinder;\n    org.springframework.data.repository.query.ParametersParameterAccessor accessor \u003d new org.springframework.data.repository.query.ParametersParameterAccessor(parameters, values);\n    if (((cachedCriteriaQuery) \u003d\u003d null) || (accessor.hasBindableNullValue())) {\n        org.springframework.data.jpa.repository.query.JpaQueryCreator creator \u003d createCreator(persistenceProvider, java.util.Optional.of(accessor));\n        criteriaQuery \u003d creator.createQuery(getDynamicSort(values));\n        java.util.List\u003corg.springframework.data.jpa.repository.query.ParameterMetadataProvider.ParameterMetadata\u003c?\u003e\u003e expressions \u003d creator.getParameterExpressions();\n        parameterBinder \u003d getBinder(expressions);\n    }\n    javax.persistence.TypedQuery\u003c?\u003e jpaQuery \u003d createQuery(criteriaQuery);\n    if (parameterBinder \u003d\u003d null) {\n        throw new java.lang.IllegalStateException(\"ParameterBinder is null!\");\n    }\n    return restrictMaxResultsIfNecessary(invokeBinding(parameterBinder, jpaQuery, values));\n}",
                "dst_parent": "null"
              },
              "line": 159,
              "file": "/home/khesoem/projects/lighter/exp/src/main/java/org/springframework/data/jpa/repository/query/PartTreeJpaQuery.java",
              "stats": {
                "number_of_src_entities": 31,
                "number_of_dst_entities": -1,
                "src_entity_types": "[javax.persistence.TypedQuery\u003c?\u003e, , org.springframework.data.jpa.repository.query.PartTreeJpaQuery.QueryPreparer, org.springframework.data.jpa.repository.query.PartTreeJpaQuery, javax.persistence.criteria.CriteriaQuery\u003c?\u003e]",
                "dst_entity_types": "[]"
              }
            }
          ]
        }
      ]
    },
    {
      "revision": "47f6a3e5f56ea9943a6bba624965343b1d59e543",
      "repairability": [
        {
          "tool-name": "JKali",
          "pattern-name": "JKali:del",
          "Unified_Diff_of-files:": "Starts Below...",
          "INSERT:": " * @author Сергей Цыпанов",
          "DELETE:": "",
          "CHANGE_old:": "            return restrictMaxResultsIfNecessary(invokeBinding(parameterBinder, jpaQuery, values));",
          "CHANGE_new:": "            return restrictMaxResultsIfNecessary(invokeBinding(parameterBinder, createQuery(criteriaQuery), values));",
          "instance_detail": [
            {
              "pattern_action": "DEL",
              "pattern_entity": {
                "entity_type": "*",
                "entity_new value": "*",
                "entity_role": "Statement",
                "entity_parent": "null"
              },
              "concrete_change": {
                "operator": "DEL",
                "src_type": "LocalVariable",
                "dst_type": "null",
                "src": "java.util.List\u003cjavax.persistence.QueryHint\u003e result \u003d new java.util.ArrayList\u003c\u003e()",
                "dst": "null",
                "src_parent_type": "Block",
                "dst_parent_type": "null",
                "src_parent": "{\n    java.util.List\u003cjavax.persistence.QueryHint\u003e result \u003d new java.util.ArrayList\u003c\u003e();\n    org.springframework.data.jpa.repository.QueryHints hints \u003d org.springframework.core.annotation.AnnotatedElementUtils.findMergedAnnotation(method, org.springframework.data.jpa.repository.QueryHints.class);\n    if (hints !\u003d null) {\n        result.addAll(java.util.Arrays.asList(hints.value()));\n    }\n    return result;\n}",
                "dst_parent": "null"
              },
              "line": 158,
              "file": "/home/khesoem/projects/lighter/exp/src/main/java/org/springframework/data/jpa/repository/query/JpaQueryMethod.java",
              "stats": {
                "number_of_src_entities": 13,
                "number_of_dst_entities": -1,
                "src_entity_types": "[java.util.ArrayList, javax.persistence.QueryHint, java.util.List\u003cjavax.persistence.QueryHint\u003e]",
                "dst_entity_types": "[]"
              }
            }
          ]
        },
        {
          "tool-name": "JKali",
          "pattern-name": "JKali:del",
          "Unified_Diff_of-files:": "Starts Below...",
          "INSERT:": " * @author Сергей Цыпанов",
          "DELETE:": "",
          "CHANGE_old:": "            return restrictMaxResultsIfNecessary(invokeBinding(parameterBinder, jpaQuery, values));",
          "CHANGE_new:": "            return restrictMaxResultsIfNecessary(invokeBinding(parameterBinder, createQuery(criteriaQuery), values));",
          "instance_detail": [
            {
              "pattern_action": "DEL",
              "pattern_entity": {
                "entity_type": "*",
                "entity_new value": "*",
                "entity_role": "Statement",
                "entity_parent": "null"
              },
              "concrete_change": {
                "operator": "DEL",
                "src_type": "Invocation",
                "dst_type": "null",
                "src": "result.addAll(java.util.Arrays.asList(hints.value()))",
                "dst": "null",
                "src_parent_type": "Block",
                "dst_parent_type": "null",
                "src_parent": "{\n    result.addAll(java.util.Arrays.asList(hints.value()));\n}",
                "dst_parent": "null"
              },
              "line": 162,
              "file": "/home/khesoem/projects/lighter/exp/src/main/java/org/springframework/data/jpa/repository/query/JpaQueryMethod.java",
              "stats": {
                "number_of_src_entities": 32,
                "number_of_dst_entities": -1,
                "src_entity_types": "[org.springframework.data.jpa.repository.QueryHints, javax.persistence.QueryHint, java.util.List\u003cjavax.persistence.QueryHint\u003e, java.util.Arrays]",
                "dst_entity_types": "[]"
              }
            }
          ]
        },
        {
          "tool-name": "JKali",
          "pattern-name": "JKali:add_rtrn",
          "Unified_Diff_of-files:": "Starts Below...",
          "INSERT:": " * @author Сергей Цыпанов",
          "DELETE:": "",
          "CHANGE_old:": "            return restrictMaxResultsIfNecessary(invokeBinding(parameterBinder, jpaQuery, values));",
          "CHANGE_new:": "            return restrictMaxResultsIfNecessary(invokeBinding(parameterBinder, createQuery(criteriaQuery), values));",
          "instance_detail": [
            {
              "pattern_action": "INS",
              "pattern_entity": {
                "entity_type": "Return",
                "entity_new value": "*",
                "entity_role": "Statement",
                "entity_parent": "null"
              },
              "concrete_change": {
                "operator": "INS",
                "src_type": "Return",
                "dst_type": "null",
                "src": "return java.util.Arrays.asList(hints.value())",
                "dst": "null",
                "src_parent_type": "Block",
                "dst_parent_type": "null",
                "src_parent": "{\n    return java.util.Arrays.asList(hints.value());\n}",
                "dst_parent": "null"
              },
              "line": 161,
              "file": "/home/khesoem/projects/lighter/exp/src/main/java/org/springframework/data/jpa/repository/query/JpaQueryMethod.java",
              "stats": {
                "number_of_src_entities": 21,
                "number_of_dst_entities": -1,
                "src_entity_types": "[org.springframework.data.jpa.repository.QueryHints, java.util.Arrays]",
                "dst_entity_types": "[]"
              }
            }
          ]
        }
      ]
    }
  ],
  "complete_analysis": true
}