{
  "instances": [
    {
      "revision": "76f216d0733a479950555e4c22e7cdf3327709df",
      "repairability": [
        {
          "tool-name": "JKali",
          "pattern-name": "JKali:del",
          "Unified_Diff_of-files:": "Starts Below...",
          "INSERT:": "    @Transactional",
          "DELETE:": "                .executeUpdate();",
          "CHANGE_old:": "        Collection\u0026lt;ID\u0026gt; idCollection \u003d toCollection(ids);",
          "CHANGE_new:": "        Collection\u0026lt;ID\u0026gt; idCollection \u003d Streamable.of(ids).toList();",
          "instance_detail": [
            {
              "pattern_action": "DEL",
              "pattern_entity": {
                "entity_type": "*",
                "entity_new value": "*",
                "entity_role": "Statement",
                "entity_parent": "null"
              },
              "concrete_change": {
                "operator": "DEL",
                "src_type": "Return",
                "dst_type": "null",
                "src": "return ((java.util.Collection\u003cT\u003e) (ts))",
                "dst": "null",
                "src_parent_type": "Block",
                "dst_parent_type": "null",
                "src_parent": "{\n    return ((java.util.Collection\u003cT\u003e) (ts));\n}",
                "dst_parent": "null"
              },
              "line": 94,
              "file": "/home/khesoem/projects/lighter/exp/src/main/java/org/springframework/data/jpa/repository/support/SimpleJpaRepository.java"
            }
          ]
        },
        {
          "tool-name": "JKali",
          "pattern-name": "JKali:del",
          "Unified_Diff_of-files:": "Starts Below...",
          "INSERT:": "    @Transactional",
          "DELETE:": "                .executeUpdate();",
          "CHANGE_old:": "        Collection\u0026lt;ID\u0026gt; idCollection \u003d toCollection(ids);",
          "CHANGE_new:": "        Collection\u0026lt;ID\u0026gt; idCollection \u003d Streamable.of(ids).toList();",
          "instance_detail": [
            {
              "pattern_action": "DEL",
              "pattern_entity": {
                "entity_type": "*",
                "entity_new value": "*",
                "entity_role": "Statement",
                "entity_parent": "null"
              },
              "concrete_change": {
                "operator": "DEL",
                "src_type": "If",
                "dst_type": "null",
                "src": "if (ts instanceof java.util.Collection) {\n    return ((java.util.Collection\u003cT\u003e) (ts));\n}",
                "dst": "null",
                "src_parent_type": "Block",
                "dst_parent_type": "null",
                "src_parent": "{\n    if (ts instanceof java.util.Collection) {\n        return ((java.util.Collection\u003cT\u003e) (ts));\n    }\n    java.util.List\u003cT\u003e tCollection \u003d new java.util.ArrayList\u003cT\u003e();\n    for (T t : ts) {\n        tCollection.add(t);\n    }\n    return tCollection;\n}",
                "dst_parent": "null"
              },
              "line": 93,
              "file": "/home/khesoem/projects/lighter/exp/src/main/java/org/springframework/data/jpa/repository/support/SimpleJpaRepository.java"
            }
          ]
        },
        {
          "tool-name": "JKali",
          "pattern-name": "JKali:del",
          "Unified_Diff_of-files:": "Starts Below...",
          "INSERT:": "    @Transactional",
          "DELETE:": "                .executeUpdate();",
          "CHANGE_old:": "        Collection\u0026lt;ID\u0026gt; idCollection \u003d toCollection(ids);",
          "CHANGE_new:": "        Collection\u0026lt;ID\u0026gt; idCollection \u003d Streamable.of(ids).toList();",
          "instance_detail": [
            {
              "pattern_action": "DEL",
              "pattern_entity": {
                "entity_type": "*",
                "entity_new value": "*",
                "entity_role": "Statement",
                "entity_parent": "null"
              },
              "concrete_change": {
                "operator": "DEL",
                "src_type": "LocalVariable",
                "dst_type": "null",
                "src": "java.util.List\u003cT\u003e tCollection \u003d new java.util.ArrayList\u003cT\u003e()",
                "dst": "null",
                "src_parent_type": "Block",
                "dst_parent_type": "null",
                "src_parent": "{\n    if (ts instanceof java.util.Collection) {\n        return ((java.util.Collection\u003cT\u003e) (ts));\n    }\n    java.util.List\u003cT\u003e tCollection \u003d new java.util.ArrayList\u003cT\u003e();\n    for (T t : ts) {\n        tCollection.add(t);\n    }\n    return tCollection;\n}",
                "dst_parent": "null"
              },
              "line": 97,
              "file": "/home/khesoem/projects/lighter/exp/src/main/java/org/springframework/data/jpa/repository/support/SimpleJpaRepository.java"
            }
          ]
        },
        {
          "tool-name": "JKali",
          "pattern-name": "JKali:del",
          "Unified_Diff_of-files:": "Starts Below...",
          "INSERT:": "    @Transactional",
          "DELETE:": "                .executeUpdate();",
          "CHANGE_old:": "        Collection\u0026lt;ID\u0026gt; idCollection \u003d toCollection(ids);",
          "CHANGE_new:": "        Collection\u0026lt;ID\u0026gt; idCollection \u003d Streamable.of(ids).toList();",
          "instance_detail": [
            {
              "pattern_action": "DEL",
              "pattern_entity": {
                "entity_type": "*",
                "entity_new value": "*",
                "entity_role": "Statement",
                "entity_parent": "null"
              },
              "concrete_change": {
                "operator": "DEL",
                "src_type": "Invocation",
                "dst_type": "null",
                "src": "tCollection.add(t)",
                "dst": "null",
                "src_parent_type": "Block",
                "dst_parent_type": "null",
                "src_parent": "{\n    tCollection.add(t);\n}",
                "dst_parent": "null"
              },
              "line": 99,
              "file": "/home/khesoem/projects/lighter/exp/src/main/java/org/springframework/data/jpa/repository/support/SimpleJpaRepository.java"
            }
          ]
        },
        {
          "tool-name": "JKali",
          "pattern-name": "JKali:del",
          "Unified_Diff_of-files:": "Starts Below...",
          "INSERT:": "    @Transactional",
          "DELETE:": "                .executeUpdate();",
          "CHANGE_old:": "        Collection\u0026lt;ID\u0026gt; idCollection \u003d toCollection(ids);",
          "CHANGE_new:": "        Collection\u0026lt;ID\u0026gt; idCollection \u003d Streamable.of(ids).toList();",
          "instance_detail": [
            {
              "pattern_action": "DEL",
              "pattern_entity": {
                "entity_type": "*",
                "entity_new value": "*",
                "entity_role": "Statement",
                "entity_parent": "null"
              },
              "concrete_change": {
                "operator": "DEL",
                "src_type": "ForEach",
                "dst_type": "null",
                "src": "for (T t : ts) {\n    tCollection.add(t);\n}",
                "dst": "null",
                "src_parent_type": "Block",
                "dst_parent_type": "null",
                "src_parent": "{\n    if (ts instanceof java.util.Collection) {\n        return ((java.util.Collection\u003cT\u003e) (ts));\n    }\n    java.util.List\u003cT\u003e tCollection \u003d new java.util.ArrayList\u003cT\u003e();\n    for (T t : ts) {\n        tCollection.add(t);\n    }\n    return tCollection;\n}",
                "dst_parent": "null"
              },
              "line": 98,
              "file": "/home/khesoem/projects/lighter/exp/src/main/java/org/springframework/data/jpa/repository/support/SimpleJpaRepository.java"
            }
          ]
        },
        {
          "tool-name": "JKali",
          "pattern-name": "JKali:del",
          "Unified_Diff_of-files:": "Starts Below...",
          "INSERT:": "    @Transactional",
          "DELETE:": "                .executeUpdate();",
          "CHANGE_old:": "        Collection\u0026lt;ID\u0026gt; idCollection \u003d toCollection(ids);",
          "CHANGE_new:": "        Collection\u0026lt;ID\u0026gt; idCollection \u003d Streamable.of(ids).toList();",
          "instance_detail": [
            {
              "pattern_action": "DEL",
              "pattern_entity": {
                "entity_type": "*",
                "entity_new value": "*",
                "entity_role": "Statement",
                "entity_parent": "null"
              },
              "concrete_change": {
                "operator": "DEL",
                "src_type": "Return",
                "dst_type": "null",
                "src": "return tCollection",
                "dst": "null",
                "src_parent_type": "Block",
                "dst_parent_type": "null",
                "src_parent": "{\n    if (ts instanceof java.util.Collection) {\n        return ((java.util.Collection\u003cT\u003e) (ts));\n    }\n    java.util.List\u003cT\u003e tCollection \u003d new java.util.ArrayList\u003cT\u003e();\n    for (T t : ts) {\n        tCollection.add(t);\n    }\n    return tCollection;\n}",
                "dst_parent": "null"
              },
              "line": 101,
              "file": "/home/khesoem/projects/lighter/exp/src/main/java/org/springframework/data/jpa/repository/support/SimpleJpaRepository.java"
            }
          ]
        },
        {
          "tool-name": "JKali",
          "pattern-name": "JKali:del",
          "Unified_Diff_of-files:": "Starts Below...",
          "INSERT:": "    @Transactional",
          "DELETE:": "                .executeUpdate();",
          "CHANGE_old:": "        Collection\u0026lt;ID\u0026gt; idCollection \u003d toCollection(ids);",
          "CHANGE_new:": "        Collection\u0026lt;ID\u0026gt; idCollection \u003d Streamable.of(ids).toList();",
          "instance_detail": [
            {
              "pattern_action": "DEL",
              "pattern_entity": {
                "entity_type": "*",
                "entity_new value": "*",
                "entity_role": "Statement",
                "entity_parent": "null"
              },
              "concrete_change": {
                "operator": "DEL",
                "src_type": "LocalVariable",
                "dst_type": "null",
                "src": "java.lang.String queryTemplate \u003d DELETE_ALL_QUERY_BY_ID_STRING",
                "dst": "null",
                "src_parent_type": "Block",
                "dst_parent_type": "null",
                "src_parent": "{\n    org.springframework.util.Assert.notNull(ids, \"Ids must not be null!\");\n    if (!(ids.iterator().hasNext())) {\n        return;\n    }\n    java.lang.String queryTemplate \u003d DELETE_ALL_QUERY_BY_ID_STRING;\n    java.lang.String queryString \u003d java.lang.String.format(queryTemplate, entityInformation.getEntityName(), entityInformation.getIdAttribute().getName());\n    javax.persistence.Query query \u003d em.createQuery(queryString);\n    query.setParameter(\"ids\", ids);\n    query.executeUpdate();\n}",
                "dst_parent": "null"
              },
              "line": 258,
              "file": "/home/khesoem/projects/lighter/exp/src/main/java/org/springframework/data/jpa/repository/support/SimpleJpaRepository.java",
              "stats": {
                "number_of_src_entities": 7,
                "number_of_dst_entities": -1,
                "src_entity_types": "[java.lang.String]",
                "dst_entity_types": "[]"
              }
            }
          ]
        }
      ]
    }
  ],
  "complete_analysis": true
}