{
  "instances": [
    {
      "revision": "32437c046738316d7a9de682e05ff07d201aca24",
      "repairability": [
        {
          "tool-name": "Cardumen",
          "pattern-name": "Cardumen:expression_replacement_by_upd",
          "Unified_Diff_of-files:": "Starts Below...",
          "INSERT:": "    }",
          "DELETE:": "    {",
          "CHANGE_old:": "                    --_inputPtr;",
          "CHANGE_new:": "",
          "instance_detail": [
            {
              "pattern_action": "UPD",
              "pattern_entity": {
                "entity_type": "Expression",
                "entity_new value": "*",
                "entity_role": "*",
                "entity_parent": "null"
              },
              "concrete_change": {
                "operator": "UPD",
                "src_type": "BinaryOperator",
                "dst_type": "BinaryOperator",
                "src": "(_allowComments) \u0026\u0026 ((_inputBuffer[_inputPtr]) \u003d\u003d \u0027#\u0027)",
                "dst": "(ch \u003d\u003d \u0027\\r\u0027) || (ch \u003d\u003d \u0027\\n\u0027)",
                "src_parent_type": "If",
                "dst_parent_type": "If",
                "src_parent": "if ((_allowComments) \u0026\u0026 ((_inputBuffer[_inputPtr]) \u003d\u003d \u0027#\u0027)) {\n    int i \u003d _skipCommentLines();\n    if (i \u003c 0) {\n        return false;\n    }\n    --(_inputPtr);\n}",
                "dst_parent": "if ((ch \u003d\u003d \u0027\\r\u0027) || (ch \u003d\u003d \u0027\\n\u0027)) {\n    _pendingLF \u003d ch;\n    _handleLF();\n    firstCharacterPtr \u003d _inputPtr;\n    continue;\n}"
              },
              "line": 494,
              "file": "/home/khesoem/projects/lighter/exp/csv/src/main/java/com/fasterxml/jackson/dataformat/csv/impl/CsvDecoder.java",
              "stats": {
                "number_of_src_entities": 42,
                "number_of_dst_entities": 16,
                "src_entity_types": "[boolean, com.fasterxml.jackson.dataformat.csv.impl.CsvDecoder, char]",
                "dst_entity_types": "[boolean, char]"
              }
            }
          ]
        },
        {
          "tool-name": "Cardumen",
          "pattern-name": "Cardumen:expression_replacement_by_upd",
          "Unified_Diff_of-files:": "Starts Below...",
          "INSERT:": "    }",
          "DELETE:": "    {",
          "CHANGE_old:": "                    --_inputPtr;",
          "CHANGE_new:": "",
          "instance_detail": [
            {
              "pattern_action": "UPD",
              "pattern_entity": {
                "entity_type": "Expression",
                "entity_new value": "*",
                "entity_role": "*",
                "entity_parent": "null"
              },
              "concrete_change": {
                "operator": "UPD",
                "src_type": "BinaryOperator",
                "dst_type": "BinaryOperator",
                "src": "i \u003c 0",
                "dst": "ch \u003d\u003d \u0027 \u0027",
                "src_parent_type": "If",
                "dst_parent_type": "If",
                "src_parent": "if (i \u003c 0) {\n    return false;\n}",
                "dst_parent": "if (ch \u003d\u003d \u0027 \u0027) {\n    continue;\n}"
              },
              "line": 497,
              "file": "/home/khesoem/projects/lighter/exp/csv/src/main/java/com/fasterxml/jackson/dataformat/csv/impl/CsvDecoder.java",
              "stats": {
                "number_of_src_entities": 7,
                "number_of_dst_entities": 7,
                "src_entity_types": "[int, boolean]",
                "dst_entity_types": "[boolean, char]"
              }
            }
          ]
        },
        {
          "tool-name": "Cardumen",
          "pattern-name": "Cardumen:expression_replacement_by_upd",
          "Unified_Diff_of-files:": "Starts Below...",
          "INSERT:": "    }",
          "DELETE:": "    {",
          "CHANGE_old:": "                    --_inputPtr;",
          "CHANGE_new:": "",
          "instance_detail": [
            {
              "pattern_action": "UPD",
              "pattern_entity": {
                "entity_type": "Expression",
                "entity_new value": "*",
                "entity_role": "*",
                "entity_parent": "null"
              },
              "concrete_change": {
                "operator": "UPD",
                "src_type": "UnaryOperator",
                "dst_type": "UnaryOperator",
                "src": "--(_inputPtr)",
                "dst": "((_inputPtr)++)",
                "src_parent_type": "Block",
                "dst_parent_type": "ArrayRead",
                "src_parent": "{\n    int i \u003d _skipCommentLines();\n    if (i \u003c 0) {\n        return false;\n    }\n    --(_inputPtr);\n}",
                "dst_parent": "_inputBuffer[((_inputPtr)++)]"
              },
              "line": 501,
              "file": "/home/khesoem/projects/lighter/exp/csv/src/main/java/com/fasterxml/jackson/dataformat/csv/impl/CsvDecoder.java",
              "stats": {
                "number_of_src_entities": 13,
                "number_of_dst_entities": 13,
                "src_entity_types": "[int, com.fasterxml.jackson.dataformat.csv.impl.CsvDecoder]",
                "dst_entity_types": "[int, com.fasterxml.jackson.dataformat.csv.impl.CsvDecoder]"
              }
            }
          ]
        },
        {
          "tool-name": "Cardumen",
          "pattern-name": "Cardumen:expression_replacement_by_upd",
          "Unified_Diff_of-files:": "Starts Below...",
          "INSERT:": "    }",
          "DELETE:": "    {",
          "CHANGE_old:": "                    --_inputPtr;",
          "CHANGE_new:": "",
          "instance_detail": [
            {
              "pattern_action": "UPD",
              "pattern_entity": {
                "entity_type": "Expression",
                "entity_new value": "*",
                "entity_role": "*",
                "entity_parent": "null"
              },
              "concrete_change": {
                "operator": "UPD",
                "src_type": "VariableRead",
                "dst_type": "VariableRead",
                "src": "i",
                "dst": "ch",
                "src_parent_type": "BinaryOperator",
                "dst_parent_type": "BinaryOperator",
                "src_parent": "i \u003c 0",
                "dst_parent": "ch \u003d\u003d \u0027 \u0027"
              },
              "line": 497,
              "file": "/home/khesoem/projects/lighter/exp/csv/src/main/java/com/fasterxml/jackson/dataformat/csv/impl/CsvDecoder.java",
              "stats": {
                "number_of_src_entities": 3,
                "number_of_dst_entities": 3,
                "src_entity_types": "[int]",
                "dst_entity_types": "[char]"
              }
            }
          ]
        },
        {
          "tool-name": "Cardumen",
          "pattern-name": "Cardumen:expression_replacement_by_upd",
          "Unified_Diff_of-files:": "Starts Below...",
          "INSERT:": "    }",
          "DELETE:": "    {",
          "CHANGE_old:": "                    --_inputPtr;",
          "CHANGE_new:": "",
          "instance_detail": [
            {
              "pattern_action": "UPD",
              "pattern_entity": {
                "entity_type": "Expression",
                "entity_new value": "*",
                "entity_role": "*",
                "entity_parent": "null"
              },
              "concrete_change": {
                "operator": "UPD",
                "src_type": "Literal",
                "dst_type": "Literal",
                "src": "0",
                "dst": "\u0027 \u0027",
                "src_parent_type": "BinaryOperator",
                "dst_parent_type": "BinaryOperator",
                "src_parent": "i \u003c 0",
                "dst_parent": "ch \u003d\u003d \u0027 \u0027"
              },
              "line": 497,
              "file": "/home/khesoem/projects/lighter/exp/csv/src/main/java/com/fasterxml/jackson/dataformat/csv/impl/CsvDecoder.java",
              "stats": {
                "number_of_src_entities": 2,
                "number_of_dst_entities": 2,
                "src_entity_types": "[int]",
                "dst_entity_types": "[char]"
              }
            }
          ]
        },
        {
          "tool-name": "Cardumen",
          "pattern-name": "Cardumen:expression_replacement_by_upd",
          "Unified_Diff_of-files:": "Starts Below...",
          "INSERT:": "    }",
          "DELETE:": "    {",
          "CHANGE_old:": "                    --_inputPtr;",
          "CHANGE_new:": "",
          "instance_detail": [
            {
              "pattern_action": "UPD",
              "pattern_entity": {
                "entity_type": "Expression",
                "entity_new value": "*",
                "entity_role": "*",
                "entity_parent": "null"
              },
              "concrete_change": {
                "operator": "UPD",
                "src_type": "Literal",
                "dst_type": "Literal",
                "src": "\u0027#\u0027",
                "dst": "\u0027\\r\u0027",
                "src_parent_type": "BinaryOperator",
                "dst_parent_type": "BinaryOperator",
                "src_parent": "((_inputBuffer[_inputPtr]) \u003d\u003d \u0027#\u0027)",
                "dst_parent": "(ch \u003d\u003d \u0027\\r\u0027)"
              },
              "line": 494,
              "file": "/home/khesoem/projects/lighter/exp/csv/src/main/java/com/fasterxml/jackson/dataformat/csv/impl/CsvDecoder.java",
              "stats": {
                "number_of_src_entities": 2,
                "number_of_dst_entities": 2,
                "src_entity_types": "[char]",
                "dst_entity_types": "[char]"
              }
            }
          ]
        }
      ]
    }
  ],
  "complete_analysis": true
}