{
  "instances": [
    {
      "revision": "2d57978317b69cf534fa65b8831674634ed180fb",
      "repairability": [
        {
          "tool-name": "Cardumen",
          "pattern-name": "Cardumen:expression_replacement_by_upd",
          "Unified_Diff_of-files:": "Starts Below...",
          "INSERT:": "    ",
          "CHANGE_old:": "",
          "CHANGE_new:": "        _numTypesValid \u003d NR_BIGINT;",
          "DELETE:": "        ",
          "instance_detail": [
            {
              "pattern_action": "UPD",
              "pattern_entity": {
                "entity_type": "Expression",
                "entity_new value": "*",
                "entity_role": "*",
                "entity_parent": "null"
              },
              "concrete_change": {
                "operator": "UPD",
                "src_type": "VariableRead",
                "dst_type": "VariableRead",
                "src": "v",
                "dst": "unscaled",
                "src_parent_type": "Invocation",
                "dst_parent_type": "Invocation",
                "src_parent": "_writeIntValue(v)",
                "dst_parent": "unscaled.intValue()"
              },
              "line": 874,
              "file": "/home/khesoem/projects/lighter/exp/cbor/src/main/java/com/fasterxml/jackson/dataformat/cbor/CBORGenerator.java",
              "stats": {
                "number_of_src_entities": 3,
                "number_of_dst_entities": 4,
                "src_entity_types": "[int]",
                "dst_entity_types": "[java.math.BigInteger]"
              }
            }
          ]
        },
        {
          "tool-name": "Cardumen",
          "pattern-name": "Cardumen:expression_replacement_by_upd",
          "Unified_Diff_of-files:": "Starts Below...",
          "INSERT:": "    ",
          "CHANGE_old:": "",
          "CHANGE_new:": "        _numTypesValid \u003d NR_BIGINT;",
          "DELETE:": "        ",
          "instance_detail": [
            {
              "pattern_action": "UPD",
              "pattern_entity": {
                "entity_type": "Expression",
                "entity_new value": "*",
                "entity_role": "*",
                "entity_parent": "null"
              },
              "concrete_change": {
                "operator": "UPD",
                "src_type": "Literal",
                "dst_type": "Literal",
                "src": "8",
                "dst": "63",
                "src_parent_type": "BinaryOperator",
                "dst_parent_type": "BinaryOperator",
                "src_parent": "(data.length) \u003c\u003d 8",
                "dst_parent": "bitLength \u003c\u003d 63"
              },
              "line": 875,
              "file": "/home/khesoem/projects/lighter/exp/cbor/src/main/java/com/fasterxml/jackson/dataformat/cbor/CBORGenerator.java",
              "stats": {
                "number_of_src_entities": 2,
                "number_of_dst_entities": 2,
                "src_entity_types": "[int]",
                "dst_entity_types": "[int]"
              }
            }
          ]
        },
        {
          "tool-name": "Cardumen",
          "pattern-name": "Cardumen:expression_replacement_by_upd",
          "Unified_Diff_of-files:": "Starts Below...",
          "INSERT:": "    ",
          "CHANGE_old:": "",
          "CHANGE_new:": "        _numTypesValid \u003d NR_BIGINT;",
          "DELETE:": "        ",
          "instance_detail": [
            {
              "pattern_action": "UPD",
              "pattern_entity": {
                "entity_type": "Expression",
                "entity_new value": "*",
                "entity_role": "*",
                "entity_parent": "null"
              },
              "concrete_change": {
                "operator": "UPD",
                "src_type": "VariableRead",
                "dst_type": "VariableRead",
                "src": "data",
                "dst": "unscaled",
                "src_parent_type": "Invocation",
                "dst_parent_type": "Invocation",
                "src_parent": "_writeBytes(data, 0, len)",
                "dst_parent": "_write(unscaled)"
              },
              "line": 884,
              "file": "/home/khesoem/projects/lighter/exp/cbor/src/main/java/com/fasterxml/jackson/dataformat/cbor/CBORGenerator.java",
              "stats": {
                "number_of_src_entities": 4,
                "number_of_dst_entities": 4,
                "src_entity_types": "[byte]",
                "dst_entity_types": "[java.math.BigInteger]"
              }
            }
          ]
        },
        {
          "tool-name": "Cardumen",
          "pattern-name": "Cardumen:expression_replacement_by_upd",
          "Unified_Diff_of-files:": "Starts Below...",
          "INSERT:": "    ",
          "CHANGE_old:": "",
          "CHANGE_new:": "        _numTypesValid \u003d NR_BIGINT;",
          "DELETE:": "        ",
          "instance_detail": [
            {
              "pattern_action": "UPD",
              "pattern_entity": {
                "entity_type": "Expression",
                "entity_new value": "*",
                "entity_role": "*",
                "entity_parent": "null"
              },
              "concrete_change": {
                "operator": "UPD",
                "src_type": "VariableRead",
                "dst_type": "VariableRead",
                "src": "v",
                "dst": "unscaled",
                "src_parent_type": "Invocation",
                "dst_parent_type": "Invocation",
                "src_parent": "_writeLongValue(v)",
                "dst_parent": "unscaled.longValue()"
              },
              "line": 880,
              "file": "/home/khesoem/projects/lighter/exp/cbor/src/main/java/com/fasterxml/jackson/dataformat/cbor/CBORGenerator.java",
              "stats": {
                "number_of_src_entities": 3,
                "number_of_dst_entities": 4,
                "src_entity_types": "[long]",
                "dst_entity_types": "[java.math.BigInteger]"
              }
            }
          ]
        },
        {
          "tool-name": "Cardumen",
          "pattern-name": "Cardumen:expression_replacement_by_del_ins",
          "Unified_Diff_of-files:": "Starts Below...",
          "INSERT:": "    ",
          "CHANGE_old:": "",
          "CHANGE_new:": "        _numTypesValid \u003d NR_BIGINT;",
          "DELETE:": "        ",
          "instance_detail": [
            {
              "pattern_action": "INS",
              "pattern_entity": {
                "entity_type": "Expression",
                "entity_new value": "*",
                "entity_role": "*",
                "entity_parent": "null"
              },
              "concrete_change": {
                "operator": "INS",
                "src_type": "BinaryOperator",
                "dst_type": "null",
                "src": "(-i) - 1",
                "dst": "null",
                "src_parent_type": "Assignment",
                "dst_parent_type": "null",
                "src_parent": "i \u003d (-i) - 1",
                "dst_parent": "null"
              },
              "line": 1305,
              "file": "/home/khesoem/projects/lighter/exp/cbor/src/main/java/com/fasterxml/jackson/dataformat/cbor/CBORGenerator.java",
              "stats": {
                "number_of_src_entities": 9,
                "number_of_dst_entities": -1,
                "src_entity_types": "[int]",
                "dst_entity_types": "[]"
              }
            },
            {
              "pattern_action": "DEL",
              "pattern_entity": {
                "entity_type": "Expression",
                "entity_new value": "*",
                "entity_role": "*",
                "entity_parent": "null"
              },
              "concrete_change": {
                "operator": "DEL",
                "src_type": "UnaryOperator",
                "dst_type": "null",
                "src": "-1",
                "dst": "null",
                "src_parent_type": "Assignment",
                "dst_parent_type": "null",
                "src_parent": "i \u003d -1",
                "dst_parent": "null"
              },
              "line": 1311,
              "file": "/home/khesoem/projects/lighter/exp/cbor/src/main/java/com/fasterxml/jackson/dataformat/cbor/CBORGenerator.java",
              "stats": {
                "number_of_src_entities": 4,
                "number_of_dst_entities": -1,
                "src_entity_types": "[int]",
                "dst_entity_types": "[]"
              }
            }
          ]
        },
        {
          "tool-name": "Cardumen",
          "pattern-name": "Cardumen:expression_replacement_by_del_ins",
          "Unified_Diff_of-files:": "Starts Below...",
          "INSERT:": "    ",
          "CHANGE_old:": "",
          "CHANGE_new:": "        _numTypesValid \u003d NR_BIGINT;",
          "DELETE:": "        ",
          "instance_detail": [
            {
              "pattern_action": "INS",
              "pattern_entity": {
                "entity_type": "Expression",
                "entity_new value": "*",
                "entity_role": "*",
                "entity_parent": "null"
              },
              "concrete_change": {
                "operator": "INS",
                "src_type": "VariableRead",
                "dst_type": "null",
                "src": "l",
                "dst": "null",
                "src_parent_type": "UnaryOperator",
                "dst_parent_type": "null",
                "src_parent": "-l",
                "dst_parent": "null"
              },
              "line": 1318,
              "file": "/home/khesoem/projects/lighter/exp/cbor/src/main/java/com/fasterxml/jackson/dataformat/cbor/CBORGenerator.java",
              "stats": {
                "number_of_src_entities": 3,
                "number_of_dst_entities": -1,
                "src_entity_types": "[long]",
                "dst_entity_types": "[]"
              }
            },
            {
              "pattern_action": "DEL",
              "pattern_entity": {
                "entity_type": "Expression",
                "entity_new value": "*",
                "entity_role": "*",
                "entity_parent": "null"
              },
              "concrete_change": {
                "operator": "DEL",
                "src_type": "Literal",
                "dst_type": "null",
                "src": "1",
                "dst": "null",
                "src_parent_type": "UnaryOperator",
                "dst_parent_type": "null",
                "src_parent": "-1",
                "dst_parent": "null"
              },
              "line": 1324,
              "file": "/home/khesoem/projects/lighter/exp/cbor/src/main/java/com/fasterxml/jackson/dataformat/cbor/CBORGenerator.java",
              "stats": {
                "number_of_src_entities": 2,
                "number_of_dst_entities": -1,
                "src_entity_types": "[int]",
                "dst_entity_types": "[]"
              }
            }
          ]
        }
      ]
    }
  ],
  "complete_analysis": true
}