{
  "instances": [
    {
      "revision": "3e48f98b85d463496c1d9ca68c7a997281251562",
      "repairability": [
        {
          "tool-name": "Cardumen",
          "pattern-name": "Cardumen:expression_replacement_by_del_ins",
          "Unified_Diff_of-files:": "Starts Below...",
          "CHANGE_old:": "        throw _constructError(String.format(",
          "CHANGE_new:": "        throw _constructReadException(String.format(",
          "instance_detail": [
            {
              "pattern_action": "DEL",
              "pattern_entity": {
                "entity_type": "Expression",
                "entity_new value": "*",
                "entity_role": "*",
                "entity_parent": "null"
              },
              "concrete_change": {
                "operator": "DEL",
                "src_type": "BinaryOperator",
                "dst_type": "null",
                "src": "((\"Illegal chunked-length indicator within chunked-length value (type \" + expectedType) + \")\")",
                "dst": "null",
                "src_parent_type": "Invocation",
                "dst_parent_type": "null",
                "src_parent": "_constructError(((\"Illegal chunked-length indicator within chunked-length value (type \" + expectedType) + \")\"))",
                "dst_parent": "null"
              },
              "line": 3070,
              "file": "/home/khesoem/projects/lighter/exp/cbor/src/main/java/com/fasterxml/jackson/dataformat/cbor/CBORParser.java"
            },
            {
              "pattern_action": "INS",
              "pattern_entity": {
                "entity_type": "Expression",
                "entity_new value": "*",
                "entity_role": "*",
                "entity_parent": "null"
              },
              "concrete_change": {
                "operator": "INS",
                "src_type": "VariableRead",
                "dst_type": "null",
                "src": "expectedType",
                "dst": "null",
                "src_parent_type": "Invocation",
                "dst_parent_type": "null",
                "src_parent": "_constructReadException(\"Illegal chunked-length indicator within chunked-length value (type %d)\", expectedType)",
                "dst_parent": "null"
              },
              "line": 3077,
              "file": "/home/khesoem/projects/lighter/exp/cbor/src/main/java/com/fasterxml/jackson/dataformat/cbor/CBORParser.java"
            }
          ]
        }
      ]
    }
  ],
  "complete_analysis": true
}