{
  "instances": [
    {
      "revision": "197a18f192e9c71d2a702024df82ae1593ca0a37",
      "repairability": [
        {
          "tool-name": "Arja",
          "pattern-name": "Arja:arja_shallow_change",
          "Unified_Diff_of-files:": "Starts Below...",
          "CHANGE_old:": "            msg \u003d PREFIX_DURING_SPECIFIC_WALK_MSG + String.format(\" %s:%s %s\", file, line, msg);",
          "CHANGE_new:": "            msg \u003d String.format(\"%s %s:%s %s\", PREFIX_DURING_SPECIFIC_WALK_MSG, file, line, msg);",
          "DELETE:": "",
          "instance_detail": [
            {
              "pattern_action": "ANY",
              "pattern_entity": {
                "entity_type": "Statement",
                "entity_new value": "*",
                "entity_role": "*",
                "entity_parent": "null"
              },
              "concrete_change": {
                "operator": "DEL",
                "src_type": "Invocation",
                "dst_type": "null",
                "src": "org.sonar.cxx.sensors.pclint.CxxPCLintSensor.PREFIX_DURING_SPECIFIC_WALK_MSG.length()",
                "dst": "null",
                "src_parent_type": "Field",
                "dst_parent_type": "null",
                "src_parent": "private static final int PREFIX_MSG_LENGTH \u003d org.sonar.cxx.sensors.pclint.CxxPCLintSensor.PREFIX_DURING_SPECIFIC_WALK_MSG.length();",
                "dst_parent": "null"
              },
              "line": 62,
              "file": "/home/khesoem/projects/lighter/exp/cxx-sensors/src/main/java/org/sonar/cxx/sensors/pclint/CxxPCLintSensor.java"
            }
          ]
        },
        {
          "tool-name": "Arja",
          "pattern-name": "Arja:arja_shallow_change",
          "Unified_Diff_of-files:": "Starts Below...",
          "CHANGE_old:": "            msg \u003d PREFIX_DURING_SPECIFIC_WALK_MSG + String.format(\" %s:%s %s\", file, line, msg);",
          "CHANGE_new:": "            msg \u003d String.format(\"%s %s:%s %s\", PREFIX_DURING_SPECIFIC_WALK_MSG, file, line, msg);",
          "DELETE:": "",
          "instance_detail": [
            {
              "pattern_action": "ANY",
              "pattern_entity": {
                "entity_type": "Statement",
                "entity_new value": "*",
                "entity_role": "*",
                "entity_parent": "null"
              },
              "concrete_change": {
                "operator": "DEL",
                "src_type": "LocalVariable",
                "dst_type": "null",
                "src": "org.sonar.cxx.utils.CxxReportIssue issue \u003d new org.sonar.cxx.utils.CxxReportIssue(id, file, line, msg)",
                "dst": "null",
                "src_parent_type": "Block",
                "dst_parent_type": "null",
                "src_parent": "{\n    if (msg.contains(\"MISRA\")) {\n        if ((((msg.contains(\"MISRA 2004\")) || (msg.contains(\"MISRA 2008\"))) || (msg.contains(\"MISRA C++ 2008\"))) || (msg.contains(\"MISRA C++ Rule\"))) {\n            id \u003d mapMisraRulesToUniqueSonarRules(msg, java.lang.Boolean.FALSE);\n        } else\n            if (msg.contains(\"MISRA 2012 Rule\")) {\n                id \u003d mapMisraRulesToUniqueSonarRules(msg, java.lang.Boolean.TRUE);\n            }\n\n    }\n    org.sonar.cxx.utils.CxxReportIssue issue \u003d new org.sonar.cxx.utils.CxxReportIssue(id, file, line, msg);\n    if (currentIssue !\u003d null) {\n        saveUniqueViolation(context, currentIssue);\n    }\n    currentIssue \u003d issue;\n}",
                "dst_parent": "null"
              },
              "line": 135,
              "file": "/home/khesoem/projects/lighter/exp/cxx-sensors/src/main/java/org/sonar/cxx/sensors/pclint/CxxPCLintSensor.java",
              "stats": {
                "number_of_src_entities": 33,
                "number_of_dst_entities": -1,
                "src_entity_types": "[java.lang.String, org.sonar.cxx.utils.CxxReportIssue]",
                "dst_entity_types": "[]"
              }
            }
          ]
        },
        {
          "tool-name": "Arja",
          "pattern-name": "Arja:arja_shallow_change",
          "Unified_Diff_of-files:": "Starts Below...",
          "CHANGE_old:": "            msg \u003d PREFIX_DURING_SPECIFIC_WALK_MSG + String.format(\" %s:%s %s\", file, line, msg);",
          "CHANGE_new:": "            msg \u003d String.format(\"%s %s:%s %s\", PREFIX_DURING_SPECIFIC_WALK_MSG, file, line, msg);",
          "DELETE:": "",
          "instance_detail": [
            {
              "pattern_action": "ANY",
              "pattern_entity": {
                "entity_type": "Statement",
                "entity_new value": "*",
                "entity_role": "*",
                "entity_parent": "null"
              },
              "concrete_change": {
                "operator": "DEL",
                "src_type": "Invocation",
                "dst_type": "null",
                "src": "(msg.startsWith(org.sonar.cxx.sensors.pclint.CxxPCLintSensor.PREFIX_DURING_SPECIFIC_WALK_MSG))",
                "dst": "null",
                "src_parent_type": "BinaryOperator",
                "dst_parent_type": "null",
                "src_parent": "(((file !\u003d null) \u0026\u0026 (file.isEmpty())) \u0026\u0026 (msg !\u003d null)) \u0026\u0026 (msg.startsWith(org.sonar.cxx.sensors.pclint.CxxPCLintSensor.PREFIX_DURING_SPECIFIC_WALK_MSG))",
                "dst_parent": "null"
              },
              "line": 164,
              "file": "/home/khesoem/projects/lighter/exp/cxx-sensors/src/main/java/org/sonar/cxx/sensors/pclint/CxxPCLintSensor.java"
            }
          ]
        },
        {
          "tool-name": "Arja",
          "pattern-name": "Arja:arja_shallow_change",
          "Unified_Diff_of-files:": "Starts Below...",
          "CHANGE_old:": "            msg \u003d PREFIX_DURING_SPECIFIC_WALK_MSG + String.format(\" %s:%s %s\", file, line, msg);",
          "CHANGE_new:": "            msg \u003d String.format(\"%s %s:%s %s\", PREFIX_DURING_SPECIFIC_WALK_MSG, file, line, msg);",
          "DELETE:": "",
          "instance_detail": [
            {
              "pattern_action": "ANY",
              "pattern_entity": {
                "entity_type": "Statement",
                "entity_new value": "*",
                "entity_role": "*",
                "entity_parent": "null"
              },
              "concrete_change": {
                "operator": "DEL",
                "src_type": "Invocation",
                "dst_type": "null",
                "src": "msg.indexOf(\" \", org.sonar.cxx.sensors.pclint.CxxPCLintSensor.PREFIX_MSG_LENGTH)",
                "dst": "null",
                "src_parent_type": "Invocation",
                "dst_parent_type": "null",
                "src_parent": "msg.substring(org.sonar.cxx.sensors.pclint.CxxPCLintSensor.PREFIX_MSG_LENGTH, msg.indexOf(\" \", org.sonar.cxx.sensors.pclint.CxxPCLintSensor.PREFIX_MSG_LENGTH))",
                "dst_parent": "null"
              },
              "line": 166,
              "file": "/home/khesoem/projects/lighter/exp/cxx-sensors/src/main/java/org/sonar/cxx/sensors/pclint/CxxPCLintSensor.java"
            }
          ]
        },
        {
          "tool-name": "Arja",
          "pattern-name": "Arja:arja_shallow_change",
          "Unified_Diff_of-files:": "Starts Below...",
          "CHANGE_old:": "            msg \u003d PREFIX_DURING_SPECIFIC_WALK_MSG + String.format(\" %s:%s %s\", file, line, msg);",
          "CHANGE_new:": "            msg \u003d String.format(\"%s %s:%s %s\", PREFIX_DURING_SPECIFIC_WALK_MSG, file, line, msg);",
          "DELETE:": "",
          "instance_detail": [
            {
              "pattern_action": "ANY",
              "pattern_entity": {
                "entity_type": "Statement",
                "entity_new value": "*",
                "entity_role": "*",
                "entity_parent": "null"
              },
              "concrete_change": {
                "operator": "DEL",
                "src_type": "Invocation",
                "dst_type": "null",
                "src": "msg.substring(org.sonar.cxx.sensors.pclint.CxxPCLintSensor.PREFIX_MSG_LENGTH, msg.indexOf(\" \", org.sonar.cxx.sensors.pclint.CxxPCLintSensor.PREFIX_MSG_LENGTH))",
                "dst": "null",
                "src_parent_type": "LocalVariable",
                "dst_parent_type": "null",
                "src_parent": "java.lang.String walkedSrcFile \u003d msg.substring(org.sonar.cxx.sensors.pclint.CxxPCLintSensor.PREFIX_MSG_LENGTH, msg.indexOf(\" \", org.sonar.cxx.sensors.pclint.CxxPCLintSensor.PREFIX_MSG_LENGTH))",
                "dst_parent": "null"
              },
              "line": 166,
              "file": "/home/khesoem/projects/lighter/exp/cxx-sensors/src/main/java/org/sonar/cxx/sensors/pclint/CxxPCLintSensor.java"
            }
          ]
        },
        {
          "tool-name": "Arja",
          "pattern-name": "Arja:arja_shallow_change",
          "Unified_Diff_of-files:": "Starts Below...",
          "CHANGE_old:": "            msg \u003d PREFIX_DURING_SPECIFIC_WALK_MSG + String.format(\" %s:%s %s\", file, line, msg);",
          "CHANGE_new:": "            msg \u003d String.format(\"%s %s:%s %s\", PREFIX_DURING_SPECIFIC_WALK_MSG, file, line, msg);",
          "DELETE:": "",
          "instance_detail": [
            {
              "pattern_action": "ANY",
              "pattern_entity": {
                "entity_type": "Statement",
                "entity_new value": "*",
                "entity_role": "*",
                "entity_parent": "null"
              },
              "concrete_change": {
                "operator": "DEL",
                "src_type": "LocalVariable",
                "dst_type": "null",
                "src": "java.lang.String walkedSrcFile \u003d msg.substring(org.sonar.cxx.sensors.pclint.CxxPCLintSensor.PREFIX_MSG_LENGTH, msg.indexOf(\" \", org.sonar.cxx.sensors.pclint.CxxPCLintSensor.PREFIX_MSG_LENGTH))",
                "dst": "null",
                "src_parent_type": "Block",
                "dst_parent_type": "null",
                "src_parent": "{\n    java.lang.String walkedSrcFile \u003d msg.substring(org.sonar.cxx.sensors.pclint.CxxPCLintSensor.PREFIX_MSG_LENGTH, msg.indexOf(\" \", org.sonar.cxx.sensors.pclint.CxxPCLintSensor.PREFIX_MSG_LENGTH));\n    java.util.regex.Matcher matcher \u003d org.sonar.cxx.sensors.pclint.CxxPCLintSensor.FILE_NAME_WITH_LINE_AND_COL_PATTERN.matcher(walkedSrcFile);\n    if (matcher.matches()) {\n        file \u003d matcher.group(1);\n        line \u003d matcher.group(2);\n    }\n}",
                "dst_parent": "null"
              },
              "line": 165,
              "file": "/home/khesoem/projects/lighter/exp/cxx-sensors/src/main/java/org/sonar/cxx/sensors/pclint/CxxPCLintSensor.java",
              "stats": {
                "number_of_src_entities": 46,
                "number_of_dst_entities": -1,
                "src_entity_types": "[org.sonar.cxx.sensors.pclint.CxxPCLintSensor, java.lang.String]",
                "dst_entity_types": "[]"
              }
            }
          ]
        },
        {
          "tool-name": "Arja",
          "pattern-name": "Arja:arja_shallow_change",
          "Unified_Diff_of-files:": "Starts Below...",
          "CHANGE_old:": "            msg \u003d PREFIX_DURING_SPECIFIC_WALK_MSG + String.format(\" %s:%s %s\", file, line, msg);",
          "CHANGE_new:": "            msg \u003d String.format(\"%s %s:%s %s\", PREFIX_DURING_SPECIFIC_WALK_MSG, file, line, msg);",
          "DELETE:": "",
          "instance_detail": [
            {
              "pattern_action": "ANY",
              "pattern_entity": {
                "entity_type": "Statement",
                "entity_new value": "*",
                "entity_role": "*",
                "entity_parent": "null"
              },
              "concrete_change": {
                "operator": "DEL",
                "src_type": "Invocation",
                "dst_type": "null",
                "src": "(java.lang.String.format(\" %s:%s %s\", file, line, msg))",
                "dst": "null",
                "src_parent_type": "BinaryOperator",
                "dst_parent_type": "null",
                "src_parent": "(org.sonar.cxx.sensors.pclint.CxxPCLintSensor.PREFIX_DURING_SPECIFIC_WALK_MSG) + (java.lang.String.format(\" %s:%s %s\", file, line, msg))",
                "dst_parent": "null"
              },
              "line": 191,
              "file": "/home/khesoem/projects/lighter/exp/cxx-sensors/src/main/java/org/sonar/cxx/sensors/pclint/CxxPCLintSensor.java"
            }
          ]
        }
      ]
    }
  ],
  "complete_analysis": true
}