{
  "instances": [
    {
      "revision": "13aad26a801850daf76f711b4d17bf80a4ea181e",
      "repairability": [
        {
          "tool-name": "Elixir",
          "pattern-name": "Elixir:check_length",
          "Unified_Diff_of-files:": "Starts Below...",
          "CHANGE_old:": "     * At DEBUG level it will output all INFO logs on every pass.",
          "CHANGE_new:": "     * INFO logs on every pass.",
          "INSERT:": "    }",
          "instance_detail": [
            {
              "pattern_action": "INS",
              "pattern_entity": {
                "entity_type": "If",
                "entity_new value": "*",
                "entity_role": "*",
                "entity_parent": "null"
              },
              "concrete_change": {
                "operator": "INS",
                "src_type": "If",
                "dst_type": "null",
                "src": "if ((sequenceNumber !\u003d null) \u0026\u0026 (!(sequenceNumber.equals(lastCheckpointValue)))) {\n    try {\n        checkpoint.setCheckpoint(shardInfo.getShardId(), checkpointValue, shardInfo.getConcurrencyToken());\n        lastCheckpointValue \u003d checkpointValue;\n    } catch (com.amazonaws.services.kinesis.clientlibrary.exceptions.ThrottlingException e) {\n        throw e;\n    } catch (com.amazonaws.services.kinesis.clientlibrary.exceptions.ShutdownException e) {\n        throw e;\n    } catch (com.amazonaws.services.kinesis.clientlibrary.exceptions.InvalidStateException e) {\n        throw e;\n    } catch (com.amazonaws.services.kinesis.clientlibrary.exceptions.KinesisClientLibDependencyException e) {\n        throw e;\n    } catch (com.amazonaws.services.kinesis.clientlibrary.exceptions.KinesisClientLibException e) {\n        com.amazonaws.services.kinesis.clientlibrary.lib.worker.RecordProcessorCheckpointer.LOG.warn(\"Caught exception setting checkpoint.\", e);\n        throw new com.amazonaws.services.kinesis.clientlibrary.exceptions.KinesisClientLibDependencyException(\"Caught exception while checkpointing\", e);\n    }\n}",
                "dst": "null",
                "src_parent_type": "Block",
                "dst_parent_type": "null",
                "src_parent": "{\n    java.lang.String checkpointValue \u003d sequenceNumber;\n    if (((sequenceNumberAtShardEnd) !\u003d null) \u0026\u0026 (sequenceNumberAtShardEnd.equals(sequenceNumber))) {\n        checkpointValue \u003d SentinelCheckpoint.SHARD_END.toString();\n    }\n    if ((sequenceNumber !\u003d null) \u0026\u0026 (!(sequenceNumber.equals(lastCheckpointValue)))) {\n        try {\n            checkpoint.setCheckpoint(shardInfo.getShardId(), checkpointValue, shardInfo.getConcurrencyToken());\n            lastCheckpointValue \u003d checkpointValue;\n        } catch (com.amazonaws.services.kinesis.clientlibrary.exceptions.ThrottlingException e) {\n            throw e;\n        } catch (com.amazonaws.services.kinesis.clientlibrary.exceptions.ShutdownException e) {\n            throw e;\n        } catch (com.amazonaws.services.kinesis.clientlibrary.exceptions.InvalidStateException e) {\n            throw e;\n        } catch (com.amazonaws.services.kinesis.clientlibrary.exceptions.KinesisClientLibDependencyException e) {\n            throw e;\n        } catch (com.amazonaws.services.kinesis.clientlibrary.exceptions.KinesisClientLibException e) {\n            com.amazonaws.services.kinesis.clientlibrary.lib.worker.RecordProcessorCheckpointer.LOG.warn(\"Caught exception setting checkpoint.\", e);\n            throw new com.amazonaws.services.kinesis.clientlibrary.exceptions.KinesisClientLibDependencyException(\"Caught exception while checkpointing\", e);\n        }\n    }\n}",
                "dst_parent": "null"
              },
              "line": 159,
              "file": "/home/khesoem/projects/lighter/exp/src/main/java/com/amazonaws/services/kinesis/clientlibrary/lib/worker/RecordProcessorCheckpointer.java",
              "stats": {
                "number_of_src_entities": 196,
                "number_of_dst_entities": -1,
                "src_entity_types": "[com.amazonaws.services.kinesis.clientlibrary.interfaces.ICheckpoint, org.apache.commons.logging.Log, com.amazonaws.services.kinesis.clientlibrary.exceptions.KinesisClientLibDependencyException, java.lang.Object, java.lang.String, com.amazonaws.services.kinesis.clientlibrary.lib.worker.RecordProcessorCheckpointer, com.amazonaws.services.kinesis.clientlibrary.exceptions.InvalidStateException, com.amazonaws.services.kinesis.clientlibrary.exceptions.ShutdownException, \u003cnulltype\u003e, com.amazonaws.services.kinesis.clientlibrary.exceptions.KinesisClientLibException, boolean, com.amazonaws.services.kinesis.clientlibrary.exceptions.ThrottlingException, com.amazonaws.services.kinesis.clientlibrary.lib.worker.ShardInfo]",
                "dst_entity_types": "[]"
              }
            },
            {
              "pattern_action": "MOV",
              "pattern_entity": {
                "entity_type": "Statement",
                "entity_new value": "*",
                "entity_role": "*",
                "entity_parent": "null"
              },
              "concrete_change": {
                "operator": "MOV",
                "src_type": "Try",
                "dst_type": "Try",
                "src": "try {\n    checkpoint.setCheckpoint(shardInfo.getShardId(), sequenceNumber, shardInfo.getConcurrencyToken());\n    lastCheckpointValue \u003d sequenceNumber;\n} catch (com.amazonaws.services.kinesis.clientlibrary.exceptions.ThrottlingException e) {\n    throw e;\n} catch (com.amazonaws.services.kinesis.clientlibrary.exceptions.ShutdownException e) {\n    throw e;\n} catch (com.amazonaws.services.kinesis.clientlibrary.exceptions.InvalidStateException e) {\n    throw e;\n} catch (com.amazonaws.services.kinesis.clientlibrary.exceptions.KinesisClientLibDependencyException e) {\n    throw e;\n} catch (com.amazonaws.services.kinesis.clientlibrary.exceptions.KinesisClientLibException e) {\n    com.amazonaws.services.kinesis.clientlibrary.lib.worker.RecordProcessorCheckpointer.LOG.warn(\"Caught exception setting checkpoint.\", e);\n    throw new com.amazonaws.services.kinesis.clientlibrary.exceptions.KinesisClientLibDependencyException(\"Caught exception while checkpointing\", e);\n}",
                "dst": "try {\n    checkpoint.setCheckpoint(shardInfo.getShardId(), checkpointValue, shardInfo.getConcurrencyToken());\n    lastCheckpointValue \u003d checkpointValue;\n} catch (com.amazonaws.services.kinesis.clientlibrary.exceptions.ThrottlingException e) {\n    throw e;\n} catch (com.amazonaws.services.kinesis.clientlibrary.exceptions.ShutdownException e) {\n    throw e;\n} catch (com.amazonaws.services.kinesis.clientlibrary.exceptions.InvalidStateException e) {\n    throw e;\n} catch (com.amazonaws.services.kinesis.clientlibrary.exceptions.KinesisClientLibDependencyException e) {\n    throw e;\n} catch (com.amazonaws.services.kinesis.clientlibrary.exceptions.KinesisClientLibException e) {\n    com.amazonaws.services.kinesis.clientlibrary.lib.worker.RecordProcessorCheckpointer.LOG.warn(\"Caught exception setting checkpoint.\", e);\n    throw new com.amazonaws.services.kinesis.clientlibrary.exceptions.KinesisClientLibDependencyException(\"Caught exception while checkpointing\", e);\n}",
                "src_parent_type": "Block",
                "dst_parent_type": "Block",
                "src_parent": "{\n    try {\n        checkpoint.setCheckpoint(shardInfo.getShardId(), sequenceNumber, shardInfo.getConcurrencyToken());\n        lastCheckpointValue \u003d sequenceNumber;\n    } catch (com.amazonaws.services.kinesis.clientlibrary.exceptions.ThrottlingException e) {\n        throw e;\n    } catch (com.amazonaws.services.kinesis.clientlibrary.exceptions.ShutdownException e) {\n        throw e;\n    } catch (com.amazonaws.services.kinesis.clientlibrary.exceptions.InvalidStateException e) {\n        throw e;\n    } catch (com.amazonaws.services.kinesis.clientlibrary.exceptions.KinesisClientLibDependencyException e) {\n        throw e;\n    } catch (com.amazonaws.services.kinesis.clientlibrary.exceptions.KinesisClientLibException e) {\n        com.amazonaws.services.kinesis.clientlibrary.lib.worker.RecordProcessorCheckpointer.LOG.warn(\"Caught exception setting checkpoint.\", e);\n        throw new com.amazonaws.services.kinesis.clientlibrary.exceptions.KinesisClientLibDependencyException(\"Caught exception while checkpointing\", e);\n    }\n}",
                "dst_parent": "{\n    try {\n        checkpoint.setCheckpoint(shardInfo.getShardId(), checkpointValue, shardInfo.getConcurrencyToken());\n        lastCheckpointValue \u003d checkpointValue;\n    } catch (com.amazonaws.services.kinesis.clientlibrary.exceptions.ThrottlingException e) {\n        throw e;\n    } catch (com.amazonaws.services.kinesis.clientlibrary.exceptions.ShutdownException e) {\n        throw e;\n    } catch (com.amazonaws.services.kinesis.clientlibrary.exceptions.InvalidStateException e) {\n        throw e;\n    } catch (com.amazonaws.services.kinesis.clientlibrary.exceptions.KinesisClientLibDependencyException e) {\n        throw e;\n    } catch (com.amazonaws.services.kinesis.clientlibrary.exceptions.KinesisClientLibException e) {\n        com.amazonaws.services.kinesis.clientlibrary.lib.worker.RecordProcessorCheckpointer.LOG.warn(\"Caught exception setting checkpoint.\", e);\n        throw new com.amazonaws.services.kinesis.clientlibrary.exceptions.KinesisClientLibDependencyException(\"Caught exception while checkpointing\", e);\n    }\n}"
              },
              "line": 98,
              "file": "/home/khesoem/projects/lighter/exp/src/main/java/com/amazonaws/services/kinesis/clientlibrary/lib/worker/RecordProcessorCheckpointer.java",
              "stats": {
                "number_of_src_entities": 175,
                "number_of_dst_entities": 159,
                "src_entity_types": "[com.amazonaws.services.kinesis.clientlibrary.exceptions.KinesisClientLibException, com.amazonaws.services.kinesis.clientlibrary.interfaces.ICheckpoint, org.apache.commons.logging.Log, com.amazonaws.services.kinesis.clientlibrary.exceptions.KinesisClientLibDependencyException, java.lang.Object, com.amazonaws.services.kinesis.clientlibrary.lib.worker.RecordProcessorCheckpointer, java.lang.String, com.amazonaws.services.kinesis.clientlibrary.exceptions.InvalidStateException, com.amazonaws.services.kinesis.clientlibrary.exceptions.ShutdownException, com.amazonaws.services.kinesis.clientlibrary.exceptions.ThrottlingException, com.amazonaws.services.kinesis.clientlibrary.lib.worker.ShardInfo]",
                "dst_entity_types": "[com.amazonaws.services.kinesis.clientlibrary.exceptions.KinesisClientLibException, com.amazonaws.services.kinesis.clientlibrary.interfaces.ICheckpoint, org.apache.commons.logging.Log, com.amazonaws.services.kinesis.clientlibrary.exceptions.KinesisClientLibDependencyException, java.lang.Object, com.amazonaws.services.kinesis.clientlibrary.lib.worker.RecordProcessorCheckpointer, java.lang.String, com.amazonaws.services.kinesis.clientlibrary.exceptions.InvalidStateException, com.amazonaws.services.kinesis.clientlibrary.exceptions.ShutdownException, com.amazonaws.services.kinesis.clientlibrary.exceptions.ThrottlingException, com.amazonaws.services.kinesis.clientlibrary.lib.worker.ShardInfo]"
              }
            }
          ]
        }
      ]
    }
  ],
  "complete_analysis": true
}