{
  "instances": [
    {
      "revision": "97e606ffeb4a54daf0af646b0c059e45debfbc4a",
      "repairability": [
        {
          "tool-name": "Elixir",
          "pattern-name": "Elixir:update_type_ref",
          "Unified_Diff_of-files:": "Starts Below...",
          "INSERT:": "",
          "CHANGE_old:": "        threadpool \u003d Executors.newScheduledThreadPool(2);",
          "CHANGE_new:": "        threadpool \u003d Executors.newScheduledThreadPool(2, THREAD_FACTORY);",
          "instance_detail": [
            {
              "pattern_action": "UPD",
              "pattern_entity": {
                "entity_type": "TypeReference",
                "entity_new value": "*",
                "entity_role": "*",
                "entity_parent": "null"
              },
              "concrete_change": {
                "operator": "UPD",
                "src_type": "TypeReference",
                "dst_type": "TypeReference",
                "src": "com.amazonaws.services.kinesis.clientlibrary.types.UserRecord",
                "dst": "com.amazonaws.services.kinesis.model.Record",
                "src_parent_type": "LocalVariable",
                "dst_parent_type": "LocalVariable",
                "src_parent": "com.amazonaws.services.kinesis.clientlibrary.types.UserRecord record \u003d recordIterator.next()",
                "dst_parent": "com.amazonaws.services.kinesis.model.Record record \u003d recordIterator.next()"
              },
              "line": 216,
              "file": "/home/khesoem/projects/lighter/exp/src/main/java/com/amazonaws/services/kinesis/clientlibrary/lib/worker/ProcessTask.java",
              "stats": {
                "number_of_src_entities": 2,
                "number_of_dst_entities": 2,
                "src_entity_types": "[com.amazonaws.services.kinesis.clientlibrary.types.UserRecord]",
                "dst_entity_types": "[com.amazonaws.services.kinesis.model.Record]"
              }
            }
          ]
        },
        {
          "tool-name": "Elixir",
          "pattern-name": "Elixir:Insert_Invocation",
          "Unified_Diff_of-files:": "Starts Below...",
          "INSERT:": "",
          "CHANGE_old:": "        threadpool \u003d Executors.newScheduledThreadPool(2);",
          "CHANGE_new:": "        threadpool \u003d Executors.newScheduledThreadPool(2, THREAD_FACTORY);",
          "instance_detail": [
            {
              "pattern_action": "INS",
              "pattern_entity": {
                "entity_type": "AbstractInvocation",
                "entity_new value": "*",
                "entity_role": "*",
                "entity_parent": "null"
              },
              "concrete_change": {
                "operator": "INS",
                "src_type": "Invocation",
                "dst_type": "null",
                "src": "(records.isEmpty())",
                "dst": "null",
                "src_parent_type": "UnaryOperator",
                "dst_parent_type": "null",
                "src_parent": "!(records.isEmpty())",
                "dst_parent": "null"
              },
              "line": 123,
              "file": "/home/khesoem/projects/lighter/exp/src/main/java/com/amazonaws/services/kinesis/clientlibrary/lib/worker/ProcessTask.java",
              "stats": {
                "number_of_src_entities": 12,
                "number_of_dst_entities": -1,
                "src_entity_types": "[com.amazonaws.services.kinesis.model.Record, java.util.List\u003ccom.amazonaws.services.kinesis.model.Record\u003e]",
                "dst_entity_types": "[]"
              }
            }
          ]
        },
        {
          "tool-name": "Elixir",
          "pattern-name": "Elixir:update_invocation_deep",
          "Unified_Diff_of-files:": "Starts Below...",
          "INSERT:": "",
          "CHANGE_old:": "        threadpool \u003d Executors.newScheduledThreadPool(2);",
          "CHANGE_new:": "        threadpool \u003d Executors.newScheduledThreadPool(2, THREAD_FACTORY);",
          "instance_detail": [
            {
              "pattern_action": "ANY",
              "pattern_entity": {
                "entity_type": "*",
                "entity_new value": "*",
                "entity_role": "*",
                "entity_parent": {
                  "entity_type": "AbstractInvocation",
                  "entity_new value": "*",
                  "entity_role": "*",
                  "entity_parent": "null"
                }
              },
              "concrete_change": {
                "operator": "UPD",
                "src_type": "VariableRead",
                "dst_type": "VariableRead",
                "src": "subRecords",
                "dst": "records",
                "src_parent_type": "Invocation",
                "dst_parent_type": "Invocation",
                "src_parent": "(subRecords.isEmpty())",
                "dst_parent": "(records.isEmpty())"
              },
              "line": 159,
              "file": "/home/khesoem/projects/lighter/exp/src/main/java/com/amazonaws/services/kinesis/clientlibrary/lib/worker/ProcessTask.java",
              "stats": {
                "number_of_src_entities": 6,
                "number_of_dst_entities": 6,
                "src_entity_types": "[com.amazonaws.services.kinesis.clientlibrary.types.UserRecord, java.util.List\u003ccom.amazonaws.services.kinesis.clientlibrary.types.UserRecord\u003e]",
                "dst_entity_types": "[com.amazonaws.services.kinesis.model.Record, java.util.List\u003ccom.amazonaws.services.kinesis.model.Record\u003e]"
              }
            }
          ]
        },
        {
          "tool-name": "Elixir",
          "pattern-name": "Elixir:update_invocation_deep",
          "Unified_Diff_of-files:": "Starts Below...",
          "INSERT:": "",
          "CHANGE_old:": "        threadpool \u003d Executors.newScheduledThreadPool(2);",
          "CHANGE_new:": "        threadpool \u003d Executors.newScheduledThreadPool(2, THREAD_FACTORY);",
          "instance_detail": [
            {
              "pattern_action": "ANY",
              "pattern_entity": {
                "entity_type": "*",
                "entity_new value": "*",
                "entity_role": "*",
                "entity_parent": {
                  "entity_type": "AbstractInvocation",
                  "entity_new value": "*",
                  "entity_role": "*",
                  "entity_parent": "null"
                }
              },
              "concrete_change": {
                "operator": "UPD",
                "src_type": "VariableRead",
                "dst_type": "VariableRead",
                "src": "((java.util.List\u003ccom.amazonaws.services.kinesis.model.Record\u003e) ((java.util.List\u003c?\u003e) (subRecords)))",
                "dst": "records",
                "src_parent_type": "Invocation",
                "dst_parent_type": "Invocation",
                "src_parent": "new com.amazonaws.services.kinesis.clientlibrary.types.ProcessRecordsInput().withRecords(((java.util.List\u003ccom.amazonaws.services.kinesis.model.Record\u003e) ((java.util.List\u003c?\u003e) (subRecords))))",
                "dst_parent": "new com.amazonaws.services.kinesis.clientlibrary.types.ProcessRecordsInput().withRecords(records)"
              },
              "line": 164,
              "file": "/home/khesoem/projects/lighter/exp/src/main/java/com/amazonaws/services/kinesis/clientlibrary/lib/worker/ProcessTask.java",
              "stats": {
                "number_of_src_entities": 15,
                "number_of_dst_entities": 6,
                "src_entity_types": "[, com.amazonaws.services.kinesis.clientlibrary.types.UserRecord, com.amazonaws.services.kinesis.model.Record, java.util.List\u003ccom.amazonaws.services.kinesis.model.Record\u003e, java.util.List\u003c?\u003e, java.util.List\u003ccom.amazonaws.services.kinesis.clientlibrary.types.UserRecord\u003e]",
                "dst_entity_types": "[com.amazonaws.services.kinesis.model.Record, java.util.List\u003ccom.amazonaws.services.kinesis.model.Record\u003e]"
              }
            }
          ]
        }
      ]
    }
  ],
  "complete_analysis": true
}