{
  "instances": [
    {
      "revision": "7b9b10110c91563759507e71886a4b3a1131c08b",
      "repairability": [
        {
          "tool-name": "Nopol",
          "pattern-name": "Nopol:if_condition_upd_shallow",
          "Unified_Diff_of-files:": "Starts Below...",
          "DELETE:": "        String xml \u003d FileUtil.inputStreamToString(file);",
          "CHANGE_old:": "            return xml !\u003d null ? xmlMapper.readValue(xml, clazz) : null;",
          "CHANGE_new:": "                return xmlMapper.readValue(file, clazz);",
          "INSERT:": "}",
          "instance_detail": [
            {
              "pattern_action": "UPD",
              "pattern_entity": {
                "entity_type": "*",
                "entity_new value": "*",
                "entity_role": "condition",
                "entity_parent": {
                  "entity_type": "If",
                  "entity_new value": "*",
                  "entity_role": "*",
                  "entity_parent": "null"
                }
              },
              "concrete_change": {
                "operator": "UPD",
                "src_type": "BinaryOperator",
                "dst_type": "BinaryOperator",
                "src": "file \u003d\u003d null",
                "dst": "file !\u003d null",
                "src_parent_type": "If",
                "dst_parent_type": "If",
                "src_parent": "if (file \u003d\u003d null)\n    return null;\n",
                "dst_parent": "if (file !\u003d null) {\n    com.fasterxml.jackson.dataformat.xml.XmlMapper xmlMapper \u003d new com.fasterxml.jackson.dataformat.xml.XmlMapper();\n    xmlMapper.setDefaultUseWrapper(false);\n    try {\n        return xmlMapper.readValue(file, clazz);\n    } catch (java.io.IOException e) {\n        return null;\n    }\n}"
              },
              "line": 86,
              "file": "/home/khesoem/projects/lighter/exp/src/main/java/com/json/ignore/FileUtil.java",
              "stats": {
                "number_of_src_entities": 8,
                "number_of_dst_entities": 8,
                "src_entity_types": "[boolean, java.io.File, \u003cnulltype\u003e]",
                "dst_entity_types": "[boolean, java.io.File, \u003cnulltype\u003e]"
              }
            }
          ]
        },
        {
          "tool-name": "Nopol",
          "pattern-name": "Nopol:if_condition_ins_deep",
          "Unified_Diff_of-files:": "Starts Below...",
          "DELETE:": "        String xml \u003d FileUtil.inputStreamToString(file);",
          "CHANGE_old:": "            return xml !\u003d null ? xmlMapper.readValue(xml, clazz) : null;",
          "CHANGE_new:": "                return xmlMapper.readValue(file, clazz);",
          "INSERT:": "}",
          "instance_detail": [
            {
              "pattern_action": "INS",
              "pattern_entity": {
                "entity_type": "If",
                "entity_new value": "*",
                "entity_role": "*",
                "entity_parent": "null"
              },
              "concrete_change": {
                "operator": "INS",
                "src_type": "If",
                "dst_type": "null",
                "src": "if (file !\u003d null) {\n    com.fasterxml.jackson.dataformat.xml.XmlMapper xmlMapper \u003d new com.fasterxml.jackson.dataformat.xml.XmlMapper();\n    xmlMapper.setDefaultUseWrapper(false);\n    try {\n        return xmlMapper.readValue(file, clazz);\n    } catch (java.io.IOException e) {\n        return null;\n    }\n}",
                "dst": "null",
                "src_parent_type": "Block",
                "dst_parent_type": "null",
                "src_parent": "{\n    if (file !\u003d null) {\n        com.fasterxml.jackson.dataformat.xml.XmlMapper xmlMapper \u003d new com.fasterxml.jackson.dataformat.xml.XmlMapper();\n        xmlMapper.setDefaultUseWrapper(false);\n        try {\n            return xmlMapper.readValue(file, clazz);\n        } catch (java.io.IOException e) {\n            return null;\n        }\n    }\n    return null;\n}",
                "dst_parent": "null"
              },
              "line": 43,
              "file": "/home/khesoem/projects/lighter/exp/src/main/java/com/json/ignore/FileUtil.java",
              "stats": {
                "number_of_src_entities": 65,
                "number_of_dst_entities": -1,
                "src_entity_types": "[boolean, java.io.IOException, java.lang.Class\u003cT\u003e, java.io.File, \u003cnulltype\u003e, com.fasterxml.jackson.dataformat.xml.XmlMapper]",
                "dst_entity_types": "[]"
              }
            },
            {
              "pattern_action": "MOV",
              "pattern_entity": {
                "entity_type": "*",
                "entity_new value": "*",
                "entity_role": "*",
                "entity_parent": {
                  "entity_type": "*",
                  "entity_new value": "*",
                  "entity_role": "Then",
                  "entity_parent": {
                    "entity_type": "If",
                    "entity_new value": "*",
                    "entity_role": "*",
                    "entity_parent": "null"
                  }
                }
              },
              "concrete_change": {
                "operator": "MOV",
                "src_type": "LocalVariable",
                "dst_type": "LocalVariable",
                "src": "com.fasterxml.jackson.dataformat.xml.XmlMapper xmlMapper \u003d new com.fasterxml.jackson.dataformat.xml.XmlMapper()",
                "dst": "com.fasterxml.jackson.dataformat.xml.XmlMapper xmlMapper \u003d new com.fasterxml.jackson.dataformat.xml.XmlMapper()",
                "src_parent_type": "Block",
                "dst_parent_type": "Block",
                "src_parent": "{\n    if (file \u003d\u003d null)\n        return null;\n\n    com.fasterxml.jackson.dataformat.xml.XmlMapper xmlMapper \u003d new com.fasterxml.jackson.dataformat.xml.XmlMapper();\n    xmlMapper.setDefaultUseWrapper(false);\n    java.lang.String xml \u003d com.json.ignore.FileUtil.inputStreamToString(file);\n    try {\n        return xml !\u003d null ? xmlMapper.readValue(xml, clazz) : null;\n    } catch (java.io.IOException e) {\n        return null;\n    }\n}",
                "dst_parent": "{\n    com.fasterxml.jackson.dataformat.xml.XmlMapper xmlMapper \u003d new com.fasterxml.jackson.dataformat.xml.XmlMapper();\n    xmlMapper.setDefaultUseWrapper(false);\n    try {\n        return xmlMapper.readValue(file, clazz);\n    } catch (java.io.IOException e) {\n        return null;\n    }\n}"
              },
              "line": 89,
              "file": "/home/khesoem/projects/lighter/exp/src/main/java/com/json/ignore/FileUtil.java",
              "stats": {
                "number_of_src_entities": 9,
                "number_of_dst_entities": 9,
                "src_entity_types": "[com.fasterxml.jackson.dataformat.xml.XmlMapper]",
                "dst_entity_types": "[com.fasterxml.jackson.dataformat.xml.XmlMapper]"
              }
            }
          ]
        }
      ]
    }
  ],
  "complete_analysis": true
}