{
  "instances": [
    {
      "revision": "4e08502e09a4d50abf7d8dbfc5f94b616c7cde95",
      "repairability": [
        {
          "tool-name": "JKali",
          "pattern-name": "JKali:del",
          "Unified_Diff_of-files:": "Starts Below...",
          "DELETE:": "}",
          "instance_detail": [
            {
              "pattern_action": "DEL",
              "pattern_entity": {
                "entity_type": "*",
                "entity_new value": "*",
                "entity_role": "Statement",
                "entity_parent": "null"
              },
              "concrete_change": {
                "operator": "DEL",
                "src_type": "Return",
                "dst_type": "null",
                "src": "return new org.la4j.vector.operation.ooplace.OoPlaceVectorToVectorComparison(precision)",
                "dst": "null",
                "src_parent_type": "Block",
                "dst_parent_type": "null",
                "src_parent": "{\n    return new org.la4j.vector.operation.ooplace.OoPlaceVectorToVectorComparison(precision);\n}",
                "dst_parent": "null"
              },
              "line": 580,
              "file": "/home/khesoem/projects/lighter/exp/src/main/java/org/la4j/vector/Vectors.java"
            }
          ]
        }
      ]
    },
    {
      "revision": "4e08502e09a4d50abf7d8dbfc5f94b616c7cde95",
      "repairability": [
        {
          "tool-name": "JKali",
          "pattern-name": "JKali:del",
          "Unified_Diff_of-files:": "Starts Below...",
          "DELETE:": "}",
          "instance_detail": [
            {
              "pattern_action": "DEL",
              "pattern_entity": {
                "entity_type": "*",
                "entity_new value": "*",
                "entity_role": "Statement",
                "entity_parent": "null"
              },
              "concrete_change": {
                "operator": "DEL",
                "src_type": "Return",
                "dst_type": "null",
                "src": "return apply(org.la4j.vector.Vectors.ooPlaceVectorToVectorComparison(precision), that)",
                "dst": "null",
                "src_parent_type": "Block",
                "dst_parent_type": "null",
                "src_parent": "{\n    return apply(org.la4j.vector.Vectors.ooPlaceVectorToVectorComparison(precision), that);\n}",
                "dst_parent": "null"
              },
              "line": 545,
              "file": "/home/khesoem/projects/lighter/exp/src/main/java/org/la4j/vector/AbstractVector.java",
              "stats": {
                "number_of_src_entities": 27,
                "number_of_dst_entities": -1,
                "src_entity_types": "[double, org.la4j.vector.AbstractVector, org.la4j.vector.Vector, org.la4j.vector.Vectors]",
                "dst_entity_types": "[]"
              }
            }
          ]
        },
        {
          "tool-name": "JKali",
          "pattern-name": "JKali:add_rtrn",
          "Unified_Diff_of-files:": "Starts Below...",
          "DELETE:": "}",
          "instance_detail": [
            {
              "pattern_action": "INS",
              "pattern_entity": {
                "entity_type": "Return",
                "entity_new value": "*",
                "entity_role": "Statement",
                "entity_parent": "null"
              },
              "concrete_change": {
                "operator": "INS",
                "src_type": "Return",
                "dst_type": "null",
                "src": "return result",
                "dst": "null",
                "src_parent_type": "Block",
                "dst_parent_type": "null",
                "src_parent": "{\n    if ((this) \u003d\u003d that) {\n        return true;\n    }\n    if ((this.length) !\u003d (that.length())) {\n        return false;\n    }\n    boolean result \u003d true;\n    for (int i \u003d 0; result \u0026\u0026 (i \u003c (length)); i++) {\n        double a \u003d get(i);\n        double b \u003d that.get(i);\n        double diff \u003d java.lang.Math.abs((a - b));\n        result \u003d (a \u003d\u003d b) || ((diff \u003c precision) || ((diff / (java.lang.Math.max(java.lang.Math.abs(a), java.lang.Math.abs(b)))) \u003c precision));\n    }\n    return result;\n}",
                "dst_parent": "null"
              },
              "line": 563,
              "file": "/home/khesoem/projects/lighter/exp/src/main/java/org/la4j/vector/AbstractVector.java",
              "stats": {
                "number_of_src_entities": 4,
                "number_of_dst_entities": -1,
                "src_entity_types": "[boolean]",
                "dst_entity_types": "[]"
              }
            }
          ]
        },
        {
          "tool-name": "JKali",
          "pattern-name": "JKali:add_rtrn",
          "Unified_Diff_of-files:": "Starts Below...",
          "DELETE:": "}",
          "instance_detail": [
            {
              "pattern_action": "INS",
              "pattern_entity": {
                "entity_type": "Return",
                "entity_new value": "*",
                "entity_role": "Statement",
                "entity_parent": "null"
              },
              "concrete_change": {
                "operator": "INS",
                "src_type": "Return",
                "dst_type": "null",
                "src": "return true",
                "dst": "null",
                "src_parent_type": "Block",
                "dst_parent_type": "null",
                "src_parent": "{\n    return true;\n}",
                "dst_parent": "null"
              },
              "line": 546,
              "file": "/home/khesoem/projects/lighter/exp/src/main/java/org/la4j/vector/AbstractVector.java"
            }
          ]
        },
        {
          "tool-name": "JKali",
          "pattern-name": "JKali:add_rtrn",
          "Unified_Diff_of-files:": "Starts Below...",
          "DELETE:": "}",
          "instance_detail": [
            {
              "pattern_action": "INS",
              "pattern_entity": {
                "entity_type": "Return",
                "entity_new value": "*",
                "entity_role": "Statement",
                "entity_parent": "null"
              },
              "concrete_change": {
                "operator": "INS",
                "src_type": "Return",
                "dst_type": "null",
                "src": "return false",
                "dst": "null",
                "src_parent_type": "Block",
                "dst_parent_type": "null",
                "src_parent": "{\n    return false;\n}",
                "dst_parent": "null"
              },
              "line": 550,
              "file": "/home/khesoem/projects/lighter/exp/src/main/java/org/la4j/vector/AbstractVector.java"
            }
          ]
        }
      ]
    }
  ],
  "complete_analysis": true
}