{
  "instances": [
    {
      "revision": "2457b0f1db4e3bf9425b104a74f9fb1d0d91ef93",
      "repairability": [
        {
          "tool-name": "JKali",
          "pattern-name": "JKali:add_rtrn",
          "Unified_Diff_of-files:": "Starts Below...",
          "INSERT:": "    @Override",
          "DELETE:": "import org.la4j.vector.source.VectorSource;",
          "instance_detail": [
            {
              "pattern_action": "INS",
              "pattern_entity": {
                "entity_type": "Return",
                "entity_new value": "*",
                "entity_role": "Statement",
                "entity_parent": "null"
              },
              "concrete_change": {
                "operator": "INS",
                "src_type": "Return",
                "dst_type": "null",
                "src": "return result",
                "dst": "null",
                "src_parent_type": "Block",
                "dst_parent_type": "null",
                "src_parent": "{\n    T result \u003d factory.vectorOfLength(length);\n    org.la4j.iterator.VectorIterator it \u003d nonZeroIterator();\n    while (it.hasNext()) {\n        it.next();\n        result.set(it.index(), it.get());\n    } \n    return result;\n}",
                "dst_parent": "null"
              },
              "line": 264,
              "file": "/home/khesoem/projects/lighter/exp/src/main/java/org/la4j/vector/sparse/SparseVector.java"
            }
          ]
        }
      ]
    },
    {
      "revision": "2457b0f1db4e3bf9425b104a74f9fb1d0d91ef93",
      "repairability": [
        {
          "tool-name": "JKali",
          "pattern-name": "JKali:add_rtrn",
          "Unified_Diff_of-files:": "Starts Below...",
          "INSERT:": "    @Override",
          "DELETE:": "import org.la4j.vector.source.VectorSource;",
          "instance_detail": [
            {
              "pattern_action": "INS",
              "pattern_entity": {
                "entity_type": "Return",
                "entity_new value": "*",
                "entity_role": "Statement",
                "entity_parent": "null"
              },
              "concrete_change": {
                "operator": "INS",
                "src_type": "Return",
                "dst_type": "null",
                "src": "return super.to(factory)",
                "dst": "null",
                "src_parent_type": "Block",
                "dst_parent_type": "null",
                "src_parent": "{\n    if ((factory.outputClass) \u003d\u003d (org.la4j.vector.dense.BasicVector.class)) {\n        return factory.outputClass.cast(this);\n    }\n    return super.to(factory);\n}",
                "dst_parent": "null"
              },
              "line": 186,
              "file": "/home/khesoem/projects/lighter/exp/src/main/java/org/la4j/vector/dense/BasicVector.java"
            }
          ]
        },
        {
          "tool-name": "JKali",
          "pattern-name": "JKali:add_rtrn",
          "Unified_Diff_of-files:": "Starts Below...",
          "INSERT:": "    @Override",
          "DELETE:": "import org.la4j.vector.source.VectorSource;",
          "instance_detail": [
            {
              "pattern_action": "INS",
              "pattern_entity": {
                "entity_type": "Return",
                "entity_new value": "*",
                "entity_role": "Statement",
                "entity_parent": "null"
              },
              "concrete_change": {
                "operator": "INS",
                "src_type": "Return",
                "dst_type": "null",
                "src": "return factory.outputClass.cast(this)",
                "dst": "null",
                "src_parent_type": "Block",
                "dst_parent_type": "null",
                "src_parent": "{\n    return factory.outputClass.cast(this);\n}",
                "dst_parent": "null"
              },
              "line": 183,
              "file": "/home/khesoem/projects/lighter/exp/src/main/java/org/la4j/vector/dense/BasicVector.java"
            }
          ]
        }
      ]
    },
    {
      "revision": "2457b0f1db4e3bf9425b104a74f9fb1d0d91ef93",
      "repairability": [
        {
          "tool-name": "JKali",
          "pattern-name": "JKali:add_rtrn",
          "Unified_Diff_of-files:": "Starts Below...",
          "INSERT:": "    @Override",
          "DELETE:": "import org.la4j.vector.source.VectorSource;",
          "instance_detail": [
            {
              "pattern_action": "INS",
              "pattern_entity": {
                "entity_type": "Return",
                "entity_new value": "*",
                "entity_role": "Statement",
                "entity_parent": "null"
              },
              "concrete_change": {
                "operator": "INS",
                "src_type": "Return",
                "dst_type": "null",
                "src": "return result",
                "dst": "null",
                "src_parent_type": "Block",
                "dst_parent_type": "null",
                "src_parent": "{\n    T result \u003d factory.vectorOfLength(length);\n    for (int i \u003d 0; i \u003c (length); i++) {\n        result.set(i, get(i));\n    }\n    return result;\n}",
                "dst_parent": "null"
              },
              "line": 131,
              "file": "/home/khesoem/projects/lighter/exp/src/main/java/org/la4j/vector/dense/DenseVector.java"
            }
          ]
        }
      ]
    },
    {
      "revision": "2457b0f1db4e3bf9425b104a74f9fb1d0d91ef93",
      "repairability": [
        {
          "tool-name": "JKali",
          "pattern-name": "JKali:add_rtrn",
          "Unified_Diff_of-files:": "Starts Below...",
          "INSERT:": "    @Override",
          "DELETE:": "import org.la4j.vector.source.VectorSource;",
          "instance_detail": [
            {
              "pattern_action": "INS",
              "pattern_entity": {
                "entity_type": "Return",
                "entity_new value": "*",
                "entity_role": "Statement",
                "entity_parent": "null"
              },
              "concrete_change": {
                "operator": "INS",
                "src_type": "Return",
                "dst_type": "null",
                "src": "return super.to(factory)",
                "dst": "null",
                "src_parent_type": "Block",
                "dst_parent_type": "null",
                "src_parent": "{\n    if ((factory.outputClass) \u003d\u003d (org.la4j.vector.sparse.CompressedVector.class)) {\n        return factory.outputClass.cast(this);\n    }\n    return super.to(factory);\n}",
                "dst_parent": "null"
              },
              "line": 388,
              "file": "/home/khesoem/projects/lighter/exp/src/main/java/org/la4j/vector/sparse/CompressedVector.java"
            }
          ]
        },
        {
          "tool-name": "JKali",
          "pattern-name": "JKali:add_rtrn",
          "Unified_Diff_of-files:": "Starts Below...",
          "INSERT:": "    @Override",
          "DELETE:": "import org.la4j.vector.source.VectorSource;",
          "instance_detail": [
            {
              "pattern_action": "INS",
              "pattern_entity": {
                "entity_type": "Return",
                "entity_new value": "*",
                "entity_role": "Statement",
                "entity_parent": "null"
              },
              "concrete_change": {
                "operator": "INS",
                "src_type": "Return",
                "dst_type": "null",
                "src": "return factory.outputClass.cast(this)",
                "dst": "null",
                "src_parent_type": "Block",
                "dst_parent_type": "null",
                "src_parent": "{\n    return factory.outputClass.cast(this);\n}",
                "dst_parent": "null"
              },
              "line": 385,
              "file": "/home/khesoem/projects/lighter/exp/src/main/java/org/la4j/vector/sparse/CompressedVector.java"
            }
          ]
        }
      ]
    },
    {
      "revision": "2457b0f1db4e3bf9425b104a74f9fb1d0d91ef93",
      "repairability": [
        {
          "tool-name": "JKali",
          "pattern-name": "JKali:add_rtrn",
          "Unified_Diff_of-files:": "Starts Below...",
          "INSERT:": "    @Override",
          "DELETE:": "import org.la4j.vector.source.VectorSource;",
          "instance_detail": [
            {
              "pattern_action": "INS",
              "pattern_entity": {
                "entity_type": "Return",
                "entity_new value": "*",
                "entity_role": "Statement",
                "entity_parent": "null"
              },
              "concrete_change": {
                "operator": "INS",
                "src_type": "Return",
                "dst_type": "null",
                "src": "return to(Vectors.SPARSE)",
                "dst": "null",
                "src_parent_type": "Block",
                "dst_parent_type": "null",
                "src_parent": "{\n    return to(Vectors.SPARSE);\n}",
                "dst_parent": "null"
              },
              "line": 590,
              "file": "/home/khesoem/projects/lighter/exp/src/main/java/org/la4j/vector/AbstractVector.java"
            }
          ]
        }
      ]
    }
  ],
  "complete_analysis": true
}