{
  "instances": [
    {
      "revision": "385e458dfba8bd1b0bd33cadf274582bf262331b",
      "repairability": [
        {
          "tool-name": "JKali",
          "pattern-name": "JKali:del",
          "Unified_Diff_of-files:": "Starts Below...",
          "INSERT:": "}",
          "instance_detail": [
            {
              "pattern_action": "DEL",
              "pattern_entity": {
                "entity_type": "*",
                "entity_new value": "*",
                "entity_role": "Statement",
                "entity_parent": "null"
              },
              "concrete_change": {
                "operator": "DEL",
                "src_type": "LocalVariable",
                "dst_type": "null",
                "src": "org.la4j.vector.Vector result \u003d blank(factory)",
                "dst": "null",
                "src_parent_type": "Block",
                "dst_parent_type": "null",
                "src_parent": "{\n    ensureFactoryIsNotNull(factory);\n    ensureArgumentIsNotNull(vector, \"vector\");\n    if ((length) !\u003d (vector.length())) {\n        fail(((((\"Wrong vector length: \" + (vector.length())) + \". Should be: \") + (length)) + \".\"));\n    }\n    org.la4j.vector.Vector result \u003d blank(factory);\n    for (int i \u003d 0; i \u003c (length); i++) {\n        result.set(i, ((get(i)) + (vector.get(i))));\n    }\n    return result;\n}",
                "dst_parent": "null"
              },
              "line": 108,
              "file": "/home/khesoem/projects/lighter/exp/src/main/java/org/la4j/vector/AbstractVector.java"
            }
          ]
        },
        {
          "tool-name": "JKali",
          "pattern-name": "JKali:del",
          "Unified_Diff_of-files:": "Starts Below...",
          "INSERT:": "}",
          "instance_detail": [
            {
              "pattern_action": "DEL",
              "pattern_entity": {
                "entity_type": "*",
                "entity_new value": "*",
                "entity_role": "Statement",
                "entity_parent": "null"
              },
              "concrete_change": {
                "operator": "DEL",
                "src_type": "Invocation",
                "dst_type": "null",
                "src": "result.set(i, ((get(i)) + (vector.get(i))))",
                "dst": "null",
                "src_parent_type": "Block",
                "dst_parent_type": "null",
                "src_parent": "{\n    result.set(i, ((get(i)) + (vector.get(i))));\n}",
                "dst_parent": "null"
              },
              "line": 111,
              "file": "/home/khesoem/projects/lighter/exp/src/main/java/org/la4j/vector/AbstractVector.java"
            }
          ]
        },
        {
          "tool-name": "JKali",
          "pattern-name": "JKali:del",
          "Unified_Diff_of-files:": "Starts Below...",
          "INSERT:": "}",
          "instance_detail": [
            {
              "pattern_action": "DEL",
              "pattern_entity": {
                "entity_type": "*",
                "entity_new value": "*",
                "entity_role": "Statement",
                "entity_parent": "null"
              },
              "concrete_change": {
                "operator": "DEL",
                "src_type": "For",
                "dst_type": "null",
                "src": "for (int i \u003d 0; i \u003c (length); i++) {\n    result.set(i, ((get(i)) + (vector.get(i))));\n}",
                "dst": "null",
                "src_parent_type": "Block",
                "dst_parent_type": "null",
                "src_parent": "{\n    ensureFactoryIsNotNull(factory);\n    ensureArgumentIsNotNull(vector, \"vector\");\n    if ((length) !\u003d (vector.length())) {\n        fail(((((\"Wrong vector length: \" + (vector.length())) + \". Should be: \") + (length)) + \".\"));\n    }\n    org.la4j.vector.Vector result \u003d blank(factory);\n    for (int i \u003d 0; i \u003c (length); i++) {\n        result.set(i, ((get(i)) + (vector.get(i))));\n    }\n    return result;\n}",
                "dst_parent": "null"
              },
              "line": 110,
              "file": "/home/khesoem/projects/lighter/exp/src/main/java/org/la4j/vector/AbstractVector.java"
            }
          ]
        },
        {
          "tool-name": "JKali",
          "pattern-name": "JKali:del",
          "Unified_Diff_of-files:": "Starts Below...",
          "INSERT:": "}",
          "instance_detail": [
            {
              "pattern_action": "DEL",
              "pattern_entity": {
                "entity_type": "*",
                "entity_new value": "*",
                "entity_role": "Statement",
                "entity_parent": "null"
              },
              "concrete_change": {
                "operator": "DEL",
                "src_type": "Return",
                "dst_type": "null",
                "src": "return result",
                "dst": "null",
                "src_parent_type": "Block",
                "dst_parent_type": "null",
                "src_parent": "{\n    ensureFactoryIsNotNull(factory);\n    ensureArgumentIsNotNull(vector, \"vector\");\n    if ((length) !\u003d (vector.length())) {\n        fail(((((\"Wrong vector length: \" + (vector.length())) + \". Should be: \") + (length)) + \".\"));\n    }\n    org.la4j.vector.Vector result \u003d blank(factory);\n    for (int i \u003d 0; i \u003c (length); i++) {\n        result.set(i, ((get(i)) + (vector.get(i))));\n    }\n    return result;\n}",
                "dst_parent": "null"
              },
              "line": 114,
              "file": "/home/khesoem/projects/lighter/exp/src/main/java/org/la4j/vector/AbstractVector.java"
            }
          ]
        },
        {
          "tool-name": "JKali",
          "pattern-name": "JKali:add_rtrn",
          "Unified_Diff_of-files:": "Starts Below...",
          "INSERT:": "}",
          "instance_detail": [
            {
              "pattern_action": "INS",
              "pattern_entity": {
                "entity_type": "Return",
                "entity_new value": "*",
                "entity_role": "Statement",
                "entity_parent": "null"
              },
              "concrete_change": {
                "operator": "INS",
                "src_type": "Return",
                "dst_type": "null",
                "src": "return pipeTo(org.la4j.vector.operation.VectorOperations.ooPlaceAddition(factory), vector)",
                "dst": "null",
                "src_parent_type": "Block",
                "dst_parent_type": "null",
                "src_parent": "{\n    ensureFactoryIsNotNull(factory);\n    ensureArgumentIsNotNull(vector, \"vector\");\n    if ((length) !\u003d (vector.length())) {\n        fail(((((\"Wrong vector length: \" + (vector.length())) + \". Should be: \") + (length)) + \".\"));\n    }\n    return pipeTo(org.la4j.vector.operation.VectorOperations.ooPlaceAddition(factory), vector);\n}",
                "dst_parent": "null"
              },
              "line": 108,
              "file": "/home/khesoem/projects/lighter/exp/src/main/java/org/la4j/vector/AbstractVector.java"
            }
          ]
        }
      ]
    }
  ],
  "complete_analysis": true
}