{
  "instances": [
    {
      "revision": "193e83777a1255eb363da1f21a7b9171dcc43b2e",
      "repairability": [
        {
          "tool-name": "JKali",
          "pattern-name": "JKali:del",
          "Unified_Diff_of-files:": "Starts Below...",
          "CHANGE_old:": "            if (i !\u003d position)",
          "CHANGE_new:": "            if (i !\u003d position) {",
          "INSERT:": "}",
          "instance_detail": [
            {
              "pattern_action": "DEL",
              "pattern_entity": {
                "entity_type": "*",
                "entity_new value": "*",
                "entity_role": "Statement",
                "entity_parent": "null"
              },
              "concrete_change": {
                "operator": "DEL",
                "src_type": "Throw",
                "dst_type": "null",
                "src": "throw new java.lang.IllegalArgumentException(\"Matrix isn\u0027t symmetric.\")",
                "dst": "null",
                "src_parent_type": "Block",
                "dst_parent_type": "null",
                "src_parent": "{\n    throw new java.lang.IllegalArgumentException(\"Matrix isn\u0027t symmetric.\");\n}",
                "dst_parent": "null"
              },
              "line": 37,
              "file": "/home/khesoem/projects/lighter/exp/src/main/java/org/la4j/decomposition/EigenDecompositor.java"
            }
          ]
        },
        {
          "tool-name": "JKali",
          "pattern-name": "JKali:del",
          "Unified_Diff_of-files:": "Starts Below...",
          "CHANGE_old:": "            if (i !\u003d position)",
          "CHANGE_new:": "            if (i !\u003d position) {",
          "INSERT:": "}",
          "instance_detail": [
            {
              "pattern_action": "DEL",
              "pattern_entity": {
                "entity_type": "*",
                "entity_new value": "*",
                "entity_role": "Statement",
                "entity_parent": "null"
              },
              "concrete_change": {
                "operator": "DEL",
                "src_type": "If",
                "dst_type": "null",
                "src": "if (!(matrix.is(Matrices.SYMMETRIC_MATRIX))) {\n    throw new java.lang.IllegalArgumentException(\"Matrix isn\u0027t symmetric.\");\n}",
                "dst": "null",
                "src_parent_type": "Block",
                "dst_parent_type": "null",
                "src_parent": "{\n    if (!(matrix.is(Matrices.SYMMETRIC_MATRIX))) {\n        throw new java.lang.IllegalArgumentException(\"Matrix isn\u0027t symmetric.\");\n    }\n    org.la4j.matrix.Matrix d \u003d matrix.copy();\n    org.la4j.vector.Vector r \u003d generateR(d, factory);\n    org.la4j.matrix.Matrix v \u003d factory.createIdentityMatrix(matrix.rows());\n    int iteration \u003d 0;\n    do {\n        int k \u003d findMax(r, (-1));\n        int l \u003d findMax(d.getRow(k), k);\n        org.la4j.matrix.Matrix u \u003d generateU(d, factory, k, l);\n        v \u003d v.unsafe_multiply(u);\n        d \u003d u.transpose().unsafe_multiply(d.unsafe_multiply(u));\n        r.unsafe_set(k, generateRi(d.getRow(k), k));\n        r.unsafe_set(l, generateRi(d.getRow(l), l));\n        iteration++;\n    } while (((r.norm()) \u003e (org.la4j.matrix.Matrices.EPS)) \u0026\u0026 (iteration \u003c (org.la4j.decomposition.EigenDecompositor.MAX_ITERATIONS)) );\n    if (iteration \u003e (org.la4j.decomposition.EigenDecompositor.MAX_ITERATIONS)) {\n        throw new java.lang.IllegalArgumentException(\"Can\u0027t decompose this matrix.\");\n    }\n    return new org.la4j.matrix.Matrix[]{ v, d };\n}",
                "dst_parent": "null"
              },
              "line": 36,
              "file": "/home/khesoem/projects/lighter/exp/src/main/java/org/la4j/decomposition/EigenDecompositor.java"
            }
          ]
        },
        {
          "tool-name": "JKali",
          "pattern-name": "JKali:add_rtrn",
          "Unified_Diff_of-files:": "Starts Below...",
          "CHANGE_old:": "            if (i !\u003d position)",
          "CHANGE_new:": "            if (i !\u003d position) {",
          "INSERT:": "}",
          "instance_detail": [
            {
              "pattern_action": "INS",
              "pattern_entity": {
                "entity_type": "Return",
                "entity_new value": "*",
                "entity_role": "Statement",
                "entity_parent": "null"
              },
              "concrete_change": {
                "operator": "INS",
                "src_type": "Return",
                "dst_type": "null",
                "src": "return new org.la4j.matrix.Matrix[]{ v, dd }",
                "dst": "null",
                "src_parent_type": "Block",
                "dst_parent_type": "null",
                "src_parent": "{\n    org.la4j.matrix.Matrix A \u003d matrix.copy();\n    int n \u003d matrix.columns();\n    org.la4j.matrix.Matrix v \u003d factory.createIdentityMatrix(n);\n    org.la4j.vector.Vector d \u003d factory.createVector(n);\n    org.la4j.vector.Vector e \u003d factory.createVector(n);\n    org.la4j.matrix.Matrix h \u003d A.copy();\n    org.la4j.vector.Vector ort \u003d factory.createVector(n);\n    orthes(h, v, ort);\n    hqr2(h, v, d, e);\n    org.la4j.matrix.Matrix dd \u003d factory.createMatrix(n, n);\n    for (int i \u003d 0; i \u003c n; i++) {\n        for (int j \u003d 0; j \u003c n; j++) {\n            dd.unsafe_set(i, j, 0.0);\n        }\n        dd.unsafe_set(i, i, d.unsafe_get(i));\n        if ((e.unsafe_get(i)) \u003e 0) {\n            dd.unsafe_set(i, (i + 1), e.unsafe_get(i));\n        } else\n            if ((e.unsafe_get(i)) \u003c 0) {\n                dd.unsafe_set(i, (i - 1), e.unsafe_get(i));\n            }\n\n    }\n    return new org.la4j.matrix.Matrix[]{ v, dd };\n}",
                "dst_parent": "null"
              },
              "line": 175,
              "file": "/home/khesoem/projects/lighter/exp/src/main/java/org/la4j/decomposition/EigenDecompositor.java"
            }
          ]
        },
        {
          "tool-name": "JKali",
          "pattern-name": "JKali:add_rtrn",
          "Unified_Diff_of-files:": "Starts Below...",
          "CHANGE_old:": "            if (i !\u003d position)",
          "CHANGE_new:": "            if (i !\u003d position) {",
          "INSERT:": "}",
          "instance_detail": [
            {
              "pattern_action": "INS",
              "pattern_entity": {
                "entity_type": "Return",
                "entity_new value": "*",
                "entity_role": "Statement",
                "entity_parent": "null"
              },
              "concrete_change": {
                "operator": "INS",
                "src_type": "Return",
                "dst_type": "null",
                "src": "return new double[]{ cdivr, cdivi }",
                "dst": "null",
                "src_parent_type": "Block",
                "dst_parent_type": "null",
                "src_parent": "{\n    double cdivr;\n    double cdivi;\n    double r;\n    double d;\n    if ((java.lang.Math.abs(yr)) \u003e (java.lang.Math.abs(yi))) {\n        r \u003d yi / yr;\n        d \u003d yr + (r * yi);\n        cdivr \u003d (xr + (r * xi)) / d;\n        cdivi \u003d (xi - (r * xr)) / d;\n    } else {\n        r \u003d yr / yi;\n        d \u003d yi + (r * yr);\n        cdivr \u003d ((r * xr) + xi) / d;\n        cdivi \u003d ((r * xi) - xr) / d;\n    }\n    return new double[]{ cdivr, cdivi };\n}",
                "dst_parent": "null"
              },
              "line": 759,
              "file": "/home/khesoem/projects/lighter/exp/src/main/java/org/la4j/decomposition/EigenDecompositor.java"
            }
          ]
        },
        {
          "tool-name": "JKali",
          "pattern-name": "JKali:add_rtrn",
          "Unified_Diff_of-files:": "Starts Below...",
          "CHANGE_old:": "            if (i !\u003d position)",
          "CHANGE_new:": "            if (i !\u003d position) {",
          "INSERT:": "}",
          "instance_detail": [
            {
              "pattern_action": "INS",
              "pattern_entity": {
                "entity_type": "Return",
                "entity_new value": "*",
                "entity_role": "Statement",
                "entity_parent": "null"
              },
              "concrete_change": {
                "operator": "INS",
                "src_type": "Return",
                "dst_type": "null",
                "src": "return decomposeSymmetricMatrix(matrix, factory)",
                "dst": "null",
                "src_parent_type": "Block",
                "dst_parent_type": "null",
                "src_parent": "{\n    return decomposeSymmetricMatrix(matrix, factory);\n}",
                "dst_parent": "null"
              },
              "line": 37,
              "file": "/home/khesoem/projects/lighter/exp/src/main/java/org/la4j/decomposition/EigenDecompositor.java"
            }
          ]
        },
        {
          "tool-name": "JKali",
          "pattern-name": "JKali:add_rtrn",
          "Unified_Diff_of-files:": "Starts Below...",
          "CHANGE_old:": "            if (i !\u003d position)",
          "CHANGE_new:": "            if (i !\u003d position) {",
          "INSERT:": "}",
          "instance_detail": [
            {
              "pattern_action": "INS",
              "pattern_entity": {
                "entity_type": "Return",
                "entity_new value": "*",
                "entity_role": "Statement",
                "entity_parent": "null"
              },
              "concrete_change": {
                "operator": "INS",
                "src_type": "Return",
                "dst_type": "null",
                "src": "return",
                "dst": "null",
                "src_parent_type": "Block",
                "dst_parent_type": "null",
                "src_parent": "{\n    return;\n}",
                "dst_parent": "null"
              },
              "line": 571,
              "file": "/home/khesoem/projects/lighter/exp/src/main/java/org/la4j/decomposition/EigenDecompositor.java"
            }
          ]
        },
        {
          "tool-name": "JKali",
          "pattern-name": "JKali:add_rtrn",
          "Unified_Diff_of-files:": "Starts Below...",
          "CHANGE_old:": "            if (i !\u003d position)",
          "CHANGE_new:": "            if (i !\u003d position) {",
          "INSERT:": "}",
          "instance_detail": [
            {
              "pattern_action": "INS",
              "pattern_entity": {
                "entity_type": "Return",
                "entity_new value": "*",
                "entity_role": "Statement",
                "entity_parent": "null"
              },
              "concrete_change": {
                "operator": "INS",
                "src_type": "Return",
                "dst_type": "null",
                "src": "return decomposeNonSymmetricMatrix(matrix, factory)",
                "dst": "null",
                "src_parent_type": "Block",
                "dst_parent_type": "null",
                "src_parent": "{\n    return decomposeNonSymmetricMatrix(matrix, factory);\n}",
                "dst_parent": "null"
              },
              "line": 39,
              "file": "/home/khesoem/projects/lighter/exp/src/main/java/org/la4j/decomposition/EigenDecompositor.java"
            }
          ]
        }
      ]
    }
  ],
  "complete_analysis": true
}