{
  "instances": [
    {
      "revision": "672f0cab670de7deab1379f4fa30290b66b0b315",
      "repairability": [
        {
          "tool-name": "JKali",
          "pattern-name": "JKali:del",
          "Unified_Diff_of-files:": "Starts Below...",
          "CHANGE_old:": "",
          "CHANGE_new:": "        }",
          "instance_detail": [
            {
              "pattern_action": "DEL",
              "pattern_entity": {
                "entity_type": "*",
                "entity_new value": "*",
                "entity_role": "Statement",
                "entity_parent": "null"
              },
              "concrete_change": {
                "operator": "DEL",
                "src_type": "LocalVariable",
                "dst_type": "null",
                "src": "int min \u003d (rows) * (columns)",
                "dst": "null",
                "src_parent_type": "Block",
                "dst_parent_type": "null",
                "src_parent": "{\n    if ((values.length) \u003d\u003d (capacity())) {\n        throw new java.lang.IllegalStateException(\"This matrix can\u0027t grow up.\");\n    }\n    int min \u003d (rows) * (columns);\n    min \u003d (min \u003c 0) ? java.lang.Integer.MAX_VALUE : min;\n    int capacity \u003d java.lang.Math.min(min, ((((cardinality) * 3) / 2) + 1));\n    double[] $values \u003d new double[capacity];\n    int[] $rowIndices \u003d new int[capacity];\n    java.lang.System.arraycopy(values, 0, $values, 0, cardinality);\n    java.lang.System.arraycopy(rowIndices, 0, $rowIndices, 0, cardinality);\n    values \u003d $values;\n    rowIndices \u003d $rowIndices;\n}",
                "dst_parent": "null"
              },
              "line": 471,
              "file": "/home/khesoem/projects/lighter/exp/src/main/java/org/la4j/matrix/sparse/CCSMatrix.java",
              "stats": {
                "number_of_src_entities": 11,
                "number_of_dst_entities": -1,
                "src_entity_types": "[int]",
                "dst_entity_types": "[]"
              }
            }
          ]
        },
        {
          "tool-name": "JKali",
          "pattern-name": "JKali:del",
          "Unified_Diff_of-files:": "Starts Below...",
          "CHANGE_old:": "",
          "CHANGE_new:": "        }",
          "instance_detail": [
            {
              "pattern_action": "DEL",
              "pattern_entity": {
                "entity_type": "*",
                "entity_new value": "*",
                "entity_role": "Statement",
                "entity_parent": "null"
              },
              "concrete_change": {
                "operator": "DEL",
                "src_type": "Assignment",
                "dst_type": "null",
                "src": "min \u003d (min \u003c 0) ? java.lang.Integer.MAX_VALUE : min",
                "dst": "null",
                "src_parent_type": "Block",
                "dst_parent_type": "null",
                "src_parent": "{\n    if ((values.length) \u003d\u003d (capacity())) {\n        throw new java.lang.IllegalStateException(\"This matrix can\u0027t grow up.\");\n    }\n    int min \u003d (rows) * (columns);\n    min \u003d (min \u003c 0) ? java.lang.Integer.MAX_VALUE : min;\n    int capacity \u003d java.lang.Math.min(min, ((((cardinality) * 3) / 2) + 1));\n    double[] $values \u003d new double[capacity];\n    int[] $rowIndices \u003d new int[capacity];\n    java.lang.System.arraycopy(values, 0, $values, 0, cardinality);\n    java.lang.System.arraycopy(rowIndices, 0, $rowIndices, 0, cardinality);\n    values \u003d $values;\n    rowIndices \u003d $rowIndices;\n}",
                "dst_parent": "null"
              },
              "line": 472,
              "file": "/home/khesoem/projects/lighter/exp/src/main/java/org/la4j/matrix/sparse/CCSMatrix.java",
              "stats": {
                "number_of_src_entities": 25,
                "number_of_dst_entities": -1,
                "src_entity_types": "[int, java.lang.Integer, boolean]",
                "dst_entity_types": "[]"
              }
            }
          ]
        }
      ]
    },
    {
      "revision": "672f0cab670de7deab1379f4fa30290b66b0b315",
      "repairability": [
        {
          "tool-name": "JKali",
          "pattern-name": "JKali:del",
          "Unified_Diff_of-files:": "Starts Below...",
          "CHANGE_old:": "",
          "CHANGE_new:": "        }",
          "instance_detail": [
            {
              "pattern_action": "DEL",
              "pattern_entity": {
                "entity_type": "*",
                "entity_new value": "*",
                "entity_role": "Statement",
                "entity_parent": "null"
              },
              "concrete_change": {
                "operator": "DEL",
                "src_type": "LocalVariable",
                "dst_type": "null",
                "src": "int min \u003d (rows) * (columns)",
                "dst": "null",
                "src_parent_type": "Block",
                "dst_parent_type": "null",
                "src_parent": "{\n    if ((values.length) \u003d\u003d (capacity())) {\n        throw new java.lang.IllegalStateException(\"This matrix can\u0027t grow up.\");\n    }\n    int min \u003d (rows) * (columns);\n    min \u003d (min \u003c 0) ? java.lang.Integer.MAX_VALUE : min;\n    int capacity \u003d java.lang.Math.min(min, ((((cardinality) * 3) / 2) + 1));\n    double[] $values \u003d new double[capacity];\n    int[] $columnIndices \u003d new int[capacity];\n    java.lang.System.arraycopy(values, 0, $values, 0, cardinality);\n    java.lang.System.arraycopy(columnIndices, 0, $columnIndices, 0, cardinality);\n    values \u003d $values;\n    columnIndices \u003d $columnIndices;\n}",
                "dst_parent": "null"
              },
              "line": 480,
              "file": "/home/khesoem/projects/lighter/exp/src/main/java/org/la4j/matrix/sparse/CRSMatrix.java",
              "stats": {
                "number_of_src_entities": 11,
                "number_of_dst_entities": -1,
                "src_entity_types": "[int]",
                "dst_entity_types": "[]"
              }
            }
          ]
        },
        {
          "tool-name": "JKali",
          "pattern-name": "JKali:del",
          "Unified_Diff_of-files:": "Starts Below...",
          "CHANGE_old:": "",
          "CHANGE_new:": "        }",
          "instance_detail": [
            {
              "pattern_action": "DEL",
              "pattern_entity": {
                "entity_type": "*",
                "entity_new value": "*",
                "entity_role": "Statement",
                "entity_parent": "null"
              },
              "concrete_change": {
                "operator": "DEL",
                "src_type": "Assignment",
                "dst_type": "null",
                "src": "min \u003d (min \u003c 0) ? java.lang.Integer.MAX_VALUE : min",
                "dst": "null",
                "src_parent_type": "Block",
                "dst_parent_type": "null",
                "src_parent": "{\n    if ((values.length) \u003d\u003d (capacity())) {\n        throw new java.lang.IllegalStateException(\"This matrix can\u0027t grow up.\");\n    }\n    int min \u003d (rows) * (columns);\n    min \u003d (min \u003c 0) ? java.lang.Integer.MAX_VALUE : min;\n    int capacity \u003d java.lang.Math.min(min, ((((cardinality) * 3) / 2) + 1));\n    double[] $values \u003d new double[capacity];\n    int[] $columnIndices \u003d new int[capacity];\n    java.lang.System.arraycopy(values, 0, $values, 0, cardinality);\n    java.lang.System.arraycopy(columnIndices, 0, $columnIndices, 0, cardinality);\n    values \u003d $values;\n    columnIndices \u003d $columnIndices;\n}",
                "dst_parent": "null"
              },
              "line": 481,
              "file": "/home/khesoem/projects/lighter/exp/src/main/java/org/la4j/matrix/sparse/CRSMatrix.java",
              "stats": {
                "number_of_src_entities": 25,
                "number_of_dst_entities": -1,
                "src_entity_types": "[int, java.lang.Integer, boolean]",
                "dst_entity_types": "[]"
              }
            }
          ]
        }
      ]
    }
  ],
  "complete_analysis": true
}