{
  "instances": [
    {
      "revision": "8a5f5eab021f1f82a120119f75f2748072285b3c",
      "repairability": [
        {
          "tool-name": "JKali",
          "pattern-name": "JKali:del",
          "Unified_Diff_of-files:": "Starts Below...",
          "INSERT:": "}",
          "instance_detail": [
            {
              "pattern_action": "DEL",
              "pattern_entity": {
                "entity_type": "*",
                "entity_new value": "*",
                "entity_role": "Statement",
                "entity_parent": "null"
              },
              "concrete_change": {
                "operator": "DEL",
                "src_type": "Return",
                "dst_type": "null",
                "src": "return false",
                "dst": "null",
                "src_parent_type": "Block",
                "dst_parent_type": "null",
                "src_parent": "{\n    return false;\n}",
                "dst_parent": "null"
              },
              "line": 461,
              "file": "/home/khesoem/projects/lighter/exp/src/main/java/org/la4j/matrix/AbstractMatrix.java"
            }
          ]
        },
        {
          "tool-name": "JKali",
          "pattern-name": "JKali:del",
          "Unified_Diff_of-files:": "Starts Below...",
          "INSERT:": "}",
          "instance_detail": [
            {
              "pattern_action": "DEL",
              "pattern_entity": {
                "entity_type": "*",
                "entity_new value": "*",
                "entity_role": "Statement",
                "entity_parent": "null"
              },
              "concrete_change": {
                "operator": "DEL",
                "src_type": "If",
                "dst_type": "null",
                "src": "if (((rows) !\u003d (columns)) || (((rows) + (columns)) \u003d\u003d 0)) {\n    return false;\n}",
                "dst": "null",
                "src_parent_type": "Block",
                "dst_parent_type": "null",
                "src_parent": "{\n    if (((rows) !\u003d (columns)) || (((rows) + (columns)) \u003d\u003d 0)) {\n        return false;\n    }\n    boolean result \u003d true;\n    for (int i \u003d 0; i \u003c (rows); i++) {\n        for (int j \u003d i + 1; j \u003c (columns); j++) {\n            result \u003d result \u0026\u0026 ((java.lang.Math.abs(((unsafe_get(i, j)) - (unsafe_get(j, i))))) \u003c (EPS));\n        }\n    }\n    return (result \u0026\u0026 ((rows) \u003e 0)) \u0026\u0026 ((columns) \u003e 0);\n}",
                "dst_parent": "null"
              },
              "line": 460,
              "file": "/home/khesoem/projects/lighter/exp/src/main/java/org/la4j/matrix/AbstractMatrix.java"
            }
          ]
        },
        {
          "tool-name": "JKali",
          "pattern-name": "JKali:del",
          "Unified_Diff_of-files:": "Starts Below...",
          "INSERT:": "}",
          "instance_detail": [
            {
              "pattern_action": "DEL",
              "pattern_entity": {
                "entity_type": "*",
                "entity_new value": "*",
                "entity_role": "Statement",
                "entity_parent": "null"
              },
              "concrete_change": {
                "operator": "DEL",
                "src_type": "LocalVariable",
                "dst_type": "null",
                "src": "boolean result \u003d true",
                "dst": "null",
                "src_parent_type": "Block",
                "dst_parent_type": "null",
                "src_parent": "{\n    if (((rows) !\u003d (columns)) || (((rows) + (columns)) \u003d\u003d 0)) {\n        return false;\n    }\n    boolean result \u003d true;\n    for (int i \u003d 0; i \u003c (rows); i++) {\n        for (int j \u003d i + 1; j \u003c (columns); j++) {\n            result \u003d result \u0026\u0026 ((java.lang.Math.abs(((unsafe_get(i, j)) - (unsafe_get(j, i))))) \u003c (EPS));\n        }\n    }\n    return (result \u0026\u0026 ((rows) \u003e 0)) \u0026\u0026 ((columns) \u003e 0);\n}",
                "dst_parent": "null"
              },
              "line": 464,
              "file": "/home/khesoem/projects/lighter/exp/src/main/java/org/la4j/matrix/AbstractMatrix.java"
            }
          ]
        },
        {
          "tool-name": "JKali",
          "pattern-name": "JKali:del",
          "Unified_Diff_of-files:": "Starts Below...",
          "INSERT:": "}",
          "instance_detail": [
            {
              "pattern_action": "DEL",
              "pattern_entity": {
                "entity_type": "*",
                "entity_new value": "*",
                "entity_role": "Statement",
                "entity_parent": "null"
              },
              "concrete_change": {
                "operator": "DEL",
                "src_type": "Assignment",
                "dst_type": "null",
                "src": "result \u003d result \u0026\u0026 ((java.lang.Math.abs(((unsafe_get(i, j)) - (unsafe_get(j, i))))) \u003c (EPS))",
                "dst": "null",
                "src_parent_type": "Block",
                "dst_parent_type": "null",
                "src_parent": "{\n    result \u003d result \u0026\u0026 ((java.lang.Math.abs(((unsafe_get(i, j)) - (unsafe_get(j, i))))) \u003c (EPS));\n}",
                "dst_parent": "null"
              },
              "line": 467,
              "file": "/home/khesoem/projects/lighter/exp/src/main/java/org/la4j/matrix/AbstractMatrix.java"
            }
          ]
        },
        {
          "tool-name": "JKali",
          "pattern-name": "JKali:del",
          "Unified_Diff_of-files:": "Starts Below...",
          "INSERT:": "}",
          "instance_detail": [
            {
              "pattern_action": "DEL",
              "pattern_entity": {
                "entity_type": "*",
                "entity_new value": "*",
                "entity_role": "Statement",
                "entity_parent": "null"
              },
              "concrete_change": {
                "operator": "DEL",
                "src_type": "For",
                "dst_type": "null",
                "src": "for (int j \u003d i + 1; j \u003c (columns); j++) {\n    result \u003d result \u0026\u0026 ((java.lang.Math.abs(((unsafe_get(i, j)) - (unsafe_get(j, i))))) \u003c (EPS));\n}",
                "dst": "null",
                "src_parent_type": "Block",
                "dst_parent_type": "null",
                "src_parent": "{\n    for (int j \u003d i + 1; j \u003c (columns); j++) {\n        result \u003d result \u0026\u0026 ((java.lang.Math.abs(((unsafe_get(i, j)) - (unsafe_get(j, i))))) \u003c (EPS));\n    }\n}",
                "dst_parent": "null"
              },
              "line": 466,
              "file": "/home/khesoem/projects/lighter/exp/src/main/java/org/la4j/matrix/AbstractMatrix.java"
            }
          ]
        },
        {
          "tool-name": "JKali",
          "pattern-name": "JKali:del",
          "Unified_Diff_of-files:": "Starts Below...",
          "INSERT:": "}",
          "instance_detail": [
            {
              "pattern_action": "DEL",
              "pattern_entity": {
                "entity_type": "*",
                "entity_new value": "*",
                "entity_role": "Statement",
                "entity_parent": "null"
              },
              "concrete_change": {
                "operator": "DEL",
                "src_type": "For",
                "dst_type": "null",
                "src": "for (int i \u003d 0; i \u003c (rows); i++) {\n    for (int j \u003d i + 1; j \u003c (columns); j++) {\n        result \u003d result \u0026\u0026 ((java.lang.Math.abs(((unsafe_get(i, j)) - (unsafe_get(j, i))))) \u003c (EPS));\n    }\n}",
                "dst": "null",
                "src_parent_type": "Block",
                "dst_parent_type": "null",
                "src_parent": "{\n    if (((rows) !\u003d (columns)) || (((rows) + (columns)) \u003d\u003d 0)) {\n        return false;\n    }\n    boolean result \u003d true;\n    for (int i \u003d 0; i \u003c (rows); i++) {\n        for (int j \u003d i + 1; j \u003c (columns); j++) {\n            result \u003d result \u0026\u0026 ((java.lang.Math.abs(((unsafe_get(i, j)) - (unsafe_get(j, i))))) \u003c (EPS));\n        }\n    }\n    return (result \u0026\u0026 ((rows) \u003e 0)) \u0026\u0026 ((columns) \u003e 0);\n}",
                "dst_parent": "null"
              },
              "line": 465,
              "file": "/home/khesoem/projects/lighter/exp/src/main/java/org/la4j/matrix/AbstractMatrix.java"
            }
          ]
        },
        {
          "tool-name": "JKali",
          "pattern-name": "JKali:del",
          "Unified_Diff_of-files:": "Starts Below...",
          "INSERT:": "}",
          "instance_detail": [
            {
              "pattern_action": "DEL",
              "pattern_entity": {
                "entity_type": "*",
                "entity_new value": "*",
                "entity_role": "Statement",
                "entity_parent": "null"
              },
              "concrete_change": {
                "operator": "DEL",
                "src_type": "Return",
                "dst_type": "null",
                "src": "return (result \u0026\u0026 ((rows) \u003e 0)) \u0026\u0026 ((columns) \u003e 0)",
                "dst": "null",
                "src_parent_type": "Block",
                "dst_parent_type": "null",
                "src_parent": "{\n    if (((rows) !\u003d (columns)) || (((rows) + (columns)) \u003d\u003d 0)) {\n        return false;\n    }\n    boolean result \u003d true;\n    for (int i \u003d 0; i \u003c (rows); i++) {\n        for (int j \u003d i + 1; j \u003c (columns); j++) {\n            result \u003d result \u0026\u0026 ((java.lang.Math.abs(((unsafe_get(i, j)) - (unsafe_get(j, i))))) \u003c (EPS));\n        }\n    }\n    return (result \u0026\u0026 ((rows) \u003e 0)) \u0026\u0026 ((columns) \u003e 0);\n}",
                "dst_parent": "null"
              },
              "line": 472,
              "file": "/home/khesoem/projects/lighter/exp/src/main/java/org/la4j/matrix/AbstractMatrix.java"
            }
          ]
        },
        {
          "tool-name": "JKali",
          "pattern-name": "JKali:del",
          "Unified_Diff_of-files:": "Starts Below...",
          "INSERT:": "}",
          "instance_detail": [
            {
              "pattern_action": "DEL",
              "pattern_entity": {
                "entity_type": "*",
                "entity_new value": "*",
                "entity_role": "Statement",
                "entity_parent": "null"
              },
              "concrete_change": {
                "operator": "DEL",
                "src_type": "LocalVariable",
                "dst_type": "null",
                "src": "boolean result \u003d true",
                "dst": "null",
                "src_parent_type": "Block",
                "dst_parent_type": "null",
                "src_parent": "{\n    boolean result \u003d true;\n    for (int i \u003d 1; i \u003c (rows); i++) {\n        for (int j \u003d 0; j \u003c i; j++) {\n            result \u003d result \u0026\u0026 ((java.lang.Math.abs(unsafe_get(i, j))) \u003c (EPS));\n        }\n    }\n    return (result \u0026\u0026 ((rows) \u003e 0)) \u0026\u0026 ((columns) \u003e 0);\n}",
                "dst_parent": "null"
              },
              "line": 478,
              "file": "/home/khesoem/projects/lighter/exp/src/main/java/org/la4j/matrix/AbstractMatrix.java"
            }
          ]
        },
        {
          "tool-name": "JKali",
          "pattern-name": "JKali:del",
          "Unified_Diff_of-files:": "Starts Below...",
          "INSERT:": "}",
          "instance_detail": [
            {
              "pattern_action": "DEL",
              "pattern_entity": {
                "entity_type": "*",
                "entity_new value": "*",
                "entity_role": "Statement",
                "entity_parent": "null"
              },
              "concrete_change": {
                "operator": "DEL",
                "src_type": "Assignment",
                "dst_type": "null",
                "src": "result \u003d result \u0026\u0026 ((java.lang.Math.abs(unsafe_get(i, j))) \u003c (EPS))",
                "dst": "null",
                "src_parent_type": "Block",
                "dst_parent_type": "null",
                "src_parent": "{\n    result \u003d result \u0026\u0026 ((java.lang.Math.abs(unsafe_get(i, j))) \u003c (EPS));\n}",
                "dst_parent": "null"
              },
              "line": 482,
              "file": "/home/khesoem/projects/lighter/exp/src/main/java/org/la4j/matrix/AbstractMatrix.java"
            }
          ]
        },
        {
          "tool-name": "JKali",
          "pattern-name": "JKali:del",
          "Unified_Diff_of-files:": "Starts Below...",
          "INSERT:": "}",
          "instance_detail": [
            {
              "pattern_action": "DEL",
              "pattern_entity": {
                "entity_type": "*",
                "entity_new value": "*",
                "entity_role": "Statement",
                "entity_parent": "null"
              },
              "concrete_change": {
                "operator": "DEL",
                "src_type": "For",
                "dst_type": "null",
                "src": "for (int j \u003d 0; j \u003c i; j++) {\n    result \u003d result \u0026\u0026 ((java.lang.Math.abs(unsafe_get(i, j))) \u003c (EPS));\n}",
                "dst": "null",
                "src_parent_type": "Block",
                "dst_parent_type": "null",
                "src_parent": "{\n    for (int j \u003d 0; j \u003c i; j++) {\n        result \u003d result \u0026\u0026 ((java.lang.Math.abs(unsafe_get(i, j))) \u003c (EPS));\n    }\n}",
                "dst_parent": "null"
              },
              "line": 481,
              "file": "/home/khesoem/projects/lighter/exp/src/main/java/org/la4j/matrix/AbstractMatrix.java"
            }
          ]
        },
        {
          "tool-name": "JKali",
          "pattern-name": "JKali:del",
          "Unified_Diff_of-files:": "Starts Below...",
          "INSERT:": "}",
          "instance_detail": [
            {
              "pattern_action": "DEL",
              "pattern_entity": {
                "entity_type": "*",
                "entity_new value": "*",
                "entity_role": "Statement",
                "entity_parent": "null"
              },
              "concrete_change": {
                "operator": "DEL",
                "src_type": "For",
                "dst_type": "null",
                "src": "for (int i \u003d 1; i \u003c (rows); i++) {\n    for (int j \u003d 0; j \u003c i; j++) {\n        result \u003d result \u0026\u0026 ((java.lang.Math.abs(unsafe_get(i, j))) \u003c (EPS));\n    }\n}",
                "dst": "null",
                "src_parent_type": "Block",
                "dst_parent_type": "null",
                "src_parent": "{\n    boolean result \u003d true;\n    for (int i \u003d 1; i \u003c (rows); i++) {\n        for (int j \u003d 0; j \u003c i; j++) {\n            result \u003d result \u0026\u0026 ((java.lang.Math.abs(unsafe_get(i, j))) \u003c (EPS));\n        }\n    }\n    return (result \u0026\u0026 ((rows) \u003e 0)) \u0026\u0026 ((columns) \u003e 0);\n}",
                "dst_parent": "null"
              },
              "line": 480,
              "file": "/home/khesoem/projects/lighter/exp/src/main/java/org/la4j/matrix/AbstractMatrix.java"
            }
          ]
        },
        {
          "tool-name": "JKali",
          "pattern-name": "JKali:del",
          "Unified_Diff_of-files:": "Starts Below...",
          "INSERT:": "}",
          "instance_detail": [
            {
              "pattern_action": "DEL",
              "pattern_entity": {
                "entity_type": "*",
                "entity_new value": "*",
                "entity_role": "Statement",
                "entity_parent": "null"
              },
              "concrete_change": {
                "operator": "DEL",
                "src_type": "Return",
                "dst_type": "null",
                "src": "return (result \u0026\u0026 ((rows) \u003e 0)) \u0026\u0026 ((columns) \u003e 0)",
                "dst": "null",
                "src_parent_type": "Block",
                "dst_parent_type": "null",
                "src_parent": "{\n    boolean result \u003d true;\n    for (int i \u003d 1; i \u003c (rows); i++) {\n        for (int j \u003d 0; j \u003c i; j++) {\n            result \u003d result \u0026\u0026 ((java.lang.Math.abs(unsafe_get(i, j))) \u003c (EPS));\n        }\n    }\n    return (result \u0026\u0026 ((rows) \u003e 0)) \u0026\u0026 ((columns) \u003e 0);\n}",
                "dst_parent": "null"
              },
              "line": 486,
              "file": "/home/khesoem/projects/lighter/exp/src/main/java/org/la4j/matrix/AbstractMatrix.java"
            }
          ]
        }
      ]
    },
    {
      "revision": "8a5f5eab021f1f82a120119f75f2748072285b3c",
      "repairability": [
        {
          "tool-name": "JKali",
          "pattern-name": "JKali:del",
          "Unified_Diff_of-files:": "Starts Below...",
          "INSERT:": "}",
          "instance_detail": [
            {
              "pattern_action": "DEL",
              "pattern_entity": {
                "entity_type": "*",
                "entity_new value": "*",
                "entity_role": "Statement",
                "entity_parent": "null"
              },
              "concrete_change": {
                "operator": "DEL",
                "src_type": "LocalVariable",
                "dst_type": "null",
                "src": "org.la4j.matrix.Matrix a \u003d linearSystem.coefficientsMatrix()",
                "dst": "null",
                "src_parent_type": "Block",
                "dst_parent_type": "null",
                "src_parent": "{\n    org.la4j.matrix.Matrix a \u003d linearSystem.coefficientsMatrix();\n    if (((a.rows()) \u003c 2) || ((a.columns()) \u003c 2)) {\n        return false;\n    }\n    for (int i \u003d 0; i \u003c (a.rows()); i++) {\n        for (int j \u003d 0; j \u003c (a.columns()); j++) {\n            if (((java.lang.Math.abs((i - j))) \u003e 1) \u0026\u0026 ((java.lang.Math.abs(a.unsafe_get(i, j))) \u003e (org.la4j.matrix.Matrix.EPS))) {\n                return false;\n            }\n        }\n    }\n    return true;\n}",
                "dst_parent": "null"
              },
              "line": 93,
              "file": "/home/khesoem/projects/lighter/exp/src/main/java/org/la4j/linear/SweepSolver.java",
              "stats": {
                "number_of_src_entities": 13,
                "number_of_dst_entities": -1,
                "src_entity_types": "[org.la4j.matrix.Matrix, org.la4j.linear.LinearSystem]",
                "dst_entity_types": "[]"
              }
            }
          ]
        },
        {
          "tool-name": "JKali",
          "pattern-name": "JKali:del",
          "Unified_Diff_of-files:": "Starts Below...",
          "INSERT:": "}",
          "instance_detail": [
            {
              "pattern_action": "DEL",
              "pattern_entity": {
                "entity_type": "*",
                "entity_new value": "*",
                "entity_role": "Statement",
                "entity_parent": "null"
              },
              "concrete_change": {
                "operator": "DEL",
                "src_type": "Return",
                "dst_type": "null",
                "src": "return false",
                "dst": "null",
                "src_parent_type": "Block",
                "dst_parent_type": "null",
                "src_parent": "{\n    return false;\n}",
                "dst_parent": "null"
              },
              "line": 96,
              "file": "/home/khesoem/projects/lighter/exp/src/main/java/org/la4j/linear/SweepSolver.java"
            }
          ]
        },
        {
          "tool-name": "JKali",
          "pattern-name": "JKali:del",
          "Unified_Diff_of-files:": "Starts Below...",
          "INSERT:": "}",
          "instance_detail": [
            {
              "pattern_action": "DEL",
              "pattern_entity": {
                "entity_type": "*",
                "entity_new value": "*",
                "entity_role": "Statement",
                "entity_parent": "null"
              },
              "concrete_change": {
                "operator": "DEL",
                "src_type": "If",
                "dst_type": "null",
                "src": "if (((a.rows()) \u003c 2) || ((a.columns()) \u003c 2)) {\n    return false;\n}",
                "dst": "null",
                "src_parent_type": "Block",
                "dst_parent_type": "null",
                "src_parent": "{\n    org.la4j.matrix.Matrix a \u003d linearSystem.coefficientsMatrix();\n    if (((a.rows()) \u003c 2) || ((a.columns()) \u003c 2)) {\n        return false;\n    }\n    for (int i \u003d 0; i \u003c (a.rows()); i++) {\n        for (int j \u003d 0; j \u003c (a.columns()); j++) {\n            if (((java.lang.Math.abs((i - j))) \u003e 1) \u0026\u0026 ((java.lang.Math.abs(a.unsafe_get(i, j))) \u003e (org.la4j.matrix.Matrix.EPS))) {\n                return false;\n            }\n        }\n    }\n    return true;\n}",
                "dst_parent": "null"
              },
              "line": 95,
              "file": "/home/khesoem/projects/lighter/exp/src/main/java/org/la4j/linear/SweepSolver.java",
              "stats": {
                "number_of_src_entities": 28,
                "number_of_dst_entities": -1,
                "src_entity_types": "[org.la4j.matrix.Matrix, int, boolean]",
                "dst_entity_types": "[]"
              }
            }
          ]
        },
        {
          "tool-name": "JKali",
          "pattern-name": "JKali:del",
          "Unified_Diff_of-files:": "Starts Below...",
          "INSERT:": "}",
          "instance_detail": [
            {
              "pattern_action": "DEL",
              "pattern_entity": {
                "entity_type": "*",
                "entity_new value": "*",
                "entity_role": "Statement",
                "entity_parent": "null"
              },
              "concrete_change": {
                "operator": "DEL",
                "src_type": "Return",
                "dst_type": "null",
                "src": "return false",
                "dst": "null",
                "src_parent_type": "Block",
                "dst_parent_type": "null",
                "src_parent": "{\n    return false;\n}",
                "dst_parent": "null"
              },
              "line": 103,
              "file": "/home/khesoem/projects/lighter/exp/src/main/java/org/la4j/linear/SweepSolver.java"
            }
          ]
        },
        {
          "tool-name": "JKali",
          "pattern-name": "JKali:del",
          "Unified_Diff_of-files:": "Starts Below...",
          "INSERT:": "}",
          "instance_detail": [
            {
              "pattern_action": "DEL",
              "pattern_entity": {
                "entity_type": "*",
                "entity_new value": "*",
                "entity_role": "Statement",
                "entity_parent": "null"
              },
              "concrete_change": {
                "operator": "DEL",
                "src_type": "If",
                "dst_type": "null",
                "src": "if (((java.lang.Math.abs((i - j))) \u003e 1) \u0026\u0026 ((java.lang.Math.abs(a.unsafe_get(i, j))) \u003e (org.la4j.matrix.Matrix.EPS))) {\n    return false;\n}",
                "dst": "null",
                "src_parent_type": "Block",
                "dst_parent_type": "null",
                "src_parent": "{\n    if (((java.lang.Math.abs((i - j))) \u003e 1) \u0026\u0026 ((java.lang.Math.abs(a.unsafe_get(i, j))) \u003e (org.la4j.matrix.Matrix.EPS))) {\n        return false;\n    }\n}",
                "dst_parent": "null"
              },
              "line": 101,
              "file": "/home/khesoem/projects/lighter/exp/src/main/java/org/la4j/linear/SweepSolver.java"
            }
          ]
        },
        {
          "tool-name": "JKali",
          "pattern-name": "JKali:del",
          "Unified_Diff_of-files:": "Starts Below...",
          "INSERT:": "}",
          "instance_detail": [
            {
              "pattern_action": "DEL",
              "pattern_entity": {
                "entity_type": "*",
                "entity_new value": "*",
                "entity_role": "Statement",
                "entity_parent": "null"
              },
              "concrete_change": {
                "operator": "DEL",
                "src_type": "For",
                "dst_type": "null",
                "src": "for (int j \u003d 0; j \u003c (a.columns()); j++) {\n    if (((java.lang.Math.abs((i - j))) \u003e 1) \u0026\u0026 ((java.lang.Math.abs(a.unsafe_get(i, j))) \u003e (org.la4j.matrix.Matrix.EPS))) {\n        return false;\n    }\n}",
                "dst": "null",
                "src_parent_type": "Block",
                "dst_parent_type": "null",
                "src_parent": "{\n    for (int j \u003d 0; j \u003c (a.columns()); j++) {\n        if (((java.lang.Math.abs((i - j))) \u003e 1) \u0026\u0026 ((java.lang.Math.abs(a.unsafe_get(i, j))) \u003e (org.la4j.matrix.Matrix.EPS))) {\n            return false;\n        }\n    }\n}",
                "dst_parent": "null"
              },
              "line": 100,
              "file": "/home/khesoem/projects/lighter/exp/src/main/java/org/la4j/linear/SweepSolver.java"
            }
          ]
        },
        {
          "tool-name": "JKali",
          "pattern-name": "JKali:del",
          "Unified_Diff_of-files:": "Starts Below...",
          "INSERT:": "}",
          "instance_detail": [
            {
              "pattern_action": "DEL",
              "pattern_entity": {
                "entity_type": "*",
                "entity_new value": "*",
                "entity_role": "Statement",
                "entity_parent": "null"
              },
              "concrete_change": {
                "operator": "DEL",
                "src_type": "For",
                "dst_type": "null",
                "src": "for (int i \u003d 0; i \u003c (a.rows()); i++) {\n    for (int j \u003d 0; j \u003c (a.columns()); j++) {\n        if (((java.lang.Math.abs((i - j))) \u003e 1) \u0026\u0026 ((java.lang.Math.abs(a.unsafe_get(i, j))) \u003e (org.la4j.matrix.Matrix.EPS))) {\n            return false;\n        }\n    }\n}",
                "dst": "null",
                "src_parent_type": "Block",
                "dst_parent_type": "null",
                "src_parent": "{\n    org.la4j.matrix.Matrix a \u003d linearSystem.coefficientsMatrix();\n    if (((a.rows()) \u003c 2) || ((a.columns()) \u003c 2)) {\n        return false;\n    }\n    for (int i \u003d 0; i \u003c (a.rows()); i++) {\n        for (int j \u003d 0; j \u003c (a.columns()); j++) {\n            if (((java.lang.Math.abs((i - j))) \u003e 1) \u0026\u0026 ((java.lang.Math.abs(a.unsafe_get(i, j))) \u003e (org.la4j.matrix.Matrix.EPS))) {\n                return false;\n            }\n        }\n    }\n    return true;\n}",
                "dst_parent": "null"
              },
              "line": 99,
              "file": "/home/khesoem/projects/lighter/exp/src/main/java/org/la4j/linear/SweepSolver.java",
              "stats": {
                "number_of_src_entities": 108,
                "number_of_dst_entities": -1,
                "src_entity_types": "[org.la4j.matrix.Matrix, int, boolean, java.lang.Math]",
                "dst_entity_types": "[]"
              }
            }
          ]
        },
        {
          "tool-name": "JKali",
          "pattern-name": "JKali:del",
          "Unified_Diff_of-files:": "Starts Below...",
          "INSERT:": "}",
          "instance_detail": [
            {
              "pattern_action": "DEL",
              "pattern_entity": {
                "entity_type": "*",
                "entity_new value": "*",
                "entity_role": "Statement",
                "entity_parent": "null"
              },
              "concrete_change": {
                "operator": "DEL",
                "src_type": "Return",
                "dst_type": "null",
                "src": "return true",
                "dst": "null",
                "src_parent_type": "Block",
                "dst_parent_type": "null",
                "src_parent": "{\n    org.la4j.matrix.Matrix a \u003d linearSystem.coefficientsMatrix();\n    if (((a.rows()) \u003c 2) || ((a.columns()) \u003c 2)) {\n        return false;\n    }\n    for (int i \u003d 0; i \u003c (a.rows()); i++) {\n        for (int j \u003d 0; j \u003c (a.columns()); j++) {\n            if (((java.lang.Math.abs((i - j))) \u003e 1) \u0026\u0026 ((java.lang.Math.abs(a.unsafe_get(i, j))) \u003e (org.la4j.matrix.Matrix.EPS))) {\n                return false;\n            }\n        }\n    }\n    return true;\n}",
                "dst_parent": "null"
              },
              "line": 108,
              "file": "/home/khesoem/projects/lighter/exp/src/main/java/org/la4j/linear/SweepSolver.java",
              "stats": {
                "number_of_src_entities": 3,
                "number_of_dst_entities": -1,
                "src_entity_types": "[boolean]",
                "dst_entity_types": "[]"
              }
            }
          ]
        },
        {
          "tool-name": "JKali",
          "pattern-name": "JKali:add_rtrn",
          "Unified_Diff_of-files:": "Starts Below...",
          "INSERT:": "}",
          "instance_detail": [
            {
              "pattern_action": "INS",
              "pattern_entity": {
                "entity_type": "Return",
                "entity_new value": "*",
                "entity_role": "Statement",
                "entity_parent": "null"
              },
              "concrete_change": {
                "operator": "INS",
                "src_type": "Return",
                "dst_type": "null",
                "src": "return linearSystem.coefficientsMatrix().is(Matrices.TRIDIAGONAL_MATRIX)",
                "dst": "null",
                "src_parent_type": "Block",
                "dst_parent_type": "null",
                "src_parent": "{\n    return linearSystem.coefficientsMatrix().is(Matrices.TRIDIAGONAL_MATRIX);\n}",
                "dst_parent": "null"
              },
              "line": 94,
              "file": "/home/khesoem/projects/lighter/exp/src/main/java/org/la4j/linear/SweepSolver.java",
              "stats": {
                "number_of_src_entities": 15,
                "number_of_dst_entities": -1,
                "src_entity_types": "[org.la4j.linear.LinearSystem, Matrices.TRIDIAGONAL_MATRIX]",
                "dst_entity_types": "[]"
              }
            }
          ]
        }
      ]
    }
  ],
  "complete_analysis": true
}