{
  "instances": [
    {
      "revision": "6bbf0fda278768d857017b8530fda9e6418115f6",
      "repairability": [
        {
          "tool-name": "Nopol",
          "pattern-name": "Nopol:if_condition_ins_deep",
          "Unified_Diff_of-files:": "Starts Below...",
          "INSERT:": "    /**",
          "instance_detail": [
            {
              "pattern_action": "MOV",
              "pattern_entity": {
                "entity_type": "*",
                "entity_new value": "*",
                "entity_role": "*",
                "entity_parent": {
                  "entity_type": "*",
                  "entity_new value": "*",
                  "entity_role": "Then",
                  "entity_parent": {
                    "entity_type": "If",
                    "entity_new value": "*",
                    "entity_role": "*",
                    "entity_parent": "null"
                  }
                }
              },
              "concrete_change": {
                "operator": "MOV",
                "src_type": "Invocation",
                "dst_type": "Invocation",
                "src": "chart.populateAnalyticalProperties()",
                "dst": "chart.populateAnalyticalProperties()",
                "src_parent_type": "Block",
                "dst_parent_type": "Block",
                "src_parent": "{\n    chart.populateAnalyticalProperties();\n    org.hisp.dhis.user.User currentUser \u003d currentUserService.getCurrentUser();\n    if (currentUser !\u003d null) {\n        java.util.Set\u003corg.hisp.dhis.organisationunit.OrganisationUnit\u003e roots \u003d currentUser.getDataViewOrganisationUnitsWithFallback();\n        for (org.hisp.dhis.organisationunit.OrganisationUnit organisationUnit : chart.getOrganisationUnits()) {\n            chart.getParentGraphMap().put(organisationUnit.getUid(), organisationUnit.getParentGraph(roots));\n        }\n    }\n    if (((chart.getPeriods()) !\u003d null) \u0026\u0026 (!(chart.getPeriods().isEmpty()))) {\n        org.hisp.dhis.i18n.I18nFormat format \u003d i18nManager.getI18nFormat();\n        for (org.hisp.dhis.period.Period period : chart.getPeriods()) {\n            period.setName(format.formatPeriod(period));\n        }\n    }\n}",
                "dst_parent": "{\n    chart.populateAnalyticalProperties();\n    org.hisp.dhis.user.User currentUser \u003d currentUserService.getCurrentUser();\n    if (currentUser !\u003d null) {\n        java.util.Set\u003corg.hisp.dhis.organisationunit.OrganisationUnit\u003e roots \u003d currentUser.getDataViewOrganisationUnitsWithFallback();\n        for (org.hisp.dhis.organisationunit.OrganisationUnit organisationUnit : chart.getOrganisationUnits()) {\n            chart.getParentGraphMap().put(organisationUnit.getUid(), organisationUnit.getParentGraph(roots));\n        }\n    }\n    if (((chart.getPeriods()) !\u003d null) \u0026\u0026 (!(chart.getPeriods().isEmpty()))) {\n        org.hisp.dhis.i18n.I18nFormat format \u003d i18nManager.getI18nFormat();\n        for (org.hisp.dhis.period.Period period : chart.getPeriods()) {\n            period.setName(format.formatPeriod(period));\n        }\n    }\n}"
              },
              "line": 271,
              "file": "/home/khesoem/projects/lighter/exp/dhis-2/dhis-web/dhis-web-api/src/main/java/org/hisp/dhis/webapi/controller/ChartController.java",
              "stats": {
                "number_of_src_entities": 8,
                "number_of_dst_entities": 8,
                "src_entity_types": "[org.hisp.dhis.chart.Chart]",
                "dst_entity_types": "[org.hisp.dhis.chart.Chart]"
              }
            },
            {
              "pattern_action": "INS",
              "pattern_entity": {
                "entity_type": "If",
                "entity_new value": "*",
                "entity_role": "*",
                "entity_parent": "null"
              },
              "concrete_change": {
                "operator": "INS",
                "src_type": "If",
                "dst_type": "null",
                "src": "if (chart !\u003d null) {\n    chart.populateAnalyticalProperties();\n    org.hisp.dhis.user.User currentUser \u003d currentUserService.getCurrentUser();\n    if (currentUser !\u003d null) {\n        java.util.Set\u003corg.hisp.dhis.organisationunit.OrganisationUnit\u003e roots \u003d currentUser.getDataViewOrganisationUnitsWithFallback();\n        for (org.hisp.dhis.organisationunit.OrganisationUnit organisationUnit : chart.getOrganisationUnits()) {\n            chart.getParentGraphMap().put(organisationUnit.getUid(), organisationUnit.getParentGraph(roots));\n        }\n    }\n    if (((chart.getPeriods()) !\u003d null) \u0026\u0026 (!(chart.getPeriods().isEmpty()))) {\n        org.hisp.dhis.i18n.I18nFormat format \u003d i18nManager.getI18nFormat();\n        for (org.hisp.dhis.period.Period period : chart.getPeriods()) {\n            period.setName(format.formatPeriod(period));\n        }\n    }\n}",
                "dst": "null",
                "src_parent_type": "Block",
                "dst_parent_type": "null",
                "src_parent": "{\n    if (chart !\u003d null) {\n        chart.populateAnalyticalProperties();\n        org.hisp.dhis.user.User currentUser \u003d currentUserService.getCurrentUser();\n        if (currentUser !\u003d null) {\n            java.util.Set\u003corg.hisp.dhis.organisationunit.OrganisationUnit\u003e roots \u003d currentUser.getDataViewOrganisationUnitsWithFallback();\n            for (org.hisp.dhis.organisationunit.OrganisationUnit organisationUnit : chart.getOrganisationUnits()) {\n                chart.getParentGraphMap().put(organisationUnit.getUid(), organisationUnit.getParentGraph(roots));\n            }\n        }\n        if (((chart.getPeriods()) !\u003d null) \u0026\u0026 (!(chart.getPeriods().isEmpty()))) {\n            org.hisp.dhis.i18n.I18nFormat format \u003d i18nManager.getI18nFormat();\n            for (org.hisp.dhis.period.Period period : chart.getPeriods()) {\n                period.setName(format.formatPeriod(period));\n            }\n        }\n    }\n}",
                "dst_parent": "null"
              },
              "line": 293,
              "file": "/home/khesoem/projects/lighter/exp/dhis-2/dhis-web/dhis-web-api/src/main/java/org/hisp/dhis/webapi/controller/ChartController.java"
            }
          ]
        }
      ]
    }
  ],
  "complete_analysis": true
}