{
  "instances": [
    {
      "revision": "aee795b8ece9c8fc2b20d9dab2b41f1c9cf7c0cf",
      "repairability": [
        {
          "tool-name": "Nopol",
          "pattern-name": "Nopol:if_condition_ins_deep",
          "Unified_Diff_of-files:": "Starts Below...",
          "CHANGE_old:": "    public void sendXml( WebMessage message, HttpServletResponse response )",
          "CHANGE_new:": "    private void sendXml( WebMessage message, HttpServletResponse response )",
          "instance_detail": [
            {
              "pattern_action": "INS",
              "pattern_entity": {
                "entity_type": "If",
                "entity_new value": "*",
                "entity_role": "*",
                "entity_parent": "null"
              },
              "concrete_change": {
                "operator": "INS",
                "src_type": "If",
                "dst_type": "null",
                "src": "if ((result.getException()) !\u003d null) {\n    message.setDescription(result.getException().getMessage());\n}",
                "dst": "null",
                "src_parent_type": "Block",
                "dst_parent_type": "null",
                "src_parent": "if ((result.getException()) !\u003d null) {\n        message.setDescription(result.getException().getMessage());\n    }\n",
                "dst_parent": "null"
              },
              "line": 89,
              "file": "/home/khesoem/projects/lighter/exp/dhis-2/dhis-web-api/src/main/java/org/hisp/dhis/webapi/controller/event/ProgramRuleController.java",
              "stats": {
                "number_of_src_entities": 31,
                "number_of_dst_entities": -1,
                "src_entity_types": "[org.hisp.dhis.rules.models.RuleValidationResult, org.hisp.dhis.dxf2.webmessage.DescriptiveWebMessage, \u003cnulltype\u003e]",
                "dst_entity_types": "[]"
              }
            },
            {
              "pattern_action": "MOV",
              "pattern_entity": {
                "entity_type": "*",
                "entity_new value": "*",
                "entity_role": "*",
                "entity_parent": {
                  "entity_type": "*",
                  "entity_new value": "*",
                  "entity_role": "Then",
                  "entity_parent": {
                    "entity_type": "If",
                    "entity_new value": "*",
                    "entity_role": "*",
                    "entity_parent": "null"
                  }
                }
              },
              "concrete_change": {
                "operator": "MOV",
                "src_type": "VariableRead",
                "dst_type": "VariableRead",
                "src": "message",
                "dst": "message",
                "src_parent_type": "Invocation",
                "dst_parent_type": "Invocation",
                "src_parent": "message.setDescription(org.hisp.dhis.util.ObjectUtils.firstNonNull(result.getErrorMessage(), result.getException().getMessage()))",
                "dst_parent": "message.setDescription(result.getException().getMessage())"
              },
              "line": 89,
              "file": "/home/khesoem/projects/lighter/exp/dhis-2/dhis-web-api/src/main/java/org/hisp/dhis/webapi/controller/event/ProgramRuleController.java",
              "stats": {
                "number_of_src_entities": 4,
                "number_of_dst_entities": 4,
                "src_entity_types": "[org.hisp.dhis.dxf2.webmessage.DescriptiveWebMessage]",
                "dst_entity_types": "[org.hisp.dhis.dxf2.webmessage.DescriptiveWebMessage]"
              }
            }
          ]
        }
      ]
    },
    {
      "revision": "aee795b8ece9c8fc2b20d9dab2b41f1c9cf7c0cf",
      "repairability": [
        {
          "tool-name": "Nopol",
          "pattern-name": "Nopol:if_condition_ins_deep",
          "Unified_Diff_of-files:": "Starts Below...",
          "CHANGE_old:": "    public void sendXml( WebMessage message, HttpServletResponse response )",
          "CHANGE_new:": "    private void sendXml( WebMessage message, HttpServletResponse response )",
          "instance_detail": [
            {
              "pattern_action": "INS",
              "pattern_entity": {
                "entity_type": "If",
                "entity_new value": "*",
                "entity_role": "*",
                "entity_parent": "null"
              },
              "concrete_change": {
                "operator": "INS",
                "src_type": "If",
                "dst_type": "null",
                "src": "if ((result.getException()) !\u003d null) {\n    message.setDescription(result.getException().getMessage());\n}",
                "dst": "null",
                "src_parent_type": "Block",
                "dst_parent_type": "null",
                "src_parent": "if ((result.getException()) !\u003d null) {\n        message.setDescription(result.getException().getMessage());\n    }\n",
                "dst_parent": "null"
              },
              "line": 92,
              "file": "/home/khesoem/projects/lighter/exp/dhis-2/dhis-web-api/src/main/java/org/hisp/dhis/webapi/controller/event/ProgramRuleActionController.java",
              "stats": {
                "number_of_src_entities": 31,
                "number_of_dst_entities": -1,
                "src_entity_types": "[org.hisp.dhis.rules.models.RuleValidationResult, org.hisp.dhis.dxf2.webmessage.DescriptiveWebMessage, \u003cnulltype\u003e]",
                "dst_entity_types": "[]"
              }
            },
            {
              "pattern_action": "MOV",
              "pattern_entity": {
                "entity_type": "*",
                "entity_new value": "*",
                "entity_role": "*",
                "entity_parent": {
                  "entity_type": "*",
                  "entity_new value": "*",
                  "entity_role": "Then",
                  "entity_parent": {
                    "entity_type": "If",
                    "entity_new value": "*",
                    "entity_role": "*",
                    "entity_parent": "null"
                  }
                }
              },
              "concrete_change": {
                "operator": "MOV",
                "src_type": "VariableRead",
                "dst_type": "VariableRead",
                "src": "message",
                "dst": "message",
                "src_parent_type": "Invocation",
                "dst_parent_type": "Invocation",
                "src_parent": "message.setDescription(org.hisp.dhis.util.ObjectUtils.firstNonNull(result.getErrorMessage(), result.getException().getMessage()))",
                "dst_parent": "message.setDescription(result.getException().getMessage())"
              },
              "line": 89,
              "file": "/home/khesoem/projects/lighter/exp/dhis-2/dhis-web-api/src/main/java/org/hisp/dhis/webapi/controller/event/ProgramRuleActionController.java",
              "stats": {
                "number_of_src_entities": 4,
                "number_of_dst_entities": 4,
                "src_entity_types": "[org.hisp.dhis.dxf2.webmessage.DescriptiveWebMessage]",
                "dst_entity_types": "[org.hisp.dhis.dxf2.webmessage.DescriptiveWebMessage]"
              }
            }
          ]
        }
      ]
    }
  ],
  "complete_analysis": true
}