{
  "instances": [
    {
      "revision": "71a69e65952255ea6bb0cb50caf69acc09fccc31",
      "repairability": [
        {
          "tool-name": "Nopol",
          "pattern-name": "Nopol:if_condition_upd_deep",
          "Unified_Diff_of-files:": "Starts Below...",
          "CHANGE_old:": "            if ( PROPS_IGNORE_MINMAX.contains( property.getPropertyType() ) )",
          "CHANGE_new:": "            if ( !property.isCollection() \u0026\u0026 PROPS_IGNORE_MINMAX.contains( property.getPropertyType() ) )",
          "instance_detail": [
            {
              "pattern_action": "ANY",
              "pattern_entity": {
                "entity_type": "*",
                "entity_new value": "*",
                "entity_role": "*",
                "entity_parent": {
                  "entity_type": "*",
                  "entity_new value": "*",
                  "entity_role": "condition",
                  "entity_parent": {
                    "entity_type": "If",
                    "entity_new value": "*",
                    "entity_role": "*",
                    "entity_parent": "null"
                  }
                }
              },
              "concrete_change": {
                "operator": "INS",
                "src_type": "UnaryOperator",
                "dst_type": "null",
                "src": "(!(property.isCollection()))",
                "dst": "null",
                "src_parent_type": "BinaryOperator",
                "dst_parent_type": "null",
                "src_parent": "(!(property.isCollection())) \u0026\u0026 (org.hisp.dhis.system.util.SchemaUtils.PROPS_IGNORE_MINMAX.contains(property.getPropertyType()))",
                "dst_parent": "null"
              },
              "line": 151,
              "file": "/home/khesoem/projects/lighter/exp/dhis-2/dhis-support/dhis-support-system/src/main/java/org/hisp/dhis/system/util/SchemaUtils.java"
            }
          ]
        }
      ]
    }
  ],
  "complete_analysis": true
}