{
  "instances": [
    {
      "revision": "30c38f1bea1af8e9af78460069dca06f0fadc336",
      "repairability": [
        {
          "tool-name": "Nopol",
          "pattern-name": "Nopol:if_condition_upd_deep",
          "Unified_Diff_of-files:": "Starts Below...",
          "INSERT:": "        }",
          "DELETE:": "import java.util.stream.Collectors;",
          "CHANGE_old:": "            .contains( dataValue.getDataElement() );",
          "CHANGE_new:": "            .findFirst();",
          "instance_detail": [
            {
              "pattern_action": "ANY",
              "pattern_entity": {
                "entity_type": "*",
                "entity_new value": "*",
                "entity_role": "*",
                "entity_parent": {
                  "entity_type": "*",
                  "entity_new value": "*",
                  "entity_role": "condition",
                  "entity_parent": {
                    "entity_type": "If",
                    "entity_new value": "*",
                    "entity_role": "*",
                    "entity_parent": "null"
                  }
                }
              },
              "concrete_change": {
                "operator": "DEL",
                "src_type": "Invocation",
                "dst_type": "null",
                "src": "(existsDataValueInPsi(existingPsi, dataValue))",
                "dst": "null",
                "src_parent_type": "UnaryOperator",
                "dst_parent_type": "null",
                "src_parent": "(!(existsDataValueInPsi(existingPsi, dataValue)))",
                "dst_parent": "null"
              },
              "line": 49,
              "file": "/home/khesoem/projects/lighter/exp/dhis-2/dhis-services/dhis-service-dxf2/src/main/java/org/hisp/dhis/dxf2/events/importer/update/preprocess/UserInfoUpdatePreProcessor.java"
            }
          ]
        }
      ]
    }
  ],
  "complete_analysis": true
}