{
  "instances": [
    {
      "revision": "34588a82377708f8664427cae0bd4dea8a582764",
      "repairability": [
        {
          "tool-name": "Elixir",
          "pattern-name": "Elixir:update_invocation_deep",
          "Unified_Diff_of-files:": "Starts Below...",
          "INSERT:": "",
          "CHANGE_old:": "                return encodeContent(command, command.getString(Command.KEY_DATA));",
          "CHANGE_new:": "                return encodeContent(command, header, command.getString(Command.KEY_DATA));",
          "instance_detail": [
            {
              "pattern_action": "ANY",
              "pattern_entity": {
                "entity_type": "*",
                "entity_new value": "*",
                "entity_role": "*",
                "entity_parent": {
                  "entity_type": "AbstractInvocation",
                  "entity_new value": "*",
                  "entity_role": "*",
                  "entity_parent": "null"
                }
              },
              "concrete_change": {
                "operator": "INS",
                "src_type": "FieldRead",
                "dst_type": "null",
                "src": "header",
                "dst": "null",
                "src_parent_type": "Invocation",
                "dst_parent_type": "null",
                "src_parent": "sendResponse(channel, header, type, index, imei, alarm)",
                "dst_parent": "null"
              },
              "line": 283,
              "file": "/home/khesoem/projects/lighter/exp/src/main/java/org/traccar/protocol/T800xProtocolDecoder.java",
              "stats": {
                "number_of_src_entities": 11,
                "number_of_dst_entities": -1,
                "src_entity_types": "[org.traccar.protocol.T800xProtocolDecoder]",
                "dst_entity_types": "[]"
              }
            }
          ]
        },
        {
          "tool-name": "Elixir",
          "pattern-name": "Elixir:update_invocation_deep",
          "Unified_Diff_of-files:": "Starts Below...",
          "INSERT:": "",
          "CHANGE_old:": "                return encodeContent(command, command.getString(Command.KEY_DATA));",
          "CHANGE_new:": "                return encodeContent(command, header, command.getString(Command.KEY_DATA));",
          "instance_detail": [
            {
              "pattern_action": "ANY",
              "pattern_entity": {
                "entity_type": "*",
                "entity_new value": "*",
                "entity_role": "*",
                "entity_parent": {
                  "entity_type": "AbstractInvocation",
                  "entity_new value": "*",
                  "entity_role": "*",
                  "entity_parent": "null"
                }
              },
              "concrete_change": {
                "operator": "INS",
                "src_type": "FieldRead",
                "dst_type": "null",
                "src": "header",
                "dst": "null",
                "src_parent_type": "Invocation",
                "dst_parent_type": "null",
                "src_parent": "sendResponse(channel, header, type, index, imei, 0)",
                "dst_parent": "null"
              },
              "line": 134,
              "file": "/home/khesoem/projects/lighter/exp/src/main/java/org/traccar/protocol/T800xProtocolDecoder.java",
              "stats": {
                "number_of_src_entities": 11,
                "number_of_dst_entities": -1,
                "src_entity_types": "[org.traccar.protocol.T800xProtocolDecoder]",
                "dst_entity_types": "[]"
              }
            }
          ]
        }
      ]
    }
  ],
  "complete_analysis": true
}