{
  "instances": [
    {
      "revision": "1fe86dd41b3d20f2023844d56712b8d225160024",
      "repairability": [
        {
          "tool-name": "Elixir",
          "pattern-name": "Elixir:Insert_Invocation",
          "Unified_Diff_of-files:": "Starts Below...",
          "CHANGE_old:": " * Copyright 2017 - 2018 Anton Tananaev (anton@traccar.org)",
          "CHANGE_new:": " * Copyright 2017 - 2019 Anton Tananaev (anton@traccar.org)",
          "INSERT:": "                                buf.readUnsignedShortLE(); // other",
          "instance_detail": [
            {
              "pattern_action": "INS",
              "pattern_entity": {
                "entity_type": "AbstractInvocation",
                "entity_new value": "*",
                "entity_role": "*",
                "entity_parent": "null"
              },
              "concrete_change": {
                "operator": "INS",
                "src_type": "Invocation",
                "dst_type": "null",
                "src": "buf.readUnsignedShortLE()",
                "dst": "null",
                "src_parent_type": "Case",
                "dst_parent_type": "null",
                "src_parent": "default :\n    buf.readUnsignedShortLE();\n    break;",
                "dst_parent": "null"
              },
              "line": 211,
              "file": "/home/khesoem/projects/lighter/exp/src/main/java/org/traccar/protocol/DmtProtocolDecoder.java",
              "stats": {
                "number_of_src_entities": 8,
                "number_of_dst_entities": -1,
                "src_entity_types": "[io.netty.buffer.ByteBuf]",
                "dst_entity_types": "[]"
              }
            }
          ]
        }
      ]
    }
  ],
  "complete_analysis": true
}