{
  "instances": [
    {
      "revision": "8b29c4b31db0a9552ed2106ca8d2030fca6edea9",
      "repairability": [
        {
          "tool-name": "Elixir",
          "pattern-name": "Elixir:update_invocation_deep",
          "Unified_Diff_of-files:": "Starts Below...",
          "CHANGE_old:": "                dateBuilder.setDateReverse(parser.nextInt(0), parser.nextInt(0), parser.nextInt(0));",
          "CHANGE_new:": "                    dateBuilder.setDateReverse(parser.nextInt(), parser.nextInt(), parser.nextInt());",
          "INSERT:": "",
          "DELETE:": "        }",
          "instance_detail": [
            {
              "pattern_action": "ANY",
              "pattern_entity": {
                "entity_type": "*",
                "entity_new value": "*",
                "entity_role": "*",
                "entity_parent": {
                  "entity_type": "AbstractInvocation",
                  "entity_new value": "*",
                  "entity_role": "*",
                  "entity_parent": "null"
                }
              },
              "concrete_change": {
                "operator": "DEL",
                "src_type": "Literal",
                "dst_type": "null",
                "src": "0",
                "dst": "null",
                "src_parent_type": "Invocation",
                "dst_parent_type": "null",
                "src_parent": "parser.nextInt(0)",
                "dst_parent": "null"
              },
              "line": 153,
              "file": "/home/khesoem/projects/lighter/exp/src/main/java/org/traccar/protocol/Tlt2hProtocolDecoder.java",
              "stats": {
                "number_of_src_entities": 2,
                "number_of_dst_entities": -1,
                "src_entity_types": "[int]",
                "dst_entity_types": "[]"
              }
            }
          ]
        },
        {
          "tool-name": "Elixir",
          "pattern-name": "Elixir:update_invocation_deep",
          "Unified_Diff_of-files:": "Starts Below...",
          "CHANGE_old:": "                dateBuilder.setDateReverse(parser.nextInt(0), parser.nextInt(0), parser.nextInt(0));",
          "CHANGE_new:": "                    dateBuilder.setDateReverse(parser.nextInt(), parser.nextInt(), parser.nextInt());",
          "INSERT:": "",
          "DELETE:": "        }",
          "instance_detail": [
            {
              "pattern_action": "ANY",
              "pattern_entity": {
                "entity_type": "*",
                "entity_new value": "*",
                "entity_role": "*",
                "entity_parent": {
                  "entity_type": "AbstractInvocation",
                  "entity_new value": "*",
                  "entity_role": "*",
                  "entity_parent": "null"
                }
              },
              "concrete_change": {
                "operator": "DEL",
                "src_type": "Literal",
                "dst_type": "null",
                "src": "0",
                "dst": "null",
                "src_parent_type": "Invocation",
                "dst_parent_type": "null",
                "src_parent": "parser.nextInt(0)",
                "dst_parent": "null"
              },
              "line": 153,
              "file": "/home/khesoem/projects/lighter/exp/src/main/java/org/traccar/protocol/Tlt2hProtocolDecoder.java",
              "stats": {
                "number_of_src_entities": 2,
                "number_of_dst_entities": -1,
                "src_entity_types": "[int]",
                "dst_entity_types": "[]"
              }
            }
          ]
        },
        {
          "tool-name": "Elixir",
          "pattern-name": "Elixir:update_invocation_deep",
          "Unified_Diff_of-files:": "Starts Below...",
          "CHANGE_old:": "                dateBuilder.setDateReverse(parser.nextInt(0), parser.nextInt(0), parser.nextInt(0));",
          "CHANGE_new:": "                    dateBuilder.setDateReverse(parser.nextInt(), parser.nextInt(), parser.nextInt());",
          "INSERT:": "",
          "DELETE:": "        }",
          "instance_detail": [
            {
              "pattern_action": "ANY",
              "pattern_entity": {
                "entity_type": "*",
                "entity_new value": "*",
                "entity_role": "*",
                "entity_parent": {
                  "entity_type": "AbstractInvocation",
                  "entity_new value": "*",
                  "entity_role": "*",
                  "entity_parent": "null"
                }
              },
              "concrete_change": {
                "operator": "DEL",
                "src_type": "Literal",
                "dst_type": "null",
                "src": "0",
                "dst": "null",
                "src_parent_type": "Invocation",
                "dst_parent_type": "null",
                "src_parent": "parser.nextInt(0)",
                "dst_parent": "null"
              },
              "line": 153,
              "file": "/home/khesoem/projects/lighter/exp/src/main/java/org/traccar/protocol/Tlt2hProtocolDecoder.java",
              "stats": {
                "number_of_src_entities": 2,
                "number_of_dst_entities": -1,
                "src_entity_types": "[int]",
                "dst_entity_types": "[]"
              }
            }
          ]
        },
        {
          "tool-name": "Elixir",
          "pattern-name": "Elixir:update_invocation_deep",
          "Unified_Diff_of-files:": "Starts Below...",
          "CHANGE_old:": "                dateBuilder.setDateReverse(parser.nextInt(0), parser.nextInt(0), parser.nextInt(0));",
          "CHANGE_new:": "                    dateBuilder.setDateReverse(parser.nextInt(), parser.nextInt(), parser.nextInt());",
          "INSERT:": "",
          "DELETE:": "        }",
          "instance_detail": [
            {
              "pattern_action": "ANY",
              "pattern_entity": {
                "entity_type": "*",
                "entity_new value": "*",
                "entity_role": "*",
                "entity_parent": {
                  "entity_type": "AbstractInvocation",
                  "entity_new value": "*",
                  "entity_role": "*",
                  "entity_parent": "null"
                }
              },
              "concrete_change": {
                "operator": "DEL",
                "src_type": "Literal",
                "dst_type": "null",
                "src": "0",
                "dst": "null",
                "src_parent_type": "Invocation",
                "dst_parent_type": "null",
                "src_parent": "parser.nextInt(0)",
                "dst_parent": "null"
              },
              "line": 161,
              "file": "/home/khesoem/projects/lighter/exp/src/main/java/org/traccar/protocol/Tlt2hProtocolDecoder.java",
              "stats": {
                "number_of_src_entities": 2,
                "number_of_dst_entities": -1,
                "src_entity_types": "[int]",
                "dst_entity_types": "[]"
              }
            }
          ]
        },
        {
          "tool-name": "Elixir",
          "pattern-name": "Elixir:update_invocation_deep",
          "Unified_Diff_of-files:": "Starts Below...",
          "CHANGE_old:": "                dateBuilder.setDateReverse(parser.nextInt(0), parser.nextInt(0), parser.nextInt(0));",
          "CHANGE_new:": "                    dateBuilder.setDateReverse(parser.nextInt(), parser.nextInt(), parser.nextInt());",
          "INSERT:": "",
          "DELETE:": "        }",
          "instance_detail": [
            {
              "pattern_action": "ANY",
              "pattern_entity": {
                "entity_type": "*",
                "entity_new value": "*",
                "entity_role": "*",
                "entity_parent": {
                  "entity_type": "AbstractInvocation",
                  "entity_new value": "*",
                  "entity_role": "*",
                  "entity_parent": "null"
                }
              },
              "concrete_change": {
                "operator": "DEL",
                "src_type": "Literal",
                "dst_type": "null",
                "src": "0",
                "dst": "null",
                "src_parent_type": "Invocation",
                "dst_parent_type": "null",
                "src_parent": "parser.nextInt(0)",
                "dst_parent": "null"
              },
              "line": 161,
              "file": "/home/khesoem/projects/lighter/exp/src/main/java/org/traccar/protocol/Tlt2hProtocolDecoder.java",
              "stats": {
                "number_of_src_entities": 2,
                "number_of_dst_entities": -1,
                "src_entity_types": "[int]",
                "dst_entity_types": "[]"
              }
            }
          ]
        },
        {
          "tool-name": "Elixir",
          "pattern-name": "Elixir:update_invocation_deep",
          "Unified_Diff_of-files:": "Starts Below...",
          "CHANGE_old:": "                dateBuilder.setDateReverse(parser.nextInt(0), parser.nextInt(0), parser.nextInt(0));",
          "CHANGE_new:": "                    dateBuilder.setDateReverse(parser.nextInt(), parser.nextInt(), parser.nextInt());",
          "INSERT:": "",
          "DELETE:": "        }",
          "instance_detail": [
            {
              "pattern_action": "ANY",
              "pattern_entity": {
                "entity_type": "*",
                "entity_new value": "*",
                "entity_role": "*",
                "entity_parent": {
                  "entity_type": "AbstractInvocation",
                  "entity_new value": "*",
                  "entity_role": "*",
                  "entity_parent": "null"
                }
              },
              "concrete_change": {
                "operator": "DEL",
                "src_type": "Literal",
                "dst_type": "null",
                "src": "0",
                "dst": "null",
                "src_parent_type": "Invocation",
                "dst_parent_type": "null",
                "src_parent": "parser.nextInt(0)",
                "dst_parent": "null"
              },
              "line": 161,
              "file": "/home/khesoem/projects/lighter/exp/src/main/java/org/traccar/protocol/Tlt2hProtocolDecoder.java",
              "stats": {
                "number_of_src_entities": 2,
                "number_of_dst_entities": -1,
                "src_entity_types": "[int]",
                "dst_entity_types": "[]"
              }
            }
          ]
        }
      ]
    }
  ],
  "complete_analysis": true
}