{
  "instances": [
    {
      "revision": "f54ec00be2611c274e442cd6b2fd5ccdcf433ae5",
      "repairability": [
        {
          "tool-name": "Elixir",
          "pattern-name": "Elixir:update_invocation_deep",
          "Unified_Diff_of-files:": "Starts Below...",
          "INSERT:": "import org.traccar.config.Keys;",
          "CHANGE_old:": "                    : Context.getConfig().getDouble(\"geofence.polylineDistance\", 25));",
          "CHANGE_new:": "                    : Context.getConfig().getDouble(Keys.GEOFENCE_POLYLINE_DISTANCE, 25));",
          "instance_detail": [
            {
              "pattern_action": "ANY",
              "pattern_entity": {
                "entity_type": "*",
                "entity_new value": "*",
                "entity_role": "*",
                "entity_parent": {
                  "entity_type": "AbstractInvocation",
                  "entity_new value": "*",
                  "entity_role": "*",
                  "entity_parent": "null"
                }
              },
              "concrete_change": {
                "operator": "INS",
                "src_type": "VariableRead",
                "dst_type": "null",
                "src": "key",
                "dst": "null",
                "src_parent_type": "Invocation",
                "dst_parent_type": "null",
                "src_parent": "getDouble(key, 0.0)",
                "dst_parent": "null"
              },
              "line": 138,
              "file": "/home/khesoem/projects/lighter/exp/src/main/java/org/traccar/config/Config.java",
              "stats": {
                "number_of_src_entities": 4,
                "number_of_dst_entities": -1,
                "src_entity_types": "[org.traccar.config.ConfigKey]",
                "dst_entity_types": "[]"
              }
            }
          ]
        }
      ]
    }
  ],
  "complete_analysis": true
}