{
  "instances": [
    {
      "revision": "2d876de908a24261310cb51071ff7644d84cb40e",
      "repairability": [
        {
          "tool-name": "Elixir",
          "pattern-name": "Elixir:check_length",
          "Unified_Diff_of-files:": "Starts Below...",
          "INSERT:": "                }",
          "CHANGE_old:": "            if (readable) {",
          "CHANGE_new:": "",
          "instance_detail": [
            {
              "pattern_action": "MOV",
              "pattern_entity": {
                "entity_type": "Statement",
                "entity_new value": "*",
                "entity_role": "*",
                "entity_parent": "null"
              },
              "concrete_change": {
                "operator": "MOV",
                "src_type": "Invocation",
                "dst_type": "Invocation",
                "src": "position.set(Position.KEY_RESULT, buf.readCharSequence(length, java.nio.charset.StandardCharsets.US_ASCII).toString().trim())",
                "dst": "position.set(Position.KEY_RESULT, buf.readCharSequence(length, java.nio.charset.StandardCharsets.US_ASCII).toString().trim())",
                "src_parent_type": "Block",
                "dst_parent_type": "Block",
                "src_parent": "{\n    buf.readUnsignedByte();\n    int length \u003d (buf.readInt()) - 4;\n    getLastLocation(position, new java.util.Date(((buf.readUnsignedInt()) * 1000)));\n    position.set(Position.KEY_RESULT, buf.readCharSequence(length, java.nio.charset.StandardCharsets.US_ASCII).toString().trim());\n}",
                "dst_parent": "{\n    position.set(Position.KEY_RESULT, buf.readCharSequence(length, java.nio.charset.StandardCharsets.US_ASCII).toString().trim());\n}"
              },
              "line": 606,
              "file": "/home/khesoem/projects/lighter/exp/src/main/java/org/traccar/protocol/TeltonikaProtocolDecoder.java",
              "stats": {
                "number_of_src_entities": 38,
                "number_of_dst_entities": 38,
                "src_entity_types": "[Position.KEY_RESULT, int, org.traccar.model.Position, java.nio.charset.StandardCharsets, io.netty.buffer.ByteBuf]",
                "dst_entity_types": "[Position.KEY_RESULT, int, org.traccar.model.Position, java.nio.charset.StandardCharsets, io.netty.buffer.ByteBuf]"
              }
            },
            {
              "pattern_action": "INS",
              "pattern_entity": {
                "entity_type": "If",
                "entity_new value": "*",
                "entity_role": "*",
                "entity_parent": "null"
              },
              "concrete_change": {
                "operator": "INS",
                "src_type": "If",
                "dst_type": "null",
                "src": "if (isPrintable(buf, length)) {\n    position.set(Position.KEY_RESULT, buf.readCharSequence(length, java.nio.charset.StandardCharsets.US_ASCII).toString().trim());\n} else {\n    position.set(Position.KEY_RESULT, io.netty.buffer.ByteBufUtil.hexDump(buf.readSlice(length)));\n}",
                "dst": "null",
                "src_parent_type": "Block",
                "dst_parent_type": "null",
                "src_parent": "{\n    buf.readUnsignedByte();\n    int length \u003d (buf.readInt()) - 4;\n    getLastLocation(position, new java.util.Date(((buf.readUnsignedInt()) * 1000)));\n    if (isPrintable(buf, length)) {\n        position.set(Position.KEY_RESULT, buf.readCharSequence(length, java.nio.charset.StandardCharsets.US_ASCII).toString().trim());\n    } else {\n        position.set(Position.KEY_RESULT, io.netty.buffer.ByteBufUtil.hexDump(buf.readSlice(length)));\n    }\n}",
                "dst_parent": "null"
              },
              "line": 609,
              "file": "/home/khesoem/projects/lighter/exp/src/main/java/org/traccar/protocol/TeltonikaProtocolDecoder.java",
              "stats": {
                "number_of_src_entities": 92,
                "number_of_dst_entities": -1,
                "src_entity_types": "[int, Position.KEY_RESULT, io.netty.buffer.ByteBufUtil, org.traccar.protocol.TeltonikaProtocolDecoder, org.traccar.model.Position, java.nio.charset.StandardCharsets, io.netty.buffer.ByteBuf]",
                "dst_entity_types": "[]"
              }
            }
          ]
        }
      ]
    }
  ],
  "complete_analysis": true
}