{
  "instances": [
    {
      "revision": "2f6d252cca600f1a9cf326b13c614d46ee2197b5",
      "repairability": [
        {
          "tool-name": "Elixir",
          "pattern-name": "Elixir:update_invocation",
          "Unified_Diff_of-files:": "Starts Below...",
          "INSERT:": "                    break;",
          "CHANGE_old:": "",
          "CHANGE_new:": "            }",
          "DELETE:": "",
          "instance_detail": [
            {
              "pattern_action": "UPD",
              "pattern_entity": {
                "entity_type": "AbstractInvocation",
                "entity_new value": "*",
                "entity_role": "*",
                "entity_parent": "null"
              },
              "concrete_change": {
                "operator": "UPD",
                "src_type": "Invocation",
                "dst_type": "Invocation",
                "src": "buf.readShort()",
                "dst": "deviceSession.getTimeZone()",
                "src_parent_type": "Invocation",
                "dst_parent_type": "Invocation",
                "src_parent": "position.set(\"alarmValue\", buf.readShort())",
                "dst_parent": "org.traccar.protocol.Gt06ProtocolDecoder.decodeGps(position, buf, false, false, false, deviceSession.getTimeZone())"
              },
              "line": 765,
              "file": "/home/khesoem/projects/lighter/exp/src/main/java/org/traccar/protocol/Gt06ProtocolDecoder.java",
              "stats": {
                "number_of_src_entities": 8,
                "number_of_dst_entities": 8,
                "src_entity_types": "[io.netty.buffer.ByteBuf]",
                "dst_entity_types": "[org.traccar.DeviceSession]"
              }
            }
          ]
        },
        {
          "tool-name": "Elixir",
          "pattern-name": "Elixir:check_length",
          "Unified_Diff_of-files:": "Starts Below...",
          "INSERT:": "                    break;",
          "CHANGE_old:": "",
          "CHANGE_new:": "            }",
          "DELETE:": "",
          "instance_detail": [
            {
              "pattern_action": "MOV",
              "pattern_entity": {
                "entity_type": "Statement",
                "entity_new value": "*",
                "entity_role": "*",
                "entity_parent": "null"
              },
              "concrete_change": {
                "operator": "MOV",
                "src_type": "Invocation",
                "dst_type": "Invocation",
                "src": "position.set(Position.KEY_SATELLITES, org.traccar.helper.BitUtil.to(buf.readUnsignedByte(), 4))",
                "dst": "position.set(Position.KEY_SATELLITES, org.traccar.helper.BitUtil.to(buf.readUnsignedByte(), 4))",
                "src_parent_type": "Block",
                "dst_parent_type": "Block",
                "src_parent": "{\n    org.traccar.helper.DateBuilder dateBuilder \u003d new org.traccar.helper.DateBuilder(timezone).setDate(buf.readUnsignedByte(), buf.readUnsignedByte(), buf.readUnsignedByte()).setTime(buf.readUnsignedByte(), buf.readUnsignedByte(), buf.readUnsignedByte());\n    position.setTime(dateBuilder.getDate());\n    if (hasLength \u0026\u0026 ((buf.readUnsignedByte()) \u003d\u003d 0)) {\n        return false;\n    }\n    position.set(Position.KEY_SATELLITES, org.traccar.helper.BitUtil.to(buf.readUnsignedByte(), 4));\n    double latitude \u003d ((buf.readUnsignedInt()) / 60.0) / 30000.0;\n    double longitude \u003d ((buf.readUnsignedInt()) / 60.0) / 30000.0;\n    position.setSpeed(org.traccar.helper.UnitsConverter.knotsFromKph(buf.readUnsignedByte()));\n    int flags \u003d buf.readUnsignedShort();\n    position.setCourse(org.traccar.helper.BitUtil.to(flags, 10));\n    position.setValid(org.traccar.helper.BitUtil.check(flags, 12));\n    if (!(org.traccar.helper.BitUtil.check(flags, 10))) {\n        latitude \u003d -latitude;\n    }\n    if (org.traccar.helper.BitUtil.check(flags, 11)) {\n        longitude \u003d -longitude;\n    }\n    position.setLatitude(latitude);\n    position.setLongitude(longitude);\n    if (org.traccar.helper.BitUtil.check(flags, 14)) {\n        position.set(Position.KEY_IGNITION, org.traccar.helper.BitUtil.check(flags, 15));\n    }\n    return true;\n}",
                "dst_parent": "{\n    position.set(Position.KEY_SATELLITES, org.traccar.helper.BitUtil.to(buf.readUnsignedByte(), 4));\n}"
              },
              "line": 226,
              "file": "/home/khesoem/projects/lighter/exp/src/main/java/org/traccar/protocol/Gt06ProtocolDecoder.java",
              "stats": {
                "number_of_src_entities": 29,
                "number_of_dst_entities": 29,
                "src_entity_types": "[int, org.traccar.helper.BitUtil, Position.KEY_SATELLITES, org.traccar.model.Position, io.netty.buffer.ByteBuf]",
                "dst_entity_types": "[int, org.traccar.helper.BitUtil, Position.KEY_SATELLITES, org.traccar.model.Position, io.netty.buffer.ByteBuf]"
              }
            },
            {
              "pattern_action": "INS",
              "pattern_entity": {
                "entity_type": "If",
                "entity_new value": "*",
                "entity_role": "*",
                "entity_parent": "null"
              },
              "concrete_change": {
                "operator": "INS",
                "src_type": "If",
                "dst_type": "null",
                "src": "if (hasSatellites) {\n    position.set(Position.KEY_SATELLITES, org.traccar.helper.BitUtil.to(buf.readUnsignedByte(), 4));\n}",
                "dst": "null",
                "src_parent_type": "Block",
                "dst_parent_type": "null",
                "src_parent": "{\n    org.traccar.helper.DateBuilder dateBuilder \u003d new org.traccar.helper.DateBuilder(timezone).setDate(buf.readUnsignedByte(), buf.readUnsignedByte(), buf.readUnsignedByte()).setTime(buf.readUnsignedByte(), buf.readUnsignedByte(), buf.readUnsignedByte());\n    position.setTime(dateBuilder.getDate());\n    if (hasLength \u0026\u0026 ((buf.readUnsignedByte()) \u003d\u003d 0)) {\n        return false;\n    }\n    if (hasSatellites) {\n        position.set(Position.KEY_SATELLITES, org.traccar.helper.BitUtil.to(buf.readUnsignedByte(), 4));\n    }\n    double latitude \u003d ((buf.readUnsignedInt()) / 60.0) / 30000.0;\n    double longitude \u003d ((buf.readUnsignedInt()) / 60.0) / 30000.0;\n    if (hasSpeed) {\n        position.setSpeed(org.traccar.helper.UnitsConverter.knotsFromKph(buf.readUnsignedByte()));\n    }\n    int flags \u003d buf.readUnsignedShort();\n    position.setCourse(org.traccar.helper.BitUtil.to(flags, 10));\n    position.setValid(org.traccar.helper.BitUtil.check(flags, 12));\n    if (!(org.traccar.helper.BitUtil.check(flags, 10))) {\n        latitude \u003d -latitude;\n    }\n    if (org.traccar.helper.BitUtil.check(flags, 11)) {\n        longitude \u003d -longitude;\n    }\n    position.setLatitude(latitude);\n    position.setLongitude(longitude);\n    if (org.traccar.helper.BitUtil.check(flags, 14)) {\n        position.set(Position.KEY_IGNITION, org.traccar.helper.BitUtil.check(flags, 15));\n    }\n    return true;\n}",
                "dst_parent": "null"
              },
              "line": 231,
              "file": "/home/khesoem/projects/lighter/exp/src/main/java/org/traccar/protocol/Gt06ProtocolDecoder.java",
              "stats": {
                "number_of_src_entities": 34,
                "number_of_dst_entities": -1,
                "src_entity_types": "[int, boolean, org.traccar.helper.BitUtil, Position.KEY_SATELLITES, org.traccar.model.Position, io.netty.buffer.ByteBuf]",
                "dst_entity_types": "[]"
              }
            }
          ]
        },
        {
          "tool-name": "Elixir",
          "pattern-name": "Elixir:check_length",
          "Unified_Diff_of-files:": "Starts Below...",
          "INSERT:": "                    break;",
          "CHANGE_old:": "",
          "CHANGE_new:": "            }",
          "DELETE:": "",
          "instance_detail": [
            {
              "pattern_action": "MOV",
              "pattern_entity": {
                "entity_type": "Statement",
                "entity_new value": "*",
                "entity_role": "*",
                "entity_parent": "null"
              },
              "concrete_change": {
                "operator": "MOV",
                "src_type": "Invocation",
                "dst_type": "Invocation",
                "src": "position.setSpeed(org.traccar.helper.UnitsConverter.knotsFromKph(buf.readUnsignedByte()))",
                "dst": "position.setSpeed(org.traccar.helper.UnitsConverter.knotsFromKph(buf.readUnsignedByte()))",
                "src_parent_type": "Block",
                "dst_parent_type": "Block",
                "src_parent": "{\n    org.traccar.helper.DateBuilder dateBuilder \u003d new org.traccar.helper.DateBuilder(timezone).setDate(buf.readUnsignedByte(), buf.readUnsignedByte(), buf.readUnsignedByte()).setTime(buf.readUnsignedByte(), buf.readUnsignedByte(), buf.readUnsignedByte());\n    position.setTime(dateBuilder.getDate());\n    if (hasLength \u0026\u0026 ((buf.readUnsignedByte()) \u003d\u003d 0)) {\n        return false;\n    }\n    position.set(Position.KEY_SATELLITES, org.traccar.helper.BitUtil.to(buf.readUnsignedByte(), 4));\n    double latitude \u003d ((buf.readUnsignedInt()) / 60.0) / 30000.0;\n    double longitude \u003d ((buf.readUnsignedInt()) / 60.0) / 30000.0;\n    position.setSpeed(org.traccar.helper.UnitsConverter.knotsFromKph(buf.readUnsignedByte()));\n    int flags \u003d buf.readUnsignedShort();\n    position.setCourse(org.traccar.helper.BitUtil.to(flags, 10));\n    position.setValid(org.traccar.helper.BitUtil.check(flags, 12));\n    if (!(org.traccar.helper.BitUtil.check(flags, 10))) {\n        latitude \u003d -latitude;\n    }\n    if (org.traccar.helper.BitUtil.check(flags, 11)) {\n        longitude \u003d -longitude;\n    }\n    position.setLatitude(latitude);\n    position.setLongitude(longitude);\n    if (org.traccar.helper.BitUtil.check(flags, 14)) {\n        position.set(Position.KEY_IGNITION, org.traccar.helper.BitUtil.check(flags, 15));\n    }\n    return true;\n}",
                "dst_parent": "{\n    position.setSpeed(org.traccar.helper.UnitsConverter.knotsFromKph(buf.readUnsignedByte()));\n}"
              },
              "line": 230,
              "file": "/home/khesoem/projects/lighter/exp/src/main/java/org/traccar/protocol/Gt06ProtocolDecoder.java",
              "stats": {
                "number_of_src_entities": 23,
                "number_of_dst_entities": 23,
                "src_entity_types": "[org.traccar.helper.UnitsConverter, org.traccar.model.Position, io.netty.buffer.ByteBuf]",
                "dst_entity_types": "[org.traccar.helper.UnitsConverter, org.traccar.model.Position, io.netty.buffer.ByteBuf]"
              }
            },
            {
              "pattern_action": "INS",
              "pattern_entity": {
                "entity_type": "If",
                "entity_new value": "*",
                "entity_role": "*",
                "entity_parent": "null"
              },
              "concrete_change": {
                "operator": "INS",
                "src_type": "If",
                "dst_type": "null",
                "src": "if (hasSpeed) {\n    position.setSpeed(org.traccar.helper.UnitsConverter.knotsFromKph(buf.readUnsignedByte()));\n}",
                "dst": "null",
                "src_parent_type": "Block",
                "dst_parent_type": "null",
                "src_parent": "{\n    org.traccar.helper.DateBuilder dateBuilder \u003d new org.traccar.helper.DateBuilder(timezone).setDate(buf.readUnsignedByte(), buf.readUnsignedByte(), buf.readUnsignedByte()).setTime(buf.readUnsignedByte(), buf.readUnsignedByte(), buf.readUnsignedByte());\n    position.setTime(dateBuilder.getDate());\n    if (hasLength \u0026\u0026 ((buf.readUnsignedByte()) \u003d\u003d 0)) {\n        return false;\n    }\n    if (hasSatellites) {\n        position.set(Position.KEY_SATELLITES, org.traccar.helper.BitUtil.to(buf.readUnsignedByte(), 4));\n    }\n    double latitude \u003d ((buf.readUnsignedInt()) / 60.0) / 30000.0;\n    double longitude \u003d ((buf.readUnsignedInt()) / 60.0) / 30000.0;\n    if (hasSpeed) {\n        position.setSpeed(org.traccar.helper.UnitsConverter.knotsFromKph(buf.readUnsignedByte()));\n    }\n    int flags \u003d buf.readUnsignedShort();\n    position.setCourse(org.traccar.helper.BitUtil.to(flags, 10));\n    position.setValid(org.traccar.helper.BitUtil.check(flags, 12));\n    if (!(org.traccar.helper.BitUtil.check(flags, 10))) {\n        latitude \u003d -latitude;\n    }\n    if (org.traccar.helper.BitUtil.check(flags, 11)) {\n        longitude \u003d -longitude;\n    }\n    position.setLatitude(latitude);\n    position.setLongitude(longitude);\n    if (org.traccar.helper.BitUtil.check(flags, 14)) {\n        position.set(Position.KEY_IGNITION, org.traccar.helper.BitUtil.check(flags, 15));\n    }\n    return true;\n}",
                "dst_parent": "null"
              },
              "line": 238,
              "file": "/home/khesoem/projects/lighter/exp/src/main/java/org/traccar/protocol/Gt06ProtocolDecoder.java",
              "stats": {
                "number_of_src_entities": 28,
                "number_of_dst_entities": -1,
                "src_entity_types": "[boolean, org.traccar.helper.UnitsConverter, org.traccar.model.Position, io.netty.buffer.ByteBuf]",
                "dst_entity_types": "[]"
              }
            }
          ]
        }
      ]
    }
  ],
  "complete_analysis": true
}