{
  "instances": [
    {
      "revision": "548f931fbf34c8bd6321381540cebdba0a0e3067",
      "repairability": [
        {
          "tool-name": "Elixir",
          "pattern-name": "Elixir:update_invocation_deep",
          "Unified_Diff_of-files:": "Starts Below...",
          "CHANGE_old:": "          springValue.toString());",
          "CHANGE_new:": "          springValue);",
          "instance_detail": [
            {
              "pattern_action": "ANY",
              "pattern_entity": {
                "entity_type": "*",
                "entity_new value": "*",
                "entity_role": "*",
                "entity_parent": {
                  "entity_type": "AbstractInvocation",
                  "entity_new value": "*",
                  "entity_role": "*",
                  "entity_parent": "null"
                }
              },
              "concrete_change": {
                "operator": "DEL",
                "src_type": "Invocation",
                "dst_type": "null",
                "src": "springValue.toString()",
                "dst": "null",
                "src_parent_type": "Invocation",
                "dst_parent_type": "null",
                "src_parent": "com.ctrip.framework.apollo.spring.property.AutoUpdateConfigChangeListener.logger.debug(\"Auto update apollo changed value successfully, new value: {}, {}\", value, springValue.toString())",
                "dst_parent": "null"
              },
              "line": 95,
              "file": "/home/khesoem/projects/lighter/exp/apollo-client/src/main/java/com/ctrip/framework/apollo/spring/property/AutoUpdateConfigChangeListener.java",
              "stats": {
                "number_of_src_entities": 8,
                "number_of_dst_entities": -1,
                "src_entity_types": "[com.ctrip.framework.apollo.spring.property.SpringValue]",
                "dst_entity_types": "[]"
              }
            }
          ]
        }
      ]
    }
  ],
  "complete_analysis": true
}