{
  "instances": [
    {
      "revision": "6ed46896924c08ea60528a3e399aeb7c5893c37c",
      "repairability": [
        {
          "tool-name": "Arja",
          "pattern-name": "Arja:arja_shallow_change",
          "Unified_Diff_of-files:": "Starts Below...",
          "CHANGE_old:": "    private void assignSchemaBase(Schema.Builder\u0026lt;?,?,?\u0026gt; schemaBuilder, Element xmlSchema, Consumer\u0026lt;Element\u0026gt; applyToEachLine) throws SchemaException {",
          "CHANGE_new:": "",
          "INSERT:": "",
          "instance_detail": [
            {
              "pattern_action": "ANY",
              "pattern_entity": {
                "entity_type": "Statement",
                "entity_new value": "*",
                "entity_role": "*",
                "entity_parent": "null"
              },
              "concrete_change": {
                "operator": "DEL",
                "src_type": "Assignment",
                "dst_type": "null",
                "src": "this.lineSeparator \u003d builder.lineSeparator",
                "dst": "null",
                "src_parent_type": "Block",
                "dst_parent_type": "null",
                "src_parent": "{\n    this.lineSeparator \u003d builder.lineSeparator;\n    for (L schemaLine : builder.schemaLines) {\n        this.addSchemaLine(schemaLine);\n    }\n}",
                "dst_parent": "null"
              },
              "line": 38,
              "file": "/home/khesoem/projects/lighter/exp/src/main/java/org/jsapar/schema/Schema.java",
              "stats": {
                "number_of_src_entities": 35,
                "number_of_dst_entities": -1,
                "src_entity_types": "[org.jsapar.schema.Schema.Builder\u003cL, S, B\u003e, org.jsapar.schema.Schema\u003cL\u003e, org.jsapar.schema.Schema, java.lang.String]",
                "dst_entity_types": "[]"
              }
            }
          ]
        },
        {
          "tool-name": "Arja",
          "pattern-name": "Arja:arja_shallow_change",
          "Unified_Diff_of-files:": "Starts Below...",
          "CHANGE_old:": "    private void assignSchemaBase(Schema.Builder\u0026lt;?,?,?\u0026gt; schemaBuilder, Element xmlSchema, Consumer\u0026lt;Element\u0026gt; applyToEachLine) throws SchemaException {",
          "CHANGE_new:": "",
          "INSERT:": "",
          "instance_detail": [
            {
              "pattern_action": "ANY",
              "pattern_entity": {
                "entity_type": "Statement",
                "entity_new value": "*",
                "entity_role": "*",
                "entity_parent": "null"
              },
              "concrete_change": {
                "operator": "DEL",
                "src_type": "Invocation",
                "dst_type": "null",
                "src": "java.lang.System.getProperty(\"line.separator\")",
                "dst": "null",
                "src_parent_type": "Field",
                "dst_parent_type": "null",
                "src_parent": "private java.lang.String lineSeparator \u003d java.lang.System.getProperty(\"line.separator\");",
                "dst_parent": "null"
              },
              "line": 47,
              "file": "/home/khesoem/projects/lighter/exp/src/main/java/org/jsapar/schema/Schema.java"
            }
          ]
        },
        {
          "tool-name": "Arja",
          "pattern-name": "Arja:arja_shallow_change",
          "Unified_Diff_of-files:": "Starts Below...",
          "CHANGE_old:": "    private void assignSchemaBase(Schema.Builder\u0026lt;?,?,?\u0026gt; schemaBuilder, Element xmlSchema, Consumer\u0026lt;Element\u0026gt; applyToEachLine) throws SchemaException {",
          "CHANGE_new:": "",
          "INSERT:": "",
          "instance_detail": [
            {
              "pattern_action": "ANY",
              "pattern_entity": {
                "entity_type": "Statement",
                "entity_new value": "*",
                "entity_role": "*",
                "entity_parent": "null"
              },
              "concrete_change": {
                "operator": "DEL",
                "src_type": "Assignment",
                "dst_type": "null",
                "src": "this.lineSeparator \u003d schema.lineSeparator",
                "dst": "null",
                "src_parent_type": "Block",
                "dst_parent_type": "null",
                "src_parent": "{\n    this.lineSeparator \u003d schema.lineSeparator;\n    this.schemaLines.addAll(schema.schemaLines.values());\n}",
                "dst_parent": "null"
              },
              "line": 55,
              "file": "/home/khesoem/projects/lighter/exp/src/main/java/org/jsapar/schema/Schema.java",
              "stats": {
                "number_of_src_entities": 36,
                "number_of_dst_entities": -1,
                "src_entity_types": "[org.jsapar.schema.Schema.Builder\u003cL, S, B\u003e, org.jsapar.schema.Schema.Builder, org.jsapar.schema.Schema, org.jsapar.schema.Schema\u003cL\u003e, java.lang.String]",
                "dst_entity_types": "[]"
              }
            }
          ]
        },
        {
          "tool-name": "Arja",
          "pattern-name": "Arja:arja_shallow_change",
          "Unified_Diff_of-files:": "Starts Below...",
          "CHANGE_old:": "    private void assignSchemaBase(Schema.Builder\u0026lt;?,?,?\u0026gt; schemaBuilder, Element xmlSchema, Consumer\u0026lt;Element\u0026gt; applyToEachLine) throws SchemaException {",
          "CHANGE_new:": "",
          "INSERT:": "",
          "instance_detail": [
            {
              "pattern_action": "ANY",
              "pattern_entity": {
                "entity_type": "Statement",
                "entity_new value": "*",
                "entity_role": "*",
                "entity_parent": "null"
              },
              "concrete_change": {
                "operator": "DEL",
                "src_type": "Assignment",
                "dst_type": "null",
                "src": "this.lineSeparator \u003d lineSeparator",
                "dst": "null",
                "src_parent_type": "Block",
                "dst_parent_type": "null",
                "src_parent": "{\n    this.lineSeparator \u003d lineSeparator;\n    return ((B) (this));\n}",
                "dst_parent": "null"
              },
              "line": 65,
              "file": "/home/khesoem/projects/lighter/exp/src/main/java/org/jsapar/schema/Schema.java"
            }
          ]
        },
        {
          "tool-name": "Arja",
          "pattern-name": "Arja:arja_shallow_change",
          "Unified_Diff_of-files:": "Starts Below...",
          "CHANGE_old:": "    private void assignSchemaBase(Schema.Builder\u0026lt;?,?,?\u0026gt; schemaBuilder, Element xmlSchema, Consumer\u0026lt;Element\u0026gt; applyToEachLine) throws SchemaException {",
          "CHANGE_new:": "",
          "INSERT:": "",
          "instance_detail": [
            {
              "pattern_action": "ANY",
              "pattern_entity": {
                "entity_type": "Statement",
                "entity_new value": "*",
                "entity_role": "*",
                "entity_parent": "null"
              },
              "concrete_change": {
                "operator": "DEL",
                "src_type": "Return",
                "dst_type": "null",
                "src": "return ((B) (this))",
                "dst": "null",
                "src_parent_type": "Block",
                "dst_parent_type": "null",
                "src_parent": "{\n    this.lineSeparator \u003d lineSeparator;\n    return ((B) (this));\n}",
                "dst_parent": "null"
              },
              "line": 66,
              "file": "/home/khesoem/projects/lighter/exp/src/main/java/org/jsapar/schema/Schema.java"
            }
          ]
        }
      ]
    }
  ],
  "complete_analysis": true
}