{
  "instances": [
    {
      "revision": "eb45510fdf0177746041247eec3df3779669c37d",
      "repairability": [
        {
          "tool-name": "Arja",
          "pattern-name": "Arja:arja_shallow_change",
          "Unified_Diff_of-files:": "Starts Below...",
          "CHANGE_old:": "     * @return An instance that checks that the text representation matches the supplied regular expression.",
          "CHANGE_new:": "     * @return An instance that checks that the text representation matches the supplied regular expression. If null or empty, no check will be made.",
          "INSERT:": "            return ofDecimalInstance(locale);",
          "instance_detail": [
            {
              "pattern_action": "ANY",
              "pattern_entity": {
                "entity_type": "Statement",
                "entity_new value": "*",
                "entity_role": "*",
                "entity_parent": "null"
              },
              "concrete_change": {
                "operator": "DEL",
                "src_type": "Invocation",
                "dst_type": "null",
                "src": "(pattern.isEmpty())",
                "dst": "null",
                "src_parent_type": "BinaryOperator",
                "dst_parent_type": "null",
                "src_parent": "(pattern \u003d\u003d null) || (pattern.isEmpty())",
                "dst_parent": "null"
              },
              "line": 50,
              "file": "/home/khesoem/projects/lighter/exp/src/main/java/org/jsapar/parse/cell/BigDecimalCellFactory.java"
            }
          ]
        },
        {
          "tool-name": "Arja",
          "pattern-name": "Arja:arja_shallow_change",
          "Unified_Diff_of-files:": "Starts Below...",
          "CHANGE_old:": "     * @return An instance that checks that the text representation matches the supplied regular expression.",
          "CHANGE_new:": "     * @return An instance that checks that the text representation matches the supplied regular expression. If null or empty, no check will be made.",
          "INSERT:": "            return ofDecimalInstance(locale);",
          "instance_detail": [
            {
              "pattern_action": "ANY",
              "pattern_entity": {
                "entity_type": "Statement",
                "entity_new value": "*",
                "entity_role": "*",
                "entity_parent": "null"
              },
              "concrete_change": {
                "operator": "DEL",
                "src_type": "Invocation",
                "dst_type": "null",
                "src": "makeFormat(locale)",
                "dst": "null",
                "src_parent_type": "Return",
                "dst_parent_type": "null",
                "src_parent": "return makeFormat(locale)",
                "dst_parent": "null"
              },
              "line": 51,
              "file": "/home/khesoem/projects/lighter/exp/src/main/java/org/jsapar/parse/cell/BigDecimalCellFactory.java"
            }
          ]
        },
        {
          "tool-name": "Arja",
          "pattern-name": "Arja:arja_shallow_change",
          "Unified_Diff_of-files:": "Starts Below...",
          "CHANGE_old:": "     * @return An instance that checks that the text representation matches the supplied regular expression.",
          "CHANGE_new:": "     * @return An instance that checks that the text representation matches the supplied regular expression. If null or empty, no check will be made.",
          "INSERT:": "            return ofDecimalInstance(locale);",
          "instance_detail": [
            {
              "pattern_action": "ANY",
              "pattern_entity": {
                "entity_type": "Statement",
                "entity_new value": "*",
                "entity_role": "*",
                "entity_parent": "null"
              },
              "concrete_change": {
                "operator": "DEL",
                "src_type": "Return",
                "dst_type": "null",
                "src": "return makeFormat(locale)",
                "dst": "null",
                "src_parent_type": "Block",
                "dst_parent_type": "null",
                "src_parent": "return makeFormat(locale);\n",
                "dst_parent": "null"
              },
              "line": 51,
              "file": "/home/khesoem/projects/lighter/exp/src/main/java/org/jsapar/parse/cell/BigDecimalCellFactory.java"
            }
          ]
        },
        {
          "tool-name": "Arja",
          "pattern-name": "Arja:arja_shallow_change",
          "Unified_Diff_of-files:": "Starts Below...",
          "CHANGE_old:": "     * @return An instance that checks that the text representation matches the supplied regular expression.",
          "CHANGE_new:": "     * @return An instance that checks that the text representation matches the supplied regular expression. If null or empty, no check will be made.",
          "INSERT:": "            return ofDecimalInstance(locale);",
          "instance_detail": [
            {
              "pattern_action": "ANY",
              "pattern_entity": {
                "entity_type": "Statement",
                "entity_new value": "*",
                "entity_role": "*",
                "entity_parent": "null"
              },
              "concrete_change": {
                "operator": "DEL",
                "src_type": "Block",
                "dst_type": "null",
                "src": "return makeFormat(locale);\n",
                "dst": "null",
                "src_parent_type": "If",
                "dst_parent_type": "null",
                "src_parent": "if ((pattern \u003d\u003d null) || (pattern.isEmpty()))\n    return makeFormat(locale);\n",
                "dst_parent": "null"
              },
              "line": 51,
              "file": "/home/khesoem/projects/lighter/exp/src/main/java/org/jsapar/parse/cell/BigDecimalCellFactory.java"
            }
          ]
        },
        {
          "tool-name": "Arja",
          "pattern-name": "Arja:arja_shallow_change",
          "Unified_Diff_of-files:": "Starts Below...",
          "CHANGE_old:": "     * @return An instance that checks that the text representation matches the supplied regular expression.",
          "CHANGE_new:": "     * @return An instance that checks that the text representation matches the supplied regular expression. If null or empty, no check will be made.",
          "INSERT:": "            return ofDecimalInstance(locale);",
          "instance_detail": [
            {
              "pattern_action": "ANY",
              "pattern_entity": {
                "entity_type": "Statement",
                "entity_new value": "*",
                "entity_role": "*",
                "entity_parent": "null"
              },
              "concrete_change": {
                "operator": "DEL",
                "src_type": "If",
                "dst_type": "null",
                "src": "if ((pattern \u003d\u003d null) || (pattern.isEmpty()))\n    return makeFormat(locale);\n",
                "dst": "null",
                "src_parent_type": "Block",
                "dst_parent_type": "null",
                "src_parent": "{\n    if (locale \u003d\u003d null)\n        locale \u003d org.jsapar.schema.SchemaCellFormat.defaultLocale;\n\n    if ((pattern \u003d\u003d null) || (pattern.isEmpty()))\n        return makeFormat(locale);\n\n    return org.jsapar.text.Format.ofDecimalInstance(pattern, locale);\n}",
                "dst_parent": "null"
              },
              "line": 50,
              "file": "/home/khesoem/projects/lighter/exp/src/main/java/org/jsapar/parse/cell/BigDecimalCellFactory.java",
              "stats": {
                "number_of_src_entities": 40,
                "number_of_dst_entities": -1,
                "src_entity_types": "[java.util.Locale, boolean, java.lang.String, \u003cnulltype\u003e, org.jsapar.parse.cell.BigDecimalCellFactory]",
                "dst_entity_types": "[]"
              }
            }
          ]
        }
      ]
    }
  ],
  "complete_analysis": true
}