{
  "instances": [
    {
      "revision": "33e97a76a4cd20650938184010b1dc7b86961100",
      "repairability": [
        {
          "tool-name": "Arja",
          "pattern-name": "Arja:arja_shallow_change",
          "Unified_Diff_of-files:": "Starts Below...",
          "CHANGE_old:": "            return new FixedWidthParserLinesSeparated(reader, this, parseConfig);\r",
          "CHANGE_new:": "",
          "instance_detail": [
            {
              "pattern_action": "ANY",
              "pattern_entity": {
                "entity_type": "Statement",
                "entity_new value": "*",
                "entity_role": "*",
                "entity_parent": "null"
              },
              "concrete_change": {
                "operator": "DEL",
                "src_type": "Return",
                "dst_type": "null",
                "src": "return config",
                "dst": "null",
                "src_parent_type": "Block",
                "dst_parent_type": "null",
                "src_parent": "{\n    return config;\n}",
                "dst_parent": "null"
              },
              "line": 37,
              "file": "/home/khesoem/projects/lighter/exp/src/main/java/org/jsapar/parse/fixed/FixedWidthParser.java"
            }
          ]
        },
        {
          "tool-name": "Arja",
          "pattern-name": "Arja:arja_shallow_change",
          "Unified_Diff_of-files:": "Starts Below...",
          "CHANGE_old:": "            return new FixedWidthParserLinesSeparated(reader, this, parseConfig);\r",
          "CHANGE_new:": "",
          "instance_detail": [
            {
              "pattern_action": "ANY",
              "pattern_entity": {
                "entity_type": "Statement",
                "entity_new value": "*",
                "entity_role": "*",
                "entity_parent": "null"
              },
              "concrete_change": {
                "operator": "DEL",
                "src_type": "Assignment",
                "dst_type": "null",
                "src": "this.config \u003d config",
                "dst": "null",
                "src_parent_type": "Block",
                "dst_parent_type": "null",
                "src_parent": "{\n    this.config \u003d config;\n}",
                "dst_parent": "null"
              },
              "line": 41,
              "file": "/home/khesoem/projects/lighter/exp/src/main/java/org/jsapar/parse/fixed/FixedWidthParser.java"
            }
          ]
        },
        {
          "tool-name": "Arja",
          "pattern-name": "Arja:arja_shallow_change",
          "Unified_Diff_of-files:": "Starts Below...",
          "CHANGE_old:": "            return new FixedWidthParserLinesSeparated(reader, this, parseConfig);\r",
          "CHANGE_new:": "",
          "instance_detail": [
            {
              "pattern_action": "ANY",
              "pattern_entity": {
                "entity_type": "Statement",
                "entity_new value": "*",
                "entity_role": "*",
                "entity_parent": "null"
              },
              "concrete_change": {
                "operator": "DEL",
                "src_type": "Return",
                "dst_type": "null",
                "src": "return validationHandler",
                "dst": "null",
                "src_parent_type": "Block",
                "dst_parent_type": "null",
                "src_parent": "{\n    return validationHandler;\n}",
                "dst_parent": "null"
              },
              "line": 45,
              "file": "/home/khesoem/projects/lighter/exp/src/main/java/org/jsapar/parse/fixed/FixedWidthParser.java"
            }
          ]
        }
      ]
    },
    {
      "revision": "33e97a76a4cd20650938184010b1dc7b86961100",
      "repairability": [
        {
          "tool-name": "Arja",
          "pattern-name": "Arja:arja_shallow_change",
          "Unified_Diff_of-files:": "Starts Below...",
          "CHANGE_old:": "            return new FixedWidthParserLinesSeparated(reader, this, parseConfig);\r",
          "CHANGE_new:": "",
          "instance_detail": [
            {
              "pattern_action": "ANY",
              "pattern_entity": {
                "entity_type": "Statement",
                "entity_new value": "*",
                "entity_role": "*",
                "entity_parent": "null"
              },
              "concrete_change": {
                "operator": "DEL",
                "src_type": "Return",
                "dst_type": "null",
                "src": "return (cursor) \u003e\u003d (bufferSize)",
                "dst": "null",
                "src_parent_type": "Block",
                "dst_parent_type": "null",
                "src_parent": "{\n    return (cursor) \u003e\u003d (bufferSize);\n}",
                "dst_parent": "null"
              },
              "line": 69,
              "file": "/home/khesoem/projects/lighter/exp/src/main/java/org/jsapar/parse/csv/states/ReadBuffer.java"
            }
          ]
        }
      ]
    },
    {
      "revision": "33e97a76a4cd20650938184010b1dc7b86961100",
      "repairability": [
        {
          "tool-name": "Arja",
          "pattern-name": "Arja:arja_shallow_change",
          "Unified_Diff_of-files:": "Starts Below...",
          "CHANGE_old:": "            return new FixedWidthParserLinesSeparated(reader, this, parseConfig);\r",
          "CHANGE_new:": "",
          "instance_detail": [
            {
              "pattern_action": "ANY",
              "pattern_entity": {
                "entity_type": "Statement",
                "entity_new value": "*",
                "entity_role": "*",
                "entity_parent": "null"
              },
              "concrete_change": {
                "operator": "DEL",
                "src_type": "ConstructorCall",
                "dst_type": "null",
                "src": "new org.jsapar.parse.fixed.FWFieldReader()",
                "dst": "null",
                "src_parent_type": "Field",
                "dst_parent_type": "null",
                "src_parent": "private org.jsapar.parse.fixed.FWFieldReader fieldReader \u003d new org.jsapar.parse.fixed.FWFieldReader();",
                "dst_parent": "null"
              },
              "line": 19,
              "file": "/home/khesoem/projects/lighter/exp/src/main/java/org/jsapar/parse/fixed/FWLineParserMatcher.java"
            }
          ]
        }
      ]
    },
    {
      "revision": "33e97a76a4cd20650938184010b1dc7b86961100",
      "repairability": [
        {
          "tool-name": "Arja",
          "pattern-name": "Arja:arja_shallow_change",
          "Unified_Diff_of-files:": "Starts Below...",
          "CHANGE_old:": "            return new FixedWidthParserLinesSeparated(reader, this, parseConfig);\r",
          "CHANGE_new:": "",
          "instance_detail": [
            {
              "pattern_action": "ANY",
              "pattern_entity": {
                "entity_type": "Statement",
                "entity_new value": "*",
                "entity_role": "*",
                "entity_parent": "null"
              },
              "concrete_change": {
                "operator": "DEL",
                "src_type": "ConstructorCall",
                "dst_type": "null",
                "src": "new org.jsapar.parse.fixed.FWFieldReader()",
                "dst": "null",
                "src_parent_type": "Field",
                "dst_parent_type": "null",
                "src_parent": "private org.jsapar.parse.fixed.FWFieldReader fieldReader \u003d new org.jsapar.parse.fixed.FWFieldReader();",
                "dst_parent": "null"
              },
              "line": 15,
              "file": "/home/khesoem/projects/lighter/exp/src/main/java/org/jsapar/parse/fixed/FixedWidthCellParser.java"
            }
          ]
        }
      ]
    },
    {
      "revision": "33e97a76a4cd20650938184010b1dc7b86961100",
      "repairability": [
        {
          "tool-name": "Arja",
          "pattern-name": "Arja:arja_shallow_change",
          "Unified_Diff_of-files:": "Starts Below...",
          "CHANGE_old:": "            return new FixedWidthParserLinesSeparated(reader, this, parseConfig);\r",
          "CHANGE_new:": "",
          "instance_detail": [
            {
              "pattern_action": "ANY",
              "pattern_entity": {
                "entity_type": "Statement",
                "entity_new value": "*",
                "entity_role": "*",
                "entity_parent": "null"
              },
              "concrete_change": {
                "operator": "DEL",
                "src_type": "Invocation",
                "dst_type": "null",
                "src": "getLineSeparator()",
                "dst": "null",
                "src_parent_type": "Invocation",
                "dst_parent_type": "null",
                "src_parent": "getLineSeparator().isEmpty()",
                "dst_parent": "null"
              },
              "line": 99,
              "file": "/home/khesoem/projects/lighter/exp/src/main/java/org/jsapar/schema/FixedWidthSchema.java"
            }
          ]
        },
        {
          "tool-name": "Arja",
          "pattern-name": "Arja:arja_shallow_change",
          "Unified_Diff_of-files:": "Starts Below...",
          "CHANGE_old:": "            return new FixedWidthParserLinesSeparated(reader, this, parseConfig);\r",
          "CHANGE_new:": "",
          "instance_detail": [
            {
              "pattern_action": "ANY",
              "pattern_entity": {
                "entity_type": "Statement",
                "entity_new value": "*",
                "entity_role": "*",
                "entity_parent": "null"
              },
              "concrete_change": {
                "operator": "DEL",
                "src_type": "Invocation",
                "dst_type": "null",
                "src": "getLineSeparator().isEmpty()",
                "dst": "null",
                "src_parent_type": "If",
                "dst_parent_type": "null",
                "src_parent": "if (getLineSeparator().isEmpty())\n    return new org.jsapar.parse.fixed.FixedWidthParserFlat(reader, this, parseConfig);\nelse\n    return new org.jsapar.parse.fixed.FixedWidthParserLinesSeparated(reader, this, parseConfig);\n",
                "dst_parent": "null"
              },
              "line": 99,
              "file": "/home/khesoem/projects/lighter/exp/src/main/java/org/jsapar/schema/FixedWidthSchema.java"
            }
          ]
        },
        {
          "tool-name": "Arja",
          "pattern-name": "Arja:arja_shallow_change",
          "Unified_Diff_of-files:": "Starts Below...",
          "CHANGE_old:": "            return new FixedWidthParserLinesSeparated(reader, this, parseConfig);\r",
          "CHANGE_new:": "",
          "instance_detail": [
            {
              "pattern_action": "ANY",
              "pattern_entity": {
                "entity_type": "Statement",
                "entity_new value": "*",
                "entity_role": "*",
                "entity_parent": "null"
              },
              "concrete_change": {
                "operator": "DEL",
                "src_type": "Block",
                "dst_type": "null",
                "src": "return new org.jsapar.parse.fixed.FixedWidthParserFlat(reader, this, parseConfig);\n",
                "dst": "null",
                "src_parent_type": "If",
                "dst_parent_type": "null",
                "src_parent": "if (getLineSeparator().isEmpty())\n    return new org.jsapar.parse.fixed.FixedWidthParserFlat(reader, this, parseConfig);\nelse\n    return new org.jsapar.parse.fixed.FixedWidthParserLinesSeparated(reader, this, parseConfig);\n",
                "dst_parent": "null"
              },
              "line": 100,
              "file": "/home/khesoem/projects/lighter/exp/src/main/java/org/jsapar/schema/FixedWidthSchema.java"
            }
          ]
        },
        {
          "tool-name": "Arja",
          "pattern-name": "Arja:arja_shallow_change",
          "Unified_Diff_of-files:": "Starts Below...",
          "CHANGE_old:": "            return new FixedWidthParserLinesSeparated(reader, this, parseConfig);\r",
          "CHANGE_new:": "",
          "instance_detail": [
            {
              "pattern_action": "ANY",
              "pattern_entity": {
                "entity_type": "Statement",
                "entity_new value": "*",
                "entity_role": "*",
                "entity_parent": "null"
              },
              "concrete_change": {
                "operator": "DEL",
                "src_type": "ConstructorCall",
                "dst_type": "null",
                "src": "new org.jsapar.parse.fixed.FixedWidthParserLinesSeparated(reader, this, parseConfig)",
                "dst": "null",
                "src_parent_type": "Return",
                "dst_parent_type": "null",
                "src_parent": "return new org.jsapar.parse.fixed.FixedWidthParserLinesSeparated(reader, this, parseConfig)",
                "dst_parent": "null"
              },
              "line": 102,
              "file": "/home/khesoem/projects/lighter/exp/src/main/java/org/jsapar/schema/FixedWidthSchema.java"
            }
          ]
        },
        {
          "tool-name": "Arja",
          "pattern-name": "Arja:arja_shallow_change",
          "Unified_Diff_of-files:": "Starts Below...",
          "CHANGE_old:": "            return new FixedWidthParserLinesSeparated(reader, this, parseConfig);\r",
          "CHANGE_new:": "",
          "instance_detail": [
            {
              "pattern_action": "ANY",
              "pattern_entity": {
                "entity_type": "Statement",
                "entity_new value": "*",
                "entity_role": "*",
                "entity_parent": "null"
              },
              "concrete_change": {
                "operator": "DEL",
                "src_type": "Return",
                "dst_type": "null",
                "src": "return new org.jsapar.parse.fixed.FixedWidthParserLinesSeparated(reader, this, parseConfig)",
                "dst": "null",
                "src_parent_type": "Block",
                "dst_parent_type": "null",
                "src_parent": "return new org.jsapar.parse.fixed.FixedWidthParserLinesSeparated(reader, this, parseConfig);\n",
                "dst_parent": "null"
              },
              "line": 102,
              "file": "/home/khesoem/projects/lighter/exp/src/main/java/org/jsapar/schema/FixedWidthSchema.java"
            }
          ]
        },
        {
          "tool-name": "Arja",
          "pattern-name": "Arja:arja_shallow_change",
          "Unified_Diff_of-files:": "Starts Below...",
          "CHANGE_old:": "            return new FixedWidthParserLinesSeparated(reader, this, parseConfig);\r",
          "CHANGE_new:": "",
          "instance_detail": [
            {
              "pattern_action": "ANY",
              "pattern_entity": {
                "entity_type": "Statement",
                "entity_new value": "*",
                "entity_role": "*",
                "entity_parent": "null"
              },
              "concrete_change": {
                "operator": "DEL",
                "src_type": "Block",
                "dst_type": "null",
                "src": "return new org.jsapar.parse.fixed.FixedWidthParserLinesSeparated(reader, this, parseConfig);\n",
                "dst": "null",
                "src_parent_type": "If",
                "dst_parent_type": "null",
                "src_parent": "if (getLineSeparator().isEmpty())\n    return new org.jsapar.parse.fixed.FixedWidthParserFlat(reader, this, parseConfig);\nelse\n    return new org.jsapar.parse.fixed.FixedWidthParserLinesSeparated(reader, this, parseConfig);\n",
                "dst_parent": "null"
              },
              "line": 102,
              "file": "/home/khesoem/projects/lighter/exp/src/main/java/org/jsapar/schema/FixedWidthSchema.java"
            }
          ]
        },
        {
          "tool-name": "Arja",
          "pattern-name": "Arja:arja_shallow_change",
          "Unified_Diff_of-files:": "Starts Below...",
          "CHANGE_old:": "            return new FixedWidthParserLinesSeparated(reader, this, parseConfig);\r",
          "CHANGE_new:": "",
          "instance_detail": [
            {
              "pattern_action": "ANY",
              "pattern_entity": {
                "entity_type": "Statement",
                "entity_new value": "*",
                "entity_role": "*",
                "entity_parent": "null"
              },
              "concrete_change": {
                "operator": "DEL",
                "src_type": "If",
                "dst_type": "null",
                "src": "if (getLineSeparator().isEmpty())\n    return new org.jsapar.parse.fixed.FixedWidthParserFlat(reader, this, parseConfig);\nelse\n    return new org.jsapar.parse.fixed.FixedWidthParserLinesSeparated(reader, this, parseConfig);\n",
                "dst": "null",
                "src_parent_type": "Block",
                "dst_parent_type": "null",
                "src_parent": "{\n    if (getLineSeparator().isEmpty())\n        return new org.jsapar.parse.fixed.FixedWidthParserFlat(reader, this, parseConfig);\n    else\n        return new org.jsapar.parse.fixed.FixedWidthParserLinesSeparated(reader, this, parseConfig);\n\n}",
                "dst_parent": "null"
              },
              "line": 99,
              "file": "/home/khesoem/projects/lighter/exp/src/main/java/org/jsapar/schema/FixedWidthSchema.java",
              "stats": {
                "number_of_src_entities": 56,
                "number_of_dst_entities": -1,
                "src_entity_types": "[org.jsapar.schema.FixedWidthSchema, java.lang.Object, org.jsapar.parse.text.TextParseConfig, java.io.Reader]",
                "dst_entity_types": "[]"
              }
            }
          ]
        }
      ]
    }
  ],
  "complete_analysis": true
}