{
  "instances": [
    {
      "revision": "56e3a9bd7b3950a39b30f601536a5b78d08794bd",
      "repairability": [
        {
          "tool-name": "Arja",
          "pattern-name": "Arja:arja_shallow_change",
          "Unified_Diff_of-files:": "Starts Below...",
          "INSERT:": "        String sName \u003d getAttributeValue(xmlSchemaCell, ATTRIB_SCHEMA_CELL_NAME);\r",
          "CHANGE_old:": "",
          "CHANGE_new:": "        CsvSchemaCell cell \u003d new CsvSchemaCell(sName);\r",
          "DELETE:": "                cell.setName(sName);\r",
          "instance_detail": [
            {
              "pattern_action": "ANY",
              "pattern_entity": {
                "entity_type": "Statement",
                "entity_new value": "*",
                "entity_role": "*",
                "entity_parent": "null"
              },
              "concrete_change": {
                "operator": "DEL",
                "src_type": "Assignment",
                "dst_type": "null",
                "src": "this.length \u003d nLength",
                "dst": "null",
                "src_parent_type": "Block",
                "dst_parent_type": "null",
                "src_parent": "{\n    this.length \u003d nLength;\n}",
                "dst_parent": "null"
              },
              "line": 150,
              "file": "/home/khesoem/projects/lighter/exp/src/main/java/org/jsapar/schema/FixedWidthSchemaCell.java"
            }
          ]
        }
      ]
    },
    {
      "revision": "56e3a9bd7b3950a39b30f601536a5b78d08794bd",
      "repairability": [
        {
          "tool-name": "Arja",
          "pattern-name": "Arja:arja_shallow_change",
          "Unified_Diff_of-files:": "Starts Below...",
          "INSERT:": "        String sName \u003d getAttributeValue(xmlSchemaCell, ATTRIB_SCHEMA_CELL_NAME);\r",
          "CHANGE_old:": "",
          "CHANGE_new:": "        CsvSchemaCell cell \u003d new CsvSchemaCell(sName);\r",
          "DELETE:": "                cell.setName(sName);\r",
          "instance_detail": [
            {
              "pattern_action": "ANY",
              "pattern_entity": {
                "entity_type": "Statement",
                "entity_new value": "*",
                "entity_role": "*",
                "entity_parent": "null"
              },
              "concrete_change": {
                "operator": "DEL",
                "src_type": "Invocation",
                "dst_type": "null",
                "src": "super()",
                "dst": "null",
                "src_parent_type": "Block",
                "dst_parent_type": "null",
                "src_parent": "{\n    super();\n}",
                "dst_parent": "null"
              },
              "line": 27,
              "file": "/home/khesoem/projects/lighter/exp/src/main/java/org/jsapar/schema/CsvSchemaCell.java"
            }
          ]
        }
      ]
    },
    {
      "revision": "56e3a9bd7b3950a39b30f601536a5b78d08794bd",
      "repairability": [
        {
          "tool-name": "Arja",
          "pattern-name": "Arja:arja_shallow_change",
          "Unified_Diff_of-files:": "Starts Below...",
          "INSERT:": "        String sName \u003d getAttributeValue(xmlSchemaCell, ATTRIB_SCHEMA_CELL_NAME);\r",
          "CHANGE_old:": "",
          "CHANGE_new:": "        CsvSchemaCell cell \u003d new CsvSchemaCell(sName);\r",
          "DELETE:": "                cell.setName(sName);\r",
          "instance_detail": [
            {
              "pattern_action": "ANY",
              "pattern_entity": {
                "entity_type": "Statement",
                "entity_new value": "*",
                "entity_role": "*",
                "entity_parent": "null"
              },
              "concrete_change": {
                "operator": "INS",
                "src_type": "LocalVariable",
                "dst_type": "null",
                "src": "java.lang.String sName \u003d getAttributeValue(xmlSchemaCell, org.jsapar.schema.ATTRIB_SCHEMA_CELL_NAME)",
                "dst": "null",
                "src_parent_type": "Block",
                "dst_parent_type": "null",
                "src_parent": "{\n    int nLength \u003d getIntValue(org.jsapar.schema.Xml2SchemaBuilder.getMandatoryAttribute(xmlSchemaCell, org.jsapar.schema.ATTRIB_FW_SCHEMA_CELL_LENGTH));\n    java.lang.String sName \u003d getAttributeValue(xmlSchemaCell, org.jsapar.schema.ATTRIB_SCHEMA_CELL_NAME);\n    org.jsapar.schema.FixedWidthSchemaCell cell \u003d new org.jsapar.schema.FixedWidthSchemaCell(sName, nLength);\n    org.w3c.dom.Node xmlAllignment \u003d xmlSchemaCell.getAttributeNode(org.jsapar.schema.ATTRIB_FW_SCHEMA_CELL_ALIGNMENT);\n    if ((xmlAllignment \u003d\u003d null) || (getStringValue(xmlAllignment).equals(\"left\")))\n        cell.setAlignment(FixedWidthSchemaCell.Alignment.LEFT);\n    else\n        if (getStringValue(xmlAllignment).equals(\"center\"))\n            cell.setAlignment(FixedWidthSchemaCell.Alignment.CENTER);\n        else\n            if (getStringValue(xmlAllignment).equals(\"right\"))\n                cell.setAlignment(FixedWidthSchemaCell.Alignment.RIGHT);\n            else {\n                throw new org.jsapar.schema.SchemaException((((\"Invalid value for attribute: \" + (ATTRIB_FW_SCHEMA_CELL_ALIGNMENT)) + \"\u003d\") + (getStringValue(xmlAllignment))));\n            }\n\n\n    assignSchemaCellBase(cell, xmlSchemaCell, locale);\n    return cell;\n}",
                "dst_parent": "null"
              },
              "line": 280,
              "file": "/home/khesoem/projects/lighter/exp/src/main/java/org/jsapar/schema/Xml2SchemaBuilder.java",
              "stats": {
                "number_of_src_entities": 26,
                "number_of_dst_entities": -1,
                "src_entity_types": "[org.jsapar.schema.Xml2SchemaBuilder, org.w3c.dom.Element, java.lang.String, org.jsapar.schema.ATTRIB_SCHEMA_CELL_NAME]",
                "dst_entity_types": "[]"
              }
            }
          ]
        },
        {
          "tool-name": "Arja",
          "pattern-name": "Arja:arja_shallow_change",
          "Unified_Diff_of-files:": "Starts Below...",
          "INSERT:": "        String sName \u003d getAttributeValue(xmlSchemaCell, ATTRIB_SCHEMA_CELL_NAME);\r",
          "CHANGE_old:": "",
          "CHANGE_new:": "        CsvSchemaCell cell \u003d new CsvSchemaCell(sName);\r",
          "DELETE:": "                cell.setName(sName);\r",
          "instance_detail": [
            {
              "pattern_action": "ANY",
              "pattern_entity": {
                "entity_type": "Statement",
                "entity_new value": "*",
                "entity_role": "*",
                "entity_parent": "null"
              },
              "concrete_change": {
                "operator": "DEL",
                "src_type": "Invocation",
                "dst_type": "null",
                "src": "cell.setName(sName)",
                "dst": "null",
                "src_parent_type": "Block",
                "dst_parent_type": "null",
                "src_parent": "cell.setName(sName);\n",
                "dst_parent": "null"
              },
              "line": 489,
              "file": "/home/khesoem/projects/lighter/exp/src/main/java/org/jsapar/schema/Xml2SchemaBuilder.java"
            }
          ]
        },
        {
          "tool-name": "Arja",
          "pattern-name": "Arja:arja_shallow_change",
          "Unified_Diff_of-files:": "Starts Below...",
          "INSERT:": "        String sName \u003d getAttributeValue(xmlSchemaCell, ATTRIB_SCHEMA_CELL_NAME);\r",
          "CHANGE_old:": "",
          "CHANGE_new:": "        CsvSchemaCell cell \u003d new CsvSchemaCell(sName);\r",
          "DELETE:": "                cell.setName(sName);\r",
          "instance_detail": [
            {
              "pattern_action": "ANY",
              "pattern_entity": {
                "entity_type": "Statement",
                "entity_new value": "*",
                "entity_role": "*",
                "entity_parent": "null"
              },
              "concrete_change": {
                "operator": "DEL",
                "src_type": "Block",
                "dst_type": "null",
                "src": "cell.setName(sName);\n",
                "dst": "null",
                "src_parent_type": "If",
                "dst_parent_type": "null",
                "src_parent": "if (sName !\u003d null)\n    cell.setName(sName);\n",
                "dst_parent": "null"
              },
              "line": 489,
              "file": "/home/khesoem/projects/lighter/exp/src/main/java/org/jsapar/schema/Xml2SchemaBuilder.java"
            }
          ]
        },
        {
          "tool-name": "Arja",
          "pattern-name": "Arja:arja_shallow_change",
          "Unified_Diff_of-files:": "Starts Below...",
          "INSERT:": "        String sName \u003d getAttributeValue(xmlSchemaCell, ATTRIB_SCHEMA_CELL_NAME);\r",
          "CHANGE_old:": "",
          "CHANGE_new:": "        CsvSchemaCell cell \u003d new CsvSchemaCell(sName);\r",
          "DELETE:": "                cell.setName(sName);\r",
          "instance_detail": [
            {
              "pattern_action": "ANY",
              "pattern_entity": {
                "entity_type": "Statement",
                "entity_new value": "*",
                "entity_role": "*",
                "entity_parent": "null"
              },
              "concrete_change": {
                "operator": "DEL",
                "src_type": "If",
                "dst_type": "null",
                "src": "if (sName !\u003d null)\n    cell.setName(sName);\n",
                "dst": "null",
                "src_parent_type": "Block",
                "dst_parent_type": "null",
                "src_parent": "{\n    java.lang.String sName \u003d getAttributeValue(xmlSchemaCell, org.jsapar.schema.ATTRIB_SCHEMA_CELL_NAME);\n    if (sName !\u003d null)\n        cell.setName(sName);\n\n    org.w3c.dom.Node xmlIgnoreRead \u003d xmlSchemaCell.getAttributeNode(org.jsapar.schema.ATTRIB_SCHEMA_CELL_IGNOREREAD);\n    if (xmlIgnoreRead !\u003d null)\n        cell.setIgnoreRead(getBooleanValue(xmlIgnoreRead));\n\n    org.w3c.dom.Node xmlIgnoreWrite \u003d xmlSchemaCell.getAttributeNode(org.jsapar.schema.ATTRIB_SCHEMA_CELL_IGNOREWRITE);\n    if (xmlIgnoreWrite !\u003d null)\n        cell.setIgnoreWrite(getBooleanValue(xmlIgnoreWrite));\n\n    org.w3c.dom.Node xmlMandatory \u003d xmlSchemaCell.getAttributeNode(org.jsapar.schema.ATTRIB_SCHEMA_CELL_MANDATORY);\n    if (xmlMandatory !\u003d null)\n        cell.setMandatory(getBooleanValue(xmlMandatory));\n\n    org.w3c.dom.Node xmlDefault \u003d xmlSchemaCell.getAttributeNode(org.jsapar.schema.ATTRIB_SCHEMA_CELL_DEFAULT_VALUE);\n    if (xmlDefault !\u003d null)\n        cell.setDefaultCell(cell.makeCell(getStringValue(xmlDefault)));\n\n    java.lang.String sEmptyPattern \u003d getAttributeValue(xmlSchemaCell, org.jsapar.schema.ATTRIB_SCHEMA_CELL_EMPTY_PATTERN);\n    if (sEmptyPattern !\u003d null)\n        cell.setEmptyPattern(sEmptyPattern);\n\n    org.w3c.dom.Element xmlFormat \u003d getChild(xmlSchemaCell, org.jsapar.schema.ELEMENT_FORMAT);\n    if (xmlFormat !\u003d null)\n        assignCellFormat(cell, xmlFormat, locale);\n\n    org.w3c.dom.Element xmlLocale \u003d getChild(xmlSchemaCell, org.jsapar.schema.ELEMENT_LOCALE);\n    if (xmlLocale !\u003d null)\n        locale \u003d buildLocale(xmlLocale);\n\n    cell.setLocale(locale);\n    org.w3c.dom.Element xmlRange \u003d getChild(xmlSchemaCell, org.jsapar.schema.ELEMENT_RANGE);\n    if (xmlRange !\u003d null) {\n        org.w3c.dom.Node minValue \u003d xmlRange.getAttributeNode(org.jsapar.schema.ATTRIB_SCHEMA_CELL_MIN);\n        if (minValue !\u003d null)\n            cell.setMinValue(getStringValue(minValue));\n\n        org.w3c.dom.Node maxValue \u003d xmlRange.getAttributeNode(org.jsapar.schema.ATTRIB_SCHEMA_CELL_MAX);\n        if (maxValue !\u003d null)\n            cell.setMaxValue(getStringValue(maxValue));\n\n    }\n}",
                "dst_parent": "null"
              },
              "line": 488,
              "file": "/home/khesoem/projects/lighter/exp/src/main/java/org/jsapar/schema/Xml2SchemaBuilder.java",
              "stats": {
                "number_of_src_entities": 24,
                "number_of_dst_entities": -1,
                "src_entity_types": "[boolean, java.lang.String, org.jsapar.schema.SchemaCell, \u003cnulltype\u003e]",
                "dst_entity_types": "[]"
              }
            }
          ]
        }
      ]
    }
  ],
  "complete_analysis": true
}