{
  "instances": [
    {
      "revision": "f72911e6ae1cd79ab8c2359fef7438d15dbf850f",
      "repairability": [
        {
          "tool-name": "Arja",
          "pattern-name": "Arja:arja_deep_change",
          "Unified_Diff_of-files:": "Starts Below...",
          "CHANGE_old:": "    public SimpleCache(final int maxSize) {",
          "CHANGE_new:": "    public LimitedSizeCache(final int maxSize) {",
          "instance_detail": [
            {
              "pattern_action": "ANY",
              "pattern_entity": {
                "entity_type": "*",
                "entity_new value": "*",
                "entity_role": "*",
                "entity_parent": {
                  "entity_type": "Statement",
                  "entity_new value": "*",
                  "entity_role": "*",
                  "entity_parent": "null"
                }
              },
              "concrete_change": {
                "operator": "UPD",
                "src_type": "TypeAccess",
                "dst_type": "TypeAccess",
                "src": "org.jsapar.utils.cache.SimpleCache",
                "dst": "org.jsapar.utils.cache.LimitedSizeCache",
                "src_parent_type": "ThisAccess",
                "dst_parent_type": "ThisAccess",
                "src_parent": "",
                "dst_parent": ""
              },
              "stats": {
                "number_of_src_entities": 3,
                "number_of_dst_entities": 3,
                "src_entity_types": "[org.jsapar.utils.cache.SimpleCache]",
                "dst_entity_types": "[org.jsapar.utils.cache.LimitedSizeCache]"
              }
            }
          ]
        },
        {
          "tool-name": "Arja",
          "pattern-name": "Arja:arja_deep_change",
          "Unified_Diff_of-files:": "Starts Below...",
          "CHANGE_old:": "    public SimpleCache(final int maxSize) {",
          "CHANGE_new:": "    public LimitedSizeCache(final int maxSize) {",
          "instance_detail": [
            {
              "pattern_action": "ANY",
              "pattern_entity": {
                "entity_type": "*",
                "entity_new value": "*",
                "entity_role": "*",
                "entity_parent": {
                  "entity_type": "Statement",
                  "entity_new value": "*",
                  "entity_role": "*",
                  "entity_parent": "null"
                }
              },
              "concrete_change": {
                "operator": "UPD",
                "src_type": "TypeAccess",
                "dst_type": "TypeAccess",
                "src": "org.jsapar.utils.cache.SimpleCache",
                "dst": "org.jsapar.utils.cache.LimitedSizeCache",
                "src_parent_type": "ThisAccess",
                "dst_parent_type": "ThisAccess",
                "src_parent": "",
                "dst_parent": ""
              },
              "stats": {
                "number_of_src_entities": 3,
                "number_of_dst_entities": 3,
                "src_entity_types": "[org.jsapar.utils.cache.SimpleCache]",
                "dst_entity_types": "[org.jsapar.utils.cache.LimitedSizeCache]"
              }
            }
          ]
        },
        {
          "tool-name": "Arja",
          "pattern-name": "Arja:arja_deep_change",
          "Unified_Diff_of-files:": "Starts Below...",
          "CHANGE_old:": "    public SimpleCache(final int maxSize) {",
          "CHANGE_new:": "    public LimitedSizeCache(final int maxSize) {",
          "instance_detail": [
            {
              "pattern_action": "ANY",
              "pattern_entity": {
                "entity_type": "*",
                "entity_new value": "*",
                "entity_role": "*",
                "entity_parent": {
                  "entity_type": "Statement",
                  "entity_new value": "*",
                  "entity_role": "*",
                  "entity_parent": "null"
                }
              },
              "concrete_change": {
                "operator": "UPD",
                "src_type": "TypeAccess",
                "dst_type": "TypeAccess",
                "src": "org.jsapar.utils.cache.SimpleCache.1",
                "dst": "org.jsapar.utils.cache.LimitedSizeCache.1",
                "src_parent_type": "ThisAccess",
                "dst_parent_type": "ThisAccess",
                "src_parent": "",
                "dst_parent": ""
              },
              "stats": {
                "number_of_src_entities": 4,
                "number_of_dst_entities": 4,
                "src_entity_types": "[org.jsapar.utils.cache.SimpleCache.1, org.jsapar.utils.cache.SimpleCache]",
                "dst_entity_types": "[org.jsapar.utils.cache.LimitedSizeCache.1, org.jsapar.utils.cache.LimitedSizeCache]"
              }
            }
          ]
        }
      ]
    }
  ],
  "complete_analysis": true
}