{
  "instances": [
    {
      "revision": "3db199837370aadc39456d7ac6a48f2547184c60",
      "repairability": [
        {
          "tool-name": "NPEfix",
          "pattern-name": "NPEfix:npefix_skip",
          "Unified_Diff_of-files:": "Starts Below...",
          "INSERT:": "}",
          "instance_detail": [
            {
              "pattern_action": "INS",
              "pattern_entity": {
                "entity_type": "If",
                "entity_new value": "*",
                "entity_role": "*",
                "entity_parent": "null"
              },
              "concrete_change": {
                "operator": "INS",
                "src_type": "If",
                "dst_type": "null",
                "src": "if ((modificationTimes) !\u003d null) {\n    modificationTimes.clear();\n}",
                "dst": "null",
                "src_parent_type": "Block",
                "dst_parent_type": "null",
                "src_parent": "{\n    if ((modificationTimes) !\u003d null) {\n        modificationTimes.clear();\n    }\n}",
                "dst_parent": "null"
              },
              "line": 83,
              "file": "/home/khesoem/projects/lighter/exp/vertx-template-engines/vertx-web-templ-jte/src/main/java/io/vertx/ext/web/templ/jte/impl/VertxDirectoryCodeResolver.java",
              "stats": {
                "number_of_src_entities": 43,
                "number_of_dst_entities": -1,
                "src_entity_types": "[boolean, io.vertx.ext.web.templ.jte.impl.VertxDirectoryCodeResolver, java.util.Map, \u003cnulltype\u003e]",
                "dst_entity_types": "[]"
              }
            },
            {
              "pattern_action": "MOV",
              "pattern_entity": {
                "entity_type": "*",
                "entity_new value": "*",
                "entity_role": "*",
                "entity_parent": {
                  "entity_type": "*",
                  "entity_new value": "*",
                  "entity_role": "Then",
                  "entity_parent": {
                    "entity_type": "If",
                    "entity_new value": "*",
                    "entity_role": "*",
                    "entity_parent": "null"
                  }
                }
              },
              "concrete_change": {
                "operator": "MOV",
                "src_type": "Invocation",
                "dst_type": "Invocation",
                "src": "modificationTimes.clear()",
                "dst": "modificationTimes.clear()",
                "src_parent_type": "Block",
                "dst_parent_type": "Block",
                "src_parent": "{\n    modificationTimes.clear();\n}",
                "dst_parent": "{\n    modificationTimes.clear();\n}"
              },
              "line": 83,
              "file": "/home/khesoem/projects/lighter/exp/vertx-template-engines/vertx-web-templ-jte/src/main/java/io/vertx/ext/web/templ/jte/impl/VertxDirectoryCodeResolver.java",
              "stats": {
                "number_of_src_entities": 21,
                "number_of_dst_entities": 21,
                "src_entity_types": "[io.vertx.ext.web.templ.jte.impl.VertxDirectoryCodeResolver, java.util.Map]",
                "dst_entity_types": "[io.vertx.ext.web.templ.jte.impl.VertxDirectoryCodeResolver, java.util.Map]"
              }
            }
          ]
        }
      ]
    }
  ],
  "complete_analysis": true
}