{
  "instances": [
    {
      "revision": "57d1a2ae7878b8b4132b80d2c5fbfeff1b2dabf0",
      "repairability": [
        {
          "tool-name": "JGenProg",
          "pattern-name": "JGenProg:any_statement_shallow",
          "Unified_Diff_of-files:": "Starts Below...",
          "DELETE:": "  /**",
          "CHANGE_old:": "  protected ReadMode readMode;",
          "CHANGE_new:": "",
          "instance_detail": [
            {
              "pattern_action": "ANY",
              "pattern_entity": {
                "entity_type": "*",
                "entity_new value": "*",
                "entity_role": "Statement",
                "entity_parent": "null"
              },
              "concrete_change": {
                "operator": "DEL",
                "src_type": "Invocation",
                "dst_type": "null",
                "src": "super(segmentDirectory, metadata, readMode)",
                "dst": "null",
                "src_parent_type": "Block",
                "dst_parent_type": "null",
                "src_parent": "{\n    super(segmentDirectory, metadata, readMode);\n}",
                "dst_parent": "null"
              },
              "line": 40,
              "file": "/home/khesoem/projects/lighter/exp/pinot-segment-local/src/main/java/org/apache/pinot/segment/local/segment/store/FilePerIndexDirectory.java",
              "stats": {
                "number_of_src_entities": 18,
                "number_of_dst_entities": -1,
                "src_entity_types": "[java.lang.Object, org.apache.pinot.segment.spi.index.metadata.SegmentMetadataImpl, org.apache.pinot.spi.utils.ReadMode, java.io.File]",
                "dst_entity_types": "[]"
              }
            }
          ]
        }
      ]
    },
    {
      "revision": "57d1a2ae7878b8b4132b80d2c5fbfeff1b2dabf0",
      "repairability": [
        {
          "tool-name": "JGenProg",
          "pattern-name": "JGenProg:any_statement_shallow",
          "Unified_Diff_of-files:": "Starts Below...",
          "DELETE:": "  /**",
          "CHANGE_old:": "  protected ReadMode readMode;",
          "CHANGE_new:": "",
          "instance_detail": [
            {
              "pattern_action": "ANY",
              "pattern_entity": {
                "entity_type": "*",
                "entity_new value": "*",
                "entity_role": "Statement",
                "entity_parent": "null"
              },
              "concrete_change": {
                "operator": "DEL",
                "src_type": "Invocation",
                "dst_type": "null",
                "src": "com.google.common.base.Preconditions.checkNotNull(segmentDirectory)",
                "dst": "null",
                "src_parent_type": "Block",
                "dst_parent_type": "null",
                "src_parent": "{\n    com.google.common.base.Preconditions.checkNotNull(segmentDirectory);\n    com.google.common.base.Preconditions.checkNotNull(readMode);\n    com.google.common.base.Preconditions.checkNotNull(metadata);\n    com.google.common.base.Preconditions.checkArgument(segmentDirectory.exists(), ((\"SegmentDirectory: \" + (segmentDirectory.toString())) + \" does not exist\"));\n    com.google.common.base.Preconditions.checkArgument(segmentDirectory.isDirectory(), ((\"SegmentDirectory: \" + (segmentDirectory.toString())) + \" is not a directory\"));\n    this.segmentDirectory \u003d segmentDirectory;\n    this.metadata \u003d metadata;\n    this.readMode \u003d readMode;\n}",
                "dst_parent": "null"
              },
              "line": 49,
              "file": "/home/khesoem/projects/lighter/exp/pinot-segment-spi/src/main/java/org/apache/pinot/segment/spi/store/ColumnIndexDirectory.java"
            }
          ]
        },
        {
          "tool-name": "JGenProg",
          "pattern-name": "JGenProg:any_statement_shallow",
          "Unified_Diff_of-files:": "Starts Below...",
          "DELETE:": "  /**",
          "CHANGE_old:": "  protected ReadMode readMode;",
          "CHANGE_new:": "",
          "instance_detail": [
            {
              "pattern_action": "ANY",
              "pattern_entity": {
                "entity_type": "*",
                "entity_new value": "*",
                "entity_role": "Statement",
                "entity_parent": "null"
              },
              "concrete_change": {
                "operator": "DEL",
                "src_type": "Invocation",
                "dst_type": "null",
                "src": "com.google.common.base.Preconditions.checkNotNull(readMode)",
                "dst": "null",
                "src_parent_type": "Block",
                "dst_parent_type": "null",
                "src_parent": "{\n    com.google.common.base.Preconditions.checkNotNull(segmentDirectory);\n    com.google.common.base.Preconditions.checkNotNull(readMode);\n    com.google.common.base.Preconditions.checkNotNull(metadata);\n    com.google.common.base.Preconditions.checkArgument(segmentDirectory.exists(), ((\"SegmentDirectory: \" + (segmentDirectory.toString())) + \" does not exist\"));\n    com.google.common.base.Preconditions.checkArgument(segmentDirectory.isDirectory(), ((\"SegmentDirectory: \" + (segmentDirectory.toString())) + \" is not a directory\"));\n    this.segmentDirectory \u003d segmentDirectory;\n    this.metadata \u003d metadata;\n    this.readMode \u003d readMode;\n}",
                "dst_parent": "null"
              },
              "line": 50,
              "file": "/home/khesoem/projects/lighter/exp/pinot-segment-spi/src/main/java/org/apache/pinot/segment/spi/store/ColumnIndexDirectory.java"
            }
          ]
        },
        {
          "tool-name": "JGenProg",
          "pattern-name": "JGenProg:any_statement_shallow",
          "Unified_Diff_of-files:": "Starts Below...",
          "DELETE:": "  /**",
          "CHANGE_old:": "  protected ReadMode readMode;",
          "CHANGE_new:": "",
          "instance_detail": [
            {
              "pattern_action": "ANY",
              "pattern_entity": {
                "entity_type": "*",
                "entity_new value": "*",
                "entity_role": "Statement",
                "entity_parent": "null"
              },
              "concrete_change": {
                "operator": "DEL",
                "src_type": "Invocation",
                "dst_type": "null",
                "src": "com.google.common.base.Preconditions.checkNotNull(metadata)",
                "dst": "null",
                "src_parent_type": "Block",
                "dst_parent_type": "null",
                "src_parent": "{\n    com.google.common.base.Preconditions.checkNotNull(segmentDirectory);\n    com.google.common.base.Preconditions.checkNotNull(readMode);\n    com.google.common.base.Preconditions.checkNotNull(metadata);\n    com.google.common.base.Preconditions.checkArgument(segmentDirectory.exists(), ((\"SegmentDirectory: \" + (segmentDirectory.toString())) + \" does not exist\"));\n    com.google.common.base.Preconditions.checkArgument(segmentDirectory.isDirectory(), ((\"SegmentDirectory: \" + (segmentDirectory.toString())) + \" is not a directory\"));\n    this.segmentDirectory \u003d segmentDirectory;\n    this.metadata \u003d metadata;\n    this.readMode \u003d readMode;\n}",
                "dst_parent": "null"
              },
              "line": 51,
              "file": "/home/khesoem/projects/lighter/exp/pinot-segment-spi/src/main/java/org/apache/pinot/segment/spi/store/ColumnIndexDirectory.java"
            }
          ]
        },
        {
          "tool-name": "JGenProg",
          "pattern-name": "JGenProg:any_statement_shallow",
          "Unified_Diff_of-files:": "Starts Below...",
          "DELETE:": "  /**",
          "CHANGE_old:": "  protected ReadMode readMode;",
          "CHANGE_new:": "",
          "instance_detail": [
            {
              "pattern_action": "ANY",
              "pattern_entity": {
                "entity_type": "*",
                "entity_new value": "*",
                "entity_role": "Statement",
                "entity_parent": "null"
              },
              "concrete_change": {
                "operator": "DEL",
                "src_type": "Invocation",
                "dst_type": "null",
                "src": "com.google.common.base.Preconditions.checkArgument(segmentDirectory.exists(), ((\"SegmentDirectory: \" + (segmentDirectory.toString())) + \" does not exist\"))",
                "dst": "null",
                "src_parent_type": "Block",
                "dst_parent_type": "null",
                "src_parent": "{\n    com.google.common.base.Preconditions.checkNotNull(segmentDirectory);\n    com.google.common.base.Preconditions.checkNotNull(readMode);\n    com.google.common.base.Preconditions.checkNotNull(metadata);\n    com.google.common.base.Preconditions.checkArgument(segmentDirectory.exists(), ((\"SegmentDirectory: \" + (segmentDirectory.toString())) + \" does not exist\"));\n    com.google.common.base.Preconditions.checkArgument(segmentDirectory.isDirectory(), ((\"SegmentDirectory: \" + (segmentDirectory.toString())) + \" is not a directory\"));\n    this.segmentDirectory \u003d segmentDirectory;\n    this.metadata \u003d metadata;\n    this.readMode \u003d readMode;\n}",
                "dst_parent": "null"
              },
              "line": 53,
              "file": "/home/khesoem/projects/lighter/exp/pinot-segment-spi/src/main/java/org/apache/pinot/segment/spi/store/ColumnIndexDirectory.java"
            }
          ]
        },
        {
          "tool-name": "JGenProg",
          "pattern-name": "JGenProg:any_statement_shallow",
          "Unified_Diff_of-files:": "Starts Below...",
          "DELETE:": "  /**",
          "CHANGE_old:": "  protected ReadMode readMode;",
          "CHANGE_new:": "",
          "instance_detail": [
            {
              "pattern_action": "ANY",
              "pattern_entity": {
                "entity_type": "*",
                "entity_new value": "*",
                "entity_role": "Statement",
                "entity_parent": "null"
              },
              "concrete_change": {
                "operator": "DEL",
                "src_type": "Invocation",
                "dst_type": "null",
                "src": "com.google.common.base.Preconditions.checkArgument(segmentDirectory.isDirectory(), ((\"SegmentDirectory: \" + (segmentDirectory.toString())) + \" is not a directory\"))",
                "dst": "null",
                "src_parent_type": "Block",
                "dst_parent_type": "null",
                "src_parent": "{\n    com.google.common.base.Preconditions.checkNotNull(segmentDirectory);\n    com.google.common.base.Preconditions.checkNotNull(readMode);\n    com.google.common.base.Preconditions.checkNotNull(metadata);\n    com.google.common.base.Preconditions.checkArgument(segmentDirectory.exists(), ((\"SegmentDirectory: \" + (segmentDirectory.toString())) + \" does not exist\"));\n    com.google.common.base.Preconditions.checkArgument(segmentDirectory.isDirectory(), ((\"SegmentDirectory: \" + (segmentDirectory.toString())) + \" is not a directory\"));\n    this.segmentDirectory \u003d segmentDirectory;\n    this.metadata \u003d metadata;\n    this.readMode \u003d readMode;\n}",
                "dst_parent": "null"
              },
              "line": 55,
              "file": "/home/khesoem/projects/lighter/exp/pinot-segment-spi/src/main/java/org/apache/pinot/segment/spi/store/ColumnIndexDirectory.java"
            }
          ]
        },
        {
          "tool-name": "JGenProg",
          "pattern-name": "JGenProg:any_statement_shallow",
          "Unified_Diff_of-files:": "Starts Below...",
          "DELETE:": "  /**",
          "CHANGE_old:": "  protected ReadMode readMode;",
          "CHANGE_new:": "",
          "instance_detail": [
            {
              "pattern_action": "ANY",
              "pattern_entity": {
                "entity_type": "*",
                "entity_new value": "*",
                "entity_role": "Statement",
                "entity_parent": "null"
              },
              "concrete_change": {
                "operator": "DEL",
                "src_type": "Assignment",
                "dst_type": "null",
                "src": "this.segmentDirectory \u003d segmentDirectory",
                "dst": "null",
                "src_parent_type": "Block",
                "dst_parent_type": "null",
                "src_parent": "{\n    com.google.common.base.Preconditions.checkNotNull(segmentDirectory);\n    com.google.common.base.Preconditions.checkNotNull(readMode);\n    com.google.common.base.Preconditions.checkNotNull(metadata);\n    com.google.common.base.Preconditions.checkArgument(segmentDirectory.exists(), ((\"SegmentDirectory: \" + (segmentDirectory.toString())) + \" does not exist\"));\n    com.google.common.base.Preconditions.checkArgument(segmentDirectory.isDirectory(), ((\"SegmentDirectory: \" + (segmentDirectory.toString())) + \" is not a directory\"));\n    this.segmentDirectory \u003d segmentDirectory;\n    this.metadata \u003d metadata;\n    this.readMode \u003d readMode;\n}",
                "dst_parent": "null"
              },
              "line": 58,
              "file": "/home/khesoem/projects/lighter/exp/pinot-segment-spi/src/main/java/org/apache/pinot/segment/spi/store/ColumnIndexDirectory.java"
            }
          ]
        },
        {
          "tool-name": "JGenProg",
          "pattern-name": "JGenProg:any_statement_shallow",
          "Unified_Diff_of-files:": "Starts Below...",
          "DELETE:": "  /**",
          "CHANGE_old:": "  protected ReadMode readMode;",
          "CHANGE_new:": "",
          "instance_detail": [
            {
              "pattern_action": "ANY",
              "pattern_entity": {
                "entity_type": "*",
                "entity_new value": "*",
                "entity_role": "Statement",
                "entity_parent": "null"
              },
              "concrete_change": {
                "operator": "DEL",
                "src_type": "Assignment",
                "dst_type": "null",
                "src": "this.metadata \u003d metadata",
                "dst": "null",
                "src_parent_type": "Block",
                "dst_parent_type": "null",
                "src_parent": "{\n    com.google.common.base.Preconditions.checkNotNull(segmentDirectory);\n    com.google.common.base.Preconditions.checkNotNull(readMode);\n    com.google.common.base.Preconditions.checkNotNull(metadata);\n    com.google.common.base.Preconditions.checkArgument(segmentDirectory.exists(), ((\"SegmentDirectory: \" + (segmentDirectory.toString())) + \" does not exist\"));\n    com.google.common.base.Preconditions.checkArgument(segmentDirectory.isDirectory(), ((\"SegmentDirectory: \" + (segmentDirectory.toString())) + \" is not a directory\"));\n    this.segmentDirectory \u003d segmentDirectory;\n    this.metadata \u003d metadata;\n    this.readMode \u003d readMode;\n}",
                "dst_parent": "null"
              },
              "line": 59,
              "file": "/home/khesoem/projects/lighter/exp/pinot-segment-spi/src/main/java/org/apache/pinot/segment/spi/store/ColumnIndexDirectory.java"
            }
          ]
        },
        {
          "tool-name": "JGenProg",
          "pattern-name": "JGenProg:any_statement_shallow",
          "Unified_Diff_of-files:": "Starts Below...",
          "DELETE:": "  /**",
          "CHANGE_old:": "  protected ReadMode readMode;",
          "CHANGE_new:": "",
          "instance_detail": [
            {
              "pattern_action": "ANY",
              "pattern_entity": {
                "entity_type": "*",
                "entity_new value": "*",
                "entity_role": "Statement",
                "entity_parent": "null"
              },
              "concrete_change": {
                "operator": "DEL",
                "src_type": "Assignment",
                "dst_type": "null",
                "src": "this.readMode \u003d readMode",
                "dst": "null",
                "src_parent_type": "Block",
                "dst_parent_type": "null",
                "src_parent": "{\n    com.google.common.base.Preconditions.checkNotNull(segmentDirectory);\n    com.google.common.base.Preconditions.checkNotNull(readMode);\n    com.google.common.base.Preconditions.checkNotNull(metadata);\n    com.google.common.base.Preconditions.checkArgument(segmentDirectory.exists(), ((\"SegmentDirectory: \" + (segmentDirectory.toString())) + \" does not exist\"));\n    com.google.common.base.Preconditions.checkArgument(segmentDirectory.isDirectory(), ((\"SegmentDirectory: \" + (segmentDirectory.toString())) + \" is not a directory\"));\n    this.segmentDirectory \u003d segmentDirectory;\n    this.metadata \u003d metadata;\n    this.readMode \u003d readMode;\n}",
                "dst_parent": "null"
              },
              "line": 60,
              "file": "/home/khesoem/projects/lighter/exp/pinot-segment-spi/src/main/java/org/apache/pinot/segment/spi/store/ColumnIndexDirectory.java"
            }
          ]
        },
        {
          "tool-name": "JGenProg",
          "pattern-name": "JGenProg:any_statement_shallow",
          "Unified_Diff_of-files:": "Starts Below...",
          "DELETE:": "  /**",
          "CHANGE_old:": "  protected ReadMode readMode;",
          "CHANGE_new:": "",
          "instance_detail": [
            {
              "pattern_action": "ANY",
              "pattern_entity": {
                "entity_type": "*",
                "entity_new value": "*",
                "entity_role": "Statement",
                "entity_parent": "null"
              },
              "concrete_change": {
                "operator": "DEL",
                "src_type": "Assignment",
                "dst_type": "null",
                "src": "this.metadata \u003d metadata",
                "dst": "null",
                "src_parent_type": "Block",
                "dst_parent_type": "null",
                "src_parent": "{\n    this.metadata \u003d metadata;\n}",
                "dst_parent": "null"
              },
              "line": 64,
              "file": "/home/khesoem/projects/lighter/exp/pinot-segment-spi/src/main/java/org/apache/pinot/segment/spi/store/ColumnIndexDirectory.java"
            }
          ]
        }
      ]
    },
    {
      "revision": "57d1a2ae7878b8b4132b80d2c5fbfeff1b2dabf0",
      "repairability": [
        {
          "tool-name": "JGenProg",
          "pattern-name": "JGenProg:any_statement_shallow",
          "Unified_Diff_of-files:": "Starts Below...",
          "DELETE:": "  /**",
          "CHANGE_old:": "  protected ReadMode readMode;",
          "CHANGE_new:": "",
          "instance_detail": [
            {
              "pattern_action": "ANY",
              "pattern_entity": {
                "entity_type": "*",
                "entity_new value": "*",
                "entity_role": "Statement",
                "entity_parent": "null"
              },
              "concrete_change": {
                "operator": "DEL",
                "src_type": "Return",
                "dst_type": "null",
                "src": "return columnIndexDirectory.hasIndexFor(column, type)",
                "dst": "null",
                "src_parent_type": "Block",
                "dst_parent_type": "null",
                "src_parent": "{\n    return columnIndexDirectory.hasIndexFor(column, type);\n}",
                "dst_parent": "null"
              },
              "line": 294,
              "file": "/home/khesoem/projects/lighter/exp/pinot-segment-local/src/main/java/org/apache/pinot/segment/local/segment/store/SegmentLocalFSDirectory.java"
            }
          ]
        }
      ]
    }
  ],
  "complete_analysis": true
}