{
  "instances": [
    {
      "revision": "079f27a1bb3825668435f7fa465db87355e79550",
      "repairability": [
        {
          "tool-name": "JGenProg",
          "pattern-name": "JGenProg:any_statement_shallow",
          "Unified_Diff_of-files:": "Starts Below...",
          "DELETE:": "}",
          "INSERT:": "@SuppressWarnings({\"rawtypes\", \"unchecked\"})",
          "CHANGE_old:": "        try (BaseImmutableDictionary dictionary \u003d getDictionaryReader(columnMetadata)) {",
          "CHANGE_new:": "        try (Dictionary dictionary \u003d LoaderUtils.getDictionary(_segmentWriter, columnMetadata)) {",
          "instance_detail": [
            {
              "pattern_action": "ANY",
              "pattern_entity": {
                "entity_type": "*",
                "entity_new value": "*",
                "entity_role": "Statement",
                "entity_parent": "null"
              },
              "concrete_change": {
                "operator": "DEL",
                "src_type": "LocalVariable",
                "dst_type": "null",
                "src": "org.apache.pinot.core.segment.memory.PinotDataBuffer buffer \u003d _segmentWriter.getIndexFor(columnMetadata.getColumnName(), ColumnIndexType.FORWARD_INDEX)",
                "dst": "null",
                "src_parent_type": "Block",
                "dst_parent_type": "null",
                "src_parent": "{\n    org.apache.pinot.core.segment.memory.PinotDataBuffer buffer \u003d _segmentWriter.getIndexFor(columnMetadata.getColumnName(), ColumnIndexType.FORWARD_INDEX);\n    return new org.apache.pinot.core.segment.index.readers.forward.VarByteChunkSVForwardIndexReader(buffer, org.apache.pinot.spi.data.FieldSpec.DataType.STRING);\n}",
                "dst_parent": "null"
              },
              "line": 188,
              "file": "/home/khesoem/projects/lighter/exp/pinot-core/src/main/java/org/apache/pinot/core/segment/index/loader/invertedindex/TextIndexHandler.java"
            }
          ]
        },
        {
          "tool-name": "JGenProg",
          "pattern-name": "JGenProg:any_statement_shallow",
          "Unified_Diff_of-files:": "Starts Below...",
          "DELETE:": "}",
          "INSERT:": "@SuppressWarnings({\"rawtypes\", \"unchecked\"})",
          "CHANGE_old:": "        try (BaseImmutableDictionary dictionary \u003d getDictionaryReader(columnMetadata)) {",
          "CHANGE_new:": "        try (Dictionary dictionary \u003d LoaderUtils.getDictionary(_segmentWriter, columnMetadata)) {",
          "instance_detail": [
            {
              "pattern_action": "ANY",
              "pattern_entity": {
                "entity_type": "*",
                "entity_new value": "*",
                "entity_role": "Statement",
                "entity_parent": "null"
              },
              "concrete_change": {
                "operator": "DEL",
                "src_type": "Return",
                "dst_type": "null",
                "src": "return new org.apache.pinot.core.segment.index.readers.forward.VarByteChunkSVForwardIndexReader(buffer, org.apache.pinot.spi.data.FieldSpec.DataType.STRING)",
                "dst": "null",
                "src_parent_type": "Block",
                "dst_parent_type": "null",
                "src_parent": "{\n    org.apache.pinot.core.segment.memory.PinotDataBuffer buffer \u003d _segmentWriter.getIndexFor(columnMetadata.getColumnName(), ColumnIndexType.FORWARD_INDEX);\n    return new org.apache.pinot.core.segment.index.readers.forward.VarByteChunkSVForwardIndexReader(buffer, org.apache.pinot.spi.data.FieldSpec.DataType.STRING);\n}",
                "dst_parent": "null"
              },
              "line": 190,
              "file": "/home/khesoem/projects/lighter/exp/pinot-core/src/main/java/org/apache/pinot/core/segment/index/loader/invertedindex/TextIndexHandler.java"
            }
          ]
        },
        {
          "tool-name": "JGenProg",
          "pattern-name": "JGenProg:any_statement_shallow",
          "Unified_Diff_of-files:": "Starts Below...",
          "DELETE:": "}",
          "INSERT:": "@SuppressWarnings({\"rawtypes\", \"unchecked\"})",
          "CHANGE_old:": "        try (BaseImmutableDictionary dictionary \u003d getDictionaryReader(columnMetadata)) {",
          "CHANGE_new:": "        try (Dictionary dictionary \u003d LoaderUtils.getDictionary(_segmentWriter, columnMetadata)) {",
          "instance_detail": [
            {
              "pattern_action": "ANY",
              "pattern_entity": {
                "entity_type": "*",
                "entity_new value": "*",
                "entity_role": "Statement",
                "entity_parent": "null"
              },
              "concrete_change": {
                "operator": "DEL",
                "src_type": "LocalVariable",
                "dst_type": "null",
                "src": "org.apache.pinot.core.segment.memory.PinotDataBuffer buffer \u003d _segmentWriter.getIndexFor(columnMetadata.getColumnName(), ColumnIndexType.FORWARD_INDEX)",
                "dst": "null",
                "src_parent_type": "Block",
                "dst_parent_type": "null",
                "src_parent": "{\n    org.apache.pinot.core.segment.memory.PinotDataBuffer buffer \u003d _segmentWriter.getIndexFor(columnMetadata.getColumnName(), ColumnIndexType.FORWARD_INDEX);\n    int numRows \u003d columnMetadata.getTotalDocs();\n    int numBitsPerValue \u003d columnMetadata.getBitsPerElement();\n    if (columnMetadata.isSorted()) {\n        return new org.apache.pinot.core.segment.index.readers.sorted.SortedIndexReaderImpl(buffer, columnMetadata.getCardinality());\n    } else {\n        return new org.apache.pinot.core.segment.index.readers.forward.FixedBitSVForwardIndexReaderV2(buffer, numRows, numBitsPerValue);\n    }\n}",
                "dst_parent": "null"
              },
              "line": 196,
              "file": "/home/khesoem/projects/lighter/exp/pinot-core/src/main/java/org/apache/pinot/core/segment/index/loader/invertedindex/TextIndexHandler.java"
            }
          ]
        },
        {
          "tool-name": "JGenProg",
          "pattern-name": "JGenProg:any_statement_shallow",
          "Unified_Diff_of-files:": "Starts Below...",
          "DELETE:": "}",
          "INSERT:": "@SuppressWarnings({\"rawtypes\", \"unchecked\"})",
          "CHANGE_old:": "        try (BaseImmutableDictionary dictionary \u003d getDictionaryReader(columnMetadata)) {",
          "CHANGE_new:": "        try (Dictionary dictionary \u003d LoaderUtils.getDictionary(_segmentWriter, columnMetadata)) {",
          "instance_detail": [
            {
              "pattern_action": "ANY",
              "pattern_entity": {
                "entity_type": "*",
                "entity_new value": "*",
                "entity_role": "Statement",
                "entity_parent": "null"
              },
              "concrete_change": {
                "operator": "DEL",
                "src_type": "LocalVariable",
                "dst_type": "null",
                "src": "int numRows \u003d columnMetadata.getTotalDocs()",
                "dst": "null",
                "src_parent_type": "Block",
                "dst_parent_type": "null",
                "src_parent": "{\n    org.apache.pinot.core.segment.memory.PinotDataBuffer buffer \u003d _segmentWriter.getIndexFor(columnMetadata.getColumnName(), ColumnIndexType.FORWARD_INDEX);\n    int numRows \u003d columnMetadata.getTotalDocs();\n    int numBitsPerValue \u003d columnMetadata.getBitsPerElement();\n    if (columnMetadata.isSorted()) {\n        return new org.apache.pinot.core.segment.index.readers.sorted.SortedIndexReaderImpl(buffer, columnMetadata.getCardinality());\n    } else {\n        return new org.apache.pinot.core.segment.index.readers.forward.FixedBitSVForwardIndexReaderV2(buffer, numRows, numBitsPerValue);\n    }\n}",
                "dst_parent": "null"
              },
              "line": 198,
              "file": "/home/khesoem/projects/lighter/exp/pinot-core/src/main/java/org/apache/pinot/core/segment/index/loader/invertedindex/TextIndexHandler.java"
            }
          ]
        },
        {
          "tool-name": "JGenProg",
          "pattern-name": "JGenProg:any_statement_shallow",
          "Unified_Diff_of-files:": "Starts Below...",
          "DELETE:": "}",
          "INSERT:": "@SuppressWarnings({\"rawtypes\", \"unchecked\"})",
          "CHANGE_old:": "        try (BaseImmutableDictionary dictionary \u003d getDictionaryReader(columnMetadata)) {",
          "CHANGE_new:": "        try (Dictionary dictionary \u003d LoaderUtils.getDictionary(_segmentWriter, columnMetadata)) {",
          "instance_detail": [
            {
              "pattern_action": "ANY",
              "pattern_entity": {
                "entity_type": "*",
                "entity_new value": "*",
                "entity_role": "Statement",
                "entity_parent": "null"
              },
              "concrete_change": {
                "operator": "DEL",
                "src_type": "LocalVariable",
                "dst_type": "null",
                "src": "int numBitsPerValue \u003d columnMetadata.getBitsPerElement()",
                "dst": "null",
                "src_parent_type": "Block",
                "dst_parent_type": "null",
                "src_parent": "{\n    org.apache.pinot.core.segment.memory.PinotDataBuffer buffer \u003d _segmentWriter.getIndexFor(columnMetadata.getColumnName(), ColumnIndexType.FORWARD_INDEX);\n    int numRows \u003d columnMetadata.getTotalDocs();\n    int numBitsPerValue \u003d columnMetadata.getBitsPerElement();\n    if (columnMetadata.isSorted()) {\n        return new org.apache.pinot.core.segment.index.readers.sorted.SortedIndexReaderImpl(buffer, columnMetadata.getCardinality());\n    } else {\n        return new org.apache.pinot.core.segment.index.readers.forward.FixedBitSVForwardIndexReaderV2(buffer, numRows, numBitsPerValue);\n    }\n}",
                "dst_parent": "null"
              },
              "line": 199,
              "file": "/home/khesoem/projects/lighter/exp/pinot-core/src/main/java/org/apache/pinot/core/segment/index/loader/invertedindex/TextIndexHandler.java"
            }
          ]
        },
        {
          "tool-name": "JGenProg",
          "pattern-name": "JGenProg:any_statement_shallow",
          "Unified_Diff_of-files:": "Starts Below...",
          "DELETE:": "}",
          "INSERT:": "@SuppressWarnings({\"rawtypes\", \"unchecked\"})",
          "CHANGE_old:": "        try (BaseImmutableDictionary dictionary \u003d getDictionaryReader(columnMetadata)) {",
          "CHANGE_new:": "        try (Dictionary dictionary \u003d LoaderUtils.getDictionary(_segmentWriter, columnMetadata)) {",
          "instance_detail": [
            {
              "pattern_action": "ANY",
              "pattern_entity": {
                "entity_type": "*",
                "entity_new value": "*",
                "entity_role": "Statement",
                "entity_parent": "null"
              },
              "concrete_change": {
                "operator": "DEL",
                "src_type": "Return",
                "dst_type": "null",
                "src": "return new org.apache.pinot.core.segment.index.readers.sorted.SortedIndexReaderImpl(buffer, columnMetadata.getCardinality())",
                "dst": "null",
                "src_parent_type": "Block",
                "dst_parent_type": "null",
                "src_parent": "{\n    return new org.apache.pinot.core.segment.index.readers.sorted.SortedIndexReaderImpl(buffer, columnMetadata.getCardinality());\n}",
                "dst_parent": "null"
              },
              "line": 202,
              "file": "/home/khesoem/projects/lighter/exp/pinot-core/src/main/java/org/apache/pinot/core/segment/index/loader/invertedindex/TextIndexHandler.java"
            }
          ]
        },
        {
          "tool-name": "JGenProg",
          "pattern-name": "JGenProg:any_statement_shallow",
          "Unified_Diff_of-files:": "Starts Below...",
          "DELETE:": "}",
          "INSERT:": "@SuppressWarnings({\"rawtypes\", \"unchecked\"})",
          "CHANGE_old:": "        try (BaseImmutableDictionary dictionary \u003d getDictionaryReader(columnMetadata)) {",
          "CHANGE_new:": "        try (Dictionary dictionary \u003d LoaderUtils.getDictionary(_segmentWriter, columnMetadata)) {",
          "instance_detail": [
            {
              "pattern_action": "ANY",
              "pattern_entity": {
                "entity_type": "*",
                "entity_new value": "*",
                "entity_role": "Statement",
                "entity_parent": "null"
              },
              "concrete_change": {
                "operator": "DEL",
                "src_type": "Return",
                "dst_type": "null",
                "src": "return new org.apache.pinot.core.segment.index.readers.forward.FixedBitSVForwardIndexReaderV2(buffer, numRows, numBitsPerValue)",
                "dst": "null",
                "src_parent_type": "Block",
                "dst_parent_type": "null",
                "src_parent": "{\n    return new org.apache.pinot.core.segment.index.readers.forward.FixedBitSVForwardIndexReaderV2(buffer, numRows, numBitsPerValue);\n}",
                "dst_parent": "null"
              },
              "line": 205,
              "file": "/home/khesoem/projects/lighter/exp/pinot-core/src/main/java/org/apache/pinot/core/segment/index/loader/invertedindex/TextIndexHandler.java"
            }
          ]
        },
        {
          "tool-name": "JGenProg",
          "pattern-name": "JGenProg:any_statement_shallow",
          "Unified_Diff_of-files:": "Starts Below...",
          "DELETE:": "}",
          "INSERT:": "@SuppressWarnings({\"rawtypes\", \"unchecked\"})",
          "CHANGE_old:": "        try (BaseImmutableDictionary dictionary \u003d getDictionaryReader(columnMetadata)) {",
          "CHANGE_new:": "        try (Dictionary dictionary \u003d LoaderUtils.getDictionary(_segmentWriter, columnMetadata)) {",
          "instance_detail": [
            {
              "pattern_action": "ANY",
              "pattern_entity": {
                "entity_type": "*",
                "entity_new value": "*",
                "entity_role": "Statement",
                "entity_parent": "null"
              },
              "concrete_change": {
                "operator": "DEL",
                "src_type": "If",
                "dst_type": "null",
                "src": "if (columnMetadata.isSorted()) {\n    return new org.apache.pinot.core.segment.index.readers.sorted.SortedIndexReaderImpl(buffer, columnMetadata.getCardinality());\n} else {\n    return new org.apache.pinot.core.segment.index.readers.forward.FixedBitSVForwardIndexReaderV2(buffer, numRows, numBitsPerValue);\n}",
                "dst": "null",
                "src_parent_type": "Block",
                "dst_parent_type": "null",
                "src_parent": "{\n    org.apache.pinot.core.segment.memory.PinotDataBuffer buffer \u003d _segmentWriter.getIndexFor(columnMetadata.getColumnName(), ColumnIndexType.FORWARD_INDEX);\n    int numRows \u003d columnMetadata.getTotalDocs();\n    int numBitsPerValue \u003d columnMetadata.getBitsPerElement();\n    if (columnMetadata.isSorted()) {\n        return new org.apache.pinot.core.segment.index.readers.sorted.SortedIndexReaderImpl(buffer, columnMetadata.getCardinality());\n    } else {\n        return new org.apache.pinot.core.segment.index.readers.forward.FixedBitSVForwardIndexReaderV2(buffer, numRows, numBitsPerValue);\n    }\n}",
                "dst_parent": "null"
              },
              "line": 200,
              "file": "/home/khesoem/projects/lighter/exp/pinot-core/src/main/java/org/apache/pinot/core/segment/index/loader/invertedindex/TextIndexHandler.java"
            }
          ]
        },
        {
          "tool-name": "JGenProg",
          "pattern-name": "JGenProg:any_statement_shallow",
          "Unified_Diff_of-files:": "Starts Below...",
          "DELETE:": "}",
          "INSERT:": "@SuppressWarnings({\"rawtypes\", \"unchecked\"})",
          "CHANGE_old:": "        try (BaseImmutableDictionary dictionary \u003d getDictionaryReader(columnMetadata)) {",
          "CHANGE_new:": "        try (Dictionary dictionary \u003d LoaderUtils.getDictionary(_segmentWriter, columnMetadata)) {",
          "instance_detail": [
            {
              "pattern_action": "ANY",
              "pattern_entity": {
                "entity_type": "*",
                "entity_new value": "*",
                "entity_role": "Statement",
                "entity_parent": "null"
              },
              "concrete_change": {
                "operator": "DEL",
                "src_type": "If",
                "dst_type": "null",
                "src": "if (!(columnMetadata.hasDictionary())) {\n    org.apache.pinot.core.segment.memory.PinotDataBuffer buffer \u003d _segmentWriter.getIndexFor(columnMetadata.getColumnName(), ColumnIndexType.FORWARD_INDEX);\n    return new org.apache.pinot.core.segment.index.readers.forward.VarByteChunkSVForwardIndexReader(buffer, org.apache.pinot.spi.data.FieldSpec.DataType.STRING);\n} else {\n    org.apache.pinot.core.segment.memory.PinotDataBuffer buffer \u003d _segmentWriter.getIndexFor(columnMetadata.getColumnName(), ColumnIndexType.FORWARD_INDEX);\n    int numRows \u003d columnMetadata.getTotalDocs();\n    int numBitsPerValue \u003d columnMetadata.getBitsPerElement();\n    if (columnMetadata.isSorted()) {\n        return new org.apache.pinot.core.segment.index.readers.sorted.SortedIndexReaderImpl(buffer, columnMetadata.getCardinality());\n    } else {\n        return new org.apache.pinot.core.segment.index.readers.forward.FixedBitSVForwardIndexReaderV2(buffer, numRows, numBitsPerValue);\n    }\n}",
                "dst": "null",
                "src_parent_type": "Block",
                "dst_parent_type": "null",
                "src_parent": "{\n    if (!(columnMetadata.hasDictionary())) {\n        org.apache.pinot.core.segment.memory.PinotDataBuffer buffer \u003d _segmentWriter.getIndexFor(columnMetadata.getColumnName(), ColumnIndexType.FORWARD_INDEX);\n        return new org.apache.pinot.core.segment.index.readers.forward.VarByteChunkSVForwardIndexReader(buffer, org.apache.pinot.spi.data.FieldSpec.DataType.STRING);\n    } else {\n        org.apache.pinot.core.segment.memory.PinotDataBuffer buffer \u003d _segmentWriter.getIndexFor(columnMetadata.getColumnName(), ColumnIndexType.FORWARD_INDEX);\n        int numRows \u003d columnMetadata.getTotalDocs();\n        int numBitsPerValue \u003d columnMetadata.getBitsPerElement();\n        if (columnMetadata.isSorted()) {\n            return new org.apache.pinot.core.segment.index.readers.sorted.SortedIndexReaderImpl(buffer, columnMetadata.getCardinality());\n        } else {\n            return new org.apache.pinot.core.segment.index.readers.forward.FixedBitSVForwardIndexReaderV2(buffer, numRows, numBitsPerValue);\n        }\n    }\n}",
                "dst_parent": "null"
              },
              "line": 186,
              "file": "/home/khesoem/projects/lighter/exp/pinot-core/src/main/java/org/apache/pinot/core/segment/index/loader/invertedindex/TextIndexHandler.java"
            }
          ]
        },
        {
          "tool-name": "JGenProg",
          "pattern-name": "JGenProg:any_statement_shallow",
          "Unified_Diff_of-files:": "Starts Below...",
          "DELETE:": "}",
          "INSERT:": "@SuppressWarnings({\"rawtypes\", \"unchecked\"})",
          "CHANGE_old:": "        try (BaseImmutableDictionary dictionary \u003d getDictionaryReader(columnMetadata)) {",
          "CHANGE_new:": "        try (Dictionary dictionary \u003d LoaderUtils.getDictionary(_segmentWriter, columnMetadata)) {",
          "instance_detail": [
            {
              "pattern_action": "ANY",
              "pattern_entity": {
                "entity_type": "*",
                "entity_new value": "*",
                "entity_role": "Statement",
                "entity_parent": "null"
              },
              "concrete_change": {
                "operator": "DEL",
                "src_type": "LocalVariable",
                "dst_type": "null",
                "src": "org.apache.pinot.core.segment.memory.PinotDataBuffer dictionaryBuffer \u003d _segmentWriter.getIndexFor(columnMetadata.getColumnName(), ColumnIndexType.DICTIONARY)",
                "dst": "null",
                "src_parent_type": "Block",
                "dst_parent_type": "null",
                "src_parent": "{\n    org.apache.pinot.core.segment.memory.PinotDataBuffer dictionaryBuffer \u003d _segmentWriter.getIndexFor(columnMetadata.getColumnName(), ColumnIndexType.DICTIONARY);\n    return new org.apache.pinot.core.segment.index.readers.StringDictionary(dictionaryBuffer, columnMetadata.getCardinality(), columnMetadata.getColumnMaxLength(), ((byte) (columnMetadata.getPaddingCharacter())));\n}",
                "dst_parent": "null"
              },
              "line": 212,
              "file": "/home/khesoem/projects/lighter/exp/pinot-core/src/main/java/org/apache/pinot/core/segment/index/loader/invertedindex/TextIndexHandler.java"
            }
          ]
        },
        {
          "tool-name": "JGenProg",
          "pattern-name": "JGenProg:any_statement_shallow",
          "Unified_Diff_of-files:": "Starts Below...",
          "DELETE:": "}",
          "INSERT:": "@SuppressWarnings({\"rawtypes\", \"unchecked\"})",
          "CHANGE_old:": "        try (BaseImmutableDictionary dictionary \u003d getDictionaryReader(columnMetadata)) {",
          "CHANGE_new:": "        try (Dictionary dictionary \u003d LoaderUtils.getDictionary(_segmentWriter, columnMetadata)) {",
          "instance_detail": [
            {
              "pattern_action": "ANY",
              "pattern_entity": {
                "entity_type": "*",
                "entity_new value": "*",
                "entity_role": "Statement",
                "entity_parent": "null"
              },
              "concrete_change": {
                "operator": "DEL",
                "src_type": "Return",
                "dst_type": "null",
                "src": "return new org.apache.pinot.core.segment.index.readers.StringDictionary(dictionaryBuffer, columnMetadata.getCardinality(), columnMetadata.getColumnMaxLength(), ((byte) (columnMetadata.getPaddingCharacter())))",
                "dst": "null",
                "src_parent_type": "Block",
                "dst_parent_type": "null",
                "src_parent": "{\n    org.apache.pinot.core.segment.memory.PinotDataBuffer dictionaryBuffer \u003d _segmentWriter.getIndexFor(columnMetadata.getColumnName(), ColumnIndexType.DICTIONARY);\n    return new org.apache.pinot.core.segment.index.readers.StringDictionary(dictionaryBuffer, columnMetadata.getCardinality(), columnMetadata.getColumnMaxLength(), ((byte) (columnMetadata.getPaddingCharacter())));\n}",
                "dst_parent": "null"
              },
              "line": 214,
              "file": "/home/khesoem/projects/lighter/exp/pinot-core/src/main/java/org/apache/pinot/core/segment/index/loader/invertedindex/TextIndexHandler.java"
            }
          ]
        }
      ]
    },
    {
      "revision": "079f27a1bb3825668435f7fa465db87355e79550",
      "repairability": [
        {
          "tool-name": "JGenProg",
          "pattern-name": "JGenProg:any_statement_shallow",
          "Unified_Diff_of-files:": "Starts Below...",
          "DELETE:": "}",
          "INSERT:": "@SuppressWarnings({\"rawtypes\", \"unchecked\"})",
          "CHANGE_old:": "        try (BaseImmutableDictionary dictionary \u003d getDictionaryReader(columnMetadata)) {",
          "CHANGE_new:": "        try (Dictionary dictionary \u003d LoaderUtils.getDictionary(_segmentWriter, columnMetadata)) {",
          "instance_detail": [
            {
              "pattern_action": "ANY",
              "pattern_entity": {
                "entity_type": "*",
                "entity_new value": "*",
                "entity_role": "Statement",
                "entity_parent": "null"
              },
              "concrete_change": {
                "operator": "DEL",
                "src_type": "LocalVariable",
                "dst_type": "null",
                "src": "org.apache.pinot.core.segment.memory.PinotDataBuffer buffer \u003d segmentWriter.getIndexFor(columnMetadata.getColumnName(), ColumnIndexType.FORWARD_INDEX)",
                "dst": "null",
                "src_parent_type": "Block",
                "dst_parent_type": "null",
                "src_parent": "{\n    org.apache.pinot.core.segment.memory.PinotDataBuffer buffer \u003d segmentWriter.getIndexFor(columnMetadata.getColumnName(), ColumnIndexType.FORWARD_INDEX);\n    int numRows \u003d columnMetadata.getTotalDocs();\n    int numBitsPerValue \u003d columnMetadata.getBitsPerElement();\n    if (columnMetadata.isSingleValue()) {\n        if (columnMetadata.hasDictionary()) {\n            return new org.apache.pinot.core.segment.index.readers.forward.FixedBitSVForwardIndexReaderV2(buffer, numRows, numBitsPerValue);\n        } else {\n            return new org.apache.pinot.core.segment.index.readers.forward.FixedByteChunkSVForwardIndexReader(buffer, columnMetadata.getDataType());\n        }\n    } else {\n        if (columnMetadata.hasDictionary()) {\n            return new org.apache.pinot.core.segment.index.readers.forward.FixedBitMVForwardIndexReader(buffer, numRows, columnMetadata.getTotalNumberOfEntries(), numBitsPerValue);\n        } else {\n            throw new java.lang.IllegalStateException(\"Raw index on multi-value column is not supported\");\n        }\n    }\n}",
                "dst_parent": "null"
              },
              "line": 223,
              "file": "/home/khesoem/projects/lighter/exp/pinot-core/src/main/java/org/apache/pinot/core/segment/index/loader/invertedindex/RangeIndexHandler.java"
            }
          ]
        },
        {
          "tool-name": "JGenProg",
          "pattern-name": "JGenProg:any_statement_shallow",
          "Unified_Diff_of-files:": "Starts Below...",
          "DELETE:": "}",
          "INSERT:": "@SuppressWarnings({\"rawtypes\", \"unchecked\"})",
          "CHANGE_old:": "        try (BaseImmutableDictionary dictionary \u003d getDictionaryReader(columnMetadata)) {",
          "CHANGE_new:": "        try (Dictionary dictionary \u003d LoaderUtils.getDictionary(_segmentWriter, columnMetadata)) {",
          "instance_detail": [
            {
              "pattern_action": "ANY",
              "pattern_entity": {
                "entity_type": "*",
                "entity_new value": "*",
                "entity_role": "Statement",
                "entity_parent": "null"
              },
              "concrete_change": {
                "operator": "DEL",
                "src_type": "LocalVariable",
                "dst_type": "null",
                "src": "int numRows \u003d columnMetadata.getTotalDocs()",
                "dst": "null",
                "src_parent_type": "Block",
                "dst_parent_type": "null",
                "src_parent": "{\n    org.apache.pinot.core.segment.memory.PinotDataBuffer buffer \u003d segmentWriter.getIndexFor(columnMetadata.getColumnName(), ColumnIndexType.FORWARD_INDEX);\n    int numRows \u003d columnMetadata.getTotalDocs();\n    int numBitsPerValue \u003d columnMetadata.getBitsPerElement();\n    if (columnMetadata.isSingleValue()) {\n        if (columnMetadata.hasDictionary()) {\n            return new org.apache.pinot.core.segment.index.readers.forward.FixedBitSVForwardIndexReaderV2(buffer, numRows, numBitsPerValue);\n        } else {\n            return new org.apache.pinot.core.segment.index.readers.forward.FixedByteChunkSVForwardIndexReader(buffer, columnMetadata.getDataType());\n        }\n    } else {\n        if (columnMetadata.hasDictionary()) {\n            return new org.apache.pinot.core.segment.index.readers.forward.FixedBitMVForwardIndexReader(buffer, numRows, columnMetadata.getTotalNumberOfEntries(), numBitsPerValue);\n        } else {\n            throw new java.lang.IllegalStateException(\"Raw index on multi-value column is not supported\");\n        }\n    }\n}",
                "dst_parent": "null"
              },
              "line": 224,
              "file": "/home/khesoem/projects/lighter/exp/pinot-core/src/main/java/org/apache/pinot/core/segment/index/loader/invertedindex/RangeIndexHandler.java"
            }
          ]
        },
        {
          "tool-name": "JGenProg",
          "pattern-name": "JGenProg:any_statement_shallow",
          "Unified_Diff_of-files:": "Starts Below...",
          "DELETE:": "}",
          "INSERT:": "@SuppressWarnings({\"rawtypes\", \"unchecked\"})",
          "CHANGE_old:": "        try (BaseImmutableDictionary dictionary \u003d getDictionaryReader(columnMetadata)) {",
          "CHANGE_new:": "        try (Dictionary dictionary \u003d LoaderUtils.getDictionary(_segmentWriter, columnMetadata)) {",
          "instance_detail": [
            {
              "pattern_action": "ANY",
              "pattern_entity": {
                "entity_type": "*",
                "entity_new value": "*",
                "entity_role": "Statement",
                "entity_parent": "null"
              },
              "concrete_change": {
                "operator": "DEL",
                "src_type": "LocalVariable",
                "dst_type": "null",
                "src": "int numBitsPerValue \u003d columnMetadata.getBitsPerElement()",
                "dst": "null",
                "src_parent_type": "Block",
                "dst_parent_type": "null",
                "src_parent": "{\n    org.apache.pinot.core.segment.memory.PinotDataBuffer buffer \u003d segmentWriter.getIndexFor(columnMetadata.getColumnName(), ColumnIndexType.FORWARD_INDEX);\n    int numRows \u003d columnMetadata.getTotalDocs();\n    int numBitsPerValue \u003d columnMetadata.getBitsPerElement();\n    if (columnMetadata.isSingleValue()) {\n        if (columnMetadata.hasDictionary()) {\n            return new org.apache.pinot.core.segment.index.readers.forward.FixedBitSVForwardIndexReaderV2(buffer, numRows, numBitsPerValue);\n        } else {\n            return new org.apache.pinot.core.segment.index.readers.forward.FixedByteChunkSVForwardIndexReader(buffer, columnMetadata.getDataType());\n        }\n    } else {\n        if (columnMetadata.hasDictionary()) {\n            return new org.apache.pinot.core.segment.index.readers.forward.FixedBitMVForwardIndexReader(buffer, numRows, columnMetadata.getTotalNumberOfEntries(), numBitsPerValue);\n        } else {\n            throw new java.lang.IllegalStateException(\"Raw index on multi-value column is not supported\");\n        }\n    }\n}",
                "dst_parent": "null"
              },
              "line": 225,
              "file": "/home/khesoem/projects/lighter/exp/pinot-core/src/main/java/org/apache/pinot/core/segment/index/loader/invertedindex/RangeIndexHandler.java"
            }
          ]
        },
        {
          "tool-name": "JGenProg",
          "pattern-name": "JGenProg:any_statement_shallow",
          "Unified_Diff_of-files:": "Starts Below...",
          "DELETE:": "}",
          "INSERT:": "@SuppressWarnings({\"rawtypes\", \"unchecked\"})",
          "CHANGE_old:": "        try (BaseImmutableDictionary dictionary \u003d getDictionaryReader(columnMetadata)) {",
          "CHANGE_new:": "        try (Dictionary dictionary \u003d LoaderUtils.getDictionary(_segmentWriter, columnMetadata)) {",
          "instance_detail": [
            {
              "pattern_action": "ANY",
              "pattern_entity": {
                "entity_type": "*",
                "entity_new value": "*",
                "entity_role": "Statement",
                "entity_parent": "null"
              },
              "concrete_change": {
                "operator": "DEL",
                "src_type": "Return",
                "dst_type": "null",
                "src": "return new org.apache.pinot.core.segment.index.readers.forward.FixedBitSVForwardIndexReaderV2(buffer, numRows, numBitsPerValue)",
                "dst": "null",
                "src_parent_type": "Block",
                "dst_parent_type": "null",
                "src_parent": "{\n    return new org.apache.pinot.core.segment.index.readers.forward.FixedBitSVForwardIndexReaderV2(buffer, numRows, numBitsPerValue);\n}",
                "dst_parent": "null"
              },
              "line": 228,
              "file": "/home/khesoem/projects/lighter/exp/pinot-core/src/main/java/org/apache/pinot/core/segment/index/loader/invertedindex/RangeIndexHandler.java"
            }
          ]
        },
        {
          "tool-name": "JGenProg",
          "pattern-name": "JGenProg:any_statement_shallow",
          "Unified_Diff_of-files:": "Starts Below...",
          "DELETE:": "}",
          "INSERT:": "@SuppressWarnings({\"rawtypes\", \"unchecked\"})",
          "CHANGE_old:": "        try (BaseImmutableDictionary dictionary \u003d getDictionaryReader(columnMetadata)) {",
          "CHANGE_new:": "        try (Dictionary dictionary \u003d LoaderUtils.getDictionary(_segmentWriter, columnMetadata)) {",
          "instance_detail": [
            {
              "pattern_action": "ANY",
              "pattern_entity": {
                "entity_type": "*",
                "entity_new value": "*",
                "entity_role": "Statement",
                "entity_parent": "null"
              },
              "concrete_change": {
                "operator": "DEL",
                "src_type": "Return",
                "dst_type": "null",
                "src": "return new org.apache.pinot.core.segment.index.readers.forward.FixedByteChunkSVForwardIndexReader(buffer, columnMetadata.getDataType())",
                "dst": "null",
                "src_parent_type": "Block",
                "dst_parent_type": "null",
                "src_parent": "{\n    return new org.apache.pinot.core.segment.index.readers.forward.FixedByteChunkSVForwardIndexReader(buffer, columnMetadata.getDataType());\n}",
                "dst_parent": "null"
              },
              "line": 230,
              "file": "/home/khesoem/projects/lighter/exp/pinot-core/src/main/java/org/apache/pinot/core/segment/index/loader/invertedindex/RangeIndexHandler.java"
            }
          ]
        },
        {
          "tool-name": "JGenProg",
          "pattern-name": "JGenProg:any_statement_shallow",
          "Unified_Diff_of-files:": "Starts Below...",
          "DELETE:": "}",
          "INSERT:": "@SuppressWarnings({\"rawtypes\", \"unchecked\"})",
          "CHANGE_old:": "        try (BaseImmutableDictionary dictionary \u003d getDictionaryReader(columnMetadata)) {",
          "CHANGE_new:": "        try (Dictionary dictionary \u003d LoaderUtils.getDictionary(_segmentWriter, columnMetadata)) {",
          "instance_detail": [
            {
              "pattern_action": "ANY",
              "pattern_entity": {
                "entity_type": "*",
                "entity_new value": "*",
                "entity_role": "Statement",
                "entity_parent": "null"
              },
              "concrete_change": {
                "operator": "DEL",
                "src_type": "If",
                "dst_type": "null",
                "src": "if (columnMetadata.hasDictionary()) {\n    return new org.apache.pinot.core.segment.index.readers.forward.FixedBitSVForwardIndexReaderV2(buffer, numRows, numBitsPerValue);\n} else {\n    return new org.apache.pinot.core.segment.index.readers.forward.FixedByteChunkSVForwardIndexReader(buffer, columnMetadata.getDataType());\n}",
                "dst": "null",
                "src_parent_type": "Block",
                "dst_parent_type": "null",
                "src_parent": "{\n    if (columnMetadata.hasDictionary()) {\n        return new org.apache.pinot.core.segment.index.readers.forward.FixedBitSVForwardIndexReaderV2(buffer, numRows, numBitsPerValue);\n    } else {\n        return new org.apache.pinot.core.segment.index.readers.forward.FixedByteChunkSVForwardIndexReader(buffer, columnMetadata.getDataType());\n    }\n}",
                "dst_parent": "null"
              },
              "line": 227,
              "file": "/home/khesoem/projects/lighter/exp/pinot-core/src/main/java/org/apache/pinot/core/segment/index/loader/invertedindex/RangeIndexHandler.java"
            }
          ]
        },
        {
          "tool-name": "JGenProg",
          "pattern-name": "JGenProg:any_statement_shallow",
          "Unified_Diff_of-files:": "Starts Below...",
          "DELETE:": "}",
          "INSERT:": "@SuppressWarnings({\"rawtypes\", \"unchecked\"})",
          "CHANGE_old:": "        try (BaseImmutableDictionary dictionary \u003d getDictionaryReader(columnMetadata)) {",
          "CHANGE_new:": "        try (Dictionary dictionary \u003d LoaderUtils.getDictionary(_segmentWriter, columnMetadata)) {",
          "instance_detail": [
            {
              "pattern_action": "ANY",
              "pattern_entity": {
                "entity_type": "*",
                "entity_new value": "*",
                "entity_role": "Statement",
                "entity_parent": "null"
              },
              "concrete_change": {
                "operator": "DEL",
                "src_type": "Return",
                "dst_type": "null",
                "src": "return new org.apache.pinot.core.segment.index.readers.forward.FixedBitMVForwardIndexReader(buffer, numRows, columnMetadata.getTotalNumberOfEntries(), numBitsPerValue)",
                "dst": "null",
                "src_parent_type": "Block",
                "dst_parent_type": "null",
                "src_parent": "{\n    return new org.apache.pinot.core.segment.index.readers.forward.FixedBitMVForwardIndexReader(buffer, numRows, columnMetadata.getTotalNumberOfEntries(), numBitsPerValue);\n}",
                "dst_parent": "null"
              },
              "line": 234,
              "file": "/home/khesoem/projects/lighter/exp/pinot-core/src/main/java/org/apache/pinot/core/segment/index/loader/invertedindex/RangeIndexHandler.java"
            }
          ]
        },
        {
          "tool-name": "JGenProg",
          "pattern-name": "JGenProg:any_statement_shallow",
          "Unified_Diff_of-files:": "Starts Below...",
          "DELETE:": "}",
          "INSERT:": "@SuppressWarnings({\"rawtypes\", \"unchecked\"})",
          "CHANGE_old:": "        try (BaseImmutableDictionary dictionary \u003d getDictionaryReader(columnMetadata)) {",
          "CHANGE_new:": "        try (Dictionary dictionary \u003d LoaderUtils.getDictionary(_segmentWriter, columnMetadata)) {",
          "instance_detail": [
            {
              "pattern_action": "ANY",
              "pattern_entity": {
                "entity_type": "*",
                "entity_new value": "*",
                "entity_role": "Statement",
                "entity_parent": "null"
              },
              "concrete_change": {
                "operator": "DEL",
                "src_type": "Throw",
                "dst_type": "null",
                "src": "throw new java.lang.IllegalStateException(\"Raw index on multi-value column is not supported\")",
                "dst": "null",
                "src_parent_type": "Block",
                "dst_parent_type": "null",
                "src_parent": "{\n    throw new java.lang.IllegalStateException(\"Raw index on multi-value column is not supported\");\n}",
                "dst_parent": "null"
              },
              "line": 237,
              "file": "/home/khesoem/projects/lighter/exp/pinot-core/src/main/java/org/apache/pinot/core/segment/index/loader/invertedindex/RangeIndexHandler.java"
            }
          ]
        },
        {
          "tool-name": "JGenProg",
          "pattern-name": "JGenProg:any_statement_shallow",
          "Unified_Diff_of-files:": "Starts Below...",
          "DELETE:": "}",
          "INSERT:": "@SuppressWarnings({\"rawtypes\", \"unchecked\"})",
          "CHANGE_old:": "        try (BaseImmutableDictionary dictionary \u003d getDictionaryReader(columnMetadata)) {",
          "CHANGE_new:": "        try (Dictionary dictionary \u003d LoaderUtils.getDictionary(_segmentWriter, columnMetadata)) {",
          "instance_detail": [
            {
              "pattern_action": "ANY",
              "pattern_entity": {
                "entity_type": "*",
                "entity_new value": "*",
                "entity_role": "Statement",
                "entity_parent": "null"
              },
              "concrete_change": {
                "operator": "DEL",
                "src_type": "If",
                "dst_type": "null",
                "src": "if (columnMetadata.hasDictionary()) {\n    return new org.apache.pinot.core.segment.index.readers.forward.FixedBitMVForwardIndexReader(buffer, numRows, columnMetadata.getTotalNumberOfEntries(), numBitsPerValue);\n} else {\n    throw new java.lang.IllegalStateException(\"Raw index on multi-value column is not supported\");\n}",
                "dst": "null",
                "src_parent_type": "Block",
                "dst_parent_type": "null",
                "src_parent": "{\n    if (columnMetadata.hasDictionary()) {\n        return new org.apache.pinot.core.segment.index.readers.forward.FixedBitMVForwardIndexReader(buffer, numRows, columnMetadata.getTotalNumberOfEntries(), numBitsPerValue);\n    } else {\n        throw new java.lang.IllegalStateException(\"Raw index on multi-value column is not supported\");\n    }\n}",
                "dst_parent": "null"
              },
              "line": 233,
              "file": "/home/khesoem/projects/lighter/exp/pinot-core/src/main/java/org/apache/pinot/core/segment/index/loader/invertedindex/RangeIndexHandler.java"
            }
          ]
        },
        {
          "tool-name": "JGenProg",
          "pattern-name": "JGenProg:any_statement_shallow",
          "Unified_Diff_of-files:": "Starts Below...",
          "DELETE:": "}",
          "INSERT:": "@SuppressWarnings({\"rawtypes\", \"unchecked\"})",
          "CHANGE_old:": "        try (BaseImmutableDictionary dictionary \u003d getDictionaryReader(columnMetadata)) {",
          "CHANGE_new:": "        try (Dictionary dictionary \u003d LoaderUtils.getDictionary(_segmentWriter, columnMetadata)) {",
          "instance_detail": [
            {
              "pattern_action": "ANY",
              "pattern_entity": {
                "entity_type": "*",
                "entity_new value": "*",
                "entity_role": "Statement",
                "entity_parent": "null"
              },
              "concrete_change": {
                "operator": "DEL",
                "src_type": "If",
                "dst_type": "null",
                "src": "if (columnMetadata.isSingleValue()) {\n    if (columnMetadata.hasDictionary()) {\n        return new org.apache.pinot.core.segment.index.readers.forward.FixedBitSVForwardIndexReaderV2(buffer, numRows, numBitsPerValue);\n    } else {\n        return new org.apache.pinot.core.segment.index.readers.forward.FixedByteChunkSVForwardIndexReader(buffer, columnMetadata.getDataType());\n    }\n} else {\n    if (columnMetadata.hasDictionary()) {\n        return new org.apache.pinot.core.segment.index.readers.forward.FixedBitMVForwardIndexReader(buffer, numRows, columnMetadata.getTotalNumberOfEntries(), numBitsPerValue);\n    } else {\n        throw new java.lang.IllegalStateException(\"Raw index on multi-value column is not supported\");\n    }\n}",
                "dst": "null",
                "src_parent_type": "Block",
                "dst_parent_type": "null",
                "src_parent": "{\n    org.apache.pinot.core.segment.memory.PinotDataBuffer buffer \u003d segmentWriter.getIndexFor(columnMetadata.getColumnName(), ColumnIndexType.FORWARD_INDEX);\n    int numRows \u003d columnMetadata.getTotalDocs();\n    int numBitsPerValue \u003d columnMetadata.getBitsPerElement();\n    if (columnMetadata.isSingleValue()) {\n        if (columnMetadata.hasDictionary()) {\n            return new org.apache.pinot.core.segment.index.readers.forward.FixedBitSVForwardIndexReaderV2(buffer, numRows, numBitsPerValue);\n        } else {\n            return new org.apache.pinot.core.segment.index.readers.forward.FixedByteChunkSVForwardIndexReader(buffer, columnMetadata.getDataType());\n        }\n    } else {\n        if (columnMetadata.hasDictionary()) {\n            return new org.apache.pinot.core.segment.index.readers.forward.FixedBitMVForwardIndexReader(buffer, numRows, columnMetadata.getTotalNumberOfEntries(), numBitsPerValue);\n        } else {\n            throw new java.lang.IllegalStateException(\"Raw index on multi-value column is not supported\");\n        }\n    }\n}",
                "dst_parent": "null"
              },
              "line": 226,
              "file": "/home/khesoem/projects/lighter/exp/pinot-core/src/main/java/org/apache/pinot/core/segment/index/loader/invertedindex/RangeIndexHandler.java"
            }
          ]
        }
      ]
    },
    {
      "revision": "079f27a1bb3825668435f7fa465db87355e79550",
      "repairability": [
        {
          "tool-name": "JGenProg",
          "pattern-name": "JGenProg:any_statement_shallow",
          "Unified_Diff_of-files:": "Starts Below...",
          "DELETE:": "}",
          "INSERT:": "@SuppressWarnings({\"rawtypes\", \"unchecked\"})",
          "CHANGE_old:": "        try (BaseImmutableDictionary dictionary \u003d getDictionaryReader(columnMetadata)) {",
          "CHANGE_new:": "        try (Dictionary dictionary \u003d LoaderUtils.getDictionary(_segmentWriter, columnMetadata)) {",
          "instance_detail": [
            {
              "pattern_action": "ANY",
              "pattern_entity": {
                "entity_type": "*",
                "entity_new value": "*",
                "entity_role": "Statement",
                "entity_parent": "null"
              },
              "concrete_change": {
                "operator": "DEL",
                "src_type": "LocalVariable",
                "dst_type": "null",
                "src": "org.apache.pinot.core.segment.memory.PinotDataBuffer buffer \u003d segmentWriter.getIndexFor(columnMetadata.getColumnName(), ColumnIndexType.FORWARD_INDEX)",
                "dst": "null",
                "src_parent_type": "Block",
                "dst_parent_type": "null",
                "src_parent": "{\n    org.apache.pinot.core.segment.memory.PinotDataBuffer buffer \u003d segmentWriter.getIndexFor(columnMetadata.getColumnName(), ColumnIndexType.FORWARD_INDEX);\n    int numRows \u003d columnMetadata.getTotalDocs();\n    int numBitsPerValue \u003d columnMetadata.getBitsPerElement();\n    if (columnMetadata.isSingleValue()) {\n        return new org.apache.pinot.core.segment.index.readers.forward.FixedBitSVForwardIndexReaderV2(buffer, numRows, numBitsPerValue);\n    } else {\n        return new org.apache.pinot.core.segment.index.readers.forward.FixedBitMVForwardIndexReader(buffer, numRows, columnMetadata.getTotalNumberOfEntries(), numBitsPerValue);\n    }\n}",
                "dst_parent": "null"
              },
              "line": 143,
              "file": "/home/khesoem/projects/lighter/exp/pinot-core/src/main/java/org/apache/pinot/core/segment/index/loader/invertedindex/InvertedIndexHandler.java"
            }
          ]
        },
        {
          "tool-name": "JGenProg",
          "pattern-name": "JGenProg:any_statement_shallow",
          "Unified_Diff_of-files:": "Starts Below...",
          "DELETE:": "}",
          "INSERT:": "@SuppressWarnings({\"rawtypes\", \"unchecked\"})",
          "CHANGE_old:": "        try (BaseImmutableDictionary dictionary \u003d getDictionaryReader(columnMetadata)) {",
          "CHANGE_new:": "        try (Dictionary dictionary \u003d LoaderUtils.getDictionary(_segmentWriter, columnMetadata)) {",
          "instance_detail": [
            {
              "pattern_action": "ANY",
              "pattern_entity": {
                "entity_type": "*",
                "entity_new value": "*",
                "entity_role": "Statement",
                "entity_parent": "null"
              },
              "concrete_change": {
                "operator": "DEL",
                "src_type": "LocalVariable",
                "dst_type": "null",
                "src": "int numRows \u003d columnMetadata.getTotalDocs()",
                "dst": "null",
                "src_parent_type": "Block",
                "dst_parent_type": "null",
                "src_parent": "{\n    org.apache.pinot.core.segment.memory.PinotDataBuffer buffer \u003d segmentWriter.getIndexFor(columnMetadata.getColumnName(), ColumnIndexType.FORWARD_INDEX);\n    int numRows \u003d columnMetadata.getTotalDocs();\n    int numBitsPerValue \u003d columnMetadata.getBitsPerElement();\n    if (columnMetadata.isSingleValue()) {\n        return new org.apache.pinot.core.segment.index.readers.forward.FixedBitSVForwardIndexReaderV2(buffer, numRows, numBitsPerValue);\n    } else {\n        return new org.apache.pinot.core.segment.index.readers.forward.FixedBitMVForwardIndexReader(buffer, numRows, columnMetadata.getTotalNumberOfEntries(), numBitsPerValue);\n    }\n}",
                "dst_parent": "null"
              },
              "line": 144,
              "file": "/home/khesoem/projects/lighter/exp/pinot-core/src/main/java/org/apache/pinot/core/segment/index/loader/invertedindex/InvertedIndexHandler.java"
            }
          ]
        },
        {
          "tool-name": "JGenProg",
          "pattern-name": "JGenProg:any_statement_shallow",
          "Unified_Diff_of-files:": "Starts Below...",
          "DELETE:": "}",
          "INSERT:": "@SuppressWarnings({\"rawtypes\", \"unchecked\"})",
          "CHANGE_old:": "        try (BaseImmutableDictionary dictionary \u003d getDictionaryReader(columnMetadata)) {",
          "CHANGE_new:": "        try (Dictionary dictionary \u003d LoaderUtils.getDictionary(_segmentWriter, columnMetadata)) {",
          "instance_detail": [
            {
              "pattern_action": "ANY",
              "pattern_entity": {
                "entity_type": "*",
                "entity_new value": "*",
                "entity_role": "Statement",
                "entity_parent": "null"
              },
              "concrete_change": {
                "operator": "DEL",
                "src_type": "LocalVariable",
                "dst_type": "null",
                "src": "int numBitsPerValue \u003d columnMetadata.getBitsPerElement()",
                "dst": "null",
                "src_parent_type": "Block",
                "dst_parent_type": "null",
                "src_parent": "{\n    org.apache.pinot.core.segment.memory.PinotDataBuffer buffer \u003d segmentWriter.getIndexFor(columnMetadata.getColumnName(), ColumnIndexType.FORWARD_INDEX);\n    int numRows \u003d columnMetadata.getTotalDocs();\n    int numBitsPerValue \u003d columnMetadata.getBitsPerElement();\n    if (columnMetadata.isSingleValue()) {\n        return new org.apache.pinot.core.segment.index.readers.forward.FixedBitSVForwardIndexReaderV2(buffer, numRows, numBitsPerValue);\n    } else {\n        return new org.apache.pinot.core.segment.index.readers.forward.FixedBitMVForwardIndexReader(buffer, numRows, columnMetadata.getTotalNumberOfEntries(), numBitsPerValue);\n    }\n}",
                "dst_parent": "null"
              },
              "line": 145,
              "file": "/home/khesoem/projects/lighter/exp/pinot-core/src/main/java/org/apache/pinot/core/segment/index/loader/invertedindex/InvertedIndexHandler.java"
            }
          ]
        },
        {
          "tool-name": "JGenProg",
          "pattern-name": "JGenProg:any_statement_shallow",
          "Unified_Diff_of-files:": "Starts Below...",
          "DELETE:": "}",
          "INSERT:": "@SuppressWarnings({\"rawtypes\", \"unchecked\"})",
          "CHANGE_old:": "        try (BaseImmutableDictionary dictionary \u003d getDictionaryReader(columnMetadata)) {",
          "CHANGE_new:": "        try (Dictionary dictionary \u003d LoaderUtils.getDictionary(_segmentWriter, columnMetadata)) {",
          "instance_detail": [
            {
              "pattern_action": "ANY",
              "pattern_entity": {
                "entity_type": "*",
                "entity_new value": "*",
                "entity_role": "Statement",
                "entity_parent": "null"
              },
              "concrete_change": {
                "operator": "DEL",
                "src_type": "Return",
                "dst_type": "null",
                "src": "return new org.apache.pinot.core.segment.index.readers.forward.FixedBitSVForwardIndexReaderV2(buffer, numRows, numBitsPerValue)",
                "dst": "null",
                "src_parent_type": "Block",
                "dst_parent_type": "null",
                "src_parent": "{\n    return new org.apache.pinot.core.segment.index.readers.forward.FixedBitSVForwardIndexReaderV2(buffer, numRows, numBitsPerValue);\n}",
                "dst_parent": "null"
              },
              "line": 147,
              "file": "/home/khesoem/projects/lighter/exp/pinot-core/src/main/java/org/apache/pinot/core/segment/index/loader/invertedindex/InvertedIndexHandler.java"
            }
          ]
        },
        {
          "tool-name": "JGenProg",
          "pattern-name": "JGenProg:any_statement_shallow",
          "Unified_Diff_of-files:": "Starts Below...",
          "DELETE:": "}",
          "INSERT:": "@SuppressWarnings({\"rawtypes\", \"unchecked\"})",
          "CHANGE_old:": "        try (BaseImmutableDictionary dictionary \u003d getDictionaryReader(columnMetadata)) {",
          "CHANGE_new:": "        try (Dictionary dictionary \u003d LoaderUtils.getDictionary(_segmentWriter, columnMetadata)) {",
          "instance_detail": [
            {
              "pattern_action": "ANY",
              "pattern_entity": {
                "entity_type": "*",
                "entity_new value": "*",
                "entity_role": "Statement",
                "entity_parent": "null"
              },
              "concrete_change": {
                "operator": "DEL",
                "src_type": "Return",
                "dst_type": "null",
                "src": "return new org.apache.pinot.core.segment.index.readers.forward.FixedBitMVForwardIndexReader(buffer, numRows, columnMetadata.getTotalNumberOfEntries(), numBitsPerValue)",
                "dst": "null",
                "src_parent_type": "Block",
                "dst_parent_type": "null",
                "src_parent": "{\n    return new org.apache.pinot.core.segment.index.readers.forward.FixedBitMVForwardIndexReader(buffer, numRows, columnMetadata.getTotalNumberOfEntries(), numBitsPerValue);\n}",
                "dst_parent": "null"
              },
              "line": 149,
              "file": "/home/khesoem/projects/lighter/exp/pinot-core/src/main/java/org/apache/pinot/core/segment/index/loader/invertedindex/InvertedIndexHandler.java"
            }
          ]
        },
        {
          "tool-name": "JGenProg",
          "pattern-name": "JGenProg:any_statement_shallow",
          "Unified_Diff_of-files:": "Starts Below...",
          "DELETE:": "}",
          "INSERT:": "@SuppressWarnings({\"rawtypes\", \"unchecked\"})",
          "CHANGE_old:": "        try (BaseImmutableDictionary dictionary \u003d getDictionaryReader(columnMetadata)) {",
          "CHANGE_new:": "        try (Dictionary dictionary \u003d LoaderUtils.getDictionary(_segmentWriter, columnMetadata)) {",
          "instance_detail": [
            {
              "pattern_action": "ANY",
              "pattern_entity": {
                "entity_type": "*",
                "entity_new value": "*",
                "entity_role": "Statement",
                "entity_parent": "null"
              },
              "concrete_change": {
                "operator": "DEL",
                "src_type": "If",
                "dst_type": "null",
                "src": "if (columnMetadata.isSingleValue()) {\n    return new org.apache.pinot.core.segment.index.readers.forward.FixedBitSVForwardIndexReaderV2(buffer, numRows, numBitsPerValue);\n} else {\n    return new org.apache.pinot.core.segment.index.readers.forward.FixedBitMVForwardIndexReader(buffer, numRows, columnMetadata.getTotalNumberOfEntries(), numBitsPerValue);\n}",
                "dst": "null",
                "src_parent_type": "Block",
                "dst_parent_type": "null",
                "src_parent": "{\n    org.apache.pinot.core.segment.memory.PinotDataBuffer buffer \u003d segmentWriter.getIndexFor(columnMetadata.getColumnName(), ColumnIndexType.FORWARD_INDEX);\n    int numRows \u003d columnMetadata.getTotalDocs();\n    int numBitsPerValue \u003d columnMetadata.getBitsPerElement();\n    if (columnMetadata.isSingleValue()) {\n        return new org.apache.pinot.core.segment.index.readers.forward.FixedBitSVForwardIndexReaderV2(buffer, numRows, numBitsPerValue);\n    } else {\n        return new org.apache.pinot.core.segment.index.readers.forward.FixedBitMVForwardIndexReader(buffer, numRows, columnMetadata.getTotalNumberOfEntries(), numBitsPerValue);\n    }\n}",
                "dst_parent": "null"
              },
              "line": 146,
              "file": "/home/khesoem/projects/lighter/exp/pinot-core/src/main/java/org/apache/pinot/core/segment/index/loader/invertedindex/InvertedIndexHandler.java"
            }
          ]
        }
      ]
    },
    {
      "revision": "079f27a1bb3825668435f7fa465db87355e79550",
      "repairability": [
        {
          "tool-name": "JGenProg",
          "pattern-name": "JGenProg:any_statement_shallow",
          "Unified_Diff_of-files:": "Starts Below...",
          "DELETE:": "}",
          "INSERT:": "@SuppressWarnings({\"rawtypes\", \"unchecked\"})",
          "CHANGE_old:": "        try (BaseImmutableDictionary dictionary \u003d getDictionaryReader(columnMetadata)) {",
          "CHANGE_new:": "        try (Dictionary dictionary \u003d LoaderUtils.getDictionary(_segmentWriter, columnMetadata)) {",
          "instance_detail": [
            {
              "pattern_action": "ANY",
              "pattern_entity": {
                "entity_type": "*",
                "entity_new value": "*",
                "entity_role": "Statement",
                "entity_parent": "null"
              },
              "concrete_change": {
                "operator": "DEL",
                "src_type": "LocalVariable",
                "dst_type": "null",
                "src": "org.apache.pinot.core.segment.memory.PinotDataBuffer dictionaryBuffer \u003d _segmentWriter.getIndexFor(columnMetadata.getColumnName(), ColumnIndexType.DICTIONARY)",
                "dst": "null",
                "src_parent_type": "Block",
                "dst_parent_type": "null",
                "src_parent": "{\n    org.apache.pinot.core.segment.memory.PinotDataBuffer dictionaryBuffer \u003d _segmentWriter.getIndexFor(columnMetadata.getColumnName(), ColumnIndexType.DICTIONARY);\n    return new org.apache.pinot.core.segment.index.readers.StringDictionary(dictionaryBuffer, columnMetadata.getCardinality(), columnMetadata.getColumnMaxLength(), ((byte) (columnMetadata.getPaddingCharacter())));\n}",
                "dst_parent": "null"
              },
              "line": 113,
              "file": "/home/khesoem/projects/lighter/exp/pinot-core/src/main/java/org/apache/pinot/core/segment/index/loader/invertedindex/LuceneFSTIndexHandler.java"
            }
          ]
        },
        {
          "tool-name": "JGenProg",
          "pattern-name": "JGenProg:any_statement_shallow",
          "Unified_Diff_of-files:": "Starts Below...",
          "DELETE:": "}",
          "INSERT:": "@SuppressWarnings({\"rawtypes\", \"unchecked\"})",
          "CHANGE_old:": "        try (BaseImmutableDictionary dictionary \u003d getDictionaryReader(columnMetadata)) {",
          "CHANGE_new:": "        try (Dictionary dictionary \u003d LoaderUtils.getDictionary(_segmentWriter, columnMetadata)) {",
          "instance_detail": [
            {
              "pattern_action": "ANY",
              "pattern_entity": {
                "entity_type": "*",
                "entity_new value": "*",
                "entity_role": "Statement",
                "entity_parent": "null"
              },
              "concrete_change": {
                "operator": "DEL",
                "src_type": "Return",
                "dst_type": "null",
                "src": "return new org.apache.pinot.core.segment.index.readers.StringDictionary(dictionaryBuffer, columnMetadata.getCardinality(), columnMetadata.getColumnMaxLength(), ((byte) (columnMetadata.getPaddingCharacter())))",
                "dst": "null",
                "src_parent_type": "Block",
                "dst_parent_type": "null",
                "src_parent": "{\n    org.apache.pinot.core.segment.memory.PinotDataBuffer dictionaryBuffer \u003d _segmentWriter.getIndexFor(columnMetadata.getColumnName(), ColumnIndexType.DICTIONARY);\n    return new org.apache.pinot.core.segment.index.readers.StringDictionary(dictionaryBuffer, columnMetadata.getCardinality(), columnMetadata.getColumnMaxLength(), ((byte) (columnMetadata.getPaddingCharacter())));\n}",
                "dst_parent": "null"
              },
              "line": 115,
              "file": "/home/khesoem/projects/lighter/exp/pinot-core/src/main/java/org/apache/pinot/core/segment/index/loader/invertedindex/LuceneFSTIndexHandler.java"
            }
          ]
        }
      ]
    },
    {
      "revision": "079f27a1bb3825668435f7fa465db87355e79550",
      "repairability": [
        {
          "tool-name": "JGenProg",
          "pattern-name": "JGenProg:any_statement_shallow",
          "Unified_Diff_of-files:": "Starts Below...",
          "DELETE:": "}",
          "INSERT:": "@SuppressWarnings({\"rawtypes\", \"unchecked\"})",
          "CHANGE_old:": "        try (BaseImmutableDictionary dictionary \u003d getDictionaryReader(columnMetadata)) {",
          "CHANGE_new:": "        try (Dictionary dictionary \u003d LoaderUtils.getDictionary(_segmentWriter, columnMetadata)) {",
          "instance_detail": [
            {
              "pattern_action": "ANY",
              "pattern_entity": {
                "entity_type": "*",
                "entity_new value": "*",
                "entity_role": "Statement",
                "entity_parent": "null"
              },
              "concrete_change": {
                "operator": "DEL",
                "src_type": "LocalVariable",
                "dst_type": "null",
                "src": "org.apache.pinot.core.segment.memory.PinotDataBuffer dataBuffer \u003d segmentWriter.getIndexFor(columnMetadata.getColumnName(), ColumnIndexType.FORWARD_INDEX)",
                "dst": "null",
                "src_parent_type": "Block",
                "dst_parent_type": "null",
                "src_parent": "{\n    org.apache.pinot.core.segment.memory.PinotDataBuffer dataBuffer \u003d segmentWriter.getIndexFor(columnMetadata.getColumnName(), ColumnIndexType.FORWARD_INDEX);\n    if (columnMetadata.hasDictionary()) {\n        if (columnMetadata.isSorted()) {\n            return new org.apache.pinot.core.segment.index.readers.sorted.SortedIndexReaderImpl(dataBuffer, columnMetadata.getCardinality());\n        } else {\n            return new org.apache.pinot.core.segment.index.readers.forward.FixedBitSVForwardIndexReaderV2(dataBuffer, columnMetadata.getTotalDocs(), columnMetadata.getBitsPerElement());\n        }\n    } else {\n        return new org.apache.pinot.core.segment.index.readers.forward.VarByteChunkSVForwardIndexReader(dataBuffer, org.apache.pinot.spi.data.FieldSpec.DataType.BYTES);\n    }\n}",
                "dst_parent": "null"
              },
              "line": 170,
              "file": "/home/khesoem/projects/lighter/exp/pinot-core/src/main/java/org/apache/pinot/core/segment/index/loader/invertedindex/H3IndexHandler.java"
            }
          ]
        },
        {
          "tool-name": "JGenProg",
          "pattern-name": "JGenProg:any_statement_shallow",
          "Unified_Diff_of-files:": "Starts Below...",
          "DELETE:": "}",
          "INSERT:": "@SuppressWarnings({\"rawtypes\", \"unchecked\"})",
          "CHANGE_old:": "        try (BaseImmutableDictionary dictionary \u003d getDictionaryReader(columnMetadata)) {",
          "CHANGE_new:": "        try (Dictionary dictionary \u003d LoaderUtils.getDictionary(_segmentWriter, columnMetadata)) {",
          "instance_detail": [
            {
              "pattern_action": "ANY",
              "pattern_entity": {
                "entity_type": "*",
                "entity_new value": "*",
                "entity_role": "Statement",
                "entity_parent": "null"
              },
              "concrete_change": {
                "operator": "DEL",
                "src_type": "Return",
                "dst_type": "null",
                "src": "return new org.apache.pinot.core.segment.index.readers.sorted.SortedIndexReaderImpl(dataBuffer, columnMetadata.getCardinality())",
                "dst": "null",
                "src_parent_type": "Block",
                "dst_parent_type": "null",
                "src_parent": "{\n    return new org.apache.pinot.core.segment.index.readers.sorted.SortedIndexReaderImpl(dataBuffer, columnMetadata.getCardinality());\n}",
                "dst_parent": "null"
              },
              "line": 174,
              "file": "/home/khesoem/projects/lighter/exp/pinot-core/src/main/java/org/apache/pinot/core/segment/index/loader/invertedindex/H3IndexHandler.java"
            }
          ]
        },
        {
          "tool-name": "JGenProg",
          "pattern-name": "JGenProg:any_statement_shallow",
          "Unified_Diff_of-files:": "Starts Below...",
          "DELETE:": "}",
          "INSERT:": "@SuppressWarnings({\"rawtypes\", \"unchecked\"})",
          "CHANGE_old:": "        try (BaseImmutableDictionary dictionary \u003d getDictionaryReader(columnMetadata)) {",
          "CHANGE_new:": "        try (Dictionary dictionary \u003d LoaderUtils.getDictionary(_segmentWriter, columnMetadata)) {",
          "instance_detail": [
            {
              "pattern_action": "ANY",
              "pattern_entity": {
                "entity_type": "*",
                "entity_new value": "*",
                "entity_role": "Statement",
                "entity_parent": "null"
              },
              "concrete_change": {
                "operator": "DEL",
                "src_type": "Return",
                "dst_type": "null",
                "src": "return new org.apache.pinot.core.segment.index.readers.forward.FixedBitSVForwardIndexReaderV2(dataBuffer, columnMetadata.getTotalDocs(), columnMetadata.getBitsPerElement())",
                "dst": "null",
                "src_parent_type": "Block",
                "dst_parent_type": "null",
                "src_parent": "{\n    return new org.apache.pinot.core.segment.index.readers.forward.FixedBitSVForwardIndexReaderV2(dataBuffer, columnMetadata.getTotalDocs(), columnMetadata.getBitsPerElement());\n}",
                "dst_parent": "null"
              },
              "line": 176,
              "file": "/home/khesoem/projects/lighter/exp/pinot-core/src/main/java/org/apache/pinot/core/segment/index/loader/invertedindex/H3IndexHandler.java"
            }
          ]
        },
        {
          "tool-name": "JGenProg",
          "pattern-name": "JGenProg:any_statement_shallow",
          "Unified_Diff_of-files:": "Starts Below...",
          "DELETE:": "}",
          "INSERT:": "@SuppressWarnings({\"rawtypes\", \"unchecked\"})",
          "CHANGE_old:": "        try (BaseImmutableDictionary dictionary \u003d getDictionaryReader(columnMetadata)) {",
          "CHANGE_new:": "        try (Dictionary dictionary \u003d LoaderUtils.getDictionary(_segmentWriter, columnMetadata)) {",
          "instance_detail": [
            {
              "pattern_action": "ANY",
              "pattern_entity": {
                "entity_type": "*",
                "entity_new value": "*",
                "entity_role": "Statement",
                "entity_parent": "null"
              },
              "concrete_change": {
                "operator": "DEL",
                "src_type": "If",
                "dst_type": "null",
                "src": "if (columnMetadata.isSorted()) {\n    return new org.apache.pinot.core.segment.index.readers.sorted.SortedIndexReaderImpl(dataBuffer, columnMetadata.getCardinality());\n} else {\n    return new org.apache.pinot.core.segment.index.readers.forward.FixedBitSVForwardIndexReaderV2(dataBuffer, columnMetadata.getTotalDocs(), columnMetadata.getBitsPerElement());\n}",
                "dst": "null",
                "src_parent_type": "Block",
                "dst_parent_type": "null",
                "src_parent": "{\n    if (columnMetadata.isSorted()) {\n        return new org.apache.pinot.core.segment.index.readers.sorted.SortedIndexReaderImpl(dataBuffer, columnMetadata.getCardinality());\n    } else {\n        return new org.apache.pinot.core.segment.index.readers.forward.FixedBitSVForwardIndexReaderV2(dataBuffer, columnMetadata.getTotalDocs(), columnMetadata.getBitsPerElement());\n    }\n}",
                "dst_parent": "null"
              },
              "line": 173,
              "file": "/home/khesoem/projects/lighter/exp/pinot-core/src/main/java/org/apache/pinot/core/segment/index/loader/invertedindex/H3IndexHandler.java"
            }
          ]
        },
        {
          "tool-name": "JGenProg",
          "pattern-name": "JGenProg:any_statement_shallow",
          "Unified_Diff_of-files:": "Starts Below...",
          "DELETE:": "}",
          "INSERT:": "@SuppressWarnings({\"rawtypes\", \"unchecked\"})",
          "CHANGE_old:": "        try (BaseImmutableDictionary dictionary \u003d getDictionaryReader(columnMetadata)) {",
          "CHANGE_new:": "        try (Dictionary dictionary \u003d LoaderUtils.getDictionary(_segmentWriter, columnMetadata)) {",
          "instance_detail": [
            {
              "pattern_action": "ANY",
              "pattern_entity": {
                "entity_type": "*",
                "entity_new value": "*",
                "entity_role": "Statement",
                "entity_parent": "null"
              },
              "concrete_change": {
                "operator": "DEL",
                "src_type": "Return",
                "dst_type": "null",
                "src": "return new org.apache.pinot.core.segment.index.readers.forward.VarByteChunkSVForwardIndexReader(dataBuffer, org.apache.pinot.spi.data.FieldSpec.DataType.BYTES)",
                "dst": "null",
                "src_parent_type": "Block",
                "dst_parent_type": "null",
                "src_parent": "{\n    return new org.apache.pinot.core.segment.index.readers.forward.VarByteChunkSVForwardIndexReader(dataBuffer, org.apache.pinot.spi.data.FieldSpec.DataType.BYTES);\n}",
                "dst_parent": "null"
              },
              "line": 180,
              "file": "/home/khesoem/projects/lighter/exp/pinot-core/src/main/java/org/apache/pinot/core/segment/index/loader/invertedindex/H3IndexHandler.java"
            }
          ]
        },
        {
          "tool-name": "JGenProg",
          "pattern-name": "JGenProg:any_statement_shallow",
          "Unified_Diff_of-files:": "Starts Below...",
          "DELETE:": "}",
          "INSERT:": "@SuppressWarnings({\"rawtypes\", \"unchecked\"})",
          "CHANGE_old:": "        try (BaseImmutableDictionary dictionary \u003d getDictionaryReader(columnMetadata)) {",
          "CHANGE_new:": "        try (Dictionary dictionary \u003d LoaderUtils.getDictionary(_segmentWriter, columnMetadata)) {",
          "instance_detail": [
            {
              "pattern_action": "ANY",
              "pattern_entity": {
                "entity_type": "*",
                "entity_new value": "*",
                "entity_role": "Statement",
                "entity_parent": "null"
              },
              "concrete_change": {
                "operator": "DEL",
                "src_type": "If",
                "dst_type": "null",
                "src": "if (columnMetadata.hasDictionary()) {\n    if (columnMetadata.isSorted()) {\n        return new org.apache.pinot.core.segment.index.readers.sorted.SortedIndexReaderImpl(dataBuffer, columnMetadata.getCardinality());\n    } else {\n        return new org.apache.pinot.core.segment.index.readers.forward.FixedBitSVForwardIndexReaderV2(dataBuffer, columnMetadata.getTotalDocs(), columnMetadata.getBitsPerElement());\n    }\n} else {\n    return new org.apache.pinot.core.segment.index.readers.forward.VarByteChunkSVForwardIndexReader(dataBuffer, org.apache.pinot.spi.data.FieldSpec.DataType.BYTES);\n}",
                "dst": "null",
                "src_parent_type": "Block",
                "dst_parent_type": "null",
                "src_parent": "{\n    org.apache.pinot.core.segment.memory.PinotDataBuffer dataBuffer \u003d segmentWriter.getIndexFor(columnMetadata.getColumnName(), ColumnIndexType.FORWARD_INDEX);\n    if (columnMetadata.hasDictionary()) {\n        if (columnMetadata.isSorted()) {\n            return new org.apache.pinot.core.segment.index.readers.sorted.SortedIndexReaderImpl(dataBuffer, columnMetadata.getCardinality());\n        } else {\n            return new org.apache.pinot.core.segment.index.readers.forward.FixedBitSVForwardIndexReaderV2(dataBuffer, columnMetadata.getTotalDocs(), columnMetadata.getBitsPerElement());\n        }\n    } else {\n        return new org.apache.pinot.core.segment.index.readers.forward.VarByteChunkSVForwardIndexReader(dataBuffer, org.apache.pinot.spi.data.FieldSpec.DataType.BYTES);\n    }\n}",
                "dst_parent": "null"
              },
              "line": 172,
              "file": "/home/khesoem/projects/lighter/exp/pinot-core/src/main/java/org/apache/pinot/core/segment/index/loader/invertedindex/H3IndexHandler.java"
            }
          ]
        },
        {
          "tool-name": "JGenProg",
          "pattern-name": "JGenProg:any_statement_shallow",
          "Unified_Diff_of-files:": "Starts Below...",
          "DELETE:": "}",
          "INSERT:": "@SuppressWarnings({\"rawtypes\", \"unchecked\"})",
          "CHANGE_old:": "        try (BaseImmutableDictionary dictionary \u003d getDictionaryReader(columnMetadata)) {",
          "CHANGE_new:": "        try (Dictionary dictionary \u003d LoaderUtils.getDictionary(_segmentWriter, columnMetadata)) {",
          "instance_detail": [
            {
              "pattern_action": "ANY",
              "pattern_entity": {
                "entity_type": "*",
                "entity_new value": "*",
                "entity_role": "Statement",
                "entity_parent": "null"
              },
              "concrete_change": {
                "operator": "DEL",
                "src_type": "LocalVariable",
                "dst_type": "null",
                "src": "org.apache.pinot.core.segment.memory.PinotDataBuffer dataBuffer \u003d segmentWriter.getIndexFor(columnMetadata.getColumnName(), ColumnIndexType.DICTIONARY)",
                "dst": "null",
                "src_parent_type": "Block",
                "dst_parent_type": "null",
                "src_parent": "{\n    org.apache.pinot.core.segment.memory.PinotDataBuffer dataBuffer \u003d segmentWriter.getIndexFor(columnMetadata.getColumnName(), ColumnIndexType.DICTIONARY);\n    return org.apache.pinot.core.segment.index.column.PhysicalColumnIndexContainer.loadDictionary(dataBuffer, columnMetadata, false);\n}",
                "dst_parent": "null"
              },
              "line": 186,
              "file": "/home/khesoem/projects/lighter/exp/pinot-core/src/main/java/org/apache/pinot/core/segment/index/loader/invertedindex/H3IndexHandler.java"
            }
          ]
        },
        {
          "tool-name": "JGenProg",
          "pattern-name": "JGenProg:any_statement_shallow",
          "Unified_Diff_of-files:": "Starts Below...",
          "DELETE:": "}",
          "INSERT:": "@SuppressWarnings({\"rawtypes\", \"unchecked\"})",
          "CHANGE_old:": "        try (BaseImmutableDictionary dictionary \u003d getDictionaryReader(columnMetadata)) {",
          "CHANGE_new:": "        try (Dictionary dictionary \u003d LoaderUtils.getDictionary(_segmentWriter, columnMetadata)) {",
          "instance_detail": [
            {
              "pattern_action": "ANY",
              "pattern_entity": {
                "entity_type": "*",
                "entity_new value": "*",
                "entity_role": "Statement",
                "entity_parent": "null"
              },
              "concrete_change": {
                "operator": "DEL",
                "src_type": "Return",
                "dst_type": "null",
                "src": "return org.apache.pinot.core.segment.index.column.PhysicalColumnIndexContainer.loadDictionary(dataBuffer, columnMetadata, false)",
                "dst": "null",
                "src_parent_type": "Block",
                "dst_parent_type": "null",
                "src_parent": "{\n    org.apache.pinot.core.segment.memory.PinotDataBuffer dataBuffer \u003d segmentWriter.getIndexFor(columnMetadata.getColumnName(), ColumnIndexType.DICTIONARY);\n    return org.apache.pinot.core.segment.index.column.PhysicalColumnIndexContainer.loadDictionary(dataBuffer, columnMetadata, false);\n}",
                "dst_parent": "null"
              },
              "line": 187,
              "file": "/home/khesoem/projects/lighter/exp/pinot-core/src/main/java/org/apache/pinot/core/segment/index/loader/invertedindex/H3IndexHandler.java"
            }
          ]
        }
      ]
    },
    {
      "revision": "079f27a1bb3825668435f7fa465db87355e79550",
      "repairability": [
        {
          "tool-name": "JGenProg",
          "pattern-name": "JGenProg:any_statement_shallow",
          "Unified_Diff_of-files:": "Starts Below...",
          "DELETE:": "}",
          "INSERT:": "@SuppressWarnings({\"rawtypes\", \"unchecked\"})",
          "CHANGE_old:": "        try (BaseImmutableDictionary dictionary \u003d getDictionaryReader(columnMetadata)) {",
          "CHANGE_new:": "        try (Dictionary dictionary \u003d LoaderUtils.getDictionary(_segmentWriter, columnMetadata)) {",
          "instance_detail": [
            {
              "pattern_action": "ANY",
              "pattern_entity": {
                "entity_type": "*",
                "entity_new value": "*",
                "entity_role": "Statement",
                "entity_parent": "null"
              },
              "concrete_change": {
                "operator": "DEL",
                "src_type": "LocalVariable",
                "dst_type": "null",
                "src": "org.apache.pinot.core.segment.memory.PinotDataBuffer dataBuffer \u003d segmentWriter.getIndexFor(columnMetadata.getColumnName(), ColumnIndexType.FORWARD_INDEX)",
                "dst": "null",
                "src_parent_type": "Block",
                "dst_parent_type": "null",
                "src_parent": "{\n    org.apache.pinot.core.segment.memory.PinotDataBuffer dataBuffer \u003d segmentWriter.getIndexFor(columnMetadata.getColumnName(), ColumnIndexType.FORWARD_INDEX);\n    return new org.apache.pinot.core.segment.index.readers.forward.FixedBitSVForwardIndexReader(dataBuffer, columnMetadata.getTotalDocs(), columnMetadata.getBitsPerElement());\n}",
                "dst_parent": "null"
              },
              "line": 165,
              "file": "/home/khesoem/projects/lighter/exp/pinot-core/src/main/java/org/apache/pinot/core/segment/index/loader/invertedindex/JsonIndexHandler.java"
            }
          ]
        },
        {
          "tool-name": "JGenProg",
          "pattern-name": "JGenProg:any_statement_shallow",
          "Unified_Diff_of-files:": "Starts Below...",
          "DELETE:": "}",
          "INSERT:": "@SuppressWarnings({\"rawtypes\", \"unchecked\"})",
          "CHANGE_old:": "        try (BaseImmutableDictionary dictionary \u003d getDictionaryReader(columnMetadata)) {",
          "CHANGE_new:": "        try (Dictionary dictionary \u003d LoaderUtils.getDictionary(_segmentWriter, columnMetadata)) {",
          "instance_detail": [
            {
              "pattern_action": "ANY",
              "pattern_entity": {
                "entity_type": "*",
                "entity_new value": "*",
                "entity_role": "Statement",
                "entity_parent": "null"
              },
              "concrete_change": {
                "operator": "DEL",
                "src_type": "Return",
                "dst_type": "null",
                "src": "return new org.apache.pinot.core.segment.index.readers.forward.FixedBitSVForwardIndexReader(dataBuffer, columnMetadata.getTotalDocs(), columnMetadata.getBitsPerElement())",
                "dst": "null",
                "src_parent_type": "Block",
                "dst_parent_type": "null",
                "src_parent": "{\n    org.apache.pinot.core.segment.memory.PinotDataBuffer dataBuffer \u003d segmentWriter.getIndexFor(columnMetadata.getColumnName(), ColumnIndexType.FORWARD_INDEX);\n    return new org.apache.pinot.core.segment.index.readers.forward.FixedBitSVForwardIndexReader(dataBuffer, columnMetadata.getTotalDocs(), columnMetadata.getBitsPerElement());\n}",
                "dst_parent": "null"
              },
              "line": 167,
              "file": "/home/khesoem/projects/lighter/exp/pinot-core/src/main/java/org/apache/pinot/core/segment/index/loader/invertedindex/JsonIndexHandler.java"
            }
          ]
        },
        {
          "tool-name": "JGenProg",
          "pattern-name": "JGenProg:any_statement_shallow",
          "Unified_Diff_of-files:": "Starts Below...",
          "DELETE:": "}",
          "INSERT:": "@SuppressWarnings({\"rawtypes\", \"unchecked\"})",
          "CHANGE_old:": "        try (BaseImmutableDictionary dictionary \u003d getDictionaryReader(columnMetadata)) {",
          "CHANGE_new:": "        try (Dictionary dictionary \u003d LoaderUtils.getDictionary(_segmentWriter, columnMetadata)) {",
          "instance_detail": [
            {
              "pattern_action": "ANY",
              "pattern_entity": {
                "entity_type": "*",
                "entity_new value": "*",
                "entity_role": "Statement",
                "entity_parent": "null"
              },
              "concrete_change": {
                "operator": "DEL",
                "src_type": "LocalVariable",
                "dst_type": "null",
                "src": "org.apache.pinot.core.segment.memory.PinotDataBuffer dataBuffer \u003d segmentWriter.getIndexFor(columnMetadata.getColumnName(), ColumnIndexType.DICTIONARY)",
                "dst": "null",
                "src_parent_type": "Block",
                "dst_parent_type": "null",
                "src_parent": "{\n    org.apache.pinot.core.segment.memory.PinotDataBuffer dataBuffer \u003d segmentWriter.getIndexFor(columnMetadata.getColumnName(), ColumnIndexType.DICTIONARY);\n    return org.apache.pinot.core.segment.index.column.PhysicalColumnIndexContainer.loadDictionary(dataBuffer, columnMetadata, false);\n}",
                "dst_parent": "null"
              },
              "line": 173,
              "file": "/home/khesoem/projects/lighter/exp/pinot-core/src/main/java/org/apache/pinot/core/segment/index/loader/invertedindex/JsonIndexHandler.java"
            }
          ]
        },
        {
          "tool-name": "JGenProg",
          "pattern-name": "JGenProg:any_statement_shallow",
          "Unified_Diff_of-files:": "Starts Below...",
          "DELETE:": "}",
          "INSERT:": "@SuppressWarnings({\"rawtypes\", \"unchecked\"})",
          "CHANGE_old:": "        try (BaseImmutableDictionary dictionary \u003d getDictionaryReader(columnMetadata)) {",
          "CHANGE_new:": "        try (Dictionary dictionary \u003d LoaderUtils.getDictionary(_segmentWriter, columnMetadata)) {",
          "instance_detail": [
            {
              "pattern_action": "ANY",
              "pattern_entity": {
                "entity_type": "*",
                "entity_new value": "*",
                "entity_role": "Statement",
                "entity_parent": "null"
              },
              "concrete_change": {
                "operator": "DEL",
                "src_type": "Return",
                "dst_type": "null",
                "src": "return org.apache.pinot.core.segment.index.column.PhysicalColumnIndexContainer.loadDictionary(dataBuffer, columnMetadata, false)",
                "dst": "null",
                "src_parent_type": "Block",
                "dst_parent_type": "null",
                "src_parent": "{\n    org.apache.pinot.core.segment.memory.PinotDataBuffer dataBuffer \u003d segmentWriter.getIndexFor(columnMetadata.getColumnName(), ColumnIndexType.DICTIONARY);\n    return org.apache.pinot.core.segment.index.column.PhysicalColumnIndexContainer.loadDictionary(dataBuffer, columnMetadata, false);\n}",
                "dst_parent": "null"
              },
              "line": 174,
              "file": "/home/khesoem/projects/lighter/exp/pinot-core/src/main/java/org/apache/pinot/core/segment/index/loader/invertedindex/JsonIndexHandler.java"
            }
          ]
        }
      ]
    }
  ],
  "complete_analysis": true
}