{
  "instances": [
    {
      "revision": "8106b69a823fa525ca3450d747b0eb315ec0a67b",
      "repairability": [
        {
          "tool-name": "JGenProg",
          "pattern-name": "JGenProg:any_statement_shallow",
          "Unified_Diff_of-files:": "Starts Below...",
          "DELETE:": "import org.apache.commons.lang.StringUtils;",
          "CHANGE_old:": "    return StringUtils.join(fields, \",\");",
          "CHANGE_new:": "    return fields;",
          "instance_detail": [
            {
              "pattern_action": "ANY",
              "pattern_entity": {
                "entity_type": "*",
                "entity_new value": "*",
                "entity_role": "Statement",
                "entity_parent": "null"
              },
              "concrete_change": {
                "operator": "DEL",
                "src_type": "LocalVariable",
                "dst_type": "null",
                "src": "java.io.File metadataFile \u003d _segmentProperties.getFile()",
                "dst": "null",
                "src_parent_type": "Block",
                "dst_parent_type": "null",
                "src_parent": "{\n    java.util.Map\u003cjava.lang.String, org.apache.pinot.segment.local.segment.index.loader.defaultcolumn.BaseDefaultColumnHandler.DefaultColumnAction\u003e defaultColumnActionMap \u003d computeDefaultColumnActionMap();\n    if (defaultColumnActionMap.isEmpty()) {\n        return;\n    }\n    java.util.Iterator\u003cjava.util.Map.Entry\u003cjava.lang.String, org.apache.pinot.segment.local.segment.index.loader.defaultcolumn.BaseDefaultColumnHandler.DefaultColumnAction\u003e\u003e entryIterator \u003d defaultColumnActionMap.entrySet().iterator();\n    while (entryIterator.hasNext()) {\n        java.util.Map.Entry\u003cjava.lang.String, org.apache.pinot.segment.local.segment.index.loader.defaultcolumn.BaseDefaultColumnHandler.DefaultColumnAction\u003e entry \u003d entryIterator.next();\n        if (!(updateDefaultColumn(entry.getKey(), entry.getValue()))) {\n            entryIterator.remove();\n        }\n    } \n    java.util.List\u003cjava.lang.String\u003e dimensionColumns \u003d org.apache.pinot.segment.local.segment.index.loader.LoaderUtils.getStringListFromSegmentProperties(V1Constants.MetadataKeys.Segment.DIMENSIONS, _segmentProperties);\n    java.util.List\u003cjava.lang.String\u003e metricColumns \u003d org.apache.pinot.segment.local.segment.index.loader.LoaderUtils.getStringListFromSegmentProperties(V1Constants.MetadataKeys.Segment.METRICS, _segmentProperties);\n    java.util.List\u003cjava.lang.String\u003e dateTimeColumns \u003d org.apache.pinot.segment.local.segment.index.loader.LoaderUtils.getStringListFromSegmentProperties(V1Constants.MetadataKeys.Segment.DATETIME_COLUMNS, _segmentProperties);\n    for (java.util.Map.Entry\u003cjava.lang.String, org.apache.pinot.segment.local.segment.index.loader.defaultcolumn.BaseDefaultColumnHandler.DefaultColumnAction\u003e entry : defaultColumnActionMap.entrySet()) {\n        java.lang.String column \u003d entry.getKey();\n        org.apache.pinot.segment.local.segment.index.loader.defaultcolumn.BaseDefaultColumnHandler.DefaultColumnAction action \u003d entry.getValue();\n        switch (action) {\n            case ADD_DIMENSION :\n                dimensionColumns.add(column);\n                break;\n            case ADD_METRIC :\n                metricColumns.add(column);\n                break;\n            case ADD_DATE_TIME :\n                dateTimeColumns.add(column);\n                break;\n            case REMOVE_DIMENSION :\n                dimensionColumns.remove(column);\n                break;\n            case REMOVE_METRIC :\n                metricColumns.remove(column);\n                break;\n            case REMOVE_DATE_TIME :\n                dateTimeColumns.remove(column);\n                break;\n            default :\n                break;\n        }\n    }\n    _segmentProperties.setProperty(V1Constants.MetadataKeys.Segment.DIMENSIONS, dimensionColumns);\n    _segmentProperties.setProperty(V1Constants.MetadataKeys.Segment.METRICS, metricColumns);\n    _segmentProperties.setProperty(V1Constants.MetadataKeys.Segment.DATETIME_COLUMNS, dateTimeColumns);\n    java.io.File metadataFile \u003d _segmentProperties.getFile();\n    java.io.File metadataBackUpFile \u003d new java.io.File((metadataFile + \".bak\"));\n    if (!(metadataBackUpFile.exists())) {\n        org.apache.commons.io.FileUtils.copyFile(metadataFile, metadataBackUpFile);\n    }\n    try (java.io.FileOutputStream fileOutputStream \u003d new java.io.FileOutputStream(_segmentProperties.getFile())) {\n        _segmentProperties.save(fileOutputStream);\n    }\n}",
                "dst_parent": "null"
              },
              "line": 191,
              "file": "/home/khesoem/projects/lighter/exp/pinot-segment-local/src/main/java/org/apache/pinot/segment/local/segment/index/loader/defaultcolumn/BaseDefaultColumnHandler.java",
              "stats": {
                "number_of_src_entities": 21,
                "number_of_dst_entities": -1,
                "src_entity_types": "[org.apache.pinot.segment.local.segment.index.loader.defaultcolumn.BaseDefaultColumnHandler, org.apache.commons.configuration.PropertiesConfiguration, java.io.File]",
                "dst_entity_types": "[]"
              }
            }
          ]
        },
        {
          "tool-name": "JGenProg",
          "pattern-name": "JGenProg:any_statement_shallow",
          "Unified_Diff_of-files:": "Starts Below...",
          "DELETE:": "import org.apache.commons.lang.StringUtils;",
          "CHANGE_old:": "    return StringUtils.join(fields, \",\");",
          "CHANGE_new:": "    return fields;",
          "instance_detail": [
            {
              "pattern_action": "ANY",
              "pattern_entity": {
                "entity_type": "*",
                "entity_new value": "*",
                "entity_role": "Statement",
                "entity_parent": "null"
              },
              "concrete_change": {
                "operator": "DEL",
                "src_type": "LocalVariable",
                "dst_type": "null",
                "src": "java.io.File metadataBackUpFile \u003d new java.io.File((metadataFile + \".bak\"))",
                "dst": "null",
                "src_parent_type": "Block",
                "dst_parent_type": "null",
                "src_parent": "{\n    java.util.Map\u003cjava.lang.String, org.apache.pinot.segment.local.segment.index.loader.defaultcolumn.BaseDefaultColumnHandler.DefaultColumnAction\u003e defaultColumnActionMap \u003d computeDefaultColumnActionMap();\n    if (defaultColumnActionMap.isEmpty()) {\n        return;\n    }\n    java.util.Iterator\u003cjava.util.Map.Entry\u003cjava.lang.String, org.apache.pinot.segment.local.segment.index.loader.defaultcolumn.BaseDefaultColumnHandler.DefaultColumnAction\u003e\u003e entryIterator \u003d defaultColumnActionMap.entrySet().iterator();\n    while (entryIterator.hasNext()) {\n        java.util.Map.Entry\u003cjava.lang.String, org.apache.pinot.segment.local.segment.index.loader.defaultcolumn.BaseDefaultColumnHandler.DefaultColumnAction\u003e entry \u003d entryIterator.next();\n        if (!(updateDefaultColumn(entry.getKey(), entry.getValue()))) {\n            entryIterator.remove();\n        }\n    } \n    java.util.List\u003cjava.lang.String\u003e dimensionColumns \u003d org.apache.pinot.segment.local.segment.index.loader.LoaderUtils.getStringListFromSegmentProperties(V1Constants.MetadataKeys.Segment.DIMENSIONS, _segmentProperties);\n    java.util.List\u003cjava.lang.String\u003e metricColumns \u003d org.apache.pinot.segment.local.segment.index.loader.LoaderUtils.getStringListFromSegmentProperties(V1Constants.MetadataKeys.Segment.METRICS, _segmentProperties);\n    java.util.List\u003cjava.lang.String\u003e dateTimeColumns \u003d org.apache.pinot.segment.local.segment.index.loader.LoaderUtils.getStringListFromSegmentProperties(V1Constants.MetadataKeys.Segment.DATETIME_COLUMNS, _segmentProperties);\n    for (java.util.Map.Entry\u003cjava.lang.String, org.apache.pinot.segment.local.segment.index.loader.defaultcolumn.BaseDefaultColumnHandler.DefaultColumnAction\u003e entry : defaultColumnActionMap.entrySet()) {\n        java.lang.String column \u003d entry.getKey();\n        org.apache.pinot.segment.local.segment.index.loader.defaultcolumn.BaseDefaultColumnHandler.DefaultColumnAction action \u003d entry.getValue();\n        switch (action) {\n            case ADD_DIMENSION :\n                dimensionColumns.add(column);\n                break;\n            case ADD_METRIC :\n                metricColumns.add(column);\n                break;\n            case ADD_DATE_TIME :\n                dateTimeColumns.add(column);\n                break;\n            case REMOVE_DIMENSION :\n                dimensionColumns.remove(column);\n                break;\n            case REMOVE_METRIC :\n                metricColumns.remove(column);\n                break;\n            case REMOVE_DATE_TIME :\n                dateTimeColumns.remove(column);\n                break;\n            default :\n                break;\n        }\n    }\n    _segmentProperties.setProperty(V1Constants.MetadataKeys.Segment.DIMENSIONS, dimensionColumns);\n    _segmentProperties.setProperty(V1Constants.MetadataKeys.Segment.METRICS, metricColumns);\n    _segmentProperties.setProperty(V1Constants.MetadataKeys.Segment.DATETIME_COLUMNS, dateTimeColumns);\n    java.io.File metadataFile \u003d _segmentProperties.getFile();\n    java.io.File metadataBackUpFile \u003d new java.io.File((metadataFile + \".bak\"));\n    if (!(metadataBackUpFile.exists())) {\n        org.apache.commons.io.FileUtils.copyFile(metadataFile, metadataBackUpFile);\n    }\n    try (java.io.FileOutputStream fileOutputStream \u003d new java.io.FileOutputStream(_segmentProperties.getFile())) {\n        _segmentProperties.save(fileOutputStream);\n    }\n}",
                "dst_parent": "null"
              },
              "line": 192,
              "file": "/home/khesoem/projects/lighter/exp/pinot-segment-local/src/main/java/org/apache/pinot/segment/local/segment/index/loader/defaultcolumn/BaseDefaultColumnHandler.java",
              "stats": {
                "number_of_src_entities": 21,
                "number_of_dst_entities": -1,
                "src_entity_types": "[java.lang.String, java.io.File]",
                "dst_entity_types": "[]"
              }
            }
          ]
        },
        {
          "tool-name": "JGenProg",
          "pattern-name": "JGenProg:any_statement_shallow",
          "Unified_Diff_of-files:": "Starts Below...",
          "DELETE:": "import org.apache.commons.lang.StringUtils;",
          "CHANGE_old:": "    return StringUtils.join(fields, \",\");",
          "CHANGE_new:": "    return fields;",
          "instance_detail": [
            {
              "pattern_action": "ANY",
              "pattern_entity": {
                "entity_type": "*",
                "entity_new value": "*",
                "entity_role": "Statement",
                "entity_parent": "null"
              },
              "concrete_change": {
                "operator": "DEL",
                "src_type": "Invocation",
                "dst_type": "null",
                "src": "org.apache.commons.io.FileUtils.copyFile(metadataFile, metadataBackUpFile)",
                "dst": "null",
                "src_parent_type": "Block",
                "dst_parent_type": "null",
                "src_parent": "{\n    org.apache.commons.io.FileUtils.copyFile(metadataFile, metadataBackUpFile);\n}",
                "dst_parent": "null"
              },
              "line": 194,
              "file": "/home/khesoem/projects/lighter/exp/pinot-segment-local/src/main/java/org/apache/pinot/segment/local/segment/index/loader/defaultcolumn/BaseDefaultColumnHandler.java"
            }
          ]
        },
        {
          "tool-name": "JGenProg",
          "pattern-name": "JGenProg:any_statement_shallow",
          "Unified_Diff_of-files:": "Starts Below...",
          "DELETE:": "import org.apache.commons.lang.StringUtils;",
          "CHANGE_old:": "    return StringUtils.join(fields, \",\");",
          "CHANGE_new:": "    return fields;",
          "instance_detail": [
            {
              "pattern_action": "ANY",
              "pattern_entity": {
                "entity_type": "*",
                "entity_new value": "*",
                "entity_role": "Statement",
                "entity_parent": "null"
              },
              "concrete_change": {
                "operator": "DEL",
                "src_type": "If",
                "dst_type": "null",
                "src": "if (!(metadataBackUpFile.exists())) {\n    org.apache.commons.io.FileUtils.copyFile(metadataFile, metadataBackUpFile);\n}",
                "dst": "null",
                "src_parent_type": "Block",
                "dst_parent_type": "null",
                "src_parent": "{\n    java.util.Map\u003cjava.lang.String, org.apache.pinot.segment.local.segment.index.loader.defaultcolumn.BaseDefaultColumnHandler.DefaultColumnAction\u003e defaultColumnActionMap \u003d computeDefaultColumnActionMap();\n    if (defaultColumnActionMap.isEmpty()) {\n        return;\n    }\n    java.util.Iterator\u003cjava.util.Map.Entry\u003cjava.lang.String, org.apache.pinot.segment.local.segment.index.loader.defaultcolumn.BaseDefaultColumnHandler.DefaultColumnAction\u003e\u003e entryIterator \u003d defaultColumnActionMap.entrySet().iterator();\n    while (entryIterator.hasNext()) {\n        java.util.Map.Entry\u003cjava.lang.String, org.apache.pinot.segment.local.segment.index.loader.defaultcolumn.BaseDefaultColumnHandler.DefaultColumnAction\u003e entry \u003d entryIterator.next();\n        if (!(updateDefaultColumn(entry.getKey(), entry.getValue()))) {\n            entryIterator.remove();\n        }\n    } \n    java.util.List\u003cjava.lang.String\u003e dimensionColumns \u003d org.apache.pinot.segment.local.segment.index.loader.LoaderUtils.getStringListFromSegmentProperties(V1Constants.MetadataKeys.Segment.DIMENSIONS, _segmentProperties);\n    java.util.List\u003cjava.lang.String\u003e metricColumns \u003d org.apache.pinot.segment.local.segment.index.loader.LoaderUtils.getStringListFromSegmentProperties(V1Constants.MetadataKeys.Segment.METRICS, _segmentProperties);\n    java.util.List\u003cjava.lang.String\u003e dateTimeColumns \u003d org.apache.pinot.segment.local.segment.index.loader.LoaderUtils.getStringListFromSegmentProperties(V1Constants.MetadataKeys.Segment.DATETIME_COLUMNS, _segmentProperties);\n    for (java.util.Map.Entry\u003cjava.lang.String, org.apache.pinot.segment.local.segment.index.loader.defaultcolumn.BaseDefaultColumnHandler.DefaultColumnAction\u003e entry : defaultColumnActionMap.entrySet()) {\n        java.lang.String column \u003d entry.getKey();\n        org.apache.pinot.segment.local.segment.index.loader.defaultcolumn.BaseDefaultColumnHandler.DefaultColumnAction action \u003d entry.getValue();\n        switch (action) {\n            case ADD_DIMENSION :\n                dimensionColumns.add(column);\n                break;\n            case ADD_METRIC :\n                metricColumns.add(column);\n                break;\n            case ADD_DATE_TIME :\n                dateTimeColumns.add(column);\n                break;\n            case REMOVE_DIMENSION :\n                dimensionColumns.remove(column);\n                break;\n            case REMOVE_METRIC :\n                metricColumns.remove(column);\n                break;\n            case REMOVE_DATE_TIME :\n                dateTimeColumns.remove(column);\n                break;\n            default :\n                break;\n        }\n    }\n    _segmentProperties.setProperty(V1Constants.MetadataKeys.Segment.DIMENSIONS, dimensionColumns);\n    _segmentProperties.setProperty(V1Constants.MetadataKeys.Segment.METRICS, metricColumns);\n    _segmentProperties.setProperty(V1Constants.MetadataKeys.Segment.DATETIME_COLUMNS, dateTimeColumns);\n    java.io.File metadataFile \u003d _segmentProperties.getFile();\n    java.io.File metadataBackUpFile \u003d new java.io.File((metadataFile + \".bak\"));\n    if (!(metadataBackUpFile.exists())) {\n        org.apache.commons.io.FileUtils.copyFile(metadataFile, metadataBackUpFile);\n    }\n    try (java.io.FileOutputStream fileOutputStream \u003d new java.io.FileOutputStream(_segmentProperties.getFile())) {\n        _segmentProperties.save(fileOutputStream);\n    }\n}",
                "dst_parent": "null"
              },
              "line": 193,
              "file": "/home/khesoem/projects/lighter/exp/pinot-segment-local/src/main/java/org/apache/pinot/segment/local/segment/index/loader/defaultcolumn/BaseDefaultColumnHandler.java",
              "stats": {
                "number_of_src_entities": 33,
                "number_of_dst_entities": -1,
                "src_entity_types": "[boolean, org.apache.commons.io.FileUtils, java.io.File]",
                "dst_entity_types": "[]"
              }
            }
          ]
        }
      ]
    }
  ],
  "complete_analysis": true
}