{
  "instances": [
    {
      "revision": "47323de00f23dd73a991122f0d0364eca917028d",
      "repairability": [
        {
          "tool-name": "JGenProg",
          "pattern-name": "JGenProg:any_statement_shallow",
          "Unified_Diff_of-files:": "Starts Below...",
          "INSERT:": "@Singleton",
          "DELETE:": "@Path(\"/yaml\")",
          "instance_detail": [
            {
              "pattern_action": "ANY",
              "pattern_entity": {
                "entity_type": "*",
                "entity_new value": "*",
                "entity_role": "Statement",
                "entity_parent": "null"
              },
              "concrete_change": {
                "operator": "DEL",
                "src_type": "Assignment",
                "dst_type": "null",
                "src": "this.dimensionFiltersCache \u003d org.apache.pinot.thirdeye.dashboard.resources.DashboardResource.CACHE_REGISTRY_INSTANCE.getDimensionFiltersCache()",
                "dst": "null",
                "src_parent_type": "Block",
                "dst_parent_type": "null",
                "src_parent": "{\n    this.queryCache \u003d org.apache.pinot.thirdeye.dashboard.resources.DashboardResource.CACHE_REGISTRY_INSTANCE.getQueryCache();\n    this.datasetMaxDataTimeCache \u003d org.apache.pinot.thirdeye.dashboard.resources.DashboardResource.CACHE_REGISTRY_INSTANCE.getDatasetMaxDataTimeCache();\n    this.dimensionFiltersCache \u003d org.apache.pinot.thirdeye.dashboard.resources.DashboardResource.CACHE_REGISTRY_INSTANCE.getDimensionFiltersCache();\n    this.metricConfigDAO \u003d org.apache.pinot.thirdeye.dashboard.resources.DashboardResource.DAO_REGISTRY.getMetricConfigDAO();\n}",
                "dst_parent": "null"
              },
              "line": 85,
              "file": "/home/khesoem/projects/lighter/exp/thirdeye/thirdeye-pinot/src/main/java/org/apache/pinot/thirdeye/dashboard/resources/DashboardResource.java"
            }
          ]
        },
        {
          "tool-name": "JGenProg",
          "pattern-name": "JGenProg:any_statement_shallow",
          "Unified_Diff_of-files:": "Starts Below...",
          "INSERT:": "@Singleton",
          "DELETE:": "@Path(\"/yaml\")",
          "instance_detail": [
            {
              "pattern_action": "ANY",
              "pattern_entity": {
                "entity_type": "*",
                "entity_new value": "*",
                "entity_role": "Statement",
                "entity_parent": "null"
              },
              "concrete_change": {
                "operator": "DEL",
                "src_type": "Assignment",
                "dst_type": "null",
                "src": "this.metricConfigDAO \u003d org.apache.pinot.thirdeye.dashboard.resources.DashboardResource.DAO_REGISTRY.getMetricConfigDAO()",
                "dst": "null",
                "src_parent_type": "Block",
                "dst_parent_type": "null",
                "src_parent": "{\n    this.queryCache \u003d org.apache.pinot.thirdeye.dashboard.resources.DashboardResource.CACHE_REGISTRY_INSTANCE.getQueryCache();\n    this.datasetMaxDataTimeCache \u003d org.apache.pinot.thirdeye.dashboard.resources.DashboardResource.CACHE_REGISTRY_INSTANCE.getDatasetMaxDataTimeCache();\n    this.dimensionFiltersCache \u003d org.apache.pinot.thirdeye.dashboard.resources.DashboardResource.CACHE_REGISTRY_INSTANCE.getDimensionFiltersCache();\n    this.metricConfigDAO \u003d org.apache.pinot.thirdeye.dashboard.resources.DashboardResource.DAO_REGISTRY.getMetricConfigDAO();\n}",
                "dst_parent": "null"
              },
              "line": 86,
              "file": "/home/khesoem/projects/lighter/exp/thirdeye/thirdeye-pinot/src/main/java/org/apache/pinot/thirdeye/dashboard/resources/DashboardResource.java"
            }
          ]
        }
      ]
    }
  ],
  "complete_analysis": true
}