{
  "instances": [
    {
      "revision": "779c29ce99fcc7457e260be9e4cbb11c2dd5ca59",
      "repairability": [
        {
          "tool-name": "JGenProg",
          "pattern-name": "JGenProg:any_statement_shallow",
          "Unified_Diff_of-files:": "Starts Below...",
          "CHANGE_old:": "      adminPort \u003d Instance.NOT_SET_ADMIN_PORT_VALUE;",
          "CHANGE_new:": "",
          "DELETE:": "    return adminPort;",
          "INSERT:": "  }",
          "instance_detail": [
            {
              "pattern_action": "ANY",
              "pattern_entity": {
                "entity_type": "*",
                "entity_new value": "*",
                "entity_role": "Statement",
                "entity_parent": "null"
              },
              "concrete_change": {
                "operator": "DEL",
                "src_type": "Assignment",
                "dst_type": "null",
                "src": "this.instances \u003d instances",
                "dst": "null",
                "src_parent_type": "Block",
                "dst_parent_type": "null",
                "src_parent": "{\n    this.instances \u003d instances;\n    return this;\n}",
                "dst_parent": "null"
              },
              "line": 74,
              "file": "/home/khesoem/projects/lighter/exp/pinot-controller/src/main/java/org/apache/pinot/controller/api/resources/PinotInstanceRestletResource.java"
            }
          ]
        },
        {
          "tool-name": "JGenProg",
          "pattern-name": "JGenProg:any_statement_shallow",
          "Unified_Diff_of-files:": "Starts Below...",
          "CHANGE_old:": "      adminPort \u003d Instance.NOT_SET_ADMIN_PORT_VALUE;",
          "CHANGE_new:": "",
          "DELETE:": "    return adminPort;",
          "INSERT:": "  }",
          "instance_detail": [
            {
              "pattern_action": "ANY",
              "pattern_entity": {
                "entity_type": "*",
                "entity_new value": "*",
                "entity_role": "Statement",
                "entity_parent": "null"
              },
              "concrete_change": {
                "operator": "DEL",
                "src_type": "Return",
                "dst_type": "null",
                "src": "return this",
                "dst": "null",
                "src_parent_type": "Block",
                "dst_parent_type": "null",
                "src_parent": "{\n    this.instances \u003d instances;\n    return this;\n}",
                "dst_parent": "null"
              },
              "line": 75,
              "file": "/home/khesoem/projects/lighter/exp/pinot-controller/src/main/java/org/apache/pinot/controller/api/resources/PinotInstanceRestletResource.java"
            }
          ]
        },
        {
          "tool-name": "JGenProg",
          "pattern-name": "JGenProg:any_statement_shallow",
          "Unified_Diff_of-files:": "Starts Below...",
          "CHANGE_old:": "      adminPort \u003d Instance.NOT_SET_ADMIN_PORT_VALUE;",
          "CHANGE_new:": "",
          "DELETE:": "    return adminPort;",
          "INSERT:": "  }",
          "instance_detail": [
            {
              "pattern_action": "ANY",
              "pattern_entity": {
                "entity_type": "*",
                "entity_new value": "*",
                "entity_role": "Statement",
                "entity_parent": "null"
              },
              "concrete_change": {
                "operator": "DEL",
                "src_type": "Assignment",
                "dst_type": "null",
                "src": "grpcPort \u003d org.apache.pinot.spi.config.instance.Instance.NOT_SET_GRPC_PORT_VALUE",
                "dst": "null",
                "src_parent_type": "Block",
                "dst_parent_type": "null",
                "src_parent": "{\n    org.apache.pinot.controller.api.resources.PinotInstanceRestletResource.LOGGER.warn(\"Grpc port is not set for instance: {}\", instanceConfig.getInstanceName(), e);\n    grpcPort \u003d org.apache.pinot.spi.config.instance.Instance.NOT_SET_GRPC_PORT_VALUE;\n}",
                "dst_parent": "null"
              },
              "line": 122,
              "file": "/home/khesoem/projects/lighter/exp/pinot-controller/src/main/java/org/apache/pinot/controller/api/resources/PinotInstanceRestletResource.java",
              "stats": {
                "number_of_src_entities": 14,
                "number_of_dst_entities": -1,
                "src_entity_types": "[int, org.apache.pinot.spi.config.instance.Instance]",
                "dst_entity_types": "[]"
              }
            }
          ]
        },
        {
          "tool-name": "JGenProg",
          "pattern-name": "JGenProg:any_statement_shallow",
          "Unified_Diff_of-files:": "Starts Below...",
          "CHANGE_old:": "      adminPort \u003d Instance.NOT_SET_ADMIN_PORT_VALUE;",
          "CHANGE_new:": "",
          "DELETE:": "    return adminPort;",
          "INSERT:": "  }",
          "instance_detail": [
            {
              "pattern_action": "ANY",
              "pattern_entity": {
                "entity_type": "*",
                "entity_new value": "*",
                "entity_role": "Statement",
                "entity_parent": "null"
              },
              "concrete_change": {
                "operator": "DEL",
                "src_type": "Assignment",
                "dst_type": "null",
                "src": "grpcPort \u003d java.lang.Integer.parseInt(instanceConfig.getRecord().getSimpleField(CommonConstants.Helix.Instance.GRPC_PORT_KEY))",
                "dst": "null",
                "src_parent_type": "Block",
                "dst_parent_type": "null",
                "src_parent": "{\n    grpcPort \u003d java.lang.Integer.parseInt(instanceConfig.getRecord().getSimpleField(CommonConstants.Helix.Instance.GRPC_PORT_KEY));\n}",
                "dst_parent": "null"
              },
              "line": 119,
              "file": "/home/khesoem/projects/lighter/exp/pinot-controller/src/main/java/org/apache/pinot/controller/api/resources/PinotInstanceRestletResource.java"
            }
          ]
        },
        {
          "tool-name": "JGenProg",
          "pattern-name": "JGenProg:any_statement_shallow",
          "Unified_Diff_of-files:": "Starts Below...",
          "CHANGE_old:": "      adminPort \u003d Instance.NOT_SET_ADMIN_PORT_VALUE;",
          "CHANGE_new:": "",
          "DELETE:": "    return adminPort;",
          "INSERT:": "  }",
          "instance_detail": [
            {
              "pattern_action": "ANY",
              "pattern_entity": {
                "entity_type": "*",
                "entity_new value": "*",
                "entity_role": "Statement",
                "entity_parent": "null"
              },
              "concrete_change": {
                "operator": "DEL",
                "src_type": "Try",
                "dst_type": "null",
                "src": "try {\n    grpcPort \u003d java.lang.Integer.parseInt(instanceConfig.getRecord().getSimpleField(CommonConstants.Helix.Instance.GRPC_PORT_KEY));\n} catch (java.lang.Exception e) {\n    org.apache.pinot.controller.api.resources.PinotInstanceRestletResource.LOGGER.warn(\"Grpc port is not set for instance: {}\", instanceConfig.getInstanceName(), e);\n    grpcPort \u003d org.apache.pinot.spi.config.instance.Instance.NOT_SET_GRPC_PORT_VALUE;\n}",
                "dst": "null",
                "src_parent_type": "Block",
                "dst_parent_type": "null",
                "src_parent": "{\n    int grpcPort;\n    try {\n        grpcPort \u003d java.lang.Integer.parseInt(instanceConfig.getRecord().getSimpleField(CommonConstants.Helix.Instance.GRPC_PORT_KEY));\n    } catch (java.lang.Exception e) {\n        org.apache.pinot.controller.api.resources.PinotInstanceRestletResource.LOGGER.warn(\"Grpc port is not set for instance: {}\", instanceConfig.getInstanceName(), e);\n        grpcPort \u003d org.apache.pinot.spi.config.instance.Instance.NOT_SET_GRPC_PORT_VALUE;\n    }\n    return grpcPort;\n}",
                "dst_parent": "null"
              },
              "line": 118,
              "file": "/home/khesoem/projects/lighter/exp/pinot-controller/src/main/java/org/apache/pinot/controller/api/resources/PinotInstanceRestletResource.java",
              "stats": {
                "number_of_src_entities": 84,
                "number_of_dst_entities": -1,
                "src_entity_types": "[int, java.lang.Integer, java.lang.Exception, CommonConstants.Helix.Instance.GRPC_PORT_KEY, org.apache.pinot.spi.config.instance.Instance, java.lang.String, org.apache.helix.model.InstanceConfig, org.apache.pinot.controller.api.resources.PinotInstanceRestletResource, org.slf4j.Logger]",
                "dst_entity_types": "[]"
              }
            }
          ]
        },
        {
          "tool-name": "JGenProg",
          "pattern-name": "JGenProg:any_statement_shallow",
          "Unified_Diff_of-files:": "Starts Below...",
          "CHANGE_old:": "      adminPort \u003d Instance.NOT_SET_ADMIN_PORT_VALUE;",
          "CHANGE_new:": "",
          "DELETE:": "    return adminPort;",
          "INSERT:": "  }",
          "instance_detail": [
            {
              "pattern_action": "ANY",
              "pattern_entity": {
                "entity_type": "*",
                "entity_new value": "*",
                "entity_role": "Statement",
                "entity_parent": "null"
              },
              "concrete_change": {
                "operator": "DEL",
                "src_type": "Assignment",
                "dst_type": "null",
                "src": "adminPort \u003d org.apache.pinot.spi.config.instance.Instance.NOT_SET_ADMIN_PORT_VALUE",
                "dst": "null",
                "src_parent_type": "Block",
                "dst_parent_type": "null",
                "src_parent": "{\n    org.apache.pinot.controller.api.resources.PinotInstanceRestletResource.LOGGER.warn(\"Admin port is not set for instance: {}\", instanceConfig.getInstanceName(), e);\n    adminPort \u003d org.apache.pinot.spi.config.instance.Instance.NOT_SET_ADMIN_PORT_VALUE;\n}",
                "dst_parent": "null"
              },
              "line": 133,
              "file": "/home/khesoem/projects/lighter/exp/pinot-controller/src/main/java/org/apache/pinot/controller/api/resources/PinotInstanceRestletResource.java",
              "stats": {
                "number_of_src_entities": 14,
                "number_of_dst_entities": -1,
                "src_entity_types": "[int, org.apache.pinot.spi.config.instance.Instance]",
                "dst_entity_types": "[]"
              }
            }
          ]
        },
        {
          "tool-name": "JGenProg",
          "pattern-name": "JGenProg:any_statement_shallow",
          "Unified_Diff_of-files:": "Starts Below...",
          "CHANGE_old:": "      adminPort \u003d Instance.NOT_SET_ADMIN_PORT_VALUE;",
          "CHANGE_new:": "",
          "DELETE:": "    return adminPort;",
          "INSERT:": "  }",
          "instance_detail": [
            {
              "pattern_action": "ANY",
              "pattern_entity": {
                "entity_type": "*",
                "entity_new value": "*",
                "entity_role": "Statement",
                "entity_parent": "null"
              },
              "concrete_change": {
                "operator": "DEL",
                "src_type": "Assignment",
                "dst_type": "null",
                "src": "adminPort \u003d java.lang.Integer.parseInt(instanceConfig.getRecord().getSimpleField(CommonConstants.Helix.Instance.ADMIN_PORT_KEY))",
                "dst": "null",
                "src_parent_type": "Block",
                "dst_parent_type": "null",
                "src_parent": "{\n    adminPort \u003d java.lang.Integer.parseInt(instanceConfig.getRecord().getSimpleField(CommonConstants.Helix.Instance.ADMIN_PORT_KEY));\n}",
                "dst_parent": "null"
              },
              "line": 130,
              "file": "/home/khesoem/projects/lighter/exp/pinot-controller/src/main/java/org/apache/pinot/controller/api/resources/PinotInstanceRestletResource.java"
            }
          ]
        },
        {
          "tool-name": "JGenProg",
          "pattern-name": "JGenProg:any_statement_shallow",
          "Unified_Diff_of-files:": "Starts Below...",
          "CHANGE_old:": "      adminPort \u003d Instance.NOT_SET_ADMIN_PORT_VALUE;",
          "CHANGE_new:": "",
          "DELETE:": "    return adminPort;",
          "INSERT:": "  }",
          "instance_detail": [
            {
              "pattern_action": "ANY",
              "pattern_entity": {
                "entity_type": "*",
                "entity_new value": "*",
                "entity_role": "Statement",
                "entity_parent": "null"
              },
              "concrete_change": {
                "operator": "DEL",
                "src_type": "Try",
                "dst_type": "null",
                "src": "try {\n    adminPort \u003d java.lang.Integer.parseInt(instanceConfig.getRecord().getSimpleField(CommonConstants.Helix.Instance.ADMIN_PORT_KEY));\n} catch (java.lang.Exception e) {\n    org.apache.pinot.controller.api.resources.PinotInstanceRestletResource.LOGGER.warn(\"Admin port is not set for instance: {}\", instanceConfig.getInstanceName(), e);\n    adminPort \u003d org.apache.pinot.spi.config.instance.Instance.NOT_SET_ADMIN_PORT_VALUE;\n}",
                "dst": "null",
                "src_parent_type": "Block",
                "dst_parent_type": "null",
                "src_parent": "{\n    int adminPort;\n    try {\n        adminPort \u003d java.lang.Integer.parseInt(instanceConfig.getRecord().getSimpleField(CommonConstants.Helix.Instance.ADMIN_PORT_KEY));\n    } catch (java.lang.Exception e) {\n        org.apache.pinot.controller.api.resources.PinotInstanceRestletResource.LOGGER.warn(\"Admin port is not set for instance: {}\", instanceConfig.getInstanceName(), e);\n        adminPort \u003d org.apache.pinot.spi.config.instance.Instance.NOT_SET_ADMIN_PORT_VALUE;\n    }\n    return adminPort;\n}",
                "dst_parent": "null"
              },
              "line": 129,
              "file": "/home/khesoem/projects/lighter/exp/pinot-controller/src/main/java/org/apache/pinot/controller/api/resources/PinotInstanceRestletResource.java",
              "stats": {
                "number_of_src_entities": 84,
                "number_of_dst_entities": -1,
                "src_entity_types": "[int, java.lang.Integer, java.lang.Exception, org.apache.pinot.spi.config.instance.Instance, java.lang.String, org.apache.helix.model.InstanceConfig, org.apache.pinot.controller.api.resources.PinotInstanceRestletResource, org.slf4j.Logger, CommonConstants.Helix.Instance.ADMIN_PORT_KEY]",
                "dst_entity_types": "[]"
              }
            }
          ]
        }
      ]
    }
  ],
  "complete_analysis": true
}