{
  "instances": [
    {
      "revision": "2ea01854866482fe8206a55dec4f2f1b2a648874",
      "repairability": [
        {
          "tool-name": "JGenProg",
          "pattern-name": "JGenProg:any_statement_shallow",
          "Unified_Diff_of-files:": "Starts Below...",
          "INSERT:": "",
          "DELETE:": "",
          "CHANGE_old:": "    scheduleTasks(tableNamesWithType);",
          "CHANGE_new:": "    scheduleTasks(tableNamesWithType, true);",
          "instance_detail": [
            {
              "pattern_action": "ANY",
              "pattern_entity": {
                "entity_type": "*",
                "entity_new value": "*",
                "entity_role": "Statement",
                "entity_parent": "null"
              },
              "concrete_change": {
                "operator": "DEL",
                "src_type": "Return",
                "dst_type": "null",
                "src": "return org.apache.pinot.common.utils.StringUtil.join(\"/\", _baseUrl, \"tasks/schedule\")",
                "dst": "null",
                "src_parent_type": "Block",
                "dst_parent_type": "null",
                "src_parent": "{\n    return org.apache.pinot.common.utils.StringUtil.join(\"/\", _baseUrl, \"tasks/schedule\");\n}",
                "dst_parent": "null"
              },
              "line": 41,
              "file": "/home/khesoem/projects/lighter/exp/pinot-common/src/main/java/org/apache/pinot/common/minion/MinionRequestURLBuilder.java",
              "stats": {
                "number_of_src_entities": 34,
                "number_of_dst_entities": -1,
                "src_entity_types": "[java.lang.String, org.apache.pinot.common.minion.MinionRequestURLBuilder, org.apache.pinot.common.utils.StringUtil]",
                "dst_entity_types": "[]"
              }
            }
          ]
        }
      ]
    },
    {
      "revision": "2ea01854866482fe8206a55dec4f2f1b2a648874",
      "repairability": [
        {
          "tool-name": "JGenProg",
          "pattern-name": "JGenProg:any_statement_shallow",
          "Unified_Diff_of-files:": "Starts Below...",
          "INSERT:": "",
          "DELETE:": "",
          "CHANGE_old:": "    scheduleTasks(tableNamesWithType);",
          "CHANGE_new:": "    scheduleTasks(tableNamesWithType, true);",
          "instance_detail": [
            {
              "pattern_action": "ANY",
              "pattern_entity": {
                "entity_type": "*",
                "entity_new value": "*",
                "entity_role": "Statement",
                "entity_parent": "null"
              },
              "concrete_change": {
                "operator": "DEL",
                "src_type": "Return",
                "dst_type": "null",
                "src": "return _pinotTaskManager.scheduleTasks()",
                "dst": "null",
                "src_parent_type": "Block",
                "dst_parent_type": "null",
                "src_parent": "{\n    return _pinotTaskManager.scheduleTasks();\n}",
                "dst_parent": "null"
              },
              "line": 173,
              "file": "/home/khesoem/projects/lighter/exp/pinot-controller/src/main/java/org/apache/pinot/controller/api/resources/PinotTaskRestletResource.java",
              "stats": {
                "number_of_src_entities": 23,
                "number_of_dst_entities": -1,
                "src_entity_types": "[org.apache.pinot.controller.helix.core.minion.PinotTaskManager, org.apache.pinot.controller.api.resources.PinotTaskRestletResource]",
                "dst_entity_types": "[]"
              }
            }
          ]
        }
      ]
    }
  ],
  "complete_analysis": true
}