{
  "instances": [
    {
      "revision": "8283d396ec8557d096e8d208a6ae58a2c39d1617",
      "repairability": [
        {
          "tool-name": "JGenProg",
          "pattern-name": "JGenProg:any_statement_shallow",
          "Unified_Diff_of-files:": "Starts Below...",
          "CHANGE_old:": "",
          "CHANGE_new:": "        .updateSegmentMetadata(offlineSegmentZKMetadata, segmentMetadata, CommonConstants.Segment.SegmentType.OFFLINE);",
          "DELETE:": "",
          "instance_detail": [
            {
              "pattern_action": "ANY",
              "pattern_entity": {
                "entity_type": "*",
                "entity_new value": "*",
                "entity_role": "Statement",
                "entity_parent": "null"
              },
              "concrete_change": {
                "operator": "INS",
                "src_type": "LocalVariable",
                "dst_type": "null",
                "src": "org.apache.helix.model.InstanceConfig instanceConfig \u003d getHelixInstanceConfig(instanceIdToUpdate)",
                "dst": "null",
                "src_parent_type": "Block",
                "dst_parent_type": "null",
                "src_parent": "{\n    org.apache.helix.model.InstanceConfig instanceConfig \u003d getHelixInstanceConfig(instanceIdToUpdate);\n    if (instanceConfig \u003d\u003d null) {\n        return org.apache.pinot.controller.helix.core.PinotResourceManagerResponse.failure(((\"Instance \" + instanceIdToUpdate) + \" does not exists\"));\n    } else {\n        org.apache.pinot.common.utils.config.InstanceUtils.updateHelixInstanceConfig(instanceConfig, newInstance);\n        if (!(_helixDataAccessor.setProperty(_keyBuilder.instanceConfig(instanceIdToUpdate), instanceConfig))) {\n            return org.apache.pinot.controller.helix.core.PinotResourceManagerResponse.failure((\"Unable to update instance: \" + instanceIdToUpdate));\n        }\n        return PinotResourceManagerResponse.SUCCESS;\n    }\n}",
                "dst_parent": "null"
              },
              "line": 435,
              "file": "/home/khesoem/projects/lighter/exp/pinot-controller/src/main/java/org/apache/pinot/controller/helix/core/PinotHelixResourceManager.java",
              "stats": {
                "number_of_src_entities": 21,
                "number_of_dst_entities": -1,
                "src_entity_types": "[org.apache.pinot.controller.helix.core.PinotHelixResourceManager, java.lang.String, org.apache.helix.model.InstanceConfig]",
                "dst_entity_types": "[]"
              }
            }
          ]
        },
        {
          "tool-name": "JGenProg",
          "pattern-name": "JGenProg:any_statement_shallow",
          "Unified_Diff_of-files:": "Starts Below...",
          "CHANGE_old:": "",
          "CHANGE_new:": "        .updateSegmentMetadata(offlineSegmentZKMetadata, segmentMetadata, CommonConstants.Segment.SegmentType.OFFLINE);",
          "DELETE:": "",
          "instance_detail": [
            {
              "pattern_action": "ANY",
              "pattern_entity": {
                "entity_type": "*",
                "entity_new value": "*",
                "entity_role": "Statement",
                "entity_parent": "null"
              },
              "concrete_change": {
                "operator": "DEL",
                "src_type": "LocalVariable",
                "dst_type": "null",
                "src": "org.apache.helix.model.InstanceConfig newConfig \u003d org.apache.pinot.common.utils.config.InstanceUtils.toHelixInstanceConfig(newInstance)",
                "dst": "null",
                "src_parent_type": "Block",
                "dst_parent_type": "null",
                "src_parent": "{\n    org.apache.helix.model.InstanceConfig newConfig \u003d org.apache.pinot.common.utils.config.InstanceUtils.toHelixInstanceConfig(newInstance);\n    if (!(_helixDataAccessor.setProperty(_keyBuilder.instanceConfig(instanceIdToUpdate), newConfig))) {\n        return org.apache.pinot.controller.helix.core.PinotResourceManagerResponse.failure((\"Unable to update instance: \" + instanceIdToUpdate));\n    }\n    return PinotResourceManagerResponse.SUCCESS;\n}",
                "dst_parent": "null"
              },
              "line": 438,
              "file": "/home/khesoem/projects/lighter/exp/pinot-controller/src/main/java/org/apache/pinot/controller/helix/core/PinotHelixResourceManager.java",
              "stats": {
                "number_of_src_entities": 18,
                "number_of_dst_entities": -1,
                "src_entity_types": "[org.apache.pinot.common.utils.config.InstanceUtils, org.apache.pinot.spi.config.instance.Instance, org.apache.helix.model.InstanceConfig]",
                "dst_entity_types": "[]"
              }
            }
          ]
        },
        {
          "tool-name": "JGenProg",
          "pattern-name": "JGenProg:any_statement_deep",
          "Unified_Diff_of-files:": "Starts Below...",
          "CHANGE_old:": "",
          "CHANGE_new:": "        .updateSegmentMetadata(offlineSegmentZKMetadata, segmentMetadata, CommonConstants.Segment.SegmentType.OFFLINE);",
          "DELETE:": "",
          "instance_detail": [
            {
              "pattern_action": "ANY",
              "pattern_entity": {
                "entity_type": "*",
                "entity_new value": "*",
                "entity_role": "*",
                "entity_parent": {
                  "entity_type": "*",
                  "entity_new value": "*",
                  "entity_role": "Statement",
                  "entity_parent": "null"
                }
              },
              "concrete_change": {
                "operator": "UPD",
                "src_type": "VariableRead",
                "dst_type": "VariableRead",
                "src": "newConfig",
                "dst": "instanceConfig",
                "src_parent_type": "Invocation",
                "dst_parent_type": "Invocation",
                "src_parent": "(_helixDataAccessor.setProperty(_keyBuilder.instanceConfig(instanceIdToUpdate), newConfig))",
                "dst_parent": "(_helixDataAccessor.setProperty(_keyBuilder.instanceConfig(instanceIdToUpdate), instanceConfig))"
              },
              "line": 439,
              "file": "/home/khesoem/projects/lighter/exp/pinot-controller/src/main/java/org/apache/pinot/controller/helix/core/PinotHelixResourceManager.java",
              "stats": {
                "number_of_src_entities": 4,
                "number_of_dst_entities": 4,
                "src_entity_types": "[org.apache.helix.model.InstanceConfig]",
                "dst_entity_types": "[org.apache.helix.model.InstanceConfig]"
              }
            }
          ]
        }
      ]
    },
    {
      "revision": "8283d396ec8557d096e8d208a6ae58a2c39d1617",
      "repairability": [
        {
          "tool-name": "JGenProg",
          "pattern-name": "JGenProg:any_statement_shallow",
          "Unified_Diff_of-files:": "Starts Below...",
          "CHANGE_old:": "",
          "CHANGE_new:": "        .updateSegmentMetadata(offlineSegmentZKMetadata, segmentMetadata, CommonConstants.Segment.SegmentType.OFFLINE);",
          "DELETE:": "",
          "instance_detail": [
            {
              "pattern_action": "ANY",
              "pattern_entity": {
                "entity_type": "*",
                "entity_new value": "*",
                "entity_role": "Statement",
                "entity_parent": "null"
              },
              "concrete_change": {
                "operator": "DEL",
                "src_type": "Invocation",
                "dst_type": "null",
                "src": "instanceConfig.addTag(tag)",
                "dst": "null",
                "src_parent_type": "Block",
                "dst_parent_type": "null",
                "src_parent": "{\n    instanceConfig.addTag(tag);\n}",
                "dst_parent": "null"
              },
              "line": 68,
              "file": "/home/khesoem/projects/lighter/exp/pinot-common/src/main/java/org/apache/pinot/common/utils/config/InstanceUtils.java"
            }
          ]
        },
        {
          "tool-name": "JGenProg",
          "pattern-name": "JGenProg:any_statement_shallow",
          "Unified_Diff_of-files:": "Starts Below...",
          "CHANGE_old:": "",
          "CHANGE_new:": "        .updateSegmentMetadata(offlineSegmentZKMetadata, segmentMetadata, CommonConstants.Segment.SegmentType.OFFLINE);",
          "DELETE:": "",
          "instance_detail": [
            {
              "pattern_action": "ANY",
              "pattern_entity": {
                "entity_type": "*",
                "entity_new value": "*",
                "entity_role": "Statement",
                "entity_parent": "null"
              },
              "concrete_change": {
                "operator": "DEL",
                "src_type": "ForEach",
                "dst_type": "null",
                "src": "for (java.lang.String tag : tags) {\n    instanceConfig.addTag(tag);\n}",
                "dst": "null",
                "src_parent_type": "Block",
                "dst_parent_type": "null",
                "src_parent": "{\n    for (java.lang.String tag : tags) {\n        instanceConfig.addTag(tag);\n    }\n}",
                "dst_parent": "null"
              },
              "line": 67,
              "file": "/home/khesoem/projects/lighter/exp/pinot-common/src/main/java/org/apache/pinot/common/utils/config/InstanceUtils.java"
            }
          ]
        },
        {
          "tool-name": "JGenProg",
          "pattern-name": "JGenProg:any_statement_shallow",
          "Unified_Diff_of-files:": "Starts Below...",
          "CHANGE_old:": "",
          "CHANGE_new:": "        .updateSegmentMetadata(offlineSegmentZKMetadata, segmentMetadata, CommonConstants.Segment.SegmentType.OFFLINE);",
          "DELETE:": "",
          "instance_detail": [
            {
              "pattern_action": "ANY",
              "pattern_entity": {
                "entity_type": "*",
                "entity_new value": "*",
                "entity_role": "Statement",
                "entity_parent": "null"
              },
              "concrete_change": {
                "operator": "DEL",
                "src_type": "If",
                "dst_type": "null",
                "src": "if (tags !\u003d null) {\n    for (java.lang.String tag : tags) {\n        instanceConfig.addTag(tag);\n    }\n}",
                "dst": "null",
                "src_parent_type": "Block",
                "dst_parent_type": "null",
                "src_parent": "{\n    org.apache.helix.model.InstanceConfig instanceConfig \u003d org.apache.helix.model.InstanceConfig.toInstanceConfig(org.apache.pinot.common.utils.config.InstanceUtils.getHelixInstanceId(instance));\n    java.util.List\u003cjava.lang.String\u003e tags \u003d instance.getTags();\n    if (tags !\u003d null) {\n        for (java.lang.String tag : tags) {\n            instanceConfig.addTag(tag);\n        }\n    }\n    java.util.Map\u003cjava.lang.String, java.lang.Integer\u003e pools \u003d instance.getPools();\n    if ((pools !\u003d null) \u0026\u0026 (!(pools.isEmpty()))) {\n        java.util.Map\u003cjava.lang.String, java.lang.String\u003e mapValue \u003d new java.util.TreeMap\u003c\u003e();\n        for (java.util.Map.Entry\u003cjava.lang.String, java.lang.Integer\u003e entry : pools.entrySet()) {\n            mapValue.put(entry.getKey(), entry.getValue().toString());\n        }\n        instanceConfig.getRecord().setMapField(org.apache.pinot.common.utils.config.InstanceUtils.POOL_KEY, mapValue);\n    }\n    instanceConfig.getRecord().setSimpleField(CommonConstants.Helix.Instance.GRPC_PORT_KEY, java.lang.Integer.toString(instance.getGrpcPort()));\n    instanceConfig.getRecord().setSimpleField(CommonConstants.Helix.Instance.ADMIN_PORT_KEY, java.lang.Integer.toString(instance.getAdminPort()));\n    if (instance.isQueriesDisabled()) {\n        instanceConfig.getRecord().setBooleanField(Helix.QUERIES_DISABLED, true);\n    }\n    return instanceConfig;\n}",
                "dst_parent": "null"
              },
              "line": 66,
              "file": "/home/khesoem/projects/lighter/exp/pinot-common/src/main/java/org/apache/pinot/common/utils/config/InstanceUtils.java"
            }
          ]
        },
        {
          "tool-name": "JGenProg",
          "pattern-name": "JGenProg:any_statement_shallow",
          "Unified_Diff_of-files:": "Starts Below...",
          "CHANGE_old:": "",
          "CHANGE_new:": "        .updateSegmentMetadata(offlineSegmentZKMetadata, segmentMetadata, CommonConstants.Segment.SegmentType.OFFLINE);",
          "DELETE:": "",
          "instance_detail": [
            {
              "pattern_action": "ANY",
              "pattern_entity": {
                "entity_type": "*",
                "entity_new value": "*",
                "entity_role": "Statement",
                "entity_parent": "null"
              },
              "concrete_change": {
                "operator": "DEL",
                "src_type": "Invocation",
                "dst_type": "null",
                "src": "instanceConfig.getRecord().setSimpleField(CommonConstants.Helix.Instance.GRPC_PORT_KEY, java.lang.Integer.toString(instance.getGrpcPort()))",
                "dst": "null",
                "src_parent_type": "Block",
                "dst_parent_type": "null",
                "src_parent": "{\n    org.apache.helix.model.InstanceConfig instanceConfig \u003d org.apache.helix.model.InstanceConfig.toInstanceConfig(org.apache.pinot.common.utils.config.InstanceUtils.getHelixInstanceId(instance));\n    java.util.List\u003cjava.lang.String\u003e tags \u003d instance.getTags();\n    if (tags !\u003d null) {\n        for (java.lang.String tag : tags) {\n            instanceConfig.addTag(tag);\n        }\n    }\n    java.util.Map\u003cjava.lang.String, java.lang.Integer\u003e pools \u003d instance.getPools();\n    if ((pools !\u003d null) \u0026\u0026 (!(pools.isEmpty()))) {\n        java.util.Map\u003cjava.lang.String, java.lang.String\u003e mapValue \u003d new java.util.TreeMap\u003c\u003e();\n        for (java.util.Map.Entry\u003cjava.lang.String, java.lang.Integer\u003e entry : pools.entrySet()) {\n            mapValue.put(entry.getKey(), entry.getValue().toString());\n        }\n        instanceConfig.getRecord().setMapField(org.apache.pinot.common.utils.config.InstanceUtils.POOL_KEY, mapValue);\n    }\n    instanceConfig.getRecord().setSimpleField(CommonConstants.Helix.Instance.GRPC_PORT_KEY, java.lang.Integer.toString(instance.getGrpcPort()));\n    instanceConfig.getRecord().setSimpleField(CommonConstants.Helix.Instance.ADMIN_PORT_KEY, java.lang.Integer.toString(instance.getAdminPort()));\n    if (instance.isQueriesDisabled()) {\n        instanceConfig.getRecord().setBooleanField(Helix.QUERIES_DISABLED, true);\n    }\n    return instanceConfig;\n}",
                "dst_parent": "null"
              },
              "line": 79,
              "file": "/home/khesoem/projects/lighter/exp/pinot-common/src/main/java/org/apache/pinot/common/utils/config/InstanceUtils.java"
            }
          ]
        },
        {
          "tool-name": "JGenProg",
          "pattern-name": "JGenProg:any_statement_shallow",
          "Unified_Diff_of-files:": "Starts Below...",
          "CHANGE_old:": "",
          "CHANGE_new:": "        .updateSegmentMetadata(offlineSegmentZKMetadata, segmentMetadata, CommonConstants.Segment.SegmentType.OFFLINE);",
          "DELETE:": "",
          "instance_detail": [
            {
              "pattern_action": "ANY",
              "pattern_entity": {
                "entity_type": "*",
                "entity_new value": "*",
                "entity_role": "Statement",
                "entity_parent": "null"
              },
              "concrete_change": {
                "operator": "DEL",
                "src_type": "Invocation",
                "dst_type": "null",
                "src": "instanceConfig.getRecord().setSimpleField(CommonConstants.Helix.Instance.ADMIN_PORT_KEY, java.lang.Integer.toString(instance.getAdminPort()))",
                "dst": "null",
                "src_parent_type": "Block",
                "dst_parent_type": "null",
                "src_parent": "{\n    org.apache.helix.model.InstanceConfig instanceConfig \u003d org.apache.helix.model.InstanceConfig.toInstanceConfig(org.apache.pinot.common.utils.config.InstanceUtils.getHelixInstanceId(instance));\n    java.util.List\u003cjava.lang.String\u003e tags \u003d instance.getTags();\n    if (tags !\u003d null) {\n        for (java.lang.String tag : tags) {\n            instanceConfig.addTag(tag);\n        }\n    }\n    java.util.Map\u003cjava.lang.String, java.lang.Integer\u003e pools \u003d instance.getPools();\n    if ((pools !\u003d null) \u0026\u0026 (!(pools.isEmpty()))) {\n        java.util.Map\u003cjava.lang.String, java.lang.String\u003e mapValue \u003d new java.util.TreeMap\u003c\u003e();\n        for (java.util.Map.Entry\u003cjava.lang.String, java.lang.Integer\u003e entry : pools.entrySet()) {\n            mapValue.put(entry.getKey(), entry.getValue().toString());\n        }\n        instanceConfig.getRecord().setMapField(org.apache.pinot.common.utils.config.InstanceUtils.POOL_KEY, mapValue);\n    }\n    instanceConfig.getRecord().setSimpleField(CommonConstants.Helix.Instance.GRPC_PORT_KEY, java.lang.Integer.toString(instance.getGrpcPort()));\n    instanceConfig.getRecord().setSimpleField(CommonConstants.Helix.Instance.ADMIN_PORT_KEY, java.lang.Integer.toString(instance.getAdminPort()));\n    if (instance.isQueriesDisabled()) {\n        instanceConfig.getRecord().setBooleanField(Helix.QUERIES_DISABLED, true);\n    }\n    return instanceConfig;\n}",
                "dst_parent": "null"
              },
              "line": 80,
              "file": "/home/khesoem/projects/lighter/exp/pinot-common/src/main/java/org/apache/pinot/common/utils/config/InstanceUtils.java"
            }
          ]
        }
      ]
    }
  ],
  "complete_analysis": true
}