{
  "instances": [
    {
      "revision": "4fe7153eee33b2bb66a69a9b5e58fe3ecc832830",
      "repairability": [
        {
          "tool-name": "JGenProg",
          "pattern-name": "JGenProg:any_statement_shallow",
          "Unified_Diff_of-files:": "Starts Below...",
          "DELETE:": "    method.setAccessible(true);",
          "CHANGE_old:": "",
          "CHANGE_new:": "        addURL(url);",
          "instance_detail": [
            {
              "pattern_action": "ANY",
              "pattern_entity": {
                "entity_type": "*",
                "entity_new value": "*",
                "entity_role": "Statement",
                "entity_parent": "null"
              },
              "concrete_change": {
                "operator": "DEL",
                "src_type": "LocalVariable",
                "dst_type": "null",
                "src": "java.lang.reflect.Method method \u003d null",
                "dst": "null",
                "src_parent_type": "Block",
                "dst_parent_type": "null",
                "src_parent": "{\n    super(urls, parent);\n    classLoader \u003d org.apache.pinot.spi.plugin.PluginClassLoader.class.getClassLoader();\n    java.lang.reflect.Method method \u003d null;\n    try {\n        method \u003d java.net.URLClassLoader.class.getDeclaredMethod(\"addURL\", java.net.URL.class);\n    } catch (java.lang.NoSuchMethodException e) {\n        org.apache.commons.lang3.exception.ExceptionUtils.rethrow(e);\n    }\n    method.setAccessible(true);\n    for (java.net.URL url : urls) {\n        try {\n            method.invoke(classLoader, url);\n        } catch (java.lang.Exception e) {\n            org.apache.commons.lang3.exception.ExceptionUtils.rethrow(e);\n        }\n    }\n}",
                "dst_parent": "null"
              },
              "line": 39,
              "file": "/home/khesoem/projects/lighter/exp/pinot-spi/src/main/java/org/apache/pinot/spi/plugin/PluginClassLoader.java",
              "stats": {
                "number_of_src_entities": 5,
                "number_of_dst_entities": -1,
                "src_entity_types": "[java.lang.reflect.Method, \u003cnulltype\u003e]",
                "dst_entity_types": "[]"
              }
            }
          ]
        },
        {
          "tool-name": "JGenProg",
          "pattern-name": "JGenProg:any_statement_shallow",
          "Unified_Diff_of-files:": "Starts Below...",
          "DELETE:": "    method.setAccessible(true);",
          "CHANGE_old:": "",
          "CHANGE_new:": "        addURL(url);",
          "instance_detail": [
            {
              "pattern_action": "ANY",
              "pattern_entity": {
                "entity_type": "*",
                "entity_new value": "*",
                "entity_role": "Statement",
                "entity_parent": "null"
              },
              "concrete_change": {
                "operator": "DEL",
                "src_type": "Assignment",
                "dst_type": "null",
                "src": "method \u003d java.net.URLClassLoader.class.getDeclaredMethod(\"addURL\", java.net.URL.class)",
                "dst": "null",
                "src_parent_type": "Block",
                "dst_parent_type": "null",
                "src_parent": "{\n    method \u003d java.net.URLClassLoader.class.getDeclaredMethod(\"addURL\", java.net.URL.class);\n}",
                "dst_parent": "null"
              },
              "line": 41,
              "file": "/home/khesoem/projects/lighter/exp/pinot-spi/src/main/java/org/apache/pinot/spi/plugin/PluginClassLoader.java"
            }
          ]
        },
        {
          "tool-name": "JGenProg",
          "pattern-name": "JGenProg:any_statement_shallow",
          "Unified_Diff_of-files:": "Starts Below...",
          "DELETE:": "    method.setAccessible(true);",
          "CHANGE_old:": "",
          "CHANGE_new:": "        addURL(url);",
          "instance_detail": [
            {
              "pattern_action": "ANY",
              "pattern_entity": {
                "entity_type": "*",
                "entity_new value": "*",
                "entity_role": "Statement",
                "entity_parent": "null"
              },
              "concrete_change": {
                "operator": "DEL",
                "src_type": "Invocation",
                "dst_type": "null",
                "src": "org.apache.commons.lang3.exception.ExceptionUtils.rethrow(e)",
                "dst": "null",
                "src_parent_type": "Block",
                "dst_parent_type": "null",
                "src_parent": "{\n    org.apache.commons.lang3.exception.ExceptionUtils.rethrow(e);\n}",
                "dst_parent": "null"
              },
              "line": 45,
              "file": "/home/khesoem/projects/lighter/exp/pinot-spi/src/main/java/org/apache/pinot/spi/plugin/PluginClassLoader.java"
            }
          ]
        },
        {
          "tool-name": "JGenProg",
          "pattern-name": "JGenProg:any_statement_shallow",
          "Unified_Diff_of-files:": "Starts Below...",
          "DELETE:": "    method.setAccessible(true);",
          "CHANGE_old:": "",
          "CHANGE_new:": "        addURL(url);",
          "instance_detail": [
            {
              "pattern_action": "ANY",
              "pattern_entity": {
                "entity_type": "*",
                "entity_new value": "*",
                "entity_role": "Statement",
                "entity_parent": "null"
              },
              "concrete_change": {
                "operator": "DEL",
                "src_type": "Try",
                "dst_type": "null",
                "src": "try {\n    method \u003d java.net.URLClassLoader.class.getDeclaredMethod(\"addURL\", java.net.URL.class);\n} catch (java.lang.NoSuchMethodException e) {\n    org.apache.commons.lang3.exception.ExceptionUtils.rethrow(e);\n}",
                "dst": "null",
                "src_parent_type": "Block",
                "dst_parent_type": "null",
                "src_parent": "{\n    super(urls, parent);\n    classLoader \u003d org.apache.pinot.spi.plugin.PluginClassLoader.class.getClassLoader();\n    java.lang.reflect.Method method \u003d null;\n    try {\n        method \u003d java.net.URLClassLoader.class.getDeclaredMethod(\"addURL\", java.net.URL.class);\n    } catch (java.lang.NoSuchMethodException e) {\n        org.apache.commons.lang3.exception.ExceptionUtils.rethrow(e);\n    }\n    method.setAccessible(true);\n    for (java.net.URL url : urls) {\n        try {\n            method.invoke(classLoader, url);\n        } catch (java.lang.Exception e) {\n            org.apache.commons.lang3.exception.ExceptionUtils.rethrow(e);\n        }\n    }\n}",
                "dst_parent": "null"
              },
              "line": 40,
              "file": "/home/khesoem/projects/lighter/exp/pinot-spi/src/main/java/org/apache/pinot/spi/plugin/PluginClassLoader.java",
              "stats": {
                "number_of_src_entities": 64,
                "number_of_dst_entities": -1,
                "src_entity_types": "[java.net.URL, java.net.URLClassLoader, java.lang.reflect.Method, java.lang.String, org.apache.commons.lang3.exception.ExceptionUtils, java.lang.Class, java.lang.NoSuchMethodException]",
                "dst_entity_types": "[]"
              }
            }
          ]
        },
        {
          "tool-name": "JGenProg",
          "pattern-name": "JGenProg:any_statement_shallow",
          "Unified_Diff_of-files:": "Starts Below...",
          "DELETE:": "    method.setAccessible(true);",
          "CHANGE_old:": "",
          "CHANGE_new:": "        addURL(url);",
          "instance_detail": [
            {
              "pattern_action": "ANY",
              "pattern_entity": {
                "entity_type": "*",
                "entity_new value": "*",
                "entity_role": "Statement",
                "entity_parent": "null"
              },
              "concrete_change": {
                "operator": "DEL",
                "src_type": "Invocation",
                "dst_type": "null",
                "src": "method.setAccessible(true)",
                "dst": "null",
                "src_parent_type": "Block",
                "dst_parent_type": "null",
                "src_parent": "{\n    super(urls, parent);\n    classLoader \u003d org.apache.pinot.spi.plugin.PluginClassLoader.class.getClassLoader();\n    java.lang.reflect.Method method \u003d null;\n    try {\n        method \u003d java.net.URLClassLoader.class.getDeclaredMethod(\"addURL\", java.net.URL.class);\n    } catch (java.lang.NoSuchMethodException e) {\n        org.apache.commons.lang3.exception.ExceptionUtils.rethrow(e);\n    }\n    method.setAccessible(true);\n    for (java.net.URL url : urls) {\n        try {\n            method.invoke(classLoader, url);\n        } catch (java.lang.Exception e) {\n            org.apache.commons.lang3.exception.ExceptionUtils.rethrow(e);\n        }\n    }\n}",
                "dst_parent": "null"
              },
              "line": 47,
              "file": "/home/khesoem/projects/lighter/exp/pinot-spi/src/main/java/org/apache/pinot/spi/plugin/PluginClassLoader.java",
              "stats": {
                "number_of_src_entities": 12,
                "number_of_dst_entities": -1,
                "src_entity_types": "[boolean, java.lang.reflect.Method]",
                "dst_entity_types": "[]"
              }
            }
          ]
        }
      ]
    }
  ],
  "complete_analysis": true
}