{
  "instances": [
    {
      "revision": "52d4df93b71c7d4517f819fcf81e9c0c1c680c24",
      "repairability": [
        {
          "tool-name": "JKali",
          "pattern-name": "JKali:add_rtrn",
          "Unified_Diff_of-files:": "Starts Below...",
          "INSERT:": "        ((spoon.reflect.code.CtJavaDocTag) (other)).setRealName(e.getRealName());",
          "instance_detail": [
            {
              "pattern_action": "INS",
              "pattern_entity": {
                "entity_type": "Return",
                "entity_new value": "*",
                "entity_role": "Statement",
                "entity_parent": "null"
              },
              "concrete_change": {
                "operator": "INS",
                "src_type": "Return",
                "dst_type": "null",
                "src": "return tagRealName",
                "dst": "null",
                "src_parent_type": "Block",
                "dst_parent_type": "null",
                "src_parent": "{\n    return tagRealName;\n}",
                "dst_parent": "null"
              },
              "line": 78,
              "file": "/home/khesoem/projects/lighter/exp/src/main/java/spoon/javadoc/internal/JavadocBlockTag.java"
            }
          ]
        }
      ]
    },
    {
      "revision": "52d4df93b71c7d4517f819fcf81e9c0c1c680c24",
      "repairability": [
        {
          "tool-name": "JKali",
          "pattern-name": "JKali:add_rtrn",
          "Unified_Diff_of-files:": "Starts Below...",
          "INSERT:": "        ((spoon.reflect.code.CtJavaDocTag) (other)).setRealName(e.getRealName());",
          "instance_detail": [
            {
              "pattern_action": "INS",
              "pattern_entity": {
                "entity_type": "Return",
                "entity_new value": "*",
                "entity_role": "Statement",
                "entity_parent": "null"
              },
              "concrete_change": {
                "operator": "INS",
                "src_type": "Return",
                "dst_type": "null",
                "src": "return docTag.setContent(content.trim()).setType(type).setRealName(realName)",
                "dst": "null",
                "src_parent_type": "Block",
                "dst_parent_type": "null",
                "src_parent": "{\n    if (content \u003d\u003d null) {\n        content \u003d \"\";\n    }\n    spoon.reflect.code.CtJavaDocTag docTag \u003d factory.Core().createJavaDocTag();\n    if ((type !\u003d null) \u0026\u0026 (type.hasParam())) {\n        int firstWord \u003d content.indexOf(\u0027 \u0027);\n        int firstLine \u003d content.indexOf(\u0027\\n\u0027);\n        if ((firstLine \u003c firstWord) \u0026\u0026 (firstLine \u003e\u003d 0)) {\n            firstWord \u003d firstLine;\n        }\n        if (firstWord \u003d\u003d (-1)) {\n            firstWord \u003d content.length();\n        }\n        java.lang.String param \u003d content.substring(0, firstWord);\n        content \u003d content.substring(firstWord);\n        docTag.setParam(param);\n    }\n    return docTag.setContent(content.trim()).setType(type).setRealName(realName);\n}",
                "dst_parent": "null"
              },
              "line": 760,
              "file": "/home/khesoem/projects/lighter/exp/src/main/java/spoon/reflect/factory/CodeFactory.java"
            }
          ]
        }
      ]
    },
    {
      "revision": "52d4df93b71c7d4517f819fcf81e9c0c1c680c24",
      "repairability": [
        {
          "tool-name": "JKali",
          "pattern-name": "JKali:add_rtrn",
          "Unified_Diff_of-files:": "Starts Below...",
          "INSERT:": "        ((spoon.reflect.code.CtJavaDocTag) (other)).setRealName(e.getRealName());",
          "instance_detail": [
            {
              "pattern_action": "INS",
              "pattern_entity": {
                "entity_type": "Return",
                "entity_new value": "*",
                "entity_role": "Statement",
                "entity_parent": "null"
              },
              "concrete_change": {
                "operator": "INS",
                "src_type": "Return",
                "dst_type": "null",
                "src": "return ((U) ((java.lang.Object) (castTarget(element).getRealName())))",
                "dst": "null",
                "src_parent_type": "Block",
                "dst_parent_type": "null",
                "src_parent": "{\n    return ((U) ((java.lang.Object) (castTarget(element).getRealName())));\n}",
                "dst_parent": "null"
              },
              "line": 1787,
              "file": "/home/khesoem/projects/lighter/exp/src/main/java/spoon/reflect/meta/impl/ModelRoleHandlers.java"
            }
          ]
        }
      ]
    },
    {
      "revision": "52d4df93b71c7d4517f819fcf81e9c0c1c680c24",
      "repairability": [
        {
          "tool-name": "JKali",
          "pattern-name": "JKali:add_rtrn",
          "Unified_Diff_of-files:": "Starts Below...",
          "INSERT:": "        ((spoon.reflect.code.CtJavaDocTag) (other)).setRealName(e.getRealName());",
          "instance_detail": [
            {
              "pattern_action": "INS",
              "pattern_entity": {
                "entity_type": "Return",
                "entity_new value": "*",
                "entity_role": "Statement",
                "entity_parent": "null"
              },
              "concrete_change": {
                "operator": "INS",
                "src_type": "Return",
                "dst_type": "null",
                "src": "return Code().createJavaDocTag(content, type, realName)",
                "dst": "null",
                "src_parent_type": "Block",
                "dst_parent_type": "null",
                "src_parent": "{\n    return Code().createJavaDocTag(content, type, realName);\n}",
                "dst_parent": "null"
              },
              "line": 630,
              "file": "/home/khesoem/projects/lighter/exp/src/main/java/spoon/reflect/factory/FactoryImpl.java"
            }
          ]
        }
      ]
    },
    {
      "revision": "52d4df93b71c7d4517f819fcf81e9c0c1c680c24",
      "repairability": [
        {
          "tool-name": "JKali",
          "pattern-name": "JKali:add_rtrn",
          "Unified_Diff_of-files:": "Starts Below...",
          "INSERT:": "        ((spoon.reflect.code.CtJavaDocTag) (other)).setRealName(e.getRealName());",
          "instance_detail": [
            {
              "pattern_action": "INS",
              "pattern_entity": {
                "entity_type": "Return",
                "entity_new value": "*",
                "entity_role": "Statement",
                "entity_parent": "null"
              },
              "concrete_change": {
                "operator": "INS",
                "src_type": "Return",
                "dst_type": "null",
                "src": "return ((E) (this))",
                "dst": "null",
                "src_parent_type": "Block",
                "dst_parent_type": "null",
                "src_parent": "{\n    getFactory().getEnvironment().getModelChangeListener().onObjectUpdate(this, spoon.reflect.path.CtRole.DOCUMENTATION_TYPE_REALNAME, type, this.type);\n    this.realName \u003d realName;\n    return ((E) (this));\n}",
                "dst_parent": "null"
              },
              "line": 56,
              "file": "/home/khesoem/projects/lighter/exp/src/main/java/spoon/support/reflect/code/CtJavaDocTagImpl.java"
            }
          ]
        },
        {
          "tool-name": "JKali",
          "pattern-name": "JKali:add_rtrn",
          "Unified_Diff_of-files:": "Starts Below...",
          "INSERT:": "        ((spoon.reflect.code.CtJavaDocTag) (other)).setRealName(e.getRealName());",
          "instance_detail": [
            {
              "pattern_action": "INS",
              "pattern_entity": {
                "entity_type": "Return",
                "entity_new value": "*",
                "entity_role": "Statement",
                "entity_parent": "null"
              },
              "concrete_change": {
                "operator": "INS",
                "src_type": "Return",
                "dst_type": "null",
                "src": "return realName",
                "dst": "null",
                "src_parent_type": "Block",
                "dst_parent_type": "null",
                "src_parent": "{\n    return realName;\n}",
                "dst_parent": "null"
              },
              "line": 61,
              "file": "/home/khesoem/projects/lighter/exp/src/main/java/spoon/support/reflect/code/CtJavaDocTagImpl.java"
            }
          ]
        }
      ]
    }
  ],
  "complete_analysis": true
}