{
  "instances": [
    {
      "revision": "5a5a1f0a1a45145173f1140394396e675f2d3748",
      "repairability": [
        {
          "tool-name": "JKali",
          "pattern-name": "JKali:del",
          "Unified_Diff_of-files:": "Starts Below...",
          "INSERT:": "            @Override",
          "instance_detail": [
            {
              "pattern_action": "DEL",
              "pattern_entity": {
                "entity_type": "*",
                "entity_new value": "*",
                "entity_role": "Statement",
                "entity_parent": "null"
              },
              "concrete_change": {
                "operator": "DEL",
                "src_type": "Throw",
                "dst_type": "null",
                "src": "throw new java.lang.UnsupportedOperationException(\"please open an issue :-)\")",
                "dst": "null",
                "src_parent_type": "Block",
                "dst_parent_type": "null",
                "src_parent": "{\n    throw new java.lang.UnsupportedOperationException(\"please open an issue :-)\");\n}",
                "dst_parent": "null"
              },
              "line": 85,
              "file": "/home/khesoem/projects/lighter/exp/src/main/java/spoon/support/reflect/code/CtLocalVariableImpl.java",
              "stats": {
                "number_of_src_entities": 12,
                "number_of_dst_entities": -1,
                "src_entity_types": "[java.lang.String, java.lang.UnsupportedOperationException]",
                "dst_entity_types": "[]"
              }
            }
          ]
        },
        {
          "tool-name": "JKali",
          "pattern-name": "JKali:add_rtrn",
          "Unified_Diff_of-files:": "Starts Below...",
          "INSERT:": "            @Override",
          "instance_detail": [
            {
              "pattern_action": "INS",
              "pattern_entity": {
                "entity_type": "Return",
                "entity_new value": "*",
                "entity_role": "Statement",
                "entity_parent": "null"
              },
              "concrete_change": {
                "operator": "INS",
                "src_type": "Return",
                "dst_type": "null",
                "src": "return false",
                "dst": "null",
                "src_parent_type": "Block",
                "dst_parent_type": "null",
                "src_parent": "{\n    if ((this.getPosition()) instanceof spoon.reflect.cu.position.NoSourcePosition) {\n        return false;\n    }\n    for (java.lang.Object o : getParent().getDirectChildren()) {\n        if (!(o instanceof spoon.reflect.code.CtLocalVariable)) {\n            continue;\n        }\n        spoon.reflect.code.CtLocalVariable\u003c?\u003e f \u003d ((spoon.reflect.code.CtLocalVariable\u003c?\u003e) (o));\n        if (f \u003d\u003d (this)) {\n            continue;\n        }\n        if (((f.getPosition()) \u003d\u003d null) || ((f.getPosition()) instanceof spoon.reflect.cu.position.NoSourcePosition)) {\n            continue;\n        }\n        if (((f.getPosition().getSourceStart()) \u003d\u003d (this.getPosition().getSourceStart())) \u0026\u0026 ((f.getPosition().getSourceEnd()) \u003d\u003d (this.getPosition().getSourceEnd()))) {\n            return true;\n        }\n    }\n    return false;\n}",
                "dst_parent": "null"
              },
              "line": 105,
              "file": "/home/khesoem/projects/lighter/exp/src/main/java/spoon/support/reflect/code/CtLocalVariableImpl.java",
              "stats": {
                "number_of_src_entities": 3,
                "number_of_dst_entities": -1,
                "src_entity_types": "[boolean]",
                "dst_entity_types": "[]"
              }
            }
          ]
        },
        {
          "tool-name": "JKali",
          "pattern-name": "JKali:add_rtrn",
          "Unified_Diff_of-files:": "Starts Below...",
          "INSERT:": "            @Override",
          "instance_detail": [
            {
              "pattern_action": "INS",
              "pattern_entity": {
                "entity_type": "Return",
                "entity_new value": "*",
                "entity_role": "Statement",
                "entity_parent": "null"
              },
              "concrete_change": {
                "operator": "INS",
                "src_type": "Return",
                "dst_type": "null",
                "src": "return false",
                "dst": "null",
                "src_parent_type": "Block",
                "dst_parent_type": "null",
                "src_parent": "{\n    return false;\n}",
                "dst_parent": "null"
              },
              "line": 87,
              "file": "/home/khesoem/projects/lighter/exp/src/main/java/spoon/support/reflect/code/CtLocalVariableImpl.java"
            }
          ]
        },
        {
          "tool-name": "JKali",
          "pattern-name": "JKali:add_rtrn",
          "Unified_Diff_of-files:": "Starts Below...",
          "INSERT:": "            @Override",
          "instance_detail": [
            {
              "pattern_action": "INS",
              "pattern_entity": {
                "entity_type": "Return",
                "entity_new value": "*",
                "entity_role": "Statement",
                "entity_parent": "null"
              },
              "concrete_change": {
                "operator": "INS",
                "src_type": "Return",
                "dst_type": "null",
                "src": "return true",
                "dst": "null",
                "src_parent_type": "Block",
                "dst_parent_type": "null",
                "src_parent": "{\n    return true;\n}",
                "dst_parent": "null"
              },
              "line": 102,
              "file": "/home/khesoem/projects/lighter/exp/src/main/java/spoon/support/reflect/code/CtLocalVariableImpl.java"
            }
          ]
        }
      ]
    },
    {
      "revision": "5a5a1f0a1a45145173f1140394396e675f2d3748",
      "repairability": [
        {
          "tool-name": "JKali",
          "pattern-name": "JKali:add_rtrn",
          "Unified_Diff_of-files:": "Starts Below...",
          "INSERT:": "            @Override",
          "instance_detail": [
            {
              "pattern_action": "INS",
              "pattern_entity": {
                "entity_type": "Return",
                "entity_new value": "*",
                "entity_role": "Statement",
                "entity_parent": "null"
              },
              "concrete_change": {
                "operator": "INS",
                "src_type": "Return",
                "dst_type": "null",
                "src": "return",
                "dst": "null",
                "src_parent_type": "Block",
                "dst_parent_type": "null",
                "src_parent": "{\n    return;\n}",
                "dst_parent": "null"
              },
              "line": 184,
              "file": "/home/khesoem/projects/lighter/exp/src/main/java/spoon/support/sniper/internal/ElementSourceFragment.java"
            }
          ]
        }
      ]
    }
  ],
  "complete_analysis": true
}