{
  "instances": [
    {
      "revision": "e321a8e7f315b2be45d38923e9bec3e3145332fe",
      "repairability": [
        {
          "tool-name": "Nopol",
          "pattern-name": "Nopol:if_condition_upd_deep",
          "Unified_Diff_of-files:": "Starts Below...",
          "CHANGE_old:": "    calendar.add(calendar.DATE, offset);",
          "CHANGE_new:": "    calendar.add(Calendar.DATE, offset);",
          "instance_detail": [
            {
              "pattern_action": "ANY",
              "pattern_entity": {
                "entity_type": "*",
                "entity_new value": "*",
                "entity_role": "*",
                "entity_parent": {
                  "entity_type": "*",
                  "entity_new value": "*",
                  "entity_role": "condition",
                  "entity_parent": {
                    "entity_type": "If",
                    "entity_new value": "*",
                    "entity_role": "*",
                    "entity_parent": "null"
                  }
                }
              },
              "concrete_change": {
                "operator": "DEL",
                "src_type": "VariableRead",
                "dst_type": "null",
                "src": "oldValue",
                "dst": "null",
                "src_parent_type": "BinaryOperator",
                "dst_parent_type": "null",
                "src_parent": "(oldValue \u003d\u003d null)",
                "dst_parent": "null"
              },
              "line": 321,
              "file": "/home/khesoem/projects/lighter/exp/apollo-portal/src/main/java/com/ctrip/framework/apollo/portal/service/NamespaceService.java"
            }
          ]
        }
      ]
    },
    {
      "revision": "e321a8e7f315b2be45d38923e9bec3e3145332fe",
      "repairability": [
        {
          "tool-name": "Nopol",
          "pattern-name": "Nopol:if_condition_upd_deep",
          "Unified_Diff_of-files:": "Starts Below...",
          "CHANGE_old:": "    calendar.add(calendar.DATE, offset);",
          "CHANGE_new:": "    calendar.add(Calendar.DATE, offset);",
          "instance_detail": [
            {
              "pattern_action": "ANY",
              "pattern_entity": {
                "entity_type": "*",
                "entity_new value": "*",
                "entity_role": "*",
                "entity_parent": {
                  "entity_type": "*",
                  "entity_new value": "*",
                  "entity_role": "condition",
                  "entity_parent": {
                    "entity_type": "If",
                    "entity_new value": "*",
                    "entity_role": "*",
                    "entity_parent": "null"
                  }
                }
              },
              "concrete_change": {
                "operator": "DEL",
                "src_type": "Literal",
                "dst_type": "null",
                "src": "false",
                "dst": "null",
                "src_parent_type": "BinaryOperator",
                "dst_parent_type": "null",
                "src_parent": "(java.lang.Character.isWhitespace(str.charAt(i))) \u003d\u003d false",
                "dst_parent": "null"
              },
              "line": 70,
              "file": "/home/khesoem/projects/lighter/exp/apollo-core/src/main/java/com/ctrip/framework/apollo/core/utils/StringUtils.java"
            }
          ]
        },
        {
          "tool-name": "Nopol",
          "pattern-name": "Nopol:if_condition_upd_deep",
          "Unified_Diff_of-files:": "Starts Below...",
          "CHANGE_old:": "    calendar.add(calendar.DATE, offset);",
          "CHANGE_new:": "    calendar.add(Calendar.DATE, offset);",
          "instance_detail": [
            {
              "pattern_action": "ANY",
              "pattern_entity": {
                "entity_type": "*",
                "entity_new value": "*",
                "entity_role": "*",
                "entity_parent": {
                  "entity_type": "*",
                  "entity_new value": "*",
                  "entity_role": "condition",
                  "entity_parent": {
                    "entity_type": "If",
                    "entity_new value": "*",
                    "entity_role": "*",
                    "entity_parent": "null"
                  }
                }
              },
              "concrete_change": {
                "operator": "DEL",
                "src_type": "Literal",
                "dst_type": "null",
                "src": "false",
                "dst": "null",
                "src_parent_type": "BinaryOperator",
                "dst_parent_type": "null",
                "src_parent": "(java.lang.Character.isDigit(str.charAt(i))) \u003d\u003d false",
                "dst_parent": "null"
              },
              "line": 320,
              "file": "/home/khesoem/projects/lighter/exp/apollo-core/src/main/java/com/ctrip/framework/apollo/core/utils/StringUtils.java"
            }
          ]
        }
      ]
    },
    {
      "revision": "e321a8e7f315b2be45d38923e9bec3e3145332fe",
      "repairability": [
        {
          "tool-name": "Nopol",
          "pattern-name": "Nopol:if_condition_upd_deep",
          "Unified_Diff_of-files:": "Starts Below...",
          "CHANGE_old:": "    calendar.add(calendar.DATE, offset);",
          "CHANGE_new:": "    calendar.add(Calendar.DATE, offset);",
          "instance_detail": [
            {
              "pattern_action": "ANY",
              "pattern_entity": {
                "entity_type": "*",
                "entity_new value": "*",
                "entity_role": "*",
                "entity_parent": {
                  "entity_type": "*",
                  "entity_new value": "*",
                  "entity_role": "condition",
                  "entity_parent": {
                    "entity_type": "If",
                    "entity_new value": "*",
                    "entity_role": "*",
                    "entity_parent": "null"
                  }
                }
              },
              "concrete_change": {
                "operator": "UPD",
                "src_type": "Invocation",
                "dst_type": "Invocation",
                "src": "com.ctrip.framework.apollo.portal.environment.Env.fromString(env)",
                "dst": "com.ctrip.framework.apollo.portal.environment.Env.valueOf(env)",
                "src_parent_type": "Invocation",
                "dst_parent_type": "Invocation",
                "src_parent": "(portalConfig.isEmergencyPublishAllowed(com.ctrip.framework.apollo.portal.environment.Env.fromString(env)))",
                "dst_parent": "(portalConfig.isEmergencyPublishAllowed(com.ctrip.framework.apollo.portal.environment.Env.valueOf(env)))"
              },
              "line": 105,
              "file": "/home/khesoem/projects/lighter/exp/apollo-portal/src/main/java/com/ctrip/framework/apollo/portal/controller/NamespaceBranchController.java",
              "stats": {
                "number_of_src_entities": 13,
                "number_of_dst_entities": 13,
                "src_entity_types": "[java.lang.String, com.ctrip.framework.apollo.portal.environment.Env]",
                "dst_entity_types": "[java.lang.String, com.ctrip.framework.apollo.portal.environment.Env]"
              }
            }
          ]
        }
      ]
    }
  ],
  "complete_analysis": true
}