{
  "instances": [
    {
      "revision": "5dfd8c59df8b1d81043ae8f2118b6112a73df676",
      "repairability": [
        {
          "tool-name": "Cardumen",
          "pattern-name": "Cardumen:expression_replacement_by_upd",
          "Unified_Diff_of-files:": "Starts Below...",
          "CHANGE_old:": "        offerLast(e);",
          "CHANGE_new:": "        offerLast(tasksWrapper);",
          "INSERT:": "    @Override",
          "DELETE:": "    @Override",
          "instance_detail": [
            {
              "pattern_action": "UPD",
              "pattern_entity": {
                "entity_type": "Expression",
                "entity_new value": "*",
                "entity_role": "*",
                "entity_parent": "null"
              },
              "concrete_change": {
                "operator": "UPD",
                "src_type": "VariableRead",
                "dst_type": "VariableRead",
                "src": "e",
                "dst": "tasksWrapper",
                "src_parent_type": "Invocation",
                "dst_parent_type": "Invocation",
                "src_parent": "offerFirst(e)",
                "dst_parent": "offerFirst(tasksWrapper)"
              },
              "line": 167,
              "file": "/home/khesoem/projects/lighter/exp/wffweb/src/main/java/com/webfirmframework/wffweb/server/page/ExternalDriveClientTasksWrapperDeque.java",
              "stats": {
                "number_of_src_entities": 4,
                "number_of_dst_entities": 4,
                "src_entity_types": "[com.webfirmframework.wffweb.server.page.ClientTasksWrapper]",
                "dst_entity_types": "[com.webfirmframework.wffweb.server.page.ClientTasksWrapper]"
              }
            }
          ]
        },
        {
          "tool-name": "Cardumen",
          "pattern-name": "Cardumen:expression_replacement_by_upd",
          "Unified_Diff_of-files:": "Starts Below...",
          "CHANGE_old:": "        offerLast(e);",
          "CHANGE_new:": "        offerLast(tasksWrapper);",
          "INSERT:": "    @Override",
          "DELETE:": "    @Override",
          "instance_detail": [
            {
              "pattern_action": "UPD",
              "pattern_entity": {
                "entity_type": "Expression",
                "entity_new value": "*",
                "entity_role": "*",
                "entity_parent": "null"
              },
              "concrete_change": {
                "operator": "UPD",
                "src_type": "VariableRead",
                "dst_type": "VariableRead",
                "src": "e",
                "dst": "tasksWrapper",
                "src_parent_type": "Invocation",
                "dst_parent_type": "Invocation",
                "src_parent": "offerLast(e)",
                "dst_parent": "offerLast(tasksWrapper)"
              },
              "line": 172,
              "file": "/home/khesoem/projects/lighter/exp/wffweb/src/main/java/com/webfirmframework/wffweb/server/page/ExternalDriveClientTasksWrapperDeque.java",
              "stats": {
                "number_of_src_entities": 4,
                "number_of_dst_entities": 4,
                "src_entity_types": "[com.webfirmframework.wffweb.server.page.ClientTasksWrapper]",
                "dst_entity_types": "[com.webfirmframework.wffweb.server.page.ClientTasksWrapper]"
              }
            }
          ]
        },
        {
          "tool-name": "Cardumen",
          "pattern-name": "Cardumen:expression_replacement_by_upd",
          "Unified_Diff_of-files:": "Starts Below...",
          "CHANGE_old:": "        offerLast(e);",
          "CHANGE_new:": "        offerLast(tasksWrapper);",
          "INSERT:": "    @Override",
          "DELETE:": "    @Override",
          "instance_detail": [
            {
              "pattern_action": "UPD",
              "pattern_entity": {
                "entity_type": "Expression",
                "entity_new value": "*",
                "entity_role": "*",
                "entity_parent": "null"
              },
              "concrete_change": {
                "operator": "UPD",
                "src_type": "VariableRead",
                "dst_type": "VariableRead",
                "src": "e",
                "dst": "tasksWrapper",
                "src_parent_type": "Invocation",
                "dst_parent_type": "Invocation",
                "src_parent": "offerLast(e)",
                "dst_parent": "offerLast(tasksWrapper)"
              },
              "line": 162,
              "file": "/home/khesoem/projects/lighter/exp/wffweb/src/main/java/com/webfirmframework/wffweb/server/page/ExternalDriveClientTasksWrapperDeque.java",
              "stats": {
                "number_of_src_entities": 4,
                "number_of_dst_entities": 4,
                "src_entity_types": "[com.webfirmframework.wffweb.server.page.ClientTasksWrapper]",
                "dst_entity_types": "[com.webfirmframework.wffweb.server.page.ClientTasksWrapper]"
              }
            }
          ]
        }
      ]
    }
  ],
  "complete_analysis": true
}