{
  "instances": [
    {
      "revision": "06b0016ece70777663a29a37eee3f2bf2746a958",
      "repairability": [
        {
          "tool-name": "Cardumen",
          "pattern-name": "Cardumen:expression_replacement_by_upd",
          "Unified_Diff_of-files:": "Starts Below...",
          "INSERT:": "            cleanup();",
          "CHANGE_old:": "            final Set\u0026lt;DetachListener\u0026lt;T\u0026gt;\u0026gt; listeners \u003d detachListeners.get(tag);",
          "CHANGE_new:": "            final Set\u0026lt;DetachListener\u0026lt;T\u0026gt;\u0026gt; listeners \u003d detachListeners.get(tag.getId());",
          "DELETE:": "            insertedTags.put(noTag, insertedTagData);",
          "instance_detail": [
            {
              "pattern_action": "UPD",
              "pattern_entity": {
                "entity_type": "Expression",
                "entity_new value": "*",
                "entity_role": "*",
                "entity_parent": "null"
              },
              "concrete_change": {
                "operator": "UPD",
                "src_type": "VariableRead",
                "dst_type": "VariableRead",
                "src": "abstractHtml",
                "dst": "firstChild",
                "src_parent_type": "Invocation",
                "dst_parent_type": "Invocation",
                "src_parent": "(com.webfirmframework.wffweb.tag.html.TagUtil.isTagless(abstractHtml))",
                "dst_parent": "(com.webfirmframework.wffweb.tag.html.TagUtil.isTagless(firstChild))"
              },
              "line": 661,
              "file": "/home/khesoem/projects/lighter/exp/wffweb/src/main/java/com/webfirmframework/wffweb/tag/html/AbstractHtml.java",
              "stats": {
                "number_of_src_entities": 4,
                "number_of_dst_entities": 4,
                "src_entity_types": "[com.webfirmframework.wffweb.tag.html.AbstractHtml]",
                "dst_entity_types": "[com.webfirmframework.wffweb.tag.html.AbstractHtml]"
              }
            }
          ]
        },
        {
          "tool-name": "Cardumen",
          "pattern-name": "Cardumen:expression_replacement_by_upd",
          "Unified_Diff_of-files:": "Starts Below...",
          "INSERT:": "            cleanup();",
          "CHANGE_old:": "            final Set\u0026lt;DetachListener\u0026lt;T\u0026gt;\u0026gt; listeners \u003d detachListeners.get(tag);",
          "CHANGE_new:": "            final Set\u0026lt;DetachListener\u0026lt;T\u0026gt;\u0026gt; listeners \u003d detachListeners.get(tag.getId());",
          "DELETE:": "            insertedTags.put(noTag, insertedTagData);",
          "instance_detail": [
            {
              "pattern_action": "UPD",
              "pattern_entity": {
                "entity_type": "Expression",
                "entity_new value": "*",
                "entity_role": "*",
                "entity_parent": "null"
              },
              "concrete_change": {
                "operator": "UPD",
                "src_type": "VariableRead",
                "dst_type": "VariableRead",
                "src": "abstractHtml",
                "dst": "firstChild",
                "src_parent_type": "BinaryOperator",
                "dst_parent_type": "BinaryOperator",
                "src_parent": "(abstractHtml instanceof com.webfirmframework.wffweb.tag.htmlwff.NoTag)",
                "dst_parent": "(firstChild instanceof com.webfirmframework.wffweb.tag.htmlwff.NoTag)"
              },
              "line": 661,
              "file": "/home/khesoem/projects/lighter/exp/wffweb/src/main/java/com/webfirmframework/wffweb/tag/html/AbstractHtml.java",
              "stats": {
                "number_of_src_entities": 4,
                "number_of_dst_entities": 4,
                "src_entity_types": "[com.webfirmframework.wffweb.tag.html.AbstractHtml]",
                "dst_entity_types": "[com.webfirmframework.wffweb.tag.html.AbstractHtml]"
              }
            }
          ]
        },
        {
          "tool-name": "Cardumen",
          "pattern-name": "Cardumen:expression_replacement_by_upd",
          "Unified_Diff_of-files:": "Starts Below...",
          "INSERT:": "            cleanup();",
          "CHANGE_old:": "            final Set\u0026lt;DetachListener\u0026lt;T\u0026gt;\u0026gt; listeners \u003d detachListeners.get(tag);",
          "CHANGE_new:": "            final Set\u0026lt;DetachListener\u0026lt;T\u0026gt;\u0026gt; listeners \u003d detachListeners.get(tag.getId());",
          "DELETE:": "            insertedTags.put(noTag, insertedTagData);",
          "instance_detail": [
            {
              "pattern_action": "UPD",
              "pattern_entity": {
                "entity_type": "Expression",
                "entity_new value": "*",
                "entity_role": "*",
                "entity_parent": "null"
              },
              "concrete_change": {
                "operator": "UPD",
                "src_type": "VariableRead",
                "dst_type": "VariableRead",
                "src": "abstractHtml",
                "dst": "firstChild",
                "src_parent_type": "FieldRead",
                "dst_parent_type": "FieldRead",
                "src_parent": "abstractHtml.sharedTagContent",
                "dst_parent": "firstChild.sharedTagContent"
              },
              "line": 663,
              "file": "/home/khesoem/projects/lighter/exp/wffweb/src/main/java/com/webfirmframework/wffweb/tag/html/AbstractHtml.java",
              "stats": {
                "number_of_src_entities": 4,
                "number_of_dst_entities": 4,
                "src_entity_types": "[com.webfirmframework.wffweb.tag.html.AbstractHtml]",
                "dst_entity_types": "[com.webfirmframework.wffweb.tag.html.AbstractHtml]"
              }
            }
          ]
        }
      ]
    }
  ],
  "complete_analysis": true
}