{
  "instances": [
    {
      "revision": "0281709b0d2d67cb31d1fff7867afe4ccf4c8016",
      "repairability": [
        {
          "tool-name": "JGenProg",
          "pattern-name": "JGenProg:any_statement_deep",
          "Unified_Diff_of-files:": "Starts Below...",
          "CHANGE_old:": "                log.info(\"GraphHopper: initializing took \" + (end - start) + \" milliseconds\");",
          "CHANGE_new:": "                log.info(format(\"GraphHopper: initializing from %s took %d milliseconds\", file, end-start));",
          "instance_detail": [
            {
              "pattern_action": "ANY",
              "pattern_entity": {
                "entity_type": "*",
                "entity_new value": "*",
                "entity_role": "*",
                "entity_parent": {
                  "entity_type": "*",
                  "entity_new value": "*",
                  "entity_role": "Statement",
                  "entity_parent": "null"
                }
              },
              "concrete_change": {
                "operator": "INS",
                "src_type": "UnaryOperator",
                "dst_type": "null",
                "src": "-2",
                "dst": "null",
                "src_parent_type": "Return",
                "dst_parent_type": "null",
                "src_parent": "return -2",
                "dst_parent": "null"
              },
              "line": 129,
              "file": "/home/khesoem/projects/lighter/exp/graphhopper/src/main/java/slash/navigation/graphhopper/DownloadableFinder.java",
              "stats": {
                "number_of_src_entities": 4,
                "number_of_dst_entities": -1,
                "src_entity_types": "[int]",
                "dst_entity_types": "[]"
              }
            }
          ]
        }
      ]
    }
  ],
  "complete_analysis": true
}