{
  "instances": [
    {
      "revision": "4d2773d915f1e72ba5a6eb094ea56e13874491d0",
      "repairability": [
        {
          "tool-name": "JGenProg",
          "pattern-name": "JGenProg:any_statement_shallow",
          "Unified_Diff_of-files:": "Starts Below...",
          "INSERT:": "import slash.navigation.gui.events.IgnoreEvent;",
          "CHANGE_old:": "    protected void fireModified() {",
          "CHANGE_new:": "    private void fireModified() {",
          "DELETE:": "}",
          "instance_detail": [
            {
              "pattern_action": "ANY",
              "pattern_entity": {
                "entity_type": "*",
                "entity_new value": "*",
                "entity_role": "Statement",
                "entity_parent": "null"
              },
              "concrete_change": {
                "operator": "DEL",
                "src_type": "Return",
                "dst_type": "null",
                "src": "return (((e.getType()) \u003d\u003d (javax.swing.event.ListDataEvent.CONTENTS_CHANGED)) \u0026\u0026 ((e.getIndex0()) \u003d\u003d (slash.navigation.converter.gui.models.CharacteristicsModel.IGNORE))) \u0026\u0026 ((e.getIndex1()) \u003d\u003d (slash.navigation.converter.gui.models.CharacteristicsModel.IGNORE))",
                "dst": "null",
                "src_parent_type": "Block",
                "dst_parent_type": "null",
                "src_parent": "{\n    return (((e.getType()) \u003d\u003d (javax.swing.event.ListDataEvent.CONTENTS_CHANGED)) \u0026\u0026 ((e.getIndex0()) \u003d\u003d (slash.navigation.converter.gui.models.CharacteristicsModel.IGNORE))) \u0026\u0026 ((e.getIndex1()) \u003d\u003d (slash.navigation.converter.gui.models.CharacteristicsModel.IGNORE));\n}",
                "dst_parent": "null"
              },
              "line": 79,
              "file": "/home/khesoem/projects/lighter/exp/mapview/src/main/java/slash/navigation/converter/gui/models/CharacteristicsModel.java"
            }
          ]
        }
      ]
    },
    {
      "revision": "4d2773d915f1e72ba5a6eb094ea56e13874491d0",
      "repairability": [
        {
          "tool-name": "JGenProg",
          "pattern-name": "JGenProg:any_statement_shallow",
          "Unified_Diff_of-files:": "Starts Below...",
          "INSERT:": "import slash.navigation.gui.events.IgnoreEvent;",
          "CHANGE_old:": "    protected void fireModified() {",
          "CHANGE_new:": "    private void fireModified() {",
          "DELETE:": "}",
          "instance_detail": [
            {
              "pattern_action": "ANY",
              "pattern_entity": {
                "entity_type": "*",
                "entity_new value": "*",
                "entity_role": "Statement",
                "entity_parent": "null"
              },
              "concrete_change": {
                "operator": "DEL",
                "src_type": "Return",
                "dst_type": "null",
                "src": "return (((e.getType()) \u003d\u003d (javax.swing.event.ListDataEvent.CONTENTS_CHANGED)) \u0026\u0026 ((e.getIndex0()) \u003d\u003d (slash.navigation.converter.gui.models.FormatAndRoutesModelImpl.IGNORE))) \u0026\u0026 ((e.getIndex1()) \u003d\u003d (slash.navigation.converter.gui.models.FormatAndRoutesModelImpl.IGNORE))",
                "dst": "null",
                "src_parent_type": "Block",
                "dst_parent_type": "null",
                "src_parent": "{\n    return (((e.getType()) \u003d\u003d (javax.swing.event.ListDataEvent.CONTENTS_CHANGED)) \u0026\u0026 ((e.getIndex0()) \u003d\u003d (slash.navigation.converter.gui.models.FormatAndRoutesModelImpl.IGNORE))) \u0026\u0026 ((e.getIndex1()) \u003d\u003d (slash.navigation.converter.gui.models.FormatAndRoutesModelImpl.IGNORE));\n}",
                "dst_parent": "null"
              },
              "line": 218,
              "file": "/home/khesoem/projects/lighter/exp/route-converter/src/main/java/slash/navigation/converter/gui/models/FormatAndRoutesModelImpl.java"
            }
          ]
        }
      ]
    }
  ],
  "complete_analysis": true
}