{
  "instances": [
    {
      "revision": "c5972867eb88dc72d1f9cce0ceadec5c2a4a1912",
      "repairability": [
        {
          "tool-name": "JGenProg",
          "pattern-name": "JGenProg:any_statement_shallow",
          "Unified_Diff_of-files:": "Starts Below...",
          "CHANGE_old:": "                public void run() {",
          "CHANGE_new:": "",
          "INSERT:": "        NavigationPosition position \u003d positionsModel.getPosition(row);",
          "DELETE:": "                }",
          "instance_detail": [
            {
              "pattern_action": "ANY",
              "pattern_entity": {
                "entity_type": "*",
                "entity_new value": "*",
                "entity_role": "Statement",
                "entity_parent": "null"
              },
              "concrete_change": {
                "operator": "DEL",
                "src_type": "Invocation",
                "dst_type": "null",
                "src": "scrollToPosition(table, insertRow)",
                "dst": "null",
                "src_parent_type": "Block",
                "dst_parent_type": "null",
                "src_parent": "{\n    scrollToPosition(table, insertRow);\n    positionsSelectionModel.setSelectedPositions(rows, true);\n}",
                "dst_parent": "null"
              },
              "line": 123,
              "file": "/home/khesoem/projects/lighter/exp/route-converter/src/main/java/slash/navigation/converter/gui/actions/AddPositionAction.java"
            }
          ]
        }
      ]
    }
  ],
  "complete_analysis": true
}