{
  "instances": [
    {
      "revision": "1af8f972f60423617ebacf2aa57e6a093defde22",
      "repairability": [
        {
          "tool-name": "Nopol",
          "pattern-name": "Nopol:if_condition_ins_shallow",
          "Unified_Diff_of-files:": "Starts Below...",
          "CHANGE_old:": "                        return Collections.emptyList();",
          "CHANGE_new:": "",
          "INSERT:": "",
          "DELETE:": "",
          "instance_detail": [
            {
              "pattern_action": "INS",
              "pattern_entity": {
                "entity_type": "If",
                "entity_new value": "*",
                "entity_role": "*",
                "entity_parent": "null"
              },
              "concrete_change": {
                "operator": "INS",
                "src_type": "If",
                "dst_type": "null",
                "src": "if (!(subMessage.hasField(nestedFieldDescriptor))) {\n    return processNonPrimitive(lastNestedField);\n}",
                "dst": "null",
                "src_parent_type": "Block",
                "dst_parent_type": "null",
                "src_parent": "{\n    if (!(subMessage.hasField(nestedFieldDescriptor))) {\n        return processNonPrimitive(lastNestedField);\n    }\n    subMessage \u003d ((com.google.protobuf.Message) (subMessage.getField(nestedFieldDescriptor)));\n}",
                "dst_parent": "null"
              },
              "line": 110,
              "file": "/home/khesoem/projects/lighter/exp/runtime/src/main/java/org/corfudb/runtime/collections/ProtobufIndexer.java"
            },
            {
              "pattern_action": "MOV",
              "pattern_entity": {
                "entity_type": "*",
                "entity_new value": "*",
                "entity_role": "Then",
                "entity_parent": {
                  "entity_type": "If",
                  "entity_new value": "*",
                  "entity_role": "*",
                  "entity_parent": "null"
                }
              },
              "concrete_change": {
                "operator": "MOV",
                "src_type": "Block",
                "dst_type": "Block",
                "src": "{\n    subMessage \u003d ((com.google.protobuf.Message) (subMessage.getField(nestedFieldDescriptor)));\n}",
                "dst": "{\n    return processNonPrimitive(lastNestedField);\n}",
                "src_parent_type": "If",
                "dst_parent_type": "If",
                "src_parent": "if (isValidField(oneOfDescriptor, subMessage, nestedFields[i])) {\n    subMessage \u003d ((com.google.protobuf.Message) (subMessage.getField(nestedFieldDescriptor)));\n}",
                "dst_parent": "if (!(subMessage.hasField(nestedFieldDescriptor))) {\n    return processNonPrimitive(lastNestedField);\n}"
              },
              "line": 101,
              "file": "/home/khesoem/projects/lighter/exp/runtime/src/main/java/org/corfudb/runtime/collections/ProtobufIndexer.java",
              "stats": {
                "number_of_src_entities": 22,
                "number_of_dst_entities": 19,
                "src_entity_types": "[com.google.protobuf.Message, com.google.protobuf.Descriptors.FieldDescriptor]",
                "dst_entity_types": "[boolean, org.corfudb.runtime.collections.ProtobufIndexer]"
              }
            }
          ]
        },
        {
          "tool-name": "Nopol",
          "pattern-name": "Nopol:if_condition_upd_deep",
          "Unified_Diff_of-files:": "Starts Below...",
          "CHANGE_old:": "                        return Collections.emptyList();",
          "CHANGE_new:": "",
          "INSERT:": "",
          "DELETE:": "",
          "instance_detail": [
            {
              "pattern_action": "ANY",
              "pattern_entity": {
                "entity_type": "*",
                "entity_new value": "*",
                "entity_role": "*",
                "entity_parent": {
                  "entity_type": "*",
                  "entity_new value": "*",
                  "entity_role": "condition",
                  "entity_parent": {
                    "entity_type": "If",
                    "entity_new value": "*",
                    "entity_role": "*",
                    "entity_parent": "null"
                  }
                }
              },
              "concrete_change": {
                "operator": "INS",
                "src_type": "VariableRead",
                "dst_type": "null",
                "src": "lastNestedField",
                "dst": "null",
                "src_parent_type": "UnaryOperator",
                "dst_parent_type": "null",
                "src_parent": "!lastNestedField",
                "dst_parent": "null"
              },
              "line": 117,
              "file": "/home/khesoem/projects/lighter/exp/runtime/src/main/java/org/corfudb/runtime/collections/ProtobufIndexer.java"
            }
          ]
        }
      ]
    }
  ],
  "complete_analysis": true
}