{
  "instances": [
    {
      "revision": "f1868382f8b7b8d7913cba8902b2d8f796abfb6e",
      "repairability": [
        {
          "tool-name": "Nopol",
          "pattern-name": "Nopol:if_condition_ins_shallow",
          "Unified_Diff_of-files:": "Starts Below...",
          "CHANGE_old:": "                    correctnessLogger.trace(\"Version, {}\", versionForCorrectness);",
          "CHANGE_new:": "",
          "DELETE:": "            }",
          "instance_detail": [
            {
              "pattern_action": "INS",
              "pattern_entity": {
                "entity_type": "If",
                "entity_new value": "*",
                "entity_role": "*",
                "entity_parent": "null"
              },
              "concrete_change": {
                "operator": "INS",
                "src_type": "If",
                "dst_type": "null",
                "src": "if (directAccessCheckFunction.apply(this)) {\n    log.trace(\"Access [{}] Direct (writelock) access at {}\", this, getVersionUnsafe());\n    R ret \u003d accessFunction.apply(object.getContext(ICorfuExecutionContext.DEFAULT));\n    correctnessLogger.trace(\"Version, {}\", getVersionUnsafe());\n    return ret;\n}",
                "dst": "null",
                "src_parent_type": "Block",
                "dst_parent_type": "null",
                "src_parent": "{\n    ts \u003d lock.tryConvertToWriteLock(ts);\n    if (ts \u003d\u003d 0) {\n        ts \u003d lock.writeLock();\n    }\n    if (directAccessCheckFunction.apply(this)) {\n        log.trace(\"Access [{}] Direct (writelock) access at {}\", this, getVersionUnsafe());\n        R ret \u003d accessFunction.apply(object.getContext(ICorfuExecutionContext.DEFAULT));\n        correctnessLogger.trace(\"Version, {}\", getVersionUnsafe());\n        return ret;\n    }\n    updateFunction.accept(this);\n    correctnessLogger.trace(\"Version, {}\", getVersionUnsafe());\n    log.trace(\"Access [{}] Updated (writelock) access at {}\", this, getVersionUnsafe());\n    return accessFunction.apply(object.getContext(ICorfuExecutionContext.DEFAULT));\n}",
                "dst_parent": "null"
              },
              "line": 244,
              "file": "/home/khesoem/projects/lighter/exp/runtime/src/main/java/org/corfudb/runtime/object/VersionLockedObject.java",
              "stats": {
                "number_of_src_entities": 135,
                "number_of_dst_entities": -1,
                "src_entity_types": "[java.util.function.Function\u003corg.corfudb.runtime.object.VersionLockedObject\u003cT\u003e, java.lang.Boolean\u003e, java.util.function.Function, java.util.function.Function\u003cT, R\u003e, org.corfudb.runtime.object.log, java.lang.String, org.corfudb.runtime.object.VersionLockedObject\u003cT\u003e, java.lang.Boolean, org.corfudb.runtime.object.VersionLockedObject, ICorfuExecutionContext.DEFAULT, org.slf4j.Logger]",
                "dst_entity_types": "[]"
              }
            },
            {
              "pattern_action": "MOV",
              "pattern_entity": {
                "entity_type": "*",
                "entity_new value": "*",
                "entity_role": "Then",
                "entity_parent": {
                  "entity_type": "If",
                  "entity_new value": "*",
                  "entity_role": "*",
                  "entity_parent": "null"
                }
              },
              "concrete_change": {
                "operator": "MOV",
                "src_type": "Block",
                "dst_type": "Block",
                "src": "{\n    correctnessLogger.trace(\"Version, {}\", versionForCorrectness);\n    return ret;\n}",
                "dst": "{\n    log.trace(\"Access [{}] Direct (writelock) access at {}\", this, getVersionUnsafe());\n    R ret \u003d accessFunction.apply(object.getContext(ICorfuExecutionContext.DEFAULT));\n    correctnessLogger.trace(\"Version, {}\", getVersionUnsafe());\n    return ret;\n}",
                "src_parent_type": "If",
                "dst_parent_type": "If",
                "src_parent": "if (lock.validate(ts)) {\n    correctnessLogger.trace(\"Version, {}\", versionForCorrectness);\n    return ret;\n}",
                "dst_parent": "if (directAccessCheckFunction.apply(this)) {\n    log.trace(\"Access [{}] Direct (writelock) access at {}\", this, getVersionUnsafe());\n    R ret \u003d accessFunction.apply(object.getContext(ICorfuExecutionContext.DEFAULT));\n    correctnessLogger.trace(\"Version, {}\", getVersionUnsafe());\n    return ret;\n}"
              },
              "line": 249,
              "file": "/home/khesoem/projects/lighter/exp/runtime/src/main/java/org/corfudb/runtime/object/VersionLockedObject.java",
              "stats": {
                "number_of_src_entities": 32,
                "number_of_dst_entities": 110,
                "src_entity_types": "[java.lang.String, org.corfudb.runtime.object.VersionLockedObject, org.slf4j.Logger, long]",
                "dst_entity_types": "[java.util.function.Function\u003cT, R\u003e, java.util.function.Function, org.corfudb.runtime.object.log, java.lang.String, org.corfudb.runtime.object.VersionLockedObject\u003cT\u003e, org.corfudb.runtime.object.VersionLockedObject, ICorfuExecutionContext.DEFAULT, org.slf4j.Logger]"
              }
            }
          ]
        }
      ]
    }
  ],
  "complete_analysis": true
}