{
  "instances": [
    {
      "revision": "fbcfa53fac681591e2e327a7a268d2d239e23a4c",
      "repairability": [
        {
          "tool-name": "JKali",
          "pattern-name": "JKali:del",
          "Unified_Diff_of-files:": "Starts Below...",
          "INSERT:": "import org.cash.count.dto.NameValidator;",
          "CHANGE_old:": "        if(!hasAccountUpdatedName(accountUpdated)){",
          "CHANGE_new:": "        if(!hasName(accountUpdated)){",
          "DELETE:": "    ",
          "instance_detail": [
            {
              "pattern_action": "DEL",
              "pattern_entity": {
                "entity_type": "*",
                "entity_new value": "*",
                "entity_role": "Statement",
                "entity_parent": "null"
              },
              "concrete_change": {
                "operator": "DEL",
                "src_type": "Return",
                "dst_type": "null",
                "src": "return java.util.Optional.of(account).map(AccountCreationDto::getName).isPresent()",
                "dst": "null",
                "src_parent_type": "Block",
                "dst_parent_type": "null",
                "src_parent": "{\n    return java.util.Optional.of(account).map(AccountCreationDto::getName).isPresent();\n}",
                "dst_parent": "null"
              },
              "line": 66,
              "file": "/home/khesoem/projects/lighter/exp/src/main/java/org/cash/count/service/impl/AccountManager.java"
            }
          ]
        }
      ]
    }
  ],
  "complete_analysis": true
}