{
  "instances": [
    {
      "revision": "3cae7a18d0ccf5e097c8013dbb54e0b4752dc9a3",
      "repairability": [
        {
          "tool-name": "JGenProg",
          "pattern-name": "JGenProg:any_statement_shallow",
          "Unified_Diff_of-files:": "Starts Below...",
          "CHANGE_old:": " * Parses xml text of the internal xml format and produces parse events. The xml needs to conform to the internal XML schema XMLDocumentFormat.xsd (http://jsapar.tigris.org/XMLDocumentFormat/1.0)",
          "CHANGE_new:": " * Parses xml text of the internal xml format and produces parse events. The xml needs to conform to the internal XML schema XMLDocumentFormat.xsd (http://jsapar.tigris.org/XMLDocumentFormat/2.0)",
          "instance_detail": [
            {
              "pattern_action": "ANY",
              "pattern_entity": {
                "entity_type": "*",
                "entity_new value": "*",
                "entity_role": "Statement",
                "entity_parent": "null"
              },
              "concrete_change": {
                "operator": "INS",
                "src_type": "Invocation",
                "dst_type": "null",
                "src": "transformer.setOutputProperty(javax.xml.transform.OutputKeys.INDENT, \"yes\")",
                "dst": "null",
                "src_parent_type": "Block",
                "dst_parent_type": "null",
                "src_parent": "{\n    this.transformer \u003d javax.xml.transform.TransformerFactory.newInstance().newTransformer();\n    transformer.setOutputProperty(javax.xml.transform.OutputKeys.INDENT, \"yes\");\n    transformer.setOutputProperty(javax.xml.transform.OutputKeys.METHOD, \"xml\");\n    transformer.setOutputProperty(\"{http://xml.apache.org/xslt}indent-amount\", \"2\");\n}",
                "dst_parent": "null"
              },
              "line": 34,
              "file": "/home/khesoem/projects/lighter/exp/src/main/java/org/jsapar/Text2XmlConverter.java",
              "stats": {
                "number_of_src_entities": 33,
                "number_of_dst_entities": -1,
                "src_entity_types": "[javax.xml.transform.Transformer, javax.xml.transform.OutputKeys, java.lang.String, org.jsapar.Text2XmlConverter]",
                "dst_entity_types": "[]"
              }
            }
          ]
        },
        {
          "tool-name": "JGenProg",
          "pattern-name": "JGenProg:any_statement_shallow",
          "Unified_Diff_of-files:": "Starts Below...",
          "CHANGE_old:": " * Parses xml text of the internal xml format and produces parse events. The xml needs to conform to the internal XML schema XMLDocumentFormat.xsd (http://jsapar.tigris.org/XMLDocumentFormat/1.0)",
          "CHANGE_new:": " * Parses xml text of the internal xml format and produces parse events. The xml needs to conform to the internal XML schema XMLDocumentFormat.xsd (http://jsapar.tigris.org/XMLDocumentFormat/2.0)",
          "instance_detail": [
            {
              "pattern_action": "ANY",
              "pattern_entity": {
                "entity_type": "*",
                "entity_new value": "*",
                "entity_role": "Statement",
                "entity_parent": "null"
              },
              "concrete_change": {
                "operator": "INS",
                "src_type": "Invocation",
                "dst_type": "null",
                "src": "transformer.setOutputProperty(\"{http://xml.apache.org/xslt}indent-amount\", \"2\")",
                "dst": "null",
                "src_parent_type": "Block",
                "dst_parent_type": "null",
                "src_parent": "{\n    this.transformer \u003d javax.xml.transform.TransformerFactory.newInstance().newTransformer();\n    transformer.setOutputProperty(javax.xml.transform.OutputKeys.INDENT, \"yes\");\n    transformer.setOutputProperty(javax.xml.transform.OutputKeys.METHOD, \"xml\");\n    transformer.setOutputProperty(\"{http://xml.apache.org/xslt}indent-amount\", \"2\");\n}",
                "dst_parent": "null"
              },
              "line": 36,
              "file": "/home/khesoem/projects/lighter/exp/src/main/java/org/jsapar/Text2XmlConverter.java",
              "stats": {
                "number_of_src_entities": 27,
                "number_of_dst_entities": -1,
                "src_entity_types": "[javax.xml.transform.Transformer, java.lang.String, org.jsapar.Text2XmlConverter]",
                "dst_entity_types": "[]"
              }
            }
          ]
        }
      ]
    }
  ],
  "complete_analysis": true
}