{
  "instances": [
    {
      "revision": "745a6709a71288341c4e711339d84f2c14f98e16",
      "repairability": [
        {
          "tool-name": "JGenProg",
          "pattern-name": "JGenProg:any_statement_shallow",
          "Unified_Diff_of-files:": "Starts Below...",
          "CHANGE_old:": "                cell.setDefaultValue(cell.makeCell(getStringValue(xmlDefault)));\r",
          "CHANGE_new:": "                cell.setDefaultCell(cell.makeCell(getStringValue(xmlDefault)));\r",
          "instance_detail": [
            {
              "pattern_action": "ANY",
              "pattern_entity": {
                "entity_type": "*",
                "entity_new value": "*",
                "entity_role": "Statement",
                "entity_parent": "null"
              },
              "concrete_change": {
                "operator": "DEL",
                "src_type": "Return",
                "dst_type": "null",
                "src": "return cell.getStringValue(getCellFormat().getFormat())",
                "dst": "null",
                "src_parent_type": "Block",
                "dst_parent_type": "null",
                "src_parent": "{\n    return cell.getStringValue(getCellFormat().getFormat());\n}",
                "dst_parent": "null"
              },
              "line": 357,
              "file": "/home/khesoem/projects/lighter/exp/src/org/jsapar/schema/SchemaCell.java",
              "stats": {
                "number_of_src_entities": 27,
                "number_of_dst_entities": -1,
                "src_entity_types": "[org.jsapar.schema.SchemaCellFormat, org.jsapar.schema.SchemaCell, org.jsapar.Cell]",
                "dst_entity_types": "[]"
              }
            }
          ]
        }
      ]
    }
  ],
  "complete_analysis": true
}