{
  "instances": [
    {
      "revision": "06e00d4a33f00c1564438785ad3f8d35a52329c4",
      "repairability": [
        {
          "tool-name": "JGenProg",
          "pattern-name": "JGenProg:any_statement_shallow",
          "Unified_Diff_of-files:": "Starts Below...",
          "CHANGE_old:": "        else if(toParse.equals(falseValue))",
          "CHANGE_new:": "        else if(toParse.equalsIgnoreCase(falseValue))",
          "instance_detail": [
            {
              "pattern_action": "ANY",
              "pattern_entity": {
                "entity_type": "*",
                "entity_new value": "*",
                "entity_role": "Statement",
                "entity_parent": "null"
              },
              "concrete_change": {
                "operator": "DEL",
                "src_type": "Assignment",
                "dst_type": "null",
                "src": "toParse \u003d toParse.substring(pos.getIndex())",
                "dst": "null",
                "src_parent_type": "Block",
                "dst_parent_type": "null",
                "src_parent": "{\n    toParse \u003d toParse.substring(pos.getIndex());\n    if (toParse.startsWith(trueValue)) {\n        pos.setIndex(((pos.getIndex()) + (trueValue.length())));\n        return java.lang.Boolean.TRUE;\n    }\n    if (toParse.startsWith(falseValue)) {\n        pos.setIndex(((pos.getIndex()) + (falseValue.length())));\n        return java.lang.Boolean.FALSE;\n    }\n    pos.setErrorIndex(pos.getIndex());\n    return null;\n}",
                "dst_parent": "null"
              },
              "line": 67,
              "file": "/home/khesoem/projects/lighter/exp/src/main/java/org/jsapar/schema/BooleanFormat.java",
              "stats": {
                "number_of_src_entities": 27,
                "number_of_dst_entities": -1,
                "src_entity_types": "[java.lang.String, java.text.ParsePosition]",
                "dst_entity_types": "[]"
              }
            }
          ]
        },
        {
          "tool-name": "JGenProg",
          "pattern-name": "JGenProg:any_statement_deep",
          "Unified_Diff_of-files:": "Starts Below...",
          "CHANGE_old:": "        else if(toParse.equals(falseValue))",
          "CHANGE_new:": "        else if(toParse.equalsIgnoreCase(falseValue))",
          "instance_detail": [
            {
              "pattern_action": "ANY",
              "pattern_entity": {
                "entity_type": "*",
                "entity_new value": "*",
                "entity_role": "*",
                "entity_parent": {
                  "entity_type": "*",
                  "entity_new value": "*",
                  "entity_role": "Statement",
                  "entity_parent": "null"
                }
              },
              "concrete_change": {
                "operator": "INS",
                "src_type": "Invocation",
                "dst_type": "null",
                "src": "pos.getIndex()",
                "dst": "null",
                "src_parent_type": "Invocation",
                "dst_parent_type": "null",
                "src_parent": "toParse.regionMatches(ignoreCase, pos.getIndex(), falseValue, 0, falseValue.length())",
                "dst_parent": "null"
              },
              "line": 72,
              "file": "/home/khesoem/projects/lighter/exp/src/main/java/org/jsapar/schema/BooleanFormat.java"
            }
          ]
        }
      ]
    }
  ],
  "complete_analysis": true
}