{
  "instances": [
    {
      "revision": "43710af3e6d6c19534d282528eee23474c742435",
      "repairability": [
        {
          "tool-name": "Cardumen",
          "pattern-name": "Cardumen:expression_replacement_by_del_mov",
          "Unified_Diff_of-files:": "Starts Below...",
          "CHANGE_old:": "                \"or lower(u.surname) like :key \" +",
          "CHANGE_new:": "",
          "instance_detail": [
            {
              "pattern_action": "MOV",
              "pattern_entity": {
                "entity_type": "Expression",
                "entity_new value": "*",
                "entity_role": "*",
                "entity_parent": "null"
              },
              "concrete_change": {
                "operator": "MOV",
                "src_type": "BinaryOperator",
                "dst_type": "BinaryOperator",
                "src": "(((((hlp.whereAnd()) + \" (\") + \"lower(u.firstName) like :key \") + \"or lower(u.surname) like :key \") + \"or lower(u.email) like :key \")",
                "dst": "((((hlp.whereAnd()) + \" (\") + \"concat(lower(u.firstName),\u0027 \u0027,lower(u.surname)) like :key \") + \"or lower(u.email) like :key \") + \"or lower(uc.username) like :key) \"",
                "src_parent_type": "BinaryOperator",
                "dst_parent_type": "OperatorAssignment",
                "src_parent": "(((((hlp.whereAnd()) + \" (\") + \"lower(u.firstName) like :key \") + \"or lower(u.surname) like :key \") + \"or lower(u.email) like :key \") + \"or lower(uc.username) like :key) \"",
                "dst_parent": "hql +\u003d ((((hlp.whereAnd()) + \" (\") + \"concat(lower(u.firstName),\u0027 \u0027,lower(u.surname)) like :key \") + \"or lower(u.email) like :key \") + \"or lower(uc.username) like :key) \""
              },
              "line": 224,
              "file": "/home/khesoem/projects/lighter/exp/dhis-2/dhis-services/dhis-service-core/src/main/java/org/hisp/dhis/user/hibernate/HibernateUserStore.java",
              "stats": {
                "number_of_src_entities": 24,
                "number_of_dst_entities": 24,
                "src_entity_types": "[java.lang.String, org.hisp.dhis.commons.util.SqlHelper]",
                "dst_entity_types": "[java.lang.String, org.hisp.dhis.commons.util.SqlHelper]"
              }
            },
            {
              "pattern_action": "DEL",
              "pattern_entity": {
                "entity_type": "Expression",
                "entity_new value": "*",
                "entity_role": "*",
                "entity_parent": "null"
              },
              "concrete_change": {
                "operator": "DEL",
                "src_type": "BinaryOperator",
                "dst_type": "null",
                "src": "(((((hlp.whereAnd()) + \" (\") + \"lower(u.firstName) like :key \") + \"or lower(u.surname) like :key \") + \"or lower(u.email) like :key \") + \"or lower(uc.username) like :key) \"",
                "dst": "null",
                "src_parent_type": "OperatorAssignment",
                "dst_parent_type": "null",
                "src_parent": "hql +\u003d (((((hlp.whereAnd()) + \" (\") + \"lower(u.firstName) like :key \") + \"or lower(u.surname) like :key \") + \"or lower(u.email) like :key \") + \"or lower(uc.username) like :key) \"",
                "dst_parent": "null"
              },
              "line": 224,
              "file": "/home/khesoem/projects/lighter/exp/dhis-2/dhis-services/dhis-service-core/src/main/java/org/hisp/dhis/user/hibernate/HibernateUserStore.java",
              "stats": {
                "number_of_src_entities": 28,
                "number_of_dst_entities": -1,
                "src_entity_types": "[java.lang.String, org.hisp.dhis.commons.util.SqlHelper]",
                "dst_entity_types": "[]"
              }
            }
          ]
        }
      ]
    }
  ],
  "complete_analysis": true
}