{
  "instances": [
    {
      "revision": "815dccf8c76b136160c49ce1ef65d71f4313e60b",
      "repairability": [
        {
          "tool-name": "JKali",
          "pattern-name": "JKali:del",
          "Unified_Diff_of-files:": "Starts Below...",
          "CHANGE_old:": "",
          "CHANGE_new:": "            return unversionedResourcePath;",
          "instance_detail": [
            {
              "pattern_action": "DEL",
              "pattern_entity": {
                "entity_type": "*",
                "entity_new value": "*",
                "entity_role": "Statement",
                "entity_parent": "null"
              },
              "concrete_change": {
                "operator": "DEL",
                "src_type": "Invocation",
                "dst_type": "null",
                "src": "ro.pippo.core.route.ResourceHandler.log.trace(\"Remove version from resource path: \u0027{}\u0027 \u003d\u003e \u0027{}\u0027\", resourcePath, unversionedResourcePath)",
                "dst": "null",
                "src_parent_type": "Block",
                "dst_parent_type": "null",
                "src_parent": "{\n    ro.pippo.core.route.ResourceHandler.log.trace(\"Remove version from resource path: \u0027{}\u0027 \u003d\u003e \u0027{}\u0027\", resourcePath, unversionedResourcePath);\n    resourcePath \u003d unversionedResourcePath;\n}",
                "dst_parent": "null"
              },
              "line": 51,
              "file": "/home/khesoem/projects/lighter/exp/pippo-core/src/main/java/ro/pippo/core/route/ResourceHandler.java",
              "stats": {
                "number_of_src_entities": 31,
                "number_of_dst_entities": -1,
                "src_entity_types": "[java.lang.String, ro.pippo.core.route.ResourceHandler, org.slf4j.Logger]",
                "dst_entity_types": "[]"
              }
            }
          ]
        },
        {
          "tool-name": "JKali",
          "pattern-name": "JKali:del",
          "Unified_Diff_of-files:": "Starts Below...",
          "CHANGE_old:": "",
          "CHANGE_new:": "            return unversionedResourcePath;",
          "instance_detail": [
            {
              "pattern_action": "DEL",
              "pattern_entity": {
                "entity_type": "*",
                "entity_new value": "*",
                "entity_role": "Statement",
                "entity_parent": "null"
              },
              "concrete_change": {
                "operator": "DEL",
                "src_type": "LocalVariable",
                "dst_type": "null",
                "src": "java.lang.String unversionedResourcePath \u003d removeVersion(resourcePath)",
                "dst": "null",
                "src_parent_type": "Block",
                "dst_parent_type": "null",
                "src_parent": "{\n    java.lang.String unversionedResourcePath \u003d removeVersion(resourcePath);\n    if (!(unversionedResourcePath.equals(resourcePath))) {\n        ro.pippo.core.route.ResourceHandler.log.trace(\"Remove version from resource path: \u0027{}\u0027 \u003d\u003e \u0027{}\u0027\", resourcePath, unversionedResourcePath);\n        resourcePath \u003d unversionedResourcePath;\n    }\n}",
                "dst_parent": "null"
              },
              "line": 49,
              "file": "/home/khesoem/projects/lighter/exp/pippo-core/src/main/java/ro/pippo/core/route/ResourceHandler.java"
            }
          ]
        },
        {
          "tool-name": "JKali",
          "pattern-name": "JKali:del",
          "Unified_Diff_of-files:": "Starts Below...",
          "CHANGE_old:": "",
          "CHANGE_new:": "            return unversionedResourcePath;",
          "instance_detail": [
            {
              "pattern_action": "DEL",
              "pattern_entity": {
                "entity_type": "*",
                "entity_new value": "*",
                "entity_role": "Statement",
                "entity_parent": "null"
              },
              "concrete_change": {
                "operator": "DEL",
                "src_type": "If",
                "dst_type": "null",
                "src": "if (!(unversionedResourcePath.equals(resourcePath))) {\n    ro.pippo.core.route.ResourceHandler.log.trace(\"Remove version from resource path: \u0027{}\u0027 \u003d\u003e \u0027{}\u0027\", resourcePath, unversionedResourcePath);\n    resourcePath \u003d unversionedResourcePath;\n}",
                "dst": "null",
                "src_parent_type": "Block",
                "dst_parent_type": "null",
                "src_parent": "{\n    java.lang.String unversionedResourcePath \u003d removeVersion(resourcePath);\n    if (!(unversionedResourcePath.equals(resourcePath))) {\n        ro.pippo.core.route.ResourceHandler.log.trace(\"Remove version from resource path: \u0027{}\u0027 \u003d\u003e \u0027{}\u0027\", resourcePath, unversionedResourcePath);\n        resourcePath \u003d unversionedResourcePath;\n    }\n}",
                "dst_parent": "null"
              },
              "line": 50,
              "file": "/home/khesoem/projects/lighter/exp/pippo-core/src/main/java/ro/pippo/core/route/ResourceHandler.java"
            }
          ]
        },
        {
          "tool-name": "JKali",
          "pattern-name": "JKali:del",
          "Unified_Diff_of-files:": "Starts Below...",
          "CHANGE_old:": "",
          "CHANGE_new:": "            return unversionedResourcePath;",
          "instance_detail": [
            {
              "pattern_action": "DEL",
              "pattern_entity": {
                "entity_type": "*",
                "entity_new value": "*",
                "entity_role": "Statement",
                "entity_parent": "null"
              },
              "concrete_change": {
                "operator": "DEL",
                "src_type": "If",
                "dst_type": "null",
                "src": "if (versioned) {\n    java.lang.String unversionedResourcePath \u003d removeVersion(resourcePath);\n    if (!(unversionedResourcePath.equals(resourcePath))) {\n        ro.pippo.core.route.ResourceHandler.log.trace(\"Remove version from resource path: \u0027{}\u0027 \u003d\u003e \u0027{}\u0027\", resourcePath, unversionedResourcePath);\n        resourcePath \u003d unversionedResourcePath;\n    }\n}",
                "dst": "null",
                "src_parent_type": "Block",
                "dst_parent_type": "null",
                "src_parent": "{\n    java.lang.String resourcePath \u003d getResourcePath(routeContext);\n    ro.pippo.core.route.ResourceHandler.log.trace(\"Request resource \u0027{}\u0027\", resourcePath);\n    if (versioned) {\n        java.lang.String unversionedResourcePath \u003d removeVersion(resourcePath);\n        if (!(unversionedResourcePath.equals(resourcePath))) {\n            ro.pippo.core.route.ResourceHandler.log.trace(\"Remove version from resource path: \u0027{}\u0027 \u003d\u003e \u0027{}\u0027\", resourcePath, unversionedResourcePath);\n            resourcePath \u003d unversionedResourcePath;\n        }\n    }\n    handleResource(resourcePath, routeContext);\n    routeContext.next();\n}",
                "dst_parent": "null"
              },
              "line": 48,
              "file": "/home/khesoem/projects/lighter/exp/pippo-core/src/main/java/ro/pippo/core/route/ResourceHandler.java",
              "stats": {
                "number_of_src_entities": 95,
                "number_of_dst_entities": -1,
                "src_entity_types": "[boolean, java.lang.String, ro.pippo.core.route.ResourceHandler, org.slf4j.Logger]",
                "dst_entity_types": "[]"
              }
            }
          ]
        }
      ]
    }
  ],
  "complete_analysis": true
}