{
  "instances": [
    {
      "revision": "b446c6debc8d9136c2b3e9ff4a8ee247dcdaf50f",
      "repairability": [
        {
          "tool-name": "JKali",
          "pattern-name": "JKali:del",
          "Unified_Diff_of-files:": "Starts Below...",
          "DELETE:": "",
          "CHANGE_old:": "    protected DeploymentManager createPippoDeploymentManager() throws ServletException {",
          "CHANGE_new:": "    protected DeploymentManager createPippoDeploymentManager() {",
          "instance_detail": [
            {
              "pattern_action": "DEL",
              "pattern_entity": {
                "entity_type": "*",
                "entity_new value": "*",
                "entity_role": "Statement",
                "entity_parent": "null"
              },
              "concrete_change": {
                "operator": "DEL",
                "src_type": "LocalVariable",
                "dst_type": "null",
                "src": "ro.pippo.core.Application application \u003d getApplication()",
                "dst": "null",
                "src_parent_type": "Block",
                "dst_parent_type": "null",
                "src_parent": "{\n    ro.pippo.core.Application application \u003d getApplication();\n    java.lang.String location \u003d application.getUploadLocation();\n    long maxFileSize \u003d application.getMaximumUploadSize();\n    return new javax.servlet.MultipartConfigElement(location, maxFileSize, (-1L), 0);\n}",
                "dst_parent": "null"
              },
              "line": 233,
              "file": "/home/khesoem/projects/lighter/exp/pippo-server-parent/pippo-jetty/src/main/java/ro/pippo/jetty/JettyServer.java"
            }
          ]
        },
        {
          "tool-name": "JKali",
          "pattern-name": "JKali:del",
          "Unified_Diff_of-files:": "Starts Below...",
          "DELETE:": "",
          "CHANGE_old:": "    protected DeploymentManager createPippoDeploymentManager() throws ServletException {",
          "CHANGE_new:": "    protected DeploymentManager createPippoDeploymentManager() {",
          "instance_detail": [
            {
              "pattern_action": "DEL",
              "pattern_entity": {
                "entity_type": "*",
                "entity_new value": "*",
                "entity_role": "Statement",
                "entity_parent": "null"
              },
              "concrete_change": {
                "operator": "DEL",
                "src_type": "LocalVariable",
                "dst_type": "null",
                "src": "java.lang.String location \u003d application.getUploadLocation()",
                "dst": "null",
                "src_parent_type": "Block",
                "dst_parent_type": "null",
                "src_parent": "{\n    ro.pippo.core.Application application \u003d getApplication();\n    java.lang.String location \u003d application.getUploadLocation();\n    long maxFileSize \u003d application.getMaximumUploadSize();\n    return new javax.servlet.MultipartConfigElement(location, maxFileSize, (-1L), 0);\n}",
                "dst_parent": "null"
              },
              "line": 234,
              "file": "/home/khesoem/projects/lighter/exp/pippo-server-parent/pippo-jetty/src/main/java/ro/pippo/jetty/JettyServer.java"
            }
          ]
        },
        {
          "tool-name": "JKali",
          "pattern-name": "JKali:del",
          "Unified_Diff_of-files:": "Starts Below...",
          "DELETE:": "",
          "CHANGE_old:": "    protected DeploymentManager createPippoDeploymentManager() throws ServletException {",
          "CHANGE_new:": "    protected DeploymentManager createPippoDeploymentManager() {",
          "instance_detail": [
            {
              "pattern_action": "DEL",
              "pattern_entity": {
                "entity_type": "*",
                "entity_new value": "*",
                "entity_role": "Statement",
                "entity_parent": "null"
              },
              "concrete_change": {
                "operator": "DEL",
                "src_type": "LocalVariable",
                "dst_type": "null",
                "src": "long maxFileSize \u003d application.getMaximumUploadSize()",
                "dst": "null",
                "src_parent_type": "Block",
                "dst_parent_type": "null",
                "src_parent": "{\n    ro.pippo.core.Application application \u003d getApplication();\n    java.lang.String location \u003d application.getUploadLocation();\n    long maxFileSize \u003d application.getMaximumUploadSize();\n    return new javax.servlet.MultipartConfigElement(location, maxFileSize, (-1L), 0);\n}",
                "dst_parent": "null"
              },
              "line": 235,
              "file": "/home/khesoem/projects/lighter/exp/pippo-server-parent/pippo-jetty/src/main/java/ro/pippo/jetty/JettyServer.java"
            }
          ]
        },
        {
          "tool-name": "JKali",
          "pattern-name": "JKali:del",
          "Unified_Diff_of-files:": "Starts Below...",
          "DELETE:": "",
          "CHANGE_old:": "    protected DeploymentManager createPippoDeploymentManager() throws ServletException {",
          "CHANGE_new:": "    protected DeploymentManager createPippoDeploymentManager() {",
          "instance_detail": [
            {
              "pattern_action": "DEL",
              "pattern_entity": {
                "entity_type": "*",
                "entity_new value": "*",
                "entity_role": "Statement",
                "entity_parent": "null"
              },
              "concrete_change": {
                "operator": "DEL",
                "src_type": "Return",
                "dst_type": "null",
                "src": "return new javax.servlet.MultipartConfigElement(location, maxFileSize, (-1L), 0)",
                "dst": "null",
                "src_parent_type": "Block",
                "dst_parent_type": "null",
                "src_parent": "{\n    ro.pippo.core.Application application \u003d getApplication();\n    java.lang.String location \u003d application.getUploadLocation();\n    long maxFileSize \u003d application.getMaximumUploadSize();\n    return new javax.servlet.MultipartConfigElement(location, maxFileSize, (-1L), 0);\n}",
                "dst_parent": "null"
              },
              "line": 237,
              "file": "/home/khesoem/projects/lighter/exp/pippo-server-parent/pippo-jetty/src/main/java/ro/pippo/jetty/JettyServer.java"
            }
          ]
        }
      ]
    },
    {
      "revision": "b446c6debc8d9136c2b3e9ff4a8ee247dcdaf50f",
      "repairability": [
        {
          "tool-name": "JKali",
          "pattern-name": "JKali:del",
          "Unified_Diff_of-files:": "Starts Below...",
          "DELETE:": "",
          "CHANGE_old:": "    protected DeploymentManager createPippoDeploymentManager() throws ServletException {",
          "CHANGE_new:": "    protected DeploymentManager createPippoDeploymentManager() {",
          "instance_detail": [
            {
              "pattern_action": "DEL",
              "pattern_entity": {
                "entity_type": "*",
                "entity_new value": "*",
                "entity_role": "Statement",
                "entity_parent": "null"
              },
              "concrete_change": {
                "operator": "DEL",
                "src_type": "LocalVariable",
                "dst_type": "null",
                "src": "ro.pippo.core.Application application \u003d getApplication()",
                "dst": "null",
                "src_parent_type": "Block",
                "dst_parent_type": "null",
                "src_parent": "{\n    ro.pippo.core.Application application \u003d getApplication();\n    java.lang.String location \u003d application.getUploadLocation();\n    long maxFileSize \u003d application.getMaximumUploadSize();\n    return new javax.servlet.MultipartConfigElement(location, maxFileSize, (-1L), 0);\n}",
                "dst_parent": "null"
              },
              "line": 207,
              "file": "/home/khesoem/projects/lighter/exp/pippo-server-parent/pippo-undertow/src/main/java/ro/pippo/undertow/UndertowServer.java"
            }
          ]
        },
        {
          "tool-name": "JKali",
          "pattern-name": "JKali:del",
          "Unified_Diff_of-files:": "Starts Below...",
          "DELETE:": "",
          "CHANGE_old:": "    protected DeploymentManager createPippoDeploymentManager() throws ServletException {",
          "CHANGE_new:": "    protected DeploymentManager createPippoDeploymentManager() {",
          "instance_detail": [
            {
              "pattern_action": "DEL",
              "pattern_entity": {
                "entity_type": "*",
                "entity_new value": "*",
                "entity_role": "Statement",
                "entity_parent": "null"
              },
              "concrete_change": {
                "operator": "DEL",
                "src_type": "LocalVariable",
                "dst_type": "null",
                "src": "java.lang.String location \u003d application.getUploadLocation()",
                "dst": "null",
                "src_parent_type": "Block",
                "dst_parent_type": "null",
                "src_parent": "{\n    ro.pippo.core.Application application \u003d getApplication();\n    java.lang.String location \u003d application.getUploadLocation();\n    long maxFileSize \u003d application.getMaximumUploadSize();\n    return new javax.servlet.MultipartConfigElement(location, maxFileSize, (-1L), 0);\n}",
                "dst_parent": "null"
              },
              "line": 208,
              "file": "/home/khesoem/projects/lighter/exp/pippo-server-parent/pippo-undertow/src/main/java/ro/pippo/undertow/UndertowServer.java"
            }
          ]
        },
        {
          "tool-name": "JKali",
          "pattern-name": "JKali:del",
          "Unified_Diff_of-files:": "Starts Below...",
          "DELETE:": "",
          "CHANGE_old:": "    protected DeploymentManager createPippoDeploymentManager() throws ServletException {",
          "CHANGE_new:": "    protected DeploymentManager createPippoDeploymentManager() {",
          "instance_detail": [
            {
              "pattern_action": "DEL",
              "pattern_entity": {
                "entity_type": "*",
                "entity_new value": "*",
                "entity_role": "Statement",
                "entity_parent": "null"
              },
              "concrete_change": {
                "operator": "DEL",
                "src_type": "LocalVariable",
                "dst_type": "null",
                "src": "long maxFileSize \u003d application.getMaximumUploadSize()",
                "dst": "null",
                "src_parent_type": "Block",
                "dst_parent_type": "null",
                "src_parent": "{\n    ro.pippo.core.Application application \u003d getApplication();\n    java.lang.String location \u003d application.getUploadLocation();\n    long maxFileSize \u003d application.getMaximumUploadSize();\n    return new javax.servlet.MultipartConfigElement(location, maxFileSize, (-1L), 0);\n}",
                "dst_parent": "null"
              },
              "line": 209,
              "file": "/home/khesoem/projects/lighter/exp/pippo-server-parent/pippo-undertow/src/main/java/ro/pippo/undertow/UndertowServer.java"
            }
          ]
        },
        {
          "tool-name": "JKali",
          "pattern-name": "JKali:del",
          "Unified_Diff_of-files:": "Starts Below...",
          "DELETE:": "",
          "CHANGE_old:": "    protected DeploymentManager createPippoDeploymentManager() throws ServletException {",
          "CHANGE_new:": "    protected DeploymentManager createPippoDeploymentManager() {",
          "instance_detail": [
            {
              "pattern_action": "DEL",
              "pattern_entity": {
                "entity_type": "*",
                "entity_new value": "*",
                "entity_role": "Statement",
                "entity_parent": "null"
              },
              "concrete_change": {
                "operator": "DEL",
                "src_type": "Return",
                "dst_type": "null",
                "src": "return new javax.servlet.MultipartConfigElement(location, maxFileSize, (-1L), 0)",
                "dst": "null",
                "src_parent_type": "Block",
                "dst_parent_type": "null",
                "src_parent": "{\n    ro.pippo.core.Application application \u003d getApplication();\n    java.lang.String location \u003d application.getUploadLocation();\n    long maxFileSize \u003d application.getMaximumUploadSize();\n    return new javax.servlet.MultipartConfigElement(location, maxFileSize, (-1L), 0);\n}",
                "dst_parent": "null"
              },
              "line": 211,
              "file": "/home/khesoem/projects/lighter/exp/pippo-server-parent/pippo-undertow/src/main/java/ro/pippo/undertow/UndertowServer.java"
            }
          ]
        }
      ]
    },
    {
      "revision": "b446c6debc8d9136c2b3e9ff4a8ee247dcdaf50f",
      "repairability": [
        {
          "tool-name": "JKali",
          "pattern-name": "JKali:add_rtrn",
          "Unified_Diff_of-files:": "Starts Below...",
          "DELETE:": "",
          "CHANGE_old:": "    protected DeploymentManager createPippoDeploymentManager() throws ServletException {",
          "CHANGE_new:": "    protected DeploymentManager createPippoDeploymentManager() {",
          "instance_detail": [
            {
              "pattern_action": "INS",
              "pattern_entity": {
                "entity_type": "Return",
                "entity_new value": "*",
                "entity_role": "Statement",
                "entity_parent": "null"
              },
              "concrete_change": {
                "operator": "INS",
                "src_type": "Return",
                "dst_type": "null",
                "src": "return new javax.servlet.MultipartConfigElement(location, maxFileSize, (-1L), 0)",
                "dst": "null",
                "src_parent_type": "Block",
                "dst_parent_type": "null",
                "src_parent": "{\n    ro.pippo.core.Application application \u003d getApplication();\n    java.lang.String location \u003d application.getUploadLocation();\n    long maxFileSize \u003d application.getMaximumUploadSize();\n    return new javax.servlet.MultipartConfigElement(location, maxFileSize, (-1L), 0);\n}",
                "dst_parent": "null"
              },
              "line": 131,
              "file": "/home/khesoem/projects/lighter/exp/pippo-core/src/main/java/ro/pippo/core/AbstractWebServer.java"
            }
          ]
        }
      ]
    }
  ],
  "complete_analysis": true
}