{
  "instances": [
    {
      "revision": "4cf1353c7d168843b02e97a551ab4ce852b73716",
      "repairability": [
        {
          "tool-name": "JKali",
          "pattern-name": "JKali:add_rtrn",
          "Unified_Diff_of-files:": "Starts Below...",
          "INSERT:": "}",
          "instance_detail": [
            {
              "pattern_action": "INS",
              "pattern_entity": {
                "entity_type": "Return",
                "entity_new value": "*",
                "entity_role": "Statement",
                "entity_parent": "null"
              },
              "concrete_change": {
                "operator": "INS",
                "src_type": "Return",
                "dst_type": "null",
                "src": "return new ro.pippo.core.WebServerSettings(pippoSettings)",
                "dst": "null",
                "src_parent_type": "Block",
                "dst_parent_type": "null",
                "src_parent": "{\n    return new ro.pippo.core.WebServerSettings(pippoSettings);\n}",
                "dst_parent": "null"
              },
              "line": 90,
              "file": "/home/khesoem/projects/lighter/exp/pippo-jetty/src/main/java/ro/pippo/jetty/JettyServer.java"
            }
          ]
        }
      ]
    },
    {
      "revision": "4cf1353c7d168843b02e97a551ab4ce852b73716",
      "repairability": [
        {
          "tool-name": "JKali",
          "pattern-name": "JKali:del",
          "Unified_Diff_of-files:": "Starts Below...",
          "INSERT:": "}",
          "instance_detail": [
            {
              "pattern_action": "DEL",
              "pattern_entity": {
                "entity_type": "*",
                "entity_new value": "*",
                "entity_role": "Statement",
                "entity_parent": "null"
              },
              "concrete_change": {
                "operator": "DEL",
                "src_type": "LocalVariable",
                "dst_type": "null",
                "src": "ro.pippo.core.WebServerSettings serverSettings \u003d new ro.pippo.core.WebServerSettings(application.getPippoSettings())",
                "dst": "null",
                "src_parent_type": "Block",
                "dst_parent_type": "null",
                "src_parent": "{\n    server \u003d ro.pippo.core.util.ServiceLocator.locate(ro.pippo.core.WebServer.class);\n    if ((server) \u003d\u003d null) {\n        throw new ro.pippo.core.PippoRuntimeException(\"Cannot find a WebServer\");\n    }\n    ro.pippo.core.PippoFilter pippoFilter \u003d createPippoFilter(application);\n    server.setPippoFilter(pippoFilter);\n    ro.pippo.core.WebServerSettings serverSettings \u003d new ro.pippo.core.WebServerSettings(application.getPippoSettings());\n    server.setSettings(serverSettings);\n}",
                "dst_parent": "null"
              },
              "line": 65,
              "file": "/home/khesoem/projects/lighter/exp/pippo-core/src/main/java/ro/pippo/core/Pippo.java",
              "stats": {
                "number_of_src_entities": 25,
                "number_of_dst_entities": -1,
                "src_entity_types": "[java.lang.Object, ro.pippo.core.Application, ro.pippo.core.WebServerSettings, ro.pippo.core.Pippo]",
                "dst_entity_types": "[]"
              }
            }
          ]
        }
      ]
    },
    {
      "revision": "4cf1353c7d168843b02e97a551ab4ce852b73716",
      "repairability": [
        {
          "tool-name": "JKali",
          "pattern-name": "JKali:add_rtrn",
          "Unified_Diff_of-files:": "Starts Below...",
          "INSERT:": "}",
          "instance_detail": [
            {
              "pattern_action": "INS",
              "pattern_entity": {
                "entity_type": "Return",
                "entity_new value": "*",
                "entity_role": "Statement",
                "entity_parent": "null"
              },
              "concrete_change": {
                "operator": "INS",
                "src_type": "Return",
                "dst_type": "null",
                "src": "return new ro.pippo.undertow.UndertowSettings(pippoSettings)",
                "dst": "null",
                "src_parent_type": "Block",
                "dst_parent_type": "null",
                "src_parent": "{\n    return new ro.pippo.undertow.UndertowSettings(pippoSettings);\n}",
                "dst_parent": "null"
              },
              "line": 103,
              "file": "/home/khesoem/projects/lighter/exp/pippo-undertow/src/main/java/ro/pippo/undertow/UndertowServer.java"
            }
          ]
        }
      ]
    },
    {
      "revision": "4cf1353c7d168843b02e97a551ab4ce852b73716",
      "repairability": [
        {
          "tool-name": "JKali",
          "pattern-name": "JKali:del",
          "Unified_Diff_of-files:": "Starts Below...",
          "INSERT:": "}",
          "instance_detail": [
            {
              "pattern_action": "DEL",
              "pattern_entity": {
                "entity_type": "*",
                "entity_new value": "*",
                "entity_role": "Statement",
                "entity_parent": "null"
              },
              "concrete_change": {
                "operator": "DEL",
                "src_type": "Assignment",
                "dst_type": "null",
                "src": "pippoServlet \u003d new ro.pippo.core.PippoServlet()",
                "dst": "null",
                "src_parent_type": "Block",
                "dst_parent_type": "null",
                "src_parent": "{\n    if (ro.pippo.core.util.StringUtils.isNullOrEmpty(pippoFilterPath)) {\n        pippoFilterPath \u003d \"/*\";\n    }\n    pippoServlet \u003d new ro.pippo.core.PippoServlet();\n    pippoServlet.setApplication(application);\n    tomcat \u003d new org.apache.catalina.startup.Tomcat();\n    tomcat.setPort(settings.getPort());\n    java.io.File docBase \u003d new java.io.File(java.lang.System.getProperty(\"java.io.tmpdir\"));\n    org.apache.catalina.Context context \u003d tomcat.addContext(settings.getContextPath(), docBase.getAbsolutePath());\n    org.apache.catalina.Wrapper wrapper \u003d context.createWrapper();\n    java.lang.String name \u003d \"dispatcher\";\n    wrapper.setName(name);\n    wrapper.setLoadOnStartup(1);\n    wrapper.setServlet(pippoServlet);\n    context.addChild(wrapper);\n    context.addServletMapping(pippoFilterPath, name);\n    try {\n        java.lang.String version \u003d tomcat.getClass().getPackage().getImplementationVersion();\n        ro.pippo.tomcat.TomcatServer.log.info(\"Starting Tomcat Server {} on port {}\", version, settings.getPort());\n        tomcat.start();\n    } catch (org.apache.catalina.LifecycleException e) {\n        throw new ro.pippo.core.PippoRuntimeException(e);\n    }\n    tomcat.getServer().await();\n}",
                "dst_parent": "null"
              },
              "line": 57,
              "file": "/home/khesoem/projects/lighter/exp/pippo-tomcat/src/main/java/ro/pippo/tomcat/TomcatServer.java",
              "stats": {
                "number_of_src_entities": 19,
                "number_of_dst_entities": -1,
                "src_entity_types": "[ro.pippo.core.PippoServlet, ro.pippo.tomcat.TomcatServer]",
                "dst_entity_types": "[]"
              }
            }
          ]
        },
        {
          "tool-name": "JKali",
          "pattern-name": "JKali:add_rtrn",
          "Unified_Diff_of-files:": "Starts Below...",
          "INSERT:": "}",
          "instance_detail": [
            {
              "pattern_action": "INS",
              "pattern_entity": {
                "entity_type": "Return",
                "entity_new value": "*",
                "entity_role": "Statement",
                "entity_parent": "null"
              },
              "concrete_change": {
                "operator": "INS",
                "src_type": "Return",
                "dst_type": "null",
                "src": "return new ro.pippo.core.WebServerSettings(pippoSettings)",
                "dst": "null",
                "src_parent_type": "Block",
                "dst_parent_type": "null",
                "src_parent": "{\n    return new ro.pippo.core.WebServerSettings(pippoSettings);\n}",
                "dst_parent": "null"
              },
              "line": 95,
              "file": "/home/khesoem/projects/lighter/exp/pippo-tomcat/src/main/java/ro/pippo/tomcat/TomcatServer.java"
            }
          ]
        }
      ]
    },
    {
      "revision": "4cf1353c7d168843b02e97a551ab4ce852b73716",
      "repairability": [
        {
          "tool-name": "JKali",
          "pattern-name": "JKali:add_rtrn",
          "Unified_Diff_of-files:": "Starts Below...",
          "INSERT:": "}",
          "instance_detail": [
            {
              "pattern_action": "INS",
              "pattern_entity": {
                "entity_type": "Return",
                "entity_new value": "*",
                "entity_role": "Statement",
                "entity_parent": "null"
              },
              "concrete_change": {
                "operator": "INS",
                "src_type": "Return",
                "dst_type": "null",
                "src": "return new ro.pippo.core.WebServerSettings(pippoSettings)",
                "dst": "null",
                "src_parent_type": "Block",
                "dst_parent_type": "null",
                "src_parent": "{\n    return new ro.pippo.core.WebServerSettings(pippoSettings);\n}",
                "dst_parent": "null"
              },
              "line": 105,
              "file": "/home/khesoem/projects/lighter/exp/pippo-tjws/src/main/java/ro/pippo/tjws/TjwsServer.java"
            }
          ]
        }
      ]
    }
  ],
  "complete_analysis": true
}