{
  "instances": [
    {
      "revision": "5f33f3d5848bb764fd5a676b83f882b78a636d09",
      "repairability": [
        {
          "tool-name": "Nopol",
          "pattern-name": "Nopol:if_condition_upd_shallow",
          "Unified_Diff_of-files:": "Starts Below...",
          "CHANGE_old:": "        if (useOdometer \u0026\u0026 (firstOdometer !\u003d 0.0 || lastOdometer !\u003d 0.0)) {",
          "CHANGE_new:": "        if (useOdometer \u0026\u0026 firstOdometer !\u003d 0.0 \u0026\u0026 lastOdometer !\u003d 0.0) {",
          "instance_detail": [
            {
              "pattern_action": "UPD",
              "pattern_entity": {
                "entity_type": "*",
                "entity_new value": "*",
                "entity_role": "condition",
                "entity_parent": {
                  "entity_type": "If",
                  "entity_new value": "*",
                  "entity_role": "*",
                  "entity_parent": "null"
                }
              },
              "concrete_change": {
                "operator": "UPD",
                "src_type": "BinaryOperator",
                "dst_type": "BinaryOperator",
                "src": "((firstOdometer !\u003d 0.0) || (lastOdometer !\u003d 0.0))",
                "dst": "(useOdometer \u0026\u0026 (firstOdometer !\u003d 0.0)) \u0026\u0026 (lastOdometer !\u003d 0.0)",
                "src_parent_type": "BinaryOperator",
                "dst_parent_type": "If",
                "src_parent": "useOdometer \u0026\u0026 ((firstOdometer !\u003d 0.0) || (lastOdometer !\u003d 0.0))",
                "dst_parent": "if ((useOdometer \u0026\u0026 (firstOdometer !\u003d 0.0)) \u0026\u0026 (lastOdometer !\u003d 0.0)) {\n    distance \u003d lastOdometer - firstOdometer;\n} else\n    if ((firstPosition.getAttributes().containsKey(Position.KEY_TOTAL_DISTANCE)) \u0026\u0026 (lastPosition.getAttributes().containsKey(Position.KEY_TOTAL_DISTANCE))) {\n        distance \u003d (lastPosition.getDouble(Position.KEY_TOTAL_DISTANCE)) - (firstPosition.getDouble(Position.KEY_TOTAL_DISTANCE));\n    }\n"
              },
              "line": 100,
              "file": "/home/khesoem/projects/lighter/exp/src/main/java/org/traccar/reports/ReportUtils.java",
              "stats": {
                "number_of_src_entities": 16,
                "number_of_dst_entities": 21,
                "src_entity_types": "[boolean, double]",
                "dst_entity_types": "[boolean, double]"
              }
            }
          ]
        },
        {
          "tool-name": "Nopol",
          "pattern-name": "Nopol:if_condition_upd_deep",
          "Unified_Diff_of-files:": "Starts Below...",
          "CHANGE_old:": "        if (useOdometer \u0026\u0026 (firstOdometer !\u003d 0.0 || lastOdometer !\u003d 0.0)) {",
          "CHANGE_new:": "        if (useOdometer \u0026\u0026 firstOdometer !\u003d 0.0 \u0026\u0026 lastOdometer !\u003d 0.0) {",
          "instance_detail": [
            {
              "pattern_action": "ANY",
              "pattern_entity": {
                "entity_type": "*",
                "entity_new value": "*",
                "entity_role": "*",
                "entity_parent": {
                  "entity_type": "*",
                  "entity_new value": "*",
                  "entity_role": "condition",
                  "entity_parent": {
                    "entity_type": "If",
                    "entity_new value": "*",
                    "entity_role": "*",
                    "entity_parent": "null"
                  }
                }
              },
              "concrete_change": {
                "operator": "DEL",
                "src_type": "VariableRead",
                "dst_type": "null",
                "src": "useOdometer",
                "dst": "null",
                "src_parent_type": "BinaryOperator",
                "dst_parent_type": "null",
                "src_parent": "useOdometer \u0026\u0026 ((firstOdometer !\u003d 0.0) || (lastOdometer !\u003d 0.0))",
                "dst_parent": "null"
              },
              "line": 100,
              "file": "/home/khesoem/projects/lighter/exp/src/main/java/org/traccar/reports/ReportUtils.java"
            }
          ]
        }
      ]
    }
  ],
  "complete_analysis": true
}