{
  "instances": [
    {
      "revision": "884491eb519bf0a3e9d94428049e2a39bcf294b4",
      "repairability": [
        {
          "tool-name": "Elixir",
          "pattern-name": "Elixir:update_type_ref",
          "Unified_Diff_of-files:": "Starts Below...",
          "CHANGE_old:": "",
          "CHANGE_new:": "                        MessageSet allMessages \u003d builder.build();",
          "instance_detail": [
            {
              "pattern_action": "UPD",
              "pattern_entity": {
                "entity_type": "TypeReference",
                "entity_new value": "*",
                "entity_role": "*",
                "entity_parent": "null"
              },
              "concrete_change": {
                "operator": "UPD",
                "src_type": "TypeReference",
                "dst_type": "TypeReference",
                "src": "org.imdea.vcd.pb.Proto.Message",
                "dst": "org.imdea.vcd.pb.Proto.MessageSet",
                "src_parent_type": "LocalVariable",
                "dst_parent_type": "LocalVariable",
                "src_parent": "org.imdea.vcd.pb.Proto.Message first \u003d toWriter.take()",
                "dst_parent": "org.imdea.vcd.pb.Proto.MessageSet first \u003d toWriter.take()"
              },
              "line": 142,
              "file": "/home/khesoem/projects/lighter/exp/src/main/java/org/imdea/vcd/DataRW.java",
              "stats": {
                "number_of_src_entities": 2,
                "number_of_dst_entities": 2,
                "src_entity_types": "[org.imdea.vcd.pb.Proto.Message]",
                "dst_entity_types": "[org.imdea.vcd.pb.Proto.MessageSet]"
              }
            }
          ]
        },
        {
          "tool-name": "Elixir",
          "pattern-name": "Elixir:update_invocation_deep",
          "Unified_Diff_of-files:": "Starts Below...",
          "CHANGE_old:": "",
          "CHANGE_new:": "                        MessageSet allMessages \u003d builder.build();",
          "instance_detail": [
            {
              "pattern_action": "ANY",
              "pattern_entity": {
                "entity_type": "*",
                "entity_new value": "*",
                "entity_role": "*",
                "entity_parent": {
                  "entity_type": "AbstractInvocation",
                  "entity_new value": "*",
                  "entity_role": "*",
                  "entity_parent": "null"
                }
              },
              "concrete_change": {
                "operator": "UPD",
                "src_type": "VariableRead",
                "dst_type": "VariableRead",
                "src": "first",
                "dst": "builder",
                "src_parent_type": "Invocation",
                "dst_parent_type": "Invocation",
                "src_parent": "org.imdea.vcd.pb.Proto.MessageSet.newBuilder().addMessages(first)",
                "dst_parent": "builder.build()"
              },
              "line": 151,
              "file": "/home/khesoem/projects/lighter/exp/src/main/java/org/imdea/vcd/DataRW.java",
              "stats": {
                "number_of_src_entities": 4,
                "number_of_dst_entities": 4,
                "src_entity_types": "[org.imdea.vcd.pb.Proto.Message]",
                "dst_entity_types": "[MessageSet.Builder]"
              }
            }
          ]
        }
      ]
    }
  ],
  "complete_analysis": true
}