{
  "instances": [
    {
      "revision": "31473697a00f42e003fc4f6f328ffc663ec99d96",
      "repairability": [
        {
          "tool-name": "Elixir",
          "pattern-name": "Elixir:update_type_ref",
          "Unified_Diff_of-files:": "Starts Below...",
          "INSERT:": "}",
          "instance_detail": [
            {
              "pattern_action": "UPD",
              "pattern_entity": {
                "entity_type": "TypeReference",
                "entity_new value": "*",
                "entity_role": "*",
                "entity_parent": "null"
              },
              "concrete_change": {
                "operator": "UPD",
                "src_type": "TypeReference",
                "dst_type": "TypeReference",
                "src": "java.lang.Object",
                "dst": "org.imdea.vcd.datum.MessageSet",
                "src_parent_type": "Method",
                "dst_parent_type": "Method",
                "src_parent": "public java.lang.Object receive(org.imdea.vcd.datum.DatumType type) throws java.io.IOException {\n    return org.imdea.vcd.datum.DatumCoder.decode(type, this.rw.read());\n}",
                "dst_parent": "public org.imdea.vcd.datum.MessageSet receive() throws java.io.IOException {\n    byte[] data \u003d this.rw.read();\n    org.imdea.vcd.datum.MessageSet messageSet \u003d this.coder.decode(data);\n    return messageSet;\n}"
              },
              "line": 34,
              "file": "/home/khesoem/projects/lighter/exp/src/main/java/org/imdea/vcd/Socket.java",
              "stats": {
                "number_of_src_entities": 2,
                "number_of_dst_entities": 2,
                "src_entity_types": "[java.lang.Object]",
                "dst_entity_types": "[org.imdea.vcd.datum.MessageSet]"
              }
            }
          ]
        },
        {
          "tool-name": "Elixir",
          "pattern-name": "Elixir:update_type_ref",
          "Unified_Diff_of-files:": "Starts Below...",
          "INSERT:": "}",
          "instance_detail": [
            {
              "pattern_action": "UPD",
              "pattern_entity": {
                "entity_type": "TypeReference",
                "entity_new value": "*",
                "entity_role": "*",
                "entity_parent": "null"
              },
              "concrete_change": {
                "operator": "UPD",
                "src_type": "TypeReference",
                "dst_type": "TypeReference",
                "src": "org.imdea.vcd.datum.DatumType",
                "dst": "org.imdea.vcd.datum.MessageSet",
                "src_parent_type": "ParameterReference",
                "dst_parent_type": "Parameter",
                "src_parent": "type",
                "dst_parent": "org.imdea.vcd.datum.MessageSet messageSet"
              },
              "line": 30,
              "file": "/home/khesoem/projects/lighter/exp/src/main/java/org/imdea/vcd/Socket.java",
              "stats": {
                "number_of_src_entities": 2,
                "number_of_dst_entities": 2,
                "src_entity_types": "[org.imdea.vcd.datum.DatumType]",
                "dst_entity_types": "[org.imdea.vcd.datum.MessageSet]"
              }
            }
          ]
        }
      ]
    }
  ],
  "complete_analysis": true
}