{
  "instances": [
    {
      "revision": "3cbcd2a2e3b9ae63ee2c62d15328a51ac5ca002f",
      "repairability": [
        {
          "tool-name": "JKali",
          "pattern-name": "JKali:add_rtrn",
          "Unified_Diff_of-files:": "Starts Below...",
          "DELETE:": "        }",
          "instance_detail": [
            {
              "pattern_action": "INS",
              "pattern_entity": {
                "entity_type": "Return",
                "entity_new value": "*",
                "entity_role": "Statement",
                "entity_parent": "null"
              },
              "concrete_change": {
                "operator": "INS",
                "src_type": "Return",
                "dst_type": "null",
                "src": "return baseNode",
                "dst": "null",
                "src_parent_type": "Block",
                "dst_parent_type": "null",
                "src_parent": "{\n    return baseNode;\n}",
                "dst_parent": "null"
              },
              "line": 60,
              "file": "/home/khesoem/projects/lighter/exp/core/impl/src/main/java/com/blazebit/persistence/impl/SimplePathReference.java"
            }
          ]
        },
        {
          "tool-name": "JKali",
          "pattern-name": "JKali:add_rtrn",
          "Unified_Diff_of-files:": "Starts Below...",
          "DELETE:": "        }",
          "instance_detail": [
            {
              "pattern_action": "INS",
              "pattern_entity": {
                "entity_type": "Return",
                "entity_new value": "*",
                "entity_role": "Statement",
                "entity_parent": "null"
              },
              "concrete_change": {
                "operator": "INS",
                "src_type": "Return",
                "dst_type": "null",
                "src": "return sb.toString()",
                "dst": "null",
                "src_parent_type": "Block",
                "dst_parent_type": "null",
                "src_parent": "{\n    java.lang.StringBuilder sb \u003d new java.lang.StringBuilder();\n    baseNode.appendDeReference(sb, field);\n    return sb.toString();\n}",
                "dst_parent": "null"
              },
              "line": 67,
              "file": "/home/khesoem/projects/lighter/exp/core/impl/src/main/java/com/blazebit/persistence/impl/SimplePathReference.java"
            }
          ]
        },
        {
          "tool-name": "JKali",
          "pattern-name": "JKali:add_rtrn",
          "Unified_Diff_of-files:": "Starts Below...",
          "DELETE:": "        }",
          "instance_detail": [
            {
              "pattern_action": "INS",
              "pattern_entity": {
                "entity_type": "Return",
                "entity_new value": "*",
                "entity_role": "Statement",
                "entity_parent": "null"
              },
              "concrete_change": {
                "operator": "INS",
                "src_type": "Return",
                "dst_type": "null",
                "src": "return type.getJavaType()",
                "dst": "null",
                "src_parent_type": "Block",
                "dst_parent_type": "null",
                "src_parent": "{\n    return type.getJavaType();\n}",
                "dst_parent": "null"
              },
              "line": 72,
              "file": "/home/khesoem/projects/lighter/exp/core/impl/src/main/java/com/blazebit/persistence/impl/SimplePathReference.java"
            }
          ]
        }
      ]
    },
    {
      "revision": "3cbcd2a2e3b9ae63ee2c62d15328a51ac5ca002f",
      "repairability": [
        {
          "tool-name": "JKali",
          "pattern-name": "JKali:add_rtrn",
          "Unified_Diff_of-files:": "Starts Below...",
          "DELETE:": "        }",
          "instance_detail": [
            {
              "pattern_action": "INS",
              "pattern_entity": {
                "entity_type": "Return",
                "entity_new value": "*",
                "entity_role": "Statement",
                "entity_parent": "null"
              },
              "concrete_change": {
                "operator": "INS",
                "src_type": "Return",
                "dst_type": "null",
                "src": "return getBaseNode()",
                "dst": "null",
                "src_parent_type": "Block",
                "dst_parent_type": "null",
                "src_parent": "{\n    return getBaseNode();\n}",
                "dst_parent": "null"
              },
              "line": 1857,
              "file": "/home/khesoem/projects/lighter/exp/core/impl/src/main/java/com/blazebit/persistence/impl/JoinManager.java"
            }
          ]
        },
        {
          "tool-name": "JKali",
          "pattern-name": "JKali:add_rtrn",
          "Unified_Diff_of-files:": "Starts Below...",
          "DELETE:": "        }",
          "instance_detail": [
            {
              "pattern_action": "INS",
              "pattern_entity": {
                "entity_type": "Return",
                "entity_new value": "*",
                "entity_role": "Statement",
                "entity_parent": "null"
              },
              "concrete_change": {
                "operator": "INS",
                "src_type": "Return",
                "dst_type": "null",
                "src": "return sb.toString()",
                "dst": "null",
                "src_parent_type": "Block",
                "dst_parent_type": "null",
                "src_parent": "{\n    java.lang.StringBuilder sb \u003d new java.lang.StringBuilder();\n    getBaseNode().appendDeReference(sb, getField());\n    return sb.toString();\n}",
                "dst_parent": "null"
              },
              "line": 1864,
              "file": "/home/khesoem/projects/lighter/exp/core/impl/src/main/java/com/blazebit/persistence/impl/JoinManager.java"
            }
          ]
        },
        {
          "tool-name": "JKali",
          "pattern-name": "JKali:add_rtrn",
          "Unified_Diff_of-files:": "Starts Below...",
          "DELETE:": "        }",
          "instance_detail": [
            {
              "pattern_action": "INS",
              "pattern_entity": {
                "entity_type": "Return",
                "entity_new value": "*",
                "entity_role": "Statement",
                "entity_parent": "null"
              },
              "concrete_change": {
                "operator": "INS",
                "src_type": "Return",
                "dst_type": "null",
                "src": "return type.getJavaType()",
                "dst": "null",
                "src_parent_type": "Block",
                "dst_parent_type": "null",
                "src_parent": "{\n    return type.getJavaType();\n}",
                "dst_parent": "null"
              },
              "line": 1869,
              "file": "/home/khesoem/projects/lighter/exp/core/impl/src/main/java/com/blazebit/persistence/impl/JoinManager.java"
            }
          ]
        }
      ]
    },
    {
      "revision": "3cbcd2a2e3b9ae63ee2c62d15328a51ac5ca002f",
      "repairability": [
        {
          "tool-name": "JKali",
          "pattern-name": "JKali:add_rtrn",
          "Unified_Diff_of-files:": "Starts Below...",
          "DELETE:": "        }",
          "instance_detail": [
            {
              "pattern_action": "INS",
              "pattern_entity": {
                "entity_type": "Return",
                "entity_new value": "*",
                "entity_role": "Statement",
                "entity_parent": "null"
              },
              "concrete_change": {
                "operator": "INS",
                "src_type": "Return",
                "dst_type": "null",
                "src": "return getNodeType()",
                "dst": "null",
                "src_parent_type": "Block",
                "dst_parent_type": "null",
                "src_parent": "{\n    return getNodeType();\n}",
                "dst_parent": "null"
              },
              "line": 749,
              "file": "/home/khesoem/projects/lighter/exp/core/impl/src/main/java/com/blazebit/persistence/impl/JoinNode.java"
            }
          ]
        }
      ]
    },
    {
      "revision": "3cbcd2a2e3b9ae63ee2c62d15328a51ac5ca002f",
      "repairability": [
        {
          "tool-name": "JKali",
          "pattern-name": "JKali:add_rtrn",
          "Unified_Diff_of-files:": "Starts Below...",
          "DELETE:": "        }",
          "instance_detail": [
            {
              "pattern_action": "INS",
              "pattern_entity": {
                "entity_type": "Return",
                "entity_new value": "*",
                "entity_role": "Statement",
                "entity_parent": "null"
              },
              "concrete_change": {
                "operator": "INS",
                "src_type": "Return",
                "dst_type": "null",
                "src": "return ((com.blazebit.persistence.Path) (pathExpression.getPathReference()))",
                "dst": "null",
                "src_parent_type": "Block",
                "dst_parent_type": "null",
                "src_parent": "{\n    if ((path \u003d\u003d null) || (path.isEmpty())) {\n        com.blazebit.persistence.impl.JoinNode node \u003d joinManager.getRootNodeOrFail(\"No or multiple query roots, can\u0027t find single root!\");\n        return new com.blazebit.persistence.impl.SimplePathReference(node, null, node.getType());\n    }\n    com.blazebit.persistence.parser.expression.PathExpression pathExpression \u003d expressionFactory.createPathExpression(path);\n    joinManager.implicitJoin(pathExpression, true, null, null, null, false, false, true, false);\n    return ((com.blazebit.persistence.Path) (pathExpression.getPathReference()));\n}",
                "dst_parent": "null"
              },
              "line": 722,
              "file": "/home/khesoem/projects/lighter/exp/core/impl/src/main/java/com/blazebit/persistence/impl/AbstractCommonQueryBuilder.java"
            }
          ]
        },
        {
          "tool-name": "JKali",
          "pattern-name": "JKali:add_rtrn",
          "Unified_Diff_of-files:": "Starts Below...",
          "DELETE:": "        }",
          "instance_detail": [
            {
              "pattern_action": "INS",
              "pattern_entity": {
                "entity_type": "Return",
                "entity_new value": "*",
                "entity_role": "Statement",
                "entity_parent": "null"
              },
              "concrete_change": {
                "operator": "INS",
                "src_type": "Return",
                "dst_type": "null",
                "src": "return node",
                "dst": "null",
                "src_parent_type": "Block",
                "dst_parent_type": "null",
                "src_parent": "{\n    com.blazebit.persistence.impl.JoinNode node \u003d joinManager.getRootNodeOrFail(\"No or multiple query roots, can\u0027t find single root!\");\n    return node;\n}",
                "dst_parent": "null"
              },
              "line": 708,
              "file": "/home/khesoem/projects/lighter/exp/core/impl/src/main/java/com/blazebit/persistence/impl/AbstractCommonQueryBuilder.java"
            }
          ]
        },
        {
          "tool-name": "JKali",
          "pattern-name": "JKali:add_rtrn",
          "Unified_Diff_of-files:": "Starts Below...",
          "DELETE:": "        }",
          "instance_detail": [
            {
              "pattern_action": "INS",
              "pattern_entity": {
                "entity_type": "Return",
                "entity_new value": "*",
                "entity_role": "Statement",
                "entity_parent": "null"
              },
              "concrete_change": {
                "operator": "INS",
                "src_type": "Return",
                "dst_type": "null",
                "src": "return new com.blazebit.persistence.impl.SimplePathReference(node, null, node.getType())",
                "dst": "null",
                "src_parent_type": "Block",
                "dst_parent_type": "null",
                "src_parent": "{\n    com.blazebit.persistence.impl.JoinNode node \u003d joinManager.getRootNodeOrFail(\"No or multiple query roots, can\u0027t find single root!\");\n    return new com.blazebit.persistence.impl.SimplePathReference(node, null, node.getType());\n}",
                "dst_parent": "null"
              },
              "line": 718,
              "file": "/home/khesoem/projects/lighter/exp/core/impl/src/main/java/com/blazebit/persistence/impl/AbstractCommonQueryBuilder.java"
            }
          ]
        }
      ]
    },
    {
      "revision": "3cbcd2a2e3b9ae63ee2c62d15328a51ac5ca002f",
      "repairability": [
        {
          "tool-name": "JKali",
          "pattern-name": "JKali:del",
          "Unified_Diff_of-files:": "Starts Below...",
          "DELETE:": "        }",
          "instance_detail": [
            {
              "pattern_action": "DEL",
              "pattern_entity": {
                "entity_type": "*",
                "entity_new value": "*",
                "entity_role": "Statement",
                "entity_parent": "null"
              },
              "concrete_change": {
                "operator": "DEL",
                "src_type": "Throw",
                "dst_type": "null",
                "src": "throw new java.lang.IllegalArgumentException(\"A view root must always be a simple alias!\")",
                "dst": "null",
                "src_parent_type": "Block",
                "dst_parent_type": "null",
                "src_parent": "{\n    throw new java.lang.IllegalArgumentException(\"A view root must always be a simple alias!\");\n}",
                "dst_parent": "null"
              },
              "line": 38,
              "file": "/home/khesoem/projects/lighter/exp/entity-view/impl/src/main/java/com/blazebit/persistence/view/impl/macro/DefaultViewRootJpqlMacro.java"
            }
          ]
        },
        {
          "tool-name": "JKali",
          "pattern-name": "JKali:del",
          "Unified_Diff_of-files:": "Starts Below...",
          "DELETE:": "        }",
          "instance_detail": [
            {
              "pattern_action": "DEL",
              "pattern_entity": {
                "entity_type": "*",
                "entity_new value": "*",
                "entity_role": "Statement",
                "entity_parent": "null"
              },
              "concrete_change": {
                "operator": "DEL",
                "src_type": "If",
                "dst_type": "null",
                "src": "if (viewRoot.contains(\".\")) {\n    throw new java.lang.IllegalArgumentException(\"A view root must always be a simple alias!\");\n}",
                "dst": "null",
                "src_parent_type": "Block",
                "dst_parent_type": "null",
                "src_parent": "{\n    if ((viewRoot \u003d\u003d null) || (viewRoot.isEmpty())) {\n        throw new java.lang.IllegalArgumentException(\"An empty view root is not allowed!\");\n    }\n    if (viewRoot.contains(\".\")) {\n        throw new java.lang.IllegalArgumentException(\"A view root must always be a simple alias!\");\n    }\n    this.viewRoot \u003d viewRoot;\n}",
                "dst_parent": "null"
              },
              "line": 36,
              "file": "/home/khesoem/projects/lighter/exp/entity-view/impl/src/main/java/com/blazebit/persistence/view/impl/macro/DefaultViewRootJpqlMacro.java",
              "stats": {
                "number_of_src_entities": 28,
                "number_of_dst_entities": -1,
                "src_entity_types": "[java.lang.String, java.lang.IllegalArgumentException]",
                "dst_entity_types": "[]"
              }
            }
          ]
        }
      ]
    },
    {
      "revision": "3cbcd2a2e3b9ae63ee2c62d15328a51ac5ca002f",
      "repairability": [
        {
          "tool-name": "JKali",
          "pattern-name": "JKali:del",
          "Unified_Diff_of-files:": "Starts Below...",
          "DELETE:": "        }",
          "instance_detail": [
            {
              "pattern_action": "DEL",
              "pattern_entity": {
                "entity_type": "*",
                "entity_new value": "*",
                "entity_role": "Statement",
                "entity_parent": "null"
              },
              "concrete_change": {
                "operator": "DEL",
                "src_type": "LocalVariable",
                "dst_type": "null",
                "src": "java.lang.Class\u003c?\u003e entityClazz \u003d root.getJavaType()",
                "dst": "null",
                "src_parent_type": "Block",
                "dst_parent_type": "null",
                "src_parent": "{\n    java.lang.Class\u003c?\u003e entityClazz \u003d root.getJavaType();\n    java.lang.String entityViewRoot \u003d root.getAlias();\n    com.blazebit.persistence.parser.expression.ExpressionFactory ef \u003d criteriaBuilder.getService(com.blazebit.persistence.parser.expression.ExpressionFactory.class);\n    if (!(viewType.getEntityClass().isAssignableFrom(entityClazz))) {\n        if (entityClazz.isAssignableFrom(viewType.getEntityClass())) {\n            entityViewRoot \u003d (((\"TREAT(\" + entityViewRoot) + \" AS \") + (metamodel.getEntityMetamodel().getEntity(viewType.getJavaType()).getName())) + \")\";\n        } else {\n            throw new java.lang.IllegalArgumentException(((((\"The given view type with the entity type \u0027\" + (viewType.getEntityClass().getName())) + \"\u0027 can not be applied to the query builder with result type \u0027\") + (criteriaBuilder.getResultType().getName())) + \"\u0027\"));\n        }\n    }\n    if (registerMacro) {\n        criteriaBuilder.registerMacro(\"view_root\", new com.blazebit.persistence.view.impl.macro.DefaultViewRootJpqlMacro(entityViewRoot));\n    }\n    return getTemplate(ef, viewType, mappingConstructor, viewName, entityViewRoot, offset).createObjectBuilder(criteriaBuilder, configuration.getOptionalParameters(), configuration);\n}",
                "dst_parent": "null"
              },
              "line": 562,
              "file": "/home/khesoem/projects/lighter/exp/entity-view/impl/src/main/java/com/blazebit/persistence/view/impl/EntityViewManagerImpl.java",
              "stats": {
                "number_of_src_entities": 19,
                "number_of_dst_entities": -1,
                "src_entity_types": "[, com.blazebit.persistence.From, java.lang.Class\u003c?\u003e]",
                "dst_entity_types": "[]"
              }
            }
          ]
        },
        {
          "tool-name": "JKali",
          "pattern-name": "JKali:del",
          "Unified_Diff_of-files:": "Starts Below...",
          "DELETE:": "        }",
          "instance_detail": [
            {
              "pattern_action": "DEL",
              "pattern_entity": {
                "entity_type": "*",
                "entity_new value": "*",
                "entity_role": "Statement",
                "entity_parent": "null"
              },
              "concrete_change": {
                "operator": "DEL",
                "src_type": "LocalVariable",
                "dst_type": "null",
                "src": "java.lang.String entityViewRoot \u003d root.getAlias()",
                "dst": "null",
                "src_parent_type": "Block",
                "dst_parent_type": "null",
                "src_parent": "{\n    java.lang.Class\u003c?\u003e entityClazz \u003d root.getJavaType();\n    java.lang.String entityViewRoot \u003d root.getAlias();\n    com.blazebit.persistence.parser.expression.ExpressionFactory ef \u003d criteriaBuilder.getService(com.blazebit.persistence.parser.expression.ExpressionFactory.class);\n    if (!(viewType.getEntityClass().isAssignableFrom(entityClazz))) {\n        if (entityClazz.isAssignableFrom(viewType.getEntityClass())) {\n            entityViewRoot \u003d (((\"TREAT(\" + entityViewRoot) + \" AS \") + (metamodel.getEntityMetamodel().getEntity(viewType.getJavaType()).getName())) + \")\";\n        } else {\n            throw new java.lang.IllegalArgumentException(((((\"The given view type with the entity type \u0027\" + (viewType.getEntityClass().getName())) + \"\u0027 can not be applied to the query builder with result type \u0027\") + (criteriaBuilder.getResultType().getName())) + \"\u0027\"));\n        }\n    }\n    if (registerMacro) {\n        criteriaBuilder.registerMacro(\"view_root\", new com.blazebit.persistence.view.impl.macro.DefaultViewRootJpqlMacro(entityViewRoot));\n    }\n    return getTemplate(ef, viewType, mappingConstructor, viewName, entityViewRoot, offset).createObjectBuilder(criteriaBuilder, configuration.getOptionalParameters(), configuration);\n}",
                "dst_parent": "null"
              },
              "line": 563,
              "file": "/home/khesoem/projects/lighter/exp/entity-view/impl/src/main/java/com/blazebit/persistence/view/impl/EntityViewManagerImpl.java",
              "stats": {
                "number_of_src_entities": 13,
                "number_of_dst_entities": -1,
                "src_entity_types": "[java.lang.String, com.blazebit.persistence.From]",
                "dst_entity_types": "[]"
              }
            }
          ]
        },
        {
          "tool-name": "JKali",
          "pattern-name": "JKali:del",
          "Unified_Diff_of-files:": "Starts Below...",
          "DELETE:": "        }",
          "instance_detail": [
            {
              "pattern_action": "DEL",
              "pattern_entity": {
                "entity_type": "*",
                "entity_new value": "*",
                "entity_role": "Statement",
                "entity_parent": "null"
              },
              "concrete_change": {
                "operator": "DEL",
                "src_type": "LocalVariable",
                "dst_type": "null",
                "src": "java.util.Set\u003ccom.blazebit.persistence.From\u003e roots \u003d queryBuilder.getRoots()",
                "dst": "null",
                "src_parent_type": "Block",
                "dst_parent_type": "null",
                "src_parent": "{\n    java.util.Set\u003ccom.blazebit.persistence.From\u003e roots \u003d queryBuilder.getRoots();\n    if ((roots.size()) \u003e 1) {\n        throw new java.lang.IllegalArgumentException(\"Can not apply entity view to given criteria builder because it has multiple query roots! Please specify the entity view root when applying the entity-view setting!\");\n    }\n    return roots.iterator().next();\n}",
                "dst_parent": "null"
              },
              "line": 583,
              "file": "/home/khesoem/projects/lighter/exp/entity-view/impl/src/main/java/com/blazebit/persistence/view/impl/EntityViewManagerImpl.java"
            }
          ]
        },
        {
          "tool-name": "JKali",
          "pattern-name": "JKali:del",
          "Unified_Diff_of-files:": "Starts Below...",
          "DELETE:": "        }",
          "instance_detail": [
            {
              "pattern_action": "DEL",
              "pattern_entity": {
                "entity_type": "*",
                "entity_new value": "*",
                "entity_role": "Statement",
                "entity_parent": "null"
              },
              "concrete_change": {
                "operator": "DEL",
                "src_type": "Throw",
                "dst_type": "null",
                "src": "throw new java.lang.IllegalArgumentException(\"Can not apply entity view to given criteria builder because it has multiple query roots! Please specify the entity view root when applying the entity-view setting!\")",
                "dst": "null",
                "src_parent_type": "Block",
                "dst_parent_type": "null",
                "src_parent": "{\n    throw new java.lang.IllegalArgumentException(\"Can not apply entity view to given criteria builder because it has multiple query roots! Please specify the entity view root when applying the entity-view setting!\");\n}",
                "dst_parent": "null"
              },
              "line": 585,
              "file": "/home/khesoem/projects/lighter/exp/entity-view/impl/src/main/java/com/blazebit/persistence/view/impl/EntityViewManagerImpl.java"
            }
          ]
        },
        {
          "tool-name": "JKali",
          "pattern-name": "JKali:del",
          "Unified_Diff_of-files:": "Starts Below...",
          "DELETE:": "        }",
          "instance_detail": [
            {
              "pattern_action": "DEL",
              "pattern_entity": {
                "entity_type": "*",
                "entity_new value": "*",
                "entity_role": "Statement",
                "entity_parent": "null"
              },
              "concrete_change": {
                "operator": "DEL",
                "src_type": "If",
                "dst_type": "null",
                "src": "if ((roots.size()) \u003e 1) {\n    throw new java.lang.IllegalArgumentException(\"Can not apply entity view to given criteria builder because it has multiple query roots! Please specify the entity view root when applying the entity-view setting!\");\n}",
                "dst": "null",
                "src_parent_type": "Block",
                "dst_parent_type": "null",
                "src_parent": "{\n    java.util.Set\u003ccom.blazebit.persistence.From\u003e roots \u003d queryBuilder.getRoots();\n    if ((roots.size()) \u003e 1) {\n        throw new java.lang.IllegalArgumentException(\"Can not apply entity view to given criteria builder because it has multiple query roots! Please specify the entity view root when applying the entity-view setting!\");\n    }\n    return roots.iterator().next();\n}",
                "dst_parent": "null"
              },
              "line": 584,
              "file": "/home/khesoem/projects/lighter/exp/entity-view/impl/src/main/java/com/blazebit/persistence/view/impl/EntityViewManagerImpl.java"
            }
          ]
        },
        {
          "tool-name": "JKali",
          "pattern-name": "JKali:del",
          "Unified_Diff_of-files:": "Starts Below...",
          "DELETE:": "        }",
          "instance_detail": [
            {
              "pattern_action": "DEL",
              "pattern_entity": {
                "entity_type": "*",
                "entity_new value": "*",
                "entity_role": "Statement",
                "entity_parent": "null"
              },
              "concrete_change": {
                "operator": "DEL",
                "src_type": "Return",
                "dst_type": "null",
                "src": "return roots.iterator().next()",
                "dst": "null",
                "src_parent_type": "Block",
                "dst_parent_type": "null",
                "src_parent": "{\n    java.util.Set\u003ccom.blazebit.persistence.From\u003e roots \u003d queryBuilder.getRoots();\n    if ((roots.size()) \u003e 1) {\n        throw new java.lang.IllegalArgumentException(\"Can not apply entity view to given criteria builder because it has multiple query roots! Please specify the entity view root when applying the entity-view setting!\");\n    }\n    return roots.iterator().next();\n}",
                "dst_parent": "null"
              },
              "line": 588,
              "file": "/home/khesoem/projects/lighter/exp/entity-view/impl/src/main/java/com/blazebit/persistence/view/impl/EntityViewManagerImpl.java"
            }
          ]
        },
        {
          "tool-name": "JKali",
          "pattern-name": "JKali:del",
          "Unified_Diff_of-files:": "Starts Below...",
          "DELETE:": "        }",
          "instance_detail": [
            {
              "pattern_action": "DEL",
              "pattern_entity": {
                "entity_type": "*",
                "entity_new value": "*",
                "entity_role": "Statement",
                "entity_parent": "null"
              },
              "concrete_change": {
                "operator": "DEL",
                "src_type": "If",
                "dst_type": "null",
                "src": "if ((entityViewRoot \u003d\u003d null) || (entityViewRoot.isEmpty())) {\n    java.util.Set\u003ccom.blazebit.persistence.From\u003e roots \u003d queryBuilder.getRoots();\n    if ((roots.size()) \u003e 1) {\n        throw new java.lang.IllegalArgumentException(\"Can not apply entity view to given criteria builder because it has multiple query roots! Please specify the entity view root when applying the entity-view setting!\");\n    }\n    return roots.iterator().next();\n}",
                "dst": "null",
                "src_parent_type": "Block",
                "dst_parent_type": "null",
                "src_parent": "{\n    if ((entityViewRoot \u003d\u003d null) || (entityViewRoot.isEmpty())) {\n        java.util.Set\u003ccom.blazebit.persistence.From\u003e roots \u003d queryBuilder.getRoots();\n        if ((roots.size()) \u003e 1) {\n            throw new java.lang.IllegalArgumentException(\"Can not apply entity view to given criteria builder because it has multiple query roots! Please specify the entity view root when applying the entity-view setting!\");\n        }\n        return roots.iterator().next();\n    }\n    return queryBuilder.getFromByPath(entityViewRoot);\n}",
                "dst_parent": "null"
              },
              "line": 582,
              "file": "/home/khesoem/projects/lighter/exp/entity-view/impl/src/main/java/com/blazebit/persistence/view/impl/EntityViewManagerImpl.java"
            }
          ]
        }
      ]
    }
  ],
  "complete_analysis": true
}