{
  "instances": [
    {
      "revision": "4a5787e24563463278eab389f8de74865051d2a8",
      "repairability": [
        {
          "tool-name": "JKali",
          "pattern-name": "JKali:del",
          "Unified_Diff_of-files:": "Starts Below...",
          "CHANGE_old:": "        throw new IllegalArgumentException(\"The correlation basis \u0027\" + correlationBasis + \"\u0027 in the context of the managed type \u0027\" + managedTypeClass.getName() + \"\u0027 resolved to the non-identifiable type \u0027\" + entityClazz.getName() + \"\u0027!\");",
          "CHANGE_new:": "",
          "instance_detail": [
            {
              "pattern_action": "DEL",
              "pattern_entity": {
                "entity_type": "*",
                "entity_new value": "*",
                "entity_role": "Statement",
                "entity_parent": "null"
              },
              "concrete_change": {
                "operator": "DEL",
                "src_type": "If",
                "dst_type": "null",
                "src": "if (managedType \u003d\u003d null) {\n    return null;\n}",
                "dst": "null",
                "src_parent_type": "Block",
                "dst_parent_type": "null",
                "src_parent": "{\n    com.blazebit.persistence.parser.EntityMetamodel entityMetamodel \u003d evm.getMetamodel().getEntityMetamodel();\n    javax.persistence.metamodel.ManagedType\u003c?\u003e managedType \u003d entityMetamodel.getManagedType(entityClazz);\n    if (managedType \u003d\u003d null) {\n        return null;\n    }\n    if (managedType instanceof javax.persistence.metamodel.IdentifiableType\u003c?\u003e) {\n        return entityClazz;\n    }\n    throw new java.lang.IllegalArgumentException(((((((\"The correlation basis \u0027\" + correlationBasis) + \"\u0027 in the context of the managed type \u0027\") + (managedTypeClass.getName())) + \"\u0027 resolved to the non-identifiable type \u0027\") + (entityClazz.getName())) + \"\u0027!\"));\n}",
                "dst_parent": "null"
              },
              "line": 970,
              "file": "/home/khesoem/projects/lighter/exp/entity-view/impl/src/main/java/com/blazebit/persistence/view/impl/objectbuilder/ViewTypeObjectBuilderTemplate.java",
              "stats": {
                "number_of_src_entities": 15,
                "number_of_dst_entities": -1,
                "src_entity_types": "[javax.persistence.metamodel.ManagedType\u003c?\u003e, , \u003cnulltype\u003e]",
                "dst_entity_types": "[]"
              }
            }
          ]
        },
        {
          "tool-name": "JKali",
          "pattern-name": "JKali:del",
          "Unified_Diff_of-files:": "Starts Below...",
          "CHANGE_old:": "        throw new IllegalArgumentException(\"The correlation basis \u0027\" + correlationBasis + \"\u0027 in the context of the managed type \u0027\" + managedTypeClass.getName() + \"\u0027 resolved to the non-identifiable type \u0027\" + entityClazz.getName() + \"\u0027!\");",
          "CHANGE_new:": "",
          "instance_detail": [
            {
              "pattern_action": "DEL",
              "pattern_entity": {
                "entity_type": "*",
                "entity_new value": "*",
                "entity_role": "Statement",
                "entity_parent": "null"
              },
              "concrete_change": {
                "operator": "DEL",
                "src_type": "Throw",
                "dst_type": "null",
                "src": "throw new java.lang.IllegalArgumentException(((((((\"The correlation basis \u0027\" + correlationBasis) + \"\u0027 in the context of the managed type \u0027\") + (managedTypeClass.getName())) + \"\u0027 resolved to the non-identifiable type \u0027\") + (entityClazz.getName())) + \"\u0027!\"))",
                "dst": "null",
                "src_parent_type": "Block",
                "dst_parent_type": "null",
                "src_parent": "{\n    com.blazebit.persistence.parser.EntityMetamodel entityMetamodel \u003d evm.getMetamodel().getEntityMetamodel();\n    javax.persistence.metamodel.ManagedType\u003c?\u003e managedType \u003d entityMetamodel.getManagedType(entityClazz);\n    if (managedType \u003d\u003d null) {\n        return null;\n    }\n    if (managedType instanceof javax.persistence.metamodel.IdentifiableType\u003c?\u003e) {\n        return entityClazz;\n    }\n    throw new java.lang.IllegalArgumentException(((((((\"The correlation basis \u0027\" + correlationBasis) + \"\u0027 in the context of the managed type \u0027\") + (managedTypeClass.getName())) + \"\u0027 resolved to the non-identifiable type \u0027\") + (entityClazz.getName())) + \"\u0027!\"));\n}",
                "dst_parent": "null"
              },
              "line": 977,
              "file": "/home/khesoem/projects/lighter/exp/entity-view/impl/src/main/java/com/blazebit/persistence/view/impl/objectbuilder/ViewTypeObjectBuilderTemplate.java",
              "stats": {
                "number_of_src_entities": 77,
                "number_of_dst_entities": -1,
                "src_entity_types": "[, java.lang.String, java.lang.Class, java.lang.Class\u003c?\u003e, java.lang.IllegalArgumentException, com.blazebit.persistence.view.impl.objectbuilder.ViewTypeObjectBuilderTemplate]",
                "dst_entity_types": "[]"
              }
            }
          ]
        }
      ]
    }
  ],
  "complete_analysis": true
}