{
  "instances": [
    {
      "revision": "2c7a3cb5355b8c75179e5f9415d17fb6c30d18b9",
      "repairability": [
        {
          "tool-name": "JKali",
          "pattern-name": "JKali:del",
          "Unified_Diff_of-files:": "Starts Below...",
          "INSERT:": "}",
          "instance_detail": [
            {
              "pattern_action": "DEL",
              "pattern_entity": {
                "entity_type": "*",
                "entity_new value": "*",
                "entity_role": "Statement",
                "entity_parent": "null"
              },
              "concrete_change": {
                "operator": "DEL",
                "src_type": "Return",
                "dst_type": "null",
                "src": "return entityType.getId(entityType.getIdType().getJavaType())",
                "dst": "null",
                "src_parent_type": "Block",
                "dst_parent_type": "null",
                "src_parent": "{\n    return entityType.getId(entityType.getIdType().getJavaType());\n}",
                "dst_parent": "null"
              },
              "line": 177,
              "file": "/home/khesoem/projects/lighter/exp/core/impl/src/main/java/com/blazebit/persistence/impl/JpaUtils.java",
              "stats": {
                "number_of_src_entities": 39,
                "number_of_dst_entities": -1,
                "src_entity_types": "[javax.persistence.metamodel.EntityType\u003c?\u003e, ]",
                "dst_entity_types": "[]"
              }
            }
          ]
        },
        {
          "tool-name": "JKali",
          "pattern-name": "JKali:add_rtrn",
          "Unified_Diff_of-files:": "Starts Below...",
          "INSERT:": "}",
          "instance_detail": [
            {
              "pattern_action": "INS",
              "pattern_entity": {
                "entity_type": "Return",
                "entity_new value": "*",
                "entity_role": "Statement",
                "entity_parent": "null"
              },
              "concrete_change": {
                "operator": "INS",
                "src_type": "Return",
                "dst_type": "null",
                "src": "return entityType.getId(idClass)",
                "dst": "null",
                "src_parent_type": "Block",
                "dst_parent_type": "null",
                "src_parent": "{\n    idClass \u003d entityType.getIdType().getJavaType();\n    return entityType.getId(idClass);\n}",
                "dst_parent": "null"
              },
              "line": 182,
              "file": "/home/khesoem/projects/lighter/exp/core/impl/src/main/java/com/blazebit/persistence/impl/JpaUtils.java"
            }
          ]
        },
        {
          "tool-name": "JKali",
          "pattern-name": "JKali:add_rtrn",
          "Unified_Diff_of-files:": "Starts Below...",
          "INSERT:": "}",
          "instance_detail": [
            {
              "pattern_action": "INS",
              "pattern_entity": {
                "entity_type": "Return",
                "entity_new value": "*",
                "entity_role": "Statement",
                "entity_parent": "null"
              },
              "concrete_change": {
                "operator": "INS",
                "src_type": "Return",
                "dst_type": "null",
                "src": "return entityType.getId(primitiveIdClass)",
                "dst": "null",
                "src_parent_type": "Block",
                "dst_parent_type": "null",
                "src_parent": "{\n    return entityType.getId(primitiveIdClass);\n}",
                "dst_parent": "null"
              },
              "line": 193,
              "file": "/home/khesoem/projects/lighter/exp/core/impl/src/main/java/com/blazebit/persistence/impl/JpaUtils.java"
            }
          ]
        }
      ]
    }
  ],
  "complete_analysis": true
}