{
  "instances": [
    {
      "revision": "3218166f7d2416fdecd8fc2e231ed6ed0613c366",
      "repairability": [
        {
          "tool-name": "Arja",
          "pattern-name": "Arja:arja_shallow_change",
          "Unified_Diff_of-files:": "Starts Below...",
          "INSERT:": "      this.isAutoCommit \u003d isAutoCommit;",
          "CHANGE_old:": "      return ProxyFactory.getProxyConnection(this, connection, openStatements, leakTask, now, hikariPool.getReadOnly(), hikariPool.getAutoCommit());",
          "CHANGE_new:": "      return ProxyFactory.getProxyConnection(this, connection, openStatements, leakTask, now, isReadOnly, isAutoCommit);",
          "instance_detail": [
            {
              "pattern_action": "ANY",
              "pattern_entity": {
                "entity_type": "Statement",
                "entity_new value": "*",
                "entity_role": "*",
                "entity_parent": "null"
              },
              "concrete_change": {
                "operator": "DEL",
                "src_type": "Invocation",
                "dst_type": "null",
                "src": "hikariPool.getReadOnly()",
                "dst": "null",
                "src_parent_type": "Invocation",
                "dst_parent_type": "null",
                "src_parent": "com.zaxxer.hikari.pool.ProxyFactory.getProxyConnection(this, connection, openStatements, leakTask, now, hikariPool.getReadOnly(), hikariPool.getAutoCommit())",
                "dst_parent": "null"
              },
              "line": 93,
              "file": "/home/khesoem/projects/lighter/exp/src/main/java/com/zaxxer/hikari/pool/PoolEntry.java",
              "stats": {
                "number_of_src_entities": 16,
                "number_of_dst_entities": -1,
                "src_entity_types": "[com.zaxxer.hikari.pool.HikariPool, com.zaxxer.hikari.pool.PoolEntry]",
                "dst_entity_types": "[]"
              }
            }
          ]
        },
        {
          "tool-name": "Arja",
          "pattern-name": "Arja:arja_shallow_change",
          "Unified_Diff_of-files:": "Starts Below...",
          "INSERT:": "      this.isAutoCommit \u003d isAutoCommit;",
          "CHANGE_old:": "      return ProxyFactory.getProxyConnection(this, connection, openStatements, leakTask, now, hikariPool.getReadOnly(), hikariPool.getAutoCommit());",
          "CHANGE_new:": "      return ProxyFactory.getProxyConnection(this, connection, openStatements, leakTask, now, isReadOnly, isAutoCommit);",
          "instance_detail": [
            {
              "pattern_action": "ANY",
              "pattern_entity": {
                "entity_type": "Statement",
                "entity_new value": "*",
                "entity_role": "*",
                "entity_parent": "null"
              },
              "concrete_change": {
                "operator": "DEL",
                "src_type": "Invocation",
                "dst_type": "null",
                "src": "hikariPool.getAutoCommit()",
                "dst": "null",
                "src_parent_type": "Invocation",
                "dst_parent_type": "null",
                "src_parent": "com.zaxxer.hikari.pool.ProxyFactory.getProxyConnection(this, connection, openStatements, leakTask, now, hikariPool.getReadOnly(), hikariPool.getAutoCommit())",
                "dst_parent": "null"
              },
              "line": 93,
              "file": "/home/khesoem/projects/lighter/exp/src/main/java/com/zaxxer/hikari/pool/PoolEntry.java",
              "stats": {
                "number_of_src_entities": 16,
                "number_of_dst_entities": -1,
                "src_entity_types": "[com.zaxxer.hikari.pool.HikariPool, com.zaxxer.hikari.pool.PoolEntry]",
                "dst_entity_types": "[]"
              }
            }
          ]
        }
      ]
    },
    {
      "revision": "3218166f7d2416fdecd8fc2e231ed6ed0613c366",
      "repairability": [
        {
          "tool-name": "Arja",
          "pattern-name": "Arja:arja_shallow_change",
          "Unified_Diff_of-files:": "Starts Below...",
          "INSERT:": "      this.isAutoCommit \u003d isAutoCommit;",
          "CHANGE_old:": "      return ProxyFactory.getProxyConnection(this, connection, openStatements, leakTask, now, hikariPool.getReadOnly(), hikariPool.getAutoCommit());",
          "CHANGE_new:": "      return ProxyFactory.getProxyConnection(this, connection, openStatements, leakTask, now, isReadOnly, isAutoCommit);",
          "instance_detail": [
            {
              "pattern_action": "ANY",
              "pattern_entity": {
                "entity_type": "Statement",
                "entity_new value": "*",
                "entity_role": "*",
                "entity_parent": "null"
              },
              "concrete_change": {
                "operator": "DEL",
                "src_type": "Return",
                "dst_type": "null",
                "src": "return isReadOnly",
                "dst": "null",
                "src_parent_type": "Block",
                "dst_parent_type": "null",
                "src_parent": "{\n    return isReadOnly;\n}",
                "dst_parent": "null"
              },
              "line": 176,
              "file": "/home/khesoem/projects/lighter/exp/src/main/java/com/zaxxer/hikari/pool/PoolBase.java"
            }
          ]
        },
        {
          "tool-name": "Arja",
          "pattern-name": "Arja:arja_shallow_change",
          "Unified_Diff_of-files:": "Starts Below...",
          "INSERT:": "      this.isAutoCommit \u003d isAutoCommit;",
          "CHANGE_old:": "      return ProxyFactory.getProxyConnection(this, connection, openStatements, leakTask, now, hikariPool.getReadOnly(), hikariPool.getAutoCommit());",
          "CHANGE_new:": "      return ProxyFactory.getProxyConnection(this, connection, openStatements, leakTask, now, isReadOnly, isAutoCommit);",
          "instance_detail": [
            {
              "pattern_action": "ANY",
              "pattern_entity": {
                "entity_type": "Statement",
                "entity_new value": "*",
                "entity_role": "*",
                "entity_parent": "null"
              },
              "concrete_change": {
                "operator": "DEL",
                "src_type": "Return",
                "dst_type": "null",
                "src": "return isAutoCommit",
                "dst": "null",
                "src_parent_type": "Block",
                "dst_parent_type": "null",
                "src_parent": "{\n    return isAutoCommit;\n}",
                "dst_parent": "null"
              },
              "line": 181,
              "file": "/home/khesoem/projects/lighter/exp/src/main/java/com/zaxxer/hikari/pool/PoolBase.java"
            }
          ]
        }
      ]
    }
  ],
  "complete_analysis": true
}