{
  "instances": [
    {
      "revision": "6137805ab3d00f7de9028d94dd29843d2e818b33",
      "repairability": [
        {
          "tool-name": "Arja",
          "pattern-name": "Arja:arja_shallow_change",
          "Unified_Diff_of-files:": "Starts Below...",
          "DELETE:": "",
          "instance_detail": [
            {
              "pattern_action": "ANY",
              "pattern_entity": {
                "entity_type": "Statement",
                "entity_new value": "*",
                "entity_role": "*",
                "entity_parent": "null"
              },
              "concrete_change": {
                "operator": "DEL",
                "src_type": "Return",
                "dst_type": "null",
                "src": "return connection",
                "dst": "null",
                "src_parent_type": "Block",
                "dst_parent_type": "null",
                "src_parent": "{\n    return connection;\n}",
                "dst_parent": "null"
              },
              "line": 108,
              "file": "/home/khesoem/projects/lighter/exp/src/main/java/com/zaxxer/hikari/pool/PoolEntry.java"
            }
          ]
        },
        {
          "tool-name": "Arja",
          "pattern-name": "Arja:arja_shallow_change",
          "Unified_Diff_of-files:": "Starts Below...",
          "DELETE:": "",
          "instance_detail": [
            {
              "pattern_action": "ANY",
              "pattern_entity": {
                "entity_type": "Statement",
                "entity_new value": "*",
                "entity_role": "*",
                "entity_parent": "null"
              },
              "concrete_change": {
                "operator": "DEL",
                "src_type": "Return",
                "dst_type": "null",
                "src": "return openStatements",
                "dst": "null",
                "src_parent_type": "Block",
                "dst_parent_type": "null",
                "src_parent": "{\n    return openStatements;\n}",
                "dst_parent": "null"
              },
              "line": 128,
              "file": "/home/khesoem/projects/lighter/exp/src/main/java/com/zaxxer/hikari/pool/PoolEntry.java"
            }
          ]
        }
      ]
    },
    {
      "revision": "6137805ab3d00f7de9028d94dd29843d2e818b33",
      "repairability": [
        {
          "tool-name": "Arja",
          "pattern-name": "Arja:arja_shallow_change",
          "Unified_Diff_of-files:": "Starts Below...",
          "DELETE:": "",
          "instance_detail": [
            {
              "pattern_action": "ANY",
              "pattern_entity": {
                "entity_type": "Statement",
                "entity_new value": "*",
                "entity_role": "*",
                "entity_parent": "null"
              },
              "concrete_change": {
                "operator": "DEL",
                "src_type": "For",
                "dst_type": "null",
                "src": "for (final java.util.Iterator\u003ccom.zaxxer.hikari.pool.PoolEntry\u003e iter \u003d notInUseList.iterator(); (removable \u003e 0) \u0026\u0026 (iter.hasNext());) {\n    final com.zaxxer.hikari.pool.PoolEntry poolEntry \u003d iter.next();\n    if (((com.zaxxer.hikari.pool.HikariPool.clockSource.elapsedMillis(poolEntry.lastAccessed, now)) \u003e idleTimeout) \u0026\u0026 (connectionBag.reserve(poolEntry))) {\n        closeConnection(poolEntry, \"(connection passed idleTimeout)\");\n        removable--;\n    }\n}",
                "dst": "null",
                "src_parent_type": "Block",
                "dst_parent_type": "null",
                "src_parent": "{\n    java.util.Collections.sort(notInUseList, PoolEntry.LASTACCESS_COMPARABLE);\n    for (final java.util.Iterator\u003ccom.zaxxer.hikari.pool.PoolEntry\u003e iter \u003d notInUseList.iterator(); (removable \u003e 0) \u0026\u0026 (iter.hasNext());) {\n        final com.zaxxer.hikari.pool.PoolEntry poolEntry \u003d iter.next();\n        if (((com.zaxxer.hikari.pool.HikariPool.clockSource.elapsedMillis(poolEntry.lastAccessed, now)) \u003e idleTimeout) \u0026\u0026 (connectionBag.reserve(poolEntry))) {\n            closeConnection(poolEntry, \"(connection passed idleTimeout)\");\n            removable--;\n        }\n    }\n}",
                "dst_parent": "null"
              },
              "line": 615,
              "file": "/home/khesoem/projects/lighter/exp/src/main/java/com/zaxxer/hikari/pool/HikariPool.java",
              "stats": {
                "number_of_src_entities": 145,
                "number_of_dst_entities": -1,
                "src_entity_types": "[int, boolean, com.zaxxer.hikari.pool.HikariPool, com.zaxxer.hikari.pool.PoolEntry, com.zaxxer.hikari.pool.HikariPool.HouseKeeper, java.lang.String, java.util.Iterator\u003ccom.zaxxer.hikari.pool.PoolEntry\u003e, java.util.List\u003ccom.zaxxer.hikari.pool.PoolEntry\u003e, com.zaxxer.hikari.util.ClockSource, long, com.zaxxer.hikari.util.ConcurrentBag\u003ccom.zaxxer.hikari.pool.PoolEntry\u003e]",
                "dst_entity_types": "[]"
              }
            }
          ]
        }
      ]
    }
  ],
  "complete_analysis": true
}