{
  "instances": [
    {
      "revision": "033855209e5620b8784d65d310aa2cb9cf1f9e92",
      "repairability": [
        {
          "tool-name": "Arja",
          "pattern-name": "Arja:arja_shallow_change",
          "Unified_Diff_of-files:": "Starts Below...",
          "INSERT:": "import static com.zaxxer.hikari.util.ClockSource.elapsedNanos;",
          "CHANGE_old:": "            timeout -\u003d ClockSource.INSTANCE.elapsedNanos(start);",
          "CHANGE_new:": "            timeout -\u003d elapsedNanos(start);",
          "instance_detail": [
            {
              "pattern_action": "ANY",
              "pattern_entity": {
                "entity_type": "Statement",
                "entity_new value": "*",
                "entity_role": "*",
                "entity_parent": "null"
              },
              "concrete_change": {
                "operator": "DEL",
                "src_type": "Assignment",
                "dst_type": "null",
                "src": "clockSource \u003d com.zaxxer.hikari.util.ClockSource.INSTANCE",
                "dst": "null",
                "src_parent_type": "Block",
                "dst_parent_type": "null",
                "src_parent": "{\n    LOGGER \u003d org.slf4j.LoggerFactory.getLogger(com.zaxxer.hikari.pool.ProxyConnection.class);\n    clockSource \u003d com.zaxxer.hikari.util.ClockSource.INSTANCE;\n    ERROR_STATES \u003d new java.util.HashSet\u003c\u003e();\n    com.zaxxer.hikari.pool.ProxyConnection.ERROR_STATES.add(\"57P01\");\n    com.zaxxer.hikari.pool.ProxyConnection.ERROR_STATES.add(\"57P02\");\n    com.zaxxer.hikari.pool.ProxyConnection.ERROR_STATES.add(\"57P03\");\n    com.zaxxer.hikari.pool.ProxyConnection.ERROR_STATES.add(\"01002\");\n    com.zaxxer.hikari.pool.ProxyConnection.ERROR_STATES.add(\"JZ0C0\");\n    com.zaxxer.hikari.pool.ProxyConnection.ERROR_STATES.add(\"JZ0C1\");\n    ERROR_CODES \u003d new java.util.HashSet\u003c\u003e();\n    com.zaxxer.hikari.pool.ProxyConnection.ERROR_CODES.add(500150);\n    com.zaxxer.hikari.pool.ProxyConnection.ERROR_CODES.add(2399);\n}",
                "dst_parent": "null"
              },
              "line": 76,
              "file": "/home/khesoem/projects/lighter/exp/src/main/java/com/zaxxer/hikari/pool/ProxyConnection.java",
              "stats": {
                "number_of_src_entities": 19,
                "number_of_dst_entities": -1,
                "src_entity_types": "[com.zaxxer.hikari.pool.ProxyConnection, com.zaxxer.hikari.util.ClockSource]",
                "dst_entity_types": "[]"
              }
            }
          ]
        }
      ]
    },
    {
      "revision": "033855209e5620b8784d65d310aa2cb9cf1f9e92",
      "repairability": [
        {
          "tool-name": "Arja",
          "pattern-name": "Arja:arja_shallow_change",
          "Unified_Diff_of-files:": "Starts Below...",
          "INSERT:": "import static com.zaxxer.hikari.util.ClockSource.elapsedNanos;",
          "CHANGE_old:": "            timeout -\u003d ClockSource.INSTANCE.elapsedNanos(start);",
          "CHANGE_new:": "            timeout -\u003d elapsedNanos(start);",
          "instance_detail": [
            {
              "pattern_action": "ANY",
              "pattern_entity": {
                "entity_type": "Statement",
                "entity_new value": "*",
                "entity_role": "*",
                "entity_parent": "null"
              },
              "concrete_change": {
                "operator": "DEL",
                "src_type": "Assignment",
                "dst_type": "null",
                "src": "this.clock \u003d com.zaxxer.hikari.util.ClockSource.INSTANCE",
                "dst": "null",
                "src_parent_type": "Block",
                "dst_parent_type": "null",
                "src_parent": "{\n    this.timeoutMs \u003d timeoutMs;\n    this.reloadAt \u003d new java.util.concurrent.atomic.AtomicLong();\n    this.clock \u003d com.zaxxer.hikari.util.ClockSource.INSTANCE;\n}",
                "dst_parent": "null"
              },
              "line": 42,
              "file": "/home/khesoem/projects/lighter/exp/src/main/java/com/zaxxer/hikari/metrics/PoolStats.java",
              "stats": {
                "number_of_src_entities": 22,
                "number_of_dst_entities": -1,
                "src_entity_types": "[com.zaxxer.hikari.metrics.PoolStats, com.zaxxer.hikari.util.ClockSource]",
                "dst_entity_types": "[]"
              }
            }
          ]
        }
      ]
    },
    {
      "revision": "033855209e5620b8784d65d310aa2cb9cf1f9e92",
      "repairability": [
        {
          "tool-name": "Arja",
          "pattern-name": "Arja:arja_deep_change",
          "Unified_Diff_of-files:": "Starts Below...",
          "INSERT:": "import static com.zaxxer.hikari.util.ClockSource.elapsedNanos;",
          "CHANGE_old:": "            timeout -\u003d ClockSource.INSTANCE.elapsedNanos(start);",
          "CHANGE_new:": "            timeout -\u003d elapsedNanos(start);",
          "instance_detail": [
            {
              "pattern_action": "ANY",
              "pattern_entity": {
                "entity_type": "*",
                "entity_new value": "*",
                "entity_role": "*",
                "entity_parent": {
                  "entity_type": "Statement",
                  "entity_new value": "*",
                  "entity_role": "*",
                  "entity_parent": "null"
                }
              },
              "concrete_change": {
                "operator": "INS",
                "src_type": "TypeAccess",
                "dst_type": "null",
                "src": "com.zaxxer.hikari.pool.HikariPool",
                "dst": "null",
                "src_parent_type": "ThisAccess",
                "dst_parent_type": "null",
                "src_parent": "",
                "dst_parent": "null"
              },
              "stats": {
                "number_of_src_entities": 3,
                "number_of_dst_entities": -1,
                "src_entity_types": "[com.zaxxer.hikari.pool.HikariPool]",
                "dst_entity_types": "[]"
              }
            }
          ]
        },
        {
          "tool-name": "Arja",
          "pattern-name": "Arja:arja_deep_change",
          "Unified_Diff_of-files:": "Starts Below...",
          "INSERT:": "import static com.zaxxer.hikari.util.ClockSource.elapsedNanos;",
          "CHANGE_old:": "            timeout -\u003d ClockSource.INSTANCE.elapsedNanos(start);",
          "CHANGE_new:": "            timeout -\u003d elapsedNanos(start);",
          "instance_detail": [
            {
              "pattern_action": "ANY",
              "pattern_entity": {
                "entity_type": "*",
                "entity_new value": "*",
                "entity_role": "*",
                "entity_parent": {
                  "entity_type": "Statement",
                  "entity_new value": "*",
                  "entity_role": "*",
                  "entity_parent": "null"
                }
              },
              "concrete_change": {
                "operator": "INS",
                "src_type": "TypeAccess",
                "dst_type": "null",
                "src": "com.zaxxer.hikari.pool.HikariPool",
                "dst": "null",
                "src_parent_type": "ThisAccess",
                "dst_parent_type": "null",
                "src_parent": "",
                "dst_parent": "null"
              },
              "stats": {
                "number_of_src_entities": 3,
                "number_of_dst_entities": -1,
                "src_entity_types": "[com.zaxxer.hikari.pool.HikariPool]",
                "dst_entity_types": "[]"
              }
            }
          ]
        },
        {
          "tool-name": "Arja",
          "pattern-name": "Arja:arja_deep_change",
          "Unified_Diff_of-files:": "Starts Below...",
          "INSERT:": "import static com.zaxxer.hikari.util.ClockSource.elapsedNanos;",
          "CHANGE_old:": "            timeout -\u003d ClockSource.INSTANCE.elapsedNanos(start);",
          "CHANGE_new:": "            timeout -\u003d elapsedNanos(start);",
          "instance_detail": [
            {
              "pattern_action": "ANY",
              "pattern_entity": {
                "entity_type": "*",
                "entity_new value": "*",
                "entity_role": "*",
                "entity_parent": {
                  "entity_type": "Statement",
                  "entity_new value": "*",
                  "entity_role": "*",
                  "entity_parent": "null"
                }
              },
              "concrete_change": {
                "operator": "INS",
                "src_type": "TypeAccess",
                "dst_type": "null",
                "src": "com.zaxxer.hikari.pool.HikariPool.HouseKeeper",
                "dst": "null",
                "src_parent_type": "ThisAccess",
                "dst_parent_type": "null",
                "src_parent": "",
                "dst_parent": "null"
              },
              "stats": {
                "number_of_src_entities": 4,
                "number_of_dst_entities": -1,
                "src_entity_types": "[com.zaxxer.hikari.pool.HikariPool, com.zaxxer.hikari.pool.HikariPool.HouseKeeper]",
                "dst_entity_types": "[]"
              }
            }
          ]
        },
        {
          "tool-name": "Arja",
          "pattern-name": "Arja:arja_deep_change",
          "Unified_Diff_of-files:": "Starts Below...",
          "INSERT:": "import static com.zaxxer.hikari.util.ClockSource.elapsedNanos;",
          "CHANGE_old:": "            timeout -\u003d ClockSource.INSTANCE.elapsedNanos(start);",
          "CHANGE_new:": "            timeout -\u003d elapsedNanos(start);",
          "instance_detail": [
            {
              "pattern_action": "ANY",
              "pattern_entity": {
                "entity_type": "*",
                "entity_new value": "*",
                "entity_role": "*",
                "entity_parent": {
                  "entity_type": "Statement",
                  "entity_new value": "*",
                  "entity_role": "*",
                  "entity_parent": "null"
                }
              },
              "concrete_change": {
                "operator": "INS",
                "src_type": "TypeAccess",
                "dst_type": "null",
                "src": "com.zaxxer.hikari.pool.HikariPool",
                "dst": "null",
                "src_parent_type": "ThisAccess",
                "dst_parent_type": "null",
                "src_parent": "",
                "dst_parent": "null"
              },
              "stats": {
                "number_of_src_entities": 3,
                "number_of_dst_entities": -1,
                "src_entity_types": "[com.zaxxer.hikari.pool.HikariPool]",
                "dst_entity_types": "[]"
              }
            }
          ]
        },
        {
          "tool-name": "Arja",
          "pattern-name": "Arja:arja_deep_change",
          "Unified_Diff_of-files:": "Starts Below...",
          "INSERT:": "import static com.zaxxer.hikari.util.ClockSource.elapsedNanos;",
          "CHANGE_old:": "            timeout -\u003d ClockSource.INSTANCE.elapsedNanos(start);",
          "CHANGE_new:": "            timeout -\u003d elapsedNanos(start);",
          "instance_detail": [
            {
              "pattern_action": "ANY",
              "pattern_entity": {
                "entity_type": "*",
                "entity_new value": "*",
                "entity_role": "*",
                "entity_parent": {
                  "entity_type": "Statement",
                  "entity_new value": "*",
                  "entity_role": "*",
                  "entity_parent": "null"
                }
              },
              "concrete_change": {
                "operator": "INS",
                "src_type": "TypeAccess",
                "dst_type": "null",
                "src": "com.zaxxer.hikari.pool.HikariPool.HouseKeeper",
                "dst": "null",
                "src_parent_type": "ThisAccess",
                "dst_parent_type": "null",
                "src_parent": "",
                "dst_parent": "null"
              },
              "stats": {
                "number_of_src_entities": 4,
                "number_of_dst_entities": -1,
                "src_entity_types": "[com.zaxxer.hikari.pool.HikariPool, com.zaxxer.hikari.pool.HikariPool.HouseKeeper]",
                "dst_entity_types": "[]"
              }
            }
          ]
        },
        {
          "tool-name": "Arja",
          "pattern-name": "Arja:arja_deep_change",
          "Unified_Diff_of-files:": "Starts Below...",
          "INSERT:": "import static com.zaxxer.hikari.util.ClockSource.elapsedNanos;",
          "CHANGE_old:": "            timeout -\u003d ClockSource.INSTANCE.elapsedNanos(start);",
          "CHANGE_new:": "            timeout -\u003d elapsedNanos(start);",
          "instance_detail": [
            {
              "pattern_action": "ANY",
              "pattern_entity": {
                "entity_type": "*",
                "entity_new value": "*",
                "entity_role": "*",
                "entity_parent": {
                  "entity_type": "Statement",
                  "entity_new value": "*",
                  "entity_role": "*",
                  "entity_parent": "null"
                }
              },
              "concrete_change": {
                "operator": "INS",
                "src_type": "TypeAccess",
                "dst_type": "null",
                "src": "com.zaxxer.hikari.pool.HikariPool",
                "dst": "null",
                "src_parent_type": "ThisAccess",
                "dst_parent_type": "null",
                "src_parent": "",
                "dst_parent": "null"
              },
              "stats": {
                "number_of_src_entities": 3,
                "number_of_dst_entities": -1,
                "src_entity_types": "[com.zaxxer.hikari.pool.HikariPool]",
                "dst_entity_types": "[]"
              }
            }
          ]
        }
      ]
    },
    {
      "revision": "033855209e5620b8784d65d310aa2cb9cf1f9e92",
      "repairability": [
        {
          "tool-name": "Arja",
          "pattern-name": "Arja:arja_shallow_change",
          "Unified_Diff_of-files:": "Starts Below...",
          "INSERT:": "import static com.zaxxer.hikari.util.ClockSource.elapsedNanos;",
          "CHANGE_old:": "            timeout -\u003d ClockSource.INSTANCE.elapsedNanos(start);",
          "CHANGE_new:": "            timeout -\u003d elapsedNanos(start);",
          "instance_detail": [
            {
              "pattern_action": "ANY",
              "pattern_entity": {
                "entity_type": "Statement",
                "entity_new value": "*",
                "entity_role": "*",
                "entity_parent": "null"
              },
              "concrete_change": {
                "operator": "DEL",
                "src_type": "Invocation",
                "dst_type": "null",
                "src": "(waiters.get())",
                "dst": "null",
                "src_parent_type": "BinaryOperator",
                "dst_parent_type": "null",
                "src_parent": "(waiters.get()) \u003e 1",
                "dst_parent": "null"
              },
              "line": 140,
              "file": "/home/khesoem/projects/lighter/exp/src/main/java/com/zaxxer/hikari/util/ConcurrentBag.java",
              "stats": {
                "number_of_src_entities": 17,
                "number_of_dst_entities": -1,
                "src_entity_types": "[java.util.concurrent.atomic.AtomicInteger, com.zaxxer.hikari.util.ConcurrentBag]",
                "dst_entity_types": "[]"
              }
            }
          ]
        }
      ]
    },
    {
      "revision": "033855209e5620b8784d65d310aa2cb9cf1f9e92",
      "repairability": [
        {
          "tool-name": "Arja",
          "pattern-name": "Arja:arja_deep_change",
          "Unified_Diff_of-files:": "Starts Below...",
          "INSERT:": "import static com.zaxxer.hikari.util.ClockSource.elapsedNanos;",
          "CHANGE_old:": "            timeout -\u003d ClockSource.INSTANCE.elapsedNanos(start);",
          "CHANGE_new:": "            timeout -\u003d elapsedNanos(start);",
          "instance_detail": [
            {
              "pattern_action": "ANY",
              "pattern_entity": {
                "entity_type": "*",
                "entity_new value": "*",
                "entity_role": "*",
                "entity_parent": {
                  "entity_type": "Statement",
                  "entity_new value": "*",
                  "entity_role": "*",
                  "entity_parent": "null"
                }
              },
              "concrete_change": {
                "operator": "UPD",
                "src_type": "TypeAccess",
                "dst_type": "TypeAccess",
                "src": "ClockSource.INSTANCE",
                "dst": "com.zaxxer.hikari.pool.PoolBase",
                "src_parent_type": "Invocation",
                "dst_parent_type": "ThisAccess",
                "src_parent": "ClockSource.INSTANCE.currentTime()",
                "dst_parent": ""
              },
              "line": 337,
              "file": "/home/khesoem/projects/lighter/exp/src/main/java/com/zaxxer/hikari/pool/PoolBase.java",
              "stats": {
                "number_of_src_entities": 3,
                "number_of_dst_entities": 3,
                "src_entity_types": "[ClockSource.INSTANCE]",
                "dst_entity_types": "[com.zaxxer.hikari.pool.PoolBase]"
              }
            }
          ]
        },
        {
          "tool-name": "Arja",
          "pattern-name": "Arja:arja_deep_change",
          "Unified_Diff_of-files:": "Starts Below...",
          "INSERT:": "import static com.zaxxer.hikari.util.ClockSource.elapsedNanos;",
          "CHANGE_old:": "            timeout -\u003d ClockSource.INSTANCE.elapsedNanos(start);",
          "CHANGE_new:": "            timeout -\u003d elapsedNanos(start);",
          "instance_detail": [
            {
              "pattern_action": "ANY",
              "pattern_entity": {
                "entity_type": "*",
                "entity_new value": "*",
                "entity_role": "*",
                "entity_parent": {
                  "entity_type": "Statement",
                  "entity_new value": "*",
                  "entity_role": "*",
                  "entity_parent": "null"
                }
              },
              "concrete_change": {
                "operator": "UPD",
                "src_type": "TypeAccess",
                "dst_type": "TypeAccess",
                "src": "ClockSource.INSTANCE",
                "dst": "com.zaxxer.hikari.pool.PoolBase.MetricsTrackerDelegate",
                "src_parent_type": "Invocation",
                "dst_parent_type": "ThisAccess",
                "src_parent": "ClockSource.INSTANCE.currentTime()",
                "dst_parent": ""
              },
              "line": 682,
              "file": "/home/khesoem/projects/lighter/exp/src/main/java/com/zaxxer/hikari/pool/PoolBase.java",
              "stats": {
                "number_of_src_entities": 3,
                "number_of_dst_entities": 4,
                "src_entity_types": "[ClockSource.INSTANCE]",
                "dst_entity_types": "[com.zaxxer.hikari.pool.PoolBase.MetricsTrackerDelegate, com.zaxxer.hikari.pool.PoolBase]"
              }
            }
          ]
        }
      ]
    }
  ],
  "complete_analysis": true
}