{
  "instances": [
    {
      "revision": "4ffdddbec4e563148dfdbce76a44e11492425fb7",
      "repairability": [
        {
          "tool-name": "Cardumen",
          "pattern-name": "Cardumen:expression_replacement_by_del_ins",
          "Unified_Diff_of-files:": "Starts Below...",
          "CHANGE_old:": " * NOTE: This class is auto generated by the swagger code generator program (2.4.3-SNAPSHOT).",
          "CHANGE_new:": " * NOTE: This class is auto generated by the swagger code generator program (2.4.10-SNAPSHOT).",
          "instance_detail": [
            {
              "pattern_action": "INS",
              "pattern_entity": {
                "entity_type": "Expression",
                "entity_new value": "*",
                "entity_role": "*",
                "entity_parent": "null"
              },
              "concrete_change": {
                "operator": "INS",
                "src_type": "VariableRead",
                "dst_type": "null",
                "src": "responseEntity",
                "dst": "null",
                "src_parent_type": "Return",
                "dst_parent_type": "null",
                "src_parent": "return responseEntity",
                "dst_parent": "null"
              },
              "line": 523,
              "file": "/home/khesoem/projects/lighter/exp/samples/client/petstore/java/resttemplate-withXml/src/main/java/io/swagger/client/ApiClient.java",
              "stats": {
                "number_of_src_entities": 5,
                "number_of_dst_entities": -1,
                "src_entity_types": "[org.springframework.http.ResponseEntity\u003cT\u003e]",
                "dst_entity_types": "[]"
              }
            },
            {
              "pattern_action": "DEL",
              "pattern_entity": {
                "entity_type": "Expression",
                "entity_new value": "*",
                "entity_role": "*",
                "entity_parent": "null"
              },
              "concrete_change": {
                "operator": "DEL",
                "src_type": "Invocation",
                "dst_type": "null",
                "src": "responseEntity.getBody()",
                "dst": "null",
                "src_parent_type": "Return",
                "dst_parent_type": "null",
                "src_parent": "return responseEntity.getBody()",
                "dst_parent": "null"
              },
              "line": 550,
              "file": "/home/khesoem/projects/lighter/exp/samples/client/petstore/java/resttemplate-withXml/src/main/java/io/swagger/client/ApiClient.java",
              "stats": {
                "number_of_src_entities": 12,
                "number_of_dst_entities": -1,
                "src_entity_types": "[org.springframework.http.ResponseEntity\u003cT\u003e]",
                "dst_entity_types": "[]"
              }
            }
          ]
        }
      ]
    }
  ],
  "complete_analysis": true
}