{
  "instances": [
    {
      "revision": "41b7ede5897d201309d0885a5d12a453eaeb4442",
      "repairability": [
        {
          "tool-name": "JGenProg",
          "pattern-name": "JGenProg:any_statement_shallow",
          "Unified_Diff_of-files:": "Starts Below...",
          "DELETE:": "import org.corfudb.runtime.view.replication.ChainReplicationProtocol;",
          "INSERT:": "",
          "instance_detail": [
            {
              "pattern_action": "ANY",
              "pattern_entity": {
                "entity_type": "*",
                "entity_new value": "*",
                "entity_role": "Statement",
                "entity_parent": "null"
              },
              "concrete_change": {
                "operator": "DEL",
                "src_type": "Assignment",
                "dst_type": "null",
                "src": "addresses \u003d java.util.Collections.singletonList(address)",
                "dst": "null",
                "src_parent_type": "Block",
                "dst_parent_type": "null",
                "src_parent": "{\n    addresses \u003d java.util.Collections.singletonList(address);\n}",
                "dst_parent": "null"
              },
              "line": 32,
              "file": "/home/khesoem/projects/lighter/exp/runtime/src/main/java/org/corfudb/protocols/wireprotocol/MultipleReadRequest.java"
            }
          ]
        }
      ]
    },
    {
      "revision": "41b7ede5897d201309d0885a5d12a453eaeb4442",
      "repairability": [
        {
          "tool-name": "JGenProg",
          "pattern-name": "JGenProg:any_statement_shallow",
          "Unified_Diff_of-files:": "Starts Below...",
          "DELETE:": "import org.corfudb.runtime.view.replication.ChainReplicationProtocol;",
          "INSERT:": "",
          "instance_detail": [
            {
              "pattern_action": "ANY",
              "pattern_entity": {
                "entity_type": "*",
                "entity_new value": "*",
                "entity_role": "Statement",
                "entity_parent": "null"
              },
              "concrete_change": {
                "operator": "DEL",
                "src_type": "LocalVariable",
                "dst_type": "null",
                "src": "org.corfudb.protocols.wireprotocol.LogData entry \u003d streamLog.read(address)",
                "dst": "null",
                "src_parent_type": "Block",
                "dst_parent_type": "null",
                "src_parent": "{\n    org.corfudb.protocols.wireprotocol.LogData entry \u003d streamLog.read(address);\n    log.trace(\"Retrieved[{} : {}]\", address, entry);\n    return entry;\n}",
                "dst_parent": "null"
              },
              "line": 443,
              "file": "/home/khesoem/projects/lighter/exp/infrastructure/src/main/java/org/corfudb/infrastructure/LogUnitServer.java"
            }
          ]
        },
        {
          "tool-name": "JGenProg",
          "pattern-name": "JGenProg:any_statement_shallow",
          "Unified_Diff_of-files:": "Starts Below...",
          "DELETE:": "import org.corfudb.runtime.view.replication.ChainReplicationProtocol;",
          "INSERT:": "",
          "instance_detail": [
            {
              "pattern_action": "ANY",
              "pattern_entity": {
                "entity_type": "*",
                "entity_new value": "*",
                "entity_role": "Statement",
                "entity_parent": "null"
              },
              "concrete_change": {
                "operator": "DEL",
                "src_type": "Invocation",
                "dst_type": "null",
                "src": "log.trace(\"Retrieved[{} : {}]\", address, entry)",
                "dst": "null",
                "src_parent_type": "Block",
                "dst_parent_type": "null",
                "src_parent": "{\n    org.corfudb.protocols.wireprotocol.LogData entry \u003d streamLog.read(address);\n    log.trace(\"Retrieved[{} : {}]\", address, entry);\n    return entry;\n}",
                "dst_parent": "null"
              },
              "line": 444,
              "file": "/home/khesoem/projects/lighter/exp/infrastructure/src/main/java/org/corfudb/infrastructure/LogUnitServer.java"
            }
          ]
        },
        {
          "tool-name": "JGenProg",
          "pattern-name": "JGenProg:any_statement_shallow",
          "Unified_Diff_of-files:": "Starts Below...",
          "DELETE:": "import org.corfudb.runtime.view.replication.ChainReplicationProtocol;",
          "INSERT:": "",
          "instance_detail": [
            {
              "pattern_action": "ANY",
              "pattern_entity": {
                "entity_type": "*",
                "entity_new value": "*",
                "entity_role": "Statement",
                "entity_parent": "null"
              },
              "concrete_change": {
                "operator": "DEL",
                "src_type": "Return",
                "dst_type": "null",
                "src": "return entry",
                "dst": "null",
                "src_parent_type": "Block",
                "dst_parent_type": "null",
                "src_parent": "{\n    org.corfudb.protocols.wireprotocol.LogData entry \u003d streamLog.read(address);\n    log.trace(\"Retrieved[{} : {}]\", address, entry);\n    return entry;\n}",
                "dst_parent": "null"
              },
              "line": 445,
              "file": "/home/khesoem/projects/lighter/exp/infrastructure/src/main/java/org/corfudb/infrastructure/LogUnitServer.java"
            }
          ]
        },
        {
          "tool-name": "JGenProg",
          "pattern-name": "JGenProg:any_statement_shallow",
          "Unified_Diff_of-files:": "Starts Below...",
          "DELETE:": "import org.corfudb.runtime.view.replication.ChainReplicationProtocol;",
          "INSERT:": "",
          "instance_detail": [
            {
              "pattern_action": "ANY",
              "pattern_entity": {
                "entity_type": "*",
                "entity_new value": "*",
                "entity_role": "Statement",
                "entity_parent": "null"
              },
              "concrete_change": {
                "operator": "DEL",
                "src_type": "Invocation",
                "dst_type": "null",
                "src": "log.trace(\"Eviction[{}]: {}\", address, cause)",
                "dst": "null",
                "src_parent_type": "Block",
                "dst_parent_type": "null",
                "src_parent": "{\n    log.trace(\"Eviction[{}]: {}\", address, cause);\n}",
                "dst_parent": "null"
              },
              "line": 449,
              "file": "/home/khesoem/projects/lighter/exp/infrastructure/src/main/java/org/corfudb/infrastructure/LogUnitServer.java"
            }
          ]
        },
        {
          "tool-name": "JGenProg",
          "pattern-name": "JGenProg:any_statement_deep",
          "Unified_Diff_of-files:": "Starts Below...",
          "DELETE:": "import org.corfudb.runtime.view.replication.ChainReplicationProtocol;",
          "INSERT:": "",
          "instance_detail": [
            {
              "pattern_action": "ANY",
              "pattern_entity": {
                "entity_type": "*",
                "entity_new value": "*",
                "entity_role": "*",
                "entity_parent": {
                  "entity_type": "*",
                  "entity_new value": "*",
                  "entity_role": "Statement",
                  "entity_parent": "null"
                }
              },
              "concrete_change": {
                "operator": "UPD",
                "src_type": "VariableRead",
                "dst_type": "VariableRead",
                "src": "l",
                "dst": "address",
                "src_parent_type": "Invocation",
                "dst_parent_type": "Invocation",
                "src_parent": "rr.put(l, org.corfudb.protocols.wireprotocol.LogData.getEmpty(l))",
                "dst_parent": "rr.put(address, org.corfudb.protocols.wireprotocol.LogData.getEmpty(address))"
              },
              "line": 326,
              "file": "/home/khesoem/projects/lighter/exp/infrastructure/src/main/java/org/corfudb/infrastructure/LogUnitServer.java",
              "stats": {
                "number_of_src_entities": 4,
                "number_of_dst_entities": 4,
                "src_entity_types": "[java.lang.Long]",
                "dst_entity_types": "[java.lang.Long]"
              }
            }
          ]
        }
      ]
    },
    {
      "revision": "41b7ede5897d201309d0885a5d12a453eaeb4442",
      "repairability": [
        {
          "tool-name": "JGenProg",
          "pattern-name": "JGenProg:any_statement_shallow",
          "Unified_Diff_of-files:": "Starts Below...",
          "DELETE:": "import org.corfudb.runtime.view.replication.ChainReplicationProtocol;",
          "INSERT:": "",
          "instance_detail": [
            {
              "pattern_action": "ANY",
              "pattern_entity": {
                "entity_type": "*",
                "entity_new value": "*",
                "entity_role": "Statement",
                "entity_parent": "null"
              },
              "concrete_change": {
                "operator": "DEL",
                "src_type": "Return",
                "dst_type": "null",
                "src": "return 1",
                "dst": "null",
                "src_parent_type": "Block",
                "dst_parent_type": "null",
                "src_parent": "{\n    return 1;\n}",
                "dst_parent": "null"
              },
              "line": 113,
              "file": "/home/khesoem/projects/lighter/exp/runtime/src/main/java/org/corfudb/protocols/wireprotocol/ILogData.java",
              "stats": {
                "number_of_src_entities": 3,
                "number_of_dst_entities": -1,
                "src_entity_types": "[int]",
                "dst_entity_types": "[]"
              }
            }
          ]
        }
      ]
    }
  ],
  "complete_analysis": true
}