{
  "instances": [
    {
      "revision": "210bb5d923f9f3a6c9c8a67fa59b678a913e9ae2",
      "repairability": [
        {
          "tool-name": "JGenProg",
          "pattern-name": "JGenProg:any_statement_shallow",
          "Unified_Diff_of-files:": "Starts Below...",
          "CHANGE_old:": "            log.debug(\"gc[{}]: GC not performed on stream {} for this cycle. Global pointer {} is below trim mark {)\",",
          "CHANGE_new:": "            log.debug(\"gc[{}]: GC not performed on stream {} for this cycle. Global pointer {} is below trim mark {}\",",
          "instance_detail": [
            {
              "pattern_action": "ANY",
              "pattern_entity": {
                "entity_type": "*",
                "entity_new value": "*",
                "entity_role": "Statement",
                "entity_parent": "null"
              },
              "concrete_change": {
                "operator": "DEL",
                "src_type": "Invocation",
                "dst_type": "null",
                "src": "getCurrentContext().validateGlobalPointerPosition(org.corfudb.runtime.view.stream.AbstractContextStreamView.getCurrentGlobalPosition())",
                "dst": "null",
                "src_parent_type": "Block",
                "dst_parent_type": "null",
                "src_parent": "{\n    getCurrentContext().validateGlobalPointerPosition(org.corfudb.runtime.view.stream.AbstractContextStreamView.getCurrentGlobalPosition());\n}",
                "dst_parent": "null"
              },
              "line": 157,
              "file": "/home/khesoem/projects/lighter/exp/runtime/src/main/java/org/corfudb/runtime/view/stream/AbstractContextStreamView.java"
            }
          ]
        }
      ]
    }
  ],
  "complete_analysis": true
}