{
  "instances": [
    {
      "revision": "241eeb0b6da08d65abd3615a668934ee954ad568",
      "repairability": [
        {
          "tool-name": "JGenProg",
          "pattern-name": "JGenProg:any_statement_shallow",
          "Unified_Diff_of-files:": "Starts Below...",
          "INSERT:": "}",
          "instance_detail": [
            {
              "pattern_action": "ANY",
              "pattern_entity": {
                "entity_type": "*",
                "entity_new value": "*",
                "entity_role": "Statement",
                "entity_parent": "null"
              },
              "concrete_change": {
                "operator": "DEL",
                "src_type": "Invocation",
                "dst_type": "null",
                "src": "org.corfudb.util.CFUtils.getUninterruptibly(runtime.getLayoutView().getRuntimeLayout(layout).getLayoutClient(endpoint).bootstrapLayout(layout))",
                "dst": "null",
                "src_parent_type": "Block",
                "dst_parent_type": "null",
                "src_parent": "{\n    org.corfudb.runtime.view.Layout layout \u003d new org.corfudb.runtime.view.Layout(runtime.getLayoutView().getLayout());\n    org.corfudb.util.CFUtils.getUninterruptibly(runtime.getLayoutView().getRuntimeLayout(layout).getLayoutClient(endpoint).bootstrapLayout(layout));\n    org.corfudb.util.CFUtils.getUninterruptibly(runtime.getLayoutView().getRuntimeLayout(layout).getManagementClient(endpoint).bootstrapManagement(layout));\n    log.info(\"bootstrapNewNode: New node {} bootstrapped.\", endpoint);\n}",
                "dst_parent": "null"
              },
              "line": 110,
              "file": "/home/khesoem/projects/lighter/exp/runtime/src/main/java/org/corfudb/runtime/view/LayoutManagementView.java",
              "stats": {
                "number_of_src_entities": 39,
                "number_of_dst_entities": -1,
                "src_entity_types": "[org.corfudb.runtime.view.Layout, org.corfudb.util.CFUtils, org.corfudb.runtime.view.runtime, java.lang.String]",
                "dst_entity_types": "[]"
              }
            }
          ]
        },
        {
          "tool-name": "JGenProg",
          "pattern-name": "JGenProg:any_statement_shallow",
          "Unified_Diff_of-files:": "Starts Below...",
          "INSERT:": "}",
          "instance_detail": [
            {
              "pattern_action": "ANY",
              "pattern_entity": {
                "entity_type": "*",
                "entity_new value": "*",
                "entity_role": "Statement",
                "entity_parent": "null"
              },
              "concrete_change": {
                "operator": "DEL",
                "src_type": "Invocation",
                "dst_type": "null",
                "src": "org.corfudb.util.CFUtils.getUninterruptibly(runtime.getLayoutView().getRuntimeLayout(layout).getManagementClient(endpoint).bootstrapManagement(layout))",
                "dst": "null",
                "src_parent_type": "Block",
                "dst_parent_type": "null",
                "src_parent": "{\n    org.corfudb.runtime.view.Layout layout \u003d new org.corfudb.runtime.view.Layout(runtime.getLayoutView().getLayout());\n    org.corfudb.util.CFUtils.getUninterruptibly(runtime.getLayoutView().getRuntimeLayout(layout).getLayoutClient(endpoint).bootstrapLayout(layout));\n    org.corfudb.util.CFUtils.getUninterruptibly(runtime.getLayoutView().getRuntimeLayout(layout).getManagementClient(endpoint).bootstrapManagement(layout));\n    log.info(\"bootstrapNewNode: New node {} bootstrapped.\", endpoint);\n}",
                "dst_parent": "null"
              },
              "line": 113,
              "file": "/home/khesoem/projects/lighter/exp/runtime/src/main/java/org/corfudb/runtime/view/LayoutManagementView.java",
              "stats": {
                "number_of_src_entities": 39,
                "number_of_dst_entities": -1,
                "src_entity_types": "[org.corfudb.runtime.view.Layout, org.corfudb.util.CFUtils, org.corfudb.runtime.view.runtime, java.lang.String]",
                "dst_entity_types": "[]"
              }
            }
          ]
        },
        {
          "tool-name": "JGenProg",
          "pattern-name": "JGenProg:any_statement_shallow",
          "Unified_Diff_of-files:": "Starts Below...",
          "INSERT:": "}",
          "instance_detail": [
            {
              "pattern_action": "ANY",
              "pattern_entity": {
                "entity_type": "*",
                "entity_new value": "*",
                "entity_role": "Statement",
                "entity_parent": "null"
              },
              "concrete_change": {
                "operator": "DEL",
                "src_type": "Invocation",
                "dst_type": "null",
                "src": "log.info(\"bootstrapNewNode: New node {} bootstrapped.\", endpoint)",
                "dst": "null",
                "src_parent_type": "Block",
                "dst_parent_type": "null",
                "src_parent": "{\n    org.corfudb.runtime.view.Layout layout \u003d new org.corfudb.runtime.view.Layout(runtime.getLayoutView().getLayout());\n    org.corfudb.util.CFUtils.getUninterruptibly(runtime.getLayoutView().getRuntimeLayout(layout).getLayoutClient(endpoint).bootstrapLayout(layout));\n    org.corfudb.util.CFUtils.getUninterruptibly(runtime.getLayoutView().getRuntimeLayout(layout).getManagementClient(endpoint).bootstrapManagement(layout));\n    log.info(\"bootstrapNewNode: New node {} bootstrapped.\", endpoint);\n}",
                "dst_parent": "null"
              },
              "line": 117,
              "file": "/home/khesoem/projects/lighter/exp/runtime/src/main/java/org/corfudb/runtime/view/LayoutManagementView.java",
              "stats": {
                "number_of_src_entities": 19,
                "number_of_dst_entities": -1,
                "src_entity_types": "[org.corfudb.runtime.view.log, java.lang.String]",
                "dst_entity_types": "[]"
              }
            }
          ]
        },
        {
          "tool-name": "JGenProg",
          "pattern-name": "JGenProg:any_statement_deep",
          "Unified_Diff_of-files:": "Starts Below...",
          "INSERT:": "}",
          "instance_detail": [
            {
              "pattern_action": "ANY",
              "pattern_entity": {
                "entity_type": "*",
                "entity_new value": "*",
                "entity_role": "*",
                "entity_parent": {
                  "entity_type": "*",
                  "entity_new value": "*",
                  "entity_role": "Statement",
                  "entity_parent": "null"
                }
              },
              "concrete_change": {
                "operator": "UPD",
                "src_type": "Lambda",
                "dst_type": "Lambda",
                "src": "( sequencerRecovery) -\u003e {\n    if (!(sequencerRecovery.isDone())) {\n        log.info(\"triggerSequencerBootstrap: a bootstrap task is already in progress.\");\n        return sequencerRecovery;\n    }\n    return java.util.concurrent.CompletableFuture.supplyAsync(() -\u003e {\n        log.info(\"triggerSequencerBootstrap: a bootstrap task is triggered.\");\n        try {\n            reconfigureSequencerServers(layout, layout, true);\n        } catch (java.lang.Exception e) {\n            log.error(\"triggerSequencerBootstrap: Failed with Exception: \", e);\n        }\n        return true;\n    }, service);\n}",
                "dst": "( sequencerRecovery) -\u003e {\n    if (!(sequencerRecovery.isDone())) {\n        log.info(\"triggerSequencerBootstrap: a bootstrap task is already in progress.\");\n        return sequencerRecovery;\n    }\n    return java.util.concurrent.CompletableFuture.supplyAsync(() -\u003e {\n        log.info(\"triggerSequencerBootstrap: a bootstrap task is triggered.\");\n        try {\n            reconfigureSequencerServers(layout, layout, true);\n        } catch (java.lang.Exception e) {\n            log.error(\"triggerSequencerBootstrap: Failed with Exception: \", e);\n        }\n        return true;\n    }, service);\n}",
                "src_parent_type": "Invocation",
                "dst_parent_type": "Invocation",
                "src_parent": "sequencerRecoveryFuture.updateAndGet(( sequencerRecovery) -\u003e {\n    if (!(sequencerRecovery.isDone())) {\n        log.info(\"triggerSequencerBootstrap: a bootstrap task is already in progress.\");\n        return sequencerRecovery;\n    }\n    return java.util.concurrent.CompletableFuture.supplyAsync(() -\u003e {\n        log.info(\"triggerSequencerBootstrap: a bootstrap task is triggered.\");\n        try {\n            reconfigureSequencerServers(layout, layout, true);\n        } catch (java.lang.Exception e) {\n            log.error(\"triggerSequencerBootstrap: Failed with Exception: \", e);\n        }\n        return true;\n    }, service);\n})",
                "dst_parent": "sequencerRecoveryFuture.updateAndGet(( sequencerRecovery) -\u003e {\n    if (!(sequencerRecovery.isDone())) {\n        log.info(\"triggerSequencerBootstrap: a bootstrap task is already in progress.\");\n        return sequencerRecovery;\n    }\n    return java.util.concurrent.CompletableFuture.supplyAsync(() -\u003e {\n        log.info(\"triggerSequencerBootstrap: a bootstrap task is triggered.\");\n        try {\n            reconfigureSequencerServers(layout, layout, true);\n        } catch (java.lang.Exception e) {\n            log.error(\"triggerSequencerBootstrap: Failed with Exception: \", e);\n        }\n        return true;\n    }, service);\n})"
              },
              "line": 477,
              "file": "/home/khesoem/projects/lighter/exp/runtime/src/main/java/org/corfudb/runtime/view/LayoutManagementView.java",
              "stats": {
                "number_of_src_entities": 143,
                "number_of_dst_entities": 143,
                "src_entity_types": "[java.util.concurrent.CompletableFuture\u003cjava.lang.Boolean\u003e, java.util.concurrent.CompletableFuture, java.lang.Exception, boolean, org.corfudb.runtime.view.log, org.corfudb.runtime.view.Layout, org.corfudb.runtime.view.LayoutManagementView, java.lang.String, java.util.concurrent.ExecutorService, java.util.function.UnaryOperator\u003cjava.util.concurrent.CompletableFuture\u003cjava.lang.Boolean\u003e\u003e, java.util.function.Supplier\u003cjava.lang.Boolean\u003e, java.lang.Boolean]",
                "dst_entity_types": "[java.util.concurrent.CompletableFuture\u003cjava.lang.Boolean\u003e, java.util.concurrent.CompletableFuture, java.lang.Exception, boolean, org.corfudb.runtime.view.log, org.corfudb.runtime.view.Layout, org.corfudb.runtime.view.LayoutManagementView, java.lang.String, java.util.concurrent.ExecutorService, java.util.function.UnaryOperator\u003cjava.util.concurrent.CompletableFuture\u003cjava.lang.Boolean\u003e\u003e, java.util.function.Supplier\u003cjava.lang.Boolean\u003e, java.lang.Boolean]"
              }
            }
          ]
        }
      ]
    },
    {
      "revision": "241eeb0b6da08d65abd3615a668934ee954ad568",
      "repairability": [
        {
          "tool-name": "JGenProg",
          "pattern-name": "JGenProg:any_statement_shallow",
          "Unified_Diff_of-files:": "Starts Below...",
          "INSERT:": "}",
          "instance_detail": [
            {
              "pattern_action": "ANY",
              "pattern_entity": {
                "entity_type": "*",
                "entity_new value": "*",
                "entity_role": "Statement",
                "entity_parent": "null"
              },
              "concrete_change": {
                "operator": "DEL",
                "src_type": "Invocation",
                "dst_type": "null",
                "src": "log.info(\"BootstrapNode: Node {} already bootstrapped, skipping.\", request.getEndpoint())",
                "dst": "null",
                "src_parent_type": "Block",
                "dst_parent_type": "null",
                "src_parent": "{\n    log.info(\"BootstrapNode: Node {} already bootstrapped, skipping.\", request.getEndpoint());\n}",
                "dst_parent": "null"
              },
              "line": 82,
              "file": "/home/khesoem/projects/lighter/exp/infrastructure/src/main/java/org/corfudb/infrastructure/orchestrator/workflows/AddNodeWorkflow.java"
            }
          ]
        },
        {
          "tool-name": "JGenProg",
          "pattern-name": "JGenProg:any_statement_shallow",
          "Unified_Diff_of-files:": "Starts Below...",
          "INSERT:": "}",
          "instance_detail": [
            {
              "pattern_action": "ANY",
              "pattern_entity": {
                "entity_type": "*",
                "entity_new value": "*",
                "entity_role": "Statement",
                "entity_parent": "null"
              },
              "concrete_change": {
                "operator": "DEL",
                "src_type": "Invocation",
                "dst_type": "null",
                "src": "log.error(\"execute: Error during bootstrap\", e)",
                "dst": "null",
                "src_parent_type": "Block",
                "dst_parent_type": "null",
                "src_parent": "{\n    log.error(\"execute: Error during bootstrap\", e);\n    throw e;\n}",
                "dst_parent": "null"
              },
              "line": 84,
              "file": "/home/khesoem/projects/lighter/exp/infrastructure/src/main/java/org/corfudb/infrastructure/orchestrator/workflows/AddNodeWorkflow.java"
            }
          ]
        },
        {
          "tool-name": "JGenProg",
          "pattern-name": "JGenProg:any_statement_shallow",
          "Unified_Diff_of-files:": "Starts Below...",
          "INSERT:": "}",
          "instance_detail": [
            {
              "pattern_action": "ANY",
              "pattern_entity": {
                "entity_type": "*",
                "entity_new value": "*",
                "entity_role": "Statement",
                "entity_parent": "null"
              },
              "concrete_change": {
                "operator": "DEL",
                "src_type": "Throw",
                "dst_type": "null",
                "src": "throw e",
                "dst": "null",
                "src_parent_type": "Block",
                "dst_parent_type": "null",
                "src_parent": "{\n    log.error(\"execute: Error during bootstrap\", e);\n    throw e;\n}",
                "dst_parent": "null"
              },
              "line": 85,
              "file": "/home/khesoem/projects/lighter/exp/infrastructure/src/main/java/org/corfudb/infrastructure/orchestrator/workflows/AddNodeWorkflow.java"
            }
          ]
        },
        {
          "tool-name": "JGenProg",
          "pattern-name": "JGenProg:any_statement_shallow",
          "Unified_Diff_of-files:": "Starts Below...",
          "INSERT:": "}",
          "instance_detail": [
            {
              "pattern_action": "ANY",
              "pattern_entity": {
                "entity_type": "*",
                "entity_new value": "*",
                "entity_role": "Statement",
                "entity_parent": "null"
              },
              "concrete_change": {
                "operator": "DEL",
                "src_type": "If",
                "dst_type": "null",
                "src": "if ((e.getCause()) instanceof org.corfudb.runtime.exceptions.AlreadyBootstrappedException) {\n    log.info(\"BootstrapNode: Node {} already bootstrapped, skipping.\", request.getEndpoint());\n} else {\n    log.error(\"execute: Error during bootstrap\", e);\n    throw e;\n}",
                "dst": "null",
                "src_parent_type": "Block",
                "dst_parent_type": "null",
                "src_parent": "{\n    if ((e.getCause()) instanceof org.corfudb.runtime.exceptions.AlreadyBootstrappedException) {\n        log.info(\"BootstrapNode: Node {} already bootstrapped, skipping.\", request.getEndpoint());\n    } else {\n        log.error(\"execute: Error during bootstrap\", e);\n        throw e;\n    }\n}",
                "dst_parent": "null"
              },
              "line": 81,
              "file": "/home/khesoem/projects/lighter/exp/infrastructure/src/main/java/org/corfudb/infrastructure/orchestrator/workflows/AddNodeWorkflow.java"
            }
          ]
        },
        {
          "tool-name": "JGenProg",
          "pattern-name": "JGenProg:any_statement_shallow",
          "Unified_Diff_of-files:": "Starts Below...",
          "INSERT:": "}",
          "instance_detail": [
            {
              "pattern_action": "ANY",
              "pattern_entity": {
                "entity_type": "*",
                "entity_new value": "*",
                "entity_role": "Statement",
                "entity_parent": "null"
              },
              "concrete_change": {
                "operator": "DEL",
                "src_type": "Try",
                "dst_type": "null",
                "src": "try {\n    runtime.getLayoutManagementView().bootstrapNewNode(request.getEndpoint());\n} catch (java.lang.Exception e) {\n    if ((e.getCause()) instanceof org.corfudb.runtime.exceptions.AlreadyBootstrappedException) {\n        log.info(\"BootstrapNode: Node {} already bootstrapped, skipping.\", request.getEndpoint());\n    } else {\n        log.error(\"execute: Error during bootstrap\", e);\n        throw e;\n    }\n}",
                "dst": "null",
                "src_parent_type": "Block",
                "dst_parent_type": "null",
                "src_parent": "{\n    try {\n        runtime.getLayoutManagementView().bootstrapNewNode(request.getEndpoint());\n    } catch (java.lang.Exception e) {\n        if ((e.getCause()) instanceof org.corfudb.runtime.exceptions.AlreadyBootstrappedException) {\n            log.info(\"BootstrapNode: Node {} already bootstrapped, skipping.\", request.getEndpoint());\n        } else {\n            log.error(\"execute: Error during bootstrap\", e);\n            throw e;\n        }\n    }\n}",
                "dst_parent": "null"
              },
              "line": 78,
              "file": "/home/khesoem/projects/lighter/exp/infrastructure/src/main/java/org/corfudb/infrastructure/orchestrator/workflows/AddNodeWorkflow.java",
              "stats": {
                "number_of_src_entities": 106,
                "number_of_dst_entities": -1,
                "src_entity_types": "[org.corfudb.runtime.CorfuRuntime, java.lang.Exception, boolean, org.corfudb.infrastructure.orchestrator.workflows.AddNodeWorkflow, org.corfudb.infrastructure.orchestrator.workflows.log, java.lang.Throwable, java.lang.String, org.corfudb.runtime.exceptions.AlreadyBootstrappedException, org.corfudb.protocols.wireprotocol.orchestrator.AddNodeRequest]",
                "dst_entity_types": "[]"
              }
            }
          ]
        }
      ]
    }
  ],
  "complete_analysis": true
}