{
  "instances": [
    {
      "revision": "2831f2e0c4d7122e361733a277952c9d9b6b562a",
      "repairability": [
        {
          "tool-name": "JGenProg",
          "pattern-name": "JGenProg:any_statement_shallow",
          "Unified_Diff_of-files:": "Starts Below...",
          "INSERT:": "    @NonNull",
          "instance_detail": [
            {
              "pattern_action": "ANY",
              "pattern_entity": {
                "entity_type": "*",
                "entity_new value": "*",
                "entity_role": "Statement",
                "entity_parent": "null"
              },
              "concrete_change": {
                "operator": "DEL",
                "src_type": "LocalVariable",
                "dst_type": "null",
                "src": "java.net.URL credentialsUrl \u003d java.lang.ClassLoader.getSystemResource(propertiesFile)",
                "dst": "null",
                "src_parent_type": "Block",
                "dst_parent_type": "null",
                "src_parent": "{\n    java.util.Properties credentials \u003d new java.util.Properties();\n    java.net.URL credentialsUrl \u003d java.lang.ClassLoader.getSystemResource(propertiesFile);\n    try (java.io.InputStream is \u003d credentialsUrl.openStream()) {\n        credentials.load(is);\n    } catch (java.io.IOException e) {\n        throw new org.corfudb.universe.universe.vm.VmConfigPropertiesLoader.PropsLoaderException(\"Can\u0027t load credentials\", e);\n    }\n    return credentials;\n}",
                "dst_parent": "null"
              },
              "line": 32,
              "file": "/home/khesoem/projects/lighter/exp/it/src/main/java/org/corfudb/universe/universe/vm/VmConfigPropertiesLoader.java",
              "stats": {
                "number_of_src_entities": 18,
                "number_of_dst_entities": -1,
                "src_entity_types": "[java.net.URL, java.lang.String, java.lang.ClassLoader]",
                "dst_entity_types": "[]"
              }
            }
          ]
        }
      ]
    },
    {
      "revision": "2831f2e0c4d7122e361733a277952c9d9b6b562a",
      "repairability": [
        {
          "tool-name": "JGenProg",
          "pattern-name": "JGenProg:any_statement_deep",
          "Unified_Diff_of-files:": "Starts Below...",
          "INSERT:": "    @NonNull",
          "instance_detail": [
            {
              "pattern_action": "ANY",
              "pattern_entity": {
                "entity_type": "*",
                "entity_new value": "*",
                "entity_role": "*",
                "entity_parent": {
                  "entity_type": "*",
                  "entity_new value": "*",
                  "entity_role": "Statement",
                  "entity_parent": "null"
                }
              },
              "concrete_change": {
                "operator": "INS",
                "src_type": "FieldRead",
                "dst_type": "null",
                "src": "vmProperties",
                "dst": "null",
                "src_parent_type": "Invocation",
                "dst_parent_type": "null",
                "src_parent": "vmProperties.getProperty(\"vm.network\")",
                "dst_parent": "null"
              },
              "line": 189,
              "file": "/home/khesoem/projects/lighter/exp/it/src/main/java/org/corfudb/universe/scenario/fixture/Fixtures.java",
              "stats": {
                "number_of_src_entities": 15,
                "number_of_dst_entities": -1,
                "src_entity_types": "[org.corfudb.universe.scenario.fixture.Fixtures, org.corfudb.universe.scenario.fixture.Fixtures.VmUniverseFixture]",
                "dst_entity_types": "[]"
              }
            }
          ]
        },
        {
          "tool-name": "JGenProg",
          "pattern-name": "JGenProg:any_statement_deep",
          "Unified_Diff_of-files:": "Starts Below...",
          "INSERT:": "    @NonNull",
          "instance_detail": [
            {
              "pattern_action": "ANY",
              "pattern_entity": {
                "entity_type": "*",
                "entity_new value": "*",
                "entity_role": "*",
                "entity_parent": {
                  "entity_type": "*",
                  "entity_new value": "*",
                  "entity_role": "Statement",
                  "entity_parent": "null"
                }
              },
              "concrete_change": {
                "operator": "INS",
                "src_type": "FieldRead",
                "dst_type": "null",
                "src": "vmProperties",
                "dst": "null",
                "src_parent_type": "Invocation",
                "dst_parent_type": "null",
                "src_parent": "vmProperties.getProperty(\"vsphere.url\")",
                "dst_parent": "null"
              },
              "line": 187,
              "file": "/home/khesoem/projects/lighter/exp/it/src/main/java/org/corfudb/universe/scenario/fixture/Fixtures.java",
              "stats": {
                "number_of_src_entities": 15,
                "number_of_dst_entities": -1,
                "src_entity_types": "[org.corfudb.universe.scenario.fixture.Fixtures, org.corfudb.universe.scenario.fixture.Fixtures.VmUniverseFixture]",
                "dst_entity_types": "[]"
              }
            }
          ]
        }
      ]
    }
  ],
  "complete_analysis": true
}