{
  "instances": [
    {
      "revision": "b8bc2b3b17e381425e239181ce54df9ec9d2baaf",
      "repairability": [
        {
          "tool-name": "JGenProg",
          "pattern-name": "JGenProg:any_statement_shallow",
          "Unified_Diff_of-files:": "Starts Below...",
          "CHANGE_old:": "            this.topologyManagerAdapterName \u003d DEFAULT_SITE_MANAGER_CLASSNAME;",
          "CHANGE_new:": "            this.topologyManagerAdapterName \u003d DEFAULT_CLUSTER_MANAGER_CLASSNAME;",
          "instance_detail": [
            {
              "pattern_action": "ANY",
              "pattern_entity": {
                "entity_type": "*",
                "entity_new value": "*",
                "entity_role": "Statement",
                "entity_parent": "null"
              },
              "concrete_change": {
                "operator": "DEL",
                "src_type": "Assignment",
                "dst_type": "null",
                "src": "this.corfuReplicationDiscoveryService \u003d corfuReplicationDiscoveryService",
                "dst": "null",
                "src_parent_type": "Block",
                "dst_parent_type": "null",
                "src_parent": "{\n    this.corfuReplicationDiscoveryService \u003d corfuReplicationDiscoveryService;\n    start();\n}",
                "dst_parent": "null"
              },
              "line": 16,
              "file": "/home/khesoem/projects/lighter/exp/infrastructure/src/main/java/org/corfudb/infrastructure/logreplication/infrastructure/plugins/CorfuReplicationClusterManagerAdapter.java"
            }
          ]
        },
        {
          "tool-name": "JGenProg",
          "pattern-name": "JGenProg:any_statement_shallow",
          "Unified_Diff_of-files:": "Starts Below...",
          "CHANGE_old:": "            this.topologyManagerAdapterName \u003d DEFAULT_SITE_MANAGER_CLASSNAME;",
          "CHANGE_new:": "            this.topologyManagerAdapterName \u003d DEFAULT_CLUSTER_MANAGER_CLASSNAME;",
          "instance_detail": [
            {
              "pattern_action": "ANY",
              "pattern_entity": {
                "entity_type": "*",
                "entity_new value": "*",
                "entity_role": "Statement",
                "entity_parent": "null"
              },
              "concrete_change": {
                "operator": "DEL",
                "src_type": "Invocation",
                "dst_type": "null",
                "src": "start()",
                "dst": "null",
                "src_parent_type": "Block",
                "dst_parent_type": "null",
                "src_parent": "{\n    this.corfuReplicationDiscoveryService \u003d corfuReplicationDiscoveryService;\n    start();\n}",
                "dst_parent": "null"
              },
              "line": 17,
              "file": "/home/khesoem/projects/lighter/exp/infrastructure/src/main/java/org/corfudb/infrastructure/logreplication/infrastructure/plugins/CorfuReplicationClusterManagerAdapter.java"
            }
          ]
        },
        {
          "tool-name": "JGenProg",
          "pattern-name": "JGenProg:any_statement_shallow",
          "Unified_Diff_of-files:": "Starts Below...",
          "CHANGE_old:": "            this.topologyManagerAdapterName \u003d DEFAULT_SITE_MANAGER_CLASSNAME;",
          "CHANGE_new:": "            this.topologyManagerAdapterName \u003d DEFAULT_CLUSTER_MANAGER_CLASSNAME;",
          "instance_detail": [
            {
              "pattern_action": "ANY",
              "pattern_entity": {
                "entity_type": "*",
                "entity_new value": "*",
                "entity_role": "Statement",
                "entity_parent": "null"
              },
              "concrete_change": {
                "operator": "DEL",
                "src_type": "Assignment",
                "dst_type": "null",
                "src": "topologyConfig \u003d queryTopologyConfig()",
                "dst": "null",
                "src_parent_type": "Block",
                "dst_parent_type": "null",
                "src_parent": "{\n    topologyConfig \u003d queryTopologyConfig();\n    return topologyConfig;\n}",
                "dst_parent": "null"
              },
              "line": 21,
              "file": "/home/khesoem/projects/lighter/exp/infrastructure/src/main/java/org/corfudb/infrastructure/logreplication/infrastructure/plugins/CorfuReplicationClusterManagerAdapter.java"
            }
          ]
        },
        {
          "tool-name": "JGenProg",
          "pattern-name": "JGenProg:any_statement_shallow",
          "Unified_Diff_of-files:": "Starts Below...",
          "CHANGE_old:": "            this.topologyManagerAdapterName \u003d DEFAULT_SITE_MANAGER_CLASSNAME;",
          "CHANGE_new:": "            this.topologyManagerAdapterName \u003d DEFAULT_CLUSTER_MANAGER_CLASSNAME;",
          "instance_detail": [
            {
              "pattern_action": "ANY",
              "pattern_entity": {
                "entity_type": "*",
                "entity_new value": "*",
                "entity_role": "Statement",
                "entity_parent": "null"
              },
              "concrete_change": {
                "operator": "DEL",
                "src_type": "Return",
                "dst_type": "null",
                "src": "return topologyConfig",
                "dst": "null",
                "src_parent_type": "Block",
                "dst_parent_type": "null",
                "src_parent": "{\n    topologyConfig \u003d queryTopologyConfig();\n    return topologyConfig;\n}",
                "dst_parent": "null"
              },
              "line": 22,
              "file": "/home/khesoem/projects/lighter/exp/infrastructure/src/main/java/org/corfudb/infrastructure/logreplication/infrastructure/plugins/CorfuReplicationClusterManagerAdapter.java"
            }
          ]
        },
        {
          "tool-name": "JGenProg",
          "pattern-name": "JGenProg:any_statement_shallow",
          "Unified_Diff_of-files:": "Starts Below...",
          "CHANGE_old:": "            this.topologyManagerAdapterName \u003d DEFAULT_SITE_MANAGER_CLASSNAME;",
          "CHANGE_new:": "            this.topologyManagerAdapterName \u003d DEFAULT_CLUSTER_MANAGER_CLASSNAME;",
          "instance_detail": [
            {
              "pattern_action": "ANY",
              "pattern_entity": {
                "entity_type": "*",
                "entity_new value": "*",
                "entity_role": "Statement",
                "entity_parent": "null"
              },
              "concrete_change": {
                "operator": "DEL",
                "src_type": "Assignment",
                "dst_type": "null",
                "src": "topologyConfig \u003d newTopologyConfigMsg",
                "dst": "null",
                "src_parent_type": "Block",
                "dst_parent_type": "null",
                "src_parent": "{\n    topologyConfig \u003d newTopologyConfigMsg;\n    corfuReplicationDiscoveryService.updateTopology(topologyConfig);\n}",
                "dst_parent": "null"
              },
              "line": 32,
              "file": "/home/khesoem/projects/lighter/exp/infrastructure/src/main/java/org/corfudb/infrastructure/logreplication/infrastructure/plugins/CorfuReplicationClusterManagerAdapter.java"
            }
          ]
        },
        {
          "tool-name": "JGenProg",
          "pattern-name": "JGenProg:any_statement_shallow",
          "Unified_Diff_of-files:": "Starts Below...",
          "CHANGE_old:": "            this.topologyManagerAdapterName \u003d DEFAULT_SITE_MANAGER_CLASSNAME;",
          "CHANGE_new:": "            this.topologyManagerAdapterName \u003d DEFAULT_CLUSTER_MANAGER_CLASSNAME;",
          "instance_detail": [
            {
              "pattern_action": "ANY",
              "pattern_entity": {
                "entity_type": "*",
                "entity_new value": "*",
                "entity_role": "Statement",
                "entity_parent": "null"
              },
              "concrete_change": {
                "operator": "DEL",
                "src_type": "Invocation",
                "dst_type": "null",
                "src": "corfuReplicationDiscoveryService.updateTopology(topologyConfig)",
                "dst": "null",
                "src_parent_type": "Block",
                "dst_parent_type": "null",
                "src_parent": "{\n    topologyConfig \u003d newTopologyConfigMsg;\n    corfuReplicationDiscoveryService.updateTopology(topologyConfig);\n}",
                "dst_parent": "null"
              },
              "line": 33,
              "file": "/home/khesoem/projects/lighter/exp/infrastructure/src/main/java/org/corfudb/infrastructure/logreplication/infrastructure/plugins/CorfuReplicationClusterManagerAdapter.java"
            }
          ]
        },
        {
          "tool-name": "JGenProg",
          "pattern-name": "JGenProg:any_statement_shallow",
          "Unified_Diff_of-files:": "Starts Below...",
          "CHANGE_old:": "            this.topologyManagerAdapterName \u003d DEFAULT_SITE_MANAGER_CLASSNAME;",
          "CHANGE_new:": "            this.topologyManagerAdapterName \u003d DEFAULT_CLUSTER_MANAGER_CLASSNAME;",
          "instance_detail": [
            {
              "pattern_action": "ANY",
              "pattern_entity": {
                "entity_type": "*",
                "entity_new value": "*",
                "entity_role": "Statement",
                "entity_parent": "null"
              },
              "concrete_change": {
                "operator": "DEL",
                "src_type": "If",
                "dst_type": "null",
                "src": "if ((newTopologyConfigMsg.getTopologyConfigID()) \u003e (topologyConfig.getTopologyConfigID())) {\n    topologyConfig \u003d newTopologyConfigMsg;\n    corfuReplicationDiscoveryService.updateTopology(topologyConfig);\n}",
                "dst": "null",
                "src_parent_type": "Block",
                "dst_parent_type": "null",
                "src_parent": "{\n    if ((newTopologyConfigMsg.getTopologyConfigID()) \u003e (topologyConfig.getTopologyConfigID())) {\n        topologyConfig \u003d newTopologyConfigMsg;\n        corfuReplicationDiscoveryService.updateTopology(topologyConfig);\n    }\n}",
                "dst_parent": "null"
              },
              "line": 31,
              "file": "/home/khesoem/projects/lighter/exp/infrastructure/src/main/java/org/corfudb/infrastructure/logreplication/infrastructure/plugins/CorfuReplicationClusterManagerAdapter.java"
            }
          ]
        },
        {
          "tool-name": "JGenProg",
          "pattern-name": "JGenProg:any_statement_shallow",
          "Unified_Diff_of-files:": "Starts Below...",
          "CHANGE_old:": "            this.topologyManagerAdapterName \u003d DEFAULT_SITE_MANAGER_CLASSNAME;",
          "CHANGE_new:": "            this.topologyManagerAdapterName \u003d DEFAULT_CLUSTER_MANAGER_CLASSNAME;",
          "instance_detail": [
            {
              "pattern_action": "ANY",
              "pattern_entity": {
                "entity_type": "*",
                "entity_new value": "*",
                "entity_role": "Statement",
                "entity_parent": "null"
              },
              "concrete_change": {
                "operator": "DEL",
                "src_type": "Invocation",
                "dst_type": "null",
                "src": "corfuReplicationDiscoveryService.prepareClusterRoleChange()",
                "dst": "null",
                "src_parent_type": "Block",
                "dst_parent_type": "null",
                "src_parent": "{\n    corfuReplicationDiscoveryService.prepareClusterRoleChange();\n}",
                "dst_parent": "null"
              },
              "line": 38,
              "file": "/home/khesoem/projects/lighter/exp/infrastructure/src/main/java/org/corfudb/infrastructure/logreplication/infrastructure/plugins/CorfuReplicationClusterManagerAdapter.java"
            }
          ]
        },
        {
          "tool-name": "JGenProg",
          "pattern-name": "JGenProg:any_statement_shallow",
          "Unified_Diff_of-files:": "Starts Below...",
          "CHANGE_old:": "            this.topologyManagerAdapterName \u003d DEFAULT_SITE_MANAGER_CLASSNAME;",
          "CHANGE_new:": "            this.topologyManagerAdapterName \u003d DEFAULT_CLUSTER_MANAGER_CLASSNAME;",
          "instance_detail": [
            {
              "pattern_action": "ANY",
              "pattern_entity": {
                "entity_type": "*",
                "entity_new value": "*",
                "entity_role": "Statement",
                "entity_parent": "null"
              },
              "concrete_change": {
                "operator": "DEL",
                "src_type": "Return",
                "dst_type": "null",
                "src": "return corfuReplicationDiscoveryService.queryReplicationStatus()",
                "dst": "null",
                "src_parent_type": "Block",
                "dst_parent_type": "null",
                "src_parent": "{\n    return corfuReplicationDiscoveryService.queryReplicationStatus();\n}",
                "dst_parent": "null"
              },
              "line": 42,
              "file": "/home/khesoem/projects/lighter/exp/infrastructure/src/main/java/org/corfudb/infrastructure/logreplication/infrastructure/plugins/CorfuReplicationClusterManagerAdapter.java"
            }
          ]
        }
      ]
    }
  ],
  "complete_analysis": true
}