{
  "instances": [
    {
      "revision": "ea2353087d200750a60ff4a6175036f70c80b88c",
      "repairability": [
        {
          "tool-name": "JGenProg",
          "pattern-name": "JGenProg:any_statement_shallow",
          "Unified_Diff_of-files:": "Starts Below...",
          "INSERT:": "}",
          "CHANGE_old:": "",
          "CHANGE_new:": "        super(networkName, new ConcurrentHashMap\u0026lt;\u0026gt;(), cleanUpEnabled);",
          "DELETE:": "        this.vmPassword \u003d vmPassword;",
          "instance_detail": [
            {
              "pattern_action": "ANY",
              "pattern_entity": {
                "entity_type": "*",
                "entity_new value": "*",
                "entity_role": "Statement",
                "entity_parent": "null"
              },
              "concrete_change": {
                "operator": "DEL",
                "src_type": "LocalVariable",
                "dst_type": "null",
                "src": "java.lang.String version \u003d java.lang.System.getProperty(\"project.version\")",
                "dst": "null",
                "src_parent_type": "Block",
                "dst_parent_type": "null",
                "src_parent": "{\n    java.lang.String version \u003d java.lang.System.getProperty(\"project.version\");\n    if ((version !\u003d null) \u0026\u0026 (!(version.isEmpty()))) {\n        return version;\n    }\n    return org.corfudb.universe.node.server.AbstractCorfuServer.parseAppVersionInPom();\n}",
                "dst_parent": "null"
              },
              "line": 78,
              "file": "/home/khesoem/projects/lighter/exp/it/src/main/java/org/corfudb/universe/node/server/AbstractCorfuServer.java"
            }
          ]
        },
        {
          "tool-name": "JGenProg",
          "pattern-name": "JGenProg:any_statement_shallow",
          "Unified_Diff_of-files:": "Starts Below...",
          "INSERT:": "}",
          "CHANGE_old:": "",
          "CHANGE_new:": "        super(networkName, new ConcurrentHashMap\u0026lt;\u0026gt;(), cleanUpEnabled);",
          "DELETE:": "        this.vmPassword \u003d vmPassword;",
          "instance_detail": [
            {
              "pattern_action": "ANY",
              "pattern_entity": {
                "entity_type": "*",
                "entity_new value": "*",
                "entity_role": "Statement",
                "entity_parent": "null"
              },
              "concrete_change": {
                "operator": "DEL",
                "src_type": "Return",
                "dst_type": "null",
                "src": "return version",
                "dst": "null",
                "src_parent_type": "Block",
                "dst_parent_type": "null",
                "src_parent": "{\n    return version;\n}",
                "dst_parent": "null"
              },
              "line": 80,
              "file": "/home/khesoem/projects/lighter/exp/it/src/main/java/org/corfudb/universe/node/server/AbstractCorfuServer.java"
            }
          ]
        },
        {
          "tool-name": "JGenProg",
          "pattern-name": "JGenProg:any_statement_shallow",
          "Unified_Diff_of-files:": "Starts Below...",
          "INSERT:": "}",
          "CHANGE_old:": "",
          "CHANGE_new:": "        super(networkName, new ConcurrentHashMap\u0026lt;\u0026gt;(), cleanUpEnabled);",
          "DELETE:": "        this.vmPassword \u003d vmPassword;",
          "instance_detail": [
            {
              "pattern_action": "ANY",
              "pattern_entity": {
                "entity_type": "*",
                "entity_new value": "*",
                "entity_role": "Statement",
                "entity_parent": "null"
              },
              "concrete_change": {
                "operator": "DEL",
                "src_type": "If",
                "dst_type": "null",
                "src": "if ((version !\u003d null) \u0026\u0026 (!(version.isEmpty()))) {\n    return version;\n}",
                "dst": "null",
                "src_parent_type": "Block",
                "dst_parent_type": "null",
                "src_parent": "{\n    java.lang.String version \u003d java.lang.System.getProperty(\"project.version\");\n    if ((version !\u003d null) \u0026\u0026 (!(version.isEmpty()))) {\n        return version;\n    }\n    return org.corfudb.universe.node.server.AbstractCorfuServer.parseAppVersionInPom();\n}",
                "dst_parent": "null"
              },
              "line": 79,
              "file": "/home/khesoem/projects/lighter/exp/it/src/main/java/org/corfudb/universe/node/server/AbstractCorfuServer.java"
            }
          ]
        },
        {
          "tool-name": "JGenProg",
          "pattern-name": "JGenProg:any_statement_shallow",
          "Unified_Diff_of-files:": "Starts Below...",
          "INSERT:": "}",
          "CHANGE_old:": "",
          "CHANGE_new:": "        super(networkName, new ConcurrentHashMap\u0026lt;\u0026gt;(), cleanUpEnabled);",
          "DELETE:": "        this.vmPassword \u003d vmPassword;",
          "instance_detail": [
            {
              "pattern_action": "ANY",
              "pattern_entity": {
                "entity_type": "*",
                "entity_new value": "*",
                "entity_role": "Statement",
                "entity_parent": "null"
              },
              "concrete_change": {
                "operator": "DEL",
                "src_type": "Return",
                "dst_type": "null",
                "src": "return org.corfudb.universe.node.server.AbstractCorfuServer.parseAppVersionInPom()",
                "dst": "null",
                "src_parent_type": "Block",
                "dst_parent_type": "null",
                "src_parent": "{\n    java.lang.String version \u003d java.lang.System.getProperty(\"project.version\");\n    if ((version !\u003d null) \u0026\u0026 (!(version.isEmpty()))) {\n        return version;\n    }\n    return org.corfudb.universe.node.server.AbstractCorfuServer.parseAppVersionInPom();\n}",
                "dst_parent": "null"
              },
              "line": 83,
              "file": "/home/khesoem/projects/lighter/exp/it/src/main/java/org/corfudb/universe/node/server/AbstractCorfuServer.java"
            }
          ]
        },
        {
          "tool-name": "JGenProg",
          "pattern-name": "JGenProg:any_statement_shallow",
          "Unified_Diff_of-files:": "Starts Below...",
          "INSERT:": "}",
          "CHANGE_old:": "",
          "CHANGE_new:": "        super(networkName, new ConcurrentHashMap\u0026lt;\u0026gt;(), cleanUpEnabled);",
          "DELETE:": "        this.vmPassword \u003d vmPassword;",
          "instance_detail": [
            {
              "pattern_action": "ANY",
              "pattern_entity": {
                "entity_type": "*",
                "entity_new value": "*",
                "entity_role": "Statement",
                "entity_parent": "null"
              },
              "concrete_change": {
                "operator": "DEL",
                "src_type": "LocalVariable",
                "dst_type": "null",
                "src": "org.apache.maven.model.io.xpp3.MavenXpp3Reader reader \u003d new org.apache.maven.model.io.xpp3.MavenXpp3Reader()",
                "dst": "null",
                "src_parent_type": "Block",
                "dst_parent_type": "null",
                "src_parent": "{\n    org.apache.maven.model.io.xpp3.MavenXpp3Reader reader \u003d new org.apache.maven.model.io.xpp3.MavenXpp3Reader();\n    org.apache.maven.model.Model model;\n    try {\n        model \u003d reader.read(new java.io.FileReader(org.corfudb.universe.node.server.AbstractCorfuServer.POM_FILE));\n        return model.getParent().getVersion();\n    } catch (java.io.IOException | org.codehaus.plexus.util.xml.pull.XmlPullParserException e) {\n        throw new org.corfudb.universe.node.NodeException(\"Can\u0027t parse application version\", e);\n    }\n}",
                "dst_parent": "null"
              },
              "line": 87,
              "file": "/home/khesoem/projects/lighter/exp/it/src/main/java/org/corfudb/universe/node/server/AbstractCorfuServer.java"
            }
          ]
        },
        {
          "tool-name": "JGenProg",
          "pattern-name": "JGenProg:any_statement_shallow",
          "Unified_Diff_of-files:": "Starts Below...",
          "INSERT:": "}",
          "CHANGE_old:": "",
          "CHANGE_new:": "        super(networkName, new ConcurrentHashMap\u0026lt;\u0026gt;(), cleanUpEnabled);",
          "DELETE:": "        this.vmPassword \u003d vmPassword;",
          "instance_detail": [
            {
              "pattern_action": "ANY",
              "pattern_entity": {
                "entity_type": "*",
                "entity_new value": "*",
                "entity_role": "Statement",
                "entity_parent": "null"
              },
              "concrete_change": {
                "operator": "DEL",
                "src_type": "LocalVariable",
                "dst_type": "null",
                "src": "org.apache.maven.model.Model model",
                "dst": "null",
                "src_parent_type": "Block",
                "dst_parent_type": "null",
                "src_parent": "{\n    org.apache.maven.model.io.xpp3.MavenXpp3Reader reader \u003d new org.apache.maven.model.io.xpp3.MavenXpp3Reader();\n    org.apache.maven.model.Model model;\n    try {\n        model \u003d reader.read(new java.io.FileReader(org.corfudb.universe.node.server.AbstractCorfuServer.POM_FILE));\n        return model.getParent().getVersion();\n    } catch (java.io.IOException | org.codehaus.plexus.util.xml.pull.XmlPullParserException e) {\n        throw new org.corfudb.universe.node.NodeException(\"Can\u0027t parse application version\", e);\n    }\n}",
                "dst_parent": "null"
              },
              "line": 88,
              "file": "/home/khesoem/projects/lighter/exp/it/src/main/java/org/corfudb/universe/node/server/AbstractCorfuServer.java"
            }
          ]
        },
        {
          "tool-name": "JGenProg",
          "pattern-name": "JGenProg:any_statement_shallow",
          "Unified_Diff_of-files:": "Starts Below...",
          "INSERT:": "}",
          "CHANGE_old:": "",
          "CHANGE_new:": "        super(networkName, new ConcurrentHashMap\u0026lt;\u0026gt;(), cleanUpEnabled);",
          "DELETE:": "        this.vmPassword \u003d vmPassword;",
          "instance_detail": [
            {
              "pattern_action": "ANY",
              "pattern_entity": {
                "entity_type": "*",
                "entity_new value": "*",
                "entity_role": "Statement",
                "entity_parent": "null"
              },
              "concrete_change": {
                "operator": "DEL",
                "src_type": "Assignment",
                "dst_type": "null",
                "src": "model \u003d reader.read(new java.io.FileReader(org.corfudb.universe.node.server.AbstractCorfuServer.POM_FILE))",
                "dst": "null",
                "src_parent_type": "Block",
                "dst_parent_type": "null",
                "src_parent": "{\n    model \u003d reader.read(new java.io.FileReader(org.corfudb.universe.node.server.AbstractCorfuServer.POM_FILE));\n    return model.getParent().getVersion();\n}",
                "dst_parent": "null"
              },
              "line": 90,
              "file": "/home/khesoem/projects/lighter/exp/it/src/main/java/org/corfudb/universe/node/server/AbstractCorfuServer.java"
            }
          ]
        },
        {
          "tool-name": "JGenProg",
          "pattern-name": "JGenProg:any_statement_shallow",
          "Unified_Diff_of-files:": "Starts Below...",
          "INSERT:": "}",
          "CHANGE_old:": "",
          "CHANGE_new:": "        super(networkName, new ConcurrentHashMap\u0026lt;\u0026gt;(), cleanUpEnabled);",
          "DELETE:": "        this.vmPassword \u003d vmPassword;",
          "instance_detail": [
            {
              "pattern_action": "ANY",
              "pattern_entity": {
                "entity_type": "*",
                "entity_new value": "*",
                "entity_role": "Statement",
                "entity_parent": "null"
              },
              "concrete_change": {
                "operator": "DEL",
                "src_type": "Return",
                "dst_type": "null",
                "src": "return model.getParent().getVersion()",
                "dst": "null",
                "src_parent_type": "Block",
                "dst_parent_type": "null",
                "src_parent": "{\n    model \u003d reader.read(new java.io.FileReader(org.corfudb.universe.node.server.AbstractCorfuServer.POM_FILE));\n    return model.getParent().getVersion();\n}",
                "dst_parent": "null"
              },
              "line": 91,
              "file": "/home/khesoem/projects/lighter/exp/it/src/main/java/org/corfudb/universe/node/server/AbstractCorfuServer.java"
            }
          ]
        },
        {
          "tool-name": "JGenProg",
          "pattern-name": "JGenProg:any_statement_shallow",
          "Unified_Diff_of-files:": "Starts Below...",
          "INSERT:": "}",
          "CHANGE_old:": "",
          "CHANGE_new:": "        super(networkName, new ConcurrentHashMap\u0026lt;\u0026gt;(), cleanUpEnabled);",
          "DELETE:": "        this.vmPassword \u003d vmPassword;",
          "instance_detail": [
            {
              "pattern_action": "ANY",
              "pattern_entity": {
                "entity_type": "*",
                "entity_new value": "*",
                "entity_role": "Statement",
                "entity_parent": "null"
              },
              "concrete_change": {
                "operator": "DEL",
                "src_type": "Throw",
                "dst_type": "null",
                "src": "throw new org.corfudb.universe.node.NodeException(\"Can\u0027t parse application version\", e)",
                "dst": "null",
                "src_parent_type": "Block",
                "dst_parent_type": "null",
                "src_parent": "{\n    throw new org.corfudb.universe.node.NodeException(\"Can\u0027t parse application version\", e);\n}",
                "dst_parent": "null"
              },
              "line": 93,
              "file": "/home/khesoem/projects/lighter/exp/it/src/main/java/org/corfudb/universe/node/server/AbstractCorfuServer.java"
            }
          ]
        },
        {
          "tool-name": "JGenProg",
          "pattern-name": "JGenProg:any_statement_shallow",
          "Unified_Diff_of-files:": "Starts Below...",
          "INSERT:": "}",
          "CHANGE_old:": "",
          "CHANGE_new:": "        super(networkName, new ConcurrentHashMap\u0026lt;\u0026gt;(), cleanUpEnabled);",
          "DELETE:": "        this.vmPassword \u003d vmPassword;",
          "instance_detail": [
            {
              "pattern_action": "ANY",
              "pattern_entity": {
                "entity_type": "*",
                "entity_new value": "*",
                "entity_role": "Statement",
                "entity_parent": "null"
              },
              "concrete_change": {
                "operator": "DEL",
                "src_type": "Try",
                "dst_type": "null",
                "src": "try {\n    model \u003d reader.read(new java.io.FileReader(org.corfudb.universe.node.server.AbstractCorfuServer.POM_FILE));\n    return model.getParent().getVersion();\n} catch (java.io.IOException | org.codehaus.plexus.util.xml.pull.XmlPullParserException e) {\n    throw new org.corfudb.universe.node.NodeException(\"Can\u0027t parse application version\", e);\n}",
                "dst": "null",
                "src_parent_type": "Block",
                "dst_parent_type": "null",
                "src_parent": "{\n    org.apache.maven.model.io.xpp3.MavenXpp3Reader reader \u003d new org.apache.maven.model.io.xpp3.MavenXpp3Reader();\n    org.apache.maven.model.Model model;\n    try {\n        model \u003d reader.read(new java.io.FileReader(org.corfudb.universe.node.server.AbstractCorfuServer.POM_FILE));\n        return model.getParent().getVersion();\n    } catch (java.io.IOException | org.codehaus.plexus.util.xml.pull.XmlPullParserException e) {\n        throw new org.corfudb.universe.node.NodeException(\"Can\u0027t parse application version\", e);\n    }\n}",
                "dst_parent": "null"
              },
              "line": 89,
              "file": "/home/khesoem/projects/lighter/exp/it/src/main/java/org/corfudb/universe/node/server/AbstractCorfuServer.java"
            }
          ]
        }
      ]
    },
    {
      "revision": "ea2353087d200750a60ff4a6175036f70c80b88c",
      "repairability": [
        {
          "tool-name": "JGenProg",
          "pattern-name": "JGenProg:any_statement_shallow",
          "Unified_Diff_of-files:": "Starts Below...",
          "INSERT:": "}",
          "CHANGE_old:": "",
          "CHANGE_new:": "        super(networkName, new ConcurrentHashMap\u0026lt;\u0026gt;(), cleanUpEnabled);",
          "DELETE:": "        this.vmPassword \u003d vmPassword;",
          "instance_detail": [
            {
              "pattern_action": "ANY",
              "pattern_entity": {
                "entity_type": "*",
                "entity_new value": "*",
                "entity_role": "Statement",
                "entity_parent": "null"
              },
              "concrete_change": {
                "operator": "INS",
                "src_type": "Invocation",
                "dst_type": "null",
                "src": "applianceManager.deploy()",
                "dst": "null",
                "src_parent_type": "Block",
                "dst_parent_type": "null",
                "src_parent": "{\n    super(universeParams);\n    this.applianceManager \u003d applianceManager;\n    applianceManager.deploy();\n    init();\n}",
                "dst_parent": "null"
              },
              "line": 40,
              "file": "/home/khesoem/projects/lighter/exp/it/src/main/java/org/corfudb/universe/universe/vm/VmUniverse.java",
              "stats": {
                "number_of_src_entities": 8,
                "number_of_dst_entities": -1,
                "src_entity_types": "[org.corfudb.universe.universe.vm.ApplianceManager]",
                "dst_entity_types": "[]"
              }
            }
          ]
        },
        {
          "tool-name": "JGenProg",
          "pattern-name": "JGenProg:any_statement_shallow",
          "Unified_Diff_of-files:": "Starts Below...",
          "INSERT:": "}",
          "CHANGE_old:": "",
          "CHANGE_new:": "        super(networkName, new ConcurrentHashMap\u0026lt;\u0026gt;(), cleanUpEnabled);",
          "DELETE:": "        this.vmPassword \u003d vmPassword;",
          "instance_detail": [
            {
              "pattern_action": "ANY",
              "pattern_entity": {
                "entity_type": "*",
                "entity_new value": "*",
                "entity_role": "Statement",
                "entity_parent": "null"
              },
              "concrete_change": {
                "operator": "DEL",
                "src_type": "Invocation",
                "dst_type": "null",
                "src": "java.lang.Runtime.getRuntime().addShutdownHook(new java.lang.Thread(this::shutdown))",
                "dst": "null",
                "src_parent_type": "Block",
                "dst_parent_type": "null",
                "src_parent": "{\n    super(universeParams);\n    this.applianceManager \u003d applianceManager;\n    java.lang.Runtime.getRuntime().addShutdownHook(new java.lang.Thread(this::shutdown));\n}",
                "dst_parent": "null"
              },
              "line": 38,
              "file": "/home/khesoem/projects/lighter/exp/it/src/main/java/org/corfudb/universe/universe/vm/VmUniverse.java",
              "stats": {
                "number_of_src_entities": 38,
                "number_of_dst_entities": -1,
                "src_entity_types": "[java.lang.Runtime, java.lang.Runnable, org.corfudb.universe.universe.vm.VmUniverse, java.lang.Thread]",
                "dst_entity_types": "[]"
              }
            }
          ]
        },
        {
          "tool-name": "JGenProg",
          "pattern-name": "JGenProg:any_statement_shallow",
          "Unified_Diff_of-files:": "Starts Below...",
          "INSERT:": "}",
          "CHANGE_old:": "",
          "CHANGE_new:": "        super(networkName, new ConcurrentHashMap\u0026lt;\u0026gt;(), cleanUpEnabled);",
          "DELETE:": "        this.vmPassword \u003d vmPassword;",
          "instance_detail": [
            {
              "pattern_action": "ANY",
              "pattern_entity": {
                "entity_type": "*",
                "entity_new value": "*",
                "entity_role": "Statement",
                "entity_parent": "null"
              },
              "concrete_change": {
                "operator": "DEL",
                "src_type": "Invocation",
                "dst_type": "null",
                "src": "applianceManager.deploy()",
                "dst": "null",
                "src_parent_type": "Block",
                "dst_parent_type": "null",
                "src_parent": "{\n    log.info(\"Deploy the universe: {}\", universeId);\n    applianceManager.deploy();\n    deployGroups();\n    return this;\n}",
                "dst_parent": "null"
              },
              "line": 51,
              "file": "/home/khesoem/projects/lighter/exp/it/src/main/java/org/corfudb/universe/universe/vm/VmUniverse.java",
              "stats": {
                "number_of_src_entities": 16,
                "number_of_dst_entities": -1,
                "src_entity_types": "[org.corfudb.universe.universe.vm.VmUniverse, org.corfudb.universe.universe.vm.ApplianceManager]",
                "dst_entity_types": "[]"
              }
            }
          ]
        }
      ]
    },
    {
      "revision": "ea2353087d200750a60ff4a6175036f70c80b88c",
      "repairability": [
        {
          "tool-name": "JGenProg",
          "pattern-name": "JGenProg:any_statement_shallow",
          "Unified_Diff_of-files:": "Starts Below...",
          "INSERT:": "}",
          "CHANGE_old:": "",
          "CHANGE_new:": "        super(networkName, new ConcurrentHashMap\u0026lt;\u0026gt;(), cleanUpEnabled);",
          "DELETE:": "        this.vmPassword \u003d vmPassword;",
          "instance_detail": [
            {
              "pattern_action": "ANY",
              "pattern_entity": {
                "entity_type": "*",
                "entity_new value": "*",
                "entity_role": "Statement",
                "entity_parent": "null"
              },
              "concrete_change": {
                "operator": "DEL",
                "src_type": "Throw",
                "dst_type": "null",
                "src": "throw org.corfudb.universe.universe.process.ProcessUniverse.NOT_IMPLEMENTED",
                "dst": "null",
                "src_parent_type": "Block",
                "dst_parent_type": "null",
                "src_parent": "{\n    throw org.corfudb.universe.universe.process.ProcessUniverse.NOT_IMPLEMENTED;\n}",
                "dst_parent": "null"
              },
              "line": 15,
              "file": "/home/khesoem/projects/lighter/exp/it/src/main/java/org/corfudb/universe/universe/process/ProcessUniverse.java"
            }
          ]
        },
        {
          "tool-name": "JGenProg",
          "pattern-name": "JGenProg:any_statement_shallow",
          "Unified_Diff_of-files:": "Starts Below...",
          "INSERT:": "}",
          "CHANGE_old:": "",
          "CHANGE_new:": "        super(networkName, new ConcurrentHashMap\u0026lt;\u0026gt;(), cleanUpEnabled);",
          "DELETE:": "        this.vmPassword \u003d vmPassword;",
          "instance_detail": [
            {
              "pattern_action": "ANY",
              "pattern_entity": {
                "entity_type": "*",
                "entity_new value": "*",
                "entity_role": "Statement",
                "entity_parent": "null"
              },
              "concrete_change": {
                "operator": "DEL",
                "src_type": "Throw",
                "dst_type": "null",
                "src": "throw org.corfudb.universe.universe.process.ProcessUniverse.NOT_IMPLEMENTED",
                "dst": "null",
                "src_parent_type": "Block",
                "dst_parent_type": "null",
                "src_parent": "{\n    throw org.corfudb.universe.universe.process.ProcessUniverse.NOT_IMPLEMENTED;\n}",
                "dst_parent": "null"
              },
              "line": 20,
              "file": "/home/khesoem/projects/lighter/exp/it/src/main/java/org/corfudb/universe/universe/process/ProcessUniverse.java"
            }
          ]
        },
        {
          "tool-name": "JGenProg",
          "pattern-name": "JGenProg:any_statement_shallow",
          "Unified_Diff_of-files:": "Starts Below...",
          "INSERT:": "}",
          "CHANGE_old:": "",
          "CHANGE_new:": "        super(networkName, new ConcurrentHashMap\u0026lt;\u0026gt;(), cleanUpEnabled);",
          "DELETE:": "        this.vmPassword \u003d vmPassword;",
          "instance_detail": [
            {
              "pattern_action": "ANY",
              "pattern_entity": {
                "entity_type": "*",
                "entity_new value": "*",
                "entity_role": "Statement",
                "entity_parent": "null"
              },
              "concrete_change": {
                "operator": "DEL",
                "src_type": "Throw",
                "dst_type": "null",
                "src": "throw org.corfudb.universe.universe.process.ProcessUniverse.NOT_IMPLEMENTED",
                "dst": "null",
                "src_parent_type": "Block",
                "dst_parent_type": "null",
                "src_parent": "{\n    throw org.corfudb.universe.universe.process.ProcessUniverse.NOT_IMPLEMENTED;\n}",
                "dst_parent": "null"
              },
              "line": 25,
              "file": "/home/khesoem/projects/lighter/exp/it/src/main/java/org/corfudb/universe/universe/process/ProcessUniverse.java"
            }
          ]
        },
        {
          "tool-name": "JGenProg",
          "pattern-name": "JGenProg:any_statement_shallow",
          "Unified_Diff_of-files:": "Starts Below...",
          "INSERT:": "}",
          "CHANGE_old:": "",
          "CHANGE_new:": "        super(networkName, new ConcurrentHashMap\u0026lt;\u0026gt;(), cleanUpEnabled);",
          "DELETE:": "        this.vmPassword \u003d vmPassword;",
          "instance_detail": [
            {
              "pattern_action": "ANY",
              "pattern_entity": {
                "entity_type": "*",
                "entity_new value": "*",
                "entity_role": "Statement",
                "entity_parent": "null"
              },
              "concrete_change": {
                "operator": "DEL",
                "src_type": "Throw",
                "dst_type": "null",
                "src": "throw org.corfudb.universe.universe.process.ProcessUniverse.NOT_IMPLEMENTED",
                "dst": "null",
                "src_parent_type": "Block",
                "dst_parent_type": "null",
                "src_parent": "{\n    throw org.corfudb.universe.universe.process.ProcessUniverse.NOT_IMPLEMENTED;\n}",
                "dst_parent": "null"
              },
              "line": 30,
              "file": "/home/khesoem/projects/lighter/exp/it/src/main/java/org/corfudb/universe/universe/process/ProcessUniverse.java"
            }
          ]
        },
        {
          "tool-name": "JGenProg",
          "pattern-name": "JGenProg:any_statement_shallow",
          "Unified_Diff_of-files:": "Starts Below...",
          "INSERT:": "}",
          "CHANGE_old:": "",
          "CHANGE_new:": "        super(networkName, new ConcurrentHashMap\u0026lt;\u0026gt;(), cleanUpEnabled);",
          "DELETE:": "        this.vmPassword \u003d vmPassword;",
          "instance_detail": [
            {
              "pattern_action": "ANY",
              "pattern_entity": {
                "entity_type": "*",
                "entity_new value": "*",
                "entity_role": "Statement",
                "entity_parent": "null"
              },
              "concrete_change": {
                "operator": "DEL",
                "src_type": "Throw",
                "dst_type": "null",
                "src": "throw org.corfudb.universe.universe.process.ProcessUniverse.NOT_IMPLEMENTED",
                "dst": "null",
                "src_parent_type": "Block",
                "dst_parent_type": "null",
                "src_parent": "{\n    throw org.corfudb.universe.universe.process.ProcessUniverse.NOT_IMPLEMENTED;\n}",
                "dst_parent": "null"
              },
              "line": 35,
              "file": "/home/khesoem/projects/lighter/exp/it/src/main/java/org/corfudb/universe/universe/process/ProcessUniverse.java"
            }
          ]
        }
      ]
    },
    {
      "revision": "ea2353087d200750a60ff4a6175036f70c80b88c",
      "repairability": [
        {
          "tool-name": "JGenProg",
          "pattern-name": "JGenProg:any_statement_shallow",
          "Unified_Diff_of-files:": "Starts Below...",
          "INSERT:": "}",
          "CHANGE_old:": "",
          "CHANGE_new:": "        super(networkName, new ConcurrentHashMap\u0026lt;\u0026gt;(), cleanUpEnabled);",
          "DELETE:": "        this.vmPassword \u003d vmPassword;",
          "instance_detail": [
            {
              "pattern_action": "ANY",
              "pattern_entity": {
                "entity_type": "*",
                "entity_new value": "*",
                "entity_role": "Statement",
                "entity_parent": "null"
              },
              "concrete_change": {
                "operator": "DEL",
                "src_type": "Invocation",
                "dst_type": "null",
                "src": "scp.setTodir(((((((userName + \":\") + password) + \"@\") + vmIpAddress) + \":\") + remoteDir))",
                "dst": "null",
                "src_parent_type": "Block",
                "dst_parent_type": "null",
                "src_parent": "{\n    org.apache.tools.ant.taskdefs.optional.ssh.Scp scp \u003d new org.apache.tools.ant.taskdefs.optional.ssh.Scp();\n    scp.setLocalFile(localFile);\n    scp.setTodir(((((((userName + \":\") + password) + \"@\") + vmIpAddress) + \":\") + remoteDir));\n    scp.setProject(org.corfudb.universe.group.cluster.vm.RemoteOperationHelper.PROJECT);\n    scp.setTrust(true);\n    log.info(\"Copying {} to {} on {}\", localFile, remoteDir, vmIpAddress);\n    scp.execute();\n}",
                "dst_parent": "null"
              },
              "line": 38,
              "file": "/home/khesoem/projects/lighter/exp/it/src/main/java/org/corfudb/universe/group/cluster/vm/RemoteOperationHelper.java",
              "stats": {
                "number_of_src_entities": 53,
                "number_of_dst_entities": -1,
                "src_entity_types": "[org.apache.tools.ant.taskdefs.optional.ssh.Scp, java.lang.String]",
                "dst_entity_types": "[]"
              }
            }
          ]
        },
        {
          "tool-name": "JGenProg",
          "pattern-name": "JGenProg:any_statement_shallow",
          "Unified_Diff_of-files:": "Starts Below...",
          "INSERT:": "}",
          "CHANGE_old:": "",
          "CHANGE_new:": "        super(networkName, new ConcurrentHashMap\u0026lt;\u0026gt;(), cleanUpEnabled);",
          "DELETE:": "        this.vmPassword \u003d vmPassword;",
          "instance_detail": [
            {
              "pattern_action": "ANY",
              "pattern_entity": {
                "entity_type": "*",
                "entity_new value": "*",
                "entity_role": "Statement",
                "entity_parent": "null"
              },
              "concrete_change": {
                "operator": "DEL",
                "src_type": "Invocation",
                "dst_type": "null",
                "src": "executeCommand(vmIpAddress, userName, password, java.lang.String.format(\"echo %s | sudo -S -p \u0027\u0027 %s\", password, command))",
                "dst": "null",
                "src_parent_type": "Block",
                "dst_parent_type": "null",
                "src_parent": "{\n    executeCommand(vmIpAddress, userName, password, java.lang.String.format(\"echo %s | sudo -S -p \u0027\u0027 %s\", password, command));\n}",
                "dst_parent": "null"
              },
              "line": 75,
              "file": "/home/khesoem/projects/lighter/exp/it/src/main/java/org/corfudb/universe/group/cluster/vm/RemoteOperationHelper.java",
              "stats": {
                "number_of_src_entities": 56,
                "number_of_dst_entities": -1,
                "src_entity_types": "[org.corfudb.universe.group.cluster.vm.RemoteOperationHelper, java.lang.String]",
                "dst_entity_types": "[]"
              }
            }
          ]
        }
      ]
    },
    {
      "revision": "ea2353087d200750a60ff4a6175036f70c80b88c",
      "repairability": [
        {
          "tool-name": "JGenProg",
          "pattern-name": "JGenProg:any_statement_shallow",
          "Unified_Diff_of-files:": "Starts Below...",
          "INSERT:": "}",
          "CHANGE_old:": "",
          "CHANGE_new:": "        super(networkName, new ConcurrentHashMap\u0026lt;\u0026gt;(), cleanUpEnabled);",
          "DELETE:": "        this.vmPassword \u003d vmPassword;",
          "instance_detail": [
            {
              "pattern_action": "ANY",
              "pattern_entity": {
                "entity_type": "*",
                "entity_new value": "*",
                "entity_role": "Statement",
                "entity_parent": "null"
              },
              "concrete_change": {
                "operator": "DEL",
                "src_type": "Assignment",
                "dst_type": "null",
                "src": "this.vSpherePassword \u003d vSpherePassword",
                "dst": "null",
                "src_parent_type": "Block",
                "dst_parent_type": "null",
                "src_parent": "{\n    super(networkName, new java.util.concurrent.ConcurrentHashMap());\n    this.vSphereUrl \u003d vSphereUrl;\n    this.vSphereUsername \u003d vSphereUsername;\n    this.vSpherePassword \u003d vSpherePassword;\n    this.vSphereHost \u003d vSphereHost;\n    this.templateVMName \u003d templateVMName;\n    this.vmUserName \u003d vmUserName;\n    this.vmPassword \u003d vmPassword;\n    this.vmIpAddresses \u003d vmIpAddresses;\n}",
                "dst_parent": "null"
              },
              "line": 67,
              "file": "/home/khesoem/projects/lighter/exp/it/src/main/java/org/corfudb/universe/universe/vm/VmUniverseParams.java",
              "stats": {
                "number_of_src_entities": 19,
                "number_of_dst_entities": -1,
                "src_entity_types": "[org.corfudb.universe.universe.vm.VmUniverseParams, java.lang.String]",
                "dst_entity_types": "[]"
              }
            }
          ]
        },
        {
          "tool-name": "JGenProg",
          "pattern-name": "JGenProg:any_statement_shallow",
          "Unified_Diff_of-files:": "Starts Below...",
          "INSERT:": "}",
          "CHANGE_old:": "",
          "CHANGE_new:": "        super(networkName, new ConcurrentHashMap\u0026lt;\u0026gt;(), cleanUpEnabled);",
          "DELETE:": "        this.vmPassword \u003d vmPassword;",
          "instance_detail": [
            {
              "pattern_action": "ANY",
              "pattern_entity": {
                "entity_type": "*",
                "entity_new value": "*",
                "entity_role": "Statement",
                "entity_parent": "null"
              },
              "concrete_change": {
                "operator": "DEL",
                "src_type": "Assignment",
                "dst_type": "null",
                "src": "this.vmUserName \u003d vmUserName",
                "dst": "null",
                "src_parent_type": "Block",
                "dst_parent_type": "null",
                "src_parent": "{\n    super(networkName, new java.util.concurrent.ConcurrentHashMap());\n    this.vSphereUrl \u003d vSphereUrl;\n    this.vSphereUsername \u003d vSphereUsername;\n    this.vSpherePassword \u003d vSpherePassword;\n    this.vSphereHost \u003d vSphereHost;\n    this.templateVMName \u003d templateVMName;\n    this.vmUserName \u003d vmUserName;\n    this.vmPassword \u003d vmPassword;\n    this.vmIpAddresses \u003d vmIpAddresses;\n}",
                "dst_parent": "null"
              },
              "line": 71,
              "file": "/home/khesoem/projects/lighter/exp/it/src/main/java/org/corfudb/universe/universe/vm/VmUniverseParams.java",
              "stats": {
                "number_of_src_entities": 19,
                "number_of_dst_entities": -1,
                "src_entity_types": "[org.corfudb.universe.universe.vm.VmUniverseParams, java.lang.String]",
                "dst_entity_types": "[]"
              }
            }
          ]
        },
        {
          "tool-name": "JGenProg",
          "pattern-name": "JGenProg:any_statement_shallow",
          "Unified_Diff_of-files:": "Starts Below...",
          "INSERT:": "}",
          "CHANGE_old:": "",
          "CHANGE_new:": "        super(networkName, new ConcurrentHashMap\u0026lt;\u0026gt;(), cleanUpEnabled);",
          "DELETE:": "        this.vmPassword \u003d vmPassword;",
          "instance_detail": [
            {
              "pattern_action": "ANY",
              "pattern_entity": {
                "entity_type": "*",
                "entity_new value": "*",
                "entity_role": "Statement",
                "entity_parent": "null"
              },
              "concrete_change": {
                "operator": "DEL",
                "src_type": "Assignment",
                "dst_type": "null",
                "src": "this.vmPassword \u003d vmPassword",
                "dst": "null",
                "src_parent_type": "Block",
                "dst_parent_type": "null",
                "src_parent": "{\n    super(networkName, new java.util.concurrent.ConcurrentHashMap());\n    this.vSphereUrl \u003d vSphereUrl;\n    this.vSphereUsername \u003d vSphereUsername;\n    this.vSpherePassword \u003d vSpherePassword;\n    this.vSphereHost \u003d vSphereHost;\n    this.templateVMName \u003d templateVMName;\n    this.vmUserName \u003d vmUserName;\n    this.vmPassword \u003d vmPassword;\n    this.vmIpAddresses \u003d vmIpAddresses;\n}",
                "dst_parent": "null"
              },
              "line": 72,
              "file": "/home/khesoem/projects/lighter/exp/it/src/main/java/org/corfudb/universe/universe/vm/VmUniverseParams.java",
              "stats": {
                "number_of_src_entities": 19,
                "number_of_dst_entities": -1,
                "src_entity_types": "[org.corfudb.universe.universe.vm.VmUniverseParams, java.lang.String]",
                "dst_entity_types": "[]"
              }
            }
          ]
        }
      ]
    },
    {
      "revision": "ea2353087d200750a60ff4a6175036f70c80b88c",
      "repairability": [
        {
          "tool-name": "JGenProg",
          "pattern-name": "JGenProg:any_statement_shallow",
          "Unified_Diff_of-files:": "Starts Below...",
          "INSERT:": "}",
          "CHANGE_old:": "",
          "CHANGE_new:": "        super(networkName, new ConcurrentHashMap\u0026lt;\u0026gt;(), cleanUpEnabled);",
          "DELETE:": "        this.vmPassword \u003d vmPassword;",
          "instance_detail": [
            {
              "pattern_action": "ANY",
              "pattern_entity": {
                "entity_type": "*",
                "entity_new value": "*",
                "entity_role": "Statement",
                "entity_parent": "null"
              },
              "concrete_change": {
                "operator": "DEL",
                "src_type": "Return",
                "dst_type": "null",
                "src": "return group",
                "dst": "null",
                "src_parent_type": "Block",
                "dst_parent_type": "null",
                "src_parent": "{\n    org.corfudb.universe.group.Group.GroupParams groupParams \u003d universeParams.getGroupParams(groupName, .class);\n    org.corfudb.universe.group.Group group \u003d buildGroup(groupParams);\n    groups.put(groupParams.getName(), group);\n    return group;\n}",
                "dst_parent": "null"
              },
              "line": 45,
              "file": "/home/khesoem/projects/lighter/exp/it/src/main/java/org/corfudb/universe/universe/AbstractUniverse.java",
              "stats": {
                "number_of_src_entities": 5,
                "number_of_dst_entities": -1,
                "src_entity_types": "[org.corfudb.universe.group.Group]",
                "dst_entity_types": "[]"
              }
            }
          ]
        },
        {
          "tool-name": "JGenProg",
          "pattern-name": "JGenProg:any_statement_shallow",
          "Unified_Diff_of-files:": "Starts Below...",
          "INSERT:": "}",
          "CHANGE_old:": "",
          "CHANGE_new:": "        super(networkName, new ConcurrentHashMap\u0026lt;\u0026gt;(), cleanUpEnabled);",
          "DELETE:": "        this.vmPassword \u003d vmPassword;",
          "instance_detail": [
            {
              "pattern_action": "ANY",
              "pattern_entity": {
                "entity_type": "*",
                "entity_new value": "*",
                "entity_role": "Statement",
                "entity_parent": "null"
              },
              "concrete_change": {
                "operator": "DEL",
                "src_type": "Invocation",
                "dst_type": "null",
                "src": "universeParams.getGroups().keySet().stream().map(( groupName) -\u003e {\n    org.corfudb.universe.group.Group.GroupParams groupParams \u003d universeParams.getGroupParams(groupName, .class);\n    org.corfudb.universe.group.Group group \u003d buildGroup(groupParams);\n    groups.put(groupParams.getName(), group);\n    return group;\n}).forEach(Group::deploy)",
                "dst": "null",
                "src_parent_type": "Block",
                "dst_parent_type": "null",
                "src_parent": "{\n    log.info(\"Deploy groups: {}\", universeParams.getGroups().keySet());\n    universeParams.getGroups().keySet().stream().map(( groupName) -\u003e {\n        org.corfudb.universe.group.Group.GroupParams groupParams \u003d universeParams.getGroupParams(groupName, .class);\n        org.corfudb.universe.group.Group group \u003d buildGroup(groupParams);\n        groups.put(groupParams.getName(), group);\n        return group;\n    }).forEach(Group::deploy);\n}",
                "dst_parent": "null"
              },
              "line": 37,
              "file": "/home/khesoem/projects/lighter/exp/it/src/main/java/org/corfudb/universe/universe/AbstractUniverse.java"
            }
          ]
        },
        {
          "tool-name": "JGenProg",
          "pattern-name": "JGenProg:any_statement_deep",
          "Unified_Diff_of-files:": "Starts Below...",
          "INSERT:": "}",
          "CHANGE_old:": "",
          "CHANGE_new:": "        super(networkName, new ConcurrentHashMap\u0026lt;\u0026gt;(), cleanUpEnabled);",
          "DELETE:": "        this.vmPassword \u003d vmPassword;",
          "instance_detail": [
            {
              "pattern_action": "ANY",
              "pattern_entity": {
                "entity_type": "*",
                "entity_new value": "*",
                "entity_role": "*",
                "entity_parent": {
                  "entity_type": "*",
                  "entity_new value": "*",
                  "entity_role": "Statement",
                  "entity_parent": "null"
                }
              },
              "concrete_change": {
                "operator": "UPD",
                "src_type": "Lambda",
                "dst_type": "Lambda",
                "src": "( groupName) -\u003e {\n    try {\n        org.corfudb.universe.group.Group group \u003d groups.get(groupName);\n        if (group \u003d\u003d null) {\n            log.warn(\"Can\u0027t shutdown a group! The group doesn\u0027t exists in the universe: {}\", groupName);\n            return;\n        }\n        group.destroy();\n    } catch (java.lang.Exception ex) {\n        log.info(\"Can\u0027t stop group: {}\", groupName, ex);\n    }\n}",
                "dst": "( groupName) -\u003e {\n    try {\n        org.corfudb.universe.group.Group group \u003d groups.get(groupName);\n        if (group \u003d\u003d null) {\n            log.warn(\"Can\u0027t shutdown a group! The group doesn\u0027t exists in the universe: {}\", groupName);\n            return;\n        }\n        group.destroy();\n    } catch (java.lang.Exception ex) {\n        log.info(\"Can\u0027t stop group: {}\", groupName, ex);\n    }\n}",
                "src_parent_type": "Invocation",
                "dst_parent_type": "Invocation",
                "src_parent": "groupNames.forEach(( groupName) -\u003e {\n    try {\n        org.corfudb.universe.group.Group group \u003d groups.get(groupName);\n        if (group \u003d\u003d null) {\n            log.warn(\"Can\u0027t shutdown a group! The group doesn\u0027t exists in the universe: {}\", groupName);\n            return;\n        }\n        group.destroy();\n    } catch (java.lang.Exception ex) {\n        log.info(\"Can\u0027t stop group: {}\", groupName, ex);\n    }\n})",
                "dst_parent": "groupNames.forEach(( groupName) -\u003e {\n    try {\n        org.corfudb.universe.group.Group group \u003d groups.get(groupName);\n        if (group \u003d\u003d null) {\n            log.warn(\"Can\u0027t shutdown a group! The group doesn\u0027t exists in the universe: {}\", groupName);\n            return;\n        }\n        group.destroy();\n    } catch (java.lang.Exception ex) {\n        log.info(\"Can\u0027t stop group: {}\", groupName, ex);\n    }\n})"
              },
              "line": 71,
              "file": "/home/khesoem/projects/lighter/exp/it/src/main/java/org/corfudb/universe/universe/AbstractUniverse.java",
              "stats": {
                "number_of_src_entities": 114,
                "number_of_dst_entities": 114,
                "src_entity_types": "[java.lang.Exception, org.corfudb.universe.universe.log, java.util.function.Consumer\u003c? super java.lang.String\u003e, java.lang.String, org.corfudb.universe.universe.AbstractUniverse, java.util.concurrent.ConcurrentMap\u003cjava.lang.String, org.corfudb.universe.group.Group\u003e, \u003cnulltype\u003e, org.corfudb.universe.group.Group]",
                "dst_entity_types": "[java.lang.Exception, org.corfudb.universe.universe.log, java.util.function.Consumer\u003c? super java.lang.String\u003e, java.lang.String, org.corfudb.universe.universe.AbstractUniverse, java.util.concurrent.ConcurrentMap\u003cjava.lang.String, org.corfudb.universe.group.Group\u003e, \u003cnulltype\u003e, org.corfudb.universe.group.Group]"
              }
            }
          ]
        }
      ]
    }
  ],
  "complete_analysis": true
}