{
  "instances": [
    {
      "revision": "2a282acffefa2a6ea94f23792d747313680fa528",
      "repairability": [
        {
          "tool-name": "JGenProg",
          "pattern-name": "JGenProg:any_statement_shallow",
          "Unified_Diff_of-files:": "Starts Below...",
          "INSERT:": "     */",
          "CHANGE_old:": "                    .newInstance(node.getPort(), node.getHost(), this);",
          "CHANGE_new:": "                    .newInstance(node.getPort(), node.getHost(), localSiteId,  this);",
          "instance_detail": [
            {
              "pattern_action": "ANY",
              "pattern_entity": {
                "entity_type": "*",
                "entity_new value": "*",
                "entity_role": "Statement",
                "entity_parent": "null"
              },
              "concrete_change": {
                "operator": "DEL",
                "src_type": "Invocation",
                "dst_type": "null",
                "src": "log.debug((\"streamtoReplicate \" + streamsToReplicate))",
                "dst": "null",
                "src_parent_type": "Block",
                "dst_parent_type": "null",
                "src_parent": "{\n    java.util.Set\u003cjava.lang.String\u003e streamsToReplicate \u003d logReplicationConfig.getStreamsToReplicate();\n    long maxTail \u003d org.corfudb.runtime.view.Address.NON_ADDRESS;\n    log.debug((\"streamtoReplicate \" + streamsToReplicate));\n    for (java.lang.String s : streamsToReplicate) {\n        java.util.UUID currentUUID \u003d org.corfudb.runtime.CorfuRuntime.getStreamID(s);\n        java.util.Map\u003cjava.util.UUID, java.lang.Long\u003e tailMap \u003d corfuRuntime.getAddressSpaceView().getAllTails().getStreamTails();\n        java.lang.Long currentTail \u003d tailMap.get(currentUUID);\n        if (currentTail !\u003d null) {\n            maxTail \u003d java.lang.Math.max(maxTail, currentTail);\n        }\n    }\n    return maxTail;\n}",
                "dst_parent": "null"
              },
              "line": 224,
              "file": "/home/khesoem/projects/lighter/exp/log-replication/src/main/java/org/corfudb/logreplication/runtime/CorfuLogReplicationRuntime.java",
              "stats": {
                "number_of_src_entities": 22,
                "number_of_dst_entities": -1,
                "src_entity_types": "[java.util.Set\u003cjava.lang.String\u003e, org.corfudb.logreplication.runtime.log, java.lang.String]",
                "dst_entity_types": "[]"
              }
            }
          ]
        }
      ]
    }
  ],
  "complete_analysis": true
}