{
  "instances": [
    {
      "revision": "5583cc0c04912343764efb6ba4eddee9a660357e",
      "repairability": [
        {
          "tool-name": "JGenProg",
          "pattern-name": "JGenProg:any_statement_shallow",
          "Unified_Diff_of-files:": "Starts Below...",
          "DELETE:": "",
          "INSERT:": "                    runtime.getParameters().getSystemDownHandler().run();",
          "instance_detail": [
            {
              "pattern_action": "ANY",
              "pattern_entity": {
                "entity_type": "*",
                "entity_new value": "*",
                "entity_role": "Statement",
                "entity_parent": "null"
              },
              "concrete_change": {
                "operator": "INS",
                "src_type": "Invocation",
                "dst_type": "null",
                "src": "log.info(\"layoutHelper: Invoking the systemDownHandler.\")",
                "dst": "null",
                "src_parent_type": "Block",
                "dst_parent_type": "null",
                "src_parent": "{\n    log.warn(\"layoutHelper: Cluster reconfiguration or incorrect cluster\", re);\n    log.info(\"layoutHelper: Invoking the systemDownHandler.\");\n    runtime.getParameters().getSystemDownHandler().run();\n    throw re;\n}",
                "dst_parent": "null"
              },
              "line": 153,
              "file": "/home/khesoem/projects/lighter/exp/runtime/src/main/java/org/corfudb/runtime/view/AbstractView.java",
              "stats": {
                "number_of_src_entities": 13,
                "number_of_dst_entities": -1,
                "src_entity_types": "[org.corfudb.runtime.view.log, java.lang.String]",
                "dst_entity_types": "[]"
              }
            }
          ]
        },
        {
          "tool-name": "JGenProg",
          "pattern-name": "JGenProg:any_statement_shallow",
          "Unified_Diff_of-files:": "Starts Below...",
          "DELETE:": "",
          "INSERT:": "                    runtime.getParameters().getSystemDownHandler().run();",
          "instance_detail": [
            {
              "pattern_action": "ANY",
              "pattern_entity": {
                "entity_type": "*",
                "entity_new value": "*",
                "entity_role": "Statement",
                "entity_parent": "null"
              },
              "concrete_change": {
                "operator": "INS",
                "src_type": "Invocation",
                "dst_type": "null",
                "src": "runtime.getParameters().getSystemDownHandler().run()",
                "dst": "null",
                "src_parent_type": "Block",
                "dst_parent_type": "null",
                "src_parent": "{\n    log.warn(\"layoutHelper: Cluster reconfiguration or incorrect cluster\", re);\n    log.info(\"layoutHelper: Invoking the systemDownHandler.\");\n    runtime.getParameters().getSystemDownHandler().run();\n    throw re;\n}",
                "dst_parent": "null"
              },
              "line": 154,
              "file": "/home/khesoem/projects/lighter/exp/runtime/src/main/java/org/corfudb/runtime/view/AbstractView.java",
              "stats": {
                "number_of_src_entities": 20,
                "number_of_dst_entities": -1,
                "src_entity_types": "[org.corfudb.runtime.CorfuRuntime, org.corfudb.runtime.view.AbstractView]",
                "dst_entity_types": "[]"
              }
            }
          ]
        }
      ]
    },
    {
      "revision": "5583cc0c04912343764efb6ba4eddee9a660357e",
      "repairability": [
        {
          "tool-name": "JGenProg",
          "pattern-name": "JGenProg:any_statement_shallow",
          "Unified_Diff_of-files:": "Starts Below...",
          "DELETE:": "",
          "INSERT:": "                    runtime.getParameters().getSystemDownHandler().run();",
          "instance_detail": [
            {
              "pattern_action": "ANY",
              "pattern_entity": {
                "entity_type": "*",
                "entity_new value": "*",
                "entity_role": "Statement",
                "entity_parent": "null"
              },
              "concrete_change": {
                "operator": "INS",
                "src_type": "Invocation",
                "dst_type": "null",
                "src": "log.info(\"fetchLayout: Invoking the systemDownHandler.\")",
                "dst": "null",
                "src_parent_type": "Block",
                "dst_parent_type": "null",
                "src_parent": "{\n    log.warn(\"Giving up since cluster is incorrect or reconfigured!\");\n    log.info(\"fetchLayout: Invoking the systemDownHandler.\");\n    parameters.getSystemDownHandler().run();\n    throw we;\n}",
                "dst_parent": "null"
              },
              "line": 1088,
              "file": "/home/khesoem/projects/lighter/exp/runtime/src/main/java/org/corfudb/runtime/CorfuRuntime.java",
              "stats": {
                "number_of_src_entities": 13,
                "number_of_dst_entities": -1,
                "src_entity_types": "[org.corfudb.runtime.log, java.lang.String]",
                "dst_entity_types": "[]"
              }
            }
          ]
        },
        {
          "tool-name": "JGenProg",
          "pattern-name": "JGenProg:any_statement_shallow",
          "Unified_Diff_of-files:": "Starts Below...",
          "DELETE:": "",
          "INSERT:": "                    runtime.getParameters().getSystemDownHandler().run();",
          "instance_detail": [
            {
              "pattern_action": "ANY",
              "pattern_entity": {
                "entity_type": "*",
                "entity_new value": "*",
                "entity_role": "Statement",
                "entity_parent": "null"
              },
              "concrete_change": {
                "operator": "INS",
                "src_type": "Invocation",
                "dst_type": "null",
                "src": "parameters.getSystemDownHandler().run()",
                "dst": "null",
                "src_parent_type": "Block",
                "dst_parent_type": "null",
                "src_parent": "{\n    log.warn(\"Giving up since cluster is incorrect or reconfigured!\");\n    log.info(\"fetchLayout: Invoking the systemDownHandler.\");\n    parameters.getSystemDownHandler().run();\n    throw we;\n}",
                "dst_parent": "null"
              },
              "line": 1089,
              "file": "/home/khesoem/projects/lighter/exp/runtime/src/main/java/org/corfudb/runtime/CorfuRuntime.java",
              "stats": {
                "number_of_src_entities": 17,
                "number_of_dst_entities": -1,
                "src_entity_types": "[org.corfudb.runtime.CorfuRuntime]",
                "dst_entity_types": "[]"
              }
            }
          ]
        }
      ]
    }
  ],
  "complete_analysis": true
}