{
  "instances": [
    {
      "revision": "4796b5aacb391718c2fed8b0c055028126407ea4",
      "repairability": [
        {
          "tool-name": "JGenProg",
          "pattern-name": "JGenProg:any_statement_shallow",
          "Unified_Diff_of-files:": "Starts Below...",
          "CHANGE_old:": "    private static final SizeOf sizeOf \u003d SizeOf.newInstance();",
          "CHANGE_new:": "    public static final SizeOf sizeOf \u003d SizeOf.newInstance();",
          "instance_detail": [
            {
              "pattern_action": "ANY",
              "pattern_entity": {
                "entity_type": "*",
                "entity_new value": "*",
                "entity_role": "Statement",
                "entity_parent": "null"
              },
              "concrete_change": {
                "operator": "DEL",
                "src_type": "Invocation",
                "dst_type": "null",
                "src": "log.warn(\"setNumCacheEntries: Deprecated, please set parameters instead\")",
                "dst": "null",
                "src_parent_type": "Block",
                "dst_parent_type": "null",
                "src_parent": "{\n    log.warn(\"setNumCacheEntries: Deprecated, please set parameters instead\");\n    parameters.setNumCacheEntries(numCacheEntries);\n    return this;\n}",
                "dst_parent": "null"
              },
              "line": 1192,
              "file": "/home/khesoem/projects/lighter/exp/runtime/src/main/java/org/corfudb/runtime/CorfuRuntime.java"
            }
          ]
        },
        {
          "tool-name": "JGenProg",
          "pattern-name": "JGenProg:any_statement_shallow",
          "Unified_Diff_of-files:": "Starts Below...",
          "CHANGE_old:": "    private static final SizeOf sizeOf \u003d SizeOf.newInstance();",
          "CHANGE_new:": "    public static final SizeOf sizeOf \u003d SizeOf.newInstance();",
          "instance_detail": [
            {
              "pattern_action": "ANY",
              "pattern_entity": {
                "entity_type": "*",
                "entity_new value": "*",
                "entity_role": "Statement",
                "entity_parent": "null"
              },
              "concrete_change": {
                "operator": "DEL",
                "src_type": "Invocation",
                "dst_type": "null",
                "src": "parameters.setNumCacheEntries(numCacheEntries)",
                "dst": "null",
                "src_parent_type": "Block",
                "dst_parent_type": "null",
                "src_parent": "{\n    log.warn(\"setNumCacheEntries: Deprecated, please set parameters instead\");\n    parameters.setNumCacheEntries(numCacheEntries);\n    return this;\n}",
                "dst_parent": "null"
              },
              "line": 1193,
              "file": "/home/khesoem/projects/lighter/exp/runtime/src/main/java/org/corfudb/runtime/CorfuRuntime.java"
            }
          ]
        },
        {
          "tool-name": "JGenProg",
          "pattern-name": "JGenProg:any_statement_shallow",
          "Unified_Diff_of-files:": "Starts Below...",
          "CHANGE_old:": "    private static final SizeOf sizeOf \u003d SizeOf.newInstance();",
          "CHANGE_new:": "    public static final SizeOf sizeOf \u003d SizeOf.newInstance();",
          "instance_detail": [
            {
              "pattern_action": "ANY",
              "pattern_entity": {
                "entity_type": "*",
                "entity_new value": "*",
                "entity_role": "Statement",
                "entity_parent": "null"
              },
              "concrete_change": {
                "operator": "DEL",
                "src_type": "Return",
                "dst_type": "null",
                "src": "return this",
                "dst": "null",
                "src_parent_type": "Block",
                "dst_parent_type": "null",
                "src_parent": "{\n    log.warn(\"setNumCacheEntries: Deprecated, please set parameters instead\");\n    parameters.setNumCacheEntries(numCacheEntries);\n    return this;\n}",
                "dst_parent": "null"
              },
              "line": 1194,
              "file": "/home/khesoem/projects/lighter/exp/runtime/src/main/java/org/corfudb/runtime/CorfuRuntime.java"
            }
          ]
        }
      ]
    },
    {
      "revision": "4796b5aacb391718c2fed8b0c055028126407ea4",
      "repairability": [
        {
          "tool-name": "JGenProg",
          "pattern-name": "JGenProg:any_statement_deep",
          "Unified_Diff_of-files:": "Starts Below...",
          "CHANGE_old:": "    private static final SizeOf sizeOf \u003d SizeOf.newInstance();",
          "CHANGE_new:": "    public static final SizeOf sizeOf \u003d SizeOf.newInstance();",
          "instance_detail": [
            {
              "pattern_action": "ANY",
              "pattern_entity": {
                "entity_type": "*",
                "entity_new value": "*",
                "entity_role": "*",
                "entity_parent": {
                  "entity_type": "*",
                  "entity_new value": "*",
                  "entity_role": "Statement",
                  "entity_parent": "null"
                }
              },
              "concrete_change": {
                "operator": "INS",
                "src_type": "VariableRead",
                "dst_type": "null",
                "src": "runtime",
                "dst": "null",
                "src_parent_type": "Invocation",
                "dst_parent_type": "null",
                "src_parent": "runtime.getParameters()",
                "dst_parent": "null"
              },
              "line": 100,
              "file": "/home/khesoem/projects/lighter/exp/runtime/src/main/java/org/corfudb/runtime/view/AddressSpaceView.java",
              "stats": {
                "number_of_src_entities": 4,
                "number_of_dst_entities": -1,
                "src_entity_types": "[org.corfudb.runtime.CorfuRuntime]",
                "dst_entity_types": "[]"
              }
            }
          ]
        },
        {
          "tool-name": "JGenProg",
          "pattern-name": "JGenProg:any_statement_deep",
          "Unified_Diff_of-files:": "Starts Below...",
          "CHANGE_old:": "    private static final SizeOf sizeOf \u003d SizeOf.newInstance();",
          "CHANGE_new:": "    public static final SizeOf sizeOf \u003d SizeOf.newInstance();",
          "instance_detail": [
            {
              "pattern_action": "ANY",
              "pattern_entity": {
                "entity_type": "*",
                "entity_new value": "*",
                "entity_role": "*",
                "entity_parent": {
                  "entity_type": "*",
                  "entity_new value": "*",
                  "entity_role": "Statement",
                  "entity_parent": "null"
                }
              },
              "concrete_change": {
                "operator": "INS",
                "src_type": "VariableRead",
                "dst_type": "null",
                "src": "runtime",
                "dst": "null",
                "src_parent_type": "Invocation",
                "dst_parent_type": "null",
                "src_parent": "runtime.getParameters()",
                "dst_parent": "null"
              },
              "line": 99,
              "file": "/home/khesoem/projects/lighter/exp/runtime/src/main/java/org/corfudb/runtime/view/AddressSpaceView.java",
              "stats": {
                "number_of_src_entities": 4,
                "number_of_dst_entities": -1,
                "src_entity_types": "[org.corfudb.runtime.CorfuRuntime]",
                "dst_entity_types": "[]"
              }
            }
          ]
        }
      ]
    }
  ],
  "complete_analysis": true
}