{
  "instances": [
    {
      "revision": "1db889daf0c7f3c95c980d26b6205cb8b23ad44e",
      "repairability": [
        {
          "tool-name": "JGenProg",
          "pattern-name": "JGenProg:any_statement_shallow",
          "Unified_Diff_of-files:": "Starts Below...",
          "DELETE:": "}",
          "INSERT:": "import com.codahale.metrics.jmx.JmxReporter;",
          "CHANGE_old:": "",
          "CHANGE_new:": "import lombok.extern.slf4j.Slf4j;",
          "instance_detail": [
            {
              "pattern_action": "ANY",
              "pattern_entity": {
                "entity_type": "*",
                "entity_new value": "*",
                "entity_role": "Statement",
                "entity_parent": "null"
              },
              "concrete_change": {
                "operator": "DEL",
                "src_type": "Invocation",
                "dst_type": "null",
                "src": "metrics.register((\"cache.object-counts.\" + (cache.toString())), ((com.codahale.metrics.Gauge\u003cjava.lang.Long\u003e) (cache::estimatedSize)))",
                "dst": "null",
                "src_parent_type": "Block",
                "dst_parent_type": "null",
                "src_parent": "{\n    metrics.register((\"cache.object-counts.\" + (cache.toString())), ((com.codahale.metrics.Gauge\u003cjava.lang.Long\u003e) (cache::estimatedSize)));\n    metrics.register((\"cache.evictions.\" + (cache.toString())), ((com.codahale.metrics.Gauge\u003cjava.lang.Long\u003e) (cache.stats()::evictionCount)));\n    metrics.register((\"cache.hit-rate.\" + (cache.toString())), ((com.codahale.metrics.Gauge\u003cjava.lang.Double\u003e) (cache.stats()::hitRate)));\n    metrics.register((\"cache.hits.\" + (cache.toString())), ((com.codahale.metrics.Gauge\u003cjava.lang.Long\u003e) (cache.stats()::hitCount)));\n    metrics.register((\"cache.misses.\" + (cache.toString())), ((com.codahale.metrics.Gauge\u003cjava.lang.Long\u003e) (cache.stats()::missCount)));\n}",
                "dst_parent": "null"
              },
              "line": 360,
              "file": "/home/khesoem/projects/lighter/exp/runtime/src/main/java/org/corfudb/util/MetricsUtils.java"
            }
          ]
        },
        {
          "tool-name": "JGenProg",
          "pattern-name": "JGenProg:any_statement_shallow",
          "Unified_Diff_of-files:": "Starts Below...",
          "DELETE:": "}",
          "INSERT:": "import com.codahale.metrics.jmx.JmxReporter;",
          "CHANGE_old:": "",
          "CHANGE_new:": "import lombok.extern.slf4j.Slf4j;",
          "instance_detail": [
            {
              "pattern_action": "ANY",
              "pattern_entity": {
                "entity_type": "*",
                "entity_new value": "*",
                "entity_role": "Statement",
                "entity_parent": "null"
              },
              "concrete_change": {
                "operator": "DEL",
                "src_type": "Invocation",
                "dst_type": "null",
                "src": "metrics.register((\"cache.evictions.\" + (cache.toString())), ((com.codahale.metrics.Gauge\u003cjava.lang.Long\u003e) (cache.stats()::evictionCount)))",
                "dst": "null",
                "src_parent_type": "Block",
                "dst_parent_type": "null",
                "src_parent": "{\n    metrics.register((\"cache.object-counts.\" + (cache.toString())), ((com.codahale.metrics.Gauge\u003cjava.lang.Long\u003e) (cache::estimatedSize)));\n    metrics.register((\"cache.evictions.\" + (cache.toString())), ((com.codahale.metrics.Gauge\u003cjava.lang.Long\u003e) (cache.stats()::evictionCount)));\n    metrics.register((\"cache.hit-rate.\" + (cache.toString())), ((com.codahale.metrics.Gauge\u003cjava.lang.Double\u003e) (cache.stats()::hitRate)));\n    metrics.register((\"cache.hits.\" + (cache.toString())), ((com.codahale.metrics.Gauge\u003cjava.lang.Long\u003e) (cache.stats()::hitCount)));\n    metrics.register((\"cache.misses.\" + (cache.toString())), ((com.codahale.metrics.Gauge\u003cjava.lang.Long\u003e) (cache.stats()::missCount)));\n}",
                "dst_parent": "null"
              },
              "line": 362,
              "file": "/home/khesoem/projects/lighter/exp/runtime/src/main/java/org/corfudb/util/MetricsUtils.java"
            }
          ]
        },
        {
          "tool-name": "JGenProg",
          "pattern-name": "JGenProg:any_statement_shallow",
          "Unified_Diff_of-files:": "Starts Below...",
          "DELETE:": "}",
          "INSERT:": "import com.codahale.metrics.jmx.JmxReporter;",
          "CHANGE_old:": "",
          "CHANGE_new:": "import lombok.extern.slf4j.Slf4j;",
          "instance_detail": [
            {
              "pattern_action": "ANY",
              "pattern_entity": {
                "entity_type": "*",
                "entity_new value": "*",
                "entity_role": "Statement",
                "entity_parent": "null"
              },
              "concrete_change": {
                "operator": "DEL",
                "src_type": "Invocation",
                "dst_type": "null",
                "src": "metrics.register((\"cache.hit-rate.\" + (cache.toString())), ((com.codahale.metrics.Gauge\u003cjava.lang.Double\u003e) (cache.stats()::hitRate)))",
                "dst": "null",
                "src_parent_type": "Block",
                "dst_parent_type": "null",
                "src_parent": "{\n    metrics.register((\"cache.object-counts.\" + (cache.toString())), ((com.codahale.metrics.Gauge\u003cjava.lang.Long\u003e) (cache::estimatedSize)));\n    metrics.register((\"cache.evictions.\" + (cache.toString())), ((com.codahale.metrics.Gauge\u003cjava.lang.Long\u003e) (cache.stats()::evictionCount)));\n    metrics.register((\"cache.hit-rate.\" + (cache.toString())), ((com.codahale.metrics.Gauge\u003cjava.lang.Double\u003e) (cache.stats()::hitRate)));\n    metrics.register((\"cache.hits.\" + (cache.toString())), ((com.codahale.metrics.Gauge\u003cjava.lang.Long\u003e) (cache.stats()::hitCount)));\n    metrics.register((\"cache.misses.\" + (cache.toString())), ((com.codahale.metrics.Gauge\u003cjava.lang.Long\u003e) (cache.stats()::missCount)));\n}",
                "dst_parent": "null"
              },
              "line": 364,
              "file": "/home/khesoem/projects/lighter/exp/runtime/src/main/java/org/corfudb/util/MetricsUtils.java"
            }
          ]
        },
        {
          "tool-name": "JGenProg",
          "pattern-name": "JGenProg:any_statement_shallow",
          "Unified_Diff_of-files:": "Starts Below...",
          "DELETE:": "}",
          "INSERT:": "import com.codahale.metrics.jmx.JmxReporter;",
          "CHANGE_old:": "",
          "CHANGE_new:": "import lombok.extern.slf4j.Slf4j;",
          "instance_detail": [
            {
              "pattern_action": "ANY",
              "pattern_entity": {
                "entity_type": "*",
                "entity_new value": "*",
                "entity_role": "Statement",
                "entity_parent": "null"
              },
              "concrete_change": {
                "operator": "DEL",
                "src_type": "Invocation",
                "dst_type": "null",
                "src": "metrics.register((\"cache.hits.\" + (cache.toString())), ((com.codahale.metrics.Gauge\u003cjava.lang.Long\u003e) (cache.stats()::hitCount)))",
                "dst": "null",
                "src_parent_type": "Block",
                "dst_parent_type": "null",
                "src_parent": "{\n    metrics.register((\"cache.object-counts.\" + (cache.toString())), ((com.codahale.metrics.Gauge\u003cjava.lang.Long\u003e) (cache::estimatedSize)));\n    metrics.register((\"cache.evictions.\" + (cache.toString())), ((com.codahale.metrics.Gauge\u003cjava.lang.Long\u003e) (cache.stats()::evictionCount)));\n    metrics.register((\"cache.hit-rate.\" + (cache.toString())), ((com.codahale.metrics.Gauge\u003cjava.lang.Double\u003e) (cache.stats()::hitRate)));\n    metrics.register((\"cache.hits.\" + (cache.toString())), ((com.codahale.metrics.Gauge\u003cjava.lang.Long\u003e) (cache.stats()::hitCount)));\n    metrics.register((\"cache.misses.\" + (cache.toString())), ((com.codahale.metrics.Gauge\u003cjava.lang.Long\u003e) (cache.stats()::missCount)));\n}",
                "dst_parent": "null"
              },
              "line": 366,
              "file": "/home/khesoem/projects/lighter/exp/runtime/src/main/java/org/corfudb/util/MetricsUtils.java"
            }
          ]
        },
        {
          "tool-name": "JGenProg",
          "pattern-name": "JGenProg:any_statement_shallow",
          "Unified_Diff_of-files:": "Starts Below...",
          "DELETE:": "}",
          "INSERT:": "import com.codahale.metrics.jmx.JmxReporter;",
          "CHANGE_old:": "",
          "CHANGE_new:": "import lombok.extern.slf4j.Slf4j;",
          "instance_detail": [
            {
              "pattern_action": "ANY",
              "pattern_entity": {
                "entity_type": "*",
                "entity_new value": "*",
                "entity_role": "Statement",
                "entity_parent": "null"
              },
              "concrete_change": {
                "operator": "DEL",
                "src_type": "Invocation",
                "dst_type": "null",
                "src": "metrics.register((\"cache.misses.\" + (cache.toString())), ((com.codahale.metrics.Gauge\u003cjava.lang.Long\u003e) (cache.stats()::missCount)))",
                "dst": "null",
                "src_parent_type": "Block",
                "dst_parent_type": "null",
                "src_parent": "{\n    metrics.register((\"cache.object-counts.\" + (cache.toString())), ((com.codahale.metrics.Gauge\u003cjava.lang.Long\u003e) (cache::estimatedSize)));\n    metrics.register((\"cache.evictions.\" + (cache.toString())), ((com.codahale.metrics.Gauge\u003cjava.lang.Long\u003e) (cache.stats()::evictionCount)));\n    metrics.register((\"cache.hit-rate.\" + (cache.toString())), ((com.codahale.metrics.Gauge\u003cjava.lang.Double\u003e) (cache.stats()::hitRate)));\n    metrics.register((\"cache.hits.\" + (cache.toString())), ((com.codahale.metrics.Gauge\u003cjava.lang.Long\u003e) (cache.stats()::hitCount)));\n    metrics.register((\"cache.misses.\" + (cache.toString())), ((com.codahale.metrics.Gauge\u003cjava.lang.Long\u003e) (cache.stats()::missCount)));\n}",
                "dst_parent": "null"
              },
              "line": 368,
              "file": "/home/khesoem/projects/lighter/exp/runtime/src/main/java/org/corfudb/util/MetricsUtils.java"
            }
          ]
        },
        {
          "tool-name": "JGenProg",
          "pattern-name": "JGenProg:any_statement_shallow",
          "Unified_Diff_of-files:": "Starts Below...",
          "DELETE:": "}",
          "INSERT:": "import com.codahale.metrics.jmx.JmxReporter;",
          "CHANGE_old:": "",
          "CHANGE_new:": "import lombok.extern.slf4j.Slf4j;",
          "instance_detail": [
            {
              "pattern_action": "ANY",
              "pattern_entity": {
                "entity_type": "*",
                "entity_new value": "*",
                "entity_role": "Statement",
                "entity_parent": "null"
              },
              "concrete_change": {
                "operator": "DEL",
                "src_type": "Try",
                "dst_type": "null",
                "src": "try {\n    metrics.register((\"cache.object-counts.\" + (cache.toString())), ((com.codahale.metrics.Gauge\u003cjava.lang.Long\u003e) (cache::estimatedSize)));\n    metrics.register((\"cache.evictions.\" + (cache.toString())), ((com.codahale.metrics.Gauge\u003cjava.lang.Long\u003e) (cache.stats()::evictionCount)));\n    metrics.register((\"cache.hit-rate.\" + (cache.toString())), ((com.codahale.metrics.Gauge\u003cjava.lang.Double\u003e) (cache.stats()::hitRate)));\n    metrics.register((\"cache.hits.\" + (cache.toString())), ((com.codahale.metrics.Gauge\u003cjava.lang.Long\u003e) (cache.stats()::hitCount)));\n    metrics.register((\"cache.misses.\" + (cache.toString())), ((com.codahale.metrics.Gauge\u003cjava.lang.Long\u003e) (cache.stats()::missCount)));\n} catch (java.lang.IllegalArgumentException e) {\n}",
                "dst": "null",
                "src_parent_type": "Block",
                "dst_parent_type": "null",
                "src_parent": "{\n    try {\n        metrics.register((\"cache.object-counts.\" + (cache.toString())), ((com.codahale.metrics.Gauge\u003cjava.lang.Long\u003e) (cache::estimatedSize)));\n        metrics.register((\"cache.evictions.\" + (cache.toString())), ((com.codahale.metrics.Gauge\u003cjava.lang.Long\u003e) (cache.stats()::evictionCount)));\n        metrics.register((\"cache.hit-rate.\" + (cache.toString())), ((com.codahale.metrics.Gauge\u003cjava.lang.Double\u003e) (cache.stats()::hitRate)));\n        metrics.register((\"cache.hits.\" + (cache.toString())), ((com.codahale.metrics.Gauge\u003cjava.lang.Long\u003e) (cache.stats()::hitCount)));\n        metrics.register((\"cache.misses.\" + (cache.toString())), ((com.codahale.metrics.Gauge\u003cjava.lang.Long\u003e) (cache.stats()::missCount)));\n    } catch (java.lang.IllegalArgumentException e) {\n    }\n}",
                "dst_parent": "null"
              },
              "line": 359,
              "file": "/home/khesoem/projects/lighter/exp/runtime/src/main/java/org/corfudb/util/MetricsUtils.java"
            }
          ]
        }
      ]
    }
  ],
  "complete_analysis": true
}