{
  "instances": [
    {
      "revision": "4caf7f3eb59b2e5acc89711272f8bb2a21b392d7",
      "repairability": [
        {
          "tool-name": "JGenProg",
          "pattern-name": "JGenProg:any_statement_shallow",
          "Unified_Diff_of-files:": "Starts Below...",
          "CHANGE_old:": "    public boolean completed(){",
          "CHANGE_new:": "    public boolean completed() {",
          "instance_detail": [
            {
              "pattern_action": "ANY",
              "pattern_entity": {
                "entity_type": "*",
                "entity_new value": "*",
                "entity_role": "Statement",
                "entity_parent": "null"
              },
              "concrete_change": {
                "operator": "DEL",
                "src_type": "Invocation",
                "dst_type": "null",
                "src": "ctx.channel().close()",
                "dst": "null",
                "src_parent_type": "Block",
                "dst_parent_type": "null",
                "src_parent": "{\n    log.error(\"exceptionCaught: Handshake timeout checker: timed out. Close Connection.\");\n    this.state.set(true, false);\n    ctx.channel().close();\n}",
                "dst_parent": "null"
              },
              "line": 186,
              "file": "/home/khesoem/projects/lighter/exp/infrastructure/src/main/java/org/corfudb/infrastructure/ServerHandshakeHandler.java",
              "stats": {
                "number_of_src_entities": 10,
                "number_of_dst_entities": -1,
                "src_entity_types": "[io.netty.channel.ChannelHandlerContext]",
                "dst_entity_types": "[]"
              }
            }
          ]
        }
      ]
    },
    {
      "revision": "4caf7f3eb59b2e5acc89711272f8bb2a21b392d7",
      "repairability": [
        {
          "tool-name": "JGenProg",
          "pattern-name": "JGenProg:any_statement_shallow",
          "Unified_Diff_of-files:": "Starts Below...",
          "CHANGE_old:": "    public boolean completed(){",
          "CHANGE_new:": "    public boolean completed() {",
          "instance_detail": [
            {
              "pattern_action": "ANY",
              "pattern_entity": {
                "entity_type": "*",
                "entity_new value": "*",
                "entity_role": "Statement",
                "entity_parent": "null"
              },
              "concrete_change": {
                "operator": "DEL",
                "src_type": "Invocation",
                "dst_type": "null",
                "src": "ctx.channel().close()",
                "dst": "null",
                "src_parent_type": "Block",
                "dst_parent_type": "null",
                "src_parent": "{\n    log.error((\"exceptionCaught: Handshake timeout checker: timed out.\" + \" Close Connection.\"));\n    this.handshakeState.set(true, false);\n    ctx.channel().close();\n}",
                "dst_parent": "null"
              },
              "line": 203,
              "file": "/home/khesoem/projects/lighter/exp/runtime/src/main/java/org/corfudb/protocols/wireprotocol/ClientHandshakeHandler.java",
              "stats": {
                "number_of_src_entities": 10,
                "number_of_dst_entities": -1,
                "src_entity_types": "[io.netty.channel.ChannelHandlerContext]",
                "dst_entity_types": "[]"
              }
            }
          ]
        }
      ]
    }
  ],
  "complete_analysis": true
}