{
  "instances": [
    {
      "revision": "0128004919d9acba06619add873129d2ca726773",
      "repairability": [
        {
          "tool-name": "Cardumen",
          "pattern-name": "Cardumen:expression_replacement_by_upd",
          "Unified_Diff_of-files:": "Starts Below...",
          "INSERT:": "}",
          "CHANGE_old:": "",
          "CHANGE_new:": "                    greatestParameterIndex \u003d Math.max(greatestParameterIndex, parameterIndex);",
          "DELETE:": "            /*",
          "instance_detail": [
            {
              "pattern_action": "UPD",
              "pattern_entity": {
                "entity_type": "Expression",
                "entity_new value": "*",
                "entity_role": "*",
                "entity_parent": "null"
              },
              "concrete_change": {
                "operator": "UPD",
                "src_type": "VariableRead",
                "dst_type": "VariableRead",
                "src": "parameterIndexString",
                "dst": "parameterIndex",
                "src_parent_type": "Invocation",
                "dst_parent_type": "Invocation",
                "src_parent": "java.lang.Integer.parseInt(parameterIndexString)",
                "dst_parent": "java.lang.Math.max(greatestParameterIndex, parameterIndex)"
              },
              "line": 338,
              "file": "/home/khesoem/projects/lighter/exp/src/main/java/org/springframework/data/jpa/repository/query/StringQuery.java",
              "stats": {
                "number_of_src_entities": 4,
                "number_of_dst_entities": 4,
                "src_entity_types": "[java.lang.String]",
                "dst_entity_types": "[java.lang.Integer]"
              }
            }
          ]
        }
      ]
    }
  ],
  "complete_analysis": true
}