{
  "instances": [
    {
      "revision": "70ad616c4ce42fac90fca56623b775e45f008308",
      "repairability": [
        {
          "tool-name": "Cardumen",
          "pattern-name": "Cardumen:expression_replacement_by_upd",
          "Unified_Diff_of-files:": "Starts Below...",
          "CHANGE_old:": "import static org.springframework.data.jpa.repository.query.QueryUtils.toOrders;",
          "CHANGE_new:": "",
          "instance_detail": [
            {
              "pattern_action": "UPD",
              "pattern_entity": {
                "entity_type": "Expression",
                "entity_new value": "*",
                "entity_role": "*",
                "entity_parent": "null"
              },
              "concrete_change": {
                "operator": "UPD",
                "src_type": "TypeAccess",
                "dst_type": "TypeAccess",
                "src": "org.springframework.data.jpa.provider.PersistenceProvider",
                "dst": "org.springframework.data.jpa.repository.query.Jpa21Utils",
                "src_parent_type": "Invocation",
                "dst_parent_type": "Invocation",
                "src_parent": "org.springframework.data.jpa.provider.PersistenceProvider.fromEntityManager(em)",
                "dst_parent": "org.springframework.data.jpa.repository.query.Jpa21Utils.createDynamicEntityGraph(em, jpaEntityGraph, entityType)"
              },
              "line": 107,
              "file": "/home/khesoem/projects/lighter/exp/src/main/java/org/springframework/data/jpa/repository/query/Jpa21Utils.java",
              "stats": {
                "number_of_src_entities": 3,
                "number_of_dst_entities": 3,
                "src_entity_types": "[org.springframework.data.jpa.provider.PersistenceProvider]",
                "dst_entity_types": "[org.springframework.data.jpa.repository.query.Jpa21Utils]"
              }
            }
          ]
        }
      ]
    },
    {
      "revision": "70ad616c4ce42fac90fca56623b775e45f008308",
      "repairability": [
        {
          "tool-name": "Cardumen",
          "pattern-name": "Cardumen:expression_replacement_by_upd",
          "Unified_Diff_of-files:": "Starts Below...",
          "CHANGE_old:": "import static org.springframework.data.jpa.repository.query.QueryUtils.toOrders;",
          "CHANGE_new:": "",
          "instance_detail": [
            {
              "pattern_action": "UPD",
              "pattern_entity": {
                "entity_type": "Expression",
                "entity_new value": "*",
                "entity_role": "*",
                "entity_parent": "null"
              },
              "concrete_change": {
                "operator": "UPD",
                "src_type": "TypeAccess",
                "dst_type": "TypeAccess",
                "src": "org.springframework.data.jpa.provider.JpaClassUtils",
                "dst": "org.springframework.data.jpa.provider.PersistenceProvider",
                "src_parent_type": "Invocation",
                "dst_parent_type": "ThisAccess",
                "src_parent": "org.springframework.data.jpa.provider.JpaClassUtils.isEntityManagerOfType(em, entityManagerClassName)",
                "dst_parent": ""
              },
              "stats": {
                "number_of_src_entities": 3,
                "number_of_dst_entities": 3,
                "src_entity_types": "[org.springframework.data.jpa.provider.JpaClassUtils]",
                "dst_entity_types": "[org.springframework.data.jpa.provider.PersistenceProvider]"
              }
            }
          ]
        },
        {
          "tool-name": "Cardumen",
          "pattern-name": "Cardumen:expression_replacement_by_upd",
          "Unified_Diff_of-files:": "Starts Below...",
          "CHANGE_old:": "import static org.springframework.data.jpa.repository.query.QueryUtils.toOrders;",
          "CHANGE_new:": "",
          "instance_detail": [
            {
              "pattern_action": "UPD",
              "pattern_entity": {
                "entity_type": "Expression",
                "entity_new value": "*",
                "entity_role": "*",
                "entity_parent": "null"
              },
              "concrete_change": {
                "operator": "UPD",
                "src_type": "TypeAccess",
                "dst_type": "TypeAccess",
                "src": "org.springframework.data.jpa.provider.JpaClassUtils",
                "dst": "org.springframework.data.jpa.provider.PersistenceProvider",
                "src_parent_type": "Invocation",
                "dst_parent_type": "ThisAccess",
                "src_parent": "org.springframework.data.jpa.provider.JpaClassUtils.isMetamodelOfType(metamodel, metamodelClassName)",
                "dst_parent": ""
              },
              "stats": {
                "number_of_src_entities": 3,
                "number_of_dst_entities": 3,
                "src_entity_types": "[org.springframework.data.jpa.provider.JpaClassUtils]",
                "dst_entity_types": "[org.springframework.data.jpa.provider.PersistenceProvider]"
              }
            }
          ]
        }
      ]
    }
  ],
  "complete_analysis": true
}