{
  "instances": [
    {
      "revision": "3c673759856163c520912fa41810ac7221ab1399",
      "repairability": [
        {
          "tool-name": "Cardumen",
          "pattern-name": "Cardumen:expression_replacement_by_del_ins",
          "Unified_Diff_of-files:": "Starts Below...",
          "CHANGE_old:": "        CriteriaQuery\u0026lt;? extends Object\u0026gt; select \u003d query.select((Expression) builder.count(root));",
          "CHANGE_new:": "        CriteriaQuery\u0026lt;? extends Object\u0026gt; select \u003d query.select(getCountQuery(query, builder, root));",
          "INSERT:": "}",
          "instance_detail": [
            {
              "pattern_action": "INS",
              "pattern_entity": {
                "entity_type": "Expression",
                "entity_new value": "*",
                "entity_role": "*",
                "entity_parent": "null"
              },
              "concrete_change": {
                "operator": "INS",
                "src_type": "Literal",
                "dst_type": "null",
                "src": "\"unchecked\"",
                "dst": "null",
                "src_parent_type": "Annotation",
                "dst_parent_type": "null",
                "src_parent": "@java.lang.SuppressWarnings(\"unchecked\")",
                "dst_parent": "null"
              },
              "line": 63,
              "file": "/home/khesoem/projects/lighter/exp/src/main/java/org/springframework/data/jpa/repository/query/JpaCountQueryCreator.java",
              "stats": {
                "number_of_src_entities": 3,
                "number_of_dst_entities": -1,
                "src_entity_types": "[java.lang.String]",
                "dst_entity_types": "[]"
              }
            },
            {
              "pattern_action": "DEL",
              "pattern_entity": {
                "entity_type": "Expression",
                "entity_new value": "*",
                "entity_role": "*",
                "entity_parent": "null"
              },
              "concrete_change": {
                "operator": "DEL",
                "src_type": "NewArray",
                "dst_type": "null",
                "src": "{ \"unchecked\", \"rawtypes\" }",
                "dst": "null",
                "src_parent_type": "Annotation",
                "dst_parent_type": "null",
                "src_parent": "@java.lang.SuppressWarnings({ \"unchecked\", \"rawtypes\" })",
                "dst_parent": "null"
              },
              "line": 62,
              "file": "/home/khesoem/projects/lighter/exp/src/main/java/org/springframework/data/jpa/repository/query/JpaCountQueryCreator.java",
              "stats": {
                "number_of_src_entities": 10,
                "number_of_dst_entities": -1,
                "src_entity_types": "[java.lang.String]",
                "dst_entity_types": "[]"
              }
            }
          ]
        }
      ]
    }
  ],
  "complete_analysis": true
}