{
  "instances": [
    {
      "revision": "048e60e6141de16a17a5933498ed90389a282245",
      "repairability": [
        {
          "tool-name": "Elixir",
          "pattern-name": "Elixir:update_type_ref",
          "Unified_Diff_of-files:": "Starts Below...",
          "INSERT:": "",
          "DELETE:": "        Supplier\u0026lt;StructuredQuery.Builder\u0026lt;?\u0026gt;\u0026gt; queryBuilderSupplier \u003d StructuredQuery::newKeyQueryBuilder;",
          "CHANGE_old:": "                .setKind(this.datastorePersistentEntity.kindName());",
          "CHANGE_new:": "",
          "instance_detail": [
            {
              "pattern_action": "UPD",
              "pattern_entity": {
                "entity_type": "TypeReference",
                "entity_new value": "*",
                "entity_role": "*",
                "entity_parent": "null"
              },
              "concrete_change": {
                "operator": "UPD",
                "src_type": "TypeReference",
                "dst_type": "TypeReference",
                "src": "java.util.function.Supplier\u003ccom.google.cloud.datastore.StructuredQuery.Builder\u003c?\u003e\u003e",
                "dst": "com.google.cloud.datastore.StructuredQuery.Builder\u003c?\u003e",
                "src_parent_type": "LocalVariable",
                "dst_parent_type": "LocalVariable",
                "src_parent": "java.util.function.Supplier\u003ccom.google.cloud.datastore.StructuredQuery.Builder\u003c?\u003e\u003e queryBuilderSupplier \u003d StructuredQuery::newKeyQueryBuilder",
                "dst_parent": "com.google.cloud.datastore.StructuredQuery.Builder\u003c?\u003e structuredQueryBuilder \u003d null"
              },
              "line": 179,
              "file": "/home/khesoem/projects/lighter/exp/spring-cloud-gcp-data-datastore/src/main/java/org/springframework/cloud/gcp/data/datastore/repository/query/PartTreeDatastoreQuery.java",
              "stats": {
                "number_of_src_entities": 8,
                "number_of_dst_entities": 6,
                "src_entity_types": "[com.google.cloud.datastore.StructuredQuery.Builder\u003c?\u003e, , java.util.function.Supplier\u003ccom.google.cloud.datastore.StructuredQuery.Builder\u003c?\u003e\u003e, com.google.cloud.datastore.StructuredQuery]",
                "dst_entity_types": "[com.google.cloud.datastore.StructuredQuery.Builder\u003c?\u003e, , com.google.cloud.datastore.StructuredQuery]"
              }
            }
          ]
        },
        {
          "tool-name": "Elixir",
          "pattern-name": "Elixir:update_type_ref",
          "Unified_Diff_of-files:": "Starts Below...",
          "INSERT:": "",
          "DELETE:": "        Supplier\u0026lt;StructuredQuery.Builder\u0026lt;?\u0026gt;\u0026gt; queryBuilderSupplier \u003d StructuredQuery::newKeyQueryBuilder;",
          "CHANGE_old:": "                .setKind(this.datastorePersistentEntity.kindName());",
          "CHANGE_new:": "",
          "instance_detail": [
            {
              "pattern_action": "UPD",
              "pattern_entity": {
                "entity_type": "TypeReference",
                "entity_new value": "*",
                "entity_role": "*",
                "entity_parent": "null"
              },
              "concrete_change": {
                "operator": "UPD",
                "src_type": "TypeReference",
                "dst_type": "TypeReference",
                "src": "com.google.cloud.datastore.EntityQuery.Builder",
                "dst": "com.google.cloud.datastore.StructuredQuery.Builder",
                "src_parent_type": "LocalVariable",
                "dst_parent_type": "LocalVariable",
                "src_parent": "com.google.cloud.datastore.EntityQuery.Builder builderNext \u003d com.google.cloud.datastore.StructuredQuery.newEntityQueryBuilder().setKind(this.datastorePersistentEntity.kindName())",
                "dst_parent": "com.google.cloud.datastore.StructuredQuery.Builder builder \u003d getEntityOrProjectionQueryBuilder().setKind(this.datastorePersistentEntity.kindName())"
              },
              "line": 236,
              "file": "/home/khesoem/projects/lighter/exp/spring-cloud-gcp-data-datastore/src/main/java/org/springframework/cloud/gcp/data/datastore/repository/query/PartTreeDatastoreQuery.java",
              "stats": {
                "number_of_src_entities": 4,
                "number_of_dst_entities": 4,
                "src_entity_types": "[com.google.cloud.datastore.EntityQuery.Builder, com.google.cloud.datastore.EntityQuery]",
                "dst_entity_types": "[com.google.cloud.datastore.StructuredQuery.Builder, com.google.cloud.datastore.StructuredQuery]"
              }
            }
          ]
        }
      ]
    }
  ],
  "complete_analysis": true
}