{
  "instances": [
    {
      "revision": "4f95e543a7b019f73276245344d3a93eb358faf3",
      "repairability": [
        {
          "tool-name": "Elixir",
          "pattern-name": "Elixir:update_type_ref",
          "Unified_Diff_of-files:": "Starts Below...",
          "INSERT:": "    boolean exists() default false;",
          "instance_detail": [
            {
              "pattern_action": "UPD",
              "pattern_entity": {
                "entity_type": "TypeReference",
                "entity_new value": "*",
                "entity_role": "*",
                "entity_parent": "null"
              },
              "concrete_change": {
                "operator": "UPD",
                "src_type": "TypeReference",
                "dst_type": "TypeReference",
                "src": "org.springframework.data.repository.query.QueryMethod",
                "dst": "org.springframework.cloud.gcp.data.datastore.repository.query.DatastoreQueryMethod",
                "src_parent_type": "Parameter",
                "dst_parent_type": "Parameter",
                "src_parent": "org.springframework.data.repository.query.QueryMethod queryMethod",
                "dst_parent": "org.springframework.cloud.gcp.data.datastore.repository.query.DatastoreQueryMethod queryMethod"
              },
              "line": 90,
              "file": "/home/khesoem/projects/lighter/exp/spring-cloud-gcp-data-datastore/src/main/java/org/springframework/cloud/gcp/data/datastore/repository/query/DatastoreQueryLookupStrategy.java",
              "stats": {
                "number_of_src_entities": 2,
                "number_of_dst_entities": 2,
                "src_entity_types": "[org.springframework.data.repository.query.QueryMethod]",
                "dst_entity_types": "[org.springframework.cloud.gcp.data.datastore.repository.query.DatastoreQueryMethod]"
              }
            }
          ]
        }
      ]
    },
    {
      "revision": "4f95e543a7b019f73276245344d3a93eb358faf3",
      "repairability": [
        {
          "tool-name": "Elixir",
          "pattern-name": "Elixir:update_type_ref",
          "Unified_Diff_of-files:": "Starts Below...",
          "INSERT:": "    boolean exists() default false;",
          "instance_detail": [
            {
              "pattern_action": "UPD",
              "pattern_entity": {
                "entity_type": "TypeReference",
                "entity_new value": "*",
                "entity_role": "*",
                "entity_parent": "null"
              },
              "concrete_change": {
                "operator": "UPD",
                "src_type": "TypeReference",
                "dst_type": "TypeReference",
                "src": "org.springframework.data.repository.query.QueryMethod",
                "dst": "org.springframework.cloud.gcp.data.datastore.repository.query.DatastoreQueryMethod",
                "src_parent_type": "ParameterReference",
                "dst_parent_type": "Parameter",
                "src_parent": "queryMethod",
                "dst_parent": "org.springframework.cloud.gcp.data.datastore.repository.query.DatastoreQueryMethod queryMethod"
              },
              "line": 102,
              "file": "/home/khesoem/projects/lighter/exp/spring-cloud-gcp-data-datastore/src/main/java/org/springframework/cloud/gcp/data/datastore/repository/query/GqlDatastoreQuery.java",
              "stats": {
                "number_of_src_entities": 2,
                "number_of_dst_entities": 2,
                "src_entity_types": "[org.springframework.data.repository.query.QueryMethod]",
                "dst_entity_types": "[org.springframework.cloud.gcp.data.datastore.repository.query.DatastoreQueryMethod]"
              }
            }
          ]
        },
        {
          "tool-name": "Elixir",
          "pattern-name": "Elixir:check_length",
          "Unified_Diff_of-files:": "Starts Below...",
          "INSERT:": "    boolean exists() default false;",
          "instance_detail": [
            {
              "pattern_action": "MOV",
              "pattern_entity": {
                "entity_type": "Statement",
                "entity_new value": "*",
                "entity_role": "*",
                "entity_parent": "null"
              },
              "concrete_change": {
                "operator": "MOV",
                "src_type": "Invocation",
                "dst_type": "Invocation",
                "src": "org.springframework.cloud.gcp.data.datastore.repository.query.GqlDatastoreQuery.applyProjection(rawResult)",
                "dst": "org.springframework.cloud.gcp.data.datastore.repository.query.GqlDatastoreQuery.applyProjection(rawResult)",
                "src_parent_type": "Return",
                "dst_parent_type": "Assignment",
                "src_parent": "return org.springframework.cloud.gcp.data.datastore.repository.query.GqlDatastoreQuery.applyProjection(rawResult)",
                "dst_parent": "result \u003d org.springframework.cloud.gcp.data.datastore.repository.query.GqlDatastoreQuery.applyProjection(rawResult)"
              },
              "line": 121,
              "file": "/home/khesoem/projects/lighter/exp/spring-cloud-gcp-data-datastore/src/main/java/org/springframework/cloud/gcp/data/datastore/repository/query/GqlDatastoreQuery.java",
              "stats": {
                "number_of_src_entities": 17,
                "number_of_dst_entities": 17,
                "src_entity_types": "[org.springframework.cloud.gcp.data.datastore.repository.query.GqlDatastoreQuery, java.util.List\u003cT\u003e]",
                "dst_entity_types": "[org.springframework.cloud.gcp.data.datastore.repository.query.GqlDatastoreQuery, java.util.List\u003cT\u003e]"
              }
            },
            {
              "pattern_action": "INS",
              "pattern_entity": {
                "entity_type": "If",
                "entity_new value": "*",
                "entity_role": "*",
                "entity_parent": "null"
              },
              "concrete_change": {
                "operator": "INS",
                "src_type": "If",
                "dst_type": "null",
                "src": "if (this.queryMethod.isCountQuery()) {\n    result \u003d rawResult.size();\n} else\n    if (this.queryMethod.isExistsQuery()) {\n        result \u003d !(rawResult.isEmpty());\n    } else {\n        result \u003d org.springframework.cloud.gcp.data.datastore.repository.query.GqlDatastoreQuery.applyProjection(rawResult);\n    }\n",
                "dst": "null",
                "src_parent_type": "Block",
                "dst_parent_type": "null",
                "src_parent": "{\n    java.lang.Iterable\u003cT\u003e found \u003d this.datastoreOperations.query(bindArgsToGqlQuery(this.gql, getParamTags(), parameters), this.entityType);\n    java.util.List\u003cT\u003e rawResult \u003d (found \u003d\u003d null) ? java.util.Collections.emptyList() : java.util.stream.StreamSupport.stream(found.spliterator(), false).collect(java.util.stream.Collectors.toList());\n    java.lang.Object result;\n    if (this.queryMethod.isCountQuery()) {\n        result \u003d rawResult.size();\n    } else\n        if (this.queryMethod.isExistsQuery()) {\n            result \u003d !(rawResult.isEmpty());\n        } else {\n            result \u003d org.springframework.cloud.gcp.data.datastore.repository.query.GqlDatastoreQuery.applyProjection(rawResult);\n        }\n\n    return result;\n}",
                "dst_parent": "null"
              },
              "line": 121,
              "file": "/home/khesoem/projects/lighter/exp/spring-cloud-gcp-data-datastore/src/main/java/org/springframework/cloud/gcp/data/datastore/repository/query/GqlDatastoreQuery.java",
              "stats": {
                "number_of_src_entities": 96,
                "number_of_dst_entities": -1,
                "src_entity_types": "[org.springframework.cloud.gcp.data.datastore.repository.query.GqlDatastoreQuery\u003cT\u003e, org.springframework.cloud.gcp.data.datastore.repository.query.GqlDatastoreQuery, boolean, java.lang.Object, java.util.List\u003cT\u003e, java.util.List]",
                "dst_entity_types": "[]"
              }
            }
          ]
        },
        {
          "tool-name": "Elixir",
          "pattern-name": "Elixir:check_length",
          "Unified_Diff_of-files:": "Starts Below...",
          "INSERT:": "    boolean exists() default false;",
          "instance_detail": [
            {
              "pattern_action": "MOV",
              "pattern_entity": {
                "entity_type": "Statement",
                "entity_new value": "*",
                "entity_role": "*",
                "entity_parent": "null"
              },
              "concrete_change": {
                "operator": "MOV",
                "src_type": "Invocation",
                "dst_type": "Invocation",
                "src": "org.springframework.cloud.gcp.data.datastore.repository.query.GqlDatastoreQuery.applyProjection(rawResult)",
                "dst": "org.springframework.cloud.gcp.data.datastore.repository.query.GqlDatastoreQuery.applyProjection(rawResult)",
                "src_parent_type": "Return",
                "dst_parent_type": "Assignment",
                "src_parent": "return org.springframework.cloud.gcp.data.datastore.repository.query.GqlDatastoreQuery.applyProjection(rawResult)",
                "dst_parent": "result \u003d org.springframework.cloud.gcp.data.datastore.repository.query.GqlDatastoreQuery.applyProjection(rawResult)"
              },
              "line": 121,
              "file": "/home/khesoem/projects/lighter/exp/spring-cloud-gcp-data-datastore/src/main/java/org/springframework/cloud/gcp/data/datastore/repository/query/GqlDatastoreQuery.java",
              "stats": {
                "number_of_src_entities": 17,
                "number_of_dst_entities": 17,
                "src_entity_types": "[org.springframework.cloud.gcp.data.datastore.repository.query.GqlDatastoreQuery, java.util.List\u003cT\u003e]",
                "dst_entity_types": "[org.springframework.cloud.gcp.data.datastore.repository.query.GqlDatastoreQuery, java.util.List\u003cT\u003e]"
              }
            },
            {
              "pattern_action": "INS",
              "pattern_entity": {
                "entity_type": "If",
                "entity_new value": "*",
                "entity_role": "*",
                "entity_parent": "null"
              },
              "concrete_change": {
                "operator": "INS",
                "src_type": "If",
                "dst_type": "null",
                "src": "if (this.queryMethod.isExistsQuery()) {\n    result \u003d !(rawResult.isEmpty());\n} else {\n    result \u003d org.springframework.cloud.gcp.data.datastore.repository.query.GqlDatastoreQuery.applyProjection(rawResult);\n}",
                "dst": "null",
                "src_parent_type": "Block",
                "dst_parent_type": "null",
                "src_parent": "if (this.queryMethod.isExistsQuery()) {\n        result \u003d !(rawResult.isEmpty());\n    } else {\n        result \u003d org.springframework.cloud.gcp.data.datastore.repository.query.GqlDatastoreQuery.applyProjection(rawResult);\n    }\n",
                "dst_parent": "null"
              },
              "line": 124,
              "file": "/home/khesoem/projects/lighter/exp/spring-cloud-gcp-data-datastore/src/main/java/org/springframework/cloud/gcp/data/datastore/repository/query/GqlDatastoreQuery.java"
            }
          ]
        }
      ]
    },
    {
      "revision": "4f95e543a7b019f73276245344d3a93eb358faf3",
      "repairability": [
        {
          "tool-name": "Elixir",
          "pattern-name": "Elixir:update_type_ref",
          "Unified_Diff_of-files:": "Starts Below...",
          "INSERT:": "    boolean exists() default false;",
          "instance_detail": [
            {
              "pattern_action": "UPD",
              "pattern_entity": {
                "entity_type": "TypeReference",
                "entity_new value": "*",
                "entity_role": "*",
                "entity_parent": "null"
              },
              "concrete_change": {
                "operator": "UPD",
                "src_type": "TypeReference",
                "dst_type": "TypeReference",
                "src": "org.springframework.data.repository.query.QueryMethod",
                "dst": "org.springframework.cloud.gcp.data.datastore.repository.query.DatastoreQueryMethod",
                "src_parent_type": "Parameter",
                "dst_parent_type": "Parameter",
                "src_parent": "org.springframework.data.repository.query.QueryMethod queryMethod",
                "dst_parent": "org.springframework.cloud.gcp.data.datastore.repository.query.DatastoreQueryMethod queryMethod"
              },
              "line": 74,
              "file": "/home/khesoem/projects/lighter/exp/spring-cloud-gcp-data-datastore/src/main/java/org/springframework/cloud/gcp/data/datastore/repository/query/PartTreeDatastoreQuery.java",
              "stats": {
                "number_of_src_entities": 2,
                "number_of_dst_entities": 2,
                "src_entity_types": "[org.springframework.data.repository.query.QueryMethod]",
                "dst_entity_types": "[org.springframework.cloud.gcp.data.datastore.repository.query.DatastoreQueryMethod]"
              }
            }
          ]
        }
      ]
    },
    {
      "revision": "4f95e543a7b019f73276245344d3a93eb358faf3",
      "repairability": [
        {
          "tool-name": "Elixir",
          "pattern-name": "Elixir:update_type_ref",
          "Unified_Diff_of-files:": "Starts Below...",
          "INSERT:": "    boolean exists() default false;",
          "instance_detail": [
            {
              "pattern_action": "UPD",
              "pattern_entity": {
                "entity_type": "TypeReference",
                "entity_new value": "*",
                "entity_role": "*",
                "entity_parent": "null"
              },
              "concrete_change": {
                "operator": "UPD",
                "src_type": "TypeReference",
                "dst_type": "TypeReference",
                "src": "org.springframework.data.repository.query.QueryMethod",
                "dst": "org.springframework.cloud.gcp.data.datastore.repository.query.DatastoreQueryMethod",
                "src_parent_type": "Field",
                "dst_parent_type": "Field",
                "src_parent": "final org.springframework.data.repository.query.QueryMethod queryMethod;",
                "dst_parent": "final org.springframework.cloud.gcp.data.datastore.repository.query.DatastoreQueryMethod queryMethod;"
              },
              "line": 42,
              "file": "/home/khesoem/projects/lighter/exp/spring-cloud-gcp-data-datastore/src/main/java/org/springframework/cloud/gcp/data/datastore/repository/query/AbstractDatastoreQuery.java",
              "stats": {
                "number_of_src_entities": 2,
                "number_of_dst_entities": 2,
                "src_entity_types": "[org.springframework.data.repository.query.QueryMethod]",
                "dst_entity_types": "[org.springframework.cloud.gcp.data.datastore.repository.query.DatastoreQueryMethod]"
              }
            }
          ]
        },
        {
          "tool-name": "Elixir",
          "pattern-name": "Elixir:update_type_ref",
          "Unified_Diff_of-files:": "Starts Below...",
          "INSERT:": "    boolean exists() default false;",
          "instance_detail": [
            {
              "pattern_action": "UPD",
              "pattern_entity": {
                "entity_type": "TypeReference",
                "entity_new value": "*",
                "entity_role": "*",
                "entity_parent": "null"
              },
              "concrete_change": {
                "operator": "UPD",
                "src_type": "TypeReference",
                "dst_type": "TypeReference",
                "src": "org.springframework.data.repository.query.QueryMethod",
                "dst": "org.springframework.cloud.gcp.data.datastore.repository.query.DatastoreQueryMethod",
                "src_parent_type": "Parameter",
                "dst_parent_type": "Parameter",
                "src_parent": "org.springframework.data.repository.query.QueryMethod queryMethod",
                "dst_parent": "org.springframework.cloud.gcp.data.datastore.repository.query.DatastoreQueryMethod queryMethod"
              },
              "line": 48,
              "file": "/home/khesoem/projects/lighter/exp/spring-cloud-gcp-data-datastore/src/main/java/org/springframework/cloud/gcp/data/datastore/repository/query/AbstractDatastoreQuery.java",
              "stats": {
                "number_of_src_entities": 2,
                "number_of_dst_entities": 2,
                "src_entity_types": "[org.springframework.data.repository.query.QueryMethod]",
                "dst_entity_types": "[org.springframework.cloud.gcp.data.datastore.repository.query.DatastoreQueryMethod]"
              }
            }
          ]
        }
      ]
    }
  ],
  "complete_analysis": true
}