{
  "instances": [
    {
      "revision": "3a77a6be87d08b64b6a0dcb04975847f7ae433e9",
      "repairability": [
        {
          "tool-name": "Elixir",
          "pattern-name": "Elixir:update_invocation_deep",
          "Unified_Diff_of-files:": "Starts Below...",
          "CHANGE_old:": "public class SimpleSpannerRepository implements SpannerRepository {",
          "CHANGE_new:": "public class SimpleSpannerRepository\u0026lt;T, ID\u0026gt; implements SpannerRepository\u0026lt;T, ID\u0026gt; {",
          "INSERT:": "    @Override",
          "instance_detail": [
            {
              "pattern_action": "ANY",
              "pattern_entity": {
                "entity_type": "*",
                "entity_new value": "*",
                "entity_role": "*",
                "entity_parent": {
                  "entity_type": "AbstractInvocation",
                  "entity_new value": "*",
                  "entity_role": "*",
                  "entity_parent": "null"
                }
              },
              "concrete_change": {
                "operator": "UPD",
                "src_type": "VariableRead",
                "dst_type": "VariableRead",
                "src": "readOptions",
                "dst": "options",
                "src_parent_type": "Invocation",
                "dst_parent_type": "Invocation",
                "src_parent": "readOptions.hasTimestamp()",
                "dst_parent": "options.hasTimestamp()"
              },
              "line": 281,
              "file": "/home/khesoem/projects/lighter/exp/spring-cloud-gcp-data-spanner/src/main/java/org/springframework/cloud/gcp/data/spanner/core/SpannerTemplate.java",
              "stats": {
                "number_of_src_entities": 4,
                "number_of_dst_entities": 4,
                "src_entity_types": "[org.springframework.cloud.gcp.data.spanner.core.SpannerReadOptions]",
                "dst_entity_types": "[org.springframework.cloud.gcp.data.spanner.core.SpannerReadOptions]"
              }
            }
          ]
        },
        {
          "tool-name": "Elixir",
          "pattern-name": "Elixir:update_invocation_deep",
          "Unified_Diff_of-files:": "Starts Below...",
          "CHANGE_old:": "public class SimpleSpannerRepository implements SpannerRepository {",
          "CHANGE_new:": "public class SimpleSpannerRepository\u0026lt;T, ID\u0026gt; implements SpannerRepository\u0026lt;T, ID\u0026gt; {",
          "INSERT:": "    @Override",
          "instance_detail": [
            {
              "pattern_action": "ANY",
              "pattern_entity": {
                "entity_type": "*",
                "entity_new value": "*",
                "entity_role": "*",
                "entity_parent": {
                  "entity_type": "AbstractInvocation",
                  "entity_new value": "*",
                  "entity_role": "*",
                  "entity_parent": "null"
                }
              },
              "concrete_change": {
                "operator": "UPD",
                "src_type": "VariableRead",
                "dst_type": "VariableRead",
                "src": "readOptions",
                "dst": "options",
                "src_parent_type": "Invocation",
                "dst_parent_type": "Invocation",
                "src_parent": "readOptions.getTimestamp()",
                "dst_parent": "options.getTimestamp()"
              },
              "line": 283,
              "file": "/home/khesoem/projects/lighter/exp/spring-cloud-gcp-data-spanner/src/main/java/org/springframework/cloud/gcp/data/spanner/core/SpannerTemplate.java",
              "stats": {
                "number_of_src_entities": 4,
                "number_of_dst_entities": 4,
                "src_entity_types": "[org.springframework.cloud.gcp.data.spanner.core.SpannerReadOptions]",
                "dst_entity_types": "[org.springframework.cloud.gcp.data.spanner.core.SpannerReadOptions]"
              }
            }
          ]
        }
      ]
    }
  ],
  "complete_analysis": true
}