{
  "instances": [
    {
      "revision": "b01e7848994f7f1de9f1d4065b4e00352ff01487",
      "repairability": [
        {
          "tool-name": "Elixir",
          "pattern-name": "Elixir:update_invocation_deep",
          "Unified_Diff_of-files:": "Starts Below...",
          "CHANGE_old:": "                        (TypeInformation) typeInformation.getTypeArguments().get(1));",
          "CHANGE_new:": "                        (TypeInformation) typeInformation.getMapValueType());",
          "instance_detail": [
            {
              "pattern_action": "ANY",
              "pattern_entity": {
                "entity_type": "*",
                "entity_new value": "*",
                "entity_role": "*",
                "entity_parent": {
                  "entity_type": "AbstractInvocation",
                  "entity_new value": "*",
                  "entity_role": "*",
                  "entity_parent": "null"
                }
              },
              "concrete_change": {
                "operator": "DEL",
                "src_type": "Invocation",
                "dst_type": "null",
                "src": "typeInformation.getTypeArguments().get(0)",
                "dst": "null",
                "src_parent_type": "Invocation",
                "dst_parent_type": "null",
                "src_parent": "typeInformation.getTypeArguments().get(0).getType()",
                "dst_parent": "null"
              },
              "line": 141,
              "file": "/home/khesoem/projects/lighter/exp/spring-cloud-gcp-data-datastore/src/main/java/org/springframework/cloud/gcp/data/datastore/core/convert/TwoStepsConversions.java",
              "stats": {
                "number_of_src_entities": 10,
                "number_of_dst_entities": -1,
                "src_entity_types": "[int, org.springframework.cloud.gcp.data.datastore.core.convert.typeInformation]",
                "dst_entity_types": "[]"
              }
            }
          ]
        }
      ]
    },
    {
      "revision": "b01e7848994f7f1de9f1d4065b4e00352ff01487",
      "repairability": [
        {
          "tool-name": "Elixir",
          "pattern-name": "Elixir:update_return_deep",
          "Unified_Diff_of-files:": "Starts Below...",
          "CHANGE_old:": "                        (TypeInformation) typeInformation.getTypeArguments().get(1));",
          "CHANGE_new:": "                        (TypeInformation) typeInformation.getMapValueType());",
          "instance_detail": [
            {
              "pattern_action": "ANY",
              "pattern_entity": {
                "entity_type": "*",
                "entity_new value": "*",
                "entity_role": "*",
                "entity_parent": {
                  "entity_type": "Return",
                  "entity_new value": "*",
                  "entity_role": "*",
                  "entity_parent": "null"
                }
              },
              "concrete_change": {
                "operator": "UPD",
                "src_type": "TypeAccess",
                "dst_type": "TypeAccess",
                "src": "EmbeddedType.NOT_EMBEDDED",
                "dst": "org.springframework.cloud.gcp.data.datastore.core.convert.NOT_EMBEDDED",
                "src_parent_type": "Invocation",
                "dst_parent_type": "Invocation",
                "src_parent": "((java.lang.String[]) (propertyValueProvider.getPropertyValue(entity.getDiscriminationFieldName(), EmbeddedType.NOT_EMBEDDED, org.springframework.data.util.ClassTypeInformation.from(java.lang.String[].class))))",
                "dst_parent": "((java.lang.String[]) (propertyValueProvider.getPropertyValue(entity.getDiscriminationFieldName(), org.springframework.cloud.gcp.data.datastore.core.convert.NOT_EMBEDDED, org.springframework.data.util.ClassTypeInformation.from(java.lang.String[].class))))"
              },
              "line": 159,
              "file": "/home/khesoem/projects/lighter/exp/spring-cloud-gcp-data-datastore/src/main/java/org/springframework/cloud/gcp/data/datastore/core/convert/DefaultDatastoreEntityConverter.java",
              "stats": {
                "number_of_src_entities": 3,
                "number_of_dst_entities": 3,
                "src_entity_types": "[EmbeddedType.NOT_EMBEDDED]",
                "dst_entity_types": "[org.springframework.cloud.gcp.data.datastore.core.convert.NOT_EMBEDDED]"
              }
            }
          ]
        }
      ]
    }
  ],
  "complete_analysis": true
}