{
  "instances": [
    {
      "revision": "706333f76fdd95a14c56bdddbaf03331b7524a92",
      "repairability": [
        {
          "tool-name": "Elixir",
          "pattern-name": "Elixir:check_length",
          "Unified_Diff_of-files:": "Starts Below...",
          "CHANGE_old:": "@ConditionalOnProperty(prefix \u003d \"spring.cloud.gcp.pubsub\", name \u003d \"emulatorHost\")",
          "CHANGE_new:": "@ConditionalOnProperty(prefix \u003d \"spring.cloud.gcp.pubsub\", name \u003d \"emulator-host\")",
          "instance_detail": [
            {
              "pattern_action": "INS",
              "pattern_entity": {
                "entity_type": "If",
                "entity_new value": "*",
                "entity_role": "*",
                "entity_parent": "null"
              },
              "concrete_change": {
                "operator": "INS",
                "src_type": "If",
                "dst_type": "null",
                "src": "if (((gcpPubSubProperties.getEmulatorHost()) \u003d\u003d null) || (\"false\".equals(gcpPubSubProperties.getEmulatorHost()))) {\n    this.finalCredentialsProvider \u003d (gcpPubSubProperties.getCredentials().hasKey()) ? new org.springframework.cloud.gcp.core.DefaultCredentialsProvider(gcpPubSubProperties) : credentialsProvider;\n} else {\n    this.finalCredentialsProvider \u003d com.google.api.gax.core.NoCredentialsProvider.create();\n}",
                "dst": "null",
                "src_parent_type": "Block",
                "dst_parent_type": "null",
                "src_parent": "{\n    this.gcpPubSubProperties \u003d gcpPubSubProperties;\n    this.finalProjectIdProvider \u003d ((gcpPubSubProperties.getProjectId()) !\u003d null) ? gcpPubSubProperties::getProjectId : gcpProjectIdProvider;\n    if (((gcpPubSubProperties.getEmulatorHost()) \u003d\u003d null) || (\"false\".equals(gcpPubSubProperties.getEmulatorHost()))) {\n        this.finalCredentialsProvider \u003d (gcpPubSubProperties.getCredentials().hasKey()) ? new org.springframework.cloud.gcp.core.DefaultCredentialsProvider(gcpPubSubProperties) : credentialsProvider;\n    } else {\n        this.finalCredentialsProvider \u003d com.google.api.gax.core.NoCredentialsProvider.create();\n    }\n}",
                "dst_parent": "null"
              },
              "line": 84,
              "file": "/home/khesoem/projects/lighter/exp/spring-cloud-gcp-autoconfigure/src/main/java/org/springframework/cloud/gcp/autoconfigure/pubsub/GcpPubSubAutoConfiguration.java",
              "stats": {
                "number_of_src_entities": 92,
                "number_of_dst_entities": -1,
                "src_entity_types": "[com.google.api.gax.core.NoCredentialsProvider, org.springframework.cloud.gcp.autoconfigure.pubsub.GcpPubSubAutoConfiguration, org.springframework.cloud.gcp.autoconfigure.pubsub.GcpPubSubProperties, java.lang.Object, java.lang.String, com.google.api.gax.core.CredentialsProvider, \u003cnulltype\u003e]",
                "dst_entity_types": "[]"
              }
            },
            {
              "pattern_action": "MOV",
              "pattern_entity": {
                "entity_type": "Statement",
                "entity_new value": "*",
                "entity_role": "*",
                "entity_parent": "null"
              },
              "concrete_change": {
                "operator": "MOV",
                "src_type": "Assignment",
                "dst_type": "Assignment",
                "src": "this.finalCredentialsProvider \u003d (gcpPubSubProperties.getCredentials().hasKey()) ? new org.springframework.cloud.gcp.core.DefaultCredentialsProvider(gcpPubSubProperties) : credentialsProvider",
                "dst": "this.finalCredentialsProvider \u003d (gcpPubSubProperties.getCredentials().hasKey()) ? new org.springframework.cloud.gcp.core.DefaultCredentialsProvider(gcpPubSubProperties) : credentialsProvider",
                "src_parent_type": "Block",
                "dst_parent_type": "Block",
                "src_parent": "{\n    this.gcpPubSubProperties \u003d gcpPubSubProperties;\n    this.finalProjectIdProvider \u003d ((gcpPubSubProperties.getProjectId()) !\u003d null) ? gcpPubSubProperties::getProjectId : gcpProjectIdProvider;\n    this.finalCredentialsProvider \u003d (gcpPubSubProperties.getCredentials().hasKey()) ? new org.springframework.cloud.gcp.core.DefaultCredentialsProvider(gcpPubSubProperties) : credentialsProvider;\n}",
                "dst_parent": "{\n    this.finalCredentialsProvider \u003d (gcpPubSubProperties.getCredentials().hasKey()) ? new org.springframework.cloud.gcp.core.DefaultCredentialsProvider(gcpPubSubProperties) : credentialsProvider;\n}"
              },
              "line": 82,
              "file": "/home/khesoem/projects/lighter/exp/spring-cloud-gcp-autoconfigure/src/main/java/org/springframework/cloud/gcp/autoconfigure/pubsub/GcpPubSubAutoConfiguration.java",
              "stats": {
                "number_of_src_entities": 39,
                "number_of_dst_entities": 39,
                "src_entity_types": "[org.springframework.cloud.gcp.autoconfigure.pubsub.GcpPubSubAutoConfiguration, org.springframework.cloud.gcp.autoconfigure.pubsub.GcpPubSubProperties, java.lang.Object, com.google.api.gax.core.CredentialsProvider]",
                "dst_entity_types": "[org.springframework.cloud.gcp.autoconfigure.pubsub.GcpPubSubAutoConfiguration, org.springframework.cloud.gcp.autoconfigure.pubsub.GcpPubSubProperties, java.lang.Object, com.google.api.gax.core.CredentialsProvider]"
              }
            }
          ]
        }
      ]
    }
  ],
  "complete_analysis": true
}