{
  "instances": [
    {
      "revision": "213e5dd36576c893d18404c417f07af7ee549545",
      "repairability": [
        {
          "tool-name": "Elixir",
          "pattern-name": "Elixir:Insert_Invocation",
          "Unified_Diff_of-files:": "Starts Below...",
          "CHANGE_old:": "                    \"NoTag.class cannot be used to find tags as it\u0027s not a logical tag in behaviour.\");",
          "CHANGE_new:": "                    \"classes like NoTag.class cannot be used to find tags as it\u0027s not a logical tag in behaviour.\");",
          "instance_detail": [
            {
              "pattern_action": "INS",
              "pattern_entity": {
                "entity_type": "AbstractInvocation",
                "entity_new value": "*",
                "entity_role": "*",
                "entity_parent": "null"
              },
              "concrete_change": {
                "operator": "INS",
                "src_type": "Invocation",
                "dst_type": "null",
                "src": "com.webfirmframework.wffweb.tag.htmlwff.NoTag.class.isAssignableFrom(tagClass)",
                "dst": "null",
                "src_parent_type": "If",
                "dst_parent_type": "null",
                "src_parent": "if (com.webfirmframework.wffweb.tag.htmlwff.NoTag.class.isAssignableFrom(tagClass)) {\n    throw new com.webfirmframework.wffweb.InvalidTagException(\"classes like NoTag.class cannot be used to find tags as it\u0027s not a logical tag in behaviour.\");\n}",
                "dst_parent": "null"
              },
              "line": 447,
              "file": "/home/khesoem/projects/lighter/exp/wffweb/src/main/java/com/webfirmframework/wffweb/tag/repository/TagRepository.java",
              "stats": {
                "number_of_src_entities": 24,
                "number_of_dst_entities": -1,
                "src_entity_types": "[com.webfirmframework.wffweb.tag.htmlwff.NoTag, java.lang.Class, java.lang.Class\u003cT\u003e]",
                "dst_entity_types": "[]"
              }
            }
          ]
        },
        {
          "tool-name": "Elixir",
          "pattern-name": "Elixir:Insert_Invocation",
          "Unified_Diff_of-files:": "Starts Below...",
          "CHANGE_old:": "                    \"NoTag.class cannot be used to find tags as it\u0027s not a logical tag in behaviour.\");",
          "CHANGE_new:": "                    \"classes like NoTag.class cannot be used to find tags as it\u0027s not a logical tag in behaviour.\");",
          "instance_detail": [
            {
              "pattern_action": "INS",
              "pattern_entity": {
                "entity_type": "AbstractInvocation",
                "entity_new value": "*",
                "entity_role": "*",
                "entity_parent": "null"
              },
              "concrete_change": {
                "operator": "INS",
                "src_type": "Invocation",
                "dst_type": "null",
                "src": "com.webfirmframework.wffweb.tag.htmlwff.NoTag.class.isAssignableFrom(tagClass)",
                "dst": "null",
                "src_parent_type": "If",
                "dst_parent_type": "null",
                "src_parent": "if (com.webfirmframework.wffweb.tag.htmlwff.NoTag.class.isAssignableFrom(tagClass)) {\n    throw new com.webfirmframework.wffweb.InvalidTagException(\"classes like NoTag.class cannot be used to find tags as it\u0027s not a logical tag in behaviour.\");\n}",
                "dst_parent": "null"
              },
              "line": 535,
              "file": "/home/khesoem/projects/lighter/exp/wffweb/src/main/java/com/webfirmframework/wffweb/tag/repository/TagRepository.java",
              "stats": {
                "number_of_src_entities": 24,
                "number_of_dst_entities": -1,
                "src_entity_types": "[com.webfirmframework.wffweb.tag.htmlwff.NoTag, java.lang.Class, java.lang.Class\u003cT\u003e]",
                "dst_entity_types": "[]"
              }
            }
          ]
        },
        {
          "tool-name": "Elixir",
          "pattern-name": "Elixir:loose_be",
          "Unified_Diff_of-files:": "Starts Below...",
          "CHANGE_old:": "                    \"NoTag.class cannot be used to find tags as it\u0027s not a logical tag in behaviour.\");",
          "CHANGE_new:": "                    \"classes like NoTag.class cannot be used to find tags as it\u0027s not a logical tag in behaviour.\");",
          "instance_detail": [
            {
              "pattern_action": "DEL",
              "pattern_entity": {
                "entity_type": "BinaryOperator",
                "entity_new value": "*",
                "entity_role": "*",
                "entity_parent": {
                  "entity_type": "If",
                  "entity_new value": "*",
                  "entity_role": "*",
                  "entity_parent": "null"
                }
              },
              "concrete_change": {
                "operator": "DEL",
                "src_type": "BinaryOperator",
                "dst_type": "null",
                "src": "tagClass \u003d\u003d (com.webfirmframework.wffweb.tag.htmlwff.NoTag.class)",
                "dst": "null",
                "src_parent_type": "If",
                "dst_parent_type": "null",
                "src_parent": "if (tagClass \u003d\u003d (com.webfirmframework.wffweb.tag.htmlwff.NoTag.class)) {\n    throw new com.webfirmframework.wffweb.InvalidTagException(\"NoTag.class cannot be used to find tags as it\u0027s not a logical tag in behaviour.\");\n}",
                "dst_parent": "null"
              },
              "line": 447,
              "file": "/home/khesoem/projects/lighter/exp/wffweb/src/main/java/com/webfirmframework/wffweb/tag/repository/TagRepository.java",
              "stats": {
                "number_of_src_entities": 16,
                "number_of_dst_entities": -1,
                "src_entity_types": "[boolean, com.webfirmframework.wffweb.tag.htmlwff.NoTag, java.lang.Class\u003cT\u003e]",
                "dst_entity_types": "[]"
              }
            }
          ]
        },
        {
          "tool-name": "Elixir",
          "pattern-name": "Elixir:loose_be",
          "Unified_Diff_of-files:": "Starts Below...",
          "CHANGE_old:": "                    \"NoTag.class cannot be used to find tags as it\u0027s not a logical tag in behaviour.\");",
          "CHANGE_new:": "                    \"classes like NoTag.class cannot be used to find tags as it\u0027s not a logical tag in behaviour.\");",
          "instance_detail": [
            {
              "pattern_action": "DEL",
              "pattern_entity": {
                "entity_type": "BinaryOperator",
                "entity_new value": "*",
                "entity_role": "*",
                "entity_parent": {
                  "entity_type": "If",
                  "entity_new value": "*",
                  "entity_role": "*",
                  "entity_parent": "null"
                }
              },
              "concrete_change": {
                "operator": "DEL",
                "src_type": "BinaryOperator",
                "dst_type": "null",
                "src": "tagClass \u003d\u003d (com.webfirmframework.wffweb.tag.htmlwff.NoTag.class)",
                "dst": "null",
                "src_parent_type": "If",
                "dst_parent_type": "null",
                "src_parent": "if (tagClass \u003d\u003d (com.webfirmframework.wffweb.tag.htmlwff.NoTag.class)) {\n    throw new com.webfirmframework.wffweb.InvalidTagException(\"NoTag.class cannot be used to find tags as it\u0027s not a logical tag in behaviour.\");\n}",
                "dst_parent": "null"
              },
              "line": 535,
              "file": "/home/khesoem/projects/lighter/exp/wffweb/src/main/java/com/webfirmframework/wffweb/tag/repository/TagRepository.java",
              "stats": {
                "number_of_src_entities": 16,
                "number_of_dst_entities": -1,
                "src_entity_types": "[boolean, com.webfirmframework.wffweb.tag.htmlwff.NoTag, java.lang.Class\u003cT\u003e]",
                "dst_entity_types": "[]"
              }
            }
          ]
        }
      ]
    }
  ],
  "complete_analysis": true
}