{
  "instances": [
    {
      "revision": "82bb32664efaad7b1d105ada8c2e07e25146cd59",
      "repairability": [
        {
          "tool-name": "Elixir",
          "pattern-name": "Elixir:update_type_ref",
          "Unified_Diff_of-files:": "Starts Below...",
          "CHANGE_old:": "        }",
          "CHANGE_new:": "",
          "instance_detail": [
            {
              "pattern_action": "UPD",
              "pattern_entity": {
                "entity_type": "TypeReference",
                "entity_new value": "*",
                "entity_role": "*",
                "entity_parent": "null"
              },
              "concrete_change": {
                "operator": "UPD",
                "src_type": "ArrayTypeReference",
                "dst_type": "ArrayTypeReference",
                "src": "java.lang.reflect.Field[]",
                "dst": "com.webfirmframework.wffweb.tag.html.attribute.core.PreIndexedAttributeName[]",
                "src_parent_type": "LocalVariable",
                "dst_parent_type": "LocalVariable",
                "src_parent": "final java.lang.reflect.Field[] fields \u003d com.webfirmframework.wffweb.tag.html.attribute.AttributeNameConstants.class.getFields()",
                "dst_parent": "final com.webfirmframework.wffweb.tag.html.attribute.core.PreIndexedAttributeName[] values \u003d com.webfirmframework.wffweb.tag.html.attribute.core.PreIndexedAttributeName.values()"
              },
              "line": 48,
              "file": "/home/khesoem/projects/lighter/exp/wffweb/src/main/java/com/webfirmframework/wffweb/tag/html/attribute/core/IndexedAttributeName.java",
              "stats": {
                "number_of_src_entities": 3,
                "number_of_dst_entities": 3,
                "src_entity_types": "[java.lang.reflect.Field]",
                "dst_entity_types": "[com.webfirmframework.wffweb.tag.html.attribute.core.PreIndexedAttributeName]"
              }
            }
          ]
        },
        {
          "tool-name": "Elixir",
          "pattern-name": "Elixir:update_type_ref",
          "Unified_Diff_of-files:": "Starts Below...",
          "CHANGE_old:": "        }",
          "CHANGE_new:": "",
          "instance_detail": [
            {
              "pattern_action": "UPD",
              "pattern_entity": {
                "entity_type": "TypeReference",
                "entity_new value": "*",
                "entity_role": "*",
                "entity_parent": "null"
              },
              "concrete_change": {
                "operator": "UPD",
                "src_type": "TypeReference",
                "dst_type": "TypeReference",
                "src": "java.lang.reflect.Field",
                "dst": "com.webfirmframework.wffweb.tag.html.attribute.core.PreIndexedAttributeName",
                "src_parent_type": "LocalVariable",
                "dst_parent_type": "LocalVariable",
                "src_parent": "final java.lang.reflect.Field field",
                "dst_parent": "final com.webfirmframework.wffweb.tag.html.attribute.core.PreIndexedAttributeName each"
              },
              "line": 59,
              "file": "/home/khesoem/projects/lighter/exp/wffweb/src/main/java/com/webfirmframework/wffweb/tag/html/attribute/core/IndexedAttributeName.java",
              "stats": {
                "number_of_src_entities": 2,
                "number_of_dst_entities": 2,
                "src_entity_types": "[java.lang.reflect.Field]",
                "dst_entity_types": "[com.webfirmframework.wffweb.tag.html.attribute.core.PreIndexedAttributeName]"
              }
            }
          ]
        }
      ]
    },
    {
      "revision": "82bb32664efaad7b1d105ada8c2e07e25146cd59",
      "repairability": [
        {
          "tool-name": "Elixir",
          "pattern-name": "Elixir:Insert_Invocation",
          "Unified_Diff_of-files:": "Starts Below...",
          "CHANGE_old:": "        }",
          "CHANGE_new:": "",
          "instance_detail": [
            {
              "pattern_action": "INS",
              "pattern_entity": {
                "entity_type": "AbstractInvocation",
                "entity_new value": "*",
                "entity_role": "*",
                "entity_parent": "null"
              },
              "concrete_change": {
                "operator": "INS",
                "src_type": "Invocation",
                "dst_type": "null",
                "src": "java.util.Collections.unmodifiableMap(com.webfirmframework.wffweb.tag.html.core.TagRegistry.TAG_CLASS_BY_TAG_NAME)",
                "dst": "null",
                "src_parent_type": "Return",
                "dst_parent_type": "null",
                "src_parent": "return java.util.Collections.unmodifiableMap(com.webfirmframework.wffweb.tag.html.core.TagRegistry.TAG_CLASS_BY_TAG_NAME)",
                "dst_parent": "null"
              },
              "line": 417,
              "file": "/home/khesoem/projects/lighter/exp/wffweb/src/main/java/com/webfirmframework/wffweb/tag/html/core/TagRegistry.java",
              "stats": {
                "number_of_src_entities": 38,
                "number_of_dst_entities": -1,
                "src_entity_types": "[com.webfirmframework.wffweb.tag.html.core.TagRegistry, java.util.Collections]",
                "dst_entity_types": "[]"
              }
            }
          ]
        }
      ]
    }
  ],
  "complete_analysis": true
}