{
  "instances": [
    {
      "revision": "2f6ff044a01ed04ca99c0b07c24d73d8dccb7aad",
      "repairability": [
        {
          "tool-name": "Elixir",
          "pattern-name": "Elixir:if_null_check",
          "Unified_Diff_of-files:": "Starts Below...",
          "INSERT:": "",
          "CHANGE_old:": "",
          "CHANGE_new:": "            }",
          "instance_detail": [
            {
              "pattern_action": "INS",
              "pattern_entity": {
                "entity_type": "If",
                "entity_new value": "*",
                "entity_role": "*",
                "entity_parent": "null"
              },
              "concrete_change": {
                "operator": "INS",
                "src_type": "If",
                "dst_type": "null",
                "src": "if (detachListeners !\u003d null) {\n    detachListeners.remove(applicableTagId);\n}",
                "dst": "null",
                "src_parent_type": "Block",
                "dst_parent_type": "null",
                "src_parent": "{\n    final java.util.Map\u003cjava.lang.Long, java.util.Set\u003ccom.webfirmframework.wffweb.tag.html.SharedTagContent.DetachListener\u003cT\u003e\u003e\u003e detachListeners \u003d sharedTagContent.detachListeners;\n    if (detachListeners !\u003d null) {\n        detachListeners.remove(applicableTagId);\n    }\n    final java.util.Map\u003cjava.lang.Long, java.util.Set\u003ccom.webfirmframework.wffweb.tag.html.SharedTagContent.ContentChangeListener\u003cT\u003e\u003e\u003e contentChangeListeners \u003d sharedTagContent.contentChangeListeners;\n    if (contentChangeListeners !\u003d null) {\n        contentChangeListeners.remove(applicableTagId);\n    }\n    sharedTagContent.applicableTagGCTasksCache.remove(this);\n    this.sharedTagContent \u003d null;\n}",
                "dst_parent": "null"
              },
              "line": 29,
              "file": "/home/khesoem/projects/lighter/exp/wffweb/src/main/java/com/webfirmframework/wffweb/tag/html/ApplicableTagGCTask.java",
              "stats": {
                "number_of_src_entities": 50,
                "number_of_dst_entities": -1,
                "src_entity_types": "[java.util.Set\u003ccom.webfirmframework.wffweb.tag.html.SharedTagContent.DetachListener\u003cT\u003e\u003e, com.webfirmframework.wffweb.tag.html.SharedTagContent.DetachListener\u003cT\u003e, java.lang.Long, com.webfirmframework.wffweb.tag.html.ApplicableTagGCTask, java.util.Map\u003cjava.lang.Long, java.util.Set\u003ccom.webfirmframework.wffweb.tag.html.SharedTagContent.DetachListener\u003cT\u003e\u003e\u003e, \u003cnulltype\u003e]",
                "dst_entity_types": "[]"
              }
            },
            {
              "pattern_action": "MOV",
              "pattern_entity": {
                "entity_type": "Statement",
                "entity_new value": "*",
                "entity_role": "*",
                "entity_parent": "null"
              },
              "concrete_change": {
                "operator": "MOV",
                "src_type": "Invocation",
                "dst_type": "Invocation",
                "src": "sharedTagContent.detachListeners.remove(applicableTagId)",
                "dst": "detachListeners.remove(applicableTagId)",
                "src_parent_type": "Block",
                "dst_parent_type": "Block",
                "src_parent": "{\n    sharedTagContent.detachListeners.remove(applicableTagId);\n    sharedTagContent.contentChangeListeners.remove(applicableTagId);\n    sharedTagContent.applicableTagGCTasksCache.remove(this);\n    this.sharedTagContent \u003d null;\n}",
                "dst_parent": "{\n    detachListeners.remove(applicableTagId);\n}"
              },
              "line": 23,
              "file": "/home/khesoem/projects/lighter/exp/wffweb/src/main/java/com/webfirmframework/wffweb/tag/html/ApplicableTagGCTask.java",
              "stats": {
                "number_of_src_entities": 23,
                "number_of_dst_entities": 34,
                "src_entity_types": "[sharedTagContent.detachListeners, com.webfirmframework.wffweb.tag.html.SharedTagContent\u003cT\u003e, com.webfirmframework.wffweb.tag.html.ApplicableTagGCTask]",
                "dst_entity_types": "[java.util.Set\u003ccom.webfirmframework.wffweb.tag.html.SharedTagContent.DetachListener\u003cT\u003e\u003e, com.webfirmframework.wffweb.tag.html.SharedTagContent.DetachListener\u003cT\u003e, java.lang.Long, com.webfirmframework.wffweb.tag.html.ApplicableTagGCTask, java.util.Map\u003cjava.lang.Long, java.util.Set\u003ccom.webfirmframework.wffweb.tag.html.SharedTagContent.DetachListener\u003cT\u003e\u003e\u003e]"
              }
            },
            {
              "pattern_action": "INS",
              "pattern_entity": {
                "entity_type": "*",
                "entity_new value": "null",
                "entity_role": "*",
                "entity_parent": {
                  "entity_type": "BinaryOperator",
                  "entity_new value": "*",
                  "entity_role": "condition",
                  "entity_parent": {
                    "entity_type": "If",
                    "entity_new value": "*",
                    "entity_role": "*",
                    "entity_parent": "null"
                  }
                }
              },
              "concrete_change": {
                "operator": "INS",
                "src_type": "Literal",
                "dst_type": "null",
                "src": "null",
                "dst": "null",
                "src_parent_type": "BinaryOperator",
                "dst_parent_type": "null",
                "src_parent": "detachListeners !\u003d null",
                "dst_parent": "null"
              },
              "line": 29,
              "file": "/home/khesoem/projects/lighter/exp/wffweb/src/main/java/com/webfirmframework/wffweb/tag/html/ApplicableTagGCTask.java"
            }
          ]
        },
        {
          "tool-name": "Elixir",
          "pattern-name": "Elixir:if_null_check",
          "Unified_Diff_of-files:": "Starts Below...",
          "INSERT:": "",
          "CHANGE_old:": "",
          "CHANGE_new:": "            }",
          "instance_detail": [
            {
              "pattern_action": "INS",
              "pattern_entity": {
                "entity_type": "If",
                "entity_new value": "*",
                "entity_role": "*",
                "entity_parent": "null"
              },
              "concrete_change": {
                "operator": "INS",
                "src_type": "If",
                "dst_type": "null",
                "src": "if (contentChangeListeners !\u003d null) {\n    contentChangeListeners.remove(applicableTagId);\n}",
                "dst": "null",
                "src_parent_type": "Block",
                "dst_parent_type": "null",
                "src_parent": "{\n    final java.util.Map\u003cjava.lang.Long, java.util.Set\u003ccom.webfirmframework.wffweb.tag.html.SharedTagContent.DetachListener\u003cT\u003e\u003e\u003e detachListeners \u003d sharedTagContent.detachListeners;\n    if (detachListeners !\u003d null) {\n        detachListeners.remove(applicableTagId);\n    }\n    final java.util.Map\u003cjava.lang.Long, java.util.Set\u003ccom.webfirmframework.wffweb.tag.html.SharedTagContent.ContentChangeListener\u003cT\u003e\u003e\u003e contentChangeListeners \u003d sharedTagContent.contentChangeListeners;\n    if (contentChangeListeners !\u003d null) {\n        contentChangeListeners.remove(applicableTagId);\n    }\n    sharedTagContent.applicableTagGCTasksCache.remove(this);\n    this.sharedTagContent \u003d null;\n}",
                "dst_parent": "null"
              },
              "line": 33,
              "file": "/home/khesoem/projects/lighter/exp/wffweb/src/main/java/com/webfirmframework/wffweb/tag/html/ApplicableTagGCTask.java",
              "stats": {
                "number_of_src_entities": 50,
                "number_of_dst_entities": -1,
                "src_entity_types": "[java.util.Set\u003ccom.webfirmframework.wffweb.tag.html.SharedTagContent.ContentChangeListener\u003cT\u003e\u003e, java.lang.Long, com.webfirmframework.wffweb.tag.html.ApplicableTagGCTask, java.util.Map\u003cjava.lang.Long, java.util.Set\u003ccom.webfirmframework.wffweb.tag.html.SharedTagContent.ContentChangeListener\u003cT\u003e\u003e\u003e, \u003cnulltype\u003e, com.webfirmframework.wffweb.tag.html.SharedTagContent.ContentChangeListener\u003cT\u003e]",
                "dst_entity_types": "[]"
              }
            },
            {
              "pattern_action": "MOV",
              "pattern_entity": {
                "entity_type": "Statement",
                "entity_new value": "*",
                "entity_role": "*",
                "entity_parent": "null"
              },
              "concrete_change": {
                "operator": "MOV",
                "src_type": "Invocation",
                "dst_type": "Invocation",
                "src": "sharedTagContent.contentChangeListeners.remove(applicableTagId)",
                "dst": "contentChangeListeners.remove(applicableTagId)",
                "src_parent_type": "Block",
                "dst_parent_type": "Block",
                "src_parent": "{\n    sharedTagContent.detachListeners.remove(applicableTagId);\n    sharedTagContent.contentChangeListeners.remove(applicableTagId);\n    sharedTagContent.applicableTagGCTasksCache.remove(this);\n    this.sharedTagContent \u003d null;\n}",
                "dst_parent": "{\n    contentChangeListeners.remove(applicableTagId);\n}"
              },
              "line": 24,
              "file": "/home/khesoem/projects/lighter/exp/wffweb/src/main/java/com/webfirmframework/wffweb/tag/html/ApplicableTagGCTask.java",
              "stats": {
                "number_of_src_entities": 23,
                "number_of_dst_entities": 34,
                "src_entity_types": "[com.webfirmframework.wffweb.tag.html.SharedTagContent\u003cT\u003e, com.webfirmframework.wffweb.tag.html.ApplicableTagGCTask, sharedTagContent.contentChangeListeners]",
                "dst_entity_types": "[java.util.Set\u003ccom.webfirmframework.wffweb.tag.html.SharedTagContent.ContentChangeListener\u003cT\u003e\u003e, java.lang.Long, com.webfirmframework.wffweb.tag.html.ApplicableTagGCTask, java.util.Map\u003cjava.lang.Long, java.util.Set\u003ccom.webfirmframework.wffweb.tag.html.SharedTagContent.ContentChangeListener\u003cT\u003e\u003e\u003e, com.webfirmframework.wffweb.tag.html.SharedTagContent.ContentChangeListener\u003cT\u003e]"
              }
            },
            {
              "pattern_action": "INS",
              "pattern_entity": {
                "entity_type": "*",
                "entity_new value": "null",
                "entity_role": "*",
                "entity_parent": {
                  "entity_type": "BinaryOperator",
                  "entity_new value": "*",
                  "entity_role": "condition",
                  "entity_parent": {
                    "entity_type": "If",
                    "entity_new value": "*",
                    "entity_role": "*",
                    "entity_parent": "null"
                  }
                }
              },
              "concrete_change": {
                "operator": "INS",
                "src_type": "Literal",
                "dst_type": "null",
                "src": "null",
                "dst": "null",
                "src_parent_type": "BinaryOperator",
                "dst_parent_type": "null",
                "src_parent": "contentChangeListeners !\u003d null",
                "dst_parent": "null"
              },
              "line": 33,
              "file": "/home/khesoem/projects/lighter/exp/wffweb/src/main/java/com/webfirmframework/wffweb/tag/html/ApplicableTagGCTask.java"
            }
          ]
        },
        {
          "tool-name": "Elixir",
          "pattern-name": "Elixir:check_length",
          "Unified_Diff_of-files:": "Starts Below...",
          "INSERT:": "",
          "CHANGE_old:": "",
          "CHANGE_new:": "            }",
          "instance_detail": [
            {
              "pattern_action": "MOV",
              "pattern_entity": {
                "entity_type": "Statement",
                "entity_new value": "*",
                "entity_role": "*",
                "entity_parent": "null"
              },
              "concrete_change": {
                "operator": "MOV",
                "src_type": "Invocation",
                "dst_type": "Invocation",
                "src": "sharedTagContent.detachListeners.remove(applicableTagId)",
                "dst": "detachListeners.remove(applicableTagId)",
                "src_parent_type": "Block",
                "dst_parent_type": "Block",
                "src_parent": "{\n    sharedTagContent.detachListeners.remove(applicableTagId);\n    sharedTagContent.contentChangeListeners.remove(applicableTagId);\n    sharedTagContent.applicableTagGCTasksCache.remove(this);\n    this.sharedTagContent \u003d null;\n}",
                "dst_parent": "{\n    detachListeners.remove(applicableTagId);\n}"
              },
              "line": 23,
              "file": "/home/khesoem/projects/lighter/exp/wffweb/src/main/java/com/webfirmframework/wffweb/tag/html/ApplicableTagGCTask.java",
              "stats": {
                "number_of_src_entities": 23,
                "number_of_dst_entities": 34,
                "src_entity_types": "[sharedTagContent.detachListeners, com.webfirmframework.wffweb.tag.html.SharedTagContent\u003cT\u003e, com.webfirmframework.wffweb.tag.html.ApplicableTagGCTask]",
                "dst_entity_types": "[java.util.Set\u003ccom.webfirmframework.wffweb.tag.html.SharedTagContent.DetachListener\u003cT\u003e\u003e, com.webfirmframework.wffweb.tag.html.SharedTagContent.DetachListener\u003cT\u003e, java.lang.Long, com.webfirmframework.wffweb.tag.html.ApplicableTagGCTask, java.util.Map\u003cjava.lang.Long, java.util.Set\u003ccom.webfirmframework.wffweb.tag.html.SharedTagContent.DetachListener\u003cT\u003e\u003e\u003e]"
              }
            },
            {
              "pattern_action": "INS",
              "pattern_entity": {
                "entity_type": "If",
                "entity_new value": "*",
                "entity_role": "*",
                "entity_parent": "null"
              },
              "concrete_change": {
                "operator": "INS",
                "src_type": "If",
                "dst_type": "null",
                "src": "if (detachListeners !\u003d null) {\n    detachListeners.remove(applicableTagId);\n}",
                "dst": "null",
                "src_parent_type": "Block",
                "dst_parent_type": "null",
                "src_parent": "{\n    final java.util.Map\u003cjava.lang.Long, java.util.Set\u003ccom.webfirmframework.wffweb.tag.html.SharedTagContent.DetachListener\u003cT\u003e\u003e\u003e detachListeners \u003d sharedTagContent.detachListeners;\n    if (detachListeners !\u003d null) {\n        detachListeners.remove(applicableTagId);\n    }\n    final java.util.Map\u003cjava.lang.Long, java.util.Set\u003ccom.webfirmframework.wffweb.tag.html.SharedTagContent.ContentChangeListener\u003cT\u003e\u003e\u003e contentChangeListeners \u003d sharedTagContent.contentChangeListeners;\n    if (contentChangeListeners !\u003d null) {\n        contentChangeListeners.remove(applicableTagId);\n    }\n    sharedTagContent.applicableTagGCTasksCache.remove(this);\n    this.sharedTagContent \u003d null;\n}",
                "dst_parent": "null"
              },
              "line": 29,
              "file": "/home/khesoem/projects/lighter/exp/wffweb/src/main/java/com/webfirmframework/wffweb/tag/html/ApplicableTagGCTask.java",
              "stats": {
                "number_of_src_entities": 50,
                "number_of_dst_entities": -1,
                "src_entity_types": "[java.util.Set\u003ccom.webfirmframework.wffweb.tag.html.SharedTagContent.DetachListener\u003cT\u003e\u003e, com.webfirmframework.wffweb.tag.html.SharedTagContent.DetachListener\u003cT\u003e, java.lang.Long, com.webfirmframework.wffweb.tag.html.ApplicableTagGCTask, java.util.Map\u003cjava.lang.Long, java.util.Set\u003ccom.webfirmframework.wffweb.tag.html.SharedTagContent.DetachListener\u003cT\u003e\u003e\u003e, \u003cnulltype\u003e]",
                "dst_entity_types": "[]"
              }
            }
          ]
        },
        {
          "tool-name": "Elixir",
          "pattern-name": "Elixir:check_length",
          "Unified_Diff_of-files:": "Starts Below...",
          "INSERT:": "",
          "CHANGE_old:": "",
          "CHANGE_new:": "            }",
          "instance_detail": [
            {
              "pattern_action": "MOV",
              "pattern_entity": {
                "entity_type": "Statement",
                "entity_new value": "*",
                "entity_role": "*",
                "entity_parent": "null"
              },
              "concrete_change": {
                "operator": "MOV",
                "src_type": "Invocation",
                "dst_type": "Invocation",
                "src": "sharedTagContent.contentChangeListeners.remove(applicableTagId)",
                "dst": "contentChangeListeners.remove(applicableTagId)",
                "src_parent_type": "Block",
                "dst_parent_type": "Block",
                "src_parent": "{\n    sharedTagContent.detachListeners.remove(applicableTagId);\n    sharedTagContent.contentChangeListeners.remove(applicableTagId);\n    sharedTagContent.applicableTagGCTasksCache.remove(this);\n    this.sharedTagContent \u003d null;\n}",
                "dst_parent": "{\n    contentChangeListeners.remove(applicableTagId);\n}"
              },
              "line": 24,
              "file": "/home/khesoem/projects/lighter/exp/wffweb/src/main/java/com/webfirmframework/wffweb/tag/html/ApplicableTagGCTask.java",
              "stats": {
                "number_of_src_entities": 23,
                "number_of_dst_entities": 34,
                "src_entity_types": "[com.webfirmframework.wffweb.tag.html.SharedTagContent\u003cT\u003e, com.webfirmframework.wffweb.tag.html.ApplicableTagGCTask, sharedTagContent.contentChangeListeners]",
                "dst_entity_types": "[java.util.Set\u003ccom.webfirmframework.wffweb.tag.html.SharedTagContent.ContentChangeListener\u003cT\u003e\u003e, java.lang.Long, com.webfirmframework.wffweb.tag.html.ApplicableTagGCTask, java.util.Map\u003cjava.lang.Long, java.util.Set\u003ccom.webfirmframework.wffweb.tag.html.SharedTagContent.ContentChangeListener\u003cT\u003e\u003e\u003e, com.webfirmframework.wffweb.tag.html.SharedTagContent.ContentChangeListener\u003cT\u003e]"
              }
            },
            {
              "pattern_action": "INS",
              "pattern_entity": {
                "entity_type": "If",
                "entity_new value": "*",
                "entity_role": "*",
                "entity_parent": "null"
              },
              "concrete_change": {
                "operator": "INS",
                "src_type": "If",
                "dst_type": "null",
                "src": "if (contentChangeListeners !\u003d null) {\n    contentChangeListeners.remove(applicableTagId);\n}",
                "dst": "null",
                "src_parent_type": "Block",
                "dst_parent_type": "null",
                "src_parent": "{\n    final java.util.Map\u003cjava.lang.Long, java.util.Set\u003ccom.webfirmframework.wffweb.tag.html.SharedTagContent.DetachListener\u003cT\u003e\u003e\u003e detachListeners \u003d sharedTagContent.detachListeners;\n    if (detachListeners !\u003d null) {\n        detachListeners.remove(applicableTagId);\n    }\n    final java.util.Map\u003cjava.lang.Long, java.util.Set\u003ccom.webfirmframework.wffweb.tag.html.SharedTagContent.ContentChangeListener\u003cT\u003e\u003e\u003e contentChangeListeners \u003d sharedTagContent.contentChangeListeners;\n    if (contentChangeListeners !\u003d null) {\n        contentChangeListeners.remove(applicableTagId);\n    }\n    sharedTagContent.applicableTagGCTasksCache.remove(this);\n    this.sharedTagContent \u003d null;\n}",
                "dst_parent": "null"
              },
              "line": 33,
              "file": "/home/khesoem/projects/lighter/exp/wffweb/src/main/java/com/webfirmframework/wffweb/tag/html/ApplicableTagGCTask.java",
              "stats": {
                "number_of_src_entities": 50,
                "number_of_dst_entities": -1,
                "src_entity_types": "[java.util.Set\u003ccom.webfirmframework.wffweb.tag.html.SharedTagContent.ContentChangeListener\u003cT\u003e\u003e, java.lang.Long, com.webfirmframework.wffweb.tag.html.ApplicableTagGCTask, java.util.Map\u003cjava.lang.Long, java.util.Set\u003ccom.webfirmframework.wffweb.tag.html.SharedTagContent.ContentChangeListener\u003cT\u003e\u003e\u003e, \u003cnulltype\u003e, com.webfirmframework.wffweb.tag.html.SharedTagContent.ContentChangeListener\u003cT\u003e]",
                "dst_entity_types": "[]"
              }
            }
          ]
        }
      ]
    }
  ],
  "complete_analysis": true
}