{
  "instances": [
    {
      "revision": "38b5189cc2b9e5fcecbec313f4338ff709159c6e",
      "repairability": [
        {
          "tool-name": "Elixir",
          "pattern-name": "Elixir:if_null_check",
          "Unified_Diff_of-files:": "Starts Below...",
          "CHANGE_old:": "            this.charset \u003d previousCharset;",
          "CHANGE_new:": "                    rebuild);",
          "DELETE:": "    }",
          "instance_detail": [
            {
              "pattern_action": "INS",
              "pattern_entity": {
                "entity_type": "If",
                "entity_new value": "*",
                "entity_role": "*",
                "entity_parent": "null"
              },
              "concrete_change": {
                "operator": "INS",
                "src_type": "If",
                "dst_type": "null",
                "src": "if (charset \u003d\u003d null) {\n    writePrintStructureToOutputStream(java.nio.charset.Charset.forName(charset), os, true);\n} else {\n    writePrintStructureToOutputStream(this.charset, os, true);\n}",
                "dst": "null",
                "src_parent_type": "Block",
                "dst_parent_type": "null",
                "src_parent": "{\n    if (charset \u003d\u003d null) {\n        writePrintStructureToOutputStream(java.nio.charset.Charset.forName(charset), os, true);\n    } else {\n        writePrintStructureToOutputStream(this.charset, os, true);\n    }\n}",
                "dst_parent": "null"
              },
              "line": 1351,
              "file": "/home/khesoem/projects/lighter/exp/wffweb/src/main/java/com/webfirmframework/wffweb/tag/html/AbstractHtml.java",
              "stats": {
                "number_of_src_entities": 82,
                "number_of_dst_entities": -1,
                "src_entity_types": "[com.webfirmframework.wffweb.tag.html.AbstractHtml, boolean, java.io.OutputStream, java.lang.String, java.nio.charset.Charset, \u003cnulltype\u003e]",
                "dst_entity_types": "[]"
              }
            },
            {
              "pattern_action": "MOV",
              "pattern_entity": {
                "entity_type": "Statement",
                "entity_new value": "*",
                "entity_role": "*",
                "entity_parent": "null"
              },
              "concrete_change": {
                "operator": "MOV",
                "src_type": "Invocation",
                "dst_type": "Invocation",
                "src": "java.nio.charset.Charset.forName(charset)",
                "dst": "java.nio.charset.Charset.forName(charset)",
                "src_parent_type": "Assignment",
                "dst_parent_type": "Invocation",
                "src_parent": "this.charset \u003d java.nio.charset.Charset.forName(charset)",
                "dst_parent": "writePrintStructureToOutputStream(java.nio.charset.Charset.forName(charset), os, true)"
              },
              "line": 1352,
              "file": "/home/khesoem/projects/lighter/exp/wffweb/src/main/java/com/webfirmframework/wffweb/tag/html/AbstractHtml.java",
              "stats": {
                "number_of_src_entities": 15,
                "number_of_dst_entities": 15,
                "src_entity_types": "[java.nio.charset.Charset, java.lang.String]",
                "dst_entity_types": "[java.nio.charset.Charset, java.lang.String]"
              }
            },
            {
              "pattern_action": "INS",
              "pattern_entity": {
                "entity_type": "*",
                "entity_new value": "null",
                "entity_role": "*",
                "entity_parent": {
                  "entity_type": "BinaryOperator",
                  "entity_new value": "*",
                  "entity_role": "condition",
                  "entity_parent": {
                    "entity_type": "If",
                    "entity_new value": "*",
                    "entity_role": "*",
                    "entity_parent": "null"
                  }
                }
              },
              "concrete_change": {
                "operator": "INS",
                "src_type": "Literal",
                "dst_type": "null",
                "src": "null",
                "dst": "null",
                "src_parent_type": "BinaryOperator",
                "dst_parent_type": "null",
                "src_parent": "charset \u003d\u003d null",
                "dst_parent": "null"
              },
              "line": 1351,
              "file": "/home/khesoem/projects/lighter/exp/wffweb/src/main/java/com/webfirmframework/wffweb/tag/html/AbstractHtml.java"
            }
          ]
        },
        {
          "tool-name": "Elixir",
          "pattern-name": "Elixir:if_null_check",
          "Unified_Diff_of-files:": "Starts Below...",
          "CHANGE_old:": "            this.charset \u003d previousCharset;",
          "CHANGE_new:": "                    rebuild);",
          "DELETE:": "    }",
          "instance_detail": [
            {
              "pattern_action": "INS",
              "pattern_entity": {
                "entity_type": "If",
                "entity_new value": "*",
                "entity_role": "*",
                "entity_parent": "null"
              },
              "concrete_change": {
                "operator": "INS",
                "src_type": "If",
                "dst_type": "null",
                "src": "if (charset \u003d\u003d null) {\n    writePrintStructureToOutputStream(this.charset, os, rebuild);\n} else {\n    writePrintStructureToOutputStream(java.nio.charset.Charset.forName(charset), os, rebuild);\n}",
                "dst": "null",
                "src_parent_type": "Block",
                "dst_parent_type": "null",
                "src_parent": "{\n    if (charset \u003d\u003d null) {\n        writePrintStructureToOutputStream(this.charset, os, rebuild);\n    } else {\n        writePrintStructureToOutputStream(java.nio.charset.Charset.forName(charset), os, rebuild);\n    }\n}",
                "dst_parent": "null"
              },
              "line": 1402,
              "file": "/home/khesoem/projects/lighter/exp/wffweb/src/main/java/com/webfirmframework/wffweb/tag/html/AbstractHtml.java",
              "stats": {
                "number_of_src_entities": 84,
                "number_of_dst_entities": -1,
                "src_entity_types": "[com.webfirmframework.wffweb.tag.html.AbstractHtml, boolean, java.io.OutputStream, java.lang.String, java.nio.charset.Charset, \u003cnulltype\u003e]",
                "dst_entity_types": "[]"
              }
            },
            {
              "pattern_action": "MOV",
              "pattern_entity": {
                "entity_type": "Statement",
                "entity_new value": "*",
                "entity_role": "*",
                "entity_parent": "null"
              },
              "concrete_change": {
                "operator": "MOV",
                "src_type": "Invocation",
                "dst_type": "Invocation",
                "src": "java.nio.charset.Charset.forName(charset)",
                "dst": "java.nio.charset.Charset.forName(charset)",
                "src_parent_type": "Assignment",
                "dst_parent_type": "Invocation",
                "src_parent": "this.charset \u003d java.nio.charset.Charset.forName(charset)",
                "dst_parent": "writePrintStructureToOutputStream(java.nio.charset.Charset.forName(charset), os, rebuild)"
              },
              "line": 1408,
              "file": "/home/khesoem/projects/lighter/exp/wffweb/src/main/java/com/webfirmframework/wffweb/tag/html/AbstractHtml.java",
              "stats": {
                "number_of_src_entities": 15,
                "number_of_dst_entities": 15,
                "src_entity_types": "[java.nio.charset.Charset, java.lang.String]",
                "dst_entity_types": "[java.nio.charset.Charset, java.lang.String]"
              }
            },
            {
              "pattern_action": "INS",
              "pattern_entity": {
                "entity_type": "*",
                "entity_new value": "null",
                "entity_role": "*",
                "entity_parent": {
                  "entity_type": "BinaryOperator",
                  "entity_new value": "*",
                  "entity_role": "condition",
                  "entity_parent": {
                    "entity_type": "If",
                    "entity_new value": "*",
                    "entity_role": "*",
                    "entity_parent": "null"
                  }
                }
              },
              "concrete_change": {
                "operator": "INS",
                "src_type": "Literal",
                "dst_type": "null",
                "src": "null",
                "dst": "null",
                "src_parent_type": "BinaryOperator",
                "dst_parent_type": "null",
                "src_parent": "charset \u003d\u003d null",
                "dst_parent": "null"
              },
              "line": 1402,
              "file": "/home/khesoem/projects/lighter/exp/wffweb/src/main/java/com/webfirmframework/wffweb/tag/html/AbstractHtml.java"
            }
          ]
        },
        {
          "tool-name": "Elixir",
          "pattern-name": "Elixir:check_length",
          "Unified_Diff_of-files:": "Starts Below...",
          "CHANGE_old:": "            this.charset \u003d previousCharset;",
          "CHANGE_new:": "                    rebuild);",
          "DELETE:": "    }",
          "instance_detail": [
            {
              "pattern_action": "MOV",
              "pattern_entity": {
                "entity_type": "Statement",
                "entity_new value": "*",
                "entity_role": "*",
                "entity_parent": "null"
              },
              "concrete_change": {
                "operator": "MOV",
                "src_type": "Invocation",
                "dst_type": "Invocation",
                "src": "java.nio.charset.Charset.forName(charset)",
                "dst": "java.nio.charset.Charset.forName(charset)",
                "src_parent_type": "Assignment",
                "dst_parent_type": "Invocation",
                "src_parent": "this.charset \u003d java.nio.charset.Charset.forName(charset)",
                "dst_parent": "writePrintStructureToOutputStream(java.nio.charset.Charset.forName(charset), os, true)"
              },
              "line": 1352,
              "file": "/home/khesoem/projects/lighter/exp/wffweb/src/main/java/com/webfirmframework/wffweb/tag/html/AbstractHtml.java",
              "stats": {
                "number_of_src_entities": 15,
                "number_of_dst_entities": 15,
                "src_entity_types": "[java.nio.charset.Charset, java.lang.String]",
                "dst_entity_types": "[java.nio.charset.Charset, java.lang.String]"
              }
            },
            {
              "pattern_action": "INS",
              "pattern_entity": {
                "entity_type": "If",
                "entity_new value": "*",
                "entity_role": "*",
                "entity_parent": "null"
              },
              "concrete_change": {
                "operator": "INS",
                "src_type": "If",
                "dst_type": "null",
                "src": "if (charset \u003d\u003d null) {\n    writePrintStructureToOutputStream(java.nio.charset.Charset.forName(charset), os, true);\n} else {\n    writePrintStructureToOutputStream(this.charset, os, true);\n}",
                "dst": "null",
                "src_parent_type": "Block",
                "dst_parent_type": "null",
                "src_parent": "{\n    if (charset \u003d\u003d null) {\n        writePrintStructureToOutputStream(java.nio.charset.Charset.forName(charset), os, true);\n    } else {\n        writePrintStructureToOutputStream(this.charset, os, true);\n    }\n}",
                "dst_parent": "null"
              },
              "line": 1351,
              "file": "/home/khesoem/projects/lighter/exp/wffweb/src/main/java/com/webfirmframework/wffweb/tag/html/AbstractHtml.java",
              "stats": {
                "number_of_src_entities": 82,
                "number_of_dst_entities": -1,
                "src_entity_types": "[com.webfirmframework.wffweb.tag.html.AbstractHtml, boolean, java.io.OutputStream, java.lang.String, java.nio.charset.Charset, \u003cnulltype\u003e]",
                "dst_entity_types": "[]"
              }
            }
          ]
        },
        {
          "tool-name": "Elixir",
          "pattern-name": "Elixir:check_length",
          "Unified_Diff_of-files:": "Starts Below...",
          "CHANGE_old:": "            this.charset \u003d previousCharset;",
          "CHANGE_new:": "                    rebuild);",
          "DELETE:": "    }",
          "instance_detail": [
            {
              "pattern_action": "MOV",
              "pattern_entity": {
                "entity_type": "Statement",
                "entity_new value": "*",
                "entity_role": "*",
                "entity_parent": "null"
              },
              "concrete_change": {
                "operator": "MOV",
                "src_type": "Invocation",
                "dst_type": "Invocation",
                "src": "java.nio.charset.Charset.forName(charset)",
                "dst": "java.nio.charset.Charset.forName(charset)",
                "src_parent_type": "Assignment",
                "dst_parent_type": "Invocation",
                "src_parent": "this.charset \u003d java.nio.charset.Charset.forName(charset)",
                "dst_parent": "writePrintStructureToOutputStream(java.nio.charset.Charset.forName(charset), os, rebuild)"
              },
              "line": 1408,
              "file": "/home/khesoem/projects/lighter/exp/wffweb/src/main/java/com/webfirmframework/wffweb/tag/html/AbstractHtml.java",
              "stats": {
                "number_of_src_entities": 15,
                "number_of_dst_entities": 15,
                "src_entity_types": "[java.nio.charset.Charset, java.lang.String]",
                "dst_entity_types": "[java.nio.charset.Charset, java.lang.String]"
              }
            },
            {
              "pattern_action": "INS",
              "pattern_entity": {
                "entity_type": "If",
                "entity_new value": "*",
                "entity_role": "*",
                "entity_parent": "null"
              },
              "concrete_change": {
                "operator": "INS",
                "src_type": "If",
                "dst_type": "null",
                "src": "if (charset \u003d\u003d null) {\n    writePrintStructureToOutputStream(this.charset, os, rebuild);\n} else {\n    writePrintStructureToOutputStream(java.nio.charset.Charset.forName(charset), os, rebuild);\n}",
                "dst": "null",
                "src_parent_type": "Block",
                "dst_parent_type": "null",
                "src_parent": "{\n    if (charset \u003d\u003d null) {\n        writePrintStructureToOutputStream(this.charset, os, rebuild);\n    } else {\n        writePrintStructureToOutputStream(java.nio.charset.Charset.forName(charset), os, rebuild);\n    }\n}",
                "dst_parent": "null"
              },
              "line": 1402,
              "file": "/home/khesoem/projects/lighter/exp/wffweb/src/main/java/com/webfirmframework/wffweb/tag/html/AbstractHtml.java",
              "stats": {
                "number_of_src_entities": 84,
                "number_of_dst_entities": -1,
                "src_entity_types": "[com.webfirmframework.wffweb.tag.html.AbstractHtml, boolean, java.io.OutputStream, java.lang.String, java.nio.charset.Charset, \u003cnulltype\u003e]",
                "dst_entity_types": "[]"
              }
            }
          ]
        },
        {
          "tool-name": "Elixir",
          "pattern-name": "Elixir:update_invocation_deep",
          "Unified_Diff_of-files:": "Starts Below...",
          "CHANGE_old:": "            this.charset \u003d previousCharset;",
          "CHANGE_new:": "                    rebuild);",
          "DELETE:": "    }",
          "instance_detail": [
            {
              "pattern_action": "ANY",
              "pattern_entity": {
                "entity_type": "*",
                "entity_new value": "*",
                "entity_role": "*",
                "entity_parent": {
                  "entity_type": "AbstractInvocation",
                  "entity_new value": "*",
                  "entity_role": "*",
                  "entity_parent": "null"
                }
              },
              "concrete_change": {
                "operator": "INS",
                "src_type": "VariableRead",
                "dst_type": "null",
                "src": "charset",
                "dst": "null",
                "src_parent_type": "Invocation",
                "dst_parent_type": "null",
                "src_parent": "com.webfirmframework.wffweb.tag.html.AbstractHtml.recurChildrenToOutputStream(charset, os, new java.util.LinkedHashSet\u003ccom.webfirmframework.wffweb.tag.html.AbstractHtml\u003e(java.util.Arrays.asList(this)), rebuild)",
                "dst_parent": "null"
              },
              "line": 1027,
              "file": "/home/khesoem/projects/lighter/exp/wffweb/src/main/java/com/webfirmframework/wffweb/tag/html/AbstractHtml.java",
              "stats": {
                "number_of_src_entities": 4,
                "number_of_dst_entities": -1,
                "src_entity_types": "[java.nio.charset.Charset]",
                "dst_entity_types": "[]"
              }
            }
          ]
        }
      ]
    }
  ],
  "complete_analysis": true
}