{
  "instances": [
    {
      "revision": "3718543f742f7efeea6179210bb0d8d0b058888e",
      "repairability": [
        {
          "tool-name": "JKali",
          "pattern-name": "JKali:del",
          "Unified_Diff_of-files:": "Starts Below...",
          "INSERT:": "        }",
          "CHANGE_old:": "                || (element instanceof CtStatementList \u0026\u0026 !(element instanceof CtCase));",
          "CHANGE_new:": "                return false;",
          "instance_detail": [
            {
              "pattern_action": "DEL",
              "pattern_entity": {
                "entity_type": "*",
                "entity_new value": "*",
                "entity_role": "Statement",
                "entity_parent": "null"
              },
              "concrete_change": {
                "operator": "DEL",
                "src_type": "Return",
                "dst_type": "null",
                "src": "return ((element.isImplicit()) || (element instanceof spoon.reflect.reference.CtReference)) || ((element instanceof spoon.reflect.code.CtStatementList) \u0026\u0026 (!(element instanceof spoon.reflect.code.CtCase)))",
                "dst": "null",
                "src_parent_type": "Block",
                "dst_parent_type": "null",
                "src_parent": "{\n    return ((element.isImplicit()) || (element instanceof spoon.reflect.reference.CtReference)) || ((element instanceof spoon.reflect.code.CtStatementList) \u0026\u0026 (!(element instanceof spoon.reflect.code.CtCase)));\n}",
                "dst_parent": "null"
              },
              "line": 50,
              "file": "/home/khesoem/projects/lighter/exp/src/main/java/gumtree/spoon/builder/TreeScanner.java",
              "stats": {
                "number_of_src_entities": 45,
                "number_of_dst_entities": -1,
                "src_entity_types": "[spoon.reflect.declaration.CtElement, boolean, spoon.reflect.reference.CtReference, spoon.reflect.code.CtCase, spoon.reflect.code.CtStatementList]",
                "dst_entity_types": "[]"
              }
            }
          ]
        },
        {
          "tool-name": "JKali",
          "pattern-name": "JKali:add_rtrn",
          "Unified_Diff_of-files:": "Starts Below...",
          "INSERT:": "        }",
          "CHANGE_old:": "                || (element instanceof CtStatementList \u0026\u0026 !(element instanceof CtCase));",
          "CHANGE_new:": "                return false;",
          "instance_detail": [
            {
              "pattern_action": "INS",
              "pattern_entity": {
                "entity_type": "Return",
                "entity_new value": "*",
                "entity_role": "Statement",
                "entity_parent": "null"
              },
              "concrete_change": {
                "operator": "INS",
                "src_type": "Return",
                "dst_type": "null",
                "src": "return (element.isImplicit()) || (element instanceof spoon.reflect.reference.CtReference)",
                "dst": "null",
                "src_parent_type": "Block",
                "dst_parent_type": "null",
                "src_parent": "{\n    if ((element instanceof spoon.reflect.code.CtStatementList) \u0026\u0026 (!(element instanceof spoon.reflect.code.CtCase))) {\n        if (((element.getRoleInParent()) \u003d\u003d (spoon.reflect.path.CtRole.ELSE)) || ((element.getRoleInParent()) \u003d\u003d (spoon.reflect.path.CtRole.THEN))) {\n            return false;\n        }\n        return true;\n    }\n    return (element.isImplicit()) || (element instanceof spoon.reflect.reference.CtReference);\n}",
                "dst_parent": "null"
              },
              "line": 58,
              "file": "/home/khesoem/projects/lighter/exp/src/main/java/gumtree/spoon/builder/TreeScanner.java",
              "stats": {
                "number_of_src_entities": 21,
                "number_of_dst_entities": -1,
                "src_entity_types": "[spoon.reflect.declaration.CtElement, boolean, spoon.reflect.reference.CtReference]",
                "dst_entity_types": "[]"
              }
            }
          ]
        },
        {
          "tool-name": "JKali",
          "pattern-name": "JKali:add_rtrn",
          "Unified_Diff_of-files:": "Starts Below...",
          "INSERT:": "        }",
          "CHANGE_old:": "                || (element instanceof CtStatementList \u0026\u0026 !(element instanceof CtCase));",
          "CHANGE_new:": "                return false;",
          "instance_detail": [
            {
              "pattern_action": "INS",
              "pattern_entity": {
                "entity_type": "Return",
                "entity_new value": "*",
                "entity_role": "Statement",
                "entity_parent": "null"
              },
              "concrete_change": {
                "operator": "INS",
                "src_type": "Return",
                "dst_type": "null",
                "src": "return true",
                "dst": "null",
                "src_parent_type": "Block",
                "dst_parent_type": "null",
                "src_parent": "{\n    if (((element.getRoleInParent()) \u003d\u003d (spoon.reflect.path.CtRole.ELSE)) || ((element.getRoleInParent()) \u003d\u003d (spoon.reflect.path.CtRole.THEN))) {\n        return false;\n    }\n    return true;\n}",
                "dst_parent": "null"
              },
              "line": 56,
              "file": "/home/khesoem/projects/lighter/exp/src/main/java/gumtree/spoon/builder/TreeScanner.java"
            }
          ]
        },
        {
          "tool-name": "JKali",
          "pattern-name": "JKali:add_rtrn",
          "Unified_Diff_of-files:": "Starts Below...",
          "INSERT:": "        }",
          "CHANGE_old:": "                || (element instanceof CtStatementList \u0026\u0026 !(element instanceof CtCase));",
          "CHANGE_new:": "                return false;",
          "instance_detail": [
            {
              "pattern_action": "INS",
              "pattern_entity": {
                "entity_type": "Return",
                "entity_new value": "*",
                "entity_role": "Statement",
                "entity_parent": "null"
              },
              "concrete_change": {
                "operator": "INS",
                "src_type": "Return",
                "dst_type": "null",
                "src": "return false",
                "dst": "null",
                "src_parent_type": "Block",
                "dst_parent_type": "null",
                "src_parent": "{\n    return false;\n}",
                "dst_parent": "null"
              },
              "line": 54,
              "file": "/home/khesoem/projects/lighter/exp/src/main/java/gumtree/spoon/builder/TreeScanner.java"
            }
          ]
        }
      ]
    }
  ],
  "complete_analysis": true
}