{
  "instances": [
    {
      "revision": "cd4c073e928da2fbbc4140ec96a2efe28078d6dd",
      "repairability": [
        {
          "tool-name": "JKali",
          "pattern-name": "JKali:del",
          "Unified_Diff_of-files:": "Starts Below...",
          "INSERT:": "            // if is a workaround for some bug in noclasspath",
          "DELETE:": "                //label \u003d va.toString();",
          "instance_detail": [
            {
              "pattern_action": "DEL",
              "pattern_entity": {
                "entity_type": "*",
                "entity_new value": "*",
                "entity_role": "Statement",
                "entity_parent": "null"
              },
              "concrete_change": {
                "operator": "DEL",
                "src_type": "Throw",
                "dst_type": "null",
                "src": "throw new java.lang.RuntimeException(va.getParent().toString())",
                "dst": "null",
                "src_parent_type": "Block",
                "dst_parent_type": "null",
                "src_parent": "{\n    throw new java.lang.RuntimeException(va.getParent().toString());\n}",
                "dst_parent": "null"
              },
              "line": 106,
              "file": "/home/khesoem/projects/lighter/exp/src/main/java/fr/inria/sacha/spoon/diffSpoon/SpoonGumTreeBuilder.java"
            }
          ]
        }
      ]
    }
  ],
  "complete_analysis": true
}