{
  "instances": [
    {
      "revision": "40023637310f929569387446442a3b7d3c51031a",
      "repairability": [
        {
          "tool-name": "JKali",
          "pattern-name": "JKali:add_rtrn",
          "Unified_Diff_of-files:": "Starts Below...",
          "INSERT:": "}",
          "instance_detail": [
            {
              "pattern_action": "INS",
              "pattern_entity": {
                "entity_type": "Return",
                "entity_new value": "*",
                "entity_role": "Statement",
                "entity_parent": "null"
              },
              "concrete_change": {
                "operator": "INS",
                "src_type": "Return",
                "dst_type": "null",
                "src": "return ((spoon.reflect.declaration.CtElement) (getAction().getNode().getMetadata(\"spoon_object_dest\")))",
                "dst": "null",
                "src_parent_type": "Block",
                "dst_parent_type": "null",
                "src_parent": "{\n    return ((spoon.reflect.declaration.CtElement) (getAction().getNode().getMetadata(\"spoon_object_dest\")));\n}",
                "dst_parent": "null"
              },
              "line": 13,
              "file": "/home/khesoem/projects/lighter/exp/src/main/java/gumtree/spoon/diff/operations/MoveOperation.java"
            }
          ]
        }
      ]
    }
  ],
  "complete_analysis": true
}