{
  "instances": [
    {
      "revision": "0603ef88fc70f751d4d476ac5666354d4617a1c4",
      "repairability": [
        {
          "tool-name": "Cardumen",
          "pattern-name": "Cardumen:expression_replacement_by_upd",
          "Unified_Diff_of-files:": "Starts Below...",
          "INSERT:": "}",
          "CHANGE_old:": "",
          "CHANGE_new:": "        sb.decorator(contentEncodingDecorator(compression));",
          "instance_detail": [
            {
              "pattern_action": "UPD",
              "pattern_entity": {
                "entity_type": "Expression",
                "entity_new value": "*",
                "entity_role": "*",
                "entity_parent": "null"
              },
              "concrete_change": {
                "operator": "UPD",
                "src_type": "Literal",
                "dst_type": "Literal",
                "src": "\"/zipkin/\"",
                "dst": "\"/zipkin/index.html\"",
                "src_parent_type": "Invocation",
                "dst_parent_type": "Invocation",
                "src_parent": "sb.service(\"/zipkin/config.json\", com.linecorp.armeria.server.file.HttpFileBuilder.of(com.linecorp.armeria.common.HttpData.of(config)).cacheControl(new com.linecorp.armeria.server.ServerCacheControlBuilder().maxAgeSeconds(600).build()).contentType(MediaType.JSON_UTF_8).build().asService()).service(\"/zipkin/index.html\", indexSwitchingService).service(\"/zipkin/\", indexSwitchingService)",
                "dst_parent": "sb.service(\"/zipkin/\", indexSwitchingService).service(\"/zipkin/index.html\", indexSwitchingService)"
              },
              "line": 157,
              "file": "/home/khesoem/projects/lighter/exp/zipkin-autoconfigure/ui/src/main/java/zipkin2/autoconfigure/ui/ZipkinUiAutoConfiguration.java",
              "stats": {
                "number_of_src_entities": 3,
                "number_of_dst_entities": 3,
                "src_entity_types": "[java.lang.String]",
                "dst_entity_types": "[java.lang.String]"
              }
            }
          ]
        },
        {
          "tool-name": "Cardumen",
          "pattern-name": "Cardumen:expression_replacement_by_upd",
          "Unified_Diff_of-files:": "Starts Below...",
          "INSERT:": "}",
          "CHANGE_old:": "",
          "CHANGE_new:": "        sb.decorator(contentEncodingDecorator(compression));",
          "instance_detail": [
            {
              "pattern_action": "UPD",
              "pattern_entity": {
                "entity_type": "Expression",
                "entity_new value": "*",
                "entity_role": "*",
                "entity_parent": "null"
              },
              "concrete_change": {
                "operator": "UPD",
                "src_type": "Literal",
                "dst_type": "Literal",
                "src": "\"/zipkin/index.html\"",
                "dst": "\"/zipkin/\"",
                "src_parent_type": "Invocation",
                "dst_parent_type": "Invocation",
                "src_parent": "sb.service(\"/zipkin/config.json\", com.linecorp.armeria.server.file.HttpFileBuilder.of(com.linecorp.armeria.common.HttpData.of(config)).cacheControl(new com.linecorp.armeria.server.ServerCacheControlBuilder().maxAgeSeconds(600).build()).contentType(MediaType.JSON_UTF_8).build().asService()).service(\"/zipkin/index.html\", indexSwitchingService)",
                "dst_parent": "sb.service(\"/zipkin/\", indexSwitchingService)"
              },
              "line": 151,
              "file": "/home/khesoem/projects/lighter/exp/zipkin-autoconfigure/ui/src/main/java/zipkin2/autoconfigure/ui/ZipkinUiAutoConfiguration.java",
              "stats": {
                "number_of_src_entities": 3,
                "number_of_dst_entities": 3,
                "src_entity_types": "[java.lang.String]",
                "dst_entity_types": "[java.lang.String]"
              }
            }
          ]
        }
      ]
    }
  ],
  "complete_analysis": true
}