{
  "instances": [
    {
      "revision": "0bfd045efe1f9caa616e28cf78df91a393992703",
      "repairability": [
        {
          "tool-name": "Arja",
          "pattern-name": "Arja:arja_shallow_change",
          "Unified_Diff_of-files:": "Starts Below...",
          "INSERT:": "                    .removeLogunitServer(endpoint)",
          "DELETE:": "                    .removeLogunitServer(endpoint)",
          "instance_detail": [
            {
              "pattern_action": "ANY",
              "pattern_entity": {
                "entity_type": "Statement",
                "entity_new value": "*",
                "entity_role": "*",
                "entity_parent": "null"
              },
              "concrete_change": {
                "operator": "DEL",
                "src_type": "LocalVariable",
                "dst_type": "null",
                "src": "int i \u003d 0",
                "dst": "null",
                "src_parent_type": "For",
                "dst_parent_type": "null",
                "src_parent": "for (int i \u003d 0; i \u003c (modifiedSequencerServers.size()); i++) {\n    java.lang.String sequencerServer \u003d modifiedSequencerServers.get(i);\n    if ((!(endpoints.contains(sequencerServer))) \u0026\u0026 (!(layout.getUnresponsiveServers().contains(sequencerServer)))) {\n        modifiedSequencerServers.remove(sequencerServer);\n        modifiedSequencerServers.add(0, sequencerServer);\n        layout.setSequencers(modifiedSequencerServers);\n        return this;\n    }\n}",
                "dst_parent": "null"
              },
              "line": 344,
              "file": "/home/khesoem/projects/lighter/exp/runtime/src/main/java/org/corfudb/runtime/view/LayoutBuilder.java"
            }
          ]
        },
        {
          "tool-name": "Arja",
          "pattern-name": "Arja:arja_shallow_change",
          "Unified_Diff_of-files:": "Starts Below...",
          "INSERT:": "                    .removeLogunitServer(endpoint)",
          "DELETE:": "                    .removeLogunitServer(endpoint)",
          "instance_detail": [
            {
              "pattern_action": "ANY",
              "pattern_entity": {
                "entity_type": "Statement",
                "entity_new value": "*",
                "entity_role": "*",
                "entity_parent": "null"
              },
              "concrete_change": {
                "operator": "DEL",
                "src_type": "UnaryOperator",
                "dst_type": "null",
                "src": "i++",
                "dst": "null",
                "src_parent_type": "For",
                "dst_parent_type": "null",
                "src_parent": "for (int i \u003d 0; i \u003c (modifiedSequencerServers.size()); i++) {\n    java.lang.String sequencerServer \u003d modifiedSequencerServers.get(i);\n    if ((!(endpoints.contains(sequencerServer))) \u0026\u0026 (!(layout.getUnresponsiveServers().contains(sequencerServer)))) {\n        modifiedSequencerServers.remove(sequencerServer);\n        modifiedSequencerServers.add(0, sequencerServer);\n        layout.setSequencers(modifiedSequencerServers);\n        return this;\n    }\n}",
                "dst_parent": "null"
              },
              "line": 344,
              "file": "/home/khesoem/projects/lighter/exp/runtime/src/main/java/org/corfudb/runtime/view/LayoutBuilder.java"
            }
          ]
        },
        {
          "tool-name": "Arja",
          "pattern-name": "Arja:arja_shallow_change",
          "Unified_Diff_of-files:": "Starts Below...",
          "INSERT:": "                    .removeLogunitServer(endpoint)",
          "DELETE:": "                    .removeLogunitServer(endpoint)",
          "instance_detail": [
            {
              "pattern_action": "ANY",
              "pattern_entity": {
                "entity_type": "Statement",
                "entity_new value": "*",
                "entity_role": "*",
                "entity_parent": "null"
              },
              "concrete_change": {
                "operator": "DEL",
                "src_type": "Invocation",
                "dst_type": "null",
                "src": "modifiedSequencerServers.get(i)",
                "dst": "null",
                "src_parent_type": "LocalVariable",
                "dst_parent_type": "null",
                "src_parent": "java.lang.String sequencerServer \u003d modifiedSequencerServers.get(i)",
                "dst_parent": "null"
              },
              "line": 345,
              "file": "/home/khesoem/projects/lighter/exp/runtime/src/main/java/org/corfudb/runtime/view/LayoutBuilder.java"
            }
          ]
        },
        {
          "tool-name": "Arja",
          "pattern-name": "Arja:arja_shallow_change",
          "Unified_Diff_of-files:": "Starts Below...",
          "INSERT:": "                    .removeLogunitServer(endpoint)",
          "DELETE:": "                    .removeLogunitServer(endpoint)",
          "instance_detail": [
            {
              "pattern_action": "ANY",
              "pattern_entity": {
                "entity_type": "Statement",
                "entity_new value": "*",
                "entity_role": "*",
                "entity_parent": "null"
              },
              "concrete_change": {
                "operator": "DEL",
                "src_type": "LocalVariable",
                "dst_type": "null",
                "src": "java.lang.String sequencerServer \u003d modifiedSequencerServers.get(i)",
                "dst": "null",
                "src_parent_type": "Block",
                "dst_parent_type": "null",
                "src_parent": "{\n    java.lang.String sequencerServer \u003d modifiedSequencerServers.get(i);\n    if ((!(endpoints.contains(sequencerServer))) \u0026\u0026 (!(layout.getUnresponsiveServers().contains(sequencerServer)))) {\n        modifiedSequencerServers.remove(sequencerServer);\n        modifiedSequencerServers.add(0, sequencerServer);\n        layout.setSequencers(modifiedSequencerServers);\n        return this;\n    }\n}",
                "dst_parent": "null"
              },
              "line": 345,
              "file": "/home/khesoem/projects/lighter/exp/runtime/src/main/java/org/corfudb/runtime/view/LayoutBuilder.java"
            }
          ]
        },
        {
          "tool-name": "Arja",
          "pattern-name": "Arja:arja_shallow_change",
          "Unified_Diff_of-files:": "Starts Below...",
          "INSERT:": "                    .removeLogunitServer(endpoint)",
          "DELETE:": "                    .removeLogunitServer(endpoint)",
          "instance_detail": [
            {
              "pattern_action": "ANY",
              "pattern_entity": {
                "entity_type": "Statement",
                "entity_new value": "*",
                "entity_role": "*",
                "entity_parent": "null"
              },
              "concrete_change": {
                "operator": "DEL",
                "src_type": "UnaryOperator",
                "dst_type": "null",
                "src": "(!(endpoints.contains(sequencerServer)))",
                "dst": "null",
                "src_parent_type": "BinaryOperator",
                "dst_parent_type": "null",
                "src_parent": "(!(endpoints.contains(sequencerServer))) \u0026\u0026 (!(layout.getUnresponsiveServers().contains(sequencerServer)))",
                "dst_parent": "null"
              },
              "line": 349,
              "file": "/home/khesoem/projects/lighter/exp/runtime/src/main/java/org/corfudb/runtime/view/LayoutBuilder.java"
            }
          ]
        },
        {
          "tool-name": "Arja",
          "pattern-name": "Arja:arja_shallow_change",
          "Unified_Diff_of-files:": "Starts Below...",
          "INSERT:": "                    .removeLogunitServer(endpoint)",
          "DELETE:": "                    .removeLogunitServer(endpoint)",
          "instance_detail": [
            {
              "pattern_action": "ANY",
              "pattern_entity": {
                "entity_type": "Statement",
                "entity_new value": "*",
                "entity_role": "*",
                "entity_parent": "null"
              },
              "concrete_change": {
                "operator": "DEL",
                "src_type": "UnaryOperator",
                "dst_type": "null",
                "src": "(!(layout.getUnresponsiveServers().contains(sequencerServer)))",
                "dst": "null",
                "src_parent_type": "BinaryOperator",
                "dst_parent_type": "null",
                "src_parent": "(!(endpoints.contains(sequencerServer))) \u0026\u0026 (!(layout.getUnresponsiveServers().contains(sequencerServer)))",
                "dst_parent": "null"
              },
              "line": 350,
              "file": "/home/khesoem/projects/lighter/exp/runtime/src/main/java/org/corfudb/runtime/view/LayoutBuilder.java"
            }
          ]
        },
        {
          "tool-name": "Arja",
          "pattern-name": "Arja:arja_shallow_change",
          "Unified_Diff_of-files:": "Starts Below...",
          "INSERT:": "                    .removeLogunitServer(endpoint)",
          "DELETE:": "                    .removeLogunitServer(endpoint)",
          "instance_detail": [
            {
              "pattern_action": "ANY",
              "pattern_entity": {
                "entity_type": "Statement",
                "entity_new value": "*",
                "entity_role": "*",
                "entity_parent": "null"
              },
              "concrete_change": {
                "operator": "DEL",
                "src_type": "If",
                "dst_type": "null",
                "src": "if ((!(endpoints.contains(sequencerServer))) \u0026\u0026 (!(layout.getUnresponsiveServers().contains(sequencerServer)))) {\n    modifiedSequencerServers.remove(sequencerServer);\n    modifiedSequencerServers.add(0, sequencerServer);\n    layout.setSequencers(modifiedSequencerServers);\n    return this;\n}",
                "dst": "null",
                "src_parent_type": "Block",
                "dst_parent_type": "null",
                "src_parent": "{\n    java.lang.String sequencerServer \u003d modifiedSequencerServers.get(i);\n    if ((!(endpoints.contains(sequencerServer))) \u0026\u0026 (!(layout.getUnresponsiveServers().contains(sequencerServer)))) {\n        modifiedSequencerServers.remove(sequencerServer);\n        modifiedSequencerServers.add(0, sequencerServer);\n        layout.setSequencers(modifiedSequencerServers);\n        return this;\n    }\n}",
                "dst_parent": "null"
              },
              "line": 349,
              "file": "/home/khesoem/projects/lighter/exp/runtime/src/main/java/org/corfudb/runtime/view/LayoutBuilder.java"
            }
          ]
        },
        {
          "tool-name": "Arja",
          "pattern-name": "Arja:arja_shallow_change",
          "Unified_Diff_of-files:": "Starts Below...",
          "INSERT:": "                    .removeLogunitServer(endpoint)",
          "DELETE:": "                    .removeLogunitServer(endpoint)",
          "instance_detail": [
            {
              "pattern_action": "ANY",
              "pattern_entity": {
                "entity_type": "Statement",
                "entity_new value": "*",
                "entity_role": "*",
                "entity_parent": "null"
              },
              "concrete_change": {
                "operator": "DEL",
                "src_type": "For",
                "dst_type": "null",
                "src": "for (int i \u003d 0; i \u003c (modifiedSequencerServers.size()); i++) {\n    java.lang.String sequencerServer \u003d modifiedSequencerServers.get(i);\n    if ((!(endpoints.contains(sequencerServer))) \u0026\u0026 (!(layout.getUnresponsiveServers().contains(sequencerServer)))) {\n        modifiedSequencerServers.remove(sequencerServer);\n        modifiedSequencerServers.add(0, sequencerServer);\n        layout.setSequencers(modifiedSequencerServers);\n        return this;\n    }\n}",
                "dst": "null",
                "src_parent_type": "Block",
                "dst_parent_type": "null",
                "src_parent": "{\n    java.util.List\u003cjava.lang.String\u003e modifiedSequencerServers \u003d new java.util.ArrayList(layout.getSequencers());\n    for (int i \u003d 0; i \u003c (modifiedSequencerServers.size()); i++) {\n        java.lang.String sequencerServer \u003d modifiedSequencerServers.get(i);\n        if ((!(endpoints.contains(sequencerServer))) \u0026\u0026 (!(layout.getUnresponsiveServers().contains(sequencerServer)))) {\n            modifiedSequencerServers.remove(sequencerServer);\n            modifiedSequencerServers.add(0, sequencerServer);\n            layout.setSequencers(modifiedSequencerServers);\n            return this;\n        }\n    }\n    log.warn((\"Failover to a responsive sequencer server failed. Each of the layout \" + \"sequencers:{} is either a failed endpoint or an unresponsive server\"), modifiedSequencerServers.toString());\n    throw new org.corfudb.runtime.exceptions.LayoutModificationException(\"All sequencers failed.\");\n}",
                "dst_parent": "null"
              },
              "line": 344,
              "file": "/home/khesoem/projects/lighter/exp/runtime/src/main/java/org/corfudb/runtime/view/LayoutBuilder.java",
              "stats": {
                "number_of_src_entities": 163,
                "number_of_dst_entities": -1,
                "src_entity_types": "[int, boolean, java.util.Set\u003cjava.lang.String\u003e, java.util.Set, org.corfudb.runtime.view.LayoutBuilder, org.corfudb.runtime.view.Layout, java.lang.String, java.util.List\u003cjava.lang.String\u003e, java.util.List]",
                "dst_entity_types": "[]"
              }
            }
          ]
        }
      ]
    },
    {
      "revision": "0bfd045efe1f9caa616e28cf78df91a393992703",
      "repairability": [
        {
          "tool-name": "Arja",
          "pattern-name": "Arja:arja_shallow_change",
          "Unified_Diff_of-files:": "Starts Below...",
          "INSERT:": "                    .removeLogunitServer(endpoint)",
          "DELETE:": "                    .removeLogunitServer(endpoint)",
          "instance_detail": [
            {
              "pattern_action": "ANY",
              "pattern_entity": {
                "entity_type": "Statement",
                "entity_new value": "*",
                "entity_role": "*",
                "entity_parent": "null"
              },
              "concrete_change": {
                "operator": "DEL",
                "src_type": "Invocation",
                "dst_type": "null",
                "src": "builder.removeLayoutServer(endpoint).removeSequencerServer(endpoint).assignResponsiveSequencerAsPrimary(java.util.Collections.emptySet()).removeLogunitServer(endpoint).removeUnresponsiveServer(endpoint).setEpoch(((currentLayout.getEpoch()) + 1)).build()",
                "dst": "null",
                "src_parent_type": "Assignment",
                "dst_parent_type": "null",
                "src_parent": "newLayout \u003d builder.removeLayoutServer(endpoint).removeSequencerServer(endpoint).assignResponsiveSequencerAsPrimary(java.util.Collections.emptySet()).removeLogunitServer(endpoint).removeUnresponsiveServer(endpoint).setEpoch(((currentLayout.getEpoch()) + 1)).build()",
                "dst_parent": "null"
              },
              "line": 271,
              "file": "/home/khesoem/projects/lighter/exp/runtime/src/main/java/org/corfudb/runtime/view/LayoutManagementView.java",
              "stats": {
                "number_of_src_entities": 70,
                "number_of_dst_entities": -1,
                "src_entity_types": "[int, org.corfudb.runtime.view.LayoutBuilder, org.corfudb.runtime.view.Layout, java.lang.String, java.util.Collections]",
                "dst_entity_types": "[]"
              }
            }
          ]
        }
      ]
    }
  ],
  "complete_analysis": true
}