{
  "instances": [
    {
      "revision": "9439dc4fff762b2074aa8d4d0f45c617a2acb118",
      "repairability": [
        {
          "tool-name": "Arja",
          "pattern-name": "Arja:arja_shallow_change",
          "Unified_Diff_of-files:": "Starts Below...",
          "CHANGE_old:": "",
          "CHANGE_new:": "        //return  txMessage;",
          "instance_detail": [
            {
              "pattern_action": "ANY",
              "pattern_entity": {
                "entity_type": "Statement",
                "entity_new value": "*",
                "entity_role": "*",
                "entity_parent": "null"
              },
              "concrete_change": {
                "operator": "DEL",
                "src_type": "ConstructorCall",
                "dst_type": "null",
                "src": "new com.google.common.util.concurrent.ThreadFactoryBuilder()",
                "dst": "null",
                "src_parent_type": "Invocation",
                "dst_parent_type": "null",
                "src_parent": "new com.google.common.util.concurrent.ThreadFactoryBuilder().setNameFormat(\"replication-fsm-consumer-%d\")",
                "dst_parent": "null"
              },
              "line": 84,
              "file": "/home/khesoem/projects/lighter/exp/log-replication/src/main/java/org/corfudb/logreplication/fsm/LogReplicationFSM.java"
            }
          ]
        },
        {
          "tool-name": "Arja",
          "pattern-name": "Arja:arja_shallow_change",
          "Unified_Diff_of-files:": "Starts Below...",
          "CHANGE_old:": "",
          "CHANGE_new:": "        //return  txMessage;",
          "instance_detail": [
            {
              "pattern_action": "ANY",
              "pattern_entity": {
                "entity_type": "Statement",
                "entity_new value": "*",
                "entity_role": "*",
                "entity_parent": "null"
              },
              "concrete_change": {
                "operator": "DEL",
                "src_type": "Invocation",
                "dst_type": "null",
                "src": "new com.google.common.util.concurrent.ThreadFactoryBuilder().setNameFormat(\"replication-fsm-consumer-%d\")",
                "dst": "null",
                "src_parent_type": "Invocation",
                "dst_parent_type": "null",
                "src_parent": "new com.google.common.util.concurrent.ThreadFactoryBuilder().setNameFormat(\"replication-fsm-consumer-%d\").build()",
                "dst_parent": "null"
              },
              "line": 84,
              "file": "/home/khesoem/projects/lighter/exp/log-replication/src/main/java/org/corfudb/logreplication/fsm/LogReplicationFSM.java"
            }
          ]
        },
        {
          "tool-name": "Arja",
          "pattern-name": "Arja:arja_shallow_change",
          "Unified_Diff_of-files:": "Starts Below...",
          "CHANGE_old:": "",
          "CHANGE_new:": "        //return  txMessage;",
          "instance_detail": [
            {
              "pattern_action": "ANY",
              "pattern_entity": {
                "entity_type": "Statement",
                "entity_new value": "*",
                "entity_role": "*",
                "entity_parent": "null"
              },
              "concrete_change": {
                "operator": "DEL",
                "src_type": "Invocation",
                "dst_type": "null",
                "src": "new com.google.common.util.concurrent.ThreadFactoryBuilder().setNameFormat(\"replication-fsm-consumer-%d\").build()",
                "dst": "null",
                "src_parent_type": "LocalVariable",
                "dst_parent_type": "null",
                "src_parent": "java.util.concurrent.ThreadFactory consumerThreadFactory \u003d new com.google.common.util.concurrent.ThreadFactoryBuilder().setNameFormat(\"replication-fsm-consumer-%d\").build()",
                "dst_parent": "null"
              },
              "line": 84,
              "file": "/home/khesoem/projects/lighter/exp/log-replication/src/main/java/org/corfudb/logreplication/fsm/LogReplicationFSM.java"
            }
          ]
        },
        {
          "tool-name": "Arja",
          "pattern-name": "Arja:arja_shallow_change",
          "Unified_Diff_of-files:": "Starts Below...",
          "CHANGE_old:": "",
          "CHANGE_new:": "        //return  txMessage;",
          "instance_detail": [
            {
              "pattern_action": "ANY",
              "pattern_entity": {
                "entity_type": "Statement",
                "entity_new value": "*",
                "entity_role": "*",
                "entity_parent": "null"
              },
              "concrete_change": {
                "operator": "DEL",
                "src_type": "LocalVariable",
                "dst_type": "null",
                "src": "java.util.concurrent.ThreadFactory consumerThreadFactory \u003d new com.google.common.util.concurrent.ThreadFactoryBuilder().setNameFormat(\"replication-fsm-consumer-%d\").build()",
                "dst": "null",
                "src_parent_type": "Block",
                "dst_parent_type": "null",
                "src_parent": "{\n    org.corfudb.logreplication.transmitter.SnapshotReader defaultSnapshotReader \u003d new org.corfudb.logreplication.transmitter.StreamsSnapshotReader(runtime, config);\n    org.corfudb.logreplication.transmitter.LogEntryReader defaultLogEntryReader \u003d new org.corfudb.logreplication.transmitter.StreamsLogEntryReader(runtime, config);\n    org.corfudb.logreplication.transmitter.SnapshotTransmitter snapshotTransmitter \u003d new org.corfudb.logreplication.transmitter.SnapshotTransmitter(runtime, defaultSnapshotReader, snapshotListener, this);\n    org.corfudb.logreplication.transmitter.LogEntryTransmitter logEntryTransmitter \u003d new org.corfudb.logreplication.transmitter.LogEntryTransmitter(runtime, defaultLogEntryReader, logEntryListener);\n    initializeStates(snapshotTransmitter, logEntryTransmitter);\n    this.state \u003d states.get(LogReplicationStateType.INITIALIZED);\n    this.stateMachineWorker \u003d workers;\n    java.util.concurrent.ThreadFactory consumerThreadFactory \u003d new com.google.common.util.concurrent.ThreadFactoryBuilder().setNameFormat(\"replication-fsm-consumer-%d\").build();\n    java.util.concurrent.Executors.newSingleThreadExecutor(consumerThreadFactory).submit(this::consume);\n}",
                "dst_parent": "null"
              },
              "line": 83,
              "file": "/home/khesoem/projects/lighter/exp/log-replication/src/main/java/org/corfudb/logreplication/fsm/LogReplicationFSM.java",
              "stats": {
                "number_of_src_entities": 26,
                "number_of_dst_entities": -1,
                "src_entity_types": "[java.util.concurrent.ThreadFactory, java.lang.String, com.google.common.util.concurrent.ThreadFactoryBuilder]",
                "dst_entity_types": "[]"
              }
            }
          ]
        },
        {
          "tool-name": "Arja",
          "pattern-name": "Arja:arja_shallow_change",
          "Unified_Diff_of-files:": "Starts Below...",
          "CHANGE_old:": "",
          "CHANGE_new:": "        //return  txMessage;",
          "instance_detail": [
            {
              "pattern_action": "ANY",
              "pattern_entity": {
                "entity_type": "Statement",
                "entity_new value": "*",
                "entity_role": "*",
                "entity_parent": "null"
              },
              "concrete_change": {
                "operator": "DEL",
                "src_type": "Invocation",
                "dst_type": "null",
                "src": "java.util.concurrent.Executors.newSingleThreadExecutor(consumerThreadFactory)",
                "dst": "null",
                "src_parent_type": "Invocation",
                "dst_parent_type": "null",
                "src_parent": "java.util.concurrent.Executors.newSingleThreadExecutor(consumerThreadFactory).submit(this::consume)",
                "dst_parent": "null"
              },
              "line": 85,
              "file": "/home/khesoem/projects/lighter/exp/log-replication/src/main/java/org/corfudb/logreplication/fsm/LogReplicationFSM.java",
              "stats": {
                "number_of_src_entities": 15,
                "number_of_dst_entities": -1,
                "src_entity_types": "[java.util.concurrent.ThreadFactory, java.util.concurrent.Executors]",
                "dst_entity_types": "[]"
              }
            }
          ]
        },
        {
          "tool-name": "Arja",
          "pattern-name": "Arja:arja_shallow_change",
          "Unified_Diff_of-files:": "Starts Below...",
          "CHANGE_old:": "",
          "CHANGE_new:": "        //return  txMessage;",
          "instance_detail": [
            {
              "pattern_action": "ANY",
              "pattern_entity": {
                "entity_type": "Statement",
                "entity_new value": "*",
                "entity_role": "*",
                "entity_parent": "null"
              },
              "concrete_change": {
                "operator": "DEL",
                "src_type": "ConstructorCall",
                "dst_type": "null",
                "src": "new com.google.common.util.concurrent.ThreadFactoryBuilder()",
                "dst": "null",
                "src_parent_type": "Invocation",
                "dst_parent_type": "null",
                "src_parent": "new com.google.common.util.concurrent.ThreadFactoryBuilder().setNameFormat(\"replication-fsm-consumer\")",
                "dst_parent": "null"
              },
              "line": 117,
              "file": "/home/khesoem/projects/lighter/exp/log-replication/src/main/java/org/corfudb/logreplication/fsm/LogReplicationFSM.java"
            }
          ]
        },
        {
          "tool-name": "Arja",
          "pattern-name": "Arja:arja_shallow_change",
          "Unified_Diff_of-files:": "Starts Below...",
          "CHANGE_old:": "",
          "CHANGE_new:": "        //return  txMessage;",
          "instance_detail": [
            {
              "pattern_action": "ANY",
              "pattern_entity": {
                "entity_type": "Statement",
                "entity_new value": "*",
                "entity_role": "*",
                "entity_parent": "null"
              },
              "concrete_change": {
                "operator": "DEL",
                "src_type": "Invocation",
                "dst_type": "null",
                "src": "new com.google.common.util.concurrent.ThreadFactoryBuilder().setNameFormat(\"replication-fsm-consumer\")",
                "dst": "null",
                "src_parent_type": "Invocation",
                "dst_parent_type": "null",
                "src_parent": "new com.google.common.util.concurrent.ThreadFactoryBuilder().setNameFormat(\"replication-fsm-consumer\").build()",
                "dst_parent": "null"
              },
              "line": 117,
              "file": "/home/khesoem/projects/lighter/exp/log-replication/src/main/java/org/corfudb/logreplication/fsm/LogReplicationFSM.java"
            }
          ]
        },
        {
          "tool-name": "Arja",
          "pattern-name": "Arja:arja_shallow_change",
          "Unified_Diff_of-files:": "Starts Below...",
          "CHANGE_old:": "",
          "CHANGE_new:": "        //return  txMessage;",
          "instance_detail": [
            {
              "pattern_action": "ANY",
              "pattern_entity": {
                "entity_type": "Statement",
                "entity_new value": "*",
                "entity_role": "*",
                "entity_parent": "null"
              },
              "concrete_change": {
                "operator": "DEL",
                "src_type": "Invocation",
                "dst_type": "null",
                "src": "new com.google.common.util.concurrent.ThreadFactoryBuilder().setNameFormat(\"replication-fsm-consumer\").build()",
                "dst": "null",
                "src_parent_type": "LocalVariable",
                "dst_parent_type": "null",
                "src_parent": "java.util.concurrent.ThreadFactory consumerThreadFactory \u003d new com.google.common.util.concurrent.ThreadFactoryBuilder().setNameFormat(\"replication-fsm-consumer\").build()",
                "dst_parent": "null"
              },
              "line": 117,
              "file": "/home/khesoem/projects/lighter/exp/log-replication/src/main/java/org/corfudb/logreplication/fsm/LogReplicationFSM.java"
            }
          ]
        },
        {
          "tool-name": "Arja",
          "pattern-name": "Arja:arja_shallow_change",
          "Unified_Diff_of-files:": "Starts Below...",
          "CHANGE_old:": "",
          "CHANGE_new:": "        //return  txMessage;",
          "instance_detail": [
            {
              "pattern_action": "ANY",
              "pattern_entity": {
                "entity_type": "Statement",
                "entity_new value": "*",
                "entity_role": "*",
                "entity_parent": "null"
              },
              "concrete_change": {
                "operator": "DEL",
                "src_type": "LocalVariable",
                "dst_type": "null",
                "src": "java.util.concurrent.ThreadFactory consumerThreadFactory \u003d new com.google.common.util.concurrent.ThreadFactoryBuilder().setNameFormat(\"replication-fsm-consumer\").build()",
                "dst": "null",
                "src_parent_type": "Block",
                "dst_parent_type": "null",
                "src_parent": "{\n    org.corfudb.logreplication.transmitter.SnapshotTransmitter snapshotTransmitter \u003d new org.corfudb.logreplication.transmitter.SnapshotTransmitter(runtime, snapshotReader, snapshotListener, this);\n    org.corfudb.logreplication.transmitter.LogEntryTransmitter logEntryTransmitter \u003d new org.corfudb.logreplication.transmitter.LogEntryTransmitter(runtime, logEntryReader, logEntryListener);\n    initializeStates(snapshotTransmitter, logEntryTransmitter);\n    this.state \u003d states.get(LogReplicationStateType.INITIALIZED);\n    this.stateMachineWorker \u003d workers;\n    java.util.concurrent.ThreadFactory consumerThreadFactory \u003d new com.google.common.util.concurrent.ThreadFactoryBuilder().setNameFormat(\"replication-fsm-consumer\").build();\n    java.util.concurrent.Executors.newSingleThreadExecutor(consumerThreadFactory).submit(this::consume);\n}",
                "dst_parent": "null"
              },
              "line": 116,
              "file": "/home/khesoem/projects/lighter/exp/log-replication/src/main/java/org/corfudb/logreplication/fsm/LogReplicationFSM.java",
              "stats": {
                "number_of_src_entities": 26,
                "number_of_dst_entities": -1,
                "src_entity_types": "[java.util.concurrent.ThreadFactory, java.lang.String, com.google.common.util.concurrent.ThreadFactoryBuilder]",
                "dst_entity_types": "[]"
              }
            }
          ]
        },
        {
          "tool-name": "Arja",
          "pattern-name": "Arja:arja_shallow_change",
          "Unified_Diff_of-files:": "Starts Below...",
          "CHANGE_old:": "",
          "CHANGE_new:": "        //return  txMessage;",
          "instance_detail": [
            {
              "pattern_action": "ANY",
              "pattern_entity": {
                "entity_type": "Statement",
                "entity_new value": "*",
                "entity_role": "*",
                "entity_parent": "null"
              },
              "concrete_change": {
                "operator": "DEL",
                "src_type": "Invocation",
                "dst_type": "null",
                "src": "java.util.concurrent.Executors.newSingleThreadExecutor(consumerThreadFactory)",
                "dst": "null",
                "src_parent_type": "Invocation",
                "dst_parent_type": "null",
                "src_parent": "java.util.concurrent.Executors.newSingleThreadExecutor(consumerThreadFactory).submit(this::consume)",
                "dst_parent": "null"
              },
              "line": 118,
              "file": "/home/khesoem/projects/lighter/exp/log-replication/src/main/java/org/corfudb/logreplication/fsm/LogReplicationFSM.java",
              "stats": {
                "number_of_src_entities": 15,
                "number_of_dst_entities": -1,
                "src_entity_types": "[java.util.concurrent.ThreadFactory, java.util.concurrent.Executors]",
                "dst_entity_types": "[]"
              }
            }
          ]
        }
      ]
    },
    {
      "revision": "9439dc4fff762b2074aa8d4d0f45c617a2acb118",
      "repairability": [
        {
          "tool-name": "Arja",
          "pattern-name": "Arja:arja_shallow_change",
          "Unified_Diff_of-files:": "Starts Below...",
          "CHANGE_old:": "",
          "CHANGE_new:": "        //return  txMessage;",
          "instance_detail": [
            {
              "pattern_action": "ANY",
              "pattern_entity": {
                "entity_type": "Statement",
                "entity_new value": "*",
                "entity_role": "*",
                "entity_parent": "null"
              },
              "concrete_change": {
                "operator": "DEL",
                "src_type": "Assignment",
                "dst_type": "null",
                "src": "this.streamsToReplicate \u003d streamsToReplicate",
                "dst": "null",
                "src_parent_type": "Block",
                "dst_parent_type": "null",
                "src_parent": "{\n    this.streamsToReplicate \u003d streamsToReplicate;\n    this.remoteSiteID \u003d remoteSiteID;\n    this.logReplicationFSMNumWorkers \u003d logReplicationFSMNumWorkers;\n}",
                "dst_parent": "null"
              },
              "line": 48,
              "file": "/home/khesoem/projects/lighter/exp/log-replication/src/main/java/org/corfudb/logreplication/fsm/LogReplicationConfig.java"
            }
          ]
        },
        {
          "tool-name": "Arja",
          "pattern-name": "Arja:arja_shallow_change",
          "Unified_Diff_of-files:": "Starts Below...",
          "CHANGE_old:": "",
          "CHANGE_new:": "        //return  txMessage;",
          "instance_detail": [
            {
              "pattern_action": "ANY",
              "pattern_entity": {
                "entity_type": "Statement",
                "entity_new value": "*",
                "entity_role": "*",
                "entity_parent": "null"
              },
              "concrete_change": {
                "operator": "DEL",
                "src_type": "Assignment",
                "dst_type": "null",
                "src": "this.remoteSiteID \u003d remoteSiteID",
                "dst": "null",
                "src_parent_type": "Block",
                "dst_parent_type": "null",
                "src_parent": "{\n    this.streamsToReplicate \u003d streamsToReplicate;\n    this.remoteSiteID \u003d remoteSiteID;\n    this.logReplicationFSMNumWorkers \u003d logReplicationFSMNumWorkers;\n}",
                "dst_parent": "null"
              },
              "line": 49,
              "file": "/home/khesoem/projects/lighter/exp/log-replication/src/main/java/org/corfudb/logreplication/fsm/LogReplicationConfig.java"
            }
          ]
        },
        {
          "tool-name": "Arja",
          "pattern-name": "Arja:arja_shallow_change",
          "Unified_Diff_of-files:": "Starts Below...",
          "CHANGE_old:": "",
          "CHANGE_new:": "        //return  txMessage;",
          "instance_detail": [
            {
              "pattern_action": "ANY",
              "pattern_entity": {
                "entity_type": "Statement",
                "entity_new value": "*",
                "entity_role": "*",
                "entity_parent": "null"
              },
              "concrete_change": {
                "operator": "DEL",
                "src_type": "Assignment",
                "dst_type": "null",
                "src": "this.logReplicationFSMNumWorkers \u003d logReplicationFSMNumWorkers",
                "dst": "null",
                "src_parent_type": "Block",
                "dst_parent_type": "null",
                "src_parent": "{\n    this.streamsToReplicate \u003d streamsToReplicate;\n    this.remoteSiteID \u003d remoteSiteID;\n    this.logReplicationFSMNumWorkers \u003d logReplicationFSMNumWorkers;\n}",
                "dst_parent": "null"
              },
              "line": 50,
              "file": "/home/khesoem/projects/lighter/exp/log-replication/src/main/java/org/corfudb/logreplication/fsm/LogReplicationConfig.java"
            }
          ]
        }
      ]
    },
    {
      "revision": "9439dc4fff762b2074aa8d4d0f45c617a2acb118",
      "repairability": [
        {
          "tool-name": "Arja",
          "pattern-name": "Arja:arja_shallow_change",
          "Unified_Diff_of-files:": "Starts Below...",
          "CHANGE_old:": "",
          "CHANGE_new:": "        //return  txMessage;",
          "instance_detail": [
            {
              "pattern_action": "ANY",
              "pattern_entity": {
                "entity_type": "Statement",
                "entity_new value": "*",
                "entity_role": "*",
                "entity_parent": "null"
              },
              "concrete_change": {
                "operator": "DEL",
                "src_type": "Invocation",
                "dst_type": "null",
                "src": "config.getLogReplicationFSMNumWorkers()",
                "dst": "null",
                "src_parent_type": "Invocation",
                "dst_parent_type": "null",
                "src_parent": "java.util.concurrent.Executors.newFixedThreadPool(config.getLogReplicationFSMNumWorkers(), new com.google.common.util.concurrent.ThreadFactoryBuilder().setNameFormat(\"state-machine-worker-%d\").build())",
                "dst_parent": "null"
              },
              "line": 43,
              "file": "/home/khesoem/projects/lighter/exp/log-replication/src/main/java/org/corfudb/logreplication/transmitter/ReplicationTxManager.java",
              "stats": {
                "number_of_src_entities": 8,
                "number_of_dst_entities": -1,
                "src_entity_types": "[org.corfudb.logreplication.fsm.LogReplicationConfig]",
                "dst_entity_types": "[]"
              }
            }
          ]
        }
      ]
    },
    {
      "revision": "9439dc4fff762b2074aa8d4d0f45c617a2acb118",
      "repairability": [
        {
          "tool-name": "Arja",
          "pattern-name": "Arja:arja_shallow_change",
          "Unified_Diff_of-files:": "Starts Below...",
          "CHANGE_old:": "",
          "CHANGE_new:": "        //return  txMessage;",
          "instance_detail": [
            {
              "pattern_action": "ANY",
              "pattern_entity": {
                "entity_type": "Statement",
                "entity_new value": "*",
                "entity_role": "*",
                "entity_parent": "null"
              },
              "concrete_change": {
                "operator": "DEL",
                "src_type": "ConstructorCall",
                "dst_type": "null",
                "src": "new org.corfudb.logreplication.transmitter.TxMessage(MSG_TYPE, currentMsgTs, preMsgTs, globalBaseSnapshot)",
                "dst": "null",
                "src_parent_type": "LocalVariable",
                "dst_parent_type": "null",
                "src_parent": "org.corfudb.logreplication.transmitter.TxMessage txMessage \u003d new org.corfudb.logreplication.transmitter.TxMessage(MSG_TYPE, currentMsgTs, preMsgTs, globalBaseSnapshot)",
                "dst_parent": "null"
              },
              "line": 45,
              "file": "/home/khesoem/projects/lighter/exp/log-replication/src/main/java/org/corfudb/logreplication/transmitter/StreamsLogEntryReader.java"
            }
          ]
        },
        {
          "tool-name": "Arja",
          "pattern-name": "Arja:arja_shallow_change",
          "Unified_Diff_of-files:": "Starts Below...",
          "CHANGE_old:": "",
          "CHANGE_new:": "        //return  txMessage;",
          "instance_detail": [
            {
              "pattern_action": "ANY",
              "pattern_entity": {
                "entity_type": "Statement",
                "entity_new value": "*",
                "entity_role": "*",
                "entity_parent": "null"
              },
              "concrete_change": {
                "operator": "DEL",
                "src_type": "LocalVariable",
                "dst_type": "null",
                "src": "org.corfudb.logreplication.transmitter.TxMessage txMessage \u003d new org.corfudb.logreplication.transmitter.TxMessage(MSG_TYPE, currentMsgTs, preMsgTs, globalBaseSnapshot)",
                "dst": "null",
                "src_parent_type": "Block",
                "dst_parent_type": "null",
                "src_parent": "{\n    currentMsgTs \u003d entry.getGlobalAddress();\n    org.corfudb.logreplication.transmitter.TxMessage txMessage \u003d new org.corfudb.logreplication.transmitter.TxMessage(MSG_TYPE, currentMsgTs, preMsgTs, globalBaseSnapshot);\n    preMsgTs \u003d currentMsgTs;\n    return txMessage;\n}",
                "dst_parent": "null"
              },
              "line": 45,
              "file": "/home/khesoem/projects/lighter/exp/log-replication/src/main/java/org/corfudb/logreplication/transmitter/StreamsLogEntryReader.java",
              "stats": {
                "number_of_src_entities": 54,
                "number_of_dst_entities": -1,
                "src_entity_types": "[org.corfudb.logreplication.transmitter.TxMessage, java.lang.Object, org.corfudb.logreplication.transmitter.StreamsLogEntryReader]",
                "dst_entity_types": "[]"
              }
            }
          ]
        }
      ]
    }
  ],
  "complete_analysis": true
}