{
  "instances": [
    {
      "revision": "eb8bd5274619d55e29d3daf32684a6f752f1934f",
      "repairability": [
        {
          "tool-name": "Arja",
          "pattern-name": "Arja:arja_shallow_change",
          "Unified_Diff_of-files:": "Starts Below...",
          "INSERT:": "",
          "instance_detail": [
            {
              "pattern_action": "ANY",
              "pattern_entity": {
                "entity_type": "Statement",
                "entity_new value": "*",
                "entity_role": "*",
                "entity_parent": "null"
              },
              "concrete_change": {
                "operator": "DEL",
                "src_type": "Invocation",
                "dst_type": "null",
                "src": "streamUpdates.entrySet().stream().forEach(( x) -\u003e {\n    b.writeLong(x.getKey().getMostSignificantBits());\n    b.writeLong(x.getKey().getLeastSignificantBits());\n    Serializers.CORFU.serialize(x.getValue(), b);\n})",
                "dst": "null",
                "src_parent_type": "Block",
                "dst_parent_type": "null",
                "src_parent": "{\n    super.serialize(b);\n    b.writeInt(streamUpdates.size());\n    streamUpdates.entrySet().stream().forEach(( x) -\u003e {\n        b.writeLong(x.getKey().getMostSignificantBits());\n        b.writeLong(x.getKey().getLeastSignificantBits());\n        Serializers.CORFU.serialize(x.getValue(), b);\n    });\n}",
                "dst_parent": "null"
              },
              "line": 112,
              "file": "/home/khesoem/projects/lighter/exp/runtime/src/main/java/org/corfudb/protocols/logprotocol/MultiObjectSMREntry.java",
              "stats": {
                "number_of_src_entities": 73,
                "number_of_dst_entities": -1,
                "src_entity_types": "[org.corfudb.protocols.logprotocol.b, Serializers.CORFU, org.corfudb.protocols.logprotocol.MultiObjectSMREntry, org.corfudb.protocols.logprotocol.MultiSMREntry, org.corfudb.protocols.logprotocol.x, java.util.UUID, java.util.Map\u003cjava.util.UUID, org.corfudb.protocols.logprotocol.MultiSMREntry\u003e]",
                "dst_entity_types": "[]"
              }
            }
          ]
        }
      ]
    }
  ],
  "complete_analysis": true
}