{
  "instances": [
    {
      "revision": "90581a94b99945e19abe6b8189020ee31fcc922f",
      "repairability": [
        {
          "tool-name": "Cardumen",
          "pattern-name": "Cardumen:expression_replacement_by_upd",
          "Unified_Diff_of-files:": "Starts Below...",
          "CHANGE_old:": "                        } catch (NoClassDefFoundError err) {",
          "CHANGE_new:": "",
          "instance_detail": [
            {
              "pattern_action": "UPD",
              "pattern_entity": {
                "entity_type": "Expression",
                "entity_new value": "*",
                "entity_role": "*",
                "entity_parent": "null"
              },
              "concrete_change": {
                "operator": "UPD",
                "src_type": "ConstructorCall",
                "dst_type": "ConstructorCall",
                "src": "new java.io.InputStreamReader(inStream, \"UTF-8\")",
                "dst": "new java.io.InputStreamReader(inStream, java.nio.charset.StandardCharsets.UTF_8)",
                "src_parent_type": "ConstructorCall",
                "dst_parent_type": "ConstructorCall",
                "src_parent": "new java.io.BufferedReader(new java.io.InputStreamReader(inStream, \"UTF-8\"))",
                "dst_parent": "new java.io.BufferedReader(new java.io.InputStreamReader(inStream, java.nio.charset.StandardCharsets.UTF_8))"
              },
              "line": 194,
              "file": "/home/khesoem/projects/lighter/exp/code/core/src/main/java/org/apache/tamaya/core/internal/OSGIServiceLoader.java",
              "stats": {
                "number_of_src_entities": 17,
                "number_of_dst_entities": 23,
                "src_entity_types": "[java.io.InputStreamReader, java.io.InputStream, java.lang.String]",
                "dst_entity_types": "[java.io.InputStreamReader, java.io.InputStream, java.nio.charset.StandardCharsets]"
              }
            }
          ]
        }
      ]
    }
  ],
  "complete_analysis": true
}