{
  "instances": [
    {
      "revision": "c1db0e11a5b1a146e78bbf011fb10afaf6a866e0",
      "repairability": [
        {
          "tool-name": "Cardumen",
          "pattern-name": "Cardumen:expression_replacement_by_upd",
          "Unified_Diff_of-files:": "Starts Below...",
          "CHANGE_old:": "        this.siteEpoch \u003d siteEpoch;",
          "CHANGE_new:": "        this.topologyConfigId \u003d topologyConfigId;",
          "instance_detail": [
            {
              "pattern_action": "UPD",
              "pattern_entity": {
                "entity_type": "Expression",
                "entity_new value": "*",
                "entity_role": "*",
                "entity_parent": "null"
              },
              "concrete_change": {
                "operator": "UPD",
                "src_type": "VariableRead",
                "dst_type": "VariableRead",
                "src": "siteInfo",
                "dst": "cluster",
                "src_parent_type": "Invocation",
                "dst_parent_type": "Invocation",
                "src_parent": "standbyClusters.put(siteInfo.getClusterId(), siteInfo)",
                "dst_parent": "standbyClusters.put(cluster.getClusterId(), cluster)"
              },
              "line": 72,
              "file": "/home/khesoem/projects/lighter/exp/infrastructure/src/main/java/org/corfudb/infrastructure/logreplication/infrastructure/TopologyDescriptor.java",
              "stats": {
                "number_of_src_entities": 4,
                "number_of_dst_entities": 4,
                "src_entity_types": "[org.corfudb.infrastructure.logreplication.infrastructure.ClusterDescriptor]",
                "dst_entity_types": "[org.corfudb.infrastructure.logreplication.infrastructure.ClusterDescriptor]"
              }
            }
          ]
        },
        {
          "tool-name": "Cardumen",
          "pattern-name": "Cardumen:expression_replacement_by_upd",
          "Unified_Diff_of-files:": "Starts Below...",
          "CHANGE_old:": "        this.siteEpoch \u003d siteEpoch;",
          "CHANGE_new:": "        this.topologyConfigId \u003d topologyConfigId;",
          "instance_detail": [
            {
              "pattern_action": "UPD",
              "pattern_entity": {
                "entity_type": "Expression",
                "entity_new value": "*",
                "entity_role": "*",
                "entity_parent": "null"
              },
              "concrete_change": {
                "operator": "UPD",
                "src_type": "VariableRead",
                "dst_type": "VariableRead",
                "src": "siteInfo",
                "dst": "cluster",
                "src_parent_type": "Invocation",
                "dst_parent_type": "Invocation",
                "src_parent": "siteInfo.getClusterId()",
                "dst_parent": "cluster.getClusterId()"
              },
              "line": 72,
              "file": "/home/khesoem/projects/lighter/exp/infrastructure/src/main/java/org/corfudb/infrastructure/logreplication/infrastructure/TopologyDescriptor.java",
              "stats": {
                "number_of_src_entities": 4,
                "number_of_dst_entities": 4,
                "src_entity_types": "[org.corfudb.infrastructure.logreplication.infrastructure.ClusterDescriptor]",
                "dst_entity_types": "[org.corfudb.infrastructure.logreplication.infrastructure.ClusterDescriptor]"
              }
            }
          ]
        }
      ]
    },
    {
      "revision": "c1db0e11a5b1a146e78bbf011fb10afaf6a866e0",
      "repairability": [
        {
          "tool-name": "Cardumen",
          "pattern-name": "Cardumen:expression_replacement_by_upd",
          "Unified_Diff_of-files:": "Starts Below...",
          "CHANGE_old:": "        this.siteEpoch \u003d siteEpoch;",
          "CHANGE_new:": "        this.topologyConfigId \u003d topologyConfigId;",
          "instance_detail": [
            {
              "pattern_action": "UPD",
              "pattern_entity": {
                "entity_type": "Expression",
                "entity_new value": "*",
                "entity_role": "*",
                "entity_parent": "null"
              },
              "concrete_change": {
                "operator": "UPD",
                "src_type": "FieldWrite",
                "dst_type": "FieldWrite",
                "src": "this.siteConfigID",
                "dst": "this.topologyConfigId",
                "src_parent_type": "Assignment",
                "dst_parent_type": "Assignment",
                "src_parent": "this.siteConfigID \u003d siteConfigID",
                "dst_parent": "this.topologyConfigId \u003d topologyConfigId"
              },
              "line": 353,
              "file": "/home/khesoem/projects/lighter/exp/infrastructure/src/main/java/org/corfudb/infrastructure/logreplication/replication/fsm/LogReplicationFSM.java",
              "stats": {
                "number_of_src_entities": 11,
                "number_of_dst_entities": 11,
                "src_entity_types": "[org.corfudb.infrastructure.logreplication.replication.fsm.LogReplicationFSM]",
                "dst_entity_types": "[org.corfudb.infrastructure.logreplication.replication.fsm.LogReplicationFSM]"
              }
            }
          ]
        },
        {
          "tool-name": "Cardumen",
          "pattern-name": "Cardumen:expression_replacement_by_upd",
          "Unified_Diff_of-files:": "Starts Below...",
          "CHANGE_old:": "        this.siteEpoch \u003d siteEpoch;",
          "CHANGE_new:": "        this.topologyConfigId \u003d topologyConfigId;",
          "instance_detail": [
            {
              "pattern_action": "UPD",
              "pattern_entity": {
                "entity_type": "Expression",
                "entity_new value": "*",
                "entity_role": "*",
                "entity_parent": "null"
              },
              "concrete_change": {
                "operator": "UPD",
                "src_type": "VariableRead",
                "dst_type": "VariableRead",
                "src": "siteConfigID",
                "dst": "topologyConfigId",
                "src_parent_type": "Assignment",
                "dst_parent_type": "Assignment",
                "src_parent": "this.siteConfigID \u003d siteConfigID",
                "dst_parent": "this.topologyConfigId \u003d topologyConfigId"
              },
              "line": 353,
              "file": "/home/khesoem/projects/lighter/exp/infrastructure/src/main/java/org/corfudb/infrastructure/logreplication/replication/fsm/LogReplicationFSM.java",
              "stats": {
                "number_of_src_entities": 3,
                "number_of_dst_entities": 3,
                "src_entity_types": "[long]",
                "dst_entity_types": "[long]"
              }
            }
          ]
        },
        {
          "tool-name": "Cardumen",
          "pattern-name": "Cardumen:expression_replacement_by_upd",
          "Unified_Diff_of-files:": "Starts Below...",
          "CHANGE_old:": "        this.siteEpoch \u003d siteEpoch;",
          "CHANGE_new:": "        this.topologyConfigId \u003d topologyConfigId;",
          "instance_detail": [
            {
              "pattern_action": "UPD",
              "pattern_entity": {
                "entity_type": "Expression",
                "entity_new value": "*",
                "entity_role": "*",
                "entity_parent": "null"
              },
              "concrete_change": {
                "operator": "UPD",
                "src_type": "VariableRead",
                "dst_type": "VariableRead",
                "src": "siteConfigID",
                "dst": "topologyConfigId",
                "src_parent_type": "Invocation",
                "dst_parent_type": "Invocation",
                "src_parent": "snapshotReader.setSiteEpoch(siteConfigID)",
                "dst_parent": "snapshotReader.setTopologyConfigId(topologyConfigId)"
              },
              "line": 354,
              "file": "/home/khesoem/projects/lighter/exp/infrastructure/src/main/java/org/corfudb/infrastructure/logreplication/replication/fsm/LogReplicationFSM.java",
              "stats": {
                "number_of_src_entities": 3,
                "number_of_dst_entities": 3,
                "src_entity_types": "[long]",
                "dst_entity_types": "[long]"
              }
            }
          ]
        },
        {
          "tool-name": "Cardumen",
          "pattern-name": "Cardumen:expression_replacement_by_upd",
          "Unified_Diff_of-files:": "Starts Below...",
          "CHANGE_old:": "        this.siteEpoch \u003d siteEpoch;",
          "CHANGE_new:": "        this.topologyConfigId \u003d topologyConfigId;",
          "instance_detail": [
            {
              "pattern_action": "UPD",
              "pattern_entity": {
                "entity_type": "Expression",
                "entity_new value": "*",
                "entity_role": "*",
                "entity_parent": "null"
              },
              "concrete_change": {
                "operator": "UPD",
                "src_type": "VariableRead",
                "dst_type": "VariableRead",
                "src": "siteConfigID",
                "dst": "topologyConfigId",
                "src_parent_type": "Invocation",
                "dst_parent_type": "Invocation",
                "src_parent": "logEntryReader.setSiteConfigID(siteConfigID)",
                "dst_parent": "logEntryReader.setTopologyConfigId(topologyConfigId)"
              },
              "line": 355,
              "file": "/home/khesoem/projects/lighter/exp/infrastructure/src/main/java/org/corfudb/infrastructure/logreplication/replication/fsm/LogReplicationFSM.java",
              "stats": {
                "number_of_src_entities": 3,
                "number_of_dst_entities": 3,
                "src_entity_types": "[long]",
                "dst_entity_types": "[long]"
              }
            }
          ]
        }
      ]
    },
    {
      "revision": "c1db0e11a5b1a146e78bbf011fb10afaf6a866e0",
      "repairability": [
        {
          "tool-name": "Cardumen",
          "pattern-name": "Cardumen:expression_replacement_by_upd",
          "Unified_Diff_of-files:": "Starts Below...",
          "CHANGE_old:": "        this.siteEpoch \u003d siteEpoch;",
          "CHANGE_new:": "        this.topologyConfigId \u003d topologyConfigId;",
          "instance_detail": [
            {
              "pattern_action": "UPD",
              "pattern_entity": {
                "entity_type": "Expression",
                "entity_new value": "*",
                "entity_role": "*",
                "entity_parent": "null"
              },
              "concrete_change": {
                "operator": "UPD",
                "src_type": "VariableRead",
                "dst_type": "VariableRead",
                "src": "siteId",
                "dst": "clusterId",
                "src_parent_type": "Assignment",
                "dst_parent_type": "Assignment",
                "src_parent": "this.clusterId \u003d siteId",
                "dst_parent": "this.clusterId \u003d clusterId"
              },
              "line": 58,
              "file": "/home/khesoem/projects/lighter/exp/infrastructure/src/main/java/org/corfudb/infrastructure/logreplication/infrastructure/ClusterDescriptor.java",
              "stats": {
                "number_of_src_entities": 4,
                "number_of_dst_entities": 4,
                "src_entity_types": "[java.lang.String]",
                "dst_entity_types": "[java.lang.String]"
              }
            }
          ]
        }
      ]
    },
    {
      "revision": "c1db0e11a5b1a146e78bbf011fb10afaf6a866e0",
      "repairability": [
        {
          "tool-name": "Cardumen",
          "pattern-name": "Cardumen:expression_replacement_by_upd",
          "Unified_Diff_of-files:": "Starts Below...",
          "CHANGE_old:": "        this.siteEpoch \u003d siteEpoch;",
          "CHANGE_new:": "        this.topologyConfigId \u003d topologyConfigId;",
          "instance_detail": [
            {
              "pattern_action": "UPD",
              "pattern_entity": {
                "entity_type": "Expression",
                "entity_new value": "*",
                "entity_role": "*",
                "entity_parent": "null"
              },
              "concrete_change": {
                "operator": "UPD",
                "src_type": "FieldRead",
                "dst_type": "FieldRead",
                "src": "roleType",
                "dst": "nodeId",
                "src_parent_type": "Invocation",
                "dst_parent_type": "Invocation",
                "src_parent": "java.lang.String.format(\"Role Type: %s, %s\", roleType, getEndpoint())",
                "dst_parent": "java.lang.String.format(\"Node: %s, %s\", nodeId, getEndpoint())"
              },
              "line": 57,
              "file": "/home/khesoem/projects/lighter/exp/infrastructure/src/main/java/org/corfudb/infrastructure/logreplication/infrastructure/NodeDescriptor.java",
              "stats": {
                "number_of_src_entities": 12,
                "number_of_dst_entities": 12,
                "src_entity_types": "[org.corfudb.infrastructure.logreplication.infrastructure.NodeDescriptor]",
                "dst_entity_types": "[org.corfudb.infrastructure.logreplication.infrastructure.NodeDescriptor]"
              }
            }
          ]
        }
      ]
    },
    {
      "revision": "c1db0e11a5b1a146e78bbf011fb10afaf6a866e0",
      "repairability": [
        {
          "tool-name": "Cardumen",
          "pattern-name": "Cardumen:expression_replacement_by_upd",
          "Unified_Diff_of-files:": "Starts Below...",
          "CHANGE_old:": "        this.siteEpoch \u003d siteEpoch;",
          "CHANGE_new:": "        this.topologyConfigId \u003d topologyConfigId;",
          "instance_detail": [
            {
              "pattern_action": "UPD",
              "pattern_entity": {
                "entity_type": "Expression",
                "entity_new value": "*",
                "entity_role": "*",
                "entity_parent": "null"
              },
              "concrete_change": {
                "operator": "UPD",
                "src_type": "VariableRead",
                "dst_type": "VariableRead",
                "src": "siteID",
                "dst": "clusterId",
                "src_parent_type": "Invocation",
                "dst_parent_type": "Invocation",
                "src_parent": "stopLogReplicationRuntime(siteID)",
                "dst_parent": "stopLogReplicationRuntime(clusterId)"
              },
              "line": 202,
              "file": "/home/khesoem/projects/lighter/exp/infrastructure/src/main/java/org/corfudb/infrastructure/logreplication/infrastructure/CorfuReplicationManager.java",
              "stats": {
                "number_of_src_entities": 4,
                "number_of_dst_entities": 4,
                "src_entity_types": "[java.lang.String]",
                "dst_entity_types": "[java.lang.String]"
              }
            }
          ]
        },
        {
          "tool-name": "Cardumen",
          "pattern-name": "Cardumen:expression_replacement_by_upd",
          "Unified_Diff_of-files:": "Starts Below...",
          "CHANGE_old:": "        this.siteEpoch \u003d siteEpoch;",
          "CHANGE_new:": "        this.topologyConfigId \u003d topologyConfigId;",
          "instance_detail": [
            {
              "pattern_action": "UPD",
              "pattern_entity": {
                "entity_type": "Expression",
                "entity_new value": "*",
                "entity_role": "*",
                "entity_parent": "null"
              },
              "concrete_change": {
                "operator": "UPD",
                "src_type": "VariableRead",
                "dst_type": "VariableRead",
                "src": "siteID",
                "dst": "clusterId",
                "src_parent_type": "Invocation",
                "dst_parent_type": "Invocation",
                "src_parent": "topology.removeStandbySite(siteID)",
                "dst_parent": "topology.removeStandbyCluster(clusterId)"
              },
              "line": 203,
              "file": "/home/khesoem/projects/lighter/exp/infrastructure/src/main/java/org/corfudb/infrastructure/logreplication/infrastructure/CorfuReplicationManager.java",
              "stats": {
                "number_of_src_entities": 4,
                "number_of_dst_entities": 4,
                "src_entity_types": "[java.lang.String]",
                "dst_entity_types": "[java.lang.String]"
              }
            }
          ]
        }
      ]
    }
  ],
  "complete_analysis": true
}