{
  "instances": [
    {
      "revision": "28b3deec593b4fea37dc0f9a0355d54cd649e927",
      "repairability": [
        {
          "tool-name": "JGenProg",
          "pattern-name": "JGenProg:any_statement_shallow",
          "Unified_Diff_of-files:": "Starts Below...",
          "CHANGE_old:": "        return new Date(currentTimeMillis + deltaMillis);",
          "CHANGE_new:": "        return new Date(currentTimeMillis() + deltaMillis);",
          "DELETE:": "        long currentTimeMillis \u003d NANOSECONDS.toMillis(currentTimeNanos());",
          "instance_detail": [
            {
              "pattern_action": "ANY",
              "pattern_entity": {
                "entity_type": "*",
                "entity_new value": "*",
                "entity_role": "Statement",
                "entity_parent": "null"
              },
              "concrete_change": {
                "operator": "DEL",
                "src_type": "LocalVariable",
                "dst_type": "null",
                "src": "long currentTimeMillis \u003d java.util.concurrent.TimeUnit.NANOSECONDS.toMillis(currentTimeNanos())",
                "dst": "null",
                "src_parent_type": "Block",
                "dst_parent_type": "null",
                "src_parent": "{\n    long currentTimeMillis \u003d java.util.concurrent.TimeUnit.NANOSECONDS.toMillis(currentTimeNanos());\n    long deltaMillis \u003d java.util.concurrent.TimeUnit.SECONDS.toMillis(java.lang.Long.parseLong(retryAfter));\n    return new java.util.Date((currentTimeMillis + deltaMillis));\n}",
                "dst_parent": "null"
              },
              "line": 131,
              "file": "/home/khesoem/projects/lighter/exp/core/src/main/java/feign/codec/ErrorDecoder.java",
              "stats": {
                "number_of_src_entities": 31,
                "number_of_dst_entities": -1,
                "src_entity_types": "[feign.codec.ErrorDecoder.RetryAfterDecoder, java.util.concurrent.TimeUnit, feign.codec.ErrorDecoder, long]",
                "dst_entity_types": "[]"
              }
            }
          ]
        }
      ]
    }
  ],
  "complete_analysis": true
}