{
  "instances": [
    {
      "revision": "17cb5784249ec2e794e63eb443772f950f31f593",
      "repairability": [
        {
          "tool-name": "JGenProg",
          "pattern-name": "JGenProg:any_statement_shallow",
          "Unified_Diff_of-files:": "Starts Below...",
          "CHANGE_old:": "    this.headers \u003d Collections.unmodifiableMap(copyOf);",
          "CHANGE_new:": "",
          "INSERT:": "}",
          "instance_detail": [
            {
              "pattern_action": "ANY",
              "pattern_entity": {
                "entity_type": "*",
                "entity_new value": "*",
                "entity_role": "Statement",
                "entity_parent": "null"
              },
              "concrete_change": {
                "operator": "DEL",
                "src_type": "LocalVariable",
                "dst_type": "null",
                "src": "java.util.LinkedHashMap\u003cjava.lang.String, java.util.Collection\u003cjava.lang.String\u003e\u003e copyOf \u003d new java.util.LinkedHashMap\u003cjava.lang.String, java.util.Collection\u003cjava.lang.String\u003e\u003e()",
                "dst": "null",
                "src_parent_type": "Block",
                "dst_parent_type": "null",
                "src_parent": "{\n    feign.Util.checkState((status \u003e\u003d 200), \"Invalid status code: %s\", status);\n    this.status \u003d status;\n    this.reason \u003d reason;\n    java.util.LinkedHashMap\u003cjava.lang.String, java.util.Collection\u003cjava.lang.String\u003e\u003e copyOf \u003d new java.util.LinkedHashMap\u003cjava.lang.String, java.util.Collection\u003cjava.lang.String\u003e\u003e();\n    copyOf.putAll(feign.Util.checkNotNull(headers, \"headers\"));\n    this.headers \u003d java.util.Collections.unmodifiableMap(copyOf);\n    this.body \u003d body;\n}",
                "dst_parent": "null"
              },
              "line": 50,
              "file": "/home/khesoem/projects/lighter/exp/core/src/main/java/feign/Response.java",
              "stats": {
                "number_of_src_entities": 21,
                "number_of_dst_entities": -1,
                "src_entity_types": "[java.lang.String, java.util.Collection\u003cjava.lang.String\u003e, java.util.LinkedHashMap\u003cjava.lang.String, java.util.Collection\u003cjava.lang.String\u003e\u003e, java.util.LinkedHashMap]",
                "dst_entity_types": "[]"
              }
            }
          ]
        },
        {
          "tool-name": "JGenProg",
          "pattern-name": "JGenProg:any_statement_shallow",
          "Unified_Diff_of-files:": "Starts Below...",
          "CHANGE_old:": "    this.headers \u003d Collections.unmodifiableMap(copyOf);",
          "CHANGE_new:": "",
          "INSERT:": "}",
          "instance_detail": [
            {
              "pattern_action": "ANY",
              "pattern_entity": {
                "entity_type": "*",
                "entity_new value": "*",
                "entity_role": "Statement",
                "entity_parent": "null"
              },
              "concrete_change": {
                "operator": "DEL",
                "src_type": "Invocation",
                "dst_type": "null",
                "src": "copyOf.putAll(feign.Util.checkNotNull(headers, \"headers\"))",
                "dst": "null",
                "src_parent_type": "Block",
                "dst_parent_type": "null",
                "src_parent": "{\n    feign.Util.checkState((status \u003e\u003d 200), \"Invalid status code: %s\", status);\n    this.status \u003d status;\n    this.reason \u003d reason;\n    java.util.LinkedHashMap\u003cjava.lang.String, java.util.Collection\u003cjava.lang.String\u003e\u003e copyOf \u003d new java.util.LinkedHashMap\u003cjava.lang.String, java.util.Collection\u003cjava.lang.String\u003e\u003e();\n    copyOf.putAll(feign.Util.checkNotNull(headers, \"headers\"));\n    this.headers \u003d java.util.Collections.unmodifiableMap(copyOf);\n    this.body \u003d body;\n}",
                "dst_parent": "null"
              },
              "line": 52,
              "file": "/home/khesoem/projects/lighter/exp/core/src/main/java/feign/Response.java",
              "stats": {
                "number_of_src_entities": 51,
                "number_of_dst_entities": -1,
                "src_entity_types": "[java.util.HashMap, java.lang.String, java.util.Collection\u003cjava.lang.String\u003e, feign.Util, java.util.LinkedHashMap\u003cjava.lang.String, java.util.Collection\u003cjava.lang.String\u003e\u003e, java.util.Map\u003cjava.lang.String, java.util.Collection\u003cjava.lang.String\u003e\u003e]",
                "dst_entity_types": "[]"
              }
            }
          ]
        }
      ]
    }
  ],
  "complete_analysis": true
}