{
  "instances": [
    {
      "revision": "75e569fb3f87b4f5e3a638dd65e90cc8a5adf8d1",
      "repairability": [
        {
          "tool-name": "JGenProg",
          "pattern-name": "JGenProg:any_statement_shallow",
          "Unified_Diff_of-files:": "Starts Below...",
          "CHANGE_old:": "        data.template().method(requestMapping.method()[0].name());",
          "CHANGE_new:": "        data.template().method(Request.HttpMethod.valueOf(requestMapping.method()[0].name()));",
          "instance_detail": [
            {
              "pattern_action": "ANY",
              "pattern_entity": {
                "entity_type": "*",
                "entity_new value": "*",
                "entity_role": "Statement",
                "entity_parent": "null"
              },
              "concrete_change": {
                "operator": "DEL",
                "src_type": "LocalVariable",
                "dst_type": "null",
                "src": "final feign.hc5.ClassicHttpRequest classicRequest \u003d requestBuilder.build()",
                "dst": "null",
                "src_parent_type": "Block",
                "dst_parent_type": "null",
                "src_parent": "{\n    final org.apache.hc.core5.http.io.support.ClassicRequestBuilder requestBuilder \u003d org.apache.hc.core5.http.io.support.ClassicRequestBuilder.create(request.httpMethod().name());\n    final java.net.URI uri \u003d new org.apache.hc.core5.net.URIBuilder(request.url()).build();\n    requestBuilder.setUri(((((uri.getScheme()) + \"://\") + (uri.getAuthority())) + (uri.getRawPath())));\n    final java.util.List\u003cfeign.hc5.NameValuePair\u003e queryParams \u003d org.apache.hc.core5.net.URLEncodedUtils.parse(uri, requestBuilder.getCharset());\n    for (final feign.hc5.NameValuePair queryParam : queryParams) {\n        requestBuilder.addParameter(queryParam);\n    }\n    boolean hasAcceptHeader \u003d false;\n    for (final java.util.Map.Entry\u003cjava.lang.String, java.util.Collection\u003cjava.lang.String\u003e\u003e headerEntry : request.headers().entrySet()) {\n        final java.lang.String headerName \u003d headerEntry.getKey();\n        if (headerName.equalsIgnoreCase(feign.hc5.ApacheHttp5Client.ACCEPT_HEADER_NAME)) {\n            hasAcceptHeader \u003d true;\n        }\n        if (headerName.equalsIgnoreCase(Util.CONTENT_LENGTH)) {\n            continue;\n        }\n        for (final java.lang.String headerValue : headerEntry.getValue()) {\n            requestBuilder.addHeader(headerName, headerValue);\n        }\n    }\n    if (!hasAcceptHeader) {\n        requestBuilder.addHeader(feign.hc5.ApacheHttp5Client.ACCEPT_HEADER_NAME, \"*/*\");\n    }\n    final feign.Request.Body requestBody \u003d request.requestBody();\n    if ((requestBody.asBytes()) !\u003d null) {\n        feign.hc5.HttpEntity entity;\n        if (requestBody.isBinary()) {\n            entity \u003d new org.apache.hc.core5.http.io.entity.ByteArrayEntity(requestBody.asBytes(), null);\n        } else {\n            final feign.hc5.ContentType contentType \u003d getContentType(request);\n            entity \u003d new org.apache.hc.core5.http.io.entity.StringEntity(requestBody.asString(), contentType);\n        }\n        requestBuilder.setEntity(entity);\n    } else {\n        requestBuilder.setEntity(new org.apache.hc.core5.http.io.entity.ByteArrayEntity(new byte[0], null));\n    }\n    final feign.hc5.ClassicHttpRequest classicRequest \u003d requestBuilder.build();\n    return classicRequest;\n}",
                "dst_parent": "null"
              },
              "line": 145,
              "file": "/home/khesoem/projects/lighter/exp/hc5/src/main/java/feign/hc5/ApacheHttp5Client.java",
              "stats": {
                "number_of_src_entities": 13,
                "number_of_dst_entities": -1,
                "src_entity_types": "[feign.hc5.ClassicHttpRequest, org.apache.hc.core5.http.io.support.ClassicRequestBuilder]",
                "dst_entity_types": "[]"
              }
            }
          ]
        }
      ]
    },
    {
      "revision": "75e569fb3f87b4f5e3a638dd65e90cc8a5adf8d1",
      "repairability": [
        {
          "tool-name": "JGenProg",
          "pattern-name": "JGenProg:any_statement_shallow",
          "Unified_Diff_of-files:": "Starts Below...",
          "CHANGE_old:": "        data.template().method(requestMapping.method()[0].name());",
          "CHANGE_new:": "        data.template().method(Request.HttpMethod.valueOf(requestMapping.method()[0].name()));",
          "instance_detail": [
            {
              "pattern_action": "ANY",
              "pattern_entity": {
                "entity_type": "*",
                "entity_new value": "*",
                "entity_role": "Statement",
                "entity_parent": "null"
              },
              "concrete_change": {
                "operator": "DEL",
                "src_type": "Invocation",
                "dst_type": "null",
                "src": "data.indexToEncoded().put(paramIndex, paramAnnotation.encoded())",
                "dst": "null",
                "src_parent_type": "Block",
                "dst_parent_type": "null",
                "src_parent": "{\n    java.lang.String name \u003d paramAnnotation.value();\n    checkState(((emptyToNull(name)) !\u003d null), \"Param annotation was empty on param %s.\", paramIndex);\n    nameParam(data, name, paramIndex);\n    Class\u003c? extends feign.Param.Expander\u003e expander \u003d paramAnnotation.expander();\n    if (expander !\u003d (.class)) {\n        data.indexToExpanderClass().put(paramIndex, expander);\n    }\n    data.indexToEncoded().put(paramIndex, paramAnnotation.encoded());\n    if (!(data.template().hasRequestVariable(name))) {\n        data.formParams().add(name);\n    }\n}",
                "dst_parent": "null"
              },
              "line": 281,
              "file": "/home/khesoem/projects/lighter/exp/core/src/main/java/feign/Contract.java",
              "stats": {
                "number_of_src_entities": 16,
                "number_of_dst_entities": -1,
                "src_entity_types": "[feign.data, feign.paramAnnotation]",
                "dst_entity_types": "[]"
              }
            }
          ]
        }
      ]
    }
  ],
  "complete_analysis": true
}