{
  "instances": [
    {
      "revision": "bdb46138cdcb94c3a2fd32bb18c37c69b1a51c41",
      "repairability": [
        {
          "tool-name": "JGenProg",
          "pattern-name": "JGenProg:any_statement_shallow",
          "Unified_Diff_of-files:": "Starts Below...",
          "CHANGE_old:": "      throw new DecodeException(e.toString(), e);",
          "CHANGE_new:": "      throw new DecodeException(response.status(), e.toString(), e);",
          "instance_detail": [
            {
              "pattern_action": "ANY",
              "pattern_entity": {
                "entity_type": "*",
                "entity_new value": "*",
                "entity_role": "Statement",
                "entity_parent": "null"
              },
              "concrete_change": {
                "operator": "INS",
                "src_type": "Assignment",
                "dst_type": "null",
                "src": "this.status \u003d status",
                "dst": "null",
                "src_parent_type": "Block",
                "dst_parent_type": "null",
                "src_parent": "{\n    super(message, cause);\n    this.status \u003d status;\n}",
                "dst_parent": "null"
              },
              "line": 31,
              "file": "/home/khesoem/projects/lighter/exp/core/src/main/java/feign/FeignException.java",
              "stats": {
                "number_of_src_entities": 16,
                "number_of_dst_entities": -1,
                "src_entity_types": "[int, feign.FeignException]",
                "dst_entity_types": "[]"
              }
            }
          ]
        },
        {
          "tool-name": "JGenProg",
          "pattern-name": "JGenProg:any_statement_shallow",
          "Unified_Diff_of-files:": "Starts Below...",
          "CHANGE_old:": "      throw new DecodeException(e.toString(), e);",
          "CHANGE_new:": "      throw new DecodeException(response.status(), e.toString(), e);",
          "instance_detail": [
            {
              "pattern_action": "ANY",
              "pattern_entity": {
                "entity_type": "*",
                "entity_new value": "*",
                "entity_role": "Statement",
                "entity_parent": "null"
              },
              "concrete_change": {
                "operator": "INS",
                "src_type": "Assignment",
                "dst_type": "null",
                "src": "this.status \u003d status",
                "dst": "null",
                "src_parent_type": "Block",
                "dst_parent_type": "null",
                "src_parent": "{\n    super(message, cause);\n    this.status \u003d status;\n    this.content \u003d content;\n}",
                "dst_parent": "null"
              },
              "line": 36,
              "file": "/home/khesoem/projects/lighter/exp/core/src/main/java/feign/FeignException.java",
              "stats": {
                "number_of_src_entities": 16,
                "number_of_dst_entities": -1,
                "src_entity_types": "[int, feign.FeignException]",
                "dst_entity_types": "[]"
              }
            }
          ]
        },
        {
          "tool-name": "JGenProg",
          "pattern-name": "JGenProg:any_statement_shallow",
          "Unified_Diff_of-files:": "Starts Below...",
          "CHANGE_old:": "      throw new DecodeException(e.toString(), e);",
          "CHANGE_new:": "      throw new DecodeException(response.status(), e.toString(), e);",
          "instance_detail": [
            {
              "pattern_action": "ANY",
              "pattern_entity": {
                "entity_type": "*",
                "entity_new value": "*",
                "entity_role": "Statement",
                "entity_parent": "null"
              },
              "concrete_change": {
                "operator": "INS",
                "src_type": "Assignment",
                "dst_type": "null",
                "src": "this.status \u003d status",
                "dst": "null",
                "src_parent_type": "Block",
                "dst_parent_type": "null",
                "src_parent": "{\n    super(message);\n    this.status \u003d status;\n}",
                "dst_parent": "null"
              },
              "line": 42,
              "file": "/home/khesoem/projects/lighter/exp/core/src/main/java/feign/FeignException.java",
              "stats": {
                "number_of_src_entities": 16,
                "number_of_dst_entities": -1,
                "src_entity_types": "[int, feign.FeignException]",
                "dst_entity_types": "[]"
              }
            }
          ]
        },
        {
          "tool-name": "JGenProg",
          "pattern-name": "JGenProg:any_statement_deep",
          "Unified_Diff_of-files:": "Starts Below...",
          "CHANGE_old:": "      throw new DecodeException(e.toString(), e);",
          "CHANGE_new:": "      throw new DecodeException(response.status(), e.toString(), e);",
          "instance_detail": [
            {
              "pattern_action": "ANY",
              "pattern_entity": {
                "entity_type": "*",
                "entity_new value": "*",
                "entity_role": "*",
                "entity_parent": {
                  "entity_type": "*",
                  "entity_new value": "*",
                  "entity_role": "Statement",
                  "entity_parent": "null"
                }
              },
              "concrete_change": {
                "operator": "INS",
                "src_type": "Invocation",
                "dst_type": "null",
                "src": "response.status()",
                "dst": "null",
                "src_parent_type": "ConstructorCall",
                "dst_parent_type": "null",
                "src_parent": "new feign.FeignException(response.status(), java.lang.String.format(\"%s reading %s %s\", cause.getMessage(), request.httpMethod(), request.url()), cause, request.body())",
                "dst_parent": "null"
              },
              "line": 65,
              "file": "/home/khesoem/projects/lighter/exp/core/src/main/java/feign/FeignException.java"
            }
          ]
        }
      ]
    }
  ],
  "complete_analysis": true
}