{
  "instances": [
    {
      "revision": "5e2fdeed0dc72cf7022993ad9877f7bb8e011e14",
      "repairability": [
        {
          "tool-name": "JGenProg",
          "pattern-name": "JGenProg:any_statement_shallow",
          "Unified_Diff_of-files:": "Starts Below...",
          "DELETE:": "import static feign.Util.checkState;",
          "INSERT:": "",
          "CHANGE_old:": "      super(metadata);",
          "CHANGE_new:": "      super(metadata, queryMapEncoder);",
          "instance_detail": [
            {
              "pattern_action": "ANY",
              "pattern_entity": {
                "entity_type": "*",
                "entity_new value": "*",
                "entity_role": "Statement",
                "entity_parent": "null"
              },
              "concrete_change": {
                "operator": "DEL",
                "src_type": "If",
                "dst_type": "null",
                "src": "if ((data.queryMapIndex()) !\u003d null) {\n    feign.Contract.BaseContract.checkMapString(\"QueryMap\", parameterTypes[data.queryMapIndex()], genericParameterTypes[data.queryMapIndex()]);\n}",
                "dst": "null",
                "src_parent_type": "Block",
                "dst_parent_type": "null",
                "src_parent": "{\n    feign.MethodMetadata data \u003d new feign.MethodMetadata();\n    data.returnType(feign.Types.resolve(targetType, targetType, method.getGenericReturnType()));\n    data.configKey(feign.Feign.configKey(targetType, method));\n    if ((targetType.getInterfaces().length) \u003d\u003d 1) {\n        processAnnotationOnClass(data, targetType.getInterfaces()[0]);\n    }\n    processAnnotationOnClass(data, targetType);\n    for (java.lang.annotation.Annotation methodAnnotation : method.getAnnotations()) {\n        processAnnotationOnMethod(data, methodAnnotation, method);\n    }\n    feign.Util.checkState(((data.template().method()) !\u003d null), \"Method %s not annotated with HTTP method type (ex. GET, POST)\", method.getName());\n    java.lang.Class\u003c?\u003e[] parameterTypes \u003d method.getParameterTypes();\n    java.lang.reflect.Type[] genericParameterTypes \u003d method.getGenericParameterTypes();\n    java.lang.annotation.Annotation[][] parameterAnnotations \u003d method.getParameterAnnotations();\n    int count \u003d parameterAnnotations.length;\n    for (int i \u003d 0; i \u003c count; i++) {\n        boolean isHttpAnnotation \u003d false;\n        if ((parameterAnnotations[i]) !\u003d null) {\n            isHttpAnnotation \u003d processAnnotationsOnParameter(data, parameterAnnotations[i], i);\n        }\n        if ((parameterTypes[i]) \u003d\u003d (java.net.URI.class)) {\n            data.urlIndex(i);\n        } else\n            if (!isHttpAnnotation) {\n                feign.Util.checkState(data.formParams().isEmpty(), \"Body parameters cannot be used with form parameters.\");\n                feign.Util.checkState(((data.bodyIndex()) \u003d\u003d null), \"Method has too many Body parameters: %s\", method);\n                data.bodyIndex(i);\n                data.bodyType(feign.Types.resolve(targetType, targetType, genericParameterTypes[i]));\n            }\n\n    }\n    if ((data.headerMapIndex()) !\u003d null) {\n        feign.Contract.BaseContract.checkMapString(\"HeaderMap\", parameterTypes[data.headerMapIndex()], genericParameterTypes[data.headerMapIndex()]);\n    }\n    if ((data.queryMapIndex()) !\u003d null) {\n        feign.Contract.BaseContract.checkMapString(\"QueryMap\", parameterTypes[data.queryMapIndex()], genericParameterTypes[data.queryMapIndex()]);\n    }\n    return data;\n}",
                "dst_parent": "null"
              },
              "line": 125,
              "file": "/home/khesoem/projects/lighter/exp/core/src/main/java/feign/Contract.java",
              "stats": {
                "number_of_src_entities": 75,
                "number_of_dst_entities": -1,
                "src_entity_types": "[java.lang.reflect.Type, feign.Contract.BaseContract, , java.lang.String, feign.MethodMetadata, java.lang.Class\u003c?\u003e, feign.Contract, \u003cnulltype\u003e]",
                "dst_entity_types": "[]"
              }
            }
          ]
        }
      ]
    }
  ],
  "complete_analysis": true
}