{
  "instances": [
    {
      "revision": "7bc8c108f8b3d29ea0ebe28ea07007c0054d699c",
      "repairability": [
        {
          "tool-name": "Nopol",
          "pattern-name": "Nopol:if_condition_ins_deep",
          "Unified_Diff_of-files:": "Starts Below...",
          "CHANGE_old:": "",
          "CHANGE_new:": "                    {",
          "DELETE:": "",
          "INSERT:": "                }",
          "instance_detail": [
            {
              "pattern_action": "INS",
              "pattern_entity": {
                "entity_type": "If",
                "entity_new value": "*",
                "entity_role": "*",
                "entity_parent": "null"
              },
              "concrete_change": {
                "operator": "INS",
                "src_type": "If",
                "dst_type": "null",
                "src": "if ((font.style) !\u003d null) {\n    switch (font.style) {\n        case NORMAL :\n            fontStyle \u003d com.openhtmltopdf.css.constants.IdentValue.NORMAL;\n            break;\n        case ITALIC :\n            fontStyle \u003d com.openhtmltopdf.css.constants.IdentValue.ITALIC;\n            break;\n        case OBLIQUE :\n            fontStyle \u003d com.openhtmltopdf.css.constants.IdentValue.OBLIQUE;\n            break;\n        default :\n            fontStyle \u003d null;\n            break;\n    }\n}",
                "dst": "null",
                "src_parent_type": "Block",
                "dst_parent_type": "null",
                "src_parent": "{\n    com.openhtmltopdf.css.constants.IdentValue fontStyle \u003d null;\n    if ((font.style) !\u003d null) {\n        switch (font.style) {\n            case NORMAL :\n                fontStyle \u003d com.openhtmltopdf.css.constants.IdentValue.NORMAL;\n                break;\n            case ITALIC :\n                fontStyle \u003d com.openhtmltopdf.css.constants.IdentValue.ITALIC;\n                break;\n            case OBLIQUE :\n                fontStyle \u003d com.openhtmltopdf.css.constants.IdentValue.OBLIQUE;\n                break;\n            default :\n                fontStyle \u003d null;\n                break;\n        }\n    }\n    if ((font.supplier) !\u003d null) {\n        resolver.addFont(font.supplier, font.family, font.weight, fontStyle, font.subset);\n    } else\n        if ((font.pdfontSupplier) !\u003d null) {\n            resolver.addFont(((com.openhtmltopdf.pdfboxout.PDFontSupplier) (font.pdfontSupplier)), font.family, font.weight, fontStyle, font.subset);\n        } else {\n            try {\n                resolver.addFont(font.fontFile, font.family, font.weight, fontStyle, font.subset);\n            } catch (java.lang.Exception e) {\n                com.openhtmltopdf.util.XRLog.log(java.util.logging.Level.WARNING, LogMessageId.LogMessageId1Param.INIT_FONT_COULD_NOT_BE_LOADED, font.fontFile.getPath(), e);\n            }\n        }\n\n}",
                "dst_parent": "null"
              },
              "line": 100,
              "file": "/home/khesoem/projects/lighter/exp/openhtmltopdf-pdfbox/src/main/java/com/openhtmltopdf/pdfboxout/PdfRendererBuilder.java",
              "stats": {
                "number_of_src_entities": 87,
                "number_of_dst_entities": -1,
                "src_entity_types": "[com.openhtmltopdf.outputdevice.helper.AddedFont, \u003cnulltype\u003e, com.openhtmltopdf.css.constants.IdentValue]",
                "dst_entity_types": "[]"
              }
            },
            {
              "pattern_action": "MOV",
              "pattern_entity": {
                "entity_type": "*",
                "entity_new value": "*",
                "entity_role": "*",
                "entity_parent": {
                  "entity_type": "*",
                  "entity_new value": "*",
                  "entity_role": "Then",
                  "entity_parent": {
                    "entity_type": "If",
                    "entity_new value": "*",
                    "entity_role": "*",
                    "entity_parent": "null"
                  }
                }
              },
              "concrete_change": {
                "operator": "MOV",
                "src_type": "Switch",
                "dst_type": "Switch",
                "src": "switch (font.style) {\n    case NORMAL :\n        fontStyle \u003d com.openhtmltopdf.css.constants.IdentValue.NORMAL;\n        break;\n    case ITALIC :\n        fontStyle \u003d com.openhtmltopdf.css.constants.IdentValue.ITALIC;\n        break;\n    case OBLIQUE :\n        fontStyle \u003d com.openhtmltopdf.css.constants.IdentValue.OBLIQUE;\n        break;\n    default :\n        fontStyle \u003d null;\n        break;\n}",
                "dst": "switch (font.style) {\n    case NORMAL :\n        fontStyle \u003d com.openhtmltopdf.css.constants.IdentValue.NORMAL;\n        break;\n    case ITALIC :\n        fontStyle \u003d com.openhtmltopdf.css.constants.IdentValue.ITALIC;\n        break;\n    case OBLIQUE :\n        fontStyle \u003d com.openhtmltopdf.css.constants.IdentValue.OBLIQUE;\n        break;\n    default :\n        fontStyle \u003d null;\n        break;\n}",
                "src_parent_type": "Block",
                "dst_parent_type": "Block",
                "src_parent": "{\n    com.openhtmltopdf.css.constants.IdentValue fontStyle \u003d null;\n    switch (font.style) {\n        case NORMAL :\n            fontStyle \u003d com.openhtmltopdf.css.constants.IdentValue.NORMAL;\n            break;\n        case ITALIC :\n            fontStyle \u003d com.openhtmltopdf.css.constants.IdentValue.ITALIC;\n            break;\n        case OBLIQUE :\n            fontStyle \u003d com.openhtmltopdf.css.constants.IdentValue.OBLIQUE;\n            break;\n        default :\n            fontStyle \u003d null;\n            break;\n    }\n    if ((font.supplier) !\u003d null) {\n        resolver.addFont(font.supplier, font.family, font.weight, fontStyle, font.subset);\n    } else\n        if ((font.pdfontSupplier) !\u003d null) {\n            resolver.addFont(((com.openhtmltopdf.pdfboxout.PDFontSupplier) (font.pdfontSupplier)), font.family, font.weight, fontStyle, font.subset);\n        } else {\n            try {\n                resolver.addFont(font.fontFile, font.family, font.weight, fontStyle, font.subset);\n            } catch (java.lang.Exception e) {\n                com.openhtmltopdf.util.XRLog.log(java.util.logging.Level.WARNING, LogMessageId.LogMessageId1Param.INIT_FONT_COULD_NOT_BE_LOADED, font.fontFile.getPath(), e);\n            }\n        }\n\n}",
                "dst_parent": "{\n    switch (font.style) {\n        case NORMAL :\n            fontStyle \u003d com.openhtmltopdf.css.constants.IdentValue.NORMAL;\n            break;\n        case ITALIC :\n            fontStyle \u003d com.openhtmltopdf.css.constants.IdentValue.ITALIC;\n            break;\n        case OBLIQUE :\n            fontStyle \u003d com.openhtmltopdf.css.constants.IdentValue.OBLIQUE;\n            break;\n        default :\n            fontStyle \u003d null;\n            break;\n    }\n}"
              },
              "line": 99,
              "file": "/home/khesoem/projects/lighter/exp/openhtmltopdf-pdfbox/src/main/java/com/openhtmltopdf/pdfboxout/PdfRendererBuilder.java",
              "stats": {
                "number_of_src_entities": 76,
                "number_of_dst_entities": 76,
                "src_entity_types": "[com.openhtmltopdf.outputdevice.helper.AddedFont, \u003cnulltype\u003e, com.openhtmltopdf.css.constants.IdentValue]",
                "dst_entity_types": "[com.openhtmltopdf.outputdevice.helper.AddedFont, \u003cnulltype\u003e, com.openhtmltopdf.css.constants.IdentValue]"
              }
            }
          ]
        }
      ]
    }
  ],
  "complete_analysis": true
}