{
  "instances": [
    {
      "revision": "c970571bbcfce664da44059e4a0feefb31bb6ec4",
      "repairability": [
        {
          "tool-name": "JGenProg",
          "pattern-name": "JGenProg:any_statement_shallow",
          "Unified_Diff_of-files:": "Starts Below...",
          "INSERT:": "        caseExpression.setParent(this);",
          "instance_detail": [
            {
              "pattern_action": "ANY",
              "pattern_entity": {
                "entity_type": "*",
                "entity_new value": "*",
                "entity_role": "Statement",
                "entity_parent": "null"
              },
              "concrete_change": {
                "operator": "INS",
                "src_type": "Invocation",
                "dst_type": "null",
                "src": "caseExpression.setParent(this)",
                "dst": "null",
                "src_parent_type": "Block",
                "dst_parent_type": "null",
                "src_parent": "{\n    if (caseExpression \u003d\u003d null) {\n        return ((T) (this));\n    }\n    this.ensureModifiableCaseExpressionsList();\n    if ((getCaseExpression()) \u003d\u003d null) {\n        setCaseExpression(caseExpression);\n    }\n    getFactory().getEnvironment().getModelChangeListener().onObjectUpdate(this, spoon.reflect.path.CtRole.CASE, caseExpressions, this.caseExpressions);\n    caseExpression.setParent(this);\n    this.caseExpressions.add(caseExpression);\n    return ((T) (this));\n}",
                "dst_parent": "null"
              },
              "line": 96,
              "file": "/home/khesoem/projects/lighter/exp/src/main/java/spoon/support/reflect/code/CtCaseImpl.java",
              "stats": {
                "number_of_src_entities": 21,
                "number_of_dst_entities": -1,
                "src_entity_types": "[spoon.reflect.declaration.CtElement, spoon.reflect.code.CtExpression\u003cE\u003e, spoon.support.reflect.code.CtCaseImpl\u003cE\u003e, spoon.support.reflect.code.CtCaseImpl]",
                "dst_entity_types": "[]"
              }
            }
          ]
        }
      ]
    }
  ],
  "complete_analysis": true
}