{
  "instances": [
    {
      "revision": "2ff5cbc9c529129994d55c04ab131b3b98cfac8f",
      "repairability": [
        {
          "tool-name": "Cardumen",
          "pattern-name": "Cardumen:expression_replacement_by_upd",
          "Unified_Diff_of-files:": "Starts Below...",
          "CHANGE_old:": "  private LoginScreenPanel loginScreenPanel1;",
          "CHANGE_new:": "  private LoginScreenPanel loginScreenPanel;",
          "INSERT:": "}",
          "instance_detail": [
            {
              "pattern_action": "UPD",
              "pattern_entity": {
                "entity_type": "Expression",
                "entity_new value": "*",
                "entity_role": "*",
                "entity_parent": "null"
              },
              "concrete_change": {
                "operator": "UPD",
                "src_type": "TypeAccess",
                "dst_type": "TypeAccess",
                "src": "java.lang.System",
                "dst": "client.gui.swing.panels.LoginScreenPanel",
                "src_parent_type": "FieldRead",
                "dst_parent_type": "ThisAccess",
                "src_parent": "java.lang.System.out",
                "dst_parent": ""
              },
              "line": 35,
              "file": "/home/khesoem/projects/lighter/exp/src/main/java/client/gui/swing/panels/LoginScreenPanel.java",
              "stats": {
                "number_of_src_entities": 3,
                "number_of_dst_entities": 3,
                "src_entity_types": "[java.lang.System]",
                "dst_entity_types": "[client.gui.swing.panels.LoginScreenPanel]"
              }
            }
          ]
        },
        {
          "tool-name": "Cardumen",
          "pattern-name": "Cardumen:expression_replacement_by_del_ins",
          "Unified_Diff_of-files:": "Starts Below...",
          "CHANGE_old:": "  private LoginScreenPanel loginScreenPanel1;",
          "CHANGE_new:": "  private LoginScreenPanel loginScreenPanel;",
          "INSERT:": "}",
          "instance_detail": [
            {
              "pattern_action": "DEL",
              "pattern_entity": {
                "entity_type": "Expression",
                "entity_new value": "*",
                "entity_role": "*",
                "entity_parent": "null"
              },
              "concrete_change": {
                "operator": "DEL",
                "src_type": "FieldRead",
                "dst_type": "null",
                "src": "message.messageType",
                "dst": "null",
                "src_parent_type": "Invocation",
                "dst_parent_type": "null",
                "src_parent": "java.lang.System.out.println(message.messageType)",
                "dst_parent": "null"
              },
              "line": 35,
              "file": "/home/khesoem/projects/lighter/exp/src/main/java/client/gui/swing/panels/LoginScreenPanel.java"
            },
            {
              "pattern_action": "INS",
              "pattern_entity": {
                "entity_type": "Expression",
                "entity_new value": "*",
                "entity_role": "*",
                "entity_parent": "null"
              },
              "concrete_change": {
                "operator": "INS",
                "src_type": "VariableRead",
                "dst_type": "null",
                "src": "message",
                "dst": "null",
                "src_parent_type": "Invocation",
                "dst_parent_type": "null",
                "src_parent": "controller.sendMessage(message)",
                "dst_parent": "null"
              },
              "line": 42,
              "file": "/home/khesoem/projects/lighter/exp/src/main/java/client/gui/swing/panels/LoginScreenPanel.java"
            }
          ]
        }
      ]
    }
  ],
  "complete_analysis": true
}