{
  "instances": [
    {
      "revision": "4be5aae181ad9930f409a93eb5a36697884c5c18",
      "repairability": [
        {
          "tool-name": "Elixir",
          "pattern-name": "Elixir:update_type_ref",
          "Unified_Diff_of-files:": "Starts Below...",
          "DELETE:": "    @RequiredArgsConstructor",
          "INSERT:": "",
          "CHANGE_old:": "        private final @NonNull ConversionService conversionService;",
          "CHANGE_new:": "        private final ConversionService conversionService;",
          "instance_detail": [
            {
              "pattern_action": "UPD",
              "pattern_entity": {
                "entity_type": "TypeReference",
                "entity_new value": "*",
                "entity_role": "*",
                "entity_parent": "null"
              },
              "concrete_change": {
                "operator": "UPD",
                "src_type": "TypeReference",
                "dst_type": "TypeParameterReference",
                "src": "org.springframework.data.domain.ExampleMatcher",
                "dst": "T",
                "src_parent_type": "Field",
                "dst_parent_type": "Field",
                "src_parent": "@lombok.NonNull\nprivate final org.springframework.data.domain.ExampleMatcher matcher;",
                "dst_parent": "private final T probe;"
              },
              "line": 38,
              "file": "/home/khesoem/projects/lighter/exp/src/main/java/org/springframework/data/domain/TypedExample.java",
              "stats": {
                "number_of_src_entities": 2,
                "number_of_dst_entities": 1,
                "src_entity_types": "[org.springframework.data.domain.ExampleMatcher]",
                "dst_entity_types": "[]"
              }
            }
          ]
        },
        {
          "tool-name": "Elixir",
          "pattern-name": "Elixir:update_type_ref",
          "Unified_Diff_of-files:": "Starts Below...",
          "DELETE:": "    @RequiredArgsConstructor",
          "INSERT:": "",
          "CHANGE_old:": "        private final @NonNull ConversionService conversionService;",
          "CHANGE_new:": "        private final ConversionService conversionService;",
          "instance_detail": [
            {
              "pattern_action": "UPD",
              "pattern_entity": {
                "entity_type": "TypeReference",
                "entity_new value": "*",
                "entity_role": "*",
                "entity_parent": "null"
              },
              "concrete_change": {
                "operator": "UPD",
                "src_type": "TypeParameterReference",
                "dst_type": "TypeReference",
                "src": "T",
                "dst": "org.springframework.data.domain.ExampleMatcher",
                "src_parent_type": "Field",
                "dst_parent_type": "Field",
                "src_parent": "@lombok.NonNull\nprivate final T probe;",
                "dst_parent": "private final org.springframework.data.domain.ExampleMatcher matcher;"
              },
              "line": 37,
              "file": "/home/khesoem/projects/lighter/exp/src/main/java/org/springframework/data/domain/TypedExample.java",
              "stats": {
                "number_of_src_entities": 1,
                "number_of_dst_entities": 2,
                "src_entity_types": "[]",
                "dst_entity_types": "[org.springframework.data.domain.ExampleMatcher]"
              }
            }
          ]
        }
      ]
    },
    {
      "revision": "4be5aae181ad9930f409a93eb5a36697884c5c18",
      "repairability": [
        {
          "tool-name": "Elixir",
          "pattern-name": "Elixir:update_type_ref",
          "Unified_Diff_of-files:": "Starts Below...",
          "DELETE:": "    @RequiredArgsConstructor",
          "INSERT:": "",
          "CHANGE_old:": "        private final @NonNull ConversionService conversionService;",
          "CHANGE_new:": "        private final ConversionService conversionService;",
          "instance_detail": [
            {
              "pattern_action": "UPD",
              "pattern_entity": {
                "entity_type": "TypeReference",
                "entity_new value": "*",
                "entity_role": "*",
                "entity_parent": "null"
              },
              "concrete_change": {
                "operator": "UPD",
                "src_type": "TypeReference",
                "dst_type": "TypeReference",
                "src": "org.springframework.core.convert.converter.Converter\u003cjava.lang.Object, java.lang.Object\u003e",
                "dst": "java.lang.Class\u003c?\u003e",
                "src_parent_type": "Field",
                "dst_parent_type": "Field",
                "src_parent": "@lombok.NonNull\nprivate final org.springframework.core.convert.converter.Converter\u003cjava.lang.Object, java.lang.Object\u003e delegate;",
                "dst_parent": "private final java.lang.Class\u003c?\u003e targetType;"
              },
              "line": 199,
              "file": "/home/khesoem/projects/lighter/exp/src/main/java/org/springframework/data/repository/query/ResultProcessor.java",
              "stats": {
                "number_of_src_entities": 6,
                "number_of_dst_entities": 5,
                "src_entity_types": "[java.lang.Object, org.springframework.core.convert.converter.Converter\u003cjava.lang.Object, java.lang.Object\u003e]",
                "dst_entity_types": "[, java.lang.Class\u003c?\u003e]"
              }
            }
          ]
        },
        {
          "tool-name": "Elixir",
          "pattern-name": "Elixir:update_type_ref",
          "Unified_Diff_of-files:": "Starts Below...",
          "DELETE:": "    @RequiredArgsConstructor",
          "INSERT:": "",
          "CHANGE_old:": "        private final @NonNull ConversionService conversionService;",
          "CHANGE_new:": "        private final ConversionService conversionService;",
          "instance_detail": [
            {
              "pattern_action": "UPD",
              "pattern_entity": {
                "entity_type": "TypeReference",
                "entity_new value": "*",
                "entity_role": "*",
                "entity_parent": "null"
              },
              "concrete_change": {
                "operator": "UPD",
                "src_type": "TypeReference",
                "dst_type": "TypeReference",
                "src": "java.lang.Class\u003c?\u003e",
                "dst": "org.springframework.core.convert.converter.Converter\u003cjava.lang.Object, java.lang.Object\u003e",
                "src_parent_type": "Field",
                "dst_parent_type": "Field",
                "src_parent": "@lombok.NonNull\nprivate final java.lang.Class\u003c?\u003e targetType;",
                "dst_parent": "private final org.springframework.core.convert.converter.Converter\u003cjava.lang.Object, java.lang.Object\u003e delegate;"
              },
              "line": 198,
              "file": "/home/khesoem/projects/lighter/exp/src/main/java/org/springframework/data/repository/query/ResultProcessor.java",
              "stats": {
                "number_of_src_entities": 5,
                "number_of_dst_entities": 6,
                "src_entity_types": "[, java.lang.Class\u003c?\u003e]",
                "dst_entity_types": "[java.lang.Object, org.springframework.core.convert.converter.Converter\u003cjava.lang.Object, java.lang.Object\u003e]"
              }
            }
          ]
        }
      ]
    },
    {
      "revision": "4be5aae181ad9930f409a93eb5a36697884c5c18",
      "repairability": [
        {
          "tool-name": "Elixir",
          "pattern-name": "Elixir:update_type_ref",
          "Unified_Diff_of-files:": "Starts Below...",
          "DELETE:": "    @RequiredArgsConstructor",
          "INSERT:": "",
          "CHANGE_old:": "        private final @NonNull ConversionService conversionService;",
          "CHANGE_new:": "        private final ConversionService conversionService;",
          "instance_detail": [
            {
              "pattern_action": "UPD",
              "pattern_entity": {
                "entity_type": "TypeReference",
                "entity_new value": "*",
                "entity_role": "*",
                "entity_parent": "null"
              },
              "concrete_change": {
                "operator": "UPD",
                "src_type": "TypeReference",
                "dst_type": "TypeReference",
                "src": "java.util.function.BiFunction\u003cjava.lang.reflect.Method, java.lang.Object[], java.lang.Object[]\u003e",
                "dst": "org.springframework.data.repository.core.support.RepositoryComposition.RepositoryFragments",
                "src_parent_type": "Field",
                "dst_parent_type": "Field",
                "src_parent": "@lombok.Getter\nprivate final java.util.function.BiFunction\u003cjava.lang.reflect.Method, java.lang.Object[], java.lang.Object[]\u003e argumentConverter;",
                "dst_parent": "private final org.springframework.data.repository.core.support.RepositoryComposition.RepositoryFragments fragments;"
              },
              "line": 78,
              "file": "/home/khesoem/projects/lighter/exp/src/main/java/org/springframework/data/repository/core/support/RepositoryComposition.java",
              "stats": {
                "number_of_src_entities": 10,
                "number_of_dst_entities": 3,
                "src_entity_types": "[java.lang.Object, java.lang.reflect.Method, java.util.function.BiFunction\u003cjava.lang.reflect.Method, java.lang.Object[], java.lang.Object[]\u003e]",
                "dst_entity_types": "[org.springframework.data.repository.core.support.RepositoryComposition.RepositoryFragments, org.springframework.data.repository.core.support.RepositoryComposition]"
              }
            }
          ]
        },
        {
          "tool-name": "Elixir",
          "pattern-name": "Elixir:update_type_ref",
          "Unified_Diff_of-files:": "Starts Below...",
          "DELETE:": "    @RequiredArgsConstructor",
          "INSERT:": "",
          "CHANGE_old:": "        private final @NonNull ConversionService conversionService;",
          "CHANGE_new:": "        private final ConversionService conversionService;",
          "instance_detail": [
            {
              "pattern_action": "UPD",
              "pattern_entity": {
                "entity_type": "TypeReference",
                "entity_new value": "*",
                "entity_role": "*",
                "entity_parent": "null"
              },
              "concrete_change": {
                "operator": "UPD",
                "src_type": "TypeReference",
                "dst_type": "TypeReference",
                "src": "org.springframework.data.repository.core.support.RepositoryComposition.RepositoryFragments",
                "dst": "org.springframework.data.repository.core.support.MethodLookup",
                "src_parent_type": "Field",
                "dst_parent_type": "Field",
                "src_parent": "@lombok.Getter\nprivate final org.springframework.data.repository.core.support.RepositoryComposition.RepositoryFragments fragments;",
                "dst_parent": "private final org.springframework.data.repository.core.support.MethodLookup methodLookup;"
              },
              "line": 76,
              "file": "/home/khesoem/projects/lighter/exp/src/main/java/org/springframework/data/repository/core/support/RepositoryComposition.java",
              "stats": {
                "number_of_src_entities": 3,
                "number_of_dst_entities": 2,
                "src_entity_types": "[org.springframework.data.repository.core.support.RepositoryComposition.RepositoryFragments, org.springframework.data.repository.core.support.RepositoryComposition]",
                "dst_entity_types": "[org.springframework.data.repository.core.support.MethodLookup]"
              }
            }
          ]
        },
        {
          "tool-name": "Elixir",
          "pattern-name": "Elixir:update_type_ref",
          "Unified_Diff_of-files:": "Starts Below...",
          "DELETE:": "    @RequiredArgsConstructor",
          "INSERT:": "",
          "CHANGE_old:": "        private final @NonNull ConversionService conversionService;",
          "CHANGE_new:": "        private final ConversionService conversionService;",
          "instance_detail": [
            {
              "pattern_action": "UPD",
              "pattern_entity": {
                "entity_type": "TypeReference",
                "entity_new value": "*",
                "entity_role": "*",
                "entity_parent": "null"
              },
              "concrete_change": {
                "operator": "UPD",
                "src_type": "TypeReference",
                "dst_type": "TypeReference",
                "src": "org.springframework.data.repository.core.support.MethodLookup",
                "dst": "java.util.function.BiFunction\u003cjava.lang.reflect.Method, java.lang.Object[], java.lang.Object[]\u003e",
                "src_parent_type": "Field",
                "dst_parent_type": "Field",
                "src_parent": "@lombok.Getter\nprivate final org.springframework.data.repository.core.support.MethodLookup methodLookup;",
                "dst_parent": "private final java.util.function.BiFunction\u003cjava.lang.reflect.Method, java.lang.Object[], java.lang.Object[]\u003e argumentConverter;"
              },
              "line": 77,
              "file": "/home/khesoem/projects/lighter/exp/src/main/java/org/springframework/data/repository/core/support/RepositoryComposition.java",
              "stats": {
                "number_of_src_entities": 2,
                "number_of_dst_entities": 10,
                "src_entity_types": "[org.springframework.data.repository.core.support.MethodLookup]",
                "dst_entity_types": "[java.lang.Object, java.lang.reflect.Method, java.util.function.BiFunction\u003cjava.lang.reflect.Method, java.lang.Object[], java.lang.Object[]\u003e]"
              }
            }
          ]
        }
      ]
    },
    {
      "revision": "4be5aae181ad9930f409a93eb5a36697884c5c18",
      "repairability": [
        {
          "tool-name": "Elixir",
          "pattern-name": "Elixir:update_type_ref",
          "Unified_Diff_of-files:": "Starts Below...",
          "DELETE:": "    @RequiredArgsConstructor",
          "INSERT:": "",
          "CHANGE_old:": "        private final @NonNull ConversionService conversionService;",
          "CHANGE_new:": "        private final ConversionService conversionService;",
          "instance_detail": [
            {
              "pattern_action": "UPD",
              "pattern_entity": {
                "entity_type": "TypeReference",
                "entity_new value": "*",
                "entity_role": "*",
                "entity_parent": "null"
              },
              "concrete_change": {
                "operator": "UPD",
                "src_type": "TypeReference",
                "dst_type": "TypeReference",
                "src": "org.springframework.data.convert.CustomConversions.StoreConversions",
                "dst": "org.springframework.core.convert.converter.GenericConverter.ConvertiblePair",
                "src_parent_type": "Field",
                "dst_parent_type": "Field",
                "src_parent": "@lombok.NonNull\nprivate final org.springframework.data.convert.CustomConversions.StoreConversions storeConversions;",
                "dst_parent": "private final org.springframework.core.convert.converter.GenericConverter.ConvertiblePair convertiblePair;"
              },
              "line": 632,
              "file": "/home/khesoem/projects/lighter/exp/src/main/java/org/springframework/data/convert/CustomConversions.java",
              "stats": {
                "number_of_src_entities": 3,
                "number_of_dst_entities": 2,
                "src_entity_types": "[org.springframework.data.convert.CustomConversions.StoreConversions, org.springframework.data.convert.CustomConversions]",
                "dst_entity_types": "[org.springframework.core.convert.converter.GenericConverter.ConvertiblePair]"
              }
            }
          ]
        },
        {
          "tool-name": "Elixir",
          "pattern-name": "Elixir:update_type_ref",
          "Unified_Diff_of-files:": "Starts Below...",
          "DELETE:": "    @RequiredArgsConstructor",
          "INSERT:": "",
          "CHANGE_old:": "        private final @NonNull ConversionService conversionService;",
          "CHANGE_new:": "        private final ConversionService conversionService;",
          "instance_detail": [
            {
              "pattern_action": "UPD",
              "pattern_entity": {
                "entity_type": "TypeReference",
                "entity_new value": "*",
                "entity_role": "*",
                "entity_parent": "null"
              },
              "concrete_change": {
                "operator": "UPD",
                "src_type": "TypeReference",
                "dst_type": "TypeReference",
                "src": "org.springframework.core.convert.converter.GenericConverter.ConvertiblePair",
                "dst": "org.springframework.data.convert.CustomConversions.StoreConversions",
                "src_parent_type": "Field",
                "dst_parent_type": "Field",
                "src_parent": "@lombok.NonNull\nprivate final org.springframework.core.convert.converter.GenericConverter.ConvertiblePair convertiblePair;",
                "dst_parent": "private final org.springframework.data.convert.CustomConversions.StoreConversions storeConversions;"
              },
              "line": 631,
              "file": "/home/khesoem/projects/lighter/exp/src/main/java/org/springframework/data/convert/CustomConversions.java",
              "stats": {
                "number_of_src_entities": 2,
                "number_of_dst_entities": 3,
                "src_entity_types": "[org.springframework.core.convert.converter.GenericConverter.ConvertiblePair]",
                "dst_entity_types": "[org.springframework.data.convert.CustomConversions.StoreConversions, org.springframework.data.convert.CustomConversions]"
              }
            }
          ]
        }
      ]
    },
    {
      "revision": "4be5aae181ad9930f409a93eb5a36697884c5c18",
      "repairability": [
        {
          "tool-name": "Elixir",
          "pattern-name": "Elixir:update_type_ref",
          "Unified_Diff_of-files:": "Starts Below...",
          "DELETE:": "    @RequiredArgsConstructor",
          "INSERT:": "",
          "CHANGE_old:": "        private final @NonNull ConversionService conversionService;",
          "CHANGE_new:": "        private final ConversionService conversionService;",
          "instance_detail": [
            {
              "pattern_action": "UPD",
              "pattern_entity": {
                "entity_type": "TypeReference",
                "entity_new value": "*",
                "entity_role": "*",
                "entity_parent": "null"
              },
              "concrete_change": {
                "operator": "UPD",
                "src_type": "TypeReference",
                "dst_type": "TypeParameterReference",
                "src": "java.util.Map\u003cjava.lang.String, java.beans.PropertyDescriptor\u003e",
                "dst": "E",
                "src_parent_type": "Field",
                "dst_parent_type": "Field",
                "src_parent": "@lombok.NonNull\nprivate final java.util.Map\u003cjava.lang.String, java.beans.PropertyDescriptor\u003e remainingDescriptors;",
                "dst_parent": "private final E entity;"
              },
              "line": 495,
              "file": "/home/khesoem/projects/lighter/exp/src/main/java/org/springframework/data/mapping/context/AbstractMappingContext.java",
              "stats": {
                "number_of_src_entities": 6,
                "number_of_dst_entities": 1,
                "src_entity_types": "[java.beans.PropertyDescriptor, java.lang.String, java.util.Map\u003cjava.lang.String, java.beans.PropertyDescriptor\u003e]",
                "dst_entity_types": "[]"
              }
            }
          ]
        },
        {
          "tool-name": "Elixir",
          "pattern-name": "Elixir:update_type_ref",
          "Unified_Diff_of-files:": "Starts Below...",
          "DELETE:": "    @RequiredArgsConstructor",
          "INSERT:": "",
          "CHANGE_old:": "        private final @NonNull ConversionService conversionService;",
          "CHANGE_new:": "        private final ConversionService conversionService;",
          "instance_detail": [
            {
              "pattern_action": "UPD",
              "pattern_entity": {
                "entity_type": "TypeReference",
                "entity_new value": "*",
                "entity_role": "*",
                "entity_parent": "null"
              },
              "concrete_change": {
                "operator": "UPD",
                "src_type": "TypeParameterReference",
                "dst_type": "TypeReference",
                "src": "E",
                "dst": "java.util.Map\u003cjava.lang.String, java.beans.PropertyDescriptor\u003e",
                "src_parent_type": "Field",
                "dst_parent_type": "Field",
                "src_parent": "@lombok.NonNull\nprivate final E entity;",
                "dst_parent": "private final java.util.Map\u003cjava.lang.String, java.beans.PropertyDescriptor\u003e descriptors;"
              },
              "line": 493,
              "file": "/home/khesoem/projects/lighter/exp/src/main/java/org/springframework/data/mapping/context/AbstractMappingContext.java",
              "stats": {
                "number_of_src_entities": 1,
                "number_of_dst_entities": 6,
                "src_entity_types": "[]",
                "dst_entity_types": "[java.beans.PropertyDescriptor, java.lang.String, java.util.Map\u003cjava.lang.String, java.beans.PropertyDescriptor\u003e]"
              }
            }
          ]
        }
      ]
    },
    {
      "revision": "4be5aae181ad9930f409a93eb5a36697884c5c18",
      "repairability": [
        {
          "tool-name": "Elixir",
          "pattern-name": "Elixir:update_type_ref",
          "Unified_Diff_of-files:": "Starts Below...",
          "DELETE:": "    @RequiredArgsConstructor",
          "INSERT:": "",
          "CHANGE_old:": "        private final @NonNull ConversionService conversionService;",
          "CHANGE_new:": "        private final ConversionService conversionService;",
          "instance_detail": [
            {
              "pattern_action": "UPD",
              "pattern_entity": {
                "entity_type": "TypeReference",
                "entity_new value": "*",
                "entity_role": "*",
                "entity_parent": "null"
              },
              "concrete_change": {
                "operator": "UPD",
                "src_type": "TypeReference",
                "dst_type": "TypeReference",
                "src": "java.util.Optional\u003cjava.util.function.Function\u003c? super T, ? extends S\u003e\u003e",
                "dst": "org.springframework.core.convert.converter.GenericConverter.ConvertiblePair",
                "src_parent_type": "Field",
                "dst_parent_type": "Field",
                "src_parent": "@lombok.NonNull\nprivate final java.util.Optional\u003cjava.util.function.Function\u003c? super T, ? extends S\u003e\u003e reading;",
                "dst_parent": "private final org.springframework.core.convert.converter.GenericConverter.ConvertiblePair convertiblePair;"
              },
              "line": 60,
              "file": "/home/khesoem/projects/lighter/exp/src/main/java/org/springframework/data/convert/DefaultConverterBuilder.java",
              "stats": {
                "number_of_src_entities": 8,
                "number_of_dst_entities": 2,
                "src_entity_types": "[java.util.function.Function\u003c? super T, ? extends S\u003e, java.util.Optional\u003cjava.util.function.Function\u003c? super T, ? extends S\u003e\u003e]",
                "dst_entity_types": "[org.springframework.core.convert.converter.GenericConverter.ConvertiblePair]"
              }
            }
          ]
        },
        {
          "tool-name": "Elixir",
          "pattern-name": "Elixir:update_type_ref",
          "Unified_Diff_of-files:": "Starts Below...",
          "DELETE:": "    @RequiredArgsConstructor",
          "INSERT:": "",
          "CHANGE_old:": "        private final @NonNull ConversionService conversionService;",
          "CHANGE_new:": "        private final ConversionService conversionService;",
          "instance_detail": [
            {
              "pattern_action": "UPD",
              "pattern_entity": {
                "entity_type": "TypeReference",
                "entity_new value": "*",
                "entity_role": "*",
                "entity_parent": "null"
              },
              "concrete_change": {
                "operator": "UPD",
                "src_type": "TypeReference",
                "dst_type": "TypeReference",
                "src": "org.springframework.core.convert.converter.GenericConverter.ConvertiblePair",
                "dst": "java.util.Optional\u003cjava.util.function.Function\u003c? super S, ? extends T\u003e\u003e",
                "src_parent_type": "Field",
                "dst_parent_type": "Field",
                "src_parent": "@lombok.NonNull\nprivate final org.springframework.core.convert.converter.GenericConverter.ConvertiblePair convertiblePair;",
                "dst_parent": "private final java.util.Optional\u003cjava.util.function.Function\u003c? super S, ? extends T\u003e\u003e writing;"
              },
              "line": 58,
              "file": "/home/khesoem/projects/lighter/exp/src/main/java/org/springframework/data/convert/DefaultConverterBuilder.java",
              "stats": {
                "number_of_src_entities": 2,
                "number_of_dst_entities": 8,
                "src_entity_types": "[org.springframework.core.convert.converter.GenericConverter.ConvertiblePair]",
                "dst_entity_types": "[java.util.function.Function\u003c? super S, ? extends T\u003e, java.util.Optional\u003cjava.util.function.Function\u003c? super S, ? extends T\u003e\u003e]"
              }
            }
          ]
        }
      ]
    },
    {
      "revision": "4be5aae181ad9930f409a93eb5a36697884c5c18",
      "repairability": [
        {
          "tool-name": "Elixir",
          "pattern-name": "Elixir:update_type_ref",
          "Unified_Diff_of-files:": "Starts Below...",
          "DELETE:": "    @RequiredArgsConstructor",
          "INSERT:": "",
          "CHANGE_old:": "        private final @NonNull ConversionService conversionService;",
          "CHANGE_new:": "        private final ConversionService conversionService;",
          "instance_detail": [
            {
              "pattern_action": "UPD",
              "pattern_entity": {
                "entity_type": "TypeReference",
                "entity_new value": "*",
                "entity_role": "*",
                "entity_parent": "null"
              },
              "concrete_change": {
                "operator": "UPD",
                "src_type": "TypeParameterReference",
                "dst_type": "TypeParameterReference",
                "src": "T",
                "dst": "S",
                "src_parent_type": "Field",
                "dst_parent_type": "Field",
                "src_parent": "@lombok.NonNull\nprivate final T second;",
                "dst_parent": "private final S first;"
              },
              "line": 45,
              "file": "/home/khesoem/projects/lighter/exp/src/main/java/org/springframework/data/util/Pair.java",
              "stats": {
                "number_of_src_entities": 1,
                "number_of_dst_entities": 1,
                "src_entity_types": "[]",
                "dst_entity_types": "[]"
              }
            }
          ]
        },
        {
          "tool-name": "Elixir",
          "pattern-name": "Elixir:update_type_ref",
          "Unified_Diff_of-files:": "Starts Below...",
          "DELETE:": "    @RequiredArgsConstructor",
          "INSERT:": "",
          "CHANGE_old:": "        private final @NonNull ConversionService conversionService;",
          "CHANGE_new:": "        private final ConversionService conversionService;",
          "instance_detail": [
            {
              "pattern_action": "UPD",
              "pattern_entity": {
                "entity_type": "TypeReference",
                "entity_new value": "*",
                "entity_role": "*",
                "entity_parent": "null"
              },
              "concrete_change": {
                "operator": "UPD",
                "src_type": "TypeParameterReference",
                "dst_type": "TypeParameterReference",
                "src": "S",
                "dst": "T",
                "src_parent_type": "Field",
                "dst_parent_type": "Field",
                "src_parent": "@lombok.NonNull\nprivate final S first;",
                "dst_parent": "private final T second;"
              },
              "line": 44,
              "file": "/home/khesoem/projects/lighter/exp/src/main/java/org/springframework/data/util/Pair.java",
              "stats": {
                "number_of_src_entities": 1,
                "number_of_dst_entities": 1,
                "src_entity_types": "[]",
                "dst_entity_types": "[]"
              }
            }
          ]
        }
      ]
    }
  ],
  "complete_analysis": true
}