{
  "instances": [
    {
      "revision": "24c1b823c6dc7729623f9f3b3697d64246d7dfa3",
      "repairability": [
        {
          "tool-name": "Elixir",
          "pattern-name": "Elixir:update_type_ref",
          "Unified_Diff_of-files:": "Starts Below...",
          "DELETE:": "import java.util.concurrent.ConcurrentHashMap;",
          "CHANGE_old:": "                .toMultiValueMap(new ConcurrentReferenceHashMap\u0026lt;Class\u0026lt;? extends Annotation\u0026gt;, List\u0026lt;P\u0026gt;\u0026gt;());",
          "CHANGE_new:": "",
          "instance_detail": [
            {
              "pattern_action": "UPD",
              "pattern_entity": {
                "entity_type": "TypeReference",
                "entity_new value": "*",
                "entity_role": "*",
                "entity_parent": "null"
              },
              "concrete_change": {
                "operator": "UPD",
                "src_type": "TypeReference",
                "dst_type": "TypeReference",
                "src": "org.springframework.data.mapping.model.PreferredConstructor\u003cT, P\u003e",
                "dst": "org.springframework.data.mapping.PreferredConstructor\u003cT, P\u003e",
                "src_parent_type": "Field",
                "dst_parent_type": "Field",
                "src_parent": "@org.springframework.lang.Nullable\nprivate final org.springframework.data.mapping.model.PreferredConstructor\u003cT, P\u003e constructor;",
                "dst_parent": "@org.springframework.lang.Nullable\nprivate final org.springframework.data.mapping.PreferredConstructor\u003cT, P\u003e constructor;"
              },
              "line": 62,
              "file": "/home/khesoem/projects/lighter/exp/src/main/java/org/springframework/data/mapping/model/BasicPersistentEntity.java",
              "stats": {
                "number_of_src_entities": 4,
                "number_of_dst_entities": 4,
                "src_entity_types": "[org.springframework.data.mapping.model.PreferredConstructor\u003cT, P\u003e]",
                "dst_entity_types": "[org.springframework.data.mapping.PreferredConstructor\u003cT, P\u003e]"
              }
            }
          ]
        },
        {
          "tool-name": "Elixir",
          "pattern-name": "Elixir:update_type_ref",
          "Unified_Diff_of-files:": "Starts Below...",
          "DELETE:": "import java.util.concurrent.ConcurrentHashMap;",
          "CHANGE_old:": "                .toMultiValueMap(new ConcurrentReferenceHashMap\u0026lt;Class\u0026lt;? extends Annotation\u0026gt;, List\u0026lt;P\u0026gt;\u0026gt;());",
          "CHANGE_new:": "",
          "instance_detail": [
            {
              "pattern_action": "UPD",
              "pattern_entity": {
                "entity_type": "TypeReference",
                "entity_new value": "*",
                "entity_role": "*",
                "entity_parent": "null"
              },
              "concrete_change": {
                "operator": "UPD",
                "src_type": "TypeReference",
                "dst_type": "TypeReference",
                "src": "org.springframework.data.mapping.model.PreferredConstructor\u003cT, P\u003e",
                "dst": "org.springframework.data.mapping.PreferredConstructor\u003cT, P\u003e",
                "src_parent_type": "Method",
                "dst_parent_type": "Method",
                "src_parent": "@org.springframework.lang.Nullable\npublic org.springframework.data.mapping.model.PreferredConstructor\u003cT, P\u003e getPersistenceConstructor() {\n    return constructor;\n}",
                "dst_parent": "@org.springframework.lang.Nullable\npublic org.springframework.data.mapping.PreferredConstructor\u003cT, P\u003e getPersistenceConstructor() {\n    return constructor;\n}"
              },
              "line": 120,
              "file": "/home/khesoem/projects/lighter/exp/src/main/java/org/springframework/data/mapping/model/BasicPersistentEntity.java",
              "stats": {
                "number_of_src_entities": 4,
                "number_of_dst_entities": 4,
                "src_entity_types": "[org.springframework.data.mapping.model.PreferredConstructor\u003cT, P\u003e]",
                "dst_entity_types": "[org.springframework.data.mapping.PreferredConstructor\u003cT, P\u003e]"
              }
            }
          ]
        },
        {
          "tool-name": "Elixir",
          "pattern-name": "Elixir:update_type_ref",
          "Unified_Diff_of-files:": "Starts Below...",
          "DELETE:": "import java.util.concurrent.ConcurrentHashMap;",
          "CHANGE_old:": "                .toMultiValueMap(new ConcurrentReferenceHashMap\u0026lt;Class\u0026lt;? extends Annotation\u0026gt;, List\u0026lt;P\u0026gt;\u0026gt;());",
          "CHANGE_new:": "",
          "instance_detail": [
            {
              "pattern_action": "UPD",
              "pattern_entity": {
                "entity_type": "TypeReference",
                "entity_new value": "*",
                "entity_role": "*",
                "entity_parent": "null"
              },
              "concrete_change": {
                "operator": "UPD",
                "src_type": "TypeReference",
                "dst_type": "TypeReference",
                "src": "org.springframework.data.mapping.model.Alias",
                "dst": "org.springframework.data.mapping.Alias",
                "src_parent_type": "Method",
                "dst_parent_type": "Method",
                "src_parent": "public org.springframework.data.mapping.model.Alias getTypeAlias() {\n    return typeAlias.get();\n}",
                "dst_parent": "public org.springframework.data.mapping.Alias getTypeAlias() {\n    return typeAlias.get();\n}"
              },
              "line": 317,
              "file": "/home/khesoem/projects/lighter/exp/src/main/java/org/springframework/data/mapping/model/BasicPersistentEntity.java",
              "stats": {
                "number_of_src_entities": 2,
                "number_of_dst_entities": 2,
                "src_entity_types": "[org.springframework.data.mapping.model.Alias]",
                "dst_entity_types": "[org.springframework.data.mapping.Alias]"
              }
            }
          ]
        },
        {
          "tool-name": "Elixir",
          "pattern-name": "Elixir:update_type_ref",
          "Unified_Diff_of-files:": "Starts Below...",
          "DELETE:": "import java.util.concurrent.ConcurrentHashMap;",
          "CHANGE_old:": "                .toMultiValueMap(new ConcurrentReferenceHashMap\u0026lt;Class\u0026lt;? extends Annotation\u0026gt;, List\u0026lt;P\u0026gt;\u0026gt;());",
          "CHANGE_new:": "",
          "instance_detail": [
            {
              "pattern_action": "UPD",
              "pattern_entity": {
                "entity_type": "TypeReference",
                "entity_new value": "*",
                "entity_role": "*",
                "entity_parent": "null"
              },
              "concrete_change": {
                "operator": "UPD",
                "src_type": "TypeReference",
                "dst_type": "TypeReference",
                "src": "org.springframework.data.mapping.model.PersistentPropertyAccessor",
                "dst": "org.springframework.data.mapping.PersistentPropertyAccessor",
                "src_parent_type": "Method",
                "dst_parent_type": "Method",
                "src_parent": "@java.lang.Override\npublic org.springframework.data.mapping.model.PersistentPropertyAccessor getPropertyAccessor(java.lang.Object bean) {\n    org.springframework.util.Assert.notNull(bean, \"Target bean must not be null!\");\n    org.springframework.util.Assert.isTrue(getType().isInstance(bean), () -\u003e java.lang.String.format(org.springframework.data.mapping.model.BasicPersistentEntity.TYPE_MISMATCH, bean.getClass().getName(), getType().getName()));\n    return propertyAccessorFactory.getPropertyAccessor(this, bean);\n}",
                "dst_parent": "@java.lang.Override\npublic org.springframework.data.mapping.PersistentPropertyAccessor getPropertyAccessor(java.lang.Object bean) {\n    org.springframework.util.Assert.notNull(bean, \"Target bean must not be null!\");\n    org.springframework.util.Assert.isTrue(getType().isInstance(bean), () -\u003e java.lang.String.format(org.springframework.data.mapping.model.BasicPersistentEntity.TYPE_MISMATCH, bean.getClass().getName(), getType().getName()));\n    return propertyAccessorFactory.getPropertyAccessor(this, bean);\n}"
              },
              "line": 434,
              "file": "/home/khesoem/projects/lighter/exp/src/main/java/org/springframework/data/mapping/model/BasicPersistentEntity.java",
              "stats": {
                "number_of_src_entities": 2,
                "number_of_dst_entities": 2,
                "src_entity_types": "[org.springframework.data.mapping.model.PersistentPropertyAccessor]",
                "dst_entity_types": "[org.springframework.data.mapping.PersistentPropertyAccessor]"
              }
            }
          ]
        },
        {
          "tool-name": "Elixir",
          "pattern-name": "Elixir:update_type_ref",
          "Unified_Diff_of-files:": "Starts Below...",
          "DELETE:": "import java.util.concurrent.ConcurrentHashMap;",
          "CHANGE_old:": "                .toMultiValueMap(new ConcurrentReferenceHashMap\u0026lt;Class\u0026lt;? extends Annotation\u0026gt;, List\u0026lt;P\u0026gt;\u0026gt;());",
          "CHANGE_new:": "",
          "instance_detail": [
            {
              "pattern_action": "UPD",
              "pattern_entity": {
                "entity_type": "TypeReference",
                "entity_new value": "*",
                "entity_role": "*",
                "entity_parent": "null"
              },
              "concrete_change": {
                "operator": "UPD",
                "src_type": "TypeReference",
                "dst_type": "TypeReference",
                "src": "org.springframework.data.mapping.model.IdentifierAccessor",
                "dst": "org.springframework.data.mapping.IdentifierAccessor",
                "src_parent_type": "Method",
                "dst_parent_type": "Method",
                "src_parent": "@java.lang.Override\npublic org.springframework.data.mapping.model.IdentifierAccessor getIdentifierAccessor(java.lang.Object bean) {\n    org.springframework.util.Assert.notNull(bean, \"Target bean must not be null!\");\n    org.springframework.util.Assert.isTrue(getType().isInstance(bean), () -\u003e java.lang.String.format(org.springframework.data.mapping.model.BasicPersistentEntity.TYPE_MISMATCH, bean.getClass().getName(), getType().getName()));\n    return hasIdProperty() ? new org.springframework.data.mapping.model.IdPropertyIdentifierAccessor(this, bean) : new org.springframework.data.mapping.model.BasicPersistentEntity.AbsentIdentifierAccessor(bean);\n}",
                "dst_parent": "@java.lang.Override\npublic org.springframework.data.mapping.IdentifierAccessor getIdentifierAccessor(java.lang.Object bean) {\n    org.springframework.util.Assert.notNull(bean, \"Target bean must not be null!\");\n    org.springframework.util.Assert.isTrue(getType().isInstance(bean), () -\u003e java.lang.String.format(org.springframework.data.mapping.model.BasicPersistentEntity.TYPE_MISMATCH, bean.getClass().getName(), getType().getName()));\n    return hasIdProperty() ? new org.springframework.data.mapping.model.IdPropertyIdentifierAccessor(this, bean) : new org.springframework.data.mapping.model.BasicPersistentEntity.AbsentIdentifierAccessor(bean);\n}"
              },
              "line": 448,
              "file": "/home/khesoem/projects/lighter/exp/src/main/java/org/springframework/data/mapping/model/BasicPersistentEntity.java",
              "stats": {
                "number_of_src_entities": 2,
                "number_of_dst_entities": 2,
                "src_entity_types": "[org.springframework.data.mapping.model.IdentifierAccessor]",
                "dst_entity_types": "[org.springframework.data.mapping.IdentifierAccessor]"
              }
            }
          ]
        },
        {
          "tool-name": "Elixir",
          "pattern-name": "Elixir:update_type_ref",
          "Unified_Diff_of-files:": "Starts Below...",
          "DELETE:": "import java.util.concurrent.ConcurrentHashMap;",
          "CHANGE_old:": "                .toMultiValueMap(new ConcurrentReferenceHashMap\u0026lt;Class\u0026lt;? extends Annotation\u0026gt;, List\u0026lt;P\u0026gt;\u0026gt;());",
          "CHANGE_new:": "",
          "instance_detail": [
            {
              "pattern_action": "UPD",
              "pattern_entity": {
                "entity_type": "TypeReference",
                "entity_new value": "*",
                "entity_role": "*",
                "entity_parent": "null"
              },
              "concrete_change": {
                "operator": "UPD",
                "src_type": "TypeReference",
                "dst_type": "TypeReference",
                "src": "org.springframework.data.mapping.model.Alias",
                "dst": "org.springframework.data.mapping.Alias",
                "src_parent_type": "Method",
                "dst_parent_type": "Method",
                "src_parent": "private static org.springframework.data.mapping.model.Alias getAliasFromAnnotation(java.lang.Class\u003c?\u003e type) {\n    java.util.Optional\u003cjava.lang.String\u003e typeAliasValue \u003d java.util.Optional.ofNullable(org.springframework.core.annotation.AnnotatedElementUtils.findMergedAnnotation(type, org.springframework.data.annotation.TypeAlias.class)).map(TypeAlias::value).filter(StringUtils::hasText);\n    return org.springframework.data.mapping.model.Alias.ofNullable(typeAliasValue.orElse(null));\n}",
                "dst_parent": "private static org.springframework.data.mapping.Alias getAliasFromAnnotation(java.lang.Class\u003c?\u003e type) {\n    java.util.Optional\u003cjava.lang.String\u003e typeAliasValue \u003d java.util.Optional.ofNullable(org.springframework.core.annotation.AnnotatedElementUtils.findMergedAnnotation(type, org.springframework.data.annotation.TypeAlias.class)).map(TypeAlias::value).filter(StringUtils::hasText);\n    return org.springframework.data.mapping.Alias.ofNullable(typeAliasValue.orElse(null));\n}"
              },
              "line": 468,
              "file": "/home/khesoem/projects/lighter/exp/src/main/java/org/springframework/data/mapping/model/BasicPersistentEntity.java",
              "stats": {
                "number_of_src_entities": 2,
                "number_of_dst_entities": 2,
                "src_entity_types": "[org.springframework.data.mapping.model.Alias]",
                "dst_entity_types": "[org.springframework.data.mapping.Alias]"
              }
            }
          ]
        },
        {
          "tool-name": "Elixir",
          "pattern-name": "Elixir:update_type_ref",
          "Unified_Diff_of-files:": "Starts Below...",
          "DELETE:": "import java.util.concurrent.ConcurrentHashMap;",
          "CHANGE_old:": "                .toMultiValueMap(new ConcurrentReferenceHashMap\u0026lt;Class\u0026lt;? extends Annotation\u0026gt;, List\u0026lt;P\u0026gt;\u0026gt;());",
          "CHANGE_new:": "",
          "instance_detail": [
            {
              "pattern_action": "UPD",
              "pattern_entity": {
                "entity_type": "TypeReference",
                "entity_new value": "*",
                "entity_role": "*",
                "entity_parent": "null"
              },
              "concrete_change": {
                "operator": "UPD",
                "src_type": "TypeReference",
                "dst_type": "TypeReference",
                "src": "org.springframework.data.mapping.model.PersistentProperty\u003c?\u003e",
                "dst": "org.springframework.data.mapping.PersistentProperty\u003c?\u003e",
                "src_parent_type": "ParameterReference",
                "dst_parent_type": "Parameter",
                "src_parent": "property",
                "dst_parent": "org.springframework.data.mapping.PersistentProperty\u003c?\u003e property"
              },
              "line": 128,
              "file": "/home/khesoem/projects/lighter/exp/src/main/java/org/springframework/data/mapping/model/BasicPersistentEntity.java",
              "stats": {
                "number_of_src_entities": 5,
                "number_of_dst_entities": 5,
                "src_entity_types": "[, org.springframework.data.mapping.model.PersistentProperty\u003c?\u003e]",
                "dst_entity_types": "[, org.springframework.data.mapping.PersistentProperty\u003c?\u003e]"
              }
            }
          ]
        },
        {
          "tool-name": "Elixir",
          "pattern-name": "Elixir:update_type_ref",
          "Unified_Diff_of-files:": "Starts Below...",
          "DELETE:": "import java.util.concurrent.ConcurrentHashMap;",
          "CHANGE_old:": "                .toMultiValueMap(new ConcurrentReferenceHashMap\u0026lt;Class\u0026lt;? extends Annotation\u0026gt;, List\u0026lt;P\u0026gt;\u0026gt;());",
          "CHANGE_new:": "",
          "instance_detail": [
            {
              "pattern_action": "UPD",
              "pattern_entity": {
                "entity_type": "TypeReference",
                "entity_new value": "*",
                "entity_role": "*",
                "entity_parent": "null"
              },
              "concrete_change": {
                "operator": "UPD",
                "src_type": "TypeReference",
                "dst_type": "TypeReference",
                "src": "org.springframework.data.mapping.model.PersistentProperty\u003c?\u003e",
                "dst": "org.springframework.data.mapping.PersistentProperty\u003c?\u003e",
                "src_parent_type": "ParameterReference",
                "dst_parent_type": "Parameter",
                "src_parent": "property",
                "dst_parent": "org.springframework.data.mapping.PersistentProperty\u003c?\u003e property"
              },
              "line": 136,
              "file": "/home/khesoem/projects/lighter/exp/src/main/java/org/springframework/data/mapping/model/BasicPersistentEntity.java",
              "stats": {
                "number_of_src_entities": 5,
                "number_of_dst_entities": 5,
                "src_entity_types": "[, org.springframework.data.mapping.model.PersistentProperty\u003c?\u003e]",
                "dst_entity_types": "[, org.springframework.data.mapping.PersistentProperty\u003c?\u003e]"
              }
            }
          ]
        },
        {
          "tool-name": "Elixir",
          "pattern-name": "Elixir:update_type_ref",
          "Unified_Diff_of-files:": "Starts Below...",
          "DELETE:": "import java.util.concurrent.ConcurrentHashMap;",
          "CHANGE_old:": "                .toMultiValueMap(new ConcurrentReferenceHashMap\u0026lt;Class\u0026lt;? extends Annotation\u0026gt;, List\u0026lt;P\u0026gt;\u0026gt;());",
          "CHANGE_new:": "",
          "instance_detail": [
            {
              "pattern_action": "UPD",
              "pattern_entity": {
                "entity_type": "TypeReference",
                "entity_new value": "*",
                "entity_role": "*",
                "entity_parent": "null"
              },
              "concrete_change": {
                "operator": "UPD",
                "src_type": "TypeReference",
                "dst_type": "TypeReference",
                "src": "org.springframework.data.mapping.model.PersistentProperty\u003c?\u003e",
                "dst": "org.springframework.data.mapping.PersistentProperty\u003c?\u003e",
                "src_parent_type": "ParameterReference",
                "dst_parent_type": "Parameter",
                "src_parent": "property",
                "dst_parent": "org.springframework.data.mapping.PersistentProperty\u003c?\u003e property"
              },
              "line": 144,
              "file": "/home/khesoem/projects/lighter/exp/src/main/java/org/springframework/data/mapping/model/BasicPersistentEntity.java",
              "stats": {
                "number_of_src_entities": 5,
                "number_of_dst_entities": 5,
                "src_entity_types": "[, org.springframework.data.mapping.model.PersistentProperty\u003c?\u003e]",
                "dst_entity_types": "[, org.springframework.data.mapping.PersistentProperty\u003c?\u003e]"
              }
            }
          ]
        },
        {
          "tool-name": "Elixir",
          "pattern-name": "Elixir:update_type_ref",
          "Unified_Diff_of-files:": "Starts Below...",
          "DELETE:": "import java.util.concurrent.ConcurrentHashMap;",
          "CHANGE_old:": "                .toMultiValueMap(new ConcurrentReferenceHashMap\u0026lt;Class\u0026lt;? extends Annotation\u0026gt;, List\u0026lt;P\u0026gt;\u0026gt;());",
          "CHANGE_new:": "",
          "instance_detail": [
            {
              "pattern_action": "UPD",
              "pattern_entity": {
                "entity_type": "TypeReference",
                "entity_new value": "*",
                "entity_role": "*",
                "entity_parent": "null"
              },
              "concrete_change": {
                "operator": "UPD",
                "src_type": "TypeReference",
                "dst_type": "TypeReference",
                "src": "org.springframework.data.mapping.model.Association\u003cP\u003e",
                "dst": "org.springframework.data.mapping.Association\u003cP\u003e",
                "src_parent_type": "ParameterReference",
                "dst_parent_type": "Parameter",
                "src_parent": "association",
                "dst_parent": "org.springframework.data.mapping.Association\u003cP\u003e association"
              },
              "line": 260,
              "file": "/home/khesoem/projects/lighter/exp/src/main/java/org/springframework/data/mapping/model/BasicPersistentEntity.java",
              "stats": {
                "number_of_src_entities": 3,
                "number_of_dst_entities": 3,
                "src_entity_types": "[org.springframework.data.mapping.model.Association\u003cP\u003e]",
                "dst_entity_types": "[org.springframework.data.mapping.Association\u003cP\u003e]"
              }
            }
          ]
        },
        {
          "tool-name": "Elixir",
          "pattern-name": "Elixir:update_type_ref",
          "Unified_Diff_of-files:": "Starts Below...",
          "DELETE:": "import java.util.concurrent.ConcurrentHashMap;",
          "CHANGE_old:": "                .toMultiValueMap(new ConcurrentReferenceHashMap\u0026lt;Class\u0026lt;? extends Annotation\u0026gt;, List\u0026lt;P\u0026gt;\u0026gt;());",
          "CHANGE_new:": "",
          "instance_detail": [
            {
              "pattern_action": "UPD",
              "pattern_entity": {
                "entity_type": "TypeReference",
                "entity_new value": "*",
                "entity_role": "*",
                "entity_parent": "null"
              },
              "concrete_change": {
                "operator": "UPD",
                "src_type": "TypeReference",
                "dst_type": "TypeReference",
                "src": "org.springframework.data.mapping.model.PropertyHandler\u003cP\u003e",
                "dst": "org.springframework.data.mapping.PropertyHandler\u003cP\u003e",
                "src_parent_type": "ParameterReference",
                "dst_parent_type": "Parameter",
                "src_parent": "handler",
                "dst_parent": "org.springframework.data.mapping.PropertyHandler\u003cP\u003e handler"
              },
              "line": 333,
              "file": "/home/khesoem/projects/lighter/exp/src/main/java/org/springframework/data/mapping/model/BasicPersistentEntity.java",
              "stats": {
                "number_of_src_entities": 3,
                "number_of_dst_entities": 3,
                "src_entity_types": "[org.springframework.data.mapping.model.PropertyHandler\u003cP\u003e]",
                "dst_entity_types": "[org.springframework.data.mapping.PropertyHandler\u003cP\u003e]"
              }
            }
          ]
        },
        {
          "tool-name": "Elixir",
          "pattern-name": "Elixir:update_type_ref",
          "Unified_Diff_of-files:": "Starts Below...",
          "DELETE:": "import java.util.concurrent.ConcurrentHashMap;",
          "CHANGE_old:": "                .toMultiValueMap(new ConcurrentReferenceHashMap\u0026lt;Class\u0026lt;? extends Annotation\u0026gt;, List\u0026lt;P\u0026gt;\u0026gt;());",
          "CHANGE_new:": "",
          "instance_detail": [
            {
              "pattern_action": "UPD",
              "pattern_entity": {
                "entity_type": "TypeReference",
                "entity_new value": "*",
                "entity_role": "*",
                "entity_parent": "null"
              },
              "concrete_change": {
                "operator": "UPD",
                "src_type": "TypeReference",
                "dst_type": "TypeReference",
                "src": "org.springframework.data.mapping.model.SimplePropertyHandler",
                "dst": "org.springframework.data.mapping.SimplePropertyHandler",
                "src_parent_type": "ParameterReference",
                "dst_parent_type": "Parameter",
                "src_parent": "handler",
                "dst_parent": "org.springframework.data.mapping.SimplePropertyHandler handler"
              },
              "line": 347,
              "file": "/home/khesoem/projects/lighter/exp/src/main/java/org/springframework/data/mapping/model/BasicPersistentEntity.java",
              "stats": {
                "number_of_src_entities": 2,
                "number_of_dst_entities": 2,
                "src_entity_types": "[org.springframework.data.mapping.model.SimplePropertyHandler]",
                "dst_entity_types": "[org.springframework.data.mapping.SimplePropertyHandler]"
              }
            }
          ]
        },
        {
          "tool-name": "Elixir",
          "pattern-name": "Elixir:update_type_ref",
          "Unified_Diff_of-files:": "Starts Below...",
          "DELETE:": "import java.util.concurrent.ConcurrentHashMap;",
          "CHANGE_old:": "                .toMultiValueMap(new ConcurrentReferenceHashMap\u0026lt;Class\u0026lt;? extends Annotation\u0026gt;, List\u0026lt;P\u0026gt;\u0026gt;());",
          "CHANGE_new:": "",
          "instance_detail": [
            {
              "pattern_action": "UPD",
              "pattern_entity": {
                "entity_type": "TypeReference",
                "entity_new value": "*",
                "entity_role": "*",
                "entity_parent": "null"
              },
              "concrete_change": {
                "operator": "UPD",
                "src_type": "TypeReference",
                "dst_type": "TypeReference",
                "src": "org.springframework.data.mapping.model.AssociationHandler\u003cP\u003e",
                "dst": "org.springframework.data.mapping.AssociationHandler\u003cP\u003e",
                "src_parent_type": "ParameterReference",
                "dst_parent_type": "Parameter",
                "src_parent": "handler",
                "dst_parent": "org.springframework.data.mapping.AssociationHandler\u003cP\u003e handler"
              },
              "line": 360,
              "file": "/home/khesoem/projects/lighter/exp/src/main/java/org/springframework/data/mapping/model/BasicPersistentEntity.java",
              "stats": {
                "number_of_src_entities": 3,
                "number_of_dst_entities": 3,
                "src_entity_types": "[org.springframework.data.mapping.model.AssociationHandler\u003cP\u003e]",
                "dst_entity_types": "[org.springframework.data.mapping.AssociationHandler\u003cP\u003e]"
              }
            }
          ]
        },
        {
          "tool-name": "Elixir",
          "pattern-name": "Elixir:update_type_ref",
          "Unified_Diff_of-files:": "Starts Below...",
          "DELETE:": "import java.util.concurrent.ConcurrentHashMap;",
          "CHANGE_old:": "                .toMultiValueMap(new ConcurrentReferenceHashMap\u0026lt;Class\u0026lt;? extends Annotation\u0026gt;, List\u0026lt;P\u0026gt;\u0026gt;());",
          "CHANGE_new:": "",
          "instance_detail": [
            {
              "pattern_action": "UPD",
              "pattern_entity": {
                "entity_type": "TypeReference",
                "entity_new value": "*",
                "entity_role": "*",
                "entity_parent": "null"
              },
              "concrete_change": {
                "operator": "UPD",
                "src_type": "TypeReference",
                "dst_type": "TypeReference",
                "src": "org.springframework.data.mapping.model.SimpleAssociationHandler",
                "dst": "org.springframework.data.mapping.SimpleAssociationHandler",
                "src_parent_type": "ParameterReference",
                "dst_parent_type": "Parameter",
                "src_parent": "handler",
                "dst_parent": "org.springframework.data.mapping.SimpleAssociationHandler handler"
              },
              "line": 373,
              "file": "/home/khesoem/projects/lighter/exp/src/main/java/org/springframework/data/mapping/model/BasicPersistentEntity.java",
              "stats": {
                "number_of_src_entities": 2,
                "number_of_dst_entities": 2,
                "src_entity_types": "[org.springframework.data.mapping.model.SimpleAssociationHandler]",
                "dst_entity_types": "[org.springframework.data.mapping.SimpleAssociationHandler]"
              }
            }
          ]
        },
        {
          "tool-name": "Elixir",
          "pattern-name": "Elixir:update_type_ref",
          "Unified_Diff_of-files:": "Starts Below...",
          "DELETE:": "import java.util.concurrent.ConcurrentHashMap;",
          "CHANGE_old:": "                .toMultiValueMap(new ConcurrentReferenceHashMap\u0026lt;Class\u0026lt;? extends Annotation\u0026gt;, List\u0026lt;P\u0026gt;\u0026gt;());",
          "CHANGE_new:": "",
          "instance_detail": [
            {
              "pattern_action": "UPD",
              "pattern_entity": {
                "entity_type": "TypeReference",
                "entity_new value": "*",
                "entity_role": "*",
                "entity_parent": "null"
              },
              "concrete_change": {
                "operator": "UPD",
                "src_type": "TypeReference",
                "dst_type": "TypeReference",
                "src": "org.springframework.data.mapping.model.PersistentProperty\u003c?\u003e",
                "dst": "org.springframework.data.mapping.PersistentProperty\u003c?\u003e",
                "src_parent_type": "LocalVariable",
                "dst_parent_type": "LocalVariable",
                "src_parent": "org.springframework.data.mapping.model.PersistentProperty\u003c?\u003e property",
                "dst_parent": "org.springframework.data.mapping.PersistentProperty\u003c?\u003e property"
              },
              "line": 351,
              "file": "/home/khesoem/projects/lighter/exp/src/main/java/org/springframework/data/mapping/model/BasicPersistentEntity.java",
              "stats": {
                "number_of_src_entities": 5,
                "number_of_dst_entities": 5,
                "src_entity_types": "[, org.springframework.data.mapping.model.PersistentProperty\u003c?\u003e]",
                "dst_entity_types": "[, org.springframework.data.mapping.PersistentProperty\u003c?\u003e]"
              }
            }
          ]
        },
        {
          "tool-name": "Elixir",
          "pattern-name": "Elixir:update_type_ref",
          "Unified_Diff_of-files:": "Starts Below...",
          "DELETE:": "import java.util.concurrent.ConcurrentHashMap;",
          "CHANGE_old:": "                .toMultiValueMap(new ConcurrentReferenceHashMap\u0026lt;Class\u0026lt;? extends Annotation\u0026gt;, List\u0026lt;P\u0026gt;\u0026gt;());",
          "CHANGE_new:": "",
          "instance_detail": [
            {
              "pattern_action": "UPD",
              "pattern_entity": {
                "entity_type": "TypeReference",
                "entity_new value": "*",
                "entity_role": "*",
                "entity_parent": "null"
              },
              "concrete_change": {
                "operator": "UPD",
                "src_type": "TypeReference",
                "dst_type": "TypeReference",
                "src": "org.springframework.data.mapping.model.Association\u003cP\u003e",
                "dst": "org.springframework.data.mapping.Association\u003cP\u003e",
                "src_parent_type": "LocalVariable",
                "dst_parent_type": "LocalVariable",
                "src_parent": "org.springframework.data.mapping.model.Association\u003cP\u003e association",
                "dst_parent": "org.springframework.data.mapping.Association\u003cP\u003e association"
              },
              "line": 364,
              "file": "/home/khesoem/projects/lighter/exp/src/main/java/org/springframework/data/mapping/model/BasicPersistentEntity.java",
              "stats": {
                "number_of_src_entities": 3,
                "number_of_dst_entities": 3,
                "src_entity_types": "[org.springframework.data.mapping.model.Association\u003cP\u003e]",
                "dst_entity_types": "[org.springframework.data.mapping.Association\u003cP\u003e]"
              }
            }
          ]
        },
        {
          "tool-name": "Elixir",
          "pattern-name": "Elixir:update_type_ref",
          "Unified_Diff_of-files:": "Starts Below...",
          "DELETE:": "import java.util.concurrent.ConcurrentHashMap;",
          "CHANGE_old:": "                .toMultiValueMap(new ConcurrentReferenceHashMap\u0026lt;Class\u0026lt;? extends Annotation\u0026gt;, List\u0026lt;P\u0026gt;\u0026gt;());",
          "CHANGE_new:": "",
          "instance_detail": [
            {
              "pattern_action": "UPD",
              "pattern_entity": {
                "entity_type": "TypeReference",
                "entity_new value": "*",
                "entity_role": "*",
                "entity_parent": "null"
              },
              "concrete_change": {
                "operator": "UPD",
                "src_type": "TypeReference",
                "dst_type": "TypeReference",
                "src": "org.springframework.data.mapping.model.Association\u003c? extends org.springframework.data.mapping.model.PersistentProperty\u003c?\u003e\u003e",
                "dst": "org.springframework.data.mapping.Association\u003c? extends org.springframework.data.mapping.PersistentProperty\u003c?\u003e\u003e",
                "src_parent_type": "LocalVariable",
                "dst_parent_type": "LocalVariable",
                "src_parent": "org.springframework.data.mapping.model.Association\u003c? extends org.springframework.data.mapping.model.PersistentProperty\u003c?\u003e\u003e association",
                "dst_parent": "org.springframework.data.mapping.Association\u003c? extends org.springframework.data.mapping.PersistentProperty\u003c?\u003e\u003e association"
              },
              "line": 377,
              "file": "/home/khesoem/projects/lighter/exp/src/main/java/org/springframework/data/mapping/model/BasicPersistentEntity.java",
              "stats": {
                "number_of_src_entities": 8,
                "number_of_dst_entities": 8,
                "src_entity_types": "[org.springframework.data.mapping.model.Association\u003c? extends org.springframework.data.mapping.model.PersistentProperty\u003c?\u003e\u003e, , org.springframework.data.mapping.model.PersistentProperty\u003c?\u003e]",
                "dst_entity_types": "[org.springframework.data.mapping.Association\u003c? extends org.springframework.data.mapping.PersistentProperty\u003c?\u003e\u003e, , org.springframework.data.mapping.PersistentProperty\u003c?\u003e]"
              }
            }
          ]
        },
        {
          "tool-name": "Elixir",
          "pattern-name": "Elixir:update_type_ref",
          "Unified_Diff_of-files:": "Starts Below...",
          "DELETE:": "import java.util.concurrent.ConcurrentHashMap;",
          "CHANGE_old:": "                .toMultiValueMap(new ConcurrentReferenceHashMap\u0026lt;Class\u0026lt;? extends Annotation\u0026gt;, List\u0026lt;P\u0026gt;\u0026gt;());",
          "CHANGE_new:": "",
          "instance_detail": [
            {
              "pattern_action": "UPD",
              "pattern_entity": {
                "entity_type": "TypeReference",
                "entity_new value": "*",
                "entity_role": "*",
                "entity_parent": "null"
              },
              "concrete_change": {
                "operator": "UPD",
                "src_type": "TypeReference",
                "dst_type": "TypeReference",
                "src": "org.springframework.data.mapping.model.Association\u003cP\u003e",
                "dst": "org.springframework.data.mapping.Association\u003cP\u003e",
                "src_parent_type": "ParameterReference",
                "dst_parent_type": "Parameter",
                "src_parent": "left",
                "dst_parent": "@org.springframework.lang.Nullable\norg.springframework.data.mapping.Association\u003cP\u003e left"
              },
              "line": 517,
              "file": "/home/khesoem/projects/lighter/exp/src/main/java/org/springframework/data/mapping/model/BasicPersistentEntity.java",
              "stats": {
                "number_of_src_entities": 3,
                "number_of_dst_entities": 3,
                "src_entity_types": "[org.springframework.data.mapping.model.Association\u003cP\u003e]",
                "dst_entity_types": "[org.springframework.data.mapping.Association\u003cP\u003e]"
              }
            }
          ]
        },
        {
          "tool-name": "Elixir",
          "pattern-name": "Elixir:update_type_ref",
          "Unified_Diff_of-files:": "Starts Below...",
          "DELETE:": "import java.util.concurrent.ConcurrentHashMap;",
          "CHANGE_old:": "                .toMultiValueMap(new ConcurrentReferenceHashMap\u0026lt;Class\u0026lt;? extends Annotation\u0026gt;, List\u0026lt;P\u0026gt;\u0026gt;());",
          "CHANGE_new:": "",
          "instance_detail": [
            {
              "pattern_action": "UPD",
              "pattern_entity": {
                "entity_type": "TypeReference",
                "entity_new value": "*",
                "entity_role": "*",
                "entity_parent": "null"
              },
              "concrete_change": {
                "operator": "UPD",
                "src_type": "TypeReference",
                "dst_type": "TypeReference",
                "src": "org.springframework.data.mapping.model.Association\u003cP\u003e",
                "dst": "org.springframework.data.mapping.Association\u003cP\u003e",
                "src_parent_type": "ParameterReference",
                "dst_parent_type": "Parameter",
                "src_parent": "right",
                "dst_parent": "@org.springframework.lang.Nullable\norg.springframework.data.mapping.Association\u003cP\u003e right"
              },
              "line": 517,
              "file": "/home/khesoem/projects/lighter/exp/src/main/java/org/springframework/data/mapping/model/BasicPersistentEntity.java",
              "stats": {
                "number_of_src_entities": 3,
                "number_of_dst_entities": 3,
                "src_entity_types": "[org.springframework.data.mapping.model.Association\u003cP\u003e]",
                "dst_entity_types": "[org.springframework.data.mapping.Association\u003cP\u003e]"
              }
            }
          ]
        },
        {
          "tool-name": "Elixir",
          "pattern-name": "Elixir:update_invocation",
          "Unified_Diff_of-files:": "Starts Below...",
          "DELETE:": "import java.util.concurrent.ConcurrentHashMap;",
          "CHANGE_old:": "                .toMultiValueMap(new ConcurrentReferenceHashMap\u0026lt;Class\u0026lt;? extends Annotation\u0026gt;, List\u0026lt;P\u0026gt;\u0026gt;());",
          "CHANGE_new:": "",
          "instance_detail": [
            {
              "pattern_action": "UPD",
              "pattern_entity": {
                "entity_type": "AbstractInvocation",
                "entity_new value": "*",
                "entity_role": "*",
                "entity_parent": "null"
              },
              "concrete_change": {
                "operator": "UPD",
                "src_type": "ConstructorCall",
                "dst_type": "ConstructorCall",
                "src": "new org.springframework.util.ConcurrentReferenceHashMap\u003cjava.lang.Class\u003c? extends java.lang.annotation.Annotation\u003e, java.util.List\u003cP\u003e\u003e()",
                "dst": "new org.springframework.util.ConcurrentReferenceHashMap()",
                "src_parent_type": "Invocation",
                "dst_parent_type": "Invocation",
                "src_parent": "org.springframework.util.CollectionUtils.toMultiValueMap(new org.springframework.util.ConcurrentReferenceHashMap\u003cjava.lang.Class\u003c? extends java.lang.annotation.Annotation\u003e, java.util.List\u003cP\u003e\u003e())",
                "dst_parent": "org.springframework.util.CollectionUtils.toMultiValueMap(new org.springframework.util.ConcurrentReferenceHashMap())"
              },
              "line": 110,
              "file": "/home/khesoem/projects/lighter/exp/src/main/java/org/springframework/data/mapping/model/BasicPersistentEntity.java",
              "stats": {
                "number_of_src_entities": 14,
                "number_of_dst_entities": 6,
                "src_entity_types": "[ConcurrentReferenceHashMap]",
                "dst_entity_types": "[org.springframework.data.mapping.model.ConcurrentReferenceHashMap\u003c\u003e]"
              }
            }
          ]
        }
      ]
    }
  ],
  "complete_analysis": true
}