{
  "instances": [
    {
      "revision": "461bf39b8adc4ba58288ff992a4f745b7acb17ae",
      "repairability": [
        {
          "tool-name": "Elixir",
          "pattern-name": "Elixir:update_invocation_deep",
          "Unified_Diff_of-files:": "Starts Below...",
          "DELETE:": "import java.lang.annotation.Annotation;",
          "CHANGE_old:": "        Method method \u003d getMethod(field, object, \"get\");",
          "CHANGE_new:": "        Method method \u003d findMethod(field, object, \"get\");",
          "INSERT:": "            Class\u0026lt;?\u0026gt; clazz \u003d object.getClass();",
          "instance_detail": [
            {
              "pattern_action": "ANY",
              "pattern_entity": {
                "entity_type": "*",
                "entity_new value": "*",
                "entity_role": "*",
                "entity_parent": {
                  "entity_type": "AbstractInvocation",
                  "entity_new value": "*",
                  "entity_role": "*",
                  "entity_parent": "null"
                }
              },
              "concrete_change": {
                "operator": "UPD",
                "src_type": "VariableRead",
                "dst_type": "VariableRead",
                "src": "object",
                "dst": "clazz",
                "src_parent_type": "Invocation",
                "dst_parent_type": "Invocation",
                "src_parent": "object.getClass()",
                "dst_parent": "clazz.getDeclaredMethod(methodName)"
              },
              "line": 159,
              "file": "/home/khesoem/projects/lighter/exp/src/main/java/com/json/ignore/filter/field/FieldFilterProcessor.java",
              "stats": {
                "number_of_src_entities": 4,
                "number_of_dst_entities": 7,
                "src_entity_types": "[java.lang.Object]",
                "dst_entity_types": "[, java.lang.Class\u003c?\u003e]"
              }
            }
          ]
        },
        {
          "tool-name": "Elixir",
          "pattern-name": "Elixir:update_invocation_deep",
          "Unified_Diff_of-files:": "Starts Below...",
          "DELETE:": "import java.lang.annotation.Annotation;",
          "CHANGE_old:": "        Method method \u003d getMethod(field, object, \"get\");",
          "CHANGE_new:": "        Method method \u003d findMethod(field, object, \"get\");",
          "INSERT:": "            Class\u0026lt;?\u0026gt; clazz \u003d object.getClass();",
          "instance_detail": [
            {
              "pattern_action": "ANY",
              "pattern_entity": {
                "entity_type": "*",
                "entity_new value": "*",
                "entity_role": "*",
                "entity_parent": {
                  "entity_type": "AbstractInvocation",
                  "entity_new value": "*",
                  "entity_role": "*",
                  "entity_parent": "null"
                }
              },
              "concrete_change": {
                "operator": "INS",
                "src_type": "VariableRead",
                "dst_type": "null",
                "src": "clazz",
                "dst": "null",
                "src_parent_type": "Invocation",
                "dst_parent_type": "null",
                "src_parent": "clazz.getDeclaredMethod(methodName, field.getType())",
                "dst_parent": "null"
              },
              "line": 161,
              "file": "/home/khesoem/projects/lighter/exp/src/main/java/com/json/ignore/filter/field/FieldFilterProcessor.java",
              "stats": {
                "number_of_src_entities": 7,
                "number_of_dst_entities": -1,
                "src_entity_types": "[, java.lang.Class\u003c?\u003e]",
                "dst_entity_types": "[]"
              }
            }
          ]
        }
      ]
    }
  ],
  "complete_analysis": true
}