{
  "instances": [
    {
      "revision": "7b9b10110c91563759507e71886a4b3a1131c08b",
      "repairability": [
        {
          "tool-name": "Elixir",
          "pattern-name": "Elixir:BO_change",
          "Unified_Diff_of-files:": "Starts Below...",
          "DELETE:": "        String xml \u003d FileUtil.inputStreamToString(file);",
          "CHANGE_old:": "            return xml !\u003d null ? xmlMapper.readValue(xml, clazz) : null;",
          "CHANGE_new:": "                return xmlMapper.readValue(file, clazz);",
          "INSERT:": "}",
          "instance_detail": [
            {
              "pattern_action": "UPD",
              "pattern_entity": {
                "entity_type": "BinaryOperator",
                "entity_new value": "*",
                "entity_role": "*",
                "entity_parent": "null"
              },
              "concrete_change": {
                "operator": "UPD",
                "src_type": "BinaryOperator",
                "dst_type": "BinaryOperator",
                "src": "file \u003d\u003d null",
                "dst": "file !\u003d null",
                "src_parent_type": "If",
                "dst_parent_type": "If",
                "src_parent": "if (file \u003d\u003d null)\n    return null;\n",
                "dst_parent": "if (file !\u003d null) {\n    com.fasterxml.jackson.dataformat.xml.XmlMapper xmlMapper \u003d new com.fasterxml.jackson.dataformat.xml.XmlMapper();\n    xmlMapper.setDefaultUseWrapper(false);\n    try {\n        return xmlMapper.readValue(file, clazz);\n    } catch (java.io.IOException e) {\n        return null;\n    }\n}"
              },
              "line": 86,
              "file": "/home/khesoem/projects/lighter/exp/src/main/java/com/json/ignore/FileUtil.java",
              "stats": {
                "number_of_src_entities": 8,
                "number_of_dst_entities": 8,
                "src_entity_types": "[boolean, java.io.File, \u003cnulltype\u003e]",
                "dst_entity_types": "[boolean, java.io.File, \u003cnulltype\u003e]"
              }
            }
          ]
        }
      ]
    }
  ],
  "complete_analysis": true
}