{
  "instances": [
    {
      "revision": "64384ca4a8d8a342aa01549c15390ee6dfb13df3",
      "repairability": [
        {
          "tool-name": "Elixir",
          "pattern-name": "Elixir:check_length",
          "Unified_Diff_of-files:": "Starts Below...",
          "INSERT:": "        this.file \u003d file;",
          "instance_detail": [
            {
              "pattern_action": "INS",
              "pattern_entity": {
                "entity_type": "If",
                "entity_new value": "*",
                "entity_role": "*",
                "entity_parent": "null"
              },
              "concrete_change": {
                "operator": "INS",
                "src_type": "If",
                "dst_type": "null",
                "src": "if (filter instanceof com.json.ignore.filter.file.FileFilter) {\n    ((com.json.ignore.filter.file.FileFilter) (filter)).setFileWatcher(fileWatcher);\n}",
                "dst": "null",
                "src_parent_type": "Block",
                "dst_parent_type": "null",
                "src_parent": "{\n    if (filter instanceof com.json.ignore.filter.file.FileFilter) {\n        ((com.json.ignore.filter.file.FileFilter) (filter)).setFileWatcher(fileWatcher);\n    }\n    filters.put(key, filter);\n    return filter;\n}",
                "dst_parent": "null"
              },
              "line": 79,
              "file": "/home/khesoem/projects/lighter/exp/src/main/java/com/json/ignore/advice/FilterProvider.java"
            },
            {
              "pattern_action": "MOV",
              "pattern_entity": {
                "entity_type": "Statement",
                "entity_new value": "*",
                "entity_role": "*",
                "entity_parent": "null"
              },
              "concrete_change": {
                "operator": "MOV",
                "src_type": "Block",
                "dst_type": "Block",
                "src": "{\n    filters.put(key, filter);\n    return filter;\n}",
                "dst": "{\n    ((com.json.ignore.filter.file.FileFilter) (filter)).setFileWatcher(fileWatcher);\n}",
                "src_parent_type": "If",
                "dst_parent_type": "If",
                "src_parent": "if (filter !\u003d null) {\n    filters.put(key, filter);\n    return filter;\n}",
                "dst_parent": "if (filter instanceof com.json.ignore.filter.file.FileFilter) {\n    ((com.json.ignore.filter.file.FileFilter) (filter)).setFileWatcher(fileWatcher);\n}"
              },
              "line": 70,
              "file": "/home/khesoem/projects/lighter/exp/src/main/java/com/json/ignore/advice/FilterProvider.java",
              "stats": {
                "number_of_src_entities": 42,
                "number_of_dst_entities": 25,
                "src_entity_types": "[java.lang.annotation.Annotation, java.util.Map\u003cjava.lang.annotation.Annotation, com.json.ignore.filter.BaseFilter\u003e, com.json.ignore.advice.FilterProvider, com.json.ignore.filter.BaseFilter]",
                "dst_entity_types": "[com.json.ignore.filter.file.FileFilter, com.json.ignore.filter.BaseFilter, com.json.ignore.advice.FilterProvider]"
              }
            }
          ]
        }
      ]
    }
  ],
  "complete_analysis": true
}