{
  "instances": [
    {
      "revision": "799edff16397c461b20edd5a1c278feb21fb29e1",
      "repairability": [
        {
          "tool-name": "Elixir",
          "pattern-name": "Elixir:Insert_Invocation",
          "Unified_Diff_of-files:": "Starts Below...",
          "CHANGE_old:": "                .match((s -\u0026gt; FilterFields.class.isInstance(s.getAttribute(ATTRIBUTE_FILTER_FIELDS))), (s -\u0026gt; (FilterFields) s.getAttribute(ATTRIBUTE_FILTER_FIELDS)))",
          "CHANGE_new:": "                .match((FilterFields.class::isInstance), (s -\u0026gt; (FilterFields) s))",
          "instance_detail": [
            {
              "pattern_action": "INS",
              "pattern_entity": {
                "entity_type": "AbstractInvocation",
                "entity_new value": "*",
                "entity_role": "*",
                "entity_parent": "null"
              },
              "concrete_change": {
                "operator": "INS",
                "src_type": "Invocation",
                "dst_type": "null",
                "src": "request.getSession().getAttribute(com.jfilter.components.DynamicSessionFilter.ATTRIBUTE_FILTER_FIELDS)",
                "dst": "null",
                "src_parent_type": "Invocation",
                "dst_parent_type": "null",
                "src_parent": "com.comparator.Comparator.of(request.getSession().getAttribute(com.jfilter.components.DynamicSessionFilter.ATTRIBUTE_FILTER_FIELDS), com.jfilter.filter.FilterFields.class)",
                "dst_parent": "null"
              },
              "line": 33,
              "file": "/home/khesoem/projects/lighter/exp/src/main/java/com/jfilter/components/DynamicSessionFilter.java",
              "stats": {
                "number_of_src_entities": 21,
                "number_of_dst_entities": -1,
                "src_entity_types": "[com.jfilter.components.DynamicSessionFilter, com.jfilter.request.RequestSession]",
                "dst_entity_types": "[]"
              }
            }
          ]
        }
      ]
    }
  ],
  "complete_analysis": true
}