{
  "instances": [
    {
      "revision": "8c46e774118a60d2c982e5b8e665ff62386bb938",
      "repairability": [
        {
          "tool-name": "Elixir",
          "pattern-name": "Elixir:update_type_ref",
          "Unified_Diff_of-files:": "Starts Below...",
          "DELETE:": "",
          "CHANGE_old:": "                    return (Run) exec;",
          "CHANGE_new:": "                    return (Run\u0026lt;?, ?\u0026gt;) exec;",
          "INSERT:": "",
          "instance_detail": [
            {
              "pattern_action": "UPD",
              "pattern_entity": {
                "entity_type": "TypeReference",
                "entity_new value": "*",
                "entity_role": "*",
                "entity_parent": "null"
              },
              "concrete_change": {
                "operator": "UPD",
                "src_type": "TypeReference",
                "dst_type": "TypeReference",
                "src": "java.lang.String",
                "dst": "hudson.plugins.ansicolor.ColorConsoleAnnotator.Factory",
                "src_parent_type": "Field",
                "dst_parent_type": "Field",
                "src_parent": "@javax.annotation.CheckForNull\nprivate final java.lang.String colorMapName;",
                "dst_parent": "private static final hudson.plugins.ansicolor.ColorConsoleAnnotator.Factory FACTORY \u003d new hudson.plugins.ansicolor.ColorConsoleAnnotator.Factory();"
              },
              "line": 57,
              "file": "/home/khesoem/projects/lighter/exp/src/main/java/hudson/plugins/ansicolor/ColorConsoleAnnotator.java",
              "stats": {
                "number_of_src_entities": 2,
                "number_of_dst_entities": 3,
                "src_entity_types": "[java.lang.String]",
                "dst_entity_types": "[hudson.plugins.ansicolor.ColorConsoleAnnotator, hudson.plugins.ansicolor.ColorConsoleAnnotator.Factory]"
              }
            }
          ]
        },
        {
          "tool-name": "Elixir",
          "pattern-name": "Elixir:update_type_ref",
          "Unified_Diff_of-files:": "Starts Below...",
          "DELETE:": "",
          "CHANGE_old:": "                    return (Run) exec;",
          "CHANGE_new:": "                    return (Run\u0026lt;?, ?\u0026gt;) exec;",
          "INSERT:": "",
          "instance_detail": [
            {
              "pattern_action": "UPD",
              "pattern_entity": {
                "entity_type": "TypeReference",
                "entity_new value": "*",
                "entity_role": "*",
                "entity_parent": "null"
              },
              "concrete_change": {
                "operator": "UPD",
                "src_type": "TypeReference",
                "dst_type": "TypeReference",
                "src": "java.util.List\u003chudson.plugins.ansicolor.AnsiAttributeElement\u003e",
                "dst": "java.lang.String",
                "src_parent_type": "Field",
                "dst_parent_type": "Field",
                "src_parent": "@javax.annotation.Nonnull\nprivate final java.util.List\u003chudson.plugins.ansicolor.AnsiAttributeElement\u003e openTags;",
                "dst_parent": "@javax.annotation.CheckForNull\nprivate java.lang.String colorMapName;"
              },
              "line": 58,
              "file": "/home/khesoem/projects/lighter/exp/src/main/java/hudson/plugins/ansicolor/ColorConsoleAnnotator.java",
              "stats": {
                "number_of_src_entities": 4,
                "number_of_dst_entities": 2,
                "src_entity_types": "[hudson.plugins.ansicolor.AnsiAttributeElement, java.util.List\u003chudson.plugins.ansicolor.AnsiAttributeElement\u003e]",
                "dst_entity_types": "[java.lang.String]"
              }
            }
          ]
        },
        {
          "tool-name": "Elixir",
          "pattern-name": "Elixir:update_type_ref",
          "Unified_Diff_of-files:": "Starts Below...",
          "DELETE:": "",
          "CHANGE_old:": "                    return (Run) exec;",
          "CHANGE_new:": "                    return (Run\u0026lt;?, ?\u0026gt;) exec;",
          "INSERT:": "",
          "instance_detail": [
            {
              "pattern_action": "UPD",
              "pattern_entity": {
                "entity_type": "TypeReference",
                "entity_new value": "*",
                "entity_role": "*",
                "entity_parent": "null"
              },
              "concrete_change": {
                "operator": "UPD",
                "src_type": "TypeReference",
                "dst_type": "TypeReference",
                "src": "java.lang.String",
                "dst": "hudson.plugins.ansicolor.command.action.ColorizedAction",
                "src_parent_type": "LocalVariable",
                "dst_parent_type": "LocalVariable",
                "src_parent": "java.lang.String actualColorMapName",
                "dst_parent": "final hudson.plugins.ansicolor.command.action.ColorizedAction colorizedAction \u003d hudson.plugins.ansicolor.command.action.ActionNote.parseAction(text, hudson.plugins.ansicolor.ColorConsoleAnnotator.runOf(context))"
              },
              "line": 72,
              "file": "/home/khesoem/projects/lighter/exp/src/main/java/hudson/plugins/ansicolor/ColorConsoleAnnotator.java",
              "stats": {
                "number_of_src_entities": 2,
                "number_of_dst_entities": 2,
                "src_entity_types": "[java.lang.String]",
                "dst_entity_types": "[hudson.plugins.ansicolor.command.action.ColorizedAction]"
              }
            }
          ]
        },
        {
          "tool-name": "Elixir",
          "pattern-name": "Elixir:check_length",
          "Unified_Diff_of-files:": "Starts Below...",
          "DELETE:": "",
          "CHANGE_old:": "                    return (Run) exec;",
          "CHANGE_new:": "                    return (Run\u0026lt;?, ?\u0026gt;) exec;",
          "INSERT:": "",
          "instance_detail": [
            {
              "pattern_action": "INS",
              "pattern_entity": {
                "entity_type": "If",
                "entity_new value": "*",
                "entity_role": "*",
                "entity_parent": "null"
              },
              "concrete_change": {
                "operator": "INS",
                "src_type": "If",
                "dst_type": "null",
                "src": "if ((colorMapName) \u003d\u003d null) {\n    return this;\n}",
                "dst": "null",
                "src_parent_type": "Block",
                "dst_parent_type": "null",
                "src_parent": "{\n    final hudson.plugins.ansicolor.command.action.ColorizedAction colorizedAction \u003d hudson.plugins.ansicolor.command.action.ActionNote.parseAction(text, hudson.plugins.ansicolor.ColorConsoleAnnotator.runOf(context));\n    switch (colorizedAction.getCommand()) {\n        case START :\n            colorMapName \u003d colorizedAction.getColorMapName();\n            break;\n        case STOP :\n            return hudson.plugins.ansicolor.ColorConsoleAnnotator.FACTORY.newInstance(context);\n    }\n    if ((colorMapName) \u003d\u003d null) {\n        colorMapName \u003d jenkins.model.Jenkins.get().getDescriptorByType(AnsiColorBuildWrapper.DescriptorImpl.class).getGlobalColorMapName();\n    }\n    if ((colorMapName) \u003d\u003d null) {\n        return this;\n    }\n    java.lang.String s \u003d text.getText();\n    java.util.List\u003chudson.plugins.ansicolor.AnsiAttributeElement\u003e nextOpenTags \u003d openTags;\n    hudson.plugins.ansicolor.AnsiColorMap colorMap \u003d jenkins.model.Jenkins.get().getDescriptorByType(AnsiColorBuildWrapper.DescriptorImpl.class).getColorMap(colorMapName);\n    if (((((s.indexOf(\u0027\\u001b\u0027)) !\u003d (-1)) || (!(openTags.isEmpty()))) || ((colorMap.getDefaultBackground()) !\u003d null)) || ((colorMap.getDefaultForeground()) !\u003d null)) {\n        org.apache.commons.io.output.CountingOutputStream outgoing \u003d new org.apache.commons.io.output.CountingOutputStream(new org.apache.commons.io.output.NullOutputStream());\n        class EmitterImpl implements hudson.plugins.ansicolor.AnsiAttributeElement.Emitter {\n            org.apache.commons.io.output.CountingOutputStream incoming;\n\n            int adjustment;\n\n            int lastPoint \u003d -1;\n\n            @java.lang.Override\n            public void emitHtml(@javax.annotation.Nonnull\n            java.lang.String html) {\n                final int inCount \u003d getIncomingCount();\n                hudson.plugins.ansicolor.ColorConsoleAnnotator.LOGGER.log(java.util.logging.Level.FINEST, \"emitting {0} @{1}/{2}\", new java.lang.Object[]{ html, inCount, s.length() });\n                text.addMarkup(inCount, html);\n                hideIfNeeded(inCount, \"\");\n            }\n\n            private int getIncomingCount() {\n                final int inCount \u003d incoming.getCount();\n                return inCount \u003d\u003d 1 ? 0 : inCount;\n            }\n\n            private void hideIfNeeded(int inCount, java.lang.String msg) {\n                if (inCount !\u003d (lastPoint)) {\n                    lastPoint \u003d inCount;\n                    final int outCount \u003d (outgoing.getCount()) + (adjustment);\n                    final int hide \u003d inCount - outCount;\n                    if (hide !\u003d 0) {\n                        hudson.plugins.ansicolor.ColorConsoleAnnotator.LOGGER.log(java.util.logging.Level.FINEST, \"hiding {0} @{1}{2}\", new java.lang.Object[]{ hide, outCount, msg });\n                        text.addMarkup(outCount, (outCount + hide), \"\u003c!--\", \"--\u003e\");\n                        adjustment +\u003d hide;\n                    }\n                }\n            }\n\n            @java.lang.Override\n            public void emitInvisibleSequence() {\n                hideIfNeeded(getIncomingCount(), \" (ANSI sequence with no corresponding HTML tags)\");\n            }\n        }\n        EmitterImpl emitter \u003d new EmitterImpl();\n        try (hudson.plugins.ansicolor.AnsiHtmlOutputStream ansiOs \u003d new hudson.plugins.ansicolor.AnsiHtmlOutputStream(outgoing, colorMap, emitter, openTags);org.apache.commons.io.output.CountingOutputStream incoming \u003d new org.apache.commons.io.output.CountingOutputStream(ansiOs)) {\n            emitter.incoming \u003d incoming;\n            for (int i \u003d 0; i \u003c (s.length()); i++) {\n                char c \u003d s.charAt(i);\n                if (c \u003e\u003d 128) {\n                    c \u003d \u0027?\u0027;\n                }\n                incoming.write(c);\n            }\n            nextOpenTags \u003d ansiOs.getOpenTags();\n            if (((colorMap.getDefaultBackground()) !\u003d null) || ((colorMap.getDefaultForeground()) !\u003d null)) {\n                nextOpenTags.remove(0);\n            }\n        } catch (java.io.IOException x) {\n            hudson.plugins.ansicolor.ColorConsoleAnnotator.LOGGER.log(java.util.logging.Level.WARNING, null, x);\n        }\n        hudson.plugins.ansicolor.ColorConsoleAnnotator.LOGGER.finer(() -\u003e (((\"\\\"\" + (org.apache.commons.lang.StringEscapeUtils.escapeJava(s))) + \"\\\" \\u2192 \\\"\") + (org.apache.commons.lang.StringEscapeUtils.escapeJava(text.toString(true)))) + \"\\\"\");\n    }\n    openTags \u003d nextOpenTags;\n    return this;\n}",
                "dst_parent": "null"
              },
              "line": 90,
              "file": "/home/khesoem/projects/lighter/exp/src/main/java/hudson/plugins/ansicolor/ColorConsoleAnnotator.java",
              "stats": {
                "number_of_src_entities": 25,
                "number_of_dst_entities": -1,
                "src_entity_types": "[hudson.plugins.ansicolor.ColorConsoleAnnotator, boolean, \u003cnulltype\u003e]",
                "dst_entity_types": "[]"
              }
            },
            {
              "pattern_action": "MOV",
              "pattern_entity": {
                "entity_type": "Statement",
                "entity_new value": "*",
                "entity_role": "*",
                "entity_parent": "null"
              },
              "concrete_change": {
                "operator": "MOV",
                "src_type": "Block",
                "dst_type": "Block",
                "src": "{\n    return this;\n}",
                "dst": "{\n    return this;\n}",
                "src_parent_type": "If",
                "dst_parent_type": "If",
                "src_parent": "if (actualColorMapName \u003d\u003d null) {\n    return this;\n}",
                "dst_parent": "if ((colorMapName) \u003d\u003d null) {\n    return this;\n}"
              },
              "line": 75,
              "file": "/home/khesoem/projects/lighter/exp/src/main/java/hudson/plugins/ansicolor/ColorConsoleAnnotator.java",
              "stats": {
                "number_of_src_entities": 8,
                "number_of_dst_entities": 8,
                "src_entity_types": "[hudson.plugins.ansicolor.ColorConsoleAnnotator]",
                "dst_entity_types": "[hudson.plugins.ansicolor.ColorConsoleAnnotator]"
              }
            }
          ]
        },
        {
          "tool-name": "Elixir",
          "pattern-name": "Elixir:check_length",
          "Unified_Diff_of-files:": "Starts Below...",
          "DELETE:": "",
          "CHANGE_old:": "                    return (Run) exec;",
          "CHANGE_new:": "                    return (Run\u0026lt;?, ?\u0026gt;) exec;",
          "INSERT:": "",
          "instance_detail": [
            {
              "pattern_action": "INS",
              "pattern_entity": {
                "entity_type": "If",
                "entity_new value": "*",
                "entity_role": "*",
                "entity_parent": "null"
              },
              "concrete_change": {
                "operator": "INS",
                "src_type": "If",
                "dst_type": "null",
                "src": "if ((colorMapName) \u003d\u003d null) {\n    colorMapName \u003d jenkins.model.Jenkins.get().getDescriptorByType(AnsiColorBuildWrapper.DescriptorImpl.class).getGlobalColorMapName();\n}",
                "dst": "null",
                "src_parent_type": "Block",
                "dst_parent_type": "null",
                "src_parent": "{\n    final hudson.plugins.ansicolor.command.action.ColorizedAction colorizedAction \u003d hudson.plugins.ansicolor.command.action.ActionNote.parseAction(text, hudson.plugins.ansicolor.ColorConsoleAnnotator.runOf(context));\n    switch (colorizedAction.getCommand()) {\n        case START :\n            colorMapName \u003d colorizedAction.getColorMapName();\n            break;\n        case STOP :\n            return hudson.plugins.ansicolor.ColorConsoleAnnotator.FACTORY.newInstance(context);\n    }\n    if ((colorMapName) \u003d\u003d null) {\n        colorMapName \u003d jenkins.model.Jenkins.get().getDescriptorByType(AnsiColorBuildWrapper.DescriptorImpl.class).getGlobalColorMapName();\n    }\n    if ((colorMapName) \u003d\u003d null) {\n        return this;\n    }\n    java.lang.String s \u003d text.getText();\n    java.util.List\u003chudson.plugins.ansicolor.AnsiAttributeElement\u003e nextOpenTags \u003d openTags;\n    hudson.plugins.ansicolor.AnsiColorMap colorMap \u003d jenkins.model.Jenkins.get().getDescriptorByType(AnsiColorBuildWrapper.DescriptorImpl.class).getColorMap(colorMapName);\n    if (((((s.indexOf(\u0027\\u001b\u0027)) !\u003d (-1)) || (!(openTags.isEmpty()))) || ((colorMap.getDefaultBackground()) !\u003d null)) || ((colorMap.getDefaultForeground()) !\u003d null)) {\n        org.apache.commons.io.output.CountingOutputStream outgoing \u003d new org.apache.commons.io.output.CountingOutputStream(new org.apache.commons.io.output.NullOutputStream());\n        class EmitterImpl implements hudson.plugins.ansicolor.AnsiAttributeElement.Emitter {\n            org.apache.commons.io.output.CountingOutputStream incoming;\n\n            int adjustment;\n\n            int lastPoint \u003d -1;\n\n            @java.lang.Override\n            public void emitHtml(@javax.annotation.Nonnull\n            java.lang.String html) {\n                final int inCount \u003d getIncomingCount();\n                hudson.plugins.ansicolor.ColorConsoleAnnotator.LOGGER.log(java.util.logging.Level.FINEST, \"emitting {0} @{1}/{2}\", new java.lang.Object[]{ html, inCount, s.length() });\n                text.addMarkup(inCount, html);\n                hideIfNeeded(inCount, \"\");\n            }\n\n            private int getIncomingCount() {\n                final int inCount \u003d incoming.getCount();\n                return inCount \u003d\u003d 1 ? 0 : inCount;\n            }\n\n            private void hideIfNeeded(int inCount, java.lang.String msg) {\n                if (inCount !\u003d (lastPoint)) {\n                    lastPoint \u003d inCount;\n                    final int outCount \u003d (outgoing.getCount()) + (adjustment);\n                    final int hide \u003d inCount - outCount;\n                    if (hide !\u003d 0) {\n                        hudson.plugins.ansicolor.ColorConsoleAnnotator.LOGGER.log(java.util.logging.Level.FINEST, \"hiding {0} @{1}{2}\", new java.lang.Object[]{ hide, outCount, msg });\n                        text.addMarkup(outCount, (outCount + hide), \"\u003c!--\", \"--\u003e\");\n                        adjustment +\u003d hide;\n                    }\n                }\n            }\n\n            @java.lang.Override\n            public void emitInvisibleSequence() {\n                hideIfNeeded(getIncomingCount(), \" (ANSI sequence with no corresponding HTML tags)\");\n            }\n        }\n        EmitterImpl emitter \u003d new EmitterImpl();\n        try (hudson.plugins.ansicolor.AnsiHtmlOutputStream ansiOs \u003d new hudson.plugins.ansicolor.AnsiHtmlOutputStream(outgoing, colorMap, emitter, openTags);org.apache.commons.io.output.CountingOutputStream incoming \u003d new org.apache.commons.io.output.CountingOutputStream(ansiOs)) {\n            emitter.incoming \u003d incoming;\n            for (int i \u003d 0; i \u003c (s.length()); i++) {\n                char c \u003d s.charAt(i);\n                if (c \u003e\u003d 128) {\n                    c \u003d \u0027?\u0027;\n                }\n                incoming.write(c);\n            }\n            nextOpenTags \u003d ansiOs.getOpenTags();\n            if (((colorMap.getDefaultBackground()) !\u003d null) || ((colorMap.getDefaultForeground()) !\u003d null)) {\n                nextOpenTags.remove(0);\n            }\n        } catch (java.io.IOException x) {\n            hudson.plugins.ansicolor.ColorConsoleAnnotator.LOGGER.log(java.util.logging.Level.WARNING, null, x);\n        }\n        hudson.plugins.ansicolor.ColorConsoleAnnotator.LOGGER.finer(() -\u003e (((\"\\\"\" + (org.apache.commons.lang.StringEscapeUtils.escapeJava(s))) + \"\\\" \\u2192 \\\"\") + (org.apache.commons.lang.StringEscapeUtils.escapeJava(text.toString(true)))) + \"\\\"\");\n    }\n    openTags \u003d nextOpenTags;\n    return this;\n}",
                "dst_parent": "null"
              },
              "line": 87,
              "file": "/home/khesoem/projects/lighter/exp/src/main/java/hudson/plugins/ansicolor/ColorConsoleAnnotator.java",
              "stats": {
                "number_of_src_entities": 59,
                "number_of_dst_entities": -1,
                "src_entity_types": "[hudson.plugins.ansicolor.ColorConsoleAnnotator, jenkins.model.Jenkins, boolean, java.lang.String, AnsiColorBuildWrapper.DescriptorImpl, \u003cnulltype\u003e]",
                "dst_entity_types": "[]"
              }
            },
            {
              "pattern_action": "MOV",
              "pattern_entity": {
                "entity_type": "Statement",
                "entity_new value": "*",
                "entity_role": "*",
                "entity_parent": "null"
              },
              "concrete_change": {
                "operator": "MOV",
                "src_type": "Invocation",
                "dst_type": "Invocation",
                "src": "jenkins.model.Jenkins.get().getDescriptorByType(AnsiColorBuildWrapper.DescriptorImpl.class).getGlobalColorMapName()",
                "dst": "jenkins.model.Jenkins.get().getDescriptorByType(AnsiColorBuildWrapper.DescriptorImpl.class).getGlobalColorMapName()",
                "src_parent_type": "Invocation",
                "dst_parent_type": "Assignment",
                "src_parent": "hudson.Util.fixEmpty(jenkins.model.Jenkins.get().getDescriptorByType(AnsiColorBuildWrapper.DescriptorImpl.class).getGlobalColorMapName())",
                "dst_parent": "colorMapName \u003d jenkins.model.Jenkins.get().getDescriptorByType(AnsiColorBuildWrapper.DescriptorImpl.class).getGlobalColorMapName()"
              },
              "line": 203,
              "file": "/home/khesoem/projects/lighter/exp/src/main/java/hudson/plugins/ansicolor/ColorConsoleAnnotator.java",
              "stats": {
                "number_of_src_entities": 24,
                "number_of_dst_entities": 26,
                "src_entity_types": "[jenkins.model.Jenkins, AnsiColorBuildWrapper.DescriptorImpl]",
                "dst_entity_types": "[jenkins.model.Jenkins, AnsiColorBuildWrapper.DescriptorImpl]"
              }
            }
          ]
        },
        {
          "tool-name": "Elixir",
          "pattern-name": "Elixir:update_invocation_deep",
          "Unified_Diff_of-files:": "Starts Below...",
          "DELETE:": "",
          "CHANGE_old:": "                    return (Run) exec;",
          "CHANGE_new:": "                    return (Run\u0026lt;?, ?\u0026gt;) exec;",
          "INSERT:": "",
          "instance_detail": [
            {
              "pattern_action": "ANY",
              "pattern_entity": {
                "entity_type": "*",
                "entity_new value": "*",
                "entity_role": "*",
                "entity_parent": {
                  "entity_type": "AbstractInvocation",
                  "entity_new value": "*",
                  "entity_role": "*",
                  "entity_parent": "null"
                }
              },
              "concrete_change": {
                "operator": "DEL",
                "src_type": "VariableRead",
                "dst_type": "null",
                "src": "actualColorMapName",
                "dst": "null",
                "src_parent_type": "Invocation",
                "dst_parent_type": "null",
                "src_parent": "jenkins.model.Jenkins.get().getDescriptorByType(AnsiColorBuildWrapper.DescriptorImpl.class).getColorMap(actualColorMapName)",
                "dst_parent": "null"
              },
              "line": 83,
              "file": "/home/khesoem/projects/lighter/exp/src/main/java/hudson/plugins/ansicolor/ColorConsoleAnnotator.java",
              "stats": {
                "number_of_src_entities": 4,
                "number_of_dst_entities": -1,
                "src_entity_types": "[java.lang.String]",
                "dst_entity_types": "[]"
              }
            }
          ]
        }
      ]
    }
  ],
  "complete_analysis": true
}