{
  "instances": [
    {
      "revision": "bed01ee93e0f6139acaefb58b0b0bef62bd754c8",
      "repairability": [
        {
          "tool-name": "JKali",
          "pattern-name": "JKali:add_rtrn",
          "Unified_Diff_of-files:": "Starts Below...",
          "INSERT:": "",
          "CHANGE_old:": "    return httpClient.request(method, requestOptions);",
          "CHANGE_new:": "    return httpClientRequestFactory.create(invocation, httpClient, method, requestOptions);",
          "instance_detail": [
            {
              "pattern_action": "INS",
              "pattern_entity": {
                "entity_type": "Return",
                "entity_new value": "*",
                "entity_role": "Statement",
                "entity_parent": "null"
              },
              "concrete_change": {
                "operator": "INS",
                "src_type": "Return",
                "dst_type": "null",
                "src": "return this",
                "dst": "null",
                "src_parent_type": "Block",
                "dst_parent_type": "null",
                "src_parent": "{\n    this.httpClientRequestFactory \u003d factory;\n    return this;\n}",
                "dst_parent": "null"
              },
              "line": 55,
              "file": "/home/khesoem/projects/lighter/exp/transports/transport-rest/transport-rest-client/src/main/java/org/apache/servicecomb/transport/rest/client/RestClientTransportContextFactory.java"
            }
          ]
        }
      ]
    }
  ],
  "complete_analysis": true
}