{
  "instances": [
    {
      "revision": "a72feb615d7c9801b8cd4e6de40b9b6abba463b0",
      "repairability": [
        {
          "tool-name": "JKali",
          "pattern-name": "JKali:del",
          "Unified_Diff_of-files:": "Starts Below...",
          "INSERT:": "}",
          "instance_detail": [
            {
              "pattern_action": "DEL",
              "pattern_entity": {
                "entity_type": "*",
                "entity_new value": "*",
                "entity_role": "Statement",
                "entity_parent": "null"
              },
              "concrete_change": {
                "operator": "DEL",
                "src_type": "Invocation",
                "dst_type": "null",
                "src": "serviceInfo.append(bootUpInformationCollector.collect()).append(\u0027\\n\u0027)",
                "dst": "null",
                "src_parent_type": "Block",
                "dst_parent_type": "null",
                "src_parent": "{\n    serviceInfo.append(bootUpInformationCollector.collect()).append(\u0027\\n\u0027);\n}",
                "dst_parent": "null"
              },
              "line": 332,
              "file": "/home/khesoem/projects/lighter/exp/core/src/main/java/org/apache/servicecomb/core/SCBEngine.java",
              "stats": {
                "number_of_src_entities": 25,
                "number_of_dst_entities": -1,
                "src_entity_types": "[java.lang.StringBuilder, org.apache.servicecomb.core.bootup.BootUpInformationCollector, char]",
                "dst_entity_types": "[]"
              }
            }
          ]
        }
      ]
    },
    {
      "revision": "a72feb615d7c9801b8cd4e6de40b9b6abba463b0",
      "repairability": [
        {
          "tool-name": "JKali",
          "pattern-name": "JKali:add_rtrn",
          "Unified_Diff_of-files:": "Starts Below...",
          "INSERT:": "}",
          "instance_detail": [
            {
              "pattern_action": "INS",
              "pattern_entity": {
                "entity_type": "Return",
                "entity_new value": "*",
                "entity_role": "Statement",
                "entity_parent": "null"
              },
              "concrete_change": {
                "operator": "INS",
                "src_type": "Return",
                "dst_type": "null",
                "src": "return collect()",
                "dst": "null",
                "src_parent_type": "Block",
                "dst_parent_type": "null",
                "src_parent": "{\n    return collect();\n}",
                "dst_parent": "null"
              },
              "line": 24,
              "file": "/home/khesoem/projects/lighter/exp/core/src/main/java/org/apache/servicecomb/core/bootup/BootUpInformationCollector.java"
            }
          ]
        }
      ]
    }
  ],
  "complete_analysis": true
}