{
  "instances": [
    {
      "revision": "be097f43a9711b1669977c6cda1fc43983f96590",
      "repairability": [
        {
          "tool-name": "JKali",
          "pattern-name": "JKali:del",
          "Unified_Diff_of-files:": "Starts Below...",
          "DELETE:": "",
          "instance_detail": [
            {
              "pattern_action": "DEL",
              "pattern_entity": {
                "entity_type": "*",
                "entity_new value": "*",
                "entity_role": "Statement",
                "entity_parent": "null"
              },
              "concrete_change": {
                "operator": "DEL",
                "src_type": "Return",
                "dst_type": "null",
                "src": "return num",
                "dst": "null",
                "src_parent_type": "Block",
                "dst_parent_type": "null",
                "src_parent": "{\n    return num;\n}",
                "dst_parent": "null"
              },
              "line": 35,
              "file": "/home/khesoem/projects/lighter/exp/dynamic-config/config-kie/src/main/java/org/apache/servicecomb/config/kie/model/KVResponse.java"
            }
          ]
        },
        {
          "tool-name": "JKali",
          "pattern-name": "JKali:del",
          "Unified_Diff_of-files:": "Starts Below...",
          "DELETE:": "",
          "instance_detail": [
            {
              "pattern_action": "DEL",
              "pattern_entity": {
                "entity_type": "*",
                "entity_new value": "*",
                "entity_role": "Statement",
                "entity_parent": "null"
              },
              "concrete_change": {
                "operator": "DEL",
                "src_type": "Assignment",
                "dst_type": "null",
                "src": "this.num \u003d num",
                "dst": "null",
                "src_parent_type": "Block",
                "dst_parent_type": "null",
                "src_parent": "{\n    this.num \u003d num;\n}",
                "dst_parent": "null"
              },
              "line": 39,
              "file": "/home/khesoem/projects/lighter/exp/dynamic-config/config-kie/src/main/java/org/apache/servicecomb/config/kie/model/KVResponse.java"
            }
          ]
        },
        {
          "tool-name": "JKali",
          "pattern-name": "JKali:del",
          "Unified_Diff_of-files:": "Starts Below...",
          "DELETE:": "",
          "instance_detail": [
            {
              "pattern_action": "DEL",
              "pattern_entity": {
                "entity_type": "*",
                "entity_new value": "*",
                "entity_role": "Statement",
                "entity_parent": "null"
              },
              "concrete_change": {
                "operator": "DEL",
                "src_type": "Return",
                "dst_type": "null",
                "src": "return size",
                "dst": "null",
                "src_parent_type": "Block",
                "dst_parent_type": "null",
                "src_parent": "{\n    return size;\n}",
                "dst_parent": "null"
              },
              "line": 43,
              "file": "/home/khesoem/projects/lighter/exp/dynamic-config/config-kie/src/main/java/org/apache/servicecomb/config/kie/model/KVResponse.java"
            }
          ]
        },
        {
          "tool-name": "JKali",
          "pattern-name": "JKali:del",
          "Unified_Diff_of-files:": "Starts Below...",
          "DELETE:": "",
          "instance_detail": [
            {
              "pattern_action": "DEL",
              "pattern_entity": {
                "entity_type": "*",
                "entity_new value": "*",
                "entity_role": "Statement",
                "entity_parent": "null"
              },
              "concrete_change": {
                "operator": "DEL",
                "src_type": "Assignment",
                "dst_type": "null",
                "src": "this.size \u003d size",
                "dst": "null",
                "src_parent_type": "Block",
                "dst_parent_type": "null",
                "src_parent": "{\n    this.size \u003d size;\n}",
                "dst_parent": "null"
              },
              "line": 47,
              "file": "/home/khesoem/projects/lighter/exp/dynamic-config/config-kie/src/main/java/org/apache/servicecomb/config/kie/model/KVResponse.java"
            }
          ]
        }
      ]
    },
    {
      "revision": "be097f43a9711b1669977c6cda1fc43983f96590",
      "repairability": [
        {
          "tool-name": "JKali",
          "pattern-name": "JKali:add_rtrn",
          "Unified_Diff_of-files:": "Starts Below...",
          "DELETE:": "",
          "instance_detail": [
            {
              "pattern_action": "INS",
              "pattern_entity": {
                "entity_type": "Return",
                "entity_new value": "*",
                "entity_role": "Statement",
                "entity_parent": "null"
              },
              "concrete_change": {
                "operator": "INS",
                "src_type": "Return",
                "dst_type": "null",
                "src": "return status",
                "dst": "null",
                "src_parent_type": "Block",
                "dst_parent_type": "null",
                "src_parent": "{\n    return status;\n}",
                "dst_parent": "null"
              },
              "line": 49,
              "file": "/home/khesoem/projects/lighter/exp/dynamic-config/config-kie/src/main/java/org/apache/servicecomb/config/kie/model/KVDoc.java"
            }
          ]
        }
      ]
    }
  ],
  "complete_analysis": true
}