{
  "instances": [
    {
      "revision": "7ce04f5d2f0bc4450a597a3cca3670724191f8f2",
      "repairability": [
        {
          "tool-name": "JKali",
          "pattern-name": "JKali:del",
          "Unified_Diff_of-files:": "Starts Below...",
          "INSERT:": "}",
          "CHANGE_old:": "",
          "CHANGE_new:": "      return true;",
          "instance_detail": [
            {
              "pattern_action": "DEL",
              "pattern_entity": {
                "entity_type": "*",
                "entity_new value": "*",
                "entity_role": "Statement",
                "entity_parent": "null"
              },
              "concrete_change": {
                "operator": "DEL",
                "src_type": "Invocation",
                "dst_type": "null",
                "src": "is.close()",
                "dst": "null",
                "src_parent_type": "Block",
                "dst_parent_type": "null",
                "src_parent": "{\n    is.close();\n}",
                "dst_parent": "null"
              },
              "line": 55,
              "file": "/home/khesoem/projects/lighter/exp/foundations/foundation-ssl/src/main/java/org/apache/servicecomb/foundation/ssl/KeyStoreUtil.java"
            }
          ]
        },
        {
          "tool-name": "JKali",
          "pattern-name": "JKali:del",
          "Unified_Diff_of-files:": "Starts Below...",
          "INSERT:": "}",
          "CHANGE_old:": "",
          "CHANGE_new:": "      return true;",
          "instance_detail": [
            {
              "pattern_action": "DEL",
              "pattern_entity": {
                "entity_type": "*",
                "entity_new value": "*",
                "entity_role": "Statement",
                "entity_parent": "null"
              },
              "concrete_change": {
                "operator": "DEL",
                "src_type": "Invocation",
                "dst_type": "null",
                "src": "org.apache.servicecomb.foundation.ssl.KeyStoreUtil.ignore()",
                "dst": "null",
                "src_parent_type": "Block",
                "dst_parent_type": "null",
                "src_parent": "{\n    org.apache.servicecomb.foundation.ssl.KeyStoreUtil.ignore();\n}",
                "dst_parent": "null"
              },
              "line": 57,
              "file": "/home/khesoem/projects/lighter/exp/foundations/foundation-ssl/src/main/java/org/apache/servicecomb/foundation/ssl/KeyStoreUtil.java"
            }
          ]
        },
        {
          "tool-name": "JKali",
          "pattern-name": "JKali:del",
          "Unified_Diff_of-files:": "Starts Below...",
          "INSERT:": "}",
          "CHANGE_old:": "",
          "CHANGE_new:": "      return true;",
          "instance_detail": [
            {
              "pattern_action": "DEL",
              "pattern_entity": {
                "entity_type": "*",
                "entity_new value": "*",
                "entity_role": "Statement",
                "entity_parent": "null"
              },
              "concrete_change": {
                "operator": "DEL",
                "src_type": "Try",
                "dst_type": "null",
                "src": "try {\n    is.close();\n} catch (java.io.IOException e) {\n    org.apache.servicecomb.foundation.ssl.KeyStoreUtil.ignore();\n}",
                "dst": "null",
                "src_parent_type": "Block",
                "dst_parent_type": "null",
                "src_parent": "{\n    try {\n        is.close();\n    } catch (java.io.IOException e) {\n        org.apache.servicecomb.foundation.ssl.KeyStoreUtil.ignore();\n    }\n}",
                "dst_parent": "null"
              },
              "line": 54,
              "file": "/home/khesoem/projects/lighter/exp/foundations/foundation-ssl/src/main/java/org/apache/servicecomb/foundation/ssl/KeyStoreUtil.java",
              "stats": {
                "number_of_src_entities": 24,
                "number_of_dst_entities": -1,
                "src_entity_types": "[java.io.InputStream, java.io.IOException, org.apache.servicecomb.foundation.ssl.KeyStoreUtil]",
                "dst_entity_types": "[]"
              }
            }
          ]
        },
        {
          "tool-name": "JKali",
          "pattern-name": "JKali:del",
          "Unified_Diff_of-files:": "Starts Below...",
          "INSERT:": "}",
          "CHANGE_old:": "",
          "CHANGE_new:": "      return true;",
          "instance_detail": [
            {
              "pattern_action": "DEL",
              "pattern_entity": {
                "entity_type": "*",
                "entity_new value": "*",
                "entity_role": "Statement",
                "entity_parent": "null"
              },
              "concrete_change": {
                "operator": "DEL",
                "src_type": "LocalVariable",
                "dst_type": "null",
                "src": "java.io.InputStream is \u003d null",
                "dst": "null",
                "src_parent_type": "Block",
                "dst_parent_type": "null",
                "src_parent": "{\n    java.io.InputStream is \u003d null;\n    try {\n        java.security.KeyStore keystore \u003d java.security.KeyStore.getInstance(storetype);\n        is \u003d new java.io.FileInputStream(storename);\n        keystore.load(is, storevalue);\n        return keystore;\n    } catch (java.lang.Exception e) {\n        throw new java.lang.IllegalArgumentException((\"Bad key store or value.\" + (e.getMessage())));\n    } finally {\n        if (is !\u003d null) {\n            try {\n                is.close();\n            } catch (java.io.IOException e) {\n                org.apache.servicecomb.foundation.ssl.KeyStoreUtil.ignore();\n            }\n        }\n    }\n}",
                "dst_parent": "null"
              },
              "line": 43,
              "file": "/home/khesoem/projects/lighter/exp/foundations/foundation-ssl/src/main/java/org/apache/servicecomb/foundation/ssl/KeyStoreUtil.java",
              "stats": {
                "number_of_src_entities": 5,
                "number_of_dst_entities": -1,
                "src_entity_types": "[java.io.InputStream, \u003cnulltype\u003e]",
                "dst_entity_types": "[]"
              }
            }
          ]
        },
        {
          "tool-name": "JKali",
          "pattern-name": "JKali:del",
          "Unified_Diff_of-files:": "Starts Below...",
          "INSERT:": "}",
          "CHANGE_old:": "",
          "CHANGE_new:": "      return true;",
          "instance_detail": [
            {
              "pattern_action": "DEL",
              "pattern_entity": {
                "entity_type": "*",
                "entity_new value": "*",
                "entity_role": "Statement",
                "entity_parent": "null"
              },
              "concrete_change": {
                "operator": "DEL",
                "src_type": "LocalVariable",
                "dst_type": "null",
                "src": "java.security.KeyStore keystore \u003d java.security.KeyStore.getInstance(storetype)",
                "dst": "null",
                "src_parent_type": "Block",
                "dst_parent_type": "null",
                "src_parent": "{\n    java.security.KeyStore keystore \u003d java.security.KeyStore.getInstance(storetype);\n    is \u003d new java.io.FileInputStream(storename);\n    keystore.load(is, storevalue);\n    return keystore;\n}",
                "dst_parent": "null"
              },
              "line": 45,
              "file": "/home/khesoem/projects/lighter/exp/foundations/foundation-ssl/src/main/java/org/apache/servicecomb/foundation/ssl/KeyStoreUtil.java"
            }
          ]
        },
        {
          "tool-name": "JKali",
          "pattern-name": "JKali:del",
          "Unified_Diff_of-files:": "Starts Below...",
          "INSERT:": "}",
          "CHANGE_old:": "",
          "CHANGE_new:": "      return true;",
          "instance_detail": [
            {
              "pattern_action": "DEL",
              "pattern_entity": {
                "entity_type": "*",
                "entity_new value": "*",
                "entity_role": "Statement",
                "entity_parent": "null"
              },
              "concrete_change": {
                "operator": "DEL",
                "src_type": "Assignment",
                "dst_type": "null",
                "src": "is \u003d new java.io.FileInputStream(storename)",
                "dst": "null",
                "src_parent_type": "Block",
                "dst_parent_type": "null",
                "src_parent": "{\n    java.security.KeyStore keystore \u003d java.security.KeyStore.getInstance(storetype);\n    is \u003d new java.io.FileInputStream(storename);\n    keystore.load(is, storevalue);\n    return keystore;\n}",
                "dst_parent": "null"
              },
              "line": 46,
              "file": "/home/khesoem/projects/lighter/exp/foundations/foundation-ssl/src/main/java/org/apache/servicecomb/foundation/ssl/KeyStoreUtil.java"
            }
          ]
        },
        {
          "tool-name": "JKali",
          "pattern-name": "JKali:del",
          "Unified_Diff_of-files:": "Starts Below...",
          "INSERT:": "}",
          "CHANGE_old:": "",
          "CHANGE_new:": "      return true;",
          "instance_detail": [
            {
              "pattern_action": "DEL",
              "pattern_entity": {
                "entity_type": "*",
                "entity_new value": "*",
                "entity_role": "Statement",
                "entity_parent": "null"
              },
              "concrete_change": {
                "operator": "DEL",
                "src_type": "Invocation",
                "dst_type": "null",
                "src": "keystore.load(is, storevalue)",
                "dst": "null",
                "src_parent_type": "Block",
                "dst_parent_type": "null",
                "src_parent": "{\n    java.security.KeyStore keystore \u003d java.security.KeyStore.getInstance(storetype);\n    is \u003d new java.io.FileInputStream(storename);\n    keystore.load(is, storevalue);\n    return keystore;\n}",
                "dst_parent": "null"
              },
              "line": 47,
              "file": "/home/khesoem/projects/lighter/exp/foundations/foundation-ssl/src/main/java/org/apache/servicecomb/foundation/ssl/KeyStoreUtil.java"
            }
          ]
        },
        {
          "tool-name": "JKali",
          "pattern-name": "JKali:del",
          "Unified_Diff_of-files:": "Starts Below...",
          "INSERT:": "}",
          "CHANGE_old:": "",
          "CHANGE_new:": "      return true;",
          "instance_detail": [
            {
              "pattern_action": "DEL",
              "pattern_entity": {
                "entity_type": "*",
                "entity_new value": "*",
                "entity_role": "Statement",
                "entity_parent": "null"
              },
              "concrete_change": {
                "operator": "DEL",
                "src_type": "Try",
                "dst_type": "null",
                "src": "try {\n    java.security.KeyStore keystore \u003d java.security.KeyStore.getInstance(storetype);\n    is \u003d new java.io.FileInputStream(storename);\n    keystore.load(is, storevalue);\n    return keystore;\n} catch (java.lang.Exception e) {\n    throw new java.lang.IllegalArgumentException((\"Bad key store or value.\" + (e.getMessage())));\n} finally {\n    if (is !\u003d null) {\n        try {\n            is.close();\n        } catch (java.io.IOException e) {\n            org.apache.servicecomb.foundation.ssl.KeyStoreUtil.ignore();\n        }\n    }\n}",
                "dst": "null",
                "src_parent_type": "Block",
                "dst_parent_type": "null",
                "src_parent": "{\n    java.io.InputStream is \u003d null;\n    try {\n        java.security.KeyStore keystore \u003d java.security.KeyStore.getInstance(storetype);\n        is \u003d new java.io.FileInputStream(storename);\n        keystore.load(is, storevalue);\n        return keystore;\n    } catch (java.lang.Exception e) {\n        throw new java.lang.IllegalArgumentException((\"Bad key store or value.\" + (e.getMessage())));\n    } finally {\n        if (is !\u003d null) {\n            try {\n                is.close();\n            } catch (java.io.IOException e) {\n                org.apache.servicecomb.foundation.ssl.KeyStoreUtil.ignore();\n            }\n        }\n    }\n}",
                "dst_parent": "null"
              },
              "line": 44,
              "file": "/home/khesoem/projects/lighter/exp/foundations/foundation-ssl/src/main/java/org/apache/servicecomb/foundation/ssl/KeyStoreUtil.java",
              "stats": {
                "number_of_src_entities": 130,
                "number_of_dst_entities": -1,
                "src_entity_types": "[java.lang.Exception, boolean, java.io.InputStream, java.lang.String, java.lang.Throwable, java.io.IOException, char, java.security.KeyStore, \u003cnulltype\u003e, org.apache.servicecomb.foundation.ssl.KeyStoreUtil, java.io.FileInputStream, java.lang.IllegalArgumentException]",
                "dst_entity_types": "[]"
              }
            }
          ]
        },
        {
          "tool-name": "JKali",
          "pattern-name": "JKali:add_rtrn",
          "Unified_Diff_of-files:": "Starts Below...",
          "INSERT:": "}",
          "CHANGE_old:": "",
          "CHANGE_new:": "      return true;",
          "instance_detail": [
            {
              "pattern_action": "INS",
              "pattern_entity": {
                "entity_type": "Return",
                "entity_new value": "*",
                "entity_role": "Statement",
                "entity_parent": "null"
              },
              "concrete_change": {
                "operator": "INS",
                "src_type": "Return",
                "dst_type": "null",
                "src": "return null",
                "dst": "null",
                "src_parent_type": "Block",
                "dst_parent_type": "null",
                "src_parent": "{\n    if (storeName \u003d\u003d null) {\n        return null;\n    }\n    java.io.File storeFile \u003d new java.io.File(storeName);\n    try {\n        if (storeFile.isFile()) {\n            return org.apache.servicecomb.foundation.ssl.KeyStoreUtil.createKeyStore(new java.io.FileInputStream(storeFile), storeType, storeValue);\n        }\n        java.lang.ClassLoader classLoader \u003d ((java.lang.Thread.currentThread().getContextClassLoader()) \u003d\u003d null) ? org.apache.servicecomb.foundation.ssl.KeyStoreUtil.class.getClassLoader() : java.lang.Thread.currentThread().getContextClassLoader();\n        java.net.URL resource \u003d classLoader.getResource(storeName);\n        if (resource !\u003d null) {\n            return org.apache.servicecomb.foundation.ssl.KeyStoreUtil.createKeyStore(resource.openStream(), storeType, storeValue);\n        }\n    } catch (java.io.IOException e) {\n        throw new java.lang.IllegalArgumentException((\"Bad key store or value.\" + (e.getMessage())));\n    }\n    return null;\n}",
                "dst_parent": "null"
              },
              "line": 68,
              "file": "/home/khesoem/projects/lighter/exp/foundations/foundation-ssl/src/main/java/org/apache/servicecomb/foundation/ssl/KeyStoreUtil.java",
              "stats": {
                "number_of_src_entities": 3,
                "number_of_dst_entities": -1,
                "src_entity_types": "[\u003cnulltype\u003e]",
                "dst_entity_types": "[]"
              }
            }
          ]
        },
        {
          "tool-name": "JKali",
          "pattern-name": "JKali:add_rtrn",
          "Unified_Diff_of-files:": "Starts Below...",
          "INSERT:": "}",
          "CHANGE_old:": "",
          "CHANGE_new:": "      return true;",
          "instance_detail": [
            {
              "pattern_action": "INS",
              "pattern_entity": {
                "entity_type": "Return",
                "entity_new value": "*",
                "entity_role": "Statement",
                "entity_parent": "null"
              },
              "concrete_change": {
                "operator": "INS",
                "src_type": "Return",
                "dst_type": "null",
                "src": "return null",
                "dst": "null",
                "src_parent_type": "Block",
                "dst_parent_type": "null",
                "src_parent": "{\n    return null;\n}",
                "dst_parent": "null"
              },
              "line": 46,
              "file": "/home/khesoem/projects/lighter/exp/foundations/foundation-ssl/src/main/java/org/apache/servicecomb/foundation/ssl/KeyStoreUtil.java"
            }
          ]
        },
        {
          "tool-name": "JKali",
          "pattern-name": "JKali:add_rtrn",
          "Unified_Diff_of-files:": "Starts Below...",
          "INSERT:": "}",
          "CHANGE_old:": "",
          "CHANGE_new:": "      return true;",
          "instance_detail": [
            {
              "pattern_action": "INS",
              "pattern_entity": {
                "entity_type": "Return",
                "entity_new value": "*",
                "entity_role": "Statement",
                "entity_parent": "null"
              },
              "concrete_change": {
                "operator": "INS",
                "src_type": "Return",
                "dst_type": "null",
                "src": "return org.apache.servicecomb.foundation.ssl.KeyStoreUtil.createKeyStore(new java.io.FileInputStream(storeFile), storeType, storeValue)",
                "dst": "null",
                "src_parent_type": "Block",
                "dst_parent_type": "null",
                "src_parent": "{\n    return org.apache.servicecomb.foundation.ssl.KeyStoreUtil.createKeyStore(new java.io.FileInputStream(storeFile), storeType, storeValue);\n}",
                "dst_parent": "null"
              },
              "line": 53,
              "file": "/home/khesoem/projects/lighter/exp/foundations/foundation-ssl/src/main/java/org/apache/servicecomb/foundation/ssl/KeyStoreUtil.java"
            }
          ]
        },
        {
          "tool-name": "JKali",
          "pattern-name": "JKali:add_rtrn",
          "Unified_Diff_of-files:": "Starts Below...",
          "INSERT:": "}",
          "CHANGE_old:": "",
          "CHANGE_new:": "      return true;",
          "instance_detail": [
            {
              "pattern_action": "INS",
              "pattern_entity": {
                "entity_type": "Return",
                "entity_new value": "*",
                "entity_role": "Statement",
                "entity_parent": "null"
              },
              "concrete_change": {
                "operator": "INS",
                "src_type": "Return",
                "dst_type": "null",
                "src": "return org.apache.servicecomb.foundation.ssl.KeyStoreUtil.createKeyStore(resource.openStream(), storeType, storeValue)",
                "dst": "null",
                "src_parent_type": "Block",
                "dst_parent_type": "null",
                "src_parent": "{\n    return org.apache.servicecomb.foundation.ssl.KeyStoreUtil.createKeyStore(resource.openStream(), storeType, storeValue);\n}",
                "dst_parent": "null"
              },
              "line": 61,
              "file": "/home/khesoem/projects/lighter/exp/foundations/foundation-ssl/src/main/java/org/apache/servicecomb/foundation/ssl/KeyStoreUtil.java",
              "stats": {
                "number_of_src_entities": 34,
                "number_of_dst_entities": -1,
                "src_entity_types": "[java.net.URL, java.lang.String, char, org.apache.servicecomb.foundation.ssl.KeyStoreUtil]",
                "dst_entity_types": "[]"
              }
            }
          ]
        }
      ]
    },
    {
      "revision": "7ce04f5d2f0bc4450a597a3cca3670724191f8f2",
      "repairability": [
        {
          "tool-name": "JKali",
          "pattern-name": "JKali:del",
          "Unified_Diff_of-files:": "Starts Below...",
          "INSERT:": "}",
          "CHANGE_old:": "",
          "CHANGE_new:": "      return true;",
          "instance_detail": [
            {
              "pattern_action": "DEL",
              "pattern_entity": {
                "entity_type": "*",
                "entity_new value": "*",
                "entity_role": "Statement",
                "entity_parent": "null"
              },
              "concrete_change": {
                "operator": "DEL",
                "src_type": "LocalVariable",
                "dst_type": "null",
                "src": "char[] keyStoreValue \u003d custom.decode(option.getKeyStoreValue().toCharArray())",
                "dst": "null",
                "src_parent_type": "Block",
                "dst_parent_type": "null",
                "src_parent": "{\n    char[] keyStoreValue \u003d custom.decode(option.getKeyStoreValue().toCharArray());\n    java.security.KeyStore keyStore \u003d org.apache.servicecomb.foundation.ssl.KeyStoreUtil.createKeyStore(keyStoreName, option.getKeyStoreType(), keyStoreValue);\n    keymanager \u003d org.apache.servicecomb.foundation.ssl.KeyStoreUtil.createKeyManagers(keyStore, keyStoreValue);\n}",
                "dst_parent": "null"
              },
              "line": 52,
              "file": "/home/khesoem/projects/lighter/exp/foundations/foundation-ssl/src/main/java/org/apache/servicecomb/foundation/ssl/SSLManager.java"
            }
          ]
        },
        {
          "tool-name": "JKali",
          "pattern-name": "JKali:del",
          "Unified_Diff_of-files:": "Starts Below...",
          "INSERT:": "}",
          "CHANGE_old:": "",
          "CHANGE_new:": "      return true;",
          "instance_detail": [
            {
              "pattern_action": "DEL",
              "pattern_entity": {
                "entity_type": "*",
                "entity_new value": "*",
                "entity_role": "Statement",
                "entity_parent": "null"
              },
              "concrete_change": {
                "operator": "DEL",
                "src_type": "Assignment",
                "dst_type": "null",
                "src": "keymanager \u003d null",
                "dst": "null",
                "src_parent_type": "Block",
                "dst_parent_type": "null",
                "src_parent": "{\n    keymanager \u003d null;\n}",
                "dst_parent": "null"
              },
              "line": 61,
              "file": "/home/khesoem/projects/lighter/exp/foundations/foundation-ssl/src/main/java/org/apache/servicecomb/foundation/ssl/SSLManager.java"
            }
          ]
        },
        {
          "tool-name": "JKali",
          "pattern-name": "JKali:del",
          "Unified_Diff_of-files:": "Starts Below...",
          "INSERT:": "}",
          "CHANGE_old:": "",
          "CHANGE_new:": "      return true;",
          "instance_detail": [
            {
              "pattern_action": "DEL",
              "pattern_entity": {
                "entity_type": "*",
                "entity_new value": "*",
                "entity_role": "Statement",
                "entity_parent": "null"
              },
              "concrete_change": {
                "operator": "DEL",
                "src_type": "If",
                "dst_type": "null",
                "src": "if ((keyStoreName !\u003d null) \u0026\u0026 (new java.io.File(keyStoreName).exists())) {\n    char[] keyStoreValue \u003d custom.decode(option.getKeyStoreValue().toCharArray());\n    java.security.KeyStore keyStore \u003d org.apache.servicecomb.foundation.ssl.KeyStoreUtil.createKeyStore(keyStoreName, option.getKeyStoreType(), keyStoreValue);\n    keymanager \u003d org.apache.servicecomb.foundation.ssl.KeyStoreUtil.createKeyManagers(keyStore, keyStoreValue);\n} else {\n    keymanager \u003d null;\n}",
                "dst": "null",
                "src_parent_type": "Block",
                "dst_parent_type": "null",
                "src_parent": "{\n    java.lang.String keyStoreName \u003d custom.getFullPath(option.getKeyStore());\n    javax.net.ssl.KeyManager[] keymanager;\n    if ((keyStoreName !\u003d null) \u0026\u0026 (new java.io.File(keyStoreName).exists())) {\n        char[] keyStoreValue \u003d custom.decode(option.getKeyStoreValue().toCharArray());\n        java.security.KeyStore keyStore \u003d org.apache.servicecomb.foundation.ssl.KeyStoreUtil.createKeyStore(keyStoreName, option.getKeyStoreType(), keyStoreValue);\n        keymanager \u003d org.apache.servicecomb.foundation.ssl.KeyStoreUtil.createKeyManagers(keyStore, keyStoreValue);\n    } else {\n        keymanager \u003d null;\n    }\n    java.lang.String trustStoreName \u003d custom.getFullPath(option.getTrustStore());\n    javax.net.ssl.TrustManager[] trustManager;\n    if ((trustStoreName !\u003d null) \u0026\u0026 (new java.io.File(trustStoreName).exists())) {\n        char[] trustStoreValue \u003d custom.decode(option.getTrustStoreValue().toCharArray());\n        java.security.KeyStore trustStore \u003d org.apache.servicecomb.foundation.ssl.KeyStoreUtil.createKeyStore(trustStoreName, option.getTrustStoreType(), trustStoreValue);\n        trustManager \u003d org.apache.servicecomb.foundation.ssl.KeyStoreUtil.createTrustManagers(trustStore);\n    } else {\n        trustManager \u003d new javax.net.ssl.TrustManager[]{ new org.apache.servicecomb.foundation.ssl.TrustAllManager() };\n    }\n    javax.net.ssl.TrustManager[] wrapped \u003d new javax.net.ssl.TrustManager[trustManager.length];\n    for (int i \u003d 0; i \u003c (trustManager.length); i++) {\n        wrapped[i] \u003d new org.apache.servicecomb.foundation.ssl.TrustManagerExt(((javax.net.ssl.X509ExtendedTrustManager) (trustManager[i])), option, custom);\n    }\n    javax.net.ssl.SSLContext context \u003d javax.net.ssl.SSLContext.getInstance(\"TLS\");\n    context.init(keymanager, wrapped, new java.security.SecureRandom());\n    return context;\n}",
                "dst_parent": "null"
              },
              "line": 51,
              "file": "/home/khesoem/projects/lighter/exp/foundations/foundation-ssl/src/main/java/org/apache/servicecomb/foundation/ssl/SSLManager.java",
              "stats": {
                "number_of_src_entities": 127,
                "number_of_dst_entities": -1,
                "src_entity_types": "[boolean, java.lang.String, org.apache.servicecomb.foundation.ssl.SSLCustom, org.apache.servicecomb.foundation.ssl.SSLOption, char, java.io.File, java.security.KeyStore, javax.net.ssl.KeyManager, \u003cnulltype\u003e, org.apache.servicecomb.foundation.ssl.KeyStoreUtil]",
                "dst_entity_types": "[]"
              }
            }
          ]
        },
        {
          "tool-name": "JKali",
          "pattern-name": "JKali:del",
          "Unified_Diff_of-files:": "Starts Below...",
          "INSERT:": "}",
          "CHANGE_old:": "",
          "CHANGE_new:": "      return true;",
          "instance_detail": [
            {
              "pattern_action": "DEL",
              "pattern_entity": {
                "entity_type": "*",
                "entity_new value": "*",
                "entity_role": "Statement",
                "entity_parent": "null"
              },
              "concrete_change": {
                "operator": "DEL",
                "src_type": "LocalVariable",
                "dst_type": "null",
                "src": "char[] trustStoreValue \u003d custom.decode(option.getTrustStoreValue().toCharArray())",
                "dst": "null",
                "src_parent_type": "Block",
                "dst_parent_type": "null",
                "src_parent": "{\n    char[] trustStoreValue \u003d custom.decode(option.getTrustStoreValue().toCharArray());\n    java.security.KeyStore trustStore \u003d org.apache.servicecomb.foundation.ssl.KeyStoreUtil.createKeyStore(trustStoreName, option.getTrustStoreType(), trustStoreValue);\n    trustManager \u003d org.apache.servicecomb.foundation.ssl.KeyStoreUtil.createTrustManagers(trustStore);\n}",
                "dst_parent": "null"
              },
              "line": 67,
              "file": "/home/khesoem/projects/lighter/exp/foundations/foundation-ssl/src/main/java/org/apache/servicecomb/foundation/ssl/SSLManager.java",
              "stats": {
                "number_of_src_entities": 23,
                "number_of_dst_entities": -1,
                "src_entity_types": "[org.apache.servicecomb.foundation.ssl.SSLCustom, org.apache.servicecomb.foundation.ssl.SSLOption, char]",
                "dst_entity_types": "[]"
              }
            }
          ]
        }
      ]
    },
    {
      "revision": "7ce04f5d2f0bc4450a597a3cca3670724191f8f2",
      "repairability": [
        {
          "tool-name": "JKali",
          "pattern-name": "JKali:del",
          "Unified_Diff_of-files:": "Starts Below...",
          "INSERT:": "}",
          "CHANGE_old:": "",
          "CHANGE_new:": "      return true;",
          "instance_detail": [
            {
              "pattern_action": "DEL",
              "pattern_entity": {
                "entity_type": "*",
                "entity_new value": "*",
                "entity_role": "Statement",
                "entity_parent": "null"
              },
              "concrete_change": {
                "operator": "DEL",
                "src_type": "If",
                "dst_type": "null",
                "src": "if ((name \u003d\u003d null) || (name.isEmpty())) {\n    return false;\n}",
                "dst": "null",
                "src_parent_type": "Block",
                "dst_parent_type": "null",
                "src_parent": "{\n    if ((name \u003d\u003d null) || (name.isEmpty())) {\n        return false;\n    }\n    java.io.File f \u003d new java.io.File(name);\n    return f.exists();\n}",
                "dst_parent": "null"
              },
              "line": 155,
              "file": "/home/khesoem/projects/lighter/exp/foundations/foundation-vertx/src/main/java/org/apache/servicecomb/foundation/vertx/VertxTLSBuilder.java",
              "stats": {
                "number_of_src_entities": 24,
                "number_of_dst_entities": -1,
                "src_entity_types": "[boolean, java.lang.String, \u003cnulltype\u003e]",
                "dst_entity_types": "[]"
              }
            }
          ]
        },
        {
          "tool-name": "JKali",
          "pattern-name": "JKali:add_rtrn",
          "Unified_Diff_of-files:": "Starts Below...",
          "INSERT:": "}",
          "CHANGE_old:": "",
          "CHANGE_new:": "      return true;",
          "instance_detail": [
            {
              "pattern_action": "INS",
              "pattern_entity": {
                "entity_type": "Return",
                "entity_new value": "*",
                "entity_role": "Statement",
                "entity_parent": "null"
              },
              "concrete_change": {
                "operator": "INS",
                "src_type": "Return",
                "dst_type": "null",
                "src": "return true",
                "dst": "null",
                "src_parent_type": "Block",
                "dst_parent_type": "null",
                "src_parent": "{\n    return true;\n}",
                "dst_parent": "null"
              },
              "line": 163,
              "file": "/home/khesoem/projects/lighter/exp/foundations/foundation-vertx/src/main/java/org/apache/servicecomb/foundation/vertx/VertxTLSBuilder.java"
            }
          ]
        }
      ]
    },
    {
      "revision": "7ce04f5d2f0bc4450a597a3cca3670724191f8f2",
      "repairability": [
        {
          "tool-name": "JKali",
          "pattern-name": "JKali:del",
          "Unified_Diff_of-files:": "Starts Below...",
          "INSERT:": "}",
          "CHANGE_old:": "",
          "CHANGE_new:": "      return true;",
          "instance_detail": [
            {
              "pattern_action": "DEL",
              "pattern_entity": {
                "entity_type": "*",
                "entity_new value": "*",
                "entity_role": "Statement",
                "entity_parent": "null"
              },
              "concrete_change": {
                "operator": "DEL",
                "src_type": "LocalVariable",
                "dst_type": "null",
                "src": "java.io.File localFile \u003d new java.io.File((((java.lang.System.getProperty(\"user.dir\")) + \"/src/main/resources/certificates/\") + filename))",
                "dst": "null",
                "src_parent_type": "Block",
                "dst_parent_type": "null",
                "src_parent": "{\n    org.apache.servicecomb.demo.DemoSSLCustom.LOGGER.info((\"current working dir :\" + (java.lang.System.getProperty(\"user.dir\"))));\n    java.io.File localFile \u003d new java.io.File((((java.lang.System.getProperty(\"user.dir\")) + \"/src/main/resources/certificates/\") + filename));\n    if (localFile.isFile()) {\n        return localFile.getAbsolutePath();\n    }\n    localFile \u003d new java.io.File((((java.lang.System.getProperty(\"user.dir\")) + \"/certificates/\") + filename));\n    if (localFile.isFile()) {\n        return localFile.getAbsolutePath();\n    }\n    localFile \u003d new java.io.File((\"/maven/maven/certificates/\" + filename));\n    if (localFile.isFile()) {\n        return localFile.getAbsolutePath();\n    }\n    java.net.URL url \u003d java.lang.Thread.currentThread().getContextClassLoader().getResource((\"certificates/\" + filename));\n    if (url \u003d\u003d null) {\n        return filename;\n    }\n    return url.getPath();\n}",
                "dst_parent": "null"
              },
              "line": 40,
              "file": "/home/khesoem/projects/lighter/exp/demo/demo-schema/src/main/java/org/apache/servicecomb/demo/DemoSSLCustom.java",
              "stats": {
                "number_of_src_entities": 38,
                "number_of_dst_entities": -1,
                "src_entity_types": "[java.lang.System, java.lang.String, java.io.File]",
                "dst_entity_types": "[]"
              }
            }
          ]
        },
        {
          "tool-name": "JKali",
          "pattern-name": "JKali:del",
          "Unified_Diff_of-files:": "Starts Below...",
          "INSERT:": "}",
          "CHANGE_old:": "",
          "CHANGE_new:": "      return true;",
          "instance_detail": [
            {
              "pattern_action": "DEL",
              "pattern_entity": {
                "entity_type": "*",
                "entity_new value": "*",
                "entity_role": "Statement",
                "entity_parent": "null"
              },
              "concrete_change": {
                "operator": "DEL",
                "src_type": "Return",
                "dst_type": "null",
                "src": "return url.getPath()",
                "dst": "null",
                "src_parent_type": "Block",
                "dst_parent_type": "null",
                "src_parent": "{\n    org.apache.servicecomb.demo.DemoSSLCustom.LOGGER.info((\"current working dir :\" + (java.lang.System.getProperty(\"user.dir\"))));\n    java.io.File localFile \u003d new java.io.File((((java.lang.System.getProperty(\"user.dir\")) + \"/src/main/resources/certificates/\") + filename));\n    if (localFile.isFile()) {\n        return localFile.getAbsolutePath();\n    }\n    localFile \u003d new java.io.File((((java.lang.System.getProperty(\"user.dir\")) + \"/certificates/\") + filename));\n    if (localFile.isFile()) {\n        return localFile.getAbsolutePath();\n    }\n    localFile \u003d new java.io.File((\"/maven/maven/certificates/\" + filename));\n    if (localFile.isFile()) {\n        return localFile.getAbsolutePath();\n    }\n    java.net.URL url \u003d java.lang.Thread.currentThread().getContextClassLoader().getResource((\"certificates/\" + filename));\n    if (url \u003d\u003d null) {\n        return filename;\n    }\n    return url.getPath();\n}",
                "dst_parent": "null"
              },
              "line": 62,
              "file": "/home/khesoem/projects/lighter/exp/demo/demo-schema/src/main/java/org/apache/servicecomb/demo/DemoSSLCustom.java",
              "stats": {
                "number_of_src_entities": 11,
                "number_of_dst_entities": -1,
                "src_entity_types": "[java.net.URL]",
                "dst_entity_types": "[]"
              }
            }
          ]
        },
        {
          "tool-name": "JKali",
          "pattern-name": "JKali:add_rtrn",
          "Unified_Diff_of-files:": "Starts Below...",
          "INSERT:": "}",
          "CHANGE_old:": "",
          "CHANGE_new:": "      return true;",
          "instance_detail": [
            {
              "pattern_action": "INS",
              "pattern_entity": {
                "entity_type": "Return",
                "entity_new value": "*",
                "entity_role": "Statement",
                "entity_parent": "null"
              },
              "concrete_change": {
                "operator": "INS",
                "src_type": "Return",
                "dst_type": "null",
                "src": "return \"certificates/\" + filename",
                "dst": "null",
                "src_parent_type": "Block",
                "dst_parent_type": "null",
                "src_parent": "{\n    org.apache.servicecomb.demo.DemoSSLCustom.LOGGER.info((\"current working dir :\" + (java.lang.System.getProperty(\"user.dir\"))));\n    if (org.apache.commons.lang3.StringUtils.isEmpty(filename)) {\n        return null;\n    }\n    java.io.File localFile \u003d new java.io.File((((java.lang.System.getProperty(\"user.dir\")) + \"/demo/demo-springmvc/springmvc-server/src/main/resources/certificates/\") + filename));\n    if (localFile.isFile()) {\n        return localFile.getAbsolutePath();\n    }\n    localFile \u003d new java.io.File((((java.lang.System.getProperty(\"user.dir\")) + \"/src/main/resources/certificates/\") + filename));\n    if (localFile.isFile()) {\n        return localFile.getAbsolutePath();\n    }\n    localFile \u003d new java.io.File((((java.lang.System.getProperty(\"user.dir\")) + \"/certificates/\") + filename));\n    if (localFile.isFile()) {\n        return localFile.getAbsolutePath();\n    }\n    localFile \u003d new java.io.File((\"/maven/maven/certificates/\" + filename));\n    if (localFile.isFile()) {\n        return localFile.getAbsolutePath();\n    }\n    org.apache.servicecomb.demo.DemoSSLCustom.LOGGER.info(\"not found file {} in file system, maybe in jar.\", filename);\n    return \"certificates/\" + filename;\n}",
                "dst_parent": "null"
              },
              "line": 72,
              "file": "/home/khesoem/projects/lighter/exp/demo/demo-schema/src/main/java/org/apache/servicecomb/demo/DemoSSLCustom.java",
              "stats": {
                "number_of_src_entities": 11,
                "number_of_dst_entities": -1,
                "src_entity_types": "[java.lang.String]",
                "dst_entity_types": "[]"
              }
            }
          ]
        },
        {
          "tool-name": "JKali",
          "pattern-name": "JKali:add_rtrn",
          "Unified_Diff_of-files:": "Starts Below...",
          "INSERT:": "}",
          "CHANGE_old:": "",
          "CHANGE_new:": "      return true;",
          "instance_detail": [
            {
              "pattern_action": "INS",
              "pattern_entity": {
                "entity_type": "Return",
                "entity_new value": "*",
                "entity_role": "Statement",
                "entity_parent": "null"
              },
              "concrete_change": {
                "operator": "INS",
                "src_type": "Return",
                "dst_type": "null",
                "src": "return null",
                "dst": "null",
                "src_parent_type": "Block",
                "dst_parent_type": "null",
                "src_parent": "{\n    return null;\n}",
                "dst_parent": "null"
              },
              "line": 41,
              "file": "/home/khesoem/projects/lighter/exp/demo/demo-schema/src/main/java/org/apache/servicecomb/demo/DemoSSLCustom.java"
            }
          ]
        }
      ]
    }
  ],
  "complete_analysis": true
}