{
  "instances": [
    {
      "revision": "4f1fa7e300f6bc224f372d5824e7e24f8ed75074",
      "repairability": [
        {
          "tool-name": "JKali",
          "pattern-name": "JKali:del",
          "Unified_Diff_of-files:": "Starts Below...",
          "INSERT:": "",
          "CHANGE_old:": "      LOGGER.debug(\"Failed to encode and set cseContext.\", e);",
          "CHANGE_new:": "      LOGGER.debug(invocation.getMarker(), \"Failed to encode and set cseContext.\", e);",
          "DELETE:": "    ConnectionBase connection \u003d (ConnectionBase) clientRequest.connection();",
          "instance_detail": [
            {
              "pattern_action": "DEL",
              "pattern_entity": {
                "entity_type": "*",
                "entity_new value": "*",
                "entity_role": "Statement",
                "entity_parent": "null"
              },
              "concrete_change": {
                "operator": "DEL",
                "src_type": "Invocation",
                "dst_type": "null",
                "src": "processResponseBody(responseBuf)",
                "dst": "null",
                "src_parent_type": "Block",
                "dst_parent_type": "null",
                "src_parent": "{\n    processResponseBody(responseBuf);\n}",
                "dst_parent": "null"
              },
              "line": 178,
              "file": "/home/khesoem/projects/lighter/exp/transports/transport-rest/transport-rest-client/src/main/java/org/apache/servicecomb/transport/rest/client/http/RestClientInvocation.java"
            }
          ]
        },
        {
          "tool-name": "JKali",
          "pattern-name": "JKali:add_rtrn",
          "Unified_Diff_of-files:": "Starts Below...",
          "INSERT:": "",
          "CHANGE_old:": "      LOGGER.debug(\"Failed to encode and set cseContext.\", e);",
          "CHANGE_new:": "      LOGGER.debug(invocation.getMarker(), \"Failed to encode and set cseContext.\", e);",
          "DELETE:": "    ConnectionBase connection \u003d (ConnectionBase) clientRequest.connection();",
          "instance_detail": [
            {
              "pattern_action": "INS",
              "pattern_entity": {
                "entity_type": "Return",
                "entity_new value": "*",
                "entity_role": "Statement",
                "entity_parent": "null"
              },
              "concrete_change": {
                "operator": "INS",
                "src_type": "Return",
                "dst_type": "null",
                "src": "return socketAddress !\u003d null ? socketAddress.toString() : \"not connected\"",
                "dst": "null",
                "src_parent_type": "Block",
                "dst_parent_type": "null",
                "src_parent": "{\n    io.vertx.core.http.HttpConnection connection \u003d clientRequest.connection();\n    if (connection \u003d\u003d null) {\n        return \"not connected\";\n    }\n    io.vertx.core.net.SocketAddress socketAddress \u003d connection.localAddress();\n    return socketAddress !\u003d null ? socketAddress.toString() : \"not connected\";\n}",
                "dst_parent": "null"
              },
              "line": 142,
              "file": "/home/khesoem/projects/lighter/exp/transports/transport-rest/transport-rest-client/src/main/java/org/apache/servicecomb/transport/rest/client/http/RestClientInvocation.java"
            }
          ]
        },
        {
          "tool-name": "JKali",
          "pattern-name": "JKali:add_rtrn",
          "Unified_Diff_of-files:": "Starts Below...",
          "INSERT:": "",
          "CHANGE_old:": "      LOGGER.debug(\"Failed to encode and set cseContext.\", e);",
          "CHANGE_new:": "      LOGGER.debug(invocation.getMarker(), \"Failed to encode and set cseContext.\", e);",
          "DELETE:": "    ConnectionBase connection \u003d (ConnectionBase) clientRequest.connection();",
          "instance_detail": [
            {
              "pattern_action": "INS",
              "pattern_entity": {
                "entity_type": "Return",
                "entity_new value": "*",
                "entity_role": "Statement",
                "entity_parent": "null"
              },
              "concrete_change": {
                "operator": "INS",
                "src_type": "Return",
                "dst_type": "null",
                "src": "return \"not connected\"",
                "dst": "null",
                "src_parent_type": "Block",
                "dst_parent_type": "null",
                "src_parent": "{\n    return \"not connected\";\n}",
                "dst_parent": "null"
              },
              "line": 139,
              "file": "/home/khesoem/projects/lighter/exp/transports/transport-rest/transport-rest-client/src/main/java/org/apache/servicecomb/transport/rest/client/http/RestClientInvocation.java"
            }
          ]
        }
      ]
    }
  ],
  "complete_analysis": true
}