{
  "instances": [
    {
      "revision": "a140ebf04e9602649b114dc4fa65f6473d137028",
      "repairability": [
        {
          "tool-name": "JKali",
          "pattern-name": "JKali:add_rtrn",
          "Unified_Diff_of-files:": "Starts Below...",
          "CHANGE_old:": "      SPIServiceUtils.getSortedService(BootStrapService.class);",
          "CHANGE_new:": "",
          "INSERT:": "    }",
          "instance_detail": [
            {
              "pattern_action": "INS",
              "pattern_entity": {
                "entity_type": "Return",
                "entity_new value": "*",
                "entity_role": "Statement",
                "entity_parent": "null"
              },
              "concrete_change": {
                "operator": "INS",
                "src_type": "Return",
                "dst_type": "null",
                "src": "return java.lang.Boolean.getBoolean(org.apache.servicecomb.core.ConfigurationSpringInitializer.EXTERNAL_INIT)",
                "dst": "null",
                "src_parent_type": "Block",
                "dst_parent_type": "null",
                "src_parent": "{\n    return java.lang.Boolean.getBoolean(org.apache.servicecomb.core.ConfigurationSpringInitializer.EXTERNAL_INIT);\n}",
                "dst_parent": "null"
              },
              "line": 84,
              "file": "/home/khesoem/projects/lighter/exp/core/src/main/java/org/apache/servicecomb/core/ConfigurationSpringInitializer.java"
            }
          ]
        },
        {
          "tool-name": "JKali",
          "pattern-name": "JKali:add_rtrn",
          "Unified_Diff_of-files:": "Starts Below...",
          "CHANGE_old:": "      SPIServiceUtils.getSortedService(BootStrapService.class);",
          "CHANGE_new:": "",
          "INSERT:": "    }",
          "instance_detail": [
            {
              "pattern_action": "INS",
              "pattern_entity": {
                "entity_type": "Return",
                "entity_new value": "*",
                "entity_role": "Statement",
                "entity_parent": "null"
              },
              "concrete_change": {
                "operator": "INS",
                "src_type": "Return",
                "dst_type": "null",
                "src": "return",
                "dst": "null",
                "src_parent_type": "Block",
                "dst_parent_type": "null",
                "src_parent": "{\n    return;\n}",
                "dst_parent": "null"
              },
              "line": 102,
              "file": "/home/khesoem/projects/lighter/exp/core/src/main/java/org/apache/servicecomb/core/ConfigurationSpringInitializer.java"
            }
          ]
        },
        {
          "tool-name": "JKali",
          "pattern-name": "JKali:add_rtrn",
          "Unified_Diff_of-files:": "Starts Below...",
          "CHANGE_old:": "      SPIServiceUtils.getSortedService(BootStrapService.class);",
          "CHANGE_new:": "",
          "INSERT:": "    }",
          "instance_detail": [
            {
              "pattern_action": "INS",
              "pattern_entity": {
                "entity_type": "Return",
                "entity_new value": "*",
                "entity_role": "Statement",
                "entity_parent": "null"
              },
              "concrete_change": {
                "operator": "INS",
                "src_type": "Return",
                "dst_type": "null",
                "src": "return",
                "dst": "null",
                "src_parent_type": "Block",
                "dst_parent_type": "null",
                "src_parent": "{\n    return;\n}",
                "dst_parent": "null"
              },
              "line": 123,
              "file": "/home/khesoem/projects/lighter/exp/core/src/main/java/org/apache/servicecomb/core/ConfigurationSpringInitializer.java"
            }
          ]
        },
        {
          "tool-name": "JKali",
          "pattern-name": "JKali:add_rtrn",
          "Unified_Diff_of-files:": "Starts Below...",
          "CHANGE_old:": "      SPIServiceUtils.getSortedService(BootStrapService.class);",
          "CHANGE_new:": "",
          "INSERT:": "    }",
          "instance_detail": [
            {
              "pattern_action": "INS",
              "pattern_entity": {
                "entity_type": "Return",
                "entity_new value": "*",
                "entity_role": "Statement",
                "entity_parent": "null"
              },
              "concrete_change": {
                "operator": "INS",
                "src_type": "Return",
                "dst_type": "null",
                "src": "return properties",
                "dst": "null",
                "src_parent_type": "Block",
                "dst_parent_type": "null",
                "src_parent": "{\n    return properties;\n}",
                "dst_parent": "null"
              },
              "line": 219,
              "file": "/home/khesoem/projects/lighter/exp/core/src/main/java/org/apache/servicecomb/core/ConfigurationSpringInitializer.java"
            }
          ]
        }
      ]
    }
  ],
  "complete_analysis": true
}