{
  "instances": [
    {
      "revision": "6d6ead6179f678e81287cbb7f537b0bbb017cbbc",
      "repairability": [
        {
          "tool-name": "JKali",
          "pattern-name": "JKali:del",
          "Unified_Diff_of-files:": "Starts Below...",
          "DELETE:": "  @SuppressWarnings({\"rawtypes\", \"unchecked\"})",
          "INSERT:": "}",
          "CHANGE_old:": "",
          "CHANGE_new:": "        , defaultPrimitiveValue(body, type));",
          "instance_detail": [
            {
              "pattern_action": "DEL",
              "pattern_entity": {
                "entity_type": "*",
                "entity_new value": "*",
                "entity_role": "Statement",
                "entity_parent": "null"
              },
              "concrete_change": {
                "operator": "DEL",
                "src_type": "If",
                "dst_type": "null",
                "src": "if (((java.lang.Class) (type)).isPrimitive()) {\n    swaggerArguments.put(parameter.getName(), com.google.common.base.Defaults.defaultValue(((java.lang.Class) (type))));\n}",
                "dst": "null",
                "src_parent_type": "Block",
                "dst_parent_type": "null",
                "src_parent": "{\n    if (((java.lang.Class) (type)).isPrimitive()) {\n        swaggerArguments.put(parameter.getName(), com.google.common.base.Defaults.defaultValue(((java.lang.Class) (type))));\n    }\n}",
                "dst_parent": "null"
              },
              "line": 74,
              "file": "/home/khesoem/projects/lighter/exp/transports/transport-highway/src/main/java/org/apache/servicecomb/transport/highway/HighwayCodec.java"
            }
          ]
        },
        {
          "tool-name": "JKali",
          "pattern-name": "JKali:del",
          "Unified_Diff_of-files:": "Starts Below...",
          "DELETE:": "  @SuppressWarnings({\"rawtypes\", \"unchecked\"})",
          "INSERT:": "}",
          "CHANGE_old:": "",
          "CHANGE_new:": "        , defaultPrimitiveValue(body, type));",
          "instance_detail": [
            {
              "pattern_action": "DEL",
              "pattern_entity": {
                "entity_type": "*",
                "entity_new value": "*",
                "entity_role": "Statement",
                "entity_parent": "null"
              },
              "concrete_change": {
                "operator": "DEL",
                "src_type": "If",
                "dst_type": "null",
                "src": "if (type instanceof java.lang.Class) {\n    if (((java.lang.Class) (type)).isPrimitive()) {\n        swaggerArguments.put(parameter.getName(), com.google.common.base.Defaults.defaultValue(((java.lang.Class) (type))));\n    }\n}",
                "dst": "null",
                "src_parent_type": "Block",
                "dst_parent_type": "null",
                "src_parent": "{\n    java.lang.reflect.Type type \u003d invocation.getOperationMeta().getSwaggerProducerOperation().getSwaggerParameterType(parameter.getName());\n    if (type instanceof java.lang.Class) {\n        if (((java.lang.Class) (type)).isPrimitive()) {\n            swaggerArguments.put(parameter.getName(), com.google.common.base.Defaults.defaultValue(((java.lang.Class) (type))));\n        }\n    }\n}",
                "dst_parent": "null"
              },
              "line": 73,
              "file": "/home/khesoem/projects/lighter/exp/transports/transport-highway/src/main/java/org/apache/servicecomb/transport/highway/HighwayCodec.java"
            }
          ]
        },
        {
          "tool-name": "JKali",
          "pattern-name": "JKali:del",
          "Unified_Diff_of-files:": "Starts Below...",
          "DELETE:": "  @SuppressWarnings({\"rawtypes\", \"unchecked\"})",
          "INSERT:": "}",
          "CHANGE_old:": "",
          "CHANGE_new:": "        , defaultPrimitiveValue(body, type));",
          "instance_detail": [
            {
              "pattern_action": "DEL",
              "pattern_entity": {
                "entity_type": "*",
                "entity_new value": "*",
                "entity_role": "Statement",
                "entity_parent": "null"
              },
              "concrete_change": {
                "operator": "DEL",
                "src_type": "If",
                "dst_type": "null",
                "src": "if ((swaggerArguments.get(parameter.getName())) \u003d\u003d null) {\n    java.lang.reflect.Type type \u003d invocation.getOperationMeta().getSwaggerProducerOperation().getSwaggerParameterType(parameter.getName());\n    if (type instanceof java.lang.Class) {\n        if (((java.lang.Class) (type)).isPrimitive()) {\n            swaggerArguments.put(parameter.getName(), com.google.common.base.Defaults.defaultValue(((java.lang.Class) (type))));\n        }\n    }\n}",
                "dst": "null",
                "src_parent_type": "Block",
                "dst_parent_type": "null",
                "src_parent": "{\n    if ((swaggerArguments.get(parameter.getName())) \u003d\u003d null) {\n        java.lang.reflect.Type type \u003d invocation.getOperationMeta().getSwaggerProducerOperation().getSwaggerParameterType(parameter.getName());\n        if (type instanceof java.lang.Class) {\n            if (((java.lang.Class) (type)).isPrimitive()) {\n                swaggerArguments.put(parameter.getName(), com.google.common.base.Defaults.defaultValue(((java.lang.Class) (type))));\n            }\n        }\n    }\n}",
                "dst_parent": "null"
              },
              "line": 70,
              "file": "/home/khesoem/projects/lighter/exp/transports/transport-highway/src/main/java/org/apache/servicecomb/transport/highway/HighwayCodec.java",
              "stats": {
                "number_of_src_entities": 122,
                "number_of_dst_entities": -1,
                "src_entity_types": "[boolean, com.google.common.base.Defaults, java.lang.reflect.Type, java.lang.Object, org.apache.servicecomb.core.Invocation, java.lang.String, io.swagger.models.parameters.Parameter, java.lang.Class, java.util.Map\u003cjava.lang.String, java.lang.Object\u003e, java.util.Map, \u003cnulltype\u003e]",
                "dst_entity_types": "[]"
              }
            }
          ]
        },
        {
          "tool-name": "JKali",
          "pattern-name": "JKali:add_rtrn",
          "Unified_Diff_of-files:": "Starts Below...",
          "DELETE:": "  @SuppressWarnings({\"rawtypes\", \"unchecked\"})",
          "INSERT:": "}",
          "CHANGE_old:": "",
          "CHANGE_new:": "        , defaultPrimitiveValue(body, type));",
          "instance_detail": [
            {
              "pattern_action": "INS",
              "pattern_entity": {
                "entity_type": "Return",
                "entity_new value": "*",
                "entity_role": "Statement",
                "entity_parent": "null"
              },
              "concrete_change": {
                "operator": "INS",
                "src_type": "Return",
                "dst_type": "null",
                "src": "return body",
                "dst": "null",
                "src_parent_type": "Block",
                "dst_parent_type": "null",
                "src_parent": "{\n    if (body \u003d\u003d null) {\n        if ((type instanceof java.lang.Class\u003c?\u003e) \u0026\u0026 (((java.lang.Class\u003c?\u003e) (type)).isPrimitive())) {\n            return com.google.common.base.Defaults.defaultValue(((java.lang.Class\u003c?\u003e) (type)));\n        }\n        if ((type instanceof com.fasterxml.jackson.databind.JavaType) \u0026\u0026 (((com.fasterxml.jackson.databind.JavaType) (type)).isPrimitive())) {\n            return com.google.common.base.Defaults.defaultValue(((com.fasterxml.jackson.databind.JavaType) (type)).getRawClass());\n        }\n    }\n    return body;\n}",
                "dst_parent": "null"
              },
              "line": 128,
              "file": "/home/khesoem/projects/lighter/exp/transports/transport-highway/src/main/java/org/apache/servicecomb/transport/highway/HighwayCodec.java"
            }
          ]
        },
        {
          "tool-name": "JKali",
          "pattern-name": "JKali:add_rtrn",
          "Unified_Diff_of-files:": "Starts Below...",
          "DELETE:": "  @SuppressWarnings({\"rawtypes\", \"unchecked\"})",
          "INSERT:": "}",
          "CHANGE_old:": "",
          "CHANGE_new:": "        , defaultPrimitiveValue(body, type));",
          "instance_detail": [
            {
              "pattern_action": "INS",
              "pattern_entity": {
                "entity_type": "Return",
                "entity_new value": "*",
                "entity_role": "Statement",
                "entity_parent": "null"
              },
              "concrete_change": {
                "operator": "INS",
                "src_type": "Return",
                "dst_type": "null",
                "src": "return com.google.common.base.Defaults.defaultValue(((java.lang.Class\u003c?\u003e) (type)))",
                "dst": "null",
                "src_parent_type": "Block",
                "dst_parent_type": "null",
                "src_parent": "{\n    return com.google.common.base.Defaults.defaultValue(((java.lang.Class\u003c?\u003e) (type)));\n}",
                "dst_parent": "null"
              },
              "line": 122,
              "file": "/home/khesoem/projects/lighter/exp/transports/transport-highway/src/main/java/org/apache/servicecomb/transport/highway/HighwayCodec.java"
            }
          ]
        },
        {
          "tool-name": "JKali",
          "pattern-name": "JKali:add_rtrn",
          "Unified_Diff_of-files:": "Starts Below...",
          "DELETE:": "  @SuppressWarnings({\"rawtypes\", \"unchecked\"})",
          "INSERT:": "}",
          "CHANGE_old:": "",
          "CHANGE_new:": "        , defaultPrimitiveValue(body, type));",
          "instance_detail": [
            {
              "pattern_action": "INS",
              "pattern_entity": {
                "entity_type": "Return",
                "entity_new value": "*",
                "entity_role": "Statement",
                "entity_parent": "null"
              },
              "concrete_change": {
                "operator": "INS",
                "src_type": "Return",
                "dst_type": "null",
                "src": "return com.google.common.base.Defaults.defaultValue(((com.fasterxml.jackson.databind.JavaType) (type)).getRawClass())",
                "dst": "null",
                "src_parent_type": "Block",
                "dst_parent_type": "null",
                "src_parent": "{\n    return com.google.common.base.Defaults.defaultValue(((com.fasterxml.jackson.databind.JavaType) (type)).getRawClass());\n}",
                "dst_parent": "null"
              },
              "line": 125,
              "file": "/home/khesoem/projects/lighter/exp/transports/transport-highway/src/main/java/org/apache/servicecomb/transport/highway/HighwayCodec.java"
            }
          ]
        }
      ]
    }
  ],
  "complete_analysis": true
}