{
  "instances": [
    {
      "revision": "49643fead51ffa9d7abca4fa2000ec5702543979",
      "repairability": [
        {
          "tool-name": "JMutRepair",
          "pattern-name": "JMutRepair:unary",
          "Unified_Diff_of-files:": "Starts Below...",
          "CHANGE_old:": "    static \u0026lt;K, V\u0026gt; TypeToken\u0026lt;CorfuTable\u0026lt;K, V\u0026gt;\u0026gt; getTableType() {",
          "CHANGE_new:": "    public static \u0026lt;K, V\u0026gt; TypeToken\u0026lt;CorfuTable\u0026lt;K, V\u0026gt;\u0026gt; getTableType() {",
          "instance_detail": [
            {
              "pattern_action": "ANY",
              "pattern_entity": {
                "entity_type": "UnaryOperator",
                "entity_new value": "*",
                "entity_role": "*",
                "entity_parent": {
                  "entity_type": "If",
                  "entity_new value": "*",
                  "entity_role": "*",
                  "entity_parent": "null"
                }
              },
              "concrete_change": {
                "operator": "INS",
                "src_type": "UnaryOperator",
                "dst_type": "null",
                "src": "!finishedInTime",
                "dst": "null",
                "src_parent_type": "If",
                "dst_parent_type": "null",
                "src_parent": "if (!finishedInTime) {\n    return false;\n}",
                "dst_parent": "null"
              },
              "line": 156,
              "file": "/home/khesoem/projects/lighter/exp/generator/src/main/java/org/corfudb/generator/State.java"
            }
          ]
        }
      ]
    },
    {
      "revision": "49643fead51ffa9d7abca4fa2000ec5702543979",
      "repairability": [
        {
          "tool-name": "JMutRepair",
          "pattern-name": "JMutRepair:unary",
          "Unified_Diff_of-files:": "Starts Below...",
          "CHANGE_old:": "    static \u0026lt;K, V\u0026gt; TypeToken\u0026lt;CorfuTable\u0026lt;K, V\u0026gt;\u0026gt; getTableType() {",
          "CHANGE_new:": "    public static \u0026lt;K, V\u0026gt; TypeToken\u0026lt;CorfuTable\u0026lt;K, V\u0026gt;\u0026gt; getTableType() {",
          "instance_detail": [
            {
              "pattern_action": "ANY",
              "pattern_entity": {
                "entity_type": "UnaryOperator",
                "entity_new value": "*",
                "entity_role": "*",
                "entity_parent": {
                  "entity_type": "If",
                  "entity_new value": "*",
                  "entity_role": "*",
                  "entity_parent": "null"
                }
              },
              "concrete_change": {
                "operator": "DEL",
                "src_type": "UnaryOperator",
                "dst_type": "null",
                "src": "!finishedInTime",
                "dst": "null",
                "src_parent_type": "If",
                "dst_parent_type": "null",
                "src_parent": "if (!finishedInTime) {\n    return false;\n}",
                "dst_parent": "null"
              },
              "line": 88,
              "file": "/home/khesoem/projects/lighter/exp/generator/src/main/java/org/corfudb/generator/LongevityApp.java"
            }
          ]
        }
      ]
    }
  ],
  "complete_analysis": true
}