{
  "instances": [
    {
      "revision": "699b855015e52522a24f75037bdd861f01ad8dce",
      "repairability": [
        {
          "tool-name": "JGenProg",
          "pattern-name": "JGenProg:any_statement_shallow",
          "Unified_Diff_of-files:": "Starts Below...",
          "DELETE:": "        rs.getInt(\"segment_count\"),",
          "CHANGE_old:": "",
          "CHANGE_new:": "        rs.getBoolean(\"adaptive\"));",
          "instance_detail": [
            {
              "pattern_action": "ANY",
              "pattern_entity": {
                "entity_type": "*",
                "entity_new value": "*",
                "entity_role": "Statement",
                "entity_parent": "null"
              },
              "concrete_change": {
                "operator": "DEL",
                "src_type": "LocalVariable",
                "dst_type": "null",
                "src": "java.util.Set\u003cjava.lang.String\u003e tables \u003d io.cassandrareaper.jmx.ClusterFacade.create(context).getTablesForKeyspace(cluster, keyspace).stream().map(Table::getName).collect(java.util.stream.Collectors.toSet())",
                "dst": "null",
                "src_parent_type": "Block",
                "dst_parent_type": "null",
                "src_parent": "{\n    java.util.Set\u003cjava.lang.String\u003e tables \u003d io.cassandrareaper.jmx.ClusterFacade.create(context).getTablesForKeyspace(cluster, keyspace).stream().map(Table::getName).collect(java.util.stream.Collectors.toSet());\n    return tables.isEmpty();\n}",
                "dst_parent": "null"
              },
              "line": 147,
              "file": "/home/khesoem/projects/lighter/exp/src/server/src/main/java/io/cassandrareaper/service/ClusterRepairScheduler.java"
            }
          ]
        },
        {
          "tool-name": "JGenProg",
          "pattern-name": "JGenProg:any_statement_shallow",
          "Unified_Diff_of-files:": "Starts Below...",
          "DELETE:": "        rs.getInt(\"segment_count\"),",
          "CHANGE_old:": "",
          "CHANGE_new:": "        rs.getBoolean(\"adaptive\"));",
          "instance_detail": [
            {
              "pattern_action": "ANY",
              "pattern_entity": {
                "entity_type": "*",
                "entity_new value": "*",
                "entity_role": "Statement",
                "entity_parent": "null"
              },
              "concrete_change": {
                "operator": "DEL",
                "src_type": "Return",
                "dst_type": "null",
                "src": "return tables.isEmpty()",
                "dst": "null",
                "src_parent_type": "Block",
                "dst_parent_type": "null",
                "src_parent": "{\n    java.util.Set\u003cjava.lang.String\u003e tables \u003d io.cassandrareaper.jmx.ClusterFacade.create(context).getTablesForKeyspace(cluster, keyspace).stream().map(Table::getName).collect(java.util.stream.Collectors.toSet());\n    return tables.isEmpty();\n}",
                "dst_parent": "null"
              },
              "line": 154,
              "file": "/home/khesoem/projects/lighter/exp/src/server/src/main/java/io/cassandrareaper/service/ClusterRepairScheduler.java"
            }
          ]
        },
        {
          "tool-name": "JGenProg",
          "pattern-name": "JGenProg:any_statement_shallow",
          "Unified_Diff_of-files:": "Starts Below...",
          "DELETE:": "        rs.getInt(\"segment_count\"),",
          "CHANGE_old:": "",
          "CHANGE_new:": "        rs.getBoolean(\"adaptive\"));",
          "instance_detail": [
            {
              "pattern_action": "ANY",
              "pattern_entity": {
                "entity_type": "*",
                "entity_new value": "*",
                "entity_role": "Statement",
                "entity_parent": "null"
              },
              "concrete_change": {
                "operator": "DEL",
                "src_type": "Throw",
                "dst_type": "null",
                "src": "throw com.google.common.base.Throwables.propagate(e)",
                "dst": "null",
                "src_parent_type": "Block",
                "dst_parent_type": "null",
                "src_parent": "{\n    throw com.google.common.base.Throwables.propagate(e);\n}",
                "dst_parent": "null"
              },
              "line": 156,
              "file": "/home/khesoem/projects/lighter/exp/src/server/src/main/java/io/cassandrareaper/service/ClusterRepairScheduler.java"
            }
          ]
        },
        {
          "tool-name": "JGenProg",
          "pattern-name": "JGenProg:any_statement_shallow",
          "Unified_Diff_of-files:": "Starts Below...",
          "DELETE:": "        rs.getInt(\"segment_count\"),",
          "CHANGE_old:": "",
          "CHANGE_new:": "        rs.getBoolean(\"adaptive\"));",
          "instance_detail": [
            {
              "pattern_action": "ANY",
              "pattern_entity": {
                "entity_type": "*",
                "entity_new value": "*",
                "entity_role": "Statement",
                "entity_parent": "null"
              },
              "concrete_change": {
                "operator": "DEL",
                "src_type": "Try",
                "dst_type": "null",
                "src": "try {\n    java.util.Set\u003cjava.lang.String\u003e tables \u003d io.cassandrareaper.jmx.ClusterFacade.create(context).getTablesForKeyspace(cluster, keyspace).stream().map(Table::getName).collect(java.util.stream.Collectors.toSet());\n    return tables.isEmpty();\n} catch (io.cassandrareaper.ReaperException e) {\n    throw com.google.common.base.Throwables.propagate(e);\n}",
                "dst": "null",
                "src_parent_type": "Block",
                "dst_parent_type": "null",
                "src_parent": "{\n    try {\n        java.util.Set\u003cjava.lang.String\u003e tables \u003d io.cassandrareaper.jmx.ClusterFacade.create(context).getTablesForKeyspace(cluster, keyspace).stream().map(Table::getName).collect(java.util.stream.Collectors.toSet());\n        return tables.isEmpty();\n    } catch (io.cassandrareaper.ReaperException e) {\n        throw com.google.common.base.Throwables.propagate(e);\n    }\n}",
                "dst_parent": "null"
              },
              "line": 146,
              "file": "/home/khesoem/projects/lighter/exp/src/server/src/main/java/io/cassandrareaper/service/ClusterRepairScheduler.java"
            }
          ]
        }
      ]
    },
    {
      "revision": "699b855015e52522a24f75037bdd861f01ad8dce",
      "repairability": [
        {
          "tool-name": "JGenProg",
          "pattern-name": "JGenProg:any_statement_shallow",
          "Unified_Diff_of-files:": "Starts Below...",
          "DELETE:": "        rs.getInt(\"segment_count\"),",
          "CHANGE_old:": "",
          "CHANGE_new:": "        rs.getBoolean(\"adaptive\"));",
          "instance_detail": [
            {
              "pattern_action": "ANY",
              "pattern_entity": {
                "entity_type": "*",
                "entity_new value": "*",
                "entity_role": "Statement",
                "entity_parent": "null"
              },
              "concrete_change": {
                "operator": "DEL",
                "src_type": "Assignment",
                "dst_type": "null",
                "src": "segments \u003d (repairUnit.getIncrementalRepair()) ? nodes.keySet().size() : tokenSegments.size()",
                "dst": "null",
                "src_parent_type": "Block",
                "dst_parent_type": "null",
                "src_parent": "{\n    java.util.List\u003cio.cassandrareaper.core.Segment\u003e tokenSegments \u003d (repairUnit.getIncrementalRepair()) ? com.google.common.collect.Lists.newArrayList() : generateSegments(cluster, segments, segmentsPerNode, repairUnit);\n    com.google.common.base.Preconditions.checkNotNull(tokenSegments, \"failed generating repair segments\");\n    java.util.Map\u003cjava.lang.String, io.cassandrareaper.service.RingRange\u003e nodes \u003d getClusterNodes(cluster, repairUnit);\n    segments \u003d (repairUnit.getIncrementalRepair()) ? nodes.keySet().size() : tokenSegments.size();\n    io.cassandrareaper.core.RepairRun.Builder runBuilder \u003d io.cassandrareaper.core.RepairRun.builder(cluster.getName(), repairUnit.getId()).intensity(intensity).segmentCount(segments).repairParallelism(repairParallelism).cause(cause.orElse(\"no cause specified\")).owner(owner).tables(repairUnitService.getTablesToRepair(cluster, repairUnit));\n    java.util.List\u003cio.cassandrareaper.core.RepairSegment.Builder\u003e segmentBuilders \u003d (repairUnit.getIncrementalRepair()) ? io.cassandrareaper.service.RepairRunService.createRepairSegmentsForIncrementalRepair(nodes, repairUnit) : io.cassandrareaper.service.RepairRunService.createRepairSegments(tokenSegments, repairUnit);\n    io.cassandrareaper.core.RepairRun repairRun \u003d context.storage.addRepairRun(runBuilder, segmentBuilders);\n    if (null \u003d\u003d repairRun) {\n        java.lang.String errMsg \u003d java.lang.String.format(\"failed storing repair run for cluster \\\"%s\\\", keyspace \\\"%s\\\", and column families: %s\", cluster.getName(), repairUnit.getKeyspaceName(), repairUnit.getColumnFamilies());\n        io.cassandrareaper.service.RepairRunService.LOG.error(errMsg);\n        throw new io.cassandrareaper.ReaperException(errMsg);\n    }\n    return repairRun;\n}",
                "dst_parent": "null"
              },
              "line": 114,
              "file": "/home/khesoem/projects/lighter/exp/src/server/src/main/java/io/cassandrareaper/service/RepairRunService.java",
              "stats": {
                "number_of_src_entities": 47,
                "number_of_dst_entities": -1,
                "src_entity_types": "[int, io.cassandrareaper.core.RepairUnit, io.cassandrareaper.service.RingRange, java.lang.String, io.cassandrareaper.core.Segment, java.util.List\u003cio.cassandrareaper.core.Segment\u003e, java.util.Map\u003cjava.lang.String, io.cassandrareaper.service.RingRange\u003e]",
                "dst_entity_types": "[]"
              }
            }
          ]
        },
        {
          "tool-name": "JGenProg",
          "pattern-name": "JGenProg:any_statement_shallow",
          "Unified_Diff_of-files:": "Starts Below...",
          "DELETE:": "        rs.getInt(\"segment_count\"),",
          "CHANGE_old:": "",
          "CHANGE_new:": "        rs.getBoolean(\"adaptive\"));",
          "instance_detail": [
            {
              "pattern_action": "ANY",
              "pattern_entity": {
                "entity_type": "*",
                "entity_new value": "*",
                "entity_role": "Statement",
                "entity_parent": "null"
              },
              "concrete_change": {
                "operator": "DEL",
                "src_type": "Assignment",
                "dst_type": "null",
                "src": "globalSegmentCount \u003d io.cassandrareaper.service.RepairRunService.computeGlobalSegmentCount(segmentCountPerNode, endpointToRange)",
                "dst": "null",
                "src_parent_type": "Block",
                "dst_parent_type": "null",
                "src_parent": "{\n    globalSegmentCount \u003d io.cassandrareaper.service.RepairRunService.computeGlobalSegmentCount(segmentCountPerNode, endpointToRange);\n}",
                "dst_parent": "null"
              },
              "line": 177,
              "file": "/home/khesoem/projects/lighter/exp/src/server/src/main/java/io/cassandrareaper/service/RepairRunService.java"
            }
          ]
        },
        {
          "tool-name": "JGenProg",
          "pattern-name": "JGenProg:any_statement_shallow",
          "Unified_Diff_of-files:": "Starts Below...",
          "DELETE:": "        rs.getInt(\"segment_count\"),",
          "CHANGE_old:": "",
          "CHANGE_new:": "        rs.getBoolean(\"adaptive\"));",
          "instance_detail": [
            {
              "pattern_action": "ANY",
              "pattern_entity": {
                "entity_type": "*",
                "entity_new value": "*",
                "entity_role": "Statement",
                "entity_parent": "null"
              },
              "concrete_change": {
                "operator": "DEL",
                "src_type": "If",
                "dst_type": "null",
                "src": "if (globalSegmentCount \u003d\u003d 0) {\n    globalSegmentCount \u003d io.cassandrareaper.service.RepairRunService.computeGlobalSegmentCount(segmentCountPerNode, endpointToRange);\n}",
                "dst": "null",
                "src_parent_type": "Block",
                "dst_parent_type": "null",
                "src_parent": "{\n    java.util.List\u003cjava.math.BigInteger\u003e tokens \u003d clusterFacade.getTokens(targetCluster);\n    java.util.Map\u003cjava.util.List\u003cjava.lang.String\u003e, java.util.List\u003cjava.lang.String\u003e\u003e rangeToEndpoint \u003d clusterFacade.getRangeToEndpointMap(targetCluster, repairUnit.getKeyspaceName());\n    java.util.Map\u003cjava.lang.String, java.util.List\u003cio.cassandrareaper.service.RingRange\u003e\u003e endpointToRange \u003d io.cassandrareaper.service.RepairRunService.buildEndpointToRangeMap(rangeToEndpoint);\n    java.util.Map\u003cjava.util.List\u003cjava.lang.String\u003e, java.util.List\u003cio.cassandrareaper.service.RingRange\u003e\u003e replicasToRange \u003d io.cassandrareaper.service.RepairRunService.buildReplicasToRangeMap(rangeToEndpoint);\n    java.lang.String cassandraVersion \u003d clusterFacade.getCassandraVersion(targetCluster);\n    int globalSegmentCount \u003d segmentCount;\n    if (globalSegmentCount \u003d\u003d 0) {\n        globalSegmentCount \u003d io.cassandrareaper.service.RepairRunService.computeGlobalSegmentCount(segmentCountPerNode, endpointToRange);\n    }\n    segments \u003d io.cassandrareaper.service.RepairRunService.filterSegmentsByNodes(sg.generateSegments(globalSegmentCount, tokens, repairUnit.getIncrementalRepair(), replicasToRange, cassandraVersion), repairUnit, endpointToRange);\n}",
                "dst_parent": "null"
              },
              "line": 176,
              "file": "/home/khesoem/projects/lighter/exp/src/server/src/main/java/io/cassandrareaper/service/RepairRunService.java",
              "stats": {
                "number_of_src_entities": 44,
                "number_of_dst_entities": -1,
                "src_entity_types": "[int, boolean, io.cassandrareaper.service.RingRange, java.lang.String, java.util.List\u003cio.cassandrareaper.service.RingRange\u003e, java.util.Map\u003cjava.lang.String, java.util.List\u003cio.cassandrareaper.service.RingRange\u003e\u003e, io.cassandrareaper.service.RepairRunService]",
                "dst_entity_types": "[]"
              }
            }
          ]
        }
      ]
    },
    {
      "revision": "699b855015e52522a24f75037bdd861f01ad8dce",
      "repairability": [
        {
          "tool-name": "JGenProg",
          "pattern-name": "JGenProg:any_statement_deep",
          "Unified_Diff_of-files:": "Starts Below...",
          "DELETE:": "        rs.getInt(\"segment_count\"),",
          "CHANGE_old:": "",
          "CHANGE_new:": "        rs.getBoolean(\"adaptive\"));",
          "instance_detail": [
            {
              "pattern_action": "ANY",
              "pattern_entity": {
                "entity_type": "*",
                "entity_new value": "*",
                "entity_role": "*",
                "entity_parent": {
                  "entity_type": "*",
                  "entity_new value": "*",
                  "entity_role": "Statement",
                  "entity_parent": "null"
                }
              },
              "concrete_change": {
                "operator": "UPD",
                "src_type": "Invocation",
                "dst_type": "Invocation",
                "src": "rs.getString(\"owner\")",
                "dst": "io.cassandrareaper.storage.postgresql.RepairRunMapper.getDateTimeOrNull(rs, \"pause_time\")",
                "src_parent_type": "Invocation",
                "dst_parent_type": "Invocation",
                "src_parent": "io.cassandrareaper.core.RepairSchedule.builder(io.cassandrareaper.storage.postgresql.UuidUtil.fromSequenceId(rs.getLong(\"repair_unit_id\"))).state(scheduleState).daysBetween(rs.getInt(\"days_between\")).nextActivation(io.cassandrareaper.storage.postgresql.RepairRunMapper.getDateTimeOrNull(rs, \"next_activation\")).runHistory(com.google.common.collect.ImmutableList.copyOf(runHistoryUuids)).segmentCount(rs.getInt(\"segment_count\")).repairParallelism(org.apache.cassandra.repair.RepairParallelism.fromName(parallelism)).intensity(rs.getDouble(\"intensity\")).creationTime(io.cassandrareaper.storage.postgresql.RepairRunMapper.getDateTimeOrNull(rs, \"creation_time\")).segmentCountPerNode(rs.getInt(\"segment_count_per_node\")).owner(rs.getString(\"owner\"))",
                "dst_parent": "io.cassandrareaper.core.RepairSchedule.builder(io.cassandrareaper.storage.postgresql.UuidUtil.fromSequenceId(rs.getLong(\"repair_unit_id\"))).state(scheduleState).daysBetween(rs.getInt(\"days_between\")).nextActivation(io.cassandrareaper.storage.postgresql.RepairRunMapper.getDateTimeOrNull(rs, \"next_activation\")).runHistory(com.google.common.collect.ImmutableList.copyOf(runHistoryUuids)).repairParallelism(org.apache.cassandra.repair.RepairParallelism.fromName(parallelism)).intensity(rs.getDouble(\"intensity\")).creationTime(io.cassandrareaper.storage.postgresql.RepairRunMapper.getDateTimeOrNull(rs, \"creation_time\")).segmentCountPerNode(rs.getInt(\"segment_count_per_node\")).owner(rs.getString(\"owner\")).pauseTime(io.cassandrareaper.storage.postgresql.RepairRunMapper.getDateTimeOrNull(rs, \"pause_time\"))"
              },
              "line": 78,
              "file": "/home/khesoem/projects/lighter/exp/src/server/src/main/java/io/cassandrareaper/storage/postgresql/RepairScheduleMapper.java",
              "stats": {
                "number_of_src_entities": 15,
                "number_of_dst_entities": 18,
                "src_entity_types": "[java.lang.String, java.sql.ResultSet]",
                "dst_entity_types": "[java.lang.String, java.sql.ResultSet, io.cassandrareaper.storage.postgresql.RepairRunMapper]"
              }
            }
          ]
        },
        {
          "tool-name": "JGenProg",
          "pattern-name": "JGenProg:any_statement_deep",
          "Unified_Diff_of-files:": "Starts Below...",
          "DELETE:": "        rs.getInt(\"segment_count\"),",
          "CHANGE_old:": "",
          "CHANGE_new:": "        rs.getBoolean(\"adaptive\"));",
          "instance_detail": [
            {
              "pattern_action": "ANY",
              "pattern_entity": {
                "entity_type": "*",
                "entity_new value": "*",
                "entity_role": "*",
                "entity_parent": {
                  "entity_type": "*",
                  "entity_new value": "*",
                  "entity_role": "Statement",
                  "entity_parent": "null"
                }
              },
              "concrete_change": {
                "operator": "UPD",
                "src_type": "Invocation",
                "dst_type": "Invocation",
                "src": "rs.getInt(\"segment_count_per_node\")",
                "dst": "rs.getString(\"owner\")",
                "src_parent_type": "Invocation",
                "dst_parent_type": "Invocation",
                "src_parent": "io.cassandrareaper.core.RepairSchedule.builder(io.cassandrareaper.storage.postgresql.UuidUtil.fromSequenceId(rs.getLong(\"repair_unit_id\"))).state(scheduleState).daysBetween(rs.getInt(\"days_between\")).nextActivation(io.cassandrareaper.storage.postgresql.RepairRunMapper.getDateTimeOrNull(rs, \"next_activation\")).runHistory(com.google.common.collect.ImmutableList.copyOf(runHistoryUuids)).segmentCount(rs.getInt(\"segment_count\")).repairParallelism(org.apache.cassandra.repair.RepairParallelism.fromName(parallelism)).intensity(rs.getDouble(\"intensity\")).creationTime(io.cassandrareaper.storage.postgresql.RepairRunMapper.getDateTimeOrNull(rs, \"creation_time\")).segmentCountPerNode(rs.getInt(\"segment_count_per_node\"))",
                "dst_parent": "io.cassandrareaper.core.RepairSchedule.builder(io.cassandrareaper.storage.postgresql.UuidUtil.fromSequenceId(rs.getLong(\"repair_unit_id\"))).state(scheduleState).daysBetween(rs.getInt(\"days_between\")).nextActivation(io.cassandrareaper.storage.postgresql.RepairRunMapper.getDateTimeOrNull(rs, \"next_activation\")).runHistory(com.google.common.collect.ImmutableList.copyOf(runHistoryUuids)).repairParallelism(org.apache.cassandra.repair.RepairParallelism.fromName(parallelism)).intensity(rs.getDouble(\"intensity\")).creationTime(io.cassandrareaper.storage.postgresql.RepairRunMapper.getDateTimeOrNull(rs, \"creation_time\")).segmentCountPerNode(rs.getInt(\"segment_count_per_node\")).owner(rs.getString(\"owner\"))"
              },
              "line": 77,
              "file": "/home/khesoem/projects/lighter/exp/src/server/src/main/java/io/cassandrareaper/storage/postgresql/RepairScheduleMapper.java",
              "stats": {
                "number_of_src_entities": 14,
                "number_of_dst_entities": 15,
                "src_entity_types": "[java.lang.String, java.sql.ResultSet]",
                "dst_entity_types": "[java.lang.String, java.sql.ResultSet]"
              }
            }
          ]
        },
        {
          "tool-name": "JGenProg",
          "pattern-name": "JGenProg:any_statement_deep",
          "Unified_Diff_of-files:": "Starts Below...",
          "DELETE:": "        rs.getInt(\"segment_count\"),",
          "CHANGE_old:": "",
          "CHANGE_new:": "        rs.getBoolean(\"adaptive\"));",
          "instance_detail": [
            {
              "pattern_action": "ANY",
              "pattern_entity": {
                "entity_type": "*",
                "entity_new value": "*",
                "entity_role": "*",
                "entity_parent": {
                  "entity_type": "*",
                  "entity_new value": "*",
                  "entity_role": "Statement",
                  "entity_parent": "null"
                }
              },
              "concrete_change": {
                "operator": "UPD",
                "src_type": "Invocation",
                "dst_type": "Invocation",
                "src": "io.cassandrareaper.storage.postgresql.RepairRunMapper.getDateTimeOrNull(rs, \"creation_time\")",
                "dst": "rs.getInt(\"segment_count_per_node\")",
                "src_parent_type": "Invocation",
                "dst_parent_type": "Invocation",
                "src_parent": "io.cassandrareaper.core.RepairSchedule.builder(io.cassandrareaper.storage.postgresql.UuidUtil.fromSequenceId(rs.getLong(\"repair_unit_id\"))).state(scheduleState).daysBetween(rs.getInt(\"days_between\")).nextActivation(io.cassandrareaper.storage.postgresql.RepairRunMapper.getDateTimeOrNull(rs, \"next_activation\")).runHistory(com.google.common.collect.ImmutableList.copyOf(runHistoryUuids)).segmentCount(rs.getInt(\"segment_count\")).repairParallelism(org.apache.cassandra.repair.RepairParallelism.fromName(parallelism)).intensity(rs.getDouble(\"intensity\")).creationTime(io.cassandrareaper.storage.postgresql.RepairRunMapper.getDateTimeOrNull(rs, \"creation_time\"))",
                "dst_parent": "io.cassandrareaper.core.RepairSchedule.builder(io.cassandrareaper.storage.postgresql.UuidUtil.fromSequenceId(rs.getLong(\"repair_unit_id\"))).state(scheduleState).daysBetween(rs.getInt(\"days_between\")).nextActivation(io.cassandrareaper.storage.postgresql.RepairRunMapper.getDateTimeOrNull(rs, \"next_activation\")).runHistory(com.google.common.collect.ImmutableList.copyOf(runHistoryUuids)).repairParallelism(org.apache.cassandra.repair.RepairParallelism.fromName(parallelism)).intensity(rs.getDouble(\"intensity\")).creationTime(io.cassandrareaper.storage.postgresql.RepairRunMapper.getDateTimeOrNull(rs, \"creation_time\")).segmentCountPerNode(rs.getInt(\"segment_count_per_node\"))"
              },
              "line": 76,
              "file": "/home/khesoem/projects/lighter/exp/src/server/src/main/java/io/cassandrareaper/storage/postgresql/RepairScheduleMapper.java",
              "stats": {
                "number_of_src_entities": 18,
                "number_of_dst_entities": 14,
                "src_entity_types": "[java.lang.String, java.sql.ResultSet, io.cassandrareaper.storage.postgresql.RepairRunMapper]",
                "dst_entity_types": "[java.lang.String, java.sql.ResultSet]"
              }
            }
          ]
        },
        {
          "tool-name": "JGenProg",
          "pattern-name": "JGenProg:any_statement_deep",
          "Unified_Diff_of-files:": "Starts Below...",
          "DELETE:": "        rs.getInt(\"segment_count\"),",
          "CHANGE_old:": "",
          "CHANGE_new:": "        rs.getBoolean(\"adaptive\"));",
          "instance_detail": [
            {
              "pattern_action": "ANY",
              "pattern_entity": {
                "entity_type": "*",
                "entity_new value": "*",
                "entity_role": "*",
                "entity_parent": {
                  "entity_type": "*",
                  "entity_new value": "*",
                  "entity_role": "Statement",
                  "entity_parent": "null"
                }
              },
              "concrete_change": {
                "operator": "UPD",
                "src_type": "Invocation",
                "dst_type": "Invocation",
                "src": "rs.getDouble(\"intensity\")",
                "dst": "io.cassandrareaper.storage.postgresql.RepairRunMapper.getDateTimeOrNull(rs, \"creation_time\")",
                "src_parent_type": "Invocation",
                "dst_parent_type": "Invocation",
                "src_parent": "io.cassandrareaper.core.RepairSchedule.builder(io.cassandrareaper.storage.postgresql.UuidUtil.fromSequenceId(rs.getLong(\"repair_unit_id\"))).state(scheduleState).daysBetween(rs.getInt(\"days_between\")).nextActivation(io.cassandrareaper.storage.postgresql.RepairRunMapper.getDateTimeOrNull(rs, \"next_activation\")).runHistory(com.google.common.collect.ImmutableList.copyOf(runHistoryUuids)).segmentCount(rs.getInt(\"segment_count\")).repairParallelism(org.apache.cassandra.repair.RepairParallelism.fromName(parallelism)).intensity(rs.getDouble(\"intensity\"))",
                "dst_parent": "io.cassandrareaper.core.RepairSchedule.builder(io.cassandrareaper.storage.postgresql.UuidUtil.fromSequenceId(rs.getLong(\"repair_unit_id\"))).state(scheduleState).daysBetween(rs.getInt(\"days_between\")).nextActivation(io.cassandrareaper.storage.postgresql.RepairRunMapper.getDateTimeOrNull(rs, \"next_activation\")).runHistory(com.google.common.collect.ImmutableList.copyOf(runHistoryUuids)).repairParallelism(org.apache.cassandra.repair.RepairParallelism.fromName(parallelism)).intensity(rs.getDouble(\"intensity\")).creationTime(io.cassandrareaper.storage.postgresql.RepairRunMapper.getDateTimeOrNull(rs, \"creation_time\"))"
              },
              "line": 75,
              "file": "/home/khesoem/projects/lighter/exp/src/server/src/main/java/io/cassandrareaper/storage/postgresql/RepairScheduleMapper.java",
              "stats": {
                "number_of_src_entities": 14,
                "number_of_dst_entities": 18,
                "src_entity_types": "[java.lang.String, java.sql.ResultSet]",
                "dst_entity_types": "[java.lang.String, java.sql.ResultSet, io.cassandrareaper.storage.postgresql.RepairRunMapper]"
              }
            }
          ]
        },
        {
          "tool-name": "JGenProg",
          "pattern-name": "JGenProg:any_statement_deep",
          "Unified_Diff_of-files:": "Starts Below...",
          "DELETE:": "        rs.getInt(\"segment_count\"),",
          "CHANGE_old:": "",
          "CHANGE_new:": "        rs.getBoolean(\"adaptive\"));",
          "instance_detail": [
            {
              "pattern_action": "ANY",
              "pattern_entity": {
                "entity_type": "*",
                "entity_new value": "*",
                "entity_role": "*",
                "entity_parent": {
                  "entity_type": "*",
                  "entity_new value": "*",
                  "entity_role": "Statement",
                  "entity_parent": "null"
                }
              },
              "concrete_change": {
                "operator": "UPD",
                "src_type": "Invocation",
                "dst_type": "Invocation",
                "src": "org.apache.cassandra.repair.RepairParallelism.fromName(parallelism)",
                "dst": "rs.getDouble(\"intensity\")",
                "src_parent_type": "Invocation",
                "dst_parent_type": "Invocation",
                "src_parent": "io.cassandrareaper.core.RepairSchedule.builder(io.cassandrareaper.storage.postgresql.UuidUtil.fromSequenceId(rs.getLong(\"repair_unit_id\"))).state(scheduleState).daysBetween(rs.getInt(\"days_between\")).nextActivation(io.cassandrareaper.storage.postgresql.RepairRunMapper.getDateTimeOrNull(rs, \"next_activation\")).runHistory(com.google.common.collect.ImmutableList.copyOf(runHistoryUuids)).segmentCount(rs.getInt(\"segment_count\")).repairParallelism(org.apache.cassandra.repair.RepairParallelism.fromName(parallelism))",
                "dst_parent": "io.cassandrareaper.core.RepairSchedule.builder(io.cassandrareaper.storage.postgresql.UuidUtil.fromSequenceId(rs.getLong(\"repair_unit_id\"))).state(scheduleState).daysBetween(rs.getInt(\"days_between\")).nextActivation(io.cassandrareaper.storage.postgresql.RepairRunMapper.getDateTimeOrNull(rs, \"next_activation\")).runHistory(com.google.common.collect.ImmutableList.copyOf(runHistoryUuids)).repairParallelism(org.apache.cassandra.repair.RepairParallelism.fromName(parallelism)).intensity(rs.getDouble(\"intensity\"))"
              },
              "line": 74,
              "file": "/home/khesoem/projects/lighter/exp/src/server/src/main/java/io/cassandrareaper/storage/postgresql/RepairScheduleMapper.java",
              "stats": {
                "number_of_src_entities": 13,
                "number_of_dst_entities": 14,
                "src_entity_types": "[java.lang.String, org.apache.cassandra.repair.RepairParallelism]",
                "dst_entity_types": "[java.lang.String, java.sql.ResultSet]"
              }
            }
          ]
        },
        {
          "tool-name": "JGenProg",
          "pattern-name": "JGenProg:any_statement_deep",
          "Unified_Diff_of-files:": "Starts Below...",
          "DELETE:": "        rs.getInt(\"segment_count\"),",
          "CHANGE_old:": "",
          "CHANGE_new:": "        rs.getBoolean(\"adaptive\"));",
          "instance_detail": [
            {
              "pattern_action": "ANY",
              "pattern_entity": {
                "entity_type": "*",
                "entity_new value": "*",
                "entity_role": "*",
                "entity_parent": {
                  "entity_type": "*",
                  "entity_new value": "*",
                  "entity_role": "Statement",
                  "entity_parent": "null"
                }
              },
              "concrete_change": {
                "operator": "UPD",
                "src_type": "Invocation",
                "dst_type": "Invocation",
                "src": "rs.getInt(\"segment_count\")",
                "dst": "org.apache.cassandra.repair.RepairParallelism.fromName(parallelism)",
                "src_parent_type": "Invocation",
                "dst_parent_type": "Invocation",
                "src_parent": "io.cassandrareaper.core.RepairSchedule.builder(io.cassandrareaper.storage.postgresql.UuidUtil.fromSequenceId(rs.getLong(\"repair_unit_id\"))).state(scheduleState).daysBetween(rs.getInt(\"days_between\")).nextActivation(io.cassandrareaper.storage.postgresql.RepairRunMapper.getDateTimeOrNull(rs, \"next_activation\")).runHistory(com.google.common.collect.ImmutableList.copyOf(runHistoryUuids)).segmentCount(rs.getInt(\"segment_count\"))",
                "dst_parent": "io.cassandrareaper.core.RepairSchedule.builder(io.cassandrareaper.storage.postgresql.UuidUtil.fromSequenceId(rs.getLong(\"repair_unit_id\"))).state(scheduleState).daysBetween(rs.getInt(\"days_between\")).nextActivation(io.cassandrareaper.storage.postgresql.RepairRunMapper.getDateTimeOrNull(rs, \"next_activation\")).runHistory(com.google.common.collect.ImmutableList.copyOf(runHistoryUuids)).repairParallelism(org.apache.cassandra.repair.RepairParallelism.fromName(parallelism))"
              },
              "line": 73,
              "file": "/home/khesoem/projects/lighter/exp/src/server/src/main/java/io/cassandrareaper/storage/postgresql/RepairScheduleMapper.java",
              "stats": {
                "number_of_src_entities": 14,
                "number_of_dst_entities": 13,
                "src_entity_types": "[java.lang.String, java.sql.ResultSet]",
                "dst_entity_types": "[java.lang.String, org.apache.cassandra.repair.RepairParallelism]"
              }
            }
          ]
        }
      ]
    },
    {
      "revision": "699b855015e52522a24f75037bdd861f01ad8dce",
      "repairability": [
        {
          "tool-name": "JGenProg",
          "pattern-name": "JGenProg:any_statement_deep",
          "Unified_Diff_of-files:": "Starts Below...",
          "DELETE:": "        rs.getInt(\"segment_count\"),",
          "CHANGE_old:": "",
          "CHANGE_new:": "        rs.getBoolean(\"adaptive\"));",
          "instance_detail": [
            {
              "pattern_action": "ANY",
              "pattern_entity": {
                "entity_type": "*",
                "entity_new value": "*",
                "entity_role": "*",
                "entity_parent": {
                  "entity_type": "*",
                  "entity_new value": "*",
                  "entity_role": "Statement",
                  "entity_parent": "null"
                }
              },
              "concrete_change": {
                "operator": "UPD",
                "src_type": "Lambda",
                "dst_type": "Lambda",
                "src": "( node) -\u003e (datacenters.isEmpty()) || (datacenters.contains(dcByNode.get(node)))",
                "dst": "( node) -\u003e (datacenters.isEmpty()) || (datacenters.contains(dcByNode.get(node)))",
                "src_parent_type": "Invocation",
                "dst_parent_type": "Invocation",
                "src_parent": "dcByNode.keySet().stream().filter(( node) -\u003e (datacenters.isEmpty()) || (datacenters.contains(dcByNode.get(node))))",
                "dst_parent": "dcByNode.keySet().stream().filter(( node) -\u003e (datacenters.isEmpty()) || (datacenters.contains(dcByNode.get(node))))"
              },
              "line": 437,
              "file": "/home/khesoem/projects/lighter/exp/src/server/src/main/java/io/cassandrareaper/service/RepairRunner.java",
              "stats": {
                "number_of_src_entities": 55,
                "number_of_dst_entities": 55,
                "src_entity_types": "[java.util.function.Predicate\u003c? super java.lang.String\u003e, boolean, java.util.Set\u003cjava.lang.String\u003e, java.util.Set, java.lang.String, java.util.Map\u003cjava.lang.String, java.lang.String\u003e, java.util.Map]",
                "dst_entity_types": "[java.util.function.Predicate\u003c? super java.lang.String\u003e, boolean, java.util.Set\u003cjava.lang.String\u003e, java.util.Set, java.lang.String, java.util.Map\u003cjava.lang.String, java.lang.String\u003e, java.util.Map]"
              }
            }
          ]
        },
        {
          "tool-name": "JGenProg",
          "pattern-name": "JGenProg:any_statement_deep",
          "Unified_Diff_of-files:": "Starts Below...",
          "DELETE:": "        rs.getInt(\"segment_count\"),",
          "CHANGE_old:": "",
          "CHANGE_new:": "        rs.getBoolean(\"adaptive\"));",
          "instance_detail": [
            {
              "pattern_action": "ANY",
              "pattern_entity": {
                "entity_type": "*",
                "entity_new value": "*",
                "entity_role": "*",
                "entity_parent": {
                  "entity_type": "*",
                  "entity_new value": "*",
                  "entity_role": "Statement",
                  "entity_parent": "null"
                }
              },
              "concrete_change": {
                "operator": "UPD",
                "src_type": "Lambda",
                "dst_type": "Lambda",
                "src": "( nodeTuple) -\u003e nodeTuple.getLeft()",
                "dst": "( nodeTuple) -\u003e nodeTuple.getLeft()",
                "src_parent_type": "Invocation",
                "dst_parent_type": "Invocation",
                "src_parent": "coordinatorsWithDc.stream().filter(( node) -\u003e (datacenters.contains(node.getRight())) || (datacenters.isEmpty())).map(( nodeTuple) -\u003e nodeTuple.getLeft())",
                "dst_parent": "coordinatorsWithDc.stream().filter(( node) -\u003e (datacenters.contains(node.getRight())) || (datacenters.isEmpty())).map(( nodeTuple) -\u003e nodeTuple.getLeft())"
              },
              "line": 593,
              "file": "/home/khesoem/projects/lighter/exp/src/server/src/main/java/io/cassandrareaper/service/RepairRunner.java",
              "stats": {
                "number_of_src_entities": 34,
                "number_of_dst_entities": 34,
                "src_entity_types": "[java.util.function.Function\u003c? super org.apache.commons.lang3.tuple.Pair\u003cjava.lang.String, java.lang.String\u003e, ? extends java.lang.String\u003e, java.lang.String, org.apache.commons.lang3.tuple.Pair\u003cjava.lang.String, java.lang.String\u003e, org.apache.commons.lang3.tuple.Pair]",
                "dst_entity_types": "[java.util.function.Function\u003c? super org.apache.commons.lang3.tuple.Pair\u003cjava.lang.String, java.lang.String\u003e, ? extends java.lang.String\u003e, java.lang.String, org.apache.commons.lang3.tuple.Pair\u003cjava.lang.String, java.lang.String\u003e, org.apache.commons.lang3.tuple.Pair]"
              }
            }
          ]
        },
        {
          "tool-name": "JGenProg",
          "pattern-name": "JGenProg:any_statement_deep",
          "Unified_Diff_of-files:": "Starts Below...",
          "DELETE:": "        rs.getInt(\"segment_count\"),",
          "CHANGE_old:": "",
          "CHANGE_new:": "        rs.getBoolean(\"adaptive\"));",
          "instance_detail": [
            {
              "pattern_action": "ANY",
              "pattern_entity": {
                "entity_type": "*",
                "entity_new value": "*",
                "entity_role": "*",
                "entity_parent": {
                  "entity_type": "*",
                  "entity_new value": "*",
                  "entity_role": "Statement",
                  "entity_parent": "null"
                }
              },
              "concrete_change": {
                "operator": "UPD",
                "src_type": "Lambda",
                "dst_type": "Lambda",
                "src": "( node) -\u003e getNodeMetrics(node, (dc !\u003d null ? dc : \"\"), ((dcByNode.get(node)) !\u003d null ? dcByNode.get(node) : \"\"))",
                "dst": "( node) -\u003e getNodeMetrics(node, (dc !\u003d null ? dc : \"\"), ((dcByNode.get(node)) !\u003d null ? dcByNode.get(node) : \"\"))",
                "src_parent_type": "Invocation",
                "dst_parent_type": "Invocation",
                "src_parent": "nodes.stream().map(( node) -\u003e getNodeMetrics(node, (dc !\u003d null ? dc : \"\"), ((dcByNode.get(node)) !\u003d null ? dcByNode.get(node) : \"\")))",
                "dst_parent": "nodes.stream().map(( node) -\u003e getNodeMetrics(node, (dc !\u003d null ? dc : \"\"), ((dcByNode.get(node)) !\u003d null ? dcByNode.get(node) : \"\")))"
              },
              "line": 376,
              "file": "/home/khesoem/projects/lighter/exp/src/server/src/main/java/io/cassandrareaper/service/RepairRunner.java",
              "stats": {
                "number_of_src_entities": 118,
                "number_of_dst_entities": 118,
                "src_entity_types": "[java.util.function.Function\u003c? super java.lang.String, ? extends org.apache.commons.lang3.tuple.Pair\u003cjava.lang.String, java.util.concurrent.Callable\u003cjava.util.Optional\u003cio.cassandrareaper.core.CompactionStats\u003e\u003e\u003e\u003e, boolean, java.util.Optional\u003cio.cassandrareaper.core.CompactionStats\u003e, java.lang.String, io.cassandrareaper.service.RepairRunner, java.util.Map\u003cjava.lang.String, java.lang.String\u003e, java.util.Map, io.cassandrareaper.core.CompactionStats, \u003cnulltype\u003e, org.apache.commons.lang3.tuple.Pair\u003cjava.lang.String, java.util.concurrent.Callable\u003cjava.util.Optional\u003cio.cassandrareaper.core.CompactionStats\u003e\u003e\u003e, java.util.concurrent.Callable\u003cjava.util.Optional\u003cio.cassandrareaper.core.CompactionStats\u003e\u003e]",
                "dst_entity_types": "[java.util.function.Function\u003c? super java.lang.String, ? extends org.apache.commons.lang3.tuple.Pair\u003cjava.lang.String, java.util.concurrent.Callable\u003cjava.util.Optional\u003cio.cassandrareaper.core.CompactionStats\u003e\u003e\u003e\u003e, boolean, java.util.Optional\u003cio.cassandrareaper.core.CompactionStats\u003e, java.lang.String, io.cassandrareaper.service.RepairRunner, java.util.Map\u003cjava.lang.String, java.lang.String\u003e, java.util.Map, io.cassandrareaper.core.CompactionStats, \u003cnulltype\u003e, org.apache.commons.lang3.tuple.Pair\u003cjava.lang.String, java.util.concurrent.Callable\u003cjava.util.Optional\u003cio.cassandrareaper.core.CompactionStats\u003e\u003e\u003e, java.util.concurrent.Callable\u003cjava.util.Optional\u003cio.cassandrareaper.core.CompactionStats\u003e\u003e]"
              }
            }
          ]
        }
      ]
    }
  ],
  "complete_analysis": true
}