{
  "instances": [
    {
      "revision": "67d67210b23e36c95733cceafbe55c8fe1d62a3c",
      "repairability": [
        {
          "tool-name": "JGenProg",
          "pattern-name": "JGenProg:any_statement_shallow",
          "Unified_Diff_of-files:": "Starts Below...",
          "INSERT:": "      }",
          "DELETE:": "",
          "CHANGE_old:": "",
          "CHANGE_new:": "",
          "instance_detail": [
            {
              "pattern_action": "ANY",
              "pattern_entity": {
                "entity_type": "*",
                "entity_new value": "*",
                "entity_role": "Statement",
                "entity_parent": "null"
              },
              "concrete_change": {
                "operator": "DEL",
                "src_type": "Invocation",
                "dst_type": "null",
                "src": "io.cassandrareaper.service.SegmentRunner.LOG.info(\"Nothing to repair for keyspace {}\", keyspace)",
                "dst": "null",
                "src_parent_type": "Block",
                "dst_parent_type": "null",
                "src_parent": "{\n    io.cassandrareaper.service.SegmentRunner.LOG.info(\"Nothing to repair for keyspace {}\", keyspace);\n    context.storage.updateRepairSegment(segment.with().coordinatorHost(coordinator.getHost()).state(RepairSegment.State.DONE).build(segmentId));\n    io.cassandrareaper.service.SegmentRunner.SEGMENT_RUNNERS.remove(segment.getId());\n    closeJmxConnection(com.google.common.base.Optional.fromNullable(coordinator));\n    return true;\n}",
                "dst_parent": "null"
              },
              "line": 270,
              "file": "/home/khesoem/projects/lighter/exp/src/server/src/main/java/io/cassandrareaper/service/SegmentRunner.java"
            }
          ]
        },
        {
          "tool-name": "JGenProg",
          "pattern-name": "JGenProg:any_statement_shallow",
          "Unified_Diff_of-files:": "Starts Below...",
          "INSERT:": "      }",
          "DELETE:": "",
          "CHANGE_old:": "",
          "CHANGE_new:": "",
          "instance_detail": [
            {
              "pattern_action": "ANY",
              "pattern_entity": {
                "entity_type": "*",
                "entity_new value": "*",
                "entity_role": "Statement",
                "entity_parent": "null"
              },
              "concrete_change": {
                "operator": "DEL",
                "src_type": "Invocation",
                "dst_type": "null",
                "src": "context.storage.updateRepairSegment(segment.with().coordinatorHost(coordinator.getHost()).state(RepairSegment.State.DONE).build(segmentId))",
                "dst": "null",
                "src_parent_type": "Block",
                "dst_parent_type": "null",
                "src_parent": "{\n    io.cassandrareaper.service.SegmentRunner.LOG.info(\"Nothing to repair for keyspace {}\", keyspace);\n    context.storage.updateRepairSegment(segment.with().coordinatorHost(coordinator.getHost()).state(RepairSegment.State.DONE).build(segmentId));\n    io.cassandrareaper.service.SegmentRunner.SEGMENT_RUNNERS.remove(segment.getId());\n    closeJmxConnection(com.google.common.base.Optional.fromNullable(coordinator));\n    return true;\n}",
                "dst_parent": "null"
              },
              "line": 271,
              "file": "/home/khesoem/projects/lighter/exp/src/server/src/main/java/io/cassandrareaper/service/SegmentRunner.java"
            }
          ]
        },
        {
          "tool-name": "JGenProg",
          "pattern-name": "JGenProg:any_statement_shallow",
          "Unified_Diff_of-files:": "Starts Below...",
          "INSERT:": "      }",
          "DELETE:": "",
          "CHANGE_old:": "",
          "CHANGE_new:": "",
          "instance_detail": [
            {
              "pattern_action": "ANY",
              "pattern_entity": {
                "entity_type": "*",
                "entity_new value": "*",
                "entity_role": "Statement",
                "entity_parent": "null"
              },
              "concrete_change": {
                "operator": "DEL",
                "src_type": "Return",
                "dst_type": "null",
                "src": "return true",
                "dst": "null",
                "src_parent_type": "Block",
                "dst_parent_type": "null",
                "src_parent": "{\n    io.cassandrareaper.service.SegmentRunner.LOG.info(\"Nothing to repair for keyspace {}\", keyspace);\n    context.storage.updateRepairSegment(segment.with().coordinatorHost(coordinator.getHost()).state(RepairSegment.State.DONE).build(segmentId));\n    io.cassandrareaper.service.SegmentRunner.SEGMENT_RUNNERS.remove(segment.getId());\n    closeJmxConnection(com.google.common.base.Optional.fromNullable(coordinator));\n    return true;\n}",
                "dst_parent": "null"
              },
              "line": 275,
              "file": "/home/khesoem/projects/lighter/exp/src/server/src/main/java/io/cassandrareaper/service/SegmentRunner.java"
            }
          ]
        },
        {
          "tool-name": "JGenProg",
          "pattern-name": "JGenProg:any_statement_shallow",
          "Unified_Diff_of-files:": "Starts Below...",
          "INSERT:": "      }",
          "DELETE:": "",
          "CHANGE_old:": "",
          "CHANGE_new:": "",
          "instance_detail": [
            {
              "pattern_action": "ANY",
              "pattern_entity": {
                "entity_type": "*",
                "entity_new value": "*",
                "entity_role": "Statement",
                "entity_parent": "null"
              },
              "concrete_change": {
                "operator": "DEL",
                "src_type": "If",
                "dst_type": "null",
                "src": "if ((commandId) \u003d\u003d 0) {\n    io.cassandrareaper.service.SegmentRunner.LOG.info(\"Nothing to repair for keyspace {}\", keyspace);\n    context.storage.updateRepairSegment(segment.with().coordinatorHost(coordinator.getHost()).state(RepairSegment.State.DONE).build(segmentId));\n    io.cassandrareaper.service.SegmentRunner.SEGMENT_RUNNERS.remove(segment.getId());\n    closeJmxConnection(com.google.common.base.Optional.fromNullable(coordinator));\n    return true;\n}",
                "dst": "null",
                "src_parent_type": "Block",
                "dst_parent_type": "null",
                "src_parent": "{\n    commandId \u003d coordinator.triggerRepair(segment.getStartToken(), segment.getEndToken(), keyspace, validationParallelism, tablesToRepair, fullRepair, repairUnit.getDatacenters());\n    if ((commandId) \u003d\u003d 0) {\n        io.cassandrareaper.service.SegmentRunner.LOG.info(\"Nothing to repair for keyspace {}\", keyspace);\n        context.storage.updateRepairSegment(segment.with().coordinatorHost(coordinator.getHost()).state(RepairSegment.State.DONE).build(segmentId));\n        io.cassandrareaper.service.SegmentRunner.SEGMENT_RUNNERS.remove(segment.getId());\n        closeJmxConnection(com.google.common.base.Optional.fromNullable(coordinator));\n        return true;\n    }\n    processTriggeredSegment(segment, coordinator);\n}",
                "dst_parent": "null"
              },
              "line": 269,
              "file": "/home/khesoem/projects/lighter/exp/src/server/src/main/java/io/cassandrareaper/service/SegmentRunner.java"
            }
          ]
        },
        {
          "tool-name": "JGenProg",
          "pattern-name": "JGenProg:any_statement_shallow",
          "Unified_Diff_of-files:": "Starts Below...",
          "INSERT:": "      }",
          "DELETE:": "",
          "CHANGE_old:": "",
          "CHANGE_new:": "",
          "instance_detail": [
            {
              "pattern_action": "ANY",
              "pattern_entity": {
                "entity_type": "*",
                "entity_new value": "*",
                "entity_role": "Statement",
                "entity_parent": "null"
              },
              "concrete_change": {
                "operator": "DEL",
                "src_type": "Synchronized",
                "dst_type": "null",
                "src": "synchronized(condition) {\n    commandId \u003d coordinator.triggerRepair(segment.getStartToken(), segment.getEndToken(), keyspace, validationParallelism, tablesToRepair, fullRepair, repairUnit.getDatacenters());\n    if ((commandId) \u003d\u003d 0) {\n        io.cassandrareaper.service.SegmentRunner.LOG.info(\"Nothing to repair for keyspace {}\", keyspace);\n        context.storage.updateRepairSegment(segment.with().coordinatorHost(coordinator.getHost()).state(RepairSegment.State.DONE).build(segmentId));\n        io.cassandrareaper.service.SegmentRunner.SEGMENT_RUNNERS.remove(segment.getId());\n        closeJmxConnection(com.google.common.base.Optional.fromNullable(coordinator));\n        return true;\n    }\n    processTriggeredSegment(segment, coordinator);\n}",
                "dst": "null",
                "src_parent_type": "Block",
                "dst_parent_type": "null",
                "src_parent": "{\n    java.util.Set\u003cjava.lang.String\u003e tablesToRepair;\n    try {\n        tablesToRepair \u003d io.cassandrareaper.service.SegmentRunner.getTablesToRepair(coordinator, repairUnit);\n    } catch (java.lang.IllegalStateException e) {\n        java.lang.String msg \u003d \"Invalid blacklist definition. It filtered all tables in the keyspace.\";\n        io.cassandrareaper.service.SegmentRunner.LOG.error(msg, e);\n        io.cassandrareaper.core.RepairRun repairRun \u003d context.storage.getRepairRun(segment.getRunId()).get();\n        context.storage.updateRepairRun(repairRun.with().runState(RepairRun.RunState.ERROR).lastEvent(java.lang.String.format(msg)).endTime(org.joda.time.DateTime.now()).build(segment.getRunId()));\n        repairRunner.killAndCleanupRunner();\n        context.storage.updateRepairSegment(segment.with().state(RepairSegment.State.DONE).endTime(org.joda.time.DateTime.now()).build(segmentId));\n        return false;\n    }\n    io.cassandrareaper.service.SegmentRunner.LOG.debug(\"Enter synchronized section with segment ID {}\", segmentId);\n    synchronized(condition) {\n        commandId \u003d coordinator.triggerRepair(segment.getStartToken(), segment.getEndToken(), keyspace, validationParallelism, tablesToRepair, fullRepair, repairUnit.getDatacenters());\n        if ((commandId) \u003d\u003d 0) {\n            io.cassandrareaper.service.SegmentRunner.LOG.info(\"Nothing to repair for keyspace {}\", keyspace);\n            context.storage.updateRepairSegment(segment.with().coordinatorHost(coordinator.getHost()).state(RepairSegment.State.DONE).build(segmentId));\n            io.cassandrareaper.service.SegmentRunner.SEGMENT_RUNNERS.remove(segment.getId());\n            closeJmxConnection(com.google.common.base.Optional.fromNullable(coordinator));\n            return true;\n        }\n        processTriggeredSegment(segment, coordinator);\n    }\n    closeJmxConnection(com.google.common.base.Optional.fromNullable(coordinator));\n}",
                "dst_parent": "null"
              },
              "line": 259,
              "file": "/home/khesoem/projects/lighter/exp/src/server/src/main/java/io/cassandrareaper/service/SegmentRunner.java",
              "stats": {
                "number_of_src_entities": 288,
                "number_of_dst_entities": -1,
                "src_entity_types": "[io.cassandrareaper.core.RepairSegment, java.util.Set\u003cjava.lang.String\u003e, RepairSegment.State.DONE, io.cassandrareaper.service.SegmentRunner, com.google.common.base.Optional, io.cassandrareaper.AppContext, java.lang.String, org.slf4j.Logger, int, boolean, io.cassandrareaper.core.RepairUnit, io.cassandrareaper.jmx.JmxProxy, java.util.Map]",
                "dst_entity_types": "[]"
              }
            }
          ]
        }
      ]
    }
  ],
  "complete_analysis": true
}