{
  "instances": [
    {
      "revision": "4dd507c180d7013263e586840ffb90a1e81f7970",
      "repairability": [
        {
          "tool-name": "Arja",
          "pattern-name": "Arja:arja_shallow_change",
          "Unified_Diff_of-files:": "Starts Below...",
          "CHANGE_old:": "        final Set\u0026lt;AbstractCssFileBlock\u0026gt; abstractCssFileBlocks \u003d getSelectorCssFileBlocks()",
          "CHANGE_new:": "        final Set\u0026lt;AbstractCssFileBlock\u0026gt; abstractCssFileBlocks \u003d selectorCssFileBlocks",
          "instance_detail": [
            {
              "pattern_action": "ANY",
              "pattern_entity": {
                "entity_type": "Statement",
                "entity_new value": "*",
                "entity_role": "*",
                "entity_parent": "null"
              },
              "concrete_change": {
                "operator": "DEL",
                "src_type": "Invocation",
                "dst_type": "null",
                "src": "getSelectorCssFileBlocks()",
                "dst": "null",
                "src_parent_type": "Invocation",
                "dst_parent_type": "null",
                "src_parent": "getSelectorCssFileBlocks().entrySet()",
                "dst_parent": "null"
              },
              "line": 108,
              "file": "/home/khesoem/projects/lighter/exp/wffweb/src/main/java/com/webfirmframework/wffweb/css/file/CssFile.java",
              "stats": {
                "number_of_src_entities": 20,
                "number_of_dst_entities": -1,
                "src_entity_types": "[com.webfirmframework.wffweb.css.file.CssFile.1, com.webfirmframework.wffweb.css.file.CssFile]",
                "dst_entity_types": "[]"
              }
            }
          ]
        },
        {
          "tool-name": "Arja",
          "pattern-name": "Arja:arja_shallow_change",
          "Unified_Diff_of-files:": "Starts Below...",
          "CHANGE_old:": "        final Set\u0026lt;AbstractCssFileBlock\u0026gt; abstractCssFileBlocks \u003d getSelectorCssFileBlocks()",
          "CHANGE_new:": "        final Set\u0026lt;AbstractCssFileBlock\u0026gt; abstractCssFileBlocks \u003d selectorCssFileBlocks",
          "instance_detail": [
            {
              "pattern_action": "ANY",
              "pattern_entity": {
                "entity_type": "Statement",
                "entity_new value": "*",
                "entity_role": "*",
                "entity_parent": "null"
              },
              "concrete_change": {
                "operator": "DEL",
                "src_type": "Invocation",
                "dst_type": "null",
                "src": "getSelectorCssFileBlocks()",
                "dst": "null",
                "src_parent_type": "Invocation",
                "dst_parent_type": "null",
                "src_parent": "getSelectorCssFileBlocks().get(cssFileBlock.getSelectors())",
                "dst_parent": "null"
              },
              "line": 247,
              "file": "/home/khesoem/projects/lighter/exp/wffweb/src/main/java/com/webfirmframework/wffweb/css/file/CssFile.java",
              "stats": {
                "number_of_src_entities": 18,
                "number_of_dst_entities": -1,
                "src_entity_types": "[com.webfirmframework.wffweb.css.file.CssFile]",
                "dst_entity_types": "[]"
              }
            }
          ]
        },
        {
          "tool-name": "Arja",
          "pattern-name": "Arja:arja_shallow_change",
          "Unified_Diff_of-files:": "Starts Below...",
          "CHANGE_old:": "        final Set\u0026lt;AbstractCssFileBlock\u0026gt; abstractCssFileBlocks \u003d getSelectorCssFileBlocks()",
          "CHANGE_new:": "        final Set\u0026lt;AbstractCssFileBlock\u0026gt; abstractCssFileBlocks \u003d selectorCssFileBlocks",
          "instance_detail": [
            {
              "pattern_action": "ANY",
              "pattern_entity": {
                "entity_type": "Statement",
                "entity_new value": "*",
                "entity_role": "*",
                "entity_parent": "null"
              },
              "concrete_change": {
                "operator": "DEL",
                "src_type": "Invocation",
                "dst_type": "null",
                "src": "getSelectorCssFileBlocks()",
                "dst": "null",
                "src_parent_type": "Invocation",
                "dst_parent_type": "null",
                "src_parent": "getSelectorCssFileBlocks().put(cssFileBlock.getSelectors(), abstractCssFileBlocks)",
                "dst_parent": "null"
              },
              "line": 251,
              "file": "/home/khesoem/projects/lighter/exp/wffweb/src/main/java/com/webfirmframework/wffweb/css/file/CssFile.java",
              "stats": {
                "number_of_src_entities": 18,
                "number_of_dst_entities": -1,
                "src_entity_types": "[com.webfirmframework.wffweb.css.file.CssFile]",
                "dst_entity_types": "[]"
              }
            }
          ]
        },
        {
          "tool-name": "Arja",
          "pattern-name": "Arja:arja_shallow_change",
          "Unified_Diff_of-files:": "Starts Below...",
          "CHANGE_old:": "        final Set\u0026lt;AbstractCssFileBlock\u0026gt; abstractCssFileBlocks \u003d getSelectorCssFileBlocks()",
          "CHANGE_new:": "        final Set\u0026lt;AbstractCssFileBlock\u0026gt; abstractCssFileBlocks \u003d selectorCssFileBlocks",
          "instance_detail": [
            {
              "pattern_action": "ANY",
              "pattern_entity": {
                "entity_type": "Statement",
                "entity_new value": "*",
                "entity_role": "*",
                "entity_parent": "null"
              },
              "concrete_change": {
                "operator": "DEL",
                "src_type": "Invocation",
                "dst_type": "null",
                "src": "getSelectorCssFileBlocks()",
                "dst": "null",
                "src_parent_type": "Invocation",
                "dst_parent_type": "null",
                "src_parent": "getSelectorCssFileBlocks().get(cssFileBlock.getSelectors())",
                "dst_parent": "null"
              },
              "line": 259,
              "file": "/home/khesoem/projects/lighter/exp/wffweb/src/main/java/com/webfirmframework/wffweb/css/file/CssFile.java",
              "stats": {
                "number_of_src_entities": 18,
                "number_of_dst_entities": -1,
                "src_entity_types": "[com.webfirmframework.wffweb.css.file.CssFile]",
                "dst_entity_types": "[]"
              }
            }
          ]
        }
      ]
    }
  ],
  "complete_analysis": true
}