{
  "instances": [
    {
      "revision": "38c12ef1bbb8de9cc2d28eedf201835f08f6fa93",
      "repairability": [
        {
          "tool-name": "Arja",
          "pattern-name": "Arja:arja_shallow_change",
          "Unified_Diff_of-files:": "Starts Below...",
          "DELETE:": "    @SuppressWarnings(\"resource\")",
          "CHANGE_old:": "                    }",
          "CHANGE_new:": "",
          "instance_detail": [
            {
              "pattern_action": "ANY",
              "pattern_entity": {
                "entity_type": "Statement",
                "entity_new value": "*",
                "entity_role": "*",
                "entity_parent": "null"
              },
              "concrete_change": {
                "operator": "DEL",
                "src_type": "Invocation",
                "dst_type": "null",
                "src": "byteArray.write(value)",
                "dst": "null",
                "src_parent_type": "Block",
                "dst_parent_type": "null",
                "src_parent": "{\n    byteArray.write(value);\n}",
                "dst_parent": "null"
              },
              "line": 262,
              "file": "/home/khesoem/projects/lighter/exp/wffweb/src/main/java/com/webfirmframework/wffweb/wffbm/data/WffBMObject.java"
            }
          ]
        },
        {
          "tool-name": "Arja",
          "pattern-name": "Arja:arja_shallow_change",
          "Unified_Diff_of-files:": "Starts Below...",
          "DELETE:": "    @SuppressWarnings(\"resource\")",
          "CHANGE_old:": "                    }",
          "CHANGE_new:": "",
          "instance_detail": [
            {
              "pattern_action": "ANY",
              "pattern_entity": {
                "entity_type": "Statement",
                "entity_new value": "*",
                "entity_role": "*",
                "entity_parent": "null"
              },
              "concrete_change": {
                "operator": "DEL",
                "src_type": "ConstructorCall",
                "dst_type": "null",
                "src": "new com.webfirmframework.wffweb.InvalidValueException(\"invalid value for BM_BYTE_ARRAY type\")",
                "dst": "null",
                "src_parent_type": "Throw",
                "dst_parent_type": "null",
                "src_parent": "throw new com.webfirmframework.wffweb.InvalidValueException(\"invalid value for BM_BYTE_ARRAY type\")",
                "dst_parent": "null"
              },
              "line": 264,
              "file": "/home/khesoem/projects/lighter/exp/wffweb/src/main/java/com/webfirmframework/wffweb/wffbm/data/WffBMObject.java"
            }
          ]
        },
        {
          "tool-name": "Arja",
          "pattern-name": "Arja:arja_shallow_change",
          "Unified_Diff_of-files:": "Starts Below...",
          "DELETE:": "    @SuppressWarnings(\"resource\")",
          "CHANGE_old:": "                    }",
          "CHANGE_new:": "",
          "instance_detail": [
            {
              "pattern_action": "ANY",
              "pattern_entity": {
                "entity_type": "Statement",
                "entity_new value": "*",
                "entity_role": "*",
                "entity_parent": "null"
              },
              "concrete_change": {
                "operator": "DEL",
                "src_type": "Throw",
                "dst_type": "null",
                "src": "throw new com.webfirmframework.wffweb.InvalidValueException(\"invalid value for BM_BYTE_ARRAY type\")",
                "dst": "null",
                "src_parent_type": "Block",
                "dst_parent_type": "null",
                "src_parent": "{\n    throw new com.webfirmframework.wffweb.InvalidValueException(\"invalid value for BM_BYTE_ARRAY type\");\n}",
                "dst_parent": "null"
              },
              "line": 264,
              "file": "/home/khesoem/projects/lighter/exp/wffweb/src/main/java/com/webfirmframework/wffweb/wffbm/data/WffBMObject.java"
            }
          ]
        },
        {
          "tool-name": "Arja",
          "pattern-name": "Arja:arja_shallow_change",
          "Unified_Diff_of-files:": "Starts Below...",
          "DELETE:": "    @SuppressWarnings(\"resource\")",
          "CHANGE_old:": "                    }",
          "CHANGE_new:": "",
          "instance_detail": [
            {
              "pattern_action": "ANY",
              "pattern_entity": {
                "entity_type": "Statement",
                "entity_new value": "*",
                "entity_role": "*",
                "entity_parent": "null"
              },
              "concrete_change": {
                "operator": "DEL",
                "src_type": "Try",
                "dst_type": "null",
                "src": "try {\n    byteArray.write(value);\n} catch (final java.io.IOException e) {\n    throw new com.webfirmframework.wffweb.InvalidValueException(\"invalid value for BM_BYTE_ARRAY type\");\n}",
                "dst": "null",
                "src_parent_type": "Block",
                "dst_parent_type": "null",
                "src_parent": "{\n    final com.webfirmframework.wffweb.wffbm.data.WffBMByteArray byteArray \u003d new com.webfirmframework.wffweb.wffbm.data.WffBMByteArray(false);\n    try {\n        byteArray.write(value);\n    } catch (final java.io.IOException e) {\n        throw new com.webfirmframework.wffweb.InvalidValueException(\"invalid value for BM_BYTE_ARRAY type\");\n    }\n    final com.webfirmframework.wffweb.wffbm.data.ValueValueType valueValueType \u003d new com.webfirmframework.wffweb.wffbm.data.ValueValueType(name, valueType, byteArray);\n    wffBMObject.put(name, valueValueType);\n}",
                "dst_parent": "null"
              },
              "line": 261,
              "file": "/home/khesoem/projects/lighter/exp/wffweb/src/main/java/com/webfirmframework/wffweb/wffbm/data/WffBMObject.java",
              "stats": {
                "number_of_src_entities": 33,
                "number_of_dst_entities": -1,
                "src_entity_types": "[com.webfirmframework.wffweb.wffbm.data.WffBMByteArray, com.webfirmframework.wffweb.InvalidValueException, byte, java.io.IOException, java.lang.String]",
                "dst_entity_types": "[]"
              }
            }
          ]
        }
      ]
    }
  ],
  "complete_analysis": true
}