{
  "instances": [
    {
      "revision": "3e5015ec6d0f3d247c32f8eb902b19e146333822",
      "repairability": [
        {
          "tool-name": "Arja",
          "pattern-name": "Arja:arja_shallow_change",
          "Unified_Diff_of-files:": "Starts Below...",
          "CHANGE_old:": "        return BMValueType.getInstanceByType(valueValueType.getValueType());",
          "CHANGE_new:": "        return valueValueType.getValueType();",
          "instance_detail": [
            {
              "pattern_action": "ANY",
              "pattern_entity": {
                "entity_type": "Statement",
                "entity_new value": "*",
                "entity_role": "*",
                "entity_parent": "null"
              },
              "concrete_change": {
                "operator": "DEL",
                "src_type": "Invocation",
                "dst_type": "null",
                "src": "com.webfirmframework.wffweb.wffbm.data.BMValueType.getInstanceByType(valueValueType.getValueType())",
                "dst": "null",
                "src_parent_type": "Return",
                "dst_parent_type": "null",
                "src_parent": "return com.webfirmframework.wffweb.wffbm.data.BMValueType.getInstanceByType(valueValueType.getValueType())",
                "dst_parent": "null"
              },
              "line": 285,
              "file": "/home/khesoem/projects/lighter/exp/wffweb/src/main/java/com/webfirmframework/wffweb/wffbm/data/WffBMObject.java",
              "stats": {
                "number_of_src_entities": 17,
                "number_of_dst_entities": -1,
                "src_entity_types": "[com.webfirmframework.wffweb.wffbm.data.BMValueType, com.webfirmframework.wffweb.wffbm.data.ValueValueType]",
                "dst_entity_types": "[]"
              }
            }
          ]
        }
      ]
    }
  ],
  "complete_analysis": true
}