{
  "instances": [
    {
      "revision": "58d3f4cc988c29bfb987deea13e64974a650ca47",
      "repairability": [
        {
          "tool-name": "Arja",
          "pattern-name": "Arja:arja_shallow_change",
          "Unified_Diff_of-files:": "Starts Below...",
          "INSERT:": "                    wffBinaryMessageBytesIndex +\u003d maxNoValueLengthBytes;",
          "instance_detail": [
            {
              "pattern_action": "ANY",
              "pattern_entity": {
                "entity_type": "Statement",
                "entity_new value": "*",
                "entity_role": "*",
                "entity_parent": "null"
              },
              "concrete_change": {
                "operator": "INS",
                "src_type": "OperatorAssignment",
                "dst_type": "null",
                "src": "wffBinaryMessageBytesIndex +\u003d maxNoValueLengthBytes",
                "dst": "null",
                "src_parent_type": "Block",
                "dst_parent_type": "null",
                "src_parent": "{\n    java.lang.System.arraycopy(new byte[]{ 0, 0, 0, 0 }, 0, wffBinaryMessageBytes, wffBinaryMessageBytesIndex, maxNoValueLengthBytes);\n    wffBinaryMessageBytesIndex +\u003d maxNoValueLengthBytes;\n}",
                "dst_parent": "null"
              },
              "line": 156,
              "file": "/home/khesoem/projects/lighter/exp/wffweb/src/main/java/com/webfirmframework/wffweb/util/WffBinaryMessageUtil.java",
              "stats": {
                "number_of_src_entities": 8,
                "number_of_dst_entities": -1,
                "src_entity_types": "[int, byte]",
                "dst_entity_types": "[]"
              }
            }
          ]
        }
      ]
    }
  ],
  "complete_analysis": true
}