{
  "instances": [
    {
      "revision": "6c83c97dee00d5611ffcd7f340a22a5cd96c5396",
      "repairability": [
        {
          "tool-name": "JKali",
          "pattern-name": "JKali:del",
          "Unified_Diff_of-files:": "Starts Below...",
          "INSERT:": "}",
          "instance_detail": [
            {
              "pattern_action": "DEL",
              "pattern_entity": {
                "entity_type": "*",
                "entity_new value": "*",
                "entity_role": "Statement",
                "entity_parent": "null"
              },
              "concrete_change": {
                "operator": "DEL",
                "src_type": "Invocation",
                "dst_type": "null",
                "src": "event.setId(1L)",
                "dst": "null",
                "src_parent_type": "Block",
                "dst_parent_type": "null",
                "src_parent": "{\n    edu.harvard.pallmall.domain.core.Event event \u003d new edu.harvard.pallmall.domain.core.Event();\n    event.setId(1L);\n    event.setHandWashType(\"Soap\");\n    event.setObservationType(\"Hand Wash\");\n    event.setObservee(\"John Smith\");\n    event.setObserver(\"Jane Doe\");\n    event.setRelativeMoment(\"Before Entering Room\");\n    eventService.save(event);\n    return event;\n}",
                "dst_parent": "null"
              },
              "line": 32,
              "file": "/home/khesoem/projects/lighter/exp/src/main/java/edu/harvard/pallmall/web/controller/EventController.java"
            }
          ]
        },
        {
          "tool-name": "JKali",
          "pattern-name": "JKali:del",
          "Unified_Diff_of-files:": "Starts Below...",
          "INSERT:": "}",
          "instance_detail": [
            {
              "pattern_action": "DEL",
              "pattern_entity": {
                "entity_type": "*",
                "entity_new value": "*",
                "entity_role": "Statement",
                "entity_parent": "null"
              },
              "concrete_change": {
                "operator": "DEL",
                "src_type": "Invocation",
                "dst_type": "null",
                "src": "event.setHandWashType(\"Soap\")",
                "dst": "null",
                "src_parent_type": "Block",
                "dst_parent_type": "null",
                "src_parent": "{\n    edu.harvard.pallmall.domain.core.Event event \u003d new edu.harvard.pallmall.domain.core.Event();\n    event.setId(1L);\n    event.setHandWashType(\"Soap\");\n    event.setObservationType(\"Hand Wash\");\n    event.setObservee(\"John Smith\");\n    event.setObserver(\"Jane Doe\");\n    event.setRelativeMoment(\"Before Entering Room\");\n    eventService.save(event);\n    return event;\n}",
                "dst_parent": "null"
              },
              "line": 33,
              "file": "/home/khesoem/projects/lighter/exp/src/main/java/edu/harvard/pallmall/web/controller/EventController.java"
            }
          ]
        },
        {
          "tool-name": "JKali",
          "pattern-name": "JKali:del",
          "Unified_Diff_of-files:": "Starts Below...",
          "INSERT:": "}",
          "instance_detail": [
            {
              "pattern_action": "DEL",
              "pattern_entity": {
                "entity_type": "*",
                "entity_new value": "*",
                "entity_role": "Statement",
                "entity_parent": "null"
              },
              "concrete_change": {
                "operator": "DEL",
                "src_type": "Invocation",
                "dst_type": "null",
                "src": "event.setObservationType(\"Hand Wash\")",
                "dst": "null",
                "src_parent_type": "Block",
                "dst_parent_type": "null",
                "src_parent": "{\n    edu.harvard.pallmall.domain.core.Event event \u003d new edu.harvard.pallmall.domain.core.Event();\n    event.setId(1L);\n    event.setHandWashType(\"Soap\");\n    event.setObservationType(\"Hand Wash\");\n    event.setObservee(\"John Smith\");\n    event.setObserver(\"Jane Doe\");\n    event.setRelativeMoment(\"Before Entering Room\");\n    eventService.save(event);\n    return event;\n}",
                "dst_parent": "null"
              },
              "line": 34,
              "file": "/home/khesoem/projects/lighter/exp/src/main/java/edu/harvard/pallmall/web/controller/EventController.java"
            }
          ]
        },
        {
          "tool-name": "JKali",
          "pattern-name": "JKali:del",
          "Unified_Diff_of-files:": "Starts Below...",
          "INSERT:": "}",
          "instance_detail": [
            {
              "pattern_action": "DEL",
              "pattern_entity": {
                "entity_type": "*",
                "entity_new value": "*",
                "entity_role": "Statement",
                "entity_parent": "null"
              },
              "concrete_change": {
                "operator": "DEL",
                "src_type": "Invocation",
                "dst_type": "null",
                "src": "event.setObservee(\"John Smith\")",
                "dst": "null",
                "src_parent_type": "Block",
                "dst_parent_type": "null",
                "src_parent": "{\n    edu.harvard.pallmall.domain.core.Event event \u003d new edu.harvard.pallmall.domain.core.Event();\n    event.setId(1L);\n    event.setHandWashType(\"Soap\");\n    event.setObservationType(\"Hand Wash\");\n    event.setObservee(\"John Smith\");\n    event.setObserver(\"Jane Doe\");\n    event.setRelativeMoment(\"Before Entering Room\");\n    eventService.save(event);\n    return event;\n}",
                "dst_parent": "null"
              },
              "line": 35,
              "file": "/home/khesoem/projects/lighter/exp/src/main/java/edu/harvard/pallmall/web/controller/EventController.java"
            }
          ]
        },
        {
          "tool-name": "JKali",
          "pattern-name": "JKali:del",
          "Unified_Diff_of-files:": "Starts Below...",
          "INSERT:": "}",
          "instance_detail": [
            {
              "pattern_action": "DEL",
              "pattern_entity": {
                "entity_type": "*",
                "entity_new value": "*",
                "entity_role": "Statement",
                "entity_parent": "null"
              },
              "concrete_change": {
                "operator": "DEL",
                "src_type": "Invocation",
                "dst_type": "null",
                "src": "event.setObserver(\"Jane Doe\")",
                "dst": "null",
                "src_parent_type": "Block",
                "dst_parent_type": "null",
                "src_parent": "{\n    edu.harvard.pallmall.domain.core.Event event \u003d new edu.harvard.pallmall.domain.core.Event();\n    event.setId(1L);\n    event.setHandWashType(\"Soap\");\n    event.setObservationType(\"Hand Wash\");\n    event.setObservee(\"John Smith\");\n    event.setObserver(\"Jane Doe\");\n    event.setRelativeMoment(\"Before Entering Room\");\n    eventService.save(event);\n    return event;\n}",
                "dst_parent": "null"
              },
              "line": 36,
              "file": "/home/khesoem/projects/lighter/exp/src/main/java/edu/harvard/pallmall/web/controller/EventController.java"
            }
          ]
        },
        {
          "tool-name": "JKali",
          "pattern-name": "JKali:del",
          "Unified_Diff_of-files:": "Starts Below...",
          "INSERT:": "}",
          "instance_detail": [
            {
              "pattern_action": "DEL",
              "pattern_entity": {
                "entity_type": "*",
                "entity_new value": "*",
                "entity_role": "Statement",
                "entity_parent": "null"
              },
              "concrete_change": {
                "operator": "DEL",
                "src_type": "Invocation",
                "dst_type": "null",
                "src": "event.setRelativeMoment(\"Before Entering Room\")",
                "dst": "null",
                "src_parent_type": "Block",
                "dst_parent_type": "null",
                "src_parent": "{\n    edu.harvard.pallmall.domain.core.Event event \u003d new edu.harvard.pallmall.domain.core.Event();\n    event.setId(1L);\n    event.setHandWashType(\"Soap\");\n    event.setObservationType(\"Hand Wash\");\n    event.setObservee(\"John Smith\");\n    event.setObserver(\"Jane Doe\");\n    event.setRelativeMoment(\"Before Entering Room\");\n    eventService.save(event);\n    return event;\n}",
                "dst_parent": "null"
              },
              "line": 37,
              "file": "/home/khesoem/projects/lighter/exp/src/main/java/edu/harvard/pallmall/web/controller/EventController.java"
            }
          ]
        },
        {
          "tool-name": "JKali",
          "pattern-name": "JKali:add_rtrn",
          "Unified_Diff_of-files:": "Starts Below...",
          "INSERT:": "}",
          "instance_detail": [
            {
              "pattern_action": "INS",
              "pattern_entity": {
                "entity_type": "Return",
                "entity_new value": "*",
                "entity_role": "Statement",
                "entity_parent": "null"
              },
              "concrete_change": {
                "operator": "INS",
                "src_type": "Return",
                "dst_type": "null",
                "src": "return events",
                "dst": "null",
                "src_parent_type": "Block",
                "dst_parent_type": "null",
                "src_parent": "{\n    java.util.List\u003cedu.harvard.pallmall.domain.core.Event\u003e events \u003d eventService.findAll();\n    logger.info((\"No. of events: \" + (events.size())));\n    return events;\n}",
                "dst_parent": "null"
              },
              "line": 53,
              "file": "/home/khesoem/projects/lighter/exp/src/main/java/edu/harvard/pallmall/web/controller/EventController.java"
            }
          ]
        }
      ]
    },
    {
      "revision": "6c83c97dee00d5611ffcd7f340a22a5cd96c5396",
      "repairability": [
        {
          "tool-name": "JKali",
          "pattern-name": "JKali:add_rtrn",
          "Unified_Diff_of-files:": "Starts Below...",
          "INSERT:": "}",
          "instance_detail": [
            {
              "pattern_action": "INS",
              "pattern_entity": {
                "entity_type": "Return",
                "entity_new value": "*",
                "entity_role": "Statement",
                "entity_parent": "null"
              },
              "concrete_change": {
                "operator": "INS",
                "src_type": "Return",
                "dst_type": "null",
                "src": "return com.google.common.collect.Lists.newArrayList(eventRepository.findAll())",
                "dst": "null",
                "src_parent_type": "Block",
                "dst_parent_type": "null",
                "src_parent": "{\n    return com.google.common.collect.Lists.newArrayList(eventRepository.findAll());\n}",
                "dst_parent": "null"
              },
              "line": 33,
              "file": "/home/khesoem/projects/lighter/exp/src/main/java/edu/harvard/pallmall/service/EventServiceImpl.java"
            }
          ]
        },
        {
          "tool-name": "JKali",
          "pattern-name": "JKali:add_rtrn",
          "Unified_Diff_of-files:": "Starts Below...",
          "INSERT:": "}",
          "instance_detail": [
            {
              "pattern_action": "INS",
              "pattern_entity": {
                "entity_type": "Return",
                "entity_new value": "*",
                "entity_role": "Statement",
                "entity_parent": "null"
              },
              "concrete_change": {
                "operator": "INS",
                "src_type": "Return",
                "dst_type": "null",
                "src": "return eventRepository.findOne(id)",
                "dst": "null",
                "src_parent_type": "Block",
                "dst_parent_type": "null",
                "src_parent": "{\n    return eventRepository.findOne(id);\n}",
                "dst_parent": "null"
              },
              "line": 39,
              "file": "/home/khesoem/projects/lighter/exp/src/main/java/edu/harvard/pallmall/service/EventServiceImpl.java"
            }
          ]
        }
      ]
    }
  ],
  "complete_analysis": true
}