{
  "instances": [
    {
      "revision": "08ab9fc42757c2d0171c0fae7ac7cc49a8d2a07b",
      "repairability": [
        {
          "tool-name": "JKali",
          "pattern-name": "JKali:add_rtrn",
          "Unified_Diff_of-files:": "Starts Below...",
          "INSERT:": "    /**",
          "instance_detail": [
            {
              "pattern_action": "INS",
              "pattern_entity": {
                "entity_type": "Return",
                "entity_new value": "*",
                "entity_role": "Statement",
                "entity_parent": "null"
              },
              "concrete_change": {
                "operator": "INS",
                "src_type": "Return",
                "dst_type": "null",
                "src": "return new org.springframework.http.ResponseEntity\u003cjava.util.Map\u003cjava.lang.String, java.lang.Long\u003e\u003e(eventService.findEventCountByObserver(), org.springframework.http.HttpStatus.OK)",
                "dst": "null",
                "src_parent_type": "Block",
                "dst_parent_type": "null",
                "src_parent": "{\n    log.info(\"Searching for all events grouping by observer\");\n    return new org.springframework.http.ResponseEntity\u003cjava.util.Map\u003cjava.lang.String, java.lang.Long\u003e\u003e(eventService.findEventCountByObserver(), org.springframework.http.HttpStatus.OK);\n}",
                "dst_parent": "null"
              },
              "line": 80,
              "file": "/home/khesoem/projects/lighter/exp/src/main/java/edu/harvard/h2ms/web/controller/EventController.java"
            }
          ]
        }
      ]
    },
    {
      "revision": "08ab9fc42757c2d0171c0fae7ac7cc49a8d2a07b",
      "repairability": [
        {
          "tool-name": "JKali",
          "pattern-name": "JKali:add_rtrn",
          "Unified_Diff_of-files:": "Starts Below...",
          "INSERT:": "    /**",
          "instance_detail": [
            {
              "pattern_action": "INS",
              "pattern_entity": {
                "entity_type": "Return",
                "entity_new value": "*",
                "entity_role": "Statement",
                "entity_parent": "null"
              },
              "concrete_change": {
                "operator": "INS",
                "src_type": "Return",
                "dst_type": "null",
                "src": "return countByObserver",
                "dst": "null",
                "src_parent_type": "Block",
                "dst_parent_type": "null",
                "src_parent": "{\n    java.util.Map\u003cjava.lang.String, java.lang.Long\u003e countByObserver \u003d new java.util.HashMap\u003c\u003e();\n    for (edu.harvard.h2ms.domain.core.User user : userRepository.findAll()) {\n        countByObserver.put(user.getEmail(), eventRepository.countByObserver(user));\n    }\n    return countByObserver;\n}",
                "dst_parent": "null"
              },
              "line": 81,
              "file": "/home/khesoem/projects/lighter/exp/src/main/java/edu/harvard/h2ms/service/EventServiceImpl.java"
            }
          ]
        }
      ]
    }
  ],
  "complete_analysis": true
}