{
  "instances": [
    {
      "revision": "79c2c27468ae83d4e116ee4f127a07be89b3c074",
      "repairability": [
        {
          "tool-name": "Elixir",
          "pattern-name": "Elixir:update_invocation_deep",
          "Unified_Diff_of-files:": "Starts Below...",
          "CHANGE_old:": "                             ErrorMessage error \u003d ExceptionSerializer.serialize(clientId, e);",
          "CHANGE_new:": "                             ErrorMessage error \u003d ExceptionSerializer.serialize(configuration.getClientId(), e);",
          "DELETE:": "",
          "instance_detail": [
            {
              "pattern_action": "ANY",
              "pattern_entity": {
                "entity_type": "*",
                "entity_new value": "*",
                "entity_role": "*",
                "entity_parent": {
                  "entity_type": "AbstractInvocation",
                  "entity_new value": "*",
                  "entity_role": "*",
                  "entity_parent": "null"
                }
              },
              "concrete_change": {
                "operator": "DEL",
                "src_type": "FieldRead",
                "dst_type": "null",
                "src": "subscriptionSerializer",
                "dst": "null",
                "src_parent_type": "Invocation",
                "dst_parent_type": "null",
                "src_parent": "subscriptionSerializer.deserialize(query)",
                "dst_parent": "null"
              },
              "line": 375,
              "file": "/home/khesoem/projects/lighter/exp/axon-server-connector/src/main/java/org/axonframework/axonserver/connector/query/AxonServerQueryBus.java",
              "stats": {
                "number_of_src_entities": 15,
                "number_of_dst_entities": -1,
                "src_entity_types": "[org.axonframework.axonserver.connector.query.AxonServerQueryBus, org.axonframework.axonserver.connector.query.AxonServerQueryBus.LocalSegmentAdapter]",
                "dst_entity_types": "[]"
              }
            }
          ]
        }
      ]
    }
  ],
  "complete_analysis": true
}