{
  "instances": [
    {
      "revision": "2a6cf96071150652edb8ff12d9dd3051e4e51729",
      "repairability": [
        {
          "tool-name": "Elixir",
          "pattern-name": "Elixir:check_length",
          "Unified_Diff_of-files:": "Starts Below...",
          "INSERT:": "    /**",
          "CHANGE_old:": "",
          "CHANGE_new:": "        return new RemoteExceptionDescription(createDescription(exception, new ArrayList\u0026lt;\u0026gt;()), isPersistent);",
          "DELETE:": "    @ConstructorProperties({\"descriptions\"})",
          "instance_detail": [
            {
              "pattern_action": "MOV",
              "pattern_entity": {
                "entity_type": "Statement",
                "entity_new value": "*",
                "entity_role": "*",
                "entity_parent": "null"
              },
              "concrete_change": {
                "operator": "MOV",
                "src_type": "ConstructorCall",
                "dst_type": "ConstructorCall",
                "src": "new org.axonframework.messaging.RemoteHandlingException(exceptionDescription)",
                "dst": "new org.axonframework.messaging.RemoteNonTransientHandlingException(exceptionDescription)",
                "src_parent_type": "ConstructorCall",
                "dst_parent_type": "Return",
                "src_parent": "new org.axonframework.commandhandling.CommandExecutionException(\"The remote handler threw an exception\", new org.axonframework.messaging.RemoteHandlingException(exceptionDescription), payload)",
                "dst_parent": "return new org.axonframework.messaging.RemoteNonTransientHandlingException(exceptionDescription)"
              },
              "line": 95,
              "file": "/home/khesoem/projects/lighter/exp/messaging/src/main/java/org/axonframework/commandhandling/distributed/ReplyMessage.java",
              "stats": {
                "number_of_src_entities": 10,
                "number_of_dst_entities": 10,
                "src_entity_types": "[java.lang.Object, org.axonframework.messaging.RemoteExceptionDescription]",
                "dst_entity_types": "[java.lang.Object, org.axonframework.messaging.RemoteExceptionDescription]"
              }
            },
            {
              "pattern_action": "INS",
              "pattern_entity": {
                "entity_type": "If",
                "entity_new value": "*",
                "entity_role": "*",
                "entity_parent": "null"
              },
              "concrete_change": {
                "operator": "INS",
                "src_type": "If",
                "dst_type": "null",
                "src": "if (exceptionDescription.isPersistent()) {\n    return new org.axonframework.messaging.RemoteNonTransientHandlingException(exceptionDescription);\n} else {\n    return new org.axonframework.messaging.RemoteHandlingException(exceptionDescription);\n}",
                "dst": "null",
                "src_parent_type": "Block",
                "dst_parent_type": "null",
                "src_parent": "{\n    if (exceptionDescription.isPersistent()) {\n        return new org.axonframework.messaging.RemoteNonTransientHandlingException(exceptionDescription);\n    } else {\n        return new org.axonframework.messaging.RemoteHandlingException(exceptionDescription);\n    }\n}",
                "dst_parent": "null"
              },
              "line": 105,
              "file": "/home/khesoem/projects/lighter/exp/messaging/src/main/java/org/axonframework/commandhandling/distributed/ReplyMessage.java"
            }
          ]
        }
      ]
    }
  ],
  "complete_analysis": true
}