{
  "instances": [
    {
      "revision": "049970874dca2b648c9d2f3bfdd01f0e8a11de51",
      "repairability": [
        {
          "tool-name": "NPEfix",
          "pattern-name": "NPEfix:npefix_s4",
          "Unified_Diff_of-files:": "Starts Below...",
          "CHANGE_old:": "",
          "CHANGE_new:": "package org.springframework.data.web.querydsl;",
          "instance_detail": [
            {
              "pattern_action": "INS",
              "pattern_entity": {
                "entity_type": "If",
                "entity_new value": "*",
                "entity_role": "*",
                "entity_parent": "null"
              },
              "concrete_change": {
                "operator": "INS",
                "src_type": "If",
                "dst_type": "null",
                "src": "if (value \u003d\u003d null) {\n    return null;\n}",
                "dst": "null",
                "src_parent_type": "Block",
                "dst_parent_type": "null",
                "src_parent": "{\n    java.lang.Object value \u003d values.get(key);\n    if (value \u003d\u003d null) {\n        return null;\n    }\n    return conversionService.convert(value, requiredClass);\n}",
                "dst_parent": "null"
              },
              "line": 66,
              "file": "/home/khesoem/projects/lighter/exp/src/main/java/org/springframework/data/crossstore/HashMapChangeSet.java",
              "stats": {
                "number_of_src_entities": 13,
                "number_of_dst_entities": -1,
                "src_entity_types": "[boolean, java.lang.Object, \u003cnulltype\u003e]",
                "dst_entity_types": "[]"
              }
            },
            {
              "pattern_action": "INS",
              "pattern_entity": {
                "entity_type": "Return",
                "entity_new value": "*",
                "entity_role": "*",
                "entity_parent": {
                  "entity_type": "*",
                  "entity_new value": "*",
                  "entity_role": "Then",
                  "entity_parent": {
                    "entity_type": "If",
                    "entity_new value": "*",
                    "entity_role": "*",
                    "entity_parent": "null"
                  }
                }
              },
              "concrete_change": {
                "operator": "INS",
                "src_type": "Return",
                "dst_type": "null",
                "src": "return null",
                "dst": "null",
                "src_parent_type": "Block",
                "dst_parent_type": "null",
                "src_parent": "{\n    return null;\n}",
                "dst_parent": "null"
              },
              "line": 67,
              "file": "/home/khesoem/projects/lighter/exp/src/main/java/org/springframework/data/crossstore/HashMapChangeSet.java"
            }
          ]
        }
      ]
    },
    {
      "revision": "049970874dca2b648c9d2f3bfdd01f0e8a11de51",
      "repairability": [
        {
          "tool-name": "NPEfix",
          "pattern-name": "NPEfix:npefix_s4",
          "Unified_Diff_of-files:": "Starts Below...",
          "CHANGE_old:": "",
          "CHANGE_new:": "package org.springframework.data.web.querydsl;",
          "instance_detail": [
            {
              "pattern_action": "INS",
              "pattern_entity": {
                "entity_type": "If",
                "entity_new value": "*",
                "entity_role": "*",
                "entity_parent": "null"
              },
              "concrete_change": {
                "operator": "INS",
                "src_type": "If",
                "dst_type": "null",
                "src": "if (source \u003d\u003d null) {\n    return null;\n}",
                "dst": "null",
                "src_parent_type": "Block",
                "dst_parent_type": "null",
                "src_parent": "{\n    if (source \u003d\u003d null) {\n        return null;\n    }\n    org.springframework.data.repository.util.NullableWrapper wrapper \u003d ((org.springframework.data.repository.util.NullableWrapper) (source));\n    java.lang.Object value \u003d wrapper.getValue();\n    return value \u003d\u003d null ? nullValue : wrap(value);\n}",
                "dst_parent": "null"
              },
              "line": 337,
              "file": "/home/khesoem/projects/lighter/exp/src/main/java/org/springframework/data/repository/util/QueryExecutionConverters.java",
              "stats": {
                "number_of_src_entities": 13,
                "number_of_dst_entities": -1,
                "src_entity_types": "[boolean, java.lang.Object, \u003cnulltype\u003e]",
                "dst_entity_types": "[]"
              }
            },
            {
              "pattern_action": "INS",
              "pattern_entity": {
                "entity_type": "Return",
                "entity_new value": "*",
                "entity_role": "*",
                "entity_parent": {
                  "entity_type": "*",
                  "entity_new value": "*",
                  "entity_role": "Then",
                  "entity_parent": {
                    "entity_type": "If",
                    "entity_new value": "*",
                    "entity_role": "*",
                    "entity_parent": "null"
                  }
                }
              },
              "concrete_change": {
                "operator": "INS",
                "src_type": "Return",
                "dst_type": "null",
                "src": "return null",
                "dst": "null",
                "src_parent_type": "Block",
                "dst_parent_type": "null",
                "src_parent": "{\n    return null;\n}",
                "dst_parent": "null"
              },
              "line": 338,
              "file": "/home/khesoem/projects/lighter/exp/src/main/java/org/springframework/data/repository/util/QueryExecutionConverters.java"
            }
          ]
        }
      ]
    },
    {
      "revision": "049970874dca2b648c9d2f3bfdd01f0e8a11de51",
      "repairability": [
        {
          "tool-name": "NPEfix",
          "pattern-name": "NPEfix:npefix_s4",
          "Unified_Diff_of-files:": "Starts Below...",
          "CHANGE_old:": "",
          "CHANGE_new:": "package org.springframework.data.web.querydsl;",
          "instance_detail": [
            {
              "pattern_action": "INS",
              "pattern_entity": {
                "entity_type": "If",
                "entity_new value": "*",
                "entity_role": "*",
                "entity_parent": "null"
              },
              "concrete_change": {
                "operator": "INS",
                "src_type": "If",
                "dst_type": "null",
                "src": "if (value \u003d\u003d null) {\n    return value;\n}",
                "dst": "null",
                "src_parent_type": "Block",
                "dst_parent_type": "null",
                "src_parent": "{\n    if (value \u003d\u003d null) {\n        return value;\n    }\n    try {\n        return conversionService.convert(value, org.springframework.core.convert.TypeDescriptor.forObject(value), new org.springframework.core.convert.TypeDescriptor(parameter));\n    } catch (org.springframework.core.convert.ConversionException o_O) {\n        throw new org.springframework.data.repository.support.QueryMethodParameterConversionException(value, parameter, o_O);\n    }\n}",
                "dst_parent": "null"
              },
              "line": 237,
              "file": "/home/khesoem/projects/lighter/exp/src/main/java/org/springframework/data/repository/support/ReflectionRepositoryInvoker.java",
              "stats": {
                "number_of_src_entities": 15,
                "number_of_dst_entities": -1,
                "src_entity_types": "[boolean, java.lang.Object, \u003cnulltype\u003e]",
                "dst_entity_types": "[]"
              }
            },
            {
              "pattern_action": "INS",
              "pattern_entity": {
                "entity_type": "Return",
                "entity_new value": "*",
                "entity_role": "*",
                "entity_parent": {
                  "entity_type": "*",
                  "entity_new value": "*",
                  "entity_role": "Then",
                  "entity_parent": {
                    "entity_type": "If",
                    "entity_new value": "*",
                    "entity_role": "*",
                    "entity_parent": "null"
                  }
                }
              },
              "concrete_change": {
                "operator": "INS",
                "src_type": "Return",
                "dst_type": "null",
                "src": "return value",
                "dst": "null",
                "src_parent_type": "Block",
                "dst_parent_type": "null",
                "src_parent": "{\n    return value;\n}",
                "dst_parent": "null"
              },
              "line": 238,
              "file": "/home/khesoem/projects/lighter/exp/src/main/java/org/springframework/data/repository/support/ReflectionRepositoryInvoker.java"
            }
          ]
        }
      ]
    },
    {
      "revision": "049970874dca2b648c9d2f3bfdd01f0e8a11de51",
      "repairability": [
        {
          "tool-name": "NPEfix",
          "pattern-name": "NPEfix:npefix_skip",
          "Unified_Diff_of-files:": "Starts Below...",
          "CHANGE_old:": "",
          "CHANGE_new:": "package org.springframework.data.web.querydsl;",
          "instance_detail": [
            {
              "pattern_action": "INS",
              "pattern_entity": {
                "entity_type": "If",
                "entity_new value": "*",
                "entity_role": "*",
                "entity_parent": "null"
              },
              "concrete_change": {
                "operator": "INS",
                "src_type": "If",
                "dst_type": "null",
                "src": "if ((beanClassLoader) !\u003d null) {\n    target.setBeanClassLoader(beanClassLoader);\n}",
                "dst": "null",
                "src_parent_type": "Block",
                "dst_parent_type": "null",
                "src_parent": "{\n    if ((beanClassLoader) !\u003d null) {\n        target.setBeanClassLoader(beanClassLoader);\n    }\n}",
                "dst_parent": "null"
              },
              "line": 192,
              "file": "/home/khesoem/projects/lighter/exp/src/main/java/org/springframework/data/web/config/SpringDataWebConfiguration.java"
            },
            {
              "pattern_action": "MOV",
              "pattern_entity": {
                "entity_type": "*",
                "entity_new value": "*",
                "entity_role": "*",
                "entity_parent": {
                  "entity_type": "*",
                  "entity_new value": "*",
                  "entity_role": "Then",
                  "entity_parent": {
                    "entity_type": "If",
                    "entity_new value": "*",
                    "entity_role": "*",
                    "entity_parent": "null"
                  }
                }
              },
              "concrete_change": {
                "operator": "MOV",
                "src_type": "FieldRead",
                "dst_type": "FieldRead",
                "src": "context",
                "dst": "beanClassLoader",
                "src_parent_type": "Invocation",
                "dst_parent_type": "Invocation",
                "src_parent": "context.getClassLoader()",
                "dst_parent": "target.setBeanClassLoader(beanClassLoader)"
              },
              "line": 132,
              "file": "/home/khesoem/projects/lighter/exp/src/main/java/org/springframework/data/web/config/SpringDataWebConfiguration.java",
              "stats": {
                "number_of_src_entities": 12,
                "number_of_dst_entities": 12,
                "src_entity_types": "[org.springframework.data.web.config.SpringDataWebConfiguration]",
                "dst_entity_types": "[org.springframework.data.web.config.SpringDataWebConfiguration]"
              }
            }
          ]
        }
      ]
    },
    {
      "revision": "049970874dca2b648c9d2f3bfdd01f0e8a11de51",
      "repairability": [
        {
          "tool-name": "NPEfix",
          "pattern-name": "NPEfix:npefix_s4",
          "Unified_Diff_of-files:": "Starts Below...",
          "CHANGE_old:": "",
          "CHANGE_new:": "package org.springframework.data.web.querydsl;",
          "instance_detail": [
            {
              "pattern_action": "INS",
              "pattern_entity": {
                "entity_type": "If",
                "entity_new value": "*",
                "entity_role": "*",
                "entity_parent": "null"
              },
              "concrete_change": {
                "operator": "INS",
                "src_type": "If",
                "dst_type": "null",
                "src": "if (field \u003d\u003d null) {\n    return null;\n}",
                "dst": "null",
                "src_parent_type": "Block",
                "dst_parent_type": "null",
                "src_parent": "{\n    org.springframework.util.Assert.notNull(source, \"Source object must not be null!\");\n    java.lang.reflect.Field field \u003d this.field;\n    if (field \u003d\u003d null) {\n        return null;\n    }\n    return ((T) (org.springframework.util.ReflectionUtils.getField(field, source)));\n}",
                "dst_parent": "null"
              },
              "line": 132,
              "file": "/home/khesoem/projects/lighter/exp/src/main/java/org/springframework/data/util/AnnotationDetectionFieldCallback.java",
              "stats": {
                "number_of_src_entities": 13,
                "number_of_dst_entities": -1,
                "src_entity_types": "[java.lang.reflect.Field, boolean, \u003cnulltype\u003e]",
                "dst_entity_types": "[]"
              }
            },
            {
              "pattern_action": "INS",
              "pattern_entity": {
                "entity_type": "Return",
                "entity_new value": "*",
                "entity_role": "*",
                "entity_parent": {
                  "entity_type": "*",
                  "entity_new value": "*",
                  "entity_role": "Then",
                  "entity_parent": {
                    "entity_type": "If",
                    "entity_new value": "*",
                    "entity_role": "*",
                    "entity_parent": "null"
                  }
                }
              },
              "concrete_change": {
                "operator": "INS",
                "src_type": "Return",
                "dst_type": "null",
                "src": "return null",
                "dst": "null",
                "src_parent_type": "Block",
                "dst_parent_type": "null",
                "src_parent": "{\n    return null;\n}",
                "dst_parent": "null"
              },
              "line": 133,
              "file": "/home/khesoem/projects/lighter/exp/src/main/java/org/springframework/data/util/AnnotationDetectionFieldCallback.java"
            }
          ]
        }
      ]
    },
    {
      "revision": "049970874dca2b648c9d2f3bfdd01f0e8a11de51",
      "repairability": [
        {
          "tool-name": "NPEfix",
          "pattern-name": "NPEfix:npefix_s4",
          "Unified_Diff_of-files:": "Starts Below...",
          "CHANGE_old:": "",
          "CHANGE_new:": "package org.springframework.data.web.querydsl;",
          "instance_detail": [
            {
              "pattern_action": "INS",
              "pattern_entity": {
                "entity_type": "If",
                "entity_new value": "*",
                "entity_role": "*",
                "entity_parent": "null"
              },
              "concrete_change": {
                "operator": "INS",
                "src_type": "If",
                "dst_type": "null",
                "src": "if (that \u003d\u003d null) {\n    return 1;\n}",
                "dst": "null",
                "src_parent_type": "Block",
                "dst_parent_type": "null",
                "src_parent": "{\n    if (that \u003d\u003d null) {\n        return 1;\n    }\n    return org.springframework.data.history.Revision.mapIfAllPresent(getRevisionNumber(), that.getRevisionNumber(), ( left, right) -\u003e left.compareTo(right)).orElse((-1));\n}",
                "dst_parent": "null"
              },
              "line": 104,
              "file": "/home/khesoem/projects/lighter/exp/src/main/java/org/springframework/data/history/Revision.java",
              "stats": {
                "number_of_src_entities": 17,
                "number_of_dst_entities": -1,
                "src_entity_types": "[int, boolean, org.springframework.data.history.Revision\u003cN, ?\u003e, , \u003cnulltype\u003e]",
                "dst_entity_types": "[]"
              }
            },
            {
              "pattern_action": "INS",
              "pattern_entity": {
                "entity_type": "Return",
                "entity_new value": "*",
                "entity_role": "*",
                "entity_parent": {
                  "entity_type": "*",
                  "entity_new value": "*",
                  "entity_role": "Then",
                  "entity_parent": {
                    "entity_type": "If",
                    "entity_new value": "*",
                    "entity_role": "*",
                    "entity_parent": "null"
                  }
                }
              },
              "concrete_change": {
                "operator": "INS",
                "src_type": "Return",
                "dst_type": "null",
                "src": "return 1",
                "dst": "null",
                "src_parent_type": "Block",
                "dst_parent_type": "null",
                "src_parent": "{\n    return 1;\n}",
                "dst_parent": "null"
              },
              "line": 105,
              "file": "/home/khesoem/projects/lighter/exp/src/main/java/org/springframework/data/history/Revision.java"
            }
          ]
        }
      ]
    },
    {
      "revision": "049970874dca2b648c9d2f3bfdd01f0e8a11de51",
      "repairability": [
        {
          "tool-name": "NPEfix",
          "pattern-name": "NPEfix:npefix_skip",
          "Unified_Diff_of-files:": "Starts Below...",
          "CHANGE_old:": "",
          "CHANGE_new:": "package org.springframework.data.web.querydsl;",
          "instance_detail": [
            {
              "pattern_action": "INS",
              "pattern_entity": {
                "entity_type": "If",
                "entity_new value": "*",
                "entity_role": "*",
                "entity_parent": "null"
              },
              "concrete_change": {
                "operator": "INS",
                "src_type": "If",
                "dst_type": "null",
                "src": "if (exceptionPostProcessor !\u003d null) {\n    factory.addRepositoryProxyPostProcessor(exceptionPostProcessor);\n}",
                "dst": "null",
                "src_parent_type": "Block",
                "dst_parent_type": "null",
                "src_parent": "{\n    org.springframework.data.repository.core.support.RepositoryFactorySupport factory \u003d doCreateRepositoryFactory();\n    org.springframework.data.repository.core.support.RepositoryProxyPostProcessor exceptionPostProcessor \u003d this.exceptionPostProcessor;\n    if (exceptionPostProcessor !\u003d null) {\n        factory.addRepositoryProxyPostProcessor(exceptionPostProcessor);\n    }\n    org.springframework.data.repository.core.support.RepositoryProxyPostProcessor txPostProcessor \u003d this.txPostProcessor;\n    if (txPostProcessor !\u003d null) {\n        factory.addRepositoryProxyPostProcessor(txPostProcessor);\n    }\n    return factory;\n}",
                "dst_parent": "null"
              },
              "line": 84,
              "file": "/home/khesoem/projects/lighter/exp/src/main/java/org/springframework/data/repository/core/support/TransactionalRepositoryFactoryBeanSupport.java",
              "stats": {
                "number_of_src_entities": 23,
                "number_of_dst_entities": -1,
                "src_entity_types": "[org.springframework.data.repository.core.support.RepositoryProxyPostProcessor, \u003cnulltype\u003e, org.springframework.data.repository.core.support.RepositoryFactorySupport]",
                "dst_entity_types": "[]"
              }
            },
            {
              "pattern_action": "MOV",
              "pattern_entity": {
                "entity_type": "*",
                "entity_new value": "*",
                "entity_role": "*",
                "entity_parent": {
                  "entity_type": "*",
                  "entity_new value": "*",
                  "entity_role": "Then",
                  "entity_parent": {
                    "entity_type": "If",
                    "entity_new value": "*",
                    "entity_role": "*",
                    "entity_parent": "null"
                  }
                }
              },
              "concrete_change": {
                "operator": "MOV",
                "src_type": "VariableRead",
                "dst_type": "VariableRead",
                "src": "factory",
                "dst": "factory",
                "src_parent_type": "Invocation",
                "dst_parent_type": "Invocation",
                "src_parent": "factory.addRepositoryProxyPostProcessor(txPostProcessor)",
                "dst_parent": "factory.addRepositoryProxyPostProcessor(exceptionPostProcessor)"
              },
              "line": 81,
              "file": "/home/khesoem/projects/lighter/exp/src/main/java/org/springframework/data/repository/core/support/TransactionalRepositoryFactoryBeanSupport.java",
              "stats": {
                "number_of_src_entities": 4,
                "number_of_dst_entities": 4,
                "src_entity_types": "[org.springframework.data.repository.core.support.RepositoryFactorySupport]",
                "dst_entity_types": "[org.springframework.data.repository.core.support.RepositoryFactorySupport]"
              }
            }
          ]
        }
      ]
    },
    {
      "revision": "049970874dca2b648c9d2f3bfdd01f0e8a11de51",
      "repairability": [
        {
          "tool-name": "NPEfix",
          "pattern-name": "NPEfix:npefix_s4",
          "Unified_Diff_of-files:": "Starts Below...",
          "CHANGE_old:": "",
          "CHANGE_new:": "package org.springframework.data.web.querydsl;",
          "instance_detail": [
            {
              "pattern_action": "INS",
              "pattern_entity": {
                "entity_type": "If",
                "entity_new value": "*",
                "entity_role": "*",
                "entity_parent": "null"
              },
              "concrete_change": {
                "operator": "INS",
                "src_type": "If",
                "dst_type": "null",
                "src": "if (result \u003d\u003d null) {\n    return null;\n}",
                "dst": "null",
                "src_parent_type": "Block",
                "dst_parent_type": "null",
                "src_parent": "{\n    org.springframework.data.mapping.PropertyPath result \u003d current;\n    if (result \u003d\u003d null) {\n        return null;\n    }\n    this.current \u003d result.next();\n    return result;\n}",
                "dst_parent": "null"
              },
              "line": 208,
              "file": "/home/khesoem/projects/lighter/exp/src/main/java/org/springframework/data/mapping/PropertyPath.java",
              "stats": {
                "number_of_src_entities": 13,
                "number_of_dst_entities": -1,
                "src_entity_types": "[boolean, org.springframework.data.mapping.PropertyPath, \u003cnulltype\u003e]",
                "dst_entity_types": "[]"
              }
            },
            {
              "pattern_action": "INS",
              "pattern_entity": {
                "entity_type": "Return",
                "entity_new value": "*",
                "entity_role": "*",
                "entity_parent": {
                  "entity_type": "*",
                  "entity_new value": "*",
                  "entity_role": "Then",
                  "entity_parent": {
                    "entity_type": "If",
                    "entity_new value": "*",
                    "entity_role": "*",
                    "entity_parent": "null"
                  }
                }
              },
              "concrete_change": {
                "operator": "INS",
                "src_type": "Return",
                "dst_type": "null",
                "src": "return null",
                "dst": "null",
                "src_parent_type": "Block",
                "dst_parent_type": "null",
                "src_parent": "{\n    return null;\n}",
                "dst_parent": "null"
              },
              "line": 209,
              "file": "/home/khesoem/projects/lighter/exp/src/main/java/org/springframework/data/mapping/PropertyPath.java"
            }
          ]
        }
      ]
    },
    {
      "revision": "049970874dca2b648c9d2f3bfdd01f0e8a11de51",
      "repairability": [
        {
          "tool-name": "NPEfix",
          "pattern-name": "NPEfix:npefix_s4",
          "Unified_Diff_of-files:": "Starts Below...",
          "CHANGE_old:": "",
          "CHANGE_new:": "package org.springframework.data.web.querydsl;",
          "instance_detail": [
            {
              "pattern_action": "INS",
              "pattern_entity": {
                "entity_type": "If",
                "entity_new value": "*",
                "entity_role": "*",
                "entity_parent": "null"
              },
              "concrete_change": {
                "operator": "INS",
                "src_type": "If",
                "dst_type": "null",
                "src": "if (request \u003d\u003d null) {\n    return null;\n}",
                "dst": "null",
                "src_parent_type": "Block",
                "dst_parent_type": "null",
                "src_parent": "{\n    if (request \u003d\u003d null) {\n        return null;\n    }\n    org.springframework.data.domain.jaxb.SpringDataJaxb.PageRequestDto dto \u003d new org.springframework.data.domain.jaxb.SpringDataJaxb.PageRequestDto();\n    org.springframework.data.domain.jaxb.SpringDataJaxb.SortDto sortDto \u003d SortAdapter.INSTANCE.marshal(request.getSort());\n    dto.orders \u003d (sortDto \u003d\u003d null) ? java.util.Collections.emptyList() : sortDto.orders;\n    dto.page \u003d request.getPageNumber();\n    dto.size \u003d request.getPageSize();\n    return dto;\n}",
                "dst_parent": "null"
              },
              "line": 45,
              "file": "/home/khesoem/projects/lighter/exp/src/main/java/org/springframework/data/domain/jaxb/PageableAdapter.java",
              "stats": {
                "number_of_src_entities": 12,
                "number_of_dst_entities": -1,
                "src_entity_types": "[org.springframework.data.domain.Pageable, \u003cnulltype\u003e]",
                "dst_entity_types": "[]"
              }
            },
            {
              "pattern_action": "INS",
              "pattern_entity": {
                "entity_type": "Return",
                "entity_new value": "*",
                "entity_role": "*",
                "entity_parent": {
                  "entity_type": "*",
                  "entity_new value": "*",
                  "entity_role": "Then",
                  "entity_parent": {
                    "entity_type": "If",
                    "entity_new value": "*",
                    "entity_role": "*",
                    "entity_parent": "null"
                  }
                }
              },
              "concrete_change": {
                "operator": "INS",
                "src_type": "Return",
                "dst_type": "null",
                "src": "return null",
                "dst": "null",
                "src_parent_type": "Block",
                "dst_parent_type": "null",
                "src_parent": "{\n    return null;\n}",
                "dst_parent": "null"
              },
              "line": 46,
              "file": "/home/khesoem/projects/lighter/exp/src/main/java/org/springframework/data/domain/jaxb/PageableAdapter.java"
            }
          ]
        }
      ]
    },
    {
      "revision": "049970874dca2b648c9d2f3bfdd01f0e8a11de51",
      "repairability": [
        {
          "tool-name": "NPEfix",
          "pattern-name": "NPEfix:npefix_s4",
          "Unified_Diff_of-files:": "Starts Below...",
          "CHANGE_old:": "",
          "CHANGE_new:": "package org.springframework.data.web.querydsl;",
          "instance_detail": [
            {
              "pattern_action": "INS",
              "pattern_entity": {
                "entity_type": "If",
                "entity_new value": "*",
                "entity_role": "*",
                "entity_parent": "null"
              },
              "concrete_change": {
                "operator": "INS",
                "src_type": "If",
                "dst_type": "null",
                "src": "if (source \u003d\u003d null) {\n    return null;\n}",
                "dst": "null",
                "src_parent_type": "Block",
                "dst_parent_type": "null",
                "src_parent": "{\n    if (source \u003d\u003d null) {\n        return null;\n    }\n    org.springframework.data.domain.Sort.Direction direction \u003d source.direction;\n    java.lang.String property \u003d source.property;\n    if ((direction \u003d\u003d null) || (property \u003d\u003d null)) {\n        return null;\n    }\n    return new org.springframework.data.domain.Sort.Order(direction, property);\n}",
                "dst_parent": "null"
              },
              "line": 60,
              "file": "/home/khesoem/projects/lighter/exp/src/main/java/org/springframework/data/domain/jaxb/OrderAdapter.java",
              "stats": {
                "number_of_src_entities": 12,
                "number_of_dst_entities": -1,
                "src_entity_types": "[org.springframework.data.domain.jaxb.SpringDataJaxb.OrderDto, \u003cnulltype\u003e]",
                "dst_entity_types": "[]"
              }
            },
            {
              "pattern_action": "INS",
              "pattern_entity": {
                "entity_type": "Return",
                "entity_new value": "*",
                "entity_role": "*",
                "entity_parent": {
                  "entity_type": "*",
                  "entity_new value": "*",
                  "entity_role": "Then",
                  "entity_parent": {
                    "entity_type": "If",
                    "entity_new value": "*",
                    "entity_role": "*",
                    "entity_parent": "null"
                  }
                }
              },
              "concrete_change": {
                "operator": "INS",
                "src_type": "Return",
                "dst_type": "null",
                "src": "return null",
                "dst": "null",
                "src_parent_type": "Block",
                "dst_parent_type": "null",
                "src_parent": "{\n    return null;\n}",
                "dst_parent": "null"
              },
              "line": 61,
              "file": "/home/khesoem/projects/lighter/exp/src/main/java/org/springframework/data/domain/jaxb/OrderAdapter.java"
            }
          ]
        }
      ]
    }
  ],
  "complete_analysis": true
}