{
  "instances": [
    {
      "revision": "62ec8a81de8ec084d505e9395bd8129dd9fddff0",
      "repairability": [
        {
          "tool-name": "JKali",
          "pattern-name": "JKali:del",
          "Unified_Diff_of-files:": "Starts Below...",
          "CHANGE_old:": "        return simpleObject;\r",
          "CHANGE_new:": "",
          "INSERT:": "        }\r",
          "instance_detail": [
            {
              "pattern_action": "DEL",
              "pattern_entity": {
                "entity_type": "*",
                "entity_new value": "*",
                "entity_role": "Statement",
                "entity_parent": "null"
              },
              "concrete_change": {
                "operator": "DEL",
                "src_type": "LocalVariable",
                "dst_type": "null",
                "src": "org.openmrs.module.webservices.rest.SimpleObject simpleObject \u003d new org.openmrs.module.webservices.rest.SimpleObject()",
                "dst": "null",
                "src_parent_type": "Block",
                "dst_parent_type": "null",
                "src_parent": "{\n    if ((pa.getHydratedObject()) \u003d\u003d null)\n        return null;\n\n    org.openmrs.module.webservices.rest.SimpleObject simpleObject \u003d new org.openmrs.module.webservices.rest.SimpleObject();\n    simpleObject.put(\"value\", org.openmrs.module.webservices.rest.web.ConversionUtil.convertToRepresentation(pa.getHydratedObject(), Representation.REF));\n    return simpleObject;\n}",
                "dst_parent": "null"
              },
              "line": 189,
              "file": "/home/khesoem/projects/lighter/exp/omod-1.8/src/main/java/org/openmrs/module/webservices/rest/web/v1_0/resource/openmrs1_8/PersonAttributeResource1_8.java",
              "stats": {
                "number_of_src_entities": 9,
                "number_of_dst_entities": -1,
                "src_entity_types": "[org.openmrs.module.webservices.rest.SimpleObject]",
                "dst_entity_types": "[]"
              }
            }
          ]
        },
        {
          "tool-name": "JKali",
          "pattern-name": "JKali:del",
          "Unified_Diff_of-files:": "Starts Below...",
          "CHANGE_old:": "        return simpleObject;\r",
          "CHANGE_new:": "",
          "INSERT:": "        }\r",
          "instance_detail": [
            {
              "pattern_action": "DEL",
              "pattern_entity": {
                "entity_type": "*",
                "entity_new value": "*",
                "entity_role": "Statement",
                "entity_parent": "null"
              },
              "concrete_change": {
                "operator": "DEL",
                "src_type": "Invocation",
                "dst_type": "null",
                "src": "simpleObject.put(\"value\", org.openmrs.module.webservices.rest.web.ConversionUtil.convertToRepresentation(pa.getHydratedObject(), Representation.REF))",
                "dst": "null",
                "src_parent_type": "Block",
                "dst_parent_type": "null",
                "src_parent": "{\n    if ((pa.getHydratedObject()) \u003d\u003d null)\n        return null;\n\n    org.openmrs.module.webservices.rest.SimpleObject simpleObject \u003d new org.openmrs.module.webservices.rest.SimpleObject();\n    simpleObject.put(\"value\", org.openmrs.module.webservices.rest.web.ConversionUtil.convertToRepresentation(pa.getHydratedObject(), Representation.REF));\n    return simpleObject;\n}",
                "dst_parent": "null"
              },
              "line": 190,
              "file": "/home/khesoem/projects/lighter/exp/omod-1.8/src/main/java/org/openmrs/module/webservices/rest/web/v1_0/resource/openmrs1_8/PersonAttributeResource1_8.java",
              "stats": {
                "number_of_src_entities": 31,
                "number_of_dst_entities": -1,
                "src_entity_types": "[org.openmrs.PersonAttribute, Representation.REF, org.openmrs.module.webservices.rest.SimpleObject, java.lang.String, org.openmrs.module.webservices.rest.web.ConversionUtil]",
                "dst_entity_types": "[]"
              }
            }
          ]
        },
        {
          "tool-name": "JKali",
          "pattern-name": "JKali:del",
          "Unified_Diff_of-files:": "Starts Below...",
          "CHANGE_old:": "        return simpleObject;\r",
          "CHANGE_new:": "",
          "INSERT:": "        }\r",
          "instance_detail": [
            {
              "pattern_action": "DEL",
              "pattern_entity": {
                "entity_type": "*",
                "entity_new value": "*",
                "entity_role": "Statement",
                "entity_parent": "null"
              },
              "concrete_change": {
                "operator": "DEL",
                "src_type": "Return",
                "dst_type": "null",
                "src": "return simpleObject",
                "dst": "null",
                "src_parent_type": "Block",
                "dst_parent_type": "null",
                "src_parent": "{\n    if ((pa.getHydratedObject()) \u003d\u003d null)\n        return null;\n\n    org.openmrs.module.webservices.rest.SimpleObject simpleObject \u003d new org.openmrs.module.webservices.rest.SimpleObject();\n    simpleObject.put(\"value\", org.openmrs.module.webservices.rest.web.ConversionUtil.convertToRepresentation(pa.getHydratedObject(), Representation.REF));\n    return simpleObject;\n}",
                "dst_parent": "null"
              },
              "line": 191,
              "file": "/home/khesoem/projects/lighter/exp/omod-1.8/src/main/java/org/openmrs/module/webservices/rest/web/v1_0/resource/openmrs1_8/PersonAttributeResource1_8.java",
              "stats": {
                "number_of_src_entities": 5,
                "number_of_dst_entities": -1,
                "src_entity_types": "[org.openmrs.module.webservices.rest.SimpleObject]",
                "dst_entity_types": "[]"
              }
            }
          ]
        },
        {
          "tool-name": "JKali",
          "pattern-name": "JKali:add_rtrn",
          "Unified_Diff_of-files:": "Starts Below...",
          "CHANGE_old:": "        return simpleObject;\r",
          "CHANGE_new:": "",
          "INSERT:": "        }\r",
          "instance_detail": [
            {
              "pattern_action": "INS",
              "pattern_entity": {
                "entity_type": "Return",
                "entity_new value": "*",
                "entity_role": "Statement",
                "entity_parent": "null"
              },
              "concrete_change": {
                "operator": "INS",
                "src_type": "Return",
                "dst_type": "null",
                "src": "return org.openmrs.module.webservices.rest.web.ConversionUtil.convertToRepresentation(value, Representation.REF)",
                "dst": "null",
                "src_parent_type": "Block",
                "dst_parent_type": "null",
                "src_parent": "{\n    java.lang.Object value \u003d pa.getHydratedObject();\n    if (value \u003d\u003d null) {\n        return null;\n    }\n    return org.openmrs.module.webservices.rest.web.ConversionUtil.convertToRepresentation(value, Representation.REF);\n}",
                "dst_parent": "null"
              },
              "line": 191,
              "file": "/home/khesoem/projects/lighter/exp/omod-1.8/src/main/java/org/openmrs/module/webservices/rest/web/v1_0/resource/openmrs1_8/PersonAttributeResource1_8.java",
              "stats": {
                "number_of_src_entities": 19,
                "number_of_dst_entities": -1,
                "src_entity_types": "[java.lang.Object, Representation.REF, org.openmrs.module.webservices.rest.web.ConversionUtil]",
                "dst_entity_types": "[]"
              }
            }
          ]
        }
      ]
    }
  ],
  "complete_analysis": true
}