{
  "instances": [
    {
      "revision": "31431ef24d864bde7632114de1a95e3077935b4c",
      "repairability": [
        {
          "tool-name": "JKali",
          "pattern-name": "JKali:del",
          "Unified_Diff_of-files:": "Starts Below...",
          "DELETE:": "        description.addProperty(\"voided\");",
          "instance_detail": [
            {
              "pattern_action": "DEL",
              "pattern_entity": {
                "entity_type": "*",
                "entity_new value": "*",
                "entity_role": "Statement",
                "entity_parent": "null"
              },
              "concrete_change": {
                "operator": "DEL",
                "src_type": "Invocation",
                "dst_type": "null",
                "src": "description.addProperty(\"endDate\")",
                "dst": "null",
                "src_parent_type": "Block",
                "dst_parent_type": "null",
                "src_parent": "{\n    org.openmrs.module.webservices.rest.web.resource.impl.DelegatingResourceDescription description \u003d new org.openmrs.module.webservices.rest.web.resource.impl.DelegatingResourceDescription();\n    description.addProperty(\"uuid\");\n    description.addProperty(\"display\");\n    description.addProperty(\"personA\", Representation.REF, org.openmrs.Person.class);\n    description.addProperty(\"relationshipType\", Representation.REF);\n    description.addProperty(\"personB\", Representation.REF, org.openmrs.Person.class);\n    description.addProperty(\"voided\");\n    description.addProperty(\"endDate\");\n    description.addSelfLink();\n    description.addLink(\"full\", (\".?v\u003d\" + (org.openmrs.module.webservices.rest.web.RestConstants.REPRESENTATION_FULL)));\n    return description;\n}",
                "dst_parent": "null"
              },
              "line": 84,
              "file": "/home/khesoem/projects/lighter/exp/omod-1.8/src/main/java/org/openmrs/module/webservices/rest/web/v1_0/resource/openmrs1_8/RelationshipResource1_8.java",
              "stats": {
                "number_of_src_entities": 13,
                "number_of_dst_entities": -1,
                "src_entity_types": "[org.openmrs.module.webservices.rest.web.resource.impl.DelegatingResourceDescription, java.lang.String]",
                "dst_entity_types": "[]"
              }
            }
          ]
        },
        {
          "tool-name": "JKali",
          "pattern-name": "JKali:del",
          "Unified_Diff_of-files:": "Starts Below...",
          "DELETE:": "        description.addProperty(\"voided\");",
          "instance_detail": [
            {
              "pattern_action": "DEL",
              "pattern_entity": {
                "entity_type": "*",
                "entity_new value": "*",
                "entity_role": "Statement",
                "entity_parent": "null"
              },
              "concrete_change": {
                "operator": "DEL",
                "src_type": "Invocation",
                "dst_type": "null",
                "src": "description.addProperty(\"endDate\")",
                "dst": "null",
                "src_parent_type": "Block",
                "dst_parent_type": "null",
                "src_parent": "{\n    org.openmrs.module.webservices.rest.web.resource.impl.DelegatingResourceDescription description \u003d new org.openmrs.module.webservices.rest.web.resource.impl.DelegatingResourceDescription();\n    description.addProperty(\"uuid\");\n    description.addProperty(\"display\");\n    description.addProperty(\"personA\", Representation.DEFAULT, org.openmrs.Person.class);\n    description.addProperty(\"relationshipType\", Representation.DEFAULT);\n    description.addProperty(\"personB\", Representation.DEFAULT, org.openmrs.Person.class);\n    description.addProperty(\"voided\");\n    description.addProperty(\"endDate\");\n    description.addProperty(\"auditInfo\", findMethod(\"getAuditInfo\"));\n    description.addSelfLink();\n    return description;\n}",
                "dst_parent": "null"
              },
              "line": 96,
              "file": "/home/khesoem/projects/lighter/exp/omod-1.8/src/main/java/org/openmrs/module/webservices/rest/web/v1_0/resource/openmrs1_8/RelationshipResource1_8.java",
              "stats": {
                "number_of_src_entities": 13,
                "number_of_dst_entities": -1,
                "src_entity_types": "[org.openmrs.module.webservices.rest.web.resource.impl.DelegatingResourceDescription, java.lang.String]",
                "dst_entity_types": "[]"
              }
            }
          ]
        },
        {
          "tool-name": "JKali",
          "pattern-name": "JKali:del",
          "Unified_Diff_of-files:": "Starts Below...",
          "DELETE:": "        description.addProperty(\"voided\");",
          "instance_detail": [
            {
              "pattern_action": "DEL",
              "pattern_entity": {
                "entity_type": "*",
                "entity_new value": "*",
                "entity_role": "Statement",
                "entity_parent": "null"
              },
              "concrete_change": {
                "operator": "DEL",
                "src_type": "Invocation",
                "dst_type": "null",
                "src": "description.addProperty(\"voided\")",
                "dst": "null",
                "src_parent_type": "Block",
                "dst_parent_type": "null",
                "src_parent": "{\n    org.openmrs.module.webservices.rest.web.resource.impl.DelegatingResourceDescription description \u003d super.getUpdatableProperties();\n    description.removeProperty(\"personA\");\n    description.removeProperty(\"personB\");\n    description.addProperty(\"voided\");\n    return description;\n}",
                "dst_parent": "null"
              },
              "line": 146,
              "file": "/home/khesoem/projects/lighter/exp/omod-1.8/src/main/java/org/openmrs/module/webservices/rest/web/v1_0/resource/openmrs1_8/RelationshipResource1_8.java",
              "stats": {
                "number_of_src_entities": 13,
                "number_of_dst_entities": -1,
                "src_entity_types": "[org.openmrs.module.webservices.rest.web.resource.impl.DelegatingResourceDescription, java.lang.String]",
                "dst_entity_types": "[]"
              }
            }
          ]
        }
      ]
    }
  ],
  "complete_analysis": true
}