{
  "instances": [
    {
      "revision": "49a50c055fd591741d4df6656c5dd468925300d9",
      "repairability": [
        {
          "tool-name": "JKali",
          "pattern-name": "JKali:del",
          "Unified_Diff_of-files:": "Starts Below...",
          "CHANGE_old:": "                unRetiredVisitTypes.add(visitType);",
          "CHANGE_new:": "                    filteredVisitTypes.add(visitType);",
          "DELETE:": "        return new NeedsPaging\u0026lt;VisitType\u0026gt;(unRetiredVisitTypes, context);",
          "INSERT:": "    }",
          "instance_detail": [
            {
              "pattern_action": "DEL",
              "pattern_entity": {
                "entity_type": "*",
                "entity_new value": "*",
                "entity_role": "Statement",
                "entity_parent": "null"
              },
              "concrete_change": {
                "operator": "DEL",
                "src_type": "LocalVariable",
                "dst_type": "null",
                "src": "java.util.List\u003corg.openmrs.VisitType\u003e unRetiredVisitTypes \u003d new java.util.ArrayList\u003corg.openmrs.VisitType\u003e()",
                "dst": "null",
                "src_parent_type": "Block",
                "dst_parent_type": "null",
                "src_parent": "{\n    java.util.List\u003corg.openmrs.VisitType\u003e visitTypes \u003d org.openmrs.api.context.Context.getVisitService().getAllVisitTypes();\n    java.util.List\u003corg.openmrs.VisitType\u003e unRetiredVisitTypes \u003d new java.util.ArrayList\u003corg.openmrs.VisitType\u003e();\n    for (org.openmrs.VisitType visitType : visitTypes) {\n        if (!(visitType.isRetired()))\n            unRetiredVisitTypes.add(visitType);\n\n    }\n    return new org.openmrs.module.webservices.rest.web.resource.impl.NeedsPaging\u003corg.openmrs.VisitType\u003e(unRetiredVisitTypes, context);\n}",
                "dst_parent": "null"
              },
              "line": 113,
              "file": "/home/khesoem/projects/lighter/exp/omod-1.9/src/main/java/org/openmrs/module/webservices/rest/web/v1_0/resource/openmrs1_9/VisitTypeResource1_9.java",
              "stats": {
                "number_of_src_entities": 13,
                "number_of_dst_entities": -1,
                "src_entity_types": "[java.util.ArrayList, org.openmrs.VisitType, java.util.List\u003corg.openmrs.VisitType\u003e]",
                "dst_entity_types": "[]"
              }
            }
          ]
        },
        {
          "tool-name": "JKali",
          "pattern-name": "JKali:del",
          "Unified_Diff_of-files:": "Starts Below...",
          "CHANGE_old:": "                unRetiredVisitTypes.add(visitType);",
          "CHANGE_new:": "                    filteredVisitTypes.add(visitType);",
          "DELETE:": "        return new NeedsPaging\u0026lt;VisitType\u0026gt;(unRetiredVisitTypes, context);",
          "INSERT:": "    }",
          "instance_detail": [
            {
              "pattern_action": "DEL",
              "pattern_entity": {
                "entity_type": "*",
                "entity_new value": "*",
                "entity_role": "Statement",
                "entity_parent": "null"
              },
              "concrete_change": {
                "operator": "DEL",
                "src_type": "ForEach",
                "dst_type": "null",
                "src": "for (org.openmrs.VisitType visitType : visitTypes) {\n    if (!(visitType.isRetired()))\n        unRetiredVisitTypes.add(visitType);\n\n}",
                "dst": "null",
                "src_parent_type": "Block",
                "dst_parent_type": "null",
                "src_parent": "{\n    java.util.List\u003corg.openmrs.VisitType\u003e visitTypes \u003d org.openmrs.api.context.Context.getVisitService().getAllVisitTypes();\n    java.util.List\u003corg.openmrs.VisitType\u003e unRetiredVisitTypes \u003d new java.util.ArrayList\u003corg.openmrs.VisitType\u003e();\n    for (org.openmrs.VisitType visitType : visitTypes) {\n        if (!(visitType.isRetired()))\n            unRetiredVisitTypes.add(visitType);\n\n    }\n    return new org.openmrs.module.webservices.rest.web.resource.impl.NeedsPaging\u003corg.openmrs.VisitType\u003e(unRetiredVisitTypes, context);\n}",
                "dst_parent": "null"
              },
              "line": 114,
              "file": "/home/khesoem/projects/lighter/exp/omod-1.9/src/main/java/org/openmrs/module/webservices/rest/web/v1_0/resource/openmrs1_9/VisitTypeResource1_9.java",
              "stats": {
                "number_of_src_entities": 40,
                "number_of_dst_entities": -1,
                "src_entity_types": "[org.openmrs.VisitType, java.util.List\u003corg.openmrs.VisitType\u003e]",
                "dst_entity_types": "[]"
              }
            }
          ]
        },
        {
          "tool-name": "JKali",
          "pattern-name": "JKali:del",
          "Unified_Diff_of-files:": "Starts Below...",
          "CHANGE_old:": "                unRetiredVisitTypes.add(visitType);",
          "CHANGE_new:": "                    filteredVisitTypes.add(visitType);",
          "DELETE:": "        return new NeedsPaging\u0026lt;VisitType\u0026gt;(unRetiredVisitTypes, context);",
          "INSERT:": "    }",
          "instance_detail": [
            {
              "pattern_action": "DEL",
              "pattern_entity": {
                "entity_type": "*",
                "entity_new value": "*",
                "entity_role": "Statement",
                "entity_parent": "null"
              },
              "concrete_change": {
                "operator": "DEL",
                "src_type": "LocalVariable",
                "dst_type": "null",
                "src": "java.util.List\u003corg.openmrs.VisitType\u003e unRetiredVisitTypes \u003d new java.util.ArrayList\u003corg.openmrs.VisitType\u003e()",
                "dst": "null",
                "src_parent_type": "Block",
                "dst_parent_type": "null",
                "src_parent": "{\n    java.util.List\u003corg.openmrs.VisitType\u003e visitTypes \u003d org.openmrs.api.context.Context.getVisitService().getVisitTypes(context.getParameter(\"q\"));\n    java.util.List\u003corg.openmrs.VisitType\u003e unRetiredVisitTypes \u003d new java.util.ArrayList\u003corg.openmrs.VisitType\u003e();\n    for (org.openmrs.VisitType visitType : visitTypes) {\n        if (!(visitType.isRetired()))\n            unRetiredVisitTypes.add(visitType);\n\n    }\n    return new org.openmrs.module.webservices.rest.web.resource.impl.NeedsPaging\u003corg.openmrs.VisitType\u003e(unRetiredVisitTypes, context);\n}",
                "dst_parent": "null"
              },
              "line": 127,
              "file": "/home/khesoem/projects/lighter/exp/omod-1.9/src/main/java/org/openmrs/module/webservices/rest/web/v1_0/resource/openmrs1_9/VisitTypeResource1_9.java",
              "stats": {
                "number_of_src_entities": 13,
                "number_of_dst_entities": -1,
                "src_entity_types": "[java.util.ArrayList, org.openmrs.VisitType, java.util.List\u003corg.openmrs.VisitType\u003e]",
                "dst_entity_types": "[]"
              }
            }
          ]
        },
        {
          "tool-name": "JKali",
          "pattern-name": "JKali:del",
          "Unified_Diff_of-files:": "Starts Below...",
          "CHANGE_old:": "                unRetiredVisitTypes.add(visitType);",
          "CHANGE_new:": "                    filteredVisitTypes.add(visitType);",
          "DELETE:": "        return new NeedsPaging\u0026lt;VisitType\u0026gt;(unRetiredVisitTypes, context);",
          "INSERT:": "    }",
          "instance_detail": [
            {
              "pattern_action": "DEL",
              "pattern_entity": {
                "entity_type": "*",
                "entity_new value": "*",
                "entity_role": "Statement",
                "entity_parent": "null"
              },
              "concrete_change": {
                "operator": "DEL",
                "src_type": "ForEach",
                "dst_type": "null",
                "src": "for (org.openmrs.VisitType visitType : visitTypes) {\n    if (!(visitType.isRetired()))\n        unRetiredVisitTypes.add(visitType);\n\n}",
                "dst": "null",
                "src_parent_type": "Block",
                "dst_parent_type": "null",
                "src_parent": "{\n    java.util.List\u003corg.openmrs.VisitType\u003e visitTypes \u003d org.openmrs.api.context.Context.getVisitService().getVisitTypes(context.getParameter(\"q\"));\n    java.util.List\u003corg.openmrs.VisitType\u003e unRetiredVisitTypes \u003d new java.util.ArrayList\u003corg.openmrs.VisitType\u003e();\n    for (org.openmrs.VisitType visitType : visitTypes) {\n        if (!(visitType.isRetired()))\n            unRetiredVisitTypes.add(visitType);\n\n    }\n    return new org.openmrs.module.webservices.rest.web.resource.impl.NeedsPaging\u003corg.openmrs.VisitType\u003e(unRetiredVisitTypes, context);\n}",
                "dst_parent": "null"
              },
              "line": 128,
              "file": "/home/khesoem/projects/lighter/exp/omod-1.9/src/main/java/org/openmrs/module/webservices/rest/web/v1_0/resource/openmrs1_9/VisitTypeResource1_9.java",
              "stats": {
                "number_of_src_entities": 40,
                "number_of_dst_entities": -1,
                "src_entity_types": "[org.openmrs.VisitType, java.util.List\u003corg.openmrs.VisitType\u003e]",
                "dst_entity_types": "[]"
              }
            }
          ]
        }
      ]
    }
  ],
  "complete_analysis": true
}