{
  "instances": [
    {
      "revision": "5a5a9128c792d1780b5f5bb009bb187a5b98a573",
      "repairability": [
        {
          "tool-name": "JKali",
          "pattern-name": "JKali:add_rtrn",
          "Unified_Diff_of-files:": "Starts Below...",
          "INSERT:": "}",
          "CHANGE_old:": "                ConversionUtil.convertToRepresentation(Context.getUserContext().getLocation(), Representation.REF));",
          "CHANGE_new:": "            session.add(\"currentProvider\", ConversionUtil.convertToRepresentation(getCurrentProvider(), Representation.REF));",
          "instance_detail": [
            {
              "pattern_action": "INS",
              "pattern_entity": {
                "entity_type": "Return",
                "entity_new value": "*",
                "entity_role": "Statement",
                "entity_parent": "null"
              },
              "concrete_change": {
                "operator": "INS",
                "src_type": "Return",
                "dst_type": "null",
                "src": "return currentProvider",
                "dst": "null",
                "src_parent_type": "Block",
                "dst_parent_type": "null",
                "src_parent": "{\n    org.openmrs.Provider currentProvider \u003d null;\n    org.openmrs.User currentUser \u003d org.openmrs.api.context.Context.getAuthenticatedUser();\n    if (currentUser !\u003d null) {\n        java.util.Collection\u003corg.openmrs.Provider\u003e providers \u003d new java.util.HashSet\u003corg.openmrs.Provider\u003e();\n        try {\n            org.openmrs.api.context.Context.addProxyPrivilege(PrivilegeConstants.VIEW_PROVIDERS);\n            if ((currentUser.getPerson()) !\u003d null) {\n                providers \u003d org.openmrs.api.context.Context.getProviderService().getProvidersByPerson(currentUser.getPerson(), false);\n            }\n        } finally {\n            org.openmrs.api.context.Context.removeProxyPrivilege(PrivilegeConstants.VIEW_PROVIDERS);\n        }\n        if ((providers.size()) \u003e 1) {\n            org.openmrs.module.webservices.rest.web.v1_0.controller.openmrs1_9.SessionController1_9.log.warn(\"Can\u0027t handle users with multiple provider accounts\");\n        } else\n            if ((providers.size()) \u003d\u003d 1) {\n                currentProvider \u003d providers.iterator().next();\n            }\n\n    }\n    return currentProvider;\n}",
                "dst_parent": "null"
              },
              "line": 155,
              "file": "/home/khesoem/projects/lighter/exp/omod-1.9/src/main/java/org/openmrs/module/webservices/rest/web/v1_0/controller/openmrs1_9/SessionController1_9.java"
            }
          ]
        }
      ]
    }
  ],
  "complete_analysis": true
}