{
  "instances": [
    {
      "revision": "d4a2c1a22ee9cf16c24e06ebea6a0d045c96dece",
      "repairability": [
        {
          "tool-name": "Arja",
          "pattern-name": "Arja:arja_shallow_change",
          "Unified_Diff_of-files:": "Starts Below...",
          "CHANGE_old:": "",
          "CHANGE_new:": "            adjMatrix[cacheIndex] \u003d (byte) ((containsEdge) ? 1 : -1);",
          "DELETE:": "            containsEdge \u003d graph.containsEdge(v1, v2);",
          "INSERT:": "        int cacheIndex \u003d 0;",
          "instance_detail": [
            {
              "pattern_action": "ANY",
              "pattern_entity": {
                "entity_type": "Statement",
                "entity_new value": "*",
                "entity_role": "*",
                "entity_parent": "null"
              },
              "concrete_change": {
                "operator": "INS",
                "src_type": "LocalVariable",
                "dst_type": "null",
                "src": "V v1 \u003d getVertex(v1Number)",
                "dst": "null",
                "src_parent_type": "Block",
                "dst_parent_type": "null",
                "src_parent": "{\n    int cacheIndex \u003d 0;\n    if (cacheEdges) {\n        cacheIndex \u003d (v1Number * (vertexCount)) + v2Number;\n        final byte cache \u003d adjMatrix[cacheIndex];\n        if (cache !\u003d 0) {\n            return cache \u003e 0;\n        }\n    }\n    V v1 \u003d getVertex(v1Number);\n    V v2 \u003d getVertex(v2Number);\n    boolean containsEdge \u003d graph.containsEdge(v1, v2);\n    if (cacheEdges) {\n        adjMatrix[cacheIndex] \u003d ((byte) ((containsEdge) ? 1 : -1));\n    }\n    return containsEdge;\n}",
                "dst_parent": "null"
              },
              "line": 182,
              "file": "/home/khesoem/projects/lighter/exp/jgrapht-core/src/main/java/org/jgrapht/alg/isomorphism/GraphOrdering.java",
              "stats": {
                "number_of_src_entities": 20,
                "number_of_dst_entities": -1,
                "src_entity_types": "[int, org.jgrapht.alg.isomorphism.GraphOrdering\u003cV, E\u003e, org.jgrapht.alg.isomorphism.GraphOrdering]",
                "dst_entity_types": "[]"
              }
            }
          ]
        },
        {
          "tool-name": "Arja",
          "pattern-name": "Arja:arja_shallow_change",
          "Unified_Diff_of-files:": "Starts Below...",
          "CHANGE_old:": "",
          "CHANGE_new:": "            adjMatrix[cacheIndex] \u003d (byte) ((containsEdge) ? 1 : -1);",
          "DELETE:": "            containsEdge \u003d graph.containsEdge(v1, v2);",
          "INSERT:": "        int cacheIndex \u003d 0;",
          "instance_detail": [
            {
              "pattern_action": "ANY",
              "pattern_entity": {
                "entity_type": "Statement",
                "entity_new value": "*",
                "entity_role": "*",
                "entity_parent": "null"
              },
              "concrete_change": {
                "operator": "INS",
                "src_type": "LocalVariable",
                "dst_type": "null",
                "src": "V v2 \u003d getVertex(v2Number)",
                "dst": "null",
                "src_parent_type": "Block",
                "dst_parent_type": "null",
                "src_parent": "{\n    int cacheIndex \u003d 0;\n    if (cacheEdges) {\n        cacheIndex \u003d (v1Number * (vertexCount)) + v2Number;\n        final byte cache \u003d adjMatrix[cacheIndex];\n        if (cache !\u003d 0) {\n            return cache \u003e 0;\n        }\n    }\n    V v1 \u003d getVertex(v1Number);\n    V v2 \u003d getVertex(v2Number);\n    boolean containsEdge \u003d graph.containsEdge(v1, v2);\n    if (cacheEdges) {\n        adjMatrix[cacheIndex] \u003d ((byte) ((containsEdge) ? 1 : -1));\n    }\n    return containsEdge;\n}",
                "dst_parent": "null"
              },
              "line": 183,
              "file": "/home/khesoem/projects/lighter/exp/jgrapht-core/src/main/java/org/jgrapht/alg/isomorphism/GraphOrdering.java",
              "stats": {
                "number_of_src_entities": 20,
                "number_of_dst_entities": -1,
                "src_entity_types": "[int, org.jgrapht.alg.isomorphism.GraphOrdering\u003cV, E\u003e, org.jgrapht.alg.isomorphism.GraphOrdering]",
                "dst_entity_types": "[]"
              }
            }
          ]
        },
        {
          "tool-name": "Arja",
          "pattern-name": "Arja:arja_shallow_change",
          "Unified_Diff_of-files:": "Starts Below...",
          "CHANGE_old:": "",
          "CHANGE_new:": "            adjMatrix[cacheIndex] \u003d (byte) ((containsEdge) ? 1 : -1);",
          "DELETE:": "            containsEdge \u003d graph.containsEdge(v1, v2);",
          "INSERT:": "        int cacheIndex \u003d 0;",
          "instance_detail": [
            {
              "pattern_action": "ANY",
              "pattern_entity": {
                "entity_type": "Statement",
                "entity_new value": "*",
                "entity_role": "*",
                "entity_parent": "null"
              },
              "concrete_change": {
                "operator": "DEL",
                "src_type": "LocalVariable",
                "dst_type": "null",
                "src": "V v1",
                "dst": "null",
                "src_parent_type": "Block",
                "dst_parent_type": "null",
                "src_parent": "{\n    V v1;\n    V v2;\n    java.lang.Boolean containsEdge \u003d null;\n    if (cacheEdges) {\n        containsEdge \u003d adjMatrix[v1Number][v2Number];\n    }\n    if ((!(cacheEdges)) || (containsEdge \u003d\u003d null)) {\n        v1 \u003d getVertex(v1Number);\n        v2 \u003d getVertex(v2Number);\n        containsEdge \u003d graph.containsEdge(v1, v2);\n    }\n    if ((cacheEdges) \u0026\u0026 ((adjMatrix[v1Number][v2Number]) \u003d\u003d null)) {\n        adjMatrix[v1Number][v2Number] \u003d containsEdge;\n    }\n    return containsEdge;\n}",
                "dst_parent": "null"
              },
              "line": 164,
              "file": "/home/khesoem/projects/lighter/exp/jgrapht-core/src/main/java/org/jgrapht/alg/isomorphism/GraphOrdering.java",
              "stats": {
                "number_of_src_entities": 2,
                "number_of_dst_entities": -1,
                "src_entity_types": "[]",
                "dst_entity_types": "[]"
              }
            }
          ]
        },
        {
          "tool-name": "Arja",
          "pattern-name": "Arja:arja_shallow_change",
          "Unified_Diff_of-files:": "Starts Below...",
          "CHANGE_old:": "",
          "CHANGE_new:": "            adjMatrix[cacheIndex] \u003d (byte) ((containsEdge) ? 1 : -1);",
          "DELETE:": "            containsEdge \u003d graph.containsEdge(v1, v2);",
          "INSERT:": "        int cacheIndex \u003d 0;",
          "instance_detail": [
            {
              "pattern_action": "ANY",
              "pattern_entity": {
                "entity_type": "Statement",
                "entity_new value": "*",
                "entity_role": "*",
                "entity_parent": "null"
              },
              "concrete_change": {
                "operator": "DEL",
                "src_type": "LocalVariable",
                "dst_type": "null",
                "src": "V v2",
                "dst": "null",
                "src_parent_type": "Block",
                "dst_parent_type": "null",
                "src_parent": "{\n    V v1;\n    V v2;\n    java.lang.Boolean containsEdge \u003d null;\n    if (cacheEdges) {\n        containsEdge \u003d adjMatrix[v1Number][v2Number];\n    }\n    if ((!(cacheEdges)) || (containsEdge \u003d\u003d null)) {\n        v1 \u003d getVertex(v1Number);\n        v2 \u003d getVertex(v2Number);\n        containsEdge \u003d graph.containsEdge(v1, v2);\n    }\n    if ((cacheEdges) \u0026\u0026 ((adjMatrix[v1Number][v2Number]) \u003d\u003d null)) {\n        adjMatrix[v1Number][v2Number] \u003d containsEdge;\n    }\n    return containsEdge;\n}",
                "dst_parent": "null"
              },
              "line": 164,
              "file": "/home/khesoem/projects/lighter/exp/jgrapht-core/src/main/java/org/jgrapht/alg/isomorphism/GraphOrdering.java",
              "stats": {
                "number_of_src_entities": 2,
                "number_of_dst_entities": -1,
                "src_entity_types": "[]",
                "dst_entity_types": "[]"
              }
            }
          ]
        },
        {
          "tool-name": "Arja",
          "pattern-name": "Arja:arja_shallow_change",
          "Unified_Diff_of-files:": "Starts Below...",
          "CHANGE_old:": "",
          "CHANGE_new:": "            adjMatrix[cacheIndex] \u003d (byte) ((containsEdge) ? 1 : -1);",
          "DELETE:": "            containsEdge \u003d graph.containsEdge(v1, v2);",
          "INSERT:": "        int cacheIndex \u003d 0;",
          "instance_detail": [
            {
              "pattern_action": "ANY",
              "pattern_entity": {
                "entity_type": "Statement",
                "entity_new value": "*",
                "entity_role": "*",
                "entity_parent": "null"
              },
              "concrete_change": {
                "operator": "DEL",
                "src_type": "Assignment",
                "dst_type": "null",
                "src": "v1 \u003d getVertex(v1Number)",
                "dst": "null",
                "src_parent_type": "Block",
                "dst_parent_type": "null",
                "src_parent": "{\n    v1 \u003d getVertex(v1Number);\n    v2 \u003d getVertex(v2Number);\n    containsEdge \u003d graph.containsEdge(v1, v2);\n}",
                "dst_parent": "null"
              },
              "line": 172,
              "file": "/home/khesoem/projects/lighter/exp/jgrapht-core/src/main/java/org/jgrapht/alg/isomorphism/GraphOrdering.java",
              "stats": {
                "number_of_src_entities": 23,
                "number_of_dst_entities": -1,
                "src_entity_types": "[int, org.jgrapht.alg.isomorphism.GraphOrdering\u003cV, E\u003e, org.jgrapht.alg.isomorphism.GraphOrdering]",
                "dst_entity_types": "[]"
              }
            }
          ]
        },
        {
          "tool-name": "Arja",
          "pattern-name": "Arja:arja_shallow_change",
          "Unified_Diff_of-files:": "Starts Below...",
          "CHANGE_old:": "",
          "CHANGE_new:": "            adjMatrix[cacheIndex] \u003d (byte) ((containsEdge) ? 1 : -1);",
          "DELETE:": "            containsEdge \u003d graph.containsEdge(v1, v2);",
          "INSERT:": "        int cacheIndex \u003d 0;",
          "instance_detail": [
            {
              "pattern_action": "ANY",
              "pattern_entity": {
                "entity_type": "Statement",
                "entity_new value": "*",
                "entity_role": "*",
                "entity_parent": "null"
              },
              "concrete_change": {
                "operator": "DEL",
                "src_type": "Assignment",
                "dst_type": "null",
                "src": "v2 \u003d getVertex(v2Number)",
                "dst": "null",
                "src_parent_type": "Block",
                "dst_parent_type": "null",
                "src_parent": "{\n    v1 \u003d getVertex(v1Number);\n    v2 \u003d getVertex(v2Number);\n    containsEdge \u003d graph.containsEdge(v1, v2);\n}",
                "dst_parent": "null"
              },
              "line": 173,
              "file": "/home/khesoem/projects/lighter/exp/jgrapht-core/src/main/java/org/jgrapht/alg/isomorphism/GraphOrdering.java",
              "stats": {
                "number_of_src_entities": 23,
                "number_of_dst_entities": -1,
                "src_entity_types": "[int, org.jgrapht.alg.isomorphism.GraphOrdering\u003cV, E\u003e, org.jgrapht.alg.isomorphism.GraphOrdering]",
                "dst_entity_types": "[]"
              }
            }
          ]
        },
        {
          "tool-name": "Arja",
          "pattern-name": "Arja:arja_shallow_change",
          "Unified_Diff_of-files:": "Starts Below...",
          "CHANGE_old:": "",
          "CHANGE_new:": "            adjMatrix[cacheIndex] \u003d (byte) ((containsEdge) ? 1 : -1);",
          "DELETE:": "            containsEdge \u003d graph.containsEdge(v1, v2);",
          "INSERT:": "        int cacheIndex \u003d 0;",
          "instance_detail": [
            {
              "pattern_action": "ANY",
              "pattern_entity": {
                "entity_type": "Statement",
                "entity_new value": "*",
                "entity_role": "*",
                "entity_parent": "null"
              },
              "concrete_change": {
                "operator": "DEL",
                "src_type": "Assignment",
                "dst_type": "null",
                "src": "containsEdge \u003d graph.containsEdge(v1, v2)",
                "dst": "null",
                "src_parent_type": "Block",
                "dst_parent_type": "null",
                "src_parent": "{\n    v1 \u003d getVertex(v1Number);\n    v2 \u003d getVertex(v2Number);\n    containsEdge \u003d graph.containsEdge(v1, v2);\n}",
                "dst_parent": "null"
              },
              "line": 174,
              "file": "/home/khesoem/projects/lighter/exp/jgrapht-core/src/main/java/org/jgrapht/alg/isomorphism/GraphOrdering.java",
              "stats": {
                "number_of_src_entities": 36,
                "number_of_dst_entities": -1,
                "src_entity_types": "[org.jgrapht.Graph, org.jgrapht.alg.isomorphism.GraphOrdering, java.lang.Boolean]",
                "dst_entity_types": "[]"
              }
            }
          ]
        },
        {
          "tool-name": "Arja",
          "pattern-name": "Arja:arja_shallow_change",
          "Unified_Diff_of-files:": "Starts Below...",
          "CHANGE_old:": "",
          "CHANGE_new:": "            adjMatrix[cacheIndex] \u003d (byte) ((containsEdge) ? 1 : -1);",
          "DELETE:": "            containsEdge \u003d graph.containsEdge(v1, v2);",
          "INSERT:": "        int cacheIndex \u003d 0;",
          "instance_detail": [
            {
              "pattern_action": "ANY",
              "pattern_entity": {
                "entity_type": "Statement",
                "entity_new value": "*",
                "entity_role": "*",
                "entity_parent": "null"
              },
              "concrete_change": {
                "operator": "DEL",
                "src_type": "Block",
                "dst_type": "null",
                "src": "{\n    containsEdge \u003d adjMatrix[v1Number][v2Number];\n}",
                "dst": "null",
                "src_parent_type": "If",
                "dst_parent_type": "null",
                "src_parent": "if (cacheEdges) {\n    containsEdge \u003d adjMatrix[v1Number][v2Number];\n}",
                "dst_parent": "null"
              },
              "line": 167,
              "file": "/home/khesoem/projects/lighter/exp/jgrapht-core/src/main/java/org/jgrapht/alg/isomorphism/GraphOrdering.java"
            }
          ]
        },
        {
          "tool-name": "Arja",
          "pattern-name": "Arja:arja_shallow_change",
          "Unified_Diff_of-files:": "Starts Below...",
          "CHANGE_old:": "",
          "CHANGE_new:": "            adjMatrix[cacheIndex] \u003d (byte) ((containsEdge) ? 1 : -1);",
          "DELETE:": "            containsEdge \u003d graph.containsEdge(v1, v2);",
          "INSERT:": "        int cacheIndex \u003d 0;",
          "instance_detail": [
            {
              "pattern_action": "ANY",
              "pattern_entity": {
                "entity_type": "Statement",
                "entity_new value": "*",
                "entity_role": "*",
                "entity_parent": "null"
              },
              "concrete_change": {
                "operator": "DEL",
                "src_type": "If",
                "dst_type": "null",
                "src": "if (cacheEdges) {\n    containsEdge \u003d adjMatrix[v1Number][v2Number];\n}",
                "dst": "null",
                "src_parent_type": "Block",
                "dst_parent_type": "null",
                "src_parent": "{\n    V v1;\n    V v2;\n    java.lang.Boolean containsEdge \u003d null;\n    if (cacheEdges) {\n        containsEdge \u003d adjMatrix[v1Number][v2Number];\n    }\n    if ((!(cacheEdges)) || (containsEdge \u003d\u003d null)) {\n        v1 \u003d getVertex(v1Number);\n        v2 \u003d getVertex(v2Number);\n        containsEdge \u003d graph.containsEdge(v1, v2);\n    }\n    if ((cacheEdges) \u0026\u0026 ((adjMatrix[v1Number][v2Number]) \u003d\u003d null)) {\n        adjMatrix[v1Number][v2Number] \u003d containsEdge;\n    }\n    return containsEdge;\n}",
                "dst_parent": "null"
              },
              "line": 167,
              "file": "/home/khesoem/projects/lighter/exp/jgrapht-core/src/main/java/org/jgrapht/alg/isomorphism/GraphOrdering.java",
              "stats": {
                "number_of_src_entities": 47,
                "number_of_dst_entities": -1,
                "src_entity_types": "[int, org.jgrapht.alg.isomorphism.GraphOrdering, java.lang.Boolean]",
                "dst_entity_types": "[]"
              }
            }
          ]
        },
        {
          "tool-name": "Arja",
          "pattern-name": "Arja:arja_shallow_change",
          "Unified_Diff_of-files:": "Starts Below...",
          "CHANGE_old:": "",
          "CHANGE_new:": "            adjMatrix[cacheIndex] \u003d (byte) ((containsEdge) ? 1 : -1);",
          "DELETE:": "            containsEdge \u003d graph.containsEdge(v1, v2);",
          "INSERT:": "        int cacheIndex \u003d 0;",
          "instance_detail": [
            {
              "pattern_action": "ANY",
              "pattern_entity": {
                "entity_type": "Statement",
                "entity_new value": "*",
                "entity_role": "*",
                "entity_parent": "null"
              },
              "concrete_change": {
                "operator": "DEL",
                "src_type": "UnaryOperator",
                "dst_type": "null",
                "src": "(!(cacheEdges))",
                "dst": "null",
                "src_parent_type": "BinaryOperator",
                "dst_parent_type": "null",
                "src_parent": "(!(cacheEdges)) || (containsEdge \u003d\u003d null)",
                "dst_parent": "null"
              },
              "line": 171,
              "file": "/home/khesoem/projects/lighter/exp/jgrapht-core/src/main/java/org/jgrapht/alg/isomorphism/GraphOrdering.java"
            }
          ]
        },
        {
          "tool-name": "Arja",
          "pattern-name": "Arja:arja_shallow_change",
          "Unified_Diff_of-files:": "Starts Below...",
          "CHANGE_old:": "",
          "CHANGE_new:": "            adjMatrix[cacheIndex] \u003d (byte) ((containsEdge) ? 1 : -1);",
          "DELETE:": "            containsEdge \u003d graph.containsEdge(v1, v2);",
          "INSERT:": "        int cacheIndex \u003d 0;",
          "instance_detail": [
            {
              "pattern_action": "ANY",
              "pattern_entity": {
                "entity_type": "Statement",
                "entity_new value": "*",
                "entity_role": "*",
                "entity_parent": "null"
              },
              "concrete_change": {
                "operator": "DEL",
                "src_type": "If",
                "dst_type": "null",
                "src": "if ((!(cacheEdges)) || (containsEdge \u003d\u003d null)) {\n    v1 \u003d getVertex(v1Number);\n    v2 \u003d getVertex(v2Number);\n    containsEdge \u003d graph.containsEdge(v1, v2);\n}",
                "dst": "null",
                "src_parent_type": "Block",
                "dst_parent_type": "null",
                "src_parent": "{\n    V v1;\n    V v2;\n    java.lang.Boolean containsEdge \u003d null;\n    if (cacheEdges) {\n        containsEdge \u003d adjMatrix[v1Number][v2Number];\n    }\n    if ((!(cacheEdges)) || (containsEdge \u003d\u003d null)) {\n        v1 \u003d getVertex(v1Number);\n        v2 \u003d getVertex(v2Number);\n        containsEdge \u003d graph.containsEdge(v1, v2);\n    }\n    if ((cacheEdges) \u0026\u0026 ((adjMatrix[v1Number][v2Number]) \u003d\u003d null)) {\n        adjMatrix[v1Number][v2Number] \u003d containsEdge;\n    }\n    return containsEdge;\n}",
                "dst_parent": "null"
              },
              "line": 171,
              "file": "/home/khesoem/projects/lighter/exp/jgrapht-core/src/main/java/org/jgrapht/alg/isomorphism/GraphOrdering.java",
              "stats": {
                "number_of_src_entities": 107,
                "number_of_dst_entities": -1,
                "src_entity_types": "[int, boolean, org.jgrapht.Graph, org.jgrapht.alg.isomorphism.GraphOrdering, org.jgrapht.alg.isomorphism.GraphOrdering\u003cV, E\u003e, java.lang.Boolean, \u003cnulltype\u003e]",
                "dst_entity_types": "[]"
              }
            }
          ]
        }
      ]
    }
  ],
  "complete_analysis": true
}