{
  "instances": [
    {
      "revision": "c6abc77ed2b5723c8c5608bc09447102c17b9a9a",
      "repairability": [
        {
          "tool-name": "Nopol",
          "pattern-name": "Nopol:if_condition_ins_deep",
          "Unified_Diff_of-files:": "Starts Below...",
          "DELETE:": "    Point right;",
          "INSERT:": "            if (laneKeepingOn) {",
          "CHANGE_old:": "            if(imageName.contains(\"road_2lane_6\") ||",
          "CHANGE_new:": "            if (imageName.contains(\"road_2lane_6\") ||",
          "instance_detail": [
            {
              "pattern_action": "MOV",
              "pattern_entity": {
                "entity_type": "*",
                "entity_new value": "*",
                "entity_role": "*",
                "entity_parent": {
                  "entity_type": "*",
                  "entity_new value": "*",
                  "entity_role": "Then",
                  "entity_parent": {
                    "entity_type": "If",
                    "entity_new value": "*",
                    "entity_role": "*",
                    "entity_parent": "null"
                  }
                }
              },
              "concrete_change": {
                "operator": "MOV",
                "src_type": "ForEach",
                "dst_type": "ForEach",
                "src": "for (hu.oe.nik.szfmv.environment.WorldObject worldObject : seenByCamera) {\n    if (worldObject instanceof hu.oe.nik.szfmv.environment.models.Road) {\n        if (worldObject.getShape().contains(leftRotated)) {\n            inputPacket.setSteeringWheelPosition((-40));\n        } else\n            if (worldObject.getShape().contains(rightRotated)) {\n                inputPacket.setSteeringWheelPosition(40);\n            }\n\n    }\n}",
                "dst": "for (hu.oe.nik.szfmv.environment.WorldObject worldObject : seenByCamera) {\n    if (worldObject instanceof hu.oe.nik.szfmv.environment.models.Road) {\n        if (worldObject.getShape().contains(leftRotated)) {\n            inputPacket.setSteeringWheelPosition((-40));\n        } else\n            if (worldObject.getShape().contains(rightRotated)) {\n                inputPacket.setSteeringWheelPosition(40);\n            }\n\n    }\n}",
                "src_parent_type": "Block",
                "dst_parent_type": "Block",
                "src_parent": "{\n    for (hu.oe.nik.szfmv.environment.WorldObject worldObject : seenByCamera) {\n        if (worldObject instanceof hu.oe.nik.szfmv.environment.models.Road) {\n            if (worldObject.getShape().contains(leftRotated)) {\n                inputPacket.setSteeringWheelPosition((-40));\n            } else\n                if (worldObject.getShape().contains(rightRotated)) {\n                    inputPacket.setSteeringWheelPosition(40);\n                }\n\n        }\n    }\n}",
                "dst_parent": "{\n    for (hu.oe.nik.szfmv.environment.WorldObject worldObject : seenByCamera) {\n        if (worldObject instanceof hu.oe.nik.szfmv.environment.models.Road) {\n            if (worldObject.getShape().contains(leftRotated)) {\n                inputPacket.setSteeringWheelPosition((-40));\n            } else\n                if (worldObject.getShape().contains(rightRotated)) {\n                    inputPacket.setSteeringWheelPosition(40);\n                }\n\n        }\n    }\n}"
              },
              "line": 96,
              "file": "/home/khesoem/projects/lighter/exp/src/main/java/hu/oe/nik/szfmv/automatedcar/systemcomponents/LaneKeepAssistant.java",
              "stats": {
                "number_of_src_entities": 100,
                "number_of_dst_entities": 100,
                "src_entity_types": "[int, hu.oe.nik.szfmv.automatedcar.systemcomponents.LaneKeepAssistant, hu.oe.nik.szfmv.environment.models.Road, hu.oe.nik.szfmv.automatedcar.bus.packets.input.InputPacket, java.awt.Point, java.util.List\u003chu.oe.nik.szfmv.environment.WorldObject\u003e, hu.oe.nik.szfmv.environment.WorldObject]",
                "dst_entity_types": "[int, hu.oe.nik.szfmv.automatedcar.systemcomponents.LaneKeepAssistant, hu.oe.nik.szfmv.environment.models.Road, hu.oe.nik.szfmv.automatedcar.bus.packets.input.InputPacket, java.awt.Point, java.util.List\u003chu.oe.nik.szfmv.environment.WorldObject\u003e, hu.oe.nik.szfmv.environment.WorldObject]"
              }
            },
            {
              "pattern_action": "INS",
              "pattern_entity": {
                "entity_type": "If",
                "entity_new value": "*",
                "entity_role": "*",
                "entity_parent": "null"
              },
              "concrete_change": {
                "operator": "INS",
                "src_type": "If",
                "dst_type": "null",
                "src": "if (laneKeepingOn) {\n    for (hu.oe.nik.szfmv.environment.WorldObject worldObject : seenByCamera) {\n        if (worldObject instanceof hu.oe.nik.szfmv.environment.models.Road) {\n            if (worldObject.getShape().contains(leftRotated)) {\n                inputPacket.setSteeringWheelPosition((-40));\n            } else\n                if (worldObject.getShape().contains(rightRotated)) {\n                    inputPacket.setSteeringWheelPosition(40);\n                }\n\n        }\n    }\n}",
                "dst": "null",
                "src_parent_type": "Block",
                "dst_parent_type": "null",
                "src_parent": "{\n    laneKeepingAvailable \u003d true;\n    inputPacket.setLaneKeepingAvailability(laneKeepingAvailable);\n    if (laneKeepingOn) {\n        for (hu.oe.nik.szfmv.environment.WorldObject worldObject : seenByCamera) {\n            if (worldObject instanceof hu.oe.nik.szfmv.environment.models.Road) {\n                if (worldObject.getShape().contains(leftRotated)) {\n                    inputPacket.setSteeringWheelPosition((-40));\n                } else\n                    if (worldObject.getShape().contains(rightRotated)) {\n                        inputPacket.setSteeringWheelPosition(40);\n                    }\n\n            }\n        }\n    }\n}",
                "dst_parent": "null"
              },
              "line": 103,
              "file": "/home/khesoem/projects/lighter/exp/src/main/java/hu/oe/nik/szfmv/automatedcar/systemcomponents/LaneKeepAssistant.java",
              "stats": {
                "number_of_src_entities": 113,
                "number_of_dst_entities": -1,
                "src_entity_types": "[int, hu.oe.nik.szfmv.automatedcar.systemcomponents.LaneKeepAssistant, hu.oe.nik.szfmv.environment.models.Road, hu.oe.nik.szfmv.automatedcar.bus.packets.input.InputPacket, java.awt.Point, java.util.List\u003chu.oe.nik.szfmv.environment.WorldObject\u003e, hu.oe.nik.szfmv.environment.WorldObject]",
                "dst_entity_types": "[]"
              }
            }
          ]
        }
      ]
    }
  ],
  "complete_analysis": true
}