{
  "instances": [
    {
      "revision": "27d82af764f3d8ce649f715ebfbb12290ab6e8e2",
      "repairability": [
        {
          "tool-name": "Nopol",
          "pattern-name": "Nopol:if_condition_upd_deep",
          "Unified_Diff_of-files:": "Starts Below...",
          "CHANGE_old:": "",
          "CHANGE_new:": "        radar \u003d RadarSensorPacket.getInstance();",
          "INSERT:": "}",
          "instance_detail": [
            {
              "pattern_action": "ANY",
              "pattern_entity": {
                "entity_type": "*",
                "entity_new value": "*",
                "entity_role": "*",
                "entity_parent": {
                  "entity_type": "*",
                  "entity_new value": "*",
                  "entity_role": "condition",
                  "entity_parent": {
                    "entity_type": "If",
                    "entity_new value": "*",
                    "entity_role": "*",
                    "entity_parent": "null"
                  }
                }
              },
              "concrete_change": {
                "operator": "UPD",
                "src_type": "TypeAccess",
                "dst_type": "TypeAccess",
                "src": "hu.oe.nik.szfmv.detector.classes.FrontBackDetector",
                "dst": "hu.oe.nik.szfmv.automatedcar.systemcomponents.FrontBackDetector",
                "src_parent_type": "ThisAccess",
                "dst_parent_type": "ThisAccess",
                "src_parent": "",
                "dst_parent": ""
              },
              "stats": {
                "number_of_src_entities": 3,
                "number_of_dst_entities": 3,
                "src_entity_types": "[hu.oe.nik.szfmv.detector.classes.FrontBackDetector]",
                "dst_entity_types": "[hu.oe.nik.szfmv.automatedcar.systemcomponents.FrontBackDetector]"
              }
            }
          ]
        }
      ]
    }
  ],
  "complete_analysis": true
}