{
  "instances": [
    {
      "revision": "5937c95c8113decc4697527613121b40e6f8342b",
      "repairability": [
        {
          "tool-name": "Cardumen",
          "pattern-name": "Cardumen:expression_replacement_by_upd",
          "Unified_Diff_of-files:": "Starts Below...",
          "CHANGE_old:": "",
          "CHANGE_new:": "            return Response.status(Response.Status.INTERNAL_SERVER_ERROR).entity(e).type(MediaType.APPLICATION_JSON).build();",
          "DELETE:": "    }",
          "INSERT:": "    }",
          "instance_detail": [
            {
              "pattern_action": "UPD",
              "pattern_entity": {
                "entity_type": "Expression",
                "entity_new value": "*",
                "entity_role": "*",
                "entity_parent": "null"
              },
              "concrete_change": {
                "operator": "UPD",
                "src_type": "VariableRead",
                "dst_type": "VariableRead",
                "src": "dataUse",
                "dst": "jsonString",
                "src_parent_type": "Invocation",
                "dst_parent_type": "Invocation",
                "src_parent": "translateSchema(dataUse)",
                "dst_parent": "buildTranslatedResponse(jsonString, new org.broadinstitute.dsde.consent.ontology.datause.builder.ConsentRestrictionBuilder())"
              },
              "line": 49,
              "file": "/home/khesoem/projects/lighter/exp/src/main/java/org/broadinstitute/dsde/consent/ontology/resources/DataUseResource.java",
              "stats": {
                "number_of_src_entities": 4,
                "number_of_dst_entities": 4,
                "src_entity_types": "[org.broadinstitute.dsde.consent.ontology.resources.model.DataUse]",
                "dst_entity_types": "[java.lang.String]"
              }
            }
          ]
        },
        {
          "tool-name": "Cardumen",
          "pattern-name": "Cardumen:expression_replacement_by_upd",
          "Unified_Diff_of-files:": "Starts Below...",
          "CHANGE_old:": "",
          "CHANGE_new:": "            return Response.status(Response.Status.INTERNAL_SERVER_ERROR).entity(e).type(MediaType.APPLICATION_JSON).build();",
          "DELETE:": "    }",
          "INSERT:": "    }",
          "instance_detail": [
            {
              "pattern_action": "UPD",
              "pattern_entity": {
                "entity_type": "Expression",
                "entity_new value": "*",
                "entity_role": "*",
                "entity_parent": "null"
              },
              "concrete_change": {
                "operator": "UPD",
                "src_type": "TypeAccess",
                "dst_type": "TypeAccess",
                "src": "org.broadinstitute.dsde.consent.ontology.resources.DataUseResource",
                "dst": "javax.ws.rs.core.MediaType",
                "src_parent_type": "ThisAccess",
                "dst_parent_type": "FieldRead",
                "src_parent": "",
                "dst_parent": "javax.ws.rs.core.MediaType.APPLICATION_JSON"
              },
              "stats": {
                "number_of_src_entities": 3,
                "number_of_dst_entities": 3,
                "src_entity_types": "[org.broadinstitute.dsde.consent.ontology.resources.DataUseResource]",
                "dst_entity_types": "[javax.ws.rs.core.MediaType]"
              }
            }
          ]
        },
        {
          "tool-name": "Cardumen",
          "pattern-name": "Cardumen:expression_replacement_by_upd",
          "Unified_Diff_of-files:": "Starts Below...",
          "CHANGE_old:": "",
          "CHANGE_new:": "            return Response.status(Response.Status.INTERNAL_SERVER_ERROR).entity(e).type(MediaType.APPLICATION_JSON).build();",
          "DELETE:": "    }",
          "INSERT:": "    }",
          "instance_detail": [
            {
              "pattern_action": "UPD",
              "pattern_entity": {
                "entity_type": "Expression",
                "entity_new value": "*",
                "entity_role": "*",
                "entity_parent": "null"
              },
              "concrete_change": {
                "operator": "UPD",
                "src_type": "TypeAccess",
                "dst_type": "TypeAccess",
                "src": "javax.ws.rs.core.Response",
                "dst": "org.broadinstitute.dsde.consent.ontology.resources.DataUseResource",
                "src_parent_type": "Invocation",
                "dst_parent_type": "ThisAccess",
                "src_parent": "javax.ws.rs.core.Response.status(Response.Status.BAD_REQUEST)",
                "dst_parent": ""
              },
              "line": 55,
              "file": "/home/khesoem/projects/lighter/exp/src/main/java/org/broadinstitute/dsde/consent/ontology/resources/DataUseResource.java",
              "stats": {
                "number_of_src_entities": 3,
                "number_of_dst_entities": 3,
                "src_entity_types": "[javax.ws.rs.core.Response]",
                "dst_entity_types": "[org.broadinstitute.dsde.consent.ontology.resources.DataUseResource]"
              }
            }
          ]
        },
        {
          "tool-name": "Cardumen",
          "pattern-name": "Cardumen:expression_replacement_by_upd",
          "Unified_Diff_of-files:": "Starts Below...",
          "CHANGE_old:": "",
          "CHANGE_new:": "            return Response.status(Response.Status.INTERNAL_SERVER_ERROR).entity(e).type(MediaType.APPLICATION_JSON).build();",
          "DELETE:": "    }",
          "INSERT:": "    }",
          "instance_detail": [
            {
              "pattern_action": "UPD",
              "pattern_entity": {
                "entity_type": "Expression",
                "entity_new value": "*",
                "entity_role": "*",
                "entity_parent": "null"
              },
              "concrete_change": {
                "operator": "UPD",
                "src_type": "VariableRead",
                "dst_type": "VariableRead",
                "src": "message",
                "dst": "jsonString",
                "src_parent_type": "Invocation",
                "dst_parent_type": "Invocation",
                "src_parent": "javax.ws.rs.core.Response.status(Response.Status.BAD_REQUEST).entity(message)",
                "dst_parent": "buildTranslatedResponse(jsonString, new org.broadinstitute.dsde.consent.ontology.datause.builder.DARRestrictionBuilder())"
              },
              "line": 55,
              "file": "/home/khesoem/projects/lighter/exp/src/main/java/org/broadinstitute/dsde/consent/ontology/resources/DataUseResource.java",
              "stats": {
                "number_of_src_entities": 4,
                "number_of_dst_entities": 4,
                "src_entity_types": "[java.lang.String]",
                "dst_entity_types": "[java.lang.String]"
              }
            }
          ]
        }
      ]
    }
  ],
  "complete_analysis": true
}