{
  "instances": [
    {
      "revision": "31360580372f0723cfae475f7aba564fe7b25fa1",
      "repairability": [
        {
          "tool-name": "Arja",
          "pattern-name": "Arja:arja_shallow_change",
          "Unified_Diff_of-files:": "Starts Below...",
          "INSERT:": "                ",
          "DELETE:": "        System.out.println(\"OH OH\");",
          "instance_detail": [
            {
              "pattern_action": "ANY",
              "pattern_entity": {
                "entity_type": "Statement",
                "entity_new value": "*",
                "entity_role": "*",
                "entity_parent": "null"
              },
              "concrete_change": {
                "operator": "DEL",
                "src_type": "Invocation",
                "dst_type": "null",
                "src": "java.lang.System.out.println(\"OH OH\")",
                "dst": "null",
                "src_parent_type": "Block",
                "dst_parent_type": "null",
                "src_parent": "{\n    java.lang.System.out.println(\"OH OH\");\n    com.openhtmltopdf.util.XRLog.general(java.util.logging.Level.WARNING, (((((((\"Trying to add incompatible child to parent item: \" + \" child type\u003d\") + (child.getClass().getSimpleName())) + \", parent type\u003d\") + (parent.getClass().getSimpleName())) + \", expected child type\u003d\") + (expected.getSimpleName())) + \". Document will not be PDF/UA compliant.\"));\n}",
                "dst_parent": "null"
              },
              "line": 662,
              "file": "/home/khesoem/projects/lighter/exp/openhtmltopdf-pdfbox/src/main/java/com/openhtmltopdf/pdfboxout/PdfBoxAccessibilityHelper.java",
              "stats": {
                "number_of_src_entities": 19,
                "number_of_dst_entities": -1,
                "src_entity_types": "[java.lang.System, java.io.PrintStream, java.lang.String]",
                "dst_entity_types": "[]"
              }
            }
          ]
        }
      ]
    }
  ],
  "complete_analysis": true
}