{
  "instances": [
    {
      "revision": "1e7e5d6f2eab79c3324c1390f1e5cf02959bbe45",
      "repairability": [
        {
          "tool-name": "Arja",
          "pattern-name": "Arja:arja_shallow_change",
          "Unified_Diff_of-files:": "Starts Below...",
          "INSERT:": "    }\r",
          "CHANGE_old:": "            return parseWidthHeightAttributes(e);\r",
          "CHANGE_new:": "            return parseWidthHeightAttributes(e, box, ctx);\r",
          "DELETE:": "\r",
          "instance_detail": [
            {
              "pattern_action": "ANY",
              "pattern_entity": {
                "entity_type": "Statement",
                "entity_new value": "*",
                "entity_role": "*",
                "entity_parent": "null"
              },
              "concrete_change": {
                "operator": "DEL",
                "src_type": "Invocation",
                "dst_type": "null",
                "src": "com.openhtmltopdf.util.XRLog.log(java.util.logging.Level.WARNING, LogMessageId.LogMessageId1Param.GENERAL_INVALID_INTEGER_PASSED_AS_DIMENSION_FOR_SVG, attrValue)",
                "dst": "null",
                "src_parent_type": "Block",
                "dst_parent_type": "null",
                "src_parent": "{\n    com.openhtmltopdf.util.XRLog.log(java.util.logging.Level.WARNING, LogMessageId.LogMessageId1Param.GENERAL_INVALID_INTEGER_PASSED_AS_DIMENSION_FOR_SVG, attrValue);\n    return null;\n}",
                "dst_parent": "null"
              },
              "line": 122,
              "file": "/home/khesoem/projects/lighter/exp/openhtmltopdf-svg-support/src/main/java/com/openhtmltopdf/svgsupport/BatikSVGImage.java",
              "stats": {
                "number_of_src_entities": 27,
                "number_of_dst_entities": -1,
                "src_entity_types": "[LogMessageId.LogMessageId1Param.GENERAL_INVALID_INTEGER_PASSED_AS_DIMENSION_FOR_SVG, com.openhtmltopdf.util.XRLog, java.lang.String, java.util.logging.Level]",
                "dst_entity_types": "[]"
              }
            }
          ]
        }
      ]
    }
  ],
  "complete_analysis": true
}