{
  "instances": [
    {
      "revision": "3477d3fdd31fc30fa5dbd5d459d93ef526b5bc93",
      "repairability": [
        {
          "tool-name": "Arja",
          "pattern-name": "Arja:arja_shallow_change",
          "Unified_Diff_of-files:": "Starts Below...",
          "INSERT:": "            }",
          "CHANGE_old:": "",
          "CHANGE_new:": "                ",
          "DELETE:": "        if (child \u003d\u003d null) {",
          "instance_detail": [
            {
              "pattern_action": "ANY",
              "pattern_entity": {
                "entity_type": "Statement",
                "entity_new value": "*",
                "entity_role": "*",
                "entity_parent": "null"
              },
              "concrete_change": {
                "operator": "INS",
                "src_type": "Invocation",
                "dst_type": "null",
                "src": "c.getOutputDevice().endStructure(token)",
                "dst": "null",
                "src_parent_type": "Block",
                "dst_parent_type": "null",
                "src_parent": "{\n    java.lang.Object token \u003d c.getOutputDevice().startStructure(StructureType.LIST_MARKER, ((com.openhtmltopdf.render.Box) (dli)));\n    ((com.openhtmltopdf.render.BlockBox) (dli)).paintListMarker(c);\n    c.getOutputDevice().endStructure(token);\n}",
                "dst_parent": "null"
              },
              "line": 109,
              "file": "/home/khesoem/projects/lighter/exp/openhtmltopdf-core/src/main/java/com/openhtmltopdf/render/displaylist/DisplayListPainter.java",
              "stats": {
                "number_of_src_entities": 16,
                "number_of_dst_entities": -1,
                "src_entity_types": "[java.lang.Object, com.openhtmltopdf.render.RenderingContext]",
                "dst_entity_types": "[]"
              }
            }
          ]
        }
      ]
    }
  ],
  "complete_analysis": true
}