{
  "instances": [
    {
      "revision": "e097298b57ad76bed1f92f5dea2b3ceaaf1f7566",
      "repairability": [
        {
          "tool-name": "Arja",
          "pattern-name": "Arja:arja_shallow_change",
          "Unified_Diff_of-files:": "Starts Below...",
          "DELETE:": "    /**",
          "CHANGE_old:": "        Scaler scaler \u003d (ImageUtil.Scaler) qual.get(opt.getDownscalingHint());",
          "CHANGE_new:": "        Scaler scaler \u003d qual.get(opt.getDownscalingHint());",
          "instance_detail": [
            {
              "pattern_action": "ANY",
              "pattern_entity": {
                "entity_type": "Statement",
                "entity_new value": "*",
                "entity_role": "*",
                "entity_parent": "null"
              },
              "concrete_change": {
                "operator": "DEL",
                "src_type": "Invocation",
                "dst_type": "null",
                "src": "com.openhtmltopdf.util.ImageUtil.createCompatibleBufferedImage(width, height, java.awt.Transparency.BITMASK)",
                "dst": "null",
                "src_parent_type": "Return",
                "dst_parent_type": "null",
                "src_parent": "return com.openhtmltopdf.util.ImageUtil.createCompatibleBufferedImage(width, height, java.awt.Transparency.BITMASK)",
                "dst_parent": "null"
              },
              "line": 121,
              "file": "/home/khesoem/projects/lighter/exp/openhtmltopdf-core/src/main/java/com/openhtmltopdf/util/ImageUtil.java"
            }
          ]
        },
        {
          "tool-name": "Arja",
          "pattern-name": "Arja:arja_shallow_change",
          "Unified_Diff_of-files:": "Starts Below...",
          "DELETE:": "    /**",
          "CHANGE_old:": "        Scaler scaler \u003d (ImageUtil.Scaler) qual.get(opt.getDownscalingHint());",
          "CHANGE_new:": "        Scaler scaler \u003d qual.get(opt.getDownscalingHint());",
          "instance_detail": [
            {
              "pattern_action": "ANY",
              "pattern_entity": {
                "entity_type": "Statement",
                "entity_new value": "*",
                "entity_role": "*",
                "entity_parent": "null"
              },
              "concrete_change": {
                "operator": "DEL",
                "src_type": "Return",
                "dst_type": "null",
                "src": "return com.openhtmltopdf.util.ImageUtil.createCompatibleBufferedImage(width, height, java.awt.Transparency.BITMASK)",
                "dst": "null",
                "src_parent_type": "Block",
                "dst_parent_type": "null",
                "src_parent": "{\n    return com.openhtmltopdf.util.ImageUtil.createCompatibleBufferedImage(width, height, java.awt.Transparency.BITMASK);\n}",
                "dst_parent": "null"
              },
              "line": 121,
              "file": "/home/khesoem/projects/lighter/exp/openhtmltopdf-core/src/main/java/com/openhtmltopdf/util/ImageUtil.java"
            }
          ]
        }
      ]
    },
    {
      "revision": "e097298b57ad76bed1f92f5dea2b3ceaaf1f7566",
      "repairability": [
        {
          "tool-name": "Arja",
          "pattern-name": "Arja:arja_shallow_change",
          "Unified_Diff_of-files:": "Starts Below...",
          "DELETE:": "    /**",
          "CHANGE_old:": "        Scaler scaler \u003d (ImageUtil.Scaler) qual.get(opt.getDownscalingHint());",
          "CHANGE_new:": "        Scaler scaler \u003d qual.get(opt.getDownscalingHint());",
          "instance_detail": [
            {
              "pattern_action": "ANY",
              "pattern_entity": {
                "entity_type": "Statement",
                "entity_new value": "*",
                "entity_role": "*",
                "entity_parent": "null"
              },
              "concrete_change": {
                "operator": "DEL",
                "src_type": "Invocation",
                "dst_type": "null",
                "src": "java.util.regex.Pattern.compile(\"\\\\{\\\\}\")",
                "dst": "null",
                "src_parent_type": "Field",
                "dst_parent_type": "null",
                "src_parent": "private static final java.util.regex.Pattern MESSAGE_FORMAT_PLACEHOLDER \u003d java.util.regex.Pattern.compile(\"\\\\{\\\\}\");",
                "dst_parent": "null"
              },
              "line": 8,
              "file": "/home/khesoem/projects/lighter/exp/openhtmltopdf-core/src/main/java/com/openhtmltopdf/util/Diagnostic.java"
            }
          ]
        }
      ]
    }
  ],
  "complete_analysis": true
}