{
  "instances": [
    {
      "revision": "3e4bd967a578d5c1e6d7a9533ffbaf2076b47dc0",
      "repairability": [
        {
          "tool-name": "Arja",
          "pattern-name": "Arja:arja_shallow_change",
          "Unified_Diff_of-files:": "Starts Below...",
          "DELETE:": "        x +\u003d -text.getLayoutWidth();",
          "CHANGE_old:": "",
          "CHANGE_new:": "        }",
          "instance_detail": [
            {
              "pattern_action": "ANY",
              "pattern_entity": {
                "entity_type": "Statement",
                "entity_new value": "*",
                "entity_role": "*",
                "entity_parent": "null"
              },
              "concrete_change": {
                "operator": "INS",
                "src_type": "LocalVariable",
                "dst_type": "null",
                "src": "com.openhtmltopdf.render.MarkerData markerData \u003d box.getMarkerData()",
                "dst": "null",
                "src_parent_type": "Block",
                "dst_parent_type": "null",
                "src_parent": "{\n    com.openhtmltopdf.render.MarkerData.TextMarker text \u003d box.getMarkerData().getTextMarker();\n    int x \u003d com.openhtmltopdf.render.ListItemPainter.getReferenceX(c, box);\n    int y \u003d com.openhtmltopdf.render.ListItemPainter.getReferenceBaseline(c, box);\n    com.openhtmltopdf.render.MarkerData markerData \u003d box.getMarkerData();\n    if ((box.getStyle().getDirection()) \u003d\u003d (com.openhtmltopdf.css.constants.IdentValue.LTR)) {\n        x +\u003d -(text.getLayoutWidth());\n    }\n    if ((box.getStyle().getDirection()) \u003d\u003d (com.openhtmltopdf.css.constants.IdentValue.RTL)) {\n        x +\u003d markerData.getReferenceLine().getWidth();\n        x \u003d $missing$;\n    }\n    c.getOutputDevice().setColor(box.getStyle().getColor());\n    c.getOutputDevice().setFont(box.getStyle().getFSFont(c));\n    if ((c.getOutputDevice()) instanceof com.openhtmltopdf.render.AbstractOutputDevice) {\n        ((com.openhtmltopdf.render.AbstractOutputDevice) (c.getOutputDevice())).setFontSpecification(box.getStyle().getFontSpecification());\n    }\n    c.getTextRenderer().drawString(c.getOutputDevice(), text.getText(), x, y);\n}",
                "dst_parent": "null"
              },
              "line": 158,
              "file": "/home/khesoem/projects/lighter/exp/openhtmltopdf-core/src/main/java/com/openhtmltopdf/render/ListItemPainter.java",
              "stats": {
                "number_of_src_entities": 13,
                "number_of_dst_entities": -1,
                "src_entity_types": "[com.openhtmltopdf.render.BlockBox, com.openhtmltopdf.render.MarkerData]",
                "dst_entity_types": "[]"
              }
            }
          ]
        }
      ]
    }
  ],
  "complete_analysis": true
}