{
  "instances": [
    {
      "revision": "913c1964a4995ba8004bd758969d85bb7df36e7a",
      "repairability": [
        {
          "tool-name": "Arja",
          "pattern-name": "Arja:arja_shallow_change",
          "Unified_Diff_of-files:": "Starts Below...",
          "CHANGE_old:": "",
          "CHANGE_new:": "            (align !\u003d IdentValue.LEFT \u0026\u0026 inlineBox.getStyle().getWordWrap() \u003d\u003d IdentValue.BREAK_WORD)) {",
          "instance_detail": [
            {
              "pattern_action": "ANY",
              "pattern_entity": {
                "entity_type": "Statement",
                "entity_new value": "*",
                "entity_role": "*",
                "entity_parent": "null"
              },
              "concrete_change": {
                "operator": "INS",
                "src_type": "Break",
                "dst_type": "null",
                "src": "break LOOP",
                "dst": "null",
                "src_parent_type": "Case",
                "dst_parent_type": "null",
                "src_parent": "case CHAR_BREAKING_NEED_NEW_LINE :\n    totalWidth +\u003d context.getWidth();\n    break LOOP;",
                "dst_parent": "null"
              },
              "line": 137,
              "file": "/home/khesoem/projects/lighter/exp/openhtmltopdf-core/src/main/java/com/openhtmltopdf/layout/Breaker.java",
              "stats": {
                "number_of_src_entities": 1,
                "number_of_dst_entities": -1,
                "src_entity_types": "[]",
                "dst_entity_types": "[]"
              }
            }
          ]
        },
        {
          "tool-name": "Arja",
          "pattern-name": "Arja:arja_shallow_change",
          "Unified_Diff_of-files:": "Starts Below...",
          "CHANGE_old:": "",
          "CHANGE_new:": "            (align !\u003d IdentValue.LEFT \u0026\u0026 inlineBox.getStyle().getWordWrap() \u003d\u003d IdentValue.BREAK_WORD)) {",
          "instance_detail": [
            {
              "pattern_action": "ANY",
              "pattern_entity": {
                "entity_type": "Statement",
                "entity_new value": "*",
                "entity_role": "*",
                "entity_parent": "null"
              },
              "concrete_change": {
                "operator": "DEL",
                "src_type": "Break",
                "dst_type": "null",
                "src": "break LOOP",
                "dst": "null",
                "src_parent_type": "Case",
                "dst_parent_type": "null",
                "src_parent": "case CHAR_BREAKING_NEED_NEW_LINE :\n    break LOOP;",
                "dst_parent": "null"
              },
              "line": 134,
              "file": "/home/khesoem/projects/lighter/exp/openhtmltopdf-core/src/main/java/com/openhtmltopdf/layout/Breaker.java",
              "stats": {
                "number_of_src_entities": 1,
                "number_of_dst_entities": -1,
                "src_entity_types": "[]",
                "dst_entity_types": "[]"
              }
            }
          ]
        },
        {
          "tool-name": "Arja",
          "pattern-name": "Arja:arja_shallow_change",
          "Unified_Diff_of-files:": "Starts Below...",
          "CHANGE_old:": "",
          "CHANGE_new:": "            (align !\u003d IdentValue.LEFT \u0026\u0026 inlineBox.getStyle().getWordWrap() \u003d\u003d IdentValue.BREAK_WORD)) {",
          "instance_detail": [
            {
              "pattern_action": "ANY",
              "pattern_entity": {
                "entity_type": "Statement",
                "entity_new value": "*",
                "entity_role": "*",
                "entity_parent": "null"
              },
              "concrete_change": {
                "operator": "DEL",
                "src_type": "Break",
                "dst_type": "null",
                "src": "break LOOP",
                "dst": "null",
                "src_parent_type": "Case",
                "dst_parent_type": "null",
                "src_parent": "default :\n    break LOOP;",
                "dst_parent": "null"
              },
              "line": 159,
              "file": "/home/khesoem/projects/lighter/exp/openhtmltopdf-core/src/main/java/com/openhtmltopdf/layout/Breaker.java"
            }
          ]
        },
        {
          "tool-name": "Arja",
          "pattern-name": "Arja:arja_shallow_change",
          "Unified_Diff_of-files:": "Starts Below...",
          "CHANGE_old:": "",
          "CHANGE_new:": "            (align !\u003d IdentValue.LEFT \u0026\u0026 inlineBox.getStyle().getWordWrap() \u003d\u003d IdentValue.BREAK_WORD)) {",
          "instance_detail": [
            {
              "pattern_action": "ANY",
              "pattern_entity": {
                "entity_type": "Statement",
                "entity_new value": "*",
                "entity_role": "*",
                "entity_parent": "null"
              },
              "concrete_change": {
                "operator": "DEL",
                "src_type": "Case",
                "dst_type": "null",
                "src": "default :\n    break LOOP;",
                "dst": "null",
                "src_parent_type": "Switch",
                "dst_parent_type": "null",
                "src_parent": "switch (result) {\n    case WORD_BREAKING_FINISHED :\n    case CHAR_BREAKING_FINISHED :\n    case CHAR_BREAKING_UNBREAKABLE :\n    case CHAR_BREAKING_NEED_NEW_LINE :\n        break LOOP;\n    case CHAR_BREAKING_FOUND_WORD_BREAK :\n        tryToBreakAnywhere \u003d false;\n        break;\n    case WORD_BREAKING_NEED_NEW_LINE :\n        {\n            if ((context.getNextWidth()) \u003e\u003d lineWidth) {\n                tryToBreakAnywhere \u003d true;\n                break;\n            } else {\n                break LOOP;\n            }\n        }\n    case WORD_BREAKING_UNBREAKABLE :\n        {\n            if ((context.getWidth()) \u003e\u003d lineWidth) {\n                tryToBreakAnywhere \u003d true;\n                context.resetEnd();\n                continue LOOP;\n            } else {\n                break LOOP;\n            }\n        }\n    default :\n        break LOOP;\n}",
                "dst_parent": "null"
              },
              "line": 158,
              "file": "/home/khesoem/projects/lighter/exp/openhtmltopdf-core/src/main/java/com/openhtmltopdf/layout/Breaker.java",
              "stats": {
                "number_of_src_entities": 2,
                "number_of_dst_entities": -1,
                "src_entity_types": "[]",
                "dst_entity_types": "[]"
              }
            }
          ]
        }
      ]
    }
  ],
  "complete_analysis": true
}