{
  "instances": [
    {
      "revision": "11567053d21dcf08f9292d2996c2594ca11348f0",
      "repairability": [
        {
          "tool-name": "Elixir",
          "pattern-name": "Elixir:update_type_ref",
          "Unified_Diff_of-files:": "Starts Below...",
          "CHANGE_old:": "@Component",
          "CHANGE_new:": "@Component(\"zero-config-model\")",
          "instance_detail": [
            {
              "pattern_action": "UPD",
              "pattern_entity": {
                "entity_type": "TypeReference",
                "entity_new value": "*",
                "entity_role": "*",
                "entity_parent": "null"
              },
              "concrete_change": {
                "operator": "UPD",
                "src_type": "TypeReference",
                "dst_type": "TypeReference",
                "src": "java.util.Iterator\u003cjava.lang.String\u003e",
                "dst": "org.apache.commons.configuration.Configuration",
                "src_parent_type": "LocalVariable",
                "dst_parent_type": "LocalVariable",
                "src_parent": "java.util.Iterator\u003cjava.lang.String\u003e keysIterator \u003d configuration.getKeys(prefix)",
                "dst_parent": "org.apache.commons.configuration.Configuration subset \u003d configuration.subset(newKey)"
              },
              "line": 270,
              "file": "/home/khesoem/projects/lighter/exp/foundations/foundation-config/src/main/java/org/apache/servicecomb/config/BootStrapProperties.java",
              "stats": {
                "number_of_src_entities": 4,
                "number_of_dst_entities": 2,
                "src_entity_types": "[java.lang.String, java.util.Iterator\u003cjava.lang.String\u003e]",
                "dst_entity_types": "[org.apache.commons.configuration.Configuration]"
              }
            }
          ]
        },
        {
          "tool-name": "Elixir",
          "pattern-name": "Elixir:update_type_ref",
          "Unified_Diff_of-files:": "Starts Below...",
          "CHANGE_old:": "@Component",
          "CHANGE_new:": "@Component(\"zero-config-model\")",
          "instance_detail": [
            {
              "pattern_action": "UPD",
              "pattern_entity": {
                "entity_type": "TypeReference",
                "entity_new value": "*",
                "entity_role": "*",
                "entity_parent": "null"
              },
              "concrete_change": {
                "operator": "UPD",
                "src_type": "TypeReference",
                "dst_type": "TypeReference",
                "src": "java.lang.String",
                "dst": "java.util.Map\u003cjava.lang.String, java.lang.String\u003e",
                "src_parent_type": "LocalVariable",
                "dst_parent_type": "LocalVariable",
                "src_parent": "java.lang.String key \u003d keysIterator.next()",
                "dst_parent": "java.util.Map\u003cjava.lang.String, java.lang.String\u003e map \u003d new java.util.LinkedHashMap\u003c\u003e()"
              },
              "line": 278,
              "file": "/home/khesoem/projects/lighter/exp/foundations/foundation-config/src/main/java/org/apache/servicecomb/config/BootStrapProperties.java",
              "stats": {
                "number_of_src_entities": 2,
                "number_of_dst_entities": 6,
                "src_entity_types": "[java.lang.String]",
                "dst_entity_types": "[java.lang.String, java.util.Map\u003cjava.lang.String, java.lang.String\u003e]"
              }
            }
          ]
        }
      ]
    },
    {
      "revision": "11567053d21dcf08f9292d2996c2594ca11348f0",
      "repairability": [
        {
          "tool-name": "Elixir",
          "pattern-name": "Elixir:check_length",
          "Unified_Diff_of-files:": "Starts Below...",
          "CHANGE_old:": "@Component",
          "CHANGE_new:": "@Component(\"zero-config-model\")",
          "instance_detail": [
            {
              "pattern_action": "MOV",
              "pattern_entity": {
                "entity_type": "Statement",
                "entity_new value": "*",
                "entity_role": "*",
                "entity_parent": "null"
              },
              "concrete_change": {
                "operator": "MOV",
                "src_type": "Invocation",
                "dst_type": "Invocation",
                "src": "(org.springframework.util.StringUtils.isEmpty(info))",
                "dst": "org.springframework.util.StringUtils.isEmpty(info)",
                "src_parent_type": "UnaryOperator",
                "dst_parent_type": "If",
                "src_parent": "!(org.springframework.util.StringUtils.isEmpty(info))",
                "dst_parent": "if (org.springframework.util.StringUtils.isEmpty(info)) {\n    continue;\n}"
              },
              "line": 345,
              "file": "/home/khesoem/projects/lighter/exp/core/src/main/java/org/apache/servicecomb/core/SCBEngine.java",
              "stats": {
                "number_of_src_entities": 13,
                "number_of_dst_entities": 14,
                "src_entity_types": "[org.springframework.util.StringUtils, java.lang.String]",
                "dst_entity_types": "[org.springframework.util.StringUtils, java.lang.String]"
              }
            },
            {
              "pattern_action": "INS",
              "pattern_entity": {
                "entity_type": "If",
                "entity_new value": "*",
                "entity_role": "*",
                "entity_parent": "null"
              },
              "concrete_change": {
                "operator": "INS",
                "src_type": "If",
                "dst_type": "null",
                "src": "if (org.springframework.util.StringUtils.isEmpty(info)) {\n    continue;\n}",
                "dst": "null",
                "src_parent_type": "Block",
                "dst_parent_type": "null",
                "src_parent": "{\n    java.lang.String info \u003d bootUpInformationCollector.collect(this);\n    if (org.springframework.util.StringUtils.isEmpty(info)) {\n        continue;\n    }\n    serviceInfo.append(info);\n    if (!(info.endsWith(\"\\n\"))) {\n        serviceInfo.append(\u0027\\n\u0027);\n    }\n}",
                "dst_parent": "null"
              },
              "line": 345,
              "file": "/home/khesoem/projects/lighter/exp/core/src/main/java/org/apache/servicecomb/core/SCBEngine.java",
              "stats": {
                "number_of_src_entities": 17,
                "number_of_dst_entities": -1,
                "src_entity_types": "[org.springframework.util.StringUtils, java.lang.String]",
                "dst_entity_types": "[]"
              }
            }
          ]
        },
        {
          "tool-name": "Elixir",
          "pattern-name": "Elixir:update_invocation_deep",
          "Unified_Diff_of-files:": "Starts Below...",
          "CHANGE_old:": "@Component",
          "CHANGE_new:": "@Component(\"zero-config-model\")",
          "instance_detail": [
            {
              "pattern_action": "ANY",
              "pattern_entity": {
                "entity_type": "*",
                "entity_new value": "*",
                "entity_role": "*",
                "entity_parent": {
                  "entity_type": "AbstractInvocation",
                  "entity_new value": "*",
                  "entity_role": "*",
                  "entity_parent": "null"
                }
              },
              "concrete_change": {
                "operator": "INS",
                "src_type": "VariableRead",
                "dst_type": "null",
                "src": "serviceInfo",
                "dst": "null",
                "src_parent_type": "Invocation",
                "dst_parent_type": "null",
                "src_parent": "serviceInfo.append(\u0027\\n\u0027)",
                "dst_parent": "null"
              },
              "line": 351,
              "file": "/home/khesoem/projects/lighter/exp/core/src/main/java/org/apache/servicecomb/core/SCBEngine.java",
              "stats": {
                "number_of_src_entities": 4,
                "number_of_dst_entities": -1,
                "src_entity_types": "[java.lang.StringBuilder]",
                "dst_entity_types": "[]"
              }
            }
          ]
        }
      ]
    },
    {
      "revision": "11567053d21dcf08f9292d2996c2594ca11348f0",
      "repairability": [
        {
          "tool-name": "Elixir",
          "pattern-name": "Elixir:update_type_ref",
          "Unified_Diff_of-files:": "Starts Below...",
          "CHANGE_old:": "@Component",
          "CHANGE_new:": "@Component(\"zero-config-model\")",
          "instance_detail": [
            {
              "pattern_action": "UPD",
              "pattern_entity": {
                "entity_type": "TypeReference",
                "entity_new value": "*",
                "entity_role": "*",
                "entity_parent": "null"
              },
              "concrete_change": {
                "operator": "UPD",
                "src_type": "TypeReference",
                "dst_type": "TypeReference",
                "src": "java.lang.Object",
                "dst": "org.apache.commons.configuration.AbstractConfiguration",
                "src_parent_type": "LocalVariable",
                "dst_parent_type": "LocalVariable",
                "src_parent": "java.lang.Object config \u003d com.netflix.config.DynamicPropertyFactory.getBackingConfigurationSource()",
                "dst_parent": "org.apache.commons.configuration.AbstractConfiguration config \u003d com.netflix.config.ConfigurationManager.getConfigInstance()"
              },
              "line": 94,
              "file": "/home/khesoem/projects/lighter/exp/foundations/foundation-config/src/main/java/org/apache/servicecomb/config/ConfigUtil.java",
              "stats": {
                "number_of_src_entities": 2,
                "number_of_dst_entities": 2,
                "src_entity_types": "[java.lang.Object]",
                "dst_entity_types": "[org.apache.commons.configuration.AbstractConfiguration]"
              }
            }
          ]
        }
      ]
    }
  ],
  "complete_analysis": true
}