{
  "instances": [
    {
      "revision": "bd8a230c1472c1e9463b880c5ee3abab8b33e721",
      "repairability": [
        {
          "tool-name": "Elixir",
          "pattern-name": "Elixir:tight_be",
          "Unified_Diff_of-files:": "Starts Below...",
          "CHANGE_old:": "    if (totalWeightsCache \u0026gt; MIN_GAP * servers.size()) {",
          "CHANGE_new:": "    if (Double.compare(totalWeightsCache, 0) \u0026lt; 0 || Double.compare(totalWeightsCache, MIN_GAP * servers.size()) \u0026gt; 0) {",
          "instance_detail": [
            {
              "pattern_action": "INS",
              "pattern_entity": {
                "entity_type": "BinaryOperator",
                "entity_new value": "*",
                "entity_role": "*",
                "entity_parent": {
                  "entity_type": "If",
                  "entity_new value": "*",
                  "entity_role": "*",
                  "entity_parent": "null"
                }
              },
              "concrete_change": {
                "operator": "INS",
                "src_type": "BinaryOperator",
                "dst_type": "null",
                "src": "((java.lang.Double.compare(totalWeightsCache, 0)) \u003c 0) || ((java.lang.Double.compare(totalWeightsCache, ((org.apache.servicecomb.loadbalance.WeightedResponseTimeRuleExt.MIN_GAP) * (servers.size())))) \u003e 0)",
                "dst": "null",
                "src_parent_type": "If",
                "dst_parent_type": "null",
                "src_parent": "if (((java.lang.Double.compare(totalWeightsCache, 0)) \u003c 0) || ((java.lang.Double.compare(totalWeightsCache, ((org.apache.servicecomb.loadbalance.WeightedResponseTimeRuleExt.MIN_GAP) * (servers.size())))) \u003e 0)) {\n    return doCalculateTotalWeights(servers);\n}",
                "dst_parent": "null"
              },
              "line": 69,
              "file": "/home/khesoem/projects/lighter/exp/handlers/handler-loadbalance/src/main/java/org/apache/servicecomb/loadbalance/WeightedResponseTimeRuleExt.java",
              "stats": {
                "number_of_src_entities": 73,
                "number_of_dst_entities": -1,
                "src_entity_types": "[int, boolean, org.apache.servicecomb.loadbalance.ServiceCombServer, org.apache.servicecomb.loadbalance.WeightedResponseTimeRuleExt, java.util.List\u003corg.apache.servicecomb.loadbalance.ServiceCombServer\u003e, java.lang.Double]",
                "dst_entity_types": "[]"
              }
            }
          ]
        }
      ]
    }
  ],
  "complete_analysis": true
}