{
  "instances": [
    {
      "revision": "4ff7009b64d2bf62144a78d06e3c6ca429fb6cfb",
      "repairability": [
        {
          "tool-name": "JGenProg",
          "pattern-name": "JGenProg:any_statement_shallow",
          "Unified_Diff_of-files:": "Starts Below...",
          "DELETE:": "      }",
          "CHANGE_old:": "      return true;",
          "CHANGE_new:": "      return (path \u003d\u003d null) ? that.path \u003d\u003d null : path.equals(that.path);",
          "instance_detail": [
            {
              "pattern_action": "ANY",
              "pattern_entity": {
                "entity_type": "*",
                "entity_new value": "*",
                "entity_role": "Statement",
                "entity_parent": "null"
              },
              "concrete_change": {
                "operator": "DEL",
                "src_type": "Return",
                "dst_type": "null",
                "src": "return false",
                "dst": "null",
                "src_parent_type": "Block",
                "dst_parent_type": "null",
                "src_parent": "{\n    return false;\n}",
                "dst_parent": "null"
              },
              "line": 1245,
              "file": "/home/khesoem/projects/lighter/exp/cxx-squid/src/main/java/org/sonar/cxx/preprocessor/CxxPreprocessor.java"
            }
          ]
        },
        {
          "tool-name": "JGenProg",
          "pattern-name": "JGenProg:any_statement_shallow",
          "Unified_Diff_of-files:": "Starts Below...",
          "DELETE:": "      }",
          "CHANGE_old:": "      return true;",
          "CHANGE_new:": "      return (path \u003d\u003d null) ? that.path \u003d\u003d null : path.equals(that.path);",
          "instance_detail": [
            {
              "pattern_action": "ANY",
              "pattern_entity": {
                "entity_type": "*",
                "entity_new value": "*",
                "entity_role": "Statement",
                "entity_parent": "null"
              },
              "concrete_change": {
                "operator": "DEL",
                "src_type": "If",
                "dst_type": "null",
                "src": "if ((path) !\u003d null ? !(path.equals(that.path)) : (that.path) !\u003d null) {\n    return false;\n}",
                "dst": "null",
                "src_parent_type": "Block",
                "dst_parent_type": "null",
                "src_parent": "{\n    if ((this) \u003d\u003d o) {\n        return true;\n    }\n    if ((o \u003d\u003d null) || ((getClass()) !\u003d (o.getClass()))) {\n        return false;\n    }\n    org.sonar.cxx.preprocessor.CxxPreprocessor.Include that \u003d ((org.sonar.cxx.preprocessor.CxxPreprocessor.Include) (o));\n    if ((line) !\u003d (that.line)) {\n        return false;\n    }\n    if ((path) !\u003d null ? !(path.equals(that.path)) : (that.path) !\u003d null) {\n        return false;\n    }\n    return true;\n}",
                "dst_parent": "null"
              },
              "line": 1244,
              "file": "/home/khesoem/projects/lighter/exp/cxx-squid/src/main/java/org/sonar/cxx/preprocessor/CxxPreprocessor.java",
              "stats": {
                "number_of_src_entities": 78,
                "number_of_dst_entities": -1,
                "src_entity_types": "[org.sonar.cxx.preprocessor.CxxPreprocessor, boolean, org.sonar.cxx.preprocessor.CxxPreprocessor.Include, java.lang.String, \u003cnulltype\u003e]",
                "dst_entity_types": "[]"
              }
            }
          ]
        },
        {
          "tool-name": "JGenProg",
          "pattern-name": "JGenProg:any_statement_shallow",
          "Unified_Diff_of-files:": "Starts Below...",
          "DELETE:": "      }",
          "CHANGE_old:": "      return true;",
          "CHANGE_new:": "      return (path \u003d\u003d null) ? that.path \u003d\u003d null : path.equals(that.path);",
          "instance_detail": [
            {
              "pattern_action": "ANY",
              "pattern_entity": {
                "entity_type": "*",
                "entity_new value": "*",
                "entity_role": "Statement",
                "entity_parent": "null"
              },
              "concrete_change": {
                "operator": "DEL",
                "src_type": "Return",
                "dst_type": "null",
                "src": "return true",
                "dst": "null",
                "src_parent_type": "Block",
                "dst_parent_type": "null",
                "src_parent": "{\n    if ((this) \u003d\u003d o) {\n        return true;\n    }\n    if ((o \u003d\u003d null) || ((getClass()) !\u003d (o.getClass()))) {\n        return false;\n    }\n    org.sonar.cxx.preprocessor.CxxPreprocessor.Include that \u003d ((org.sonar.cxx.preprocessor.CxxPreprocessor.Include) (o));\n    if ((line) !\u003d (that.line)) {\n        return false;\n    }\n    if ((path) !\u003d null ? !(path.equals(that.path)) : (that.path) !\u003d null) {\n        return false;\n    }\n    return true;\n}",
                "dst_parent": "null"
              },
              "line": 1248,
              "file": "/home/khesoem/projects/lighter/exp/cxx-squid/src/main/java/org/sonar/cxx/preprocessor/CxxPreprocessor.java",
              "stats": {
                "number_of_src_entities": 3,
                "number_of_dst_entities": -1,
                "src_entity_types": "[boolean]",
                "dst_entity_types": "[]"
              }
            }
          ]
        }
      ]
    }
  ],
  "complete_analysis": true
}