{
  "instances": [
    {
      "revision": "e3b3b5b0ebd2ca01a4e4dac4c68b07ab86909fa4",
      "repairability": [
        {
          "tool-name": "Cardumen",
          "pattern-name": "Cardumen:expression_replacement_by_upd",
          "Unified_Diff_of-files:": "Starts Below...",
          "DELETE:": "",
          "INSERT:": "    private final Statement updateLastKnownGatewayStatement;",
          "CHANGE_old:": "        var expanded \u003d this.updateStatement.expand(params -\u0026gt; {",
          "CHANGE_new:": "        var expanded \u003d this.updateLastKnownGatewayStatement.expand(params -\u0026gt; {",
          "instance_detail": [
            {
              "pattern_action": "UPD",
              "pattern_entity": {
                "entity_type": "Expression",
                "entity_new value": "*",
                "entity_role": "*",
                "entity_parent": "null"
              },
              "concrete_change": {
                "operator": "UPD",
                "src_type": "Invocation",
                "dst_type": "Invocation",
                "src": "io.enmasse.iot.jdbc.store.StatementConfiguration.log.debug(\"Loading - path: {}\", overridePath)",
                "dst": "io.enmasse.iot.jdbc.store.StatementConfiguration.log.info(\"Loading - path: {}\", overridePath)",
                "src_parent_type": "Block",
                "dst_parent_type": "Block",
                "src_parent": "{\n    final java.nio.file.Path overridePath \u003d path.resolve((basename + \".sql.yaml\"));\n    io.enmasse.iot.jdbc.store.StatementConfiguration.log.debug(\"Loading - class: {}, name: {}, input: {}\", clazz, base, resource);\n    io.enmasse.iot.jdbc.store.StatementConfiguration.log.debug(\"Loading - class: {}, name: {}, input: {}\", clazz, dialected, dialectResource);\n    io.enmasse.iot.jdbc.store.StatementConfiguration.log.debug(\"Loading - path: {}\", overridePath);\n    return this.overrideWith(resource, false).overrideWith(dialectResource, true).overrideWith(overridePath, true);\n}",
                "dst_parent": "{\n    final java.nio.file.Path overridePath \u003d path.resolve((basename + \".sql.yaml\"));\n    io.enmasse.iot.jdbc.store.StatementConfiguration.log.info(\"Loading - class: {}, name: {}, input: {}\", clazz, base, resource);\n    io.enmasse.iot.jdbc.store.StatementConfiguration.log.info(\"Loading - class: {}, name: {}, input: {}\", clazz, dialected, dialectResource);\n    io.enmasse.iot.jdbc.store.StatementConfiguration.log.info(\"Loading - path: {}\", overridePath);\n    return this.overrideWith(resource, false).overrideWith(dialectResource, true).overrideWith(overridePath, true);\n}"
              },
              "line": 132,
              "file": "/home/khesoem/projects/lighter/exp/iot/iot-jdbc-base/src/main/java/io/enmasse/iot/jdbc/store/StatementConfiguration.java",
              "stats": {
                "number_of_src_entities": 25,
                "number_of_dst_entities": 25,
                "src_entity_types": "[io.enmasse.iot.jdbc.store.StatementConfiguration, java.nio.file.Path, java.lang.String, org.slf4j.Logger]",
                "dst_entity_types": "[io.enmasse.iot.jdbc.store.StatementConfiguration, java.nio.file.Path, java.lang.String, org.slf4j.Logger]"
              }
            }
          ]
        }
      ]
    }
  ],
  "complete_analysis": true
}