{
  "instances": [
    {
      "revision": "160a345c9bef894df15ab2e49c5591849a7d1ee0",
      "repairability": [
        {
          "tool-name": "Cardumen",
          "pattern-name": "Cardumen:expression_replacement_by_upd",
          "Unified_Diff_of-files:": "Starts Below...",
          "DELETE:": "    String APPLIED_PLAN \u003d \"enmasse.io/applied-plan\";",
          "INSERT:": "    String APPLIED_PLAN \u003d \"enmasse.io/applied-plan\";",
          "instance_detail": [
            {
              "pattern_action": "UPD",
              "pattern_entity": {
                "entity_type": "Expression",
                "entity_new value": "*",
                "entity_role": "*",
                "entity_parent": "null"
              },
              "concrete_change": {
                "operator": "UPD",
                "src_type": "VariableRead",
                "dst_type": "VariableRead",
                "src": "plan",
                "dst": "spec",
                "src_parent_type": "Invocation",
                "dst_parent_type": "Invocation",
                "src_parent": "io.enmasse.controller.common.Kubernetes.addObjectAnnotation(resource, AnnotationKeys.APPLIED_PLAN, plan)",
                "dst_parent": "io.enmasse.controller.AppliedConfig.setCurrentAppliedConfig(resource, spec)"
              },
              "line": 206,
              "file": "/home/khesoem/projects/lighter/exp/address-space-controller/src/main/java/io/enmasse/controller/CreateController.java",
              "stats": {
                "number_of_src_entities": 4,
                "number_of_dst_entities": 4,
                "src_entity_types": "[java.lang.String]",
                "dst_entity_types": "[io.enmasse.controller.AddressSpaceSpec]"
              }
            }
          ]
        }
      ]
    }
  ],
  "complete_analysis": true
}