{
  "instances": [
    {
      "revision": "22df2dfdc67bd7a305899239e3e126299e171e3b",
      "repairability": [
        {
          "tool-name": "Nopol",
          "pattern-name": "Nopol:if_condition_upd_deep",
          "Unified_Diff_of-files:": "Starts Below...",
          "CHANGE_old:": "        if (nSchemaCellIndex \u0026lt; line.getNumberOfCells())\r",
          "CHANGE_new:": "        if (nSchemaCellIndex \u0026lt; line.size())\r",
          "instance_detail": [
            {
              "pattern_action": "ANY",
              "pattern_entity": {
                "entity_type": "*",
                "entity_new value": "*",
                "entity_role": "*",
                "entity_parent": {
                  "entity_type": "*",
                  "entity_new value": "*",
                  "entity_role": "condition",
                  "entity_parent": {
                    "entity_type": "If",
                    "entity_new value": "*",
                    "entity_role": "*",
                    "entity_parent": "null"
                  }
                }
              },
              "concrete_change": {
                "operator": "UPD",
                "src_type": "Invocation",
                "dst_type": "Invocation",
                "src": "(line.getNumberOfCells())",
                "dst": "(line.size())",
                "src_parent_type": "BinaryOperator",
                "dst_parent_type": "BinaryOperator",
                "src_parent": "((line.getNumberOfCells()) \u003c\u003d 0)",
                "dst_parent": "((line.size()) \u003c\u003d 0)"
              },
              "line": 78,
              "file": "/home/khesoem/projects/lighter/exp/src/main/java/org/jsapar/input/parse/fixed/FixedWidthLineParser.java",
              "stats": {
                "number_of_src_entities": 8,
                "number_of_dst_entities": 8,
                "src_entity_types": "[org.jsapar.model.Line]",
                "dst_entity_types": "[org.jsapar.model.Line]"
              }
            }
          ]
        }
      ]
    },
    {
      "revision": "22df2dfdc67bd7a305899239e3e126299e171e3b",
      "repairability": [
        {
          "tool-name": "Nopol",
          "pattern-name": "Nopol:if_condition_upd_deep",
          "Unified_Diff_of-files:": "Starts Below...",
          "CHANGE_old:": "        if (nSchemaCellIndex \u0026lt; line.getNumberOfCells())\r",
          "CHANGE_new:": "        if (nSchemaCellIndex \u0026lt; line.size())\r",
          "instance_detail": [
            {
              "pattern_action": "ANY",
              "pattern_entity": {
                "entity_type": "*",
                "entity_new value": "*",
                "entity_role": "*",
                "entity_parent": {
                  "entity_type": "*",
                  "entity_new value": "*",
                  "entity_role": "condition",
                  "entity_parent": {
                    "entity_type": "If",
                    "entity_new value": "*",
                    "entity_role": "*",
                    "entity_parent": "null"
                  }
                }
              },
              "concrete_change": {
                "operator": "UPD",
                "src_type": "Invocation",
                "dst_type": "Invocation",
                "src": "(line.getNumberOfCells())",
                "dst": "(line.size())",
                "src_parent_type": "BinaryOperator",
                "dst_parent_type": "BinaryOperator",
                "src_parent": "nSchemaCellIndex \u003c (line.getNumberOfCells())",
                "dst_parent": "nSchemaCellIndex \u003c (line.size())"
              },
              "line": 133,
              "file": "/home/khesoem/projects/lighter/exp/src/main/java/org/jsapar/schema/SchemaLine.java",
              "stats": {
                "number_of_src_entities": 8,
                "number_of_dst_entities": 8,
                "src_entity_types": "[org.jsapar.model.Line]",
                "dst_entity_types": "[org.jsapar.model.Line]"
              }
            }
          ]
        }
      ]
    },
    {
      "revision": "22df2dfdc67bd7a305899239e3e126299e171e3b",
      "repairability": [
        {
          "tool-name": "Nopol",
          "pattern-name": "Nopol:if_condition_upd_deep",
          "Unified_Diff_of-files:": "Starts Below...",
          "CHANGE_old:": "        if (nSchemaCellIndex \u0026lt; line.getNumberOfCells())\r",
          "CHANGE_new:": "        if (nSchemaCellIndex \u0026lt; line.size())\r",
          "instance_detail": [
            {
              "pattern_action": "ANY",
              "pattern_entity": {
                "entity_type": "*",
                "entity_new value": "*",
                "entity_role": "*",
                "entity_parent": {
                  "entity_type": "*",
                  "entity_new value": "*",
                  "entity_role": "condition",
                  "entity_parent": {
                    "entity_type": "If",
                    "entity_new value": "*",
                    "entity_role": "*",
                    "entity_parent": "null"
                  }
                }
              },
              "concrete_change": {
                "operator": "UPD",
                "src_type": "Invocation",
                "dst_type": "Invocation",
                "src": "(line.getNumberOfCells())",
                "dst": "(line.size())",
                "src_parent_type": "BinaryOperator",
                "dst_parent_type": "BinaryOperator",
                "src_parent": "(line.getNumberOfCells()) \u003c\u003d 0",
                "dst_parent": "(line.size()) \u003c\u003d 0"
              },
              "line": 61,
              "file": "/home/khesoem/projects/lighter/exp/src/main/java/org/jsapar/input/parse/csv/CsvLineParser.java",
              "stats": {
                "number_of_src_entities": 8,
                "number_of_dst_entities": 8,
                "src_entity_types": "[org.jsapar.model.Line]",
                "dst_entity_types": "[org.jsapar.model.Line]"
              }
            }
          ]
        }
      ]
    },
    {
      "revision": "22df2dfdc67bd7a305899239e3e126299e171e3b",
      "repairability": [
        {
          "tool-name": "Nopol",
          "pattern-name": "Nopol:if_condition_upd_deep",
          "Unified_Diff_of-files:": "Starts Below...",
          "CHANGE_old:": "        if (nSchemaCellIndex \u0026lt; line.getNumberOfCells())\r",
          "CHANGE_new:": "        if (nSchemaCellIndex \u0026lt; line.size())\r",
          "instance_detail": [
            {
              "pattern_action": "ANY",
              "pattern_entity": {
                "entity_type": "*",
                "entity_new value": "*",
                "entity_role": "*",
                "entity_parent": {
                  "entity_type": "*",
                  "entity_new value": "*",
                  "entity_role": "condition",
                  "entity_parent": {
                    "entity_type": "If",
                    "entity_new value": "*",
                    "entity_role": "*",
                    "entity_parent": "null"
                  }
                }
              },
              "concrete_change": {
                "operator": "UPD",
                "src_type": "TypeAccess",
                "dst_type": "TypeAccess",
                "src": "org.jsapar.input.JavaBuilder",
                "dst": "org.jsapar.BeanParser",
                "src_parent_type": "ThisAccess",
                "dst_parent_type": "ThisAccess",
                "src_parent": "",
                "dst_parent": ""
              },
              "stats": {
                "number_of_src_entities": 3,
                "number_of_dst_entities": 3,
                "src_entity_types": "[org.jsapar.input.JavaBuilder]",
                "dst_entity_types": "[org.jsapar.BeanParser]"
              }
            }
          ]
        }
      ]
    }
  ],
  "complete_analysis": true
}