{
  "instances": [
    {
      "revision": "70fa3656a61fece2a0970163f9ee2af2458fe9e4",
      "repairability": [
        {
          "tool-name": "Nopol",
          "pattern-name": "Nopol:if_condition_ins_deep",
          "Unified_Diff_of-files:": "Starts Below...",
          "CHANGE_old:": "            if(toMatch.charAt(i) !\u003d  buffer[cellOffset + i])",
          "CHANGE_new:": "            if (toMatch.charAt(i) !\u003d buffer[cellOffset + i])",
          "INSERT:": "     *",
          "DELETE:": "     * @param requested The size requested to load. Overrides the maxLoadSize.",
          "instance_detail": [
            {
              "pattern_action": "MOV",
              "pattern_entity": {
                "entity_type": "*",
                "entity_new value": "*",
                "entity_role": "*",
                "entity_parent": {
                  "entity_type": "*",
                  "entity_new value": "*",
                  "entity_role": "Then",
                  "entity_parent": {
                    "entity_type": "If",
                    "entity_new value": "*",
                    "entity_role": "*",
                    "entity_parent": "null"
                  }
                }
              },
              "concrete_change": {
                "operator": "MOV",
                "src_type": "UnaryOperator",
                "dst_type": "UnaryOperator",
                "src": "(lineNumber)++",
                "dst": "(lineNumber)++",
                "src_parent_type": "Block",
                "dst_parent_type": "Block",
                "src_parent": "{\n    (lineNumber)++;\n    return lineLoader.nextLine(allocate);\n}",
                "dst_parent": "(lineNumber)++;\n"
              },
              "line": 173,
              "file": "/home/khesoem/projects/lighter/exp/src/main/java/org/jsapar/parse/fixed/ReadBuffer.java",
              "stats": {
                "number_of_src_entities": 13,
                "number_of_dst_entities": 13,
                "src_entity_types": "[org.jsapar.parse.fixed.ReadBuffer, long]",
                "dst_entity_types": "[org.jsapar.parse.fixed.ReadBuffer, long]"
              }
            },
            {
              "pattern_action": "INS",
              "pattern_entity": {
                "entity_type": "If",
                "entity_new value": "*",
                "entity_role": "*",
                "entity_parent": "null"
              },
              "concrete_change": {
                "operator": "INS",
                "src_type": "If",
                "dst_type": "null",
                "src": "if (length \u003e\u003d 0)\n    (lineNumber)++;\n",
                "dst": "null",
                "src_parent_type": "Block",
                "dst_parent_type": "null",
                "src_parent": "{\n    final int length \u003d lineLoader.nextLine(allocate);\n    if (length \u003e\u003d 0)\n        (lineNumber)++;\n\n    return length;\n}",
                "dst_parent": "null"
              },
              "line": 184,
              "file": "/home/khesoem/projects/lighter/exp/src/main/java/org/jsapar/parse/fixed/ReadBuffer.java",
              "stats": {
                "number_of_src_entities": 22,
                "number_of_dst_entities": -1,
                "src_entity_types": "[org.jsapar.parse.fixed.ReadBuffer, int, boolean, long]",
                "dst_entity_types": "[]"
              }
            }
          ]
        }
      ]
    },
    {
      "revision": "70fa3656a61fece2a0970163f9ee2af2458fe9e4",
      "repairability": [
        {
          "tool-name": "Nopol",
          "pattern-name": "Nopol:if_condition_upd_deep",
          "Unified_Diff_of-files:": "Starts Below...",
          "CHANGE_old:": "            if(toMatch.charAt(i) !\u003d  buffer[cellOffset + i])",
          "CHANGE_new:": "            if (toMatch.charAt(i) !\u003d buffer[cellOffset + i])",
          "INSERT:": "     *",
          "DELETE:": "     * @param requested The size requested to load. Overrides the maxLoadSize.",
          "instance_detail": [
            {
              "pattern_action": "ANY",
              "pattern_entity": {
                "entity_type": "*",
                "entity_new value": "*",
                "entity_role": "*",
                "entity_parent": {
                  "entity_type": "*",
                  "entity_new value": "*",
                  "entity_role": "condition",
                  "entity_parent": {
                    "entity_type": "If",
                    "entity_new value": "*",
                    "entity_role": "*",
                    "entity_parent": "null"
                  }
                }
              },
              "concrete_change": {
                "operator": "UPD",
                "src_type": "TypeAccess",
                "dst_type": "TypeAccess",
                "src": "org.jsapar.parse.csv.states.ReadBuffer",
                "dst": "org.jsapar.parse.csv.ReadBuffer",
                "src_parent_type": "ThisAccess",
                "dst_parent_type": "ThisAccess",
                "src_parent": "",
                "dst_parent": ""
              },
              "stats": {
                "number_of_src_entities": 3,
                "number_of_dst_entities": 3,
                "src_entity_types": "[org.jsapar.parse.csv.states.ReadBuffer]",
                "dst_entity_types": "[org.jsapar.parse.csv.ReadBuffer]"
              }
            }
          ]
        },
        {
          "tool-name": "Nopol",
          "pattern-name": "Nopol:if_condition_upd_deep",
          "Unified_Diff_of-files:": "Starts Below...",
          "CHANGE_old:": "            if(toMatch.charAt(i) !\u003d  buffer[cellOffset + i])",
          "CHANGE_new:": "            if (toMatch.charAt(i) !\u003d buffer[cellOffset + i])",
          "INSERT:": "     *",
          "DELETE:": "     * @param requested The size requested to load. Overrides the maxLoadSize.",
          "instance_detail": [
            {
              "pattern_action": "ANY",
              "pattern_entity": {
                "entity_type": "*",
                "entity_new value": "*",
                "entity_role": "*",
                "entity_parent": {
                  "entity_type": "*",
                  "entity_new value": "*",
                  "entity_role": "condition",
                  "entity_parent": {
                    "entity_type": "If",
                    "entity_new value": "*",
                    "entity_role": "*",
                    "entity_parent": "null"
                  }
                }
              },
              "concrete_change": {
                "operator": "UPD",
                "src_type": "TypeAccess",
                "dst_type": "TypeAccess",
                "src": "org.jsapar.parse.csv.states.ReadBuffer",
                "dst": "org.jsapar.parse.csv.ReadBuffer",
                "src_parent_type": "ThisAccess",
                "dst_parent_type": "ThisAccess",
                "src_parent": "",
                "dst_parent": ""
              },
              "stats": {
                "number_of_src_entities": 3,
                "number_of_dst_entities": 3,
                "src_entity_types": "[org.jsapar.parse.csv.states.ReadBuffer]",
                "dst_entity_types": "[org.jsapar.parse.csv.ReadBuffer]"
              }
            }
          ]
        }
      ]
    }
  ],
  "complete_analysis": true
}