{
  "instances": [
    {
      "revision": "6ef26979b0293bea69eec2e45a82ed14faa88cb7",
      "repairability": [
        {
          "tool-name": "Nopol",
          "pattern-name": "Nopol:if_condition_ins_shallow",
          "Unified_Diff_of-files:": "Starts Below...",
          "CHANGE_old:": "",
          "CHANGE_new:": "    String lineType();",
          "INSERT:": "@Documented",
          "instance_detail": [
            {
              "pattern_action": "MOV",
              "pattern_entity": {
                "entity_type": "*",
                "entity_new value": "*",
                "entity_role": "Then",
                "entity_parent": {
                  "entity_type": "If",
                  "entity_new value": "*",
                  "entity_role": "*",
                  "entity_parent": "null"
                }
              },
              "concrete_change": {
                "operator": "MOV",
                "src_type": "Block",
                "dst_type": "Block",
                "src": "{\n    beanMap.putBean2Line(schemaLine.getLineType(), org.jsapar.parse.bean.BeanPropertyMap.ofSchemaLine(schemaLine));\n}",
                "dst": "beanMap.putBean2Line(schemaLine.getLineType(), org.jsapar.parse.bean.BeanPropertyMap.ofSchemaLine(schemaLine));\n",
                "src_parent_type": "If",
                "dst_parent_type": "If",
                "src_parent": "if (overridePropertyMap \u003d\u003d null) {\n    beanMap.putBean2Line(schemaLine.getLineType(), org.jsapar.parse.bean.BeanPropertyMap.ofSchemaLine(schemaLine));\n} else {\n    final org.jsapar.parse.bean.BeanPropertyMap beanPropertyMap \u003d org.jsapar.parse.bean.BeanPropertyMap.ofSchemaLine(schemaLine, overridePropertyMap);\n    if (!(beanPropertyMap.ignoreLine()))\n        beanMap.putBean2Line(beanPropertyMap.getLineClass().getName(), beanPropertyMap);\n\n}",
                "dst_parent": "if ((schemaLine.getLineType().contains(\".\")) || (org.jsapar.parse.bean.BeanMap.classExists(schemaLine.getLineType())))\n    beanMap.putBean2Line(schemaLine.getLineType(), org.jsapar.parse.bean.BeanPropertyMap.ofSchemaLine(schemaLine));\n"
              },
              "line": 126,
              "file": "/home/khesoem/projects/lighter/exp/src/main/java/org/jsapar/parse/bean/BeanMap.java",
              "stats": {
                "number_of_src_entities": 35,
                "number_of_dst_entities": 35,
                "src_entity_types": "[org.jsapar.parse.bean.BeanMap, org.jsapar.schema.SchemaLine, org.jsapar.parse.bean.BeanPropertyMap]",
                "dst_entity_types": "[org.jsapar.parse.bean.BeanMap, org.jsapar.schema.SchemaLine, org.jsapar.parse.bean.BeanPropertyMap]"
              }
            },
            {
              "pattern_action": "INS",
              "pattern_entity": {
                "entity_type": "If",
                "entity_new value": "*",
                "entity_role": "*",
                "entity_parent": "null"
              },
              "concrete_change": {
                "operator": "INS",
                "src_type": "If",
                "dst_type": "null",
                "src": "if ((schemaLine.getLineType().contains(\".\")) || (org.jsapar.parse.bean.BeanMap.classExists(schemaLine.getLineType())))\n    beanMap.putBean2Line(schemaLine.getLineType(), org.jsapar.parse.bean.BeanPropertyMap.ofSchemaLine(schemaLine));\n",
                "dst": "null",
                "src_parent_type": "Block",
                "dst_parent_type": "null",
                "src_parent": "{\n    if ((schemaLine.getLineType().contains(\".\")) || (org.jsapar.parse.bean.BeanMap.classExists(schemaLine.getLineType())))\n        beanMap.putBean2Line(schemaLine.getLineType(), org.jsapar.parse.bean.BeanPropertyMap.ofSchemaLine(schemaLine));\n\n}",
                "dst_parent": "null"
              },
              "line": 127,
              "file": "/home/khesoem/projects/lighter/exp/src/main/java/org/jsapar/parse/bean/BeanMap.java"
            }
          ]
        }
      ]
    }
  ],
  "complete_analysis": true
}