{
  "instances": [
    {
      "revision": "73a31037345a7d2d0ea4228c72152ee9561eb62f",
      "repairability": [
        {
          "tool-name": "JKali",
          "pattern-name": "JKali:del",
          "Unified_Diff_of-files:": "Starts Below...",
          "DELETE:": "import java.nio.file.LinkOption;",
          "CHANGE_old:": "            currDirPath \u003d FastPathResolver.resolve(currDirPathStr);",
          "CHANGE_new:": "            currDirPath \u003d FastPathResolver.resolve(path \u003d\u003d null ? \"\" : path.toString());",
          "instance_detail": [
            {
              "pattern_action": "DEL",
              "pattern_entity": {
                "entity_type": "*",
                "entity_new value": "*",
                "entity_role": "Statement",
                "entity_parent": "null"
              },
              "concrete_change": {
                "operator": "DEL",
                "src_type": "Assignment",
                "dst_type": "null",
                "src": "path \u003d null",
                "dst": "null",
                "src_parent_type": "Block",
                "dst_parent_type": "null",
                "src_parent": "{\n    path \u003d null;\n}",
                "dst_parent": "null"
              },
              "line": 113,
              "file": "/home/khesoem/projects/lighter/exp/src/main/java/nonapi/io/github/classgraph/utils/FileUtils.java"
            }
          ]
        },
        {
          "tool-name": "JKali",
          "pattern-name": "JKali:del",
          "Unified_Diff_of-files:": "Starts Below...",
          "DELETE:": "import java.nio.file.LinkOption;",
          "CHANGE_old:": "            currDirPath \u003d FastPathResolver.resolve(currDirPathStr);",
          "CHANGE_new:": "            currDirPath \u003d FastPathResolver.resolve(path \u003d\u003d null ? \"\" : path.toString());",
          "instance_detail": [
            {
              "pattern_action": "DEL",
              "pattern_entity": {
                "entity_type": "*",
                "entity_new value": "*",
                "entity_role": "Statement",
                "entity_parent": "null"
              },
              "concrete_change": {
                "operator": "DEL",
                "src_type": "If",
                "dst_type": "null",
                "src": "if (!(path.toFile().canRead())) {\n    path \u003d null;\n}",
                "dst": "null",
                "src_parent_type": "Block",
                "dst_parent_type": "null",
                "src_parent": "{\n    path \u003d java.nio.file.Paths.get(currDirPathStr);\n    if (!(path.toFile().canRead())) {\n        path \u003d null;\n    }\n}",
                "dst_parent": "null"
              },
              "line": 112,
              "file": "/home/khesoem/projects/lighter/exp/src/main/java/nonapi/io/github/classgraph/utils/FileUtils.java",
              "stats": {
                "number_of_src_entities": 28,
                "number_of_dst_entities": -1,
                "src_entity_types": "[boolean, java.nio.file.Path, java.io.File, \u003cnulltype\u003e]",
                "dst_entity_types": "[]"
              }
            }
          ]
        },
        {
          "tool-name": "JKali",
          "pattern-name": "JKali:del",
          "Unified_Diff_of-files:": "Starts Below...",
          "DELETE:": "import java.nio.file.LinkOption;",
          "CHANGE_old:": "            currDirPath \u003d FastPathResolver.resolve(currDirPathStr);",
          "CHANGE_new:": "            currDirPath \u003d FastPathResolver.resolve(path \u003d\u003d null ? \"\" : path.toString());",
          "instance_detail": [
            {
              "pattern_action": "DEL",
              "pattern_entity": {
                "entity_type": "*",
                "entity_new value": "*",
                "entity_role": "Statement",
                "entity_parent": "null"
              },
              "concrete_change": {
                "operator": "DEL",
                "src_type": "Assignment",
                "dst_type": "null",
                "src": "path \u003d null",
                "dst": "null",
                "src_parent_type": "Block",
                "dst_parent_type": "null",
                "src_parent": "{\n    path \u003d null;\n}",
                "dst_parent": "null"
              },
              "line": 125,
              "file": "/home/khesoem/projects/lighter/exp/src/main/java/nonapi/io/github/classgraph/utils/FileUtils.java"
            }
          ]
        },
        {
          "tool-name": "JKali",
          "pattern-name": "JKali:del",
          "Unified_Diff_of-files:": "Starts Below...",
          "DELETE:": "import java.nio.file.LinkOption;",
          "CHANGE_old:": "            currDirPath \u003d FastPathResolver.resolve(currDirPathStr);",
          "CHANGE_new:": "            currDirPath \u003d FastPathResolver.resolve(path \u003d\u003d null ? \"\" : path.toString());",
          "instance_detail": [
            {
              "pattern_action": "DEL",
              "pattern_entity": {
                "entity_type": "*",
                "entity_new value": "*",
                "entity_role": "Statement",
                "entity_parent": "null"
              },
              "concrete_change": {
                "operator": "DEL",
                "src_type": "If",
                "dst_type": "null",
                "src": "if (!(path.toFile().canRead())) {\n    path \u003d null;\n}",
                "dst": "null",
                "src_parent_type": "Block",
                "dst_parent_type": "null",
                "src_parent": "{\n    path \u003d java.nio.file.Paths.get(\"\");\n    if (!(path.toFile().canRead())) {\n        path \u003d null;\n    }\n}",
                "dst_parent": "null"
              },
              "line": 124,
              "file": "/home/khesoem/projects/lighter/exp/src/main/java/nonapi/io/github/classgraph/utils/FileUtils.java",
              "stats": {
                "number_of_src_entities": 28,
                "number_of_dst_entities": -1,
                "src_entity_types": "[boolean, java.nio.file.Path, java.io.File, \u003cnulltype\u003e]",
                "dst_entity_types": "[]"
              }
            }
          ]
        },
        {
          "tool-name": "JKali",
          "pattern-name": "JKali:del",
          "Unified_Diff_of-files:": "Starts Below...",
          "DELETE:": "import java.nio.file.LinkOption;",
          "CHANGE_old:": "            currDirPath \u003d FastPathResolver.resolve(currDirPathStr);",
          "CHANGE_new:": "            currDirPath \u003d FastPathResolver.resolve(path \u003d\u003d null ? \"\" : path.toString());",
          "instance_detail": [
            {
              "pattern_action": "DEL",
              "pattern_entity": {
                "entity_type": "*",
                "entity_new value": "*",
                "entity_role": "Statement",
                "entity_parent": "null"
              },
              "concrete_change": {
                "operator": "DEL",
                "src_type": "Assignment",
                "dst_type": "null",
                "src": "currDirPathStr \u003d \"\"",
                "dst": "null",
                "src_parent_type": "Block",
                "dst_parent_type": "null",
                "src_parent": "{\n    java.nio.file.Path path \u003d null;\n    java.lang.String currDirPathStr \u003d java.lang.System.getProperty(\"user.dir\");\n    if (currDirPathStr !\u003d null) {\n        try {\n            path \u003d java.nio.file.Paths.get(currDirPathStr);\n            if (!(path.toFile().canRead())) {\n                path \u003d null;\n            }\n        } catch (java.nio.file.InvalidPathException | java.lang.UnsupportedOperationException | java.lang.SecurityException e) {\n        }\n    }\n    if (path \u003d\u003d null) {\n        try {\n            path \u003d java.nio.file.Paths.get(\"\");\n            if (!(path.toFile().canRead())) {\n                path \u003d null;\n            }\n        } catch (java.nio.file.InvalidPathException | java.lang.UnsupportedOperationException | java.lang.SecurityException e) {\n        }\n    }\n    currDirPathStr \u003d \"\";\n    if (path !\u003d null) {\n        try {\n            currDirPathStr \u003d path.toRealPath(java.nio.file.LinkOption.NOFOLLOW_LINKS).toString();\n        } catch (java.io.IOError | java.lang.SecurityException | java.io.IOException e) {\n        }\n    }\n    nonapi.io.github.classgraph.utils.FileUtils.currDirPath \u003d nonapi.io.github.classgraph.utils.FastPathResolver.resolve(currDirPathStr);\n}",
                "dst_parent": "null"
              },
              "line": 132,
              "file": "/home/khesoem/projects/lighter/exp/src/main/java/nonapi/io/github/classgraph/utils/FileUtils.java",
              "stats": {
                "number_of_src_entities": 10,
                "number_of_dst_entities": -1,
                "src_entity_types": "[java.lang.String]",
                "dst_entity_types": "[]"
              }
            }
          ]
        },
        {
          "tool-name": "JKali",
          "pattern-name": "JKali:del",
          "Unified_Diff_of-files:": "Starts Below...",
          "DELETE:": "import java.nio.file.LinkOption;",
          "CHANGE_old:": "            currDirPath \u003d FastPathResolver.resolve(currDirPathStr);",
          "CHANGE_new:": "            currDirPath \u003d FastPathResolver.resolve(path \u003d\u003d null ? \"\" : path.toString());",
          "instance_detail": [
            {
              "pattern_action": "DEL",
              "pattern_entity": {
                "entity_type": "*",
                "entity_new value": "*",
                "entity_role": "Statement",
                "entity_parent": "null"
              },
              "concrete_change": {
                "operator": "DEL",
                "src_type": "Assignment",
                "dst_type": "null",
                "src": "currDirPathStr \u003d path.toRealPath(java.nio.file.LinkOption.NOFOLLOW_LINKS).toString()",
                "dst": "null",
                "src_parent_type": "Block",
                "dst_parent_type": "null",
                "src_parent": "{\n    currDirPathStr \u003d path.toRealPath(java.nio.file.LinkOption.NOFOLLOW_LINKS).toString();\n}",
                "dst_parent": "null"
              },
              "line": 135,
              "file": "/home/khesoem/projects/lighter/exp/src/main/java/nonapi/io/github/classgraph/utils/FileUtils.java"
            }
          ]
        },
        {
          "tool-name": "JKali",
          "pattern-name": "JKali:del",
          "Unified_Diff_of-files:": "Starts Below...",
          "DELETE:": "import java.nio.file.LinkOption;",
          "CHANGE_old:": "            currDirPath \u003d FastPathResolver.resolve(currDirPathStr);",
          "CHANGE_new:": "            currDirPath \u003d FastPathResolver.resolve(path \u003d\u003d null ? \"\" : path.toString());",
          "instance_detail": [
            {
              "pattern_action": "DEL",
              "pattern_entity": {
                "entity_type": "*",
                "entity_new value": "*",
                "entity_role": "Statement",
                "entity_parent": "null"
              },
              "concrete_change": {
                "operator": "DEL",
                "src_type": "Try",
                "dst_type": "null",
                "src": "try {\n    currDirPathStr \u003d path.toRealPath(java.nio.file.LinkOption.NOFOLLOW_LINKS).toString();\n} catch (java.io.IOError | java.lang.SecurityException | java.io.IOException e) {\n}",
                "dst": "null",
                "src_parent_type": "Block",
                "dst_parent_type": "null",
                "src_parent": "{\n    try {\n        currDirPathStr \u003d path.toRealPath(java.nio.file.LinkOption.NOFOLLOW_LINKS).toString();\n    } catch (java.io.IOError | java.lang.SecurityException | java.io.IOException e) {\n    }\n}",
                "dst_parent": "null"
              },
              "line": 134,
              "file": "/home/khesoem/projects/lighter/exp/src/main/java/nonapi/io/github/classgraph/utils/FileUtils.java"
            }
          ]
        },
        {
          "tool-name": "JKali",
          "pattern-name": "JKali:del",
          "Unified_Diff_of-files:": "Starts Below...",
          "DELETE:": "import java.nio.file.LinkOption;",
          "CHANGE_old:": "            currDirPath \u003d FastPathResolver.resolve(currDirPathStr);",
          "CHANGE_new:": "            currDirPath \u003d FastPathResolver.resolve(path \u003d\u003d null ? \"\" : path.toString());",
          "instance_detail": [
            {
              "pattern_action": "DEL",
              "pattern_entity": {
                "entity_type": "*",
                "entity_new value": "*",
                "entity_role": "Statement",
                "entity_parent": "null"
              },
              "concrete_change": {
                "operator": "DEL",
                "src_type": "If",
                "dst_type": "null",
                "src": "if (path !\u003d null) {\n    try {\n        currDirPathStr \u003d path.toRealPath(java.nio.file.LinkOption.NOFOLLOW_LINKS).toString();\n    } catch (java.io.IOError | java.lang.SecurityException | java.io.IOException e) {\n    }\n}",
                "dst": "null",
                "src_parent_type": "Block",
                "dst_parent_type": "null",
                "src_parent": "{\n    java.nio.file.Path path \u003d null;\n    java.lang.String currDirPathStr \u003d java.lang.System.getProperty(\"user.dir\");\n    if (currDirPathStr !\u003d null) {\n        try {\n            path \u003d java.nio.file.Paths.get(currDirPathStr);\n            if (!(path.toFile().canRead())) {\n                path \u003d null;\n            }\n        } catch (java.nio.file.InvalidPathException | java.lang.UnsupportedOperationException | java.lang.SecurityException e) {\n        }\n    }\n    if (path \u003d\u003d null) {\n        try {\n            path \u003d java.nio.file.Paths.get(\"\");\n            if (!(path.toFile().canRead())) {\n                path \u003d null;\n            }\n        } catch (java.nio.file.InvalidPathException | java.lang.UnsupportedOperationException | java.lang.SecurityException e) {\n        }\n    }\n    currDirPathStr \u003d \"\";\n    if (path !\u003d null) {\n        try {\n            currDirPathStr \u003d path.toRealPath(java.nio.file.LinkOption.NOFOLLOW_LINKS).toString();\n        } catch (java.io.IOError | java.lang.SecurityException | java.io.IOException e) {\n        }\n    }\n    nonapi.io.github.classgraph.utils.FileUtils.currDirPath \u003d nonapi.io.github.classgraph.utils.FastPathResolver.resolve(currDirPathStr);\n}",
                "dst_parent": "null"
              },
              "line": 133,
              "file": "/home/khesoem/projects/lighter/exp/src/main/java/nonapi/io/github/classgraph/utils/FileUtils.java",
              "stats": {
                "number_of_src_entities": 56,
                "number_of_dst_entities": -1,
                "src_entity_types": "[boolean, java.nio.file.Path, java.io.IOError, java.lang.SecurityException, java.lang.String, java.io.IOException, java.nio.file.LinkOption, \u003cnulltype\u003e]",
                "dst_entity_types": "[]"
              }
            }
          ]
        },
        {
          "tool-name": "JKali",
          "pattern-name": "JKali:del",
          "Unified_Diff_of-files:": "Starts Below...",
          "DELETE:": "import java.nio.file.LinkOption;",
          "CHANGE_old:": "            currDirPath \u003d FastPathResolver.resolve(currDirPathStr);",
          "CHANGE_new:": "            currDirPath \u003d FastPathResolver.resolve(path \u003d\u003d null ? \"\" : path.toString());",
          "instance_detail": [
            {
              "pattern_action": "DEL",
              "pattern_entity": {
                "entity_type": "*",
                "entity_new value": "*",
                "entity_role": "Statement",
                "entity_parent": "null"
              },
              "concrete_change": {
                "operator": "DEL",
                "src_type": "Assignment",
                "dst_type": "null",
                "src": "nonapi.io.github.classgraph.utils.FileUtils.currDirPath \u003d nonapi.io.github.classgraph.utils.FastPathResolver.resolve(currDirPathStr)",
                "dst": "null",
                "src_parent_type": "Block",
                "dst_parent_type": "null",
                "src_parent": "{\n    java.nio.file.Path path \u003d null;\n    java.lang.String currDirPathStr \u003d java.lang.System.getProperty(\"user.dir\");\n    if (currDirPathStr !\u003d null) {\n        try {\n            path \u003d java.nio.file.Paths.get(currDirPathStr);\n            if (!(path.toFile().canRead())) {\n                path \u003d null;\n            }\n        } catch (java.nio.file.InvalidPathException | java.lang.UnsupportedOperationException | java.lang.SecurityException e) {\n        }\n    }\n    if (path \u003d\u003d null) {\n        try {\n            path \u003d java.nio.file.Paths.get(\"\");\n            if (!(path.toFile().canRead())) {\n                path \u003d null;\n            }\n        } catch (java.nio.file.InvalidPathException | java.lang.UnsupportedOperationException | java.lang.SecurityException e) {\n        }\n    }\n    currDirPathStr \u003d \"\";\n    if (path !\u003d null) {\n        try {\n            currDirPathStr \u003d path.toRealPath(java.nio.file.LinkOption.NOFOLLOW_LINKS).toString();\n        } catch (java.io.IOError | java.lang.SecurityException | java.io.IOException e) {\n        }\n    }\n    nonapi.io.github.classgraph.utils.FileUtils.currDirPath \u003d nonapi.io.github.classgraph.utils.FastPathResolver.resolve(currDirPathStr);\n}",
                "dst_parent": "null"
              },
              "line": 142,
              "file": "/home/khesoem/projects/lighter/exp/src/main/java/nonapi/io/github/classgraph/utils/FileUtils.java",
              "stats": {
                "number_of_src_entities": 27,
                "number_of_dst_entities": -1,
                "src_entity_types": "[nonapi.io.github.classgraph.utils.FastPathResolver, nonapi.io.github.classgraph.utils.FileUtils, java.lang.String]",
                "dst_entity_types": "[]"
              }
            }
          ]
        }
      ]
    }
  ],
  "complete_analysis": true
}