{
  "instances": [
    {
      "revision": "daa3d229df81680561a46591b19f1ed5009a2439",
      "repairability": [
        {
          "tool-name": "JGenProg",
          "pattern-name": "JGenProg:any_statement_shallow",
          "Unified_Diff_of-files:": "Starts Below...",
          "INSERT:": "    /**",
          "instance_detail": [
            {
              "pattern_action": "ANY",
              "pattern_entity": {
                "entity_type": "*",
                "entity_new value": "*",
                "entity_role": "Statement",
                "entity_parent": "null"
              },
              "concrete_change": {
                "operator": "DEL",
                "src_type": "Throw",
                "dst_type": "null",
                "src": "throw new java.lang.IllegalArgumentException((((\"Cannot call this method on \" + (io.github.classgraph.ClassTypeSignature.class.getSimpleName())) + \" -- type annotations are accessible by calling getTypeParameters(), getSuperclassSignature(), \") + \"and getSuperinterfaceSignature().\"))",
                "dst": "null",
                "src_parent_type": "Block",
                "dst_parent_type": "null",
                "src_parent": "{\n    throw new java.lang.IllegalArgumentException((((\"Cannot call this method on \" + (io.github.classgraph.ClassTypeSignature.class.getSimpleName())) + \" -- type annotations are accessible by calling getTypeParameters(), getSuperclassSignature(), \") + \"and getSuperinterfaceSignature().\"));\n}",
                "dst_parent": "null"
              },
              "line": 122,
              "file": "/home/khesoem/projects/lighter/exp/src/main/java/io/github/classgraph/ClassTypeSignature.java"
            }
          ]
        }
      ]
    },
    {
      "revision": "daa3d229df81680561a46591b19f1ed5009a2439",
      "repairability": [
        {
          "tool-name": "JGenProg",
          "pattern-name": "JGenProg:any_statement_shallow",
          "Unified_Diff_of-files:": "Starts Below...",
          "INSERT:": "    /**",
          "instance_detail": [
            {
              "pattern_action": "ANY",
              "pattern_entity": {
                "entity_type": "*",
                "entity_new value": "*",
                "entity_role": "Statement",
                "entity_parent": "null"
              },
              "concrete_change": {
                "operator": "DEL",
                "src_type": "Throw",
                "dst_type": "null",
                "src": "throw new java.lang.IllegalArgumentException((((\"Cannot call this method on \" + (io.github.classgraph.MethodTypeSignature.class.getSimpleName())) + \" -- type annotations are accessible by calling getTypeParameters(), getResultType(), \") + \"and getThrowsSignatures().\"))",
                "dst": "null",
                "src_parent_type": "Block",
                "dst_parent_type": "null",
                "src_parent": "{\n    throw new java.lang.IllegalArgumentException((((\"Cannot call this method on \" + (io.github.classgraph.MethodTypeSignature.class.getSimpleName())) + \" -- type annotations are accessible by calling getTypeParameters(), getResultType(), \") + \"and getThrowsSignatures().\"));\n}",
                "dst_parent": "null"
              },
              "line": 132,
              "file": "/home/khesoem/projects/lighter/exp/src/main/java/io/github/classgraph/MethodTypeSignature.java"
            }
          ]
        }
      ]
    },
    {
      "revision": "daa3d229df81680561a46591b19f1ed5009a2439",
      "repairability": [
        {
          "tool-name": "JGenProg",
          "pattern-name": "JGenProg:any_statement_shallow",
          "Unified_Diff_of-files:": "Starts Below...",
          "INSERT:": "    /**",
          "instance_detail": [
            {
              "pattern_action": "ANY",
              "pattern_entity": {
                "entity_type": "*",
                "entity_new value": "*",
                "entity_role": "Statement",
                "entity_parent": "null"
              },
              "concrete_change": {
                "operator": "DEL",
                "src_type": "Return",
                "dst_type": "null",
                "src": "return typeAnnotationInfo",
                "dst": "null",
                "src_parent_type": "Block",
                "dst_parent_type": "null",
                "src_parent": "{\n    return typeAnnotationInfo;\n}",
                "dst_parent": "null"
              },
              "line": 47,
              "file": "/home/khesoem/projects/lighter/exp/src/main/java/io/github/classgraph/HierarchicalTypeSignature.java"
            }
          ]
        }
      ]
    }
  ],
  "complete_analysis": true
}