{
  "instances": [
    {
      "revision": "0b732584857bc7dc5413e1e2289f36eb8d0bbdde",
      "repairability": [
        {
          "tool-name": "JGenProg",
          "pattern-name": "JGenProg:any_statement_shallow",
          "Unified_Diff_of-files:": "Starts Below...",
          "DELETE:": "}",
          "CHANGE_old:": "",
          "CHANGE_new:": "                || (moduleFinder !\u003d null \u0026\u0026 moduleFinder.forceScanJavaClassPath())) {",
          "INSERT:": "                                            + classLoaderHandlerRegistryEntry.classLoaderHandlerClass.getName());",
          "instance_detail": [
            {
              "pattern_action": "ANY",
              "pattern_entity": {
                "entity_type": "*",
                "entity_new value": "*",
                "entity_role": "Statement",
                "entity_parent": "null"
              },
              "concrete_change": {
                "operator": "DEL",
                "src_type": "LocalVariable",
                "dst_type": "null",
                "src": "final nonapi.io.github.classgraph.classpath.ClasspathOrder ignoredClasspathOrder \u003d new nonapi.io.github.classgraph.classpath.ClasspathOrder(scanSpec)",
                "dst": "null",
                "src_parent_type": "Block",
                "dst_parent_type": "null",
                "src_parent": "{\n    final nonapi.io.github.classgraph.utils.LogNode classpathFinderLog \u003d (log \u003d\u003d null) ? null : log.log(\"Finding classpath and modules\");\n    boolean scanModules;\n    if ((scanSpec.overrideClasspath) !\u003d null) {\n        scanModules \u003d false;\n    } else\n        if ((scanSpec.overrideClassLoaders) !\u003d null) {\n            scanModules \u003d false;\n            for (final java.lang.ClassLoader classLoader : scanSpec.overrideClassLoaders) {\n                final java.lang.String classLoaderClassName \u003d classLoader.getClass().getName();\n                if (classLoaderClassName.equals(\"jdk.internal.loader.ClassLoaders$AppClassLoader\")) {\n                    scanModules \u003d true;\n                } else\n                    if (classLoaderClassName.equals(\"jdk.internal.loader.ClassLoaders$PlatformClassLoader\")) {\n                        scanModules \u003d true;\n                        if (!(scanSpec.enableSystemJarsAndModules)) {\n                            if (classpathFinderLog !\u003d null) {\n                                classpathFinderLog.log((\"overrideClassLoaders() was called with an instance of \" + (\"jdk.internal.loader.ClassLoaders$PlatformClassLoader, which is a system \" + \"classloader, so enableSystemJarsAndModules() was called automatically\")));\n                            }\n                            scanSpec.enableSystemJarsAndModules \u003d true;\n                        }\n                    }\n\n            }\n        } else {\n            scanModules \u003d scanSpec.scanModules;\n        }\n\n    moduleFinder \u003d (scanModules) ? new nonapi.io.github.classgraph.classpath.ModuleFinder(nonapi.io.github.classgraph.classpath.CallStackReader.getClassContext(classpathFinderLog), scanSpec, classpathFinderLog) : null;\n    classpathOrder \u003d new nonapi.io.github.classgraph.classpath.ClasspathOrder(scanSpec);\n    final nonapi.io.github.classgraph.classpath.ClasspathOrder ignoredClasspathOrder \u003d new nonapi.io.github.classgraph.classpath.ClasspathOrder(scanSpec);\n    final nonapi.io.github.classgraph.classpath.ClassLoaderFinder classLoaderFinder \u003d (((scanSpec.overrideClasspath) \u003d\u003d null) \u0026\u0026 ((scanSpec.overrideClassLoaders) \u003d\u003d null)) ? new nonapi.io.github.classgraph.classpath.ClassLoaderFinder(scanSpec, classpathFinderLog) : null;\n    final java.lang.ClassLoader[] contextClassLoaders \u003d (classLoaderFinder \u003d\u003d null) ? new java.lang.ClassLoader[0] : classLoaderFinder.getContextClassLoaders();\n    final java.lang.ClassLoader defaultClassLoader \u003d ((contextClassLoaders.length) \u003e 0) ? contextClassLoaders[0] : null;\n    if ((scanSpec.overrideClasspath) !\u003d null) {\n        if (((scanSpec.overrideClassLoaders) !\u003d null) \u0026\u0026 (classpathFinderLog !\u003d null)) {\n            classpathFinderLog.log((\"It is not possible to override both the classpath and the ClassLoaders -- \" + \"ignoring the ClassLoader override\"));\n        }\n        final nonapi.io.github.classgraph.utils.LogNode overrideLog \u003d (classpathFinderLog \u003d\u003d null) ? null : classpathFinderLog.log((\"Overriding classpath with: \" + (scanSpec.overrideClasspath)));\n        classpathOrder.addClasspathEntries(scanSpec.overrideClasspath, defaultClassLoader, scanSpec, overrideLog);\n        if (overrideLog !\u003d null) {\n            overrideLog.log((\"WARNING: when the classpath is overridden, there is no guarantee that the classes \" + (\"found by classpath scanning will be the same as the classes loaded by the \" + \"context classloader\")));\n        }\n        classLoaderOrderRespectingParentDelegation \u003d contextClassLoaders;\n    } else\n        if ((scanSpec.overrideClassLoaders) \u003d\u003d null) {\n            final java.lang.String jreRtJar \u003d nonapi.io.github.classgraph.classpath.SystemJarFinder.getJreRtJarPath();\n            final nonapi.io.github.classgraph.utils.LogNode systemJarsLog \u003d (classpathFinderLog \u003d\u003d null) ? null : classpathFinderLog.log(\"System jars:\");\n            if (jreRtJar !\u003d null) {\n                if (scanSpec.enableSystemJarsAndModules) {\n                    classpathOrder.addSystemClasspathEntry(jreRtJar, defaultClassLoader);\n                    if (systemJarsLog !\u003d null) {\n                        systemJarsLog.log((\"Found rt.jar: \" + jreRtJar));\n                    }\n                } else\n                    if (systemJarsLog !\u003d null) {\n                        systemJarsLog.log(((scanSpec.enableSystemJarsAndModules ? \"\" : \"Scanning disabled for rt.jar: \") + jreRtJar));\n                    }\n\n            }\n            final boolean scanAllLibOrExtJars \u003d !(scanSpec.libOrExtJarWhiteBlackList.whitelistAndBlacklistAreEmpty());\n            for (final java.lang.String libOrExtJarPath : nonapi.io.github.classgraph.classpath.SystemJarFinder.getJreLibOrExtJars()) {\n                if (scanAllLibOrExtJars || (scanSpec.libOrExtJarWhiteBlackList.isSpecificallyWhitelistedAndNotBlacklisted(libOrExtJarPath))) {\n                    classpathOrder.addSystemClasspathEntry(libOrExtJarPath, defaultClassLoader);\n                    if (systemJarsLog !\u003d null) {\n                        systemJarsLog.log((\"Found lib or ext jar: \" + libOrExtJarPath));\n                    }\n                } else\n                    if (systemJarsLog !\u003d null) {\n                        systemJarsLog.log((\"Scanning disabled for lib or ext jar: \" + libOrExtJarPath));\n                    }\n\n            }\n        }\n\n    if ((scanSpec.overrideClasspath) \u003d\u003d null) {\n        if (classpathFinderLog !\u003d null) {\n            final nonapi.io.github.classgraph.utils.LogNode classLoaderHandlerLog \u003d classpathFinderLog.log(\"ClassLoaderHandlers:\");\n            for (final ClassLoaderHandlerRegistryEntry classLoaderHandlerEntry : nonapi.io.github.classgraph.classloaderhandler.ClassLoaderHandlerRegistry.CLASS_LOADER_HANDLERS) {\n                classLoaderHandlerLog.log(classLoaderHandlerEntry.classLoaderHandlerClass.getName());\n            }\n        }\n        final nonapi.io.github.classgraph.utils.LogNode classloaderOrderLog \u003d (classpathFinderLog \u003d\u003d null) ? null : classpathFinderLog.log(\"Finding unique classloaders in delegation order\");\n        final nonapi.io.github.classgraph.classpath.ClassLoaderOrder classLoaderOrder \u003d new nonapi.io.github.classgraph.classpath.ClassLoaderOrder();\n        final java.lang.ClassLoader[] origClassLoaderOrder \u003d ((scanSpec.overrideClassLoaders) !\u003d null) ? scanSpec.overrideClassLoaders.toArray(new java.lang.ClassLoader[0]) : contextClassLoaders;\n        if (origClassLoaderOrder !\u003d null) {\n            for (final java.lang.ClassLoader classLoader : origClassLoaderOrder) {\n                classLoaderOrder.delegateTo(classLoader, false, classloaderOrderLog);\n            }\n        }\n        final java.util.Set\u003cjava.lang.ClassLoader\u003e allParentClassLoaders \u003d classLoaderOrder.getAllParentClassLoaders();\n        final nonapi.io.github.classgraph.utils.LogNode classloaderURLLog \u003d (classpathFinderLog \u003d\u003d null) ? null : classpathFinderLog.log(\"Obtaining URLs from classloaders in delegation order\");\n        final java.util.List\u003cjava.lang.ClassLoader\u003e finalClassLoaderOrder \u003d new java.util.ArrayList\u003c\u003e();\n        for (final java.util.Map.Entry\u003cjava.lang.ClassLoader, ClassLoaderHandlerRegistryEntry\u003e ent : classLoaderOrder.getClassLoaderOrder()) {\n            final java.lang.ClassLoader classLoader \u003d ent.getKey();\n            final ClassLoaderHandlerRegistryEntry classLoaderHandlerRegistryEntry \u003d ent.getValue();\n            if ((scanSpec.ignoreParentClassLoaders) \u0026\u0026 (allParentClassLoaders.contains(classLoader))) {\n                final nonapi.io.github.classgraph.utils.LogNode classloaderHandlerLog \u003d (classloaderURLLog \u003d\u003d null) ? null : classloaderURLLog.log((((\"Ignoring parent classloader \" + classLoader) + \", normally handled by \") + (classLoaderHandlerRegistryEntry.classLoaderHandlerClass.getName())));\n                if (willReadJavaClassPath(scanSpec)) {\n                    classLoaderHandlerRegistryEntry.findClasspathOrder(classLoader, ignoredClasspathOrder, scanSpec, classloaderHandlerLog);\n                }\n            } else {\n                final nonapi.io.github.classgraph.utils.LogNode classloaderHandlerLog \u003d (classloaderURLLog \u003d\u003d null) ? null : classloaderURLLog.log((((\"Classloader \" + classLoader) + \" is handled by \") + (classLoaderHandlerRegistryEntry.classLoaderHandlerClass.getName())));\n                classLoaderHandlerRegistryEntry.findClasspathOrder(classLoader, classpathOrder, scanSpec, classloaderHandlerLog);\n                finalClassLoaderOrder.add(classLoader);\n            }\n        }\n        classLoaderOrderRespectingParentDelegation \u003d finalClassLoaderOrder.toArray(new java.lang.ClassLoader[0]);\n    }\n    if (willReadJavaClassPath(scanSpec)) {\n        final java.lang.String[] pathElements \u003d nonapi.io.github.classgraph.utils.JarUtils.smartPathSplit(java.lang.System.getProperty(\"java.class.path\"), scanSpec);\n        if ((pathElements.length) \u003e 0) {\n            final nonapi.io.github.classgraph.utils.LogNode sysPropLog \u003d (classpathFinderLog \u003d\u003d null) ? null : classpathFinderLog.log(\"Getting classpath entries from java.class.path\");\n            for (final java.lang.String pathElement : pathElements) {\n                final java.lang.String pathElementResolved \u003d nonapi.io.github.classgraph.utils.FastPathResolver.resolve(FileUtils.CURR_DIR_PATH, pathElement);\n                if (!(ignoredClasspathOrder.getClasspathEntryUniqueResolvedPaths().contains(pathElementResolved))) {\n                    classpathOrder.addClasspathEntry(pathElement, defaultClassLoader, scanSpec, sysPropLog);\n                } else {\n                    if (sysPropLog !\u003d null) {\n                        sysPropLog.log(((\"Found classpath element in java.class.path that will be ignored, \" + \"since it is also found in an ignored parent classloader: \") + pathElement));\n                    }\n                }\n            }\n        }\n    }\n}",
                "dst_parent": "null"
              },
              "line": 143,
              "file": "/home/khesoem/projects/lighter/exp/src/main/java/nonapi/io/github/classgraph/classpath/ClasspathFinder.java",
              "stats": {
                "number_of_src_entities": 13,
                "number_of_dst_entities": -1,
                "src_entity_types": "[java.lang.Object, nonapi.io.github.classgraph.classpath.ClasspathOrder, nonapi.io.github.classgraph.scanspec.ScanSpec]",
                "dst_entity_types": "[]"
              }
            }
          ]
        },
        {
          "tool-name": "JGenProg",
          "pattern-name": "JGenProg:any_statement_shallow",
          "Unified_Diff_of-files:": "Starts Below...",
          "DELETE:": "}",
          "CHANGE_old:": "",
          "CHANGE_new:": "                || (moduleFinder !\u003d null \u0026\u0026 moduleFinder.forceScanJavaClassPath())) {",
          "INSERT:": "                                            + classLoaderHandlerRegistryEntry.classLoaderHandlerClass.getName());",
          "instance_detail": [
            {
              "pattern_action": "ANY",
              "pattern_entity": {
                "entity_type": "*",
                "entity_new value": "*",
                "entity_role": "Statement",
                "entity_parent": "null"
              },
              "concrete_change": {
                "operator": "DEL",
                "src_type": "Invocation",
                "dst_type": "null",
                "src": "classLoaderHandlerRegistryEntry.findClasspathOrder(classLoader, ignoredClasspathOrder, scanSpec, classloaderHandlerLog)",
                "dst": "null",
                "src_parent_type": "Block",
                "dst_parent_type": "null",
                "src_parent": "{\n    classLoaderHandlerRegistryEntry.findClasspathOrder(classLoader, ignoredClasspathOrder, scanSpec, classloaderHandlerLog);\n}",
                "dst_parent": "null"
              },
              "line": 247,
              "file": "/home/khesoem/projects/lighter/exp/src/main/java/nonapi/io/github/classgraph/classpath/ClasspathFinder.java",
              "stats": {
                "number_of_src_entities": 32,
                "number_of_dst_entities": -1,
                "src_entity_types": "[nonapi.io.github.classgraph.utils.LogNode, nonapi.io.github.classgraph.classpath.ClasspathOrder, nonapi.io.github.classgraph.classloaderhandler.ClassLoaderHandlerRegistry.ClassLoaderHandlerRegistryEntry, java.lang.ClassLoader, nonapi.io.github.classgraph.scanspec.ScanSpec]",
                "dst_entity_types": "[]"
              }
            }
          ]
        },
        {
          "tool-name": "JGenProg",
          "pattern-name": "JGenProg:any_statement_shallow",
          "Unified_Diff_of-files:": "Starts Below...",
          "DELETE:": "}",
          "CHANGE_old:": "",
          "CHANGE_new:": "                || (moduleFinder !\u003d null \u0026\u0026 moduleFinder.forceScanJavaClassPath())) {",
          "INSERT:": "                                            + classLoaderHandlerRegistryEntry.classLoaderHandlerClass.getName());",
          "instance_detail": [
            {
              "pattern_action": "ANY",
              "pattern_entity": {
                "entity_type": "*",
                "entity_new value": "*",
                "entity_role": "Statement",
                "entity_parent": "null"
              },
              "concrete_change": {
                "operator": "DEL",
                "src_type": "If",
                "dst_type": "null",
                "src": "if (willReadJavaClassPath(scanSpec)) {\n    classLoaderHandlerRegistryEntry.findClasspathOrder(classLoader, ignoredClasspathOrder, scanSpec, classloaderHandlerLog);\n}",
                "dst": "null",
                "src_parent_type": "Block",
                "dst_parent_type": "null",
                "src_parent": "{\n    final nonapi.io.github.classgraph.utils.LogNode classloaderHandlerLog \u003d (classloaderURLLog \u003d\u003d null) ? null : classloaderURLLog.log((((\"Ignoring parent classloader \" + classLoader) + \", normally handled by \") + (classLoaderHandlerRegistryEntry.classLoaderHandlerClass.getName())));\n    if (willReadJavaClassPath(scanSpec)) {\n        classLoaderHandlerRegistryEntry.findClasspathOrder(classLoader, ignoredClasspathOrder, scanSpec, classloaderHandlerLog);\n    }\n}",
                "dst_parent": "null"
              },
              "line": 246,
              "file": "/home/khesoem/projects/lighter/exp/src/main/java/nonapi/io/github/classgraph/classpath/ClasspathFinder.java"
            }
          ]
        },
        {
          "tool-name": "JGenProg",
          "pattern-name": "JGenProg:any_statement_shallow",
          "Unified_Diff_of-files:": "Starts Below...",
          "DELETE:": "}",
          "CHANGE_old:": "",
          "CHANGE_new:": "                || (moduleFinder !\u003d null \u0026\u0026 moduleFinder.forceScanJavaClassPath())) {",
          "INSERT:": "                                            + classLoaderHandlerRegistryEntry.classLoaderHandlerClass.getName());",
          "instance_detail": [
            {
              "pattern_action": "ANY",
              "pattern_entity": {
                "entity_type": "*",
                "entity_new value": "*",
                "entity_role": "Statement",
                "entity_parent": "null"
              },
              "concrete_change": {
                "operator": "DEL",
                "src_type": "Invocation",
                "dst_type": "null",
                "src": "sysPropLog.log(((\"Found classpath element in java.class.path that will be ignored, \" + \"since it is also found in an ignored parent classloader: \") + pathElement))",
                "dst": "null",
                "src_parent_type": "Block",
                "dst_parent_type": "null",
                "src_parent": "{\n    sysPropLog.log(((\"Found classpath element in java.class.path that will be ignored, \" + \"since it is also found in an ignored parent classloader: \") + pathElement));\n}",
                "dst_parent": "null"
              },
              "line": 287,
              "file": "/home/khesoem/projects/lighter/exp/src/main/java/nonapi/io/github/classgraph/classpath/ClasspathFinder.java"
            }
          ]
        },
        {
          "tool-name": "JGenProg",
          "pattern-name": "JGenProg:any_statement_shallow",
          "Unified_Diff_of-files:": "Starts Below...",
          "DELETE:": "}",
          "CHANGE_old:": "",
          "CHANGE_new:": "                || (moduleFinder !\u003d null \u0026\u0026 moduleFinder.forceScanJavaClassPath())) {",
          "INSERT:": "                                            + classLoaderHandlerRegistryEntry.classLoaderHandlerClass.getName());",
          "instance_detail": [
            {
              "pattern_action": "ANY",
              "pattern_entity": {
                "entity_type": "*",
                "entity_new value": "*",
                "entity_role": "Statement",
                "entity_parent": "null"
              },
              "concrete_change": {
                "operator": "DEL",
                "src_type": "If",
                "dst_type": "null",
                "src": "if (sysPropLog !\u003d null) {\n    sysPropLog.log(((\"Found classpath element in java.class.path that will be ignored, \" + \"since it is also found in an ignored parent classloader: \") + pathElement));\n}",
                "dst": "null",
                "src_parent_type": "Block",
                "dst_parent_type": "null",
                "src_parent": "{\n    if (sysPropLog !\u003d null) {\n        sysPropLog.log(((\"Found classpath element in java.class.path that will be ignored, \" + \"since it is also found in an ignored parent classloader: \") + pathElement));\n    }\n}",
                "dst_parent": "null"
              },
              "line": 286,
              "file": "/home/khesoem/projects/lighter/exp/src/main/java/nonapi/io/github/classgraph/classpath/ClasspathFinder.java"
            }
          ]
        },
        {
          "tool-name": "JGenProg",
          "pattern-name": "JGenProg:any_statement_shallow",
          "Unified_Diff_of-files:": "Starts Below...",
          "DELETE:": "}",
          "CHANGE_old:": "",
          "CHANGE_new:": "                || (moduleFinder !\u003d null \u0026\u0026 moduleFinder.forceScanJavaClassPath())) {",
          "INSERT:": "                                            + classLoaderHandlerRegistryEntry.classLoaderHandlerClass.getName());",
          "instance_detail": [
            {
              "pattern_action": "ANY",
              "pattern_entity": {
                "entity_type": "*",
                "entity_new value": "*",
                "entity_role": "Statement",
                "entity_parent": "null"
              },
              "concrete_change": {
                "operator": "DEL",
                "src_type": "If",
                "dst_type": "null",
                "src": "if (!(ignoredClasspathOrder.getClasspathEntryUniqueResolvedPaths().contains(pathElementResolved))) {\n    classpathOrder.addClasspathEntry(pathElement, defaultClassLoader, scanSpec, sysPropLog);\n} else {\n    if (sysPropLog !\u003d null) {\n        sysPropLog.log(((\"Found classpath element in java.class.path that will be ignored, \" + \"since it is also found in an ignored parent classloader: \") + pathElement));\n    }\n}",
                "dst": "null",
                "src_parent_type": "Block",
                "dst_parent_type": "null",
                "src_parent": "{\n    final java.lang.String pathElementResolved \u003d nonapi.io.github.classgraph.utils.FastPathResolver.resolve(FileUtils.CURR_DIR_PATH, pathElement);\n    if (!(ignoredClasspathOrder.getClasspathEntryUniqueResolvedPaths().contains(pathElementResolved))) {\n        classpathOrder.addClasspathEntry(pathElement, defaultClassLoader, scanSpec, sysPropLog);\n    } else {\n        if (sysPropLog !\u003d null) {\n            sysPropLog.log(((\"Found classpath element in java.class.path that will be ignored, \" + \"since it is also found in an ignored parent classloader: \") + pathElement));\n        }\n    }\n}",
                "dst_parent": "null"
              },
              "line": 280,
              "file": "/home/khesoem/projects/lighter/exp/src/main/java/nonapi/io/github/classgraph/classpath/ClasspathFinder.java",
              "stats": {
                "number_of_src_entities": 95,
                "number_of_dst_entities": -1,
                "src_entity_types": "[nonapi.io.github.classgraph.utils.LogNode, java.lang.String, nonapi.io.github.classgraph.classpath.ClasspathOrder, \u003cnulltype\u003e, java.lang.ClassLoader, nonapi.io.github.classgraph.classpath.ClasspathFinder, nonapi.io.github.classgraph.scanspec.ScanSpec]",
                "dst_entity_types": "[]"
              }
            }
          ]
        },
        {
          "tool-name": "JGenProg",
          "pattern-name": "JGenProg:any_statement_shallow",
          "Unified_Diff_of-files:": "Starts Below...",
          "DELETE:": "}",
          "CHANGE_old:": "",
          "CHANGE_new:": "                || (moduleFinder !\u003d null \u0026\u0026 moduleFinder.forceScanJavaClassPath())) {",
          "INSERT:": "                                            + classLoaderHandlerRegistryEntry.classLoaderHandlerClass.getName());",
          "instance_detail": [
            {
              "pattern_action": "ANY",
              "pattern_entity": {
                "entity_type": "*",
                "entity_new value": "*",
                "entity_role": "Statement",
                "entity_parent": "null"
              },
              "concrete_change": {
                "operator": "DEL",
                "src_type": "Return",
                "dst_type": "null",
                "src": "return (((scanSpec.overrideClassLoaders) \u003d\u003d null) \u0026\u0026 ((scanSpec.overrideClasspath) \u003d\u003d null)) || (((moduleFinder) !\u003d null) \u0026\u0026 (moduleFinder.forceScanJavaClassPath()))",
                "dst": "null",
                "src_parent_type": "Block",
                "dst_parent_type": "null",
                "src_parent": "{\n    return (((scanSpec.overrideClassLoaders) \u003d\u003d null) \u0026\u0026 ((scanSpec.overrideClasspath) \u003d\u003d null)) || (((moduleFinder) !\u003d null) \u0026\u0026 (moduleFinder.forceScanJavaClassPath()));\n}",
                "dst_parent": "null"
              },
              "line": 297,
              "file": "/home/khesoem/projects/lighter/exp/src/main/java/nonapi/io/github/classgraph/classpath/ClasspathFinder.java"
            }
          ]
        }
      ]
    }
  ],
  "complete_analysis": true
}