{
  "instances": [
    {
      "revision": "1de359f933c374f20072f5d37f7df7d2d72abe96",
      "repairability": [
        {
          "tool-name": "Cardumen",
          "pattern-name": "Cardumen:expression_replacement_by_del_ins",
          "Unified_Diff_of-files:": "Starts Below...",
          "CHANGE_old:": "        int k \u003d rowPointers[i], j \u003d columnIndices[k];",
          "CHANGE_new:": "        int k \u003d rowPointers[i], j \u003d k;",
          "instance_detail": [
            {
              "pattern_action": "DEL",
              "pattern_entity": {
                "entity_type": "Expression",
                "entity_new value": "*",
                "entity_role": "*",
                "entity_parent": "null"
              },
              "concrete_change": {
                "operator": "DEL",
                "src_type": "ArrayRead",
                "dst_type": "null",
                "src": "columnIndices[k]",
                "dst": "null",
                "src_parent_type": "LocalVariable",
                "dst_parent_type": "null",
                "src_parent": "int j \u003d columnIndices[k]",
                "dst_parent": "null"
              },
              "line": 395,
              "file": "/home/khesoem/projects/lighter/exp/src/main/java/org/la4j/matrix/sparse/CRSMatrix.java",
              "stats": {
                "number_of_src_entities": 17,
                "number_of_dst_entities": -1,
                "src_entity_types": "[int, org.la4j.matrix.sparse.CRSMatrix]",
                "dst_entity_types": "[]"
              }
            },
            {
              "pattern_action": "INS",
              "pattern_entity": {
                "entity_type": "Expression",
                "entity_new value": "*",
                "entity_role": "*",
                "entity_parent": "null"
              },
              "concrete_change": {
                "operator": "INS",
                "src_type": "VariableRead",
                "dst_type": "null",
                "src": "k",
                "dst": "null",
                "src_parent_type": "LocalVariable",
                "dst_parent_type": "null",
                "src_parent": "int j \u003d k",
                "dst_parent": "null"
              },
              "line": 395,
              "file": "/home/khesoem/projects/lighter/exp/src/main/java/org/la4j/matrix/sparse/CRSMatrix.java",
              "stats": {
                "number_of_src_entities": 3,
                "number_of_dst_entities": -1,
                "src_entity_types": "[int]",
                "dst_entity_types": "[]"
              }
            }
          ]
        }
      ]
    }
  ],
  "complete_analysis": true
}