{
  "instances": [
    {
      "revision": "2854874b7d5097507bd193df0349f47640b223e7",
      "repairability": [
        {
          "tool-name": "Elixir",
          "pattern-name": "Elixir:update_invocation",
          "Unified_Diff_of-files:": "Starts Below...",
          "INSERT:": "",
          "DELETE:": "",
          "CHANGE_old:": "        teav.setLastUpdated( DateUtils.parseDate( at.getUpdatedAt()) );",
          "CHANGE_new:": "        teav.setLastUpdated( fromInstant( at.getUpdatedAt() ) );",
          "instance_detail": [
            {
              "pattern_action": "UPD",
              "pattern_entity": {
                "entity_type": "AbstractInvocation",
                "entity_new value": "*",
                "entity_role": "*",
                "entity_parent": "null"
              },
              "concrete_change": {
                "operator": "UPD",
                "src_type": "Invocation",
                "dst_type": "Invocation",
                "src": "org.hisp.dhis.util.DateUtils.parseDate(at.getCreatedAt())",
                "dst": "fromInstant(at.getCreatedAt())",
                "src_parent_type": "Invocation",
                "dst_parent_type": "Invocation",
                "src_parent": "teav.setCreated(org.hisp.dhis.util.DateUtils.parseDate(at.getCreatedAt()))",
                "dst_parent": "teav.setCreated(fromInstant(at.getCreatedAt()))"
              },
              "line": 78,
              "file": "/home/khesoem/projects/lighter/exp/dhis-2/dhis-services/dhis-service-tracker/src/main/java/org/hisp/dhis/tracker/converter/AttributeValueConverterService.java",
              "stats": {
                "number_of_src_entities": 15,
                "number_of_dst_entities": 17,
                "src_entity_types": "[org.hisp.dhis.tracker.domain.Attribute, org.hisp.dhis.util.DateUtils]",
                "dst_entity_types": "[org.hisp.dhis.tracker.domain.Attribute, org.hisp.dhis.tracker.converter.AttributeValueConverterService]"
              }
            }
          ]
        },
        {
          "tool-name": "Elixir",
          "pattern-name": "Elixir:update_invocation",
          "Unified_Diff_of-files:": "Starts Below...",
          "INSERT:": "",
          "DELETE:": "",
          "CHANGE_old:": "        teav.setLastUpdated( DateUtils.parseDate( at.getUpdatedAt()) );",
          "CHANGE_new:": "        teav.setLastUpdated( fromInstant( at.getUpdatedAt() ) );",
          "instance_detail": [
            {
              "pattern_action": "UPD",
              "pattern_entity": {
                "entity_type": "AbstractInvocation",
                "entity_new value": "*",
                "entity_role": "*",
                "entity_parent": "null"
              },
              "concrete_change": {
                "operator": "UPD",
                "src_type": "Invocation",
                "dst_type": "Invocation",
                "src": "org.hisp.dhis.util.DateUtils.parseDate(at.getUpdatedAt())",
                "dst": "fromInstant(at.getUpdatedAt())",
                "src_parent_type": "Invocation",
                "dst_parent_type": "Invocation",
                "src_parent": "teav.setLastUpdated(org.hisp.dhis.util.DateUtils.parseDate(at.getUpdatedAt()))",
                "dst_parent": "teav.setLastUpdated(fromInstant(at.getUpdatedAt()))"
              },
              "line": 79,
              "file": "/home/khesoem/projects/lighter/exp/dhis-2/dhis-services/dhis-service-tracker/src/main/java/org/hisp/dhis/tracker/converter/AttributeValueConverterService.java",
              "stats": {
                "number_of_src_entities": 15,
                "number_of_dst_entities": 17,
                "src_entity_types": "[org.hisp.dhis.tracker.domain.Attribute, org.hisp.dhis.util.DateUtils]",
                "dst_entity_types": "[org.hisp.dhis.tracker.domain.Attribute, org.hisp.dhis.tracker.converter.AttributeValueConverterService]"
              }
            }
          ]
        }
      ]
    }
  ],
  "complete_analysis": true
}