{
  "instances": [
    {
      "revision": "7de6bdab388aa90055570cdf34bd310ffa96db4b",
      "repairability": [
        {
          "tool-name": "Elixir",
          "pattern-name": "Elixir:update_type_ref",
          "Unified_Diff_of-files:": "Starts Below...",
          "INSERT:": "import org.springframework.context.annotation.Primary;",
          "DELETE:": "import org.hisp.dhis.security.authority.SystemAuthoritiesProvider;",
          "CHANGE_old:": "",
          "CHANGE_new:": "    @Bean( \"org.hisp.dhis.security.SystemAuthoritiesProvider\" )",
          "instance_detail": [
            {
              "pattern_action": "UPD",
              "pattern_entity": {
                "entity_type": "TypeReference",
                "entity_new value": "*",
                "entity_role": "*",
                "entity_parent": "null"
              },
              "concrete_change": {
                "operator": "UPD",
                "src_type": "TypeReference",
                "dst_type": "TypeReference",
                "src": "org.hisp.dhis.security.authority.SystemAuthoritiesProvider",
                "dst": "org.hisp.dhis.security.SystemAuthoritiesProvider",
                "src_parent_type": "Field",
                "dst_parent_type": "Field",
                "src_parent": "private org.hisp.dhis.security.authority.SystemAuthoritiesProvider authoritiesProvider;",
                "dst_parent": "private org.hisp.dhis.security.SystemAuthoritiesProvider authoritiesProvider;"
              },
              "line": 64,
              "file": "/home/khesoem/projects/lighter/exp/dhis-2/dhis-web/dhis-web-commons/src/main/java/org/hisp/dhis/commons/action/GetSystemAuthoritiesAction.java",
              "stats": {
                "number_of_src_entities": 2,
                "number_of_dst_entities": 2,
                "src_entity_types": "[org.hisp.dhis.security.authority.SystemAuthoritiesProvider]",
                "dst_entity_types": "[org.hisp.dhis.security.SystemAuthoritiesProvider]"
              }
            }
          ]
        },
        {
          "tool-name": "Elixir",
          "pattern-name": "Elixir:update_type_ref",
          "Unified_Diff_of-files:": "Starts Below...",
          "INSERT:": "import org.springframework.context.annotation.Primary;",
          "DELETE:": "import org.hisp.dhis.security.authority.SystemAuthoritiesProvider;",
          "CHANGE_old:": "",
          "CHANGE_new:": "    @Bean( \"org.hisp.dhis.security.SystemAuthoritiesProvider\" )",
          "instance_detail": [
            {
              "pattern_action": "UPD",
              "pattern_entity": {
                "entity_type": "TypeReference",
                "entity_new value": "*",
                "entity_role": "*",
                "entity_parent": "null"
              },
              "concrete_change": {
                "operator": "UPD",
                "src_type": "TypeReference",
                "dst_type": "TypeReference",
                "src": "org.hisp.dhis.security.authority.SystemAuthoritiesProvider",
                "dst": "org.hisp.dhis.security.SystemAuthoritiesProvider",
                "src_parent_type": "Parameter",
                "dst_parent_type": "Parameter",
                "src_parent": "org.hisp.dhis.security.authority.SystemAuthoritiesProvider authoritiesProvider",
                "dst_parent": "org.hisp.dhis.security.SystemAuthoritiesProvider authoritiesProvider"
              },
              "line": 66,
              "file": "/home/khesoem/projects/lighter/exp/dhis-2/dhis-web/dhis-web-commons/src/main/java/org/hisp/dhis/commons/action/GetSystemAuthoritiesAction.java",
              "stats": {
                "number_of_src_entities": 2,
                "number_of_dst_entities": 2,
                "src_entity_types": "[org.hisp.dhis.security.authority.SystemAuthoritiesProvider]",
                "dst_entity_types": "[org.hisp.dhis.security.SystemAuthoritiesProvider]"
              }
            }
          ]
        }
      ]
    },
    {
      "revision": "7de6bdab388aa90055570cdf34bd310ffa96db4b",
      "repairability": [
        {
          "tool-name": "Elixir",
          "pattern-name": "Elixir:update_type_ref",
          "Unified_Diff_of-files:": "Starts Below...",
          "INSERT:": "import org.springframework.context.annotation.Primary;",
          "DELETE:": "import org.hisp.dhis.security.authority.SystemAuthoritiesProvider;",
          "CHANGE_old:": "",
          "CHANGE_new:": "    @Bean( \"org.hisp.dhis.security.SystemAuthoritiesProvider\" )",
          "instance_detail": [
            {
              "pattern_action": "UPD",
              "pattern_entity": {
                "entity_type": "TypeReference",
                "entity_new value": "*",
                "entity_role": "*",
                "entity_parent": "null"
              },
              "concrete_change": {
                "operator": "UPD",
                "src_type": "TypeReference",
                "dst_type": "TypeReference",
                "src": "org.hisp.dhis.security.authority.SystemAuthoritiesProvider",
                "dst": "org.hisp.dhis.security.SystemAuthoritiesProvider",
                "src_parent_type": "LocalVariable",
                "dst_parent_type": "LocalVariable",
                "src_parent": "org.hisp.dhis.security.authority.SystemAuthoritiesProvider source",
                "dst_parent": "org.hisp.dhis.security.SystemAuthoritiesProvider source"
              },
              "line": 62,
              "file": "/home/khesoem/projects/lighter/exp/dhis-2/dhis-web/dhis-web-commons/src/main/java/org/hisp/dhis/security/authority/CompositeSystemAuthoritiesProvider.java",
              "stats": {
                "number_of_src_entities": 2,
                "number_of_dst_entities": 2,
                "src_entity_types": "[org.hisp.dhis.security.authority.SystemAuthoritiesProvider]",
                "dst_entity_types": "[org.hisp.dhis.security.SystemAuthoritiesProvider]"
              }
            }
          ]
        }
      ]
    },
    {
      "revision": "7de6bdab388aa90055570cdf34bd310ffa96db4b",
      "repairability": [
        {
          "tool-name": "Elixir",
          "pattern-name": "Elixir:update_invocation_deep",
          "Unified_Diff_of-files:": "Starts Below...",
          "INSERT:": "import org.springframework.context.annotation.Primary;",
          "DELETE:": "import org.hisp.dhis.security.authority.SystemAuthoritiesProvider;",
          "CHANGE_old:": "",
          "CHANGE_new:": "    @Bean( \"org.hisp.dhis.security.SystemAuthoritiesProvider\" )",
          "instance_detail": [
            {
              "pattern_action": "ANY",
              "pattern_entity": {
                "entity_type": "*",
                "entity_new value": "*",
                "entity_role": "*",
                "entity_parent": {
                  "entity_type": "AbstractInvocation",
                  "entity_new value": "*",
                  "entity_role": "*",
                  "entity_parent": "null"
                }
              },
              "concrete_change": {
                "operator": "UPD",
                "src_type": "TypeAccess",
                "dst_type": "TypeAccess",
                "src": "org.hisp.dhis.security.authority.SystemAuthoritiesProvider",
                "dst": "org.hisp.dhis.security.SystemAuthoritiesProvider",
                "src_parent_type": "FieldRead",
                "dst_parent_type": "FieldRead",
                "src_parent": "org.hisp.dhis.security.authority.SystemAuthoritiesProvider.class",
                "dst_parent": "org.hisp.dhis.security.SystemAuthoritiesProvider.class"
              },
              "stats": {
                "number_of_src_entities": 3,
                "number_of_dst_entities": 3,
                "src_entity_types": "[org.hisp.dhis.security.authority.SystemAuthoritiesProvider]",
                "dst_entity_types": "[org.hisp.dhis.security.SystemAuthoritiesProvider]"
              }
            }
          ]
        }
      ]
    },
    {
      "revision": "7de6bdab388aa90055570cdf34bd310ffa96db4b",
      "repairability": [
        {
          "tool-name": "Elixir",
          "pattern-name": "Elixir:update_type_ref",
          "Unified_Diff_of-files:": "Starts Below...",
          "INSERT:": "import org.springframework.context.annotation.Primary;",
          "DELETE:": "import org.hisp.dhis.security.authority.SystemAuthoritiesProvider;",
          "CHANGE_old:": "",
          "CHANGE_new:": "    @Bean( \"org.hisp.dhis.security.SystemAuthoritiesProvider\" )",
          "instance_detail": [
            {
              "pattern_action": "UPD",
              "pattern_entity": {
                "entity_type": "TypeReference",
                "entity_new value": "*",
                "entity_role": "*",
                "entity_parent": "null"
              },
              "concrete_change": {
                "operator": "UPD",
                "src_type": "TypeReference",
                "dst_type": "TypeReference",
                "src": "org.hisp.dhis.security.authority.SystemAuthoritiesProvider",
                "dst": "org.hisp.dhis.security.SystemAuthoritiesProvider",
                "src_parent_type": "Field",
                "dst_parent_type": "Field",
                "src_parent": "private org.hisp.dhis.security.authority.SystemAuthoritiesProvider source;",
                "dst_parent": "private org.hisp.dhis.security.SystemAuthoritiesProvider source;"
              },
              "line": 44,
              "file": "/home/khesoem/projects/lighter/exp/dhis-2/dhis-web/dhis-web-commons/src/main/java/org/hisp/dhis/security/authority/CachingSystemAuthoritiesProvider.java",
              "stats": {
                "number_of_src_entities": 2,
                "number_of_dst_entities": 2,
                "src_entity_types": "[org.hisp.dhis.security.authority.SystemAuthoritiesProvider]",
                "dst_entity_types": "[org.hisp.dhis.security.SystemAuthoritiesProvider]"
              }
            }
          ]
        },
        {
          "tool-name": "Elixir",
          "pattern-name": "Elixir:update_type_ref",
          "Unified_Diff_of-files:": "Starts Below...",
          "INSERT:": "import org.springframework.context.annotation.Primary;",
          "DELETE:": "import org.hisp.dhis.security.authority.SystemAuthoritiesProvider;",
          "CHANGE_old:": "",
          "CHANGE_new:": "    @Bean( \"org.hisp.dhis.security.SystemAuthoritiesProvider\" )",
          "instance_detail": [
            {
              "pattern_action": "UPD",
              "pattern_entity": {
                "entity_type": "TypeReference",
                "entity_new value": "*",
                "entity_role": "*",
                "entity_parent": "null"
              },
              "concrete_change": {
                "operator": "UPD",
                "src_type": "TypeReference",
                "dst_type": "TypeReference",
                "src": "org.hisp.dhis.security.authority.SystemAuthoritiesProvider",
                "dst": "org.hisp.dhis.security.SystemAuthoritiesProvider",
                "src_parent_type": "Parameter",
                "dst_parent_type": "Parameter",
                "src_parent": "org.hisp.dhis.security.authority.SystemAuthoritiesProvider source",
                "dst_parent": "org.hisp.dhis.security.SystemAuthoritiesProvider source"
              },
              "line": 46,
              "file": "/home/khesoem/projects/lighter/exp/dhis-2/dhis-web/dhis-web-commons/src/main/java/org/hisp/dhis/security/authority/CachingSystemAuthoritiesProvider.java",
              "stats": {
                "number_of_src_entities": 2,
                "number_of_dst_entities": 2,
                "src_entity_types": "[org.hisp.dhis.security.authority.SystemAuthoritiesProvider]",
                "dst_entity_types": "[org.hisp.dhis.security.SystemAuthoritiesProvider]"
              }
            }
          ]
        },
        {
          "tool-name": "Elixir",
          "pattern-name": "Elixir:update_type_ref",
          "Unified_Diff_of-files:": "Starts Below...",
          "INSERT:": "import org.springframework.context.annotation.Primary;",
          "DELETE:": "import org.hisp.dhis.security.authority.SystemAuthoritiesProvider;",
          "CHANGE_old:": "",
          "CHANGE_new:": "    @Bean( \"org.hisp.dhis.security.SystemAuthoritiesProvider\" )",
          "instance_detail": [
            {
              "pattern_action": "UPD",
              "pattern_entity": {
                "entity_type": "TypeReference",
                "entity_new value": "*",
                "entity_role": "*",
                "entity_parent": "null"
              },
              "concrete_change": {
                "operator": "UPD",
                "src_type": "TypeReference",
                "dst_type": "TypeReference",
                "src": "org.hisp.dhis.security.authority.SystemAuthoritiesProvider",
                "dst": "org.hisp.dhis.security.SystemAuthoritiesProvider",
                "src_parent_type": "Parameter",
                "dst_parent_type": "Parameter",
                "src_parent": "org.hisp.dhis.security.authority.SystemAuthoritiesProvider source",
                "dst_parent": "org.hisp.dhis.security.SystemAuthoritiesProvider source"
              },
              "line": 51,
              "file": "/home/khesoem/projects/lighter/exp/dhis-2/dhis-web/dhis-web-commons/src/main/java/org/hisp/dhis/security/authority/CachingSystemAuthoritiesProvider.java",
              "stats": {
                "number_of_src_entities": 2,
                "number_of_dst_entities": 2,
                "src_entity_types": "[org.hisp.dhis.security.authority.SystemAuthoritiesProvider]",
                "dst_entity_types": "[org.hisp.dhis.security.SystemAuthoritiesProvider]"
              }
            }
          ]
        }
      ]
    },
    {
      "revision": "7de6bdab388aa90055570cdf34bd310ffa96db4b",
      "repairability": [
        {
          "tool-name": "Elixir",
          "pattern-name": "Elixir:update_type_ref",
          "Unified_Diff_of-files:": "Starts Below...",
          "INSERT:": "import org.springframework.context.annotation.Primary;",
          "DELETE:": "import org.hisp.dhis.security.authority.SystemAuthoritiesProvider;",
          "CHANGE_old:": "",
          "CHANGE_new:": "    @Bean( \"org.hisp.dhis.security.SystemAuthoritiesProvider\" )",
          "instance_detail": [
            {
              "pattern_action": "UPD",
              "pattern_entity": {
                "entity_type": "TypeReference",
                "entity_new value": "*",
                "entity_role": "*",
                "entity_parent": "null"
              },
              "concrete_change": {
                "operator": "UPD",
                "src_type": "TypeReference",
                "dst_type": "TypeReference",
                "src": "org.hisp.dhis.security.authority.SystemAuthoritiesProvider",
                "dst": "org.hisp.dhis.security.SystemAuthoritiesProvider",
                "src_parent_type": "Method",
                "dst_parent_type": "Method",
                "src_parent": "@org.springframework.context.annotation.Bean(\"org.hisp.dhis.security.authority.SystemAuthoritiesProvider\")\npublic org.hisp.dhis.security.authority.SystemAuthoritiesProvider systemAuthoritiesProvider() {\n    org.hisp.dhis.security.authority.SchemaAuthoritiesProvider schemaAuthoritiesProvider \u003d new org.hisp.dhis.security.authority.SchemaAuthoritiesProvider(schemaService);\n    org.hisp.dhis.security.authority.AppsSystemAuthoritiesProvider appsSystemAuthoritiesProvider \u003d new org.hisp.dhis.security.authority.AppsSystemAuthoritiesProvider(appManager);\n    org.hisp.dhis.security.authority.DetectingSystemAuthoritiesProvider detectingSystemAuthoritiesProvider \u003d new org.hisp.dhis.security.authority.DetectingSystemAuthoritiesProvider();\n    detectingSystemAuthoritiesProvider.setRequiredAuthoritiesProvider(requiredAuthoritiesProvider());\n    org.hisp.dhis.security.authority.CompositeSystemAuthoritiesProvider provider \u003d new org.hisp.dhis.security.authority.CompositeSystemAuthoritiesProvider();\n    provider.setSources(com.google.common.collect.ImmutableSet.of(new org.hisp.dhis.security.authority.CachingSystemAuthoritiesProvider(detectingSystemAuthoritiesProvider), new org.hisp.dhis.security.authority.CachingSystemAuthoritiesProvider(moduleSystemAuthoritiesProvider()), new org.hisp.dhis.security.authority.CachingSystemAuthoritiesProvider(simpleSystemAuthoritiesProvider()), schemaAuthoritiesProvider, appsSystemAuthoritiesProvider));\n    return provider;\n}",
                "dst_parent": "@org.springframework.context.annotation.Primary\n@org.springframework.context.annotation.Bean(\"org.hisp.dhis.security.SystemAuthoritiesProvider\")\npublic org.hisp.dhis.security.SystemAuthoritiesProvider systemAuthoritiesProvider() {\n    org.hisp.dhis.security.authority.SchemaAuthoritiesProvider schemaAuthoritiesProvider \u003d new org.hisp.dhis.security.authority.SchemaAuthoritiesProvider(schemaService);\n    org.hisp.dhis.security.authority.AppsSystemAuthoritiesProvider appsSystemAuthoritiesProvider \u003d new org.hisp.dhis.security.authority.AppsSystemAuthoritiesProvider(appManager);\n    org.hisp.dhis.security.authority.DetectingSystemAuthoritiesProvider detectingSystemAuthoritiesProvider \u003d new org.hisp.dhis.security.authority.DetectingSystemAuthoritiesProvider();\n    detectingSystemAuthoritiesProvider.setRequiredAuthoritiesProvider(requiredAuthoritiesProvider());\n    org.hisp.dhis.security.authority.CompositeSystemAuthoritiesProvider provider \u003d new org.hisp.dhis.security.authority.CompositeSystemAuthoritiesProvider();\n    provider.setSources(com.google.common.collect.ImmutableSet.of(new org.hisp.dhis.security.authority.CachingSystemAuthoritiesProvider(detectingSystemAuthoritiesProvider), new org.hisp.dhis.security.authority.CachingSystemAuthoritiesProvider(moduleSystemAuthoritiesProvider()), new org.hisp.dhis.security.authority.CachingSystemAuthoritiesProvider(simpleSystemAuthoritiesProvider()), schemaAuthoritiesProvider, appsSystemAuthoritiesProvider));\n    return provider;\n}"
              },
              "line": 100,
              "file": "/home/khesoem/projects/lighter/exp/dhis-2/dhis-web/dhis-web-commons/src/main/java/org/hisp/dhis/security/config/AuthoritiesProviderConfig.java",
              "stats": {
                "number_of_src_entities": 2,
                "number_of_dst_entities": 2,
                "src_entity_types": "[org.hisp.dhis.security.authority.SystemAuthoritiesProvider]",
                "dst_entity_types": "[org.hisp.dhis.security.SystemAuthoritiesProvider]"
              }
            }
          ]
        },
        {
          "tool-name": "Elixir",
          "pattern-name": "Elixir:update_type_ref",
          "Unified_Diff_of-files:": "Starts Below...",
          "INSERT:": "import org.springframework.context.annotation.Primary;",
          "DELETE:": "import org.hisp.dhis.security.authority.SystemAuthoritiesProvider;",
          "CHANGE_old:": "",
          "CHANGE_new:": "    @Bean( \"org.hisp.dhis.security.SystemAuthoritiesProvider\" )",
          "instance_detail": [
            {
              "pattern_action": "UPD",
              "pattern_entity": {
                "entity_type": "TypeReference",
                "entity_new value": "*",
                "entity_role": "*",
                "entity_parent": "null"
              },
              "concrete_change": {
                "operator": "UPD",
                "src_type": "TypeReference",
                "dst_type": "TypeReference",
                "src": "org.hisp.dhis.security.authority.SystemAuthoritiesProvider",
                "dst": "org.hisp.dhis.security.SystemAuthoritiesProvider",
                "src_parent_type": "Method",
                "dst_parent_type": "Method",
                "src_parent": "private org.hisp.dhis.security.authority.SystemAuthoritiesProvider simpleSystemAuthoritiesProvider() {\n    org.hisp.dhis.security.authority.SimpleSystemAuthoritiesProvider provider \u003d new org.hisp.dhis.security.authority.SimpleSystemAuthoritiesProvider();\n    provider.setAuthorities(DefaultAdminUserPopulator.ALL_AUTHORITIES);\n    return provider;\n}",
                "dst_parent": "private org.hisp.dhis.security.SystemAuthoritiesProvider simpleSystemAuthoritiesProvider() {\n    org.hisp.dhis.security.authority.SimpleSystemAuthoritiesProvider provider \u003d new org.hisp.dhis.security.authority.SimpleSystemAuthoritiesProvider();\n    provider.setAuthorities(DefaultAdminUserPopulator.ALL_AUTHORITIES);\n    return provider;\n}"
              },
              "line": 118,
              "file": "/home/khesoem/projects/lighter/exp/dhis-2/dhis-web/dhis-web-commons/src/main/java/org/hisp/dhis/security/config/AuthoritiesProviderConfig.java",
              "stats": {
                "number_of_src_entities": 2,
                "number_of_dst_entities": 2,
                "src_entity_types": "[org.hisp.dhis.security.authority.SystemAuthoritiesProvider]",
                "dst_entity_types": "[org.hisp.dhis.security.SystemAuthoritiesProvider]"
              }
            }
          ]
        }
      ]
    }
  ],
  "complete_analysis": true
}