{
  "instances": [
    {
      "revision": "265e3f198b2e457981f6d11953be09c6157f40bd",
      "repairability": [
        {
          "tool-name": "Elixir",
          "pattern-name": "Elixir:check_length",
          "Unified_Diff_of-files:": "Starts Below...",
          "CHANGE_old:": "        return \"distinct psi\";",
          "CHANGE_new:": "        return \"psi\";",
          "instance_detail": [
            {
              "pattern_action": "INS",
              "pattern_entity": {
                "entity_type": "If",
                "entity_new value": "*",
                "entity_role": "*",
                "entity_parent": "null"
              },
              "concrete_change": {
                "operator": "INS",
                "src_type": "If",
                "dst_type": "null",
                "src": "if (params.hasEnrollmentProgramIndicatorDimension()) {\n    return (\"count(\" + (quoteAlias(\"pi\"))) + \")\";\n}",
                "dst": "null",
                "src_parent_type": "Block",
                "dst_parent_type": "null",
                "src_parent": "{\n    if (params.hasEnrollmentProgramIndicatorDimension()) {\n        return (\"count(\" + (quoteAlias(\"pi\"))) + \")\";\n    }\n    return (\"count(distinct \" + (quoteAlias(\"pi\"))) + \")\";\n}",
                "dst_parent": "null"
              },
              "line": 504,
              "file": "/home/khesoem/projects/lighter/exp/dhis-2/dhis-services/dhis-service-analytics/src/main/java/org/hisp/dhis/analytics/event/data/AbstractJdbcEventAnalyticsManager.java"
            },
            {
              "pattern_action": "MOV",
              "pattern_entity": {
                "entity_type": "Statement",
                "entity_new value": "*",
                "entity_role": "*",
                "entity_parent": "null"
              },
              "concrete_change": {
                "operator": "MOV",
                "src_type": "Block",
                "dst_type": "Block",
                "src": "{\n    return (\"count(distinct \" + (quoteAlias(\"pi\"))) + \")\";\n}",
                "dst": "{\n    return (\"count(\" + (quoteAlias(\"pi\"))) + \")\";\n}",
                "src_parent_type": "If",
                "dst_parent_type": "If",
                "src_parent": "if (EventOutputType.ENROLLMENT.equals(outputType)) {\n    return (\"count(distinct \" + (quoteAlias(\"pi\"))) + \")\";\n} else {\n    return (\"count(\" + (quoteAlias(\"psi\"))) + \")\";\n}",
                "dst_parent": "if (params.hasEnrollmentProgramIndicatorDimension()) {\n    return (\"count(\" + (quoteAlias(\"pi\"))) + \")\";\n}"
              },
              "line": 503,
              "file": "/home/khesoem/projects/lighter/exp/dhis-2/dhis-services/dhis-service-analytics/src/main/java/org/hisp/dhis/analytics/event/data/AbstractJdbcEventAnalyticsManager.java",
              "stats": {
                "number_of_src_entities": 23,
                "number_of_dst_entities": 23,
                "src_entity_types": "[java.lang.String, org.hisp.dhis.analytics.event.data.AbstractJdbcEventAnalyticsManager]",
                "dst_entity_types": "[java.lang.String, org.hisp.dhis.analytics.event.data.AbstractJdbcEventAnalyticsManager]"
              }
            }
          ]
        }
      ]
    }
  ],
  "complete_analysis": true
}