{
  "instances": [
    {
      "revision": "2ab8efe33562a2a83071c34823b4e54462d8672d",
      "repairability": [
        {
          "tool-name": "Elixir",
          "pattern-name": "Elixir:check_length",
          "Unified_Diff_of-files:": "Starts Below...",
          "INSERT:": "        }",
          "DELETE:": "",
          "instance_detail": [
            {
              "pattern_action": "MOV",
              "pattern_entity": {
                "entity_type": "Statement",
                "entity_new value": "*",
                "entity_role": "*",
                "entity_parent": "null"
              },
              "concrete_change": {
                "operator": "MOV",
                "src_type": "Block",
                "dst_type": "Block",
                "src": "{\n    return org.hisp.dhis.query.Restrictions.in(\"id\", ids);\n}",
                "dst": "{\n    return org.hisp.dhis.query.Restrictions.in(\"id\", ids);\n}",
                "src_parent_type": "If",
                "dst_parent_type": "If",
                "src_parent": "if (TrackerIdScheme.CODE.equals(idScheme)) {\n    return org.hisp.dhis.query.Restrictions.in(\"code\", ids);\n} else {\n    return org.hisp.dhis.query.Restrictions.in(\"id\", ids);\n}",
                "dst_parent": "if (TrackerIdScheme.NAME.equals(idScheme)) {\n    return org.hisp.dhis.query.Restrictions.in(\"name\", ids);\n} else {\n    return org.hisp.dhis.query.Restrictions.in(\"id\", ids);\n}"
              },
              "line": 139,
              "file": "/home/khesoem/projects/lighter/exp/dhis-2/dhis-services/dhis-service-tracker/src/main/java/org/hisp/dhis/tracker/preheat/supplier/classStrategy/AbstractSchemaStrategy.java",
              "stats": {
                "number_of_src_entities": 26,
                "number_of_dst_entities": 26,
                "src_entity_types": "[org.hisp.dhis.query.Restrictions, java.lang.String, java.util.List\u003cjava.lang.String\u003e]",
                "dst_entity_types": "[org.hisp.dhis.query.Restrictions, java.lang.String, java.util.List\u003cjava.lang.String\u003e]"
              }
            },
            {
              "pattern_action": "INS",
              "pattern_entity": {
                "entity_type": "If",
                "entity_new value": "*",
                "entity_role": "*",
                "entity_parent": "null"
              },
              "concrete_change": {
                "operator": "INS",
                "src_type": "If",
                "dst_type": "null",
                "src": "if (TrackerIdScheme.NAME.equals(idScheme)) {\n    return org.hisp.dhis.query.Restrictions.in(\"name\", ids);\n} else {\n    return org.hisp.dhis.query.Restrictions.in(\"id\", ids);\n}",
                "dst": "null",
                "src_parent_type": "Block",
                "dst_parent_type": "null",
                "src_parent": "if (TrackerIdScheme.NAME.equals(idScheme)) {\n        return org.hisp.dhis.query.Restrictions.in(\"name\", ids);\n    } else {\n        return org.hisp.dhis.query.Restrictions.in(\"id\", ids);\n    }\n",
                "dst_parent": "null"
              },
              "line": 138,
              "file": "/home/khesoem/projects/lighter/exp/dhis-2/dhis-services/dhis-service-tracker/src/main/java/org/hisp/dhis/tracker/preheat/supplier/classStrategy/AbstractSchemaStrategy.java"
            }
          ]
        }
      ]
    },
    {
      "revision": "2ab8efe33562a2a83071c34823b4e54462d8672d",
      "repairability": [
        {
          "tool-name": "Elixir",
          "pattern-name": "Elixir:check_length",
          "Unified_Diff_of-files:": "Starts Below...",
          "INSERT:": "        }",
          "DELETE:": "",
          "instance_detail": [
            {
              "pattern_action": "MOV",
              "pattern_entity": {
                "entity_type": "Statement",
                "entity_new value": "*",
                "entity_role": "*",
                "entity_parent": "null"
              },
              "concrete_change": {
                "operator": "MOV",
                "src_type": "Block",
                "dst_type": "Block",
                "src": "if (identifier.getIdScheme().equals(TrackerIdScheme.ATTRIBUTE)) {\n        return java.util.Optional.ofNullable(identifier.getIdentifier(object));\n    }\n",
                "dst": "if (identifier.getIdScheme().equals(TrackerIdScheme.ATTRIBUTE)) {\n        return java.util.Optional.ofNullable(identifier.getIdentifier(object));\n    }\n",
                "src_parent_type": "If",
                "dst_parent_type": "If",
                "src_parent": "if (identifier.getIdScheme().equals(TrackerIdScheme.CODE)) {\n    return java.util.Optional.ofNullable(object.getCode());\n} else\n    if (identifier.getIdScheme().equals(TrackerIdScheme.ATTRIBUTE)) {\n        return java.util.Optional.ofNullable(identifier.getIdentifier(object));\n    }\n",
                "dst_parent": "if (identifier.getIdScheme().equals(TrackerIdScheme.NAME)) {\n    return java.util.Optional.ofNullable(object.getName());\n} else\n    if (identifier.getIdScheme().equals(TrackerIdScheme.ATTRIBUTE)) {\n        return java.util.Optional.ofNullable(identifier.getIdentifier(object));\n    }\n"
              },
              "line": 566,
              "file": "/home/khesoem/projects/lighter/exp/dhis-2/dhis-services/dhis-service-tracker/src/main/java/org/hisp/dhis/tracker/preheat/TrackerPreheat.java",
              "stats": {
                "number_of_src_entities": 42,
                "number_of_dst_entities": 42,
                "src_entity_types": "[TrackerIdScheme.ATTRIBUTE, java.util.Optional, org.hisp.dhis.tracker.TrackerIdentifier]",
                "dst_entity_types": "[TrackerIdScheme.ATTRIBUTE, java.util.Optional, org.hisp.dhis.tracker.TrackerIdentifier]"
              }
            },
            {
              "pattern_action": "INS",
              "pattern_entity": {
                "entity_type": "If",
                "entity_new value": "*",
                "entity_role": "*",
                "entity_parent": "null"
              },
              "concrete_change": {
                "operator": "INS",
                "src_type": "If",
                "dst_type": "null",
                "src": "if (identifier.getIdScheme().equals(TrackerIdScheme.NAME)) {\n    return java.util.Optional.ofNullable(object.getName());\n} else\n    if (identifier.getIdScheme().equals(TrackerIdScheme.ATTRIBUTE)) {\n        return java.util.Optional.ofNullable(identifier.getIdentifier(object));\n    }\n",
                "dst": "null",
                "src_parent_type": "Block",
                "dst_parent_type": "null",
                "src_parent": "if (identifier.getIdScheme().equals(TrackerIdScheme.NAME)) {\n        return java.util.Optional.ofNullable(object.getName());\n    } else\n        if (identifier.getIdScheme().equals(TrackerIdScheme.ATTRIBUTE)) {\n            return java.util.Optional.ofNullable(identifier.getIdentifier(object));\n        }\n\n",
                "dst_parent": "null"
              },
              "line": 566,
              "file": "/home/khesoem/projects/lighter/exp/dhis-2/dhis-services/dhis-service-tracker/src/main/java/org/hisp/dhis/tracker/preheat/TrackerPreheat.java"
            }
          ]
        }
      ]
    }
  ],
  "complete_analysis": true
}