{
  "instances": [
    {
      "revision": "2e475f7d87bc17e56e078252e7daa7db9fc3365c",
      "repairability": [
        {
          "tool-name": "Elixir",
          "pattern-name": "Elixir:update_type_ref",
          "Unified_Diff_of-files:": "Starts Below...",
          "CHANGE_old:": "            sharingUserAccess.setDisplayName( _user.getDisplayName() );",
          "CHANGE_new:": "            sharingUserAccess.setDisplayName( userDisplayName );",
          "INSERT:": "            }",
          "instance_detail": [
            {
              "pattern_action": "UPD",
              "pattern_entity": {
                "entity_type": "TypeReference",
                "entity_new value": "*",
                "entity_role": "*",
                "entity_parent": "null"
              },
              "concrete_change": {
                "operator": "UPD",
                "src_type": "TypeReference",
                "dst_type": "TypeReference",
                "src": "org.hisp.dhis.user.UserGroup",
                "dst": "java.lang.String",
                "src_parent_type": "LocalVariable",
                "dst_parent_type": "LocalVariable",
                "src_parent": "org.hisp.dhis.user.UserGroup userGroup \u003d userGroupService.getUserGroup(userGroupAccess.getId())",
                "dst_parent": "java.lang.String userGroupDisplayName \u003d userGroupService.getDisplayName(userGroupAccess.getId())"
              },
              "line": 186,
              "file": "/home/khesoem/projects/lighter/exp/dhis-2/dhis-web/dhis-web-api/src/main/java/org/hisp/dhis/webapi/controller/SharingController.java",
              "stats": {
                "number_of_src_entities": 2,
                "number_of_dst_entities": 2,
                "src_entity_types": "[org.hisp.dhis.user.UserGroup]",
                "dst_entity_types": "[java.lang.String]"
              }
            }
          ]
        },
        {
          "tool-name": "Elixir",
          "pattern-name": "Elixir:update_type_ref",
          "Unified_Diff_of-files:": "Starts Below...",
          "CHANGE_old:": "            sharingUserAccess.setDisplayName( _user.getDisplayName() );",
          "CHANGE_new:": "            sharingUserAccess.setDisplayName( userDisplayName );",
          "INSERT:": "            }",
          "instance_detail": [
            {
              "pattern_action": "UPD",
              "pattern_entity": {
                "entity_type": "TypeReference",
                "entity_new value": "*",
                "entity_role": "*",
                "entity_parent": "null"
              },
              "concrete_change": {
                "operator": "UPD",
                "src_type": "TypeReference",
                "dst_type": "TypeReference",
                "src": "org.hisp.dhis.user.User",
                "dst": "java.lang.String",
                "src_parent_type": "LocalVariable",
                "dst_parent_type": "LocalVariable",
                "src_parent": "org.hisp.dhis.user.User _user \u003d userService.getUser(userAccess.getUid())",
                "dst_parent": "java.lang.String userDisplayName \u003d userService.getDisplayName(userAccess.getUid())"
              },
              "line": 202,
              "file": "/home/khesoem/projects/lighter/exp/dhis-2/dhis-web/dhis-web-api/src/main/java/org/hisp/dhis/webapi/controller/SharingController.java",
              "stats": {
                "number_of_src_entities": 2,
                "number_of_dst_entities": 2,
                "src_entity_types": "[org.hisp.dhis.user.User]",
                "dst_entity_types": "[java.lang.String]"
              }
            }
          ]
        }
      ]
    },
    {
      "revision": "2e475f7d87bc17e56e078252e7daa7db9fc3365c",
      "repairability": [
        {
          "tool-name": "Elixir",
          "pattern-name": "Elixir:update_type_ref",
          "Unified_Diff_of-files:": "Starts Below...",
          "CHANGE_old:": "            sharingUserAccess.setDisplayName( _user.getDisplayName() );",
          "CHANGE_new:": "            sharingUserAccess.setDisplayName( userDisplayName );",
          "INSERT:": "            }",
          "instance_detail": [
            {
              "pattern_action": "UPD",
              "pattern_entity": {
                "entity_type": "TypeReference",
                "entity_new value": "*",
                "entity_role": "*",
                "entity_parent": "null"
              },
              "concrete_change": {
                "operator": "UPD",
                "src_type": "TypeReference",
                "dst_type": "TypeReference",
                "src": "org.hisp.dhis.user.UserGroup",
                "dst": "java.lang.String",
                "src_parent_type": "Field",
                "dst_parent_type": "Field",
                "src_parent": "private transient org.hisp.dhis.user.UserGroup userGroup;",
                "dst_parent": "private java.lang.String displayName;"
              },
              "line": 51,
              "file": "/home/khesoem/projects/lighter/exp/dhis-2/dhis-api/src/main/java/org/hisp/dhis/user/UserGroupAccess.java",
              "stats": {
                "number_of_src_entities": 2,
                "number_of_dst_entities": 2,
                "src_entity_types": "[org.hisp.dhis.user.UserGroup]",
                "dst_entity_types": "[java.lang.String]"
              }
            }
          ]
        },
        {
          "tool-name": "Elixir",
          "pattern-name": "Elixir:update_type_ref",
          "Unified_Diff_of-files:": "Starts Below...",
          "CHANGE_old:": "            sharingUserAccess.setDisplayName( _user.getDisplayName() );",
          "CHANGE_new:": "            sharingUserAccess.setDisplayName( userDisplayName );",
          "INSERT:": "            }",
          "instance_detail": [
            {
              "pattern_action": "UPD",
              "pattern_entity": {
                "entity_type": "TypeReference",
                "entity_new value": "*",
                "entity_role": "*",
                "entity_parent": "null"
              },
              "concrete_change": {
                "operator": "UPD",
                "src_type": "TypeReference",
                "dst_type": "TypeReference",
                "src": "boolean",
                "dst": "void",
                "src_parent_type": "Method",
                "dst_parent_type": "Method",
                "src_parent": "public boolean userGroupContainsUser(org.hisp.dhis.user.User user) {\n    if ((userGroup) !\u003d null) {\n        return userGroup.getMembers().stream().anyMatch(( u) -\u003e (u.getId()) \u003d\u003d (user.getId()));\n    }\n    return false;\n}",
                "dst_parent": "@com.fasterxml.jackson.annotation.JsonProperty\npublic void setUserGroup(org.hisp.dhis.user.UserGroup userGroup) {\n    this.setUid(userGroup.getUid());\n    this.displayName \u003d userGroup.getDisplayName();\n}"
              },
              "line": 129,
              "file": "/home/khesoem/projects/lighter/exp/dhis-2/dhis-api/src/main/java/org/hisp/dhis/user/UserGroupAccess.java",
              "stats": {
                "number_of_src_entities": 1,
                "number_of_dst_entities": 1,
                "src_entity_types": "[boolean]",
                "dst_entity_types": "[void]"
              }
            }
          ]
        },
        {
          "tool-name": "Elixir",
          "pattern-name": "Elixir:Insert_Invocation",
          "Unified_Diff_of-files:": "Starts Below...",
          "CHANGE_old:": "            sharingUserAccess.setDisplayName( _user.getDisplayName() );",
          "CHANGE_new:": "            sharingUserAccess.setDisplayName( userDisplayName );",
          "INSERT:": "            }",
          "instance_detail": [
            {
              "pattern_action": "INS",
              "pattern_entity": {
                "entity_type": "AbstractInvocation",
                "entity_new value": "*",
                "entity_role": "*",
                "entity_parent": "null"
              },
              "concrete_change": {
                "operator": "INS",
                "src_type": "Invocation",
                "dst_type": "null",
                "src": "userGroup.getUid()",
                "dst": "null",
                "src_parent_type": "Assignment",
                "dst_parent_type": "null",
                "src_parent": "this.uid \u003d userGroup.getUid()",
                "dst_parent": "null"
              },
              "line": 61,
              "file": "/home/khesoem/projects/lighter/exp/dhis-2/dhis-api/src/main/java/org/hisp/dhis/user/UserGroupAccess.java",
              "stats": {
                "number_of_src_entities": 10,
                "number_of_dst_entities": -1,
                "src_entity_types": "[org.hisp.dhis.user.UserGroup]",
                "dst_entity_types": "[]"
              }
            }
          ]
        },
        {
          "tool-name": "Elixir",
          "pattern-name": "Elixir:Insert_Invocation",
          "Unified_Diff_of-files:": "Starts Below...",
          "CHANGE_old:": "            sharingUserAccess.setDisplayName( _user.getDisplayName() );",
          "CHANGE_new:": "            sharingUserAccess.setDisplayName( userDisplayName );",
          "INSERT:": "            }",
          "instance_detail": [
            {
              "pattern_action": "INS",
              "pattern_entity": {
                "entity_type": "AbstractInvocation",
                "entity_new value": "*",
                "entity_role": "*",
                "entity_parent": "null"
              },
              "concrete_change": {
                "operator": "INS",
                "src_type": "Invocation",
                "dst_type": "null",
                "src": "userGroup.getDisplayName()",
                "dst": "null",
                "src_parent_type": "Assignment",
                "dst_parent_type": "null",
                "src_parent": "this.displayName \u003d userGroup.getDisplayName()",
                "dst_parent": "null"
              },
              "line": 134,
              "file": "/home/khesoem/projects/lighter/exp/dhis-2/dhis-api/src/main/java/org/hisp/dhis/user/UserGroupAccess.java",
              "stats": {
                "number_of_src_entities": 10,
                "number_of_dst_entities": -1,
                "src_entity_types": "[org.hisp.dhis.user.UserGroup]",
                "dst_entity_types": "[]"
              }
            }
          ]
        },
        {
          "tool-name": "Elixir",
          "pattern-name": "Elixir:update_invocation_deep",
          "Unified_Diff_of-files:": "Starts Below...",
          "CHANGE_old:": "            sharingUserAccess.setDisplayName( _user.getDisplayName() );",
          "CHANGE_new:": "            sharingUserAccess.setDisplayName( userDisplayName );",
          "INSERT:": "            }",
          "instance_detail": [
            {
              "pattern_action": "ANY",
              "pattern_entity": {
                "entity_type": "*",
                "entity_new value": "*",
                "entity_role": "*",
                "entity_parent": {
                  "entity_type": "AbstractInvocation",
                  "entity_new value": "*",
                  "entity_role": "*",
                  "entity_parent": "null"
                }
              },
              "concrete_change": {
                "operator": "UPD",
                "src_type": "VariableRead",
                "dst_type": "VariableRead",
                "src": "user",
                "dst": "userGroup",
                "src_parent_type": "Invocation",
                "dst_parent_type": "Invocation",
                "src_parent": "(user.getId())",
                "dst_parent": "userGroup.getUid()"
              },
              "line": 133,
              "file": "/home/khesoem/projects/lighter/exp/dhis-2/dhis-api/src/main/java/org/hisp/dhis/user/UserGroupAccess.java",
              "stats": {
                "number_of_src_entities": 2,
                "number_of_dst_entities": 4,
                "src_entity_types": "[]",
                "dst_entity_types": "[org.hisp.dhis.user.UserGroup]"
              }
            }
          ]
        }
      ]
    },
    {
      "revision": "2e475f7d87bc17e56e078252e7daa7db9fc3365c",
      "repairability": [
        {
          "tool-name": "Elixir",
          "pattern-name": "Elixir:update_type_ref",
          "Unified_Diff_of-files:": "Starts Below...",
          "CHANGE_old:": "            sharingUserAccess.setDisplayName( _user.getDisplayName() );",
          "CHANGE_new:": "            sharingUserAccess.setDisplayName( userDisplayName );",
          "INSERT:": "            }",
          "instance_detail": [
            {
              "pattern_action": "UPD",
              "pattern_entity": {
                "entity_type": "TypeReference",
                "entity_new value": "*",
                "entity_role": "*",
                "entity_parent": "null"
              },
              "concrete_change": {
                "operator": "UPD",
                "src_type": "TypeReference",
                "dst_type": "TypeReference",
                "src": "org.hisp.dhis.user.User",
                "dst": "java.lang.String",
                "src_parent_type": "Field",
                "dst_parent_type": "Field",
                "src_parent": "private transient org.hisp.dhis.user.User user;",
                "dst_parent": "private java.lang.String displayName;"
              },
              "line": 51,
              "file": "/home/khesoem/projects/lighter/exp/dhis-2/dhis-api/src/main/java/org/hisp/dhis/user/UserAccess.java",
              "stats": {
                "number_of_src_entities": 2,
                "number_of_dst_entities": 2,
                "src_entity_types": "[org.hisp.dhis.user.User]",
                "dst_entity_types": "[java.lang.String]"
              }
            }
          ]
        },
        {
          "tool-name": "Elixir",
          "pattern-name": "Elixir:Insert_Invocation",
          "Unified_Diff_of-files:": "Starts Below...",
          "CHANGE_old:": "            sharingUserAccess.setDisplayName( _user.getDisplayName() );",
          "CHANGE_new:": "            sharingUserAccess.setDisplayName( userDisplayName );",
          "INSERT:": "            }",
          "instance_detail": [
            {
              "pattern_action": "INS",
              "pattern_entity": {
                "entity_type": "AbstractInvocation",
                "entity_new value": "*",
                "entity_role": "*",
                "entity_parent": "null"
              },
              "concrete_change": {
                "operator": "INS",
                "src_type": "Invocation",
                "dst_type": "null",
                "src": "user.getUid()",
                "dst": "null",
                "src_parent_type": "Assignment",
                "dst_parent_type": "null",
                "src_parent": "this.uid \u003d user.getUid()",
                "dst_parent": "null"
              },
              "line": 61,
              "file": "/home/khesoem/projects/lighter/exp/dhis-2/dhis-api/src/main/java/org/hisp/dhis/user/UserAccess.java",
              "stats": {
                "number_of_src_entities": 10,
                "number_of_dst_entities": -1,
                "src_entity_types": "[org.hisp.dhis.user.User]",
                "dst_entity_types": "[]"
              }
            }
          ]
        },
        {
          "tool-name": "Elixir",
          "pattern-name": "Elixir:Insert_Invocation",
          "Unified_Diff_of-files:": "Starts Below...",
          "CHANGE_old:": "            sharingUserAccess.setDisplayName( _user.getDisplayName() );",
          "CHANGE_new:": "            sharingUserAccess.setDisplayName( userDisplayName );",
          "INSERT:": "            }",
          "instance_detail": [
            {
              "pattern_action": "INS",
              "pattern_entity": {
                "entity_type": "AbstractInvocation",
                "entity_new value": "*",
                "entity_role": "*",
                "entity_parent": "null"
              },
              "concrete_change": {
                "operator": "INS",
                "src_type": "Invocation",
                "dst_type": "null",
                "src": "user.getUid()",
                "dst": "null",
                "src_parent_type": "Assignment",
                "dst_parent_type": "null",
                "src_parent": "this.uid \u003d user.getUid()",
                "dst_parent": "null"
              },
              "line": 133,
              "file": "/home/khesoem/projects/lighter/exp/dhis-2/dhis-api/src/main/java/org/hisp/dhis/user/UserAccess.java",
              "stats": {
                "number_of_src_entities": 10,
                "number_of_dst_entities": -1,
                "src_entity_types": "[org.hisp.dhis.user.User]",
                "dst_entity_types": "[]"
              }
            }
          ]
        }
      ]
    }
  ],
  "complete_analysis": true
}