{
  "instances": [
    {
      "revision": "338a47b053533e7c4021c3be94852d5b29e79a19",
      "repairability": [
        {
          "tool-name": "Elixir",
          "pattern-name": "Elixir:check_length",
          "Unified_Diff_of-files:": "Starts Below...",
          "DELETE:": "import org.hisp.dhis.tracker.TrackerType;",
          "CHANGE_old:": "",
          "CHANGE_new:": "            if ( removeOnError() \u0026\u0026 didNotPassValidation( reporter, rel.getRelationship() ) )",
          "INSERT:": "}",
          "instance_detail": [
            {
              "pattern_action": "INS",
              "pattern_entity": {
                "entity_type": "If",
                "entity_new value": "*",
                "entity_role": "*",
                "entity_parent": "null"
              },
              "concrete_change": {
                "operator": "INS",
                "src_type": "If",
                "dst_type": "null",
                "src": "if (!(this.errorReports.contains(report))) {\n    this.errorReports.add(report);\n}",
                "dst": "null",
                "src_parent_type": "Block",
                "dst_parent_type": "null",
                "src_parent": "{\n    if (!(this.errorReports.contains(report))) {\n        this.errorReports.add(report);\n    }\n}",
                "dst_parent": "null"
              },
              "line": 113,
              "file": "/home/khesoem/projects/lighter/exp/dhis-2/dhis-services/dhis-service-tracker/src/main/java/org/hisp/dhis/tracker/report/TrackerValidationReport.java"
            },
            {
              "pattern_action": "MOV",
              "pattern_entity": {
                "entity_type": "Statement",
                "entity_new value": "*",
                "entity_role": "*",
                "entity_parent": "null"
              },
              "concrete_change": {
                "operator": "MOV",
                "src_type": "Invocation",
                "dst_type": "Invocation",
                "src": "this.errorReports.addAll(errorReports)",
                "dst": "(this.errorReports.contains(report))",
                "src_parent_type": "Block",
                "dst_parent_type": "UnaryOperator",
                "src_parent": "{\n    this.errorReports.addAll(errorReports);\n}",
                "dst_parent": "!(this.errorReports.contains(report))"
              },
              "line": 82,
              "file": "/home/khesoem/projects/lighter/exp/dhis-2/dhis-services/dhis-service-tracker/src/main/java/org/hisp/dhis/tracker/report/TrackerValidationReport.java",
              "stats": {
                "number_of_src_entities": 30,
                "number_of_dst_entities": 26,
                "src_entity_types": "[org.hisp.dhis.tracker.report.TrackerValidationReport, java.util.List\u003corg.hisp.dhis.tracker.report.TrackerErrorReport\u003e, org.hisp.dhis.tracker.report.TrackerErrorReport]",
                "dst_entity_types": "[org.hisp.dhis.tracker.report.TrackerValidationReport, java.util.List\u003corg.hisp.dhis.tracker.report.TrackerErrorReport\u003e, org.hisp.dhis.tracker.report.TrackerErrorReport]"
              }
            }
          ]
        },
        {
          "tool-name": "Elixir",
          "pattern-name": "Elixir:check_length",
          "Unified_Diff_of-files:": "Starts Below...",
          "DELETE:": "import org.hisp.dhis.tracker.TrackerType;",
          "CHANGE_old:": "",
          "CHANGE_new:": "            if ( removeOnError() \u0026\u0026 didNotPassValidation( reporter, rel.getRelationship() ) )",
          "INSERT:": "}",
          "instance_detail": [
            {
              "pattern_action": "INS",
              "pattern_entity": {
                "entity_type": "If",
                "entity_new value": "*",
                "entity_role": "*",
                "entity_parent": "null"
              },
              "concrete_change": {
                "operator": "INS",
                "src_type": "If",
                "dst_type": "null",
                "src": "if (!(this.errorReports.contains(report))) {\n    this.errorReports.add(report);\n}",
                "dst": "null",
                "src_parent_type": "Block",
                "dst_parent_type": "null",
                "src_parent": "{\n    if (!(this.errorReports.contains(report))) {\n        this.errorReports.add(report);\n    }\n}",
                "dst_parent": "null"
              },
              "line": 113,
              "file": "/home/khesoem/projects/lighter/exp/dhis-2/dhis-services/dhis-service-tracker/src/main/java/org/hisp/dhis/tracker/report/TrackerValidationReport.java"
            },
            {
              "pattern_action": "MOV",
              "pattern_entity": {
                "entity_type": "Statement",
                "entity_new value": "*",
                "entity_role": "*",
                "entity_parent": "null"
              },
              "concrete_change": {
                "operator": "MOV",
                "src_type": "Invocation",
                "dst_type": "Invocation",
                "src": "this.errorReports.addAll(validationReporter.getReportList())",
                "dst": "this.errorReports.add(report)",
                "src_parent_type": "Block",
                "dst_parent_type": "Block",
                "src_parent": "{\n    this.errorReports.addAll(validationReporter.getReportList());\n    this.warningReports.addAll(validationReporter.getWarningsReportList());\n}",
                "dst_parent": "{\n    this.errorReports.add(report);\n}"
              },
              "line": 76,
              "file": "/home/khesoem/projects/lighter/exp/dhis-2/dhis-services/dhis-service-tracker/src/main/java/org/hisp/dhis/tracker/report/TrackerValidationReport.java",
              "stats": {
                "number_of_src_entities": 28,
                "number_of_dst_entities": 26,
                "src_entity_types": "[org.hisp.dhis.tracker.report.TrackerValidationReport, java.util.List\u003corg.hisp.dhis.tracker.report.TrackerErrorReport\u003e, org.hisp.dhis.tracker.report.TrackerErrorReport, org.hisp.dhis.tracker.report.ValidationErrorReporter]",
                "dst_entity_types": "[org.hisp.dhis.tracker.report.TrackerValidationReport, java.util.List\u003corg.hisp.dhis.tracker.report.TrackerErrorReport\u003e, org.hisp.dhis.tracker.report.TrackerErrorReport]"
              }
            }
          ]
        }
      ]
    }
  ],
  "complete_analysis": true
}