{
  "instances": [
    {
      "revision": "ab908149c6085d63709e91e20c864d6b9cda4849",
      "repairability": [
        {
          "tool-name": "Elixir",
          "pattern-name": "Elixir:update_type_ref",
          "Unified_Diff_of-files:": "Starts Below...",
          "INSERT:": "    @Autowired",
          "CHANGE_old:": "        return visualizationService.getVisualizationGrid( uid, date, organisationUnitUid );",
          "CHANGE_new:": "        return visualizationGridService.getVisualizationGrid( uid, date, organisationUnitUid );",
          "instance_detail": [
            {
              "pattern_action": "UPD",
              "pattern_entity": {
                "entity_type": "TypeReference",
                "entity_new value": "*",
                "entity_role": "*",
                "entity_parent": "null"
              },
              "concrete_change": {
                "operator": "UPD",
                "src_type": "TypeReference",
                "dst_type": "TypeReference",
                "src": "org.hisp.dhis.visualization.VisualizationService",
                "dst": "org.hisp.dhis.visualization.VisualizationGridService",
                "src_parent_type": "Field",
                "dst_parent_type": "Field",
                "src_parent": "private final org.hisp.dhis.visualization.VisualizationService visualizationService;",
                "dst_parent": "private final org.hisp.dhis.visualization.VisualizationGridService visualizationService;"
              },
              "line": 98,
              "file": "/home/khesoem/projects/lighter/exp/dhis-2/dhis-services/dhis-service-reporting/src/main/java/org/hisp/dhis/report/impl/DefaultReportService.java",
              "stats": {
                "number_of_src_entities": 2,
                "number_of_dst_entities": 2,
                "src_entity_types": "[org.hisp.dhis.visualization.VisualizationService]",
                "dst_entity_types": "[org.hisp.dhis.visualization.VisualizationGridService]"
              }
            }
          ]
        },
        {
          "tool-name": "Elixir",
          "pattern-name": "Elixir:update_type_ref",
          "Unified_Diff_of-files:": "Starts Below...",
          "INSERT:": "    @Autowired",
          "CHANGE_old:": "        return visualizationService.getVisualizationGrid( uid, date, organisationUnitUid );",
          "CHANGE_new:": "        return visualizationGridService.getVisualizationGrid( uid, date, organisationUnitUid );",
          "instance_detail": [
            {
              "pattern_action": "UPD",
              "pattern_entity": {
                "entity_type": "TypeReference",
                "entity_new value": "*",
                "entity_role": "*",
                "entity_parent": "null"
              },
              "concrete_change": {
                "operator": "UPD",
                "src_type": "TypeReference",
                "dst_type": "TypeReference",
                "src": "org.hisp.dhis.visualization.VisualizationService",
                "dst": "org.hisp.dhis.visualization.VisualizationGridService",
                "src_parent_type": "Parameter",
                "dst_parent_type": "Parameter",
                "src_parent": "org.hisp.dhis.visualization.VisualizationService visualizationService",
                "dst_parent": "org.hisp.dhis.visualization.VisualizationGridService visualizationService"
              },
              "line": 114,
              "file": "/home/khesoem/projects/lighter/exp/dhis-2/dhis-services/dhis-service-reporting/src/main/java/org/hisp/dhis/report/impl/DefaultReportService.java",
              "stats": {
                "number_of_src_entities": 2,
                "number_of_dst_entities": 2,
                "src_entity_types": "[org.hisp.dhis.visualization.VisualizationService]",
                "dst_entity_types": "[org.hisp.dhis.visualization.VisualizationGridService]"
              }
            }
          ]
        }
      ]
    },
    {
      "revision": "ab908149c6085d63709e91e20c864d6b9cda4849",
      "repairability": [
        {
          "tool-name": "Elixir",
          "pattern-name": "Elixir:update_type_ref",
          "Unified_Diff_of-files:": "Starts Below...",
          "INSERT:": "    @Autowired",
          "CHANGE_old:": "        return visualizationService.getVisualizationGrid( uid, date, organisationUnitUid );",
          "CHANGE_new:": "        return visualizationGridService.getVisualizationGrid( uid, date, organisationUnitUid );",
          "instance_detail": [
            {
              "pattern_action": "UPD",
              "pattern_entity": {
                "entity_type": "TypeReference",
                "entity_new value": "*",
                "entity_role": "*",
                "entity_parent": "null"
              },
              "concrete_change": {
                "operator": "UPD",
                "src_type": "TypeReference",
                "dst_type": "TypeReference",
                "src": "org.hisp.dhis.visualization.VisualizationService",
                "dst": "org.hisp.dhis.visualization.VisualizationGridService",
                "src_parent_type": "Field",
                "dst_parent_type": "Field",
                "src_parent": "private final org.hisp.dhis.visualization.VisualizationService visualizationService;",
                "dst_parent": "private final org.hisp.dhis.visualization.VisualizationGridService visualizationService;"
              },
              "line": 110,
              "file": "/home/khesoem/projects/lighter/exp/dhis-2/dhis-services/dhis-service-reporting/src/main/java/org/hisp/dhis/pushanalysis/DefaultPushAnalysisService.java",
              "stats": {
                "number_of_src_entities": 2,
                "number_of_dst_entities": 2,
                "src_entity_types": "[org.hisp.dhis.visualization.VisualizationService]",
                "dst_entity_types": "[org.hisp.dhis.visualization.VisualizationGridService]"
              }
            }
          ]
        },
        {
          "tool-name": "Elixir",
          "pattern-name": "Elixir:update_type_ref",
          "Unified_Diff_of-files:": "Starts Below...",
          "INSERT:": "    @Autowired",
          "CHANGE_old:": "        return visualizationService.getVisualizationGrid( uid, date, organisationUnitUid );",
          "CHANGE_new:": "        return visualizationGridService.getVisualizationGrid( uid, date, organisationUnitUid );",
          "instance_detail": [
            {
              "pattern_action": "UPD",
              "pattern_entity": {
                "entity_type": "TypeReference",
                "entity_new value": "*",
                "entity_role": "*",
                "entity_parent": "null"
              },
              "concrete_change": {
                "operator": "UPD",
                "src_type": "TypeReference",
                "dst_type": "TypeReference",
                "src": "org.hisp.dhis.visualization.VisualizationService",
                "dst": "org.hisp.dhis.visualization.VisualizationGridService",
                "src_parent_type": "Parameter",
                "dst_parent_type": "Parameter",
                "src_parent": "org.hisp.dhis.visualization.VisualizationService visualizationService",
                "dst_parent": "org.hisp.dhis.visualization.VisualizationGridService visualizationService"
              },
              "line": 123,
              "file": "/home/khesoem/projects/lighter/exp/dhis-2/dhis-services/dhis-service-reporting/src/main/java/org/hisp/dhis/pushanalysis/DefaultPushAnalysisService.java",
              "stats": {
                "number_of_src_entities": 2,
                "number_of_dst_entities": 2,
                "src_entity_types": "[org.hisp.dhis.visualization.VisualizationService]",
                "dst_entity_types": "[org.hisp.dhis.visualization.VisualizationGridService]"
              }
            }
          ]
        }
      ]
    },
    {
      "revision": "ab908149c6085d63709e91e20c864d6b9cda4849",
      "repairability": [
        {
          "tool-name": "Elixir",
          "pattern-name": "Elixir:update_type_ref",
          "Unified_Diff_of-files:": "Starts Below...",
          "INSERT:": "    @Autowired",
          "CHANGE_old:": "        return visualizationService.getVisualizationGrid( uid, date, organisationUnitUid );",
          "CHANGE_new:": "        return visualizationGridService.getVisualizationGrid( uid, date, organisationUnitUid );",
          "instance_detail": [
            {
              "pattern_action": "UPD",
              "pattern_entity": {
                "entity_type": "TypeReference",
                "entity_new value": "*",
                "entity_role": "*",
                "entity_parent": "null"
              },
              "concrete_change": {
                "operator": "UPD",
                "src_type": "TypeReference",
                "dst_type": "TypeReference",
                "src": "org.hisp.dhis.common.AnalyticalObjectStore\u003corg.hisp.dhis.visualization.Visualization\u003e",
                "dst": "org.hisp.dhis.visualization.VisualizationService",
                "src_parent_type": "Field",
                "dst_parent_type": "Field",
                "src_parent": "private final org.hisp.dhis.common.AnalyticalObjectStore\u003corg.hisp.dhis.visualization.Visualization\u003e visualizationStore;",
                "dst_parent": "private final org.hisp.dhis.visualization.VisualizationService visualizationService;"
              },
              "line": 63,
              "file": "/home/khesoem/projects/lighter/exp/dhis-2/dhis-services/dhis-service-reporting/src/main/java/org/hisp/dhis/visualization/impl/DefaultVisualizationService.java",
              "stats": {
                "number_of_src_entities": 4,
                "number_of_dst_entities": 2,
                "src_entity_types": "[org.hisp.dhis.visualization.Visualization, org.hisp.dhis.common.AnalyticalObjectStore\u003corg.hisp.dhis.visualization.Visualization\u003e]",
                "dst_entity_types": "[org.hisp.dhis.visualization.VisualizationService]"
              }
            }
          ]
        },
        {
          "tool-name": "Elixir",
          "pattern-name": "Elixir:update_type_ref",
          "Unified_Diff_of-files:": "Starts Below...",
          "INSERT:": "    @Autowired",
          "CHANGE_old:": "        return visualizationService.getVisualizationGrid( uid, date, organisationUnitUid );",
          "CHANGE_new:": "        return visualizationGridService.getVisualizationGrid( uid, date, organisationUnitUid );",
          "instance_detail": [
            {
              "pattern_action": "UPD",
              "pattern_entity": {
                "entity_type": "TypeReference",
                "entity_new value": "*",
                "entity_role": "*",
                "entity_parent": "null"
              },
              "concrete_change": {
                "operator": "UPD",
                "src_type": "TypeReference",
                "dst_type": "TypeReference",
                "src": "org.hisp.dhis.analytics.AnalyticsService",
                "dst": "org.hisp.dhis.visualization.VisualizationService",
                "src_parent_type": "ParameterReference",
                "dst_parent_type": "Parameter",
                "src_parent": "analyticsService",
                "dst_parent": "org.hisp.dhis.visualization.VisualizationService visualizationService"
              },
              "line": 73,
              "file": "/home/khesoem/projects/lighter/exp/dhis-2/dhis-services/dhis-service-reporting/src/main/java/org/hisp/dhis/visualization/impl/DefaultVisualizationService.java",
              "stats": {
                "number_of_src_entities": 2,
                "number_of_dst_entities": 2,
                "src_entity_types": "[org.hisp.dhis.analytics.AnalyticsService]",
                "dst_entity_types": "[org.hisp.dhis.visualization.VisualizationService]"
              }
            }
          ]
        },
        {
          "tool-name": "Elixir",
          "pattern-name": "Elixir:update_type_ref",
          "Unified_Diff_of-files:": "Starts Below...",
          "INSERT:": "    @Autowired",
          "CHANGE_old:": "        return visualizationService.getVisualizationGrid( uid, date, organisationUnitUid );",
          "CHANGE_new:": "        return visualizationGridService.getVisualizationGrid( uid, date, organisationUnitUid );",
          "instance_detail": [
            {
              "pattern_action": "UPD",
              "pattern_entity": {
                "entity_type": "TypeReference",
                "entity_new value": "*",
                "entity_role": "*",
                "entity_parent": "null"
              },
              "concrete_change": {
                "operator": "UPD",
                "src_type": "TypeReference",
                "dst_type": "TypeReference",
                "src": "org.hisp.dhis.common.AnalyticalObjectStore\u003corg.hisp.dhis.visualization.Visualization\u003e",
                "dst": "org.hisp.dhis.analytics.AnalyticsService",
                "src_parent_type": "ParameterReference",
                "dst_parent_type": "Parameter",
                "src_parent": "visualizationStore",
                "dst_parent": "org.hisp.dhis.analytics.AnalyticsService analyticsService"
              },
              "line": 75,
              "file": "/home/khesoem/projects/lighter/exp/dhis-2/dhis-services/dhis-service-reporting/src/main/java/org/hisp/dhis/visualization/impl/DefaultVisualizationService.java",
              "stats": {
                "number_of_src_entities": 4,
                "number_of_dst_entities": 2,
                "src_entity_types": "[org.hisp.dhis.visualization.Visualization, org.hisp.dhis.common.AnalyticalObjectStore\u003corg.hisp.dhis.visualization.Visualization\u003e]",
                "dst_entity_types": "[org.hisp.dhis.analytics.AnalyticsService]"
              }
            }
          ]
        },
        {
          "tool-name": "Elixir",
          "pattern-name": "Elixir:update_invocation_deep",
          "Unified_Diff_of-files:": "Starts Below...",
          "INSERT:": "    @Autowired",
          "CHANGE_old:": "        return visualizationService.getVisualizationGrid( uid, date, organisationUnitUid );",
          "CHANGE_new:": "        return visualizationGridService.getVisualizationGrid( uid, date, organisationUnitUid );",
          "instance_detail": [
            {
              "pattern_action": "ANY",
              "pattern_entity": {
                "entity_type": "*",
                "entity_new value": "*",
                "entity_role": "*",
                "entity_parent": {
                  "entity_type": "AbstractInvocation",
                  "entity_new value": "*",
                  "entity_role": "*",
                  "entity_parent": "null"
                }
              },
              "concrete_change": {
                "operator": "UPD",
                "src_type": "TypeAccess",
                "dst_type": "TypeAccess",
                "src": "org.hisp.dhis.visualization.impl.DefaultVisualizationService",
                "dst": "org.hisp.dhis.visualization.DefaultVisualizationGridService",
                "src_parent_type": "ThisAccess",
                "dst_parent_type": "ThisAccess",
                "src_parent": "",
                "dst_parent": ""
              },
              "stats": {
                "number_of_src_entities": 3,
                "number_of_dst_entities": 3,
                "src_entity_types": "[org.hisp.dhis.visualization.impl.DefaultVisualizationService]",
                "dst_entity_types": "[org.hisp.dhis.visualization.DefaultVisualizationGridService]"
              }
            }
          ]
        },
        {
          "tool-name": "Elixir",
          "pattern-name": "Elixir:update_invocation_deep",
          "Unified_Diff_of-files:": "Starts Below...",
          "INSERT:": "    @Autowired",
          "CHANGE_old:": "        return visualizationService.getVisualizationGrid( uid, date, organisationUnitUid );",
          "CHANGE_new:": "        return visualizationGridService.getVisualizationGrid( uid, date, organisationUnitUid );",
          "instance_detail": [
            {
              "pattern_action": "ANY",
              "pattern_entity": {
                "entity_type": "*",
                "entity_new value": "*",
                "entity_role": "*",
                "entity_parent": {
                  "entity_type": "AbstractInvocation",
                  "entity_new value": "*",
                  "entity_role": "*",
                  "entity_parent": "null"
                }
              },
              "concrete_change": {
                "operator": "UPD",
                "src_type": "TypeAccess",
                "dst_type": "TypeAccess",
                "src": "org.hisp.dhis.visualization.impl.DefaultVisualizationService",
                "dst": "org.hisp.dhis.visualization.DefaultVisualizationGridService",
                "src_parent_type": "ThisAccess",
                "dst_parent_type": "ThisAccess",
                "src_parent": "",
                "dst_parent": ""
              },
              "stats": {
                "number_of_src_entities": 3,
                "number_of_dst_entities": 3,
                "src_entity_types": "[org.hisp.dhis.visualization.impl.DefaultVisualizationService]",
                "dst_entity_types": "[org.hisp.dhis.visualization.DefaultVisualizationGridService]"
              }
            }
          ]
        },
        {
          "tool-name": "Elixir",
          "pattern-name": "Elixir:update_invocation_deep",
          "Unified_Diff_of-files:": "Starts Below...",
          "INSERT:": "    @Autowired",
          "CHANGE_old:": "        return visualizationService.getVisualizationGrid( uid, date, organisationUnitUid );",
          "CHANGE_new:": "        return visualizationGridService.getVisualizationGrid( uid, date, organisationUnitUid );",
          "instance_detail": [
            {
              "pattern_action": "ANY",
              "pattern_entity": {
                "entity_type": "*",
                "entity_new value": "*",
                "entity_role": "*",
                "entity_parent": {
                  "entity_type": "AbstractInvocation",
                  "entity_new value": "*",
                  "entity_role": "*",
                  "entity_parent": "null"
                }
              },
              "concrete_change": {
                "operator": "UPD",
                "src_type": "TypeAccess",
                "dst_type": "TypeAccess",
                "src": "org.hisp.dhis.visualization.impl.DefaultVisualizationService",
                "dst": "org.hisp.dhis.visualization.DefaultVisualizationGridService",
                "src_parent_type": "ThisAccess",
                "dst_parent_type": "ThisAccess",
                "src_parent": "",
                "dst_parent": ""
              },
              "stats": {
                "number_of_src_entities": 3,
                "number_of_dst_entities": 3,
                "src_entity_types": "[org.hisp.dhis.visualization.impl.DefaultVisualizationService]",
                "dst_entity_types": "[org.hisp.dhis.visualization.DefaultVisualizationGridService]"
              }
            }
          ]
        },
        {
          "tool-name": "Elixir",
          "pattern-name": "Elixir:update_invocation_deep",
          "Unified_Diff_of-files:": "Starts Below...",
          "INSERT:": "    @Autowired",
          "CHANGE_old:": "        return visualizationService.getVisualizationGrid( uid, date, organisationUnitUid );",
          "CHANGE_new:": "        return visualizationGridService.getVisualizationGrid( uid, date, organisationUnitUid );",
          "instance_detail": [
            {
              "pattern_action": "ANY",
              "pattern_entity": {
                "entity_type": "*",
                "entity_new value": "*",
                "entity_role": "*",
                "entity_parent": {
                  "entity_type": "AbstractInvocation",
                  "entity_new value": "*",
                  "entity_role": "*",
                  "entity_parent": "null"
                }
              },
              "concrete_change": {
                "operator": "UPD",
                "src_type": "TypeAccess",
                "dst_type": "TypeAccess",
                "src": "org.hisp.dhis.visualization.impl.DefaultVisualizationService",
                "dst": "org.hisp.dhis.visualization.DefaultVisualizationGridService",
                "src_parent_type": "ThisAccess",
                "dst_parent_type": "ThisAccess",
                "src_parent": "",
                "dst_parent": ""
              },
              "stats": {
                "number_of_src_entities": 3,
                "number_of_dst_entities": 3,
                "src_entity_types": "[org.hisp.dhis.visualization.impl.DefaultVisualizationService]",
                "dst_entity_types": "[org.hisp.dhis.visualization.DefaultVisualizationGridService]"
              }
            }
          ]
        },
        {
          "tool-name": "Elixir",
          "pattern-name": "Elixir:update_invocation_deep",
          "Unified_Diff_of-files:": "Starts Below...",
          "INSERT:": "    @Autowired",
          "CHANGE_old:": "        return visualizationService.getVisualizationGrid( uid, date, organisationUnitUid );",
          "CHANGE_new:": "        return visualizationGridService.getVisualizationGrid( uid, date, organisationUnitUid );",
          "instance_detail": [
            {
              "pattern_action": "ANY",
              "pattern_entity": {
                "entity_type": "*",
                "entity_new value": "*",
                "entity_role": "*",
                "entity_parent": {
                  "entity_type": "AbstractInvocation",
                  "entity_new value": "*",
                  "entity_role": "*",
                  "entity_parent": "null"
                }
              },
              "concrete_change": {
                "operator": "UPD",
                "src_type": "TypeAccess",
                "dst_type": "TypeAccess",
                "src": "org.hisp.dhis.visualization.impl.DefaultVisualizationService",
                "dst": "org.hisp.dhis.visualization.DefaultVisualizationGridService",
                "src_parent_type": "ThisAccess",
                "dst_parent_type": "ThisAccess",
                "src_parent": "",
                "dst_parent": ""
              },
              "stats": {
                "number_of_src_entities": 3,
                "number_of_dst_entities": 3,
                "src_entity_types": "[org.hisp.dhis.visualization.impl.DefaultVisualizationService]",
                "dst_entity_types": "[org.hisp.dhis.visualization.DefaultVisualizationGridService]"
              }
            }
          ]
        }
      ]
    }
  ],
  "complete_analysis": true
}