{
  "instances": [
    {
      "revision": "8441dd66808af5824385af35d9694e83bb192513",
      "repairability": [
        {
          "tool-name": "Elixir",
          "pattern-name": "Elixir:update_type_ref",
          "Unified_Diff_of-files:": "Starts Below...",
          "DELETE:": "import java.util.Calendar;",
          "CHANGE_old:": "        return rv;",
          "CHANGE_new:": "",
          "instance_detail": [
            {
              "pattern_action": "UPD",
              "pattern_entity": {
                "entity_type": "TypeReference",
                "entity_new value": "*",
                "entity_role": "*",
                "entity_parent": "null"
              },
              "concrete_change": {
                "operator": "UPD",
                "src_type": "TypeReference",
                "dst_type": "TypeReference",
                "src": "java.util.List\u003corg.hisp.dhis.reservedvalue.ReservedValue\u003e",
                "dst": "void",
                "src_parent_type": "Method",
                "dst_parent_type": "Method",
                "src_parent": "java.util.List\u003corg.hisp.dhis.reservedvalue.ReservedValue\u003e reserveValues(org.hisp.dhis.reservedvalue.ReservedValue reservedValue, java.util.List\u003cjava.lang.String\u003e values);",
                "dst_parent": "void reserveValues(java.util.List\u003corg.hisp.dhis.reservedvalue.ReservedValue\u003e toAdd);"
              },
              "line": 40,
              "file": "/home/khesoem/projects/lighter/exp/dhis-2/dhis-api/src/main/java/org/hisp/dhis/reservedvalue/ReservedValueStore.java",
              "stats": {
                "number_of_src_entities": 4,
                "number_of_dst_entities": 1,
                "src_entity_types": "[org.hisp.dhis.reservedvalue.ReservedValue, java.util.List\u003corg.hisp.dhis.reservedvalue.ReservedValue\u003e]",
                "dst_entity_types": "[void]"
              }
            }
          ]
        }
      ]
    },
    {
      "revision": "8441dd66808af5824385af35d9694e83bb192513",
      "repairability": [
        {
          "tool-name": "Elixir",
          "pattern-name": "Elixir:update_type_ref",
          "Unified_Diff_of-files:": "Starts Below...",
          "DELETE:": "import java.util.Calendar;",
          "CHANGE_old:": "        return rv;",
          "CHANGE_new:": "",
          "instance_detail": [
            {
              "pattern_action": "UPD",
              "pattern_entity": {
                "entity_type": "TypeReference",
                "entity_new value": "*",
                "entity_role": "*",
                "entity_parent": "null"
              },
              "concrete_change": {
                "operator": "UPD",
                "src_type": "TypeReference",
                "dst_type": "TypeReference",
                "src": "java.util.List\u003corg.hisp.dhis.reservedvalue.ReservedValue\u003e",
                "dst": "void",
                "src_parent_type": "Method",
                "dst_parent_type": "Method",
                "src_parent": "@java.lang.Override\npublic java.util.List\u003corg.hisp.dhis.reservedvalue.ReservedValue\u003e reserveValues(org.hisp.dhis.reservedvalue.ReservedValue reservedValue, java.util.List\u003cjava.lang.String\u003e values) {\n    java.util.List\u003corg.hisp.dhis.reservedvalue.ReservedValue\u003e toAdd \u003d getGeneratedValues(reservedValue, values);\n    org.hisp.quick.BatchHandler\u003corg.hisp.dhis.reservedvalue.ReservedValue\u003e batchHandler \u003d batchHandlerFactory.createBatchHandler(org.hisp.dhis.jdbc.batchhandler.ReservedValueBatchHandler.class).init();\n    toAdd.forEach(( rv) -\u003e batchHandler.addObject(rv));\n    batchHandler.flush();\n    return toAdd;\n}",
                "dst_parent": "@java.lang.Override\npublic void reserveValues(java.util.List\u003corg.hisp.dhis.reservedvalue.ReservedValue\u003e reservedValues) {\n    org.hisp.quick.BatchHandler\u003corg.hisp.dhis.reservedvalue.ReservedValue\u003e batchHandler \u003d batchHandlerFactory.createBatchHandler(org.hisp.dhis.jdbc.batchhandler.ReservedValueBatchHandler.class).init();\n    reservedValues.forEach(batchHandler::addObject);\n    batchHandler.flush();\n}"
              },
              "line": 88,
              "file": "/home/khesoem/projects/lighter/exp/dhis-2/dhis-services/dhis-service-core/src/main/java/org/hisp/dhis/reservedvalue/hibernate/HibernateReservedValueStore.java",
              "stats": {
                "number_of_src_entities": 4,
                "number_of_dst_entities": 1,
                "src_entity_types": "[org.hisp.dhis.reservedvalue.ReservedValue, java.util.List\u003corg.hisp.dhis.reservedvalue.ReservedValue\u003e]",
                "dst_entity_types": "[void]"
              }
            }
          ]
        },
        {
          "tool-name": "Elixir",
          "pattern-name": "Elixir:update_invocation_deep",
          "Unified_Diff_of-files:": "Starts Below...",
          "DELETE:": "import java.util.Calendar;",
          "CHANGE_old:": "        return rv;",
          "CHANGE_new:": "",
          "instance_detail": [
            {
              "pattern_action": "ANY",
              "pattern_entity": {
                "entity_type": "*",
                "entity_new value": "*",
                "entity_role": "*",
                "entity_parent": {
                  "entity_type": "AbstractInvocation",
                  "entity_new value": "*",
                  "entity_role": "*",
                  "entity_parent": "null"
                }
              },
              "concrete_change": {
                "operator": "UPD",
                "src_type": "VariableRead",
                "dst_type": "VariableRead",
                "src": "availableValues",
                "dst": "value",
                "src_parent_type": "Invocation",
                "dst_parent_type": "Invocation",
                "src_parent": "getGeneratedValues(reservedValue, availableValues)",
                "dst_parent": "reservedValue.toBuilder().value(value)"
              },
              "line": 76,
              "file": "/home/khesoem/projects/lighter/exp/dhis-2/dhis-services/dhis-service-core/src/main/java/org/hisp/dhis/reservedvalue/hibernate/HibernateReservedValueStore.java",
              "stats": {
                "number_of_src_entities": 6,
                "number_of_dst_entities": 4,
                "src_entity_types": "[java.lang.String, java.util.List\u003cjava.lang.String\u003e]",
                "dst_entity_types": "[java.lang.String]"
              }
            }
          ]
        },
        {
          "tool-name": "Elixir",
          "pattern-name": "Elixir:update_invocation_deep",
          "Unified_Diff_of-files:": "Starts Below...",
          "DELETE:": "import java.util.Calendar;",
          "CHANGE_old:": "        return rv;",
          "CHANGE_new:": "",
          "instance_detail": [
            {
              "pattern_action": "ANY",
              "pattern_entity": {
                "entity_type": "*",
                "entity_new value": "*",
                "entity_role": "*",
                "entity_parent": {
                  "entity_type": "AbstractInvocation",
                  "entity_new value": "*",
                  "entity_role": "*",
                  "entity_parent": "null"
                }
              },
              "concrete_change": {
                "operator": "UPD",
                "src_type": "VariableRead",
                "dst_type": "VariableRead",
                "src": "values",
                "dst": "value",
                "src_parent_type": "Invocation",
                "dst_parent_type": "Invocation",
                "src_parent": "getGeneratedValues(reservedValue, values)",
                "dst_parent": "reservedValue.toBuilder().value(value)"
              },
              "line": 105,
              "file": "/home/khesoem/projects/lighter/exp/dhis-2/dhis-services/dhis-service-core/src/main/java/org/hisp/dhis/reservedvalue/hibernate/HibernateReservedValueStore.java",
              "stats": {
                "number_of_src_entities": 6,
                "number_of_dst_entities": 4,
                "src_entity_types": "[java.lang.String, java.util.List\u003cjava.lang.String\u003e]",
                "dst_entity_types": "[java.lang.String]"
              }
            }
          ]
        }
      ]
    },
    {
      "revision": "8441dd66808af5824385af35d9694e83bb192513",
      "repairability": [
        {
          "tool-name": "Elixir",
          "pattern-name": "Elixir:update_invocation",
          "Unified_Diff_of-files:": "Starts Below...",
          "DELETE:": "import java.util.Calendar;",
          "CHANGE_old:": "        return rv;",
          "CHANGE_new:": "",
          "instance_detail": [
            {
              "pattern_action": "UPD",
              "pattern_entity": {
                "entity_type": "AbstractInvocation",
                "entity_new value": "*",
                "entity_role": "*",
                "entity_parent": "null"
              },
              "concrete_change": {
                "operator": "UPD",
                "src_type": "Invocation",
                "dst_type": "Invocation",
                "src": "rv.setId(resultSet.getInt(\"reservedvalueid\"))",
                "dst": "org.hisp.dhis.reservedvalue.ReservedValue.builder().id(resultSet.getInt(\"reservedvalueid\"))",
                "src_parent_type": "Block",
                "dst_parent_type": "Invocation",
                "src_parent": "{\n    java.util.Calendar expires \u003d java.util.Calendar.getInstance();\n    org.hisp.dhis.reservedvalue.ReservedValue rv \u003d new org.hisp.dhis.reservedvalue.ReservedValue();\n    expires.setTime(resultSet.getDate(\"expirydate\"));\n    rv.setId(resultSet.getInt(\"reservedvalueid\"));\n    rv.setOwnerObject(resultSet.getString(\"ownerobject\"));\n    rv.setOwnerUid(resultSet.getString(\"ownerUid\"));\n    rv.setKey(resultSet.getString(\"key\"));\n    rv.setValue(resultSet.getString(\"value\"));\n    rv.setExpiryDate(expires.getTime());\n    rv.setCreated(resultSet.getDate(\"created\"));\n    return rv;\n}",
                "dst_parent": "org.hisp.dhis.reservedvalue.ReservedValue.builder().id(resultSet.getInt(\"reservedvalueid\")).ownerObject(resultSet.getString(\"ownerobject\"))"
              },
              "line": 125,
              "file": "/home/khesoem/projects/lighter/exp/dhis-2/dhis-support/dhis-support-jdbc/src/main/java/org/hisp/dhis/jdbc/batchhandler/ReservedValueBatchHandler.java",
              "stats": {
                "number_of_src_entities": 23,
                "number_of_dst_entities": 24,
                "src_entity_types": "[org.hisp.dhis.reservedvalue.ReservedValue, java.lang.String, java.sql.ResultSet]",
                "dst_entity_types": "[org.hisp.dhis.reservedvalue.ReservedValue, java.lang.String, java.sql.ResultSet]"
              }
            }
          ]
        }
      ]
    }
  ],
  "complete_analysis": true
}