{
  "instances": [
    {
      "revision": "a354c213c49ef527b2b50b6682f27c9272b29761",
      "repairability": [
        {
          "tool-name": "Elixir",
          "pattern-name": "Elixir:update_invocation_deep",
          "Unified_Diff_of-files:": "Starts Below...",
          "INSERT:": "    /**",
          "CHANGE_old:": "            .withFilePattern( file + \"%i\" )",
          "CHANGE_new:": "            .withFilePattern( file + \".%i\" )",
          "instance_detail": [
            {
              "pattern_action": "ANY",
              "pattern_entity": {
                "entity_type": "*",
                "entity_new value": "*",
                "entity_role": "*",
                "entity_parent": {
                  "entity_type": "AbstractInvocation",
                  "entity_new value": "*",
                  "entity_role": "*",
                  "entity_parent": "null"
                }
              },
              "concrete_change": {
                "operator": "UPD",
                "src_type": "FieldRead",
                "dst_type": "FieldRead",
                "src": "org.hisp.dhis.external.conf.ConfigurationKey.Constants.OFF",
                "dst": "org.hisp.dhis.external.conf.ConfigurationKey.Constants.ON",
                "src_parent_type": "ConstructorCall",
                "dst_parent_type": "ConstructorCall",
                "src_parent": "new org.hisp.dhis.external.conf.ConfigurationKey(\"audit.logger\", org.hisp.dhis.external.conf.ConfigurationKey.Constants.OFF, false)",
                "dst_parent": "new org.hisp.dhis.external.conf.ConfigurationKey(\"audit.logger\", org.hisp.dhis.external.conf.ConfigurationKey.Constants.ON, false)"
              },
              "line": 126,
              "file": "/home/khesoem/projects/lighter/exp/dhis-2/dhis-support/dhis-support-external/src/main/java/org/hisp/dhis/external/conf/ConfigurationKey.java",
              "stats": {
                "number_of_src_entities": 11,
                "number_of_dst_entities": 11,
                "src_entity_types": "[org.hisp.dhis.external.conf.ConfigurationKey.Constants, org.hisp.dhis.external.conf.ConfigurationKey]",
                "dst_entity_types": "[org.hisp.dhis.external.conf.ConfigurationKey.Constants, org.hisp.dhis.external.conf.ConfigurationKey]"
              }
            }
          ]
        }
      ]
    }
  ],
  "complete_analysis": true
}