{
  "instances": [
    {
      "revision": "aad43e6ded156e342550d90ccb29ad3c9085197d",
      "repairability": [
        {
          "tool-name": "Nopol",
          "pattern-name": "Nopol:if_condition_upd_deep",
          "Unified_Diff_of-files:": "Starts Below...",
          "CHANGE_old:": "            return (ix \u0026lt; 0) ? STATUS_OK_AS_IS : STATUS_OK_AFTER_COMMA;",
          "CHANGE_new:": "        return true;",
          "DELETE:": "}",
          "INSERT:": "",
          "instance_detail": [
            {
              "pattern_action": "ANY",
              "pattern_entity": {
                "entity_type": "*",
                "entity_new value": "*",
                "entity_role": "*",
                "entity_parent": {
                  "entity_type": "*",
                  "entity_new value": "*",
                  "entity_role": "condition",
                  "entity_parent": {
                    "entity_type": "If",
                    "entity_new value": "*",
                    "entity_role": "*",
                    "entity_parent": "null"
                  }
                }
              },
              "concrete_change": {
                "operator": "UPD",
                "src_type": "Invocation",
                "dst_type": "Invocation",
                "src": "(_cborContext.writeFieldName(idStr))",
                "dst": "(_cborContext.writeFieldId(id))",
                "src_parent_type": "BinaryOperator",
                "dst_parent_type": "UnaryOperator",
                "src_parent": "(_cborContext.writeFieldName(idStr)) \u003d\u003d (CBORWriteContext.STATUS_EXPECT_VALUE)",
                "dst_parent": "!(_cborContext.writeFieldId(id))"
              },
              "line": 462,
              "file": "/home/khesoem/projects/lighter/exp/cbor/src/main/java/com/fasterxml/jackson/dataformat/cbor/CBORGenerator.java",
              "stats": {
                "number_of_src_entities": 22,
                "number_of_dst_entities": 20,
                "src_entity_types": "[com.fasterxml.jackson.dataformat.cbor.CBORWriteContext, java.lang.String, com.fasterxml.jackson.dataformat.cbor.CBORGenerator]",
                "dst_entity_types": "[com.fasterxml.jackson.dataformat.cbor.CBORWriteContext, com.fasterxml.jackson.dataformat.cbor.CBORGenerator, long]"
              }
            }
          ]
        },
        {
          "tool-name": "Nopol",
          "pattern-name": "Nopol:if_condition_upd_deep",
          "Unified_Diff_of-files:": "Starts Below...",
          "CHANGE_old:": "            return (ix \u0026lt; 0) ? STATUS_OK_AS_IS : STATUS_OK_AFTER_COMMA;",
          "CHANGE_new:": "        return true;",
          "DELETE:": "}",
          "INSERT:": "",
          "instance_detail": [
            {
              "pattern_action": "ANY",
              "pattern_entity": {
                "entity_type": "*",
                "entity_new value": "*",
                "entity_role": "*",
                "entity_parent": {
                  "entity_type": "*",
                  "entity_new value": "*",
                  "entity_role": "condition",
                  "entity_parent": {
                    "entity_type": "If",
                    "entity_new value": "*",
                    "entity_role": "*",
                    "entity_parent": "null"
                  }
                }
              },
              "concrete_change": {
                "operator": "DEL",
                "src_type": "TypeAccess",
                "dst_type": "null",
                "src": "CBORWriteContext",
                "dst": "null",
                "src_parent_type": "FieldRead",
                "dst_parent_type": "null",
                "src_parent": "(CBORWriteContext.STATUS_EXPECT_VALUE)",
                "dst_parent": "null"
              }
            }
          ]
        },
        {
          "tool-name": "Nopol",
          "pattern-name": "Nopol:if_condition_upd_deep",
          "Unified_Diff_of-files:": "Starts Below...",
          "CHANGE_old:": "            return (ix \u0026lt; 0) ? STATUS_OK_AS_IS : STATUS_OK_AFTER_COMMA;",
          "CHANGE_new:": "        return true;",
          "DELETE:": "}",
          "INSERT:": "",
          "instance_detail": [
            {
              "pattern_action": "ANY",
              "pattern_entity": {
                "entity_type": "*",
                "entity_new value": "*",
                "entity_role": "*",
                "entity_parent": {
                  "entity_type": "*",
                  "entity_new value": "*",
                  "entity_role": "condition",
                  "entity_parent": {
                    "entity_type": "If",
                    "entity_new value": "*",
                    "entity_role": "*",
                    "entity_parent": "null"
                  }
                }
              },
              "concrete_change": {
                "operator": "DEL",
                "src_type": "TypeAccess",
                "dst_type": "null",
                "src": "CBORWriteContext",
                "dst": "null",
                "src_parent_type": "FieldRead",
                "dst_parent_type": "null",
                "src_parent": "(CBORWriteContext.STATUS_EXPECT_VALUE)",
                "dst_parent": "null"
              }
            }
          ]
        },
        {
          "tool-name": "Nopol",
          "pattern-name": "Nopol:if_condition_upd_deep",
          "Unified_Diff_of-files:": "Starts Below...",
          "CHANGE_old:": "            return (ix \u0026lt; 0) ? STATUS_OK_AS_IS : STATUS_OK_AFTER_COMMA;",
          "CHANGE_new:": "        return true;",
          "DELETE:": "}",
          "INSERT:": "",
          "instance_detail": [
            {
              "pattern_action": "ANY",
              "pattern_entity": {
                "entity_type": "*",
                "entity_new value": "*",
                "entity_role": "*",
                "entity_parent": {
                  "entity_type": "*",
                  "entity_new value": "*",
                  "entity_role": "condition",
                  "entity_parent": {
                    "entity_type": "If",
                    "entity_new value": "*",
                    "entity_role": "*",
                    "entity_parent": "null"
                  }
                }
              },
              "concrete_change": {
                "operator": "DEL",
                "src_type": "TypeAccess",
                "dst_type": "null",
                "src": "CBORWriteContext",
                "dst": "null",
                "src_parent_type": "FieldRead",
                "dst_parent_type": "null",
                "src_parent": "(CBORWriteContext.STATUS_EXPECT_VALUE)",
                "dst_parent": "null"
              }
            }
          ]
        },
        {
          "tool-name": "Nopol",
          "pattern-name": "Nopol:if_condition_upd_deep",
          "Unified_Diff_of-files:": "Starts Below...",
          "CHANGE_old:": "            return (ix \u0026lt; 0) ? STATUS_OK_AS_IS : STATUS_OK_AFTER_COMMA;",
          "CHANGE_new:": "        return true;",
          "DELETE:": "}",
          "INSERT:": "",
          "instance_detail": [
            {
              "pattern_action": "ANY",
              "pattern_entity": {
                "entity_type": "*",
                "entity_new value": "*",
                "entity_role": "*",
                "entity_parent": {
                  "entity_type": "*",
                  "entity_new value": "*",
                  "entity_role": "condition",
                  "entity_parent": {
                    "entity_type": "If",
                    "entity_new value": "*",
                    "entity_role": "*",
                    "entity_parent": "null"
                  }
                }
              },
              "concrete_change": {
                "operator": "DEL",
                "src_type": "VariableRead",
                "dst_type": "null",
                "src": "status",
                "dst": "null",
                "src_parent_type": "BinaryOperator",
                "dst_parent_type": "null",
                "src_parent": "status \u003d\u003d (CBORWriteContext.STATUS_EXPECT_NAME)",
                "dst_parent": "null"
              },
              "line": 1105,
              "file": "/home/khesoem/projects/lighter/exp/cbor/src/main/java/com/fasterxml/jackson/dataformat/cbor/CBORGenerator.java"
            }
          ]
        }
      ]
    }
  ],
  "complete_analysis": true
}