{
  "instances": [
    {
      "revision": "039702a47425579fc2533f3dc8912aa55f965d8a",
      "repairability": [
        {
          "tool-name": "Nopol",
          "pattern-name": "Nopol:if_condition_ins_shallow",
          "Unified_Diff_of-files:": "Starts Below...",
          "CHANGE_old:": "                expLen, actLen), _currToken);",
          "CHANGE_new:": "                expLen, actLen), currentToken());",
          "INSERT:": "",
          "instance_detail": [
            {
              "pattern_action": "INS",
              "pattern_entity": {
                "entity_type": "If",
                "entity_new value": "*",
                "entity_role": "*",
                "entity_parent": "null"
              },
              "concrete_change": {
                "operator": "INS",
                "src_type": "If",
                "dst_type": "null",
                "src": "if (ch \u003c 0) {\n    value \u003d (value \u003c\u003c 6) + (ch \u0026 63);\n    return value;\n}",
                "dst": "null",
                "src_parent_type": "Block",
                "dst_parent_type": "null",
                "src_parent": "{\n    if ((_inputPtr) \u003e\u003d (_inputEnd)) {\n        _loadMoreGuaranteed();\n    }\n    int ch \u003d _inputBuffer[((_inputPtr)++)];\n    if (ch \u003c 0) {\n        value \u003d (value \u003c\u003c 6) + (ch \u0026 63);\n        return value;\n    }\n    value \u003d (value \u003c\u003c 7) + ch;\n}",
                "dst_parent": "null"
              },
              "line": 2257,
              "file": "/home/khesoem/projects/lighter/exp/smile/src/main/java/com/fasterxml/jackson/dataformat/smile/SmileParser.java"
            },
            {
              "pattern_action": "MOV",
              "pattern_entity": {
                "entity_type": "*",
                "entity_new value": "*",
                "entity_role": "Then",
                "entity_parent": {
                  "entity_type": "If",
                  "entity_new value": "*",
                  "entity_role": "*",
                  "entity_parent": "null"
                }
              },
              "concrete_change": {
                "operator": "MOV",
                "src_type": "Block",
                "dst_type": "Block",
                "src": "{\n    value \u003d (value \u003c\u003c 6) + (i \u0026 63);\n    return value;\n}",
                "dst": "{\n    value \u003d (value \u003c\u003c 6) + (ch \u0026 63);\n    return value;\n}",
                "src_parent_type": "If",
                "dst_parent_type": "If",
                "src_parent": "if (i \u003c 0) {\n    value \u003d (value \u003c\u003c 6) + (i \u0026 63);\n    return value;\n}",
                "dst_parent": "if (ch \u003c 0) {\n    value \u003d (value \u003c\u003c 6) + (ch \u0026 63);\n    return value;\n}"
              },
              "line": 2204,
              "file": "/home/khesoem/projects/lighter/exp/smile/src/main/java/com/fasterxml/jackson/dataformat/smile/SmileParser.java",
              "stats": {
                "number_of_src_entities": 26,
                "number_of_dst_entities": 26,
                "src_entity_types": "[int]",
                "dst_entity_types": "[int]"
              }
            }
          ]
        },
        {
          "tool-name": "Nopol",
          "pattern-name": "Nopol:if_condition_ins_deep",
          "Unified_Diff_of-files:": "Starts Below...",
          "CHANGE_old:": "                expLen, actLen), _currToken);",
          "CHANGE_new:": "                expLen, actLen), currentToken());",
          "INSERT:": "",
          "instance_detail": [
            {
              "pattern_action": "INS",
              "pattern_entity": {
                "entity_type": "If",
                "entity_new value": "*",
                "entity_role": "*",
                "entity_parent": "null"
              },
              "concrete_change": {
                "operator": "INS",
                "src_type": "If",
                "dst_type": "null",
                "src": "if (ch \u003c 0) {\n    return (value \u003c\u003c 6) + (ch \u0026 63);\n}",
                "dst": "null",
                "src_parent_type": "Block",
                "dst_parent_type": "null",
                "src_parent": "{\n    if (((_inputPtr) + 5) \u003e (_inputEnd)) {\n        return _readUnsignedVIntSlow();\n    }\n    int ch \u003d _inputBuffer[((_inputPtr)++)];\n    if (ch \u003c 0) {\n        return ch \u0026 63;\n    }\n    int value \u003d ch;\n    ch \u003d _inputBuffer[((_inputPtr)++)];\n    if (ch \u003c 0) {\n        return (value \u003c\u003c 6) + (ch \u0026 63);\n    }\n    value \u003d (value \u003c\u003c 7) + ch;\n    ch \u003d _inputBuffer[((_inputPtr)++)];\n    if (ch \u003c 0) {\n        return (value \u003c\u003c 6) + (ch \u0026 63);\n    }\n    value \u003d (value \u003c\u003c 7) + ch;\n    ch \u003d _inputBuffer[((_inputPtr)++)];\n    if (ch \u003c 0) {\n        return (value \u003c\u003c 6) + (ch \u0026 63);\n    }\n    value \u003d (value \u003c\u003c 7) + ch;\n    ch \u003d _inputBuffer[((_inputPtr)++)];\n    if ((ch \u003e\u003d 0) || ((value \u003e\u003e\u003e 25) !\u003d 0)) {\n        _reportInvalidUnsignedVInt((value \u003e\u003e\u003e 21), ch);\n    }\n    return (value \u003c\u003c 6) + (ch \u0026 63);\n}",
                "dst_parent": "null"
              },
              "line": 2212,
              "file": "/home/khesoem/projects/lighter/exp/smile/src/main/java/com/fasterxml/jackson/dataformat/smile/SmileParser.java"
            },
            {
              "pattern_action": "MOV",
              "pattern_entity": {
                "entity_type": "*",
                "entity_new value": "*",
                "entity_role": "*",
                "entity_parent": {
                  "entity_type": "*",
                  "entity_new value": "*",
                  "entity_role": "Then",
                  "entity_parent": {
                    "entity_type": "If",
                    "entity_new value": "*",
                    "entity_role": "*",
                    "entity_parent": "null"
                  }
                }
              },
              "concrete_change": {
                "operator": "MOV",
                "src_type": "BinaryOperator",
                "dst_type": "BinaryOperator",
                "src": "(value \u003c\u003c 6)",
                "dst": "(value \u003c\u003c 6)",
                "src_parent_type": "BinaryOperator",
                "dst_parent_type": "BinaryOperator",
                "src_parent": "(value \u003c\u003c 6) + (i \u0026 63)",
                "dst_parent": "(value \u003c\u003c 6) + (ch \u0026 63)"
              },
              "line": 2205,
              "file": "/home/khesoem/projects/lighter/exp/smile/src/main/java/com/fasterxml/jackson/dataformat/smile/SmileParser.java",
              "stats": {
                "number_of_src_entities": 7,
                "number_of_dst_entities": 7,
                "src_entity_types": "[int]",
                "dst_entity_types": "[int]"
              }
            }
          ]
        }
      ]
    }
  ],
  "complete_analysis": true
}