{
  "instances": [
    {
      "revision": "de072d314af8f5f269c8abec6930652af67bc8e6",
      "repairability": [
        {
          "tool-name": "Nopol",
          "pattern-name": "Nopol:if_condition_ins_deep",
          "Unified_Diff_of-files:": "Starts Below...",
          "INSERT:": "",
          "CHANGE_old:": "    protected final void loadMoreGuaranteed() throws IOException {",
          "CHANGE_new:": "    protected void loadMoreGuaranteed() throws IOException {",
          "instance_detail": [
            {
              "pattern_action": "INS",
              "pattern_entity": {
                "entity_type": "If",
                "entity_new value": "*",
                "entity_role": "*",
                "entity_parent": "null"
              },
              "concrete_change": {
                "operator": "INS",
                "src_type": "If",
                "dst_type": "null",
                "src": "if (len \u003c\u003d 0) {\n    if (len \u003d\u003d 0) {\n        return NO_BYTES;\n    }\n    return _finishChunkedBytes();\n}",
                "dst": "null",
                "src_parent_type": "Block",
                "dst_parent_type": "null",
                "src_parent": "{\n    if (len \u003c\u003d 0) {\n        if (len \u003d\u003d 0) {\n            return NO_BYTES;\n        }\n        return _finishChunkedBytes();\n    }\n    if (len \u003e (com.fasterxml.jackson.dataformat.cbor.CBORParser.LONGEST_NON_CHUNKED_BINARY)) {\n        return _finishLongContiguousBytes(len);\n    }\n    final byte[] b \u003d new byte[len];\n    final int expLen \u003d len;\n    if ((_inputPtr) \u003e\u003d (_inputEnd)) {\n        if (!(loadMore())) {\n            _reportIncompleteBinaryRead(expLen, 0);\n        }\n    }\n    int ptr \u003d 0;\n    while (true) {\n        int toAdd \u003d java.lang.Math.min(len, ((_inputEnd) - (_inputPtr)));\n        java.lang.System.arraycopy(_inputBuffer, _inputPtr, b, ptr, toAdd);\n        _inputPtr +\u003d toAdd;\n        ptr +\u003d toAdd;\n        len -\u003d toAdd;\n        if (len \u003c\u003d 0) {\n            return b;\n        }\n        if (!(loadMore())) {\n            _reportIncompleteBinaryRead(expLen, ptr);\n        }\n    } \n}",
                "dst_parent": "null"
              },
              "line": 2444,
              "file": "/home/khesoem/projects/lighter/exp/cbor/src/main/java/com/fasterxml/jackson/dataformat/cbor/CBORParser.java"
            },
            {
              "pattern_action": "MOV",
              "pattern_entity": {
                "entity_type": "*",
                "entity_new value": "*",
                "entity_role": "*",
                "entity_parent": {
                  "entity_type": "*",
                  "entity_new value": "*",
                  "entity_role": "Then",
                  "entity_parent": {
                    "entity_type": "If",
                    "entity_new value": "*",
                    "entity_role": "*",
                    "entity_parent": "null"
                  }
                }
              },
              "concrete_change": {
                "operator": "MOV",
                "src_type": "If",
                "dst_type": "If",
                "src": "if (len \u003d\u003d 0) {\n    return NO_BYTES;\n}",
                "dst": "if (len \u003d\u003d 0) {\n    return NO_BYTES;\n}",
                "src_parent_type": "Block",
                "dst_parent_type": "Block",
                "src_parent": "{\n    if (len \u003d\u003d 0) {\n        return NO_BYTES;\n    }\n    byte[] b \u003d new byte[len];\n    if ((_inputPtr) \u003e\u003d (_inputEnd)) {\n        loadMoreGuaranteed();\n    }\n    int ptr \u003d 0;\n    while (true) {\n        int toAdd \u003d java.lang.Math.min(len, ((_inputEnd) - (_inputPtr)));\n        java.lang.System.arraycopy(_inputBuffer, _inputPtr, b, ptr, toAdd);\n        _inputPtr +\u003d toAdd;\n        ptr +\u003d toAdd;\n        len -\u003d toAdd;\n        if (len \u003c\u003d 0) {\n            return b;\n        }\n        loadMoreGuaranteed();\n    } \n}",
                "dst_parent": "{\n    if (len \u003d\u003d 0) {\n        return NO_BYTES;\n    }\n    return _finishChunkedBytes();\n}"
              },
              "line": 2434,
              "file": "/home/khesoem/projects/lighter/exp/cbor/src/main/java/com/fasterxml/jackson/dataformat/cbor/CBORParser.java",
              "stats": {
                "number_of_src_entities": 14,
                "number_of_dst_entities": 14,
                "src_entity_types": "[int, boolean]",
                "dst_entity_types": "[int, boolean]"
              }
            }
          ]
        }
      ]
    }
  ],
  "complete_analysis": true
}