{
  "instances": [
    {
      "revision": "005055ffc03eeef5e1297584297cc9dc928dcd6c",
      "repairability": [
        {
          "tool-name": "Cardumen",
          "pattern-name": "Cardumen:expression_replacement_by_upd",
          "Unified_Diff_of-files:": "Starts Below...",
          "CHANGE_old:": "        return iterable \u003d\u003d null || size(iterable) \u003d\u003d 0;",
          "CHANGE_new:": "        return iterable \u003d\u003d null || !iterable.iterator().hasNext();",
          "INSERT:": "",
          "instance_detail": [
            {
              "pattern_action": "UPD",
              "pattern_entity": {
                "entity_type": "Expression",
                "entity_new value": "*",
                "entity_role": "*",
                "entity_parent": "null"
              },
              "concrete_change": {
                "operator": "UPD",
                "src_type": "Invocation",
                "dst_type": "Invocation",
                "src": "(com.github.underscore.U.size(iterable))",
                "dst": "iterable.iterator()",
                "src_parent_type": "BinaryOperator",
                "dst_parent_type": "Invocation",
                "src_parent": "((com.github.underscore.U.size(iterable)) \u003d\u003d 0)",
                "dst_parent": "(iterable.iterator().hasNext())"
              },
              "line": 2100,
              "file": "/home/khesoem/projects/lighter/exp/src/main/java/com/github/underscore/U.java",
              "stats": {
                "number_of_src_entities": 26,
                "number_of_dst_entities": 20,
                "src_entity_types": "[com.github.underscore.U]",
                "dst_entity_types": "[java.lang.Iterable, com.github.underscore.U]"
              }
            }
          ]
        }
      ]
    }
  ],
  "complete_analysis": true
}