{
  "instances": [
    {
      "revision": "cdfe454db3ae90368dd7d08489832ff7c2a51195",
      "repairability": [
        {
          "tool-name": "Cardumen",
          "pattern-name": "Cardumen:expression_replacement_by_upd",
          "Unified_Diff_of-files:": "Starts Below...",
          "INSERT:": "",
          "instance_detail": [
            {
              "pattern_action": "UPD",
              "pattern_entity": {
                "entity_type": "Expression",
                "entity_new value": "*",
                "entity_role": "*",
                "entity_parent": "null"
              },
              "concrete_change": {
                "operator": "UPD",
                "src_type": "ConstructorCall",
                "dst_type": "ConstructorCall",
                "src": "new com.github.underscore.lodash.U.Chain(com.github.underscore.lodash.com.github.underscore.U.flatten(com.github.underscore.lodash.U.Chain.value()))",
                "dst": "new com.github.underscore.lodash.U.Chain(com.github.underscore.lodash.com.github.underscore.U.flatten(com.github.underscore.lodash.U.Chain.value()))",
                "src_parent_type": "Return",
                "dst_parent_type": "Return",
                "src_parent": "return new com.github.underscore.lodash.U.Chain(com.github.underscore.lodash.com.github.underscore.U.flatten(com.github.underscore.lodash.U.Chain.value()))",
                "dst_parent": "return new com.github.underscore.lodash.U.Chain(com.github.underscore.lodash.com.github.underscore.U.flatten(com.github.underscore.lodash.U.Chain.value()))"
              },
              "line": 184,
              "file": "/home/khesoem/projects/lighter/exp/src/main/java/com/github/underscore/lodash/U.java",
              "stats": {
                "number_of_src_entities": 27,
                "number_of_dst_entities": 26,
                "src_entity_types": "[com.github.underscore.lodash.com.github.underscore.U, com.github.underscore.lodash.U.Chain, com.github.underscore.lodash.U, com.github.underscore.U]",
                "dst_entity_types": "[com.github.underscore.lodash.com.github.underscore.U, com.github.underscore.lodash.U.Chain, com.github.underscore.lodash.U, com.github.underscore.U]"
              }
            }
          ]
        }
      ]
    }
  ],
  "complete_analysis": true
}