{
  "instances": [
    {
      "revision": "6a4d2ae5921e0fbb6d62d410b035a06093620d11",
      "repairability": [
        {
          "tool-name": "Cardumen",
          "pattern-name": "Cardumen:expression_replacement_by_upd",
          "Unified_Diff_of-files:": "Starts Below...",
          "CHANGE_old:": "        return sortedIndex(Arrays.asList(array), value);",
          "CHANGE_new:": "        return sortedIndex(Arrays.asList(array), value, propertyName);",
          "DELETE:": "                    return null;",
          "INSERT:": "",
          "instance_detail": [
            {
              "pattern_action": "UPD",
              "pattern_entity": {
                "entity_type": "Expression",
                "entity_new value": "*",
                "entity_role": "*",
                "entity_parent": "null"
              },
              "concrete_change": {
                "operator": "UPD",
                "src_type": "VariableRead",
                "dst_type": "VariableRead",
                "src": "input",
                "dst": "propertyName",
                "src_parent_type": "Invocation",
                "dst_parent_type": "Invocation",
                "src_parent": "field.get(input)",
                "dst_parent": "elem.getClass().getField(propertyName)"
              },
              "line": 312,
              "file": "/home/khesoem/projects/lighter/exp/src/main/java/com/github/underscore/_.java",
              "stats": {
                "number_of_src_entities": 3,
                "number_of_dst_entities": 4,
                "src_entity_types": "[]",
                "dst_entity_types": "[java.lang.String]"
              }
            }
          ]
        },
        {
          "tool-name": "Cardumen",
          "pattern-name": "Cardumen:expression_replacement_by_upd",
          "Unified_Diff_of-files:": "Starts Below...",
          "CHANGE_old:": "        return sortedIndex(Arrays.asList(array), value);",
          "CHANGE_new:": "        return sortedIndex(Arrays.asList(array), value, propertyName);",
          "DELETE:": "                    return null;",
          "INSERT:": "",
          "instance_detail": [
            {
              "pattern_action": "UPD",
              "pattern_entity": {
                "entity_type": "Expression",
                "entity_new value": "*",
                "entity_role": "*",
                "entity_parent": "null"
              },
              "concrete_change": {
                "operator": "UPD",
                "src_type": "VariableRead",
                "dst_type": "VariableRead",
                "src": "field",
                "dst": "elem",
                "src_parent_type": "Invocation",
                "dst_parent_type": "Invocation",
                "src_parent": "field.get(input)",
                "dst_parent": "elem.getClass()"
              },
              "line": 312,
              "file": "/home/khesoem/projects/lighter/exp/src/main/java/com/github/underscore/_.java",
              "stats": {
                "number_of_src_entities": 4,
                "number_of_dst_entities": 3,
                "src_entity_types": "[java.lang.reflect.Field]",
                "dst_entity_types": "[]"
              }
            }
          ]
        }
      ]
    }
  ],
  "complete_analysis": true
}