{
  "instances": [
    {
      "revision": "786c2c5fa046fba09f8fd260f5ec248bef6a1090",
      "repairability": [
        {
          "tool-name": "Cardumen",
          "pattern-name": "Cardumen:expression_replacement_by_upd",
          "Unified_Diff_of-files:": "Starts Below...",
          "CHANGE_old:": "                    sourceIndex[0], source.indexOf(\"\u0026gt;\", sourceIndex[0])));",
          "CHANGE_new:": "                    sourceIndex[0], source.indexOf(\u0027\u0026gt;\u0027, sourceIndex[0])));",
          "instance_detail": [
            {
              "pattern_action": "UPD",
              "pattern_entity": {
                "entity_type": "Expression",
                "entity_new value": "*",
                "entity_role": "*",
                "entity_parent": "null"
              },
              "concrete_change": {
                "operator": "UPD",
                "src_type": "Literal",
                "dst_type": "Literal",
                "src": "\"\u003e\"",
                "dst": "\u0027\u003e\u0027",
                "src_parent_type": "Invocation",
                "dst_parent_type": "Invocation",
                "src_parent": "source.indexOf(\"\u003e\", sourceIndex[0])",
                "dst_parent": "source.indexOf(\u0027\u003e\u0027, sourceIndex[0])"
              },
              "line": 796,
              "file": "/home/khesoem/projects/lighter/exp/src/main/java/com/github/underscore/lodash/Xml.java",
              "stats": {
                "number_of_src_entities": 3,
                "number_of_dst_entities": 2,
                "src_entity_types": "[java.lang.String]",
                "dst_entity_types": "[char]"
              }
            }
          ]
        }
      ]
    }
  ],
  "complete_analysis": true
}