{
  "instances": [
    {
      "revision": "1b6728a7b6615ec5507fc8f9221d38ea5502da16",
      "repairability": [
        {
          "tool-name": "Elixir",
          "pattern-name": "Elixir:update_invocation_deep",
          "Unified_Diff_of-files:": "Starts Below...",
          "CHANGE_old:": "                drawWorldObject(object, g);",
          "CHANGE_new:": "                drawWorldObject(object, g, offsetX, offsetY);",
          "INSERT:": "",
          "instance_detail": [
            {
              "pattern_action": "ANY",
              "pattern_entity": {
                "entity_type": "*",
                "entity_new value": "*",
                "entity_role": "*",
                "entity_parent": {
                  "entity_type": "AbstractInvocation",
                  "entity_new value": "*",
                  "entity_role": "*",
                  "entity_parent": "null"
                }
              },
              "concrete_change": {
                "operator": "UPD",
                "src_type": "VariableRead",
                "dst_type": "VariableRead",
                "src": "g",
                "dst": "object",
                "src_parent_type": "Invocation",
                "dst_parent_type": "Invocation",
                "src_parent": "g.drawImage(env, 0, 0, this)",
                "dst_parent": "object.getClass()"
              },
              "line": 126,
              "file": "/home/khesoem/projects/lighter/exp/src/main/java/hu/oe/nik/szfmv/visualization/CourseDisplay.java",
              "stats": {
                "number_of_src_entities": 4,
                "number_of_dst_entities": 4,
                "src_entity_types": "[java.awt.Graphics]",
                "dst_entity_types": "[hu.oe.nik.szfmv.environment.WorldObject]"
              }
            }
          ]
        }
      ]
    }
  ],
  "complete_analysis": true
}