{
  "instances": [
    {
      "revision": "e567e23192e40f56af1c7d3e419f7e23b0741bbd",
      "repairability": [
        {
          "tool-name": "Elixir",
          "pattern-name": "Elixir:update_type_ref",
          "Unified_Diff_of-files:": "Starts Below...",
          "INSERT:": "import java.awt.geom.Point2D;",
          "DELETE:": "    private static Map\u0026lt;String, Point\u0026gt; referencePoints \u003d new HashMap\u0026lt;\u0026gt;();",
          "CHANGE_old:": "        g.drawImage(staticEnvironmentZ1, (int) (offset.x * scale), (int) (offset.y * scale), this);",
          "CHANGE_new:": "        g.drawImage(staticEnvironmentZ1, (int) (offset.getX() * scale), (int) (offset.getY() * scale), this);",
          "instance_detail": [
            {
              "pattern_action": "UPD",
              "pattern_entity": {
                "entity_type": "TypeReference",
                "entity_new value": "*",
                "entity_role": "*",
                "entity_parent": "null"
              },
              "concrete_change": {
                "operator": "UPD",
                "src_type": "TypeReference",
                "dst_type": "TypeReference",
                "src": "int",
                "dst": "double",
                "src_parent_type": "Field",
                "dst_parent_type": "Field",
                "src_parent": "private int x;",
                "dst_parent": "private double x;"
              },
              "line": 4,
              "file": "/home/khesoem/projects/lighter/exp/src/main/java/hu/oe/nik/szfmv/automatedcar/bus/packets/car/CarPacket.java",
              "stats": {
                "number_of_src_entities": 1,
                "number_of_dst_entities": 1,
                "src_entity_types": "[int]",
                "dst_entity_types": "[double]"
              }
            }
          ]
        },
        {
          "tool-name": "Elixir",
          "pattern-name": "Elixir:update_type_ref",
          "Unified_Diff_of-files:": "Starts Below...",
          "INSERT:": "import java.awt.geom.Point2D;",
          "DELETE:": "    private static Map\u0026lt;String, Point\u0026gt; referencePoints \u003d new HashMap\u0026lt;\u0026gt;();",
          "CHANGE_old:": "        g.drawImage(staticEnvironmentZ1, (int) (offset.x * scale), (int) (offset.y * scale), this);",
          "CHANGE_new:": "        g.drawImage(staticEnvironmentZ1, (int) (offset.getX() * scale), (int) (offset.getY() * scale), this);",
          "instance_detail": [
            {
              "pattern_action": "UPD",
              "pattern_entity": {
                "entity_type": "TypeReference",
                "entity_new value": "*",
                "entity_role": "*",
                "entity_parent": "null"
              },
              "concrete_change": {
                "operator": "UPD",
                "src_type": "TypeReference",
                "dst_type": "TypeReference",
                "src": "int",
                "dst": "double",
                "src_parent_type": "Field",
                "dst_parent_type": "Field",
                "src_parent": "private int y;",
                "dst_parent": "private double y;"
              },
              "line": 5,
              "file": "/home/khesoem/projects/lighter/exp/src/main/java/hu/oe/nik/szfmv/automatedcar/bus/packets/car/CarPacket.java",
              "stats": {
                "number_of_src_entities": 1,
                "number_of_dst_entities": 1,
                "src_entity_types": "[int]",
                "dst_entity_types": "[double]"
              }
            }
          ]
        },
        {
          "tool-name": "Elixir",
          "pattern-name": "Elixir:update_type_ref",
          "Unified_Diff_of-files:": "Starts Below...",
          "INSERT:": "import java.awt.geom.Point2D;",
          "DELETE:": "    private static Map\u0026lt;String, Point\u0026gt; referencePoints \u003d new HashMap\u0026lt;\u0026gt;();",
          "CHANGE_old:": "        g.drawImage(staticEnvironmentZ1, (int) (offset.x * scale), (int) (offset.y * scale), this);",
          "CHANGE_new:": "        g.drawImage(staticEnvironmentZ1, (int) (offset.getX() * scale), (int) (offset.getY() * scale), this);",
          "instance_detail": [
            {
              "pattern_action": "UPD",
              "pattern_entity": {
                "entity_type": "TypeReference",
                "entity_new value": "*",
                "entity_role": "*",
                "entity_parent": "null"
              },
              "concrete_change": {
                "operator": "UPD",
                "src_type": "TypeReference",
                "dst_type": "TypeReference",
                "src": "int",
                "dst": "double",
                "src_parent_type": "Method",
                "dst_parent_type": "Method",
                "src_parent": "public int getX() {\n    return x;\n}",
                "dst_parent": "public double getX() {\n    return x;\n}"
              },
              "line": 30,
              "file": "/home/khesoem/projects/lighter/exp/src/main/java/hu/oe/nik/szfmv/automatedcar/bus/packets/car/CarPacket.java",
              "stats": {
                "number_of_src_entities": 1,
                "number_of_dst_entities": 1,
                "src_entity_types": "[int]",
                "dst_entity_types": "[double]"
              }
            }
          ]
        },
        {
          "tool-name": "Elixir",
          "pattern-name": "Elixir:update_type_ref",
          "Unified_Diff_of-files:": "Starts Below...",
          "INSERT:": "import java.awt.geom.Point2D;",
          "DELETE:": "    private static Map\u0026lt;String, Point\u0026gt; referencePoints \u003d new HashMap\u0026lt;\u0026gt;();",
          "CHANGE_old:": "        g.drawImage(staticEnvironmentZ1, (int) (offset.x * scale), (int) (offset.y * scale), this);",
          "CHANGE_new:": "        g.drawImage(staticEnvironmentZ1, (int) (offset.getX() * scale), (int) (offset.getY() * scale), this);",
          "instance_detail": [
            {
              "pattern_action": "UPD",
              "pattern_entity": {
                "entity_type": "TypeReference",
                "entity_new value": "*",
                "entity_role": "*",
                "entity_parent": "null"
              },
              "concrete_change": {
                "operator": "UPD",
                "src_type": "TypeReference",
                "dst_type": "TypeReference",
                "src": "int",
                "dst": "double",
                "src_parent_type": "Method",
                "dst_parent_type": "Method",
                "src_parent": "public int getY() {\n    return y;\n}",
                "dst_parent": "public double getY() {\n    return y;\n}"
              },
              "line": 38,
              "file": "/home/khesoem/projects/lighter/exp/src/main/java/hu/oe/nik/szfmv/automatedcar/bus/packets/car/CarPacket.java",
              "stats": {
                "number_of_src_entities": 1,
                "number_of_dst_entities": 1,
                "src_entity_types": "[int]",
                "dst_entity_types": "[double]"
              }
            }
          ]
        },
        {
          "tool-name": "Elixir",
          "pattern-name": "Elixir:update_type_ref",
          "Unified_Diff_of-files:": "Starts Below...",
          "INSERT:": "import java.awt.geom.Point2D;",
          "DELETE:": "    private static Map\u0026lt;String, Point\u0026gt; referencePoints \u003d new HashMap\u0026lt;\u0026gt;();",
          "CHANGE_old:": "        g.drawImage(staticEnvironmentZ1, (int) (offset.x * scale), (int) (offset.y * scale), this);",
          "CHANGE_new:": "        g.drawImage(staticEnvironmentZ1, (int) (offset.getX() * scale), (int) (offset.getY() * scale), this);",
          "instance_detail": [
            {
              "pattern_action": "UPD",
              "pattern_entity": {
                "entity_type": "TypeReference",
                "entity_new value": "*",
                "entity_role": "*",
                "entity_parent": "null"
              },
              "concrete_change": {
                "operator": "UPD",
                "src_type": "TypeReference",
                "dst_type": "TypeReference",
                "src": "int",
                "dst": "double",
                "src_parent_type": "Parameter",
                "dst_parent_type": "Parameter",
                "src_parent": "int x",
                "dst_parent": "double x"
              },
              "line": 24,
              "file": "/home/khesoem/projects/lighter/exp/src/main/java/hu/oe/nik/szfmv/automatedcar/bus/packets/car/CarPacket.java",
              "stats": {
                "number_of_src_entities": 1,
                "number_of_dst_entities": 1,
                "src_entity_types": "[int]",
                "dst_entity_types": "[double]"
              }
            }
          ]
        },
        {
          "tool-name": "Elixir",
          "pattern-name": "Elixir:update_type_ref",
          "Unified_Diff_of-files:": "Starts Below...",
          "INSERT:": "import java.awt.geom.Point2D;",
          "DELETE:": "    private static Map\u0026lt;String, Point\u0026gt; referencePoints \u003d new HashMap\u0026lt;\u0026gt;();",
          "CHANGE_old:": "        g.drawImage(staticEnvironmentZ1, (int) (offset.x * scale), (int) (offset.y * scale), this);",
          "CHANGE_new:": "        g.drawImage(staticEnvironmentZ1, (int) (offset.getX() * scale), (int) (offset.getY() * scale), this);",
          "instance_detail": [
            {
              "pattern_action": "UPD",
              "pattern_entity": {
                "entity_type": "TypeReference",
                "entity_new value": "*",
                "entity_role": "*",
                "entity_parent": "null"
              },
              "concrete_change": {
                "operator": "UPD",
                "src_type": "TypeReference",
                "dst_type": "TypeReference",
                "src": "int",
                "dst": "double",
                "src_parent_type": "Parameter",
                "dst_parent_type": "Parameter",
                "src_parent": "int y",
                "dst_parent": "double y"
              },
              "line": 24,
              "file": "/home/khesoem/projects/lighter/exp/src/main/java/hu/oe/nik/szfmv/automatedcar/bus/packets/car/CarPacket.java",
              "stats": {
                "number_of_src_entities": 1,
                "number_of_dst_entities": 1,
                "src_entity_types": "[int]",
                "dst_entity_types": "[double]"
              }
            }
          ]
        },
        {
          "tool-name": "Elixir",
          "pattern-name": "Elixir:update_type_ref",
          "Unified_Diff_of-files:": "Starts Below...",
          "INSERT:": "import java.awt.geom.Point2D;",
          "DELETE:": "    private static Map\u0026lt;String, Point\u0026gt; referencePoints \u003d new HashMap\u0026lt;\u0026gt;();",
          "CHANGE_old:": "        g.drawImage(staticEnvironmentZ1, (int) (offset.x * scale), (int) (offset.y * scale), this);",
          "CHANGE_new:": "        g.drawImage(staticEnvironmentZ1, (int) (offset.getX() * scale), (int) (offset.getY() * scale), this);",
          "instance_detail": [
            {
              "pattern_action": "UPD",
              "pattern_entity": {
                "entity_type": "TypeReference",
                "entity_new value": "*",
                "entity_role": "*",
                "entity_parent": "null"
              },
              "concrete_change": {
                "operator": "UPD",
                "src_type": "TypeReference",
                "dst_type": "TypeReference",
                "src": "int",
                "dst": "double",
                "src_parent_type": "Parameter",
                "dst_parent_type": "Parameter",
                "src_parent": "int x",
                "dst_parent": "double x"
              },
              "line": 34,
              "file": "/home/khesoem/projects/lighter/exp/src/main/java/hu/oe/nik/szfmv/automatedcar/bus/packets/car/CarPacket.java",
              "stats": {
                "number_of_src_entities": 1,
                "number_of_dst_entities": 1,
                "src_entity_types": "[int]",
                "dst_entity_types": "[double]"
              }
            }
          ]
        },
        {
          "tool-name": "Elixir",
          "pattern-name": "Elixir:update_type_ref",
          "Unified_Diff_of-files:": "Starts Below...",
          "INSERT:": "import java.awt.geom.Point2D;",
          "DELETE:": "    private static Map\u0026lt;String, Point\u0026gt; referencePoints \u003d new HashMap\u0026lt;\u0026gt;();",
          "CHANGE_old:": "        g.drawImage(staticEnvironmentZ1, (int) (offset.x * scale), (int) (offset.y * scale), this);",
          "CHANGE_new:": "        g.drawImage(staticEnvironmentZ1, (int) (offset.getX() * scale), (int) (offset.getY() * scale), this);",
          "instance_detail": [
            {
              "pattern_action": "UPD",
              "pattern_entity": {
                "entity_type": "TypeReference",
                "entity_new value": "*",
                "entity_role": "*",
                "entity_parent": "null"
              },
              "concrete_change": {
                "operator": "UPD",
                "src_type": "TypeReference",
                "dst_type": "TypeReference",
                "src": "int",
                "dst": "double",
                "src_parent_type": "Parameter",
                "dst_parent_type": "Parameter",
                "src_parent": "int y",
                "dst_parent": "double y"
              },
              "line": 42,
              "file": "/home/khesoem/projects/lighter/exp/src/main/java/hu/oe/nik/szfmv/automatedcar/bus/packets/car/CarPacket.java",
              "stats": {
                "number_of_src_entities": 1,
                "number_of_dst_entities": 1,
                "src_entity_types": "[int]",
                "dst_entity_types": "[double]"
              }
            }
          ]
        }
      ]
    },
    {
      "revision": "e567e23192e40f56af1c7d3e419f7e23b0741bbd",
      "repairability": [
        {
          "tool-name": "Elixir",
          "pattern-name": "Elixir:update_type_ref",
          "Unified_Diff_of-files:": "Starts Below...",
          "INSERT:": "import java.awt.geom.Point2D;",
          "DELETE:": "    private static Map\u0026lt;String, Point\u0026gt; referencePoints \u003d new HashMap\u0026lt;\u0026gt;();",
          "CHANGE_old:": "        g.drawImage(staticEnvironmentZ1, (int) (offset.x * scale), (int) (offset.y * scale), this);",
          "CHANGE_new:": "        g.drawImage(staticEnvironmentZ1, (int) (offset.getX() * scale), (int) (offset.getY() * scale), this);",
          "instance_detail": [
            {
              "pattern_action": "UPD",
              "pattern_entity": {
                "entity_type": "TypeReference",
                "entity_new value": "*",
                "entity_role": "*",
                "entity_parent": "null"
              },
              "concrete_change": {
                "operator": "UPD",
                "src_type": "TypeReference",
                "dst_type": "TypeReference",
                "src": "int",
                "dst": "double",
                "src_parent_type": "ParameterReference",
                "dst_parent_type": "Parameter",
                "src_parent": "newX",
                "dst_parent": "double newX"
              },
              "line": 30,
              "file": "/home/khesoem/projects/lighter/exp/src/main/java/hu/oe/nik/szfmv/environment/models/Movable.java",
              "stats": {
                "number_of_src_entities": 1,
                "number_of_dst_entities": 1,
                "src_entity_types": "[int]",
                "dst_entity_types": "[double]"
              }
            }
          ]
        },
        {
          "tool-name": "Elixir",
          "pattern-name": "Elixir:update_type_ref",
          "Unified_Diff_of-files:": "Starts Below...",
          "INSERT:": "import java.awt.geom.Point2D;",
          "DELETE:": "    private static Map\u0026lt;String, Point\u0026gt; referencePoints \u003d new HashMap\u0026lt;\u0026gt;();",
          "CHANGE_old:": "        g.drawImage(staticEnvironmentZ1, (int) (offset.x * scale), (int) (offset.y * scale), this);",
          "CHANGE_new:": "        g.drawImage(staticEnvironmentZ1, (int) (offset.getX() * scale), (int) (offset.getY() * scale), this);",
          "instance_detail": [
            {
              "pattern_action": "UPD",
              "pattern_entity": {
                "entity_type": "TypeReference",
                "entity_new value": "*",
                "entity_role": "*",
                "entity_parent": "null"
              },
              "concrete_change": {
                "operator": "UPD",
                "src_type": "TypeReference",
                "dst_type": "TypeReference",
                "src": "int",
                "dst": "double",
                "src_parent_type": "ParameterReference",
                "dst_parent_type": "Parameter",
                "src_parent": "newY",
                "dst_parent": "double newY"
              },
              "line": 30,
              "file": "/home/khesoem/projects/lighter/exp/src/main/java/hu/oe/nik/szfmv/environment/models/Movable.java",
              "stats": {
                "number_of_src_entities": 1,
                "number_of_dst_entities": 1,
                "src_entity_types": "[int]",
                "dst_entity_types": "[double]"
              }
            }
          ]
        }
      ]
    },
    {
      "revision": "e567e23192e40f56af1c7d3e419f7e23b0741bbd",
      "repairability": [
        {
          "tool-name": "Elixir",
          "pattern-name": "Elixir:update_type_ref",
          "Unified_Diff_of-files:": "Starts Below...",
          "INSERT:": "import java.awt.geom.Point2D;",
          "DELETE:": "    private static Map\u0026lt;String, Point\u0026gt; referencePoints \u003d new HashMap\u0026lt;\u0026gt;();",
          "CHANGE_old:": "        g.drawImage(staticEnvironmentZ1, (int) (offset.x * scale), (int) (offset.y * scale), this);",
          "CHANGE_new:": "        g.drawImage(staticEnvironmentZ1, (int) (offset.getX() * scale), (int) (offset.getY() * scale), this);",
          "instance_detail": [
            {
              "pattern_action": "UPD",
              "pattern_entity": {
                "entity_type": "TypeReference",
                "entity_new value": "*",
                "entity_role": "*",
                "entity_parent": "null"
              },
              "concrete_change": {
                "operator": "UPD",
                "src_type": "TypeReference",
                "dst_type": "TypeReference",
                "src": "int",
                "dst": "double",
                "src_parent_type": "Method",
                "dst_parent_type": "Method",
                "src_parent": "int getX();",
                "dst_parent": "double getX();"
              },
              "line": 7,
              "file": "/home/khesoem/projects/lighter/exp/src/main/java/hu/oe/nik/szfmv/automatedcar/bus/packets/car/ReadOnlyCarPacket.java",
              "stats": {
                "number_of_src_entities": 1,
                "number_of_dst_entities": 1,
                "src_entity_types": "[int]",
                "dst_entity_types": "[double]"
              }
            }
          ]
        },
        {
          "tool-name": "Elixir",
          "pattern-name": "Elixir:update_type_ref",
          "Unified_Diff_of-files:": "Starts Below...",
          "INSERT:": "import java.awt.geom.Point2D;",
          "DELETE:": "    private static Map\u0026lt;String, Point\u0026gt; referencePoints \u003d new HashMap\u0026lt;\u0026gt;();",
          "CHANGE_old:": "        g.drawImage(staticEnvironmentZ1, (int) (offset.x * scale), (int) (offset.y * scale), this);",
          "CHANGE_new:": "        g.drawImage(staticEnvironmentZ1, (int) (offset.getX() * scale), (int) (offset.getY() * scale), this);",
          "instance_detail": [
            {
              "pattern_action": "UPD",
              "pattern_entity": {
                "entity_type": "TypeReference",
                "entity_new value": "*",
                "entity_role": "*",
                "entity_parent": "null"
              },
              "concrete_change": {
                "operator": "UPD",
                "src_type": "TypeReference",
                "dst_type": "TypeReference",
                "src": "int",
                "dst": "double",
                "src_parent_type": "Method",
                "dst_parent_type": "Method",
                "src_parent": "int getY();",
                "dst_parent": "double getY();"
              },
              "line": 12,
              "file": "/home/khesoem/projects/lighter/exp/src/main/java/hu/oe/nik/szfmv/automatedcar/bus/packets/car/ReadOnlyCarPacket.java",
              "stats": {
                "number_of_src_entities": 1,
                "number_of_dst_entities": 1,
                "src_entity_types": "[int]",
                "dst_entity_types": "[double]"
              }
            }
          ]
        }
      ]
    },
    {
      "revision": "e567e23192e40f56af1c7d3e419f7e23b0741bbd",
      "repairability": [
        {
          "tool-name": "Elixir",
          "pattern-name": "Elixir:update_type_ref",
          "Unified_Diff_of-files:": "Starts Below...",
          "INSERT:": "import java.awt.geom.Point2D;",
          "DELETE:": "    private static Map\u0026lt;String, Point\u0026gt; referencePoints \u003d new HashMap\u0026lt;\u0026gt;();",
          "CHANGE_old:": "        g.drawImage(staticEnvironmentZ1, (int) (offset.x * scale), (int) (offset.y * scale), this);",
          "CHANGE_new:": "        g.drawImage(staticEnvironmentZ1, (int) (offset.getX() * scale), (int) (offset.getY() * scale), this);",
          "instance_detail": [
            {
              "pattern_action": "UPD",
              "pattern_entity": {
                "entity_type": "TypeReference",
                "entity_new value": "*",
                "entity_role": "*",
                "entity_parent": "null"
              },
              "concrete_change": {
                "operator": "UPD",
                "src_type": "TypeReference",
                "dst_type": "TypeReference",
                "src": "java.awt.Point",
                "dst": "java.awt.geom.Point2D",
                "src_parent_type": "Method",
                "dst_parent_type": "Method",
                "src_parent": "java.awt.Point getLocation();",
                "dst_parent": "java.awt.geom.Point2D getLocation();"
              },
              "line": 15,
              "file": "/home/khesoem/projects/lighter/exp/src/main/java/hu/oe/nik/szfmv/environment/interfaces/IWorldObject.java",
              "stats": {
                "number_of_src_entities": 2,
                "number_of_dst_entities": 2,
                "src_entity_types": "[java.awt.Point]",
                "dst_entity_types": "[java.awt.geom.Point2D]"
              }
            }
          ]
        }
      ]
    },
    {
      "revision": "e567e23192e40f56af1c7d3e419f7e23b0741bbd",
      "repairability": [
        {
          "tool-name": "Elixir",
          "pattern-name": "Elixir:check_length",
          "Unified_Diff_of-files:": "Starts Below...",
          "INSERT:": "import java.awt.geom.Point2D;",
          "DELETE:": "    private static Map\u0026lt;String, Point\u0026gt; referencePoints \u003d new HashMap\u0026lt;\u0026gt;();",
          "CHANGE_old:": "        g.drawImage(staticEnvironmentZ1, (int) (offset.x * scale), (int) (offset.y * scale), this);",
          "CHANGE_new:": "        g.drawImage(staticEnvironmentZ1, (int) (offset.getX() * scale), (int) (offset.getY() * scale), this);",
          "instance_detail": [
            {
              "pattern_action": "MOV",
              "pattern_entity": {
                "entity_type": "Statement",
                "entity_new value": "*",
                "entity_role": "*",
                "entity_parent": "null"
              },
              "concrete_change": {
                "operator": "MOV",
                "src_type": "Block",
                "dst_type": "Block",
                "src": "{\n    return hu.oe.nik.szfmv.automatedcar.systemcomponents.SteeringWheel.MAXPOSITION;\n}",
                "dst": "{\n    wheelPosition \u003d hu.oe.nik.szfmv.automatedcar.systemcomponents.SteeringWheel.MAXPOSITION;\n}",
                "src_parent_type": "If",
                "dst_parent_type": "If",
                "src_parent": "if (newPos \u003e (hu.oe.nik.szfmv.automatedcar.systemcomponents.SteeringWheel.MAXPOSITION)) {\n    return hu.oe.nik.szfmv.automatedcar.systemcomponents.SteeringWheel.MAXPOSITION;\n}",
                "dst_parent": "if (newPos \u003e (hu.oe.nik.szfmv.automatedcar.systemcomponents.SteeringWheel.MAXPOSITION)) {\n    wheelPosition \u003d hu.oe.nik.szfmv.automatedcar.systemcomponents.SteeringWheel.MAXPOSITION;\n} else\n    if (newPos \u003c (hu.oe.nik.szfmv.automatedcar.systemcomponents.SteeringWheel.MINPOSITION)) {\n        wheelPosition \u003d hu.oe.nik.szfmv.automatedcar.systemcomponents.SteeringWheel.MINPOSITION;\n    } else\n        if ((java.lang.Math.abs(newPos)) \u003c (hu.oe.nik.szfmv.automatedcar.systemcomponents.SteeringWheel.STEP)) {\n            wheelPosition \u003d 0;\n        } else {\n            wheelPosition \u003d newPos;\n        }\n\n"
              },
              "line": 61,
              "file": "/home/khesoem/projects/lighter/exp/src/main/java/hu/oe/nik/szfmv/automatedcar/systemcomponents/SteeringWheel.java",
              "stats": {
                "number_of_src_entities": 10,
                "number_of_dst_entities": 14,
                "src_entity_types": "[hu.oe.nik.szfmv.automatedcar.systemcomponents.SteeringWheel]",
                "dst_entity_types": "[double, hu.oe.nik.szfmv.automatedcar.systemcomponents.SteeringWheel]"
              }
            },
            {
              "pattern_action": "INS",
              "pattern_entity": {
                "entity_type": "If",
                "entity_new value": "*",
                "entity_role": "*",
                "entity_parent": "null"
              },
              "concrete_change": {
                "operator": "INS",
                "src_type": "If",
                "dst_type": "null",
                "src": "if (newPos \u003e (hu.oe.nik.szfmv.automatedcar.systemcomponents.SteeringWheel.MAXPOSITION)) {\n    wheelPosition \u003d hu.oe.nik.szfmv.automatedcar.systemcomponents.SteeringWheel.MAXPOSITION;\n} else\n    if (newPos \u003c (hu.oe.nik.szfmv.automatedcar.systemcomponents.SteeringWheel.MINPOSITION)) {\n        wheelPosition \u003d hu.oe.nik.szfmv.automatedcar.systemcomponents.SteeringWheel.MINPOSITION;\n    } else\n        if ((java.lang.Math.abs(newPos)) \u003c (hu.oe.nik.szfmv.automatedcar.systemcomponents.SteeringWheel.STEP)) {\n            wheelPosition \u003d 0;\n        } else {\n            wheelPosition \u003d newPos;\n        }\n\n",
                "dst": "null",
                "src_parent_type": "Block",
                "dst_parent_type": "null",
                "src_parent": "{\n    double wheelPosition;\n    if (newPos \u003e (hu.oe.nik.szfmv.automatedcar.systemcomponents.SteeringWheel.MAXPOSITION)) {\n        wheelPosition \u003d hu.oe.nik.szfmv.automatedcar.systemcomponents.SteeringWheel.MAXPOSITION;\n    } else\n        if (newPos \u003c (hu.oe.nik.szfmv.automatedcar.systemcomponents.SteeringWheel.MINPOSITION)) {\n            wheelPosition \u003d hu.oe.nik.szfmv.automatedcar.systemcomponents.SteeringWheel.MINPOSITION;\n        } else\n            if ((java.lang.Math.abs(newPos)) \u003c (hu.oe.nik.szfmv.automatedcar.systemcomponents.SteeringWheel.STEP)) {\n                wheelPosition \u003d 0;\n            } else {\n                wheelPosition \u003d newPos;\n            }\n\n\n    return wheelPosition;\n}",
                "dst_parent": "null"
              },
              "line": 65,
              "file": "/home/khesoem/projects/lighter/exp/src/main/java/hu/oe/nik/szfmv/automatedcar/systemcomponents/SteeringWheel.java",
              "stats": {
                "number_of_src_entities": 98,
                "number_of_dst_entities": -1,
                "src_entity_types": "[int, boolean, double, hu.oe.nik.szfmv.automatedcar.systemcomponents.SteeringWheel, java.lang.Math]",
                "dst_entity_types": "[]"
              }
            }
          ]
        },
        {
          "tool-name": "Elixir",
          "pattern-name": "Elixir:check_length",
          "Unified_Diff_of-files:": "Starts Below...",
          "INSERT:": "import java.awt.geom.Point2D;",
          "DELETE:": "    private static Map\u0026lt;String, Point\u0026gt; referencePoints \u003d new HashMap\u0026lt;\u0026gt;();",
          "CHANGE_old:": "        g.drawImage(staticEnvironmentZ1, (int) (offset.x * scale), (int) (offset.y * scale), this);",
          "CHANGE_new:": "        g.drawImage(staticEnvironmentZ1, (int) (offset.getX() * scale), (int) (offset.getY() * scale), this);",
          "instance_detail": [
            {
              "pattern_action": "MOV",
              "pattern_entity": {
                "entity_type": "Statement",
                "entity_new value": "*",
                "entity_role": "*",
                "entity_parent": "null"
              },
              "concrete_change": {
                "operator": "MOV",
                "src_type": "Block",
                "dst_type": "Block",
                "src": "{\n    return hu.oe.nik.szfmv.automatedcar.systemcomponents.SteeringWheel.MINPOSITION;\n}",
                "dst": "{\n    wheelPosition \u003d hu.oe.nik.szfmv.automatedcar.systemcomponents.SteeringWheel.MINPOSITION;\n}",
                "src_parent_type": "If",
                "dst_parent_type": "If",
                "src_parent": "if (newPos \u003c (hu.oe.nik.szfmv.automatedcar.systemcomponents.SteeringWheel.MINPOSITION)) {\n    return hu.oe.nik.szfmv.automatedcar.systemcomponents.SteeringWheel.MINPOSITION;\n}",
                "dst_parent": "if (newPos \u003c (hu.oe.nik.szfmv.automatedcar.systemcomponents.SteeringWheel.MINPOSITION)) {\n    wheelPosition \u003d hu.oe.nik.szfmv.automatedcar.systemcomponents.SteeringWheel.MINPOSITION;\n} else\n    if ((java.lang.Math.abs(newPos)) \u003c (hu.oe.nik.szfmv.automatedcar.systemcomponents.SteeringWheel.STEP)) {\n        wheelPosition \u003d 0;\n    } else {\n        wheelPosition \u003d newPos;\n    }\n"
              },
              "line": 65,
              "file": "/home/khesoem/projects/lighter/exp/src/main/java/hu/oe/nik/szfmv/automatedcar/systemcomponents/SteeringWheel.java",
              "stats": {
                "number_of_src_entities": 10,
                "number_of_dst_entities": 14,
                "src_entity_types": "[hu.oe.nik.szfmv.automatedcar.systemcomponents.SteeringWheel]",
                "dst_entity_types": "[double, hu.oe.nik.szfmv.automatedcar.systemcomponents.SteeringWheel]"
              }
            },
            {
              "pattern_action": "INS",
              "pattern_entity": {
                "entity_type": "If",
                "entity_new value": "*",
                "entity_role": "*",
                "entity_parent": "null"
              },
              "concrete_change": {
                "operator": "INS",
                "src_type": "If",
                "dst_type": "null",
                "src": "if (newPos \u003e (hu.oe.nik.szfmv.automatedcar.systemcomponents.SteeringWheel.MAXPOSITION)) {\n    wheelPosition \u003d hu.oe.nik.szfmv.automatedcar.systemcomponents.SteeringWheel.MAXPOSITION;\n} else\n    if (newPos \u003c (hu.oe.nik.szfmv.automatedcar.systemcomponents.SteeringWheel.MINPOSITION)) {\n        wheelPosition \u003d hu.oe.nik.szfmv.automatedcar.systemcomponents.SteeringWheel.MINPOSITION;\n    } else\n        if ((java.lang.Math.abs(newPos)) \u003c (hu.oe.nik.szfmv.automatedcar.systemcomponents.SteeringWheel.STEP)) {\n            wheelPosition \u003d 0;\n        } else {\n            wheelPosition \u003d newPos;\n        }\n\n",
                "dst": "null",
                "src_parent_type": "Block",
                "dst_parent_type": "null",
                "src_parent": "{\n    double wheelPosition;\n    if (newPos \u003e (hu.oe.nik.szfmv.automatedcar.systemcomponents.SteeringWheel.MAXPOSITION)) {\n        wheelPosition \u003d hu.oe.nik.szfmv.automatedcar.systemcomponents.SteeringWheel.MAXPOSITION;\n    } else\n        if (newPos \u003c (hu.oe.nik.szfmv.automatedcar.systemcomponents.SteeringWheel.MINPOSITION)) {\n            wheelPosition \u003d hu.oe.nik.szfmv.automatedcar.systemcomponents.SteeringWheel.MINPOSITION;\n        } else\n            if ((java.lang.Math.abs(newPos)) \u003c (hu.oe.nik.szfmv.automatedcar.systemcomponents.SteeringWheel.STEP)) {\n                wheelPosition \u003d 0;\n            } else {\n                wheelPosition \u003d newPos;\n            }\n\n\n    return wheelPosition;\n}",
                "dst_parent": "null"
              },
              "line": 65,
              "file": "/home/khesoem/projects/lighter/exp/src/main/java/hu/oe/nik/szfmv/automatedcar/systemcomponents/SteeringWheel.java",
              "stats": {
                "number_of_src_entities": 98,
                "number_of_dst_entities": -1,
                "src_entity_types": "[int, boolean, double, hu.oe.nik.szfmv.automatedcar.systemcomponents.SteeringWheel, java.lang.Math]",
                "dst_entity_types": "[]"
              }
            }
          ]
        },
        {
          "tool-name": "Elixir",
          "pattern-name": "Elixir:check_length",
          "Unified_Diff_of-files:": "Starts Below...",
          "INSERT:": "import java.awt.geom.Point2D;",
          "DELETE:": "    private static Map\u0026lt;String, Point\u0026gt; referencePoints \u003d new HashMap\u0026lt;\u0026gt;();",
          "CHANGE_old:": "        g.drawImage(staticEnvironmentZ1, (int) (offset.x * scale), (int) (offset.y * scale), this);",
          "CHANGE_new:": "        g.drawImage(staticEnvironmentZ1, (int) (offset.getX() * scale), (int) (offset.getY() * scale), this);",
          "instance_detail": [
            {
              "pattern_action": "MOV",
              "pattern_entity": {
                "entity_type": "Statement",
                "entity_new value": "*",
                "entity_role": "*",
                "entity_parent": "null"
              },
              "concrete_change": {
                "operator": "MOV",
                "src_type": "Block",
                "dst_type": "Block",
                "src": "{\n    return hu.oe.nik.szfmv.automatedcar.systemcomponents.SteeringWheel.MINPOSITION;\n}",
                "dst": "{\n    wheelPosition \u003d hu.oe.nik.szfmv.automatedcar.systemcomponents.SteeringWheel.MINPOSITION;\n}",
                "src_parent_type": "If",
                "dst_parent_type": "If",
                "src_parent": "if (newPos \u003c (hu.oe.nik.szfmv.automatedcar.systemcomponents.SteeringWheel.MINPOSITION)) {\n    return hu.oe.nik.szfmv.automatedcar.systemcomponents.SteeringWheel.MINPOSITION;\n}",
                "dst_parent": "if (newPos \u003c (hu.oe.nik.szfmv.automatedcar.systemcomponents.SteeringWheel.MINPOSITION)) {\n    wheelPosition \u003d hu.oe.nik.szfmv.automatedcar.systemcomponents.SteeringWheel.MINPOSITION;\n} else\n    if ((java.lang.Math.abs(newPos)) \u003c (hu.oe.nik.szfmv.automatedcar.systemcomponents.SteeringWheel.STEP)) {\n        wheelPosition \u003d 0;\n    } else {\n        wheelPosition \u003d newPos;\n    }\n"
              },
              "line": 65,
              "file": "/home/khesoem/projects/lighter/exp/src/main/java/hu/oe/nik/szfmv/automatedcar/systemcomponents/SteeringWheel.java",
              "stats": {
                "number_of_src_entities": 10,
                "number_of_dst_entities": 14,
                "src_entity_types": "[hu.oe.nik.szfmv.automatedcar.systemcomponents.SteeringWheel]",
                "dst_entity_types": "[double, hu.oe.nik.szfmv.automatedcar.systemcomponents.SteeringWheel]"
              }
            },
            {
              "pattern_action": "INS",
              "pattern_entity": {
                "entity_type": "If",
                "entity_new value": "*",
                "entity_role": "*",
                "entity_parent": "null"
              },
              "concrete_change": {
                "operator": "INS",
                "src_type": "If",
                "dst_type": "null",
                "src": "if (newPos \u003c (hu.oe.nik.szfmv.automatedcar.systemcomponents.SteeringWheel.MINPOSITION)) {\n    wheelPosition \u003d hu.oe.nik.szfmv.automatedcar.systemcomponents.SteeringWheel.MINPOSITION;\n} else\n    if ((java.lang.Math.abs(newPos)) \u003c (hu.oe.nik.szfmv.automatedcar.systemcomponents.SteeringWheel.STEP)) {\n        wheelPosition \u003d 0;\n    } else {\n        wheelPosition \u003d newPos;\n    }\n",
                "dst": "null",
                "src_parent_type": "Block",
                "dst_parent_type": "null",
                "src_parent": "if (newPos \u003c (hu.oe.nik.szfmv.automatedcar.systemcomponents.SteeringWheel.MINPOSITION)) {\n        wheelPosition \u003d hu.oe.nik.szfmv.automatedcar.systemcomponents.SteeringWheel.MINPOSITION;\n    } else\n        if ((java.lang.Math.abs(newPos)) \u003c (hu.oe.nik.szfmv.automatedcar.systemcomponents.SteeringWheel.STEP)) {\n            wheelPosition \u003d 0;\n        } else {\n            wheelPosition \u003d newPos;\n        }\n\n",
                "dst_parent": "null"
              },
              "line": 67,
              "file": "/home/khesoem/projects/lighter/exp/src/main/java/hu/oe/nik/szfmv/automatedcar/systemcomponents/SteeringWheel.java"
            }
          ]
        },
        {
          "tool-name": "Elixir",
          "pattern-name": "Elixir:check_length",
          "Unified_Diff_of-files:": "Starts Below...",
          "INSERT:": "import java.awt.geom.Point2D;",
          "DELETE:": "    private static Map\u0026lt;String, Point\u0026gt; referencePoints \u003d new HashMap\u0026lt;\u0026gt;();",
          "CHANGE_old:": "        g.drawImage(staticEnvironmentZ1, (int) (offset.x * scale), (int) (offset.y * scale), this);",
          "CHANGE_new:": "        g.drawImage(staticEnvironmentZ1, (int) (offset.getX() * scale), (int) (offset.getY() * scale), this);",
          "instance_detail": [
            {
              "pattern_action": "MOV",
              "pattern_entity": {
                "entity_type": "Statement",
                "entity_new value": "*",
                "entity_role": "*",
                "entity_parent": "null"
              },
              "concrete_change": {
                "operator": "MOV",
                "src_type": "Block",
                "dst_type": "Block",
                "src": "{\n    return 0;\n}",
                "dst": "{\n    wheelPosition \u003d 0;\n}",
                "src_parent_type": "If",
                "dst_parent_type": "If",
                "src_parent": "if ((java.lang.Math.abs(newPos)) \u003c (hu.oe.nik.szfmv.automatedcar.systemcomponents.SteeringWheel.STEP)) {\n    return 0;\n}",
                "dst_parent": "if ((java.lang.Math.abs(newPos)) \u003c (hu.oe.nik.szfmv.automatedcar.systemcomponents.SteeringWheel.STEP)) {\n    wheelPosition \u003d 0;\n} else {\n    wheelPosition \u003d newPos;\n}"
              },
              "line": 71,
              "file": "/home/khesoem/projects/lighter/exp/src/main/java/hu/oe/nik/szfmv/automatedcar/systemcomponents/SteeringWheel.java",
              "stats": {
                "number_of_src_entities": 4,
                "number_of_dst_entities": 8,
                "src_entity_types": "[int]",
                "dst_entity_types": "[int, double]"
              }
            },
            {
              "pattern_action": "INS",
              "pattern_entity": {
                "entity_type": "If",
                "entity_new value": "*",
                "entity_role": "*",
                "entity_parent": "null"
              },
              "concrete_change": {
                "operator": "INS",
                "src_type": "If",
                "dst_type": "null",
                "src": "if (newPos \u003e (hu.oe.nik.szfmv.automatedcar.systemcomponents.SteeringWheel.MAXPOSITION)) {\n    wheelPosition \u003d hu.oe.nik.szfmv.automatedcar.systemcomponents.SteeringWheel.MAXPOSITION;\n} else\n    if (newPos \u003c (hu.oe.nik.szfmv.automatedcar.systemcomponents.SteeringWheel.MINPOSITION)) {\n        wheelPosition \u003d hu.oe.nik.szfmv.automatedcar.systemcomponents.SteeringWheel.MINPOSITION;\n    } else\n        if ((java.lang.Math.abs(newPos)) \u003c (hu.oe.nik.szfmv.automatedcar.systemcomponents.SteeringWheel.STEP)) {\n            wheelPosition \u003d 0;\n        } else {\n            wheelPosition \u003d newPos;\n        }\n\n",
                "dst": "null",
                "src_parent_type": "Block",
                "dst_parent_type": "null",
                "src_parent": "{\n    double wheelPosition;\n    if (newPos \u003e (hu.oe.nik.szfmv.automatedcar.systemcomponents.SteeringWheel.MAXPOSITION)) {\n        wheelPosition \u003d hu.oe.nik.szfmv.automatedcar.systemcomponents.SteeringWheel.MAXPOSITION;\n    } else\n        if (newPos \u003c (hu.oe.nik.szfmv.automatedcar.systemcomponents.SteeringWheel.MINPOSITION)) {\n            wheelPosition \u003d hu.oe.nik.szfmv.automatedcar.systemcomponents.SteeringWheel.MINPOSITION;\n        } else\n            if ((java.lang.Math.abs(newPos)) \u003c (hu.oe.nik.szfmv.automatedcar.systemcomponents.SteeringWheel.STEP)) {\n                wheelPosition \u003d 0;\n            } else {\n                wheelPosition \u003d newPos;\n            }\n\n\n    return wheelPosition;\n}",
                "dst_parent": "null"
              },
              "line": 65,
              "file": "/home/khesoem/projects/lighter/exp/src/main/java/hu/oe/nik/szfmv/automatedcar/systemcomponents/SteeringWheel.java",
              "stats": {
                "number_of_src_entities": 98,
                "number_of_dst_entities": -1,
                "src_entity_types": "[int, boolean, double, hu.oe.nik.szfmv.automatedcar.systemcomponents.SteeringWheel, java.lang.Math]",
                "dst_entity_types": "[]"
              }
            }
          ]
        },
        {
          "tool-name": "Elixir",
          "pattern-name": "Elixir:check_length",
          "Unified_Diff_of-files:": "Starts Below...",
          "INSERT:": "import java.awt.geom.Point2D;",
          "DELETE:": "    private static Map\u0026lt;String, Point\u0026gt; referencePoints \u003d new HashMap\u0026lt;\u0026gt;();",
          "CHANGE_old:": "        g.drawImage(staticEnvironmentZ1, (int) (offset.x * scale), (int) (offset.y * scale), this);",
          "CHANGE_new:": "        g.drawImage(staticEnvironmentZ1, (int) (offset.getX() * scale), (int) (offset.getY() * scale), this);",
          "instance_detail": [
            {
              "pattern_action": "MOV",
              "pattern_entity": {
                "entity_type": "Statement",
                "entity_new value": "*",
                "entity_role": "*",
                "entity_parent": "null"
              },
              "concrete_change": {
                "operator": "MOV",
                "src_type": "Block",
                "dst_type": "Block",
                "src": "{\n    return 0;\n}",
                "dst": "{\n    wheelPosition \u003d 0;\n}",
                "src_parent_type": "If",
                "dst_parent_type": "If",
                "src_parent": "if ((java.lang.Math.abs(newPos)) \u003c (hu.oe.nik.szfmv.automatedcar.systemcomponents.SteeringWheel.STEP)) {\n    return 0;\n}",
                "dst_parent": "if ((java.lang.Math.abs(newPos)) \u003c (hu.oe.nik.szfmv.automatedcar.systemcomponents.SteeringWheel.STEP)) {\n    wheelPosition \u003d 0;\n} else {\n    wheelPosition \u003d newPos;\n}"
              },
              "line": 71,
              "file": "/home/khesoem/projects/lighter/exp/src/main/java/hu/oe/nik/szfmv/automatedcar/systemcomponents/SteeringWheel.java",
              "stats": {
                "number_of_src_entities": 4,
                "number_of_dst_entities": 8,
                "src_entity_types": "[int]",
                "dst_entity_types": "[int, double]"
              }
            },
            {
              "pattern_action": "INS",
              "pattern_entity": {
                "entity_type": "If",
                "entity_new value": "*",
                "entity_role": "*",
                "entity_parent": "null"
              },
              "concrete_change": {
                "operator": "INS",
                "src_type": "If",
                "dst_type": "null",
                "src": "if (newPos \u003c (hu.oe.nik.szfmv.automatedcar.systemcomponents.SteeringWheel.MINPOSITION)) {\n    wheelPosition \u003d hu.oe.nik.szfmv.automatedcar.systemcomponents.SteeringWheel.MINPOSITION;\n} else\n    if ((java.lang.Math.abs(newPos)) \u003c (hu.oe.nik.szfmv.automatedcar.systemcomponents.SteeringWheel.STEP)) {\n        wheelPosition \u003d 0;\n    } else {\n        wheelPosition \u003d newPos;\n    }\n",
                "dst": "null",
                "src_parent_type": "Block",
                "dst_parent_type": "null",
                "src_parent": "if (newPos \u003c (hu.oe.nik.szfmv.automatedcar.systemcomponents.SteeringWheel.MINPOSITION)) {\n        wheelPosition \u003d hu.oe.nik.szfmv.automatedcar.systemcomponents.SteeringWheel.MINPOSITION;\n    } else\n        if ((java.lang.Math.abs(newPos)) \u003c (hu.oe.nik.szfmv.automatedcar.systemcomponents.SteeringWheel.STEP)) {\n            wheelPosition \u003d 0;\n        } else {\n            wheelPosition \u003d newPos;\n        }\n\n",
                "dst_parent": "null"
              },
              "line": 67,
              "file": "/home/khesoem/projects/lighter/exp/src/main/java/hu/oe/nik/szfmv/automatedcar/systemcomponents/SteeringWheel.java"
            }
          ]
        },
        {
          "tool-name": "Elixir",
          "pattern-name": "Elixir:check_length",
          "Unified_Diff_of-files:": "Starts Below...",
          "INSERT:": "import java.awt.geom.Point2D;",
          "DELETE:": "    private static Map\u0026lt;String, Point\u0026gt; referencePoints \u003d new HashMap\u0026lt;\u0026gt;();",
          "CHANGE_old:": "        g.drawImage(staticEnvironmentZ1, (int) (offset.x * scale), (int) (offset.y * scale), this);",
          "CHANGE_new:": "        g.drawImage(staticEnvironmentZ1, (int) (offset.getX() * scale), (int) (offset.getY() * scale), this);",
          "instance_detail": [
            {
              "pattern_action": "MOV",
              "pattern_entity": {
                "entity_type": "Statement",
                "entity_new value": "*",
                "entity_role": "*",
                "entity_parent": "null"
              },
              "concrete_change": {
                "operator": "MOV",
                "src_type": "Block",
                "dst_type": "Block",
                "src": "{\n    return 0;\n}",
                "dst": "{\n    wheelPosition \u003d 0;\n}",
                "src_parent_type": "If",
                "dst_parent_type": "If",
                "src_parent": "if ((java.lang.Math.abs(newPos)) \u003c (hu.oe.nik.szfmv.automatedcar.systemcomponents.SteeringWheel.STEP)) {\n    return 0;\n}",
                "dst_parent": "if ((java.lang.Math.abs(newPos)) \u003c (hu.oe.nik.szfmv.automatedcar.systemcomponents.SteeringWheel.STEP)) {\n    wheelPosition \u003d 0;\n} else {\n    wheelPosition \u003d newPos;\n}"
              },
              "line": 71,
              "file": "/home/khesoem/projects/lighter/exp/src/main/java/hu/oe/nik/szfmv/automatedcar/systemcomponents/SteeringWheel.java",
              "stats": {
                "number_of_src_entities": 4,
                "number_of_dst_entities": 8,
                "src_entity_types": "[int]",
                "dst_entity_types": "[int, double]"
              }
            },
            {
              "pattern_action": "INS",
              "pattern_entity": {
                "entity_type": "If",
                "entity_new value": "*",
                "entity_role": "*",
                "entity_parent": "null"
              },
              "concrete_change": {
                "operator": "INS",
                "src_type": "If",
                "dst_type": "null",
                "src": "if ((java.lang.Math.abs(newPos)) \u003c (hu.oe.nik.szfmv.automatedcar.systemcomponents.SteeringWheel.STEP)) {\n    wheelPosition \u003d 0;\n} else {\n    wheelPosition \u003d newPos;\n}",
                "dst": "null",
                "src_parent_type": "Block",
                "dst_parent_type": "null",
                "src_parent": "if ((java.lang.Math.abs(newPos)) \u003c (hu.oe.nik.szfmv.automatedcar.systemcomponents.SteeringWheel.STEP)) {\n        wheelPosition \u003d 0;\n    } else {\n        wheelPosition \u003d newPos;\n    }\n",
                "dst_parent": "null"
              },
              "line": 69,
              "file": "/home/khesoem/projects/lighter/exp/src/main/java/hu/oe/nik/szfmv/automatedcar/systemcomponents/SteeringWheel.java"
            }
          ]
        }
      ]
    },
    {
      "revision": "e567e23192e40f56af1c7d3e419f7e23b0741bbd",
      "repairability": [
        {
          "tool-name": "Elixir",
          "pattern-name": "Elixir:update_type_ref",
          "Unified_Diff_of-files:": "Starts Below...",
          "INSERT:": "import java.awt.geom.Point2D;",
          "DELETE:": "    private static Map\u0026lt;String, Point\u0026gt; referencePoints \u003d new HashMap\u0026lt;\u0026gt;();",
          "CHANGE_old:": "        g.drawImage(staticEnvironmentZ1, (int) (offset.x * scale), (int) (offset.y * scale), this);",
          "CHANGE_new:": "        g.drawImage(staticEnvironmentZ1, (int) (offset.getX() * scale), (int) (offset.getY() * scale), this);",
          "instance_detail": [
            {
              "pattern_action": "UPD",
              "pattern_entity": {
                "entity_type": "TypeReference",
                "entity_new value": "*",
                "entity_role": "*",
                "entity_parent": "null"
              },
              "concrete_change": {
                "operator": "UPD",
                "src_type": "TypeReference",
                "dst_type": "TypeReference",
                "src": "java.awt.Point",
                "dst": "java.awt.geom.Point2D",
                "src_parent_type": "Method",
                "dst_parent_type": "Method",
                "src_parent": "private java.awt.Point getOffset(int scaledWidth, int scaledHeight) {\n    int offsetX \u003d 0;\n    int offsetY \u003d 0;\n    int diffX \u003d ((scaledWidth / 2) - (carPacket.getX())) - ((carWidth) / 2);\n    if (diffX \u003c 0) {\n        offsetX \u003d diffX;\n    }\n    int diffY \u003d ((scaledHeight / 2) - (carPacket.getY())) - ((carHeight) / 2);\n    if (diffY \u003c 0) {\n        offsetY \u003d diffY;\n    }\n    return new java.awt.Point(offsetX, offsetY);\n}",
                "dst_parent": "private java.awt.geom.Point2D getOffset(int scaledWidth, int scaledHeight) {\n    double offsetX \u003d 0;\n    double offsetY \u003d 0;\n    double diffX \u003d ((scaledWidth / 2) - (carPacket.getX())) - ((carWidth) / 2);\n    if (diffX \u003c 0) {\n        offsetX \u003d diffX;\n    }\n    double diffY \u003d ((scaledHeight / 2) - (carPacket.getY())) - ((carHeight) / 2);\n    if (diffY \u003c 0) {\n        offsetY \u003d diffY;\n    }\n    return new java.awt.geom.Point2D.Double(offsetX, offsetY);\n}"
              },
              "line": 143,
              "file": "/home/khesoem/projects/lighter/exp/src/main/java/hu/oe/nik/szfmv/visualization/CourseDisplay.java",
              "stats": {
                "number_of_src_entities": 2,
                "number_of_dst_entities": 2,
                "src_entity_types": "[java.awt.Point]",
                "dst_entity_types": "[java.awt.geom.Point2D]"
              }
            }
          ]
        },
        {
          "tool-name": "Elixir",
          "pattern-name": "Elixir:update_type_ref",
          "Unified_Diff_of-files:": "Starts Below...",
          "INSERT:": "import java.awt.geom.Point2D;",
          "DELETE:": "    private static Map\u0026lt;String, Point\u0026gt; referencePoints \u003d new HashMap\u0026lt;\u0026gt;();",
          "CHANGE_old:": "        g.drawImage(staticEnvironmentZ1, (int) (offset.x * scale), (int) (offset.y * scale), this);",
          "CHANGE_new:": "        g.drawImage(staticEnvironmentZ1, (int) (offset.getX() * scale), (int) (offset.getY() * scale), this);",
          "instance_detail": [
            {
              "pattern_action": "UPD",
              "pattern_entity": {
                "entity_type": "TypeReference",
                "entity_new value": "*",
                "entity_role": "*",
                "entity_parent": "null"
              },
              "concrete_change": {
                "operator": "UPD",
                "src_type": "TypeReference",
                "dst_type": "TypeReference",
                "src": "int",
                "dst": "double",
                "src_parent_type": "ParameterReference",
                "dst_parent_type": "Parameter",
                "src_parent": "offsetX",
                "dst_parent": "double offsetX"
              },
              "line": 73,
              "file": "/home/khesoem/projects/lighter/exp/src/main/java/hu/oe/nik/szfmv/visualization/CourseDisplay.java",
              "stats": {
                "number_of_src_entities": 1,
                "number_of_dst_entities": 1,
                "src_entity_types": "[int]",
                "dst_entity_types": "[double]"
              }
            }
          ]
        },
        {
          "tool-name": "Elixir",
          "pattern-name": "Elixir:update_type_ref",
          "Unified_Diff_of-files:": "Starts Below...",
          "INSERT:": "import java.awt.geom.Point2D;",
          "DELETE:": "    private static Map\u0026lt;String, Point\u0026gt; referencePoints \u003d new HashMap\u0026lt;\u0026gt;();",
          "CHANGE_old:": "        g.drawImage(staticEnvironmentZ1, (int) (offset.x * scale), (int) (offset.y * scale), this);",
          "CHANGE_new:": "        g.drawImage(staticEnvironmentZ1, (int) (offset.getX() * scale), (int) (offset.getY() * scale), this);",
          "instance_detail": [
            {
              "pattern_action": "UPD",
              "pattern_entity": {
                "entity_type": "TypeReference",
                "entity_new value": "*",
                "entity_role": "*",
                "entity_parent": "null"
              },
              "concrete_change": {
                "operator": "UPD",
                "src_type": "TypeReference",
                "dst_type": "TypeReference",
                "src": "int",
                "dst": "double",
                "src_parent_type": "ParameterReference",
                "dst_parent_type": "Parameter",
                "src_parent": "offsetY",
                "dst_parent": "double offsetY"
              },
              "line": 73,
              "file": "/home/khesoem/projects/lighter/exp/src/main/java/hu/oe/nik/szfmv/visualization/CourseDisplay.java",
              "stats": {
                "number_of_src_entities": 1,
                "number_of_dst_entities": 1,
                "src_entity_types": "[int]",
                "dst_entity_types": "[double]"
              }
            }
          ]
        },
        {
          "tool-name": "Elixir",
          "pattern-name": "Elixir:update_type_ref",
          "Unified_Diff_of-files:": "Starts Below...",
          "INSERT:": "import java.awt.geom.Point2D;",
          "DELETE:": "    private static Map\u0026lt;String, Point\u0026gt; referencePoints \u003d new HashMap\u0026lt;\u0026gt;();",
          "CHANGE_old:": "        g.drawImage(staticEnvironmentZ1, (int) (offset.x * scale), (int) (offset.y * scale), this);",
          "CHANGE_new:": "        g.drawImage(staticEnvironmentZ1, (int) (offset.getX() * scale), (int) (offset.getY() * scale), this);",
          "instance_detail": [
            {
              "pattern_action": "UPD",
              "pattern_entity": {
                "entity_type": "TypeReference",
                "entity_new value": "*",
                "entity_role": "*",
                "entity_parent": "null"
              },
              "concrete_change": {
                "operator": "UPD",
                "src_type": "TypeReference",
                "dst_type": "TypeReference",
                "src": "int",
                "dst": "double",
                "src_parent_type": "LocalVariable",
                "dst_parent_type": "LocalVariable",
                "src_parent": "int offsetX \u003d 0",
                "dst_parent": "double offsetX \u003d 0"
              },
              "line": 144,
              "file": "/home/khesoem/projects/lighter/exp/src/main/java/hu/oe/nik/szfmv/visualization/CourseDisplay.java",
              "stats": {
                "number_of_src_entities": 1,
                "number_of_dst_entities": 1,
                "src_entity_types": "[int]",
                "dst_entity_types": "[double]"
              }
            }
          ]
        },
        {
          "tool-name": "Elixir",
          "pattern-name": "Elixir:update_type_ref",
          "Unified_Diff_of-files:": "Starts Below...",
          "INSERT:": "import java.awt.geom.Point2D;",
          "DELETE:": "    private static Map\u0026lt;String, Point\u0026gt; referencePoints \u003d new HashMap\u0026lt;\u0026gt;();",
          "CHANGE_old:": "        g.drawImage(staticEnvironmentZ1, (int) (offset.x * scale), (int) (offset.y * scale), this);",
          "CHANGE_new:": "        g.drawImage(staticEnvironmentZ1, (int) (offset.getX() * scale), (int) (offset.getY() * scale), this);",
          "instance_detail": [
            {
              "pattern_action": "UPD",
              "pattern_entity": {
                "entity_type": "TypeReference",
                "entity_new value": "*",
                "entity_role": "*",
                "entity_parent": "null"
              },
              "concrete_change": {
                "operator": "UPD",
                "src_type": "TypeReference",
                "dst_type": "TypeReference",
                "src": "int",
                "dst": "double",
                "src_parent_type": "LocalVariable",
                "dst_parent_type": "LocalVariable",
                "src_parent": "int offsetY \u003d 0",
                "dst_parent": "double offsetY \u003d 0"
              },
              "line": 145,
              "file": "/home/khesoem/projects/lighter/exp/src/main/java/hu/oe/nik/szfmv/visualization/CourseDisplay.java",
              "stats": {
                "number_of_src_entities": 1,
                "number_of_dst_entities": 1,
                "src_entity_types": "[int]",
                "dst_entity_types": "[double]"
              }
            }
          ]
        },
        {
          "tool-name": "Elixir",
          "pattern-name": "Elixir:update_type_ref",
          "Unified_Diff_of-files:": "Starts Below...",
          "INSERT:": "import java.awt.geom.Point2D;",
          "DELETE:": "    private static Map\u0026lt;String, Point\u0026gt; referencePoints \u003d new HashMap\u0026lt;\u0026gt;();",
          "CHANGE_old:": "        g.drawImage(staticEnvironmentZ1, (int) (offset.x * scale), (int) (offset.y * scale), this);",
          "CHANGE_new:": "        g.drawImage(staticEnvironmentZ1, (int) (offset.getX() * scale), (int) (offset.getY() * scale), this);",
          "instance_detail": [
            {
              "pattern_action": "UPD",
              "pattern_entity": {
                "entity_type": "TypeReference",
                "entity_new value": "*",
                "entity_role": "*",
                "entity_parent": "null"
              },
              "concrete_change": {
                "operator": "UPD",
                "src_type": "TypeReference",
                "dst_type": "TypeReference",
                "src": "int",
                "dst": "double",
                "src_parent_type": "LocalVariable",
                "dst_parent_type": "LocalVariable",
                "src_parent": "int diffX \u003d ((scaledWidth / 2) - (carPacket.getX())) - ((carWidth) / 2)",
                "dst_parent": "double diffX \u003d ((scaledWidth / 2) - (carPacket.getX())) - ((carWidth) / 2)"
              },
              "line": 146,
              "file": "/home/khesoem/projects/lighter/exp/src/main/java/hu/oe/nik/szfmv/visualization/CourseDisplay.java",
              "stats": {
                "number_of_src_entities": 1,
                "number_of_dst_entities": 1,
                "src_entity_types": "[int]",
                "dst_entity_types": "[double]"
              }
            }
          ]
        },
        {
          "tool-name": "Elixir",
          "pattern-name": "Elixir:update_type_ref",
          "Unified_Diff_of-files:": "Starts Below...",
          "INSERT:": "import java.awt.geom.Point2D;",
          "DELETE:": "    private static Map\u0026lt;String, Point\u0026gt; referencePoints \u003d new HashMap\u0026lt;\u0026gt;();",
          "CHANGE_old:": "        g.drawImage(staticEnvironmentZ1, (int) (offset.x * scale), (int) (offset.y * scale), this);",
          "CHANGE_new:": "        g.drawImage(staticEnvironmentZ1, (int) (offset.getX() * scale), (int) (offset.getY() * scale), this);",
          "instance_detail": [
            {
              "pattern_action": "UPD",
              "pattern_entity": {
                "entity_type": "TypeReference",
                "entity_new value": "*",
                "entity_role": "*",
                "entity_parent": "null"
              },
              "concrete_change": {
                "operator": "UPD",
                "src_type": "TypeReference",
                "dst_type": "TypeReference",
                "src": "int",
                "dst": "double",
                "src_parent_type": "LocalVariable",
                "dst_parent_type": "LocalVariable",
                "src_parent": "int diffY \u003d ((scaledHeight / 2) - (carPacket.getY())) - ((carHeight) / 2)",
                "dst_parent": "double diffY \u003d ((scaledHeight / 2) - (carPacket.getY())) - ((carHeight) / 2)"
              },
              "line": 150,
              "file": "/home/khesoem/projects/lighter/exp/src/main/java/hu/oe/nik/szfmv/visualization/CourseDisplay.java",
              "stats": {
                "number_of_src_entities": 1,
                "number_of_dst_entities": 1,
                "src_entity_types": "[int]",
                "dst_entity_types": "[double]"
              }
            }
          ]
        },
        {
          "tool-name": "Elixir",
          "pattern-name": "Elixir:update_type_ref",
          "Unified_Diff_of-files:": "Starts Below...",
          "INSERT:": "import java.awt.geom.Point2D;",
          "DELETE:": "    private static Map\u0026lt;String, Point\u0026gt; referencePoints \u003d new HashMap\u0026lt;\u0026gt;();",
          "CHANGE_old:": "        g.drawImage(staticEnvironmentZ1, (int) (offset.x * scale), (int) (offset.y * scale), this);",
          "CHANGE_new:": "        g.drawImage(staticEnvironmentZ1, (int) (offset.getX() * scale), (int) (offset.getY() * scale), this);",
          "instance_detail": [
            {
              "pattern_action": "UPD",
              "pattern_entity": {
                "entity_type": "TypeReference",
                "entity_new value": "*",
                "entity_role": "*",
                "entity_parent": "null"
              },
              "concrete_change": {
                "operator": "UPD",
                "src_type": "TypeReference",
                "dst_type": "TypeReference",
                "src": "java.awt.Point",
                "dst": "java.awt.geom.Point2D",
                "src_parent_type": "LocalVariable",
                "dst_parent_type": "LocalVariable",
                "src_parent": "java.awt.Point offset \u003d getOffset(scaledWidth, scaledHeight)",
                "dst_parent": "java.awt.geom.Point2D offset \u003d getOffset(scaledWidth, scaledHeight)"
              },
              "line": 167,
              "file": "/home/khesoem/projects/lighter/exp/src/main/java/hu/oe/nik/szfmv/visualization/CourseDisplay.java",
              "stats": {
                "number_of_src_entities": 2,
                "number_of_dst_entities": 2,
                "src_entity_types": "[java.awt.Point]",
                "dst_entity_types": "[java.awt.geom.Point2D]"
              }
            }
          ]
        }
      ]
    },
    {
      "revision": "e567e23192e40f56af1c7d3e419f7e23b0741bbd",
      "repairability": [
        {
          "tool-name": "Elixir",
          "pattern-name": "Elixir:update_type_ref",
          "Unified_Diff_of-files:": "Starts Below...",
          "INSERT:": "import java.awt.geom.Point2D;",
          "DELETE:": "    private static Map\u0026lt;String, Point\u0026gt; referencePoints \u003d new HashMap\u0026lt;\u0026gt;();",
          "CHANGE_old:": "        g.drawImage(staticEnvironmentZ1, (int) (offset.x * scale), (int) (offset.y * scale), this);",
          "CHANGE_new:": "        g.drawImage(staticEnvironmentZ1, (int) (offset.getX() * scale), (int) (offset.getY() * scale), this);",
          "instance_detail": [
            {
              "pattern_action": "UPD",
              "pattern_entity": {
                "entity_type": "TypeReference",
                "entity_new value": "*",
                "entity_role": "*",
                "entity_parent": "null"
              },
              "concrete_change": {
                "operator": "UPD",
                "src_type": "TypeReference",
                "dst_type": "TypeReference",
                "src": "java.awt.Point",
                "dst": "java.awt.geom.Point2D",
                "src_parent_type": "Field",
                "dst_parent_type": "Field",
                "src_parent": "protected java.awt.Point location;",
                "dst_parent": "protected java.awt.geom.Point2D location;"
              },
              "line": 18,
              "file": "/home/khesoem/projects/lighter/exp/src/main/java/hu/oe/nik/szfmv/environment/WorldObject.java",
              "stats": {
                "number_of_src_entities": 2,
                "number_of_dst_entities": 2,
                "src_entity_types": "[java.awt.Point]",
                "dst_entity_types": "[java.awt.geom.Point2D]"
              }
            }
          ]
        },
        {
          "tool-name": "Elixir",
          "pattern-name": "Elixir:update_type_ref",
          "Unified_Diff_of-files:": "Starts Below...",
          "INSERT:": "import java.awt.geom.Point2D;",
          "DELETE:": "    private static Map\u0026lt;String, Point\u0026gt; referencePoints \u003d new HashMap\u0026lt;\u0026gt;();",
          "CHANGE_old:": "        g.drawImage(staticEnvironmentZ1, (int) (offset.x * scale), (int) (offset.y * scale), this);",
          "CHANGE_new:": "        g.drawImage(staticEnvironmentZ1, (int) (offset.getX() * scale), (int) (offset.getY() * scale), this);",
          "instance_detail": [
            {
              "pattern_action": "UPD",
              "pattern_entity": {
                "entity_type": "TypeReference",
                "entity_new value": "*",
                "entity_role": "*",
                "entity_parent": "null"
              },
              "concrete_change": {
                "operator": "UPD",
                "src_type": "TypeReference",
                "dst_type": "TypeReference",
                "src": "java.awt.Point",
                "dst": "java.awt.geom.Point2D",
                "src_parent_type": "Method",
                "dst_parent_type": "Method",
                "src_parent": "public java.awt.Point getLocation() {\n    return location;\n}",
                "dst_parent": "public java.awt.geom.Point2D getLocation() {\n    return location;\n}"
              },
              "line": 53,
              "file": "/home/khesoem/projects/lighter/exp/src/main/java/hu/oe/nik/szfmv/environment/WorldObject.java",
              "stats": {
                "number_of_src_entities": 2,
                "number_of_dst_entities": 2,
                "src_entity_types": "[java.awt.Point]",
                "dst_entity_types": "[java.awt.geom.Point2D]"
              }
            }
          ]
        },
        {
          "tool-name": "Elixir",
          "pattern-name": "Elixir:update_type_ref",
          "Unified_Diff_of-files:": "Starts Below...",
          "INSERT:": "import java.awt.geom.Point2D;",
          "DELETE:": "    private static Map\u0026lt;String, Point\u0026gt; referencePoints \u003d new HashMap\u0026lt;\u0026gt;();",
          "CHANGE_old:": "        g.drawImage(staticEnvironmentZ1, (int) (offset.x * scale), (int) (offset.y * scale), this);",
          "CHANGE_new:": "        g.drawImage(staticEnvironmentZ1, (int) (offset.getX() * scale), (int) (offset.getY() * scale), this);",
          "instance_detail": [
            {
              "pattern_action": "UPD",
              "pattern_entity": {
                "entity_type": "TypeReference",
                "entity_new value": "*",
                "entity_role": "*",
                "entity_parent": "null"
              },
              "concrete_change": {
                "operator": "UPD",
                "src_type": "TypeReference",
                "dst_type": "TypeReference",
                "src": "int",
                "dst": "double",
                "src_parent_type": "Method",
                "dst_parent_type": "Method",
                "src_parent": "public int getX() {\n    return this.location.x;\n}",
                "dst_parent": "public double getX() {\n    return this.location.getX();\n}"
              },
              "line": 61,
              "file": "/home/khesoem/projects/lighter/exp/src/main/java/hu/oe/nik/szfmv/environment/WorldObject.java",
              "stats": {
                "number_of_src_entities": 1,
                "number_of_dst_entities": 1,
                "src_entity_types": "[int]",
                "dst_entity_types": "[double]"
              }
            }
          ]
        },
        {
          "tool-name": "Elixir",
          "pattern-name": "Elixir:update_type_ref",
          "Unified_Diff_of-files:": "Starts Below...",
          "INSERT:": "import java.awt.geom.Point2D;",
          "DELETE:": "    private static Map\u0026lt;String, Point\u0026gt; referencePoints \u003d new HashMap\u0026lt;\u0026gt;();",
          "CHANGE_old:": "        g.drawImage(staticEnvironmentZ1, (int) (offset.x * scale), (int) (offset.y * scale), this);",
          "CHANGE_new:": "        g.drawImage(staticEnvironmentZ1, (int) (offset.getX() * scale), (int) (offset.getY() * scale), this);",
          "instance_detail": [
            {
              "pattern_action": "UPD",
              "pattern_entity": {
                "entity_type": "TypeReference",
                "entity_new value": "*",
                "entity_role": "*",
                "entity_parent": "null"
              },
              "concrete_change": {
                "operator": "UPD",
                "src_type": "TypeReference",
                "dst_type": "TypeReference",
                "src": "int",
                "dst": "double",
                "src_parent_type": "Method",
                "dst_parent_type": "Method",
                "src_parent": "public int getY() {\n    return this.location.y;\n}",
                "dst_parent": "public double getY() {\n    return this.location.getY();\n}"
              },
              "line": 69,
              "file": "/home/khesoem/projects/lighter/exp/src/main/java/hu/oe/nik/szfmv/environment/WorldObject.java",
              "stats": {
                "number_of_src_entities": 1,
                "number_of_dst_entities": 1,
                "src_entity_types": "[int]",
                "dst_entity_types": "[double]"
              }
            }
          ]
        },
        {
          "tool-name": "Elixir",
          "pattern-name": "Elixir:update_type_ref",
          "Unified_Diff_of-files:": "Starts Below...",
          "INSERT:": "import java.awt.geom.Point2D;",
          "DELETE:": "    private static Map\u0026lt;String, Point\u0026gt; referencePoints \u003d new HashMap\u0026lt;\u0026gt;();",
          "CHANGE_old:": "        g.drawImage(staticEnvironmentZ1, (int) (offset.x * scale), (int) (offset.y * scale), this);",
          "CHANGE_new:": "        g.drawImage(staticEnvironmentZ1, (int) (offset.getX() * scale), (int) (offset.getY() * scale), this);",
          "instance_detail": [
            {
              "pattern_action": "UPD",
              "pattern_entity": {
                "entity_type": "TypeReference",
                "entity_new value": "*",
                "entity_role": "*",
                "entity_parent": "null"
              },
              "concrete_change": {
                "operator": "UPD",
                "src_type": "TypeReference",
                "dst_type": "TypeReference",
                "src": "int",
                "dst": "double",
                "src_parent_type": "ParameterReference",
                "dst_parent_type": "Parameter",
                "src_parent": "x",
                "dst_parent": "double x"
              },
              "line": 29,
              "file": "/home/khesoem/projects/lighter/exp/src/main/java/hu/oe/nik/szfmv/environment/WorldObject.java",
              "stats": {
                "number_of_src_entities": 1,
                "number_of_dst_entities": 1,
                "src_entity_types": "[int]",
                "dst_entity_types": "[double]"
              }
            }
          ]
        },
        {
          "tool-name": "Elixir",
          "pattern-name": "Elixir:update_type_ref",
          "Unified_Diff_of-files:": "Starts Below...",
          "INSERT:": "import java.awt.geom.Point2D;",
          "DELETE:": "    private static Map\u0026lt;String, Point\u0026gt; referencePoints \u003d new HashMap\u0026lt;\u0026gt;();",
          "CHANGE_old:": "        g.drawImage(staticEnvironmentZ1, (int) (offset.x * scale), (int) (offset.y * scale), this);",
          "CHANGE_new:": "        g.drawImage(staticEnvironmentZ1, (int) (offset.getX() * scale), (int) (offset.getY() * scale), this);",
          "instance_detail": [
            {
              "pattern_action": "UPD",
              "pattern_entity": {
                "entity_type": "TypeReference",
                "entity_new value": "*",
                "entity_role": "*",
                "entity_parent": "null"
              },
              "concrete_change": {
                "operator": "UPD",
                "src_type": "TypeReference",
                "dst_type": "TypeReference",
                "src": "int",
                "dst": "double",
                "src_parent_type": "ParameterReference",
                "dst_parent_type": "Parameter",
                "src_parent": "y",
                "dst_parent": "double y"
              },
              "line": 29,
              "file": "/home/khesoem/projects/lighter/exp/src/main/java/hu/oe/nik/szfmv/environment/WorldObject.java",
              "stats": {
                "number_of_src_entities": 1,
                "number_of_dst_entities": 1,
                "src_entity_types": "[int]",
                "dst_entity_types": "[double]"
              }
            }
          ]
        },
        {
          "tool-name": "Elixir",
          "pattern-name": "Elixir:update_type_ref",
          "Unified_Diff_of-files:": "Starts Below...",
          "INSERT:": "import java.awt.geom.Point2D;",
          "DELETE:": "    private static Map\u0026lt;String, Point\u0026gt; referencePoints \u003d new HashMap\u0026lt;\u0026gt;();",
          "CHANGE_old:": "        g.drawImage(staticEnvironmentZ1, (int) (offset.x * scale), (int) (offset.y * scale), this);",
          "CHANGE_new:": "        g.drawImage(staticEnvironmentZ1, (int) (offset.getX() * scale), (int) (offset.getY() * scale), this);",
          "instance_detail": [
            {
              "pattern_action": "UPD",
              "pattern_entity": {
                "entity_type": "TypeReference",
                "entity_new value": "*",
                "entity_role": "*",
                "entity_parent": "null"
              },
              "concrete_change": {
                "operator": "UPD",
                "src_type": "TypeReference",
                "dst_type": "TypeReference",
                "src": "int",
                "dst": "double",
                "src_parent_type": "ParameterReference",
                "dst_parent_type": "Parameter",
                "src_parent": "x",
                "dst_parent": "double x"
              },
              "line": 65,
              "file": "/home/khesoem/projects/lighter/exp/src/main/java/hu/oe/nik/szfmv/environment/WorldObject.java",
              "stats": {
                "number_of_src_entities": 1,
                "number_of_dst_entities": 1,
                "src_entity_types": "[int]",
                "dst_entity_types": "[double]"
              }
            }
          ]
        },
        {
          "tool-name": "Elixir",
          "pattern-name": "Elixir:update_type_ref",
          "Unified_Diff_of-files:": "Starts Below...",
          "INSERT:": "import java.awt.geom.Point2D;",
          "DELETE:": "    private static Map\u0026lt;String, Point\u0026gt; referencePoints \u003d new HashMap\u0026lt;\u0026gt;();",
          "CHANGE_old:": "        g.drawImage(staticEnvironmentZ1, (int) (offset.x * scale), (int) (offset.y * scale), this);",
          "CHANGE_new:": "        g.drawImage(staticEnvironmentZ1, (int) (offset.getX() * scale), (int) (offset.getY() * scale), this);",
          "instance_detail": [
            {
              "pattern_action": "UPD",
              "pattern_entity": {
                "entity_type": "TypeReference",
                "entity_new value": "*",
                "entity_role": "*",
                "entity_parent": "null"
              },
              "concrete_change": {
                "operator": "UPD",
                "src_type": "TypeReference",
                "dst_type": "TypeReference",
                "src": "int",
                "dst": "double",
                "src_parent_type": "ParameterReference",
                "dst_parent_type": "Parameter",
                "src_parent": "y",
                "dst_parent": "double y"
              },
              "line": 73,
              "file": "/home/khesoem/projects/lighter/exp/src/main/java/hu/oe/nik/szfmv/environment/WorldObject.java",
              "stats": {
                "number_of_src_entities": 1,
                "number_of_dst_entities": 1,
                "src_entity_types": "[int]",
                "dst_entity_types": "[double]"
              }
            }
          ]
        }
      ]
    }
  ],
  "complete_analysis": true
}