{
  "instances": [
    {
      "revision": "9f8747e751b85ae7a6f7f1868d17e5235895d3bb",
      "repairability": [
        {
          "tool-name": "Elixir",
          "pattern-name": "Elixir:Insert_Invocation",
          "Unified_Diff_of-files:": "Starts Below...",
          "INSERT:": "}",
          "CHANGE_old:": "        if (!inputHandler.isAccOnPressed()){",
          "CHANGE_new:": "        if (!inputHandler.isAccOnPressed()) {",
          "DELETE:": "",
          "instance_detail": [
            {
              "pattern_action": "INS",
              "pattern_entity": {
                "entity_type": "AbstractInvocation",
                "entity_new value": "*",
                "entity_role": "*",
                "entity_parent": "null"
              },
              "concrete_change": {
                "operator": "INS",
                "src_type": "ConstructorCall",
                "dst_type": "null",
                "src": "new hu.oe.nik.szfmv.automatedcar.ACC(virtualFunctionBus)",
                "dst": "null",
                "src_parent_type": "Block",
                "dst_parent_type": "null",
                "src_parent": "{\n    super(x, y, imageFileName);\n    final int fullCircle \u003d 360;\n    final int carTestRotation \u003d 90;\n    final int carWidth \u003d 108;\n    final int carHeight \u003d 240;\n    setRotation(java.lang.Math.toRadians((fullCircle - carTestRotation)));\n    wheelBase \u003d carHeight;\n    halfWidth \u003d carWidth / 2;\n    this.setWidth(carWidth);\n    this.setHeight(carHeight);\n    generateShape();\n    virtualFunctionBus.carPacket \u003d new hu.oe.nik.szfmv.automatedcar.bus.packets.car.CarPacket(this.getX(), this.getY(), this.getRotation());\n    new hu.oe.nik.szfmv.automatedcar.GasBrake(virtualFunctionBus);\n    new hu.oe.nik.szfmv.automatedcar.Index(virtualFunctionBus);\n    new hu.oe.nik.szfmv.automatedcar.GearShift(virtualFunctionBus);\n    new hu.oe.nik.szfmv.automatedcar.SensorsVisualizer(virtualFunctionBus);\n    powertrainSystem \u003d new hu.oe.nik.szfmv.automatedcar.PowertrainSystem(virtualFunctionBus);\n    new hu.oe.nik.szfmv.automatedcar.RoadLaneDetector(virtualFunctionBus, this);\n    new hu.oe.nik.szfmv.automatedcar.ACC(virtualFunctionBus);\n    steeringSystem \u003d new hu.oe.nik.szfmv.automatedcar.SteeringSystem(virtualFunctionBus);\n    steeringWheel \u003d new hu.oe.nik.szfmv.automatedcar.SteeringWheel(virtualFunctionBus);\n    new hu.oe.nik.szfmv.automatedcar.RoadSignDetection(virtualFunctionBus);\n    reverseRadar \u003d new hu.oe.nik.szfmv.automatedcar.ReverseRadar(virtualFunctionBus);\n    hu.oe.nik.szfmv.automatedcar.sensors.UltrasonicSensor.createUltrasonicSensors(this, virtualFunctionBus);\n    new hu.oe.nik.szfmv.automatedcar.Driver(virtualFunctionBus);\n}",
                "dst_parent": "null"
              },
              "line": 64,
              "file": "/home/khesoem/projects/lighter/exp/src/main/java/hu/oe/nik/szfmv/automatedcar/AutomatedCar.java",
              "stats": {
                "number_of_src_entities": 18,
                "number_of_dst_entities": -1,
                "src_entity_types": "[java.lang.Object, hu.oe.nik.szfmv.automatedcar.AutomatedCar]",
                "dst_entity_types": "[]"
              }
            }
          ]
        },
        {
          "tool-name": "Elixir",
          "pattern-name": "Elixir:check_length",
          "Unified_Diff_of-files:": "Starts Below...",
          "INSERT:": "}",
          "CHANGE_old:": "        if (!inputHandler.isAccOnPressed()){",
          "CHANGE_new:": "        if (!inputHandler.isAccOnPressed()) {",
          "DELETE:": "",
          "instance_detail": [
            {
              "pattern_action": "MOV",
              "pattern_entity": {
                "entity_type": "Statement",
                "entity_new value": "*",
                "entity_role": "*",
                "entity_parent": "null"
              },
              "concrete_change": {
                "operator": "MOV",
                "src_type": "Invocation",
                "dst_type": "Invocation",
                "src": "virtualFunctionBus.powertrainPacket.getSpeed()",
                "dst": "virtualFunctionBus.powertrainPacket.getSpeed()",
                "src_parent_type": "LocalVariable",
                "dst_parent_type": "Assignment",
                "src_parent": "final double carSpeed \u003d virtualFunctionBus.powertrainPacket.getSpeed()",
                "dst_parent": "carSpeed \u003d virtualFunctionBus.powertrainPacket.getSpeed()"
              },
              "line": 92,
              "file": "/home/khesoem/projects/lighter/exp/src/main/java/hu/oe/nik/szfmv/automatedcar/AutomatedCar.java",
              "stats": {
                "number_of_src_entities": 21,
                "number_of_dst_entities": 21,
                "src_entity_types": "[hu.oe.nik.szfmv.automatedcar.AutomatedCar, hu.oe.nik.szfmv.automatedcar.bus.VirtualFunctionBus]",
                "dst_entity_types": "[hu.oe.nik.szfmv.automatedcar.AutomatedCar, hu.oe.nik.szfmv.automatedcar.bus.VirtualFunctionBus]"
              }
            },
            {
              "pattern_action": "INS",
              "pattern_entity": {
                "entity_type": "If",
                "entity_new value": "*",
                "entity_role": "*",
                "entity_parent": "null"
              },
              "concrete_change": {
                "operator": "INS",
                "src_type": "If",
                "dst_type": "null",
                "src": "if (virtualFunctionBus.inputPacket.getACCOn()) {\n    carSpeed \u003d virtualFunctionBus.inputPacket.getACCTargetSpeed();\n} else {\n    carSpeed \u003d virtualFunctionBus.powertrainPacket.getSpeed();\n}",
                "dst": "null",
                "src_parent_type": "Block",
                "dst_parent_type": "null",
                "src_parent": "{\n    double carSpeed;\n    if (virtualFunctionBus.inputPacket.getACCOn()) {\n        carSpeed \u003d virtualFunctionBus.inputPacket.getACCTargetSpeed();\n    } else {\n        carSpeed \u003d virtualFunctionBus.powertrainPacket.getSpeed();\n    }\n    double angularSpeed \u003d 0;\n    final double fps \u003d 1;\n    final int threeQuarterCircle \u003d 270;\n    try {\n        angularSpeed \u003d hu.oe.nik.szfmv.automatedcar.SteeringMethods.getSteerAngle((-(this.getInputValues().getSteeringWheelPosition())));\n    } catch (java.lang.Exception e) {\n        e.printStackTrace();\n    }\n    double carHeading \u003d (java.lang.Math.toRadians(threeQuarterCircle)) - (rotation);\n    double halfWheelBase \u003d (wheelBase) / 2;\n    java.awt.geom.Point2D carPosition \u003d new java.awt.geom.Point2D.Double(getCarValues().getX(), getCarValues().getY());\n    java.lang.Object[] carPositionAndHeading \u003d hu.oe.nik.szfmv.automatedcar.SteeringMethods.getCarPositionAndCarHead(carPosition, carHeading, carSpeed, angularSpeed, new int[]{ width, height });\n    if ((carPositionAndHeading[0].getClass()) \u003d\u003d (java.awt.geom.Point2D.Double.class)) {\n        carPosition \u003d new java.awt.geom.Point2D.Double(((java.awt.geom.Point2D) (carPositionAndHeading[0])).getX(), ((java.awt.geom.Point2D) (carPositionAndHeading[0])).getY());\n    }\n    if ((carPositionAndHeading[1].getClass()) \u003d\u003d (java.lang.Double.class)) {\n        carHeading \u003d ((java.lang.Double) (carPositionAndHeading[1]));\n    }\n    this.setX(((carPosition.getX()) - (halfWidth)));\n    this.setY(((carPosition.getY()) - halfWheelBase));\n    rotation \u003d (java.lang.Math.toRadians(threeQuarterCircle)) - carHeading;\n    getCarValues().setX(this.getX());\n    getCarValues().setY(this.getY());\n    getCarValues().setRotation(this.getRotation());\n}",
                "dst_parent": "null"
              },
              "line": 93,
              "file": "/home/khesoem/projects/lighter/exp/src/main/java/hu/oe/nik/szfmv/automatedcar/AutomatedCar.java",
              "stats": {
                "number_of_src_entities": 76,
                "number_of_dst_entities": -1,
                "src_entity_types": "[hu.oe.nik.szfmv.automatedcar.AutomatedCar, double, hu.oe.nik.szfmv.automatedcar.bus.VirtualFunctionBus]",
                "dst_entity_types": "[]"
              }
            }
          ]
        }
      ]
    }
  ],
  "complete_analysis": true
}