{
  "instances": [
    {
      "revision": "724ec8b5547467b80c025cf04b3a52408a64ba49",
      "repairability": [
        {
          "tool-name": "Elixir",
          "pattern-name": "Elixir:update_type_ref",
          "Unified_Diff_of-files:": "Starts Below...",
          "CHANGE_old:": "    protected abstract void createOrUpdateEphemeral(String path, String data, Object stat);\r",
          "CHANGE_new:": "    protected abstract void createOrUpdateEphemeral(String path, String data, int version);\r",
          "DELETE:": "        }\r",
          "instance_detail": [
            {
              "pattern_action": "UPD",
              "pattern_entity": {
                "entity_type": "TypeReference",
                "entity_new value": "*",
                "entity_role": "*",
                "entity_parent": "null"
              },
              "concrete_change": {
                "operator": "UPD",
                "src_type": "TypeReference",
                "dst_type": "TypeReference",
                "src": "java.lang.Object",
                "dst": "int",
                "src_parent_type": "ParameterReference",
                "dst_parent_type": "Parameter",
                "src_parent": "stat",
                "dst_parent": "int version"
              },
              "line": 188,
              "file": "/home/khesoem/projects/lighter/exp/dubbo-remoting/dubbo-remoting-zookeeper/src/main/java/org/apache/dubbo/remoting/zookeeper/support/AbstractZookeeperClient.java",
              "stats": {
                "number_of_src_entities": 2,
                "number_of_dst_entities": 1,
                "src_entity_types": "[java.lang.Object]",
                "dst_entity_types": "[int]"
              }
            }
          ]
        },
        {
          "tool-name": "Elixir",
          "pattern-name": "Elixir:update_type_ref",
          "Unified_Diff_of-files:": "Starts Below...",
          "CHANGE_old:": "    protected abstract void createOrUpdateEphemeral(String path, String data, Object stat);\r",
          "CHANGE_new:": "    protected abstract void createOrUpdateEphemeral(String path, String data, int version);\r",
          "DELETE:": "        }\r",
          "instance_detail": [
            {
              "pattern_action": "UPD",
              "pattern_entity": {
                "entity_type": "TypeReference",
                "entity_new value": "*",
                "entity_role": "*",
                "entity_parent": "null"
              },
              "concrete_change": {
                "operator": "UPD",
                "src_type": "TypeReference",
                "dst_type": "TypeReference",
                "src": "java.lang.Object",
                "dst": "int",
                "src_parent_type": "ParameterReference",
                "dst_parent_type": "Parameter",
                "src_parent": "stat",
                "dst_parent": "int version"
              },
              "line": 230,
              "file": "/home/khesoem/projects/lighter/exp/dubbo-remoting/dubbo-remoting-zookeeper/src/main/java/org/apache/dubbo/remoting/zookeeper/support/AbstractZookeeperClient.java",
              "stats": {
                "number_of_src_entities": 2,
                "number_of_dst_entities": 1,
                "src_entity_types": "[java.lang.Object]",
                "dst_entity_types": "[int]"
              }
            }
          ]
        },
        {
          "tool-name": "Elixir",
          "pattern-name": "Elixir:update_type_ref",
          "Unified_Diff_of-files:": "Starts Below...",
          "CHANGE_old:": "    protected abstract void createOrUpdateEphemeral(String path, String data, Object stat);\r",
          "CHANGE_new:": "    protected abstract void createOrUpdateEphemeral(String path, String data, int version);\r",
          "DELETE:": "        }\r",
          "instance_detail": [
            {
              "pattern_action": "UPD",
              "pattern_entity": {
                "entity_type": "TypeReference",
                "entity_new value": "*",
                "entity_role": "*",
                "entity_parent": "null"
              },
              "concrete_change": {
                "operator": "UPD",
                "src_type": "TypeReference",
                "dst_type": "TypeReference",
                "src": "java.lang.Object",
                "dst": "int",
                "src_parent_type": "ParameterReference",
                "dst_parent_type": "Parameter",
                "src_parent": "stat",
                "dst_parent": "int version"
              },
              "line": 226,
              "file": "/home/khesoem/projects/lighter/exp/dubbo-remoting/dubbo-remoting-zookeeper/src/main/java/org/apache/dubbo/remoting/zookeeper/support/AbstractZookeeperClient.java",
              "stats": {
                "number_of_src_entities": 2,
                "number_of_dst_entities": 1,
                "src_entity_types": "[java.lang.Object]",
                "dst_entity_types": "[int]"
              }
            }
          ]
        },
        {
          "tool-name": "Elixir",
          "pattern-name": "Elixir:update_type_ref",
          "Unified_Diff_of-files:": "Starts Below...",
          "CHANGE_old:": "    protected abstract void createOrUpdateEphemeral(String path, String data, Object stat);\r",
          "CHANGE_new:": "    protected abstract void createOrUpdateEphemeral(String path, String data, int version);\r",
          "DELETE:": "        }\r",
          "instance_detail": [
            {
              "pattern_action": "UPD",
              "pattern_entity": {
                "entity_type": "TypeReference",
                "entity_new value": "*",
                "entity_role": "*",
                "entity_parent": "null"
              },
              "concrete_change": {
                "operator": "UPD",
                "src_type": "TypeReference",
                "dst_type": "TypeReference",
                "src": "java.lang.Object",
                "dst": "int",
                "src_parent_type": "ParameterReference",
                "dst_parent_type": "Parameter",
                "src_parent": "stat",
                "dst_parent": "int version"
              },
              "line": 228,
              "file": "/home/khesoem/projects/lighter/exp/dubbo-remoting/dubbo-remoting-zookeeper/src/main/java/org/apache/dubbo/remoting/zookeeper/support/AbstractZookeeperClient.java",
              "stats": {
                "number_of_src_entities": 2,
                "number_of_dst_entities": 1,
                "src_entity_types": "[java.lang.Object]",
                "dst_entity_types": "[int]"
              }
            }
          ]
        }
      ]
    },
    {
      "revision": "724ec8b5547467b80c025cf04b3a52408a64ba49",
      "repairability": [
        {
          "tool-name": "Elixir",
          "pattern-name": "Elixir:update_return_deep",
          "Unified_Diff_of-files:": "Starts Below...",
          "CHANGE_old:": "    protected abstract void createOrUpdateEphemeral(String path, String data, Object stat);\r",
          "CHANGE_new:": "    protected abstract void createOrUpdateEphemeral(String path, String data, int version);\r",
          "DELETE:": "        }\r",
          "instance_detail": [
            {
              "pattern_action": "ANY",
              "pattern_entity": {
                "entity_type": "*",
                "entity_new value": "*",
                "entity_role": "*",
                "entity_parent": {
                  "entity_type": "Return",
                  "entity_new value": "*",
                  "entity_role": "*",
                  "entity_parent": "null"
                }
              },
              "concrete_change": {
                "operator": "UPD",
                "src_type": "Literal",
                "dst_type": "Literal",
                "src": "true",
                "dst": "false",
                "src_parent_type": "Return",
                "dst_parent_type": "Return",
                "src_parent": "return true",
                "dst_parent": "return false"
              },
              "line": 140,
              "file": "/home/khesoem/projects/lighter/exp/dubbo-configcenter/dubbo-configcenter-zookeeper/src/main/java/org/apache/dubbo/configcenter/support/zookeeper/ZookeeperDynamicConfiguration.java",
              "stats": {
                "number_of_src_entities": 2,
                "number_of_dst_entities": 2,
                "src_entity_types": "[boolean]",
                "dst_entity_types": "[boolean]"
              }
            }
          ]
        }
      ]
    },
    {
      "revision": "724ec8b5547467b80c025cf04b3a52408a64ba49",
      "repairability": [
        {
          "tool-name": "Elixir",
          "pattern-name": "Elixir:update_type_ref",
          "Unified_Diff_of-files:": "Starts Below...",
          "CHANGE_old:": "    protected abstract void createOrUpdateEphemeral(String path, String data, Object stat);\r",
          "CHANGE_new:": "    protected abstract void createOrUpdateEphemeral(String path, String data, int version);\r",
          "DELETE:": "        }\r",
          "instance_detail": [
            {
              "pattern_action": "UPD",
              "pattern_entity": {
                "entity_type": "TypeReference",
                "entity_new value": "*",
                "entity_role": "*",
                "entity_parent": "null"
              },
              "concrete_change": {
                "operator": "UPD",
                "src_type": "TypeReference",
                "dst_type": "TypeReference",
                "src": "java.lang.Object",
                "dst": "int",
                "src_parent_type": "Parameter",
                "dst_parent_type": "Parameter",
                "src_parent": "java.lang.Object stat",
                "dst_parent": "int ticket"
              },
              "line": 64,
              "file": "/home/khesoem/projects/lighter/exp/dubbo-remoting/dubbo-remoting-zookeeper/src/main/java/org/apache/dubbo/remoting/zookeeper/ZookeeperClient.java",
              "stats": {
                "number_of_src_entities": 2,
                "number_of_dst_entities": 1,
                "src_entity_types": "[java.lang.Object]",
                "dst_entity_types": "[int]"
              }
            }
          ]
        }
      ]
    },
    {
      "revision": "724ec8b5547467b80c025cf04b3a52408a64ba49",
      "repairability": [
        {
          "tool-name": "Elixir",
          "pattern-name": "Elixir:update_type_ref",
          "Unified_Diff_of-files:": "Starts Below...",
          "CHANGE_old:": "    protected abstract void createOrUpdateEphemeral(String path, String data, Object stat);\r",
          "CHANGE_new:": "    protected abstract void createOrUpdateEphemeral(String path, String data, int version);\r",
          "DELETE:": "        }\r",
          "instance_detail": [
            {
              "pattern_action": "UPD",
              "pattern_entity": {
                "entity_type": "TypeReference",
                "entity_new value": "*",
                "entity_role": "*",
                "entity_parent": "null"
              },
              "concrete_change": {
                "operator": "UPD",
                "src_type": "TypeReference",
                "dst_type": "TypeReference",
                "src": "com.alibaba.nacos.api.naming.NamingService",
                "dst": "org.apache.dubbo.registry.nacos.NacosNamingServiceWrapper",
                "src_parent_type": "Field",
                "dst_parent_type": "Field",
                "src_parent": "private com.alibaba.nacos.api.naming.NamingService namingService;",
                "dst_parent": "private org.apache.dubbo.registry.nacos.NacosNamingServiceWrapper namingService;"
              },
              "line": 57,
              "file": "/home/khesoem/projects/lighter/exp/dubbo-registry/dubbo-registry-nacos/src/main/java/org/apache/dubbo/registry/nacos/NacosServiceDiscovery.java",
              "stats": {
                "number_of_src_entities": 2,
                "number_of_dst_entities": 2,
                "src_entity_types": "[com.alibaba.nacos.api.naming.NamingService]",
                "dst_entity_types": "[org.apache.dubbo.registry.nacos.NacosNamingServiceWrapper]"
              }
            }
          ]
        }
      ]
    },
    {
      "revision": "724ec8b5547467b80c025cf04b3a52408a64ba49",
      "repairability": [
        {
          "tool-name": "Elixir",
          "pattern-name": "Elixir:update_type_ref",
          "Unified_Diff_of-files:": "Starts Below...",
          "CHANGE_old:": "    protected abstract void createOrUpdateEphemeral(String path, String data, Object stat);\r",
          "CHANGE_new:": "    protected abstract void createOrUpdateEphemeral(String path, String data, int version);\r",
          "DELETE:": "        }\r",
          "instance_detail": [
            {
              "pattern_action": "UPD",
              "pattern_entity": {
                "entity_type": "TypeReference",
                "entity_new value": "*",
                "entity_role": "*",
                "entity_parent": "null"
              },
              "concrete_change": {
                "operator": "UPD",
                "src_type": "TypeReference",
                "dst_type": "TypeReference",
                "src": "java.lang.Object",
                "dst": "int",
                "src_parent_type": "ParameterReference",
                "dst_parent_type": "Parameter",
                "src_parent": "stat",
                "dst_parent": "int version"
              },
              "line": 152,
              "file": "/home/khesoem/projects/lighter/exp/dubbo-remoting/dubbo-remoting-zookeeper/src/main/java/org/apache/dubbo/remoting/zookeeper/curator/CuratorZookeeperClient.java",
              "stats": {
                "number_of_src_entities": 2,
                "number_of_dst_entities": 1,
                "src_entity_types": "[java.lang.Object]",
                "dst_entity_types": "[int]"
              }
            }
          ]
        },
        {
          "tool-name": "Elixir",
          "pattern-name": "Elixir:update_type_ref",
          "Unified_Diff_of-files:": "Starts Below...",
          "CHANGE_old:": "    protected abstract void createOrUpdateEphemeral(String path, String data, Object stat);\r",
          "CHANGE_new:": "    protected abstract void createOrUpdateEphemeral(String path, String data, int version);\r",
          "DELETE:": "        }\r",
          "instance_detail": [
            {
              "pattern_action": "UPD",
              "pattern_entity": {
                "entity_type": "TypeReference",
                "entity_new value": "*",
                "entity_role": "*",
                "entity_parent": "null"
              },
              "concrete_change": {
                "operator": "UPD",
                "src_type": "TypeReference",
                "dst_type": "TypeReference",
                "src": "java.lang.Object",
                "dst": "int",
                "src_parent_type": "ParameterReference",
                "dst_parent_type": "Parameter",
                "src_parent": "stat",
                "dst_parent": "int version"
              },
              "line": 167,
              "file": "/home/khesoem/projects/lighter/exp/dubbo-remoting/dubbo-remoting-zookeeper/src/main/java/org/apache/dubbo/remoting/zookeeper/curator/CuratorZookeeperClient.java",
              "stats": {
                "number_of_src_entities": 2,
                "number_of_dst_entities": 1,
                "src_entity_types": "[java.lang.Object]",
                "dst_entity_types": "[int]"
              }
            }
          ]
        },
        {
          "tool-name": "Elixir",
          "pattern-name": "Elixir:update_type_ref",
          "Unified_Diff_of-files:": "Starts Below...",
          "CHANGE_old:": "    protected abstract void createOrUpdateEphemeral(String path, String data, Object stat);\r",
          "CHANGE_new:": "    protected abstract void createOrUpdateEphemeral(String path, String data, int version);\r",
          "DELETE:": "        }\r",
          "instance_detail": [
            {
              "pattern_action": "UPD",
              "pattern_entity": {
                "entity_type": "TypeReference",
                "entity_new value": "*",
                "entity_role": "*",
                "entity_parent": "null"
              },
              "concrete_change": {
                "operator": "UPD",
                "src_type": "TypeReference",
                "dst_type": "TypeReference",
                "src": "java.lang.Object",
                "dst": "int",
                "src_parent_type": "ParameterReference",
                "dst_parent_type": "Parameter",
                "src_parent": "stat",
                "dst_parent": "int version"
              },
              "line": 180,
              "file": "/home/khesoem/projects/lighter/exp/dubbo-remoting/dubbo-remoting-zookeeper/src/main/java/org/apache/dubbo/remoting/zookeeper/curator/CuratorZookeeperClient.java",
              "stats": {
                "number_of_src_entities": 2,
                "number_of_dst_entities": 1,
                "src_entity_types": "[java.lang.Object]",
                "dst_entity_types": "[int]"
              }
            }
          ]
        }
      ]
    },
    {
      "revision": "724ec8b5547467b80c025cf04b3a52408a64ba49",
      "repairability": [
        {
          "tool-name": "Elixir",
          "pattern-name": "Elixir:update_type_ref",
          "Unified_Diff_of-files:": "Starts Below...",
          "CHANGE_old:": "    protected abstract void createOrUpdateEphemeral(String path, String data, Object stat);\r",
          "CHANGE_new:": "    protected abstract void createOrUpdateEphemeral(String path, String data, int version);\r",
          "DELETE:": "        }\r",
          "instance_detail": [
            {
              "pattern_action": "UPD",
              "pattern_entity": {
                "entity_type": "TypeReference",
                "entity_new value": "*",
                "entity_role": "*",
                "entity_parent": "null"
              },
              "concrete_change": {
                "operator": "UPD",
                "src_type": "TypeReference",
                "dst_type": "TypeReference",
                "src": "com.alibaba.nacos.api.naming.NamingService",
                "dst": "org.apache.dubbo.registry.nacos.NacosNamingServiceWrapper",
                "src_parent_type": "Field",
                "dst_parent_type": "Field",
                "src_parent": "private final com.alibaba.nacos.api.naming.NamingService namingService;",
                "dst_parent": "private final org.apache.dubbo.registry.nacos.NacosNamingServiceWrapper namingService;"
              },
              "line": 128,
              "file": "/home/khesoem/projects/lighter/exp/dubbo-registry/dubbo-registry-nacos/src/main/java/org/apache/dubbo/registry/nacos/NacosRegistry.java",
              "stats": {
                "number_of_src_entities": 2,
                "number_of_dst_entities": 2,
                "src_entity_types": "[com.alibaba.nacos.api.naming.NamingService]",
                "dst_entity_types": "[org.apache.dubbo.registry.nacos.NacosNamingServiceWrapper]"
              }
            }
          ]
        },
        {
          "tool-name": "Elixir",
          "pattern-name": "Elixir:update_type_ref",
          "Unified_Diff_of-files:": "Starts Below...",
          "CHANGE_old:": "    protected abstract void createOrUpdateEphemeral(String path, String data, Object stat);\r",
          "CHANGE_new:": "    protected abstract void createOrUpdateEphemeral(String path, String data, int version);\r",
          "DELETE:": "        }\r",
          "instance_detail": [
            {
              "pattern_action": "UPD",
              "pattern_entity": {
                "entity_type": "TypeReference",
                "entity_new value": "*",
                "entity_role": "*",
                "entity_parent": "null"
              },
              "concrete_change": {
                "operator": "UPD",
                "src_type": "TypeReference",
                "dst_type": "TypeReference",
                "src": "com.alibaba.nacos.api.naming.NamingService",
                "dst": "org.apache.dubbo.registry.nacos.NacosNamingServiceWrapper",
                "src_parent_type": "ParameterReference",
                "dst_parent_type": "Parameter",
                "src_parent": "namingService",
                "dst_parent": "org.apache.dubbo.registry.nacos.NacosNamingServiceWrapper namingService"
              },
              "line": 130,
              "file": "/home/khesoem/projects/lighter/exp/dubbo-registry/dubbo-registry-nacos/src/main/java/org/apache/dubbo/registry/nacos/NacosRegistry.java",
              "stats": {
                "number_of_src_entities": 2,
                "number_of_dst_entities": 2,
                "src_entity_types": "[com.alibaba.nacos.api.naming.NamingService]",
                "dst_entity_types": "[org.apache.dubbo.registry.nacos.NacosNamingServiceWrapper]"
              }
            }
          ]
        },
        {
          "tool-name": "Elixir",
          "pattern-name": "Elixir:update_type_ref",
          "Unified_Diff_of-files:": "Starts Below...",
          "CHANGE_old:": "    protected abstract void createOrUpdateEphemeral(String path, String data, Object stat);\r",
          "CHANGE_new:": "    protected abstract void createOrUpdateEphemeral(String path, String data, int version);\r",
          "DELETE:": "        }\r",
          "instance_detail": [
            {
              "pattern_action": "UPD",
              "pattern_entity": {
                "entity_type": "TypeReference",
                "entity_new value": "*",
                "entity_role": "*",
                "entity_parent": "null"
              },
              "concrete_change": {
                "operator": "UPD",
                "src_type": "TypeReference",
                "dst_type": "TypeReference",
                "src": "com.alibaba.nacos.api.naming.NamingService",
                "dst": "org.apache.dubbo.registry.nacos.NacosNamingServiceWrapper",
                "src_parent_type": "ParameterReference",
                "dst_parent_type": "Parameter",
                "src_parent": "namingService",
                "dst_parent": "org.apache.dubbo.registry.nacos.NacosNamingServiceWrapper namingService"
              },
              "line": 610,
              "file": "/home/khesoem/projects/lighter/exp/dubbo-registry/dubbo-registry-nacos/src/main/java/org/apache/dubbo/registry/nacos/NacosRegistry.java",
              "stats": {
                "number_of_src_entities": 2,
                "number_of_dst_entities": 2,
                "src_entity_types": "[com.alibaba.nacos.api.naming.NamingService]",
                "dst_entity_types": "[org.apache.dubbo.registry.nacos.NacosNamingServiceWrapper]"
              }
            }
          ]
        },
        {
          "tool-name": "Elixir",
          "pattern-name": "Elixir:update_type_ref",
          "Unified_Diff_of-files:": "Starts Below...",
          "CHANGE_old:": "    protected abstract void createOrUpdateEphemeral(String path, String data, Object stat);\r",
          "CHANGE_new:": "    protected abstract void createOrUpdateEphemeral(String path, String data, int version);\r",
          "DELETE:": "        }\r",
          "instance_detail": [
            {
              "pattern_action": "UPD",
              "pattern_entity": {
                "entity_type": "TypeReference",
                "entity_new value": "*",
                "entity_role": "*",
                "entity_parent": "null"
              },
              "concrete_change": {
                "operator": "UPD",
                "src_type": "TypeReference",
                "dst_type": "TypeReference",
                "src": "",
                "dst": "",
                "src_parent_type": "ParameterReference",
                "dst_parent_type": "Parameter",
                "src_parent": "namingService",
                "dst_parent": "namingService"
              },
              "stats": {
                "number_of_src_entities": 2,
                "number_of_dst_entities": 2,
                "src_entity_types": "[]",
                "dst_entity_types": "[]"
              }
            }
          ]
        },
        {
          "tool-name": "Elixir",
          "pattern-name": "Elixir:update_type_ref",
          "Unified_Diff_of-files:": "Starts Below...",
          "CHANGE_old:": "    protected abstract void createOrUpdateEphemeral(String path, String data, Object stat);\r",
          "CHANGE_new:": "    protected abstract void createOrUpdateEphemeral(String path, String data, int version);\r",
          "DELETE:": "        }\r",
          "instance_detail": [
            {
              "pattern_action": "UPD",
              "pattern_entity": {
                "entity_type": "TypeReference",
                "entity_new value": "*",
                "entity_role": "*",
                "entity_parent": "null"
              },
              "concrete_change": {
                "operator": "UPD",
                "src_type": "TypeReference",
                "dst_type": "TypeReference",
                "src": "",
                "dst": "",
                "src_parent_type": "ParameterReference",
                "dst_parent_type": "Parameter",
                "src_parent": "namingService",
                "dst_parent": "namingService"
              },
              "stats": {
                "number_of_src_entities": 2,
                "number_of_dst_entities": 2,
                "src_entity_types": "[]",
                "dst_entity_types": "[]"
              }
            }
          ]
        },
        {
          "tool-name": "Elixir",
          "pattern-name": "Elixir:update_type_ref",
          "Unified_Diff_of-files:": "Starts Below...",
          "CHANGE_old:": "    protected abstract void createOrUpdateEphemeral(String path, String data, Object stat);\r",
          "CHANGE_new:": "    protected abstract void createOrUpdateEphemeral(String path, String data, int version);\r",
          "DELETE:": "        }\r",
          "instance_detail": [
            {
              "pattern_action": "UPD",
              "pattern_entity": {
                "entity_type": "TypeReference",
                "entity_new value": "*",
                "entity_role": "*",
                "entity_parent": "null"
              },
              "concrete_change": {
                "operator": "UPD",
                "src_type": "TypeReference",
                "dst_type": "TypeReference",
                "src": "",
                "dst": "",
                "src_parent_type": "ParameterReference",
                "dst_parent_type": "Parameter",
                "src_parent": "namingService",
                "dst_parent": "namingService"
              },
              "stats": {
                "number_of_src_entities": 2,
                "number_of_dst_entities": 2,
                "src_entity_types": "[]",
                "dst_entity_types": "[]"
              }
            }
          ]
        },
        {
          "tool-name": "Elixir",
          "pattern-name": "Elixir:update_type_ref",
          "Unified_Diff_of-files:": "Starts Below...",
          "CHANGE_old:": "    protected abstract void createOrUpdateEphemeral(String path, String data, Object stat);\r",
          "CHANGE_new:": "    protected abstract void createOrUpdateEphemeral(String path, String data, int version);\r",
          "DELETE:": "        }\r",
          "instance_detail": [
            {
              "pattern_action": "UPD",
              "pattern_entity": {
                "entity_type": "TypeReference",
                "entity_new value": "*",
                "entity_role": "*",
                "entity_parent": "null"
              },
              "concrete_change": {
                "operator": "UPD",
                "src_type": "TypeReference",
                "dst_type": "TypeReference",
                "src": "",
                "dst": "",
                "src_parent_type": "ParameterReference",
                "dst_parent_type": "Parameter",
                "src_parent": "namingService",
                "dst_parent": "namingService"
              },
              "stats": {
                "number_of_src_entities": 2,
                "number_of_dst_entities": 2,
                "src_entity_types": "[]",
                "dst_entity_types": "[]"
              }
            }
          ]
        },
        {
          "tool-name": "Elixir",
          "pattern-name": "Elixir:update_type_ref",
          "Unified_Diff_of-files:": "Starts Below...",
          "CHANGE_old:": "    protected abstract void createOrUpdateEphemeral(String path, String data, Object stat);\r",
          "CHANGE_new:": "    protected abstract void createOrUpdateEphemeral(String path, String data, int version);\r",
          "DELETE:": "        }\r",
          "instance_detail": [
            {
              "pattern_action": "UPD",
              "pattern_entity": {
                "entity_type": "TypeReference",
                "entity_new value": "*",
                "entity_role": "*",
                "entity_parent": "null"
              },
              "concrete_change": {
                "operator": "UPD",
                "src_type": "TypeReference",
                "dst_type": "TypeReference",
                "src": "",
                "dst": "",
                "src_parent_type": "ParameterReference",
                "dst_parent_type": "Parameter",
                "src_parent": "namingService",
                "dst_parent": "namingService"
              },
              "stats": {
                "number_of_src_entities": 2,
                "number_of_dst_entities": 2,
                "src_entity_types": "[]",
                "dst_entity_types": "[]"
              }
            }
          ]
        },
        {
          "tool-name": "Elixir",
          "pattern-name": "Elixir:update_type_ref",
          "Unified_Diff_of-files:": "Starts Below...",
          "CHANGE_old:": "    protected abstract void createOrUpdateEphemeral(String path, String data, Object stat);\r",
          "CHANGE_new:": "    protected abstract void createOrUpdateEphemeral(String path, String data, int version);\r",
          "DELETE:": "        }\r",
          "instance_detail": [
            {
              "pattern_action": "UPD",
              "pattern_entity": {
                "entity_type": "TypeReference",
                "entity_new value": "*",
                "entity_role": "*",
                "entity_parent": "null"
              },
              "concrete_change": {
                "operator": "UPD",
                "src_type": "TypeReference",
                "dst_type": "TypeReference",
                "src": "",
                "dst": "",
                "src_parent_type": "ParameterReference",
                "dst_parent_type": "Parameter",
                "src_parent": "namingService",
                "dst_parent": "namingService"
              },
              "stats": {
                "number_of_src_entities": 2,
                "number_of_dst_entities": 2,
                "src_entity_types": "[]",
                "dst_entity_types": "[]"
              }
            }
          ]
        }
      ]
    },
    {
      "revision": "724ec8b5547467b80c025cf04b3a52408a64ba49",
      "repairability": [
        {
          "tool-name": "Elixir",
          "pattern-name": "Elixir:if_null_check",
          "Unified_Diff_of-files:": "Starts Below...",
          "CHANGE_old:": "    protected abstract void createOrUpdateEphemeral(String path, String data, Object stat);\r",
          "CHANGE_new:": "    protected abstract void createOrUpdateEphemeral(String path, String data, int version);\r",
          "DELETE:": "        }\r",
          "instance_detail": [
            {
              "pattern_action": "INS",
              "pattern_entity": {
                "entity_type": "If",
                "entity_new value": "*",
                "entity_role": "*",
                "entity_parent": "null"
              },
              "concrete_change": {
                "operator": "INS",
                "src_type": "If",
                "dst_type": "null",
                "src": "if (watcher !\u003d null) {\n    watcher.stopWatching();\n}",
                "dst": "null",
                "src_parent_type": "Block",
                "dst_parent_type": "null",
                "src_parent": "{\n    org.apache.dubbo.registry.zookeeper.ZookeeperServiceDiscoveryChangeWatcher watcher \u003d watcherCaches.remove(buildServicePath(serviceName));\n    if (watcher !\u003d null) {\n        watcher.stopWatching();\n    }\n}",
                "dst_parent": "null"
              },
              "line": 182,
              "file": "/home/khesoem/projects/lighter/exp/dubbo-registry/dubbo-registry-zookeeper/src/main/java/org/apache/dubbo/registry/zookeeper/ZookeeperServiceDiscovery.java",
              "stats": {
                "number_of_src_entities": 17,
                "number_of_dst_entities": -1,
                "src_entity_types": "[org.apache.dubbo.registry.zookeeper.watcher, org.apache.dubbo.registry.zookeeper.ZookeeperServiceDiscoveryChangeWatcher, \u003cnulltype\u003e]",
                "dst_entity_types": "[]"
              }
            },
            {
              "pattern_action": "MOV",
              "pattern_entity": {
                "entity_type": "Statement",
                "entity_new value": "*",
                "entity_role": "*",
                "entity_parent": "null"
              },
              "concrete_change": {
                "operator": "MOV",
                "src_type": "Invocation",
                "dst_type": "Invocation",
                "src": "watcher.stopWatching()",
                "dst": "watcher.stopWatching()",
                "src_parent_type": "Block",
                "dst_parent_type": "Block",
                "src_parent": "{\n    org.apache.dubbo.registry.zookeeper.ZookeeperServiceDiscoveryChangeWatcher watcher \u003d watcherCaches.remove(serviceName);\n    watcher.stopWatching();\n}",
                "dst_parent": "{\n    watcher.stopWatching();\n}"
              },
              "line": 184,
              "file": "/home/khesoem/projects/lighter/exp/dubbo-registry/dubbo-registry-zookeeper/src/main/java/org/apache/dubbo/registry/zookeeper/ZookeeperServiceDiscovery.java",
              "stats": {
                "number_of_src_entities": 8,
                "number_of_dst_entities": 8,
                "src_entity_types": "[org.apache.dubbo.registry.zookeeper.watcher, org.apache.dubbo.registry.zookeeper.ZookeeperServiceDiscoveryChangeWatcher]",
                "dst_entity_types": "[org.apache.dubbo.registry.zookeeper.watcher, org.apache.dubbo.registry.zookeeper.ZookeeperServiceDiscoveryChangeWatcher]"
              }
            },
            {
              "pattern_action": "INS",
              "pattern_entity": {
                "entity_type": "*",
                "entity_new value": "null",
                "entity_role": "*",
                "entity_parent": {
                  "entity_type": "BinaryOperator",
                  "entity_new value": "*",
                  "entity_role": "condition",
                  "entity_parent": {
                    "entity_type": "If",
                    "entity_new value": "*",
                    "entity_role": "*",
                    "entity_parent": "null"
                  }
                }
              },
              "concrete_change": {
                "operator": "INS",
                "src_type": "Literal",
                "dst_type": "null",
                "src": "null",
                "dst": "null",
                "src_parent_type": "BinaryOperator",
                "dst_parent_type": "null",
                "src_parent": "watcher !\u003d null",
                "dst_parent": "null"
              },
              "line": 182,
              "file": "/home/khesoem/projects/lighter/exp/dubbo-registry/dubbo-registry-zookeeper/src/main/java/org/apache/dubbo/registry/zookeeper/ZookeeperServiceDiscovery.java"
            }
          ]
        },
        {
          "tool-name": "Elixir",
          "pattern-name": "Elixir:Insert_Invocation",
          "Unified_Diff_of-files:": "Starts Below...",
          "CHANGE_old:": "    protected abstract void createOrUpdateEphemeral(String path, String data, Object stat);\r",
          "CHANGE_new:": "    protected abstract void createOrUpdateEphemeral(String path, String data, int version);\r",
          "DELETE:": "        }\r",
          "instance_detail": [
            {
              "pattern_action": "INS",
              "pattern_entity": {
                "entity_type": "AbstractInvocation",
                "entity_new value": "*",
                "entity_role": "*",
                "entity_parent": "null"
              },
              "concrete_change": {
                "operator": "INS",
                "src_type": "Invocation",
                "dst_type": "null",
                "src": "buildServicePath(serviceName)",
                "dst": "null",
                "src_parent_type": "Invocation",
                "dst_parent_type": "null",
                "src_parent": "watcherCaches.remove(buildServicePath(serviceName))",
                "dst_parent": "null"
              },
              "line": 181,
              "file": "/home/khesoem/projects/lighter/exp/dubbo-registry/dubbo-registry-zookeeper/src/main/java/org/apache/dubbo/registry/zookeeper/ZookeeperServiceDiscovery.java",
              "stats": {
                "number_of_src_entities": 6,
                "number_of_dst_entities": -1,
                "src_entity_types": "[]",
                "dst_entity_types": "[]"
              }
            }
          ]
        },
        {
          "tool-name": "Elixir",
          "pattern-name": "Elixir:check_length",
          "Unified_Diff_of-files:": "Starts Below...",
          "CHANGE_old:": "    protected abstract void createOrUpdateEphemeral(String path, String data, Object stat);\r",
          "CHANGE_new:": "    protected abstract void createOrUpdateEphemeral(String path, String data, int version);\r",
          "DELETE:": "        }\r",
          "instance_detail": [
            {
              "pattern_action": "MOV",
              "pattern_entity": {
                "entity_type": "Statement",
                "entity_new value": "*",
                "entity_role": "*",
                "entity_parent": "null"
              },
              "concrete_change": {
                "operator": "MOV",
                "src_type": "Invocation",
                "dst_type": "Invocation",
                "src": "watcher.stopWatching()",
                "dst": "watcher.stopWatching()",
                "src_parent_type": "Block",
                "dst_parent_type": "Block",
                "src_parent": "{\n    org.apache.dubbo.registry.zookeeper.ZookeeperServiceDiscoveryChangeWatcher watcher \u003d watcherCaches.remove(serviceName);\n    watcher.stopWatching();\n}",
                "dst_parent": "{\n    watcher.stopWatching();\n}"
              },
              "line": 184,
              "file": "/home/khesoem/projects/lighter/exp/dubbo-registry/dubbo-registry-zookeeper/src/main/java/org/apache/dubbo/registry/zookeeper/ZookeeperServiceDiscovery.java",
              "stats": {
                "number_of_src_entities": 8,
                "number_of_dst_entities": 8,
                "src_entity_types": "[org.apache.dubbo.registry.zookeeper.watcher, org.apache.dubbo.registry.zookeeper.ZookeeperServiceDiscoveryChangeWatcher]",
                "dst_entity_types": "[org.apache.dubbo.registry.zookeeper.watcher, org.apache.dubbo.registry.zookeeper.ZookeeperServiceDiscoveryChangeWatcher]"
              }
            },
            {
              "pattern_action": "INS",
              "pattern_entity": {
                "entity_type": "If",
                "entity_new value": "*",
                "entity_role": "*",
                "entity_parent": "null"
              },
              "concrete_change": {
                "operator": "INS",
                "src_type": "If",
                "dst_type": "null",
                "src": "if (watcher !\u003d null) {\n    watcher.stopWatching();\n}",
                "dst": "null",
                "src_parent_type": "Block",
                "dst_parent_type": "null",
                "src_parent": "{\n    org.apache.dubbo.registry.zookeeper.ZookeeperServiceDiscoveryChangeWatcher watcher \u003d watcherCaches.remove(buildServicePath(serviceName));\n    if (watcher !\u003d null) {\n        watcher.stopWatching();\n    }\n}",
                "dst_parent": "null"
              },
              "line": 182,
              "file": "/home/khesoem/projects/lighter/exp/dubbo-registry/dubbo-registry-zookeeper/src/main/java/org/apache/dubbo/registry/zookeeper/ZookeeperServiceDiscovery.java",
              "stats": {
                "number_of_src_entities": 17,
                "number_of_dst_entities": -1,
                "src_entity_types": "[org.apache.dubbo.registry.zookeeper.watcher, org.apache.dubbo.registry.zookeeper.ZookeeperServiceDiscoveryChangeWatcher, \u003cnulltype\u003e]",
                "dst_entity_types": "[]"
              }
            }
          ]
        }
      ]
    },
    {
      "revision": "724ec8b5547467b80c025cf04b3a52408a64ba49",
      "repairability": [
        {
          "tool-name": "Elixir",
          "pattern-name": "Elixir:update_type_ref",
          "Unified_Diff_of-files:": "Starts Below...",
          "CHANGE_old:": "    protected abstract void createOrUpdateEphemeral(String path, String data, Object stat);\r",
          "CHANGE_new:": "    protected abstract void createOrUpdateEphemeral(String path, String data, int version);\r",
          "DELETE:": "        }\r",
          "instance_detail": [
            {
              "pattern_action": "UPD",
              "pattern_entity": {
                "entity_type": "TypeReference",
                "entity_new value": "*",
                "entity_role": "*",
                "entity_parent": "null"
              },
              "concrete_change": {
                "operator": "UPD",
                "src_type": "TypeReference",
                "dst_type": "TypeReference",
                "src": "com.alibaba.nacos.api.naming.NamingService",
                "dst": "org.apache.dubbo.registry.nacos.NacosNamingServiceWrapper",
                "src_parent_type": "Method",
                "dst_parent_type": "Method",
                "src_parent": "public static com.alibaba.nacos.api.naming.NamingService createNamingService(org.apache.dubbo.common.URL connectionURL) {\n    java.util.Properties nacosProperties \u003d org.apache.dubbo.registry.nacos.util.NacosNamingServiceUtils.buildNacosProperties(connectionURL);\n    com.alibaba.nacos.api.naming.NamingService namingService;\n    try {\n        namingService \u003d com.alibaba.nacos.api.NacosFactory.createNamingService(nacosProperties);\n    } catch (com.alibaba.nacos.api.exception.NacosException e) {\n        if (org.apache.dubbo.registry.nacos.util.NacosNamingServiceUtils.logger.isErrorEnabled()) {\n            org.apache.dubbo.registry.nacos.util.NacosNamingServiceUtils.logger.error(e.getErrMsg(), e);\n        }\n        throw new java.lang.IllegalStateException(e);\n    }\n    return namingService;\n}",
                "dst_parent": "public static org.apache.dubbo.registry.nacos.NacosNamingServiceWrapper createNamingService(org.apache.dubbo.common.URL connectionURL) {\n    java.util.Properties nacosProperties \u003d org.apache.dubbo.registry.nacos.util.NacosNamingServiceUtils.buildNacosProperties(connectionURL);\n    com.alibaba.nacos.api.naming.NamingService namingService;\n    try {\n        namingService \u003d com.alibaba.nacos.api.NacosFactory.createNamingService(nacosProperties);\n    } catch (com.alibaba.nacos.api.exception.NacosException e) {\n        if (org.apache.dubbo.registry.nacos.util.NacosNamingServiceUtils.logger.isErrorEnabled()) {\n            org.apache.dubbo.registry.nacos.util.NacosNamingServiceUtils.logger.error(e.getErrMsg(), e);\n        }\n        throw new java.lang.IllegalStateException(e);\n    }\n    return new org.apache.dubbo.registry.nacos.NacosNamingServiceWrapper(namingService);\n}"
              },
              "line": 102,
              "file": "/home/khesoem/projects/lighter/exp/dubbo-registry/dubbo-registry-nacos/src/main/java/org/apache/dubbo/registry/nacos/util/NacosNamingServiceUtils.java",
              "stats": {
                "number_of_src_entities": 2,
                "number_of_dst_entities": 2,
                "src_entity_types": "[com.alibaba.nacos.api.naming.NamingService]",
                "dst_entity_types": "[org.apache.dubbo.registry.nacos.NacosNamingServiceWrapper]"
              }
            }
          ]
        },
        {
          "tool-name": "Elixir",
          "pattern-name": "Elixir:Insert_Invocation",
          "Unified_Diff_of-files:": "Starts Below...",
          "CHANGE_old:": "    protected abstract void createOrUpdateEphemeral(String path, String data, Object stat);\r",
          "CHANGE_new:": "    protected abstract void createOrUpdateEphemeral(String path, String data, int version);\r",
          "DELETE:": "        }\r",
          "instance_detail": [
            {
              "pattern_action": "INS",
              "pattern_entity": {
                "entity_type": "AbstractInvocation",
                "entity_new value": "*",
                "entity_role": "*",
                "entity_parent": "null"
              },
              "concrete_change": {
                "operator": "INS",
                "src_type": "ConstructorCall",
                "dst_type": "null",
                "src": "new org.apache.dubbo.registry.nacos.NacosNamingServiceWrapper(namingService)",
                "dst": "null",
                "src_parent_type": "Return",
                "dst_parent_type": "null",
                "src_parent": "return new org.apache.dubbo.registry.nacos.NacosNamingServiceWrapper(namingService)",
                "dst_parent": "null"
              },
              "line": 115,
              "file": "/home/khesoem/projects/lighter/exp/dubbo-registry/dubbo-registry-nacos/src/main/java/org/apache/dubbo/registry/nacos/util/NacosNamingServiceUtils.java",
              "stats": {
                "number_of_src_entities": 10,
                "number_of_dst_entities": -1,
                "src_entity_types": "[java.lang.Object, com.alibaba.nacos.api.naming.NamingService]",
                "dst_entity_types": "[]"
              }
            }
          ]
        }
      ]
    },
    {
      "revision": "724ec8b5547467b80c025cf04b3a52408a64ba49",
      "repairability": [
        {
          "tool-name": "Elixir",
          "pattern-name": "Elixir:update_type_ref",
          "Unified_Diff_of-files:": "Starts Below...",
          "CHANGE_old:": "    protected abstract void createOrUpdateEphemeral(String path, String data, Object stat);\r",
          "CHANGE_new:": "    protected abstract void createOrUpdateEphemeral(String path, String data, int version);\r",
          "DELETE:": "        }\r",
          "instance_detail": [
            {
              "pattern_action": "UPD",
              "pattern_entity": {
                "entity_type": "TypeReference",
                "entity_new value": "*",
                "entity_role": "*",
                "entity_parent": "null"
              },
              "concrete_change": {
                "operator": "UPD",
                "src_type": "TypeReference",
                "dst_type": "TypeReference",
                "src": "void",
                "dst": "boolean",
                "src_parent_type": "Method",
                "dst_parent_type": "Method",
                "src_parent": "default void registerServiceAppMapping(java.lang.String serviceKey, java.lang.String application, org.apache.dubbo.common.URL url) {\n    return;\n}",
                "dst_parent": "default boolean registerServiceAppMapping(java.lang.String serviceInterface, java.lang.String defaultMappingGroup, java.lang.String newConfigContent, java.lang.Object ticket) {\n    return false;\n}"
              },
              "line": 58,
              "file": "/home/khesoem/projects/lighter/exp/dubbo-metadata/dubbo-metadata-api/src/main/java/org/apache/dubbo/metadata/report/MetadataReport.java",
              "stats": {
                "number_of_src_entities": 1,
                "number_of_dst_entities": 1,
                "src_entity_types": "[void]",
                "dst_entity_types": "[boolean]"
              }
            }
          ]
        },
        {
          "tool-name": "Elixir",
          "pattern-name": "Elixir:update_type_ref",
          "Unified_Diff_of-files:": "Starts Below...",
          "CHANGE_old:": "    protected abstract void createOrUpdateEphemeral(String path, String data, Object stat);\r",
          "CHANGE_new:": "    protected abstract void createOrUpdateEphemeral(String path, String data, int version);\r",
          "DELETE:": "        }\r",
          "instance_detail": [
            {
              "pattern_action": "UPD",
              "pattern_entity": {
                "entity_type": "TypeReference",
                "entity_new value": "*",
                "entity_role": "*",
                "entity_parent": "null"
              },
              "concrete_change": {
                "operator": "UPD",
                "src_type": "TypeReference",
                "dst_type": "TypeReference",
                "src": "org.apache.dubbo.common.URL",
                "dst": "java.lang.String",
                "src_parent_type": "ParameterReference",
                "dst_parent_type": "Parameter",
                "src_parent": "url",
                "dst_parent": "java.lang.String newConfigContent"
              },
              "line": 58,
              "file": "/home/khesoem/projects/lighter/exp/dubbo-metadata/dubbo-metadata-api/src/main/java/org/apache/dubbo/metadata/report/MetadataReport.java",
              "stats": {
                "number_of_src_entities": 2,
                "number_of_dst_entities": 2,
                "src_entity_types": "[org.apache.dubbo.common.URL]",
                "dst_entity_types": "[java.lang.String]"
              }
            }
          ]
        }
      ]
    },
    {
      "revision": "724ec8b5547467b80c025cf04b3a52408a64ba49",
      "repairability": [
        {
          "tool-name": "Elixir",
          "pattern-name": "Elixir:update_invocation_deep",
          "Unified_Diff_of-files:": "Starts Below...",
          "CHANGE_old:": "    protected abstract void createOrUpdateEphemeral(String path, String data, Object stat);\r",
          "CHANGE_new:": "    protected abstract void createOrUpdateEphemeral(String path, String data, int version);\r",
          "DELETE:": "        }\r",
          "instance_detail": [
            {
              "pattern_action": "ANY",
              "pattern_entity": {
                "entity_type": "*",
                "entity_new value": "*",
                "entity_role": "*",
                "entity_parent": {
                  "entity_type": "AbstractInvocation",
                  "entity_new value": "*",
                  "entity_role": "*",
                  "entity_parent": "null"
                }
              },
              "concrete_change": {
                "operator": "DEL",
                "src_type": "Invocation",
                "dst_type": "null",
                "src": "notifyListener.getConsumerUrl()",
                "dst": "null",
                "src_parent_type": "Invocation",
                "dst_parent_type": "null",
                "src_parent": "getAddresses(key, notifyListener.getConsumerUrl())",
                "dst_parent": "null"
              },
              "line": 361,
              "file": "/home/khesoem/projects/lighter/exp/dubbo-registry/dubbo-registry-api/src/main/java/org/apache/dubbo/registry/client/event/listener/ServiceInstancesChangedListener.java",
              "stats": {
                "number_of_src_entities": 6,
                "number_of_dst_entities": -1,
                "src_entity_types": "[org.apache.dubbo.registry.client.event.listener.notifyListener]",
                "dst_entity_types": "[]"
              }
            }
          ]
        },
        {
          "tool-name": "Elixir",
          "pattern-name": "Elixir:update_return_deep",
          "Unified_Diff_of-files:": "Starts Below...",
          "CHANGE_old:": "    protected abstract void createOrUpdateEphemeral(String path, String data, Object stat);\r",
          "CHANGE_new:": "    protected abstract void createOrUpdateEphemeral(String path, String data, int version);\r",
          "DELETE:": "        }\r",
          "instance_detail": [
            {
              "pattern_action": "ANY",
              "pattern_entity": {
                "entity_type": "*",
                "entity_new value": "*",
                "entity_role": "*",
                "entity_parent": {
                  "entity_type": "Return",
                  "entity_new value": "*",
                  "entity_role": "*",
                  "entity_parent": "null"
                }
              },
              "concrete_change": {
                "operator": "INS",
                "src_type": "Literal",
                "dst_type": "null",
                "src": "false",
                "dst": "null",
                "src_parent_type": "Return",
                "dst_parent_type": "null",
                "src_parent": "return false",
                "dst_parent": "null"
              },
              "line": 261,
              "file": "/home/khesoem/projects/lighter/exp/dubbo-registry/dubbo-registry-api/src/main/java/org/apache/dubbo/registry/client/event/listener/ServiceInstancesChangedListener.java",
              "stats": {
                "number_of_src_entities": 2,
                "number_of_dst_entities": -1,
                "src_entity_types": "[boolean]",
                "dst_entity_types": "[]"
              }
            }
          ]
        }
      ]
    },
    {
      "revision": "724ec8b5547467b80c025cf04b3a52408a64ba49",
      "repairability": [
        {
          "tool-name": "Elixir",
          "pattern-name": "Elixir:update_type_ref",
          "Unified_Diff_of-files:": "Starts Below...",
          "CHANGE_old:": "    protected abstract void createOrUpdateEphemeral(String path, String data, Object stat);\r",
          "CHANGE_new:": "    protected abstract void createOrUpdateEphemeral(String path, String data, int version);\r",
          "DELETE:": "        }\r",
          "instance_detail": [
            {
              "pattern_action": "UPD",
              "pattern_entity": {
                "entity_type": "TypeReference",
                "entity_new value": "*",
                "entity_role": "*",
                "entity_parent": "null"
              },
              "concrete_change": {
                "operator": "UPD",
                "src_type": "TypeReference",
                "dst_type": "TypeReference",
                "src": "java.util.Set\u003cjava.lang.String\u003e",
                "dst": "java.lang.String",
                "src_parent_type": "Method",
                "dst_parent_type": "Method",
                "src_parent": "default java.util.Set\u003cjava.lang.String\u003e get(org.apache.dubbo.common.URL url) {\n    return getAndListen(url, null);\n}",
                "dst_parent": "static java.lang.String buildMappingKey(org.apache.dubbo.common.URL url) {\n    return org.apache.dubbo.metadata.ServiceNameMapping.buildGroup(url.getServiceInterface());\n}"
              },
              "line": 74,
              "file": "/home/khesoem/projects/lighter/exp/dubbo-metadata/dubbo-metadata-api/src/main/java/org/apache/dubbo/metadata/ServiceNameMapping.java",
              "stats": {
                "number_of_src_entities": 4,
                "number_of_dst_entities": 2,
                "src_entity_types": "[java.util.Set\u003cjava.lang.String\u003e, java.lang.String]",
                "dst_entity_types": "[java.lang.String]"
              }
            }
          ]
        },
        {
          "tool-name": "Elixir",
          "pattern-name": "Elixir:update_type_ref",
          "Unified_Diff_of-files:": "Starts Below...",
          "CHANGE_old:": "    protected abstract void createOrUpdateEphemeral(String path, String data, Object stat);\r",
          "CHANGE_new:": "    protected abstract void createOrUpdateEphemeral(String path, String data, int version);\r",
          "DELETE:": "        }\r",
          "instance_detail": [
            {
              "pattern_action": "UPD",
              "pattern_entity": {
                "entity_type": "TypeReference",
                "entity_new value": "*",
                "entity_role": "*",
                "entity_parent": "null"
              },
              "concrete_change": {
                "operator": "UPD",
                "src_type": "TypeReference",
                "dst_type": "TypeReference",
                "src": "org.apache.dubbo.metadata.ServiceNameMapping",
                "dst": "java.util.Set\u003cjava.lang.String\u003e",
                "src_parent_type": "Method",
                "dst_parent_type": "Method",
                "src_parent": "static org.apache.dubbo.metadata.ServiceNameMapping getExtension(java.lang.String name) {\n    return getExtensionLoader(org.apache.dubbo.metadata.ServiceNameMapping.class).getExtension((name \u003d\u003d null ? CONFIG_MAPPING_TYPE : name));\n}",
                "dst_parent": "static java.util.Set\u003cjava.lang.String\u003e getAppNames(java.lang.String content) {\n    if (org.apache.dubbo.common.utils.StringUtils.isBlank(content)) {\n        return java.util.Collections.emptySet();\n    }\n    return new java.util.HashSet(java.util.Arrays.asList(content.split(org.apache.dubbo.metadata.COMMA_SEPARATOR)));\n}"
              },
              "line": 92,
              "file": "/home/khesoem/projects/lighter/exp/dubbo-metadata/dubbo-metadata-api/src/main/java/org/apache/dubbo/metadata/ServiceNameMapping.java",
              "stats": {
                "number_of_src_entities": 2,
                "number_of_dst_entities": 4,
                "src_entity_types": "[org.apache.dubbo.metadata.ServiceNameMapping]",
                "dst_entity_types": "[java.util.Set\u003cjava.lang.String\u003e, java.lang.String]"
              }
            }
          ]
        },
        {
          "tool-name": "Elixir",
          "pattern-name": "Elixir:check_length",
          "Unified_Diff_of-files:": "Starts Below...",
          "CHANGE_old:": "    protected abstract void createOrUpdateEphemeral(String path, String data, Object stat);\r",
          "CHANGE_new:": "    protected abstract void createOrUpdateEphemeral(String path, String data, int version);\r",
          "DELETE:": "        }\r",
          "instance_detail": [
            {
              "pattern_action": "MOV",
              "pattern_entity": {
                "entity_type": "Statement",
                "entity_new value": "*",
                "entity_role": "*",
                "entity_parent": "null"
              },
              "concrete_change": {
                "operator": "MOV",
                "src_type": "Return",
                "dst_type": "Return",
                "src": "return java.util.Collections.emptySet()",
                "dst": "return java.util.Collections.emptySet()",
                "src_parent_type": "Block",
                "dst_parent_type": "Block",
                "src_parent": "{\n    return java.util.Collections.emptySet();\n}",
                "dst_parent": "{\n    return java.util.Collections.emptySet();\n}"
              },
              "line": 71,
              "file": "/home/khesoem/projects/lighter/exp/dubbo-metadata/dubbo-metadata-api/src/main/java/org/apache/dubbo/metadata/ServiceNameMapping.java",
              "stats": {
                "number_of_src_entities": 12,
                "number_of_dst_entities": 12,
                "src_entity_types": "[java.util.Collections]",
                "dst_entity_types": "[java.util.Collections]"
              }
            },
            {
              "pattern_action": "INS",
              "pattern_entity": {
                "entity_type": "If",
                "entity_new value": "*",
                "entity_role": "*",
                "entity_parent": "null"
              },
              "concrete_change": {
                "operator": "INS",
                "src_type": "If",
                "dst_type": "null",
                "src": "if (org.apache.dubbo.common.utils.StringUtils.isBlank(content)) {\n    return java.util.Collections.emptySet();\n}",
                "dst": "null",
                "src_parent_type": "Block",
                "dst_parent_type": "null",
                "src_parent": "{\n    if (org.apache.dubbo.common.utils.StringUtils.isBlank(content)) {\n        return java.util.Collections.emptySet();\n    }\n    return new java.util.HashSet(java.util.Arrays.asList(content.split(org.apache.dubbo.metadata.COMMA_SEPARATOR)));\n}",
                "dst_parent": "null"
              },
              "line": 77,
              "file": "/home/khesoem/projects/lighter/exp/dubbo-metadata/dubbo-metadata-api/src/main/java/org/apache/dubbo/metadata/ServiceNameMapping.java"
            }
          ]
        }
      ]
    }
  ],
  "complete_analysis": true
}