{
  "instances": [
    {
      "revision": "7580232b4a1f2a487965ba2b9ba6594e1f5e3a46",
      "repairability": [
        {
          "tool-name": "Elixir",
          "pattern-name": "Elixir:tight_be",
          "Unified_Diff_of-files:": "Starts Below...",
          "INSERT:": "    @Override",
          "instance_detail": [
            {
              "pattern_action": "INS",
              "pattern_entity": {
                "entity_type": "BinaryOperator",
                "entity_new value": "*",
                "entity_role": "*",
                "entity_parent": {
                  "entity_type": "If",
                  "entity_new value": "*",
                  "entity_role": "*",
                  "entity_parent": "null"
                }
              },
              "concrete_change": {
                "operator": "INS",
                "src_type": "BinaryOperator",
                "dst_type": "null",
                "src": "td !\u003d null",
                "dst": "null",
                "src_parent_type": "If",
                "dst_parent_type": "null",
                "src_parent": "if (td !\u003d null) {\n    return td;\n}",
                "dst_parent": "null"
              },
              "line": 39,
              "file": "/home/khesoem/projects/lighter/exp/dubbo-metadata/dubbo-metadata-api/src/main/java/org/apache/dubbo/metadata/definition/builder/DefaultTypeBuilder.java",
              "stats": {
                "number_of_src_entities": 7,
                "number_of_dst_entities": -1,
                "src_entity_types": "[org.apache.dubbo.metadata.definition.model.TypeDefinition, \u003cnulltype\u003e]",
                "dst_entity_types": "[]"
              }
            }
          ]
        },
        {
          "tool-name": "Elixir",
          "pattern-name": "Elixir:update_return_deep",
          "Unified_Diff_of-files:": "Starts Below...",
          "INSERT:": "    @Override",
          "instance_detail": [
            {
              "pattern_action": "ANY",
              "pattern_entity": {
                "entity_type": "*",
                "entity_new value": "*",
                "entity_role": "*",
                "entity_parent": {
                  "entity_type": "Return",
                  "entity_new value": "*",
                  "entity_role": "*",
                  "entity_parent": "null"
                }
              },
              "concrete_change": {
                "operator": "INS",
                "src_type": "VariableRead",
                "dst_type": "null",
                "src": "td",
                "dst": "null",
                "src_parent_type": "Return",
                "dst_parent_type": "null",
                "src_parent": "return td",
                "dst_parent": "null"
              },
              "line": 40,
              "file": "/home/khesoem/projects/lighter/exp/dubbo-metadata/dubbo-metadata-api/src/main/java/org/apache/dubbo/metadata/definition/builder/DefaultTypeBuilder.java",
              "stats": {
                "number_of_src_entities": 4,
                "number_of_dst_entities": -1,
                "src_entity_types": "[org.apache.dubbo.metadata.definition.model.TypeDefinition]",
                "dst_entity_types": "[]"
              }
            }
          ]
        }
      ]
    },
    {
      "revision": "7580232b4a1f2a487965ba2b9ba6594e1f5e3a46",
      "repairability": [
        {
          "tool-name": "Elixir",
          "pattern-name": "Elixir:update_type_ref",
          "Unified_Diff_of-files:": "Starts Below...",
          "INSERT:": "    @Override",
          "instance_detail": [
            {
              "pattern_action": "UPD",
              "pattern_entity": {
                "entity_type": "TypeReference",
                "entity_new value": "*",
                "entity_role": "*",
                "entity_parent": "null"
              },
              "concrete_change": {
                "operator": "UPD",
                "src_type": "TypeReference",
                "dst_type": "TypeReference",
                "src": "void",
                "dst": "org.apache.dubbo.metadata.definition.model.TypeDefinition",
                "src_parent_type": "Method",
                "dst_parent_type": "Method",
                "src_parent": "@java.lang.Override\npublic void build(javax.annotation.processing.ProcessingEnvironment processingEnv, javax.lang.model.type.DeclaredType type, org.apache.dubbo.metadata.definition.model.TypeDefinition typeDefinition) {\n    type.getTypeArguments().stream().map(( typeArgument) -\u003e org.apache.dubbo.metadata.annotation.processing.builder.TypeDefinitionBuilder.build(processingEnv, typeArgument)).filter(java.util.Objects::nonNull).forEach(typeDefinition.getItems()::add);\n}",
                "dst_parent": "@java.lang.Override\npublic org.apache.dubbo.metadata.definition.model.TypeDefinition build(javax.annotation.processing.ProcessingEnvironment processingEnv, javax.lang.model.type.DeclaredType type, java.util.Map\u003cjava.lang.String, org.apache.dubbo.metadata.definition.model.TypeDefinition\u003e typeCache) {\n    java.lang.String typeName \u003d type.toString();\n    org.apache.dubbo.metadata.definition.model.TypeDefinition typeDefinition \u003d new org.apache.dubbo.metadata.definition.model.TypeDefinition(typeName);\n    type.getTypeArguments().stream().map(( typeArgument) -\u003e org.apache.dubbo.metadata.annotation.processing.builder.TypeDefinitionBuilder.build(processingEnv, typeArgument, typeCache)).filter(java.util.Objects::nonNull).map(TypeDefinition::getType).forEach(typeDefinition.getItems()::add);\n    return typeDefinition;\n}"
              },
              "line": 48,
              "file": "/home/khesoem/projects/lighter/exp/dubbo-metadata/dubbo-metadata-processor/src/main/java/org/apache/dubbo/metadata/annotation/processing/builder/CollectionTypeDefinitionBuilder.java",
              "stats": {
                "number_of_src_entities": 1,
                "number_of_dst_entities": 2,
                "src_entity_types": "[void]",
                "dst_entity_types": "[org.apache.dubbo.metadata.definition.model.TypeDefinition]"
              }
            }
          ]
        },
        {
          "tool-name": "Elixir",
          "pattern-name": "Elixir:update_type_ref",
          "Unified_Diff_of-files:": "Starts Below...",
          "INSERT:": "    @Override",
          "instance_detail": [
            {
              "pattern_action": "UPD",
              "pattern_entity": {
                "entity_type": "TypeReference",
                "entity_new value": "*",
                "entity_role": "*",
                "entity_parent": "null"
              },
              "concrete_change": {
                "operator": "UPD",
                "src_type": "TypeReference",
                "dst_type": "TypeReference",
                "src": "org.apache.dubbo.metadata.definition.model.TypeDefinition",
                "dst": "java.util.Map\u003cjava.lang.String, org.apache.dubbo.metadata.definition.model.TypeDefinition\u003e",
                "src_parent_type": "ParameterReference",
                "dst_parent_type": "Parameter",
                "src_parent": "typeDefinition",
                "dst_parent": "java.util.Map\u003cjava.lang.String, org.apache.dubbo.metadata.definition.model.TypeDefinition\u003e typeCache"
              },
              "line": 48,
              "file": "/home/khesoem/projects/lighter/exp/dubbo-metadata/dubbo-metadata-processor/src/main/java/org/apache/dubbo/metadata/annotation/processing/builder/CollectionTypeDefinitionBuilder.java",
              "stats": {
                "number_of_src_entities": 2,
                "number_of_dst_entities": 6,
                "src_entity_types": "[org.apache.dubbo.metadata.definition.model.TypeDefinition]",
                "dst_entity_types": "[java.lang.String, java.util.Map\u003cjava.lang.String, org.apache.dubbo.metadata.definition.model.TypeDefinition\u003e, org.apache.dubbo.metadata.definition.model.TypeDefinition]"
              }
            }
          ]
        }
      ]
    },
    {
      "revision": "7580232b4a1f2a487965ba2b9ba6594e1f5e3a46",
      "repairability": [
        {
          "tool-name": "Elixir",
          "pattern-name": "Elixir:update_return_deep",
          "Unified_Diff_of-files:": "Starts Below...",
          "INSERT:": "    @Override",
          "instance_detail": [
            {
              "pattern_action": "ANY",
              "pattern_entity": {
                "entity_type": "*",
                "entity_new value": "*",
                "entity_role": "*",
                "entity_parent": {
                  "entity_type": "Return",
                  "entity_new value": "*",
                  "entity_role": "*",
                  "entity_parent": "null"
                }
              },
              "concrete_change": {
                "operator": "INS",
                "src_type": "VariableRead",
                "dst_type": "null",
                "src": "typeCache",
                "dst": "null",
                "src_parent_type": "Invocation",
                "dst_parent_type": "null",
                "src_parent": "org.apache.dubbo.metadata.annotation.processing.builder.TypeDefinitionBuilder.build(processingEnv, element, typeCache)",
                "dst_parent": "null"
              },
              "line": 51,
              "file": "/home/khesoem/projects/lighter/exp/dubbo-metadata/dubbo-metadata-processor/src/main/java/org/apache/dubbo/metadata/annotation/processing/builder/MethodDefinitionBuilder.java",
              "stats": {
                "number_of_src_entities": 8,
                "number_of_dst_entities": -1,
                "src_entity_types": "[java.lang.String, java.util.Map\u003cjava.lang.String, org.apache.dubbo.metadata.definition.model.TypeDefinition\u003e, org.apache.dubbo.metadata.definition.model.TypeDefinition]",
                "dst_entity_types": "[]"
              }
            }
          ]
        }
      ]
    },
    {
      "revision": "7580232b4a1f2a487965ba2b9ba6594e1f5e3a46",
      "repairability": [
        {
          "tool-name": "Elixir",
          "pattern-name": "Elixir:update_type_ref",
          "Unified_Diff_of-files:": "Starts Below...",
          "INSERT:": "    @Override",
          "instance_detail": [
            {
              "pattern_action": "UPD",
              "pattern_entity": {
                "entity_type": "TypeReference",
                "entity_new value": "*",
                "entity_role": "*",
                "entity_parent": "null"
              },
              "concrete_change": {
                "operator": "UPD",
                "src_type": "TypeReference",
                "dst_type": "TypeReference",
                "src": "void",
                "dst": "org.apache.dubbo.metadata.definition.model.TypeDefinition",
                "src_parent_type": "Method",
                "dst_parent_type": "Method",
                "src_parent": "@java.lang.Override\npublic void build(javax.annotation.processing.ProcessingEnvironment processingEnv, javax.lang.model.type.DeclaredType type, org.apache.dubbo.metadata.definition.model.TypeDefinition typeDefinition) {\n    java.lang.String typeName \u003d type.toString();\n    javax.lang.model.element.TypeElement typeElement \u003d getType(processingEnv, typeName);\n    buildProperties(processingEnv, typeElement, typeDefinition);\n}",
                "dst_parent": "@java.lang.Override\npublic org.apache.dubbo.metadata.definition.model.TypeDefinition build(javax.annotation.processing.ProcessingEnvironment processingEnv, javax.lang.model.type.DeclaredType type, java.util.Map\u003cjava.lang.String, org.apache.dubbo.metadata.definition.model.TypeDefinition\u003e typeCache) {\n    java.lang.String typeName \u003d type.toString();\n    javax.lang.model.element.TypeElement typeElement \u003d getType(processingEnv, typeName);\n    return buildProperties(processingEnv, typeElement, typeCache);\n}"
              },
              "line": 42,
              "file": "/home/khesoem/projects/lighter/exp/dubbo-metadata/dubbo-metadata-processor/src/main/java/org/apache/dubbo/metadata/annotation/processing/builder/GeneralTypeDefinitionBuilder.java",
              "stats": {
                "number_of_src_entities": 1,
                "number_of_dst_entities": 2,
                "src_entity_types": "[void]",
                "dst_entity_types": "[org.apache.dubbo.metadata.definition.model.TypeDefinition]"
              }
            }
          ]
        },
        {
          "tool-name": "Elixir",
          "pattern-name": "Elixir:update_type_ref",
          "Unified_Diff_of-files:": "Starts Below...",
          "INSERT:": "    @Override",
          "instance_detail": [
            {
              "pattern_action": "UPD",
              "pattern_entity": {
                "entity_type": "TypeReference",
                "entity_new value": "*",
                "entity_role": "*",
                "entity_parent": "null"
              },
              "concrete_change": {
                "operator": "UPD",
                "src_type": "TypeReference",
                "dst_type": "TypeReference",
                "src": "void",
                "dst": "org.apache.dubbo.metadata.definition.model.TypeDefinition",
                "src_parent_type": "Method",
                "dst_parent_type": "Method",
                "src_parent": "protected void buildProperties(javax.annotation.processing.ProcessingEnvironment processingEnv, javax.lang.model.element.TypeElement type, org.apache.dubbo.metadata.definition.model.TypeDefinition definition) {\n    getNonStaticFields(type).forEach(( field) -\u003e {\n        java.lang.String fieldName \u003d field.getSimpleName().toString();\n        org.apache.dubbo.metadata.definition.model.TypeDefinition propertyType \u003d org.apache.dubbo.metadata.annotation.processing.builder.TypeDefinitionBuilder.build(processingEnv, field);\n        if (propertyType !\u003d null) {\n            definition.getProperties().put(fieldName, propertyType);\n        }\n    });\n}",
                "dst_parent": "protected org.apache.dubbo.metadata.definition.model.TypeDefinition buildProperties(javax.annotation.processing.ProcessingEnvironment processingEnv, javax.lang.model.element.TypeElement type, java.util.Map\u003cjava.lang.String, org.apache.dubbo.metadata.definition.model.TypeDefinition\u003e typeCache) {\n    org.apache.dubbo.metadata.definition.model.TypeDefinition definition \u003d new org.apache.dubbo.metadata.definition.model.TypeDefinition(type.toString());\n    getNonStaticFields(type).forEach(( field) -\u003e {\n        java.lang.String fieldName \u003d field.getSimpleName().toString();\n        org.apache.dubbo.metadata.definition.model.TypeDefinition propertyType \u003d org.apache.dubbo.metadata.annotation.processing.builder.TypeDefinitionBuilder.build(processingEnv, field, typeCache);\n        if (propertyType !\u003d null) {\n            typeCache.put(propertyType.getType(), propertyType);\n            definition.getProperties().put(fieldName, propertyType.getType());\n        }\n    });\n    return definition;\n}"
              },
              "line": 51,
              "file": "/home/khesoem/projects/lighter/exp/dubbo-metadata/dubbo-metadata-processor/src/main/java/org/apache/dubbo/metadata/annotation/processing/builder/GeneralTypeDefinitionBuilder.java",
              "stats": {
                "number_of_src_entities": 1,
                "number_of_dst_entities": 2,
                "src_entity_types": "[void]",
                "dst_entity_types": "[org.apache.dubbo.metadata.definition.model.TypeDefinition]"
              }
            }
          ]
        },
        {
          "tool-name": "Elixir",
          "pattern-name": "Elixir:update_type_ref",
          "Unified_Diff_of-files:": "Starts Below...",
          "INSERT:": "    @Override",
          "instance_detail": [
            {
              "pattern_action": "UPD",
              "pattern_entity": {
                "entity_type": "TypeReference",
                "entity_new value": "*",
                "entity_role": "*",
                "entity_parent": "null"
              },
              "concrete_change": {
                "operator": "UPD",
                "src_type": "TypeReference",
                "dst_type": "TypeReference",
                "src": "org.apache.dubbo.metadata.definition.model.TypeDefinition",
                "dst": "java.util.Map\u003cjava.lang.String, org.apache.dubbo.metadata.definition.model.TypeDefinition\u003e",
                "src_parent_type": "ParameterReference",
                "dst_parent_type": "Parameter",
                "src_parent": "typeDefinition",
                "dst_parent": "java.util.Map\u003cjava.lang.String, org.apache.dubbo.metadata.definition.model.TypeDefinition\u003e typeCache"
              },
              "line": 42,
              "file": "/home/khesoem/projects/lighter/exp/dubbo-metadata/dubbo-metadata-processor/src/main/java/org/apache/dubbo/metadata/annotation/processing/builder/GeneralTypeDefinitionBuilder.java",
              "stats": {
                "number_of_src_entities": 2,
                "number_of_dst_entities": 6,
                "src_entity_types": "[org.apache.dubbo.metadata.definition.model.TypeDefinition]",
                "dst_entity_types": "[java.lang.String, java.util.Map\u003cjava.lang.String, org.apache.dubbo.metadata.definition.model.TypeDefinition\u003e, org.apache.dubbo.metadata.definition.model.TypeDefinition]"
              }
            }
          ]
        }
      ]
    },
    {
      "revision": "7580232b4a1f2a487965ba2b9ba6594e1f5e3a46",
      "repairability": [
        {
          "tool-name": "Elixir",
          "pattern-name": "Elixir:update_invocation_deep",
          "Unified_Diff_of-files:": "Starts Below...",
          "INSERT:": "    @Override",
          "instance_detail": [
            {
              "pattern_action": "ANY",
              "pattern_entity": {
                "entity_type": "*",
                "entity_new value": "*",
                "entity_role": "*",
                "entity_parent": {
                  "entity_type": "AbstractInvocation",
                  "entity_new value": "*",
                  "entity_role": "*",
                  "entity_parent": "null"
                }
              },
              "concrete_change": {
                "operator": "UPD",
                "src_type": "VariableRead",
                "dst_type": "VariableRead",
                "src": "typeDefinition",
                "dst": "td",
                "src_parent_type": "Invocation",
                "dst_parent_type": "Invocation",
                "src_parent": "typeDefinition.setProperties(properties)",
                "dst_parent": "td.setProperties(properties)"
              },
              "line": 124,
              "file": "/home/khesoem/projects/lighter/exp/dubbo-metadata/dubbo-metadata-definition-protobuf/src/main/java/org/apache/dubbo/metadata/definition/protobuf/ProtobufTypeBuilder.java",
              "stats": {
                "number_of_src_entities": 4,
                "number_of_dst_entities": 4,
                "src_entity_types": "[org.apache.dubbo.metadata.definition.model.TypeDefinition]",
                "dst_entity_types": "[org.apache.dubbo.metadata.definition.model.TypeDefinition]"
              }
            }
          ]
        },
        {
          "tool-name": "Elixir",
          "pattern-name": "Elixir:update_return_deep",
          "Unified_Diff_of-files:": "Starts Below...",
          "INSERT:": "    @Override",
          "instance_detail": [
            {
              "pattern_action": "ANY",
              "pattern_entity": {
                "entity_type": "*",
                "entity_new value": "*",
                "entity_role": "*",
                "entity_parent": {
                  "entity_type": "Return",
                  "entity_new value": "*",
                  "entity_role": "*",
                  "entity_parent": "null"
                }
              },
              "concrete_change": {
                "operator": "UPD",
                "src_type": "VariableRead",
                "dst_type": "VariableRead",
                "src": "typeDefinition",
                "dst": "td",
                "src_parent_type": "Return",
                "dst_parent_type": "Return",
                "src_parent": "return typeDefinition",
                "dst_parent": "return td"
              },
              "line": 126,
              "file": "/home/khesoem/projects/lighter/exp/dubbo-metadata/dubbo-metadata-definition-protobuf/src/main/java/org/apache/dubbo/metadata/definition/protobuf/ProtobufTypeBuilder.java",
              "stats": {
                "number_of_src_entities": 4,
                "number_of_dst_entities": 4,
                "src_entity_types": "[org.apache.dubbo.metadata.definition.model.TypeDefinition]",
                "dst_entity_types": "[org.apache.dubbo.metadata.definition.model.TypeDefinition]"
              }
            }
          ]
        },
        {
          "tool-name": "Elixir",
          "pattern-name": "Elixir:update_return_deep",
          "Unified_Diff_of-files:": "Starts Below...",
          "INSERT:": "    @Override",
          "instance_detail": [
            {
              "pattern_action": "ANY",
              "pattern_entity": {
                "entity_type": "*",
                "entity_new value": "*",
                "entity_role": "*",
                "entity_parent": {
                  "entity_type": "Return",
                  "entity_new value": "*",
                  "entity_role": "*",
                  "entity_parent": "null"
                }
              },
              "concrete_change": {
                "operator": "UPD",
                "src_type": "VariableRead",
                "dst_type": "VariableRead",
                "src": "typeDefinition",
                "dst": "td",
                "src_parent_type": "Return",
                "dst_parent_type": "Return",
                "src_parent": "return typeDefinition",
                "dst_parent": "return td"
              },
              "line": 88,
              "file": "/home/khesoem/projects/lighter/exp/dubbo-metadata/dubbo-metadata-definition-protobuf/src/main/java/org/apache/dubbo/metadata/definition/protobuf/ProtobufTypeBuilder.java",
              "stats": {
                "number_of_src_entities": 4,
                "number_of_dst_entities": 4,
                "src_entity_types": "[org.apache.dubbo.metadata.definition.model.TypeDefinition]",
                "dst_entity_types": "[org.apache.dubbo.metadata.definition.model.TypeDefinition]"
              }
            }
          ]
        }
      ]
    },
    {
      "revision": "7580232b4a1f2a487965ba2b9ba6594e1f5e3a46",
      "repairability": [
        {
          "tool-name": "Elixir",
          "pattern-name": "Elixir:update_type_ref",
          "Unified_Diff_of-files:": "Starts Below...",
          "INSERT:": "    @Override",
          "instance_detail": [
            {
              "pattern_action": "UPD",
              "pattern_entity": {
                "entity_type": "TypeReference",
                "entity_new value": "*",
                "entity_role": "*",
                "entity_parent": "null"
              },
              "concrete_change": {
                "operator": "UPD",
                "src_type": "TypeReference",
                "dst_type": "TypeReference",
                "src": "void",
                "dst": "org.apache.dubbo.metadata.definition.model.TypeDefinition",
                "src_parent_type": "Method",
                "dst_parent_type": "Method",
                "src_parent": "@java.lang.Override\npublic void build(javax.annotation.processing.ProcessingEnvironment processingEnv, javax.lang.model.type.DeclaredType type, org.apache.dubbo.metadata.definition.model.TypeDefinition typeDefinition) {\n    getDeclaredFields(type, FieldUtils::isEnumMemberField).stream().map(javax.lang.model.element.Element::getSimpleName).map(javax.lang.model.element.Name::toString).forEach(typeDefinition.getEnums()::add);\n}",
                "dst_parent": "@java.lang.Override\npublic org.apache.dubbo.metadata.definition.model.TypeDefinition build(javax.annotation.processing.ProcessingEnvironment processingEnv, javax.lang.model.type.DeclaredType type, java.util.Map\u003cjava.lang.String, org.apache.dubbo.metadata.definition.model.TypeDefinition\u003e typeCache) {\n    org.apache.dubbo.metadata.definition.model.TypeDefinition typeDefinition \u003d new org.apache.dubbo.metadata.definition.model.TypeDefinition(type.toString());\n    getDeclaredFields(type, FieldUtils::isEnumMemberField).stream().map(javax.lang.model.element.Element::getSimpleName).map(javax.lang.model.element.Name::toString).forEach(typeDefinition.getEnums()::add);\n    return typeDefinition;\n}"
              },
              "line": 43,
              "file": "/home/khesoem/projects/lighter/exp/dubbo-metadata/dubbo-metadata-processor/src/main/java/org/apache/dubbo/metadata/annotation/processing/builder/EnumTypeDefinitionBuilder.java",
              "stats": {
                "number_of_src_entities": 1,
                "number_of_dst_entities": 2,
                "src_entity_types": "[void]",
                "dst_entity_types": "[org.apache.dubbo.metadata.definition.model.TypeDefinition]"
              }
            }
          ]
        },
        {
          "tool-name": "Elixir",
          "pattern-name": "Elixir:update_type_ref",
          "Unified_Diff_of-files:": "Starts Below...",
          "INSERT:": "    @Override",
          "instance_detail": [
            {
              "pattern_action": "UPD",
              "pattern_entity": {
                "entity_type": "TypeReference",
                "entity_new value": "*",
                "entity_role": "*",
                "entity_parent": "null"
              },
              "concrete_change": {
                "operator": "UPD",
                "src_type": "TypeReference",
                "dst_type": "TypeReference",
                "src": "org.apache.dubbo.metadata.definition.model.TypeDefinition",
                "dst": "java.util.Map\u003cjava.lang.String, org.apache.dubbo.metadata.definition.model.TypeDefinition\u003e",
                "src_parent_type": "Parameter",
                "dst_parent_type": "Parameter",
                "src_parent": "org.apache.dubbo.metadata.definition.model.TypeDefinition typeDefinition",
                "dst_parent": "java.util.Map\u003cjava.lang.String, org.apache.dubbo.metadata.definition.model.TypeDefinition\u003e typeCache"
              },
              "line": 43,
              "file": "/home/khesoem/projects/lighter/exp/dubbo-metadata/dubbo-metadata-processor/src/main/java/org/apache/dubbo/metadata/annotation/processing/builder/EnumTypeDefinitionBuilder.java",
              "stats": {
                "number_of_src_entities": 2,
                "number_of_dst_entities": 6,
                "src_entity_types": "[org.apache.dubbo.metadata.definition.model.TypeDefinition]",
                "dst_entity_types": "[java.lang.String, java.util.Map\u003cjava.lang.String, org.apache.dubbo.metadata.definition.model.TypeDefinition\u003e, org.apache.dubbo.metadata.definition.model.TypeDefinition]"
              }
            }
          ]
        }
      ]
    },
    {
      "revision": "7580232b4a1f2a487965ba2b9ba6594e1f5e3a46",
      "repairability": [
        {
          "tool-name": "Elixir",
          "pattern-name": "Elixir:if_null_check",
          "Unified_Diff_of-files:": "Starts Below...",
          "INSERT:": "    @Override",
          "instance_detail": [
            {
              "pattern_action": "MOV",
              "pattern_entity": {
                "entity_type": "Statement",
                "entity_new value": "*",
                "entity_role": "*",
                "entity_parent": "null"
              },
              "concrete_change": {
                "operator": "MOV",
                "src_type": "Invocation",
                "dst_type": "Invocation",
                "src": "typeDefinition.getItems()",
                "dst": "td.getItems()",
                "src_parent_type": "Invocation",
                "dst_parent_type": "Invocation",
                "src_parent": "typeDefinition.getItems().add(item)",
                "dst_parent": "td.getItems().add(item.getType())"
              },
              "line": 82,
              "file": "/home/khesoem/projects/lighter/exp/dubbo-metadata/dubbo-metadata-api/src/main/java/org/apache/dubbo/metadata/definition/builder/MapTypeBuilder.java",
              "stats": {
                "number_of_src_entities": 8,
                "number_of_dst_entities": 8,
                "src_entity_types": "[org.apache.dubbo.metadata.definition.model.TypeDefinition]",
                "dst_entity_types": "[org.apache.dubbo.metadata.definition.model.TypeDefinition]"
              }
            },
            {
              "pattern_action": "INS",
              "pattern_entity": {
                "entity_type": "*",
                "entity_new value": "null",
                "entity_role": "*",
                "entity_parent": {
                  "entity_type": "BinaryOperator",
                  "entity_new value": "*",
                  "entity_role": "condition",
                  "entity_parent": {
                    "entity_type": "If",
                    "entity_new value": "*",
                    "entity_role": "*",
                    "entity_parent": "null"
                  }
                }
              },
              "concrete_change": {
                "operator": "INS",
                "src_type": "Literal",
                "dst_type": "null",
                "src": "null",
                "dst": "null",
                "src_parent_type": "BinaryOperator",
                "dst_parent_type": "null",
                "src_parent": "item !\u003d null",
                "dst_parent": "null"
              },
              "line": 89,
              "file": "/home/khesoem/projects/lighter/exp/dubbo-metadata/dubbo-metadata-api/src/main/java/org/apache/dubbo/metadata/definition/builder/MapTypeBuilder.java"
            },
            {
              "pattern_action": "INS",
              "pattern_entity": {
                "entity_type": "If",
                "entity_new value": "*",
                "entity_role": "*",
                "entity_parent": "null"
              },
              "concrete_change": {
                "operator": "INS",
                "src_type": "If",
                "dst_type": "null",
                "src": "if (item !\u003d null) {\n    td.getItems().add(item.getType());\n}",
                "dst": "null",
                "src_parent_type": "Block",
                "dst_parent_type": "null",
                "src_parent": "{\n    java.lang.reflect.Type actualType \u003d actualTypeArgs[i];\n    org.apache.dubbo.metadata.definition.model.TypeDefinition item \u003d null;\n    java.lang.Class\u003c?\u003e rawType \u003d getRawClass(actualType);\n    if (isParameterizedType(actualType)) {\n        item \u003d org.apache.dubbo.metadata.definition.TypeDefinitionBuilder.build(actualType, rawType, typeCache);\n    } else\n        if (isClass(actualType)) {\n            item \u003d org.apache.dubbo.metadata.definition.TypeDefinitionBuilder.build(null, rawType, typeCache);\n        }\n\n    if (item !\u003d null) {\n        td.getItems().add(item.getType());\n    }\n}",
                "dst_parent": "null"
              },
              "line": 89,
              "file": "/home/khesoem/projects/lighter/exp/dubbo-metadata/dubbo-metadata-api/src/main/java/org/apache/dubbo/metadata/definition/builder/MapTypeBuilder.java",
              "stats": {
                "number_of_src_entities": 27,
                "number_of_dst_entities": -1,
                "src_entity_types": "[org.apache.dubbo.metadata.definition.model.TypeDefinition, \u003cnulltype\u003e]",
                "dst_entity_types": "[]"
              }
            }
          ]
        },
        {
          "tool-name": "Elixir",
          "pattern-name": "Elixir:check_length",
          "Unified_Diff_of-files:": "Starts Below...",
          "INSERT:": "    @Override",
          "instance_detail": [
            {
              "pattern_action": "INS",
              "pattern_entity": {
                "entity_type": "If",
                "entity_new value": "*",
                "entity_role": "*",
                "entity_parent": "null"
              },
              "concrete_change": {
                "operator": "INS",
                "src_type": "If",
                "dst_type": "null",
                "src": "if (item !\u003d null) {\n    td.getItems().add(item.getType());\n}",
                "dst": "null",
                "src_parent_type": "Block",
                "dst_parent_type": "null",
                "src_parent": "{\n    java.lang.reflect.Type actualType \u003d actualTypeArgs[i];\n    org.apache.dubbo.metadata.definition.model.TypeDefinition item \u003d null;\n    java.lang.Class\u003c?\u003e rawType \u003d getRawClass(actualType);\n    if (isParameterizedType(actualType)) {\n        item \u003d org.apache.dubbo.metadata.definition.TypeDefinitionBuilder.build(actualType, rawType, typeCache);\n    } else\n        if (isClass(actualType)) {\n            item \u003d org.apache.dubbo.metadata.definition.TypeDefinitionBuilder.build(null, rawType, typeCache);\n        }\n\n    if (item !\u003d null) {\n        td.getItems().add(item.getType());\n    }\n}",
                "dst_parent": "null"
              },
              "line": 89,
              "file": "/home/khesoem/projects/lighter/exp/dubbo-metadata/dubbo-metadata-api/src/main/java/org/apache/dubbo/metadata/definition/builder/MapTypeBuilder.java",
              "stats": {
                "number_of_src_entities": 27,
                "number_of_dst_entities": -1,
                "src_entity_types": "[org.apache.dubbo.metadata.definition.model.TypeDefinition, \u003cnulltype\u003e]",
                "dst_entity_types": "[]"
              }
            },
            {
              "pattern_action": "MOV",
              "pattern_entity": {
                "entity_type": "Statement",
                "entity_new value": "*",
                "entity_role": "*",
                "entity_parent": "null"
              },
              "concrete_change": {
                "operator": "MOV",
                "src_type": "Invocation",
                "dst_type": "Invocation",
                "src": "typeDefinition.getItems()",
                "dst": "td.getItems()",
                "src_parent_type": "Invocation",
                "dst_parent_type": "Invocation",
                "src_parent": "typeDefinition.getItems().add(item)",
                "dst_parent": "td.getItems().add(item.getType())"
              },
              "line": 82,
              "file": "/home/khesoem/projects/lighter/exp/dubbo-metadata/dubbo-metadata-api/src/main/java/org/apache/dubbo/metadata/definition/builder/MapTypeBuilder.java",
              "stats": {
                "number_of_src_entities": 8,
                "number_of_dst_entities": 8,
                "src_entity_types": "[org.apache.dubbo.metadata.definition.model.TypeDefinition]",
                "dst_entity_types": "[org.apache.dubbo.metadata.definition.model.TypeDefinition]"
              }
            }
          ]
        },
        {
          "tool-name": "Elixir",
          "pattern-name": "Elixir:update_invocation_deep",
          "Unified_Diff_of-files:": "Starts Below...",
          "INSERT:": "    @Override",
          "instance_detail": [
            {
              "pattern_action": "ANY",
              "pattern_entity": {
                "entity_type": "*",
                "entity_new value": "*",
                "entity_role": "*",
                "entity_parent": {
                  "entity_type": "AbstractInvocation",
                  "entity_new value": "*",
                  "entity_role": "*",
                  "entity_parent": "null"
                }
              },
              "concrete_change": {
                "operator": "UPD",
                "src_type": "VariableRead",
                "dst_type": "VariableRead",
                "src": "type",
                "dst": "mapType",
                "src_parent_type": "Invocation",
                "dst_parent_type": "Invocation",
                "src_parent": "type.toString()",
                "dst_parent": "replace(mapType, \", \", \",\")"
              },
              "line": 68,
              "file": "/home/khesoem/projects/lighter/exp/dubbo-metadata/dubbo-metadata-api/src/main/java/org/apache/dubbo/metadata/definition/builder/MapTypeBuilder.java",
              "stats": {
                "number_of_src_entities": 4,
                "number_of_dst_entities": 4,
                "src_entity_types": "[java.lang.reflect.Type]",
                "dst_entity_types": "[java.lang.String]"
              }
            }
          ]
        }
      ]
    },
    {
      "revision": "7580232b4a1f2a487965ba2b9ba6594e1f5e3a46",
      "repairability": [
        {
          "tool-name": "Elixir",
          "pattern-name": "Elixir:update_type_ref",
          "Unified_Diff_of-files:": "Starts Below...",
          "INSERT:": "    @Override",
          "instance_detail": [
            {
              "pattern_action": "UPD",
              "pattern_entity": {
                "entity_type": "TypeReference",
                "entity_new value": "*",
                "entity_role": "*",
                "entity_parent": "null"
              },
              "concrete_change": {
                "operator": "UPD",
                "src_type": "TypeReference",
                "dst_type": "TypeReference",
                "src": "void",
                "dst": "org.apache.dubbo.metadata.definition.model.TypeDefinition",
                "src_parent_type": "Method",
                "dst_parent_type": "Method",
                "src_parent": "@java.lang.Override\npublic void build(javax.annotation.processing.ProcessingEnvironment processingEnv, javax.lang.model.type.PrimitiveType type, org.apache.dubbo.metadata.definition.model.TypeDefinition typeDefinition) {\n}",
                "dst_parent": "@java.lang.Override\npublic org.apache.dubbo.metadata.definition.model.TypeDefinition build(javax.annotation.processing.ProcessingEnvironment processingEnv, javax.lang.model.type.PrimitiveType type, java.util.Map\u003cjava.lang.String, org.apache.dubbo.metadata.definition.model.TypeDefinition\u003e typeCache) {\n    org.apache.dubbo.metadata.definition.model.TypeDefinition typeDefinition \u003d new org.apache.dubbo.metadata.definition.model.TypeDefinition(type.toString());\n    return typeDefinition;\n}"
              },
              "line": 40,
              "file": "/home/khesoem/projects/lighter/exp/dubbo-metadata/dubbo-metadata-processor/src/main/java/org/apache/dubbo/metadata/annotation/processing/builder/PrimitiveTypeDefinitionBuilder.java",
              "stats": {
                "number_of_src_entities": 1,
                "number_of_dst_entities": 2,
                "src_entity_types": "[void]",
                "dst_entity_types": "[org.apache.dubbo.metadata.definition.model.TypeDefinition]"
              }
            }
          ]
        },
        {
          "tool-name": "Elixir",
          "pattern-name": "Elixir:update_type_ref",
          "Unified_Diff_of-files:": "Starts Below...",
          "INSERT:": "    @Override",
          "instance_detail": [
            {
              "pattern_action": "UPD",
              "pattern_entity": {
                "entity_type": "TypeReference",
                "entity_new value": "*",
                "entity_role": "*",
                "entity_parent": "null"
              },
              "concrete_change": {
                "operator": "UPD",
                "src_type": "TypeReference",
                "dst_type": "TypeReference",
                "src": "org.apache.dubbo.metadata.definition.model.TypeDefinition",
                "dst": "java.util.Map\u003cjava.lang.String, org.apache.dubbo.metadata.definition.model.TypeDefinition\u003e",
                "src_parent_type": "Parameter",
                "dst_parent_type": "Parameter",
                "src_parent": "org.apache.dubbo.metadata.definition.model.TypeDefinition typeDefinition",
                "dst_parent": "java.util.Map\u003cjava.lang.String, org.apache.dubbo.metadata.definition.model.TypeDefinition\u003e typeCache"
              },
              "line": 40,
              "file": "/home/khesoem/projects/lighter/exp/dubbo-metadata/dubbo-metadata-processor/src/main/java/org/apache/dubbo/metadata/annotation/processing/builder/PrimitiveTypeDefinitionBuilder.java",
              "stats": {
                "number_of_src_entities": 2,
                "number_of_dst_entities": 6,
                "src_entity_types": "[org.apache.dubbo.metadata.definition.model.TypeDefinition]",
                "dst_entity_types": "[java.lang.String, java.util.Map\u003cjava.lang.String, org.apache.dubbo.metadata.definition.model.TypeDefinition\u003e, org.apache.dubbo.metadata.definition.model.TypeDefinition]"
              }
            }
          ]
        }
      ]
    },
    {
      "revision": "7580232b4a1f2a487965ba2b9ba6594e1f5e3a46",
      "repairability": [
        {
          "tool-name": "Elixir",
          "pattern-name": "Elixir:update_return_deep",
          "Unified_Diff_of-files:": "Starts Below...",
          "INSERT:": "    @Override",
          "instance_detail": [
            {
              "pattern_action": "ANY",
              "pattern_entity": {
                "entity_type": "*",
                "entity_new value": "*",
                "entity_role": "*",
                "entity_parent": {
                  "entity_type": "Return",
                  "entity_new value": "*",
                  "entity_role": "*",
                  "entity_parent": "null"
                }
              },
              "concrete_change": {
                "operator": "INS",
                "src_type": "Literal",
                "dst_type": "null",
                "src": "null",
                "dst": "null",
                "src_parent_type": "Return",
                "dst_parent_type": "null",
                "src_parent": "return null",
                "dst_parent": "null"
              },
              "line": 65,
              "file": "/home/khesoem/projects/lighter/exp/dubbo-metadata/dubbo-metadata-api/src/main/java/org/apache/dubbo/metadata/definition/builder/EnumTypeBuilder.java",
              "stats": {
                "number_of_src_entities": 2,
                "number_of_dst_entities": -1,
                "src_entity_types": "[\u003cnulltype\u003e]",
                "dst_entity_types": "[]"
              }
            }
          ]
        }
      ]
    },
    {
      "revision": "7580232b4a1f2a487965ba2b9ba6594e1f5e3a46",
      "repairability": [
        {
          "tool-name": "Elixir",
          "pattern-name": "Elixir:update_type_ref",
          "Unified_Diff_of-files:": "Starts Below...",
          "INSERT:": "    @Override",
          "instance_detail": [
            {
              "pattern_action": "UPD",
              "pattern_entity": {
                "entity_type": "TypeReference",
                "entity_new value": "*",
                "entity_role": "*",
                "entity_parent": "null"
              },
              "concrete_change": {
                "operator": "UPD",
                "src_type": "TypeReference",
                "dst_type": "TypeReference",
                "src": "void",
                "dst": "org.apache.dubbo.metadata.definition.model.TypeDefinition",
                "src_parent_type": "Method",
                "dst_parent_type": "Method",
                "src_parent": "@java.lang.Override\npublic void build(javax.annotation.processing.ProcessingEnvironment processingEnv, javax.lang.model.type.DeclaredType type, org.apache.dubbo.metadata.definition.model.TypeDefinition typeDefinition) {\n}",
                "dst_parent": "@java.lang.Override\npublic org.apache.dubbo.metadata.definition.model.TypeDefinition build(javax.annotation.processing.ProcessingEnvironment processingEnv, javax.lang.model.type.DeclaredType type, java.util.Map\u003cjava.lang.String, org.apache.dubbo.metadata.definition.model.TypeDefinition\u003e typeCache) {\n    org.apache.dubbo.metadata.definition.model.TypeDefinition td \u003d new org.apache.dubbo.metadata.definition.model.TypeDefinition(type.toString());\n    return td;\n}"
              },
              "line": 41,
              "file": "/home/khesoem/projects/lighter/exp/dubbo-metadata/dubbo-metadata-processor/src/main/java/org/apache/dubbo/metadata/annotation/processing/builder/SimpleTypeDefinitionBuilder.java",
              "stats": {
                "number_of_src_entities": 1,
                "number_of_dst_entities": 2,
                "src_entity_types": "[void]",
                "dst_entity_types": "[org.apache.dubbo.metadata.definition.model.TypeDefinition]"
              }
            }
          ]
        },
        {
          "tool-name": "Elixir",
          "pattern-name": "Elixir:update_type_ref",
          "Unified_Diff_of-files:": "Starts Below...",
          "INSERT:": "    @Override",
          "instance_detail": [
            {
              "pattern_action": "UPD",
              "pattern_entity": {
                "entity_type": "TypeReference",
                "entity_new value": "*",
                "entity_role": "*",
                "entity_parent": "null"
              },
              "concrete_change": {
                "operator": "UPD",
                "src_type": "TypeReference",
                "dst_type": "TypeReference",
                "src": "org.apache.dubbo.metadata.definition.model.TypeDefinition",
                "dst": "java.util.Map\u003cjava.lang.String, org.apache.dubbo.metadata.definition.model.TypeDefinition\u003e",
                "src_parent_type": "Parameter",
                "dst_parent_type": "Parameter",
                "src_parent": "org.apache.dubbo.metadata.definition.model.TypeDefinition typeDefinition",
                "dst_parent": "java.util.Map\u003cjava.lang.String, org.apache.dubbo.metadata.definition.model.TypeDefinition\u003e typeCache"
              },
              "line": 41,
              "file": "/home/khesoem/projects/lighter/exp/dubbo-metadata/dubbo-metadata-processor/src/main/java/org/apache/dubbo/metadata/annotation/processing/builder/SimpleTypeDefinitionBuilder.java",
              "stats": {
                "number_of_src_entities": 2,
                "number_of_dst_entities": 6,
                "src_entity_types": "[org.apache.dubbo.metadata.definition.model.TypeDefinition]",
                "dst_entity_types": "[java.lang.String, java.util.Map\u003cjava.lang.String, org.apache.dubbo.metadata.definition.model.TypeDefinition\u003e, org.apache.dubbo.metadata.definition.model.TypeDefinition]"
              }
            }
          ]
        }
      ]
    },
    {
      "revision": "7580232b4a1f2a487965ba2b9ba6594e1f5e3a46",
      "repairability": [
        {
          "tool-name": "Elixir",
          "pattern-name": "Elixir:update_type_ref",
          "Unified_Diff_of-files:": "Starts Below...",
          "INSERT:": "    @Override",
          "instance_detail": [
            {
              "pattern_action": "UPD",
              "pattern_entity": {
                "entity_type": "TypeReference",
                "entity_new value": "*",
                "entity_role": "*",
                "entity_parent": "null"
              },
              "concrete_change": {
                "operator": "UPD",
                "src_type": "TypeReference",
                "dst_type": "TypeReference",
                "src": "void",
                "dst": "org.apache.dubbo.metadata.definition.model.TypeDefinition",
                "src_parent_type": "Method",
                "dst_parent_type": "Method",
                "src_parent": "@java.lang.Override\npublic void build(javax.annotation.processing.ProcessingEnvironment processingEnv, javax.lang.model.type.ArrayType type, org.apache.dubbo.metadata.definition.model.TypeDefinition typeDefinition) {\n    javax.lang.model.type.TypeMirror componentType \u003d type.getComponentType();\n    typeDefinition.getItems().add(org.apache.dubbo.metadata.annotation.processing.builder.TypeDefinitionBuilder.build(processingEnv, componentType));\n}",
                "dst_parent": "@java.lang.Override\npublic org.apache.dubbo.metadata.definition.model.TypeDefinition build(javax.annotation.processing.ProcessingEnvironment processingEnv, javax.lang.model.type.ArrayType type, java.util.Map\u003cjava.lang.String, org.apache.dubbo.metadata.definition.model.TypeDefinition\u003e typeCache) {\n    org.apache.dubbo.metadata.definition.model.TypeDefinition typeDefinition \u003d new org.apache.dubbo.metadata.definition.model.TypeDefinition(type.toString());\n    javax.lang.model.type.TypeMirror componentType \u003d type.getComponentType();\n    org.apache.dubbo.metadata.definition.model.TypeDefinition subTypeDefinition \u003d org.apache.dubbo.metadata.annotation.processing.builder.TypeDefinitionBuilder.build(processingEnv, componentType, typeCache);\n    typeDefinition.getItems().add(subTypeDefinition.getType());\n    return typeDefinition;\n}"
              },
              "line": 41,
              "file": "/home/khesoem/projects/lighter/exp/dubbo-metadata/dubbo-metadata-processor/src/main/java/org/apache/dubbo/metadata/annotation/processing/builder/ArrayTypeDefinitionBuilder.java",
              "stats": {
                "number_of_src_entities": 1,
                "number_of_dst_entities": 2,
                "src_entity_types": "[void]",
                "dst_entity_types": "[org.apache.dubbo.metadata.definition.model.TypeDefinition]"
              }
            }
          ]
        },
        {
          "tool-name": "Elixir",
          "pattern-name": "Elixir:update_type_ref",
          "Unified_Diff_of-files:": "Starts Below...",
          "INSERT:": "    @Override",
          "instance_detail": [
            {
              "pattern_action": "UPD",
              "pattern_entity": {
                "entity_type": "TypeReference",
                "entity_new value": "*",
                "entity_role": "*",
                "entity_parent": "null"
              },
              "concrete_change": {
                "operator": "UPD",
                "src_type": "TypeReference",
                "dst_type": "TypeReference",
                "src": "org.apache.dubbo.metadata.definition.model.TypeDefinition",
                "dst": "java.util.Map\u003cjava.lang.String, org.apache.dubbo.metadata.definition.model.TypeDefinition\u003e",
                "src_parent_type": "ParameterReference",
                "dst_parent_type": "Parameter",
                "src_parent": "typeDefinition",
                "dst_parent": "java.util.Map\u003cjava.lang.String, org.apache.dubbo.metadata.definition.model.TypeDefinition\u003e typeCache"
              },
              "line": 41,
              "file": "/home/khesoem/projects/lighter/exp/dubbo-metadata/dubbo-metadata-processor/src/main/java/org/apache/dubbo/metadata/annotation/processing/builder/ArrayTypeDefinitionBuilder.java",
              "stats": {
                "number_of_src_entities": 2,
                "number_of_dst_entities": 6,
                "src_entity_types": "[org.apache.dubbo.metadata.definition.model.TypeDefinition]",
                "dst_entity_types": "[java.lang.String, java.util.Map\u003cjava.lang.String, org.apache.dubbo.metadata.definition.model.TypeDefinition\u003e, org.apache.dubbo.metadata.definition.model.TypeDefinition]"
              }
            }
          ]
        }
      ]
    },
    {
      "revision": "7580232b4a1f2a487965ba2b9ba6594e1f5e3a46",
      "repairability": [
        {
          "tool-name": "Elixir",
          "pattern-name": "Elixir:update_type_ref",
          "Unified_Diff_of-files:": "Starts Below...",
          "INSERT:": "    @Override",
          "instance_detail": [
            {
              "pattern_action": "UPD",
              "pattern_entity": {
                "entity_type": "TypeReference",
                "entity_new value": "*",
                "entity_role": "*",
                "entity_parent": "null"
              },
              "concrete_change": {
                "operator": "UPD",
                "src_type": "TypeReference",
                "dst_type": "TypeReference",
                "src": "void",
                "dst": "org.apache.dubbo.metadata.definition.model.TypeDefinition",
                "src_parent_type": "Method",
                "dst_parent_type": "Method",
                "src_parent": "@java.lang.Override\npublic void build(javax.annotation.processing.ProcessingEnvironment processingEnv, javax.lang.model.type.DeclaredType type, org.apache.dubbo.metadata.definition.model.TypeDefinition typeDefinition) {\n    type.getTypeArguments().stream().map(( typeArgument) -\u003e org.apache.dubbo.metadata.annotation.processing.builder.TypeDefinitionBuilder.build(processingEnv, typeArgument)).filter(java.util.Objects::nonNull).forEach(typeDefinition.getItems()::add);\n}",
                "dst_parent": "@java.lang.Override\npublic org.apache.dubbo.metadata.definition.model.TypeDefinition build(javax.annotation.processing.ProcessingEnvironment processingEnv, javax.lang.model.type.DeclaredType type, java.util.Map\u003cjava.lang.String, org.apache.dubbo.metadata.definition.model.TypeDefinition\u003e typeCache) {\n    org.apache.dubbo.metadata.definition.model.TypeDefinition typeDefinition \u003d new org.apache.dubbo.metadata.definition.model.TypeDefinition(type.toString());\n    type.getTypeArguments().stream().map(( typeArgument) -\u003e org.apache.dubbo.metadata.annotation.processing.builder.TypeDefinitionBuilder.build(processingEnv, typeArgument, typeCache)).filter(java.util.Objects::nonNull).map(TypeDefinition::getType).forEach(typeDefinition.getItems()::add);\n    return typeDefinition;\n}"
              },
              "line": 48,
              "file": "/home/khesoem/projects/lighter/exp/dubbo-metadata/dubbo-metadata-processor/src/main/java/org/apache/dubbo/metadata/annotation/processing/builder/MapTypeDefinitionBuilder.java",
              "stats": {
                "number_of_src_entities": 1,
                "number_of_dst_entities": 2,
                "src_entity_types": "[void]",
                "dst_entity_types": "[org.apache.dubbo.metadata.definition.model.TypeDefinition]"
              }
            }
          ]
        },
        {
          "tool-name": "Elixir",
          "pattern-name": "Elixir:update_type_ref",
          "Unified_Diff_of-files:": "Starts Below...",
          "INSERT:": "    @Override",
          "instance_detail": [
            {
              "pattern_action": "UPD",
              "pattern_entity": {
                "entity_type": "TypeReference",
                "entity_new value": "*",
                "entity_role": "*",
                "entity_parent": "null"
              },
              "concrete_change": {
                "operator": "UPD",
                "src_type": "TypeReference",
                "dst_type": "TypeReference",
                "src": "org.apache.dubbo.metadata.definition.model.TypeDefinition",
                "dst": "java.util.Map\u003cjava.lang.String, org.apache.dubbo.metadata.definition.model.TypeDefinition\u003e",
                "src_parent_type": "ParameterReference",
                "dst_parent_type": "Parameter",
                "src_parent": "typeDefinition",
                "dst_parent": "java.util.Map\u003cjava.lang.String, org.apache.dubbo.metadata.definition.model.TypeDefinition\u003e typeCache"
              },
              "line": 48,
              "file": "/home/khesoem/projects/lighter/exp/dubbo-metadata/dubbo-metadata-processor/src/main/java/org/apache/dubbo/metadata/annotation/processing/builder/MapTypeDefinitionBuilder.java",
              "stats": {
                "number_of_src_entities": 2,
                "number_of_dst_entities": 6,
                "src_entity_types": "[org.apache.dubbo.metadata.definition.model.TypeDefinition]",
                "dst_entity_types": "[java.lang.String, java.util.Map\u003cjava.lang.String, org.apache.dubbo.metadata.definition.model.TypeDefinition\u003e, org.apache.dubbo.metadata.definition.model.TypeDefinition]"
              }
            }
          ]
        }
      ]
    }
  ],
  "complete_analysis": true
}