{
  "instances": [
    {
      "revision": "23f19ce19c77c1dc738da845149f45dc3213e8ef",
      "repairability": [
        {
          "tool-name": "Elixir",
          "pattern-name": "Elixir:update_invocation_deep",
          "Unified_Diff_of-files:": "Starts Below...",
          "DELETE:": "",
          "INSERT:": "",
          "CHANGE_old:": "                Constants.BIND_PORT_KEY, TIMESTAMP_KEY);",
          "CHANGE_new:": "",
          "instance_detail": [
            {
              "pattern_action": "ANY",
              "pattern_entity": {
                "entity_type": "*",
                "entity_new value": "*",
                "entity_role": "*",
                "entity_parent": {
                  "entity_type": "AbstractInvocation",
                  "entity_new value": "*",
                  "entity_role": "*",
                  "entity_parent": "null"
                }
              },
              "concrete_change": {
                "operator": "UPD",
                "src_type": "VariableRead",
                "dst_type": "VariableRead",
                "src": "providerUrl",
                "dst": "url",
                "src_parent_type": "Invocation",
                "dst_parent_type": "Invocation",
                "src_parent": "providerUrl.getServiceInterface()",
                "dst_parent": "url.getServiceInterface()"
              },
              "line": 206,
              "file": "/home/khesoem/projects/lighter/exp/dubbo-registry/dubbo-registry-api/src/main/java/org/apache/dubbo/registry/client/metadata/store/InMemoryWritableMetadataService.java",
              "stats": {
                "number_of_src_entities": 4,
                "number_of_dst_entities": 4,
                "src_entity_types": "[org.apache.dubbo.common.URL]",
                "dst_entity_types": "[org.apache.dubbo.common.URL]"
              }
            }
          ]
        },
        {
          "tool-name": "Elixir",
          "pattern-name": "Elixir:update_invocation_deep",
          "Unified_Diff_of-files:": "Starts Below...",
          "DELETE:": "",
          "INSERT:": "",
          "CHANGE_old:": "                Constants.BIND_PORT_KEY, TIMESTAMP_KEY);",
          "CHANGE_new:": "",
          "instance_detail": [
            {
              "pattern_action": "ANY",
              "pattern_entity": {
                "entity_type": "*",
                "entity_new value": "*",
                "entity_role": "*",
                "entity_parent": {
                  "entity_type": "AbstractInvocation",
                  "entity_new value": "*",
                  "entity_role": "*",
                  "entity_parent": "null"
                }
              },
              "concrete_change": {
                "operator": "UPD",
                "src_type": "VariableRead",
                "dst_type": "VariableRead",
                "src": "providerUrl",
                "dst": "url",
                "src_parent_type": "Invocation",
                "dst_parent_type": "Invocation",
                "src_parent": "(providerUrl.toFullString())",
                "dst_parent": "(url.toFullString())"
              },
              "line": 219,
              "file": "/home/khesoem/projects/lighter/exp/dubbo-registry/dubbo-registry-api/src/main/java/org/apache/dubbo/registry/client/metadata/store/InMemoryWritableMetadataService.java",
              "stats": {
                "number_of_src_entities": 4,
                "number_of_dst_entities": 4,
                "src_entity_types": "[org.apache.dubbo.common.URL]",
                "dst_entity_types": "[org.apache.dubbo.common.URL]"
              }
            }
          ]
        },
        {
          "tool-name": "Elixir",
          "pattern-name": "Elixir:update_invocation_deep",
          "Unified_Diff_of-files:": "Starts Below...",
          "DELETE:": "",
          "INSERT:": "",
          "CHANGE_old:": "                Constants.BIND_PORT_KEY, TIMESTAMP_KEY);",
          "CHANGE_new:": "",
          "instance_detail": [
            {
              "pattern_action": "ANY",
              "pattern_entity": {
                "entity_type": "*",
                "entity_new value": "*",
                "entity_role": "*",
                "entity_parent": {
                  "entity_type": "AbstractInvocation",
                  "entity_new value": "*",
                  "entity_role": "*",
                  "entity_parent": "null"
                }
              },
              "concrete_change": {
                "operator": "UPD",
                "src_type": "VariableRead",
                "dst_type": "VariableRead",
                "src": "providerUrl",
                "dst": "url",
                "src_parent_type": "Invocation",
                "dst_parent_type": "Invocation",
                "src_parent": "providerUrl.getServiceKey()",
                "dst_parent": "url.getServiceKey()"
              },
              "line": 213,
              "file": "/home/khesoem/projects/lighter/exp/dubbo-registry/dubbo-registry-api/src/main/java/org/apache/dubbo/registry/client/metadata/store/InMemoryWritableMetadataService.java",
              "stats": {
                "number_of_src_entities": 4,
                "number_of_dst_entities": 4,
                "src_entity_types": "[org.apache.dubbo.common.URL]",
                "dst_entity_types": "[org.apache.dubbo.common.URL]"
              }
            }
          ]
        },
        {
          "tool-name": "Elixir",
          "pattern-name": "Elixir:update_invocation_deep",
          "Unified_Diff_of-files:": "Starts Below...",
          "DELETE:": "",
          "INSERT:": "",
          "CHANGE_old:": "                Constants.BIND_PORT_KEY, TIMESTAMP_KEY);",
          "CHANGE_new:": "",
          "instance_detail": [
            {
              "pattern_action": "ANY",
              "pattern_entity": {
                "entity_type": "*",
                "entity_new value": "*",
                "entity_role": "*",
                "entity_parent": {
                  "entity_type": "AbstractInvocation",
                  "entity_new value": "*",
                  "entity_role": "*",
                  "entity_parent": "null"
                }
              },
              "concrete_change": {
                "operator": "UPD",
                "src_type": "VariableRead",
                "dst_type": "VariableRead",
                "src": "providerUrl",
                "dst": "url",
                "src_parent_type": "Invocation",
                "dst_parent_type": "Invocation",
                "src_parent": "(providerUrl.toFullString())",
                "dst_parent": "(url.toFullString())"
              },
              "line": 222,
              "file": "/home/khesoem/projects/lighter/exp/dubbo-registry/dubbo-registry-api/src/main/java/org/apache/dubbo/registry/client/metadata/store/InMemoryWritableMetadataService.java",
              "stats": {
                "number_of_src_entities": 4,
                "number_of_dst_entities": 4,
                "src_entity_types": "[org.apache.dubbo.common.URL]",
                "dst_entity_types": "[org.apache.dubbo.common.URL]"
              }
            }
          ]
        }
      ]
    }
  ],
  "complete_analysis": true
}