{
  "instances": [
    {
      "revision": "23e2f4d46f41297c9a0fd7c6dbf757cf41ff7423",
      "repairability": [
        {
          "tool-name": "Elixir",
          "pattern-name": "Elixir:update_invocation",
          "Unified_Diff_of-files:": "Starts Below...",
          "CHANGE_old:": "            return RegistryProtocol.getConfigedInvokerUrl(configurators, providerUrl);",
          "CHANGE_new:": "            return RegistryProtocol.getConfiguredInvokerUrl(configurators, providerUrl);",
          "instance_detail": [
            {
              "pattern_action": "UPD",
              "pattern_entity": {
                "entity_type": "AbstractInvocation",
                "entity_new value": "*",
                "entity_role": "*",
                "entity_parent": "null"
              },
              "concrete_change": {
                "operator": "UPD",
                "src_type": "ConstructorCall",
                "dst_type": "ConstructorCall",
                "src": "new java.util.HashMap\u003cjava.lang.String, java.lang.String\u003e(directory.getConsumerUrl().getParameters())",
                "dst": "new java.util.HashMap(directory.getConsumerUrl().getParameters())",
                "src_parent_type": "LocalVariable",
                "dst_parent_type": "LocalVariable",
                "src_parent": "java.util.Map\u003cjava.lang.String, java.lang.String\u003e parameters \u003d new java.util.HashMap\u003cjava.lang.String, java.lang.String\u003e(directory.getConsumerUrl().getParameters())",
                "dst_parent": "java.util.Map\u003cjava.lang.String, java.lang.String\u003e parameters \u003d new java.util.HashMap(directory.getConsumerUrl().getParameters())"
              },
              "line": 519,
              "file": "/home/khesoem/projects/lighter/exp/dubbo-registry/dubbo-registry-api/src/main/java/org/apache/dubbo/registry/integration/RegistryProtocol.java",
              "stats": {
                "number_of_src_entities": 28,
                "number_of_dst_entities": 18,
                "src_entity_types": "[org.apache.dubbo.registry.integration.DynamicDirectory\u003cT\u003e, java.util.HashMap]",
                "dst_entity_types": "[org.apache.dubbo.registry.integration.DynamicDirectory\u003cT\u003e, org.apache.dubbo.registry.integration.HashMap\u003c\u003e]"
              }
            }
          ]
        }
      ]
    }
  ],
  "complete_analysis": true
}