{
  "instances": [
    {
      "revision": "62f0902ef295f3802efe89bf68097bb0180cecf8",
      "repairability": [
        {
          "tool-name": "Elixir",
          "pattern-name": "Elixir:tight_be",
          "Unified_Diff_of-files:": "Starts Below...",
          "CHANGE_old:": "                if (rule.getTargetIps() !\u003d null \u0026\u0026 rule.getTargetIps().contains(consumerURL.getHost())) {",
          "CHANGE_new:": "                if (rule.getTargetIps() \u003d\u003d null || (rule.getTargetIps() !\u003d null \u0026\u0026 rule.getTargetIps().contains(consumerURL.getHost()))) {",
          "instance_detail": [
            {
              "pattern_action": "INS",
              "pattern_entity": {
                "entity_type": "BinaryOperator",
                "entity_new value": "*",
                "entity_role": "*",
                "entity_parent": {
                  "entity_type": "If",
                  "entity_new value": "*",
                  "entity_role": "*",
                  "entity_parent": "null"
                }
              },
              "concrete_change": {
                "operator": "INS",
                "src_type": "BinaryOperator",
                "dst_type": "null",
                "src": "((rule.getTargetIps()) \u003d\u003d null) || (((rule.getTargetIps()) !\u003d null) \u0026\u0026 (rule.getTargetIps().contains(consumerURL.getHost())))",
                "dst": "null",
                "src_parent_type": "If",
                "dst_parent_type": "null",
                "src_parent": "if (((rule.getTargetIps()) \u003d\u003d null) || (((rule.getTargetIps()) !\u003d null) \u0026\u0026 (rule.getTargetIps().contains(consumerURL.getHost())))) {\n    setMigrationRule(rule);\n    step \u003d rule.getStep(consumerURL.getServiceKey());\n    threshold \u003d rule.getThreshold(consumerURL.getServiceKey());\n} else {\n    org.apache.dubbo.registry.client.migration.MigrationRuleHandler.logger.info(((((\"Migration rule ignored, rule target ips \" + (rule.getTargetIps())) + \" and local ip \") + (consumerURL.getHost())) + \" do not match\"));\n}",
                "dst_parent": "null"
              },
              "line": 60,
              "file": "/home/khesoem/projects/lighter/exp/dubbo-registry/dubbo-registry-api/src/main/java/org/apache/dubbo/registry/client/migration/MigrationRuleHandler.java",
              "stats": {
                "number_of_src_entities": 74,
                "number_of_dst_entities": -1,
                "src_entity_types": "[org.apache.dubbo.common.URL, org.apache.dubbo.registry.client.migration.model.MigrationRule, \u003cnulltype\u003e, org.apache.dubbo.registry.client.migration.MigrationRuleHandler]",
                "dst_entity_types": "[]"
              }
            }
          ]
        }
      ]
    }
  ],
  "complete_analysis": true
}