{
  "instances": [
    {
      "revision": "6491ed01b7ba7cdcf2c26934ca806df3a89cf2a9",
      "repairability": [
        {
          "tool-name": "Elixir",
          "pattern-name": "Elixir:update_invocation",
          "Unified_Diff_of-files:": "Starts Below...",
          "CHANGE_old:": "                    notifyExecutor.execute(() -\u0026gt; listener.childChanged(path, new ArrayList\u0026lt;\u0026gt;(urls)));",
          "CHANGE_new:": "                    listener.childChanged(path, new ArrayList\u0026lt;\u0026gt;(urls));",
          "instance_detail": [
            {
              "pattern_action": "UPD",
              "pattern_entity": {
                "entity_type": "AbstractInvocation",
                "entity_new value": "*",
                "entity_role": "*",
                "entity_parent": "null"
              },
              "concrete_change": {
                "operator": "UPD",
                "src_type": "Invocation",
                "dst_type": "Invocation",
                "src": "org.apache.dubbo.common.URL.valueOf(entry.getKey())",
                "dst": "rawUrls.add(entry.getKey())",
                "src_parent_type": "LocalVariable",
                "dst_parent_type": "Block",
                "src_parent": "org.apache.dubbo.common.URL u \u003d org.apache.dubbo.common.URL.valueOf(entry.getKey())",
                "dst_parent": "{\n    rawUrls.add(entry.getKey());\n}"
              },
              "line": 444,
              "file": "/home/khesoem/projects/lighter/exp/dubbo-registry/dubbo-registry-redis/src/main/java/org/apache/dubbo/registry/redis/RedisRegistry.java",
              "stats": {
                "number_of_src_entities": 27,
                "number_of_dst_entities": 29,
                "src_entity_types": "[org.apache.dubbo.common.URL, java.util.Map.Entry\u003cjava.lang.String, java.lang.String\u003e, java.util.Map.Entry, java.lang.String, java.util.Map]",
                "dst_entity_types": "[java.util.Map.Entry\u003cjava.lang.String, java.lang.String\u003e, java.util.Map.Entry, java.lang.String, java.util.List\u003cjava.lang.String\u003e, java.util.List, java.util.Map]"
              }
            }
          ]
        },
        {
          "tool-name": "Elixir",
          "pattern-name": "Elixir:check_length",
          "Unified_Diff_of-files:": "Starts Below...",
          "CHANGE_old:": "                    notifyExecutor.execute(() -\u0026gt; listener.childChanged(path, new ArrayList\u0026lt;\u0026gt;(urls)));",
          "CHANGE_new:": "                    listener.childChanged(path, new ArrayList\u0026lt;\u0026gt;(urls));",
          "instance_detail": [
            {
              "pattern_action": "INS",
              "pattern_entity": {
                "entity_type": "If",
                "entity_new value": "*",
                "entity_role": "*",
                "entity_parent": "null"
              },
              "concrete_change": {
                "operator": "INS",
                "src_type": "If",
                "dst_type": "null",
                "src": "if ((java.lang.Long.parseLong(entry.getValue())) \u003e\u003d now) {\n    rawUrls.add(entry.getKey());\n}",
                "dst": "null",
                "src_parent_type": "Block",
                "dst_parent_type": "null",
                "src_parent": "{\n    if ((java.lang.Long.parseLong(entry.getValue())) \u003e\u003d now) {\n        rawUrls.add(entry.getKey());\n    }\n}",
                "dst_parent": "null"
              },
              "line": 442,
              "file": "/home/khesoem/projects/lighter/exp/dubbo-registry/dubbo-registry-redis/src/main/java/org/apache/dubbo/registry/redis/RedisRegistry.java",
              "stats": {
                "number_of_src_entities": 62,
                "number_of_dst_entities": -1,
                "src_entity_types": "[boolean, java.util.Map.Entry\u003cjava.lang.String, java.lang.String\u003e, java.util.Map.Entry, java.lang.String, java.lang.Long, java.util.List\u003cjava.lang.String\u003e, java.util.List, java.util.Map, long]",
                "dst_entity_types": "[]"
              }
            },
            {
              "pattern_action": "MOV",
              "pattern_entity": {
                "entity_type": "Statement",
                "entity_new value": "*",
                "entity_role": "*",
                "entity_parent": "null"
              },
              "concrete_change": {
                "operator": "MOV",
                "src_type": "Block",
                "dst_type": "Block",
                "src": "{\n    urls.add(u);\n}",
                "dst": "{\n    rawUrls.add(entry.getKey());\n}",
                "src_parent_type": "If",
                "dst_parent_type": "If",
                "src_parent": "if (org.apache.dubbo.common.utils.UrlUtils.isMatch(url, u)) {\n    urls.add(u);\n}",
                "dst_parent": "if ((java.lang.Long.parseLong(entry.getValue())) \u003e\u003d now) {\n    rawUrls.add(entry.getKey());\n}"
              },
              "line": 447,
              "file": "/home/khesoem/projects/lighter/exp/dubbo-registry/dubbo-registry-redis/src/main/java/org/apache/dubbo/registry/redis/RedisRegistry.java",
              "stats": {
                "number_of_src_entities": 19,
                "number_of_dst_entities": 30,
                "src_entity_types": "[org.apache.dubbo.common.URL, java.util.List\u003corg.apache.dubbo.common.URL\u003e]",
                "dst_entity_types": "[java.util.Map.Entry\u003cjava.lang.String, java.lang.String\u003e, java.util.Map.Entry, java.lang.String, java.util.List\u003cjava.lang.String\u003e, java.util.List, java.util.Map]"
              }
            }
          ]
        },
        {
          "tool-name": "Elixir",
          "pattern-name": "Elixir:check_length",
          "Unified_Diff_of-files:": "Starts Below...",
          "CHANGE_old:": "                    notifyExecutor.execute(() -\u0026gt; listener.childChanged(path, new ArrayList\u0026lt;\u0026gt;(urls)));",
          "CHANGE_new:": "                    listener.childChanged(path, new ArrayList\u0026lt;\u0026gt;(urls));",
          "instance_detail": [
            {
              "pattern_action": "INS",
              "pattern_entity": {
                "entity_type": "If",
                "entity_new value": "*",
                "entity_role": "*",
                "entity_parent": "null"
              },
              "concrete_change": {
                "operator": "INS",
                "src_type": "If",
                "dst_type": "null",
                "src": "if ((java.lang.Long.parseLong(entry.getValue())) \u003e\u003d now) {\n    rawUrls.add(entry.getKey());\n}",
                "dst": "null",
                "src_parent_type": "Block",
                "dst_parent_type": "null",
                "src_parent": "{\n    if ((java.lang.Long.parseLong(entry.getValue())) \u003e\u003d now) {\n        rawUrls.add(entry.getKey());\n    }\n}",
                "dst_parent": "null"
              },
              "line": 442,
              "file": "/home/khesoem/projects/lighter/exp/dubbo-registry/dubbo-registry-redis/src/main/java/org/apache/dubbo/registry/redis/RedisRegistry.java",
              "stats": {
                "number_of_src_entities": 62,
                "number_of_dst_entities": -1,
                "src_entity_types": "[boolean, java.util.Map.Entry\u003cjava.lang.String, java.lang.String\u003e, java.util.Map.Entry, java.lang.String, java.lang.Long, java.util.List\u003cjava.lang.String\u003e, java.util.List, java.util.Map, long]",
                "dst_entity_types": "[]"
              }
            },
            {
              "pattern_action": "MOV",
              "pattern_entity": {
                "entity_type": "Statement",
                "entity_new value": "*",
                "entity_role": "*",
                "entity_parent": "null"
              },
              "concrete_change": {
                "operator": "MOV",
                "src_type": "Invocation",
                "dst_type": "Invocation",
                "src": "org.apache.dubbo.common.URL.valueOf(entry.getKey())",
                "dst": "rawUrls.add(entry.getKey())",
                "src_parent_type": "LocalVariable",
                "dst_parent_type": "Block",
                "src_parent": "org.apache.dubbo.common.URL u \u003d org.apache.dubbo.common.URL.valueOf(entry.getKey())",
                "dst_parent": "{\n    rawUrls.add(entry.getKey());\n}"
              },
              "line": 444,
              "file": "/home/khesoem/projects/lighter/exp/dubbo-registry/dubbo-registry-redis/src/main/java/org/apache/dubbo/registry/redis/RedisRegistry.java"
            }
          ]
        }
      ]
    },
    {
      "revision": "6491ed01b7ba7cdcf2c26934ca806df3a89cf2a9",
      "repairability": [
        {
          "tool-name": "Elixir",
          "pattern-name": "Elixir:update_type_ref",
          "Unified_Diff_of-files:": "Starts Below...",
          "CHANGE_old:": "                    notifyExecutor.execute(() -\u0026gt; listener.childChanged(path, new ArrayList\u0026lt;\u0026gt;(urls)));",
          "CHANGE_new:": "                    listener.childChanged(path, new ArrayList\u0026lt;\u0026gt;(urls));",
          "instance_detail": [
            {
              "pattern_action": "UPD",
              "pattern_entity": {
                "entity_type": "TypeReference",
                "entity_new value": "*",
                "entity_role": "*",
                "entity_parent": "null"
              },
              "concrete_change": {
                "operator": "UPD",
                "src_type": "TypeReference",
                "dst_type": "TypeReference",
                "src": "org.apache.dubbo.registry.integration.RegistryDirectory\u003corg.apache.dubbo.registry.RegistryService\u003e",
                "dst": "org.apache.dubbo.common.URL",
                "src_parent_type": "LocalVariable",
                "dst_parent_type": "LocalVariable",
                "src_parent": "org.apache.dubbo.registry.integration.RegistryDirectory\u003corg.apache.dubbo.registry.RegistryService\u003e directory \u003d new org.apache.dubbo.registry.integration.RegistryDirectory(org.apache.dubbo.registry.RegistryService.class, url.addParameter(org.apache.dubbo.registry.dubbo.INTERFACE_KEY, org.apache.dubbo.registry.RegistryService.class.getName()).addParameterAndEncoded(org.apache.dubbo.registry.dubbo.REFER_KEY, url.toParameterString()))",
                "dst_parent": "org.apache.dubbo.common.URL registryUrl \u003d url.addParameter(org.apache.dubbo.registry.dubbo.INTERFACE_KEY, org.apache.dubbo.registry.RegistryService.class.getName()).addParameterAndEncoded(org.apache.dubbo.registry.dubbo.REFER_KEY, url.toParameterString())"
              },
              "line": 107,
              "file": "/home/khesoem/projects/lighter/exp/dubbo-registry/dubbo-registry-default/src/main/java/org/apache/dubbo/registry/dubbo/DubboRegistryFactory.java",
              "stats": {
                "number_of_src_entities": 4,
                "number_of_dst_entities": 2,
                "src_entity_types": "[org.apache.dubbo.registry.integration.RegistryDirectory\u003corg.apache.dubbo.registry.RegistryService\u003e, org.apache.dubbo.registry.RegistryService]",
                "dst_entity_types": "[org.apache.dubbo.common.URL]"
              }
            }
          ]
        }
      ]
    },
    {
      "revision": "6491ed01b7ba7cdcf2c26934ca806df3a89cf2a9",
      "repairability": [
        {
          "tool-name": "Elixir",
          "pattern-name": "Elixir:update_type_ref",
          "Unified_Diff_of-files:": "Starts Below...",
          "CHANGE_old:": "                    notifyExecutor.execute(() -\u0026gt; listener.childChanged(path, new ArrayList\u0026lt;\u0026gt;(urls)));",
          "CHANGE_new:": "                    listener.childChanged(path, new ArrayList\u0026lt;\u0026gt;(urls));",
          "instance_detail": [
            {
              "pattern_action": "UPD",
              "pattern_entity": {
                "entity_type": "TypeReference",
                "entity_new value": "*",
                "entity_role": "*",
                "entity_parent": "null"
              },
              "concrete_change": {
                "operator": "UPD",
                "src_type": "TypeReference",
                "dst_type": "TypeReference",
                "src": "List\u003ccom.alibaba.nacos.api.naming.pojo.Instance\u003e",
                "dst": "java.util.List\u003ccom.alibaba.nacos.api.naming.pojo.Instance\u003e",
                "src_parent_type": "LocalVariable",
                "dst_parent_type": "LocalVariable",
                "src_parent": "List\u003ccom.alibaba.nacos.api.naming.pojo.Instance\u003e instances \u003d e.getInstances()",
                "dst_parent": "java.util.List\u003ccom.alibaba.nacos.api.naming.pojo.Instance\u003e instances \u003d ((java.util.List\u003ccom.alibaba.nacos.api.naming.pojo.Instance\u003e) (rawAddresses))"
              },
              "line": 495,
              "file": "/home/khesoem/projects/lighter/exp/dubbo-registry/dubbo-registry-nacos/src/main/java/org/apache/dubbo/registry/nacos/NacosRegistry.java",
              "stats": {
                "number_of_src_entities": 4,
                "number_of_dst_entities": 4,
                "src_entity_types": "[com.alibaba.nacos.api.naming.pojo.Instance, List\u003ccom.alibaba.nacos.api.naming.pojo.Instance\u003e]",
                "dst_entity_types": "[com.alibaba.nacos.api.naming.pojo.Instance, java.util.List\u003ccom.alibaba.nacos.api.naming.pojo.Instance\u003e]"
              }
            }
          ]
        }
      ]
    },
    {
      "revision": "6491ed01b7ba7cdcf2c26934ca806df3a89cf2a9",
      "repairability": [
        {
          "tool-name": "Elixir",
          "pattern-name": "Elixir:update_type_ref",
          "Unified_Diff_of-files:": "Starts Below...",
          "CHANGE_old:": "                    notifyExecutor.execute(() -\u0026gt; listener.childChanged(path, new ArrayList\u0026lt;\u0026gt;(urls)));",
          "CHANGE_new:": "                    listener.childChanged(path, new ArrayList\u0026lt;\u0026gt;(urls));",
          "instance_detail": [
            {
              "pattern_action": "UPD",
              "pattern_entity": {
                "entity_type": "TypeReference",
                "entity_new value": "*",
                "entity_role": "*",
                "entity_parent": "null"
              },
              "concrete_change": {
                "operator": "UPD",
                "src_type": "TypeReference",
                "dst_type": "TypeReference",
                "src": "org.apache.dubbo.monitor.Monitor",
                "dst": "org.apache.dubbo.common.URL",
                "src_parent_type": "Method",
                "dst_parent_type": "Method",
                "src_parent": "@java.lang.Override\nprotected org.apache.dubbo.monitor.Monitor createMonitor(org.apache.dubbo.common.URL url) {\n    org.apache.dubbo.common.URLBuilder urlBuilder \u003d org.apache.dubbo.common.URLBuilder.from(url);\n    urlBuilder.setProtocol(url.getParameter(org.apache.dubbo.monitor.dubbo.PROTOCOL_KEY, org.apache.dubbo.monitor.dubbo.DUBBO_PROTOCOL));\n    if (org.apache.dubbo.common.utils.StringUtils.isEmpty(url.getPath())) {\n        urlBuilder.setPath(org.apache.dubbo.monitor.MonitorService.class.getName());\n    }\n    java.lang.String filter \u003d url.getParameter(org.apache.dubbo.monitor.dubbo.REFERENCE_FILTER_KEY);\n    if (org.apache.dubbo.common.utils.StringUtils.isEmpty(filter)) {\n        filter \u003d \"\";\n    } else {\n        filter \u003d filter + \",\";\n    }\n    urlBuilder.addParameters(org.apache.dubbo.monitor.dubbo.CHECK_KEY, java.lang.String.valueOf(false), org.apache.dubbo.monitor.dubbo.REFERENCE_FILTER_KEY, (filter + \"-monitor\"));\n    org.apache.dubbo.rpc.Invoker\u003corg.apache.dubbo.monitor.MonitorService\u003e monitorInvoker \u003d protocol.refer(org.apache.dubbo.monitor.MonitorService.class, urlBuilder.build());\n    org.apache.dubbo.monitor.MonitorService monitorService \u003d proxyFactory.getProxy(monitorInvoker);\n    return new org.apache.dubbo.monitor.dubbo.DubboMonitor(monitorInvoker, monitorService);\n}",
                "dst_parent": "private org.apache.dubbo.common.URL buildMonitorURL(org.apache.dubbo.common.URL url) {\n    org.apache.dubbo.common.URLBuilder urlBuilder \u003d org.apache.dubbo.common.URLBuilder.from(url);\n    urlBuilder.setProtocol(url.getParameter(org.apache.dubbo.monitor.dubbo.PROTOCOL_KEY, org.apache.dubbo.monitor.dubbo.DUBBO_PROTOCOL));\n    if (org.apache.dubbo.common.utils.StringUtils.isEmpty(url.getPath())) {\n        urlBuilder.setPath(org.apache.dubbo.monitor.MonitorService.class.getName());\n    }\n    java.lang.String filter \u003d url.getParameter(org.apache.dubbo.monitor.dubbo.REFERENCE_FILTER_KEY);\n    if (org.apache.dubbo.common.utils.StringUtils.isEmpty(filter)) {\n        filter \u003d \"\";\n    } else {\n        filter \u003d filter + \",\";\n    }\n    urlBuilder.addParameters(org.apache.dubbo.monitor.dubbo.CHECK_KEY, java.lang.String.valueOf(false), org.apache.dubbo.monitor.dubbo.REFERENCE_FILTER_KEY, (filter + \"-monitor\"));\n    return urlBuilder.build();\n}"
              },
              "line": 52,
              "file": "/home/khesoem/projects/lighter/exp/dubbo-monitor/dubbo-monitor-default/src/main/java/org/apache/dubbo/monitor/dubbo/DubboMonitorFactory.java",
              "stats": {
                "number_of_src_entities": 2,
                "number_of_dst_entities": 2,
                "src_entity_types": "[org.apache.dubbo.monitor.Monitor]",
                "dst_entity_types": "[org.apache.dubbo.common.URL]"
              }
            }
          ]
        }
      ]
    },
    {
      "revision": "6491ed01b7ba7cdcf2c26934ca806df3a89cf2a9",
      "repairability": [
        {
          "tool-name": "Elixir",
          "pattern-name": "Elixir:update_type_ref",
          "Unified_Diff_of-files:": "Starts Below...",
          "CHANGE_old:": "                    notifyExecutor.execute(() -\u0026gt; listener.childChanged(path, new ArrayList\u0026lt;\u0026gt;(urls)));",
          "CHANGE_new:": "                    listener.childChanged(path, new ArrayList\u0026lt;\u0026gt;(urls));",
          "instance_detail": [
            {
              "pattern_action": "UPD",
              "pattern_entity": {
                "entity_type": "TypeReference",
                "entity_new value": "*",
                "entity_role": "*",
                "entity_parent": "null"
              },
              "concrete_change": {
                "operator": "UPD",
                "src_type": "TypeReference",
                "dst_type": "TypeReference",
                "src": "java.util.List\u003corg.apache.dubbo.common.URL\u003e",
                "dst": "boolean",
                "src_parent_type": "Method",
                "dst_parent_type": "Method",
                "src_parent": "protected java.util.List\u003corg.apache.dubbo.common.URL\u003e toUrlsWithoutEmpty(org.apache.dubbo.common.URL consumer, java.util.List\u003cjava.lang.String\u003e providers) {\n    java.util.List\u003corg.apache.dubbo.common.URL\u003e urls \u003d new java.util.ArrayList\u003c\u003e();\n    if ((providers !\u003d null) \u0026\u0026 ((providers.size()) \u003e 0)) {\n        for (java.lang.String provider : providers) {\n            provider \u003d org.apache.dubbo.common.URL.decode(provider);\n            if (provider.contains(Constants.HTTP_SUBFIX_KEY)) {\n                org.apache.dubbo.common.URL url \u003d org.apache.dubbo.common.URL.valueOf(provider);\n                if (org.apache.dubbo.common.utils.UrlUtils.isMatch(consumer, url)) {\n                    urls.add(url);\n                }\n            }\n        }\n    }\n    return urls;\n}",
                "dst_parent": "@java.lang.Override\nprotected boolean isMatch(org.apache.dubbo.common.URL subscribeUrl, org.apache.dubbo.common.URL providerUrl) {\n    return org.apache.dubbo.common.utils.UrlUtils.isMatch(subscribeUrl, providerUrl);\n}"
              },
              "line": 333,
              "file": "/home/khesoem/projects/lighter/exp/dubbo-registry/dubbo-registry-etcd3/src/main/java/org/apache/dubbo/registry/etcd/EtcdRegistry.java",
              "stats": {
                "number_of_src_entities": 4,
                "number_of_dst_entities": 1,
                "src_entity_types": "[org.apache.dubbo.common.URL, java.util.List\u003corg.apache.dubbo.common.URL\u003e]",
                "dst_entity_types": "[boolean]"
              }
            }
          ]
        },
        {
          "tool-name": "Elixir",
          "pattern-name": "Elixir:update_type_ref",
          "Unified_Diff_of-files:": "Starts Below...",
          "CHANGE_old:": "                    notifyExecutor.execute(() -\u0026gt; listener.childChanged(path, new ArrayList\u0026lt;\u0026gt;(urls)));",
          "CHANGE_new:": "                    listener.childChanged(path, new ArrayList\u0026lt;\u0026gt;(urls));",
          "instance_detail": [
            {
              "pattern_action": "UPD",
              "pattern_entity": {
                "entity_type": "TypeReference",
                "entity_new value": "*",
                "entity_role": "*",
                "entity_parent": "null"
              },
              "concrete_change": {
                "operator": "UPD",
                "src_type": "TypeReference",
                "dst_type": "TypeReference",
                "src": "java.util.List\u003cjava.lang.String\u003e",
                "dst": "org.apache.dubbo.common.URL",
                "src_parent_type": "ParameterReference",
                "dst_parent_type": "Parameter",
                "src_parent": "providers",
                "dst_parent": "org.apache.dubbo.common.URL providerUrl"
              },
              "line": 333,
              "file": "/home/khesoem/projects/lighter/exp/dubbo-registry/dubbo-registry-etcd3/src/main/java/org/apache/dubbo/registry/etcd/EtcdRegistry.java",
              "stats": {
                "number_of_src_entities": 4,
                "number_of_dst_entities": 2,
                "src_entity_types": "[java.lang.String, java.util.List\u003cjava.lang.String\u003e]",
                "dst_entity_types": "[org.apache.dubbo.common.URL]"
              }
            }
          ]
        },
        {
          "tool-name": "Elixir",
          "pattern-name": "Elixir:update_type_ref",
          "Unified_Diff_of-files:": "Starts Below...",
          "CHANGE_old:": "                    notifyExecutor.execute(() -\u0026gt; listener.childChanged(path, new ArrayList\u0026lt;\u0026gt;(urls)));",
          "CHANGE_new:": "                    listener.childChanged(path, new ArrayList\u0026lt;\u0026gt;(urls));",
          "instance_detail": [
            {
              "pattern_action": "UPD",
              "pattern_entity": {
                "entity_type": "TypeReference",
                "entity_new value": "*",
                "entity_role": "*",
                "entity_parent": "null"
              },
              "concrete_change": {
                "operator": "UPD",
                "src_type": "TypeReference",
                "dst_type": "TypeReference",
                "src": "java.util.List\u003cjava.lang.String\u003e",
                "dst": "java.lang.String",
                "src_parent_type": "ParameterReference",
                "dst_parent_type": "Parameter",
                "src_parent": "providers",
                "dst_parent": "java.lang.String path"
              },
              "line": 349,
              "file": "/home/khesoem/projects/lighter/exp/dubbo-registry/dubbo-registry-etcd3/src/main/java/org/apache/dubbo/registry/etcd/EtcdRegistry.java",
              "stats": {
                "number_of_src_entities": 4,
                "number_of_dst_entities": 2,
                "src_entity_types": "[java.lang.String, java.util.List\u003cjava.lang.String\u003e]",
                "dst_entity_types": "[java.lang.String]"
              }
            }
          ]
        }
      ]
    },
    {
      "revision": "6491ed01b7ba7cdcf2c26934ca806df3a89cf2a9",
      "repairability": [
        {
          "tool-name": "Elixir",
          "pattern-name": "Elixir:check_length",
          "Unified_Diff_of-files:": "Starts Below...",
          "CHANGE_old:": "                    notifyExecutor.execute(() -\u0026gt; listener.childChanged(path, new ArrayList\u0026lt;\u0026gt;(urls)));",
          "CHANGE_new:": "                    listener.childChanged(path, new ArrayList\u0026lt;\u0026gt;(urls));",
          "instance_detail": [
            {
              "pattern_action": "INS",
              "pattern_entity": {
                "entity_type": "If",
                "entity_new value": "*",
                "entity_role": "*",
                "entity_parent": "null"
              },
              "concrete_change": {
                "operator": "INS",
                "src_type": "If",
                "dst_type": "null",
                "src": "if (isMatch(key, keyValue, k, v)) {\n    return true;\n}",
                "dst": "null",
                "src_parent_type": "Block",
                "dst_parent_type": "null",
                "src_parent": "{\n    java.lang.String k \u003d entry.getKey();\n    java.lang.String v \u003d entry.getValue();\n    if (isMatch(key, keyValue, k, v)) {\n        return true;\n    }\n}",
                "dst_parent": "null"
              },
              "line": 339,
              "file": "/home/khesoem/projects/lighter/exp/dubbo-common/src/main/java/org/apache/dubbo/common/extension/ExtensionLoader.java"
            },
            {
              "pattern_action": "MOV",
              "pattern_entity": {
                "entity_type": "Statement",
                "entity_new value": "*",
                "entity_role": "*",
                "entity_parent": "null"
              },
              "concrete_change": {
                "operator": "MOV",
                "src_type": "Block",
                "dst_type": "Block",
                "src": "{\n    return true;\n}",
                "dst": "{\n    return true;\n}",
                "src_parent_type": "If",
                "dst_parent_type": "If",
                "src_parent": "if (((k.equals(key)) || (k.endsWith((\".\" + key)))) \u0026\u0026 (((keyValue !\u003d null) \u0026\u0026 (keyValue.equals(v))) || ((keyValue \u003d\u003d null) \u0026\u0026 (org.apache.dubbo.common.utils.ConfigUtils.isNotEmpty(v))))) {\n    return true;\n}",
                "dst_parent": "if (isMatch(key, keyValue, k, v)) {\n    return true;\n}"
              },
              "line": 340,
              "file": "/home/khesoem/projects/lighter/exp/dubbo-common/src/main/java/org/apache/dubbo/common/extension/ExtensionLoader.java",
              "stats": {
                "number_of_src_entities": 4,
                "number_of_dst_entities": 4,
                "src_entity_types": "[boolean]",
                "dst_entity_types": "[boolean]"
              }
            }
          ]
        },
        {
          "tool-name": "Elixir",
          "pattern-name": "Elixir:update_invocation_deep",
          "Unified_Diff_of-files:": "Starts Below...",
          "CHANGE_old:": "                    notifyExecutor.execute(() -\u0026gt; listener.childChanged(path, new ArrayList\u0026lt;\u0026gt;(urls)));",
          "CHANGE_new:": "                    listener.childChanged(path, new ArrayList\u0026lt;\u0026gt;(urls));",
          "instance_detail": [
            {
              "pattern_action": "ANY",
              "pattern_entity": {
                "entity_type": "*",
                "entity_new value": "*",
                "entity_role": "*",
                "entity_parent": {
                  "entity_type": "AbstractInvocation",
                  "entity_new value": "*",
                  "entity_role": "*",
                  "entity_parent": "null"
                }
              },
              "concrete_change": {
                "operator": "UPD",
                "src_type": "VariableRead",
                "dst_type": "VariableRead",
                "src": "keyValue",
                "dst": "value",
                "src_parent_type": "Invocation",
                "dst_parent_type": "Invocation",
                "src_parent": "(keyValue.equals(v))",
                "dst_parent": "(value.equals(v))"
              },
              "line": 340,
              "file": "/home/khesoem/projects/lighter/exp/dubbo-common/src/main/java/org/apache/dubbo/common/extension/ExtensionLoader.java",
              "stats": {
                "number_of_src_entities": 4,
                "number_of_dst_entities": 4,
                "src_entity_types": "[java.lang.String]",
                "dst_entity_types": "[java.lang.String]"
              }
            }
          ]
        }
      ]
    },
    {
      "revision": "6491ed01b7ba7cdcf2c26934ca806df3a89cf2a9",
      "repairability": [
        {
          "tool-name": "Elixir",
          "pattern-name": "Elixir:update_return_deep",
          "Unified_Diff_of-files:": "Starts Below...",
          "CHANGE_old:": "                    notifyExecutor.execute(() -\u0026gt; listener.childChanged(path, new ArrayList\u0026lt;\u0026gt;(urls)));",
          "CHANGE_new:": "                    listener.childChanged(path, new ArrayList\u0026lt;\u0026gt;(urls));",
          "instance_detail": [
            {
              "pattern_action": "ANY",
              "pattern_entity": {
                "entity_type": "*",
                "entity_new value": "*",
                "entity_role": "*",
                "entity_parent": {
                  "entity_type": "Return",
                  "entity_new value": "*",
                  "entity_role": "*",
                  "entity_parent": "null"
                }
              },
              "concrete_change": {
                "operator": "UPD",
                "src_type": "Lambda",
                "dst_type": "Lambda",
                "src": "( child) -\u003e child.substring((len + 1))",
                "dst": "( child) -\u003e child.substring((len + 1))",
                "src_parent_type": "Invocation",
                "dst_parent_type": "Invocation",
                "src_parent": "children.stream().parallel().filter(( child) -\u003e {\n    int index \u003d len;\n    int count \u003d 0;\n    if ((child.length()) \u003e len) {\n        for (; (index \u003d child.indexOf(org.apache.dubbo.remoting.etcd.jetcd.PATH_SEPARATOR, index)) !\u003d (-1); ++index) {\n            if ((count++) \u003e 1) {\n                break;\n            }\n        }\n    }\n    return count \u003d\u003d 1;\n}).map(( child) -\u003e child.substring((len + 1)))",
                "dst_parent": "children.stream().parallel().filter(( child) -\u003e {\n    int index \u003d len;\n    int count \u003d 0;\n    if ((child.length()) \u003e len) {\n        for (; (index \u003d child.indexOf(org.apache.dubbo.remoting.etcd.jetcd.PATH_SEPARATOR, index)) !\u003d (-1); ++index) {\n            if ((count++) \u003e 1) {\n                break;\n            }\n        }\n    }\n    return count \u003d\u003d 1;\n}).map(( child) -\u003e child.substring((len + 1)))"
              },
              "line": 396,
              "file": "/home/khesoem/projects/lighter/exp/dubbo-remoting/dubbo-remoting-etcd3/src/main/java/org/apache/dubbo/remoting/etcd/jetcd/JEtcdClient.java",
              "stats": {
                "number_of_src_entities": 30,
                "number_of_dst_entities": 30,
                "src_entity_types": "[java.util.function.Function\u003c? super java.lang.String, ? extends java.lang.String\u003e, int, java.lang.String]",
                "dst_entity_types": "[java.util.function.Function\u003c? super java.lang.String, ? extends java.lang.String\u003e, int, java.lang.String]"
              }
            }
          ]
        }
      ]
    },
    {
      "revision": "6491ed01b7ba7cdcf2c26934ca806df3a89cf2a9",
      "repairability": [
        {
          "tool-name": "Elixir",
          "pattern-name": "Elixir:Insert_Invocation",
          "Unified_Diff_of-files:": "Starts Below...",
          "CHANGE_old:": "                    notifyExecutor.execute(() -\u0026gt; listener.childChanged(path, new ArrayList\u0026lt;\u0026gt;(urls)));",
          "CHANGE_new:": "                    listener.childChanged(path, new ArrayList\u0026lt;\u0026gt;(urls));",
          "instance_detail": [
            {
              "pattern_action": "INS",
              "pattern_entity": {
                "entity_type": "AbstractInvocation",
                "entity_new value": "*",
                "entity_role": "*",
                "entity_parent": "null"
              },
              "concrete_change": {
                "operator": "INS",
                "src_type": "Invocation",
                "dst_type": "null",
                "src": "(url.getServiceKey())",
                "dst": "null",
                "src_parent_type": "BinaryOperator",
                "dst_parent_type": "null",
                "src_parent": "(\"Notify urls for subscribing service \" + (url.getServiceKey()))",
                "dst_parent": "null"
              },
              "line": 408,
              "file": "/home/khesoem/projects/lighter/exp/dubbo-registry/dubbo-registry-api/src/main/java/org/apache/dubbo/registry/support/AbstractRegistry.java",
              "stats": {
                "number_of_src_entities": 8,
                "number_of_dst_entities": -1,
                "src_entity_types": "[org.apache.dubbo.common.URL]",
                "dst_entity_types": "[]"
              }
            }
          ]
        },
        {
          "tool-name": "Elixir",
          "pattern-name": "Elixir:check_length",
          "Unified_Diff_of-files:": "Starts Below...",
          "CHANGE_old:": "                    notifyExecutor.execute(() -\u0026gt; listener.childChanged(path, new ArrayList\u0026lt;\u0026gt;(urls)));",
          "CHANGE_new:": "                    listener.childChanged(path, new ArrayList\u0026lt;\u0026gt;(urls));",
          "instance_detail": [
            {
              "pattern_action": "INS",
              "pattern_entity": {
                "entity_type": "If",
                "entity_new value": "*",
                "entity_role": "*",
                "entity_parent": "null"
              },
              "concrete_change": {
                "operator": "INS",
                "src_type": "If",
                "dst_type": "null",
                "src": "if (registryUrl.getParameter(org.apache.dubbo.registry.support.REGISTRY_SNAPSHOT_KEY, false)) {\n    saveProperties(url);\n}",
                "dst": "null",
                "src_parent_type": "Block",
                "dst_parent_type": "null",
                "src_parent": "{\n    java.lang.String category \u003d entry.getKey();\n    java.util.List\u003corg.apache.dubbo.common.URL\u003e categoryList \u003d entry.getValue();\n    categoryNotified.put(category, categoryList);\n    listener.notify(categoryList);\n    if (registryUrl.getParameter(org.apache.dubbo.registry.support.REGISTRY_SNAPSHOT_KEY, false)) {\n        saveProperties(url);\n    }\n}",
                "dst_parent": "null"
              },
              "line": 430,
              "file": "/home/khesoem/projects/lighter/exp/dubbo-registry/dubbo-registry-api/src/main/java/org/apache/dubbo/registry/support/AbstractRegistry.java",
              "stats": {
                "number_of_src_entities": 42,
                "number_of_dst_entities": -1,
                "src_entity_types": "[org.apache.dubbo.common.URL, org.apache.dubbo.registry.support.REGISTRY_SNAPSHOT_KEY, boolean, org.apache.dubbo.registry.support.AbstractRegistry]",
                "dst_entity_types": "[]"
              }
            },
            {
              "pattern_action": "MOV",
              "pattern_entity": {
                "entity_type": "Statement",
                "entity_new value": "*",
                "entity_role": "*",
                "entity_parent": "null"
              },
              "concrete_change": {
                "operator": "MOV",
                "src_type": "Invocation",
                "dst_type": "Invocation",
                "src": "saveProperties(url)",
                "dst": "saveProperties(url)",
                "src_parent_type": "Block",
                "dst_parent_type": "Block",
                "src_parent": "{\n    java.lang.String category \u003d entry.getKey();\n    java.util.List\u003corg.apache.dubbo.common.URL\u003e categoryList \u003d entry.getValue();\n    categoryNotified.put(category, categoryList);\n    listener.notify(categoryList);\n    saveProperties(url);\n}",
                "dst_parent": "{\n    saveProperties(url);\n}"
              },
              "line": 429,
              "file": "/home/khesoem/projects/lighter/exp/dubbo-registry/dubbo-registry-api/src/main/java/org/apache/dubbo/registry/support/AbstractRegistry.java",
              "stats": {
                "number_of_src_entities": 17,
                "number_of_dst_entities": 17,
                "src_entity_types": "[org.apache.dubbo.common.URL, org.apache.dubbo.registry.support.AbstractRegistry]",
                "dst_entity_types": "[org.apache.dubbo.common.URL, org.apache.dubbo.registry.support.AbstractRegistry]"
              }
            }
          ]
        }
      ]
    },
    {
      "revision": "6491ed01b7ba7cdcf2c26934ca806df3a89cf2a9",
      "repairability": [
        {
          "tool-name": "Elixir",
          "pattern-name": "Elixir:update_type_ref",
          "Unified_Diff_of-files:": "Starts Below...",
          "CHANGE_old:": "                    notifyExecutor.execute(() -\u0026gt; listener.childChanged(path, new ArrayList\u0026lt;\u0026gt;(urls)));",
          "CHANGE_new:": "                    listener.childChanged(path, new ArrayList\u0026lt;\u0026gt;(urls));",
          "instance_detail": [
            {
              "pattern_action": "UPD",
              "pattern_entity": {
                "entity_type": "TypeReference",
                "entity_new value": "*",
                "entity_role": "*",
                "entity_parent": "null"
              },
              "concrete_change": {
                "operator": "UPD",
                "src_type": "TypeReference",
                "dst_type": "TypeReference",
                "src": "java.util.Set\u003corg.apache.dubbo.common.URL\u003e",
                "dst": "java.util.List\u003corg.apache.dubbo.common.URL\u003e",
                "src_parent_type": "Field",
                "dst_parent_type": "Field",
                "src_parent": "private volatile java.util.Set\u003corg.apache.dubbo.common.URL\u003e cachedInvokerUrls;",
                "dst_parent": "private volatile java.util.List\u003corg.apache.dubbo.common.URL\u003e cachedInvokerUrls;"
              },
              "line": 131,
              "file": "/home/khesoem/projects/lighter/exp/dubbo-registry/dubbo-registry-api/src/main/java/org/apache/dubbo/registry/integration/RegistryDirectory.java",
              "stats": {
                "number_of_src_entities": 4,
                "number_of_dst_entities": 4,
                "src_entity_types": "[org.apache.dubbo.common.URL, java.util.Set\u003corg.apache.dubbo.common.URL\u003e]",
                "dst_entity_types": "[org.apache.dubbo.common.URL, java.util.List\u003corg.apache.dubbo.common.URL\u003e]"
              }
            }
          ]
        },
        {
          "tool-name": "Elixir",
          "pattern-name": "Elixir:update_type_ref",
          "Unified_Diff_of-files:": "Starts Below...",
          "CHANGE_old:": "                    notifyExecutor.execute(() -\u0026gt; listener.childChanged(path, new ArrayList\u0026lt;\u0026gt;(urls)));",
          "CHANGE_new:": "                    listener.childChanged(path, new ArrayList\u0026lt;\u0026gt;(urls));",
          "instance_detail": [
            {
              "pattern_action": "UPD",
              "pattern_entity": {
                "entity_type": "TypeReference",
                "entity_new value": "*",
                "entity_role": "*",
                "entity_parent": "null"
              },
              "concrete_change": {
                "operator": "UPD",
                "src_type": "TypeReference",
                "dst_type": "TypeReference",
                "src": "java.lang.String",
                "dst": "org.apache.dubbo.common.URL",
                "src_parent_type": "LocalVariable",
                "dst_parent_type": "LocalVariable",
                "src_parent": "java.lang.String url",
                "dst_parent": "org.apache.dubbo.common.URL url"
              },
              "line": 575,
              "file": "/home/khesoem/projects/lighter/exp/dubbo-registry/dubbo-registry-api/src/main/java/org/apache/dubbo/registry/integration/RegistryDirectory.java",
              "stats": {
                "number_of_src_entities": 2,
                "number_of_dst_entities": 2,
                "src_entity_types": "[java.lang.String]",
                "dst_entity_types": "[org.apache.dubbo.common.URL]"
              }
            }
          ]
        },
        {
          "tool-name": "Elixir",
          "pattern-name": "Elixir:check_length",
          "Unified_Diff_of-files:": "Starts Below...",
          "CHANGE_old:": "                    notifyExecutor.execute(() -\u0026gt; listener.childChanged(path, new ArrayList\u0026lt;\u0026gt;(urls)));",
          "CHANGE_new:": "                    listener.childChanged(path, new ArrayList\u0026lt;\u0026gt;(urls));",
          "instance_detail": [
            {
              "pattern_action": "INS",
              "pattern_entity": {
                "entity_type": "If",
                "entity_new value": "*",
                "entity_role": "*",
                "entity_parent": "null"
              },
              "concrete_change": {
                "operator": "INS",
                "src_type": "If",
                "dst_type": "null",
                "src": "if ((queryProtocols !\u003d null) \u0026\u0026 ((queryProtocols.length()) \u003e 0)) {\n    acceptProtocols \u003d queryProtocols.split(\",\");\n}",
                "dst": "null",
                "src_parent_type": "Block",
                "dst_parent_type": "null",
                "src_parent": "{\n    java.util.Map\u003corg.apache.dubbo.common.URL, org.apache.dubbo.rpc.Invoker\u003cT\u003e\u003e newUrlInvokerMap \u003d new java.util.HashMap\u003c\u003e();\n    if ((urls \u003d\u003d null) || (urls.isEmpty())) {\n        return newUrlInvokerMap;\n    }\n    java.util.Set\u003corg.apache.dubbo.common.URL\u003e keys \u003d new java.util.HashSet\u003c\u003e();\n    java.lang.String[] acceptProtocols \u003d null;\n    java.lang.String queryProtocols \u003d this.queryMap.get(org.apache.dubbo.registry.integration.PROTOCOL_KEY);\n    if ((queryProtocols !\u003d null) \u0026\u0026 ((queryProtocols.length()) \u003e 0)) {\n        acceptProtocols \u003d queryProtocols.split(\",\");\n    }\n    for (org.apache.dubbo.common.URL providerUrl : urls) {\n        if (org.apache.dubbo.common.utils.ArrayUtils.isNotEmpty(acceptProtocols)) {\n            boolean accept \u003d false;\n            for (java.lang.String acceptProtocol : acceptProtocols) {\n                if (providerUrl.getProtocol().equals(acceptProtocol)) {\n                    accept \u003d true;\n                    break;\n                }\n            }\n            if (!accept) {\n                continue;\n            }\n        }\n        if (org.apache.dubbo.registry.integration.EMPTY_PROTOCOL.equals(providerUrl.getProtocol())) {\n            continue;\n        }\n        if (!(org.apache.dubbo.common.extension.ExtensionLoader.getExtensionLoader(org.apache.dubbo.rpc.Protocol.class).hasExtension(providerUrl.getProtocol()))) {\n            org.apache.dubbo.registry.integration.RegistryDirectory.logger.error(new java.lang.IllegalStateException((((((((((\"Unsupported protocol \" + (providerUrl.getProtocol())) + \" in notified url: \") + providerUrl) + \" from registry \") + (org.apache.dubbo.registry.integration.RegistryDirectory.getUrl().getAddress())) + \" to consumer \") + (org.apache.dubbo.common.utils.NetUtils.getLocalHost())) + \", supported protocol: \") + (org.apache.dubbo.common.extension.ExtensionLoader.getExtensionLoader(org.apache.dubbo.rpc.Protocol.class).getSupportedExtensions()))));\n            continue;\n        }\n        org.apache.dubbo.common.URL url \u003d org.apache.dubbo.common.utils.UrlUtils.unmodifiableUrl(mergeUrl(providerUrl));\n        if (keys.contains(url)) {\n            continue;\n        }\n        keys.add(url);\n        java.util.Map\u003corg.apache.dubbo.common.URL, org.apache.dubbo.rpc.Invoker\u003cT\u003e\u003e localUrlInvokerMap \u003d this.urlInvokerMap;\n        org.apache.dubbo.rpc.Invoker\u003cT\u003e invoker \u003d (localUrlInvokerMap \u003d\u003d null) ? null : localUrlInvokerMap.get(url);\n        if (invoker \u003d\u003d null) {\n            try {\n                boolean enabled \u003d true;\n                if (url.hasParameter(org.apache.dubbo.registry.integration.DISABLED_KEY)) {\n                    enabled \u003d !(url.getParameter(org.apache.dubbo.registry.integration.DISABLED_KEY, false));\n                } else {\n                    enabled \u003d url.getParameter(org.apache.dubbo.registry.integration.ENABLED_KEY, true);\n                }\n                if (enabled) {\n                    invoker \u003d new org.apache.dubbo.registry.integration.RegistryDirectory.InvokerDelegate(protocol.refer(serviceType, url), url, providerUrl);\n                }\n            } catch (java.lang.Throwable t) {\n                org.apache.dubbo.registry.integration.RegistryDirectory.logger.error((((((\"Failed to refer invoker for interface:\" + (serviceType)) + \",url:(\") + url) + \")\") + (t.getMessage())), t);\n            }\n            if (invoker !\u003d null) {\n                newUrlInvokerMap.put(url, invoker);\n            }\n        } else {\n            newUrlInvokerMap.put(url, invoker);\n        }\n    }\n    keys.clear();\n    return newUrlInvokerMap;\n}",
                "dst_parent": "null"
              },
              "line": 439,
              "file": "/home/khesoem/projects/lighter/exp/dubbo-registry/dubbo-registry-api/src/main/java/org/apache/dubbo/registry/integration/RegistryDirectory.java",
              "stats": {
                "number_of_src_entities": 50,
                "number_of_dst_entities": -1,
                "src_entity_types": "[int, boolean, java.lang.String, \u003cnulltype\u003e]",
                "dst_entity_types": "[]"
              }
            },
            {
              "pattern_action": "MOV",
              "pattern_entity": {
                "entity_type": "Statement",
                "entity_new value": "*",
                "entity_role": "*",
                "entity_parent": "null"
              },
              "concrete_change": {
                "operator": "MOV",
                "src_type": "Invocation",
                "dst_type": "Invocation",
                "src": "queryProtocols.split(\",\")",
                "dst": "queryProtocols.split(\",\")",
                "src_parent_type": "LocalVariable",
                "dst_parent_type": "Assignment",
                "src_parent": "java.lang.String[] acceptProtocols \u003d queryProtocols.split(\",\")",
                "dst_parent": "acceptProtocols \u003d queryProtocols.split(\",\")"
              },
              "line": 415,
              "file": "/home/khesoem/projects/lighter/exp/dubbo-registry/dubbo-registry-api/src/main/java/org/apache/dubbo/registry/integration/RegistryDirectory.java",
              "stats": {
                "number_of_src_entities": 16,
                "number_of_dst_entities": 16,
                "src_entity_types": "[java.lang.String]",
                "dst_entity_types": "[java.lang.String]"
              }
            }
          ]
        }
      ]
    },
    {
      "revision": "6491ed01b7ba7cdcf2c26934ca806df3a89cf2a9",
      "repairability": [
        {
          "tool-name": "Elixir",
          "pattern-name": "Elixir:check_length",
          "Unified_Diff_of-files:": "Starts Below...",
          "CHANGE_old:": "                    notifyExecutor.execute(() -\u0026gt; listener.childChanged(path, new ArrayList\u0026lt;\u0026gt;(urls)));",
          "CHANGE_new:": "                    listener.childChanged(path, new ArrayList\u0026lt;\u0026gt;(urls));",
          "instance_detail": [
            {
              "pattern_action": "INS",
              "pattern_entity": {
                "entity_type": "If",
                "entity_new value": "*",
                "entity_role": "*",
                "entity_parent": "null"
              },
              "concrete_change": {
                "operator": "INS",
                "src_type": "If",
                "dst_type": "null",
                "src": "if (modifiable) {\n    return new org.apache.dubbo.common.URLBuilder(protocol, username, password, host, port, path, parameters);\n} else {\n    return new org.apache.dubbo.common.URL(protocol, username, password, host, port, path, parameters);\n}",
                "dst": "null",
                "src_parent_type": "Block",
                "dst_parent_type": "null",
                "src_parent": "{\n    int starIdx \u003d 0;\n    int endIdx \u003d decodedBody.length();\n    java.lang.String protocol \u003d null;\n    int protoEndIdx \u003d decodedBody.indexOf(\"://\");\n    if (protoEndIdx \u003e\u003d 0) {\n        if (protoEndIdx \u003d\u003d 0) {\n            throw new java.lang.IllegalStateException(((\"url missing protocol: \\\"\" + fullURLStr) + \"\\\"\"));\n        }\n        protocol \u003d decodedBody.substring(0, protoEndIdx);\n        starIdx \u003d protoEndIdx + 3;\n    } else {\n        protoEndIdx \u003d decodedBody.indexOf(\":/\");\n        if (protoEndIdx \u003e\u003d 0) {\n            if (protoEndIdx \u003d\u003d 0) {\n                throw new java.lang.IllegalStateException(((\"url missing protocol: \\\"\" + fullURLStr) + \"\\\"\"));\n            }\n            protocol \u003d decodedBody.substring(0, protoEndIdx);\n            starIdx \u003d protoEndIdx + 1;\n        }\n    }\n    java.lang.String path \u003d null;\n    int pathStartIdx \u003d org.apache.dubbo.common.URLStrParser.indexOf(decodedBody, \u0027/\u0027, starIdx, endIdx);\n    if (pathStartIdx \u003e\u003d 0) {\n        path \u003d decodedBody.substring((pathStartIdx + 1));\n        endIdx \u003d pathStartIdx;\n    }\n    java.lang.String username \u003d null;\n    java.lang.String password \u003d null;\n    int pwdEndIdx \u003d org.apache.dubbo.common.URLStrParser.lastIndexOf(decodedBody, \u0027@\u0027, starIdx, endIdx);\n    if (pwdEndIdx \u003e 0) {\n        int userNameEndIdx \u003d org.apache.dubbo.common.URLStrParser.indexOf(decodedBody, \u0027:\u0027, starIdx, pwdEndIdx);\n        username \u003d decodedBody.substring(starIdx, userNameEndIdx);\n        password \u003d decodedBody.substring((userNameEndIdx + 1), pwdEndIdx);\n        starIdx \u003d pwdEndIdx + 1;\n    }\n    java.lang.String host \u003d null;\n    int port \u003d 0;\n    int hostEndIdx \u003d org.apache.dubbo.common.URLStrParser.lastIndexOf(decodedBody, \u0027:\u0027, starIdx, endIdx);\n    if ((hostEndIdx \u003e 0) \u0026\u0026 (hostEndIdx \u003c ((decodedBody.length()) - 1))) {\n        if ((org.apache.dubbo.common.URLStrParser.lastIndexOf(decodedBody, \u0027%\u0027, starIdx, endIdx)) \u003e hostEndIdx) {\n        } else {\n            port \u003d java.lang.Integer.parseInt(decodedBody.substring((hostEndIdx + 1), endIdx));\n            endIdx \u003d hostEndIdx;\n        }\n    }\n    if (endIdx \u003e starIdx) {\n        host \u003d decodedBody.substring(starIdx, endIdx);\n    }\n    if (modifiable) {\n        return new org.apache.dubbo.common.URLBuilder(protocol, username, password, host, port, path, parameters);\n    } else {\n        return new org.apache.dubbo.common.URL(protocol, username, password, host, port, path, parameters);\n    }\n}",
                "dst_parent": "null"
              },
              "line": 158,
              "file": "/home/khesoem/projects/lighter/exp/dubbo-common/src/main/java/org/apache/dubbo/common/URLStrParser.java",
              "stats": {
                "number_of_src_entities": 116,
                "number_of_dst_entities": -1,
                "src_entity_types": "[int, org.apache.dubbo.common.URL, boolean, java.lang.String, java.util.Map\u003cjava.lang.String, java.lang.String\u003e, org.apache.dubbo.common.URLBuilder]",
                "dst_entity_types": "[]"
              }
            },
            {
              "pattern_action": "MOV",
              "pattern_entity": {
                "entity_type": "Statement",
                "entity_new value": "*",
                "entity_role": "*",
                "entity_parent": "null"
              },
              "concrete_change": {
                "operator": "MOV",
                "src_type": "Return",
                "dst_type": "Return",
                "src": "return new org.apache.dubbo.common.URL(protocol, username, password, host, port, path, parameters)",
                "dst": "return new org.apache.dubbo.common.URL(protocol, username, password, host, port, path, parameters)",
                "src_parent_type": "Block",
                "dst_parent_type": "Block",
                "src_parent": "{\n    int starIdx \u003d 0;\n    int endIdx \u003d decodedBody.length();\n    java.lang.String protocol \u003d null;\n    int protoEndIdx \u003d decodedBody.indexOf(\"://\");\n    if (protoEndIdx \u003e\u003d 0) {\n        if (protoEndIdx \u003d\u003d 0) {\n            throw new java.lang.IllegalStateException(((\"url missing protocol: \\\"\" + fullURLStr) + \"\\\"\"));\n        }\n        protocol \u003d decodedBody.substring(0, protoEndIdx);\n        starIdx \u003d protoEndIdx + 3;\n    } else {\n        protoEndIdx \u003d decodedBody.indexOf(\":/\");\n        if (protoEndIdx \u003e\u003d 0) {\n            if (protoEndIdx \u003d\u003d 0) {\n                throw new java.lang.IllegalStateException(((\"url missing protocol: \\\"\" + fullURLStr) + \"\\\"\"));\n            }\n            protocol \u003d decodedBody.substring(0, protoEndIdx);\n            starIdx \u003d protoEndIdx + 1;\n        }\n    }\n    java.lang.String path \u003d null;\n    int pathStartIdx \u003d org.apache.dubbo.common.URLStrParser.indexOf(decodedBody, \u0027/\u0027, starIdx, endIdx);\n    if (pathStartIdx \u003e\u003d 0) {\n        path \u003d decodedBody.substring((pathStartIdx + 1));\n        endIdx \u003d pathStartIdx;\n    }\n    java.lang.String username \u003d null;\n    java.lang.String password \u003d null;\n    int pwdEndIdx \u003d org.apache.dubbo.common.URLStrParser.lastIndexOf(decodedBody, \u0027@\u0027, starIdx, endIdx);\n    if (pwdEndIdx \u003e 0) {\n        int userNameEndIdx \u003d org.apache.dubbo.common.URLStrParser.indexOf(decodedBody, \u0027:\u0027, starIdx, pwdEndIdx);\n        username \u003d decodedBody.substring(starIdx, userNameEndIdx);\n        password \u003d decodedBody.substring((userNameEndIdx + 1), pwdEndIdx);\n        starIdx \u003d pwdEndIdx + 1;\n    }\n    java.lang.String host \u003d null;\n    int port \u003d 0;\n    int hostEndIdx \u003d org.apache.dubbo.common.URLStrParser.lastIndexOf(decodedBody, \u0027:\u0027, starIdx, endIdx);\n    if ((hostEndIdx \u003e 0) \u0026\u0026 (hostEndIdx \u003c ((decodedBody.length()) - 1))) {\n        if ((org.apache.dubbo.common.URLStrParser.lastIndexOf(decodedBody, \u0027%\u0027, starIdx, endIdx)) \u003e hostEndIdx) {\n        } else {\n            port \u003d java.lang.Integer.parseInt(decodedBody.substring((hostEndIdx + 1), endIdx));\n            endIdx \u003d hostEndIdx;\n        }\n    }\n    if (endIdx \u003e starIdx) {\n        host \u003d decodedBody.substring(starIdx, endIdx);\n    }\n    return new org.apache.dubbo.common.URL(protocol, username, password, host, port, path, parameters);\n}",
                "dst_parent": "{\n    return new org.apache.dubbo.common.URL(protocol, username, password, host, port, path, parameters);\n}"
              },
              "line": 152,
              "file": "/home/khesoem/projects/lighter/exp/dubbo-common/src/main/java/org/apache/dubbo/common/URLStrParser.java",
              "stats": {
                "number_of_src_entities": 55,
                "number_of_dst_entities": 55,
                "src_entity_types": "[org.apache.dubbo.common.URL, int, java.lang.String, java.util.Map\u003cjava.lang.String, java.lang.String\u003e]",
                "dst_entity_types": "[org.apache.dubbo.common.URL, int, java.lang.String, java.util.Map\u003cjava.lang.String, java.lang.String\u003e]"
              }
            }
          ]
        },
        {
          "tool-name": "Elixir",
          "pattern-name": "Elixir:check_length",
          "Unified_Diff_of-files:": "Starts Below...",
          "CHANGE_old:": "                    notifyExecutor.execute(() -\u0026gt; listener.childChanged(path, new ArrayList\u0026lt;\u0026gt;(urls)));",
          "CHANGE_new:": "                    listener.childChanged(path, new ArrayList\u0026lt;\u0026gt;(urls));",
          "instance_detail": [
            {
              "pattern_action": "INS",
              "pattern_entity": {
                "entity_type": "If",
                "entity_new value": "*",
                "entity_role": "*",
                "entity_parent": "null"
              },
              "concrete_change": {
                "operator": "INS",
                "src_type": "If",
                "dst_type": "null",
                "src": "if (valueStart \u003d\u003d valueEnd) {\n    value \u003d name;\n} else {\n    value \u003d org.apache.dubbo.common.URLStrParser.decodeComponent(str, valueStart, valueEnd, false, tempBuf);\n}",
                "dst": "null",
                "src_parent_type": "Block",
                "dst_parent_type": "null",
                "src_parent": "{\n    java.lang.String name \u003d org.apache.dubbo.common.URLStrParser.decodeComponent(str, nameStart, (valueStart - 3), false, tempBuf);\n    java.lang.String value;\n    if (valueStart \u003d\u003d valueEnd) {\n        value \u003d name;\n    } else {\n        value \u003d org.apache.dubbo.common.URLStrParser.decodeComponent(str, valueStart, valueEnd, false, tempBuf);\n    }\n    params.put(name, value);\n    if (name.startsWith(org.apache.dubbo.common.DEFAULT_KEY_PREFIX)) {\n        params.putIfAbsent(name.substring(org.apache.dubbo.common.DEFAULT_KEY_PREFIX.length()), value);\n    }\n}",
                "dst_parent": "null"
              },
              "line": 244,
              "file": "/home/khesoem/projects/lighter/exp/dubbo-common/src/main/java/org/apache/dubbo/common/URLStrParser.java",
              "stats": {
                "number_of_src_entities": 63,
                "number_of_dst_entities": -1,
                "src_entity_types": "[int, boolean, java.lang.String, org.apache.dubbo.common.URLStrParser.TempBuf, org.apache.dubbo.common.URLStrParser]",
                "dst_entity_types": "[]"
              }
            },
            {
              "pattern_action": "MOV",
              "pattern_entity": {
                "entity_type": "Statement",
                "entity_new value": "*",
                "entity_role": "*",
                "entity_parent": "null"
              },
              "concrete_change": {
                "operator": "MOV",
                "src_type": "Invocation",
                "dst_type": "Invocation",
                "src": "org.apache.dubbo.common.URLStrParser.decodeComponent(str, valueStart, valueEnd, false, tempBuf)",
                "dst": "org.apache.dubbo.common.URLStrParser.decodeComponent(str, valueStart, valueEnd, false, tempBuf)",
                "src_parent_type": "LocalVariable",
                "dst_parent_type": "Assignment",
                "src_parent": "java.lang.String value \u003d org.apache.dubbo.common.URLStrParser.decodeComponent(str, valueStart, valueEnd, false, tempBuf)",
                "dst_parent": "value \u003d org.apache.dubbo.common.URLStrParser.decodeComponent(str, valueStart, valueEnd, false, tempBuf)"
              },
              "line": 228,
              "file": "/home/khesoem/projects/lighter/exp/dubbo-common/src/main/java/org/apache/dubbo/common/URLStrParser.java",
              "stats": {
                "number_of_src_entities": 34,
                "number_of_dst_entities": 34,
                "src_entity_types": "[int, boolean, java.lang.String, org.apache.dubbo.common.URLStrParser.TempBuf, org.apache.dubbo.common.URLStrParser]",
                "dst_entity_types": "[int, boolean, java.lang.String, org.apache.dubbo.common.URLStrParser.TempBuf, org.apache.dubbo.common.URLStrParser]"
              }
            }
          ]
        },
        {
          "tool-name": "Elixir",
          "pattern-name": "Elixir:check_length",
          "Unified_Diff_of-files:": "Starts Below...",
          "CHANGE_old:": "                    notifyExecutor.execute(() -\u0026gt; listener.childChanged(path, new ArrayList\u0026lt;\u0026gt;(urls)));",
          "CHANGE_new:": "                    listener.childChanged(path, new ArrayList\u0026lt;\u0026gt;(urls));",
          "instance_detail": [
            {
              "pattern_action": "INS",
              "pattern_entity": {
                "entity_type": "If",
                "entity_new value": "*",
                "entity_role": "*",
                "entity_parent": "null"
              },
              "concrete_change": {
                "operator": "INS",
                "src_type": "If",
                "dst_type": "null",
                "src": "if (valueStart \u003d\u003d valueEnd) {\n    value \u003d name;\n} else {\n    value \u003d str.substring(valueStart, valueEnd);\n}",
                "dst": "null",
                "src_parent_type": "Block",
                "dst_parent_type": "null",
                "src_parent": "{\n    java.lang.String name \u003d str.substring(nameStart, (valueStart - 1));\n    java.lang.String value;\n    if (valueStart \u003d\u003d valueEnd) {\n        value \u003d name;\n    } else {\n        value \u003d str.substring(valueStart, valueEnd);\n    }\n    params.put(name, value);\n    if (name.startsWith(org.apache.dubbo.common.DEFAULT_KEY_PREFIX)) {\n        params.putIfAbsent(name.substring(org.apache.dubbo.common.DEFAULT_KEY_PREFIX.length()), value);\n    }\n}",
                "dst_parent": "null"
              },
              "line": 257,
              "file": "/home/khesoem/projects/lighter/exp/dubbo-common/src/main/java/org/apache/dubbo/common/URLStrParser.java",
              "stats": {
                "number_of_src_entities": 47,
                "number_of_dst_entities": -1,
                "src_entity_types": "[int, boolean, java.lang.String]",
                "dst_entity_types": "[]"
              }
            },
            {
              "pattern_action": "MOV",
              "pattern_entity": {
                "entity_type": "Statement",
                "entity_new value": "*",
                "entity_role": "*",
                "entity_parent": "null"
              },
              "concrete_change": {
                "operator": "MOV",
                "src_type": "Invocation",
                "dst_type": "Invocation",
                "src": "str.substring(valueStart, valueEnd)",
                "dst": "str.substring(valueStart, valueEnd)",
                "src_parent_type": "LocalVariable",
                "dst_parent_type": "Assignment",
                "src_parent": "java.lang.String value \u003d str.substring(valueStart, valueEnd)",
                "dst_parent": "value \u003d str.substring(valueStart, valueEnd)"
              },
              "line": 232,
              "file": "/home/khesoem/projects/lighter/exp/dubbo-common/src/main/java/org/apache/dubbo/common/URLStrParser.java",
              "stats": {
                "number_of_src_entities": 18,
                "number_of_dst_entities": 18,
                "src_entity_types": "[int, java.lang.String]",
                "dst_entity_types": "[int, java.lang.String]"
              }
            }
          ]
        }
      ]
    }
  ],
  "complete_analysis": true
}