{
  "instances": [
    {
      "revision": "629678b4ad0abd67977d52c1613c6c6576b23aa5",
      "repairability": [
        {
          "tool-name": "Nopol",
          "pattern-name": "Nopol:if_condition_upd_shallow",
          "Unified_Diff_of-files:": "Starts Below...",
          "INSERT:": "}",
          "CHANGE_old:": "        return new LocalSpringSecurityManager();",
          "CHANGE_new:": "        return new SimpleGrantedAuthoritiesResolver();",
          "instance_detail": [
            {
              "pattern_action": "UPD",
              "pattern_entity": {
                "entity_type": "*",
                "entity_new value": "*",
                "entity_role": "condition",
                "entity_parent": {
                  "entity_type": "If",
                  "entity_new value": "*",
                  "entity_role": "*",
                  "entity_parent": "null"
                }
              },
              "concrete_change": {
                "operator": "UPD",
                "src_type": "Invocation",
                "dst_type": "Invocation",
                "src": "userGroupManager.getUserRoles(securityManager.getAuthenticatedUserId())",
                "dst": "securityManager.getAuthenticatedUserRoles().contains(\"ACTIVITI_ADMIN\")",
                "src_parent_type": "Invocation",
                "dst_parent_type": "If",
                "src_parent": "userGroupManager.getUserRoles(securityManager.getAuthenticatedUserId()).contains(\"ACTIVITI_ADMIN\")",
                "dst_parent": "if (securityManager.getAuthenticatedUserRoles().contains(\"ACTIVITI_ADMIN\")) {\n    return true;\n}"
              },
              "line": 116,
              "file": "/home/khesoem/projects/lighter/exp/activiti-spring-security-policies/src/main/java/org/activiti/core/common/spring/security/policies/BaseSecurityPoliciesManagerImpl.java",
              "stats": {
                "number_of_src_entities": 30,
                "number_of_dst_entities": 22,
                "src_entity_types": "[org.activiti.core.common.spring.security.policies.BaseSecurityPoliciesManagerImpl, org.activiti.api.runtime.shared.identity.UserGroupManager]",
                "dst_entity_types": "[org.activiti.core.common.spring.security.policies.BaseSecurityPoliciesManagerImpl, java.lang.String]"
              }
            }
          ]
        },
        {
          "tool-name": "Nopol",
          "pattern-name": "Nopol:if_condition_upd_deep",
          "Unified_Diff_of-files:": "Starts Below...",
          "INSERT:": "}",
          "CHANGE_old:": "        return new LocalSpringSecurityManager();",
          "CHANGE_new:": "        return new SimpleGrantedAuthoritiesResolver();",
          "instance_detail": [
            {
              "pattern_action": "ANY",
              "pattern_entity": {
                "entity_type": "*",
                "entity_new value": "*",
                "entity_role": "*",
                "entity_parent": {
                  "entity_type": "*",
                  "entity_new value": "*",
                  "entity_role": "condition",
                  "entity_parent": {
                    "entity_type": "If",
                    "entity_new value": "*",
                    "entity_role": "*",
                    "entity_parent": "null"
                  }
                }
              },
              "concrete_change": {
                "operator": "DEL",
                "src_type": "TypeAccess",
                "dst_type": "null",
                "src": "org.activiti.core.common.spring.security.policies.BaseSecurityPoliciesManagerImpl",
                "dst": "null",
                "src_parent_type": "ThisAccess",
                "dst_parent_type": "null",
                "src_parent": "",
                "dst_parent": "null"
              }
            }
          ]
        },
        {
          "tool-name": "Nopol",
          "pattern-name": "Nopol:if_condition_upd_deep",
          "Unified_Diff_of-files:": "Starts Below...",
          "INSERT:": "}",
          "CHANGE_old:": "        return new LocalSpringSecurityManager();",
          "CHANGE_new:": "        return new SimpleGrantedAuthoritiesResolver();",
          "instance_detail": [
            {
              "pattern_action": "ANY",
              "pattern_entity": {
                "entity_type": "*",
                "entity_new value": "*",
                "entity_role": "*",
                "entity_parent": {
                  "entity_type": "*",
                  "entity_new value": "*",
                  "entity_role": "condition",
                  "entity_parent": {
                    "entity_type": "If",
                    "entity_new value": "*",
                    "entity_role": "*",
                    "entity_parent": "null"
                  }
                }
              },
              "concrete_change": {
                "operator": "DEL",
                "src_type": "Literal",
                "dst_type": "null",
                "src": "\"ACTIVITI_ADMIN\"",
                "dst": "null",
                "src_parent_type": "Invocation",
                "dst_parent_type": "null",
                "src_parent": "userGroupManager.getUserRoles(securityManager.getAuthenticatedUserId()).contains(\"ACTIVITI_ADMIN\")",
                "dst_parent": "null"
              },
              "line": 116,
              "file": "/home/khesoem/projects/lighter/exp/activiti-spring-security-policies/src/main/java/org/activiti/core/common/spring/security/policies/BaseSecurityPoliciesManagerImpl.java"
            }
          ]
        }
      ]
    }
  ],
  "complete_analysis": true
}