{
  "instances": [
    {
      "revision": "1db7b7c132767eece44f3d230ad760ce7999c6e3",
      "repairability": [
        {
          "tool-name": "Nopol",
          "pattern-name": "Nopol:if_condition_upd_deep",
          "Unified_Diff_of-files:": "Starts Below...",
          "instance_detail": [
            {
              "pattern_action": "ANY",
              "pattern_entity": {
                "entity_type": "*",
                "entity_new value": "*",
                "entity_role": "*",
                "entity_parent": {
                  "entity_type": "*",
                  "entity_new value": "*",
                  "entity_role": "condition",
                  "entity_parent": {
                    "entity_type": "If",
                    "entity_new value": "*",
                    "entity_role": "*",
                    "entity_parent": "null"
                  }
                }
              },
              "concrete_change": {
                "operator": "INS",
                "src_type": "UnaryOperator",
                "dst_type": "null",
                "src": "(!(activityBehavior instanceof org.activiti.engine.impl.bpmn.behavior.MultiInstanceActivityBehavior))",
                "dst": "null",
                "src_parent_type": "BinaryOperator",
                "dst_parent_type": "null",
                "src_parent": "(((org.activiti.engine.impl.context.Context.getProcessEngineConfiguration()) !\u003d null) \u0026\u0026 (org.activiti.engine.impl.context.Context.getProcessEngineConfiguration().getEventDispatcher().isEnabled())) \u0026\u0026 (!(activityBehavior instanceof org.activiti.engine.impl.bpmn.behavior.MultiInstanceActivityBehavior))",
                "dst_parent": "null"
              },
              "line": 201,
              "file": "/home/khesoem/projects/lighter/exp/activiti-core/activiti-engine/src/main/java/org/activiti/engine/impl/agenda/ContinueProcessOperation.java"
            }
          ]
        }
      ]
    },
    {
      "revision": "1db7b7c132767eece44f3d230ad760ce7999c6e3",
      "repairability": [
        {
          "tool-name": "Nopol",
          "pattern-name": "Nopol:if_condition_upd_deep",
          "Unified_Diff_of-files:": "Starts Below...",
          "instance_detail": [
            {
              "pattern_action": "ANY",
              "pattern_entity": {
                "entity_type": "*",
                "entity_new value": "*",
                "entity_role": "*",
                "entity_parent": {
                  "entity_type": "*",
                  "entity_new value": "*",
                  "entity_role": "condition",
                  "entity_parent": {
                    "entity_type": "If",
                    "entity_new value": "*",
                    "entity_role": "*",
                    "entity_parent": "null"
                  }
                }
              },
              "concrete_change": {
                "operator": "UPD",
                "src_type": "TypeAccess",
                "dst_type": "TypeAccess",
                "src": "org.activiti.engine.delegate.event.ActivitiActivityCancelledEvent",
                "dst": "org.activiti.engine.delegate.event.ActivitiEntityEvent",
                "src_parent_type": "BinaryOperator",
                "dst_parent_type": "BinaryOperator",
                "src_parent": "event instanceof org.activiti.engine.delegate.event.ActivitiActivityCancelledEvent",
                "dst_parent": "event instanceof org.activiti.engine.delegate.event.ActivitiEntityEvent"
              },
              "line": 42,
              "file": "/home/khesoem/projects/lighter/exp/activiti-core/activiti-api-impl/activiti-api-task-runtime-impl/src/main/java/org/activiti/runtime/api/event/internal/TaskCancelledListenerDelegate.java",
              "stats": {
                "number_of_src_entities": 3,
                "number_of_dst_entities": 3,
                "src_entity_types": "[org.activiti.engine.delegate.event.ActivitiActivityCancelledEvent]",
                "dst_entity_types": "[org.activiti.engine.delegate.event.ActivitiEntityEvent]"
              }
            }
          ]
        }
      ]
    }
  ],
  "complete_analysis": true
}