{
  "instances": [
    {
      "revision": "5dfd8c59df8b1d81043ae8f2118b6112a73df676",
      "repairability": [
        {
          "tool-name": "JGenProg",
          "pattern-name": "JGenProg:any_statement_shallow",
          "Unified_Diff_of-files:": "Starts Below...",
          "CHANGE_old:": "        offerLast(e);",
          "CHANGE_new:": "        offerLast(tasksWrapper);",
          "INSERT:": "    @Override",
          "DELETE:": "    @Override",
          "instance_detail": [
            {
              "pattern_action": "ANY",
              "pattern_entity": {
                "entity_type": "*",
                "entity_new value": "*",
                "entity_role": "Statement",
                "entity_parent": "null"
              },
              "concrete_change": {
                "operator": "DEL",
                "src_type": "Throw",
                "dst_type": "null",
                "src": "throw new com.webfirmframework.wffweb.MethodNotImplementedException()",
                "dst": "null",
                "src_parent_type": "Block",
                "dst_parent_type": "null",
                "src_parent": "{\n    throw new com.webfirmframework.wffweb.MethodNotImplementedException();\n}",
                "dst_parent": "null"
              },
              "line": 269,
              "file": "/home/khesoem/projects/lighter/exp/wffweb/src/main/java/com/webfirmframework/wffweb/server/page/ExternalDriveClientTasksWrapperDeque.java"
            }
          ]
        },
        {
          "tool-name": "JGenProg",
          "pattern-name": "JGenProg:any_statement_shallow",
          "Unified_Diff_of-files:": "Starts Below...",
          "CHANGE_old:": "        offerLast(e);",
          "CHANGE_new:": "        offerLast(tasksWrapper);",
          "INSERT:": "    @Override",
          "DELETE:": "    @Override",
          "instance_detail": [
            {
              "pattern_action": "ANY",
              "pattern_entity": {
                "entity_type": "*",
                "entity_new value": "*",
                "entity_role": "Statement",
                "entity_parent": "null"
              },
              "concrete_change": {
                "operator": "DEL",
                "src_type": "Throw",
                "dst_type": "null",
                "src": "throw new com.webfirmframework.wffweb.MethodNotImplementedException()",
                "dst": "null",
                "src_parent_type": "Block",
                "dst_parent_type": "null",
                "src_parent": "{\n    throw new com.webfirmframework.wffweb.MethodNotImplementedException();\n}",
                "dst_parent": "null"
              },
              "line": 274,
              "file": "/home/khesoem/projects/lighter/exp/wffweb/src/main/java/com/webfirmframework/wffweb/server/page/ExternalDriveClientTasksWrapperDeque.java"
            }
          ]
        }
      ]
    },
    {
      "revision": "5dfd8c59df8b1d81043ae8f2118b6112a73df676",
      "repairability": [
        {
          "tool-name": "JGenProg",
          "pattern-name": "JGenProg:any_statement_shallow",
          "Unified_Diff_of-files:": "Starts Below...",
          "CHANGE_old:": "        offerLast(e);",
          "CHANGE_new:": "        offerLast(tasksWrapper);",
          "INSERT:": "    @Override",
          "DELETE:": "    @Override",
          "instance_detail": [
            {
              "pattern_action": "ANY",
              "pattern_entity": {
                "entity_type": "*",
                "entity_new value": "*",
                "entity_role": "Statement",
                "entity_parent": "null"
              },
              "concrete_change": {
                "operator": "DEL",
                "src_type": "Throw",
                "dst_type": "null",
                "src": "throw new com.webfirmframework.wffweb.MethodNotImplementedException()",
                "dst": "null",
                "src_parent_type": "Block",
                "dst_parent_type": "null",
                "src_parent": "{\n    throw new com.webfirmframework.wffweb.MethodNotImplementedException();\n}",
                "dst_parent": "null"
              },
              "line": 198,
              "file": "/home/khesoem/projects/lighter/exp/wffweb/src/main/java/com/webfirmframework/wffweb/server/page/ExternalDriveByteArrayQueue.java"
            }
          ]
        },
        {
          "tool-name": "JGenProg",
          "pattern-name": "JGenProg:any_statement_shallow",
          "Unified_Diff_of-files:": "Starts Below...",
          "CHANGE_old:": "        offerLast(e);",
          "CHANGE_new:": "        offerLast(tasksWrapper);",
          "INSERT:": "    @Override",
          "DELETE:": "    @Override",
          "instance_detail": [
            {
              "pattern_action": "ANY",
              "pattern_entity": {
                "entity_type": "*",
                "entity_new value": "*",
                "entity_role": "Statement",
                "entity_parent": "null"
              },
              "concrete_change": {
                "operator": "DEL",
                "src_type": "Throw",
                "dst_type": "null",
                "src": "throw new com.webfirmframework.wffweb.MethodNotImplementedException()",
                "dst": "null",
                "src_parent_type": "Block",
                "dst_parent_type": "null",
                "src_parent": "{\n    throw new com.webfirmframework.wffweb.MethodNotImplementedException();\n}",
                "dst_parent": "null"
              },
              "line": 204,
              "file": "/home/khesoem/projects/lighter/exp/wffweb/src/main/java/com/webfirmframework/wffweb/server/page/ExternalDriveByteArrayQueue.java"
            }
          ]
        }
      ]
    }
  ],
  "complete_analysis": true
}