{
  "instances": [
    {
      "revision": "5c1f00c1438f2ff02541fd4544ca743f9d329d0a",
      "repairability": [
        {
          "tool-name": "JGenProg",
          "pattern-name": "JGenProg:any_statement_deep",
          "Unified_Diff_of-files:": "Starts Below...",
          "CHANGE_old:": "     *                the key name",
          "CHANGE_new:": "",
          "INSERT:": "    /**",
          "instance_detail": [
            {
              "pattern_action": "ANY",
              "pattern_entity": {
                "entity_type": "*",
                "entity_new value": "*",
                "entity_role": "*",
                "entity_parent": {
                  "entity_type": "*",
                  "entity_new value": "*",
                  "entity_role": "Statement",
                  "entity_parent": "null"
                }
              },
              "concrete_change": {
                "operator": "UPD",
                "src_type": "ConstructorCall",
                "dst_type": "ConstructorCall",
                "src": "new com.webfirmframework.wffweb.WffRuntimeException(\"Invalid Wff BM Array bytes\", e)",
                "dst": "new com.webfirmframework.wffweb.WffRuntimeException(\"Invalid Wff BM Array bytes\", e)",
                "src_parent_type": "Throw",
                "dst_parent_type": "Throw",
                "src_parent": "throw new com.webfirmframework.wffweb.WffRuntimeException(\"Invalid Wff BM Array bytes\", e)",
                "dst_parent": "throw new com.webfirmframework.wffweb.WffRuntimeException(\"Invalid Wff BM Array bytes\", e)"
              },
              "line": 132,
              "file": "/home/khesoem/projects/lighter/exp/wffweb/src/main/java/com/webfirmframework/wffweb/wffbm/data/WffBMArray.java",
              "stats": {
                "number_of_src_entities": 17,
                "number_of_dst_entities": 17,
                "src_entity_types": "[com.webfirmframework.wffweb.WffRuntimeException, java.io.UnsupportedEncodingException, java.lang.String]",
                "dst_entity_types": "[com.webfirmframework.wffweb.WffRuntimeException, java.lang.String, java.lang.RuntimeException]"
              }
            }
          ]
        },
        {
          "tool-name": "JGenProg",
          "pattern-name": "JGenProg:any_statement_deep",
          "Unified_Diff_of-files:": "Starts Below...",
          "CHANGE_old:": "     *                the key name",
          "CHANGE_new:": "",
          "INSERT:": "    /**",
          "instance_detail": [
            {
              "pattern_action": "ANY",
              "pattern_entity": {
                "entity_type": "*",
                "entity_new value": "*",
                "entity_role": "*",
                "entity_parent": {
                  "entity_type": "*",
                  "entity_new value": "*",
                  "entity_role": "Statement",
                  "entity_parent": "null"
                }
              },
              "concrete_change": {
                "operator": "UPD",
                "src_type": "ConstructorCall",
                "dst_type": "ConstructorCall",
                "src": "new com.webfirmframework.wffweb.WffRuntimeException(\"Invalid Wff BM Array bytes\", e)",
                "dst": "new com.webfirmframework.wffweb.WffRuntimeException(\"Invalid Wff BM Array bytes\", e)",
                "src_parent_type": "Throw",
                "dst_parent_type": "Throw",
                "src_parent": "throw new com.webfirmframework.wffweb.WffRuntimeException(\"Invalid Wff BM Array bytes\", e)",
                "dst_parent": "throw new com.webfirmframework.wffweb.WffRuntimeException(\"Invalid Wff BM Array bytes\", e)"
              },
              "line": 140,
              "file": "/home/khesoem/projects/lighter/exp/wffweb/src/main/java/com/webfirmframework/wffweb/wffbm/data/WffBMArray.java",
              "stats": {
                "number_of_src_entities": 17,
                "number_of_dst_entities": 17,
                "src_entity_types": "[com.webfirmframework.wffweb.WffRuntimeException, java.io.UnsupportedEncodingException, java.lang.String]",
                "dst_entity_types": "[com.webfirmframework.wffweb.WffRuntimeException, java.lang.String, java.lang.RuntimeException]"
              }
            }
          ]
        }
      ]
    },
    {
      "revision": "5c1f00c1438f2ff02541fd4544ca743f9d329d0a",
      "repairability": [
        {
          "tool-name": "JGenProg",
          "pattern-name": "JGenProg:any_statement_deep",
          "Unified_Diff_of-files:": "Starts Below...",
          "CHANGE_old:": "     *                the key name",
          "CHANGE_new:": "",
          "INSERT:": "    /**",
          "instance_detail": [
            {
              "pattern_action": "ANY",
              "pattern_entity": {
                "entity_type": "*",
                "entity_new value": "*",
                "entity_role": "*",
                "entity_parent": {
                  "entity_type": "*",
                  "entity_new value": "*",
                  "entity_role": "Statement",
                  "entity_parent": "null"
                }
              },
              "concrete_change": {
                "operator": "UPD",
                "src_type": "ConstructorCall",
                "dst_type": "ConstructorCall",
                "src": "new com.webfirmframework.wffweb.WffRuntimeException(\"Could not create wff bm object\", e)",
                "dst": "new com.webfirmframework.wffweb.WffRuntimeException(\"Could not create wff bm object\", e)",
                "src_parent_type": "Throw",
                "dst_parent_type": "Throw",
                "src_parent": "throw new com.webfirmframework.wffweb.WffRuntimeException(\"Could not create wff bm object\", e)",
                "dst_parent": "throw new com.webfirmframework.wffweb.WffRuntimeException(\"Could not create wff bm object\", e)"
              },
              "line": 79,
              "file": "/home/khesoem/projects/lighter/exp/wffweb/src/main/java/com/webfirmframework/wffweb/wffbm/data/WffBMObject.java",
              "stats": {
                "number_of_src_entities": 17,
                "number_of_dst_entities": 17,
                "src_entity_types": "[com.webfirmframework.wffweb.WffRuntimeException, java.io.UnsupportedEncodingException, java.lang.String]",
                "dst_entity_types": "[com.webfirmframework.wffweb.WffRuntimeException, java.lang.String, java.lang.RuntimeException]"
              }
            }
          ]
        },
        {
          "tool-name": "JGenProg",
          "pattern-name": "JGenProg:any_statement_deep",
          "Unified_Diff_of-files:": "Starts Below...",
          "CHANGE_old:": "     *                the key name",
          "CHANGE_new:": "",
          "INSERT:": "    /**",
          "instance_detail": [
            {
              "pattern_action": "ANY",
              "pattern_entity": {
                "entity_type": "*",
                "entity_new value": "*",
                "entity_role": "*",
                "entity_parent": {
                  "entity_type": "*",
                  "entity_new value": "*",
                  "entity_role": "Statement",
                  "entity_parent": "null"
                }
              },
              "concrete_change": {
                "operator": "UPD",
                "src_type": "ConstructorCall",
                "dst_type": "ConstructorCall",
                "src": "new com.webfirmframework.wffweb.WffRuntimeException(\"Could not create wff bm object\", e)",
                "dst": "new com.webfirmframework.wffweb.WffRuntimeException(\"Could not create wff bm object\", e)",
                "src_parent_type": "Throw",
                "dst_parent_type": "Throw",
                "src_parent": "throw new com.webfirmframework.wffweb.WffRuntimeException(\"Could not create wff bm object\", e)",
                "dst_parent": "throw new com.webfirmframework.wffweb.WffRuntimeException(\"Could not create wff bm object\", e)"
              },
              "line": 88,
              "file": "/home/khesoem/projects/lighter/exp/wffweb/src/main/java/com/webfirmframework/wffweb/wffbm/data/WffBMObject.java",
              "stats": {
                "number_of_src_entities": 17,
                "number_of_dst_entities": 17,
                "src_entity_types": "[com.webfirmframework.wffweb.WffRuntimeException, java.io.UnsupportedEncodingException, java.lang.String]",
                "dst_entity_types": "[com.webfirmframework.wffweb.WffRuntimeException, java.lang.String, java.lang.RuntimeException]"
              }
            }
          ]
        }
      ]
    },
    {
      "revision": "5c1f00c1438f2ff02541fd4544ca743f9d329d0a",
      "repairability": [
        {
          "tool-name": "JGenProg",
          "pattern-name": "JGenProg:any_statement_shallow",
          "Unified_Diff_of-files:": "Starts Below...",
          "CHANGE_old:": "     *                the key name",
          "CHANGE_new:": "",
          "INSERT:": "    /**",
          "instance_detail": [
            {
              "pattern_action": "ANY",
              "pattern_entity": {
                "entity_type": "*",
                "entity_new value": "*",
                "entity_role": "Statement",
                "entity_parent": "null"
              },
              "concrete_change": {
                "operator": "DEL",
                "src_type": "Invocation",
                "dst_type": "null",
                "src": "java.util.Collections.sort(tmpSortedBooleanAttrNames, ( o1, o2) -\u003e java.lang.Integer.compare(o1.length(), o2.length()))",
                "dst": "null",
                "src_parent_type": "Block",
                "dst_parent_type": "null",
                "src_parent": "{\n    final java.lang.reflect.Field[] fields \u003d com.webfirmframework.wffweb.tag.html.attribute.AttributeNameConstants.class.getFields();\n    final int initialCapacity \u003d fields.length;\n    java.util.Map\u003cjava.lang.String, java.lang.Class\u003c?\u003e\u003e attributeClassByAttrName \u003d new java.util.concurrent.ConcurrentHashMap\u003c\u003e(initialCapacity);\n    ATTRIBUTE_CLASS_NAME_BY_ATTR_NAME \u003d new java.util.concurrent.ConcurrentHashMap\u003c\u003e(initialCapacity);\n    com.webfirmframework.wffweb.tag.html.attribute.core.AttributeRegistry.attributeClassByAttrNameTmp \u003d new java.util.concurrent.ConcurrentHashMap\u003c\u003e(initialCapacity);\n    attributeClassByAttrName \u003d new java.util.concurrent.ConcurrentHashMap\u003c\u003e(initialCapacity);\n    attributeClassByAttrName.put(DataWffId.ATTRIBUTE_NAME, com.webfirmframework.wffweb.tag.html.html5.attribute.global.DataWffId.class);\n    attributeClassByAttrName.put(AttributeNameConstants.ACCEPT, com.webfirmframework.wffweb.tag.html.attribute.Accept.class);\n    attributeClassByAttrName.put(AttributeNameConstants.ACCESSKEY, com.webfirmframework.wffweb.tag.html.attribute.global.AccessKey.class);\n    attributeClassByAttrName.put(AttributeNameConstants.ALIGN, com.webfirmframework.wffweb.tag.html.attribute.Align.class);\n    attributeClassByAttrName.put(AttributeNameConstants.ALT, com.webfirmframework.wffweb.tag.html.attribute.Alt.class);\n    attributeClassByAttrName.put(AttributeNameConstants.AUTOCOMPLETE, com.webfirmframework.wffweb.tag.html.html5.attribute.AutoComplete.class);\n    attributeClassByAttrName.put(AttributeNameConstants.AUTOFOCUS, com.webfirmframework.wffweb.tag.html.html5.attribute.AutoFocus.class);\n    attributeClassByAttrName.put(AttributeNameConstants.AUTOPLAY, com.webfirmframework.wffweb.tag.html.html5.attribute.AutoPlay.class);\n    attributeClassByAttrName.put(AttributeNameConstants.CHARSET, com.webfirmframework.wffweb.tag.html.attribute.Charset.class);\n    attributeClassByAttrName.put(AttributeNameConstants.CHECKED, com.webfirmframework.wffweb.tag.html.attribute.Checked.class);\n    attributeClassByAttrName.put(AttributeNameConstants.CLASS, com.webfirmframework.wffweb.tag.html.attribute.global.ClassAttribute.class);\n    attributeClassByAttrName.put(AttributeNameConstants.COLOR, com.webfirmframework.wffweb.tag.html.attribute.ColorAttribute.class);\n    attributeClassByAttrName.put(AttributeNameConstants.CONTENT, com.webfirmframework.wffweb.tag.html.html5.attribute.Content.class);\n    attributeClassByAttrName.put(AttributeNameConstants.CONTENTEDITABLE, com.webfirmframework.wffweb.tag.html.html5.attribute.global.ContentEditable.class);\n    attributeClassByAttrName.put(AttributeNameConstants.CONTEXTMENU, com.webfirmframework.wffweb.tag.html.html5.attribute.global.ContextMenu.class);\n    attributeClassByAttrName.put(AttributeNameConstants.CONTROLS, com.webfirmframework.wffweb.tag.html.html5.attribute.Controls.class);\n    attributeClassByAttrName.put(AttributeNameConstants.COORDS, com.webfirmframework.wffweb.tag.html.attribute.CoOrds.class);\n    attributeClassByAttrName.put(AttributeNameConstants.DATA, com.webfirmframework.wffweb.tag.html.html5.attribute.global.DataAttribute.class);\n    attributeClassByAttrName.put(AttributeNameConstants.DIR, com.webfirmframework.wffweb.tag.html.attribute.global.Dir.class);\n    attributeClassByAttrName.put(AttributeNameConstants.DISABLED, com.webfirmframework.wffweb.tag.html.attribute.Disabled.class);\n    attributeClassByAttrName.put(AttributeNameConstants.DOWNLOAD, com.webfirmframework.wffweb.tag.html.html5.attribute.Download.class);\n    attributeClassByAttrName.put(AttributeNameConstants.DRAGGABLE, com.webfirmframework.wffweb.tag.html.html5.attribute.global.Draggable.class);\n    attributeClassByAttrName.put(AttributeNameConstants.DROPZONE, com.webfirmframework.wffweb.tag.html.html5.attribute.global.Dropzone.class);\n    attributeClassByAttrName.put(AttributeNameConstants.FACE, com.webfirmframework.wffweb.tag.html.attribute.Face.class);\n    attributeClassByAttrName.put(AttributeNameConstants.FORM, com.webfirmframework.wffweb.tag.html.html5.attribute.FormAttribute.class);\n    attributeClassByAttrName.put(AttributeNameConstants.FORMACTION, com.webfirmframework.wffweb.tag.html.html5.attribute.FormAction.class);\n    attributeClassByAttrName.put(AttributeNameConstants.FORMENCTYPE, com.webfirmframework.wffweb.tag.html.html5.attribute.FormEncType.class);\n    attributeClassByAttrName.put(AttributeNameConstants.FORMMETHOD, com.webfirmframework.wffweb.tag.html.html5.attribute.FormMethod.class);\n    attributeClassByAttrName.put(AttributeNameConstants.FORMNOVALIDATE, com.webfirmframework.wffweb.tag.html.html5.attribute.FormNoValidate.class);\n    attributeClassByAttrName.put(AttributeNameConstants.FORMTARGET, com.webfirmframework.wffweb.tag.html.html5.attribute.FormTarget.class);\n    attributeClassByAttrName.put(AttributeNameConstants.HEIGHT, com.webfirmframework.wffweb.tag.html.attribute.Height.class);\n    attributeClassByAttrName.put(AttributeNameConstants.HIDDEN, com.webfirmframework.wffweb.tag.html.html5.attribute.global.Hidden.class);\n    attributeClassByAttrName.put(AttributeNameConstants.HREF, com.webfirmframework.wffweb.tag.html.attribute.Href.class);\n    attributeClassByAttrName.put(AttributeNameConstants.HREFLANG, com.webfirmframework.wffweb.tag.html.attribute.HrefLang.class);\n    attributeClassByAttrName.put(AttributeNameConstants.HTTP_EQUIV, com.webfirmframework.wffweb.tag.html.attribute.HttpEquiv.class);\n    attributeClassByAttrName.put(AttributeNameConstants.ID, com.webfirmframework.wffweb.tag.html.attribute.global.Id.class);\n    attributeClassByAttrName.put(AttributeNameConstants.LANG, com.webfirmframework.wffweb.tag.html.attribute.global.Lang.class);\n    attributeClassByAttrName.put(AttributeNameConstants.LIST, java.util.List.class);\n    attributeClassByAttrName.put(AttributeNameConstants.LOOP, com.webfirmframework.wffweb.tag.html.html5.attribute.Loop.class);\n    attributeClassByAttrName.put(AttributeNameConstants.MAX, com.webfirmframework.wffweb.tag.html.html5.attribute.Max.class);\n    attributeClassByAttrName.put(AttributeNameConstants.MAXLENGTH, com.webfirmframework.wffweb.tag.html.attribute.MaxLength.class);\n    attributeClassByAttrName.put(AttributeNameConstants.MEDIA, com.webfirmframework.wffweb.tag.html.html5.attribute.Media.class);\n    attributeClassByAttrName.put(AttributeNameConstants.METHOD, com.webfirmframework.wffweb.tag.html.attribute.Method.class);\n    attributeClassByAttrName.put(AttributeNameConstants.MIN, com.webfirmframework.wffweb.tag.html.html5.attribute.Min.class);\n    attributeClassByAttrName.put(AttributeNameConstants.MINLENGTH, com.webfirmframework.wffweb.tag.html.attribute.MinLength.class);\n    attributeClassByAttrName.put(AttributeNameConstants.MULTIPLE, com.webfirmframework.wffweb.tag.html.html5.attribute.Multiple.class);\n    attributeClassByAttrName.put(AttributeNameConstants.MUTED, com.webfirmframework.wffweb.tag.html.html5.attribute.Muted.class);\n    attributeClassByAttrName.put(AttributeNameConstants.NAME, com.webfirmframework.wffweb.tag.html.attribute.Name.class);\n    attributeClassByAttrName.put(AttributeNameConstants.NOHREF, com.webfirmframework.wffweb.tag.html.attribute.NoHref.class);\n    attributeClassByAttrName.put(AttributeNameConstants.PATTERN, com.webfirmframework.wffweb.tag.html.html5.attribute.Pattern.class);\n    attributeClassByAttrName.put(AttributeNameConstants.PLACEHOLDER, com.webfirmframework.wffweb.tag.html.html5.attribute.Placeholder.class);\n    attributeClassByAttrName.put(AttributeNameConstants.PRELOAD, com.webfirmframework.wffweb.tag.html.html5.attribute.Preload.class);\n    attributeClassByAttrName.put(AttributeNameConstants.READONLY, com.webfirmframework.wffweb.tag.html.attribute.ReadOnly.class);\n    attributeClassByAttrName.put(AttributeNameConstants.REL, com.webfirmframework.wffweb.tag.html.attribute.Rel.class);\n    attributeClassByAttrName.put(AttributeNameConstants.REQUIRED, com.webfirmframework.wffweb.tag.html.html5.attribute.Required.class);\n    attributeClassByAttrName.put(AttributeNameConstants.REV, com.webfirmframework.wffweb.tag.html.attribute.Rev.class);\n    attributeClassByAttrName.put(AttributeNameConstants.SHAPE, com.webfirmframework.wffweb.tag.html.attribute.Shape.class);\n    attributeClassByAttrName.put(AttributeNameConstants.SIZE, com.webfirmframework.wffweb.tag.html.attribute.Size.class);\n    attributeClassByAttrName.put(AttributeNameConstants.SPELLCHECK, com.webfirmframework.wffweb.tag.html.html5.attribute.global.SpellCheck.class);\n    attributeClassByAttrName.put(AttributeNameConstants.SRC, com.webfirmframework.wffweb.tag.html.attribute.Src.class);\n    attributeClassByAttrName.put(AttributeNameConstants.STEP, com.webfirmframework.wffweb.tag.html.html5.attribute.Step.class);\n    attributeClassByAttrName.put(AttributeNameConstants.STYLE, com.webfirmframework.wffweb.tag.html.attribute.global.Style.class);\n    attributeClassByAttrName.put(AttributeNameConstants.TABINDEX, com.webfirmframework.wffweb.tag.html.attribute.global.TabIndex.class);\n    attributeClassByAttrName.put(AttributeNameConstants.TARGET, com.webfirmframework.wffweb.tag.html.attribute.Target.class);\n    attributeClassByAttrName.put(AttributeNameConstants.TITLE, com.webfirmframework.wffweb.tag.html.attribute.global.Title.class);\n    attributeClassByAttrName.put(AttributeNameConstants.TRANSLATE, com.webfirmframework.wffweb.tag.html.html5.attribute.global.Translate.class);\n    attributeClassByAttrName.put(AttributeNameConstants.TYPE, com.webfirmframework.wffweb.tag.html.attribute.Type.class);\n    attributeClassByAttrName.put(AttributeNameConstants.VALUE, com.webfirmframework.wffweb.tag.html.attribute.Value.class);\n    attributeClassByAttrName.put(AttributeNameConstants.WIDTH, com.webfirmframework.wffweb.tag.html.attribute.Width.class);\n    attributeClassByAttrName.put(AttributeNameConstants.COLSPAN, com.webfirmframework.wffweb.tag.html.attribute.ColSpan.class);\n    attributeClassByAttrName.put(AttributeNameConstants.ROWSPAN, com.webfirmframework.wffweb.tag.html.attribute.RowSpan.class);\n    attributeClassByAttrName.put(AttributeNameConstants.HEADERS, com.webfirmframework.wffweb.tag.html.attribute.Headers.class);\n    attributeClassByAttrName.put(AttributeNameConstants.SCOPE, com.webfirmframework.wffweb.tag.html.attribute.Scope.class);\n    attributeClassByAttrName.put(AttributeNameConstants.SORTED, com.webfirmframework.wffweb.tag.html.attribute.Sorted.class);\n    attributeClassByAttrName.put(AttributeNameConstants.ENCTYPE, com.webfirmframework.wffweb.tag.html.attribute.EncType.class);\n    attributeClassByAttrName.put(AttributeNameConstants.ACTION, com.webfirmframework.wffweb.tag.html.attribute.Action.class);\n    attributeClassByAttrName.put(AttributeNameConstants.BORDER, com.webfirmframework.wffweb.tag.html.attribute.Border.class);\n    attributeClassByAttrName.put(AttributeNameConstants.CELLPADDING, com.webfirmframework.wffweb.tag.html.attribute.CellPadding.class);\n    attributeClassByAttrName.put(AttributeNameConstants.CELLSPACING, com.webfirmframework.wffweb.tag.html.attribute.CellSpacing.class);\n    attributeClassByAttrName.put(AttributeNameConstants.ONCLICK, com.webfirmframework.wffweb.tag.html.attribute.event.mouse.OnClick.class);\n    attributeClassByAttrName.put(AttributeNameConstants.ONCONTEXTMENU, com.webfirmframework.wffweb.tag.html.attribute.event.mouse.OnContextMenu.class);\n    attributeClassByAttrName.put(AttributeNameConstants.ONDBLCLICK, com.webfirmframework.wffweb.tag.html.attribute.event.mouse.OnDblClick.class);\n    attributeClassByAttrName.put(AttributeNameConstants.ONMOUSEDOWN, com.webfirmframework.wffweb.tag.html.attribute.event.mouse.OnMouseDown.class);\n    attributeClassByAttrName.put(AttributeNameConstants.ONMOUSEENTER, com.webfirmframework.wffweb.tag.html.attribute.event.mouse.OnMouseEnter.class);\n    attributeClassByAttrName.put(AttributeNameConstants.ONMOUSELEAVE, com.webfirmframework.wffweb.tag.html.attribute.event.mouse.OnMouseLeave.class);\n    attributeClassByAttrName.put(AttributeNameConstants.ONMOUSEMOVE, com.webfirmframework.wffweb.tag.html.attribute.event.mouse.OnMouseMove.class);\n    attributeClassByAttrName.put(AttributeNameConstants.ONMOUSEOUT, com.webfirmframework.wffweb.tag.html.attribute.event.mouse.OnMouseOut.class);\n    attributeClassByAttrName.put(AttributeNameConstants.ONMOUSEUP, com.webfirmframework.wffweb.tag.html.attribute.event.mouse.OnMouseUp.class);\n    attributeClassByAttrName.put(AttributeNameConstants.ONKEYDOWN, com.webfirmframework.wffweb.tag.html.attribute.event.keyboard.OnKeyDown.class);\n    attributeClassByAttrName.put(AttributeNameConstants.ONKEYPRESS, com.webfirmframework.wffweb.tag.html.attribute.event.keyboard.OnKeyPress.class);\n    attributeClassByAttrName.put(AttributeNameConstants.ONKEYUP, com.webfirmframework.wffweb.tag.html.attribute.event.keyboard.OnKeyUp.class);\n    attributeClassByAttrName.put(AttributeNameConstants.ONABORT, com.webfirmframework.wffweb.tag.html.attribute.event.frame.or.object.OnAbort.class);\n    attributeClassByAttrName.put(AttributeNameConstants.ONBEFOREUNLOAD, com.webfirmframework.wffweb.tag.html.attribute.event.frame.or.object.OnBeforeUnload.class);\n    attributeClassByAttrName.put(AttributeNameConstants.ONERROR, com.webfirmframework.wffweb.tag.html.attribute.event.frame.or.object.OnError.class);\n    attributeClassByAttrName.put(AttributeNameConstants.ONHASHCHANGE, com.webfirmframework.wffweb.tag.html.attribute.event.frame.or.object.OnHashChange.class);\n    attributeClassByAttrName.put(AttributeNameConstants.ONLOAD, com.webfirmframework.wffweb.tag.html.attribute.event.frame.or.object.OnLoad.class);\n    attributeClassByAttrName.put(AttributeNameConstants.ONPAGESHOW, com.webfirmframework.wffweb.tag.html.attribute.event.frame.or.object.OnPageShow.class);\n    attributeClassByAttrName.put(AttributeNameConstants.ONPAGEHIDE, com.webfirmframework.wffweb.tag.html.attribute.event.frame.or.object.OnPageHide.class);\n    attributeClassByAttrName.put(AttributeNameConstants.ONSCROLL, com.webfirmframework.wffweb.tag.html.attribute.event.frame.or.object.OnScroll.class);\n    attributeClassByAttrName.put(AttributeNameConstants.ONUNLOAD, com.webfirmframework.wffweb.tag.html.attribute.event.frame.or.object.OnUnload.class);\n    attributeClassByAttrName.put(AttributeNameConstants.ONBLUR, com.webfirmframework.wffweb.tag.html.attribute.event.form.OnBlur.class);\n    attributeClassByAttrName.put(AttributeNameConstants.ONCHANGE, com.webfirmframework.wffweb.tag.html.attribute.event.form.OnChange.class);\n    attributeClassByAttrName.put(AttributeNameConstants.ONFOCUS, com.webfirmframework.wffweb.tag.html.attribute.event.form.OnFocus.class);\n    attributeClassByAttrName.put(AttributeNameConstants.ONFOCUSIN, com.webfirmframework.wffweb.tag.html.attribute.event.form.OnFocusIn.class);\n    attributeClassByAttrName.put(AttributeNameConstants.ONFOCUSOUT, com.webfirmframework.wffweb.tag.html.attribute.event.form.OnFocusOut.class);\n    attributeClassByAttrName.put(AttributeNameConstants.ONINPUT, com.webfirmframework.wffweb.tag.html.attribute.event.form.OnInput.class);\n    attributeClassByAttrName.put(AttributeNameConstants.ONINVALID, com.webfirmframework.wffweb.tag.html.attribute.event.form.OnInvalid.class);\n    attributeClassByAttrName.put(AttributeNameConstants.ONRESET, com.webfirmframework.wffweb.tag.html.attribute.event.form.OnReset.class);\n    attributeClassByAttrName.put(AttributeNameConstants.ONSEARCH, com.webfirmframework.wffweb.tag.html.attribute.event.form.OnSearch.class);\n    attributeClassByAttrName.put(AttributeNameConstants.ONSELECT, com.webfirmframework.wffweb.tag.html.attribute.event.form.OnSelect.class);\n    attributeClassByAttrName.put(AttributeNameConstants.ONSUBMIT, com.webfirmframework.wffweb.tag.html.attribute.event.form.OnSubmit.class);\n    attributeClassByAttrName.put(AttributeNameConstants.ONDRAG, com.webfirmframework.wffweb.tag.html.attribute.event.drag.OnDrag.class);\n    attributeClassByAttrName.put(AttributeNameConstants.ONDRAGEND, com.webfirmframework.wffweb.tag.html.attribute.event.drag.OnDragEnd.class);\n    attributeClassByAttrName.put(AttributeNameConstants.ONDRAGENTER, com.webfirmframework.wffweb.tag.html.attribute.event.drag.OnDragEnter.class);\n    attributeClassByAttrName.put(AttributeNameConstants.ONDRAGLEAVE, com.webfirmframework.wffweb.tag.html.attribute.event.drag.OnDragLeave.class);\n    attributeClassByAttrName.put(AttributeNameConstants.ONDRAGOVER, com.webfirmframework.wffweb.tag.html.attribute.event.drag.OnDragOver.class);\n    attributeClassByAttrName.put(AttributeNameConstants.ONDRAGSTART, com.webfirmframework.wffweb.tag.html.attribute.event.drag.OnDragStart.class);\n    attributeClassByAttrName.put(AttributeNameConstants.ONDROP, com.webfirmframework.wffweb.tag.html.attribute.event.drag.OnDrop.class);\n    attributeClassByAttrName.put(AttributeNameConstants.ONCOPY, com.webfirmframework.wffweb.tag.html.attribute.event.clipboard.OnCopy.class);\n    attributeClassByAttrName.put(AttributeNameConstants.ONCUT, com.webfirmframework.wffweb.tag.html.attribute.event.clipboard.OnCut.class);\n    attributeClassByAttrName.put(AttributeNameConstants.ONPASTE, com.webfirmframework.wffweb.tag.html.attribute.event.clipboard.OnPaste.class);\n    attributeClassByAttrName.put(AttributeNameConstants.ONAFTERPRINT, com.webfirmframework.wffweb.tag.html.attribute.event.print.OnAfterPrint.class);\n    attributeClassByAttrName.put(AttributeNameConstants.ONBEFOREPRINT, com.webfirmframework.wffweb.tag.html.attribute.event.print.OnBeforePrint.class);\n    attributeClassByAttrName.put(AttributeNameConstants.ONCANPLAY, com.webfirmframework.wffweb.tag.html.attribute.event.media.OnCanPlay.class);\n    attributeClassByAttrName.put(AttributeNameConstants.ONCANPLAYTHROUGH, com.webfirmframework.wffweb.tag.html.attribute.event.media.OnCanPlayThrough.class);\n    attributeClassByAttrName.put(AttributeNameConstants.ONDURATIONCHANGE, com.webfirmframework.wffweb.tag.html.attribute.event.media.OnDurationChange.class);\n    attributeClassByAttrName.put(AttributeNameConstants.ONEMPTIED, com.webfirmframework.wffweb.tag.html.attribute.event.media.OnEmptied.class);\n    attributeClassByAttrName.put(AttributeNameConstants.ONENDED, com.webfirmframework.wffweb.tag.html.attribute.event.media.OnEnded.class);\n    attributeClassByAttrName.put(AttributeNameConstants.ONLOADEDDATA, com.webfirmframework.wffweb.tag.html.attribute.event.media.OnLoadedData.class);\n    attributeClassByAttrName.put(AttributeNameConstants.ONLOADEDMETADATA, com.webfirmframework.wffweb.tag.html.attribute.event.media.OnLoadedMetaData.class);\n    attributeClassByAttrName.put(AttributeNameConstants.ONLOADSTART, com.webfirmframework.wffweb.tag.html.attribute.event.media.OnLoadStart.class);\n    attributeClassByAttrName.put(AttributeNameConstants.ONPAUSE, com.webfirmframework.wffweb.tag.html.attribute.event.media.OnPause.class);\n    attributeClassByAttrName.put(AttributeNameConstants.ONPLAY, com.webfirmframework.wffweb.tag.html.attribute.event.media.OnPlay.class);\n    attributeClassByAttrName.put(AttributeNameConstants.ONPLAYING, com.webfirmframework.wffweb.tag.html.attribute.event.media.OnPlaying.class);\n    attributeClassByAttrName.put(AttributeNameConstants.ONPROGRESS, com.webfirmframework.wffweb.tag.html.attribute.event.media.OnProgress.class);\n    attributeClassByAttrName.put(AttributeNameConstants.ONRATECHANGE, com.webfirmframework.wffweb.tag.html.attribute.event.media.OnRateChange.class);\n    attributeClassByAttrName.put(AttributeNameConstants.ONSEEKED, com.webfirmframework.wffweb.tag.html.attribute.event.media.OnSeeked.class);\n    attributeClassByAttrName.put(AttributeNameConstants.ONSEEKING, com.webfirmframework.wffweb.tag.html.attribute.event.media.OnSeeking.class);\n    attributeClassByAttrName.put(AttributeNameConstants.ONSTALLED, com.webfirmframework.wffweb.tag.html.attribute.event.media.OnStalled.class);\n    attributeClassByAttrName.put(AttributeNameConstants.ONSUSPEND, com.webfirmframework.wffweb.tag.html.attribute.event.media.OnSuspend.class);\n    attributeClassByAttrName.put(AttributeNameConstants.ONTIMEUPDATE, com.webfirmframework.wffweb.tag.html.attribute.event.media.OnTimeUpdate.class);\n    attributeClassByAttrName.put(AttributeNameConstants.ONVOLUMECHANGE, com.webfirmframework.wffweb.tag.html.attribute.event.media.OnVolumeChange.class);\n    attributeClassByAttrName.put(AttributeNameConstants.ONWAITING, com.webfirmframework.wffweb.tag.html.attribute.event.media.OnWaiting.class);\n    attributeClassByAttrName.put(AttributeNameConstants.ANIMATIONEND, com.webfirmframework.wffweb.tag.html.attribute.event.animation.AnimationEnd.class);\n    attributeClassByAttrName.put(AttributeNameConstants.ANIMATIONITERATION, com.webfirmframework.wffweb.tag.html.attribute.event.animation.AnimationIteration.class);\n    attributeClassByAttrName.put(AttributeNameConstants.ANIMATIONSTART, com.webfirmframework.wffweb.tag.html.attribute.event.animation.AnimationStart.class);\n    attributeClassByAttrName.put(AttributeNameConstants.TRANSITIONEND, com.webfirmframework.wffweb.tag.html.attribute.event.transition.TransitionEnd.class);\n    attributeClassByAttrName.put(AttributeNameConstants.ONOFFLINE, com.webfirmframework.wffweb.tag.html.attribute.event.misc.OnOffline.class);\n    attributeClassByAttrName.put(AttributeNameConstants.ONONLINE, com.webfirmframework.wffweb.tag.html.attribute.event.misc.OnOnline.class);\n    attributeClassByAttrName.put(AttributeNameConstants.ONPOPSTATE, com.webfirmframework.wffweb.tag.html.attribute.event.misc.OnPopState.class);\n    attributeClassByAttrName.put(AttributeNameConstants.ONSHOW, com.webfirmframework.wffweb.tag.html.attribute.event.misc.OnShow.class);\n    attributeClassByAttrName.put(AttributeNameConstants.ONSTORAGE, com.webfirmframework.wffweb.tag.html.attribute.event.misc.OnStorage.class);\n    attributeClassByAttrName.put(AttributeNameConstants.ONTOGGLE, com.webfirmframework.wffweb.tag.html.attribute.event.misc.OnToggle.class);\n    attributeClassByAttrName.put(AttributeNameConstants.ONWHEEL, com.webfirmframework.wffweb.tag.html.attribute.event.misc.OnWheel.class);\n    attributeClassByAttrName.put(AttributeNameConstants.ONTOUCHCANCEL, com.webfirmframework.wffweb.tag.html.attribute.event.touch.OnTouchCancel.class);\n    attributeClassByAttrName.put(AttributeNameConstants.ONTOUCHEND, com.webfirmframework.wffweb.tag.html.attribute.event.touch.OnTouchEnd.class);\n    attributeClassByAttrName.put(AttributeNameConstants.ONTOUCHMOVE, com.webfirmframework.wffweb.tag.html.attribute.event.touch.OnTouchMove.class);\n    attributeClassByAttrName.put(AttributeNameConstants.ONTOUCHSTART, com.webfirmframework.wffweb.tag.html.attribute.event.touch.OnTouchStart.class);\n    attributeClassByAttrName.put(AttributeNameConstants.ROLE, com.webfirmframework.wffweb.tag.html.attribute.Role.class);\n    attributeClassByAttrName.put(AttributeNameConstants.SRCSET, com.webfirmframework.wffweb.tag.html.html5.attribute.SrcSet.class);\n    attributeClassByAttrName.put(AttributeNameConstants.SIZES, com.webfirmframework.wffweb.tag.html.html5.attribute.Sizes.class);\n    attributeClassByAttrName.put(AttributeNameConstants.COLS, com.webfirmframework.wffweb.tag.html.attribute.Cols.class);\n    attributeClassByAttrName.put(AttributeNameConstants.ROWS, com.webfirmframework.wffweb.tag.html.attribute.Rows.class);\n    attributeClassByAttrName.put(AttributeNameConstants.FOR, com.webfirmframework.wffweb.tag.html.attribute.For.class);\n    attributeClassByAttrName.put(AttributeNameConstants.SELECTED, com.webfirmframework.wffweb.tag.html.attribute.Selected.class);\n    attributeClassByAttrName.put(AttributeNameConstants.ACCEPT_CHARSET, com.webfirmframework.wffweb.tag.html.attribute.AcceptCharset.class);\n    attributeClassByAttrName.put(AttributeNameConstants.ASYNC, com.webfirmframework.wffweb.tag.html.attribute.Async.class);\n    attributeClassByAttrName.put(AttributeNameConstants.DATETIME, com.webfirmframework.wffweb.tag.html.html5.attribute.DateTime.class);\n    attributeClassByAttrName.put(AttributeNameConstants.ONMOUSEOVER, com.webfirmframework.wffweb.tag.html.attribute.event.mouse.OnMouseOver.class);\n    attributeClassByAttrName.put(AttributeNameConstants.ONRESIZE, com.webfirmframework.wffweb.tag.html.attribute.event.frame.or.object.OnResize.class);\n    attributeClassByAttrName.put(AttributeNameConstants.OPEN, com.webfirmframework.wffweb.tag.html.html5.attribute.Open.class);\n    attributeClassByAttrName.put(AttributeNameConstants.OPTIMUM, com.webfirmframework.wffweb.tag.html.html5.attribute.Optimum.class);\n    attributeClassByAttrName.put(AttributeNameConstants.DEFER, com.webfirmframework.wffweb.tag.html.attribute.Defer.class);\n    attributeClassByAttrName.put(AttributeNameConstants.DEFAULT, com.webfirmframework.wffweb.tag.html.html5.attribute.Default.class);\n    attributeClassByAttrName.put(AttributeNameConstants.DIRNAME, com.webfirmframework.wffweb.tag.html.attribute.DirName.class);\n    attributeClassByAttrName.put(AttributeNameConstants.HIGH, com.webfirmframework.wffweb.tag.html.html5.attribute.High.class);\n    attributeClassByAttrName.put(AttributeNameConstants.LOW, com.webfirmframework.wffweb.tag.html.html5.attribute.Low.class);\n    attributeClassByAttrName.put(AttributeNameConstants.REVERSED, com.webfirmframework.wffweb.tag.html.html5.attribute.Reversed.class);\n    attributeClassByAttrName.put(AttributeNameConstants.POSTER, com.webfirmframework.wffweb.tag.html.html5.attribute.Poster.class);\n    attributeClassByAttrName.put(AttributeNameConstants.ISMAP, com.webfirmframework.wffweb.tag.html.attribute.IsMap.class);\n    attributeClassByAttrName.put(AttributeNameConstants.SANDBOX, com.webfirmframework.wffweb.tag.html.html5.attribute.Sandbox.class);\n    attributeClassByAttrName.put(AttributeNameConstants.WRAP, com.webfirmframework.wffweb.tag.html.html5.attribute.Wrap.class);\n    attributeClassByAttrName.put(AttributeNameConstants.USEMAP, com.webfirmframework.wffweb.tag.html.attribute.UseMap.class);\n    attributeClassByAttrName.put(AttributeNameConstants.NONCE, com.webfirmframework.wffweb.tag.html.attribute.Nonce.class);\n    ATTRIBUTE_CLASS_BY_ATTR_NAME \u003d java.util.Collections.unmodifiableMap(attributeClassByAttrName);\n    com.webfirmframework.wffweb.tag.html.attribute.core.AttributeRegistry.attributeClassByAttrNameTmp.putAll(attributeClassByAttrName);\n    final java.util.List\u003cjava.lang.String\u003e tmpSortedBooleanAttrNames \u003d new java.util.ArrayList\u003c\u003e(8);\n    for (final java.util.Map.Entry\u003cjava.lang.String, java.lang.Class\u003c?\u003e\u003e entry : attributeClassByAttrName.entrySet()) {\n        final java.lang.Class\u003c?\u003e attrClass \u003d entry.getValue();\n        final java.lang.String attrName \u003d entry.getKey();\n        com.webfirmframework.wffweb.tag.html.attribute.core.AttributeRegistry.ATTRIBUTE_CLASS_NAME_BY_ATTR_NAME.put(attrName, attrClass.getSimpleName());\n        if (com.webfirmframework.wffweb.tag.html.identifier.BooleanAttribute.class.isAssignableFrom(attrClass)) {\n            tmpSortedBooleanAttrNames.add(attrName);\n        }\n    }\n    java.util.Collections.sort(tmpSortedBooleanAttrNames, ( o1, o2) -\u003e java.lang.Integer.compare(o1.length(), o2.length()));\n    SORTED_BOOLEAN_ATTR_NAMES \u003d java.util.Collections.unmodifiableList(tmpSortedBooleanAttrNames);\n    ATTRIBUTE_NAMES_SET \u003d new java.util.HashSet\u003c\u003e(initialCapacity);\n    com.webfirmframework.wffweb.tag.html.attribute.core.AttributeRegistry.ATTRIBUTE_NAMES_SET.addAll(com.webfirmframework.wffweb.tag.html.attribute.core.AttributeRegistry.ATTRIBUTE_CLASS_NAME_BY_ATTR_NAME.keySet());\n    for (final java.lang.reflect.Field field : fields) {\n        try {\n            final java.lang.String tagName \u003d field.get(null).toString();\n            com.webfirmframework.wffweb.tag.html.attribute.core.AttributeRegistry.ATTRIBUTE_NAMES_SET.add(tagName);\n        } catch (final java.lang.Exception e) {\n            if (com.webfirmframework.wffweb.tag.html.attribute.core.AttributeRegistry.LOGGER.isLoggable(java.util.logging.Level.SEVERE)) {\n                com.webfirmframework.wffweb.tag.html.attribute.core.AttributeRegistry.LOGGER.log(java.util.logging.Level.SEVERE, e.getMessage(), e);\n            }\n        }\n    }\n    int index \u003d 0;\n    for (final java.lang.String attrName : IndexedAttributeName.INSTANCE.sortedAttrNames()) {\n        final java.lang.Class\u003c?\u003e attrClass \u003d com.webfirmframework.wffweb.tag.html.attribute.core.AttributeRegistry.ATTRIBUTE_CLASS_BY_ATTR_NAME.get(attrName);\n        com.webfirmframework.wffweb.tag.html.attribute.core.AttributeRegistry.INDEXED_ATTR_CLASSES.add(index, attrClass);\n        index++;\n    }\n}",
                "dst_parent": "null"
              },
              "line": 603,
              "file": "/home/khesoem/projects/lighter/exp/wffweb/src/main/java/com/webfirmframework/wffweb/tag/html/attribute/core/AttributeRegistry.java",
              "stats": {
                "number_of_src_entities": 61,
                "number_of_dst_entities": -1,
                "src_entity_types": "[java.lang.Integer, java.lang.String, java.util.List\u003cjava.lang.String\u003e, java.util.Comparator\u003c? super java.lang.String\u003e, java.util.Collections]",
                "dst_entity_types": "[]"
              }
            }
          ]
        }
      ]
    },
    {
      "revision": "5c1f00c1438f2ff02541fd4544ca743f9d329d0a",
      "repairability": [
        {
          "tool-name": "JGenProg",
          "pattern-name": "JGenProg:any_statement_shallow",
          "Unified_Diff_of-files:": "Starts Below...",
          "CHANGE_old:": "     *                the key name",
          "CHANGE_new:": "",
          "INSERT:": "    /**",
          "instance_detail": [
            {
              "pattern_action": "ANY",
              "pattern_entity": {
                "entity_type": "*",
                "entity_new value": "*",
                "entity_role": "Statement",
                "entity_parent": "null"
              },
              "concrete_change": {
                "operator": "INS",
                "src_type": "Return",
                "dst_type": "null",
                "src": "return sourceAttribute",
                "dst": "null",
                "src_parent_type": "Block",
                "dst_parent_type": "null",
                "src_parent": "{\n    return sourceAttribute;\n}",
                "dst_parent": "null"
              },
              "line": 176,
              "file": "/home/khesoem/projects/lighter/exp/wffweb/src/main/java/com/webfirmframework/wffweb/tag/html/attribute/event/ServerAsyncMethod.java",
              "stats": {
                "number_of_src_entities": 16,
                "number_of_dst_entities": -1,
                "src_entity_types": "[com.webfirmframework.wffweb.tag.html.attribute.event.ServerAsyncMethod, com.webfirmframework.wffweb.tag.html.attribute.event.ServerAsyncMethod.Event]",
                "dst_entity_types": "[]"
              }
            }
          ]
        },
        {
          "tool-name": "JGenProg",
          "pattern-name": "JGenProg:any_statement_shallow",
          "Unified_Diff_of-files:": "Starts Below...",
          "CHANGE_old:": "     *                the key name",
          "CHANGE_new:": "",
          "INSERT:": "    /**",
          "instance_detail": [
            {
              "pattern_action": "ANY",
              "pattern_entity": {
                "entity_type": "*",
                "entity_new value": "*",
                "entity_role": "Statement",
                "entity_parent": "null"
              },
              "concrete_change": {
                "operator": "INS",
                "src_type": "Return",
                "dst_type": "null",
                "src": "return serverSideData",
                "dst": "null",
                "src_parent_type": "Block",
                "dst_parent_type": "null",
                "src_parent": "{\n    return serverSideData;\n}",
                "dst_parent": "null"
              },
              "line": 191,
              "file": "/home/khesoem/projects/lighter/exp/wffweb/src/main/java/com/webfirmframework/wffweb/tag/html/attribute/event/ServerAsyncMethod.java",
              "stats": {
                "number_of_src_entities": 16,
                "number_of_dst_entities": -1,
                "src_entity_types": "[com.webfirmframework.wffweb.tag.html.attribute.event.ServerAsyncMethod, com.webfirmframework.wffweb.tag.html.attribute.event.ServerAsyncMethod.Event]",
                "dst_entity_types": "[]"
              }
            }
          ]
        }
      ]
    },
    {
      "revision": "5c1f00c1438f2ff02541fd4544ca743f9d329d0a",
      "repairability": [
        {
          "tool-name": "JGenProg",
          "pattern-name": "JGenProg:any_statement_shallow",
          "Unified_Diff_of-files:": "Starts Below...",
          "CHANGE_old:": "     *                the key name",
          "CHANGE_new:": "",
          "INSERT:": "    /**",
          "instance_detail": [
            {
              "pattern_action": "ANY",
              "pattern_entity": {
                "entity_type": "*",
                "entity_new value": "*",
                "entity_role": "Statement",
                "entity_parent": "null"
              },
              "concrete_change": {
                "operator": "DEL",
                "src_type": "LocalVariable",
                "dst_type": "null",
                "src": "final java.lang.Integer length1 \u003d o1.length()",
                "dst": "null",
                "src_parent_type": "Block",
                "dst_parent_type": "null",
                "src_parent": "{\n    final java.lang.Integer length1 \u003d o1.length();\n    final java.lang.Integer length2 \u003d o2.length();\n    return length1.compareTo(length2);\n}",
                "dst_parent": "null"
              },
              "line": 392,
              "file": "/home/khesoem/projects/lighter/exp/wffweb/src/main/java/com/webfirmframework/wffweb/tag/html/core/TagRegistry.java"
            }
          ]
        },
        {
          "tool-name": "JGenProg",
          "pattern-name": "JGenProg:any_statement_shallow",
          "Unified_Diff_of-files:": "Starts Below...",
          "CHANGE_old:": "     *                the key name",
          "CHANGE_new:": "",
          "INSERT:": "    /**",
          "instance_detail": [
            {
              "pattern_action": "ANY",
              "pattern_entity": {
                "entity_type": "*",
                "entity_new value": "*",
                "entity_role": "Statement",
                "entity_parent": "null"
              },
              "concrete_change": {
                "operator": "DEL",
                "src_type": "LocalVariable",
                "dst_type": "null",
                "src": "final java.lang.Integer length2 \u003d o2.length()",
                "dst": "null",
                "src_parent_type": "Block",
                "dst_parent_type": "null",
                "src_parent": "{\n    final java.lang.Integer length1 \u003d o1.length();\n    final java.lang.Integer length2 \u003d o2.length();\n    return length1.compareTo(length2);\n}",
                "dst_parent": "null"
              },
              "line": 393,
              "file": "/home/khesoem/projects/lighter/exp/wffweb/src/main/java/com/webfirmframework/wffweb/tag/html/core/TagRegistry.java"
            }
          ]
        },
        {
          "tool-name": "JGenProg",
          "pattern-name": "JGenProg:any_statement_shallow",
          "Unified_Diff_of-files:": "Starts Below...",
          "CHANGE_old:": "     *                the key name",
          "CHANGE_new:": "",
          "INSERT:": "    /**",
          "instance_detail": [
            {
              "pattern_action": "ANY",
              "pattern_entity": {
                "entity_type": "*",
                "entity_new value": "*",
                "entity_role": "Statement",
                "entity_parent": "null"
              },
              "concrete_change": {
                "operator": "DEL",
                "src_type": "Return",
                "dst_type": "null",
                "src": "return length1.compareTo(length2)",
                "dst": "null",
                "src_parent_type": "Block",
                "dst_parent_type": "null",
                "src_parent": "{\n    final java.lang.Integer length1 \u003d o1.length();\n    final java.lang.Integer length2 \u003d o2.length();\n    return length1.compareTo(length2);\n}",
                "dst_parent": "null"
              },
              "line": 395,
              "file": "/home/khesoem/projects/lighter/exp/wffweb/src/main/java/com/webfirmframework/wffweb/tag/html/core/TagRegistry.java"
            }
          ]
        }
      ]
    }
  ],
  "complete_analysis": true
}