{
  "instances": [
    {
      "revision": "030f0d39f9526426c5d46362e640fda62636c1f9",
      "repairability": [
        {
          "tool-name": "JGenProg",
          "pattern-name": "JGenProg:any_statement_shallow",
          "Unified_Diff_of-files:": "Starts Below...",
          "INSERT:": "}",
          "instance_detail": [
            {
              "pattern_action": "ANY",
              "pattern_entity": {
                "entity_type": "*",
                "entity_new value": "*",
                "entity_role": "Statement",
                "entity_parent": "null"
              },
              "concrete_change": {
                "operator": "DEL",
                "src_type": "If",
                "dst_type": "null",
                "src": "if ((abstractHtml) \u003d\u003d null) {\n    abstractHtml \u003d render();\n    if ((abstractHtml) \u003d\u003d null) {\n        throw new com.webfirmframework.wffweb.NullValueException(\"render must return an instance of AbstractHtml, eg:- new Html(null);\");\n    }\n    tagByWffId \u003d abstractHtml.getSharedObject().initTagByWffId(com.webfirmframework.wffweb.server.page.BrowserPage.ACCESS_OBJECT);\n    addDataWffIdAttribute(abstractHtml);\n    addAttrValueChangeListener(abstractHtml);\n    addChildTagAppendListener(abstractHtml);\n    addChildTagRemoveListener(abstractHtml);\n    addAttributeAddListener(abstractHtml);\n    addAttributeRemoveListener(abstractHtml);\n    addInnerHtmlAddListener(abstractHtml);\n    addInsertBeforeListener(abstractHtml);\n} else {\n    synchronized(wffBMBytesQueue) {\n        wffBMBytesQueue.clear();\n        pushQueueSize.set(0);\n    }\n}",
                "dst": "null",
                "src_parent_type": "Block",
                "dst_parent_type": "null",
                "src_parent": "{\n    if ((abstractHtml) \u003d\u003d null) {\n        abstractHtml \u003d render();\n        if ((abstractHtml) \u003d\u003d null) {\n            throw new com.webfirmframework.wffweb.NullValueException(\"render must return an instance of AbstractHtml, eg:- new Html(null);\");\n        }\n        tagByWffId \u003d abstractHtml.getSharedObject().initTagByWffId(com.webfirmframework.wffweb.server.page.BrowserPage.ACCESS_OBJECT);\n        addDataWffIdAttribute(abstractHtml);\n        addAttrValueChangeListener(abstractHtml);\n        addChildTagAppendListener(abstractHtml);\n        addChildTagRemoveListener(abstractHtml);\n        addAttributeAddListener(abstractHtml);\n        addAttributeRemoveListener(abstractHtml);\n        addInnerHtmlAddListener(abstractHtml);\n        addInsertBeforeListener(abstractHtml);\n    } else {\n        synchronized(wffBMBytesQueue) {\n            wffBMBytesQueue.clear();\n            pushQueueSize.set(0);\n        }\n    }\n    final java.lang.String webSocketUrl \u003d webSocketUrl();\n    if (webSocketUrl \u003d\u003d null) {\n        throw new com.webfirmframework.wffweb.NullValueException(\"webSocketUrl must return valid WebSocket url\");\n    }\n    final java.lang.String wsUrlWithInstanceId \u003d ((webSocketUrl.indexOf(\u0027?\u0027)) \u003d\u003d (-1)) ? (webSocketUrl + \"?wffInstanceId\u003d\") + (getInstanceId()) : (webSocketUrl + \"\u0026wffInstanceId\u003d\") + (getInstanceId());\n    embedWffScriptIfRequired(abstractHtml, wsUrlWithInstanceId);\n}",
                "dst_parent": "null"
              },
              "line": 828,
              "file": "/home/khesoem/projects/lighter/exp/wffweb/src/main/java/com/webfirmframework/wffweb/server/page/BrowserPage.java",
              "stats": {
                "number_of_src_entities": 375,
                "number_of_dst_entities": -1,
                "src_entity_types": "[com.webfirmframework.wffweb.tag.html.AbstractHtml, int, java.util.concurrent.atomic.AtomicInteger, java.lang.String, java.util.Collection, com.webfirmframework.wffweb.server.page.BrowserPage, com.webfirmframework.wffweb.NullValueException, \u003cnulltype\u003e]",
                "dst_entity_types": "[]"
              }
            }
          ]
        }
      ]
    }
  ],
  "complete_analysis": true
}