{
  "instances": [
    {
      "revision": "607ea00508516304224854d7fe74b4e185b6ab91",
      "repairability": [
        {
          "tool-name": "JGenProg",
          "pattern-name": "JGenProg:any_statement_shallow",
          "Unified_Diff_of-files:": "Starts Below...",
          "CHANGE_old:": "     * adds {@code AbstractHtml}s as children.",
          "CHANGE_new:": "     * gets child content",
          "instance_detail": [
            {
              "pattern_action": "ANY",
              "pattern_entity": {
                "entity_type": "*",
                "entity_new value": "*",
                "entity_role": "Statement",
                "entity_parent": "null"
              },
              "concrete_change": {
                "operator": "DEL",
                "src_type": "LocalVariable",
                "dst_type": "null",
                "src": "final com.webfirmframework.wffweb.tag.htmlwff.NoTag noTag \u003d new com.webfirmframework.wffweb.tag.htmlwff.NoTag(null, null, contentTypeHtml)",
                "dst": "null",
                "src_parent_type": "Block",
                "dst_parent_type": "null",
                "src_parent": "{\n    final com.webfirmframework.wffweb.tag.htmlwff.NoTag noTag \u003d new com.webfirmframework.wffweb.tag.htmlwff.NoTag(null, null, contentTypeHtml);\n    final com.webfirmframework.wffweb.tag.html.AbstractHtml noTagAsBase \u003d noTag;\n    noTagAsBase.setSharedTagContent(this);\n    dataList.add(new com.webfirmframework.wffweb.tag.html.ParentNoTagData(prevNoTag, parentTag, noTag, formatter));\n    com.webfirmframework.wffweb.tag.html.SharedTagContent.LOGGER.log(java.util.logging.Level.SEVERE, \"Exception while ContentFormatter.format\", e);\n}",
                "dst_parent": "null"
              },
              "line": 629,
              "file": "/home/khesoem/projects/lighter/exp/wffweb/src/main/java/com/webfirmframework/wffweb/tag/html/SharedTagContent.java",
              "stats": {
                "number_of_src_entities": 19,
                "number_of_dst_entities": -1,
                "src_entity_types": "[boolean, com.webfirmframework.wffweb.tag.htmlwff.NoTag, \u003cnulltype\u003e]",
                "dst_entity_types": "[]"
              }
            }
          ]
        },
        {
          "tool-name": "JGenProg",
          "pattern-name": "JGenProg:any_statement_shallow",
          "Unified_Diff_of-files:": "Starts Below...",
          "CHANGE_old:": "     * adds {@code AbstractHtml}s as children.",
          "CHANGE_new:": "     * gets child content",
          "instance_detail": [
            {
              "pattern_action": "ANY",
              "pattern_entity": {
                "entity_type": "*",
                "entity_new value": "*",
                "entity_role": "Statement",
                "entity_parent": "null"
              },
              "concrete_change": {
                "operator": "DEL",
                "src_type": "LocalVariable",
                "dst_type": "null",
                "src": "final com.webfirmframework.wffweb.tag.html.AbstractHtml noTagAsBase \u003d noTag",
                "dst": "null",
                "src_parent_type": "Block",
                "dst_parent_type": "null",
                "src_parent": "{\n    final com.webfirmframework.wffweb.tag.htmlwff.NoTag noTag \u003d new com.webfirmframework.wffweb.tag.htmlwff.NoTag(null, null, contentTypeHtml);\n    final com.webfirmframework.wffweb.tag.html.AbstractHtml noTagAsBase \u003d noTag;\n    noTagAsBase.setSharedTagContent(this);\n    dataList.add(new com.webfirmframework.wffweb.tag.html.ParentNoTagData(prevNoTag, parentTag, noTag, formatter));\n    com.webfirmframework.wffweb.tag.html.SharedTagContent.LOGGER.log(java.util.logging.Level.SEVERE, \"Exception while ContentFormatter.format\", e);\n}",
                "dst_parent": "null"
              },
              "line": 630,
              "file": "/home/khesoem/projects/lighter/exp/wffweb/src/main/java/com/webfirmframework/wffweb/tag/html/SharedTagContent.java",
              "stats": {
                "number_of_src_entities": 7,
                "number_of_dst_entities": -1,
                "src_entity_types": "[com.webfirmframework.wffweb.tag.html.AbstractHtml, com.webfirmframework.wffweb.tag.htmlwff.NoTag]",
                "dst_entity_types": "[]"
              }
            }
          ]
        },
        {
          "tool-name": "JGenProg",
          "pattern-name": "JGenProg:any_statement_shallow",
          "Unified_Diff_of-files:": "Starts Below...",
          "CHANGE_old:": "     * adds {@code AbstractHtml}s as children.",
          "CHANGE_new:": "     * gets child content",
          "instance_detail": [
            {
              "pattern_action": "ANY",
              "pattern_entity": {
                "entity_type": "*",
                "entity_new value": "*",
                "entity_role": "Statement",
                "entity_parent": "null"
              },
              "concrete_change": {
                "operator": "DEL",
                "src_type": "Invocation",
                "dst_type": "null",
                "src": "noTagAsBase.setSharedTagContent(this)",
                "dst": "null",
                "src_parent_type": "Block",
                "dst_parent_type": "null",
                "src_parent": "{\n    final com.webfirmframework.wffweb.tag.htmlwff.NoTag noTag \u003d new com.webfirmframework.wffweb.tag.htmlwff.NoTag(null, null, contentTypeHtml);\n    final com.webfirmframework.wffweb.tag.html.AbstractHtml noTagAsBase \u003d noTag;\n    noTagAsBase.setSharedTagContent(this);\n    dataList.add(new com.webfirmframework.wffweb.tag.html.ParentNoTagData(prevNoTag, parentTag, noTag, formatter));\n    com.webfirmframework.wffweb.tag.html.SharedTagContent.LOGGER.log(java.util.logging.Level.SEVERE, \"Exception while ContentFormatter.format\", e);\n}",
                "dst_parent": "null"
              },
              "line": 631,
              "file": "/home/khesoem/projects/lighter/exp/wffweb/src/main/java/com/webfirmframework/wffweb/tag/html/SharedTagContent.java",
              "stats": {
                "number_of_src_entities": 16,
                "number_of_dst_entities": -1,
                "src_entity_types": "[com.webfirmframework.wffweb.tag.html.AbstractHtml, com.webfirmframework.wffweb.tag.html.SharedTagContent]",
                "dst_entity_types": "[]"
              }
            }
          ]
        },
        {
          "tool-name": "JGenProg",
          "pattern-name": "JGenProg:any_statement_shallow",
          "Unified_Diff_of-files:": "Starts Below...",
          "CHANGE_old:": "     * adds {@code AbstractHtml}s as children.",
          "CHANGE_new:": "     * gets child content",
          "instance_detail": [
            {
              "pattern_action": "ANY",
              "pattern_entity": {
                "entity_type": "*",
                "entity_new value": "*",
                "entity_role": "Statement",
                "entity_parent": "null"
              },
              "concrete_change": {
                "operator": "DEL",
                "src_type": "Invocation",
                "dst_type": "null",
                "src": "dataList.add(new com.webfirmframework.wffweb.tag.html.ParentNoTagData(prevNoTag, parentTag, noTag, formatter))",
                "dst": "null",
                "src_parent_type": "Block",
                "dst_parent_type": "null",
                "src_parent": "{\n    final com.webfirmframework.wffweb.tag.htmlwff.NoTag noTag \u003d new com.webfirmframework.wffweb.tag.htmlwff.NoTag(null, null, contentTypeHtml);\n    final com.webfirmframework.wffweb.tag.html.AbstractHtml noTagAsBase \u003d noTag;\n    noTagAsBase.setSharedTagContent(this);\n    dataList.add(new com.webfirmframework.wffweb.tag.html.ParentNoTagData(prevNoTag, parentTag, noTag, formatter));\n    com.webfirmframework.wffweb.tag.html.SharedTagContent.LOGGER.log(java.util.logging.Level.SEVERE, \"Exception while ContentFormatter.format\", e);\n}",
                "dst_parent": "null"
              },
              "line": 632,
              "file": "/home/khesoem/projects/lighter/exp/wffweb/src/main/java/com/webfirmframework/wffweb/tag/html/SharedTagContent.java",
              "stats": {
                "number_of_src_entities": 37,
                "number_of_dst_entities": -1,
                "src_entity_types": "[com.webfirmframework.wffweb.tag.html.AbstractHtml, com.webfirmframework.wffweb.tag.htmlwff.NoTag, com.webfirmframework.wffweb.tag.html.ParentNoTagData, java.lang.Object, com.webfirmframework.wffweb.tag.html.SharedTagContent.ContentFormatter, com.webfirmframework.wffweb.tag.html.SharedTagContent, java.util.List\u003ccom.webfirmframework.wffweb.tag.html.ParentNoTagData\u003e]",
                "dst_entity_types": "[]"
              }
            }
          ]
        },
        {
          "tool-name": "JGenProg",
          "pattern-name": "JGenProg:any_statement_shallow",
          "Unified_Diff_of-files:": "Starts Below...",
          "CHANGE_old:": "     * adds {@code AbstractHtml}s as children.",
          "CHANGE_new:": "     * gets child content",
          "instance_detail": [
            {
              "pattern_action": "ANY",
              "pattern_entity": {
                "entity_type": "*",
                "entity_new value": "*",
                "entity_role": "Statement",
                "entity_parent": "null"
              },
              "concrete_change": {
                "operator": "DEL",
                "src_type": "LocalVariable",
                "dst_type": "null",
                "src": "final com.webfirmframework.wffweb.tag.htmlwff.NoTag noTag \u003d new com.webfirmframework.wffweb.tag.htmlwff.NoTag(null, formattedContent.getContent(), formattedContent.isContentTypeHtml())",
                "dst": "null",
                "src_parent_type": "Block",
                "dst_parent_type": "null",
                "src_parent": "{\n    final com.webfirmframework.wffweb.tag.html.SharedTagContent.Content formattedContent \u003d formatter.format(contentAfter);\n    final com.webfirmframework.wffweb.tag.htmlwff.NoTag noTag \u003d new com.webfirmframework.wffweb.tag.htmlwff.NoTag(null, formattedContent.getContent(), formattedContent.isContentTypeHtml());\n    final com.webfirmframework.wffweb.tag.html.AbstractHtml noTagAsBase \u003d noTag;\n    noTagAsBase.setSharedTagContent(this);\n    dataList.add(new com.webfirmframework.wffweb.tag.html.ParentNoTagData(prevNoTag, parentTag, noTag, formatter));\n}",
                "dst_parent": "null"
              },
              "line": 621,
              "file": "/home/khesoem/projects/lighter/exp/wffweb/src/main/java/com/webfirmframework/wffweb/tag/html/SharedTagContent.java"
            }
          ]
        },
        {
          "tool-name": "JGenProg",
          "pattern-name": "JGenProg:any_statement_shallow",
          "Unified_Diff_of-files:": "Starts Below...",
          "CHANGE_old:": "     * adds {@code AbstractHtml}s as children.",
          "CHANGE_new:": "     * gets child content",
          "instance_detail": [
            {
              "pattern_action": "ANY",
              "pattern_entity": {
                "entity_type": "*",
                "entity_new value": "*",
                "entity_role": "Statement",
                "entity_parent": "null"
              },
              "concrete_change": {
                "operator": "DEL",
                "src_type": "Try",
                "dst_type": "null",
                "src": "try {\n    final com.webfirmframework.wffweb.tag.html.SharedTagContent.Content formattedContent \u003d formatter.format(contentAfter);\n    final com.webfirmframework.wffweb.tag.htmlwff.NoTag noTag \u003d new com.webfirmframework.wffweb.tag.htmlwff.NoTag(null, formattedContent.getContent(), formattedContent.isContentTypeHtml());\n    final com.webfirmframework.wffweb.tag.html.AbstractHtml noTagAsBase \u003d noTag;\n    noTagAsBase.setSharedTagContent(this);\n    dataList.add(new com.webfirmframework.wffweb.tag.html.ParentNoTagData(prevNoTag, parentTag, noTag, formatter));\n} catch (final java.lang.RuntimeException e) {\n    final com.webfirmframework.wffweb.tag.htmlwff.NoTag noTag \u003d new com.webfirmframework.wffweb.tag.htmlwff.NoTag(null, null, contentTypeHtml);\n    final com.webfirmframework.wffweb.tag.html.AbstractHtml noTagAsBase \u003d noTag;\n    noTagAsBase.setSharedTagContent(this);\n    dataList.add(new com.webfirmframework.wffweb.tag.html.ParentNoTagData(prevNoTag, parentTag, noTag, formatter));\n    com.webfirmframework.wffweb.tag.html.SharedTagContent.LOGGER.log(java.util.logging.Level.SEVERE, \"Exception while ContentFormatter.format\", e);\n}",
                "dst": "null",
                "src_parent_type": "Block",
                "dst_parent_type": "null",
                "src_parent": "{\n    final com.webfirmframework.wffweb.tag.htmlwff.NoTag prevNoTag \u003d entry.getKey();\n    final com.webfirmframework.wffweb.tag.html.SharedTagContent.ContentFormatter formatter \u003d entry.getValue();\n    final com.webfirmframework.wffweb.tag.html.AbstractHtml parentTag \u003d prevNoTag.getParent();\n    if (parentTag \u003d\u003d null) {\n        continue;\n    }\n    final com.webfirmframework.wffweb.tag.html.AbstractHtml prevNoTagAsBase \u003d prevNoTag;\n    if (prevNoTagAsBase.isParentNullifiedOnce()) {\n        continue;\n    }\n    java.util.List\u003ccom.webfirmframework.wffweb.tag.html.ParentNoTagData\u003e dataList \u003d tagsGroupedBySharedObject.get(parentTag.getSharedObject());\n    if (dataList \u003d\u003d null) {\n        dataList \u003d new java.util.ArrayList(4);\n        tagsGroupedBySharedObject.put(parentTag.getSharedObject(), dataList);\n    }\n    try {\n        final com.webfirmframework.wffweb.tag.html.SharedTagContent.Content formattedContent \u003d formatter.format(contentAfter);\n        final com.webfirmframework.wffweb.tag.htmlwff.NoTag noTag \u003d new com.webfirmframework.wffweb.tag.htmlwff.NoTag(null, formattedContent.getContent(), formattedContent.isContentTypeHtml());\n        final com.webfirmframework.wffweb.tag.html.AbstractHtml noTagAsBase \u003d noTag;\n        noTagAsBase.setSharedTagContent(this);\n        dataList.add(new com.webfirmframework.wffweb.tag.html.ParentNoTagData(prevNoTag, parentTag, noTag, formatter));\n    } catch (final java.lang.RuntimeException e) {\n        final com.webfirmframework.wffweb.tag.htmlwff.NoTag noTag \u003d new com.webfirmframework.wffweb.tag.htmlwff.NoTag(null, null, contentTypeHtml);\n        final com.webfirmframework.wffweb.tag.html.AbstractHtml noTagAsBase \u003d noTag;\n        noTagAsBase.setSharedTagContent(this);\n        dataList.add(new com.webfirmframework.wffweb.tag.html.ParentNoTagData(prevNoTag, parentTag, noTag, formatter));\n        com.webfirmframework.wffweb.tag.html.SharedTagContent.LOGGER.log(java.util.logging.Level.SEVERE, \"Exception while ContentFormatter.format\", e);\n    }\n}",
                "dst_parent": "null"
              },
              "line": 618,
              "file": "/home/khesoem/projects/lighter/exp/wffweb/src/main/java/com/webfirmframework/wffweb/tag/html/SharedTagContent.java",
              "stats": {
                "number_of_src_entities": 245,
                "number_of_dst_entities": -1,
                "src_entity_types": "[com.webfirmframework.wffweb.tag.htmlwff.NoTag, java.lang.Object, java.lang.String, com.webfirmframework.wffweb.tag.html.SharedTagContent, \u003cnulltype\u003e, java.util.logging.Logger, com.webfirmframework.wffweb.tag.html.AbstractHtml, boolean, com.webfirmframework.wffweb.tag.html.SharedTagContent.Content, com.webfirmframework.wffweb.tag.html.ParentNoTagData, com.webfirmframework.wffweb.tag.html.SharedTagContent.ContentFormatter, java.util.List\u003ccom.webfirmframework.wffweb.tag.html.ParentNoTagData\u003e, java.util.logging.Level, java.lang.RuntimeException]",
                "dst_entity_types": "[]"
              }
            }
          ]
        },
        {
          "tool-name": "JGenProg",
          "pattern-name": "JGenProg:any_statement_shallow",
          "Unified_Diff_of-files:": "Starts Below...",
          "CHANGE_old:": "     * adds {@code AbstractHtml}s as children.",
          "CHANGE_new:": "     * gets child content",
          "instance_detail": [
            {
              "pattern_action": "ANY",
              "pattern_entity": {
                "entity_type": "*",
                "entity_new value": "*",
                "entity_role": "Statement",
                "entity_parent": "null"
              },
              "concrete_change": {
                "operator": "DEL",
                "src_type": "LocalVariable",
                "dst_type": "null",
                "src": "final com.webfirmframework.wffweb.tag.htmlwff.NoTag noTag \u003d new com.webfirmframework.wffweb.tag.htmlwff.NoTag(null, formattedContent.getContent(), contentLocal.isContentTypeHtml())",
                "dst": "null",
                "src_parent_type": "Block",
                "dst_parent_type": "null",
                "src_parent": "{\n    final com.webfirmframework.wffweb.tag.html.SharedTagContent.Content contentLocal \u003d new com.webfirmframework.wffweb.tag.html.SharedTagContent.Content(content, contentTypeHtml);\n    final com.webfirmframework.wffweb.tag.html.SharedTagContent.Content formattedContent \u003d cFormatter.format(contentLocal);\n    final com.webfirmframework.wffweb.tag.htmlwff.NoTag noTag \u003d new com.webfirmframework.wffweb.tag.htmlwff.NoTag(null, formattedContent.getContent(), contentLocal.isContentTypeHtml());\n    final com.webfirmframework.wffweb.tag.html.InnerHtmlListenerData listenerData \u003d applicableTag.addInnerHtmlsAndGetEventsLockless(updateClient, noTag);\n    noTagInserted \u003d noTag;\n    insertedTags.put(noTag, cFormatter);\n    if (listenerData !\u003d null) {\n        listenerData.getListener().innerHtmlsAdded(applicableTag, listenerData.getEvents());\n        listenerInvoked \u003d true;\n    }\n}",
                "dst_parent": "null"
              },
              "line": 857,
              "file": "/home/khesoem/projects/lighter/exp/wffweb/src/main/java/com/webfirmframework/wffweb/tag/html/SharedTagContent.java",
              "stats": {
                "number_of_src_entities": 38,
                "number_of_dst_entities": -1,
                "src_entity_types": "[com.webfirmframework.wffweb.tag.htmlwff.NoTag, com.webfirmframework.wffweb.tag.html.SharedTagContent.Content, com.webfirmframework.wffweb.tag.html.SharedTagContent, \u003cnulltype\u003e]",
                "dst_entity_types": "[]"
              }
            }
          ]
        }
      ]
    }
  ],
  "complete_analysis": true
}