{
  "instances": [
    {
      "revision": "08c7148ab302a364517f993c0fda33b1dca7bfe6",
      "repairability": [
        {
          "tool-name": "Arja",
          "pattern-name": "Arja:arja_shallow_change",
          "Unified_Diff_of-files:": "Starts Below...",
          "CHANGE_old:": "      }",
          "CHANGE_new:": "",
          "instance_detail": [
            {
              "pattern_action": "ANY",
              "pattern_entity": {
                "entity_type": "Statement",
                "entity_new value": "*",
                "entity_role": "*",
                "entity_parent": "null"
              },
              "concrete_change": {
                "operator": "DEL",
                "src_type": "Invocation",
                "dst_type": "null",
                "src": "(names.get(0).isEmpty() ? com.squareup.javapoet.Util.join(\".\", names.subList(1, names.size())) : com.squareup.javapoet.Util.join(\".\", names)).replace(\".$\", \"$\")",
                "dst": "null",
                "src_parent_type": "Assignment",
                "dst_parent_type": "null",
                "src_parent": "this.canonicalName \u003d (names.get(0).isEmpty() ? com.squareup.javapoet.Util.join(\".\", names.subList(1, names.size())) : com.squareup.javapoet.Util.join(\".\", names)).replace(\".$\", \"$\")",
                "dst_parent": "null"
              },
              "line": 52,
              "file": "/home/khesoem/projects/lighter/exp/src/main/java/com/squareup/javapoet/ClassName.java",
              "stats": {
                "number_of_src_entities": 102,
                "number_of_dst_entities": -1,
                "src_entity_types": "[int, java.lang.String, java.util.List\u003cjava.lang.String\u003e, java.util.List, com.squareup.javapoet.Util]",
                "dst_entity_types": "[]"
              }
            }
          ]
        },
        {
          "tool-name": "Arja",
          "pattern-name": "Arja:arja_shallow_change",
          "Unified_Diff_of-files:": "Starts Below...",
          "CHANGE_old:": "      }",
          "CHANGE_new:": "",
          "instance_detail": [
            {
              "pattern_action": "ANY",
              "pattern_entity": {
                "entity_type": "Statement",
                "entity_new value": "*",
                "entity_role": "*",
                "entity_parent": "null"
              },
              "concrete_change": {
                "operator": "DEL",
                "src_type": "LocalVariable",
                "dst_type": "null",
                "src": "int lastDot \u003d clazz.getName().lastIndexOf(\u0027.\u0027)",
                "dst": "null",
                "src_parent_type": "Block",
                "dst_parent_type": "null",
                "src_parent": "{\n    int lastDot \u003d clazz.getName().lastIndexOf(\u0027.\u0027);\n    if (lastDot !\u003d (-1)) {\n        java.lang.String anonClassName \u003d clazz.getName().substring((lastDot + 1));\n        int lastDollar \u003d anonClassName.lastIndexOf(\u0027$\u0027);\n        names.add(anonClassName.substring(lastDollar));\n    }\n}",
                "dst_parent": "null"
              },
              "line": 145,
              "file": "/home/khesoem/projects/lighter/exp/src/main/java/com/squareup/javapoet/ClassName.java"
            }
          ]
        },
        {
          "tool-name": "Arja",
          "pattern-name": "Arja:arja_shallow_change",
          "Unified_Diff_of-files:": "Starts Below...",
          "CHANGE_old:": "      }",
          "CHANGE_new:": "",
          "instance_detail": [
            {
              "pattern_action": "ANY",
              "pattern_entity": {
                "entity_type": "Statement",
                "entity_new value": "*",
                "entity_role": "*",
                "entity_parent": "null"
              },
              "concrete_change": {
                "operator": "DEL",
                "src_type": "UnaryOperator",
                "dst_type": "null",
                "src": "(-1)",
                "dst": "null",
                "src_parent_type": "BinaryOperator",
                "dst_parent_type": "null",
                "src_parent": "lastDot !\u003d (-1)",
                "dst_parent": "null"
              },
              "line": 146,
              "file": "/home/khesoem/projects/lighter/exp/src/main/java/com/squareup/javapoet/ClassName.java"
            }
          ]
        },
        {
          "tool-name": "Arja",
          "pattern-name": "Arja:arja_shallow_change",
          "Unified_Diff_of-files:": "Starts Below...",
          "CHANGE_old:": "      }",
          "CHANGE_new:": "",
          "instance_detail": [
            {
              "pattern_action": "ANY",
              "pattern_entity": {
                "entity_type": "Statement",
                "entity_new value": "*",
                "entity_role": "*",
                "entity_parent": "null"
              },
              "concrete_change": {
                "operator": "DEL",
                "src_type": "Invocation",
                "dst_type": "null",
                "src": "clazz.getName().substring((lastDot + 1))",
                "dst": "null",
                "src_parent_type": "LocalVariable",
                "dst_parent_type": "null",
                "src_parent": "java.lang.String anonClassName \u003d clazz.getName().substring((lastDot + 1))",
                "dst_parent": "null"
              },
              "line": 147,
              "file": "/home/khesoem/projects/lighter/exp/src/main/java/com/squareup/javapoet/ClassName.java"
            }
          ]
        },
        {
          "tool-name": "Arja",
          "pattern-name": "Arja:arja_shallow_change",
          "Unified_Diff_of-files:": "Starts Below...",
          "CHANGE_old:": "      }",
          "CHANGE_new:": "",
          "instance_detail": [
            {
              "pattern_action": "ANY",
              "pattern_entity": {
                "entity_type": "Statement",
                "entity_new value": "*",
                "entity_role": "*",
                "entity_parent": "null"
              },
              "concrete_change": {
                "operator": "DEL",
                "src_type": "LocalVariable",
                "dst_type": "null",
                "src": "java.lang.String anonClassName \u003d clazz.getName().substring((lastDot + 1))",
                "dst": "null",
                "src_parent_type": "Block",
                "dst_parent_type": "null",
                "src_parent": "{\n    java.lang.String anonClassName \u003d clazz.getName().substring((lastDot + 1));\n    int lastDollar \u003d anonClassName.lastIndexOf(\u0027$\u0027);\n    names.add(anonClassName.substring(lastDollar));\n}",
                "dst_parent": "null"
              },
              "line": 147,
              "file": "/home/khesoem/projects/lighter/exp/src/main/java/com/squareup/javapoet/ClassName.java"
            }
          ]
        },
        {
          "tool-name": "Arja",
          "pattern-name": "Arja:arja_shallow_change",
          "Unified_Diff_of-files:": "Starts Below...",
          "CHANGE_old:": "      }",
          "CHANGE_new:": "",
          "instance_detail": [
            {
              "pattern_action": "ANY",
              "pattern_entity": {
                "entity_type": "Statement",
                "entity_new value": "*",
                "entity_role": "*",
                "entity_parent": "null"
              },
              "concrete_change": {
                "operator": "DEL",
                "src_type": "Invocation",
                "dst_type": "null",
                "src": "anonClassName.lastIndexOf(\u0027$\u0027)",
                "dst": "null",
                "src_parent_type": "LocalVariable",
                "dst_parent_type": "null",
                "src_parent": "int lastDollar \u003d anonClassName.lastIndexOf(\u0027$\u0027)",
                "dst_parent": "null"
              },
              "line": 148,
              "file": "/home/khesoem/projects/lighter/exp/src/main/java/com/squareup/javapoet/ClassName.java"
            }
          ]
        },
        {
          "tool-name": "Arja",
          "pattern-name": "Arja:arja_shallow_change",
          "Unified_Diff_of-files:": "Starts Below...",
          "CHANGE_old:": "      }",
          "CHANGE_new:": "",
          "instance_detail": [
            {
              "pattern_action": "ANY",
              "pattern_entity": {
                "entity_type": "Statement",
                "entity_new value": "*",
                "entity_role": "*",
                "entity_parent": "null"
              },
              "concrete_change": {
                "operator": "DEL",
                "src_type": "LocalVariable",
                "dst_type": "null",
                "src": "int lastDollar \u003d anonClassName.lastIndexOf(\u0027$\u0027)",
                "dst": "null",
                "src_parent_type": "Block",
                "dst_parent_type": "null",
                "src_parent": "{\n    java.lang.String anonClassName \u003d clazz.getName().substring((lastDot + 1));\n    int lastDollar \u003d anonClassName.lastIndexOf(\u0027$\u0027);\n    names.add(anonClassName.substring(lastDollar));\n}",
                "dst_parent": "null"
              },
              "line": 148,
              "file": "/home/khesoem/projects/lighter/exp/src/main/java/com/squareup/javapoet/ClassName.java"
            }
          ]
        },
        {
          "tool-name": "Arja",
          "pattern-name": "Arja:arja_shallow_change",
          "Unified_Diff_of-files:": "Starts Below...",
          "CHANGE_old:": "      }",
          "CHANGE_new:": "",
          "instance_detail": [
            {
              "pattern_action": "ANY",
              "pattern_entity": {
                "entity_type": "Statement",
                "entity_new value": "*",
                "entity_role": "*",
                "entity_parent": "null"
              },
              "concrete_change": {
                "operator": "DEL",
                "src_type": "Invocation",
                "dst_type": "null",
                "src": "anonClassName.substring(lastDollar)",
                "dst": "null",
                "src_parent_type": "Invocation",
                "dst_parent_type": "null",
                "src_parent": "names.add(anonClassName.substring(lastDollar))",
                "dst_parent": "null"
              },
              "line": 149,
              "file": "/home/khesoem/projects/lighter/exp/src/main/java/com/squareup/javapoet/ClassName.java"
            }
          ]
        },
        {
          "tool-name": "Arja",
          "pattern-name": "Arja:arja_shallow_change",
          "Unified_Diff_of-files:": "Starts Below...",
          "CHANGE_old:": "      }",
          "CHANGE_new:": "",
          "instance_detail": [
            {
              "pattern_action": "ANY",
              "pattern_entity": {
                "entity_type": "Statement",
                "entity_new value": "*",
                "entity_role": "*",
                "entity_parent": "null"
              },
              "concrete_change": {
                "operator": "DEL",
                "src_type": "Invocation",
                "dst_type": "null",
                "src": "names.add(anonClassName.substring(lastDollar))",
                "dst": "null",
                "src_parent_type": "Block",
                "dst_parent_type": "null",
                "src_parent": "{\n    java.lang.String anonClassName \u003d clazz.getName().substring((lastDot + 1));\n    int lastDollar \u003d anonClassName.lastIndexOf(\u0027$\u0027);\n    names.add(anonClassName.substring(lastDollar));\n}",
                "dst_parent": "null"
              },
              "line": 149,
              "file": "/home/khesoem/projects/lighter/exp/src/main/java/com/squareup/javapoet/ClassName.java"
            }
          ]
        },
        {
          "tool-name": "Arja",
          "pattern-name": "Arja:arja_shallow_change",
          "Unified_Diff_of-files:": "Starts Below...",
          "CHANGE_old:": "      }",
          "CHANGE_new:": "",
          "instance_detail": [
            {
              "pattern_action": "ANY",
              "pattern_entity": {
                "entity_type": "Statement",
                "entity_new value": "*",
                "entity_role": "*",
                "entity_parent": "null"
              },
              "concrete_change": {
                "operator": "DEL",
                "src_type": "Block",
                "dst_type": "null",
                "src": "{\n    java.lang.String anonClassName \u003d clazz.getName().substring((lastDot + 1));\n    int lastDollar \u003d anonClassName.lastIndexOf(\u0027$\u0027);\n    names.add(anonClassName.substring(lastDollar));\n}",
                "dst": "null",
                "src_parent_type": "If",
                "dst_parent_type": "null",
                "src_parent": "if (lastDot !\u003d (-1)) {\n    java.lang.String anonClassName \u003d clazz.getName().substring((lastDot + 1));\n    int lastDollar \u003d anonClassName.lastIndexOf(\u0027$\u0027);\n    names.add(anonClassName.substring(lastDollar));\n}",
                "dst_parent": "null"
              },
              "line": 146,
              "file": "/home/khesoem/projects/lighter/exp/src/main/java/com/squareup/javapoet/ClassName.java"
            }
          ]
        },
        {
          "tool-name": "Arja",
          "pattern-name": "Arja:arja_shallow_change",
          "Unified_Diff_of-files:": "Starts Below...",
          "CHANGE_old:": "      }",
          "CHANGE_new:": "",
          "instance_detail": [
            {
              "pattern_action": "ANY",
              "pattern_entity": {
                "entity_type": "Statement",
                "entity_new value": "*",
                "entity_role": "*",
                "entity_parent": "null"
              },
              "concrete_change": {
                "operator": "DEL",
                "src_type": "If",
                "dst_type": "null",
                "src": "if (lastDot !\u003d (-1)) {\n    java.lang.String anonClassName \u003d clazz.getName().substring((lastDot + 1));\n    int lastDollar \u003d anonClassName.lastIndexOf(\u0027$\u0027);\n    names.add(anonClassName.substring(lastDollar));\n}",
                "dst": "null",
                "src_parent_type": "Block",
                "dst_parent_type": "null",
                "src_parent": "{\n    int lastDot \u003d clazz.getName().lastIndexOf(\u0027.\u0027);\n    if (lastDot !\u003d (-1)) {\n        java.lang.String anonClassName \u003d clazz.getName().substring((lastDot + 1));\n        int lastDollar \u003d anonClassName.lastIndexOf(\u0027$\u0027);\n        names.add(anonClassName.substring(lastDollar));\n    }\n}",
                "dst_parent": "null"
              },
              "line": 146,
              "file": "/home/khesoem/projects/lighter/exp/src/main/java/com/squareup/javapoet/ClassName.java"
            }
          ]
        },
        {
          "tool-name": "Arja",
          "pattern-name": "Arja:arja_shallow_change",
          "Unified_Diff_of-files:": "Starts Below...",
          "CHANGE_old:": "      }",
          "CHANGE_new:": "",
          "instance_detail": [
            {
              "pattern_action": "ANY",
              "pattern_entity": {
                "entity_type": "Statement",
                "entity_new value": "*",
                "entity_role": "*",
                "entity_parent": "null"
              },
              "concrete_change": {
                "operator": "DEL",
                "src_type": "Block",
                "dst_type": "null",
                "src": "{\n    int lastDot \u003d clazz.getName().lastIndexOf(\u0027.\u0027);\n    if (lastDot !\u003d (-1)) {\n        java.lang.String anonClassName \u003d clazz.getName().substring((lastDot + 1));\n        int lastDollar \u003d anonClassName.lastIndexOf(\u0027$\u0027);\n        names.add(anonClassName.substring(lastDollar));\n    }\n}",
                "dst": "null",
                "src_parent_type": "If",
                "dst_parent_type": "null",
                "src_parent": "if (clazz.isAnonymousClass()) {\n    int lastDot \u003d clazz.getName().lastIndexOf(\u0027.\u0027);\n    if (lastDot !\u003d (-1)) {\n        java.lang.String anonClassName \u003d clazz.getName().substring((lastDot + 1));\n        int lastDollar \u003d anonClassName.lastIndexOf(\u0027$\u0027);\n        names.add(anonClassName.substring(lastDollar));\n    }\n} else {\n    names.add(clazz.getSimpleName());\n}",
                "dst_parent": "null"
              },
              "line": 144,
              "file": "/home/khesoem/projects/lighter/exp/src/main/java/com/squareup/javapoet/ClassName.java"
            }
          ]
        },
        {
          "tool-name": "Arja",
          "pattern-name": "Arja:arja_shallow_change",
          "Unified_Diff_of-files:": "Starts Below...",
          "CHANGE_old:": "      }",
          "CHANGE_new:": "",
          "instance_detail": [
            {
              "pattern_action": "ANY",
              "pattern_entity": {
                "entity_type": "Statement",
                "entity_new value": "*",
                "entity_role": "*",
                "entity_parent": "null"
              },
              "concrete_change": {
                "operator": "DEL",
                "src_type": "Invocation",
                "dst_type": "null",
                "src": "names.add(clazz.getSimpleName())",
                "dst": "null",
                "src_parent_type": "Block",
                "dst_parent_type": "null",
                "src_parent": "{\n    names.add(clazz.getSimpleName());\n}",
                "dst_parent": "null"
              },
              "line": 152,
              "file": "/home/khesoem/projects/lighter/exp/src/main/java/com/squareup/javapoet/ClassName.java"
            }
          ]
        },
        {
          "tool-name": "Arja",
          "pattern-name": "Arja:arja_shallow_change",
          "Unified_Diff_of-files:": "Starts Below...",
          "CHANGE_old:": "      }",
          "CHANGE_new:": "",
          "instance_detail": [
            {
              "pattern_action": "ANY",
              "pattern_entity": {
                "entity_type": "Statement",
                "entity_new value": "*",
                "entity_role": "*",
                "entity_parent": "null"
              },
              "concrete_change": {
                "operator": "DEL",
                "src_type": "Block",
                "dst_type": "null",
                "src": "{\n    names.add(clazz.getSimpleName());\n}",
                "dst": "null",
                "src_parent_type": "If",
                "dst_parent_type": "null",
                "src_parent": "if (clazz.isAnonymousClass()) {\n    int lastDot \u003d clazz.getName().lastIndexOf(\u0027.\u0027);\n    if (lastDot !\u003d (-1)) {\n        java.lang.String anonClassName \u003d clazz.getName().substring((lastDot + 1));\n        int lastDollar \u003d anonClassName.lastIndexOf(\u0027$\u0027);\n        names.add(anonClassName.substring(lastDollar));\n    }\n} else {\n    names.add(clazz.getSimpleName());\n}",
                "dst_parent": "null"
              },
              "line": 151,
              "file": "/home/khesoem/projects/lighter/exp/src/main/java/com/squareup/javapoet/ClassName.java"
            }
          ]
        },
        {
          "tool-name": "Arja",
          "pattern-name": "Arja:arja_shallow_change",
          "Unified_Diff_of-files:": "Starts Below...",
          "CHANGE_old:": "      }",
          "CHANGE_new:": "",
          "instance_detail": [
            {
              "pattern_action": "ANY",
              "pattern_entity": {
                "entity_type": "Statement",
                "entity_new value": "*",
                "entity_role": "*",
                "entity_parent": "null"
              },
              "concrete_change": {
                "operator": "DEL",
                "src_type": "If",
                "dst_type": "null",
                "src": "if (clazz.isAnonymousClass()) {\n    int lastDot \u003d clazz.getName().lastIndexOf(\u0027.\u0027);\n    if (lastDot !\u003d (-1)) {\n        java.lang.String anonClassName \u003d clazz.getName().substring((lastDot + 1));\n        int lastDollar \u003d anonClassName.lastIndexOf(\u0027$\u0027);\n        names.add(anonClassName.substring(lastDollar));\n    }\n} else {\n    names.add(clazz.getSimpleName());\n}",
                "dst": "null",
                "src_parent_type": "Block",
                "dst_parent_type": "null",
                "src_parent": "{\n    if (clazz.isAnonymousClass()) {\n        int lastDot \u003d clazz.getName().lastIndexOf(\u0027.\u0027);\n        if (lastDot !\u003d (-1)) {\n            java.lang.String anonClassName \u003d clazz.getName().substring((lastDot + 1));\n            int lastDollar \u003d anonClassName.lastIndexOf(\u0027$\u0027);\n            names.add(anonClassName.substring(lastDollar));\n        }\n    } else {\n        names.add(clazz.getSimpleName());\n    }\n    java.lang.Class\u003c?\u003e enclosing \u003d clazz.getEnclosingClass();\n    if (enclosing \u003d\u003d null)\n        break;\n\n    clazz \u003d enclosing;\n}",
                "dst_parent": "null"
              },
              "line": 144,
              "file": "/home/khesoem/projects/lighter/exp/src/main/java/com/squareup/javapoet/ClassName.java",
              "stats": {
                "number_of_src_entities": 146,
                "number_of_dst_entities": -1,
                "src_entity_types": "[int, boolean, , java.lang.String, char, java.lang.Class\u003c?\u003e, java.lang.Class, java.util.List\u003cjava.lang.String\u003e, java.util.List]",
                "dst_entity_types": "[]"
              }
            }
          ]
        }
      ]
    }
  ],
  "complete_analysis": true
}