{
  "instances": [
    {
      "revision": "610aa06bb774f8790cfaed91356f5e6593e1a810",
      "repairability": [
        {
          "tool-name": "Elixir",
          "pattern-name": "Elixir:if_null_check",
          "Unified_Diff_of-files:": "Starts Below...",
          "CHANGE_old:": "        return visit;\r",
          "CHANGE_new:": "",
          "INSERT:": "    \r",
          "instance_detail": [
            {
              "pattern_action": "MOV",
              "pattern_entity": {
                "entity_type": "Statement",
                "entity_new value": "*",
                "entity_role": "*",
                "entity_parent": "null"
              },
              "concrete_change": {
                "operator": "MOV",
                "src_type": "ConstructorCall",
                "dst_type": "ConstructorCall",
                "src": "new java.util.Date()",
                "dst": "new java.util.Date()",
                "src_parent_type": "Invocation",
                "dst_parent_type": "Invocation",
                "src_parent": "visit.setStartDatetime(new java.util.Date())",
                "dst_parent": "propertiesToCreate.add(\"startDatetime\", new java.util.Date())"
              },
              "line": 140,
              "file": "/home/khesoem/projects/lighter/exp/omod-1.9/src/main/java/org/openmrs/module/webservices/rest/web/v1_0/resource/openmrs1_9/VisitResource1_9.java",
              "stats": {
                "number_of_src_entities": 6,
                "number_of_dst_entities": 6,
                "src_entity_types": "[java.util.Date]",
                "dst_entity_types": "[java.util.Date]"
              }
            },
            {
              "pattern_action": "INS",
              "pattern_entity": {
                "entity_type": "*",
                "entity_new value": "null",
                "entity_role": "*",
                "entity_parent": {
                  "entity_type": "BinaryOperator",
                  "entity_new value": "*",
                  "entity_role": "condition",
                  "entity_parent": {
                    "entity_type": "If",
                    "entity_new value": "*",
                    "entity_role": "*",
                    "entity_parent": "null"
                  }
                }
              },
              "concrete_change": {
                "operator": "INS",
                "src_type": "Literal",
                "dst_type": "null",
                "src": "null",
                "dst": "null",
                "src_parent_type": "BinaryOperator",
                "dst_parent_type": "null",
                "src_parent": "(propertiesToCreate.get(\"startDatetime\")) \u003d\u003d null",
                "dst_parent": "null"
              },
              "line": 145,
              "file": "/home/khesoem/projects/lighter/exp/omod-1.9/src/main/java/org/openmrs/module/webservices/rest/web/v1_0/resource/openmrs1_9/VisitResource1_9.java"
            },
            {
              "pattern_action": "INS",
              "pattern_entity": {
                "entity_type": "If",
                "entity_new value": "*",
                "entity_role": "*",
                "entity_parent": "null"
              },
              "concrete_change": {
                "operator": "INS",
                "src_type": "If",
                "dst_type": "null",
                "src": "if ((propertiesToCreate.get(\"startDatetime\")) \u003d\u003d null) {\n    propertiesToCreate.add(\"startDatetime\", new java.util.Date());\n}",
                "dst": "null",
                "src_parent_type": "Block",
                "dst_parent_type": "null",
                "src_parent": "{\n    if ((propertiesToCreate.get(\"startDatetime\")) \u003d\u003d null) {\n        propertiesToCreate.add(\"startDatetime\", new java.util.Date());\n    }\n    return super.create(propertiesToCreate, context);\n}",
                "dst_parent": "null"
              },
              "line": 145,
              "file": "/home/khesoem/projects/lighter/exp/omod-1.9/src/main/java/org/openmrs/module/webservices/rest/web/v1_0/resource/openmrs1_9/VisitResource1_9.java"
            }
          ]
        },
        {
          "tool-name": "Elixir",
          "pattern-name": "Elixir:check_length",
          "Unified_Diff_of-files:": "Starts Below...",
          "CHANGE_old:": "        return visit;\r",
          "CHANGE_new:": "",
          "INSERT:": "    \r",
          "instance_detail": [
            {
              "pattern_action": "INS",
              "pattern_entity": {
                "entity_type": "If",
                "entity_new value": "*",
                "entity_role": "*",
                "entity_parent": "null"
              },
              "concrete_change": {
                "operator": "INS",
                "src_type": "If",
                "dst_type": "null",
                "src": "if ((propertiesToCreate.get(\"startDatetime\")) \u003d\u003d null) {\n    propertiesToCreate.add(\"startDatetime\", new java.util.Date());\n}",
                "dst": "null",
                "src_parent_type": "Block",
                "dst_parent_type": "null",
                "src_parent": "{\n    if ((propertiesToCreate.get(\"startDatetime\")) \u003d\u003d null) {\n        propertiesToCreate.add(\"startDatetime\", new java.util.Date());\n    }\n    return super.create(propertiesToCreate, context);\n}",
                "dst_parent": "null"
              },
              "line": 145,
              "file": "/home/khesoem/projects/lighter/exp/omod-1.9/src/main/java/org/openmrs/module/webservices/rest/web/v1_0/resource/openmrs1_9/VisitResource1_9.java"
            },
            {
              "pattern_action": "MOV",
              "pattern_entity": {
                "entity_type": "Statement",
                "entity_new value": "*",
                "entity_role": "*",
                "entity_parent": "null"
              },
              "concrete_change": {
                "operator": "MOV",
                "src_type": "ConstructorCall",
                "dst_type": "ConstructorCall",
                "src": "new java.util.Date()",
                "dst": "new java.util.Date()",
                "src_parent_type": "Invocation",
                "dst_parent_type": "Invocation",
                "src_parent": "visit.setStartDatetime(new java.util.Date())",
                "dst_parent": "propertiesToCreate.add(\"startDatetime\", new java.util.Date())"
              },
              "line": 140,
              "file": "/home/khesoem/projects/lighter/exp/omod-1.9/src/main/java/org/openmrs/module/webservices/rest/web/v1_0/resource/openmrs1_9/VisitResource1_9.java",
              "stats": {
                "number_of_src_entities": 6,
                "number_of_dst_entities": 6,
                "src_entity_types": "[java.util.Date]",
                "dst_entity_types": "[java.util.Date]"
              }
            }
          ]
        }
      ]
    }
  ],
  "complete_analysis": true
}