{
  "instances": [
    {
      "revision": "2d45a264b90d4c7b4e70f06fa2171b80aeff6b5c",
      "repairability": [
        {
          "tool-name": "Elixir",
          "pattern-name": "Elixir:update_invocation_deep",
          "Unified_Diff_of-files:": "Starts Below...",
          "CHANGE_old:": "",
          "CHANGE_new:": "        setConvertedProperties(delegate, propertiesToCreate, description, true);",
          "instance_detail": [
            {
              "pattern_action": "ANY",
              "pattern_entity": {
                "entity_type": "*",
                "entity_new value": "*",
                "entity_role": "*",
                "entity_parent": {
                  "entity_type": "AbstractInvocation",
                  "entity_new value": "*",
                  "entity_role": "*",
                  "entity_parent": "null"
                }
              },
              "concrete_change": {
                "operator": "INS",
                "src_type": "VariableRead",
                "dst_type": "null",
                "src": "description",
                "dst": "null",
                "src_parent_type": "Invocation",
                "dst_parent_type": "null",
                "src_parent": "setConvertedProperties(delegate, propertiesToCreate, description, true)",
                "dst_parent": "null"
              },
              "line": 107,
              "file": "/home/khesoem/projects/lighter/exp/omod-common/src/main/java/org/openmrs/module/webservices/rest/web/resource/impl/DelegatingCrudResource.java",
              "stats": {
                "number_of_src_entities": 4,
                "number_of_dst_entities": -1,
                "src_entity_types": "[org.openmrs.module.webservices.rest.web.resource.impl.DelegatingResourceDescription]",
                "dst_entity_types": "[]"
              }
            }
          ]
        }
      ]
    }
  ],
  "complete_analysis": true
}