{
  "instances": [
    {
      "revision": "60d970cfca7e8eeb2141a4ac44699b4fdc89d989",
      "repairability": [
        {
          "tool-name": "Elixir",
          "pattern-name": "Elixir:update_type_ref",
          "Unified_Diff_of-files:": "Starts Below...",
          "DELETE:": "",
          "instance_detail": [
            {
              "pattern_action": "UPD",
              "pattern_entity": {
                "entity_type": "TypeReference",
                "entity_new value": "*",
                "entity_role": "*",
                "entity_parent": "null"
              },
              "concrete_change": {
                "operator": "UPD",
                "src_type": "TypeReference",
                "dst_type": "TypeReference",
                "src": "java.util.Properties",
                "dst": "org.openmrs.module.webservices.docs.swagger.Properties",
                "src_parent_type": "LocalVariable",
                "dst_parent_type": "LocalVariable",
                "src_parent": "java.util.Properties props \u003d new java.util.Properties()",
                "dst_parent": "org.openmrs.module.webservices.docs.swagger.Properties props \u003d new org.openmrs.module.webservices.docs.swagger.Properties()"
              },
              "line": 1141,
              "file": "/home/khesoem/projects/lighter/exp/omod-common/src/main/java/org/openmrs/module/webservices/docs/swagger/SwaggerSpecificationCreator.java",
              "stats": {
                "number_of_src_entities": 2,
                "number_of_dst_entities": 2,
                "src_entity_types": "[java.util.Properties]",
                "dst_entity_types": "[org.openmrs.module.webservices.docs.swagger.Properties]"
              }
            }
          ]
        },
        {
          "tool-name": "Elixir",
          "pattern-name": "Elixir:update_type_ref",
          "Unified_Diff_of-files:": "Starts Below...",
          "DELETE:": "",
          "instance_detail": [
            {
              "pattern_action": "UPD",
              "pattern_entity": {
                "entity_type": "TypeReference",
                "entity_new value": "*",
                "entity_role": "*",
                "entity_parent": "null"
              },
              "concrete_change": {
                "operator": "UPD",
                "src_type": "TypeReference",
                "dst_type": "TypeReference",
                "src": "java.util.Properties",
                "dst": "org.openmrs.module.webservices.docs.swagger.Properties",
                "src_parent_type": "LocalVariable",
                "dst_parent_type": "LocalVariable",
                "src_parent": "java.util.Properties properties \u003d definition.getProperties()",
                "dst_parent": "org.openmrs.module.webservices.docs.swagger.Properties properties \u003d definition.getProperties()"
              },
              "line": 905,
              "file": "/home/khesoem/projects/lighter/exp/omod-common/src/main/java/org/openmrs/module/webservices/docs/swagger/SwaggerSpecificationCreator.java",
              "stats": {
                "number_of_src_entities": 2,
                "number_of_dst_entities": 2,
                "src_entity_types": "[java.util.Properties]",
                "dst_entity_types": "[org.openmrs.module.webservices.docs.swagger.Properties]"
              }
            }
          ]
        }
      ]
    }
  ],
  "complete_analysis": true
}