{
  "instances": [
    {
      "revision": "7e3def0521a09f81254616c84a1f33871d568c17",
      "repairability": [
        {
          "tool-name": "NPEfix",
          "pattern-name": "NPEfix:npefix_s4",
          "Unified_Diff_of-files:": "Starts Below...",
          "CHANGE_old:": "import static com.google.common.base.Preconditions.checkNotNull;",
          "CHANGE_new:": "import static feign.Util.checkNotNull;",
          "instance_detail": [
            {
              "pattern_action": "INS",
              "pattern_entity": {
                "entity_type": "Return",
                "entity_new value": "*",
                "entity_role": "*",
                "entity_parent": {
                  "entity_type": "*",
                  "entity_new value": "*",
                  "entity_role": "Then",
                  "entity_parent": {
                    "entity_type": "If",
                    "entity_new value": "*",
                    "entity_role": "*",
                    "entity_parent": "null"
                  }
                }
              },
              "concrete_change": {
                "operator": "INS",
                "src_type": "Return",
                "dst_type": "null",
                "src": "return null",
                "dst": "null",
                "src_parent_type": "Block",
                "dst_parent_type": "null",
                "src_parent": "return null;\n",
                "dst_parent": "null"
              },
              "line": 36,
              "file": "/home/khesoem/projects/lighter/exp/feign-core/src/main/java/feign/codec/ToStringDecoder.java"
            },
            {
              "pattern_action": "INS",
              "pattern_entity": {
                "entity_type": "If",
                "entity_new value": "*",
                "entity_role": "*",
                "entity_parent": "null"
              },
              "concrete_change": {
                "operator": "INS",
                "src_type": "If",
                "dst_type": "null",
                "src": "if (body \u003d\u003d null)\n    return null;\n",
                "dst": "null",
                "src_parent_type": "Block",
                "dst_parent_type": "null",
                "src_parent": "{\n    feign.Response.Body body \u003d response.body();\n    if (body \u003d\u003d null)\n        return null;\n\n    java.io.Reader reader \u003d body.asReader();\n    try {\n        return decode(methodKey, reader, type);\n    } finally {\n        try {\n            reader.close();\n        } catch (java.io.IOException suppressed) {\n        }\n    }\n}",
                "dst_parent": "null"
              },
              "line": 35,
              "file": "/home/khesoem/projects/lighter/exp/feign-core/src/main/java/feign/codec/ToStringDecoder.java",
              "stats": {
                "number_of_src_entities": 12,
                "number_of_dst_entities": -1,
                "src_entity_types": "[Response.Body, \u003cnulltype\u003e]",
                "dst_entity_types": "[]"
              }
            }
          ]
        }
      ]
    },
    {
      "revision": "7e3def0521a09f81254616c84a1f33871d568c17",
      "repairability": [
        {
          "tool-name": "NPEfix",
          "pattern-name": "NPEfix:npefix_global_replace",
          "Unified_Diff_of-files:": "Starts Below...",
          "CHANGE_old:": "import static com.google.common.base.Preconditions.checkNotNull;",
          "CHANGE_new:": "import static feign.Util.checkNotNull;",
          "instance_detail": [
            {
              "pattern_action": "INS",
              "pattern_entity": {
                "entity_type": "Assignment",
                "entity_new value": "*",
                "entity_role": "*",
                "entity_parent": {
                  "entity_type": "*",
                  "entity_new value": "*",
                  "entity_role": "Then",
                  "entity_parent": {
                    "entity_type": "If",
                    "entity_new value": "*",
                    "entity_role": "*",
                    "entity_parent": "null"
                  }
                }
              },
              "concrete_change": {
                "operator": "INS",
                "src_type": "Assignment",
                "dst_type": "null",
                "src": "possiblyNull \u003d new java.util.ArrayList\u003cjava.lang.String\u003e()",
                "dst": "null",
                "src_parent_type": "Block",
                "dst_parent_type": "null",
                "src_parent": "possiblyNull \u003d new java.util.ArrayList\u003cjava.lang.String\u003e();\n",
                "dst_parent": "null"
              },
              "line": 134,
              "file": "/home/khesoem/projects/lighter/exp/feign-core/src/main/java/feign/Contract.java"
            },
            {
              "pattern_action": "INS",
              "pattern_entity": {
                "entity_type": "If",
                "entity_new value": "*",
                "entity_role": "*",
                "entity_parent": "null"
              },
              "concrete_change": {
                "operator": "INS",
                "src_type": "If",
                "dst_type": "null",
                "src": "if (possiblyNull \u003d\u003d null)\n    possiblyNull \u003d new java.util.ArrayList\u003cjava.lang.String\u003e();\n",
                "dst": "null",
                "src_parent_type": "Block",
                "dst_parent_type": "null",
                "src_parent": "{\n    if (possiblyNull \u003d\u003d null)\n        possiblyNull \u003d new java.util.ArrayList\u003cjava.lang.String\u003e();\n\n    possiblyNull.add(java.lang.String.format(\"{%s}\", name));\n    return possiblyNull;\n}",
                "dst_parent": "null"
              },
              "line": 133,
              "file": "/home/khesoem/projects/lighter/exp/feign-core/src/main/java/feign/Contract.java"
            }
          ]
        }
      ]
    }
  ],
  "complete_analysis": true
}