{
  "instances": [
    {
      "revision": "8ba51e428f5c25c3b15a8093c7650433233ad068",
      "repairability": [
        {
          "tool-name": "JKali",
          "pattern-name": "JKali:del",
          "Unified_Diff_of-files:": "Starts Below...",
          "DELETE:": "            System.out.println(\"close-\u0026gt;InterruptedException\");",
          "instance_detail": [
            {
              "pattern_action": "DEL",
              "pattern_entity": {
                "entity_type": "*",
                "entity_new value": "*",
                "entity_role": "Statement",
                "entity_parent": "null"
              },
              "concrete_change": {
                "operator": "DEL",
                "src_type": "Invocation",
                "dst_type": "null",
                "src": "java.lang.System.out.println(\"close-\u003eClosedWatchServiceException\")",
                "dst": "null",
                "src_parent_type": "Block",
                "dst_parent_type": "null",
                "src_parent": "{\n    java.lang.System.out.println(\"close-\u003eClosedWatchServiceException\");\n    closed \u003d true;\n}",
                "dst_parent": "null"
              },
              "line": 182,
              "file": "/home/khesoem/projects/lighter/exp/src/main/java/com/json/ignore/advice/FileWatcher.java",
              "stats": {
                "number_of_src_entities": 19,
                "number_of_dst_entities": -1,
                "src_entity_types": "[java.lang.System, java.io.PrintStream, java.lang.String]",
                "dst_entity_types": "[]"
              }
            }
          ]
        },
        {
          "tool-name": "JKali",
          "pattern-name": "JKali:del",
          "Unified_Diff_of-files:": "Starts Below...",
          "DELETE:": "            System.out.println(\"close-\u0026gt;InterruptedException\");",
          "instance_detail": [
            {
              "pattern_action": "DEL",
              "pattern_entity": {
                "entity_type": "*",
                "entity_new value": "*",
                "entity_role": "Statement",
                "entity_parent": "null"
              },
              "concrete_change": {
                "operator": "DEL",
                "src_type": "Invocation",
                "dst_type": "null",
                "src": "java.lang.System.out.println(\"close-\u003eInterruptedException\")",
                "dst": "null",
                "src_parent_type": "Block",
                "dst_parent_type": "null",
                "src_parent": "{\n    java.lang.System.out.println(\"close-\u003eInterruptedException\");\n    closed \u003d true;\n    java.lang.Thread.currentThread().interrupt();\n}",
                "dst_parent": "null"
              },
              "line": 185,
              "file": "/home/khesoem/projects/lighter/exp/src/main/java/com/json/ignore/advice/FileWatcher.java",
              "stats": {
                "number_of_src_entities": 19,
                "number_of_dst_entities": -1,
                "src_entity_types": "[java.lang.System, java.io.PrintStream, java.lang.String]",
                "dst_entity_types": "[]"
              }
            }
          ]
        }
      ]
    }
  ],
  "complete_analysis": true
}