{
  "instances": [
    {
      "revision": "b7bbdefbc18c677aeb21832ffc56be868dacd9f5",
      "repairability": [
        {
          "tool-name": "Nopol",
          "pattern-name": "Nopol:if_condition_ins_shallow",
          "Unified_Diff_of-files:": "Starts Below...",
          "DELETE:": "     */",
          "CHANGE_old:": "        int aaSequenceSize \u003d (ntSequenceLength + 2) / 3;",
          "CHANGE_new:": "        //int aaSequenceSize \u003d (ntSequenceLength + 2) / 3;",
          "INSERT:": "                return null;",
          "instance_detail": [
            {
              "pattern_action": "MOV",
              "pattern_entity": {
                "entity_type": "*",
                "entity_new value": "*",
                "entity_role": "Then",
                "entity_parent": {
                  "entity_type": "If",
                  "entity_new value": "*",
                  "entity_role": "*",
                  "entity_parent": "null"
                }
              },
              "concrete_change": {
                "operator": "MOV",
                "src_type": "Block",
                "dst_type": "Block",
                "src": "{\n    int aa \u003d ntPosition / 3;\n    return new com.milaboratory.core.sequence.AminoAcidSequence.AminoAcidSequencePosition(aa, (ntPosition % 3));\n}",
                "dst": "return null;\n",
                "src_parent_type": "If",
                "dst_parent_type": "If",
                "src_parent": "if (translationType.fromLeft) {\n    int aa \u003d ntPosition / 3;\n    return new com.milaboratory.core.sequence.AminoAcidSequence.AminoAcidSequencePosition(aa, (ntPosition % 3));\n} else {\n    ntPosition -\u003d ntSequenceLength % 3;\n    if ((translationType.includeIncomplete) \u0026\u0026 ((ntSequenceLength % 3) !\u003d 0))\n        ntPosition +\u003d 3;\n\n    return new com.milaboratory.core.sequence.AminoAcidSequence.AminoAcidSequencePosition((ntPosition / 3), (ntPosition % 3));\n}",
                "dst_parent": "if ((!(translationType.includeIncomplete)) \u0026\u0026 (aa \u003e\u003d (ntSequenceLength / 3)))\n    return null;\n"
              },
              "line": 213,
              "file": "/home/khesoem/projects/lighter/exp/src/main/java/com/milaboratory/core/sequence/AminoAcidSequence.java",
              "stats": {
                "number_of_src_entities": 31,
                "number_of_dst_entities": 4,
                "src_entity_types": "[int, com.milaboratory.core.sequence.AminoAcidSequence, com.milaboratory.core.sequence.AminoAcidSequence.AminoAcidSequencePosition]",
                "dst_entity_types": "[\u003cnulltype\u003e]"
              }
            },
            {
              "pattern_action": "INS",
              "pattern_entity": {
                "entity_type": "If",
                "entity_new value": "*",
                "entity_role": "*",
                "entity_parent": "null"
              },
              "concrete_change": {
                "operator": "INS",
                "src_type": "If",
                "dst_type": "null",
                "src": "if ((!(translationType.includeIncomplete)) \u0026\u0026 (aa \u003e\u003d (ntSequenceLength / 3)))\n    return null;\n",
                "dst": "null",
                "src_parent_type": "Block",
                "dst_parent_type": "null",
                "src_parent": "{\n    int aa \u003d ntPosition / 3;\n    if ((!(translationType.includeIncomplete)) \u0026\u0026 (aa \u003e\u003d (ntSequenceLength / 3)))\n        return null;\n\n    return new com.milaboratory.core.sequence.AminoAcidSequence.AminoAcidSequencePosition(aa, (ntPosition % 3));\n}",
                "dst_parent": "null"
              },
              "line": 206,
              "file": "/home/khesoem/projects/lighter/exp/src/main/java/com/milaboratory/core/sequence/AminoAcidSequence.java"
            }
          ]
        }
      ]
    }
  ],
  "complete_analysis": true
}