{
  "instances": [
    {
      "revision": "6b701e367984c43dd642886a6dd3d7ac24384284",
      "repairability": [
        {
          "tool-name": "Nopol",
          "pattern-name": "Nopol:if_condition_upd_shallow",
          "Unified_Diff_of-files:": "Starts Below...",
          "CHANGE_old:": "     * number of records in file",
          "CHANGE_new:": "     * file",
          "instance_detail": [
            {
              "pattern_action": "UPD",
              "pattern_entity": {
                "entity_type": "*",
                "entity_new value": "*",
                "entity_role": "condition",
                "entity_parent": {
                  "entity_type": "If",
                  "entity_new value": "*",
                  "entity_role": "*",
                  "entity_parent": "null"
                }
              },
              "concrete_change": {
                "operator": "UPD",
                "src_type": "BinaryOperator",
                "dst_type": "BinaryOperator",
                "src": "reader instanceof cc.redberry.pipe.OutputPortCloseable",
                "dst": "reader !\u003d null",
                "src_parent_type": "If",
                "dst_parent_type": "If",
                "src_parent": "if (reader instanceof cc.redberry.pipe.OutputPortCloseable)\n    try {\n        ((cc.redberry.pipe.OutputPortCloseable) (reader)).close();\n    } catch (java.lang.RuntimeException e) {\n        exception \u003d e;\n    }\n",
                "dst_parent": "if (reader !\u003d null)\n    try {\n        reader.close();\n    } catch (java.lang.RuntimeException e) {\n        exception \u003d e;\n    }\n"
              },
              "line": 56,
              "file": "/home/khesoem/projects/lighter/exp/src/main/java/com/milaboratory/core/io/sequence/AbstractMultiReader.java",
              "stats": {
                "number_of_src_entities": 8,
                "number_of_dst_entities": 7,
                "src_entity_types": "[com.milaboratory.core.io.sequence.SingleReader, cc.redberry.pipe.OutputPortCloseable]",
                "dst_entity_types": "[com.milaboratory.core.io.sequence.SingleReader, \u003cnulltype\u003e]"
              }
            }
          ]
        }
      ]
    },
    {
      "revision": "6b701e367984c43dd642886a6dd3d7ac24384284",
      "repairability": [
        {
          "tool-name": "Nopol",
          "pattern-name": "Nopol:if_condition_upd_deep",
          "Unified_Diff_of-files:": "Starts Below...",
          "CHANGE_old:": "     * number of records in file",
          "CHANGE_new:": "     * file",
          "instance_detail": [
            {
              "pattern_action": "ANY",
              "pattern_entity": {
                "entity_type": "*",
                "entity_new value": "*",
                "entity_role": "*",
                "entity_parent": {
                  "entity_type": "*",
                  "entity_new value": "*",
                  "entity_role": "condition",
                  "entity_parent": {
                    "entity_type": "If",
                    "entity_new value": "*",
                    "entity_role": "*",
                    "entity_parent": "null"
                  }
                }
              },
              "concrete_change": {
                "operator": "INS",
                "src_type": "BinaryOperator",
                "dst_type": "null",
                "src": "(read2 \u003d\u003d null)",
                "dst": "null",
                "src_parent_type": "BinaryOperator",
                "dst_parent_type": "null",
                "src_parent": "(read1 \u003d\u003d null) \u0026\u0026 (read2 \u003d\u003d null)",
                "dst_parent": "null"
              },
              "line": 63,
              "file": "/home/khesoem/projects/lighter/exp/src/main/java/com/milaboratory/core/io/sequence/fastq/RandomAccessPairedFastqReader.java"
            }
          ]
        },
        {
          "tool-name": "Nopol",
          "pattern-name": "Nopol:if_condition_upd_deep",
          "Unified_Diff_of-files:": "Starts Below...",
          "CHANGE_old:": "     * number of records in file",
          "CHANGE_new:": "     * file",
          "instance_detail": [
            {
              "pattern_action": "ANY",
              "pattern_entity": {
                "entity_type": "*",
                "entity_new value": "*",
                "entity_role": "*",
                "entity_parent": {
                  "entity_type": "*",
                  "entity_new value": "*",
                  "entity_role": "condition",
                  "entity_parent": {
                    "entity_type": "If",
                    "entity_new value": "*",
                    "entity_role": "*",
                    "entity_parent": "null"
                  }
                }
              },
              "concrete_change": {
                "operator": "INS",
                "src_type": "BinaryOperator",
                "dst_type": "null",
                "src": "(read2 \u003d\u003d null)",
                "dst": "null",
                "src_parent_type": "BinaryOperator",
                "dst_parent_type": "null",
                "src_parent": "(read1 \u003d\u003d null) \u0026\u0026 (read2 \u003d\u003d null)",
                "dst_parent": "null"
              },
              "line": 73,
              "file": "/home/khesoem/projects/lighter/exp/src/main/java/com/milaboratory/core/io/sequence/fastq/RandomAccessPairedFastqReader.java"
            }
          ]
        }
      ]
    }
  ],
  "complete_analysis": true
}