{
  "instances": [
    {
      "revision": "c9cbb0000081bb10e06ad8e5b47c35ee7a6f4876",
      "repairability": [
        {
          "tool-name": "Nopol",
          "pattern-name": "Nopol:if_condition_upd_deep",
          "Unified_Diff_of-files:": "Starts Below...",
          "CHANGE_old:": "",
          "CHANGE_new:": "                        System.out.println(\"Error: missing required arguments.\\n\");",
          "instance_detail": [
            {
              "pattern_action": "ANY",
              "pattern_entity": {
                "entity_type": "*",
                "entity_new value": "*",
                "entity_role": "*",
                "entity_parent": {
                  "entity_type": "*",
                  "entity_new value": "*",
                  "entity_role": "condition",
                  "entity_parent": {
                    "entity_type": "If",
                    "entity_new value": "*",
                    "entity_role": "*",
                    "entity_parent": "null"
                  }
                }
              },
              "concrete_change": {
                "operator": "INS",
                "src_type": "BinaryOperator",
                "dst_type": "null",
                "src": "((args.length) \u003d\u003d 1)",
                "dst": "null",
                "src_parent_type": "BinaryOperator",
                "dst_parent_type": "null",
                "src_parent": "(mainParameters.help()) || ((args.length) \u003d\u003d 1)",
                "dst_parent": "null"
              },
              "line": 111,
              "file": "/home/khesoem/projects/lighter/exp/src/main/java/com/milaboratory/cli/JCommanderBasedMain.java"
            }
          ]
        }
      ]
    }
  ],
  "complete_analysis": true
}