{
  "instances": [
    {
      "revision": "54e2c79c6924919e66bc5a84ddec6a65ab492e38",
      "repairability": [
        {
          "tool-name": "JGenProg",
          "pattern-name": "JGenProg:any_statement_deep",
          "Unified_Diff_of-files:": "Starts Below...",
          "CHANGE_old:": "            return new NativeEbeanNamedQuery(method, ebeanServer, query);",
          "CHANGE_new:": "            return new NamedEbeanQuery(method, ebeanServer, query);",
          "instance_detail": [
            {
              "pattern_action": "ANY",
              "pattern_entity": {
                "entity_type": "*",
                "entity_new value": "*",
                "entity_role": "*",
                "entity_parent": {
                  "entity_type": "*",
                  "entity_new value": "*",
                  "entity_role": "Statement",
                  "entity_parent": "null"
                }
              },
              "concrete_change": {
                "operator": "UPD",
                "src_type": "TypeAccess",
                "dst_type": "TypeAccess",
                "src": "org.springframework.data.ebean.repository.query.NativeEbeanNamedQuery",
                "dst": "org.springframework.data.ebean.repository.query.NamedEbeanQuery",
                "src_parent_type": "ThisAccess",
                "dst_parent_type": "ThisAccess",
                "src_parent": "this",
                "dst_parent": "this"
              },
              "stats": {
                "number_of_src_entities": 3,
                "number_of_dst_entities": 3,
                "src_entity_types": "[org.springframework.data.ebean.repository.query.NativeEbeanNamedQuery]",
                "dst_entity_types": "[org.springframework.data.ebean.repository.query.NamedEbeanQuery]"
              }
            }
          ]
        },
        {
          "tool-name": "JGenProg",
          "pattern-name": "JGenProg:any_statement_deep",
          "Unified_Diff_of-files:": "Starts Below...",
          "CHANGE_old:": "            return new NativeEbeanNamedQuery(method, ebeanServer, query);",
          "CHANGE_new:": "            return new NamedEbeanQuery(method, ebeanServer, query);",
          "instance_detail": [
            {
              "pattern_action": "ANY",
              "pattern_entity": {
                "entity_type": "*",
                "entity_new value": "*",
                "entity_role": "*",
                "entity_parent": {
                  "entity_type": "*",
                  "entity_new value": "*",
                  "entity_role": "Statement",
                  "entity_parent": "null"
                }
              },
              "concrete_change": {
                "operator": "UPD",
                "src_type": "TypeAccess",
                "dst_type": "TypeAccess",
                "src": "org.springframework.data.ebean.repository.query.NativeEbeanNamedQuery",
                "dst": "org.springframework.data.ebean.repository.query.NamedEbeanQuery",
                "src_parent_type": "ThisAccess",
                "dst_parent_type": "ThisAccess",
                "src_parent": "this",
                "dst_parent": "this"
              },
              "stats": {
                "number_of_src_entities": 3,
                "number_of_dst_entities": 3,
                "src_entity_types": "[org.springframework.data.ebean.repository.query.NativeEbeanNamedQuery]",
                "dst_entity_types": "[org.springframework.data.ebean.repository.query.NamedEbeanQuery]"
              }
            }
          ]
        },
        {
          "tool-name": "JGenProg",
          "pattern-name": "JGenProg:any_statement_deep",
          "Unified_Diff_of-files:": "Starts Below...",
          "CHANGE_old:": "            return new NativeEbeanNamedQuery(method, ebeanServer, query);",
          "CHANGE_new:": "            return new NamedEbeanQuery(method, ebeanServer, query);",
          "instance_detail": [
            {
              "pattern_action": "ANY",
              "pattern_entity": {
                "entity_type": "*",
                "entity_new value": "*",
                "entity_role": "*",
                "entity_parent": {
                  "entity_type": "*",
                  "entity_new value": "*",
                  "entity_role": "Statement",
                  "entity_parent": "null"
                }
              },
              "concrete_change": {
                "operator": "UPD",
                "src_type": "TypeAccess",
                "dst_type": "TypeAccess",
                "src": "org.springframework.data.ebean.repository.query.NativeEbeanNamedQuery",
                "dst": "org.springframework.data.ebean.repository.query.NamedEbeanQuery",
                "src_parent_type": "ThisAccess",
                "dst_parent_type": "ThisAccess",
                "src_parent": "",
                "dst_parent": ""
              },
              "stats": {
                "number_of_src_entities": 3,
                "number_of_dst_entities": 3,
                "src_entity_types": "[org.springframework.data.ebean.repository.query.NativeEbeanNamedQuery]",
                "dst_entity_types": "[org.springframework.data.ebean.repository.query.NamedEbeanQuery]"
              }
            }
          ]
        },
        {
          "tool-name": "JGenProg",
          "pattern-name": "JGenProg:any_statement_deep",
          "Unified_Diff_of-files:": "Starts Below...",
          "CHANGE_old:": "            return new NativeEbeanNamedQuery(method, ebeanServer, query);",
          "CHANGE_new:": "            return new NamedEbeanQuery(method, ebeanServer, query);",
          "instance_detail": [
            {
              "pattern_action": "ANY",
              "pattern_entity": {
                "entity_type": "*",
                "entity_new value": "*",
                "entity_role": "*",
                "entity_parent": {
                  "entity_type": "*",
                  "entity_new value": "*",
                  "entity_role": "Statement",
                  "entity_parent": "null"
                }
              },
              "concrete_change": {
                "operator": "UPD",
                "src_type": "TypeAccess",
                "dst_type": "TypeAccess",
                "src": "org.springframework.data.ebean.repository.query.NativeEbeanNamedQuery",
                "dst": "org.springframework.data.ebean.repository.query.NamedEbeanQuery",
                "src_parent_type": "ThisAccess",
                "dst_parent_type": "ThisAccess",
                "src_parent": "",
                "dst_parent": ""
              },
              "stats": {
                "number_of_src_entities": 3,
                "number_of_dst_entities": 3,
                "src_entity_types": "[org.springframework.data.ebean.repository.query.NativeEbeanNamedQuery]",
                "dst_entity_types": "[org.springframework.data.ebean.repository.query.NamedEbeanQuery]"
              }
            }
          ]
        }
      ]
    }
  ],
  "complete_analysis": true
}