{
  "instances": [
    {
      "revision": "33be20770f68604714c47fd0b5d4bffa92422ebf",
      "repairability": [
        {
          "tool-name": "JKali",
          "pattern-name": "JKali:add_rtrn",
          "Unified_Diff_of-files:": "Starts Below...",
          "INSERT:": "",
          "CHANGE_old:": "    return HelixHelper.getInstancesWithTag(_helixZkManager, TagNameUtils.getBrokerTagForTenant(brokerTenantName));",
          "CHANGE_new:": "    return HelixHelper.getInstancesConfigsWithTag(HelixHelper.getInstanceConfigs(_helixZkManager), TagNameUtils.getBrokerTagForTenant(brokerTenantName));",
          "instance_detail": [
            {
              "pattern_action": "INS",
              "pattern_entity": {
                "entity_type": "Return",
                "entity_new value": "*",
                "entity_role": "Statement",
                "entity_parent": "null"
              },
              "concrete_change": {
                "operator": "INS",
                "src_type": "Return",
                "dst_type": "null",
                "src": "return tenantBrokers",
                "dst": "null",
                "src_parent_type": "Block",
                "dst_parent_type": "null",
                "src_parent": "{\n    java.util.List\u003corg.apache.pinot.controller.api.resources.InstanceInfo\u003e instanceInfoList \u003d getBrokersForTenantV2(tenantName, state);\n    java.util.List\u003cjava.lang.String\u003e tenantBrokers \u003d instanceInfoList.stream().map(InstanceInfo::getInstanceName).collect(java.util.stream.Collectors.toList());\n    return tenantBrokers;\n}",
                "dst_parent": "null"
              },
              "line": 93,
              "file": "/home/khesoem/projects/lighter/exp/pinot-controller/src/main/java/org/apache/pinot/controller/api/resources/PinotBrokerRestletResource.java"
            }
          ]
        },
        {
          "tool-name": "JKali",
          "pattern-name": "JKali:add_rtrn",
          "Unified_Diff_of-files:": "Starts Below...",
          "INSERT:": "",
          "CHANGE_old:": "    return HelixHelper.getInstancesWithTag(_helixZkManager, TagNameUtils.getBrokerTagForTenant(brokerTenantName));",
          "CHANGE_new:": "    return HelixHelper.getInstancesConfigsWithTag(HelixHelper.getInstanceConfigs(_helixZkManager), TagNameUtils.getBrokerTagForTenant(brokerTenantName));",
          "instance_detail": [
            {
              "pattern_action": "INS",
              "pattern_entity": {
                "entity_type": "Return",
                "entity_new value": "*",
                "entity_role": "Statement",
                "entity_parent": "null"
              },
              "concrete_change": {
                "operator": "INS",
                "src_type": "Return",
                "dst_type": "null",
                "src": "return instanceInfoList.stream().map(InstanceInfo::getInstanceName).collect(java.util.stream.Collectors.toList())",
                "dst": "null",
                "src_parent_type": "Block",
                "dst_parent_type": "null",
                "src_parent": "{\n    java.util.List\u003corg.apache.pinot.controller.api.resources.InstanceInfo\u003e instanceInfoList \u003d getBrokersForTableV2(tableName, tableTypeStr, state);\n    return instanceInfoList.stream().map(InstanceInfo::getInstanceName).collect(java.util.stream.Collectors.toList());\n}",
                "dst_parent": "null"
              },
              "line": 117,
              "file": "/home/khesoem/projects/lighter/exp/pinot-controller/src/main/java/org/apache/pinot/controller/api/resources/PinotBrokerRestletResource.java"
            }
          ]
        },
        {
          "tool-name": "JKali",
          "pattern-name": "JKali:add_rtrn",
          "Unified_Diff_of-files:": "Starts Below...",
          "INSERT:": "",
          "CHANGE_old:": "    return HelixHelper.getInstancesWithTag(_helixZkManager, TagNameUtils.getBrokerTagForTenant(brokerTenantName));",
          "CHANGE_new:": "    return HelixHelper.getInstancesConfigsWithTag(HelixHelper.getInstanceConfigs(_helixZkManager), TagNameUtils.getBrokerTagForTenant(brokerTenantName));",
          "instance_detail": [
            {
              "pattern_action": "INS",
              "pattern_entity": {
                "entity_type": "Return",
                "entity_new value": "*",
                "entity_role": "Statement",
                "entity_parent": "null"
              },
              "concrete_change": {
                "operator": "INS",
                "src_type": "Return",
                "dst_type": "null",
                "src": "return resultMap",
                "dst": "null",
                "src_parent_type": "Block",
                "dst_parent_type": "null",
                "src_parent": "{\n    java.util.Map\u003cjava.lang.String, java.util.Map\u003cjava.lang.String, java.util.List\u003corg.apache.pinot.controller.api.resources.InstanceInfo\u003e\u003e\u003e resultMap \u003d new java.util.HashMap\u003c\u003e();\n    resultMap.put(\"tenants\", getTenantsToBrokersMappingV2(state));\n    resultMap.put(\"tables\", getTablesToBrokersMappingV2(state));\n    return resultMap;\n}",
                "dst_parent": "null"
              },
              "line": 130,
              "file": "/home/khesoem/projects/lighter/exp/pinot-controller/src/main/java/org/apache/pinot/controller/api/resources/PinotBrokerRestletResource.java"
            }
          ]
        },
        {
          "tool-name": "JKali",
          "pattern-name": "JKali:add_rtrn",
          "Unified_Diff_of-files:": "Starts Below...",
          "INSERT:": "",
          "CHANGE_old:": "    return HelixHelper.getInstancesWithTag(_helixZkManager, TagNameUtils.getBrokerTagForTenant(brokerTenantName));",
          "CHANGE_new:": "    return HelixHelper.getInstancesConfigsWithTag(HelixHelper.getInstanceConfigs(_helixZkManager), TagNameUtils.getBrokerTagForTenant(brokerTenantName));",
          "instance_detail": [
            {
              "pattern_action": "INS",
              "pattern_entity": {
                "entity_type": "Return",
                "entity_new value": "*",
                "entity_role": "Statement",
                "entity_parent": "null"
              },
              "concrete_change": {
                "operator": "INS",
                "src_type": "Return",
                "dst_type": "null",
                "src": "return resultMap",
                "dst": "null",
                "src_parent_type": "Block",
                "dst_parent_type": "null",
                "src_parent": "{\n    java.util.Map\u003cjava.lang.String, java.util.List\u003corg.apache.pinot.controller.api.resources.InstanceInfo\u003e\u003e resultMap \u003d new java.util.HashMap\u003c\u003e();\n    _pinotHelixResourceManager.getAllBrokerTenantNames().stream().forEach(( tenant) -\u003e resultMap.put(tenant, getBrokersForTenantV2(tenant, state)));\n    return resultMap;\n}",
                "dst_parent": "null"
              },
              "line": 142,
              "file": "/home/khesoem/projects/lighter/exp/pinot-controller/src/main/java/org/apache/pinot/controller/api/resources/PinotBrokerRestletResource.java"
            }
          ]
        },
        {
          "tool-name": "JKali",
          "pattern-name": "JKali:add_rtrn",
          "Unified_Diff_of-files:": "Starts Below...",
          "INSERT:": "",
          "CHANGE_old:": "    return HelixHelper.getInstancesWithTag(_helixZkManager, TagNameUtils.getBrokerTagForTenant(brokerTenantName));",
          "CHANGE_new:": "    return HelixHelper.getInstancesConfigsWithTag(HelixHelper.getInstanceConfigs(_helixZkManager), TagNameUtils.getBrokerTagForTenant(brokerTenantName));",
          "instance_detail": [
            {
              "pattern_action": "INS",
              "pattern_entity": {
                "entity_type": "Return",
                "entity_new value": "*",
                "entity_role": "Statement",
                "entity_parent": "null"
              },
              "concrete_change": {
                "operator": "INS",
                "src_type": "Return",
                "dst_type": "null",
                "src": "return resultMap",
                "dst": "null",
                "src_parent_type": "Block",
                "dst_parent_type": "null",
                "src_parent": "{\n    java.util.Map\u003cjava.lang.String, java.util.List\u003corg.apache.pinot.controller.api.resources.InstanceInfo\u003e\u003e resultMap \u003d new java.util.HashMap\u003c\u003e();\n    _pinotHelixResourceManager.getAllRawTables().stream().forEach(( table) -\u003e resultMap.put(table, getBrokersForTableV2(table, null, state)));\n    return resultMap;\n}",
                "dst_parent": "null"
              },
              "line": 174,
              "file": "/home/khesoem/projects/lighter/exp/pinot-controller/src/main/java/org/apache/pinot/controller/api/resources/PinotBrokerRestletResource.java"
            }
          ]
        }
      ]
    },
    {
      "revision": "33be20770f68604714c47fd0b5d4bffa92422ebf",
      "repairability": [
        {
          "tool-name": "JKali",
          "pattern-name": "JKali:add_rtrn",
          "Unified_Diff_of-files:": "Starts Below...",
          "INSERT:": "",
          "CHANGE_old:": "    return HelixHelper.getInstancesWithTag(_helixZkManager, TagNameUtils.getBrokerTagForTenant(brokerTenantName));",
          "CHANGE_new:": "    return HelixHelper.getInstancesConfigsWithTag(HelixHelper.getInstanceConfigs(_helixZkManager), TagNameUtils.getBrokerTagForTenant(brokerTenantName));",
          "instance_detail": [
            {
              "pattern_action": "INS",
              "pattern_entity": {
                "entity_type": "Return",
                "entity_new value": "*",
                "entity_role": "Statement",
                "entity_parent": "null"
              },
              "concrete_change": {
                "operator": "INS",
                "src_type": "Return",
                "dst_type": "null",
                "src": "return instancesWithTag.stream().map(InstanceConfig::getInstanceName).collect(java.util.stream.Collectors.toList())",
                "dst": "null",
                "src_parent_type": "Block",
                "dst_parent_type": "null",
                "src_parent": "{\n    java.util.List\u003corg.apache.helix.model.InstanceConfig\u003e instancesWithTag \u003d org.apache.pinot.common.utils.helix.HelixHelper.getInstancesConfigsWithTag(instanceConfigs, tag);\n    return instancesWithTag.stream().map(InstanceConfig::getInstanceName).collect(java.util.stream.Collectors.toList());\n}",
                "dst_parent": "null"
              },
              "line": 427,
              "file": "/home/khesoem/projects/lighter/exp/pinot-common/src/main/java/org/apache/pinot/common/utils/helix/HelixHelper.java"
            }
          ]
        },
        {
          "tool-name": "JKali",
          "pattern-name": "JKali:add_rtrn",
          "Unified_Diff_of-files:": "Starts Below...",
          "INSERT:": "",
          "CHANGE_old:": "    return HelixHelper.getInstancesWithTag(_helixZkManager, TagNameUtils.getBrokerTagForTenant(brokerTenantName));",
          "CHANGE_new:": "    return HelixHelper.getInstancesConfigsWithTag(HelixHelper.getInstanceConfigs(_helixZkManager), TagNameUtils.getBrokerTagForTenant(brokerTenantName));",
          "instance_detail": [
            {
              "pattern_action": "INS",
              "pattern_entity": {
                "entity_type": "Return",
                "entity_new value": "*",
                "entity_role": "Statement",
                "entity_parent": "null"
              },
              "concrete_change": {
                "operator": "INS",
                "src_type": "Return",
                "dst_type": "null",
                "src": "return new java.util.HashSet(org.apache.pinot.common.utils.helix.HelixHelper.getInstancesConfigsWithTag(instanceConfigs, org.apache.pinot.common.utils.config.TagNameUtils.getBrokerTagForTenant(tenant)))",
                "dst": "null",
                "src_parent_type": "Block",
                "dst_parent_type": "null",
                "src_parent": "{\n    return new java.util.HashSet(org.apache.pinot.common.utils.helix.HelixHelper.getInstancesConfigsWithTag(instanceConfigs, org.apache.pinot.common.utils.config.TagNameUtils.getBrokerTagForTenant(tenant)));\n}",
                "dst_parent": "null"
              },
              "line": 488,
              "file": "/home/khesoem/projects/lighter/exp/pinot-common/src/main/java/org/apache/pinot/common/utils/helix/HelixHelper.java"
            }
          ]
        }
      ]
    },
    {
      "revision": "33be20770f68604714c47fd0b5d4bffa92422ebf",
      "repairability": [
        {
          "tool-name": "JKali",
          "pattern-name": "JKali:add_rtrn",
          "Unified_Diff_of-files:": "Starts Below...",
          "INSERT:": "",
          "CHANGE_old:": "    return HelixHelper.getInstancesWithTag(_helixZkManager, TagNameUtils.getBrokerTagForTenant(brokerTenantName));",
          "CHANGE_new:": "    return HelixHelper.getInstancesConfigsWithTag(HelixHelper.getInstanceConfigs(_helixZkManager), TagNameUtils.getBrokerTagForTenant(brokerTenantName));",
          "instance_detail": [
            {
              "pattern_action": "INS",
              "pattern_entity": {
                "entity_type": "Return",
                "entity_new value": "*",
                "entity_role": "Statement",
                "entity_parent": "null"
              },
              "concrete_change": {
                "operator": "INS",
                "src_type": "Return",
                "dst_type": "null",
                "src": "return instanceConfigList.stream().map(InstanceConfig::getInstanceName).collect(java.util.stream.Collectors.toList())",
                "dst": "null",
                "src_parent_type": "Block",
                "dst_parent_type": "null",
                "src_parent": "{\n    java.util.List\u003corg.apache.helix.model.InstanceConfig\u003e instanceConfigList \u003d getBrokerInstancesConfigsFor(tableName);\n    return instanceConfigList.stream().map(InstanceConfig::getInstanceName).collect(java.util.stream.Collectors.toList());\n}",
                "dst_parent": "null"
              },
              "line": 352,
              "file": "/home/khesoem/projects/lighter/exp/pinot-controller/src/main/java/org/apache/pinot/controller/helix/core/PinotHelixResourceManager.java"
            }
          ]
        },
        {
          "tool-name": "JKali",
          "pattern-name": "JKali:add_rtrn",
          "Unified_Diff_of-files:": "Starts Below...",
          "INSERT:": "",
          "CHANGE_old:": "    return HelixHelper.getInstancesWithTag(_helixZkManager, TagNameUtils.getBrokerTagForTenant(brokerTenantName));",
          "CHANGE_new:": "    return HelixHelper.getInstancesConfigsWithTag(HelixHelper.getInstanceConfigs(_helixZkManager), TagNameUtils.getBrokerTagForTenant(brokerTenantName));",
          "instance_detail": [
            {
              "pattern_action": "INS",
              "pattern_entity": {
                "entity_type": "Return",
                "entity_new value": "*",
                "entity_role": "Statement",
                "entity_parent": "null"
              },
              "concrete_change": {
                "operator": "INS",
                "src_type": "Return",
                "dst_type": "null",
                "src": "return org.apache.pinot.common.utils.helix.HelixHelper.getBrokerInstanceConfigsForTenant(org.apache.pinot.common.utils.helix.HelixHelper.getInstanceConfigs(_helixZkManager), tenantName)",
                "dst": "null",
                "src_parent_type": "Block",
                "dst_parent_type": "null",
                "src_parent": "{\n    return org.apache.pinot.common.utils.helix.HelixHelper.getBrokerInstanceConfigsForTenant(org.apache.pinot.common.utils.helix.HelixHelper.getInstanceConfigs(_helixZkManager), tenantName);\n}",
                "dst_parent": "null"
              },
              "line": 992,
              "file": "/home/khesoem/projects/lighter/exp/pinot-controller/src/main/java/org/apache/pinot/controller/helix/core/PinotHelixResourceManager.java"
            }
          ]
        }
      ]
    }
  ],
  "complete_analysis": true
}