{
  "instances": [
    {
      "revision": "637b0f100b6e2886ca31205e206442216c480f7f",
      "repairability": [
        {
          "tool-name": "JKali",
          "pattern-name": "JKali:add_rtrn",
          "Unified_Diff_of-files:": "Starts Below...",
          "INSERT:": "  public JsonNode getDateTimeFieldSpecs() { return  _dateTimeFieldSpecs; }",
          "instance_detail": [
            {
              "pattern_action": "INS",
              "pattern_entity": {
                "entity_type": "Return",
                "entity_new value": "*",
                "entity_role": "Statement",
                "entity_parent": "null"
              },
              "concrete_change": {
                "operator": "INS",
                "src_type": "Return",
                "dst_type": "null",
                "src": "return _dateTimeFieldSpecs",
                "dst": "null",
                "src_parent_type": "Block",
                "dst_parent_type": "null",
                "src_parent": "{\n    return _dateTimeFieldSpecs;\n}",
                "dst_parent": "null"
              },
              "line": 69,
              "file": "/home/khesoem/projects/lighter/exp/pinot-clients/pinot-jdbc-client/src/main/java/org/apache/pinot/client/controller/response/SchemaResponse.java"
            }
          ]
        }
      ]
    }
  ],
  "complete_analysis": true
}