{
  "instances": [
    {
      "revision": "a3df3424f6450a1d2f14031039a5366fa9234233",
      "repairability": [
        {
          "tool-name": "JKali",
          "pattern-name": "JKali:del",
          "Unified_Diff_of-files:": "Starts Below...",
          "INSERT:": "   * @param batchConfigOverride The config override on top of tableConfig",
          "CHANGE_old:": "  void init(TableConfig tableConfig, Schema schema)",
          "CHANGE_new:": "  void init(TableConfig tableConfig, Schema schema, Map\u0026lt;String, String\u0026gt; batchConfigOverride)",
          "instance_detail": [
            {
              "pattern_action": "DEL",
              "pattern_entity": {
                "entity_type": "*",
                "entity_new value": "*",
                "entity_role": "Statement",
                "entity_parent": "null"
              },
              "concrete_change": {
                "operator": "DEL",
                "src_type": "Invocation",
                "dst_type": "null",
                "src": "com.google.common.base.Preconditions.checkState(org.apache.commons.collections.CollectionUtils.isNotEmpty(batchIngestionConfig.getBatchConfigMaps()), \"Must provide batchConfigMap in tableConfig for table: %s, for generating SegmentGeneratorConfig\", tableConfig.getTableName())",
                "dst": "null",
                "src_parent_type": "Block",
                "dst_parent_type": "null",
                "src_parent": "{\n    com.google.common.base.Preconditions.checkNotNull(batchIngestionConfig, \"Must provide batchIngestionConfig in tableConfig for table: %s, for generating SegmentGeneratorConfig\", tableConfig.getTableName());\n    com.google.common.base.Preconditions.checkState(org.apache.commons.collections.CollectionUtils.isNotEmpty(batchIngestionConfig.getBatchConfigMaps()), \"Must provide batchConfigMap in tableConfig for table: %s, for generating SegmentGeneratorConfig\", tableConfig.getTableName());\n    org.apache.pinot.spi.ingestion.batch.BatchConfig batchConfig \u003d new org.apache.pinot.spi.ingestion.batch.BatchConfig(tableConfig.getTableName(), batchIngestionConfig.getBatchConfigMaps().get(0));\n    org.apache.pinot.segment.spi.creator.SegmentGeneratorConfig segmentGeneratorConfig \u003d new org.apache.pinot.segment.spi.creator.SegmentGeneratorConfig(tableConfig, schema);\n    segmentGeneratorConfig.setInputFilePath(batchConfig.getInputDirURI());\n    segmentGeneratorConfig.setOutDir(batchConfig.getOutputDirURI());\n    segmentGeneratorConfig.setRecordReaderPath(org.apache.pinot.spi.data.readers.RecordReaderFactory.getRecordReaderClassName(batchConfig.getInputFormat().toString()));\n    java.util.Map\u003cjava.lang.String, java.lang.String\u003e recordReaderProps \u003d batchConfig.getRecordReaderProps();\n    segmentGeneratorConfig.setReaderConfig(org.apache.pinot.spi.data.readers.RecordReaderFactory.getRecordReaderConfig(batchConfig.getInputFormat(), org.apache.pinot.spi.utils.IngestionConfigUtils.getRecordReaderProps(recordReaderProps)));\n    org.apache.pinot.segment.spi.creator.name.SegmentNameGenerator segmentNameGenerator \u003d org.apache.pinot.segment.local.utils.IngestionUtils.getSegmentNameGenerator(batchConfig, batchIngestionConfig.getSegmentIngestionType(), batchIngestionConfig.getSegmentIngestionFrequency(), tableConfig, schema);\n    segmentGeneratorConfig.setSegmentNameGenerator(segmentNameGenerator);\n    java.lang.String sequenceId \u003d batchConfig.getSequenceId();\n    if (org.apache.commons.lang3.StringUtils.isNumeric(sequenceId)) {\n        segmentGeneratorConfig.setSequenceId(java.lang.Integer.parseInt(sequenceId));\n    }\n    return segmentGeneratorConfig;\n}",
                "dst_parent": "null"
              },
              "line": 107,
              "file": "/home/khesoem/projects/lighter/exp/pinot-segment-local/src/main/java/org/apache/pinot/segment/local/utils/IngestionUtils.java",
              "stats": {
                "number_of_src_entities": 40,
                "number_of_dst_entities": -1,
                "src_entity_types": "[com.google.common.base.Preconditions, org.apache.pinot.spi.config.table.ingestion.BatchIngestionConfig, java.lang.String, org.apache.pinot.spi.config.table.TableConfig, org.apache.commons.collections.CollectionUtils]",
                "dst_entity_types": "[]"
              }
            }
          ]
        }
      ]
    },
    {
      "revision": "a3df3424f6450a1d2f14031039a5366fa9234233",
      "repairability": [
        {
          "tool-name": "JKali",
          "pattern-name": "JKali:del",
          "Unified_Diff_of-files:": "Starts Below...",
          "INSERT:": "   * @param batchConfigOverride The config override on top of tableConfig",
          "CHANGE_old:": "  void init(TableConfig tableConfig, Schema schema)",
          "CHANGE_new:": "  void init(TableConfig tableConfig, Schema schema, Map\u0026lt;String, String\u0026gt; batchConfigOverride)",
          "instance_detail": [
            {
              "pattern_action": "DEL",
              "pattern_entity": {
                "entity_type": "*",
                "entity_new value": "*",
                "entity_role": "Statement",
                "entity_parent": "null"
              },
              "concrete_change": {
                "operator": "DEL",
                "src_type": "LocalVariable",
                "dst_type": "null",
                "src": "org.apache.pinot.spi.config.table.ingestion.BatchIngestionConfig batchIngestionConfig \u003d new org.apache.pinot.spi.config.table.ingestion.BatchIngestionConfig(com.google.common.collect.Lists.newArrayList(batchConfigMapOverride), _batchIngestionConfig.getSegmentIngestionType(), _batchIngestionConfig.getSegmentIngestionFrequency())",
                "dst": "null",
                "src_parent_type": "Block",
                "dst_parent_type": "null",
                "src_parent": "{\n    java.io.File segmentDir \u003d new java.io.File(flushDir, \"segment_dir\");\n    java.util.Map\u003cjava.lang.String, java.lang.String\u003e batchConfigMapOverride \u003d new java.util.HashMap(_batchConfig.getBatchConfigMap());\n    batchConfigMapOverride.put(BatchConfigProperties.INPUT_DIR_URI, _bufferFile.getAbsolutePath());\n    batchConfigMapOverride.put(BatchConfigProperties.OUTPUT_DIR_URI, segmentDir.getAbsolutePath());\n    batchConfigMapOverride.put(BatchConfigProperties.INPUT_FORMAT, org.apache.pinot.plugin.segmentwriter.filebased.FileBasedSegmentWriter.BUFFER_FILE_FORMAT.toString());\n    org.apache.pinot.spi.config.table.ingestion.BatchIngestionConfig batchIngestionConfig \u003d new org.apache.pinot.spi.config.table.ingestion.BatchIngestionConfig(com.google.common.collect.Lists.newArrayList(batchConfigMapOverride), _batchIngestionConfig.getSegmentIngestionType(), _batchIngestionConfig.getSegmentIngestionFrequency());\n    org.apache.pinot.segment.spi.creator.SegmentGeneratorConfig segmentGeneratorConfig \u003d org.apache.pinot.segment.local.utils.IngestionUtils.generateSegmentGeneratorConfig(_tableConfig, _schema, batchIngestionConfig);\n    java.lang.String segmentName \u003d org.apache.pinot.segment.local.utils.IngestionUtils.buildSegment(segmentGeneratorConfig);\n    org.apache.pinot.plugin.segmentwriter.filebased.FileBasedSegmentWriter.LOGGER.info(\"Successfully built segment: {} for table: {}\", segmentName, _tableNameWithType);\n    java.io.File segmentTarFile \u003d new java.io.File(_outputDirURI, (segmentName + (org.apache.pinot.spi.ingestion.batch.spec.Constants.TAR_GZ_FILE_EXT)));\n    if ((!(_batchConfig.isOverwriteOutput())) \u0026\u0026 (segmentTarFile.exists())) {\n        segmentTarFile \u003d new java.io.File(_outputDirURI, java.lang.String.format(\"%s_%d%s\", segmentName, java.lang.System.currentTimeMillis(), Constants.TAR_GZ_FILE_EXT));\n    }\n    org.apache.pinot.common.utils.TarGzCompressionUtils.createTarGzFile(new java.io.File(segmentDir, segmentName), segmentTarFile);\n    org.apache.pinot.plugin.segmentwriter.filebased.FileBasedSegmentWriter.LOGGER.info(\"Created segment tar: {} for segment: {} of table: {}\", segmentTarFile.getAbsolutePath(), segmentName, _tableNameWithType);\n    resetBuffer();\n    return segmentTarFile.toURI();\n}",
                "dst_parent": "null"
              },
              "line": 176,
              "file": "/home/khesoem/projects/lighter/exp/pinot-plugins/pinot-segment-writer/pinot-segment-writer-file-based/src/main/java/org/apache/pinot/plugin/segmentwriter/filebased/FileBasedSegmentWriter.java",
              "stats": {
                "number_of_src_entities": 67,
                "number_of_dst_entities": -1,
                "src_entity_types": "[java.lang.Object, com.google.common.collect.Lists, org.apache.pinot.spi.config.table.ingestion.BatchIngestionConfig, java.lang.String, java.util.Map\u003cjava.lang.String, java.lang.String\u003e, org.apache.pinot.plugin.segmentwriter.filebased.FileBasedSegmentWriter]",
                "dst_entity_types": "[]"
              }
            }
          ]
        }
      ]
    }
  ],
  "complete_analysis": true
}