{
  "instances": [
    {
      "revision": "09e98049fa68a8c712986cb9ea5fbc700c34ade5",
      "repairability": [
        {
          "tool-name": "JKali",
          "pattern-name": "JKali:add_rtrn",
          "Unified_Diff_of-files:": "Starts Below...",
          "CHANGE_old:": "            : FIND_BY_STATUS_AND_TYPE__ORDER_BY_CREATE_TIME_DESC;",
          "CHANGE_new:": "            : FIND_BY_STATUS_AND_TYPE_ORDER_BY_CREATE_TIME_DESC;",
          "INSERT:": "  @Override",
          "instance_detail": [
            {
              "pattern_action": "INS",
              "pattern_entity": {
                "entity_type": "Return",
                "entity_new value": "*",
                "entity_role": "Statement",
                "entity_parent": "null"
              },
              "concrete_change": {
                "operator": "INS",
                "src_type": "Return",
                "dst_type": "null",
                "src": "return result",
                "dst": "null",
                "src_parent_type": "Block",
                "dst_parent_type": "null",
                "src_parent": "{\n    java.util.Map\u003cjava.lang.String, java.lang.Object\u003e parameterMap \u003d new java.util.HashMap\u003c\u003e();\n    parameterMap.put(\"status\", status.toString());\n    parameterMap.put(\"type\", type.toString());\n    java.util.List\u003corg.apache.pinot.thirdeye.datalayer.pojo.TaskBean\u003e list;\n    java.lang.String queryClause \u003d (asc) ? org.apache.pinot.thirdeye.datalayer.bao.jdbc.TaskManagerImpl.FIND_BY_STATUS_AND_TYPE_NOT_IN_ORDER_BY_CREATE_TIME_ASC : org.apache.pinot.thirdeye.datalayer.bao.jdbc.TaskManagerImpl.FIND_BY_STATUS_AND_TYPE_NOT_IN_ORDER_BY_CREATE_TIME_DESC;\n    list \u003d genericPojoDao.executeParameterizedSQL(queryClause, parameterMap, org.apache.pinot.thirdeye.datalayer.pojo.TaskBean.class);\n    java.util.List\u003corg.apache.pinot.thirdeye.datalayer.dto.TaskDTO\u003e result \u003d new java.util.ArrayList\u003c\u003e();\n    for (org.apache.pinot.thirdeye.datalayer.pojo.TaskBean bean : list) {\n        result.add(org.apache.pinot.thirdeye.datalayer.bao.jdbc.MODEL_MAPPER.map(bean, org.apache.pinot.thirdeye.datalayer.dto.TaskDTO.class));\n    }\n    return result;\n}",
                "dst_parent": "null"
              },
              "line": 164,
              "file": "/home/khesoem/projects/lighter/exp/thirdeye/thirdeye-pinot/src/main/java/org/apache/pinot/thirdeye/datalayer/bao/jdbc/TaskManagerImpl.java"
            }
          ]
        }
      ]
    },
    {
      "revision": "09e98049fa68a8c712986cb9ea5fbc700c34ade5",
      "repairability": [
        {
          "tool-name": "JKali",
          "pattern-name": "JKali:del",
          "Unified_Diff_of-files:": "Starts Below...",
          "CHANGE_old:": "            : FIND_BY_STATUS_AND_TYPE__ORDER_BY_CREATE_TIME_DESC;",
          "CHANGE_new:": "            : FIND_BY_STATUS_AND_TYPE_ORDER_BY_CREATE_TIME_DESC;",
          "INSERT:": "  @Override",
          "instance_detail": [
            {
              "pattern_action": "DEL",
              "pattern_entity": {
                "entity_type": "*",
                "entity_new value": "*",
                "entity_role": "Statement",
                "entity_parent": "null"
              },
              "concrete_change": {
                "operator": "DEL",
                "src_type": "LocalVariable",
                "dst_type": "null",
                "src": "org.apache.pinot.thirdeye.anomaly.task.TaskConstants.TaskType type \u003d (this.isOnline) ? org.apache.pinot.thirdeye.anomaly.task.TaskConstants.TaskType.DETECTION_ONLINE : org.apache.pinot.thirdeye.anomaly.task.TaskConstants.TaskType.DETECTION",
                "dst": "null",
                "src_parent_type": "Block",
                "dst_parent_type": "null",
                "src_parent": "{\n    boolean orderAscending \u003d ((java.lang.System.currentTimeMillis()) % 2) \u003d\u003d 0;\n    org.apache.pinot.thirdeye.anomaly.task.TaskConstants.TaskType type \u003d (this.isOnline) ? org.apache.pinot.thirdeye.anomaly.task.TaskConstants.TaskType.DETECTION_ONLINE : org.apache.pinot.thirdeye.anomaly.task.TaskConstants.TaskType.DETECTION;\n    anomalyTasks \u003d taskDAO.findByStatusAndTypeOrderByCreateTime(TaskStatus.WAITING, type, driverConfiguration.getTaskFetchSizeCap(), orderAscending);\n}",
                "dst_parent": "null"
              },
              "line": 197,
              "file": "/home/khesoem/projects/lighter/exp/thirdeye/thirdeye-pinot/src/main/java/org/apache/pinot/thirdeye/anomaly/task/TaskDriver.java",
              "stats": {
                "number_of_src_entities": 33,
                "number_of_dst_entities": -1,
                "src_entity_types": "[org.apache.pinot.thirdeye.anomaly.task.TaskDriver, org.apache.pinot.thirdeye.anomaly.task.TaskConstants.TaskType]",
                "dst_entity_types": "[]"
              }
            }
          ]
        },
        {
          "tool-name": "JKali",
          "pattern-name": "JKali:del",
          "Unified_Diff_of-files:": "Starts Below...",
          "CHANGE_old:": "            : FIND_BY_STATUS_AND_TYPE__ORDER_BY_CREATE_TIME_DESC;",
          "CHANGE_new:": "            : FIND_BY_STATUS_AND_TYPE_ORDER_BY_CREATE_TIME_DESC;",
          "INSERT:": "  @Override",
          "instance_detail": [
            {
              "pattern_action": "DEL",
              "pattern_entity": {
                "entity_type": "*",
                "entity_new value": "*",
                "entity_role": "Statement",
                "entity_parent": "null"
              },
              "concrete_change": {
                "operator": "DEL",
                "src_type": "Assignment",
                "dst_type": "null",
                "src": "anomalyTasks \u003d taskDAO.findByStatusAndTypeOrderByCreateTime(TaskStatus.WAITING, type, driverConfiguration.getTaskFetchSizeCap(), orderAscending)",
                "dst": "null",
                "src_parent_type": "Block",
                "dst_parent_type": "null",
                "src_parent": "{\n    boolean orderAscending \u003d ((java.lang.System.currentTimeMillis()) % 2) \u003d\u003d 0;\n    org.apache.pinot.thirdeye.anomaly.task.TaskConstants.TaskType type \u003d (this.isOnline) ? org.apache.pinot.thirdeye.anomaly.task.TaskConstants.TaskType.DETECTION_ONLINE : org.apache.pinot.thirdeye.anomaly.task.TaskConstants.TaskType.DETECTION;\n    anomalyTasks \u003d taskDAO.findByStatusAndTypeOrderByCreateTime(TaskStatus.WAITING, type, driverConfiguration.getTaskFetchSizeCap(), orderAscending);\n}",
                "dst_parent": "null"
              },
              "line": 198,
              "file": "/home/khesoem/projects/lighter/exp/thirdeye/thirdeye-pinot/src/main/java/org/apache/pinot/thirdeye/anomaly/task/TaskDriver.java",
              "stats": {
                "number_of_src_entities": 52,
                "number_of_dst_entities": -1,
                "src_entity_types": "[org.apache.pinot.thirdeye.datalayer.bao.TaskManager, boolean, org.apache.pinot.thirdeye.anomaly.task.TaskDriver, org.apache.pinot.thirdeye.anomaly.task.TaskConstants.TaskType, java.util.List\u003corg.apache.pinot.thirdeye.datalayer.dto.TaskDTO\u003e, TaskStatus.WAITING, org.apache.pinot.thirdeye.datalayer.dto.TaskDTO, org.apache.pinot.thirdeye.anomaly.task.TaskDriverConfiguration]",
                "dst_entity_types": "[]"
              }
            }
          ]
        }
      ]
    }
  ],
  "complete_analysis": true
}