{
  "instances": [
    {
      "revision": "064a49226454b714c60b47d808f4e8b9b36454da",
      "repairability": [
        {
          "tool-name": "JKali",
          "pattern-name": "JKali:del",
          "Unified_Diff_of-files:": "Starts Below...",
          "DELETE:": "  /**",
          "instance_detail": [
            {
              "pattern_action": "DEL",
              "pattern_entity": {
                "entity_type": "*",
                "entity_new value": "*",
                "entity_role": "Statement",
                "entity_parent": "null"
              },
              "concrete_change": {
                "operator": "DEL",
                "src_type": "LocalVariable",
                "dst_type": "null",
                "src": "org.apache.pinot.spi.config.table.TunerConfig tunerConfig \u003d tableConfig.getTunerConfig()",
                "dst": "null",
                "src_parent_type": "Block",
                "dst_parent_type": "null",
                "src_parent": "{\n    org.apache.pinot.spi.config.table.TunerConfig tunerConfig \u003d tableConfig.getTunerConfig();\n    if (((tunerConfig !\u003d null) \u0026\u0026 ((tunerConfig.getName()) !\u003d null)) \u0026\u0026 (!(tunerConfig.getName().isEmpty()))) {\n        org.apache.pinot.spi.config.table.tuner.TableConfigTuner tuner \u003d org.apache.pinot.common.config.tuner.TableConfigTunerRegistry.getTuner(tunerConfig.getName());\n        tuner.init(tunerConfig, schema);\n        tuner.apply(tableConfig);\n    }\n}",
                "dst_parent": "null"
              },
              "line": 664,
              "file": "/home/khesoem/projects/lighter/exp/pinot-segment-local/src/main/java/org/apache/pinot/segment/local/utils/TableConfigUtils.java"
            }
          ]
        },
        {
          "tool-name": "JKali",
          "pattern-name": "JKali:del",
          "Unified_Diff_of-files:": "Starts Below...",
          "DELETE:": "  /**",
          "instance_detail": [
            {
              "pattern_action": "DEL",
              "pattern_entity": {
                "entity_type": "*",
                "entity_new value": "*",
                "entity_role": "Statement",
                "entity_parent": "null"
              },
              "concrete_change": {
                "operator": "DEL",
                "src_type": "LocalVariable",
                "dst_type": "null",
                "src": "org.apache.pinot.spi.config.table.tuner.TableConfigTuner tuner \u003d org.apache.pinot.common.config.tuner.TableConfigTunerRegistry.getTuner(tunerConfig.getName())",
                "dst": "null",
                "src_parent_type": "Block",
                "dst_parent_type": "null",
                "src_parent": "{\n    org.apache.pinot.spi.config.table.tuner.TableConfigTuner tuner \u003d org.apache.pinot.common.config.tuner.TableConfigTunerRegistry.getTuner(tunerConfig.getName());\n    tuner.init(tunerConfig, schema);\n    tuner.apply(tableConfig);\n}",
                "dst_parent": "null"
              },
              "line": 666,
              "file": "/home/khesoem/projects/lighter/exp/pinot-segment-local/src/main/java/org/apache/pinot/segment/local/utils/TableConfigUtils.java"
            }
          ]
        },
        {
          "tool-name": "JKali",
          "pattern-name": "JKali:del",
          "Unified_Diff_of-files:": "Starts Below...",
          "DELETE:": "  /**",
          "instance_detail": [
            {
              "pattern_action": "DEL",
              "pattern_entity": {
                "entity_type": "*",
                "entity_new value": "*",
                "entity_role": "Statement",
                "entity_parent": "null"
              },
              "concrete_change": {
                "operator": "DEL",
                "src_type": "Invocation",
                "dst_type": "null",
                "src": "tuner.init(tunerConfig, schema)",
                "dst": "null",
                "src_parent_type": "Block",
                "dst_parent_type": "null",
                "src_parent": "{\n    org.apache.pinot.spi.config.table.tuner.TableConfigTuner tuner \u003d org.apache.pinot.common.config.tuner.TableConfigTunerRegistry.getTuner(tunerConfig.getName());\n    tuner.init(tunerConfig, schema);\n    tuner.apply(tableConfig);\n}",
                "dst_parent": "null"
              },
              "line": 667,
              "file": "/home/khesoem/projects/lighter/exp/pinot-segment-local/src/main/java/org/apache/pinot/segment/local/utils/TableConfigUtils.java"
            }
          ]
        },
        {
          "tool-name": "JKali",
          "pattern-name": "JKali:del",
          "Unified_Diff_of-files:": "Starts Below...",
          "DELETE:": "  /**",
          "instance_detail": [
            {
              "pattern_action": "DEL",
              "pattern_entity": {
                "entity_type": "*",
                "entity_new value": "*",
                "entity_role": "Statement",
                "entity_parent": "null"
              },
              "concrete_change": {
                "operator": "DEL",
                "src_type": "Invocation",
                "dst_type": "null",
                "src": "tuner.apply(tableConfig)",
                "dst": "null",
                "src_parent_type": "Block",
                "dst_parent_type": "null",
                "src_parent": "{\n    org.apache.pinot.spi.config.table.tuner.TableConfigTuner tuner \u003d org.apache.pinot.common.config.tuner.TableConfigTunerRegistry.getTuner(tunerConfig.getName());\n    tuner.init(tunerConfig, schema);\n    tuner.apply(tableConfig);\n}",
                "dst_parent": "null"
              },
              "line": 668,
              "file": "/home/khesoem/projects/lighter/exp/pinot-segment-local/src/main/java/org/apache/pinot/segment/local/utils/TableConfigUtils.java"
            }
          ]
        },
        {
          "tool-name": "JKali",
          "pattern-name": "JKali:del",
          "Unified_Diff_of-files:": "Starts Below...",
          "DELETE:": "  /**",
          "instance_detail": [
            {
              "pattern_action": "DEL",
              "pattern_entity": {
                "entity_type": "*",
                "entity_new value": "*",
                "entity_role": "Statement",
                "entity_parent": "null"
              },
              "concrete_change": {
                "operator": "DEL",
                "src_type": "If",
                "dst_type": "null",
                "src": "if (((tunerConfig !\u003d null) \u0026\u0026 ((tunerConfig.getName()) !\u003d null)) \u0026\u0026 (!(tunerConfig.getName().isEmpty()))) {\n    org.apache.pinot.spi.config.table.tuner.TableConfigTuner tuner \u003d org.apache.pinot.common.config.tuner.TableConfigTunerRegistry.getTuner(tunerConfig.getName());\n    tuner.init(tunerConfig, schema);\n    tuner.apply(tableConfig);\n}",
                "dst": "null",
                "src_parent_type": "Block",
                "dst_parent_type": "null",
                "src_parent": "{\n    org.apache.pinot.spi.config.table.TunerConfig tunerConfig \u003d tableConfig.getTunerConfig();\n    if (((tunerConfig !\u003d null) \u0026\u0026 ((tunerConfig.getName()) !\u003d null)) \u0026\u0026 (!(tunerConfig.getName().isEmpty()))) {\n        org.apache.pinot.spi.config.table.tuner.TableConfigTuner tuner \u003d org.apache.pinot.common.config.tuner.TableConfigTunerRegistry.getTuner(tunerConfig.getName());\n        tuner.init(tunerConfig, schema);\n        tuner.apply(tableConfig);\n    }\n}",
                "dst_parent": "null"
              },
              "line": 665,
              "file": "/home/khesoem/projects/lighter/exp/pinot-segment-local/src/main/java/org/apache/pinot/segment/local/utils/TableConfigUtils.java"
            }
          ]
        }
      ]
    },
    {
      "revision": "064a49226454b714c60b47d808f4e8b9b36454da",
      "repairability": [
        {
          "tool-name": "JKali",
          "pattern-name": "JKali:add_rtrn",
          "Unified_Diff_of-files:": "Starts Below...",
          "DELETE:": "  /**",
          "instance_detail": [
            {
              "pattern_action": "INS",
              "pattern_entity": {
                "entity_type": "Return",
                "entity_new value": "*",
                "entity_role": "Statement",
                "entity_parent": "null"
              },
              "concrete_change": {
                "operator": "INS",
                "src_type": "Return",
                "dst_type": "null",
                "src": "return java.util.Arrays.asList(getProperty(org.apache.pinot.controller.ControllerConf.TABLE_CONFIG_TUNER_PACKAGES, org.apache.pinot.controller.ControllerConf.DEFAULT_TABLE_CONFIG_TUNER_PACKAGES).split(\"\\\\s*,\\\\s*\"))",
                "dst": "null",
                "src_parent_type": "Block",
                "dst_parent_type": "null",
                "src_parent": "{\n    return java.util.Arrays.asList(getProperty(org.apache.pinot.controller.ControllerConf.TABLE_CONFIG_TUNER_PACKAGES, org.apache.pinot.controller.ControllerConf.DEFAULT_TABLE_CONFIG_TUNER_PACKAGES).split(\"\\\\s*,\\\\s*\"));\n}",
                "dst_parent": "null"
              },
              "line": 718,
              "file": "/home/khesoem/projects/lighter/exp/pinot-controller/src/main/java/org/apache/pinot/controller/ControllerConf.java"
            }
          ]
        }
      ]
    },
    {
      "revision": "064a49226454b714c60b47d808f4e8b9b36454da",
      "repairability": [
        {
          "tool-name": "JKali",
          "pattern-name": "JKali:del",
          "Unified_Diff_of-files:": "Starts Below...",
          "DELETE:": "  /**",
          "instance_detail": [
            {
              "pattern_action": "DEL",
              "pattern_entity": {
                "entity_type": "*",
                "entity_new value": "*",
                "entity_role": "Statement",
                "entity_parent": "null"
              },
              "concrete_change": {
                "operator": "DEL",
                "src_type": "LocalVariable",
                "dst_type": "null",
                "src": "org.reflections.Reflections reflections \u003d new org.reflections.Reflections(new org.reflections.util.ConfigurationBuilder().setUrls(org.reflections.util.ClasspathHelper.forPackage(\"org.apache.pinot\")).filterInputsBy(new org.reflections.util.FilterBuilder.Include(\".*\\\\.tuner\\\\..*\")).setScanners(new org.reflections.scanners.ResourcesScanner(), new org.reflections.scanners.TypeAnnotationsScanner(), new org.reflections.scanners.SubTypesScanner()))",
                "dst": "null",
                "src_parent_type": "Block",
                "dst_parent_type": "null",
                "src_parent": "{\n    org.reflections.Reflections reflections \u003d new org.reflections.Reflections(new org.reflections.util.ConfigurationBuilder().setUrls(org.reflections.util.ClasspathHelper.forPackage(\"org.apache.pinot\")).filterInputsBy(new org.reflections.util.FilterBuilder.Include(\".*\\\\.tuner\\\\..*\")).setScanners(new org.reflections.scanners.ResourcesScanner(), new org.reflections.scanners.TypeAnnotationsScanner(), new org.reflections.scanners.SubTypesScanner()));\n    java.util.Set\u003cjava.lang.Class\u003c?\u003e\u003e classes \u003d reflections.getTypesAnnotatedWith(org.apache.pinot.spi.config.table.tuner.Tuner.class);\n    classes.forEach(( tunerClass) -\u003e {\n        org.apache.pinot.spi.config.table.tuner.Tuner tunerAnnotation \u003d tunerClass.getAnnotation(org.apache.pinot.spi.config.table.tuner.Tuner.class);\n        if (tunerAnnotation.enabled()) {\n            if (tunerAnnotation.name().isEmpty()) {\n                org.apache.pinot.common.config.tuner.TableConfigTunerRegistry.LOGGER.error(\"Cannot register an unnamed config tuner for annotation {} \", tunerAnnotation.toString());\n            } else {\n                java.lang.String tunerName \u003d tunerAnnotation.name();\n                org.apache.pinot.spi.config.table.tuner.TableConfigTuner tuner;\n                try {\n                    tuner \u003d ((org.apache.pinot.spi.config.table.tuner.TableConfigTuner) (tunerClass.newInstance()));\n                    org.apache.pinot.common.config.tuner.TableConfigTunerRegistry._configTunerMap.putIfAbsent(tunerName, tuner);\n                } catch (java.lang.Exception e) {\n                    org.apache.pinot.common.config.tuner.TableConfigTunerRegistry.LOGGER.error(java.lang.String.format(\"Unable to register tuner %s . Cannot instantiate.\", tunerName), e);\n                }\n            }\n        }\n    });\n    org.apache.pinot.common.config.tuner.TableConfigTunerRegistry.LOGGER.info(\"Initialized TableConfigTunerRegistry with {} tuners: {}\", org.apache.pinot.common.config.tuner.TableConfigTunerRegistry._configTunerMap.size(), org.apache.pinot.common.config.tuner.TableConfigTunerRegistry._configTunerMap.keySet());\n}",
                "dst_parent": "null"
              },
              "line": 48,
              "file": "/home/khesoem/projects/lighter/exp/pinot-common/src/main/java/org/apache/pinot/common/config/tuner/TableConfigTunerRegistry.java"
            }
          ]
        },
        {
          "tool-name": "JKali",
          "pattern-name": "JKali:del",
          "Unified_Diff_of-files:": "Starts Below...",
          "DELETE:": "  /**",
          "instance_detail": [
            {
              "pattern_action": "DEL",
              "pattern_entity": {
                "entity_type": "*",
                "entity_new value": "*",
                "entity_role": "Statement",
                "entity_parent": "null"
              },
              "concrete_change": {
                "operator": "DEL",
                "src_type": "LocalVariable",
                "dst_type": "null",
                "src": "java.util.Set\u003cjava.lang.Class\u003c?\u003e\u003e classes \u003d reflections.getTypesAnnotatedWith(org.apache.pinot.spi.config.table.tuner.Tuner.class)",
                "dst": "null",
                "src_parent_type": "Block",
                "dst_parent_type": "null",
                "src_parent": "{\n    org.reflections.Reflections reflections \u003d new org.reflections.Reflections(new org.reflections.util.ConfigurationBuilder().setUrls(org.reflections.util.ClasspathHelper.forPackage(\"org.apache.pinot\")).filterInputsBy(new org.reflections.util.FilterBuilder.Include(\".*\\\\.tuner\\\\..*\")).setScanners(new org.reflections.scanners.ResourcesScanner(), new org.reflections.scanners.TypeAnnotationsScanner(), new org.reflections.scanners.SubTypesScanner()));\n    java.util.Set\u003cjava.lang.Class\u003c?\u003e\u003e classes \u003d reflections.getTypesAnnotatedWith(org.apache.pinot.spi.config.table.tuner.Tuner.class);\n    classes.forEach(( tunerClass) -\u003e {\n        org.apache.pinot.spi.config.table.tuner.Tuner tunerAnnotation \u003d tunerClass.getAnnotation(org.apache.pinot.spi.config.table.tuner.Tuner.class);\n        if (tunerAnnotation.enabled()) {\n            if (tunerAnnotation.name().isEmpty()) {\n                org.apache.pinot.common.config.tuner.TableConfigTunerRegistry.LOGGER.error(\"Cannot register an unnamed config tuner for annotation {} \", tunerAnnotation.toString());\n            } else {\n                java.lang.String tunerName \u003d tunerAnnotation.name();\n                org.apache.pinot.spi.config.table.tuner.TableConfigTuner tuner;\n                try {\n                    tuner \u003d ((org.apache.pinot.spi.config.table.tuner.TableConfigTuner) (tunerClass.newInstance()));\n                    org.apache.pinot.common.config.tuner.TableConfigTunerRegistry._configTunerMap.putIfAbsent(tunerName, tuner);\n                } catch (java.lang.Exception e) {\n                    org.apache.pinot.common.config.tuner.TableConfigTunerRegistry.LOGGER.error(java.lang.String.format(\"Unable to register tuner %s . Cannot instantiate.\", tunerName), e);\n                }\n            }\n        }\n    });\n    org.apache.pinot.common.config.tuner.TableConfigTunerRegistry.LOGGER.info(\"Initialized TableConfigTunerRegistry with {} tuners: {}\", org.apache.pinot.common.config.tuner.TableConfigTunerRegistry._configTunerMap.size(), org.apache.pinot.common.config.tuner.TableConfigTunerRegistry._configTunerMap.keySet());\n}",
                "dst_parent": "null"
              },
              "line": 52,
              "file": "/home/khesoem/projects/lighter/exp/pinot-common/src/main/java/org/apache/pinot/common/config/tuner/TableConfigTunerRegistry.java"
            }
          ]
        },
        {
          "tool-name": "JKali",
          "pattern-name": "JKali:del",
          "Unified_Diff_of-files:": "Starts Below...",
          "DELETE:": "  /**",
          "instance_detail": [
            {
              "pattern_action": "DEL",
              "pattern_entity": {
                "entity_type": "*",
                "entity_new value": "*",
                "entity_role": "Statement",
                "entity_parent": "null"
              },
              "concrete_change": {
                "operator": "DEL",
                "src_type": "Invocation",
                "dst_type": "null",
                "src": "classes.forEach(( tunerClass) -\u003e {\n    org.apache.pinot.spi.config.table.tuner.Tuner tunerAnnotation \u003d tunerClass.getAnnotation(org.apache.pinot.spi.config.table.tuner.Tuner.class);\n    if (tunerAnnotation.enabled()) {\n        if (tunerAnnotation.name().isEmpty()) {\n            org.apache.pinot.common.config.tuner.TableConfigTunerRegistry.LOGGER.error(\"Cannot register an unnamed config tuner for annotation {} \", tunerAnnotation.toString());\n        } else {\n            java.lang.String tunerName \u003d tunerAnnotation.name();\n            org.apache.pinot.spi.config.table.tuner.TableConfigTuner tuner;\n            try {\n                tuner \u003d ((org.apache.pinot.spi.config.table.tuner.TableConfigTuner) (tunerClass.newInstance()));\n                org.apache.pinot.common.config.tuner.TableConfigTunerRegistry._configTunerMap.putIfAbsent(tunerName, tuner);\n            } catch (java.lang.Exception e) {\n                org.apache.pinot.common.config.tuner.TableConfigTunerRegistry.LOGGER.error(java.lang.String.format(\"Unable to register tuner %s . Cannot instantiate.\", tunerName), e);\n            }\n        }\n    }\n})",
                "dst": "null",
                "src_parent_type": "Block",
                "dst_parent_type": "null",
                "src_parent": "{\n    org.reflections.Reflections reflections \u003d new org.reflections.Reflections(new org.reflections.util.ConfigurationBuilder().setUrls(org.reflections.util.ClasspathHelper.forPackage(\"org.apache.pinot\")).filterInputsBy(new org.reflections.util.FilterBuilder.Include(\".*\\\\.tuner\\\\..*\")).setScanners(new org.reflections.scanners.ResourcesScanner(), new org.reflections.scanners.TypeAnnotationsScanner(), new org.reflections.scanners.SubTypesScanner()));\n    java.util.Set\u003cjava.lang.Class\u003c?\u003e\u003e classes \u003d reflections.getTypesAnnotatedWith(org.apache.pinot.spi.config.table.tuner.Tuner.class);\n    classes.forEach(( tunerClass) -\u003e {\n        org.apache.pinot.spi.config.table.tuner.Tuner tunerAnnotation \u003d tunerClass.getAnnotation(org.apache.pinot.spi.config.table.tuner.Tuner.class);\n        if (tunerAnnotation.enabled()) {\n            if (tunerAnnotation.name().isEmpty()) {\n                org.apache.pinot.common.config.tuner.TableConfigTunerRegistry.LOGGER.error(\"Cannot register an unnamed config tuner for annotation {} \", tunerAnnotation.toString());\n            } else {\n                java.lang.String tunerName \u003d tunerAnnotation.name();\n                org.apache.pinot.spi.config.table.tuner.TableConfigTuner tuner;\n                try {\n                    tuner \u003d ((org.apache.pinot.spi.config.table.tuner.TableConfigTuner) (tunerClass.newInstance()));\n                    org.apache.pinot.common.config.tuner.TableConfigTunerRegistry._configTunerMap.putIfAbsent(tunerName, tuner);\n                } catch (java.lang.Exception e) {\n                    org.apache.pinot.common.config.tuner.TableConfigTunerRegistry.LOGGER.error(java.lang.String.format(\"Unable to register tuner %s . Cannot instantiate.\", tunerName), e);\n                }\n            }\n        }\n    });\n    org.apache.pinot.common.config.tuner.TableConfigTunerRegistry.LOGGER.info(\"Initialized TableConfigTunerRegistry with {} tuners: {}\", org.apache.pinot.common.config.tuner.TableConfigTunerRegistry._configTunerMap.size(), org.apache.pinot.common.config.tuner.TableConfigTunerRegistry._configTunerMap.keySet());\n}",
                "dst_parent": "null"
              },
              "line": 53,
              "file": "/home/khesoem/projects/lighter/exp/pinot-common/src/main/java/org/apache/pinot/common/config/tuner/TableConfigTunerRegistry.java"
            }
          ]
        },
        {
          "tool-name": "JKali",
          "pattern-name": "JKali:del",
          "Unified_Diff_of-files:": "Starts Below...",
          "DELETE:": "  /**",
          "instance_detail": [
            {
              "pattern_action": "DEL",
              "pattern_entity": {
                "entity_type": "*",
                "entity_new value": "*",
                "entity_role": "Statement",
                "entity_parent": "null"
              },
              "concrete_change": {
                "operator": "DEL",
                "src_type": "Invocation",
                "dst_type": "null",
                "src": "org.apache.pinot.common.config.tuner.TableConfigTunerRegistry.LOGGER.info(\"Initialized TableConfigTunerRegistry with {} tuners: {}\", org.apache.pinot.common.config.tuner.TableConfigTunerRegistry._configTunerMap.size(), org.apache.pinot.common.config.tuner.TableConfigTunerRegistry._configTunerMap.keySet())",
                "dst": "null",
                "src_parent_type": "Block",
                "dst_parent_type": "null",
                "src_parent": "{\n    org.reflections.Reflections reflections \u003d new org.reflections.Reflections(new org.reflections.util.ConfigurationBuilder().setUrls(org.reflections.util.ClasspathHelper.forPackage(\"org.apache.pinot\")).filterInputsBy(new org.reflections.util.FilterBuilder.Include(\".*\\\\.tuner\\\\..*\")).setScanners(new org.reflections.scanners.ResourcesScanner(), new org.reflections.scanners.TypeAnnotationsScanner(), new org.reflections.scanners.SubTypesScanner()));\n    java.util.Set\u003cjava.lang.Class\u003c?\u003e\u003e classes \u003d reflections.getTypesAnnotatedWith(org.apache.pinot.spi.config.table.tuner.Tuner.class);\n    classes.forEach(( tunerClass) -\u003e {\n        org.apache.pinot.spi.config.table.tuner.Tuner tunerAnnotation \u003d tunerClass.getAnnotation(org.apache.pinot.spi.config.table.tuner.Tuner.class);\n        if (tunerAnnotation.enabled()) {\n            if (tunerAnnotation.name().isEmpty()) {\n                org.apache.pinot.common.config.tuner.TableConfigTunerRegistry.LOGGER.error(\"Cannot register an unnamed config tuner for annotation {} \", tunerAnnotation.toString());\n            } else {\n                java.lang.String tunerName \u003d tunerAnnotation.name();\n                org.apache.pinot.spi.config.table.tuner.TableConfigTuner tuner;\n                try {\n                    tuner \u003d ((org.apache.pinot.spi.config.table.tuner.TableConfigTuner) (tunerClass.newInstance()));\n                    org.apache.pinot.common.config.tuner.TableConfigTunerRegistry._configTunerMap.putIfAbsent(tunerName, tuner);\n                } catch (java.lang.Exception e) {\n                    org.apache.pinot.common.config.tuner.TableConfigTunerRegistry.LOGGER.error(java.lang.String.format(\"Unable to register tuner %s . Cannot instantiate.\", tunerName), e);\n                }\n            }\n        }\n    });\n    org.apache.pinot.common.config.tuner.TableConfigTunerRegistry.LOGGER.info(\"Initialized TableConfigTunerRegistry with {} tuners: {}\", org.apache.pinot.common.config.tuner.TableConfigTunerRegistry._configTunerMap.size(), org.apache.pinot.common.config.tuner.TableConfigTunerRegistry._configTunerMap.keySet());\n}",
                "dst_parent": "null"
              },
              "line": 70,
              "file": "/home/khesoem/projects/lighter/exp/pinot-common/src/main/java/org/apache/pinot/common/config/tuner/TableConfigTunerRegistry.java"
            }
          ]
        },
        {
          "tool-name": "JKali",
          "pattern-name": "JKali:add_rtrn",
          "Unified_Diff_of-files:": "Starts Below...",
          "DELETE:": "  /**",
          "instance_detail": [
            {
              "pattern_action": "INS",
              "pattern_entity": {
                "entity_type": "Return",
                "entity_new value": "*",
                "entity_role": "Statement",
                "entity_parent": "null"
              },
              "concrete_change": {
                "operator": "INS",
                "src_type": "Return",
                "dst_type": "null",
                "src": "return",
                "dst": "null",
                "src_parent_type": "Block",
                "dst_parent_type": "null",
                "src_parent": "{\n    org.apache.pinot.controller.tuner.TableConfigTunerRegistry.LOGGER.info(\"TableConfigTunerRegistry already initialized, skipping.\");\n    return;\n}",
                "dst_parent": "null"
              },
              "line": 62,
              "file": "/home/khesoem/projects/lighter/exp/pinot-controller/src/main/java/org/apache/pinot/controller/tuner/TableConfigTunerRegistry.java"
            }
          ]
        }
      ]
    }
  ],
  "complete_analysis": true
}