{
  "instances": [
    {
      "revision": "8ce56fcb35a74064e15363b25755edd50f701c7a",
      "repairability": [
        {
          "tool-name": "Elixir",
          "pattern-name": "Elixir:update_invocation_deep",
          "Unified_Diff_of-files:": "Starts Below...",
          "INSERT:": "    protected final TransformerFactory transformerFactory;",
          "DELETE:": "",
          "CHANGE_old:": "            provider.reportMappingProblem(e,\"XML Transformation failed: %s\", e.getMessage());",
          "CHANGE_new:": "            provider.reportMappingProblem(e, \"DOM `Node` value serialization failed: %s\", e.getMessage());",
          "instance_detail": [
            {
              "pattern_action": "ANY",
              "pattern_entity": {
                "entity_type": "*",
                "entity_new value": "*",
                "entity_role": "*",
                "entity_parent": {
                  "entity_type": "AbstractInvocation",
                  "entity_new value": "*",
                  "entity_role": "*",
                  "entity_parent": "null"
                }
              },
              "concrete_change": {
                "operator": "UPD",
                "src_type": "VariableRead",
                "dst_type": "VariableRead",
                "src": "jgen",
                "dst": "g",
                "src_parent_type": "Invocation",
                "dst_parent_type": "Invocation",
                "src_parent": "jgen.writeString(result.getWriter().toString())",
                "dst_parent": "g.writeString(result.getWriter().toString())"
              },
              "line": 45,
              "file": "/home/khesoem/projects/lighter/exp/src/main/java/com/fasterxml/jackson/databind/ext/DOMSerializer.java",
              "stats": {
                "number_of_src_entities": 4,
                "number_of_dst_entities": 4,
                "src_entity_types": "[com.fasterxml.jackson.core.JsonGenerator]",
                "dst_entity_types": "[com.fasterxml.jackson.core.JsonGenerator]"
              }
            }
          ]
        }
      ]
    }
  ],
  "complete_analysis": true
}