{
  "instances": [
    {
      "revision": "776d62225e2ce5ae87e7e38f198b37305a419dcb",
      "repairability": [
        {
          "tool-name": "Nopol",
          "pattern-name": "Nopol:if_condition_upd_deep",
          "Unified_Diff_of-files:": "Starts Below...",
          "CHANGE_old:": "      Sender sender \u003d new Sender(socket, this.communicationService);",
          "CHANGE_new:": "      Sender sender \u003d new Sender(socket);",
          "INSERT:": "      inRange(id);",
          "DELETE:": "    communicationService.shutdownNow();",
          "instance_detail": [
            {
              "pattern_action": "ANY",
              "pattern_entity": {
                "entity_type": "*",
                "entity_new value": "*",
                "entity_role": "*",
                "entity_parent": {
                  "entity_type": "*",
                  "entity_new value": "*",
                  "entity_role": "condition",
                  "entity_parent": {
                    "entity_type": "If",
                    "entity_new value": "*",
                    "entity_role": "*",
                    "entity_parent": "null"
                  }
                }
              },
              "concrete_change": {
                "operator": "UPD",
                "src_type": "TypeAccess",
                "dst_type": "TypeAccess",
                "src": "dk.alexandra.fresco.framework.network.Receiver",
                "dst": "dk.alexandra.fresco.framework.network.socket.Receiver",
                "src_parent_type": "ThisAccess",
                "dst_parent_type": "ThisAccess",
                "src_parent": "",
                "dst_parent": ""
              },
              "stats": {
                "number_of_src_entities": 3,
                "number_of_dst_entities": 3,
                "src_entity_types": "[dk.alexandra.fresco.framework.network.Receiver]",
                "dst_entity_types": "[dk.alexandra.fresco.framework.network.socket.Receiver]"
              }
            }
          ]
        },
        {
          "tool-name": "Nopol",
          "pattern-name": "Nopol:if_condition_upd_deep",
          "Unified_Diff_of-files:": "Starts Below...",
          "CHANGE_old:": "      Sender sender \u003d new Sender(socket, this.communicationService);",
          "CHANGE_new:": "      Sender sender \u003d new Sender(socket);",
          "INSERT:": "      inRange(id);",
          "DELETE:": "    communicationService.shutdownNow();",
          "instance_detail": [
            {
              "pattern_action": "ANY",
              "pattern_entity": {
                "entity_type": "*",
                "entity_new value": "*",
                "entity_role": "*",
                "entity_parent": {
                  "entity_type": "*",
                  "entity_new value": "*",
                  "entity_role": "condition",
                  "entity_parent": {
                    "entity_type": "If",
                    "entity_new value": "*",
                    "entity_role": "*",
                    "entity_parent": "null"
                  }
                }
              },
              "concrete_change": {
                "operator": "UPD",
                "src_type": "TypeAccess",
                "dst_type": "TypeAccess",
                "src": "dk.alexandra.fresco.framework.network.Receiver",
                "dst": "dk.alexandra.fresco.framework.network.socket.Receiver",
                "src_parent_type": "ThisAccess",
                "dst_parent_type": "ThisAccess",
                "src_parent": "",
                "dst_parent": ""
              },
              "stats": {
                "number_of_src_entities": 3,
                "number_of_dst_entities": 3,
                "src_entity_types": "[dk.alexandra.fresco.framework.network.Receiver]",
                "dst_entity_types": "[dk.alexandra.fresco.framework.network.socket.Receiver]"
              }
            }
          ]
        },
        {
          "tool-name": "Nopol",
          "pattern-name": "Nopol:if_condition_upd_deep",
          "Unified_Diff_of-files:": "Starts Below...",
          "CHANGE_old:": "      Sender sender \u003d new Sender(socket, this.communicationService);",
          "CHANGE_new:": "      Sender sender \u003d new Sender(socket);",
          "INSERT:": "      inRange(id);",
          "DELETE:": "    communicationService.shutdownNow();",
          "instance_detail": [
            {
              "pattern_action": "ANY",
              "pattern_entity": {
                "entity_type": "*",
                "entity_new value": "*",
                "entity_role": "*",
                "entity_parent": {
                  "entity_type": "*",
                  "entity_new value": "*",
                  "entity_role": "condition",
                  "entity_parent": {
                    "entity_type": "If",
                    "entity_new value": "*",
                    "entity_role": "*",
                    "entity_parent": "null"
                  }
                }
              },
              "concrete_change": {
                "operator": "UPD",
                "src_type": "TypeAccess",
                "dst_type": "TypeAccess",
                "src": "dk.alexandra.fresco.framework.network.Receiver",
                "dst": "dk.alexandra.fresco.framework.network.socket.Receiver",
                "src_parent_type": "ThisAccess",
                "dst_parent_type": "ThisAccess",
                "src_parent": "",
                "dst_parent": ""
              },
              "stats": {
                "number_of_src_entities": 3,
                "number_of_dst_entities": 3,
                "src_entity_types": "[dk.alexandra.fresco.framework.network.Receiver]",
                "dst_entity_types": "[dk.alexandra.fresco.framework.network.socket.Receiver]"
              }
            }
          ]
        }
      ]
    },
    {
      "revision": "776d62225e2ce5ae87e7e38f198b37305a419dcb",
      "repairability": [
        {
          "tool-name": "Nopol",
          "pattern-name": "Nopol:if_condition_upd_deep",
          "Unified_Diff_of-files:": "Starts Below...",
          "CHANGE_old:": "      Sender sender \u003d new Sender(socket, this.communicationService);",
          "CHANGE_new:": "      Sender sender \u003d new Sender(socket);",
          "INSERT:": "      inRange(id);",
          "DELETE:": "    communicationService.shutdownNow();",
          "instance_detail": [
            {
              "pattern_action": "ANY",
              "pattern_entity": {
                "entity_type": "*",
                "entity_new value": "*",
                "entity_role": "*",
                "entity_parent": {
                  "entity_type": "*",
                  "entity_new value": "*",
                  "entity_role": "condition",
                  "entity_parent": {
                    "entity_type": "If",
                    "entity_new value": "*",
                    "entity_role": "*",
                    "entity_parent": "null"
                  }
                }
              },
              "concrete_change": {
                "operator": "UPD",
                "src_type": "TypeAccess",
                "dst_type": "TypeAccess",
                "src": "dk.alexandra.fresco.framework.network.Sender",
                "dst": "dk.alexandra.fresco.framework.network.socket.Sender",
                "src_parent_type": "ThisAccess",
                "dst_parent_type": "ThisAccess",
                "src_parent": "",
                "dst_parent": ""
              },
              "stats": {
                "number_of_src_entities": 3,
                "number_of_dst_entities": 3,
                "src_entity_types": "[dk.alexandra.fresco.framework.network.Sender]",
                "dst_entity_types": "[dk.alexandra.fresco.framework.network.socket.Sender]"
              }
            }
          ]
        },
        {
          "tool-name": "Nopol",
          "pattern-name": "Nopol:if_condition_upd_deep",
          "Unified_Diff_of-files:": "Starts Below...",
          "CHANGE_old:": "      Sender sender \u003d new Sender(socket, this.communicationService);",
          "CHANGE_new:": "      Sender sender \u003d new Sender(socket);",
          "INSERT:": "      inRange(id);",
          "DELETE:": "    communicationService.shutdownNow();",
          "instance_detail": [
            {
              "pattern_action": "ANY",
              "pattern_entity": {
                "entity_type": "*",
                "entity_new value": "*",
                "entity_role": "*",
                "entity_parent": {
                  "entity_type": "*",
                  "entity_new value": "*",
                  "entity_role": "condition",
                  "entity_parent": {
                    "entity_type": "If",
                    "entity_new value": "*",
                    "entity_role": "*",
                    "entity_parent": "null"
                  }
                }
              },
              "concrete_change": {
                "operator": "UPD",
                "src_type": "TypeAccess",
                "dst_type": "TypeAccess",
                "src": "dk.alexandra.fresco.framework.network.Sender",
                "dst": "dk.alexandra.fresco.framework.network.socket.Sender",
                "src_parent_type": "ThisAccess",
                "dst_parent_type": "ThisAccess",
                "src_parent": "",
                "dst_parent": ""
              },
              "stats": {
                "number_of_src_entities": 3,
                "number_of_dst_entities": 3,
                "src_entity_types": "[dk.alexandra.fresco.framework.network.Sender]",
                "dst_entity_types": "[dk.alexandra.fresco.framework.network.socket.Sender]"
              }
            }
          ]
        },
        {
          "tool-name": "Nopol",
          "pattern-name": "Nopol:if_condition_upd_deep",
          "Unified_Diff_of-files:": "Starts Below...",
          "CHANGE_old:": "      Sender sender \u003d new Sender(socket, this.communicationService);",
          "CHANGE_new:": "      Sender sender \u003d new Sender(socket);",
          "INSERT:": "      inRange(id);",
          "DELETE:": "    communicationService.shutdownNow();",
          "instance_detail": [
            {
              "pattern_action": "ANY",
              "pattern_entity": {
                "entity_type": "*",
                "entity_new value": "*",
                "entity_role": "*",
                "entity_parent": {
                  "entity_type": "*",
                  "entity_new value": "*",
                  "entity_role": "condition",
                  "entity_parent": {
                    "entity_type": "If",
                    "entity_new value": "*",
                    "entity_role": "*",
                    "entity_parent": "null"
                  }
                }
              },
              "concrete_change": {
                "operator": "UPD",
                "src_type": "TypeAccess",
                "dst_type": "TypeAccess",
                "src": "dk.alexandra.fresco.framework.network.Sender",
                "dst": "dk.alexandra.fresco.framework.network.socket.Sender",
                "src_parent_type": "ThisAccess",
                "dst_parent_type": "ThisAccess",
                "src_parent": "",
                "dst_parent": ""
              },
              "stats": {
                "number_of_src_entities": 3,
                "number_of_dst_entities": 3,
                "src_entity_types": "[dk.alexandra.fresco.framework.network.Sender]",
                "dst_entity_types": "[dk.alexandra.fresco.framework.network.socket.Sender]"
              }
            }
          ]
        },
        {
          "tool-name": "Nopol",
          "pattern-name": "Nopol:if_condition_upd_deep",
          "Unified_Diff_of-files:": "Starts Below...",
          "CHANGE_old:": "      Sender sender \u003d new Sender(socket, this.communicationService);",
          "CHANGE_new:": "      Sender sender \u003d new Sender(socket);",
          "INSERT:": "      inRange(id);",
          "DELETE:": "    communicationService.shutdownNow();",
          "instance_detail": [
            {
              "pattern_action": "ANY",
              "pattern_entity": {
                "entity_type": "*",
                "entity_new value": "*",
                "entity_role": "*",
                "entity_parent": {
                  "entity_type": "*",
                  "entity_new value": "*",
                  "entity_role": "condition",
                  "entity_parent": {
                    "entity_type": "If",
                    "entity_new value": "*",
                    "entity_role": "*",
                    "entity_parent": "null"
                  }
                }
              },
              "concrete_change": {
                "operator": "UPD",
                "src_type": "TypeAccess",
                "dst_type": "TypeAccess",
                "src": "dk.alexandra.fresco.framework.network.Sender",
                "dst": "dk.alexandra.fresco.framework.network.socket.Sender",
                "src_parent_type": "ThisAccess",
                "dst_parent_type": "ThisAccess",
                "src_parent": "",
                "dst_parent": ""
              },
              "stats": {
                "number_of_src_entities": 3,
                "number_of_dst_entities": 3,
                "src_entity_types": "[dk.alexandra.fresco.framework.network.Sender]",
                "dst_entity_types": "[dk.alexandra.fresco.framework.network.socket.Sender]"
              }
            }
          ]
        }
      ]
    }
  ],
  "complete_analysis": true
}