{
  "instances": [
    {
      "revision": "452cee5ec3c118d67ffe9c7b5feb22b1ce5a6eee",
      "repairability": [
        {
          "tool-name": "Nopol",
          "pattern-name": "Nopol:if_condition_upd_deep",
          "Unified_Diff_of-files:": "Starts Below...",
          "CHANGE_old:": "      MarlinResourcePool\u0026lt;PlainT\u0026gt; resourcePool, Network network) {",
          "CHANGE_new:": "      Spdz2kResourcePool\u0026lt;PlainT\u0026gt; resourcePool, Network network) {",
          "instance_detail": [
            {
              "pattern_action": "ANY",
              "pattern_entity": {
                "entity_type": "*",
                "entity_new value": "*",
                "entity_role": "*",
                "entity_parent": {
                  "entity_type": "*",
                  "entity_new value": "*",
                  "entity_role": "condition",
                  "entity_parent": {
                    "entity_type": "If",
                    "entity_new value": "*",
                    "entity_role": "*",
                    "entity_parent": "null"
                  }
                }
              },
              "concrete_change": {
                "operator": "UPD",
                "src_type": "TypeAccess",
                "dst_type": "TypeAccess",
                "src": "dk.alexandra.fresco.suite.marlin.resource.storage.MarlinDummyDataSupplier",
                "dst": "dk.alexandra.fresco.suite.marlin.resource.storage.Spdz2kDummyDataSupplier",
                "src_parent_type": "ThisAccess",
                "dst_parent_type": "ThisAccess",
                "src_parent": "",
                "dst_parent": ""
              },
              "stats": {
                "number_of_src_entities": 3,
                "number_of_dst_entities": 3,
                "src_entity_types": "[dk.alexandra.fresco.suite.marlin.resource.storage.MarlinDummyDataSupplier]",
                "dst_entity_types": "[dk.alexandra.fresco.suite.marlin.resource.storage.Spdz2kDummyDataSupplier]"
              }
            }
          ]
        }
      ]
    },
    {
      "revision": "452cee5ec3c118d67ffe9c7b5feb22b1ce5a6eee",
      "repairability": [
        {
          "tool-name": "Nopol",
          "pattern-name": "Nopol:if_condition_upd_deep",
          "Unified_Diff_of-files:": "Starts Below...",
          "CHANGE_old:": "      MarlinResourcePool\u0026lt;PlainT\u0026gt; resourcePool, Network network) {",
          "CHANGE_new:": "      Spdz2kResourcePool\u0026lt;PlainT\u0026gt; resourcePool, Network network) {",
          "instance_detail": [
            {
              "pattern_action": "ANY",
              "pattern_entity": {
                "entity_type": "*",
                "entity_new value": "*",
                "entity_role": "*",
                "entity_parent": {
                  "entity_type": "*",
                  "entity_new value": "*",
                  "entity_role": "condition",
                  "entity_parent": {
                    "entity_type": "If",
                    "entity_new value": "*",
                    "entity_role": "*",
                    "entity_parent": "null"
                  }
                }
              },
              "concrete_change": {
                "operator": "UPD",
                "src_type": "TypeAccess",
                "dst_type": "TypeAccess",
                "src": "dk.alexandra.fresco.suite.marlin.resource.MarlinResourcePoolImpl",
                "dst": "dk.alexandra.fresco.suite.marlin.resource.Spdz2kResourcePoolImpl",
                "src_parent_type": "ThisAccess",
                "dst_parent_type": "ThisAccess",
                "src_parent": "",
                "dst_parent": ""
              },
              "stats": {
                "number_of_src_entities": 3,
                "number_of_dst_entities": 3,
                "src_entity_types": "[dk.alexandra.fresco.suite.marlin.resource.MarlinResourcePoolImpl]",
                "dst_entity_types": "[dk.alexandra.fresco.suite.marlin.resource.Spdz2kResourcePoolImpl]"
              }
            }
          ]
        }
      ]
    },
    {
      "revision": "452cee5ec3c118d67ffe9c7b5feb22b1ce5a6eee",
      "repairability": [
        {
          "tool-name": "Nopol",
          "pattern-name": "Nopol:if_condition_upd_deep",
          "Unified_Diff_of-files:": "Starts Below...",
          "CHANGE_old:": "      MarlinResourcePool\u0026lt;PlainT\u0026gt; resourcePool, Network network) {",
          "CHANGE_new:": "      Spdz2kResourcePool\u0026lt;PlainT\u0026gt; resourcePool, Network network) {",
          "instance_detail": [
            {
              "pattern_action": "ANY",
              "pattern_entity": {
                "entity_type": "*",
                "entity_new value": "*",
                "entity_role": "*",
                "entity_parent": {
                  "entity_type": "*",
                  "entity_new value": "*",
                  "entity_role": "condition",
                  "entity_parent": {
                    "entity_type": "If",
                    "entity_new value": "*",
                    "entity_role": "*",
                    "entity_parent": "null"
                  }
                }
              },
              "concrete_change": {
                "operator": "UPD",
                "src_type": "TypeAccess",
                "dst_type": "TypeAccess",
                "src": "dk.alexandra.fresco.suite.marlin.protocols.natives.MarlinOutputSinglePartyProtocol",
                "dst": "dk.alexandra.fresco.suite.marlin.protocols.natives.Spdz2kOutputSinglePartyProtocol",
                "src_parent_type": "ThisAccess",
                "dst_parent_type": "ThisAccess",
                "src_parent": "",
                "dst_parent": ""
              },
              "stats": {
                "number_of_src_entities": 3,
                "number_of_dst_entities": 3,
                "src_entity_types": "[dk.alexandra.fresco.suite.marlin.protocols.natives.MarlinOutputSinglePartyProtocol]",
                "dst_entity_types": "[dk.alexandra.fresco.suite.marlin.protocols.natives.Spdz2kOutputSinglePartyProtocol]"
              }
            }
          ]
        }
      ]
    },
    {
      "revision": "452cee5ec3c118d67ffe9c7b5feb22b1ce5a6eee",
      "repairability": [
        {
          "tool-name": "Nopol",
          "pattern-name": "Nopol:if_condition_upd_deep",
          "Unified_Diff_of-files:": "Starts Below...",
          "CHANGE_old:": "      MarlinResourcePool\u0026lt;PlainT\u0026gt; resourcePool, Network network) {",
          "CHANGE_new:": "      Spdz2kResourcePool\u0026lt;PlainT\u0026gt; resourcePool, Network network) {",
          "instance_detail": [
            {
              "pattern_action": "ANY",
              "pattern_entity": {
                "entity_type": "*",
                "entity_new value": "*",
                "entity_role": "*",
                "entity_parent": {
                  "entity_type": "*",
                  "entity_new value": "*",
                  "entity_role": "condition",
                  "entity_parent": {
                    "entity_type": "If",
                    "entity_new value": "*",
                    "entity_role": "*",
                    "entity_parent": "null"
                  }
                }
              },
              "concrete_change": {
                "operator": "UPD",
                "src_type": "TypeAccess",
                "dst_type": "TypeAccess",
                "src": "dk.alexandra.fresco.suite.marlin.protocols.natives.MarlinInputOnlyProtocol",
                "dst": "dk.alexandra.fresco.suite.marlin.protocols.natives.Spdz2kInputOnlyProtocol",
                "src_parent_type": "ThisAccess",
                "dst_parent_type": "ThisAccess",
                "src_parent": "",
                "dst_parent": ""
              },
              "stats": {
                "number_of_src_entities": 3,
                "number_of_dst_entities": 3,
                "src_entity_types": "[dk.alexandra.fresco.suite.marlin.protocols.natives.MarlinInputOnlyProtocol]",
                "dst_entity_types": "[dk.alexandra.fresco.suite.marlin.protocols.natives.Spdz2kInputOnlyProtocol]"
              }
            }
          ]
        }
      ]
    },
    {
      "revision": "452cee5ec3c118d67ffe9c7b5feb22b1ce5a6eee",
      "repairability": [
        {
          "tool-name": "Nopol",
          "pattern-name": "Nopol:if_condition_upd_deep",
          "Unified_Diff_of-files:": "Starts Below...",
          "CHANGE_old:": "      MarlinResourcePool\u0026lt;PlainT\u0026gt; resourcePool, Network network) {",
          "CHANGE_new:": "      Spdz2kResourcePool\u0026lt;PlainT\u0026gt; resourcePool, Network network) {",
          "instance_detail": [
            {
              "pattern_action": "ANY",
              "pattern_entity": {
                "entity_type": "*",
                "entity_new value": "*",
                "entity_role": "*",
                "entity_parent": {
                  "entity_type": "*",
                  "entity_new value": "*",
                  "entity_role": "condition",
                  "entity_parent": {
                    "entity_type": "If",
                    "entity_new value": "*",
                    "entity_role": "*",
                    "entity_parent": "null"
                  }
                }
              },
              "concrete_change": {
                "operator": "UPD",
                "src_type": "TypeAccess",
                "dst_type": "TypeAccess",
                "src": "dk.alexandra.fresco.suite.marlin.synchronization.MarlinRoundSynchronization",
                "dst": "dk.alexandra.fresco.suite.marlin.synchronization.Spdz2kRoundSynchronization",
                "src_parent_type": "ThisAccess",
                "dst_parent_type": "ThisAccess",
                "src_parent": "",
                "dst_parent": ""
              },
              "stats": {
                "number_of_src_entities": 3,
                "number_of_dst_entities": 3,
                "src_entity_types": "[dk.alexandra.fresco.suite.marlin.synchronization.MarlinRoundSynchronization]",
                "dst_entity_types": "[dk.alexandra.fresco.suite.marlin.synchronization.Spdz2kRoundSynchronization]"
              }
            }
          ]
        },
        {
          "tool-name": "Nopol",
          "pattern-name": "Nopol:if_condition_upd_deep",
          "Unified_Diff_of-files:": "Starts Below...",
          "CHANGE_old:": "      MarlinResourcePool\u0026lt;PlainT\u0026gt; resourcePool, Network network) {",
          "CHANGE_new:": "      Spdz2kResourcePool\u0026lt;PlainT\u0026gt; resourcePool, Network network) {",
          "instance_detail": [
            {
              "pattern_action": "ANY",
              "pattern_entity": {
                "entity_type": "*",
                "entity_new value": "*",
                "entity_role": "*",
                "entity_parent": {
                  "entity_type": "*",
                  "entity_new value": "*",
                  "entity_role": "condition",
                  "entity_parent": {
                    "entity_type": "If",
                    "entity_new value": "*",
                    "entity_role": "*",
                    "entity_parent": "null"
                  }
                }
              },
              "concrete_change": {
                "operator": "UPD",
                "src_type": "TypeAccess",
                "dst_type": "TypeAccess",
                "src": "dk.alexandra.fresco.suite.marlin.synchronization.MarlinRoundSynchronization",
                "dst": "dk.alexandra.fresco.suite.marlin.synchronization.Spdz2kRoundSynchronization",
                "src_parent_type": "ThisAccess",
                "dst_parent_type": "ThisAccess",
                "src_parent": "",
                "dst_parent": ""
              },
              "stats": {
                "number_of_src_entities": 3,
                "number_of_dst_entities": 3,
                "src_entity_types": "[dk.alexandra.fresco.suite.marlin.synchronization.MarlinRoundSynchronization]",
                "dst_entity_types": "[dk.alexandra.fresco.suite.marlin.synchronization.Spdz2kRoundSynchronization]"
              }
            }
          ]
        }
      ]
    }
  ],
  "complete_analysis": true
}