{
  "instances": [
    {
      "revision": "8289e935460a2aecd9287c038ef1c7aba18f0977",
      "repairability": [
        {
          "tool-name": "Nopol",
          "pattern-name": "Nopol:if_condition_ins_shallow",
          "Unified_Diff_of-files:": "Starts Below...",
          "CHANGE_old:": "                    i++;",
          "CHANGE_new:": "",
          "DELETE:": "        // we have two copies for each self-loop - remove one of them.",
          "INSERT:": "            inAndOut.addAll(getEdgeContainer(vertex).outgoing);",
          "instance_detail": [
            {
              "pattern_action": "MOV",
              "pattern_entity": {
                "entity_type": "*",
                "entity_new value": "*",
                "entity_role": "Then",
                "entity_parent": {
                  "entity_type": "If",
                  "entity_new value": "*",
                  "entity_role": "*",
                  "entity_parent": "null"
                }
              },
              "concrete_change": {
                "operator": "MOV",
                "src_type": "Block",
                "dst_type": "Block",
                "src": "{\n    inAndOut.remove(i);\n    loops.remove(e);\n}",
                "dst": "{\n    inAndOut.add(e);\n}",
                "src_parent_type": "If",
                "dst_parent_type": "If",
                "src_parent": "if (loops.contains(e)) {\n    inAndOut.remove(i);\n    loops.remove(e);\n} else {\n    i++;\n}",
                "dst_parent": "if (!(source.equals(target))) {\n    inAndOut.add(e);\n}"
              },
              "line": 172,
              "file": "/home/khesoem/projects/lighter/exp/jgrapht-core/src/main/java/org/jgrapht/graph/specifics/DirectedSpecifics.java",
              "stats": {
                "number_of_src_entities": 31,
                "number_of_dst_entities": 16,
                "src_entity_types": "[int, java.util.Set\u003cE\u003e, java.util.Set, java.util.ArrayList, org.jgrapht.util.ArrayUnenforcedSet\u003cE\u003e]",
                "dst_entity_types": "[java.util.ArrayList, org.jgrapht.util.ArrayUnenforcedSet\u003cE\u003e]"
              }
            },
            {
              "pattern_action": "INS",
              "pattern_entity": {
                "entity_type": "If",
                "entity_new value": "*",
                "entity_role": "*",
                "entity_parent": "null"
              },
              "concrete_change": {
                "operator": "INS",
                "src_type": "If",
                "dst_type": "null",
                "src": "if (!(source.equals(target))) {\n    inAndOut.add(e);\n}",
                "dst": "null",
                "src_parent_type": "Block",
                "dst_parent_type": "null",
                "src_parent": "{\n    V source \u003d graph.getEdgeSource(e);\n    V target \u003d graph.getEdgeTarget(e);\n    if (!(source.equals(target))) {\n        inAndOut.add(e);\n    }\n}",
                "dst_parent": "null"
              },
              "line": 171,
              "file": "/home/khesoem/projects/lighter/exp/jgrapht-core/src/main/java/org/jgrapht/graph/specifics/DirectedSpecifics.java"
            }
          ]
        }
      ]
    }
  ],
  "complete_analysis": true
}