{
  "instances": [
    {
      "revision": "64883506348e91d81ba046731f67623d12b12c16",
      "repairability": [
        {
          "tool-name": "JGenProg",
          "pattern-name": "JGenProg:any_statement_shallow",
          "Unified_Diff_of-files:": "Starts Below...",
          "CHANGE_old:": "",
          "CHANGE_new:": "        } else if (\"package-info\".equals(new String(typeDeclaration.name))) {",
          "DELETE:": "",
          "instance_detail": [
            {
              "pattern_action": "ANY",
              "pattern_entity": {
                "entity_type": "*",
                "entity_new value": "*",
                "entity_role": "Statement",
                "entity_parent": "null"
              },
              "concrete_change": {
                "operator": "DEL",
                "src_type": "If",
                "dst_type": "null",
                "src": "if (((typeDeclaration.binding) \u003d\u003d null) \u0026\u0026 (getFactory().getEnvironment().isIgnoreDuplicateDeclarations())) {\n    return false;\n}",
                "dst": "null",
                "src_parent_type": "Block",
                "dst_parent_type": "null",
                "src_parent": "{\n    spoon.reflect.declaration.CtModule module;\n    if (((typeDeclaration.binding) \u003d\u003d null) \u0026\u0026 (getFactory().getEnvironment().isIgnoreDuplicateDeclarations())) {\n        return false;\n    }\n    if (((((typeDeclaration.binding.module) !\u003d null) \u0026\u0026 (!(typeDeclaration.binding.module.isUnnamed()))) \u0026\u0026 ((typeDeclaration.binding.module.shortReadableName()) !\u003d null)) \u0026\u0026 ((typeDeclaration.binding.module.shortReadableName().length) \u003e 0)) {\n        module \u003d factory.Module().getOrCreate(java.lang.String.valueOf(typeDeclaration.binding.module.shortReadableName()));\n    } else {\n        module \u003d factory.Module().getUnnamedModule();\n    }\n    spoon.reflect.declaration.CtPackage pack;\n    if (((typeDeclaration.binding.fPackage.shortReadableName()) !\u003d null) \u0026\u0026 ((typeDeclaration.binding.fPackage.shortReadableName().length) \u003e 0)) {\n        pack \u003d factory.Package().getOrCreate(new java.lang.String(typeDeclaration.binding.fPackage.shortReadableName()), module);\n    } else {\n        pack \u003d module.getRootPackage();\n    }\n    context.enter(pack, typeDeclaration);\n    pack.addType(helper.createType(typeDeclaration));\n    return true;\n}",
                "dst_parent": "null"
              },
              "line": 1737,
              "file": "/home/khesoem/projects/lighter/exp/src/main/java/spoon/support/compiler/jdt/JDTTreeBuilder.java",
              "stats": {
                "number_of_src_entities": 44,
                "number_of_dst_entities": -1,
                "src_entity_types": "[boolean, spoon.support.compiler.jdt.JDTTreeBuilder, spoon.reflect.factory.Factory, org.eclipse.jdt.internal.compiler.ast.TypeDeclaration, \u003cnulltype\u003e, spoon.compiler.Environment]",
                "dst_entity_types": "[]"
              }
            }
          ]
        }
      ]
    }
  ],
  "complete_analysis": true
}