{
  "instances": [
    {
      "revision": "6a7dc24bf6e5d17a1248a0cfc6ac1a724f8eb277",
      "repairability": [
        {
          "tool-name": "JGenProg",
          "pattern-name": "JGenProg:any_statement_shallow",
          "Unified_Diff_of-files:": "Starts Below...",
          "CHANGE_old:": "        return objInput;",
          "CHANGE_new:": "",
          "INSERT:": "}",
          "instance_detail": [
            {
              "pattern_action": "ANY",
              "pattern_entity": {
                "entity_type": "*",
                "entity_new value": "*",
                "entity_role": "Statement",
                "entity_parent": "null"
              },
              "concrete_change": {
                "operator": "DEL",
                "src_type": "LocalVariable",
                "dst_type": "null",
                "src": "java.io.ObjectOutputStream so \u003d new java.io.ObjectOutputStream(bo)",
                "dst": "null",
                "src_parent_type": "Block",
                "dst_parent_type": "null",
                "src_parent": "{\n    java.io.ByteArrayOutputStream bo \u003d new java.io.ByteArrayOutputStream();\n    java.io.ObjectOutputStream so \u003d new java.io.ObjectOutputStream(bo);\n    so.writeObject(obj);\n    so.flush();\n    byte[] serializedObject \u003d bo.toByteArray();\n    so.close();\n    return serializedObject;\n}",
                "dst_parent": "null"
              },
              "line": 31,
              "file": "/home/khesoem/projects/lighter/exp/src/main/java/spoon/support/util/ByteSerialization.java",
              "stats": {
                "number_of_src_entities": 15,
                "number_of_dst_entities": -1,
                "src_entity_types": "[java.io.ByteArrayOutputStream, java.io.ObjectOutputStream]",
                "dst_entity_types": "[]"
              }
            }
          ]
        },
        {
          "tool-name": "JGenProg",
          "pattern-name": "JGenProg:any_statement_shallow",
          "Unified_Diff_of-files:": "Starts Below...",
          "CHANGE_old:": "        return objInput;",
          "CHANGE_new:": "",
          "INSERT:": "}",
          "instance_detail": [
            {
              "pattern_action": "ANY",
              "pattern_entity": {
                "entity_type": "*",
                "entity_new value": "*",
                "entity_role": "Statement",
                "entity_parent": "null"
              },
              "concrete_change": {
                "operator": "DEL",
                "src_type": "LocalVariable",
                "dst_type": "null",
                "src": "byte[] serializedObject \u003d bo.toByteArray()",
                "dst": "null",
                "src_parent_type": "Block",
                "dst_parent_type": "null",
                "src_parent": "{\n    java.io.ByteArrayOutputStream bo \u003d new java.io.ByteArrayOutputStream();\n    java.io.ObjectOutputStream so \u003d new java.io.ObjectOutputStream(bo);\n    so.writeObject(obj);\n    so.flush();\n    byte[] serializedObject \u003d bo.toByteArray();\n    so.close();\n    return serializedObject;\n}",
                "dst_parent": "null"
              },
              "line": 34,
              "file": "/home/khesoem/projects/lighter/exp/src/main/java/spoon/support/util/ByteSerialization.java",
              "stats": {
                "number_of_src_entities": 13,
                "number_of_dst_entities": -1,
                "src_entity_types": "[byte, java.io.ByteArrayOutputStream]",
                "dst_entity_types": "[]"
              }
            }
          ]
        },
        {
          "tool-name": "JGenProg",
          "pattern-name": "JGenProg:any_statement_shallow",
          "Unified_Diff_of-files:": "Starts Below...",
          "CHANGE_old:": "        return objInput;",
          "CHANGE_new:": "",
          "INSERT:": "}",
          "instance_detail": [
            {
              "pattern_action": "ANY",
              "pattern_entity": {
                "entity_type": "*",
                "entity_new value": "*",
                "entity_role": "Statement",
                "entity_parent": "null"
              },
              "concrete_change": {
                "operator": "DEL",
                "src_type": "Invocation",
                "dst_type": "null",
                "src": "so.close()",
                "dst": "null",
                "src_parent_type": "Block",
                "dst_parent_type": "null",
                "src_parent": "{\n    java.io.ByteArrayOutputStream bo \u003d new java.io.ByteArrayOutputStream();\n    java.io.ObjectOutputStream so \u003d new java.io.ObjectOutputStream(bo);\n    so.writeObject(obj);\n    so.flush();\n    byte[] serializedObject \u003d bo.toByteArray();\n    so.close();\n    return serializedObject;\n}",
                "dst_parent": "null"
              },
              "line": 35,
              "file": "/home/khesoem/projects/lighter/exp/src/main/java/spoon/support/util/ByteSerialization.java",
              "stats": {
                "number_of_src_entities": 9,
                "number_of_dst_entities": -1,
                "src_entity_types": "[java.io.ObjectOutputStream]",
                "dst_entity_types": "[]"
              }
            }
          ]
        },
        {
          "tool-name": "JGenProg",
          "pattern-name": "JGenProg:any_statement_shallow",
          "Unified_Diff_of-files:": "Starts Below...",
          "CHANGE_old:": "        return objInput;",
          "CHANGE_new:": "",
          "INSERT:": "}",
          "instance_detail": [
            {
              "pattern_action": "ANY",
              "pattern_entity": {
                "entity_type": "*",
                "entity_new value": "*",
                "entity_role": "Statement",
                "entity_parent": "null"
              },
              "concrete_change": {
                "operator": "DEL",
                "src_type": "Return",
                "dst_type": "null",
                "src": "return serializedObject",
                "dst": "null",
                "src_parent_type": "Block",
                "dst_parent_type": "null",
                "src_parent": "{\n    java.io.ByteArrayOutputStream bo \u003d new java.io.ByteArrayOutputStream();\n    java.io.ObjectOutputStream so \u003d new java.io.ObjectOutputStream(bo);\n    so.writeObject(obj);\n    so.flush();\n    byte[] serializedObject \u003d bo.toByteArray();\n    so.close();\n    return serializedObject;\n}",
                "dst_parent": "null"
              },
              "line": 36,
              "file": "/home/khesoem/projects/lighter/exp/src/main/java/spoon/support/util/ByteSerialization.java",
              "stats": {
                "number_of_src_entities": 5,
                "number_of_dst_entities": -1,
                "src_entity_types": "[byte]",
                "dst_entity_types": "[]"
              }
            }
          ]
        },
        {
          "tool-name": "JGenProg",
          "pattern-name": "JGenProg:any_statement_shallow",
          "Unified_Diff_of-files:": "Starts Below...",
          "CHANGE_old:": "        return objInput;",
          "CHANGE_new:": "",
          "INSERT:": "}",
          "instance_detail": [
            {
              "pattern_action": "ANY",
              "pattern_entity": {
                "entity_type": "*",
                "entity_new value": "*",
                "entity_role": "Statement",
                "entity_parent": "null"
              },
              "concrete_change": {
                "operator": "DEL",
                "src_type": "LocalVariable",
                "dst_type": "null",
                "src": "java.io.ObjectInputStream si \u003d new java.io.ObjectInputStream(bi)",
                "dst": "null",
                "src_parent_type": "Block",
                "dst_parent_type": "null",
                "src_parent": "{\n    java.io.ByteArrayInputStream bi \u003d new java.io.ByteArrayInputStream(serializedObject);\n    java.io.ObjectInputStream si \u003d new java.io.ObjectInputStream(bi);\n    java.lang.Object objInput \u003d si.readObject();\n    si.close();\n    return objInput;\n}",
                "dst_parent": "null"
              },
              "line": 41,
              "file": "/home/khesoem/projects/lighter/exp/src/main/java/spoon/support/util/ByteSerialization.java",
              "stats": {
                "number_of_src_entities": 15,
                "number_of_dst_entities": -1,
                "src_entity_types": "[java.io.ByteArrayInputStream, java.io.ObjectInputStream]",
                "dst_entity_types": "[]"
              }
            }
          ]
        },
        {
          "tool-name": "JGenProg",
          "pattern-name": "JGenProg:any_statement_shallow",
          "Unified_Diff_of-files:": "Starts Below...",
          "CHANGE_old:": "        return objInput;",
          "CHANGE_new:": "",
          "INSERT:": "}",
          "instance_detail": [
            {
              "pattern_action": "ANY",
              "pattern_entity": {
                "entity_type": "*",
                "entity_new value": "*",
                "entity_role": "Statement",
                "entity_parent": "null"
              },
              "concrete_change": {
                "operator": "DEL",
                "src_type": "LocalVariable",
                "dst_type": "null",
                "src": "java.lang.Object objInput \u003d si.readObject()",
                "dst": "null",
                "src_parent_type": "Block",
                "dst_parent_type": "null",
                "src_parent": "{\n    java.io.ByteArrayInputStream bi \u003d new java.io.ByteArrayInputStream(serializedObject);\n    java.io.ObjectInputStream si \u003d new java.io.ObjectInputStream(bi);\n    java.lang.Object objInput \u003d si.readObject();\n    si.close();\n    return objInput;\n}",
                "dst_parent": "null"
              },
              "line": 42,
              "file": "/home/khesoem/projects/lighter/exp/src/main/java/spoon/support/util/ByteSerialization.java",
              "stats": {
                "number_of_src_entities": 13,
                "number_of_dst_entities": -1,
                "src_entity_types": "[java.lang.Object, java.io.ObjectInputStream]",
                "dst_entity_types": "[]"
              }
            }
          ]
        },
        {
          "tool-name": "JGenProg",
          "pattern-name": "JGenProg:any_statement_shallow",
          "Unified_Diff_of-files:": "Starts Below...",
          "CHANGE_old:": "        return objInput;",
          "CHANGE_new:": "",
          "INSERT:": "}",
          "instance_detail": [
            {
              "pattern_action": "ANY",
              "pattern_entity": {
                "entity_type": "*",
                "entity_new value": "*",
                "entity_role": "Statement",
                "entity_parent": "null"
              },
              "concrete_change": {
                "operator": "DEL",
                "src_type": "Invocation",
                "dst_type": "null",
                "src": "si.close()",
                "dst": "null",
                "src_parent_type": "Block",
                "dst_parent_type": "null",
                "src_parent": "{\n    java.io.ByteArrayInputStream bi \u003d new java.io.ByteArrayInputStream(serializedObject);\n    java.io.ObjectInputStream si \u003d new java.io.ObjectInputStream(bi);\n    java.lang.Object objInput \u003d si.readObject();\n    si.close();\n    return objInput;\n}",
                "dst_parent": "null"
              },
              "line": 43,
              "file": "/home/khesoem/projects/lighter/exp/src/main/java/spoon/support/util/ByteSerialization.java",
              "stats": {
                "number_of_src_entities": 9,
                "number_of_dst_entities": -1,
                "src_entity_types": "[java.io.ObjectInputStream]",
                "dst_entity_types": "[]"
              }
            }
          ]
        },
        {
          "tool-name": "JGenProg",
          "pattern-name": "JGenProg:any_statement_shallow",
          "Unified_Diff_of-files:": "Starts Below...",
          "CHANGE_old:": "        return objInput;",
          "CHANGE_new:": "",
          "INSERT:": "}",
          "instance_detail": [
            {
              "pattern_action": "ANY",
              "pattern_entity": {
                "entity_type": "*",
                "entity_new value": "*",
                "entity_role": "Statement",
                "entity_parent": "null"
              },
              "concrete_change": {
                "operator": "DEL",
                "src_type": "Return",
                "dst_type": "null",
                "src": "return objInput",
                "dst": "null",
                "src_parent_type": "Block",
                "dst_parent_type": "null",
                "src_parent": "{\n    java.io.ByteArrayInputStream bi \u003d new java.io.ByteArrayInputStream(serializedObject);\n    java.io.ObjectInputStream si \u003d new java.io.ObjectInputStream(bi);\n    java.lang.Object objInput \u003d si.readObject();\n    si.close();\n    return objInput;\n}",
                "dst_parent": "null"
              },
              "line": 44,
              "file": "/home/khesoem/projects/lighter/exp/src/main/java/spoon/support/util/ByteSerialization.java",
              "stats": {
                "number_of_src_entities": 5,
                "number_of_dst_entities": -1,
                "src_entity_types": "[java.lang.Object]",
                "dst_entity_types": "[]"
              }
            }
          ]
        }
      ]
    }
  ],
  "complete_analysis": true
}