{
  "instances": [
    {
      "revision": "f156eb21b4f2e782523064d49b63eda7cce7ca40",
      "repairability": [
        {
          "tool-name": "JGenProg",
          "pattern-name": "JGenProg:any_statement_shallow",
          "Unified_Diff_of-files:": "Starts Below...",
          "INSERT:": "    });",
          "DELETE:": "import org.apache.servicecomb.transport.rest.vertx.accesslog.impl.AccessLogHandler;",
          "CHANGE_old:": "          ));",
          "CHANGE_new:": "",
          "instance_detail": [
            {
              "pattern_action": "ANY",
              "pattern_entity": {
                "entity_type": "*",
                "entity_new value": "*",
                "entity_role": "Statement",
                "entity_parent": "null"
              },
              "concrete_change": {
                "operator": "DEL",
                "src_type": "Return",
                "dst_type": "null",
                "src": "return dateFormat.format(new java.util.Date(accessLogParam.getStartMillisecond()))",
                "dst": "null",
                "src_parent_type": "Block",
                "dst_parent_type": "null",
                "src_parent": "{\n    java.text.SimpleDateFormat dateFormat \u003d getDatetimeFormat();\n    return dateFormat.format(new java.util.Date(accessLogParam.getStartMillisecond()));\n}",
                "dst_parent": "null"
              },
              "line": 89,
              "file": "/home/khesoem/projects/lighter/exp/transports/transport-rest/transport-rest-vertx/src/main/java/org/apache/servicecomb/transport/rest/vertx/accesslog/element/impl/DatetimeConfigurableItem.java"
            }
          ]
        },
        {
          "tool-name": "JGenProg",
          "pattern-name": "JGenProg:any_statement_deep",
          "Unified_Diff_of-files:": "Starts Below...",
          "INSERT:": "    });",
          "DELETE:": "import org.apache.servicecomb.transport.rest.vertx.accesslog.impl.AccessLogHandler;",
          "CHANGE_old:": "          ));",
          "CHANGE_new:": "",
          "instance_detail": [
            {
              "pattern_action": "ANY",
              "pattern_entity": {
                "entity_type": "*",
                "entity_new value": "*",
                "entity_role": "*",
                "entity_parent": {
                  "entity_type": "*",
                  "entity_new value": "*",
                  "entity_role": "Statement",
                  "entity_parent": "null"
                }
              },
              "concrete_change": {
                "operator": "UPD",
                "src_type": "TypeAccess",
                "dst_type": "TypeAccess",
                "src": "org.apache.servicecomb.transport.rest.vertx.accesslog.element.impl.DatetimeConfigurableItem",
                "dst": "org.apache.servicecomb.foundation.log.core.element.impl.DatetimeConfigurableItem",
                "src_parent_type": "ThisAccess",
                "dst_parent_type": "ThisAccess",
                "src_parent": "",
                "dst_parent": ""
              },
              "stats": {
                "number_of_src_entities": 3,
                "number_of_dst_entities": 3,
                "src_entity_types": "[org.apache.servicecomb.transport.rest.vertx.accesslog.element.impl.DatetimeConfigurableItem]",
                "dst_entity_types": "[org.apache.servicecomb.foundation.log.core.element.impl.DatetimeConfigurableItem]"
              }
            }
          ]
        },
        {
          "tool-name": "JGenProg",
          "pattern-name": "JGenProg:any_statement_deep",
          "Unified_Diff_of-files:": "Starts Below...",
          "INSERT:": "    });",
          "DELETE:": "import org.apache.servicecomb.transport.rest.vertx.accesslog.impl.AccessLogHandler;",
          "CHANGE_old:": "          ));",
          "CHANGE_new:": "",
          "instance_detail": [
            {
              "pattern_action": "ANY",
              "pattern_entity": {
                "entity_type": "*",
                "entity_new value": "*",
                "entity_role": "*",
                "entity_parent": {
                  "entity_type": "*",
                  "entity_new value": "*",
                  "entity_role": "Statement",
                  "entity_parent": "null"
                }
              },
              "concrete_change": {
                "operator": "UPD",
                "src_type": "TypeAccess",
                "dst_type": "TypeAccess",
                "src": "org.apache.servicecomb.transport.rest.vertx.accesslog.element.impl.DatetimeConfigurableItem",
                "dst": "org.apache.servicecomb.foundation.log.core.element.impl.DatetimeConfigurableItem",
                "src_parent_type": "ThisAccess",
                "dst_parent_type": "ThisAccess",
                "src_parent": "",
                "dst_parent": ""
              },
              "stats": {
                "number_of_src_entities": 3,
                "number_of_dst_entities": 3,
                "src_entity_types": "[org.apache.servicecomb.transport.rest.vertx.accesslog.element.impl.DatetimeConfigurableItem]",
                "dst_entity_types": "[org.apache.servicecomb.foundation.log.core.element.impl.DatetimeConfigurableItem]"
              }
            }
          ]
        },
        {
          "tool-name": "JGenProg",
          "pattern-name": "JGenProg:any_statement_deep",
          "Unified_Diff_of-files:": "Starts Below...",
          "INSERT:": "    });",
          "DELETE:": "import org.apache.servicecomb.transport.rest.vertx.accesslog.impl.AccessLogHandler;",
          "CHANGE_old:": "          ));",
          "CHANGE_new:": "",
          "instance_detail": [
            {
              "pattern_action": "ANY",
              "pattern_entity": {
                "entity_type": "*",
                "entity_new value": "*",
                "entity_role": "*",
                "entity_parent": {
                  "entity_type": "*",
                  "entity_new value": "*",
                  "entity_role": "Statement",
                  "entity_parent": "null"
                }
              },
              "concrete_change": {
                "operator": "UPD",
                "src_type": "TypeAccess",
                "dst_type": "TypeAccess",
                "src": "org.apache.servicecomb.transport.rest.vertx.accesslog.element.impl.DatetimeConfigurableItem",
                "dst": "org.apache.servicecomb.foundation.log.core.element.impl.DatetimeConfigurableItem",
                "src_parent_type": "ThisAccess",
                "dst_parent_type": "ThisAccess",
                "src_parent": "",
                "dst_parent": ""
              },
              "stats": {
                "number_of_src_entities": 3,
                "number_of_dst_entities": 3,
                "src_entity_types": "[org.apache.servicecomb.transport.rest.vertx.accesslog.element.impl.DatetimeConfigurableItem]",
                "dst_entity_types": "[org.apache.servicecomb.foundation.log.core.element.impl.DatetimeConfigurableItem]"
              }
            }
          ]
        },
        {
          "tool-name": "JGenProg",
          "pattern-name": "JGenProg:any_statement_deep",
          "Unified_Diff_of-files:": "Starts Below...",
          "INSERT:": "    });",
          "DELETE:": "import org.apache.servicecomb.transport.rest.vertx.accesslog.impl.AccessLogHandler;",
          "CHANGE_old:": "          ));",
          "CHANGE_new:": "",
          "instance_detail": [
            {
              "pattern_action": "ANY",
              "pattern_entity": {
                "entity_type": "*",
                "entity_new value": "*",
                "entity_role": "*",
                "entity_parent": {
                  "entity_type": "*",
                  "entity_new value": "*",
                  "entity_role": "Statement",
                  "entity_parent": "null"
                }
              },
              "concrete_change": {
                "operator": "UPD",
                "src_type": "TypeAccess",
                "dst_type": "TypeAccess",
                "src": "org.apache.servicecomb.transport.rest.vertx.accesslog.element.impl.DatetimeConfigurableItem",
                "dst": "org.apache.servicecomb.foundation.log.core.element.impl.DatetimeConfigurableItem",
                "src_parent_type": "ThisAccess",
                "dst_parent_type": "ThisAccess",
                "src_parent": "",
                "dst_parent": ""
              },
              "stats": {
                "number_of_src_entities": 3,
                "number_of_dst_entities": 3,
                "src_entity_types": "[org.apache.servicecomb.transport.rest.vertx.accesslog.element.impl.DatetimeConfigurableItem]",
                "dst_entity_types": "[org.apache.servicecomb.foundation.log.core.element.impl.DatetimeConfigurableItem]"
              }
            }
          ]
        },
        {
          "tool-name": "JGenProg",
          "pattern-name": "JGenProg:any_statement_deep",
          "Unified_Diff_of-files:": "Starts Below...",
          "INSERT:": "    });",
          "DELETE:": "import org.apache.servicecomb.transport.rest.vertx.accesslog.impl.AccessLogHandler;",
          "CHANGE_old:": "          ));",
          "CHANGE_new:": "",
          "instance_detail": [
            {
              "pattern_action": "ANY",
              "pattern_entity": {
                "entity_type": "*",
                "entity_new value": "*",
                "entity_role": "*",
                "entity_parent": {
                  "entity_type": "*",
                  "entity_new value": "*",
                  "entity_role": "Statement",
                  "entity_parent": "null"
                }
              },
              "concrete_change": {
                "operator": "UPD",
                "src_type": "TypeAccess",
                "dst_type": "TypeAccess",
                "src": "org.apache.servicecomb.transport.rest.vertx.accesslog.element.impl.DatetimeConfigurableItem",
                "dst": "org.apache.servicecomb.foundation.log.core.element.impl.DatetimeConfigurableItem",
                "src_parent_type": "ThisAccess",
                "dst_parent_type": "ThisAccess",
                "src_parent": "",
                "dst_parent": ""
              },
              "stats": {
                "number_of_src_entities": 3,
                "number_of_dst_entities": 3,
                "src_entity_types": "[org.apache.servicecomb.transport.rest.vertx.accesslog.element.impl.DatetimeConfigurableItem]",
                "dst_entity_types": "[org.apache.servicecomb.foundation.log.core.element.impl.DatetimeConfigurableItem]"
              }
            }
          ]
        },
        {
          "tool-name": "JGenProg",
          "pattern-name": "JGenProg:any_statement_deep",
          "Unified_Diff_of-files:": "Starts Below...",
          "INSERT:": "    });",
          "DELETE:": "import org.apache.servicecomb.transport.rest.vertx.accesslog.impl.AccessLogHandler;",
          "CHANGE_old:": "          ));",
          "CHANGE_new:": "",
          "instance_detail": [
            {
              "pattern_action": "ANY",
              "pattern_entity": {
                "entity_type": "*",
                "entity_new value": "*",
                "entity_role": "*",
                "entity_parent": {
                  "entity_type": "*",
                  "entity_new value": "*",
                  "entity_role": "Statement",
                  "entity_parent": "null"
                }
              },
              "concrete_change": {
                "operator": "UPD",
                "src_type": "TypeAccess",
                "dst_type": "TypeAccess",
                "src": "org.apache.servicecomb.transport.rest.vertx.accesslog.element.impl.DatetimeConfigurableItem",
                "dst": "org.apache.servicecomb.foundation.log.core.element.impl.DatetimeConfigurableItem",
                "src_parent_type": "ThisAccess",
                "dst_parent_type": "ThisAccess",
                "src_parent": "this",
                "dst_parent": "this"
              },
              "stats": {
                "number_of_src_entities": 3,
                "number_of_dst_entities": 3,
                "src_entity_types": "[org.apache.servicecomb.transport.rest.vertx.accesslog.element.impl.DatetimeConfigurableItem]",
                "dst_entity_types": "[org.apache.servicecomb.foundation.log.core.element.impl.DatetimeConfigurableItem]"
              }
            }
          ]
        },
        {
          "tool-name": "JGenProg",
          "pattern-name": "JGenProg:any_statement_deep",
          "Unified_Diff_of-files:": "Starts Below...",
          "INSERT:": "    });",
          "DELETE:": "import org.apache.servicecomb.transport.rest.vertx.accesslog.impl.AccessLogHandler;",
          "CHANGE_old:": "          ));",
          "CHANGE_new:": "",
          "instance_detail": [
            {
              "pattern_action": "ANY",
              "pattern_entity": {
                "entity_type": "*",
                "entity_new value": "*",
                "entity_role": "*",
                "entity_parent": {
                  "entity_type": "*",
                  "entity_new value": "*",
                  "entity_role": "Statement",
                  "entity_parent": "null"
                }
              },
              "concrete_change": {
                "operator": "UPD",
                "src_type": "TypeAccess",
                "dst_type": "TypeAccess",
                "src": "org.apache.servicecomb.transport.rest.vertx.accesslog.element.impl.DatetimeConfigurableItem",
                "dst": "org.apache.servicecomb.foundation.log.core.element.impl.DatetimeConfigurableItem",
                "src_parent_type": "ThisAccess",
                "dst_parent_type": "ThisAccess",
                "src_parent": "",
                "dst_parent": ""
              },
              "stats": {
                "number_of_src_entities": 3,
                "number_of_dst_entities": 3,
                "src_entity_types": "[org.apache.servicecomb.transport.rest.vertx.accesslog.element.impl.DatetimeConfigurableItem]",
                "dst_entity_types": "[org.apache.servicecomb.foundation.log.core.element.impl.DatetimeConfigurableItem]"
              }
            }
          ]
        },
        {
          "tool-name": "JGenProg",
          "pattern-name": "JGenProg:any_statement_deep",
          "Unified_Diff_of-files:": "Starts Below...",
          "INSERT:": "    });",
          "DELETE:": "import org.apache.servicecomb.transport.rest.vertx.accesslog.impl.AccessLogHandler;",
          "CHANGE_old:": "          ));",
          "CHANGE_new:": "",
          "instance_detail": [
            {
              "pattern_action": "ANY",
              "pattern_entity": {
                "entity_type": "*",
                "entity_new value": "*",
                "entity_role": "*",
                "entity_parent": {
                  "entity_type": "*",
                  "entity_new value": "*",
                  "entity_role": "Statement",
                  "entity_parent": "null"
                }
              },
              "concrete_change": {
                "operator": "UPD",
                "src_type": "TypeAccess",
                "dst_type": "TypeAccess",
                "src": "org.apache.servicecomb.transport.rest.vertx.accesslog.element.impl.DatetimeConfigurableItem",
                "dst": "org.apache.servicecomb.foundation.log.core.element.impl.DatetimeConfigurableItem",
                "src_parent_type": "ThisAccess",
                "dst_parent_type": "ThisAccess",
                "src_parent": "",
                "dst_parent": ""
              },
              "stats": {
                "number_of_src_entities": 3,
                "number_of_dst_entities": 3,
                "src_entity_types": "[org.apache.servicecomb.transport.rest.vertx.accesslog.element.impl.DatetimeConfigurableItem]",
                "dst_entity_types": "[org.apache.servicecomb.foundation.log.core.element.impl.DatetimeConfigurableItem]"
              }
            }
          ]
        },
        {
          "tool-name": "JGenProg",
          "pattern-name": "JGenProg:any_statement_deep",
          "Unified_Diff_of-files:": "Starts Below...",
          "INSERT:": "    });",
          "DELETE:": "import org.apache.servicecomb.transport.rest.vertx.accesslog.impl.AccessLogHandler;",
          "CHANGE_old:": "          ));",
          "CHANGE_new:": "",
          "instance_detail": [
            {
              "pattern_action": "ANY",
              "pattern_entity": {
                "entity_type": "*",
                "entity_new value": "*",
                "entity_role": "*",
                "entity_parent": {
                  "entity_type": "*",
                  "entity_new value": "*",
                  "entity_role": "Statement",
                  "entity_parent": "null"
                }
              },
              "concrete_change": {
                "operator": "UPD",
                "src_type": "TypeAccess",
                "dst_type": "TypeAccess",
                "src": "org.apache.servicecomb.transport.rest.vertx.accesslog.element.impl.DatetimeConfigurableItem",
                "dst": "org.apache.servicecomb.foundation.log.core.element.impl.DatetimeConfigurableItem",
                "src_parent_type": "ThisAccess",
                "dst_parent_type": "ThisAccess",
                "src_parent": "",
                "dst_parent": ""
              },
              "stats": {
                "number_of_src_entities": 3,
                "number_of_dst_entities": 3,
                "src_entity_types": "[org.apache.servicecomb.transport.rest.vertx.accesslog.element.impl.DatetimeConfigurableItem]",
                "dst_entity_types": "[org.apache.servicecomb.foundation.log.core.element.impl.DatetimeConfigurableItem]"
              }
            }
          ]
        },
        {
          "tool-name": "JGenProg",
          "pattern-name": "JGenProg:any_statement_deep",
          "Unified_Diff_of-files:": "Starts Below...",
          "INSERT:": "    });",
          "DELETE:": "import org.apache.servicecomb.transport.rest.vertx.accesslog.impl.AccessLogHandler;",
          "CHANGE_old:": "          ));",
          "CHANGE_new:": "",
          "instance_detail": [
            {
              "pattern_action": "ANY",
              "pattern_entity": {
                "entity_type": "*",
                "entity_new value": "*",
                "entity_role": "*",
                "entity_parent": {
                  "entity_type": "*",
                  "entity_new value": "*",
                  "entity_role": "Statement",
                  "entity_parent": "null"
                }
              },
              "concrete_change": {
                "operator": "UPD",
                "src_type": "TypeAccess",
                "dst_type": "TypeAccess",
                "src": "org.apache.servicecomb.transport.rest.vertx.accesslog.element.impl.DatetimeConfigurableItem",
                "dst": "org.apache.servicecomb.foundation.log.core.element.impl.DatetimeConfigurableItem",
                "src_parent_type": "ThisAccess",
                "dst_parent_type": "ThisAccess",
                "src_parent": "",
                "dst_parent": ""
              },
              "stats": {
                "number_of_src_entities": 3,
                "number_of_dst_entities": 3,
                "src_entity_types": "[org.apache.servicecomb.transport.rest.vertx.accesslog.element.impl.DatetimeConfigurableItem]",
                "dst_entity_types": "[org.apache.servicecomb.foundation.log.core.element.impl.DatetimeConfigurableItem]"
              }
            }
          ]
        },
        {
          "tool-name": "JGenProg",
          "pattern-name": "JGenProg:any_statement_deep",
          "Unified_Diff_of-files:": "Starts Below...",
          "INSERT:": "    });",
          "DELETE:": "import org.apache.servicecomb.transport.rest.vertx.accesslog.impl.AccessLogHandler;",
          "CHANGE_old:": "          ));",
          "CHANGE_new:": "",
          "instance_detail": [
            {
              "pattern_action": "ANY",
              "pattern_entity": {
                "entity_type": "*",
                "entity_new value": "*",
                "entity_role": "*",
                "entity_parent": {
                  "entity_type": "*",
                  "entity_new value": "*",
                  "entity_role": "Statement",
                  "entity_parent": "null"
                }
              },
              "concrete_change": {
                "operator": "UPD",
                "src_type": "TypeAccess",
                "dst_type": "TypeAccess",
                "src": "org.apache.servicecomb.transport.rest.vertx.accesslog.element.impl.DatetimeConfigurableItem",
                "dst": "org.apache.servicecomb.foundation.log.core.element.impl.DatetimeConfigurableItem",
                "src_parent_type": "ThisAccess",
                "dst_parent_type": "ThisAccess",
                "src_parent": "",
                "dst_parent": ""
              },
              "stats": {
                "number_of_src_entities": 3,
                "number_of_dst_entities": 3,
                "src_entity_types": "[org.apache.servicecomb.transport.rest.vertx.accesslog.element.impl.DatetimeConfigurableItem]",
                "dst_entity_types": "[org.apache.servicecomb.foundation.log.core.element.impl.DatetimeConfigurableItem]"
              }
            }
          ]
        }
      ]
    },
    {
      "revision": "f156eb21b4f2e782523064d49b63eda7cce7ca40",
      "repairability": [
        {
          "tool-name": "JGenProg",
          "pattern-name": "JGenProg:any_statement_shallow",
          "Unified_Diff_of-files:": "Starts Below...",
          "INSERT:": "    });",
          "DELETE:": "import org.apache.servicecomb.transport.rest.vertx.accesslog.impl.AccessLogHandler;",
          "CHANGE_old:": "          ));",
          "CHANGE_new:": "",
          "instance_detail": [
            {
              "pattern_action": "ANY",
              "pattern_entity": {
                "entity_type": "*",
                "entity_new value": "*",
                "entity_role": "Statement",
                "entity_parent": "null"
              },
              "concrete_change": {
                "operator": "DEL",
                "src_type": "LocalVariable",
                "dst_type": "null",
                "src": "java.lang.String pattern \u003d AccessLogConfiguration.INSTANCE.getAccesslogPattern()",
                "dst": "null",
                "src_parent_type": "Block",
                "dst_parent_type": "null",
                "src_parent": "{\n    java.lang.String pattern \u003d AccessLogConfiguration.INSTANCE.getAccesslogPattern();\n    org.apache.servicecomb.transport.rest.vertx.RestServerVerticle.LOGGER.info(\"access log enabled, pattern \u003d {}\", pattern);\n    mainRouter.route().handler(new org.apache.servicecomb.transport.rest.vertx.accesslog.impl.AccessLogHandler(pattern));\n}",
                "dst_parent": "null"
              },
              "line": 165,
              "file": "/home/khesoem/projects/lighter/exp/transports/transport-rest/transport-rest-vertx/src/main/java/org/apache/servicecomb/transport/rest/vertx/RestServerVerticle.java"
            }
          ]
        },
        {
          "tool-name": "JGenProg",
          "pattern-name": "JGenProg:any_statement_shallow",
          "Unified_Diff_of-files:": "Starts Below...",
          "INSERT:": "    });",
          "DELETE:": "import org.apache.servicecomb.transport.rest.vertx.accesslog.impl.AccessLogHandler;",
          "CHANGE_old:": "          ));",
          "CHANGE_new:": "",
          "instance_detail": [
            {
              "pattern_action": "ANY",
              "pattern_entity": {
                "entity_type": "*",
                "entity_new value": "*",
                "entity_role": "Statement",
                "entity_parent": "null"
              },
              "concrete_change": {
                "operator": "DEL",
                "src_type": "Invocation",
                "dst_type": "null",
                "src": "org.apache.servicecomb.transport.rest.vertx.RestServerVerticle.LOGGER.info(\"access log enabled, pattern \u003d {}\", pattern)",
                "dst": "null",
                "src_parent_type": "Block",
                "dst_parent_type": "null",
                "src_parent": "{\n    java.lang.String pattern \u003d AccessLogConfiguration.INSTANCE.getAccesslogPattern();\n    org.apache.servicecomb.transport.rest.vertx.RestServerVerticle.LOGGER.info(\"access log enabled, pattern \u003d {}\", pattern);\n    mainRouter.route().handler(new org.apache.servicecomb.transport.rest.vertx.accesslog.impl.AccessLogHandler(pattern));\n}",
                "dst_parent": "null"
              },
              "line": 166,
              "file": "/home/khesoem/projects/lighter/exp/transports/transport-rest/transport-rest-vertx/src/main/java/org/apache/servicecomb/transport/rest/vertx/RestServerVerticle.java"
            }
          ]
        },
        {
          "tool-name": "JGenProg",
          "pattern-name": "JGenProg:any_statement_shallow",
          "Unified_Diff_of-files:": "Starts Below...",
          "INSERT:": "    });",
          "DELETE:": "import org.apache.servicecomb.transport.rest.vertx.accesslog.impl.AccessLogHandler;",
          "CHANGE_old:": "          ));",
          "CHANGE_new:": "",
          "instance_detail": [
            {
              "pattern_action": "ANY",
              "pattern_entity": {
                "entity_type": "*",
                "entity_new value": "*",
                "entity_role": "Statement",
                "entity_parent": "null"
              },
              "concrete_change": {
                "operator": "DEL",
                "src_type": "Invocation",
                "dst_type": "null",
                "src": "mainRouter.route().handler(new org.apache.servicecomb.transport.rest.vertx.accesslog.impl.AccessLogHandler(pattern))",
                "dst": "null",
                "src_parent_type": "Block",
                "dst_parent_type": "null",
                "src_parent": "{\n    java.lang.String pattern \u003d AccessLogConfiguration.INSTANCE.getAccesslogPattern();\n    org.apache.servicecomb.transport.rest.vertx.RestServerVerticle.LOGGER.info(\"access log enabled, pattern \u003d {}\", pattern);\n    mainRouter.route().handler(new org.apache.servicecomb.transport.rest.vertx.accesslog.impl.AccessLogHandler(pattern));\n}",
                "dst_parent": "null"
              },
              "line": 167,
              "file": "/home/khesoem/projects/lighter/exp/transports/transport-rest/transport-rest-vertx/src/main/java/org/apache/servicecomb/transport/rest/vertx/RestServerVerticle.java"
            }
          ]
        },
        {
          "tool-name": "JGenProg",
          "pattern-name": "JGenProg:any_statement_shallow",
          "Unified_Diff_of-files:": "Starts Below...",
          "INSERT:": "    });",
          "DELETE:": "import org.apache.servicecomb.transport.rest.vertx.accesslog.impl.AccessLogHandler;",
          "CHANGE_old:": "          ));",
          "CHANGE_new:": "",
          "instance_detail": [
            {
              "pattern_action": "ANY",
              "pattern_entity": {
                "entity_type": "*",
                "entity_new value": "*",
                "entity_role": "Statement",
                "entity_parent": "null"
              },
              "concrete_change": {
                "operator": "DEL",
                "src_type": "If",
                "dst_type": "null",
                "src": "if (AccessLogConfiguration.INSTANCE.getAccessLogEnabled()) {\n    java.lang.String pattern \u003d AccessLogConfiguration.INSTANCE.getAccesslogPattern();\n    org.apache.servicecomb.transport.rest.vertx.RestServerVerticle.LOGGER.info(\"access log enabled, pattern \u003d {}\", pattern);\n    mainRouter.route().handler(new org.apache.servicecomb.transport.rest.vertx.accesslog.impl.AccessLogHandler(pattern));\n}",
                "dst": "null",
                "src_parent_type": "Block",
                "dst_parent_type": "null",
                "src_parent": "{\n    if (AccessLogConfiguration.INSTANCE.getAccessLogEnabled()) {\n        java.lang.String pattern \u003d AccessLogConfiguration.INSTANCE.getAccesslogPattern();\n        org.apache.servicecomb.transport.rest.vertx.RestServerVerticle.LOGGER.info(\"access log enabled, pattern \u003d {}\", pattern);\n        mainRouter.route().handler(new org.apache.servicecomb.transport.rest.vertx.accesslog.impl.AccessLogHandler(pattern));\n    }\n}",
                "dst_parent": "null"
              },
              "line": 164,
              "file": "/home/khesoem/projects/lighter/exp/transports/transport-rest/transport-rest-vertx/src/main/java/org/apache/servicecomb/transport/rest/vertx/RestServerVerticle.java",
              "stats": {
                "number_of_src_entities": 71,
                "number_of_dst_entities": -1,
                "src_entity_types": "[org.apache.servicecomb.transport.rest.vertx.accesslog.impl.AccessLogHandler, org.apache.servicecomb.transport.rest.vertx.RestServerVerticle, java.lang.String, AccessLogConfiguration.INSTANCE, io.vertx.ext.web.Router, org.slf4j.Logger]",
                "dst_entity_types": "[]"
              }
            }
          ]
        }
      ]
    },
    {
      "revision": "f156eb21b4f2e782523064d49b63eda7cce7ca40",
      "repairability": [
        {
          "tool-name": "JGenProg",
          "pattern-name": "JGenProg:any_statement_shallow",
          "Unified_Diff_of-files:": "Starts Below...",
          "INSERT:": "    });",
          "DELETE:": "import org.apache.servicecomb.transport.rest.vertx.accesslog.impl.AccessLogHandler;",
          "CHANGE_old:": "          ));",
          "CHANGE_new:": "",
          "instance_detail": [
            {
              "pattern_action": "ANY",
              "pattern_entity": {
                "entity_type": "*",
                "entity_new value": "*",
                "entity_role": "Statement",
                "entity_parent": "null"
              },
              "concrete_change": {
                "operator": "DEL",
                "src_type": "LocalVariable",
                "dst_type": "null",
                "src": "org.apache.servicecomb.transport.rest.vertx.accesslog.element.impl.PlainTextItem element \u003d new org.apache.servicecomb.transport.rest.vertx.accesslog.element.impl.PlainTextItem(\"contentTest\")",
                "dst": "null",
                "src_parent_type": "Block",
                "dst_parent_type": "null",
                "src_parent": "{\n    org.apache.servicecomb.transport.rest.vertx.accesslog.element.impl.PlainTextItem element \u003d new org.apache.servicecomb.transport.rest.vertx.accesslog.element.impl.PlainTextItem(\"contentTest\");\n    org.junit.Assert.assertEquals(\"contentTest\", element.getFormattedItem(null));\n}",
                "dst_parent": "null"
              },
              "line": 28,
              "file": "/home/khesoem/projects/lighter/exp/transports/transport-rest/transport-rest-vertx/src/test/java/org/apache/servicecomb/transport/rest/vertx/accesslog/element/impl/PlainTextItemTest.java"
            }
          ]
        },
        {
          "tool-name": "JGenProg",
          "pattern-name": "JGenProg:any_statement_shallow",
          "Unified_Diff_of-files:": "Starts Below...",
          "INSERT:": "    });",
          "DELETE:": "import org.apache.servicecomb.transport.rest.vertx.accesslog.impl.AccessLogHandler;",
          "CHANGE_old:": "          ));",
          "CHANGE_new:": "",
          "instance_detail": [
            {
              "pattern_action": "ANY",
              "pattern_entity": {
                "entity_type": "*",
                "entity_new value": "*",
                "entity_role": "Statement",
                "entity_parent": "null"
              },
              "concrete_change": {
                "operator": "DEL",
                "src_type": "Invocation",
                "dst_type": "null",
                "src": "org.junit.Assert.assertEquals(\"contentTest\", element.getFormattedItem(null))",
                "dst": "null",
                "src_parent_type": "Block",
                "dst_parent_type": "null",
                "src_parent": "{\n    org.apache.servicecomb.transport.rest.vertx.accesslog.element.impl.PlainTextItem element \u003d new org.apache.servicecomb.transport.rest.vertx.accesslog.element.impl.PlainTextItem(\"contentTest\");\n    org.junit.Assert.assertEquals(\"contentTest\", element.getFormattedItem(null));\n}",
                "dst_parent": "null"
              },
              "line": 29,
              "file": "/home/khesoem/projects/lighter/exp/transports/transport-rest/transport-rest-vertx/src/test/java/org/apache/servicecomb/transport/rest/vertx/accesslog/element/impl/PlainTextItemTest.java"
            }
          ]
        }
      ]
    },
    {
      "revision": "f156eb21b4f2e782523064d49b63eda7cce7ca40",
      "repairability": [
        {
          "tool-name": "JGenProg",
          "pattern-name": "JGenProg:any_statement_shallow",
          "Unified_Diff_of-files:": "Starts Below...",
          "INSERT:": "    });",
          "DELETE:": "import org.apache.servicecomb.transport.rest.vertx.accesslog.impl.AccessLogHandler;",
          "CHANGE_old:": "          ));",
          "CHANGE_new:": "",
          "instance_detail": [
            {
              "pattern_action": "ANY",
              "pattern_entity": {
                "entity_type": "*",
                "entity_new value": "*",
                "entity_role": "Statement",
                "entity_parent": "null"
              },
              "concrete_change": {
                "operator": "DEL",
                "src_type": "Return",
                "dst_type": "null",
                "src": "return content",
                "dst": "null",
                "src_parent_type": "Block",
                "dst_parent_type": "null",
                "src_parent": "{\n    return content;\n}",
                "dst_parent": "null"
              },
              "line": 37,
              "file": "/home/khesoem/projects/lighter/exp/transports/transport-rest/transport-rest-vertx/src/main/java/org/apache/servicecomb/transport/rest/vertx/accesslog/element/impl/PlainTextItem.java"
            }
          ]
        },
        {
          "tool-name": "JGenProg",
          "pattern-name": "JGenProg:any_statement_deep",
          "Unified_Diff_of-files:": "Starts Below...",
          "INSERT:": "    });",
          "DELETE:": "import org.apache.servicecomb.transport.rest.vertx.accesslog.impl.AccessLogHandler;",
          "CHANGE_old:": "          ));",
          "CHANGE_new:": "",
          "instance_detail": [
            {
              "pattern_action": "ANY",
              "pattern_entity": {
                "entity_type": "*",
                "entity_new value": "*",
                "entity_role": "*",
                "entity_parent": {
                  "entity_type": "*",
                  "entity_new value": "*",
                  "entity_role": "Statement",
                  "entity_parent": "null"
                }
              },
              "concrete_change": {
                "operator": "UPD",
                "src_type": "TypeAccess",
                "dst_type": "TypeAccess",
                "src": "org.apache.servicecomb.transport.rest.vertx.accesslog.element.impl.PlainTextItem",
                "dst": "org.apache.servicecomb.foundation.log.core.element.impl.PlainTextItem",
                "src_parent_type": "ThisAccess",
                "dst_parent_type": "ThisAccess",
                "src_parent": "this",
                "dst_parent": "this"
              },
              "stats": {
                "number_of_src_entities": 3,
                "number_of_dst_entities": 3,
                "src_entity_types": "[org.apache.servicecomb.transport.rest.vertx.accesslog.element.impl.PlainTextItem]",
                "dst_entity_types": "[org.apache.servicecomb.foundation.log.core.element.impl.PlainTextItem]"
              }
            }
          ]
        }
      ]
    },
    {
      "revision": "f156eb21b4f2e782523064d49b63eda7cce7ca40",
      "repairability": [
        {
          "tool-name": "JGenProg",
          "pattern-name": "JGenProg:any_statement_deep",
          "Unified_Diff_of-files:": "Starts Below...",
          "INSERT:": "    });",
          "DELETE:": "import org.apache.servicecomb.transport.rest.vertx.accesslog.impl.AccessLogHandler;",
          "CHANGE_old:": "          ));",
          "CHANGE_new:": "",
          "instance_detail": [
            {
              "pattern_action": "ANY",
              "pattern_entity": {
                "entity_type": "*",
                "entity_new value": "*",
                "entity_role": "*",
                "entity_parent": {
                  "entity_type": "*",
                  "entity_new value": "*",
                  "entity_role": "Statement",
                  "entity_parent": "null"
                }
              },
              "concrete_change": {
                "operator": "UPD",
                "src_type": "TypeAccess",
                "dst_type": "TypeAccess",
                "src": "org.apache.servicecomb.transport.rest.vertx.accesslog.parser.AccessLogItemMeta",
                "dst": "org.apache.servicecomb.foundation.log.core.parser.LogItemMeta",
                "src_parent_type": "ThisAccess",
                "dst_parent_type": "ThisAccess",
                "src_parent": "",
                "dst_parent": ""
              },
              "stats": {
                "number_of_src_entities": 3,
                "number_of_dst_entities": 3,
                "src_entity_types": "[org.apache.servicecomb.transport.rest.vertx.accesslog.parser.AccessLogItemMeta]",
                "dst_entity_types": "[org.apache.servicecomb.foundation.log.core.parser.LogItemMeta]"
              }
            }
          ]
        },
        {
          "tool-name": "JGenProg",
          "pattern-name": "JGenProg:any_statement_deep",
          "Unified_Diff_of-files:": "Starts Below...",
          "INSERT:": "    });",
          "DELETE:": "import org.apache.servicecomb.transport.rest.vertx.accesslog.impl.AccessLogHandler;",
          "CHANGE_old:": "          ));",
          "CHANGE_new:": "",
          "instance_detail": [
            {
              "pattern_action": "ANY",
              "pattern_entity": {
                "entity_type": "*",
                "entity_new value": "*",
                "entity_role": "*",
                "entity_parent": {
                  "entity_type": "*",
                  "entity_new value": "*",
                  "entity_role": "Statement",
                  "entity_parent": "null"
                }
              },
              "concrete_change": {
                "operator": "UPD",
                "src_type": "TypeAccess",
                "dst_type": "TypeAccess",
                "src": "org.apache.servicecomb.transport.rest.vertx.accesslog.parser.AccessLogItemMeta",
                "dst": "org.apache.servicecomb.foundation.log.core.parser.LogItemMeta",
                "src_parent_type": "ThisAccess",
                "dst_parent_type": "ThisAccess",
                "src_parent": "this",
                "dst_parent": "this"
              },
              "stats": {
                "number_of_src_entities": 3,
                "number_of_dst_entities": 3,
                "src_entity_types": "[org.apache.servicecomb.transport.rest.vertx.accesslog.parser.AccessLogItemMeta]",
                "dst_entity_types": "[org.apache.servicecomb.foundation.log.core.parser.LogItemMeta]"
              }
            }
          ]
        },
        {
          "tool-name": "JGenProg",
          "pattern-name": "JGenProg:any_statement_deep",
          "Unified_Diff_of-files:": "Starts Below...",
          "INSERT:": "    });",
          "DELETE:": "import org.apache.servicecomb.transport.rest.vertx.accesslog.impl.AccessLogHandler;",
          "CHANGE_old:": "          ));",
          "CHANGE_new:": "",
          "instance_detail": [
            {
              "pattern_action": "ANY",
              "pattern_entity": {
                "entity_type": "*",
                "entity_new value": "*",
                "entity_role": "*",
                "entity_parent": {
                  "entity_type": "*",
                  "entity_new value": "*",
                  "entity_role": "Statement",
                  "entity_parent": "null"
                }
              },
              "concrete_change": {
                "operator": "UPD",
                "src_type": "TypeAccess",
                "dst_type": "TypeAccess",
                "src": "org.apache.servicecomb.transport.rest.vertx.accesslog.parser.AccessLogItemMeta",
                "dst": "org.apache.servicecomb.foundation.log.core.parser.LogItemMeta",
                "src_parent_type": "ThisAccess",
                "dst_parent_type": "ThisAccess",
                "src_parent": "",
                "dst_parent": ""
              },
              "stats": {
                "number_of_src_entities": 3,
                "number_of_dst_entities": 3,
                "src_entity_types": "[org.apache.servicecomb.transport.rest.vertx.accesslog.parser.AccessLogItemMeta]",
                "dst_entity_types": "[org.apache.servicecomb.foundation.log.core.parser.LogItemMeta]"
              }
            }
          ]
        },
        {
          "tool-name": "JGenProg",
          "pattern-name": "JGenProg:any_statement_deep",
          "Unified_Diff_of-files:": "Starts Below...",
          "INSERT:": "    });",
          "DELETE:": "import org.apache.servicecomb.transport.rest.vertx.accesslog.impl.AccessLogHandler;",
          "CHANGE_old:": "          ));",
          "CHANGE_new:": "",
          "instance_detail": [
            {
              "pattern_action": "ANY",
              "pattern_entity": {
                "entity_type": "*",
                "entity_new value": "*",
                "entity_role": "*",
                "entity_parent": {
                  "entity_type": "*",
                  "entity_new value": "*",
                  "entity_role": "Statement",
                  "entity_parent": "null"
                }
              },
              "concrete_change": {
                "operator": "UPD",
                "src_type": "TypeAccess",
                "dst_type": "TypeAccess",
                "src": "org.apache.servicecomb.transport.rest.vertx.accesslog.parser.AccessLogItemMeta",
                "dst": "org.apache.servicecomb.foundation.log.core.parser.LogItemMeta",
                "src_parent_type": "ThisAccess",
                "dst_parent_type": "ThisAccess",
                "src_parent": "this",
                "dst_parent": "this"
              },
              "stats": {
                "number_of_src_entities": 3,
                "number_of_dst_entities": 3,
                "src_entity_types": "[org.apache.servicecomb.transport.rest.vertx.accesslog.parser.AccessLogItemMeta]",
                "dst_entity_types": "[org.apache.servicecomb.foundation.log.core.parser.LogItemMeta]"
              }
            }
          ]
        },
        {
          "tool-name": "JGenProg",
          "pattern-name": "JGenProg:any_statement_deep",
          "Unified_Diff_of-files:": "Starts Below...",
          "INSERT:": "    });",
          "DELETE:": "import org.apache.servicecomb.transport.rest.vertx.accesslog.impl.AccessLogHandler;",
          "CHANGE_old:": "          ));",
          "CHANGE_new:": "",
          "instance_detail": [
            {
              "pattern_action": "ANY",
              "pattern_entity": {
                "entity_type": "*",
                "entity_new value": "*",
                "entity_role": "*",
                "entity_parent": {
                  "entity_type": "*",
                  "entity_new value": "*",
                  "entity_role": "Statement",
                  "entity_parent": "null"
                }
              },
              "concrete_change": {
                "operator": "UPD",
                "src_type": "TypeAccess",
                "dst_type": "TypeAccess",
                "src": "org.apache.servicecomb.transport.rest.vertx.accesslog.parser.AccessLogItemMeta",
                "dst": "org.apache.servicecomb.foundation.log.core.parser.LogItemMeta",
                "src_parent_type": "ThisAccess",
                "dst_parent_type": "ThisAccess",
                "src_parent": "",
                "dst_parent": ""
              },
              "stats": {
                "number_of_src_entities": 3,
                "number_of_dst_entities": 3,
                "src_entity_types": "[org.apache.servicecomb.transport.rest.vertx.accesslog.parser.AccessLogItemMeta]",
                "dst_entity_types": "[org.apache.servicecomb.foundation.log.core.parser.LogItemMeta]"
              }
            }
          ]
        },
        {
          "tool-name": "JGenProg",
          "pattern-name": "JGenProg:any_statement_deep",
          "Unified_Diff_of-files:": "Starts Below...",
          "INSERT:": "    });",
          "DELETE:": "import org.apache.servicecomb.transport.rest.vertx.accesslog.impl.AccessLogHandler;",
          "CHANGE_old:": "          ));",
          "CHANGE_new:": "",
          "instance_detail": [
            {
              "pattern_action": "ANY",
              "pattern_entity": {
                "entity_type": "*",
                "entity_new value": "*",
                "entity_role": "*",
                "entity_parent": {
                  "entity_type": "*",
                  "entity_new value": "*",
                  "entity_role": "Statement",
                  "entity_parent": "null"
                }
              },
              "concrete_change": {
                "operator": "UPD",
                "src_type": "TypeAccess",
                "dst_type": "TypeAccess",
                "src": "org.apache.servicecomb.transport.rest.vertx.accesslog.parser.AccessLogItemMeta",
                "dst": "org.apache.servicecomb.foundation.log.core.parser.LogItemMeta",
                "src_parent_type": "ThisAccess",
                "dst_parent_type": "ThisAccess",
                "src_parent": "this",
                "dst_parent": "this"
              },
              "stats": {
                "number_of_src_entities": 3,
                "number_of_dst_entities": 3,
                "src_entity_types": "[org.apache.servicecomb.transport.rest.vertx.accesslog.parser.AccessLogItemMeta]",
                "dst_entity_types": "[org.apache.servicecomb.foundation.log.core.parser.LogItemMeta]"
              }
            }
          ]
        },
        {
          "tool-name": "JGenProg",
          "pattern-name": "JGenProg:any_statement_deep",
          "Unified_Diff_of-files:": "Starts Below...",
          "INSERT:": "    });",
          "DELETE:": "import org.apache.servicecomb.transport.rest.vertx.accesslog.impl.AccessLogHandler;",
          "CHANGE_old:": "          ));",
          "CHANGE_new:": "",
          "instance_detail": [
            {
              "pattern_action": "ANY",
              "pattern_entity": {
                "entity_type": "*",
                "entity_new value": "*",
                "entity_role": "*",
                "entity_parent": {
                  "entity_type": "*",
                  "entity_new value": "*",
                  "entity_role": "Statement",
                  "entity_parent": "null"
                }
              },
              "concrete_change": {
                "operator": "UPD",
                "src_type": "TypeAccess",
                "dst_type": "TypeAccess",
                "src": "org.apache.servicecomb.transport.rest.vertx.accesslog.parser.AccessLogItemMeta",
                "dst": "org.apache.servicecomb.foundation.log.core.parser.LogItemMeta",
                "src_parent_type": "ThisAccess",
                "dst_parent_type": "ThisAccess",
                "src_parent": "this",
                "dst_parent": "this"
              },
              "stats": {
                "number_of_src_entities": 3,
                "number_of_dst_entities": 3,
                "src_entity_types": "[org.apache.servicecomb.transport.rest.vertx.accesslog.parser.AccessLogItemMeta]",
                "dst_entity_types": "[org.apache.servicecomb.foundation.log.core.parser.LogItemMeta]"
              }
            }
          ]
        },
        {
          "tool-name": "JGenProg",
          "pattern-name": "JGenProg:any_statement_deep",
          "Unified_Diff_of-files:": "Starts Below...",
          "INSERT:": "    });",
          "DELETE:": "import org.apache.servicecomb.transport.rest.vertx.accesslog.impl.AccessLogHandler;",
          "CHANGE_old:": "          ));",
          "CHANGE_new:": "",
          "instance_detail": [
            {
              "pattern_action": "ANY",
              "pattern_entity": {
                "entity_type": "*",
                "entity_new value": "*",
                "entity_role": "*",
                "entity_parent": {
                  "entity_type": "*",
                  "entity_new value": "*",
                  "entity_role": "Statement",
                  "entity_parent": "null"
                }
              },
              "concrete_change": {
                "operator": "UPD",
                "src_type": "TypeAccess",
                "dst_type": "TypeAccess",
                "src": "org.apache.servicecomb.transport.rest.vertx.accesslog.parser.AccessLogItemMeta",
                "dst": "org.apache.servicecomb.foundation.log.core.parser.LogItemMeta",
                "src_parent_type": "ThisAccess",
                "dst_parent_type": "ThisAccess",
                "src_parent": "this",
                "dst_parent": "this"
              },
              "stats": {
                "number_of_src_entities": 3,
                "number_of_dst_entities": 3,
                "src_entity_types": "[org.apache.servicecomb.transport.rest.vertx.accesslog.parser.AccessLogItemMeta]",
                "dst_entity_types": "[org.apache.servicecomb.foundation.log.core.parser.LogItemMeta]"
              }
            }
          ]
        },
        {
          "tool-name": "JGenProg",
          "pattern-name": "JGenProg:any_statement_deep",
          "Unified_Diff_of-files:": "Starts Below...",
          "INSERT:": "    });",
          "DELETE:": "import org.apache.servicecomb.transport.rest.vertx.accesslog.impl.AccessLogHandler;",
          "CHANGE_old:": "          ));",
          "CHANGE_new:": "",
          "instance_detail": [
            {
              "pattern_action": "ANY",
              "pattern_entity": {
                "entity_type": "*",
                "entity_new value": "*",
                "entity_role": "*",
                "entity_parent": {
                  "entity_type": "*",
                  "entity_new value": "*",
                  "entity_role": "Statement",
                  "entity_parent": "null"
                }
              },
              "concrete_change": {
                "operator": "UPD",
                "src_type": "TypeAccess",
                "dst_type": "TypeAccess",
                "src": "org.apache.servicecomb.transport.rest.vertx.accesslog.parser.AccessLogItemMeta",
                "dst": "org.apache.servicecomb.foundation.log.core.parser.LogItemMeta",
                "src_parent_type": "ThisAccess",
                "dst_parent_type": "ThisAccess",
                "src_parent": "this",
                "dst_parent": "this"
              },
              "stats": {
                "number_of_src_entities": 3,
                "number_of_dst_entities": 3,
                "src_entity_types": "[org.apache.servicecomb.transport.rest.vertx.accesslog.parser.AccessLogItemMeta]",
                "dst_entity_types": "[org.apache.servicecomb.foundation.log.core.parser.LogItemMeta]"
              }
            }
          ]
        },
        {
          "tool-name": "JGenProg",
          "pattern-name": "JGenProg:any_statement_deep",
          "Unified_Diff_of-files:": "Starts Below...",
          "INSERT:": "    });",
          "DELETE:": "import org.apache.servicecomb.transport.rest.vertx.accesslog.impl.AccessLogHandler;",
          "CHANGE_old:": "          ));",
          "CHANGE_new:": "",
          "instance_detail": [
            {
              "pattern_action": "ANY",
              "pattern_entity": {
                "entity_type": "*",
                "entity_new value": "*",
                "entity_role": "*",
                "entity_parent": {
                  "entity_type": "*",
                  "entity_new value": "*",
                  "entity_role": "Statement",
                  "entity_parent": "null"
                }
              },
              "concrete_change": {
                "operator": "UPD",
                "src_type": "TypeAccess",
                "dst_type": "TypeAccess",
                "src": "org.apache.servicecomb.transport.rest.vertx.accesslog.parser.AccessLogItemMeta",
                "dst": "org.apache.servicecomb.foundation.log.core.parser.LogItemMeta",
                "src_parent_type": "ThisAccess",
                "dst_parent_type": "ThisAccess",
                "src_parent": "this",
                "dst_parent": "this"
              },
              "stats": {
                "number_of_src_entities": 3,
                "number_of_dst_entities": 3,
                "src_entity_types": "[org.apache.servicecomb.transport.rest.vertx.accesslog.parser.AccessLogItemMeta]",
                "dst_entity_types": "[org.apache.servicecomb.foundation.log.core.parser.LogItemMeta]"
              }
            }
          ]
        }
      ]
    }
  ],
  "complete_analysis": true
}