{
  "instances": [
    {
      "revision": "d2126d3f68c2414287d4462c372b903b0237141d",
      "repairability": [
        {
          "tool-name": "JGenProg",
          "pattern-name": "JGenProg:any_statement_shallow",
          "Unified_Diff_of-files:": "Starts Below...",
          "INSERT:": "          });",
          "CHANGE_old:": "",
          "CHANGE_new:": "            Microservice microservice \u003d sr.getMicroservice();",
          "instance_detail": [
            {
              "pattern_action": "ANY",
              "pattern_entity": {
                "entity_type": "*",
                "entity_new value": "*",
                "entity_role": "Statement",
                "entity_parent": "null"
              },
              "concrete_change": {
                "operator": "DEL",
                "src_type": "Invocation",
                "dst_type": "null",
                "src": "microservice.addSchema(schemaMeta.getSchemaId(), content)",
                "dst": "null",
                "src_parent_type": "Block",
                "dst_parent_type": "null",
                "src_parent": "{\n    io.swagger.models.Swagger swagger \u003d schemaMeta.getSwagger();\n    swagger.addScheme(io.swagger.models.Scheme.forValue(swaggerSchema));\n    java.lang.String content \u003d org.apache.servicecomb.swagger.SwaggerUtils.swaggerToString(swagger);\n    org.apache.servicecomb.core.provider.producer.ProducerBootListener.LOGGER.info(\"generate swagger for {}/{}/{}, swagger: {}\", microserviceMeta.getAppId(), microserviceMeta.getMicroserviceName(), schemaMeta.getSchemaId(), content);\n    microservice.addSchema(schemaMeta.getSchemaId(), content);\n}",
                "dst_parent": "null"
              },
              "line": 68,
              "file": "/home/khesoem/projects/lighter/exp/core/src/main/java/org/apache/servicecomb/core/provider/producer/ProducerBootListener.java",
              "stats": {
                "number_of_src_entities": 22,
                "number_of_dst_entities": -1,
                "src_entity_types": "[org.apache.servicecomb.serviceregistry.api.registry.Microservice, org.apache.servicecomb.core.definition.SchemaMeta, java.lang.String]",
                "dst_entity_types": "[]"
              }
            }
          ]
        },
        {
          "tool-name": "JGenProg",
          "pattern-name": "JGenProg:any_statement_shallow",
          "Unified_Diff_of-files:": "Starts Below...",
          "INSERT:": "          });",
          "CHANGE_old:": "",
          "CHANGE_new:": "            Microservice microservice \u003d sr.getMicroservice();",
          "instance_detail": [
            {
              "pattern_action": "ANY",
              "pattern_entity": {
                "entity_type": "*",
                "entity_new value": "*",
                "entity_role": "Statement",
                "entity_parent": "null"
              },
              "concrete_change": {
                "operator": "DEL",
                "src_type": "Invocation",
                "dst_type": "null",
                "src": "saveBasePaths(microserviceMeta, microservice)",
                "dst": "null",
                "src_parent_type": "Block",
                "dst_parent_type": "null",
                "src_parent": "{\n    org.apache.servicecomb.serviceregistry.api.registry.Microservice microservice \u003d event.getScbEngine().getServiceRegistry().getMicroservice();\n    java.lang.String swaggerSchema \u003d \"http\";\n    for (java.lang.String endpoint : microservice.getInstance().getEndpoints()) {\n        if ((endpoint.startsWith(\"rest://\")) \u0026\u0026 ((endpoint.indexOf(\"sslEnabled\u003dtrue\")) \u003e 0)) {\n            swaggerSchema \u003d \"https\";\n        }\n    }\n    org.apache.servicecomb.core.definition.MicroserviceMeta microserviceMeta \u003d event.getScbEngine().getProducerMicroserviceMeta();\n    for (org.apache.servicecomb.core.definition.SchemaMeta schemaMeta : microserviceMeta.getSchemaMetas().values()) {\n        io.swagger.models.Swagger swagger \u003d schemaMeta.getSwagger();\n        swagger.addScheme(io.swagger.models.Scheme.forValue(swaggerSchema));\n        java.lang.String content \u003d org.apache.servicecomb.swagger.SwaggerUtils.swaggerToString(swagger);\n        org.apache.servicecomb.core.provider.producer.ProducerBootListener.LOGGER.info(\"generate swagger for {}/{}/{}, swagger: {}\", microserviceMeta.getAppId(), microserviceMeta.getMicroserviceName(), schemaMeta.getSchemaId(), content);\n        microservice.addSchema(schemaMeta.getSchemaId(), content);\n    }\n    saveBasePaths(microserviceMeta, microservice);\n}",
                "dst_parent": "null"
              },
              "line": 71,
              "file": "/home/khesoem/projects/lighter/exp/core/src/main/java/org/apache/servicecomb/core/provider/producer/ProducerBootListener.java",
              "stats": {
                "number_of_src_entities": 23,
                "number_of_dst_entities": -1,
                "src_entity_types": "[org.apache.servicecomb.serviceregistry.api.registry.Microservice, org.apache.servicecomb.core.definition.MicroserviceMeta, org.apache.servicecomb.core.provider.producer.ProducerBootListener]",
                "dst_entity_types": "[]"
              }
            }
          ]
        }
      ]
    },
    {
      "revision": "d2126d3f68c2414287d4462c372b903b0237141d",
      "repairability": [
        {
          "tool-name": "JGenProg",
          "pattern-name": "JGenProg:any_statement_shallow",
          "Unified_Diff_of-files:": "Starts Below...",
          "INSERT:": "          });",
          "CHANGE_old:": "",
          "CHANGE_new:": "            Microservice microservice \u003d sr.getMicroservice();",
          "instance_detail": [
            {
              "pattern_action": "ANY",
              "pattern_entity": {
                "entity_type": "*",
                "entity_new value": "*",
                "entity_role": "Statement",
                "entity_parent": "null"
              },
              "concrete_change": {
                "operator": "DEL",
                "src_type": "LocalVariable",
                "dst_type": "null",
                "src": "org.apache.servicecomb.serviceregistry.api.registry.Microservice microservice \u003d scbEngine.getServiceRegistry().getMicroservice()",
                "dst": "null",
                "src_parent_type": "Block",
                "dst_parent_type": "null",
                "src_parent": "{\n    org.apache.servicecomb.core.transport.TransportManager.LOGGER.info(\"endpoint to publish: {}\", endpoint.getEndpoint());\n    org.apache.servicecomb.serviceregistry.api.registry.Microservice microservice \u003d scbEngine.getServiceRegistry().getMicroservice();\n    microservice.getInstance().getEndpoints().add(endpoint.getEndpoint());\n}",
                "dst_parent": "null"
              },
              "line": 63,
              "file": "/home/khesoem/projects/lighter/exp/core/src/main/java/org/apache/servicecomb/core/transport/TransportManager.java",
              "stats": {
                "number_of_src_entities": 15,
                "number_of_dst_entities": -1,
                "src_entity_types": "[org.apache.servicecomb.serviceregistry.api.registry.Microservice, org.apache.servicecomb.core.SCBEngine]",
                "dst_entity_types": "[]"
              }
            }
          ]
        }
      ]
    }
  ],
  "complete_analysis": true
}