{
  "instances": [
    {
      "revision": "3138a197167464f8685d72f1c86e4f9c93b336b2",
      "repairability": [
        {
          "tool-name": "JGenProg",
          "pattern-name": "JGenProg:any_statement_shallow",
          "Unified_Diff_of-files:": "Starts Below...",
          "DELETE:": "    }",
          "INSERT:": "",
          "instance_detail": [
            {
              "pattern_action": "ANY",
              "pattern_entity": {
                "entity_type": "*",
                "entity_new value": "*",
                "entity_role": "Statement",
                "entity_parent": "null"
              },
              "concrete_change": {
                "operator": "DEL",
                "src_type": "Return",
                "dst_type": "null",
                "src": "return",
                "dst": "null",
                "src_parent_type": "Block",
                "dst_parent_type": "null",
                "src_parent": "{\n    return;\n}",
                "dst_parent": "null"
              },
              "line": 144,
              "file": "/home/khesoem/projects/lighter/exp/handlers/handler-router/src/main/java/org/apache/servicecomb/router/distribute/AbstractRouterDistributor.java"
            }
          ]
        },
        {
          "tool-name": "JGenProg",
          "pattern-name": "JGenProg:any_statement_shallow",
          "Unified_Diff_of-files:": "Starts Below...",
          "DELETE:": "    }",
          "INSERT:": "",
          "instance_detail": [
            {
              "pattern_action": "ANY",
              "pattern_entity": {
                "entity_type": "*",
                "entity_new value": "*",
                "entity_role": "Statement",
                "entity_parent": "null"
              },
              "concrete_change": {
                "operator": "DEL",
                "src_type": "If",
                "dst_type": "null",
                "src": "if ((org.apache.servicecomb.router.cache.RouterRuleCache.getServiceInfoCacheMap().get(serviceName).getLatestVersionTag()) !\u003d null) {\n    return;\n}",
                "dst": "null",
                "src_parent_type": "Block",
                "dst_parent_type": "null",
                "src_parent": "{\n    if ((org.apache.servicecomb.router.cache.RouterRuleCache.getServiceInfoCacheMap().get(serviceName).getLatestVersionTag()) !\u003d null) {\n        return;\n    }\n    java.lang.String latestVersion \u003d null;\n    for (T server : list) {\n        E ms \u003d getIns.apply(server);\n        if (getServerName.apply(ms).equals(serviceName)) {\n            if ((latestVersion \u003d\u003d null) || ((org.apache.servicecomb.router.util.VersionCompareUtil.compareVersion(latestVersion, getVersion.apply(ms))) \u003d\u003d (-1))) {\n                latestVersion \u003d getVersion.apply(ms);\n            }\n        }\n    }\n    org.apache.servicecomb.router.model.TagItem tagitem \u003d new org.apache.servicecomb.router.model.TagItem(latestVersion);\n    org.apache.servicecomb.router.cache.RouterRuleCache.getServiceInfoCacheMap().get(serviceName).setLatestVersionTag(tagitem);\n}",
                "dst_parent": "null"
              },
              "line": 143,
              "file": "/home/khesoem/projects/lighter/exp/handlers/handler-router/src/main/java/org/apache/servicecomb/router/distribute/AbstractRouterDistributor.java",
              "stats": {
                "number_of_src_entities": 23,
                "number_of_dst_entities": -1,
                "src_entity_types": "[org.apache.servicecomb.router.cache.RouterRuleCache, java.lang.String, \u003cnulltype\u003e]",
                "dst_entity_types": "[]"
              }
            }
          ]
        }
      ]
    }
  ],
  "complete_analysis": true
}