{
  "instances": [
    {
      "revision": "079f4d81627e991c73cd297f764e9edef1438135",
      "repairability": [
        {
          "tool-name": "JGenProg",
          "pattern-name": "JGenProg:any_statement_shallow",
          "Unified_Diff_of-files:": "Starts Below...",
          "INSERT:": "import java.util.Map.Entry;",
          "CHANGE_old:": "    });",
          "CHANGE_new:": "    }",
          "instance_detail": [
            {
              "pattern_action": "ANY",
              "pattern_entity": {
                "entity_type": "*",
                "entity_new value": "*",
                "entity_role": "Statement",
                "entity_parent": "null"
              },
              "concrete_change": {
                "operator": "DEL",
                "src_type": "LocalVariable",
                "dst_type": "null",
                "src": "java.lang.String key \u003d stringMicroserviceInstanceEntry.getKey()",
                "dst": "null",
                "src_parent_type": "Block",
                "dst_parent_type": "null",
                "src_parent": "{\n    java.lang.String key \u003d stringMicroserviceInstanceEntry.getKey();\n    org.apache.servicecomb.serviceregistry.api.registry.MicroserviceInstance instance \u003d stringMicroserviceInstanceEntry.getValue();\n    if (MicroserviceInstanceStatus.UP \u003d\u003d (instance.getStatus())) {\n        filteredServers.put(key, instance);\n    }\n}",
                "dst_parent": "null"
              },
              "line": 57,
              "file": "/home/khesoem/projects/lighter/exp/service-registry/src/main/java/org/apache/servicecomb/serviceregistry/discovery/InstanceStatusDiscoveryFilter.java"
            }
          ]
        },
        {
          "tool-name": "JGenProg",
          "pattern-name": "JGenProg:any_statement_shallow",
          "Unified_Diff_of-files:": "Starts Below...",
          "INSERT:": "import java.util.Map.Entry;",
          "CHANGE_old:": "    });",
          "CHANGE_new:": "    }",
          "instance_detail": [
            {
              "pattern_action": "ANY",
              "pattern_entity": {
                "entity_type": "*",
                "entity_new value": "*",
                "entity_role": "Statement",
                "entity_parent": "null"
              },
              "concrete_change": {
                "operator": "DEL",
                "src_type": "LocalVariable",
                "dst_type": "null",
                "src": "org.apache.servicecomb.serviceregistry.api.registry.MicroserviceInstance instance \u003d stringMicroserviceInstanceEntry.getValue()",
                "dst": "null",
                "src_parent_type": "Block",
                "dst_parent_type": "null",
                "src_parent": "{\n    java.lang.String key \u003d stringMicroserviceInstanceEntry.getKey();\n    org.apache.servicecomb.serviceregistry.api.registry.MicroserviceInstance instance \u003d stringMicroserviceInstanceEntry.getValue();\n    if (MicroserviceInstanceStatus.UP \u003d\u003d (instance.getStatus())) {\n        filteredServers.put(key, instance);\n    }\n}",
                "dst_parent": "null"
              },
              "line": 58,
              "file": "/home/khesoem/projects/lighter/exp/service-registry/src/main/java/org/apache/servicecomb/serviceregistry/discovery/InstanceStatusDiscoveryFilter.java"
            }
          ]
        },
        {
          "tool-name": "JGenProg",
          "pattern-name": "JGenProg:any_statement_shallow",
          "Unified_Diff_of-files:": "Starts Below...",
          "INSERT:": "import java.util.Map.Entry;",
          "CHANGE_old:": "    });",
          "CHANGE_new:": "    }",
          "instance_detail": [
            {
              "pattern_action": "ANY",
              "pattern_entity": {
                "entity_type": "*",
                "entity_new value": "*",
                "entity_role": "Statement",
                "entity_parent": "null"
              },
              "concrete_change": {
                "operator": "DEL",
                "src_type": "If",
                "dst_type": "null",
                "src": "if (MicroserviceInstanceStatus.UP \u003d\u003d (instance.getStatus())) {\n    filteredServers.put(key, instance);\n}",
                "dst": "null",
                "src_parent_type": "Block",
                "dst_parent_type": "null",
                "src_parent": "{\n    java.lang.String key \u003d stringMicroserviceInstanceEntry.getKey();\n    org.apache.servicecomb.serviceregistry.api.registry.MicroserviceInstance instance \u003d stringMicroserviceInstanceEntry.getValue();\n    if (MicroserviceInstanceStatus.UP \u003d\u003d (instance.getStatus())) {\n        filteredServers.put(key, instance);\n    }\n}",
                "dst_parent": "null"
              },
              "line": 59,
              "file": "/home/khesoem/projects/lighter/exp/service-registry/src/main/java/org/apache/servicecomb/serviceregistry/discovery/InstanceStatusDiscoveryFilter.java"
            }
          ]
        },
        {
          "tool-name": "JGenProg",
          "pattern-name": "JGenProg:any_statement_shallow",
          "Unified_Diff_of-files:": "Starts Below...",
          "INSERT:": "import java.util.Map.Entry;",
          "CHANGE_old:": "    });",
          "CHANGE_new:": "    }",
          "instance_detail": [
            {
              "pattern_action": "ANY",
              "pattern_entity": {
                "entity_type": "*",
                "entity_new value": "*",
                "entity_role": "Statement",
                "entity_parent": "null"
              },
              "concrete_change": {
                "operator": "DEL",
                "src_type": "Invocation",
                "dst_type": "null",
                "src": "instances.entrySet().forEach(( stringMicroserviceInstanceEntry) -\u003e {\n    java.lang.String key \u003d stringMicroserviceInstanceEntry.getKey();\n    org.apache.servicecomb.serviceregistry.api.registry.MicroserviceInstance instance \u003d stringMicroserviceInstanceEntry.getValue();\n    if (MicroserviceInstanceStatus.UP \u003d\u003d (instance.getStatus())) {\n        filteredServers.put(key, instance);\n    }\n})",
                "dst": "null",
                "src_parent_type": "Block",
                "dst_parent_type": "null",
                "src_parent": "{\n    java.util.Map\u003cjava.lang.String, org.apache.servicecomb.serviceregistry.api.registry.MicroserviceInstance\u003e instances \u003d parent.data();\n    java.util.Map\u003cjava.lang.String, org.apache.servicecomb.serviceregistry.api.registry.MicroserviceInstance\u003e filteredServers \u003d new java.util.HashMap\u003c\u003e();\n    instances.entrySet().forEach(( stringMicroserviceInstanceEntry) -\u003e {\n        java.lang.String key \u003d stringMicroserviceInstanceEntry.getKey();\n        org.apache.servicecomb.serviceregistry.api.registry.MicroserviceInstance instance \u003d stringMicroserviceInstanceEntry.getValue();\n        if (MicroserviceInstanceStatus.UP \u003d\u003d (instance.getStatus())) {\n            filteredServers.put(key, instance);\n        }\n    });\n    if (filteredServers.isEmpty()) {\n        return;\n    }\n    org.apache.servicecomb.serviceregistry.discovery.DiscoveryTreeNode child \u003d new org.apache.servicecomb.serviceregistry.discovery.DiscoveryTreeNode().subName(parent, org.apache.servicecomb.serviceregistry.discovery.InstanceStatusDiscoveryFilter.UP_INSTANCES).data(filteredServers);\n    parent.child(org.apache.servicecomb.serviceregistry.discovery.InstanceStatusDiscoveryFilter.UP_INSTANCES, child);\n}",
                "dst_parent": "null"
              },
              "line": 56,
              "file": "/home/khesoem/projects/lighter/exp/service-registry/src/main/java/org/apache/servicecomb/serviceregistry/discovery/InstanceStatusDiscoveryFilter.java",
              "stats": {
                "number_of_src_entities": 72,
                "number_of_dst_entities": -1,
                "src_entity_types": "[org.apache.servicecomb.serviceregistry.discovery.instance, org.apache.servicecomb.serviceregistry.discovery.filteredServers, java.lang.String, org.apache.servicecomb.serviceregistry.api.registry.MicroserviceInstance, java.util.Map\u003cjava.lang.String, org.apache.servicecomb.serviceregistry.api.registry.MicroserviceInstance\u003e, org.apache.servicecomb.serviceregistry.discovery.stringMicroserviceInstanceEntry]",
                "dst_entity_types": "[]"
              }
            }
          ]
        }
      ]
    }
  ],
  "complete_analysis": true
}