{
  "instances": [
    {
      "revision": "b1948e193c7516a58dcc70f72adabb574171a0c4",
      "repairability": [
        {
          "tool-name": "JGenProg",
          "pattern-name": "JGenProg:any_statement_shallow",
          "Unified_Diff_of-files:": "Starts Below...",
          "DELETE:": "import org.apache.servicecomb.registry.api.registry.Microservice;",
          "INSERT:": "import com.google.common.annotations.VisibleForTesting;",
          "CHANGE_old:": "  public static Cache\u0026lt;RSAAuthenticationToken, Boolean\u0026gt; getValidatedToken() {",
          "CHANGE_new:": "",
          "instance_detail": [
            {
              "pattern_action": "ANY",
              "pattern_entity": {
                "entity_type": "*",
                "entity_new value": "*",
                "entity_role": "Statement",
                "entity_parent": "null"
              },
              "concrete_change": {
                "operator": "DEL",
                "src_type": "Invocation",
                "dst_type": "null",
                "src": "RegistrationManager.INSTANCE.getMicroservice().getProperties().put(DefinitionConst.INSTANCE_PUBKEY_PRO, rsaKeyPairEntry.getPublicKeyEncoded())",
                "dst": "null",
                "src_parent_type": "Block",
                "dst_parent_type": "null",
                "src_parent": "{\n    RegistrationManager.INSTANCE.getMicroservice().getProperties().put(DefinitionConst.INSTANCE_PUBKEY_PRO, rsaKeyPairEntry.getPublicKeyEncoded());\n}",
                "dst_parent": "null"
              },
              "line": 49,
              "file": "/home/khesoem/projects/lighter/exp/handlers/handler-publickey-auth/src/main/java/org/apache/servicecomb/AuthHandlerBoot.java"
            }
          ]
        },
        {
          "tool-name": "JGenProg",
          "pattern-name": "JGenProg:any_statement_shallow",
          "Unified_Diff_of-files:": "Starts Below...",
          "DELETE:": "import org.apache.servicecomb.registry.api.registry.Microservice;",
          "INSERT:": "import com.google.common.annotations.VisibleForTesting;",
          "CHANGE_old:": "  public static Cache\u0026lt;RSAAuthenticationToken, Boolean\u0026gt; getValidatedToken() {",
          "CHANGE_new:": "",
          "instance_detail": [
            {
              "pattern_action": "ANY",
              "pattern_entity": {
                "entity_type": "*",
                "entity_new value": "*",
                "entity_role": "Statement",
                "entity_parent": "null"
              },
              "concrete_change": {
                "operator": "DEL",
                "src_type": "If",
                "dst_type": "null",
                "src": "if (addMicroservicePublicKey()) {\n    RegistrationManager.INSTANCE.getMicroservice().getProperties().put(DefinitionConst.INSTANCE_PUBKEY_PRO, rsaKeyPairEntry.getPublicKeyEncoded());\n} else {\n    RegistrationManager.INSTANCE.getMicroserviceInstance().getProperties().put(DefinitionConst.INSTANCE_PUBKEY_PRO, rsaKeyPairEntry.getPublicKeyEncoded());\n}",
                "dst": "null",
                "src_parent_type": "Block",
                "dst_parent_type": "null",
                "src_parent": "{\n    if (!(EventType.BEFORE_REGISTRY.equals(event.getEventType()))) {\n        return;\n    }\n    org.apache.servicecomb.foundation.common.utils.RSAKeyPairEntry rsaKeyPairEntry \u003d org.apache.servicecomb.foundation.common.utils.RSAUtils.generateRSAKeyPair();\n    RSAKeypair4Auth.INSTANCE.setPrivateKey(rsaKeyPairEntry.getPrivateKey());\n    RSAKeypair4Auth.INSTANCE.setPublicKey(rsaKeyPairEntry.getPublicKey());\n    RSAKeypair4Auth.INSTANCE.setPublicKeyEncoded(rsaKeyPairEntry.getPublicKeyEncoded());\n    if (addMicroservicePublicKey()) {\n        RegistrationManager.INSTANCE.getMicroservice().getProperties().put(DefinitionConst.INSTANCE_PUBKEY_PRO, rsaKeyPairEntry.getPublicKeyEncoded());\n    } else {\n        RegistrationManager.INSTANCE.getMicroserviceInstance().getProperties().put(DefinitionConst.INSTANCE_PUBKEY_PRO, rsaKeyPairEntry.getPublicKeyEncoded());\n    }\n}",
                "dst_parent": "null"
              },
              "line": 48,
              "file": "/home/khesoem/projects/lighter/exp/handlers/handler-publickey-auth/src/main/java/org/apache/servicecomb/AuthHandlerBoot.java",
              "stats": {
                "number_of_src_entities": 58,
                "number_of_dst_entities": -1,
                "src_entity_types": "[DefinitionConst.INSTANCE_PUBKEY_PRO, org.apache.servicecomb.AuthHandlerBoot, org.apache.servicecomb.foundation.common.utils.RSAKeyPairEntry, RegistrationManager.INSTANCE]",
                "dst_entity_types": "[]"
              }
            }
          ]
        },
        {
          "tool-name": "JGenProg",
          "pattern-name": "JGenProg:any_statement_shallow",
          "Unified_Diff_of-files:": "Starts Below...",
          "DELETE:": "import org.apache.servicecomb.registry.api.registry.Microservice;",
          "INSERT:": "import com.google.common.annotations.VisibleForTesting;",
          "CHANGE_old:": "  public static Cache\u0026lt;RSAAuthenticationToken, Boolean\u0026gt; getValidatedToken() {",
          "CHANGE_new:": "",
          "instance_detail": [
            {
              "pattern_action": "ANY",
              "pattern_entity": {
                "entity_type": "*",
                "entity_new value": "*",
                "entity_role": "Statement",
                "entity_parent": "null"
              },
              "concrete_change": {
                "operator": "DEL",
                "src_type": "Return",
                "dst_type": "null",
                "src": "return com.netflix.config.DynamicPropertyFactory.getInstance().getBooleanProperty(\"servicecomb.publicKey.microservice.enabled\", true).get()",
                "dst": "null",
                "src_parent_type": "Block",
                "dst_parent_type": "null",
                "src_parent": "{\n    return com.netflix.config.DynamicPropertyFactory.getInstance().getBooleanProperty(\"servicecomb.publicKey.microservice.enabled\", true).get();\n}",
                "dst_parent": "null"
              },
              "line": 58,
              "file": "/home/khesoem/projects/lighter/exp/handlers/handler-publickey-auth/src/main/java/org/apache/servicecomb/AuthHandlerBoot.java"
            }
          ]
        }
      ]
    },
    {
      "revision": "b1948e193c7516a58dcc70f72adabb574171a0c4",
      "repairability": [
        {
          "tool-name": "JGenProg",
          "pattern-name": "JGenProg:any_statement_shallow",
          "Unified_Diff_of-files:": "Starts Below...",
          "DELETE:": "import org.apache.servicecomb.registry.api.registry.Microservice;",
          "INSERT:": "import com.google.common.annotations.VisibleForTesting;",
          "CHANGE_old:": "  public static Cache\u0026lt;RSAAuthenticationToken, Boolean\u0026gt; getValidatedToken() {",
          "CHANGE_new:": "",
          "instance_detail": [
            {
              "pattern_action": "ANY",
              "pattern_entity": {
                "entity_type": "*",
                "entity_new value": "*",
                "entity_role": "Statement",
                "entity_parent": "null"
              },
              "concrete_change": {
                "operator": "INS",
                "src_type": "Invocation",
                "dst_type": "null",
                "src": "userMap.put(\"u1\", user1)",
                "dst": "null",
                "src_parent_type": "Block",
                "dst_parent_type": "null",
                "src_parent": "{\n    org.apache.servicecomb.demo.server.User user1 \u003d new org.apache.servicecomb.demo.server.User();\n    user1.setNames(new java.lang.String[]{ \"u1\", \"u2\" });\n    org.apache.servicecomb.demo.server.User user2 \u003d new org.apache.servicecomb.demo.server.User();\n    user2.setNames(new java.lang.String[]{ \"u3\", \"u4\" });\n    java.util.Map\u003cjava.lang.String, org.apache.servicecomb.demo.server.User\u003e userMap \u003d new java.util.HashMap\u003c\u003e();\n    userMap.put(\"u1\", user1);\n    userMap.put(\"u2\", user2);\n    java.util.Map\u003cjava.lang.String, org.apache.servicecomb.demo.server.User\u003e result \u003d codeFirst.testUserMap(userMap);\n    org.apache.servicecomb.demo.TestMgr.check(\"u1\", result.get(\"u1\").getNames()[0]);\n    org.apache.servicecomb.demo.TestMgr.check(\"u2\", result.get(\"u1\").getNames()[1]);\n    org.apache.servicecomb.demo.TestMgr.check(\"u3\", result.get(\"u2\").getNames()[0]);\n    org.apache.servicecomb.demo.TestMgr.check(\"u4\", result.get(\"u2\").getNames()[1]);\n    userMap \u003d new java.util.HashMap();\n    userMap.put(\"u1\", user1);\n    userMap.put(\"u2\", null);\n    result \u003d codeFirst.testUserMap(userMap);\n    org.apache.servicecomb.demo.TestMgr.check(result.get(\"u1\").getNames()[0], \"u1\");\n    org.apache.servicecomb.demo.TestMgr.check(result.get(\"u1\").getNames()[1], \"u2\");\n    org.apache.servicecomb.demo.TestMgr.check(result.get(\"u2\"), null);\n}",
                "dst_parent": "null"
              },
              "line": 160,
              "file": "/home/khesoem/projects/lighter/exp/demo/demo-pojo/pojo-client/src/main/java/org/apache/servicecomb/demo/pojo/client/CodeFirstPojoClient.java",
              "stats": {
                "number_of_src_entities": 27,
                "number_of_dst_entities": -1,
                "src_entity_types": "[org.apache.servicecomb.demo.server.User, java.lang.String, java.util.Map\u003cjava.lang.String, org.apache.servicecomb.demo.server.User\u003e]",
                "dst_entity_types": "[]"
              }
            }
          ]
        },
        {
          "tool-name": "JGenProg",
          "pattern-name": "JGenProg:any_statement_shallow",
          "Unified_Diff_of-files:": "Starts Below...",
          "DELETE:": "import org.apache.servicecomb.registry.api.registry.Microservice;",
          "INSERT:": "import com.google.common.annotations.VisibleForTesting;",
          "CHANGE_old:": "  public static Cache\u0026lt;RSAAuthenticationToken, Boolean\u0026gt; getValidatedToken() {",
          "CHANGE_new:": "",
          "instance_detail": [
            {
              "pattern_action": "ANY",
              "pattern_entity": {
                "entity_type": "*",
                "entity_new value": "*",
                "entity_role": "Statement",
                "entity_parent": "null"
              },
              "concrete_change": {
                "operator": "DEL",
                "src_type": "Invocation",
                "dst_type": "null",
                "src": "org.apache.servicecomb.foundation.test.scaffolding.config.ArchaiusUtils.setProperty((\"servicecomb.references.transport.\" + microserviceName), transport)",
                "dst": "null",
                "src_parent_type": "Block",
                "dst_parent_type": "null",
                "src_parent": "{\n    org.apache.servicecomb.foundation.test.scaffolding.config.ArchaiusUtils.setProperty((\"servicecomb.references.transport.\" + microserviceName), transport);\n    org.apache.servicecomb.demo.TestMgr.setMsg(microserviceName, transport);\n    testAll(codeFirstAnnotation);\n    testAll(codeFirstAnnotationEmptySchemaId);\n    testAll(codeFirstFromXml);\n}",
                "dst_parent": "null"
              },
              "line": 54,
              "file": "/home/khesoem/projects/lighter/exp/demo/demo-pojo/pojo-client/src/main/java/org/apache/servicecomb/demo/pojo/client/CodeFirstPojoClient.java"
            }
          ]
        },
        {
          "tool-name": "JGenProg",
          "pattern-name": "JGenProg:any_statement_shallow",
          "Unified_Diff_of-files:": "Starts Below...",
          "DELETE:": "import org.apache.servicecomb.registry.api.registry.Microservice;",
          "INSERT:": "import com.google.common.annotations.VisibleForTesting;",
          "CHANGE_old:": "  public static Cache\u0026lt;RSAAuthenticationToken, Boolean\u0026gt; getValidatedToken() {",
          "CHANGE_new:": "",
          "instance_detail": [
            {
              "pattern_action": "ANY",
              "pattern_entity": {
                "entity_type": "*",
                "entity_new value": "*",
                "entity_role": "Statement",
                "entity_parent": "null"
              },
              "concrete_change": {
                "operator": "DEL",
                "src_type": "Invocation",
                "dst_type": "null",
                "src": "org.apache.servicecomb.demo.TestMgr.setMsg(microserviceName, transport)",
                "dst": "null",
                "src_parent_type": "Block",
                "dst_parent_type": "null",
                "src_parent": "{\n    org.apache.servicecomb.foundation.test.scaffolding.config.ArchaiusUtils.setProperty((\"servicecomb.references.transport.\" + microserviceName), transport);\n    org.apache.servicecomb.demo.TestMgr.setMsg(microserviceName, transport);\n    testAll(codeFirstAnnotation);\n    testAll(codeFirstAnnotationEmptySchemaId);\n    testAll(codeFirstFromXml);\n}",
                "dst_parent": "null"
              },
              "line": 55,
              "file": "/home/khesoem/projects/lighter/exp/demo/demo-pojo/pojo-client/src/main/java/org/apache/servicecomb/demo/pojo/client/CodeFirstPojoClient.java"
            }
          ]
        },
        {
          "tool-name": "JGenProg",
          "pattern-name": "JGenProg:any_statement_shallow",
          "Unified_Diff_of-files:": "Starts Below...",
          "DELETE:": "import org.apache.servicecomb.registry.api.registry.Microservice;",
          "INSERT:": "import com.google.common.annotations.VisibleForTesting;",
          "CHANGE_old:": "  public static Cache\u0026lt;RSAAuthenticationToken, Boolean\u0026gt; getValidatedToken() {",
          "CHANGE_new:": "",
          "instance_detail": [
            {
              "pattern_action": "ANY",
              "pattern_entity": {
                "entity_type": "*",
                "entity_new value": "*",
                "entity_role": "Statement",
                "entity_parent": "null"
              },
              "concrete_change": {
                "operator": "DEL",
                "src_type": "ForEach",
                "dst_type": "null",
                "src": "for (java.lang.String transport : org.apache.servicecomb.demo.DemoConst.transports) {\n    org.apache.servicecomb.foundation.test.scaffolding.config.ArchaiusUtils.setProperty((\"servicecomb.references.transport.\" + microserviceName), transport);\n    org.apache.servicecomb.demo.TestMgr.setMsg(microserviceName, transport);\n    testAll(codeFirstAnnotation);\n    testAll(codeFirstAnnotationEmptySchemaId);\n    testAll(codeFirstFromXml);\n}",
                "dst": "null",
                "src_parent_type": "Block",
                "dst_parent_type": "null",
                "src_parent": "{\n    for (java.lang.String transport : org.apache.servicecomb.demo.DemoConst.transports) {\n        org.apache.servicecomb.foundation.test.scaffolding.config.ArchaiusUtils.setProperty((\"servicecomb.references.transport.\" + microserviceName), transport);\n        org.apache.servicecomb.demo.TestMgr.setMsg(microserviceName, transport);\n        testAll(codeFirstAnnotation);\n        testAll(codeFirstAnnotationEmptySchemaId);\n        testAll(codeFirstFromXml);\n    }\n    org.apache.servicecomb.foundation.test.scaffolding.config.ArchaiusUtils.setProperty((\"servicecomb.references.transport.\" + microserviceName), \"rest\");\n    testOnlyRest(codeFirstAnnotation);\n}",
                "dst_parent": "null"
              },
              "line": 53,
              "file": "/home/khesoem/projects/lighter/exp/demo/demo-pojo/pojo-client/src/main/java/org/apache/servicecomb/demo/pojo/client/CodeFirstPojoClient.java"
            }
          ]
        },
        {
          "tool-name": "JGenProg",
          "pattern-name": "JGenProg:any_statement_deep",
          "Unified_Diff_of-files:": "Starts Below...",
          "DELETE:": "import org.apache.servicecomb.registry.api.registry.Microservice;",
          "INSERT:": "import com.google.common.annotations.VisibleForTesting;",
          "CHANGE_old:": "  public static Cache\u0026lt;RSAAuthenticationToken, Boolean\u0026gt; getValidatedToken() {",
          "CHANGE_new:": "",
          "instance_detail": [
            {
              "pattern_action": "ANY",
              "pattern_entity": {
                "entity_type": "*",
                "entity_new value": "*",
                "entity_role": "*",
                "entity_parent": {
                  "entity_type": "*",
                  "entity_new value": "*",
                  "entity_role": "Statement",
                  "entity_parent": "null"
                }
              },
              "concrete_change": {
                "operator": "INS",
                "src_type": "Invocation",
                "dst_type": "null",
                "src": "result.get(\"u2\")",
                "dst": "null",
                "src_parent_type": "Invocation",
                "dst_parent_type": "null",
                "src_parent": "org.apache.servicecomb.demo.TestMgr.check(result.get(\"u2\"), \"u2\")",
                "dst_parent": "null"
              },
              "line": 139,
              "file": "/home/khesoem/projects/lighter/exp/demo/demo-pojo/pojo-client/src/main/java/org/apache/servicecomb/demo/pojo/client/CodeFirstPojoClient.java"
            }
          ]
        }
      ]
    },
    {
      "revision": "b1948e193c7516a58dcc70f72adabb574171a0c4",
      "repairability": [
        {
          "tool-name": "JGenProg",
          "pattern-name": "JGenProg:any_statement_shallow",
          "Unified_Diff_of-files:": "Starts Below...",
          "DELETE:": "import org.apache.servicecomb.registry.api.registry.Microservice;",
          "INSERT:": "import com.google.common.annotations.VisibleForTesting;",
          "CHANGE_old:": "  public static Cache\u0026lt;RSAAuthenticationToken, Boolean\u0026gt; getValidatedToken() {",
          "CHANGE_new:": "",
          "instance_detail": [
            {
              "pattern_action": "ANY",
              "pattern_entity": {
                "entity_type": "*",
                "entity_new value": "*",
                "entity_role": "Statement",
                "entity_parent": "null"
              },
              "concrete_change": {
                "operator": "DEL",
                "src_type": "Assignment",
                "dst_type": "null",
                "src": "publicKey \u003d getPublicKeyFromInstance(rsaToken.getInstanceId(), rsaToken.getServiceId())",
                "dst": "null",
                "src_parent_type": "Block",
                "dst_parent_type": "null",
                "src_parent": "{\n    publicKey \u003d getPublicKeyFromInstance(rsaToken.getInstanceId(), rsaToken.getServiceId());\n}",
                "dst_parent": "null"
              },
              "line": 81,
              "file": "/home/khesoem/projects/lighter/exp/handlers/handler-publickey-auth/src/main/java/org/apache/servicecomb/authentication/provider/RSAProviderTokenManager.java"
            }
          ]
        },
        {
          "tool-name": "JGenProg",
          "pattern-name": "JGenProg:any_statement_shallow",
          "Unified_Diff_of-files:": "Starts Below...",
          "DELETE:": "import org.apache.servicecomb.registry.api.registry.Microservice;",
          "INSERT:": "import com.google.common.annotations.VisibleForTesting;",
          "CHANGE_old:": "  public static Cache\u0026lt;RSAAuthenticationToken, Boolean\u0026gt; getValidatedToken() {",
          "CHANGE_new:": "",
          "instance_detail": [
            {
              "pattern_action": "ANY",
              "pattern_entity": {
                "entity_type": "*",
                "entity_new value": "*",
                "entity_role": "Statement",
                "entity_parent": "null"
              },
              "concrete_change": {
                "operator": "DEL",
                "src_type": "If",
                "dst_type": "null",
                "src": "if (org.apache.commons.lang3.StringUtils.isEmpty(publicKey)) {\n    publicKey \u003d getPublicKeyFromInstance(rsaToken.getInstanceId(), rsaToken.getServiceId());\n}",
                "dst": "null",
                "src_parent_type": "Block",
                "dst_parent_type": "null",
                "src_parent": "{\n    java.lang.String sign \u003d rsaToken.getSign();\n    java.lang.String content \u003d rsaToken.plainToken();\n    java.lang.String publicKey \u003d getPublicKeyFromMicroservice(rsaToken.getServiceId());\n    if (org.apache.commons.lang3.StringUtils.isEmpty(publicKey)) {\n        publicKey \u003d getPublicKeyFromInstance(rsaToken.getInstanceId(), rsaToken.getServiceId());\n    }\n    return org.apache.servicecomb.foundation.common.utils.RSAUtils.verify(publicKey, sign, content);\n}",
                "dst_parent": "null"
              },
              "line": 80,
              "file": "/home/khesoem/projects/lighter/exp/handlers/handler-publickey-auth/src/main/java/org/apache/servicecomb/authentication/provider/RSAProviderTokenManager.java",
              "stats": {
                "number_of_src_entities": 55,
                "number_of_dst_entities": -1,
                "src_entity_types": "[org.apache.servicecomb.authentication.RSAAuthenticationToken, org.apache.servicecomb.authentication.provider.RSAProviderTokenManager, org.apache.commons.lang3.StringUtils, java.lang.String]",
                "dst_entity_types": "[]"
              }
            }
          ]
        },
        {
          "tool-name": "JGenProg",
          "pattern-name": "JGenProg:any_statement_shallow",
          "Unified_Diff_of-files:": "Starts Below...",
          "DELETE:": "import org.apache.servicecomb.registry.api.registry.Microservice;",
          "INSERT:": "import com.google.common.annotations.VisibleForTesting;",
          "CHANGE_old:": "  public static Cache\u0026lt;RSAAuthenticationToken, Boolean\u0026gt; getValidatedToken() {",
          "CHANGE_new:": "",
          "instance_detail": [
            {
              "pattern_action": "ANY",
              "pattern_entity": {
                "entity_type": "*",
                "entity_new value": "*",
                "entity_role": "Statement",
                "entity_parent": "null"
              },
              "concrete_change": {
                "operator": "DEL",
                "src_type": "LocalVariable",
                "dst_type": "null",
                "src": "org.apache.servicecomb.registry.api.registry.Microservice microservice \u003d org.apache.servicecomb.registry.cache.MicroserviceInstanceCache.getOrCreate(serviceId)",
                "dst": "null",
                "src_parent_type": "Block",
                "dst_parent_type": "null",
                "src_parent": "{\n    org.apache.servicecomb.registry.api.registry.Microservice microservice \u003d org.apache.servicecomb.registry.cache.MicroserviceInstanceCache.getOrCreate(serviceId);\n    if (microservice !\u003d null) {\n        return microservice.getProperties().get(DefinitionConst.INSTANCE_PUBKEY_PRO);\n    } else {\n        org.apache.servicecomb.authentication.provider.RSAProviderTokenManager.LOGGER.error(\"not instance found {}, maybe attack\", serviceId);\n        return \"\";\n    }\n}",
                "dst_parent": "null"
              },
              "line": 108,
              "file": "/home/khesoem/projects/lighter/exp/handlers/handler-publickey-auth/src/main/java/org/apache/servicecomb/authentication/provider/RSAProviderTokenManager.java"
            }
          ]
        },
        {
          "tool-name": "JGenProg",
          "pattern-name": "JGenProg:any_statement_shallow",
          "Unified_Diff_of-files:": "Starts Below...",
          "DELETE:": "import org.apache.servicecomb.registry.api.registry.Microservice;",
          "INSERT:": "import com.google.common.annotations.VisibleForTesting;",
          "CHANGE_old:": "  public static Cache\u0026lt;RSAAuthenticationToken, Boolean\u0026gt; getValidatedToken() {",
          "CHANGE_new:": "",
          "instance_detail": [
            {
              "pattern_action": "ANY",
              "pattern_entity": {
                "entity_type": "*",
                "entity_new value": "*",
                "entity_role": "Statement",
                "entity_parent": "null"
              },
              "concrete_change": {
                "operator": "DEL",
                "src_type": "Return",
                "dst_type": "null",
                "src": "return microservice.getProperties().get(DefinitionConst.INSTANCE_PUBKEY_PRO)",
                "dst": "null",
                "src_parent_type": "Block",
                "dst_parent_type": "null",
                "src_parent": "{\n    return microservice.getProperties().get(DefinitionConst.INSTANCE_PUBKEY_PRO);\n}",
                "dst_parent": "null"
              },
              "line": 110,
              "file": "/home/khesoem/projects/lighter/exp/handlers/handler-publickey-auth/src/main/java/org/apache/servicecomb/authentication/provider/RSAProviderTokenManager.java"
            }
          ]
        },
        {
          "tool-name": "JGenProg",
          "pattern-name": "JGenProg:any_statement_shallow",
          "Unified_Diff_of-files:": "Starts Below...",
          "DELETE:": "import org.apache.servicecomb.registry.api.registry.Microservice;",
          "INSERT:": "import com.google.common.annotations.VisibleForTesting;",
          "CHANGE_old:": "  public static Cache\u0026lt;RSAAuthenticationToken, Boolean\u0026gt; getValidatedToken() {",
          "CHANGE_new:": "",
          "instance_detail": [
            {
              "pattern_action": "ANY",
              "pattern_entity": {
                "entity_type": "*",
                "entity_new value": "*",
                "entity_role": "Statement",
                "entity_parent": "null"
              },
              "concrete_change": {
                "operator": "DEL",
                "src_type": "Invocation",
                "dst_type": "null",
                "src": "org.apache.servicecomb.authentication.provider.RSAProviderTokenManager.LOGGER.error(\"not instance found {}, maybe attack\", serviceId)",
                "dst": "null",
                "src_parent_type": "Block",
                "dst_parent_type": "null",
                "src_parent": "{\n    org.apache.servicecomb.authentication.provider.RSAProviderTokenManager.LOGGER.error(\"not instance found {}, maybe attack\", serviceId);\n    return \"\";\n}",
                "dst_parent": "null"
              },
              "line": 112,
              "file": "/home/khesoem/projects/lighter/exp/handlers/handler-publickey-auth/src/main/java/org/apache/servicecomb/authentication/provider/RSAProviderTokenManager.java"
            }
          ]
        },
        {
          "tool-name": "JGenProg",
          "pattern-name": "JGenProg:any_statement_shallow",
          "Unified_Diff_of-files:": "Starts Below...",
          "DELETE:": "import org.apache.servicecomb.registry.api.registry.Microservice;",
          "INSERT:": "import com.google.common.annotations.VisibleForTesting;",
          "CHANGE_old:": "  public static Cache\u0026lt;RSAAuthenticationToken, Boolean\u0026gt; getValidatedToken() {",
          "CHANGE_new:": "",
          "instance_detail": [
            {
              "pattern_action": "ANY",
              "pattern_entity": {
                "entity_type": "*",
                "entity_new value": "*",
                "entity_role": "Statement",
                "entity_parent": "null"
              },
              "concrete_change": {
                "operator": "DEL",
                "src_type": "Return",
                "dst_type": "null",
                "src": "return \"\"",
                "dst": "null",
                "src_parent_type": "Block",
                "dst_parent_type": "null",
                "src_parent": "{\n    org.apache.servicecomb.authentication.provider.RSAProviderTokenManager.LOGGER.error(\"not instance found {}, maybe attack\", serviceId);\n    return \"\";\n}",
                "dst_parent": "null"
              },
              "line": 113,
              "file": "/home/khesoem/projects/lighter/exp/handlers/handler-publickey-auth/src/main/java/org/apache/servicecomb/authentication/provider/RSAProviderTokenManager.java"
            }
          ]
        },
        {
          "tool-name": "JGenProg",
          "pattern-name": "JGenProg:any_statement_shallow",
          "Unified_Diff_of-files:": "Starts Below...",
          "DELETE:": "import org.apache.servicecomb.registry.api.registry.Microservice;",
          "INSERT:": "import com.google.common.annotations.VisibleForTesting;",
          "CHANGE_old:": "  public static Cache\u0026lt;RSAAuthenticationToken, Boolean\u0026gt; getValidatedToken() {",
          "CHANGE_new:": "",
          "instance_detail": [
            {
              "pattern_action": "ANY",
              "pattern_entity": {
                "entity_type": "*",
                "entity_new value": "*",
                "entity_role": "Statement",
                "entity_parent": "null"
              },
              "concrete_change": {
                "operator": "DEL",
                "src_type": "If",
                "dst_type": "null",
                "src": "if (microservice !\u003d null) {\n    return microservice.getProperties().get(DefinitionConst.INSTANCE_PUBKEY_PRO);\n} else {\n    org.apache.servicecomb.authentication.provider.RSAProviderTokenManager.LOGGER.error(\"not instance found {}, maybe attack\", serviceId);\n    return \"\";\n}",
                "dst": "null",
                "src_parent_type": "Block",
                "dst_parent_type": "null",
                "src_parent": "{\n    org.apache.servicecomb.registry.api.registry.Microservice microservice \u003d org.apache.servicecomb.registry.cache.MicroserviceInstanceCache.getOrCreate(serviceId);\n    if (microservice !\u003d null) {\n        return microservice.getProperties().get(DefinitionConst.INSTANCE_PUBKEY_PRO);\n    } else {\n        org.apache.servicecomb.authentication.provider.RSAProviderTokenManager.LOGGER.error(\"not instance found {}, maybe attack\", serviceId);\n        return \"\";\n    }\n}",
                "dst_parent": "null"
              },
              "line": 109,
              "file": "/home/khesoem/projects/lighter/exp/handlers/handler-publickey-auth/src/main/java/org/apache/servicecomb/authentication/provider/RSAProviderTokenManager.java"
            }
          ]
        }
      ]
    },
    {
      "revision": "b1948e193c7516a58dcc70f72adabb574171a0c4",
      "repairability": [
        {
          "tool-name": "JGenProg",
          "pattern-name": "JGenProg:any_statement_shallow",
          "Unified_Diff_of-files:": "Starts Below...",
          "DELETE:": "import org.apache.servicecomb.registry.api.registry.Microservice;",
          "INSERT:": "import com.google.common.annotations.VisibleForTesting;",
          "CHANGE_old:": "  public static Cache\u0026lt;RSAAuthenticationToken, Boolean\u0026gt; getValidatedToken() {",
          "CHANGE_new:": "",
          "instance_detail": [
            {
              "pattern_action": "ANY",
              "pattern_entity": {
                "entity_type": "*",
                "entity_new value": "*",
                "entity_role": "Statement",
                "entity_parent": "null"
              },
              "concrete_change": {
                "operator": "DEL",
                "src_type": "Invocation",
                "dst_type": "null",
                "src": "org.apache.servicecomb.demo.pojo.client.PojoClient.codeFirstPojoClient.testCodeFirst(microserviceName)",
                "dst": "null",
                "src_parent_type": "Block",
                "dst_parent_type": "null",
                "src_parent": "{\n    org.apache.servicecomb.demo.pojo.client.PojoClient.testHttpClientsIsOk();\n    org.apache.servicecomb.demo.CategorizedTestCaseRunner.runCategorizedTestCase(\"pojo\");\n    org.apache.servicecomb.demo.pojo.client.PojoClient.smartcare \u003d org.apache.servicecomb.foundation.common.utils.BeanUtils.getBean(\"smartcare\");\n    java.lang.String microserviceName \u003d \"pojo\";\n    org.apache.servicecomb.demo.pojo.client.PojoClient.codeFirstPojoClient.testCodeFirst(microserviceName);\n    for (java.lang.String transport : org.apache.servicecomb.demo.DemoConst.transports) {\n        org.apache.servicecomb.foundation.test.scaffolding.config.ArchaiusUtils.setProperty((\"servicecomb.references.transport.\" + microserviceName), transport);\n        org.apache.servicecomb.demo.TestMgr.setMsg(microserviceName, transport);\n        org.apache.servicecomb.demo.pojo.client.PojoClient.LOGGER.info(\"test {}, transport {}\", microserviceName, transport);\n        org.apache.servicecomb.demo.pojo.client.PojoClient.testContextClassLoaderIsNull();\n        org.apache.servicecomb.demo.pojo.client.PojoClient.testNull(org.apache.servicecomb.demo.pojo.client.PojoClient.testFromXml);\n        org.apache.servicecomb.demo.pojo.client.PojoClient.testNull(org.apache.servicecomb.demo.pojo.client.PojoClient.test);\n        org.apache.servicecomb.foundation.test.scaffolding.config.ArchaiusUtils.setProperty(\"servicecomb.loadbalance.strategy.name\", \"WeightedResponse\");\n        org.apache.servicecomb.demo.pojo.client.PojoClient.testStringArray(org.apache.servicecomb.demo.pojo.client.PojoClient.test);\n        org.apache.servicecomb.foundation.test.scaffolding.config.ArchaiusUtils.setProperty(\"servicecomb.loadbalance.strategy.name\", \"RoundRobin\");\n        org.apache.servicecomb.demo.pojo.client.PojoClient.testStringArray(org.apache.servicecomb.demo.pojo.client.PojoClient.test);\n        boolean checkerDestroyed \u003d true;\n        for (int i \u003d 0; i \u003c 3; i++) {\n            checkerDestroyed \u003d true;\n            java.util.Set\u003cjava.lang.Thread\u003e allThreads \u003d java.lang.Thread.getAllStackTraces().keySet();\n            for (java.lang.Thread t : allThreads) {\n                if (t.getName().equals(\"NFLoadBalancer-serverWeightTimer-unknown\")) {\n                    checkerDestroyed \u003d false;\n                    java.lang.Thread.sleep(1000);\n                }\n            }\n        }\n        org.apache.servicecomb.demo.TestMgr.check(checkerDestroyed, true);\n        org.apache.servicecomb.demo.pojo.client.PojoClient.testChinese(org.apache.servicecomb.demo.pojo.client.PojoClient.test);\n        org.apache.servicecomb.demo.pojo.client.PojoClient.testStringHaveSpace(org.apache.servicecomb.demo.pojo.client.PojoClient.test);\n        org.apache.servicecomb.demo.pojo.client.PojoClient.testWrapParam(org.apache.servicecomb.demo.pojo.client.PojoClient.test);\n        org.apache.servicecomb.demo.pojo.client.PojoClient.testSplitParam(org.apache.servicecomb.demo.pojo.client.PojoClient.test);\n        org.apache.servicecomb.demo.pojo.client.PojoClient.testInputArray(org.apache.servicecomb.demo.pojo.client.PojoClient.test);\n        org.apache.servicecomb.demo.pojo.client.PojoClient.testException(org.apache.servicecomb.demo.pojo.client.PojoClient.test);\n        org.apache.servicecomb.demo.pojo.client.PojoClient.testSmartCare(org.apache.servicecomb.demo.pojo.client.PojoClient.smartcare);\n        org.apache.servicecomb.demo.pojo.client.PojoClient.testCommonInvoke(transport);\n        if (\"rest\".equals(transport)) {\n            org.apache.servicecomb.demo.pojo.client.PojoClient.testTraceIdOnNotSetBefore();\n            org.apache.servicecomb.demo.pojo.client.PojoClient.testNullRest(org.apache.servicecomb.demo.pojo.client.PojoClient.test);\n            org.apache.servicecomb.demo.pojo.client.PojoClient.testExceptionRest(org.apache.servicecomb.demo.pojo.client.PojoClient.test);\n            org.apache.servicecomb.demo.pojo.client.PojoClient.testEmptyRest(org.apache.servicecomb.demo.pojo.client.PojoClient.test);\n        } else\n            if (\"highway\".equals(transport)) {\n                org.apache.servicecomb.demo.pojo.client.PojoClient.testNullHighway(org.apache.servicecomb.demo.pojo.client.PojoClient.test);\n                org.apache.servicecomb.demo.pojo.client.PojoClient.testEmptyHighway(org.apache.servicecomb.demo.pojo.client.PojoClient.test);\n            }\n\n        org.apache.servicecomb.demo.pojo.client.PojoClient.testTraceIdOnContextContainsTraceId();\n    }\n}",
                "dst_parent": "null"
              },
              "line": 117,
              "file": "/home/khesoem/projects/lighter/exp/demo/demo-pojo/pojo-client/src/main/java/org/apache/servicecomb/demo/pojo/client/PojoClient.java",
              "stats": {
                "number_of_src_entities": 19,
                "number_of_dst_entities": -1,
                "src_entity_types": "[org.apache.servicecomb.demo.pojo.client.CodeFirstPojoClient, org.apache.servicecomb.demo.pojo.client.PojoClient, java.lang.String]",
                "dst_entity_types": "[]"
              }
            }
          ]
        },
        {
          "tool-name": "JGenProg",
          "pattern-name": "JGenProg:any_statement_shallow",
          "Unified_Diff_of-files:": "Starts Below...",
          "DELETE:": "import org.apache.servicecomb.registry.api.registry.Microservice;",
          "INSERT:": "import com.google.common.annotations.VisibleForTesting;",
          "CHANGE_old:": "  public static Cache\u0026lt;RSAAuthenticationToken, Boolean\u0026gt; getValidatedToken() {",
          "CHANGE_new:": "",
          "instance_detail": [
            {
              "pattern_action": "ANY",
              "pattern_entity": {
                "entity_type": "*",
                "entity_new value": "*",
                "entity_role": "Statement",
                "entity_parent": "null"
              },
              "concrete_change": {
                "operator": "DEL",
                "src_type": "Assignment",
                "dst_type": "null",
                "src": "org.apache.servicecomb.demo.pojo.client.PojoClient.codeFirstPojoClient \u003d codeFirstPojoClient",
                "dst": "null",
                "src_parent_type": "Block",
                "dst_parent_type": "null",
                "src_parent": "{\n    org.apache.servicecomb.demo.pojo.client.PojoClient.codeFirstPojoClient \u003d codeFirstPojoClient;\n}",
                "dst_parent": "null"
              },
              "line": 356,
              "file": "/home/khesoem/projects/lighter/exp/demo/demo-pojo/pojo-client/src/main/java/org/apache/servicecomb/demo/pojo/client/PojoClient.java"
            }
          ]
        }
      ]
    },
    {
      "revision": "b1948e193c7516a58dcc70f72adabb574171a0c4",
      "repairability": [
        {
          "tool-name": "JGenProg",
          "pattern-name": "JGenProg:any_statement_shallow",
          "Unified_Diff_of-files:": "Starts Below...",
          "DELETE:": "import org.apache.servicecomb.registry.api.registry.Microservice;",
          "INSERT:": "import com.google.common.annotations.VisibleForTesting;",
          "CHANGE_old:": "  public static Cache\u0026lt;RSAAuthenticationToken, Boolean\u0026gt; getValidatedToken() {",
          "CHANGE_new:": "",
          "instance_detail": [
            {
              "pattern_action": "ANY",
              "pattern_entity": {
                "entity_type": "*",
                "entity_new value": "*",
                "entity_role": "Statement",
                "entity_parent": "null"
              },
              "concrete_change": {
                "operator": "DEL",
                "src_type": "Assignment",
                "dst_type": "null",
                "src": "this.serviceId \u003d serviceId",
                "dst": "null",
                "src_parent_type": "Block",
                "dst_parent_type": "null",
                "src_parent": "{\n    this.serviceId \u003d serviceId;\n}",
                "dst_parent": "null"
              },
              "line": 94,
              "file": "/home/khesoem/projects/lighter/exp/handlers/handler-publickey-auth/src/main/java/org/apache/servicecomb/authentication/RSAAuthenticationToken.java"
            }
          ]
        },
        {
          "tool-name": "JGenProg",
          "pattern-name": "JGenProg:any_statement_deep",
          "Unified_Diff_of-files:": "Starts Below...",
          "DELETE:": "import org.apache.servicecomb.registry.api.registry.Microservice;",
          "INSERT:": "import com.google.common.annotations.VisibleForTesting;",
          "CHANGE_old:": "  public static Cache\u0026lt;RSAAuthenticationToken, Boolean\u0026gt; getValidatedToken() {",
          "CHANGE_new:": "",
          "instance_detail": [
            {
              "pattern_action": "ANY",
              "pattern_entity": {
                "entity_type": "*",
                "entity_new value": "*",
                "entity_role": "*",
                "entity_parent": {
                  "entity_type": "*",
                  "entity_new value": "*",
                  "entity_role": "Statement",
                  "entity_parent": "null"
                }
              },
              "concrete_change": {
                "operator": "INS",
                "src_type": "ThisAccess",
                "dst_type": "null",
                "src": "this",
                "dst": "null",
                "src_parent_type": "FieldRead",
                "dst_parent_type": "null",
                "src_parent": "this.instanceId",
                "dst_parent": "null"
              },
              "line": 56,
              "file": "/home/khesoem/projects/lighter/exp/handlers/handler-publickey-auth/src/main/java/org/apache/servicecomb/authentication/RSAAuthenticationToken.java",
              "stats": {
                "number_of_src_entities": 6,
                "number_of_dst_entities": -1,
                "src_entity_types": "[org.apache.servicecomb.authentication.RSAAuthenticationToken]",
                "dst_entity_types": "[]"
              }
            }
          ]
        }
      ]
    }
  ],
  "complete_analysis": true
}