{
  "instances": [
    {
      "revision": "cf7afb3b1a04db7141d9730fc8070e3e4f026af1",
      "repairability": [
        {
          "tool-name": "JGenProg",
          "pattern-name": "JGenProg:any_statement_shallow",
          "Unified_Diff_of-files:": "Starts Below...",
          "INSERT:": "    setStrictEncoding(true);",
          "instance_detail": [
            {
              "pattern_action": "ANY",
              "pattern_entity": {
                "entity_type": "*",
                "entity_new value": "*",
                "entity_role": "Statement",
                "entity_parent": "null"
              },
              "concrete_change": {
                "operator": "DEL",
                "src_type": "LocalVariable",
                "dst_type": "null",
                "src": "java.lang.String value \u003d com.fasterxml.jackson.databind.util.ISO8601Utils.format(date, true)",
                "dst": "null",
                "src_parent_type": "Block",
                "dst_parent_type": "null",
                "src_parent": "{\n    java.lang.String value \u003d com.fasterxml.jackson.databind.util.ISO8601Utils.format(date, true);\n    toAppendTo.append(value);\n    return toAppendTo;\n}",
                "dst_parent": "null"
              },
              "line": 61,
              "file": "/home/khesoem/projects/lighter/exp/foundations/foundation-common/src/main/java/org/apache/servicecomb/foundation/common/utils/RestObjectMapper.java"
            }
          ]
        },
        {
          "tool-name": "JGenProg",
          "pattern-name": "JGenProg:any_statement_shallow",
          "Unified_Diff_of-files:": "Starts Below...",
          "INSERT:": "    setStrictEncoding(true);",
          "instance_detail": [
            {
              "pattern_action": "ANY",
              "pattern_entity": {
                "entity_type": "*",
                "entity_new value": "*",
                "entity_role": "Statement",
                "entity_parent": "null"
              },
              "concrete_change": {
                "operator": "DEL",
                "src_type": "Invocation",
                "dst_type": "null",
                "src": "toAppendTo.append(value)",
                "dst": "null",
                "src_parent_type": "Block",
                "dst_parent_type": "null",
                "src_parent": "{\n    java.lang.String value \u003d com.fasterxml.jackson.databind.util.ISO8601Utils.format(date, true);\n    toAppendTo.append(value);\n    return toAppendTo;\n}",
                "dst_parent": "null"
              },
              "line": 62,
              "file": "/home/khesoem/projects/lighter/exp/foundations/foundation-common/src/main/java/org/apache/servicecomb/foundation/common/utils/RestObjectMapper.java"
            }
          ]
        },
        {
          "tool-name": "JGenProg",
          "pattern-name": "JGenProg:any_statement_shallow",
          "Unified_Diff_of-files:": "Starts Below...",
          "INSERT:": "    setStrictEncoding(true);",
          "instance_detail": [
            {
              "pattern_action": "ANY",
              "pattern_entity": {
                "entity_type": "*",
                "entity_new value": "*",
                "entity_role": "Statement",
                "entity_parent": "null"
              },
              "concrete_change": {
                "operator": "DEL",
                "src_type": "Return",
                "dst_type": "null",
                "src": "return toAppendTo",
                "dst": "null",
                "src_parent_type": "Block",
                "dst_parent_type": "null",
                "src_parent": "{\n    java.lang.String value \u003d com.fasterxml.jackson.databind.util.ISO8601Utils.format(date, true);\n    toAppendTo.append(value);\n    return toAppendTo;\n}",
                "dst_parent": "null"
              },
              "line": 63,
              "file": "/home/khesoem/projects/lighter/exp/foundations/foundation-common/src/main/java/org/apache/servicecomb/foundation/common/utils/RestObjectMapper.java"
            }
          ]
        }
      ]
    }
  ],
  "complete_analysis": true
}