{
  "instances": [
    {
      "revision": "076bfacd7da3fee179dc840a82f8d9da62b42546",
      "repairability": [
        {
          "tool-name": "Elixir",
          "pattern-name": "Elixir:update_invocation",
          "Unified_Diff_of-files:": "Starts Below...",
          "DELETE:": "    @Override",
          "CHANGE_old:": "",
          "CHANGE_new:": "                .build());",
          "INSERT:": "     * @param edgeSupplier the edge supplier",
          "instance_detail": [
            {
              "pattern_action": "UPD",
              "pattern_entity": {
                "entity_type": "AbstractInvocation",
                "entity_new value": "*",
                "entity_role": "*",
                "entity_parent": "null"
              },
              "concrete_change": {
                "operator": "UPD",
                "src_type": "ConstructorCall",
                "dst_type": "ConstructorCall",
                "src": "new org.jgrapht.graph.DefaultGraphType.Builder()",
                "dst": "new org.jgrapht.graph.DirectedAcyclicGraph.TopoVertexBiMap\u003c\u003e()",
                "src_parent_type": "Invocation",
                "dst_parent_type": "Invocation",
                "src_parent": "new org.jgrapht.graph.DefaultGraphType.Builder().directed()",
                "dst_parent": "this(vertexSupplier, edgeSupplier, new org.jgrapht.graph.DirectedAcyclicGraph.VisitedBitSetImpl(), new org.jgrapht.graph.DirectedAcyclicGraph.TopoVertexBiMap\u003c\u003e(), weighted, allowMultipleEdges)"
              },
              "line": 166,
              "file": "/home/khesoem/projects/lighter/exp/jgrapht-core/src/main/java/org/jgrapht/graph/DirectedAcyclicGraph.java",
              "stats": {
                "number_of_src_entities": 10,
                "number_of_dst_entities": 9,
                "src_entity_types": "[org.jgrapht.graph.DefaultGraphType.Builder, org.jgrapht.graph.DefaultGraphType]",
                "dst_entity_types": "[org.jgrapht.graph.DirectedAcyclicGraph.TopoVertexBiMap, org.jgrapht.graph.DirectedAcyclicGraph]"
              }
            }
          ]
        },
        {
          "tool-name": "Elixir",
          "pattern-name": "Elixir:Insert_Invocation",
          "Unified_Diff_of-files:": "Starts Below...",
          "DELETE:": "    @Override",
          "CHANGE_old:": "",
          "CHANGE_new:": "                .build());",
          "INSERT:": "     * @param edgeSupplier the edge supplier",
          "instance_detail": [
            {
              "pattern_action": "INS",
              "pattern_entity": {
                "entity_type": "AbstractInvocation",
                "entity_new value": "*",
                "entity_role": "*",
                "entity_parent": "null"
              },
              "concrete_change": {
                "operator": "INS",
                "src_type": "Invocation",
                "dst_type": "null",
                "src": "new org.jgrapht.graph.DefaultGraphType.Builder().directed().allowMultipleEdges(allowMultipleEdges).allowSelfLoops(false).weighted(weighted).allowCycles(false).build()",
                "dst": "null",
                "src_parent_type": "Invocation",
                "dst_parent_type": "null",
                "src_parent": "super(vertexSupplier, edgeSupplier, new org.jgrapht.graph.DefaultGraphType.Builder().directed().allowMultipleEdges(allowMultipleEdges).allowSelfLoops(false).weighted(weighted).allowCycles(false).build())",
                "dst_parent": "null"
              },
              "line": 164,
              "file": "/home/khesoem/projects/lighter/exp/jgrapht-core/src/main/java/org/jgrapht/graph/DirectedAcyclicGraph.java",
              "stats": {
                "number_of_src_entities": 38,
                "number_of_dst_entities": -1,
                "src_entity_types": "[org.jgrapht.graph.DefaultGraphType.Builder, DefaultGraphType.Builder, boolean, org.jgrapht.graph.DefaultGraphType]",
                "dst_entity_types": "[]"
              }
            }
          ]
        },
        {
          "tool-name": "Elixir",
          "pattern-name": "Elixir:Insert_Invocation",
          "Unified_Diff_of-files:": "Starts Below...",
          "DELETE:": "    @Override",
          "CHANGE_old:": "",
          "CHANGE_new:": "                .build());",
          "INSERT:": "     * @param edgeSupplier the edge supplier",
          "instance_detail": [
            {
              "pattern_action": "INS",
              "pattern_entity": {
                "entity_type": "AbstractInvocation",
                "entity_new value": "*",
                "entity_role": "*",
                "entity_parent": "null"
              },
              "concrete_change": {
                "operator": "INS",
                "src_type": "ConstructorCall",
                "dst_type": "null",
                "src": "new org.jgrapht.graph.DefaultGraphType.Builder()",
                "dst": "null",
                "src_parent_type": "Invocation",
                "dst_parent_type": "null",
                "src_parent": "new org.jgrapht.graph.DefaultGraphType.Builder().directed()",
                "dst_parent": "null"
              },
              "line": 164,
              "file": "/home/khesoem/projects/lighter/exp/jgrapht-core/src/main/java/org/jgrapht/graph/DirectedAcyclicGraph.java",
              "stats": {
                "number_of_src_entities": 10,
                "number_of_dst_entities": -1,
                "src_entity_types": "[org.jgrapht.graph.DefaultGraphType.Builder, org.jgrapht.graph.DefaultGraphType]",
                "dst_entity_types": "[]"
              }
            }
          ]
        }
      ]
    }
  ],
  "complete_analysis": true
}