{
  "instances": [
    {
      "revision": "9ed70ebf10a32f5edd202d4a5b802d79653e7974",
      "repairability": [
        {
          "tool-name": "Elixir",
          "pattern-name": "Elixir:update_type_ref",
          "Unified_Diff_of-files:": "Starts Below...",
          "CHANGE_old:": "import org.apache.commons.lang3.*;",
          "CHANGE_new:": "import org.apache.commons.text.*;",
          "instance_detail": [
            {
              "pattern_action": "UPD",
              "pattern_entity": {
                "entity_type": "TypeReference",
                "entity_new value": "*",
                "entity_role": "*",
                "entity_parent": "null"
              },
              "concrete_change": {
                "operator": "UPD",
                "src_type": "TypeReference",
                "dst_type": "TypeReference",
                "src": "org.apache.commons.lang3.text.translate.CharSequenceTranslator",
                "dst": "org.jgrapht.io.CharSequenceTranslator",
                "src_parent_type": "Field",
                "dst_parent_type": "Field",
                "src_parent": "private static final org.apache.commons.lang3.text.translate.CharSequenceTranslator UNESCAPE_ID \u003d new org.apache.commons.lang3.text.translate.AggregateTranslator(new org.apache.commons.lang3.text.translate.LookupTranslator(new java.lang.String[][]{ new java.lang.String[]{ \"\\\\\\\\\", \"\\\\\" }, new java.lang.String[]{ \"\\\\\\\"\", \"\\\"\" }, new java.lang.String[]{ \"\\\\\\\u0027\", \"\u0027\" }, new java.lang.String[]{ \"\\\\\", \"\" } }));",
                "dst_parent": "private final org.jgrapht.io.CharSequenceTranslator UNESCAPE_ID;"
              },
              "line": 56,
              "file": "/home/khesoem/projects/lighter/exp/jgrapht-io/src/main/java/org/jgrapht/io/DOTImporter.java",
              "stats": {
                "number_of_src_entities": 2,
                "number_of_dst_entities": 2,
                "src_entity_types": "[org.apache.commons.lang3.text.translate.CharSequenceTranslator]",
                "dst_entity_types": "[org.jgrapht.io.CharSequenceTranslator]"
              }
            }
          ]
        },
        {
          "tool-name": "Elixir",
          "pattern-name": "Elixir:Insert_Invocation",
          "Unified_Diff_of-files:": "Starts Below...",
          "CHANGE_old:": "import org.apache.commons.lang3.*;",
          "CHANGE_new:": "import org.apache.commons.text.*;",
          "instance_detail": [
            {
              "pattern_action": "INS",
              "pattern_entity": {
                "entity_type": "AbstractInvocation",
                "entity_new value": "*",
                "entity_role": "*",
                "entity_parent": "null"
              },
              "concrete_change": {
                "operator": "INS",
                "src_type": "Invocation",
                "dst_type": "null",
                "src": "lookupMap.put(\"\\\\\\\\\", \"\\\\\")",
                "dst": "null",
                "src_parent_type": "Block",
                "dst_parent_type": "null",
                "src_parent": "{\n    super(vertexProvider, edgeProvider, (vertexUpdater !\u003d null ? vertexUpdater : ( c, a) -\u003e {\n    }), (graphUpdater !\u003d null ? graphUpdater : ( c, a) -\u003e {\n    }));\n    java.util.Map\u003cjava.lang.CharSequence, java.lang.CharSequence\u003e lookupMap \u003d new java.util.HashMap\u003c\u003e();\n    lookupMap.put(\"\\\\\\\\\", \"\\\\\");\n    lookupMap.put(\"\\\\\\\"\", \"\\\"\");\n    lookupMap.put(\"\\\\\\\u0027\", \"\u0027\");\n    lookupMap.put(\"\\\\\", \"\");\n    UNESCAPE_ID \u003d new org.jgrapht.io.AggregateTranslator(new org.jgrapht.io.LookupTranslator(lookupMap));\n}",
                "dst_parent": "null"
              },
              "line": 100,
              "file": "/home/khesoem/projects/lighter/exp/jgrapht-io/src/main/java/org/jgrapht/io/DOTImporter.java",
              "stats": {
                "number_of_src_entities": 24,
                "number_of_dst_entities": -1,
                "src_entity_types": "[java.lang.CharSequence, java.lang.String, java.util.Map\u003cjava.lang.CharSequence, java.lang.CharSequence\u003e, java.util.Map]",
                "dst_entity_types": "[]"
              }
            }
          ]
        },
        {
          "tool-name": "Elixir",
          "pattern-name": "Elixir:Insert_Invocation",
          "Unified_Diff_of-files:": "Starts Below...",
          "CHANGE_old:": "import org.apache.commons.lang3.*;",
          "CHANGE_new:": "import org.apache.commons.text.*;",
          "instance_detail": [
            {
              "pattern_action": "INS",
              "pattern_entity": {
                "entity_type": "AbstractInvocation",
                "entity_new value": "*",
                "entity_role": "*",
                "entity_parent": "null"
              },
              "concrete_change": {
                "operator": "INS",
                "src_type": "Invocation",
                "dst_type": "null",
                "src": "lookupMap.put(\"\\\\\\\"\", \"\\\"\")",
                "dst": "null",
                "src_parent_type": "Block",
                "dst_parent_type": "null",
                "src_parent": "{\n    super(vertexProvider, edgeProvider, (vertexUpdater !\u003d null ? vertexUpdater : ( c, a) -\u003e {\n    }), (graphUpdater !\u003d null ? graphUpdater : ( c, a) -\u003e {\n    }));\n    java.util.Map\u003cjava.lang.CharSequence, java.lang.CharSequence\u003e lookupMap \u003d new java.util.HashMap\u003c\u003e();\n    lookupMap.put(\"\\\\\\\\\", \"\\\\\");\n    lookupMap.put(\"\\\\\\\"\", \"\\\"\");\n    lookupMap.put(\"\\\\\\\u0027\", \"\u0027\");\n    lookupMap.put(\"\\\\\", \"\");\n    UNESCAPE_ID \u003d new org.jgrapht.io.AggregateTranslator(new org.jgrapht.io.LookupTranslator(lookupMap));\n}",
                "dst_parent": "null"
              },
              "line": 101,
              "file": "/home/khesoem/projects/lighter/exp/jgrapht-io/src/main/java/org/jgrapht/io/DOTImporter.java",
              "stats": {
                "number_of_src_entities": 24,
                "number_of_dst_entities": -1,
                "src_entity_types": "[java.lang.CharSequence, java.lang.String, java.util.Map\u003cjava.lang.CharSequence, java.lang.CharSequence\u003e, java.util.Map]",
                "dst_entity_types": "[]"
              }
            }
          ]
        },
        {
          "tool-name": "Elixir",
          "pattern-name": "Elixir:Insert_Invocation",
          "Unified_Diff_of-files:": "Starts Below...",
          "CHANGE_old:": "import org.apache.commons.lang3.*;",
          "CHANGE_new:": "import org.apache.commons.text.*;",
          "instance_detail": [
            {
              "pattern_action": "INS",
              "pattern_entity": {
                "entity_type": "AbstractInvocation",
                "entity_new value": "*",
                "entity_role": "*",
                "entity_parent": "null"
              },
              "concrete_change": {
                "operator": "INS",
                "src_type": "Invocation",
                "dst_type": "null",
                "src": "lookupMap.put(\"\\\\\\\u0027\", \"\u0027\")",
                "dst": "null",
                "src_parent_type": "Block",
                "dst_parent_type": "null",
                "src_parent": "{\n    super(vertexProvider, edgeProvider, (vertexUpdater !\u003d null ? vertexUpdater : ( c, a) -\u003e {\n    }), (graphUpdater !\u003d null ? graphUpdater : ( c, a) -\u003e {\n    }));\n    java.util.Map\u003cjava.lang.CharSequence, java.lang.CharSequence\u003e lookupMap \u003d new java.util.HashMap\u003c\u003e();\n    lookupMap.put(\"\\\\\\\\\", \"\\\\\");\n    lookupMap.put(\"\\\\\\\"\", \"\\\"\");\n    lookupMap.put(\"\\\\\\\u0027\", \"\u0027\");\n    lookupMap.put(\"\\\\\", \"\");\n    UNESCAPE_ID \u003d new org.jgrapht.io.AggregateTranslator(new org.jgrapht.io.LookupTranslator(lookupMap));\n}",
                "dst_parent": "null"
              },
              "line": 102,
              "file": "/home/khesoem/projects/lighter/exp/jgrapht-io/src/main/java/org/jgrapht/io/DOTImporter.java",
              "stats": {
                "number_of_src_entities": 24,
                "number_of_dst_entities": -1,
                "src_entity_types": "[java.lang.CharSequence, java.lang.String, java.util.Map\u003cjava.lang.CharSequence, java.lang.CharSequence\u003e, java.util.Map]",
                "dst_entity_types": "[]"
              }
            }
          ]
        },
        {
          "tool-name": "Elixir",
          "pattern-name": "Elixir:Insert_Invocation",
          "Unified_Diff_of-files:": "Starts Below...",
          "CHANGE_old:": "import org.apache.commons.lang3.*;",
          "CHANGE_new:": "import org.apache.commons.text.*;",
          "instance_detail": [
            {
              "pattern_action": "INS",
              "pattern_entity": {
                "entity_type": "AbstractInvocation",
                "entity_new value": "*",
                "entity_role": "*",
                "entity_parent": "null"
              },
              "concrete_change": {
                "operator": "INS",
                "src_type": "Invocation",
                "dst_type": "null",
                "src": "lookupMap.put(\"\\\\\", \"\")",
                "dst": "null",
                "src_parent_type": "Block",
                "dst_parent_type": "null",
                "src_parent": "{\n    super(vertexProvider, edgeProvider, (vertexUpdater !\u003d null ? vertexUpdater : ( c, a) -\u003e {\n    }), (graphUpdater !\u003d null ? graphUpdater : ( c, a) -\u003e {\n    }));\n    java.util.Map\u003cjava.lang.CharSequence, java.lang.CharSequence\u003e lookupMap \u003d new java.util.HashMap\u003c\u003e();\n    lookupMap.put(\"\\\\\\\\\", \"\\\\\");\n    lookupMap.put(\"\\\\\\\"\", \"\\\"\");\n    lookupMap.put(\"\\\\\\\u0027\", \"\u0027\");\n    lookupMap.put(\"\\\\\", \"\");\n    UNESCAPE_ID \u003d new org.jgrapht.io.AggregateTranslator(new org.jgrapht.io.LookupTranslator(lookupMap));\n}",
                "dst_parent": "null"
              },
              "line": 103,
              "file": "/home/khesoem/projects/lighter/exp/jgrapht-io/src/main/java/org/jgrapht/io/DOTImporter.java",
              "stats": {
                "number_of_src_entities": 24,
                "number_of_dst_entities": -1,
                "src_entity_types": "[java.lang.CharSequence, java.lang.String, java.util.Map\u003cjava.lang.CharSequence, java.lang.CharSequence\u003e, java.util.Map]",
                "dst_entity_types": "[]"
              }
            }
          ]
        },
        {
          "tool-name": "Elixir",
          "pattern-name": "Elixir:update_invocation_deep",
          "Unified_Diff_of-files:": "Starts Below...",
          "CHANGE_old:": "import org.apache.commons.lang3.*;",
          "CHANGE_new:": "import org.apache.commons.text.*;",
          "instance_detail": [
            {
              "pattern_action": "ANY",
              "pattern_entity": {
                "entity_type": "*",
                "entity_new value": "*",
                "entity_role": "*",
                "entity_parent": {
                  "entity_type": "AbstractInvocation",
                  "entity_new value": "*",
                  "entity_role": "*",
                  "entity_parent": "null"
                }
              },
              "concrete_change": {
                "operator": "UPD",
                "src_type": "TypeAccess",
                "dst_type": "TypeAccess",
                "src": "org.jgrapht.io.DOTImporter",
                "dst": "org.jgrapht.io.DOTImporter\u003cV, E\u003e.CreateGraphDOTListener",
                "src_parent_type": "Invocation",
                "dst_parent_type": "ThisAccess",
                "src_parent": "org.jgrapht.io.DOTImporter.unescapeId(ctx.String().toString())",
                "dst_parent": ""
              },
              "stats": {
                "number_of_src_entities": 3,
                "number_of_dst_entities": 6,
                "src_entity_types": "[org.jgrapht.io.DOTImporter]",
                "dst_entity_types": "[org.jgrapht.io.DOTImporter\u003cV, E\u003e.CreateGraphDOTListener, org.jgrapht.io.DOTImporter\u003cV, E\u003e]"
              }
            }
          ]
        }
      ]
    }
  ],
  "complete_analysis": true
}