{
  "instances": [
    {
      "revision": "1363ad57f0c1e466ca0f2fa6ebc4102cba9ae44d",
      "repairability": [
        {
          "tool-name": "Cardumen",
          "pattern-name": "Cardumen:expression_replacement_by_upd",
          "Unified_Diff_of-files:": "Starts Below...",
          "CHANGE_old:": "     * attributes.",
          "CHANGE_new:": "     * common handler attributes.",
          "instance_detail": [
            {
              "pattern_action": "UPD",
              "pattern_entity": {
                "entity_type": "Expression",
                "entity_new value": "*",
                "entity_role": "*",
                "entity_parent": "null"
              },
              "concrete_change": {
                "operator": "UPD",
                "src_type": "VariableRead",
                "dst_type": "VariableRead",
                "src": "attributeKey",
                "dst": "element",
                "src_parent_type": "Invocation",
                "dst_parent_type": "Invocation",
                "src_parent": "((R) (attributes.get(attributeKey)))",
                "dst_parent": "org.axonframework.messaging.annotation.AnnotatedHandlerAttributes.constructHandlerAttributesFor(element)"
              },
              "line": 72,
              "file": "/home/khesoem/projects/lighter/exp/messaging/src/main/java/org/axonframework/messaging/annotation/AnnotatedHandlerAttributes.java",
              "stats": {
                "number_of_src_entities": 4,
                "number_of_dst_entities": 4,
                "src_entity_types": "[java.lang.String]",
                "dst_entity_types": "[java.lang.reflect.AnnotatedElement]"
              }
            }
          ]
        },
        {
          "tool-name": "Cardumen",
          "pattern-name": "Cardumen:expression_replacement_by_del_ins",
          "Unified_Diff_of-files:": "Starts Below...",
          "CHANGE_old:": "     * attributes.",
          "CHANGE_new:": "     * common handler attributes.",
          "instance_detail": [
            {
              "pattern_action": "DEL",
              "pattern_entity": {
                "entity_type": "Expression",
                "entity_new value": "*",
                "entity_role": "*",
                "entity_parent": "null"
              },
              "concrete_change": {
                "operator": "DEL",
                "src_type": "Invocation",
                "dst_type": "null",
                "src": "attributes.containsKey(attributeKey)",
                "dst": "null",
                "src_parent_type": "Return",
                "dst_parent_type": "null",
                "src_parent": "return attributes.containsKey(attributeKey)",
                "dst_parent": "null"
              },
              "line": 82,
              "file": "/home/khesoem/projects/lighter/exp/messaging/src/main/java/org/axonframework/messaging/annotation/AnnotatedHandlerAttributes.java",
              "stats": {
                "number_of_src_entities": 27,
                "number_of_dst_entities": -1,
                "src_entity_types": "[org.axonframework.messaging.annotation.AnnotatedHandlerAttributes, java.lang.String, java.util.Map]",
                "dst_entity_types": "[]"
              }
            },
            {
              "pattern_action": "INS",
              "pattern_entity": {
                "entity_type": "Expression",
                "entity_new value": "*",
                "entity_role": "*",
                "entity_parent": "null"
              },
              "concrete_change": {
                "operator": "INS",
                "src_type": "VariableRead",
                "dst_type": "null",
                "src": "attributes",
                "dst": "null",
                "src_parent_type": "Return",
                "dst_parent_type": "null",
                "src_parent": "return attributes",
                "dst_parent": "null"
              },
              "line": 65,
              "file": "/home/khesoem/projects/lighter/exp/messaging/src/main/java/org/axonframework/messaging/annotation/AnnotatedHandlerAttributes.java",
              "stats": {
                "number_of_src_entities": 8,
                "number_of_dst_entities": -1,
                "src_entity_types": "[java.lang.Object, java.lang.String, java.util.Map\u003cjava.lang.String, java.lang.Object\u003e]",
                "dst_entity_types": "[]"
              }
            }
          ]
        },
        {
          "tool-name": "Cardumen",
          "pattern-name": "Cardumen:expression_replacement_by_del_ins",
          "Unified_Diff_of-files:": "Starts Below...",
          "CHANGE_old:": "     * attributes.",
          "CHANGE_new:": "     * common handler attributes.",
          "instance_detail": [
            {
              "pattern_action": "DEL",
              "pattern_entity": {
                "entity_type": "Expression",
                "entity_new value": "*",
                "entity_role": "*",
                "entity_parent": "null"
              },
              "concrete_change": {
                "operator": "DEL",
                "src_type": "FieldRead",
                "dst_type": "null",
                "src": "attributes",
                "dst": "null",
                "src_parent_type": "Invocation",
                "dst_parent_type": "null",
                "src_parent": "attributes.put(prefixedKey(handlerAnnotation.getSimpleName(), attributeName), attribute)",
                "dst_parent": "null"
              },
              "line": 55,
              "file": "/home/khesoem/projects/lighter/exp/messaging/src/main/java/org/axonframework/messaging/annotation/AnnotatedHandlerAttributes.java",
              "stats": {
                "number_of_src_entities": 10,
                "number_of_dst_entities": -1,
                "src_entity_types": "[org.axonframework.messaging.annotation.AnnotatedHandlerAttributes]",
                "dst_entity_types": "[]"
              }
            },
            {
              "pattern_action": "INS",
              "pattern_entity": {
                "entity_type": "Expression",
                "entity_new value": "*",
                "entity_role": "*",
                "entity_parent": "null"
              },
              "concrete_change": {
                "operator": "INS",
                "src_type": "VariableRead",
                "dst_type": "null",
                "src": "attributes",
                "dst": "null",
                "src_parent_type": "Invocation",
                "dst_parent_type": "null",
                "src_parent": "attributes.put(prefixedKey(handlerAnnotation.getSimpleName(), attributeName), attribute)",
                "dst_parent": "null"
              },
              "line": 57,
              "file": "/home/khesoem/projects/lighter/exp/messaging/src/main/java/org/axonframework/messaging/annotation/AnnotatedHandlerAttributes.java",
              "stats": {
                "number_of_src_entities": 8,
                "number_of_dst_entities": -1,
                "src_entity_types": "[java.lang.Object, java.lang.String, java.util.Map\u003cjava.lang.String, java.lang.Object\u003e]",
                "dst_entity_types": "[]"
              }
            }
          ]
        }
      ]
    }
  ],
  "complete_analysis": true
}