{
  "instances": [
    {
      "revision": "306fa819cb42f391ef1d755264147f822f87e986",
      "repairability": [
        {
          "tool-name": "Cardumen",
          "pattern-name": "Cardumen:expression_replacement_by_upd",
          "Unified_Diff_of-files:": "Starts Below...",
          "CHANGE_old:": "            if (firstSequenceNumber \u0026gt; 0) {",
          "CHANGE_new:": "            if (firstSequenceNumber \u0026gt;\u003d 0) {",
          "instance_detail": [
            {
              "pattern_action": "UPD",
              "pattern_entity": {
                "entity_type": "Expression",
                "entity_new value": "*",
                "entity_role": "*",
                "entity_parent": "null"
              },
              "concrete_change": {
                "operator": "UPD",
                "src_type": "BinaryOperator",
                "dst_type": "BinaryOperator",
                "src": "firstSequenceNumber \u003e 0",
                "dst": "firstSequenceNumber \u003e\u003d 0",
                "src_parent_type": "If",
                "dst_parent_type": "If",
                "src_parent": "if (firstSequenceNumber \u003e 0) {\n    aggregateStream \u003d eventChannel.openAggregateStream(aggregateIdentifier, firstSequenceNumber);\n} else\n    if ((firstSequenceNumber \u003d\u003d (org.axonframework.axonserver.connector.event.axon.AxonServerEventStore.AxonIQEventStorageEngine.ALLOW_SNAPSHOTS_MAGIC_VALUE)) \u0026\u0026 (!(snapshotFilterSet))) {\n        aggregateStream \u003d eventChannel.openAggregateStream(aggregateIdentifier, true);\n    } else {\n        aggregateStream \u003d eventChannel.openAggregateStream(aggregateIdentifier);\n    }\n",
                "dst_parent": "if (firstSequenceNumber \u003e\u003d 0) {\n    aggregateStream \u003d eventChannel.openAggregateStream(aggregateIdentifier, firstSequenceNumber);\n} else\n    if ((firstSequenceNumber \u003d\u003d (org.axonframework.axonserver.connector.event.axon.AxonServerEventStore.AxonIQEventStorageEngine.ALLOW_SNAPSHOTS_MAGIC_VALUE)) \u0026\u0026 (!(snapshotFilterSet))) {\n        aggregateStream \u003d eventChannel.openAggregateStream(aggregateIdentifier, true);\n    } else {\n        aggregateStream \u003d eventChannel.openAggregateStream(aggregateIdentifier);\n    }\n"
              },
              "line": 478,
              "file": "/home/khesoem/projects/lighter/exp/axon-server-connector/src/main/java/org/axonframework/axonserver/connector/event/axon/AxonServerEventStore.java",
              "stats": {
                "number_of_src_entities": 7,
                "number_of_dst_entities": 7,
                "src_entity_types": "[int, boolean, long]",
                "dst_entity_types": "[int, boolean, long]"
              }
            }
          ]
        }
      ]
    }
  ],
  "complete_analysis": true
}