{
  "instances": [
    {
      "revision": "3a6fe0eb2e2d13a762ad92507e1ae089b590c6e0",
      "repairability": [
        {
          "tool-name": "Cardumen",
          "pattern-name": "Cardumen:expression_replacement_by_upd",
          "Unified_Diff_of-files:": "Starts Below...",
          "CHANGE_old:": " * @see QueryBus#subscriptionQuery(SubscriptionQueryMessage, SubscriptionQueryBackpressure, int)",
          "CHANGE_new:": " * @see QueryBus#subscriptionQuery(SubscriptionQueryMessage, int)",
          "instance_detail": [
            {
              "pattern_action": "UPD",
              "pattern_entity": {
                "entity_type": "Expression",
                "entity_new value": "*",
                "entity_role": "*",
                "entity_parent": "null"
              },
              "concrete_change": {
                "operator": "UPD",
                "src_type": "TypeAccess",
                "dst_type": "TypeAccess",
                "src": "org.axonframework.queryhandling.SubscriptionQueryBackpressure",
                "dst": "Queues.SMALL_BUFFER_SIZE",
                "src_parent_type": "Invocation",
                "dst_parent_type": "Invocation",
                "src_parent": "org.axonframework.queryhandling.SubscriptionQueryBackpressure.defaultBackpressure()",
                "dst_parent": "subscriptionQuery(queryName, query, initialResponseType, updateResponseType, Queues.SMALL_BUFFER_SIZE)"
              },
              "line": 219,
              "file": "/home/khesoem/projects/lighter/exp/messaging/src/main/java/org/axonframework/queryhandling/QueryGateway.java",
              "stats": {
                "number_of_src_entities": 3,
                "number_of_dst_entities": 3,
                "src_entity_types": "[org.axonframework.queryhandling.SubscriptionQueryBackpressure]",
                "dst_entity_types": "[Queues.SMALL_BUFFER_SIZE]"
              }
            }
          ]
        },
        {
          "tool-name": "Cardumen",
          "pattern-name": "Cardumen:expression_replacement_by_del_ins",
          "Unified_Diff_of-files:": "Starts Below...",
          "CHANGE_old:": " * @see QueryBus#subscriptionQuery(SubscriptionQueryMessage, SubscriptionQueryBackpressure, int)",
          "CHANGE_new:": " * @see QueryBus#subscriptionQuery(SubscriptionQueryMessage, int)",
          "instance_detail": [
            {
              "pattern_action": "DEL",
              "pattern_entity": {
                "entity_type": "Expression",
                "entity_new value": "*",
                "entity_role": "*",
                "entity_parent": "null"
              },
              "concrete_change": {
                "operator": "DEL",
                "src_type": "Invocation",
                "dst_type": "null",
                "src": "org.axonframework.queryhandling.SubscriptionQueryBackpressure.defaultBackpressure()",
                "dst": "null",
                "src_parent_type": "Invocation",
                "dst_parent_type": "null",
                "src_parent": "subscriptionQuery(org.axonframework.queryhandling.QueryMessage.queryName(query), query, initialResponseType, updateResponseType, org.axonframework.queryhandling.SubscriptionQueryBackpressure.defaultBackpressure())",
                "dst_parent": "null"
              },
              "line": 219,
              "file": "/home/khesoem/projects/lighter/exp/messaging/src/main/java/org/axonframework/queryhandling/QueryGateway.java",
              "stats": {
                "number_of_src_entities": 7,
                "number_of_dst_entities": -1,
                "src_entity_types": "[org.axonframework.queryhandling.SubscriptionQueryBackpressure]",
                "dst_entity_types": "[]"
              }
            },
            {
              "pattern_action": "INS",
              "pattern_entity": {
                "entity_type": "Expression",
                "entity_new value": "*",
                "entity_role": "*",
                "entity_parent": "null"
              },
              "concrete_change": {
                "operator": "INS",
                "src_type": "VariableRead",
                "dst_type": "null",
                "src": "queryName",
                "dst": "null",
                "src_parent_type": "Invocation",
                "dst_parent_type": "null",
                "src_parent": "subscriptionQuery(queryName, query, initialResponseType, updateResponseType, Queues.SMALL_BUFFER_SIZE)",
                "dst_parent": "null"
              },
              "line": 246,
              "file": "/home/khesoem/projects/lighter/exp/messaging/src/main/java/org/axonframework/queryhandling/QueryGateway.java",
              "stats": {
                "number_of_src_entities": 4,
                "number_of_dst_entities": -1,
                "src_entity_types": "[java.lang.String]",
                "dst_entity_types": "[]"
              }
            }
          ]
        }
      ]
    },
    {
      "revision": "3a6fe0eb2e2d13a762ad92507e1ae089b590c6e0",
      "repairability": [
        {
          "tool-name": "Cardumen",
          "pattern-name": "Cardumen:expression_replacement_by_upd",
          "Unified_Diff_of-files:": "Starts Below...",
          "CHANGE_old:": " * @see QueryBus#subscriptionQuery(SubscriptionQueryMessage, SubscriptionQueryBackpressure, int)",
          "CHANGE_new:": " * @see QueryBus#subscriptionQuery(SubscriptionQueryMessage, int)",
          "instance_detail": [
            {
              "pattern_action": "UPD",
              "pattern_entity": {
                "entity_type": "Expression",
                "entity_new value": "*",
                "entity_role": "*",
                "entity_parent": "null"
              },
              "concrete_change": {
                "operator": "UPD",
                "src_type": "TypeAccess",
                "dst_type": "TypeAccess",
                "src": "reactor.core.publisher.EmitterProcessor",
                "dst": "org.axonframework.queryhandling.SimpleQueryUpdateEmitter",
                "src_parent_type": "Invocation",
                "dst_parent_type": "ThisAccess",
                "src_parent": "reactor.core.publisher.EmitterProcessor.create(updateBufferSize)",
                "dst_parent": ""
              },
              "line": 96,
              "file": "/home/khesoem/projects/lighter/exp/messaging/src/main/java/org/axonframework/queryhandling/SimpleQueryUpdateEmitter.java",
              "stats": {
                "number_of_src_entities": 3,
                "number_of_dst_entities": 3,
                "src_entity_types": "[reactor.core.publisher.EmitterProcessor]",
                "dst_entity_types": "[org.axonframework.queryhandling.SimpleQueryUpdateEmitter]"
              }
            }
          ]
        }
      ]
    }
  ],
  "complete_analysis": true
}