{
  "instances": [
    {
      "revision": "c7ce9a68b5ae836692495cd4c6a4eb86babae9d2",
      "repairability": [
        {
          "tool-name": "Cardumen",
          "pattern-name": "Cardumen:expression_replacement_by_upd",
          "Unified_Diff_of-files:": "Starts Below...",
          "CHANGE_old:": "            lockSupplier.get();",
          "CHANGE_new:": "            lock.acquire();",
          "INSERT:": "}",
          "instance_detail": [
            {
              "pattern_action": "UPD",
              "pattern_entity": {
                "entity_type": "Expression",
                "entity_new value": "*",
                "entity_role": "*",
                "entity_parent": "null"
              },
              "concrete_change": {
                "operator": "UPD",
                "src_type": "FieldWrite",
                "dst_type": "FieldWrite",
                "src": "this.lockSupplier",
                "dst": "this.lock",
                "src_parent_type": "Assignment",
                "dst_parent_type": "Assignment",
                "src_parent": "this.lockSupplier \u003d () -\u003e lock",
                "dst_parent": "this.lock \u003d () -\u003e lock"
              },
              "line": 47,
              "file": "/home/khesoem/projects/lighter/exp/modelling/src/main/java/org/axonframework/modelling/command/LockAwareAggregate.java",
              "stats": {
                "number_of_src_entities": 18,
                "number_of_dst_entities": 17,
                "src_entity_types": "[org.axonframework.modelling.command.LockAwareAggregate\u003cAR, A\u003e, org.axonframework.modelling.command.LockAwareAggregate]",
                "dst_entity_types": "[org.axonframework.modelling.command.LockAwareAggregate\u003cAR, A\u003e, org.axonframework.modelling.command.LockAwareAggregate]"
              }
            }
          ]
        },
        {
          "tool-name": "Cardumen",
          "pattern-name": "Cardumen:expression_replacement_by_upd",
          "Unified_Diff_of-files:": "Starts Below...",
          "CHANGE_old:": "            lockSupplier.get();",
          "CHANGE_new:": "            lock.acquire();",
          "INSERT:": "}",
          "instance_detail": [
            {
              "pattern_action": "UPD",
              "pattern_entity": {
                "entity_type": "Expression",
                "entity_new value": "*",
                "entity_role": "*",
                "entity_parent": "null"
              },
              "concrete_change": {
                "operator": "UPD",
                "src_type": "Lambda",
                "dst_type": "Lambda",
                "src": "() -\u003e lock",
                "dst": "() -\u003e lock",
                "src_parent_type": "Assignment",
                "dst_parent_type": "Assignment",
                "src_parent": "this.lockSupplier \u003d () -\u003e lock",
                "dst_parent": "this.lock \u003d () -\u003e lock"
              },
              "line": 47,
              "file": "/home/khesoem/projects/lighter/exp/modelling/src/main/java/org/axonframework/modelling/command/LockAwareAggregate.java",
              "stats": {
                "number_of_src_entities": 3,
                "number_of_dst_entities": 8,
                "src_entity_types": "[]",
                "dst_entity_types": "[org.axonframework.modelling.command.LockAwareAggregate.LockSupplier, org.axonframework.common.lock.Lock, org.axonframework.modelling.command.LockAwareAggregate]"
              }
            }
          ]
        },
        {
          "tool-name": "Cardumen",
          "pattern-name": "Cardumen:expression_replacement_by_upd",
          "Unified_Diff_of-files:": "Starts Below...",
          "CHANGE_old:": "            lockSupplier.get();",
          "CHANGE_new:": "            lock.acquire();",
          "INSERT:": "}",
          "instance_detail": [
            {
              "pattern_action": "UPD",
              "pattern_entity": {
                "entity_type": "Expression",
                "entity_new value": "*",
                "entity_role": "*",
                "entity_parent": "null"
              },
              "concrete_change": {
                "operator": "UPD",
                "src_type": "FieldWrite",
                "dst_type": "FieldWrite",
                "src": "this.lockSupplier",
                "dst": "this.lock",
                "src_parent_type": "Assignment",
                "dst_parent_type": "Assignment",
                "src_parent": "this.lockSupplier \u003d lock",
                "dst_parent": "this.lock \u003d lock::get"
              },
              "line": 59,
              "file": "/home/khesoem/projects/lighter/exp/modelling/src/main/java/org/axonframework/modelling/command/LockAwareAggregate.java",
              "stats": {
                "number_of_src_entities": 18,
                "number_of_dst_entities": 17,
                "src_entity_types": "[org.axonframework.modelling.command.LockAwareAggregate\u003cAR, A\u003e, org.axonframework.modelling.command.LockAwareAggregate]",
                "dst_entity_types": "[org.axonframework.modelling.command.LockAwareAggregate\u003cAR, A\u003e, org.axonframework.modelling.command.LockAwareAggregate]"
              }
            }
          ]
        },
        {
          "tool-name": "Cardumen",
          "pattern-name": "Cardumen:expression_replacement_by_upd",
          "Unified_Diff_of-files:": "Starts Below...",
          "CHANGE_old:": "            lockSupplier.get();",
          "CHANGE_new:": "            lock.acquire();",
          "INSERT:": "}",
          "instance_detail": [
            {
              "pattern_action": "UPD",
              "pattern_entity": {
                "entity_type": "Expression",
                "entity_new value": "*",
                "entity_role": "*",
                "entity_parent": "null"
              },
              "concrete_change": {
                "operator": "UPD",
                "src_type": "FieldRead",
                "dst_type": "FieldRead",
                "src": "lockSupplier",
                "dst": "lock",
                "src_parent_type": "Invocation",
                "dst_parent_type": "Invocation",
                "src_parent": "lockSupplier.get()",
                "dst_parent": "lock.acquire()"
              },
              "line": 99,
              "file": "/home/khesoem/projects/lighter/exp/modelling/src/main/java/org/axonframework/modelling/command/LockAwareAggregate.java",
              "stats": {
                "number_of_src_entities": 14,
                "number_of_dst_entities": 13,
                "src_entity_types": "[org.axonframework.modelling.command.LockAwareAggregate]",
                "dst_entity_types": "[org.axonframework.modelling.command.LockAwareAggregate]"
              }
            }
          ]
        },
        {
          "tool-name": "Cardumen",
          "pattern-name": "Cardumen:expression_replacement_by_upd",
          "Unified_Diff_of-files:": "Starts Below...",
          "CHANGE_old:": "            lockSupplier.get();",
          "CHANGE_new:": "            lock.acquire();",
          "INSERT:": "}",
          "instance_detail": [
            {
              "pattern_action": "UPD",
              "pattern_entity": {
                "entity_type": "Expression",
                "entity_new value": "*",
                "entity_role": "*",
                "entity_parent": "null"
              },
              "concrete_change": {
                "operator": "UPD",
                "src_type": "FieldRead",
                "dst_type": "FieldRead",
                "src": "lockSupplier",
                "dst": "lock",
                "src_parent_type": "Invocation",
                "dst_parent_type": "Invocation",
                "src_parent": "lockSupplier.get()",
                "dst_parent": "lock.acquire()"
              },
              "line": 107,
              "file": "/home/khesoem/projects/lighter/exp/modelling/src/main/java/org/axonframework/modelling/command/LockAwareAggregate.java",
              "stats": {
                "number_of_src_entities": 14,
                "number_of_dst_entities": 13,
                "src_entity_types": "[org.axonframework.modelling.command.LockAwareAggregate]",
                "dst_entity_types": "[org.axonframework.modelling.command.LockAwareAggregate]"
              }
            }
          ]
        },
        {
          "tool-name": "Cardumen",
          "pattern-name": "Cardumen:expression_replacement_by_upd",
          "Unified_Diff_of-files:": "Starts Below...",
          "CHANGE_old:": "            lockSupplier.get();",
          "CHANGE_new:": "            lock.acquire();",
          "INSERT:": "}",
          "instance_detail": [
            {
              "pattern_action": "UPD",
              "pattern_entity": {
                "entity_type": "Expression",
                "entity_new value": "*",
                "entity_role": "*",
                "entity_parent": "null"
              },
              "concrete_change": {
                "operator": "UPD",
                "src_type": "FieldRead",
                "dst_type": "FieldRead",
                "src": "lockSupplier",
                "dst": "lock",
                "src_parent_type": "Invocation",
                "dst_parent_type": "Invocation",
                "src_parent": "lockSupplier.get()",
                "dst_parent": "lock.acquire()"
              },
              "line": 117,
              "file": "/home/khesoem/projects/lighter/exp/modelling/src/main/java/org/axonframework/modelling/command/LockAwareAggregate.java",
              "stats": {
                "number_of_src_entities": 14,
                "number_of_dst_entities": 13,
                "src_entity_types": "[org.axonframework.modelling.command.LockAwareAggregate]",
                "dst_entity_types": "[org.axonframework.modelling.command.LockAwareAggregate]"
              }
            }
          ]
        },
        {
          "tool-name": "Cardumen",
          "pattern-name": "Cardumen:expression_replacement_by_upd",
          "Unified_Diff_of-files:": "Starts Below...",
          "CHANGE_old:": "            lockSupplier.get();",
          "CHANGE_new:": "            lock.acquire();",
          "INSERT:": "}",
          "instance_detail": [
            {
              "pattern_action": "UPD",
              "pattern_entity": {
                "entity_type": "Expression",
                "entity_new value": "*",
                "entity_role": "*",
                "entity_parent": "null"
              },
              "concrete_change": {
                "operator": "UPD",
                "src_type": "FieldRead",
                "dst_type": "FieldRead",
                "src": "this.lockSupplier",
                "dst": "this.lock",
                "src_parent_type": "Invocation",
                "dst_parent_type": "Invocation",
                "src_parent": "this.lockSupplier.get()",
                "dst_parent": "this.lock.acquire()"
              },
              "line": 77,
              "file": "/home/khesoem/projects/lighter/exp/modelling/src/main/java/org/axonframework/modelling/command/LockAwareAggregate.java",
              "stats": {
                "number_of_src_entities": 18,
                "number_of_dst_entities": 17,
                "src_entity_types": "[org.axonframework.modelling.command.LockAwareAggregate\u003cAR, A\u003e, org.axonframework.modelling.command.LockAwareAggregate]",
                "dst_entity_types": "[org.axonframework.modelling.command.LockAwareAggregate\u003cAR, A\u003e, org.axonframework.modelling.command.LockAwareAggregate]"
              }
            }
          ]
        }
      ]
    }
  ],
  "complete_analysis": true
}