{
  "instances": [
    {
      "revision": "043e337eb0add38d5b129f7a70b2d27aa0c8cb07",
      "repairability": [
        {
          "tool-name": "Elixir",
          "pattern-name": "Elixir:update_type_ref",
          "Unified_Diff_of-files:": "Starts Below...",
          "DELETE:": "import io.netty.channel.ChannelInitializer;",
          "INSERT:": "import io.netty.channel.ChannelHandler;",
          "CHANGE_old:": "            bootstrap.handler(channelInitializer);",
          "CHANGE_new:": "",
          "instance_detail": [
            {
              "pattern_action": "UPD",
              "pattern_entity": {
                "entity_type": "TypeReference",
                "entity_new value": "*",
                "entity_role": "*",
                "entity_parent": "null"
              },
              "concrete_change": {
                "operator": "UPD",
                "src_type": "TypeReference",
                "dst_type": "TypeReference",
                "src": "io.netty.channel.ChannelInitializer\u003cio.netty.channel.Channel\u003e",
                "dst": "io.netty.channel.ChannelHandler",
                "src_parent_type": "Method",
                "dst_parent_type": "Method",
                "src_parent": "public io.netty.channel.ChannelInitializer\u003cio.netty.channel.Channel\u003e rebuildWithNewSocketAddress(io.netty.channel.ChannelHandler handler, java.net.SocketAddress socketAddress) {\n    io.lettuce.core.internal.LettuceAssert.assertState(io.lettuce.core.SslConnectionBuilder.isSslChannelInitializer(handler), \"ChannelHandler is not instance of SslChannelInitializer\");\n    io.lettuce.core.SslConnectionBuilder.SslChannelInitializer sslChannelInitializer \u003d ((io.lettuce.core.SslConnectionBuilder.SslChannelInitializer) (handler));\n    return new io.lettuce.core.SslConnectionBuilder.SslChannelInitializer(sslChannelInitializer.handlers, io.lettuce.core.SslConnectionBuilder.toHostAndPort(socketAddress), sslChannelInitializer.verifyPeer, sslChannelInitializer.startTls, sslChannelInitializer.clientResources, sslChannelInitializer.sslOptions);\n}",
                "dst_parent": "public static io.netty.channel.ChannelHandler withSocketAddress(io.netty.channel.ChannelHandler handler, java.net.SocketAddress socketAddress) {\n    io.lettuce.core.internal.LettuceAssert.assertState(io.lettuce.core.SslConnectionBuilder.isSslChannelInitializer(handler), \"handler must be SslChannelInitializer\");\n    return ((io.lettuce.core.SslConnectionBuilder.SslChannelInitializer) (handler)).withHostAndPort(io.lettuce.core.SslConnectionBuilder.toHostAndPort(socketAddress));\n}"
              },
              "line": 87,
              "file": "/home/khesoem/projects/lighter/exp/src/main/java/io/lettuce/core/SslConnectionBuilder.java",
              "stats": {
                "number_of_src_entities": 4,
                "number_of_dst_entities": 2,
                "src_entity_types": "[io.netty.channel.Channel, io.netty.channel.ChannelInitializer\u003cio.netty.channel.Channel\u003e]",
                "dst_entity_types": "[io.netty.channel.ChannelHandler]"
              }
            }
          ]
        }
      ]
    }
  ],
  "complete_analysis": true
}