{
  "instances": [
    {
      "revision": "3c423f3298ebe9af656025509da998e4e9124a37",
      "repairability": [
        {
          "tool-name": "Elixir",
          "pattern-name": "Elixir:update_invocation",
          "Unified_Diff_of-files:": "Starts Below...",
          "CHANGE_old:": "                                            (AutoCloseable) proxiedConnection, result));",
          "CHANGE_new:": "",
          "INSERT:": "",
          "DELETE:": "                throw e.getTargetException();",
          "instance_detail": [
            {
              "pattern_action": "UPD",
              "pattern_entity": {
                "entity_type": "AbstractInvocation",
                "entity_new value": "*",
                "entity_role": "*",
                "entity_parent": "null"
              },
              "concrete_change": {
                "operator": "UPD",
                "src_type": "ConstructorCall",
                "dst_type": "ConstructorCall",
                "src": "new java.lang.IllegalStateException(e)",
                "dst": "new java.lang.IllegalArgumentException(e)",
                "src_parent_type": "Throw",
                "dst_parent_type": "Throw",
                "src_parent": "throw new java.lang.IllegalStateException(e)",
                "dst_parent": "throw new java.lang.IllegalArgumentException(e)"
              },
              "line": 88,
              "file": "/home/khesoem/projects/lighter/exp/src/main/java/io/lettuce/core/cluster/ClusterFutureSyncInvocationHandler.java",
              "stats": {
                "number_of_src_entities": 12,
                "number_of_dst_entities": 12,
                "src_entity_types": "[java.lang.IllegalStateException, java.lang.NoSuchMethodException]",
                "dst_entity_types": "[java.lang.NoSuchMethodException, java.lang.IllegalArgumentException]"
              }
            }
          ]
        }
      ]
    },
    {
      "revision": "3c423f3298ebe9af656025509da998e4e9124a37",
      "repairability": [
        {
          "tool-name": "Elixir",
          "pattern-name": "Elixir:update_type_ref",
          "Unified_Diff_of-files:": "Starts Below...",
          "CHANGE_old:": "                                            (AutoCloseable) proxiedConnection, result));",
          "CHANGE_new:": "",
          "INSERT:": "",
          "DELETE:": "                throw e.getTargetException();",
          "instance_detail": [
            {
              "pattern_action": "UPD",
              "pattern_entity": {
                "entity_type": "TypeReference",
                "entity_new value": "*",
                "entity_role": "*",
                "entity_parent": "null"
              },
              "concrete_change": {
                "operator": "UPD",
                "src_type": "TypeReference",
                "dst_type": "TypeParameterReference",
                "src": "java.util.Iterator\u003cK\u003e",
                "dst": "K",
                "src_parent_type": "LocalVariable",
                "dst_parent_type": "LocalVariable",
                "src_parent": "java.util.Iterator\u003cK\u003e iterator \u003d keys.iterator()",
                "dst_parent": "K key"
              },
              "line": 97,
              "file": "/home/khesoem/projects/lighter/exp/src/main/java/io/lettuce/core/MigrateArgs.java",
              "stats": {
                "number_of_src_entities": 3,
                "number_of_dst_entities": 1,
                "src_entity_types": "[java.util.Iterator\u003cK\u003e]",
                "dst_entity_types": "[]"
              }
            }
          ]
        },
        {
          "tool-name": "Elixir",
          "pattern-name": "Elixir:update_invocation_deep",
          "Unified_Diff_of-files:": "Starts Below...",
          "CHANGE_old:": "                                            (AutoCloseable) proxiedConnection, result));",
          "CHANGE_new:": "",
          "INSERT:": "",
          "DELETE:": "                throw e.getTargetException();",
          "instance_detail": [
            {
              "pattern_action": "ANY",
              "pattern_entity": {
                "entity_type": "*",
                "entity_new value": "*",
                "entity_role": "*",
                "entity_parent": {
                  "entity_type": "AbstractInvocation",
                  "entity_new value": "*",
                  "entity_role": "*",
                  "entity_parent": "null"
                }
              },
              "concrete_change": {
                "operator": "UPD",
                "src_type": "VariableRead",
                "dst_type": "VariableRead",
                "src": "iterator",
                "dst": "key",
                "src_parent_type": "Invocation",
                "dst_parent_type": "Invocation",
                "src_parent": "iterator.next()",
                "dst_parent": "this.keys.add(key)"
              },
              "line": 99,
              "file": "/home/khesoem/projects/lighter/exp/src/main/java/io/lettuce/core/MigrateArgs.java",
              "stats": {
                "number_of_src_entities": 5,
                "number_of_dst_entities": 3,
                "src_entity_types": "[java.util.Iterator\u003cK\u003e]",
                "dst_entity_types": "[]"
              }
            }
          ]
        }
      ]
    },
    {
      "revision": "3c423f3298ebe9af656025509da998e4e9124a37",
      "repairability": [
        {
          "tool-name": "Elixir",
          "pattern-name": "Elixir:update_type_ref",
          "Unified_Diff_of-files:": "Starts Below...",
          "CHANGE_old:": "                                            (AutoCloseable) proxiedConnection, result));",
          "CHANGE_new:": "",
          "INSERT:": "",
          "DELETE:": "                throw e.getTargetException();",
          "instance_detail": [
            {
              "pattern_action": "UPD",
              "pattern_entity": {
                "entity_type": "TypeReference",
                "entity_new value": "*",
                "entity_role": "*",
                "entity_parent": "null"
              },
              "concrete_change": {
                "operator": "UPD",
                "src_type": "ArrayTypeReference",
                "dst_type": "ArrayTypeReference",
                "src": "io.lettuce.core.cluster.SynchronizingClusterConnectionProvider.Sync\u003cK, V\u003e[]",
                "dst": "java.lang.Object[]",
                "src_parent_type": "LocalVariable",
                "dst_parent_type": "LocalVariable",
                "src_parent": "io.lettuce.core.cluster.SynchronizingClusterConnectionProvider.Sync\u003cK, V\u003e[] syncs \u003d connections.values().toArray(new io.lettuce.core.cluster.SynchronizingClusterConnectionProvider.Sync[0])",
                "dst_parent": "java.lang.Object[] syncs \u003d connections.values().toArray(new java.lang.Object[0])"
              },
              "line": 123,
              "file": "/home/khesoem/projects/lighter/exp/src/main/java/io/lettuce/core/cluster/SynchronizingClusterConnectionProvider.java",
              "stats": {
                "number_of_src_entities": 6,
                "number_of_dst_entities": 3,
                "src_entity_types": "[io.lettuce.core.cluster.SynchronizingClusterConnectionProvider, io.lettuce.core.cluster.SynchronizingClusterConnectionProvider.Sync\u003cK, V\u003e]",
                "dst_entity_types": "[java.lang.Object]"
              }
            }
          ]
        },
        {
          "tool-name": "Elixir",
          "pattern-name": "Elixir:update_type_ref",
          "Unified_Diff_of-files:": "Starts Below...",
          "CHANGE_old:": "                                            (AutoCloseable) proxiedConnection, result));",
          "CHANGE_new:": "",
          "INSERT:": "",
          "DELETE:": "                throw e.getTargetException();",
          "instance_detail": [
            {
              "pattern_action": "UPD",
              "pattern_entity": {
                "entity_type": "TypeReference",
                "entity_new value": "*",
                "entity_role": "*",
                "entity_parent": "null"
              },
              "concrete_change": {
                "operator": "UPD",
                "src_type": "TypeReference",
                "dst_type": "TypeReference",
                "src": "io.lettuce.core.cluster.SynchronizingClusterConnectionProvider.Sync\u003cK, V\u003e",
                "dst": "java.lang.Object",
                "src_parent_type": "LocalVariable",
                "dst_parent_type": "LocalVariable",
                "src_parent": "io.lettuce.core.cluster.SynchronizingClusterConnectionProvider.Sync\u003cK, V\u003e sync",
                "dst_parent": "java.lang.Object sync"
              },
              "line": 126,
              "file": "/home/khesoem/projects/lighter/exp/src/main/java/io/lettuce/core/cluster/SynchronizingClusterConnectionProvider.java",
              "stats": {
                "number_of_src_entities": 5,
                "number_of_dst_entities": 2,
                "src_entity_types": "[io.lettuce.core.cluster.SynchronizingClusterConnectionProvider, io.lettuce.core.cluster.SynchronizingClusterConnectionProvider.Sync\u003cK, V\u003e]",
                "dst_entity_types": "[java.lang.Object]"
              }
            }
          ]
        }
      ]
    },
    {
      "revision": "3c423f3298ebe9af656025509da998e4e9124a37",
      "repairability": [
        {
          "tool-name": "Elixir",
          "pattern-name": "Elixir:update_type_ref",
          "Unified_Diff_of-files:": "Starts Below...",
          "CHANGE_old:": "                                            (AutoCloseable) proxiedConnection, result));",
          "CHANGE_new:": "",
          "INSERT:": "",
          "DELETE:": "                throw e.getTargetException();",
          "instance_detail": [
            {
              "pattern_action": "UPD",
              "pattern_entity": {
                "entity_type": "TypeReference",
                "entity_new value": "*",
                "entity_role": "*",
                "entity_parent": "null"
              },
              "concrete_change": {
                "operator": "UPD",
                "src_type": "TypeReference",
                "dst_type": "TypeReference",
                "src": "java.lang.StringBuffer",
                "dst": "java.lang.StringBuilder",
                "src_parent_type": "LocalVariable",
                "dst_parent_type": "LocalVariable",
                "src_parent": "java.lang.StringBuffer buffer \u003d new java.lang.StringBuffer(redisClusterNode.getNodeId())",
                "dst_parent": "java.lang.StringBuilder buffer \u003d new java.lang.StringBuilder(redisClusterNode.getNodeId())"
              },
              "line": 260,
              "file": "/home/khesoem/projects/lighter/exp/src/main/java/io/lettuce/core/cluster/NodeSelectionInvocationHandler.java",
              "stats": {
                "number_of_src_entities": 2,
                "number_of_dst_entities": 2,
                "src_entity_types": "[java.lang.StringBuffer]",
                "dst_entity_types": "[java.lang.StringBuilder]"
              }
            }
          ]
        }
      ]
    },
    {
      "revision": "3c423f3298ebe9af656025509da998e4e9124a37",
      "repairability": [
        {
          "tool-name": "Elixir",
          "pattern-name": "Elixir:check_length",
          "Unified_Diff_of-files:": "Starts Below...",
          "CHANGE_old:": "                                            (AutoCloseable) proxiedConnection, result));",
          "CHANGE_new:": "",
          "INSERT:": "",
          "DELETE:": "                throw e.getTargetException();",
          "instance_detail": [
            {
              "pattern_action": "INS",
              "pattern_entity": {
                "entity_type": "If",
                "entity_new value": "*",
                "entity_role": "*",
                "entity_parent": "null"
              },
              "concrete_change": {
                "operator": "INS",
                "src_type": "If",
                "dst_type": "null",
                "src": "if (f.isSuccess()) {\n    result.setSuccess(true);\n} else {\n    result.setFailure(f.cause());\n}",
                "dst": "null",
                "src_parent_type": "Block",
                "dst_parent_type": "null",
                "src_parent": "{\n    if (f.isSuccess()) {\n        result.setSuccess(true);\n    } else {\n        result.setFailure(f.cause());\n    }\n}",
                "dst_parent": "null"
              },
              "line": 45,
              "file": "/home/khesoem/projects/lighter/exp/src/main/java/io/lettuce/core/resource/Futures.java"
            },
            {
              "pattern_action": "MOV",
              "pattern_entity": {
                "entity_type": "Statement",
                "entity_new value": "*",
                "entity_role": "*",
                "entity_parent": "null"
              },
              "concrete_change": {
                "operator": "MOV",
                "src_type": "Invocation",
                "dst_type": "Invocation",
                "src": "future.isSuccess()",
                "dst": "f.isSuccess()",
                "src_parent_type": "If",
                "dst_parent_type": "If",
                "src_parent": "if (future.isSuccess()) {\n    result.setSuccess(true);\n} else {\n    result.setFailure(future.cause());\n}",
                "dst_parent": "if (f.isSuccess()) {\n    result.setSuccess(true);\n} else {\n    result.setFailure(f.cause());\n}"
              },
              "line": 47,
              "file": "/home/khesoem/projects/lighter/exp/src/main/java/io/lettuce/core/resource/Futures.java",
              "stats": {
                "number_of_src_entities": 13,
                "number_of_dst_entities": 6,
                "src_entity_types": "[java.lang.Object, io.lettuce.core.resource.Future\u003cjava.lang.Object\u003e]",
                "dst_entity_types": "[io.lettuce.core.resource.f]"
              }
            }
          ]
        },
        {
          "tool-name": "Elixir",
          "pattern-name": "Elixir:check_length",
          "Unified_Diff_of-files:": "Starts Below...",
          "CHANGE_old:": "                                            (AutoCloseable) proxiedConnection, result));",
          "CHANGE_new:": "",
          "INSERT:": "",
          "DELETE:": "                throw e.getTargetException();",
          "instance_detail": [
            {
              "pattern_action": "INS",
              "pattern_entity": {
                "entity_type": "If",
                "entity_new value": "*",
                "entity_role": "*",
                "entity_parent": "null"
              },
              "concrete_change": {
                "operator": "INS",
                "src_type": "If",
                "dst_type": "null",
                "src": "if (f.isSuccess()) {\n    result.setSuccess(true);\n} else {\n    result.setFailure(f.cause());\n}",
                "dst": "null",
                "src_parent_type": "Block",
                "dst_parent_type": "null",
                "src_parent": "{\n    if (f.isSuccess()) {\n        result.setSuccess(true);\n    } else {\n        result.setFailure(f.cause());\n    }\n}",
                "dst_parent": "null"
              },
              "line": 45,
              "file": "/home/khesoem/projects/lighter/exp/src/main/java/io/lettuce/core/resource/Futures.java"
            },
            {
              "pattern_action": "MOV",
              "pattern_entity": {
                "entity_type": "Statement",
                "entity_new value": "*",
                "entity_role": "*",
                "entity_parent": "null"
              },
              "concrete_change": {
                "operator": "MOV",
                "src_type": "Block",
                "dst_type": "Block",
                "src": "{\n    result.setSuccess(true);\n}",
                "dst": "{\n    result.setSuccess(true);\n}",
                "src_parent_type": "If",
                "dst_parent_type": "If",
                "src_parent": "if (future.isSuccess()) {\n    result.setSuccess(true);\n} else {\n    result.setFailure(future.cause());\n}",
                "dst_parent": "if (f.isSuccess()) {\n    result.setSuccess(true);\n} else {\n    result.setFailure(f.cause());\n}"
              },
              "line": 47,
              "file": "/home/khesoem/projects/lighter/exp/src/main/java/io/lettuce/core/resource/Futures.java",
              "stats": {
                "number_of_src_entities": 16,
                "number_of_dst_entities": 13,
                "src_entity_types": "[boolean, io.lettuce.core.resource.DefaultPromise\u003cjava.lang.Boolean\u003e, java.lang.Boolean]",
                "dst_entity_types": "[boolean, io.lettuce.core.resource.result, io.lettuce.core.resource.DefaultPromise\u003cjava.lang.Boolean\u003e, java.lang.Boolean]"
              }
            }
          ]
        },
        {
          "tool-name": "Elixir",
          "pattern-name": "Elixir:check_length",
          "Unified_Diff_of-files:": "Starts Below...",
          "CHANGE_old:": "                                            (AutoCloseable) proxiedConnection, result));",
          "CHANGE_new:": "",
          "INSERT:": "",
          "DELETE:": "                throw e.getTargetException();",
          "instance_detail": [
            {
              "pattern_action": "INS",
              "pattern_entity": {
                "entity_type": "If",
                "entity_new value": "*",
                "entity_role": "*",
                "entity_parent": "null"
              },
              "concrete_change": {
                "operator": "INS",
                "src_type": "If",
                "dst_type": "null",
                "src": "if (f.isSuccess()) {\n    result.setSuccess(true);\n} else {\n    result.setFailure(f.cause());\n}",
                "dst": "null",
                "src_parent_type": "Block",
                "dst_parent_type": "null",
                "src_parent": "{\n    if (f.isSuccess()) {\n        result.setSuccess(true);\n    } else {\n        result.setFailure(f.cause());\n    }\n}",
                "dst_parent": "null"
              },
              "line": 45,
              "file": "/home/khesoem/projects/lighter/exp/src/main/java/io/lettuce/core/resource/Futures.java"
            },
            {
              "pattern_action": "MOV",
              "pattern_entity": {
                "entity_type": "Statement",
                "entity_new value": "*",
                "entity_role": "*",
                "entity_parent": "null"
              },
              "concrete_change": {
                "operator": "MOV",
                "src_type": "Block",
                "dst_type": "Block",
                "src": "{\n    result.setFailure(future.cause());\n}",
                "dst": "{\n    result.setFailure(f.cause());\n}",
                "src_parent_type": "If",
                "dst_parent_type": "If",
                "src_parent": "if (future.isSuccess()) {\n    result.setSuccess(true);\n} else {\n    result.setFailure(future.cause());\n}",
                "dst_parent": "if (f.isSuccess()) {\n    result.setSuccess(true);\n} else {\n    result.setFailure(f.cause());\n}"
              },
              "line": 49,
              "file": "/home/khesoem/projects/lighter/exp/src/main/java/io/lettuce/core/resource/Futures.java",
              "stats": {
                "number_of_src_entities": 25,
                "number_of_dst_entities": 17,
                "src_entity_types": "[java.lang.Object, io.lettuce.core.resource.DefaultPromise\u003cjava.lang.Boolean\u003e, java.lang.Boolean, io.lettuce.core.resource.Future\u003cjava.lang.Object\u003e]",
                "dst_entity_types": "[io.lettuce.core.resource.result, io.lettuce.core.resource.DefaultPromise\u003cjava.lang.Boolean\u003e, io.lettuce.core.resource.f, java.lang.Boolean]"
              }
            }
          ]
        }
      ]
    },
    {
      "revision": "3c423f3298ebe9af656025509da998e4e9124a37",
      "repairability": [
        {
          "tool-name": "Elixir",
          "pattern-name": "Elixir:update_type_ref",
          "Unified_Diff_of-files:": "Starts Below...",
          "CHANGE_old:": "                                            (AutoCloseable) proxiedConnection, result));",
          "CHANGE_new:": "",
          "INSERT:": "",
          "DELETE:": "                throw e.getTargetException();",
          "instance_detail": [
            {
              "pattern_action": "UPD",
              "pattern_entity": {
                "entity_type": "TypeReference",
                "entity_new value": "*",
                "entity_role": "*",
                "entity_parent": "null"
              },
              "concrete_change": {
                "operator": "UPD",
                "src_type": "TypeParameterReference",
                "dst_type": "TypeReference",
                "src": "K",
                "dst": "java.lang.Object",
                "src_parent_type": "Parameter",
                "dst_parent_type": "Parameter",
                "src_parent": "K key",
                "dst_parent": "java.lang.Object key"
              },
              "line": 2758,
              "file": "/home/khesoem/projects/lighter/exp/src/main/java/io/lettuce/core/RedisCommandBuilder.java",
              "stats": {
                "number_of_src_entities": 1,
                "number_of_dst_entities": 2,
                "src_entity_types": "[]",
                "dst_entity_types": "[java.lang.Object]"
              }
            }
          ]
        },
        {
          "tool-name": "Elixir",
          "pattern-name": "Elixir:update_type_ref",
          "Unified_Diff_of-files:": "Starts Below...",
          "CHANGE_old:": "                                            (AutoCloseable) proxiedConnection, result));",
          "CHANGE_new:": "",
          "INSERT:": "",
          "DELETE:": "                throw e.getTargetException();",
          "instance_detail": [
            {
              "pattern_action": "UPD",
              "pattern_entity": {
                "entity_type": "TypeReference",
                "entity_new value": "*",
                "entity_role": "*",
                "entity_parent": "null"
              },
              "concrete_change": {
                "operator": "UPD",
                "src_type": "ArrayTypeReference",
                "dst_type": "ArrayTypeReference",
                "src": "K[]",
                "dst": "java.lang.Object[]",
                "src_parent_type": "Parameter",
                "dst_parent_type": "Parameter",
                "src_parent": "K[] keys",
                "dst_parent": "java.lang.Object[] keys"
              },
              "line": 2775,
              "file": "/home/khesoem/projects/lighter/exp/src/main/java/io/lettuce/core/RedisCommandBuilder.java",
              "stats": {
                "number_of_src_entities": 2,
                "number_of_dst_entities": 3,
                "src_entity_types": "[]",
                "dst_entity_types": "[java.lang.Object]"
              }
            }
          ]
        },
        {
          "tool-name": "Elixir",
          "pattern-name": "Elixir:update_type_ref",
          "Unified_Diff_of-files:": "Starts Below...",
          "CHANGE_old:": "                                            (AutoCloseable) proxiedConnection, result));",
          "CHANGE_new:": "",
          "INSERT:": "",
          "DELETE:": "                throw e.getTargetException();",
          "instance_detail": [
            {
              "pattern_action": "UPD",
              "pattern_entity": {
                "entity_type": "TypeReference",
                "entity_new value": "*",
                "entity_role": "*",
                "entity_parent": "null"
              },
              "concrete_change": {
                "operator": "UPD",
                "src_type": "ArrayTypeReference",
                "dst_type": "ArrayTypeReference",
                "src": "V[]",
                "dst": "java.lang.Object[]",
                "src_parent_type": "Parameter",
                "dst_parent_type": "Parameter",
                "src_parent": "V[] values",
                "dst_parent": "java.lang.Object[] values"
              },
              "line": 2780,
              "file": "/home/khesoem/projects/lighter/exp/src/main/java/io/lettuce/core/RedisCommandBuilder.java",
              "stats": {
                "number_of_src_entities": 2,
                "number_of_dst_entities": 3,
                "src_entity_types": "[]",
                "dst_entity_types": "[java.lang.Object]"
              }
            }
          ]
        }
      ]
    },
    {
      "revision": "3c423f3298ebe9af656025509da998e4e9124a37",
      "repairability": [
        {
          "tool-name": "Elixir",
          "pattern-name": "Elixir:update_type_ref",
          "Unified_Diff_of-files:": "Starts Below...",
          "CHANGE_old:": "                                            (AutoCloseable) proxiedConnection, result));",
          "CHANGE_new:": "",
          "INSERT:": "",
          "DELETE:": "                throw e.getTargetException();",
          "instance_detail": [
            {
              "pattern_action": "UPD",
              "pattern_entity": {
                "entity_type": "TypeReference",
                "entity_new value": "*",
                "entity_role": "*",
                "entity_parent": "null"
              },
              "concrete_change": {
                "operator": "UPD",
                "src_type": "TypeReference",
                "dst_type": "TypeReference",
                "src": "io.lettuce.core.dynamic.codec.AnnotationRedisCodecResolver.Voted\u003cio.lettuce.core.codec.RedisCodec\u003c?, ?\u003e\u003e",
                "dst": "void",
                "src_parent_type": "Method",
                "dst_parent_type": "Method",
                "src_parent": "private io.lettuce.core.dynamic.codec.AnnotationRedisCodecResolver.Voted\u003cio.lettuce.core.codec.RedisCodec\u003c?, ?\u003e\u003e voteForTypeMajority(io.lettuce.core.dynamic.CommandMethod commandMethod) {\n    java.util.List\u003cio.lettuce.core.dynamic.codec.AnnotationRedisCodecResolver.Voted\u003cio.lettuce.core.codec.RedisCodec\u003c?, ?\u003e\u003e\u003e votes \u003d codecs.stream().map(( redisCodec) -\u003e new Voted\u003cRedisCodec\u003c?, ?\u003e\u003e(redisCodec, 0)).collect(java.util.stream.Collectors.toList());\n    commandMethod.getParameters().getBindableParameters().forEach(( parameter) -\u003e {\n        for (Voted\u003cRedisCodec\u003c?, ?\u003e\u003e vote : votes) {\n            ClassTypeInformation\u003c? extends io.lettuce.core.codec.RedisCodec\u003e typeInformation \u003d io.lettuce.core.dynamic.support.ClassTypeInformation.from(vote.subject.getClass());\n            TypeInformation\u003c?\u003e superTypeInformation \u003d typeInformation.getSuperTypeInformation(.class);\n            List\u003cTypeInformation\u003c?\u003e\u003e typeArguments \u003d superTypeInformation.getTypeArguments();\n            if ((typeArguments.size()) !\u003d 2) {\n                continue;\n            }\n            TypeInformation\u003c?\u003e parameterType \u003d parameter.getTypeInformation();\n            TypeInformation\u003c?\u003e parameterKeyType \u003d io.lettuce.core.dynamic.codec.ParameterWrappers.getKeyType(parameterType);\n            TypeInformation\u003c?\u003e parameterValueType \u003d io.lettuce.core.dynamic.codec.ParameterWrappers.getValueType(parameterType);\n            TypeInformation\u003c?\u003e keyType \u003d typeArguments.get(0);\n            TypeInformation\u003c?\u003e valueType \u003d typeArguments.get(1);\n            if (keyType.isAssignableFrom(parameterKeyType)) {\n                vote.votes++;\n            }\n            if (valueType.isAssignableFrom(parameterValueType)) {\n                vote.votes++;\n            }\n        }\n    });\n    java.util.Collections.sort(votes);\n    if (votes.isEmpty()) {\n        return null;\n    }\n    io.lettuce.core.dynamic.codec.AnnotationRedisCodecResolver.Voted\u003cio.lettuce.core.codec.RedisCodec\u003c?, ?\u003e\u003e voted \u003d votes.get(((votes.size()) - 1));\n    if ((voted.votes) \u003d\u003d 0) {\n        return null;\n    }\n    return voted;\n}",
                "dst_parent": "@java.lang.SuppressWarnings(\"rawtypes\")\nprivate static void vote(java.util.List\u003cio.lettuce.core.dynamic.codec.AnnotationRedisCodecResolver.Voted\u003cRedisCodec\u003c?, ?\u003e\u003e\u003e votes, io.lettuce.core.dynamic.parameter.Parameter parameter) {\n    for (io.lettuce.core.dynamic.codec.AnnotationRedisCodecResolver.Voted\u003cRedisCodec\u003c?, ?\u003e\u003e vote : votes) {\n        io.lettuce.core.dynamic.support.ClassTypeInformation\u003c? extends RedisCodec\u003e typeInformation \u003d io.lettuce.core.dynamic.support.ClassTypeInformation.from(vote.subject.getClass());\n        io.lettuce.core.dynamic.support.TypeInformation\u003c?\u003e superTypeInformation \u003d typeInformation.getSuperTypeInformation(RedisCodec.class);\n        java.util.List\u003cio.lettuce.core.dynamic.support.TypeInformation\u003c?\u003e\u003e typeArguments \u003d superTypeInformation.getTypeArguments();\n        if ((typeArguments.size()) !\u003d 2) {\n            continue;\n        }\n        io.lettuce.core.dynamic.support.TypeInformation\u003c?\u003e parameterType \u003d parameter.getTypeInformation();\n        io.lettuce.core.dynamic.support.TypeInformation\u003c?\u003e parameterKeyType \u003d io.lettuce.core.dynamic.codec.AnnotationRedisCodecResolver.ParameterWrappers.getKeyType(parameterType);\n        io.lettuce.core.dynamic.support.TypeInformation\u003c?\u003e parameterValueType \u003d io.lettuce.core.dynamic.codec.AnnotationRedisCodecResolver.ParameterWrappers.getValueType(parameterType);\n        io.lettuce.core.dynamic.support.TypeInformation\u003c?\u003e keyType \u003d typeArguments.get(0);\n        io.lettuce.core.dynamic.support.TypeInformation\u003c?\u003e valueType \u003d typeArguments.get(1);\n        if (keyType.isAssignableFrom(parameterKeyType)) {\n            (vote.votes)++;\n        }\n        if (valueType.isAssignableFrom(parameterValueType)) {\n            (vote.votes)++;\n        }\n    }\n}"
              },
              "line": 86,
              "file": "/home/khesoem/projects/lighter/exp/src/main/java/io/lettuce/core/dynamic/codec/AnnotationRedisCodecResolver.java",
              "stats": {
                "number_of_src_entities": 11,
                "number_of_dst_entities": 1,
                "src_entity_types": "[io.lettuce.core.dynamic.codec.AnnotationRedisCodecResolver, , io.lettuce.core.codec.RedisCodec\u003c?, ?\u003e, io.lettuce.core.dynamic.codec.AnnotationRedisCodecResolver.Voted\u003cio.lettuce.core.codec.RedisCodec\u003c?, ?\u003e\u003e]",
                "dst_entity_types": "[void]"
              }
            }
          ]
        },
        {
          "tool-name": "Elixir",
          "pattern-name": "Elixir:update_type_ref",
          "Unified_Diff_of-files:": "Starts Below...",
          "CHANGE_old:": "                                            (AutoCloseable) proxiedConnection, result));",
          "CHANGE_new:": "",
          "INSERT:": "",
          "DELETE:": "                throw e.getTargetException();",
          "instance_detail": [
            {
              "pattern_action": "UPD",
              "pattern_entity": {
                "entity_type": "TypeReference",
                "entity_new value": "*",
                "entity_role": "*",
                "entity_parent": "null"
              },
              "concrete_change": {
                "operator": "UPD",
                "src_type": "TypeReference",
                "dst_type": "TypeReference",
                "src": "Voted\u003cRedisCodec\u003c?, ?\u003e\u003e",
                "dst": "io.lettuce.core.dynamic.codec.AnnotationRedisCodecResolver.Voted\u003cio.lettuce.core.codec.RedisCodec\u003c?, ?\u003e\u003e",
                "src_parent_type": "LocalVariable",
                "dst_parent_type": "LocalVariable",
                "src_parent": "Voted\u003cRedisCodec\u003c?, ?\u003e\u003e vote",
                "dst_parent": "io.lettuce.core.dynamic.codec.AnnotationRedisCodecResolver.Voted\u003cio.lettuce.core.codec.RedisCodec\u003c?, ?\u003e\u003e vote"
              },
              "line": 93,
              "file": "/home/khesoem/projects/lighter/exp/src/main/java/io/lettuce/core/dynamic/codec/AnnotationRedisCodecResolver.java",
              "stats": {
                "number_of_src_entities": 10,
                "number_of_dst_entities": 11,
                "src_entity_types": "[, RedisCodec\u003c?, ?\u003e, Voted\u003cRedisCodec\u003c?, ?\u003e\u003e]",
                "dst_entity_types": "[io.lettuce.core.dynamic.codec.AnnotationRedisCodecResolver, , io.lettuce.core.codec.RedisCodec\u003c?, ?\u003e, io.lettuce.core.dynamic.codec.AnnotationRedisCodecResolver.Voted\u003cio.lettuce.core.codec.RedisCodec\u003c?, ?\u003e\u003e]"
              }
            }
          ]
        },
        {
          "tool-name": "Elixir",
          "pattern-name": "Elixir:update_type_ref",
          "Unified_Diff_of-files:": "Starts Below...",
          "CHANGE_old:": "                                            (AutoCloseable) proxiedConnection, result));",
          "CHANGE_new:": "",
          "INSERT:": "",
          "DELETE:": "                throw e.getTargetException();",
          "instance_detail": [
            {
              "pattern_action": "UPD",
              "pattern_entity": {
                "entity_type": "TypeReference",
                "entity_new value": "*",
                "entity_role": "*",
                "entity_parent": "null"
              },
              "concrete_change": {
                "operator": "UPD",
                "src_type": "TypeReference",
                "dst_type": "TypeReference",
                "src": "ClassTypeInformation\u003c? extends io.lettuce.core.codec.RedisCodec\u003e",
                "dst": "io.lettuce.core.dynamic.support.ClassTypeInformation\u003c? extends io.lettuce.core.codec.RedisCodec\u003e",
                "src_parent_type": "LocalVariable",
                "dst_parent_type": "LocalVariable",
                "src_parent": "ClassTypeInformation\u003c? extends io.lettuce.core.codec.RedisCodec\u003e typeInformation \u003d io.lettuce.core.dynamic.support.ClassTypeInformation.from(vote.subject.getClass())",
                "dst_parent": "io.lettuce.core.dynamic.support.ClassTypeInformation\u003c? extends RedisCodec\u003e typeInformation \u003d io.lettuce.core.dynamic.support.ClassTypeInformation.from(vote.subject.getClass())"
              },
              "line": 95,
              "file": "/home/khesoem/projects/lighter/exp/src/main/java/io/lettuce/core/dynamic/codec/AnnotationRedisCodecResolver.java",
              "stats": {
                "number_of_src_entities": 5,
                "number_of_dst_entities": 5,
                "src_entity_types": "[io.lettuce.core.codec.RedisCodec, ClassTypeInformation\u003c? extends io.lettuce.core.codec.RedisCodec\u003e]",
                "dst_entity_types": "[io.lettuce.core.codec.RedisCodec, io.lettuce.core.dynamic.support.ClassTypeInformation\u003c? extends io.lettuce.core.codec.RedisCodec\u003e]"
              }
            }
          ]
        },
        {
          "tool-name": "Elixir",
          "pattern-name": "Elixir:update_type_ref",
          "Unified_Diff_of-files:": "Starts Below...",
          "CHANGE_old:": "                                            (AutoCloseable) proxiedConnection, result));",
          "CHANGE_new:": "",
          "INSERT:": "",
          "DELETE:": "                throw e.getTargetException();",
          "instance_detail": [
            {
              "pattern_action": "UPD",
              "pattern_entity": {
                "entity_type": "TypeReference",
                "entity_new value": "*",
                "entity_role": "*",
                "entity_parent": "null"
              },
              "concrete_change": {
                "operator": "UPD",
                "src_type": "TypeReference",
                "dst_type": "TypeReference",
                "src": "TypeInformation\u003c?\u003e",
                "dst": "io.lettuce.core.dynamic.support.TypeInformation\u003c?\u003e",
                "src_parent_type": "LocalVariable",
                "dst_parent_type": "LocalVariable",
                "src_parent": "TypeInformation\u003c?\u003e superTypeInformation \u003d typeInformation.getSuperTypeInformation(.class)",
                "dst_parent": "io.lettuce.core.dynamic.support.TypeInformation\u003c?\u003e superTypeInformation \u003d typeInformation.getSuperTypeInformation(io.lettuce.core.codec.RedisCodec.class)"
              },
              "line": 97,
              "file": "/home/khesoem/projects/lighter/exp/src/main/java/io/lettuce/core/dynamic/codec/AnnotationRedisCodecResolver.java",
              "stats": {
                "number_of_src_entities": 5,
                "number_of_dst_entities": 5,
                "src_entity_types": "[, TypeInformation\u003c?\u003e]",
                "dst_entity_types": "[, io.lettuce.core.dynamic.support.TypeInformation\u003c?\u003e]"
              }
            }
          ]
        },
        {
          "tool-name": "Elixir",
          "pattern-name": "Elixir:update_type_ref",
          "Unified_Diff_of-files:": "Starts Below...",
          "CHANGE_old:": "                                            (AutoCloseable) proxiedConnection, result));",
          "CHANGE_new:": "",
          "INSERT:": "",
          "DELETE:": "                throw e.getTargetException();",
          "instance_detail": [
            {
              "pattern_action": "UPD",
              "pattern_entity": {
                "entity_type": "TypeReference",
                "entity_new value": "*",
                "entity_role": "*",
                "entity_parent": "null"
              },
              "concrete_change": {
                "operator": "UPD",
                "src_type": "TypeReference",
                "dst_type": "TypeReference",
                "src": "List\u003cTypeInformation\u003c?\u003e\u003e",
                "dst": "java.util.List\u003cio.lettuce.core.dynamic.support.TypeInformation\u003c?\u003e\u003e",
                "src_parent_type": "LocalVariable",
                "dst_parent_type": "LocalVariable",
                "src_parent": "List\u003cTypeInformation\u003c?\u003e\u003e typeArguments \u003d superTypeInformation.getTypeArguments()",
                "dst_parent": "java.util.List\u003cio.lettuce.core.dynamic.support.TypeInformation\u003c?\u003e\u003e typeArguments \u003d superTypeInformation.getTypeArguments()"
              },
              "line": 99,
              "file": "/home/khesoem/projects/lighter/exp/src/main/java/io/lettuce/core/dynamic/codec/AnnotationRedisCodecResolver.java",
              "stats": {
                "number_of_src_entities": 7,
                "number_of_dst_entities": 7,
                "src_entity_types": "[, List\u003cTypeInformation\u003c?\u003e\u003e, TypeInformation\u003c?\u003e]",
                "dst_entity_types": "[, java.util.List\u003cio.lettuce.core.dynamic.support.TypeInformation\u003c?\u003e\u003e, io.lettuce.core.dynamic.support.TypeInformation\u003c?\u003e]"
              }
            }
          ]
        },
        {
          "tool-name": "Elixir",
          "pattern-name": "Elixir:update_type_ref",
          "Unified_Diff_of-files:": "Starts Below...",
          "CHANGE_old:": "                                            (AutoCloseable) proxiedConnection, result));",
          "CHANGE_new:": "",
          "INSERT:": "",
          "DELETE:": "                throw e.getTargetException();",
          "instance_detail": [
            {
              "pattern_action": "UPD",
              "pattern_entity": {
                "entity_type": "TypeReference",
                "entity_new value": "*",
                "entity_role": "*",
                "entity_parent": "null"
              },
              "concrete_change": {
                "operator": "UPD",
                "src_type": "TypeReference",
                "dst_type": "TypeReference",
                "src": "TypeInformation\u003c?\u003e",
                "dst": "io.lettuce.core.dynamic.support.TypeInformation\u003c?\u003e",
                "src_parent_type": "LocalVariable",
                "dst_parent_type": "LocalVariable",
                "src_parent": "TypeInformation\u003c?\u003e parameterType \u003d parameter.getTypeInformation()",
                "dst_parent": "io.lettuce.core.dynamic.support.TypeInformation\u003c?\u003e parameterType \u003d parameter.getTypeInformation()"
              },
              "line": 105,
              "file": "/home/khesoem/projects/lighter/exp/src/main/java/io/lettuce/core/dynamic/codec/AnnotationRedisCodecResolver.java",
              "stats": {
                "number_of_src_entities": 5,
                "number_of_dst_entities": 5,
                "src_entity_types": "[, TypeInformation\u003c?\u003e]",
                "dst_entity_types": "[, io.lettuce.core.dynamic.support.TypeInformation\u003c?\u003e]"
              }
            }
          ]
        },
        {
          "tool-name": "Elixir",
          "pattern-name": "Elixir:update_type_ref",
          "Unified_Diff_of-files:": "Starts Below...",
          "CHANGE_old:": "                                            (AutoCloseable) proxiedConnection, result));",
          "CHANGE_new:": "",
          "INSERT:": "",
          "DELETE:": "                throw e.getTargetException();",
          "instance_detail": [
            {
              "pattern_action": "UPD",
              "pattern_entity": {
                "entity_type": "TypeReference",
                "entity_new value": "*",
                "entity_role": "*",
                "entity_parent": "null"
              },
              "concrete_change": {
                "operator": "UPD",
                "src_type": "TypeReference",
                "dst_type": "TypeReference",
                "src": "TypeInformation\u003c?\u003e",
                "dst": "io.lettuce.core.dynamic.support.TypeInformation\u003c?\u003e",
                "src_parent_type": "LocalVariable",
                "dst_parent_type": "LocalVariable",
                "src_parent": "TypeInformation\u003c?\u003e parameterKeyType \u003d io.lettuce.core.dynamic.codec.ParameterWrappers.getKeyType(parameterType)",
                "dst_parent": "io.lettuce.core.dynamic.support.TypeInformation\u003c?\u003e parameterKeyType \u003d io.lettuce.core.dynamic.codec.AnnotationRedisCodecResolver.ParameterWrappers.getKeyType(parameterType)"
              },
              "line": 106,
              "file": "/home/khesoem/projects/lighter/exp/src/main/java/io/lettuce/core/dynamic/codec/AnnotationRedisCodecResolver.java",
              "stats": {
                "number_of_src_entities": 5,
                "number_of_dst_entities": 5,
                "src_entity_types": "[, TypeInformation\u003c?\u003e]",
                "dst_entity_types": "[, io.lettuce.core.dynamic.support.TypeInformation\u003c?\u003e]"
              }
            }
          ]
        },
        {
          "tool-name": "Elixir",
          "pattern-name": "Elixir:update_type_ref",
          "Unified_Diff_of-files:": "Starts Below...",
          "CHANGE_old:": "                                            (AutoCloseable) proxiedConnection, result));",
          "CHANGE_new:": "",
          "INSERT:": "",
          "DELETE:": "                throw e.getTargetException();",
          "instance_detail": [
            {
              "pattern_action": "UPD",
              "pattern_entity": {
                "entity_type": "TypeReference",
                "entity_new value": "*",
                "entity_role": "*",
                "entity_parent": "null"
              },
              "concrete_change": {
                "operator": "UPD",
                "src_type": "TypeReference",
                "dst_type": "TypeReference",
                "src": "TypeInformation\u003c?\u003e",
                "dst": "io.lettuce.core.dynamic.support.TypeInformation\u003c?\u003e",
                "src_parent_type": "LocalVariable",
                "dst_parent_type": "LocalVariable",
                "src_parent": "TypeInformation\u003c?\u003e parameterValueType \u003d io.lettuce.core.dynamic.codec.ParameterWrappers.getValueType(parameterType)",
                "dst_parent": "io.lettuce.core.dynamic.support.TypeInformation\u003c?\u003e parameterValueType \u003d io.lettuce.core.dynamic.codec.AnnotationRedisCodecResolver.ParameterWrappers.getValueType(parameterType)"
              },
              "line": 107,
              "file": "/home/khesoem/projects/lighter/exp/src/main/java/io/lettuce/core/dynamic/codec/AnnotationRedisCodecResolver.java",
              "stats": {
                "number_of_src_entities": 5,
                "number_of_dst_entities": 5,
                "src_entity_types": "[, TypeInformation\u003c?\u003e]",
                "dst_entity_types": "[, io.lettuce.core.dynamic.support.TypeInformation\u003c?\u003e]"
              }
            }
          ]
        },
        {
          "tool-name": "Elixir",
          "pattern-name": "Elixir:update_type_ref",
          "Unified_Diff_of-files:": "Starts Below...",
          "CHANGE_old:": "                                            (AutoCloseable) proxiedConnection, result));",
          "CHANGE_new:": "",
          "INSERT:": "",
          "DELETE:": "                throw e.getTargetException();",
          "instance_detail": [
            {
              "pattern_action": "UPD",
              "pattern_entity": {
                "entity_type": "TypeReference",
                "entity_new value": "*",
                "entity_role": "*",
                "entity_parent": "null"
              },
              "concrete_change": {
                "operator": "UPD",
                "src_type": "TypeReference",
                "dst_type": "TypeReference",
                "src": "TypeInformation\u003c?\u003e",
                "dst": "io.lettuce.core.dynamic.support.TypeInformation\u003c?\u003e",
                "src_parent_type": "LocalVariable",
                "dst_parent_type": "LocalVariable",
                "src_parent": "TypeInformation\u003c?\u003e keyType \u003d typeArguments.get(0)",
                "dst_parent": "io.lettuce.core.dynamic.support.TypeInformation\u003c?\u003e keyType \u003d typeArguments.get(0)"
              },
              "line": 109,
              "file": "/home/khesoem/projects/lighter/exp/src/main/java/io/lettuce/core/dynamic/codec/AnnotationRedisCodecResolver.java",
              "stats": {
                "number_of_src_entities": 5,
                "number_of_dst_entities": 5,
                "src_entity_types": "[, TypeInformation\u003c?\u003e]",
                "dst_entity_types": "[, io.lettuce.core.dynamic.support.TypeInformation\u003c?\u003e]"
              }
            }
          ]
        },
        {
          "tool-name": "Elixir",
          "pattern-name": "Elixir:update_type_ref",
          "Unified_Diff_of-files:": "Starts Below...",
          "CHANGE_old:": "                                            (AutoCloseable) proxiedConnection, result));",
          "CHANGE_new:": "",
          "INSERT:": "",
          "DELETE:": "                throw e.getTargetException();",
          "instance_detail": [
            {
              "pattern_action": "UPD",
              "pattern_entity": {
                "entity_type": "TypeReference",
                "entity_new value": "*",
                "entity_role": "*",
                "entity_parent": "null"
              },
              "concrete_change": {
                "operator": "UPD",
                "src_type": "TypeReference",
                "dst_type": "TypeReference",
                "src": "TypeInformation\u003c?\u003e",
                "dst": "io.lettuce.core.dynamic.support.TypeInformation\u003c?\u003e",
                "src_parent_type": "LocalVariable",
                "dst_parent_type": "LocalVariable",
                "src_parent": "TypeInformation\u003c?\u003e valueType \u003d typeArguments.get(1)",
                "dst_parent": "io.lettuce.core.dynamic.support.TypeInformation\u003c?\u003e valueType \u003d typeArguments.get(1)"
              },
              "line": 110,
              "file": "/home/khesoem/projects/lighter/exp/src/main/java/io/lettuce/core/dynamic/codec/AnnotationRedisCodecResolver.java",
              "stats": {
                "number_of_src_entities": 5,
                "number_of_dst_entities": 5,
                "src_entity_types": "[, TypeInformation\u003c?\u003e]",
                "dst_entity_types": "[, io.lettuce.core.dynamic.support.TypeInformation\u003c?\u003e]"
              }
            }
          ]
        },
        {
          "tool-name": "Elixir",
          "pattern-name": "Elixir:update_invocation_deep",
          "Unified_Diff_of-files:": "Starts Below...",
          "CHANGE_old:": "                                            (AutoCloseable) proxiedConnection, result));",
          "CHANGE_new:": "",
          "INSERT:": "",
          "DELETE:": "                throw e.getTargetException();",
          "instance_detail": [
            {
              "pattern_action": "ANY",
              "pattern_entity": {
                "entity_type": "*",
                "entity_new value": "*",
                "entity_role": "*",
                "entity_parent": {
                  "entity_type": "AbstractInvocation",
                  "entity_new value": "*",
                  "entity_role": "*",
                  "entity_parent": "null"
                }
              },
              "concrete_change": {
                "operator": "INS",
                "src_type": "FieldRead",
                "dst_type": "null",
                "src": "vote.subject",
                "dst": "null",
                "src_parent_type": "Invocation",
                "dst_parent_type": "null",
                "src_parent": "vote.subject.getClass()",
                "dst_parent": "null"
              },
              "line": 114,
              "file": "/home/khesoem/projects/lighter/exp/src/main/java/io/lettuce/core/dynamic/codec/AnnotationRedisCodecResolver.java",
              "stats": {
                "number_of_src_entities": 15,
                "number_of_dst_entities": -1,
                "src_entity_types": "[io.lettuce.core.dynamic.codec.AnnotationRedisCodecResolver, , io.lettuce.core.codec.RedisCodec\u003c?, ?\u003e, io.lettuce.core.dynamic.codec.AnnotationRedisCodecResolver.Voted\u003cio.lettuce.core.codec.RedisCodec\u003c?, ?\u003e\u003e]",
                "dst_entity_types": "[]"
              }
            }
          ]
        }
      ]
    },
    {
      "revision": "3c423f3298ebe9af656025509da998e4e9124a37",
      "repairability": [
        {
          "tool-name": "Elixir",
          "pattern-name": "Elixir:update_invocation_deep",
          "Unified_Diff_of-files:": "Starts Below...",
          "CHANGE_old:": "                                            (AutoCloseable) proxiedConnection, result));",
          "CHANGE_new:": "",
          "INSERT:": "",
          "DELETE:": "                throw e.getTargetException();",
          "instance_detail": [
            {
              "pattern_action": "ANY",
              "pattern_entity": {
                "entity_type": "*",
                "entity_new value": "*",
                "entity_role": "*",
                "entity_parent": {
                  "entity_type": "AbstractInvocation",
                  "entity_new value": "*",
                  "entity_role": "*",
                  "entity_parent": "null"
                }
              },
              "concrete_change": {
                "operator": "UPD",
                "src_type": "VariableRead",
                "dst_type": "VariableRead",
                "src": "statefulRedisConnection",
                "dst": "connection",
                "src_parent_type": "Invocation",
                "dst_parent_type": "Invocation",
                "src_parent": "statefulRedisConnection.async()",
                "dst_parent": "connection.async()"
              },
              "line": 162,
              "file": "/home/khesoem/projects/lighter/exp/src/main/java/io/lettuce/core/cluster/ClusterDistributionChannelWriter.java",
              "stats": {
                "number_of_src_entities": 6,
                "number_of_dst_entities": 6,
                "src_entity_types": "[io.lettuce.core.api.StatefulRedisConnection\u003cK, V\u003e]",
                "dst_entity_types": "[io.lettuce.core.api.StatefulRedisConnection\u003cK, V\u003e]"
              }
            }
          ]
        }
      ]
    }
  ],
  "complete_analysis": true
}