{
  "instances": [
    {
      "revision": "48aef37e3461b97c74bbfa10ffa0c52bc3f547f2",
      "repairability": [
        {
          "tool-name": "Elixir",
          "pattern-name": "Elixir:if_null_check",
          "Unified_Diff_of-files:": "Starts Below...",
          "INSERT:": "",
          "CHANGE_old:": "",
          "CHANGE_new:": "            bodyReceived \u003d false;",
          "instance_detail": [
            {
              "pattern_action": "INS",
              "pattern_entity": {
                "entity_type": "*",
                "entity_new value": "null",
                "entity_role": "*",
                "entity_parent": {
                  "entity_type": "BinaryOperator",
                  "entity_new value": "*",
                  "entity_role": "condition",
                  "entity_parent": {
                    "entity_type": "If",
                    "entity_new value": "*",
                    "entity_role": "*",
                    "entity_parent": "null"
                  }
                }
              },
              "concrete_change": {
                "operator": "INS",
                "src_type": "Literal",
                "dst_type": "null",
                "src": "null",
                "dst": "null",
                "src_parent_type": "BinaryOperator",
                "dst_parent_type": "null",
                "src_parent": "bytes \u003d\u003d null",
                "dst_parent": "null"
              },
              "line": 76,
              "file": "/home/khesoem/projects/lighter/exp/src/main/java/io/lettuce/core/output/StreamReadOutput.java"
            },
            {
              "pattern_action": "MOV",
              "pattern_entity": {
                "entity_type": "Statement",
                "entity_new value": "*",
                "entity_role": "*",
                "entity_parent": "null"
              },
              "concrete_change": {
                "operator": "MOV",
                "src_type": "Block",
                "dst_type": "Block",
                "src": "{\n    key \u003d codec.decodeKey(bytes);\n    return;\n}",
                "dst": "{\n    return;\n}",
                "src_parent_type": "If",
                "dst_parent_type": "If",
                "src_parent": "if ((key) \u003d\u003d null) {\n    key \u003d codec.decodeKey(bytes);\n    return;\n}",
                "dst_parent": "if (bytes \u003d\u003d null) {\n    return;\n}"
              },
              "line": 72,
              "file": "/home/khesoem/projects/lighter/exp/src/main/java/io/lettuce/core/output/StreamReadOutput.java",
              "stats": {
                "number_of_src_entities": 31,
                "number_of_dst_entities": 2,
                "src_entity_types": "[io.lettuce.core.output.codec, io.lettuce.core.output.StreamReadOutput, java.nio.ByteBuffer]",
                "dst_entity_types": "[]"
              }
            },
            {
              "pattern_action": "INS",
              "pattern_entity": {
                "entity_type": "If",
                "entity_new value": "*",
                "entity_role": "*",
                "entity_parent": "null"
              },
              "concrete_change": {
                "operator": "INS",
                "src_type": "If",
                "dst_type": "null",
                "src": "if (bytes \u003d\u003d null) {\n    return;\n}",
                "dst": "null",
                "src_parent_type": "Block",
                "dst_parent_type": "null",
                "src_parent": "{\n    bodyReceived \u003d true;\n    if (bytes \u003d\u003d null) {\n        return;\n    }\n    key \u003d codec.decodeKey(bytes);\n    return;\n}",
                "dst_parent": "null"
              },
              "line": 76,
              "file": "/home/khesoem/projects/lighter/exp/src/main/java/io/lettuce/core/output/StreamReadOutput.java"
            }
          ]
        },
        {
          "tool-name": "Elixir",
          "pattern-name": "Elixir:BO_change",
          "Unified_Diff_of-files:": "Starts Below...",
          "INSERT:": "",
          "CHANGE_old:": "",
          "CHANGE_new:": "            bodyReceived \u003d false;",
          "instance_detail": [
            {
              "pattern_action": "UPD",
              "pattern_entity": {
                "entity_type": "BinaryOperator",
                "entity_new value": "*",
                "entity_role": "*",
                "entity_parent": "null"
              },
              "concrete_change": {
                "operator": "UPD",
                "src_type": "BinaryOperator",
                "dst_type": "BinaryOperator",
                "src": "((body) !\u003d null)",
                "dst": "(body) \u003d\u003d null",
                "src_parent_type": "BinaryOperator",
                "dst_parent_type": "Conditional",
                "src_parent": "(depth \u003d\u003d 3) \u0026\u0026 ((body) !\u003d null)",
                "dst_parent": "((body) \u003d\u003d null ? java.util.Collections.emptyMap() : body)"
              },
              "line": 97,
              "file": "/home/khesoem/projects/lighter/exp/src/main/java/io/lettuce/core/output/StreamReadOutput.java",
              "stats": {
                "number_of_src_entities": 18,
                "number_of_dst_entities": 18,
                "src_entity_types": "[io.lettuce.core.output.StreamReadOutput, boolean, \u003cnulltype\u003e]",
                "dst_entity_types": "[io.lettuce.core.output.StreamReadOutput, boolean, \u003cnulltype\u003e]"
              }
            }
          ]
        },
        {
          "tool-name": "Elixir",
          "pattern-name": "Elixir:check_length",
          "Unified_Diff_of-files:": "Starts Below...",
          "INSERT:": "",
          "CHANGE_old:": "",
          "CHANGE_new:": "            bodyReceived \u003d false;",
          "instance_detail": [
            {
              "pattern_action": "INS",
              "pattern_entity": {
                "entity_type": "If",
                "entity_new value": "*",
                "entity_role": "*",
                "entity_parent": "null"
              },
              "concrete_change": {
                "operator": "INS",
                "src_type": "If",
                "dst_type": "null",
                "src": "if (bytes \u003d\u003d null) {\n    return;\n}",
                "dst": "null",
                "src_parent_type": "Block",
                "dst_parent_type": "null",
                "src_parent": "{\n    bodyReceived \u003d true;\n    if (bytes \u003d\u003d null) {\n        return;\n    }\n    key \u003d codec.decodeKey(bytes);\n    return;\n}",
                "dst_parent": "null"
              },
              "line": 76,
              "file": "/home/khesoem/projects/lighter/exp/src/main/java/io/lettuce/core/output/StreamReadOutput.java"
            },
            {
              "pattern_action": "MOV",
              "pattern_entity": {
                "entity_type": "Statement",
                "entity_new value": "*",
                "entity_role": "*",
                "entity_parent": "null"
              },
              "concrete_change": {
                "operator": "MOV",
                "src_type": "Block",
                "dst_type": "Block",
                "src": "{\n    key \u003d codec.decodeKey(bytes);\n    return;\n}",
                "dst": "{\n    return;\n}",
                "src_parent_type": "If",
                "dst_parent_type": "If",
                "src_parent": "if ((key) \u003d\u003d null) {\n    key \u003d codec.decodeKey(bytes);\n    return;\n}",
                "dst_parent": "if (bytes \u003d\u003d null) {\n    return;\n}"
              },
              "line": 72,
              "file": "/home/khesoem/projects/lighter/exp/src/main/java/io/lettuce/core/output/StreamReadOutput.java",
              "stats": {
                "number_of_src_entities": 31,
                "number_of_dst_entities": 2,
                "src_entity_types": "[io.lettuce.core.output.codec, io.lettuce.core.output.StreamReadOutput, java.nio.ByteBuffer]",
                "dst_entity_types": "[]"
              }
            }
          ]
        }
      ]
    }
  ],
  "complete_analysis": true
}