{
  "instances": [
    {
      "revision": "7af0d771de640fb5daa53a0c891bc56961a218eb",
      "repairability": [
        {
          "tool-name": "JGenProg",
          "pattern-name": "JGenProg:any_statement_shallow",
          "Unified_Diff_of-files:": "Starts Below...",
          "INSERT:": "import static org.apache.dubbo.common.utils.PojoUtils.updatePropertyIfAbsent;",
          "CHANGE_old:": "",
          "CHANGE_new:": "",
          "DELETE:": "",
          "instance_detail": [
            {
              "pattern_action": "ANY",
              "pattern_entity": {
                "entity_type": "*",
                "entity_new value": "*",
                "entity_role": "Statement",
                "entity_parent": "null"
              },
              "concrete_change": {
                "operator": "DEL",
                "src_type": "Assignment",
                "dst_type": "null",
                "src": "this.port \u003d value",
                "dst": "null",
                "src_parent_type": "Block",
                "dst_parent_type": "null",
                "src_parent": "{\n    this.port \u003d value;\n}",
                "dst_parent": "null"
              },
              "line": 296,
              "file": "/home/khesoem/projects/lighter/exp/dubbo-common/src/main/java/org/apache/dubbo/config/ConfigCenterConfig.java"
            }
          ]
        },
        {
          "tool-name": "JGenProg",
          "pattern-name": "JGenProg:any_statement_shallow",
          "Unified_Diff_of-files:": "Starts Below...",
          "INSERT:": "import static org.apache.dubbo.common.utils.PojoUtils.updatePropertyIfAbsent;",
          "CHANGE_old:": "",
          "CHANGE_new:": "",
          "DELETE:": "",
          "instance_detail": [
            {
              "pattern_action": "ANY",
              "pattern_entity": {
                "entity_type": "*",
                "entity_new value": "*",
                "entity_role": "Statement",
                "entity_parent": "null"
              },
              "concrete_change": {
                "operator": "DEL",
                "src_type": "If",
                "dst_type": "null",
                "src": "if (((value !\u003d null) \u0026\u0026 (value \u003e 0)) \u0026\u0026 ((port) \u003d\u003d null)) {\n    this.port \u003d value;\n}",
                "dst": "null",
                "src_parent_type": "Block",
                "dst_parent_type": "null",
                "src_parent": "{\n    if (((value !\u003d null) \u0026\u0026 (value \u003e 0)) \u0026\u0026 ((port) \u003d\u003d null)) {\n        this.port \u003d value;\n    }\n}",
                "dst_parent": "null"
              },
              "line": 295,
              "file": "/home/khesoem/projects/lighter/exp/dubbo-common/src/main/java/org/apache/dubbo/config/ConfigCenterConfig.java"
            }
          ]
        },
        {
          "tool-name": "JGenProg",
          "pattern-name": "JGenProg:any_statement_shallow",
          "Unified_Diff_of-files:": "Starts Below...",
          "INSERT:": "import static org.apache.dubbo.common.utils.PojoUtils.updatePropertyIfAbsent;",
          "CHANGE_old:": "",
          "CHANGE_new:": "",
          "DELETE:": "",
          "instance_detail": [
            {
              "pattern_action": "ANY",
              "pattern_entity": {
                "entity_type": "*",
                "entity_new value": "*",
                "entity_role": "Statement",
                "entity_parent": "null"
              },
              "concrete_change": {
                "operator": "DEL",
                "src_type": "Assignment",
                "dst_type": "null",
                "src": "this.protocol \u003d value",
                "dst": "null",
                "src_parent_type": "Block",
                "dst_parent_type": "null",
                "src_parent": "{\n    this.protocol \u003d value;\n}",
                "dst_parent": "null"
              },
              "line": 302,
              "file": "/home/khesoem/projects/lighter/exp/dubbo-common/src/main/java/org/apache/dubbo/config/ConfigCenterConfig.java"
            }
          ]
        },
        {
          "tool-name": "JGenProg",
          "pattern-name": "JGenProg:any_statement_shallow",
          "Unified_Diff_of-files:": "Starts Below...",
          "INSERT:": "import static org.apache.dubbo.common.utils.PojoUtils.updatePropertyIfAbsent;",
          "CHANGE_old:": "",
          "CHANGE_new:": "",
          "DELETE:": "",
          "instance_detail": [
            {
              "pattern_action": "ANY",
              "pattern_entity": {
                "entity_type": "*",
                "entity_new value": "*",
                "entity_role": "Statement",
                "entity_parent": "null"
              },
              "concrete_change": {
                "operator": "DEL",
                "src_type": "If",
                "dst_type": "null",
                "src": "if ((org.apache.dubbo.common.utils.StringUtils.isNotEmpty(value)) \u0026\u0026 (org.apache.dubbo.common.utils.StringUtils.isEmpty(protocol))) {\n    this.protocol \u003d value;\n}",
                "dst": "null",
                "src_parent_type": "Block",
                "dst_parent_type": "null",
                "src_parent": "{\n    if ((org.apache.dubbo.common.utils.StringUtils.isNotEmpty(value)) \u0026\u0026 (org.apache.dubbo.common.utils.StringUtils.isEmpty(protocol))) {\n        this.protocol \u003d value;\n    }\n}",
                "dst_parent": "null"
              },
              "line": 301,
              "file": "/home/khesoem/projects/lighter/exp/dubbo-common/src/main/java/org/apache/dubbo/config/ConfigCenterConfig.java"
            }
          ]
        }
      ]
    }
  ],
  "complete_analysis": true
}