{
  "instances": [
    {
      "revision": "b5e65a6d25758bd459a5d8898feeaae32f6c388f",
      "repairability": [
        {
          "tool-name": "JGenProg",
          "pattern-name": "JGenProg:any_statement_deep",
          "Unified_Diff_of-files:": "Starts Below...",
          "DELETE:": "                try {",
          "INSERT:": "                try {",
          "CHANGE_old:": "                                .withCause(e));",
          "CHANGE_new:": "                                .withCause(e), response.getObjectAttachments());",
          "instance_detail": [
            {
              "pattern_action": "ANY",
              "pattern_entity": {
                "entity_type": "*",
                "entity_new value": "*",
                "entity_role": "*",
                "entity_parent": {
                  "entity_type": "*",
                  "entity_new value": "*",
                  "entity_role": "Statement",
                  "entity_parent": "null"
                }
              },
              "concrete_change": {
                "operator": "INS",
                "src_type": "Invocation",
                "dst_type": "null",
                "src": "response.getObjectAttachments()",
                "dst": "null",
                "src_parent_type": "Invocation",
                "dst_parent_type": "null",
                "src_parent": "transportError(((org.apache.dubbo.rpc.protocol.tri.TripleRpcException) (e)).getStatus(), response.getObjectAttachments())",
                "dst_parent": "null"
              },
              "line": 134,
              "file": "/home/khesoem/projects/lighter/exp/dubbo-rpc/dubbo-rpc-triple/src/main/java/org/apache/dubbo/rpc/protocol/tri/UnaryServerStream.java",
              "stats": {
                "number_of_src_entities": 8,
                "number_of_dst_entities": -1,
                "src_entity_types": "[org.apache.dubbo.rpc.AppResponse]",
                "dst_entity_types": "[]"
              }
            }
          ]
        },
        {
          "tool-name": "JGenProg",
          "pattern-name": "JGenProg:any_statement_deep",
          "Unified_Diff_of-files:": "Starts Below...",
          "DELETE:": "                try {",
          "INSERT:": "                try {",
          "CHANGE_old:": "                                .withCause(e));",
          "CHANGE_new:": "                                .withCause(e), response.getObjectAttachments());",
          "instance_detail": [
            {
              "pattern_action": "ANY",
              "pattern_entity": {
                "entity_type": "*",
                "entity_new value": "*",
                "entity_role": "*",
                "entity_parent": {
                  "entity_type": "*",
                  "entity_new value": "*",
                  "entity_role": "Statement",
                  "entity_parent": "null"
                }
              },
              "concrete_change": {
                "operator": "INS",
                "src_type": "Invocation",
                "dst_type": "null",
                "src": "response.getObjectAttachments()",
                "dst": "null",
                "src_parent_type": "Invocation",
                "dst_parent_type": "null",
                "src_parent": "transportError(org.apache.dubbo.rpc.protocol.tri.GrpcStatus.fromCode(GrpcStatus.Code.UNKNOWN).withDescription((\"Exception occurred in provider\u0027s execution:\" + (e.getMessage()))).withCause(e), response.getObjectAttachments())",
                "dst_parent": "null"
              },
              "line": 138,
              "file": "/home/khesoem/projects/lighter/exp/dubbo-rpc/dubbo-rpc-triple/src/main/java/org/apache/dubbo/rpc/protocol/tri/UnaryServerStream.java",
              "stats": {
                "number_of_src_entities": 8,
                "number_of_dst_entities": -1,
                "src_entity_types": "[org.apache.dubbo.rpc.AppResponse]",
                "dst_entity_types": "[]"
              }
            }
          ]
        },
        {
          "tool-name": "JGenProg",
          "pattern-name": "JGenProg:any_statement_deep",
          "Unified_Diff_of-files:": "Starts Below...",
          "DELETE:": "                try {",
          "INSERT:": "                try {",
          "CHANGE_old:": "                                .withCause(e));",
          "CHANGE_new:": "                                .withCause(e), response.getObjectAttachments());",
          "instance_detail": [
            {
              "pattern_action": "ANY",
              "pattern_entity": {
                "entity_type": "*",
                "entity_new value": "*",
                "entity_role": "*",
                "entity_parent": {
                  "entity_type": "*",
                  "entity_new value": "*",
                  "entity_role": "Statement",
                  "entity_parent": "null"
                }
              },
              "concrete_change": {
                "operator": "INS",
                "src_type": "Invocation",
                "dst_type": "null",
                "src": "response.getObjectAttachments()",
                "dst": "null",
                "src_parent_type": "Invocation",
                "dst_parent_type": "null",
                "src_parent": "transportError(((org.apache.dubbo.rpc.protocol.tri.TripleRpcException) (exception)).getStatus(), response.getObjectAttachments())",
                "dst_parent": "null"
              },
              "line": 102,
              "file": "/home/khesoem/projects/lighter/exp/dubbo-rpc/dubbo-rpc-triple/src/main/java/org/apache/dubbo/rpc/protocol/tri/UnaryServerStream.java",
              "stats": {
                "number_of_src_entities": 8,
                "number_of_dst_entities": -1,
                "src_entity_types": "[org.apache.dubbo.rpc.AppResponse]",
                "dst_entity_types": "[]"
              }
            }
          ]
        },
        {
          "tool-name": "JGenProg",
          "pattern-name": "JGenProg:any_statement_deep",
          "Unified_Diff_of-files:": "Starts Below...",
          "DELETE:": "                try {",
          "INSERT:": "                try {",
          "CHANGE_old:": "                                .withCause(e));",
          "CHANGE_new:": "                                .withCause(e), response.getObjectAttachments());",
          "instance_detail": [
            {
              "pattern_action": "ANY",
              "pattern_entity": {
                "entity_type": "*",
                "entity_new value": "*",
                "entity_role": "*",
                "entity_parent": {
                  "entity_type": "*",
                  "entity_new value": "*",
                  "entity_role": "Statement",
                  "entity_parent": "null"
                }
              },
              "concrete_change": {
                "operator": "INS",
                "src_type": "Invocation",
                "dst_type": "null",
                "src": "response.getObjectAttachments()",
                "dst": "null",
                "src_parent_type": "Invocation",
                "dst_parent_type": "null",
                "src_parent": "transportError(org.apache.dubbo.rpc.protocol.tri.GrpcStatus.fromCode(GrpcStatus.Code.UNKNOWN).withCause(exception), response.getObjectAttachments())",
                "dst_parent": "null"
              },
              "line": 105,
              "file": "/home/khesoem/projects/lighter/exp/dubbo-rpc/dubbo-rpc-triple/src/main/java/org/apache/dubbo/rpc/protocol/tri/UnaryServerStream.java",
              "stats": {
                "number_of_src_entities": 8,
                "number_of_dst_entities": -1,
                "src_entity_types": "[org.apache.dubbo.rpc.AppResponse]",
                "dst_entity_types": "[]"
              }
            }
          ]
        }
      ]
    }
  ],
  "complete_analysis": true
}