{
  "instances": [
    {
      "revision": "5af400401d3da9d483557480f8dbe9966c309147",
      "repairability": [
        {
          "tool-name": "JGenProg",
          "pattern-name": "JGenProg:any_statement_shallow",
          "Unified_Diff_of-files:": "Starts Below...",
          "INSERT:": "        }",
          "instance_detail": [
            {
              "pattern_action": "ANY",
              "pattern_entity": {
                "entity_type": "*",
                "entity_new value": "*",
                "entity_role": "Statement",
                "entity_parent": "null"
              },
              "concrete_change": {
                "operator": "DEL",
                "src_type": "Invocation",
                "dst_type": "null",
                "src": "invocation.getObjectAttachments().remove(CommonConstants.VERSION_KEY)",
                "dst": "null",
                "src_parent_type": "Block",
                "dst_parent_type": "null",
                "src_parent": "{\n    headers.set(TripleConstant.SERVICE_VERSION, version);\n    invocation.getObjectAttachments().remove(CommonConstants.VERSION_KEY);\n}",
                "dst_parent": "null"
              },
              "line": 115,
              "file": "/home/khesoem/projects/lighter/exp/dubbo-rpc/dubbo-rpc-triple/src/main/java/org/apache/dubbo/rpc/protocol/tri/ClientStream.java",
              "stats": {
                "number_of_src_entities": 21,
                "number_of_dst_entities": -1,
                "src_entity_types": "[CommonConstants.VERSION_KEY, org.apache.dubbo.rpc.RpcInvocation, org.apache.dubbo.rpc.protocol.tri.ClientStream]",
                "dst_entity_types": "[]"
              }
            }
          ]
        },
        {
          "tool-name": "JGenProg",
          "pattern-name": "JGenProg:any_statement_deep",
          "Unified_Diff_of-files:": "Starts Below...",
          "INSERT:": "        }",
          "instance_detail": [
            {
              "pattern_action": "ANY",
              "pattern_entity": {
                "entity_type": "*",
                "entity_new value": "*",
                "entity_role": "*",
                "entity_parent": {
                  "entity_type": "*",
                  "entity_new value": "*",
                  "entity_role": "Statement",
                  "entity_parent": "null"
                }
              },
              "concrete_change": {
                "operator": "UPD",
                "src_type": "Invocation",
                "dst_type": "Invocation",
                "src": "((java.lang.String) (invocation.getObjectAttachment(CommonConstants.VERSION_KEY)))",
                "dst": "invocation.getInvoker()",
                "src_parent_type": "LocalVariable",
                "dst_parent_type": "Invocation",
                "src_parent": "final java.lang.String version \u003d ((java.lang.String) (invocation.getObjectAttachment(CommonConstants.VERSION_KEY)))",
                "dst_parent": "invocation.getInvoker().getUrl()"
              },
              "line": 112,
              "file": "/home/khesoem/projects/lighter/exp/dubbo-rpc/dubbo-rpc-triple/src/main/java/org/apache/dubbo/rpc/protocol/tri/ClientStream.java",
              "stats": {
                "number_of_src_entities": 21,
                "number_of_dst_entities": 16,
                "src_entity_types": "[CommonConstants.VERSION_KEY, org.apache.dubbo.rpc.RpcInvocation, java.lang.String, org.apache.dubbo.rpc.protocol.tri.ClientStream]",
                "dst_entity_types": "[org.apache.dubbo.rpc.RpcInvocation, org.apache.dubbo.rpc.protocol.tri.ClientStream]"
              }
            }
          ]
        },
        {
          "tool-name": "JGenProg",
          "pattern-name": "JGenProg:any_statement_deep",
          "Unified_Diff_of-files:": "Starts Below...",
          "INSERT:": "        }",
          "instance_detail": [
            {
              "pattern_action": "ANY",
              "pattern_entity": {
                "entity_type": "*",
                "entity_new value": "*",
                "entity_role": "*",
                "entity_parent": {
                  "entity_type": "*",
                  "entity_new value": "*",
                  "entity_role": "Statement",
                  "entity_parent": "null"
                }
              },
              "concrete_change": {
                "operator": "UPD",
                "src_type": "Invocation",
                "dst_type": "Invocation",
                "src": "((java.lang.String) (invocation.getObjectAttachment(CommonConstants.GROUP_KEY)))",
                "dst": "invocation.getInvoker()",
                "src_parent_type": "LocalVariable",
                "dst_parent_type": "Invocation",
                "src_parent": "final java.lang.String group \u003d ((java.lang.String) (invocation.getObjectAttachment(CommonConstants.GROUP_KEY)))",
                "dst_parent": "invocation.getInvoker().getUrl()"
              },
              "line": 124,
              "file": "/home/khesoem/projects/lighter/exp/dubbo-rpc/dubbo-rpc-triple/src/main/java/org/apache/dubbo/rpc/protocol/tri/ClientStream.java",
              "stats": {
                "number_of_src_entities": 21,
                "number_of_dst_entities": 16,
                "src_entity_types": "[org.apache.dubbo.rpc.RpcInvocation, CommonConstants.GROUP_KEY, java.lang.String, org.apache.dubbo.rpc.protocol.tri.ClientStream]",
                "dst_entity_types": "[org.apache.dubbo.rpc.RpcInvocation, org.apache.dubbo.rpc.protocol.tri.ClientStream]"
              }
            }
          ]
        }
      ]
    }
  ],
  "complete_analysis": true
}