{
  "instances": [
    {
      "revision": "a6337a67a24f5e07abd889dadf744d707d28236b",
      "repairability": [
        {
          "tool-name": "JGenProg",
          "pattern-name": "JGenProg:any_statement_shallow",
          "Unified_Diff_of-files:": "Starts Below...",
          "DELETE:": "    }",
          "CHANGE_old:": "    private void initReferenceBean(ReferenceBean referenceBean, boolean canCreateProxy) throws Exception {",
          "CHANGE_new:": "    private void initReferenceBean(ReferenceBean referenceBean) throws Exception {",
          "instance_detail": [
            {
              "pattern_action": "ANY",
              "pattern_entity": {
                "entity_type": "*",
                "entity_new value": "*",
                "entity_role": "Statement",
                "entity_parent": "null"
              },
              "concrete_change": {
                "operator": "DEL",
                "src_type": "Invocation",
                "dst_type": "null",
                "src": "org.apache.dubbo.config.utils.ReferenceConfigCache.getCache().get(referenceConfig)",
                "dst": "null",
                "src_parent_type": "Block",
                "dst_parent_type": "null",
                "src_parent": "{\n    org.apache.dubbo.config.utils.ReferenceConfigCache.getCache().get(referenceConfig);\n}",
                "dst_parent": "null"
              },
              "line": 151,
              "file": "/home/khesoem/projects/lighter/exp/dubbo-config/dubbo-config-spring/src/main/java/org/apache/dubbo/config/spring/ReferenceBeanManager.java"
            }
          ]
        },
        {
          "tool-name": "JGenProg",
          "pattern-name": "JGenProg:any_statement_shallow",
          "Unified_Diff_of-files:": "Starts Below...",
          "DELETE:": "    }",
          "CHANGE_old:": "    private void initReferenceBean(ReferenceBean referenceBean, boolean canCreateProxy) throws Exception {",
          "CHANGE_new:": "    private void initReferenceBean(ReferenceBean referenceBean) throws Exception {",
          "instance_detail": [
            {
              "pattern_action": "ANY",
              "pattern_entity": {
                "entity_type": "*",
                "entity_new value": "*",
                "entity_role": "Statement",
                "entity_parent": "null"
              },
              "concrete_change": {
                "operator": "DEL",
                "src_type": "If",
                "dst_type": "null",
                "src": "if (canCreateProxy \u0026\u0026 (referenceConfig.shouldInit())) {\n    org.apache.dubbo.config.utils.ReferenceConfigCache.getCache().get(referenceConfig);\n}",
                "dst": "null",
                "src_parent_type": "Block",
                "dst_parent_type": "null",
                "src_parent": "{\n    if ((referenceBean.getReferenceConfig()) !\u003d null) {\n        return;\n    }\n    org.springframework.core.env.Environment environment \u003d applicationContext.getEnvironment();\n    java.util.Map\u003cjava.lang.String, java.lang.Object\u003e referenceProps \u003d referenceBean.getReferenceProps();\n    if (referenceProps \u003d\u003d null) {\n        org.springframework.beans.MutablePropertyValues propertyValues \u003d referenceBean.getPropertyValues();\n        if (propertyValues \u003d\u003d null) {\n            throw new java.lang.RuntimeException(\"ReferenceBean is invalid, missing \u0027propertyValues\u0027\");\n        }\n        referenceProps \u003d toReferenceProps(propertyValues, environment);\n    }\n    resolvePlaceholders(referenceProps, environment);\n    org.apache.dubbo.config.ReferenceConfig referenceConfig \u003d org.apache.dubbo.config.spring.beans.factory.annotation.ReferenceBeanBuilder.create(new org.springframework.core.annotation.AnnotationAttributes(new java.util.LinkedHashMap(referenceProps)), applicationContext).defaultInterfaceClass(referenceBean.getObjectType()).build();\n    referenceBean.setReferenceConfig(referenceConfig);\n    org.apache.dubbo.config.bootstrap.DubboBootstrap.getInstance().reference(referenceConfig);\n    if (canCreateProxy \u0026\u0026 (referenceConfig.shouldInit())) {\n        org.apache.dubbo.config.utils.ReferenceConfigCache.getCache().get(referenceConfig);\n    }\n}",
                "dst_parent": "null"
              },
              "line": 150,
              "file": "/home/khesoem/projects/lighter/exp/dubbo-config/dubbo-config-spring/src/main/java/org/apache/dubbo/config/spring/ReferenceBeanManager.java",
              "stats": {
                "number_of_src_entities": 29,
                "number_of_dst_entities": -1,
                "src_entity_types": "[boolean, org.apache.dubbo.config.ReferenceConfig, org.apache.dubbo.config.utils.ReferenceConfigCache]",
                "dst_entity_types": "[]"
              }
            }
          ]
        }
      ]
    }
  ],
  "complete_analysis": true
}