{
  "instances": [
    {
      "revision": "37ac2b2ac038238217406ebb1f4fd44027cd800a",
      "repairability": [
        {
          "tool-name": "Cardumen",
          "pattern-name": "Cardumen:expression_replacement_by_del_ins",
          "Unified_Diff_of-files:": "Starts Below...",
          "DELETE:": "    private static Map\u0026lt;String, String\u0026gt; cacheReturnTypes \u003d new HashMap\u0026lt;String, String\u0026gt;();",
          "INSERT:": "    private Map\u0026lt;String, String\u0026gt; cacheReturnTypes \u003d new HashMap\u0026lt;String, String\u0026gt;();",
          "CHANGE_old:": "                            cacheReturnTypes.put(key, returnType.getCanonicalName());",
          "CHANGE_new:": "                            this.cacheReturnTypes.put(key, returnType.getCanonicalName());",
          "instance_detail": [
            {
              "pattern_action": "INS",
              "pattern_entity": {
                "entity_type": "Expression",
                "entity_new value": "*",
                "entity_role": "*",
                "entity_parent": "null"
              },
              "concrete_change": {
                "operator": "INS",
                "src_type": "ThisAccess",
                "dst_type": "null",
                "src": "this",
                "dst": "null",
                "src_parent_type": "FieldRead",
                "dst_parent_type": "null",
                "src_parent": "this.cacheReturnTypes",
                "dst_parent": "null"
              },
              "line": 574,
              "file": "/home/khesoem/projects/lighter/exp/src/main/java/com/gdssecurity/pmd/rules/dfa/DfaSecurityRule.java",
              "stats": {
                "number_of_src_entities": 6,
                "number_of_dst_entities": -1,
                "src_entity_types": "[com.gdssecurity.pmd.rules.dfa.DfaSecurityRule]",
                "dst_entity_types": "[]"
              }
            },
            {
              "pattern_action": "DEL",
              "pattern_entity": {
                "entity_type": "Expression",
                "entity_new value": "*",
                "entity_role": "*",
                "entity_parent": "null"
              },
              "concrete_change": {
                "operator": "DEL",
                "src_type": "TypeAccess",
                "dst_type": "null",
                "src": "com.gdssecurity.pmd.rules.dfa.DfaSecurityRule",
                "dst": "null",
                "src_parent_type": "FieldRead",
                "dst_parent_type": "null",
                "src_parent": "com.gdssecurity.pmd.rules.dfa.DfaSecurityRule.cacheReturnTypes",
                "dst_parent": "null"
              },
              "stats": {
                "number_of_src_entities": 3,
                "number_of_dst_entities": -1,
                "src_entity_types": "[com.gdssecurity.pmd.rules.dfa.DfaSecurityRule]",
                "dst_entity_types": "[]"
              }
            }
          ]
        },
        {
          "tool-name": "Cardumen",
          "pattern-name": "Cardumen:expression_replacement_by_del_ins",
          "Unified_Diff_of-files:": "Starts Below...",
          "DELETE:": "    private static Map\u0026lt;String, String\u0026gt; cacheReturnTypes \u003d new HashMap\u0026lt;String, String\u0026gt;();",
          "INSERT:": "    private Map\u0026lt;String, String\u0026gt; cacheReturnTypes \u003d new HashMap\u0026lt;String, String\u0026gt;();",
          "CHANGE_old:": "                            cacheReturnTypes.put(key, returnType.getCanonicalName());",
          "CHANGE_new:": "                            this.cacheReturnTypes.put(key, returnType.getCanonicalName());",
          "instance_detail": [
            {
              "pattern_action": "INS",
              "pattern_entity": {
                "entity_type": "Expression",
                "entity_new value": "*",
                "entity_role": "*",
                "entity_parent": "null"
              },
              "concrete_change": {
                "operator": "INS",
                "src_type": "ThisAccess",
                "dst_type": "null",
                "src": "this",
                "dst": "null",
                "src_parent_type": "FieldRead",
                "dst_parent_type": "null",
                "src_parent": "this.cacheReturnTypes",
                "dst_parent": "null"
              },
              "line": 562,
              "file": "/home/khesoem/projects/lighter/exp/src/main/java/com/gdssecurity/pmd/rules/dfa/DfaSecurityRule.java",
              "stats": {
                "number_of_src_entities": 6,
                "number_of_dst_entities": -1,
                "src_entity_types": "[com.gdssecurity.pmd.rules.dfa.DfaSecurityRule]",
                "dst_entity_types": "[]"
              }
            },
            {
              "pattern_action": "DEL",
              "pattern_entity": {
                "entity_type": "Expression",
                "entity_new value": "*",
                "entity_role": "*",
                "entity_parent": "null"
              },
              "concrete_change": {
                "operator": "DEL",
                "src_type": "TypeAccess",
                "dst_type": "null",
                "src": "com.gdssecurity.pmd.rules.dfa.DfaSecurityRule",
                "dst": "null",
                "src_parent_type": "FieldRead",
                "dst_parent_type": "null",
                "src_parent": "com.gdssecurity.pmd.rules.dfa.DfaSecurityRule.cacheReturnTypes",
                "dst_parent": "null"
              },
              "stats": {
                "number_of_src_entities": 3,
                "number_of_dst_entities": -1,
                "src_entity_types": "[com.gdssecurity.pmd.rules.dfa.DfaSecurityRule]",
                "dst_entity_types": "[]"
              }
            }
          ]
        },
        {
          "tool-name": "Cardumen",
          "pattern-name": "Cardumen:expression_replacement_by_del_ins",
          "Unified_Diff_of-files:": "Starts Below...",
          "DELETE:": "    private static Map\u0026lt;String, String\u0026gt; cacheReturnTypes \u003d new HashMap\u0026lt;String, String\u0026gt;();",
          "INSERT:": "    private Map\u0026lt;String, String\u0026gt; cacheReturnTypes \u003d new HashMap\u0026lt;String, String\u0026gt;();",
          "CHANGE_old:": "                            cacheReturnTypes.put(key, returnType.getCanonicalName());",
          "CHANGE_new:": "                            this.cacheReturnTypes.put(key, returnType.getCanonicalName());",
          "instance_detail": [
            {
              "pattern_action": "INS",
              "pattern_entity": {
                "entity_type": "Expression",
                "entity_new value": "*",
                "entity_role": "*",
                "entity_parent": "null"
              },
              "concrete_change": {
                "operator": "INS",
                "src_type": "ThisAccess",
                "dst_type": "null",
                "src": "this",
                "dst": "null",
                "src_parent_type": "FieldRead",
                "dst_parent_type": "null",
                "src_parent": "this.cacheReturnTypes",
                "dst_parent": "null"
              },
              "line": 571,
              "file": "/home/khesoem/projects/lighter/exp/src/main/java/com/gdssecurity/pmd/rules/dfa/DfaSecurityRule.java",
              "stats": {
                "number_of_src_entities": 6,
                "number_of_dst_entities": -1,
                "src_entity_types": "[com.gdssecurity.pmd.rules.dfa.DfaSecurityRule]",
                "dst_entity_types": "[]"
              }
            },
            {
              "pattern_action": "DEL",
              "pattern_entity": {
                "entity_type": "Expression",
                "entity_new value": "*",
                "entity_role": "*",
                "entity_parent": "null"
              },
              "concrete_change": {
                "operator": "DEL",
                "src_type": "TypeAccess",
                "dst_type": "null",
                "src": "com.gdssecurity.pmd.rules.dfa.DfaSecurityRule",
                "dst": "null",
                "src_parent_type": "FieldRead",
                "dst_parent_type": "null",
                "src_parent": "com.gdssecurity.pmd.rules.dfa.DfaSecurityRule.cacheReturnTypes",
                "dst_parent": "null"
              },
              "stats": {
                "number_of_src_entities": 3,
                "number_of_dst_entities": -1,
                "src_entity_types": "[com.gdssecurity.pmd.rules.dfa.DfaSecurityRule]",
                "dst_entity_types": "[]"
              }
            }
          ]
        },
        {
          "tool-name": "Cardumen",
          "pattern-name": "Cardumen:expression_replacement_by_del_ins",
          "Unified_Diff_of-files:": "Starts Below...",
          "DELETE:": "    private static Map\u0026lt;String, String\u0026gt; cacheReturnTypes \u003d new HashMap\u0026lt;String, String\u0026gt;();",
          "INSERT:": "    private Map\u0026lt;String, String\u0026gt; cacheReturnTypes \u003d new HashMap\u0026lt;String, String\u0026gt;();",
          "CHANGE_old:": "                            cacheReturnTypes.put(key, returnType.getCanonicalName());",
          "CHANGE_new:": "                            this.cacheReturnTypes.put(key, returnType.getCanonicalName());",
          "instance_detail": [
            {
              "pattern_action": "INS",
              "pattern_entity": {
                "entity_type": "Expression",
                "entity_new value": "*",
                "entity_role": "*",
                "entity_parent": "null"
              },
              "concrete_change": {
                "operator": "INS",
                "src_type": "ThisAccess",
                "dst_type": "null",
                "src": "this",
                "dst": "null",
                "src_parent_type": "FieldRead",
                "dst_parent_type": "null",
                "src_parent": "this.cacheReturnTypes",
                "dst_parent": "null"
              },
              "line": 559,
              "file": "/home/khesoem/projects/lighter/exp/src/main/java/com/gdssecurity/pmd/rules/dfa/DfaSecurityRule.java",
              "stats": {
                "number_of_src_entities": 6,
                "number_of_dst_entities": -1,
                "src_entity_types": "[com.gdssecurity.pmd.rules.dfa.DfaSecurityRule]",
                "dst_entity_types": "[]"
              }
            },
            {
              "pattern_action": "DEL",
              "pattern_entity": {
                "entity_type": "Expression",
                "entity_new value": "*",
                "entity_role": "*",
                "entity_parent": "null"
              },
              "concrete_change": {
                "operator": "DEL",
                "src_type": "TypeAccess",
                "dst_type": "null",
                "src": "com.gdssecurity.pmd.rules.dfa.DfaSecurityRule",
                "dst": "null",
                "src_parent_type": "FieldRead",
                "dst_parent_type": "null",
                "src_parent": "com.gdssecurity.pmd.rules.dfa.DfaSecurityRule.cacheReturnTypes",
                "dst_parent": "null"
              },
              "stats": {
                "number_of_src_entities": 3,
                "number_of_dst_entities": -1,
                "src_entity_types": "[com.gdssecurity.pmd.rules.dfa.DfaSecurityRule]",
                "dst_entity_types": "[]"
              }
            }
          ]
        },
        {
          "tool-name": "Cardumen",
          "pattern-name": "Cardumen:expression_replacement_by_del_ins",
          "Unified_Diff_of-files:": "Starts Below...",
          "DELETE:": "    private static Map\u0026lt;String, String\u0026gt; cacheReturnTypes \u003d new HashMap\u0026lt;String, String\u0026gt;();",
          "INSERT:": "    private Map\u0026lt;String, String\u0026gt; cacheReturnTypes \u003d new HashMap\u0026lt;String, String\u0026gt;();",
          "CHANGE_old:": "                            cacheReturnTypes.put(key, returnType.getCanonicalName());",
          "CHANGE_new:": "                            this.cacheReturnTypes.put(key, returnType.getCanonicalName());",
          "instance_detail": [
            {
              "pattern_action": "INS",
              "pattern_entity": {
                "entity_type": "Expression",
                "entity_new value": "*",
                "entity_role": "*",
                "entity_parent": "null"
              },
              "concrete_change": {
                "operator": "INS",
                "src_type": "ThisAccess",
                "dst_type": "null",
                "src": "this",
                "dst": "null",
                "src_parent_type": "FieldRead",
                "dst_parent_type": "null",
                "src_parent": "this.cacheReturnTypes",
                "dst_parent": "null"
              },
              "line": 586,
              "file": "/home/khesoem/projects/lighter/exp/src/main/java/com/gdssecurity/pmd/rules/dfa/DfaSecurityRule.java",
              "stats": {
                "number_of_src_entities": 6,
                "number_of_dst_entities": -1,
                "src_entity_types": "[com.gdssecurity.pmd.rules.dfa.DfaSecurityRule]",
                "dst_entity_types": "[]"
              }
            },
            {
              "pattern_action": "DEL",
              "pattern_entity": {
                "entity_type": "Expression",
                "entity_new value": "*",
                "entity_role": "*",
                "entity_parent": "null"
              },
              "concrete_change": {
                "operator": "DEL",
                "src_type": "TypeAccess",
                "dst_type": "null",
                "src": "com.gdssecurity.pmd.rules.dfa.DfaSecurityRule",
                "dst": "null",
                "src_parent_type": "FieldRead",
                "dst_parent_type": "null",
                "src_parent": "com.gdssecurity.pmd.rules.dfa.DfaSecurityRule.cacheReturnTypes",
                "dst_parent": "null"
              },
              "stats": {
                "number_of_src_entities": 3,
                "number_of_dst_entities": -1,
                "src_entity_types": "[com.gdssecurity.pmd.rules.dfa.DfaSecurityRule]",
                "dst_entity_types": "[]"
              }
            }
          ]
        },
        {
          "tool-name": "Cardumen",
          "pattern-name": "Cardumen:expression_replacement_by_del_ins",
          "Unified_Diff_of-files:": "Starts Below...",
          "DELETE:": "    private static Map\u0026lt;String, String\u0026gt; cacheReturnTypes \u003d new HashMap\u0026lt;String, String\u0026gt;();",
          "INSERT:": "    private Map\u0026lt;String, String\u0026gt; cacheReturnTypes \u003d new HashMap\u0026lt;String, String\u0026gt;();",
          "CHANGE_old:": "                            cacheReturnTypes.put(key, returnType.getCanonicalName());",
          "CHANGE_new:": "                            this.cacheReturnTypes.put(key, returnType.getCanonicalName());",
          "instance_detail": [
            {
              "pattern_action": "INS",
              "pattern_entity": {
                "entity_type": "Expression",
                "entity_new value": "*",
                "entity_role": "*",
                "entity_parent": "null"
              },
              "concrete_change": {
                "operator": "INS",
                "src_type": "ThisAccess",
                "dst_type": "null",
                "src": "this",
                "dst": "null",
                "src_parent_type": "FieldRead",
                "dst_parent_type": "null",
                "src_parent": "this.cacheReturnTypes",
                "dst_parent": "null"
              },
              "line": 588,
              "file": "/home/khesoem/projects/lighter/exp/src/main/java/com/gdssecurity/pmd/rules/dfa/DfaSecurityRule.java",
              "stats": {
                "number_of_src_entities": 6,
                "number_of_dst_entities": -1,
                "src_entity_types": "[com.gdssecurity.pmd.rules.dfa.DfaSecurityRule]",
                "dst_entity_types": "[]"
              }
            },
            {
              "pattern_action": "DEL",
              "pattern_entity": {
                "entity_type": "Expression",
                "entity_new value": "*",
                "entity_role": "*",
                "entity_parent": "null"
              },
              "concrete_change": {
                "operator": "DEL",
                "src_type": "TypeAccess",
                "dst_type": "null",
                "src": "com.gdssecurity.pmd.rules.dfa.DfaSecurityRule",
                "dst": "null",
                "src_parent_type": "FieldRead",
                "dst_parent_type": "null",
                "src_parent": "com.gdssecurity.pmd.rules.dfa.DfaSecurityRule.cacheReturnTypes",
                "dst_parent": "null"
              },
              "stats": {
                "number_of_src_entities": 3,
                "number_of_dst_entities": -1,
                "src_entity_types": "[com.gdssecurity.pmd.rules.dfa.DfaSecurityRule]",
                "dst_entity_types": "[]"
              }
            }
          ]
        }
      ]
    }
  ],
  "complete_analysis": true
}