{
  "instances": [
    {
      "revision": "eb349c5ee6012b29d6db586e8700dc302ddaf35c",
      "repairability": [
        {
          "tool-name": "JKali",
          "pattern-name": "JKali:add_rtrn",
          "Unified_Diff_of-files:": "Starts Below...",
          "INSERT:": "",
          "instance_detail": [
            {
              "pattern_action": "INS",
              "pattern_entity": {
                "entity_type": "Return",
                "entity_new value": "*",
                "entity_role": "Statement",
                "entity_parent": "null"
              },
              "concrete_change": {
                "operator": "INS",
                "src_type": "Return",
                "dst_type": "null",
                "src": "return fes.getContext().getSchema()",
                "dst": "null",
                "src_parent_type": "Block",
                "dst_parent_type": "null",
                "src_parent": "{\n    org.openmrs.Patient patient \u003d org.openmrs.module.htmlformentry.HtmlFormEntryUtil.getFakePerson();\n    org.openmrs.module.htmlformentry.FormEntrySession fes \u003d new org.openmrs.module.htmlformentry.FormEntrySession(patient, null, mode, htmlForm, null);\n    fes.getHtmlToDisplay();\n    return fes.getContext().getSchema();\n}",
                "dst_parent": "null"
              },
              "line": 499,
              "file": "/home/khesoem/projects/lighter/exp/api/src/main/java/org/openmrs/module/htmlformentry/HtmlFormEntryUtil.java"
            }
          ]
        }
      ]
    }
  ],
  "complete_analysis": true
}