{
  "instances": [
    {
      "revision": "2e36b36b382c58e79b407754e6dbd33df8c31940",
      "repairability": [
        {
          "tool-name": "JMutRepair",
          "pattern-name": "JMutRepair:unary",
          "Unified_Diff_of-files:": "Starts Below...",
          "DELETE:": "    }",
          "INSERT:": "                processEvents();",
          "CHANGE_old:": "",
          "CHANGE_new:": "                }",
          "instance_detail": [
            {
              "pattern_action": "ANY",
              "pattern_entity": {
                "entity_type": "UnaryOperator",
                "entity_new value": "*",
                "entity_role": "*",
                "entity_parent": {
                  "entity_type": "If",
                  "entity_new value": "*",
                  "entity_role": "*",
                  "entity_parent": "null"
                }
              },
              "concrete_change": {
                "operator": "MOV",
                "src_type": "UnaryOperator",
                "dst_type": "UnaryOperator",
                "src": "!(events.isEmpty())",
                "dst": "(!(events.isEmpty()))",
                "src_parent_type": "If",
                "dst_parent_type": "BinaryOperator",
                "src_parent": "if (!(events.isEmpty())) {\n    scheduleWorker();\n} else {\n    org.axonframework.eventhandling.pooled.WorkPackage.logger.debug(\"Queue is empty. Not scheduling work package {}\", segment.getSegmentId());\n}",
                "dst_parent": "(!(events.isEmpty())) || ((abortFlag.get()) !\u003d null)"
              },
              "line": 120,
              "file": "/home/khesoem/projects/lighter/exp/messaging/src/main/java/org/axonframework/eventhandling/pooled/WorkPackage.java",
              "stats": {
                "number_of_src_entities": 27,
                "number_of_dst_entities": 27,
                "src_entity_types": "[org.axonframework.eventhandling.pooled.WorkPackage, , org.axonframework.eventhandling.TrackedEventMessage\u003c?\u003e, java.util.Queue\u003corg.axonframework.eventhandling.TrackedEventMessage\u003c?\u003e\u003e]",
                "dst_entity_types": "[org.axonframework.eventhandling.pooled.WorkPackage, , org.axonframework.eventhandling.TrackedEventMessage\u003c?\u003e, java.util.Queue\u003corg.axonframework.eventhandling.TrackedEventMessage\u003c?\u003e\u003e]"
              }
            }
          ]
        }
      ]
    }
  ],
  "complete_analysis": true
}