{
  "instances": [
    {
      "revision": "c5c2971e96eb59a2e8a846b4ce570c872a4c5595",
      "repairability": [
        {
          "tool-name": "JGenProg",
          "pattern-name": "JGenProg:any_statement_shallow",
          "Unified_Diff_of-files:": "Starts Below...",
          "CHANGE_old:": "            List\u0026lt;E\u0026gt; viAdj \u003d adj.get(i);",
          "CHANGE_new:": "            List\u0026lt;E\u0026gt; viAdj \u003d adj.get(vi);",
          "DELETE:": "",
          "INSERT:": "                    E e \u003d adj.get(v).get(r);",
          "instance_detail": [
            {
              "pattern_action": "ANY",
              "pattern_entity": {
                "entity_type": "*",
                "entity_new value": "*",
                "entity_role": "Statement",
                "entity_parent": "null"
              },
              "concrete_change": {
                "operator": "DEL",
                "src_type": "LocalVariable",
                "dst_type": "null",
                "src": "E e \u003d adj.get(i).get(r)",
                "dst": "null",
                "src_parent_type": "Block",
                "dst_parent_type": "null",
                "src_parent": "{\n    V v \u003d ring.get(i);\n    E e \u003d adj.get(i).get(r);\n    if ((rng.nextDouble()) \u003c (p)) {\n        V other \u003d ring.get(rng.nextInt(n));\n        if ((!(other.equals(v))) \u0026\u0026 (!(target.containsEdge(v, other)))) {\n            if (!(addInsteadOfRewire)) {\n                target.removeEdge(e);\n            }\n            target.addEdge(v, other);\n        }\n    }\n}",
                "dst_parent": "null"
              },
              "line": 180,
              "file": "/home/khesoem/projects/lighter/exp/jgrapht-core/src/main/java/org/jgrapht/generate/WattsStrogatzGraphGenerator.java",
              "stats": {
                "number_of_src_entities": 32,
                "number_of_dst_entities": -1,
                "src_entity_types": "[int, java.util.List\u003cE\u003e, java.util.List, java.util.Map\u003cV, java.util.List\u003cE\u003e\u003e, java.util.Map]",
                "dst_entity_types": "[]"
              }
            }
          ]
        }
      ]
    }
  ],
  "complete_analysis": true
}