{
  "instances": [
    {
      "revision": "87caf73faf8e50781976eaa642fc9b7fd1a5a9be",
      "repairability": [
        {
          "tool-name": "Cardumen",
          "pattern-name": "Cardumen:expression_replacement_by_upd",
          "Unified_Diff_of-files:": "Starts Below...",
          "INSERT:": "                        toSort.update(boxToDeliver.size());",
          "CHANGE_old:": "            } catch (InterruptedException | IOException e) {",
          "CHANGE_new:": "            } catch (InterruptedException e) {",
          "DELETE:": "                    }",
          "instance_detail": [
            {
              "pattern_action": "UPD",
              "pattern_entity": {
                "entity_type": "Expression",
                "entity_new value": "*",
                "entity_role": "*",
                "entity_parent": "null"
              },
              "concrete_change": {
                "operator": "UPD",
                "src_type": "VariableRead",
                "dst_type": "VariableRead",
                "src": "batch",
                "dst": "boxToDeliver",
                "src_parent_type": "Invocation",
                "dst_parent_type": "Invocation",
                "src_parent": "batch.getMessagesList()",
                "dst_parent": "boxToDeliver.size()"
              },
              "line": 391,
              "file": "/home/khesoem/projects/lighter/exp/src/main/java/org/imdea/vcd/DataRW.java",
              "stats": {
                "number_of_src_entities": 4,
                "number_of_dst_entities": 4,
                "src_entity_types": "[org.imdea.vcd.pb.Proto.MessageSet]",
                "dst_entity_types": "[org.imdea.vcd.queue.box.CommittedQueueBox]"
              }
            }
          ]
        }
      ]
    }
  ],
  "complete_analysis": true
}