{
  "instances": [
    {
      "revision": "427a1e950912c1976f7746815a5ac7dcfbb35ab7",
      "repairability": [
        {
          "tool-name": "Cardumen",
          "pattern-name": "Cardumen:expression_replacement_by_upd",
          "Unified_Diff_of-files:": "Starts Below...",
          "DELETE:": "",
          "instance_detail": [
            {
              "pattern_action": "UPD",
              "pattern_entity": {
                "entity_type": "Expression",
                "entity_new value": "*",
                "entity_role": "*",
                "entity_parent": "null"
              },
              "concrete_change": {
                "operator": "UPD",
                "src_type": "TypeAccess",
                "dst_type": "TypeAccess",
                "src": "org.imdea.vcd.util.Batch",
                "dst": "org.imdea.vcd.pb.Proto.MessageSet",
                "src_parent_type": "Invocation",
                "dst_parent_type": "Invocation",
                "src_parent": "org.imdea.vcd.util.Batch.pack(message)",
                "dst_parent": "org.imdea.vcd.pb.Proto.MessageSet.newBuilder()"
              },
              "line": 116,
              "file": "/home/khesoem/projects/lighter/exp/src/main/java/org/imdea/vcd/DataRW.java",
              "stats": {
                "number_of_src_entities": 3,
                "number_of_dst_entities": 3,
                "src_entity_types": "[org.imdea.vcd.util.Batch]",
                "dst_entity_types": "[org.imdea.vcd.pb.Proto.MessageSet]"
              }
            }
          ]
        }
      ]
    }
  ],
  "complete_analysis": true
}