{
  "instances": [
    {
      "revision": "2c0d3b28fd8a0bdb58aa735e2c846c7c694238cb",
      "repairability": [
        {
          "tool-name": "Elixir",
          "pattern-name": "Elixir:update_invocation_deep",
          "Unified_Diff_of-files:": "Starts Below...",
          "CHANGE_old:": "public class Transformation extends AbstractUserConfiguration {",
          "CHANGE_new:": "public class Transformation extends CoordinateConfiguration {",
          "instance_detail": [
            {
              "pattern_action": "ANY",
              "pattern_entity": {
                "entity_type": "*",
                "entity_new value": "*",
                "entity_role": "*",
                "entity_parent": {
                  "entity_type": "AbstractInvocation",
                  "entity_new value": "*",
                  "entity_role": "*",
                  "entity_parent": "null"
                }
              },
              "concrete_change": {
                "operator": "UPD",
                "src_type": "TypeAccess",
                "dst_type": "TypeAccess",
                "src": "net.bytebuddy.build.maven.AbstractUserConfiguration",
                "dst": "net.bytebuddy.build.maven.CoordinateConfiguration",
                "src_parent_type": "ThisAccess",
                "dst_parent_type": "ThisAccess",
                "src_parent": "this",
                "dst_parent": "this"
              },
              "stats": {
                "number_of_src_entities": 3,
                "number_of_dst_entities": 3,
                "src_entity_types": "[net.bytebuddy.build.maven.AbstractUserConfiguration]",
                "dst_entity_types": "[net.bytebuddy.build.maven.CoordinateConfiguration]"
              }
            }
          ]
        },
        {
          "tool-name": "Elixir",
          "pattern-name": "Elixir:update_invocation_deep",
          "Unified_Diff_of-files:": "Starts Below...",
          "CHANGE_old:": "public class Transformation extends AbstractUserConfiguration {",
          "CHANGE_new:": "public class Transformation extends CoordinateConfiguration {",
          "instance_detail": [
            {
              "pattern_action": "ANY",
              "pattern_entity": {
                "entity_type": "*",
                "entity_new value": "*",
                "entity_role": "*",
                "entity_parent": {
                  "entity_type": "AbstractInvocation",
                  "entity_new value": "*",
                  "entity_role": "*",
                  "entity_parent": "null"
                }
              },
              "concrete_change": {
                "operator": "UPD",
                "src_type": "TypeAccess",
                "dst_type": "TypeAccess",
                "src": "net.bytebuddy.build.maven.AbstractUserConfiguration",
                "dst": "net.bytebuddy.build.maven.CoordinateConfiguration",
                "src_parent_type": "ThisAccess",
                "dst_parent_type": "ThisAccess",
                "src_parent": "this",
                "dst_parent": "this"
              },
              "stats": {
                "number_of_src_entities": 3,
                "number_of_dst_entities": 3,
                "src_entity_types": "[net.bytebuddy.build.maven.AbstractUserConfiguration]",
                "dst_entity_types": "[net.bytebuddy.build.maven.CoordinateConfiguration]"
              }
            }
          ]
        },
        {
          "tool-name": "Elixir",
          "pattern-name": "Elixir:update_invocation_deep",
          "Unified_Diff_of-files:": "Starts Below...",
          "CHANGE_old:": "public class Transformation extends AbstractUserConfiguration {",
          "CHANGE_new:": "public class Transformation extends CoordinateConfiguration {",
          "instance_detail": [
            {
              "pattern_action": "ANY",
              "pattern_entity": {
                "entity_type": "*",
                "entity_new value": "*",
                "entity_role": "*",
                "entity_parent": {
                  "entity_type": "AbstractInvocation",
                  "entity_new value": "*",
                  "entity_role": "*",
                  "entity_parent": "null"
                }
              },
              "concrete_change": {
                "operator": "UPD",
                "src_type": "TypeAccess",
                "dst_type": "TypeAccess",
                "src": "net.bytebuddy.build.maven.AbstractUserConfiguration",
                "dst": "net.bytebuddy.build.maven.CoordinateConfiguration",
                "src_parent_type": "ThisAccess",
                "dst_parent_type": "ThisAccess",
                "src_parent": "this",
                "dst_parent": "this"
              },
              "stats": {
                "number_of_src_entities": 3,
                "number_of_dst_entities": 3,
                "src_entity_types": "[net.bytebuddy.build.maven.AbstractUserConfiguration]",
                "dst_entity_types": "[net.bytebuddy.build.maven.CoordinateConfiguration]"
              }
            }
          ]
        },
        {
          "tool-name": "Elixir",
          "pattern-name": "Elixir:update_invocation_deep",
          "Unified_Diff_of-files:": "Starts Below...",
          "CHANGE_old:": "public class Transformation extends AbstractUserConfiguration {",
          "CHANGE_new:": "public class Transformation extends CoordinateConfiguration {",
          "instance_detail": [
            {
              "pattern_action": "ANY",
              "pattern_entity": {
                "entity_type": "*",
                "entity_new value": "*",
                "entity_role": "*",
                "entity_parent": {
                  "entity_type": "AbstractInvocation",
                  "entity_new value": "*",
                  "entity_role": "*",
                  "entity_parent": "null"
                }
              },
              "concrete_change": {
                "operator": "UPD",
                "src_type": "TypeAccess",
                "dst_type": "TypeAccess",
                "src": "net.bytebuddy.build.maven.AbstractUserConfiguration",
                "dst": "net.bytebuddy.build.maven.CoordinateConfiguration",
                "src_parent_type": "ThisAccess",
                "dst_parent_type": "ThisAccess",
                "src_parent": "this",
                "dst_parent": "this"
              },
              "stats": {
                "number_of_src_entities": 3,
                "number_of_dst_entities": 3,
                "src_entity_types": "[net.bytebuddy.build.maven.AbstractUserConfiguration]",
                "dst_entity_types": "[net.bytebuddy.build.maven.CoordinateConfiguration]"
              }
            }
          ]
        },
        {
          "tool-name": "Elixir",
          "pattern-name": "Elixir:update_return_deep",
          "Unified_Diff_of-files:": "Starts Below...",
          "CHANGE_old:": "public class Transformation extends AbstractUserConfiguration {",
          "CHANGE_new:": "public class Transformation extends CoordinateConfiguration {",
          "instance_detail": [
            {
              "pattern_action": "ANY",
              "pattern_entity": {
                "entity_type": "*",
                "entity_new value": "*",
                "entity_role": "*",
                "entity_parent": {
                  "entity_type": "Return",
                  "entity_new value": "*",
                  "entity_role": "*",
                  "entity_parent": "null"
                }
              },
              "concrete_change": {
                "operator": "UPD",
                "src_type": "TypeAccess",
                "dst_type": "TypeAccess",
                "src": "net.bytebuddy.build.maven.AbstractUserConfiguration",
                "dst": "net.bytebuddy.build.maven.CoordinateConfiguration",
                "src_parent_type": "ThisAccess",
                "dst_parent_type": "ThisAccess",
                "src_parent": "",
                "dst_parent": ""
              },
              "stats": {
                "number_of_src_entities": 3,
                "number_of_dst_entities": 3,
                "src_entity_types": "[net.bytebuddy.build.maven.AbstractUserConfiguration]",
                "dst_entity_types": "[net.bytebuddy.build.maven.CoordinateConfiguration]"
              }
            }
          ]
        }
      ]
    }
  ],
  "complete_analysis": true
}