{
  "instances": [
    {
      "revision": "17a4ba84fb2ee030ccd3949e72ebda0f0b22c5f4",
      "repairability": [
        {
          "tool-name": "JKali",
          "pattern-name": "JKali:del",
          "Unified_Diff_of-files:": "Starts Below...",
          "DELETE:": "",
          "instance_detail": [
            {
              "pattern_action": "DEL",
              "pattern_entity": {
                "entity_type": "*",
                "entity_new value": "*",
                "entity_role": "Statement",
                "entity_parent": "null"
              },
              "concrete_change": {
                "operator": "DEL",
                "src_type": "LocalVariable",
                "dst_type": "null",
                "src": "java.util.Set\u003cio.cassandrareaper.core.Node\u003e nodes \u003d cluster.getSeedHosts().stream().map(( host) -\u003e io.cassandrareaper.core.Node.builder().withCluster(cluster).withHostname(host).build()).collect(java.util.stream.Collectors.toSet())",
                "dst": "null",
                "src_parent_type": "Block",
                "dst_parent_type": "null",
                "src_parent": "{\n    java.util.Set\u003cio.cassandrareaper.core.Node\u003e nodes \u003d cluster.getSeedHosts().stream().map(( host) -\u003e io.cassandrareaper.core.Node.builder().withCluster(cluster).withHostname(host).build()).collect(java.util.stream.Collectors.toSet());\n    if ((nodes \u003d\u003d null) || (nodes.isEmpty())) {\n        throw new io.cassandrareaper.ReaperException((\"no seeds in cluster with name: \" + (cluster.getName())));\n    }\n    return connectAny(nodes);\n}",
                "dst_parent": "null"
              },
              "line": 153,
              "file": "/home/khesoem/projects/lighter/exp/src/server/src/main/java/io/cassandrareaper/jmx/JmxConnectionFactory.java"
            }
          ]
        },
        {
          "tool-name": "JKali",
          "pattern-name": "JKali:del",
          "Unified_Diff_of-files:": "Starts Below...",
          "DELETE:": "",
          "instance_detail": [
            {
              "pattern_action": "DEL",
              "pattern_entity": {
                "entity_type": "*",
                "entity_new value": "*",
                "entity_role": "Statement",
                "entity_parent": "null"
              },
              "concrete_change": {
                "operator": "DEL",
                "src_type": "Throw",
                "dst_type": "null",
                "src": "throw new io.cassandrareaper.ReaperException((\"no seeds in cluster with name: \" + (cluster.getName())))",
                "dst": "null",
                "src_parent_type": "Block",
                "dst_parent_type": "null",
                "src_parent": "{\n    throw new io.cassandrareaper.ReaperException((\"no seeds in cluster with name: \" + (cluster.getName())));\n}",
                "dst_parent": "null"
              },
              "line": 160,
              "file": "/home/khesoem/projects/lighter/exp/src/server/src/main/java/io/cassandrareaper/jmx/JmxConnectionFactory.java"
            }
          ]
        },
        {
          "tool-name": "JKali",
          "pattern-name": "JKali:del",
          "Unified_Diff_of-files:": "Starts Below...",
          "DELETE:": "",
          "instance_detail": [
            {
              "pattern_action": "DEL",
              "pattern_entity": {
                "entity_type": "*",
                "entity_new value": "*",
                "entity_role": "Statement",
                "entity_parent": "null"
              },
              "concrete_change": {
                "operator": "DEL",
                "src_type": "If",
                "dst_type": "null",
                "src": "if ((nodes \u003d\u003d null) || (nodes.isEmpty())) {\n    throw new io.cassandrareaper.ReaperException((\"no seeds in cluster with name: \" + (cluster.getName())));\n}",
                "dst": "null",
                "src_parent_type": "Block",
                "dst_parent_type": "null",
                "src_parent": "{\n    java.util.Set\u003cio.cassandrareaper.core.Node\u003e nodes \u003d cluster.getSeedHosts().stream().map(( host) -\u003e io.cassandrareaper.core.Node.builder().withCluster(cluster).withHostname(host).build()).collect(java.util.stream.Collectors.toSet());\n    if ((nodes \u003d\u003d null) || (nodes.isEmpty())) {\n        throw new io.cassandrareaper.ReaperException((\"no seeds in cluster with name: \" + (cluster.getName())));\n    }\n    return connectAny(nodes);\n}",
                "dst_parent": "null"
              },
              "line": 159,
              "file": "/home/khesoem/projects/lighter/exp/src/server/src/main/java/io/cassandrareaper/jmx/JmxConnectionFactory.java"
            }
          ]
        },
        {
          "tool-name": "JKali",
          "pattern-name": "JKali:del",
          "Unified_Diff_of-files:": "Starts Below...",
          "DELETE:": "",
          "instance_detail": [
            {
              "pattern_action": "DEL",
              "pattern_entity": {
                "entity_type": "*",
                "entity_new value": "*",
                "entity_role": "Statement",
                "entity_parent": "null"
              },
              "concrete_change": {
                "operator": "DEL",
                "src_type": "Return",
                "dst_type": "null",
                "src": "return connectAny(nodes)",
                "dst": "null",
                "src_parent_type": "Block",
                "dst_parent_type": "null",
                "src_parent": "{\n    java.util.Set\u003cio.cassandrareaper.core.Node\u003e nodes \u003d cluster.getSeedHosts().stream().map(( host) -\u003e io.cassandrareaper.core.Node.builder().withCluster(cluster).withHostname(host).build()).collect(java.util.stream.Collectors.toSet());\n    if ((nodes \u003d\u003d null) || (nodes.isEmpty())) {\n        throw new io.cassandrareaper.ReaperException((\"no seeds in cluster with name: \" + (cluster.getName())));\n    }\n    return connectAny(nodes);\n}",
                "dst_parent": "null"
              },
              "line": 162,
              "file": "/home/khesoem/projects/lighter/exp/src/server/src/main/java/io/cassandrareaper/jmx/JmxConnectionFactory.java"
            }
          ]
        }
      ]
    }
  ],
  "complete_analysis": true
}