{
  "instances": [
    {
      "revision": "d31f5384a2c8bf786f72ac069d87c2eff9e5d983",
      "repairability": [
        {
          "tool-name": "JKali",
          "pattern-name": "JKali:del",
          "Unified_Diff_of-files:": "Starts Below...",
          "DELETE:": "",
          "CHANGE_old:": "",
          "CHANGE_new:": "    }",
          "INSERT:": "",
          "instance_detail": [
            {
              "pattern_action": "DEL",
              "pattern_entity": {
                "entity_type": "*",
                "entity_new value": "*",
                "entity_role": "Statement",
                "entity_parent": "null"
              },
              "concrete_change": {
                "operator": "DEL",
                "src_type": "Assignment",
                "dst_type": "null",
                "src": "this.clusterFacade \u003d io.cassandrareaper.jmx.ClusterFacade.create(context)",
                "dst": "null",
                "src_parent_type": "Block",
                "dst_parent_type": "null",
                "src_parent": "{\n    this.context \u003d context;\n    this.executor \u003d new com.codahale.metrics.InstrumentedExecutorService(executor, context.metricRegistry);\n    this.clusterRepairScheduler \u003d new io.cassandrareaper.service.ClusterRepairScheduler(context);\n    this.clusterFacade \u003d io.cassandrareaper.jmx.ClusterFacade.create(context);\n    this.cryptograph \u003d cryptograph;\n}",
                "dst_parent": "null"
              },
              "line": 88,
              "file": "/home/khesoem/projects/lighter/exp/src/server/src/main/java/io/cassandrareaper/resources/ClusterResource.java",
              "stats": {
                "number_of_src_entities": 26,
                "number_of_dst_entities": -1,
                "src_entity_types": "[io.cassandrareaper.jmx.ClusterFacade, io.cassandrareaper.AppContext, io.cassandrareaper.resources.ClusterResource]",
                "dst_entity_types": "[]"
              }
            }
          ]
        },
        {
          "tool-name": "JKali",
          "pattern-name": "JKali:del",
          "Unified_Diff_of-files:": "Starts Below...",
          "DELETE:": "",
          "CHANGE_old:": "",
          "CHANGE_new:": "    }",
          "INSERT:": "",
          "instance_detail": [
            {
              "pattern_action": "DEL",
              "pattern_entity": {
                "entity_type": "*",
                "entity_new value": "*",
                "entity_role": "Statement",
                "entity_parent": "null"
              },
              "concrete_change": {
                "operator": "DEL",
                "src_type": "Return",
                "dst_type": "null",
                "src": "return clusterFacade.getNodesStatus(cluster, seeds)",
                "dst": "null",
                "src_parent_type": "Block",
                "dst_parent_type": "null",
                "src_parent": "{\n    return clusterFacade.getNodesStatus(cluster, seeds);\n}",
                "dst_parent": "null"
              },
              "line": 429,
              "file": "/home/khesoem/projects/lighter/exp/src/server/src/main/java/io/cassandrareaper/resources/ClusterResource.java"
            }
          ]
        },
        {
          "tool-name": "JKali",
          "pattern-name": "JKali:del",
          "Unified_Diff_of-files:": "Starts Below...",
          "DELETE:": "",
          "CHANGE_old:": "",
          "CHANGE_new:": "    }",
          "INSERT:": "",
          "instance_detail": [
            {
              "pattern_action": "DEL",
              "pattern_entity": {
                "entity_type": "*",
                "entity_new value": "*",
                "entity_role": "Statement",
                "entity_parent": "null"
              },
              "concrete_change": {
                "operator": "DEL",
                "src_type": "Invocation",
                "dst_type": "null",
                "src": "io.cassandrareaper.resources.ClusterResource.LOG.debug(\"failed to get endpoints for cluster {} with seeds {}\", cluster.getName(), seeds, e)",
                "dst": "null",
                "src_parent_type": "Block",
                "dst_parent_type": "null",
                "src_parent": "{\n    io.cassandrareaper.resources.ClusterResource.LOG.debug(\"failed to get endpoints for cluster {} with seeds {}\", cluster.getName(), seeds, e);\n    java.lang.Thread.sleep((((int) (JmxProxy.DEFAULT_JMX_CONNECTION_TIMEOUT.getSeconds())) * 1000));\n    return new io.cassandrareaper.resources.view.NodesStatus(java.util.Collections.EMPTY_LIST);\n}",
                "dst_parent": "null"
              },
              "line": 431,
              "file": "/home/khesoem/projects/lighter/exp/src/server/src/main/java/io/cassandrareaper/resources/ClusterResource.java"
            }
          ]
        },
        {
          "tool-name": "JKali",
          "pattern-name": "JKali:del",
          "Unified_Diff_of-files:": "Starts Below...",
          "DELETE:": "",
          "CHANGE_old:": "",
          "CHANGE_new:": "    }",
          "INSERT:": "",
          "instance_detail": [
            {
              "pattern_action": "DEL",
              "pattern_entity": {
                "entity_type": "*",
                "entity_new value": "*",
                "entity_role": "Statement",
                "entity_parent": "null"
              },
              "concrete_change": {
                "operator": "DEL",
                "src_type": "Invocation",
                "dst_type": "null",
                "src": "java.lang.Thread.sleep((((int) (JmxProxy.DEFAULT_JMX_CONNECTION_TIMEOUT.getSeconds())) * 1000))",
                "dst": "null",
                "src_parent_type": "Block",
                "dst_parent_type": "null",
                "src_parent": "{\n    io.cassandrareaper.resources.ClusterResource.LOG.debug(\"failed to get endpoints for cluster {} with seeds {}\", cluster.getName(), seeds, e);\n    java.lang.Thread.sleep((((int) (JmxProxy.DEFAULT_JMX_CONNECTION_TIMEOUT.getSeconds())) * 1000));\n    return new io.cassandrareaper.resources.view.NodesStatus(java.util.Collections.EMPTY_LIST);\n}",
                "dst_parent": "null"
              },
              "line": 432,
              "file": "/home/khesoem/projects/lighter/exp/src/server/src/main/java/io/cassandrareaper/resources/ClusterResource.java"
            }
          ]
        },
        {
          "tool-name": "JKali",
          "pattern-name": "JKali:del",
          "Unified_Diff_of-files:": "Starts Below...",
          "DELETE:": "",
          "CHANGE_old:": "",
          "CHANGE_new:": "    }",
          "INSERT:": "",
          "instance_detail": [
            {
              "pattern_action": "DEL",
              "pattern_entity": {
                "entity_type": "*",
                "entity_new value": "*",
                "entity_role": "Statement",
                "entity_parent": "null"
              },
              "concrete_change": {
                "operator": "DEL",
                "src_type": "Return",
                "dst_type": "null",
                "src": "return new io.cassandrareaper.resources.view.NodesStatus(java.util.Collections.EMPTY_LIST)",
                "dst": "null",
                "src_parent_type": "Block",
                "dst_parent_type": "null",
                "src_parent": "{\n    io.cassandrareaper.resources.ClusterResource.LOG.debug(\"failed to get endpoints for cluster {} with seeds {}\", cluster.getName(), seeds, e);\n    java.lang.Thread.sleep((((int) (JmxProxy.DEFAULT_JMX_CONNECTION_TIMEOUT.getSeconds())) * 1000));\n    return new io.cassandrareaper.resources.view.NodesStatus(java.util.Collections.EMPTY_LIST);\n}",
                "dst_parent": "null"
              },
              "line": 433,
              "file": "/home/khesoem/projects/lighter/exp/src/server/src/main/java/io/cassandrareaper/resources/ClusterResource.java"
            }
          ]
        },
        {
          "tool-name": "JKali",
          "pattern-name": "JKali:del",
          "Unified_Diff_of-files:": "Starts Below...",
          "DELETE:": "",
          "CHANGE_old:": "",
          "CHANGE_new:": "    }",
          "INSERT:": "",
          "instance_detail": [
            {
              "pattern_action": "DEL",
              "pattern_entity": {
                "entity_type": "*",
                "entity_new value": "*",
                "entity_role": "Statement",
                "entity_parent": "null"
              },
              "concrete_change": {
                "operator": "DEL",
                "src_type": "Try",
                "dst_type": "null",
                "src": "try {\n    return clusterFacade.getNodesStatus(cluster, seeds);\n} catch (java.lang.RuntimeException e) {\n    io.cassandrareaper.resources.ClusterResource.LOG.debug(\"failed to get endpoints for cluster {} with seeds {}\", cluster.getName(), seeds, e);\n    java.lang.Thread.sleep((((int) (JmxProxy.DEFAULT_JMX_CONNECTION_TIMEOUT.getSeconds())) * 1000));\n    return new io.cassandrareaper.resources.view.NodesStatus(java.util.Collections.EMPTY_LIST);\n}",
                "dst": "null",
                "src_parent_type": "Block",
                "dst_parent_type": "null",
                "src_parent": "{\n    try {\n        return clusterFacade.getNodesStatus(cluster, seeds);\n    } catch (java.lang.RuntimeException e) {\n        io.cassandrareaper.resources.ClusterResource.LOG.debug(\"failed to get endpoints for cluster {} with seeds {}\", cluster.getName(), seeds, e);\n        java.lang.Thread.sleep((((int) (JmxProxy.DEFAULT_JMX_CONNECTION_TIMEOUT.getSeconds())) * 1000));\n        return new io.cassandrareaper.resources.view.NodesStatus(java.util.Collections.EMPTY_LIST);\n    }\n}",
                "dst_parent": "null"
              },
              "line": 428,
              "file": "/home/khesoem/projects/lighter/exp/src/server/src/main/java/io/cassandrareaper/resources/ClusterResource.java"
            }
          ]
        },
        {
          "tool-name": "JKali",
          "pattern-name": "JKali:del",
          "Unified_Diff_of-files:": "Starts Below...",
          "DELETE:": "",
          "CHANGE_old:": "",
          "CHANGE_new:": "    }",
          "INSERT:": "",
          "instance_detail": [
            {
              "pattern_action": "DEL",
              "pattern_entity": {
                "entity_type": "*",
                "entity_new value": "*",
                "entity_role": "Statement",
                "entity_parent": "null"
              },
              "concrete_change": {
                "operator": "DEL",
                "src_type": "LocalVariable",
                "dst_type": "null",
                "src": "java.util.List\u003cjava.util.concurrent.Callable\u003cio.cassandrareaper.resources.view.NodesStatus\u003e\u003e endpointStateTasks \u003d com.google.common.collect.Lists.newArrayList()",
                "dst": "null",
                "src_parent_type": "Block",
                "dst_parent_type": "null",
                "src_parent": "{\n    java.util.List\u003cjava.util.concurrent.Callable\u003cio.cassandrareaper.resources.view.NodesStatus\u003e\u003e endpointStateTasks \u003d com.google.common.collect.Lists.newArrayList();\n    java.util.List\u003cjava.lang.String\u003e seedHosts \u003d new java.util.ArrayList(cluster.getSeedHosts());\n    java.util.Collections.shuffle(seedHosts);\n    int index \u003d 0;\n    for (java.lang.String host : seedHosts) {\n        if (index \u003e\u003d 3) {\n            break;\n        }\n        endpointStateTasks.add(getEndpointState(cluster, java.util.Collections.singleton(host)));\n        index++;\n    }\n    try {\n        return executor.invokeAny(endpointStateTasks, ((int) (JmxProxy.DEFAULT_JMX_CONNECTION_TIMEOUT.getSeconds())), java.util.concurrent.TimeUnit.SECONDS);\n    } catch (java.lang.InterruptedException | java.util.concurrent.ExecutionException | java.util.concurrent.TimeoutException e) {\n        io.cassandrareaper.resources.ClusterResource.LOG.debug(\"failed grabbing nodes status\", e);\n    }\n    return new io.cassandrareaper.resources.view.NodesStatus(java.util.Collections.EMPTY_LIST);\n}",
                "dst_parent": "null"
              },
              "line": 447,
              "file": "/home/khesoem/projects/lighter/exp/src/server/src/main/java/io/cassandrareaper/resources/ClusterResource.java"
            }
          ]
        },
        {
          "tool-name": "JKali",
          "pattern-name": "JKali:del",
          "Unified_Diff_of-files:": "Starts Below...",
          "DELETE:": "",
          "CHANGE_old:": "",
          "CHANGE_new:": "    }",
          "INSERT:": "",
          "instance_detail": [
            {
              "pattern_action": "DEL",
              "pattern_entity": {
                "entity_type": "*",
                "entity_new value": "*",
                "entity_role": "Statement",
                "entity_parent": "null"
              },
              "concrete_change": {
                "operator": "DEL",
                "src_type": "LocalVariable",
                "dst_type": "null",
                "src": "java.util.List\u003cjava.lang.String\u003e seedHosts \u003d new java.util.ArrayList(cluster.getSeedHosts())",
                "dst": "null",
                "src_parent_type": "Block",
                "dst_parent_type": "null",
                "src_parent": "{\n    java.util.List\u003cjava.util.concurrent.Callable\u003cio.cassandrareaper.resources.view.NodesStatus\u003e\u003e endpointStateTasks \u003d com.google.common.collect.Lists.newArrayList();\n    java.util.List\u003cjava.lang.String\u003e seedHosts \u003d new java.util.ArrayList(cluster.getSeedHosts());\n    java.util.Collections.shuffle(seedHosts);\n    int index \u003d 0;\n    for (java.lang.String host : seedHosts) {\n        if (index \u003e\u003d 3) {\n            break;\n        }\n        endpointStateTasks.add(getEndpointState(cluster, java.util.Collections.singleton(host)));\n        index++;\n    }\n    try {\n        return executor.invokeAny(endpointStateTasks, ((int) (JmxProxy.DEFAULT_JMX_CONNECTION_TIMEOUT.getSeconds())), java.util.concurrent.TimeUnit.SECONDS);\n    } catch (java.lang.InterruptedException | java.util.concurrent.ExecutionException | java.util.concurrent.TimeoutException e) {\n        io.cassandrareaper.resources.ClusterResource.LOG.debug(\"failed grabbing nodes status\", e);\n    }\n    return new io.cassandrareaper.resources.view.NodesStatus(java.util.Collections.EMPTY_LIST);\n}",
                "dst_parent": "null"
              },
              "line": 448,
              "file": "/home/khesoem/projects/lighter/exp/src/server/src/main/java/io/cassandrareaper/resources/ClusterResource.java"
            }
          ]
        },
        {
          "tool-name": "JKali",
          "pattern-name": "JKali:del",
          "Unified_Diff_of-files:": "Starts Below...",
          "DELETE:": "",
          "CHANGE_old:": "",
          "CHANGE_new:": "    }",
          "INSERT:": "",
          "instance_detail": [
            {
              "pattern_action": "DEL",
              "pattern_entity": {
                "entity_type": "*",
                "entity_new value": "*",
                "entity_role": "Statement",
                "entity_parent": "null"
              },
              "concrete_change": {
                "operator": "DEL",
                "src_type": "Invocation",
                "dst_type": "null",
                "src": "java.util.Collections.shuffle(seedHosts)",
                "dst": "null",
                "src_parent_type": "Block",
                "dst_parent_type": "null",
                "src_parent": "{\n    java.util.List\u003cjava.util.concurrent.Callable\u003cio.cassandrareaper.resources.view.NodesStatus\u003e\u003e endpointStateTasks \u003d com.google.common.collect.Lists.newArrayList();\n    java.util.List\u003cjava.lang.String\u003e seedHosts \u003d new java.util.ArrayList(cluster.getSeedHosts());\n    java.util.Collections.shuffle(seedHosts);\n    int index \u003d 0;\n    for (java.lang.String host : seedHosts) {\n        if (index \u003e\u003d 3) {\n            break;\n        }\n        endpointStateTasks.add(getEndpointState(cluster, java.util.Collections.singleton(host)));\n        index++;\n    }\n    try {\n        return executor.invokeAny(endpointStateTasks, ((int) (JmxProxy.DEFAULT_JMX_CONNECTION_TIMEOUT.getSeconds())), java.util.concurrent.TimeUnit.SECONDS);\n    } catch (java.lang.InterruptedException | java.util.concurrent.ExecutionException | java.util.concurrent.TimeoutException e) {\n        io.cassandrareaper.resources.ClusterResource.LOG.debug(\"failed grabbing nodes status\", e);\n    }\n    return new io.cassandrareaper.resources.view.NodesStatus(java.util.Collections.EMPTY_LIST);\n}",
                "dst_parent": "null"
              },
              "line": 449,
              "file": "/home/khesoem/projects/lighter/exp/src/server/src/main/java/io/cassandrareaper/resources/ClusterResource.java"
            }
          ]
        },
        {
          "tool-name": "JKali",
          "pattern-name": "JKali:del",
          "Unified_Diff_of-files:": "Starts Below...",
          "DELETE:": "",
          "CHANGE_old:": "",
          "CHANGE_new:": "    }",
          "INSERT:": "",
          "instance_detail": [
            {
              "pattern_action": "DEL",
              "pattern_entity": {
                "entity_type": "*",
                "entity_new value": "*",
                "entity_role": "Statement",
                "entity_parent": "null"
              },
              "concrete_change": {
                "operator": "DEL",
                "src_type": "LocalVariable",
                "dst_type": "null",
                "src": "int index \u003d 0",
                "dst": "null",
                "src_parent_type": "Block",
                "dst_parent_type": "null",
                "src_parent": "{\n    java.util.List\u003cjava.util.concurrent.Callable\u003cio.cassandrareaper.resources.view.NodesStatus\u003e\u003e endpointStateTasks \u003d com.google.common.collect.Lists.newArrayList();\n    java.util.List\u003cjava.lang.String\u003e seedHosts \u003d new java.util.ArrayList(cluster.getSeedHosts());\n    java.util.Collections.shuffle(seedHosts);\n    int index \u003d 0;\n    for (java.lang.String host : seedHosts) {\n        if (index \u003e\u003d 3) {\n            break;\n        }\n        endpointStateTasks.add(getEndpointState(cluster, java.util.Collections.singleton(host)));\n        index++;\n    }\n    try {\n        return executor.invokeAny(endpointStateTasks, ((int) (JmxProxy.DEFAULT_JMX_CONNECTION_TIMEOUT.getSeconds())), java.util.concurrent.TimeUnit.SECONDS);\n    } catch (java.lang.InterruptedException | java.util.concurrent.ExecutionException | java.util.concurrent.TimeoutException e) {\n        io.cassandrareaper.resources.ClusterResource.LOG.debug(\"failed grabbing nodes status\", e);\n    }\n    return new io.cassandrareaper.resources.view.NodesStatus(java.util.Collections.EMPTY_LIST);\n}",
                "dst_parent": "null"
              },
              "line": 450,
              "file": "/home/khesoem/projects/lighter/exp/src/server/src/main/java/io/cassandrareaper/resources/ClusterResource.java"
            }
          ]
        },
        {
          "tool-name": "JKali",
          "pattern-name": "JKali:del",
          "Unified_Diff_of-files:": "Starts Below...",
          "DELETE:": "",
          "CHANGE_old:": "",
          "CHANGE_new:": "    }",
          "INSERT:": "",
          "instance_detail": [
            {
              "pattern_action": "DEL",
              "pattern_entity": {
                "entity_type": "*",
                "entity_new value": "*",
                "entity_role": "Statement",
                "entity_parent": "null"
              },
              "concrete_change": {
                "operator": "DEL",
                "src_type": "Break",
                "dst_type": "null",
                "src": "break",
                "dst": "null",
                "src_parent_type": "Block",
                "dst_parent_type": "null",
                "src_parent": "{\n    break;\n}",
                "dst_parent": "null"
              },
              "line": 453,
              "file": "/home/khesoem/projects/lighter/exp/src/server/src/main/java/io/cassandrareaper/resources/ClusterResource.java"
            }
          ]
        },
        {
          "tool-name": "JKali",
          "pattern-name": "JKali:del",
          "Unified_Diff_of-files:": "Starts Below...",
          "DELETE:": "",
          "CHANGE_old:": "",
          "CHANGE_new:": "    }",
          "INSERT:": "",
          "instance_detail": [
            {
              "pattern_action": "DEL",
              "pattern_entity": {
                "entity_type": "*",
                "entity_new value": "*",
                "entity_role": "Statement",
                "entity_parent": "null"
              },
              "concrete_change": {
                "operator": "DEL",
                "src_type": "If",
                "dst_type": "null",
                "src": "if (index \u003e\u003d 3) {\n    break;\n}",
                "dst": "null",
                "src_parent_type": "Block",
                "dst_parent_type": "null",
                "src_parent": "{\n    if (index \u003e\u003d 3) {\n        break;\n    }\n    endpointStateTasks.add(getEndpointState(cluster, java.util.Collections.singleton(host)));\n    index++;\n}",
                "dst_parent": "null"
              },
              "line": 452,
              "file": "/home/khesoem/projects/lighter/exp/src/server/src/main/java/io/cassandrareaper/resources/ClusterResource.java"
            }
          ]
        },
        {
          "tool-name": "JKali",
          "pattern-name": "JKali:del",
          "Unified_Diff_of-files:": "Starts Below...",
          "DELETE:": "",
          "CHANGE_old:": "",
          "CHANGE_new:": "    }",
          "INSERT:": "",
          "instance_detail": [
            {
              "pattern_action": "DEL",
              "pattern_entity": {
                "entity_type": "*",
                "entity_new value": "*",
                "entity_role": "Statement",
                "entity_parent": "null"
              },
              "concrete_change": {
                "operator": "DEL",
                "src_type": "Invocation",
                "dst_type": "null",
                "src": "endpointStateTasks.add(getEndpointState(cluster, java.util.Collections.singleton(host)))",
                "dst": "null",
                "src_parent_type": "Block",
                "dst_parent_type": "null",
                "src_parent": "{\n    if (index \u003e\u003d 3) {\n        break;\n    }\n    endpointStateTasks.add(getEndpointState(cluster, java.util.Collections.singleton(host)));\n    index++;\n}",
                "dst_parent": "null"
              },
              "line": 455,
              "file": "/home/khesoem/projects/lighter/exp/src/server/src/main/java/io/cassandrareaper/resources/ClusterResource.java"
            }
          ]
        },
        {
          "tool-name": "JKali",
          "pattern-name": "JKali:del",
          "Unified_Diff_of-files:": "Starts Below...",
          "DELETE:": "",
          "CHANGE_old:": "",
          "CHANGE_new:": "    }",
          "INSERT:": "",
          "instance_detail": [
            {
              "pattern_action": "DEL",
              "pattern_entity": {
                "entity_type": "*",
                "entity_new value": "*",
                "entity_role": "Statement",
                "entity_parent": "null"
              },
              "concrete_change": {
                "operator": "DEL",
                "src_type": "UnaryOperator",
                "dst_type": "null",
                "src": "index++",
                "dst": "null",
                "src_parent_type": "Block",
                "dst_parent_type": "null",
                "src_parent": "{\n    if (index \u003e\u003d 3) {\n        break;\n    }\n    endpointStateTasks.add(getEndpointState(cluster, java.util.Collections.singleton(host)));\n    index++;\n}",
                "dst_parent": "null"
              },
              "line": 456,
              "file": "/home/khesoem/projects/lighter/exp/src/server/src/main/java/io/cassandrareaper/resources/ClusterResource.java"
            }
          ]
        },
        {
          "tool-name": "JKali",
          "pattern-name": "JKali:del",
          "Unified_Diff_of-files:": "Starts Below...",
          "DELETE:": "",
          "CHANGE_old:": "",
          "CHANGE_new:": "    }",
          "INSERT:": "",
          "instance_detail": [
            {
              "pattern_action": "DEL",
              "pattern_entity": {
                "entity_type": "*",
                "entity_new value": "*",
                "entity_role": "Statement",
                "entity_parent": "null"
              },
              "concrete_change": {
                "operator": "DEL",
                "src_type": "ForEach",
                "dst_type": "null",
                "src": "for (java.lang.String host : seedHosts) {\n    if (index \u003e\u003d 3) {\n        break;\n    }\n    endpointStateTasks.add(getEndpointState(cluster, java.util.Collections.singleton(host)));\n    index++;\n}",
                "dst": "null",
                "src_parent_type": "Block",
                "dst_parent_type": "null",
                "src_parent": "{\n    java.util.List\u003cjava.util.concurrent.Callable\u003cio.cassandrareaper.resources.view.NodesStatus\u003e\u003e endpointStateTasks \u003d com.google.common.collect.Lists.newArrayList();\n    java.util.List\u003cjava.lang.String\u003e seedHosts \u003d new java.util.ArrayList(cluster.getSeedHosts());\n    java.util.Collections.shuffle(seedHosts);\n    int index \u003d 0;\n    for (java.lang.String host : seedHosts) {\n        if (index \u003e\u003d 3) {\n            break;\n        }\n        endpointStateTasks.add(getEndpointState(cluster, java.util.Collections.singleton(host)));\n        index++;\n    }\n    try {\n        return executor.invokeAny(endpointStateTasks, ((int) (JmxProxy.DEFAULT_JMX_CONNECTION_TIMEOUT.getSeconds())), java.util.concurrent.TimeUnit.SECONDS);\n    } catch (java.lang.InterruptedException | java.util.concurrent.ExecutionException | java.util.concurrent.TimeoutException e) {\n        io.cassandrareaper.resources.ClusterResource.LOG.debug(\"failed grabbing nodes status\", e);\n    }\n    return new io.cassandrareaper.resources.view.NodesStatus(java.util.Collections.EMPTY_LIST);\n}",
                "dst_parent": "null"
              },
              "line": 451,
              "file": "/home/khesoem/projects/lighter/exp/src/server/src/main/java/io/cassandrareaper/resources/ClusterResource.java"
            }
          ]
        },
        {
          "tool-name": "JKali",
          "pattern-name": "JKali:del",
          "Unified_Diff_of-files:": "Starts Below...",
          "DELETE:": "",
          "CHANGE_old:": "",
          "CHANGE_new:": "    }",
          "INSERT:": "",
          "instance_detail": [
            {
              "pattern_action": "DEL",
              "pattern_entity": {
                "entity_type": "*",
                "entity_new value": "*",
                "entity_role": "Statement",
                "entity_parent": "null"
              },
              "concrete_change": {
                "operator": "DEL",
                "src_type": "Return",
                "dst_type": "null",
                "src": "return executor.invokeAny(endpointStateTasks, ((int) (JmxProxy.DEFAULT_JMX_CONNECTION_TIMEOUT.getSeconds())), java.util.concurrent.TimeUnit.SECONDS)",
                "dst": "null",
                "src_parent_type": "Block",
                "dst_parent_type": "null",
                "src_parent": "{\n    return executor.invokeAny(endpointStateTasks, ((int) (JmxProxy.DEFAULT_JMX_CONNECTION_TIMEOUT.getSeconds())), java.util.concurrent.TimeUnit.SECONDS);\n}",
                "dst_parent": "null"
              },
              "line": 460,
              "file": "/home/khesoem/projects/lighter/exp/src/server/src/main/java/io/cassandrareaper/resources/ClusterResource.java"
            }
          ]
        },
        {
          "tool-name": "JKali",
          "pattern-name": "JKali:del",
          "Unified_Diff_of-files:": "Starts Below...",
          "DELETE:": "",
          "CHANGE_old:": "",
          "CHANGE_new:": "    }",
          "INSERT:": "",
          "instance_detail": [
            {
              "pattern_action": "DEL",
              "pattern_entity": {
                "entity_type": "*",
                "entity_new value": "*",
                "entity_role": "Statement",
                "entity_parent": "null"
              },
              "concrete_change": {
                "operator": "DEL",
                "src_type": "Invocation",
                "dst_type": "null",
                "src": "io.cassandrareaper.resources.ClusterResource.LOG.debug(\"failed grabbing nodes status\", e)",
                "dst": "null",
                "src_parent_type": "Block",
                "dst_parent_type": "null",
                "src_parent": "{\n    io.cassandrareaper.resources.ClusterResource.LOG.debug(\"failed grabbing nodes status\", e);\n}",
                "dst_parent": "null"
              },
              "line": 466,
              "file": "/home/khesoem/projects/lighter/exp/src/server/src/main/java/io/cassandrareaper/resources/ClusterResource.java"
            }
          ]
        },
        {
          "tool-name": "JKali",
          "pattern-name": "JKali:del",
          "Unified_Diff_of-files:": "Starts Below...",
          "DELETE:": "",
          "CHANGE_old:": "",
          "CHANGE_new:": "    }",
          "INSERT:": "",
          "instance_detail": [
            {
              "pattern_action": "DEL",
              "pattern_entity": {
                "entity_type": "*",
                "entity_new value": "*",
                "entity_role": "Statement",
                "entity_parent": "null"
              },
              "concrete_change": {
                "operator": "DEL",
                "src_type": "Try",
                "dst_type": "null",
                "src": "try {\n    return executor.invokeAny(endpointStateTasks, ((int) (JmxProxy.DEFAULT_JMX_CONNECTION_TIMEOUT.getSeconds())), java.util.concurrent.TimeUnit.SECONDS);\n} catch (java.lang.InterruptedException | java.util.concurrent.ExecutionException | java.util.concurrent.TimeoutException e) {\n    io.cassandrareaper.resources.ClusterResource.LOG.debug(\"failed grabbing nodes status\", e);\n}",
                "dst": "null",
                "src_parent_type": "Block",
                "dst_parent_type": "null",
                "src_parent": "{\n    java.util.List\u003cjava.util.concurrent.Callable\u003cio.cassandrareaper.resources.view.NodesStatus\u003e\u003e endpointStateTasks \u003d com.google.common.collect.Lists.newArrayList();\n    java.util.List\u003cjava.lang.String\u003e seedHosts \u003d new java.util.ArrayList(cluster.getSeedHosts());\n    java.util.Collections.shuffle(seedHosts);\n    int index \u003d 0;\n    for (java.lang.String host : seedHosts) {\n        if (index \u003e\u003d 3) {\n            break;\n        }\n        endpointStateTasks.add(getEndpointState(cluster, java.util.Collections.singleton(host)));\n        index++;\n    }\n    try {\n        return executor.invokeAny(endpointStateTasks, ((int) (JmxProxy.DEFAULT_JMX_CONNECTION_TIMEOUT.getSeconds())), java.util.concurrent.TimeUnit.SECONDS);\n    } catch (java.lang.InterruptedException | java.util.concurrent.ExecutionException | java.util.concurrent.TimeoutException e) {\n        io.cassandrareaper.resources.ClusterResource.LOG.debug(\"failed grabbing nodes status\", e);\n    }\n    return new io.cassandrareaper.resources.view.NodesStatus(java.util.Collections.EMPTY_LIST);\n}",
                "dst_parent": "null"
              },
              "line": 459,
              "file": "/home/khesoem/projects/lighter/exp/src/server/src/main/java/io/cassandrareaper/resources/ClusterResource.java"
            }
          ]
        },
        {
          "tool-name": "JKali",
          "pattern-name": "JKali:add_rtrn",
          "Unified_Diff_of-files:": "Starts Below...",
          "DELETE:": "",
          "CHANGE_old:": "",
          "CHANGE_new:": "    }",
          "INSERT:": "",
          "instance_detail": [
            {
              "pattern_action": "INS",
              "pattern_entity": {
                "entity_type": "Return",
                "entity_new value": "*",
                "entity_role": "Statement",
                "entity_parent": "null"
              },
              "concrete_change": {
                "operator": "INS",
                "src_type": "Return",
                "dst_type": "null",
                "src": "return javax.ws.rs.core.Response.status(500).entity(e).build()",
                "dst": "null",
                "src_parent_type": "Block",
                "dst_parent_type": "null",
                "src_parent": "{\n    io.cassandrareaper.resources.ClusterResource.LOG.error(\"Failed getting cluster {} info\", clusterName, e);\n    return javax.ws.rs.core.Response.status(500).entity(e).build();\n}",
                "dst_parent": "null"
              },
              "line": 138,
              "file": "/home/khesoem/projects/lighter/exp/src/server/src/main/java/io/cassandrareaper/resources/ClusterResource.java"
            }
          ]
        }
      ]
    }
  ],
  "complete_analysis": true
}