{
  "instances": [
    {
      "revision": "e3e4acbe3fabec2e30754537349f12009df903d4",
      "repairability": [
        {
          "tool-name": "JKali",
          "pattern-name": "JKali:del",
          "Unified_Diff_of-files:": "Starts Below...",
          "INSERT:": "",
          "CHANGE_old:": "",
          "CHANGE_new:": "      throw new ReaperException(ex);",
          "instance_detail": [
            {
              "pattern_action": "DEL",
              "pattern_entity": {
                "entity_type": "*",
                "entity_new value": "*",
                "entity_role": "Statement",
                "entity_parent": "null"
              },
              "concrete_change": {
                "operator": "DEL",
                "src_type": "LocalVariable",
                "dst_type": "null",
                "src": "io.cassandrareaper.jmx.JmxProxy jmxProxy \u003d connectAnyNode(cluster, cluster.getSeedHosts())",
                "dst": "null",
                "src_parent_type": "Block",
                "dst_parent_type": "null",
                "src_parent": "{\n    io.cassandrareaper.jmx.JmxProxy jmxProxy \u003d connectAnyNode(cluster, cluster.getSeedHosts());\n    return jmxProxy.getTablesForKeyspace(keyspaceName);\n}",
                "dst_parent": "null"
              },
              "line": 284,
              "file": "/home/khesoem/projects/lighter/exp/src/server/src/main/java/io/cassandrareaper/jmx/ClusterFacade.java",
              "stats": {
                "number_of_src_entities": 33,
                "number_of_dst_entities": -1,
                "src_entity_types": "[io.cassandrareaper.jmx.ClusterFacade, io.cassandrareaper.core.Cluster, io.cassandrareaper.jmx.JmxProxy]",
                "dst_entity_types": "[]"
              }
            }
          ]
        },
        {
          "tool-name": "JKali",
          "pattern-name": "JKali:del",
          "Unified_Diff_of-files:": "Starts Below...",
          "INSERT:": "",
          "CHANGE_old:": "",
          "CHANGE_new:": "      throw new ReaperException(ex);",
          "instance_detail": [
            {
              "pattern_action": "DEL",
              "pattern_entity": {
                "entity_type": "*",
                "entity_new value": "*",
                "entity_role": "Statement",
                "entity_parent": "null"
              },
              "concrete_change": {
                "operator": "DEL",
                "src_type": "Return",
                "dst_type": "null",
                "src": "return jmxProxy.getTablesForKeyspace(keyspaceName)",
                "dst": "null",
                "src_parent_type": "Block",
                "dst_parent_type": "null",
                "src_parent": "{\n    io.cassandrareaper.jmx.JmxProxy jmxProxy \u003d connectAnyNode(cluster, cluster.getSeedHosts());\n    return jmxProxy.getTablesForKeyspace(keyspaceName);\n}",
                "dst_parent": "null"
              },
              "line": 285,
              "file": "/home/khesoem/projects/lighter/exp/src/server/src/main/java/io/cassandrareaper/jmx/ClusterFacade.java",
              "stats": {
                "number_of_src_entities": 19,
                "number_of_dst_entities": -1,
                "src_entity_types": "[java.lang.String, io.cassandrareaper.jmx.JmxProxy]",
                "dst_entity_types": "[]"
              }
            }
          ]
        },
        {
          "tool-name": "JKali",
          "pattern-name": "JKali:add_rtrn",
          "Unified_Diff_of-files:": "Starts Below...",
          "INSERT:": "",
          "CHANGE_old:": "",
          "CHANGE_new:": "      throw new ReaperException(ex);",
          "instance_detail": [
            {
              "pattern_action": "INS",
              "pattern_entity": {
                "entity_type": "Return",
                "entity_new value": "*",
                "entity_role": "Statement",
                "entity_parent": "null"
              },
              "concrete_change": {
                "operator": "INS",
                "src_type": "Return",
                "dst_type": "null",
                "src": "return connectAnyNode(cluster, cluster.getSeedHosts()).getTablesForKeyspace(keyspaceName)",
                "dst": "null",
                "src_parent_type": "Block",
                "dst_parent_type": "null",
                "src_parent": "{\n    return connectAnyNode(cluster, cluster.getSeedHosts()).getTablesForKeyspace(keyspaceName);\n}",
                "dst_parent": "null"
              },
              "line": 298,
              "file": "/home/khesoem/projects/lighter/exp/src/server/src/main/java/io/cassandrareaper/jmx/ClusterFacade.java"
            }
          ]
        },
        {
          "tool-name": "JKali",
          "pattern-name": "JKali:add_rtrn",
          "Unified_Diff_of-files:": "Starts Below...",
          "INSERT:": "",
          "CHANGE_old:": "",
          "CHANGE_new:": "      throw new ReaperException(ex);",
          "instance_detail": [
            {
              "pattern_action": "INS",
              "pattern_entity": {
                "entity_type": "Return",
                "entity_new value": "*",
                "entity_role": "Statement",
                "entity_parent": "null"
              },
              "concrete_change": {
                "operator": "INS",
                "src_type": "Return",
                "dst_type": "null",
                "src": "return io.cassandrareaper.jmx.ClusterFacade.TABLES_IN_KEYSPACE.get(org.apache.commons.lang3.tuple.Pair.of(cluster, keyspaceName), () -\u003e {\n    return getTablesForKeyspaceImpl(cluster, keyspaceName);\n})",
                "dst": "null",
                "src_parent_type": "Block",
                "dst_parent_type": "null",
                "src_parent": "{\n    return io.cassandrareaper.jmx.ClusterFacade.TABLES_IN_KEYSPACE.get(org.apache.commons.lang3.tuple.Pair.of(cluster, keyspaceName), () -\u003e {\n        return getTablesForKeyspaceImpl(cluster, keyspaceName);\n    });\n}",
                "dst_parent": "null"
              },
              "line": 289,
              "file": "/home/khesoem/projects/lighter/exp/src/server/src/main/java/io/cassandrareaper/jmx/ClusterFacade.java"
            }
          ]
        },
        {
          "tool-name": "JKali",
          "pattern-name": "JKali:add_rtrn",
          "Unified_Diff_of-files:": "Starts Below...",
          "INSERT:": "",
          "CHANGE_old:": "",
          "CHANGE_new:": "      throw new ReaperException(ex);",
          "instance_detail": [
            {
              "pattern_action": "INS",
              "pattern_entity": {
                "entity_type": "Return",
                "entity_new value": "*",
                "entity_role": "Statement",
                "entity_parent": "null"
              },
              "concrete_change": {
                "operator": "INS",
                "src_type": "Return",
                "dst_type": "null",
                "src": "return getTablesForKeyspaceImpl(cluster, keyspaceName)",
                "dst": "null",
                "src_parent_type": "Block",
                "dst_parent_type": "null",
                "src_parent": "{\n    return getTablesForKeyspaceImpl(cluster, keyspaceName);\n}",
                "dst_parent": "null"
              },
              "line": 290,
              "file": "/home/khesoem/projects/lighter/exp/src/server/src/main/java/io/cassandrareaper/jmx/ClusterFacade.java"
            }
          ]
        }
      ]
    }
  ],
  "complete_analysis": true
}