{
  "instances": [
    {
      "revision": "53b8f9c03ce3e8e1905aeb658bde238925195891",
      "repairability": [
        {
          "tool-name": "JKali",
          "pattern-name": "JKali:del",
          "Unified_Diff_of-files:": "Starts Below...",
          "DELETE:": "",
          "CHANGE_old:": "      jmxUrl \u003d getJmxServiceUrl(host, port);",
          "CHANGE_new:": "      jmxUrl \u003d JmxAddresses.getJmxServiceUrl(host, port);",
          "instance_detail": [
            {
              "pattern_action": "DEL",
              "pattern_entity": {
                "entity_type": "*",
                "entity_new value": "*",
                "entity_role": "Statement",
                "entity_parent": "null"
              },
              "concrete_change": {
                "operator": "DEL",
                "src_type": "Return",
                "dst_type": "null",
                "src": "return (address.indexOf(\u0027:\u0027)) \u003e\u003d 0",
                "dst": "null",
                "src_parent_type": "Block",
                "dst_parent_type": "null",
                "src_parent": "{\n    return (address.indexOf(\u0027:\u0027)) \u003e\u003d 0;\n}",
                "dst_parent": "null"
              },
              "line": 299,
              "file": "/home/khesoem/projects/lighter/exp/src/server/src/main/java/io/cassandrareaper/jmx/JmxProxyImpl.java"
            }
          ]
        },
        {
          "tool-name": "JKali",
          "pattern-name": "JKali:del",
          "Unified_Diff_of-files:": "Starts Below...",
          "DELETE:": "",
          "CHANGE_old:": "      jmxUrl \u003d getJmxServiceUrl(host, port);",
          "CHANGE_new:": "      jmxUrl \u003d JmxAddresses.getJmxServiceUrl(host, port);",
          "instance_detail": [
            {
              "pattern_action": "DEL",
              "pattern_entity": {
                "entity_type": "*",
                "entity_new value": "*",
                "entity_role": "Statement",
                "entity_parent": "null"
              },
              "concrete_change": {
                "operator": "DEL",
                "src_type": "LocalVariable",
                "dst_type": "null",
                "src": "java.lang.String effectiveHost \u003d (io.cassandrareaper.jmx.JmxProxyImpl.isNumericIPv6Address(host)) ? (\"[\" + host) + \"]\" : host",
                "dst": "null",
                "src_parent_type": "Block",
                "dst_parent_type": "null",
                "src_parent": "{\n    java.lang.String effectiveHost \u003d (io.cassandrareaper.jmx.JmxProxyImpl.isNumericIPv6Address(host)) ? (\"[\" + host) + \"]\" : host;\n    return new javax.management.remote.JMXServiceURL(java.lang.String.format(io.cassandrareaper.jmx.JmxProxyImpl.JMX_URL, effectiveHost, port));\n}",
                "dst_parent": "null"
              },
              "line": 304,
              "file": "/home/khesoem/projects/lighter/exp/src/server/src/main/java/io/cassandrareaper/jmx/JmxProxyImpl.java"
            }
          ]
        },
        {
          "tool-name": "JKali",
          "pattern-name": "JKali:del",
          "Unified_Diff_of-files:": "Starts Below...",
          "DELETE:": "",
          "CHANGE_old:": "      jmxUrl \u003d getJmxServiceUrl(host, port);",
          "CHANGE_new:": "      jmxUrl \u003d JmxAddresses.getJmxServiceUrl(host, port);",
          "instance_detail": [
            {
              "pattern_action": "DEL",
              "pattern_entity": {
                "entity_type": "*",
                "entity_new value": "*",
                "entity_role": "Statement",
                "entity_parent": "null"
              },
              "concrete_change": {
                "operator": "DEL",
                "src_type": "Return",
                "dst_type": "null",
                "src": "return new javax.management.remote.JMXServiceURL(java.lang.String.format(io.cassandrareaper.jmx.JmxProxyImpl.JMX_URL, effectiveHost, port))",
                "dst": "null",
                "src_parent_type": "Block",
                "dst_parent_type": "null",
                "src_parent": "{\n    java.lang.String effectiveHost \u003d (io.cassandrareaper.jmx.JmxProxyImpl.isNumericIPv6Address(host)) ? (\"[\" + host) + \"]\" : host;\n    return new javax.management.remote.JMXServiceURL(java.lang.String.format(io.cassandrareaper.jmx.JmxProxyImpl.JMX_URL, effectiveHost, port));\n}",
                "dst_parent": "null"
              },
              "line": 305,
              "file": "/home/khesoem/projects/lighter/exp/src/server/src/main/java/io/cassandrareaper/jmx/JmxProxyImpl.java"
            }
          ]
        }
      ]
    }
  ],
  "complete_analysis": true
}