{
  "instances": [
    {
      "revision": "4e0bf870df2626698b685de1a69ecac1e21eee79",
      "repairability": [
        {
          "tool-name": "JKali",
          "pattern-name": "JKali:del",
          "Unified_Diff_of-files:": "Starts Below...",
          "INSERT:": "import io.cassandrareaper.jmx.FailureDetectorProxy;",
          "DELETE:": "import java.util.HashMap;",
          "CHANGE_old:": "",
          "CHANGE_new:": "",
          "instance_detail": [
            {
              "pattern_action": "DEL",
              "pattern_entity": {
                "entity_type": "*",
                "entity_new value": "*",
                "entity_role": "Statement",
                "entity_parent": "null"
              },
              "concrete_change": {
                "operator": "DEL",
                "src_type": "LocalVariable",
                "dst_type": "null",
                "src": "java.util.Optional\u003cjava.util.Map\u003cjava.lang.String, java.lang.String\u003e\u003e simpleStates \u003d java.util.Optional.ofNullable(jmxProxy.getSimpleStates())",
                "dst": "null",
                "src_parent_type": "Block",
                "dst_parent_type": "null",
                "src_parent": "{\n    io.cassandrareaper.jmx.JmxProxy jmxProxy \u003d connectAny(seeds, clusterName);\n    java.util.Optional\u003cjava.lang.String\u003e allEndpointsState \u003d java.util.Optional.ofNullable(jmxProxy.getAllEndpointsState());\n    java.util.Optional\u003cjava.util.Map\u003cjava.lang.String, java.lang.String\u003e\u003e simpleStates \u003d java.util.Optional.ofNullable(jmxProxy.getSimpleStates());\n    return java.util.Optional.of(new io.cassandrareaper.resources.view.NodesStatus(jmxProxy.getHost(), allEndpointsState.orElse(\"\"), simpleStates.orElse(new java.util.HashMap\u003c\u003e())));\n}",
                "dst_parent": "null"
              },
              "line": 339,
              "file": "/home/khesoem/projects/lighter/exp/src/server/src/main/java/io/cassandrareaper/resources/ClusterResource.java",
              "stats": {
                "number_of_src_entities": 28,
                "number_of_dst_entities": -1,
                "src_entity_types": "[java.util.Optional\u003cjava.util.Map\u003cjava.lang.String, java.lang.String\u003e\u003e, java.util.Optional, java.lang.String, io.cassandrareaper.jmx.JmxProxy, java.util.Map\u003cjava.lang.String, java.lang.String\u003e]",
                "dst_entity_types": "[]"
              }
            }
          ]
        }
      ]
    },
    {
      "revision": "4e0bf870df2626698b685de1a69ecac1e21eee79",
      "repairability": [
        {
          "tool-name": "JKali",
          "pattern-name": "JKali:del",
          "Unified_Diff_of-files:": "Starts Below...",
          "INSERT:": "import io.cassandrareaper.jmx.FailureDetectorProxy;",
          "DELETE:": "import java.util.HashMap;",
          "CHANGE_old:": "",
          "CHANGE_new:": "",
          "instance_detail": [
            {
              "pattern_action": "DEL",
              "pattern_entity": {
                "entity_type": "*",
                "entity_new value": "*",
                "entity_role": "Statement",
                "entity_parent": "null"
              },
              "concrete_change": {
                "operator": "DEL",
                "src_type": "Return",
                "dst_type": "null",
                "src": "return ((org.apache.cassandra.gms.FailureDetectorMBean) (fdProxy)).getAllEndpointStates()",
                "dst": "null",
                "src_parent_type": "Block",
                "dst_parent_type": "null",
                "src_parent": "{\n    return ((org.apache.cassandra.gms.FailureDetectorMBean) (fdProxy)).getAllEndpointStates();\n}",
                "dst_parent": "null"
              },
              "line": 761,
              "file": "/home/khesoem/projects/lighter/exp/src/server/src/main/java/io/cassandrareaper/jmx/JmxProxyImpl.java"
            }
          ]
        }
      ]
    }
  ],
  "complete_analysis": true
}