{
  "instances": [
    {
      "revision": "2d386b7eb3e3c3a65ef4bca762caee25e5a2e5ca",
      "repairability": [
        {
          "tool-name": "JKali",
          "pattern-name": "JKali:del",
          "Unified_Diff_of-files:": "Starts Below...",
          "DELETE:": "",
          "CHANGE_old:": "      \"startTime can only be unset if segment is NOT_STARTED\"); */",
          "CHANGE_new:": "          \"startTime can only be unset if segment is NOT_STARTED\");",
          "instance_detail": [
            {
              "pattern_action": "DEL",
              "pattern_entity": {
                "entity_type": "*",
                "entity_new value": "*",
                "entity_role": "Statement",
                "entity_parent": "null"
              },
              "concrete_change": {
                "operator": "DEL",
                "src_type": "Invocation",
                "dst_type": "null",
                "src": "io.cassandrareaper.core.RepairSegment.LOG.warn(\"endTime is set but startTime is not on segment {} for repair {}. This should not be happening :(\", segmentId, runId)",
                "dst": "null",
                "src_parent_type": "Block",
                "dst_parent_type": "null",
                "src_parent": "{\n    io.cassandrareaper.core.RepairSegment.LOG.warn(\"endTime is set but startTime is not on segment {} for repair {}. This should not be happening :(\", segmentId, runId);\n}",
                "dst_parent": "null"
              },
              "line": 190,
              "file": "/home/khesoem/projects/lighter/exp/src/server/src/main/java/io/cassandrareaper/core/RepairSegment.java"
            }
          ]
        },
        {
          "tool-name": "JKali",
          "pattern-name": "JKali:del",
          "Unified_Diff_of-files:": "Starts Below...",
          "DELETE:": "",
          "CHANGE_old:": "      \"startTime can only be unset if segment is NOT_STARTED\"); */",
          "CHANGE_new:": "          \"startTime can only be unset if segment is NOT_STARTED\");",
          "instance_detail": [
            {
              "pattern_action": "DEL",
              "pattern_entity": {
                "entity_type": "*",
                "entity_new value": "*",
                "entity_role": "Statement",
                "entity_parent": "null"
              },
              "concrete_change": {
                "operator": "DEL",
                "src_type": "If",
                "dst_type": "null",
                "src": "if ((null \u003d\u003d (startTime)) \u0026\u0026 (null !\u003d (endTime))) {\n    io.cassandrareaper.core.RepairSegment.LOG.warn(\"endTime is set but startTime is not on segment {} for repair {}. This should not be happening :(\", segmentId, runId);\n}",
                "dst": "null",
                "src_parent_type": "Block",
                "dst_parent_type": "null",
                "src_parent": "{\n    if ((null \u003d\u003d (startTime)) \u0026\u0026 (null !\u003d (endTime))) {\n        io.cassandrareaper.core.RepairSegment.LOG.warn(\"endTime is set but startTime is not on segment {} for repair {}. This should not be happening :(\", segmentId, runId);\n    }\n    if ((null !\u003d (endTime)) \u0026\u0026 ((io.cassandrareaper.core.RepairSegment.State.DONE) !\u003d (state))) {\n        io.cassandrareaper.core.RepairSegment.LOG.warn((\"endTime is set but segment state is {} is not on segment {} for repair {}. \" + \"This should not be happening :(\"), state, segmentId, runId);\n    }\n    if ((null !\u003d (endTime)) \u0026\u0026 ((io.cassandrareaper.core.RepairSegment.State.DONE) !\u003d (state))) {\n        io.cassandrareaper.core.RepairSegment.LOG.warn((\"endTime is set but segment state is {} is not on segment {} for repair {}. \" + \"This should not be happening :(\"), state, segmentId, runId);\n    }\n    if ((null \u003d\u003d (startTime)) \u0026\u0026 ((io.cassandrareaper.core.RepairSegment.State.NOT_STARTED) !\u003d (state))) {\n        io.cassandrareaper.core.RepairSegment.LOG.warn((\"startTime can only be unset if segment state is {} (currently \u003d {}) on segment {} \" + \"for repair {}. This should not be happening :(\"), io.cassandrareaper.core.RepairSegment.State.NOT_STARTED, state, segmentId, runId);\n    }\n    return new io.cassandrareaper.core.RepairSegment(this, segmentId);\n}",
                "dst_parent": "null"
              },
              "line": 189,
              "file": "/home/khesoem/projects/lighter/exp/src/server/src/main/java/io/cassandrareaper/core/RepairSegment.java",
              "stats": {
                "number_of_src_entities": 81,
                "number_of_dst_entities": -1,
                "src_entity_types": "[io.cassandrareaper.core.RepairSegment.Builder, io.cassandrareaper.core.RepairSegment, java.lang.String, java.util.UUID, \u003cnulltype\u003e, org.slf4j.Logger]",
                "dst_entity_types": "[]"
              }
            }
          ]
        },
        {
          "tool-name": "JKali",
          "pattern-name": "JKali:del",
          "Unified_Diff_of-files:": "Starts Below...",
          "DELETE:": "",
          "CHANGE_old:": "      \"startTime can only be unset if segment is NOT_STARTED\"); */",
          "CHANGE_new:": "          \"startTime can only be unset if segment is NOT_STARTED\");",
          "instance_detail": [
            {
              "pattern_action": "DEL",
              "pattern_entity": {
                "entity_type": "*",
                "entity_new value": "*",
                "entity_role": "Statement",
                "entity_parent": "null"
              },
              "concrete_change": {
                "operator": "DEL",
                "src_type": "Invocation",
                "dst_type": "null",
                "src": "io.cassandrareaper.core.RepairSegment.LOG.warn((\"endTime is set but segment state is {} is not on segment {} for repair {}. \" + \"This should not be happening :(\"), state, segmentId, runId)",
                "dst": "null",
                "src_parent_type": "Block",
                "dst_parent_type": "null",
                "src_parent": "{\n    io.cassandrareaper.core.RepairSegment.LOG.warn((\"endTime is set but segment state is {} is not on segment {} for repair {}. \" + \"This should not be happening :(\"), state, segmentId, runId);\n}",
                "dst_parent": "null"
              },
              "line": 197,
              "file": "/home/khesoem/projects/lighter/exp/src/server/src/main/java/io/cassandrareaper/core/RepairSegment.java"
            }
          ]
        },
        {
          "tool-name": "JKali",
          "pattern-name": "JKali:del",
          "Unified_Diff_of-files:": "Starts Below...",
          "DELETE:": "",
          "CHANGE_old:": "      \"startTime can only be unset if segment is NOT_STARTED\"); */",
          "CHANGE_new:": "          \"startTime can only be unset if segment is NOT_STARTED\");",
          "instance_detail": [
            {
              "pattern_action": "DEL",
              "pattern_entity": {
                "entity_type": "*",
                "entity_new value": "*",
                "entity_role": "Statement",
                "entity_parent": "null"
              },
              "concrete_change": {
                "operator": "DEL",
                "src_type": "If",
                "dst_type": "null",
                "src": "if ((null !\u003d (endTime)) \u0026\u0026 ((io.cassandrareaper.core.RepairSegment.State.DONE) !\u003d (state))) {\n    io.cassandrareaper.core.RepairSegment.LOG.warn((\"endTime is set but segment state is {} is not on segment {} for repair {}. \" + \"This should not be happening :(\"), state, segmentId, runId);\n}",
                "dst": "null",
                "src_parent_type": "Block",
                "dst_parent_type": "null",
                "src_parent": "{\n    if ((null \u003d\u003d (startTime)) \u0026\u0026 (null !\u003d (endTime))) {\n        io.cassandrareaper.core.RepairSegment.LOG.warn(\"endTime is set but startTime is not on segment {} for repair {}. This should not be happening :(\", segmentId, runId);\n    }\n    if ((null !\u003d (endTime)) \u0026\u0026 ((io.cassandrareaper.core.RepairSegment.State.DONE) !\u003d (state))) {\n        io.cassandrareaper.core.RepairSegment.LOG.warn((\"endTime is set but segment state is {} is not on segment {} for repair {}. \" + \"This should not be happening :(\"), state, segmentId, runId);\n    }\n    if ((null !\u003d (endTime)) \u0026\u0026 ((io.cassandrareaper.core.RepairSegment.State.DONE) !\u003d (state))) {\n        io.cassandrareaper.core.RepairSegment.LOG.warn((\"endTime is set but segment state is {} is not on segment {} for repair {}. \" + \"This should not be happening :(\"), state, segmentId, runId);\n    }\n    if ((null \u003d\u003d (startTime)) \u0026\u0026 ((io.cassandrareaper.core.RepairSegment.State.NOT_STARTED) !\u003d (state))) {\n        io.cassandrareaper.core.RepairSegment.LOG.warn((\"startTime can only be unset if segment state is {} (currently \u003d {}) on segment {} \" + \"for repair {}. This should not be happening :(\"), io.cassandrareaper.core.RepairSegment.State.NOT_STARTED, state, segmentId, runId);\n    }\n    return new io.cassandrareaper.core.RepairSegment(this, segmentId);\n}",
                "dst_parent": "null"
              },
              "line": 196,
              "file": "/home/khesoem/projects/lighter/exp/src/server/src/main/java/io/cassandrareaper/core/RepairSegment.java",
              "stats": {
                "number_of_src_entities": 114,
                "number_of_dst_entities": -1,
                "src_entity_types": "[io.cassandrareaper.core.RepairSegment.Builder, io.cassandrareaper.core.RepairSegment, boolean, io.cassandrareaper.core.RepairSegment.State, java.lang.String, java.util.UUID, \u003cnulltype\u003e, org.slf4j.Logger]",
                "dst_entity_types": "[]"
              }
            }
          ]
        },
        {
          "tool-name": "JKali",
          "pattern-name": "JKali:del",
          "Unified_Diff_of-files:": "Starts Below...",
          "DELETE:": "",
          "CHANGE_old:": "      \"startTime can only be unset if segment is NOT_STARTED\"); */",
          "CHANGE_new:": "          \"startTime can only be unset if segment is NOT_STARTED\");",
          "instance_detail": [
            {
              "pattern_action": "DEL",
              "pattern_entity": {
                "entity_type": "*",
                "entity_new value": "*",
                "entity_role": "Statement",
                "entity_parent": "null"
              },
              "concrete_change": {
                "operator": "DEL",
                "src_type": "Invocation",
                "dst_type": "null",
                "src": "io.cassandrareaper.core.RepairSegment.LOG.warn((\"endTime is set but segment state is {} is not on segment {} for repair {}. \" + \"This should not be happening :(\"), state, segmentId, runId)",
                "dst": "null",
                "src_parent_type": "Block",
                "dst_parent_type": "null",
                "src_parent": "{\n    io.cassandrareaper.core.RepairSegment.LOG.warn((\"endTime is set but segment state is {} is not on segment {} for repair {}. \" + \"This should not be happening :(\"), state, segmentId, runId);\n}",
                "dst_parent": "null"
              },
              "line": 206,
              "file": "/home/khesoem/projects/lighter/exp/src/server/src/main/java/io/cassandrareaper/core/RepairSegment.java"
            }
          ]
        },
        {
          "tool-name": "JKali",
          "pattern-name": "JKali:del",
          "Unified_Diff_of-files:": "Starts Below...",
          "DELETE:": "",
          "CHANGE_old:": "      \"startTime can only be unset if segment is NOT_STARTED\"); */",
          "CHANGE_new:": "          \"startTime can only be unset if segment is NOT_STARTED\");",
          "instance_detail": [
            {
              "pattern_action": "DEL",
              "pattern_entity": {
                "entity_type": "*",
                "entity_new value": "*",
                "entity_role": "Statement",
                "entity_parent": "null"
              },
              "concrete_change": {
                "operator": "DEL",
                "src_type": "If",
                "dst_type": "null",
                "src": "if ((null !\u003d (endTime)) \u0026\u0026 ((io.cassandrareaper.core.RepairSegment.State.DONE) !\u003d (state))) {\n    io.cassandrareaper.core.RepairSegment.LOG.warn((\"endTime is set but segment state is {} is not on segment {} for repair {}. \" + \"This should not be happening :(\"), state, segmentId, runId);\n}",
                "dst": "null",
                "src_parent_type": "Block",
                "dst_parent_type": "null",
                "src_parent": "{\n    if ((null \u003d\u003d (startTime)) \u0026\u0026 (null !\u003d (endTime))) {\n        io.cassandrareaper.core.RepairSegment.LOG.warn(\"endTime is set but startTime is not on segment {} for repair {}. This should not be happening :(\", segmentId, runId);\n    }\n    if ((null !\u003d (endTime)) \u0026\u0026 ((io.cassandrareaper.core.RepairSegment.State.DONE) !\u003d (state))) {\n        io.cassandrareaper.core.RepairSegment.LOG.warn((\"endTime is set but segment state is {} is not on segment {} for repair {}. \" + \"This should not be happening :(\"), state, segmentId, runId);\n    }\n    if ((null !\u003d (endTime)) \u0026\u0026 ((io.cassandrareaper.core.RepairSegment.State.DONE) !\u003d (state))) {\n        io.cassandrareaper.core.RepairSegment.LOG.warn((\"endTime is set but segment state is {} is not on segment {} for repair {}. \" + \"This should not be happening :(\"), state, segmentId, runId);\n    }\n    if ((null \u003d\u003d (startTime)) \u0026\u0026 ((io.cassandrareaper.core.RepairSegment.State.NOT_STARTED) !\u003d (state))) {\n        io.cassandrareaper.core.RepairSegment.LOG.warn((\"startTime can only be unset if segment state is {} (currently \u003d {}) on segment {} \" + \"for repair {}. This should not be happening :(\"), io.cassandrareaper.core.RepairSegment.State.NOT_STARTED, state, segmentId, runId);\n    }\n    return new io.cassandrareaper.core.RepairSegment(this, segmentId);\n}",
                "dst_parent": "null"
              },
              "line": 205,
              "file": "/home/khesoem/projects/lighter/exp/src/server/src/main/java/io/cassandrareaper/core/RepairSegment.java",
              "stats": {
                "number_of_src_entities": 114,
                "number_of_dst_entities": -1,
                "src_entity_types": "[io.cassandrareaper.core.RepairSegment.Builder, io.cassandrareaper.core.RepairSegment, boolean, io.cassandrareaper.core.RepairSegment.State, java.lang.String, java.util.UUID, \u003cnulltype\u003e, org.slf4j.Logger]",
                "dst_entity_types": "[]"
              }
            }
          ]
        },
        {
          "tool-name": "JKali",
          "pattern-name": "JKali:del",
          "Unified_Diff_of-files:": "Starts Below...",
          "DELETE:": "",
          "CHANGE_old:": "      \"startTime can only be unset if segment is NOT_STARTED\"); */",
          "CHANGE_new:": "          \"startTime can only be unset if segment is NOT_STARTED\");",
          "instance_detail": [
            {
              "pattern_action": "DEL",
              "pattern_entity": {
                "entity_type": "*",
                "entity_new value": "*",
                "entity_role": "Statement",
                "entity_parent": "null"
              },
              "concrete_change": {
                "operator": "DEL",
                "src_type": "Invocation",
                "dst_type": "null",
                "src": "io.cassandrareaper.core.RepairSegment.LOG.warn((\"startTime can only be unset if segment state is {} (currently \u003d {}) on segment {} \" + \"for repair {}. This should not be happening :(\"), io.cassandrareaper.core.RepairSegment.State.NOT_STARTED, state, segmentId, runId)",
                "dst": "null",
                "src_parent_type": "Block",
                "dst_parent_type": "null",
                "src_parent": "{\n    io.cassandrareaper.core.RepairSegment.LOG.warn((\"startTime can only be unset if segment state is {} (currently \u003d {}) on segment {} \" + \"for repair {}. This should not be happening :(\"), io.cassandrareaper.core.RepairSegment.State.NOT_STARTED, state, segmentId, runId);\n}",
                "dst_parent": "null"
              },
              "line": 219,
              "file": "/home/khesoem/projects/lighter/exp/src/server/src/main/java/io/cassandrareaper/core/RepairSegment.java"
            }
          ]
        },
        {
          "tool-name": "JKali",
          "pattern-name": "JKali:del",
          "Unified_Diff_of-files:": "Starts Below...",
          "DELETE:": "",
          "CHANGE_old:": "      \"startTime can only be unset if segment is NOT_STARTED\"); */",
          "CHANGE_new:": "          \"startTime can only be unset if segment is NOT_STARTED\");",
          "instance_detail": [
            {
              "pattern_action": "DEL",
              "pattern_entity": {
                "entity_type": "*",
                "entity_new value": "*",
                "entity_role": "Statement",
                "entity_parent": "null"
              },
              "concrete_change": {
                "operator": "DEL",
                "src_type": "If",
                "dst_type": "null",
                "src": "if ((null \u003d\u003d (startTime)) \u0026\u0026 ((io.cassandrareaper.core.RepairSegment.State.NOT_STARTED) !\u003d (state))) {\n    io.cassandrareaper.core.RepairSegment.LOG.warn((\"startTime can only be unset if segment state is {} (currently \u003d {}) on segment {} \" + \"for repair {}. This should not be happening :(\"), io.cassandrareaper.core.RepairSegment.State.NOT_STARTED, state, segmentId, runId);\n}",
                "dst": "null",
                "src_parent_type": "Block",
                "dst_parent_type": "null",
                "src_parent": "{\n    if ((null \u003d\u003d (startTime)) \u0026\u0026 (null !\u003d (endTime))) {\n        io.cassandrareaper.core.RepairSegment.LOG.warn(\"endTime is set but startTime is not on segment {} for repair {}. This should not be happening :(\", segmentId, runId);\n    }\n    if ((null !\u003d (endTime)) \u0026\u0026 ((io.cassandrareaper.core.RepairSegment.State.DONE) !\u003d (state))) {\n        io.cassandrareaper.core.RepairSegment.LOG.warn((\"endTime is set but segment state is {} is not on segment {} for repair {}. \" + \"This should not be happening :(\"), state, segmentId, runId);\n    }\n    if ((null !\u003d (endTime)) \u0026\u0026 ((io.cassandrareaper.core.RepairSegment.State.DONE) !\u003d (state))) {\n        io.cassandrareaper.core.RepairSegment.LOG.warn((\"endTime is set but segment state is {} is not on segment {} for repair {}. \" + \"This should not be happening :(\"), state, segmentId, runId);\n    }\n    if ((null \u003d\u003d (startTime)) \u0026\u0026 ((io.cassandrareaper.core.RepairSegment.State.NOT_STARTED) !\u003d (state))) {\n        io.cassandrareaper.core.RepairSegment.LOG.warn((\"startTime can only be unset if segment state is {} (currently \u003d {}) on segment {} \" + \"for repair {}. This should not be happening :(\"), io.cassandrareaper.core.RepairSegment.State.NOT_STARTED, state, segmentId, runId);\n    }\n    return new io.cassandrareaper.core.RepairSegment(this, segmentId);\n}",
                "dst_parent": "null"
              },
              "line": 218,
              "file": "/home/khesoem/projects/lighter/exp/src/server/src/main/java/io/cassandrareaper/core/RepairSegment.java",
              "stats": {
                "number_of_src_entities": 126,
                "number_of_dst_entities": -1,
                "src_entity_types": "[io.cassandrareaper.core.RepairSegment.Builder, io.cassandrareaper.core.RepairSegment, boolean, io.cassandrareaper.core.RepairSegment.State, java.lang.String, java.util.UUID, \u003cnulltype\u003e, org.slf4j.Logger]",
                "dst_entity_types": "[]"
              }
            }
          ]
        }
      ]
    }
  ],
  "complete_analysis": true
}