{
  "instances": [
    {
      "revision": "534f5aae0dde877910e8394653c8b81307441428",
      "repairability": [
        {
          "tool-name": "JKali",
          "pattern-name": "JKali:del",
          "Unified_Diff_of-files:": "Starts Below...",
          "CHANGE_old:": "    return reaperInstanceAddress;",
          "CHANGE_new:": "      return DEFAULT_INSTANCE_ADDRESS;",
          "DELETE:": "      reaperInstanceAddress \u003d DEFAULT_INSTANCE_ADDRESS;",
          "INSERT:": "}",
          "instance_detail": [
            {
              "pattern_action": "DEL",
              "pattern_entity": {
                "entity_type": "*",
                "entity_new value": "*",
                "entity_role": "Statement",
                "entity_parent": "null"
              },
              "concrete_change": {
                "operator": "DEL",
                "src_type": "LocalVariable",
                "dst_type": "null",
                "src": "java.lang.String reaperInstanceAddress",
                "dst": "null",
                "src_parent_type": "Block",
                "dst_parent_type": "null",
                "src_parent": "{\n    java.lang.String reaperInstanceAddress;\n    try {\n        reaperInstanceAddress \u003d java.net.InetAddress.getLocalHost().getHostAddress();\n    } catch (java.net.UnknownHostException e) {\n        io.cassandrareaper.AppContext.LOG.warn(\"Cannot get instance address\", e);\n        reaperInstanceAddress \u003d io.cassandrareaper.AppContext.DEFAULT_INSTANCE_ADDRESS;\n    }\n    return reaperInstanceAddress;\n}",
                "dst_parent": "null"
              },
              "line": 54,
              "file": "/home/khesoem/projects/lighter/exp/src/server/src/main/java/io/cassandrareaper/AppContext.java",
              "stats": {
                "number_of_src_entities": 3,
                "number_of_dst_entities": -1,
                "src_entity_types": "[java.lang.String]",
                "dst_entity_types": "[]"
              }
            }
          ]
        },
        {
          "tool-name": "JKali",
          "pattern-name": "JKali:del",
          "Unified_Diff_of-files:": "Starts Below...",
          "CHANGE_old:": "    return reaperInstanceAddress;",
          "CHANGE_new:": "      return DEFAULT_INSTANCE_ADDRESS;",
          "DELETE:": "      reaperInstanceAddress \u003d DEFAULT_INSTANCE_ADDRESS;",
          "INSERT:": "}",
          "instance_detail": [
            {
              "pattern_action": "DEL",
              "pattern_entity": {
                "entity_type": "*",
                "entity_new value": "*",
                "entity_role": "Statement",
                "entity_parent": "null"
              },
              "concrete_change": {
                "operator": "DEL",
                "src_type": "Assignment",
                "dst_type": "null",
                "src": "reaperInstanceAddress \u003d java.net.InetAddress.getLocalHost().getHostAddress()",
                "dst": "null",
                "src_parent_type": "Block",
                "dst_parent_type": "null",
                "src_parent": "{\n    reaperInstanceAddress \u003d java.net.InetAddress.getLocalHost().getHostAddress();\n}",
                "dst_parent": "null"
              },
              "line": 56,
              "file": "/home/khesoem/projects/lighter/exp/src/server/src/main/java/io/cassandrareaper/AppContext.java",
              "stats": {
                "number_of_src_entities": 22,
                "number_of_dst_entities": -1,
                "src_entity_types": "[java.lang.String, java.net.InetAddress]",
                "dst_entity_types": "[]"
              }
            }
          ]
        },
        {
          "tool-name": "JKali",
          "pattern-name": "JKali:del",
          "Unified_Diff_of-files:": "Starts Below...",
          "CHANGE_old:": "    return reaperInstanceAddress;",
          "CHANGE_new:": "      return DEFAULT_INSTANCE_ADDRESS;",
          "DELETE:": "      reaperInstanceAddress \u003d DEFAULT_INSTANCE_ADDRESS;",
          "INSERT:": "}",
          "instance_detail": [
            {
              "pattern_action": "DEL",
              "pattern_entity": {
                "entity_type": "*",
                "entity_new value": "*",
                "entity_role": "Statement",
                "entity_parent": "null"
              },
              "concrete_change": {
                "operator": "DEL",
                "src_type": "Assignment",
                "dst_type": "null",
                "src": "reaperInstanceAddress \u003d io.cassandrareaper.AppContext.DEFAULT_INSTANCE_ADDRESS",
                "dst": "null",
                "src_parent_type": "Block",
                "dst_parent_type": "null",
                "src_parent": "{\n    io.cassandrareaper.AppContext.LOG.warn(\"Cannot get instance address\", e);\n    reaperInstanceAddress \u003d io.cassandrareaper.AppContext.DEFAULT_INSTANCE_ADDRESS;\n}",
                "dst_parent": "null"
              },
              "line": 59,
              "file": "/home/khesoem/projects/lighter/exp/src/server/src/main/java/io/cassandrareaper/AppContext.java",
              "stats": {
                "number_of_src_entities": 16,
                "number_of_dst_entities": -1,
                "src_entity_types": "[io.cassandrareaper.AppContext, java.lang.String]",
                "dst_entity_types": "[]"
              }
            }
          ]
        },
        {
          "tool-name": "JKali",
          "pattern-name": "JKali:add_rtrn",
          "Unified_Diff_of-files:": "Starts Below...",
          "CHANGE_old:": "    return reaperInstanceAddress;",
          "CHANGE_new:": "      return DEFAULT_INSTANCE_ADDRESS;",
          "DELETE:": "      reaperInstanceAddress \u003d DEFAULT_INSTANCE_ADDRESS;",
          "INSERT:": "}",
          "instance_detail": [
            {
              "pattern_action": "INS",
              "pattern_entity": {
                "entity_type": "Return",
                "entity_new value": "*",
                "entity_role": "Statement",
                "entity_parent": "null"
              },
              "concrete_change": {
                "operator": "INS",
                "src_type": "Return",
                "dst_type": "null",
                "src": "return java.net.InetAddress.getLocalHost().getHostAddress()",
                "dst": "null",
                "src_parent_type": "Block",
                "dst_parent_type": "null",
                "src_parent": "{\n    return java.net.InetAddress.getLocalHost().getHostAddress();\n}",
                "dst_parent": "null"
              },
              "line": 57,
              "file": "/home/khesoem/projects/lighter/exp/src/server/src/main/java/io/cassandrareaper/AppContext.java",
              "stats": {
                "number_of_src_entities": 16,
                "number_of_dst_entities": -1,
                "src_entity_types": "[java.net.InetAddress]",
                "dst_entity_types": "[]"
              }
            }
          ]
        }
      ]
    }
  ],
  "complete_analysis": true
}