{
  "instances": [
    {
      "revision": "386892c853e6ba7fab4f7296dec3bdaf42539bdb",
      "repairability": [
        {
          "tool-name": "JKali",
          "pattern-name": "JKali:del",
          "Unified_Diff_of-files:": "Starts Below...",
          "instance_detail": [
            {
              "pattern_action": "DEL",
              "pattern_entity": {
                "entity_type": "*",
                "entity_new value": "*",
                "entity_role": "Statement",
                "entity_parent": "null"
              },
              "concrete_change": {
                "operator": "DEL",
                "src_type": "Invocation",
                "dst_type": "null",
                "src": "environment.jersey().register(healthCheck)",
                "dst": "null",
                "src_parent_type": "Block",
                "dst_parent_type": "null",
                "src_parent": "{\n    org.joda.time.DateTimeZone.setDefault(DateTimeZone.UTC);\n    checkConfiguration(config);\n    context.config \u003d config;\n    addSignalHandlers();\n    com.spotify.reaper.ReaperApplication.LOG.info(\"initializing runner thread pool with {} threads\", config.getRepairRunThreadCount());\n    context.repairManager \u003d new com.spotify.reaper.service.RepairManager();\n    context.repairManager.initializeThreadPool(config.getRepairRunThreadCount(), config.getHangingRepairTimeoutMins(), java.util.concurrent.TimeUnit.MINUTES, 30, java.util.concurrent.TimeUnit.SECONDS);\n    if ((context.storage) \u003d\u003d null) {\n        com.spotify.reaper.ReaperApplication.LOG.info(\"initializing storage of type: {}\", config.getStorageType());\n        context.storage \u003d initializeStorage(config, environment);\n    } else {\n        com.spotify.reaper.ReaperApplication.LOG.info(\"storage already given in context, not initializing a new one\");\n    }\n    if ((context.jmxConnectionFactory) \u003d\u003d null) {\n        com.spotify.reaper.ReaperApplication.LOG.info(\"no JMX connection factory given in context, creating default\");\n        context.jmxConnectionFactory \u003d new com.spotify.reaper.cassandra.JmxConnectionFactory();\n    }\n    java.util.Map\u003cjava.lang.String, java.lang.Integer\u003e jmxPorts \u003d config.getJmxPorts();\n    if (jmxPorts !\u003d null) {\n        com.spotify.reaper.ReaperApplication.LOG.debug(\"using JMX ports mapping: {}\", jmxPorts);\n        context.jmxConnectionFactory.setJmxPorts(jmxPorts);\n    }\n    if ((config.isEnableCrossOrigin()) || ((java.lang.System.getProperty(\"enableCrossOrigin\")) !\u003d null)) {\n        final javax.servlet.FilterRegistration.Dynamic cors \u003d environment.servlets().addFilter(\"crossOriginRequests\", org.eclipse.jetty.servlets.CrossOriginFilter.class);\n        cors.setInitParameter(\"allowedOrigins\", \"*\");\n        cors.setInitParameter(\"allowedHeaders\", \"X-Requested-With,Content-Type,Accept,Origin\");\n        cors.setInitParameter(\"allowedMethods\", \"OPTIONS,GET,PUT,POST,DELETE,HEAD\");\n        cors.addMappingForUrlPatterns(java.util.EnumSet.allOf(javax.servlet.DispatcherType.class), true, \"/*\");\n    }\n    com.spotify.reaper.ReaperApplicationConfiguration.JmxCredentials jmxAuth \u003d config.getJmxAuth();\n    if (jmxAuth !\u003d null) {\n        com.spotify.reaper.ReaperApplication.LOG.debug(\"using specified JMX credentials for authentication\");\n        context.jmxConnectionFactory.setJmxAuth(jmxAuth);\n    }\n    com.spotify.reaper.ReaperApplication.LOG.info(\"creating and registering health checks\");\n    final com.spotify.reaper.resources.ReaperHealthCheck healthCheck \u003d new com.spotify.reaper.resources.ReaperHealthCheck(context);\n    environment.healthChecks().register(\"reaper\", healthCheck);\n    environment.jersey().register(healthCheck);\n    com.spotify.reaper.ReaperApplication.LOG.info(\"creating resources and registering endpoints\");\n    final com.spotify.reaper.resources.PingResource pingResource \u003d new com.spotify.reaper.resources.PingResource();\n    environment.jersey().register(pingResource);\n    final com.spotify.reaper.resources.ClusterResource addClusterResource \u003d new com.spotify.reaper.resources.ClusterResource(context);\n    environment.jersey().register(addClusterResource);\n    final com.spotify.reaper.resources.RepairRunResource addRepairRunResource \u003d new com.spotify.reaper.resources.RepairRunResource(context);\n    environment.jersey().register(addRepairRunResource);\n    final com.spotify.reaper.resources.RepairScheduleResource addRepairScheduleResource \u003d new com.spotify.reaper.resources.RepairScheduleResource(context);\n    environment.jersey().register(addRepairScheduleResource);\n    java.lang.Thread.sleep(1000);\n    com.spotify.reaper.service.SchedulingManager.start(context);\n    if (config.hasAutoSchedulingEnabled()) {\n        com.spotify.reaper.ReaperApplication.LOG.debug(\"using specified configuration for auto scheduling: {}\", config.getAutoScheduling());\n        com.spotify.reaper.service.AutoSchedulingManager.start(context);\n    }\n    com.spotify.reaper.ReaperApplication.LOG.info(\"resuming pending repair runs\");\n    context.repairManager.resumeRunningRepairRuns(context);\n}",
                "dst_parent": "null"
              },
              "line": 159,
              "file": "/home/khesoem/projects/lighter/exp/src/main/java/com/spotify/reaper/ReaperApplication.java",
              "stats": {
                "number_of_src_entities": 16,
                "number_of_dst_entities": -1,
                "src_entity_types": "[com.spotify.reaper.resources.ReaperHealthCheck, io.dropwizard.setup.Environment]",
                "dst_entity_types": "[]"
              }
            }
          ]
        },
        {
          "tool-name": "JKali",
          "pattern-name": "JKali:del",
          "Unified_Diff_of-files:": "Starts Below...",
          "instance_detail": [
            {
              "pattern_action": "DEL",
              "pattern_entity": {
                "entity_type": "*",
                "entity_new value": "*",
                "entity_role": "Statement",
                "entity_parent": "null"
              },
              "concrete_change": {
                "operator": "DEL",
                "src_type": "Invocation",
                "dst_type": "null",
                "src": "com.spotify.reaper.ReaperApplication.LOG.error(\"failed creating database connection: {}\", ex)",
                "dst": "null",
                "src_parent_type": "Block",
                "dst_parent_type": "null",
                "src_parent": "{\n    com.spotify.reaper.ReaperApplication.LOG.error(\"failed creating database connection: {}\", ex);\n    throw new com.spotify.reaper.ReaperException(ex);\n}",
                "dst_parent": "null"
              },
              "line": 200,
              "file": "/home/khesoem/projects/lighter/exp/src/main/java/com/spotify/reaper/ReaperApplication.java"
            }
          ]
        },
        {
          "tool-name": "JKali",
          "pattern-name": "JKali:del",
          "Unified_Diff_of-files:": "Starts Below...",
          "instance_detail": [
            {
              "pattern_action": "DEL",
              "pattern_entity": {
                "entity_type": "*",
                "entity_new value": "*",
                "entity_role": "Statement",
                "entity_parent": "null"
              },
              "concrete_change": {
                "operator": "DEL",
                "src_type": "Throw",
                "dst_type": "null",
                "src": "throw new com.spotify.reaper.ReaperException(ex)",
                "dst": "null",
                "src_parent_type": "Block",
                "dst_parent_type": "null",
                "src_parent": "{\n    com.spotify.reaper.ReaperApplication.LOG.error(\"failed creating database connection: {}\", ex);\n    throw new com.spotify.reaper.ReaperException(ex);\n}",
                "dst_parent": "null"
              },
              "line": 201,
              "file": "/home/khesoem/projects/lighter/exp/src/main/java/com/spotify/reaper/ReaperApplication.java"
            }
          ]
        },
        {
          "tool-name": "JKali",
          "pattern-name": "JKali:del",
          "Unified_Diff_of-files:": "Starts Below...",
          "instance_detail": [
            {
              "pattern_action": "DEL",
              "pattern_entity": {
                "entity_type": "*",
                "entity_new value": "*",
                "entity_role": "Statement",
                "entity_parent": "null"
              },
              "concrete_change": {
                "operator": "DEL",
                "src_type": "Try",
                "dst_type": "null",
                "src": "try {\n    final io.dropwizard.jdbi.DBIFactory factory \u003d new io.dropwizard.jdbi.DBIFactory();\n    jdbi \u003d factory.build(environment, config.getDataSourceFactory(), \"postgresql\");\n} catch (java.lang.ClassNotFoundException ex) {\n    com.spotify.reaper.ReaperApplication.LOG.error(\"failed creating database connection: {}\", ex);\n    throw new com.spotify.reaper.ReaperException(ex);\n}",
                "dst": "null",
                "src_parent_type": "Block",
                "dst_parent_type": "null",
                "src_parent": "{\n    org.skife.jdbi.v2.DBI jdbi;\n    try {\n        final io.dropwizard.jdbi.DBIFactory factory \u003d new io.dropwizard.jdbi.DBIFactory();\n        jdbi \u003d factory.build(environment, config.getDataSourceFactory(), \"postgresql\");\n    } catch (java.lang.ClassNotFoundException ex) {\n        com.spotify.reaper.ReaperApplication.LOG.error(\"failed creating database connection: {}\", ex);\n        throw new com.spotify.reaper.ReaperException(ex);\n    }\n    storage \u003d new com.spotify.reaper.storage.PostgresStorage(jdbi);\n    initDatabase(config);\n}",
                "dst_parent": "null"
              },
              "line": 196,
              "file": "/home/khesoem/projects/lighter/exp/src/main/java/com/spotify/reaper/ReaperApplication.java",
              "stats": {
                "number_of_src_entities": 86,
                "number_of_dst_entities": -1,
                "src_entity_types": "[io.dropwizard.jdbi.DBIFactory, com.spotify.reaper.ReaperException, java.lang.String, com.spotify.reaper.ReaperApplication, java.lang.ClassNotFoundException, org.skife.jdbi.v2.DBI, com.spotify.reaper.ReaperApplicationConfiguration, org.slf4j.Logger, io.dropwizard.setup.Environment]",
                "dst_entity_types": "[]"
              }
            }
          ]
        }
      ]
    }
  ],
  "complete_analysis": true
}