{
  "instances": [
    {
      "revision": "3590075a46663ff83cd4b1772d6ba720b91ba70c",
      "repairability": [
        {
          "tool-name": "Elixir",
          "pattern-name": "Elixir:update_invocation_deep",
          "Unified_Diff_of-files:": "Starts Below...",
          "INSERT:": "            PersistenceProvider persistenceProvider \u003d PersistenceProvider.fromEntityManager(entityManager);",
          "CHANGE_old:": "                    : new ParameterMetadataProvider(builder, accessor);",
          "CHANGE_new:": "                    persistenceProvider) : new ParameterMetadataProvider(builder, accessor, persistenceProvider);",
          "instance_detail": [
            {
              "pattern_action": "ANY",
              "pattern_entity": {
                "entity_type": "*",
                "entity_new value": "*",
                "entity_role": "*",
                "entity_parent": {
                  "entity_type": "AbstractInvocation",
                  "entity_new value": "*",
                  "entity_role": "*",
                  "entity_parent": "null"
                }
              },
              "concrete_change": {
                "operator": "UPD",
                "src_type": "VariableRead",
                "dst_type": "VariableRead",
                "src": "parameter",
                "dst": "value",
                "src_parent_type": "Invocation",
                "dst_parent_type": "Invocation",
                "src_parent": "org.springframework.util.Assert.notNull(parameter)",
                "dst_parent": "org.springframework.util.Assert.notNull(value)"
              },
              "line": 179,
              "file": "/home/khesoem/projects/lighter/exp/src/main/java/org/springframework/data/jpa/repository/query/ParameterMetadataProvider.java",
              "stats": {
                "number_of_src_entities": 4,
                "number_of_dst_entities": 4,
                "src_entity_types": "[java.lang.Object]",
                "dst_entity_types": "[java.lang.Object]"
              }
            }
          ]
        },
        {
          "tool-name": "Elixir",
          "pattern-name": "Elixir:update_invocation_deep",
          "Unified_Diff_of-files:": "Starts Below...",
          "INSERT:": "            PersistenceProvider persistenceProvider \u003d PersistenceProvider.fromEntityManager(entityManager);",
          "CHANGE_old:": "                    : new ParameterMetadataProvider(builder, accessor);",
          "CHANGE_new:": "                    persistenceProvider) : new ParameterMetadataProvider(builder, accessor, persistenceProvider);",
          "instance_detail": [
            {
              "pattern_action": "ANY",
              "pattern_entity": {
                "entity_type": "*",
                "entity_new value": "*",
                "entity_role": "*",
                "entity_parent": {
                  "entity_type": "AbstractInvocation",
                  "entity_new value": "*",
                  "entity_role": "*",
                  "entity_parent": "null"
                }
              },
              "concrete_change": {
                "operator": "UPD",
                "src_type": "FieldRead",
                "dst_type": "FieldRead",
                "src": "accessor",
                "dst": "bindableParameterValues",
                "src_parent_type": "Invocation",
                "dst_parent_type": "Invocation",
                "src_parent": "accessor.next()",
                "dst_parent": "bindableParameterValues.next()"
              },
              "line": 134,
              "file": "/home/khesoem/projects/lighter/exp/src/main/java/org/springframework/data/jpa/repository/query/ParameterMetadataProvider.java",
              "stats": {
                "number_of_src_entities": 14,
                "number_of_dst_entities": 14,
                "src_entity_types": "[org.springframework.data.jpa.repository.query.ParameterMetadataProvider]",
                "dst_entity_types": "[org.springframework.data.jpa.repository.query.ParameterMetadataProvider]"
              }
            }
          ]
        },
        {
          "tool-name": "Elixir",
          "pattern-name": "Elixir:update_invocation_deep",
          "Unified_Diff_of-files:": "Starts Below...",
          "INSERT:": "            PersistenceProvider persistenceProvider \u003d PersistenceProvider.fromEntityManager(entityManager);",
          "CHANGE_old:": "                    : new ParameterMetadataProvider(builder, accessor);",
          "CHANGE_new:": "                    persistenceProvider) : new ParameterMetadataProvider(builder, accessor, persistenceProvider);",
          "instance_detail": [
            {
              "pattern_action": "ANY",
              "pattern_entity": {
                "entity_type": "*",
                "entity_new value": "*",
                "entity_role": "*",
                "entity_parent": {
                  "entity_type": "AbstractInvocation",
                  "entity_new value": "*",
                  "entity_role": "*",
                  "entity_parent": "null"
                }
              },
              "concrete_change": {
                "operator": "UPD",
                "src_type": "VariableRead",
                "dst_type": "VariableRead",
                "src": "parameter",
                "dst": "value",
                "src_parent_type": "Invocation",
                "dst_parent_type": "Invocation",
                "src_parent": "parameter.toString()",
                "dst_parent": "value.toString()"
              },
              "line": 183,
              "file": "/home/khesoem/projects/lighter/exp/src/main/java/org/springframework/data/jpa/repository/query/ParameterMetadataProvider.java",
              "stats": {
                "number_of_src_entities": 4,
                "number_of_dst_entities": 4,
                "src_entity_types": "[java.lang.Object]",
                "dst_entity_types": "[java.lang.Object]"
              }
            }
          ]
        },
        {
          "tool-name": "Elixir",
          "pattern-name": "Elixir:update_invocation_deep",
          "Unified_Diff_of-files:": "Starts Below...",
          "INSERT:": "            PersistenceProvider persistenceProvider \u003d PersistenceProvider.fromEntityManager(entityManager);",
          "CHANGE_old:": "                    : new ParameterMetadataProvider(builder, accessor);",
          "CHANGE_new:": "                    persistenceProvider) : new ParameterMetadataProvider(builder, accessor, persistenceProvider);",
          "instance_detail": [
            {
              "pattern_action": "ANY",
              "pattern_entity": {
                "entity_type": "*",
                "entity_new value": "*",
                "entity_role": "*",
                "entity_parent": {
                  "entity_type": "AbstractInvocation",
                  "entity_new value": "*",
                  "entity_role": "*",
                  "entity_parent": "null"
                }
              },
              "concrete_change": {
                "operator": "UPD",
                "src_type": "VariableRead",
                "dst_type": "VariableRead",
                "src": "parameter",
                "dst": "value",
                "src_parent_type": "Invocation",
                "dst_parent_type": "Invocation",
                "src_parent": "parameter.toString()",
                "dst_parent": "value.toString()"
              },
              "line": 185,
              "file": "/home/khesoem/projects/lighter/exp/src/main/java/org/springframework/data/jpa/repository/query/ParameterMetadataProvider.java",
              "stats": {
                "number_of_src_entities": 4,
                "number_of_dst_entities": 4,
                "src_entity_types": "[java.lang.Object]",
                "dst_entity_types": "[java.lang.Object]"
              }
            }
          ]
        },
        {
          "tool-name": "Elixir",
          "pattern-name": "Elixir:update_invocation_deep",
          "Unified_Diff_of-files:": "Starts Below...",
          "INSERT:": "            PersistenceProvider persistenceProvider \u003d PersistenceProvider.fromEntityManager(entityManager);",
          "CHANGE_old:": "                    : new ParameterMetadataProvider(builder, accessor);",
          "CHANGE_new:": "                    persistenceProvider) : new ParameterMetadataProvider(builder, accessor, persistenceProvider);",
          "instance_detail": [
            {
              "pattern_action": "ANY",
              "pattern_entity": {
                "entity_type": "*",
                "entity_new value": "*",
                "entity_role": "*",
                "entity_parent": {
                  "entity_type": "AbstractInvocation",
                  "entity_new value": "*",
                  "entity_role": "*",
                  "entity_parent": "null"
                }
              },
              "concrete_change": {
                "operator": "UPD",
                "src_type": "VariableRead",
                "dst_type": "VariableRead",
                "src": "parameter",
                "dst": "value",
                "src_parent_type": "Invocation",
                "dst_parent_type": "Invocation",
                "src_parent": "parameter.toString()",
                "dst_parent": "value.toString()"
              },
              "line": 187,
              "file": "/home/khesoem/projects/lighter/exp/src/main/java/org/springframework/data/jpa/repository/query/ParameterMetadataProvider.java",
              "stats": {
                "number_of_src_entities": 4,
                "number_of_dst_entities": 4,
                "src_entity_types": "[java.lang.Object]",
                "dst_entity_types": "[java.lang.Object]"
              }
            }
          ]
        },
        {
          "tool-name": "Elixir",
          "pattern-name": "Elixir:update_invocation_deep",
          "Unified_Diff_of-files:": "Starts Below...",
          "INSERT:": "            PersistenceProvider persistenceProvider \u003d PersistenceProvider.fromEntityManager(entityManager);",
          "CHANGE_old:": "                    : new ParameterMetadataProvider(builder, accessor);",
          "CHANGE_new:": "                    persistenceProvider) : new ParameterMetadataProvider(builder, accessor, persistenceProvider);",
          "instance_detail": [
            {
              "pattern_action": "ANY",
              "pattern_entity": {
                "entity_type": "*",
                "entity_new value": "*",
                "entity_role": "*",
                "entity_parent": {
                  "entity_type": "AbstractInvocation",
                  "entity_new value": "*",
                  "entity_role": "*",
                  "entity_parent": "null"
                }
              },
              "concrete_change": {
                "operator": "UPD",
                "src_type": "VariableRead",
                "dst_type": "VariableRead",
                "src": "parameter",
                "dst": "value",
                "src_parent_type": "Invocation",
                "dst_parent_type": "Invocation",
                "src_parent": "org.springframework.data.jpa.repository.query.ParameterMetadataProvider.ParameterMetadata.toCollection(parameter)",
                "dst_parent": "org.springframework.data.jpa.repository.query.ParameterMetadataProvider.ParameterMetadata.toCollection(value)"
              },
              "line": 189,
              "file": "/home/khesoem/projects/lighter/exp/src/main/java/org/springframework/data/jpa/repository/query/ParameterMetadataProvider.java",
              "stats": {
                "number_of_src_entities": 4,
                "number_of_dst_entities": 4,
                "src_entity_types": "[java.lang.Object]",
                "dst_entity_types": "[java.lang.Object]"
              }
            }
          ]
        }
      ]
    },
    {
      "revision": "3590075a46663ff83cd4b1772d6ba720b91ba70c",
      "repairability": [
        {
          "tool-name": "Elixir",
          "pattern-name": "Elixir:update_invocation_deep",
          "Unified_Diff_of-files:": "Starts Below...",
          "INSERT:": "            PersistenceProvider persistenceProvider \u003d PersistenceProvider.fromEntityManager(entityManager);",
          "CHANGE_old:": "                    : new ParameterMetadataProvider(builder, accessor);",
          "CHANGE_new:": "                    persistenceProvider) : new ParameterMetadataProvider(builder, accessor, persistenceProvider);",
          "instance_detail": [
            {
              "pattern_action": "ANY",
              "pattern_entity": {
                "entity_type": "*",
                "entity_new value": "*",
                "entity_role": "*",
                "entity_parent": {
                  "entity_type": "AbstractInvocation",
                  "entity_new value": "*",
                  "entity_role": "*",
                  "entity_parent": "null"
                }
              },
              "concrete_change": {
                "operator": "INS",
                "src_type": "Method",
                "dst_type": "null",
                "src": "@java.lang.Override\npublic \u003cT\u003e java.util.Collection\u003cT\u003e potentiallyConvertEmptyCollection(java.util.Collection\u003cT\u003e collection) {\n    return (collection \u003d\u003d null) || (collection.isEmpty()) ? null : collection;\n}",
                "dst": "null",
                "src_parent_type": "Class",
                "dst_parent_type": "null",
                "src_parent": "{\n    public java.lang.String extractQueryString(javax.persistence.Query query) {\n        return ((org.hibernate.ejb.HibernateQuery) (query)).getHibernateQuery().getQueryString();\n    }\n\n    @java.lang.Override\n    public java.lang.String getCountQueryPlaceholder() {\n        return \"*\";\n    }\n\n    @java.lang.Override\n    public boolean shouldUseAccessorFor(java.lang.Object entity) {\n        return entity instanceof org.hibernate.proxy.HibernateProxy;\n    }\n\n    @java.lang.Override\n    public java.lang.Object getIdentifierFrom(java.lang.Object entity) {\n        return ((org.hibernate.proxy.HibernateProxy) (entity)).getHibernateLazyInitializer().getIdentifier();\n    }\n\n    @java.lang.Override\n    public \u003cT\u003e java.util.Collection\u003cT\u003e potentiallyConvertEmptyCollection(java.util.Collection\u003cT\u003e collection) {\n        return (collection \u003d\u003d null) || (collection.isEmpty()) ? null : collection;\n    }\n}",
                "dst_parent": "null"
              },
              "line": 94,
              "file": "/home/khesoem/projects/lighter/exp/src/main/java/org/springframework/data/jpa/provider/PersistenceProvider.java",
              "stats": {
                "number_of_src_entities": 48,
                "number_of_dst_entities": -1,
                "src_entity_types": "[boolean, java.util.Collection\u003cT\u003e, java.util.Collection, java.lang.Override, \u003cnulltype\u003e]",
                "dst_entity_types": "[]"
              }
            }
          ]
        },
        {
          "tool-name": "Elixir",
          "pattern-name": "Elixir:update_invocation_deep",
          "Unified_Diff_of-files:": "Starts Below...",
          "INSERT:": "            PersistenceProvider persistenceProvider \u003d PersistenceProvider.fromEntityManager(entityManager);",
          "CHANGE_old:": "                    : new ParameterMetadataProvider(builder, accessor);",
          "CHANGE_new:": "                    persistenceProvider) : new ParameterMetadataProvider(builder, accessor, persistenceProvider);",
          "instance_detail": [
            {
              "pattern_action": "ANY",
              "pattern_entity": {
                "entity_type": "*",
                "entity_new value": "*",
                "entity_role": "*",
                "entity_parent": {
                  "entity_type": "AbstractInvocation",
                  "entity_new value": "*",
                  "entity_role": "*",
                  "entity_parent": "null"
                }
              },
              "concrete_change": {
                "operator": "INS",
                "src_type": "Method",
                "dst_type": "null",
                "src": "@java.lang.Override\npublic \u003cT\u003e java.util.Collection\u003cT\u003e potentiallyConvertEmptyCollection(java.util.Collection\u003cT\u003e collection) {\n    return (collection \u003d\u003d null) || (collection.isEmpty()) ? null : collection;\n}",
                "dst": "null",
                "src_parent_type": "Class",
                "dst_parent_type": "null",
                "src_parent": "{\n    public java.lang.String extractQueryString(javax.persistence.Query query) {\n        return ((org.eclipse.persistence.jpa.JpaQuery\u003c?\u003e) (query)).getDatabaseQuery().getJPQLString();\n    }\n\n    @java.lang.Override\n    public boolean shouldUseAccessorFor(java.lang.Object entity) {\n        return false;\n    }\n\n    @java.lang.Override\n    public java.lang.Object getIdentifierFrom(java.lang.Object entity) {\n        return null;\n    }\n\n    @java.lang.Override\n    public \u003cT\u003e java.util.Collection\u003cT\u003e potentiallyConvertEmptyCollection(java.util.Collection\u003cT\u003e collection) {\n        return (collection \u003d\u003d null) || (collection.isEmpty()) ? null : collection;\n    }\n}",
                "dst_parent": "null"
              },
              "line": 131,
              "file": "/home/khesoem/projects/lighter/exp/src/main/java/org/springframework/data/jpa/provider/PersistenceProvider.java",
              "stats": {
                "number_of_src_entities": 48,
                "number_of_dst_entities": -1,
                "src_entity_types": "[boolean, java.util.Collection\u003cT\u003e, java.util.Collection, java.lang.Override, \u003cnulltype\u003e]",
                "dst_entity_types": "[]"
              }
            }
          ]
        }
      ]
    }
  ],
  "complete_analysis": true
}