{
  "instances": [
    {
      "revision": "f2e3446e75f1ec1d553805d03f6504f05b3e3c0e",
      "repairability": [
        {
          "tool-name": "Nopol",
          "pattern-name": "Nopol:if_condition_upd_deep",
          "Unified_Diff_of-files:": "Starts Below...",
          "DELETE:": "import org.apache.pinot.common.utils.CommonConstants;",
          "INSERT:": "import org.apache.pinot.spi.utils.CommonConstants;",
          "instance_detail": [
            {
              "pattern_action": "ANY",
              "pattern_entity": {
                "entity_type": "*",
                "entity_new value": "*",
                "entity_role": "*",
                "entity_parent": {
                  "entity_type": "*",
                  "entity_new value": "*",
                  "entity_role": "condition",
                  "entity_parent": {
                    "entity_type": "If",
                    "entity_new value": "*",
                    "entity_role": "*",
                    "entity_parent": "null"
                  }
                }
              },
              "concrete_change": {
                "operator": "UPD",
                "src_type": "TypeAccess",
                "dst_type": "TypeAccess",
                "src": "org.apache.pinot.core.query.request.context.utils.QueryContextConverterUtils",
                "dst": "org.apache.pinot.common.request.context.RequestContextConvertUtils",
                "src_parent_type": "Invocation",
                "dst_parent_type": "Invocation",
                "src_parent": "org.apache.pinot.core.query.request.context.utils.QueryContextConverterUtils.getExpression(column)",
                "dst_parent": "org.apache.pinot.common.request.context.RequestContextConvertUtils.getExpression(column)"
              },
              "line": 158,
              "file": "/home/khesoem/projects/lighter/exp/pinot-core/src/main/java/org/apache/pinot/core/query/selection/SelectionOperatorUtils.java",
              "stats": {
                "number_of_src_entities": 3,
                "number_of_dst_entities": 3,
                "src_entity_types": "[org.apache.pinot.core.query.request.context.utils.QueryContextConverterUtils]",
                "dst_entity_types": "[org.apache.pinot.common.request.context.RequestContextConvertUtils]"
              }
            }
          ]
        }
      ]
    },
    {
      "revision": "f2e3446e75f1ec1d553805d03f6504f05b3e3c0e",
      "repairability": [
        {
          "tool-name": "Nopol",
          "pattern-name": "Nopol:if_condition_upd_deep",
          "Unified_Diff_of-files:": "Starts Below...",
          "DELETE:": "import org.apache.pinot.common.utils.CommonConstants;",
          "INSERT:": "import org.apache.pinot.spi.utils.CommonConstants;",
          "instance_detail": [
            {
              "pattern_action": "ANY",
              "pattern_entity": {
                "entity_type": "*",
                "entity_new value": "*",
                "entity_role": "*",
                "entity_parent": {
                  "entity_type": "*",
                  "entity_new value": "*",
                  "entity_role": "condition",
                  "entity_parent": {
                    "entity_type": "If",
                    "entity_new value": "*",
                    "entity_role": "*",
                    "entity_parent": "null"
                  }
                }
              },
              "concrete_change": {
                "operator": "UPD",
                "src_type": "TypeAccess",
                "dst_type": "TypeAccess",
                "src": "org.apache.pinot.common.utils.CommonConstants.Segment.Realtime.Status",
                "dst": "org.apache.pinot.spi.utils.CommonConstants.Segment.Realtime.Status",
                "src_parent_type": "FieldRead",
                "dst_parent_type": "FieldRead",
                "src_parent": "(org.apache.pinot.common.utils.CommonConstants.Segment.Realtime.Status.IN_PROGRESS)",
                "dst_parent": "(org.apache.pinot.spi.utils.CommonConstants.Segment.Realtime.Status.IN_PROGRESS)"
              },
              "stats": {
                "number_of_src_entities": 3,
                "number_of_dst_entities": 3,
                "src_entity_types": "[org.apache.pinot.common.utils.CommonConstants.Segment.Realtime.Status]",
                "dst_entity_types": "[org.apache.pinot.spi.utils.CommonConstants.Segment.Realtime.Status]"
              }
            }
          ]
        }
      ]
    },
    {
      "revision": "f2e3446e75f1ec1d553805d03f6504f05b3e3c0e",
      "repairability": [
        {
          "tool-name": "Nopol",
          "pattern-name": "Nopol:if_condition_upd_deep",
          "Unified_Diff_of-files:": "Starts Below...",
          "DELETE:": "import org.apache.pinot.common.utils.CommonConstants;",
          "INSERT:": "import org.apache.pinot.spi.utils.CommonConstants;",
          "instance_detail": [
            {
              "pattern_action": "ANY",
              "pattern_entity": {
                "entity_type": "*",
                "entity_new value": "*",
                "entity_role": "*",
                "entity_parent": {
                  "entity_type": "*",
                  "entity_new value": "*",
                  "entity_role": "condition",
                  "entity_parent": {
                    "entity_type": "If",
                    "entity_new value": "*",
                    "entity_role": "*",
                    "entity_parent": "null"
                  }
                }
              },
              "concrete_change": {
                "operator": "UPD",
                "src_type": "TypeAccess",
                "dst_type": "TypeAccess",
                "src": "org.apache.pinot.core.query.exception.BadQueryRequestException",
                "dst": "org.apache.pinot.spi.exception.BadQueryRequestException",
                "src_parent_type": "BinaryOperator",
                "dst_parent_type": "BinaryOperator",
                "src_parent": "e instanceof org.apache.pinot.core.query.exception.BadQueryRequestException",
                "dst_parent": "e instanceof org.apache.pinot.spi.exception.BadQueryRequestException"
              },
              "line": 221,
              "file": "/home/khesoem/projects/lighter/exp/pinot-core/src/main/java/org/apache/pinot/core/query/executor/ServerQueryExecutorV1Impl.java",
              "stats": {
                "number_of_src_entities": 3,
                "number_of_dst_entities": 3,
                "src_entity_types": "[org.apache.pinot.core.query.exception.BadQueryRequestException]",
                "dst_entity_types": "[org.apache.pinot.spi.exception.BadQueryRequestException]"
              }
            }
          ]
        }
      ]
    },
    {
      "revision": "f2e3446e75f1ec1d553805d03f6504f05b3e3c0e",
      "repairability": [
        {
          "tool-name": "Nopol",
          "pattern-name": "Nopol:if_condition_upd_deep",
          "Unified_Diff_of-files:": "Starts Below...",
          "DELETE:": "import org.apache.pinot.common.utils.CommonConstants;",
          "INSERT:": "import org.apache.pinot.spi.utils.CommonConstants;",
          "instance_detail": [
            {
              "pattern_action": "ANY",
              "pattern_entity": {
                "entity_type": "*",
                "entity_new value": "*",
                "entity_role": "*",
                "entity_parent": {
                  "entity_type": "*",
                  "entity_new value": "*",
                  "entity_role": "condition",
                  "entity_parent": {
                    "entity_type": "If",
                    "entity_new value": "*",
                    "entity_role": "*",
                    "entity_parent": "null"
                  }
                }
              },
              "concrete_change": {
                "operator": "UPD",
                "src_type": "TypeAccess",
                "dst_type": "TypeAccess",
                "src": "org.apache.pinot.core.util.IngestionUtils",
                "dst": "org.apache.pinot.segment.local.utils.IngestionUtils",
                "src_parent_type": "Invocation",
                "dst_parent_type": "Invocation",
                "src_parent": "(org.apache.pinot.core.util.IngestionUtils.shouldIngestRow(transformedRow))",
                "dst_parent": "(org.apache.pinot.segment.local.utils.IngestionUtils.shouldIngestRow(transformedRow))"
              },
              "line": 252,
              "file": "/home/khesoem/projects/lighter/exp/pinot-core/src/main/java/org/apache/pinot/core/data/manager/realtime/HLRealtimeSegmentDataManager.java",
              "stats": {
                "number_of_src_entities": 3,
                "number_of_dst_entities": 3,
                "src_entity_types": "[org.apache.pinot.core.util.IngestionUtils]",
                "dst_entity_types": "[org.apache.pinot.segment.local.utils.IngestionUtils]"
              }
            }
          ]
        }
      ]
    },
    {
      "revision": "f2e3446e75f1ec1d553805d03f6504f05b3e3c0e",
      "repairability": [
        {
          "tool-name": "Nopol",
          "pattern-name": "Nopol:if_condition_upd_deep",
          "Unified_Diff_of-files:": "Starts Below...",
          "DELETE:": "import org.apache.pinot.common.utils.CommonConstants;",
          "INSERT:": "import org.apache.pinot.spi.utils.CommonConstants;",
          "instance_detail": [
            {
              "pattern_action": "ANY",
              "pattern_entity": {
                "entity_type": "*",
                "entity_new value": "*",
                "entity_role": "*",
                "entity_parent": {
                  "entity_type": "*",
                  "entity_new value": "*",
                  "entity_role": "condition",
                  "entity_parent": {
                    "entity_type": "If",
                    "entity_new value": "*",
                    "entity_role": "*",
                    "entity_parent": "null"
                  }
                }
              },
              "concrete_change": {
                "operator": "UPD",
                "src_type": "TypeAccess",
                "dst_type": "TypeAccess",
                "src": "org.apache.pinot.common.utils.CommonConstants.Segment.Realtime.Status",
                "dst": "org.apache.pinot.spi.utils.CommonConstants.Segment.Realtime.Status",
                "src_parent_type": "FieldRead",
                "dst_parent_type": "FieldRead",
                "src_parent": "(org.apache.pinot.common.utils.CommonConstants.Segment.Realtime.Status.DONE)",
                "dst_parent": "(org.apache.pinot.spi.utils.CommonConstants.Segment.Realtime.Status.DONE)"
              },
              "stats": {
                "number_of_src_entities": 3,
                "number_of_dst_entities": 3,
                "src_entity_types": "[org.apache.pinot.common.utils.CommonConstants.Segment.Realtime.Status]",
                "dst_entity_types": "[org.apache.pinot.spi.utils.CommonConstants.Segment.Realtime.Status]"
              }
            }
          ]
        },
        {
          "tool-name": "Nopol",
          "pattern-name": "Nopol:if_condition_upd_deep",
          "Unified_Diff_of-files:": "Starts Below...",
          "DELETE:": "import org.apache.pinot.common.utils.CommonConstants;",
          "INSERT:": "import org.apache.pinot.spi.utils.CommonConstants;",
          "instance_detail": [
            {
              "pattern_action": "ANY",
              "pattern_entity": {
                "entity_type": "*",
                "entity_new value": "*",
                "entity_role": "*",
                "entity_parent": {
                  "entity_type": "*",
                  "entity_new value": "*",
                  "entity_role": "condition",
                  "entity_parent": {
                    "entity_type": "If",
                    "entity_new value": "*",
                    "entity_role": "*",
                    "entity_parent": "null"
                  }
                }
              },
              "concrete_change": {
                "operator": "UPD",
                "src_type": "TypeAccess",
                "dst_type": "TypeAccess",
                "src": "org.apache.pinot.common.utils.CommonConstants.Segment.Realtime.Status",
                "dst": "org.apache.pinot.spi.utils.CommonConstants.Segment.Realtime.Status",
                "src_parent_type": "FieldRead",
                "dst_parent_type": "FieldRead",
                "src_parent": "(org.apache.pinot.common.utils.CommonConstants.Segment.Realtime.Status.UPLOADED)",
                "dst_parent": "(org.apache.pinot.spi.utils.CommonConstants.Segment.Realtime.Status.UPLOADED)"
              },
              "stats": {
                "number_of_src_entities": 3,
                "number_of_dst_entities": 3,
                "src_entity_types": "[org.apache.pinot.common.utils.CommonConstants.Segment.Realtime.Status]",
                "dst_entity_types": "[org.apache.pinot.spi.utils.CommonConstants.Segment.Realtime.Status]"
              }
            }
          ]
        },
        {
          "tool-name": "Nopol",
          "pattern-name": "Nopol:if_condition_upd_deep",
          "Unified_Diff_of-files:": "Starts Below...",
          "DELETE:": "import org.apache.pinot.common.utils.CommonConstants;",
          "INSERT:": "import org.apache.pinot.spi.utils.CommonConstants;",
          "instance_detail": [
            {
              "pattern_action": "ANY",
              "pattern_entity": {
                "entity_type": "*",
                "entity_new value": "*",
                "entity_role": "*",
                "entity_parent": {
                  "entity_type": "*",
                  "entity_new value": "*",
                  "entity_role": "condition",
                  "entity_parent": {
                    "entity_type": "If",
                    "entity_new value": "*",
                    "entity_role": "*",
                    "entity_parent": "null"
                  }
                }
              },
              "concrete_change": {
                "operator": "UPD",
                "src_type": "TypeAccess",
                "dst_type": "TypeAccess",
                "src": "org.apache.pinot.common.utils.CommonConstants.Segment.Realtime.Status",
                "dst": "org.apache.pinot.spi.utils.CommonConstants.Segment.Realtime.Status",
                "src_parent_type": "FieldRead",
                "dst_parent_type": "FieldRead",
                "src_parent": "(org.apache.pinot.common.utils.CommonConstants.Segment.Realtime.Status.DONE)",
                "dst_parent": "(org.apache.pinot.spi.utils.CommonConstants.Segment.Realtime.Status.DONE)"
              },
              "stats": {
                "number_of_src_entities": 3,
                "number_of_dst_entities": 3,
                "src_entity_types": "[org.apache.pinot.common.utils.CommonConstants.Segment.Realtime.Status]",
                "dst_entity_types": "[org.apache.pinot.spi.utils.CommonConstants.Segment.Realtime.Status]"
              }
            }
          ]
        },
        {
          "tool-name": "Nopol",
          "pattern-name": "Nopol:if_condition_upd_deep",
          "Unified_Diff_of-files:": "Starts Below...",
          "DELETE:": "import org.apache.pinot.common.utils.CommonConstants;",
          "INSERT:": "import org.apache.pinot.spi.utils.CommonConstants;",
          "instance_detail": [
            {
              "pattern_action": "ANY",
              "pattern_entity": {
                "entity_type": "*",
                "entity_new value": "*",
                "entity_role": "*",
                "entity_parent": {
                  "entity_type": "*",
                  "entity_new value": "*",
                  "entity_role": "condition",
                  "entity_parent": {
                    "entity_type": "If",
                    "entity_new value": "*",
                    "entity_role": "*",
                    "entity_parent": "null"
                  }
                }
              },
              "concrete_change": {
                "operator": "UPD",
                "src_type": "TypeAccess",
                "dst_type": "TypeAccess",
                "src": "org.apache.pinot.core.segment.index.loader.V3RemoveIndexException",
                "dst": "org.apache.pinot.segment.local.segment.index.loader.V3RemoveIndexException",
                "src_parent_type": "BinaryOperator",
                "dst_parent_type": "BinaryOperator",
                "src_parent": "e instanceof org.apache.pinot.core.segment.index.loader.V3RemoveIndexException",
                "dst_parent": "e instanceof org.apache.pinot.segment.local.segment.index.loader.V3RemoveIndexException"
              },
              "line": 285,
              "file": "/home/khesoem/projects/lighter/exp/pinot-core/src/main/java/org/apache/pinot/core/data/manager/realtime/RealtimeTableDataManager.java",
              "stats": {
                "number_of_src_entities": 3,
                "number_of_dst_entities": 3,
                "src_entity_types": "[org.apache.pinot.core.segment.index.loader.V3RemoveIndexException]",
                "dst_entity_types": "[org.apache.pinot.segment.local.segment.index.loader.V3RemoveIndexException]"
              }
            }
          ]
        }
      ]
    },
    {
      "revision": "f2e3446e75f1ec1d553805d03f6504f05b3e3c0e",
      "repairability": [
        {
          "tool-name": "Nopol",
          "pattern-name": "Nopol:if_condition_upd_deep",
          "Unified_Diff_of-files:": "Starts Below...",
          "DELETE:": "import org.apache.pinot.common.utils.CommonConstants;",
          "INSERT:": "import org.apache.pinot.spi.utils.CommonConstants;",
          "instance_detail": [
            {
              "pattern_action": "ANY",
              "pattern_entity": {
                "entity_type": "*",
                "entity_new value": "*",
                "entity_role": "*",
                "entity_parent": {
                  "entity_type": "*",
                  "entity_new value": "*",
                  "entity_role": "condition",
                  "entity_parent": {
                    "entity_type": "If",
                    "entity_new value": "*",
                    "entity_role": "*",
                    "entity_parent": "null"
                  }
                }
              },
              "concrete_change": {
                "operator": "UPD",
                "src_type": "TypeAccess",
                "dst_type": "TypeAccess",
                "src": "org.apache.pinot.core.query.aggregation.function.customobject.AvgPair",
                "dst": "org.apache.pinot.segment.local.customobject.AvgPair",
                "src_parent_type": "BinaryOperator",
                "dst_parent_type": "BinaryOperator",
                "src_parent": "value instanceof org.apache.pinot.core.query.aggregation.function.customobject.AvgPair",
                "dst_parent": "value instanceof org.apache.pinot.segment.local.customobject.AvgPair"
              },
              "line": 122,
              "file": "/home/khesoem/projects/lighter/exp/pinot-core/src/main/java/org/apache/pinot/core/common/ObjectSerDeUtils.java",
              "stats": {
                "number_of_src_entities": 3,
                "number_of_dst_entities": 3,
                "src_entity_types": "[org.apache.pinot.core.query.aggregation.function.customobject.AvgPair]",
                "dst_entity_types": "[org.apache.pinot.segment.local.customobject.AvgPair]"
              }
            }
          ]
        },
        {
          "tool-name": "Nopol",
          "pattern-name": "Nopol:if_condition_upd_deep",
          "Unified_Diff_of-files:": "Starts Below...",
          "DELETE:": "import org.apache.pinot.common.utils.CommonConstants;",
          "INSERT:": "import org.apache.pinot.spi.utils.CommonConstants;",
          "instance_detail": [
            {
              "pattern_action": "ANY",
              "pattern_entity": {
                "entity_type": "*",
                "entity_new value": "*",
                "entity_role": "*",
                "entity_parent": {
                  "entity_type": "*",
                  "entity_new value": "*",
                  "entity_role": "condition",
                  "entity_parent": {
                    "entity_type": "If",
                    "entity_new value": "*",
                    "entity_role": "*",
                    "entity_parent": "null"
                  }
                }
              },
              "concrete_change": {
                "operator": "UPD",
                "src_type": "TypeAccess",
                "dst_type": "TypeAccess",
                "src": "org.apache.pinot.core.query.aggregation.function.customobject.MinMaxRangePair",
                "dst": "org.apache.pinot.segment.local.customobject.MinMaxRangePair",
                "src_parent_type": "BinaryOperator",
                "dst_parent_type": "BinaryOperator",
                "src_parent": "value instanceof org.apache.pinot.core.query.aggregation.function.customobject.MinMaxRangePair",
                "dst_parent": "value instanceof org.apache.pinot.segment.local.customobject.MinMaxRangePair"
              },
              "line": 124,
              "file": "/home/khesoem/projects/lighter/exp/pinot-core/src/main/java/org/apache/pinot/core/common/ObjectSerDeUtils.java",
              "stats": {
                "number_of_src_entities": 3,
                "number_of_dst_entities": 3,
                "src_entity_types": "[org.apache.pinot.core.query.aggregation.function.customobject.MinMaxRangePair]",
                "dst_entity_types": "[org.apache.pinot.segment.local.customobject.MinMaxRangePair]"
              }
            }
          ]
        },
        {
          "tool-name": "Nopol",
          "pattern-name": "Nopol:if_condition_upd_deep",
          "Unified_Diff_of-files:": "Starts Below...",
          "DELETE:": "import org.apache.pinot.common.utils.CommonConstants;",
          "INSERT:": "import org.apache.pinot.spi.utils.CommonConstants;",
          "instance_detail": [
            {
              "pattern_action": "ANY",
              "pattern_entity": {
                "entity_type": "*",
                "entity_new value": "*",
                "entity_role": "*",
                "entity_parent": {
                  "entity_type": "*",
                  "entity_new value": "*",
                  "entity_role": "condition",
                  "entity_parent": {
                    "entity_type": "If",
                    "entity_new value": "*",
                    "entity_role": "*",
                    "entity_parent": "null"
                  }
                }
              },
              "concrete_change": {
                "operator": "UPD",
                "src_type": "TypeAccess",
                "dst_type": "TypeAccess",
                "src": "org.apache.pinot.core.query.aggregation.function.customobject.QuantileDigest",
                "dst": "org.apache.pinot.segment.local.customobject.QuantileDigest",
                "src_parent_type": "BinaryOperator",
                "dst_parent_type": "BinaryOperator",
                "src_parent": "value instanceof org.apache.pinot.core.query.aggregation.function.customobject.QuantileDigest",
                "dst_parent": "value instanceof org.apache.pinot.segment.local.customobject.QuantileDigest"
              },
              "line": 128,
              "file": "/home/khesoem/projects/lighter/exp/pinot-core/src/main/java/org/apache/pinot/core/common/ObjectSerDeUtils.java",
              "stats": {
                "number_of_src_entities": 3,
                "number_of_dst_entities": 3,
                "src_entity_types": "[org.apache.pinot.core.query.aggregation.function.customobject.QuantileDigest]",
                "dst_entity_types": "[org.apache.pinot.segment.local.customobject.QuantileDigest]"
              }
            }
          ]
        }
      ]
    },
    {
      "revision": "f2e3446e75f1ec1d553805d03f6504f05b3e3c0e",
      "repairability": [
        {
          "tool-name": "Nopol",
          "pattern-name": "Nopol:if_condition_upd_deep",
          "Unified_Diff_of-files:": "Starts Below...",
          "DELETE:": "import org.apache.pinot.common.utils.CommonConstants;",
          "INSERT:": "import org.apache.pinot.spi.utils.CommonConstants;",
          "instance_detail": [
            {
              "pattern_action": "ANY",
              "pattern_entity": {
                "entity_type": "*",
                "entity_new value": "*",
                "entity_role": "*",
                "entity_parent": {
                  "entity_type": "*",
                  "entity_new value": "*",
                  "entity_role": "condition",
                  "entity_parent": {
                    "entity_type": "If",
                    "entity_new value": "*",
                    "entity_role": "*",
                    "entity_parent": "null"
                  }
                }
              },
              "concrete_change": {
                "operator": "UPD",
                "src_type": "TypeAccess",
                "dst_type": "TypeAccess",
                "src": "org.apache.pinot.common.utils.CommonConstants.Segment.Realtime.Status",
                "dst": "org.apache.pinot.spi.utils.CommonConstants.Segment.Realtime.Status",
                "src_parent_type": "FieldRead",
                "dst_parent_type": "FieldRead",
                "src_parent": "(org.apache.pinot.common.utils.CommonConstants.Segment.Realtime.Status.IN_PROGRESS)",
                "dst_parent": "(org.apache.pinot.spi.utils.CommonConstants.Segment.Realtime.Status.IN_PROGRESS)"
              },
              "stats": {
                "number_of_src_entities": 3,
                "number_of_dst_entities": 3,
                "src_entity_types": "[org.apache.pinot.common.utils.CommonConstants.Segment.Realtime.Status]",
                "dst_entity_types": "[org.apache.pinot.spi.utils.CommonConstants.Segment.Realtime.Status]"
              }
            }
          ]
        },
        {
          "tool-name": "Nopol",
          "pattern-name": "Nopol:if_condition_upd_deep",
          "Unified_Diff_of-files:": "Starts Below...",
          "DELETE:": "import org.apache.pinot.common.utils.CommonConstants;",
          "INSERT:": "import org.apache.pinot.spi.utils.CommonConstants;",
          "instance_detail": [
            {
              "pattern_action": "ANY",
              "pattern_entity": {
                "entity_type": "*",
                "entity_new value": "*",
                "entity_role": "*",
                "entity_parent": {
                  "entity_type": "*",
                  "entity_new value": "*",
                  "entity_role": "condition",
                  "entity_parent": {
                    "entity_type": "If",
                    "entity_new value": "*",
                    "entity_role": "*",
                    "entity_parent": "null"
                  }
                }
              },
              "concrete_change": {
                "operator": "UPD",
                "src_type": "TypeAccess",
                "dst_type": "TypeAccess",
                "src": "org.apache.pinot.common.utils.CommonConstants.Segment.Realtime.Status",
                "dst": "org.apache.pinot.spi.utils.CommonConstants.Segment.Realtime.Status",
                "src_parent_type": "FieldRead",
                "dst_parent_type": "FieldRead",
                "src_parent": "(org.apache.pinot.common.utils.CommonConstants.Segment.Realtime.Status.DONE)",
                "dst_parent": "(org.apache.pinot.spi.utils.CommonConstants.Segment.Realtime.Status.DONE)"
              },
              "stats": {
                "number_of_src_entities": 3,
                "number_of_dst_entities": 3,
                "src_entity_types": "[org.apache.pinot.common.utils.CommonConstants.Segment.Realtime.Status]",
                "dst_entity_types": "[org.apache.pinot.spi.utils.CommonConstants.Segment.Realtime.Status]"
              }
            }
          ]
        }
      ]
    },
    {
      "revision": "f2e3446e75f1ec1d553805d03f6504f05b3e3c0e",
      "repairability": [
        {
          "tool-name": "Nopol",
          "pattern-name": "Nopol:if_condition_upd_deep",
          "Unified_Diff_of-files:": "Starts Below...",
          "DELETE:": "import org.apache.pinot.common.utils.CommonConstants;",
          "INSERT:": "import org.apache.pinot.spi.utils.CommonConstants;",
          "instance_detail": [
            {
              "pattern_action": "ANY",
              "pattern_entity": {
                "entity_type": "*",
                "entity_new value": "*",
                "entity_role": "*",
                "entity_parent": {
                  "entity_type": "*",
                  "entity_new value": "*",
                  "entity_role": "condition",
                  "entity_parent": {
                    "entity_type": "If",
                    "entity_new value": "*",
                    "entity_role": "*",
                    "entity_parent": "null"
                  }
                }
              },
              "concrete_change": {
                "operator": "UPD",
                "src_type": "TypeAccess",
                "dst_type": "TypeAccess",
                "src": "org.apache.pinot.core.segment.index.datasource.MutableDataSource",
                "dst": "org.apache.pinot.segment.local.segment.index.datasource.MutableDataSource",
                "src_parent_type": "BinaryOperator",
                "dst_parent_type": "BinaryOperator",
                "src_parent": "(dataSource instanceof org.apache.pinot.core.segment.index.datasource.MutableDataSource)",
                "dst_parent": "(dataSource instanceof org.apache.pinot.segment.local.segment.index.datasource.MutableDataSource)"
              },
              "line": 194,
              "file": "/home/khesoem/projects/lighter/exp/pinot-core/src/main/java/org/apache/pinot/core/plan/FilterPlanNode.java",
              "stats": {
                "number_of_src_entities": 3,
                "number_of_dst_entities": 3,
                "src_entity_types": "[org.apache.pinot.core.segment.index.datasource.MutableDataSource]",
                "dst_entity_types": "[org.apache.pinot.segment.local.segment.index.datasource.MutableDataSource]"
              }
            }
          ]
        }
      ]
    },
    {
      "revision": "f2e3446e75f1ec1d553805d03f6504f05b3e3c0e",
      "repairability": [
        {
          "tool-name": "Nopol",
          "pattern-name": "Nopol:if_condition_upd_deep",
          "Unified_Diff_of-files:": "Starts Below...",
          "DELETE:": "import org.apache.pinot.common.utils.CommonConstants;",
          "INSERT:": "import org.apache.pinot.spi.utils.CommonConstants;",
          "instance_detail": [
            {
              "pattern_action": "ANY",
              "pattern_entity": {
                "entity_type": "*",
                "entity_new value": "*",
                "entity_role": "*",
                "entity_parent": {
                  "entity_type": "*",
                  "entity_new value": "*",
                  "entity_role": "condition",
                  "entity_parent": {
                    "entity_type": "If",
                    "entity_new value": "*",
                    "entity_role": "*",
                    "entity_parent": "null"
                  }
                }
              },
              "concrete_change": {
                "operator": "UPD",
                "src_type": "TypeAccess",
                "dst_type": "TypeAccess",
                "src": "org.apache.pinot.core.indexsegment.immutable.ImmutableSegmentImpl",
                "dst": "org.apache.pinot.segment.local.indexsegment.immutable.ImmutableSegmentImpl",
                "src_parent_type": "BinaryOperator",
                "dst_parent_type": "BinaryOperator",
                "src_parent": "immutableSegment instanceof org.apache.pinot.core.indexsegment.immutable.ImmutableSegmentImpl",
                "dst_parent": "immutableSegment instanceof org.apache.pinot.segment.local.indexsegment.immutable.ImmutableSegmentImpl"
              },
              "line": 77,
              "file": "/home/khesoem/projects/lighter/exp/pinot-server/src/main/java/org/apache/pinot/server/api/resources/SegmentMetadataFetcher.java",
              "stats": {
                "number_of_src_entities": 3,
                "number_of_dst_entities": 3,
                "src_entity_types": "[org.apache.pinot.core.indexsegment.immutable.ImmutableSegmentImpl]",
                "dst_entity_types": "[org.apache.pinot.segment.local.indexsegment.immutable.ImmutableSegmentImpl]"
              }
            }
          ]
        }
      ]
    },
    {
      "revision": "f2e3446e75f1ec1d553805d03f6504f05b3e3c0e",
      "repairability": [
        {
          "tool-name": "Nopol",
          "pattern-name": "Nopol:if_condition_upd_deep",
          "Unified_Diff_of-files:": "Starts Below...",
          "DELETE:": "import org.apache.pinot.common.utils.CommonConstants;",
          "INSERT:": "import org.apache.pinot.spi.utils.CommonConstants;",
          "instance_detail": [
            {
              "pattern_action": "ANY",
              "pattern_entity": {
                "entity_type": "*",
                "entity_new value": "*",
                "entity_role": "*",
                "entity_parent": {
                  "entity_type": "*",
                  "entity_new value": "*",
                  "entity_role": "condition",
                  "entity_parent": {
                    "entity_type": "If",
                    "entity_new value": "*",
                    "entity_role": "*",
                    "entity_parent": "null"
                  }
                }
              },
              "concrete_change": {
                "operator": "UPD",
                "src_type": "TypeAccess",
                "dst_type": "TypeAccess",
                "src": "org.apache.pinot.core.geospatial.GeometryUtils",
                "dst": "org.apache.pinot.segment.local.utils.GeometryUtils",
                "src_parent_type": "Invocation",
                "dst_parent_type": "Invocation",
                "src_parent": "(org.apache.pinot.core.geospatial.GeometryUtils.isGeography(firstGeometry))",
                "dst_parent": "(org.apache.pinot.segment.local.utils.GeometryUtils.isGeography(firstGeometry))"
              },
              "line": 86,
              "file": "/home/khesoem/projects/lighter/exp/pinot-core/src/main/java/org/apache/pinot/core/geospatial/transform/function/StContainsFunction.java",
              "stats": {
                "number_of_src_entities": 3,
                "number_of_dst_entities": 3,
                "src_entity_types": "[org.apache.pinot.core.geospatial.GeometryUtils]",
                "dst_entity_types": "[org.apache.pinot.segment.local.utils.GeometryUtils]"
              }
            }
          ]
        }
      ]
    },
    {
      "revision": "f2e3446e75f1ec1d553805d03f6504f05b3e3c0e",
      "repairability": [
        {
          "tool-name": "Nopol",
          "pattern-name": "Nopol:if_condition_upd_deep",
          "Unified_Diff_of-files:": "Starts Below...",
          "DELETE:": "import org.apache.pinot.common.utils.CommonConstants;",
          "INSERT:": "import org.apache.pinot.spi.utils.CommonConstants;",
          "instance_detail": [
            {
              "pattern_action": "ANY",
              "pattern_entity": {
                "entity_type": "*",
                "entity_new value": "*",
                "entity_role": "*",
                "entity_parent": {
                  "entity_type": "*",
                  "entity_new value": "*",
                  "entity_role": "condition",
                  "entity_parent": {
                    "entity_type": "If",
                    "entity_new value": "*",
                    "entity_role": "*",
                    "entity_parent": "null"
                  }
                }
              },
              "concrete_change": {
                "operator": "UPD",
                "src_type": "TypeAccess",
                "dst_type": "TypeAccess",
                "src": "org.apache.pinot.common.utils.CommonConstants.Helix",
                "dst": "org.apache.pinot.spi.utils.CommonConstants.Helix",
                "src_parent_type": "FieldRead",
                "dst_parent_type": "FieldRead",
                "src_parent": "(org.apache.pinot.common.utils.CommonConstants.Helix.NUMBER_OF_PARTITIONS_IN_LEAD_CONTROLLER_RESOURCE)",
                "dst_parent": "(org.apache.pinot.spi.utils.CommonConstants.Helix.NUMBER_OF_PARTITIONS_IN_LEAD_CONTROLLER_RESOURCE)"
              },
              "stats": {
                "number_of_src_entities": 3,
                "number_of_dst_entities": 3,
                "src_entity_types": "[org.apache.pinot.common.utils.CommonConstants.Helix]",
                "dst_entity_types": "[org.apache.pinot.spi.utils.CommonConstants.Helix]"
              }
            }
          ]
        }
      ]
    },
    {
      "revision": "f2e3446e75f1ec1d553805d03f6504f05b3e3c0e",
      "repairability": [
        {
          "tool-name": "Nopol",
          "pattern-name": "Nopol:if_condition_upd_deep",
          "Unified_Diff_of-files:": "Starts Below...",
          "DELETE:": "import org.apache.pinot.common.utils.CommonConstants;",
          "INSERT:": "import org.apache.pinot.spi.utils.CommonConstants;",
          "instance_detail": [
            {
              "pattern_action": "ANY",
              "pattern_entity": {
                "entity_type": "*",
                "entity_new value": "*",
                "entity_role": "*",
                "entity_parent": {
                  "entity_type": "*",
                  "entity_new value": "*",
                  "entity_role": "condition",
                  "entity_parent": {
                    "entity_type": "If",
                    "entity_new value": "*",
                    "entity_role": "*",
                    "entity_parent": "null"
                  }
                }
              },
              "concrete_change": {
                "operator": "UPD",
                "src_type": "TypeAccess",
                "dst_type": "TypeAccess",
                "src": "org.apache.pinot.common.utils.CommonConstants.Segment.Realtime.Status",
                "dst": "org.apache.pinot.spi.utils.CommonConstants.Segment.Realtime.Status",
                "src_parent_type": "FieldRead",
                "dst_parent_type": "FieldRead",
                "src_parent": "(org.apache.pinot.common.utils.CommonConstants.Segment.Realtime.Status.IN_PROGRESS)",
                "dst_parent": "(org.apache.pinot.spi.utils.CommonConstants.Segment.Realtime.Status.IN_PROGRESS)"
              },
              "stats": {
                "number_of_src_entities": 3,
                "number_of_dst_entities": 3,
                "src_entity_types": "[org.apache.pinot.common.utils.CommonConstants.Segment.Realtime.Status]",
                "dst_entity_types": "[org.apache.pinot.spi.utils.CommonConstants.Segment.Realtime.Status]"
              }
            }
          ]
        },
        {
          "tool-name": "Nopol",
          "pattern-name": "Nopol:if_condition_upd_deep",
          "Unified_Diff_of-files:": "Starts Below...",
          "DELETE:": "import org.apache.pinot.common.utils.CommonConstants;",
          "INSERT:": "import org.apache.pinot.spi.utils.CommonConstants;",
          "instance_detail": [
            {
              "pattern_action": "ANY",
              "pattern_entity": {
                "entity_type": "*",
                "entity_new value": "*",
                "entity_role": "*",
                "entity_parent": {
                  "entity_type": "*",
                  "entity_new value": "*",
                  "entity_role": "condition",
                  "entity_parent": {
                    "entity_type": "If",
                    "entity_new value": "*",
                    "entity_role": "*",
                    "entity_parent": "null"
                  }
                }
              },
              "concrete_change": {
                "operator": "UPD",
                "src_type": "TypeAccess",
                "dst_type": "TypeAccess",
                "src": "org.apache.pinot.common.utils.CommonConstants.Segment.Realtime.Status",
                "dst": "org.apache.pinot.spi.utils.CommonConstants.Segment.Realtime.Status",
                "src_parent_type": "FieldRead",
                "dst_parent_type": "FieldRead",
                "src_parent": "(org.apache.pinot.common.utils.CommonConstants.Segment.Realtime.Status.IN_PROGRESS)",
                "dst_parent": "(org.apache.pinot.spi.utils.CommonConstants.Segment.Realtime.Status.IN_PROGRESS)"
              },
              "stats": {
                "number_of_src_entities": 3,
                "number_of_dst_entities": 3,
                "src_entity_types": "[org.apache.pinot.common.utils.CommonConstants.Segment.Realtime.Status]",
                "dst_entity_types": "[org.apache.pinot.spi.utils.CommonConstants.Segment.Realtime.Status]"
              }
            }
          ]
        }
      ]
    },
    {
      "revision": "f2e3446e75f1ec1d553805d03f6504f05b3e3c0e",
      "repairability": [
        {
          "tool-name": "Nopol",
          "pattern-name": "Nopol:if_condition_upd_deep",
          "Unified_Diff_of-files:": "Starts Below...",
          "DELETE:": "import org.apache.pinot.common.utils.CommonConstants;",
          "INSERT:": "import org.apache.pinot.spi.utils.CommonConstants;",
          "instance_detail": [
            {
              "pattern_action": "ANY",
              "pattern_entity": {
                "entity_type": "*",
                "entity_new value": "*",
                "entity_role": "*",
                "entity_parent": {
                  "entity_type": "*",
                  "entity_new value": "*",
                  "entity_role": "condition",
                  "entity_parent": {
                    "entity_type": "If",
                    "entity_new value": "*",
                    "entity_role": "*",
                    "entity_parent": "null"
                  }
                }
              },
              "concrete_change": {
                "operator": "UPD",
                "src_type": "TypeAccess",
                "dst_type": "TypeAccess",
                "src": "org.apache.pinot.core.query.exception.BadQueryRequestException",
                "dst": "org.apache.pinot.spi.exception.BadQueryRequestException",
                "src_parent_type": "BinaryOperator",
                "dst_parent_type": "BinaryOperator",
                "src_parent": "cause instanceof org.apache.pinot.core.query.exception.BadQueryRequestException",
                "dst_parent": "cause instanceof org.apache.pinot.spi.exception.BadQueryRequestException"
              },
              "line": 154,
              "file": "/home/khesoem/projects/lighter/exp/pinot-core/src/main/java/org/apache/pinot/core/plan/CombinePlanNode.java",
              "stats": {
                "number_of_src_entities": 3,
                "number_of_dst_entities": 3,
                "src_entity_types": "[org.apache.pinot.core.query.exception.BadQueryRequestException]",
                "dst_entity_types": "[org.apache.pinot.spi.exception.BadQueryRequestException]"
              }
            }
          ]
        }
      ]
    },
    {
      "revision": "f2e3446e75f1ec1d553805d03f6504f05b3e3c0e",
      "repairability": [
        {
          "tool-name": "Nopol",
          "pattern-name": "Nopol:if_condition_upd_deep",
          "Unified_Diff_of-files:": "Starts Below...",
          "DELETE:": "import org.apache.pinot.common.utils.CommonConstants;",
          "INSERT:": "import org.apache.pinot.spi.utils.CommonConstants;",
          "instance_detail": [
            {
              "pattern_action": "ANY",
              "pattern_entity": {
                "entity_type": "*",
                "entity_new value": "*",
                "entity_role": "*",
                "entity_parent": {
                  "entity_type": "*",
                  "entity_new value": "*",
                  "entity_role": "condition",
                  "entity_parent": {
                    "entity_type": "If",
                    "entity_new value": "*",
                    "entity_role": "*",
                    "entity_parent": "null"
                  }
                }
              },
              "concrete_change": {
                "operator": "UPD",
                "src_type": "TypeAccess",
                "dst_type": "TypeAccess",
                "src": "org.apache.pinot.core.segment.index.metadata.SegmentMetadataImpl",
                "dst": "org.apache.pinot.segment.local.segment.index.metadata.SegmentMetadataImpl",
                "src_parent_type": "BinaryOperator",
                "dst_parent_type": "BinaryOperator",
                "src_parent": "segmentMetadata instanceof org.apache.pinot.core.segment.index.metadata.SegmentMetadataImpl",
                "dst_parent": "segmentMetadata instanceof org.apache.pinot.segment.local.segment.index.metadata.SegmentMetadataImpl"
              },
              "line": 57,
              "file": "/home/khesoem/projects/lighter/exp/pinot-controller/src/main/java/org/apache/pinot/controller/helix/core/util/ZKMetadataUtils.java",
              "stats": {
                "number_of_src_entities": 3,
                "number_of_dst_entities": 3,
                "src_entity_types": "[org.apache.pinot.core.segment.index.metadata.SegmentMetadataImpl]",
                "dst_entity_types": "[org.apache.pinot.segment.local.segment.index.metadata.SegmentMetadataImpl]"
              }
            }
          ]
        }
      ]
    },
    {
      "revision": "f2e3446e75f1ec1d553805d03f6504f05b3e3c0e",
      "repairability": [
        {
          "tool-name": "Nopol",
          "pattern-name": "Nopol:if_condition_upd_deep",
          "Unified_Diff_of-files:": "Starts Below...",
          "DELETE:": "import org.apache.pinot.common.utils.CommonConstants;",
          "INSERT:": "import org.apache.pinot.spi.utils.CommonConstants;",
          "instance_detail": [
            {
              "pattern_action": "ANY",
              "pattern_entity": {
                "entity_type": "*",
                "entity_new value": "*",
                "entity_role": "*",
                "entity_parent": {
                  "entity_type": "*",
                  "entity_new value": "*",
                  "entity_role": "condition",
                  "entity_parent": {
                    "entity_type": "If",
                    "entity_new value": "*",
                    "entity_role": "*",
                    "entity_parent": "null"
                  }
                }
              },
              "concrete_change": {
                "operator": "UPD",
                "src_type": "TypeAccess",
                "dst_type": "TypeAccess",
                "src": "org.apache.pinot.core.geospatial.GeometryUtils",
                "dst": "org.apache.pinot.segment.local.utils.GeometryUtils",
                "src_parent_type": "Invocation",
                "dst_parent_type": "Invocation",
                "src_parent": "org.apache.pinot.core.geospatial.GeometryUtils.isGeography(firstGeometry)",
                "dst_parent": "org.apache.pinot.segment.local.utils.GeometryUtils.isGeography(firstGeometry)"
              },
              "line": 94,
              "file": "/home/khesoem/projects/lighter/exp/pinot-core/src/main/java/org/apache/pinot/core/geospatial/transform/function/StDistanceFunction.java",
              "stats": {
                "number_of_src_entities": 3,
                "number_of_dst_entities": 3,
                "src_entity_types": "[org.apache.pinot.core.geospatial.GeometryUtils]",
                "dst_entity_types": "[org.apache.pinot.segment.local.utils.GeometryUtils]"
              }
            }
          ]
        },
        {
          "tool-name": "Nopol",
          "pattern-name": "Nopol:if_condition_upd_deep",
          "Unified_Diff_of-files:": "Starts Below...",
          "DELETE:": "import org.apache.pinot.common.utils.CommonConstants;",
          "INSERT:": "import org.apache.pinot.spi.utils.CommonConstants;",
          "instance_detail": [
            {
              "pattern_action": "ANY",
              "pattern_entity": {
                "entity_type": "*",
                "entity_new value": "*",
                "entity_role": "*",
                "entity_parent": {
                  "entity_type": "*",
                  "entity_new value": "*",
                  "entity_role": "condition",
                  "entity_parent": {
                    "entity_type": "If",
                    "entity_new value": "*",
                    "entity_role": "*",
                    "entity_parent": "null"
                  }
                }
              },
              "concrete_change": {
                "operator": "UPD",
                "src_type": "TypeAccess",
                "dst_type": "TypeAccess",
                "src": "org.apache.pinot.core.geospatial.GeometryUtils",
                "dst": "org.apache.pinot.segment.local.utils.GeometryUtils",
                "src_parent_type": "Invocation",
                "dst_parent_type": "Invocation",
                "src_parent": "(org.apache.pinot.core.geospatial.GeometryUtils.isGeography(firstGeometry))",
                "dst_parent": "(org.apache.pinot.segment.local.utils.GeometryUtils.isGeography(firstGeometry))"
              },
              "line": 91,
              "file": "/home/khesoem/projects/lighter/exp/pinot-core/src/main/java/org/apache/pinot/core/geospatial/transform/function/StDistanceFunction.java",
              "stats": {
                "number_of_src_entities": 3,
                "number_of_dst_entities": 3,
                "src_entity_types": "[org.apache.pinot.core.geospatial.GeometryUtils]",
                "dst_entity_types": "[org.apache.pinot.segment.local.utils.GeometryUtils]"
              }
            }
          ]
        }
      ]
    },
    {
      "revision": "f2e3446e75f1ec1d553805d03f6504f05b3e3c0e",
      "repairability": [
        {
          "tool-name": "Nopol",
          "pattern-name": "Nopol:if_condition_upd_deep",
          "Unified_Diff_of-files:": "Starts Below...",
          "DELETE:": "import org.apache.pinot.common.utils.CommonConstants;",
          "INSERT:": "import org.apache.pinot.spi.utils.CommonConstants;",
          "instance_detail": [
            {
              "pattern_action": "ANY",
              "pattern_entity": {
                "entity_type": "*",
                "entity_new value": "*",
                "entity_role": "*",
                "entity_parent": {
                  "entity_type": "*",
                  "entity_new value": "*",
                  "entity_role": "condition",
                  "entity_parent": {
                    "entity_type": "If",
                    "entity_new value": "*",
                    "entity_role": "*",
                    "entity_parent": "null"
                  }
                }
              },
              "concrete_change": {
                "operator": "UPD",
                "src_type": "TypeAccess",
                "dst_type": "TypeAccess",
                "src": "org.apache.pinot.core.util.IngestionUtils",
                "dst": "org.apache.pinot.segment.local.utils.IngestionUtils",
                "src_parent_type": "Invocation",
                "dst_parent_type": "Invocation",
                "src_parent": "(org.apache.pinot.core.util.IngestionUtils.shouldIngestRow(transformedRow))",
                "dst_parent": "(org.apache.pinot.segment.local.utils.IngestionUtils.shouldIngestRow(transformedRow))"
              },
              "line": 503,
              "file": "/home/khesoem/projects/lighter/exp/pinot-core/src/main/java/org/apache/pinot/core/data/manager/realtime/LLRealtimeSegmentDataManager.java",
              "stats": {
                "number_of_src_entities": 3,
                "number_of_dst_entities": 3,
                "src_entity_types": "[org.apache.pinot.core.util.IngestionUtils]",
                "dst_entity_types": "[org.apache.pinot.segment.local.utils.IngestionUtils]"
              }
            }
          ]
        },
        {
          "tool-name": "Nopol",
          "pattern-name": "Nopol:if_condition_upd_deep",
          "Unified_Diff_of-files:": "Starts Below...",
          "DELETE:": "import org.apache.pinot.common.utils.CommonConstants;",
          "INSERT:": "import org.apache.pinot.spi.utils.CommonConstants;",
          "instance_detail": [
            {
              "pattern_action": "ANY",
              "pattern_entity": {
                "entity_type": "*",
                "entity_new value": "*",
                "entity_role": "*",
                "entity_parent": {
                  "entity_type": "*",
                  "entity_new value": "*",
                  "entity_role": "condition",
                  "entity_parent": {
                    "entity_type": "If",
                    "entity_new value": "*",
                    "entity_role": "*",
                    "entity_parent": "null"
                  }
                }
              },
              "concrete_change": {
                "operator": "UPD",
                "src_type": "TypeAccess",
                "dst_type": "TypeAccess",
                "src": "org.apache.pinot.core.util.IngestionUtils",
                "dst": "org.apache.pinot.segment.local.utils.IngestionUtils",
                "src_parent_type": "Invocation",
                "dst_parent_type": "Invocation",
                "src_parent": "(org.apache.pinot.core.util.IngestionUtils.shouldIngestRow(transformedRow))",
                "dst_parent": "(org.apache.pinot.segment.local.utils.IngestionUtils.shouldIngestRow(transformedRow))"
              },
              "line": 489,
              "file": "/home/khesoem/projects/lighter/exp/pinot-core/src/main/java/org/apache/pinot/core/data/manager/realtime/LLRealtimeSegmentDataManager.java",
              "stats": {
                "number_of_src_entities": 3,
                "number_of_dst_entities": 3,
                "src_entity_types": "[org.apache.pinot.core.util.IngestionUtils]",
                "dst_entity_types": "[org.apache.pinot.segment.local.utils.IngestionUtils]"
              }
            }
          ]
        }
      ]
    }
  ],
  "complete_analysis": true
}