{
  "instances": [
    {
      "revision": "98faf2bfac7ec69ced93eec25cf57237a911c560",
      "repairability": [
        {
          "tool-name": "Nopol",
          "pattern-name": "Nopol:if_condition_upd_deep",
          "Unified_Diff_of-files:": "Starts Below...",
          "CHANGE_old:": "import org.apache.pinot.core.segment.name.NormalizedDateSegmentNameGenerator;",
          "CHANGE_new:": "import org.apache.pinot.segment.spi.creator.name.NormalizedDateSegmentNameGenerator;",
          "instance_detail": [
            {
              "pattern_action": "ANY",
              "pattern_entity": {
                "entity_type": "*",
                "entity_new value": "*",
                "entity_role": "*",
                "entity_parent": {
                  "entity_type": "*",
                  "entity_new value": "*",
                  "entity_role": "condition",
                  "entity_parent": {
                    "entity_type": "If",
                    "entity_new value": "*",
                    "entity_role": "*",
                    "entity_parent": "null"
                  }
                }
              },
              "concrete_change": {
                "operator": "UPD",
                "src_type": "TypeAccess",
                "dst_type": "TypeAccess",
                "src": "org.apache.pinot.core.startree.StarTreeNode",
                "dst": "org.apache.pinot.segment.spi.index.startree.StarTreeNode",
                "src_parent_type": "FieldRead",
                "dst_parent_type": "FieldRead",
                "src_parent": "(org.apache.pinot.core.startree.StarTreeNode.ALL)",
                "dst_parent": "(org.apache.pinot.segment.spi.index.startree.StarTreeNode.ALL)"
              },
              "stats": {
                "number_of_src_entities": 3,
                "number_of_dst_entities": 3,
                "src_entity_types": "[org.apache.pinot.core.startree.StarTreeNode]",
                "dst_entity_types": "[org.apache.pinot.segment.spi.index.startree.StarTreeNode]"
              }
            }
          ]
        }
      ]
    },
    {
      "revision": "98faf2bfac7ec69ced93eec25cf57237a911c560",
      "repairability": [
        {
          "tool-name": "Nopol",
          "pattern-name": "Nopol:if_condition_upd_deep",
          "Unified_Diff_of-files:": "Starts Below...",
          "CHANGE_old:": "import org.apache.pinot.core.segment.name.NormalizedDateSegmentNameGenerator;",
          "CHANGE_new:": "import org.apache.pinot.segment.spi.creator.name.NormalizedDateSegmentNameGenerator;",
          "instance_detail": [
            {
              "pattern_action": "ANY",
              "pattern_entity": {
                "entity_type": "*",
                "entity_new value": "*",
                "entity_role": "*",
                "entity_parent": {
                  "entity_type": "*",
                  "entity_new value": "*",
                  "entity_role": "condition",
                  "entity_parent": {
                    "entity_type": "If",
                    "entity_new value": "*",
                    "entity_role": "*",
                    "entity_parent": "null"
                  }
                }
              },
              "concrete_change": {
                "operator": "UPD",
                "src_type": "TypeAccess",
                "dst_type": "TypeAccess",
                "src": "org.apache.pinot.core.indexsegment.generator.SegmentVersion",
                "dst": "org.apache.pinot.segment.spi.creator.SegmentVersion",
                "src_parent_type": "Invocation",
                "dst_parent_type": "Invocation",
                "src_parent": "(org.apache.pinot.core.indexsegment.generator.SegmentVersion.valueOf(segmentMetadata.getVersion()))",
                "dst_parent": "(org.apache.pinot.segment.spi.creator.SegmentVersion.valueOf(segmentMetadata.getVersion()))"
              },
              "line": 35,
              "file": "/home/khesoem/projects/lighter/exp/pinot-core/src/main/java/org/apache/pinot/core/segment/index/loader/defaultcolumn/DefaultColumnHandlerFactory.java",
              "stats": {
                "number_of_src_entities": 3,
                "number_of_dst_entities": 3,
                "src_entity_types": "[org.apache.pinot.core.indexsegment.generator.SegmentVersion]",
                "dst_entity_types": "[org.apache.pinot.segment.spi.creator.SegmentVersion]"
              }
            }
          ]
        }
      ]
    },
    {
      "revision": "98faf2bfac7ec69ced93eec25cf57237a911c560",
      "repairability": [
        {
          "tool-name": "Nopol",
          "pattern-name": "Nopol:if_condition_upd_deep",
          "Unified_Diff_of-files:": "Starts Below...",
          "CHANGE_old:": "import org.apache.pinot.core.segment.name.NormalizedDateSegmentNameGenerator;",
          "CHANGE_new:": "import org.apache.pinot.segment.spi.creator.name.NormalizedDateSegmentNameGenerator;",
          "instance_detail": [
            {
              "pattern_action": "ANY",
              "pattern_entity": {
                "entity_type": "*",
                "entity_new value": "*",
                "entity_role": "*",
                "entity_parent": {
                  "entity_type": "*",
                  "entity_new value": "*",
                  "entity_role": "condition",
                  "entity_parent": {
                    "entity_type": "If",
                    "entity_new value": "*",
                    "entity_role": "*",
                    "entity_parent": "null"
                  }
                }
              },
              "concrete_change": {
                "operator": "UPD",
                "src_type": "TypeAccess",
                "dst_type": "TypeAccess",
                "src": "org.apache.pinot.core.common.Constants",
                "dst": "org.apache.pinot.segment.spi.Constants",
                "src_parent_type": "FieldRead",
                "dst_parent_type": "FieldRead",
                "src_parent": "(org.apache.pinot.core.common.Constants.EOF)",
                "dst_parent": "(org.apache.pinot.segment.spi.Constants.EOF)"
              },
              "stats": {
                "number_of_src_entities": 3,
                "number_of_dst_entities": 3,
                "src_entity_types": "[org.apache.pinot.core.common.Constants]",
                "dst_entity_types": "[org.apache.pinot.segment.spi.Constants]"
              }
            }
          ]
        }
      ]
    },
    {
      "revision": "98faf2bfac7ec69ced93eec25cf57237a911c560",
      "repairability": [
        {
          "tool-name": "Nopol",
          "pattern-name": "Nopol:if_condition_upd_deep",
          "Unified_Diff_of-files:": "Starts Below...",
          "CHANGE_old:": "import org.apache.pinot.core.segment.name.NormalizedDateSegmentNameGenerator;",
          "CHANGE_new:": "import org.apache.pinot.segment.spi.creator.name.NormalizedDateSegmentNameGenerator;",
          "instance_detail": [
            {
              "pattern_action": "ANY",
              "pattern_entity": {
                "entity_type": "*",
                "entity_new value": "*",
                "entity_role": "*",
                "entity_parent": {
                  "entity_type": "*",
                  "entity_new value": "*",
                  "entity_role": "condition",
                  "entity_parent": {
                    "entity_type": "If",
                    "entity_new value": "*",
                    "entity_role": "*",
                    "entity_parent": "null"
                  }
                }
              },
              "concrete_change": {
                "operator": "UPD",
                "src_type": "TypeAccess",
                "dst_type": "TypeAccess",
                "src": "org.apache.pinot.core.common.Constants",
                "dst": "org.apache.pinot.segment.spi.Constants",
                "src_parent_type": "FieldRead",
                "dst_parent_type": "FieldRead",
                "src_parent": "(org.apache.pinot.core.common.Constants.EOF)",
                "dst_parent": "(org.apache.pinot.segment.spi.Constants.EOF)"
              },
              "stats": {
                "number_of_src_entities": 3,
                "number_of_dst_entities": 3,
                "src_entity_types": "[org.apache.pinot.core.common.Constants]",
                "dst_entity_types": "[org.apache.pinot.segment.spi.Constants]"
              }
            }
          ]
        },
        {
          "tool-name": "Nopol",
          "pattern-name": "Nopol:if_condition_upd_deep",
          "Unified_Diff_of-files:": "Starts Below...",
          "CHANGE_old:": "import org.apache.pinot.core.segment.name.NormalizedDateSegmentNameGenerator;",
          "CHANGE_new:": "import org.apache.pinot.segment.spi.creator.name.NormalizedDateSegmentNameGenerator;",
          "instance_detail": [
            {
              "pattern_action": "ANY",
              "pattern_entity": {
                "entity_type": "*",
                "entity_new value": "*",
                "entity_role": "*",
                "entity_parent": {
                  "entity_type": "*",
                  "entity_new value": "*",
                  "entity_role": "condition",
                  "entity_parent": {
                    "entity_type": "If",
                    "entity_new value": "*",
                    "entity_role": "*",
                    "entity_parent": "null"
                  }
                }
              },
              "concrete_change": {
                "operator": "UPD",
                "src_type": "TypeAccess",
                "dst_type": "TypeAccess",
                "src": "org.apache.pinot.core.common.Constants",
                "dst": "org.apache.pinot.segment.spi.Constants",
                "src_parent_type": "FieldRead",
                "dst_parent_type": "FieldRead",
                "src_parent": "(org.apache.pinot.core.common.Constants.EOF)",
                "dst_parent": "(org.apache.pinot.segment.spi.Constants.EOF)"
              },
              "stats": {
                "number_of_src_entities": 3,
                "number_of_dst_entities": 3,
                "src_entity_types": "[org.apache.pinot.core.common.Constants]",
                "dst_entity_types": "[org.apache.pinot.segment.spi.Constants]"
              }
            }
          ]
        },
        {
          "tool-name": "Nopol",
          "pattern-name": "Nopol:if_condition_upd_deep",
          "Unified_Diff_of-files:": "Starts Below...",
          "CHANGE_old:": "import org.apache.pinot.core.segment.name.NormalizedDateSegmentNameGenerator;",
          "CHANGE_new:": "import org.apache.pinot.segment.spi.creator.name.NormalizedDateSegmentNameGenerator;",
          "instance_detail": [
            {
              "pattern_action": "ANY",
              "pattern_entity": {
                "entity_type": "*",
                "entity_new value": "*",
                "entity_role": "*",
                "entity_parent": {
                  "entity_type": "*",
                  "entity_new value": "*",
                  "entity_role": "condition",
                  "entity_parent": {
                    "entity_type": "If",
                    "entity_new value": "*",
                    "entity_role": "*",
                    "entity_parent": "null"
                  }
                }
              },
              "concrete_change": {
                "operator": "UPD",
                "src_type": "TypeAccess",
                "dst_type": "TypeAccess",
                "src": "org.apache.pinot.core.common.Constants",
                "dst": "org.apache.pinot.segment.spi.Constants",
                "src_parent_type": "FieldRead",
                "dst_parent_type": "FieldRead",
                "src_parent": "(org.apache.pinot.core.common.Constants.EOF)",
                "dst_parent": "(org.apache.pinot.segment.spi.Constants.EOF)"
              },
              "stats": {
                "number_of_src_entities": 3,
                "number_of_dst_entities": 3,
                "src_entity_types": "[org.apache.pinot.core.common.Constants]",
                "dst_entity_types": "[org.apache.pinot.segment.spi.Constants]"
              }
            }
          ]
        }
      ]
    },
    {
      "revision": "98faf2bfac7ec69ced93eec25cf57237a911c560",
      "repairability": [
        {
          "tool-name": "Nopol",
          "pattern-name": "Nopol:if_condition_upd_deep",
          "Unified_Diff_of-files:": "Starts Below...",
          "CHANGE_old:": "import org.apache.pinot.core.segment.name.NormalizedDateSegmentNameGenerator;",
          "CHANGE_new:": "import org.apache.pinot.segment.spi.creator.name.NormalizedDateSegmentNameGenerator;",
          "instance_detail": [
            {
              "pattern_action": "ANY",
              "pattern_entity": {
                "entity_type": "*",
                "entity_new value": "*",
                "entity_role": "*",
                "entity_parent": {
                  "entity_type": "*",
                  "entity_new value": "*",
                  "entity_role": "condition",
                  "entity_parent": {
                    "entity_type": "If",
                    "entity_new value": "*",
                    "entity_role": "*",
                    "entity_parent": "null"
                  }
                }
              },
              "concrete_change": {
                "operator": "UPD",
                "src_type": "TypeAccess",
                "dst_type": "TypeAccess",
                "src": "org.apache.pinot.core.common.Constants",
                "dst": "org.apache.pinot.segment.spi.Constants",
                "src_parent_type": "FieldRead",
                "dst_parent_type": "FieldRead",
                "src_parent": "(org.apache.pinot.core.common.Constants.EOF)",
                "dst_parent": "(org.apache.pinot.segment.spi.Constants.EOF)"
              },
              "stats": {
                "number_of_src_entities": 3,
                "number_of_dst_entities": 3,
                "src_entity_types": "[org.apache.pinot.core.common.Constants]",
                "dst_entity_types": "[org.apache.pinot.segment.spi.Constants]"
              }
            }
          ]
        },
        {
          "tool-name": "Nopol",
          "pattern-name": "Nopol:if_condition_upd_deep",
          "Unified_Diff_of-files:": "Starts Below...",
          "CHANGE_old:": "import org.apache.pinot.core.segment.name.NormalizedDateSegmentNameGenerator;",
          "CHANGE_new:": "import org.apache.pinot.segment.spi.creator.name.NormalizedDateSegmentNameGenerator;",
          "instance_detail": [
            {
              "pattern_action": "ANY",
              "pattern_entity": {
                "entity_type": "*",
                "entity_new value": "*",
                "entity_role": "*",
                "entity_parent": {
                  "entity_type": "*",
                  "entity_new value": "*",
                  "entity_role": "condition",
                  "entity_parent": {
                    "entity_type": "If",
                    "entity_new value": "*",
                    "entity_role": "*",
                    "entity_parent": "null"
                  }
                }
              },
              "concrete_change": {
                "operator": "UPD",
                "src_type": "TypeAccess",
                "dst_type": "TypeAccess",
                "src": "org.apache.pinot.core.common.Constants",
                "dst": "org.apache.pinot.segment.spi.Constants",
                "src_parent_type": "FieldRead",
                "dst_parent_type": "FieldRead",
                "src_parent": "(org.apache.pinot.core.common.Constants.EOF)",
                "dst_parent": "(org.apache.pinot.segment.spi.Constants.EOF)"
              },
              "stats": {
                "number_of_src_entities": 3,
                "number_of_dst_entities": 3,
                "src_entity_types": "[org.apache.pinot.core.common.Constants]",
                "dst_entity_types": "[org.apache.pinot.segment.spi.Constants]"
              }
            }
          ]
        }
      ]
    },
    {
      "revision": "98faf2bfac7ec69ced93eec25cf57237a911c560",
      "repairability": [
        {
          "tool-name": "Nopol",
          "pattern-name": "Nopol:if_condition_upd_deep",
          "Unified_Diff_of-files:": "Starts Below...",
          "CHANGE_old:": "import org.apache.pinot.core.segment.name.NormalizedDateSegmentNameGenerator;",
          "CHANGE_new:": "import org.apache.pinot.segment.spi.creator.name.NormalizedDateSegmentNameGenerator;",
          "instance_detail": [
            {
              "pattern_action": "ANY",
              "pattern_entity": {
                "entity_type": "*",
                "entity_new value": "*",
                "entity_role": "*",
                "entity_parent": {
                  "entity_type": "*",
                  "entity_new value": "*",
                  "entity_role": "condition",
                  "entity_parent": {
                    "entity_type": "If",
                    "entity_new value": "*",
                    "entity_role": "*",
                    "entity_parent": "null"
                  }
                }
              },
              "concrete_change": {
                "operator": "UPD",
                "src_type": "TypeAccess",
                "dst_type": "TypeAccess",
                "src": "org.apache.pinot.core.indexsegment.generator.SegmentVersion",
                "dst": "org.apache.pinot.segment.spi.creator.SegmentVersion",
                "src_parent_type": "FieldRead",
                "dst_parent_type": "FieldRead",
                "src_parent": "(org.apache.pinot.core.indexsegment.generator.SegmentVersion.v3)",
                "dst_parent": "(org.apache.pinot.segment.spi.creator.SegmentVersion.v3)"
              },
              "stats": {
                "number_of_src_entities": 3,
                "number_of_dst_entities": 3,
                "src_entity_types": "[org.apache.pinot.core.indexsegment.generator.SegmentVersion]",
                "dst_entity_types": "[org.apache.pinot.segment.spi.creator.SegmentVersion]"
              }
            }
          ]
        }
      ]
    },
    {
      "revision": "98faf2bfac7ec69ced93eec25cf57237a911c560",
      "repairability": [
        {
          "tool-name": "Nopol",
          "pattern-name": "Nopol:if_condition_upd_deep",
          "Unified_Diff_of-files:": "Starts Below...",
          "CHANGE_old:": "import org.apache.pinot.core.segment.name.NormalizedDateSegmentNameGenerator;",
          "CHANGE_new:": "import org.apache.pinot.segment.spi.creator.name.NormalizedDateSegmentNameGenerator;",
          "instance_detail": [
            {
              "pattern_action": "ANY",
              "pattern_entity": {
                "entity_type": "*",
                "entity_new value": "*",
                "entity_role": "*",
                "entity_parent": {
                  "entity_type": "*",
                  "entity_new value": "*",
                  "entity_role": "condition",
                  "entity_parent": {
                    "entity_type": "If",
                    "entity_new value": "*",
                    "entity_role": "*",
                    "entity_parent": "null"
                  }
                }
              },
              "concrete_change": {
                "operator": "UPD",
                "src_type": "TypeAccess",
                "dst_type": "TypeAccess",
                "src": "org.apache.pinot.core.indexsegment.generator.SegmentVersion",
                "dst": "org.apache.pinot.segment.spi.creator.SegmentVersion",
                "src_parent_type": "FieldRead",
                "dst_parent_type": "FieldRead",
                "src_parent": "(org.apache.pinot.core.indexsegment.generator.SegmentVersion.v3)",
                "dst_parent": "(org.apache.pinot.segment.spi.creator.SegmentVersion.v3)"
              },
              "stats": {
                "number_of_src_entities": 3,
                "number_of_dst_entities": 3,
                "src_entity_types": "[org.apache.pinot.core.indexsegment.generator.SegmentVersion]",
                "dst_entity_types": "[org.apache.pinot.segment.spi.creator.SegmentVersion]"
              }
            }
          ]
        },
        {
          "tool-name": "Nopol",
          "pattern-name": "Nopol:if_condition_upd_deep",
          "Unified_Diff_of-files:": "Starts Below...",
          "CHANGE_old:": "import org.apache.pinot.core.segment.name.NormalizedDateSegmentNameGenerator;",
          "CHANGE_new:": "import org.apache.pinot.segment.spi.creator.name.NormalizedDateSegmentNameGenerator;",
          "instance_detail": [
            {
              "pattern_action": "ANY",
              "pattern_entity": {
                "entity_type": "*",
                "entity_new value": "*",
                "entity_role": "*",
                "entity_parent": {
                  "entity_type": "*",
                  "entity_new value": "*",
                  "entity_role": "condition",
                  "entity_parent": {
                    "entity_type": "If",
                    "entity_new value": "*",
                    "entity_role": "*",
                    "entity_parent": "null"
                  }
                }
              },
              "concrete_change": {
                "operator": "UPD",
                "src_type": "TypeAccess",
                "dst_type": "TypeAccess",
                "src": "org.apache.pinot.core.indexsegment.generator.SegmentVersion",
                "dst": "org.apache.pinot.segment.spi.creator.SegmentVersion",
                "src_parent_type": "FieldRead",
                "dst_parent_type": "FieldRead",
                "src_parent": "(org.apache.pinot.core.indexsegment.generator.SegmentVersion.v1)",
                "dst_parent": "(org.apache.pinot.segment.spi.creator.SegmentVersion.v1)"
              },
              "stats": {
                "number_of_src_entities": 3,
                "number_of_dst_entities": 3,
                "src_entity_types": "[org.apache.pinot.core.indexsegment.generator.SegmentVersion]",
                "dst_entity_types": "[org.apache.pinot.segment.spi.creator.SegmentVersion]"
              }
            }
          ]
        }
      ]
    },
    {
      "revision": "98faf2bfac7ec69ced93eec25cf57237a911c560",
      "repairability": [
        {
          "tool-name": "Nopol",
          "pattern-name": "Nopol:if_condition_upd_deep",
          "Unified_Diff_of-files:": "Starts Below...",
          "CHANGE_old:": "import org.apache.pinot.core.segment.name.NormalizedDateSegmentNameGenerator;",
          "CHANGE_new:": "import org.apache.pinot.segment.spi.creator.name.NormalizedDateSegmentNameGenerator;",
          "instance_detail": [
            {
              "pattern_action": "ANY",
              "pattern_entity": {
                "entity_type": "*",
                "entity_new value": "*",
                "entity_role": "*",
                "entity_parent": {
                  "entity_type": "*",
                  "entity_new value": "*",
                  "entity_role": "condition",
                  "entity_parent": {
                    "entity_type": "If",
                    "entity_new value": "*",
                    "entity_role": "*",
                    "entity_parent": "null"
                  }
                }
              },
              "concrete_change": {
                "operator": "UPD",
                "src_type": "TypeAccess",
                "dst_type": "TypeAccess",
                "src": "org.apache.pinot.core.indexsegment.mutable.MutableSegment",
                "dst": "org.apache.pinot.segment.spi.MutableSegment",
                "src_parent_type": "BinaryOperator",
                "dst_parent_type": "BinaryOperator",
                "src_parent": "indexSegment instanceof org.apache.pinot.core.indexsegment.mutable.MutableSegment",
                "dst_parent": "indexSegment instanceof org.apache.pinot.segment.spi.MutableSegment"
              },
              "line": 183,
              "file": "/home/khesoem/projects/lighter/exp/pinot-core/src/main/java/org/apache/pinot/core/query/executor/ServerQueryExecutorV1Impl.java",
              "stats": {
                "number_of_src_entities": 3,
                "number_of_dst_entities": 3,
                "src_entity_types": "[org.apache.pinot.core.indexsegment.mutable.MutableSegment]",
                "dst_entity_types": "[org.apache.pinot.segment.spi.MutableSegment]"
              }
            }
          ]
        }
      ]
    },
    {
      "revision": "98faf2bfac7ec69ced93eec25cf57237a911c560",
      "repairability": [
        {
          "tool-name": "Nopol",
          "pattern-name": "Nopol:if_condition_upd_deep",
          "Unified_Diff_of-files:": "Starts Below...",
          "CHANGE_old:": "import org.apache.pinot.core.segment.name.NormalizedDateSegmentNameGenerator;",
          "CHANGE_new:": "import org.apache.pinot.segment.spi.creator.name.NormalizedDateSegmentNameGenerator;",
          "instance_detail": [
            {
              "pattern_action": "ANY",
              "pattern_entity": {
                "entity_type": "*",
                "entity_new value": "*",
                "entity_role": "*",
                "entity_parent": {
                  "entity_type": "*",
                  "entity_new value": "*",
                  "entity_role": "condition",
                  "entity_parent": {
                    "entity_type": "If",
                    "entity_new value": "*",
                    "entity_role": "*",
                    "entity_parent": "null"
                  }
                }
              },
              "concrete_change": {
                "operator": "UPD",
                "src_type": "TypeAccess",
                "dst_type": "TypeAccess",
                "src": "org.apache.pinot.core.indexsegment.generator.SegmentVersion",
                "dst": "org.apache.pinot.segment.spi.creator.SegmentVersion",
                "src_parent_type": "FieldRead",
                "dst_parent_type": "FieldRead",
                "src_parent": "(org.apache.pinot.core.indexsegment.generator.SegmentVersion.v3)",
                "dst_parent": "(org.apache.pinot.segment.spi.creator.SegmentVersion.v3)"
              },
              "stats": {
                "number_of_src_entities": 3,
                "number_of_dst_entities": 3,
                "src_entity_types": "[org.apache.pinot.core.indexsegment.generator.SegmentVersion]",
                "dst_entity_types": "[org.apache.pinot.segment.spi.creator.SegmentVersion]"
              }
            }
          ]
        }
      ]
    },
    {
      "revision": "98faf2bfac7ec69ced93eec25cf57237a911c560",
      "repairability": [
        {
          "tool-name": "Nopol",
          "pattern-name": "Nopol:if_condition_upd_deep",
          "Unified_Diff_of-files:": "Starts Below...",
          "CHANGE_old:": "import org.apache.pinot.core.segment.name.NormalizedDateSegmentNameGenerator;",
          "CHANGE_new:": "import org.apache.pinot.segment.spi.creator.name.NormalizedDateSegmentNameGenerator;",
          "instance_detail": [
            {
              "pattern_action": "ANY",
              "pattern_entity": {
                "entity_type": "*",
                "entity_new value": "*",
                "entity_role": "*",
                "entity_parent": {
                  "entity_type": "*",
                  "entity_new value": "*",
                  "entity_role": "condition",
                  "entity_parent": {
                    "entity_type": "If",
                    "entity_new value": "*",
                    "entity_role": "*",
                    "entity_parent": "null"
                  }
                }
              },
              "concrete_change": {
                "operator": "UPD",
                "src_type": "TypeAccess",
                "dst_type": "TypeAccess",
                "src": "org.apache.pinot.core.indexsegment.generator.SegmentVersion",
                "dst": "org.apache.pinot.segment.spi.creator.SegmentVersion",
                "src_parent_type": "FieldRead",
                "dst_parent_type": "FieldRead",
                "src_parent": "(org.apache.pinot.core.indexsegment.generator.SegmentVersion.v3)",
                "dst_parent": "(org.apache.pinot.segment.spi.creator.SegmentVersion.v3)"
              },
              "stats": {
                "number_of_src_entities": 3,
                "number_of_dst_entities": 3,
                "src_entity_types": "[org.apache.pinot.core.indexsegment.generator.SegmentVersion]",
                "dst_entity_types": "[org.apache.pinot.segment.spi.creator.SegmentVersion]"
              }
            }
          ]
        }
      ]
    },
    {
      "revision": "98faf2bfac7ec69ced93eec25cf57237a911c560",
      "repairability": [
        {
          "tool-name": "Nopol",
          "pattern-name": "Nopol:if_condition_upd_deep",
          "Unified_Diff_of-files:": "Starts Below...",
          "CHANGE_old:": "import org.apache.pinot.core.segment.name.NormalizedDateSegmentNameGenerator;",
          "CHANGE_new:": "import org.apache.pinot.segment.spi.creator.name.NormalizedDateSegmentNameGenerator;",
          "instance_detail": [
            {
              "pattern_action": "ANY",
              "pattern_entity": {
                "entity_type": "*",
                "entity_new value": "*",
                "entity_role": "*",
                "entity_parent": {
                  "entity_type": "*",
                  "entity_new value": "*",
                  "entity_role": "condition",
                  "entity_parent": {
                    "entity_type": "If",
                    "entity_new value": "*",
                    "entity_role": "*",
                    "entity_parent": "null"
                  }
                }
              },
              "concrete_change": {
                "operator": "UPD",
                "src_type": "TypeAccess",
                "dst_type": "TypeAccess",
                "src": "org.apache.pinot.core.indexsegment.generator.SegmentVersion",
                "dst": "org.apache.pinot.segment.spi.creator.SegmentVersion",
                "src_parent_type": "FieldRead",
                "dst_parent_type": "FieldRead",
                "src_parent": "(org.apache.pinot.core.indexsegment.generator.SegmentVersion.v3)",
                "dst_parent": "(org.apache.pinot.segment.spi.creator.SegmentVersion.v3)"
              },
              "stats": {
                "number_of_src_entities": 3,
                "number_of_dst_entities": 3,
                "src_entity_types": "[org.apache.pinot.core.indexsegment.generator.SegmentVersion]",
                "dst_entity_types": "[org.apache.pinot.segment.spi.creator.SegmentVersion]"
              }
            }
          ]
        }
      ]
    },
    {
      "revision": "98faf2bfac7ec69ced93eec25cf57237a911c560",
      "repairability": [
        {
          "tool-name": "Nopol",
          "pattern-name": "Nopol:if_condition_upd_deep",
          "Unified_Diff_of-files:": "Starts Below...",
          "CHANGE_old:": "import org.apache.pinot.core.segment.name.NormalizedDateSegmentNameGenerator;",
          "CHANGE_new:": "import org.apache.pinot.segment.spi.creator.name.NormalizedDateSegmentNameGenerator;",
          "instance_detail": [
            {
              "pattern_action": "ANY",
              "pattern_entity": {
                "entity_type": "*",
                "entity_new value": "*",
                "entity_role": "*",
                "entity_parent": {
                  "entity_type": "*",
                  "entity_new value": "*",
                  "entity_role": "condition",
                  "entity_parent": {
                    "entity_type": "If",
                    "entity_new value": "*",
                    "entity_role": "*",
                    "entity_parent": "null"
                  }
                }
              },
              "concrete_change": {
                "operator": "UPD",
                "src_type": "TypeAccess",
                "dst_type": "TypeAccess",
                "src": "org.apache.pinot.common.function.AggregationFunctionType",
                "dst": "org.apache.pinot.segment.spi.AggregationFunctionType",
                "src_parent_type": "FieldRead",
                "dst_parent_type": "FieldRead",
                "src_parent": "(org.apache.pinot.common.function.AggregationFunctionType.DISTINCT)",
                "dst_parent": "(org.apache.pinot.segment.spi.AggregationFunctionType.DISTINCT)"
              },
              "stats": {
                "number_of_src_entities": 3,
                "number_of_dst_entities": 3,
                "src_entity_types": "[org.apache.pinot.common.function.AggregationFunctionType]",
                "dst_entity_types": "[org.apache.pinot.segment.spi.AggregationFunctionType]"
              }
            }
          ]
        }
      ]
    },
    {
      "revision": "98faf2bfac7ec69ced93eec25cf57237a911c560",
      "repairability": [
        {
          "tool-name": "Nopol",
          "pattern-name": "Nopol:if_condition_upd_deep",
          "Unified_Diff_of-files:": "Starts Below...",
          "CHANGE_old:": "import org.apache.pinot.core.segment.name.NormalizedDateSegmentNameGenerator;",
          "CHANGE_new:": "import org.apache.pinot.segment.spi.creator.name.NormalizedDateSegmentNameGenerator;",
          "instance_detail": [
            {
              "pattern_action": "ANY",
              "pattern_entity": {
                "entity_type": "*",
                "entity_new value": "*",
                "entity_role": "*",
                "entity_parent": {
                  "entity_type": "*",
                  "entity_new value": "*",
                  "entity_role": "condition",
                  "entity_parent": {
                    "entity_type": "If",
                    "entity_new value": "*",
                    "entity_role": "*",
                    "entity_parent": "null"
                  }
                }
              },
              "concrete_change": {
                "operator": "UPD",
                "src_type": "TypeAccess",
                "dst_type": "TypeAccess",
                "src": "org.apache.pinot.common.function.AggregationFunctionType",
                "dst": "org.apache.pinot.segment.spi.AggregationFunctionType",
                "src_parent_type": "FieldRead",
                "dst_parent_type": "FieldRead",
                "src_parent": "(org.apache.pinot.common.function.AggregationFunctionType.COUNT)",
                "dst_parent": "(org.apache.pinot.segment.spi.AggregationFunctionType.COUNT)"
              },
              "stats": {
                "number_of_src_entities": 3,
                "number_of_dst_entities": 3,
                "src_entity_types": "[org.apache.pinot.common.function.AggregationFunctionType]",
                "dst_entity_types": "[org.apache.pinot.segment.spi.AggregationFunctionType]"
              }
            }
          ]
        },
        {
          "tool-name": "Nopol",
          "pattern-name": "Nopol:if_condition_upd_deep",
          "Unified_Diff_of-files:": "Starts Below...",
          "CHANGE_old:": "import org.apache.pinot.core.segment.name.NormalizedDateSegmentNameGenerator;",
          "CHANGE_new:": "import org.apache.pinot.segment.spi.creator.name.NormalizedDateSegmentNameGenerator;",
          "instance_detail": [
            {
              "pattern_action": "ANY",
              "pattern_entity": {
                "entity_type": "*",
                "entity_new value": "*",
                "entity_role": "*",
                "entity_parent": {
                  "entity_type": "*",
                  "entity_new value": "*",
                  "entity_role": "condition",
                  "entity_parent": {
                    "entity_type": "If",
                    "entity_new value": "*",
                    "entity_role": "*",
                    "entity_parent": "null"
                  }
                }
              },
              "concrete_change": {
                "operator": "UPD",
                "src_type": "TypeAccess",
                "dst_type": "TypeAccess",
                "src": "org.apache.pinot.core.startree.StarTreeNode",
                "dst": "org.apache.pinot.segment.spi.index.startree.StarTreeNode",
                "src_parent_type": "FieldRead",
                "dst_parent_type": "FieldRead",
                "src_parent": "(org.apache.pinot.core.startree.StarTreeNode.ALL)",
                "dst_parent": "(org.apache.pinot.segment.spi.index.startree.StarTreeNode.ALL)"
              },
              "stats": {
                "number_of_src_entities": 3,
                "number_of_dst_entities": 3,
                "src_entity_types": "[org.apache.pinot.core.startree.StarTreeNode]",
                "dst_entity_types": "[org.apache.pinot.segment.spi.index.startree.StarTreeNode]"
              }
            }
          ]
        }
      ]
    },
    {
      "revision": "98faf2bfac7ec69ced93eec25cf57237a911c560",
      "repairability": [
        {
          "tool-name": "Nopol",
          "pattern-name": "Nopol:if_condition_upd_deep",
          "Unified_Diff_of-files:": "Starts Below...",
          "CHANGE_old:": "import org.apache.pinot.core.segment.name.NormalizedDateSegmentNameGenerator;",
          "CHANGE_new:": "import org.apache.pinot.segment.spi.creator.name.NormalizedDateSegmentNameGenerator;",
          "instance_detail": [
            {
              "pattern_action": "ANY",
              "pattern_entity": {
                "entity_type": "*",
                "entity_new value": "*",
                "entity_role": "*",
                "entity_parent": {
                  "entity_type": "*",
                  "entity_new value": "*",
                  "entity_role": "condition",
                  "entity_parent": {
                    "entity_type": "If",
                    "entity_new value": "*",
                    "entity_role": "*",
                    "entity_parent": "null"
                  }
                }
              },
              "concrete_change": {
                "operator": "UPD",
                "src_type": "TypeAccess",
                "dst_type": "TypeAccess",
                "src": "org.apache.pinot.common.function.AggregationFunctionType",
                "dst": "org.apache.pinot.segment.spi.AggregationFunctionType",
                "src_parent_type": "FieldRead",
                "dst_parent_type": "FieldRead",
                "src_parent": "(org.apache.pinot.common.function.AggregationFunctionType.COUNT)",
                "dst_parent": "(org.apache.pinot.segment.spi.AggregationFunctionType.COUNT)"
              },
              "stats": {
                "number_of_src_entities": 3,
                "number_of_dst_entities": 3,
                "src_entity_types": "[org.apache.pinot.common.function.AggregationFunctionType]",
                "dst_entity_types": "[org.apache.pinot.segment.spi.AggregationFunctionType]"
              }
            }
          ]
        }
      ]
    },
    {
      "revision": "98faf2bfac7ec69ced93eec25cf57237a911c560",
      "repairability": [
        {
          "tool-name": "Nopol",
          "pattern-name": "Nopol:if_condition_upd_deep",
          "Unified_Diff_of-files:": "Starts Below...",
          "CHANGE_old:": "import org.apache.pinot.core.segment.name.NormalizedDateSegmentNameGenerator;",
          "CHANGE_new:": "import org.apache.pinot.segment.spi.creator.name.NormalizedDateSegmentNameGenerator;",
          "instance_detail": [
            {
              "pattern_action": "ANY",
              "pattern_entity": {
                "entity_type": "*",
                "entity_new value": "*",
                "entity_role": "*",
                "entity_parent": {
                  "entity_type": "*",
                  "entity_new value": "*",
                  "entity_role": "condition",
                  "entity_parent": {
                    "entity_type": "If",
                    "entity_new value": "*",
                    "entity_role": "*",
                    "entity_parent": "null"
                  }
                }
              },
              "concrete_change": {
                "operator": "UPD",
                "src_type": "TypeAccess",
                "dst_type": "TypeAccess",
                "src": "org.apache.pinot.core.indexsegment.generator.SegmentVersion",
                "dst": "org.apache.pinot.segment.spi.creator.SegmentVersion",
                "src_parent_type": "FieldRead",
                "dst_parent_type": "FieldRead",
                "src_parent": "(org.apache.pinot.core.indexsegment.generator.SegmentVersion.v3)",
                "dst_parent": "(org.apache.pinot.segment.spi.creator.SegmentVersion.v3)"
              },
              "stats": {
                "number_of_src_entities": 3,
                "number_of_dst_entities": 3,
                "src_entity_types": "[org.apache.pinot.core.indexsegment.generator.SegmentVersion]",
                "dst_entity_types": "[org.apache.pinot.segment.spi.creator.SegmentVersion]"
              }
            }
          ]
        }
      ]
    },
    {
      "revision": "98faf2bfac7ec69ced93eec25cf57237a911c560",
      "repairability": [
        {
          "tool-name": "Nopol",
          "pattern-name": "Nopol:if_condition_upd_deep",
          "Unified_Diff_of-files:": "Starts Below...",
          "CHANGE_old:": "import org.apache.pinot.core.segment.name.NormalizedDateSegmentNameGenerator;",
          "CHANGE_new:": "import org.apache.pinot.segment.spi.creator.name.NormalizedDateSegmentNameGenerator;",
          "instance_detail": [
            {
              "pattern_action": "ANY",
              "pattern_entity": {
                "entity_type": "*",
                "entity_new value": "*",
                "entity_role": "*",
                "entity_parent": {
                  "entity_type": "*",
                  "entity_new value": "*",
                  "entity_role": "condition",
                  "entity_parent": {
                    "entity_type": "If",
                    "entity_new value": "*",
                    "entity_role": "*",
                    "entity_parent": "null"
                  }
                }
              },
              "concrete_change": {
                "operator": "INS",
                "src_type": "ThisAccess",
                "dst_type": "null",
                "src": "this",
                "dst": "null",
                "src_parent_type": "FieldRead",
                "dst_parent_type": "null",
                "src_parent": "(this.partitionFunction)",
                "dst_parent": "null"
              },
              "line": 72,
              "file": "/home/khesoem/projects/lighter/exp/pinot-core/src/main/java/org/apache/pinot/core/segment/creator/impl/stats/AbstractColumnStatisticsCollector.java",
              "stats": {
                "number_of_src_entities": 6,
                "number_of_dst_entities": -1,
                "src_entity_types": "[org.apache.pinot.core.segment.creator.impl.stats.AbstractColumnStatisticsCollector]",
                "dst_entity_types": "[]"
              }
            }
          ]
        }
      ]
    },
    {
      "revision": "98faf2bfac7ec69ced93eec25cf57237a911c560",
      "repairability": [
        {
          "tool-name": "Nopol",
          "pattern-name": "Nopol:if_condition_upd_deep",
          "Unified_Diff_of-files:": "Starts Below...",
          "CHANGE_old:": "import org.apache.pinot.core.segment.name.NormalizedDateSegmentNameGenerator;",
          "CHANGE_new:": "import org.apache.pinot.segment.spi.creator.name.NormalizedDateSegmentNameGenerator;",
          "instance_detail": [
            {
              "pattern_action": "ANY",
              "pattern_entity": {
                "entity_type": "*",
                "entity_new value": "*",
                "entity_role": "*",
                "entity_parent": {
                  "entity_type": "*",
                  "entity_new value": "*",
                  "entity_role": "condition",
                  "entity_parent": {
                    "entity_type": "If",
                    "entity_new value": "*",
                    "entity_role": "*",
                    "entity_parent": "null"
                  }
                }
              },
              "concrete_change": {
                "operator": "UPD",
                "src_type": "TypeAccess",
                "dst_type": "TypeAccess",
                "src": "org.apache.pinot.core.startree.v2.AggregationFunctionColumnPair",
                "dst": "org.apache.pinot.segment.spi.index.startree.AggregationFunctionColumnPair",
                "src_parent_type": "BinaryOperator",
                "dst_parent_type": "BinaryOperator",
                "src_parent": "obj instanceof org.apache.pinot.core.startree.v2.AggregationFunctionColumnPair",
                "dst_parent": "obj instanceof org.apache.pinot.segment.spi.index.startree.AggregationFunctionColumnPair"
              },
              "line": 78,
              "file": "/home/khesoem/projects/lighter/exp/pinot-core/src/main/java/org/apache/pinot/core/startree/v2/AggregationFunctionColumnPair.java",
              "stats": {
                "number_of_src_entities": 3,
                "number_of_dst_entities": 3,
                "src_entity_types": "[org.apache.pinot.core.startree.v2.AggregationFunctionColumnPair]",
                "dst_entity_types": "[org.apache.pinot.segment.spi.index.startree.AggregationFunctionColumnPair]"
              }
            }
          ]
        },
        {
          "tool-name": "Nopol",
          "pattern-name": "Nopol:if_condition_upd_deep",
          "Unified_Diff_of-files:": "Starts Below...",
          "CHANGE_old:": "import org.apache.pinot.core.segment.name.NormalizedDateSegmentNameGenerator;",
          "CHANGE_new:": "import org.apache.pinot.segment.spi.creator.name.NormalizedDateSegmentNameGenerator;",
          "instance_detail": [
            {
              "pattern_action": "ANY",
              "pattern_entity": {
                "entity_type": "*",
                "entity_new value": "*",
                "entity_role": "*",
                "entity_parent": {
                  "entity_type": "*",
                  "entity_new value": "*",
                  "entity_role": "condition",
                  "entity_parent": {
                    "entity_type": "If",
                    "entity_new value": "*",
                    "entity_role": "*",
                    "entity_parent": "null"
                  }
                }
              },
              "concrete_change": {
                "operator": "UPD",
                "src_type": "TypeAccess",
                "dst_type": "TypeAccess",
                "src": "org.apache.pinot.common.function.AggregationFunctionType",
                "dst": "org.apache.pinot.segment.spi.AggregationFunctionType",
                "src_parent_type": "FieldRead",
                "dst_parent_type": "FieldRead",
                "src_parent": "(org.apache.pinot.common.function.AggregationFunctionType.COUNT)",
                "dst_parent": "(org.apache.pinot.segment.spi.AggregationFunctionType.COUNT)"
              },
              "stats": {
                "number_of_src_entities": 3,
                "number_of_dst_entities": 3,
                "src_entity_types": "[org.apache.pinot.common.function.AggregationFunctionType]",
                "dst_entity_types": "[org.apache.pinot.segment.spi.AggregationFunctionType]"
              }
            }
          ]
        },
        {
          "tool-name": "Nopol",
          "pattern-name": "Nopol:if_condition_upd_deep",
          "Unified_Diff_of-files:": "Starts Below...",
          "CHANGE_old:": "import org.apache.pinot.core.segment.name.NormalizedDateSegmentNameGenerator;",
          "CHANGE_new:": "import org.apache.pinot.segment.spi.creator.name.NormalizedDateSegmentNameGenerator;",
          "instance_detail": [
            {
              "pattern_action": "ANY",
              "pattern_entity": {
                "entity_type": "*",
                "entity_new value": "*",
                "entity_role": "*",
                "entity_parent": {
                  "entity_type": "*",
                  "entity_new value": "*",
                  "entity_role": "condition",
                  "entity_parent": {
                    "entity_type": "If",
                    "entity_new value": "*",
                    "entity_role": "*",
                    "entity_parent": "null"
                  }
                }
              },
              "concrete_change": {
                "operator": "UPD",
                "src_type": "TypeAccess",
                "dst_type": "TypeAccess",
                "src": "org.apache.pinot.common.function.AggregationFunctionType",
                "dst": "org.apache.pinot.segment.spi.AggregationFunctionType",
                "src_parent_type": "FieldRead",
                "dst_parent_type": "FieldRead",
                "src_parent": "(org.apache.pinot.common.function.AggregationFunctionType.COUNT)",
                "dst_parent": "(org.apache.pinot.segment.spi.AggregationFunctionType.COUNT)"
              },
              "stats": {
                "number_of_src_entities": 3,
                "number_of_dst_entities": 3,
                "src_entity_types": "[org.apache.pinot.common.function.AggregationFunctionType]",
                "dst_entity_types": "[org.apache.pinot.segment.spi.AggregationFunctionType]"
              }
            }
          ]
        },
        {
          "tool-name": "Nopol",
          "pattern-name": "Nopol:if_condition_upd_deep",
          "Unified_Diff_of-files:": "Starts Below...",
          "CHANGE_old:": "import org.apache.pinot.core.segment.name.NormalizedDateSegmentNameGenerator;",
          "CHANGE_new:": "import org.apache.pinot.segment.spi.creator.name.NormalizedDateSegmentNameGenerator;",
          "instance_detail": [
            {
              "pattern_action": "ANY",
              "pattern_entity": {
                "entity_type": "*",
                "entity_new value": "*",
                "entity_role": "*",
                "entity_parent": {
                  "entity_type": "*",
                  "entity_new value": "*",
                  "entity_role": "condition",
                  "entity_parent": {
                    "entity_type": "If",
                    "entity_new value": "*",
                    "entity_role": "*",
                    "entity_parent": "null"
                  }
                }
              },
              "concrete_change": {
                "operator": "UPD",
                "src_type": "TypeAccess",
                "dst_type": "TypeAccess",
                "src": "org.apache.pinot.core.startree.v2.AggregationFunctionColumnPair",
                "dst": "org.apache.pinot.segment.spi.index.startree.AggregationFunctionColumnPair",
                "src_parent_type": "ThisAccess",
                "dst_parent_type": "ThisAccess",
                "src_parent": "(this)",
                "dst_parent": "(this)"
              },
              "stats": {
                "number_of_src_entities": 3,
                "number_of_dst_entities": 3,
                "src_entity_types": "[org.apache.pinot.core.startree.v2.AggregationFunctionColumnPair]",
                "dst_entity_types": "[org.apache.pinot.segment.spi.index.startree.AggregationFunctionColumnPair]"
              }
            }
          ]
        }
      ]
    },
    {
      "revision": "98faf2bfac7ec69ced93eec25cf57237a911c560",
      "repairability": [
        {
          "tool-name": "Nopol",
          "pattern-name": "Nopol:if_condition_upd_deep",
          "Unified_Diff_of-files:": "Starts Below...",
          "CHANGE_old:": "import org.apache.pinot.core.segment.name.NormalizedDateSegmentNameGenerator;",
          "CHANGE_new:": "import org.apache.pinot.segment.spi.creator.name.NormalizedDateSegmentNameGenerator;",
          "instance_detail": [
            {
              "pattern_action": "ANY",
              "pattern_entity": {
                "entity_type": "*",
                "entity_new value": "*",
                "entity_role": "*",
                "entity_parent": {
                  "entity_type": "*",
                  "entity_new value": "*",
                  "entity_role": "condition",
                  "entity_parent": {
                    "entity_type": "If",
                    "entity_new value": "*",
                    "entity_role": "*",
                    "entity_parent": "null"
                  }
                }
              },
              "concrete_change": {
                "operator": "UPD",
                "src_type": "TypeAccess",
                "dst_type": "TypeAccess",
                "src": "org.apache.pinot.core.segment.creator.impl.inv.geospatial.H3IndexResolution",
                "dst": "org.apache.pinot.segment.spi.index.reader.H3IndexResolution",
                "src_parent_type": "ThisAccess",
                "dst_parent_type": "ThisAccess",
                "src_parent": "",
                "dst_parent": ""
              },
              "stats": {
                "number_of_src_entities": 3,
                "number_of_dst_entities": 3,
                "src_entity_types": "[org.apache.pinot.core.segment.creator.impl.inv.geospatial.H3IndexResolution]",
                "dst_entity_types": "[org.apache.pinot.segment.spi.index.reader.H3IndexResolution]"
              }
            }
          ]
        }
      ]
    },
    {
      "revision": "98faf2bfac7ec69ced93eec25cf57237a911c560",
      "repairability": [
        {
          "tool-name": "Nopol",
          "pattern-name": "Nopol:if_condition_upd_deep",
          "Unified_Diff_of-files:": "Starts Below...",
          "CHANGE_old:": "import org.apache.pinot.core.segment.name.NormalizedDateSegmentNameGenerator;",
          "CHANGE_new:": "import org.apache.pinot.segment.spi.creator.name.NormalizedDateSegmentNameGenerator;",
          "instance_detail": [
            {
              "pattern_action": "ANY",
              "pattern_entity": {
                "entity_type": "*",
                "entity_new value": "*",
                "entity_role": "*",
                "entity_parent": {
                  "entity_type": "*",
                  "entity_new value": "*",
                  "entity_role": "condition",
                  "entity_parent": {
                    "entity_type": "If",
                    "entity_new value": "*",
                    "entity_role": "*",
                    "entity_parent": "null"
                  }
                }
              },
              "concrete_change": {
                "operator": "UPD",
                "src_type": "TypeAccess",
                "dst_type": "TypeAccess",
                "src": "org.apache.pinot.core.indexsegment.generator.SegmentVersion",
                "dst": "org.apache.pinot.segment.spi.creator.SegmentVersion",
                "src_parent_type": "FieldRead",
                "dst_parent_type": "FieldRead",
                "src_parent": "(org.apache.pinot.core.indexsegment.generator.SegmentVersion.v3)",
                "dst_parent": "(org.apache.pinot.segment.spi.creator.SegmentVersion.v3)"
              },
              "stats": {
                "number_of_src_entities": 3,
                "number_of_dst_entities": 3,
                "src_entity_types": "[org.apache.pinot.core.indexsegment.generator.SegmentVersion]",
                "dst_entity_types": "[org.apache.pinot.segment.spi.creator.SegmentVersion]"
              }
            }
          ]
        }
      ]
    },
    {
      "revision": "98faf2bfac7ec69ced93eec25cf57237a911c560",
      "repairability": [
        {
          "tool-name": "Nopol",
          "pattern-name": "Nopol:if_condition_upd_deep",
          "Unified_Diff_of-files:": "Starts Below...",
          "CHANGE_old:": "import org.apache.pinot.core.segment.name.NormalizedDateSegmentNameGenerator;",
          "CHANGE_new:": "import org.apache.pinot.segment.spi.creator.name.NormalizedDateSegmentNameGenerator;",
          "instance_detail": [
            {
              "pattern_action": "ANY",
              "pattern_entity": {
                "entity_type": "*",
                "entity_new value": "*",
                "entity_role": "*",
                "entity_parent": {
                  "entity_type": "*",
                  "entity_new value": "*",
                  "entity_role": "condition",
                  "entity_parent": {
                    "entity_type": "If",
                    "entity_new value": "*",
                    "entity_role": "*",
                    "entity_parent": "null"
                  }
                }
              },
              "concrete_change": {
                "operator": "UPD",
                "src_type": "TypeAccess",
                "dst_type": "TypeAccess",
                "src": "org.apache.pinot.core.segment.name.NormalizedDateSegmentNameGenerator",
                "dst": "org.apache.pinot.segment.spi.creator.name.NormalizedDateSegmentNameGenerator",
                "src_parent_type": "ThisAccess",
                "dst_parent_type": "ThisAccess",
                "src_parent": "",
                "dst_parent": ""
              },
              "stats": {
                "number_of_src_entities": 3,
                "number_of_dst_entities": 3,
                "src_entity_types": "[org.apache.pinot.core.segment.name.NormalizedDateSegmentNameGenerator]",
                "dst_entity_types": "[org.apache.pinot.segment.spi.creator.name.NormalizedDateSegmentNameGenerator]"
              }
            }
          ]
        },
        {
          "tool-name": "Nopol",
          "pattern-name": "Nopol:if_condition_upd_deep",
          "Unified_Diff_of-files:": "Starts Below...",
          "CHANGE_old:": "import org.apache.pinot.core.segment.name.NormalizedDateSegmentNameGenerator;",
          "CHANGE_new:": "import org.apache.pinot.segment.spi.creator.name.NormalizedDateSegmentNameGenerator;",
          "instance_detail": [
            {
              "pattern_action": "ANY",
              "pattern_entity": {
                "entity_type": "*",
                "entity_new value": "*",
                "entity_role": "*",
                "entity_parent": {
                  "entity_type": "*",
                  "entity_new value": "*",
                  "entity_role": "condition",
                  "entity_parent": {
                    "entity_type": "If",
                    "entity_new value": "*",
                    "entity_role": "*",
                    "entity_parent": "null"
                  }
                }
              },
              "concrete_change": {
                "operator": "UPD",
                "src_type": "TypeAccess",
                "dst_type": "TypeAccess",
                "src": "org.apache.pinot.core.segment.name.NormalizedDateSegmentNameGenerator",
                "dst": "org.apache.pinot.segment.spi.creator.name.NormalizedDateSegmentNameGenerator",
                "src_parent_type": "ThisAccess",
                "dst_parent_type": "ThisAccess",
                "src_parent": "",
                "dst_parent": ""
              },
              "stats": {
                "number_of_src_entities": 3,
                "number_of_dst_entities": 3,
                "src_entity_types": "[org.apache.pinot.core.segment.name.NormalizedDateSegmentNameGenerator]",
                "dst_entity_types": "[org.apache.pinot.segment.spi.creator.name.NormalizedDateSegmentNameGenerator]"
              }
            }
          ]
        },
        {
          "tool-name": "Nopol",
          "pattern-name": "Nopol:if_condition_upd_deep",
          "Unified_Diff_of-files:": "Starts Below...",
          "CHANGE_old:": "import org.apache.pinot.core.segment.name.NormalizedDateSegmentNameGenerator;",
          "CHANGE_new:": "import org.apache.pinot.segment.spi.creator.name.NormalizedDateSegmentNameGenerator;",
          "instance_detail": [
            {
              "pattern_action": "ANY",
              "pattern_entity": {
                "entity_type": "*",
                "entity_new value": "*",
                "entity_role": "*",
                "entity_parent": {
                  "entity_type": "*",
                  "entity_new value": "*",
                  "entity_role": "condition",
                  "entity_parent": {
                    "entity_type": "If",
                    "entity_new value": "*",
                    "entity_role": "*",
                    "entity_parent": "null"
                  }
                }
              },
              "concrete_change": {
                "operator": "UPD",
                "src_type": "TypeAccess",
                "dst_type": "TypeAccess",
                "src": "org.apache.pinot.core.segment.name.NormalizedDateSegmentNameGenerator",
                "dst": "org.apache.pinot.segment.spi.creator.name.NormalizedDateSegmentNameGenerator",
                "src_parent_type": "ThisAccess",
                "dst_parent_type": "ThisAccess",
                "src_parent": "",
                "dst_parent": ""
              },
              "stats": {
                "number_of_src_entities": 3,
                "number_of_dst_entities": 3,
                "src_entity_types": "[org.apache.pinot.core.segment.name.NormalizedDateSegmentNameGenerator]",
                "dst_entity_types": "[org.apache.pinot.segment.spi.creator.name.NormalizedDateSegmentNameGenerator]"
              }
            }
          ]
        },
        {
          "tool-name": "Nopol",
          "pattern-name": "Nopol:if_condition_upd_deep",
          "Unified_Diff_of-files:": "Starts Below...",
          "CHANGE_old:": "import org.apache.pinot.core.segment.name.NormalizedDateSegmentNameGenerator;",
          "CHANGE_new:": "import org.apache.pinot.segment.spi.creator.name.NormalizedDateSegmentNameGenerator;",
          "instance_detail": [
            {
              "pattern_action": "ANY",
              "pattern_entity": {
                "entity_type": "*",
                "entity_new value": "*",
                "entity_role": "*",
                "entity_parent": {
                  "entity_type": "*",
                  "entity_new value": "*",
                  "entity_role": "condition",
                  "entity_parent": {
                    "entity_type": "If",
                    "entity_new value": "*",
                    "entity_role": "*",
                    "entity_parent": "null"
                  }
                }
              },
              "concrete_change": {
                "operator": "UPD",
                "src_type": "TypeAccess",
                "dst_type": "TypeAccess",
                "src": "org.apache.pinot.core.segment.name.NormalizedDateSegmentNameGenerator",
                "dst": "org.apache.pinot.segment.spi.creator.name.NormalizedDateSegmentNameGenerator",
                "src_parent_type": "ThisAccess",
                "dst_parent_type": "ThisAccess",
                "src_parent": "",
                "dst_parent": ""
              },
              "stats": {
                "number_of_src_entities": 3,
                "number_of_dst_entities": 3,
                "src_entity_types": "[org.apache.pinot.core.segment.name.NormalizedDateSegmentNameGenerator]",
                "dst_entity_types": "[org.apache.pinot.segment.spi.creator.name.NormalizedDateSegmentNameGenerator]"
              }
            }
          ]
        },
        {
          "tool-name": "Nopol",
          "pattern-name": "Nopol:if_condition_upd_deep",
          "Unified_Diff_of-files:": "Starts Below...",
          "CHANGE_old:": "import org.apache.pinot.core.segment.name.NormalizedDateSegmentNameGenerator;",
          "CHANGE_new:": "import org.apache.pinot.segment.spi.creator.name.NormalizedDateSegmentNameGenerator;",
          "instance_detail": [
            {
              "pattern_action": "ANY",
              "pattern_entity": {
                "entity_type": "*",
                "entity_new value": "*",
                "entity_role": "*",
                "entity_parent": {
                  "entity_type": "*",
                  "entity_new value": "*",
                  "entity_role": "condition",
                  "entity_parent": {
                    "entity_type": "If",
                    "entity_new value": "*",
                    "entity_role": "*",
                    "entity_parent": "null"
                  }
                }
              },
              "concrete_change": {
                "operator": "UPD",
                "src_type": "TypeAccess",
                "dst_type": "TypeAccess",
                "src": "org.apache.pinot.core.segment.name.NormalizedDateSegmentNameGenerator",
                "dst": "org.apache.pinot.segment.spi.creator.name.NormalizedDateSegmentNameGenerator",
                "src_parent_type": "ThisAccess",
                "dst_parent_type": "ThisAccess",
                "src_parent": "",
                "dst_parent": ""
              },
              "stats": {
                "number_of_src_entities": 3,
                "number_of_dst_entities": 3,
                "src_entity_types": "[org.apache.pinot.core.segment.name.NormalizedDateSegmentNameGenerator]",
                "dst_entity_types": "[org.apache.pinot.segment.spi.creator.name.NormalizedDateSegmentNameGenerator]"
              }
            }
          ]
        },
        {
          "tool-name": "Nopol",
          "pattern-name": "Nopol:if_condition_upd_deep",
          "Unified_Diff_of-files:": "Starts Below...",
          "CHANGE_old:": "import org.apache.pinot.core.segment.name.NormalizedDateSegmentNameGenerator;",
          "CHANGE_new:": "import org.apache.pinot.segment.spi.creator.name.NormalizedDateSegmentNameGenerator;",
          "instance_detail": [
            {
              "pattern_action": "ANY",
              "pattern_entity": {
                "entity_type": "*",
                "entity_new value": "*",
                "entity_role": "*",
                "entity_parent": {
                  "entity_type": "*",
                  "entity_new value": "*",
                  "entity_role": "condition",
                  "entity_parent": {
                    "entity_type": "If",
                    "entity_new value": "*",
                    "entity_role": "*",
                    "entity_parent": "null"
                  }
                }
              },
              "concrete_change": {
                "operator": "UPD",
                "src_type": "TypeAccess",
                "dst_type": "TypeAccess",
                "src": "org.apache.pinot.core.segment.name.NormalizedDateSegmentNameGenerator",
                "dst": "org.apache.pinot.segment.spi.creator.name.NormalizedDateSegmentNameGenerator",
                "src_parent_type": "ThisAccess",
                "dst_parent_type": "ThisAccess",
                "src_parent": "",
                "dst_parent": ""
              },
              "stats": {
                "number_of_src_entities": 3,
                "number_of_dst_entities": 3,
                "src_entity_types": "[org.apache.pinot.core.segment.name.NormalizedDateSegmentNameGenerator]",
                "dst_entity_types": "[org.apache.pinot.segment.spi.creator.name.NormalizedDateSegmentNameGenerator]"
              }
            }
          ]
        },
        {
          "tool-name": "Nopol",
          "pattern-name": "Nopol:if_condition_upd_deep",
          "Unified_Diff_of-files:": "Starts Below...",
          "CHANGE_old:": "import org.apache.pinot.core.segment.name.NormalizedDateSegmentNameGenerator;",
          "CHANGE_new:": "import org.apache.pinot.segment.spi.creator.name.NormalizedDateSegmentNameGenerator;",
          "instance_detail": [
            {
              "pattern_action": "ANY",
              "pattern_entity": {
                "entity_type": "*",
                "entity_new value": "*",
                "entity_role": "*",
                "entity_parent": {
                  "entity_type": "*",
                  "entity_new value": "*",
                  "entity_role": "condition",
                  "entity_parent": {
                    "entity_type": "If",
                    "entity_new value": "*",
                    "entity_role": "*",
                    "entity_parent": "null"
                  }
                }
              },
              "concrete_change": {
                "operator": "UPD",
                "src_type": "TypeAccess",
                "dst_type": "TypeAccess",
                "src": "org.apache.pinot.core.segment.name.NormalizedDateSegmentNameGenerator",
                "dst": "org.apache.pinot.segment.spi.creator.name.NormalizedDateSegmentNameGenerator",
                "src_parent_type": "ThisAccess",
                "dst_parent_type": "ThisAccess",
                "src_parent": "",
                "dst_parent": ""
              },
              "stats": {
                "number_of_src_entities": 3,
                "number_of_dst_entities": 3,
                "src_entity_types": "[org.apache.pinot.core.segment.name.NormalizedDateSegmentNameGenerator]",
                "dst_entity_types": "[org.apache.pinot.segment.spi.creator.name.NormalizedDateSegmentNameGenerator]"
              }
            }
          ]
        }
      ]
    },
    {
      "revision": "98faf2bfac7ec69ced93eec25cf57237a911c560",
      "repairability": [
        {
          "tool-name": "Nopol",
          "pattern-name": "Nopol:if_condition_upd_deep",
          "Unified_Diff_of-files:": "Starts Below...",
          "CHANGE_old:": "import org.apache.pinot.core.segment.name.NormalizedDateSegmentNameGenerator;",
          "CHANGE_new:": "import org.apache.pinot.segment.spi.creator.name.NormalizedDateSegmentNameGenerator;",
          "instance_detail": [
            {
              "pattern_action": "ANY",
              "pattern_entity": {
                "entity_type": "*",
                "entity_new value": "*",
                "entity_role": "*",
                "entity_parent": {
                  "entity_type": "*",
                  "entity_new value": "*",
                  "entity_role": "condition",
                  "entity_parent": {
                    "entity_type": "If",
                    "entity_new value": "*",
                    "entity_role": "*",
                    "entity_parent": "null"
                  }
                }
              },
              "concrete_change": {
                "operator": "UPD",
                "src_type": "TypeAccess",
                "dst_type": "TypeAccess",
                "src": "org.apache.pinot.core.segment.name.SimpleSegmentNameGenerator",
                "dst": "org.apache.pinot.segment.spi.creator.name.SimpleSegmentNameGenerator",
                "src_parent_type": "ThisAccess",
                "dst_parent_type": "ThisAccess",
                "src_parent": "",
                "dst_parent": ""
              },
              "stats": {
                "number_of_src_entities": 3,
                "number_of_dst_entities": 3,
                "src_entity_types": "[org.apache.pinot.core.segment.name.SimpleSegmentNameGenerator]",
                "dst_entity_types": "[org.apache.pinot.segment.spi.creator.name.SimpleSegmentNameGenerator]"
              }
            }
          ]
        }
      ]
    },
    {
      "revision": "98faf2bfac7ec69ced93eec25cf57237a911c560",
      "repairability": [
        {
          "tool-name": "Nopol",
          "pattern-name": "Nopol:if_condition_upd_deep",
          "Unified_Diff_of-files:": "Starts Below...",
          "CHANGE_old:": "import org.apache.pinot.core.segment.name.NormalizedDateSegmentNameGenerator;",
          "CHANGE_new:": "import org.apache.pinot.segment.spi.creator.name.NormalizedDateSegmentNameGenerator;",
          "instance_detail": [
            {
              "pattern_action": "ANY",
              "pattern_entity": {
                "entity_type": "*",
                "entity_new value": "*",
                "entity_role": "*",
                "entity_parent": {
                  "entity_type": "*",
                  "entity_new value": "*",
                  "entity_role": "condition",
                  "entity_parent": {
                    "entity_type": "If",
                    "entity_new value": "*",
                    "entity_role": "*",
                    "entity_parent": "null"
                  }
                }
              },
              "concrete_change": {
                "operator": "UPD",
                "src_type": "TypeAccess",
                "dst_type": "TypeAccess",
                "src": "org.apache.pinot.core.startree.StarTreeNode",
                "dst": "org.apache.pinot.segment.spi.index.startree.StarTreeNode",
                "src_parent_type": "FieldRead",
                "dst_parent_type": "FieldRead",
                "src_parent": "(org.apache.pinot.core.startree.StarTreeNode.ALL)",
                "dst_parent": "(org.apache.pinot.segment.spi.index.startree.StarTreeNode.ALL)"
              },
              "stats": {
                "number_of_src_entities": 3,
                "number_of_dst_entities": 3,
                "src_entity_types": "[org.apache.pinot.core.startree.StarTreeNode]",
                "dst_entity_types": "[org.apache.pinot.segment.spi.index.startree.StarTreeNode]"
              }
            }
          ]
        }
      ]
    },
    {
      "revision": "98faf2bfac7ec69ced93eec25cf57237a911c560",
      "repairability": [
        {
          "tool-name": "Nopol",
          "pattern-name": "Nopol:if_condition_upd_deep",
          "Unified_Diff_of-files:": "Starts Below...",
          "CHANGE_old:": "import org.apache.pinot.core.segment.name.NormalizedDateSegmentNameGenerator;",
          "CHANGE_new:": "import org.apache.pinot.segment.spi.creator.name.NormalizedDateSegmentNameGenerator;",
          "instance_detail": [
            {
              "pattern_action": "ANY",
              "pattern_entity": {
                "entity_type": "*",
                "entity_new value": "*",
                "entity_role": "*",
                "entity_parent": {
                  "entity_type": "*",
                  "entity_new value": "*",
                  "entity_role": "condition",
                  "entity_parent": {
                    "entity_type": "If",
                    "entity_new value": "*",
                    "entity_role": "*",
                    "entity_parent": "null"
                  }
                }
              },
              "concrete_change": {
                "operator": "UPD",
                "src_type": "TypeAccess",
                "dst_type": "TypeAccess",
                "src": "org.apache.pinot.core.segment.creator.StatsCollectorConfig",
                "dst": "org.apache.pinot.segment.spi.creator.StatsCollectorConfig",
                "src_parent_type": "ThisAccess",
                "dst_parent_type": "ThisAccess",
                "src_parent": "",
                "dst_parent": ""
              },
              "stats": {
                "number_of_src_entities": 3,
                "number_of_dst_entities": 3,
                "src_entity_types": "[org.apache.pinot.core.segment.creator.StatsCollectorConfig]",
                "dst_entity_types": "[org.apache.pinot.segment.spi.creator.StatsCollectorConfig]"
              }
            }
          ]
        }
      ]
    },
    {
      "revision": "98faf2bfac7ec69ced93eec25cf57237a911c560",
      "repairability": [
        {
          "tool-name": "Nopol",
          "pattern-name": "Nopol:if_condition_upd_deep",
          "Unified_Diff_of-files:": "Starts Below...",
          "CHANGE_old:": "import org.apache.pinot.core.segment.name.NormalizedDateSegmentNameGenerator;",
          "CHANGE_new:": "import org.apache.pinot.segment.spi.creator.name.NormalizedDateSegmentNameGenerator;",
          "instance_detail": [
            {
              "pattern_action": "ANY",
              "pattern_entity": {
                "entity_type": "*",
                "entity_new value": "*",
                "entity_role": "*",
                "entity_parent": {
                  "entity_type": "*",
                  "entity_new value": "*",
                  "entity_role": "condition",
                  "entity_parent": {
                    "entity_type": "If",
                    "entity_new value": "*",
                    "entity_role": "*",
                    "entity_parent": "null"
                  }
                }
              },
              "concrete_change": {
                "operator": "UPD",
                "src_type": "TypeAccess",
                "dst_type": "TypeAccess",
                "src": "org.apache.pinot.common.function.AggregationFunctionType",
                "dst": "org.apache.pinot.segment.spi.AggregationFunctionType",
                "src_parent_type": "FieldRead",
                "dst_parent_type": "FieldRead",
                "src_parent": "(org.apache.pinot.common.function.AggregationFunctionType.COUNT)",
                "dst_parent": "(org.apache.pinot.segment.spi.AggregationFunctionType.COUNT)"
              },
              "stats": {
                "number_of_src_entities": 3,
                "number_of_dst_entities": 3,
                "src_entity_types": "[org.apache.pinot.common.function.AggregationFunctionType]",
                "dst_entity_types": "[org.apache.pinot.segment.spi.AggregationFunctionType]"
              }
            }
          ]
        }
      ]
    },
    {
      "revision": "98faf2bfac7ec69ced93eec25cf57237a911c560",
      "repairability": [
        {
          "tool-name": "Nopol",
          "pattern-name": "Nopol:if_condition_upd_deep",
          "Unified_Diff_of-files:": "Starts Below...",
          "CHANGE_old:": "import org.apache.pinot.core.segment.name.NormalizedDateSegmentNameGenerator;",
          "CHANGE_new:": "import org.apache.pinot.segment.spi.creator.name.NormalizedDateSegmentNameGenerator;",
          "instance_detail": [
            {
              "pattern_action": "ANY",
              "pattern_entity": {
                "entity_type": "*",
                "entity_new value": "*",
                "entity_role": "*",
                "entity_parent": {
                  "entity_type": "*",
                  "entity_new value": "*",
                  "entity_role": "condition",
                  "entity_parent": {
                    "entity_type": "If",
                    "entity_new value": "*",
                    "entity_role": "*",
                    "entity_parent": "null"
                  }
                }
              },
              "concrete_change": {
                "operator": "UPD",
                "src_type": "TypeAccess",
                "dst_type": "TypeAccess",
                "src": "StarTreeNode",
                "dst": "org.apache.pinot.segment.spi.index.startree.StarTreeNode",
                "src_parent_type": "FieldRead",
                "dst_parent_type": "FieldRead",
                "src_parent": "(StarTreeNode.ALL)",
                "dst_parent": "(org.apache.pinot.segment.spi.index.startree.StarTreeNode.ALL)"
              },
              "stats": {
                "number_of_src_entities": 3,
                "number_of_dst_entities": 3,
                "src_entity_types": "[StarTreeNode]",
                "dst_entity_types": "[org.apache.pinot.segment.spi.index.startree.StarTreeNode]"
              }
            }
          ]
        },
        {
          "tool-name": "Nopol",
          "pattern-name": "Nopol:if_condition_upd_deep",
          "Unified_Diff_of-files:": "Starts Below...",
          "CHANGE_old:": "import org.apache.pinot.core.segment.name.NormalizedDateSegmentNameGenerator;",
          "CHANGE_new:": "import org.apache.pinot.segment.spi.creator.name.NormalizedDateSegmentNameGenerator;",
          "instance_detail": [
            {
              "pattern_action": "ANY",
              "pattern_entity": {
                "entity_type": "*",
                "entity_new value": "*",
                "entity_role": "*",
                "entity_parent": {
                  "entity_type": "*",
                  "entity_new value": "*",
                  "entity_role": "condition",
                  "entity_parent": {
                    "entity_type": "If",
                    "entity_new value": "*",
                    "entity_role": "*",
                    "entity_parent": "null"
                  }
                }
              },
              "concrete_change": {
                "operator": "UPD",
                "src_type": "TypeAccess",
                "dst_type": "TypeAccess",
                "src": "StarTreeNode",
                "dst": "org.apache.pinot.segment.spi.index.startree.StarTreeNode",
                "src_parent_type": "FieldRead",
                "dst_parent_type": "FieldRead",
                "src_parent": "(StarTreeNode.ALL)",
                "dst_parent": "(org.apache.pinot.segment.spi.index.startree.StarTreeNode.ALL)"
              },
              "stats": {
                "number_of_src_entities": 3,
                "number_of_dst_entities": 3,
                "src_entity_types": "[StarTreeNode]",
                "dst_entity_types": "[org.apache.pinot.segment.spi.index.startree.StarTreeNode]"
              }
            }
          ]
        }
      ]
    }
  ],
  "complete_analysis": true
}