{
  "instances": [
    {
      "revision": "f5f072ceeb151e2694f77987f56b88334d6fe79a",
      "repairability": [
        {
          "tool-name": "Nopol",
          "pattern-name": "Nopol:if_condition_upd_deep",
          "Unified_Diff_of-files:": "Starts Below...",
          "INSERT:": "import org.apache.pinot.core.data.table.IndexedTable;",
          "CHANGE_old:": "          .format(\"Timed out while combining group-by order-by results after %dms, queryContext \u003d %s\", timeoutMs,",
          "CHANGE_new:": "          String.format(\"Timed out while combining group-by order-by results after %dms, queryContext \u003d %s\", timeoutMs,",
          "instance_detail": [
            {
              "pattern_action": "ANY",
              "pattern_entity": {
                "entity_type": "*",
                "entity_new value": "*",
                "entity_role": "*",
                "entity_parent": {
                  "entity_type": "*",
                  "entity_new value": "*",
                  "entity_role": "condition",
                  "entity_parent": {
                    "entity_type": "If",
                    "entity_new value": "*",
                    "entity_role": "*",
                    "entity_parent": "null"
                  }
                }
              },
              "concrete_change": {
                "operator": "INS",
                "src_type": "TypeAccess",
                "dst_type": "null",
                "src": "org.apache.pinot.core.data.table.UnboundedConcurrentIndexedTable",
                "dst": "null",
                "src_parent_type": "ThisAccess",
                "dst_parent_type": "null",
                "src_parent": "",
                "dst_parent": "null"
              },
              "stats": {
                "number_of_src_entities": 3,
                "number_of_dst_entities": -1,
                "src_entity_types": "[org.apache.pinot.core.data.table.UnboundedConcurrentIndexedTable]",
                "dst_entity_types": "[]"
              }
            }
          ]
        }
      ]
    },
    {
      "revision": "f5f072ceeb151e2694f77987f56b88334d6fe79a",
      "repairability": [
        {
          "tool-name": "Nopol",
          "pattern-name": "Nopol:if_condition_upd_deep",
          "Unified_Diff_of-files:": "Starts Below...",
          "INSERT:": "import org.apache.pinot.core.data.table.IndexedTable;",
          "CHANGE_old:": "          .format(\"Timed out while combining group-by order-by results after %dms, queryContext \u003d %s\", timeoutMs,",
          "CHANGE_new:": "          String.format(\"Timed out while combining group-by order-by results after %dms, queryContext \u003d %s\", timeoutMs,",
          "instance_detail": [
            {
              "pattern_action": "ANY",
              "pattern_entity": {
                "entity_type": "*",
                "entity_new value": "*",
                "entity_role": "*",
                "entity_parent": {
                  "entity_type": "*",
                  "entity_new value": "*",
                  "entity_role": "condition",
                  "entity_parent": {
                    "entity_type": "If",
                    "entity_new value": "*",
                    "entity_role": "*",
                    "entity_parent": "null"
                  }
                }
              },
              "concrete_change": {
                "operator": "DEL",
                "src_type": "TypeAccess",
                "dst_type": "null",
                "src": "org.apache.pinot.core.data.table.ConcurrentIndexedTable",
                "dst": "null",
                "src_parent_type": "ThisAccess",
                "dst_parent_type": "null",
                "src_parent": "",
                "dst_parent": "null"
              },
              "stats": {
                "number_of_src_entities": 3,
                "number_of_dst_entities": -1,
                "src_entity_types": "[org.apache.pinot.core.data.table.ConcurrentIndexedTable]",
                "dst_entity_types": "[]"
              }
            }
          ]
        },
        {
          "tool-name": "Nopol",
          "pattern-name": "Nopol:if_condition_upd_deep",
          "Unified_Diff_of-files:": "Starts Below...",
          "INSERT:": "import org.apache.pinot.core.data.table.IndexedTable;",
          "CHANGE_old:": "          .format(\"Timed out while combining group-by order-by results after %dms, queryContext \u003d %s\", timeoutMs,",
          "CHANGE_new:": "          String.format(\"Timed out while combining group-by order-by results after %dms, queryContext \u003d %s\", timeoutMs,",
          "instance_detail": [
            {
              "pattern_action": "ANY",
              "pattern_entity": {
                "entity_type": "*",
                "entity_new value": "*",
                "entity_role": "*",
                "entity_parent": {
                  "entity_type": "*",
                  "entity_new value": "*",
                  "entity_role": "condition",
                  "entity_parent": {
                    "entity_type": "If",
                    "entity_new value": "*",
                    "entity_role": "*",
                    "entity_parent": "null"
                  }
                }
              },
              "concrete_change": {
                "operator": "DEL",
                "src_type": "TypeAccess",
                "dst_type": "null",
                "src": "org.apache.pinot.core.data.table.ConcurrentIndexedTable",
                "dst": "null",
                "src_parent_type": "ThisAccess",
                "dst_parent_type": "null",
                "src_parent": "",
                "dst_parent": "null"
              },
              "stats": {
                "number_of_src_entities": 3,
                "number_of_dst_entities": -1,
                "src_entity_types": "[org.apache.pinot.core.data.table.ConcurrentIndexedTable]",
                "dst_entity_types": "[]"
              }
            }
          ]
        }
      ]
    },
    {
      "revision": "f5f072ceeb151e2694f77987f56b88334d6fe79a",
      "repairability": [
        {
          "tool-name": "Nopol",
          "pattern-name": "Nopol:if_condition_upd_deep",
          "Unified_Diff_of-files:": "Starts Below...",
          "INSERT:": "import org.apache.pinot.core.data.table.IndexedTable;",
          "CHANGE_old:": "          .format(\"Timed out while combining group-by order-by results after %dms, queryContext \u003d %s\", timeoutMs,",
          "CHANGE_new:": "          String.format(\"Timed out while combining group-by order-by results after %dms, queryContext \u003d %s\", timeoutMs,",
          "instance_detail": [
            {
              "pattern_action": "ANY",
              "pattern_entity": {
                "entity_type": "*",
                "entity_new value": "*",
                "entity_role": "*",
                "entity_parent": {
                  "entity_type": "*",
                  "entity_new value": "*",
                  "entity_role": "condition",
                  "entity_parent": {
                    "entity_type": "If",
                    "entity_new value": "*",
                    "entity_role": "*",
                    "entity_parent": "null"
                  }
                }
              },
              "concrete_change": {
                "operator": "DEL",
                "src_type": "TypeAccess",
                "dst_type": "null",
                "src": "org.apache.pinot.core.data.table.SimpleIndexedTable",
                "dst": "null",
                "src_parent_type": "ThisAccess",
                "dst_parent_type": "null",
                "src_parent": "",
                "dst_parent": "null"
              },
              "stats": {
                "number_of_src_entities": 3,
                "number_of_dst_entities": -1,
                "src_entity_types": "[org.apache.pinot.core.data.table.SimpleIndexedTable]",
                "dst_entity_types": "[]"
              }
            }
          ]
        }
      ]
    }
  ],
  "complete_analysis": true
}