{
  "instances": [
    {
      "revision": "cb9889bcc6a9c93c0e6f39d828e883aefaeaa318",
      "repairability": [
        {
          "tool-name": "Nopol",
          "pattern-name": "Nopol:if_condition_upd_deep",
          "Unified_Diff_of-files:": "Starts Below...",
          "CHANGE_old:": "      filter \u003d RequestContextConvertUtils.getFilter(CalciteSqlParser.compileToExpression(filterString));",
          "CHANGE_new:": "      filter \u003d RequestContextUtils.getFilter(CalciteSqlParser.compileToExpression(filterString));",
          "instance_detail": [
            {
              "pattern_action": "ANY",
              "pattern_entity": {
                "entity_type": "*",
                "entity_new value": "*",
                "entity_role": "*",
                "entity_parent": {
                  "entity_type": "*",
                  "entity_new value": "*",
                  "entity_role": "condition",
                  "entity_parent": {
                    "entity_type": "If",
                    "entity_new value": "*",
                    "entity_role": "*",
                    "entity_parent": "null"
                  }
                }
              },
              "concrete_change": {
                "operator": "UPD",
                "src_type": "TypeAccess",
                "dst_type": "TypeAccess",
                "src": "org.apache.pinot.common.request.context.RequestContextConvertUtils",
                "dst": "org.apache.pinot.common.request.context.RequestContextUtils",
                "src_parent_type": "Invocation",
                "dst_parent_type": "Invocation",
                "src_parent": "org.apache.pinot.common.request.context.RequestContextConvertUtils.getExpression(column)",
                "dst_parent": "org.apache.pinot.common.request.context.RequestContextUtils.getExpression(column)"
              },
              "line": 158,
              "file": "/home/khesoem/projects/lighter/exp/pinot-core/src/main/java/org/apache/pinot/core/query/selection/SelectionOperatorUtils.java",
              "stats": {
                "number_of_src_entities": 3,
                "number_of_dst_entities": 3,
                "src_entity_types": "[org.apache.pinot.common.request.context.RequestContextConvertUtils]",
                "dst_entity_types": "[org.apache.pinot.common.request.context.RequestContextUtils]"
              }
            }
          ]
        }
      ]
    }
  ],
  "complete_analysis": true
}