{
  "instances": [
    {
      "revision": "39bfe11c3da20c1716722560918b1cb950278905",
      "repairability": [
        {
          "tool-name": "Elixir",
          "pattern-name": "Elixir:BO_change",
          "Unified_Diff_of-files:": "Starts Below...",
          "CHANGE_old:": "",
          "CHANGE_new:": "        else",
          "INSERT:": "",
          "instance_detail": [
            {
              "pattern_action": "UPD",
              "pattern_entity": {
                "entity_type": "BinaryOperator",
                "entity_new value": "*",
                "entity_role": "*",
                "entity_parent": "null"
              },
              "concrete_change": {
                "operator": "UPD",
                "src_type": "BinaryOperator",
                "dst_type": "BinaryOperator",
                "src": "rteType \u003d\u003d null",
                "dst": "rteType !\u003d null",
                "src_parent_type": "If",
                "dst_parent_type": "If",
                "src_parent": "if (rteType \u003d\u003d null)\n    rteType \u003d objectFactory.createRteType();\n",
                "dst_parent": "if (rteType !\u003d null)\n    rteType.getRtept().clear();\nelse\n    rteType \u003d objectFactory.createRteType();\n"
              },
              "line": 317,
              "file": "/home/khesoem/projects/lighter/exp/navigation-formats/src/main/java/slash/navigation/gpx/Gpx11Format.java",
              "stats": {
                "number_of_src_entities": 7,
                "number_of_dst_entities": 7,
                "src_entity_types": "[slash.navigation.gpx.RteType, \u003cnulltype\u003e]",
                "dst_entity_types": "[slash.navigation.gpx.RteType, \u003cnulltype\u003e]"
              }
            }
          ]
        },
        {
          "tool-name": "Elixir",
          "pattern-name": "Elixir:BO_change",
          "Unified_Diff_of-files:": "Starts Below...",
          "CHANGE_old:": "",
          "CHANGE_new:": "        else",
          "INSERT:": "",
          "instance_detail": [
            {
              "pattern_action": "UPD",
              "pattern_entity": {
                "entity_type": "BinaryOperator",
                "entity_new value": "*",
                "entity_role": "*",
                "entity_parent": "null"
              },
              "concrete_change": {
                "operator": "UPD",
                "src_type": "BinaryOperator",
                "dst_type": "BinaryOperator",
                "src": "trkType \u003d\u003d null",
                "dst": "trkType !\u003d null",
                "src_parent_type": "If",
                "dst_parent_type": "If",
                "src_parent": "if (trkType \u003d\u003d null)\n    trkType \u003d objectFactory.createTrkType();\n",
                "dst_parent": "if (trkType !\u003d null)\n    trkType.getTrkseg().clear();\nelse\n    trkType \u003d objectFactory.createTrkType();\n"
              },
              "line": 349,
              "file": "/home/khesoem/projects/lighter/exp/navigation-formats/src/main/java/slash/navigation/gpx/Gpx11Format.java",
              "stats": {
                "number_of_src_entities": 7,
                "number_of_dst_entities": 7,
                "src_entity_types": "[slash.navigation.gpx.TrkType, \u003cnulltype\u003e]",
                "dst_entity_types": "[slash.navigation.gpx.TrkType, \u003cnulltype\u003e]"
              }
            }
          ]
        },
        {
          "tool-name": "Elixir",
          "pattern-name": "Elixir:Insert_Invocation",
          "Unified_Diff_of-files:": "Starts Below...",
          "CHANGE_old:": "",
          "CHANGE_new:": "        else",
          "INSERT:": "",
          "instance_detail": [
            {
              "pattern_action": "INS",
              "pattern_entity": {
                "entity_type": "AbstractInvocation",
                "entity_new value": "*",
                "entity_role": "*",
                "entity_parent": "null"
              },
              "concrete_change": {
                "operator": "INS",
                "src_type": "Invocation",
                "dst_type": "null",
                "src": "rteType.getRtept().clear()",
                "dst": "null",
                "src_parent_type": "Block",
                "dst_parent_type": "null",
                "src_parent": "rteType.getRtept().clear();\n",
                "dst_parent": "null"
              },
              "line": 318,
              "file": "/home/khesoem/projects/lighter/exp/navigation-formats/src/main/java/slash/navigation/gpx/Gpx11Format.java",
              "stats": {
                "number_of_src_entities": 10,
                "number_of_dst_entities": -1,
                "src_entity_types": "[slash.navigation.gpx.RteType]",
                "dst_entity_types": "[]"
              }
            }
          ]
        },
        {
          "tool-name": "Elixir",
          "pattern-name": "Elixir:Insert_Invocation",
          "Unified_Diff_of-files:": "Starts Below...",
          "CHANGE_old:": "",
          "CHANGE_new:": "        else",
          "INSERT:": "",
          "instance_detail": [
            {
              "pattern_action": "INS",
              "pattern_entity": {
                "entity_type": "AbstractInvocation",
                "entity_new value": "*",
                "entity_role": "*",
                "entity_parent": "null"
              },
              "concrete_change": {
                "operator": "INS",
                "src_type": "Invocation",
                "dst_type": "null",
                "src": "trkType.getTrkseg().clear()",
                "dst": "null",
                "src_parent_type": "Block",
                "dst_parent_type": "null",
                "src_parent": "trkType.getTrkseg().clear();\n",
                "dst_parent": "null"
              },
              "line": 353,
              "file": "/home/khesoem/projects/lighter/exp/navigation-formats/src/main/java/slash/navigation/gpx/Gpx11Format.java",
              "stats": {
                "number_of_src_entities": 10,
                "number_of_dst_entities": -1,
                "src_entity_types": "[slash.navigation.gpx.TrkType]",
                "dst_entity_types": "[]"
              }
            }
          ]
        }
      ]
    }
  ],
  "complete_analysis": true
}