{
  "instances": [
    {
      "revision": "3795047e5a78a4689da39313212a4e31a584d567",
      "repairability": [
        {
          "tool-name": "Elixir",
          "pattern-name": "Elixir:update_type_ref",
          "Unified_Diff_of-files:": "Starts Below...",
          "DELETE:": "        @SuppressWarnings(\"MagicConstant\")\r",
          "instance_detail": [
            {
              "pattern_action": "UPD",
              "pattern_entity": {
                "entity_type": "TypeReference",
                "entity_new value": "*",
                "entity_role": "*",
                "entity_parent": "null"
              },
              "concrete_change": {
                "operator": "UPD",
                "src_type": "TypeReference",
                "dst_type": "TypeReference",
                "src": "slash.navigation.graphhopper.RoutingResult.Validity",
                "dst": "slash.navigation.routing.RoutingResult.Validity",
                "src_parent_type": "LocalVariable",
                "dst_parent_type": "LocalVariable",
                "src_parent": "slash.navigation.graphhopper.RoutingResult.Validity validity \u003d ((best.getErrors().size()) \u003d\u003d 0) ? Valid : Invalid",
                "dst_parent": "slash.navigation.routing.RoutingResult.Validity validity \u003d ((best.getErrors().size()) \u003d\u003d 0) ? Valid : Invalid"
              },
              "line": 213,
              "file": "/home/khesoem/projects/lighter/exp/graphhopper/src/main/java/slash/navigation/graphhopper/GraphHopper.java",
              "stats": {
                "number_of_src_entities": 4,
                "number_of_dst_entities": 2,
                "src_entity_types": "[slash.navigation.graphhopper.RoutingResult.Validity, slash.navigation.graphhopper.RoutingResult]",
                "dst_entity_types": "[slash.navigation.routing.RoutingResult.Validity]"
              }
            }
          ]
        }
      ]
    },
    {
      "revision": "3795047e5a78a4689da39313212a4e31a584d567",
      "repairability": [
        {
          "tool-name": "Elixir",
          "pattern-name": "Elixir:check_length",
          "Unified_Diff_of-files:": "Starts Below...",
          "DELETE:": "        @SuppressWarnings(\"MagicConstant\")\r",
          "instance_detail": [
            {
              "pattern_action": "INS",
              "pattern_entity": {
                "entity_type": "If",
                "entity_new value": "*",
                "entity_role": "*",
                "entity_parent": "null"
              },
              "concrete_change": {
                "operator": "INS",
                "src_type": "If",
                "dst_type": "null",
                "src": "if ((positions.size()) \u003e 0)\n    javax.swing.SwingUtilities.invokeLater(() -\u003e r.getPositionAugmenter().addData(toArray(positions), false, true, true, false, false));\n",
                "dst": "null",
                "src_parent_type": "Block",
                "dst_parent_type": "null",
                "src_parent": "{\n    slash.navigation.converter.gui.RouteConverter r \u003d slash.navigation.converter.gui.RouteConverter.getInstance();\n    slash.navigation.converter.gui.models.PositionsModel positionsModel \u003d r.getConvertPanel().getPositionsModel();\n    java.util.List\u003cslash.navigation.common.NavigationPosition\u003e selectedPositions \u003d new java.util.ArrayList\u003c\u003e();\n    for (int selectedRow : selectedRows)\n        selectedPositions.add(positionsModel.getPosition(selectedRow));\n\n    slash.navigation.routing.DownloadFuture future \u003d null;\n    if (routingService.isDownload()) {\n        java.util.List\u003cslash.navigation.common.LongitudeAndLatitude\u003e longitudeAndLatitudes \u003d new java.util.ArrayList\u003c\u003e();\n        for (slash.navigation.common.NavigationPosition position : selectedPositions) {\n            longitudeAndLatitudes.add(new slash.navigation.common.LongitudeAndLatitude(position.getLongitude(), position.getLatitude()));\n        }\n        future \u003d routingService.downloadRoutingDataFor(longitudeAndLatitudes);\n    }\n    slash.navigation.routing.TravelMode travelMode \u003d r.getRoutingServiceFacade().getTravelMode();\n    java.util.List\u003cjava.lang.Integer\u003e positions \u003d insertPositions(routingService, future, travelMode, selectedPositions);\n    if ((positions.size()) \u003e 0)\n        javax.swing.SwingUtilities.invokeLater(() -\u003e r.getPositionAugmenter().addData(toArray(positions), false, true, true, false, false));\n\n}",
                "dst_parent": "null"
              },
              "line": 117,
              "file": "/home/khesoem/projects/lighter/exp/route-converter/src/main/java/slash/navigation/converter/gui/helpers/InsertPositionFacade.java",
              "stats": {
                "number_of_src_entities": 74,
                "number_of_dst_entities": -1,
                "src_entity_types": "[java.lang.Integer, int, boolean, java.lang.Runnable, slash.navigation.converter.gui.RouteConverter, slash.navigation.converter.gui.helpers.InsertPositionFacade, javax.swing.SwingUtilities, java.util.List\u003cjava.lang.Integer\u003e, java.util.List]",
                "dst_entity_types": "[]"
              }
            },
            {
              "pattern_action": "MOV",
              "pattern_entity": {
                "entity_type": "Statement",
                "entity_new value": "*",
                "entity_role": "*",
                "entity_parent": "null"
              },
              "concrete_change": {
                "operator": "MOV",
                "src_type": "Invocation",
                "dst_type": "Invocation",
                "src": "r.getPositionAugmenter()",
                "dst": "r.getPositionAugmenter()",
                "src_parent_type": "Invocation",
                "dst_parent_type": "Invocation",
                "src_parent": "r.getPositionAugmenter().addData(toArray(augmentRows), false, true, true, false, false)",
                "dst_parent": "r.getPositionAugmenter().addData(toArray(positions), false, true, true, false, false)"
              },
              "line": 143,
              "file": "/home/khesoem/projects/lighter/exp/route-converter/src/main/java/slash/navigation/converter/gui/helpers/InsertPositionFacade.java",
              "stats": {
                "number_of_src_entities": 8,
                "number_of_dst_entities": 8,
                "src_entity_types": "[slash.navigation.converter.gui.RouteConverter]",
                "dst_entity_types": "[slash.navigation.converter.gui.RouteConverter]"
              }
            }
          ]
        },
        {
          "tool-name": "Elixir",
          "pattern-name": "Elixir:check_length",
          "Unified_Diff_of-files:": "Starts Below...",
          "DELETE:": "        @SuppressWarnings(\"MagicConstant\")\r",
          "instance_detail": [
            {
              "pattern_action": "INS",
              "pattern_entity": {
                "entity_type": "If",
                "entity_new value": "*",
                "entity_role": "*",
                "entity_parent": "null"
              },
              "concrete_change": {
                "operator": "INS",
                "src_type": "If",
                "dst_type": "null",
                "src": "if ((positions.size()) \u003e 0)\n    javax.swing.SwingUtilities.invokeLater(() -\u003e r.getPositionAugmenter().addData(toArray(positions), false, true, true, false, false));\n",
                "dst": "null",
                "src_parent_type": "Block",
                "dst_parent_type": "null",
                "src_parent": "{\n    slash.navigation.converter.gui.RouteConverter r \u003d slash.navigation.converter.gui.RouteConverter.getInstance();\n    slash.navigation.converter.gui.models.PositionsModel positionsModel \u003d r.getConvertPanel().getPositionsModel();\n    java.util.List\u003cslash.navigation.common.NavigationPosition\u003e selectedPositions \u003d new java.util.ArrayList\u003c\u003e();\n    for (int selectedRow : selectedRows)\n        selectedPositions.add(positionsModel.getPosition(selectedRow));\n\n    slash.navigation.routing.DownloadFuture future \u003d null;\n    if (routingService.isDownload()) {\n        java.util.List\u003cslash.navigation.common.LongitudeAndLatitude\u003e longitudeAndLatitudes \u003d new java.util.ArrayList\u003c\u003e();\n        for (slash.navigation.common.NavigationPosition position : selectedPositions) {\n            longitudeAndLatitudes.add(new slash.navigation.common.LongitudeAndLatitude(position.getLongitude(), position.getLatitude()));\n        }\n        future \u003d routingService.downloadRoutingDataFor(longitudeAndLatitudes);\n    }\n    slash.navigation.routing.TravelMode travelMode \u003d r.getRoutingServiceFacade().getTravelMode();\n    java.util.List\u003cjava.lang.Integer\u003e positions \u003d insertPositions(routingService, future, travelMode, selectedPositions);\n    if ((positions.size()) \u003e 0)\n        javax.swing.SwingUtilities.invokeLater(() -\u003e r.getPositionAugmenter().addData(toArray(positions), false, true, true, false, false));\n\n}",
                "dst_parent": "null"
              },
              "line": 117,
              "file": "/home/khesoem/projects/lighter/exp/route-converter/src/main/java/slash/navigation/converter/gui/helpers/InsertPositionFacade.java",
              "stats": {
                "number_of_src_entities": 74,
                "number_of_dst_entities": -1,
                "src_entity_types": "[java.lang.Integer, int, boolean, java.lang.Runnable, slash.navigation.converter.gui.RouteConverter, slash.navigation.converter.gui.helpers.InsertPositionFacade, javax.swing.SwingUtilities, java.util.List\u003cjava.lang.Integer\u003e, java.util.List]",
                "dst_entity_types": "[]"
              }
            },
            {
              "pattern_action": "MOV",
              "pattern_entity": {
                "entity_type": "Statement",
                "entity_new value": "*",
                "entity_role": "*",
                "entity_parent": "null"
              },
              "concrete_change": {
                "operator": "MOV",
                "src_type": "Invocation",
                "dst_type": "Invocation",
                "src": "toArray(augmentRows)",
                "dst": "toArray(positions)",
                "src_parent_type": "Invocation",
                "dst_parent_type": "Invocation",
                "src_parent": "r.getPositionAugmenter().addData(toArray(augmentRows), false, true, true, false, false)",
                "dst_parent": "r.getPositionAugmenter().addData(toArray(positions), false, true, true, false, false)"
              },
              "line": 143,
              "file": "/home/khesoem/projects/lighter/exp/route-converter/src/main/java/slash/navigation/converter/gui/helpers/InsertPositionFacade.java",
              "stats": {
                "number_of_src_entities": 20,
                "number_of_dst_entities": 18,
                "src_entity_types": "[java.lang.Integer, slash.navigation.converter.gui.helpers.InsertPositionFacade.2, slash.navigation.converter.gui.helpers.InsertPositionFacade, java.util.List\u003cjava.lang.Integer\u003e]",
                "dst_entity_types": "[java.lang.Integer, slash.navigation.converter.gui.helpers.InsertPositionFacade, java.util.List\u003cjava.lang.Integer\u003e]"
              }
            }
          ]
        },
        {
          "tool-name": "Elixir",
          "pattern-name": "Elixir:update_invocation_deep",
          "Unified_Diff_of-files:": "Starts Below...",
          "DELETE:": "        @SuppressWarnings(\"MagicConstant\")\r",
          "instance_detail": [
            {
              "pattern_action": "ANY",
              "pattern_entity": {
                "entity_type": "*",
                "entity_new value": "*",
                "entity_role": "*",
                "entity_parent": {
                  "entity_type": "AbstractInvocation",
                  "entity_new value": "*",
                  "entity_role": "*",
                  "entity_parent": "null"
                }
              },
              "concrete_change": {
                "operator": "UPD",
                "src_type": "VariableRead",
                "dst_type": "VariableRead",
                "src": "lal",
                "dst": "longitudeAndLatitudes",
                "src_parent_type": "Invocation",
                "dst_parent_type": "Invocation",
                "src_parent": "lal.add(new slash.navigation.common.LongitudeAndLatitude(position.getLongitude(), position.getLatitude()))",
                "dst_parent": "longitudeAndLatitudes.add(new slash.navigation.common.LongitudeAndLatitude(position.getLongitude(), position.getLatitude()))"
              },
              "line": 108,
              "file": "/home/khesoem/projects/lighter/exp/route-converter/src/main/java/slash/navigation/converter/gui/helpers/InsertPositionFacade.java",
              "stats": {
                "number_of_src_entities": 6,
                "number_of_dst_entities": 6,
                "src_entity_types": "[slash.navigation.common.LongitudeAndLatitude, java.util.List\u003cslash.navigation.common.LongitudeAndLatitude\u003e]",
                "dst_entity_types": "[slash.navigation.common.LongitudeAndLatitude, java.util.List\u003cslash.navigation.common.LongitudeAndLatitude\u003e]"
              }
            }
          ]
        }
      ]
    }
  ],
  "complete_analysis": true
}