{
  "instances": [
    {
      "revision": "d978e43ad6ffa7e047875e4e228e539c19a9d957",
      "repairability": [
        {
          "tool-name": "Elixir",
          "pattern-name": "Elixir:check_length",
          "Unified_Diff_of-files:": "Starts Below...",
          "CHANGE_old:": "    private PatchedXYSeries series;",
          "CHANGE_new:": "    private final PatchedXYSeries series;",
          "DELETE:": "                            return;",
          "INSERT:": "            return;",
          "instance_detail": [
            {
              "pattern_action": "MOV",
              "pattern_entity": {
                "entity_type": "Statement",
                "entity_new value": "*",
                "entity_role": "*",
                "entity_parent": "null"
              },
              "concrete_change": {
                "operator": "MOV",
                "src_type": "Block",
                "dst_type": "Block",
                "src": "return;\n",
                "dst": "return;\n",
                "src_parent_type": "If",
                "dst_parent_type": "If",
                "src_parent": "if (getPositions().isContinousRange())\n    return;\n",
                "dst_parent": "if (getPositions().isContinousRange())\n    return;\n"
              },
              "line": 71,
              "file": "/home/khesoem/projects/lighter/exp/profileview/src/main/java/slash/navigation/converter/gui/models/PositionsModelToXYSeriesSynchronizer.java",
              "stats": {
                "number_of_src_entities": 2,
                "number_of_dst_entities": 2,
                "src_entity_types": "[]",
                "dst_entity_types": "[]"
              }
            },
            {
              "pattern_action": "INS",
              "pattern_entity": {
                "entity_type": "If",
                "entity_new value": "*",
                "entity_role": "*",
                "entity_parent": "null"
              },
              "concrete_change": {
                "operator": "INS",
                "src_type": "If",
                "dst_type": "null",
                "src": "if (getPositions().isContinousRange())\n    return;\n",
                "dst": "null",
                "src_parent_type": "Block",
                "dst_parent_type": "null",
                "src_parent": "{\n    if (getPositions().isContinousRange())\n        return;\n\n    series.delete(firstRow, lastRow);\n}",
                "dst_parent": "null"
              },
              "line": 133,
              "file": "/home/khesoem/projects/lighter/exp/profileview/src/main/java/slash/navigation/converter/gui/models/PositionsModelToXYSeriesSynchronizer.java",
              "stats": {
                "number_of_src_entities": 20,
                "number_of_dst_entities": -1,
                "src_entity_types": "[slash.navigation.converter.gui.models.PositionsModel, slash.navigation.converter.gui.models.PositionsModelToXYSeriesSynchronizer]",
                "dst_entity_types": "[]"
              }
            }
          ]
        }
      ]
    }
  ],
  "complete_analysis": true
}