{
  "instances": [
    {
      "revision": "20ef360f11f027d108a32f50cda113e5a3cd85ac",
      "repairability": [
        {
          "tool-name": "Elixir",
          "pattern-name": "Elixir:update_invocation_deep",
          "Unified_Diff_of-files:": "Starts Below...",
          "CHANGE_old:": "                getIdentifier() + \", \" + getWaypointType() + (getCountryCode() !\u003d null ? \", \" + getCountryCode() : \"\");",
          "CHANGE_new:": "                getIdentifier() + \",\" + getWaypointType() + (getCountryCode() !\u003d null ? \", \" + getCountryCode() : \"\");",
          "instance_detail": [
            {
              "pattern_action": "ANY",
              "pattern_entity": {
                "entity_type": "*",
                "entity_new value": "*",
                "entity_role": "*",
                "entity_parent": {
                  "entity_type": "AbstractInvocation",
                  "entity_new value": "*",
                  "entity_role": "*",
                  "entity_parent": "null"
                }
              },
              "concrete_change": {
                "operator": "UPD",
                "src_type": "VariableRead",
                "dst_type": "VariableRead",
                "src": "position",
                "dst": "identifier",
                "src_parent_type": "Invocation",
                "dst_parent_type": "Invocation",
                "src_parent": "position.getIdentifier()",
                "dst_parent": "(slash.navigation.fpl.GarminFlightPlanFormat.hasValidIdentifier(identifier))"
              },
              "line": 94,
              "file": "/home/khesoem/projects/lighter/exp/navigation-formats/src/main/java/slash/navigation/fpl/GarminFlightPlanFormat.java",
              "stats": {
                "number_of_src_entities": 4,
                "number_of_dst_entities": 4,
                "src_entity_types": "[slash.navigation.fpl.GarminFlightPlanPosition]",
                "dst_entity_types": "[java.lang.String]"
              }
            }
          ]
        },
        {
          "tool-name": "Elixir",
          "pattern-name": "Elixir:update_invocation_deep",
          "Unified_Diff_of-files:": "Starts Below...",
          "CHANGE_old:": "                getIdentifier() + \", \" + getWaypointType() + (getCountryCode() !\u003d null ? \", \" + getCountryCode() : \"\");",
          "CHANGE_new:": "                getIdentifier() + \",\" + getWaypointType() + (getCountryCode() !\u003d null ? \", \" + getCountryCode() : \"\");",
          "instance_detail": [
            {
              "pattern_action": "ANY",
              "pattern_entity": {
                "entity_type": "*",
                "entity_new value": "*",
                "entity_role": "*",
                "entity_parent": {
                  "entity_type": "AbstractInvocation",
                  "entity_new value": "*",
                  "entity_role": "*",
                  "entity_parent": "null"
                }
              },
              "concrete_change": {
                "operator": "UPD",
                "src_type": "VariableRead",
                "dst_type": "VariableRead",
                "src": "position",
                "dst": "identifier",
                "src_parent_type": "Invocation",
                "dst_parent_type": "Invocation",
                "src_parent": "position.getIdentifier()",
                "dst_parent": "(p.getIdentifier().equals(identifier))"
              },
              "line": 98,
              "file": "/home/khesoem/projects/lighter/exp/navigation-formats/src/main/java/slash/navigation/fpl/GarminFlightPlanFormat.java",
              "stats": {
                "number_of_src_entities": 4,
                "number_of_dst_entities": 4,
                "src_entity_types": "[slash.navigation.fpl.GarminFlightPlanPosition]",
                "dst_entity_types": "[java.lang.String]"
              }
            }
          ]
        }
      ]
    }
  ],
  "complete_analysis": true
}