{
  "instances": [
    {
      "revision": "28847ec48afc2ad7ac4b02e70dc8bce976433203",
      "repairability": [
        {
          "tool-name": "JGenProg",
          "pattern-name": "JGenProg:any_statement_shallow",
          "Unified_Diff_of-files:": "Starts Below...",
          "CHANGE_old:": "    public void filterMap(Map map) {",
          "CHANGE_new:": "    private void filterMap(Map map) {",
          "DELETE:": "                return result;",
          "instance_detail": [
            {
              "pattern_action": "ANY",
              "pattern_entity": {
                "entity_type": "*",
                "entity_new value": "*",
                "entity_role": "Statement",
                "entity_parent": "null"
              },
              "concrete_change": {
                "operator": "DEL",
                "src_type": "LocalVariable",
                "dst_type": "null",
                "src": "boolean result \u003d ((java.util.Objects.equals(clazz, entry.getKey())) || (java.util.Objects.equals(void.class, entry.getKey()))) || (java.util.Objects.equals(null, entry.getKey()))",
                "dst": "null",
                "src_parent_type": "Block",
                "dst_parent_type": "null",
                "src_parent": "{\n    boolean result \u003d ((java.util.Objects.equals(clazz, entry.getKey())) || (java.util.Objects.equals(void.class, entry.getKey()))) || (java.util.Objects.equals(null, entry.getKey()));\n    return result;\n}",
                "dst_parent": "null"
              },
              "line": 65,
              "file": "/home/khesoem/projects/lighter/exp/src/main/java/com/json/ignore/filter/field/FieldProcessor.java",
              "stats": {
                "number_of_src_entities": 109,
                "number_of_dst_entities": -1,
                "src_entity_types": "[boolean, void, java.util.Map.Entry\u003cjava.lang.Class, java.util.List\u003cjava.lang.String\u003e\u003e, java.util.Map.Entry, java.lang.String, java.util.Objects, java.lang.Class, java.util.List\u003cjava.lang.String\u003e, java.util.Map, \u003cnulltype\u003e]",
                "dst_entity_types": "[]"
              }
            }
          ]
        }
      ]
    }
  ],
  "complete_analysis": true
}