{
  "instances": [
    {
      "revision": "fbe69a66c6018247afe13ab3eac792100596ff97",
      "repairability": [
        {
          "tool-name": "JGenProg",
          "pattern-name": "JGenProg:any_statement_deep",
          "Unified_Diff_of-files:": "Starts Below...",
          "CHANGE_old:": "        openTag(new AnsiAttributeElement(AnsiAttrType.BG, \"span\", \"style\u003d\\\"background-color: \" + colorMap.getBright(color) + \";\\\"\"));",
          "CHANGE_new:": "        openTag(new AnsiAttributeElement(AnsiAttrType.BG, \"span\", \"style\u003d\\\"background-color: \" + colorMap.getNormal(color) + \";\\\"\"));",
          "instance_detail": [
            {
              "pattern_action": "ANY",
              "pattern_entity": {
                "entity_type": "*",
                "entity_new value": "*",
                "entity_role": "*",
                "entity_parent": {
                  "entity_type": "*",
                  "entity_new value": "*",
                  "entity_role": "Statement",
                  "entity_parent": "null"
                }
              },
              "concrete_change": {
                "operator": "UPD",
                "src_type": "Invocation",
                "dst_type": "Invocation",
                "src": "(colorMap.getBright(color))",
                "dst": "(colorMap.getNormal(color))",
                "src_parent_type": "BinaryOperator",
                "dst_parent_type": "BinaryOperator",
                "src_parent": "(\"style\u003d\\\"background-color: \" + (colorMap.getBright(color)))",
                "dst_parent": "(\"style\u003d\\\"background-color: \" + (colorMap.getNormal(color)))"
              },
              "line": 264,
              "file": "/home/khesoem/projects/lighter/exp/src/main/java/hudson/plugins/ansicolor/AnsiHtmlOutputStream.java",
              "stats": {
                "number_of_src_entities": 20,
                "number_of_dst_entities": 20,
                "src_entity_types": "[hudson.plugins.ansicolor.AnsiHtmlOutputStream, int, hudson.plugins.ansicolor.AnsiColorMap]",
                "dst_entity_types": "[hudson.plugins.ansicolor.AnsiHtmlOutputStream, int, hudson.plugins.ansicolor.AnsiColorMap]"
              }
            }
          ]
        }
      ]
    }
  ],
  "complete_analysis": true
}