{
  "instances": [
    {
      "revision": "3dbc49d353385d8d5e6107e1226d0905c7b5d08d",
      "repairability": [
        {
          "tool-name": "JGenProg",
          "pattern-name": "JGenProg:any_statement_shallow",
          "Unified_Diff_of-files:": "Starts Below...",
          "INSERT:": "}",
          "instance_detail": [
            {
              "pattern_action": "ANY",
              "pattern_entity": {
                "entity_type": "*",
                "entity_new value": "*",
                "entity_role": "Statement",
                "entity_parent": "null"
              },
              "concrete_change": {
                "operator": "DEL",
                "src_type": "Invocation",
                "dst_type": "null",
                "src": "out.write(ansiString.getPlain().toString().getBytes(), 0, ansiString.length())",
                "dst": "null",
                "src_parent_type": "Block",
                "dst_parent_type": "null",
                "src_parent": "{\n    org.fusesource.jansi.AnsiString ansiString \u003d new org.fusesource.jansi.AnsiString(new java.lang.String(b));\n    out.write(ansiString.getPlain().toString().getBytes(), 0, ansiString.length());\n}",
                "dst_parent": "null"
              },
              "line": 58,
              "file": "/home/khesoem/projects/lighter/exp/src/main/java/hudson/plugins/ansicolor/AnsiColorizer.java",
              "stats": {
                "number_of_src_entities": 43,
                "number_of_dst_entities": -1,
                "src_entity_types": "[int, java.io.OutputStream, org.fusesource.jansi.AnsiString, hudson.plugins.ansicolor.AnsiColorizer]",
                "dst_entity_types": "[]"
              }
            }
          ]
        }
      ]
    }
  ],
  "complete_analysis": true
}