{
  "instances": [
    {
      "revision": "780b24fb28bef3af1dbb49342322d41aad54470b",
      "repairability": [
        {
          "tool-name": "JGenProg",
          "pattern-name": "JGenProg:any_statement_shallow",
          "Unified_Diff_of-files:": "Starts Below...",
          "CHANGE_old:": "        closeOpenTags();",
          "CHANGE_new:": "        closeOpenTags(AnsiAttrType.DEFAULT);",
          "INSERT:": "",
          "instance_detail": [
            {
              "pattern_action": "ANY",
              "pattern_entity": {
                "entity_type": "*",
                "entity_new value": "*",
                "entity_role": "Statement",
                "entity_parent": "null"
              },
              "concrete_change": {
                "operator": "UPD",
                "src_type": "Invocation",
                "dst_type": "Invocation",
                "src": "processAttributeRest()",
                "dst": "stopConcealing()",
                "src_parent_type": "Block",
                "dst_parent_type": "Block",
                "src_parent": "{\n    processAttributeRest();\n    super.close();\n}",
                "dst_parent": "{\n    stopConcealing();\n    closeOpenTags(null);\n    super.close();\n}"
              },
              "line": 196,
              "file": "/home/khesoem/projects/lighter/exp/src/main/java/hudson/plugins/ansicolor/AnsiHtmlOutputStream.java",
              "stats": {
                "number_of_src_entities": 11,
                "number_of_dst_entities": 11,
                "src_entity_types": "[hudson.plugins.ansicolor.AnsiHtmlOutputStream]",
                "dst_entity_types": "[hudson.plugins.ansicolor.AnsiHtmlOutputStream]"
              }
            }
          ]
        }
      ]
    }
  ],
  "complete_analysis": true
}