{
  "instances": [
    {
      "revision": "6fe0b752ab5a2fab25bb76ade6ebc1676faec485",
      "repairability": [
        {
          "tool-name": "Cardumen",
          "pattern-name": "Cardumen:expression_replacement_by_upd",
          "Unified_Diff_of-files:": "Starts Below...",
          "INSERT:": "    }",
          "CHANGE_old:": "            childContext.removeProperty(DocumentBundlor.META_PROP_PATTERN);",
          "CHANGE_new:": "                childContext.removeProperty(name);",
          "DELETE:": "    }",
          "instance_detail": [
            {
              "pattern_action": "UPD",
              "pattern_entity": {
                "entity_type": "Expression",
                "entity_new value": "*",
                "entity_role": "*",
                "entity_parent": "null"
              },
              "concrete_change": {
                "operator": "UPD",
                "src_type": "Invocation",
                "dst_type": "Invocation",
                "src": "childContext.removeProperty(DocumentBundlor.META_PROP_BUNDLING_PATH)",
                "dst": "org.apache.jackrabbit.oak.plugins.document.bundlor.BundlingHandler.removeBundlingMetaProps(state, childContext)",
                "src_parent_type": "Block",
                "dst_parent_type": "Block",
                "src_parent": "{\n    childContext.removeProperty(DocumentBundlor.META_PROP_BUNDLING_PATH);\n    for (org.apache.jackrabbit.oak.api.PropertyState ps : state.getProperties()) {\n        java.lang.String propName \u003d ps.getName();\n        if (!(propName.startsWith(DocumentBundlor.HAS_CHILD_PROP_PREFIX))) {\n            childContext.removeProperty(ps.getName());\n        }\n    }\n}",
                "dst_parent": "{\n    org.apache.jackrabbit.oak.plugins.document.bundlor.BundlingHandler.removeBundlingMetaProps(state, childContext);\n    for (org.apache.jackrabbit.oak.api.PropertyState ps : state.getProperties()) {\n        childContext.removeProperty(ps.getName());\n    }\n}"
              },
              "line": 180,
              "file": "/home/khesoem/projects/lighter/exp/oak-store-document/src/main/java/org/apache/jackrabbit/oak/plugins/document/bundlor/BundlingHandler.java",
              "stats": {
                "number_of_src_entities": 16,
                "number_of_dst_entities": 22,
                "src_entity_types": "[org.apache.jackrabbit.oak.plugins.document.bundlor.BundlingHandler, DocumentBundlor.META_PROP_BUNDLING_PATH, org.apache.jackrabbit.oak.plugins.document.bundlor.BundlingHandler.BundlingContext]",
                "dst_entity_types": "[org.apache.jackrabbit.oak.plugins.document.bundlor.BundlingHandler, org.apache.jackrabbit.oak.plugins.document.bundlor.BundlingHandler.BundlingContext, org.apache.jackrabbit.oak.spi.state.NodeState]"
              }
            }
          ]
        },
        {
          "tool-name": "Cardumen",
          "pattern-name": "Cardumen:expression_replacement_by_del_ins",
          "Unified_Diff_of-files:": "Starts Below...",
          "INSERT:": "    }",
          "CHANGE_old:": "            childContext.removeProperty(DocumentBundlor.META_PROP_PATTERN);",
          "CHANGE_new:": "                childContext.removeProperty(name);",
          "DELETE:": "    }",
          "instance_detail": [
            {
              "pattern_action": "INS",
              "pattern_entity": {
                "entity_type": "Expression",
                "entity_new value": "*",
                "entity_role": "*",
                "entity_parent": "null"
              },
              "concrete_change": {
                "operator": "INS",
                "src_type": "VariableRead",
                "dst_type": "null",
                "src": "name",
                "dst": "null",
                "src_parent_type": "Invocation",
                "dst_parent_type": "null",
                "src_parent": "childContext.removeProperty(name)",
                "dst_parent": "null"
              },
              "line": 193,
              "file": "/home/khesoem/projects/lighter/exp/oak-store-document/src/main/java/org/apache/jackrabbit/oak/plugins/document/bundlor/BundlingHandler.java",
              "stats": {
                "number_of_src_entities": 4,
                "number_of_dst_entities": -1,
                "src_entity_types": "[java.lang.String]",
                "dst_entity_types": "[]"
              }
            },
            {
              "pattern_action": "DEL",
              "pattern_entity": {
                "entity_type": "Expression",
                "entity_new value": "*",
                "entity_role": "*",
                "entity_parent": "null"
              },
              "concrete_change": {
                "operator": "DEL",
                "src_type": "TypeAccess",
                "dst_type": "null",
                "src": "DocumentBundlor.META_PROP_PATTERN",
                "dst": "null",
                "src_parent_type": "Invocation",
                "dst_parent_type": "null",
                "src_parent": "childContext.removeProperty(DocumentBundlor.META_PROP_PATTERN)",
                "dst_parent": "null"
              },
              "line": 197,
              "file": "/home/khesoem/projects/lighter/exp/oak-store-document/src/main/java/org/apache/jackrabbit/oak/plugins/document/bundlor/BundlingHandler.java",
              "stats": {
                "number_of_src_entities": 3,
                "number_of_dst_entities": -1,
                "src_entity_types": "[DocumentBundlor.META_PROP_PATTERN]",
                "dst_entity_types": "[]"
              }
            }
          ]
        }
      ]
    }
  ],
  "complete_analysis": true
}