{
  "instances": [
    {
      "revision": "031e3aaa9506b9c7834288fbcc2cbfda127654f7",
      "repairability": [
        {
          "tool-name": "Cardumen",
          "pattern-name": "Cardumen:expression_replacement_by_del_ins",
          "Unified_Diff_of-files:": "Starts Below...",
          "INSERT:": "import org.jetbrains.annotations.NotNull;",
          "CHANGE_old:": "",
          "CHANGE_new:": "    public static InputStream wrap(@NotNull final BlobStatsCollector collector, final String blobId, InputStream in, long startTime) {",
          "DELETE:": "",
          "instance_detail": [
            {
              "pattern_action": "DEL",
              "pattern_entity": {
                "entity_type": "Expression",
                "entity_new value": "*",
                "entity_role": "*",
                "entity_parent": "null"
              },
              "concrete_change": {
                "operator": "DEL",
                "src_type": "FieldRead",
                "dst_type": "null",
                "src": "(startTime)",
                "dst": "null",
                "src_parent_type": "BinaryOperator",
                "dst_parent_type": "null",
                "src_parent": "((java.lang.System.nanoTime()) - (startTime))",
                "dst_parent": "null"
              },
              "line": 48,
              "file": "/home/khesoem/projects/lighter/exp/oak-blob/src/main/java/org/apache/jackrabbit/oak/spi/blob/stats/StatsCollectingStreams.java",
              "stats": {
                "number_of_src_entities": 14,
                "number_of_dst_entities": -1,
                "src_entity_types": "[org.apache.jackrabbit.oak.spi.blob.stats.StatsCollectingStreams.1, org.apache.jackrabbit.oak.spi.blob.stats.StatsCollectingStreams]",
                "dst_entity_types": "[]"
              }
            },
            {
              "pattern_action": "INS",
              "pattern_entity": {
                "entity_type": "Expression",
                "entity_new value": "*",
                "entity_role": "*",
                "entity_parent": "null"
              },
              "concrete_change": {
                "operator": "INS",
                "src_type": "VariableRead",
                "dst_type": "null",
                "src": "startTime",
                "dst": "null",
                "src_parent_type": "BinaryOperator",
                "dst_parent_type": "null",
                "src_parent": "((java.lang.System.nanoTime()) - startTime)",
                "dst_parent": "null"
              },
              "line": 51,
              "file": "/home/khesoem/projects/lighter/exp/oak-blob/src/main/java/org/apache/jackrabbit/oak/spi/blob/stats/StatsCollectingStreams.java",
              "stats": {
                "number_of_src_entities": 3,
                "number_of_dst_entities": -1,
                "src_entity_types": "[long]",
                "dst_entity_types": "[]"
              }
            }
          ]
        }
      ]
    }
  ],
  "complete_analysis": true
}