{
  "instances": [
    {
      "revision": "c621f161c4b009e7fed2500c785337adbe7d9e81",
      "repairability": [
        {
          "tool-name": "Arja",
          "pattern-name": "Arja:arja_deep_change",
          "Unified_Diff_of-files:": "Starts Below...",
          "CHANGE_old:": "        this.pattern \u003d TemplateBuilder.createPattern(templateRoot, templateType, null).build(nodes -\u0026gt; this.patternModel \u003d nodes);",
          "CHANGE_new:": "        this.pattern \u003d TemplateBuilder.createTemplateBuilder(templateRoot, templateType, null).build(nodes -\u0026gt; this.patternModel \u003d nodes);",
          "instance_detail": [
            {
              "pattern_action": "ANY",
              "pattern_entity": {
                "entity_type": "*",
                "entity_new value": "*",
                "entity_role": "*",
                "entity_parent": {
                  "entity_type": "Statement",
                  "entity_new value": "*",
                  "entity_role": "*",
                  "entity_parent": "null"
                }
              },
              "concrete_change": {
                "operator": "UPD",
                "src_type": "TypeAccess",
                "dst_type": "TypeAccess",
                "src": "spoon.template.TemplateMatcher",
                "dst": "",
                "src_parent_type": "ThisAccess",
                "dst_parent_type": "ThisAccess",
                "src_parent": "this",
                "dst_parent": "this"
              },
              "stats": {
                "number_of_src_entities": 3,
                "number_of_dst_entities": 1,
                "src_entity_types": "[spoon.template.TemplateMatcher]",
                "dst_entity_types": "[]"
              }
            }
          ]
        }
      ]
    }
  ],
  "complete_analysis": true
}