{
  "instances": [
    {
      "revision": "6ec8ab8c8884c963a0bd51a54bb8dee77d4d5293",
      "repairability": [
        {
          "tool-name": "Arja",
          "pattern-name": "Arja:arja_shallow_change",
          "Unified_Diff_of-files:": "Starts Below...",
          "CHANGE_old:": "                                    .getSelectedFile()));",
          "CHANGE_new:": "",
          "instance_detail": [
            {
              "pattern_action": "ANY",
              "pattern_entity": {
                "entity_type": "Statement",
                "entity_new value": "*",
                "entity_role": "*",
                "entity_parent": "null"
              },
              "concrete_change": {
                "operator": "DEL",
                "src_type": "Invocation",
                "dst_type": "null",
                "src": "new spoon.support.SerializationModelStreamer().save(factory, new java.io.FileOutputStream(file))",
                "dst": "null",
                "src_parent_type": "Block",
                "dst_parent_type": "null",
                "src_parent": "{\n    new spoon.support.SerializationModelStreamer().save(factory, new java.io.FileOutputStream(file));\n}",
                "dst_parent": "null"
              },
              "line": 98,
              "file": "/home/khesoem/projects/lighter/exp/src/main/java/spoon/IncrementalLauncher.java"
            }
          ]
        },
        {
          "tool-name": "Arja",
          "pattern-name": "Arja:arja_shallow_change",
          "Unified_Diff_of-files:": "Starts Below...",
          "CHANGE_old:": "                                    .getSelectedFile()));",
          "CHANGE_new:": "",
          "instance_detail": [
            {
              "pattern_action": "ANY",
              "pattern_entity": {
                "entity_type": "Statement",
                "entity_new value": "*",
                "entity_role": "*",
                "entity_parent": "null"
              },
              "concrete_change": {
                "operator": "DEL",
                "src_type": "Try",
                "dst_type": "null",
                "src": "try {\n    new spoon.support.SerializationModelStreamer().save(factory, new java.io.FileOutputStream(file));\n} catch (java.io.IOException e) {\n    throw new spoon.SpoonException(\"unable to save factory\");\n}",
                "dst": "null",
                "src_parent_type": "Block",
                "dst_parent_type": "null",
                "src_parent": "{\n    try {\n        new spoon.support.SerializationModelStreamer().save(factory, new java.io.FileOutputStream(file));\n    } catch (java.io.IOException e) {\n        throw new spoon.SpoonException(\"unable to save factory\");\n    }\n}",
                "dst_parent": "null"
              },
              "line": 97,
              "file": "/home/khesoem/projects/lighter/exp/src/main/java/spoon/IncrementalLauncher.java",
              "stats": {
                "number_of_src_entities": 50,
                "number_of_dst_entities": -1,
                "src_entity_types": "[java.io.FileOutputStream, spoon.SpoonException, spoon.support.SerializationModelStreamer, spoon.reflect.factory.Factory, java.io.IOException, java.lang.String, java.io.File]",
                "dst_entity_types": "[]"
              }
            }
          ]
        }
      ]
    },
    {
      "revision": "6ec8ab8c8884c963a0bd51a54bb8dee77d4d5293",
      "repairability": [
        {
          "tool-name": "Arja",
          "pattern-name": "Arja:arja_shallow_change",
          "Unified_Diff_of-files:": "Starts Below...",
          "CHANGE_old:": "                                    .getSelectedFile()));",
          "CHANGE_new:": "",
          "instance_detail": [
            {
              "pattern_action": "ANY",
              "pattern_entity": {
                "entity_type": "Statement",
                "entity_new value": "*",
                "entity_role": "*",
                "entity_parent": "null"
              },
              "concrete_change": {
                "operator": "DEL",
                "src_type": "Invocation",
                "dst_type": "null",
                "src": "ser.save(factory, new java.io.FileOutputStream(chooser.getSelectedFile()))",
                "dst": "null",
                "src_parent_type": "Block",
                "dst_parent_type": "null",
                "src_parent": "{\n    ser.save(factory, new java.io.FileOutputStream(chooser.getSelectedFile()));\n}",
                "dst_parent": "null"
              },
              "line": 141,
              "file": "/home/khesoem/projects/lighter/exp/src/main/java/spoon/support/gui/SpoonModelTree.java"
            }
          ]
        },
        {
          "tool-name": "Arja",
          "pattern-name": "Arja:arja_shallow_change",
          "Unified_Diff_of-files:": "Starts Below...",
          "CHANGE_old:": "                                    .getSelectedFile()));",
          "CHANGE_new:": "",
          "instance_detail": [
            {
              "pattern_action": "ANY",
              "pattern_entity": {
                "entity_type": "Statement",
                "entity_new value": "*",
                "entity_role": "*",
                "entity_parent": "null"
              },
              "concrete_change": {
                "operator": "DEL",
                "src_type": "Try",
                "dst_type": "null",
                "src": "try {\n    ser.save(factory, new java.io.FileOutputStream(chooser.getSelectedFile()));\n} catch (java.io.IOException e1) {\n    spoon.Launcher.LOGGER.error(e1.getMessage(), e1);\n}",
                "dst": "null",
                "src_parent_type": "Block",
                "dst_parent_type": "null",
                "src_parent": "{\n    spoon.support.SerializationModelStreamer ser \u003d new spoon.support.SerializationModelStreamer();\n    try {\n        ser.save(factory, new java.io.FileOutputStream(chooser.getSelectedFile()));\n    } catch (java.io.IOException e1) {\n        spoon.Launcher.LOGGER.error(e1.getMessage(), e1);\n    }\n}",
                "dst_parent": "null"
              },
              "line": 140,
              "file": "/home/khesoem/projects/lighter/exp/src/main/java/spoon/support/gui/SpoonModelTree.java",
              "stats": {
                "number_of_src_entities": 82,
                "number_of_dst_entities": -1,
                "src_entity_types": "[org.apache.log4j.Category, spoon.support.gui.SpoonModelTree, java.io.FileOutputStream, javax.swing.JFileChooser, spoon.support.SerializationModelStreamer, java.io.IOException, spoon.Launcher, java.lang.Throwable]",
                "dst_entity_types": "[]"
              }
            }
          ]
        }
      ]
    }
  ],
  "complete_analysis": true
}