{
  "instances": [
    {
      "revision": "5158cc5ac6d5869251b4f5bc071eb03c293f5607",
      "repairability": [
        {
          "tool-name": "Arja",
          "pattern-name": "Arja:arja_shallow_change",
          "Unified_Diff_of-files:": "Starts Below...",
          "INSERT:": "}",
          "instance_detail": [
            {
              "pattern_action": "ANY",
              "pattern_entity": {
                "entity_type": "Statement",
                "entity_new value": "*",
                "entity_role": "*",
                "entity_parent": "null"
              },
              "concrete_change": {
                "operator": "DEL",
                "src_type": "Try",
                "dst_type": "null",
                "src": "try {\n    java.lang.Integer.parseInt(className);\n    final java.util.List\u003cspoon.reflect.code.CtNewClass\u003e anonymousClasses \u003d t.getElements(new spoon.reflect.visitor.filter.TypeFilter\u003cspoon.reflect.code.CtNewClass\u003e(spoon.reflect.code.CtNewClass.class) {\n        @java.lang.Override\n        public boolean matches(spoon.reflect.code.CtNewClass element) {\n            return (super.matches(element)) \u0026\u0026 (element.getAnonymousClass().getQualifiedName().equals(qualifiedName));\n        }\n    });\n    if (anonymousClasses.isEmpty()) {\n        return null;\n    }\n    return anonymousClasses.get(0).getAnonymousClass();\n} catch (java.lang.NumberFormatException e) {\n    return t.getNestedType(className);\n}",
                "dst": "null",
                "src_parent_type": "Block",
                "dst_parent_type": "null",
                "src_parent": "{\n    java.lang.String s \u003d qualifiedName.substring(0, inertTypeIndex);\n    spoon.reflect.declaration.CtType\u003cT\u003e t \u003d factory.Type().get(s);\n    if (t \u003d\u003d null) {\n        return null;\n    }\n    java.lang.String className \u003d qualifiedName.substring((inertTypeIndex + 1));\n    final spoon.reflect.reference.CtTypeReference\u003cT\u003e reference \u003d t.getReference();\n    if (reference.isLocalType()) {\n        final java.util.List\u003cspoon.reflect.declaration.CtClass\u003cT\u003e\u003e enclosingClasses \u003d t.getElements(new spoon.reflect.visitor.filter.TypeFilter\u003cspoon.reflect.declaration.CtClass\u003cT\u003e\u003e(spoon.reflect.declaration.CtClass.class) {\n            @java.lang.Override\n            public boolean matches(spoon.reflect.declaration.CtClass\u003cT\u003e element) {\n                return (super.matches(element)) \u0026\u0026 (element.getQualifiedName().equals(qualifiedName));\n            }\n        });\n        if (enclosingClasses.isEmpty()) {\n            return null;\n        }\n        return enclosingClasses.get(0);\n    }\n    try {\n        java.lang.Integer.parseInt(className);\n        final java.util.List\u003cspoon.reflect.code.CtNewClass\u003e anonymousClasses \u003d t.getElements(new spoon.reflect.visitor.filter.TypeFilter\u003cspoon.reflect.code.CtNewClass\u003e(spoon.reflect.code.CtNewClass.class) {\n            @java.lang.Override\n            public boolean matches(spoon.reflect.code.CtNewClass element) {\n                return (super.matches(element)) \u0026\u0026 (element.getAnonymousClass().getQualifiedName().equals(qualifiedName));\n            }\n        });\n        if (anonymousClasses.isEmpty()) {\n            return null;\n        }\n        return anonymousClasses.get(0).getAnonymousClass();\n    } catch (java.lang.NumberFormatException e) {\n        return t.getNestedType(className);\n    }\n}",
                "dst_parent": "null"
              },
              "line": 460,
              "file": "/home/khesoem/projects/lighter/exp/src/main/java/spoon/reflect/factory/TypeFactory.java",
              "stats": {
                "number_of_src_entities": 210,
                "number_of_dst_entities": -1,
                "src_entity_types": "[spoon.reflect.declaration.CtElement, spoon.reflect.visitor.filter.AbstractFilter, java.lang.String, spoon.reflect.declaration.CtTypeInformation, spoon.reflect.visitor.filter.TypeFilter\u003cspoon.reflect.code.CtNewClass\u003e, spoon.reflect.visitor.filter.TypeFilter, \u003cnulltype\u003e, java.lang.Integer, int, boolean, spoon.reflect.declaration.CtType\u003cT\u003e, spoon.reflect.factory.TypeFactory.2, spoon.reflect.declaration.CtType, spoon.reflect.code.CtNewClass, java.lang.NumberFormatException, java.util.List\u003cspoon.reflect.code.CtNewClass\u003e, , java.util.List, java.lang.Override, spoon.reflect.factory.TypeFactory]",
                "dst_entity_types": "[]"
              }
            }
          ]
        }
      ]
    }
  ],
  "complete_analysis": true
}