{
  "instances": [
    {
      "revision": "798ca3d7a282582ba479fc2a4533846a248f6b78",
      "repairability": [
        {
          "tool-name": "Arja",
          "pattern-name": "Arja:arja_shallow_change",
          "Unified_Diff_of-files:": "Starts Below...",
          "CHANGE_old:": "                            .toByteArray()));",
          "CHANGE_new:": "",
          "DELETE:": "                    ByteArrayOutputStream output \u003d new ByteArrayOutputStream(buffer);",
          "instance_detail": [
            {
              "pattern_action": "ANY",
              "pattern_entity": {
                "entity_type": "Statement",
                "entity_new value": "*",
                "entity_role": "*",
                "entity_parent": "null"
              },
              "concrete_change": {
                "operator": "INS",
                "src_type": "LocalVariable",
                "dst_type": "null",
                "src": "java.io.ByteArrayOutputStream output \u003d new java.io.ByteArrayOutputStream(buffer)",
                "dst": "null",
                "src_parent_type": "TryWithResource",
                "dst_parent_type": "null",
                "src_parent": "try (java.util.zip.ZipInputStream zipInput \u003d new java.util.zip.ZipInputStream(new java.io.BufferedInputStream(new java.io.FileInputStream(file)));java.io.ByteArrayOutputStream output \u003d new java.io.ByteArrayOutputStream(buffer)) {\n    java.util.zip.ZipEntry entry;\n    while ((entry \u003d zipInput.getNextEntry()) !\u003d null) {\n        int count;\n        byte[] data \u003d new byte[buffer];\n        while ((count \u003d zipInput.read(data, 0, buffer)) !\u003d (-1)) {\n            output.write(data, 0, count);\n        } \n        files.add(new spoon.support.compiler.ZipFile(this, entry.getName(), output.toByteArray()));\n        output.reset();\n    } \n} catch (java.lang.Exception e) {\n    spoon.Launcher.LOGGER.error(e.getMessage(), e);\n}",
                "dst_parent": "null"
              },
              "line": 79,
              "file": "/home/khesoem/projects/lighter/exp/src/main/java/spoon/support/compiler/ZipFolder.java",
              "stats": {
                "number_of_src_entities": 13,
                "number_of_dst_entities": -1,
                "src_entity_types": "[int, java.io.ByteArrayOutputStream]",
                "dst_entity_types": "[]"
              }
            }
          ]
        },
        {
          "tool-name": "Arja",
          "pattern-name": "Arja:arja_shallow_change",
          "Unified_Diff_of-files:": "Starts Below...",
          "CHANGE_old:": "                            .toByteArray()));",
          "CHANGE_new:": "",
          "DELETE:": "                    ByteArrayOutputStream output \u003d new ByteArrayOutputStream(buffer);",
          "instance_detail": [
            {
              "pattern_action": "ANY",
              "pattern_entity": {
                "entity_type": "Statement",
                "entity_new value": "*",
                "entity_role": "*",
                "entity_parent": "null"
              },
              "concrete_change": {
                "operator": "DEL",
                "src_type": "LocalVariable",
                "dst_type": "null",
                "src": "java.io.ByteArrayOutputStream output \u003d new java.io.ByteArrayOutputStream(buffer)",
                "dst": "null",
                "src_parent_type": "Block",
                "dst_parent_type": "null",
                "src_parent": "{\n    final int buffer \u003d 2048;\n    java.io.ByteArrayOutputStream output \u003d new java.io.ByteArrayOutputStream(buffer);\n    int count;\n    byte[] data \u003d new byte[buffer];\n    while ((count \u003d zipInput.read(data, 0, buffer)) !\u003d (-1)) {\n        output.write(data, 0, count);\n    } \n    output.flush();\n    output.close();\n    files.add(new spoon.support.compiler.ZipFile(this, entry.getName(), output.toByteArray()));\n}",
                "dst_parent": "null"
              },
              "line": 82,
              "file": "/home/khesoem/projects/lighter/exp/src/main/java/spoon/support/compiler/ZipFolder.java",
              "stats": {
                "number_of_src_entities": 13,
                "number_of_dst_entities": -1,
                "src_entity_types": "[int, java.io.ByteArrayOutputStream]",
                "dst_entity_types": "[]"
              }
            }
          ]
        },
        {
          "tool-name": "Arja",
          "pattern-name": "Arja:arja_shallow_change",
          "Unified_Diff_of-files:": "Starts Below...",
          "CHANGE_old:": "                            .toByteArray()));",
          "CHANGE_new:": "",
          "DELETE:": "                    ByteArrayOutputStream output \u003d new ByteArrayOutputStream(buffer);",
          "instance_detail": [
            {
              "pattern_action": "ANY",
              "pattern_entity": {
                "entity_type": "Statement",
                "entity_new value": "*",
                "entity_role": "*",
                "entity_parent": "null"
              },
              "concrete_change": {
                "operator": "DEL",
                "src_type": "Invocation",
                "dst_type": "null",
                "src": "output.close()",
                "dst": "null",
                "src_parent_type": "Block",
                "dst_parent_type": "null",
                "src_parent": "{\n    final int buffer \u003d 2048;\n    java.io.ByteArrayOutputStream output \u003d new java.io.ByteArrayOutputStream(buffer);\n    int count;\n    byte[] data \u003d new byte[buffer];\n    while ((count \u003d zipInput.read(data, 0, buffer)) !\u003d (-1)) {\n        output.write(data, 0, count);\n    } \n    output.flush();\n    output.close();\n    files.add(new spoon.support.compiler.ZipFile(this, entry.getName(), output.toByteArray()));\n}",
                "dst_parent": "null"
              },
              "line": 89,
              "file": "/home/khesoem/projects/lighter/exp/src/main/java/spoon/support/compiler/ZipFolder.java",
              "stats": {
                "number_of_src_entities": 9,
                "number_of_dst_entities": -1,
                "src_entity_types": "[java.io.ByteArrayOutputStream]",
                "dst_entity_types": "[]"
              }
            }
          ]
        }
      ]
    }
  ],
  "complete_analysis": true
}