{
  "instances": [
    {
      "revision": "5413fe50571d18a8124a975637b7f8b84597c221",
      "repairability": [
        {
          "tool-name": "Arja",
          "pattern-name": "Arja:arja_shallow_change",
          "Unified_Diff_of-files:": "Starts Below...",
          "INSERT:": "        }",
          "CHANGE_old:": "",
          "CHANGE_new:": "            printer.scan(clone);",
          "instance_detail": [
            {
              "pattern_action": "ANY",
              "pattern_entity": {
                "entity_type": "Statement",
                "entity_new value": "*",
                "entity_role": "*",
                "entity_parent": "null"
              },
              "concrete_change": {
                "operator": "INS",
                "src_type": "LocalVariable",
                "dst_type": "null",
                "src": "spoon.reflect.visitor.PrettyPrinter printer \u003d getFactory().getEnvironment().createPrettyPrinterAutoImport()",
                "dst": "null",
                "src_parent_type": "Block",
                "dst_parent_type": "null",
                "src_parent": "{\n    spoon.reflect.visitor.PrettyPrinter printer \u003d getFactory().getEnvironment().createPrettyPrinterAutoImport();\n    return printer.prettyprint(this).getResult();\n}",
                "dst_parent": "null"
              },
              "line": 282,
              "file": "/home/khesoem/projects/lighter/exp/src/main/java/spoon/support/reflect/declaration/CtElementImpl.java",
              "stats": {
                "number_of_src_entities": 25,
                "number_of_dst_entities": -1,
                "src_entity_types": "[spoon.reflect.visitor.PrettyPrinter, spoon.support.reflect.declaration.CtElementImpl, spoon.reflect.factory.Factory]",
                "dst_entity_types": "[]"
              }
            }
          ]
        }
      ]
    },
    {
      "revision": "5413fe50571d18a8124a975637b7f8b84597c221",
      "repairability": [
        {
          "tool-name": "Arja",
          "pattern-name": "Arja:arja_shallow_change",
          "Unified_Diff_of-files:": "Starts Below...",
          "INSERT:": "        }",
          "CHANGE_old:": "",
          "CHANGE_new:": "            printer.scan(clone);",
          "instance_detail": [
            {
              "pattern_action": "ANY",
              "pattern_entity": {
                "entity_type": "Statement",
                "entity_new value": "*",
                "entity_role": "*",
                "entity_parent": "null"
              },
              "concrete_change": {
                "operator": "INS",
                "src_type": "Return",
                "dst_type": "null",
                "src": "return printer",
                "dst": "null",
                "src_parent_type": "Block",
                "dst_parent_type": "null",
                "src_parent": "{\n    spoon.reflect.visitor.DefaultJavaPrettyPrinter printer \u003d new spoon.reflect.visitor.DefaultJavaPrettyPrinter(this);\n    java.util.List\u003cspoon.processing.Processor\u003cspoon.reflect.declaration.CtCompilationUnit\u003e\u003e preprocessors \u003d java.util.Collections.unmodifiableList(java.util.Arrays.\u003cspoon.processing.Processor\u003cspoon.reflect.declaration.CtCompilationUnit\u003e\u003easList(new spoon.reflect.visitor.ForceFullyQualifiedProcessor(), new spoon.reflect.visitor.ImportConflictDetector(), new spoon.reflect.visitor.ImportCleaner().setImportComparator(new spoon.reflect.visitor.DefaultImportComparator())));\n    printer.setPreprocessors(preprocessors);\n    return printer;\n}",
                "dst_parent": "null"
              },
              "line": 686,
              "file": "/home/khesoem/projects/lighter/exp/src/main/java/spoon/support/StandardEnvironment.java",
              "stats": {
                "number_of_src_entities": 5,
                "number_of_dst_entities": -1,
                "src_entity_types": "[spoon.reflect.visitor.DefaultJavaPrettyPrinter]",
                "dst_entity_types": "[]"
              }
            }
          ]
        }
      ]
    },
    {
      "revision": "5413fe50571d18a8124a975637b7f8b84597c221",
      "repairability": [
        {
          "tool-name": "Arja",
          "pattern-name": "Arja:arja_shallow_change",
          "Unified_Diff_of-files:": "Starts Below...",
          "INSERT:": "        }",
          "CHANGE_old:": "",
          "CHANGE_new:": "            printer.scan(clone);",
          "instance_detail": [
            {
              "pattern_action": "ANY",
              "pattern_entity": {
                "entity_type": "Statement",
                "entity_new value": "*",
                "entity_role": "*",
                "entity_parent": "null"
              },
              "concrete_change": {
                "operator": "INS",
                "src_type": "Block",
                "dst_type": "null",
                "src": "{\n    environment.setPrettyPrintingMode(PRETTY_PRINTING_MODE);\n}",
                "dst": "null",
                "src_parent_type": "If",
                "dst_parent_type": "null",
                "src_parent": "if (jsapActualArgs.getBoolean(\"imports\")) {\n    environment.setPrettyPrintingMode(PRETTY_PRINTING_MODE);\n} else {\n    environment.setPrettyPrintingMode(PRETTY_PRINTING_MODE);\n}",
                "dst_parent": "null"
              },
              "line": 451,
              "file": "/home/khesoem/projects/lighter/exp/src/main/java/spoon/Launcher.java",
              "stats": {
                "number_of_src_entities": 19,
                "number_of_dst_entities": -1,
                "src_entity_types": "[spoon.compiler.Environment]",
                "dst_entity_types": "[]"
              }
            }
          ]
        }
      ]
    }
  ],
  "complete_analysis": true
}