{
  "instances": [
    {
      "revision": "247062f6314e3e0990f1cea6ab10bb67bc96573e",
      "repairability": [
        {
          "tool-name": "NPEfix",
          "pattern-name": "NPEfix:npefix_global_replace",
          "Unified_Diff_of-files:": "Starts Below...",
          "INSERT:": "}",
          "instance_detail": [
            {
              "pattern_action": "INS",
              "pattern_entity": {
                "entity_type": "If",
                "entity_new value": "*",
                "entity_role": "*",
                "entity_parent": "null"
              },
              "concrete_change": {
                "operator": "INS",
                "src_type": "If",
                "dst_type": "null",
                "src": "if ((customFormSubmissionActions) \u003d\u003d null) {\n    customFormSubmissionActions \u003d new java.util.ArrayList\u003corg.openmrs.module.htmlformentry.CustomFormSubmissionAction\u003e();\n}",
                "dst": "null",
                "src_parent_type": "Block",
                "dst_parent_type": "null",
                "src_parent": "{\n    if ((customFormSubmissionActions) \u003d\u003d null) {\n        customFormSubmissionActions \u003d new java.util.ArrayList\u003corg.openmrs.module.htmlformentry.CustomFormSubmissionAction\u003e();\n    }\n    customFormSubmissionActions.add(action);\n}",
                "dst_parent": "null"
              },
              "line": 603,
              "file": "/home/khesoem/projects/lighter/exp/api/src/main/java/org/openmrs/module/htmlformentry/FormSubmissionActions.java"
            },
            {
              "pattern_action": "INS",
              "pattern_entity": {
                "entity_type": "Assignment",
                "entity_new value": "*",
                "entity_role": "*",
                "entity_parent": {
                  "entity_type": "*",
                  "entity_new value": "*",
                  "entity_role": "Then",
                  "entity_parent": {
                    "entity_type": "If",
                    "entity_new value": "*",
                    "entity_role": "*",
                    "entity_parent": "null"
                  }
                }
              },
              "concrete_change": {
                "operator": "INS",
                "src_type": "Assignment",
                "dst_type": "null",
                "src": "customFormSubmissionActions \u003d new java.util.ArrayList\u003corg.openmrs.module.htmlformentry.CustomFormSubmissionAction\u003e()",
                "dst": "null",
                "src_parent_type": "Block",
                "dst_parent_type": "null",
                "src_parent": "{\n    customFormSubmissionActions \u003d new java.util.ArrayList\u003corg.openmrs.module.htmlformentry.CustomFormSubmissionAction\u003e();\n}",
                "dst_parent": "null"
              },
              "line": 604,
              "file": "/home/khesoem/projects/lighter/exp/api/src/main/java/org/openmrs/module/htmlformentry/FormSubmissionActions.java"
            }
          ]
        }
      ]
    }
  ],
  "complete_analysis": true
}