{
  "instances": [
    {
      "revision": "4b7e79d6c9c4cbdef64d1498499916b90c5c93cb",
      "repairability": [
        {
          "tool-name": "JKali",
          "pattern-name": "JKali:add_rtrn",
          "Unified_Diff_of-files:": "Starts Below...",
          "CHANGE_old:": "    public void convert(Iterator\u0026lt;? extends T\u0026gt; iterator, Writer writer) throws IOException {",
          "CHANGE_new:": "    public long convert(Iterator\u0026lt;? extends T\u0026gt; iterator, Writer writer) throws IOException {",
          "INSERT:": "        return 0;",
          "instance_detail": [
            {
              "pattern_action": "INS",
              "pattern_entity": {
                "entity_type": "Return",
                "entity_new value": "*",
                "entity_role": "Statement",
                "entity_parent": "null"
              },
              "concrete_change": {
                "operator": "INS",
                "src_type": "Return",
                "dst_type": "null",
                "src": "return execute(convertTask)",
                "dst": "null",
                "src_parent_type": "Block",
                "dst_parent_type": "null",
                "src_parent": "{\n    org.jsapar.convert.ConvertTask convertTask \u003d new org.jsapar.convert.ConvertTask(makeParseTask(iterator), makeComposer(writer));\n    return execute(convertTask);\n}",
                "dst_parent": "null"
              },
              "line": 82,
              "file": "/home/khesoem/projects/lighter/exp/src/main/java/org/jsapar/BeanCollection2TextConverter.java",
              "stats": {
                "number_of_src_entities": 16,
                "number_of_dst_entities": -1,
                "src_entity_types": "[org.jsapar.convert.ConvertTask, org.jsapar.BeanCollection2TextConverter\u003cT\u003e, org.jsapar.BeanCollection2TextConverter]",
                "dst_entity_types": "[]"
              }
            }
          ]
        }
      ]
    },
    {
      "revision": "4b7e79d6c9c4cbdef64d1498499916b90c5c93cb",
      "repairability": [
        {
          "tool-name": "JKali",
          "pattern-name": "JKali:add_rtrn",
          "Unified_Diff_of-files:": "Starts Below...",
          "CHANGE_old:": "    public void convert(Iterator\u0026lt;? extends T\u0026gt; iterator, Writer writer) throws IOException {",
          "CHANGE_new:": "    public long convert(Iterator\u0026lt;? extends T\u0026gt; iterator, Writer writer) throws IOException {",
          "INSERT:": "        return 0;",
          "instance_detail": [
            {
              "pattern_action": "INS",
              "pattern_entity": {
                "entity_type": "Return",
                "entity_new value": "*",
                "entity_role": "Statement",
                "entity_parent": "null"
              },
              "concrete_change": {
                "operator": "INS",
                "src_type": "Return",
                "dst_type": "null",
                "src": "return 0",
                "dst": "null",
                "src_parent_type": "Block",
                "dst_parent_type": "null",
                "src_parent": "{\n    execute(convertTaskFactory.makeConvertTask(org.jsapar.concurrent.ConcurrentBeanCollection2TextConverter.makeParseTask(iterator), org.jsapar.concurrent.ConcurrentBeanCollection2TextConverter.makeComposer(writer)));\n    return 0;\n}",
                "dst_parent": "null"
              },
              "line": 44,
              "file": "/home/khesoem/projects/lighter/exp/src/main/java/org/jsapar/concurrent/ConcurrentBeanCollection2TextConverter.java",
              "stats": {
                "number_of_src_entities": 3,
                "number_of_dst_entities": -1,
                "src_entity_types": "[int]",
                "dst_entity_types": "[]"
              }
            }
          ]
        }
      ]
    }
  ],
  "complete_analysis": true
}