{
  "instances": [
    {
      "revision": "0541a16c8106b53252880a4bdf2e81e4fb4a808b",
      "repairability": [
        {
          "tool-name": "JKali",
          "pattern-name": "JKali:del",
          "Unified_Diff_of-files:": "Starts Below...",
          "CHANGE_old:": "     * new SchemaException(\"The value is above maximum range limit.\");\r",
          "CHANGE_new:": "         * SchemaException(\"The value is above maximum range limit.\");\r",
          "instance_detail": [
            {
              "pattern_action": "DEL",
              "pattern_entity": {
                "entity_type": "*",
                "entity_new value": "*",
                "entity_role": "Statement",
                "entity_parent": "null"
              },
              "concrete_change": {
                "operator": "DEL",
                "src_type": "Assignment",
                "dst_type": "null",
                "src": "this.schema \u003d schema",
                "dst": "null",
                "src_parent_type": "Block",
                "dst_parent_type": "null",
                "src_parent": "{\n    this.schema \u003d schema;\n    return build(reader);\n}",
                "dst_parent": "null"
              },
              "line": 79,
              "file": "/home/khesoem/projects/lighter/exp/src/org/jsapar/input/Parser.java"
            }
          ]
        },
        {
          "tool-name": "JKali",
          "pattern-name": "JKali:del",
          "Unified_Diff_of-files:": "Starts Below...",
          "CHANGE_old:": "     * new SchemaException(\"The value is above maximum range limit.\");\r",
          "CHANGE_new:": "         * SchemaException(\"The value is above maximum range limit.\");\r",
          "instance_detail": [
            {
              "pattern_action": "DEL",
              "pattern_entity": {
                "entity_type": "*",
                "entity_new value": "*",
                "entity_role": "Statement",
                "entity_parent": "null"
              },
              "concrete_change": {
                "operator": "DEL",
                "src_type": "Assignment",
                "dst_type": "null",
                "src": "this.schema \u003d schema",
                "dst": "null",
                "src_parent_type": "Block",
                "dst_parent_type": "null",
                "src_parent": "{\n    this.schema \u003d schema;\n    return build(reader, parseErrors);\n}",
                "dst_parent": "null"
              },
              "line": 126,
              "file": "/home/khesoem/projects/lighter/exp/src/org/jsapar/input/Parser.java"
            }
          ]
        },
        {
          "tool-name": "JKali",
          "pattern-name": "JKali:del",
          "Unified_Diff_of-files:": "Starts Below...",
          "CHANGE_old:": "     * new SchemaException(\"The value is above maximum range limit.\");\r",
          "CHANGE_new:": "         * SchemaException(\"The value is above maximum range limit.\");\r",
          "instance_detail": [
            {
              "pattern_action": "DEL",
              "pattern_entity": {
                "entity_type": "*",
                "entity_new value": "*",
                "entity_role": "Statement",
                "entity_parent": "null"
              },
              "concrete_change": {
                "operator": "DEL",
                "src_type": "Return",
                "dst_type": "null",
                "src": "return build(reader, parseErrors)",
                "dst": "null",
                "src_parent_type": "Block",
                "dst_parent_type": "null",
                "src_parent": "{\n    this.schema \u003d schema;\n    return build(reader, parseErrors);\n}",
                "dst_parent": "null"
              },
              "line": 127,
              "file": "/home/khesoem/projects/lighter/exp/src/org/jsapar/input/Parser.java"
            }
          ]
        },
        {
          "tool-name": "JKali",
          "pattern-name": "JKali:del",
          "Unified_Diff_of-files:": "Starts Below...",
          "CHANGE_old:": "     * new SchemaException(\"The value is above maximum range limit.\");\r",
          "CHANGE_new:": "         * SchemaException(\"The value is above maximum range limit.\");\r",
          "instance_detail": [
            {
              "pattern_action": "DEL",
              "pattern_entity": {
                "entity_type": "*",
                "entity_new value": "*",
                "entity_role": "Statement",
                "entity_parent": "null"
              },
              "concrete_change": {
                "operator": "DEL",
                "src_type": "Assignment",
                "dst_type": "null",
                "src": "this.schema \u003d schema",
                "dst": "null",
                "src_parent_type": "Block",
                "dst_parent_type": "null",
                "src_parent": "{\n    this.schema \u003d schema;\n    parse(reader);\n}",
                "dst_parent": "null"
              },
              "line": 169,
              "file": "/home/khesoem/projects/lighter/exp/src/org/jsapar/input/Parser.java"
            }
          ]
        },
        {
          "tool-name": "JKali",
          "pattern-name": "JKali:del",
          "Unified_Diff_of-files:": "Starts Below...",
          "CHANGE_old:": "     * new SchemaException(\"The value is above maximum range limit.\");\r",
          "CHANGE_new:": "         * SchemaException(\"The value is above maximum range limit.\");\r",
          "instance_detail": [
            {
              "pattern_action": "DEL",
              "pattern_entity": {
                "entity_type": "*",
                "entity_new value": "*",
                "entity_role": "Statement",
                "entity_parent": "null"
              },
              "concrete_change": {
                "operator": "DEL",
                "src_type": "Invocation",
                "dst_type": "null",
                "src": "parse(reader)",
                "dst": "null",
                "src_parent_type": "Block",
                "dst_parent_type": "null",
                "src_parent": "{\n    this.schema \u003d schema;\n    parse(reader);\n}",
                "dst_parent": "null"
              },
              "line": 170,
              "file": "/home/khesoem/projects/lighter/exp/src/org/jsapar/input/Parser.java"
            }
          ]
        },
        {
          "tool-name": "JKali",
          "pattern-name": "JKali:add_rtrn",
          "Unified_Diff_of-files:": "Starts Below...",
          "CHANGE_old:": "     * new SchemaException(\"The value is above maximum range limit.\");\r",
          "CHANGE_new:": "         * SchemaException(\"The value is above maximum range limit.\");\r",
          "instance_detail": [
            {
              "pattern_action": "INS",
              "pattern_entity": {
                "entity_type": "Return",
                "entity_new value": "*",
                "entity_role": "Statement",
                "entity_parent": "null"
              },
              "concrete_change": {
                "operator": "INS",
                "src_type": "Return",
                "dst_type": "null",
                "src": "return this.objects",
                "dst": "null",
                "src_parent_type": "Block",
                "dst_parent_type": "null",
                "src_parent": "{\n    addParsingEventListener(new org.jsapar.input.ParsingEventListener() {\n        @java.lang.Override\n        public void lineErrorErrorEvent(org.jsapar.input.LineErrorEvent event) {\n            parseErrors.add(event.getCellParseError());\n        }\n\n        @java.lang.Override\n        public void lineParsedEvent(org.jsapar.input.LineParsedEvent event) {\n            java.util.List\u003corg.jsapar.input.CellParseError\u003e currentParseErrors \u003d new java.util.LinkedList\u003corg.jsapar.input.CellParseError\u003e();\n            try {\n                objects.add(outputter.createObject(event.getLine(), currentParseErrors));\n            } catch (java.lang.Exception e) {\n                currentParseErrors.add(new org.jsapar.input.CellParseError(event.getLineNumber(), \"\", \"\", null, (\"Skipped creating object - \" + e)));\n            }\n            for (org.jsapar.input.CellParseError parseError : currentParseErrors) {\n                parseError.setLineNumber(event.getLineNumber());\n            }\n            parseErrors.addAll(currentParseErrors);\n        }\n    });\n    try {\n        schema.parse(reader, this);\n    } catch (java.io.IOException e) {\n        throw new org.jsapar.input.ParseException(\"Failed to read input\", e);\n    }\n    return this.objects;\n}",
                "dst_parent": "null"
              },
              "line": 270,
              "file": "/home/khesoem/projects/lighter/exp/src/org/jsapar/input/Parser.java"
            }
          ]
        }
      ]
    }
  ],
  "complete_analysis": true
}