{
  "instances": [
    {
      "revision": "527c8e196cf5eac2f0597b1d595508eb303aa988",
      "repairability": [
        {
          "tool-name": "JKali",
          "pattern-name": "JKali:del",
          "Unified_Diff_of-files:": "Starts Below...",
          "DELETE:": "        }\r",
          "CHANGE_old:": "                line.addCell(schemaCell.makeCell(EMPTY_STRING, listener, nLineNumber));\r",
          "CHANGE_new:": "",
          "INSERT:": "    /**\r",
          "instance_detail": [
            {
              "pattern_action": "DEL",
              "pattern_entity": {
                "entity_type": "*",
                "entity_new value": "*",
                "entity_role": "Statement",
                "entity_parent": "null"
              },
              "concrete_change": {
                "operator": "DEL",
                "src_type": "LocalVariable",
                "dst_type": "null",
                "src": "org.jsapar.Cell cell \u003d null",
                "dst": "null",
                "src_parent_type": "Block",
                "dst_parent_type": "null",
                "src_parent": "{\n    org.jsapar.Cell cell \u003d null;\n    if (itSchemaCell.hasNext()) {\n        org.jsapar.schema.CsvSchemaCell schemaCell \u003d itSchemaCell.next();\n        if (schemaCell.isIgnoreRead())\n            continue;\n\n        try {\n            cell \u003d schemaCell.makeCell(sCell, listener, nLineNumber);\n        } catch (org.jsapar.input.ParseException e) {\n            org.jsapar.input.CellParseError cellParseError \u003d e.getCellParseError();\n            cellParseError \u003d new org.jsapar.input.CellParseError(nLineNumber, cellParseError);\n            listener.lineErrorEvent(new org.jsapar.input.LineErrorEvent(this, cellParseError));\n        }\n    } else {\n        cell \u003d new org.jsapar.StringCell(sCell);\n    }\n    if (cell !\u003d null)\n        line.addCell(cell);\n\n}",
                "dst_parent": "null"
              },
              "line": 101,
              "file": "/home/khesoem/projects/lighter/exp/src/main/java/org/jsapar/schema/CsvSchemaLine.java",
              "stats": {
                "number_of_src_entities": 5,
                "number_of_dst_entities": -1,
                "src_entity_types": "[org.jsapar.Cell, \u003cnulltype\u003e]",
                "dst_entity_types": "[]"
              }
            }
          ]
        },
        {
          "tool-name": "JKali",
          "pattern-name": "JKali:del",
          "Unified_Diff_of-files:": "Starts Below...",
          "DELETE:": "        }\r",
          "CHANGE_old:": "                line.addCell(schemaCell.makeCell(EMPTY_STRING, listener, nLineNumber));\r",
          "CHANGE_new:": "",
          "INSERT:": "    /**\r",
          "instance_detail": [
            {
              "pattern_action": "DEL",
              "pattern_entity": {
                "entity_type": "*",
                "entity_new value": "*",
                "entity_role": "Statement",
                "entity_parent": "null"
              },
              "concrete_change": {
                "operator": "DEL",
                "src_type": "Continue",
                "dst_type": "null",
                "src": "continue",
                "dst": "null",
                "src_parent_type": "Block",
                "dst_parent_type": "null",
                "src_parent": "continue;\n",
                "dst_parent": "null"
              },
              "line": 105,
              "file": "/home/khesoem/projects/lighter/exp/src/main/java/org/jsapar/schema/CsvSchemaLine.java"
            }
          ]
        },
        {
          "tool-name": "JKali",
          "pattern-name": "JKali:del",
          "Unified_Diff_of-files:": "Starts Below...",
          "DELETE:": "        }\r",
          "CHANGE_old:": "                line.addCell(schemaCell.makeCell(EMPTY_STRING, listener, nLineNumber));\r",
          "CHANGE_new:": "",
          "INSERT:": "    /**\r",
          "instance_detail": [
            {
              "pattern_action": "DEL",
              "pattern_entity": {
                "entity_type": "*",
                "entity_new value": "*",
                "entity_role": "Statement",
                "entity_parent": "null"
              },
              "concrete_change": {
                "operator": "DEL",
                "src_type": "If",
                "dst_type": "null",
                "src": "if (schemaCell.isIgnoreRead())\n    continue;\n",
                "dst": "null",
                "src_parent_type": "Block",
                "dst_parent_type": "null",
                "src_parent": "{\n    org.jsapar.schema.CsvSchemaCell schemaCell \u003d itSchemaCell.next();\n    if (schemaCell.isIgnoreRead())\n        continue;\n\n    try {\n        cell \u003d schemaCell.makeCell(sCell, listener, nLineNumber);\n    } catch (org.jsapar.input.ParseException e) {\n        org.jsapar.input.CellParseError cellParseError \u003d e.getCellParseError();\n        cellParseError \u003d new org.jsapar.input.CellParseError(nLineNumber, cellParseError);\n        listener.lineErrorEvent(new org.jsapar.input.LineErrorEvent(this, cellParseError));\n    }\n}",
                "dst_parent": "null"
              },
              "line": 104,
              "file": "/home/khesoem/projects/lighter/exp/src/main/java/org/jsapar/schema/CsvSchemaLine.java"
            }
          ]
        },
        {
          "tool-name": "JKali",
          "pattern-name": "JKali:del",
          "Unified_Diff_of-files:": "Starts Below...",
          "DELETE:": "        }\r",
          "CHANGE_old:": "                line.addCell(schemaCell.makeCell(EMPTY_STRING, listener, nLineNumber));\r",
          "CHANGE_new:": "",
          "INSERT:": "    /**\r",
          "instance_detail": [
            {
              "pattern_action": "DEL",
              "pattern_entity": {
                "entity_type": "*",
                "entity_new value": "*",
                "entity_role": "Statement",
                "entity_parent": "null"
              },
              "concrete_change": {
                "operator": "DEL",
                "src_type": "If",
                "dst_type": "null",
                "src": "if (itSchemaCell.hasNext()) {\n    org.jsapar.schema.CsvSchemaCell schemaCell \u003d itSchemaCell.next();\n    if (schemaCell.isIgnoreRead())\n        continue;\n\n    try {\n        cell \u003d schemaCell.makeCell(sCell, listener, nLineNumber);\n    } catch (org.jsapar.input.ParseException e) {\n        org.jsapar.input.CellParseError cellParseError \u003d e.getCellParseError();\n        cellParseError \u003d new org.jsapar.input.CellParseError(nLineNumber, cellParseError);\n        listener.lineErrorEvent(new org.jsapar.input.LineErrorEvent(this, cellParseError));\n    }\n} else {\n    cell \u003d new org.jsapar.StringCell(sCell);\n}",
                "dst": "null",
                "src_parent_type": "Block",
                "dst_parent_type": "null",
                "src_parent": "{\n    org.jsapar.Cell cell \u003d null;\n    if (itSchemaCell.hasNext()) {\n        org.jsapar.schema.CsvSchemaCell schemaCell \u003d itSchemaCell.next();\n        if (schemaCell.isIgnoreRead())\n            continue;\n\n        try {\n            cell \u003d schemaCell.makeCell(sCell, listener, nLineNumber);\n        } catch (org.jsapar.input.ParseException e) {\n            org.jsapar.input.CellParseError cellParseError \u003d e.getCellParseError();\n            cellParseError \u003d new org.jsapar.input.CellParseError(nLineNumber, cellParseError);\n            listener.lineErrorEvent(new org.jsapar.input.LineErrorEvent(this, cellParseError));\n        }\n    } else {\n        cell \u003d new org.jsapar.StringCell(sCell);\n    }\n    if (cell !\u003d null)\n        line.addCell(cell);\n\n}",
                "dst_parent": "null"
              },
              "line": 102,
              "file": "/home/khesoem/projects/lighter/exp/src/main/java/org/jsapar/schema/CsvSchemaLine.java",
              "stats": {
                "number_of_src_entities": 155,
                "number_of_dst_entities": -1,
                "src_entity_types": "[org.jsapar.input.CellParseError, org.jsapar.StringCell, org.jsapar.schema.CsvSchemaCell, java.lang.Object, java.lang.String, java.util.Iterator\u003corg.jsapar.schema.CsvSchemaCell\u003e, org.jsapar.input.ParseException, org.jsapar.input.ParsingEventListener, org.jsapar.Cell, long, org.jsapar.schema.CsvSchemaLine]",
                "dst_entity_types": "[]"
              }
            }
          ]
        },
        {
          "tool-name": "JKali",
          "pattern-name": "JKali:del",
          "Unified_Diff_of-files:": "Starts Below...",
          "DELETE:": "        }\r",
          "CHANGE_old:": "                line.addCell(schemaCell.makeCell(EMPTY_STRING, listener, nLineNumber));\r",
          "CHANGE_new:": "",
          "INSERT:": "    /**\r",
          "instance_detail": [
            {
              "pattern_action": "DEL",
              "pattern_entity": {
                "entity_type": "*",
                "entity_new value": "*",
                "entity_role": "Statement",
                "entity_parent": "null"
              },
              "concrete_change": {
                "operator": "DEL",
                "src_type": "Invocation",
                "dst_type": "null",
                "src": "line.addCell(schemaCell.makeCell(org.jsapar.schema.CsvSchemaLine.EMPTY_STRING, listener, nLineNumber))",
                "dst": "null",
                "src_parent_type": "Block",
                "dst_parent_type": "null",
                "src_parent": "{\n    line.addCell(schemaCell.makeCell(org.jsapar.schema.CsvSchemaLine.EMPTY_STRING, listener, nLineNumber));\n}",
                "dst_parent": "null"
              },
              "line": 127,
              "file": "/home/khesoem/projects/lighter/exp/src/main/java/org/jsapar/schema/CsvSchemaLine.java"
            }
          ]
        },
        {
          "tool-name": "JKali",
          "pattern-name": "JKali:del",
          "Unified_Diff_of-files:": "Starts Below...",
          "DELETE:": "        }\r",
          "CHANGE_old:": "                line.addCell(schemaCell.makeCell(EMPTY_STRING, listener, nLineNumber));\r",
          "CHANGE_new:": "",
          "INSERT:": "    /**\r",
          "instance_detail": [
            {
              "pattern_action": "DEL",
              "pattern_entity": {
                "entity_type": "*",
                "entity_new value": "*",
                "entity_role": "Statement",
                "entity_parent": "null"
              },
              "concrete_change": {
                "operator": "DEL",
                "src_type": "If",
                "dst_type": "null",
                "src": "if ((schemaCell.getDefaultCell()) !\u003d null) {\n    line.addCell(schemaCell.makeCell(org.jsapar.schema.CsvSchemaLine.EMPTY_STRING, listener, nLineNumber));\n}",
                "dst": "null",
                "src_parent_type": "Block",
                "dst_parent_type": "null",
                "src_parent": "{\n    org.jsapar.schema.CsvSchemaCell schemaCell \u003d itSchemaCell.next();\n    if ((schemaCell.getDefaultCell()) !\u003d null) {\n        line.addCell(schemaCell.makeCell(org.jsapar.schema.CsvSchemaLine.EMPTY_STRING, listener, nLineNumber));\n    }\n}",
                "dst_parent": "null"
              },
              "line": 126,
              "file": "/home/khesoem/projects/lighter/exp/src/main/java/org/jsapar/schema/CsvSchemaLine.java",
              "stats": {
                "number_of_src_entities": 50,
                "number_of_dst_entities": -1,
                "src_entity_types": "[org.jsapar.Line, org.jsapar.schema.CsvSchemaCell, org.jsapar.input.ParsingEventListener, \u003cnulltype\u003e, org.jsapar.schema.CsvSchemaLine, long]",
                "dst_entity_types": "[]"
              }
            }
          ]
        },
        {
          "tool-name": "JKali",
          "pattern-name": "JKali:del",
          "Unified_Diff_of-files:": "Starts Below...",
          "DELETE:": "        }\r",
          "CHANGE_old:": "                line.addCell(schemaCell.makeCell(EMPTY_STRING, listener, nLineNumber));\r",
          "CHANGE_new:": "",
          "INSERT:": "    /**\r",
          "instance_detail": [
            {
              "pattern_action": "DEL",
              "pattern_entity": {
                "entity_type": "*",
                "entity_new value": "*",
                "entity_role": "Statement",
                "entity_parent": "null"
              },
              "concrete_change": {
                "operator": "DEL",
                "src_type": "Assignment",
                "dst_type": "null",
                "src": "cell \u003d schemaCell.makeCell(sCell, listener, nLineNumber)",
                "dst": "null",
                "src_parent_type": "Block",
                "dst_parent_type": "null",
                "src_parent": "{\n    cell \u003d schemaCell.makeCell(sCell, listener, nLineNumber);\n}",
                "dst_parent": "null"
              },
              "line": 107,
              "file": "/home/khesoem/projects/lighter/exp/src/main/java/org/jsapar/schema/CsvSchemaLine.java",
              "stats": {
                "number_of_src_entities": 29,
                "number_of_dst_entities": -1,
                "src_entity_types": "[org.jsapar.schema.CsvSchemaCell, java.lang.String, org.jsapar.input.ParsingEventListener, org.jsapar.Cell, long]",
                "dst_entity_types": "[]"
              }
            }
          ]
        },
        {
          "tool-name": "JKali",
          "pattern-name": "JKali:add_rtrn",
          "Unified_Diff_of-files:": "Starts Below...",
          "DELETE:": "        }\r",
          "CHANGE_old:": "                line.addCell(schemaCell.makeCell(EMPTY_STRING, listener, nLineNumber));\r",
          "CHANGE_new:": "",
          "INSERT:": "    /**\r",
          "instance_detail": [
            {
              "pattern_action": "INS",
              "pattern_entity": {
                "entity_type": "Return",
                "entity_new value": "*",
                "entity_role": "Statement",
                "entity_parent": "null"
              },
              "concrete_change": {
                "operator": "INS",
                "src_type": "Return",
                "dst_type": "null",
                "src": "return",
                "dst": "null",
                "src_parent_type": "Block",
                "dst_parent_type": "null",
                "src_parent": "return;\n",
                "dst_parent": "null"
              },
              "line": 148,
              "file": "/home/khesoem/projects/lighter/exp/src/main/java/org/jsapar/schema/CsvSchemaLine.java"
            }
          ]
        }
      ]
    }
  ],
  "complete_analysis": true
}