{
  "instances": [
    {
      "revision": "46c68871ae2b1709b61a5790eaf9cd86fcb4d4b8",
      "repairability": [
        {
          "tool-name": "JKali",
          "pattern-name": "JKali:del",
          "Unified_Diff_of-files:": "Starts Below...",
          "CHANGE_old:": "",
          "CHANGE_new:": "            break;\r",
          "instance_detail": [
            {
              "pattern_action": "DEL",
              "pattern_entity": {
                "entity_type": "*",
                "entity_new value": "*",
                "entity_role": "Statement",
                "entity_parent": "null"
              },
              "concrete_change": {
                "operator": "DEL",
                "src_type": "Throw",
                "dst_type": "null",
                "src": "throw new org.jsapar.schema.SchemaException((\"Not yet implemented celltype: \" + cellType))",
                "dst": "null",
                "src_parent_type": "Case",
                "dst_parent_type": "null",
                "src_parent": "case BOOLEAN :\n    throw new org.jsapar.schema.SchemaException((\"Not yet implemented celltype: \" + cellType));",
                "dst_parent": "null"
              },
              "line": 103,
              "file": "/home/khesoem/projects/lighter/exp/src/main/java/org/jsapar/schema/SchemaCellFormat.java",
              "stats": {
                "number_of_src_entities": 15,
                "number_of_dst_entities": -1,
                "src_entity_types": "[org.jsapar.Cell.CellType, java.lang.Object, java.lang.String]",
                "dst_entity_types": "[]"
              }
            }
          ]
        }
      ]
    }
  ],
  "complete_analysis": true
}