{
  "instances": [
    {
      "revision": "346ac51601043b6299e9e856f7a070aae8f4b65e",
      "repairability": [
        {
          "tool-name": "Elixir",
          "pattern-name": "Elixir:update_return_deep",
          "Unified_Diff_of-files:": "Starts Below...",
          "CHANGE_old:": "      + \"}\";",
          "CHANGE_new:": "      + endTemplate(version);",
          "INSERT:": "",
          "instance_detail": [
            {
              "pattern_action": "ANY",
              "pattern_entity": {
                "entity_type": "*",
                "entity_new value": "*",
                "entity_role": "*",
                "entity_parent": {
                  "entity_type": "Return",
                  "entity_new value": "*",
                  "entity_role": "*",
                  "entity_parent": "null"
                }
              },
              "concrete_change": {
                "operator": "INS",
                "src_type": "Invocation",
                "dst_type": "null",
                "src": "templatePriority()",
                "dst": "null",
                "src_parent_type": "ConstructorCall",
                "dst_parent_type": "null",
                "src_parent": "new zipkin2.elasticsearch.VersionSpecificTemplates(indexNameFormatter().index(), indexReplicas(), indexShards(), searchEnabled(), strictTraceId(), templatePriority())",
                "dst_parent": "null"
              },
              "line": 352,
              "file": "/home/khesoem/projects/lighter/exp/zipkin-storage/elasticsearch/src/main/java/zipkin2/elasticsearch/ElasticsearchStorage.java",
              "stats": {
                "number_of_src_entities": 12,
                "number_of_dst_entities": -1,
                "src_entity_types": "[zipkin2.elasticsearch.ElasticsearchStorage]",
                "dst_entity_types": "[]"
              }
            }
          ]
        }
      ]
    },
    {
      "revision": "346ac51601043b6299e9e856f7a070aae8f4b65e",
      "repairability": [
        {
          "tool-name": "Elixir",
          "pattern-name": "Elixir:update_invocation_deep",
          "Unified_Diff_of-files:": "Starts Below...",
          "CHANGE_old:": "      + \"}\";",
          "CHANGE_new:": "      + endTemplate(version);",
          "INSERT:": "",
          "instance_detail": [
            {
              "pattern_action": "ANY",
              "pattern_entity": {
                "entity_type": "*",
                "entity_new value": "*",
                "entity_role": "*",
                "entity_parent": {
                  "entity_type": "AbstractInvocation",
                  "entity_new value": "*",
                  "entity_role": "*",
                  "entity_parent": "null"
                }
              },
              "concrete_change": {
                "operator": "INS",
                "src_type": "VariableRead",
                "dst_type": "null",
                "src": "type",
                "dst": "null",
                "src_parent_type": "Invocation",
                "dst_parent_type": "null",
                "src_parent": "(indexPattern(type, version))",
                "dst_parent": "null"
              },
              "line": 97,
              "file": "/home/khesoem/projects/lighter/exp/zipkin-storage/elasticsearch/src/main/java/zipkin2/elasticsearch/VersionSpecificTemplates.java",
              "stats": {
                "number_of_src_entities": 4,
                "number_of_dst_entities": -1,
                "src_entity_types": "[java.lang.String]",
                "dst_entity_types": "[]"
              }
            }
          ]
        }
      ]
    }
  ],
  "complete_analysis": true
}