{
  "instances": [
    {
      "revision": "5592e82cbc743b2263e74cf34c724685c5337ad1",
      "repairability": [
        {
          "tool-name": "Elixir",
          "pattern-name": "Elixir:update_type_ref",
          "Unified_Diff_of-files:": "Starts Below...",
          "DELETE:": "      char[] result \u003d new char[length];",
          "INSERT:": "",
          "CHANGE_old:": "      return new String(result);",
          "CHANGE_new:": "      return new String(result, 0, length);",
          "instance_detail": [
            {
              "pattern_action": "UPD",
              "pattern_entity": {
                "entity_type": "TypeReference",
                "entity_new value": "*",
                "entity_role": "*",
                "entity_parent": "null"
              },
              "concrete_change": {
                "operator": "UPD",
                "src_type": "ArrayTypeReference",
                "dst_type": "TypeReference",
                "src": "char[]",
                "dst": "int",
                "src_parent_type": "LocalVariable",
                "dst_parent_type": "LocalVariable",
                "src_parent": "char[] result \u003d new char[size * 2]",
                "dst_parent": "int length \u003d size * 2"
              },
              "line": 275,
              "file": "/home/khesoem/projects/lighter/exp/benchmarks/src/main/java/zipkin2/codec/ProtobufSpanDecoder.java",
              "stats": {
                "number_of_src_entities": 2,
                "number_of_dst_entities": 1,
                "src_entity_types": "[char]",
                "dst_entity_types": "[int]"
              }
            }
          ]
        }
      ]
    }
  ],
  "complete_analysis": true
}