{
  "instances": [
    {
      "revision": "fd0376cdc4704053169901f4a18f9a125092f68b",
      "repairability": [
        {
          "tool-name": "Elixir",
          "pattern-name": "Elixir:Insert_Invocation",
          "Unified_Diff_of-files:": "Starts Below...",
          "DELETE:": "    }",
          "CHANGE_old:": "    EndpointGroupRegistry.register(\"elasticsearch\", endpointGroup, ROUND_ROBIN);",
          "CHANGE_new:": "",
          "INSERT:": "      throw new IllegalStateException(\"couldn\u0027t connect any of \" + initial.endpoints(), thrown);",
          "instance_detail": [
            {
              "pattern_action": "INS",
              "pattern_entity": {
                "entity_type": "AbstractInvocation",
                "entity_new value": "*",
                "entity_role": "*",
                "entity_parent": "null"
              },
              "concrete_change": {
                "operator": "INS",
                "src_type": "Invocation",
                "dst_type": "null",
                "src": "result.close()",
                "dst": "null",
                "src_parent_type": "Block",
                "dst_parent_type": "null",
                "src_parent": "{\n    result.close();\n    throw new java.lang.IllegalStateException((\"couldn\u0027t connect any of \" + (initial.endpoints())), thrown);\n}",
                "dst_parent": "null"
              },
              "line": 97,
              "file": "/home/khesoem/projects/lighter/exp/zipkin-server/src/main/java/zipkin2/server/internal/elasticsearch/LazyHttpClientImpl.java",
              "stats": {
                "number_of_src_entities": 8,
                "number_of_dst_entities": -1,
                "src_entity_types": "[com.linecorp.armeria.client.endpoint.EndpointGroup]",
                "dst_entity_types": "[]"
              }
            }
          ]
        },
        {
          "tool-name": "Elixir",
          "pattern-name": "Elixir:check_length",
          "Unified_Diff_of-files:": "Starts Below...",
          "DELETE:": "    }",
          "CHANGE_old:": "    EndpointGroupRegistry.register(\"elasticsearch\", endpointGroup, ROUND_ROBIN);",
          "CHANGE_new:": "",
          "INSERT:": "      throw new IllegalStateException(\"couldn\u0027t connect any of \" + initial.endpoints(), thrown);",
          "instance_detail": [
            {
              "pattern_action": "INS",
              "pattern_entity": {
                "entity_type": "If",
                "entity_new value": "*",
                "entity_role": "*",
                "entity_parent": "null"
              },
              "concrete_change": {
                "operator": "INS",
                "src_type": "If",
                "dst_type": "null",
                "src": "if (healthCheck.isEnabled())\n    result \u003d decorateHealthCheck(initial);\n",
                "dst": "null",
                "src_parent_type": "Block",
                "dst_parent_type": "null",
                "src_parent": "{\n    com.linecorp.armeria.client.endpoint.EndpointGroup initial \u003d initialEndpoints.get();\n    if (initial instanceof com.linecorp.armeria.client.Endpoint)\n        return ((com.linecorp.armeria.client.Endpoint) (initial));\n\n    com.linecorp.armeria.client.endpoint.EndpointGroup result \u003d initial;\n    if (healthCheck.isEnabled())\n        result \u003d decorateHealthCheck(initial);\n\n    boolean empty \u003d true;\n    java.lang.Exception thrown \u003d null;\n    try {\n        empty \u003d result.awaitInitialEndpoints(timeoutMillis, java.util.concurrent.TimeUnit.MILLISECONDS).isEmpty();\n    } catch (java.lang.Exception e) {\n        thrown \u003d e;\n    }\n    if (empty) {\n        result.close();\n        throw new java.lang.IllegalStateException((\"couldn\u0027t connect any of \" + (initial.endpoints())), thrown);\n    }\n    com.linecorp.armeria.client.endpoint.EndpointGroupRegistry.register(\"elasticsearch\", result, zipkin2.server.internal.elasticsearch.ROUND_ROBIN);\n    return com.linecorp.armeria.client.Endpoint.ofGroup(\"elasticsearch\");\n}",
                "dst_parent": "null"
              },
              "line": 79,
              "file": "/home/khesoem/projects/lighter/exp/zipkin-server/src/main/java/zipkin2/server/internal/elasticsearch/LazyHttpClientImpl.java",
              "stats": {
                "number_of_src_entities": 42,
                "number_of_dst_entities": -1,
                "src_entity_types": "[ZipkinElasticsearchStorageProperties.HealthCheck, com.linecorp.armeria.client.endpoint.EndpointGroup, zipkin2.server.internal.elasticsearch.LazyHttpClientImpl]",
                "dst_entity_types": "[]"
              }
            },
            {
              "pattern_action": "MOV",
              "pattern_entity": {
                "entity_type": "Statement",
                "entity_new value": "*",
                "entity_role": "*",
                "entity_parent": "null"
              },
              "concrete_change": {
                "operator": "MOV",
                "src_type": "Invocation",
                "dst_type": "Invocation",
                "src": "healthCheck.isEnabled()",
                "dst": "healthCheck.isEnabled()",
                "src_parent_type": "If",
                "dst_parent_type": "If",
                "src_parent": "if (healthCheck.isEnabled())\n    endpointGroup \u003d decorateHealthCheck(endpointGroup);\n",
                "dst_parent": "if (healthCheck.isEnabled())\n    result \u003d decorateHealthCheck(initial);\n"
              },
              "line": 94,
              "file": "/home/khesoem/projects/lighter/exp/zipkin-server/src/main/java/zipkin2/server/internal/elasticsearch/LazyHttpClientImpl.java",
              "stats": {
                "number_of_src_entities": 17,
                "number_of_dst_entities": 17,
                "src_entity_types": "[ZipkinElasticsearchStorageProperties.HealthCheck, zipkin2.server.internal.elasticsearch.LazyHttpClientImpl]",
                "dst_entity_types": "[ZipkinElasticsearchStorageProperties.HealthCheck, zipkin2.server.internal.elasticsearch.LazyHttpClientImpl]"
              }
            }
          ]
        },
        {
          "tool-name": "Elixir",
          "pattern-name": "Elixir:update_invocation_deep",
          "Unified_Diff_of-files:": "Starts Below...",
          "DELETE:": "    }",
          "CHANGE_old:": "    EndpointGroupRegistry.register(\"elasticsearch\", endpointGroup, ROUND_ROBIN);",
          "CHANGE_new:": "",
          "INSERT:": "      throw new IllegalStateException(\"couldn\u0027t connect any of \" + initial.endpoints(), thrown);",
          "instance_detail": [
            {
              "pattern_action": "ANY",
              "pattern_entity": {
                "entity_type": "*",
                "entity_new value": "*",
                "entity_role": "*",
                "entity_parent": {
                  "entity_type": "AbstractInvocation",
                  "entity_new value": "*",
                  "entity_role": "*",
                  "entity_parent": "null"
                }
              },
              "concrete_change": {
                "operator": "UPD",
                "src_type": "VariableRead",
                "dst_type": "VariableRead",
                "src": "endpointGroup",
                "dst": "result",
                "src_parent_type": "Invocation",
                "dst_parent_type": "Invocation",
                "src_parent": "endpointGroup.awaitInitialEndpoints(timeoutMillis, java.util.concurrent.TimeUnit.MILLISECONDS)",
                "dst_parent": "result.awaitInitialEndpoints(timeoutMillis, java.util.concurrent.TimeUnit.MILLISECONDS)"
              },
              "line": 87,
              "file": "/home/khesoem/projects/lighter/exp/zipkin-server/src/main/java/zipkin2/server/internal/elasticsearch/LazyHttpClientImpl.java",
              "stats": {
                "number_of_src_entities": 4,
                "number_of_dst_entities": 4,
                "src_entity_types": "[com.linecorp.armeria.client.endpoint.EndpointGroup]",
                "dst_entity_types": "[com.linecorp.armeria.client.endpoint.EndpointGroup]"
              }
            }
          ]
        },
        {
          "tool-name": "Elixir",
          "pattern-name": "Elixir:update_invocation_deep",
          "Unified_Diff_of-files:": "Starts Below...",
          "DELETE:": "    }",
          "CHANGE_old:": "    EndpointGroupRegistry.register(\"elasticsearch\", endpointGroup, ROUND_ROBIN);",
          "CHANGE_new:": "",
          "INSERT:": "      throw new IllegalStateException(\"couldn\u0027t connect any of \" + initial.endpoints(), thrown);",
          "instance_detail": [
            {
              "pattern_action": "ANY",
              "pattern_entity": {
                "entity_type": "*",
                "entity_new value": "*",
                "entity_role": "*",
                "entity_parent": {
                  "entity_type": "AbstractInvocation",
                  "entity_new value": "*",
                  "entity_role": "*",
                  "entity_parent": "null"
                }
              },
              "concrete_change": {
                "operator": "UPD",
                "src_type": "VariableRead",
                "dst_type": "VariableRead",
                "src": "endpointGroup",
                "dst": "initial",
                "src_parent_type": "Invocation",
                "dst_parent_type": "Invocation",
                "src_parent": "(endpointGroup.endpoints())",
                "dst_parent": "(initial.endpoints())"
              },
              "line": 90,
              "file": "/home/khesoem/projects/lighter/exp/zipkin-server/src/main/java/zipkin2/server/internal/elasticsearch/LazyHttpClientImpl.java",
              "stats": {
                "number_of_src_entities": 4,
                "number_of_dst_entities": 4,
                "src_entity_types": "[com.linecorp.armeria.client.endpoint.EndpointGroup]",
                "dst_entity_types": "[com.linecorp.armeria.client.endpoint.EndpointGroup]"
              }
            }
          ]
        }
      ]
    },
    {
      "revision": "fd0376cdc4704053169901f4a18f9a125092f68b",
      "repairability": [
        {
          "tool-name": "Elixir",
          "pattern-name": "Elixir:update_invocation_deep",
          "Unified_Diff_of-files:": "Starts Below...",
          "DELETE:": "    }",
          "CHANGE_old:": "    EndpointGroupRegistry.register(\"elasticsearch\", endpointGroup, ROUND_ROBIN);",
          "CHANGE_new:": "",
          "INSERT:": "      throw new IllegalStateException(\"couldn\u0027t connect any of \" + initial.endpoints(), thrown);",
          "instance_detail": [
            {
              "pattern_action": "ANY",
              "pattern_entity": {
                "entity_type": "*",
                "entity_new value": "*",
                "entity_role": "*",
                "entity_parent": {
                  "entity_type": "AbstractInvocation",
                  "entity_new value": "*",
                  "entity_role": "*",
                  "entity_parent": "null"
                }
              },
              "concrete_change": {
                "operator": "MOV",
                "src_type": "VariableRead",
                "dst_type": "VariableRead",
                "src": "port",
                "dst": "port",
                "src_parent_type": "Invocation",
                "dst_parent_type": "Invocation",
                "src_parent": "resolveDnsAddresses(host, port)",
                "dst_parent": "new com.linecorp.armeria.client.endpoint.dns.DnsAddressEndpointGroupBuilder(host).port(port)"
              },
              "line": 67,
              "file": "/home/khesoem/projects/lighter/exp/zipkin-server/src/main/java/zipkin2/server/internal/elasticsearch/InitialEndpointSupplier.java",
              "stats": {
                "number_of_src_entities": 3,
                "number_of_dst_entities": 3,
                "src_entity_types": "[int]",
                "dst_entity_types": "[int]"
              }
            }
          ]
        },
        {
          "tool-name": "Elixir",
          "pattern-name": "Elixir:update_invocation_deep",
          "Unified_Diff_of-files:": "Starts Below...",
          "DELETE:": "    }",
          "CHANGE_old:": "    EndpointGroupRegistry.register(\"elasticsearch\", endpointGroup, ROUND_ROBIN);",
          "CHANGE_new:": "",
          "INSERT:": "      throw new IllegalStateException(\"couldn\u0027t connect any of \" + initial.endpoints(), thrown);",
          "instance_detail": [
            {
              "pattern_action": "ANY",
              "pattern_entity": {
                "entity_type": "*",
                "entity_new value": "*",
                "entity_role": "*",
                "entity_parent": {
                  "entity_type": "AbstractInvocation",
                  "entity_new value": "*",
                  "entity_role": "*",
                  "entity_parent": "null"
                }
              },
              "concrete_change": {
                "operator": "DEL",
                "src_type": "TypeAccess",
                "dst_type": "null",
                "src": "zipkin2.server.internal.elasticsearch.InitialEndpointSupplier",
                "dst": "null",
                "src_parent_type": "ThisAccess",
                "dst_parent_type": "null",
                "src_parent": "",
                "dst_parent": "null"
              },
              "stats": {
                "number_of_src_entities": 3,
                "number_of_dst_entities": -1,
                "src_entity_types": "[zipkin2.server.internal.elasticsearch.InitialEndpointSupplier]",
                "dst_entity_types": "[]"
              }
            }
          ]
        },
        {
          "tool-name": "Elixir",
          "pattern-name": "Elixir:update_invocation_deep",
          "Unified_Diff_of-files:": "Starts Below...",
          "DELETE:": "    }",
          "CHANGE_old:": "    EndpointGroupRegistry.register(\"elasticsearch\", endpointGroup, ROUND_ROBIN);",
          "CHANGE_new:": "",
          "INSERT:": "      throw new IllegalStateException(\"couldn\u0027t connect any of \" + initial.endpoints(), thrown);",
          "instance_detail": [
            {
              "pattern_action": "ANY",
              "pattern_entity": {
                "entity_type": "*",
                "entity_new value": "*",
                "entity_role": "*",
                "entity_parent": {
                  "entity_type": "AbstractInvocation",
                  "entity_new value": "*",
                  "entity_role": "*",
                  "entity_parent": "null"
                }
              },
              "concrete_change": {
                "operator": "DEL",
                "src_type": "VariableRead",
                "dst_type": "null",
                "src": "host",
                "dst": "null",
                "src_parent_type": "Invocation",
                "dst_parent_type": "null",
                "src_parent": "resolveDnsAddresses(host, port)",
                "dst_parent": "null"
              },
              "line": 67,
              "file": "/home/khesoem/projects/lighter/exp/zipkin-server/src/main/java/zipkin2/server/internal/elasticsearch/InitialEndpointSupplier.java",
              "stats": {
                "number_of_src_entities": 4,
                "number_of_dst_entities": -1,
                "src_entity_types": "[java.lang.String]",
                "dst_entity_types": "[]"
              }
            }
          ]
        }
      ]
    }
  ],
  "complete_analysis": true
}