{
  "instances": [
    {
      "revision": "31338b52714c2dbb989b07beaa58cf7957d12e8c",
      "repairability": [
        {
          "tool-name": "Elixir",
          "pattern-name": "Elixir:update_type_ref",
          "Unified_Diff_of-files:": "Starts Below...",
          "INSERT:": "",
          "CHANGE_old:": "     * should return empty as opposed to throwing an exception.",
          "CHANGE_new:": "",
          "instance_detail": [
            {
              "pattern_action": "UPD",
              "pattern_entity": {
                "entity_type": "TypeReference",
                "entity_new value": "*",
                "entity_role": "*",
                "entity_parent": "null"
              },
              "concrete_change": {
                "operator": "UPD",
                "src_type": "TypeReference",
                "dst_type": "TypeReference",
                "src": "zipkin2.storage.SpanConsumer",
                "dst": "zipkin2.server.internal.throttle.ThrottledStorageComponent",
                "src_parent_type": "ParameterReference",
                "dst_parent_type": "Parameter",
                "src_parent": "delegate",
                "dst_parent": "zipkin2.server.internal.throttle.ThrottledStorageComponent throttledStorage"
              },
              "line": 109,
              "file": "/home/khesoem/projects/lighter/exp/zipkin-server/src/main/java/zipkin2/server/internal/throttle/ThrottledStorageComponent.java",
              "stats": {
                "number_of_src_entities": 2,
                "number_of_dst_entities": 2,
                "src_entity_types": "[zipkin2.storage.SpanConsumer]",
                "dst_entity_types": "[zipkin2.server.internal.throttle.ThrottledStorageComponent]"
              }
            }
          ]
        }
      ]
    }
  ],
  "complete_analysis": true
}