{
  "instances": [
    {
      "revision": "8618cd6f856da4b844017293a1d24ae9e71a09d8",
      "repairability": [
        {
          "tool-name": "Elixir",
          "pattern-name": "Elixir:check_length",
          "Unified_Diff_of-files:": "Starts Below...",
          "INSERT:": "",
          "DELETE:": "    }",
          "CHANGE_old:": "",
          "CHANGE_new:": "      }",
          "instance_detail": [
            {
              "pattern_action": "INS",
              "pattern_entity": {
                "entity_type": "If",
                "entity_new value": "*",
                "entity_role": "*",
                "entity_parent": "null"
              },
              "concrete_change": {
                "operator": "INS",
                "src_type": "If",
                "dst_type": "null",
                "src": "if ((context.config.getBlacklistTwcsTables()) \u0026\u0026 ((io.cassandrareaper.service.RepairUnitService.versionCompare(io.cassandrareaper.jmx.ClusterFacade.create(context).getCassandraVersion(cluster), \"2.1\")) \u003e\u003d 0)) {\n    return io.cassandrareaper.jmx.ClusterFacade.create(context).getTablesForKeyspace(cluster, keyspace).stream().filter(io.cassandrareaper.service.RepairUnitService::isBlackListedCompactionStrategy).map(Table::getName).collect(java.util.stream.Collectors.toSet());\n}",
                "dst": "null",
                "src_parent_type": "Block",
                "dst_parent_type": "null",
                "src_parent": "{\n    if ((context.config.getBlacklistTwcsTables()) \u0026\u0026 ((io.cassandrareaper.service.RepairUnitService.versionCompare(io.cassandrareaper.jmx.ClusterFacade.create(context).getCassandraVersion(cluster), \"2.1\")) \u003e\u003d 0)) {\n        return io.cassandrareaper.jmx.ClusterFacade.create(context).getTablesForKeyspace(cluster, keyspace).stream().filter(io.cassandrareaper.service.RepairUnitService::isBlackListedCompactionStrategy).map(Table::getName).collect(java.util.stream.Collectors.toSet());\n    }\n}",
                "dst_parent": "null"
              },
              "line": 114,
              "file": "/home/khesoem/projects/lighter/exp/src/server/src/main/java/io/cassandrareaper/service/RepairUnitService.java",
              "stats": {
                "number_of_src_entities": 165,
                "number_of_dst_entities": -1,
                "src_entity_types": "[java.util.stream.Collectors, int, io.cassandrareaper.jmx.ClusterFacade, io.cassandrareaper.AppContext, io.cassandrareaper.core.Cluster, java.lang.String, io.cassandrareaper.service.RepairUnitService]",
                "dst_entity_types": "[]"
              }
            },
            {
              "pattern_action": "MOV",
              "pattern_entity": {
                "entity_type": "Statement",
                "entity_new value": "*",
                "entity_role": "*",
                "entity_parent": "null"
              },
              "concrete_change": {
                "operator": "MOV",
                "src_type": "Invocation",
                "dst_type": "Invocation",
                "src": "context.config.getBlacklistTwcsTables()",
                "dst": "(context.config.getBlacklistTwcsTables())",
                "src_parent_type": "If",
                "dst_parent_type": "BinaryOperator",
                "src_parent": "if (context.config.getBlacklistTwcsTables()) {\n    try {\n        return io.cassandrareaper.jmx.ClusterFacade.create(context).getTablesForKeyspace(cluster, keyspace).stream().filter(io.cassandrareaper.service.RepairUnitService::isBlackListedCompactionStrategy).map(Table::getName).collect(java.util.stream.Collectors.toSet());\n    } catch (io.cassandrareaper.ReaperException e) {\n        io.cassandrareaper.service.RepairUnitService.LOG.error(\"unknown table list to cluster {} keyspace\", cluster.getName(), keyspace, e);\n    }\n}",
                "dst_parent": "(context.config.getBlacklistTwcsTables()) \u0026\u0026 ((io.cassandrareaper.service.RepairUnitService.versionCompare(io.cassandrareaper.jmx.ClusterFacade.create(context).getCassandraVersion(cluster), \"2.1\")) \u003e\u003d 0)"
              },
              "line": 112,
              "file": "/home/khesoem/projects/lighter/exp/src/server/src/main/java/io/cassandrareaper/service/RepairUnitService.java",
              "stats": {
                "number_of_src_entities": 21,
                "number_of_dst_entities": 20,
                "src_entity_types": "[io.cassandrareaper.AppContext, io.cassandrareaper.service.RepairUnitService]",
                "dst_entity_types": "[io.cassandrareaper.AppContext, io.cassandrareaper.service.RepairUnitService]"
              }
            }
          ]
        },
        {
          "tool-name": "Elixir",
          "pattern-name": "Elixir:check_length",
          "Unified_Diff_of-files:": "Starts Below...",
          "INSERT:": "",
          "DELETE:": "    }",
          "CHANGE_old:": "",
          "CHANGE_new:": "      }",
          "instance_detail": [
            {
              "pattern_action": "INS",
              "pattern_entity": {
                "entity_type": "If",
                "entity_new value": "*",
                "entity_role": "*",
                "entity_parent": "null"
              },
              "concrete_change": {
                "operator": "INS",
                "src_type": "If",
                "dst_type": "null",
                "src": "if ((context.config.getBlacklistTwcsTables()) \u0026\u0026 ((io.cassandrareaper.service.RepairUnitService.versionCompare(io.cassandrareaper.jmx.ClusterFacade.create(context).getCassandraVersion(cluster), \"2.1\")) \u003e\u003d 0)) {\n    return io.cassandrareaper.jmx.ClusterFacade.create(context).getTablesForKeyspace(cluster, keyspace).stream().filter(io.cassandrareaper.service.RepairUnitService::isBlackListedCompactionStrategy).map(Table::getName).collect(java.util.stream.Collectors.toSet());\n}",
                "dst": "null",
                "src_parent_type": "Block",
                "dst_parent_type": "null",
                "src_parent": "{\n    if ((context.config.getBlacklistTwcsTables()) \u0026\u0026 ((io.cassandrareaper.service.RepairUnitService.versionCompare(io.cassandrareaper.jmx.ClusterFacade.create(context).getCassandraVersion(cluster), \"2.1\")) \u003e\u003d 0)) {\n        return io.cassandrareaper.jmx.ClusterFacade.create(context).getTablesForKeyspace(cluster, keyspace).stream().filter(io.cassandrareaper.service.RepairUnitService::isBlackListedCompactionStrategy).map(Table::getName).collect(java.util.stream.Collectors.toSet());\n    }\n}",
                "dst_parent": "null"
              },
              "line": 114,
              "file": "/home/khesoem/projects/lighter/exp/src/server/src/main/java/io/cassandrareaper/service/RepairUnitService.java",
              "stats": {
                "number_of_src_entities": 165,
                "number_of_dst_entities": -1,
                "src_entity_types": "[java.util.stream.Collectors, int, io.cassandrareaper.jmx.ClusterFacade, io.cassandrareaper.AppContext, io.cassandrareaper.core.Cluster, java.lang.String, io.cassandrareaper.service.RepairUnitService]",
                "dst_entity_types": "[]"
              }
            },
            {
              "pattern_action": "MOV",
              "pattern_entity": {
                "entity_type": "Statement",
                "entity_new value": "*",
                "entity_role": "*",
                "entity_parent": "null"
              },
              "concrete_change": {
                "operator": "MOV",
                "src_type": "Return",
                "dst_type": "Return",
                "src": "return io.cassandrareaper.jmx.ClusterFacade.create(context).getTablesForKeyspace(cluster, keyspace).stream().filter(io.cassandrareaper.service.RepairUnitService::isBlackListedCompactionStrategy).map(Table::getName).collect(java.util.stream.Collectors.toSet())",
                "dst": "return io.cassandrareaper.jmx.ClusterFacade.create(context).getTablesForKeyspace(cluster, keyspace).stream().filter(io.cassandrareaper.service.RepairUnitService::isBlackListedCompactionStrategy).map(Table::getName).collect(java.util.stream.Collectors.toSet())",
                "src_parent_type": "Block",
                "dst_parent_type": "Block",
                "src_parent": "{\n    return io.cassandrareaper.jmx.ClusterFacade.create(context).getTablesForKeyspace(cluster, keyspace).stream().filter(io.cassandrareaper.service.RepairUnitService::isBlackListedCompactionStrategy).map(Table::getName).collect(java.util.stream.Collectors.toSet());\n}",
                "dst_parent": "{\n    return io.cassandrareaper.jmx.ClusterFacade.create(context).getTablesForKeyspace(cluster, keyspace).stream().filter(io.cassandrareaper.service.RepairUnitService::isBlackListedCompactionStrategy).map(Table::getName).collect(java.util.stream.Collectors.toSet());\n}"
              },
              "line": 114,
              "file": "/home/khesoem/projects/lighter/exp/src/server/src/main/java/io/cassandrareaper/service/RepairUnitService.java",
              "stats": {
                "number_of_src_entities": 94,
                "number_of_dst_entities": 94,
                "src_entity_types": "[java.util.stream.Collectors, io.cassandrareaper.jmx.ClusterFacade, io.cassandrareaper.core.Cluster, java.lang.String, io.cassandrareaper.service.RepairUnitService]",
                "dst_entity_types": "[java.util.stream.Collectors, io.cassandrareaper.jmx.ClusterFacade, io.cassandrareaper.core.Cluster, java.lang.String, io.cassandrareaper.service.RepairUnitService]"
              }
            }
          ]
        }
      ]
    }
  ],
  "complete_analysis": true
}