{
  "instances": [
    {
      "revision": "842eb0286536407e97d03e70c795ea9caec7fc24",
      "repairability": [
        {
          "tool-name": "Elixir",
          "pattern-name": "Elixir:tight_be",
          "Unified_Diff_of-files:": "Starts Below...",
          "INSERT:": "import io.jsonwebtoken.JwtException;",
          "DELETE:": "import io.jsonwebtoken.SignatureException;",
          "CHANGE_old:": "        LOG.error(\"Failed validating JWT\", e);",
          "CHANGE_new:": "        LOG.error(\"Failed validating JWT: \" + jwt, e);",
          "instance_detail": [
            {
              "pattern_action": "INS",
              "pattern_entity": {
                "entity_type": "BinaryOperator",
                "entity_new value": "*",
                "entity_role": "*",
                "entity_parent": {
                  "entity_type": "If",
                  "entity_new value": "*",
                  "entity_role": "*",
                  "entity_parent": "null"
                }
              },
              "concrete_change": {
                "operator": "INS",
                "src_type": "BinaryOperator",
                "dst_type": "null",
                "src": "(null !\u003d (getSubject(req, res).getPrincipal())) \u0026\u0026 ((getSubject(req, res).isRemembered()) || (getSubject(req, res).isAuthenticated()))",
                "dst": "null",
                "src_parent_type": "If",
                "dst_parent_type": "null",
                "src_parent": "if ((null !\u003d (getSubject(req, res).getPrincipal())) \u0026\u0026 ((getSubject(req, res).isRemembered()) || (getSubject(req, res).isAuthenticated()))) {\n    return true;\n}",
                "dst_parent": "null"
              },
              "line": 42,
              "file": "/home/khesoem/projects/lighter/exp/src/server/src/main/java/io/cassandrareaper/resources/auth/ShiroJwtVerifyingFilter.java",
              "stats": {
                "number_of_src_entities": 65,
                "number_of_dst_entities": -1,
                "src_entity_types": "[javax.servlet.ServletRequest, javax.servlet.ServletResponse, io.cassandrareaper.resources.auth.ShiroJwtVerifyingFilter, \u003cnulltype\u003e]",
                "dst_entity_types": "[]"
              }
            }
          ]
        }
      ]
    }
  ],
  "complete_analysis": true
}