{
  "instances": [
    {
      "revision": "bcc9870618cad64fce7d42e9eb2ca36ce5d13ae9",
      "repairability": [
        {
          "tool-name": "Nopol",
          "pattern-name": "Nopol:if_condition_upd_deep",
          "Unified_Diff_of-files:": "Starts Below...",
          "DELETE:": "        System.out.println(\"HTML \" + generateHtml(context));",
          "CHANGE_old:": "                if (value \u003d\u003d null \u0026 locationRequired) {",
          "CHANGE_new:": "                    if (locationRequired) {",
          "INSERT:": "        }",
          "instance_detail": [
            {
              "pattern_action": "ANY",
              "pattern_entity": {
                "entity_type": "*",
                "entity_new value": "*",
                "entity_role": "*",
                "entity_parent": {
                  "entity_type": "*",
                  "entity_new value": "*",
                  "entity_role": "condition",
                  "entity_parent": {
                    "entity_type": "If",
                    "entity_new value": "*",
                    "entity_role": "*",
                    "entity_parent": "null"
                  }
                }
              },
              "concrete_change": {
                "operator": "DEL",
                "src_type": "TypeAccess",
                "dst_type": "null",
                "src": "org.openmrs.module.htmlformentry.HtmlFormEntryUtil",
                "dst": "null",
                "src_parent_type": "Invocation",
                "dst_parent_type": "null",
                "src_parent": "(org.openmrs.module.htmlformentry.HtmlFormEntryUtil.hasProvider(e))",
                "dst_parent": "null"
              },
              "line": 475,
              "file": "/home/khesoem/projects/lighter/exp/api/src/main/java/org/openmrs/module/htmlformentry/FormEntrySession.java"
            }
          ]
        }
      ]
    },
    {
      "revision": "bcc9870618cad64fce7d42e9eb2ca36ce5d13ae9",
      "repairability": [
        {
          "tool-name": "Nopol",
          "pattern-name": "Nopol:if_condition_ins_deep",
          "Unified_Diff_of-files:": "Starts Below...",
          "DELETE:": "        System.out.println(\"HTML \" + generateHtml(context));",
          "CHANGE_old:": "                if (value \u003d\u003d null \u0026 locationRequired) {",
          "CHANGE_new:": "                    if (locationRequired) {",
          "INSERT:": "        }",
          "instance_detail": [
            {
              "pattern_action": "INS",
              "pattern_entity": {
                "entity_type": "If",
                "entity_new value": "*",
                "entity_role": "*",
                "entity_parent": "null"
              },
              "concrete_change": {
                "operator": "INS",
                "src_type": "If",
                "dst_type": "null",
                "src": "if (value !\u003d null) {\n    org.openmrs.Person person \u003d ((org.openmrs.Person) (convertValueToProvider(value)));\n    org.openmrs.module.htmlformentry.compatibility.EncounterCompatibility.setProvider(session.getSubmissionActions().getCurrentEncounter(), person);\n}",
                "dst": "null",
                "src_parent_type": "Block",
                "dst_parent_type": "null",
                "src_parent": "{\n    java.lang.Object value \u003d providerWidget.getValue(session.getContext(), submission);\n    if (value !\u003d null) {\n        org.openmrs.Person person \u003d ((org.openmrs.Person) (convertValueToProvider(value)));\n        org.openmrs.module.htmlformentry.compatibility.EncounterCompatibility.setProvider(session.getSubmissionActions().getCurrentEncounter(), person);\n    }\n}",
                "dst_parent": "null"
              },
              "line": 782,
              "file": "/home/khesoem/projects/lighter/exp/api/src/main/java/org/openmrs/module/htmlformentry/element/EncounterDetailSubmissionElement.java",
              "stats": {
                "number_of_src_entities": 56,
                "number_of_dst_entities": -1,
                "src_entity_types": "[org.openmrs.module.htmlformentry.compatibility.EncounterCompatibility, boolean, java.lang.Object, org.openmrs.module.htmlformentry.element.FormEntrySession, org.openmrs.module.htmlformentry.element.EncounterDetailSubmissionElement, \u003cnulltype\u003e, org.openmrs.Person]",
                "dst_entity_types": "[]"
              }
            },
            {
              "pattern_action": "MOV",
              "pattern_entity": {
                "entity_type": "*",
                "entity_new value": "*",
                "entity_role": "*",
                "entity_parent": {
                  "entity_type": "*",
                  "entity_new value": "*",
                  "entity_role": "Then",
                  "entity_parent": {
                    "entity_type": "If",
                    "entity_new value": "*",
                    "entity_role": "*",
                    "entity_parent": "null"
                  }
                }
              },
              "concrete_change": {
                "operator": "MOV",
                "src_type": "LocalVariable",
                "dst_type": "LocalVariable",
                "src": "org.openmrs.Person person \u003d ((org.openmrs.Person) (convertValueToProvider(value)))",
                "dst": "org.openmrs.Person person \u003d ((org.openmrs.Person) (convertValueToProvider(value)))",
                "src_parent_type": "Block",
                "dst_parent_type": "Block",
                "src_parent": "{\n    java.lang.Object value \u003d providerWidget.getValue(session.getContext(), submission);\n    org.openmrs.Person person \u003d ((org.openmrs.Person) (convertValueToProvider(value)));\n    org.openmrs.module.htmlformentry.compatibility.EncounterCompatibility.setProvider(session.getSubmissionActions().getCurrentEncounter(), person);\n}",
                "dst_parent": "{\n    org.openmrs.Person person \u003d ((org.openmrs.Person) (convertValueToProvider(value)));\n    org.openmrs.module.htmlformentry.compatibility.EncounterCompatibility.setProvider(session.getSubmissionActions().getCurrentEncounter(), person);\n}"
              },
              "line": 776,
              "file": "/home/khesoem/projects/lighter/exp/api/src/main/java/org/openmrs/module/htmlformentry/element/EncounterDetailSubmissionElement.java",
              "stats": {
                "number_of_src_entities": 23,
                "number_of_dst_entities": 23,
                "src_entity_types": "[java.lang.Object, org.openmrs.module.htmlformentry.element.EncounterDetailSubmissionElement, org.openmrs.Person]",
                "dst_entity_types": "[java.lang.Object, org.openmrs.module.htmlformentry.element.EncounterDetailSubmissionElement, org.openmrs.Person]"
              }
            }
          ]
        },
        {
          "tool-name": "Nopol",
          "pattern-name": "Nopol:if_condition_ins_deep",
          "Unified_Diff_of-files:": "Starts Below...",
          "DELETE:": "        System.out.println(\"HTML \" + generateHtml(context));",
          "CHANGE_old:": "                if (value \u003d\u003d null \u0026 locationRequired) {",
          "CHANGE_new:": "                    if (locationRequired) {",
          "INSERT:": "        }",
          "instance_detail": [
            {
              "pattern_action": "INS",
              "pattern_entity": {
                "entity_type": "If",
                "entity_new value": "*",
                "entity_role": "*",
                "entity_parent": "null"
              },
              "concrete_change": {
                "operator": "INS",
                "src_type": "If",
                "dst_type": "null",
                "src": "if (value !\u003d null) {\n    org.openmrs.Location location \u003d ((org.openmrs.Location) (org.openmrs.module.htmlformentry.element.HtmlFormEntryUtil.convertToType(value.toString().trim(), org.openmrs.Location.class)));\n    session.getSubmissionActions().getCurrentEncounter().setLocation(location);\n}",
                "dst": "null",
                "src_parent_type": "Block",
                "dst_parent_type": "null",
                "src_parent": "{\n    java.lang.Object value \u003d locationWidget.getValue(session.getContext(), submission);\n    if (value !\u003d null) {\n        org.openmrs.Location location \u003d ((org.openmrs.Location) (org.openmrs.module.htmlformentry.element.HtmlFormEntryUtil.convertToType(value.toString().trim(), org.openmrs.Location.class)));\n        session.getSubmissionActions().getCurrentEncounter().setLocation(location);\n    }\n}",
                "dst_parent": "null"
              },
              "line": 789,
              "file": "/home/khesoem/projects/lighter/exp/api/src/main/java/org/openmrs/module/htmlformentry/element/EncounterDetailSubmissionElement.java",
              "stats": {
                "number_of_src_entities": 71,
                "number_of_dst_entities": -1,
                "src_entity_types": "[boolean, java.lang.Object, org.openmrs.module.htmlformentry.element.HtmlFormEntryUtil, java.lang.String, org.openmrs.module.htmlformentry.element.FormEntrySession, org.openmrs.Location, \u003cnulltype\u003e]",
                "dst_entity_types": "[]"
              }
            },
            {
              "pattern_action": "MOV",
              "pattern_entity": {
                "entity_type": "*",
                "entity_new value": "*",
                "entity_role": "*",
                "entity_parent": {
                  "entity_type": "*",
                  "entity_new value": "*",
                  "entity_role": "Then",
                  "entity_parent": {
                    "entity_type": "If",
                    "entity_new value": "*",
                    "entity_role": "*",
                    "entity_parent": "null"
                  }
                }
              },
              "concrete_change": {
                "operator": "MOV",
                "src_type": "LocalVariable",
                "dst_type": "LocalVariable",
                "src": "org.openmrs.Location location \u003d ((org.openmrs.Location) (org.openmrs.module.htmlformentry.element.HtmlFormEntryUtil.convertToType(value.toString().trim(), org.openmrs.Location.class)))",
                "dst": "org.openmrs.Location location \u003d ((org.openmrs.Location) (org.openmrs.module.htmlformentry.element.HtmlFormEntryUtil.convertToType(value.toString().trim(), org.openmrs.Location.class)))",
                "src_parent_type": "Block",
                "dst_parent_type": "Block",
                "src_parent": "{\n    java.lang.Object value \u003d locationWidget.getValue(session.getContext(), submission);\n    org.openmrs.Location location \u003d ((org.openmrs.Location) (org.openmrs.module.htmlformentry.element.HtmlFormEntryUtil.convertToType(value.toString().trim(), org.openmrs.Location.class)));\n    session.getSubmissionActions().getCurrentEncounter().setLocation(location);\n}",
                "dst_parent": "{\n    org.openmrs.Location location \u003d ((org.openmrs.Location) (org.openmrs.module.htmlformentry.element.HtmlFormEntryUtil.convertToType(value.toString().trim(), org.openmrs.Location.class)));\n    session.getSubmissionActions().getCurrentEncounter().setLocation(location);\n}"
              },
              "line": 781,
              "file": "/home/khesoem/projects/lighter/exp/api/src/main/java/org/openmrs/module/htmlformentry/element/EncounterDetailSubmissionElement.java",
              "stats": {
                "number_of_src_entities": 43,
                "number_of_dst_entities": 43,
                "src_entity_types": "[org.openmrs.module.htmlformentry.element.HtmlFormEntryUtil, java.lang.Object, java.lang.String, org.openmrs.Location]",
                "dst_entity_types": "[org.openmrs.module.htmlformentry.element.HtmlFormEntryUtil, java.lang.Object, java.lang.String, org.openmrs.Location]"
              }
            }
          ]
        },
        {
          "tool-name": "Nopol",
          "pattern-name": "Nopol:if_condition_upd_deep",
          "Unified_Diff_of-files:": "Starts Below...",
          "DELETE:": "        System.out.println(\"HTML \" + generateHtml(context));",
          "CHANGE_old:": "                if (value \u003d\u003d null \u0026 locationRequired) {",
          "CHANGE_new:": "                    if (locationRequired) {",
          "INSERT:": "        }",
          "instance_detail": [
            {
              "pattern_action": "ANY",
              "pattern_entity": {
                "entity_type": "*",
                "entity_new value": "*",
                "entity_role": "*",
                "entity_parent": {
                  "entity_type": "*",
                  "entity_new value": "*",
                  "entity_role": "condition",
                  "entity_parent": {
                    "entity_type": "If",
                    "entity_new value": "*",
                    "entity_role": "*",
                    "entity_parent": "null"
                  }
                }
              },
              "concrete_change": {
                "operator": "UPD",
                "src_type": "Literal",
                "dst_type": "Literal",
                "src": "\"the provider widget initial value \"",
                "dst": "null",
                "src_parent_type": "BinaryOperator",
                "dst_parent_type": "BinaryOperator",
                "src_parent": "(\"the provider widget initial value \" + (providerWidget.getInitialValue()))",
                "dst_parent": "value \u003d\u003d null"
              },
              "line": 693,
              "file": "/home/khesoem/projects/lighter/exp/api/src/main/java/org/openmrs/module/htmlformentry/element/EncounterDetailSubmissionElement.java",
              "stats": {
                "number_of_src_entities": 3,
                "number_of_dst_entities": 2,
                "src_entity_types": "[java.lang.String]",
                "dst_entity_types": "[\u003cnulltype\u003e]"
              }
            }
          ]
        }
      ]
    }
  ],
  "complete_analysis": true
}