{
  "instances": [
    {
      "revision": "2f47391d5f10e4dd620df61e369036cbf5449b94",
      "repairability": [
        {
          "tool-name": "Nopol",
          "pattern-name": "Nopol:if_condition_ins_shallow",
          "Unified_Diff_of-files:": "Starts Below...",
          "CHANGE_old:": "                }",
          "CHANGE_new:": "                }*/",
          "INSERT:": "",
          "instance_detail": [
            {
              "pattern_action": "INS",
              "pattern_entity": {
                "entity_type": "If",
                "entity_new value": "*",
                "entity_role": "*",
                "entity_parent": "null"
              },
              "concrete_change": {
                "operator": "INS",
                "src_type": "If",
                "dst_type": "null",
                "src": "if ((parameters.get(\"answer\")) !\u003d null) {\n    try {\n        java.lang.Number number \u003d java.lang.Double.valueOf(parameters.get(\"answer\"));\n        numericAnswers.add(number);\n        answerLabel \u003d parameters.get(\"answerLabel\");\n        if (number !\u003d null) {\n            valueWidget \u003d new org.openmrs.module.htmlformentry.widget.CheckboxWidget(answerLabel, number.toString());\n        }\n    } catch (java.lang.Exception ex) {\n        throw new java.lang.RuntimeException(((((\"Error in answer for concept \" + (concept.getConceptId())) + \" (\") + (ex.toString())) + \"): \"));\n    }\n}",
                "dst": "null",
                "src_parent_type": "Block",
                "dst_parent_type": "null",
                "src_parent": "{\n    if ((parameters.get(\"answer\")) !\u003d null) {\n        try {\n            java.lang.Number number \u003d java.lang.Double.valueOf(parameters.get(\"answer\"));\n            numericAnswers.add(number);\n            answerLabel \u003d parameters.get(\"answerLabel\");\n            if (number !\u003d null) {\n                valueWidget \u003d new org.openmrs.module.htmlformentry.widget.CheckboxWidget(answerLabel, number.toString());\n            }\n        } catch (java.lang.Exception ex) {\n            throw new java.lang.RuntimeException(((((\"Error in answer for concept \" + (concept.getConceptId())) + \" (\") + (ex.toString())) + \"): \"));\n        }\n    }\n}",
                "dst_parent": "null"
              },
              "line": 292,
              "file": "/home/khesoem/projects/lighter/exp/api/src/main/java/org/openmrs/module/htmlformentry/element/ObsSubmissionElement.java"
            },
            {
              "pattern_action": "MOV",
              "pattern_entity": {
                "entity_type": "*",
                "entity_new value": "*",
                "entity_role": "Then",
                "entity_parent": {
                  "entity_type": "If",
                  "entity_new value": "*",
                  "entity_role": "*",
                  "entity_parent": "null"
                }
              },
              "concrete_change": {
                "operator": "MOV",
                "src_type": "Block",
                "dst_type": "Block",
                "src": "{\n    if (!(\"checkbox\".equals(parameters.get(\"style\")))) {\n        valueWidget \u003d new org.openmrs.module.htmlformentry.widget.NumberFieldWidget(cn, parameters.get(\"size\"));\n    }\n}",
                "dst": "{\n    try {\n        java.lang.Number number \u003d java.lang.Double.valueOf(parameters.get(\"answer\"));\n        numericAnswers.add(number);\n        answerLabel \u003d parameters.get(\"answerLabel\");\n        if (number !\u003d null) {\n            valueWidget \u003d new org.openmrs.module.htmlformentry.widget.CheckboxWidget(answerLabel, number.toString());\n        }\n    } catch (java.lang.Exception ex) {\n        throw new java.lang.RuntimeException(((((\"Error in answer for concept \" + (concept.getConceptId())) + \" (\") + (ex.toString())) + \"): \"));\n    }\n}",
                "src_parent_type": "If",
                "dst_parent_type": "If",
                "src_parent": "if ((numericAnswers.size()) \u003d\u003d 0) {\n    if (!(\"checkbox\".equals(parameters.get(\"style\")))) {\n        valueWidget \u003d new org.openmrs.module.htmlformentry.widget.NumberFieldWidget(cn, parameters.get(\"size\"));\n    }\n} else {\n    if (\"radio\".equals(parameters.get(\"style\"))) {\n        valueWidget \u003d new org.openmrs.module.htmlformentry.widget.RadioButtonsWidget();\n        if (org.apache.commons.lang.StringUtils.isNotBlank(answerSeparator))\n            ((org.openmrs.module.htmlformentry.widget.RadioButtonsWidget) (valueWidget)).setAnswerSeparator(answerSeparator);\n\n    } else {\n        valueWidget \u003d new org.openmrs.module.htmlformentry.widget.DropdownWidget();\n        ((org.openmrs.module.htmlformentry.widget.DropdownWidget) (valueWidget)).addOption(new org.openmrs.module.htmlformentry.widget.Option());\n    }\n    java.lang.Number lookFor \u003d ((existingObs) \u003d\u003d null) ? null : existingObs.getValueNumeric();\n    for (int i \u003d 0; i \u003c (numericAnswers.size()); ++i) {\n        java.lang.Number n \u003d numericAnswers.get(i);\n        if ((lookFor !\u003d null) \u0026\u0026 (lookFor.equals(n)))\n            lookFor \u003d null;\n\n        java.lang.String label \u003d null;\n        if (((answerLabels) !\u003d null) \u0026\u0026 (i \u003c (answerLabels.size()))) {\n            label \u003d answerLabels.get(i);\n        } else {\n            label \u003d n.toString();\n        }\n        ((org.openmrs.module.htmlformentry.widget.SingleOptionWidget) (valueWidget)).addOption(new org.openmrs.module.htmlformentry.widget.Option(label, n.toString(), false));\n    }\n    if (lookFor !\u003d null)\n        ((org.openmrs.module.htmlformentry.widget.SingleOptionWidget) (valueWidget)).addOption(new org.openmrs.module.htmlformentry.widget.Option(lookFor.toString(), lookFor.toString(), true));\n\n}",
                "dst_parent": "if ((parameters.get(\"answer\")) !\u003d null) {\n    try {\n        java.lang.Number number \u003d java.lang.Double.valueOf(parameters.get(\"answer\"));\n        numericAnswers.add(number);\n        answerLabel \u003d parameters.get(\"answerLabel\");\n        if (number !\u003d null) {\n            valueWidget \u003d new org.openmrs.module.htmlformentry.widget.CheckboxWidget(answerLabel, number.toString());\n        }\n    } catch (java.lang.Exception ex) {\n        throw new java.lang.RuntimeException(((((\"Error in answer for concept \" + (concept.getConceptId())) + \" (\") + (ex.toString())) + \"): \"));\n    }\n}"
              },
              "line": 286,
              "file": "/home/khesoem/projects/lighter/exp/api/src/main/java/org/openmrs/module/htmlformentry/element/ObsSubmissionElement.java",
              "stats": {
                "number_of_src_entities": 76,
                "number_of_dst_entities": 203,
                "src_entity_types": "[boolean, java.lang.Object, org.openmrs.ConceptNumeric, java.lang.String, java.util.Map\u003cjava.lang.String, java.lang.String\u003e, java.util.Map, org.openmrs.module.htmlformentry.element.ObsSubmissionElement]",
                "dst_entity_types": "[org.openmrs.Concept, org.openmrs.module.htmlformentry.widget.CheckboxWidget, java.lang.Object, java.lang.String, \u003cnulltype\u003e, java.lang.Double, java.lang.Exception, boolean, java.lang.Number, java.lang.Throwable, java.util.List, java.util.Map\u003cjava.lang.String, java.lang.String\u003e, java.util.Map, org.openmrs.module.htmlformentry.element.ObsSubmissionElement, java.lang.RuntimeException]"
              }
            }
          ]
        },
        {
          "tool-name": "Nopol",
          "pattern-name": "Nopol:if_condition_ins_shallow",
          "Unified_Diff_of-files:": "Starts Below...",
          "CHANGE_old:": "                }",
          "CHANGE_new:": "                }*/",
          "INSERT:": "",
          "instance_detail": [
            {
              "pattern_action": "INS",
              "pattern_entity": {
                "entity_type": "If",
                "entity_new value": "*",
                "entity_role": "*",
                "entity_parent": "null"
              },
              "concrete_change": {
                "operator": "INS",
                "src_type": "If",
                "dst_type": "null",
                "src": "if (number !\u003d null) {\n    valueWidget \u003d new org.openmrs.module.htmlformentry.widget.CheckboxWidget(answerLabel, number.toString());\n}",
                "dst": "null",
                "src_parent_type": "Block",
                "dst_parent_type": "null",
                "src_parent": "{\n    java.lang.Number number \u003d java.lang.Double.valueOf(parameters.get(\"answer\"));\n    numericAnswers.add(number);\n    answerLabel \u003d parameters.get(\"answerLabel\");\n    if (number !\u003d null) {\n        valueWidget \u003d new org.openmrs.module.htmlformentry.widget.CheckboxWidget(answerLabel, number.toString());\n    }\n}",
                "dst_parent": "null"
              },
              "line": 297,
              "file": "/home/khesoem/projects/lighter/exp/api/src/main/java/org/openmrs/module/htmlformentry/element/ObsSubmissionElement.java"
            },
            {
              "pattern_action": "MOV",
              "pattern_entity": {
                "entity_type": "*",
                "entity_new value": "*",
                "entity_role": "Then",
                "entity_parent": {
                  "entity_type": "If",
                  "entity_new value": "*",
                  "entity_role": "*",
                  "entity_parent": "null"
                }
              },
              "concrete_change": {
                "operator": "MOV",
                "src_type": "Block",
                "dst_type": "Block",
                "src": "{\n    valueWidget \u003d new org.openmrs.module.htmlformentry.widget.CheckboxWidget(answerLabel, number.toString());\n}",
                "dst": "{\n    valueWidget \u003d new org.openmrs.module.htmlformentry.widget.CheckboxWidget(answerLabel, number.toString());\n}",
                "src_parent_type": "If",
                "dst_parent_type": "If",
                "src_parent": "if (\"checkbox\".equals(parameters.get(\"style\"))) {\n    valueWidget \u003d new org.openmrs.module.htmlformentry.widget.CheckboxWidget(answerLabel, number.toString());\n}",
                "dst_parent": "if (number !\u003d null) {\n    valueWidget \u003d new org.openmrs.module.htmlformentry.widget.CheckboxWidget(answerLabel, number.toString());\n}"
              },
              "line": 342,
              "file": "/home/khesoem/projects/lighter/exp/api/src/main/java/org/openmrs/module/htmlformentry/element/ObsSubmissionElement.java",
              "stats": {
                "number_of_src_entities": 46,
                "number_of_dst_entities": 46,
                "src_entity_types": "[org.openmrs.module.htmlformentry.widget.CheckboxWidget, java.lang.Object, java.lang.Number, org.openmrs.module.htmlformentry.element.ObsSubmissionElement]",
                "dst_entity_types": "[org.openmrs.module.htmlformentry.widget.CheckboxWidget, java.lang.Object, java.lang.Number, org.openmrs.module.htmlformentry.element.ObsSubmissionElement]"
              }
            }
          ]
        }
      ]
    }
  ],
  "complete_analysis": true
}