{
  "instances": [
    {
      "revision": "724ec8b5547467b80c025cf04b3a52408a64ba49",
      "repairability": [
        {
          "tool-name": "NPEfix",
          "pattern-name": "NPEfix:npefix_skip",
          "Unified_Diff_of-files:": "Starts Below...",
          "CHANGE_old:": "    protected abstract void createOrUpdateEphemeral(String path, String data, Object stat);\r",
          "CHANGE_new:": "    protected abstract void createOrUpdateEphemeral(String path, String data, int version);\r",
          "DELETE:": "        }\r",
          "instance_detail": [
            {
              "pattern_action": "MOV",
              "pattern_entity": {
                "entity_type": "*",
                "entity_new value": "*",
                "entity_role": "*",
                "entity_parent": {
                  "entity_type": "*",
                  "entity_new value": "*",
                  "entity_role": "Then",
                  "entity_parent": {
                    "entity_type": "If",
                    "entity_new value": "*",
                    "entity_role": "*",
                    "entity_parent": "null"
                  }
                }
              },
              "concrete_change": {
                "operator": "MOV",
                "src_type": "Invocation",
                "dst_type": "Invocation",
                "src": "watcher.stopWatching()",
                "dst": "watcher.stopWatching()",
                "src_parent_type": "Block",
                "dst_parent_type": "Block",
                "src_parent": "{\n    org.apache.dubbo.registry.zookeeper.ZookeeperServiceDiscoveryChangeWatcher watcher \u003d watcherCaches.remove(serviceName);\n    watcher.stopWatching();\n}",
                "dst_parent": "{\n    watcher.stopWatching();\n}"
              },
              "line": 184,
              "file": "/home/khesoem/projects/lighter/exp/dubbo-registry/dubbo-registry-zookeeper/src/main/java/org/apache/dubbo/registry/zookeeper/ZookeeperServiceDiscovery.java",
              "stats": {
                "number_of_src_entities": 8,
                "number_of_dst_entities": 8,
                "src_entity_types": "[org.apache.dubbo.registry.zookeeper.watcher, org.apache.dubbo.registry.zookeeper.ZookeeperServiceDiscoveryChangeWatcher]",
                "dst_entity_types": "[org.apache.dubbo.registry.zookeeper.watcher, org.apache.dubbo.registry.zookeeper.ZookeeperServiceDiscoveryChangeWatcher]"
              }
            },
            {
              "pattern_action": "INS",
              "pattern_entity": {
                "entity_type": "If",
                "entity_new value": "*",
                "entity_role": "*",
                "entity_parent": "null"
              },
              "concrete_change": {
                "operator": "INS",
                "src_type": "If",
                "dst_type": "null",
                "src": "if (watcher !\u003d null) {\n    watcher.stopWatching();\n}",
                "dst": "null",
                "src_parent_type": "Block",
                "dst_parent_type": "null",
                "src_parent": "{\n    org.apache.dubbo.registry.zookeeper.ZookeeperServiceDiscoveryChangeWatcher watcher \u003d watcherCaches.remove(buildServicePath(serviceName));\n    if (watcher !\u003d null) {\n        watcher.stopWatching();\n    }\n}",
                "dst_parent": "null"
              },
              "line": 182,
              "file": "/home/khesoem/projects/lighter/exp/dubbo-registry/dubbo-registry-zookeeper/src/main/java/org/apache/dubbo/registry/zookeeper/ZookeeperServiceDiscovery.java",
              "stats": {
                "number_of_src_entities": 17,
                "number_of_dst_entities": -1,
                "src_entity_types": "[org.apache.dubbo.registry.zookeeper.watcher, org.apache.dubbo.registry.zookeeper.ZookeeperServiceDiscoveryChangeWatcher, \u003cnulltype\u003e]",
                "dst_entity_types": "[]"
              }
            }
          ]
        }
      ]
    }
  ],
  "complete_analysis": true
}