{
  "instances": [
    {
      "revision": "3ce122a8dd8a11fece364eda0edf38110678030a",
      "repairability": [
        {
          "tool-name": "Arja",
          "pattern-name": "Arja:arja_shallow_change",
          "Unified_Diff_of-files:": "Starts Below...",
          "CHANGE_old:": "        return new VectorIterator() {",
          "CHANGE_new:": "        return new VectorIterator(length) {",
          "instance_detail": [
            {
              "pattern_action": "ANY",
              "pattern_entity": {
                "entity_type": "Statement",
                "entity_new value": "*",
                "entity_role": "*",
                "entity_parent": "null"
              },
              "concrete_change": {
                "operator": "DEL",
                "src_type": "Invocation",
                "dst_type": "null",
                "src": "these.cursor().compareTo(those.cursor())",
                "dst": "null",
                "src_parent_type": "LocalVariable",
                "dst_parent_type": "null",
                "src_parent": "int compare \u003d these.cursor().compareTo(those.cursor())",
                "dst_parent": "null"
              },
              "line": 108,
              "file": "/home/khesoem/projects/lighter/exp/src/main/java/org/la4j/iterator/CursorIterator.java"
            }
          ]
        },
        {
          "tool-name": "Arja",
          "pattern-name": "Arja:arja_shallow_change",
          "Unified_Diff_of-files:": "Starts Below...",
          "CHANGE_old:": "        return new VectorIterator() {",
          "CHANGE_new:": "        return new VectorIterator(length) {",
          "instance_detail": [
            {
              "pattern_action": "ANY",
              "pattern_entity": {
                "entity_type": "Statement",
                "entity_new value": "*",
                "entity_role": "*",
                "entity_parent": "null"
              },
              "concrete_change": {
                "operator": "DEL",
                "src_type": "LocalVariable",
                "dst_type": "null",
                "src": "int compare \u003d these.cursor().compareTo(those.cursor())",
                "dst": "null",
                "src_parent_type": "Block",
                "dst_parent_type": "null",
                "src_parent": "{\n    int compare \u003d these.cursor().compareTo(those.cursor());\n    if (compare \u003c 0) {\n        state.add(org.la4j.iterator.CursorIterator.IteratorState.TAKEN_FROM_THESE);\n    } else\n        if (compare \u003e 0) {\n            state.add(org.la4j.iterator.CursorIterator.IteratorState.TAKEN_FROM_THOSE);\n        } else {\n            state.add(org.la4j.iterator.CursorIterator.IteratorState.TAKEN_FROM_THESE);\n            state.add(org.la4j.iterator.CursorIterator.IteratorState.TAKEN_FROM_THOSE);\n        }\n\n}",
                "dst_parent": "null"
              },
              "line": 108,
              "file": "/home/khesoem/projects/lighter/exp/src/main/java/org/la4j/iterator/CursorIterator.java",
              "stats": {
                "number_of_src_entities": 33,
                "number_of_dst_entities": -1,
                "src_entity_types": "[int, java.lang.Comparable, org.la4j.iterator.CursorIterator\u003cT\u003e, org.la4j.iterator.CursorIterator]",
                "dst_entity_types": "[]"
              }
            }
          ]
        },
        {
          "tool-name": "Arja",
          "pattern-name": "Arja:arja_shallow_change",
          "Unified_Diff_of-files:": "Starts Below...",
          "CHANGE_old:": "        return new VectorIterator() {",
          "CHANGE_new:": "        return new VectorIterator(length) {",
          "instance_detail": [
            {
              "pattern_action": "ANY",
              "pattern_entity": {
                "entity_type": "Statement",
                "entity_new value": "*",
                "entity_role": "*",
                "entity_parent": "null"
              },
              "concrete_change": {
                "operator": "DEL",
                "src_type": "LocalVariable",
                "dst_type": "null",
                "src": "T theseCursor \u003d these.cursor()",
                "dst": "null",
                "src_parent_type": "Block",
                "dst_parent_type": "null",
                "src_parent": "{\n    these.next();\n    those.next();\n    T theseCursor \u003d these.cursor();\n    T thoseCursor \u003d those.cursor();\n    int compare \u003d theseCursor.compareTo(thoseCursor);\n    while (compare !\u003d 0) {\n        if ((these.hasNext()) \u0026\u0026 (compare \u003c 0)) {\n            these.next();\n            theseCursor \u003d these.cursor();\n        } else\n            if ((those.hasNext()) \u0026\u0026 (compare \u003e 0)) {\n                those.next();\n                thoseCursor \u003d those.cursor();\n            } else {\n                return;\n            }\n\n        compare \u003d theseCursor.compareTo(thoseCursor);\n    } \n    hasNext \u003d true;\n    currValue \u003d function.evaluate(these.value(), those.value());\n    currCursor \u003d theseCursor;\n}",
                "dst_parent": "null"
              },
              "line": 155,
              "file": "/home/khesoem/projects/lighter/exp/src/main/java/org/la4j/iterator/CursorIterator.java",
              "stats": {
                "number_of_src_entities": 14,
                "number_of_dst_entities": -1,
                "src_entity_types": "[org.la4j.iterator.CursorIterator\u003cT\u003e, org.la4j.iterator.CursorIterator]",
                "dst_entity_types": "[]"
              }
            }
          ]
        },
        {
          "tool-name": "Arja",
          "pattern-name": "Arja:arja_shallow_change",
          "Unified_Diff_of-files:": "Starts Below...",
          "CHANGE_old:": "        return new VectorIterator() {",
          "CHANGE_new:": "        return new VectorIterator(length) {",
          "instance_detail": [
            {
              "pattern_action": "ANY",
              "pattern_entity": {
                "entity_type": "Statement",
                "entity_new value": "*",
                "entity_role": "*",
                "entity_parent": "null"
              },
              "concrete_change": {
                "operator": "DEL",
                "src_type": "LocalVariable",
                "dst_type": "null",
                "src": "T thoseCursor \u003d those.cursor()",
                "dst": "null",
                "src_parent_type": "Block",
                "dst_parent_type": "null",
                "src_parent": "{\n    these.next();\n    those.next();\n    T theseCursor \u003d these.cursor();\n    T thoseCursor \u003d those.cursor();\n    int compare \u003d theseCursor.compareTo(thoseCursor);\n    while (compare !\u003d 0) {\n        if ((these.hasNext()) \u0026\u0026 (compare \u003c 0)) {\n            these.next();\n            theseCursor \u003d these.cursor();\n        } else\n            if ((those.hasNext()) \u0026\u0026 (compare \u003e 0)) {\n                those.next();\n                thoseCursor \u003d those.cursor();\n            } else {\n                return;\n            }\n\n        compare \u003d theseCursor.compareTo(thoseCursor);\n    } \n    hasNext \u003d true;\n    currValue \u003d function.evaluate(these.value(), those.value());\n    currCursor \u003d theseCursor;\n}",
                "dst_parent": "null"
              },
              "line": 156,
              "file": "/home/khesoem/projects/lighter/exp/src/main/java/org/la4j/iterator/CursorIterator.java",
              "stats": {
                "number_of_src_entities": 14,
                "number_of_dst_entities": -1,
                "src_entity_types": "[org.la4j.iterator.CursorIterator\u003cT\u003e, org.la4j.iterator.CursorIterator]",
                "dst_entity_types": "[]"
              }
            }
          ]
        },
        {
          "tool-name": "Arja",
          "pattern-name": "Arja:arja_shallow_change",
          "Unified_Diff_of-files:": "Starts Below...",
          "CHANGE_old:": "        return new VectorIterator() {",
          "CHANGE_new:": "        return new VectorIterator(length) {",
          "instance_detail": [
            {
              "pattern_action": "ANY",
              "pattern_entity": {
                "entity_type": "Statement",
                "entity_new value": "*",
                "entity_role": "*",
                "entity_parent": "null"
              },
              "concrete_change": {
                "operator": "DEL",
                "src_type": "Invocation",
                "dst_type": "null",
                "src": "theseCursor.compareTo(thoseCursor)",
                "dst": "null",
                "src_parent_type": "LocalVariable",
                "dst_parent_type": "null",
                "src_parent": "int compare \u003d theseCursor.compareTo(thoseCursor)",
                "dst_parent": "null"
              },
              "line": 157,
              "file": "/home/khesoem/projects/lighter/exp/src/main/java/org/la4j/iterator/CursorIterator.java"
            }
          ]
        },
        {
          "tool-name": "Arja",
          "pattern-name": "Arja:arja_shallow_change",
          "Unified_Diff_of-files:": "Starts Below...",
          "CHANGE_old:": "        return new VectorIterator() {",
          "CHANGE_new:": "        return new VectorIterator(length) {",
          "instance_detail": [
            {
              "pattern_action": "ANY",
              "pattern_entity": {
                "entity_type": "Statement",
                "entity_new value": "*",
                "entity_role": "*",
                "entity_parent": "null"
              },
              "concrete_change": {
                "operator": "DEL",
                "src_type": "LocalVariable",
                "dst_type": "null",
                "src": "int compare \u003d theseCursor.compareTo(thoseCursor)",
                "dst": "null",
                "src_parent_type": "Block",
                "dst_parent_type": "null",
                "src_parent": "{\n    these.next();\n    those.next();\n    T theseCursor \u003d these.cursor();\n    T thoseCursor \u003d those.cursor();\n    int compare \u003d theseCursor.compareTo(thoseCursor);\n    while (compare !\u003d 0) {\n        if ((these.hasNext()) \u0026\u0026 (compare \u003c 0)) {\n            these.next();\n            theseCursor \u003d these.cursor();\n        } else\n            if ((those.hasNext()) \u0026\u0026 (compare \u003e 0)) {\n                those.next();\n                thoseCursor \u003d those.cursor();\n            } else {\n                return;\n            }\n\n        compare \u003d theseCursor.compareTo(thoseCursor);\n    } \n    hasNext \u003d true;\n    currValue \u003d function.evaluate(these.value(), those.value());\n    currCursor \u003d theseCursor;\n}",
                "dst_parent": "null"
              },
              "line": 157,
              "file": "/home/khesoem/projects/lighter/exp/src/main/java/org/la4j/iterator/CursorIterator.java",
              "stats": {
                "number_of_src_entities": 15,
                "number_of_dst_entities": -1,
                "src_entity_types": "[int, java.lang.Comparable]",
                "dst_entity_types": "[]"
              }
            }
          ]
        },
        {
          "tool-name": "Arja",
          "pattern-name": "Arja:arja_shallow_change",
          "Unified_Diff_of-files:": "Starts Below...",
          "CHANGE_old:": "        return new VectorIterator() {",
          "CHANGE_new:": "        return new VectorIterator(length) {",
          "instance_detail": [
            {
              "pattern_action": "ANY",
              "pattern_entity": {
                "entity_type": "Statement",
                "entity_new value": "*",
                "entity_role": "*",
                "entity_parent": "null"
              },
              "concrete_change": {
                "operator": "DEL",
                "src_type": "Assignment",
                "dst_type": "null",
                "src": "theseCursor \u003d these.cursor()",
                "dst": "null",
                "src_parent_type": "Block",
                "dst_parent_type": "null",
                "src_parent": "{\n    these.next();\n    theseCursor \u003d these.cursor();\n}",
                "dst_parent": "null"
              },
              "line": 162,
              "file": "/home/khesoem/projects/lighter/exp/src/main/java/org/la4j/iterator/CursorIterator.java",
              "stats": {
                "number_of_src_entities": 17,
                "number_of_dst_entities": -1,
                "src_entity_types": "[org.la4j.iterator.CursorIterator\u003cT\u003e, org.la4j.iterator.CursorIterator]",
                "dst_entity_types": "[]"
              }
            }
          ]
        },
        {
          "tool-name": "Arja",
          "pattern-name": "Arja:arja_shallow_change",
          "Unified_Diff_of-files:": "Starts Below...",
          "CHANGE_old:": "        return new VectorIterator() {",
          "CHANGE_new:": "        return new VectorIterator(length) {",
          "instance_detail": [
            {
              "pattern_action": "ANY",
              "pattern_entity": {
                "entity_type": "Statement",
                "entity_new value": "*",
                "entity_role": "*",
                "entity_parent": "null"
              },
              "concrete_change": {
                "operator": "DEL",
                "src_type": "Assignment",
                "dst_type": "null",
                "src": "thoseCursor \u003d those.cursor()",
                "dst": "null",
                "src_parent_type": "Block",
                "dst_parent_type": "null",
                "src_parent": "{\n    those.next();\n    thoseCursor \u003d those.cursor();\n}",
                "dst_parent": "null"
              },
              "line": 165,
              "file": "/home/khesoem/projects/lighter/exp/src/main/java/org/la4j/iterator/CursorIterator.java",
              "stats": {
                "number_of_src_entities": 17,
                "number_of_dst_entities": -1,
                "src_entity_types": "[org.la4j.iterator.CursorIterator\u003cT\u003e, org.la4j.iterator.CursorIterator]",
                "dst_entity_types": "[]"
              }
            }
          ]
        },
        {
          "tool-name": "Arja",
          "pattern-name": "Arja:arja_shallow_change",
          "Unified_Diff_of-files:": "Starts Below...",
          "CHANGE_old:": "        return new VectorIterator() {",
          "CHANGE_new:": "        return new VectorIterator(length) {",
          "instance_detail": [
            {
              "pattern_action": "ANY",
              "pattern_entity": {
                "entity_type": "Statement",
                "entity_new value": "*",
                "entity_role": "*",
                "entity_parent": "null"
              },
              "concrete_change": {
                "operator": "DEL",
                "src_type": "Invocation",
                "dst_type": "null",
                "src": "theseCursor.compareTo(thoseCursor)",
                "dst": "null",
                "src_parent_type": "Assignment",
                "dst_parent_type": "null",
                "src_parent": "compare \u003d theseCursor.compareTo(thoseCursor)",
                "dst_parent": "null"
              },
              "line": 169,
              "file": "/home/khesoem/projects/lighter/exp/src/main/java/org/la4j/iterator/CursorIterator.java"
            }
          ]
        },
        {
          "tool-name": "Arja",
          "pattern-name": "Arja:arja_shallow_change",
          "Unified_Diff_of-files:": "Starts Below...",
          "CHANGE_old:": "        return new VectorIterator() {",
          "CHANGE_new:": "        return new VectorIterator(length) {",
          "instance_detail": [
            {
              "pattern_action": "ANY",
              "pattern_entity": {
                "entity_type": "Statement",
                "entity_new value": "*",
                "entity_role": "*",
                "entity_parent": "null"
              },
              "concrete_change": {
                "operator": "DEL",
                "src_type": "Assignment",
                "dst_type": "null",
                "src": "compare \u003d theseCursor.compareTo(thoseCursor)",
                "dst": "null",
                "src_parent_type": "Block",
                "dst_parent_type": "null",
                "src_parent": "{\n    if ((these.hasNext()) \u0026\u0026 (compare \u003c 0)) {\n        these.next();\n        theseCursor \u003d these.cursor();\n    } else\n        if ((those.hasNext()) \u0026\u0026 (compare \u003e 0)) {\n            those.next();\n            thoseCursor \u003d those.cursor();\n        } else {\n            return;\n        }\n\n    compare \u003d theseCursor.compareTo(thoseCursor);\n}",
                "dst_parent": "null"
              },
              "line": 169,
              "file": "/home/khesoem/projects/lighter/exp/src/main/java/org/la4j/iterator/CursorIterator.java",
              "stats": {
                "number_of_src_entities": 18,
                "number_of_dst_entities": -1,
                "src_entity_types": "[int, java.lang.Comparable]",
                "dst_entity_types": "[]"
              }
            }
          ]
        }
      ]
    },
    {
      "revision": "3ce122a8dd8a11fece364eda0edf38110678030a",
      "repairability": [
        {
          "tool-name": "Arja",
          "pattern-name": "Arja:arja_shallow_change",
          "Unified_Diff_of-files:": "Starts Below...",
          "CHANGE_old:": "        return new VectorIterator() {",
          "CHANGE_new:": "        return new VectorIterator(length) {",
          "instance_detail": [
            {
              "pattern_action": "ANY",
              "pattern_entity": {
                "entity_type": "Statement",
                "entity_new value": "*",
                "entity_role": "*",
                "entity_parent": "null"
              },
              "concrete_change": {
                "operator": "DEL",
                "src_type": "UnaryOperator",
                "dst_type": "null",
                "src": "-1",
                "dst": "null",
                "src_parent_type": "Conditional",
                "dst_parent_type": "null",
                "src_parent": "(this.row) \u003c (that.row) ? -1 : (this.row) \u003e (that.row) ? 1 : (this.column) - (that.column)",
                "dst_parent": "null"
              },
              "line": 38,
              "file": "/home/khesoem/projects/lighter/exp/src/main/java/org/la4j/iterator/MatrixIterator.java"
            }
          ]
        },
        {
          "tool-name": "Arja",
          "pattern-name": "Arja:arja_shallow_change",
          "Unified_Diff_of-files:": "Starts Below...",
          "CHANGE_old:": "        return new VectorIterator() {",
          "CHANGE_new:": "        return new VectorIterator(length) {",
          "instance_detail": [
            {
              "pattern_action": "ANY",
              "pattern_entity": {
                "entity_type": "Statement",
                "entity_new value": "*",
                "entity_role": "*",
                "entity_parent": "null"
              },
              "concrete_change": {
                "operator": "DEL",
                "src_type": "Return",
                "dst_type": "null",
                "src": "return (this.row) \u003c (that.row) ? -1 : (this.row) \u003e (that.row) ? 1 : (this.column) - (that.column)",
                "dst": "null",
                "src_parent_type": "Block",
                "dst_parent_type": "null",
                "src_parent": "{\n    return (this.row) \u003c (that.row) ? -1 : (this.row) \u003e (that.row) ? 1 : (this.column) - (that.column);\n}",
                "dst_parent": "null"
              },
              "line": 38,
              "file": "/home/khesoem/projects/lighter/exp/src/main/java/org/la4j/iterator/MatrixIterator.java"
            }
          ]
        },
        {
          "tool-name": "Arja",
          "pattern-name": "Arja:arja_shallow_change",
          "Unified_Diff_of-files:": "Starts Below...",
          "CHANGE_old:": "        return new VectorIterator() {",
          "CHANGE_new:": "        return new VectorIterator(length) {",
          "instance_detail": [
            {
              "pattern_action": "ANY",
              "pattern_entity": {
                "entity_type": "Statement",
                "entity_new value": "*",
                "entity_role": "*",
                "entity_parent": "null"
              },
              "concrete_change": {
                "operator": "DEL",
                "src_type": "Class",
                "dst_type": "null",
                "src": "public final class MatrixCursor implements java.lang.Comparable\u003corg.la4j.iterator.MatrixIterator.MatrixCursor\u003e {\n    public final int row;\n\n    public final int column;\n\n    public MatrixCursor(int row, int column) {\n        this.row \u003d row;\n        this.column \u003d column;\n    }\n\n    @java.lang.Override\n    public int compareTo(org.la4j.iterator.MatrixIterator.MatrixCursor that) {\n        return (this.row) \u003c (that.row) ? -1 : (this.row) \u003e (that.row) ? 1 : (this.column) - (that.column);\n    }\n}",
                "dst": "null",
                "src_parent_type": "Class",
                "dst_parent_type": "null",
                "src_parent": "public abstract class MatrixIterator extends org.la4j.iterator.CursorIterator\u003corg.la4j.iterator.MatrixIterator.MatrixCursor\u003e {\n    public final class MatrixCursor implements java.lang.Comparable\u003corg.la4j.iterator.MatrixIterator.MatrixCursor\u003e {\n        public final int row;\n\n        public final int column;\n\n        public MatrixCursor(int row, int column) {\n            this.row \u003d row;\n            this.column \u003d column;\n        }\n\n        @java.lang.Override\n        public int compareTo(org.la4j.iterator.MatrixIterator.MatrixCursor that) {\n            return (this.row) \u003c (that.row) ? -1 : (this.row) \u003e (that.row) ? 1 : (this.column) - (that.column);\n        }\n    }\n\n    public abstract int row();\n\n    public abstract int column();\n\n    @java.lang.Override\n    protected org.la4j.iterator.MatrixIterator.MatrixCursor cursor() {\n        return new org.la4j.iterator.MatrixIterator.MatrixCursor(row(), column());\n    }\n}",
                "dst_parent": "null"
              },
              "line": 26,
              "file": "/home/khesoem/projects/lighter/exp/src/main/java/org/la4j/iterator/MatrixIterator.java",
              "stats": {
                "number_of_src_entities": 164,
                "number_of_dst_entities": -1,
                "src_entity_types": "[org.la4j.iterator.MatrixIterator.MatrixCursor, int, boolean, java.lang.Comparable\u003corg.la4j.iterator.MatrixIterator.MatrixCursor\u003e, java.lang.Object, org.la4j.iterator.MatrixIterator, java.lang.Override]",
                "dst_entity_types": "[]"
              }
            }
          ]
        },
        {
          "tool-name": "Arja",
          "pattern-name": "Arja:arja_shallow_change",
          "Unified_Diff_of-files:": "Starts Below...",
          "CHANGE_old:": "        return new VectorIterator() {",
          "CHANGE_new:": "        return new VectorIterator(length) {",
          "instance_detail": [
            {
              "pattern_action": "ANY",
              "pattern_entity": {
                "entity_type": "Statement",
                "entity_new value": "*",
                "entity_role": "*",
                "entity_parent": "null"
              },
              "concrete_change": {
                "operator": "DEL",
                "src_type": "Invocation",
                "dst_type": "null",
                "src": "row()",
                "dst": "null",
                "src_parent_type": "ConstructorCall",
                "dst_parent_type": "null",
                "src_parent": "new org.la4j.iterator.MatrixIterator.MatrixCursor(row(), column())",
                "dst_parent": "null"
              },
              "line": 58,
              "file": "/home/khesoem/projects/lighter/exp/src/main/java/org/la4j/iterator/MatrixIterator.java"
            }
          ]
        },
        {
          "tool-name": "Arja",
          "pattern-name": "Arja:arja_shallow_change",
          "Unified_Diff_of-files:": "Starts Below...",
          "CHANGE_old:": "        return new VectorIterator() {",
          "CHANGE_new:": "        return new VectorIterator(length) {",
          "instance_detail": [
            {
              "pattern_action": "ANY",
              "pattern_entity": {
                "entity_type": "Statement",
                "entity_new value": "*",
                "entity_role": "*",
                "entity_parent": "null"
              },
              "concrete_change": {
                "operator": "DEL",
                "src_type": "Invocation",
                "dst_type": "null",
                "src": "column()",
                "dst": "null",
                "src_parent_type": "ConstructorCall",
                "dst_parent_type": "null",
                "src_parent": "new org.la4j.iterator.MatrixIterator.MatrixCursor(row(), column())",
                "dst_parent": "null"
              },
              "line": 58,
              "file": "/home/khesoem/projects/lighter/exp/src/main/java/org/la4j/iterator/MatrixIterator.java"
            }
          ]
        },
        {
          "tool-name": "Arja",
          "pattern-name": "Arja:arja_shallow_change",
          "Unified_Diff_of-files:": "Starts Below...",
          "CHANGE_old:": "        return new VectorIterator() {",
          "CHANGE_new:": "        return new VectorIterator(length) {",
          "instance_detail": [
            {
              "pattern_action": "ANY",
              "pattern_entity": {
                "entity_type": "Statement",
                "entity_new value": "*",
                "entity_role": "*",
                "entity_parent": "null"
              },
              "concrete_change": {
                "operator": "DEL",
                "src_type": "ConstructorCall",
                "dst_type": "null",
                "src": "new org.la4j.iterator.MatrixIterator.MatrixCursor(row(), column())",
                "dst": "null",
                "src_parent_type": "Return",
                "dst_parent_type": "null",
                "src_parent": "return new org.la4j.iterator.MatrixIterator.MatrixCursor(row(), column())",
                "dst_parent": "null"
              },
              "line": 58,
              "file": "/home/khesoem/projects/lighter/exp/src/main/java/org/la4j/iterator/MatrixIterator.java",
              "stats": {
                "number_of_src_entities": 32,
                "number_of_dst_entities": -1,
                "src_entity_types": "[org.la4j.iterator.MatrixIterator.MatrixCursor, org.la4j.iterator.MatrixIterator]",
                "dst_entity_types": "[]"
              }
            }
          ]
        }
      ]
    },
    {
      "revision": "3ce122a8dd8a11fece364eda0edf38110678030a",
      "repairability": [
        {
          "tool-name": "Arja",
          "pattern-name": "Arja:arja_shallow_change",
          "Unified_Diff_of-files:": "Starts Below...",
          "CHANGE_old:": "        return new VectorIterator() {",
          "CHANGE_new:": "        return new VectorIterator(length) {",
          "instance_detail": [
            {
              "pattern_action": "ANY",
              "pattern_entity": {
                "entity_type": "Statement",
                "entity_new value": "*",
                "entity_role": "*",
                "entity_parent": "null"
              },
              "concrete_change": {
                "operator": "DEL",
                "src_type": "Return",
                "dst_type": "null",
                "src": "return underlying.cursor().row",
                "dst": "null",
                "src_parent_type": "Block",
                "dst_parent_type": "null",
                "src_parent": "{\n    return underlying.cursor().row;\n}",
                "dst_parent": "null"
              },
              "line": 34,
              "file": "/home/khesoem/projects/lighter/exp/src/main/java/org/la4j/iterator/CursorToMatrixIterator.java"
            }
          ]
        }
      ]
    },
    {
      "revision": "3ce122a8dd8a11fece364eda0edf38110678030a",
      "repairability": [
        {
          "tool-name": "Arja",
          "pattern-name": "Arja:arja_shallow_change",
          "Unified_Diff_of-files:": "Starts Below...",
          "CHANGE_old:": "        return new VectorIterator() {",
          "CHANGE_new:": "        return new VectorIterator(length) {",
          "instance_detail": [
            {
              "pattern_action": "ANY",
              "pattern_entity": {
                "entity_type": "Statement",
                "entity_new value": "*",
                "entity_role": "*",
                "entity_parent": "null"
              },
              "concrete_change": {
                "operator": "DEL",
                "src_type": "Return",
                "dst_type": "null",
                "src": "return (this.index) - (that.index)",
                "dst": "null",
                "src_parent_type": "Block",
                "dst_parent_type": "null",
                "src_parent": "{\n    return (this.index) - (that.index);\n}",
                "dst_parent": "null"
              },
              "line": 36,
              "file": "/home/khesoem/projects/lighter/exp/src/main/java/org/la4j/iterator/VectorIterator.java"
            }
          ]
        },
        {
          "tool-name": "Arja",
          "pattern-name": "Arja:arja_shallow_change",
          "Unified_Diff_of-files:": "Starts Below...",
          "CHANGE_old:": "        return new VectorIterator() {",
          "CHANGE_new:": "        return new VectorIterator(length) {",
          "instance_detail": [
            {
              "pattern_action": "ANY",
              "pattern_entity": {
                "entity_type": "Statement",
                "entity_new value": "*",
                "entity_role": "*",
                "entity_parent": "null"
              },
              "concrete_change": {
                "operator": "DEL",
                "src_type": "Class",
                "dst_type": "null",
                "src": "public final class VectorCursor implements java.lang.Comparable\u003corg.la4j.iterator.VectorIterator.VectorCursor\u003e {\n    public final int index;\n\n    public VectorCursor(int index) {\n        this.index \u003d index;\n    }\n\n    @java.lang.Override\n    public int compareTo(org.la4j.iterator.VectorIterator.VectorCursor that) {\n        return (this.index) - (that.index);\n    }\n}",
                "dst": "null",
                "src_parent_type": "Class",
                "dst_parent_type": "null",
                "src_parent": "public abstract class VectorIterator extends org.la4j.iterator.CursorIterator\u003corg.la4j.iterator.VectorIterator.VectorCursor\u003e {\n    public final class VectorCursor implements java.lang.Comparable\u003corg.la4j.iterator.VectorIterator.VectorCursor\u003e {\n        public final int index;\n\n        public VectorCursor(int index) {\n            this.index \u003d index;\n        }\n\n        @java.lang.Override\n        public int compareTo(org.la4j.iterator.VectorIterator.VectorCursor that) {\n            return (this.index) - (that.index);\n        }\n    }\n\n    public abstract int index();\n\n    public abstract double value();\n\n    public org.la4j.iterator.VectorIterator andAlsoAdd(final org.la4j.iterator.VectorIterator those) {\n        return new org.la4j.iterator.CursorToVectorIterator(super.andAlso(those, JoinFunction.ADD));\n    }\n\n    public org.la4j.iterator.VectorIterator orElseAdd(final org.la4j.iterator.VectorIterator those) {\n        return new org.la4j.iterator.CursorToVectorIterator(super.orElse(those, JoinFunction.ADD));\n    }\n\n    public org.la4j.iterator.VectorIterator andAlsoSubtract(final org.la4j.iterator.VectorIterator those) {\n        return new org.la4j.iterator.CursorToVectorIterator(super.andAlso(those, JoinFunction.SUB));\n    }\n\n    public org.la4j.iterator.VectorIterator orElseSubtract(final org.la4j.iterator.VectorIterator those) {\n        return new org.la4j.iterator.CursorToVectorIterator(super.orElse(those, JoinFunction.SUB));\n    }\n\n    public org.la4j.iterator.VectorIterator andAlsoMultiply(final org.la4j.iterator.VectorIterator those) {\n        return new org.la4j.iterator.CursorToVectorIterator(super.andAlso(those, JoinFunction.MUL));\n    }\n\n    public org.la4j.iterator.VectorIterator orElseMultiply(final org.la4j.iterator.VectorIterator those) {\n        return new org.la4j.iterator.CursorToVectorIterator(super.orElse(those, JoinFunction.MUL));\n    }\n\n    @java.lang.Override\n    protected org.la4j.iterator.VectorIterator.VectorCursor cursor() {\n        return new org.la4j.iterator.VectorIterator.VectorCursor(index());\n    }\n}",
                "dst_parent": "null"
              },
              "line": 26,
              "file": "/home/khesoem/projects/lighter/exp/src/main/java/org/la4j/iterator/VectorIterator.java",
              "stats": {
                "number_of_src_entities": 77,
                "number_of_dst_entities": -1,
                "src_entity_types": "[int, java.lang.Comparable\u003corg.la4j.iterator.VectorIterator.VectorCursor\u003e, java.lang.Object, java.lang.Override, org.la4j.iterator.VectorIterator, org.la4j.iterator.VectorIterator.VectorCursor]",
                "dst_entity_types": "[]"
              }
            }
          ]
        },
        {
          "tool-name": "Arja",
          "pattern-name": "Arja:arja_shallow_change",
          "Unified_Diff_of-files:": "Starts Below...",
          "CHANGE_old:": "        return new VectorIterator() {",
          "CHANGE_new:": "        return new VectorIterator(length) {",
          "instance_detail": [
            {
              "pattern_action": "ANY",
              "pattern_entity": {
                "entity_type": "Statement",
                "entity_new value": "*",
                "entity_role": "*",
                "entity_parent": "null"
              },
              "concrete_change": {
                "operator": "DEL",
                "src_type": "ConstructorCall",
                "dst_type": "null",
                "src": "new org.la4j.iterator.VectorIterator.VectorCursor(index())",
                "dst": "null",
                "src_parent_type": "Return",
                "dst_parent_type": "null",
                "src_parent": "return new org.la4j.iterator.VectorIterator.VectorCursor(index())",
                "dst_parent": "null"
              },
              "line": 81,
              "file": "/home/khesoem/projects/lighter/exp/src/main/java/org/la4j/iterator/VectorIterator.java",
              "stats": {
                "number_of_src_entities": 20,
                "number_of_dst_entities": -1,
                "src_entity_types": "[org.la4j.iterator.VectorIterator, org.la4j.iterator.VectorIterator.VectorCursor]",
                "dst_entity_types": "[]"
              }
            }
          ]
        }
      ]
    }
  ],
  "complete_analysis": true
}