{
  "instances": [
    {
      "revision": "228744ad7c1e597e77bed1ee1f8ef76c4c3a0387",
      "repairability": [
        {
          "tool-name": "JGenProg",
          "pattern-name": "JGenProg:any_statement_shallow",
          "Unified_Diff_of-files:": "Starts Below...",
          "INSERT:": "        GENERAL_FOOTNOTE_INVALID(XRLog.GENERAL, \"Element not valid for use as footnote, treating as normal content. Reason: {}. Non-compliant content may be nested in basic \u0026lt;div\u0026gt;.\"),",
          "instance_detail": [
            {
              "pattern_action": "ANY",
              "pattern_entity": {
                "entity_type": "*",
                "entity_new value": "*",
                "entity_role": "Statement",
                "entity_parent": "null"
              },
              "concrete_change": {
                "operator": "DEL",
                "src_type": "LocalVariable",
                "dst_type": "null",
                "src": "com.openhtmltopdf.render.BlockBox result \u003d new com.openhtmltopdf.render.BlockBox()",
                "dst": "null",
                "src_parent_type": "Block",
                "dst_parent_type": "null",
                "src_parent": "{\n    com.openhtmltopdf.render.BlockBox result \u003d new com.openhtmltopdf.render.BlockBox();\n    return result;\n}",
                "dst_parent": "null"
              },
              "line": 1183,
              "file": "/home/khesoem/projects/lighter/exp/openhtmltopdf-core/src/main/java/com/openhtmltopdf/layout/BoxBuilder.java"
            }
          ]
        },
        {
          "tool-name": "JGenProg",
          "pattern-name": "JGenProg:any_statement_shallow",
          "Unified_Diff_of-files:": "Starts Below...",
          "INSERT:": "        GENERAL_FOOTNOTE_INVALID(XRLog.GENERAL, \"Element not valid for use as footnote, treating as normal content. Reason: {}. Non-compliant content may be nested in basic \u0026lt;div\u0026gt;.\"),",
          "instance_detail": [
            {
              "pattern_action": "ANY",
              "pattern_entity": {
                "entity_type": "*",
                "entity_new value": "*",
                "entity_role": "Statement",
                "entity_parent": "null"
              },
              "concrete_change": {
                "operator": "DEL",
                "src_type": "Return",
                "dst_type": "null",
                "src": "return result",
                "dst": "null",
                "src_parent_type": "Block",
                "dst_parent_type": "null",
                "src_parent": "{\n    com.openhtmltopdf.render.BlockBox result \u003d new com.openhtmltopdf.render.BlockBox();\n    return result;\n}",
                "dst_parent": "null"
              },
              "line": 1184,
              "file": "/home/khesoem/projects/lighter/exp/openhtmltopdf-core/src/main/java/com/openhtmltopdf/layout/BoxBuilder.java"
            }
          ]
        },
        {
          "tool-name": "JGenProg",
          "pattern-name": "JGenProg:any_statement_shallow",
          "Unified_Diff_of-files:": "Starts Below...",
          "INSERT:": "        GENERAL_FOOTNOTE_INVALID(XRLog.GENERAL, \"Element not valid for use as footnote, treating as normal content. Reason: {}. Non-compliant content may be nested in basic \u0026lt;div\u0026gt;.\"),",
          "instance_detail": [
            {
              "pattern_action": "ANY",
              "pattern_entity": {
                "entity_type": "*",
                "entity_new value": "*",
                "entity_role": "Statement",
                "entity_parent": "null"
              },
              "concrete_change": {
                "operator": "DEL",
                "src_type": "If",
                "dst_type": "null",
                "src": "if (style.isFootnote()) {\n    com.openhtmltopdf.render.BlockBox result \u003d new com.openhtmltopdf.render.BlockBox();\n    return result;\n} else\n    if ((style.isFloated()) \u0026\u0026 (!((style.isAbsolute()) || (style.isFixed())))) {\n        com.openhtmltopdf.render.BlockBox result;\n        if ((style.isTable()) || (style.isInlineTable())) {\n            result \u003d new com.openhtmltopdf.newtable.TableBox();\n        } else\n            if (style.isTableCell()) {\n                info.setContainsTableContent(true);\n                result \u003d new com.openhtmltopdf.newtable.TableCellBox();\n            } else {\n                result \u003d new com.openhtmltopdf.render.BlockBox();\n            }\n\n        result.setFloatedBoxData(new com.openhtmltopdf.render.FloatedBoxData());\n        return result;\n    } else\n        if (style.isSpecifiedAsBlock()) {\n            return new com.openhtmltopdf.render.BlockBox();\n        } else\n            if ((!generated) \u0026\u0026 ((style.isTable()) || (style.isInlineTable()))) {\n                return new com.openhtmltopdf.newtable.TableBox();\n            } else\n                if (style.isTableCell()) {\n                    info.setContainsTableContent(true);\n                    return new com.openhtmltopdf.newtable.TableCellBox();\n                } else\n                    if ((!generated) \u0026\u0026 (style.isTableRow())) {\n                        info.setContainsTableContent(true);\n                        return new com.openhtmltopdf.newtable.TableRowBox();\n                    } else\n                        if ((!generated) \u0026\u0026 (style.isTableSection())) {\n                            info.setContainsTableContent(true);\n                            return new com.openhtmltopdf.newtable.TableSectionBox();\n                        } else\n                            if (style.isTableCaption()) {\n                                info.setContainsTableContent(true);\n                                return new com.openhtmltopdf.render.BlockBox();\n                            } else {\n                                return new com.openhtmltopdf.render.BlockBox();\n                            }\n\n\n\n\n\n\n",
                "dst": "null",
                "src_parent_type": "Block",
                "dst_parent_type": "null",
                "src_parent": "{\n    if (style.isFootnote()) {\n        com.openhtmltopdf.render.BlockBox result \u003d new com.openhtmltopdf.render.BlockBox();\n        return result;\n    } else\n        if ((style.isFloated()) \u0026\u0026 (!((style.isAbsolute()) || (style.isFixed())))) {\n            com.openhtmltopdf.render.BlockBox result;\n            if ((style.isTable()) || (style.isInlineTable())) {\n                result \u003d new com.openhtmltopdf.newtable.TableBox();\n            } else\n                if (style.isTableCell()) {\n                    info.setContainsTableContent(true);\n                    result \u003d new com.openhtmltopdf.newtable.TableCellBox();\n                } else {\n                    result \u003d new com.openhtmltopdf.render.BlockBox();\n                }\n\n            result.setFloatedBoxData(new com.openhtmltopdf.render.FloatedBoxData());\n            return result;\n        } else\n            if (style.isSpecifiedAsBlock()) {\n                return new com.openhtmltopdf.render.BlockBox();\n            } else\n                if ((!generated) \u0026\u0026 ((style.isTable()) || (style.isInlineTable()))) {\n                    return new com.openhtmltopdf.newtable.TableBox();\n                } else\n                    if (style.isTableCell()) {\n                        info.setContainsTableContent(true);\n                        return new com.openhtmltopdf.newtable.TableCellBox();\n                    } else\n                        if ((!generated) \u0026\u0026 (style.isTableRow())) {\n                            info.setContainsTableContent(true);\n                            return new com.openhtmltopdf.newtable.TableRowBox();\n                        } else\n                            if ((!generated) \u0026\u0026 (style.isTableSection())) {\n                                info.setContainsTableContent(true);\n                                return new com.openhtmltopdf.newtable.TableSectionBox();\n                            } else\n                                if (style.isTableCaption()) {\n                                    info.setContainsTableContent(true);\n                                    return new com.openhtmltopdf.render.BlockBox();\n                                } else {\n                                    return new com.openhtmltopdf.render.BlockBox();\n                                }\n\n\n\n\n\n\n\n}",
                "dst_parent": "null"
              },
              "line": 1182,
              "file": "/home/khesoem/projects/lighter/exp/openhtmltopdf-core/src/main/java/com/openhtmltopdf/layout/BoxBuilder.java",
              "stats": {
                "number_of_src_entities": 360,
                "number_of_dst_entities": -1,
                "src_entity_types": "[com.openhtmltopdf.render.BlockBox, boolean, com.openhtmltopdf.layout.BoxBuilder.ChildBoxInfo, com.openhtmltopdf.newtable.TableBox, com.openhtmltopdf.layout.BoxBuilder, com.openhtmltopdf.newtable.TableRowBox, com.openhtmltopdf.newtable.TableSectionBox, com.openhtmltopdf.render.FloatedBoxData, com.openhtmltopdf.css.style.CalculatedStyle, com.openhtmltopdf.newtable.TableCellBox]",
                "dst_entity_types": "[]"
              }
            }
          ]
        },
        {
          "tool-name": "JGenProg",
          "pattern-name": "JGenProg:any_statement_shallow",
          "Unified_Diff_of-files:": "Starts Below...",
          "INSERT:": "        GENERAL_FOOTNOTE_INVALID(XRLog.GENERAL, \"Element not valid for use as footnote, treating as normal content. Reason: {}. Non-compliant content may be nested in basic \u0026lt;div\u0026gt;.\"),",
          "instance_detail": [
            {
              "pattern_action": "ANY",
              "pattern_entity": {
                "entity_type": "*",
                "entity_new value": "*",
                "entity_role": "Statement",
                "entity_parent": "null"
              },
              "concrete_change": {
                "operator": "DEL",
                "src_type": "Return",
                "dst_type": "null",
                "src": "return",
                "dst": "null",
                "src_parent_type": "Block",
                "dst_parent_type": "null",
                "src_parent": "{\n    return;\n}",
                "dst_parent": "null"
              },
              "line": 1309,
              "file": "/home/khesoem/projects/lighter/exp/openhtmltopdf-core/src/main/java/com/openhtmltopdf/layout/BoxBuilder.java"
            }
          ]
        },
        {
          "tool-name": "JGenProg",
          "pattern-name": "JGenProg:any_statement_shallow",
          "Unified_Diff_of-files:": "Starts Below...",
          "INSERT:": "        GENERAL_FOOTNOTE_INVALID(XRLog.GENERAL, \"Element not valid for use as footnote, treating as normal content. Reason: {}. Non-compliant content may be nested in basic \u0026lt;div\u0026gt;.\"),",
          "instance_detail": [
            {
              "pattern_action": "ANY",
              "pattern_entity": {
                "entity_type": "*",
                "entity_new value": "*",
                "entity_role": "Statement",
                "entity_parent": "null"
              },
              "concrete_change": {
                "operator": "DEL",
                "src_type": "If",
                "dst_type": "null",
                "src": "if (((\"fs-footnote-marker\".equals(tag)) || ((\"a\".equals(tag)) \u0026\u0026 (element.getAttribute(\"href\").startsWith(\"#fs-footnote\")))) || ((\"img\".equals(tag)) \u0026\u0026 (element.getAttribute(\"fs-ignore\").equals(\"true\")))) {\n    return;\n}",
                "dst": "null",
                "src_parent_type": "Block",
                "dst_parent_type": "null",
                "src_parent": "{\n    com.openhtmltopdf.layout.Styleable child \u003d null;\n    com.openhtmltopdf.layout.SharedContext sharedContext \u003d c.getSharedContext();\n    org.w3c.dom.Element element \u003d ((org.w3c.dom.Element) (working));\n    com.openhtmltopdf.css.style.CalculatedStyle style \u003d sharedContext.getStyle(element);\n    if (style.isDisplayNone()) {\n        return;\n    }\n    java.lang.String tag \u003d element.getNodeName();\n    if (((\"fs-footnote-marker\".equals(tag)) || ((\"a\".equals(tag)) \u0026\u0026 (element.getAttribute(\"href\").startsWith(\"#fs-footnote\")))) || ((\"img\".equals(tag)) \u0026\u0026 (element.getAttribute(\"fs-ignore\").equals(\"true\")))) {\n        return;\n    }\n    com.openhtmltopdf.layout.BoxBuilder.resolveElementCounters(c, working, element, style);\n    if ((style.isIdent(CSSName.DISPLAY, IdentValue.TABLE_COLUMN)) || (style.isIdent(CSSName.DISPLAY, IdentValue.TABLE_COLUMN_GROUP))) {\n        if ((blockParent !\u003d null) \u0026\u0026 ((blockParent.getStyle().isTable()) || (blockParent.getStyle().isInlineTable()))) {\n            com.openhtmltopdf.newtable.TableBox table \u003d ((com.openhtmltopdf.newtable.TableBox) (blockParent));\n            com.openhtmltopdf.layout.BoxBuilder.addColumnOrColumnGroup(c, table, element, style);\n        }\n        return;\n    }\n    if ((style.isFootnote()) \u0026\u0026 (!(c.isInFloatBottom()))) {\n        c.setFootnoteIndex(((c.getFootnoteIndex()) + 1));\n        com.openhtmltopdf.layout.BoxBuilder.insertGeneratedContent(c, element, style, \"footnote-call\", children, info);\n        com.openhtmltopdf.render.BlockBox footnoteBody \u003d com.openhtmltopdf.layout.BoxBuilder.createFootnoteBody(c, element, style);\n        com.openhtmltopdf.render.InlineBox iB \u003d com.openhtmltopdf.layout.BoxBuilder.createInlineBox(\"\", parent, context.parentStyle, null);\n        iB.setStartsHere(true);\n        iB.setEndsHere(true);\n        iB.setFootnote(footnoteBody);\n        children.add(iB);\n        return;\n    }\n    if (style.isInline()) {\n        com.openhtmltopdf.layout.BoxBuilder.createInlineChildren(c, parent, children, info, context, element);\n    } else {\n        child \u003d com.openhtmltopdf.layout.BoxBuilder.createChildBlockBox(c, info, element, style);\n    }\n    if (child !\u003d null) {\n        children.add(child);\n    }\n}",
                "dst_parent": "null"
              },
              "line": 1304,
              "file": "/home/khesoem/projects/lighter/exp/openhtmltopdf-core/src/main/java/com/openhtmltopdf/layout/BoxBuilder.java",
              "stats": {
                "number_of_src_entities": 103,
                "number_of_dst_entities": -1,
                "src_entity_types": "[boolean, org.w3c.dom.Element, java.lang.String]",
                "dst_entity_types": "[]"
              }
            }
          ]
        }
      ]
    }
  ],
  "complete_analysis": true
}