{
  "instances": [
    {
      "revision": "4a35f53d181d0cf29418ecc6836c01c9c897245d",
      "repairability": [
        {
          "tool-name": "JGenProg",
          "pattern-name": "JGenProg:any_statement_shallow",
          "Unified_Diff_of-files:": "Starts Below...",
          "INSERT:": "    }",
          "CHANGE_old:": "",
          "CHANGE_new:": "            c.getOutputDevice().translate(-shadowRect.x, 0);",
          "instance_detail": [
            {
              "pattern_action": "ANY",
              "pattern_entity": {
                "entity_type": "*",
                "entity_new value": "*",
                "entity_role": "Statement",
                "entity_parent": "null"
              },
              "concrete_change": {
                "operator": "DEL",
                "src_type": "LocalVariable",
                "dst_type": "null",
                "src": "java.util.List\u003ccom.openhtmltopdf.render.PageBox\u003e pages \u003d layer.getPages()",
                "dst": "null",
                "src_parent_type": "Block",
                "dst_parent_type": "null",
                "src_parent": "{\n    layer.positionFixedLayer(c);\n    java.util.List\u003ccom.openhtmltopdf.render.PageBox\u003e pages \u003d layer.getPages();\n    com.openhtmltopdf.render.displaylist.DisplayListCollector collector \u003d new com.openhtmltopdf.render.displaylist.DisplayListCollector(pages);\n    com.openhtmltopdf.render.displaylist.DisplayListContainer dlPages \u003d collector.collectFixed(c, layer);\n    paint(c, dlPages.getPageInstructions(c.getPageNo()));\n}",
                "dst_parent": "null"
              },
              "line": 180,
              "file": "/home/khesoem/projects/lighter/exp/openhtmltopdf-core/src/main/java/com/openhtmltopdf/render/displaylist/DisplayListPainter.java",
              "stats": {
                "number_of_src_entities": 17,
                "number_of_dst_entities": -1,
                "src_entity_types": "[java.util.List\u003ccom.openhtmltopdf.render.PageBox\u003e, com.openhtmltopdf.layout.Layer, com.openhtmltopdf.render.PageBox]",
                "dst_entity_types": "[]"
              }
            }
          ]
        },
        {
          "tool-name": "JGenProg",
          "pattern-name": "JGenProg:any_statement_shallow",
          "Unified_Diff_of-files:": "Starts Below...",
          "INSERT:": "    }",
          "CHANGE_old:": "",
          "CHANGE_new:": "            c.getOutputDevice().translate(-shadowRect.x, 0);",
          "instance_detail": [
            {
              "pattern_action": "ANY",
              "pattern_entity": {
                "entity_type": "*",
                "entity_new value": "*",
                "entity_role": "Statement",
                "entity_parent": "null"
              },
              "concrete_change": {
                "operator": "DEL",
                "src_type": "LocalVariable",
                "dst_type": "null",
                "src": "com.openhtmltopdf.render.displaylist.DisplayListCollector collector \u003d new com.openhtmltopdf.render.displaylist.DisplayListCollector(pages)",
                "dst": "null",
                "src_parent_type": "Block",
                "dst_parent_type": "null",
                "src_parent": "{\n    layer.positionFixedLayer(c);\n    java.util.List\u003ccom.openhtmltopdf.render.PageBox\u003e pages \u003d layer.getPages();\n    com.openhtmltopdf.render.displaylist.DisplayListCollector collector \u003d new com.openhtmltopdf.render.displaylist.DisplayListCollector(pages);\n    com.openhtmltopdf.render.displaylist.DisplayListContainer dlPages \u003d collector.collectFixed(c, layer);\n    paint(c, dlPages.getPageInstructions(c.getPageNo()));\n}",
                "dst_parent": "null"
              },
              "line": 181,
              "file": "/home/khesoem/projects/lighter/exp/openhtmltopdf-core/src/main/java/com/openhtmltopdf/render/displaylist/DisplayListPainter.java",
              "stats": {
                "number_of_src_entities": 15,
                "number_of_dst_entities": -1,
                "src_entity_types": "[java.lang.Object, com.openhtmltopdf.render.displaylist.DisplayListCollector, java.util.List\u003ccom.openhtmltopdf.render.PageBox\u003e, com.openhtmltopdf.render.PageBox]",
                "dst_entity_types": "[]"
              }
            }
          ]
        },
        {
          "tool-name": "JGenProg",
          "pattern-name": "JGenProg:any_statement_shallow",
          "Unified_Diff_of-files:": "Starts Below...",
          "INSERT:": "    }",
          "CHANGE_old:": "",
          "CHANGE_new:": "            c.getOutputDevice().translate(-shadowRect.x, 0);",
          "instance_detail": [
            {
              "pattern_action": "ANY",
              "pattern_entity": {
                "entity_type": "*",
                "entity_new value": "*",
                "entity_role": "Statement",
                "entity_parent": "null"
              },
              "concrete_change": {
                "operator": "DEL",
                "src_type": "LocalVariable",
                "dst_type": "null",
                "src": "com.openhtmltopdf.render.displaylist.DisplayListContainer dlPages \u003d collector.collectFixed(c, layer)",
                "dst": "null",
                "src_parent_type": "Block",
                "dst_parent_type": "null",
                "src_parent": "{\n    layer.positionFixedLayer(c);\n    java.util.List\u003ccom.openhtmltopdf.render.PageBox\u003e pages \u003d layer.getPages();\n    com.openhtmltopdf.render.displaylist.DisplayListCollector collector \u003d new com.openhtmltopdf.render.displaylist.DisplayListCollector(pages);\n    com.openhtmltopdf.render.displaylist.DisplayListContainer dlPages \u003d collector.collectFixed(c, layer);\n    paint(c, dlPages.getPageInstructions(c.getPageNo()));\n}",
                "dst_parent": "null"
              },
              "line": 182,
              "file": "/home/khesoem/projects/lighter/exp/openhtmltopdf-core/src/main/java/com/openhtmltopdf/render/displaylist/DisplayListPainter.java",
              "stats": {
                "number_of_src_entities": 25,
                "number_of_dst_entities": -1,
                "src_entity_types": "[com.openhtmltopdf.render.displaylist.DisplayListContainer, com.openhtmltopdf.render.RenderingContext, com.openhtmltopdf.render.displaylist.DisplayListCollector, com.openhtmltopdf.layout.Layer]",
                "dst_entity_types": "[]"
              }
            }
          ]
        },
        {
          "tool-name": "JGenProg",
          "pattern-name": "JGenProg:any_statement_shallow",
          "Unified_Diff_of-files:": "Starts Below...",
          "INSERT:": "    }",
          "CHANGE_old:": "",
          "CHANGE_new:": "            c.getOutputDevice().translate(-shadowRect.x, 0);",
          "instance_detail": [
            {
              "pattern_action": "ANY",
              "pattern_entity": {
                "entity_type": "*",
                "entity_new value": "*",
                "entity_role": "Statement",
                "entity_parent": "null"
              },
              "concrete_change": {
                "operator": "DEL",
                "src_type": "Invocation",
                "dst_type": "null",
                "src": "paint(c, dlPages.getPageInstructions(c.getPageNo()))",
                "dst": "null",
                "src_parent_type": "Block",
                "dst_parent_type": "null",
                "src_parent": "{\n    layer.positionFixedLayer(c);\n    java.util.List\u003ccom.openhtmltopdf.render.PageBox\u003e pages \u003d layer.getPages();\n    com.openhtmltopdf.render.displaylist.DisplayListCollector collector \u003d new com.openhtmltopdf.render.displaylist.DisplayListCollector(pages);\n    com.openhtmltopdf.render.displaylist.DisplayListContainer dlPages \u003d collector.collectFixed(c, layer);\n    paint(c, dlPages.getPageInstructions(c.getPageNo()));\n}",
                "dst_parent": "null"
              },
              "line": 183,
              "file": "/home/khesoem/projects/lighter/exp/openhtmltopdf-core/src/main/java/com/openhtmltopdf/render/displaylist/DisplayListPainter.java",
              "stats": {
                "number_of_src_entities": 35,
                "number_of_dst_entities": -1,
                "src_entity_types": "[com.openhtmltopdf.render.displaylist.DisplayListPainter, com.openhtmltopdf.render.displaylist.DisplayListContainer, com.openhtmltopdf.render.RenderingContext]",
                "dst_entity_types": "[]"
              }
            }
          ]
        },
        {
          "tool-name": "JGenProg",
          "pattern-name": "JGenProg:any_statement_deep",
          "Unified_Diff_of-files:": "Starts Below...",
          "INSERT:": "    }",
          "CHANGE_old:": "",
          "CHANGE_new:": "            c.getOutputDevice().translate(-shadowRect.x, 0);",
          "instance_detail": [
            {
              "pattern_action": "ANY",
              "pattern_entity": {
                "entity_type": "*",
                "entity_new value": "*",
                "entity_role": "*",
                "entity_parent": {
                  "entity_type": "*",
                  "entity_new value": "*",
                  "entity_role": "Statement",
                  "entity_parent": "null"
                }
              },
              "concrete_change": {
                "operator": "INS",
                "src_type": "Invocation",
                "dst_type": "null",
                "src": "c.getPage()",
                "dst": "null",
                "src_parent_type": "Invocation",
                "dst_parent_type": "null",
                "src_parent": "c.getPage().getDocumentCoordinatesContentBoundsForInsertedPage(c, c.getShadowPageNumber())",
                "dst_parent": "null"
              },
              "line": 190,
              "file": "/home/khesoem/projects/lighter/exp/openhtmltopdf-core/src/main/java/com/openhtmltopdf/render/displaylist/DisplayListPainter.java"
            }
          ]
        }
      ]
    },
    {
      "revision": "4a35f53d181d0cf29418ecc6836c01c9c897245d",
      "repairability": [
        {
          "tool-name": "JGenProg",
          "pattern-name": "JGenProg:any_statement_shallow",
          "Unified_Diff_of-files:": "Starts Below...",
          "INSERT:": "    }",
          "CHANGE_old:": "",
          "CHANGE_new:": "            c.getOutputDevice().translate(-shadowRect.x, 0);",
          "instance_detail": [
            {
              "pattern_action": "ANY",
              "pattern_entity": {
                "entity_type": "*",
                "entity_new value": "*",
                "entity_role": "Statement",
                "entity_parent": "null"
              },
              "concrete_change": {
                "operator": "DEL",
                "src_type": "Invocation",
                "dst_type": "null",
                "src": "addItem(dlo, 0, ((_pages.size()) - 1), dlPages)",
                "dst": "null",
                "src_parent_type": "Block",
                "dst_parent_type": "null",
                "src_parent": "{\n    com.openhtmltopdf.render.displaylist.DisplayListOperation dlo \u003d new com.openhtmltopdf.render.displaylist.PaintFixedLayer(layer);\n    addItem(dlo, 0, ((_pages.size()) - 1), dlPages);\n    return;\n}",
                "dst_parent": "null"
              },
              "line": 108,
              "file": "/home/khesoem/projects/lighter/exp/openhtmltopdf-core/src/main/java/com/openhtmltopdf/render/displaylist/DisplayListCollector.java"
            }
          ]
        },
        {
          "tool-name": "JGenProg",
          "pattern-name": "JGenProg:any_statement_shallow",
          "Unified_Diff_of-files:": "Starts Below...",
          "INSERT:": "    }",
          "CHANGE_old:": "",
          "CHANGE_new:": "            c.getOutputDevice().translate(-shadowRect.x, 0);",
          "instance_detail": [
            {
              "pattern_action": "ANY",
              "pattern_entity": {
                "entity_type": "*",
                "entity_new value": "*",
                "entity_role": "Statement",
                "entity_parent": "null"
              },
              "concrete_change": {
                "operator": "DEL",
                "src_type": "LocalVariable",
                "dst_type": "null",
                "src": "com.openhtmltopdf.render.displaylist.DisplayListContainer res \u003d new com.openhtmltopdf.render.displaylist.MapDisplayListContainer(_pages.size(), 1)",
                "dst": "null",
                "src_parent_type": "Block",
                "dst_parent_type": "null",
                "src_parent": "{\n    com.openhtmltopdf.render.displaylist.DisplayListContainer res \u003d new com.openhtmltopdf.render.displaylist.MapDisplayListContainer(_pages.size(), 1);\n    collect(c, layer, res, java.util.EnumSet.of(com.openhtmltopdf.render.displaylist.DisplayListCollector.CollectFlags.INCLUDE_FIXED_BOXES));\n    return res;\n}",
                "dst_parent": "null"
              },
              "line": 339,
              "file": "/home/khesoem/projects/lighter/exp/openhtmltopdf-core/src/main/java/com/openhtmltopdf/render/displaylist/DisplayListCollector.java"
            }
          ]
        },
        {
          "tool-name": "JGenProg",
          "pattern-name": "JGenProg:any_statement_shallow",
          "Unified_Diff_of-files:": "Starts Below...",
          "INSERT:": "    }",
          "CHANGE_old:": "",
          "CHANGE_new:": "            c.getOutputDevice().translate(-shadowRect.x, 0);",
          "instance_detail": [
            {
              "pattern_action": "ANY",
              "pattern_entity": {
                "entity_type": "*",
                "entity_new value": "*",
                "entity_role": "Statement",
                "entity_parent": "null"
              },
              "concrete_change": {
                "operator": "DEL",
                "src_type": "Invocation",
                "dst_type": "null",
                "src": "collect(c, layer, res, java.util.EnumSet.of(com.openhtmltopdf.render.displaylist.DisplayListCollector.CollectFlags.INCLUDE_FIXED_BOXES))",
                "dst": "null",
                "src_parent_type": "Block",
                "dst_parent_type": "null",
                "src_parent": "{\n    com.openhtmltopdf.render.displaylist.DisplayListContainer res \u003d new com.openhtmltopdf.render.displaylist.MapDisplayListContainer(_pages.size(), 1);\n    collect(c, layer, res, java.util.EnumSet.of(com.openhtmltopdf.render.displaylist.DisplayListCollector.CollectFlags.INCLUDE_FIXED_BOXES));\n    return res;\n}",
                "dst_parent": "null"
              },
              "line": 340,
              "file": "/home/khesoem/projects/lighter/exp/openhtmltopdf-core/src/main/java/com/openhtmltopdf/render/displaylist/DisplayListCollector.java"
            }
          ]
        },
        {
          "tool-name": "JGenProg",
          "pattern-name": "JGenProg:any_statement_shallow",
          "Unified_Diff_of-files:": "Starts Below...",
          "INSERT:": "    }",
          "CHANGE_old:": "",
          "CHANGE_new:": "            c.getOutputDevice().translate(-shadowRect.x, 0);",
          "instance_detail": [
            {
              "pattern_action": "ANY",
              "pattern_entity": {
                "entity_type": "*",
                "entity_new value": "*",
                "entity_role": "Statement",
                "entity_parent": "null"
              },
              "concrete_change": {
                "operator": "DEL",
                "src_type": "Return",
                "dst_type": "null",
                "src": "return res",
                "dst": "null",
                "src_parent_type": "Block",
                "dst_parent_type": "null",
                "src_parent": "{\n    com.openhtmltopdf.render.displaylist.DisplayListContainer res \u003d new com.openhtmltopdf.render.displaylist.MapDisplayListContainer(_pages.size(), 1);\n    collect(c, layer, res, java.util.EnumSet.of(com.openhtmltopdf.render.displaylist.DisplayListCollector.CollectFlags.INCLUDE_FIXED_BOXES));\n    return res;\n}",
                "dst_parent": "null"
              },
              "line": 341,
              "file": "/home/khesoem/projects/lighter/exp/openhtmltopdf-core/src/main/java/com/openhtmltopdf/render/displaylist/DisplayListCollector.java"
            }
          ]
        }
      ]
    }
  ],
  "complete_analysis": true
}