{
  "instances": [
    {
      "revision": "014b84939392823e2b53a31b3db5fc9e8539f162",
      "repairability": [
        {
          "tool-name": "JGenProg",
          "pattern-name": "JGenProg:any_statement_shallow",
          "Unified_Diff_of-files:": "Starts Below...",
          "INSERT:": "}",
          "CHANGE_old:": "",
          "CHANGE_new:": "        ",
          "instance_detail": [
            {
              "pattern_action": "ANY",
              "pattern_entity": {
                "entity_type": "*",
                "entity_new value": "*",
                "entity_role": "Statement",
                "entity_parent": "null"
              },
              "concrete_change": {
                "operator": "DEL",
                "src_type": "LocalVariable",
                "dst_type": "null",
                "src": "int cssMaxWidth \u003d com.openhtmltopdf.css.style.CalculatedStyle.getCSSMaxWidth(c, box)",
                "dst": "null",
                "src_parent_type": "Block",
                "dst_parent_type": "null",
                "src_parent": "{\n    int cssMaxWidth \u003d com.openhtmltopdf.css.style.CalculatedStyle.getCSSMaxWidth(c, box);\n    int cssMaxHeight \u003d com.openhtmltopdf.css.style.CalculatedStyle.getCSSMaxHeight(c, box);\n    return new com.openhtmltopdf.pdfboxout.PdfBoxSVGReplacedElement(e, _mathmlImpl, cssWidth, cssHeight, cssMaxWidth, cssMaxHeight, c.getSharedContext());\n}",
                "dst_parent": "null"
              },
              "line": 53,
              "file": "/home/khesoem/projects/lighter/exp/openhtmltopdf-pdfbox/src/main/java/com/openhtmltopdf/pdfboxout/PdfBoxReplacedElementFactory.java",
              "stats": {
                "number_of_src_entities": 22,
                "number_of_dst_entities": -1,
                "src_entity_types": "[int, com.openhtmltopdf.layout.LayoutContext, com.openhtmltopdf.render.BlockBox, com.openhtmltopdf.css.style.CalculatedStyle]",
                "dst_entity_types": "[]"
              }
            }
          ]
        },
        {
          "tool-name": "JGenProg",
          "pattern-name": "JGenProg:any_statement_shallow",
          "Unified_Diff_of-files:": "Starts Below...",
          "INSERT:": "}",
          "CHANGE_old:": "",
          "CHANGE_new:": "        ",
          "instance_detail": [
            {
              "pattern_action": "ANY",
              "pattern_entity": {
                "entity_type": "*",
                "entity_new value": "*",
                "entity_role": "Statement",
                "entity_parent": "null"
              },
              "concrete_change": {
                "operator": "DEL",
                "src_type": "LocalVariable",
                "dst_type": "null",
                "src": "int cssMaxHeight \u003d com.openhtmltopdf.css.style.CalculatedStyle.getCSSMaxHeight(c, box)",
                "dst": "null",
                "src_parent_type": "Block",
                "dst_parent_type": "null",
                "src_parent": "{\n    int cssMaxWidth \u003d com.openhtmltopdf.css.style.CalculatedStyle.getCSSMaxWidth(c, box);\n    int cssMaxHeight \u003d com.openhtmltopdf.css.style.CalculatedStyle.getCSSMaxHeight(c, box);\n    return new com.openhtmltopdf.pdfboxout.PdfBoxSVGReplacedElement(e, _mathmlImpl, cssWidth, cssHeight, cssMaxWidth, cssMaxHeight, c.getSharedContext());\n}",
                "dst_parent": "null"
              },
              "line": 54,
              "file": "/home/khesoem/projects/lighter/exp/openhtmltopdf-pdfbox/src/main/java/com/openhtmltopdf/pdfboxout/PdfBoxReplacedElementFactory.java",
              "stats": {
                "number_of_src_entities": 22,
                "number_of_dst_entities": -1,
                "src_entity_types": "[int, com.openhtmltopdf.layout.LayoutContext, com.openhtmltopdf.render.BlockBox, com.openhtmltopdf.css.style.CalculatedStyle]",
                "dst_entity_types": "[]"
              }
            }
          ]
        },
        {
          "tool-name": "JGenProg",
          "pattern-name": "JGenProg:any_statement_shallow",
          "Unified_Diff_of-files:": "Starts Below...",
          "INSERT:": "}",
          "CHANGE_old:": "",
          "CHANGE_new:": "        ",
          "instance_detail": [
            {
              "pattern_action": "ANY",
              "pattern_entity": {
                "entity_type": "*",
                "entity_new value": "*",
                "entity_role": "Statement",
                "entity_parent": "null"
              },
              "concrete_change": {
                "operator": "DEL",
                "src_type": "LocalVariable",
                "dst_type": "null",
                "src": "int cssMaxWidth \u003d com.openhtmltopdf.css.style.CalculatedStyle.getCSSMaxWidth(c, box)",
                "dst": "null",
                "src_parent_type": "Block",
                "dst_parent_type": "null",
                "src_parent": "{\n    int cssMaxWidth \u003d com.openhtmltopdf.css.style.CalculatedStyle.getCSSMaxWidth(c, box);\n    int cssMaxHeight \u003d com.openhtmltopdf.css.style.CalculatedStyle.getCSSMaxHeight(c, box);\n    return new com.openhtmltopdf.pdfboxout.PdfBoxSVGReplacedElement(e, _svgImpl, cssWidth, cssHeight, cssMaxWidth, cssMaxHeight, c.getSharedContext());\n}",
                "dst_parent": "null"
              },
              "line": 58,
              "file": "/home/khesoem/projects/lighter/exp/openhtmltopdf-pdfbox/src/main/java/com/openhtmltopdf/pdfboxout/PdfBoxReplacedElementFactory.java",
              "stats": {
                "number_of_src_entities": 22,
                "number_of_dst_entities": -1,
                "src_entity_types": "[int, com.openhtmltopdf.layout.LayoutContext, com.openhtmltopdf.render.BlockBox, com.openhtmltopdf.css.style.CalculatedStyle]",
                "dst_entity_types": "[]"
              }
            }
          ]
        },
        {
          "tool-name": "JGenProg",
          "pattern-name": "JGenProg:any_statement_shallow",
          "Unified_Diff_of-files:": "Starts Below...",
          "INSERT:": "}",
          "CHANGE_old:": "",
          "CHANGE_new:": "        ",
          "instance_detail": [
            {
              "pattern_action": "ANY",
              "pattern_entity": {
                "entity_type": "*",
                "entity_new value": "*",
                "entity_role": "Statement",
                "entity_parent": "null"
              },
              "concrete_change": {
                "operator": "DEL",
                "src_type": "LocalVariable",
                "dst_type": "null",
                "src": "int cssMaxHeight \u003d com.openhtmltopdf.css.style.CalculatedStyle.getCSSMaxHeight(c, box)",
                "dst": "null",
                "src_parent_type": "Block",
                "dst_parent_type": "null",
                "src_parent": "{\n    int cssMaxWidth \u003d com.openhtmltopdf.css.style.CalculatedStyle.getCSSMaxWidth(c, box);\n    int cssMaxHeight \u003d com.openhtmltopdf.css.style.CalculatedStyle.getCSSMaxHeight(c, box);\n    return new com.openhtmltopdf.pdfboxout.PdfBoxSVGReplacedElement(e, _svgImpl, cssWidth, cssHeight, cssMaxWidth, cssMaxHeight, c.getSharedContext());\n}",
                "dst_parent": "null"
              },
              "line": 59,
              "file": "/home/khesoem/projects/lighter/exp/openhtmltopdf-pdfbox/src/main/java/com/openhtmltopdf/pdfboxout/PdfBoxReplacedElementFactory.java",
              "stats": {
                "number_of_src_entities": 22,
                "number_of_dst_entities": -1,
                "src_entity_types": "[int, com.openhtmltopdf.layout.LayoutContext, com.openhtmltopdf.render.BlockBox, com.openhtmltopdf.css.style.CalculatedStyle]",
                "dst_entity_types": "[]"
              }
            }
          ]
        }
      ]
    },
    {
      "revision": "014b84939392823e2b53a31b3db5fc9e8539f162",
      "repairability": [
        {
          "tool-name": "JGenProg",
          "pattern-name": "JGenProg:any_statement_shallow",
          "Unified_Diff_of-files:": "Starts Below...",
          "INSERT:": "}",
          "CHANGE_old:": "",
          "CHANGE_new:": "        ",
          "instance_detail": [
            {
              "pattern_action": "ANY",
              "pattern_entity": {
                "entity_type": "*",
                "entity_new value": "*",
                "entity_role": "Statement",
                "entity_parent": "null"
              },
              "concrete_change": {
                "operator": "DEL",
                "src_type": "LocalVariable",
                "dst_type": "null",
                "src": "int cssMaxWidth \u003d com.openhtmltopdf.css.style.CalculatedStyle.getCSSMaxWidth(context, box)",
                "dst": "null",
                "src_parent_type": "Block",
                "dst_parent_type": "null",
                "src_parent": "{\n    int cssMaxWidth \u003d com.openhtmltopdf.css.style.CalculatedStyle.getCSSMaxWidth(context, box);\n    int cssMaxHeight \u003d com.openhtmltopdf.css.style.CalculatedStyle.getCSSMaxHeight(context, box);\n    return new com.openhtmltopdf.java2d.Java2DSVGReplacedElement(e, _svgImpl, cssWidth, cssHeight, cssMaxWidth, cssMaxHeight);\n}",
                "dst_parent": "null"
              },
              "line": 34,
              "file": "/home/khesoem/projects/lighter/exp/openhtmltopdf-java2d/src/main/java/com/openhtmltopdf/java2d/Java2DReplacedElementFactory.java",
              "stats": {
                "number_of_src_entities": 22,
                "number_of_dst_entities": -1,
                "src_entity_types": "[int, com.openhtmltopdf.layout.LayoutContext, com.openhtmltopdf.render.BlockBox, com.openhtmltopdf.css.style.CalculatedStyle]",
                "dst_entity_types": "[]"
              }
            }
          ]
        },
        {
          "tool-name": "JGenProg",
          "pattern-name": "JGenProg:any_statement_shallow",
          "Unified_Diff_of-files:": "Starts Below...",
          "INSERT:": "}",
          "CHANGE_old:": "",
          "CHANGE_new:": "        ",
          "instance_detail": [
            {
              "pattern_action": "ANY",
              "pattern_entity": {
                "entity_type": "*",
                "entity_new value": "*",
                "entity_role": "Statement",
                "entity_parent": "null"
              },
              "concrete_change": {
                "operator": "DEL",
                "src_type": "LocalVariable",
                "dst_type": "null",
                "src": "int cssMaxHeight \u003d com.openhtmltopdf.css.style.CalculatedStyle.getCSSMaxHeight(context, box)",
                "dst": "null",
                "src_parent_type": "Block",
                "dst_parent_type": "null",
                "src_parent": "{\n    int cssMaxWidth \u003d com.openhtmltopdf.css.style.CalculatedStyle.getCSSMaxWidth(context, box);\n    int cssMaxHeight \u003d com.openhtmltopdf.css.style.CalculatedStyle.getCSSMaxHeight(context, box);\n    return new com.openhtmltopdf.java2d.Java2DSVGReplacedElement(e, _svgImpl, cssWidth, cssHeight, cssMaxWidth, cssMaxHeight);\n}",
                "dst_parent": "null"
              },
              "line": 35,
              "file": "/home/khesoem/projects/lighter/exp/openhtmltopdf-java2d/src/main/java/com/openhtmltopdf/java2d/Java2DReplacedElementFactory.java",
              "stats": {
                "number_of_src_entities": 22,
                "number_of_dst_entities": -1,
                "src_entity_types": "[int, com.openhtmltopdf.layout.LayoutContext, com.openhtmltopdf.render.BlockBox, com.openhtmltopdf.css.style.CalculatedStyle]",
                "dst_entity_types": "[]"
              }
            }
          ]
        }
      ]
    }
  ],
  "complete_analysis": true
}