{
  "instances": [
    {
      "revision": "4a2cf8ed6ecce8db34070315c20a67b79d39cece",
      "repairability": [
        {
          "tool-name": "JGenProg",
          "pattern-name": "JGenProg:any_statement_shallow",
          "Unified_Diff_of-files:": "Starts Below...",
          "DELETE:": "import com.openhtmltopdf.css.sheet.PropertyDeclaration;\r",
          "CHANGE_old:": "            if (styles !\u003d null) {\r",
          "CHANGE_new:": "            if (styles !\u003d null \u0026\u0026 !styles.isEmpty()) {\r",
          "instance_detail": [
            {
              "pattern_action": "ANY",
              "pattern_entity": {
                "entity_type": "*",
                "entity_new value": "*",
                "entity_role": "Statement",
                "entity_parent": "null"
              },
              "concrete_change": {
                "operator": "DEL",
                "src_type": "Invocation",
                "dst_type": "null",
                "src": "result.append(_parameter)",
                "dst": "null",
                "src_parent_type": "Block",
                "dst_parent_type": "null",
                "src_parent": "{\n    result.append(_parameter);\n    result.append(\u0027,\u0027);\n}",
                "dst_parent": "null"
              },
              "line": 47,
              "file": "/home/khesoem/projects/lighter/exp/openhtmltopdf-core/src/main/java/com/openhtmltopdf/css/parser/FSFunction.java"
            }
          ]
        },
        {
          "tool-name": "JGenProg",
          "pattern-name": "JGenProg:any_statement_shallow",
          "Unified_Diff_of-files:": "Starts Below...",
          "DELETE:": "import com.openhtmltopdf.css.sheet.PropertyDeclaration;\r",
          "CHANGE_old:": "            if (styles !\u003d null) {\r",
          "CHANGE_new:": "            if (styles !\u003d null \u0026\u0026 !styles.isEmpty()) {\r",
          "instance_detail": [
            {
              "pattern_action": "ANY",
              "pattern_entity": {
                "entity_type": "*",
                "entity_new value": "*",
                "entity_role": "Statement",
                "entity_parent": "null"
              },
              "concrete_change": {
                "operator": "DEL",
                "src_type": "ForEach",
                "dst_type": "null",
                "src": "for (com.openhtmltopdf.css.parser.PropertyValue _parameter : _parameters) {\n    result.append(_parameter);\n    result.append(\u0027,\u0027);\n}",
                "dst": "null",
                "src_parent_type": "Block",
                "dst_parent_type": "null",
                "src_parent": "{\n    java.lang.StringBuilder result \u003d new java.lang.StringBuilder();\n    result.append(_name);\n    result.append(\u0027(\u0027);\n    for (com.openhtmltopdf.css.parser.PropertyValue _parameter : _parameters) {\n        result.append(_parameter);\n        result.append(\u0027,\u0027);\n    }\n    result.append(\u0027)\u0027);\n    return result.toString();\n}",
                "dst_parent": "null"
              },
              "line": 46,
              "file": "/home/khesoem/projects/lighter/exp/openhtmltopdf-core/src/main/java/com/openhtmltopdf/css/parser/FSFunction.java",
              "stats": {
                "number_of_src_entities": 48,
                "number_of_dst_entities": -1,
                "src_entity_types": "[java.lang.StringBuilder, com.openhtmltopdf.css.parser.PropertyValue, com.openhtmltopdf.css.parser.FSFunction, char]",
                "dst_entity_types": "[]"
              }
            }
          ]
        }
      ]
    },
    {
      "revision": "4a2cf8ed6ecce8db34070315c20a67b79d39cece",
      "repairability": [
        {
          "tool-name": "JGenProg",
          "pattern-name": "JGenProg:any_statement_shallow",
          "Unified_Diff_of-files:": "Starts Below...",
          "DELETE:": "import com.openhtmltopdf.css.sheet.PropertyDeclaration;\r",
          "CHANGE_old:": "            if (styles !\u003d null) {\r",
          "CHANGE_new:": "            if (styles !\u003d null \u0026\u0026 !styles.isEmpty()) {\r",
          "instance_detail": [
            {
              "pattern_action": "ANY",
              "pattern_entity": {
                "entity_type": "*",
                "entity_new value": "*",
                "entity_role": "Statement",
                "entity_parent": "null"
              },
              "concrete_change": {
                "operator": "DEL",
                "src_type": "Assignment",
                "dst_type": "null",
                "src": "this.propName \u003d cssName.toString()",
                "dst": "null",
                "src_parent_type": "Block",
                "dst_parent_type": "null",
                "src_parent": "{\n    this.propName \u003d cssName.toString();\n    this.cssName \u003d cssName;\n    this.cssPrimitiveValue \u003d value;\n    this.important \u003d imp;\n    this.origin \u003d orig;\n}",
                "dst_parent": "null"
              },
              "line": 125,
              "file": "/home/khesoem/projects/lighter/exp/openhtmltopdf-core/src/main/java/com/openhtmltopdf/css/sheet/PropertyDeclaration.java",
              "stats": {
                "number_of_src_entities": 25,
                "number_of_dst_entities": -1,
                "src_entity_types": "[com.openhtmltopdf.css.constants.CSSName, java.lang.String, com.openhtmltopdf.css.sheet.PropertyDeclaration]",
                "dst_entity_types": "[]"
              }
            }
          ]
        }
      ]
    },
    {
      "revision": "4a2cf8ed6ecce8db34070315c20a67b79d39cece",
      "repairability": [
        {
          "tool-name": "JGenProg",
          "pattern-name": "JGenProg:any_statement_shallow",
          "Unified_Diff_of-files:": "Starts Below...",
          "DELETE:": "import com.openhtmltopdf.css.sheet.PropertyDeclaration;\r",
          "CHANGE_old:": "            if (styles !\u003d null) {\r",
          "CHANGE_new:": "            if (styles !\u003d null \u0026\u0026 !styles.isEmpty()) {\r",
          "instance_detail": [
            {
              "pattern_action": "ANY",
              "pattern_entity": {
                "entity_type": "*",
                "entity_new value": "*",
                "entity_role": "Statement",
                "entity_parent": "null"
              },
              "concrete_change": {
                "operator": "INS",
                "src_type": "LocalVariable",
                "dst_type": "null",
                "src": "java.lang.Object parent \u003d _treeRes.getParentElement(e)",
                "dst": "null",
                "src_parent_type": "Block",
                "dst_parent_type": "null",
                "src_parent": "{\n    java.lang.Object parent \u003d _treeRes.getParentElement(e);\n    com.openhtmltopdf.css.newmatch.Matcher.Mapper child \u003d (parent !\u003d null) ? getMapper(parent) : docMapper;\n    com.openhtmltopdf.css.newmatch.Matcher.AllDescendantMapper descendants \u003d new com.openhtmltopdf.css.newmatch.Matcher.AllDescendantMapper(child.axes, _attRes, _treeRes);\n    descendants.map(e);\n    return descendants.toCSS();\n}",
                "dst_parent": "null"
              },
              "line": 93,
              "file": "/home/khesoem/projects/lighter/exp/openhtmltopdf-core/src/main/java/com/openhtmltopdf/css/newmatch/Matcher.java",
              "stats": {
                "number_of_src_entities": 27,
                "number_of_dst_entities": -1,
                "src_entity_types": "[com.openhtmltopdf.css.newmatch.Matcher, java.lang.Object, com.openhtmltopdf.css.extend.TreeResolver]",
                "dst_entity_types": "[]"
              }
            }
          ]
        },
        {
          "tool-name": "JGenProg",
          "pattern-name": "JGenProg:any_statement_deep",
          "Unified_Diff_of-files:": "Starts Below...",
          "DELETE:": "import com.openhtmltopdf.css.sheet.PropertyDeclaration;\r",
          "CHANGE_old:": "            if (styles !\u003d null) {\r",
          "CHANGE_new:": "            if (styles !\u003d null \u0026\u0026 !styles.isEmpty()) {\r",
          "instance_detail": [
            {
              "pattern_action": "ANY",
              "pattern_entity": {
                "entity_type": "*",
                "entity_new value": "*",
                "entity_role": "*",
                "entity_parent": {
                  "entity_type": "*",
                  "entity_new value": "*",
                  "entity_role": "Statement",
                  "entity_parent": "null"
                }
              },
              "concrete_change": {
                "operator": "UPD",
                "src_type": "VariableRead",
                "dst_type": "VariableRead",
                "src": "e",
                "dst": "parent",
                "src_parent_type": "Invocation",
                "dst_parent_type": "Invocation",
                "src_parent": "getMapper(e)",
                "dst_parent": "getMapper(parent)"
              },
              "line": 85,
              "file": "/home/khesoem/projects/lighter/exp/openhtmltopdf-core/src/main/java/com/openhtmltopdf/css/newmatch/Matcher.java",
              "stats": {
                "number_of_src_entities": 4,
                "number_of_dst_entities": 4,
                "src_entity_types": "[java.lang.Object]",
                "dst_entity_types": "[java.lang.Object]"
              }
            }
          ]
        }
      ]
    },
    {
      "revision": "4a2cf8ed6ecce8db34070315c20a67b79d39cece",
      "repairability": [
        {
          "tool-name": "JGenProg",
          "pattern-name": "JGenProg:any_statement_shallow",
          "Unified_Diff_of-files:": "Starts Below...",
          "DELETE:": "import com.openhtmltopdf.css.sheet.PropertyDeclaration;\r",
          "CHANGE_old:": "            if (styles !\u003d null) {\r",
          "CHANGE_new:": "            if (styles !\u003d null \u0026\u0026 !styles.isEmpty()) {\r",
          "instance_detail": [
            {
              "pattern_action": "ANY",
              "pattern_entity": {
                "entity_type": "*",
                "entity_new value": "*",
                "entity_role": "Statement",
                "entity_parent": "null"
              },
              "concrete_change": {
                "operator": "DEL",
                "src_type": "LocalVariable",
                "dst_type": "null",
                "src": "com.openhtmltopdf.css.newmatch.Selector chained \u003d (ancestor \u003d\u003d null) ? this : ancestor",
                "dst": "null",
                "src_parent_type": "Block",
                "dst_parent_type": "null",
                "src_parent": "{\n    if (stopAt.contains(this)) {\n        return;\n    }\n    com.openhtmltopdf.css.newmatch.Selector ancestor \u003d this;\n    while (ancestor !\u003d null) {\n        com.openhtmltopdf.css.newmatch.Selector current \u003d ancestor.getAncestorSelector();\n        if ((current \u003d\u003d null) || (stopAt.contains(current))) {\n            break;\n        }\n        ancestor \u003d current;\n    } \n    com.openhtmltopdf.css.newmatch.Selector chained \u003d (ancestor \u003d\u003d null) ? this : ancestor;\n    if ((chained._name) !\u003d null) {\n        sb.append(chained._name);\n    }\n    if ((chained.conditions) !\u003d null) {\n        for (com.openhtmltopdf.css.newmatch.Condition condition : chained.conditions) {\n            condition.toCSS(sb);\n        }\n    }\n    sb.append(\u0027 \u0027);\n    com.openhtmltopdf.css.newmatch.Selector next \u003d chained.getChainedSelector();\n    while (next !\u003d null) {\n        if ((next.getAxis()) \u003d\u003d (com.openhtmltopdf.css.newmatch.Selector.CHILD_AXIS)) {\n            sb.append(\u0027\u003e\u0027);\n            sb.append(\u0027 \u0027);\n        } else\n            if ((next.getAxis()) \u003d\u003d (com.openhtmltopdf.css.newmatch.Selector.DESCENDANT_AXIS)) {\n            }\n\n        if ((next._name) !\u003d null) {\n            sb.append(next._name);\n        }\n        if ((next.conditions) !\u003d null) {\n            for (com.openhtmltopdf.css.newmatch.Condition condition : next.conditions) {\n                condition.toCSS(sb);\n            }\n        }\n        sb.append(\u0027 \u0027);\n        next \u003d next.getChainedSelector();\n    } \n}",
                "dst_parent": "null"
              },
              "line": 453,
              "file": "/home/khesoem/projects/lighter/exp/openhtmltopdf-core/src/main/java/com/openhtmltopdf/css/newmatch/Selector.java",
              "stats": {
                "number_of_src_entities": 24,
                "number_of_dst_entities": -1,
                "src_entity_types": "[com.openhtmltopdf.css.newmatch.Selector, boolean, \u003cnulltype\u003e]",
                "dst_entity_types": "[]"
              }
            }
          ]
        }
      ]
    }
  ],
  "complete_analysis": true
}