{
  "instances": [
    {
      "revision": "92ac457fc41f52facf54b2cbdc54612f46ba8327",
      "repairability": [
        {
          "tool-name": "Arja",
          "pattern-name": "Arja:arja_shallow_change",
          "Unified_Diff_of-files:": "Starts Below...",
          "CHANGE_old:": "        if (init.get()) {",
          "CHANGE_new:": "        if (!init.compareAndSet(false, true)) {",
          "DELETE:": "        init.set(true);",
          "instance_detail": [
            {
              "pattern_action": "ANY",
              "pattern_entity": {
                "entity_type": "Statement",
                "entity_new value": "*",
                "entity_role": "*",
                "entity_parent": "null"
              },
              "concrete_change": {
                "operator": "DEL",
                "src_type": "Invocation",
                "dst_type": "null",
                "src": "init.set(true)",
                "dst": "null",
                "src_parent_type": "Block",
                "dst_parent_type": "null",
                "src_parent": "{\n    if (init.get()) {\n        return;\n    }\n    org.apache.dubbo.rpc.model.ApplicationModel applicationModel \u003d config.getApplicationModel();\n    org.apache.dubbo.metadata.report.MetadataReportFactory metadataReportFactory \u003d applicationModel.getExtensionLoader(org.apache.dubbo.metadata.report.MetadataReportFactory.class).getAdaptiveExtension();\n    org.apache.dubbo.common.URL url \u003d config.toUrl();\n    if (org.apache.dubbo.metadata.report.METADATA_REPORT_KEY.equals(url.getProtocol())) {\n        java.lang.String protocol \u003d url.getParameter(org.apache.dubbo.metadata.report.METADATA_REPORT_KEY, org.apache.dubbo.metadata.report.DEFAULT_DIRECTORY);\n        url \u003d org.apache.dubbo.common.URLBuilder.from(url).setProtocol(protocol).setScopeModel(config.getScopeModel()).removeParameter(org.apache.dubbo.metadata.report.METADATA_REPORT_KEY).build();\n    }\n    url \u003d url.addParameterIfAbsent(org.apache.dubbo.metadata.report.APPLICATION_KEY, applicationModel.getCurrentConfig().getName());\n    java.lang.String relatedRegistryId \u003d ((config.getRegistry()) \u003d\u003d null) ? DEFAULT_KEY : config.getRegistry();\n    org.apache.dubbo.metadata.report.MetadataReport metadataReport \u003d metadataReportFactory.getMetadataReport(url);\n    if (metadataReport !\u003d null) {\n        metadataReports.put(relatedRegistryId, metadataReport);\n    }\n    init.set(true);\n}",
                "dst_parent": "null"
              },
              "line": 66,
              "file": "/home/khesoem/projects/lighter/exp/dubbo-metadata/dubbo-metadata-api/src/main/java/org/apache/dubbo/metadata/report/MetadataReportInstance.java",
              "stats": {
                "number_of_src_entities": 20,
                "number_of_dst_entities": -1,
                "src_entity_types": "[java.util.concurrent.atomic.AtomicBoolean, boolean, org.apache.dubbo.metadata.report.MetadataReportInstance]",
                "dst_entity_types": "[]"
              }
            }
          ]
        }
      ]
    }
  ],
  "complete_analysis": true
}