{
  "instances": [
    {
      "revision": "8e4d9f694ccf990b386b5feb7490e89fb2334268",
      "repairability": [
        {
          "tool-name": "Arja",
          "pattern-name": "Arja:arja_shallow_change",
          "Unified_Diff_of-files:": "Starts Below...",
          "DELETE:": "    @Override",
          "INSERT:": "    @Override",
          "CHANGE_old:": "            subscribedServices \u003d serviceNameMapping.getAndListenServices(registryURL, url, new DefaultMappingListener(url, subscribedServices, listener));",
          "CHANGE_new:": "            subscribedServices \u003d serviceNameMapping.getAndListenServices(this.getUrl(), url, new DefaultMappingListener(url, subscribedServices, listener));",
          "instance_detail": [
            {
              "pattern_action": "ANY",
              "pattern_entity": {
                "entity_type": "Statement",
                "entity_new value": "*",
                "entity_role": "*",
                "entity_parent": "null"
              },
              "concrete_change": {
                "operator": "INS",
                "src_type": "Invocation",
                "dst_type": "null",
                "src": "this.getUrl()",
                "dst": "null",
                "src_parent_type": "Invocation",
                "dst_parent_type": "null",
                "src_parent": "serviceNameMapping.getAndListenServices(this.getUrl(), url, new org.apache.dubbo.registry.client.ServiceDiscoveryRegistry.DefaultMappingListener(url, subscribedServices, listener))",
                "dst_parent": "null"
              },
              "line": 213,
              "file": "/home/khesoem/projects/lighter/exp/dubbo-registry/dubbo-registry-api/src/main/java/org/apache/dubbo/registry/client/ServiceDiscoveryRegistry.java",
              "stats": {
                "number_of_src_entities": 8,
                "number_of_dst_entities": -1,
                "src_entity_types": "[org.apache.dubbo.registry.client.ServiceDiscoveryRegistry]",
                "dst_entity_types": "[]"
              }
            }
          ]
        },
        {
          "tool-name": "Arja",
          "pattern-name": "Arja:arja_shallow_change",
          "Unified_Diff_of-files:": "Starts Below...",
          "DELETE:": "    @Override",
          "INSERT:": "    @Override",
          "CHANGE_old:": "            subscribedServices \u003d serviceNameMapping.getAndListenServices(registryURL, url, new DefaultMappingListener(url, subscribedServices, listener));",
          "CHANGE_new:": "            subscribedServices \u003d serviceNameMapping.getAndListenServices(this.getUrl(), url, new DefaultMappingListener(url, subscribedServices, listener));",
          "instance_detail": [
            {
              "pattern_action": "ANY",
              "pattern_entity": {
                "entity_type": "Statement",
                "entity_new value": "*",
                "entity_role": "*",
                "entity_parent": "null"
              },
              "concrete_change": {
                "operator": "INS",
                "src_type": "Invocation",
                "dst_type": "null",
                "src": "this.getUrl()",
                "dst": "null",
                "src_parent_type": "Invocation",
                "dst_parent_type": "null",
                "src_parent": "this.getUrl().getScopeModel()",
                "dst_parent": "null"
              },
              "line": 212,
              "file": "/home/khesoem/projects/lighter/exp/dubbo-registry/dubbo-registry-api/src/main/java/org/apache/dubbo/registry/client/ServiceDiscoveryRegistry.java",
              "stats": {
                "number_of_src_entities": 8,
                "number_of_dst_entities": -1,
                "src_entity_types": "[org.apache.dubbo.registry.client.ServiceDiscoveryRegistry]",
                "dst_entity_types": "[]"
              }
            }
          ]
        },
        {
          "tool-name": "Arja",
          "pattern-name": "Arja:arja_shallow_change",
          "Unified_Diff_of-files:": "Starts Below...",
          "DELETE:": "    @Override",
          "INSERT:": "    @Override",
          "CHANGE_old:": "            subscribedServices \u003d serviceNameMapping.getAndListenServices(registryURL, url, new DefaultMappingListener(url, subscribedServices, listener));",
          "CHANGE_new:": "            subscribedServices \u003d serviceNameMapping.getAndListenServices(this.getUrl(), url, new DefaultMappingListener(url, subscribedServices, listener));",
          "instance_detail": [
            {
              "pattern_action": "ANY",
              "pattern_entity": {
                "entity_type": "Statement",
                "entity_new value": "*",
                "entity_role": "*",
                "entity_parent": "null"
              },
              "concrete_change": {
                "operator": "DEL",
                "src_type": "ConstructorCall",
                "dst_type": "null",
                "src": "new java.util.LinkedHashSet\u003c\u003e()",
                "dst": "null",
                "src_parent_type": "Field",
                "dst_parent_type": "null",
                "src_parent": "private final java.util.Set\u003cjava.lang.String\u003e registeredListeners \u003d new java.util.LinkedHashSet\u003c\u003e();",
                "dst_parent": "null"
              },
              "line": 80,
              "file": "/home/khesoem/projects/lighter/exp/dubbo-registry/dubbo-registry-api/src/main/java/org/apache/dubbo/registry/client/ServiceDiscoveryRegistry.java"
            }
          ]
        },
        {
          "tool-name": "Arja",
          "pattern-name": "Arja:arja_shallow_change",
          "Unified_Diff_of-files:": "Starts Below...",
          "DELETE:": "    @Override",
          "INSERT:": "    @Override",
          "CHANGE_old:": "            subscribedServices \u003d serviceNameMapping.getAndListenServices(registryURL, url, new DefaultMappingListener(url, subscribedServices, listener));",
          "CHANGE_new:": "            subscribedServices \u003d serviceNameMapping.getAndListenServices(this.getUrl(), url, new DefaultMappingListener(url, subscribedServices, listener));",
          "instance_detail": [
            {
              "pattern_action": "ANY",
              "pattern_entity": {
                "entity_type": "Statement",
                "entity_new value": "*",
                "entity_role": "*",
                "entity_parent": "null"
              },
              "concrete_change": {
                "operator": "DEL",
                "src_type": "Assignment",
                "dst_type": "null",
                "src": "this.registryURL \u003d registryURL",
                "dst": "null",
                "src_parent_type": "Block",
                "dst_parent_type": "null",
                "src_parent": "{\n    this.registryURL \u003d registryURL;\n    this.serviceDiscovery \u003d createServiceDiscovery(registryURL);\n    this.writableMetadataService \u003d org.apache.dubbo.metadata.WritableMetadataService.getDefaultExtension(registryURL.getScopeModel());\n    this.registryManager \u003d registryURL.getOrDefaultApplicationModel().getBeanFactory().getBean(org.apache.dubbo.registry.support.RegistryManager.class);\n}",
                "dst_parent": "null"
              },
              "line": 90,
              "file": "/home/khesoem/projects/lighter/exp/dubbo-registry/dubbo-registry-api/src/main/java/org/apache/dubbo/registry/client/ServiceDiscoveryRegistry.java",
              "stats": {
                "number_of_src_entities": 17,
                "number_of_dst_entities": -1,
                "src_entity_types": "[org.apache.dubbo.common.URL, org.apache.dubbo.registry.client.ServiceDiscoveryRegistry]",
                "dst_entity_types": "[]"
              }
            }
          ]
        },
        {
          "tool-name": "Arja",
          "pattern-name": "Arja:arja_shallow_change",
          "Unified_Diff_of-files:": "Starts Below...",
          "DELETE:": "    @Override",
          "INSERT:": "    @Override",
          "CHANGE_old:": "            subscribedServices \u003d serviceNameMapping.getAndListenServices(registryURL, url, new DefaultMappingListener(url, subscribedServices, listener));",
          "CHANGE_new:": "            subscribedServices \u003d serviceNameMapping.getAndListenServices(this.getUrl(), url, new DefaultMappingListener(url, subscribedServices, listener));",
          "instance_detail": [
            {
              "pattern_action": "ANY",
              "pattern_entity": {
                "entity_type": "Statement",
                "entity_new value": "*",
                "entity_role": "*",
                "entity_parent": "null"
              },
              "concrete_change": {
                "operator": "DEL",
                "src_type": "Assignment",
                "dst_type": "null",
                "src": "this.registryURL \u003d registryURL",
                "dst": "null",
                "src_parent_type": "Block",
                "dst_parent_type": "null",
                "src_parent": "{\n    this.registryURL \u003d registryURL;\n    this.serviceDiscovery \u003d serviceDiscovery;\n    this.writableMetadataService \u003d writableMetadataService;\n}",
                "dst_parent": "null"
              },
              "line": 98,
              "file": "/home/khesoem/projects/lighter/exp/dubbo-registry/dubbo-registry-api/src/main/java/org/apache/dubbo/registry/client/ServiceDiscoveryRegistry.java",
              "stats": {
                "number_of_src_entities": 17,
                "number_of_dst_entities": -1,
                "src_entity_types": "[org.apache.dubbo.common.URL, org.apache.dubbo.registry.client.ServiceDiscoveryRegistry]",
                "dst_entity_types": "[]"
              }
            }
          ]
        },
        {
          "tool-name": "Arja",
          "pattern-name": "Arja:arja_shallow_change",
          "Unified_Diff_of-files:": "Starts Below...",
          "DELETE:": "    @Override",
          "INSERT:": "    @Override",
          "CHANGE_old:": "            subscribedServices \u003d serviceNameMapping.getAndListenServices(registryURL, url, new DefaultMappingListener(url, subscribedServices, listener));",
          "CHANGE_new:": "            subscribedServices \u003d serviceNameMapping.getAndListenServices(this.getUrl(), url, new DefaultMappingListener(url, subscribedServices, listener));",
          "instance_detail": [
            {
              "pattern_action": "ANY",
              "pattern_entity": {
                "entity_type": "Statement",
                "entity_new value": "*",
                "entity_role": "*",
                "entity_parent": "null"
              },
              "concrete_change": {
                "operator": "DEL",
                "src_type": "Return",
                "dst_type": "null",
                "src": "return registryURL",
                "dst": "null",
                "src_parent_type": "Block",
                "dst_parent_type": "null",
                "src_parent": "{\n    return registryURL;\n}",
                "dst_parent": "null"
              },
              "line": 271,
              "file": "/home/khesoem/projects/lighter/exp/dubbo-registry/dubbo-registry-api/src/main/java/org/apache/dubbo/registry/client/ServiceDiscoveryRegistry.java"
            }
          ]
        },
        {
          "tool-name": "Arja",
          "pattern-name": "Arja:arja_deep_change",
          "Unified_Diff_of-files:": "Starts Below...",
          "DELETE:": "    @Override",
          "INSERT:": "    @Override",
          "CHANGE_old:": "            subscribedServices \u003d serviceNameMapping.getAndListenServices(registryURL, url, new DefaultMappingListener(url, subscribedServices, listener));",
          "CHANGE_new:": "            subscribedServices \u003d serviceNameMapping.getAndListenServices(this.getUrl(), url, new DefaultMappingListener(url, subscribedServices, listener));",
          "instance_detail": [
            {
              "pattern_action": "ANY",
              "pattern_entity": {
                "entity_type": "*",
                "entity_new value": "*",
                "entity_role": "*",
                "entity_parent": {
                  "entity_type": "Statement",
                  "entity_new value": "*",
                  "entity_role": "*",
                  "entity_parent": "null"
                }
              },
              "concrete_change": {
                "operator": "DEL",
                "src_type": "FieldRead",
                "dst_type": "null",
                "src": "registryURL",
                "dst": "null",
                "src_parent_type": "Invocation",
                "dst_parent_type": "null",
                "src_parent": "registryURL.getScopeModel()",
                "dst_parent": "null"
              },
              "line": 214,
              "file": "/home/khesoem/projects/lighter/exp/dubbo-registry/dubbo-registry-api/src/main/java/org/apache/dubbo/registry/client/ServiceDiscoveryRegistry.java",
              "stats": {
                "number_of_src_entities": 12,
                "number_of_dst_entities": -1,
                "src_entity_types": "[org.apache.dubbo.registry.client.ServiceDiscoveryRegistry]",
                "dst_entity_types": "[]"
              }
            }
          ]
        }
      ]
    }
  ],
  "complete_analysis": true
}