{
  "instances": [
    {
      "revision": "342544fb0600edde327478f3c6cccd156877a7c3",
      "repairability": [
        {
          "tool-name": "Arja",
          "pattern-name": "Arja:arja_shallow_change",
          "Unified_Diff_of-files:": "Starts Below...",
          "CHANGE_old:": "",
          "CHANGE_new:": "",
          "INSERT:": "",
          "instance_detail": [
            {
              "pattern_action": "ANY",
              "pattern_entity": {
                "entity_type": "Statement",
                "entity_new value": "*",
                "entity_role": "*",
                "entity_parent": "null"
              },
              "concrete_change": {
                "operator": "DEL",
                "src_type": "Invocation",
                "dst_type": "null",
                "src": "url.setPath(org.apache.dubbo.metadata.report.support.ConfigCenterBasedMetadataReportFactory.URL_PATH).removeParameters(org.apache.dubbo.metadata.report.support.EXPORT_KEY, org.apache.dubbo.metadata.report.support.REFER_KEY)",
                "dst": "null",
                "src_parent_type": "Assignment",
                "dst_parent_type": "null",
                "src_parent": "url \u003d url.setPath(org.apache.dubbo.metadata.report.support.ConfigCenterBasedMetadataReportFactory.URL_PATH).removeParameters(org.apache.dubbo.metadata.report.support.EXPORT_KEY, org.apache.dubbo.metadata.report.support.REFER_KEY)",
                "dst_parent": "null"
              },
              "line": 64,
              "file": "/home/khesoem/projects/lighter/exp/dubbo-metadata/dubbo-metadata-api/src/main/java/org/apache/dubbo/metadata/report/support/ConfigCenterBasedMetadataReportFactory.java"
            }
          ]
        },
        {
          "tool-name": "Arja",
          "pattern-name": "Arja:arja_shallow_change",
          "Unified_Diff_of-files:": "Starts Below...",
          "CHANGE_old:": "",
          "CHANGE_new:": "",
          "INSERT:": "",
          "instance_detail": [
            {
              "pattern_action": "ANY",
              "pattern_entity": {
                "entity_type": "Statement",
                "entity_new value": "*",
                "entity_role": "*",
                "entity_parent": "null"
              },
              "concrete_change": {
                "operator": "DEL",
                "src_type": "Assignment",
                "dst_type": "null",
                "src": "url \u003d url.setPath(org.apache.dubbo.metadata.report.support.ConfigCenterBasedMetadataReportFactory.URL_PATH).removeParameters(org.apache.dubbo.metadata.report.support.EXPORT_KEY, org.apache.dubbo.metadata.report.support.REFER_KEY)",
                "dst": "null",
                "src_parent_type": "Block",
                "dst_parent_type": "null",
                "src_parent": "{\n    url \u003d url.setPath(org.apache.dubbo.metadata.report.support.ConfigCenterBasedMetadataReportFactory.URL_PATH).removeParameters(org.apache.dubbo.metadata.report.support.EXPORT_KEY, org.apache.dubbo.metadata.report.support.REFER_KEY);\n    final org.apache.dubbo.common.URL actualURL;\n    if ((url.getParameter(org.apache.dubbo.metadata.report.support.CONFIG_BASE_PATH_PARAM_NAME)) \u003d\u003d null) {\n        actualURL \u003d url.addParameter(org.apache.dubbo.metadata.report.support.CONFIG_BASE_PATH_PARAM_NAME, org.apache.dubbo.metadata.MetadataConstants.DEFAULT_PATH_TAG);\n    } else {\n        actualURL \u003d url;\n    }\n    java.lang.String key \u003d actualURL.toServiceString();\n    return org.apache.dubbo.metadata.report.support.ConfigCenterBasedMetadataReportFactory.metadataReportCache.computeIfAbsent(key, ( k) -\u003e new org.apache.dubbo.metadata.report.support.ConfigCenterBasedMetadataReport(actualURL, keyType));\n}",
                "dst_parent": "null"
              },
              "line": 64,
              "file": "/home/khesoem/projects/lighter/exp/dubbo-metadata/dubbo-metadata-api/src/main/java/org/apache/dubbo/metadata/report/support/ConfigCenterBasedMetadataReportFactory.java"
            }
          ]
        },
        {
          "tool-name": "Arja",
          "pattern-name": "Arja:arja_shallow_change",
          "Unified_Diff_of-files:": "Starts Below...",
          "CHANGE_old:": "",
          "CHANGE_new:": "",
          "INSERT:": "",
          "instance_detail": [
            {
              "pattern_action": "ANY",
              "pattern_entity": {
                "entity_type": "Statement",
                "entity_new value": "*",
                "entity_role": "*",
                "entity_parent": "null"
              },
              "concrete_change": {
                "operator": "DEL",
                "src_type": "Invocation",
                "dst_type": "null",
                "src": "(url.getParameter(org.apache.dubbo.metadata.report.support.CONFIG_BASE_PATH_PARAM_NAME))",
                "dst": "null",
                "src_parent_type": "BinaryOperator",
                "dst_parent_type": "null",
                "src_parent": "(url.getParameter(org.apache.dubbo.metadata.report.support.CONFIG_BASE_PATH_PARAM_NAME)) \u003d\u003d null",
                "dst_parent": "null"
              },
              "line": 67,
              "file": "/home/khesoem/projects/lighter/exp/dubbo-metadata/dubbo-metadata-api/src/main/java/org/apache/dubbo/metadata/report/support/ConfigCenterBasedMetadataReportFactory.java"
            }
          ]
        },
        {
          "tool-name": "Arja",
          "pattern-name": "Arja:arja_shallow_change",
          "Unified_Diff_of-files:": "Starts Below...",
          "CHANGE_old:": "",
          "CHANGE_new:": "",
          "INSERT:": "",
          "instance_detail": [
            {
              "pattern_action": "ANY",
              "pattern_entity": {
                "entity_type": "Statement",
                "entity_new value": "*",
                "entity_role": "*",
                "entity_parent": "null"
              },
              "concrete_change": {
                "operator": "DEL",
                "src_type": "Assignment",
                "dst_type": "null",
                "src": "actualURL \u003d url",
                "dst": "null",
                "src_parent_type": "Block",
                "dst_parent_type": "null",
                "src_parent": "{\n    actualURL \u003d url;\n}",
                "dst_parent": "null"
              },
              "line": 70,
              "file": "/home/khesoem/projects/lighter/exp/dubbo-metadata/dubbo-metadata-api/src/main/java/org/apache/dubbo/metadata/report/support/ConfigCenterBasedMetadataReportFactory.java"
            }
          ]
        },
        {
          "tool-name": "Arja",
          "pattern-name": "Arja:arja_shallow_change",
          "Unified_Diff_of-files:": "Starts Below...",
          "CHANGE_old:": "",
          "CHANGE_new:": "",
          "INSERT:": "",
          "instance_detail": [
            {
              "pattern_action": "ANY",
              "pattern_entity": {
                "entity_type": "Statement",
                "entity_new value": "*",
                "entity_role": "*",
                "entity_parent": "null"
              },
              "concrete_change": {
                "operator": "DEL",
                "src_type": "Block",
                "dst_type": "null",
                "src": "{\n    actualURL \u003d url;\n}",
                "dst": "null",
                "src_parent_type": "If",
                "dst_parent_type": "null",
                "src_parent": "if ((url.getParameter(org.apache.dubbo.metadata.report.support.CONFIG_BASE_PATH_PARAM_NAME)) \u003d\u003d null) {\n    actualURL \u003d url.addParameter(org.apache.dubbo.metadata.report.support.CONFIG_BASE_PATH_PARAM_NAME, org.apache.dubbo.metadata.MetadataConstants.DEFAULT_PATH_TAG);\n} else {\n    actualURL \u003d url;\n}",
                "dst_parent": "null"
              },
              "line": 69,
              "file": "/home/khesoem/projects/lighter/exp/dubbo-metadata/dubbo-metadata-api/src/main/java/org/apache/dubbo/metadata/report/support/ConfigCenterBasedMetadataReportFactory.java"
            }
          ]
        },
        {
          "tool-name": "Arja",
          "pattern-name": "Arja:arja_shallow_change",
          "Unified_Diff_of-files:": "Starts Below...",
          "CHANGE_old:": "",
          "CHANGE_new:": "",
          "INSERT:": "",
          "instance_detail": [
            {
              "pattern_action": "ANY",
              "pattern_entity": {
                "entity_type": "Statement",
                "entity_new value": "*",
                "entity_role": "*",
                "entity_parent": "null"
              },
              "concrete_change": {
                "operator": "DEL",
                "src_type": "If",
                "dst_type": "null",
                "src": "if ((url.getParameter(org.apache.dubbo.metadata.report.support.CONFIG_BASE_PATH_PARAM_NAME)) \u003d\u003d null) {\n    actualURL \u003d url.addParameter(org.apache.dubbo.metadata.report.support.CONFIG_BASE_PATH_PARAM_NAME, org.apache.dubbo.metadata.MetadataConstants.DEFAULT_PATH_TAG);\n} else {\n    actualURL \u003d url;\n}",
                "dst": "null",
                "src_parent_type": "Block",
                "dst_parent_type": "null",
                "src_parent": "{\n    url \u003d url.setPath(org.apache.dubbo.metadata.report.support.ConfigCenterBasedMetadataReportFactory.URL_PATH).removeParameters(org.apache.dubbo.metadata.report.support.EXPORT_KEY, org.apache.dubbo.metadata.report.support.REFER_KEY);\n    final org.apache.dubbo.common.URL actualURL;\n    if ((url.getParameter(org.apache.dubbo.metadata.report.support.CONFIG_BASE_PATH_PARAM_NAME)) \u003d\u003d null) {\n        actualURL \u003d url.addParameter(org.apache.dubbo.metadata.report.support.CONFIG_BASE_PATH_PARAM_NAME, org.apache.dubbo.metadata.MetadataConstants.DEFAULT_PATH_TAG);\n    } else {\n        actualURL \u003d url;\n    }\n    java.lang.String key \u003d actualURL.toServiceString();\n    return org.apache.dubbo.metadata.report.support.ConfigCenterBasedMetadataReportFactory.metadataReportCache.computeIfAbsent(key, ( k) -\u003e new org.apache.dubbo.metadata.report.support.ConfigCenterBasedMetadataReport(actualURL, keyType));\n}",
                "dst_parent": "null"
              },
              "line": 67,
              "file": "/home/khesoem/projects/lighter/exp/dubbo-metadata/dubbo-metadata-api/src/main/java/org/apache/dubbo/metadata/report/support/ConfigCenterBasedMetadataReportFactory.java"
            }
          ]
        }
      ]
    }
  ],
  "complete_analysis": true
}