{
  "instances": [
    {
      "revision": "1693df214b1aefeac05ffeb834460bceac0fa3b4",
      "repairability": [
        {
          "tool-name": "Arja",
          "pattern-name": "Arja:arja_shallow_change",
          "Unified_Diff_of-files:": "Starts Below...",
          "CHANGE_old:": "            equals \u003d equals \u0026\u0026 !entry.getValue().equals(that.getMetadata().get(entry.getKey()));",
          "CHANGE_new:": "            equals \u003d equals \u0026\u0026 entry.getValue().equals(that.getMetadata().get(entry.getKey()));",
          "instance_detail": [
            {
              "pattern_action": "ANY",
              "pattern_entity": {
                "entity_type": "Statement",
                "entity_new value": "*",
                "entity_role": "*",
                "entity_parent": "null"
              },
              "concrete_change": {
                "operator": "DEL",
                "src_type": "UnaryOperator",
                "dst_type": "null",
                "src": "(!(entry.getValue().equals(that.getMetadata().get(entry.getKey()))))",
                "dst": "null",
                "src_parent_type": "BinaryOperator",
                "dst_parent_type": "null",
                "src_parent": "equals \u0026\u0026 (!(entry.getValue().equals(that.getMetadata().get(entry.getKey()))))",
                "dst_parent": "null"
              },
              "line": 187,
              "file": "/home/khesoem/projects/lighter/exp/dubbo-registry/dubbo-registry-api/src/main/java/org/apache/dubbo/registry/client/DefaultServiceInstance.java",
              "stats": {
                "number_of_src_entities": 63,
                "number_of_dst_entities": -1,
                "src_entity_types": "[org.apache.dubbo.registry.client.DefaultServiceInstance, boolean, java.util.Map.Entry\u003cjava.lang.String, java.lang.String\u003e, java.util.Map.Entry, java.lang.String, java.util.Map]",
                "dst_entity_types": "[]"
              }
            }
          ]
        }
      ]
    },
    {
      "revision": "1693df214b1aefeac05ffeb834460bceac0fa3b4",
      "repairability": [
        {
          "tool-name": "Arja",
          "pattern-name": "Arja:arja_shallow_change",
          "Unified_Diff_of-files:": "Starts Below...",
          "CHANGE_old:": "            equals \u003d equals \u0026\u0026 !entry.getValue().equals(that.getMetadata().get(entry.getKey()));",
          "CHANGE_new:": "            equals \u003d equals \u0026\u0026 entry.getValue().equals(that.getMetadata().get(entry.getKey()));",
          "instance_detail": [
            {
              "pattern_action": "ANY",
              "pattern_entity": {
                "entity_type": "Statement",
                "entity_new value": "*",
                "entity_role": "*",
                "entity_parent": "null"
              },
              "concrete_change": {
                "operator": "DEL",
                "src_type": "Invocation",
                "dst_type": "null",
                "src": "super(message)",
                "dst": "null",
                "src_parent_type": "Block",
                "dst_parent_type": "null",
                "src_parent": "{\n    super(message);\n}",
                "dst_parent": "null"
              },
              "line": 75,
              "file": "/home/khesoem/projects/lighter/exp/dubbo-metadata/dubbo-metadata-api/src/main/java/org/apache/dubbo/metadata/ServiceNameMapping.java"
            }
          ]
        },
        {
          "tool-name": "Arja",
          "pattern-name": "Arja:arja_shallow_change",
          "Unified_Diff_of-files:": "Starts Below...",
          "CHANGE_old:": "            equals \u003d equals \u0026\u0026 !entry.getValue().equals(that.getMetadata().get(entry.getKey()));",
          "CHANGE_new:": "            equals \u003d equals \u0026\u0026 entry.getValue().equals(that.getMetadata().get(entry.getKey()));",
          "instance_detail": [
            {
              "pattern_action": "ANY",
              "pattern_entity": {
                "entity_type": "Statement",
                "entity_new value": "*",
                "entity_role": "*",
                "entity_parent": "null"
              },
              "concrete_change": {
                "operator": "DEL",
                "src_type": "Class",
                "dst_type": "null",
                "src": "static class MappingException extends java.lang.RuntimeException {\n    public MappingException(java.lang.String message) {\n        super(message);\n    }\n}",
                "dst": "null",
                "src_parent_type": "Interface",
                "dst_parent_type": "null",
                "src_parent": "@org.apache.dubbo.common.extension.SPI(\"config\")\npublic interface ServiceNameMapping {\n    void map(org.apache.dubbo.common.URL url);\n\n    java.util.Set\u003cjava.lang.String\u003e getAndListen(org.apache.dubbo.common.URL url, org.apache.dubbo.metadata.MappingListener mappingListener);\n\n    static org.apache.dubbo.metadata.ServiceNameMapping getDefaultExtension() {\n        return getExtensionLoader(org.apache.dubbo.metadata.ServiceNameMapping.class).getDefaultExtension();\n    }\n\n    static org.apache.dubbo.metadata.ServiceNameMapping getExtension(java.lang.String name) {\n        return getExtensionLoader(org.apache.dubbo.metadata.ServiceNameMapping.class).getExtension((name \u003d\u003d null ? CONFIG_MAPPING_TYPE : name));\n    }\n\n    static java.lang.String buildGroup(java.lang.String serviceInterface, java.lang.String group, java.lang.String version, java.lang.String protocol) {\n        return ((org.apache.dubbo.metadata.DynamicConfigurationServiceNameMapping.DEFAULT_MAPPING_GROUP) + (SLASH)) + serviceInterface;\n    }\n\n    static class MappingException extends java.lang.RuntimeException {\n        public MappingException(java.lang.String message) {\n            super(message);\n        }\n    }\n}",
                "dst_parent": "null"
              },
              "line": 73,
              "file": "/home/khesoem/projects/lighter/exp/dubbo-metadata/dubbo-metadata-api/src/main/java/org/apache/dubbo/metadata/ServiceNameMapping.java",
              "stats": {
                "number_of_src_entities": 20,
                "number_of_dst_entities": -1,
                "src_entity_types": "[java.lang.String, org.apache.dubbo.metadata.ServiceNameMapping.MappingException, java.lang.RuntimeException]",
                "dst_entity_types": "[]"
              }
            }
          ]
        }
      ]
    }
  ],
  "complete_analysis": true
}