{
  "instances": [
    {
      "revision": "b48a7c9fc989c5eb76a61d0e1f8f2209d39b3745",
      "repairability": [
        {
          "tool-name": "Arja",
          "pattern-name": "Arja:arja_shallow_change",
          "Unified_Diff_of-files:": "Starts Below...",
          "INSERT:": "            }",
          "CHANGE_old:": "",
          "CHANGE_new:": "        } else if (ConfigUtils.isNotEmpty(address) || ConfigUtils.isNotEmpty(protocol)) {",
          "DELETE:": "                .build();",
          "instance_detail": [
            {
              "pattern_action": "ANY",
              "pattern_entity": {
                "entity_type": "Statement",
                "entity_new value": "*",
                "entity_role": "*",
                "entity_parent": "null"
              },
              "concrete_change": {
                "operator": "DEL",
                "src_type": "Invocation",
                "dst_type": "null",
                "src": "monitor.getProtocol()",
                "dst": "null",
                "src_parent_type": "Invocation",
                "dst_parent_type": "null",
                "src_parent": "(org.apache.dubbo.config.utils.REGISTRY_PROTOCOL.equals(monitor.getProtocol()))",
                "dst_parent": "null"
              },
              "line": 323,
              "file": "/home/khesoem/projects/lighter/exp/dubbo-config/dubbo-config-api/src/main/java/org/apache/dubbo/config/utils/ConfigValidationUtils.java",
              "stats": {
                "number_of_src_entities": 8,
                "number_of_dst_entities": -1,
                "src_entity_types": "[org.apache.dubbo.config.MonitorConfig]",
                "dst_entity_types": "[]"
              }
            }
          ]
        },
        {
          "tool-name": "Arja",
          "pattern-name": "Arja:arja_shallow_change",
          "Unified_Diff_of-files:": "Starts Below...",
          "INSERT:": "            }",
          "CHANGE_old:": "",
          "CHANGE_new:": "        } else if (ConfigUtils.isNotEmpty(address) || ConfigUtils.isNotEmpty(protocol)) {",
          "DELETE:": "                .build();",
          "instance_detail": [
            {
              "pattern_action": "ANY",
              "pattern_entity": {
                "entity_type": "Statement",
                "entity_new value": "*",
                "entity_role": "*",
                "entity_parent": "null"
              },
              "concrete_change": {
                "operator": "DEL",
                "src_type": "Invocation",
                "dst_type": "null",
                "src": "monitor.getProtocol()",
                "dst": "null",
                "src_parent_type": "Invocation",
                "dst_parent_type": "null",
                "src_parent": "(org.apache.dubbo.config.utils.SERVICE_REGISTRY_PROTOCOL.equals(monitor.getProtocol()))",
                "dst_parent": "null"
              },
              "line": 323,
              "file": "/home/khesoem/projects/lighter/exp/dubbo-config/dubbo-config-api/src/main/java/org/apache/dubbo/config/utils/ConfigValidationUtils.java",
              "stats": {
                "number_of_src_entities": 8,
                "number_of_dst_entities": -1,
                "src_entity_types": "[org.apache.dubbo.config.MonitorConfig]",
                "dst_entity_types": "[]"
              }
            }
          ]
        },
        {
          "tool-name": "Arja",
          "pattern-name": "Arja:arja_shallow_change",
          "Unified_Diff_of-files:": "Starts Below...",
          "INSERT:": "            }",
          "CHANGE_old:": "",
          "CHANGE_new:": "        } else if (ConfigUtils.isNotEmpty(address) || ConfigUtils.isNotEmpty(protocol)) {",
          "DELETE:": "                .build();",
          "instance_detail": [
            {
              "pattern_action": "ANY",
              "pattern_entity": {
                "entity_type": "Statement",
                "entity_new value": "*",
                "entity_role": "*",
                "entity_parent": "null"
              },
              "concrete_change": {
                "operator": "DEL",
                "src_type": "If",
                "dst_type": "null",
                "src": "if (((monitor !\u003d null) \u0026\u0026 ((org.apache.dubbo.config.utils.REGISTRY_PROTOCOL.equals(monitor.getProtocol())) || (org.apache.dubbo.config.utils.SERVICE_REGISTRY_PROTOCOL.equals(monitor.getProtocol())))) \u0026\u0026 (registryURL !\u003d null)) {\n    return org.apache.dubbo.common.URLBuilder.from(registryURL).setProtocol(org.apache.dubbo.config.utils.DUBBO_PROTOCOL).addParameter(org.apache.dubbo.config.utils.PROTOCOL_KEY, monitor.getProtocol()).putAttribute(org.apache.dubbo.config.utils.REFER_KEY, map).build();\n}",
                "dst": "null",
                "src_parent_type": "Block",
                "dst_parent_type": "null",
                "src_parent": "if (((monitor !\u003d null) \u0026\u0026 ((org.apache.dubbo.config.utils.REGISTRY_PROTOCOL.equals(monitor.getProtocol())) || (org.apache.dubbo.config.utils.SERVICE_REGISTRY_PROTOCOL.equals(monitor.getProtocol())))) \u0026\u0026 (registryURL !\u003d null)) {\n        return org.apache.dubbo.common.URLBuilder.from(registryURL).setProtocol(org.apache.dubbo.config.utils.DUBBO_PROTOCOL).addParameter(org.apache.dubbo.config.utils.PROTOCOL_KEY, monitor.getProtocol()).putAttribute(org.apache.dubbo.config.utils.REFER_KEY, map).build();\n    }\n",
                "dst_parent": "null"
              },
              "line": 322,
              "file": "/home/khesoem/projects/lighter/exp/dubbo-config/dubbo-config-api/src/main/java/org/apache/dubbo/config/utils/ConfigValidationUtils.java"
            }
          ]
        },
        {
          "tool-name": "Arja",
          "pattern-name": "Arja:arja_shallow_change",
          "Unified_Diff_of-files:": "Starts Below...",
          "INSERT:": "            }",
          "CHANGE_old:": "",
          "CHANGE_new:": "        } else if (ConfigUtils.isNotEmpty(address) || ConfigUtils.isNotEmpty(protocol)) {",
          "DELETE:": "                .build();",
          "instance_detail": [
            {
              "pattern_action": "ANY",
              "pattern_entity": {
                "entity_type": "Statement",
                "entity_new value": "*",
                "entity_role": "*",
                "entity_parent": "null"
              },
              "concrete_change": {
                "operator": "DEL",
                "src_type": "Block",
                "dst_type": "null",
                "src": "if (((monitor !\u003d null) \u0026\u0026 ((org.apache.dubbo.config.utils.REGISTRY_PROTOCOL.equals(monitor.getProtocol())) || (org.apache.dubbo.config.utils.SERVICE_REGISTRY_PROTOCOL.equals(monitor.getProtocol())))) \u0026\u0026 (registryURL !\u003d null)) {\n        return org.apache.dubbo.common.URLBuilder.from(registryURL).setProtocol(org.apache.dubbo.config.utils.DUBBO_PROTOCOL).addParameter(org.apache.dubbo.config.utils.PROTOCOL_KEY, monitor.getProtocol()).putAttribute(org.apache.dubbo.config.utils.REFER_KEY, map).build();\n    }\n",
                "dst": "null",
                "src_parent_type": "If",
                "dst_parent_type": "null",
                "src_parent": "if (org.apache.dubbo.common.utils.ConfigUtils.isNotEmpty(address)) {\n    if (!(map.containsKey(org.apache.dubbo.config.utils.PROTOCOL_KEY))) {\n        if (getExtensionLoader(org.apache.dubbo.monitor.MonitorFactory.class).hasExtension(org.apache.dubbo.config.utils.LOGSTAT_PROTOCOL)) {\n            map.put(org.apache.dubbo.config.utils.PROTOCOL_KEY, org.apache.dubbo.config.utils.LOGSTAT_PROTOCOL);\n        } else {\n            map.put(org.apache.dubbo.config.utils.PROTOCOL_KEY, org.apache.dubbo.config.utils.DUBBO_PROTOCOL);\n        }\n    }\n    return org.apache.dubbo.common.utils.UrlUtils.parseURL(address, map);\n} else\n    if (((monitor !\u003d null) \u0026\u0026 ((org.apache.dubbo.config.utils.REGISTRY_PROTOCOL.equals(monitor.getProtocol())) || (org.apache.dubbo.config.utils.SERVICE_REGISTRY_PROTOCOL.equals(monitor.getProtocol())))) \u0026\u0026 (registryURL !\u003d null)) {\n        return org.apache.dubbo.common.URLBuilder.from(registryURL).setProtocol(org.apache.dubbo.config.utils.DUBBO_PROTOCOL).addParameter(org.apache.dubbo.config.utils.PROTOCOL_KEY, monitor.getProtocol()).putAttribute(org.apache.dubbo.config.utils.REFER_KEY, map).build();\n    }\n",
                "dst_parent": "null"
              },
              "line": 322,
              "file": "/home/khesoem/projects/lighter/exp/dubbo-config/dubbo-config-api/src/main/java/org/apache/dubbo/config/utils/ConfigValidationUtils.java",
              "stats": {
                "number_of_src_entities": 105,
                "number_of_dst_entities": -1,
                "src_entity_types": "[org.apache.dubbo.common.URL, org.apache.dubbo.config.utils.PROTOCOL_KEY, org.apache.dubbo.config.utils.SERVICE_REGISTRY_PROTOCOL, org.apache.dubbo.config.utils.DUBBO_PROTOCOL, java.lang.String, org.apache.dubbo.config.utils.REGISTRY_PROTOCOL, java.util.Map\u003cjava.lang.String, java.lang.String\u003e, \u003cnulltype\u003e, org.apache.dubbo.config.MonitorConfig, org.apache.dubbo.common.URLBuilder, org.apache.dubbo.config.utils.REFER_KEY]",
                "dst_entity_types": "[]"
              }
            }
          ]
        }
      ]
    }
  ],
  "complete_analysis": true
}