{
  "instances": [
    {
      "revision": "f488cb3a10093ac2c361ac6de696201e0e8a30af",
      "repairability": [
        {
          "tool-name": "Arja",
          "pattern-name": "Arja:arja_shallow_change",
          "Unified_Diff_of-files:": "Starts Below...",
          "CHANGE_old:": "                this.setBootstrap(DubboBootstrap.getInstance());",
          "CHANGE_new:": "                this.bootstrap \u003d DubboBootstrap.getInstance();",
          "INSERT:": "            this.bootstrap.service(this);",
          "instance_detail": [
            {
              "pattern_action": "ANY",
              "pattern_entity": {
                "entity_type": "Statement",
                "entity_new value": "*",
                "entity_role": "*",
                "entity_parent": "null"
              },
              "concrete_change": {
                "operator": "DEL",
                "src_type": "Invocation",
                "dst_type": "null",
                "src": "this.setBootstrap(org.apache.dubbo.config.bootstrap.DubboBootstrap.getInstance())",
                "dst": "null",
                "src_parent_type": "Block",
                "dst_parent_type": "null",
                "src_parent": "{\n    this.setBootstrap(org.apache.dubbo.config.bootstrap.DubboBootstrap.getInstance());\n    this.bootstrap.initialize();\n}",
                "dst_parent": "null"
              },
              "line": 193,
              "file": "/home/khesoem/projects/lighter/exp/dubbo-config/dubbo-config-api/src/main/java/org/apache/dubbo/config/ServiceConfig.java",
              "stats": {
                "number_of_src_entities": 21,
                "number_of_dst_entities": -1,
                "src_entity_types": "[org.apache.dubbo.config.bootstrap.DubboBootstrap, org.apache.dubbo.config.ServiceConfig\u003cT\u003e, org.apache.dubbo.config.ServiceConfig]",
                "dst_entity_types": "[]"
              }
            }
          ]
        }
      ]
    }
  ],
  "complete_analysis": true
}