{
  "instances": [
    {
      "revision": "711c323efc77c4b37d322a3961aed41eef7acf7e",
      "repairability": [
        {
          "tool-name": "Arja",
          "pattern-name": "Arja:arja_shallow_change",
          "Unified_Diff_of-files:": "Starts Below...",
          "INSERT:": "            }",
          "DELETE:": "        Gson gson \u003d new Gson();",
          "instance_detail": [
            {
              "pattern_action": "ANY",
              "pattern_entity": {
                "entity_type": "Statement",
                "entity_new value": "*",
                "entity_role": "*",
                "entity_parent": "null"
              },
              "concrete_change": {
                "operator": "DEL",
                "src_type": "ConstructorCall",
                "dst_type": "null",
                "src": "new com.google.gson.Gson()",
                "dst": "null",
                "src_parent_type": "LocalVariable",
                "dst_parent_type": "null",
                "src_parent": "com.google.gson.Gson gson \u003d new com.google.gson.Gson()",
                "dst_parent": "null"
              },
              "line": 199,
              "file": "/home/khesoem/projects/lighter/exp/dubbo-rpc/dubbo-rpc-api/src/main/java/org/apache/dubbo/rpc/filter/GenericFilter.java"
            }
          ]
        },
        {
          "tool-name": "Arja",
          "pattern-name": "Arja:arja_shallow_change",
          "Unified_Diff_of-files:": "Starts Below...",
          "INSERT:": "            }",
          "DELETE:": "        Gson gson \u003d new Gson();",
          "instance_detail": [
            {
              "pattern_action": "ANY",
              "pattern_entity": {
                "entity_type": "Statement",
                "entity_new value": "*",
                "entity_role": "*",
                "entity_parent": "null"
              },
              "concrete_change": {
                "operator": "DEL",
                "src_type": "LocalVariable",
                "dst_type": "null",
                "src": "com.google.gson.Gson gson \u003d new com.google.gson.Gson()",
                "dst": "null",
                "src_parent_type": "Block",
                "dst_parent_type": "null",
                "src_parent": "{\n    com.google.gson.Gson gson \u003d new com.google.gson.Gson();\n    return java.util.stream.IntStream.range(0, args.length).mapToObj(( i) -\u003e {\n        java.lang.String str \u003d args[i].toString();\n        java.lang.reflect.Type type \u003d com.google.gson.reflect.TypeToken.get(types[i]).getType();\n        try {\n            return gson.fromJson(str, type);\n        } catch (com.google.gson.JsonSyntaxException ex) {\n            throw new org.apache.dubbo.rpc.RpcException(java.lang.String.format(\"Generic serialization [%s] Json syntax exception thrown when parsing (message:%s type:%s) error:%s\", org.apache.dubbo.rpc.filter.GENERIC_SERIALIZATION_GSON, str, type.toString(), ex.getMessage()));\n        }\n    }).toArray();\n}",
                "dst_parent": "null"
              },
              "line": 199,
              "file": "/home/khesoem/projects/lighter/exp/dubbo-rpc/dubbo-rpc-api/src/main/java/org/apache/dubbo/rpc/filter/GenericFilter.java",
              "stats": {
                "number_of_src_entities": 9,
                "number_of_dst_entities": -1,
                "src_entity_types": "[com.google.gson.Gson]",
                "dst_entity_types": "[]"
              }
            }
          ]
        }
      ]
    },
    {
      "revision": "711c323efc77c4b37d322a3961aed41eef7acf7e",
      "repairability": [
        {
          "tool-name": "Arja",
          "pattern-name": "Arja:arja_shallow_change",
          "Unified_Diff_of-files:": "Starts Below...",
          "INSERT:": "            }",
          "DELETE:": "        Gson gson \u003d new Gson();",
          "instance_detail": [
            {
              "pattern_action": "ANY",
              "pattern_entity": {
                "entity_type": "Statement",
                "entity_new value": "*",
                "entity_role": "*",
                "entity_parent": "null"
              },
              "concrete_change": {
                "operator": "DEL",
                "src_type": "Invocation",
                "dst_type": "null",
                "src": "org.apache.dubbo.demo.consumer.GenericApplication.isClassic(args)",
                "dst": "null",
                "src_parent_type": "If",
                "dst_parent_type": "null",
                "src_parent": "if (org.apache.dubbo.demo.consumer.GenericApplication.isClassic(args)) {\n} else {\n    org.apache.dubbo.demo.consumer.GenericApplication.runWithBootstrap();\n}",
                "dst_parent": "null"
              },
              "line": 31,
              "file": "/home/khesoem/projects/lighter/exp/dubbo-demo/dubbo-demo-generic-call/src/main/java/org/apache/dubbo/demo/consumer/GenericApplication.java"
            }
          ]
        },
        {
          "tool-name": "Arja",
          "pattern-name": "Arja:arja_shallow_change",
          "Unified_Diff_of-files:": "Starts Below...",
          "INSERT:": "            }",
          "DELETE:": "        Gson gson \u003d new Gson();",
          "instance_detail": [
            {
              "pattern_action": "ANY",
              "pattern_entity": {
                "entity_type": "Statement",
                "entity_new value": "*",
                "entity_role": "*",
                "entity_parent": "null"
              },
              "concrete_change": {
                "operator": "DEL",
                "src_type": "Block",
                "dst_type": "null",
                "src": "{\n}",
                "dst": "null",
                "src_parent_type": "If",
                "dst_parent_type": "null",
                "src_parent": "if (org.apache.dubbo.demo.consumer.GenericApplication.isClassic(args)) {\n} else {\n    org.apache.dubbo.demo.consumer.GenericApplication.runWithBootstrap();\n}",
                "dst_parent": "null"
              },
              "line": 31,
              "file": "/home/khesoem/projects/lighter/exp/dubbo-demo/dubbo-demo-generic-call/src/main/java/org/apache/dubbo/demo/consumer/GenericApplication.java"
            }
          ]
        },
        {
          "tool-name": "Arja",
          "pattern-name": "Arja:arja_shallow_change",
          "Unified_Diff_of-files:": "Starts Below...",
          "INSERT:": "            }",
          "DELETE:": "        Gson gson \u003d new Gson();",
          "instance_detail": [
            {
              "pattern_action": "ANY",
              "pattern_entity": {
                "entity_type": "Statement",
                "entity_new value": "*",
                "entity_role": "*",
                "entity_parent": "null"
              },
              "concrete_change": {
                "operator": "DEL",
                "src_type": "Invocation",
                "dst_type": "null",
                "src": "org.apache.dubbo.demo.consumer.GenericApplication.runWithBootstrap()",
                "dst": "null",
                "src_parent_type": "Block",
                "dst_parent_type": "null",
                "src_parent": "{\n    org.apache.dubbo.demo.consumer.GenericApplication.runWithBootstrap();\n}",
                "dst_parent": "null"
              },
              "line": 34,
              "file": "/home/khesoem/projects/lighter/exp/dubbo-demo/dubbo-demo-generic-call/src/main/java/org/apache/dubbo/demo/consumer/GenericApplication.java"
            }
          ]
        },
        {
          "tool-name": "Arja",
          "pattern-name": "Arja:arja_shallow_change",
          "Unified_Diff_of-files:": "Starts Below...",
          "INSERT:": "            }",
          "DELETE:": "        Gson gson \u003d new Gson();",
          "instance_detail": [
            {
              "pattern_action": "ANY",
              "pattern_entity": {
                "entity_type": "Statement",
                "entity_new value": "*",
                "entity_role": "*",
                "entity_parent": "null"
              },
              "concrete_change": {
                "operator": "DEL",
                "src_type": "Block",
                "dst_type": "null",
                "src": "{\n    org.apache.dubbo.demo.consumer.GenericApplication.runWithBootstrap();\n}",
                "dst": "null",
                "src_parent_type": "If",
                "dst_parent_type": "null",
                "src_parent": "if (org.apache.dubbo.demo.consumer.GenericApplication.isClassic(args)) {\n} else {\n    org.apache.dubbo.demo.consumer.GenericApplication.runWithBootstrap();\n}",
                "dst_parent": "null"
              },
              "line": 33,
              "file": "/home/khesoem/projects/lighter/exp/dubbo-demo/dubbo-demo-generic-call/src/main/java/org/apache/dubbo/demo/consumer/GenericApplication.java"
            }
          ]
        },
        {
          "tool-name": "Arja",
          "pattern-name": "Arja:arja_shallow_change",
          "Unified_Diff_of-files:": "Starts Below...",
          "INSERT:": "            }",
          "DELETE:": "        Gson gson \u003d new Gson();",
          "instance_detail": [
            {
              "pattern_action": "ANY",
              "pattern_entity": {
                "entity_type": "Statement",
                "entity_new value": "*",
                "entity_role": "*",
                "entity_parent": "null"
              },
              "concrete_change": {
                "operator": "DEL",
                "src_type": "If",
                "dst_type": "null",
                "src": "if (org.apache.dubbo.demo.consumer.GenericApplication.isClassic(args)) {\n} else {\n    org.apache.dubbo.demo.consumer.GenericApplication.runWithBootstrap();\n}",
                "dst": "null",
                "src_parent_type": "Block",
                "dst_parent_type": "null",
                "src_parent": "{\n    if (org.apache.dubbo.demo.consumer.GenericApplication.isClassic(args)) {\n    } else {\n        org.apache.dubbo.demo.consumer.GenericApplication.runWithBootstrap();\n    }\n}",
                "dst_parent": "null"
              },
              "line": 31,
              "file": "/home/khesoem/projects/lighter/exp/dubbo-demo/dubbo-demo-generic-call/src/main/java/org/apache/dubbo/demo/consumer/GenericApplication.java",
              "stats": {
                "number_of_src_entities": 27,
                "number_of_dst_entities": -1,
                "src_entity_types": "[org.apache.dubbo.demo.consumer.GenericApplication, java.lang.String]",
                "dst_entity_types": "[]"
              }
            }
          ]
        },
        {
          "tool-name": "Arja",
          "pattern-name": "Arja:arja_shallow_change",
          "Unified_Diff_of-files:": "Starts Below...",
          "INSERT:": "            }",
          "DELETE:": "        Gson gson \u003d new Gson();",
          "instance_detail": [
            {
              "pattern_action": "ANY",
              "pattern_entity": {
                "entity_type": "Statement",
                "entity_new value": "*",
                "entity_role": "*",
                "entity_parent": "null"
              },
              "concrete_change": {
                "operator": "DEL",
                "src_type": "Return",
                "dst_type": "null",
                "src": "return ((args.length) \u003e 0) \u0026\u0026 (\"classic\".equalsIgnoreCase(args[0]))",
                "dst": "null",
                "src_parent_type": "Block",
                "dst_parent_type": "null",
                "src_parent": "{\n    return ((args.length) \u003e 0) \u0026\u0026 (\"classic\".equalsIgnoreCase(args[0]));\n}",
                "dst_parent": "null"
              },
              "line": 39,
              "file": "/home/khesoem/projects/lighter/exp/dubbo-demo/dubbo-demo-generic-call/src/main/java/org/apache/dubbo/demo/consumer/GenericApplication.java"
            }
          ]
        },
        {
          "tool-name": "Arja",
          "pattern-name": "Arja:arja_shallow_change",
          "Unified_Diff_of-files:": "Starts Below...",
          "INSERT:": "            }",
          "DELETE:": "        Gson gson \u003d new Gson();",
          "instance_detail": [
            {
              "pattern_action": "ANY",
              "pattern_entity": {
                "entity_type": "Statement",
                "entity_new value": "*",
                "entity_role": "*",
                "entity_parent": "null"
              },
              "concrete_change": {
                "operator": "DEL",
                "src_type": "ConstructorCall",
                "dst_type": "null",
                "src": "new java.util.HashMap\u003c\u003e()",
                "dst": "null",
                "src_parent_type": "LocalVariable",
                "dst_parent_type": "null",
                "src_parent": "java.util.Map\u003cjava.lang.String, java.lang.String\u003e parameters \u003d new java.util.HashMap\u003c\u003e()",
                "dst_parent": "null"
              },
              "line": 48,
              "file": "/home/khesoem/projects/lighter/exp/dubbo-demo/dubbo-demo-generic-call/src/main/java/org/apache/dubbo/demo/consumer/GenericApplication.java"
            }
          ]
        },
        {
          "tool-name": "Arja",
          "pattern-name": "Arja:arja_shallow_change",
          "Unified_Diff_of-files:": "Starts Below...",
          "INSERT:": "            }",
          "DELETE:": "        Gson gson \u003d new Gson();",
          "instance_detail": [
            {
              "pattern_action": "ANY",
              "pattern_entity": {
                "entity_type": "Statement",
                "entity_new value": "*",
                "entity_role": "*",
                "entity_parent": "null"
              },
              "concrete_change": {
                "operator": "DEL",
                "src_type": "Invocation",
                "dst_type": "null",
                "src": "applicationConfig.setParameters(parameters)",
                "dst": "null",
                "src_parent_type": "Block",
                "dst_parent_type": "null",
                "src_parent": "{\n    org.apache.dubbo.config.ReferenceConfig\u003corg.apache.dubbo.rpc.service.GenericService\u003e reference \u003d new org.apache.dubbo.config.ReferenceConfig();\n    reference.setInterface(\"org.apache.dubbo.demo.DemoService\");\n    reference.setGeneric(\"true\");\n    org.apache.dubbo.config.ApplicationConfig applicationConfig \u003d new org.apache.dubbo.config.ApplicationConfig(\"demo-consumer\");\n    java.util.Map\u003cjava.lang.String, java.lang.String\u003e parameters \u003d new java.util.HashMap\u003c\u003e();\n    applicationConfig.setParameters(parameters);\n    org.apache.dubbo.config.MetadataReportConfig metadataReportConfig \u003d new org.apache.dubbo.config.MetadataReportConfig();\n    metadataReportConfig.setAddress(\"zookeeper://127.0.0.1:2181\");\n    org.apache.dubbo.config.bootstrap.DubboBootstrap bootstrap \u003d org.apache.dubbo.config.bootstrap.DubboBootstrap.getInstance();\n    bootstrap.application(applicationConfig).registry(new org.apache.dubbo.config.RegistryConfig(\"zookeeper://127.0.0.1:2181\")).reference(reference).start();\n    org.apache.dubbo.rpc.service.GenericService genericService \u003d ((org.apache.dubbo.rpc.service.GenericService) (bootstrap.getCache().get(reference)));\n    while (true) {\n        try {\n            java.lang.Object genericInvokeResult \u003d genericService.$invoke(\"sayHello\", new java.lang.String[]{ java.lang.String.class.getName() }, new java.lang.Object[]{ \"dubbo generic invoke\" });\n            java.lang.System.out.println(genericInvokeResult);\n            java.lang.Thread.sleep(1000);\n        } catch (java.lang.Exception e) {\n            e.printStackTrace();\n        }\n    } \n}",
                "dst_parent": "null"
              },
              "line": 49,
              "file": "/home/khesoem/projects/lighter/exp/dubbo-demo/dubbo-demo-generic-call/src/main/java/org/apache/dubbo/demo/consumer/GenericApplication.java",
              "stats": {
                "number_of_src_entities": 22,
                "number_of_dst_entities": -1,
                "src_entity_types": "[org.apache.dubbo.config.ApplicationConfig, java.lang.String, java.util.Map\u003cjava.lang.String, java.lang.String\u003e]",
                "dst_entity_types": "[]"
              }
            }
          ]
        }
      ]
    }
  ],
  "complete_analysis": true
}