{
  "instances": [
    {
      "revision": "84803247e4435030dec8a72295348d25e855cbdf",
      "repairability": [
        {
          "tool-name": "Arja",
          "pattern-name": "Arja:arja_shallow_change",
          "Unified_Diff_of-files:": "Starts Below...",
          "CHANGE_old:": "        return invokers;",
          "CHANGE_new:": "        return this.invokers \u003d\u003d null ? Collections.emptyList() : this.invokers;",
          "instance_detail": [
            {
              "pattern_action": "ANY",
              "pattern_entity": {
                "entity_type": "Statement",
                "entity_new value": "*",
                "entity_role": "*",
                "entity_parent": "null"
              },
              "concrete_change": {
                "operator": "DEL",
                "src_type": "Invocation",
                "dst_type": "null",
                "src": "(org.apache.dubbo.config.ServiceConfig.shouldExport())",
                "dst": "null",
                "src_parent_type": "UnaryOperator",
                "dst_parent_type": "null",
                "src_parent": "(!(org.apache.dubbo.config.ServiceConfig.shouldExport()))",
                "dst_parent": "null"
              },
              "line": 185,
              "file": "/home/khesoem/projects/lighter/exp/dubbo-config/dubbo-config-api/src/main/java/org/apache/dubbo/config/ServiceConfig.java"
            }
          ]
        },
        {
          "tool-name": "Arja",
          "pattern-name": "Arja:arja_shallow_change",
          "Unified_Diff_of-files:": "Starts Below...",
          "CHANGE_old:": "        return invokers;",
          "CHANGE_new:": "        return this.invokers \u003d\u003d null ? Collections.emptyList() : this.invokers;",
          "instance_detail": [
            {
              "pattern_action": "ANY",
              "pattern_entity": {
                "entity_type": "Statement",
                "entity_new value": "*",
                "entity_role": "*",
                "entity_parent": "null"
              },
              "concrete_change": {
                "operator": "DEL",
                "src_type": "UnaryOperator",
                "dst_type": "null",
                "src": "(!(org.apache.dubbo.config.ServiceConfig.shouldExport()))",
                "dst": "null",
                "src_parent_type": "BinaryOperator",
                "dst_parent_type": "null",
                "src_parent": "(!(org.apache.dubbo.config.ServiceConfig.shouldExport())) || (exported)",
                "dst_parent": "null"
              },
              "line": 185,
              "file": "/home/khesoem/projects/lighter/exp/dubbo-config/dubbo-config-api/src/main/java/org/apache/dubbo/config/ServiceConfig.java"
            }
          ]
        },
        {
          "tool-name": "Arja",
          "pattern-name": "Arja:arja_shallow_change",
          "Unified_Diff_of-files:": "Starts Below...",
          "CHANGE_old:": "        return invokers;",
          "CHANGE_new:": "        return this.invokers \u003d\u003d null ? Collections.emptyList() : this.invokers;",
          "instance_detail": [
            {
              "pattern_action": "ANY",
              "pattern_entity": {
                "entity_type": "Statement",
                "entity_new value": "*",
                "entity_role": "*",
                "entity_parent": "null"
              },
              "concrete_change": {
                "operator": "DEL",
                "src_type": "Return",
                "dst_type": "null",
                "src": "return",
                "dst": "null",
                "src_parent_type": "Block",
                "dst_parent_type": "null",
                "src_parent": "{\n    return;\n}",
                "dst_parent": "null"
              },
              "line": 186,
              "file": "/home/khesoem/projects/lighter/exp/dubbo-config/dubbo-config-api/src/main/java/org/apache/dubbo/config/ServiceConfig.java"
            }
          ]
        },
        {
          "tool-name": "Arja",
          "pattern-name": "Arja:arja_shallow_change",
          "Unified_Diff_of-files:": "Starts Below...",
          "CHANGE_old:": "        return invokers;",
          "CHANGE_new:": "        return this.invokers \u003d\u003d null ? Collections.emptyList() : this.invokers;",
          "instance_detail": [
            {
              "pattern_action": "ANY",
              "pattern_entity": {
                "entity_type": "Statement",
                "entity_new value": "*",
                "entity_role": "*",
                "entity_parent": "null"
              },
              "concrete_change": {
                "operator": "DEL",
                "src_type": "Block",
                "dst_type": "null",
                "src": "{\n    return;\n}",
                "dst": "null",
                "src_parent_type": "If",
                "dst_parent_type": "null",
                "src_parent": "if ((!(org.apache.dubbo.config.ServiceConfig.shouldExport())) || (exported)) {\n    return;\n}",
                "dst_parent": "null"
              },
              "line": 185,
              "file": "/home/khesoem/projects/lighter/exp/dubbo-config/dubbo-config-api/src/main/java/org/apache/dubbo/config/ServiceConfig.java"
            }
          ]
        },
        {
          "tool-name": "Arja",
          "pattern-name": "Arja:arja_shallow_change",
          "Unified_Diff_of-files:": "Starts Below...",
          "CHANGE_old:": "        return invokers;",
          "CHANGE_new:": "        return this.invokers \u003d\u003d null ? Collections.emptyList() : this.invokers;",
          "instance_detail": [
            {
              "pattern_action": "ANY",
              "pattern_entity": {
                "entity_type": "Statement",
                "entity_new value": "*",
                "entity_role": "*",
                "entity_parent": "null"
              },
              "concrete_change": {
                "operator": "DEL",
                "src_type": "If",
                "dst_type": "null",
                "src": "if ((!(org.apache.dubbo.config.ServiceConfig.shouldExport())) || (exported)) {\n    return;\n}",
                "dst": "null",
                "src_parent_type": "Block",
                "dst_parent_type": "null",
                "src_parent": "{\n    if ((!(org.apache.dubbo.config.ServiceConfig.shouldExport())) || (exported)) {\n        return;\n    }\n    if ((bootstrap) \u003d\u003d null) {\n        bootstrap \u003d org.apache.dubbo.config.bootstrap.DubboBootstrap.getInstance();\n        bootstrap.initialize();\n        bootstrap.service(this);\n    }\n    if (!(bootstrap.isInitialized())) {\n        throw new java.lang.IllegalStateException(\"DubboBootstrap is not initialized\");\n    }\n    if (!(this.isRefreshed())) {\n        this.refresh();\n    }\n    initServiceMetadata(provider);\n    serviceMetadata.setServiceType(org.apache.dubbo.config.ServiceConfig.getInterfaceClass());\n    serviceMetadata.setTarget(org.apache.dubbo.config.ServiceConfig.getRef());\n    serviceMetadata.generateServiceKey();\n    if (!(org.apache.dubbo.config.ServiceConfig.shouldExport())) {\n        return;\n    }\n    if (org.apache.dubbo.config.ServiceConfig.shouldDelay()) {\n        org.apache.dubbo.config.ServiceConfig.DELAY_EXPORT_EXECUTOR.schedule(this::doExport, org.apache.dubbo.config.ServiceConfig.getDelay(), java.util.concurrent.TimeUnit.MILLISECONDS);\n    } else {\n        doExport();\n    }\n}",
                "dst_parent": "null"
              },
              "line": 185,
              "file": "/home/khesoem/projects/lighter/exp/dubbo-config/dubbo-config-api/src/main/java/org/apache/dubbo/config/ServiceConfig.java"
            }
          ]
        },
        {
          "tool-name": "Arja",
          "pattern-name": "Arja:arja_shallow_change",
          "Unified_Diff_of-files:": "Starts Below...",
          "CHANGE_old:": "        return invokers;",
          "CHANGE_new:": "        return this.invokers \u003d\u003d null ? Collections.emptyList() : this.invokers;",
          "instance_detail": [
            {
              "pattern_action": "ANY",
              "pattern_entity": {
                "entity_type": "Statement",
                "entity_new value": "*",
                "entity_role": "*",
                "entity_parent": "null"
              },
              "concrete_change": {
                "operator": "DEL",
                "src_type": "Block",
                "dst_type": "null",
                "src": "{\n    bootstrap \u003d org.apache.dubbo.config.bootstrap.DubboBootstrap.getInstance();\n    bootstrap.initialize();\n    bootstrap.service(this);\n}",
                "dst": "null",
                "src_parent_type": "If",
                "dst_parent_type": "null",
                "src_parent": "if ((bootstrap) \u003d\u003d null) {\n    bootstrap \u003d org.apache.dubbo.config.bootstrap.DubboBootstrap.getInstance();\n    bootstrap.initialize();\n    bootstrap.service(this);\n}",
                "dst_parent": "null"
              },
              "line": 192,
              "file": "/home/khesoem/projects/lighter/exp/dubbo-config/dubbo-config-api/src/main/java/org/apache/dubbo/config/ServiceConfig.java"
            }
          ]
        },
        {
          "tool-name": "Arja",
          "pattern-name": "Arja:arja_shallow_change",
          "Unified_Diff_of-files:": "Starts Below...",
          "CHANGE_old:": "        return invokers;",
          "CHANGE_new:": "        return this.invokers \u003d\u003d null ? Collections.emptyList() : this.invokers;",
          "instance_detail": [
            {
              "pattern_action": "ANY",
              "pattern_entity": {
                "entity_type": "Statement",
                "entity_new value": "*",
                "entity_role": "*",
                "entity_parent": "null"
              },
              "concrete_change": {
                "operator": "DEL",
                "src_type": "If",
                "dst_type": "null",
                "src": "if ((bootstrap) \u003d\u003d null) {\n    bootstrap \u003d org.apache.dubbo.config.bootstrap.DubboBootstrap.getInstance();\n    bootstrap.initialize();\n    bootstrap.service(this);\n}",
                "dst": "null",
                "src_parent_type": "Block",
                "dst_parent_type": "null",
                "src_parent": "{\n    if ((!(org.apache.dubbo.config.ServiceConfig.shouldExport())) || (exported)) {\n        return;\n    }\n    if ((bootstrap) \u003d\u003d null) {\n        bootstrap \u003d org.apache.dubbo.config.bootstrap.DubboBootstrap.getInstance();\n        bootstrap.initialize();\n        bootstrap.service(this);\n    }\n    if (!(bootstrap.isInitialized())) {\n        throw new java.lang.IllegalStateException(\"DubboBootstrap is not initialized\");\n    }\n    if (!(this.isRefreshed())) {\n        this.refresh();\n    }\n    initServiceMetadata(provider);\n    serviceMetadata.setServiceType(org.apache.dubbo.config.ServiceConfig.getInterfaceClass());\n    serviceMetadata.setTarget(org.apache.dubbo.config.ServiceConfig.getRef());\n    serviceMetadata.generateServiceKey();\n    if (!(org.apache.dubbo.config.ServiceConfig.shouldExport())) {\n        return;\n    }\n    if (org.apache.dubbo.config.ServiceConfig.shouldDelay()) {\n        org.apache.dubbo.config.ServiceConfig.DELAY_EXPORT_EXECUTOR.schedule(this::doExport, org.apache.dubbo.config.ServiceConfig.getDelay(), java.util.concurrent.TimeUnit.MILLISECONDS);\n    } else {\n        doExport();\n    }\n}",
                "dst_parent": "null"
              },
              "line": 192,
              "file": "/home/khesoem/projects/lighter/exp/dubbo-config/dubbo-config-api/src/main/java/org/apache/dubbo/config/ServiceConfig.java"
            }
          ]
        },
        {
          "tool-name": "Arja",
          "pattern-name": "Arja:arja_deep_change",
          "Unified_Diff_of-files:": "Starts Below...",
          "CHANGE_old:": "        return invokers;",
          "CHANGE_new:": "        return this.invokers \u003d\u003d null ? Collections.emptyList() : this.invokers;",
          "instance_detail": [
            {
              "pattern_action": "ANY",
              "pattern_entity": {
                "entity_type": "*",
                "entity_new value": "*",
                "entity_role": "*",
                "entity_parent": {
                  "entity_type": "Statement",
                  "entity_new value": "*",
                  "entity_role": "*",
                  "entity_parent": "null"
                }
              },
              "concrete_change": {
                "operator": "INS",
                "src_type": "ThisAccess",
                "dst_type": "null",
                "src": "this",
                "dst": "null",
                "src_parent_type": "FieldRead",
                "dst_parent_type": "null",
                "src_parent": "this.bootstrap",
                "dst_parent": "null"
              },
              "line": 205,
              "file": "/home/khesoem/projects/lighter/exp/dubbo-config/dubbo-config-api/src/main/java/org/apache/dubbo/config/ServiceConfig.java",
              "stats": {
                "number_of_src_entities": 7,
                "number_of_dst_entities": -1,
                "src_entity_types": "[org.apache.dubbo.config.ServiceConfig\u003cT\u003e, org.apache.dubbo.config.ServiceConfig]",
                "dst_entity_types": "[]"
              }
            }
          ]
        },
        {
          "tool-name": "Arja",
          "pattern-name": "Arja:arja_deep_change",
          "Unified_Diff_of-files:": "Starts Below...",
          "CHANGE_old:": "        return invokers;",
          "CHANGE_new:": "        return this.invokers \u003d\u003d null ? Collections.emptyList() : this.invokers;",
          "instance_detail": [
            {
              "pattern_action": "ANY",
              "pattern_entity": {
                "entity_type": "*",
                "entity_new value": "*",
                "entity_role": "*",
                "entity_parent": {
                  "entity_type": "Statement",
                  "entity_new value": "*",
                  "entity_role": "*",
                  "entity_parent": "null"
                }
              },
              "concrete_change": {
                "operator": "INS",
                "src_type": "ThisAccess",
                "dst_type": "null",
                "src": "this",
                "dst": "null",
                "src_parent_type": "FieldRead",
                "dst_parent_type": "null",
                "src_parent": "this.bootstrap",
                "dst_parent": "null"
              },
              "line": 190,
              "file": "/home/khesoem/projects/lighter/exp/dubbo-config/dubbo-config-api/src/main/java/org/apache/dubbo/config/ServiceConfig.java",
              "stats": {
                "number_of_src_entities": 7,
                "number_of_dst_entities": -1,
                "src_entity_types": "[org.apache.dubbo.config.ServiceConfig\u003cT\u003e, org.apache.dubbo.config.ServiceConfig]",
                "dst_entity_types": "[]"
              }
            }
          ]
        }
      ]
    },
    {
      "revision": "84803247e4435030dec8a72295348d25e855cbdf",
      "repairability": [
        {
          "tool-name": "Arja",
          "pattern-name": "Arja:arja_shallow_change",
          "Unified_Diff_of-files:": "Starts Below...",
          "CHANGE_old:": "        return invokers;",
          "CHANGE_new:": "        return this.invokers \u003d\u003d null ? Collections.emptyList() : this.invokers;",
          "instance_detail": [
            {
              "pattern_action": "ANY",
              "pattern_entity": {
                "entity_type": "Statement",
                "entity_new value": "*",
                "entity_role": "*",
                "entity_parent": "null"
              },
              "concrete_change": {
                "operator": "DEL",
                "src_type": "LocalVariable",
                "dst_type": "null",
                "src": "org.apache.dubbo.common.logger.Logger logger \u003d loggerAdapter.getLogger(org.apache.dubbo.common.logger.LoggerFactory.class.getName())",
                "dst": "null",
                "src_parent_type": "Block",
                "dst_parent_type": "null",
                "src_parent": "{\n    if (loggerAdapter \u003d\u003d (org.apache.dubbo.common.logger.LoggerFactory.LOGGER_ADAPTER)) {\n        return;\n    }\n    org.apache.dubbo.common.logger.Logger logger \u003d loggerAdapter.getLogger(org.apache.dubbo.common.logger.LoggerFactory.class.getName());\n    logger.info((\"using logger: \" + (loggerAdapter.getClass().getName())));\n    org.apache.dubbo.common.logger.LoggerFactory.LOGGER_ADAPTER \u003d loggerAdapter;\n    for (java.util.Map.Entry\u003cjava.lang.String, org.apache.dubbo.common.logger.support.FailsafeLogger\u003e entry : org.apache.dubbo.common.logger.LoggerFactory.LOGGERS.entrySet()) {\n        entry.getValue().setLogger(org.apache.dubbo.common.logger.LoggerFactory.LOGGER_ADAPTER.getLogger(entry.getKey()));\n    }\n}",
                "dst_parent": "null"
              },
              "line": 98,
              "file": "/home/khesoem/projects/lighter/exp/dubbo-common/src/main/java/org/apache/dubbo/common/logger/LoggerFactory.java",
              "stats": {
                "number_of_src_entities": 30,
                "number_of_dst_entities": -1,
                "src_entity_types": "[org.apache.dubbo.common.logger.LoggerAdapter, java.lang.Class, org.apache.dubbo.common.logger.Logger, org.apache.dubbo.common.logger.LoggerFactory]",
                "dst_entity_types": "[]"
              }
            }
          ]
        },
        {
          "tool-name": "Arja",
          "pattern-name": "Arja:arja_shallow_change",
          "Unified_Diff_of-files:": "Starts Below...",
          "CHANGE_old:": "        return invokers;",
          "CHANGE_new:": "        return this.invokers \u003d\u003d null ? Collections.emptyList() : this.invokers;",
          "instance_detail": [
            {
              "pattern_action": "ANY",
              "pattern_entity": {
                "entity_type": "Statement",
                "entity_new value": "*",
                "entity_role": "*",
                "entity_parent": "null"
              },
              "concrete_change": {
                "operator": "DEL",
                "src_type": "Invocation",
                "dst_type": "null",
                "src": "loggerAdapter.getClass()",
                "dst": "null",
                "src_parent_type": "Invocation",
                "dst_parent_type": "null",
                "src_parent": "(loggerAdapter.getClass().getName())",
                "dst_parent": "null"
              },
              "line": 99,
              "file": "/home/khesoem/projects/lighter/exp/dubbo-common/src/main/java/org/apache/dubbo/common/logger/LoggerFactory.java"
            }
          ]
        },
        {
          "tool-name": "Arja",
          "pattern-name": "Arja:arja_shallow_change",
          "Unified_Diff_of-files:": "Starts Below...",
          "CHANGE_old:": "        return invokers;",
          "CHANGE_new:": "        return this.invokers \u003d\u003d null ? Collections.emptyList() : this.invokers;",
          "instance_detail": [
            {
              "pattern_action": "ANY",
              "pattern_entity": {
                "entity_type": "Statement",
                "entity_new value": "*",
                "entity_role": "*",
                "entity_parent": "null"
              },
              "concrete_change": {
                "operator": "DEL",
                "src_type": "Invocation",
                "dst_type": "null",
                "src": "(loggerAdapter.getClass().getName())",
                "dst": "null",
                "src_parent_type": "BinaryOperator",
                "dst_parent_type": "null",
                "src_parent": "(\"using logger: \" + (loggerAdapter.getClass().getName()))",
                "dst_parent": "null"
              },
              "line": 99,
              "file": "/home/khesoem/projects/lighter/exp/dubbo-common/src/main/java/org/apache/dubbo/common/logger/LoggerFactory.java"
            }
          ]
        },
        {
          "tool-name": "Arja",
          "pattern-name": "Arja:arja_shallow_change",
          "Unified_Diff_of-files:": "Starts Below...",
          "CHANGE_old:": "        return invokers;",
          "CHANGE_new:": "        return this.invokers \u003d\u003d null ? Collections.emptyList() : this.invokers;",
          "instance_detail": [
            {
              "pattern_action": "ANY",
              "pattern_entity": {
                "entity_type": "Statement",
                "entity_new value": "*",
                "entity_role": "*",
                "entity_parent": "null"
              },
              "concrete_change": {
                "operator": "DEL",
                "src_type": "Invocation",
                "dst_type": "null",
                "src": "logger.info((\"using logger: \" + (loggerAdapter.getClass().getName())))",
                "dst": "null",
                "src_parent_type": "Block",
                "dst_parent_type": "null",
                "src_parent": "{\n    if (loggerAdapter \u003d\u003d (org.apache.dubbo.common.logger.LoggerFactory.LOGGER_ADAPTER)) {\n        return;\n    }\n    org.apache.dubbo.common.logger.Logger logger \u003d loggerAdapter.getLogger(org.apache.dubbo.common.logger.LoggerFactory.class.getName());\n    logger.info((\"using logger: \" + (loggerAdapter.getClass().getName())));\n    org.apache.dubbo.common.logger.LoggerFactory.LOGGER_ADAPTER \u003d loggerAdapter;\n    for (java.util.Map.Entry\u003cjava.lang.String, org.apache.dubbo.common.logger.support.FailsafeLogger\u003e entry : org.apache.dubbo.common.logger.LoggerFactory.LOGGERS.entrySet()) {\n        entry.getValue().setLogger(org.apache.dubbo.common.logger.LoggerFactory.LOGGER_ADAPTER.getLogger(entry.getKey()));\n    }\n}",
                "dst_parent": "null"
              },
              "line": 99,
              "file": "/home/khesoem/projects/lighter/exp/dubbo-common/src/main/java/org/apache/dubbo/common/logger/LoggerFactory.java",
              "stats": {
                "number_of_src_entities": 22,
                "number_of_dst_entities": -1,
                "src_entity_types": "[java.lang.String, org.apache.dubbo.common.logger.LoggerAdapter, org.apache.dubbo.common.logger.Logger]",
                "dst_entity_types": "[]"
              }
            }
          ]
        }
      ]
    },
    {
      "revision": "84803247e4435030dec8a72295348d25e855cbdf",
      "repairability": [
        {
          "tool-name": "Arja",
          "pattern-name": "Arja:arja_shallow_change",
          "Unified_Diff_of-files:": "Starts Below...",
          "CHANGE_old:": "        return invokers;",
          "CHANGE_new:": "        return this.invokers \u003d\u003d null ? Collections.emptyList() : this.invokers;",
          "instance_detail": [
            {
              "pattern_action": "ANY",
              "pattern_entity": {
                "entity_type": "Statement",
                "entity_new value": "*",
                "entity_role": "*",
                "entity_parent": "null"
              },
              "concrete_change": {
                "operator": "DEL",
                "src_type": "Assignment",
                "dst_type": "null",
                "src": "this.returnTypes \u003d org.apache.dubbo.common.utils.ReflectUtils.getReturnTypes(method)",
                "dst": "null",
                "src_parent_type": "Block",
                "dst_parent_type": "null",
                "src_parent": "{\n    this.method \u003d method;\n    this.methodName \u003d method.getName();\n    java.lang.Class\u003c?\u003e[] parameterTypes \u003d method.getParameterTypes();\n    if (((parameterTypes.length) \u003d\u003d 1) \u0026\u0026 (org.apache.dubbo.rpc.model.MethodDescriptor.isStreamType(parameterTypes[0]))) {\n        this.parameterClasses \u003d new java.lang.Class\u003c?\u003e[]{ ((java.lang.Class\u003c?\u003e) (((java.lang.reflect.ParameterizedType) (method.getGenericReturnType())).getActualTypeArguments()[0])) };\n        this.returnClass \u003d ((java.lang.Class\u003c?\u003e) (((java.lang.reflect.ParameterizedType) (method.getGenericParameterTypes()[0])).getActualTypeArguments()[0]));\n        if (needWrap()) {\n            rpcType \u003d org.apache.dubbo.rpc.model.MethodDescriptor.RpcType.STREAM_WRAP;\n        } else {\n            rpcType \u003d org.apache.dubbo.rpc.model.MethodDescriptor.RpcType.STREAM_UNWRAP;\n        }\n    } else {\n        this.parameterClasses \u003d method.getParameterTypes();\n        this.returnClass \u003d method.getReturnType();\n        if (needWrap()) {\n            rpcType \u003d org.apache.dubbo.rpc.model.MethodDescriptor.RpcType.UNARY_WRAP;\n        } else {\n            rpcType \u003d org.apache.dubbo.rpc.model.MethodDescriptor.RpcType.UNARY_UNWRAP;\n        }\n    }\n    this.returnTypes \u003d org.apache.dubbo.common.utils.ReflectUtils.getReturnTypes(method);\n    this.paramDesc \u003d org.apache.dubbo.common.utils.ReflectUtils.getDesc(parameterClasses);\n    this.compatibleParamSignatures \u003d java.util.stream.Stream.of(parameterClasses).map(java.lang.Class::getName).toArray(java.lang.String[]::new);\n    this.generic \u003d ((methodName.equals($INVOKE)) || (methodName.equals($INVOKE_ASYNC))) \u0026\u0026 ((parameterClasses.length) \u003d\u003d 3);\n}",
                "dst_parent": "null"
              },
              "line": 77,
              "file": "/home/khesoem/projects/lighter/exp/dubbo-common/src/main/java/org/apache/dubbo/rpc/model/MethodDescriptor.java",
              "stats": {
                "number_of_src_entities": 33,
                "number_of_dst_entities": -1,
                "src_entity_types": "[java.lang.reflect.Type, java.lang.reflect.Method, org.apache.dubbo.rpc.model.MethodDescriptor, org.apache.dubbo.common.utils.ReflectUtils]",
                "dst_entity_types": "[]"
              }
            }
          ]
        }
      ]
    },
    {
      "revision": "84803247e4435030dec8a72295348d25e855cbdf",
      "repairability": [
        {
          "tool-name": "Arja",
          "pattern-name": "Arja:arja_deep_change",
          "Unified_Diff_of-files:": "Starts Below...",
          "CHANGE_old:": "        return invokers;",
          "CHANGE_new:": "        return this.invokers \u003d\u003d null ? Collections.emptyList() : this.invokers;",
          "instance_detail": [
            {
              "pattern_action": "ANY",
              "pattern_entity": {
                "entity_type": "*",
                "entity_new value": "*",
                "entity_role": "*",
                "entity_parent": {
                  "entity_type": "Statement",
                  "entity_new value": "*",
                  "entity_role": "*",
                  "entity_parent": "null"
                }
              },
              "concrete_change": {
                "operator": "INS",
                "src_type": "Conditional",
                "dst_type": "null",
                "src": "(this.invokers) \u003d\u003d null ? java.util.Collections.emptyList() : this.invokers",
                "dst": "null",
                "src_parent_type": "Return",
                "dst_parent_type": "null",
                "src_parent": "return (this.invokers) \u003d\u003d null ? java.util.Collections.emptyList() : this.invokers",
                "dst_parent": "null"
              },
              "line": 176,
              "file": "/home/khesoem/projects/lighter/exp/dubbo-registry/dubbo-registry-api/src/main/java/org/apache/dubbo/registry/integration/DynamicDirectory.java",
              "stats": {
                "number_of_src_entities": 50,
                "number_of_dst_entities": -1,
                "src_entity_types": "[org.apache.dubbo.registry.integration.DynamicDirectory\u003cT\u003e, org.apache.dubbo.registry.integration.DynamicDirectory, \u003cnulltype\u003e, java.util.Collections]",
                "dst_entity_types": "[]"
              }
            }
          ]
        }
      ]
    },
    {
      "revision": "84803247e4435030dec8a72295348d25e855cbdf",
      "repairability": [
        {
          "tool-name": "Arja",
          "pattern-name": "Arja:arja_deep_change",
          "Unified_Diff_of-files:": "Starts Below...",
          "CHANGE_old:": "        return invokers;",
          "CHANGE_new:": "        return this.invokers \u003d\u003d null ? Collections.emptyList() : this.invokers;",
          "instance_detail": [
            {
              "pattern_action": "ANY",
              "pattern_entity": {
                "entity_type": "*",
                "entity_new value": "*",
                "entity_role": "*",
                "entity_parent": {
                  "entity_type": "Statement",
                  "entity_new value": "*",
                  "entity_role": "*",
                  "entity_parent": "null"
                }
              },
              "concrete_change": {
                "operator": "INS",
                "src_type": "Conditional",
                "dst_type": "null",
                "src": "(this.invokers) \u003d\u003d null ? java.util.Collections.emptyList() : this.invokers",
                "dst": "null",
                "src_parent_type": "Return",
                "dst_parent_type": "null",
                "src_parent": "return (this.invokers) \u003d\u003d null ? java.util.Collections.emptyList() : this.invokers",
                "dst_parent": "null"
              },
              "line": 530,
              "file": "/home/khesoem/projects/lighter/exp/dubbo-registry/dubbo-registry-api/src/main/java/org/apache/dubbo/registry/integration/RegistryDirectory.java",
              "stats": {
                "number_of_src_entities": 40,
                "number_of_dst_entities": -1,
                "src_entity_types": "[org.apache.dubbo.registry.integration.RegistryDirectory\u003cT\u003e, org.apache.dubbo.registry.integration.RegistryDirectory, \u003cnulltype\u003e, java.util.Collections]",
                "dst_entity_types": "[]"
              }
            }
          ]
        }
      ]
    },
    {
      "revision": "84803247e4435030dec8a72295348d25e855cbdf",
      "repairability": [
        {
          "tool-name": "Arja",
          "pattern-name": "Arja:arja_shallow_change",
          "Unified_Diff_of-files:": "Starts Below...",
          "CHANGE_old:": "        return invokers;",
          "CHANGE_new:": "        return this.invokers \u003d\u003d null ? Collections.emptyList() : this.invokers;",
          "instance_detail": [
            {
              "pattern_action": "ANY",
              "pattern_entity": {
                "entity_type": "Statement",
                "entity_new value": "*",
                "entity_role": "*",
                "entity_parent": "null"
              },
              "concrete_change": {
                "operator": "INS",
                "src_type": "Invocation",
                "dst_type": "null",
                "src": "getGroup()",
                "dst": "null",
                "src_parent_type": "Conditional",
                "dst_parent_type": "null",
                "src_parent": "org.apache.dubbo.common.utils.StringUtils.isEmpty(getGroup()) ? interfaceConfig !\u003d null ? interfaceConfig.getGroup() : getGroup() : getGroup()",
                "dst_parent": "null"
              },
              "line": 733,
              "file": "/home/khesoem/projects/lighter/exp/dubbo-common/src/main/java/org/apache/dubbo/config/AbstractInterfaceConfig.java",
              "stats": {
                "number_of_src_entities": 12,
                "number_of_dst_entities": -1,
                "src_entity_types": "[org.apache.dubbo.config.AbstractInterfaceConfig]",
                "dst_entity_types": "[]"
              }
            }
          ]
        },
        {
          "tool-name": "Arja",
          "pattern-name": "Arja:arja_shallow_change",
          "Unified_Diff_of-files:": "Starts Below...",
          "CHANGE_old:": "        return invokers;",
          "CHANGE_new:": "        return this.invokers \u003d\u003d null ? Collections.emptyList() : this.invokers;",
          "instance_detail": [
            {
              "pattern_action": "ANY",
              "pattern_entity": {
                "entity_type": "Statement",
                "entity_new value": "*",
                "entity_role": "*",
                "entity_parent": "null"
              },
              "concrete_change": {
                "operator": "INS",
                "src_type": "Invocation",
                "dst_type": "null",
                "src": "getVersion()",
                "dst": "null",
                "src_parent_type": "Conditional",
                "dst_parent_type": "null",
                "src_parent": "org.apache.dubbo.common.utils.StringUtils.isEmpty(getVersion()) ? interfaceConfig !\u003d null ? interfaceConfig.getVersion() : getVersion() : getVersion()",
                "dst_parent": "null"
              },
              "line": 737,
              "file": "/home/khesoem/projects/lighter/exp/dubbo-common/src/main/java/org/apache/dubbo/config/AbstractInterfaceConfig.java",
              "stats": {
                "number_of_src_entities": 12,
                "number_of_dst_entities": -1,
                "src_entity_types": "[org.apache.dubbo.config.AbstractInterfaceConfig]",
                "dst_entity_types": "[]"
              }
            }
          ]
        },
        {
          "tool-name": "Arja",
          "pattern-name": "Arja:arja_shallow_change",
          "Unified_Diff_of-files:": "Starts Below...",
          "CHANGE_old:": "        return invokers;",
          "CHANGE_new:": "        return this.invokers \u003d\u003d null ? Collections.emptyList() : this.invokers;",
          "instance_detail": [
            {
              "pattern_action": "ANY",
              "pattern_entity": {
                "entity_type": "Statement",
                "entity_new value": "*",
                "entity_role": "*",
                "entity_parent": "null"
              },
              "concrete_change": {
                "operator": "INS",
                "src_type": "Invocation",
                "dst_type": "null",
                "src": "getGroup()",
                "dst": "null",
                "src_parent_type": "Invocation",
                "dst_parent_type": "null",
                "src_parent": "org.apache.dubbo.common.utils.StringUtils.isEmpty(getGroup())",
                "dst_parent": "null"
              },
              "line": 733,
              "file": "/home/khesoem/projects/lighter/exp/dubbo-common/src/main/java/org/apache/dubbo/config/AbstractInterfaceConfig.java",
              "stats": {
                "number_of_src_entities": 12,
                "number_of_dst_entities": -1,
                "src_entity_types": "[org.apache.dubbo.config.AbstractInterfaceConfig]",
                "dst_entity_types": "[]"
              }
            }
          ]
        },
        {
          "tool-name": "Arja",
          "pattern-name": "Arja:arja_shallow_change",
          "Unified_Diff_of-files:": "Starts Below...",
          "CHANGE_old:": "        return invokers;",
          "CHANGE_new:": "        return this.invokers \u003d\u003d null ? Collections.emptyList() : this.invokers;",
          "instance_detail": [
            {
              "pattern_action": "ANY",
              "pattern_entity": {
                "entity_type": "Statement",
                "entity_new value": "*",
                "entity_role": "*",
                "entity_parent": "null"
              },
              "concrete_change": {
                "operator": "INS",
                "src_type": "Invocation",
                "dst_type": "null",
                "src": "getGroup()",
                "dst": "null",
                "src_parent_type": "Conditional",
                "dst_parent_type": "null",
                "src_parent": "interfaceConfig !\u003d null ? interfaceConfig.getGroup() : getGroup()",
                "dst_parent": "null"
              },
              "line": 733,
              "file": "/home/khesoem/projects/lighter/exp/dubbo-common/src/main/java/org/apache/dubbo/config/AbstractInterfaceConfig.java",
              "stats": {
                "number_of_src_entities": 12,
                "number_of_dst_entities": -1,
                "src_entity_types": "[org.apache.dubbo.config.AbstractInterfaceConfig]",
                "dst_entity_types": "[]"
              }
            }
          ]
        },
        {
          "tool-name": "Arja",
          "pattern-name": "Arja:arja_shallow_change",
          "Unified_Diff_of-files:": "Starts Below...",
          "CHANGE_old:": "        return invokers;",
          "CHANGE_new:": "        return this.invokers \u003d\u003d null ? Collections.emptyList() : this.invokers;",
          "instance_detail": [
            {
              "pattern_action": "ANY",
              "pattern_entity": {
                "entity_type": "Statement",
                "entity_new value": "*",
                "entity_role": "*",
                "entity_parent": "null"
              },
              "concrete_change": {
                "operator": "INS",
                "src_type": "Invocation",
                "dst_type": "null",
                "src": "getVersion()",
                "dst": "null",
                "src_parent_type": "Invocation",
                "dst_parent_type": "null",
                "src_parent": "org.apache.dubbo.common.utils.StringUtils.isEmpty(getVersion())",
                "dst_parent": "null"
              },
              "line": 737,
              "file": "/home/khesoem/projects/lighter/exp/dubbo-common/src/main/java/org/apache/dubbo/config/AbstractInterfaceConfig.java",
              "stats": {
                "number_of_src_entities": 12,
                "number_of_dst_entities": -1,
                "src_entity_types": "[org.apache.dubbo.config.AbstractInterfaceConfig]",
                "dst_entity_types": "[]"
              }
            }
          ]
        },
        {
          "tool-name": "Arja",
          "pattern-name": "Arja:arja_shallow_change",
          "Unified_Diff_of-files:": "Starts Below...",
          "CHANGE_old:": "        return invokers;",
          "CHANGE_new:": "        return this.invokers \u003d\u003d null ? Collections.emptyList() : this.invokers;",
          "instance_detail": [
            {
              "pattern_action": "ANY",
              "pattern_entity": {
                "entity_type": "Statement",
                "entity_new value": "*",
                "entity_role": "*",
                "entity_parent": "null"
              },
              "concrete_change": {
                "operator": "INS",
                "src_type": "Invocation",
                "dst_type": "null",
                "src": "getVersion()",
                "dst": "null",
                "src_parent_type": "Conditional",
                "dst_parent_type": "null",
                "src_parent": "interfaceConfig !\u003d null ? interfaceConfig.getVersion() : getVersion()",
                "dst_parent": "null"
              },
              "line": 737,
              "file": "/home/khesoem/projects/lighter/exp/dubbo-common/src/main/java/org/apache/dubbo/config/AbstractInterfaceConfig.java",
              "stats": {
                "number_of_src_entities": 12,
                "number_of_dst_entities": -1,
                "src_entity_types": "[org.apache.dubbo.config.AbstractInterfaceConfig]",
                "dst_entity_types": "[]"
              }
            }
          ]
        }
      ]
    }
  ],
  "complete_analysis": true
}