{
  "instances": [
    {
      "revision": "35ebd434cb7ca425fc55126fca6cc2fa15b92065",
      "repairability": [
        {
          "tool-name": "Arja",
          "pattern-name": "Arja:arja_shallow_change",
          "Unified_Diff_of-files:": "Starts Below...",
          "INSERT:": "    }",
          "CHANGE_old:": "",
          "CHANGE_new:": "        if (delay) {",
          "instance_detail": [
            {
              "pattern_action": "ANY",
              "pattern_entity": {
                "entity_type": "Statement",
                "entity_new value": "*",
                "entity_role": "*",
                "entity_parent": "null"
              },
              "concrete_change": {
                "operator": "DEL",
                "src_type": "If",
                "dst_type": "null",
                "src": "if (delta \u003e\u003d 0) {\n    scheduler.submit(new org.apache.dubbo.registry.RegistryNotifier.NotificationTask(this, notifyTime));\n} else {\n    scheduler.schedule(new org.apache.dubbo.registry.RegistryNotifier.NotificationTask(this, notifyTime), (-delta), java.util.concurrent.TimeUnit.MILLISECONDS);\n}",
                "dst": "null",
                "src_parent_type": "Block",
                "dst_parent_type": "null",
                "src_parent": "{\n    this.rawAddresses \u003d rawAddresses;\n    long notifyTime \u003d java.lang.System.currentTimeMillis();\n    this.lastEventTime \u003d notifyTime;\n    long delta \u003d ((java.lang.System.currentTimeMillis()) - (lastExecuteTime)) - (delayTime);\n    if (delta \u003e\u003d 0) {\n        scheduler.submit(new org.apache.dubbo.registry.RegistryNotifier.NotificationTask(this, notifyTime));\n    } else {\n        scheduler.schedule(new org.apache.dubbo.registry.RegistryNotifier.NotificationTask(this, notifyTime), (-delta), java.util.concurrent.TimeUnit.MILLISECONDS);\n    }\n}",
                "dst_parent": "null"
              },
              "line": 55,
              "file": "/home/khesoem/projects/lighter/exp/dubbo-registry/dubbo-registry-api/src/main/java/org/apache/dubbo/registry/RegistryNotifier.java",
              "stats": {
                "number_of_src_entities": 113,
                "number_of_dst_entities": -1,
                "src_entity_types": "[int, java.util.concurrent.ScheduledExecutorService, boolean, org.apache.dubbo.registry.RegistryNotifier.NotificationTask, java.util.concurrent.ExecutorService, java.util.concurrent.TimeUnit, org.apache.dubbo.registry.RegistryNotifier, long]",
                "dst_entity_types": "[]"
              }
            }
          ]
        }
      ]
    }
  ],
  "complete_analysis": true
}