{
  "instances": [
    {
      "revision": "10b3be9b8ac1828b671a198cb88d586d174b29d0",
      "repairability": [
        {
          "tool-name": "Arja",
          "pattern-name": "Arja:arja_shallow_change",
          "Unified_Diff_of-files:": "Starts Below...",
          "INSERT:": "    private static final String SERVICE \u003d \"service\";",
          "CHANGE_old:": "",
          "CHANGE_new:": "                                                     MultiServiceInstancesChangedListener multiListener) {",
          "instance_detail": [
            {
              "pattern_action": "ANY",
              "pattern_entity": {
                "entity_type": "Statement",
                "entity_new value": "*",
                "entity_role": "*",
                "entity_parent": "null"
              },
              "concrete_change": {
                "operator": "DEL",
                "src_type": "Return",
                "dst_type": "null",
                "src": "return new org.apache.dubbo.registry.multiple.MultipleServiceDiscovery.SingleServiceInstancesChangedListener(listener.getServiceNames(), serviceDiscovery, multiListener)",
                "dst": "null",
                "src_parent_type": "Block",
                "dst_parent_type": "null",
                "src_parent": "{\n    return new org.apache.dubbo.registry.multiple.MultipleServiceDiscovery.SingleServiceInstancesChangedListener(listener.getServiceNames(), serviceDiscovery, multiListener);\n}",
                "dst_parent": "null"
              },
              "line": 103,
              "file": "/home/khesoem/projects/lighter/exp/dubbo-registry/dubbo-registry-multiple/src/main/java/org/apache/dubbo/registry/multiple/MultipleServiceDiscovery.java",
              "stats": {
                "number_of_src_entities": 35,
                "number_of_dst_entities": -1,
                "src_entity_types": "[org.apache.dubbo.registry.multiple.MultipleServiceDiscovery.MultiServiceInstancesChangedListener, org.apache.dubbo.registry.multiple.MultipleServiceDiscovery, org.apache.dubbo.registry.client.event.listener.ServiceInstancesChangedListener, org.apache.dubbo.registry.multiple.MultipleServiceDiscovery.SingleServiceInstancesChangedListener, org.apache.dubbo.registry.client.ServiceDiscovery]",
                "dst_entity_types": "[]"
              }
            }
          ]
        }
      ]
    }
  ],
  "complete_analysis": true
}