{
  "instances": [
    {
      "revision": "4bb228a0840f2893e50e343f7e0932e4aea6805b",
      "repairability": [
        {
          "tool-name": "Arja",
          "pattern-name": "Arja:arja_shallow_change",
          "Unified_Diff_of-files:": "Starts Below...",
          "CHANGE_old:": "            throw new IllegalArgumentException(\"The port must be greater than zero!\");",
          "CHANGE_new:": "            throw new IllegalArgumentException(\"The port value is illegal, the value is \" + port);",
          "DELETE:": "        this.healthy \u003d true;",
          "instance_detail": [
            {
              "pattern_action": "ANY",
              "pattern_entity": {
                "entity_type": "Statement",
                "entity_new value": "*",
                "entity_role": "*",
                "entity_parent": "null"
              },
              "concrete_change": {
                "operator": "DEL",
                "src_type": "Invocation",
                "dst_type": "null",
                "src": "(port.intValue())",
                "dst": "null",
                "src_parent_type": "BinaryOperator",
                "dst_parent_type": "null",
                "src_parent": "((port.intValue()) \u003c 1)",
                "dst_parent": "null"
              },
              "line": 82,
              "file": "/home/khesoem/projects/lighter/exp/dubbo-registry/dubbo-registry-api/src/main/java/org/apache/dubbo/registry/client/DefaultServiceInstance.java",
              "stats": {
                "number_of_src_entities": 9,
                "number_of_dst_entities": -1,
                "src_entity_types": "[java.lang.Integer]",
                "dst_entity_types": "[]"
              }
            }
          ]
        },
        {
          "tool-name": "Arja",
          "pattern-name": "Arja:arja_shallow_change",
          "Unified_Diff_of-files:": "Starts Below...",
          "CHANGE_old:": "            throw new IllegalArgumentException(\"The port must be greater than zero!\");",
          "CHANGE_new:": "            throw new IllegalArgumentException(\"The port value is illegal, the value is \" + port);",
          "DELETE:": "        this.healthy \u003d true;",
          "instance_detail": [
            {
              "pattern_action": "ANY",
              "pattern_entity": {
                "entity_type": "Statement",
                "entity_new value": "*",
                "entity_role": "*",
                "entity_parent": "null"
              },
              "concrete_change": {
                "operator": "DEL",
                "src_type": "Assignment",
                "dst_type": "null",
                "src": "this.enabled \u003d true",
                "dst": "null",
                "src_parent_type": "Block",
                "dst_parent_type": "null",
                "src_parent": "{\n    if ((port !\u003d null) \u0026\u0026 ((port.intValue()) \u003c 1)) {\n        throw new java.lang.IllegalArgumentException(\"The port must be greater than zero!\");\n    }\n    this.serviceName \u003d serviceName;\n    this.host \u003d host;\n    this.port \u003d port;\n    this.enabled \u003d true;\n    this.healthy \u003d true;\n}",
                "dst_parent": "null"
              },
              "line": 88,
              "file": "/home/khesoem/projects/lighter/exp/dubbo-registry/dubbo-registry-api/src/main/java/org/apache/dubbo/registry/client/DefaultServiceInstance.java",
              "stats": {
                "number_of_src_entities": 15,
                "number_of_dst_entities": -1,
                "src_entity_types": "[org.apache.dubbo.registry.client.DefaultServiceInstance, boolean]",
                "dst_entity_types": "[]"
              }
            }
          ]
        },
        {
          "tool-name": "Arja",
          "pattern-name": "Arja:arja_shallow_change",
          "Unified_Diff_of-files:": "Starts Below...",
          "CHANGE_old:": "            throw new IllegalArgumentException(\"The port must be greater than zero!\");",
          "CHANGE_new:": "            throw new IllegalArgumentException(\"The port value is illegal, the value is \" + port);",
          "DELETE:": "        this.healthy \u003d true;",
          "instance_detail": [
            {
              "pattern_action": "ANY",
              "pattern_entity": {
                "entity_type": "Statement",
                "entity_new value": "*",
                "entity_role": "*",
                "entity_parent": "null"
              },
              "concrete_change": {
                "operator": "DEL",
                "src_type": "Assignment",
                "dst_type": "null",
                "src": "this.healthy \u003d true",
                "dst": "null",
                "src_parent_type": "Block",
                "dst_parent_type": "null",
                "src_parent": "{\n    if ((port !\u003d null) \u0026\u0026 ((port.intValue()) \u003c 1)) {\n        throw new java.lang.IllegalArgumentException(\"The port must be greater than zero!\");\n    }\n    this.serviceName \u003d serviceName;\n    this.host \u003d host;\n    this.port \u003d port;\n    this.enabled \u003d true;\n    this.healthy \u003d true;\n}",
                "dst_parent": "null"
              },
              "line": 89,
              "file": "/home/khesoem/projects/lighter/exp/dubbo-registry/dubbo-registry-api/src/main/java/org/apache/dubbo/registry/client/DefaultServiceInstance.java",
              "stats": {
                "number_of_src_entities": 15,
                "number_of_dst_entities": -1,
                "src_entity_types": "[org.apache.dubbo.registry.client.DefaultServiceInstance, boolean]",
                "dst_entity_types": "[]"
              }
            }
          ]
        }
      ]
    }
  ],
  "complete_analysis": true
}