{
  "instances": [
    {
      "revision": "80b6a55c588069a506741fd9f954af1bf45c24fb",
      "repairability": [
        {
          "tool-name": "Arja",
          "pattern-name": "Arja:arja_shallow_change",
          "Unified_Diff_of-files:": "Starts Below...",
          "CHANGE_old:": "    private boolean asyncReferFinish \u003d true;",
          "CHANGE_new:": "    private volatile boolean asyncReferFinish \u003d true;",
          "instance_detail": [
            {
              "pattern_action": "ANY",
              "pattern_entity": {
                "entity_type": "Statement",
                "entity_new value": "*",
                "entity_role": "*",
                "entity_parent": "null"
              },
              "concrete_change": {
                "operator": "DEL",
                "src_type": "Invocation",
                "dst_type": "null",
                "src": "findSpi(clazz1)",
                "dst": "null",
                "src_parent_type": "LocalVariable",
                "dst_parent_type": "null",
                "src_parent": "java.lang.Class\u003c?\u003e inf \u003d findSpi(clazz1)",
                "dst_parent": "null"
              },
              "line": 49,
              "file": "/home/khesoem/projects/lighter/exp/dubbo-common/src/main/java/org/apache/dubbo/common/extension/support/WrapperComparator.java"
            }
          ]
        },
        {
          "tool-name": "Arja",
          "pattern-name": "Arja:arja_shallow_change",
          "Unified_Diff_of-files:": "Starts Below...",
          "CHANGE_old:": "    private boolean asyncReferFinish \u003d true;",
          "CHANGE_new:": "    private volatile boolean asyncReferFinish \u003d true;",
          "instance_detail": [
            {
              "pattern_action": "ANY",
              "pattern_entity": {
                "entity_type": "Statement",
                "entity_new value": "*",
                "entity_role": "*",
                "entity_parent": "null"
              },
              "concrete_change": {
                "operator": "DEL",
                "src_type": "LocalVariable",
                "dst_type": "null",
                "src": "java.lang.Class\u003c?\u003e inf \u003d findSpi(clazz1)",
                "dst": "null",
                "src_parent_type": "Block",
                "dst_parent_type": "null",
                "src_parent": "{\n    if ((o1 \u003d\u003d null) \u0026\u0026 (o2 \u003d\u003d null)) {\n        return 0;\n    }\n    if (o1 \u003d\u003d null) {\n        return -1;\n    }\n    if (o2 \u003d\u003d null) {\n        return 1;\n    }\n    if (o1.equals(o2)) {\n        return 0;\n    }\n    java.lang.Class clazz1 \u003d ((java.lang.Class) (o1));\n    java.lang.Class clazz2 \u003d ((java.lang.Class) (o2));\n    java.lang.Class\u003c?\u003e inf \u003d findSpi(clazz1);\n    org.apache.dubbo.common.extension.support.WrapperComparator.OrderInfo a1 \u003d parseOrder(clazz1);\n    org.apache.dubbo.common.extension.support.WrapperComparator.OrderInfo a2 \u003d parseOrder(clazz2);\n    int n1 \u003d (a1 \u003d\u003d null) ? 0 : a1.order;\n    int n2 \u003d (a2 \u003d\u003d null) ? 0 : a2.order;\n    return n1 \u003e n2 ? 1 : -1;\n}",
                "dst_parent": "null"
              },
              "line": 49,
              "file": "/home/khesoem/projects/lighter/exp/dubbo-common/src/main/java/org/apache/dubbo/common/extension/support/WrapperComparator.java",
              "stats": {
                "number_of_src_entities": 27,
                "number_of_dst_entities": -1,
                "src_entity_types": "[, java.lang.Class\u003c?\u003e, java.lang.Class, org.apache.dubbo.common.extension.support.WrapperComparator]",
                "dst_entity_types": "[]"
              }
            }
          ]
        },
        {
          "tool-name": "Arja",
          "pattern-name": "Arja:arja_shallow_change",
          "Unified_Diff_of-files:": "Starts Below...",
          "CHANGE_old:": "    private boolean asyncReferFinish \u003d true;",
          "CHANGE_new:": "    private volatile boolean asyncReferFinish \u003d true;",
          "instance_detail": [
            {
              "pattern_action": "ANY",
              "pattern_entity": {
                "entity_type": "Statement",
                "entity_new value": "*",
                "entity_role": "*",
                "entity_parent": "null"
              },
              "concrete_change": {
                "operator": "DEL",
                "src_type": "Invocation",
                "dst_type": "null",
                "src": "clazz.getInterfaces()",
                "dst": "null",
                "src_parent_type": "FieldRead",
                "dst_parent_type": "null",
                "src_parent": "(clazz.getInterfaces().length)",
                "dst_parent": "null"
              },
              "line": 61,
              "file": "/home/khesoem/projects/lighter/exp/dubbo-common/src/main/java/org/apache/dubbo/common/extension/support/WrapperComparator.java"
            }
          ]
        },
        {
          "tool-name": "Arja",
          "pattern-name": "Arja:arja_shallow_change",
          "Unified_Diff_of-files:": "Starts Below...",
          "CHANGE_old:": "    private boolean asyncReferFinish \u003d true;",
          "CHANGE_new:": "    private volatile boolean asyncReferFinish \u003d true;",
          "instance_detail": [
            {
              "pattern_action": "ANY",
              "pattern_entity": {
                "entity_type": "Statement",
                "entity_new value": "*",
                "entity_role": "*",
                "entity_parent": "null"
              },
              "concrete_change": {
                "operator": "DEL",
                "src_type": "Return",
                "dst_type": "null",
                "src": "return null",
                "dst": "null",
                "src_parent_type": "Block",
                "dst_parent_type": "null",
                "src_parent": "{\n    return null;\n}",
                "dst_parent": "null"
              },
              "line": 62,
              "file": "/home/khesoem/projects/lighter/exp/dubbo-common/src/main/java/org/apache/dubbo/common/extension/support/WrapperComparator.java"
            }
          ]
        },
        {
          "tool-name": "Arja",
          "pattern-name": "Arja:arja_shallow_change",
          "Unified_Diff_of-files:": "Starts Below...",
          "CHANGE_old:": "    private boolean asyncReferFinish \u003d true;",
          "CHANGE_new:": "    private volatile boolean asyncReferFinish \u003d true;",
          "instance_detail": [
            {
              "pattern_action": "ANY",
              "pattern_entity": {
                "entity_type": "Statement",
                "entity_new value": "*",
                "entity_role": "*",
                "entity_parent": "null"
              },
              "concrete_change": {
                "operator": "DEL",
                "src_type": "Block",
                "dst_type": "null",
                "src": "{\n    return null;\n}",
                "dst": "null",
                "src_parent_type": "If",
                "dst_parent_type": "null",
                "src_parent": "if ((clazz.getInterfaces().length) \u003d\u003d 0) {\n    return null;\n}",
                "dst_parent": "null"
              },
              "line": 61,
              "file": "/home/khesoem/projects/lighter/exp/dubbo-common/src/main/java/org/apache/dubbo/common/extension/support/WrapperComparator.java"
            }
          ]
        },
        {
          "tool-name": "Arja",
          "pattern-name": "Arja:arja_shallow_change",
          "Unified_Diff_of-files:": "Starts Below...",
          "CHANGE_old:": "    private boolean asyncReferFinish \u003d true;",
          "CHANGE_new:": "    private volatile boolean asyncReferFinish \u003d true;",
          "instance_detail": [
            {
              "pattern_action": "ANY",
              "pattern_entity": {
                "entity_type": "Statement",
                "entity_new value": "*",
                "entity_role": "*",
                "entity_parent": "null"
              },
              "concrete_change": {
                "operator": "DEL",
                "src_type": "If",
                "dst_type": "null",
                "src": "if ((clazz.getInterfaces().length) \u003d\u003d 0) {\n    return null;\n}",
                "dst": "null",
                "src_parent_type": "Block",
                "dst_parent_type": "null",
                "src_parent": "{\n    if ((clazz.getInterfaces().length) \u003d\u003d 0) {\n        return null;\n    }\n    for (java.lang.Class\u003c?\u003e intf : clazz.getInterfaces()) {\n        if (intf.isAnnotationPresent(org.apache.dubbo.common.extension.SPI.class)) {\n            return intf;\n        } else {\n            java.lang.Class result \u003d findSpi(intf);\n            if (result !\u003d null) {\n                return result;\n            }\n        }\n    }\n    return null;\n}",
                "dst_parent": "null"
              },
              "line": 61,
              "file": "/home/khesoem/projects/lighter/exp/dubbo-common/src/main/java/org/apache/dubbo/common/extension/support/WrapperComparator.java"
            }
          ]
        },
        {
          "tool-name": "Arja",
          "pattern-name": "Arja:arja_shallow_change",
          "Unified_Diff_of-files:": "Starts Below...",
          "CHANGE_old:": "    private boolean asyncReferFinish \u003d true;",
          "CHANGE_new:": "    private volatile boolean asyncReferFinish \u003d true;",
          "instance_detail": [
            {
              "pattern_action": "ANY",
              "pattern_entity": {
                "entity_type": "Statement",
                "entity_new value": "*",
                "entity_role": "*",
                "entity_parent": "null"
              },
              "concrete_change": {
                "operator": "DEL",
                "src_type": "LocalVariable",
                "dst_type": "null",
                "src": "java.lang.Class\u003c?\u003e intf",
                "dst": "null",
                "src_parent_type": "ForEach",
                "dst_parent_type": "null",
                "src_parent": "for (java.lang.Class\u003c?\u003e intf : clazz.getInterfaces()) {\n    if (intf.isAnnotationPresent(org.apache.dubbo.common.extension.SPI.class)) {\n        return intf;\n    } else {\n        java.lang.Class result \u003d findSpi(intf);\n        if (result !\u003d null) {\n            return result;\n        }\n    }\n}",
                "dst_parent": "null"
              },
              "line": 65,
              "file": "/home/khesoem/projects/lighter/exp/dubbo-common/src/main/java/org/apache/dubbo/common/extension/support/WrapperComparator.java"
            }
          ]
        },
        {
          "tool-name": "Arja",
          "pattern-name": "Arja:arja_shallow_change",
          "Unified_Diff_of-files:": "Starts Below...",
          "CHANGE_old:": "    private boolean asyncReferFinish \u003d true;",
          "CHANGE_new:": "    private volatile boolean asyncReferFinish \u003d true;",
          "instance_detail": [
            {
              "pattern_action": "ANY",
              "pattern_entity": {
                "entity_type": "Statement",
                "entity_new value": "*",
                "entity_role": "*",
                "entity_parent": "null"
              },
              "concrete_change": {
                "operator": "DEL",
                "src_type": "Invocation",
                "dst_type": "null",
                "src": "clazz.getInterfaces()",
                "dst": "null",
                "src_parent_type": "ForEach",
                "dst_parent_type": "null",
                "src_parent": "for (java.lang.Class\u003c?\u003e intf : clazz.getInterfaces()) {\n    if (intf.isAnnotationPresent(org.apache.dubbo.common.extension.SPI.class)) {\n        return intf;\n    } else {\n        java.lang.Class result \u003d findSpi(intf);\n        if (result !\u003d null) {\n            return result;\n        }\n    }\n}",
                "dst_parent": "null"
              },
              "line": 65,
              "file": "/home/khesoem/projects/lighter/exp/dubbo-common/src/main/java/org/apache/dubbo/common/extension/support/WrapperComparator.java"
            }
          ]
        },
        {
          "tool-name": "Arja",
          "pattern-name": "Arja:arja_shallow_change",
          "Unified_Diff_of-files:": "Starts Below...",
          "CHANGE_old:": "    private boolean asyncReferFinish \u003d true;",
          "CHANGE_new:": "    private volatile boolean asyncReferFinish \u003d true;",
          "instance_detail": [
            {
              "pattern_action": "ANY",
              "pattern_entity": {
                "entity_type": "Statement",
                "entity_new value": "*",
                "entity_role": "*",
                "entity_parent": "null"
              },
              "concrete_change": {
                "operator": "DEL",
                "src_type": "Invocation",
                "dst_type": "null",
                "src": "intf.isAnnotationPresent(org.apache.dubbo.common.extension.SPI.class)",
                "dst": "null",
                "src_parent_type": "If",
                "dst_parent_type": "null",
                "src_parent": "if (intf.isAnnotationPresent(org.apache.dubbo.common.extension.SPI.class)) {\n    return intf;\n} else {\n    java.lang.Class result \u003d findSpi(intf);\n    if (result !\u003d null) {\n        return result;\n    }\n}",
                "dst_parent": "null"
              },
              "line": 66,
              "file": "/home/khesoem/projects/lighter/exp/dubbo-common/src/main/java/org/apache/dubbo/common/extension/support/WrapperComparator.java"
            }
          ]
        },
        {
          "tool-name": "Arja",
          "pattern-name": "Arja:arja_shallow_change",
          "Unified_Diff_of-files:": "Starts Below...",
          "CHANGE_old:": "    private boolean asyncReferFinish \u003d true;",
          "CHANGE_new:": "    private volatile boolean asyncReferFinish \u003d true;",
          "instance_detail": [
            {
              "pattern_action": "ANY",
              "pattern_entity": {
                "entity_type": "Statement",
                "entity_new value": "*",
                "entity_role": "*",
                "entity_parent": "null"
              },
              "concrete_change": {
                "operator": "DEL",
                "src_type": "Return",
                "dst_type": "null",
                "src": "return intf",
                "dst": "null",
                "src_parent_type": "Block",
                "dst_parent_type": "null",
                "src_parent": "{\n    return intf;\n}",
                "dst_parent": "null"
              },
              "line": 67,
              "file": "/home/khesoem/projects/lighter/exp/dubbo-common/src/main/java/org/apache/dubbo/common/extension/support/WrapperComparator.java"
            }
          ]
        },
        {
          "tool-name": "Arja",
          "pattern-name": "Arja:arja_shallow_change",
          "Unified_Diff_of-files:": "Starts Below...",
          "CHANGE_old:": "    private boolean asyncReferFinish \u003d true;",
          "CHANGE_new:": "    private volatile boolean asyncReferFinish \u003d true;",
          "instance_detail": [
            {
              "pattern_action": "ANY",
              "pattern_entity": {
                "entity_type": "Statement",
                "entity_new value": "*",
                "entity_role": "*",
                "entity_parent": "null"
              },
              "concrete_change": {
                "operator": "DEL",
                "src_type": "Block",
                "dst_type": "null",
                "src": "{\n    return intf;\n}",
                "dst": "null",
                "src_parent_type": "If",
                "dst_parent_type": "null",
                "src_parent": "if (intf.isAnnotationPresent(org.apache.dubbo.common.extension.SPI.class)) {\n    return intf;\n} else {\n    java.lang.Class result \u003d findSpi(intf);\n    if (result !\u003d null) {\n        return result;\n    }\n}",
                "dst_parent": "null"
              },
              "line": 66,
              "file": "/home/khesoem/projects/lighter/exp/dubbo-common/src/main/java/org/apache/dubbo/common/extension/support/WrapperComparator.java"
            }
          ]
        },
        {
          "tool-name": "Arja",
          "pattern-name": "Arja:arja_shallow_change",
          "Unified_Diff_of-files:": "Starts Below...",
          "CHANGE_old:": "    private boolean asyncReferFinish \u003d true;",
          "CHANGE_new:": "    private volatile boolean asyncReferFinish \u003d true;",
          "instance_detail": [
            {
              "pattern_action": "ANY",
              "pattern_entity": {
                "entity_type": "Statement",
                "entity_new value": "*",
                "entity_role": "*",
                "entity_parent": "null"
              },
              "concrete_change": {
                "operator": "DEL",
                "src_type": "Invocation",
                "dst_type": "null",
                "src": "findSpi(intf)",
                "dst": "null",
                "src_parent_type": "LocalVariable",
                "dst_parent_type": "null",
                "src_parent": "java.lang.Class result \u003d findSpi(intf)",
                "dst_parent": "null"
              },
              "line": 69,
              "file": "/home/khesoem/projects/lighter/exp/dubbo-common/src/main/java/org/apache/dubbo/common/extension/support/WrapperComparator.java"
            }
          ]
        },
        {
          "tool-name": "Arja",
          "pattern-name": "Arja:arja_shallow_change",
          "Unified_Diff_of-files:": "Starts Below...",
          "CHANGE_old:": "    private boolean asyncReferFinish \u003d true;",
          "CHANGE_new:": "    private volatile boolean asyncReferFinish \u003d true;",
          "instance_detail": [
            {
              "pattern_action": "ANY",
              "pattern_entity": {
                "entity_type": "Statement",
                "entity_new value": "*",
                "entity_role": "*",
                "entity_parent": "null"
              },
              "concrete_change": {
                "operator": "DEL",
                "src_type": "LocalVariable",
                "dst_type": "null",
                "src": "java.lang.Class result \u003d findSpi(intf)",
                "dst": "null",
                "src_parent_type": "Block",
                "dst_parent_type": "null",
                "src_parent": "{\n    java.lang.Class result \u003d findSpi(intf);\n    if (result !\u003d null) {\n        return result;\n    }\n}",
                "dst_parent": "null"
              },
              "line": 69,
              "file": "/home/khesoem/projects/lighter/exp/dubbo-common/src/main/java/org/apache/dubbo/common/extension/support/WrapperComparator.java"
            }
          ]
        },
        {
          "tool-name": "Arja",
          "pattern-name": "Arja:arja_shallow_change",
          "Unified_Diff_of-files:": "Starts Below...",
          "CHANGE_old:": "    private boolean asyncReferFinish \u003d true;",
          "CHANGE_new:": "    private volatile boolean asyncReferFinish \u003d true;",
          "instance_detail": [
            {
              "pattern_action": "ANY",
              "pattern_entity": {
                "entity_type": "Statement",
                "entity_new value": "*",
                "entity_role": "*",
                "entity_parent": "null"
              },
              "concrete_change": {
                "operator": "DEL",
                "src_type": "Return",
                "dst_type": "null",
                "src": "return result",
                "dst": "null",
                "src_parent_type": "Block",
                "dst_parent_type": "null",
                "src_parent": "{\n    return result;\n}",
                "dst_parent": "null"
              },
              "line": 71,
              "file": "/home/khesoem/projects/lighter/exp/dubbo-common/src/main/java/org/apache/dubbo/common/extension/support/WrapperComparator.java"
            }
          ]
        },
        {
          "tool-name": "Arja",
          "pattern-name": "Arja:arja_shallow_change",
          "Unified_Diff_of-files:": "Starts Below...",
          "CHANGE_old:": "    private boolean asyncReferFinish \u003d true;",
          "CHANGE_new:": "    private volatile boolean asyncReferFinish \u003d true;",
          "instance_detail": [
            {
              "pattern_action": "ANY",
              "pattern_entity": {
                "entity_type": "Statement",
                "entity_new value": "*",
                "entity_role": "*",
                "entity_parent": "null"
              },
              "concrete_change": {
                "operator": "DEL",
                "src_type": "Block",
                "dst_type": "null",
                "src": "{\n    return result;\n}",
                "dst": "null",
                "src_parent_type": "If",
                "dst_parent_type": "null",
                "src_parent": "if (result !\u003d null) {\n    return result;\n}",
                "dst_parent": "null"
              },
              "line": 70,
              "file": "/home/khesoem/projects/lighter/exp/dubbo-common/src/main/java/org/apache/dubbo/common/extension/support/WrapperComparator.java"
            }
          ]
        },
        {
          "tool-name": "Arja",
          "pattern-name": "Arja:arja_shallow_change",
          "Unified_Diff_of-files:": "Starts Below...",
          "CHANGE_old:": "    private boolean asyncReferFinish \u003d true;",
          "CHANGE_new:": "    private volatile boolean asyncReferFinish \u003d true;",
          "instance_detail": [
            {
              "pattern_action": "ANY",
              "pattern_entity": {
                "entity_type": "Statement",
                "entity_new value": "*",
                "entity_role": "*",
                "entity_parent": "null"
              },
              "concrete_change": {
                "operator": "DEL",
                "src_type": "If",
                "dst_type": "null",
                "src": "if (result !\u003d null) {\n    return result;\n}",
                "dst": "null",
                "src_parent_type": "Block",
                "dst_parent_type": "null",
                "src_parent": "{\n    java.lang.Class result \u003d findSpi(intf);\n    if (result !\u003d null) {\n        return result;\n    }\n}",
                "dst_parent": "null"
              },
              "line": 70,
              "file": "/home/khesoem/projects/lighter/exp/dubbo-common/src/main/java/org/apache/dubbo/common/extension/support/WrapperComparator.java"
            }
          ]
        },
        {
          "tool-name": "Arja",
          "pattern-name": "Arja:arja_shallow_change",
          "Unified_Diff_of-files:": "Starts Below...",
          "CHANGE_old:": "    private boolean asyncReferFinish \u003d true;",
          "CHANGE_new:": "    private volatile boolean asyncReferFinish \u003d true;",
          "instance_detail": [
            {
              "pattern_action": "ANY",
              "pattern_entity": {
                "entity_type": "Statement",
                "entity_new value": "*",
                "entity_role": "*",
                "entity_parent": "null"
              },
              "concrete_change": {
                "operator": "DEL",
                "src_type": "Block",
                "dst_type": "null",
                "src": "{\n    java.lang.Class result \u003d findSpi(intf);\n    if (result !\u003d null) {\n        return result;\n    }\n}",
                "dst": "null",
                "src_parent_type": "If",
                "dst_parent_type": "null",
                "src_parent": "if (intf.isAnnotationPresent(org.apache.dubbo.common.extension.SPI.class)) {\n    return intf;\n} else {\n    java.lang.Class result \u003d findSpi(intf);\n    if (result !\u003d null) {\n        return result;\n    }\n}",
                "dst_parent": "null"
              },
              "line": 68,
              "file": "/home/khesoem/projects/lighter/exp/dubbo-common/src/main/java/org/apache/dubbo/common/extension/support/WrapperComparator.java"
            }
          ]
        },
        {
          "tool-name": "Arja",
          "pattern-name": "Arja:arja_shallow_change",
          "Unified_Diff_of-files:": "Starts Below...",
          "CHANGE_old:": "    private boolean asyncReferFinish \u003d true;",
          "CHANGE_new:": "    private volatile boolean asyncReferFinish \u003d true;",
          "instance_detail": [
            {
              "pattern_action": "ANY",
              "pattern_entity": {
                "entity_type": "Statement",
                "entity_new value": "*",
                "entity_role": "*",
                "entity_parent": "null"
              },
              "concrete_change": {
                "operator": "DEL",
                "src_type": "If",
                "dst_type": "null",
                "src": "if (intf.isAnnotationPresent(org.apache.dubbo.common.extension.SPI.class)) {\n    return intf;\n} else {\n    java.lang.Class result \u003d findSpi(intf);\n    if (result !\u003d null) {\n        return result;\n    }\n}",
                "dst": "null",
                "src_parent_type": "Block",
                "dst_parent_type": "null",
                "src_parent": "{\n    if (intf.isAnnotationPresent(org.apache.dubbo.common.extension.SPI.class)) {\n        return intf;\n    } else {\n        java.lang.Class result \u003d findSpi(intf);\n        if (result !\u003d null) {\n            return result;\n        }\n    }\n}",
                "dst_parent": "null"
              },
              "line": 66,
              "file": "/home/khesoem/projects/lighter/exp/dubbo-common/src/main/java/org/apache/dubbo/common/extension/support/WrapperComparator.java"
            }
          ]
        },
        {
          "tool-name": "Arja",
          "pattern-name": "Arja:arja_shallow_change",
          "Unified_Diff_of-files:": "Starts Below...",
          "CHANGE_old:": "    private boolean asyncReferFinish \u003d true;",
          "CHANGE_new:": "    private volatile boolean asyncReferFinish \u003d true;",
          "instance_detail": [
            {
              "pattern_action": "ANY",
              "pattern_entity": {
                "entity_type": "Statement",
                "entity_new value": "*",
                "entity_role": "*",
                "entity_parent": "null"
              },
              "concrete_change": {
                "operator": "DEL",
                "src_type": "ForEach",
                "dst_type": "null",
                "src": "for (java.lang.Class\u003c?\u003e intf : clazz.getInterfaces()) {\n    if (intf.isAnnotationPresent(org.apache.dubbo.common.extension.SPI.class)) {\n        return intf;\n    } else {\n        java.lang.Class result \u003d findSpi(intf);\n        if (result !\u003d null) {\n            return result;\n        }\n    }\n}",
                "dst": "null",
                "src_parent_type": "Block",
                "dst_parent_type": "null",
                "src_parent": "{\n    if ((clazz.getInterfaces().length) \u003d\u003d 0) {\n        return null;\n    }\n    for (java.lang.Class\u003c?\u003e intf : clazz.getInterfaces()) {\n        if (intf.isAnnotationPresent(org.apache.dubbo.common.extension.SPI.class)) {\n            return intf;\n        } else {\n            java.lang.Class result \u003d findSpi(intf);\n            if (result !\u003d null) {\n                return result;\n            }\n        }\n    }\n    return null;\n}",
                "dst_parent": "null"
              },
              "line": 65,
              "file": "/home/khesoem/projects/lighter/exp/dubbo-common/src/main/java/org/apache/dubbo/common/extension/support/WrapperComparator.java"
            }
          ]
        },
        {
          "tool-name": "Arja",
          "pattern-name": "Arja:arja_shallow_change",
          "Unified_Diff_of-files:": "Starts Below...",
          "CHANGE_old:": "    private boolean asyncReferFinish \u003d true;",
          "CHANGE_new:": "    private volatile boolean asyncReferFinish \u003d true;",
          "instance_detail": [
            {
              "pattern_action": "ANY",
              "pattern_entity": {
                "entity_type": "Statement",
                "entity_new value": "*",
                "entity_role": "*",
                "entity_parent": "null"
              },
              "concrete_change": {
                "operator": "DEL",
                "src_type": "Return",
                "dst_type": "null",
                "src": "return null",
                "dst": "null",
                "src_parent_type": "Block",
                "dst_parent_type": "null",
                "src_parent": "{\n    if ((clazz.getInterfaces().length) \u003d\u003d 0) {\n        return null;\n    }\n    for (java.lang.Class\u003c?\u003e intf : clazz.getInterfaces()) {\n        if (intf.isAnnotationPresent(org.apache.dubbo.common.extension.SPI.class)) {\n            return intf;\n        } else {\n            java.lang.Class result \u003d findSpi(intf);\n            if (result !\u003d null) {\n                return result;\n            }\n        }\n    }\n    return null;\n}",
                "dst_parent": "null"
              },
              "line": 76,
              "file": "/home/khesoem/projects/lighter/exp/dubbo-common/src/main/java/org/apache/dubbo/common/extension/support/WrapperComparator.java"
            }
          ]
        }
      ]
    }
  ],
  "complete_analysis": true
}