{
  "instances": [
    {
      "revision": "80abc0126a191add00c8dc70c6bcb6cf845b1028",
      "repairability": [
        {
          "tool-name": "Cardumen",
          "pattern-name": "Cardumen:expression_replacement_by_del_ins",
          "Unified_Diff_of-files:": "Starts Below...",
          "CHANGE_old:": "        info.addFilter(new FilterInfo(\"PippoFilter\", PippoFilter.class, new ImmediateInstanceFactory\u0026lt;\u0026gt;(pippoFilter)));",
          "CHANGE_new:": "        info.addFilter(new FilterInfo(\"PippoFilter\", PippoFilter.class, new ImmediateInstanceFactory\u0026lt;\u0026gt;(getPippoFilter())));",
          "instance_detail": [
            {
              "pattern_action": "DEL",
              "pattern_entity": {
                "entity_type": "Expression",
                "entity_new value": "*",
                "entity_role": "*",
                "entity_parent": "null"
              },
              "concrete_change": {
                "operator": "DEL",
                "src_type": "FieldRead",
                "dst_type": "null",
                "src": "pippoFilter",
                "dst": "null",
                "src_parent_type": "Invocation",
                "dst_parent_type": "null",
                "src_parent": "pippoFilter.getApplication()",
                "dst_parent": "null"
              },
              "line": 169,
              "file": "/home/khesoem/projects/lighter/exp/pippo-server-parent/pippo-jetty/src/main/java/ro/pippo/jetty/JettyServer.java",
              "stats": {
                "number_of_src_entities": 4,
                "number_of_dst_entities": -1,
                "src_entity_types": "[]",
                "dst_entity_types": "[]"
              }
            },
            {
              "pattern_action": "INS",
              "pattern_entity": {
                "entity_type": "Expression",
                "entity_new value": "*",
                "entity_role": "*",
                "entity_parent": "null"
              },
              "concrete_change": {
                "operator": "INS",
                "src_type": "TypeAccess",
                "dst_type": "null",
                "src": "ro.pippo.jetty.JettyServer",
                "dst": "null",
                "src_parent_type": "ThisAccess",
                "dst_parent_type": "null",
                "src_parent": "",
                "dst_parent": "null"
              },
              "stats": {
                "number_of_src_entities": 3,
                "number_of_dst_entities": -1,
                "src_entity_types": "[ro.pippo.jetty.JettyServer]",
                "dst_entity_types": "[]"
              }
            }
          ]
        },
        {
          "tool-name": "Cardumen",
          "pattern-name": "Cardumen:expression_replacement_by_del_ins",
          "Unified_Diff_of-files:": "Starts Below...",
          "CHANGE_old:": "        info.addFilter(new FilterInfo(\"PippoFilter\", PippoFilter.class, new ImmediateInstanceFactory\u0026lt;\u0026gt;(pippoFilter)));",
          "CHANGE_new:": "        info.addFilter(new FilterInfo(\"PippoFilter\", PippoFilter.class, new ImmediateInstanceFactory\u0026lt;\u0026gt;(getPippoFilter())));",
          "instance_detail": [
            {
              "pattern_action": "DEL",
              "pattern_entity": {
                "entity_type": "Expression",
                "entity_new value": "*",
                "entity_role": "*",
                "entity_parent": "null"
              },
              "concrete_change": {
                "operator": "DEL",
                "src_type": "FieldRead",
                "dst_type": "null",
                "src": "pippoFilter",
                "dst": "null",
                "src_parent_type": "Invocation",
                "dst_parent_type": "null",
                "src_parent": "pippoFilter.getApplication()",
                "dst_parent": "null"
              },
              "line": 190,
              "file": "/home/khesoem/projects/lighter/exp/pippo-server-parent/pippo-jetty/src/main/java/ro/pippo/jetty/JettyServer.java",
              "stats": {
                "number_of_src_entities": 4,
                "number_of_dst_entities": -1,
                "src_entity_types": "[]",
                "dst_entity_types": "[]"
              }
            },
            {
              "pattern_action": "INS",
              "pattern_entity": {
                "entity_type": "Expression",
                "entity_new value": "*",
                "entity_role": "*",
                "entity_parent": "null"
              },
              "concrete_change": {
                "operator": "INS",
                "src_type": "TypeAccess",
                "dst_type": "null",
                "src": "ro.pippo.jetty.JettyServer",
                "dst": "null",
                "src_parent_type": "ThisAccess",
                "dst_parent_type": "null",
                "src_parent": "",
                "dst_parent": "null"
              },
              "stats": {
                "number_of_src_entities": 3,
                "number_of_dst_entities": -1,
                "src_entity_types": "[ro.pippo.jetty.JettyServer]",
                "dst_entity_types": "[]"
              }
            }
          ]
        }
      ]
    },
    {
      "revision": "80abc0126a191add00c8dc70c6bcb6cf845b1028",
      "repairability": [
        {
          "tool-name": "Cardumen",
          "pattern-name": "Cardumen:expression_replacement_by_del_ins",
          "Unified_Diff_of-files:": "Starts Below...",
          "CHANGE_old:": "        info.addFilter(new FilterInfo(\"PippoFilter\", PippoFilter.class, new ImmediateInstanceFactory\u0026lt;\u0026gt;(pippoFilter)));",
          "CHANGE_new:": "        info.addFilter(new FilterInfo(\"PippoFilter\", PippoFilter.class, new ImmediateInstanceFactory\u0026lt;\u0026gt;(getPippoFilter())));",
          "instance_detail": [
            {
              "pattern_action": "DEL",
              "pattern_entity": {
                "entity_type": "Expression",
                "entity_new value": "*",
                "entity_role": "*",
                "entity_parent": "null"
              },
              "concrete_change": {
                "operator": "DEL",
                "src_type": "FieldRead",
                "dst_type": "null",
                "src": "pippoFilter",
                "dst": "null",
                "src_parent_type": "Invocation",
                "dst_parent_type": "null",
                "src_parent": "pippoFilter.getApplication()",
                "dst_parent": "null"
              },
              "line": 174,
              "file": "/home/khesoem/projects/lighter/exp/pippo-server-parent/pippo-undertow/src/main/java/ro/pippo/undertow/UndertowServer.java",
              "stats": {
                "number_of_src_entities": 4,
                "number_of_dst_entities": -1,
                "src_entity_types": "[]",
                "dst_entity_types": "[]"
              }
            },
            {
              "pattern_action": "INS",
              "pattern_entity": {
                "entity_type": "Expression",
                "entity_new value": "*",
                "entity_role": "*",
                "entity_parent": "null"
              },
              "concrete_change": {
                "operator": "INS",
                "src_type": "TypeAccess",
                "dst_type": "null",
                "src": "ro.pippo.undertow.UndertowServer",
                "dst": "null",
                "src_parent_type": "ThisAccess",
                "dst_parent_type": "null",
                "src_parent": "",
                "dst_parent": "null"
              },
              "stats": {
                "number_of_src_entities": 3,
                "number_of_dst_entities": -1,
                "src_entity_types": "[ro.pippo.undertow.UndertowServer]",
                "dst_entity_types": "[]"
              }
            }
          ]
        },
        {
          "tool-name": "Cardumen",
          "pattern-name": "Cardumen:expression_replacement_by_del_ins",
          "Unified_Diff_of-files:": "Starts Below...",
          "CHANGE_old:": "        info.addFilter(new FilterInfo(\"PippoFilter\", PippoFilter.class, new ImmediateInstanceFactory\u0026lt;\u0026gt;(pippoFilter)));",
          "CHANGE_new:": "        info.addFilter(new FilterInfo(\"PippoFilter\", PippoFilter.class, new ImmediateInstanceFactory\u0026lt;\u0026gt;(getPippoFilter())));",
          "instance_detail": [
            {
              "pattern_action": "DEL",
              "pattern_entity": {
                "entity_type": "Expression",
                "entity_new value": "*",
                "entity_role": "*",
                "entity_parent": "null"
              },
              "concrete_change": {
                "operator": "DEL",
                "src_type": "FieldRead",
                "dst_type": "null",
                "src": "pippoFilter",
                "dst": "null",
                "src_parent_type": "Invocation",
                "dst_parent_type": "null",
                "src_parent": "pippoFilter.getApplication()",
                "dst_parent": "null"
              },
              "line": 199,
              "file": "/home/khesoem/projects/lighter/exp/pippo-server-parent/pippo-undertow/src/main/java/ro/pippo/undertow/UndertowServer.java",
              "stats": {
                "number_of_src_entities": 4,
                "number_of_dst_entities": -1,
                "src_entity_types": "[]",
                "dst_entity_types": "[]"
              }
            },
            {
              "pattern_action": "INS",
              "pattern_entity": {
                "entity_type": "Expression",
                "entity_new value": "*",
                "entity_role": "*",
                "entity_parent": "null"
              },
              "concrete_change": {
                "operator": "INS",
                "src_type": "TypeAccess",
                "dst_type": "null",
                "src": "ro.pippo.undertow.UndertowServer",
                "dst": "null",
                "src_parent_type": "ThisAccess",
                "dst_parent_type": "null",
                "src_parent": "",
                "dst_parent": "null"
              },
              "stats": {
                "number_of_src_entities": 3,
                "number_of_dst_entities": -1,
                "src_entity_types": "[ro.pippo.undertow.UndertowServer]",
                "dst_entity_types": "[]"
              }
            }
          ]
        }
      ]
    }
  ],
  "complete_analysis": true
}