{
  "instances": [
    {
      "revision": "3f27b50e4f0a0f4c632892ba7a5eceedee3ca10e",
      "repairability": [
        {
          "tool-name": "Cardumen",
          "pattern-name": "Cardumen:expression_replacement_by_upd",
          "Unified_Diff_of-files:": "Starts Below...",
          "CHANGE_old:": "import com.mitchellbosecke.pebble.extension.Function;",
          "CHANGE_new:": "import java.util.Map;",
          "INSERT:": "",
          "instance_detail": [
            {
              "pattern_action": "UPD",
              "pattern_entity": {
                "entity_type": "Expression",
                "entity_new value": "*",
                "entity_role": "*",
                "entity_parent": "null"
              },
              "concrete_change": {
                "operator": "UPD",
                "src_type": "TypeAccess",
                "dst_type": "TypeAccess",
                "src": "com.google.common.base.Strings",
                "dst": "ro.pippo.core.util.StringUtils",
                "src_parent_type": "Invocation",
                "dst_parent_type": "Invocation",
                "src_parent": "com.google.common.base.Strings.isNullOrEmpty(localePart)",
                "dst_parent": "ro.pippo.core.util.StringUtils.isNullOrEmpty(localePart)"
              },
              "line": 180,
              "file": "/home/khesoem/projects/lighter/exp/pippo-template-parent/pippo-pebble/src/main/java/ro/pippo/pebble/PebbleTemplateEngine.java",
              "stats": {
                "number_of_src_entities": 3,
                "number_of_dst_entities": 3,
                "src_entity_types": "[com.google.common.base.Strings]",
                "dst_entity_types": "[ro.pippo.core.util.StringUtils]"
              }
            }
          ]
        }
      ]
    },
    {
      "revision": "3f27b50e4f0a0f4c632892ba7a5eceedee3ca10e",
      "repairability": [
        {
          "tool-name": "Cardumen",
          "pattern-name": "Cardumen:expression_replacement_by_upd",
          "Unified_Diff_of-files:": "Starts Below...",
          "CHANGE_old:": "import com.mitchellbosecke.pebble.extension.Function;",
          "CHANGE_new:": "import java.util.Map;",
          "INSERT:": "",
          "instance_detail": [
            {
              "pattern_action": "UPD",
              "pattern_entity": {
                "entity_type": "Expression",
                "entity_new value": "*",
                "entity_role": "*",
                "entity_parent": "null"
              },
              "concrete_change": {
                "operator": "UPD",
                "src_type": "TypeAccess",
                "dst_type": "TypeAccess",
                "src": "com.google.common.cache.CacheBuilder",
                "dst": "java.util.Collections",
                "src_parent_type": "Invocation",
                "dst_parent_type": "Invocation",
                "src_parent": "com.google.common.cache.CacheBuilder.newBuilder()",
                "dst_parent": "java.util.Collections.synchronizedMap(new ro.pippo.pebble.PrettyTimeExtension.LRUHashMap(10))"
              },
              "line": 41,
              "file": "/home/khesoem/projects/lighter/exp/pippo-template-parent/pippo-pebble/src/main/java/ro/pippo/pebble/PrettyTimeExtension.java",
              "stats": {
                "number_of_src_entities": 3,
                "number_of_dst_entities": 3,
                "src_entity_types": "[com.google.common.cache.CacheBuilder]",
                "dst_entity_types": "[java.util.Collections]"
              }
            }
          ]
        },
        {
          "tool-name": "Cardumen",
          "pattern-name": "Cardumen:expression_replacement_by_del_ins",
          "Unified_Diff_of-files:": "Starts Below...",
          "CHANGE_old:": "import com.mitchellbosecke.pebble.extension.Function;",
          "CHANGE_new:": "import java.util.Map;",
          "INSERT:": "",
          "instance_detail": [
            {
              "pattern_action": "DEL",
              "pattern_entity": {
                "entity_type": "Expression",
                "entity_new value": "*",
                "entity_role": "*",
                "entity_parent": "null"
              },
              "concrete_change": {
                "operator": "DEL",
                "src_type": "ThisAccess",
                "dst_type": "null",
                "src": "this",
                "dst": "null",
                "src_parent_type": "FieldWrite",
                "dst_parent_type": "null",
                "src_parent": "this.prettyTimeCache",
                "dst_parent": "null"
              },
              "line": 41,
              "file": "/home/khesoem/projects/lighter/exp/pippo-template-parent/pippo-pebble/src/main/java/ro/pippo/pebble/PrettyTimeExtension.java",
              "stats": {
                "number_of_src_entities": 6,
                "number_of_dst_entities": -1,
                "src_entity_types": "[ro.pippo.pebble.PrettyTimeExtension]",
                "dst_entity_types": "[]"
              }
            },
            {
              "pattern_action": "INS",
              "pattern_entity": {
                "entity_type": "Expression",
                "entity_new value": "*",
                "entity_role": "*",
                "entity_parent": "null"
              },
              "concrete_change": {
                "operator": "INS",
                "src_type": "TypeAccess",
                "dst_type": "null",
                "src": "ro.pippo.pebble.PrettyTimeExtension",
                "dst": "null",
                "src_parent_type": "ThisAccess",
                "dst_parent_type": "null",
                "src_parent": "",
                "dst_parent": "null"
              },
              "stats": {
                "number_of_src_entities": 3,
                "number_of_dst_entities": -1,
                "src_entity_types": "[ro.pippo.pebble.PrettyTimeExtension]",
                "dst_entity_types": "[]"
              }
            }
          ]
        }
      ]
    },
    {
      "revision": "3f27b50e4f0a0f4c632892ba7a5eceedee3ca10e",
      "repairability": [
        {
          "tool-name": "Cardumen",
          "pattern-name": "Cardumen:expression_replacement_by_del_ins",
          "Unified_Diff_of-files:": "Starts Below...",
          "CHANGE_old:": "import com.mitchellbosecke.pebble.extension.Function;",
          "CHANGE_new:": "import java.util.Map;",
          "INSERT:": "",
          "instance_detail": [
            {
              "pattern_action": "DEL",
              "pattern_entity": {
                "entity_type": "Expression",
                "entity_new value": "*",
                "entity_role": "*",
                "entity_parent": "null"
              },
              "concrete_change": {
                "operator": "DEL",
                "src_type": "Invocation",
                "dst_type": "null",
                "src": "com.google.common.collect.Lists.newArrayList()",
                "dst": "null",
                "src_parent_type": "LocalVariable",
                "dst_parent_type": "null",
                "src_parent": "java.util.List\u003cjava.lang.Object\u003e messageArgs \u003d com.google.common.collect.Lists.newArrayList()",
                "dst_parent": "null"
              },
              "line": 72,
              "file": "/home/khesoem/projects/lighter/exp/pippo-template-parent/pippo-pebble/src/main/java/ro/pippo/pebble/I18nExtension.java",
              "stats": {
                "number_of_src_entities": 11,
                "number_of_dst_entities": -1,
                "src_entity_types": "[com.google.common.collect.Lists]",
                "dst_entity_types": "[]"
              }
            },
            {
              "pattern_action": "INS",
              "pattern_entity": {
                "entity_type": "Expression",
                "entity_new value": "*",
                "entity_role": "*",
                "entity_parent": "null"
              },
              "concrete_change": {
                "operator": "INS",
                "src_type": "ConstructorCall",
                "dst_type": "null",
                "src": "new java.util.ArrayList\u003c\u003e()",
                "dst": "null",
                "src_parent_type": "LocalVariable",
                "dst_parent_type": "null",
                "src_parent": "java.util.List\u003cjava.lang.Object\u003e messageArgs \u003d new java.util.ArrayList\u003c\u003e()",
                "dst_parent": "null"
              },
              "line": 71,
              "file": "/home/khesoem/projects/lighter/exp/pippo-template-parent/pippo-pebble/src/main/java/ro/pippo/pebble/I18nExtension.java",
              "stats": {
                "number_of_src_entities": 8,
                "number_of_dst_entities": -1,
                "src_entity_types": "[java.util.ArrayList]",
                "dst_entity_types": "[]"
              }
            }
          ]
        }
      ]
    }
  ],
  "complete_analysis": true
}