{
  "instances": [
    {
      "revision": "05473bd6da86170d38b579355dbab6fead0da589",
      "repairability": [
        {
          "tool-name": "Cardumen",
          "pattern-name": "Cardumen:expression_replacement_by_del_ins",
          "Unified_Diff_of-files:": "Starts Below...",
          "DELETE:": "",
          "INSERT:": "",
          "instance_detail": [
            {
              "pattern_action": "DEL",
              "pattern_entity": {
                "entity_type": "Expression",
                "entity_new value": "*",
                "entity_role": "*",
                "entity_parent": "null"
              },
              "concrete_change": {
                "operator": "DEL",
                "src_type": "ConstructorCall",
                "dst_type": "null",
                "src": "new ro.pippo.core.route.FileResourceHandler(\"/src\", \"src\")",
                "dst": "null",
                "src_parent_type": "Invocation",
                "dst_parent_type": "null",
                "src_parent": "GET(new ro.pippo.core.route.FileResourceHandler(\"/src\", \"src\"))",
                "dst_parent": "null"
              },
              "line": 164,
              "file": "/home/khesoem/projects/lighter/exp/pippo-demo/pippo-demo-basic/src/main/java/ro/pippo/demo/basic/BasicApplication.java"
            },
            {
              "pattern_action": "INS",
              "pattern_entity": {
                "entity_type": "Expression",
                "entity_new value": "*",
                "entity_role": "*",
                "entity_parent": "null"
              },
              "concrete_change": {
                "operator": "INS",
                "src_type": "Literal",
                "dst_type": "null",
                "src": "\"/src\"",
                "dst": "null",
                "src_parent_type": "Invocation",
                "dst_parent_type": "null",
                "src_parent": "addFileRoute(\"/src\", \"src\")",
                "dst_parent": "null"
              },
              "line": 44,
              "file": "/home/khesoem/projects/lighter/exp/pippo-demo/pippo-demo-basic/src/main/java/ro/pippo/demo/basic/BasicApplication.java"
            }
          ]
        }
      ]
    }
  ],
  "complete_analysis": true
}