{
  "instances": [
    {
      "revision": "1a64ab2357573700c780d4123a548a399ce9b870",
      "repairability": [
        {
          "tool-name": "Arja",
          "pattern-name": "Arja:arja_shallow_change",
          "Unified_Diff_of-files:": "Starts Below...",
          "DELETE:": "",
          "instance_detail": [
            {
              "pattern_action": "ANY",
              "pattern_entity": {
                "entity_type": "Statement",
                "entity_new value": "*",
                "entity_role": "*",
                "entity_parent": "null"
              },
              "concrete_change": {
                "operator": "DEL",
                "src_type": "If",
                "dst_type": "null",
                "src": "if (isIsolateInternalQueries) {\n    isIsolateInternalQueries \u003d ((connectionInitSql) !\u003d null) || ((connectionTestQuery) !\u003d null);\n}",
                "dst": "null",
                "src_parent_type": "Block",
                "dst_parent_type": "null",
                "src_parent": "{\n    validateNumerics();\n    catalog \u003d getNullIfEmpty(catalog);\n    connectionInitSql \u003d getNullIfEmpty(connectionInitSql);\n    connectionTestQuery \u003d getNullIfEmpty(connectionTestQuery);\n    transactionIsolationName \u003d getNullIfEmpty(transactionIsolationName);\n    dataSourceClassName \u003d getNullIfEmpty(dataSourceClassName);\n    dataSourceJndiName \u003d getNullIfEmpty(dataSourceJndiName);\n    driverClassName \u003d getNullIfEmpty(driverClassName);\n    jdbcUrl \u003d getNullIfEmpty(jdbcUrl);\n    if ((poolName) \u003d\u003d null) {\n        poolName \u003d \"HikariPool-\" + (com.zaxxer.hikari.HikariConfig.POOL_NUMBER.getAndIncrement());\n    }\n    if ((poolName.contains(\":\")) \u0026\u0026 (isRegisterMbeans)) {\n        throw new java.lang.IllegalArgumentException(\"poolName cannot contain \u0027:\u0027 when used with JMX\");\n    }\n    if ((dataSource) !\u003d null) {\n        if ((dataSourceClassName) !\u003d null) {\n            com.zaxxer.hikari.HikariConfig.LOGGER.warn(\"using dataSource and ignoring dataSourceClassName\");\n        }\n    } else\n        if ((dataSourceClassName) !\u003d null) {\n            if ((driverClassName) !\u003d null) {\n                com.zaxxer.hikari.HikariConfig.LOGGER.error(\"cannot use driverClassName and dataSourceClassName together\");\n                throw new java.lang.IllegalArgumentException(\"cannot use driverClassName and dataSourceClassName together\");\n            } else\n                if ((jdbcUrl) !\u003d null) {\n                    com.zaxxer.hikari.HikariConfig.LOGGER.warn(\"using dataSourceClassName and ignoring jdbcUrl\");\n                }\n\n        } else\n            if ((jdbcUrl) !\u003d null) {\n            } else\n                if ((driverClassName) !\u003d null) {\n                    com.zaxxer.hikari.HikariConfig.LOGGER.error(\"jdbcUrl is required with driverClassName\");\n                    throw new java.lang.IllegalArgumentException(\"jdbcUrl is required with driverClassName\");\n                } else {\n                    com.zaxxer.hikari.HikariConfig.LOGGER.error(\"{} - dataSource or dataSourceClassName or jdbcUrl is required.\", poolName);\n                    throw new java.lang.IllegalArgumentException(\"dataSource or dataSourceClassName or jdbcUrl is required.\");\n                }\n\n\n\n    if (isIsolateInternalQueries) {\n        isIsolateInternalQueries \u003d ((connectionInitSql) !\u003d null) || ((connectionTestQuery) !\u003d null);\n    }\n    if ((com.zaxxer.hikari.HikariConfig.LOGGER.isDebugEnabled()) || (com.zaxxer.hikari.HikariConfig.unitTest)) {\n        logConfiguration();\n    }\n}",
                "dst_parent": "null"
              },
              "line": 809,
              "file": "/home/khesoem/projects/lighter/exp/src/main/java/com/zaxxer/hikari/HikariConfig.java",
              "stats": {
                "number_of_src_entities": 60,
                "number_of_dst_entities": -1,
                "src_entity_types": "[boolean, com.zaxxer.hikari.HikariConfig, \u003cnulltype\u003e]",
                "dst_entity_types": "[]"
              }
            }
          ]
        }
      ]
    }
  ],
  "complete_analysis": true
}