{
  "instances": [
    {
      "revision": "61030956849cc02046732928313060749508370d",
      "repairability": [
        {
          "tool-name": "Nopol",
          "pattern-name": "Nopol:if_condition_ins_deep",
          "Unified_Diff_of-files:": "Starts Below...",
          "INSERT:": "    String ENABLE_GLOBAL_DLQ \u003d \"ENABLE_GLOBAL_DLQ\";",
          "instance_detail": [
            {
              "pattern_action": "MOV",
              "pattern_entity": {
                "entity_type": "*",
                "entity_new value": "*",
                "entity_role": "*",
                "entity_parent": {
                  "entity_type": "*",
                  "entity_new value": "*",
                  "entity_role": "Then",
                  "entity_parent": {
                    "entity_type": "If",
                    "entity_new value": "*",
                    "entity_role": "*",
                    "entity_parent": "null"
                  }
                }
              },
              "concrete_change": {
                "operator": "MOV",
                "src_type": "LocalVariable",
                "dst_type": "LocalVariable",
                "src": "io.enmasse.controller.router.config.Address dlqAddress \u003d new io.enmasse.controller.router.config.Address()",
                "dst": "io.enmasse.controller.router.config.Address dlqAddress \u003d new io.enmasse.controller.router.config.Address()",
                "src_parent_type": "Block",
                "dst_parent_type": "Block",
                "src_parent": "{\n    java.lang.String infraUuid \u003d addressSpace.getAnnotation(AnnotationKeys.INFRA_UUID);\n    io.enmasse.controller.router.config.Router router \u003d new io.enmasse.controller.router.config.Router();\n    io.enmasse.admin.model.v1.StandardInfraConfigSpecRouter routerSpec \u003d ((infraConfig.getSpec()) !\u003d null) ? infraConfig.getSpec().getRouter() : null;\n    if ((routerSpec !\u003d null) \u0026\u0026 ((routerSpec.getWorkerThreads()) !\u003d null)) {\n        router.setWorkerThreads(routerSpec.getWorkerThreads());\n    }\n    java.util.List\u003cio.enmasse.controller.router.config.SslProfile\u003e sslProfiles \u003d new java.util.ArrayList\u003c\u003e();\n    io.enmasse.controller.router.config.SslProfile authServiceSsl \u003d new io.enmasse.controller.router.config.SslProfile();\n    authServiceSsl.setName(\"auth_service_ssl\");\n    authServiceSsl.setCaCertFile(\"/etc/qpid-dispatch/authservice-ca/tls.crt\");\n    sslProfiles.add(authServiceSsl);\n    io.enmasse.controller.router.config.SslProfile sslDetails \u003d new io.enmasse.controller.router.config.SslProfile();\n    sslDetails.setName(\"ssl_details\");\n    sslDetails.setCertFile(\"/etc/qpid-dispatch/ssl/tls.crt\");\n    sslDetails.setPrivateKeyFile(\"/etc/qpid-dispatch/ssl/tls.key\");\n    sslDetails.setProtocols(\"TLSv1.2\");\n    sslProfiles.add(sslDetails);\n    io.enmasse.controller.router.config.SslProfile interRouterTls \u003d new io.enmasse.controller.router.config.SslProfile();\n    interRouterTls.setName(\"inter_router_tls\");\n    interRouterTls.setCaCertFile(\"/etc/enmasse-certs/ca.crt\");\n    interRouterTls.setCertFile(\"/etc/enmasse-certs/tls.crt\");\n    interRouterTls.setPrivateKeyFile(\"/etc/enmasse-certs/tls.key\");\n    sslProfiles.add(interRouterTls);\n    io.enmasse.controller.router.config.AuthServicePlugin authService \u003d new io.enmasse.controller.router.config.AuthServicePlugin();\n    authService.setName(\"auth_service\");\n    authService.setHost(authServiceSettings.getHost());\n    authService.setPort(authServiceSettings.getPort());\n    authService.setRealm(authServiceSettings.getRealm());\n    authService.setSslProfile(\"auth_service_ssl\");\n    io.enmasse.controller.router.config.Listener localBypass \u003d new io.enmasse.controller.router.config.Listener();\n    localBypass.setHost(\"127.0.0.1\");\n    localBypass.setPort(7777);\n    localBypass.setAuthenticatePeer(false);\n    io.enmasse.controller.router.config.Listener livenessProbe \u003d new io.enmasse.controller.router.config.Listener();\n    livenessProbe.setHost(\"127.0.0.1\");\n    livenessProbe.setPort(7770);\n    livenessProbe.setAuthenticatePeer(false);\n    livenessProbe.setHttp(true);\n    livenessProbe.setMetrics(false);\n    livenessProbe.setHealthz(true);\n    livenessProbe.setWebsockets(false);\n    livenessProbe.setHttpRootDir(\"invalid\");\n    io.enmasse.controller.router.config.Listener interRouter \u003d new io.enmasse.controller.router.config.Listener();\n    interRouter.setHost(\"0.0.0.0\");\n    interRouter.setPort(55672);\n    interRouter.setRole(Role.inter_router);\n    interRouter.setAuthenticatePeer(true);\n    interRouter.setSslProfile(\"inter_router_tls\");\n    interRouter.setSaslMechanisms(\"EXTERNAL\");\n    if (routerSpec !\u003d null) {\n        if ((routerSpec.getIdleTimeout()) !\u003d null) {\n            interRouter.setIdleTimeoutSeconds(routerSpec.getIdleTimeout());\n        }\n        if ((routerSpec.getLinkCapacity()) !\u003d null) {\n            interRouter.setLinkCapacity(routerSpec.getLinkCapacity());\n        }\n    }\n    io.enmasse.controller.router.config.Listener httpsPublic \u003d new io.enmasse.controller.router.config.Listener();\n    httpsPublic.setHost(\"0.0.0.0\");\n    httpsPublic.setPort(8443);\n    httpsPublic.setSaslPlugin(\"auth_service\");\n    httpsPublic.setSslProfile(\"ssl_details\");\n    httpsPublic.setHttp(true);\n    httpsPublic.setAuthenticatePeer(true);\n    if ((routerSpec !\u003d null) \u0026\u0026 ((routerSpec.getPolicy()) !\u003d null)) {\n        httpsPublic.setPolicyVhost(\"public\");\n    }\n    if (routerSpec !\u003d null) {\n        if ((routerSpec.getIdleTimeout()) !\u003d null) {\n            httpsPublic.setIdleTimeoutSeconds(routerSpec.getIdleTimeout());\n        }\n        if ((routerSpec.getLinkCapacity()) !\u003d null) {\n            httpsPublic.setLinkCapacity(routerSpec.getLinkCapacity());\n        }\n    }\n    io.enmasse.controller.router.config.Listener amqpPublic \u003d new io.enmasse.controller.router.config.Listener();\n    amqpPublic.setHost(\"0.0.0.0\");\n    amqpPublic.setPort(5672);\n    amqpPublic.setSaslPlugin(\"auth_service\");\n    amqpPublic.setAuthenticatePeer(true);\n    if ((routerSpec !\u003d null) \u0026\u0026 ((routerSpec.getPolicy()) !\u003d null)) {\n        amqpPublic.setPolicyVhost(\"public\");\n    }\n    if (routerSpec !\u003d null) {\n        if ((routerSpec.getIdleTimeout()) !\u003d null) {\n            amqpPublic.setIdleTimeoutSeconds(routerSpec.getIdleTimeout());\n        }\n        if ((routerSpec.getLinkCapacity()) !\u003d null) {\n            amqpPublic.setLinkCapacity(routerSpec.getLinkCapacity());\n        }\n        if ((routerSpec.getHandshakeTimeout()) !\u003d null) {\n            amqpPublic.setInitialHandshakeTimeoutSeconds(routerSpec.getHandshakeTimeout());\n        }\n    }\n    io.enmasse.controller.router.config.Listener amqpsPublic \u003d new io.enmasse.controller.router.config.Listener();\n    amqpsPublic.setHost(\"0.0.0.0\");\n    amqpsPublic.setPort(5671);\n    amqpsPublic.setSaslPlugin(\"auth_service\");\n    amqpsPublic.setSslProfile(\"ssl_details\");\n    amqpsPublic.setRequireSsl(true);\n    amqpsPublic.setAuthenticatePeer(true);\n    if ((routerSpec !\u003d null) \u0026\u0026 ((routerSpec.getPolicy()) !\u003d null)) {\n        amqpsPublic.setPolicyVhost(\"public\");\n    }\n    if (routerSpec !\u003d null) {\n        if ((routerSpec.getIdleTimeout()) !\u003d null) {\n            amqpsPublic.setIdleTimeoutSeconds(routerSpec.getIdleTimeout());\n        }\n        if ((routerSpec.getLinkCapacity()) !\u003d null) {\n            amqpsPublic.setLinkCapacity(routerSpec.getLinkCapacity());\n        }\n        if ((routerSpec.getHandshakeTimeout()) !\u003d null) {\n            amqpsPublic.setInitialHandshakeTimeoutSeconds(routerSpec.getHandshakeTimeout());\n        }\n    }\n    io.enmasse.controller.router.config.Listener amqpsInternal \u003d new io.enmasse.controller.router.config.Listener();\n    amqpsInternal.setHost(\"0.0.0.0\");\n    amqpsInternal.setPort(55671);\n    amqpsInternal.setSslProfile(\"inter_router_tls\");\n    amqpsInternal.setRequireSsl(true);\n    amqpsInternal.setSaslMechanisms(\"EXTERNAL\");\n    amqpsInternal.setAuthenticatePeer(true);\n    if (routerSpec !\u003d null) {\n        if ((routerSpec.getIdleTimeout()) !\u003d null) {\n            amqpsInternal.setIdleTimeoutSeconds(routerSpec.getIdleTimeout());\n        }\n        if ((routerSpec.getLinkCapacity()) !\u003d null) {\n            amqpsInternal.setLinkCapacity(routerSpec.getLinkCapacity());\n        }\n    }\n    io.enmasse.controller.router.config.Listener amqpsRouteContainer \u003d new io.enmasse.controller.router.config.Listener();\n    amqpsRouteContainer.setHost(\"0.0.0.0\");\n    amqpsRouteContainer.setPort(56671);\n    amqpsRouteContainer.setSslProfile(\"inter_router_tls\");\n    amqpsRouteContainer.setRole(Role.route_container);\n    amqpsRouteContainer.setRequireSsl(true);\n    amqpsRouteContainer.setSaslMechanisms(\"EXTERNAL\");\n    amqpsRouteContainer.setAuthenticatePeer(true);\n    if (routerSpec !\u003d null) {\n        if ((routerSpec.getIdleTimeout()) !\u003d null) {\n            amqpsRouteContainer.setIdleTimeoutSeconds(routerSpec.getIdleTimeout());\n        }\n        if ((routerSpec.getLinkCapacity()) !\u003d null) {\n            amqpsRouteContainer.setLinkCapacity(routerSpec.getLinkCapacity());\n        }\n    }\n    java.util.List\u003cio.enmasse.controller.router.config.Policy\u003e policies \u003d java.util.Collections.emptyList();\n    if ((routerSpec !\u003d null) \u0026\u0026 ((routerSpec.getPolicy()) !\u003d null)) {\n        io.enmasse.controller.router.config.Policy policy \u003d new io.enmasse.controller.router.config.Policy();\n        policy.setEnableVhostPolicy(true);\n        policies \u003d java.util.Collections.singletonList(policy);\n    }\n    java.util.List\u003cio.enmasse.controller.router.config.VhostPolicy\u003e vhostPolicies \u003d java.util.Collections.emptyList();\n    if ((routerSpec !\u003d null) \u0026\u0026 ((routerSpec.getPolicy()) !\u003d null)) {\n        vhostPolicies \u003d io.enmasse.controller.RouterConfigController.createVhostPolices(routerSpec.getPolicy());\n    }\n    java.util.List\u003cio.enmasse.controller.router.config.Connector\u003e connectors \u003d new java.util.ArrayList\u003c\u003e();\n    io.enmasse.controller.router.config.Connector ragentConnector \u003d new io.enmasse.controller.router.config.Connector();\n    ragentConnector.setHost((\"ragent-\" + infraUuid));\n    ragentConnector.setPort(5671);\n    ragentConnector.setSslProfile(\"inter_router_tls\");\n    ragentConnector.setVerifyHostname(false);\n    connectors.add(ragentConnector);\n    java.util.List\u003cio.enmasse.controller.router.config.Address\u003e addresses \u003d new java.util.ArrayList\u003c\u003e();\n    io.enmasse.controller.router.config.Address tempAddress \u003d new io.enmasse.controller.router.config.Address();\n    tempAddress.setName(\"override.temp\");\n    tempAddress.setPrefix(\"$temp\");\n    tempAddress.setDistribution(Distribution.balanced);\n    addresses.add(tempAddress);\n    io.enmasse.controller.router.config.Address dlqAddress \u003d new io.enmasse.controller.router.config.Address();\n    dlqAddress.setName(\"override.global.dlq\");\n    dlqAddress.setPattern(\"!!GLOBAL_DLQ\");\n    dlqAddress.setDistribution(Distribution.balanced);\n    dlqAddress.setWaypoint(true);\n    addresses.add(dlqAddress);\n    io.enmasse.controller.router.config.Address routerHealthCheckAddress \u003d new io.enmasse.controller.router.config.Address();\n    routerHealthCheckAddress.setName(\"!!HEALTH_CHECK_ROUTER\");\n    routerHealthCheckAddress.setPrefix(\"!!HEALTH_CHECK_ROUTER\");\n    routerHealthCheckAddress.setDistribution(Distribution.balanced);\n    addresses.add(routerHealthCheckAddress);\n    java.util.List\u003cio.enmasse.controller.router.config.AutoLink\u003e autoLinks \u003d new java.util.ArrayList\u003c\u003e();\n    io.enmasse.controller.router.config.AutoLink dlqAutoLink \u003d new io.enmasse.controller.router.config.AutoLink();\n    dlqAutoLink.setName(\"override.global.dlq.in\");\n    dlqAutoLink.setAddress(\"!!GLOBAL_DLQ\");\n    dlqAutoLink.setDirection(LinkDirection.in);\n    dlqAutoLink.setContainerId(\"broker-global-dlq-out\");\n    autoLinks.add(dlqAutoLink);\n    java.util.List\u003cio.enmasse.controller.router.config.LinkRoute\u003e linkRoutes \u003d new java.util.ArrayList\u003c\u003e();\n    for (io.enmasse.address.model.AddressSpaceSpecConnector connector : addressSpace.getSpec().getConnectors()) {\n        io.enmasse.controller.router.config.Connector remoteConnector \u003d new io.enmasse.controller.router.config.Connector();\n        remoteConnector.setName(connector.getName());\n        io.enmasse.address.model.AddressSpaceStatusConnector connectorStatus \u003d addressSpace.getStatus().getConnectors().stream().filter(( status) -\u003e status.getName().equals(connector.getName())).findFirst().orElse(null);\n        if ((connectorStatus \u003d\u003d null) || (!(connectorStatus.isReady()))) {\n            continue;\n        }\n        java.util.Iterator\u003cio.enmasse.address.model.AddressSpaceSpecConnectorEndpoint\u003e endpointIt \u003d connector.getEndpointHosts().iterator();\n        if (!(endpointIt.hasNext())) {\n            io.enmasse.controller.RouterConfigController.updateConnectorStatus(connector.getName(), false, \"Missing at least one endpoint on connector\", addressSpace.getStatus().getConnectors());\n            continue;\n        }\n        io.enmasse.address.model.AddressSpaceSpecConnectorEndpoint first \u003d endpointIt.next();\n        remoteConnector.setHost(first.getHost());\n        remoteConnector.setPort(connector.getPort(first.getPort()));\n        java.util.List\u003cjava.lang.String\u003e failoverUrls \u003d new java.util.ArrayList\u003c\u003e();\n        while (endpointIt.hasNext()) {\n            io.enmasse.address.model.AddressSpaceSpecConnectorEndpoint failover \u003d endpointIt.next();\n            java.lang.String protocol \u003d \"amqp\" + ((connector.getTls()) !\u003d null ? \"s\" : \"\");\n            failoverUrls.add(java.lang.String.format(\"%s://%s:%d\", protocol, failover.getHost(), connector.getPort(failover.getPort())));\n        } \n        if (!(failoverUrls.isEmpty())) {\n            remoteConnector.setFailoverUrls(java.lang.String.join(\",\", failoverUrls));\n        }\n        java.util.List\u003cjava.lang.String\u003e saslMechanisms \u003d new java.util.ArrayList\u003c\u003e();\n        io.enmasse.address.model.AddressSpaceSpecConnectorTls tls \u003d connector.getTls();\n        if (tls !\u003d null) {\n            java.lang.String sslProfileName \u003d java.lang.String.format(\"connector_%s_settings\", connector.getName());\n            remoteConnector.setSslProfile(sslProfileName);\n            io.enmasse.controller.router.config.SslProfile sslProfile \u003d new io.enmasse.controller.router.config.SslProfile();\n            sslProfile.setName(sslProfileName);\n            if ((tls.getCaCert()) !\u003d null) {\n                sslProfile.setCaCertFile(java.lang.String.format(\"/etc/enmasse-connectors/%s/ca.crt\", connector.getName()));\n            }\n            if (((tls.getClientCert()) !\u003d null) || ((tls.getClientKey()) !\u003d null)) {\n                if ((tls.getClientCert()) \u003d\u003d null) {\n                    io.enmasse.controller.RouterConfigController.updateConnectorStatus(connector.getName(), false, \"Both clientCert and clientKey must be specified (only clientKey is specified)\", addressSpace.getStatus().getConnectors());\n                    continue;\n                }\n                if ((tls.getClientKey()) \u003d\u003d null) {\n                    io.enmasse.controller.RouterConfigController.updateConnectorStatus(connector.getName(), false, \"Both clientCert and clientKey must be specified (only clientCert is specified)\", addressSpace.getStatus().getConnectors());\n                    continue;\n                }\n                sslProfile.setCertFile(java.lang.String.format(\"/etc/enmasse-connectors/%s/tls.crt\", connector.getName()));\n                sslProfile.setPrivateKeyFile(java.lang.String.format(\"/etc/enmasse-connectors/%s/tls.key\", connector.getName()));\n            }\n            sslProfiles.add(sslProfile);\n            saslMechanisms.add(\"EXTERNAL\");\n        }\n        io.enmasse.address.model.AddressSpaceSpecConnectorCredentials credentials \u003d connector.getCredentials();\n        if (credentials !\u003d null) {\n            if ((connector.getCredentials().getUsername()) !\u003d null) {\n                java.lang.String data \u003d getSelectorValue(addressSpace.getMetadata().getNamespace(), connector.getCredentials().getUsername(), \"username\").orElse(null);\n                if (data \u003d\u003d null) {\n                    io.enmasse.controller.RouterConfigController.updateConnectorStatus(connector.getName(), false, \"Unable to locate value or secret for username\", addressSpace.getStatus().getConnectors());\n                    continue;\n                }\n                remoteConnector.setSaslUsername(data);\n            }\n            if ((connector.getCredentials().getPassword()) !\u003d null) {\n                java.lang.String data \u003d getSelectorValue(addressSpace.getMetadata().getNamespace(), connector.getCredentials().getPassword(), \"password\").orElse(null);\n                if (data \u003d\u003d null) {\n                    io.enmasse.controller.RouterConfigController.updateConnectorStatus(connector.getName(), false, \"Unable to locate value or secret for password\", addressSpace.getStatus().getConnectors());\n                    continue;\n                }\n                remoteConnector.setSaslPassword(data);\n            }\n            saslMechanisms.add(\"PLAIN\");\n        }\n        if (saslMechanisms.isEmpty()) {\n            saslMechanisms.add(\"ANONYMOUS\");\n        }\n        remoteConnector.setSaslMechanisms(java.lang.String.join(\" \", saslMechanisms));\n        java.lang.String prefix \u003d java.lang.String.format(\"%s/\", connector.getName());\n        for (io.enmasse.address.model.AddressSpaceSpecConnectorAddressRule rule : connector.getAddresses()) {\n            io.enmasse.controller.router.config.LinkRoute linkRouteIn \u003d new io.enmasse.controller.router.config.LinkRoute();\n            linkRouteIn.setName(((((\"override.connector.\" + (connector.getName())) + \".\") + (rule.getName())) + \".in\"));\n            linkRouteIn.setPattern((prefix + (rule.getPattern())));\n            linkRouteIn.setDelExternalPrefix(prefix);\n            linkRouteIn.setDirection(LinkDirection.in);\n            linkRouteIn.setConnection(connector.getName());\n            linkRoutes.add(linkRouteIn);\n            io.enmasse.controller.router.config.LinkRoute linkRouteOut \u003d new io.enmasse.controller.router.config.LinkRoute();\n            linkRouteOut.setName(((((\"override.connector.\" + (connector.getName())) + \".\") + (rule.getName())) + \".out\"));\n            linkRouteOut.setPattern((((connector.getName()) + \"/\") + (rule.getPattern())));\n            linkRouteOut.setDelExternalPrefix(prefix);\n            linkRouteOut.setDirection(LinkDirection.out);\n            linkRouteOut.setConnection(connector.getName());\n            linkRoutes.add(linkRouteOut);\n        }\n        remoteConnector.setRole(io.enmasse.controller.router.config.Role.forValue(connector.getRole()));\n        if ((connector.getIdleTimeout()) !\u003d null) {\n            remoteConnector.setIdleTimeoutSeconds(connector.getIdleTimeout());\n        }\n        if ((connector.getMaxFrameSize()) !\u003d null) {\n            remoteConnector.setMaxFrameSize(java.lang.Math.max(512, connector.getMaxFrameSize()));\n        }\n        connectors.add(remoteConnector);\n    }\n    return new io.enmasse.controller.router.config.RouterConfig(router, sslProfiles, java.util.Collections.singletonList(authService), java.util.Arrays.asList(localBypass, livenessProbe, httpsPublic, amqpPublic, amqpsPublic, amqpsInternal, amqpsRouteContainer, interRouter), policies, connectors, autoLinks, linkRoutes, addresses, vhostPolicies);\n}",
                "dst_parent": "{\n    io.enmasse.controller.router.config.Address dlqAddress \u003d new io.enmasse.controller.router.config.Address();\n    dlqAddress.setName(\"override.global.dlq\");\n    dlqAddress.setPattern(\"!!GLOBAL_DLQ\");\n    dlqAddress.setDistribution(Distribution.balanced);\n    dlqAddress.setWaypoint(true);\n    addresses.add(dlqAddress);\n}"
              },
              "line": 491,
              "file": "/home/khesoem/projects/lighter/exp/address-space-controller/src/main/java/io/enmasse/controller/RouterConfigController.java",
              "stats": {
                "number_of_src_entities": 9,
                "number_of_dst_entities": 9,
                "src_entity_types": "[io.enmasse.controller.router.config.Address]",
                "dst_entity_types": "[io.enmasse.controller.router.config.Address]"
              }
            },
            {
              "pattern_action": "INS",
              "pattern_entity": {
                "entity_type": "If",
                "entity_new value": "*",
                "entity_role": "*",
                "entity_parent": "null"
              },
              "concrete_change": {
                "operator": "INS",
                "src_type": "If",
                "dst_type": "null",
                "src": "if (((infraConfig.getSpec().getGlobalDLQ()) !\u003d null) \u0026\u0026 (infraConfig.getSpec().getGlobalDLQ())) {\n    io.enmasse.controller.router.config.Address dlqAddress \u003d new io.enmasse.controller.router.config.Address();\n    dlqAddress.setName(\"override.global.dlq\");\n    dlqAddress.setPattern(\"!!GLOBAL_DLQ\");\n    dlqAddress.setDistribution(Distribution.balanced);\n    dlqAddress.setWaypoint(true);\n    addresses.add(dlqAddress);\n}",
                "dst": "null",
                "src_parent_type": "Block",
                "dst_parent_type": "null",
                "src_parent": "{\n    java.lang.String infraUuid \u003d addressSpace.getAnnotation(AnnotationKeys.INFRA_UUID);\n    io.enmasse.controller.router.config.Router router \u003d new io.enmasse.controller.router.config.Router();\n    io.enmasse.admin.model.v1.StandardInfraConfigSpecRouter routerSpec \u003d ((infraConfig.getSpec()) !\u003d null) ? infraConfig.getSpec().getRouter() : null;\n    if ((routerSpec !\u003d null) \u0026\u0026 ((routerSpec.getWorkerThreads()) !\u003d null)) {\n        router.setWorkerThreads(routerSpec.getWorkerThreads());\n    }\n    java.util.List\u003cio.enmasse.controller.router.config.SslProfile\u003e sslProfiles \u003d new java.util.ArrayList\u003c\u003e();\n    io.enmasse.controller.router.config.SslProfile authServiceSsl \u003d new io.enmasse.controller.router.config.SslProfile();\n    authServiceSsl.setName(\"auth_service_ssl\");\n    authServiceSsl.setCaCertFile(\"/etc/qpid-dispatch/authservice-ca/tls.crt\");\n    sslProfiles.add(authServiceSsl);\n    io.enmasse.controller.router.config.SslProfile sslDetails \u003d new io.enmasse.controller.router.config.SslProfile();\n    sslDetails.setName(\"ssl_details\");\n    sslDetails.setCertFile(\"/etc/qpid-dispatch/ssl/tls.crt\");\n    sslDetails.setPrivateKeyFile(\"/etc/qpid-dispatch/ssl/tls.key\");\n    sslDetails.setProtocols(\"TLSv1.2\");\n    sslProfiles.add(sslDetails);\n    io.enmasse.controller.router.config.SslProfile interRouterTls \u003d new io.enmasse.controller.router.config.SslProfile();\n    interRouterTls.setName(\"inter_router_tls\");\n    interRouterTls.setCaCertFile(\"/etc/enmasse-certs/ca.crt\");\n    interRouterTls.setCertFile(\"/etc/enmasse-certs/tls.crt\");\n    interRouterTls.setPrivateKeyFile(\"/etc/enmasse-certs/tls.key\");\n    sslProfiles.add(interRouterTls);\n    io.enmasse.controller.router.config.AuthServicePlugin authService \u003d new io.enmasse.controller.router.config.AuthServicePlugin();\n    authService.setName(\"auth_service\");\n    authService.setHost(authServiceSettings.getHost());\n    authService.setPort(authServiceSettings.getPort());\n    authService.setRealm(authServiceSettings.getRealm());\n    authService.setSslProfile(\"auth_service_ssl\");\n    io.enmasse.controller.router.config.Listener localBypass \u003d new io.enmasse.controller.router.config.Listener();\n    localBypass.setHost(\"127.0.0.1\");\n    localBypass.setPort(7777);\n    localBypass.setAuthenticatePeer(false);\n    io.enmasse.controller.router.config.Listener livenessProbe \u003d new io.enmasse.controller.router.config.Listener();\n    livenessProbe.setHost(\"127.0.0.1\");\n    livenessProbe.setPort(7770);\n    livenessProbe.setAuthenticatePeer(false);\n    livenessProbe.setHttp(true);\n    livenessProbe.setMetrics(false);\n    livenessProbe.setHealthz(true);\n    livenessProbe.setWebsockets(false);\n    livenessProbe.setHttpRootDir(\"invalid\");\n    io.enmasse.controller.router.config.Listener interRouter \u003d new io.enmasse.controller.router.config.Listener();\n    interRouter.setHost(\"0.0.0.0\");\n    interRouter.setPort(55672);\n    interRouter.setRole(Role.inter_router);\n    interRouter.setAuthenticatePeer(true);\n    interRouter.setSslProfile(\"inter_router_tls\");\n    interRouter.setSaslMechanisms(\"EXTERNAL\");\n    if (routerSpec !\u003d null) {\n        if ((routerSpec.getIdleTimeout()) !\u003d null) {\n            interRouter.setIdleTimeoutSeconds(routerSpec.getIdleTimeout());\n        }\n        if ((routerSpec.getLinkCapacity()) !\u003d null) {\n            interRouter.setLinkCapacity(routerSpec.getLinkCapacity());\n        }\n    }\n    io.enmasse.controller.router.config.Listener httpsPublic \u003d new io.enmasse.controller.router.config.Listener();\n    httpsPublic.setHost(\"0.0.0.0\");\n    httpsPublic.setPort(8443);\n    httpsPublic.setSaslPlugin(\"auth_service\");\n    httpsPublic.setSslProfile(\"ssl_details\");\n    httpsPublic.setHttp(true);\n    httpsPublic.setAuthenticatePeer(true);\n    if ((routerSpec !\u003d null) \u0026\u0026 ((routerSpec.getPolicy()) !\u003d null)) {\n        httpsPublic.setPolicyVhost(\"public\");\n    }\n    if (routerSpec !\u003d null) {\n        if ((routerSpec.getIdleTimeout()) !\u003d null) {\n            httpsPublic.setIdleTimeoutSeconds(routerSpec.getIdleTimeout());\n        }\n        if ((routerSpec.getLinkCapacity()) !\u003d null) {\n            httpsPublic.setLinkCapacity(routerSpec.getLinkCapacity());\n        }\n    }\n    io.enmasse.controller.router.config.Listener amqpPublic \u003d new io.enmasse.controller.router.config.Listener();\n    amqpPublic.setHost(\"0.0.0.0\");\n    amqpPublic.setPort(5672);\n    amqpPublic.setSaslPlugin(\"auth_service\");\n    amqpPublic.setAuthenticatePeer(true);\n    if ((routerSpec !\u003d null) \u0026\u0026 ((routerSpec.getPolicy()) !\u003d null)) {\n        amqpPublic.setPolicyVhost(\"public\");\n    }\n    if (routerSpec !\u003d null) {\n        if ((routerSpec.getIdleTimeout()) !\u003d null) {\n            amqpPublic.setIdleTimeoutSeconds(routerSpec.getIdleTimeout());\n        }\n        if ((routerSpec.getLinkCapacity()) !\u003d null) {\n            amqpPublic.setLinkCapacity(routerSpec.getLinkCapacity());\n        }\n        if ((routerSpec.getHandshakeTimeout()) !\u003d null) {\n            amqpPublic.setInitialHandshakeTimeoutSeconds(routerSpec.getHandshakeTimeout());\n        }\n    }\n    io.enmasse.controller.router.config.Listener amqpsPublic \u003d new io.enmasse.controller.router.config.Listener();\n    amqpsPublic.setHost(\"0.0.0.0\");\n    amqpsPublic.setPort(5671);\n    amqpsPublic.setSaslPlugin(\"auth_service\");\n    amqpsPublic.setSslProfile(\"ssl_details\");\n    amqpsPublic.setRequireSsl(true);\n    amqpsPublic.setAuthenticatePeer(true);\n    if ((routerSpec !\u003d null) \u0026\u0026 ((routerSpec.getPolicy()) !\u003d null)) {\n        amqpsPublic.setPolicyVhost(\"public\");\n    }\n    if (routerSpec !\u003d null) {\n        if ((routerSpec.getIdleTimeout()) !\u003d null) {\n            amqpsPublic.setIdleTimeoutSeconds(routerSpec.getIdleTimeout());\n        }\n        if ((routerSpec.getLinkCapacity()) !\u003d null) {\n            amqpsPublic.setLinkCapacity(routerSpec.getLinkCapacity());\n        }\n        if ((routerSpec.getHandshakeTimeout()) !\u003d null) {\n            amqpsPublic.setInitialHandshakeTimeoutSeconds(routerSpec.getHandshakeTimeout());\n        }\n    }\n    io.enmasse.controller.router.config.Listener amqpsInternal \u003d new io.enmasse.controller.router.config.Listener();\n    amqpsInternal.setHost(\"0.0.0.0\");\n    amqpsInternal.setPort(55671);\n    amqpsInternal.setSslProfile(\"inter_router_tls\");\n    amqpsInternal.setRequireSsl(true);\n    amqpsInternal.setSaslMechanisms(\"EXTERNAL\");\n    amqpsInternal.setAuthenticatePeer(true);\n    if (routerSpec !\u003d null) {\n        if ((routerSpec.getIdleTimeout()) !\u003d null) {\n            amqpsInternal.setIdleTimeoutSeconds(routerSpec.getIdleTimeout());\n        }\n        if ((routerSpec.getLinkCapacity()) !\u003d null) {\n            amqpsInternal.setLinkCapacity(routerSpec.getLinkCapacity());\n        }\n    }\n    io.enmasse.controller.router.config.Listener amqpsRouteContainer \u003d new io.enmasse.controller.router.config.Listener();\n    amqpsRouteContainer.setHost(\"0.0.0.0\");\n    amqpsRouteContainer.setPort(56671);\n    amqpsRouteContainer.setSslProfile(\"inter_router_tls\");\n    amqpsRouteContainer.setRole(Role.route_container);\n    amqpsRouteContainer.setRequireSsl(true);\n    amqpsRouteContainer.setSaslMechanisms(\"EXTERNAL\");\n    amqpsRouteContainer.setAuthenticatePeer(true);\n    if (routerSpec !\u003d null) {\n        if ((routerSpec.getIdleTimeout()) !\u003d null) {\n            amqpsRouteContainer.setIdleTimeoutSeconds(routerSpec.getIdleTimeout());\n        }\n        if ((routerSpec.getLinkCapacity()) !\u003d null) {\n            amqpsRouteContainer.setLinkCapacity(routerSpec.getLinkCapacity());\n        }\n    }\n    java.util.List\u003cio.enmasse.controller.router.config.Policy\u003e policies \u003d java.util.Collections.emptyList();\n    if ((routerSpec !\u003d null) \u0026\u0026 ((routerSpec.getPolicy()) !\u003d null)) {\n        io.enmasse.controller.router.config.Policy policy \u003d new io.enmasse.controller.router.config.Policy();\n        policy.setEnableVhostPolicy(true);\n        policies \u003d java.util.Collections.singletonList(policy);\n    }\n    java.util.List\u003cio.enmasse.controller.router.config.VhostPolicy\u003e vhostPolicies \u003d java.util.Collections.emptyList();\n    if ((routerSpec !\u003d null) \u0026\u0026 ((routerSpec.getPolicy()) !\u003d null)) {\n        vhostPolicies \u003d io.enmasse.controller.RouterConfigController.createVhostPolices(routerSpec.getPolicy());\n    }\n    java.util.List\u003cio.enmasse.controller.router.config.Connector\u003e connectors \u003d new java.util.ArrayList\u003c\u003e();\n    io.enmasse.controller.router.config.Connector ragentConnector \u003d new io.enmasse.controller.router.config.Connector();\n    ragentConnector.setHost((\"ragent-\" + infraUuid));\n    ragentConnector.setPort(5671);\n    ragentConnector.setSslProfile(\"inter_router_tls\");\n    ragentConnector.setVerifyHostname(false);\n    connectors.add(ragentConnector);\n    java.util.List\u003cio.enmasse.controller.router.config.Address\u003e addresses \u003d new java.util.ArrayList\u003c\u003e();\n    io.enmasse.controller.router.config.Address tempAddress \u003d new io.enmasse.controller.router.config.Address();\n    tempAddress.setName(\"override.temp\");\n    tempAddress.setPrefix(\"$temp\");\n    tempAddress.setDistribution(Distribution.balanced);\n    addresses.add(tempAddress);\n    if (((infraConfig.getSpec().getGlobalDLQ()) !\u003d null) \u0026\u0026 (infraConfig.getSpec().getGlobalDLQ())) {\n        io.enmasse.controller.router.config.Address dlqAddress \u003d new io.enmasse.controller.router.config.Address();\n        dlqAddress.setName(\"override.global.dlq\");\n        dlqAddress.setPattern(\"!!GLOBAL_DLQ\");\n        dlqAddress.setDistribution(Distribution.balanced);\n        dlqAddress.setWaypoint(true);\n        addresses.add(dlqAddress);\n    }\n    io.enmasse.controller.router.config.Address routerHealthCheckAddress \u003d new io.enmasse.controller.router.config.Address();\n    routerHealthCheckAddress.setName(\"!!HEALTH_CHECK_ROUTER\");\n    routerHealthCheckAddress.setPrefix(\"!!HEALTH_CHECK_ROUTER\");\n    routerHealthCheckAddress.setDistribution(Distribution.balanced);\n    addresses.add(routerHealthCheckAddress);\n    java.util.List\u003cio.enmasse.controller.router.config.AutoLink\u003e autoLinks \u003d new java.util.ArrayList\u003c\u003e();\n    if (((infraConfig.getSpec().getGlobalDLQ()) !\u003d null) \u0026\u0026 (infraConfig.getSpec().getGlobalDLQ())) {\n        io.enmasse.controller.router.config.AutoLink dlqAutoLink \u003d new io.enmasse.controller.router.config.AutoLink();\n        dlqAutoLink.setName(\"override.global.dlq.in\");\n        dlqAutoLink.setAddress(\"!!GLOBAL_DLQ\");\n        dlqAutoLink.setDirection(LinkDirection.in);\n        dlqAutoLink.setContainerId(\"broker-global-dlq-out\");\n        autoLinks.add(dlqAutoLink);\n    }\n    java.util.List\u003cio.enmasse.controller.router.config.LinkRoute\u003e linkRoutes \u003d new java.util.ArrayList\u003c\u003e();\n    for (io.enmasse.address.model.AddressSpaceSpecConnector connector : addressSpace.getSpec().getConnectors()) {\n        io.enmasse.controller.router.config.Connector remoteConnector \u003d new io.enmasse.controller.router.config.Connector();\n        remoteConnector.setName(connector.getName());\n        io.enmasse.address.model.AddressSpaceStatusConnector connectorStatus \u003d addressSpace.getStatus().getConnectors().stream().filter(( status) -\u003e status.getName().equals(connector.getName())).findFirst().orElse(null);\n        if ((connectorStatus \u003d\u003d null) || (!(connectorStatus.isReady()))) {\n            continue;\n        }\n        java.util.Iterator\u003cio.enmasse.address.model.AddressSpaceSpecConnectorEndpoint\u003e endpointIt \u003d connector.getEndpointHosts().iterator();\n        if (!(endpointIt.hasNext())) {\n            io.enmasse.controller.RouterConfigController.updateConnectorStatus(connector.getName(), false, \"Missing at least one endpoint on connector\", addressSpace.getStatus().getConnectors());\n            continue;\n        }\n        io.enmasse.address.model.AddressSpaceSpecConnectorEndpoint first \u003d endpointIt.next();\n        remoteConnector.setHost(first.getHost());\n        remoteConnector.setPort(connector.getPort(first.getPort()));\n        java.util.List\u003cjava.lang.String\u003e failoverUrls \u003d new java.util.ArrayList\u003c\u003e();\n        while (endpointIt.hasNext()) {\n            io.enmasse.address.model.AddressSpaceSpecConnectorEndpoint failover \u003d endpointIt.next();\n            java.lang.String protocol \u003d \"amqp\" + ((connector.getTls()) !\u003d null ? \"s\" : \"\");\n            failoverUrls.add(java.lang.String.format(\"%s://%s:%d\", protocol, failover.getHost(), connector.getPort(failover.getPort())));\n        } \n        if (!(failoverUrls.isEmpty())) {\n            remoteConnector.setFailoverUrls(java.lang.String.join(\",\", failoverUrls));\n        }\n        java.util.List\u003cjava.lang.String\u003e saslMechanisms \u003d new java.util.ArrayList\u003c\u003e();\n        io.enmasse.address.model.AddressSpaceSpecConnectorTls tls \u003d connector.getTls();\n        if (tls !\u003d null) {\n            java.lang.String sslProfileName \u003d java.lang.String.format(\"connector_%s_settings\", connector.getName());\n            remoteConnector.setSslProfile(sslProfileName);\n            io.enmasse.controller.router.config.SslProfile sslProfile \u003d new io.enmasse.controller.router.config.SslProfile();\n            sslProfile.setName(sslProfileName);\n            if ((tls.getCaCert()) !\u003d null) {\n                sslProfile.setCaCertFile(java.lang.String.format(\"/etc/enmasse-connectors/%s/ca.crt\", connector.getName()));\n            }\n            if (((tls.getClientCert()) !\u003d null) || ((tls.getClientKey()) !\u003d null)) {\n                if ((tls.getClientCert()) \u003d\u003d null) {\n                    io.enmasse.controller.RouterConfigController.updateConnectorStatus(connector.getName(), false, \"Both clientCert and clientKey must be specified (only clientKey is specified)\", addressSpace.getStatus().getConnectors());\n                    continue;\n                }\n                if ((tls.getClientKey()) \u003d\u003d null) {\n                    io.enmasse.controller.RouterConfigController.updateConnectorStatus(connector.getName(), false, \"Both clientCert and clientKey must be specified (only clientCert is specified)\", addressSpace.getStatus().getConnectors());\n                    continue;\n                }\n                sslProfile.setCertFile(java.lang.String.format(\"/etc/enmasse-connectors/%s/tls.crt\", connector.getName()));\n                sslProfile.setPrivateKeyFile(java.lang.String.format(\"/etc/enmasse-connectors/%s/tls.key\", connector.getName()));\n            }\n            sslProfiles.add(sslProfile);\n            saslMechanisms.add(\"EXTERNAL\");\n        }\n        io.enmasse.address.model.AddressSpaceSpecConnectorCredentials credentials \u003d connector.getCredentials();\n        if (credentials !\u003d null) {\n            if ((connector.getCredentials().getUsername()) !\u003d null) {\n                java.lang.String data \u003d getSelectorValue(addressSpace.getMetadata().getNamespace(), connector.getCredentials().getUsername(), \"username\").orElse(null);\n                if (data \u003d\u003d null) {\n                    io.enmasse.controller.RouterConfigController.updateConnectorStatus(connector.getName(), false, \"Unable to locate value or secret for username\", addressSpace.getStatus().getConnectors());\n                    continue;\n                }\n                remoteConnector.setSaslUsername(data);\n            }\n            if ((connector.getCredentials().getPassword()) !\u003d null) {\n                java.lang.String data \u003d getSelectorValue(addressSpace.getMetadata().getNamespace(), connector.getCredentials().getPassword(), \"password\").orElse(null);\n                if (data \u003d\u003d null) {\n                    io.enmasse.controller.RouterConfigController.updateConnectorStatus(connector.getName(), false, \"Unable to locate value or secret for password\", addressSpace.getStatus().getConnectors());\n                    continue;\n                }\n                remoteConnector.setSaslPassword(data);\n            }\n            saslMechanisms.add(\"PLAIN\");\n        }\n        if (saslMechanisms.isEmpty()) {\n            saslMechanisms.add(\"ANONYMOUS\");\n        }\n        remoteConnector.setSaslMechanisms(java.lang.String.join(\" \", saslMechanisms));\n        java.lang.String prefix \u003d java.lang.String.format(\"%s/\", connector.getName());\n        for (io.enmasse.address.model.AddressSpaceSpecConnectorAddressRule rule : connector.getAddresses()) {\n            io.enmasse.controller.router.config.LinkRoute linkRouteIn \u003d new io.enmasse.controller.router.config.LinkRoute();\n            linkRouteIn.setName(((((\"override.connector.\" + (connector.getName())) + \".\") + (rule.getName())) + \".in\"));\n            linkRouteIn.setPattern((prefix + (rule.getPattern())));\n            linkRouteIn.setDelExternalPrefix(prefix);\n            linkRouteIn.setDirection(LinkDirection.in);\n            linkRouteIn.setConnection(connector.getName());\n            linkRoutes.add(linkRouteIn);\n            io.enmasse.controller.router.config.LinkRoute linkRouteOut \u003d new io.enmasse.controller.router.config.LinkRoute();\n            linkRouteOut.setName(((((\"override.connector.\" + (connector.getName())) + \".\") + (rule.getName())) + \".out\"));\n            linkRouteOut.setPattern((((connector.getName()) + \"/\") + (rule.getPattern())));\n            linkRouteOut.setDelExternalPrefix(prefix);\n            linkRouteOut.setDirection(LinkDirection.out);\n            linkRouteOut.setConnection(connector.getName());\n            linkRoutes.add(linkRouteOut);\n        }\n        remoteConnector.setRole(io.enmasse.controller.router.config.Role.forValue(connector.getRole()));\n        if ((connector.getIdleTimeout()) !\u003d null) {\n            remoteConnector.setIdleTimeoutSeconds(connector.getIdleTimeout());\n        }\n        if ((connector.getMaxFrameSize()) !\u003d null) {\n            remoteConnector.setMaxFrameSize(java.lang.Math.max(512, connector.getMaxFrameSize()));\n        }\n        connectors.add(remoteConnector);\n    }\n    return new io.enmasse.controller.router.config.RouterConfig(router, sslProfiles, java.util.Collections.singletonList(authService), java.util.Arrays.asList(localBypass, livenessProbe, httpsPublic, amqpPublic, amqpsPublic, amqpsInternal, amqpsRouteContainer, interRouter), policies, connectors, autoLinks, linkRoutes, addresses, vhostPolicies);\n}",
                "dst_parent": "null"
              },
              "line": 491,
              "file": "/home/khesoem/projects/lighter/exp/address-space-controller/src/main/java/io/enmasse/controller/RouterConfigController.java",
              "stats": {
                "number_of_src_entities": 101,
                "number_of_dst_entities": -1,
                "src_entity_types": "[boolean, io.enmasse.controller.router.config.Address, java.lang.String, io.enmasse.admin.model.v1.StandardInfraConfig, java.util.List\u003cio.enmasse.controller.router.config.Address\u003e, Distribution.balanced, \u003cnulltype\u003e]",
                "dst_entity_types": "[]"
              }
            }
          ]
        },
        {
          "tool-name": "Nopol",
          "pattern-name": "Nopol:if_condition_ins_deep",
          "Unified_Diff_of-files:": "Starts Below...",
          "INSERT:": "    String ENABLE_GLOBAL_DLQ \u003d \"ENABLE_GLOBAL_DLQ\";",
          "instance_detail": [
            {
              "pattern_action": "MOV",
              "pattern_entity": {
                "entity_type": "*",
                "entity_new value": "*",
                "entity_role": "*",
                "entity_parent": {
                  "entity_type": "*",
                  "entity_new value": "*",
                  "entity_role": "Then",
                  "entity_parent": {
                    "entity_type": "If",
                    "entity_new value": "*",
                    "entity_role": "*",
                    "entity_parent": "null"
                  }
                }
              },
              "concrete_change": {
                "operator": "MOV",
                "src_type": "LocalVariable",
                "dst_type": "LocalVariable",
                "src": "io.enmasse.controller.router.config.AutoLink dlqAutoLink \u003d new io.enmasse.controller.router.config.AutoLink()",
                "dst": "io.enmasse.controller.router.config.AutoLink dlqAutoLink \u003d new io.enmasse.controller.router.config.AutoLink()",
                "src_parent_type": "Block",
                "dst_parent_type": "Block",
                "src_parent": "{\n    java.lang.String infraUuid \u003d addressSpace.getAnnotation(AnnotationKeys.INFRA_UUID);\n    io.enmasse.controller.router.config.Router router \u003d new io.enmasse.controller.router.config.Router();\n    io.enmasse.admin.model.v1.StandardInfraConfigSpecRouter routerSpec \u003d ((infraConfig.getSpec()) !\u003d null) ? infraConfig.getSpec().getRouter() : null;\n    if ((routerSpec !\u003d null) \u0026\u0026 ((routerSpec.getWorkerThreads()) !\u003d null)) {\n        router.setWorkerThreads(routerSpec.getWorkerThreads());\n    }\n    java.util.List\u003cio.enmasse.controller.router.config.SslProfile\u003e sslProfiles \u003d new java.util.ArrayList\u003c\u003e();\n    io.enmasse.controller.router.config.SslProfile authServiceSsl \u003d new io.enmasse.controller.router.config.SslProfile();\n    authServiceSsl.setName(\"auth_service_ssl\");\n    authServiceSsl.setCaCertFile(\"/etc/qpid-dispatch/authservice-ca/tls.crt\");\n    sslProfiles.add(authServiceSsl);\n    io.enmasse.controller.router.config.SslProfile sslDetails \u003d new io.enmasse.controller.router.config.SslProfile();\n    sslDetails.setName(\"ssl_details\");\n    sslDetails.setCertFile(\"/etc/qpid-dispatch/ssl/tls.crt\");\n    sslDetails.setPrivateKeyFile(\"/etc/qpid-dispatch/ssl/tls.key\");\n    sslDetails.setProtocols(\"TLSv1.2\");\n    sslProfiles.add(sslDetails);\n    io.enmasse.controller.router.config.SslProfile interRouterTls \u003d new io.enmasse.controller.router.config.SslProfile();\n    interRouterTls.setName(\"inter_router_tls\");\n    interRouterTls.setCaCertFile(\"/etc/enmasse-certs/ca.crt\");\n    interRouterTls.setCertFile(\"/etc/enmasse-certs/tls.crt\");\n    interRouterTls.setPrivateKeyFile(\"/etc/enmasse-certs/tls.key\");\n    sslProfiles.add(interRouterTls);\n    io.enmasse.controller.router.config.AuthServicePlugin authService \u003d new io.enmasse.controller.router.config.AuthServicePlugin();\n    authService.setName(\"auth_service\");\n    authService.setHost(authServiceSettings.getHost());\n    authService.setPort(authServiceSettings.getPort());\n    authService.setRealm(authServiceSettings.getRealm());\n    authService.setSslProfile(\"auth_service_ssl\");\n    io.enmasse.controller.router.config.Listener localBypass \u003d new io.enmasse.controller.router.config.Listener();\n    localBypass.setHost(\"127.0.0.1\");\n    localBypass.setPort(7777);\n    localBypass.setAuthenticatePeer(false);\n    io.enmasse.controller.router.config.Listener livenessProbe \u003d new io.enmasse.controller.router.config.Listener();\n    livenessProbe.setHost(\"127.0.0.1\");\n    livenessProbe.setPort(7770);\n    livenessProbe.setAuthenticatePeer(false);\n    livenessProbe.setHttp(true);\n    livenessProbe.setMetrics(false);\n    livenessProbe.setHealthz(true);\n    livenessProbe.setWebsockets(false);\n    livenessProbe.setHttpRootDir(\"invalid\");\n    io.enmasse.controller.router.config.Listener interRouter \u003d new io.enmasse.controller.router.config.Listener();\n    interRouter.setHost(\"0.0.0.0\");\n    interRouter.setPort(55672);\n    interRouter.setRole(Role.inter_router);\n    interRouter.setAuthenticatePeer(true);\n    interRouter.setSslProfile(\"inter_router_tls\");\n    interRouter.setSaslMechanisms(\"EXTERNAL\");\n    if (routerSpec !\u003d null) {\n        if ((routerSpec.getIdleTimeout()) !\u003d null) {\n            interRouter.setIdleTimeoutSeconds(routerSpec.getIdleTimeout());\n        }\n        if ((routerSpec.getLinkCapacity()) !\u003d null) {\n            interRouter.setLinkCapacity(routerSpec.getLinkCapacity());\n        }\n    }\n    io.enmasse.controller.router.config.Listener httpsPublic \u003d new io.enmasse.controller.router.config.Listener();\n    httpsPublic.setHost(\"0.0.0.0\");\n    httpsPublic.setPort(8443);\n    httpsPublic.setSaslPlugin(\"auth_service\");\n    httpsPublic.setSslProfile(\"ssl_details\");\n    httpsPublic.setHttp(true);\n    httpsPublic.setAuthenticatePeer(true);\n    if ((routerSpec !\u003d null) \u0026\u0026 ((routerSpec.getPolicy()) !\u003d null)) {\n        httpsPublic.setPolicyVhost(\"public\");\n    }\n    if (routerSpec !\u003d null) {\n        if ((routerSpec.getIdleTimeout()) !\u003d null) {\n            httpsPublic.setIdleTimeoutSeconds(routerSpec.getIdleTimeout());\n        }\n        if ((routerSpec.getLinkCapacity()) !\u003d null) {\n            httpsPublic.setLinkCapacity(routerSpec.getLinkCapacity());\n        }\n    }\n    io.enmasse.controller.router.config.Listener amqpPublic \u003d new io.enmasse.controller.router.config.Listener();\n    amqpPublic.setHost(\"0.0.0.0\");\n    amqpPublic.setPort(5672);\n    amqpPublic.setSaslPlugin(\"auth_service\");\n    amqpPublic.setAuthenticatePeer(true);\n    if ((routerSpec !\u003d null) \u0026\u0026 ((routerSpec.getPolicy()) !\u003d null)) {\n        amqpPublic.setPolicyVhost(\"public\");\n    }\n    if (routerSpec !\u003d null) {\n        if ((routerSpec.getIdleTimeout()) !\u003d null) {\n            amqpPublic.setIdleTimeoutSeconds(routerSpec.getIdleTimeout());\n        }\n        if ((routerSpec.getLinkCapacity()) !\u003d null) {\n            amqpPublic.setLinkCapacity(routerSpec.getLinkCapacity());\n        }\n        if ((routerSpec.getHandshakeTimeout()) !\u003d null) {\n            amqpPublic.setInitialHandshakeTimeoutSeconds(routerSpec.getHandshakeTimeout());\n        }\n    }\n    io.enmasse.controller.router.config.Listener amqpsPublic \u003d new io.enmasse.controller.router.config.Listener();\n    amqpsPublic.setHost(\"0.0.0.0\");\n    amqpsPublic.setPort(5671);\n    amqpsPublic.setSaslPlugin(\"auth_service\");\n    amqpsPublic.setSslProfile(\"ssl_details\");\n    amqpsPublic.setRequireSsl(true);\n    amqpsPublic.setAuthenticatePeer(true);\n    if ((routerSpec !\u003d null) \u0026\u0026 ((routerSpec.getPolicy()) !\u003d null)) {\n        amqpsPublic.setPolicyVhost(\"public\");\n    }\n    if (routerSpec !\u003d null) {\n        if ((routerSpec.getIdleTimeout()) !\u003d null) {\n            amqpsPublic.setIdleTimeoutSeconds(routerSpec.getIdleTimeout());\n        }\n        if ((routerSpec.getLinkCapacity()) !\u003d null) {\n            amqpsPublic.setLinkCapacity(routerSpec.getLinkCapacity());\n        }\n        if ((routerSpec.getHandshakeTimeout()) !\u003d null) {\n            amqpsPublic.setInitialHandshakeTimeoutSeconds(routerSpec.getHandshakeTimeout());\n        }\n    }\n    io.enmasse.controller.router.config.Listener amqpsInternal \u003d new io.enmasse.controller.router.config.Listener();\n    amqpsInternal.setHost(\"0.0.0.0\");\n    amqpsInternal.setPort(55671);\n    amqpsInternal.setSslProfile(\"inter_router_tls\");\n    amqpsInternal.setRequireSsl(true);\n    amqpsInternal.setSaslMechanisms(\"EXTERNAL\");\n    amqpsInternal.setAuthenticatePeer(true);\n    if (routerSpec !\u003d null) {\n        if ((routerSpec.getIdleTimeout()) !\u003d null) {\n            amqpsInternal.setIdleTimeoutSeconds(routerSpec.getIdleTimeout());\n        }\n        if ((routerSpec.getLinkCapacity()) !\u003d null) {\n            amqpsInternal.setLinkCapacity(routerSpec.getLinkCapacity());\n        }\n    }\n    io.enmasse.controller.router.config.Listener amqpsRouteContainer \u003d new io.enmasse.controller.router.config.Listener();\n    amqpsRouteContainer.setHost(\"0.0.0.0\");\n    amqpsRouteContainer.setPort(56671);\n    amqpsRouteContainer.setSslProfile(\"inter_router_tls\");\n    amqpsRouteContainer.setRole(Role.route_container);\n    amqpsRouteContainer.setRequireSsl(true);\n    amqpsRouteContainer.setSaslMechanisms(\"EXTERNAL\");\n    amqpsRouteContainer.setAuthenticatePeer(true);\n    if (routerSpec !\u003d null) {\n        if ((routerSpec.getIdleTimeout()) !\u003d null) {\n            amqpsRouteContainer.setIdleTimeoutSeconds(routerSpec.getIdleTimeout());\n        }\n        if ((routerSpec.getLinkCapacity()) !\u003d null) {\n            amqpsRouteContainer.setLinkCapacity(routerSpec.getLinkCapacity());\n        }\n    }\n    java.util.List\u003cio.enmasse.controller.router.config.Policy\u003e policies \u003d java.util.Collections.emptyList();\n    if ((routerSpec !\u003d null) \u0026\u0026 ((routerSpec.getPolicy()) !\u003d null)) {\n        io.enmasse.controller.router.config.Policy policy \u003d new io.enmasse.controller.router.config.Policy();\n        policy.setEnableVhostPolicy(true);\n        policies \u003d java.util.Collections.singletonList(policy);\n    }\n    java.util.List\u003cio.enmasse.controller.router.config.VhostPolicy\u003e vhostPolicies \u003d java.util.Collections.emptyList();\n    if ((routerSpec !\u003d null) \u0026\u0026 ((routerSpec.getPolicy()) !\u003d null)) {\n        vhostPolicies \u003d io.enmasse.controller.RouterConfigController.createVhostPolices(routerSpec.getPolicy());\n    }\n    java.util.List\u003cio.enmasse.controller.router.config.Connector\u003e connectors \u003d new java.util.ArrayList\u003c\u003e();\n    io.enmasse.controller.router.config.Connector ragentConnector \u003d new io.enmasse.controller.router.config.Connector();\n    ragentConnector.setHost((\"ragent-\" + infraUuid));\n    ragentConnector.setPort(5671);\n    ragentConnector.setSslProfile(\"inter_router_tls\");\n    ragentConnector.setVerifyHostname(false);\n    connectors.add(ragentConnector);\n    java.util.List\u003cio.enmasse.controller.router.config.Address\u003e addresses \u003d new java.util.ArrayList\u003c\u003e();\n    io.enmasse.controller.router.config.Address tempAddress \u003d new io.enmasse.controller.router.config.Address();\n    tempAddress.setName(\"override.temp\");\n    tempAddress.setPrefix(\"$temp\");\n    tempAddress.setDistribution(Distribution.balanced);\n    addresses.add(tempAddress);\n    io.enmasse.controller.router.config.Address dlqAddress \u003d new io.enmasse.controller.router.config.Address();\n    dlqAddress.setName(\"override.global.dlq\");\n    dlqAddress.setPattern(\"!!GLOBAL_DLQ\");\n    dlqAddress.setDistribution(Distribution.balanced);\n    dlqAddress.setWaypoint(true);\n    addresses.add(dlqAddress);\n    io.enmasse.controller.router.config.Address routerHealthCheckAddress \u003d new io.enmasse.controller.router.config.Address();\n    routerHealthCheckAddress.setName(\"!!HEALTH_CHECK_ROUTER\");\n    routerHealthCheckAddress.setPrefix(\"!!HEALTH_CHECK_ROUTER\");\n    routerHealthCheckAddress.setDistribution(Distribution.balanced);\n    addresses.add(routerHealthCheckAddress);\n    java.util.List\u003cio.enmasse.controller.router.config.AutoLink\u003e autoLinks \u003d new java.util.ArrayList\u003c\u003e();\n    io.enmasse.controller.router.config.AutoLink dlqAutoLink \u003d new io.enmasse.controller.router.config.AutoLink();\n    dlqAutoLink.setName(\"override.global.dlq.in\");\n    dlqAutoLink.setAddress(\"!!GLOBAL_DLQ\");\n    dlqAutoLink.setDirection(LinkDirection.in);\n    dlqAutoLink.setContainerId(\"broker-global-dlq-out\");\n    autoLinks.add(dlqAutoLink);\n    java.util.List\u003cio.enmasse.controller.router.config.LinkRoute\u003e linkRoutes \u003d new java.util.ArrayList\u003c\u003e();\n    for (io.enmasse.address.model.AddressSpaceSpecConnector connector : addressSpace.getSpec().getConnectors()) {\n        io.enmasse.controller.router.config.Connector remoteConnector \u003d new io.enmasse.controller.router.config.Connector();\n        remoteConnector.setName(connector.getName());\n        io.enmasse.address.model.AddressSpaceStatusConnector connectorStatus \u003d addressSpace.getStatus().getConnectors().stream().filter(( status) -\u003e status.getName().equals(connector.getName())).findFirst().orElse(null);\n        if ((connectorStatus \u003d\u003d null) || (!(connectorStatus.isReady()))) {\n            continue;\n        }\n        java.util.Iterator\u003cio.enmasse.address.model.AddressSpaceSpecConnectorEndpoint\u003e endpointIt \u003d connector.getEndpointHosts().iterator();\n        if (!(endpointIt.hasNext())) {\n            io.enmasse.controller.RouterConfigController.updateConnectorStatus(connector.getName(), false, \"Missing at least one endpoint on connector\", addressSpace.getStatus().getConnectors());\n            continue;\n        }\n        io.enmasse.address.model.AddressSpaceSpecConnectorEndpoint first \u003d endpointIt.next();\n        remoteConnector.setHost(first.getHost());\n        remoteConnector.setPort(connector.getPort(first.getPort()));\n        java.util.List\u003cjava.lang.String\u003e failoverUrls \u003d new java.util.ArrayList\u003c\u003e();\n        while (endpointIt.hasNext()) {\n            io.enmasse.address.model.AddressSpaceSpecConnectorEndpoint failover \u003d endpointIt.next();\n            java.lang.String protocol \u003d \"amqp\" + ((connector.getTls()) !\u003d null ? \"s\" : \"\");\n            failoverUrls.add(java.lang.String.format(\"%s://%s:%d\", protocol, failover.getHost(), connector.getPort(failover.getPort())));\n        } \n        if (!(failoverUrls.isEmpty())) {\n            remoteConnector.setFailoverUrls(java.lang.String.join(\",\", failoverUrls));\n        }\n        java.util.List\u003cjava.lang.String\u003e saslMechanisms \u003d new java.util.ArrayList\u003c\u003e();\n        io.enmasse.address.model.AddressSpaceSpecConnectorTls tls \u003d connector.getTls();\n        if (tls !\u003d null) {\n            java.lang.String sslProfileName \u003d java.lang.String.format(\"connector_%s_settings\", connector.getName());\n            remoteConnector.setSslProfile(sslProfileName);\n            io.enmasse.controller.router.config.SslProfile sslProfile \u003d new io.enmasse.controller.router.config.SslProfile();\n            sslProfile.setName(sslProfileName);\n            if ((tls.getCaCert()) !\u003d null) {\n                sslProfile.setCaCertFile(java.lang.String.format(\"/etc/enmasse-connectors/%s/ca.crt\", connector.getName()));\n            }\n            if (((tls.getClientCert()) !\u003d null) || ((tls.getClientKey()) !\u003d null)) {\n                if ((tls.getClientCert()) \u003d\u003d null) {\n                    io.enmasse.controller.RouterConfigController.updateConnectorStatus(connector.getName(), false, \"Both clientCert and clientKey must be specified (only clientKey is specified)\", addressSpace.getStatus().getConnectors());\n                    continue;\n                }\n                if ((tls.getClientKey()) \u003d\u003d null) {\n                    io.enmasse.controller.RouterConfigController.updateConnectorStatus(connector.getName(), false, \"Both clientCert and clientKey must be specified (only clientCert is specified)\", addressSpace.getStatus().getConnectors());\n                    continue;\n                }\n                sslProfile.setCertFile(java.lang.String.format(\"/etc/enmasse-connectors/%s/tls.crt\", connector.getName()));\n                sslProfile.setPrivateKeyFile(java.lang.String.format(\"/etc/enmasse-connectors/%s/tls.key\", connector.getName()));\n            }\n            sslProfiles.add(sslProfile);\n            saslMechanisms.add(\"EXTERNAL\");\n        }\n        io.enmasse.address.model.AddressSpaceSpecConnectorCredentials credentials \u003d connector.getCredentials();\n        if (credentials !\u003d null) {\n            if ((connector.getCredentials().getUsername()) !\u003d null) {\n                java.lang.String data \u003d getSelectorValue(addressSpace.getMetadata().getNamespace(), connector.getCredentials().getUsername(), \"username\").orElse(null);\n                if (data \u003d\u003d null) {\n                    io.enmasse.controller.RouterConfigController.updateConnectorStatus(connector.getName(), false, \"Unable to locate value or secret for username\", addressSpace.getStatus().getConnectors());\n                    continue;\n                }\n                remoteConnector.setSaslUsername(data);\n            }\n            if ((connector.getCredentials().getPassword()) !\u003d null) {\n                java.lang.String data \u003d getSelectorValue(addressSpace.getMetadata().getNamespace(), connector.getCredentials().getPassword(), \"password\").orElse(null);\n                if (data \u003d\u003d null) {\n                    io.enmasse.controller.RouterConfigController.updateConnectorStatus(connector.getName(), false, \"Unable to locate value or secret for password\", addressSpace.getStatus().getConnectors());\n                    continue;\n                }\n                remoteConnector.setSaslPassword(data);\n            }\n            saslMechanisms.add(\"PLAIN\");\n        }\n        if (saslMechanisms.isEmpty()) {\n            saslMechanisms.add(\"ANONYMOUS\");\n        }\n        remoteConnector.setSaslMechanisms(java.lang.String.join(\" \", saslMechanisms));\n        java.lang.String prefix \u003d java.lang.String.format(\"%s/\", connector.getName());\n        for (io.enmasse.address.model.AddressSpaceSpecConnectorAddressRule rule : connector.getAddresses()) {\n            io.enmasse.controller.router.config.LinkRoute linkRouteIn \u003d new io.enmasse.controller.router.config.LinkRoute();\n            linkRouteIn.setName(((((\"override.connector.\" + (connector.getName())) + \".\") + (rule.getName())) + \".in\"));\n            linkRouteIn.setPattern((prefix + (rule.getPattern())));\n            linkRouteIn.setDelExternalPrefix(prefix);\n            linkRouteIn.setDirection(LinkDirection.in);\n            linkRouteIn.setConnection(connector.getName());\n            linkRoutes.add(linkRouteIn);\n            io.enmasse.controller.router.config.LinkRoute linkRouteOut \u003d new io.enmasse.controller.router.config.LinkRoute();\n            linkRouteOut.setName(((((\"override.connector.\" + (connector.getName())) + \".\") + (rule.getName())) + \".out\"));\n            linkRouteOut.setPattern((((connector.getName()) + \"/\") + (rule.getPattern())));\n            linkRouteOut.setDelExternalPrefix(prefix);\n            linkRouteOut.setDirection(LinkDirection.out);\n            linkRouteOut.setConnection(connector.getName());\n            linkRoutes.add(linkRouteOut);\n        }\n        remoteConnector.setRole(io.enmasse.controller.router.config.Role.forValue(connector.getRole()));\n        if ((connector.getIdleTimeout()) !\u003d null) {\n            remoteConnector.setIdleTimeoutSeconds(connector.getIdleTimeout());\n        }\n        if ((connector.getMaxFrameSize()) !\u003d null) {\n            remoteConnector.setMaxFrameSize(java.lang.Math.max(512, connector.getMaxFrameSize()));\n        }\n        connectors.add(remoteConnector);\n    }\n    return new io.enmasse.controller.router.config.RouterConfig(router, sslProfiles, java.util.Collections.singletonList(authService), java.util.Arrays.asList(localBypass, livenessProbe, httpsPublic, amqpPublic, amqpsPublic, amqpsInternal, amqpsRouteContainer, interRouter), policies, connectors, autoLinks, linkRoutes, addresses, vhostPolicies);\n}",
                "dst_parent": "{\n    io.enmasse.controller.router.config.AutoLink dlqAutoLink \u003d new io.enmasse.controller.router.config.AutoLink();\n    dlqAutoLink.setName(\"override.global.dlq.in\");\n    dlqAutoLink.setAddress(\"!!GLOBAL_DLQ\");\n    dlqAutoLink.setDirection(LinkDirection.in);\n    dlqAutoLink.setContainerId(\"broker-global-dlq-out\");\n    autoLinks.add(dlqAutoLink);\n}"
              },
              "line": 506,
              "file": "/home/khesoem/projects/lighter/exp/address-space-controller/src/main/java/io/enmasse/controller/RouterConfigController.java",
              "stats": {
                "number_of_src_entities": 9,
                "number_of_dst_entities": 9,
                "src_entity_types": "[io.enmasse.controller.router.config.AutoLink]",
                "dst_entity_types": "[io.enmasse.controller.router.config.AutoLink]"
              }
            },
            {
              "pattern_action": "INS",
              "pattern_entity": {
                "entity_type": "If",
                "entity_new value": "*",
                "entity_role": "*",
                "entity_parent": "null"
              },
              "concrete_change": {
                "operator": "INS",
                "src_type": "If",
                "dst_type": "null",
                "src": "if (((infraConfig.getSpec().getGlobalDLQ()) !\u003d null) \u0026\u0026 (infraConfig.getSpec().getGlobalDLQ())) {\n    io.enmasse.controller.router.config.AutoLink dlqAutoLink \u003d new io.enmasse.controller.router.config.AutoLink();\n    dlqAutoLink.setName(\"override.global.dlq.in\");\n    dlqAutoLink.setAddress(\"!!GLOBAL_DLQ\");\n    dlqAutoLink.setDirection(LinkDirection.in);\n    dlqAutoLink.setContainerId(\"broker-global-dlq-out\");\n    autoLinks.add(dlqAutoLink);\n}",
                "dst": "null",
                "src_parent_type": "Block",
                "dst_parent_type": "null",
                "src_parent": "{\n    java.lang.String infraUuid \u003d addressSpace.getAnnotation(AnnotationKeys.INFRA_UUID);\n    io.enmasse.controller.router.config.Router router \u003d new io.enmasse.controller.router.config.Router();\n    io.enmasse.admin.model.v1.StandardInfraConfigSpecRouter routerSpec \u003d ((infraConfig.getSpec()) !\u003d null) ? infraConfig.getSpec().getRouter() : null;\n    if ((routerSpec !\u003d null) \u0026\u0026 ((routerSpec.getWorkerThreads()) !\u003d null)) {\n        router.setWorkerThreads(routerSpec.getWorkerThreads());\n    }\n    java.util.List\u003cio.enmasse.controller.router.config.SslProfile\u003e sslProfiles \u003d new java.util.ArrayList\u003c\u003e();\n    io.enmasse.controller.router.config.SslProfile authServiceSsl \u003d new io.enmasse.controller.router.config.SslProfile();\n    authServiceSsl.setName(\"auth_service_ssl\");\n    authServiceSsl.setCaCertFile(\"/etc/qpid-dispatch/authservice-ca/tls.crt\");\n    sslProfiles.add(authServiceSsl);\n    io.enmasse.controller.router.config.SslProfile sslDetails \u003d new io.enmasse.controller.router.config.SslProfile();\n    sslDetails.setName(\"ssl_details\");\n    sslDetails.setCertFile(\"/etc/qpid-dispatch/ssl/tls.crt\");\n    sslDetails.setPrivateKeyFile(\"/etc/qpid-dispatch/ssl/tls.key\");\n    sslDetails.setProtocols(\"TLSv1.2\");\n    sslProfiles.add(sslDetails);\n    io.enmasse.controller.router.config.SslProfile interRouterTls \u003d new io.enmasse.controller.router.config.SslProfile();\n    interRouterTls.setName(\"inter_router_tls\");\n    interRouterTls.setCaCertFile(\"/etc/enmasse-certs/ca.crt\");\n    interRouterTls.setCertFile(\"/etc/enmasse-certs/tls.crt\");\n    interRouterTls.setPrivateKeyFile(\"/etc/enmasse-certs/tls.key\");\n    sslProfiles.add(interRouterTls);\n    io.enmasse.controller.router.config.AuthServicePlugin authService \u003d new io.enmasse.controller.router.config.AuthServicePlugin();\n    authService.setName(\"auth_service\");\n    authService.setHost(authServiceSettings.getHost());\n    authService.setPort(authServiceSettings.getPort());\n    authService.setRealm(authServiceSettings.getRealm());\n    authService.setSslProfile(\"auth_service_ssl\");\n    io.enmasse.controller.router.config.Listener localBypass \u003d new io.enmasse.controller.router.config.Listener();\n    localBypass.setHost(\"127.0.0.1\");\n    localBypass.setPort(7777);\n    localBypass.setAuthenticatePeer(false);\n    io.enmasse.controller.router.config.Listener livenessProbe \u003d new io.enmasse.controller.router.config.Listener();\n    livenessProbe.setHost(\"127.0.0.1\");\n    livenessProbe.setPort(7770);\n    livenessProbe.setAuthenticatePeer(false);\n    livenessProbe.setHttp(true);\n    livenessProbe.setMetrics(false);\n    livenessProbe.setHealthz(true);\n    livenessProbe.setWebsockets(false);\n    livenessProbe.setHttpRootDir(\"invalid\");\n    io.enmasse.controller.router.config.Listener interRouter \u003d new io.enmasse.controller.router.config.Listener();\n    interRouter.setHost(\"0.0.0.0\");\n    interRouter.setPort(55672);\n    interRouter.setRole(Role.inter_router);\n    interRouter.setAuthenticatePeer(true);\n    interRouter.setSslProfile(\"inter_router_tls\");\n    interRouter.setSaslMechanisms(\"EXTERNAL\");\n    if (routerSpec !\u003d null) {\n        if ((routerSpec.getIdleTimeout()) !\u003d null) {\n            interRouter.setIdleTimeoutSeconds(routerSpec.getIdleTimeout());\n        }\n        if ((routerSpec.getLinkCapacity()) !\u003d null) {\n            interRouter.setLinkCapacity(routerSpec.getLinkCapacity());\n        }\n    }\n    io.enmasse.controller.router.config.Listener httpsPublic \u003d new io.enmasse.controller.router.config.Listener();\n    httpsPublic.setHost(\"0.0.0.0\");\n    httpsPublic.setPort(8443);\n    httpsPublic.setSaslPlugin(\"auth_service\");\n    httpsPublic.setSslProfile(\"ssl_details\");\n    httpsPublic.setHttp(true);\n    httpsPublic.setAuthenticatePeer(true);\n    if ((routerSpec !\u003d null) \u0026\u0026 ((routerSpec.getPolicy()) !\u003d null)) {\n        httpsPublic.setPolicyVhost(\"public\");\n    }\n    if (routerSpec !\u003d null) {\n        if ((routerSpec.getIdleTimeout()) !\u003d null) {\n            httpsPublic.setIdleTimeoutSeconds(routerSpec.getIdleTimeout());\n        }\n        if ((routerSpec.getLinkCapacity()) !\u003d null) {\n            httpsPublic.setLinkCapacity(routerSpec.getLinkCapacity());\n        }\n    }\n    io.enmasse.controller.router.config.Listener amqpPublic \u003d new io.enmasse.controller.router.config.Listener();\n    amqpPublic.setHost(\"0.0.0.0\");\n    amqpPublic.setPort(5672);\n    amqpPublic.setSaslPlugin(\"auth_service\");\n    amqpPublic.setAuthenticatePeer(true);\n    if ((routerSpec !\u003d null) \u0026\u0026 ((routerSpec.getPolicy()) !\u003d null)) {\n        amqpPublic.setPolicyVhost(\"public\");\n    }\n    if (routerSpec !\u003d null) {\n        if ((routerSpec.getIdleTimeout()) !\u003d null) {\n            amqpPublic.setIdleTimeoutSeconds(routerSpec.getIdleTimeout());\n        }\n        if ((routerSpec.getLinkCapacity()) !\u003d null) {\n            amqpPublic.setLinkCapacity(routerSpec.getLinkCapacity());\n        }\n        if ((routerSpec.getHandshakeTimeout()) !\u003d null) {\n            amqpPublic.setInitialHandshakeTimeoutSeconds(routerSpec.getHandshakeTimeout());\n        }\n    }\n    io.enmasse.controller.router.config.Listener amqpsPublic \u003d new io.enmasse.controller.router.config.Listener();\n    amqpsPublic.setHost(\"0.0.0.0\");\n    amqpsPublic.setPort(5671);\n    amqpsPublic.setSaslPlugin(\"auth_service\");\n    amqpsPublic.setSslProfile(\"ssl_details\");\n    amqpsPublic.setRequireSsl(true);\n    amqpsPublic.setAuthenticatePeer(true);\n    if ((routerSpec !\u003d null) \u0026\u0026 ((routerSpec.getPolicy()) !\u003d null)) {\n        amqpsPublic.setPolicyVhost(\"public\");\n    }\n    if (routerSpec !\u003d null) {\n        if ((routerSpec.getIdleTimeout()) !\u003d null) {\n            amqpsPublic.setIdleTimeoutSeconds(routerSpec.getIdleTimeout());\n        }\n        if ((routerSpec.getLinkCapacity()) !\u003d null) {\n            amqpsPublic.setLinkCapacity(routerSpec.getLinkCapacity());\n        }\n        if ((routerSpec.getHandshakeTimeout()) !\u003d null) {\n            amqpsPublic.setInitialHandshakeTimeoutSeconds(routerSpec.getHandshakeTimeout());\n        }\n    }\n    io.enmasse.controller.router.config.Listener amqpsInternal \u003d new io.enmasse.controller.router.config.Listener();\n    amqpsInternal.setHost(\"0.0.0.0\");\n    amqpsInternal.setPort(55671);\n    amqpsInternal.setSslProfile(\"inter_router_tls\");\n    amqpsInternal.setRequireSsl(true);\n    amqpsInternal.setSaslMechanisms(\"EXTERNAL\");\n    amqpsInternal.setAuthenticatePeer(true);\n    if (routerSpec !\u003d null) {\n        if ((routerSpec.getIdleTimeout()) !\u003d null) {\n            amqpsInternal.setIdleTimeoutSeconds(routerSpec.getIdleTimeout());\n        }\n        if ((routerSpec.getLinkCapacity()) !\u003d null) {\n            amqpsInternal.setLinkCapacity(routerSpec.getLinkCapacity());\n        }\n    }\n    io.enmasse.controller.router.config.Listener amqpsRouteContainer \u003d new io.enmasse.controller.router.config.Listener();\n    amqpsRouteContainer.setHost(\"0.0.0.0\");\n    amqpsRouteContainer.setPort(56671);\n    amqpsRouteContainer.setSslProfile(\"inter_router_tls\");\n    amqpsRouteContainer.setRole(Role.route_container);\n    amqpsRouteContainer.setRequireSsl(true);\n    amqpsRouteContainer.setSaslMechanisms(\"EXTERNAL\");\n    amqpsRouteContainer.setAuthenticatePeer(true);\n    if (routerSpec !\u003d null) {\n        if ((routerSpec.getIdleTimeout()) !\u003d null) {\n            amqpsRouteContainer.setIdleTimeoutSeconds(routerSpec.getIdleTimeout());\n        }\n        if ((routerSpec.getLinkCapacity()) !\u003d null) {\n            amqpsRouteContainer.setLinkCapacity(routerSpec.getLinkCapacity());\n        }\n    }\n    java.util.List\u003cio.enmasse.controller.router.config.Policy\u003e policies \u003d java.util.Collections.emptyList();\n    if ((routerSpec !\u003d null) \u0026\u0026 ((routerSpec.getPolicy()) !\u003d null)) {\n        io.enmasse.controller.router.config.Policy policy \u003d new io.enmasse.controller.router.config.Policy();\n        policy.setEnableVhostPolicy(true);\n        policies \u003d java.util.Collections.singletonList(policy);\n    }\n    java.util.List\u003cio.enmasse.controller.router.config.VhostPolicy\u003e vhostPolicies \u003d java.util.Collections.emptyList();\n    if ((routerSpec !\u003d null) \u0026\u0026 ((routerSpec.getPolicy()) !\u003d null)) {\n        vhostPolicies \u003d io.enmasse.controller.RouterConfigController.createVhostPolices(routerSpec.getPolicy());\n    }\n    java.util.List\u003cio.enmasse.controller.router.config.Connector\u003e connectors \u003d new java.util.ArrayList\u003c\u003e();\n    io.enmasse.controller.router.config.Connector ragentConnector \u003d new io.enmasse.controller.router.config.Connector();\n    ragentConnector.setHost((\"ragent-\" + infraUuid));\n    ragentConnector.setPort(5671);\n    ragentConnector.setSslProfile(\"inter_router_tls\");\n    ragentConnector.setVerifyHostname(false);\n    connectors.add(ragentConnector);\n    java.util.List\u003cio.enmasse.controller.router.config.Address\u003e addresses \u003d new java.util.ArrayList\u003c\u003e();\n    io.enmasse.controller.router.config.Address tempAddress \u003d new io.enmasse.controller.router.config.Address();\n    tempAddress.setName(\"override.temp\");\n    tempAddress.setPrefix(\"$temp\");\n    tempAddress.setDistribution(Distribution.balanced);\n    addresses.add(tempAddress);\n    if (((infraConfig.getSpec().getGlobalDLQ()) !\u003d null) \u0026\u0026 (infraConfig.getSpec().getGlobalDLQ())) {\n        io.enmasse.controller.router.config.Address dlqAddress \u003d new io.enmasse.controller.router.config.Address();\n        dlqAddress.setName(\"override.global.dlq\");\n        dlqAddress.setPattern(\"!!GLOBAL_DLQ\");\n        dlqAddress.setDistribution(Distribution.balanced);\n        dlqAddress.setWaypoint(true);\n        addresses.add(dlqAddress);\n    }\n    io.enmasse.controller.router.config.Address routerHealthCheckAddress \u003d new io.enmasse.controller.router.config.Address();\n    routerHealthCheckAddress.setName(\"!!HEALTH_CHECK_ROUTER\");\n    routerHealthCheckAddress.setPrefix(\"!!HEALTH_CHECK_ROUTER\");\n    routerHealthCheckAddress.setDistribution(Distribution.balanced);\n    addresses.add(routerHealthCheckAddress);\n    java.util.List\u003cio.enmasse.controller.router.config.AutoLink\u003e autoLinks \u003d new java.util.ArrayList\u003c\u003e();\n    if (((infraConfig.getSpec().getGlobalDLQ()) !\u003d null) \u0026\u0026 (infraConfig.getSpec().getGlobalDLQ())) {\n        io.enmasse.controller.router.config.AutoLink dlqAutoLink \u003d new io.enmasse.controller.router.config.AutoLink();\n        dlqAutoLink.setName(\"override.global.dlq.in\");\n        dlqAutoLink.setAddress(\"!!GLOBAL_DLQ\");\n        dlqAutoLink.setDirection(LinkDirection.in);\n        dlqAutoLink.setContainerId(\"broker-global-dlq-out\");\n        autoLinks.add(dlqAutoLink);\n    }\n    java.util.List\u003cio.enmasse.controller.router.config.LinkRoute\u003e linkRoutes \u003d new java.util.ArrayList\u003c\u003e();\n    for (io.enmasse.address.model.AddressSpaceSpecConnector connector : addressSpace.getSpec().getConnectors()) {\n        io.enmasse.controller.router.config.Connector remoteConnector \u003d new io.enmasse.controller.router.config.Connector();\n        remoteConnector.setName(connector.getName());\n        io.enmasse.address.model.AddressSpaceStatusConnector connectorStatus \u003d addressSpace.getStatus().getConnectors().stream().filter(( status) -\u003e status.getName().equals(connector.getName())).findFirst().orElse(null);\n        if ((connectorStatus \u003d\u003d null) || (!(connectorStatus.isReady()))) {\n            continue;\n        }\n        java.util.Iterator\u003cio.enmasse.address.model.AddressSpaceSpecConnectorEndpoint\u003e endpointIt \u003d connector.getEndpointHosts().iterator();\n        if (!(endpointIt.hasNext())) {\n            io.enmasse.controller.RouterConfigController.updateConnectorStatus(connector.getName(), false, \"Missing at least one endpoint on connector\", addressSpace.getStatus().getConnectors());\n            continue;\n        }\n        io.enmasse.address.model.AddressSpaceSpecConnectorEndpoint first \u003d endpointIt.next();\n        remoteConnector.setHost(first.getHost());\n        remoteConnector.setPort(connector.getPort(first.getPort()));\n        java.util.List\u003cjava.lang.String\u003e failoverUrls \u003d new java.util.ArrayList\u003c\u003e();\n        while (endpointIt.hasNext()) {\n            io.enmasse.address.model.AddressSpaceSpecConnectorEndpoint failover \u003d endpointIt.next();\n            java.lang.String protocol \u003d \"amqp\" + ((connector.getTls()) !\u003d null ? \"s\" : \"\");\n            failoverUrls.add(java.lang.String.format(\"%s://%s:%d\", protocol, failover.getHost(), connector.getPort(failover.getPort())));\n        } \n        if (!(failoverUrls.isEmpty())) {\n            remoteConnector.setFailoverUrls(java.lang.String.join(\",\", failoverUrls));\n        }\n        java.util.List\u003cjava.lang.String\u003e saslMechanisms \u003d new java.util.ArrayList\u003c\u003e();\n        io.enmasse.address.model.AddressSpaceSpecConnectorTls tls \u003d connector.getTls();\n        if (tls !\u003d null) {\n            java.lang.String sslProfileName \u003d java.lang.String.format(\"connector_%s_settings\", connector.getName());\n            remoteConnector.setSslProfile(sslProfileName);\n            io.enmasse.controller.router.config.SslProfile sslProfile \u003d new io.enmasse.controller.router.config.SslProfile();\n            sslProfile.setName(sslProfileName);\n            if ((tls.getCaCert()) !\u003d null) {\n                sslProfile.setCaCertFile(java.lang.String.format(\"/etc/enmasse-connectors/%s/ca.crt\", connector.getName()));\n            }\n            if (((tls.getClientCert()) !\u003d null) || ((tls.getClientKey()) !\u003d null)) {\n                if ((tls.getClientCert()) \u003d\u003d null) {\n                    io.enmasse.controller.RouterConfigController.updateConnectorStatus(connector.getName(), false, \"Both clientCert and clientKey must be specified (only clientKey is specified)\", addressSpace.getStatus().getConnectors());\n                    continue;\n                }\n                if ((tls.getClientKey()) \u003d\u003d null) {\n                    io.enmasse.controller.RouterConfigController.updateConnectorStatus(connector.getName(), false, \"Both clientCert and clientKey must be specified (only clientCert is specified)\", addressSpace.getStatus().getConnectors());\n                    continue;\n                }\n                sslProfile.setCertFile(java.lang.String.format(\"/etc/enmasse-connectors/%s/tls.crt\", connector.getName()));\n                sslProfile.setPrivateKeyFile(java.lang.String.format(\"/etc/enmasse-connectors/%s/tls.key\", connector.getName()));\n            }\n            sslProfiles.add(sslProfile);\n            saslMechanisms.add(\"EXTERNAL\");\n        }\n        io.enmasse.address.model.AddressSpaceSpecConnectorCredentials credentials \u003d connector.getCredentials();\n        if (credentials !\u003d null) {\n            if ((connector.getCredentials().getUsername()) !\u003d null) {\n                java.lang.String data \u003d getSelectorValue(addressSpace.getMetadata().getNamespace(), connector.getCredentials().getUsername(), \"username\").orElse(null);\n                if (data \u003d\u003d null) {\n                    io.enmasse.controller.RouterConfigController.updateConnectorStatus(connector.getName(), false, \"Unable to locate value or secret for username\", addressSpace.getStatus().getConnectors());\n                    continue;\n                }\n                remoteConnector.setSaslUsername(data);\n            }\n            if ((connector.getCredentials().getPassword()) !\u003d null) {\n                java.lang.String data \u003d getSelectorValue(addressSpace.getMetadata().getNamespace(), connector.getCredentials().getPassword(), \"password\").orElse(null);\n                if (data \u003d\u003d null) {\n                    io.enmasse.controller.RouterConfigController.updateConnectorStatus(connector.getName(), false, \"Unable to locate value or secret for password\", addressSpace.getStatus().getConnectors());\n                    continue;\n                }\n                remoteConnector.setSaslPassword(data);\n            }\n            saslMechanisms.add(\"PLAIN\");\n        }\n        if (saslMechanisms.isEmpty()) {\n            saslMechanisms.add(\"ANONYMOUS\");\n        }\n        remoteConnector.setSaslMechanisms(java.lang.String.join(\" \", saslMechanisms));\n        java.lang.String prefix \u003d java.lang.String.format(\"%s/\", connector.getName());\n        for (io.enmasse.address.model.AddressSpaceSpecConnectorAddressRule rule : connector.getAddresses()) {\n            io.enmasse.controller.router.config.LinkRoute linkRouteIn \u003d new io.enmasse.controller.router.config.LinkRoute();\n            linkRouteIn.setName(((((\"override.connector.\" + (connector.getName())) + \".\") + (rule.getName())) + \".in\"));\n            linkRouteIn.setPattern((prefix + (rule.getPattern())));\n            linkRouteIn.setDelExternalPrefix(prefix);\n            linkRouteIn.setDirection(LinkDirection.in);\n            linkRouteIn.setConnection(connector.getName());\n            linkRoutes.add(linkRouteIn);\n            io.enmasse.controller.router.config.LinkRoute linkRouteOut \u003d new io.enmasse.controller.router.config.LinkRoute();\n            linkRouteOut.setName(((((\"override.connector.\" + (connector.getName())) + \".\") + (rule.getName())) + \".out\"));\n            linkRouteOut.setPattern((((connector.getName()) + \"/\") + (rule.getPattern())));\n            linkRouteOut.setDelExternalPrefix(prefix);\n            linkRouteOut.setDirection(LinkDirection.out);\n            linkRouteOut.setConnection(connector.getName());\n            linkRoutes.add(linkRouteOut);\n        }\n        remoteConnector.setRole(io.enmasse.controller.router.config.Role.forValue(connector.getRole()));\n        if ((connector.getIdleTimeout()) !\u003d null) {\n            remoteConnector.setIdleTimeoutSeconds(connector.getIdleTimeout());\n        }\n        if ((connector.getMaxFrameSize()) !\u003d null) {\n            remoteConnector.setMaxFrameSize(java.lang.Math.max(512, connector.getMaxFrameSize()));\n        }\n        connectors.add(remoteConnector);\n    }\n    return new io.enmasse.controller.router.config.RouterConfig(router, sslProfiles, java.util.Collections.singletonList(authService), java.util.Arrays.asList(localBypass, livenessProbe, httpsPublic, amqpPublic, amqpsPublic, amqpsInternal, amqpsRouteContainer, interRouter), policies, connectors, autoLinks, linkRoutes, addresses, vhostPolicies);\n}",
                "dst_parent": "null"
              },
              "line": 508,
              "file": "/home/khesoem/projects/lighter/exp/address-space-controller/src/main/java/io/enmasse/controller/RouterConfigController.java",
              "stats": {
                "number_of_src_entities": 103,
                "number_of_dst_entities": -1,
                "src_entity_types": "[LinkDirection.in, java.lang.String, io.enmasse.admin.model.v1.StandardInfraConfig, java.util.List\u003cio.enmasse.controller.router.config.AutoLink\u003e, \u003cnulltype\u003e, io.enmasse.controller.router.config.AutoLink]",
                "dst_entity_types": "[]"
              }
            }
          ]
        }
      ]
    }
  ],
  "complete_analysis": true
}