{
  "instances": [
    {
      "revision": "55f6a15a91d4cfeff5b3a9eccde347d662a667dd",
      "repairability": [
        {
          "tool-name": "Nopol",
          "pattern-name": "Nopol:if_condition_upd_deep",
          "Unified_Diff_of-files:": "Starts Below...",
          "CHANGE_old:": "            throw new IllegalArgumentException(\"Expected non-void primitive type instead of \" + typeDescription);",
          "CHANGE_new:": "            throw new IllegalArgumentException(\"Expected non-void primitive type instead of \" + typeDefinition);",
          "instance_detail": [
            {
              "pattern_action": "ANY",
              "pattern_entity": {
                "entity_type": "*",
                "entity_new value": "*",
                "entity_role": "*",
                "entity_parent": {
                  "entity_type": "*",
                  "entity_new value": "*",
                  "entity_role": "condition",
                  "entity_parent": {
                    "entity_type": "If",
                    "entity_new value": "*",
                    "entity_role": "*",
                    "entity_parent": "null"
                  }
                }
              },
              "concrete_change": {
                "operator": "UPD",
                "src_type": "VariableRead",
                "dst_type": "VariableRead",
                "src": "typeDescription",
                "dst": "typeDefinition",
                "src_parent_type": "Invocation",
                "dst_parent_type": "Invocation",
                "src_parent": "typeDescription.represents(boolean.class)",
                "dst_parent": "typeDefinition.represents(boolean.class)"
              },
              "line": 126,
              "file": "/home/khesoem/projects/lighter/exp/byte-buddy-dep/src/main/java/net/bytebuddy/implementation/bytecode/assign/primitive/PrimitiveUnboxingDelegate.java",
              "stats": {
                "number_of_src_entities": 4,
                "number_of_dst_entities": 4,
                "src_entity_types": "[TypeDescription.Generic]",
                "dst_entity_types": "[net.bytebuddy.description.type.TypeDefinition]"
              }
            }
          ]
        },
        {
          "tool-name": "Nopol",
          "pattern-name": "Nopol:if_condition_upd_deep",
          "Unified_Diff_of-files:": "Starts Below...",
          "CHANGE_old:": "            throw new IllegalArgumentException(\"Expected non-void primitive type instead of \" + typeDescription);",
          "CHANGE_new:": "            throw new IllegalArgumentException(\"Expected non-void primitive type instead of \" + typeDefinition);",
          "instance_detail": [
            {
              "pattern_action": "ANY",
              "pattern_entity": {
                "entity_type": "*",
                "entity_new value": "*",
                "entity_role": "*",
                "entity_parent": {
                  "entity_type": "*",
                  "entity_new value": "*",
                  "entity_role": "condition",
                  "entity_parent": {
                    "entity_type": "If",
                    "entity_new value": "*",
                    "entity_role": "*",
                    "entity_parent": "null"
                  }
                }
              },
              "concrete_change": {
                "operator": "UPD",
                "src_type": "VariableRead",
                "dst_type": "VariableRead",
                "src": "typeDescription",
                "dst": "typeDefinition",
                "src_parent_type": "Invocation",
                "dst_parent_type": "Invocation",
                "src_parent": "typeDescription.represents(byte.class)",
                "dst_parent": "typeDefinition.represents(byte.class)"
              },
              "line": 128,
              "file": "/home/khesoem/projects/lighter/exp/byte-buddy-dep/src/main/java/net/bytebuddy/implementation/bytecode/assign/primitive/PrimitiveUnboxingDelegate.java",
              "stats": {
                "number_of_src_entities": 4,
                "number_of_dst_entities": 4,
                "src_entity_types": "[TypeDescription.Generic]",
                "dst_entity_types": "[net.bytebuddy.description.type.TypeDefinition]"
              }
            }
          ]
        },
        {
          "tool-name": "Nopol",
          "pattern-name": "Nopol:if_condition_upd_deep",
          "Unified_Diff_of-files:": "Starts Below...",
          "CHANGE_old:": "            throw new IllegalArgumentException(\"Expected non-void primitive type instead of \" + typeDescription);",
          "CHANGE_new:": "            throw new IllegalArgumentException(\"Expected non-void primitive type instead of \" + typeDefinition);",
          "instance_detail": [
            {
              "pattern_action": "ANY",
              "pattern_entity": {
                "entity_type": "*",
                "entity_new value": "*",
                "entity_role": "*",
                "entity_parent": {
                  "entity_type": "*",
                  "entity_new value": "*",
                  "entity_role": "condition",
                  "entity_parent": {
                    "entity_type": "If",
                    "entity_new value": "*",
                    "entity_role": "*",
                    "entity_parent": "null"
                  }
                }
              },
              "concrete_change": {
                "operator": "UPD",
                "src_type": "VariableRead",
                "dst_type": "VariableRead",
                "src": "typeDescription",
                "dst": "typeDefinition",
                "src_parent_type": "Invocation",
                "dst_parent_type": "Invocation",
                "src_parent": "typeDescription.represents(short.class)",
                "dst_parent": "typeDefinition.represents(short.class)"
              },
              "line": 130,
              "file": "/home/khesoem/projects/lighter/exp/byte-buddy-dep/src/main/java/net/bytebuddy/implementation/bytecode/assign/primitive/PrimitiveUnboxingDelegate.java",
              "stats": {
                "number_of_src_entities": 4,
                "number_of_dst_entities": 4,
                "src_entity_types": "[TypeDescription.Generic]",
                "dst_entity_types": "[net.bytebuddy.description.type.TypeDefinition]"
              }
            }
          ]
        },
        {
          "tool-name": "Nopol",
          "pattern-name": "Nopol:if_condition_upd_deep",
          "Unified_Diff_of-files:": "Starts Below...",
          "CHANGE_old:": "            throw new IllegalArgumentException(\"Expected non-void primitive type instead of \" + typeDescription);",
          "CHANGE_new:": "            throw new IllegalArgumentException(\"Expected non-void primitive type instead of \" + typeDefinition);",
          "instance_detail": [
            {
              "pattern_action": "ANY",
              "pattern_entity": {
                "entity_type": "*",
                "entity_new value": "*",
                "entity_role": "*",
                "entity_parent": {
                  "entity_type": "*",
                  "entity_new value": "*",
                  "entity_role": "condition",
                  "entity_parent": {
                    "entity_type": "If",
                    "entity_new value": "*",
                    "entity_role": "*",
                    "entity_parent": "null"
                  }
                }
              },
              "concrete_change": {
                "operator": "UPD",
                "src_type": "VariableRead",
                "dst_type": "VariableRead",
                "src": "typeDescription",
                "dst": "typeDefinition",
                "src_parent_type": "Invocation",
                "dst_parent_type": "Invocation",
                "src_parent": "typeDescription.represents(char.class)",
                "dst_parent": "typeDefinition.represents(char.class)"
              },
              "line": 132,
              "file": "/home/khesoem/projects/lighter/exp/byte-buddy-dep/src/main/java/net/bytebuddy/implementation/bytecode/assign/primitive/PrimitiveUnboxingDelegate.java",
              "stats": {
                "number_of_src_entities": 4,
                "number_of_dst_entities": 4,
                "src_entity_types": "[TypeDescription.Generic]",
                "dst_entity_types": "[net.bytebuddy.description.type.TypeDefinition]"
              }
            }
          ]
        },
        {
          "tool-name": "Nopol",
          "pattern-name": "Nopol:if_condition_upd_deep",
          "Unified_Diff_of-files:": "Starts Below...",
          "CHANGE_old:": "            throw new IllegalArgumentException(\"Expected non-void primitive type instead of \" + typeDescription);",
          "CHANGE_new:": "            throw new IllegalArgumentException(\"Expected non-void primitive type instead of \" + typeDefinition);",
          "instance_detail": [
            {
              "pattern_action": "ANY",
              "pattern_entity": {
                "entity_type": "*",
                "entity_new value": "*",
                "entity_role": "*",
                "entity_parent": {
                  "entity_type": "*",
                  "entity_new value": "*",
                  "entity_role": "condition",
                  "entity_parent": {
                    "entity_type": "If",
                    "entity_new value": "*",
                    "entity_role": "*",
                    "entity_parent": "null"
                  }
                }
              },
              "concrete_change": {
                "operator": "UPD",
                "src_type": "VariableRead",
                "dst_type": "VariableRead",
                "src": "typeDescription",
                "dst": "typeDefinition",
                "src_parent_type": "Invocation",
                "dst_parent_type": "Invocation",
                "src_parent": "typeDescription.represents(int.class)",
                "dst_parent": "typeDefinition.represents(int.class)"
              },
              "line": 134,
              "file": "/home/khesoem/projects/lighter/exp/byte-buddy-dep/src/main/java/net/bytebuddy/implementation/bytecode/assign/primitive/PrimitiveUnboxingDelegate.java",
              "stats": {
                "number_of_src_entities": 4,
                "number_of_dst_entities": 4,
                "src_entity_types": "[TypeDescription.Generic]",
                "dst_entity_types": "[net.bytebuddy.description.type.TypeDefinition]"
              }
            }
          ]
        },
        {
          "tool-name": "Nopol",
          "pattern-name": "Nopol:if_condition_upd_deep",
          "Unified_Diff_of-files:": "Starts Below...",
          "CHANGE_old:": "            throw new IllegalArgumentException(\"Expected non-void primitive type instead of \" + typeDescription);",
          "CHANGE_new:": "            throw new IllegalArgumentException(\"Expected non-void primitive type instead of \" + typeDefinition);",
          "instance_detail": [
            {
              "pattern_action": "ANY",
              "pattern_entity": {
                "entity_type": "*",
                "entity_new value": "*",
                "entity_role": "*",
                "entity_parent": {
                  "entity_type": "*",
                  "entity_new value": "*",
                  "entity_role": "condition",
                  "entity_parent": {
                    "entity_type": "If",
                    "entity_new value": "*",
                    "entity_role": "*",
                    "entity_parent": "null"
                  }
                }
              },
              "concrete_change": {
                "operator": "UPD",
                "src_type": "VariableRead",
                "dst_type": "VariableRead",
                "src": "typeDescription",
                "dst": "typeDefinition",
                "src_parent_type": "Invocation",
                "dst_parent_type": "Invocation",
                "src_parent": "typeDescription.represents(long.class)",
                "dst_parent": "typeDefinition.represents(long.class)"
              },
              "line": 136,
              "file": "/home/khesoem/projects/lighter/exp/byte-buddy-dep/src/main/java/net/bytebuddy/implementation/bytecode/assign/primitive/PrimitiveUnboxingDelegate.java",
              "stats": {
                "number_of_src_entities": 4,
                "number_of_dst_entities": 4,
                "src_entity_types": "[TypeDescription.Generic]",
                "dst_entity_types": "[net.bytebuddy.description.type.TypeDefinition]"
              }
            }
          ]
        },
        {
          "tool-name": "Nopol",
          "pattern-name": "Nopol:if_condition_upd_deep",
          "Unified_Diff_of-files:": "Starts Below...",
          "CHANGE_old:": "            throw new IllegalArgumentException(\"Expected non-void primitive type instead of \" + typeDescription);",
          "CHANGE_new:": "            throw new IllegalArgumentException(\"Expected non-void primitive type instead of \" + typeDefinition);",
          "instance_detail": [
            {
              "pattern_action": "ANY",
              "pattern_entity": {
                "entity_type": "*",
                "entity_new value": "*",
                "entity_role": "*",
                "entity_parent": {
                  "entity_type": "*",
                  "entity_new value": "*",
                  "entity_role": "condition",
                  "entity_parent": {
                    "entity_type": "If",
                    "entity_new value": "*",
                    "entity_role": "*",
                    "entity_parent": "null"
                  }
                }
              },
              "concrete_change": {
                "operator": "UPD",
                "src_type": "VariableRead",
                "dst_type": "VariableRead",
                "src": "typeDescription",
                "dst": "typeDefinition",
                "src_parent_type": "Invocation",
                "dst_parent_type": "Invocation",
                "src_parent": "typeDescription.represents(float.class)",
                "dst_parent": "typeDefinition.represents(float.class)"
              },
              "line": 138,
              "file": "/home/khesoem/projects/lighter/exp/byte-buddy-dep/src/main/java/net/bytebuddy/implementation/bytecode/assign/primitive/PrimitiveUnboxingDelegate.java",
              "stats": {
                "number_of_src_entities": 4,
                "number_of_dst_entities": 4,
                "src_entity_types": "[TypeDescription.Generic]",
                "dst_entity_types": "[net.bytebuddy.description.type.TypeDefinition]"
              }
            }
          ]
        },
        {
          "tool-name": "Nopol",
          "pattern-name": "Nopol:if_condition_upd_deep",
          "Unified_Diff_of-files:": "Starts Below...",
          "CHANGE_old:": "            throw new IllegalArgumentException(\"Expected non-void primitive type instead of \" + typeDescription);",
          "CHANGE_new:": "            throw new IllegalArgumentException(\"Expected non-void primitive type instead of \" + typeDefinition);",
          "instance_detail": [
            {
              "pattern_action": "ANY",
              "pattern_entity": {
                "entity_type": "*",
                "entity_new value": "*",
                "entity_role": "*",
                "entity_parent": {
                  "entity_type": "*",
                  "entity_new value": "*",
                  "entity_role": "condition",
                  "entity_parent": {
                    "entity_type": "If",
                    "entity_new value": "*",
                    "entity_role": "*",
                    "entity_parent": "null"
                  }
                }
              },
              "concrete_change": {
                "operator": "UPD",
                "src_type": "VariableRead",
                "dst_type": "VariableRead",
                "src": "typeDescription",
                "dst": "typeDefinition",
                "src_parent_type": "Invocation",
                "dst_parent_type": "Invocation",
                "src_parent": "typeDescription.represents(double.class)",
                "dst_parent": "typeDefinition.represents(double.class)"
              },
              "line": 140,
              "file": "/home/khesoem/projects/lighter/exp/byte-buddy-dep/src/main/java/net/bytebuddy/implementation/bytecode/assign/primitive/PrimitiveUnboxingDelegate.java",
              "stats": {
                "number_of_src_entities": 4,
                "number_of_dst_entities": 4,
                "src_entity_types": "[TypeDescription.Generic]",
                "dst_entity_types": "[net.bytebuddy.description.type.TypeDefinition]"
              }
            }
          ]
        }
      ]
    }
  ],
  "complete_analysis": true
}