{
  "instances": [
    {
      "revision": "4d2d5dba4117fe1eb71dd5fd13046e7e65dd82dc",
      "repairability": [
        {
          "tool-name": "Elixir",
          "pattern-name": "Elixir:update_type_ref",
          "Unified_Diff_of-files:": "Starts Below...",
          "CHANGE_old:": "        return new Pair\u0026lt;\u0026gt;(str, octal);",
          "CHANGE_new:": "        return new Pair\u0026lt;\u0026gt;(cooked, octal);",
          "INSERT:": "            cooked \u003d \"\";",
          "instance_detail": [
            {
              "pattern_action": "UPD",
              "pattern_entity": {
                "entity_type": "TypeReference",
                "entity_new value": "*",
                "entity_role": "*",
                "entity_parent": "null"
              },
              "concrete_change": {
                "operator": "UPD",
                "src_type": "TypeReference",
                "dst_type": "TypeReference",
                "src": "java.lang.String",
                "dst": "java.lang.StringBuilder",
                "src_parent_type": "LocalVariable",
                "dst_parent_type": "LocalVariable",
                "src_parent": "java.lang.String str \u003d \"\"",
                "dst_parent": "java.lang.StringBuilder str \u003d new java.lang.StringBuilder()"
              },
              "line": 1004,
              "file": "/home/khesoem/projects/lighter/exp/src/main/java/com/shapesecurity/shift/es2016/parser/Tokenizer.java",
              "stats": {
                "number_of_src_entities": 2,
                "number_of_dst_entities": 2,
                "src_entity_types": "[java.lang.String]",
                "dst_entity_types": "[java.lang.StringBuilder]"
              }
            }
          ]
        },
        {
          "tool-name": "Elixir",
          "pattern-name": "Elixir:Insert_Invocation",
          "Unified_Diff_of-files:": "Starts Below...",
          "CHANGE_old:": "        return new Pair\u0026lt;\u0026gt;(str, octal);",
          "CHANGE_new:": "        return new Pair\u0026lt;\u0026gt;(cooked, octal);",
          "INSERT:": "            cooked \u003d \"\";",
          "instance_detail": [
            {
              "pattern_action": "INS",
              "pattern_entity": {
                "entity_type": "AbstractInvocation",
                "entity_new value": "*",
                "entity_role": "*",
                "entity_parent": "null"
              },
              "concrete_change": {
                "operator": "INS",
                "src_type": "ConstructorCall",
                "dst_type": "null",
                "src": "new java.lang.StringBuilder()",
                "dst": "null",
                "src_parent_type": "LocalVariable",
                "dst_parent_type": "null",
                "src_parent": "java.lang.StringBuilder str \u003d new java.lang.StringBuilder()",
                "dst_parent": "null"
              },
              "line": 1004,
              "file": "/home/khesoem/projects/lighter/exp/src/main/java/com/shapesecurity/shift/es2016/parser/Tokenizer.java",
              "stats": {
                "number_of_src_entities": 6,
                "number_of_dst_entities": -1,
                "src_entity_types": "[java.lang.StringBuilder]",
                "dst_entity_types": "[]"
              }
            }
          ]
        }
      ]
    }
  ],
  "complete_analysis": true
}