{
  "instances": [
    {
      "revision": "1e395ed9d361cc9b637b1d3e34e2f74f4e5e5d1d",
      "repairability": [
        {
          "tool-name": "Elixir",
          "pattern-name": "Elixir:update_invocation_deep",
          "Unified_Diff_of-files:": "Starts Below...",
          "INSERT:": "              new Scope(children, variables, freeIdentifiers, scopeType, this.dynamic, astNode);",
          "DELETE:": "              : new Scope(this.children, variables, freeIdentifiers, scopeType, this.dynamic, astNode);",
          "instance_detail": [
            {
              "pattern_action": "ANY",
              "pattern_entity": {
                "entity_type": "*",
                "entity_new value": "*",
                "entity_role": "*",
                "entity_parent": {
                  "entity_type": "AbstractInvocation",
                  "entity_new value": "*",
                  "entity_role": "*",
                  "entity_parent": "null"
                }
              },
              "concrete_change": {
                "operator": "UPD",
                "src_type": "VariableRead",
                "dst_type": "VariableRead",
                "src": "variables",
                "dst": "children",
                "src_parent_type": "ConstructorCall",
                "dst_parent_type": "ConstructorCall",
                "src_parent": "new com.shapesecurity.shift.scope.Scope(this.children, variables, freeIdentifiers, scopeType, this.dynamic, astNode)",
                "dst_parent": "new com.shapesecurity.shift.scope.GlobalScope(children, variables, freeIdentifiers, astNode)"
              },
              "line": 509,
              "file": "/home/khesoem/projects/lighter/exp/src/main/java/com/shapesecurity/shift/scope/ScopeAnalyzer.java",
              "stats": {
                "number_of_src_entities": 6,
                "number_of_dst_entities": 6,
                "src_entity_types": "[com.shapesecurity.shift.scope.Variable, com.shapesecurity.functional.data.ImmutableList\u003ccom.shapesecurity.shift.scope.Variable\u003e]",
                "dst_entity_types": "[com.shapesecurity.shift.scope.Scope, com.shapesecurity.functional.data.ImmutableList\u003ccom.shapesecurity.shift.scope.Scope\u003e]"
              }
            }
          ]
        },
        {
          "tool-name": "Elixir",
          "pattern-name": "Elixir:update_invocation_deep",
          "Unified_Diff_of-files:": "Starts Below...",
          "INSERT:": "              new Scope(children, variables, freeIdentifiers, scopeType, this.dynamic, astNode);",
          "DELETE:": "              : new Scope(this.children, variables, freeIdentifiers, scopeType, this.dynamic, astNode);",
          "instance_detail": [
            {
              "pattern_action": "ANY",
              "pattern_entity": {
                "entity_type": "*",
                "entity_new value": "*",
                "entity_role": "*",
                "entity_parent": {
                  "entity_type": "AbstractInvocation",
                  "entity_new value": "*",
                  "entity_role": "*",
                  "entity_parent": "null"
                }
              },
              "concrete_change": {
                "operator": "INS",
                "src_type": "VariableRead",
                "dst_type": "null",
                "src": "children",
                "dst": "null",
                "src_parent_type": "ConstructorCall",
                "dst_parent_type": "null",
                "src_parent": "new com.shapesecurity.shift.scope.Scope(children, variables, freeIdentifiers, scopeType, this.dynamic, astNode)",
                "dst_parent": "null"
              },
              "line": 521,
              "file": "/home/khesoem/projects/lighter/exp/src/main/java/com/shapesecurity/shift/scope/ScopeAnalyzer.java",
              "stats": {
                "number_of_src_entities": 6,
                "number_of_dst_entities": -1,
                "src_entity_types": "[com.shapesecurity.shift.scope.Scope, com.shapesecurity.functional.data.ImmutableList\u003ccom.shapesecurity.shift.scope.Scope\u003e]",
                "dst_entity_types": "[]"
              }
            }
          ]
        }
      ]
    }
  ],
  "complete_analysis": true
}