{
  "instances": [
    {
      "revision": "26ea6289e5a5459162fe6ff7745094cc83cd5fca",
      "repairability": [
        {
          "tool-name": "Cardumen",
          "pattern-name": "Cardumen:expression_replacement_by_upd",
          "Unified_Diff_of-files:": "Starts Below...",
          "INSERT:": "        }",
          "CHANGE_old:": "                JavaType t \u003d mod.modifyType(resultType, type, b, this);",
          "CHANGE_new:": "            JavaType t \u003d mod.modifyType(resultType, srcType, b, this);",
          "DELETE:": "        }",
          "instance_detail": [
            {
              "pattern_action": "UPD",
              "pattern_entity": {
                "entity_type": "Expression",
                "entity_new value": "*",
                "entity_role": "*",
                "entity_parent": "null"
              },
              "concrete_change": {
                "operator": "UPD",
                "src_type": "BinaryOperator",
                "dst_type": "BinaryOperator",
                "src": "(_modifiers) !\u003d null",
                "dst": "(_modifiers) \u003d\u003d null",
                "src_parent_type": "If",
                "dst_parent_type": "If",
                "src_parent": "if ((_modifiers) !\u003d null) {\n    com.fasterxml.jackson.databind.type.TypeBindings b \u003d resultType.getBindings();\n    if (b \u003d\u003d null) {\n        b \u003d com.fasterxml.jackson.databind.type.TypeFactory.EMPTY_BINDINGS;\n    }\n    for (com.fasterxml.jackson.databind.type.TypeModifier mod : _modifiers) {\n        com.fasterxml.jackson.databind.JavaType t \u003d mod.modifyType(resultType, type, b, this);\n        if (t \u003d\u003d null) {\n            throw new java.lang.IllegalStateException(java.lang.String.format(\"TypeModifier %s (of type %s) return null for type %s\", mod, mod.getClass().getName(), resultType));\n        }\n        resultType \u003d t;\n    }\n}",
                "dst_parent": "if ((_modifiers) \u003d\u003d null) {\n    return resolvedType;\n}"
              },
              "line": 1340,
              "file": "/home/khesoem/projects/lighter/exp/src/main/java/com/fasterxml/jackson/databind/type/TypeFactory.java",
              "stats": {
                "number_of_src_entities": 17,
                "number_of_dst_entities": 17,
                "src_entity_types": "[boolean, com.fasterxml.jackson.databind.type.TypeFactory, \u003cnulltype\u003e]",
                "dst_entity_types": "[boolean, com.fasterxml.jackson.databind.type.TypeFactory, \u003cnulltype\u003e]"
              }
            }
          ]
        }
      ]
    }
  ],
  "complete_analysis": true
}