{
  "instances": [
    {
      "revision": "aa61c568a00edbdbb70a427f45dc251bb7de3961",
      "repairability": [
        {
          "tool-name": "Cardumen",
          "pattern-name": "Cardumen:expression_replacement_by_upd",
          "Unified_Diff_of-files:": "Starts Below...",
          "INSERT:": "",
          "CHANGE_old:": "            _startLocation \u003d rc.getStartLocation(srcRef);",
          "CHANGE_new:": "            _startLocation \u003d rc.startLocation(srcRef);",
          "instance_detail": [
            {
              "pattern_action": "UPD",
              "pattern_entity": {
                "entity_type": "Expression",
                "entity_new value": "*",
                "entity_role": "*",
                "entity_parent": "null"
              },
              "concrete_change": {
                "operator": "UPD",
                "src_type": "ConstructorCall",
                "dst_type": "ConstructorCall",
                "src": "new com.fasterxml.jackson.databind.util.TokenBufferReadContext(origContext, null)",
                "dst": "new com.fasterxml.jackson.databind.util.TokenBufferReadContext(origContext, null)",
                "src_parent_type": "Return",
                "dst_parent_type": "Return",
                "src_parent": "return new com.fasterxml.jackson.databind.util.TokenBufferReadContext(origContext, null)",
                "dst_parent": "return new com.fasterxml.jackson.databind.util.TokenBufferReadContext(origContext, null)"
              },
              "line": 91,
              "file": "/home/khesoem/projects/lighter/exp/src/main/java/com/fasterxml/jackson/databind/util/TokenBufferReadContext.java",
              "stats": {
                "number_of_src_entities": 16,
                "number_of_dst_entities": 16,
                "src_entity_types": "[com.fasterxml.jackson.core.JsonStreamContext, com.fasterxml.jackson.databind.util.TokenBufferReadContext, \u003cnulltype\u003e]",
                "dst_entity_types": "[com.fasterxml.jackson.core.JsonStreamContext, com.fasterxml.jackson.databind.util.TokenBufferReadContext, \u003cnulltype\u003e]"
              }
            }
          ]
        }
      ]
    }
  ],
  "complete_analysis": true
}