{
  "instances": [
    {
      "revision": "58e0c131b5c7e39d67790fdbabdd9fe21a9c49b3",
      "repairability": [
        {
          "tool-name": "Cardumen",
          "pattern-name": "Cardumen:expression_replacement_by_upd",
          "Unified_Diff_of-files:": "Starts Below...",
          "INSERT:": "                    serviceCombServers.put(server.getInstance().getInstanceId(), server);",
          "CHANGE_old:": "              }",
          "CHANGE_new:": "                  serviceCombServers.remove(notification.getKey());",
          "instance_detail": [
            {
              "pattern_action": "UPD",
              "pattern_entity": {
                "entity_type": "Expression",
                "entity_new value": "*",
                "entity_role": "*",
                "entity_parent": "null"
              },
              "concrete_change": {
                "operator": "UPD",
                "src_type": "NewClass",
                "dst_type": "NewClass",
                "src": "new java.util.TimerTask() {\n    private org.apache.servicecomb.serviceregistry.consumer.MicroserviceInstancePing ping \u003d org.apache.servicecomb.foundation.common.utils.SPIServiceUtils.getPriorityHighestService(org.apache.servicecomb.serviceregistry.consumer.MicroserviceInstancePing.class);\n\n    @java.lang.Override\n    public void run() {\n        try {\n            java.util.Map\u003corg.apache.servicecomb.loadbalance.ServiceCombServer, org.apache.servicecomb.loadbalance.ServiceCombServerStats\u003e allServers \u003d pingView;\n            allServers.entrySet().forEach(( serviceCombServerServiceCombServerStatsEntry) -\u003e {\n                org.apache.servicecomb.loadbalance.ServiceCombServer server \u003d serviceCombServerServiceCombServerStatsEntry.getKey();\n                org.apache.servicecomb.loadbalance.ServiceCombServerStats stats \u003d serviceCombServerServiceCombServerStatsEntry.getValue();\n                if ((((java.lang.System.currentTimeMillis()) - (stats.getLastVisitTime())) \u003e (timerIntervalInMilis)) \u0026\u0026 (!(ping.ping(server.getInstance())))) {\n                    org.apache.servicecomb.loadbalance.ServiceCombLoadBalancerStats.LOGGER.info(\"ping mark server {} failure.\", server.getInstance().getInstanceId());\n                    stats.markFailure();\n                }\n            });\n            serverStatsCache.cleanUp();\n        } catch (java.lang.Throwable e) {\n            org.apache.servicecomb.loadbalance.ServiceCombLoadBalancerStats.LOGGER.warn(\"LoadBalancerStatsTimer error.\", e);\n        }\n    }\n}",
                "dst": "new java.util.TimerTask() {\n    private org.apache.servicecomb.serviceregistry.consumer.MicroserviceInstancePing ping \u003d org.apache.servicecomb.foundation.common.utils.SPIServiceUtils.getPriorityHighestService(org.apache.servicecomb.serviceregistry.consumer.MicroserviceInstancePing.class);\n\n    @java.lang.Override\n    public void run() {\n        try {\n            java.util.Map\u003corg.apache.servicecomb.loadbalance.ServiceCombServer, org.apache.servicecomb.loadbalance.ServiceCombServerStats\u003e allServers \u003d pingView;\n            allServers.entrySet().forEach(( serviceCombServerServiceCombServerStatsEntry) -\u003e {\n                org.apache.servicecomb.loadbalance.ServiceCombServer server \u003d serviceCombServerServiceCombServerStatsEntry.getKey();\n                org.apache.servicecomb.loadbalance.ServiceCombServerStats stats \u003d serviceCombServerServiceCombServerStatsEntry.getValue();\n                if ((((java.lang.System.currentTimeMillis()) - (stats.getLastVisitTime())) \u003e (timerIntervalInMilis)) \u0026\u0026 (!(ping.ping(server.getInstance())))) {\n                    org.apache.servicecomb.loadbalance.ServiceCombLoadBalancerStats.LOGGER.info(\"ping mark server {} failure.\", server.getInstance().getInstanceId());\n                    stats.markFailure();\n                }\n            });\n            serverStatsCache.cleanUp();\n        } catch (java.lang.Throwable e) {\n            org.apache.servicecomb.loadbalance.ServiceCombLoadBalancerStats.LOGGER.warn(\"LoadBalancerStatsTimer error.\", e);\n        }\n    }\n}",
                "src_parent_type": "Invocation",
                "dst_parent_type": "Invocation",
                "src_parent": "timer.schedule(new java.util.TimerTask() {\n    private org.apache.servicecomb.serviceregistry.consumer.MicroserviceInstancePing ping \u003d org.apache.servicecomb.foundation.common.utils.SPIServiceUtils.getPriorityHighestService(org.apache.servicecomb.serviceregistry.consumer.MicroserviceInstancePing.class);\n\n    @java.lang.Override\n    public void run() {\n        try {\n            java.util.Map\u003corg.apache.servicecomb.loadbalance.ServiceCombServer, org.apache.servicecomb.loadbalance.ServiceCombServerStats\u003e allServers \u003d pingView;\n            allServers.entrySet().forEach(( serviceCombServerServiceCombServerStatsEntry) -\u003e {\n                org.apache.servicecomb.loadbalance.ServiceCombServer server \u003d serviceCombServerServiceCombServerStatsEntry.getKey();\n                org.apache.servicecomb.loadbalance.ServiceCombServerStats stats \u003d serviceCombServerServiceCombServerStatsEntry.getValue();\n                if ((((java.lang.System.currentTimeMillis()) - (stats.getLastVisitTime())) \u003e (timerIntervalInMilis)) \u0026\u0026 (!(ping.ping(server.getInstance())))) {\n                    org.apache.servicecomb.loadbalance.ServiceCombLoadBalancerStats.LOGGER.info(\"ping mark server {} failure.\", server.getInstance().getInstanceId());\n                    stats.markFailure();\n                }\n            });\n            serverStatsCache.cleanUp();\n        } catch (java.lang.Throwable e) {\n            org.apache.servicecomb.loadbalance.ServiceCombLoadBalancerStats.LOGGER.warn(\"LoadBalancerStatsTimer error.\", e);\n        }\n    }\n}, timerIntervalInMilis, timerIntervalInMilis)",
                "dst_parent": "timer.schedule(new java.util.TimerTask() {\n    private org.apache.servicecomb.serviceregistry.consumer.MicroserviceInstancePing ping \u003d org.apache.servicecomb.foundation.common.utils.SPIServiceUtils.getPriorityHighestService(org.apache.servicecomb.serviceregistry.consumer.MicroserviceInstancePing.class);\n\n    @java.lang.Override\n    public void run() {\n        try {\n            java.util.Map\u003corg.apache.servicecomb.loadbalance.ServiceCombServer, org.apache.servicecomb.loadbalance.ServiceCombServerStats\u003e allServers \u003d pingView;\n            allServers.entrySet().forEach(( serviceCombServerServiceCombServerStatsEntry) -\u003e {\n                org.apache.servicecomb.loadbalance.ServiceCombServer server \u003d serviceCombServerServiceCombServerStatsEntry.getKey();\n                org.apache.servicecomb.loadbalance.ServiceCombServerStats stats \u003d serviceCombServerServiceCombServerStatsEntry.getValue();\n                if ((((java.lang.System.currentTimeMillis()) - (stats.getLastVisitTime())) \u003e (timerIntervalInMilis)) \u0026\u0026 (!(ping.ping(server.getInstance())))) {\n                    org.apache.servicecomb.loadbalance.ServiceCombLoadBalancerStats.LOGGER.info(\"ping mark server {} failure.\", server.getInstance().getInstanceId());\n                    stats.markFailure();\n                }\n            });\n            serverStatsCache.cleanUp();\n        } catch (java.lang.Throwable e) {\n            org.apache.servicecomb.loadbalance.ServiceCombLoadBalancerStats.LOGGER.warn(\"LoadBalancerStatsTimer error.\", e);\n        }\n    }\n}, timerIntervalInMilis, timerIntervalInMilis)"
              },
              "line": 161,
              "file": "/home/khesoem/projects/lighter/exp/handlers/handler-loadbalance/src/main/java/org/apache/servicecomb/loadbalance/ServiceCombLoadBalancerStats.java",
              "stats": {
                "number_of_src_entities": 244,
                "number_of_dst_entities": 244,
                "src_entity_types": "[org.apache.servicecomb.loadbalance.serviceCombServerServiceCombServerStatsEntry, void, org.apache.servicecomb.loadbalance.server, org.apache.servicecomb.loadbalance.ping, java.lang.String, org.apache.servicecomb.serviceregistry.consumer.MicroserviceInstancePing, org.apache.servicecomb.foundation.common.utils.SPIServiceUtils, org.apache.servicecomb.loadbalance.ServiceCombServerStats, org.apache.servicecomb.loadbalance.stats, org.slf4j.Logger, java.lang.System, org.apache.servicecomb.loadbalance.ServiceCombServer, org.apache.servicecomb.loadbalance.ServiceCombLoadBalancerStats.3, 3, java.util.TimerTask, com.google.common.cache.LoadingCache\u003corg.apache.servicecomb.loadbalance.ServiceCombServer, org.apache.servicecomb.loadbalance.ServiceCombServerStats\u003e, java.lang.Throwable, org.apache.servicecomb.loadbalance.LOGGER, java.lang.Override, java.util.Map\u003corg.apache.servicecomb.loadbalance.ServiceCombServer, org.apache.servicecomb.loadbalance.ServiceCombServerStats\u003e, org.apache.servicecomb.loadbalance.ServiceCombLoadBalancerStats]",
                "dst_entity_types": "[org.apache.servicecomb.loadbalance.serviceCombServerServiceCombServerStatsEntry, void, org.apache.servicecomb.loadbalance.server, org.apache.servicecomb.loadbalance.ping, java.lang.String, org.apache.servicecomb.serviceregistry.consumer.MicroserviceInstancePing, org.apache.servicecomb.foundation.common.utils.SPIServiceUtils, org.apache.servicecomb.loadbalance.ServiceCombServerStats, org.apache.servicecomb.loadbalance.stats, org.slf4j.Logger, java.lang.System, org.apache.servicecomb.loadbalance.ServiceCombLoadBalancerStats.2, org.apache.servicecomb.loadbalance.ServiceCombServer, 2, java.util.TimerTask, com.google.common.cache.LoadingCache\u003corg.apache.servicecomb.loadbalance.ServiceCombServer, org.apache.servicecomb.loadbalance.ServiceCombServerStats\u003e, java.lang.Throwable, org.apache.servicecomb.loadbalance.LOGGER, java.lang.Override, java.util.Map\u003corg.apache.servicecomb.loadbalance.ServiceCombServer, org.apache.servicecomb.loadbalance.ServiceCombServerStats\u003e, org.apache.servicecomb.loadbalance.ServiceCombLoadBalancerStats]"
              }
            }
          ]
        }
      ]
    }
  ],
  "complete_analysis": true
}