{
  "instances": [
    {
      "revision": "ba6db7694af98089e19e86d66f1cd7ea9d6b9c1f",
      "repairability": [
        {
          "tool-name": "Cardumen",
          "pattern-name": "Cardumen:expression_replacement_by_upd",
          "Unified_Diff_of-files:": "Starts Below...",
          "INSERT:": "    options.setWorkerPoolSize(2);",
          "instance_detail": [
            {
              "pattern_action": "UPD",
              "pattern_entity": {
                "entity_type": "Expression",
                "entity_new value": "*",
                "entity_role": "*",
                "entity_parent": "null"
              },
              "concrete_change": {
                "operator": "UPD",
                "src_type": "TypeAccess",
                "dst_type": "TypeAccess",
                "src": "org.apache.servicecomb.edge.core.EdgeInvocation",
                "dst": "",
                "src_parent_type": "ThisAccess",
                "dst_parent_type": "ThisAccess",
                "src_parent": "",
                "dst_parent": ""
              },
              "stats": {
                "number_of_src_entities": 3,
                "number_of_dst_entities": 1,
                "src_entity_types": "[org.apache.servicecomb.edge.core.EdgeInvocation]",
                "dst_entity_types": "[]"
              }
            }
          ]
        },
        {
          "tool-name": "Cardumen",
          "pattern-name": "Cardumen:expression_replacement_by_upd",
          "Unified_Diff_of-files:": "Starts Below...",
          "INSERT:": "    options.setWorkerPoolSize(2);",
          "instance_detail": [
            {
              "pattern_action": "UPD",
              "pattern_entity": {
                "entity_type": "Expression",
                "entity_new value": "*",
                "entity_role": "*",
                "entity_parent": "null"
              },
              "concrete_change": {
                "operator": "UPD",
                "src_type": "TypeAccess",
                "dst_type": "TypeAccess",
                "src": "org.apache.servicecomb.edge.core.EdgeInvocation",
                "dst": "",
                "src_parent_type": "ThisAccess",
                "dst_parent_type": "ThisAccess",
                "src_parent": "",
                "dst_parent": ""
              },
              "stats": {
                "number_of_src_entities": 3,
                "number_of_dst_entities": 1,
                "src_entity_types": "[org.apache.servicecomb.edge.core.EdgeInvocation]",
                "dst_entity_types": "[]"
              }
            }
          ]
        }
      ]
    },
    {
      "revision": "ba6db7694af98089e19e86d66f1cd7ea9d6b9c1f",
      "repairability": [
        {
          "tool-name": "Cardumen",
          "pattern-name": "Cardumen:expression_replacement_by_upd",
          "Unified_Diff_of-files:": "Starts Below...",
          "INSERT:": "    options.setWorkerPoolSize(2);",
          "instance_detail": [
            {
              "pattern_action": "UPD",
              "pattern_entity": {
                "entity_type": "Expression",
                "entity_new value": "*",
                "entity_role": "*",
                "entity_parent": "null"
              },
              "concrete_change": {
                "operator": "UPD",
                "src_type": "Literal",
                "dst_type": "Literal",
                "src": "false",
                "dst": "true",
                "src_parent_type": "Return",
                "dst_parent_type": "Return",
                "src_parent": "return false",
                "dst_parent": "return true"
              },
              "line": 76,
              "file": "/home/khesoem/projects/lighter/exp/transports/transport-rest/transport-rest-client/src/main/java/org/apache/servicecomb/transport/rest/client/HttpTransportHttpClientOptionsSPI.java",
              "stats": {
                "number_of_src_entities": 2,
                "number_of_dst_entities": 2,
                "src_entity_types": "[boolean]",
                "dst_entity_types": "[boolean]"
              }
            }
          ]
        }
      ]
    }
  ],
  "complete_analysis": true
}