{
  "instances": [
    {
      "revision": "66e4947e07eefea00a25c6b9057dc842a6f2f768",
      "repairability": [
        {
          "tool-name": "Cardumen",
          "pattern-name": "Cardumen:expression_replacement_by_upd",
          "Unified_Diff_of-files:": "Starts Below...",
          "CHANGE_old:": "        response.getHeaders().addHeader(headerName, headerValue);",
          "CHANGE_new:": "        response.addHeader(headerName, headerValue);",
          "instance_detail": [
            {
              "pattern_action": "UPD",
              "pattern_entity": {
                "entity_type": "Expression",
                "entity_new value": "*",
                "entity_role": "*",
                "entity_parent": "null"
              },
              "concrete_change": {
                "operator": "UPD",
                "src_type": "VariableRead",
                "dst_type": "VariableRead",
                "src": "headers",
                "dst": "response",
                "src_parent_type": "Invocation",
                "dst_parent_type": "Invocation",
                "src_parent": "headers.addHeader(\"h1\", (\"h1v \" + (c1.getContext().get(Const.SRC_MICROSERVICE))))",
                "dst_parent": "response.addHeader(\"h1\", (\"h1v \" + (c1.getContext().get(Const.SRC_MICROSERVICE))))"
              },
              "line": 166,
              "file": "/home/khesoem/projects/lighter/exp/demo/demo-springmvc/springmvc-server/src/main/java/org/apache/servicecomb/demo/springmvc/server/CodeFirstSpringmvc.java",
              "stats": {
                "number_of_src_entities": 4,
                "number_of_dst_entities": 4,
                "src_entity_types": "[org.apache.servicecomb.swagger.invocation.response.Headers]",
                "dst_entity_types": "[org.apache.servicecomb.swagger.invocation.Response]"
              }
            }
          ]
        },
        {
          "tool-name": "Cardumen",
          "pattern-name": "Cardumen:expression_replacement_by_upd",
          "Unified_Diff_of-files:": "Starts Below...",
          "CHANGE_old:": "        response.getHeaders().addHeader(headerName, headerValue);",
          "CHANGE_new:": "        response.addHeader(headerName, headerValue);",
          "instance_detail": [
            {
              "pattern_action": "UPD",
              "pattern_entity": {
                "entity_type": "Expression",
                "entity_new value": "*",
                "entity_role": "*",
                "entity_parent": "null"
              },
              "concrete_change": {
                "operator": "UPD",
                "src_type": "VariableRead",
                "dst_type": "VariableRead",
                "src": "headers",
                "dst": "response",
                "src_parent_type": "Invocation",
                "dst_parent_type": "Invocation",
                "src_parent": "headers.addHeader(\"h2\", (\"h2v \" + (c2.getContext().get(Const.SRC_MICROSERVICE))))",
                "dst_parent": "response.addHeader(\"h2\", (\"h2v \" + (c2.getContext().get(Const.SRC_MICROSERVICE))))"
              },
              "line": 169,
              "file": "/home/khesoem/projects/lighter/exp/demo/demo-springmvc/springmvc-server/src/main/java/org/apache/servicecomb/demo/springmvc/server/CodeFirstSpringmvc.java",
              "stats": {
                "number_of_src_entities": 4,
                "number_of_dst_entities": 4,
                "src_entity_types": "[org.apache.servicecomb.swagger.invocation.response.Headers]",
                "dst_entity_types": "[org.apache.servicecomb.swagger.invocation.Response]"
              }
            }
          ]
        },
        {
          "tool-name": "Cardumen",
          "pattern-name": "Cardumen:expression_replacement_by_upd",
          "Unified_Diff_of-files:": "Starts Below...",
          "CHANGE_old:": "        response.getHeaders().addHeader(headerName, headerValue);",
          "CHANGE_new:": "        response.addHeader(headerName, headerValue);",
          "instance_detail": [
            {
              "pattern_action": "UPD",
              "pattern_entity": {
                "entity_type": "Expression",
                "entity_new value": "*",
                "entity_role": "*",
                "entity_parent": "null"
              },
              "concrete_change": {
                "operator": "UPD",
                "src_type": "VariableRead",
                "dst_type": "VariableRead",
                "src": "headers",
                "dst": "response",
                "src_parent_type": "Invocation",
                "dst_parent_type": "Invocation",
                "src_parent": "headers.addHeader(\"h1\", (\"h1v \" + (c1.getContext().get(Const.SRC_MICROSERVICE))))",
                "dst_parent": "response.addHeader(\"h1\", (\"h1v \" + (c1.getContext().get(Const.SRC_MICROSERVICE))))"
              },
              "line": 183,
              "file": "/home/khesoem/projects/lighter/exp/demo/demo-springmvc/springmvc-server/src/main/java/org/apache/servicecomb/demo/springmvc/server/CodeFirstSpringmvc.java",
              "stats": {
                "number_of_src_entities": 4,
                "number_of_dst_entities": 4,
                "src_entity_types": "[org.apache.servicecomb.swagger.invocation.response.Headers]",
                "dst_entity_types": "[org.apache.servicecomb.swagger.invocation.Response]"
              }
            }
          ]
        },
        {
          "tool-name": "Cardumen",
          "pattern-name": "Cardumen:expression_replacement_by_upd",
          "Unified_Diff_of-files:": "Starts Below...",
          "CHANGE_old:": "        response.getHeaders().addHeader(headerName, headerValue);",
          "CHANGE_new:": "        response.addHeader(headerName, headerValue);",
          "instance_detail": [
            {
              "pattern_action": "UPD",
              "pattern_entity": {
                "entity_type": "Expression",
                "entity_new value": "*",
                "entity_role": "*",
                "entity_parent": "null"
              },
              "concrete_change": {
                "operator": "UPD",
                "src_type": "VariableRead",
                "dst_type": "VariableRead",
                "src": "headers",
                "dst": "response",
                "src_parent_type": "Invocation",
                "dst_parent_type": "Invocation",
                "src_parent": "headers.addHeader(\"h2\", (\"h2v \" + (c2.getContext().get(Const.SRC_MICROSERVICE))))",
                "dst_parent": "response.addHeader(\"h2\", (\"h2v \" + (c2.getContext().get(Const.SRC_MICROSERVICE))))"
              },
              "line": 186,
              "file": "/home/khesoem/projects/lighter/exp/demo/demo-springmvc/springmvc-server/src/main/java/org/apache/servicecomb/demo/springmvc/server/CodeFirstSpringmvc.java",
              "stats": {
                "number_of_src_entities": 4,
                "number_of_dst_entities": 4,
                "src_entity_types": "[org.apache.servicecomb.swagger.invocation.response.Headers]",
                "dst_entity_types": "[org.apache.servicecomb.swagger.invocation.Response]"
              }
            }
          ]
        }
      ]
    },
    {
      "revision": "66e4947e07eefea00a25c6b9057dc842a6f2f768",
      "repairability": [
        {
          "tool-name": "Cardumen",
          "pattern-name": "Cardumen:expression_replacement_by_upd",
          "Unified_Diff_of-files:": "Starts Below...",
          "CHANGE_old:": "        response.getHeaders().addHeader(headerName, headerValue);",
          "CHANGE_new:": "        response.addHeader(headerName, headerValue);",
          "instance_detail": [
            {
              "pattern_action": "UPD",
              "pattern_entity": {
                "entity_type": "Expression",
                "entity_new value": "*",
                "entity_role": "*",
                "entity_parent": "null"
              },
              "concrete_change": {
                "operator": "UPD",
                "src_type": "VariableRead",
                "dst_type": "VariableRead",
                "src": "cseHeaders",
                "dst": "cseResponse",
                "src_parent_type": "Invocation",
                "dst_parent_type": "Invocation",
                "src_parent": "cseHeaders.addHeader(entry.getKey(), value)",
                "dst_parent": "cseResponse.addHeader(entry.getKey(), value)"
              },
              "line": 62,
              "file": "/home/khesoem/projects/lighter/exp/swagger/swagger-invocation/invocation-springmvc/src/main/java/org/apache/servicecomb/swagger/invocation/springmvc/response/SpringmvcProducerResponseMapper.java",
              "stats": {
                "number_of_src_entities": 4,
                "number_of_dst_entities": 4,
                "src_entity_types": "[org.apache.servicecomb.swagger.invocation.response.Headers]",
                "dst_entity_types": "[org.apache.servicecomb.swagger.invocation.Response]"
              }
            }
          ]
        }
      ]
    },
    {
      "revision": "66e4947e07eefea00a25c6b9057dc842a6f2f768",
      "repairability": [
        {
          "tool-name": "Cardumen",
          "pattern-name": "Cardumen:expression_replacement_by_del_ins",
          "Unified_Diff_of-files:": "Starts Below...",
          "CHANGE_old:": "        response.getHeaders().addHeader(headerName, headerValue);",
          "CHANGE_new:": "        response.addHeader(headerName, headerValue);",
          "instance_detail": [
            {
              "pattern_action": "INS",
              "pattern_entity": {
                "entity_type": "Expression",
                "entity_new value": "*",
                "entity_role": "*",
                "entity_parent": "null"
              },
              "concrete_change": {
                "operator": "INS",
                "src_type": "VariableRead",
                "dst_type": "null",
                "src": "headers",
                "dst": "null",
                "src_parent_type": "BinaryOperator",
                "dst_parent_type": "null",
                "src_parent": "headers !\u003d null",
                "dst_parent": "null"
              },
              "line": 80,
              "file": "/home/khesoem/projects/lighter/exp/providers/provider-springmvc/src/main/java/org/apache/servicecomb/provider/springmvc/reference/CseClientHttpResponse.java",
              "stats": {
                "number_of_src_entities": 4,
                "number_of_dst_entities": -1,
                "src_entity_types": "[io.vertx.core.MultiMap]",
                "dst_entity_types": "[]"
              }
            },
            {
              "pattern_action": "DEL",
              "pattern_entity": {
                "entity_type": "Expression",
                "entity_new value": "*",
                "entity_role": "*",
                "entity_parent": "null"
              },
              "concrete_change": {
                "operator": "DEL",
                "src_type": "Invocation",
                "dst_type": "null",
                "src": "(headers.getHeaderMap())",
                "dst": "null",
                "src_parent_type": "BinaryOperator",
                "dst_parent_type": "null",
                "src_parent": "(headers.getHeaderMap()) !\u003d null",
                "dst_parent": "null"
              },
              "line": 78,
              "file": "/home/khesoem/projects/lighter/exp/providers/provider-springmvc/src/main/java/org/apache/servicecomb/provider/springmvc/reference/CseClientHttpResponse.java",
              "stats": {
                "number_of_src_entities": 8,
                "number_of_dst_entities": -1,
                "src_entity_types": "[org.apache.servicecomb.swagger.invocation.response.Headers]",
                "dst_entity_types": "[]"
              }
            }
          ]
        }
      ]
    }
  ],
  "complete_analysis": true
}