{
  "instances": [
    {
      "revision": "531e1218e51800e05220bce7ed0dbd0ef16db28c",
      "repairability": [
        {
          "tool-name": "Cardumen",
          "pattern-name": "Cardumen:expression_replacement_by_upd",
          "Unified_Diff_of-files:": "Starts Below...",
          "INSERT:": "import org.apache.servicecomb.foundation.common.utils.ExceptionUtils;",
          "CHANGE_old:": "",
          "CHANGE_new:": "          , ExceptionUtils.getExceptionMessageWithoutTrace(e));",
          "instance_detail": [
            {
              "pattern_action": "UPD",
              "pattern_entity": {
                "entity_type": "Expression",
                "entity_new value": "*",
                "entity_role": "*",
                "entity_parent": "null"
              },
              "concrete_change": {
                "operator": "UPD",
                "src_type": "VariableRead",
                "dst_type": "VariableRead",
                "src": "e1",
                "dst": "e",
                "src_parent_type": "Invocation",
                "dst_parent_type": "Invocation",
                "src_parent": "invocation.getTraceIdLogger().error(org.apache.servicecomb.transport.rest.client.http.RestClientInvocation.LOGGER, \"failed to invoke asyncResp.fail.\", e1)",
                "dst_parent": "org.apache.servicecomb.foundation.common.utils.ExceptionUtils.getExceptionMessageWithoutTrace(e)"
              },
              "line": 281,
              "file": "/home/khesoem/projects/lighter/exp/transports/transport-rest/transport-rest-client/src/main/java/org/apache/servicecomb/transport/rest/client/http/RestClientInvocation.java",
              "stats": {
                "number_of_src_entities": 4,
                "number_of_dst_entities": 4,
                "src_entity_types": "[java.lang.Throwable]",
                "dst_entity_types": "[java.lang.Throwable]"
              }
            }
          ]
        }
      ]
    }
  ],
  "complete_analysis": true
}