{
  "instances": [
    {
      "revision": "6adf9ceaa6b3c867d8fccc97b8de102e3dbb79ad",
      "repairability": [
        {
          "tool-name": "JKali",
          "pattern-name": "JKali:add_rtrn",
          "Unified_Diff_of-files:": "Starts Below...",
          "INSERT:": "    @Override",
          "instance_detail": [
            {
              "pattern_action": "INS",
              "pattern_entity": {
                "entity_type": "Return",
                "entity_new value": "*",
                "entity_role": "Statement",
                "entity_parent": "null"
              },
              "concrete_change": {
                "operator": "INS",
                "src_type": "Return",
                "dst_type": "null",
                "src": "return isInUserDataViewHierarchy(currentUserService.getCurrentUser(), organisationUnit)",
                "dst": "null",
                "src_parent_type": "Block",
                "dst_parent_type": "null",
                "src_parent": "{\n    return isInUserDataViewHierarchy(currentUserService.getCurrentUser(), organisationUnit);\n}",
                "dst_parent": "null"
              },
              "line": 506,
              "file": "/home/khesoem/projects/lighter/exp/dhis-2/dhis-services/dhis-service-core/src/main/java/org/hisp/dhis/organisationunit/DefaultOrganisationUnitService.java"
            }
          ]
        },
        {
          "tool-name": "JKali",
          "pattern-name": "JKali:add_rtrn",
          "Unified_Diff_of-files:": "Starts Below...",
          "INSERT:": "    @Override",
          "instance_detail": [
            {
              "pattern_action": "INS",
              "pattern_entity": {
                "entity_type": "Return",
                "entity_new value": "*",
                "entity_role": "Statement",
                "entity_parent": "null"
              },
              "concrete_change": {
                "operator": "INS",
                "src_type": "Return",
                "dst_type": "null",
                "src": "return isInUserDataViewHierarchy(currentUserService.getCurrentUser(), organisationUnit)",
                "dst": "null",
                "src_parent_type": "Block",
                "dst_parent_type": "null",
                "src_parent": "{\n    return isInUserDataViewHierarchy(currentUserService.getCurrentUser(), organisationUnit);\n}",
                "dst_parent": "null"
              },
              "line": 513,
              "file": "/home/khesoem/projects/lighter/exp/dhis-2/dhis-services/dhis-service-core/src/main/java/org/hisp/dhis/organisationunit/DefaultOrganisationUnitService.java"
            }
          ]
        },
        {
          "tool-name": "JKali",
          "pattern-name": "JKali:add_rtrn",
          "Unified_Diff_of-files:": "Starts Below...",
          "INSERT:": "    @Override",
          "instance_detail": [
            {
              "pattern_action": "INS",
              "pattern_entity": {
                "entity_type": "Return",
                "entity_new value": "*",
                "entity_role": "Statement",
                "entity_parent": "null"
              },
              "concrete_change": {
                "operator": "INS",
                "src_type": "Return",
                "dst_type": "null",
                "src": "return organisationUnit.isDescendant(user.getDataViewOrganisationUnitsWithFallback())",
                "dst": "null",
                "src_parent_type": "Block",
                "dst_parent_type": "null",
                "src_parent": "{\n    if (((user \u003d\u003d null) || ((user.getOrganisationUnits()) \u003d\u003d null)) || (user.getOrganisationUnits().isEmpty())) {\n        return false;\n    }\n    return organisationUnit.isDescendant(user.getDataViewOrganisationUnitsWithFallback());\n}",
                "dst_parent": "null"
              },
              "line": 525,
              "file": "/home/khesoem/projects/lighter/exp/dhis-2/dhis-services/dhis-service-core/src/main/java/org/hisp/dhis/organisationunit/DefaultOrganisationUnitService.java"
            }
          ]
        },
        {
          "tool-name": "JKali",
          "pattern-name": "JKali:add_rtrn",
          "Unified_Diff_of-files:": "Starts Below...",
          "INSERT:": "    @Override",
          "instance_detail": [
            {
              "pattern_action": "INS",
              "pattern_entity": {
                "entity_type": "Return",
                "entity_new value": "*",
                "entity_role": "Statement",
                "entity_parent": "null"
              },
              "concrete_change": {
                "operator": "INS",
                "src_type": "Return",
                "dst_type": "null",
                "src": "return inUserOrgUnitViewHierarchyCache.get(cacheKey, ( ou) -\u003e isInUserDataViewHierarchy(user, organisationUnit)).orElse(false)",
                "dst": "null",
                "src_parent_type": "Block",
                "dst_parent_type": "null",
                "src_parent": "{\n    java.lang.String cacheKey \u003d joinHyphen(user.getUsername(), organisationUnit.getUid());\n    return inUserOrgUnitViewHierarchyCache.get(cacheKey, ( ou) -\u003e isInUserDataViewHierarchy(user, organisationUnit)).orElse(false);\n}",
                "dst_parent": "null"
              },
              "line": 534,
              "file": "/home/khesoem/projects/lighter/exp/dhis-2/dhis-services/dhis-service-core/src/main/java/org/hisp/dhis/organisationunit/DefaultOrganisationUnitService.java"
            }
          ]
        },
        {
          "tool-name": "JKali",
          "pattern-name": "JKali:add_rtrn",
          "Unified_Diff_of-files:": "Starts Below...",
          "INSERT:": "    @Override",
          "instance_detail": [
            {
              "pattern_action": "INS",
              "pattern_entity": {
                "entity_type": "Return",
                "entity_new value": "*",
                "entity_role": "Statement",
                "entity_parent": "null"
              },
              "concrete_change": {
                "operator": "INS",
                "src_type": "Return",
                "dst_type": "null",
                "src": "return false",
                "dst": "null",
                "src_parent_type": "Block",
                "dst_parent_type": "null",
                "src_parent": "{\n    return false;\n}",
                "dst_parent": "null"
              },
              "line": 522,
              "file": "/home/khesoem/projects/lighter/exp/dhis-2/dhis-services/dhis-service-core/src/main/java/org/hisp/dhis/organisationunit/DefaultOrganisationUnitService.java"
            }
          ]
        }
      ]
    },
    {
      "revision": "6adf9ceaa6b3c867d8fccc97b8de102e3dbb79ad",
      "repairability": [
        {
          "tool-name": "JKali",
          "pattern-name": "JKali:add_rtrn",
          "Unified_Diff_of-files:": "Starts Below...",
          "INSERT:": "    @Override",
          "instance_detail": [
            {
              "pattern_action": "INS",
              "pattern_entity": {
                "entity_type": "Return",
                "entity_new value": "*",
                "entity_role": "Statement",
                "entity_parent": "null"
              },
              "concrete_change": {
                "operator": "INS",
                "src_type": "Return",
                "dst_type": "null",
                "src": "return registerCache(this.\u003cV\u003enewBuilder().forRegion(org.hisp.dhis.cache.DefaultCacheProvider.Region.isUserViewOuHierHierarchy.name()).expireAfterWrite(3, java.util.concurrent.TimeUnit.HOURS).withInitialCapacity(((int) (getActualSize(org.hisp.dhis.cache.DefaultCacheProvider.SIZE_1K)))).forceInMemory().withMaximumSize(orZeroInTestRun(getActualSize(org.hisp.dhis.cache.DefaultCacheProvider.SIZE_10K))))",
                "dst": "null",
                "src_parent_type": "Block",
                "dst_parent_type": "null",
                "src_parent": "{\n    return registerCache(this.\u003cV\u003enewBuilder().forRegion(org.hisp.dhis.cache.DefaultCacheProvider.Region.isUserViewOuHierHierarchy.name()).expireAfterWrite(3, java.util.concurrent.TimeUnit.HOURS).withInitialCapacity(((int) (getActualSize(org.hisp.dhis.cache.DefaultCacheProvider.SIZE_1K)))).forceInMemory().withMaximumSize(orZeroInTestRun(getActualSize(org.hisp.dhis.cache.DefaultCacheProvider.SIZE_10K))));\n}",
                "dst_parent": "null"
              },
              "line": 211,
              "file": "/home/khesoem/projects/lighter/exp/dhis-2/dhis-support/dhis-support-system/src/main/java/org/hisp/dhis/cache/DefaultCacheProvider.java"
            }
          ]
        }
      ]
    }
  ],
  "complete_analysis": true
}