{
  "instances": [
    {
      "revision": "27bb970f7df4e3752635046a016a07f96250cca6",
      "repairability": [
        {
          "tool-name": "JKali",
          "pattern-name": "JKali:add_rtrn",
          "Unified_Diff_of-files:": "Starts Below...",
          "INSERT:": "",
          "instance_detail": [
            {
              "pattern_action": "INS",
              "pattern_entity": {
                "entity_type": "Return",
                "entity_new value": "*",
                "entity_role": "Statement",
                "entity_parent": "null"
              },
              "concrete_change": {
                "operator": "INS",
                "src_type": "Return",
                "dst_type": "null",
                "src": "return programStore.getByUid(uids)",
                "dst": "null",
                "src_parent_type": "Block",
                "dst_parent_type": "null",
                "src_parent": "{\n    return programStore.getByUid(uids);\n}",
                "dst_parent": "null"
              },
              "line": 116,
              "file": "/home/khesoem/projects/lighter/exp/dhis-2/dhis-services/dhis-service-core/src/main/java/org/hisp/dhis/program/DefaultProgramService.java"
            }
          ]
        }
      ]
    },
    {
      "revision": "27bb970f7df4e3752635046a016a07f96250cca6",
      "repairability": [
        {
          "tool-name": "JKali",
          "pattern-name": "JKali:add_rtrn",
          "Unified_Diff_of-files:": "Starts Below...",
          "INSERT:": "",
          "instance_detail": [
            {
              "pattern_action": "INS",
              "pattern_entity": {
                "entity_type": "Return",
                "entity_new value": "*",
                "entity_role": "Statement",
                "entity_parent": "null"
              },
              "concrete_change": {
                "operator": "INS",
                "src_type": "Return",
                "dst_type": "null",
                "src": "return trackedEntityInstanceStore.getTrackedEntityOuInfoByUid(uids, user)",
                "dst": "null",
                "src_parent_type": "Block",
                "dst_parent_type": "null",
                "src_parent": "{\n    if ((uids \u003d\u003d null) || (uids.isEmpty())) {\n        return java.util.Collections.emptyList();\n    }\n    return trackedEntityInstanceStore.getTrackedEntityOuInfoByUid(uids, user);\n}",
                "dst_parent": "null"
              },
              "line": 850,
              "file": "/home/khesoem/projects/lighter/exp/dhis-2/dhis-services/dhis-service-core/src/main/java/org/hisp/dhis/trackedentity/DefaultTrackedEntityInstanceService.java"
            }
          ]
        },
        {
          "tool-name": "JKali",
          "pattern-name": "JKali:add_rtrn",
          "Unified_Diff_of-files:": "Starts Below...",
          "INSERT:": "",
          "instance_detail": [
            {
              "pattern_action": "INS",
              "pattern_entity": {
                "entity_type": "Return",
                "entity_new value": "*",
                "entity_role": "Statement",
                "entity_parent": "null"
              },
              "concrete_change": {
                "operator": "INS",
                "src_type": "Return",
                "dst_type": "null",
                "src": "return java.util.Collections.emptyList()",
                "dst": "null",
                "src_parent_type": "Block",
                "dst_parent_type": "null",
                "src_parent": "{\n    return java.util.Collections.emptyList();\n}",
                "dst_parent": "null"
              },
              "line": 837,
              "file": "/home/khesoem/projects/lighter/exp/dhis-2/dhis-services/dhis-service-core/src/main/java/org/hisp/dhis/trackedentity/DefaultTrackedEntityInstanceService.java"
            }
          ]
        },
        {
          "tool-name": "JKali",
          "pattern-name": "JKali:add_rtrn",
          "Unified_Diff_of-files:": "Starts Below...",
          "INSERT:": "",
          "instance_detail": [
            {
              "pattern_action": "INS",
              "pattern_entity": {
                "entity_type": "Return",
                "entity_new value": "*",
                "entity_role": "Statement",
                "entity_parent": "null"
              },
              "concrete_change": {
                "operator": "INS",
                "src_type": "Return",
                "dst_type": "null",
                "src": "return java.util.Collections.emptyList()",
                "dst": "null",
                "src_parent_type": "Block",
                "dst_parent_type": "null",
                "src_parent": "{\n    return java.util.Collections.emptyList();\n}",
                "dst_parent": "null"
              },
              "line": 848,
              "file": "/home/khesoem/projects/lighter/exp/dhis-2/dhis-services/dhis-service-core/src/main/java/org/hisp/dhis/trackedentity/DefaultTrackedEntityInstanceService.java"
            }
          ]
        }
      ]
    },
    {
      "revision": "27bb970f7df4e3752635046a016a07f96250cca6",
      "repairability": [
        {
          "tool-name": "JKali",
          "pattern-name": "JKali:del",
          "Unified_Diff_of-files:": "Starts Below...",
          "INSERT:": "",
          "instance_detail": [
            {
              "pattern_action": "DEL",
              "pattern_entity": {
                "entity_type": "*",
                "entity_new value": "*",
                "entity_role": "Statement",
                "entity_parent": "null"
              },
              "concrete_change": {
                "operator": "DEL",
                "src_type": "LocalVariable",
                "dst_type": "null",
                "src": "org.hisp.dhis.hibernate.JpaQueryParameters\u003cT\u003e jpaQueryParameters \u003d new org.hisp.dhis.hibernate.JpaQueryParameters\u003cT\u003e().addPredicates(getSharingPredicates(builder)).addPredicate(( root) -\u003e root.get(\"uid\").in(uids))",
                "dst": "null",
                "src_parent_type": "Block",
                "dst_parent_type": "null",
                "src_parent": "{\n    if ((uids \u003d\u003d null) || (uids.isEmpty())) {\n        return new java.util.ArrayList\u003c\u003e();\n    }\n    javax.persistence.criteria.CriteriaBuilder builder \u003d org.hisp.dhis.common.hibernate.HibernateIdentifiableObjectStore.getCriteriaBuilder();\n    org.hisp.dhis.hibernate.JpaQueryParameters\u003cT\u003e jpaQueryParameters \u003d new org.hisp.dhis.hibernate.JpaQueryParameters\u003cT\u003e().addPredicates(getSharingPredicates(builder)).addPredicate(( root) -\u003e root.get(\"uid\").in(uids));\n    return getList(builder, jpaQueryParameters);\n}",
                "dst_parent": "null"
              },
              "line": 763,
              "file": "/home/khesoem/projects/lighter/exp/dhis-2/dhis-services/dhis-service-core/src/main/java/org/hisp/dhis/common/hibernate/HibernateIdentifiableObjectStore.java",
              "stats": {
                "number_of_src_entities": 63,
                "number_of_dst_entities": -1,
                "src_entity_types": "[javax.persistence.criteria.CriteriaBuilder, org.hisp.dhis.hibernate.JpaQueryParameters\u003cT\u003e, JpaQueryParameters\u003cT\u003e, org.hisp.dhis.common.hibernate.root, java.lang.String, org.hisp.dhis.common.hibernate.HibernateIdentifiableObjectStore\u003cT\u003e, org.hisp.dhis.common.hibernate.HibernateIdentifiableObjectStore]",
                "dst_entity_types": "[]"
              }
            }
          ]
        }
      ]
    },
    {
      "revision": "27bb970f7df4e3752635046a016a07f96250cca6",
      "repairability": [
        {
          "tool-name": "JKali",
          "pattern-name": "JKali:add_rtrn",
          "Unified_Diff_of-files:": "Starts Below...",
          "INSERT:": "",
          "instance_detail": [
            {
              "pattern_action": "INS",
              "pattern_entity": {
                "entity_type": "Return",
                "entity_new value": "*",
                "entity_role": "Statement",
                "entity_parent": "null"
              },
              "concrete_change": {
                "operator": "INS",
                "src_type": "Return",
                "dst_type": "null",
                "src": "return trackedEntityProgramOwnerStore.getTrackedEntityProgramOwnersUids(teiIds, program.getId())",
                "dst": "null",
                "src_parent_type": "Block",
                "dst_parent_type": "null",
                "src_parent": "{\n    if (teiIds.isEmpty()) {\n        return java.util.Collections.emptyList();\n    }\n    return trackedEntityProgramOwnerStore.getTrackedEntityProgramOwnersUids(teiIds, program.getId());\n}",
                "dst_parent": "null"
              },
              "line": 353,
              "file": "/home/khesoem/projects/lighter/exp/dhis-2/dhis-services/dhis-service-core/src/main/java/org/hisp/dhis/trackedentity/DefaultTrackedEntityProgramOwnerService.java"
            }
          ]
        },
        {
          "tool-name": "JKali",
          "pattern-name": "JKali:add_rtrn",
          "Unified_Diff_of-files:": "Starts Below...",
          "INSERT:": "",
          "instance_detail": [
            {
              "pattern_action": "INS",
              "pattern_entity": {
                "entity_type": "Return",
                "entity_new value": "*",
                "entity_role": "Statement",
                "entity_parent": "null"
              },
              "concrete_change": {
                "operator": "INS",
                "src_type": "Return",
                "dst_type": "null",
                "src": "return java.util.Collections.emptyList()",
                "dst": "null",
                "src_parent_type": "Block",
                "dst_parent_type": "null",
                "src_parent": "{\n    return java.util.Collections.emptyList();\n}",
                "dst_parent": "null"
              },
              "line": 351,
              "file": "/home/khesoem/projects/lighter/exp/dhis-2/dhis-services/dhis-service-core/src/main/java/org/hisp/dhis/trackedentity/DefaultTrackedEntityProgramOwnerService.java"
            }
          ]
        }
      ]
    },
    {
      "revision": "27bb970f7df4e3752635046a016a07f96250cca6",
      "repairability": [
        {
          "tool-name": "JKali",
          "pattern-name": "JKali:del",
          "Unified_Diff_of-files:": "Starts Below...",
          "INSERT:": "",
          "instance_detail": [
            {
              "pattern_action": "DEL",
              "pattern_entity": {
                "entity_type": "*",
                "entity_new value": "*",
                "entity_role": "Statement",
                "entity_parent": "null"
              },
              "concrete_change": {
                "operator": "DEL",
                "src_type": "Return",
                "dst_type": "null",
                "src": "return getQuery((((\"from TrackedEntityProgramOwner tepo where tepo.entityInstance.id\u003d\" + teiId) + \" and tepo.program.id\u003d\") + programId)).uniqueResult()",
                "dst": "null",
                "src_parent_type": "Block",
                "dst_parent_type": "null",
                "src_parent": "{\n    return getQuery((((\"from TrackedEntityProgramOwner tepo where tepo.entityInstance.id\u003d\" + teiId) + \" and tepo.program.id\u003d\") + programId)).uniqueResult();\n}",
                "dst_parent": "null"
              },
              "line": 58,
              "file": "/home/khesoem/projects/lighter/exp/dhis-2/dhis-services/dhis-service-core/src/main/java/org/hisp/dhis/trackedentity/hibernate/HibernateTrackedEntityProgramOwnerStore.java",
              "stats": {
                "number_of_src_entities": 36,
                "number_of_dst_entities": -1,
                "src_entity_types": "[org.hisp.dhis.trackedentity.hibernate.HibernateTrackedEntityProgramOwnerStore, java.lang.String, long]",
                "dst_entity_types": "[]"
              }
            }
          ]
        },
        {
          "tool-name": "JKali",
          "pattern-name": "JKali:add_rtrn",
          "Unified_Diff_of-files:": "Starts Below...",
          "INSERT:": "",
          "instance_detail": [
            {
              "pattern_action": "INS",
              "pattern_entity": {
                "entity_type": "Return",
                "entity_new value": "*",
                "entity_role": "Statement",
                "entity_parent": "null"
              },
              "concrete_change": {
                "operator": "INS",
                "src_type": "Return",
                "dst_type": "null",
                "src": "return query.uniqueResult()",
                "dst": "null",
                "src_parent_type": "Block",
                "dst_parent_type": "null",
                "src_parent": "{\n    org.hibernate.query.Query\u003corg.hisp.dhis.trackedentity.TrackedEntityProgramOwner\u003e query \u003d getQuery((\"from TrackedEntityProgramOwner tepo where \" + (\"tepo.entityInstance.id\u003d :teiId and \" + \"tepo.program.id\u003d :programId\")));\n    query.setParameter(\"teiId\", teiId);\n    query.setParameter(\"programId\", programId);\n    return query.uniqueResult();\n}",
                "dst_parent": "null"
              },
              "line": 69,
              "file": "/home/khesoem/projects/lighter/exp/dhis-2/dhis-services/dhis-service-core/src/main/java/org/hisp/dhis/trackedentity/hibernate/HibernateTrackedEntityProgramOwnerStore.java",
              "stats": {
                "number_of_src_entities": 15,
                "number_of_dst_entities": -1,
                "src_entity_types": "[org.hibernate.query.Query\u003corg.hisp.dhis.trackedentity.TrackedEntityProgramOwner\u003e, org.hisp.dhis.trackedentity.TrackedEntityProgramOwner]",
                "dst_entity_types": "[]"
              }
            }
          ]
        },
        {
          "tool-name": "JKali",
          "pattern-name": "JKali:add_rtrn",
          "Unified_Diff_of-files:": "Starts Below...",
          "INSERT:": "",
          "instance_detail": [
            {
              "pattern_action": "INS",
              "pattern_entity": {
                "entity_type": "Return",
                "entity_new value": "*",
                "entity_role": "Statement",
                "entity_parent": "null"
              },
              "concrete_change": {
                "operator": "INS",
                "src_type": "Return",
                "dst_type": "null",
                "src": "return trackedEntityProgramOwnerIds",
                "dst": "null",
                "src_parent_type": "Block",
                "dst_parent_type": "null",
                "src_parent": "{\n    java.util.List\u003cjava.util.List\u003cjava.lang.Long\u003e\u003e teiIdsPartitions \u003d com.google.common.collect.Lists.partition(teiIds, 20000);\n    java.lang.String hql \u003d \"select new org.hisp.dhis.trackedentity.TrackedEntityProgramOwnerIds(tepo.entityInstance.uid, tepo.program.uid, tepo.organisationUnit.uid) from TrackedEntityProgramOwner tepo where tepo.entityInstance.id in (:teiIds) and tepo.program.id\u003d(:programId) \";\n    org.hibernate.query.Query\u003corg.hisp.dhis.trackedentity.TrackedEntityProgramOwnerIds\u003e q \u003d getQuery(hql, org.hisp.dhis.trackedentity.TrackedEntityProgramOwnerIds.class);\n    java.util.List\u003corg.hisp.dhis.trackedentity.TrackedEntityProgramOwnerIds\u003e trackedEntityProgramOwnerIds \u003d new java.util.ArrayList\u003c\u003e();\n    for (java.util.List\u003cjava.lang.Long\u003e partition : teiIdsPartitions) {\n        q.setParameterList(\"teiIds\", partition);\n        q.setParameter(\"programId\", programId);\n        trackedEntityProgramOwnerIds.addAll(q.list());\n    }\n    return trackedEntityProgramOwnerIds;\n}",
                "dst_parent": "null"
              },
              "line": 107,
              "file": "/home/khesoem/projects/lighter/exp/dhis-2/dhis-services/dhis-service-core/src/main/java/org/hisp/dhis/trackedentity/hibernate/HibernateTrackedEntityProgramOwnerStore.java"
            }
          ]
        }
      ]
    },
    {
      "revision": "27bb970f7df4e3752635046a016a07f96250cca6",
      "repairability": [
        {
          "tool-name": "JKali",
          "pattern-name": "JKali:add_rtrn",
          "Unified_Diff_of-files:": "Starts Below...",
          "INSERT:": "",
          "instance_detail": [
            {
              "pattern_action": "INS",
              "pattern_entity": {
                "entity_type": "Return",
                "entity_new value": "*",
                "entity_role": "Statement",
                "entity_parent": "null"
              },
              "concrete_change": {
                "operator": "INS",
                "src_type": "Return",
                "dst_type": "null",
                "src": "return getSession().createQuery(hql, customClass).setCacheable(cacheable).setHint(QueryHints.CACHEABLE, cacheable)",
                "dst": "null",
                "src_parent_type": "Block",
                "dst_parent_type": "null",
                "src_parent": "{\n    return getSession().createQuery(hql, customClass).setCacheable(cacheable).setHint(QueryHints.CACHEABLE, cacheable);\n}",
                "dst_parent": "null"
              },
              "line": 163,
              "file": "/home/khesoem/projects/lighter/exp/dhis-2/dhis-support/dhis-support-hibernate/src/main/java/org/hisp/dhis/hibernate/HibernateGenericStore.java"
            }
          ]
        }
      ]
    },
    {
      "revision": "27bb970f7df4e3752635046a016a07f96250cca6",
      "repairability": [
        {
          "tool-name": "JKali",
          "pattern-name": "JKali:add_rtrn",
          "Unified_Diff_of-files:": "Starts Below...",
          "INSERT:": "",
          "instance_detail": [
            {
              "pattern_action": "INS",
              "pattern_entity": {
                "entity_type": "Return",
                "entity_new value": "*",
                "entity_role": "Statement",
                "entity_parent": "null"
              },
              "concrete_change": {
                "operator": "INS",
                "src_type": "Return",
                "dst_type": "null",
                "src": "return instances",
                "dst": "null",
                "src_parent_type": "Block",
                "dst_parent_type": "null",
                "src_parent": "{\n    java.util.List\u003cjava.util.List\u003cjava.lang.String\u003e\u003e uidPartitions \u003d com.google.common.collect.Lists.partition(uids, 20000);\n    java.util.List\u003corg.hisp.dhis.dxf2.events.event.EventContext.TrackedEntityOuInfo\u003e instances \u003d new java.util.ArrayList\u003c\u003e();\n    java.lang.String hql \u003d \"select tei.id, tei.uid, tei.organisationUnit.id from TrackedEntityInstance tei where tei.uid in (:uids)\";\n    for (java.util.List\u003cjava.lang.String\u003e partition : uidPartitions) {\n        java.util.List\u003cjava.lang.Object[]\u003e resultList \u003d getSession().createQuery(hql, java.lang.Object[].class).setParameter(\"uids\", partition).setCacheable(cacheable).setHint(QueryHints.CACHEABLE, cacheable).getResultList();\n        instances.addAll(resultList.stream().map(this::toTrackedEntityOuInfo).collect(java.util.stream.Collectors.toList()));\n    }\n    return instances;\n}",
                "dst_parent": "null"
              },
              "line": 1781,
              "file": "/home/khesoem/projects/lighter/exp/dhis-2/dhis-services/dhis-service-core/src/main/java/org/hisp/dhis/trackedentity/hibernate/HibernateTrackedEntityInstanceStore.java"
            }
          ]
        },
        {
          "tool-name": "JKali",
          "pattern-name": "JKali:add_rtrn",
          "Unified_Diff_of-files:": "Starts Below...",
          "INSERT:": "",
          "instance_detail": [
            {
              "pattern_action": "INS",
              "pattern_entity": {
                "entity_type": "Return",
                "entity_new value": "*",
                "entity_role": "Statement",
                "entity_parent": "null"
              },
              "concrete_change": {
                "operator": "INS",
                "src_type": "Return",
                "dst_type": "null",
                "src": "return new org.hisp.dhis.dxf2.events.event.EventContext.TrackedEntityOuInfo(((java.lang.Long) (objects[0])), ((java.lang.String) (objects[1])), ((java.lang.Long) (objects[2])))",
                "dst": "null",
                "src_parent_type": "Block",
                "dst_parent_type": "null",
                "src_parent": "{\n    return new org.hisp.dhis.dxf2.events.event.EventContext.TrackedEntityOuInfo(((java.lang.Long) (objects[0])), ((java.lang.String) (objects[1])), ((java.lang.Long) (objects[2])));\n}",
                "dst_parent": "null"
              },
              "line": 1786,
              "file": "/home/khesoem/projects/lighter/exp/dhis-2/dhis-services/dhis-service-core/src/main/java/org/hisp/dhis/trackedentity/hibernate/HibernateTrackedEntityInstanceStore.java"
            }
          ]
        }
      ]
    },
    {
      "revision": "27bb970f7df4e3752635046a016a07f96250cca6",
      "repairability": [
        {
          "tool-name": "JKali",
          "pattern-name": "JKali:add_rtrn",
          "Unified_Diff_of-files:": "Starts Below...",
          "INSERT:": "",
          "instance_detail": [
            {
              "pattern_action": "INS",
              "pattern_entity": {
                "entity_type": "Return",
                "entity_new value": "*",
                "entity_role": "Statement",
                "entity_parent": "null"
              },
              "concrete_change": {
                "operator": "INS",
                "src_type": "Return",
                "dst_type": "null",
                "src": "return ownerCache.get(getOwnershipCacheKey(() -\u003e entityInstanceId, program), ( s) -\u003e {\n    org.hisp.dhis.trackedentity.TrackedEntityProgramOwner trackedEntityProgramOwner \u003d trackedEntityProgramOwnerService.getTrackedEntityProgramOwner(entityInstanceId, program.getId());\n    return java.util.Optional.ofNullable(trackedEntityProgramOwner).map(org.hisp.dhis.trackedentity.TrackedEntityProgramOwner::getOrganisationUnit).orElseGet(orgUnitIfMissingSupplier);\n}).get()",
                "dst": "null",
                "src_parent_type": "Block",
                "dst_parent_type": "null",
                "src_parent": "{\n    return ownerCache.get(getOwnershipCacheKey(() -\u003e entityInstanceId, program), ( s) -\u003e {\n        org.hisp.dhis.trackedentity.TrackedEntityProgramOwner trackedEntityProgramOwner \u003d trackedEntityProgramOwnerService.getTrackedEntityProgramOwner(entityInstanceId, program.getId());\n        return java.util.Optional.ofNullable(trackedEntityProgramOwner).map(org.hisp.dhis.trackedentity.TrackedEntityProgramOwner::getOrganisationUnit).orElseGet(orgUnitIfMissingSupplier);\n    }).get();\n}",
                "dst_parent": "null"
              },
              "line": 396,
              "file": "/home/khesoem/projects/lighter/exp/dhis-2/dhis-services/dhis-service-core/src/main/java/org/hisp/dhis/trackedentity/DefaultTrackerOwnershipManager.java"
            }
          ]
        },
        {
          "tool-name": "JKali",
          "pattern-name": "JKali:add_rtrn",
          "Unified_Diff_of-files:": "Starts Below...",
          "INSERT:": "",
          "instance_detail": [
            {
              "pattern_action": "INS",
              "pattern_entity": {
                "entity_type": "Return",
                "entity_new value": "*",
                "entity_role": "Statement",
                "entity_parent": "null"
              },
              "concrete_change": {
                "operator": "INS",
                "src_type": "Return",
                "dst_type": "null",
                "src": "return tempOwnerCache.get(getTempOwnershipCacheKey(trackedEntityOuInfo.getTrackedEntityUid(), program.getUid(), user.getUid())).orElse(false)",
                "dst": "null",
                "src_parent_type": "Block",
                "dst_parent_type": "null",
                "src_parent": "{\n    if ((canSkipOwnershipCheck(user, program)) || (trackedEntityOuInfo \u003d\u003d null)) {\n        return true;\n    }\n    return tempOwnerCache.get(getTempOwnershipCacheKey(trackedEntityOuInfo.getTrackedEntityUid(), program.getUid(), user.getUid())).orElse(false);\n}",
                "dst_parent": "null"
              },
              "line": 466,
              "file": "/home/khesoem/projects/lighter/exp/dhis-2/dhis-services/dhis-service-core/src/main/java/org/hisp/dhis/trackedentity/DefaultTrackerOwnershipManager.java"
            }
          ]
        },
        {
          "tool-name": "JKali",
          "pattern-name": "JKali:add_rtrn",
          "Unified_Diff_of-files:": "Starts Below...",
          "INSERT:": "",
          "instance_detail": [
            {
              "pattern_action": "INS",
              "pattern_entity": {
                "entity_type": "Return",
                "entity_new value": "*",
                "entity_role": "Statement",
                "entity_parent": "null"
              },
              "concrete_change": {
                "operator": "INS",
                "src_type": "Return",
                "dst_type": "null",
                "src": "return true",
                "dst": "null",
                "src_parent_type": "Block",
                "dst_parent_type": "null",
                "src_parent": "{\n    return true;\n}",
                "dst_parent": "null"
              },
              "line": 305,
              "file": "/home/khesoem/projects/lighter/exp/dhis-2/dhis-services/dhis-service-core/src/main/java/org/hisp/dhis/trackedentity/DefaultTrackerOwnershipManager.java"
            }
          ]
        },
        {
          "tool-name": "JKali",
          "pattern-name": "JKali:add_rtrn",
          "Unified_Diff_of-files:": "Starts Below...",
          "INSERT:": "",
          "instance_detail": [
            {
              "pattern_action": "INS",
              "pattern_entity": {
                "entity_type": "Return",
                "entity_new value": "*",
                "entity_role": "Statement",
                "entity_parent": "null"
              },
              "concrete_change": {
                "operator": "INS",
                "src_type": "Return",
                "dst_type": "null",
                "src": "return true",
                "dst": "null",
                "src_parent_type": "Block",
                "dst_parent_type": "null",
                "src_parent": "{\n    return true;\n}",
                "dst_parent": "null"
              },
              "line": 313,
              "file": "/home/khesoem/projects/lighter/exp/dhis-2/dhis-services/dhis-service-core/src/main/java/org/hisp/dhis/trackedentity/DefaultTrackerOwnershipManager.java"
            }
          ]
        },
        {
          "tool-name": "JKali",
          "pattern-name": "JKali:add_rtrn",
          "Unified_Diff_of-files:": "Starts Below...",
          "INSERT:": "",
          "instance_detail": [
            {
              "pattern_action": "INS",
              "pattern_entity": {
                "entity_type": "Return",
                "entity_new value": "*",
                "entity_role": "Statement",
                "entity_parent": "null"
              },
              "concrete_change": {
                "operator": "INS",
                "src_type": "Return",
                "dst_type": "null",
                "src": "return organisationUnitService.isInUserSearchHierarchyCached(user, ou)",
                "dst": "null",
                "src_parent_type": "Block",
                "dst_parent_type": "null",
                "src_parent": "{\n    return organisationUnitService.isInUserSearchHierarchyCached(user, ou);\n}",
                "dst_parent": "null"
              },
              "line": 323,
              "file": "/home/khesoem/projects/lighter/exp/dhis-2/dhis-services/dhis-service-core/src/main/java/org/hisp/dhis/trackedentity/DefaultTrackerOwnershipManager.java"
            }
          ]
        },
        {
          "tool-name": "JKali",
          "pattern-name": "JKali:add_rtrn",
          "Unified_Diff_of-files:": "Starts Below...",
          "INSERT:": "",
          "instance_detail": [
            {
              "pattern_action": "INS",
              "pattern_entity": {
                "entity_type": "Return",
                "entity_new value": "*",
                "entity_role": "Statement",
                "entity_parent": "null"
              },
              "concrete_change": {
                "operator": "INS",
                "src_type": "Return",
                "dst_type": "null",
                "src": "return (organisationUnitService.isInUserHierarchyCached(user, ou)) || (hasTemporaryAccess(trackedEntityOuInfo, program, user))",
                "dst": "null",
                "src_parent_type": "Block",
                "dst_parent_type": "null",
                "src_parent": "{\n    return (organisationUnitService.isInUserHierarchyCached(user, ou)) || (hasTemporaryAccess(trackedEntityOuInfo, program, user));\n}",
                "dst_parent": "null"
              },
              "line": 327,
              "file": "/home/khesoem/projects/lighter/exp/dhis-2/dhis-services/dhis-service-core/src/main/java/org/hisp/dhis/trackedentity/DefaultTrackerOwnershipManager.java"
            }
          ]
        },
        {
          "tool-name": "JKali",
          "pattern-name": "JKali:add_rtrn",
          "Unified_Diff_of-files:": "Starts Below...",
          "INSERT:": "",
          "instance_detail": [
            {
              "pattern_action": "INS",
              "pattern_entity": {
                "entity_type": "Return",
                "entity_new value": "*",
                "entity_role": "Statement",
                "entity_parent": "null"
              },
              "concrete_change": {
                "operator": "INS",
                "src_type": "Return",
                "dst_type": "null",
                "src": "return true",
                "dst": "null",
                "src_parent_type": "Block",
                "dst_parent_type": "null",
                "src_parent": "{\n    return true;\n}",
                "dst_parent": "null"
              },
              "line": 463,
              "file": "/home/khesoem/projects/lighter/exp/dhis-2/dhis-services/dhis-service-core/src/main/java/org/hisp/dhis/trackedentity/DefaultTrackerOwnershipManager.java"
            }
          ]
        },
        {
          "tool-name": "JKali",
          "pattern-name": "JKali:add_rtrn",
          "Unified_Diff_of-files:": "Starts Below...",
          "INSERT:": "",
          "instance_detail": [
            {
              "pattern_action": "INS",
              "pattern_entity": {
                "entity_type": "Return",
                "entity_new value": "*",
                "entity_role": "Statement",
                "entity_parent": "null"
              },
              "concrete_change": {
                "operator": "INS",
                "src_type": "Return",
                "dst_type": "null",
                "src": "return java.util.Optional.ofNullable(trackedEntityProgramOwner).map(org.hisp.dhis.trackedentity.TrackedEntityProgramOwner::getOrganisationUnit).orElseGet(orgUnitIfMissingSupplier)",
                "dst": "null",
                "src_parent_type": "Block",
                "dst_parent_type": "null",
                "src_parent": "{\n    org.hisp.dhis.trackedentity.TrackedEntityProgramOwner trackedEntityProgramOwner \u003d trackedEntityProgramOwnerService.getTrackedEntityProgramOwner(entityInstanceId, program.getId());\n    return java.util.Optional.ofNullable(trackedEntityProgramOwner).map(org.hisp.dhis.trackedentity.TrackedEntityProgramOwner::getOrganisationUnit).orElseGet(orgUnitIfMissingSupplier);\n}",
                "dst_parent": "null"
              },
              "line": 402,
              "file": "/home/khesoem/projects/lighter/exp/dhis-2/dhis-services/dhis-service-core/src/main/java/org/hisp/dhis/trackedentity/DefaultTrackerOwnershipManager.java"
            }
          ]
        }
      ]
    }
  ],
  "complete_analysis": true
}