{
  "instances": [
    {
      "revision": "d851f1da41febd17922678edd79f65af832f171f",
      "repairability": [
        {
          "tool-name": "JKali",
          "pattern-name": "JKali:del",
          "Unified_Diff_of-files:": "Starts Below...",
          "DELETE:": "            auth.authenticationProvider( twoFactorAuthenticationProvider );",
          "INSERT:": "",
          "instance_detail": [
            {
              "pattern_action": "DEL",
              "pattern_entity": {
                "entity_type": "*",
                "entity_new value": "*",
                "entity_role": "Statement",
                "entity_parent": "null"
              },
              "concrete_change": {
                "operator": "DEL",
                "src_type": "Assignment",
                "dst_type": "null",
                "src": "credentials \u003d userService.getUserCredentialsByOpenId(username)",
                "dst": "null",
                "src_parent_type": "Block",
                "dst_parent_type": "null",
                "src_parent": "{\n    credentials \u003d userService.getUserCredentialsByOpenId(username);\n    if (credentials \u003d\u003d null) {\n        throw new org.springframework.security.core.userdetails.UsernameNotFoundException(\"Username does not exist\");\n    }\n}",
                "dst_parent": "null"
              },
              "line": 91,
              "file": "/home/khesoem/projects/lighter/exp/dhis-2/dhis-services/dhis-service-core/src/main/java/org/hisp/dhis/security/DefaultUserDetailsService.java"
            }
          ]
        },
        {
          "tool-name": "JKali",
          "pattern-name": "JKali:del",
          "Unified_Diff_of-files:": "Starts Below...",
          "DELETE:": "            auth.authenticationProvider( twoFactorAuthenticationProvider );",
          "INSERT:": "",
          "instance_detail": [
            {
              "pattern_action": "DEL",
              "pattern_entity": {
                "entity_type": "*",
                "entity_new value": "*",
                "entity_role": "Statement",
                "entity_parent": "null"
              },
              "concrete_change": {
                "operator": "DEL",
                "src_type": "Throw",
                "dst_type": "null",
                "src": "throw new org.springframework.security.core.userdetails.UsernameNotFoundException(\"Username does not exist\")",
                "dst": "null",
                "src_parent_type": "Block",
                "dst_parent_type": "null",
                "src_parent": "{\n    throw new org.springframework.security.core.userdetails.UsernameNotFoundException(\"Username does not exist\");\n}",
                "dst_parent": "null"
              },
              "line": 95,
              "file": "/home/khesoem/projects/lighter/exp/dhis-2/dhis-services/dhis-service-core/src/main/java/org/hisp/dhis/security/DefaultUserDetailsService.java"
            }
          ]
        },
        {
          "tool-name": "JKali",
          "pattern-name": "JKali:del",
          "Unified_Diff_of-files:": "Starts Below...",
          "DELETE:": "            auth.authenticationProvider( twoFactorAuthenticationProvider );",
          "INSERT:": "",
          "instance_detail": [
            {
              "pattern_action": "DEL",
              "pattern_entity": {
                "entity_type": "*",
                "entity_new value": "*",
                "entity_role": "Statement",
                "entity_parent": "null"
              },
              "concrete_change": {
                "operator": "DEL",
                "src_type": "If",
                "dst_type": "null",
                "src": "if (credentials \u003d\u003d null) {\n    throw new org.springframework.security.core.userdetails.UsernameNotFoundException(\"Username does not exist\");\n}",
                "dst": "null",
                "src_parent_type": "Block",
                "dst_parent_type": "null",
                "src_parent": "{\n    credentials \u003d userService.getUserCredentialsByOpenId(username);\n    if (credentials \u003d\u003d null) {\n        throw new org.springframework.security.core.userdetails.UsernameNotFoundException(\"Username does not exist\");\n    }\n}",
                "dst_parent": "null"
              },
              "line": 93,
              "file": "/home/khesoem/projects/lighter/exp/dhis-2/dhis-services/dhis-service-core/src/main/java/org/hisp/dhis/security/DefaultUserDetailsService.java"
            }
          ]
        },
        {
          "tool-name": "JKali",
          "pattern-name": "JKali:del",
          "Unified_Diff_of-files:": "Starts Below...",
          "DELETE:": "            auth.authenticationProvider( twoFactorAuthenticationProvider );",
          "INSERT:": "",
          "instance_detail": [
            {
              "pattern_action": "DEL",
              "pattern_entity": {
                "entity_type": "*",
                "entity_new value": "*",
                "entity_role": "Statement",
                "entity_parent": "null"
              },
              "concrete_change": {
                "operator": "DEL",
                "src_type": "If",
                "dst_type": "null",
                "src": "if (credentials \u003d\u003d null) {\n    credentials \u003d userService.getUserCredentialsByOpenId(username);\n    if (credentials \u003d\u003d null) {\n        throw new org.springframework.security.core.userdetails.UsernameNotFoundException(\"Username does not exist\");\n    }\n}",
                "dst": "null",
                "src_parent_type": "Block",
                "dst_parent_type": "null",
                "src_parent": "{\n    org.hisp.dhis.user.UserCredentials credentials \u003d userService.getUserCredentialsByUsername(username);\n    if (credentials \u003d\u003d null) {\n        credentials \u003d userService.getUserCredentialsByOpenId(username);\n        if (credentials \u003d\u003d null) {\n            throw new org.springframework.security.core.userdetails.UsernameNotFoundException(\"Username does not exist\");\n        }\n    }\n    boolean enabled \u003d !(credentials.isDisabled());\n    boolean credentialsNonExpired \u003d userService.credentialsNonExpired(credentials);\n    boolean accountNonLocked \u003d !(securityService.isLocked(credentials.getUsername()));\n    boolean accountNonExpired \u003d !(userService.isAccountExpired(credentials));\n    if (org.hisp.dhis.util.ObjectUtils.anyIsFalse(enabled, credentialsNonExpired, accountNonLocked, accountNonExpired)) {\n        log.info(java.lang.String.format(\"Login attempt for disabled/locked user: \u0027%s\u0027, enabled: %b, account non-expired: %b, credentials non-expired: %b, account non-locked: %b\", username, enabled, accountNonExpired, credentialsNonExpired, accountNonLocked));\n    }\n    return new org.springframework.security.core.userdetails.User(credentials.getUsername(), credentials.getPassword(), enabled, accountNonExpired, credentialsNonExpired, accountNonLocked, org.hisp.dhis.system.util.SecurityUtils.getGrantedAuthorities(credentials));\n}",
                "dst_parent": "null"
              },
              "line": 89,
              "file": "/home/khesoem/projects/lighter/exp/dhis-2/dhis-services/dhis-service-core/src/main/java/org/hisp/dhis/security/DefaultUserDetailsService.java",
              "stats": {
                "number_of_src_entities": 57,
                "number_of_dst_entities": -1,
                "src_entity_types": "[org.springframework.security.core.userdetails.UsernameNotFoundException, org.hisp.dhis.user.UserService, org.hisp.dhis.security.DefaultUserDetailsService, java.lang.String, org.hisp.dhis.user.UserCredentials, \u003cnulltype\u003e]",
                "dst_entity_types": "[]"
              }
            }
          ]
        }
      ]
    }
  ],
  "complete_analysis": true
}