{
  "instances": [
    {
      "revision": "6a2ea335be568fc96109e69c6dcb91e4416f318d",
      "repairability": [
        {
          "tool-name": "JKali",
          "pattern-name": "JKali:del",
          "Unified_Diff_of-files:": "Starts Below...",
          "CHANGE_old:": "        return ImmutableList.copyOf( resolvers );",
          "CHANGE_new:": "        return ImmutableList.copyOf( expressionResolvers );",
          "INSERT:": "",
          "instance_detail": [
            {
              "pattern_action": "DEL",
              "pattern_entity": {
                "entity_type": "*",
                "entity_new value": "*",
                "entity_role": "Statement",
                "entity_parent": "null"
              },
              "concrete_change": {
                "operator": "DEL",
                "src_type": "Invocation",
                "dst_type": "null",
                "src": "com.google.common.base.Preconditions.checkNotNull(categoryOptionStore)",
                "dst": "null",
                "src_parent_type": "Block",
                "dst_parent_type": "null",
                "src_parent": "{\n    com.google.common.base.Preconditions.checkNotNull(categoryOptionStore);\n    com.google.common.base.Preconditions.checkNotNull(expressionService);\n    this.expressionService \u003d expressionService;\n    this.categoryOptionStore \u003d categoryOptionStore;\n}",
                "dst_parent": "null"
              },
              "line": 66,
              "file": "/home/khesoem/projects/lighter/exp/dhis-2/dhis-services/dhis-service-analytics/src/main/java/org/hisp/dhis/analytics/resolver/CategoryOptionResolver.java"
            }
          ]
        },
        {
          "tool-name": "JKali",
          "pattern-name": "JKali:del",
          "Unified_Diff_of-files:": "Starts Below...",
          "CHANGE_old:": "        return ImmutableList.copyOf( resolvers );",
          "CHANGE_new:": "        return ImmutableList.copyOf( expressionResolvers );",
          "INSERT:": "",
          "instance_detail": [
            {
              "pattern_action": "DEL",
              "pattern_entity": {
                "entity_type": "*",
                "entity_new value": "*",
                "entity_role": "Statement",
                "entity_parent": "null"
              },
              "concrete_change": {
                "operator": "DEL",
                "src_type": "Invocation",
                "dst_type": "null",
                "src": "com.google.common.base.Preconditions.checkNotNull(expressionService)",
                "dst": "null",
                "src_parent_type": "Block",
                "dst_parent_type": "null",
                "src_parent": "{\n    com.google.common.base.Preconditions.checkNotNull(categoryOptionStore);\n    com.google.common.base.Preconditions.checkNotNull(expressionService);\n    this.expressionService \u003d expressionService;\n    this.categoryOptionStore \u003d categoryOptionStore;\n}",
                "dst_parent": "null"
              },
              "line": 67,
              "file": "/home/khesoem/projects/lighter/exp/dhis-2/dhis-services/dhis-service-analytics/src/main/java/org/hisp/dhis/analytics/resolver/CategoryOptionResolver.java"
            }
          ]
        },
        {
          "tool-name": "JKali",
          "pattern-name": "JKali:del",
          "Unified_Diff_of-files:": "Starts Below...",
          "CHANGE_old:": "        return ImmutableList.copyOf( resolvers );",
          "CHANGE_new:": "        return ImmutableList.copyOf( expressionResolvers );",
          "INSERT:": "",
          "instance_detail": [
            {
              "pattern_action": "DEL",
              "pattern_entity": {
                "entity_type": "*",
                "entity_new value": "*",
                "entity_role": "Statement",
                "entity_parent": "null"
              },
              "concrete_change": {
                "operator": "DEL",
                "src_type": "Assignment",
                "dst_type": "null",
                "src": "this.expressionService \u003d expressionService",
                "dst": "null",
                "src_parent_type": "Block",
                "dst_parent_type": "null",
                "src_parent": "{\n    com.google.common.base.Preconditions.checkNotNull(categoryOptionStore);\n    com.google.common.base.Preconditions.checkNotNull(expressionService);\n    this.expressionService \u003d expressionService;\n    this.categoryOptionStore \u003d categoryOptionStore;\n}",
                "dst_parent": "null"
              },
              "line": 69,
              "file": "/home/khesoem/projects/lighter/exp/dhis-2/dhis-services/dhis-service-analytics/src/main/java/org/hisp/dhis/analytics/resolver/CategoryOptionResolver.java"
            }
          ]
        },
        {
          "tool-name": "JKali",
          "pattern-name": "JKali:del",
          "Unified_Diff_of-files:": "Starts Below...",
          "CHANGE_old:": "        return ImmutableList.copyOf( resolvers );",
          "CHANGE_new:": "        return ImmutableList.copyOf( expressionResolvers );",
          "INSERT:": "",
          "instance_detail": [
            {
              "pattern_action": "DEL",
              "pattern_entity": {
                "entity_type": "*",
                "entity_new value": "*",
                "entity_role": "Statement",
                "entity_parent": "null"
              },
              "concrete_change": {
                "operator": "DEL",
                "src_type": "Assignment",
                "dst_type": "null",
                "src": "this.categoryOptionStore \u003d categoryOptionStore",
                "dst": "null",
                "src_parent_type": "Block",
                "dst_parent_type": "null",
                "src_parent": "{\n    com.google.common.base.Preconditions.checkNotNull(categoryOptionStore);\n    com.google.common.base.Preconditions.checkNotNull(expressionService);\n    this.expressionService \u003d expressionService;\n    this.categoryOptionStore \u003d categoryOptionStore;\n}",
                "dst_parent": "null"
              },
              "line": 70,
              "file": "/home/khesoem/projects/lighter/exp/dhis-2/dhis-services/dhis-service-analytics/src/main/java/org/hisp/dhis/analytics/resolver/CategoryOptionResolver.java"
            }
          ]
        }
      ]
    }
  ],
  "complete_analysis": true
}