{
  "instances": [
    {
      "revision": "9e2711ed35c3329188b7b170a587ef8f2898a83c",
      "repairability": [
        {
          "tool-name": "JKali",
          "pattern-name": "JKali:del",
          "Unified_Diff_of-files:": "Starts Below...",
          "INSERT:": "}",
          "CHANGE_old:": "",
          "CHANGE_new:": "        return preparedStatement;",
          "DELETE:": "",
          "instance_detail": [
            {
              "pattern_action": "DEL",
              "pattern_entity": {
                "entity_type": "*",
                "entity_new value": "*",
                "entity_role": "Statement",
                "entity_parent": "null"
              },
              "concrete_change": {
                "operator": "DEL",
                "src_type": "Wra",
                "dst_type": "null",
                "src": "final",
                "dst": "null",
                "src_parent_type": "LocalVariable",
                "dst_parent_type": "null",
                "src_parent": "final java.lang.String candidateDetectionSql \u003d \"SELECT programid, name\" + ((\" FROM programrule \" + \" group by programid, name \") + \" having count(*) \u003e 1\")",
                "dst_parent": "null"
              }
            }
          ]
        },
        {
          "tool-name": "JKali",
          "pattern-name": "JKali:del",
          "Unified_Diff_of-files:": "Starts Below...",
          "INSERT:": "}",
          "CHANGE_old:": "",
          "CHANGE_new:": "        return preparedStatement;",
          "DELETE:": "",
          "instance_detail": [
            {
              "pattern_action": "DEL",
              "pattern_entity": {
                "entity_type": "*",
                "entity_new value": "*",
                "entity_role": "Statement",
                "entity_parent": "null"
              },
              "concrete_change": {
                "operator": "DEL",
                "src_type": "VirtualEle",
                "dst_type": "null",
                "src": "VE: Modifiers_LocalVariable",
                "dst": "null",
                "src_parent_type": "LocalVariable",
                "dst_parent_type": "null",
                "src_parent": "final java.lang.String candidateDetectionSql \u003d \"SELECT programid, name\" + ((\" FROM programrule \" + \" group by programid, name \") + \" having count(*) \u003e 1\")",
                "dst_parent": "null"
              }
            }
          ]
        },
        {
          "tool-name": "JKali",
          "pattern-name": "JKali:del",
          "Unified_Diff_of-files:": "Starts Below...",
          "INSERT:": "}",
          "CHANGE_old:": "",
          "CHANGE_new:": "        return preparedStatement;",
          "DELETE:": "",
          "instance_detail": [
            {
              "pattern_action": "DEL",
              "pattern_entity": {
                "entity_type": "*",
                "entity_new value": "*",
                "entity_role": "Statement",
                "entity_parent": "null"
              },
              "concrete_change": {
                "operator": "DEL",
                "src_type": "LocalVariable",
                "dst_type": "null",
                "src": "final java.lang.String candidateDetectionSql \u003d \"SELECT programid, name\" + ((\" FROM programrule \" + \" group by programid, name \") + \" having count(*) \u003e 1\")",
                "dst": "null",
                "src_parent_type": "Block",
                "dst_parent_type": "null",
                "src_parent": "{\n    final java.lang.String candidateDetectionSql \u003d \"SELECT programid, name\" + ((\" FROM programrule \" + \" group by programid, name \") + \" having count(*) \u003e 1\");\n    java.util.List\u003corg.apache.commons.lang3.tuple.Pair\u003cjava.lang.Long, java.lang.String\u003e\u003e candidates \u003d new java.util.ArrayList\u003c\u003e();\n    try (final java.sql.Statement stmt \u003d connection.createStatement();final java.sql.ResultSet rs \u003d stmt.executeQuery(candidateDetectionSql)) {\n        while (rs.next()) {\n            candidates.add(org.apache.commons.lang3.tuple.Pair.of(rs.getLong(\"programid\"), rs.getString(\"name\")));\n        } \n    }\n    return candidates;\n}",
                "dst_parent": "null"
              },
              "line": 75,
              "file": "/home/khesoem/projects/lighter/exp/dhis-2/dhis-support/dhis-support-db-migration/src/main/java/org/hisp/dhis/db/migration/v36/V2_36_2__normalize_program_rule_names_for_duplicates.java",
              "stats": {
                "number_of_src_entities": 20,
                "number_of_dst_entities": -1,
                "src_entity_types": "[java.lang.String]",
                "dst_entity_types": "[]"
              }
            }
          ]
        },
        {
          "tool-name": "JKali",
          "pattern-name": "JKali:del",
          "Unified_Diff_of-files:": "Starts Below...",
          "INSERT:": "}",
          "CHANGE_old:": "",
          "CHANGE_new:": "        return preparedStatement;",
          "DELETE:": "",
          "instance_detail": [
            {
              "pattern_action": "DEL",
              "pattern_entity": {
                "entity_type": "*",
                "entity_new value": "*",
                "entity_role": "Statement",
                "entity_parent": "null"
              },
              "concrete_change": {
                "operator": "DEL",
                "src_type": "LocalVariable",
                "dst_type": "null",
                "src": "final java.lang.String programRulesToRenameSql \u003d ((((\"SELECT uid, name\" + \" FROM programrule where programid \u003d \") + programId) + \" AND name like \u0027\") + ruleName) + \"%\u0027\"",
                "dst": "null",
                "src_parent_type": "Block",
                "dst_parent_type": "null",
                "src_parent": "{\n    java.lang.Long programId \u003d candidate.getLeft();\n    java.lang.String ruleName \u003d candidate.getRight();\n    final java.lang.String programRulesToRenameSql \u003d ((((\"SELECT uid, name\" + \" FROM programrule where programid \u003d \") + programId) + \" AND name like \u0027\") + ruleName) + \"%\u0027\";\n    java.util.Map\u003cjava.lang.String, java.lang.String\u003e uidWithNewNames \u003d new java.util.HashMap\u003c\u003e();\n    try (final java.sql.Statement stmt \u003d connection.createStatement();final java.sql.ResultSet rs \u003d stmt.executeQuery(programRulesToRenameSql)) {\n        while (rs.next()) {\n            uidWithNewNames.put(rs.getString(\"uid\"), rs.getString(\"name\"));\n        } \n    }\n    renameAll(ruleName, uidWithNewNames, connection, this::getUpdateQuery);\n}",
                "dst_parent": "null"
              },
              "line": 106,
              "file": "/home/khesoem/projects/lighter/exp/dhis-2/dhis-support/dhis-support-db-migration/src/main/java/org/hisp/dhis/db/migration/v36/V2_36_2__normalize_program_rule_names_for_duplicates.java",
              "stats": {
                "number_of_src_entities": 38,
                "number_of_dst_entities": -1,
                "src_entity_types": "[java.lang.String, java.lang.Long]",
                "dst_entity_types": "[]"
              }
            }
          ]
        },
        {
          "tool-name": "JKali",
          "pattern-name": "JKali:del",
          "Unified_Diff_of-files:": "Starts Below...",
          "INSERT:": "}",
          "CHANGE_old:": "",
          "CHANGE_new:": "        return preparedStatement;",
          "DELETE:": "",
          "instance_detail": [
            {
              "pattern_action": "DEL",
              "pattern_entity": {
                "entity_type": "*",
                "entity_new value": "*",
                "entity_role": "Statement",
                "entity_parent": "null"
              },
              "concrete_change": {
                "operator": "DEL",
                "src_type": "Return",
                "dst_type": "null",
                "src": "return (((\"UPDATE programrule SET name\u003d\u0027\" + (findAvailableName(uidNameEntry.getValue(), existingNames))) + \"\u0027 WHERE uid\u003d \u0027\") + (uidNameEntry.getKey())) + \"\u0027\"",
                "dst": "null",
                "src_parent_type": "Block",
                "dst_parent_type": "null",
                "src_parent": "{\n    return (((\"UPDATE programrule SET name\u003d\u0027\" + (findAvailableName(uidNameEntry.getValue(), existingNames))) + \"\u0027 WHERE uid\u003d \u0027\") + (uidNameEntry.getKey())) + \"\u0027\";\n}",
                "dst_parent": "null"
              },
              "line": 126,
              "file": "/home/khesoem/projects/lighter/exp/dhis-2/dhis-support/dhis-support-db-migration/src/main/java/org/hisp/dhis/db/migration/v36/V2_36_2__normalize_program_rule_names_for_duplicates.java"
            }
          ]
        },
        {
          "tool-name": "JKali",
          "pattern-name": "JKali:add_rtrn",
          "Unified_Diff_of-files:": "Starts Below...",
          "INSERT:": "}",
          "CHANGE_old:": "",
          "CHANGE_new:": "        return preparedStatement;",
          "DELETE:": "",
          "instance_detail": [
            {
              "pattern_action": "INS",
              "pattern_entity": {
                "entity_type": "Return",
                "entity_new value": "*",
                "entity_role": "Statement",
                "entity_parent": "null"
              },
              "concrete_change": {
                "operator": "INS",
                "src_type": "Return",
                "dst_type": "null",
                "src": "return preparedStatement",
                "dst": "null",
                "src_parent_type": "Block",
                "dst_parent_type": "null",
                "src_parent": "{\n    java.sql.PreparedStatement preparedStatement \u003d connection.prepareStatement(org.hisp.dhis.db.migration.v36.V2_36_2__normalize_program_rule_names_for_duplicates.PROGRAMID_AND_NAME_LIKE);\n    preparedStatement.setLong(1, programId);\n    preparedStatement.setString(2, (ruleName + \"%\"));\n    return preparedStatement;\n}",
                "dst_parent": "null"
              },
              "line": 129,
              "file": "/home/khesoem/projects/lighter/exp/dhis-2/dhis-support/dhis-support-db-migration/src/main/java/org/hisp/dhis/db/migration/v36/V2_36_2__normalize_program_rule_names_for_duplicates.java"
            }
          ]
        },
        {
          "tool-name": "JKali",
          "pattern-name": "JKali:add_rtrn",
          "Unified_Diff_of-files:": "Starts Below...",
          "INSERT:": "}",
          "CHANGE_old:": "",
          "CHANGE_new:": "        return preparedStatement;",
          "DELETE:": "",
          "instance_detail": [
            {
              "pattern_action": "INS",
              "pattern_entity": {
                "entity_type": "Return",
                "entity_new value": "*",
                "entity_role": "Statement",
                "entity_parent": "null"
              },
              "concrete_change": {
                "operator": "INS",
                "src_type": "Return",
                "dst_type": "null",
                "src": "return org.hisp.dhis.db.migration.v36.V2_36_2__normalize_program_rule_names_for_duplicates.UPDATE_PROGRAMRULE",
                "dst": "null",
                "src_parent_type": "Block",
                "dst_parent_type": "null",
                "src_parent": "{\n    return org.hisp.dhis.db.migration.v36.V2_36_2__normalize_program_rule_names_for_duplicates.UPDATE_PROGRAMRULE;\n}",
                "dst_parent": "null"
              },
              "line": 134,
              "file": "/home/khesoem/projects/lighter/exp/dhis-2/dhis-support/dhis-support-db-migration/src/main/java/org/hisp/dhis/db/migration/v36/V2_36_2__normalize_program_rule_names_for_duplicates.java"
            }
          ]
        },
        {
          "tool-name": "JKali",
          "pattern-name": "JKali:add_rtrn",
          "Unified_Diff_of-files:": "Starts Below...",
          "INSERT:": "}",
          "CHANGE_old:": "",
          "CHANGE_new:": "        return preparedStatement;",
          "DELETE:": "",
          "instance_detail": [
            {
              "pattern_action": "INS",
              "pattern_entity": {
                "entity_type": "Return",
                "entity_new value": "*",
                "entity_role": "Statement",
                "entity_parent": "null"
              },
              "concrete_change": {
                "operator": "INS",
                "src_type": "Return",
                "dst_type": "null",
                "src": "return org.apache.commons.lang3.tuple.Pair.of(findAvailableName(uidNameEntry.getValue(), existingNames), uidNameEntry.getKey())",
                "dst": "null",
                "src_parent_type": "Block",
                "dst_parent_type": "null",
                "src_parent": "{\n    return org.apache.commons.lang3.tuple.Pair.of(findAvailableName(uidNameEntry.getValue(), existingNames), uidNameEntry.getKey());\n}",
                "dst_parent": "null"
              },
              "line": 140,
              "file": "/home/khesoem/projects/lighter/exp/dhis-2/dhis-support/dhis-support-db-migration/src/main/java/org/hisp/dhis/db/migration/v36/V2_36_2__normalize_program_rule_names_for_duplicates.java"
            }
          ]
        }
      ]
    },
    {
      "revision": "9e2711ed35c3329188b7b170a587ef8f2898a83c",
      "repairability": [
        {
          "tool-name": "JKali",
          "pattern-name": "JKali:add_rtrn",
          "Unified_Diff_of-files:": "Starts Below...",
          "INSERT:": "}",
          "CHANGE_old:": "",
          "CHANGE_new:": "        return preparedStatement;",
          "DELETE:": "",
          "instance_detail": [
            {
              "pattern_action": "INS",
              "pattern_entity": {
                "entity_type": "Return",
                "entity_new value": "*",
                "entity_role": "Statement",
                "entity_parent": "null"
              },
              "concrete_change": {
                "operator": "INS",
                "src_type": "Return",
                "dst_type": "null",
                "src": "return preparedStatement",
                "dst": "null",
                "src_parent_type": "Block",
                "dst_parent_type": "null",
                "src_parent": "{\n    java.sql.PreparedStatement preparedStatement \u003d connection.prepareStatement(updateQuery);\n    preparedStatement.setString(1, params.getLeft());\n    preparedStatement.setString(2, params.getRight());\n    return preparedStatement;\n}",
                "dst_parent": "null"
              },
              "line": 237,
              "file": "/home/khesoem/projects/lighter/exp/dhis-2/dhis-support/dhis-support-db-migration/src/main/java/org/hisp/dhis/db/migration/v36/V2_36_1__normalize_program_rule_variable_names_for_duplicates.java"
            }
          ]
        }
      ]
    }
  ],
  "complete_analysis": true
}