{
  "instances": [
    {
      "revision": "60fe241badad5b1463bc3991eff2927abae32644",
      "repairability": [
        {
          "tool-name": "JKali",
          "pattern-name": "JKali:del",
          "Unified_Diff_of-files:": "Starts Below...",
          "CHANGE_old:": "",
          "CHANGE_new:": "                        .findFirst() );",
          "INSERT:": "",
          "DELETE:": "            // if ( StringUtils.isEmpty( attribute.getValue() ) )",
          "instance_detail": [
            {
              "pattern_action": "DEL",
              "pattern_entity": {
                "entity_type": "*",
                "entity_new value": "*",
                "entity_role": "Statement",
                "entity_parent": "null"
              },
              "concrete_change": {
                "operator": "DEL",
                "src_type": "Invocation",
                "dst_type": "null",
                "src": "addErrorIfNull(attribute.getValue(), reporter, org.hisp.dhis.tracker.validation.hooks.E1076, attribute)",
                "dst": "null",
                "src_parent_type": "Block",
                "dst_parent_type": "null",
                "src_parent": "{\n    addErrorIfNull(attribute.getAttribute(), reporter, org.hisp.dhis.tracker.validation.hooks.E1075, attribute);\n    addErrorIfNull(attribute.getValue(), reporter, org.hisp.dhis.tracker.validation.hooks.E1076, attribute);\n    if ((attribute.getAttribute()) !\u003d null) {\n        org.hisp.dhis.trackedentity.TrackedEntityAttribute teAttribute \u003d reporter.getValidationContext().getTrackedEntityAttribute(attribute.getAttribute());\n        addErrorIfNull(teAttribute, reporter, org.hisp.dhis.tracker.validation.hooks.E1017, attribute.getAttribute());\n    }\n}",
                "dst_parent": "null"
              },
              "line": 120,
              "file": "/home/khesoem/projects/lighter/exp/dhis-2/dhis-services/dhis-service-tracker/src/main/java/org/hisp/dhis/tracker/validation/hooks/EnrollmentAttributeValidationHook.java",
              "stats": {
                "number_of_src_entities": 31,
                "number_of_dst_entities": -1,
                "src_entity_types": "[org.hisp.dhis.tracker.validation.hooks.EnrollmentAttributeValidationHook, org.hisp.dhis.tracker.domain.Attribute, org.hisp.dhis.tracker.validation.hooks.E1076, org.hisp.dhis.tracker.report.ValidationErrorReporter]",
                "dst_entity_types": "[]"
              }
            }
          ]
        }
      ]
    },
    {
      "revision": "60fe241badad5b1463bc3991eff2927abae32644",
      "repairability": [
        {
          "tool-name": "JKali",
          "pattern-name": "JKali:del",
          "Unified_Diff_of-files:": "Starts Below...",
          "CHANGE_old:": "",
          "CHANGE_new:": "                        .findFirst() );",
          "INSERT:": "",
          "DELETE:": "            // if ( StringUtils.isEmpty( attribute.getValue() ) )",
          "instance_detail": [
            {
              "pattern_action": "DEL",
              "pattern_entity": {
                "entity_type": "*",
                "entity_new value": "*",
                "entity_role": "Statement",
                "entity_parent": "null"
              },
              "concrete_change": {
                "operator": "DEL",
                "src_type": "If",
                "dst_type": "null",
                "src": "if (org.apache.commons.lang3.StringUtils.isEmpty(event.getProgramStage()))\n    return;\n",
                "dst": "null",
                "src_parent_type": "Block",
                "dst_parent_type": "null",
                "src_parent": "{\n    if (org.apache.commons.lang3.StringUtils.isEmpty(event.getProgramStage()))\n        return;\n\n    org.hisp.dhis.program.ProgramStage programStage \u003d ctx.getProgramStage(event.getProgramStage());\n    final java.util.Set\u003cjava.lang.String\u003e dataElements \u003d programStage.getProgramStageDataElements().stream().map(( de) -\u003e de.getDataElement().getUid()).collect(java.util.stream.Collectors.toSet());\n    java.util.Set\u003cjava.lang.String\u003e payloadDataElements \u003d event.getDataValues().stream().map(DataValue::getDataElement).collect(java.util.stream.Collectors.toSet());\n    for (java.lang.String payloadDataElement : payloadDataElements) {\n        if (!(dataElements.contains(payloadDataElement))) {\n            addError(reporter, TrackerErrorCode.E1305, payloadDataElement, programStage.getUid());\n        }\n    }\n}",
                "dst_parent": "null"
              },
              "line": 118,
              "file": "/home/khesoem/projects/lighter/exp/dhis-2/dhis-services/dhis-service-tracker/src/main/java/org/hisp/dhis/tracker/validation/hooks/EventDataValuesValidationHook.java",
              "stats": {
                "number_of_src_entities": 21,
                "number_of_dst_entities": -1,
                "src_entity_types": "[org.apache.commons.lang3.StringUtils, org.hisp.dhis.tracker.domain.Event]",
                "dst_entity_types": "[]"
              }
            }
          ]
        },
        {
          "tool-name": "JKali",
          "pattern-name": "JKali:del",
          "Unified_Diff_of-files:": "Starts Below...",
          "CHANGE_old:": "",
          "CHANGE_new:": "                        .findFirst() );",
          "INSERT:": "",
          "DELETE:": "            // if ( StringUtils.isEmpty( attribute.getValue() ) )",
          "instance_detail": [
            {
              "pattern_action": "DEL",
              "pattern_entity": {
                "entity_type": "*",
                "entity_new value": "*",
                "entity_role": "Statement",
                "entity_parent": "null"
              },
              "concrete_change": {
                "operator": "DEL",
                "src_type": "LocalVariable",
                "dst_type": "null",
                "src": "org.hisp.dhis.program.ProgramStage programStage \u003d ctx.getProgramStage(event.getProgramStage())",
                "dst": "null",
                "src_parent_type": "Block",
                "dst_parent_type": "null",
                "src_parent": "{\n    if (org.apache.commons.lang3.StringUtils.isEmpty(event.getProgramStage()))\n        return;\n\n    org.hisp.dhis.program.ProgramStage programStage \u003d ctx.getProgramStage(event.getProgramStage());\n    final java.util.Set\u003cjava.lang.String\u003e dataElements \u003d programStage.getProgramStageDataElements().stream().map(( de) -\u003e de.getDataElement().getUid()).collect(java.util.stream.Collectors.toSet());\n    java.util.Set\u003cjava.lang.String\u003e payloadDataElements \u003d event.getDataValues().stream().map(DataValue::getDataElement).collect(java.util.stream.Collectors.toSet());\n    for (java.lang.String payloadDataElement : payloadDataElements) {\n        if (!(dataElements.contains(payloadDataElement))) {\n            addError(reporter, TrackerErrorCode.E1305, payloadDataElement, programStage.getUid());\n        }\n    }\n}",
                "dst_parent": "null"
              },
              "line": 121,
              "file": "/home/khesoem/projects/lighter/exp/dhis-2/dhis-services/dhis-service-tracker/src/main/java/org/hisp/dhis/tracker/validation/hooks/EventDataValuesValidationHook.java",
              "stats": {
                "number_of_src_entities": 21,
                "number_of_dst_entities": -1,
                "src_entity_types": "[org.hisp.dhis.tracker.validation.TrackerImportValidationContext, org.hisp.dhis.tracker.domain.Event, org.hisp.dhis.program.ProgramStage]",
                "dst_entity_types": "[]"
              }
            }
          ]
        }
      ]
    }
  ],
  "complete_analysis": true
}