{
  "instances": [
    {
      "revision": "33f28a59a6fac2e93f3e981a2ff4ac6d8636c6bd",
      "repairability": [
        {
          "tool-name": "JKali",
          "pattern-name": "JKali:add_rtrn",
          "Unified_Diff_of-files:": "Starts Below...",
          "INSERT:": "",
          "instance_detail": [
            {
              "pattern_action": "INS",
              "pattern_entity": {
                "entity_type": "Return",
                "entity_new value": "*",
                "entity_role": "Statement",
                "entity_parent": "null"
              },
              "concrete_change": {
                "operator": "INS",
                "src_type": "Return",
                "dst_type": "null",
                "src": "return _typeFactory.constructType(typeRef)",
                "dst": "null",
                "src_parent_type": "Block",
                "dst_parent_type": "null",
                "src_parent": "{\n    _assertNotNull(\"typeRef\", typeRef);\n    return _typeFactory.constructType(typeRef);\n}",
                "dst_parent": "null"
              },
              "line": 2172,
              "file": "/home/khesoem/projects/lighter/exp/src/main/java/com/fasterxml/jackson/databind/ObjectMapper.java"
            }
          ]
        }
      ]
    }
  ],
  "complete_analysis": true
}