{
  "instances": [
    {
      "revision": "54160da112714694eb8e8815f898003cb7406185",
      "repairability": [
        {
          "tool-name": "JKali",
          "pattern-name": "JKali:del",
          "Unified_Diff_of-files:": "Starts Below...",
          "CHANGE_old:": "            p.nextToken(); // to point to value",
          "CHANGE_new:": "            t \u003d p.nextToken(); // to point to value",
          "INSERT:": "                }",
          "instance_detail": [
            {
              "pattern_action": "DEL",
              "pattern_entity": {
                "entity_type": "*",
                "entity_new value": "*",
                "entity_role": "Statement",
                "entity_parent": "null"
              },
              "concrete_change": {
                "operator": "DEL",
                "src_type": "Invocation",
                "dst_type": "null",
                "src": "p.nextToken()",
                "dst": "null",
                "src_parent_type": "Block",
                "dst_parent_type": "null",
                "src_parent": "{\n    java.lang.String propName \u003d p.currentName();\n    p.nextToken();\n    final com.fasterxml.jackson.databind.deser.SettableBeanProperty creatorProp \u003d creator.findCreatorProperty(propName);\n    if ((buffer.readIdProperty(propName)) \u0026\u0026 (creatorProp \u003d\u003d null)) {\n        continue;\n    }\n    if (creatorProp !\u003d null) {\n        if (ext.handlePropertyValue(p, ctxt, propName, null)) {\n        } else {\n            if (buffer.assignParameter(creatorProp, _deserializeWithErrorWrapping(p, ctxt, creatorProp))) {\n                t \u003d p.nextToken();\n                java.lang.Object bean;\n                try {\n                    bean \u003d creator.build(ctxt, buffer);\n                } catch (java.lang.Exception e) {\n                    wrapAndThrow(e, _beanType.getRawClass(), propName, ctxt);\n                    continue;\n                }\n                while (t \u003d\u003d (com.fasterxml.jackson.core.JsonToken.FIELD_NAME)) {\n                    p.nextToken();\n                    tokens.copyCurrentStructure(p);\n                    t \u003d p.nextToken();\n                } \n                if ((bean.getClass()) !\u003d (_beanType.getRawClass())) {\n                    return ctxt.reportBadDefinition(_beanType, java.lang.String.format(\"Cannot create polymorphic instances with external type ids (%s -\u003e %s)\", _beanType, bean.getClass()));\n                }\n                return ext.complete(p, ctxt, bean);\n            }\n        }\n        continue;\n    }\n    com.fasterxml.jackson.databind.deser.SettableBeanProperty prop \u003d _beanProperties.find(propName);\n    if (prop !\u003d null) {\n        buffer.bufferProperty(prop, prop.deserialize(p, ctxt));\n        continue;\n    }\n    if (ext.handlePropertyValue(p, ctxt, propName, null)) {\n        continue;\n    }\n    if (com.fasterxml.jackson.databind.util.IgnorePropertiesUtil.shouldIgnore(propName, _ignorableProps, _includableProps)) {\n        handleIgnoredProperty(p, ctxt, handledType(), propName);\n        continue;\n    }\n    if ((_anySetter) !\u003d null) {\n        buffer.bufferAnyProperty(_anySetter, propName, _anySetter.deserialize(p, ctxt));\n        continue;\n    }\n    handleUnknownProperty(p, ctxt, _valueClass, propName);\n}",
                "dst_parent": "null"
              },
              "line": 1012,
              "file": "/home/khesoem/projects/lighter/exp/src/main/java/com/fasterxml/jackson/databind/deser/BeanDeserializer.java",
              "stats": {
                "number_of_src_entities": 10,
                "number_of_dst_entities": -1,
                "src_entity_types": "[com.fasterxml.jackson.core.JsonParser]",
                "dst_entity_types": "[]"
              }
            }
          ]
        }
      ]
    }
  ],
  "complete_analysis": true
}