{
  "instances": [
    {
      "revision": "643772b1af7dc5cab15582ae8d2dbc5f9bdf548a",
      "repairability": [
        {
          "tool-name": "JKali",
          "pattern-name": "JKali:del",
          "Unified_Diff_of-files:": "Starts Below...",
          "DELETE:": "        final String value \u003d p.getValueAsString();",
          "INSERT:": "            value \u003d value.trim(); // mostly to avoid problems wrt XML indentation",
          "instance_detail": [
            {
              "pattern_action": "DEL",
              "pattern_entity": {
                "entity_type": "*",
                "entity_new value": "*",
                "entity_role": "Statement",
                "entity_parent": "null"
              },
              "concrete_change": {
                "operator": "DEL",
                "src_type": "Wra",
                "dst_type": "null",
                "src": "final",
                "dst": "null",
                "src_parent_type": "LocalVariable",
                "dst_parent_type": "null",
                "src_parent": "final java.lang.String value \u003d p.getValueAsString()",
                "dst_parent": "null"
              }
            }
          ]
        },
        {
          "tool-name": "JKali",
          "pattern-name": "JKali:del",
          "Unified_Diff_of-files:": "Starts Below...",
          "DELETE:": "        final String value \u003d p.getValueAsString();",
          "INSERT:": "            value \u003d value.trim(); // mostly to avoid problems wrt XML indentation",
          "instance_detail": [
            {
              "pattern_action": "DEL",
              "pattern_entity": {
                "entity_type": "*",
                "entity_new value": "*",
                "entity_role": "Statement",
                "entity_parent": "null"
              },
              "concrete_change": {
                "operator": "DEL",
                "src_type": "VirtualEle",
                "dst_type": "null",
                "src": "VE: Modifiers_LocalVariable",
                "dst": "null",
                "src_parent_type": "LocalVariable",
                "dst_parent_type": "null",
                "src_parent": "final java.lang.String value \u003d p.getValueAsString()",
                "dst_parent": "null"
              },
              "stats": {
                "number_of_src_entities": 1,
                "number_of_dst_entities": -1,
                "src_entity_types": "[]",
                "dst_entity_types": "[]"
              }
            }
          ]
        }
      ]
    }
  ],
  "complete_analysis": true
}