{
  "instances": [
    {
      "revision": "0931277d9142a0912ae56c0936418abe73b55116",
      "repairability": [
        {
          "tool-name": "JKali",
          "pattern-name": "JKali:add_rtrn",
          "Unified_Diff_of-files:": "Starts Below...",
          "INSERT:": "",
          "CHANGE_old:": "                        currArray.add(_fromInt(p, ctxt, nodeFactory));",
          "CHANGE_new:": "                        currArray.add(_fromInt(p, intCoercionFeats, nodeFactory));",
          "instance_detail": [
            {
              "pattern_action": "INS",
              "pattern_entity": {
                "entity_type": "Return",
                "entity_new value": "*",
                "entity_role": "Statement",
                "entity_parent": "null"
              },
              "concrete_change": {
                "operator": "INS",
                "src_type": "Return",
                "dst_type": "null",
                "src": "return nodeFactory.numberNode(p.getBigIntegerValue())",
                "dst": "null",
                "src_parent_type": "Block",
                "dst_parent_type": "null",
                "src_parent": "{\n    if (coercionFeatures !\u003d 0) {\n        if (com.fasterxml.jackson.databind.DeserializationFeature.USE_BIG_INTEGER_FOR_INTS.enabledIn(coercionFeatures)) {\n            return nodeFactory.numberNode(p.getBigIntegerValue());\n        }\n        return nodeFactory.numberNode(p.getLongValue());\n    }\n    final com.fasterxml.jackson.core.JsonParser.NumberType nt \u003d p.getNumberType();\n    if (nt \u003d\u003d (com.fasterxml.jackson.core.JsonParser.NumberType.INT)) {\n        return nodeFactory.numberNode(p.getIntValue());\n    }\n    if (nt \u003d\u003d (com.fasterxml.jackson.core.JsonParser.NumberType.LONG)) {\n        return nodeFactory.numberNode(p.getLongValue());\n    }\n    return nodeFactory.numberNode(p.getBigIntegerValue());\n}",
                "dst_parent": "null"
              },
              "line": 588,
              "file": "/home/khesoem/projects/lighter/exp/src/main/java/com/fasterxml/jackson/databind/deser/std/JsonNodeDeserializer.java"
            }
          ]
        },
        {
          "tool-name": "JKali",
          "pattern-name": "JKali:add_rtrn",
          "Unified_Diff_of-files:": "Starts Below...",
          "INSERT:": "",
          "CHANGE_old:": "                        currArray.add(_fromInt(p, ctxt, nodeFactory));",
          "CHANGE_new:": "                        currArray.add(_fromInt(p, intCoercionFeats, nodeFactory));",
          "instance_detail": [
            {
              "pattern_action": "INS",
              "pattern_entity": {
                "entity_type": "Return",
                "entity_new value": "*",
                "entity_role": "Statement",
                "entity_parent": "null"
              },
              "concrete_change": {
                "operator": "INS",
                "src_type": "Return",
                "dst_type": "null",
                "src": "return nodeFactory.numberNode(p.getLongValue())",
                "dst": "null",
                "src_parent_type": "Block",
                "dst_parent_type": "null",
                "src_parent": "{\n    if (com.fasterxml.jackson.databind.DeserializationFeature.USE_BIG_INTEGER_FOR_INTS.enabledIn(coercionFeatures)) {\n        return nodeFactory.numberNode(p.getBigIntegerValue());\n    }\n    return nodeFactory.numberNode(p.getLongValue());\n}",
                "dst_parent": "null"
              },
              "line": 579,
              "file": "/home/khesoem/projects/lighter/exp/src/main/java/com/fasterxml/jackson/databind/deser/std/JsonNodeDeserializer.java"
            }
          ]
        },
        {
          "tool-name": "JKali",
          "pattern-name": "JKali:add_rtrn",
          "Unified_Diff_of-files:": "Starts Below...",
          "INSERT:": "",
          "CHANGE_old:": "                        currArray.add(_fromInt(p, ctxt, nodeFactory));",
          "CHANGE_new:": "                        currArray.add(_fromInt(p, intCoercionFeats, nodeFactory));",
          "instance_detail": [
            {
              "pattern_action": "INS",
              "pattern_entity": {
                "entity_type": "Return",
                "entity_new value": "*",
                "entity_role": "Statement",
                "entity_parent": "null"
              },
              "concrete_change": {
                "operator": "INS",
                "src_type": "Return",
                "dst_type": "null",
                "src": "return nodeFactory.numberNode(p.getIntValue())",
                "dst": "null",
                "src_parent_type": "Block",
                "dst_parent_type": "null",
                "src_parent": "{\n    return nodeFactory.numberNode(p.getIntValue());\n}",
                "dst_parent": "null"
              },
              "line": 583,
              "file": "/home/khesoem/projects/lighter/exp/src/main/java/com/fasterxml/jackson/databind/deser/std/JsonNodeDeserializer.java"
            }
          ]
        },
        {
          "tool-name": "JKali",
          "pattern-name": "JKali:add_rtrn",
          "Unified_Diff_of-files:": "Starts Below...",
          "INSERT:": "",
          "CHANGE_old:": "                        currArray.add(_fromInt(p, ctxt, nodeFactory));",
          "CHANGE_new:": "                        currArray.add(_fromInt(p, intCoercionFeats, nodeFactory));",
          "instance_detail": [
            {
              "pattern_action": "INS",
              "pattern_entity": {
                "entity_type": "Return",
                "entity_new value": "*",
                "entity_role": "Statement",
                "entity_parent": "null"
              },
              "concrete_change": {
                "operator": "INS",
                "src_type": "Return",
                "dst_type": "null",
                "src": "return nodeFactory.numberNode(p.getLongValue())",
                "dst": "null",
                "src_parent_type": "Block",
                "dst_parent_type": "null",
                "src_parent": "{\n    return nodeFactory.numberNode(p.getLongValue());\n}",
                "dst_parent": "null"
              },
              "line": 586,
              "file": "/home/khesoem/projects/lighter/exp/src/main/java/com/fasterxml/jackson/databind/deser/std/JsonNodeDeserializer.java"
            }
          ]
        },
        {
          "tool-name": "JKali",
          "pattern-name": "JKali:add_rtrn",
          "Unified_Diff_of-files:": "Starts Below...",
          "INSERT:": "",
          "CHANGE_old:": "                        currArray.add(_fromInt(p, ctxt, nodeFactory));",
          "CHANGE_new:": "                        currArray.add(_fromInt(p, intCoercionFeats, nodeFactory));",
          "instance_detail": [
            {
              "pattern_action": "INS",
              "pattern_entity": {
                "entity_type": "Return",
                "entity_new value": "*",
                "entity_role": "Statement",
                "entity_parent": "null"
              },
              "concrete_change": {
                "operator": "INS",
                "src_type": "Return",
                "dst_type": "null",
                "src": "return nodeFactory.numberNode(p.getBigIntegerValue())",
                "dst": "null",
                "src_parent_type": "Block",
                "dst_parent_type": "null",
                "src_parent": "{\n    return nodeFactory.numberNode(p.getBigIntegerValue());\n}",
                "dst_parent": "null"
              },
              "line": 577,
              "file": "/home/khesoem/projects/lighter/exp/src/main/java/com/fasterxml/jackson/databind/deser/std/JsonNodeDeserializer.java"
            }
          ]
        }
      ]
    }
  ],
  "complete_analysis": true
}