{
  "instances": [
    {
      "revision": "2b5a31996d9ca2170cbd61b465332863b0f291d7",
      "repairability": [
        {
          "tool-name": "JKali",
          "pattern-name": "JKali:del",
          "Unified_Diff_of-files:": "Starts Below...",
          "CHANGE_old:": "                \u0026\u0026 (((AnnotatedMethod) o)._method \u003d\u003d _method);",
          "CHANGE_new:": "            return false;",
          "INSERT:": "",
          "instance_detail": [
            {
              "pattern_action": "DEL",
              "pattern_entity": {
                "entity_type": "*",
                "entity_new value": "*",
                "entity_role": "Statement",
                "entity_parent": "null"
              },
              "concrete_change": {
                "operator": "DEL",
                "src_type": "Return",
                "dst_type": "null",
                "src": "return (com.fasterxml.jackson.databind.util.ClassUtil.hasClass(o, getClass())) \u0026\u0026 ((((com.fasterxml.jackson.databind.introspect.AnnotatedField) (o))._field) \u003d\u003d (_field))",
                "dst": "null",
                "src_parent_type": "Block",
                "dst_parent_type": "null",
                "src_parent": "{\n    if (o \u003d\u003d (this))\n        return true;\n\n    return (com.fasterxml.jackson.databind.util.ClassUtil.hasClass(o, getClass())) \u0026\u0026 ((((com.fasterxml.jackson.databind.introspect.AnnotatedField) (o))._field) \u003d\u003d (_field));\n}",
                "dst_parent": "null"
              },
              "line": 138,
              "file": "/home/khesoem/projects/lighter/exp/src/main/java/com/fasterxml/jackson/databind/introspect/AnnotatedField.java",
              "stats": {
                "number_of_src_entities": 63,
                "number_of_dst_entities": -1,
                "src_entity_types": "[boolean, com.fasterxml.jackson.databind.util.ClassUtil, java.lang.Object, com.fasterxml.jackson.databind.introspect.AnnotatedField]",
                "dst_entity_types": "[]"
              }
            }
          ]
        },
        {
          "tool-name": "JKali",
          "pattern-name": "JKali:add_rtrn",
          "Unified_Diff_of-files:": "Starts Below...",
          "CHANGE_old:": "                \u0026\u0026 (((AnnotatedMethod) o)._method \u003d\u003d _method);",
          "CHANGE_new:": "            return false;",
          "INSERT:": "",
          "instance_detail": [
            {
              "pattern_action": "INS",
              "pattern_entity": {
                "entity_type": "Return",
                "entity_new value": "*",
                "entity_role": "Statement",
                "entity_parent": "null"
              },
              "concrete_change": {
                "operator": "INS",
                "src_type": "Return",
                "dst_type": "null",
                "src": "return false",
                "dst": "null",
                "src_parent_type": "Block",
                "dst_parent_type": "null",
                "src_parent": "{\n    return false;\n}",
                "dst_parent": "null"
              },
              "line": 139,
              "file": "/home/khesoem/projects/lighter/exp/src/main/java/com/fasterxml/jackson/databind/introspect/AnnotatedField.java"
            }
          ]
        },
        {
          "tool-name": "JKali",
          "pattern-name": "JKali:add_rtrn",
          "Unified_Diff_of-files:": "Starts Below...",
          "CHANGE_old:": "                \u0026\u0026 (((AnnotatedMethod) o)._method \u003d\u003d _method);",
          "CHANGE_new:": "            return false;",
          "INSERT:": "",
          "instance_detail": [
            {
              "pattern_action": "INS",
              "pattern_entity": {
                "entity_type": "Return",
                "entity_new value": "*",
                "entity_role": "Statement",
                "entity_parent": "null"
              },
              "concrete_change": {
                "operator": "INS",
                "src_type": "Return",
                "dst_type": "null",
                "src": "return (_field) \u003d\u003d null",
                "dst": "null",
                "src_parent_type": "Block",
                "dst_parent_type": "null",
                "src_parent": "{\n    return (_field) \u003d\u003d null;\n}",
                "dst_parent": "null"
              },
              "line": 144,
              "file": "/home/khesoem/projects/lighter/exp/src/main/java/com/fasterxml/jackson/databind/introspect/AnnotatedField.java"
            }
          ]
        },
        {
          "tool-name": "JKali",
          "pattern-name": "JKali:add_rtrn",
          "Unified_Diff_of-files:": "Starts Below...",
          "CHANGE_old:": "                \u0026\u0026 (((AnnotatedMethod) o)._method \u003d\u003d _method);",
          "CHANGE_new:": "            return false;",
          "INSERT:": "",
          "instance_detail": [
            {
              "pattern_action": "INS",
              "pattern_entity": {
                "entity_type": "Return",
                "entity_new value": "*",
                "entity_role": "Statement",
                "entity_parent": "null"
              },
              "concrete_change": {
                "operator": "INS",
                "src_type": "Return",
                "dst_type": "null",
                "src": "return other._field.equals(_field)",
                "dst": "null",
                "src_parent_type": "Block",
                "dst_parent_type": "null",
                "src_parent": "{\n    return other._field.equals(_field);\n}",
                "dst_parent": "null"
              },
              "line": 146,
              "file": "/home/khesoem/projects/lighter/exp/src/main/java/com/fasterxml/jackson/databind/introspect/AnnotatedField.java"
            }
          ]
        }
      ]
    },
    {
      "revision": "2b5a31996d9ca2170cbd61b465332863b0f291d7",
      "repairability": [
        {
          "tool-name": "JKali",
          "pattern-name": "JKali:del",
          "Unified_Diff_of-files:": "Starts Below...",
          "CHANGE_old:": "                \u0026\u0026 (((AnnotatedMethod) o)._method \u003d\u003d _method);",
          "CHANGE_new:": "            return false;",
          "INSERT:": "",
          "instance_detail": [
            {
              "pattern_action": "DEL",
              "pattern_entity": {
                "entity_type": "*",
                "entity_new value": "*",
                "entity_role": "Statement",
                "entity_parent": "null"
              },
              "concrete_change": {
                "operator": "DEL",
                "src_type": "Return",
                "dst_type": "null",
                "src": "return (com.fasterxml.jackson.databind.util.ClassUtil.hasClass(o, getClass())) \u0026\u0026 ((((com.fasterxml.jackson.databind.introspect.AnnotatedConstructor) (o))._constructor) \u003d\u003d (_constructor))",
                "dst": "null",
                "src_parent_type": "Block",
                "dst_parent_type": "null",
                "src_parent": "{\n    if (o \u003d\u003d (this))\n        return true;\n\n    return (com.fasterxml.jackson.databind.util.ClassUtil.hasClass(o, getClass())) \u0026\u0026 ((((com.fasterxml.jackson.databind.introspect.AnnotatedConstructor) (o))._constructor) \u003d\u003d (_constructor));\n}",
                "dst_parent": "null"
              },
              "line": 185,
              "file": "/home/khesoem/projects/lighter/exp/src/main/java/com/fasterxml/jackson/databind/introspect/AnnotatedConstructor.java",
              "stats": {
                "number_of_src_entities": 69,
                "number_of_dst_entities": -1,
                "src_entity_types": "[boolean, com.fasterxml.jackson.databind.introspect.AnnotatedConstructor, com.fasterxml.jackson.databind.util.ClassUtil, java.lang.Object]",
                "dst_entity_types": "[]"
              }
            }
          ]
        },
        {
          "tool-name": "JKali",
          "pattern-name": "JKali:add_rtrn",
          "Unified_Diff_of-files:": "Starts Below...",
          "CHANGE_old:": "                \u0026\u0026 (((AnnotatedMethod) o)._method \u003d\u003d _method);",
          "CHANGE_new:": "            return false;",
          "INSERT:": "",
          "instance_detail": [
            {
              "pattern_action": "INS",
              "pattern_entity": {
                "entity_type": "Return",
                "entity_new value": "*",
                "entity_role": "Statement",
                "entity_parent": "null"
              },
              "concrete_change": {
                "operator": "INS",
                "src_type": "Return",
                "dst_type": "null",
                "src": "return false",
                "dst": "null",
                "src_parent_type": "Block",
                "dst_parent_type": "null",
                "src_parent": "{\n    return false;\n}",
                "dst_parent": "null"
              },
              "line": 188,
              "file": "/home/khesoem/projects/lighter/exp/src/main/java/com/fasterxml/jackson/databind/introspect/AnnotatedConstructor.java"
            }
          ]
        },
        {
          "tool-name": "JKali",
          "pattern-name": "JKali:add_rtrn",
          "Unified_Diff_of-files:": "Starts Below...",
          "CHANGE_old:": "                \u0026\u0026 (((AnnotatedMethod) o)._method \u003d\u003d _method);",
          "CHANGE_new:": "            return false;",
          "INSERT:": "",
          "instance_detail": [
            {
              "pattern_action": "INS",
              "pattern_entity": {
                "entity_type": "Return",
                "entity_new value": "*",
                "entity_role": "Statement",
                "entity_parent": "null"
              },
              "concrete_change": {
                "operator": "INS",
                "src_type": "Return",
                "dst_type": "null",
                "src": "return (_constructor) \u003d\u003d null",
                "dst": "null",
                "src_parent_type": "Block",
                "dst_parent_type": "null",
                "src_parent": "{\n    return (_constructor) \u003d\u003d null;\n}",
                "dst_parent": "null"
              },
              "line": 193,
              "file": "/home/khesoem/projects/lighter/exp/src/main/java/com/fasterxml/jackson/databind/introspect/AnnotatedConstructor.java"
            }
          ]
        },
        {
          "tool-name": "JKali",
          "pattern-name": "JKali:add_rtrn",
          "Unified_Diff_of-files:": "Starts Below...",
          "CHANGE_old:": "                \u0026\u0026 (((AnnotatedMethod) o)._method \u003d\u003d _method);",
          "CHANGE_new:": "            return false;",
          "INSERT:": "",
          "instance_detail": [
            {
              "pattern_action": "INS",
              "pattern_entity": {
                "entity_type": "Return",
                "entity_new value": "*",
                "entity_role": "Statement",
                "entity_parent": "null"
              },
              "concrete_change": {
                "operator": "INS",
                "src_type": "Return",
                "dst_type": "null",
                "src": "return other._constructor.equals(_constructor)",
                "dst": "null",
                "src_parent_type": "Block",
                "dst_parent_type": "null",
                "src_parent": "{\n    return other._constructor.equals(_constructor);\n}",
                "dst_parent": "null"
              },
              "line": 195,
              "file": "/home/khesoem/projects/lighter/exp/src/main/java/com/fasterxml/jackson/databind/introspect/AnnotatedConstructor.java"
            }
          ]
        }
      ]
    },
    {
      "revision": "2b5a31996d9ca2170cbd61b465332863b0f291d7",
      "repairability": [
        {
          "tool-name": "JKali",
          "pattern-name": "JKali:del",
          "Unified_Diff_of-files:": "Starts Below...",
          "CHANGE_old:": "                \u0026\u0026 (((AnnotatedMethod) o)._method \u003d\u003d _method);",
          "CHANGE_new:": "            return false;",
          "INSERT:": "",
          "instance_detail": [
            {
              "pattern_action": "DEL",
              "pattern_entity": {
                "entity_type": "*",
                "entity_new value": "*",
                "entity_role": "Statement",
                "entity_parent": "null"
              },
              "concrete_change": {
                "operator": "DEL",
                "src_type": "Return",
                "dst_type": "null",
                "src": "return (com.fasterxml.jackson.databind.util.ClassUtil.hasClass(o, getClass())) \u0026\u0026 ((((com.fasterxml.jackson.databind.introspect.AnnotatedMethod) (o))._method) \u003d\u003d (_method))",
                "dst": "null",
                "src_parent_type": "Block",
                "dst_parent_type": "null",
                "src_parent": "{\n    if (o \u003d\u003d (this))\n        return true;\n\n    return (com.fasterxml.jackson.databind.util.ClassUtil.hasClass(o, getClass())) \u0026\u0026 ((((com.fasterxml.jackson.databind.introspect.AnnotatedMethod) (o))._method) \u003d\u003d (_method));\n}",
                "dst_parent": "null"
              },
              "line": 256,
              "file": "/home/khesoem/projects/lighter/exp/src/main/java/com/fasterxml/jackson/databind/introspect/AnnotatedMethod.java",
              "stats": {
                "number_of_src_entities": 63,
                "number_of_dst_entities": -1,
                "src_entity_types": "[boolean, com.fasterxml.jackson.databind.util.ClassUtil, java.lang.Object, com.fasterxml.jackson.databind.introspect.AnnotatedMethod]",
                "dst_entity_types": "[]"
              }
            }
          ]
        },
        {
          "tool-name": "JKali",
          "pattern-name": "JKali:add_rtrn",
          "Unified_Diff_of-files:": "Starts Below...",
          "CHANGE_old:": "                \u0026\u0026 (((AnnotatedMethod) o)._method \u003d\u003d _method);",
          "CHANGE_new:": "            return false;",
          "INSERT:": "",
          "instance_detail": [
            {
              "pattern_action": "INS",
              "pattern_entity": {
                "entity_type": "Return",
                "entity_new value": "*",
                "entity_role": "Statement",
                "entity_parent": "null"
              },
              "concrete_change": {
                "operator": "INS",
                "src_type": "Return",
                "dst_type": "null",
                "src": "return false",
                "dst": "null",
                "src_parent_type": "Block",
                "dst_parent_type": "null",
                "src_parent": "{\n    return false;\n}",
                "dst_parent": "null"
              },
              "line": 257,
              "file": "/home/khesoem/projects/lighter/exp/src/main/java/com/fasterxml/jackson/databind/introspect/AnnotatedMethod.java"
            }
          ]
        },
        {
          "tool-name": "JKali",
          "pattern-name": "JKali:add_rtrn",
          "Unified_Diff_of-files:": "Starts Below...",
          "CHANGE_old:": "                \u0026\u0026 (((AnnotatedMethod) o)._method \u003d\u003d _method);",
          "CHANGE_new:": "            return false;",
          "INSERT:": "",
          "instance_detail": [
            {
              "pattern_action": "INS",
              "pattern_entity": {
                "entity_type": "Return",
                "entity_new value": "*",
                "entity_role": "Statement",
                "entity_parent": "null"
              },
              "concrete_change": {
                "operator": "INS",
                "src_type": "Return",
                "dst_type": "null",
                "src": "return (_method) \u003d\u003d null",
                "dst": "null",
                "src_parent_type": "Block",
                "dst_parent_type": "null",
                "src_parent": "{\n    return (_method) \u003d\u003d null;\n}",
                "dst_parent": "null"
              },
              "line": 262,
              "file": "/home/khesoem/projects/lighter/exp/src/main/java/com/fasterxml/jackson/databind/introspect/AnnotatedMethod.java"
            }
          ]
        },
        {
          "tool-name": "JKali",
          "pattern-name": "JKali:add_rtrn",
          "Unified_Diff_of-files:": "Starts Below...",
          "CHANGE_old:": "                \u0026\u0026 (((AnnotatedMethod) o)._method \u003d\u003d _method);",
          "CHANGE_new:": "            return false;",
          "INSERT:": "",
          "instance_detail": [
            {
              "pattern_action": "INS",
              "pattern_entity": {
                "entity_type": "Return",
                "entity_new value": "*",
                "entity_role": "Statement",
                "entity_parent": "null"
              },
              "concrete_change": {
                "operator": "INS",
                "src_type": "Return",
                "dst_type": "null",
                "src": "return other._method.equals(_method)",
                "dst": "null",
                "src_parent_type": "Block",
                "dst_parent_type": "null",
                "src_parent": "{\n    return other._method.equals(_method);\n}",
                "dst_parent": "null"
              },
              "line": 264,
              "file": "/home/khesoem/projects/lighter/exp/src/main/java/com/fasterxml/jackson/databind/introspect/AnnotatedMethod.java"
            }
          ]
        }
      ]
    }
  ],
  "complete_analysis": true
}