{
  "instances": [
    {
      "revision": "ff03e511babeccf37f4fc8ddb2ae9e774f5e6f16",
      "repairability": [
        {
          "tool-name": "JKali",
          "pattern-name": "JKali:del",
          "Unified_Diff_of-files:": "Starts Below...",
          "CHANGE_old:": "                    LOG.warning(\"No property source name found for \" + this +\", ommitting source meta-entries.\");",
          "CHANGE_new:": "                    LOG.finest(\"No property source name found for \" + this +\", ommitting source meta-entries.\");",
          "instance_detail": [
            {
              "pattern_action": "DEL",
              "pattern_entity": {
                "entity_type": "*",
                "entity_new value": "*",
                "entity_role": "Statement",
                "entity_parent": "null"
              },
              "concrete_change": {
                "operator": "DEL",
                "src_type": "Return",
                "dst_type": "null",
                "src": "return java.util.Collections.emptySet()",
                "dst": "null",
                "src_parent_type": "Block",
                "dst_parent_type": "null",
                "src_parent": "{\n    return java.util.Collections.emptySet();\n}",
                "dst_parent": "null"
              },
              "line": 78,
              "file": "/home/khesoem/projects/lighter/exp/code/core/src/main/java/org/apache/tamaya/core/provider/JavaConfigurationProvider.java"
            }
          ]
        },
        {
          "tool-name": "JKali",
          "pattern-name": "JKali:del",
          "Unified_Diff_of-files:": "Starts Below...",
          "CHANGE_old:": "                    LOG.warning(\"No property source name found for \" + this +\", ommitting source meta-entries.\");",
          "CHANGE_new:": "                    LOG.finest(\"No property source name found for \" + this +\", ommitting source meta-entries.\");",
          "instance_detail": [
            {
              "pattern_action": "DEL",
              "pattern_entity": {
                "entity_type": "*",
                "entity_new value": "*",
                "entity_role": "Statement",
                "entity_parent": "null"
              },
              "concrete_change": {
                "operator": "DEL",
                "src_type": "If",
                "dst_type": "null",
                "src": "if (isDisabled()) {\n    return java.util.Collections.emptySet();\n}",
                "dst": "null",
                "src_parent_type": "Block",
                "dst_parent_type": "null",
                "src_parent": "{\n    if (isDisabled()) {\n        return java.util.Collections.emptySet();\n    }\n    java.util.List\u003corg.apache.tamaya.spi.PropertySource\u003e propertySources \u003d new java.util.ArrayList\u003c\u003e();\n    propertySources.addAll(loadPropertySourcesByName(org.apache.tamaya.core.provider.JavaConfigurationProvider.DEFAULT_SIMPLE_PROPERTIES_FILE_NAME));\n    propertySources.addAll(loadPropertySourcesByName(org.apache.tamaya.core.provider.JavaConfigurationProvider.DEFAULT_XML_PROPERTIES_FILE_NAME));\n    return java.util.Collections.unmodifiableList(propertySources);\n}",
                "dst_parent": "null"
              },
              "line": 77,
              "file": "/home/khesoem/projects/lighter/exp/code/core/src/main/java/org/apache/tamaya/core/provider/JavaConfigurationProvider.java",
              "stats": {
                "number_of_src_entities": 25,
                "number_of_dst_entities": -1,
                "src_entity_types": "[org.apache.tamaya.core.provider.JavaConfigurationProvider, java.util.Collections]",
                "dst_entity_types": "[]"
              }
            }
          ]
        },
        {
          "tool-name": "JKali",
          "pattern-name": "JKali:del",
          "Unified_Diff_of-files:": "Starts Below...",
          "CHANGE_old:": "                    LOG.warning(\"No property source name found for \" + this +\", ommitting source meta-entries.\");",
          "CHANGE_new:": "                    LOG.finest(\"No property source name found for \" + this +\", ommitting source meta-entries.\");",
          "instance_detail": [
            {
              "pattern_action": "DEL",
              "pattern_entity": {
                "entity_type": "*",
                "entity_new value": "*",
                "entity_role": "Statement",
                "entity_parent": "null"
              },
              "concrete_change": {
                "operator": "DEL",
                "src_type": "Return",
                "dst_type": "null",
                "src": "return java.util.Collections.unmodifiableList(propertySources)",
                "dst": "null",
                "src_parent_type": "Block",
                "dst_parent_type": "null",
                "src_parent": "{\n    if (isDisabled()) {\n        return java.util.Collections.emptySet();\n    }\n    java.util.List\u003corg.apache.tamaya.spi.PropertySource\u003e propertySources \u003d new java.util.ArrayList\u003c\u003e();\n    propertySources.addAll(loadPropertySourcesByName(org.apache.tamaya.core.provider.JavaConfigurationProvider.DEFAULT_SIMPLE_PROPERTIES_FILE_NAME));\n    propertySources.addAll(loadPropertySourcesByName(org.apache.tamaya.core.provider.JavaConfigurationProvider.DEFAULT_XML_PROPERTIES_FILE_NAME));\n    return java.util.Collections.unmodifiableList(propertySources);\n}",
                "dst_parent": "null"
              },
              "line": 86,
              "file": "/home/khesoem/projects/lighter/exp/code/core/src/main/java/org/apache/tamaya/core/provider/JavaConfigurationProvider.java",
              "stats": {
                "number_of_src_entities": 22,
                "number_of_dst_entities": -1,
                "src_entity_types": "[java.util.List\u003corg.apache.tamaya.spi.PropertySource\u003e, org.apache.tamaya.spi.PropertySource, java.util.Collections]",
                "dst_entity_types": "[]"
              }
            }
          ]
        },
        {
          "tool-name": "JKali",
          "pattern-name": "JKali:add_rtrn",
          "Unified_Diff_of-files:": "Starts Below...",
          "CHANGE_old:": "                    LOG.warning(\"No property source name found for \" + this +\", ommitting source meta-entries.\");",
          "CHANGE_new:": "                    LOG.finest(\"No property source name found for \" + this +\", ommitting source meta-entries.\");",
          "instance_detail": [
            {
              "pattern_action": "INS",
              "pattern_entity": {
                "entity_type": "Return",
                "entity_new value": "*",
                "entity_role": "Statement",
                "entity_parent": "null"
              },
              "concrete_change": {
                "operator": "INS",
                "src_type": "Return",
                "dst_type": "null",
                "src": "return propertySources",
                "dst": "null",
                "src_parent_type": "Block",
                "dst_parent_type": "null",
                "src_parent": "{\n    java.util.List\u003corg.apache.tamaya.spi.PropertySource\u003e propertySources \u003d new java.util.ArrayList\u003c\u003e();\n    propertySources.addAll(loadPropertySourcesByName(org.apache.tamaya.core.propertysource.JavaConfigurationPropertySource.DEFAULT_SIMPLE_PROPERTIES_FILE_NAME));\n    propertySources.addAll(loadPropertySourcesByName(org.apache.tamaya.core.propertysource.JavaConfigurationPropertySource.DEFAULT_XML_PROPERTIES_FILE_NAME));\n    java.util.Collections.sort(propertySources, org.apache.tamaya.core.internal.PropertySourceComparator.getInstance());\n    return propertySources;\n}",
                "dst_parent": "null"
              },
              "line": 83,
              "file": "/home/khesoem/projects/lighter/exp/code/core/src/main/java/org/apache/tamaya/core/propertysource/JavaConfigurationPropertySource.java",
              "stats": {
                "number_of_src_entities": 7,
                "number_of_dst_entities": -1,
                "src_entity_types": "[java.util.List\u003corg.apache.tamaya.spi.PropertySource\u003e, org.apache.tamaya.spi.PropertySource]",
                "dst_entity_types": "[]"
              }
            }
          ]
        },
        {
          "tool-name": "JKali",
          "pattern-name": "JKali:add_rtrn",
          "Unified_Diff_of-files:": "Starts Below...",
          "CHANGE_old:": "                    LOG.warning(\"No property source name found for \" + this +\", ommitting source meta-entries.\");",
          "CHANGE_new:": "                    LOG.finest(\"No property source name found for \" + this +\", ommitting source meta-entries.\");",
          "instance_detail": [
            {
              "pattern_action": "INS",
              "pattern_entity": {
                "entity_type": "Return",
                "entity_new value": "*",
                "entity_role": "Statement",
                "entity_parent": "null"
              },
              "concrete_change": {
                "operator": "INS",
                "src_type": "Return",
                "dst_type": "null",
                "src": "return enabled",
                "dst": "null",
                "src_parent_type": "Block",
                "dst_parent_type": "null",
                "src_parent": "{\n    return enabled;\n}",
                "dst_parent": "null"
              },
              "line": 109,
              "file": "/home/khesoem/projects/lighter/exp/code/core/src/main/java/org/apache/tamaya/core/propertysource/JavaConfigurationPropertySource.java"
            }
          ]
        },
        {
          "tool-name": "JKali",
          "pattern-name": "JKali:add_rtrn",
          "Unified_Diff_of-files:": "Starts Below...",
          "CHANGE_old:": "                    LOG.warning(\"No property source name found for \" + this +\", ommitting source meta-entries.\");",
          "CHANGE_new:": "                    LOG.finest(\"No property source name found for \" + this +\", ommitting source meta-entries.\");",
          "instance_detail": [
            {
              "pattern_action": "INS",
              "pattern_entity": {
                "entity_type": "Return",
                "entity_new value": "*",
                "entity_role": "Statement",
                "entity_parent": "null"
              },
              "concrete_change": {
                "operator": "INS",
                "src_type": "Return",
                "dst_type": "null",
                "src": "return result",
                "dst": "null",
                "src_parent_type": "Block",
                "dst_parent_type": "null",
                "src_parent": "{\n    if (!(isEnabled())) {\n        return java.util.Collections.emptyMap();\n    }\n    java.util.Map\u003cjava.lang.String, java.lang.String\u003e result \u003d new java.util.HashMap\u003c\u003e();\n    for (org.apache.tamaya.spi.PropertySource ps : getPropertySources()) {\n        result.putAll(ps.getProperties());\n    }\n    return result;\n}",
                "dst_parent": "null"
              },
              "line": 126,
              "file": "/home/khesoem/projects/lighter/exp/code/core/src/main/java/org/apache/tamaya/core/propertysource/JavaConfigurationPropertySource.java"
            }
          ]
        },
        {
          "tool-name": "JKali",
          "pattern-name": "JKali:add_rtrn",
          "Unified_Diff_of-files:": "Starts Below...",
          "CHANGE_old:": "                    LOG.warning(\"No property source name found for \" + this +\", ommitting source meta-entries.\");",
          "CHANGE_new:": "                    LOG.finest(\"No property source name found for \" + this +\", ommitting source meta-entries.\");",
          "instance_detail": [
            {
              "pattern_action": "INS",
              "pattern_entity": {
                "entity_type": "Return",
                "entity_new value": "*",
                "entity_role": "Statement",
                "entity_parent": "null"
              },
              "concrete_change": {
                "operator": "INS",
                "src_type": "Return",
                "dst_type": "null",
                "src": "return java.util.Collections.emptyMap()",
                "dst": "null",
                "src_parent_type": "Block",
                "dst_parent_type": "null",
                "src_parent": "{\n    return java.util.Collections.emptyMap();\n}",
                "dst_parent": "null"
              },
              "line": 120,
              "file": "/home/khesoem/projects/lighter/exp/code/core/src/main/java/org/apache/tamaya/core/propertysource/JavaConfigurationPropertySource.java"
            }
          ]
        }
      ]
    },
    {
      "revision": "ff03e511babeccf37f4fc8ddb2ae9e774f5e6f16",
      "repairability": [
        {
          "tool-name": "JKali",
          "pattern-name": "JKali:add_rtrn",
          "Unified_Diff_of-files:": "Starts Below...",
          "CHANGE_old:": "                    LOG.warning(\"No property source name found for \" + this +\", ommitting source meta-entries.\");",
          "CHANGE_new:": "                    LOG.finest(\"No property source name found for \" + this +\", ommitting source meta-entries.\");",
          "instance_detail": [
            {
              "pattern_action": "INS",
              "pattern_entity": {
                "entity_type": "Return",
                "entity_new value": "*",
                "entity_role": "Statement",
                "entity_parent": "null"
              },
              "concrete_change": {
                "operator": "INS",
                "src_type": "Return",
                "dst_type": "null",
                "src": "return java.util.Objects.equals(getName(), that.getName())",
                "dst": "null",
                "src_parent_type": "Block",
                "dst_parent_type": "null",
                "src_parent": "{\n    if ((this) \u003d\u003d o)\n        return true;\n\n    if (!(o instanceof org.apache.tamaya.core.propertysource.BasePropertySource))\n        return false;\n\n    org.apache.tamaya.core.propertysource.BasePropertySource that \u003d ((org.apache.tamaya.core.propertysource.BasePropertySource) (o));\n    return java.util.Objects.equals(getName(), that.getName());\n}",
                "dst_parent": "null"
              },
              "line": 164,
              "file": "/home/khesoem/projects/lighter/exp/code/core/src/main/java/org/apache/tamaya/core/propertysource/BasePropertySource.java"
            }
          ]
        },
        {
          "tool-name": "JKali",
          "pattern-name": "JKali:add_rtrn",
          "Unified_Diff_of-files:": "Starts Below...",
          "CHANGE_old:": "                    LOG.warning(\"No property source name found for \" + this +\", ommitting source meta-entries.\");",
          "CHANGE_new:": "                    LOG.finest(\"No property source name found for \" + this +\", ommitting source meta-entries.\");",
          "instance_detail": [
            {
              "pattern_action": "INS",
              "pattern_entity": {
                "entity_type": "Return",
                "entity_new value": "*",
                "entity_role": "Statement",
                "entity_parent": "null"
              },
              "concrete_change": {
                "operator": "INS",
                "src_type": "Return",
                "dst_type": "null",
                "src": "return java.util.Objects.hash(getName())",
                "dst": "null",
                "src_parent_type": "Block",
                "dst_parent_type": "null",
                "src_parent": "{\n    return java.util.Objects.hash(getName());\n}",
                "dst_parent": "null"
              },
              "line": 169,
              "file": "/home/khesoem/projects/lighter/exp/code/core/src/main/java/org/apache/tamaya/core/propertysource/BasePropertySource.java"
            }
          ]
        },
        {
          "tool-name": "JKali",
          "pattern-name": "JKali:add_rtrn",
          "Unified_Diff_of-files:": "Starts Below...",
          "CHANGE_old:": "                    LOG.warning(\"No property source name found for \" + this +\", ommitting source meta-entries.\");",
          "CHANGE_new:": "                    LOG.finest(\"No property source name found for \" + this +\", ommitting source meta-entries.\");",
          "instance_detail": [
            {
              "pattern_action": "INS",
              "pattern_entity": {
                "entity_type": "Return",
                "entity_new value": "*",
                "entity_role": "Statement",
                "entity_parent": "null"
              },
              "concrete_change": {
                "operator": "INS",
                "src_type": "Return",
                "dst_type": "null",
                "src": "return true",
                "dst": "null",
                "src_parent_type": "Block",
                "dst_parent_type": "null",
                "src_parent": "return true;\n",
                "dst_parent": "null"
              },
              "line": 161,
              "file": "/home/khesoem/projects/lighter/exp/code/core/src/main/java/org/apache/tamaya/core/propertysource/BasePropertySource.java"
            }
          ]
        },
        {
          "tool-name": "JKali",
          "pattern-name": "JKali:add_rtrn",
          "Unified_Diff_of-files:": "Starts Below...",
          "CHANGE_old:": "                    LOG.warning(\"No property source name found for \" + this +\", ommitting source meta-entries.\");",
          "CHANGE_new:": "                    LOG.finest(\"No property source name found for \" + this +\", ommitting source meta-entries.\");",
          "instance_detail": [
            {
              "pattern_action": "INS",
              "pattern_entity": {
                "entity_type": "Return",
                "entity_new value": "*",
                "entity_role": "Statement",
                "entity_parent": "null"
              },
              "concrete_change": {
                "operator": "INS",
                "src_type": "Return",
                "dst_type": "null",
                "src": "return false",
                "dst": "null",
                "src_parent_type": "Block",
                "dst_parent_type": "null",
                "src_parent": "return false;\n",
                "dst_parent": "null"
              },
              "line": 162,
              "file": "/home/khesoem/projects/lighter/exp/code/core/src/main/java/org/apache/tamaya/core/propertysource/BasePropertySource.java"
            }
          ]
        }
      ]
    }
  ],
  "complete_analysis": true
}