{
  "instances": [
    {
      "revision": "56d86eee79e2bfcf347462c0b2e8fec41d2bc742",
      "repairability": [
        {
          "tool-name": "JKali",
          "pattern-name": "JKali:add_rtrn",
          "Unified_Diff_of-files:": "Starts Below...",
          "INSERT:": "            LOG.info(\"Reading model data from META-INF/configmodel.properties...\");",
          "instance_detail": [
            {
              "pattern_action": "INS",
              "pattern_entity": {
                "entity_type": "Return",
                "entity_new value": "*",
                "entity_role": "Statement",
                "entity_parent": "null"
              },
              "concrete_change": {
                "operator": "INS",
                "src_type": "Return",
                "dst_type": "null",
                "src": "return",
                "dst": "null",
                "src_parent_type": "Block",
                "dst_parent_type": "null",
                "src_parent": "{\n    org.apache.tamaya.model.internal.ConfiguredPropertiesValidationProviderSpi.LOG.info(\"Reading model data from META-INF/configmodel.properties has been disabled.\");\n    return;\n}",
                "dst_parent": "null"
              },
              "line": 111,
              "file": "/home/khesoem/projects/lighter/exp/sandbox/model/src/main/java/org/apache/tamaya/model/internal/ConfiguredPropertiesValidationProviderSpi.java"
            }
          ]
        }
      ]
    }
  ],
  "complete_analysis": true
}