{
  "instances": [
    {
      "revision": "66787e0c7dcc337118d23abb29d6c8f4d7c16595",
      "repairability": [
        {
          "tool-name": "Elixir",
          "pattern-name": "Elixir:update_type_ref",
          "Unified_Diff_of-files:": "Starts Below...",
          "DELETE:": "    /**",
          "INSERT:": "import java.util.stream.Stream;",
          "CHANGE_old:": "",
          "CHANGE_new:": "        this.transformer \u003d transformer;",
          "instance_detail": [
            {
              "pattern_action": "UPD",
              "pattern_entity": {
                "entity_type": "TypeReference",
                "entity_new value": "*",
                "entity_role": "*",
                "entity_parent": "null"
              },
              "concrete_change": {
                "operator": "UPD",
                "src_type": "TypeReference",
                "dst_type": "TypeReference",
                "src": "java.util.List\u003corg.jsapar.convert.LineManipulator\u003e",
                "dst": "java.util.function.Function\u003corg.jsapar.model.Line, java.util.stream.Stream\u003corg.jsapar.model.Line\u003e\u003e",
                "src_parent_type": "Field",
                "dst_parent_type": "Field",
                "src_parent": "private java.util.List\u003corg.jsapar.convert.LineManipulator\u003e manipulators \u003d new java.util.LinkedList\u003c\u003e();",
                "dst_parent": "private java.util.function.Function\u003corg.jsapar.model.Line, java.util.stream.Stream\u003corg.jsapar.model.Line\u003e\u003e transformer \u003d java.util.stream.Stream::of;"
              },
              "line": 32,
              "file": "/home/khesoem/projects/lighter/exp/src/main/java/org/jsapar/convert/ConvertTask.java",
              "stats": {
                "number_of_src_entities": 4,
                "number_of_dst_entities": 8,
                "src_entity_types": "[org.jsapar.convert.LineManipulator, java.util.List\u003corg.jsapar.convert.LineManipulator\u003e]",
                "dst_entity_types": "[java.util.function.Function\u003corg.jsapar.model.Line, java.util.stream.Stream\u003corg.jsapar.model.Line\u003e\u003e, org.jsapar.model.Line, java.util.stream.Stream\u003corg.jsapar.model.Line\u003e]"
              }
            }
          ]
        }
      ]
    }
  ],
  "complete_analysis": true
}