{
  "instances": [
    {
      "revision": "4a4d976eec3c430bafeb1133b67578e3cb5a599a",
      "repairability": [
        {
          "tool-name": "Elixir",
          "pattern-name": "Elixir:update_type_ref",
          "Unified_Diff_of-files:": "Starts Below...",
          "DELETE:": "    }",
          "CHANGE_old:": "        return count.get();",
          "CHANGE_new:": "",
          "instance_detail": [
            {
              "pattern_action": "UPD",
              "pattern_entity": {
                "entity_type": "TypeReference",
                "entity_new value": "*",
                "entity_role": "*",
                "entity_parent": "null"
              },
              "concrete_change": {
                "operator": "UPD",
                "src_type": "TypeReference",
                "dst_type": "TypeReference",
                "src": "void",
                "dst": "java.util.Optional\u003corg.jsapar.parse.LineEventListener\u003e",
                "src_parent_type": "Method",
                "dst_parent_type": "Method",
                "src_parent": "public void subscribe(java.lang.String lineType, org.jsapar.parse.LineEventListener lineEventListener) {\n    this.listeners.computeIfAbsent(lineType, ( k) -\u003e new org.jsapar.parse.ArrayList\u003c\u003e()).add(lineEventListener);\n}",
                "dst_parent": "public java.util.Optional\u003corg.jsapar.parse.LineEventListener\u003e put(java.lang.String lineType, org.jsapar.parse.LineEventListener lineEventListener) {\n    return java.util.Optional.ofNullable(listeners.put(lineType, lineEventListener));\n}"
              },
              "line": 47,
              "file": "/home/khesoem/projects/lighter/exp/src/main/java/org/jsapar/parse/ByLineTypeLineEventListener.java",
              "stats": {
                "number_of_src_entities": 1,
                "number_of_dst_entities": 4,
                "src_entity_types": "[void]",
                "dst_entity_types": "[org.jsapar.parse.LineEventListener, java.util.Optional\u003corg.jsapar.parse.LineEventListener\u003e]"
              }
            }
          ]
        },
        {
          "tool-name": "Elixir",
          "pattern-name": "Elixir:update_type_ref",
          "Unified_Diff_of-files:": "Starts Below...",
          "DELETE:": "    }",
          "CHANGE_old:": "        return count.get();",
          "CHANGE_new:": "",
          "instance_detail": [
            {
              "pattern_action": "UPD",
              "pattern_entity": {
                "entity_type": "TypeReference",
                "entity_new value": "*",
                "entity_role": "*",
                "entity_parent": "null"
              },
              "concrete_change": {
                "operator": "UPD",
                "src_type": "TypeReference",
                "dst_type": "TypeReference",
                "src": "boolean",
                "dst": "java.util.Optional\u003corg.jsapar.parse.LineEventListener\u003e",
                "src_parent_type": "Method",
                "dst_parent_type": "Method",
                "src_parent": "public boolean remove(java.lang.String lineType, org.jsapar.parse.LineEventListener lineEventListener) {\n    java.util.concurrent.atomic.AtomicBoolean removed \u003d new java.util.concurrent.atomic.AtomicBoolean(false);\n    this.listeners.computeIfPresent(lineType, ( k, v) -\u003e {\n        removed.set(v.remove(lineEventListener));\n        return v;\n    });\n    return removed.get();\n}",
                "dst_parent": "public java.util.Optional\u003corg.jsapar.parse.LineEventListener\u003e remove(java.lang.String lineType) {\n    return java.util.Optional.ofNullable(listeners.remove(lineType));\n}"
              },
              "line": 57,
              "file": "/home/khesoem/projects/lighter/exp/src/main/java/org/jsapar/parse/ByLineTypeLineEventListener.java",
              "stats": {
                "number_of_src_entities": 1,
                "number_of_dst_entities": 4,
                "src_entity_types": "[boolean]",
                "dst_entity_types": "[org.jsapar.parse.LineEventListener, java.util.Optional\u003corg.jsapar.parse.LineEventListener\u003e]"
              }
            }
          ]
        },
        {
          "tool-name": "Elixir",
          "pattern-name": "Elixir:update_type_ref",
          "Unified_Diff_of-files:": "Starts Below...",
          "DELETE:": "    }",
          "CHANGE_old:": "        return count.get();",
          "CHANGE_new:": "",
          "instance_detail": [
            {
              "pattern_action": "UPD",
              "pattern_entity": {
                "entity_type": "TypeReference",
                "entity_new value": "*",
                "entity_role": "*",
                "entity_parent": "null"
              },
              "concrete_change": {
                "operator": "UPD",
                "src_type": "TypeReference",
                "dst_type": "TypeReference",
                "src": "java.util.List\u003corg.jsapar.parse.LineEventListener\u003e",
                "dst": "org.jsapar.parse.LineEventListener",
                "src_parent_type": "LocalVariable",
                "dst_parent_type": "LocalVariable",
                "src_parent": "java.util.List\u003corg.jsapar.parse.LineEventListener\u003e registeredListeners \u003d listeners.get(event.getLine().getLineType())",
                "dst_parent": "org.jsapar.parse.LineEventListener listener \u003d listeners.get(event.getLine().getLineType())"
              },
              "line": 34,
              "file": "/home/khesoem/projects/lighter/exp/src/main/java/org/jsapar/parse/ByLineTypeLineEventListener.java",
              "stats": {
                "number_of_src_entities": 4,
                "number_of_dst_entities": 2,
                "src_entity_types": "[org.jsapar.parse.LineEventListener, java.util.List\u003corg.jsapar.parse.LineEventListener\u003e]",
                "dst_entity_types": "[org.jsapar.parse.LineEventListener]"
              }
            }
          ]
        },
        {
          "tool-name": "Elixir",
          "pattern-name": "Elixir:Insert_Invocation",
          "Unified_Diff_of-files:": "Starts Below...",
          "DELETE:": "    }",
          "CHANGE_old:": "        return count.get();",
          "CHANGE_new:": "",
          "instance_detail": [
            {
              "pattern_action": "INS",
              "pattern_entity": {
                "entity_type": "AbstractInvocation",
                "entity_new value": "*",
                "entity_role": "*",
                "entity_parent": "null"
              },
              "concrete_change": {
                "operator": "INS",
                "src_type": "Invocation",
                "dst_type": "null",
                "src": "listener.lineParsedEvent(event)",
                "dst": "null",
                "src_parent_type": "Block",
                "dst_parent_type": "null",
                "src_parent": "{\n    listener.lineParsedEvent(event);\n}",
                "dst_parent": "null"
              },
              "line": 33,
              "file": "/home/khesoem/projects/lighter/exp/src/main/java/org/jsapar/parse/ByLineTypeLineEventListener.java",
              "stats": {
                "number_of_src_entities": 14,
                "number_of_dst_entities": -1,
                "src_entity_types": "[org.jsapar.parse.LineEventListener, org.jsapar.parse.LineParsedEvent]",
                "dst_entity_types": "[]"
              }
            }
          ]
        },
        {
          "tool-name": "Elixir",
          "pattern-name": "Elixir:update_invocation_deep",
          "Unified_Diff_of-files:": "Starts Below...",
          "DELETE:": "    }",
          "CHANGE_old:": "        return count.get();",
          "CHANGE_new:": "",
          "instance_detail": [
            {
              "pattern_action": "ANY",
              "pattern_entity": {
                "entity_type": "*",
                "entity_new value": "*",
                "entity_role": "*",
                "entity_parent": {
                  "entity_type": "AbstractInvocation",
                  "entity_new value": "*",
                  "entity_role": "*",
                  "entity_parent": "null"
                }
              },
              "concrete_change": {
                "operator": "DEL",
                "src_type": "ThisAccess",
                "dst_type": "null",
                "src": "this",
                "dst": "null",
                "src_parent_type": "FieldRead",
                "dst_parent_type": "null",
                "src_parent": "this.listeners",
                "dst_parent": "null"
              },
              "line": 48,
              "file": "/home/khesoem/projects/lighter/exp/src/main/java/org/jsapar/parse/ByLineTypeLineEventListener.java",
              "stats": {
                "number_of_src_entities": 6,
                "number_of_dst_entities": -1,
                "src_entity_types": "[org.jsapar.parse.ByLineTypeLineEventListener]",
                "dst_entity_types": "[]"
              }
            }
          ]
        },
        {
          "tool-name": "Elixir",
          "pattern-name": "Elixir:update_invocation_deep",
          "Unified_Diff_of-files:": "Starts Below...",
          "DELETE:": "    }",
          "CHANGE_old:": "        return count.get();",
          "CHANGE_new:": "",
          "instance_detail": [
            {
              "pattern_action": "ANY",
              "pattern_entity": {
                "entity_type": "*",
                "entity_new value": "*",
                "entity_role": "*",
                "entity_parent": {
                  "entity_type": "AbstractInvocation",
                  "entity_new value": "*",
                  "entity_role": "*",
                  "entity_parent": "null"
                }
              },
              "concrete_change": {
                "operator": "DEL",
                "src_type": "ThisAccess",
                "dst_type": "null",
                "src": "this",
                "dst": "null",
                "src_parent_type": "FieldRead",
                "dst_parent_type": "null",
                "src_parent": "this.listeners",
                "dst_parent": "null"
              },
              "line": 59,
              "file": "/home/khesoem/projects/lighter/exp/src/main/java/org/jsapar/parse/ByLineTypeLineEventListener.java",
              "stats": {
                "number_of_src_entities": 6,
                "number_of_dst_entities": -1,
                "src_entity_types": "[org.jsapar.parse.ByLineTypeLineEventListener]",
                "dst_entity_types": "[]"
              }
            }
          ]
        }
      ]
    }
  ],
  "complete_analysis": true
}