{
  "instances": [
    {
      "revision": "29a6ba9ce4bacfb89037e434b6845acad77b6426",
      "repairability": [
        {
          "tool-name": "Elixir",
          "pattern-name": "Elixir:check_length",
          "Unified_Diff_of-files:": "Starts Below...",
          "CHANGE_old:": "        public static final String MIN_SEGMENT_TRIM_SIZE \u003d \"minSegmentTrimSize\";",
          "CHANGE_new:": "        public static final String MIN_SERVER_GROUP_TRIM_SIZE \u003d \"minServerGroupTrimSize\";",
          "instance_detail": [
            {
              "pattern_action": "INS",
              "pattern_entity": {
                "entity_type": "If",
                "entity_new value": "*",
                "entity_role": "*",
                "entity_parent": "null"
              },
              "concrete_change": {
                "operator": "INS",
                "src_type": "If",
                "dst_type": "null",
                "src": "if (((queryContext.getOrderByExpressions()) !\u003d null) || ((queryContext.getHavingFilter()) !\u003d null)) {\n    _trimSize \u003d org.apache.pinot.core.util.GroupByUtils.getTableCapacity(limit, minTrimSize);\n} else {\n    _trimSize \u003d limit;\n}",
                "dst": "null",
                "src_parent_type": "Block",
                "dst_parent_type": "null",
                "src_parent": "{\n    int limit \u003d queryContext.getLimit();\n    if (((queryContext.getOrderByExpressions()) !\u003d null) || ((queryContext.getHavingFilter()) !\u003d null)) {\n        _trimSize \u003d org.apache.pinot.core.util.GroupByUtils.getTableCapacity(limit, minTrimSize);\n    } else {\n        _trimSize \u003d limit;\n    }\n    _trimThreshold \u003d trimThreshold;\n}",
                "dst_parent": "null"
              },
              "line": 93,
              "file": "/home/khesoem/projects/lighter/exp/pinot-core/src/main/java/org/apache/pinot/core/operator/combine/GroupByOrderByCombineOperator.java"
            },
            {
              "pattern_action": "MOV",
              "pattern_entity": {
                "entity_type": "Statement",
                "entity_new value": "*",
                "entity_role": "*",
                "entity_parent": "null"
              },
              "concrete_change": {
                "operator": "MOV",
                "src_type": "Invocation",
                "dst_type": "Invocation",
                "src": "org.apache.pinot.core.util.GroupByUtils.getTableCapacity(_queryContext)",
                "dst": "org.apache.pinot.core.util.GroupByUtils.getTableCapacity(limit, minTrimSize)",
                "src_parent_type": "Assignment",
                "dst_parent_type": "Assignment",
                "src_parent": "_trimSize \u003d org.apache.pinot.core.util.GroupByUtils.getTableCapacity(_queryContext)",
                "dst_parent": "_trimSize \u003d org.apache.pinot.core.util.GroupByUtils.getTableCapacity(limit, minTrimSize)"
              },
              "line": 81,
              "file": "/home/khesoem/projects/lighter/exp/pinot-core/src/main/java/org/apache/pinot/core/operator/combine/GroupByOrderByCombineOperator.java",
              "stats": {
                "number_of_src_entities": 12,
                "number_of_dst_entities": 16,
                "src_entity_types": "[org.apache.pinot.core.util.GroupByUtils]",
                "dst_entity_types": "[int, org.apache.pinot.core.util.GroupByUtils]"
              }
            }
          ]
        }
      ]
    },
    {
      "revision": "29a6ba9ce4bacfb89037e434b6845acad77b6426",
      "repairability": [
        {
          "tool-name": "Elixir",
          "pattern-name": "Elixir:BO_change",
          "Unified_Diff_of-files:": "Starts Below...",
          "CHANGE_old:": "        public static final String MIN_SEGMENT_TRIM_SIZE \u003d \"minSegmentTrimSize\";",
          "CHANGE_new:": "        public static final String MIN_SERVER_GROUP_TRIM_SIZE \u003d \"minServerGroupTrimSize\";",
          "instance_detail": [
            {
              "pattern_action": "UPD",
              "pattern_entity": {
                "entity_type": "BinaryOperator",
                "entity_new value": "*",
                "entity_role": "*",
                "entity_parent": "null"
              },
              "concrete_change": {
                "operator": "UPD",
                "src_type": "BinaryOperator",
                "dst_type": "BinaryOperator",
                "src": "((_queryContext.getOrderByExpressions()) \u003d\u003d null)",
                "dst": "((_queryContext.getOrderByExpressions()) !\u003d null)",
                "src_parent_type": "BinaryOperator",
                "dst_parent_type": "BinaryOperator",
                "src_parent": "((_queryContext.getOrderByExpressions()) \u003d\u003d null) || (minSegmentTrimSize \u003c\u003d 0)",
                "dst_parent": "((_queryContext.getOrderByExpressions()) !\u003d null) \u0026\u0026 ((_minGroupTrimSize) \u003e 0)"
              },
              "line": 125,
              "file": "/home/khesoem/projects/lighter/exp/pinot-core/src/main/java/org/apache/pinot/core/operator/query/AggregationGroupByOrderByOperator.java",
              "stats": {
                "number_of_src_entities": 19,
                "number_of_dst_entities": 19,
                "src_entity_types": "[org.apache.pinot.core.query.request.context.QueryContext, org.apache.pinot.core.operator.query.AggregationGroupByOrderByOperator, \u003cnulltype\u003e]",
                "dst_entity_types": "[org.apache.pinot.core.query.request.context.QueryContext, org.apache.pinot.core.operator.query.AggregationGroupByOrderByOperator, \u003cnulltype\u003e]"
              }
            }
          ]
        },
        {
          "tool-name": "Elixir",
          "pattern-name": "Elixir:BO_change",
          "Unified_Diff_of-files:": "Starts Below...",
          "CHANGE_old:": "        public static final String MIN_SEGMENT_TRIM_SIZE \u003d \"minSegmentTrimSize\";",
          "CHANGE_new:": "        public static final String MIN_SERVER_GROUP_TRIM_SIZE \u003d \"minServerGroupTrimSize\";",
          "instance_detail": [
            {
              "pattern_action": "UPD",
              "pattern_entity": {
                "entity_type": "BinaryOperator",
                "entity_new value": "*",
                "entity_role": "*",
                "entity_parent": "null"
              },
              "concrete_change": {
                "operator": "UPD",
                "src_type": "BinaryOperator",
                "dst_type": "BinaryOperator",
                "src": "(groupByExecutor.getNumGroups()) \u003c\u003d trimSize",
                "dst": "(groupByExecutor.getNumGroups()) \u003e trimSize",
                "src_parent_type": "If",
                "dst_parent_type": "If",
                "src_parent": "if ((groupByExecutor.getNumGroups()) \u003c\u003d trimSize) {\n    return new org.apache.pinot.core.operator.blocks.IntermediateResultsBlock(_aggregationFunctions, groupByExecutor.getResult(), _dataSchema);\n}",
                "dst_parent": "if ((groupByExecutor.getNumGroups()) \u003e trimSize) {\n    org.apache.pinot.core.data.table.TableResizer tableResizer \u003d new org.apache.pinot.core.data.table.TableResizer(_dataSchema, _queryContext);\n    java.util.Collection\u003corg.apache.pinot.core.data.table.IntermediateRecord\u003e intermediateRecords \u003d groupByExecutor.trimGroupByResult(trimSize, tableResizer);\n    return new org.apache.pinot.core.operator.blocks.IntermediateResultsBlock(_aggregationFunctions, intermediateRecords, _dataSchema);\n}"
              },
              "line": 131,
              "file": "/home/khesoem/projects/lighter/exp/pinot-core/src/main/java/org/apache/pinot/core/operator/query/AggregationGroupByOrderByOperator.java",
              "stats": {
                "number_of_src_entities": 12,
                "number_of_dst_entities": 12,
                "src_entity_types": "[int, org.apache.pinot.core.query.aggregation.groupby.GroupByExecutor]",
                "dst_entity_types": "[int, org.apache.pinot.core.query.aggregation.groupby.GroupByExecutor]"
              }
            }
          ]
        }
      ]
    },
    {
      "revision": "29a6ba9ce4bacfb89037e434b6845acad77b6426",
      "repairability": [
        {
          "tool-name": "Elixir",
          "pattern-name": "Elixir:update_type_ref",
          "Unified_Diff_of-files:": "Starts Below...",
          "CHANGE_old:": "        public static final String MIN_SEGMENT_TRIM_SIZE \u003d \"minSegmentTrimSize\";",
          "CHANGE_new:": "        public static final String MIN_SERVER_GROUP_TRIM_SIZE \u003d \"minServerGroupTrimSize\";",
          "instance_detail": [
            {
              "pattern_action": "UPD",
              "pattern_entity": {
                "entity_type": "TypeReference",
                "entity_new value": "*",
                "entity_role": "*",
                "entity_parent": "null"
              },
              "concrete_change": {
                "operator": "UPD",
                "src_type": "TypeReference",
                "dst_type": "TypeReference",
                "src": "org.apache.pinot.core.util.QueryOptions",
                "dst": "java.util.Map\u003cjava.lang.String, java.lang.String\u003e",
                "src_parent_type": "LocalVariable",
                "dst_parent_type": "LocalVariable",
                "src_parent": "org.apache.pinot.core.util.QueryOptions queryOptions \u003d new org.apache.pinot.core.util.QueryOptions(_queryContext.getQueryOptions())",
                "dst_parent": "java.util.Map\u003cjava.lang.String, java.lang.String\u003e queryOptions \u003d _queryContext.getQueryOptions()"
              },
              "line": 182,
              "file": "/home/khesoem/projects/lighter/exp/pinot-core/src/main/java/org/apache/pinot/core/plan/CombinePlanNode.java",
              "stats": {
                "number_of_src_entities": 2,
                "number_of_dst_entities": 6,
                "src_entity_types": "[org.apache.pinot.core.util.QueryOptions]",
                "dst_entity_types": "[java.lang.String, java.util.Map\u003cjava.lang.String, java.lang.String\u003e]"
              }
            }
          ]
        },
        {
          "tool-name": "Elixir",
          "pattern-name": "Elixir:tight_be",
          "Unified_Diff_of-files:": "Starts Below...",
          "CHANGE_old:": "        public static final String MIN_SEGMENT_TRIM_SIZE \u003d \"minSegmentTrimSize\";",
          "CHANGE_new:": "        public static final String MIN_SERVER_GROUP_TRIM_SIZE \u003d \"minServerGroupTrimSize\";",
          "instance_detail": [
            {
              "pattern_action": "INS",
              "pattern_entity": {
                "entity_type": "BinaryOperator",
                "entity_new value": "*",
                "entity_role": "*",
                "entity_parent": {
                  "entity_type": "If",
                  "entity_new value": "*",
                  "entity_role": "*",
                  "entity_parent": "null"
                }
              },
              "concrete_change": {
                "operator": "INS",
                "src_type": "BinaryOperator",
                "dst_type": "null",
                "src": "(queryOptions !\u003d null) \u0026\u0026 (org.apache.pinot.core.util.QueryOptions.isGroupByModeSQL(queryOptions))",
                "dst": "null",
                "src_parent_type": "If",
                "dst_parent_type": "null",
                "src_parent": "if ((queryOptions !\u003d null) \u0026\u0026 (org.apache.pinot.core.util.QueryOptions.isGroupByModeSQL(queryOptions))) {\n    return new org.apache.pinot.core.operator.combine.GroupByOrderByCombineOperator(operators, _queryContext, _executorService, _endTimeMs, _minGroupTrimSize, _groupTrimThreshold);\n}",
                "dst_parent": "null"
              },
              "line": 189,
              "file": "/home/khesoem/projects/lighter/exp/pinot-core/src/main/java/org/apache/pinot/core/plan/CombinePlanNode.java",
              "stats": {
                "number_of_src_entities": 34,
                "number_of_dst_entities": -1,
                "src_entity_types": "[boolean, java.lang.String, java.util.Map\u003cjava.lang.String, java.lang.String\u003e, org.apache.pinot.core.util.QueryOptions, \u003cnulltype\u003e]",
                "dst_entity_types": "[]"
              }
            }
          ]
        }
      ]
    },
    {
      "revision": "29a6ba9ce4bacfb89037e434b6845acad77b6426",
      "repairability": [
        {
          "tool-name": "Elixir",
          "pattern-name": "Elixir:update_type_ref",
          "Unified_Diff_of-files:": "Starts Below...",
          "CHANGE_old:": "        public static final String MIN_SEGMENT_TRIM_SIZE \u003d \"minSegmentTrimSize\";",
          "CHANGE_new:": "        public static final String MIN_SERVER_GROUP_TRIM_SIZE \u003d \"minServerGroupTrimSize\";",
          "instance_detail": [
            {
              "pattern_action": "UPD",
              "pattern_entity": {
                "entity_type": "TypeReference",
                "entity_new value": "*",
                "entity_role": "*",
                "entity_parent": "null"
              },
              "concrete_change": {
                "operator": "UPD",
                "src_type": "TypeReference",
                "dst_type": "TypeReference",
                "src": "java.lang.Boolean",
                "dst": "boolean",
                "src_parent_type": "Method",
                "dst_parent_type": "Method",
                "src_parent": "@javax.annotation.Nullable\npublic java.lang.Boolean isEnableSegmentTrim() {\n    return _enableSegmentTrim;\n}",
                "dst_parent": "public static boolean isGroupByModeSQL(java.util.Map\u003cjava.lang.String, java.lang.String\u003e queryOptions) {\n    return Request.SQL.equalsIgnoreCase(queryOptions.get(Request.QueryOptionKey.GROUP_BY_MODE));\n}"
              },
              "line": 81,
              "file": "/home/khesoem/projects/lighter/exp/pinot-core/src/main/java/org/apache/pinot/core/util/QueryOptions.java",
              "stats": {
                "number_of_src_entities": 2,
                "number_of_dst_entities": 1,
                "src_entity_types": "[java.lang.Boolean]",
                "dst_entity_types": "[boolean]"
              }
            }
          ]
        },
        {
          "tool-name": "Elixir",
          "pattern-name": "Elixir:update_type_ref",
          "Unified_Diff_of-files:": "Starts Below...",
          "CHANGE_old:": "        public static final String MIN_SEGMENT_TRIM_SIZE \u003d \"minSegmentTrimSize\";",
          "CHANGE_new:": "        public static final String MIN_SERVER_GROUP_TRIM_SIZE \u003d \"minServerGroupTrimSize\";",
          "instance_detail": [
            {
              "pattern_action": "UPD",
              "pattern_entity": {
                "entity_type": "TypeReference",
                "entity_new value": "*",
                "entity_role": "*",
                "entity_parent": "null"
              },
              "concrete_change": {
                "operator": "UPD",
                "src_type": "TypeReference",
                "dst_type": "TypeReference",
                "src": "int",
                "dst": "java.lang.Integer",
                "src_parent_type": "Method",
                "dst_parent_type": "Method",
                "src_parent": "public static int getMinSegmentTrimSize(java.util.Map\u003cjava.lang.String, java.lang.String\u003e queryOptions) {\n    java.lang.String minSegmentTrimSize \u003d queryOptions.get(Request.QueryOptionKey.MIN_SEGMENT_TRIM_SIZE);\n    if (minSegmentTrimSize !\u003d null) {\n        return java.lang.Integer.parseInt(minSegmentTrimSize);\n    }\n    return -1;\n}",
                "dst_parent": "@javax.annotation.Nullable\npublic static java.lang.Integer getMinServerGroupTrimSize(java.util.Map\u003cjava.lang.String, java.lang.String\u003e queryOptions) {\n    java.lang.String minServerGroupTrimSizeString \u003d queryOptions.get(Request.QueryOptionKey.MIN_SERVER_GROUP_TRIM_SIZE);\n    return minServerGroupTrimSizeString !\u003d null ? java.lang.Integer.parseInt(minServerGroupTrimSizeString) : null;\n}"
              },
              "line": 106,
              "file": "/home/khesoem/projects/lighter/exp/pinot-core/src/main/java/org/apache/pinot/core/util/QueryOptions.java",
              "stats": {
                "number_of_src_entities": 1,
                "number_of_dst_entities": 2,
                "src_entity_types": "[int]",
                "dst_entity_types": "[java.lang.Integer]"
              }
            }
          ]
        }
      ]
    }
  ],
  "complete_analysis": true
}