{
  "instances": [
    {
      "revision": "043172c087e5f25b2bb2b3055ce8dca34b25bf8c",
      "repairability": [
        {
          "tool-name": "Elixir",
          "pattern-name": "Elixir:if_null_check",
          "Unified_Diff_of-files:": "Starts Below...",
          "INSERT:": "import org.apache.pinot.spi.utils.CommonConstants;",
          "CHANGE_old:": "",
          "CHANGE_new:": "    }",
          "instance_detail": [
            {
              "pattern_action": "MOV",
              "pattern_entity": {
                "entity_type": "Statement",
                "entity_new value": "*",
                "entity_role": "*",
                "entity_parent": "null"
              },
              "concrete_change": {
                "operator": "MOV",
                "src_type": "Invocation",
                "dst_type": "Invocation",
                "src": "brokerRequest.isEnableTrace()",
                "dst": "queryOptions.get(CommonConstants.Broker.Request.TRACE)",
                "src_parent_type": "Invocation",
                "dst_parent_type": "Invocation",
                "src_parent": "instanceRequest.setEnableTrace(brokerRequest.isEnableTrace())",
                "dst_parent": "java.lang.Boolean.parseBoolean(queryOptions.get(CommonConstants.Broker.Request.TRACE))"
              },
              "line": 164,
              "file": "/home/khesoem/projects/lighter/exp/pinot-core/src/main/java/org/apache/pinot/core/transport/QueryRouter.java",
              "stats": {
                "number_of_src_entities": 8,
                "number_of_dst_entities": 19,
                "src_entity_types": "[org.apache.pinot.common.request.BrokerRequest]",
                "dst_entity_types": "[CommonConstants.Broker.Request.TRACE, java.lang.String, java.util.Map\u003cjava.lang.String, java.lang.String\u003e, java.util.Map]"
              }
            },
            {
              "pattern_action": "INS",
              "pattern_entity": {
                "entity_type": "*",
                "entity_new value": "null",
                "entity_role": "*",
                "entity_parent": {
                  "entity_type": "BinaryOperator",
                  "entity_new value": "*",
                  "entity_role": "condition",
                  "entity_parent": {
                    "entity_type": "If",
                    "entity_new value": "*",
                    "entity_role": "*",
                    "entity_parent": "null"
                  }
                }
              },
              "concrete_change": {
                "operator": "INS",
                "src_type": "Literal",
                "dst_type": "null",
                "src": "null",
                "dst": "null",
                "src_parent_type": "BinaryOperator",
                "dst_parent_type": "null",
                "src_parent": "queryOptions !\u003d null",
                "dst_parent": "null"
              },
              "line": 169,
              "file": "/home/khesoem/projects/lighter/exp/pinot-core/src/main/java/org/apache/pinot/core/transport/QueryRouter.java"
            },
            {
              "pattern_action": "INS",
              "pattern_entity": {
                "entity_type": "If",
                "entity_new value": "*",
                "entity_role": "*",
                "entity_parent": "null"
              },
              "concrete_change": {
                "operator": "INS",
                "src_type": "If",
                "dst_type": "null",
                "src": "if (queryOptions !\u003d null) {\n    instanceRequest.setEnableTrace(java.lang.Boolean.parseBoolean(queryOptions.get(CommonConstants.Broker.Request.TRACE)));\n}",
                "dst": "null",
                "src_parent_type": "Block",
                "dst_parent_type": "null",
                "src_parent": "{\n    org.apache.pinot.common.request.InstanceRequest instanceRequest \u003d new org.apache.pinot.common.request.InstanceRequest();\n    instanceRequest.setRequestId(requestId);\n    instanceRequest.setQuery(brokerRequest);\n    org.apache.pinot.common.request.PinotQuery pinotQuery \u003d brokerRequest.getPinotQuery();\n    java.util.Map\u003cjava.lang.String, java.lang.String\u003e queryOptions \u003d (pinotQuery !\u003d null) ? pinotQuery.getQueryOptions() : brokerRequest.getQueryOptions();\n    if (queryOptions !\u003d null) {\n        instanceRequest.setEnableTrace(java.lang.Boolean.parseBoolean(queryOptions.get(CommonConstants.Broker.Request.TRACE)));\n    }\n    instanceRequest.setSearchSegments(segments);\n    instanceRequest.setBrokerId(_brokerId);\n    return instanceRequest;\n}",
                "dst_parent": "null"
              },
              "line": 169,
              "file": "/home/khesoem/projects/lighter/exp/pinot-core/src/main/java/org/apache/pinot/core/transport/QueryRouter.java",
              "stats": {
                "number_of_src_entities": 51,
                "number_of_dst_entities": -1,
                "src_entity_types": "[boolean, CommonConstants.Broker.Request.TRACE, java.lang.String, java.util.Map\u003cjava.lang.String, java.lang.String\u003e, java.util.Map, \u003cnulltype\u003e, java.lang.Boolean, org.apache.pinot.common.request.InstanceRequest]",
                "dst_entity_types": "[]"
              }
            }
          ]
        },
        {
          "tool-name": "Elixir",
          "pattern-name": "Elixir:check_length",
          "Unified_Diff_of-files:": "Starts Below...",
          "INSERT:": "import org.apache.pinot.spi.utils.CommonConstants;",
          "CHANGE_old:": "",
          "CHANGE_new:": "    }",
          "instance_detail": [
            {
              "pattern_action": "MOV",
              "pattern_entity": {
                "entity_type": "Statement",
                "entity_new value": "*",
                "entity_role": "*",
                "entity_parent": "null"
              },
              "concrete_change": {
                "operator": "MOV",
                "src_type": "Invocation",
                "dst_type": "Invocation",
                "src": "brokerRequest.isEnableTrace()",
                "dst": "queryOptions.get(CommonConstants.Broker.Request.TRACE)",
                "src_parent_type": "Invocation",
                "dst_parent_type": "Invocation",
                "src_parent": "instanceRequest.setEnableTrace(brokerRequest.isEnableTrace())",
                "dst_parent": "java.lang.Boolean.parseBoolean(queryOptions.get(CommonConstants.Broker.Request.TRACE))"
              },
              "line": 164,
              "file": "/home/khesoem/projects/lighter/exp/pinot-core/src/main/java/org/apache/pinot/core/transport/QueryRouter.java",
              "stats": {
                "number_of_src_entities": 8,
                "number_of_dst_entities": 19,
                "src_entity_types": "[org.apache.pinot.common.request.BrokerRequest]",
                "dst_entity_types": "[CommonConstants.Broker.Request.TRACE, java.lang.String, java.util.Map\u003cjava.lang.String, java.lang.String\u003e, java.util.Map]"
              }
            },
            {
              "pattern_action": "INS",
              "pattern_entity": {
                "entity_type": "If",
                "entity_new value": "*",
                "entity_role": "*",
                "entity_parent": "null"
              },
              "concrete_change": {
                "operator": "INS",
                "src_type": "If",
                "dst_type": "null",
                "src": "if (queryOptions !\u003d null) {\n    instanceRequest.setEnableTrace(java.lang.Boolean.parseBoolean(queryOptions.get(CommonConstants.Broker.Request.TRACE)));\n}",
                "dst": "null",
                "src_parent_type": "Block",
                "dst_parent_type": "null",
                "src_parent": "{\n    org.apache.pinot.common.request.InstanceRequest instanceRequest \u003d new org.apache.pinot.common.request.InstanceRequest();\n    instanceRequest.setRequestId(requestId);\n    instanceRequest.setQuery(brokerRequest);\n    org.apache.pinot.common.request.PinotQuery pinotQuery \u003d brokerRequest.getPinotQuery();\n    java.util.Map\u003cjava.lang.String, java.lang.String\u003e queryOptions \u003d (pinotQuery !\u003d null) ? pinotQuery.getQueryOptions() : brokerRequest.getQueryOptions();\n    if (queryOptions !\u003d null) {\n        instanceRequest.setEnableTrace(java.lang.Boolean.parseBoolean(queryOptions.get(CommonConstants.Broker.Request.TRACE)));\n    }\n    instanceRequest.setSearchSegments(segments);\n    instanceRequest.setBrokerId(_brokerId);\n    return instanceRequest;\n}",
                "dst_parent": "null"
              },
              "line": 169,
              "file": "/home/khesoem/projects/lighter/exp/pinot-core/src/main/java/org/apache/pinot/core/transport/QueryRouter.java",
              "stats": {
                "number_of_src_entities": 51,
                "number_of_dst_entities": -1,
                "src_entity_types": "[boolean, CommonConstants.Broker.Request.TRACE, java.lang.String, java.util.Map\u003cjava.lang.String, java.lang.String\u003e, java.util.Map, \u003cnulltype\u003e, java.lang.Boolean, org.apache.pinot.common.request.InstanceRequest]",
                "dst_entity_types": "[]"
              }
            }
          ]
        }
      ]
    },
    {
      "revision": "043172c087e5f25b2bb2b3055ce8dca34b25bf8c",
      "repairability": [
        {
          "tool-name": "Elixir",
          "pattern-name": "Elixir:update_type_ref",
          "Unified_Diff_of-files:": "Starts Below...",
          "INSERT:": "import org.apache.pinot.spi.utils.CommonConstants;",
          "CHANGE_old:": "",
          "CHANGE_new:": "    }",
          "instance_detail": [
            {
              "pattern_action": "UPD",
              "pattern_entity": {
                "entity_type": "TypeReference",
                "entity_new value": "*",
                "entity_role": "*",
                "entity_parent": "null"
              },
              "concrete_change": {
                "operator": "UPD",
                "src_type": "TypeReference",
                "dst_type": "TypeReference",
                "src": "org.apache.pinot.common.response.BrokerResponse",
                "dst": "org.apache.pinot.common.response.broker.BrokerResponseNative",
                "src_parent_type": "Method",
                "dst_parent_type": "Method",
                "src_parent": "@java.lang.Override\nprotected org.apache.pinot.common.response.BrokerResponse processBrokerRequest(long requestId, org.apache.pinot.common.request.BrokerRequest originalBrokerRequest, @javax.annotation.Nullable\norg.apache.pinot.common.request.BrokerRequest offlineBrokerRequest, @javax.annotation.Nullable\njava.util.Map\u003corg.apache.pinot.core.transport.ServerInstance, java.util.List\u003cjava.lang.String\u003e\u003e offlineRoutingTable, @javax.annotation.Nullable\norg.apache.pinot.common.request.BrokerRequest realtimeBrokerRequest, @javax.annotation.Nullable\njava.util.Map\u003corg.apache.pinot.core.transport.ServerInstance, java.util.List\u003cjava.lang.String\u003e\u003e realtimeRoutingTable, long timeoutMs, org.apache.pinot.broker.requesthandler.ServerStats serverStats, org.apache.pinot.broker.api.RequestStatistics requestStatistics) throws java.lang.Exception {\n    assert (offlineBrokerRequest !\u003d null) || (realtimeBrokerRequest !\u003d null);\n    java.lang.String rawTableName \u003d org.apache.pinot.spi.utils.builder.TableNameBuilder.extractRawTableName(originalBrokerRequest.getQuerySource().getTableName());\n    long scatterGatherStartTimeNs \u003d java.lang.System.nanoTime();\n    org.apache.pinot.core.transport.AsyncQueryResponse asyncQueryResponse \u003d _queryRouter.submitQuery(requestId, rawTableName, offlineBrokerRequest, offlineRoutingTable, realtimeBrokerRequest, realtimeRoutingTable, timeoutMs);\n    java.util.Map\u003corg.apache.pinot.core.transport.ServerRoutingInstance, org.apache.pinot.core.transport.ServerResponse\u003e response \u003d asyncQueryResponse.getResponse();\n    _brokerMetrics.addPhaseTiming(rawTableName, BrokerQueryPhase.SCATTER_GATHER, ((java.lang.System.nanoTime()) - scatterGatherStartTimeNs));\n    serverStats.setServerStats(asyncQueryResponse.getStats());\n    int numServersQueried \u003d response.size();\n    long totalResponseSize \u003d 0;\n    java.util.Map\u003corg.apache.pinot.core.transport.ServerRoutingInstance, org.apache.pinot.common.utils.DataTable\u003e dataTableMap \u003d new java.util.HashMap(org.apache.pinot.common.utils.HashUtil.getHashMapCapacity(numServersQueried));\n    for (java.util.Map.Entry\u003corg.apache.pinot.core.transport.ServerRoutingInstance, org.apache.pinot.core.transport.ServerResponse\u003e entry : response.entrySet()) {\n        org.apache.pinot.core.transport.ServerResponse serverResponse \u003d entry.getValue();\n        org.apache.pinot.common.utils.DataTable dataTable \u003d serverResponse.getDataTable();\n        if (dataTable !\u003d null) {\n            dataTableMap.put(entry.getKey(), dataTable);\n            totalResponseSize +\u003d serverResponse.getResponseSize();\n        }\n    }\n    int numServersResponded \u003d dataTableMap.size();\n    long reduceStartTimeNs \u003d java.lang.System.nanoTime();\n    long reduceTimeOutMs \u003d timeoutMs - (java.util.concurrent.TimeUnit.NANOSECONDS.toMillis(((java.lang.System.nanoTime()) - scatterGatherStartTimeNs)));\n    org.apache.pinot.common.response.broker.BrokerResponseNative brokerResponse \u003d _brokerReduceService.reduceOnDataTable(originalBrokerRequest, dataTableMap, reduceTimeOutMs, _brokerMetrics);\n    final long reduceTimeNanos \u003d (java.lang.System.nanoTime()) - reduceStartTimeNs;\n    requestStatistics.setReduceTimeNanos(reduceTimeNanos);\n    _brokerMetrics.addPhaseTiming(rawTableName, BrokerQueryPhase.REDUCE, reduceTimeNanos);\n    brokerResponse.setNumServersQueried(numServersQueried);\n    brokerResponse.setNumServersResponded(numServersResponded);\n    java.lang.Exception brokerRequestSendException \u003d asyncQueryResponse.getBrokerRequestSendException();\n    if (brokerRequestSendException !\u003d null) {\n        java.lang.String errorMsg \u003d org.apache.pinot.common.exception.QueryException.getTruncatedStackTrace(brokerRequestSendException);\n        brokerResponse.addToExceptions(new org.apache.pinot.common.response.broker.QueryProcessingException(org.apache.pinot.common.exception.QueryException.BROKER_REQUEST_SEND_ERROR_CODE, errorMsg));\n    }\n    if ((brokerResponse.getExceptionsSize()) \u003e 0) {\n        _brokerMetrics.addMeteredTableValue(rawTableName, BrokerMeter.BROKER_RESPONSES_WITH_PROCESSING_EXCEPTIONS, 1);\n    }\n    if (numServersQueried \u003e numServersResponded) {\n        _brokerMetrics.addMeteredTableValue(rawTableName, BrokerMeter.BROKER_RESPONSES_WITH_PARTIAL_SERVERS_RESPONDED, 1);\n    }\n    _brokerMetrics.addMeteredTableValue(rawTableName, BrokerMeter.TOTAL_SERVER_RESPONSE_SIZE, totalResponseSize);\n    return brokerResponse;\n}",
                "dst_parent": "@java.lang.Override\nprotected org.apache.pinot.common.response.broker.BrokerResponseNative processBrokerRequest(long requestId, org.apache.pinot.common.request.BrokerRequest originalBrokerRequest, @javax.annotation.Nullable\norg.apache.pinot.common.request.BrokerRequest offlineBrokerRequest, @javax.annotation.Nullable\njava.util.Map\u003corg.apache.pinot.core.transport.ServerInstance, java.util.List\u003cjava.lang.String\u003e\u003e offlineRoutingTable, @javax.annotation.Nullable\norg.apache.pinot.common.request.BrokerRequest realtimeBrokerRequest, @javax.annotation.Nullable\njava.util.Map\u003corg.apache.pinot.core.transport.ServerInstance, java.util.List\u003cjava.lang.String\u003e\u003e realtimeRoutingTable, long timeoutMs, org.apache.pinot.broker.requesthandler.ServerStats serverStats, org.apache.pinot.broker.api.RequestStatistics requestStatistics) throws java.lang.Exception {\n    assert (offlineBrokerRequest !\u003d null) || (realtimeBrokerRequest !\u003d null);\n    java.lang.String rawTableName \u003d org.apache.pinot.spi.utils.builder.TableNameBuilder.extractRawTableName(originalBrokerRequest.getQuerySource().getTableName());\n    long scatterGatherStartTimeNs \u003d java.lang.System.nanoTime();\n    org.apache.pinot.core.transport.AsyncQueryResponse asyncQueryResponse \u003d _queryRouter.submitQuery(requestId, rawTableName, offlineBrokerRequest, offlineRoutingTable, realtimeBrokerRequest, realtimeRoutingTable, timeoutMs);\n    java.util.Map\u003corg.apache.pinot.core.transport.ServerRoutingInstance, org.apache.pinot.core.transport.ServerResponse\u003e response \u003d asyncQueryResponse.getResponse();\n    _brokerMetrics.addPhaseTiming(rawTableName, BrokerQueryPhase.SCATTER_GATHER, ((java.lang.System.nanoTime()) - scatterGatherStartTimeNs));\n    serverStats.setServerStats(asyncQueryResponse.getStats());\n    int numServersQueried \u003d response.size();\n    long totalResponseSize \u003d 0;\n    java.util.Map\u003corg.apache.pinot.core.transport.ServerRoutingInstance, org.apache.pinot.common.utils.DataTable\u003e dataTableMap \u003d new java.util.HashMap(org.apache.pinot.common.utils.HashUtil.getHashMapCapacity(numServersQueried));\n    for (java.util.Map.Entry\u003corg.apache.pinot.core.transport.ServerRoutingInstance, org.apache.pinot.core.transport.ServerResponse\u003e entry : response.entrySet()) {\n        org.apache.pinot.core.transport.ServerResponse serverResponse \u003d entry.getValue();\n        org.apache.pinot.common.utils.DataTable dataTable \u003d serverResponse.getDataTable();\n        if (dataTable !\u003d null) {\n            dataTableMap.put(entry.getKey(), dataTable);\n            totalResponseSize +\u003d serverResponse.getResponseSize();\n        }\n    }\n    int numServersResponded \u003d dataTableMap.size();\n    long reduceStartTimeNs \u003d java.lang.System.nanoTime();\n    long reduceTimeOutMs \u003d timeoutMs - (java.util.concurrent.TimeUnit.NANOSECONDS.toMillis(((java.lang.System.nanoTime()) - scatterGatherStartTimeNs)));\n    org.apache.pinot.common.response.broker.BrokerResponseNative brokerResponse \u003d _brokerReduceService.reduceOnDataTable(originalBrokerRequest, dataTableMap, reduceTimeOutMs, _brokerMetrics);\n    final long reduceTimeNanos \u003d (java.lang.System.nanoTime()) - reduceStartTimeNs;\n    requestStatistics.setReduceTimeNanos(reduceTimeNanos);\n    _brokerMetrics.addPhaseTiming(rawTableName, BrokerQueryPhase.REDUCE, reduceTimeNanos);\n    brokerResponse.setNumServersQueried(numServersQueried);\n    brokerResponse.setNumServersResponded(numServersResponded);\n    java.lang.Exception brokerRequestSendException \u003d asyncQueryResponse.getBrokerRequestSendException();\n    if (brokerRequestSendException !\u003d null) {\n        java.lang.String errorMsg \u003d org.apache.pinot.common.exception.QueryException.getTruncatedStackTrace(brokerRequestSendException);\n        brokerResponse.addToExceptions(new org.apache.pinot.common.response.broker.QueryProcessingException(org.apache.pinot.common.exception.QueryException.BROKER_REQUEST_SEND_ERROR_CODE, errorMsg));\n    }\n    if ((brokerResponse.getExceptionsSize()) \u003e 0) {\n        _brokerMetrics.addMeteredTableValue(rawTableName, BrokerMeter.BROKER_RESPONSES_WITH_PROCESSING_EXCEPTIONS, 1);\n    }\n    if (numServersQueried \u003e numServersResponded) {\n        _brokerMetrics.addMeteredTableValue(rawTableName, BrokerMeter.BROKER_RESPONSES_WITH_PARTIAL_SERVERS_RESPONDED, 1);\n    }\n    _brokerMetrics.addMeteredTableValue(rawTableName, BrokerMeter.TOTAL_SERVER_RESPONSE_SIZE, totalResponseSize);\n    return brokerResponse;\n}"
              },
              "line": 78,
              "file": "/home/khesoem/projects/lighter/exp/pinot-broker/src/main/java/org/apache/pinot/broker/requesthandler/SingleConnectionBrokerRequestHandler.java",
              "stats": {
                "number_of_src_entities": 2,
                "number_of_dst_entities": 2,
                "src_entity_types": "[org.apache.pinot.common.response.BrokerResponse]",
                "dst_entity_types": "[org.apache.pinot.common.response.broker.BrokerResponseNative]"
              }
            }
          ]
        }
      ]
    },
    {
      "revision": "043172c087e5f25b2bb2b3055ce8dca34b25bf8c",
      "repairability": [
        {
          "tool-name": "Elixir",
          "pattern-name": "Elixir:check_length",
          "Unified_Diff_of-files:": "Starts Below...",
          "INSERT:": "import org.apache.pinot.spi.utils.CommonConstants;",
          "CHANGE_old:": "",
          "CHANGE_new:": "    }",
          "instance_detail": [
            {
              "pattern_action": "MOV",
              "pattern_entity": {
                "entity_type": "Statement",
                "entity_new value": "*",
                "entity_role": "*",
                "entity_parent": "null"
              },
              "concrete_change": {
                "operator": "MOV",
                "src_type": "Block",
                "dst_type": "Block",
                "src": "{\n    return -1;\n}",
                "dst": "{\n    return -1;\n}",
                "src_parent_type": "If",
                "dst_parent_type": "If",
                "src_parent": "if ((_min) \u003c (o._min)) {\n    return -1;\n} else\n    if ((_min) \u003e (o._min)) {\n        return 1;\n    } else\n        if ((_max) \u003c (o._max)) {\n            return -1;\n        } else\n            if ((_max) \u003e (o._max)) {\n                return 1;\n            } else\n                return 0;\n\n\n\n",
                "dst_parent": "if ((_min) \u003c (o._min)) {\n    return -1;\n} else\n    if ((_min) \u003e (o._min)) {\n        return 1;\n    } else {\n        return java.lang.Long.compare(_max, o._max);\n    }\n"
              },
              "line": 45,
              "file": "/home/khesoem/projects/lighter/exp/pinot-broker/src/main/java/org/apache/pinot/broker/routing/segmentpruner/interval/Interval.java",
              "stats": {
                "number_of_src_entities": 6,
                "number_of_dst_entities": 6,
                "src_entity_types": "[int]",
                "dst_entity_types": "[int]"
              }
            },
            {
              "pattern_action": "INS",
              "pattern_entity": {
                "entity_type": "If",
                "entity_new value": "*",
                "entity_role": "*",
                "entity_parent": "null"
              },
              "concrete_change": {
                "operator": "INS",
                "src_type": "If",
                "dst_type": "null",
                "src": "if ((_min) \u003c (o._min)) {\n    return -1;\n} else\n    if ((_min) \u003e (o._min)) {\n        return 1;\n    } else {\n        return java.lang.Long.compare(_max, o._max);\n    }\n",
                "dst": "null",
                "src_parent_type": "Block",
                "dst_parent_type": "null",
                "src_parent": "{\n    if ((_min) \u003c (o._min)) {\n        return -1;\n    } else\n        if ((_min) \u003e (o._min)) {\n            return 1;\n        } else {\n            return java.lang.Long.compare(_max, o._max);\n        }\n\n}",
                "dst_parent": "null"
              },
              "line": 44,
              "file": "/home/khesoem/projects/lighter/exp/pinot-broker/src/main/java/org/apache/pinot/broker/routing/segmentpruner/interval/Interval.java",
              "stats": {
                "number_of_src_entities": 89,
                "number_of_dst_entities": -1,
                "src_entity_types": "[int, boolean, java.lang.Long, org.apache.pinot.broker.routing.segmentpruner.interval.Interval]",
                "dst_entity_types": "[]"
              }
            }
          ]
        },
        {
          "tool-name": "Elixir",
          "pattern-name": "Elixir:check_length",
          "Unified_Diff_of-files:": "Starts Below...",
          "INSERT:": "import org.apache.pinot.spi.utils.CommonConstants;",
          "CHANGE_old:": "",
          "CHANGE_new:": "    }",
          "instance_detail": [
            {
              "pattern_action": "MOV",
              "pattern_entity": {
                "entity_type": "Statement",
                "entity_new value": "*",
                "entity_role": "*",
                "entity_parent": "null"
              },
              "concrete_change": {
                "operator": "MOV",
                "src_type": "Block",
                "dst_type": "Block",
                "src": "if ((_max) \u003e (o._max)) {\n        return 1;\n    } else\n        return 0;\n\n",
                "dst": "if ((_min) \u003e (o._min)) {\n        return 1;\n    } else {\n        return java.lang.Long.compare(_max, o._max);\n    }\n",
                "src_parent_type": "If",
                "dst_parent_type": "If",
                "src_parent": "if ((_max) \u003c (o._max)) {\n    return -1;\n} else\n    if ((_max) \u003e (o._max)) {\n        return 1;\n    } else\n        return 0;\n\n",
                "dst_parent": "if ((_min) \u003c (o._min)) {\n    return -1;\n} else\n    if ((_min) \u003e (o._min)) {\n        return 1;\n    } else {\n        return java.lang.Long.compare(_max, o._max);\n    }\n"
              },
              "line": 51,
              "file": "/home/khesoem/projects/lighter/exp/pinot-broker/src/main/java/org/apache/pinot/broker/routing/segmentpruner/interval/Interval.java",
              "stats": {
                "number_of_src_entities": 32,
                "number_of_dst_entities": 60,
                "src_entity_types": "[int, boolean, org.apache.pinot.broker.routing.segmentpruner.interval.Interval]",
                "dst_entity_types": "[int, boolean, java.lang.Long, org.apache.pinot.broker.routing.segmentpruner.interval.Interval]"
              }
            },
            {
              "pattern_action": "INS",
              "pattern_entity": {
                "entity_type": "If",
                "entity_new value": "*",
                "entity_role": "*",
                "entity_parent": "null"
              },
              "concrete_change": {
                "operator": "INS",
                "src_type": "If",
                "dst_type": "null",
                "src": "if ((_min) \u003c (o._min)) {\n    return -1;\n} else\n    if ((_min) \u003e (o._min)) {\n        return 1;\n    } else {\n        return java.lang.Long.compare(_max, o._max);\n    }\n",
                "dst": "null",
                "src_parent_type": "Block",
                "dst_parent_type": "null",
                "src_parent": "{\n    if ((_min) \u003c (o._min)) {\n        return -1;\n    } else\n        if ((_min) \u003e (o._min)) {\n            return 1;\n        } else {\n            return java.lang.Long.compare(_max, o._max);\n        }\n\n}",
                "dst_parent": "null"
              },
              "line": 44,
              "file": "/home/khesoem/projects/lighter/exp/pinot-broker/src/main/java/org/apache/pinot/broker/routing/segmentpruner/interval/Interval.java",
              "stats": {
                "number_of_src_entities": 89,
                "number_of_dst_entities": -1,
                "src_entity_types": "[int, boolean, java.lang.Long, org.apache.pinot.broker.routing.segmentpruner.interval.Interval]",
                "dst_entity_types": "[]"
              }
            }
          ]
        },
        {
          "tool-name": "Elixir",
          "pattern-name": "Elixir:check_length",
          "Unified_Diff_of-files:": "Starts Below...",
          "INSERT:": "import org.apache.pinot.spi.utils.CommonConstants;",
          "CHANGE_old:": "",
          "CHANGE_new:": "    }",
          "instance_detail": [
            {
              "pattern_action": "MOV",
              "pattern_entity": {
                "entity_type": "Statement",
                "entity_new value": "*",
                "entity_role": "*",
                "entity_parent": "null"
              },
              "concrete_change": {
                "operator": "MOV",
                "src_type": "Block",
                "dst_type": "Block",
                "src": "{\n    return 1;\n}",
                "dst": "{\n    return 1;\n}",
                "src_parent_type": "If",
                "dst_parent_type": "If",
                "src_parent": "if ((_min) \u003e (o._min)) {\n    return 1;\n} else\n    if ((_max) \u003c (o._max)) {\n        return -1;\n    } else\n        if ((_max) \u003e (o._max)) {\n            return 1;\n        } else\n            return 0;\n\n\n",
                "dst_parent": "if ((_min) \u003e (o._min)) {\n    return 1;\n} else {\n    return java.lang.Long.compare(_max, o._max);\n}"
              },
              "line": 47,
              "file": "/home/khesoem/projects/lighter/exp/pinot-broker/src/main/java/org/apache/pinot/broker/routing/segmentpruner/interval/Interval.java",
              "stats": {
                "number_of_src_entities": 4,
                "number_of_dst_entities": 4,
                "src_entity_types": "[int]",
                "dst_entity_types": "[int]"
              }
            },
            {
              "pattern_action": "INS",
              "pattern_entity": {
                "entity_type": "If",
                "entity_new value": "*",
                "entity_role": "*",
                "entity_parent": "null"
              },
              "concrete_change": {
                "operator": "INS",
                "src_type": "If",
                "dst_type": "null",
                "src": "if ((_min) \u003c (o._min)) {\n    return -1;\n} else\n    if ((_min) \u003e (o._min)) {\n        return 1;\n    } else {\n        return java.lang.Long.compare(_max, o._max);\n    }\n",
                "dst": "null",
                "src_parent_type": "Block",
                "dst_parent_type": "null",
                "src_parent": "{\n    if ((_min) \u003c (o._min)) {\n        return -1;\n    } else\n        if ((_min) \u003e (o._min)) {\n            return 1;\n        } else {\n            return java.lang.Long.compare(_max, o._max);\n        }\n\n}",
                "dst_parent": "null"
              },
              "line": 44,
              "file": "/home/khesoem/projects/lighter/exp/pinot-broker/src/main/java/org/apache/pinot/broker/routing/segmentpruner/interval/Interval.java",
              "stats": {
                "number_of_src_entities": 89,
                "number_of_dst_entities": -1,
                "src_entity_types": "[int, boolean, java.lang.Long, org.apache.pinot.broker.routing.segmentpruner.interval.Interval]",
                "dst_entity_types": "[]"
              }
            }
          ]
        }
      ]
    }
  ],
  "complete_analysis": true
}