{
  "instances": [
    {
      "revision": "a1c9b631381a25ddd6d3164d6a9ce337c3939b9f",
      "repairability": [
        {
          "tool-name": "Elixir",
          "pattern-name": "Elixir:update_type_ref",
          "Unified_Diff_of-files:": "Starts Below...",
          "CHANGE_old:": "package org.apache.pinot.core.segment.processing.collector;",
          "CHANGE_new:": "package org.apache.pinot.core.segment.processing.utils;",
          "instance_detail": [
            {
              "pattern_action": "UPD",
              "pattern_entity": {
                "entity_type": "TypeReference",
                "entity_new value": "*",
                "entity_role": "*",
                "entity_parent": "null"
              },
              "concrete_change": {
                "operator": "UPD",
                "src_type": "TypeReference",
                "dst_type": "TypeReference",
                "src": "java.io.File",
                "dst": "org.apache.pinot.core.segment.processing.genericrow.GenericRowFileManager",
                "src_parent_type": "Field",
                "dst_parent_type": "Field",
                "src_parent": "private final java.io.File _reducerInputDir;",
                "dst_parent": "private final org.apache.pinot.core.segment.processing.genericrow.GenericRowFileManager _fileManager;"
              },
              "line": 51,
              "file": "/home/khesoem/projects/lighter/exp/pinot-core/src/main/java/org/apache/pinot/core/segment/processing/framework/SegmentReducer.java",
              "stats": {
                "number_of_src_entities": 2,
                "number_of_dst_entities": 2,
                "src_entity_types": "[java.io.File]",
                "dst_entity_types": "[org.apache.pinot.core.segment.processing.genericrow.GenericRowFileManager]"
              }
            }
          ]
        },
        {
          "tool-name": "Elixir",
          "pattern-name": "Elixir:update_type_ref",
          "Unified_Diff_of-files:": "Starts Below...",
          "CHANGE_old:": "package org.apache.pinot.core.segment.processing.collector;",
          "CHANGE_new:": "package org.apache.pinot.core.segment.processing.utils;",
          "instance_detail": [
            {
              "pattern_action": "UPD",
              "pattern_entity": {
                "entity_type": "TypeReference",
                "entity_new value": "*",
                "entity_role": "*",
                "entity_parent": "null"
              },
              "concrete_change": {
                "operator": "UPD",
                "src_type": "TypeReference",
                "dst_type": "TypeReference",
                "src": "java.io.File",
                "dst": "org.apache.pinot.core.segment.processing.genericrow.GenericRowFileManager",
                "src_parent_type": "ParameterReference",
                "dst_parent_type": "Parameter",
                "src_parent": "reducerInputDir",
                "dst_parent": "org.apache.pinot.core.segment.processing.genericrow.GenericRowFileManager fileManager"
              },
              "line": 60,
              "file": "/home/khesoem/projects/lighter/exp/pinot-core/src/main/java/org/apache/pinot/core/segment/processing/framework/SegmentReducer.java",
              "stats": {
                "number_of_src_entities": 2,
                "number_of_dst_entities": 2,
                "src_entity_types": "[java.io.File]",
                "dst_entity_types": "[org.apache.pinot.core.segment.processing.genericrow.GenericRowFileManager]"
              }
            }
          ]
        },
        {
          "tool-name": "Elixir",
          "pattern-name": "Elixir:update_type_ref",
          "Unified_Diff_of-files:": "Starts Below...",
          "CHANGE_old:": "package org.apache.pinot.core.segment.processing.collector;",
          "CHANGE_new:": "package org.apache.pinot.core.segment.processing.utils;",
          "instance_detail": [
            {
              "pattern_action": "UPD",
              "pattern_entity": {
                "entity_type": "TypeReference",
                "entity_new value": "*",
                "entity_role": "*",
                "entity_parent": "null"
              },
              "concrete_change": {
                "operator": "UPD",
                "src_type": "TypeReference",
                "dst_type": "TypeReference",
                "src": "java.io.File",
                "dst": "org.apache.pinot.core.segment.processing.genericrow.GenericRowFileReader",
                "src_parent_type": "LocalVariable",
                "dst_parent_type": "LocalVariable",
                "src_parent": "java.io.File inputFile",
                "dst_parent": "org.apache.pinot.core.segment.processing.genericrow.GenericRowFileReader fileReader \u003d _fileManager.getFileReader()"
              },
              "line": 82,
              "file": "/home/khesoem/projects/lighter/exp/pinot-core/src/main/java/org/apache/pinot/core/segment/processing/framework/SegmentReducer.java",
              "stats": {
                "number_of_src_entities": 2,
                "number_of_dst_entities": 2,
                "src_entity_types": "[java.io.File]",
                "dst_entity_types": "[org.apache.pinot.core.segment.processing.genericrow.GenericRowFileReader]"
              }
            }
          ]
        },
        {
          "tool-name": "Elixir",
          "pattern-name": "Elixir:update_type_ref",
          "Unified_Diff_of-files:": "Starts Below...",
          "CHANGE_old:": "package org.apache.pinot.core.segment.processing.collector;",
          "CHANGE_new:": "package org.apache.pinot.core.segment.processing.utils;",
          "instance_detail": [
            {
              "pattern_action": "UPD",
              "pattern_entity": {
                "entity_type": "TypeReference",
                "entity_new value": "*",
                "entity_role": "*",
                "entity_parent": "null"
              },
              "concrete_change": {
                "operator": "UPD",
                "src_type": "TypeReference",
                "dst_type": "TypeReference",
                "src": "org.apache.pinot.spi.data.readers.RecordReader",
                "dst": "int",
                "src_parent_type": "LocalVariable",
                "dst_parent_type": "LocalVariable",
                "src_parent": "org.apache.pinot.spi.data.readers.RecordReader avroRecordReader \u003d org.apache.pinot.spi.data.readers.RecordReaderFactory.getRecordReaderByClass(\"org.apache.pinot.plugin.inputformat.avro.AvroRecordReader\", inputFile, _pinotSchema.getColumnNames(), null)",
                "dst_parent": "int numRows \u003d fileReader.getNumRows()"
              },
              "line": 84,
              "file": "/home/khesoem/projects/lighter/exp/pinot-core/src/main/java/org/apache/pinot/core/segment/processing/framework/SegmentReducer.java",
              "stats": {
                "number_of_src_entities": 2,
                "number_of_dst_entities": 1,
                "src_entity_types": "[org.apache.pinot.spi.data.readers.RecordReader]",
                "dst_entity_types": "[int]"
              }
            }
          ]
        }
      ]
    },
    {
      "revision": "a1c9b631381a25ddd6d3164d6a9ce337c3939b9f",
      "repairability": [
        {
          "tool-name": "Elixir",
          "pattern-name": "Elixir:update_type_ref",
          "Unified_Diff_of-files:": "Starts Below...",
          "CHANGE_old:": "package org.apache.pinot.core.segment.processing.collector;",
          "CHANGE_new:": "package org.apache.pinot.core.segment.processing.utils;",
          "instance_detail": [
            {
              "pattern_action": "UPD",
              "pattern_entity": {
                "entity_type": "TypeReference",
                "entity_new value": "*",
                "entity_role": "*",
                "entity_parent": "null"
              },
              "concrete_change": {
                "operator": "UPD",
                "src_type": "TypeReference",
                "dst_type": "TypeReference",
                "src": "org.apache.pinot.spi.data.Schema",
                "dst": "org.apache.pinot.spi.config.table.TableConfig",
                "src_parent_type": "Field",
                "dst_parent_type": "Field",
                "src_parent": "private final org.apache.pinot.spi.data.Schema _pinotSchema;",
                "dst_parent": "private final org.apache.pinot.spi.config.table.TableConfig _tableConfig;"
              },
              "line": 33,
              "file": "/home/khesoem/projects/lighter/exp/pinot-core/src/main/java/org/apache/pinot/core/segment/processing/framework/SegmentMapperConfig.java",
              "stats": {
                "number_of_src_entities": 2,
                "number_of_dst_entities": 2,
                "src_entity_types": "[org.apache.pinot.spi.data.Schema]",
                "dst_entity_types": "[org.apache.pinot.spi.config.table.TableConfig]"
              }
            }
          ]
        }
      ]
    }
  ],
  "complete_analysis": true
}