{
  "instances": [
    {
      "revision": "12e5bcd37350a3e85a9e9630a7f6de05d91b5a24",
      "repairability": [
        {
          "tool-name": "Elixir",
          "pattern-name": "Elixir:check_length",
          "Unified_Diff_of-files:": "Starts Below...",
          "INSERT:": "  /**",
          "instance_detail": [
            {
              "pattern_action": "MOV",
              "pattern_entity": {
                "entity_type": "Statement",
                "entity_new value": "*",
                "entity_role": "*",
                "entity_parent": "null"
              },
              "concrete_change": {
                "operator": "MOV",
                "src_type": "Invocation",
                "dst_type": "Invocation",
                "src": "indexFile.delete()",
                "dst": "indexFile.delete()",
                "src_parent_type": "Block",
                "dst_parent_type": "If",
                "src_parent": "{\n    java.io.File indexFile \u003d getFileFor(columnName, indexType);\n    indexFile.delete();\n}",
                "dst_parent": "if (indexFile.delete()) {\n    _indexBuffers.remove(new org.apache.pinot.segment.local.segment.store.IndexKey(columnName, indexType));\n}"
              },
              "line": 99,
              "file": "/home/khesoem/projects/lighter/exp/pinot-segment-local/src/main/java/org/apache/pinot/segment/local/segment/store/FilePerIndexDirectory.java",
              "stats": {
                "number_of_src_entities": 9,
                "number_of_dst_entities": 9,
                "src_entity_types": "[java.io.File]",
                "dst_entity_types": "[java.io.File]"
              }
            },
            {
              "pattern_action": "INS",
              "pattern_entity": {
                "entity_type": "If",
                "entity_new value": "*",
                "entity_role": "*",
                "entity_parent": "null"
              },
              "concrete_change": {
                "operator": "INS",
                "src_type": "If",
                "dst_type": "null",
                "src": "if (indexFile.delete()) {\n    _indexBuffers.remove(new org.apache.pinot.segment.local.segment.store.IndexKey(columnName, indexType));\n}",
                "dst": "null",
                "src_parent_type": "Block",
                "dst_parent_type": "null",
                "src_parent": "{\n    java.io.File indexFile \u003d getFileFor(columnName, indexType);\n    if (indexFile.delete()) {\n        _indexBuffers.remove(new org.apache.pinot.segment.local.segment.store.IndexKey(columnName, indexType));\n    }\n}",
                "dst_parent": "null"
              },
              "line": 101,
              "file": "/home/khesoem/projects/lighter/exp/pinot-segment-local/src/main/java/org/apache/pinot/segment/local/segment/store/FilePerIndexDirectory.java",
              "stats": {
                "number_of_src_entities": 51,
                "number_of_dst_entities": -1,
                "src_entity_types": "[org.apache.pinot.segment.local.segment.store.IndexKey, java.lang.Object, org.apache.pinot.segment.spi.memory.PinotDataBuffer, java.lang.String, org.apache.pinot.segment.local.segment.store.FilePerIndexDirectory, org.apache.pinot.segment.spi.store.ColumnIndexType, java.io.File, java.util.Map\u003corg.apache.pinot.segment.local.segment.store.IndexKey, org.apache.pinot.segment.spi.memory.PinotDataBuffer\u003e]",
                "dst_entity_types": "[]"
              }
            }
          ]
        },
        {
          "tool-name": "Elixir",
          "pattern-name": "Elixir:update_invocation_deep",
          "Unified_Diff_of-files:": "Starts Below...",
          "INSERT:": "  /**",
          "instance_detail": [
            {
              "pattern_action": "ANY",
              "pattern_entity": {
                "entity_type": "*",
                "entity_new value": "*",
                "entity_role": "*",
                "entity_parent": {
                  "entity_type": "AbstractInvocation",
                  "entity_new value": "*",
                  "entity_role": "*",
                  "entity_parent": "null"
                }
              },
              "concrete_change": {
                "operator": "UPD",
                "src_type": "FieldRead",
                "dst_type": "FieldRead",
                "src": "indexBuffers",
                "dst": "_indexBuffers",
                "src_parent_type": "Invocation",
                "dst_parent_type": "Invocation",
                "src_parent": "indexBuffers.put(key, buffer)",
                "dst_parent": "_indexBuffers.put(key, buffer)"
              },
              "line": 120,
              "file": "/home/khesoem/projects/lighter/exp/pinot-segment-local/src/main/java/org/apache/pinot/segment/local/segment/store/FilePerIndexDirectory.java",
              "stats": {
                "number_of_src_entities": 16,
                "number_of_dst_entities": 16,
                "src_entity_types": "[org.apache.pinot.segment.local.segment.store.FilePerIndexDirectory]",
                "dst_entity_types": "[org.apache.pinot.segment.local.segment.store.FilePerIndexDirectory]"
              }
            }
          ]
        },
        {
          "tool-name": "Elixir",
          "pattern-name": "Elixir:update_invocation_deep",
          "Unified_Diff_of-files:": "Starts Below...",
          "INSERT:": "  /**",
          "instance_detail": [
            {
              "pattern_action": "ANY",
              "pattern_entity": {
                "entity_type": "*",
                "entity_new value": "*",
                "entity_role": "*",
                "entity_parent": {
                  "entity_type": "AbstractInvocation",
                  "entity_new value": "*",
                  "entity_role": "*",
                  "entity_parent": "null"
                }
              },
              "concrete_change": {
                "operator": "UPD",
                "src_type": "FieldRead",
                "dst_type": "FieldRead",
                "src": "indexBuffers",
                "dst": "_indexBuffers",
                "src_parent_type": "Invocation",
                "dst_parent_type": "Invocation",
                "src_parent": "indexBuffers.put(key, buffer)",
                "dst_parent": "_indexBuffers.put(key, buffer)"
              },
              "line": 132,
              "file": "/home/khesoem/projects/lighter/exp/pinot-segment-local/src/main/java/org/apache/pinot/segment/local/segment/store/FilePerIndexDirectory.java",
              "stats": {
                "number_of_src_entities": 16,
                "number_of_dst_entities": 16,
                "src_entity_types": "[org.apache.pinot.segment.local.segment.store.FilePerIndexDirectory]",
                "dst_entity_types": "[org.apache.pinot.segment.local.segment.store.FilePerIndexDirectory]"
              }
            }
          ]
        },
        {
          "tool-name": "Elixir",
          "pattern-name": "Elixir:update_invocation_deep",
          "Unified_Diff_of-files:": "Starts Below...",
          "INSERT:": "  /**",
          "instance_detail": [
            {
              "pattern_action": "ANY",
              "pattern_entity": {
                "entity_type": "*",
                "entity_new value": "*",
                "entity_role": "*",
                "entity_parent": {
                  "entity_type": "AbstractInvocation",
                  "entity_new value": "*",
                  "entity_role": "*",
                  "entity_parent": "null"
                }
              },
              "concrete_change": {
                "operator": "UPD",
                "src_type": "FieldRead",
                "dst_type": "FieldRead",
                "src": "indexBuffers",
                "dst": "_indexBuffers",
                "src_parent_type": "Invocation",
                "dst_parent_type": "Invocation",
                "src_parent": "indexBuffers.values()",
                "dst_parent": "_indexBuffers.values()"
              },
              "line": 91,
              "file": "/home/khesoem/projects/lighter/exp/pinot-segment-local/src/main/java/org/apache/pinot/segment/local/segment/store/FilePerIndexDirectory.java",
              "stats": {
                "number_of_src_entities": 16,
                "number_of_dst_entities": 16,
                "src_entity_types": "[org.apache.pinot.segment.local.segment.store.FilePerIndexDirectory]",
                "dst_entity_types": "[org.apache.pinot.segment.local.segment.store.FilePerIndexDirectory]"
              }
            }
          ]
        },
        {
          "tool-name": "Elixir",
          "pattern-name": "Elixir:update_invocation_deep",
          "Unified_Diff_of-files:": "Starts Below...",
          "INSERT:": "  /**",
          "instance_detail": [
            {
              "pattern_action": "ANY",
              "pattern_entity": {
                "entity_type": "*",
                "entity_new value": "*",
                "entity_role": "*",
                "entity_parent": {
                  "entity_type": "AbstractInvocation",
                  "entity_new value": "*",
                  "entity_role": "*",
                  "entity_parent": "null"
                }
              },
              "concrete_change": {
                "operator": "UPD",
                "src_type": "FieldRead",
                "dst_type": "FieldRead",
                "src": "indexBuffers",
                "dst": "_indexBuffers",
                "src_parent_type": "Invocation",
                "dst_parent_type": "Invocation",
                "src_parent": "indexBuffers.containsKey(key)",
                "dst_parent": "_indexBuffers.containsKey(key)"
              },
              "line": 109,
              "file": "/home/khesoem/projects/lighter/exp/pinot-segment-local/src/main/java/org/apache/pinot/segment/local/segment/store/FilePerIndexDirectory.java",
              "stats": {
                "number_of_src_entities": 16,
                "number_of_dst_entities": 16,
                "src_entity_types": "[org.apache.pinot.segment.local.segment.store.FilePerIndexDirectory]",
                "dst_entity_types": "[org.apache.pinot.segment.local.segment.store.FilePerIndexDirectory]"
              }
            }
          ]
        },
        {
          "tool-name": "Elixir",
          "pattern-name": "Elixir:update_invocation_deep",
          "Unified_Diff_of-files:": "Starts Below...",
          "INSERT:": "  /**",
          "instance_detail": [
            {
              "pattern_action": "ANY",
              "pattern_entity": {
                "entity_type": "*",
                "entity_new value": "*",
                "entity_role": "*",
                "entity_parent": {
                  "entity_type": "AbstractInvocation",
                  "entity_new value": "*",
                  "entity_role": "*",
                  "entity_parent": "null"
                }
              },
              "concrete_change": {
                "operator": "UPD",
                "src_type": "FieldRead",
                "dst_type": "FieldRead",
                "src": "indexBuffers",
                "dst": "_indexBuffers",
                "src_parent_type": "Invocation",
                "dst_parent_type": "Invocation",
                "src_parent": "indexBuffers.containsKey(key)",
                "dst_parent": "_indexBuffers.containsKey(key)"
              },
              "line": 126,
              "file": "/home/khesoem/projects/lighter/exp/pinot-segment-local/src/main/java/org/apache/pinot/segment/local/segment/store/FilePerIndexDirectory.java",
              "stats": {
                "number_of_src_entities": 16,
                "number_of_dst_entities": 16,
                "src_entity_types": "[org.apache.pinot.segment.local.segment.store.FilePerIndexDirectory]",
                "dst_entity_types": "[org.apache.pinot.segment.local.segment.store.FilePerIndexDirectory]"
              }
            }
          ]
        },
        {
          "tool-name": "Elixir",
          "pattern-name": "Elixir:update_invocation_deep",
          "Unified_Diff_of-files:": "Starts Below...",
          "INSERT:": "  /**",
          "instance_detail": [
            {
              "pattern_action": "ANY",
              "pattern_entity": {
                "entity_type": "*",
                "entity_new value": "*",
                "entity_role": "*",
                "entity_parent": {
                  "entity_type": "AbstractInvocation",
                  "entity_new value": "*",
                  "entity_role": "*",
                  "entity_parent": "null"
                }
              },
              "concrete_change": {
                "operator": "UPD",
                "src_type": "FieldRead",
                "dst_type": "FieldRead",
                "src": "indexBuffers",
                "dst": "_indexBuffers",
                "src_parent_type": "Invocation",
                "dst_parent_type": "Invocation",
                "src_parent": "indexBuffers.get(key)",
                "dst_parent": "_indexBuffers.get(key)"
              },
              "line": 110,
              "file": "/home/khesoem/projects/lighter/exp/pinot-segment-local/src/main/java/org/apache/pinot/segment/local/segment/store/FilePerIndexDirectory.java",
              "stats": {
                "number_of_src_entities": 16,
                "number_of_dst_entities": 16,
                "src_entity_types": "[org.apache.pinot.segment.local.segment.store.FilePerIndexDirectory]",
                "dst_entity_types": "[org.apache.pinot.segment.local.segment.store.FilePerIndexDirectory]"
              }
            }
          ]
        },
        {
          "tool-name": "Elixir",
          "pattern-name": "Elixir:update_invocation_deep",
          "Unified_Diff_of-files:": "Starts Below...",
          "INSERT:": "  /**",
          "instance_detail": [
            {
              "pattern_action": "ANY",
              "pattern_entity": {
                "entity_type": "*",
                "entity_new value": "*",
                "entity_role": "*",
                "entity_parent": {
                  "entity_type": "AbstractInvocation",
                  "entity_new value": "*",
                  "entity_role": "*",
                  "entity_parent": "null"
                }
              },
              "concrete_change": {
                "operator": "UPD",
                "src_type": "FieldRead",
                "dst_type": "FieldRead",
                "src": "indexBuffers",
                "dst": "_indexBuffers",
                "src_parent_type": "Invocation",
                "dst_parent_type": "Invocation",
                "src_parent": "indexBuffers.get(key)",
                "dst_parent": "_indexBuffers.get(key)"
              },
              "line": 127,
              "file": "/home/khesoem/projects/lighter/exp/pinot-segment-local/src/main/java/org/apache/pinot/segment/local/segment/store/FilePerIndexDirectory.java",
              "stats": {
                "number_of_src_entities": 16,
                "number_of_dst_entities": 16,
                "src_entity_types": "[org.apache.pinot.segment.local.segment.store.FilePerIndexDirectory]",
                "dst_entity_types": "[org.apache.pinot.segment.local.segment.store.FilePerIndexDirectory]"
              }
            }
          ]
        }
      ]
    }
  ],
  "complete_analysis": true
}