{
  "instances": [
    {
      "revision": "761c0e7f54493c9e6a40f992199f741e293743db",
      "repairability": [
        {
          "tool-name": "Elixir",
          "pattern-name": "Elixir:update_invocation",
          "Unified_Diff_of-files:": "Starts Below...",
          "CHANGE_old:": " * The \u0026lt;clase\u0026gt;BaseRetryPolicy\u0026lt;/clase\u0026gt; is the base class for all retry policies. To implement a new retry policy, extends",
          "CHANGE_new:": " * The {@link BaseRetryPolicy} is the base class for all retry policies. To implement a new retry policy, extends",
          "instance_detail": [
            {
              "pattern_action": "UPD",
              "pattern_entity": {
                "entity_type": "AbstractInvocation",
                "entity_new value": "*",
                "entity_role": "*",
                "entity_parent": "null"
              },
              "concrete_change": {
                "operator": "UPD",
                "src_type": "Invocation",
                "dst_type": "Invocation",
                "src": "org.apache.pinot.spi.stream.StreamConfig.ConsumerType.LOWLEVEL.toString()",
                "dst": "_consumerTypes.add(org.apache.pinot.spi.stream.StreamConfig.ConsumerType.LOWLEVEL)",
                "src_parent_type": "Assignment",
                "dst_parent_type": "Block",
                "src_parent": "consumerType \u003d org.apache.pinot.spi.stream.StreamConfig.ConsumerType.LOWLEVEL.toString()",
                "dst_parent": "{\n    _consumerTypes.add(org.apache.pinot.spi.stream.StreamConfig.ConsumerType.LOWLEVEL);\n    continue;\n}"
              },
              "line": 102,
              "file": "/home/khesoem/projects/lighter/exp/pinot-spi/src/main/java/org/apache/pinot/spi/stream/StreamConfig.java",
              "stats": {
                "number_of_src_entities": 18,
                "number_of_dst_entities": 34,
                "src_entity_types": "[java.lang.Enum, org.apache.pinot.spi.stream.StreamConfig, org.apache.pinot.spi.stream.StreamConfig.ConsumerType]",
                "dst_entity_types": "[org.apache.pinot.spi.stream.StreamConfig, java.util.List, org.apache.pinot.spi.stream.StreamConfig.ConsumerType]"
              }
            }
          ]
        }
      ]
    },
    {
      "revision": "761c0e7f54493c9e6a40f992199f741e293743db",
      "repairability": [
        {
          "tool-name": "Elixir",
          "pattern-name": "Elixir:update_invocation_deep",
          "Unified_Diff_of-files:": "Starts Below...",
          "CHANGE_old:": " * The \u0026lt;clase\u0026gt;BaseRetryPolicy\u0026lt;/clase\u0026gt; is the base class for all retry policies. To implement a new retry policy, extends",
          "CHANGE_new:": " * The {@link BaseRetryPolicy} is the base class for all retry policies. To implement a new retry policy, extends",
          "instance_detail": [
            {
              "pattern_action": "ANY",
              "pattern_entity": {
                "entity_type": "*",
                "entity_new value": "*",
                "entity_role": "*",
                "entity_parent": {
                  "entity_type": "AbstractInvocation",
                  "entity_new value": "*",
                  "entity_role": "*",
                  "entity_parent": "null"
                }
              },
              "concrete_change": {
                "operator": "UPD",
                "src_type": "FieldRead",
                "dst_type": "FieldRead",
                "src": "classLoader",
                "dst": "_classLoader",
                "src_parent_type": "Invocation",
                "dst_parent_type": "Invocation",
                "src_parent": "classLoader.getResources(name)",
                "dst_parent": "_classLoader.getResources(name)"
              },
              "line": 93,
              "file": "/home/khesoem/projects/lighter/exp/pinot-spi/src/main/java/org/apache/pinot/spi/plugin/PluginClassLoader.java",
              "stats": {
                "number_of_src_entities": 12,
                "number_of_dst_entities": 12,
                "src_entity_types": "[org.apache.pinot.spi.plugin.PluginClassLoader]",
                "dst_entity_types": "[org.apache.pinot.spi.plugin.PluginClassLoader]"
              }
            }
          ]
        },
        {
          "tool-name": "Elixir",
          "pattern-name": "Elixir:update_invocation_deep",
          "Unified_Diff_of-files:": "Starts Below...",
          "CHANGE_old:": " * The \u0026lt;clase\u0026gt;BaseRetryPolicy\u0026lt;/clase\u0026gt; is the base class for all retry policies. To implement a new retry policy, extends",
          "CHANGE_new:": " * The {@link BaseRetryPolicy} is the base class for all retry policies. To implement a new retry policy, extends",
          "instance_detail": [
            {
              "pattern_action": "ANY",
              "pattern_entity": {
                "entity_type": "*",
                "entity_new value": "*",
                "entity_role": "*",
                "entity_parent": {
                  "entity_type": "AbstractInvocation",
                  "entity_new value": "*",
                  "entity_role": "*",
                  "entity_parent": "null"
                }
              },
              "concrete_change": {
                "operator": "UPD",
                "src_type": "Field",
                "dst_type": "Field",
                "src": "java.util.Iterator\u003cjava.net.URL\u003e it \u003d allRes.iterator();",
                "dst": "java.util.Iterator\u003cjava.net.URL\u003e _it \u003d allRes.iterator();",
                "src_parent_type": "Class",
                "dst_parent_type": "Class",
                "src_parent": "{\n    java.util.Iterator\u003cjava.net.URL\u003e it \u003d allRes.iterator();\n\n    @java.lang.Override\n    public boolean hasMoreElements() {\n        return it.hasNext();\n    }\n\n    @java.lang.Override\n    public java.net.URL nextElement() {\n        return it.next();\n    }\n}",
                "dst_parent": "{\n    java.util.Iterator\u003cjava.net.URL\u003e _it \u003d allRes.iterator();\n\n    @java.lang.Override\n    public boolean hasMoreElements() {\n        return _it.hasNext();\n    }\n\n    @java.lang.Override\n    public java.net.URL nextElement() {\n        return _it.next();\n    }\n}"
              },
              "line": 117,
              "file": "/home/khesoem/projects/lighter/exp/pinot-spi/src/main/java/org/apache/pinot/spi/plugin/PluginClassLoader.java",
              "stats": {
                "number_of_src_entities": 19,
                "number_of_dst_entities": 19,
                "src_entity_types": "[java.net.URL, java.util.Iterator\u003cjava.net.URL\u003e, java.util.List\u003cjava.net.URL\u003e, java.util.List]",
                "dst_entity_types": "[java.net.URL, java.util.Iterator\u003cjava.net.URL\u003e, java.util.List\u003cjava.net.URL\u003e, java.util.List]"
              }
            }
          ]
        },
        {
          "tool-name": "Elixir",
          "pattern-name": "Elixir:update_invocation_deep",
          "Unified_Diff_of-files:": "Starts Below...",
          "CHANGE_old:": " * The \u0026lt;clase\u0026gt;BaseRetryPolicy\u0026lt;/clase\u0026gt; is the base class for all retry policies. To implement a new retry policy, extends",
          "CHANGE_new:": " * The {@link BaseRetryPolicy} is the base class for all retry policies. To implement a new retry policy, extends",
          "instance_detail": [
            {
              "pattern_action": "ANY",
              "pattern_entity": {
                "entity_type": "*",
                "entity_new value": "*",
                "entity_role": "*",
                "entity_parent": {
                  "entity_type": "AbstractInvocation",
                  "entity_new value": "*",
                  "entity_role": "*",
                  "entity_parent": "null"
                }
              },
              "concrete_change": {
                "operator": "UPD",
                "src_type": "FieldRead",
                "dst_type": "FieldRead",
                "src": "classLoader",
                "dst": "_classLoader",
                "src_parent_type": "Invocation",
                "dst_parent_type": "Invocation",
                "src_parent": "classLoader.getResource(name)",
                "dst_parent": "_classLoader.getResource(name)"
              },
              "line": 135,
              "file": "/home/khesoem/projects/lighter/exp/pinot-spi/src/main/java/org/apache/pinot/spi/plugin/PluginClassLoader.java",
              "stats": {
                "number_of_src_entities": 12,
                "number_of_dst_entities": 12,
                "src_entity_types": "[org.apache.pinot.spi.plugin.PluginClassLoader]",
                "dst_entity_types": "[org.apache.pinot.spi.plugin.PluginClassLoader]"
              }
            }
          ]
        },
        {
          "tool-name": "Elixir",
          "pattern-name": "Elixir:update_invocation_deep",
          "Unified_Diff_of-files:": "Starts Below...",
          "CHANGE_old:": " * The \u0026lt;clase\u0026gt;BaseRetryPolicy\u0026lt;/clase\u0026gt; is the base class for all retry policies. To implement a new retry policy, extends",
          "CHANGE_new:": " * The {@link BaseRetryPolicy} is the base class for all retry policies. To implement a new retry policy, extends",
          "instance_detail": [
            {
              "pattern_action": "ANY",
              "pattern_entity": {
                "entity_type": "*",
                "entity_new value": "*",
                "entity_role": "*",
                "entity_parent": {
                  "entity_type": "AbstractInvocation",
                  "entity_new value": "*",
                  "entity_role": "*",
                  "entity_parent": "null"
                }
              },
              "concrete_change": {
                "operator": "UPD",
                "src_type": "FieldRead",
                "dst_type": "FieldRead",
                "src": "classLoader",
                "dst": "_classLoader",
                "src_parent_type": "Invocation",
                "dst_parent_type": "Invocation",
                "src_parent": "classLoader.loadClass(name)",
                "dst_parent": "_classLoader.loadClass(name)"
              },
              "line": 62,
              "file": "/home/khesoem/projects/lighter/exp/pinot-spi/src/main/java/org/apache/pinot/spi/plugin/PluginClassLoader.java",
              "stats": {
                "number_of_src_entities": 12,
                "number_of_dst_entities": 12,
                "src_entity_types": "[org.apache.pinot.spi.plugin.PluginClassLoader]",
                "dst_entity_types": "[org.apache.pinot.spi.plugin.PluginClassLoader]"
              }
            }
          ]
        }
      ]
    },
    {
      "revision": "761c0e7f54493c9e6a40f992199f741e293743db",
      "repairability": [
        {
          "tool-name": "Elixir",
          "pattern-name": "Elixir:update_invocation_deep",
          "Unified_Diff_of-files:": "Starts Below...",
          "CHANGE_old:": " * The \u0026lt;clase\u0026gt;BaseRetryPolicy\u0026lt;/clase\u0026gt; is the base class for all retry policies. To implement a new retry policy, extends",
          "CHANGE_new:": " * The {@link BaseRetryPolicy} is the base class for all retry policies. To implement a new retry policy, extends",
          "instance_detail": [
            {
              "pattern_action": "ANY",
              "pattern_entity": {
                "entity_type": "*",
                "entity_new value": "*",
                "entity_role": "*",
                "entity_parent": {
                  "entity_type": "AbstractInvocation",
                  "entity_new value": "*",
                  "entity_role": "*",
                  "entity_parent": "null"
                }
              },
              "concrete_change": {
                "operator": "UPD",
                "src_type": "FieldRead",
                "dst_type": "FieldRead",
                "src": "configuration",
                "dst": "_configuration",
                "src_parent_type": "Invocation",
                "dst_parent_type": "Invocation",
                "src_parent": "configuration.addProperty(org.apache.pinot.spi.env.PinotConfiguration.relaxPropertyName(name), value)",
                "dst_parent": "_configuration.addProperty(org.apache.pinot.spi.env.PinotConfiguration.relaxPropertyName(name), value)"
              },
              "line": 229,
              "file": "/home/khesoem/projects/lighter/exp/pinot-spi/src/main/java/org/apache/pinot/spi/env/PinotConfiguration.java",
              "stats": {
                "number_of_src_entities": 12,
                "number_of_dst_entities": 12,
                "src_entity_types": "[org.apache.pinot.spi.env.PinotConfiguration]",
                "dst_entity_types": "[org.apache.pinot.spi.env.PinotConfiguration]"
              }
            }
          ]
        },
        {
          "tool-name": "Elixir",
          "pattern-name": "Elixir:update_invocation_deep",
          "Unified_Diff_of-files:": "Starts Below...",
          "CHANGE_old:": " * The \u0026lt;clase\u0026gt;BaseRetryPolicy\u0026lt;/clase\u0026gt; is the base class for all retry policies. To implement a new retry policy, extends",
          "CHANGE_new:": " * The {@link BaseRetryPolicy} is the base class for all retry policies. To implement a new retry policy, extends",
          "instance_detail": [
            {
              "pattern_action": "ANY",
              "pattern_entity": {
                "entity_type": "*",
                "entity_new value": "*",
                "entity_role": "*",
                "entity_parent": {
                  "entity_type": "AbstractInvocation",
                  "entity_new value": "*",
                  "entity_role": "*",
                  "entity_parent": "null"
                }
              },
              "concrete_change": {
                "operator": "UPD",
                "src_type": "FieldRead",
                "dst_type": "FieldRead",
                "src": "configuration",
                "dst": "_configuration",
                "src_parent_type": "Invocation",
                "dst_parent_type": "Invocation",
                "src_parent": "configuration.setProperty(org.apache.pinot.spi.env.PinotConfiguration.relaxPropertyName(name), value)",
                "dst_parent": "_configuration.setProperty(org.apache.pinot.spi.env.PinotConfiguration.relaxPropertyName(name), value)"
              },
              "line": 390,
              "file": "/home/khesoem/projects/lighter/exp/pinot-spi/src/main/java/org/apache/pinot/spi/env/PinotConfiguration.java",
              "stats": {
                "number_of_src_entities": 12,
                "number_of_dst_entities": 12,
                "src_entity_types": "[org.apache.pinot.spi.env.PinotConfiguration]",
                "dst_entity_types": "[org.apache.pinot.spi.env.PinotConfiguration]"
              }
            }
          ]
        },
        {
          "tool-name": "Elixir",
          "pattern-name": "Elixir:update_invocation_deep",
          "Unified_Diff_of-files:": "Starts Below...",
          "CHANGE_old:": " * The \u0026lt;clase\u0026gt;BaseRetryPolicy\u0026lt;/clase\u0026gt; is the base class for all retry policies. To implement a new retry policy, extends",
          "CHANGE_new:": " * The {@link BaseRetryPolicy} is the base class for all retry policies. To implement a new retry policy, extends",
          "instance_detail": [
            {
              "pattern_action": "ANY",
              "pattern_entity": {
                "entity_type": "*",
                "entity_new value": "*",
                "entity_role": "*",
                "entity_parent": {
                  "entity_type": "AbstractInvocation",
                  "entity_new value": "*",
                  "entity_role": "*",
                  "entity_parent": "null"
                }
              },
              "concrete_change": {
                "operator": "UPD",
                "src_type": "FieldRead",
                "dst_type": "FieldRead",
                "src": "configuration",
                "dst": "_configuration",
                "src_parent_type": "Invocation",
                "dst_parent_type": "Invocation",
                "src_parent": "configuration.clearProperty(org.apache.pinot.spi.env.PinotConfiguration.relaxPropertyName(name))",
                "dst_parent": "_configuration.clearProperty(org.apache.pinot.spi.env.PinotConfiguration.relaxPropertyName(name))"
              },
              "line": 400,
              "file": "/home/khesoem/projects/lighter/exp/pinot-spi/src/main/java/org/apache/pinot/spi/env/PinotConfiguration.java",
              "stats": {
                "number_of_src_entities": 12,
                "number_of_dst_entities": 12,
                "src_entity_types": "[org.apache.pinot.spi.env.PinotConfiguration]",
                "dst_entity_types": "[org.apache.pinot.spi.env.PinotConfiguration]"
              }
            }
          ]
        },
        {
          "tool-name": "Elixir",
          "pattern-name": "Elixir:update_invocation_deep",
          "Unified_Diff_of-files:": "Starts Below...",
          "CHANGE_old:": " * The \u0026lt;clase\u0026gt;BaseRetryPolicy\u0026lt;/clase\u0026gt; is the base class for all retry policies. To implement a new retry policy, extends",
          "CHANGE_new:": " * The {@link BaseRetryPolicy} is the base class for all retry policies. To implement a new retry policy, extends",
          "instance_detail": [
            {
              "pattern_action": "ANY",
              "pattern_entity": {
                "entity_type": "*",
                "entity_new value": "*",
                "entity_role": "*",
                "entity_parent": {
                  "entity_type": "AbstractInvocation",
                  "entity_new value": "*",
                  "entity_role": "*",
                  "entity_parent": "null"
                }
              },
              "concrete_change": {
                "operator": "UPD",
                "src_type": "FieldRead",
                "dst_type": "FieldRead",
                "src": "configuration",
                "dst": "_configuration",
                "src_parent_type": "Invocation",
                "dst_parent_type": "Invocation",
                "src_parent": "configuration.containsKey(org.apache.pinot.spi.env.PinotConfiguration.relaxPropertyName(key))",
                "dst_parent": "_configuration.containsKey(org.apache.pinot.spi.env.PinotConfiguration.relaxPropertyName(key))"
              },
              "line": 248,
              "file": "/home/khesoem/projects/lighter/exp/pinot-spi/src/main/java/org/apache/pinot/spi/env/PinotConfiguration.java",
              "stats": {
                "number_of_src_entities": 12,
                "number_of_dst_entities": 12,
                "src_entity_types": "[org.apache.pinot.spi.env.PinotConfiguration]",
                "dst_entity_types": "[org.apache.pinot.spi.env.PinotConfiguration]"
              }
            }
          ]
        },
        {
          "tool-name": "Elixir",
          "pattern-name": "Elixir:update_invocation_deep",
          "Unified_Diff_of-files:": "Starts Below...",
          "CHANGE_old:": " * The \u0026lt;clase\u0026gt;BaseRetryPolicy\u0026lt;/clase\u0026gt; is the base class for all retry policies. To implement a new retry policy, extends",
          "CHANGE_new:": " * The {@link BaseRetryPolicy} is the base class for all retry policies. To implement a new retry policy, extends",
          "instance_detail": [
            {
              "pattern_action": "ANY",
              "pattern_entity": {
                "entity_type": "*",
                "entity_new value": "*",
                "entity_role": "*",
                "entity_parent": {
                  "entity_type": "AbstractInvocation",
                  "entity_new value": "*",
                  "entity_role": "*",
                  "entity_parent": "null"
                }
              },
              "concrete_change": {
                "operator": "UPD",
                "src_type": "FieldRead",
                "dst_type": "FieldRead",
                "src": "configuration",
                "dst": "_configuration",
                "src_parent_type": "Invocation",
                "dst_parent_type": "Invocation",
                "src_parent": "configuration.getProperty(relaxedPropertyName)",
                "dst_parent": "_configuration.getProperty(relaxedPropertyName)"
              },
              "line": 378,
              "file": "/home/khesoem/projects/lighter/exp/pinot-spi/src/main/java/org/apache/pinot/spi/env/PinotConfiguration.java",
              "stats": {
                "number_of_src_entities": 12,
                "number_of_dst_entities": 12,
                "src_entity_types": "[org.apache.pinot.spi.env.PinotConfiguration]",
                "dst_entity_types": "[org.apache.pinot.spi.env.PinotConfiguration]"
              }
            }
          ]
        },
        {
          "tool-name": "Elixir",
          "pattern-name": "Elixir:update_invocation_deep",
          "Unified_Diff_of-files:": "Starts Below...",
          "CHANGE_old:": " * The \u0026lt;clase\u0026gt;BaseRetryPolicy\u0026lt;/clase\u0026gt; is the base class for all retry policies. To implement a new retry policy, extends",
          "CHANGE_new:": " * The {@link BaseRetryPolicy} is the base class for all retry policies. To implement a new retry policy, extends",
          "instance_detail": [
            {
              "pattern_action": "ANY",
              "pattern_entity": {
                "entity_type": "*",
                "entity_new value": "*",
                "entity_role": "*",
                "entity_parent": {
                  "entity_type": "AbstractInvocation",
                  "entity_new value": "*",
                  "entity_role": "*",
                  "entity_parent": "null"
                }
              },
              "concrete_change": {
                "operator": "UPD",
                "src_type": "FieldRead",
                "dst_type": "FieldRead",
                "src": "configuration",
                "dst": "_configuration",
                "src_parent_type": "Invocation",
                "dst_parent_type": "Invocation",
                "src_parent": "(configuration.containsKey(relaxedPropertyName))",
                "dst_parent": "(_configuration.containsKey(relaxedPropertyName))"
              },
              "line": 345,
              "file": "/home/khesoem/projects/lighter/exp/pinot-spi/src/main/java/org/apache/pinot/spi/env/PinotConfiguration.java",
              "stats": {
                "number_of_src_entities": 12,
                "number_of_dst_entities": 12,
                "src_entity_types": "[org.apache.pinot.spi.env.PinotConfiguration]",
                "dst_entity_types": "[org.apache.pinot.spi.env.PinotConfiguration]"
              }
            }
          ]
        },
        {
          "tool-name": "Elixir",
          "pattern-name": "Elixir:update_invocation_deep",
          "Unified_Diff_of-files:": "Starts Below...",
          "CHANGE_old:": " * The \u0026lt;clase\u0026gt;BaseRetryPolicy\u0026lt;/clase\u0026gt; is the base class for all retry policies. To implement a new retry policy, extends",
          "CHANGE_new:": " * The {@link BaseRetryPolicy} is the base class for all retry policies. To implement a new retry policy, extends",
          "instance_detail": [
            {
              "pattern_action": "ANY",
              "pattern_entity": {
                "entity_type": "*",
                "entity_new value": "*",
                "entity_role": "*",
                "entity_parent": {
                  "entity_type": "AbstractInvocation",
                  "entity_new value": "*",
                  "entity_role": "*",
                  "entity_parent": "null"
                }
              },
              "concrete_change": {
                "operator": "UPD",
                "src_type": "FieldRead",
                "dst_type": "FieldRead",
                "src": "configuration",
                "dst": "_configuration",
                "src_parent_type": "Invocation",
                "dst_parent_type": "Invocation",
                "src_parent": "(configuration.containsKey(relaxedPropertyName))",
                "dst_parent": "(_configuration.containsKey(relaxedPropertyName))"
              },
              "line": 374,
              "file": "/home/khesoem/projects/lighter/exp/pinot-spi/src/main/java/org/apache/pinot/spi/env/PinotConfiguration.java",
              "stats": {
                "number_of_src_entities": 12,
                "number_of_dst_entities": 12,
                "src_entity_types": "[org.apache.pinot.spi.env.PinotConfiguration]",
                "dst_entity_types": "[org.apache.pinot.spi.env.PinotConfiguration]"
              }
            }
          ]
        },
        {
          "tool-name": "Elixir",
          "pattern-name": "Elixir:update_invocation_deep",
          "Unified_Diff_of-files:": "Starts Below...",
          "CHANGE_old:": " * The \u0026lt;clase\u0026gt;BaseRetryPolicy\u0026lt;/clase\u0026gt; is the base class for all retry policies. To implement a new retry policy, extends",
          "CHANGE_new:": " * The {@link BaseRetryPolicy} is the base class for all retry policies. To implement a new retry policy, extends",
          "instance_detail": [
            {
              "pattern_action": "ANY",
              "pattern_entity": {
                "entity_type": "*",
                "entity_new value": "*",
                "entity_role": "*",
                "entity_parent": {
                  "entity_type": "AbstractInvocation",
                  "entity_new value": "*",
                  "entity_role": "*",
                  "entity_parent": "null"
                }
              },
              "concrete_change": {
                "operator": "UPD",
                "src_type": "FieldRead",
                "dst_type": "FieldRead",
                "src": "configuration",
                "dst": "_configuration",
                "src_parent_type": "Invocation",
                "dst_parent_type": "Invocation",
                "src_parent": "configuration.subset(org.apache.pinot.spi.env.PinotConfiguration.relaxPropertyName(prefix))",
                "dst_parent": "_configuration.subset(org.apache.pinot.spi.env.PinotConfiguration.relaxPropertyName(prefix))"
              },
              "line": 418,
              "file": "/home/khesoem/projects/lighter/exp/pinot-spi/src/main/java/org/apache/pinot/spi/env/PinotConfiguration.java",
              "stats": {
                "number_of_src_entities": 12,
                "number_of_dst_entities": 12,
                "src_entity_types": "[org.apache.pinot.spi.env.PinotConfiguration]",
                "dst_entity_types": "[org.apache.pinot.spi.env.PinotConfiguration]"
              }
            }
          ]
        },
        {
          "tool-name": "Elixir",
          "pattern-name": "Elixir:update_invocation_deep",
          "Unified_Diff_of-files:": "Starts Below...",
          "CHANGE_old:": " * The \u0026lt;clase\u0026gt;BaseRetryPolicy\u0026lt;/clase\u0026gt; is the base class for all retry policies. To implement a new retry policy, extends",
          "CHANGE_new:": " * The {@link BaseRetryPolicy} is the base class for all retry policies. To implement a new retry policy, extends",
          "instance_detail": [
            {
              "pattern_action": "ANY",
              "pattern_entity": {
                "entity_type": "*",
                "entity_new value": "*",
                "entity_role": "*",
                "entity_parent": {
                  "entity_type": "AbstractInvocation",
                  "entity_new value": "*",
                  "entity_role": "*",
                  "entity_parent": "null"
                }
              },
              "concrete_change": {
                "operator": "UPD",
                "src_type": "FieldRead",
                "dst_type": "FieldRead",
                "src": "configuration",
                "dst": "_configuration",
                "src_parent_type": "Invocation",
                "dst_parent_type": "Invocation",
                "src_parent": "configuration.getStringArray(org.apache.pinot.spi.env.PinotConfiguration.relaxPropertyName(name))",
                "dst_parent": "_configuration.getStringArray(org.apache.pinot.spi.env.PinotConfiguration.relaxPropertyName(name))"
              },
              "line": 319,
              "file": "/home/khesoem/projects/lighter/exp/pinot-spi/src/main/java/org/apache/pinot/spi/env/PinotConfiguration.java",
              "stats": {
                "number_of_src_entities": 12,
                "number_of_dst_entities": 12,
                "src_entity_types": "[org.apache.pinot.spi.env.PinotConfiguration]",
                "dst_entity_types": "[org.apache.pinot.spi.env.PinotConfiguration]"
              }
            }
          ]
        }
      ]
    },
    {
      "revision": "761c0e7f54493c9e6a40f992199f741e293743db",
      "repairability": [
        {
          "tool-name": "Elixir",
          "pattern-name": "Elixir:update_type_ref",
          "Unified_Diff_of-files:": "Starts Below...",
          "CHANGE_old:": " * The \u0026lt;clase\u0026gt;BaseRetryPolicy\u0026lt;/clase\u0026gt; is the base class for all retry policies. To implement a new retry policy, extends",
          "CHANGE_new:": " * The {@link BaseRetryPolicy} is the base class for all retry policies. To implement a new retry policy, extends",
          "instance_detail": [
            {
              "pattern_action": "UPD",
              "pattern_entity": {
                "entity_type": "TypeReference",
                "entity_new value": "*",
                "entity_role": "*",
                "entity_parent": "null"
              },
              "concrete_change": {
                "operator": "UPD",
                "src_type": "TypeParameterReference",
                "dst_type": "TypeParameterReference",
                "src": "T1",
                "dst": "FIRST",
                "src_parent_type": "Field",
                "dst_parent_type": "Field",
                "src_parent": "private T1 _first;",
                "dst_parent": "private FIRST _first;"
              },
              "line": 28,
              "file": "/home/khesoem/projects/lighter/exp/pinot-spi/src/main/java/org/apache/pinot/spi/utils/Pair.java",
              "stats": {
                "number_of_src_entities": 1,
                "number_of_dst_entities": 1,
                "src_entity_types": "[]",
                "dst_entity_types": "[]"
              }
            }
          ]
        },
        {
          "tool-name": "Elixir",
          "pattern-name": "Elixir:update_type_ref",
          "Unified_Diff_of-files:": "Starts Below...",
          "CHANGE_old:": " * The \u0026lt;clase\u0026gt;BaseRetryPolicy\u0026lt;/clase\u0026gt; is the base class for all retry policies. To implement a new retry policy, extends",
          "CHANGE_new:": " * The {@link BaseRetryPolicy} is the base class for all retry policies. To implement a new retry policy, extends",
          "instance_detail": [
            {
              "pattern_action": "UPD",
              "pattern_entity": {
                "entity_type": "TypeReference",
                "entity_new value": "*",
                "entity_role": "*",
                "entity_parent": "null"
              },
              "concrete_change": {
                "operator": "UPD",
                "src_type": "TypeParameterReference",
                "dst_type": "TypeParameterReference",
                "src": "T2",
                "dst": "SECOND",
                "src_parent_type": "Field",
                "dst_parent_type": "Field",
                "src_parent": "private T2 _second;",
                "dst_parent": "private SECOND _second;"
              },
              "line": 29,
              "file": "/home/khesoem/projects/lighter/exp/pinot-spi/src/main/java/org/apache/pinot/spi/utils/Pair.java",
              "stats": {
                "number_of_src_entities": 1,
                "number_of_dst_entities": 1,
                "src_entity_types": "[]",
                "dst_entity_types": "[]"
              }
            }
          ]
        },
        {
          "tool-name": "Elixir",
          "pattern-name": "Elixir:update_type_ref",
          "Unified_Diff_of-files:": "Starts Below...",
          "CHANGE_old:": " * The \u0026lt;clase\u0026gt;BaseRetryPolicy\u0026lt;/clase\u0026gt; is the base class for all retry policies. To implement a new retry policy, extends",
          "CHANGE_new:": " * The {@link BaseRetryPolicy} is the base class for all retry policies. To implement a new retry policy, extends",
          "instance_detail": [
            {
              "pattern_action": "UPD",
              "pattern_entity": {
                "entity_type": "TypeReference",
                "entity_new value": "*",
                "entity_role": "*",
                "entity_parent": "null"
              },
              "concrete_change": {
                "operator": "UPD",
                "src_type": "TypeParameterReference",
                "dst_type": "TypeParameterReference",
                "src": "T1",
                "dst": "FIRST",
                "src_parent_type": "Method",
                "dst_parent_type": "Method",
                "src_parent": "public T1 getFirst() {\n    return _first;\n}",
                "dst_parent": "public FIRST getFirst() {\n    return _first;\n}"
              },
              "line": 36,
              "file": "/home/khesoem/projects/lighter/exp/pinot-spi/src/main/java/org/apache/pinot/spi/utils/Pair.java",
              "stats": {
                "number_of_src_entities": 1,
                "number_of_dst_entities": 1,
                "src_entity_types": "[]",
                "dst_entity_types": "[]"
              }
            }
          ]
        },
        {
          "tool-name": "Elixir",
          "pattern-name": "Elixir:update_type_ref",
          "Unified_Diff_of-files:": "Starts Below...",
          "CHANGE_old:": " * The \u0026lt;clase\u0026gt;BaseRetryPolicy\u0026lt;/clase\u0026gt; is the base class for all retry policies. To implement a new retry policy, extends",
          "CHANGE_new:": " * The {@link BaseRetryPolicy} is the base class for all retry policies. To implement a new retry policy, extends",
          "instance_detail": [
            {
              "pattern_action": "UPD",
              "pattern_entity": {
                "entity_type": "TypeReference",
                "entity_new value": "*",
                "entity_role": "*",
                "entity_parent": "null"
              },
              "concrete_change": {
                "operator": "UPD",
                "src_type": "TypeParameterReference",
                "dst_type": "TypeParameterReference",
                "src": "T2",
                "dst": "SECOND",
                "src_parent_type": "Method",
                "dst_parent_type": "Method",
                "src_parent": "public T2 getSecond() {\n    return _second;\n}",
                "dst_parent": "public SECOND getSecond() {\n    return _second;\n}"
              },
              "line": 40,
              "file": "/home/khesoem/projects/lighter/exp/pinot-spi/src/main/java/org/apache/pinot/spi/utils/Pair.java",
              "stats": {
                "number_of_src_entities": 1,
                "number_of_dst_entities": 1,
                "src_entity_types": "[]",
                "dst_entity_types": "[]"
              }
            }
          ]
        },
        {
          "tool-name": "Elixir",
          "pattern-name": "Elixir:update_type_ref",
          "Unified_Diff_of-files:": "Starts Below...",
          "CHANGE_old:": " * The \u0026lt;clase\u0026gt;BaseRetryPolicy\u0026lt;/clase\u0026gt; is the base class for all retry policies. To implement a new retry policy, extends",
          "CHANGE_new:": " * The {@link BaseRetryPolicy} is the base class for all retry policies. To implement a new retry policy, extends",
          "instance_detail": [
            {
              "pattern_action": "UPD",
              "pattern_entity": {
                "entity_type": "TypeReference",
                "entity_new value": "*",
                "entity_role": "*",
                "entity_parent": "null"
              },
              "concrete_change": {
                "operator": "UPD",
                "src_type": "TypeParameterReference",
                "dst_type": "TypeParameterReference",
                "src": "T1",
                "dst": "FIRST",
                "src_parent_type": "Parameter",
                "dst_parent_type": "Parameter",
                "src_parent": "T1 first",
                "dst_parent": "FIRST first"
              },
              "line": 31,
              "file": "/home/khesoem/projects/lighter/exp/pinot-spi/src/main/java/org/apache/pinot/spi/utils/Pair.java",
              "stats": {
                "number_of_src_entities": 1,
                "number_of_dst_entities": 1,
                "src_entity_types": "[]",
                "dst_entity_types": "[]"
              }
            }
          ]
        },
        {
          "tool-name": "Elixir",
          "pattern-name": "Elixir:update_type_ref",
          "Unified_Diff_of-files:": "Starts Below...",
          "CHANGE_old:": " * The \u0026lt;clase\u0026gt;BaseRetryPolicy\u0026lt;/clase\u0026gt; is the base class for all retry policies. To implement a new retry policy, extends",
          "CHANGE_new:": " * The {@link BaseRetryPolicy} is the base class for all retry policies. To implement a new retry policy, extends",
          "instance_detail": [
            {
              "pattern_action": "UPD",
              "pattern_entity": {
                "entity_type": "TypeReference",
                "entity_new value": "*",
                "entity_role": "*",
                "entity_parent": "null"
              },
              "concrete_change": {
                "operator": "UPD",
                "src_type": "TypeParameterReference",
                "dst_type": "TypeParameterReference",
                "src": "T2",
                "dst": "SECOND",
                "src_parent_type": "Parameter",
                "dst_parent_type": "Parameter",
                "src_parent": "T2 second",
                "dst_parent": "SECOND second"
              },
              "line": 31,
              "file": "/home/khesoem/projects/lighter/exp/pinot-spi/src/main/java/org/apache/pinot/spi/utils/Pair.java",
              "stats": {
                "number_of_src_entities": 1,
                "number_of_dst_entities": 1,
                "src_entity_types": "[]",
                "dst_entity_types": "[]"
              }
            }
          ]
        },
        {
          "tool-name": "Elixir",
          "pattern-name": "Elixir:update_type_ref",
          "Unified_Diff_of-files:": "Starts Below...",
          "CHANGE_old:": " * The \u0026lt;clase\u0026gt;BaseRetryPolicy\u0026lt;/clase\u0026gt; is the base class for all retry policies. To implement a new retry policy, extends",
          "CHANGE_new:": " * The {@link BaseRetryPolicy} is the base class for all retry policies. To implement a new retry policy, extends",
          "instance_detail": [
            {
              "pattern_action": "UPD",
              "pattern_entity": {
                "entity_type": "TypeReference",
                "entity_new value": "*",
                "entity_role": "*",
                "entity_parent": "null"
              },
              "concrete_change": {
                "operator": "UPD",
                "src_type": "TypeParameterReference",
                "dst_type": "TypeParameterReference",
                "src": "T1",
                "dst": "FIRST",
                "src_parent_type": "Parameter",
                "dst_parent_type": "Parameter",
                "src_parent": "T1 first",
                "dst_parent": "FIRST first"
              },
              "line": 44,
              "file": "/home/khesoem/projects/lighter/exp/pinot-spi/src/main/java/org/apache/pinot/spi/utils/Pair.java",
              "stats": {
                "number_of_src_entities": 1,
                "number_of_dst_entities": 1,
                "src_entity_types": "[]",
                "dst_entity_types": "[]"
              }
            }
          ]
        },
        {
          "tool-name": "Elixir",
          "pattern-name": "Elixir:update_type_ref",
          "Unified_Diff_of-files:": "Starts Below...",
          "CHANGE_old:": " * The \u0026lt;clase\u0026gt;BaseRetryPolicy\u0026lt;/clase\u0026gt; is the base class for all retry policies. To implement a new retry policy, extends",
          "CHANGE_new:": " * The {@link BaseRetryPolicy} is the base class for all retry policies. To implement a new retry policy, extends",
          "instance_detail": [
            {
              "pattern_action": "UPD",
              "pattern_entity": {
                "entity_type": "TypeReference",
                "entity_new value": "*",
                "entity_role": "*",
                "entity_parent": "null"
              },
              "concrete_change": {
                "operator": "UPD",
                "src_type": "TypeParameterReference",
                "dst_type": "TypeParameterReference",
                "src": "T2",
                "dst": "SECOND",
                "src_parent_type": "Parameter",
                "dst_parent_type": "Parameter",
                "src_parent": "T2 second",
                "dst_parent": "SECOND second"
              },
              "line": 48,
              "file": "/home/khesoem/projects/lighter/exp/pinot-spi/src/main/java/org/apache/pinot/spi/utils/Pair.java",
              "stats": {
                "number_of_src_entities": 1,
                "number_of_dst_entities": 1,
                "src_entity_types": "[]",
                "dst_entity_types": "[]"
              }
            }
          ]
        }
      ]
    },
    {
      "revision": "761c0e7f54493c9e6a40f992199f741e293743db",
      "repairability": [
        {
          "tool-name": "Elixir",
          "pattern-name": "Elixir:update_invocation_deep",
          "Unified_Diff_of-files:": "Starts Below...",
          "CHANGE_old:": " * The \u0026lt;clase\u0026gt;BaseRetryPolicy\u0026lt;/clase\u0026gt; is the base class for all retry policies. To implement a new retry policy, extends",
          "CHANGE_new:": " * The {@link BaseRetryPolicy} is the base class for all retry policies. To implement a new retry policy, extends",
          "instance_detail": [
            {
              "pattern_action": "ANY",
              "pattern_entity": {
                "entity_type": "*",
                "entity_new value": "*",
                "entity_role": "*",
                "entity_parent": {
                  "entity_type": "AbstractInvocation",
                  "entity_new value": "*",
                  "entity_role": "*",
                  "entity_parent": "null"
                }
              },
              "concrete_change": {
                "operator": "UPD",
                "src_type": "FieldRead",
                "dst_type": "FieldRead",
                "src": "o1.a",
                "dst": "o1._a",
                "src_parent_type": "Invocation",
                "dst_parent_type": "Invocation",
                "src_parent": "o1.a.doubleValue()",
                "dst_parent": "o1._a.doubleValue()"
              },
              "line": 121,
              "file": "/home/khesoem/projects/lighter/exp/pinot-spi/src/main/java/org/apache/pinot/spi/utils/Pairs.java",
              "stats": {
                "number_of_src_entities": 12,
                "number_of_dst_entities": 12,
                "src_entity_types": "[org.apache.pinot.spi.utils.Pairs.Number2ObjectPair, org.apache.pinot.spi.utils.Pairs]",
                "dst_entity_types": "[org.apache.pinot.spi.utils.Pairs.Number2ObjectPair, org.apache.pinot.spi.utils.Pairs]"
              }
            }
          ]
        },
        {
          "tool-name": "Elixir",
          "pattern-name": "Elixir:update_invocation_deep",
          "Unified_Diff_of-files:": "Starts Below...",
          "CHANGE_old:": " * The \u0026lt;clase\u0026gt;BaseRetryPolicy\u0026lt;/clase\u0026gt; is the base class for all retry policies. To implement a new retry policy, extends",
          "CHANGE_new:": " * The {@link BaseRetryPolicy} is the base class for all retry policies. To implement a new retry policy, extends",
          "instance_detail": [
            {
              "pattern_action": "ANY",
              "pattern_entity": {
                "entity_type": "*",
                "entity_new value": "*",
                "entity_role": "*",
                "entity_parent": {
                  "entity_type": "AbstractInvocation",
                  "entity_new value": "*",
                  "entity_role": "*",
                  "entity_parent": "null"
                }
              },
              "concrete_change": {
                "operator": "UPD",
                "src_type": "FieldRead",
                "dst_type": "FieldRead",
                "src": "o2.a",
                "dst": "o2._a",
                "src_parent_type": "Invocation",
                "dst_parent_type": "Invocation",
                "src_parent": "o2.a.doubleValue()",
                "dst_parent": "o2._a.doubleValue()"
              },
              "line": 121,
              "file": "/home/khesoem/projects/lighter/exp/pinot-spi/src/main/java/org/apache/pinot/spi/utils/Pairs.java",
              "stats": {
                "number_of_src_entities": 12,
                "number_of_dst_entities": 12,
                "src_entity_types": "[org.apache.pinot.spi.utils.Pairs.Number2ObjectPair, org.apache.pinot.spi.utils.Pairs]",
                "dst_entity_types": "[org.apache.pinot.spi.utils.Pairs.Number2ObjectPair, org.apache.pinot.spi.utils.Pairs]"
              }
            }
          ]
        },
        {
          "tool-name": "Elixir",
          "pattern-name": "Elixir:update_invocation_deep",
          "Unified_Diff_of-files:": "Starts Below...",
          "CHANGE_old:": " * The \u0026lt;clase\u0026gt;BaseRetryPolicy\u0026lt;/clase\u0026gt; is the base class for all retry policies. To implement a new retry policy, extends",
          "CHANGE_new:": " * The {@link BaseRetryPolicy} is the base class for all retry policies. To implement a new retry policy, extends",
          "instance_detail": [
            {
              "pattern_action": "ANY",
              "pattern_entity": {
                "entity_type": "*",
                "entity_new value": "*",
                "entity_role": "*",
                "entity_parent": {
                  "entity_type": "AbstractInvocation",
                  "entity_new value": "*",
                  "entity_role": "*",
                  "entity_parent": "null"
                }
              },
              "concrete_change": {
                "operator": "UPD",
                "src_type": "FieldRead",
                "dst_type": "FieldRead",
                "src": "o2.a",
                "dst": "o2._a",
                "src_parent_type": "Invocation",
                "dst_parent_type": "Invocation",
                "src_parent": "o2.a.doubleValue()",
                "dst_parent": "o2._a.doubleValue()"
              },
              "line": 128,
              "file": "/home/khesoem/projects/lighter/exp/pinot-spi/src/main/java/org/apache/pinot/spi/utils/Pairs.java",
              "stats": {
                "number_of_src_entities": 12,
                "number_of_dst_entities": 12,
                "src_entity_types": "[org.apache.pinot.spi.utils.Pairs.Number2ObjectPair, org.apache.pinot.spi.utils.Pairs]",
                "dst_entity_types": "[org.apache.pinot.spi.utils.Pairs.Number2ObjectPair, org.apache.pinot.spi.utils.Pairs]"
              }
            }
          ]
        },
        {
          "tool-name": "Elixir",
          "pattern-name": "Elixir:update_invocation_deep",
          "Unified_Diff_of-files:": "Starts Below...",
          "CHANGE_old:": " * The \u0026lt;clase\u0026gt;BaseRetryPolicy\u0026lt;/clase\u0026gt; is the base class for all retry policies. To implement a new retry policy, extends",
          "CHANGE_new:": " * The {@link BaseRetryPolicy} is the base class for all retry policies. To implement a new retry policy, extends",
          "instance_detail": [
            {
              "pattern_action": "ANY",
              "pattern_entity": {
                "entity_type": "*",
                "entity_new value": "*",
                "entity_role": "*",
                "entity_parent": {
                  "entity_type": "AbstractInvocation",
                  "entity_new value": "*",
                  "entity_role": "*",
                  "entity_parent": "null"
                }
              },
              "concrete_change": {
                "operator": "UPD",
                "src_type": "FieldRead",
                "dst_type": "FieldRead",
                "src": "o1.a",
                "dst": "o1._a",
                "src_parent_type": "Invocation",
                "dst_parent_type": "Invocation",
                "src_parent": "o1.a.doubleValue()",
                "dst_parent": "o1._a.doubleValue()"
              },
              "line": 128,
              "file": "/home/khesoem/projects/lighter/exp/pinot-spi/src/main/java/org/apache/pinot/spi/utils/Pairs.java",
              "stats": {
                "number_of_src_entities": 12,
                "number_of_dst_entities": 12,
                "src_entity_types": "[org.apache.pinot.spi.utils.Pairs.Number2ObjectPair, org.apache.pinot.spi.utils.Pairs]",
                "dst_entity_types": "[org.apache.pinot.spi.utils.Pairs.Number2ObjectPair, org.apache.pinot.spi.utils.Pairs]"
              }
            }
          ]
        }
      ]
    },
    {
      "revision": "761c0e7f54493c9e6a40f992199f741e293743db",
      "repairability": [
        {
          "tool-name": "Elixir",
          "pattern-name": "Elixir:update_invocation_deep",
          "Unified_Diff_of-files:": "Starts Below...",
          "CHANGE_old:": " * The \u0026lt;clase\u0026gt;BaseRetryPolicy\u0026lt;/clase\u0026gt; is the base class for all retry policies. To implement a new retry policy, extends",
          "CHANGE_new:": " * The {@link BaseRetryPolicy} is the base class for all retry policies. To implement a new retry policy, extends",
          "instance_detail": [
            {
              "pattern_action": "ANY",
              "pattern_entity": {
                "entity_type": "*",
                "entity_new value": "*",
                "entity_role": "*",
                "entity_parent": {
                  "entity_type": "AbstractInvocation",
                  "entity_new value": "*",
                  "entity_role": "*",
                  "entity_parent": "null"
                }
              },
              "concrete_change": {
                "operator": "UPD",
                "src_type": "FieldRead",
                "dst_type": "FieldRead",
                "src": "pinotEnvironmentProvider",
                "dst": "_pinotEnvironmentProvider",
                "src_parent_type": "Invocation",
                "dst_parent_type": "Invocation",
                "src_parent": "pinotEnvironmentProvider.init(environmentProviderConfiguration)",
                "dst_parent": "_pinotEnvironmentProvider.init(environmentProviderConfiguration)"
              },
              "line": 86,
              "file": "/home/khesoem/projects/lighter/exp/pinot-spi/src/main/java/org/apache/pinot/spi/environmentprovider/PinotEnvironmentProviderFactory.java",
              "stats": {
                "number_of_src_entities": 12,
                "number_of_dst_entities": 12,
                "src_entity_types": "[org.apache.pinot.spi.environmentprovider.PinotEnvironmentProviderFactory]",
                "dst_entity_types": "[org.apache.pinot.spi.environmentprovider.PinotEnvironmentProviderFactory]"
              }
            }
          ]
        }
      ]
    }
  ],
  "complete_analysis": true
}