{
  "instances": [
    {
      "revision": "8b1d0600948ea6b4f72d3dce368de057ea0f8831",
      "repairability": [
        {
          "tool-name": "Cardumen",
          "pattern-name": "Cardumen:expression_replacement_by_upd",
          "Unified_Diff_of-files:": "Starts Below...",
          "DELETE:": "    }",
          "INSERT:": "import static slash.common.io.Directories.getRoutesDirectory;",
          "CHANGE_old:": "                getOperator().handleServiceError(new FileNotFoundException(rootFolder.getAbsolutePath()));",
          "CHANGE_new:": "",
          "instance_detail": [
            {
              "pattern_action": "UPD",
              "pattern_entity": {
                "entity_type": "Expression",
                "entity_new value": "*",
                "entity_role": "*",
                "entity_parent": "null"
              },
              "concrete_change": {
                "operator": "UPD",
                "src_type": "TypeAccess",
                "dst_type": "TypeAccess",
                "src": "java.lang.System",
                "dst": "slash.common.log.LoggingHelper",
                "src_parent_type": "Invocation",
                "dst_parent_type": "ThisAccess",
                "src_parent": "java.lang.System.getProperty(\"java.io.tmpdir\")",
                "dst_parent": ""
              },
              "line": 133,
              "file": "/home/khesoem/projects/lighter/exp/common/src/main/java/slash/common/log/LoggingHelper.java",
              "stats": {
                "number_of_src_entities": 3,
                "number_of_dst_entities": 3,
                "src_entity_types": "[java.lang.System]",
                "dst_entity_types": "[slash.common.log.LoggingHelper]"
              }
            }
          ]
        }
      ]
    },
    {
      "revision": "8b1d0600948ea6b4f72d3dce368de057ea0f8831",
      "repairability": [
        {
          "tool-name": "Cardumen",
          "pattern-name": "Cardumen:expression_replacement_by_upd",
          "Unified_Diff_of-files:": "Starts Below...",
          "DELETE:": "    }",
          "INSERT:": "import static slash.common.io.Directories.getRoutesDirectory;",
          "CHANGE_old:": "                getOperator().handleServiceError(new FileNotFoundException(rootFolder.getAbsolutePath()));",
          "CHANGE_new:": "",
          "instance_detail": [
            {
              "pattern_action": "UPD",
              "pattern_entity": {
                "entity_type": "Expression",
                "entity_new value": "*",
                "entity_role": "*",
                "entity_parent": "null"
              },
              "concrete_change": {
                "operator": "UPD",
                "src_type": "TypeAccess",
                "dst_type": "TypeAccess",
                "src": "slash.navigation.converter.gui.RouteConverter",
                "dst": "slash.navigation.converter.gui.panels.BrowsePanel",
                "src_parent_type": "Invocation",
                "dst_parent_type": "ThisAccess",
                "src_parent": "slash.navigation.converter.gui.RouteConverter.getBundle()",
                "dst_parent": ""
              },
              "line": 277,
              "file": "/home/khesoem/projects/lighter/exp/route-converter/src/main/java/slash/navigation/converter/gui/panels/BrowsePanel.java",
              "stats": {
                "number_of_src_entities": 3,
                "number_of_dst_entities": 3,
                "src_entity_types": "[slash.navigation.converter.gui.RouteConverter]",
                "dst_entity_types": "[slash.navigation.converter.gui.panels.BrowsePanel]"
              }
            }
          ]
        }
      ]
    },
    {
      "revision": "8b1d0600948ea6b4f72d3dce368de057ea0f8831",
      "repairability": [
        {
          "tool-name": "Cardumen",
          "pattern-name": "Cardumen:expression_replacement_by_del_ins",
          "Unified_Diff_of-files:": "Starts Below...",
          "DELETE:": "    }",
          "INSERT:": "import static slash.common.io.Directories.getRoutesDirectory;",
          "CHANGE_old:": "                getOperator().handleServiceError(new FileNotFoundException(rootFolder.getAbsolutePath()));",
          "CHANGE_new:": "",
          "instance_detail": [
            {
              "pattern_action": "INS",
              "pattern_entity": {
                "entity_type": "Expression",
                "entity_new value": "*",
                "entity_role": "*",
                "entity_parent": "null"
              },
              "concrete_change": {
                "operator": "INS",
                "src_type": "FieldRead",
                "dst_type": "null",
                "src": "slash.navigation.converter.gui.RouteConverter.log",
                "dst": "null",
                "src_parent_type": "Invocation",
                "dst_parent_type": "null",
                "src_parent": "slash.navigation.converter.gui.RouteConverter.log.info(java.lang.String.format(\"java.io.tmpdir: %s, user.home: %s, Application directory: %s, Temporary directory: %s\", java.lang.System.getProperty(\"java.io.tmpdir\"), java.lang.System.getProperty(\"user.home\"), getApplicationDirectory(), getTemporaryDirectory()))",
                "dst_parent": "null"
              },
              "line": 271,
              "file": "/home/khesoem/projects/lighter/exp/route-converter/src/main/java/slash/navigation/converter/gui/RouteConverter.java",
              "stats": {
                "number_of_src_entities": 9,
                "number_of_dst_entities": -1,
                "src_entity_types": "[slash.navigation.converter.gui.RouteConverter]",
                "dst_entity_types": "[]"
              }
            },
            {
              "pattern_action": "DEL",
              "pattern_entity": {
                "entity_type": "Expression",
                "entity_new value": "*",
                "entity_role": "*",
                "entity_parent": "null"
              },
              "concrete_change": {
                "operator": "DEL",
                "src_type": "BinaryOperator",
                "dst_type": "null",
                "src": "((((((((((((\"Started \" + (slash.navigation.converter.gui.RouteConverter.getTitle())) + \" for \") + (parseVersionFromManifest().getOperationSystem())) + \" with locale \") + (java.util.Locale.getDefault())) + \" on \") + (getJava())) + \" and \") + (getPlatform())) + \" with \") + (getMaximumMemory())) + \" MByte heap\")",
                "dst": "null",
                "src_parent_type": "Invocation",
                "dst_parent_type": "null",
                "src_parent": "slash.navigation.converter.gui.RouteConverter.log.info(((((((((((((\"Started \" + (slash.navigation.converter.gui.RouteConverter.getTitle())) + \" for \") + (parseVersionFromManifest().getOperationSystem())) + \" with locale \") + (java.util.Locale.getDefault())) + \" on \") + (getJava())) + \" and \") + (getPlatform())) + \" with \") + (getMaximumMemory())) + \" MByte heap\"))",
                "dst_parent": "null"
              },
              "line": 268,
              "file": "/home/khesoem/projects/lighter/exp/route-converter/src/main/java/slash/navigation/converter/gui/RouteConverter.java",
              "stats": {
                "number_of_src_entities": 89,
                "number_of_dst_entities": -1,
                "src_entity_types": "[java.util.Locale, slash.navigation.converter.gui.RouteConverter, java.lang.String]",
                "dst_entity_types": "[]"
              }
            }
          ]
        }
      ]
    }
  ],
  "complete_analysis": true
}