{
  "instances": [
    {
      "revision": "28712bba4359727a8ad5aea6cbf257c0abb40868",
      "repairability": [
        {
          "tool-name": "Cardumen",
          "pattern-name": "Cardumen:expression_replacement_by_del_ins",
          "Unified_Diff_of-files:": "Starts Below...",
          "DELETE:": "    private File backgroundMap;",
          "CHANGE_old:": "        }",
          "CHANGE_new:": "",
          "INSERT:": "",
          "instance_detail": [
            {
              "pattern_action": "DEL",
              "pattern_entity": {
                "entity_type": "Expression",
                "entity_new value": "*",
                "entity_role": "*",
                "entity_parent": "null"
              },
              "concrete_change": {
                "operator": "DEL",
                "src_type": "FieldWrite",
                "dst_type": "null",
                "src": "this.backgroundMap",
                "dst": "null",
                "src_parent_type": "Assignment",
                "dst_parent_type": "null",
                "src_parent": "this.backgroundMap \u003d backgroundMap",
                "dst_parent": "null"
              },
              "line": 523,
              "file": "/home/khesoem/projects/lighter/exp/mapsforge-mapview/src/main/java/slash/navigation/mapview/mapsforge/MapsforgeMapView.java",
              "stats": {
                "number_of_src_entities": 12,
                "number_of_dst_entities": -1,
                "src_entity_types": "[slash.navigation.mapview.mapsforge.MapsforgeMapView]",
                "dst_entity_types": "[]"
              }
            },
            {
              "pattern_action": "INS",
              "pattern_entity": {
                "entity_type": "Expression",
                "entity_new value": "*",
                "entity_role": "*",
                "entity_parent": "null"
              },
              "concrete_change": {
                "operator": "INS",
                "src_type": "Invocation",
                "dst_type": "null",
                "src": "createTileRendererLayer(backgroundMap, backgroundMap.getName())",
                "dst": "null",
                "src_parent_type": "Assignment",
                "dst_parent_type": "null",
                "src_parent": "backgroundLayer \u003d createTileRendererLayer(backgroundMap, backgroundMap.getName())",
                "dst_parent": "null"
              },
              "line": 522,
              "file": "/home/khesoem/projects/lighter/exp/mapsforge-mapview/src/main/java/slash/navigation/mapview/mapsforge/MapsforgeMapView.java",
              "stats": {
                "number_of_src_entities": 30,
                "number_of_dst_entities": -1,
                "src_entity_types": "[slash.navigation.mapview.mapsforge.MapsforgeMapView, java.io.File]",
                "dst_entity_types": "[]"
              }
            }
          ]
        },
        {
          "tool-name": "Cardumen",
          "pattern-name": "Cardumen:expression_replacement_by_del_ins",
          "Unified_Diff_of-files:": "Starts Below...",
          "DELETE:": "    private File backgroundMap;",
          "CHANGE_old:": "        }",
          "CHANGE_new:": "",
          "INSERT:": "",
          "instance_detail": [
            {
              "pattern_action": "DEL",
              "pattern_entity": {
                "entity_type": "Expression",
                "entity_new value": "*",
                "entity_role": "*",
                "entity_parent": "null"
              },
              "concrete_change": {
                "operator": "DEL",
                "src_type": "VariableRead",
                "dst_type": "null",
                "src": "backgroundMap",
                "dst": "null",
                "src_parent_type": "Assignment",
                "dst_parent_type": "null",
                "src_parent": "this.backgroundMap \u003d backgroundMap",
                "dst_parent": "null"
              },
              "line": 523,
              "file": "/home/khesoem/projects/lighter/exp/mapsforge-mapview/src/main/java/slash/navigation/mapview/mapsforge/MapsforgeMapView.java",
              "stats": {
                "number_of_src_entities": 4,
                "number_of_dst_entities": -1,
                "src_entity_types": "[java.io.File]",
                "dst_entity_types": "[]"
              }
            },
            {
              "pattern_action": "INS",
              "pattern_entity": {
                "entity_type": "Expression",
                "entity_new value": "*",
                "entity_role": "*",
                "entity_parent": "null"
              },
              "concrete_change": {
                "operator": "INS",
                "src_type": "Invocation",
                "dst_type": "null",
                "src": "createTileRendererLayer(backgroundMap, backgroundMap.getName())",
                "dst": "null",
                "src_parent_type": "Assignment",
                "dst_parent_type": "null",
                "src_parent": "backgroundLayer \u003d createTileRendererLayer(backgroundMap, backgroundMap.getName())",
                "dst_parent": "null"
              },
              "line": 522,
              "file": "/home/khesoem/projects/lighter/exp/mapsforge-mapview/src/main/java/slash/navigation/mapview/mapsforge/MapsforgeMapView.java",
              "stats": {
                "number_of_src_entities": 30,
                "number_of_dst_entities": -1,
                "src_entity_types": "[slash.navigation.mapview.mapsforge.MapsforgeMapView, java.io.File]",
                "dst_entity_types": "[]"
              }
            }
          ]
        }
      ]
    }
  ],
  "complete_analysis": true
}