{
  "instances": [
    {
      "revision": "ff3dcda2ebc4d68400f5644d9657f6df1282c219",
      "repairability": [
        {
          "tool-name": "Cardumen",
          "pattern-name": "Cardumen:expression_replacement_by_upd",
          "Unified_Diff_of-files:": "Starts Below...",
          "CHANGE_old:": "import slash.common.filtering.FilterPredicate;",
          "CHANGE_new:": "import slash.navigation.gui.models.FilterPredicate;",
          "instance_detail": [
            {
              "pattern_action": "UPD",
              "pattern_entity": {
                "entity_type": "Expression",
                "entity_new value": "*",
                "entity_role": "*",
                "entity_parent": "null"
              },
              "concrete_change": {
                "operator": "UPD",
                "src_type": "TypeAccess",
                "dst_type": "TypeAccess",
                "src": "slash.navigation.gui.Application.1",
                "dst": "slash.navigation.gui.Application",
                "src_parent_type": "ThisAccess",
                "dst_parent_type": "ThisAccess",
                "src_parent": "",
                "dst_parent": ""
              },
              "stats": {
                "number_of_src_entities": 4,
                "number_of_dst_entities": 3,
                "src_entity_types": "[slash.navigation.gui.Application.1, slash.navigation.gui.Application]",
                "dst_entity_types": "[slash.navigation.gui.Application]"
              }
            }
          ]
        },
        {
          "tool-name": "Cardumen",
          "pattern-name": "Cardumen:expression_replacement_by_upd",
          "Unified_Diff_of-files:": "Starts Below...",
          "CHANGE_old:": "import slash.common.filtering.FilterPredicate;",
          "CHANGE_new:": "import slash.navigation.gui.models.FilterPredicate;",
          "instance_detail": [
            {
              "pattern_action": "UPD",
              "pattern_entity": {
                "entity_type": "Expression",
                "entity_new value": "*",
                "entity_role": "*",
                "entity_parent": "null"
              },
              "concrete_change": {
                "operator": "UPD",
                "src_type": "TypeAccess",
                "dst_type": "TypeAccess",
                "src": "slash.navigation.gui.Application.1",
                "dst": "slash.navigation.gui.Application",
                "src_parent_type": "ThisAccess",
                "dst_parent_type": "ThisAccess",
                "src_parent": "",
                "dst_parent": ""
              },
              "stats": {
                "number_of_src_entities": 4,
                "number_of_dst_entities": 3,
                "src_entity_types": "[slash.navigation.gui.Application.1, slash.navigation.gui.Application]",
                "dst_entity_types": "[slash.navigation.gui.Application]"
              }
            }
          ]
        }
      ]
    },
    {
      "revision": "ff3dcda2ebc4d68400f5644d9657f6df1282c219",
      "repairability": [
        {
          "tool-name": "Cardumen",
          "pattern-name": "Cardumen:expression_replacement_by_upd",
          "Unified_Diff_of-files:": "Starts Below...",
          "CHANGE_old:": "import slash.common.filtering.FilterPredicate;",
          "CHANGE_new:": "import slash.navigation.gui.models.FilterPredicate;",
          "instance_detail": [
            {
              "pattern_action": "UPD",
              "pattern_entity": {
                "entity_type": "Expression",
                "entity_new value": "*",
                "entity_role": "*",
                "entity_parent": "null"
              },
              "concrete_change": {
                "operator": "UPD",
                "src_type": "NewClass",
                "dst_type": "NewClass",
                "src": "new java.awt.event.ComponentAdapter() {\n    public void componentMoved(java.awt.event.ComponentEvent e) {\n        putPreferencesLocation();\n    }\n\n    public void componentResized(java.awt.event.ComponentEvent e) {\n        putPreferencesSize();\n    }\n}",
                "dst": "new java.awt.event.ComponentAdapter() {\n    public void componentMoved(java.awt.event.ComponentEvent e) {\n        putPreferencesLocation();\n    }\n\n    public void componentResized(java.awt.event.ComponentEvent e) {\n        putPreferencesSize();\n    }\n}",
                "src_parent_type": "Invocation",
                "dst_parent_type": "Invocation",
                "src_parent": "frame.addComponentListener(new java.awt.event.ComponentAdapter() {\n    public void componentMoved(java.awt.event.ComponentEvent e) {\n        putPreferencesLocation();\n    }\n\n    public void componentResized(java.awt.event.ComponentEvent e) {\n        putPreferencesSize();\n    }\n})",
                "dst_parent": "frame.addComponentListener(new java.awt.event.ComponentAdapter() {\n    public void componentMoved(java.awt.event.ComponentEvent e) {\n        putPreferencesLocation();\n    }\n\n    public void componentResized(java.awt.event.ComponentEvent e) {\n        putPreferencesSize();\n    }\n})"
              },
              "line": 154,
              "file": "/home/khesoem/projects/lighter/exp/common-gui/src/main/java/slash/navigation/gui/SingleFrameApplication.java",
              "stats": {
                "number_of_src_entities": 56,
                "number_of_dst_entities": 56,
                "src_entity_types": "[slash.navigation.gui.SingleFrameApplication, void, slash.navigation.gui.SingleFrameApplication.3, java.awt.event.ComponentEvent, java.awt.event.ComponentAdapter]",
                "dst_entity_types": "[slash.navigation.gui.SingleFrameApplication, void, slash.navigation.gui.SingleFrameApplication.2, java.awt.event.ComponentEvent, java.awt.event.ComponentAdapter]"
              }
            }
          ]
        },
        {
          "tool-name": "Cardumen",
          "pattern-name": "Cardumen:expression_replacement_by_upd",
          "Unified_Diff_of-files:": "Starts Below...",
          "CHANGE_old:": "import slash.common.filtering.FilterPredicate;",
          "CHANGE_new:": "import slash.navigation.gui.models.FilterPredicate;",
          "instance_detail": [
            {
              "pattern_action": "UPD",
              "pattern_entity": {
                "entity_type": "Expression",
                "entity_new value": "*",
                "entity_role": "*",
                "entity_parent": "null"
              },
              "concrete_change": {
                "operator": "UPD",
                "src_type": "TypeAccess",
                "dst_type": "TypeAccess",
                "src": "slash.navigation.gui.SingleFrameApplication.4",
                "dst": "slash.navigation.gui.SingleFrameApplication",
                "src_parent_type": "ThisAccess",
                "dst_parent_type": "ThisAccess",
                "src_parent": "",
                "dst_parent": ""
              },
              "stats": {
                "number_of_src_entities": 4,
                "number_of_dst_entities": 3,
                "src_entity_types": "[slash.navigation.gui.SingleFrameApplication, slash.navigation.gui.SingleFrameApplication.4]",
                "dst_entity_types": "[slash.navigation.gui.SingleFrameApplication]"
              }
            }
          ]
        }
      ]
    },
    {
      "revision": "ff3dcda2ebc4d68400f5644d9657f6df1282c219",
      "repairability": [
        {
          "tool-name": "Cardumen",
          "pattern-name": "Cardumen:expression_replacement_by_upd",
          "Unified_Diff_of-files:": "Starts Below...",
          "CHANGE_old:": "import slash.common.filtering.FilterPredicate;",
          "CHANGE_new:": "import slash.navigation.gui.models.FilterPredicate;",
          "instance_detail": [
            {
              "pattern_action": "UPD",
              "pattern_entity": {
                "entity_type": "Expression",
                "entity_new value": "*",
                "entity_role": "*",
                "entity_parent": "null"
              },
              "concrete_change": {
                "operator": "UPD",
                "src_type": "NewClass",
                "dst_type": "NewClass",
                "src": "new javax.swing.event.TableModelListener() {\n    public void tableChanged(javax.swing.event.TableModelEvent e) {\n        initializeMapping();\n        fireTableDataChanged();\n    }\n}",
                "dst": "new javax.swing.event.TableModelListener() {\n    public void tableChanged(javax.swing.event.TableModelEvent e) {\n        initializeMapping();\n        fireTableDataChanged();\n    }\n}",
                "src_parent_type": "Invocation",
                "dst_parent_type": "Invocation",
                "src_parent": "delegate.addTableModelListener(new javax.swing.event.TableModelListener() {\n    public void tableChanged(javax.swing.event.TableModelEvent e) {\n        initializeMapping();\n        fireTableDataChanged();\n    }\n})",
                "dst_parent": "delegate.addTableModelListener(new javax.swing.event.TableModelListener() {\n    public void tableChanged(javax.swing.event.TableModelEvent e) {\n        initializeMapping();\n        fireTableDataChanged();\n    }\n})"
              },
              "line": 48,
              "file": "/home/khesoem/projects/lighter/exp/common/src/main/java/slash/common/filtering/FilteringTableModel.java",
              "stats": {
                "number_of_src_entities": 50,
                "number_of_dst_entities": 50,
                "src_entity_types": "[slash.common.filtering.FilteringTableModel.1, void, java.lang.Object, javax.swing.event.TableModelListener, slash.common.filtering.FilteringTableModel, javax.swing.event.TableModelEvent, javax.swing.table.AbstractTableModel]",
                "dst_entity_types": "[slash.navigation.gui.models.FilteringTableModel.1, void, java.lang.Object, javax.swing.event.TableModelListener, slash.navigation.gui.models.FilteringTableModel, javax.swing.event.TableModelEvent, javax.swing.table.AbstractTableModel]"
              }
            }
          ]
        }
      ]
    }
  ],
  "complete_analysis": true
}