{
  "instances": [
    {
      "revision": "606a6c022f9bf7d6e2549956433903e247154e62",
      "repairability": [
        {
          "tool-name": "Cardumen",
          "pattern-name": "Cardumen:expression_replacement_by_del_ins",
          "Unified_Diff_of-files:": "Starts Below...",
          "CHANGE_old:": "     * @param str",
          "CHANGE_new:": "     * @param str the string to encode.",
          "INSERT:": "     */",
          "instance_detail": [
            {
              "pattern_action": "DEL",
              "pattern_entity": {
                "entity_type": "Expression",
                "entity_new value": "*",
                "entity_role": "*",
                "entity_parent": "null"
              },
              "concrete_change": {
                "operator": "DEL",
                "src_type": "BinaryOperator",
                "dst_type": "null",
                "src": "(password !\u003d null) \u0026\u0026 (!(password.equals(\"\")))",
                "dst": "null",
                "src_parent_type": "If",
                "dst_parent_type": "null",
                "src_parent": "if ((password !\u003d null) \u0026\u0026 (!(password.equals(\"\")))) {\n    builder.withPassword(password);\n}",
                "dst_parent": "null"
              },
              "line": 562,
              "file": "/home/khesoem/projects/lighter/exp/src/main/java/io/lettuce/core/RedisURI.java",
              "stats": {
                "number_of_src_entities": 26,
                "number_of_dst_entities": -1,
                "src_entity_types": "[boolean, java.lang.String, \u003cnulltype\u003e]",
                "dst_entity_types": "[]"
              }
            },
            {
              "pattern_action": "INS",
              "pattern_entity": {
                "entity_type": "Expression",
                "entity_new value": "*",
                "entity_role": "*",
                "entity_parent": "null"
              },
              "concrete_change": {
                "operator": "INS",
                "src_type": "Invocation",
                "dst_type": "null",
                "src": "io.lettuce.core.LettuceStrings.isNotEmpty(password)",
                "dst": "null",
                "src_parent_type": "If",
                "dst_parent_type": "null",
                "src_parent": "if (io.lettuce.core.LettuceStrings.isNotEmpty(password)) {\n    builder.withPassword(password);\n}",
                "dst_parent": "null"
              },
              "line": 570,
              "file": "/home/khesoem/projects/lighter/exp/src/main/java/io/lettuce/core/RedisURI.java",
              "stats": {
                "number_of_src_entities": 14,
                "number_of_dst_entities": -1,
                "src_entity_types": "[io.lettuce.core.LettuceStrings, java.lang.String]",
                "dst_entity_types": "[]"
              }
            }
          ]
        }
      ]
    }
  ],
  "complete_analysis": true
}