{
  "instances": [
    {
      "revision": "0b6d6d84f15a6bbc37b193129fd5901e62effe8f",
      "repairability": [
        {
          "tool-name": "Cardumen",
          "pattern-name": "Cardumen:expression_replacement_by_upd",
          "Unified_Diff_of-files:": "Starts Below...",
          "INSERT:": "            this.sentinels.forEach(it -\u0026gt; it.setVerifyPeer(verifyPeer));",
          "CHANGE_old:": "         * Enables/disables peer verification. Does only affect Redis URI, cannot be used with Sentinel connections.",
          "CHANGE_new:": "         * Enables/disables peer verification. Sets peer verification also for already configured Redis Sentinel nodes.",
          "DELETE:": "",
          "instance_detail": [
            {
              "pattern_action": "UPD",
              "pattern_entity": {
                "entity_type": "Expression",
                "entity_new value": "*",
                "entity_role": "*",
                "entity_parent": "null"
              },
              "concrete_change": {
                "operator": "UPD",
                "src_type": "FieldRead",
                "dst_type": "FieldRead",
                "src": "(this.host)",
                "dst": "this.sentinels",
                "src_parent_type": "BinaryOperator",
                "dst_parent_type": "Invocation",
                "src_parent": "((this.host) !\u003d null)",
                "dst_parent": "this.sentinels.forEach(( it) -\u003e it.setSsl(ssl))"
              },
              "line": 1227,
              "file": "/home/khesoem/projects/lighter/exp/src/main/java/io/lettuce/core/RedisURI.java",
              "stats": {
                "number_of_src_entities": 15,
                "number_of_dst_entities": 17,
                "src_entity_types": "[io.lettuce.core.RedisURI.Builder, io.lettuce.core.RedisURI]",
                "dst_entity_types": "[io.lettuce.core.RedisURI.Builder, io.lettuce.core.RedisURI]"
              }
            }
          ]
        },
        {
          "tool-name": "Cardumen",
          "pattern-name": "Cardumen:expression_replacement_by_upd",
          "Unified_Diff_of-files:": "Starts Below...",
          "INSERT:": "            this.sentinels.forEach(it -\u0026gt; it.setVerifyPeer(verifyPeer));",
          "CHANGE_old:": "         * Enables/disables peer verification. Does only affect Redis URI, cannot be used with Sentinel connections.",
          "CHANGE_new:": "         * Enables/disables peer verification. Sets peer verification also for already configured Redis Sentinel nodes.",
          "DELETE:": "",
          "instance_detail": [
            {
              "pattern_action": "UPD",
              "pattern_entity": {
                "entity_type": "Expression",
                "entity_new value": "*",
                "entity_role": "*",
                "entity_parent": "null"
              },
              "concrete_change": {
                "operator": "UPD",
                "src_type": "FieldRead",
                "dst_type": "FieldRead",
                "src": "(this.host)",
                "dst": "this.sentinels",
                "src_parent_type": "BinaryOperator",
                "dst_parent_type": "Invocation",
                "src_parent": "((this.host) !\u003d null)",
                "dst_parent": "this.sentinels.forEach(( it) -\u003e it.setStartTls(startTls))"
              },
              "line": 1213,
              "file": "/home/khesoem/projects/lighter/exp/src/main/java/io/lettuce/core/RedisURI.java",
              "stats": {
                "number_of_src_entities": 15,
                "number_of_dst_entities": 17,
                "src_entity_types": "[io.lettuce.core.RedisURI.Builder, io.lettuce.core.RedisURI]",
                "dst_entity_types": "[io.lettuce.core.RedisURI.Builder, io.lettuce.core.RedisURI]"
              }
            }
          ]
        },
        {
          "tool-name": "Cardumen",
          "pattern-name": "Cardumen:expression_replacement_by_upd",
          "Unified_Diff_of-files:": "Starts Below...",
          "INSERT:": "            this.sentinels.forEach(it -\u0026gt; it.setVerifyPeer(verifyPeer));",
          "CHANGE_old:": "         * Enables/disables peer verification. Does only affect Redis URI, cannot be used with Sentinel connections.",
          "CHANGE_new:": "         * Enables/disables peer verification. Sets peer verification also for already configured Redis Sentinel nodes.",
          "DELETE:": "",
          "instance_detail": [
            {
              "pattern_action": "UPD",
              "pattern_entity": {
                "entity_type": "Expression",
                "entity_new value": "*",
                "entity_role": "*",
                "entity_parent": "null"
              },
              "concrete_change": {
                "operator": "UPD",
                "src_type": "FieldRead",
                "dst_type": "FieldRead",
                "src": "(this.host)",
                "dst": "this.sentinels",
                "src_parent_type": "BinaryOperator",
                "dst_parent_type": "Invocation",
                "src_parent": "((this.host) !\u003d null)",
                "dst_parent": "this.sentinels.forEach(( it) -\u003e it.setVerifyPeer(verifyPeer))"
              },
              "line": 1199,
              "file": "/home/khesoem/projects/lighter/exp/src/main/java/io/lettuce/core/RedisURI.java",
              "stats": {
                "number_of_src_entities": 15,
                "number_of_dst_entities": 17,
                "src_entity_types": "[io.lettuce.core.RedisURI.Builder, io.lettuce.core.RedisURI]",
                "dst_entity_types": "[io.lettuce.core.RedisURI.Builder, io.lettuce.core.RedisURI]"
              }
            }
          ]
        },
        {
          "tool-name": "Cardumen",
          "pattern-name": "Cardumen:expression_replacement_by_upd",
          "Unified_Diff_of-files:": "Starts Below...",
          "INSERT:": "            this.sentinels.forEach(it -\u0026gt; it.setVerifyPeer(verifyPeer));",
          "CHANGE_old:": "         * Enables/disables peer verification. Does only affect Redis URI, cannot be used with Sentinel connections.",
          "CHANGE_new:": "         * Enables/disables peer verification. Sets peer verification also for already configured Redis Sentinel nodes.",
          "DELETE:": "",
          "instance_detail": [
            {
              "pattern_action": "UPD",
              "pattern_entity": {
                "entity_type": "Expression",
                "entity_new value": "*",
                "entity_role": "*",
                "entity_parent": "null"
              },
              "concrete_change": {
                "operator": "UPD",
                "src_type": "Lambda",
                "dst_type": "Lambda",
                "src": "( redisURI) -\u003e (urlEncode(redisURI.getHost())) + (getPortPart(redisURI.getPort(), scheme))",
                "dst": "( redisURI) -\u003e (urlEncode(redisURI.getHost())) + (getPortPart(redisURI.getPort(), scheme))",
                "src_parent_type": "Invocation",
                "dst_parent_type": "Invocation",
                "src_parent": "sentinels.stream().map(( redisURI) -\u003e (urlEncode(redisURI.getHost())) + (getPortPart(redisURI.getPort(), scheme)))",
                "dst_parent": "sentinels.stream().map(( redisURI) -\u003e (urlEncode(redisURI.getHost())) + (getPortPart(redisURI.getPort(), scheme)))"
              },
              "line": 612,
              "file": "/home/khesoem/projects/lighter/exp/src/main/java/io/lettuce/core/RedisURI.java",
              "stats": {
                "number_of_src_entities": 67,
                "number_of_dst_entities": 67,
                "src_entity_types": "[java.util.function.Function\u003c? super io.lettuce.core.RedisURI, ? extends java.lang.String\u003e, io.lettuce.core.RedisURI, java.lang.String]",
                "dst_entity_types": "[java.util.function.Function\u003c? super io.lettuce.core.RedisURI, ? extends java.lang.String\u003e, io.lettuce.core.RedisURI, java.lang.String]"
              }
            }
          ]
        },
        {
          "tool-name": "Cardumen",
          "pattern-name": "Cardumen:expression_replacement_by_del_ins",
          "Unified_Diff_of-files:": "Starts Below...",
          "INSERT:": "            this.sentinels.forEach(it -\u0026gt; it.setVerifyPeer(verifyPeer));",
          "CHANGE_old:": "         * Enables/disables peer verification. Does only affect Redis URI, cannot be used with Sentinel connections.",
          "CHANGE_new:": "         * Enables/disables peer verification. Sets peer verification also for already configured Redis Sentinel nodes.",
          "DELETE:": "",
          "instance_detail": [
            {
              "pattern_action": "INS",
              "pattern_entity": {
                "entity_type": "Expression",
                "entity_new value": "*",
                "entity_role": "*",
                "entity_parent": "null"
              },
              "concrete_change": {
                "operator": "INS",
                "src_type": "TypeAccess",
                "dst_type": "null",
                "src": "io.lettuce.core.RedisURI",
                "dst": "null",
                "src_parent_type": "Invocation",
                "dst_parent_type": "null",
                "src_parent": "io.lettuce.core.RedisURI.isSentinel(uri.getScheme())",
                "dst_parent": "null"
              }
            },
            {
              "pattern_action": "DEL",
              "pattern_entity": {
                "entity_type": "Expression",
                "entity_new value": "*",
                "entity_role": "*",
                "entity_parent": "null"
              },
              "concrete_change": {
                "operator": "DEL",
                "src_type": "FieldRead",
                "dst_type": "null",
                "src": "io.lettuce.core.RedisURI.URI_SCHEME_REDIS_SENTINEL",
                "dst": "null",
                "src_parent_type": "Invocation",
                "dst_parent_type": "null",
                "src_parent": "uri.getScheme().equals(io.lettuce.core.RedisURI.URI_SCHEME_REDIS_SENTINEL)",
                "dst_parent": "null"
              },
              "line": 530,
              "file": "/home/khesoem/projects/lighter/exp/src/main/java/io/lettuce/core/RedisURI.java"
            }
          ]
        },
        {
          "tool-name": "Cardumen",
          "pattern-name": "Cardumen:expression_replacement_by_del_ins",
          "Unified_Diff_of-files:": "Starts Below...",
          "INSERT:": "            this.sentinels.forEach(it -\u0026gt; it.setVerifyPeer(verifyPeer));",
          "CHANGE_old:": "         * Enables/disables peer verification. Does only affect Redis URI, cannot be used with Sentinel connections.",
          "CHANGE_new:": "         * Enables/disables peer verification. Sets peer verification also for already configured Redis Sentinel nodes.",
          "DELETE:": "",
          "instance_detail": [
            {
              "pattern_action": "INS",
              "pattern_entity": {
                "entity_type": "Expression",
                "entity_new value": "*",
                "entity_role": "*",
                "entity_parent": "null"
              },
              "concrete_change": {
                "operator": "INS",
                "src_type": "TypeAccess",
                "dst_type": "null",
                "src": "io.lettuce.core.RedisURI",
                "dst": "null",
                "src_parent_type": "Invocation",
                "dst_parent_type": "null",
                "src_parent": "io.lettuce.core.RedisURI.isSentinel(uri.getScheme())",
                "dst_parent": "null"
              }
            },
            {
              "pattern_action": "DEL",
              "pattern_entity": {
                "entity_type": "Expression",
                "entity_new value": "*",
                "entity_role": "*",
                "entity_parent": "null"
              },
              "concrete_change": {
                "operator": "DEL",
                "src_type": "FieldRead",
                "dst_type": "null",
                "src": "io.lettuce.core.RedisURI.URI_SCHEME_REDIS_SENTINEL",
                "dst": "null",
                "src_parent_type": "Invocation",
                "dst_parent_type": "null",
                "src_parent": "uri.getScheme().equals(io.lettuce.core.RedisURI.URI_SCHEME_REDIS_SENTINEL)",
                "dst_parent": "null"
              },
              "line": 590,
              "file": "/home/khesoem/projects/lighter/exp/src/main/java/io/lettuce/core/RedisURI.java"
            }
          ]
        }
      ]
    },
    {
      "revision": "0b6d6d84f15a6bbc37b193129fd5901e62effe8f",
      "repairability": [
        {
          "tool-name": "Cardumen",
          "pattern-name": "Cardumen:expression_replacement_by_upd",
          "Unified_Diff_of-files:": "Starts Below...",
          "INSERT:": "            this.sentinels.forEach(it -\u0026gt; it.setVerifyPeer(verifyPeer));",
          "CHANGE_old:": "         * Enables/disables peer verification. Does only affect Redis URI, cannot be used with Sentinel connections.",
          "CHANGE_new:": "         * Enables/disables peer verification. Sets peer verification also for already configured Redis Sentinel nodes.",
          "DELETE:": "",
          "instance_detail": [
            {
              "pattern_action": "UPD",
              "pattern_entity": {
                "entity_type": "Expression",
                "entity_new value": "*",
                "entity_role": "*",
                "entity_parent": "null"
              },
              "concrete_change": {
                "operator": "UPD",
                "src_type": "TypeAccess",
                "dst_type": "TypeAccess",
                "src": "io.lettuce.core.ConnectionBuilder",
                "dst": "io.lettuce.core.RedisClient",
                "src_parent_type": "Invocation",
                "dst_parent_type": "ThisAccess",
                "src_parent": "io.lettuce.core.ConnectionBuilder.connectionBuilder()",
                "dst_parent": ""
              },
              "line": 579,
              "file": "/home/khesoem/projects/lighter/exp/src/main/java/io/lettuce/core/RedisClient.java",
              "stats": {
                "number_of_src_entities": 3,
                "number_of_dst_entities": 3,
                "src_entity_types": "[io.lettuce.core.ConnectionBuilder]",
                "dst_entity_types": "[io.lettuce.core.RedisClient]"
              }
            }
          ]
        },
        {
          "tool-name": "Cardumen",
          "pattern-name": "Cardumen:expression_replacement_by_upd",
          "Unified_Diff_of-files:": "Starts Below...",
          "INSERT:": "            this.sentinels.forEach(it -\u0026gt; it.setVerifyPeer(verifyPeer));",
          "CHANGE_old:": "         * Enables/disables peer verification. Does only affect Redis URI, cannot be used with Sentinel connections.",
          "CHANGE_new:": "         * Enables/disables peer verification. Sets peer verification also for already configured Redis Sentinel nodes.",
          "DELETE:": "",
          "instance_detail": [
            {
              "pattern_action": "UPD",
              "pattern_entity": {
                "entity_type": "Expression",
                "entity_new value": "*",
                "entity_role": "*",
                "entity_parent": "null"
              },
              "concrete_change": {
                "operator": "UPD",
                "src_type": "TypeAccess",
                "dst_type": "TypeAccess",
                "src": "io.lettuce.core.RedisClient",
                "dst": "",
                "src_parent_type": "ThisAccess",
                "dst_parent_type": "ThisAccess",
                "src_parent": "",
                "dst_parent": ""
              },
              "stats": {
                "number_of_src_entities": 3,
                "number_of_dst_entities": 1,
                "src_entity_types": "[io.lettuce.core.RedisClient]",
                "dst_entity_types": "[]"
              }
            }
          ]
        },
        {
          "tool-name": "Cardumen",
          "pattern-name": "Cardumen:expression_replacement_by_upd",
          "Unified_Diff_of-files:": "Starts Below...",
          "INSERT:": "            this.sentinels.forEach(it -\u0026gt; it.setVerifyPeer(verifyPeer));",
          "CHANGE_old:": "         * Enables/disables peer verification. Does only affect Redis URI, cannot be used with Sentinel connections.",
          "CHANGE_new:": "         * Enables/disables peer verification. Sets peer verification also for already configured Redis Sentinel nodes.",
          "DELETE:": "",
          "instance_detail": [
            {
              "pattern_action": "UPD",
              "pattern_entity": {
                "entity_type": "Expression",
                "entity_new value": "*",
                "entity_role": "*",
                "entity_parent": "null"
              },
              "concrete_change": {
                "operator": "UPD",
                "src_type": "TypeAccess",
                "dst_type": "TypeAccess",
                "src": "io.lettuce.core.RedisClient",
                "dst": "",
                "src_parent_type": "ThisAccess",
                "dst_parent_type": "ThisAccess",
                "src_parent": "",
                "dst_parent": ""
              },
              "stats": {
                "number_of_src_entities": 3,
                "number_of_dst_entities": 1,
                "src_entity_types": "[io.lettuce.core.RedisClient]",
                "dst_entity_types": "[]"
              }
            }
          ]
        }
      ]
    }
  ],
  "complete_analysis": true
}