{
  "instances": [
    {
      "revision": "082c370ef524c3e9accaf43c08edc1c7757365fd",
      "repairability": [
        {
          "tool-name": "Arja",
          "pattern-name": "Arja:arja_shallow_change",
          "Unified_Diff_of-files:": "Starts Below...",
          "CHANGE_old:": "  private List\u0026lt;String\u0026gt; scopes \u003d new ArrayList\u0026lt;\u0026gt;();",
          "CHANGE_new:": "  private final List\u0026lt;String\u0026gt; scopes \u003d new ArrayList\u0026lt;\u0026gt;();",
          "INSERT:": "",
          "instance_detail": [
            {
              "pattern_action": "ANY",
              "pattern_entity": {
                "entity_type": "Statement",
                "entity_new value": "*",
                "entity_role": "*",
                "entity_parent": "null"
              },
              "concrete_change": {
                "operator": "INS",
                "src_type": "Invocation",
                "dst_type": "null",
                "src": "ctx.fail(400)",
                "dst": "null",
                "src_parent_type": "Block",
                "dst_parent_type": "null",
                "src_parent": "{\n    java.lang.String errorDescription \u003d ctx.request().getParam(\"error_description\");\n    if (errorDescription !\u003d null) {\n        ctx.response().setStatusMessage(((error + \": \") + errorDescription));\n    } else {\n        ctx.response().setStatusMessage(error);\n    }\n    ctx.fail(400);\n    return;\n}",
                "dst_parent": "null"
              },
              "line": 210,
              "file": "/home/khesoem/projects/lighter/exp/vertx-web/src/main/java/io/vertx/ext/web/handler/impl/OAuth2AuthHandlerImpl.java",
              "stats": {
                "number_of_src_entities": 8,
                "number_of_dst_entities": -1,
                "src_entity_types": "[int, io.vertx.ext.web.handler.impl.ctx]",
                "dst_entity_types": "[]"
              }
            }
          ]
        }
      ]
    },
    {
      "revision": "082c370ef524c3e9accaf43c08edc1c7757365fd",
      "repairability": [
        {
          "tool-name": "Arja",
          "pattern-name": "Arja:arja_shallow_change",
          "Unified_Diff_of-files:": "Starts Below...",
          "CHANGE_old:": "  private List\u0026lt;String\u0026gt; scopes \u003d new ArrayList\u0026lt;\u0026gt;();",
          "CHANGE_new:": "  private final List\u0026lt;String\u0026gt; scopes \u003d new ArrayList\u0026lt;\u0026gt;();",
          "INSERT:": "",
          "instance_detail": [
            {
              "pattern_action": "ANY",
              "pattern_entity": {
                "entity_type": "Statement",
                "entity_new value": "*",
                "entity_role": "*",
                "entity_parent": "null"
              },
              "concrete_change": {
                "operator": "DEL",
                "src_type": "Invocation",
                "dst_type": "null",
                "src": "io.vertx.ext.web.handler.OAuth2AuthHandler.create(vertx, authProvider, null)",
                "dst": "null",
                "src_parent_type": "Return",
                "dst_parent_type": "null",
                "src_parent": "return io.vertx.ext.web.handler.OAuth2AuthHandler.create(vertx, authProvider, null)",
                "dst_parent": "null"
              },
              "line": 57,
              "file": "/home/khesoem/projects/lighter/exp/vertx-web/src/main/java/io/vertx/ext/web/handler/OAuth2AuthHandler.java",
              "stats": {
                "number_of_src_entities": 25,
                "number_of_dst_entities": -1,
                "src_entity_types": "[io.vertx.ext.web.handler.OAuth2AuthHandler, io.vertx.core.Vertx, io.vertx.ext.auth.oauth2.OAuth2Auth, \u003cnulltype\u003e]",
                "dst_entity_types": "[]"
              }
            }
          ]
        }
      ]
    }
  ],
  "complete_analysis": true
}