{
  "instances": [
    {
      "revision": "323bb4d0548687c6db51be69c54721e63d59efb9",
      "repairability": [
        {
          "tool-name": "Arja",
          "pattern-name": "Arja:arja_shallow_change",
          "Unified_Diff_of-files:": "Starts Below...",
          "CHANGE_old:": "  public static void addToMapIfAbsent(MultiMap map, CharSequence key, String value) {",
          "CHANGE_new:": "  public static void addToMapIfAbsent(MultiMap map, CharSequence key, CharSequence value) {",
          "INSERT:": "",
          "instance_detail": [
            {
              "pattern_action": "ANY",
              "pattern_entity": {
                "entity_type": "Statement",
                "entity_new value": "*",
                "entity_role": "*",
                "entity_parent": "null"
              },
              "concrete_change": {
                "operator": "DEL",
                "src_type": "ConstructorCall",
                "dst_type": "null",
                "src": "new java.util.LinkedHashSet\u003c\u003e()",
                "dst": "null",
                "src_parent_type": "Field",
                "dst_parent_type": "null",
                "src_parent": "private final java.util.Set\u003cjava.lang.String\u003e exposedVary \u003d new java.util.LinkedHashSet\u003c\u003e();",
                "dst_parent": "null"
              },
              "line": 53,
              "file": "/home/khesoem/projects/lighter/exp/vertx-web/src/main/java/io/vertx/ext/web/handler/impl/CorsHandlerImpl.java"
            }
          ]
        },
        {
          "tool-name": "Arja",
          "pattern-name": "Arja:arja_shallow_change",
          "Unified_Diff_of-files:": "Starts Below...",
          "CHANGE_old:": "  public static void addToMapIfAbsent(MultiMap map, CharSequence key, String value) {",
          "CHANGE_new:": "  public static void addToMapIfAbsent(MultiMap map, CharSequence key, CharSequence value) {",
          "INSERT:": "",
          "instance_detail": [
            {
              "pattern_action": "ANY",
              "pattern_entity": {
                "entity_type": "Statement",
                "entity_new value": "*",
                "entity_role": "*",
                "entity_parent": "null"
              },
              "concrete_change": {
                "operator": "DEL",
                "src_type": "Invocation",
                "dst_type": "null",
                "src": "response.putHeader(io.vertx.ext.web.handler.impl.VARY, io.vertx.ext.web.handler.impl.ORIGIN)",
                "dst": "null",
                "src_parent_type": "Block",
                "dst_parent_type": "null",
                "src_parent": "{\n    response.putHeader(io.vertx.ext.web.handler.impl.VARY, io.vertx.ext.web.handler.impl.ORIGIN);\n}",
                "dst_parent": "null"
              },
              "line": 133,
              "file": "/home/khesoem/projects/lighter/exp/vertx-web/src/main/java/io/vertx/ext/web/handler/impl/CorsHandlerImpl.java"
            }
          ]
        },
        {
          "tool-name": "Arja",
          "pattern-name": "Arja:arja_shallow_change",
          "Unified_Diff_of-files:": "Starts Below...",
          "CHANGE_old:": "  public static void addToMapIfAbsent(MultiMap map, CharSequence key, String value) {",
          "CHANGE_new:": "  public static void addToMapIfAbsent(MultiMap map, CharSequence key, CharSequence value) {",
          "INSERT:": "",
          "instance_detail": [
            {
              "pattern_action": "ANY",
              "pattern_entity": {
                "entity_type": "Statement",
                "entity_new value": "*",
                "entity_role": "*",
                "entity_parent": "null"
              },
              "concrete_change": {
                "operator": "DEL",
                "src_type": "Block",
                "dst_type": "null",
                "src": "{\n    response.putHeader(io.vertx.ext.web.handler.impl.VARY, io.vertx.ext.web.handler.impl.ORIGIN);\n}",
                "dst": "null",
                "src_parent_type": "If",
                "dst_parent_type": "null",
                "src_parent": "if ((allowedOrigin) !\u003d null) {\n    response.putHeader(io.vertx.ext.web.handler.impl.VARY, io.vertx.ext.web.handler.impl.ORIGIN);\n}",
                "dst_parent": "null"
              },
              "line": 132,
              "file": "/home/khesoem/projects/lighter/exp/vertx-web/src/main/java/io/vertx/ext/web/handler/impl/CorsHandlerImpl.java"
            }
          ]
        },
        {
          "tool-name": "Arja",
          "pattern-name": "Arja:arja_shallow_change",
          "Unified_Diff_of-files:": "Starts Below...",
          "CHANGE_old:": "  public static void addToMapIfAbsent(MultiMap map, CharSequence key, String value) {",
          "CHANGE_new:": "  public static void addToMapIfAbsent(MultiMap map, CharSequence key, CharSequence value) {",
          "INSERT:": "",
          "instance_detail": [
            {
              "pattern_action": "ANY",
              "pattern_entity": {
                "entity_type": "Statement",
                "entity_new value": "*",
                "entity_role": "*",
                "entity_parent": "null"
              },
              "concrete_change": {
                "operator": "DEL",
                "src_type": "If",
                "dst_type": "null",
                "src": "if ((allowedOrigin) !\u003d null) {\n    response.putHeader(io.vertx.ext.web.handler.impl.VARY, io.vertx.ext.web.handler.impl.ORIGIN);\n}",
                "dst": "null",
                "src_parent_type": "Block",
                "dst_parent_type": "null",
                "src_parent": "{\n    if ((allowedOrigin) !\u003d null) {\n        response.putHeader(io.vertx.ext.web.handler.impl.VARY, io.vertx.ext.web.handler.impl.ORIGIN);\n    }\n    java.lang.String accessControlRequestMethod \u003d request.headers().get(io.vertx.ext.web.handler.impl.ACCESS_CONTROL_REQUEST_METHOD);\n    if (((request.method()) \u003d\u003d (io.vertx.core.http.HttpMethod.OPTIONS)) \u0026\u0026 (accessControlRequestMethod !\u003d null)) {\n        addCredentialsAndOriginHeader(response, origin);\n        if ((allowedMethodsString) !\u003d null) {\n            response.putHeader(io.vertx.ext.web.handler.impl.ACCESS_CONTROL_ALLOW_METHODS, allowedMethodsString);\n        }\n        if ((allowedHeadersString) !\u003d null) {\n            response.putHeader(io.vertx.ext.web.handler.impl.ACCESS_CONTROL_ALLOW_HEADERS, allowedHeadersString);\n        }\n        if ((maxAgeSeconds) !\u003d null) {\n            response.putHeader(io.vertx.ext.web.handler.impl.ACCESS_CONTROL_MAX_AGE, maxAgeSeconds);\n        }\n        response.setStatusCode(200).end();\n    } else {\n        addCredentialsAndOriginHeader(response, origin);\n        if ((exposedHeadersString) !\u003d null) {\n            response.putHeader(io.vertx.ext.web.handler.impl.ACCESS_CONTROL_EXPOSE_HEADERS, exposedHeadersString);\n        }\n        context.put(io.vertx.ext.web.handler.impl.CorsHandlerImpl.CORS_HANDLED_FLAG, true);\n        context.next();\n    }\n}",
                "dst_parent": "null"
              },
              "line": 132,
              "file": "/home/khesoem/projects/lighter/exp/vertx-web/src/main/java/io/vertx/ext/web/handler/impl/CorsHandlerImpl.java",
              "stats": {
                "number_of_src_entities": 32,
                "number_of_dst_entities": -1,
                "src_entity_types": "[boolean, io.vertx.ext.web.handler.impl.ORIGIN, io.vertx.core.http.HttpServerResponse, io.vertx.ext.web.handler.impl.CorsHandlerImpl, io.vertx.ext.web.handler.impl.VARY, \u003cnulltype\u003e]",
                "dst_entity_types": "[]"
              }
            }
          ]
        },
        {
          "tool-name": "Arja",
          "pattern-name": "Arja:arja_shallow_change",
          "Unified_Diff_of-files:": "Starts Below...",
          "CHANGE_old:": "  public static void addToMapIfAbsent(MultiMap map, CharSequence key, String value) {",
          "CHANGE_new:": "  public static void addToMapIfAbsent(MultiMap map, CharSequence key, CharSequence value) {",
          "INSERT:": "",
          "instance_detail": [
            {
              "pattern_action": "ANY",
              "pattern_entity": {
                "entity_type": "Statement",
                "entity_new value": "*",
                "entity_role": "*",
                "entity_parent": "null"
              },
              "concrete_change": {
                "operator": "DEL",
                "src_type": "If",
                "dst_type": "null",
                "src": "if ((allowedHeadersString) !\u003d null) {\n    response.putHeader(io.vertx.ext.web.handler.impl.ACCESS_CONTROL_ALLOW_HEADERS, allowedHeadersString);\n}",
                "dst": "null",
                "src_parent_type": "Block",
                "dst_parent_type": "null",
                "src_parent": "{\n    addCredentialsAndOriginHeader(response, origin);\n    if ((allowedMethodsString) !\u003d null) {\n        response.putHeader(io.vertx.ext.web.handler.impl.ACCESS_CONTROL_ALLOW_METHODS, allowedMethodsString);\n    }\n    if ((allowedHeadersString) !\u003d null) {\n        response.putHeader(io.vertx.ext.web.handler.impl.ACCESS_CONTROL_ALLOW_HEADERS, allowedHeadersString);\n    }\n    if ((maxAgeSeconds) !\u003d null) {\n        response.putHeader(io.vertx.ext.web.handler.impl.ACCESS_CONTROL_MAX_AGE, maxAgeSeconds);\n    }\n    response.setStatusCode(200).end();\n}",
                "dst_parent": "null"
              },
              "line": 142,
              "file": "/home/khesoem/projects/lighter/exp/vertx-web/src/main/java/io/vertx/ext/web/handler/impl/CorsHandlerImpl.java",
              "stats": {
                "number_of_src_entities": 43,
                "number_of_dst_entities": -1,
                "src_entity_types": "[boolean, io.vertx.core.http.HttpServerResponse, io.vertx.ext.web.handler.impl.CorsHandlerImpl, \u003cnulltype\u003e, io.vertx.ext.web.handler.impl.ACCESS_CONTROL_ALLOW_HEADERS]",
                "dst_entity_types": "[]"
              }
            }
          ]
        }
      ]
    }
  ],
  "complete_analysis": true
}