{
  "instances": [
    {
      "revision": "45e34a13f036cc1501b26c1bec9ab004c8661340",
      "repairability": [
        {
          "tool-name": "Arja",
          "pattern-name": "Arja:arja_shallow_change",
          "Unified_Diff_of-files:": "Starts Below...",
          "DELETE:": "  @Deprecated",
          "INSERT:": "   * In practical terms the arguments are converted to a {@link TokenCredentials} object.",
          "CHANGE_old:": "    return authentication(new TokenCredentials(bearerToken).applyHttpChallenge(\"Bearer realm\u003d\\\"\\\"\"));",
          "CHANGE_new:": "    return authentication(new TokenCredentials(bearerToken).applyHttpChallenge(null));",
          "instance_detail": [
            {
              "pattern_action": "ANY",
              "pattern_entity": {
                "entity_type": "Statement",
                "entity_new value": "*",
                "entity_role": "*",
                "entity_parent": "null"
              },
              "concrete_change": {
                "operator": "DEL",
                "src_type": "ConstructorCall",
                "dst_type": "null",
                "src": "new io.vertx.ext.auth.authentication.UsernamePasswordCredentials(id.toString(), password.toString())",
                "dst": "null",
                "src_parent_type": "Invocation",
                "dst_parent_type": "null",
                "src_parent": "new io.vertx.ext.auth.authentication.UsernamePasswordCredentials(id.toString(), password.toString()).applyHttpChallenge(\"Basic realm\u003d\\\"\\\"\")",
                "dst_parent": "null"
              },
              "line": 210,
              "file": "/home/khesoem/projects/lighter/exp/vertx-web-client/src/main/java/io/vertx/ext/web/client/HttpRequest.java"
            }
          ]
        },
        {
          "tool-name": "Arja",
          "pattern-name": "Arja:arja_shallow_change",
          "Unified_Diff_of-files:": "Starts Below...",
          "DELETE:": "  @Deprecated",
          "INSERT:": "   * In practical terms the arguments are converted to a {@link TokenCredentials} object.",
          "CHANGE_old:": "    return authentication(new TokenCredentials(bearerToken).applyHttpChallenge(\"Bearer realm\u003d\\\"\\\"\"));",
          "CHANGE_new:": "    return authentication(new TokenCredentials(bearerToken).applyHttpChallenge(null));",
          "instance_detail": [
            {
              "pattern_action": "ANY",
              "pattern_entity": {
                "entity_type": "Statement",
                "entity_new value": "*",
                "entity_role": "*",
                "entity_parent": "null"
              },
              "concrete_change": {
                "operator": "DEL",
                "src_type": "Invocation",
                "dst_type": "null",
                "src": "authentication(new io.vertx.ext.auth.authentication.UsernamePasswordCredentials(id.toString(), password.toString()).applyHttpChallenge(\"Basic realm\u003d\\\"\\\"\"))",
                "dst": "null",
                "src_parent_type": "Return",
                "dst_parent_type": "null",
                "src_parent": "return authentication(new io.vertx.ext.auth.authentication.UsernamePasswordCredentials(id.toString(), password.toString()).applyHttpChallenge(\"Basic realm\u003d\\\"\\\"\"))",
                "dst_parent": "null"
              },
              "line": 210,
              "file": "/home/khesoem/projects/lighter/exp/vertx-web-client/src/main/java/io/vertx/ext/web/client/HttpRequest.java",
              "stats": {
                "number_of_src_entities": 45,
                "number_of_dst_entities": -1,
                "src_entity_types": "[io.vertx.core.buffer.Buffer, java.lang.Object, java.lang.String, io.vertx.ext.web.client.HttpRequest\u003cT\u003e, io.vertx.ext.web.client.HttpRequest]",
                "dst_entity_types": "[]"
              }
            }
          ]
        }
      ]
    }
  ],
  "complete_analysis": true
}