{
  "instances": [
    {
      "revision": "4c2ab04649c0ed306099abac1346f5fedea8c53b",
      "repairability": [
        {
          "tool-name": "Arja",
          "pattern-name": "Arja:arja_shallow_change",
          "Unified_Diff_of-files:": "Starts Below...",
          "INSERT:": "  @Deprecated",
          "instance_detail": [
            {
              "pattern_action": "ANY",
              "pattern_entity": {
                "entity_type": "Statement",
                "entity_new value": "*",
                "entity_role": "*",
                "entity_parent": "null"
              },
              "concrete_change": {
                "operator": "DEL",
                "src_type": "Invocation",
                "dst_type": "null",
                "src": "(((io.vertx.ext.auth.oauth2.OAuth2Auth) (provider)).getFlowType())",
                "dst": "null",
                "src_parent_type": "BinaryOperator",
                "dst_parent_type": "null",
                "src_parent": "(((io.vertx.ext.auth.oauth2.OAuth2Auth) (provider)).getFlowType()) !\u003d (AUTH_CODE)",
                "dst_parent": "null"
              },
              "line": 59,
              "file": "/home/khesoem/projects/lighter/exp/vertx-web/src/main/java/io/vertx/ext/web/handler/impl/OAuth2AuthHandlerImpl.java"
            }
          ]
        },
        {
          "tool-name": "Arja",
          "pattern-name": "Arja:arja_shallow_change",
          "Unified_Diff_of-files:": "Starts Below...",
          "INSERT:": "  @Deprecated",
          "instance_detail": [
            {
              "pattern_action": "ANY",
              "pattern_entity": {
                "entity_type": "Statement",
                "entity_new value": "*",
                "entity_role": "*",
                "entity_parent": "null"
              },
              "concrete_change": {
                "operator": "DEL",
                "src_type": "ConstructorCall",
                "dst_type": "null",
                "src": "new java.lang.IllegalArgumentException(\"OAuth2Auth + Bearer Auth requires OAuth2 AUTH_CODE flow\")",
                "dst": "null",
                "src_parent_type": "Throw",
                "dst_parent_type": "null",
                "src_parent": "throw new java.lang.IllegalArgumentException(\"OAuth2Auth + Bearer Auth requires OAuth2 AUTH_CODE flow\")",
                "dst_parent": "null"
              },
              "line": 60,
              "file": "/home/khesoem/projects/lighter/exp/vertx-web/src/main/java/io/vertx/ext/web/handler/impl/OAuth2AuthHandlerImpl.java"
            }
          ]
        },
        {
          "tool-name": "Arja",
          "pattern-name": "Arja:arja_shallow_change",
          "Unified_Diff_of-files:": "Starts Below...",
          "INSERT:": "  @Deprecated",
          "instance_detail": [
            {
              "pattern_action": "ANY",
              "pattern_entity": {
                "entity_type": "Statement",
                "entity_new value": "*",
                "entity_role": "*",
                "entity_parent": "null"
              },
              "concrete_change": {
                "operator": "DEL",
                "src_type": "Throw",
                "dst_type": "null",
                "src": "throw new java.lang.IllegalArgumentException(\"OAuth2Auth + Bearer Auth requires OAuth2 AUTH_CODE flow\")",
                "dst": "null",
                "src_parent_type": "Block",
                "dst_parent_type": "null",
                "src_parent": "{\n    throw new java.lang.IllegalArgumentException(\"OAuth2Auth + Bearer Auth requires OAuth2 AUTH_CODE flow\");\n}",
                "dst_parent": "null"
              },
              "line": 60,
              "file": "/home/khesoem/projects/lighter/exp/vertx-web/src/main/java/io/vertx/ext/web/handler/impl/OAuth2AuthHandlerImpl.java"
            }
          ]
        },
        {
          "tool-name": "Arja",
          "pattern-name": "Arja:arja_shallow_change",
          "Unified_Diff_of-files:": "Starts Below...",
          "INSERT:": "  @Deprecated",
          "instance_detail": [
            {
              "pattern_action": "ANY",
              "pattern_entity": {
                "entity_type": "Statement",
                "entity_new value": "*",
                "entity_role": "*",
                "entity_parent": "null"
              },
              "concrete_change": {
                "operator": "DEL",
                "src_type": "Block",
                "dst_type": "null",
                "src": "{\n    throw new java.lang.IllegalArgumentException(\"OAuth2Auth + Bearer Auth requires OAuth2 AUTH_CODE flow\");\n}",
                "dst": "null",
                "src_parent_type": "If",
                "dst_parent_type": "null",
                "src_parent": "if ((((io.vertx.ext.auth.oauth2.OAuth2Auth) (provider)).getFlowType()) !\u003d (AUTH_CODE)) {\n    throw new java.lang.IllegalArgumentException(\"OAuth2Auth + Bearer Auth requires OAuth2 AUTH_CODE flow\");\n}",
                "dst_parent": "null"
              },
              "line": 59,
              "file": "/home/khesoem/projects/lighter/exp/vertx-web/src/main/java/io/vertx/ext/web/handler/impl/OAuth2AuthHandlerImpl.java"
            }
          ]
        },
        {
          "tool-name": "Arja",
          "pattern-name": "Arja:arja_shallow_change",
          "Unified_Diff_of-files:": "Starts Below...",
          "INSERT:": "  @Deprecated",
          "instance_detail": [
            {
              "pattern_action": "ANY",
              "pattern_entity": {
                "entity_type": "Statement",
                "entity_new value": "*",
                "entity_role": "*",
                "entity_parent": "null"
              },
              "concrete_change": {
                "operator": "DEL",
                "src_type": "If",
                "dst_type": "null",
                "src": "if ((((io.vertx.ext.auth.oauth2.OAuth2Auth) (provider)).getFlowType()) !\u003d (AUTH_CODE)) {\n    throw new java.lang.IllegalArgumentException(\"OAuth2Auth + Bearer Auth requires OAuth2 AUTH_CODE flow\");\n}",
                "dst": "null",
                "src_parent_type": "Block",
                "dst_parent_type": "null",
                "src_parent": "{\n    if ((((io.vertx.ext.auth.oauth2.OAuth2Auth) (provider)).getFlowType()) !\u003d (AUTH_CODE)) {\n        throw new java.lang.IllegalArgumentException(\"OAuth2Auth + Bearer Auth requires OAuth2 AUTH_CODE flow\");\n    }\n}",
                "dst_parent": "null"
              },
              "line": 59,
              "file": "/home/khesoem/projects/lighter/exp/vertx-web/src/main/java/io/vertx/ext/web/handler/impl/OAuth2AuthHandlerImpl.java"
            }
          ]
        },
        {
          "tool-name": "Arja",
          "pattern-name": "Arja:arja_shallow_change",
          "Unified_Diff_of-files:": "Starts Below...",
          "INSERT:": "  @Deprecated",
          "instance_detail": [
            {
              "pattern_action": "ANY",
              "pattern_entity": {
                "entity_type": "Statement",
                "entity_new value": "*",
                "entity_role": "*",
                "entity_parent": "null"
              },
              "concrete_change": {
                "operator": "DEL",
                "src_type": "Block",
                "dst_type": "null",
                "src": "{\n    if ((((io.vertx.ext.auth.oauth2.OAuth2Auth) (provider)).getFlowType()) !\u003d (AUTH_CODE)) {\n        throw new java.lang.IllegalArgumentException(\"OAuth2Auth + Bearer Auth requires OAuth2 AUTH_CODE flow\");\n    }\n}",
                "dst": "null",
                "src_parent_type": "If",
                "dst_parent_type": "null",
                "src_parent": "if (provider instanceof io.vertx.ext.auth.oauth2.OAuth2Auth) {\n    if ((((io.vertx.ext.auth.oauth2.OAuth2Auth) (provider)).getFlowType()) !\u003d (AUTH_CODE)) {\n        throw new java.lang.IllegalArgumentException(\"OAuth2Auth + Bearer Auth requires OAuth2 AUTH_CODE flow\");\n    }\n}",
                "dst_parent": "null"
              },
              "line": 58,
              "file": "/home/khesoem/projects/lighter/exp/vertx-web/src/main/java/io/vertx/ext/web/handler/impl/OAuth2AuthHandlerImpl.java"
            }
          ]
        },
        {
          "tool-name": "Arja",
          "pattern-name": "Arja:arja_shallow_change",
          "Unified_Diff_of-files:": "Starts Below...",
          "INSERT:": "  @Deprecated",
          "instance_detail": [
            {
              "pattern_action": "ANY",
              "pattern_entity": {
                "entity_type": "Statement",
                "entity_new value": "*",
                "entity_role": "*",
                "entity_parent": "null"
              },
              "concrete_change": {
                "operator": "DEL",
                "src_type": "If",
                "dst_type": "null",
                "src": "if (provider instanceof io.vertx.ext.auth.oauth2.OAuth2Auth) {\n    if ((((io.vertx.ext.auth.oauth2.OAuth2Auth) (provider)).getFlowType()) !\u003d (AUTH_CODE)) {\n        throw new java.lang.IllegalArgumentException(\"OAuth2Auth + Bearer Auth requires OAuth2 AUTH_CODE flow\");\n    }\n}",
                "dst": "null",
                "src_parent_type": "Block",
                "dst_parent_type": "null",
                "src_parent": "{\n    if (provider instanceof io.vertx.ext.auth.oauth2.OAuth2Auth) {\n        if ((((io.vertx.ext.auth.oauth2.OAuth2Auth) (provider)).getFlowType()) !\u003d (AUTH_CODE)) {\n            throw new java.lang.IllegalArgumentException(\"OAuth2Auth + Bearer Auth requires OAuth2 AUTH_CODE flow\");\n        }\n    }\n    return provider;\n}",
                "dst_parent": "null"
              },
              "line": 58,
              "file": "/home/khesoem/projects/lighter/exp/vertx-web/src/main/java/io/vertx/ext/web/handler/impl/OAuth2AuthHandlerImpl.java"
            }
          ]
        },
        {
          "tool-name": "Arja",
          "pattern-name": "Arja:arja_shallow_change",
          "Unified_Diff_of-files:": "Starts Below...",
          "INSERT:": "  @Deprecated",
          "instance_detail": [
            {
              "pattern_action": "ANY",
              "pattern_entity": {
                "entity_type": "Statement",
                "entity_new value": "*",
                "entity_role": "*",
                "entity_parent": "null"
              },
              "concrete_change": {
                "operator": "DEL",
                "src_type": "Return",
                "dst_type": "null",
                "src": "return provider",
                "dst": "null",
                "src_parent_type": "Block",
                "dst_parent_type": "null",
                "src_parent": "{\n    if (provider instanceof io.vertx.ext.auth.oauth2.OAuth2Auth) {\n        if ((((io.vertx.ext.auth.oauth2.OAuth2Auth) (provider)).getFlowType()) !\u003d (AUTH_CODE)) {\n            throw new java.lang.IllegalArgumentException(\"OAuth2Auth + Bearer Auth requires OAuth2 AUTH_CODE flow\");\n        }\n    }\n    return provider;\n}",
                "dst_parent": "null"
              },
              "line": 64,
              "file": "/home/khesoem/projects/lighter/exp/vertx-web/src/main/java/io/vertx/ext/web/handler/impl/OAuth2AuthHandlerImpl.java"
            }
          ]
        },
        {
          "tool-name": "Arja",
          "pattern-name": "Arja:arja_shallow_change",
          "Unified_Diff_of-files:": "Starts Below...",
          "INSERT:": "  @Deprecated",
          "instance_detail": [
            {
              "pattern_action": "ANY",
              "pattern_entity": {
                "entity_type": "Statement",
                "entity_new value": "*",
                "entity_role": "*",
                "entity_parent": "null"
              },
              "concrete_change": {
                "operator": "DEL",
                "src_type": "ConstructorCall",
                "dst_type": "null",
                "src": "new java.util.HashSet\u003c\u003e()",
                "dst": "null",
                "src_parent_type": "Field",
                "dst_parent_type": "null",
                "src_parent": "private final java.util.Set\u003cjava.lang.String\u003e scopes \u003d new java.util.HashSet\u003c\u003e();",
                "dst_parent": "null"
              },
              "line": 69,
              "file": "/home/khesoem/projects/lighter/exp/vertx-web/src/main/java/io/vertx/ext/web/handler/impl/OAuth2AuthHandlerImpl.java"
            }
          ]
        },
        {
          "tool-name": "Arja",
          "pattern-name": "Arja:arja_shallow_change",
          "Unified_Diff_of-files:": "Starts Below...",
          "INSERT:": "  @Deprecated",
          "instance_detail": [
            {
              "pattern_action": "ANY",
              "pattern_entity": {
                "entity_type": "Statement",
                "entity_new value": "*",
                "entity_role": "*",
                "entity_parent": "null"
              },
              "concrete_change": {
                "operator": "DEL",
                "src_type": "Invocation",
                "dst_type": "null",
                "src": "io.vertx.ext.web.handler.impl.OAuth2AuthHandlerImpl.verifyProvider(authProvider)",
                "dst": "null",
                "src_parent_type": "Invocation",
                "dst_parent_type": "null",
                "src_parent": "super(io.vertx.ext.web.handler.impl.OAuth2AuthHandlerImpl.verifyProvider(authProvider), Type.BEARER)",
                "dst_parent": "null"
              },
              "line": 77,
              "file": "/home/khesoem/projects/lighter/exp/vertx-web/src/main/java/io/vertx/ext/web/handler/impl/OAuth2AuthHandlerImpl.java",
              "stats": {
                "number_of_src_entities": 15,
                "number_of_dst_entities": -1,
                "src_entity_types": "[io.vertx.ext.web.handler.impl.OAuth2AuthHandlerImpl, io.vertx.ext.auth.oauth2.OAuth2Auth]",
                "dst_entity_types": "[]"
              }
            }
          ]
        },
        {
          "tool-name": "Arja",
          "pattern-name": "Arja:arja_shallow_change",
          "Unified_Diff_of-files:": "Starts Below...",
          "INSERT:": "  @Deprecated",
          "instance_detail": [
            {
              "pattern_action": "ANY",
              "pattern_entity": {
                "entity_type": "Statement",
                "entity_new value": "*",
                "entity_role": "*",
                "entity_parent": "null"
              },
              "concrete_change": {
                "operator": "DEL",
                "src_type": "Invocation",
                "dst_type": "null",
                "src": "scopes.add(authority)",
                "dst": "null",
                "src_parent_type": "Block",
                "dst_parent_type": "null",
                "src_parent": "{\n    scopes.add(authority);\n    return this;\n}",
                "dst_parent": "null"
              },
              "line": 95,
              "file": "/home/khesoem/projects/lighter/exp/vertx-web/src/main/java/io/vertx/ext/web/handler/impl/OAuth2AuthHandlerImpl.java"
            }
          ]
        },
        {
          "tool-name": "Arja",
          "pattern-name": "Arja:arja_shallow_change",
          "Unified_Diff_of-files:": "Starts Below...",
          "INSERT:": "  @Deprecated",
          "instance_detail": [
            {
              "pattern_action": "ANY",
              "pattern_entity": {
                "entity_type": "Statement",
                "entity_new value": "*",
                "entity_role": "*",
                "entity_parent": "null"
              },
              "concrete_change": {
                "operator": "DEL",
                "src_type": "Return",
                "dst_type": "null",
                "src": "return this",
                "dst": "null",
                "src_parent_type": "Block",
                "dst_parent_type": "null",
                "src_parent": "{\n    scopes.add(authority);\n    return this;\n}",
                "dst_parent": "null"
              },
              "line": 96,
              "file": "/home/khesoem/projects/lighter/exp/vertx-web/src/main/java/io/vertx/ext/web/handler/impl/OAuth2AuthHandlerImpl.java"
            }
          ]
        },
        {
          "tool-name": "Arja",
          "pattern-name": "Arja:arja_shallow_change",
          "Unified_Diff_of-files:": "Starts Below...",
          "INSERT:": "  @Deprecated",
          "instance_detail": [
            {
              "pattern_action": "ANY",
              "pattern_entity": {
                "entity_type": "Statement",
                "entity_new value": "*",
                "entity_role": "*",
                "entity_parent": "null"
              },
              "concrete_change": {
                "operator": "DEL",
                "src_type": "Invocation",
                "dst_type": "null",
                "src": "this.scopes.addAll(authorities)",
                "dst": "null",
                "src_parent_type": "Block",
                "dst_parent_type": "null",
                "src_parent": "{\n    this.scopes.addAll(authorities);\n    return this;\n}",
                "dst_parent": "null"
              },
              "line": 101,
              "file": "/home/khesoem/projects/lighter/exp/vertx-web/src/main/java/io/vertx/ext/web/handler/impl/OAuth2AuthHandlerImpl.java"
            }
          ]
        },
        {
          "tool-name": "Arja",
          "pattern-name": "Arja:arja_shallow_change",
          "Unified_Diff_of-files:": "Starts Below...",
          "INSERT:": "  @Deprecated",
          "instance_detail": [
            {
              "pattern_action": "ANY",
              "pattern_entity": {
                "entity_type": "Statement",
                "entity_new value": "*",
                "entity_role": "*",
                "entity_parent": "null"
              },
              "concrete_change": {
                "operator": "DEL",
                "src_type": "Return",
                "dst_type": "null",
                "src": "return this",
                "dst": "null",
                "src_parent_type": "Block",
                "dst_parent_type": "null",
                "src_parent": "{\n    this.scopes.addAll(authorities);\n    return this;\n}",
                "dst_parent": "null"
              },
              "line": 102,
              "file": "/home/khesoem/projects/lighter/exp/vertx-web/src/main/java/io/vertx/ext/web/handler/impl/OAuth2AuthHandlerImpl.java"
            }
          ]
        },
        {
          "tool-name": "Arja",
          "pattern-name": "Arja:arja_shallow_change",
          "Unified_Diff_of-files:": "Starts Below...",
          "INSERT:": "  @Deprecated",
          "instance_detail": [
            {
              "pattern_action": "ANY",
              "pattern_entity": {
                "entity_type": "Statement",
                "entity_new value": "*",
                "entity_role": "*",
                "entity_parent": "null"
              },
              "concrete_change": {
                "operator": "DEL",
                "src_type": "Invocation",
                "dst_type": "null",
                "src": "(scopes.size())",
                "dst": "null",
                "src_parent_type": "BinaryOperator",
                "dst_parent_type": "null",
                "src_parent": "(scopes.size()) \u003e 0",
                "dst_parent": "null"
              },
              "line": 167,
              "file": "/home/khesoem/projects/lighter/exp/vertx-web/src/main/java/io/vertx/ext/web/handler/impl/OAuth2AuthHandlerImpl.java"
            }
          ]
        },
        {
          "tool-name": "Arja",
          "pattern-name": "Arja:arja_shallow_change",
          "Unified_Diff_of-files:": "Starts Below...",
          "INSERT:": "  @Deprecated",
          "instance_detail": [
            {
              "pattern_action": "ANY",
              "pattern_entity": {
                "entity_type": "Statement",
                "entity_new value": "*",
                "entity_role": "*",
                "entity_parent": "null"
              },
              "concrete_change": {
                "operator": "DEL",
                "src_type": "ConstructorCall",
                "dst_type": "null",
                "src": "new io.vertx.core.json.JsonArray()",
                "dst": "null",
                "src_parent_type": "LocalVariable",
                "dst_parent_type": "null",
                "src_parent": "io.vertx.core.json.JsonArray _scopes \u003d new io.vertx.core.json.JsonArray()",
                "dst_parent": "null"
              },
              "line": 168,
              "file": "/home/khesoem/projects/lighter/exp/vertx-web/src/main/java/io/vertx/ext/web/handler/impl/OAuth2AuthHandlerImpl.java"
            }
          ]
        },
        {
          "tool-name": "Arja",
          "pattern-name": "Arja:arja_shallow_change",
          "Unified_Diff_of-files:": "Starts Below...",
          "INSERT:": "  @Deprecated",
          "instance_detail": [
            {
              "pattern_action": "ANY",
              "pattern_entity": {
                "entity_type": "Statement",
                "entity_new value": "*",
                "entity_role": "*",
                "entity_parent": "null"
              },
              "concrete_change": {
                "operator": "DEL",
                "src_type": "LocalVariable",
                "dst_type": "null",
                "src": "io.vertx.core.json.JsonArray _scopes \u003d new io.vertx.core.json.JsonArray()",
                "dst": "null",
                "src_parent_type": "Block",
                "dst_parent_type": "null",
                "src_parent": "{\n    io.vertx.core.json.JsonArray _scopes \u003d new io.vertx.core.json.JsonArray();\n    for (java.lang.String authority : scopes) {\n        _scopes.add(authority);\n    }\n    config.put(\"scopes\", _scopes);\n}",
                "dst_parent": "null"
              },
              "line": 168,
              "file": "/home/khesoem/projects/lighter/exp/vertx-web/src/main/java/io/vertx/ext/web/handler/impl/OAuth2AuthHandlerImpl.java"
            }
          ]
        },
        {
          "tool-name": "Arja",
          "pattern-name": "Arja:arja_shallow_change",
          "Unified_Diff_of-files:": "Starts Below...",
          "INSERT:": "  @Deprecated",
          "instance_detail": [
            {
              "pattern_action": "ANY",
              "pattern_entity": {
                "entity_type": "Statement",
                "entity_new value": "*",
                "entity_role": "*",
                "entity_parent": "null"
              },
              "concrete_change": {
                "operator": "DEL",
                "src_type": "LocalVariable",
                "dst_type": "null",
                "src": "java.lang.String authority",
                "dst": "null",
                "src_parent_type": "ForEach",
                "dst_parent_type": "null",
                "src_parent": "for (java.lang.String authority : scopes) {\n    _scopes.add(authority);\n}",
                "dst_parent": "null"
              },
              "line": 170,
              "file": "/home/khesoem/projects/lighter/exp/vertx-web/src/main/java/io/vertx/ext/web/handler/impl/OAuth2AuthHandlerImpl.java"
            }
          ]
        },
        {
          "tool-name": "Arja",
          "pattern-name": "Arja:arja_shallow_change",
          "Unified_Diff_of-files:": "Starts Below...",
          "INSERT:": "  @Deprecated",
          "instance_detail": [
            {
              "pattern_action": "ANY",
              "pattern_entity": {
                "entity_type": "Statement",
                "entity_new value": "*",
                "entity_role": "*",
                "entity_parent": "null"
              },
              "concrete_change": {
                "operator": "DEL",
                "src_type": "Invocation",
                "dst_type": "null",
                "src": "_scopes.add(authority)",
                "dst": "null",
                "src_parent_type": "Block",
                "dst_parent_type": "null",
                "src_parent": "{\n    _scopes.add(authority);\n}",
                "dst_parent": "null"
              },
              "line": 171,
              "file": "/home/khesoem/projects/lighter/exp/vertx-web/src/main/java/io/vertx/ext/web/handler/impl/OAuth2AuthHandlerImpl.java"
            }
          ]
        },
        {
          "tool-name": "Arja",
          "pattern-name": "Arja:arja_shallow_change",
          "Unified_Diff_of-files:": "Starts Below...",
          "INSERT:": "  @Deprecated",
          "instance_detail": [
            {
              "pattern_action": "ANY",
              "pattern_entity": {
                "entity_type": "Statement",
                "entity_new value": "*",
                "entity_role": "*",
                "entity_parent": "null"
              },
              "concrete_change": {
                "operator": "DEL",
                "src_type": "ForEach",
                "dst_type": "null",
                "src": "for (java.lang.String authority : scopes) {\n    _scopes.add(authority);\n}",
                "dst": "null",
                "src_parent_type": "Block",
                "dst_parent_type": "null",
                "src_parent": "{\n    io.vertx.core.json.JsonArray _scopes \u003d new io.vertx.core.json.JsonArray();\n    for (java.lang.String authority : scopes) {\n        _scopes.add(authority);\n    }\n    config.put(\"scopes\", _scopes);\n}",
                "dst_parent": "null"
              },
              "line": 170,
              "file": "/home/khesoem/projects/lighter/exp/vertx-web/src/main/java/io/vertx/ext/web/handler/impl/OAuth2AuthHandlerImpl.java"
            }
          ]
        },
        {
          "tool-name": "Arja",
          "pattern-name": "Arja:arja_shallow_change",
          "Unified_Diff_of-files:": "Starts Below...",
          "INSERT:": "  @Deprecated",
          "instance_detail": [
            {
              "pattern_action": "ANY",
              "pattern_entity": {
                "entity_type": "Statement",
                "entity_new value": "*",
                "entity_role": "*",
                "entity_parent": "null"
              },
              "concrete_change": {
                "operator": "DEL",
                "src_type": "Invocation",
                "dst_type": "null",
                "src": "config.put(\"scopes\", _scopes)",
                "dst": "null",
                "src_parent_type": "Block",
                "dst_parent_type": "null",
                "src_parent": "{\n    io.vertx.core.json.JsonArray _scopes \u003d new io.vertx.core.json.JsonArray();\n    for (java.lang.String authority : scopes) {\n        _scopes.add(authority);\n    }\n    config.put(\"scopes\", _scopes);\n}",
                "dst_parent": "null"
              },
              "line": 174,
              "file": "/home/khesoem/projects/lighter/exp/vertx-web/src/main/java/io/vertx/ext/web/handler/impl/OAuth2AuthHandlerImpl.java"
            }
          ]
        },
        {
          "tool-name": "Arja",
          "pattern-name": "Arja:arja_shallow_change",
          "Unified_Diff_of-files:": "Starts Below...",
          "INSERT:": "  @Deprecated",
          "instance_detail": [
            {
              "pattern_action": "ANY",
              "pattern_entity": {
                "entity_type": "Statement",
                "entity_new value": "*",
                "entity_role": "*",
                "entity_parent": "null"
              },
              "concrete_change": {
                "operator": "DEL",
                "src_type": "Block",
                "dst_type": "null",
                "src": "{\n    io.vertx.core.json.JsonArray _scopes \u003d new io.vertx.core.json.JsonArray();\n    for (java.lang.String authority : scopes) {\n        _scopes.add(authority);\n    }\n    config.put(\"scopes\", _scopes);\n}",
                "dst": "null",
                "src_parent_type": "If",
                "dst_parent_type": "null",
                "src_parent": "if ((scopes.size()) \u003e 0) {\n    io.vertx.core.json.JsonArray _scopes \u003d new io.vertx.core.json.JsonArray();\n    for (java.lang.String authority : scopes) {\n        _scopes.add(authority);\n    }\n    config.put(\"scopes\", _scopes);\n}",
                "dst_parent": "null"
              },
              "line": 167,
              "file": "/home/khesoem/projects/lighter/exp/vertx-web/src/main/java/io/vertx/ext/web/handler/impl/OAuth2AuthHandlerImpl.java"
            }
          ]
        },
        {
          "tool-name": "Arja",
          "pattern-name": "Arja:arja_shallow_change",
          "Unified_Diff_of-files:": "Starts Below...",
          "INSERT:": "  @Deprecated",
          "instance_detail": [
            {
              "pattern_action": "ANY",
              "pattern_entity": {
                "entity_type": "Statement",
                "entity_new value": "*",
                "entity_role": "*",
                "entity_parent": "null"
              },
              "concrete_change": {
                "operator": "DEL",
                "src_type": "If",
                "dst_type": "null",
                "src": "if ((scopes.size()) \u003e 0) {\n    io.vertx.core.json.JsonArray _scopes \u003d new io.vertx.core.json.JsonArray();\n    for (java.lang.String authority : scopes) {\n        _scopes.add(authority);\n    }\n    config.put(\"scopes\", _scopes);\n}",
                "dst": "null",
                "src_parent_type": "Block",
                "dst_parent_type": "null",
                "src_parent": "{\n    final io.vertx.core.json.JsonObject config \u003d new io.vertx.core.json.JsonObject().put(\"state\", redirectURL);\n    if ((host) !\u003d null) {\n        config.put(\"redirect_uri\", ((host) + (callback.getPath())));\n    }\n    if ((extraParams) !\u003d null) {\n        config.mergeIn(extraParams);\n    }\n    if ((scopes.size()) \u003e 0) {\n        io.vertx.core.json.JsonArray _scopes \u003d new io.vertx.core.json.JsonArray();\n        for (java.lang.String authority : scopes) {\n            _scopes.add(authority);\n        }\n        config.put(\"scopes\", _scopes);\n    }\n    return ((io.vertx.ext.auth.oauth2.OAuth2Auth) (authProvider)).authorizeURL(config);\n}",
                "dst_parent": "null"
              },
              "line": 167,
              "file": "/home/khesoem/projects/lighter/exp/vertx-web/src/main/java/io/vertx/ext/web/handler/impl/OAuth2AuthHandlerImpl.java",
              "stats": {
                "number_of_src_entities": 86,
                "number_of_dst_entities": -1,
                "src_entity_types": "[io.vertx.ext.web.handler.impl.OAuth2AuthHandlerImpl, int, boolean, java.util.Set, io.vertx.core.json.JsonArray, io.vertx.core.json.JsonObject, java.lang.String]",
                "dst_entity_types": "[]"
              }
            }
          ]
        }
      ]
    },
    {
      "revision": "4c2ab04649c0ed306099abac1346f5fedea8c53b",
      "repairability": [
        {
          "tool-name": "Arja",
          "pattern-name": "Arja:arja_shallow_change",
          "Unified_Diff_of-files:": "Starts Below...",
          "INSERT:": "  @Deprecated",
          "instance_detail": [
            {
              "pattern_action": "ANY",
              "pattern_entity": {
                "entity_type": "Statement",
                "entity_new value": "*",
                "entity_role": "*",
                "entity_parent": "null"
              },
              "concrete_change": {
                "operator": "DEL",
                "src_type": "Invocation",
                "dst_type": "null",
                "src": "examples.SessionHandler.create(io.vertx.ext.web.sstore.LocalSessionStore.create(vertx)).setAuthProvider(authProvider)",
                "dst": "null",
                "src_parent_type": "Invocation",
                "dst_parent_type": "null",
                "src_parent": "router.route().handler(examples.SessionHandler.create(io.vertx.ext.web.sstore.LocalSessionStore.create(vertx)).setAuthProvider(authProvider))",
                "dst_parent": "null"
              },
              "line": 739,
              "file": "/home/khesoem/projects/lighter/exp/vertx-web/src/main/java/examples/WebExamples.java",
              "stats": {
                "number_of_src_entities": 28,
                "number_of_dst_entities": -1,
                "src_entity_types": "[examples.SessionHandler, examples.Vertx, io.vertx.ext.web.sstore.LocalSessionStore, io.vertx.ext.auth.AuthProvider]",
                "dst_entity_types": "[]"
              }
            }
          ]
        },
        {
          "tool-name": "Arja",
          "pattern-name": "Arja:arja_shallow_change",
          "Unified_Diff_of-files:": "Starts Below...",
          "INSERT:": "  @Deprecated",
          "instance_detail": [
            {
              "pattern_action": "ANY",
              "pattern_entity": {
                "entity_type": "Statement",
                "entity_new value": "*",
                "entity_role": "*",
                "entity_parent": "null"
              },
              "concrete_change": {
                "operator": "DEL",
                "src_type": "Invocation",
                "dst_type": "null",
                "src": "examples.RedirectAuthHandler.create(authProvider)",
                "dst": "null",
                "src_parent_type": "LocalVariable",
                "dst_parent_type": "null",
                "src_parent": "examples.AuthHandler listProductsAuthHandler \u003d examples.RedirectAuthHandler.create(authProvider)",
                "dst_parent": "null"
              },
              "line": 795,
              "file": "/home/khesoem/projects/lighter/exp/vertx-web/src/main/java/examples/WebExamples.java"
            }
          ]
        },
        {
          "tool-name": "Arja",
          "pattern-name": "Arja:arja_shallow_change",
          "Unified_Diff_of-files:": "Starts Below...",
          "INSERT:": "  @Deprecated",
          "instance_detail": [
            {
              "pattern_action": "ANY",
              "pattern_entity": {
                "entity_type": "Statement",
                "entity_new value": "*",
                "entity_role": "*",
                "entity_parent": "null"
              },
              "concrete_change": {
                "operator": "DEL",
                "src_type": "LocalVariable",
                "dst_type": "null",
                "src": "examples.AuthHandler listProductsAuthHandler \u003d examples.RedirectAuthHandler.create(authProvider)",
                "dst": "null",
                "src_parent_type": "Block",
                "dst_parent_type": "null",
                "src_parent": "{\n    examples.AuthHandler listProductsAuthHandler \u003d examples.RedirectAuthHandler.create(authProvider);\n    listProductsAuthHandler.addAuthority(\"list_products\");\n    router.route(\"/listproducts/*\").handler(listProductsAuthHandler);\n    examples.AuthHandler settingsAuthHandler \u003d examples.RedirectAuthHandler.create(authProvider);\n    settingsAuthHandler.addAuthority(\"role:admin\");\n    router.route(\"/private/settings/*\").handler(settingsAuthHandler);\n}",
                "dst_parent": "null"
              },
              "line": 795,
              "file": "/home/khesoem/projects/lighter/exp/vertx-web/src/main/java/examples/WebExamples.java"
            }
          ]
        },
        {
          "tool-name": "Arja",
          "pattern-name": "Arja:arja_shallow_change",
          "Unified_Diff_of-files:": "Starts Below...",
          "INSERT:": "  @Deprecated",
          "instance_detail": [
            {
              "pattern_action": "ANY",
              "pattern_entity": {
                "entity_type": "Statement",
                "entity_new value": "*",
                "entity_role": "*",
                "entity_parent": "null"
              },
              "concrete_change": {
                "operator": "DEL",
                "src_type": "Invocation",
                "dst_type": "null",
                "src": "listProductsAuthHandler.addAuthority(\"list_products\")",
                "dst": "null",
                "src_parent_type": "Block",
                "dst_parent_type": "null",
                "src_parent": "{\n    examples.AuthHandler listProductsAuthHandler \u003d examples.RedirectAuthHandler.create(authProvider);\n    listProductsAuthHandler.addAuthority(\"list_products\");\n    router.route(\"/listproducts/*\").handler(listProductsAuthHandler);\n    examples.AuthHandler settingsAuthHandler \u003d examples.RedirectAuthHandler.create(authProvider);\n    settingsAuthHandler.addAuthority(\"role:admin\");\n    router.route(\"/private/settings/*\").handler(settingsAuthHandler);\n}",
                "dst_parent": "null"
              },
              "line": 796,
              "file": "/home/khesoem/projects/lighter/exp/vertx-web/src/main/java/examples/WebExamples.java"
            }
          ]
        },
        {
          "tool-name": "Arja",
          "pattern-name": "Arja:arja_shallow_change",
          "Unified_Diff_of-files:": "Starts Below...",
          "INSERT:": "  @Deprecated",
          "instance_detail": [
            {
              "pattern_action": "ANY",
              "pattern_entity": {
                "entity_type": "Statement",
                "entity_new value": "*",
                "entity_role": "*",
                "entity_parent": "null"
              },
              "concrete_change": {
                "operator": "DEL",
                "src_type": "Invocation",
                "dst_type": "null",
                "src": "router.route(\"/listproducts/*\").handler(listProductsAuthHandler)",
                "dst": "null",
                "src_parent_type": "Block",
                "dst_parent_type": "null",
                "src_parent": "{\n    examples.AuthHandler listProductsAuthHandler \u003d examples.RedirectAuthHandler.create(authProvider);\n    listProductsAuthHandler.addAuthority(\"list_products\");\n    router.route(\"/listproducts/*\").handler(listProductsAuthHandler);\n    examples.AuthHandler settingsAuthHandler \u003d examples.RedirectAuthHandler.create(authProvider);\n    settingsAuthHandler.addAuthority(\"role:admin\");\n    router.route(\"/private/settings/*\").handler(settingsAuthHandler);\n}",
                "dst_parent": "null"
              },
              "line": 799,
              "file": "/home/khesoem/projects/lighter/exp/vertx-web/src/main/java/examples/WebExamples.java"
            }
          ]
        },
        {
          "tool-name": "Arja",
          "pattern-name": "Arja:arja_shallow_change",
          "Unified_Diff_of-files:": "Starts Below...",
          "INSERT:": "  @Deprecated",
          "instance_detail": [
            {
              "pattern_action": "ANY",
              "pattern_entity": {
                "entity_type": "Statement",
                "entity_new value": "*",
                "entity_role": "*",
                "entity_parent": "null"
              },
              "concrete_change": {
                "operator": "DEL",
                "src_type": "Invocation",
                "dst_type": "null",
                "src": "examples.RedirectAuthHandler.create(authProvider)",
                "dst": "null",
                "src_parent_type": "LocalVariable",
                "dst_parent_type": "null",
                "src_parent": "examples.AuthHandler settingsAuthHandler \u003d examples.RedirectAuthHandler.create(authProvider)",
                "dst_parent": "null"
              },
              "line": 801,
              "file": "/home/khesoem/projects/lighter/exp/vertx-web/src/main/java/examples/WebExamples.java"
            }
          ]
        },
        {
          "tool-name": "Arja",
          "pattern-name": "Arja:arja_shallow_change",
          "Unified_Diff_of-files:": "Starts Below...",
          "INSERT:": "  @Deprecated",
          "instance_detail": [
            {
              "pattern_action": "ANY",
              "pattern_entity": {
                "entity_type": "Statement",
                "entity_new value": "*",
                "entity_role": "*",
                "entity_parent": "null"
              },
              "concrete_change": {
                "operator": "DEL",
                "src_type": "LocalVariable",
                "dst_type": "null",
                "src": "examples.AuthHandler settingsAuthHandler \u003d examples.RedirectAuthHandler.create(authProvider)",
                "dst": "null",
                "src_parent_type": "Block",
                "dst_parent_type": "null",
                "src_parent": "{\n    examples.AuthHandler listProductsAuthHandler \u003d examples.RedirectAuthHandler.create(authProvider);\n    listProductsAuthHandler.addAuthority(\"list_products\");\n    router.route(\"/listproducts/*\").handler(listProductsAuthHandler);\n    examples.AuthHandler settingsAuthHandler \u003d examples.RedirectAuthHandler.create(authProvider);\n    settingsAuthHandler.addAuthority(\"role:admin\");\n    router.route(\"/private/settings/*\").handler(settingsAuthHandler);\n}",
                "dst_parent": "null"
              },
              "line": 801,
              "file": "/home/khesoem/projects/lighter/exp/vertx-web/src/main/java/examples/WebExamples.java"
            }
          ]
        },
        {
          "tool-name": "Arja",
          "pattern-name": "Arja:arja_shallow_change",
          "Unified_Diff_of-files:": "Starts Below...",
          "INSERT:": "  @Deprecated",
          "instance_detail": [
            {
              "pattern_action": "ANY",
              "pattern_entity": {
                "entity_type": "Statement",
                "entity_new value": "*",
                "entity_role": "*",
                "entity_parent": "null"
              },
              "concrete_change": {
                "operator": "DEL",
                "src_type": "Invocation",
                "dst_type": "null",
                "src": "settingsAuthHandler.addAuthority(\"role:admin\")",
                "dst": "null",
                "src_parent_type": "Block",
                "dst_parent_type": "null",
                "src_parent": "{\n    examples.AuthHandler listProductsAuthHandler \u003d examples.RedirectAuthHandler.create(authProvider);\n    listProductsAuthHandler.addAuthority(\"list_products\");\n    router.route(\"/listproducts/*\").handler(listProductsAuthHandler);\n    examples.AuthHandler settingsAuthHandler \u003d examples.RedirectAuthHandler.create(authProvider);\n    settingsAuthHandler.addAuthority(\"role:admin\");\n    router.route(\"/private/settings/*\").handler(settingsAuthHandler);\n}",
                "dst_parent": "null"
              },
              "line": 802,
              "file": "/home/khesoem/projects/lighter/exp/vertx-web/src/main/java/examples/WebExamples.java"
            }
          ]
        },
        {
          "tool-name": "Arja",
          "pattern-name": "Arja:arja_shallow_change",
          "Unified_Diff_of-files:": "Starts Below...",
          "INSERT:": "  @Deprecated",
          "instance_detail": [
            {
              "pattern_action": "ANY",
              "pattern_entity": {
                "entity_type": "Statement",
                "entity_new value": "*",
                "entity_role": "*",
                "entity_parent": "null"
              },
              "concrete_change": {
                "operator": "DEL",
                "src_type": "Invocation",
                "dst_type": "null",
                "src": "router.route(\"/private/settings/*\").handler(settingsAuthHandler)",
                "dst": "null",
                "src_parent_type": "Block",
                "dst_parent_type": "null",
                "src_parent": "{\n    examples.AuthHandler listProductsAuthHandler \u003d examples.RedirectAuthHandler.create(authProvider);\n    listProductsAuthHandler.addAuthority(\"list_products\");\n    router.route(\"/listproducts/*\").handler(listProductsAuthHandler);\n    examples.AuthHandler settingsAuthHandler \u003d examples.RedirectAuthHandler.create(authProvider);\n    settingsAuthHandler.addAuthority(\"role:admin\");\n    router.route(\"/private/settings/*\").handler(settingsAuthHandler);\n}",
                "dst_parent": "null"
              },
              "line": 805,
              "file": "/home/khesoem/projects/lighter/exp/vertx-web/src/main/java/examples/WebExamples.java"
            }
          ]
        }
      ]
    },
    {
      "revision": "4c2ab04649c0ed306099abac1346f5fedea8c53b",
      "repairability": [
        {
          "tool-name": "Arja",
          "pattern-name": "Arja:arja_shallow_change",
          "Unified_Diff_of-files:": "Starts Below...",
          "INSERT:": "  @Deprecated",
          "instance_detail": [
            {
              "pattern_action": "ANY",
              "pattern_entity": {
                "entity_type": "Statement",
                "entity_new value": "*",
                "entity_role": "*",
                "entity_parent": "null"
              },
              "concrete_change": {
                "operator": "DEL",
                "src_type": "Return",
                "dst_type": "null",
                "src": "return this",
                "dst": "null",
                "src_parent_type": "Block",
                "dst_parent_type": "null",
                "src_parent": "{\n    return this;\n}",
                "dst_parent": "null"
              },
              "line": 32,
              "file": "/home/khesoem/projects/lighter/exp/vertx-web/src/main/java/io/vertx/ext/web/handler/impl/ChainAuthHandlerImpl.java"
            }
          ]
        },
        {
          "tool-name": "Arja",
          "pattern-name": "Arja:arja_shallow_change",
          "Unified_Diff_of-files:": "Starts Below...",
          "INSERT:": "  @Deprecated",
          "instance_detail": [
            {
              "pattern_action": "ANY",
              "pattern_entity": {
                "entity_type": "Statement",
                "entity_new value": "*",
                "entity_role": "*",
                "entity_parent": "null"
              },
              "concrete_change": {
                "operator": "DEL",
                "src_type": "Return",
                "dst_type": "null",
                "src": "return this",
                "dst": "null",
                "src_parent_type": "Block",
                "dst_parent_type": "null",
                "src_parent": "{\n    return this;\n}",
                "dst_parent": "null"
              },
              "line": 37,
              "file": "/home/khesoem/projects/lighter/exp/vertx-web/src/main/java/io/vertx/ext/web/handler/impl/ChainAuthHandlerImpl.java"
            }
          ]
        }
      ]
    }
  ],
  "complete_analysis": true
}