{
  "instances": [
    {
      "revision": "73d5247d3158ede3e9b621e6a927358881be11f1",
      "repairability": [
        {
          "tool-name": "JKali",
          "pattern-name": "JKali:del",
          "Unified_Diff_of-files:": "Starts Below...",
          "DELETE:": "      BpmnXMLUtil.writeIncomingAndOutgoingFlowElement((FlowNode) element, xtw);",
          "instance_detail": [
            {
              "pattern_action": "DEL",
              "pattern_entity": {
                "entity_type": "*",
                "entity_new value": "*",
                "entity_role": "Statement",
                "entity_parent": "null"
              },
              "concrete_change": {
                "operator": "DEL",
                "src_type": "Invocation",
                "dst_type": "null",
                "src": "org.activiti.bpmn.converter.util.BpmnXMLUtil.writeIncomingAndOutgoingFlowElement(((org.activiti.bpmn.converter.FlowNode) (element)), xtw)",
                "dst": "null",
                "src_parent_type": "Block",
                "dst_parent_type": "null",
                "src_parent": "{\n    org.activiti.bpmn.converter.util.BpmnXMLUtil.writeIncomingAndOutgoingFlowElement(((org.activiti.bpmn.converter.FlowNode) (element)), xtw);\n}",
                "dst_parent": "null"
              },
              "line": 49,
              "file": "/home/khesoem/projects/lighter/exp/activiti-core/activiti-bpmn-converter/src/main/java/org/activiti/bpmn/converter/ExclusiveGatewayXMLConverter.java",
              "stats": {
                "number_of_src_entities": 21,
                "number_of_dst_entities": -1,
                "src_entity_types": "[org.activiti.bpmn.converter.util.BpmnXMLUtil, org.activiti.bpmn.converter.BaseElement, javax.xml.stream.XMLStreamWriter, org.activiti.bpmn.converter.FlowNode]",
                "dst_entity_types": "[]"
              }
            }
          ]
        }
      ]
    },
    {
      "revision": "73d5247d3158ede3e9b621e6a927358881be11f1",
      "repairability": [
        {
          "tool-name": "JKali",
          "pattern-name": "JKali:del",
          "Unified_Diff_of-files:": "Starts Below...",
          "DELETE:": "      BpmnXMLUtil.writeIncomingAndOutgoingFlowElement((FlowNode) element, xtw);",
          "instance_detail": [
            {
              "pattern_action": "DEL",
              "pattern_entity": {
                "entity_type": "*",
                "entity_new value": "*",
                "entity_role": "Statement",
                "entity_parent": "null"
              },
              "concrete_change": {
                "operator": "DEL",
                "src_type": "Invocation",
                "dst_type": "null",
                "src": "org.activiti.bpmn.converter.util.BpmnXMLUtil.writeIncomingAndOutgoingFlowElement(((org.activiti.bpmn.converter.FlowNode) (element)), xtw)",
                "dst": "null",
                "src_parent_type": "Block",
                "dst_parent_type": "null",
                "src_parent": "{\n    org.activiti.bpmn.converter.util.BpmnXMLUtil.writeIncomingAndOutgoingFlowElement(((org.activiti.bpmn.converter.FlowNode) (element)), xtw);\n}",
                "dst_parent": "null"
              },
              "line": 49,
              "file": "/home/khesoem/projects/lighter/exp/activiti-core/activiti-bpmn-converter/src/main/java/org/activiti/bpmn/converter/InclusiveGatewayXMLConverter.java",
              "stats": {
                "number_of_src_entities": 21,
                "number_of_dst_entities": -1,
                "src_entity_types": "[org.activiti.bpmn.converter.util.BpmnXMLUtil, org.activiti.bpmn.converter.BaseElement, javax.xml.stream.XMLStreamWriter, org.activiti.bpmn.converter.FlowNode]",
                "dst_entity_types": "[]"
              }
            }
          ]
        }
      ]
    },
    {
      "revision": "73d5247d3158ede3e9b621e6a927358881be11f1",
      "repairability": [
        {
          "tool-name": "JKali",
          "pattern-name": "JKali:del",
          "Unified_Diff_of-files:": "Starts Below...",
          "DELETE:": "      BpmnXMLUtil.writeIncomingAndOutgoingFlowElement((FlowNode) element, xtw);",
          "instance_detail": [
            {
              "pattern_action": "DEL",
              "pattern_entity": {
                "entity_type": "*",
                "entity_new value": "*",
                "entity_role": "Statement",
                "entity_parent": "null"
              },
              "concrete_change": {
                "operator": "DEL",
                "src_type": "Invocation",
                "dst_type": "null",
                "src": "org.activiti.bpmn.converter.util.BpmnXMLUtil.writeIncomingAndOutgoingFlowElement(((org.activiti.bpmn.model.FlowNode) (element)), xtw)",
                "dst": "null",
                "src_parent_type": "Block",
                "dst_parent_type": "null",
                "src_parent": "{\n    org.activiti.bpmn.converter.util.BpmnXMLUtil.writeIncomingAndOutgoingFlowElement(((org.activiti.bpmn.model.FlowNode) (element)), xtw);\n}",
                "dst_parent": "null"
              },
              "line": 228,
              "file": "/home/khesoem/projects/lighter/exp/activiti-core/activiti-bpmn-converter/src/main/java/org/activiti/bpmn/converter/UserTaskXMLConverter.java",
              "stats": {
                "number_of_src_entities": 21,
                "number_of_dst_entities": -1,
                "src_entity_types": "[org.activiti.bpmn.converter.util.BpmnXMLUtil, org.activiti.bpmn.model.BaseElement, javax.xml.stream.XMLStreamWriter, org.activiti.bpmn.model.FlowNode]",
                "dst_entity_types": "[]"
              }
            }
          ]
        }
      ]
    },
    {
      "revision": "73d5247d3158ede3e9b621e6a927358881be11f1",
      "repairability": [
        {
          "tool-name": "JKali",
          "pattern-name": "JKali:del",
          "Unified_Diff_of-files:": "Starts Below...",
          "DELETE:": "      BpmnXMLUtil.writeIncomingAndOutgoingFlowElement((FlowNode) element, xtw);",
          "instance_detail": [
            {
              "pattern_action": "DEL",
              "pattern_entity": {
                "entity_type": "*",
                "entity_new value": "*",
                "entity_role": "Statement",
                "entity_parent": "null"
              },
              "concrete_change": {
                "operator": "DEL",
                "src_type": "Invocation",
                "dst_type": "null",
                "src": "org.activiti.bpmn.converter.util.BpmnXMLUtil.writeIncomingAndOutgoingFlowElement(((org.activiti.bpmn.model.FlowNode) (element)), xtw)",
                "dst": "null",
                "src_parent_type": "Block",
                "dst_parent_type": "null",
                "src_parent": "{\n    org.activiti.bpmn.converter.util.BpmnXMLUtil.writeIncomingAndOutgoingFlowElement(((org.activiti.bpmn.model.FlowNode) (element)), xtw);\n    org.activiti.bpmn.model.ThrowEvent throwEvent \u003d ((org.activiti.bpmn.model.ThrowEvent) (element));\n    writeEventDefinitions(throwEvent, throwEvent.getEventDefinitions(), model, xtw);\n}",
                "dst_parent": "null"
              },
              "line": 53,
              "file": "/home/khesoem/projects/lighter/exp/activiti-core/activiti-bpmn-converter/src/main/java/org/activiti/bpmn/converter/ThrowEventXMLConverter.java",
              "stats": {
                "number_of_src_entities": 21,
                "number_of_dst_entities": -1,
                "src_entity_types": "[org.activiti.bpmn.converter.util.BpmnXMLUtil, org.activiti.bpmn.model.BaseElement, javax.xml.stream.XMLStreamWriter, org.activiti.bpmn.model.FlowNode]",
                "dst_entity_types": "[]"
              }
            }
          ]
        }
      ]
    },
    {
      "revision": "73d5247d3158ede3e9b621e6a927358881be11f1",
      "repairability": [
        {
          "tool-name": "JKali",
          "pattern-name": "JKali:del",
          "Unified_Diff_of-files:": "Starts Below...",
          "DELETE:": "      BpmnXMLUtil.writeIncomingAndOutgoingFlowElement((FlowNode) element, xtw);",
          "instance_detail": [
            {
              "pattern_action": "DEL",
              "pattern_entity": {
                "entity_type": "*",
                "entity_new value": "*",
                "entity_role": "Statement",
                "entity_parent": "null"
              },
              "concrete_change": {
                "operator": "DEL",
                "src_type": "Invocation",
                "dst_type": "null",
                "src": "org.activiti.bpmn.converter.util.BpmnXMLUtil.writeIncomingAndOutgoingFlowElement(((org.activiti.bpmn.model.FlowNode) (element)), xtw)",
                "dst": "null",
                "src_parent_type": "Block",
                "dst_parent_type": "null",
                "src_parent": "{\n    org.activiti.bpmn.converter.util.BpmnXMLUtil.writeIncomingAndOutgoingFlowElement(((org.activiti.bpmn.model.FlowNode) (element)), xtw);\n    org.activiti.bpmn.model.IntermediateCatchEvent catchEvent \u003d ((org.activiti.bpmn.model.IntermediateCatchEvent) (element));\n    writeEventDefinitions(catchEvent, catchEvent.getEventDefinitions(), model, xtw);\n}",
                "dst_parent": "null"
              },
              "line": 54,
              "file": "/home/khesoem/projects/lighter/exp/activiti-core/activiti-bpmn-converter/src/main/java/org/activiti/bpmn/converter/CatchEventXMLConverter.java",
              "stats": {
                "number_of_src_entities": 21,
                "number_of_dst_entities": -1,
                "src_entity_types": "[org.activiti.bpmn.converter.util.BpmnXMLUtil, org.activiti.bpmn.model.BaseElement, javax.xml.stream.XMLStreamWriter, org.activiti.bpmn.model.FlowNode]",
                "dst_entity_types": "[]"
              }
            }
          ]
        }
      ]
    },
    {
      "revision": "73d5247d3158ede3e9b621e6a927358881be11f1",
      "repairability": [
        {
          "tool-name": "JKali",
          "pattern-name": "JKali:del",
          "Unified_Diff_of-files:": "Starts Below...",
          "DELETE:": "      BpmnXMLUtil.writeIncomingAndOutgoingFlowElement((FlowNode) element, xtw);",
          "instance_detail": [
            {
              "pattern_action": "DEL",
              "pattern_entity": {
                "entity_type": "*",
                "entity_new value": "*",
                "entity_role": "Statement",
                "entity_parent": "null"
              },
              "concrete_change": {
                "operator": "DEL",
                "src_type": "Invocation",
                "dst_type": "null",
                "src": "org.activiti.bpmn.converter.util.BpmnXMLUtil.writeIncomingAndOutgoingFlowElement(((org.activiti.bpmn.model.FlowNode) (element)), xtw)",
                "dst": "null",
                "src_parent_type": "Block",
                "dst_parent_type": "null",
                "src_parent": "{\n    org.activiti.bpmn.converter.util.BpmnXMLUtil.writeIncomingAndOutgoingFlowElement(((org.activiti.bpmn.model.FlowNode) (element)), xtw);\n    org.activiti.bpmn.model.EndEvent endEvent \u003d ((org.activiti.bpmn.model.EndEvent) (element));\n    writeEventDefinitions(endEvent, endEvent.getEventDefinitions(), model, xtw);\n}",
                "dst_parent": "null"
              },
              "line": 53,
              "file": "/home/khesoem/projects/lighter/exp/activiti-core/activiti-bpmn-converter/src/main/java/org/activiti/bpmn/converter/EndEventXMLConverter.java",
              "stats": {
                "number_of_src_entities": 21,
                "number_of_dst_entities": -1,
                "src_entity_types": "[org.activiti.bpmn.converter.util.BpmnXMLUtil, org.activiti.bpmn.model.BaseElement, javax.xml.stream.XMLStreamWriter, org.activiti.bpmn.model.FlowNode]",
                "dst_entity_types": "[]"
              }
            }
          ]
        }
      ]
    },
    {
      "revision": "73d5247d3158ede3e9b621e6a927358881be11f1",
      "repairability": [
        {
          "tool-name": "JKali",
          "pattern-name": "JKali:del",
          "Unified_Diff_of-files:": "Starts Below...",
          "DELETE:": "      BpmnXMLUtil.writeIncomingAndOutgoingFlowElement((FlowNode) element, xtw);",
          "instance_detail": [
            {
              "pattern_action": "DEL",
              "pattern_entity": {
                "entity_type": "*",
                "entity_new value": "*",
                "entity_role": "Statement",
                "entity_parent": "null"
              },
              "concrete_change": {
                "operator": "DEL",
                "src_type": "Invocation",
                "dst_type": "null",
                "src": "org.activiti.bpmn.converter.util.BpmnXMLUtil.writeIncomingAndOutgoingFlowElement(((org.activiti.bpmn.model.FlowNode) (element)), xtw)",
                "dst": "null",
                "src_parent_type": "Block",
                "dst_parent_type": "null",
                "src_parent": "{\n    org.activiti.bpmn.converter.util.BpmnXMLUtil.writeIncomingAndOutgoingFlowElement(((org.activiti.bpmn.model.FlowNode) (element)), xtw);\n}",
                "dst_parent": "null"
              },
              "line": 53,
              "file": "/home/khesoem/projects/lighter/exp/activiti-core/activiti-bpmn-converter/src/main/java/org/activiti/bpmn/converter/ManualTaskXMLConverter.java",
              "stats": {
                "number_of_src_entities": 21,
                "number_of_dst_entities": -1,
                "src_entity_types": "[org.activiti.bpmn.converter.util.BpmnXMLUtil, org.activiti.bpmn.model.BaseElement, javax.xml.stream.XMLStreamWriter, org.activiti.bpmn.model.FlowNode]",
                "dst_entity_types": "[]"
              }
            }
          ]
        }
      ]
    },
    {
      "revision": "73d5247d3158ede3e9b621e6a927358881be11f1",
      "repairability": [
        {
          "tool-name": "JKali",
          "pattern-name": "JKali:del",
          "Unified_Diff_of-files:": "Starts Below...",
          "DELETE:": "      BpmnXMLUtil.writeIncomingAndOutgoingFlowElement((FlowNode) element, xtw);",
          "instance_detail": [
            {
              "pattern_action": "DEL",
              "pattern_entity": {
                "entity_type": "*",
                "entity_new value": "*",
                "entity_role": "Statement",
                "entity_parent": "null"
              },
              "concrete_change": {
                "operator": "DEL",
                "src_type": "Invocation",
                "dst_type": "null",
                "src": "org.activiti.bpmn.converter.util.BpmnXMLUtil.writeIncomingAndOutgoingFlowElement(((org.activiti.bpmn.model.FlowNode) (element)), xtw)",
                "dst": "null",
                "src_parent_type": "Block",
                "dst_parent_type": "null",
                "src_parent": "{\n    org.activiti.bpmn.converter.util.BpmnXMLUtil.writeIncomingAndOutgoingFlowElement(((org.activiti.bpmn.model.FlowNode) (element)), xtw);\n    org.activiti.bpmn.model.StartEvent startEvent \u003d ((org.activiti.bpmn.model.StartEvent) (element));\n    writeEventDefinitions(startEvent, startEvent.getEventDefinitions(), model, xtw);\n}",
                "dst_parent": "null"
              },
              "line": 105,
              "file": "/home/khesoem/projects/lighter/exp/activiti-core/activiti-bpmn-converter/src/main/java/org/activiti/bpmn/converter/StartEventXMLConverter.java",
              "stats": {
                "number_of_src_entities": 21,
                "number_of_dst_entities": -1,
                "src_entity_types": "[org.activiti.bpmn.converter.util.BpmnXMLUtil, org.activiti.bpmn.model.BaseElement, javax.xml.stream.XMLStreamWriter, org.activiti.bpmn.model.FlowNode]",
                "dst_entity_types": "[]"
              }
            }
          ]
        }
      ]
    },
    {
      "revision": "73d5247d3158ede3e9b621e6a927358881be11f1",
      "repairability": [
        {
          "tool-name": "JKali",
          "pattern-name": "JKali:del",
          "Unified_Diff_of-files:": "Starts Below...",
          "DELETE:": "      BpmnXMLUtil.writeIncomingAndOutgoingFlowElement((FlowNode) element, xtw);",
          "instance_detail": [
            {
              "pattern_action": "DEL",
              "pattern_entity": {
                "entity_type": "*",
                "entity_new value": "*",
                "entity_role": "Statement",
                "entity_parent": "null"
              },
              "concrete_change": {
                "operator": "DEL",
                "src_type": "Invocation",
                "dst_type": "null",
                "src": "org.activiti.bpmn.converter.util.BpmnXMLUtil.writeIncomingAndOutgoingFlowElement(((org.activiti.bpmn.model.FlowNode) (element)), xtw)",
                "dst": "null",
                "src_parent_type": "Block",
                "dst_parent_type": "null",
                "src_parent": "{\n    org.activiti.bpmn.converter.util.BpmnXMLUtil.writeIncomingAndOutgoingFlowElement(((org.activiti.bpmn.model.FlowNode) (element)), xtw);\n}",
                "dst_parent": "null"
              },
              "line": 52,
              "file": "/home/khesoem/projects/lighter/exp/activiti-core/activiti-bpmn-converter/src/main/java/org/activiti/bpmn/converter/ParallelGatewayXMLConverter.java",
              "stats": {
                "number_of_src_entities": 21,
                "number_of_dst_entities": -1,
                "src_entity_types": "[org.activiti.bpmn.converter.util.BpmnXMLUtil, org.activiti.bpmn.model.BaseElement, javax.xml.stream.XMLStreamWriter, org.activiti.bpmn.model.FlowNode]",
                "dst_entity_types": "[]"
              }
            }
          ]
        }
      ]
    },
    {
      "revision": "73d5247d3158ede3e9b621e6a927358881be11f1",
      "repairability": [
        {
          "tool-name": "JKali",
          "pattern-name": "JKali:del",
          "Unified_Diff_of-files:": "Starts Below...",
          "DELETE:": "      BpmnXMLUtil.writeIncomingAndOutgoingFlowElement((FlowNode) element, xtw);",
          "instance_detail": [
            {
              "pattern_action": "DEL",
              "pattern_entity": {
                "entity_type": "*",
                "entity_new value": "*",
                "entity_role": "Statement",
                "entity_parent": "null"
              },
              "concrete_change": {
                "operator": "DEL",
                "src_type": "Invocation",
                "dst_type": "null",
                "src": "org.activiti.bpmn.converter.util.BpmnXMLUtil.writeIncomingAndOutgoingFlowElement(((org.activiti.bpmn.model.FlowNode) (element)), xtw)",
                "dst": "null",
                "src_parent_type": "Block",
                "dst_parent_type": "null",
                "src_parent": "{\n    org.activiti.bpmn.converter.util.BpmnXMLUtil.writeIncomingAndOutgoingFlowElement(((org.activiti.bpmn.model.FlowNode) (element)), xtw);\n}",
                "dst_parent": "null"
              },
              "line": 53,
              "file": "/home/khesoem/projects/lighter/exp/activiti-core/activiti-bpmn-converter/src/main/java/org/activiti/bpmn/converter/TaskXMLConverter.java",
              "stats": {
                "number_of_src_entities": 21,
                "number_of_dst_entities": -1,
                "src_entity_types": "[org.activiti.bpmn.converter.util.BpmnXMLUtil, org.activiti.bpmn.model.BaseElement, javax.xml.stream.XMLStreamWriter, org.activiti.bpmn.model.FlowNode]",
                "dst_entity_types": "[]"
              }
            }
          ]
        }
      ]
    }
  ],
  "complete_analysis": true
}