{
  "instances": [
    {
      "revision": "3d092470296e456f1d5e5e05c4a56ae376639696",
      "repairability": [
        {
          "tool-name": "Cardumen",
          "pattern-name": "Cardumen:expression_replacement_by_del_ins",
          "Unified_Diff_of-files:": "Starts Below...",
          "INSERT:": "}",
          "instance_detail": [
            {
              "pattern_action": "DEL",
              "pattern_entity": {
                "entity_type": "Expression",
                "entity_new value": "*",
                "entity_role": "*",
                "entity_parent": "null"
              },
              "concrete_change": {
                "operator": "DEL",
                "src_type": "TypeAccess",
                "dst_type": "null",
                "src": "org.jasig.cas.client.authentication.AuthenticationFilter",
                "dst": "null",
                "src_parent_type": "FieldRead",
                "dst_parent_type": "null",
                "src_parent": "org.jasig.cas.client.authentication.AuthenticationFilter.CONST_CAS_GATEWAY",
                "dst_parent": "null"
              }
            },
            {
              "pattern_action": "INS",
              "pattern_entity": {
                "entity_type": "Expression",
                "entity_new value": "*",
                "entity_role": "*",
                "entity_parent": "null"
              },
              "concrete_change": {
                "operator": "INS",
                "src_type": "ThisAccess",
                "dst_type": "null",
                "src": "this",
                "dst": "null",
                "src_parent_type": "FieldRead",
                "dst_parent_type": "null",
                "src_parent": "this.gatewayStorage",
                "dst_parent": "null"
              },
              "line": 92,
              "file": "/home/khesoem/projects/lighter/exp/cas-client-core/src/main/java/org/jasig/cas/client/authentication/AuthenticationFilter.java"
            }
          ]
        },
        {
          "tool-name": "Cardumen",
          "pattern-name": "Cardumen:expression_replacement_by_del_ins",
          "Unified_Diff_of-files:": "Starts Below...",
          "INSERT:": "}",
          "instance_detail": [
            {
              "pattern_action": "DEL",
              "pattern_entity": {
                "entity_type": "Expression",
                "entity_new value": "*",
                "entity_role": "*",
                "entity_parent": "null"
              },
              "concrete_change": {
                "operator": "DEL",
                "src_type": "TypeAccess",
                "dst_type": "null",
                "src": "org.jasig.cas.client.authentication.AuthenticationFilter",
                "dst": "null",
                "src_parent_type": "FieldRead",
                "dst_parent_type": "null",
                "src_parent": "org.jasig.cas.client.authentication.AuthenticationFilter.CONST_CAS_GATEWAY",
                "dst_parent": "null"
              }
            },
            {
              "pattern_action": "INS",
              "pattern_entity": {
                "entity_type": "Expression",
                "entity_new value": "*",
                "entity_role": "*",
                "entity_parent": "null"
              },
              "concrete_change": {
                "operator": "INS",
                "src_type": "ThisAccess",
                "dst_type": "null",
                "src": "this",
                "dst": "null",
                "src_parent_type": "FieldRead",
                "dst_parent_type": "null",
                "src_parent": "this.gatewayStorage",
                "dst_parent": "null"
              },
              "line": 100,
              "file": "/home/khesoem/projects/lighter/exp/cas-client-core/src/main/java/org/jasig/cas/client/authentication/AuthenticationFilter.java"
            }
          ]
        }
      ]
    }
  ],
  "complete_analysis": true
}