{
  "instances": [
    {
      "revision": "27445180d6d2199e086f8f4a378d9869d6face19",
      "repairability": [
        {
          "tool-name": "JKali",
          "pattern-name": "JKali:del",
          "Unified_Diff_of-files:": "Starts Below...",
          "DELETE:": "}",
          "instance_detail": [
            {
              "pattern_action": "DEL",
              "pattern_entity": {
                "entity_type": "*",
                "entity_new value": "*",
                "entity_role": "Statement",
                "entity_parent": "null"
              },
              "concrete_change": {
                "operator": "DEL",
                "src_type": "Invocation",
                "dst_type": "null",
                "src": "new org.joo.libra.logic.AndPredicate().satisfiedBy(null)",
                "dst": "null",
                "src_parent_type": "Block",
                "dst_parent_type": "null",
                "src_parent": "{\n    new org.joo.libra.logic.AndPredicate().satisfiedBy(null);\n}",
                "dst_parent": "null"
              },
              "line": 28,
              "file": "/home/khesoem/projects/lighter/exp/src/main/java/org/joo/libra/logic/AndPredicate.java"
            }
          ]
        },
        {
          "tool-name": "JKali",
          "pattern-name": "JKali:del",
          "Unified_Diff_of-files:": "Starts Below...",
          "DELETE:": "}",
          "instance_detail": [
            {
              "pattern_action": "DEL",
              "pattern_entity": {
                "entity_type": "*",
                "entity_new value": "*",
                "entity_role": "Statement",
                "entity_parent": "null"
              },
              "concrete_change": {
                "operator": "DEL",
                "src_type": "Invocation",
                "dst_type": "null",
                "src": "e.printStackTrace()",
                "dst": "null",
                "src_parent_type": "Block",
                "dst_parent_type": "null",
                "src_parent": "{\n    e.printStackTrace();\n}",
                "dst_parent": "null"
              },
              "line": 30,
              "file": "/home/khesoem/projects/lighter/exp/src/main/java/org/joo/libra/logic/AndPredicate.java"
            }
          ]
        },
        {
          "tool-name": "JKali",
          "pattern-name": "JKali:del",
          "Unified_Diff_of-files:": "Starts Below...",
          "DELETE:": "}",
          "instance_detail": [
            {
              "pattern_action": "DEL",
              "pattern_entity": {
                "entity_type": "*",
                "entity_new value": "*",
                "entity_role": "Statement",
                "entity_parent": "null"
              },
              "concrete_change": {
                "operator": "DEL",
                "src_type": "Try",
                "dst_type": "null",
                "src": "try {\n    new org.joo.libra.logic.AndPredicate().satisfiedBy(null);\n} catch (org.joo.libra.support.PredicateExecutionException e) {\n    e.printStackTrace();\n}",
                "dst": "null",
                "src_parent_type": "Block",
                "dst_parent_type": "null",
                "src_parent": "{\n    try {\n        new org.joo.libra.logic.AndPredicate().satisfiedBy(null);\n    } catch (org.joo.libra.support.PredicateExecutionException e) {\n        e.printStackTrace();\n    }\n}",
                "dst_parent": "null"
              },
              "line": 27,
              "file": "/home/khesoem/projects/lighter/exp/src/main/java/org/joo/libra/logic/AndPredicate.java"
            }
          ]
        }
      ]
    }
  ],
  "complete_analysis": true
}