{
  "instances": [
    {
      "revision": "3d09be0f3c0a5501abf2a09cc973c74774cb274d",
      "repairability": [
        {
          "tool-name": "JKali",
          "pattern-name": "JKali:add_rtrn",
          "Unified_Diff_of-files:": "Starts Below...",
          "CHANGE_old:": "        return new SimplePredicate(value !\u003d null \u0026\u0026 !value.isEmpty());\r",
          "CHANGE_new:": "        return new SimpleLiteralPredicate\u0026lt;String\u0026gt;(value, value !\u003d null \u0026\u0026 !value.isEmpty());\r",
          "instance_detail": [
            {
              "pattern_action": "INS",
              "pattern_entity": {
                "entity_type": "Return",
                "entity_new value": "*",
                "entity_role": "Statement",
                "entity_parent": "null"
              },
              "concrete_change": {
                "operator": "INS",
                "src_type": "Return",
                "dst_type": "null",
                "src": "return satisfiedBy(context)",
                "dst": "null",
                "src_parent_type": "Block",
                "dst_parent_type": "null",
                "src_parent": "{\n    if (((predicate) !\u003d null) \u0026\u0026 ((predicate) instanceof org.joo.libra.LiteralPredicate))\n        return ((org.joo.libra.LiteralPredicate\u003c?\u003e) (predicate)).calculateLiteralValue(context);\n\n    return satisfiedBy(context);\n}",
                "dst_parent": "null"
              },
              "line": 55,
              "file": "/home/khesoem/projects/lighter/exp/src/main/java/org/joo/libra/sql/SqlPredicate.java"
            }
          ]
        },
        {
          "tool-name": "JKali",
          "pattern-name": "JKali:add_rtrn",
          "Unified_Diff_of-files:": "Starts Below...",
          "CHANGE_old:": "        return new SimplePredicate(value !\u003d null \u0026\u0026 !value.isEmpty());\r",
          "CHANGE_new:": "        return new SimpleLiteralPredicate\u0026lt;String\u0026gt;(value, value !\u003d null \u0026\u0026 !value.isEmpty());\r",
          "instance_detail": [
            {
              "pattern_action": "INS",
              "pattern_entity": {
                "entity_type": "Return",
                "entity_new value": "*",
                "entity_role": "Statement",
                "entity_parent": "null"
              },
              "concrete_change": {
                "operator": "INS",
                "src_type": "Return",
                "dst_type": "null",
                "src": "return ((org.joo.libra.LiteralPredicate\u003c?\u003e) (predicate)).calculateLiteralValue(context)",
                "dst": "null",
                "src_parent_type": "Block",
                "dst_parent_type": "null",
                "src_parent": "return ((org.joo.libra.LiteralPredicate\u003c?\u003e) (predicate)).calculateLiteralValue(context);\n",
                "dst_parent": "null"
              },
              "line": 54,
              "file": "/home/khesoem/projects/lighter/exp/src/main/java/org/joo/libra/sql/SqlPredicate.java"
            }
          ]
        }
      ]
    },
    {
      "revision": "3d09be0f3c0a5501abf2a09cc973c74774cb274d",
      "repairability": [
        {
          "tool-name": "JKali",
          "pattern-name": "JKali:add_rtrn",
          "Unified_Diff_of-files:": "Starts Below...",
          "CHANGE_old:": "        return new SimplePredicate(value !\u003d null \u0026\u0026 !value.isEmpty());\r",
          "CHANGE_new:": "        return new SimpleLiteralPredicate\u0026lt;String\u0026gt;(value, value !\u003d null \u0026\u0026 !value.isEmpty());\r",
          "instance_detail": [
            {
              "pattern_action": "INS",
              "pattern_entity": {
                "entity_type": "Return",
                "entity_new value": "*",
                "entity_role": "Statement",
                "entity_parent": "null"
              },
              "concrete_change": {
                "operator": "INS",
                "src_type": "Return",
                "dst_type": "null",
                "src": "return value.getValue(context)",
                "dst": "null",
                "src_parent_type": "Block",
                "dst_parent_type": "null",
                "src_parent": "{\n    return value.getValue(context);\n}",
                "dst_parent": "null"
              },
              "line": 54,
              "file": "/home/khesoem/projects/lighter/exp/src/main/java/org/joo/libra/pointer/VariablePredicate.java"
            }
          ]
        }
      ]
    },
    {
      "revision": "3d09be0f3c0a5501abf2a09cc973c74774cb274d",
      "repairability": [
        {
          "tool-name": "JKali",
          "pattern-name": "JKali:del",
          "Unified_Diff_of-files:": "Starts Below...",
          "CHANGE_old:": "        return new SimplePredicate(value !\u003d null \u0026\u0026 !value.isEmpty());\r",
          "CHANGE_new:": "        return new SimpleLiteralPredicate\u0026lt;String\u0026gt;(value, value !\u003d null \u0026\u0026 !value.isEmpty());\r",
          "instance_detail": [
            {
              "pattern_action": "DEL",
              "pattern_entity": {
                "entity_type": "*",
                "entity_new value": "*",
                "entity_role": "Statement",
                "entity_parent": "null"
              },
              "concrete_change": {
                "operator": "DEL",
                "src_type": "LocalVariable",
                "dst_type": "null",
                "src": "java.lang.Number value \u003d getValue(null)",
                "dst": "null",
                "src_parent_type": "Block",
                "dst_parent_type": "null",
                "src_parent": "{\n    java.lang.Number value \u003d getValue(null);\n    return new org.joo.libra.common.SimplePredicate(((org.joo.libra.support.NumericComparator.compare(value, 0)) !\u003d 0));\n}",
                "dst_parent": "null"
              },
              "line": 19,
              "file": "/home/khesoem/projects/lighter/exp/src/main/java/org/joo/libra/sql/node/MathExpressionNode.java",
              "stats": {
                "number_of_src_entities": 19,
                "number_of_dst_entities": -1,
                "src_entity_types": "[org.joo.libra.sql.node.MathExpressionNode, java.lang.Number, \u003cnulltype\u003e]",
                "dst_entity_types": "[]"
              }
            }
          ]
        }
      ]
    }
  ],
  "complete_analysis": true
}