{
  "instances": [
    {
      "revision": "20bff15fdcda4ad4432a1ed7095780ada1e8c238",
      "repairability": [
        {
          "tool-name": "Cardumen",
          "pattern-name": "Cardumen:expression_replacement_by_upd",
          "Unified_Diff_of-files:": "Starts Below...",
          "DELETE:": "  // overridden to throw only IOException",
          "CHANGE_old:": "  public Object decode(Reader from, Type type) throws IOException {",
          "CHANGE_new:": "",
          "instance_detail": [
            {
              "pattern_action": "UPD",
              "pattern_entity": {
                "entity_type": "Expression",
                "entity_new value": "*",
                "entity_role": "*",
                "entity_parent": "null"
              },
              "concrete_change": {
                "operator": "UPD",
                "src_type": "TypeAccess",
                "dst_type": "TypeAccess",
                "src": "feign.Util",
                "dst": "feign.codec.SAXDecoder",
                "src_parent_type": "Invocation",
                "dst_parent_type": "Invocation",
                "src_parent": "feign.Util.checkState((handler !\u003d null), \"%s returned null for type %s\", this, type)",
                "dst_parent": "feign.codec.SAXDecoder.checkState((handler !\u003d null), \"%s returned null for type %s\", this, type)"
              },
              "stats": {
                "number_of_src_entities": 3,
                "number_of_dst_entities": 3,
                "src_entity_types": "[feign.Util]",
                "dst_entity_types": "[feign.codec.SAXDecoder]"
              }
            }
          ]
        }
      ]
    },
    {
      "revision": "20bff15fdcda4ad4432a1ed7095780ada1e8c238",
      "repairability": [
        {
          "tool-name": "Cardumen",
          "pattern-name": "Cardumen:expression_replacement_by_upd",
          "Unified_Diff_of-files:": "Starts Below...",
          "DELETE:": "  // overridden to throw only IOException",
          "CHANGE_old:": "  public Object decode(Reader from, Type type) throws IOException {",
          "CHANGE_new:": "",
          "instance_detail": [
            {
              "pattern_action": "UPD",
              "pattern_entity": {
                "entity_type": "Expression",
                "entity_new value": "*",
                "entity_role": "*",
                "entity_parent": "null"
              },
              "concrete_change": {
                "operator": "UPD",
                "src_type": "ConstructorCall",
                "dst_type": "ConstructorCall",
                "src": "new feign.MethodHandler.SynchronousMethodHandler(target, client, retryer, logger, logLevel, md, buildTemplateFromArgs, options, decoder, errorDecoder)",
                "dst": "new feign.MethodHandler.SynchronousMethodHandler(target, client, retryer, logger, logLevel, md, buildTemplateFromArgs, options, decoder, errorDecoder)",
                "src_parent_type": "Return",
                "dst_parent_type": "Return",
                "src_parent": "return new feign.MethodHandler.SynchronousMethodHandler(target, client, retryer, logger, logLevel, md, buildTemplateFromArgs, options, decoder, errorDecoder)",
                "dst_parent": "return new feign.MethodHandler.SynchronousMethodHandler(target, client, retryer, logger, logLevel, md, buildTemplateFromArgs, options, decoder, errorDecoder)"
              },
              "line": 58,
              "file": "/home/khesoem/projects/lighter/exp/feign-core/src/main/java/feign/MethodHandler.java",
              "stats": {
                "number_of_src_entities": 124,
                "number_of_dst_entities": 119,
                "src_entity_types": "[feign.MethodHandler.SynchronousMethodHandler, feign.MethodHandler.BuildTemplateFromArgs, feign.Request.Options, feign.MethodHandler, feign.Target\u003c?\u003e, , feign.MethodHandler.Factory, feign.codec.ErrorDecoder, feign.MethodMetadata, feign.codec.Decoder]",
                "dst_entity_types": "[feign.MethodHandler.BuildTemplateFromArgs, feign.Request.Options, feign.MethodHandler, feign.Target\u003c?\u003e, , feign.MethodHandler.Factory, feign.codec.ErrorDecoder, feign.MethodMetadata]"
              }
            }
          ]
        }
      ]
    }
  ],
  "complete_analysis": true
}