{
  "instances": [
    {
      "revision": "75b15a1fe9415e8e23e27dfe9fa0be0c9d9dcb6f",
      "repairability": [
        {
          "tool-name": "Cardumen",
          "pattern-name": "Cardumen:expression_replacement_by_upd",
          "Unified_Diff_of-files:": "Starts Below...",
          "CHANGE_old:": "          response \u003d logger.logAndRebufferResponse(target, logLevel, response, elapsedTime);",
          "CHANGE_new:": "          response \u003d logger.logAndRebufferResponse(metadata.configKey(), logLevel.get(), response, elapsedTime);",
          "INSERT:": "",
          "instance_detail": [
            {
              "pattern_action": "UPD",
              "pattern_entity": {
                "entity_type": "Expression",
                "entity_new value": "*",
                "entity_role": "*",
                "entity_parent": "null"
              },
              "concrete_change": {
                "operator": "UPD",
                "src_type": "FieldRead",
                "dst_type": "FieldRead",
                "src": "target",
                "dst": "metadata",
                "src_parent_type": "Invocation",
                "dst_parent_type": "Invocation",
                "src_parent": "logger.logRequest(target, logLevel, request)",
                "dst_parent": "metadata.configKey()"
              },
              "line": 255,
              "file": "/home/khesoem/projects/lighter/exp/feign-core/src/main/java/feign/MethodHandler.java",
              "stats": {
                "number_of_src_entities": 18,
                "number_of_dst_entities": 15,
                "src_entity_types": "[feign.MethodHandler, feign.MethodHandler.BaseMethodHandler]",
                "dst_entity_types": "[feign.MethodHandler, feign.MethodHandler.BaseMethodHandler]"
              }
            }
          ]
        },
        {
          "tool-name": "Cardumen",
          "pattern-name": "Cardumen:expression_replacement_by_upd",
          "Unified_Diff_of-files:": "Starts Below...",
          "CHANGE_old:": "          response \u003d logger.logAndRebufferResponse(target, logLevel, response, elapsedTime);",
          "CHANGE_new:": "          response \u003d logger.logAndRebufferResponse(metadata.configKey(), logLevel.get(), response, elapsedTime);",
          "INSERT:": "",
          "instance_detail": [
            {
              "pattern_action": "UPD",
              "pattern_entity": {
                "entity_type": "Expression",
                "entity_new value": "*",
                "entity_role": "*",
                "entity_parent": "null"
              },
              "concrete_change": {
                "operator": "UPD",
                "src_type": "FieldRead",
                "dst_type": "FieldRead",
                "src": "target",
                "dst": "logger",
                "src_parent_type": "Invocation",
                "dst_parent_type": "Invocation",
                "src_parent": "logger.logAndRebufferResponse(target, logLevel, response, elapsedTime)",
                "dst_parent": "logger.logAndRebufferResponse(metadata.configKey(), logLevel.get(), response, elapsedTime)"
              },
              "line": 269,
              "file": "/home/khesoem/projects/lighter/exp/feign-core/src/main/java/feign/MethodHandler.java",
              "stats": {
                "number_of_src_entities": 18,
                "number_of_dst_entities": 15,
                "src_entity_types": "[feign.MethodHandler, feign.MethodHandler.BaseMethodHandler]",
                "dst_entity_types": "[feign.MethodHandler, feign.MethodHandler.BaseMethodHandler]"
              }
            }
          ]
        },
        {
          "tool-name": "Cardumen",
          "pattern-name": "Cardumen:expression_replacement_by_del_ins",
          "Unified_Diff_of-files:": "Starts Below...",
          "CHANGE_old:": "          response \u003d logger.logAndRebufferResponse(target, logLevel, response, elapsedTime);",
          "CHANGE_new:": "          response \u003d logger.logAndRebufferResponse(metadata.configKey(), logLevel.get(), response, elapsedTime);",
          "INSERT:": "",
          "instance_detail": [
            {
              "pattern_action": "INS",
              "pattern_entity": {
                "entity_type": "Expression",
                "entity_new value": "*",
                "entity_role": "*",
                "entity_parent": "null"
              },
              "concrete_change": {
                "operator": "INS",
                "src_type": "FieldRead",
                "dst_type": "null",
                "src": "logLevel",
                "dst": "null",
                "src_parent_type": "Invocation",
                "dst_parent_type": "null",
                "src_parent": "(logLevel.get())",
                "dst_parent": "null"
              },
              "line": 274,
              "file": "/home/khesoem/projects/lighter/exp/feign-core/src/main/java/feign/MethodHandler.java"
            },
            {
              "pattern_action": "DEL",
              "pattern_entity": {
                "entity_type": "Expression",
                "entity_new value": "*",
                "entity_role": "*",
                "entity_parent": "null"
              },
              "concrete_change": {
                "operator": "DEL",
                "src_type": "TypeAccess",
                "dst_type": "null",
                "src": "Logger.Level.NONE",
                "dst": "null",
                "src_parent_type": "Invocation",
                "dst_parent_type": "null",
                "src_parent": "(Logger.Level.NONE.ordinal())",
                "dst_parent": "null"
              },
              "line": 268,
              "file": "/home/khesoem/projects/lighter/exp/feign-core/src/main/java/feign/MethodHandler.java"
            }
          ]
        }
      ]
    }
  ],
  "complete_analysis": true
}