{
  "instances": [
    {
      "revision": "3378eee852db21b8d08ebcf3759eb3ad37dc7264",
      "repairability": [
        {
          "tool-name": "Cardumen",
          "pattern-name": "Cardumen:expression_replacement_by_del_ins",
          "Unified_Diff_of-files:": "Starts Below...",
          "CHANGE_old:": "    }",
          "CHANGE_new:": "",
          "INSERT:": "   */",
          "instance_detail": [
            {
              "pattern_action": "INS",
              "pattern_entity": {
                "entity_type": "Expression",
                "entity_new value": "*",
                "entity_role": "*",
                "entity_parent": "null"
              },
              "concrete_change": {
                "operator": "INS",
                "src_type": "VariableRead",
                "dst_type": "null",
                "src": "reason",
                "dst": "null",
                "src_parent_type": "Assignment",
                "dst_parent_type": "null",
                "src_parent": "this.reason \u003d reason",
                "dst_parent": "null"
              },
              "line": 49,
              "file": "/home/khesoem/projects/lighter/exp/core/src/main/java/feign/Response.java",
              "stats": {
                "number_of_src_entities": 4,
                "number_of_dst_entities": -1,
                "src_entity_types": "[java.lang.String]",
                "dst_entity_types": "[]"
              }
            },
            {
              "pattern_action": "DEL",
              "pattern_entity": {
                "entity_type": "Expression",
                "entity_new value": "*",
                "entity_role": "*",
                "entity_parent": "null"
              },
              "concrete_change": {
                "operator": "DEL",
                "src_type": "Invocation",
                "dst_type": "null",
                "src": "feign.Util.checkNotNull(reason, \"reason\")",
                "dst": "null",
                "src_parent_type": "Assignment",
                "dst_parent_type": "null",
                "src_parent": "this.reason \u003d feign.Util.checkNotNull(reason, \"reason\")",
                "dst_parent": "null"
              },
              "line": 49,
              "file": "/home/khesoem/projects/lighter/exp/core/src/main/java/feign/Response.java",
              "stats": {
                "number_of_src_entities": 20,
                "number_of_dst_entities": -1,
                "src_entity_types": "[java.lang.String, feign.Util]",
                "dst_entity_types": "[]"
              }
            }
          ]
        }
      ]
    }
  ],
  "complete_analysis": true
}