{
  "instances": [
    {
      "revision": "4b8d6c326ccc214237064b5daa18ec9234afeb2a",
      "repairability": [
        {
          "tool-name": "Cardumen",
          "pattern-name": "Cardumen:expression_replacement_by_upd",
          "Unified_Diff_of-files:": "Starts Below...",
          "INSERT:": "",
          "CHANGE_old:": "      } catch (IOException suppressed) { // NOPMD",
          "CHANGE_new:": "",
          "DELETE:": "  }",
          "instance_detail": [
            {
              "pattern_action": "UPD",
              "pattern_entity": {
                "entity_type": "Expression",
                "entity_new value": "*",
                "entity_role": "*",
                "entity_parent": "null"
              },
              "concrete_change": {
                "operator": "UPD",
                "src_type": "VariableRead",
                "dst_type": "VariableRead",
                "src": "reader",
                "dst": "body",
                "src_parent_type": "Invocation",
                "dst_parent_type": "Invocation",
                "src_parent": "reader.close()",
                "dst_parent": "feign.Util.ensureClosed(body)"
              },
              "line": 77,
              "file": "/home/khesoem/projects/lighter/exp/feign-core/src/main/java/feign/codec/Decoder.java",
              "stats": {
                "number_of_src_entities": 4,
                "number_of_dst_entities": 4,
                "src_entity_types": "[java.io.Reader]",
                "dst_entity_types": "[Response.Body]"
              }
            }
          ]
        }
      ]
    },
    {
      "revision": "4b8d6c326ccc214237064b5daa18ec9234afeb2a",
      "repairability": [
        {
          "tool-name": "Cardumen",
          "pattern-name": "Cardumen:expression_replacement_by_upd",
          "Unified_Diff_of-files:": "Starts Below...",
          "INSERT:": "",
          "CHANGE_old:": "      } catch (IOException suppressed) { // NOPMD",
          "CHANGE_new:": "",
          "DELETE:": "  }",
          "instance_detail": [
            {
              "pattern_action": "UPD",
              "pattern_entity": {
                "entity_type": "Expression",
                "entity_new value": "*",
                "entity_role": "*",
                "entity_parent": "null"
              },
              "concrete_change": {
                "operator": "UPD",
                "src_type": "VariableRead",
                "dst_type": "VariableRead",
                "src": "reader",
                "dst": "body",
                "src_parent_type": "Invocation",
                "dst_parent_type": "Invocation",
                "src_parent": "reader.close()",
                "dst_parent": "feign.Util.ensureClosed(body)"
              },
              "line": 42,
              "file": "/home/khesoem/projects/lighter/exp/feign-core/src/main/java/feign/codec/ToStringDecoder.java",
              "stats": {
                "number_of_src_entities": 4,
                "number_of_dst_entities": 4,
                "src_entity_types": "[java.io.Reader]",
                "dst_entity_types": "[Response.Body]"
              }
            }
          ]
        }
      ]
    },
    {
      "revision": "4b8d6c326ccc214237064b5daa18ec9234afeb2a",
      "repairability": [
        {
          "tool-name": "Cardumen",
          "pattern-name": "Cardumen:expression_replacement_by_upd",
          "Unified_Diff_of-files:": "Starts Below...",
          "INSERT:": "",
          "CHANGE_old:": "      } catch (IOException suppressed) { // NOPMD",
          "CHANGE_new:": "",
          "DELETE:": "  }",
          "instance_detail": [
            {
              "pattern_action": "UPD",
              "pattern_entity": {
                "entity_type": "Expression",
                "entity_new value": "*",
                "entity_role": "*",
                "entity_parent": "null"
              },
              "concrete_change": {
                "operator": "UPD",
                "src_type": "TypeAccess",
                "dst_type": "TypeAccess",
                "src": "feign.MethodHandler",
                "dst": "feign.Util",
                "src_parent_type": "ThisAccess",
                "dst_parent_type": "Invocation",
                "src_parent": "",
                "dst_parent": "feign.Util.ensureClosed(response.body())"
              },
              "stats": {
                "number_of_src_entities": 3,
                "number_of_dst_entities": 3,
                "src_entity_types": "[feign.MethodHandler]",
                "dst_entity_types": "[feign.Util]"
              }
            }
          ]
        }
      ]
    },
    {
      "revision": "4b8d6c326ccc214237064b5daa18ec9234afeb2a",
      "repairability": [
        {
          "tool-name": "Cardumen",
          "pattern-name": "Cardumen:expression_replacement_by_upd",
          "Unified_Diff_of-files:": "Starts Below...",
          "INSERT:": "",
          "CHANGE_old:": "      } catch (IOException suppressed) { // NOPMD",
          "CHANGE_new:": "",
          "DELETE:": "  }",
          "instance_detail": [
            {
              "pattern_action": "UPD",
              "pattern_entity": {
                "entity_type": "Expression",
                "entity_new value": "*",
                "entity_role": "*",
                "entity_parent": "null"
              },
              "concrete_change": {
                "operator": "UPD",
                "src_type": "VariableRead",
                "dst_type": "VariableRead",
                "src": "body",
                "dst": "response",
                "src_parent_type": "Invocation",
                "dst_parent_type": "Invocation",
                "src_parent": "body.close()",
                "dst_parent": "response.body()"
              },
              "line": 142,
              "file": "/home/khesoem/projects/lighter/exp/feign-core/src/main/java/feign/Wire.java",
              "stats": {
                "number_of_src_entities": 4,
                "number_of_dst_entities": 4,
                "src_entity_types": "[java.io.Reader]",
                "dst_entity_types": "[feign.Response]"
              }
            }
          ]
        }
      ]
    }
  ],
  "complete_analysis": true
}