{
  "instances": [
    {
      "revision": "101e760a21407d292f3c12ca8ac1c09cbeeb0eab",
      "repairability": [
        {
          "tool-name": "JGenProg",
          "pattern-name": "JGenProg:any_statement_deep",
          "Unified_Diff_of-files:": "Starts Below...",
          "CHANGE_old:": "            return format(\"%d %s\", round(distanceInMeters), unitSystem.getElevationName());",
          "CHANGE_new:": "            return format(\"%d %s\", round(distanceInMeters), unitSystem.getDistanceName());",
          "instance_detail": [
            {
              "pattern_action": "ANY",
              "pattern_entity": {
                "entity_type": "*",
                "entity_new value": "*",
                "entity_role": "*",
                "entity_parent": {
                  "entity_type": "*",
                  "entity_new value": "*",
                  "entity_role": "Statement",
                  "entity_parent": "null"
                }
              },
              "concrete_change": {
                "operator": "UPD",
                "src_type": "Invocation",
                "dst_type": "Invocation",
                "src": "unitSystem.getElevationName()",
                "dst": "unitSystem.getDistanceName()",
                "src_parent_type": "Invocation",
                "dst_parent_type": "Invocation",
                "src_parent": "java.lang.String.format(\"%d %s\", java.lang.Math.round(distanceInMeters), unitSystem.getElevationName())",
                "dst_parent": "java.lang.String.format(\"%d %s\", java.lang.Math.round(distanceInMeters), unitSystem.getDistanceName())"
              },
              "line": 70,
              "file": "/home/khesoem/projects/lighter/exp/route-converter/src/main/java/slash/navigation/converter/gui/helpers/PositionHelper.java",
              "stats": {
                "number_of_src_entities": 8,
                "number_of_dst_entities": 8,
                "src_entity_types": "[slash.navigation.common.UnitSystem]",
                "dst_entity_types": "[slash.navigation.common.UnitSystem]"
              }
            }
          ]
        }
      ]
    }
  ],
  "complete_analysis": true
}