{
  "instances": [
    {
      "revision": "85a3ab11f6e5caacd09f8402d0b674310c9d8ce5",
      "repairability": [
        {
          "tool-name": "Cardumen",
          "pattern-name": "Cardumen:expression_replacement_by_upd",
          "Unified_Diff_of-files:": "Starts Below...",
          "CHANGE_old:": "                    : new SourceFragmentContextSet(mutableTokenWriter, element, csf.getItems(), changeResolver);",
          "CHANGE_new:": "                    : new SourceFragmentContextSet(mutableTokenWriter, element, csf.getItems(), getChangeResolver());",
          "DELETE:": "",
          "instance_detail": [
            {
              "pattern_action": "UPD",
              "pattern_entity": {
                "entity_type": "Expression",
                "entity_new value": "*",
                "entity_role": "*",
                "entity_parent": "null"
              },
              "concrete_change": {
                "operator": "UPD",
                "src_type": "Lambda",
                "dst_type": "Lambda",
                "src": "() -\u003e runInMutedState(muted, () -\u003e super.scan(element))",
                "dst": "() -\u003e runInMutedState(muted, () -\u003e super.scan(element))",
                "src_parent_type": "Invocation",
                "dst_parent_type": "Invocation",
                "src_parent": "runInContext(context, () -\u003e runInMutedState(muted, () -\u003e super.scan(element)))",
                "dst_parent": "runInContext(context, () -\u003e runInMutedState(muted, () -\u003e super.scan(element)))"
              },
              "line": 333,
              "file": "/home/khesoem/projects/lighter/exp/src/main/java/spoon/support/sniper/SniperJavaPrettyPrinter.java",
              "stats": {
                "number_of_src_entities": 41,
                "number_of_dst_entities": 41,
                "src_entity_types": "[spoon.reflect.declaration.CtElement, spoon.support.sniper.SniperJavaPrettyPrinter, java.lang.Runnable, java.lang.Boolean, spoon.reflect.visitor.DefaultJavaPrettyPrinter]",
                "dst_entity_types": "[spoon.reflect.declaration.CtElement, spoon.support.sniper.SniperJavaPrettyPrinter, java.lang.Runnable, java.lang.Boolean, spoon.reflect.visitor.DefaultJavaPrettyPrinter]"
              }
            }
          ]
        },
        {
          "tool-name": "Cardumen",
          "pattern-name": "Cardumen:expression_replacement_by_upd",
          "Unified_Diff_of-files:": "Starts Below...",
          "CHANGE_old:": "                    : new SourceFragmentContextSet(mutableTokenWriter, element, csf.getItems(), changeResolver);",
          "CHANGE_new:": "                    : new SourceFragmentContextSet(mutableTokenWriter, element, csf.getItems(), getChangeResolver());",
          "DELETE:": "",
          "instance_detail": [
            {
              "pattern_action": "UPD",
              "pattern_entity": {
                "entity_type": "Expression",
                "entity_new value": "*",
                "entity_role": "*",
                "entity_parent": "null"
              },
              "concrete_change": {
                "operator": "UPD",
                "src_type": "Lambda",
                "dst_type": "Lambda",
                "src": "() -\u003e super.scan(element)",
                "dst": "() -\u003e super.scan(element)",
                "src_parent_type": "Invocation",
                "dst_parent_type": "Invocation",
                "src_parent": "runInMutedState(muted, () -\u003e super.scan(element))",
                "dst_parent": "runInMutedState(muted, () -\u003e super.scan(element))"
              },
              "line": 334,
              "file": "/home/khesoem/projects/lighter/exp/src/main/java/spoon/support/sniper/SniperJavaPrettyPrinter.java",
              "stats": {
                "number_of_src_entities": 19,
                "number_of_dst_entities": 19,
                "src_entity_types": "[spoon.reflect.declaration.CtElement, java.lang.Runnable, spoon.reflect.visitor.DefaultJavaPrettyPrinter]",
                "dst_entity_types": "[spoon.reflect.declaration.CtElement, java.lang.Runnable, spoon.reflect.visitor.DefaultJavaPrettyPrinter]"
              }
            }
          ]
        },
        {
          "tool-name": "Cardumen",
          "pattern-name": "Cardumen:expression_replacement_by_del_ins",
          "Unified_Diff_of-files:": "Starts Below...",
          "CHANGE_old:": "                    : new SourceFragmentContextSet(mutableTokenWriter, element, csf.getItems(), changeResolver);",
          "CHANGE_new:": "                    : new SourceFragmentContextSet(mutableTokenWriter, element, csf.getItems(), getChangeResolver());",
          "DELETE:": "",
          "instance_detail": [
            {
              "pattern_action": "DEL",
              "pattern_entity": {
                "entity_type": "Expression",
                "entity_new value": "*",
                "entity_role": "*",
                "entity_parent": "null"
              },
              "concrete_change": {
                "operator": "DEL",
                "src_type": "FieldRead",
                "dst_type": "null",
                "src": "changeResolver",
                "dst": "null",
                "src_parent_type": "ConstructorCall",
                "dst_parent_type": "null",
                "src_parent": "new spoon.support.sniper.internal.SourceFragmentContextSet(mutableTokenWriter, element, csf.getItems(), changeResolver)",
                "dst_parent": "null"
              },
              "line": 280,
              "file": "/home/khesoem/projects/lighter/exp/src/main/java/spoon/support/sniper/SniperJavaPrettyPrinter.java",
              "stats": {
                "number_of_src_entities": 12,
                "number_of_dst_entities": -1,
                "src_entity_types": "[spoon.support.sniper.SniperJavaPrettyPrinter]",
                "dst_entity_types": "[]"
              }
            },
            {
              "pattern_action": "INS",
              "pattern_entity": {
                "entity_type": "Expression",
                "entity_new value": "*",
                "entity_role": "*",
                "entity_parent": "null"
              },
              "concrete_change": {
                "operator": "INS",
                "src_type": "Invocation",
                "dst_type": "null",
                "src": "getChangeResolver()",
                "dst": "null",
                "src_parent_type": "ConstructorCall",
                "dst_parent_type": "null",
                "src_parent": "new spoon.support.sniper.internal.SourceFragmentContextSet(mutableTokenWriter, element, csf.getItems(), getChangeResolver())",
                "dst_parent": "null"
              },
              "line": 264,
              "file": "/home/khesoem/projects/lighter/exp/src/main/java/spoon/support/sniper/SniperJavaPrettyPrinter.java",
              "stats": {
                "number_of_src_entities": 12,
                "number_of_dst_entities": -1,
                "src_entity_types": "[spoon.support.sniper.SniperJavaPrettyPrinter]",
                "dst_entity_types": "[]"
              }
            }
          ]
        },
        {
          "tool-name": "Cardumen",
          "pattern-name": "Cardumen:expression_replacement_by_del_ins",
          "Unified_Diff_of-files:": "Starts Below...",
          "CHANGE_old:": "                    : new SourceFragmentContextSet(mutableTokenWriter, element, csf.getItems(), changeResolver);",
          "CHANGE_new:": "                    : new SourceFragmentContextSet(mutableTokenWriter, element, csf.getItems(), getChangeResolver());",
          "DELETE:": "",
          "instance_detail": [
            {
              "pattern_action": "DEL",
              "pattern_entity": {
                "entity_type": "Expression",
                "entity_new value": "*",
                "entity_role": "*",
                "entity_parent": "null"
              },
              "concrete_change": {
                "operator": "DEL",
                "src_type": "FieldRead",
                "dst_type": "null",
                "src": "changeResolver",
                "dst": "null",
                "src_parent_type": "ConstructorCall",
                "dst_parent_type": "null",
                "src_parent": "new spoon.support.sniper.internal.SourceFragmentContextList(mutableTokenWriter, null, csf.getItems(), changeResolver)",
                "dst_parent": "null"
              },
              "line": 175,
              "file": "/home/khesoem/projects/lighter/exp/src/main/java/spoon/support/sniper/SniperJavaPrettyPrinter.java",
              "stats": {
                "number_of_src_entities": 12,
                "number_of_dst_entities": -1,
                "src_entity_types": "[spoon.support.sniper.SniperJavaPrettyPrinter]",
                "dst_entity_types": "[]"
              }
            },
            {
              "pattern_action": "INS",
              "pattern_entity": {
                "entity_type": "Expression",
                "entity_new value": "*",
                "entity_role": "*",
                "entity_parent": "null"
              },
              "concrete_change": {
                "operator": "INS",
                "src_type": "Invocation",
                "dst_type": "null",
                "src": "getChangeResolver()",
                "dst": "null",
                "src_parent_type": "ConstructorCall",
                "dst_parent_type": "null",
                "src_parent": "new spoon.support.sniper.internal.SourceFragmentContextList(mutableTokenWriter, null, csf.getItems(), getChangeResolver())",
                "dst_parent": "null"
              },
              "line": 159,
              "file": "/home/khesoem/projects/lighter/exp/src/main/java/spoon/support/sniper/SniperJavaPrettyPrinter.java",
              "stats": {
                "number_of_src_entities": 14,
                "number_of_dst_entities": -1,
                "src_entity_types": "[spoon.support.sniper.SniperJavaPrettyPrinter.1, spoon.support.sniper.SniperJavaPrettyPrinter]",
                "dst_entity_types": "[]"
              }
            }
          ]
        },
        {
          "tool-name": "Cardumen",
          "pattern-name": "Cardumen:expression_replacement_by_del_ins",
          "Unified_Diff_of-files:": "Starts Below...",
          "CHANGE_old:": "                    : new SourceFragmentContextSet(mutableTokenWriter, element, csf.getItems(), changeResolver);",
          "CHANGE_new:": "                    : new SourceFragmentContextSet(mutableTokenWriter, element, csf.getItems(), getChangeResolver());",
          "DELETE:": "",
          "instance_detail": [
            {
              "pattern_action": "DEL",
              "pattern_entity": {
                "entity_type": "Expression",
                "entity_new value": "*",
                "entity_role": "*",
                "entity_parent": "null"
              },
              "concrete_change": {
                "operator": "DEL",
                "src_type": "FieldRead",
                "dst_type": "null",
                "src": "changeResolver",
                "dst": "null",
                "src_parent_type": "ConstructorCall",
                "dst_parent_type": "null",
                "src_parent": "new spoon.support.sniper.internal.SourceFragmentContextSet(mutableTokenWriter, null, csf.getItems(), changeResolver)",
                "dst_parent": "null"
              },
              "line": 176,
              "file": "/home/khesoem/projects/lighter/exp/src/main/java/spoon/support/sniper/SniperJavaPrettyPrinter.java",
              "stats": {
                "number_of_src_entities": 12,
                "number_of_dst_entities": -1,
                "src_entity_types": "[spoon.support.sniper.SniperJavaPrettyPrinter]",
                "dst_entity_types": "[]"
              }
            },
            {
              "pattern_action": "INS",
              "pattern_entity": {
                "entity_type": "Expression",
                "entity_new value": "*",
                "entity_role": "*",
                "entity_parent": "null"
              },
              "concrete_change": {
                "operator": "INS",
                "src_type": "Invocation",
                "dst_type": "null",
                "src": "getChangeResolver()",
                "dst": "null",
                "src_parent_type": "ConstructorCall",
                "dst_parent_type": "null",
                "src_parent": "new spoon.support.sniper.internal.SourceFragmentContextSet(mutableTokenWriter, null, csf.getItems(), getChangeResolver())",
                "dst_parent": "null"
              },
              "line": 160,
              "file": "/home/khesoem/projects/lighter/exp/src/main/java/spoon/support/sniper/SniperJavaPrettyPrinter.java",
              "stats": {
                "number_of_src_entities": 14,
                "number_of_dst_entities": -1,
                "src_entity_types": "[spoon.support.sniper.SniperJavaPrettyPrinter.1, spoon.support.sniper.SniperJavaPrettyPrinter]",
                "dst_entity_types": "[]"
              }
            }
          ]
        }
      ]
    },
    {
      "revision": "85a3ab11f6e5caacd09f8402d0b674310c9d8ce5",
      "repairability": [
        {
          "tool-name": "Cardumen",
          "pattern-name": "Cardumen:expression_replacement_by_upd",
          "Unified_Diff_of-files:": "Starts Below...",
          "CHANGE_old:": "                    : new SourceFragmentContextSet(mutableTokenWriter, element, csf.getItems(), changeResolver);",
          "CHANGE_new:": "                    : new SourceFragmentContextSet(mutableTokenWriter, element, csf.getItems(), getChangeResolver());",
          "DELETE:": "",
          "instance_detail": [
            {
              "pattern_action": "UPD",
              "pattern_entity": {
                "entity_type": "Expression",
                "entity_new value": "*",
                "entity_role": "*",
                "entity_parent": "null"
              },
              "concrete_change": {
                "operator": "UPD",
                "src_type": "Literal",
                "dst_type": "Literal",
                "src": "null",
                "dst": "0",
                "src_parent_type": "BinaryOperator",
                "dst_parent_type": "BinaryOperator",
                "src_parent": "(file !\u003d null)",
                "dst_parent": "(types.size()) \u003e 0"
              },
              "line": 192,
              "file": "/home/khesoem/projects/lighter/exp/src/main/java/spoon/support/compiler/jdt/JDTCommentBuilder.java",
              "stats": {
                "number_of_src_entities": 2,
                "number_of_dst_entities": 2,
                "src_entity_types": "[\u003cnulltype\u003e]",
                "dst_entity_types": "[int]"
              }
            }
          ]
        }
      ]
    },
    {
      "revision": "85a3ab11f6e5caacd09f8402d0b674310c9d8ce5",
      "repairability": [
        {
          "tool-name": "Cardumen",
          "pattern-name": "Cardumen:expression_replacement_by_del_ins",
          "Unified_Diff_of-files:": "Starts Below...",
          "CHANGE_old:": "                    : new SourceFragmentContextSet(mutableTokenWriter, element, csf.getItems(), changeResolver);",
          "CHANGE_new:": "                    : new SourceFragmentContextSet(mutableTokenWriter, element, csf.getItems(), getChangeResolver());",
          "DELETE:": "",
          "instance_detail": [
            {
              "pattern_action": "DEL",
              "pattern_entity": {
                "entity_type": "Expression",
                "entity_new value": "*",
                "entity_role": "*",
                "entity_parent": "null"
              },
              "concrete_change": {
                "operator": "DEL",
                "src_type": "Invocation",
                "dst_type": "null",
                "src": "declaringType.isAnonymous()",
                "dst": "null",
                "src_parent_type": "Invocation",
                "dst_parent_type": "null",
                "src_parent": "jdtTreeBuilder.getFactory().Code().createTypeAccess(declaringType, declaringType.isAnonymous())",
                "dst_parent": "null"
              },
              "line": 655,
              "file": "/home/khesoem/projects/lighter/exp/src/main/java/spoon/support/compiler/jdt/ParentExiter.java",
              "stats": {
                "number_of_src_entities": 12,
                "number_of_dst_entities": -1,
                "src_entity_types": "[, spoon.reflect.reference.CtTypeReference\u003c?\u003e, spoon.reflect.declaration.CtTypeInformation]",
                "dst_entity_types": "[]"
              }
            },
            {
              "pattern_action": "INS",
              "pattern_entity": {
                "entity_type": "Expression",
                "entity_new value": "*",
                "entity_role": "*",
                "entity_parent": "null"
              },
              "concrete_change": {
                "operator": "INS",
                "src_type": "Literal",
                "dst_type": "null",
                "src": "true",
                "dst": "null",
                "src_parent_type": "Invocation",
                "dst_parent_type": "null",
                "src_parent": "jdtTreeBuilder.getFactory().Code().createTypeAccess(declaringType, true)",
                "dst_parent": "null"
              },
              "line": 655,
              "file": "/home/khesoem/projects/lighter/exp/src/main/java/spoon/support/compiler/jdt/ParentExiter.java",
              "stats": {
                "number_of_src_entities": 2,
                "number_of_dst_entities": -1,
                "src_entity_types": "[boolean]",
                "dst_entity_types": "[]"
              }
            }
          ]
        }
      ]
    },
    {
      "revision": "85a3ab11f6e5caacd09f8402d0b674310c9d8ce5",
      "repairability": [
        {
          "tool-name": "Cardumen",
          "pattern-name": "Cardumen:expression_replacement_by_del_ins",
          "Unified_Diff_of-files:": "Starts Below...",
          "CHANGE_old:": "                    : new SourceFragmentContextSet(mutableTokenWriter, element, csf.getItems(), changeResolver);",
          "CHANGE_new:": "                    : new SourceFragmentContextSet(mutableTokenWriter, element, csf.getItems(), getChangeResolver());",
          "DELETE:": "",
          "instance_detail": [
            {
              "pattern_action": "DEL",
              "pattern_entity": {
                "entity_type": "Expression",
                "entity_new value": "*",
                "entity_role": "*",
                "entity_parent": "null"
              },
              "concrete_change": {
                "operator": "DEL",
                "src_type": "ConstructorCall",
                "dst_type": "null",
                "src": "new java.lang.String(binding.readableName())",
                "dst": "null",
                "src_parent_type": "Invocation",
                "dst_parent_type": "null",
                "src_parent": "ref.setSimpleName(new java.lang.String(binding.readableName()))",
                "dst_parent": "null"
              },
              "line": 890,
              "file": "/home/khesoem/projects/lighter/exp/src/main/java/spoon/support/compiler/jdt/ReferenceBuilder.java",
              "stats": {
                "number_of_src_entities": 18,
                "number_of_dst_entities": -1,
                "src_entity_types": "[org.eclipse.jdt.internal.compiler.lookup.TypeBinding, org.eclipse.jdt.internal.compiler.lookup.Binding, java.lang.String]",
                "dst_entity_types": "[]"
              }
            },
            {
              "pattern_action": "INS",
              "pattern_entity": {
                "entity_type": "Expression",
                "entity_new value": "*",
                "entity_role": "*",
                "entity_parent": "null"
              },
              "concrete_change": {
                "operator": "INS",
                "src_type": "Invocation",
                "dst_type": "null",
                "src": "sb.toString()",
                "dst": "null",
                "src_parent_type": "Invocation",
                "dst_parent_type": "null",
                "src_parent": "ref.setSimpleName(sb.toString())",
                "dst_parent": "null"
              },
              "line": 913,
              "file": "/home/khesoem/projects/lighter/exp/src/main/java/spoon/support/compiler/jdt/ReferenceBuilder.java",
              "stats": {
                "number_of_src_entities": 10,
                "number_of_dst_entities": -1,
                "src_entity_types": "[java.lang.StringBuilder]",
                "dst_entity_types": "[]"
              }
            }
          ]
        }
      ]
    }
  ],
  "complete_analysis": true
}