{
  "instances": [
    {
      "revision": "32a82bcb8a331185018ed8cf9efbad31336952bd",
      "repairability": [
        {
          "tool-name": "Arja",
          "pattern-name": "Arja:arja_shallow_change",
          "Unified_Diff_of-files:": "Starts Below...",
          "INSERT:": "}",
          "CHANGE_old:": "",
          "CHANGE_new:": "                if (hasTimeComponent(date) || !stripTimeComponent(date).equals(stripTimeComponent(previousDate))) {",
          "DELETE:": "            }",
          "instance_detail": [
            {
              "pattern_action": "ANY",
              "pattern_entity": {
                "entity_type": "Statement",
                "entity_new value": "*",
                "entity_role": "*",
                "entity_parent": "null"
              },
              "concrete_change": {
                "operator": "INS",
                "src_type": "Invocation",
                "dst_type": "null",
                "src": "session.getSubmissionActions().getCurrentEncounter()",
                "dst": "null",
                "src_parent_type": "Invocation",
                "dst_parent_type": "null",
                "src_parent": "session.getSubmissionActions().getCurrentEncounter().setEncounterDatetime(date)",
                "dst_parent": "null"
              },
              "line": 791,
              "file": "/home/khesoem/projects/lighter/exp/api/src/main/java/org/openmrs/module/htmlformentry/element/EncounterDetailSubmissionElement.java",
              "stats": {
                "number_of_src_entities": 10,
                "number_of_dst_entities": -1,
                "src_entity_types": "[org.openmrs.module.htmlformentry.FormEntrySession]",
                "dst_entity_types": "[]"
              }
            }
          ]
        },
        {
          "tool-name": "Arja",
          "pattern-name": "Arja:arja_shallow_change",
          "Unified_Diff_of-files:": "Starts Below...",
          "INSERT:": "}",
          "CHANGE_old:": "",
          "CHANGE_new:": "                if (hasTimeComponent(date) || !stripTimeComponent(date).equals(stripTimeComponent(previousDate))) {",
          "DELETE:": "            }",
          "instance_detail": [
            {
              "pattern_action": "ANY",
              "pattern_entity": {
                "entity_type": "Statement",
                "entity_new value": "*",
                "entity_role": "*",
                "entity_parent": "null"
              },
              "concrete_change": {
                "operator": "DEL",
                "src_type": "Invocation",
                "dst_type": "null",
                "src": "session.getSubmissionActions().getCurrentEncounter().getEncounterDatetime()",
                "dst": "null",
                "src_parent_type": "Invocation",
                "dst_parent_type": "null",
                "src_parent": "(session.getSubmissionActions().getCurrentEncounter().getEncounterDatetime().equals(date))",
                "dst_parent": "null"
              },
              "line": 779,
              "file": "/home/khesoem/projects/lighter/exp/api/src/main/java/org/openmrs/module/htmlformentry/element/EncounterDetailSubmissionElement.java"
            }
          ]
        },
        {
          "tool-name": "Arja",
          "pattern-name": "Arja:arja_shallow_change",
          "Unified_Diff_of-files:": "Starts Below...",
          "INSERT:": "}",
          "CHANGE_old:": "",
          "CHANGE_new:": "                if (hasTimeComponent(date) || !stripTimeComponent(date).equals(stripTimeComponent(previousDate))) {",
          "DELETE:": "            }",
          "instance_detail": [
            {
              "pattern_action": "ANY",
              "pattern_entity": {
                "entity_type": "Statement",
                "entity_new value": "*",
                "entity_role": "*",
                "entity_parent": "null"
              },
              "concrete_change": {
                "operator": "DEL",
                "src_type": "Invocation",
                "dst_type": "null",
                "src": "(session.getSubmissionActions().getCurrentEncounter().getEncounterDatetime().equals(date))",
                "dst": "null",
                "src_parent_type": "UnaryOperator",
                "dst_parent_type": "null",
                "src_parent": "(!(session.getSubmissionActions().getCurrentEncounter().getEncounterDatetime().equals(date)))",
                "dst_parent": "null"
              },
              "line": 779,
              "file": "/home/khesoem/projects/lighter/exp/api/src/main/java/org/openmrs/module/htmlformentry/element/EncounterDetailSubmissionElement.java"
            }
          ]
        },
        {
          "tool-name": "Arja",
          "pattern-name": "Arja:arja_shallow_change",
          "Unified_Diff_of-files:": "Starts Below...",
          "INSERT:": "}",
          "CHANGE_old:": "",
          "CHANGE_new:": "                if (hasTimeComponent(date) || !stripTimeComponent(date).equals(stripTimeComponent(previousDate))) {",
          "DELETE:": "            }",
          "instance_detail": [
            {
              "pattern_action": "ANY",
              "pattern_entity": {
                "entity_type": "Statement",
                "entity_new value": "*",
                "entity_role": "*",
                "entity_parent": "null"
              },
              "concrete_change": {
                "operator": "DEL",
                "src_type": "UnaryOperator",
                "dst_type": "null",
                "src": "(!(session.getSubmissionActions().getCurrentEncounter().getEncounterDatetime().equals(date)))",
                "dst": "null",
                "src_parent_type": "BinaryOperator",
                "dst_parent_type": "null",
                "src_parent": "((session.getSubmissionActions().getCurrentEncounter().getEncounterDatetime()) !\u003d null) \u0026\u0026 (!(session.getSubmissionActions().getCurrentEncounter().getEncounterDatetime().equals(date)))",
                "dst_parent": "null"
              },
              "line": 779,
              "file": "/home/khesoem/projects/lighter/exp/api/src/main/java/org/openmrs/module/htmlformentry/element/EncounterDetailSubmissionElement.java"
            }
          ]
        },
        {
          "tool-name": "Arja",
          "pattern-name": "Arja:arja_shallow_change",
          "Unified_Diff_of-files:": "Starts Below...",
          "INSERT:": "}",
          "CHANGE_old:": "",
          "CHANGE_new:": "                if (hasTimeComponent(date) || !stripTimeComponent(date).equals(stripTimeComponent(previousDate))) {",
          "DELETE:": "            }",
          "instance_detail": [
            {
              "pattern_action": "ANY",
              "pattern_entity": {
                "entity_type": "Statement",
                "entity_new value": "*",
                "entity_role": "*",
                "entity_parent": "null"
              },
              "concrete_change": {
                "operator": "DEL",
                "src_type": "If",
                "dst_type": "null",
                "src": "if (((session.getSubmissionActions().getCurrentEncounter().getEncounterDatetime()) !\u003d null) \u0026\u0026 (!(session.getSubmissionActions().getCurrentEncounter().getEncounterDatetime().equals(date)))) {\n    session.getContext().setPreviousEncounterDate(new java.util.Date(session.getSubmissionActions().getCurrentEncounter().getEncounterDatetime().getTime()));\n}",
                "dst": "null",
                "src_parent_type": "Block",
                "dst_parent_type": "null",
                "src_parent": "{\n    java.util.Date date \u003d ((java.util.Date) (dateWidget.getValue(session.getContext(), submission)));\n    if (((session.getSubmissionActions().getCurrentEncounter().getEncounterDatetime()) !\u003d null) \u0026\u0026 (!(session.getSubmissionActions().getCurrentEncounter().getEncounterDatetime().equals(date)))) {\n        session.getContext().setPreviousEncounterDate(new java.util.Date(session.getSubmissionActions().getCurrentEncounter().getEncounterDatetime().getTime()));\n    }\n    session.getSubmissionActions().getCurrentEncounter().setEncounterDatetime(date);\n}",
                "dst_parent": "null"
              },
              "line": 778,
              "file": "/home/khesoem/projects/lighter/exp/api/src/main/java/org/openmrs/module/htmlformentry/element/EncounterDetailSubmissionElement.java",
              "stats": {
                "number_of_src_entities": 73,
                "number_of_dst_entities": -1,
                "src_entity_types": "[org.openmrs.module.htmlformentry.FormEntrySession, \u003cnulltype\u003e, java.util.Date]",
                "dst_entity_types": "[]"
              }
            }
          ]
        },
        {
          "tool-name": "Arja",
          "pattern-name": "Arja:arja_deep_change",
          "Unified_Diff_of-files:": "Starts Below...",
          "INSERT:": "}",
          "CHANGE_old:": "",
          "CHANGE_new:": "                if (hasTimeComponent(date) || !stripTimeComponent(date).equals(stripTimeComponent(previousDate))) {",
          "DELETE:": "            }",
          "instance_detail": [
            {
              "pattern_action": "ANY",
              "pattern_entity": {
                "entity_type": "*",
                "entity_new value": "*",
                "entity_role": "*",
                "entity_parent": {
                  "entity_type": "Statement",
                  "entity_new value": "*",
                  "entity_role": "*",
                  "entity_parent": "null"
                }
              },
              "concrete_change": {
                "operator": "INS",
                "src_type": "VariableRead",
                "dst_type": "null",
                "src": "date",
                "dst": "null",
                "src_parent_type": "Invocation",
                "dst_parent_type": "null",
                "src_parent": "session.getSubmissionActions().getCurrentEncounter().setEncounterDatetime(date)",
                "dst_parent": "null"
              },
              "line": 791,
              "file": "/home/khesoem/projects/lighter/exp/api/src/main/java/org/openmrs/module/htmlformentry/element/EncounterDetailSubmissionElement.java",
              "stats": {
                "number_of_src_entities": 4,
                "number_of_dst_entities": -1,
                "src_entity_types": "[java.util.Date]",
                "dst_entity_types": "[]"
              }
            }
          ]
        }
      ]
    }
  ],
  "complete_analysis": true
}