{
  "instances": [
    {
      "revision": "e6c501d42f183fd687f8cb4de3b90a9724d14b12",
      "repairability": [
        {
          "tool-name": "Nopol",
          "pattern-name": "Nopol:if_condition_upd_deep",
          "Unified_Diff_of-files:": "Starts Below...",
          "CHANGE_old:": "      Boolean value \u003d jsonReader.nextBoolean();",
          "CHANGE_new:": "      String value \u003d jsonReader.nextString();",
          "instance_detail": [
            {
              "pattern_action": "ANY",
              "pattern_entity": {
                "entity_type": "*",
                "entity_new value": "*",
                "entity_role": "*",
                "entity_parent": {
                  "entity_type": "*",
                  "entity_new value": "*",
                  "entity_role": "condition",
                  "entity_parent": {
                    "entity_type": "If",
                    "entity_new value": "*",
                    "entity_role": "*",
                    "entity_parent": "null"
                  }
                }
              },
              "concrete_change": {
                "operator": "UPD",
                "src_type": "VariableRead",
                "dst_type": "VariableRead",
                "src": "keyValue",
                "dst": "key",
                "src_parent_type": "Invocation",
                "dst_parent_type": "Invocation",
                "src_parent": "keyValue.getKey()",
                "dst_parent": "(headerParams.containsKey(key))"
              },
              "line": 647,
              "file": "/home/khesoem/projects/lighter/exp/samples/client/petstore/java/jersey1/src/main/java/io/swagger/client/ApiClient.java",
              "stats": {
                "number_of_src_entities": 9,
                "number_of_dst_entities": 4,
                "src_entity_types": "[java.util.Map.Entry\u003cjava.lang.String, java.lang.String\u003e, java.lang.String, java.util.Map]",
                "dst_entity_types": "[java.lang.String]"
              }
            }
          ]
        }
      ]
    }
  ],
  "complete_analysis": true
}