{
  "instances": [
    {
      "revision": "e77c0f3f27e293841398ae85465f613fe2b59afe",
      "repairability": [
        {
          "tool-name": "Elixir",
          "pattern-name": "Elixir:update_invocation",
          "Unified_Diff_of-files:": "Starts Below...",
          "INSERT:": "",
          "CHANGE_old:": "",
          "CHANGE_new:": "                .deploymentIds(latestDeploymentIds());",
          "instance_detail": [
            {
              "pattern_action": "UPD",
              "pattern_entity": {
                "entity_type": "AbstractInvocation",
                "entity_new value": "*",
                "entity_role": "*",
                "entity_parent": "null"
              },
              "concrete_change": {
                "operator": "UPD",
                "src_type": "Invocation",
                "dst_type": "Invocation",
                "src": "repositoryService.createProcessDefinitionQuery().latestVersion().processDefinitionKey(processDefinitionKey).orderByProcessDefinitionAppVersion().desc().list().stream().findFirst()",
                "dst": "repositoryService.createProcessDefinitionQuery().latestVersion().deploymentIds(latestDeploymentIds()).processDefinitionKey(processDefinitionKey).orderByProcessDefinitionAppVersion().desc().list().stream()",
                "src_parent_type": "Return",
                "dst_parent_type": "Invocation",
                "src_parent": "return repositoryService.createProcessDefinitionQuery().latestVersion().processDefinitionKey(processDefinitionKey).orderByProcessDefinitionAppVersion().desc().list().stream().findFirst()",
                "dst_parent": "repositoryService.createProcessDefinitionQuery().latestVersion().deploymentIds(latestDeploymentIds()).processDefinitionKey(processDefinitionKey).orderByProcessDefinitionAppVersion().desc().list().stream().findFirst()"
              },
              "line": 130,
              "file": "/home/khesoem/projects/lighter/exp/activiti-core/activiti-api-impl/activiti-api-process-runtime-impl/src/main/java/org/activiti/runtime/api/impl/ProcessRuntimeImpl.java",
              "stats": {
                "number_of_src_entities": 40,
                "number_of_dst_entities": 54,
                "src_entity_types": "[org.activiti.engine.RepositoryService, java.lang.String, org.activiti.runtime.api.impl.ProcessRuntimeImpl]",
                "dst_entity_types": "[org.activiti.engine.RepositoryService, java.lang.String, org.activiti.runtime.api.impl.ProcessRuntimeImpl]"
              }
            }
          ]
        },
        {
          "tool-name": "Elixir",
          "pattern-name": "Elixir:update_invocation",
          "Unified_Diff_of-files:": "Starts Below...",
          "INSERT:": "",
          "CHANGE_old:": "",
          "CHANGE_new:": "                .deploymentIds(latestDeploymentIds());",
          "instance_detail": [
            {
              "pattern_action": "UPD",
              "pattern_entity": {
                "entity_type": "AbstractInvocation",
                "entity_new value": "*",
                "entity_role": "*",
                "entity_parent": "null"
              },
              "concrete_change": {
                "operator": "UPD",
                "src_type": "Invocation",
                "dst_type": "Invocation",
                "src": "repositoryService.createProcessDefinitionQuery().latestVersion().processDefinitionKey(processDefinitionKey).orderByProcessDefinitionAppVersion().desc().list().stream()",
                "dst": "repositoryService.createProcessDefinitionQuery().latestVersion().deploymentIds(latestDeploymentIds()).processDefinitionKey(processDefinitionKey).orderByProcessDefinitionAppVersion().desc().list()",
                "src_parent_type": "Invocation",
                "dst_parent_type": "Invocation",
                "src_parent": "repositoryService.createProcessDefinitionQuery().latestVersion().processDefinitionKey(processDefinitionKey).orderByProcessDefinitionAppVersion().desc().list().stream().findFirst()",
                "dst_parent": "repositoryService.createProcessDefinitionQuery().latestVersion().deploymentIds(latestDeploymentIds()).processDefinitionKey(processDefinitionKey).orderByProcessDefinitionAppVersion().desc().list().stream()"
              },
              "line": 130,
              "file": "/home/khesoem/projects/lighter/exp/activiti-core/activiti-api-impl/activiti-api-process-runtime-impl/src/main/java/org/activiti/runtime/api/impl/ProcessRuntimeImpl.java",
              "stats": {
                "number_of_src_entities": 34,
                "number_of_dst_entities": 52,
                "src_entity_types": "[org.activiti.engine.RepositoryService, java.lang.String, org.activiti.runtime.api.impl.ProcessRuntimeImpl]",
                "dst_entity_types": "[org.activiti.engine.RepositoryService, java.lang.String, org.activiti.runtime.api.impl.ProcessRuntimeImpl]"
              }
            }
          ]
        },
        {
          "tool-name": "Elixir",
          "pattern-name": "Elixir:update_invocation",
          "Unified_Diff_of-files:": "Starts Below...",
          "INSERT:": "",
          "CHANGE_old:": "",
          "CHANGE_new:": "                .deploymentIds(latestDeploymentIds());",
          "instance_detail": [
            {
              "pattern_action": "UPD",
              "pattern_entity": {
                "entity_type": "AbstractInvocation",
                "entity_new value": "*",
                "entity_role": "*",
                "entity_parent": "null"
              },
              "concrete_change": {
                "operator": "UPD",
                "src_type": "Invocation",
                "dst_type": "Invocation",
                "src": "repositoryService.createProcessDefinitionQuery().latestVersion().processDefinitionKey(processDefinitionKey).orderByProcessDefinitionAppVersion().desc().list()",
                "dst": "repositoryService.createProcessDefinitionQuery().latestVersion().deploymentIds(latestDeploymentIds()).processDefinitionKey(processDefinitionKey).orderByProcessDefinitionAppVersion().desc()",
                "src_parent_type": "Invocation",
                "dst_parent_type": "Invocation",
                "src_parent": "repositoryService.createProcessDefinitionQuery().latestVersion().processDefinitionKey(processDefinitionKey).orderByProcessDefinitionAppVersion().desc().list().stream()",
                "dst_parent": "repositoryService.createProcessDefinitionQuery().latestVersion().deploymentIds(latestDeploymentIds()).processDefinitionKey(processDefinitionKey).orderByProcessDefinitionAppVersion().desc().list()"
              },
              "line": 130,
              "file": "/home/khesoem/projects/lighter/exp/activiti-core/activiti-api-impl/activiti-api-process-runtime-impl/src/main/java/org/activiti/runtime/api/impl/ProcessRuntimeImpl.java",
              "stats": {
                "number_of_src_entities": 32,
                "number_of_dst_entities": 50,
                "src_entity_types": "[org.activiti.engine.RepositoryService, java.lang.String, org.activiti.runtime.api.impl.ProcessRuntimeImpl]",
                "dst_entity_types": "[org.activiti.engine.RepositoryService, java.lang.String, org.activiti.runtime.api.impl.ProcessRuntimeImpl]"
              }
            }
          ]
        },
        {
          "tool-name": "Elixir",
          "pattern-name": "Elixir:update_invocation",
          "Unified_Diff_of-files:": "Starts Below...",
          "INSERT:": "",
          "CHANGE_old:": "",
          "CHANGE_new:": "                .deploymentIds(latestDeploymentIds());",
          "instance_detail": [
            {
              "pattern_action": "UPD",
              "pattern_entity": {
                "entity_type": "AbstractInvocation",
                "entity_new value": "*",
                "entity_role": "*",
                "entity_parent": "null"
              },
              "concrete_change": {
                "operator": "UPD",
                "src_type": "Invocation",
                "dst_type": "Invocation",
                "src": "repositoryService.createProcessDefinitionQuery().latestVersion().processDefinitionKey(processDefinitionKey).orderByProcessDefinitionAppVersion().desc()",
                "dst": "repositoryService.createProcessDefinitionQuery().latestVersion().deploymentIds(latestDeploymentIds()).processDefinitionKey(processDefinitionKey).orderByProcessDefinitionAppVersion()",
                "src_parent_type": "Invocation",
                "dst_parent_type": "Invocation",
                "src_parent": "repositoryService.createProcessDefinitionQuery().latestVersion().processDefinitionKey(processDefinitionKey).orderByProcessDefinitionAppVersion().desc().list()",
                "dst_parent": "repositoryService.createProcessDefinitionQuery().latestVersion().deploymentIds(latestDeploymentIds()).processDefinitionKey(processDefinitionKey).orderByProcessDefinitionAppVersion().desc()"
              },
              "line": 130,
              "file": "/home/khesoem/projects/lighter/exp/activiti-core/activiti-api-impl/activiti-api-process-runtime-impl/src/main/java/org/activiti/runtime/api/impl/ProcessRuntimeImpl.java",
              "stats": {
                "number_of_src_entities": 30,
                "number_of_dst_entities": 48,
                "src_entity_types": "[org.activiti.engine.RepositoryService, java.lang.String, org.activiti.runtime.api.impl.ProcessRuntimeImpl]",
                "dst_entity_types": "[org.activiti.engine.RepositoryService, java.lang.String, org.activiti.runtime.api.impl.ProcessRuntimeImpl]"
              }
            }
          ]
        },
        {
          "tool-name": "Elixir",
          "pattern-name": "Elixir:update_invocation",
          "Unified_Diff_of-files:": "Starts Below...",
          "INSERT:": "",
          "CHANGE_old:": "",
          "CHANGE_new:": "                .deploymentIds(latestDeploymentIds());",
          "instance_detail": [
            {
              "pattern_action": "UPD",
              "pattern_entity": {
                "entity_type": "AbstractInvocation",
                "entity_new value": "*",
                "entity_role": "*",
                "entity_parent": "null"
              },
              "concrete_change": {
                "operator": "UPD",
                "src_type": "Invocation",
                "dst_type": "Invocation",
                "src": "repositoryService.createProcessDefinitionQuery().latestVersion().processDefinitionKey(processDefinitionKey).orderByProcessDefinitionAppVersion()",
                "dst": "repositoryService.createProcessDefinitionQuery().latestVersion().deploymentIds(latestDeploymentIds()).processDefinitionKey(processDefinitionKey)",
                "src_parent_type": "Invocation",
                "dst_parent_type": "Invocation",
                "src_parent": "repositoryService.createProcessDefinitionQuery().latestVersion().processDefinitionKey(processDefinitionKey).orderByProcessDefinitionAppVersion().desc()",
                "dst_parent": "repositoryService.createProcessDefinitionQuery().latestVersion().deploymentIds(latestDeploymentIds()).processDefinitionKey(processDefinitionKey).orderByProcessDefinitionAppVersion()"
              },
              "line": 130,
              "file": "/home/khesoem/projects/lighter/exp/activiti-core/activiti-api-impl/activiti-api-process-runtime-impl/src/main/java/org/activiti/runtime/api/impl/ProcessRuntimeImpl.java",
              "stats": {
                "number_of_src_entities": 28,
                "number_of_dst_entities": 46,
                "src_entity_types": "[org.activiti.engine.RepositoryService, java.lang.String, org.activiti.runtime.api.impl.ProcessRuntimeImpl]",
                "dst_entity_types": "[org.activiti.engine.RepositoryService, java.lang.String, org.activiti.runtime.api.impl.ProcessRuntimeImpl]"
              }
            }
          ]
        },
        {
          "tool-name": "Elixir",
          "pattern-name": "Elixir:Insert_Invocation",
          "Unified_Diff_of-files:": "Starts Below...",
          "INSERT:": "",
          "CHANGE_old:": "",
          "CHANGE_new:": "                .deploymentIds(latestDeploymentIds());",
          "instance_detail": [
            {
              "pattern_action": "INS",
              "pattern_entity": {
                "entity_type": "AbstractInvocation",
                "entity_new value": "*",
                "entity_role": "*",
                "entity_parent": "null"
              },
              "concrete_change": {
                "operator": "INS",
                "src_type": "Invocation",
                "dst_type": "null",
                "src": "repositoryService.createProcessDefinitionQuery().latestVersion().deploymentIds(latestDeploymentIds()).processDefinitionKey(processDefinitionKey).orderByProcessDefinitionAppVersion().desc().list().stream().findFirst()",
                "dst": "null",
                "src_parent_type": "Return",
                "dst_parent_type": "null",
                "src_parent": "return repositoryService.createProcessDefinitionQuery().latestVersion().deploymentIds(latestDeploymentIds()).processDefinitionKey(processDefinitionKey).orderByProcessDefinitionAppVersion().desc().list().stream().findFirst()",
                "dst_parent": "null"
              },
              "line": 132,
              "file": "/home/khesoem/projects/lighter/exp/activiti-core/activiti-api-impl/activiti-api-process-runtime-impl/src/main/java/org/activiti/runtime/api/impl/ProcessRuntimeImpl.java",
              "stats": {
                "number_of_src_entities": 60,
                "number_of_dst_entities": -1,
                "src_entity_types": "[org.activiti.engine.RepositoryService, java.lang.String, org.activiti.runtime.api.impl.ProcessRuntimeImpl]",
                "dst_entity_types": "[]"
              }
            }
          ]
        }
      ]
    }
  ],
  "complete_analysis": true
}