{
  "instances": [
    {
      "revision": "664e661783a78d52c82af8663f2f2115222c828b",
      "repairability": [
        {
          "tool-name": "JGenProg",
          "pattern-name": "JGenProg:any_statement_deep",
          "Unified_Diff_of-files:": "Starts Below...",
          "INSERT:": "",
          "CHANGE_old:": "",
          "CHANGE_new:": "            return new BooleanBuilder();",
          "instance_detail": [
            {
              "pattern_action": "ANY",
              "pattern_entity": {
                "entity_type": "*",
                "entity_new value": "*",
                "entity_role": "*",
                "entity_parent": {
                  "entity_type": "*",
                  "entity_new value": "*",
                  "entity_role": "Statement",
                  "entity_parent": "null"
                }
              },
              "concrete_change": {
                "operator": "INS",
                "src_type": "Invocation",
                "dst_type": "null",
                "src": "builder.getValue()",
                "dst": "null",
                "src_parent_type": "Return",
                "dst_parent_type": "null",
                "src_parent": "return builder.getValue()",
                "dst_parent": "null"
              },
              "line": 94,
              "file": "/home/khesoem/projects/lighter/exp/src/main/java/org/springframework/data/querydsl/binding/QuerydslPredicateBuilder.java",
              "stats": {
                "number_of_src_entities": 10,
                "number_of_dst_entities": -1,
                "src_entity_types": "[com.querydsl.core.BooleanBuilder]",
                "dst_entity_types": "[]"
              }
            }
          ]
        }
      ]
    },
    {
      "revision": "664e661783a78d52c82af8663f2f2115222c828b",
      "repairability": [
        {
          "tool-name": "JGenProg",
          "pattern-name": "JGenProg:any_statement_shallow",
          "Unified_Diff_of-files:": "Starts Below...",
          "INSERT:": "",
          "CHANGE_old:": "",
          "CHANGE_new:": "            return new BooleanBuilder();",
          "instance_detail": [
            {
              "pattern_action": "ANY",
              "pattern_entity": {
                "entity_type": "*",
                "entity_new value": "*",
                "entity_role": "Statement",
                "entity_parent": "null"
              },
              "concrete_change": {
                "operator": "DEL",
                "src_type": "Return",
                "dst_type": "null",
                "src": "return predicateBuilder.getPredicate(domainType, parameters, bindings.map(( it) -\u003e bindingsFactory.createBindingsFor(domainType, it)).orElseGet(() -\u003e bindingsFactory.createBindingsFor(domainType)))",
                "dst": "null",
                "src_parent_type": "Block",
                "dst_parent_type": "null",
                "src_parent": "{\n    org.springframework.util.MultiValueMap\u003cjava.lang.String, java.lang.String\u003e parameters \u003d new org.springframework.util.LinkedMultiValueMap();\n    for (java.util.Map.Entry\u003cjava.lang.String, java.lang.String[]\u003e entry : webRequest.getParameterMap().entrySet()) {\n        parameters.put(entry.getKey(), java.util.Arrays.asList(entry.getValue()));\n    }\n    java.util.Optional\u003corg.springframework.data.querydsl.binding.QuerydslPredicate\u003e annotation \u003d java.util.Optional.ofNullable(parameter.getParameterAnnotation(org.springframework.data.querydsl.binding.QuerydslPredicate.class));\n    org.springframework.data.util.TypeInformation\u003c?\u003e domainType \u003d org.springframework.data.web.querydsl.QuerydslPredicateArgumentResolver.extractTypeInfo(parameter).getRequiredActualType();\n    java.util.Optional\u003cjava.lang.Class\u003c? extends org.springframework.data.querydsl.binding.QuerydslBinderCustomizer\u003c?\u003e\u003e\u003e bindings \u003d annotation.map(QuerydslPredicate::bindings).map(CastUtils::cast);\n    return predicateBuilder.getPredicate(domainType, parameters, bindings.map(( it) -\u003e bindingsFactory.createBindingsFor(domainType, it)).orElseGet(() -\u003e bindingsFactory.createBindingsFor(domainType)));\n}",
                "dst_parent": "null"
              },
              "line": 112,
              "file": "/home/khesoem/projects/lighter/exp/src/main/java/org/springframework/data/web/querydsl/QuerydslPredicateArgumentResolver.java",
              "stats": {
                "number_of_src_entities": 110,
                "number_of_dst_entities": -1,
                "src_entity_types": "[org.springframework.data.querydsl.binding.QuerydslBinderCustomizer\u003c?\u003e, org.springframework.data.web.querydsl.QuerydslPredicateArgumentResolver, org.springframework.data.querydsl.binding.QuerydslPredicateBuilder, , java.util.Optional\u003cjava.lang.Class\u003c? extends org.springframework.data.querydsl.binding.QuerydslBinderCustomizer\u003c?\u003e\u003e\u003e, java.lang.String, org.springframework.data.web.querydsl.bindingsFactory, java.lang.Class\u003c? extends org.springframework.data.querydsl.binding.QuerydslBinderCustomizer\u003c?\u003e\u003e, org.springframework.data.util.TypeInformation\u003c?\u003e, org.springframework.util.MultiValueMap\u003cjava.lang.String, java.lang.String\u003e]",
                "dst_entity_types": "[]"
              }
            }
          ]
        }
      ]
    }
  ],
  "complete_analysis": true
}