{
  "instances": [
    {
      "revision": "32ea1f77c026891793cf6bc5b716eb354a8a3ee1",
      "repairability": [
        {
          "tool-name": "JGenProg",
          "pattern-name": "JGenProg:any_statement_shallow",
          "Unified_Diff_of-files:": "Starts Below...",
          "INSERT:": "}",
          "instance_detail": [
            {
              "pattern_action": "ANY",
              "pattern_entity": {
                "entity_type": "*",
                "entity_new value": "*",
                "entity_role": "Statement",
                "entity_parent": "null"
              },
              "concrete_change": {
                "operator": "DEL",
                "src_type": "Return",
                "dst_type": "null",
                "src": "return ((java.util.Optional\u003cA\u003e) (annotationCache.get(annotationType)))",
                "dst": "null",
                "src_parent_type": "Block",
                "dst_parent_type": "null",
                "src_parent": "{\n    return ((java.util.Optional\u003cA\u003e) (annotationCache.get(annotationType)));\n}",
                "dst_parent": "null"
              },
              "line": 233,
              "file": "/home/khesoem/projects/lighter/exp/src/main/java/org/springframework/data/mapping/model/AnnotationBasedPersistentProperty.java"
            }
          ]
        },
        {
          "tool-name": "JGenProg",
          "pattern-name": "JGenProg:any_statement_shallow",
          "Unified_Diff_of-files:": "Starts Below...",
          "INSERT:": "}",
          "instance_detail": [
            {
              "pattern_action": "ANY",
              "pattern_entity": {
                "entity_type": "*",
                "entity_new value": "*",
                "entity_role": "Statement",
                "entity_parent": "null"
              },
              "concrete_change": {
                "operator": "DEL",
                "src_type": "If",
                "dst_type": "null",
                "src": "if (((annotationCache) !\u003d null) \u0026\u0026 (annotationCache.containsKey(annotationType))) {\n    return ((java.util.Optional\u003cA\u003e) (annotationCache.get(annotationType)));\n}",
                "dst": "null",
                "src_parent_type": "Block",
                "dst_parent_type": "null",
                "src_parent": "{\n    if (((annotationCache) !\u003d null) \u0026\u0026 (annotationCache.containsKey(annotationType))) {\n        return ((java.util.Optional\u003cA\u003e) (annotationCache.get(annotationType)));\n    }\n    return cacheAndReturn(annotationType, getAccessors().flatMap(( it) -\u003e {\n        A mergedAnnotation \u003d org.springframework.core.annotation.AnnotatedElementUtils.findMergedAnnotation(it, annotationType);\n        if (mergedAnnotation \u003d\u003d null) {\n            return java.util.stream.Stream.empty();\n        }\n        return java.util.stream.Stream.of(mergedAnnotation);\n    }).findFirst());\n}",
                "dst_parent": "null"
              },
              "line": 232,
              "file": "/home/khesoem/projects/lighter/exp/src/main/java/org/springframework/data/mapping/model/AnnotationBasedPersistentProperty.java",
              "stats": {
                "number_of_src_entities": 106,
                "number_of_dst_entities": -1,
                "src_entity_types": "[boolean, org.springframework.data.mapping.model.AnnotationBasedPersistentProperty, java.util.Optional\u003cA\u003e, java.lang.Class\u003cA\u003e, java.util.Map, \u003cnulltype\u003e]",
                "dst_entity_types": "[]"
              }
            }
          ]
        },
        {
          "tool-name": "JGenProg",
          "pattern-name": "JGenProg:any_statement_shallow",
          "Unified_Diff_of-files:": "Starts Below...",
          "INSERT:": "}",
          "instance_detail": [
            {
              "pattern_action": "ANY",
              "pattern_entity": {
                "entity_type": "*",
                "entity_new value": "*",
                "entity_role": "Statement",
                "entity_parent": "null"
              },
              "concrete_change": {
                "operator": "DEL",
                "src_type": "LocalVariable",
                "dst_type": "null",
                "src": "A mergedAnnotation \u003d org.springframework.core.annotation.AnnotatedElementUtils.findMergedAnnotation(it, annotationType)",
                "dst": "null",
                "src_parent_type": "Block",
                "dst_parent_type": "null",
                "src_parent": "{\n    A mergedAnnotation \u003d org.springframework.core.annotation.AnnotatedElementUtils.findMergedAnnotation(it, annotationType);\n    if (mergedAnnotation \u003d\u003d null) {\n        return java.util.stream.Stream.empty();\n    }\n    return java.util.stream.Stream.of(mergedAnnotation);\n}",
                "dst_parent": "null"
              },
              "line": 239,
              "file": "/home/khesoem/projects/lighter/exp/src/main/java/org/springframework/data/mapping/model/AnnotationBasedPersistentProperty.java"
            }
          ]
        },
        {
          "tool-name": "JGenProg",
          "pattern-name": "JGenProg:any_statement_shallow",
          "Unified_Diff_of-files:": "Starts Below...",
          "INSERT:": "}",
          "instance_detail": [
            {
              "pattern_action": "ANY",
              "pattern_entity": {
                "entity_type": "*",
                "entity_new value": "*",
                "entity_role": "Statement",
                "entity_parent": "null"
              },
              "concrete_change": {
                "operator": "DEL",
                "src_type": "Return",
                "dst_type": "null",
                "src": "return java.util.stream.Stream.empty()",
                "dst": "null",
                "src_parent_type": "Block",
                "dst_parent_type": "null",
                "src_parent": "{\n    return java.util.stream.Stream.empty();\n}",
                "dst_parent": "null"
              },
              "line": 242,
              "file": "/home/khesoem/projects/lighter/exp/src/main/java/org/springframework/data/mapping/model/AnnotationBasedPersistentProperty.java"
            }
          ]
        },
        {
          "tool-name": "JGenProg",
          "pattern-name": "JGenProg:any_statement_shallow",
          "Unified_Diff_of-files:": "Starts Below...",
          "INSERT:": "}",
          "instance_detail": [
            {
              "pattern_action": "ANY",
              "pattern_entity": {
                "entity_type": "*",
                "entity_new value": "*",
                "entity_role": "Statement",
                "entity_parent": "null"
              },
              "concrete_change": {
                "operator": "DEL",
                "src_type": "If",
                "dst_type": "null",
                "src": "if (mergedAnnotation \u003d\u003d null) {\n    return java.util.stream.Stream.empty();\n}",
                "dst": "null",
                "src_parent_type": "Block",
                "dst_parent_type": "null",
                "src_parent": "{\n    A mergedAnnotation \u003d org.springframework.core.annotation.AnnotatedElementUtils.findMergedAnnotation(it, annotationType);\n    if (mergedAnnotation \u003d\u003d null) {\n        return java.util.stream.Stream.empty();\n    }\n    return java.util.stream.Stream.of(mergedAnnotation);\n}",
                "dst_parent": "null"
              },
              "line": 241,
              "file": "/home/khesoem/projects/lighter/exp/src/main/java/org/springframework/data/mapping/model/AnnotationBasedPersistentProperty.java"
            }
          ]
        },
        {
          "tool-name": "JGenProg",
          "pattern-name": "JGenProg:any_statement_shallow",
          "Unified_Diff_of-files:": "Starts Below...",
          "INSERT:": "}",
          "instance_detail": [
            {
              "pattern_action": "ANY",
              "pattern_entity": {
                "entity_type": "*",
                "entity_new value": "*",
                "entity_role": "Statement",
                "entity_parent": "null"
              },
              "concrete_change": {
                "operator": "DEL",
                "src_type": "Return",
                "dst_type": "null",
                "src": "return java.util.stream.Stream.of(mergedAnnotation)",
                "dst": "null",
                "src_parent_type": "Block",
                "dst_parent_type": "null",
                "src_parent": "{\n    A mergedAnnotation \u003d org.springframework.core.annotation.AnnotatedElementUtils.findMergedAnnotation(it, annotationType);\n    if (mergedAnnotation \u003d\u003d null) {\n        return java.util.stream.Stream.empty();\n    }\n    return java.util.stream.Stream.of(mergedAnnotation);\n}",
                "dst_parent": "null"
              },
              "line": 245,
              "file": "/home/khesoem/projects/lighter/exp/src/main/java/org/springframework/data/mapping/model/AnnotationBasedPersistentProperty.java"
            }
          ]
        },
        {
          "tool-name": "JGenProg",
          "pattern-name": "JGenProg:any_statement_shallow",
          "Unified_Diff_of-files:": "Starts Below...",
          "INSERT:": "}",
          "instance_detail": [
            {
              "pattern_action": "ANY",
              "pattern_entity": {
                "entity_type": "*",
                "entity_new value": "*",
                "entity_role": "Statement",
                "entity_parent": "null"
              },
              "concrete_change": {
                "operator": "DEL",
                "src_type": "Invocation",
                "dst_type": "null",
                "src": "annotationCache.put(type, annotation)",
                "dst": "null",
                "src_parent_type": "Block",
                "dst_parent_type": "null",
                "src_parent": "{\n    annotationCache.put(type, annotation);\n    return annotation;\n}",
                "dst_parent": "null"
              },
              "line": 271,
              "file": "/home/khesoem/projects/lighter/exp/src/main/java/org/springframework/data/mapping/model/AnnotationBasedPersistentProperty.java"
            }
          ]
        },
        {
          "tool-name": "JGenProg",
          "pattern-name": "JGenProg:any_statement_shallow",
          "Unified_Diff_of-files:": "Starts Below...",
          "INSERT:": "}",
          "instance_detail": [
            {
              "pattern_action": "ANY",
              "pattern_entity": {
                "entity_type": "*",
                "entity_new value": "*",
                "entity_role": "Statement",
                "entity_parent": "null"
              },
              "concrete_change": {
                "operator": "DEL",
                "src_type": "Return",
                "dst_type": "null",
                "src": "return annotation",
                "dst": "null",
                "src_parent_type": "Block",
                "dst_parent_type": "null",
                "src_parent": "{\n    annotationCache.put(type, annotation);\n    return annotation;\n}",
                "dst_parent": "null"
              },
              "line": 272,
              "file": "/home/khesoem/projects/lighter/exp/src/main/java/org/springframework/data/mapping/model/AnnotationBasedPersistentProperty.java"
            }
          ]
        },
        {
          "tool-name": "JGenProg",
          "pattern-name": "JGenProg:any_statement_deep",
          "Unified_Diff_of-files:": "Starts Below...",
          "INSERT:": "}",
          "instance_detail": [
            {
              "pattern_action": "ANY",
              "pattern_entity": {
                "entity_type": "*",
                "entity_new value": "*",
                "entity_role": "*",
                "entity_parent": {
                  "entity_type": "*",
                  "entity_new value": "*",
                  "entity_role": "Statement",
                  "entity_parent": "null"
                }
              },
              "concrete_change": {
                "operator": "UPD",
                "src_type": "Lambda",
                "dst_type": "Lambda",
                "src": "( it) -\u003e org.springframework.data.util.Optionals.toStream(it)",
                "dst": "( it) -\u003e org.springframework.data.util.Optionals.toStream(it)",
                "src_parent_type": "Invocation",
                "dst_parent_type": "Invocation",
                "src_parent": "annotationCache.values().stream().flatMap(( it) -\u003e org.springframework.data.util.Optionals.toStream(it))",
                "dst_parent": "annotationCache.values().stream().flatMap(( it) -\u003e org.springframework.data.util.Optionals.toStream(it))"
              },
              "line": 306,
              "file": "/home/khesoem/projects/lighter/exp/src/main/java/org/springframework/data/mapping/model/AnnotationBasedPersistentProperty.java",
              "stats": {
                "number_of_src_entities": 45,
                "number_of_dst_entities": 45,
                "src_entity_types": "[java.util.function.Function\u003c? super java.util.Optional\u003c? extends java.lang.annotation.Annotation\u003e, ? extends java.util.stream.Stream\u003c? extends java.lang.Object\u003e\u003e, java.lang.annotation.Annotation, java.util.Optional\u003c? extends java.lang.annotation.Annotation\u003e, java.lang.Object, org.springframework.data.util.Optionals, java.util.stream.Stream\u003c? extends java.lang.Object\u003e]",
                "dst_entity_types": "[java.util.function.Function\u003c? super java.util.Optional\u003c? extends java.lang.annotation.Annotation\u003e, ? extends java.util.stream.Stream\u003c? extends java.lang.Object\u003e\u003e, java.lang.annotation.Annotation, java.util.Optional\u003c? extends java.lang.annotation.Annotation\u003e, java.lang.Object, org.springframework.data.util.Optionals, java.util.stream.Stream\u003c? extends java.lang.Object\u003e]"
              }
            }
          ]
        }
      ]
    }
  ],
  "complete_analysis": true
}