{
  "instances": [
    {
      "revision": "0341f60c7c39e27495e5985c158ad5a5f7a55333",
      "repairability": [
        {
          "tool-name": "JGenProg",
          "pattern-name": "JGenProg:any_statement_shallow",
          "Unified_Diff_of-files:": "Starts Below...",
          "INSERT:": "",
          "CHANGE_old:": "            return false;",
          "CHANGE_new:": "",
          "DELETE:": "    @ReadingConverter",
          "instance_detail": [
            {
              "pattern_action": "ANY",
              "pattern_entity": {
                "entity_type": "*",
                "entity_new value": "*",
                "entity_role": "Statement",
                "entity_parent": "null"
              },
              "concrete_change": {
                "operator": "DEL",
                "src_type": "Return",
                "dst_type": "null",
                "src": "return false",
                "dst": "null",
                "src_parent_type": "Block",
                "dst_parent_type": "null",
                "src_parent": "{\n    return false;\n}",
                "dst_parent": "null"
              },
              "line": 89,
              "file": "/home/khesoem/projects/lighter/exp/src/main/java/org/springframework/data/convert/ThreeTenBackPortConverters.java"
            }
          ]
        },
        {
          "tool-name": "JGenProg",
          "pattern-name": "JGenProg:any_statement_shallow",
          "Unified_Diff_of-files:": "Starts Below...",
          "INSERT:": "",
          "CHANGE_old:": "            return false;",
          "CHANGE_new:": "",
          "DELETE:": "    @ReadingConverter",
          "instance_detail": [
            {
              "pattern_action": "ANY",
              "pattern_entity": {
                "entity_type": "*",
                "entity_new value": "*",
                "entity_role": "Statement",
                "entity_parent": "null"
              },
              "concrete_change": {
                "operator": "DEL",
                "src_type": "If",
                "dst_type": "null",
                "src": "if (!(org.springframework.data.convert.ThreeTenBackPortConverters.THREE_TEN_BACK_PORT_IS_PRESENT)) {\n    return false;\n}",
                "dst": "null",
                "src_parent_type": "Block",
                "dst_parent_type": "null",
                "src_parent": "{\n    if (!(org.springframework.data.convert.ThreeTenBackPortConverters.THREE_TEN_BACK_PORT_IS_PRESENT)) {\n        return false;\n    }\n    return java.util.Arrays.\u003cjava.lang.Class\u003c?\u003e\u003easList(org.springframework.data.convert.LocalDateTime.class, org.threeten.bp.LocalDate.class, org.threeten.bp.LocalTime.class, org.springframework.data.convert.Instant.class, java.time.Instant.class).contains(type);\n}",
                "dst_parent": "null"
              },
              "line": 88,
              "file": "/home/khesoem/projects/lighter/exp/src/main/java/org/springframework/data/convert/ThreeTenBackPortConverters.java",
              "stats": {
                "number_of_src_entities": 15,
                "number_of_dst_entities": -1,
                "src_entity_types": "[boolean, org.springframework.data.convert.ThreeTenBackPortConverters]",
                "dst_entity_types": "[]"
              }
            }
          ]
        }
      ]
    }
  ],
  "complete_analysis": true
}