{
  "instances": [
    {
      "revision": "3590075a46663ff83cd4b1772d6ba720b91ba70c",
      "repairability": [
        {
          "tool-name": "Arja",
          "pattern-name": "Arja:arja_shallow_change",
          "Unified_Diff_of-files:": "Starts Below...",
          "INSERT:": "            PersistenceProvider persistenceProvider \u003d PersistenceProvider.fromEntityManager(entityManager);",
          "CHANGE_old:": "                    : new ParameterMetadataProvider(builder, accessor);",
          "CHANGE_new:": "                    persistenceProvider) : new ParameterMetadataProvider(builder, accessor, persistenceProvider);",
          "instance_detail": [
            {
              "pattern_action": "ANY",
              "pattern_entity": {
                "entity_type": "Statement",
                "entity_new value": "*",
                "entity_role": "*",
                "entity_parent": "null"
              },
              "concrete_change": {
                "operator": "DEL",
                "src_type": "Invocation",
                "dst_type": "null",
                "src": "org.springframework.data.jpa.repository.query.ParameterMetadataProvider.ParameterMetadata.toCollection(parameter)",
                "dst": "null",
                "src_parent_type": "Conditional",
                "dst_parent_type": "null",
                "src_parent": "java.util.Collection.class.equals(expression.getJavaType()) ? org.springframework.data.jpa.repository.query.ParameterMetadataProvider.ParameterMetadata.toCollection(parameter) : parameter",
                "dst_parent": "null"
              },
              "line": 189,
              "file": "/home/khesoem/projects/lighter/exp/src/main/java/org/springframework/data/jpa/repository/query/ParameterMetadataProvider.java",
              "stats": {
                "number_of_src_entities": 20,
                "number_of_dst_entities": -1,
                "src_entity_types": "[org.springframework.data.jpa.repository.query.ParameterMetadataProvider, java.lang.Object, org.springframework.data.jpa.repository.query.ParameterMetadataProvider.ParameterMetadata]",
                "dst_entity_types": "[]"
              }
            }
          ]
        },
        {
          "tool-name": "Arja",
          "pattern-name": "Arja:arja_deep_change",
          "Unified_Diff_of-files:": "Starts Below...",
          "INSERT:": "            PersistenceProvider persistenceProvider \u003d PersistenceProvider.fromEntityManager(entityManager);",
          "CHANGE_old:": "                    : new ParameterMetadataProvider(builder, accessor);",
          "CHANGE_new:": "                    persistenceProvider) : new ParameterMetadataProvider(builder, accessor, persistenceProvider);",
          "instance_detail": [
            {
              "pattern_action": "ANY",
              "pattern_entity": {
                "entity_type": "*",
                "entity_new value": "*",
                "entity_role": "*",
                "entity_parent": {
                  "entity_type": "Statement",
                  "entity_new value": "*",
                  "entity_role": "*",
                  "entity_parent": "null"
                }
              },
              "concrete_change": {
                "operator": "UPD",
                "src_type": "VariableRead",
                "dst_type": "VariableRead",
                "src": "parameter",
                "dst": "value",
                "src_parent_type": "Invocation",
                "dst_parent_type": "Invocation",
                "src_parent": "org.springframework.util.Assert.notNull(parameter)",
                "dst_parent": "org.springframework.util.Assert.notNull(value)"
              },
              "line": 179,
              "file": "/home/khesoem/projects/lighter/exp/src/main/java/org/springframework/data/jpa/repository/query/ParameterMetadataProvider.java",
              "stats": {
                "number_of_src_entities": 4,
                "number_of_dst_entities": 4,
                "src_entity_types": "[java.lang.Object]",
                "dst_entity_types": "[java.lang.Object]"
              }
            }
          ]
        },
        {
          "tool-name": "Arja",
          "pattern-name": "Arja:arja_deep_change",
          "Unified_Diff_of-files:": "Starts Below...",
          "INSERT:": "            PersistenceProvider persistenceProvider \u003d PersistenceProvider.fromEntityManager(entityManager);",
          "CHANGE_old:": "                    : new ParameterMetadataProvider(builder, accessor);",
          "CHANGE_new:": "                    persistenceProvider) : new ParameterMetadataProvider(builder, accessor, persistenceProvider);",
          "instance_detail": [
            {
              "pattern_action": "ANY",
              "pattern_entity": {
                "entity_type": "*",
                "entity_new value": "*",
                "entity_role": "*",
                "entity_parent": {
                  "entity_type": "Statement",
                  "entity_new value": "*",
                  "entity_role": "*",
                  "entity_parent": "null"
                }
              },
              "concrete_change": {
                "operator": "UPD",
                "src_type": "VariableRead",
                "dst_type": "VariableRead",
                "src": "parameter",
                "dst": "value",
                "src_parent_type": "Invocation",
                "dst_parent_type": "Invocation",
                "src_parent": "parameter.toString()",
                "dst_parent": "value.toString()"
              },
              "line": 183,
              "file": "/home/khesoem/projects/lighter/exp/src/main/java/org/springframework/data/jpa/repository/query/ParameterMetadataProvider.java",
              "stats": {
                "number_of_src_entities": 4,
                "number_of_dst_entities": 4,
                "src_entity_types": "[java.lang.Object]",
                "dst_entity_types": "[java.lang.Object]"
              }
            }
          ]
        },
        {
          "tool-name": "Arja",
          "pattern-name": "Arja:arja_deep_change",
          "Unified_Diff_of-files:": "Starts Below...",
          "INSERT:": "            PersistenceProvider persistenceProvider \u003d PersistenceProvider.fromEntityManager(entityManager);",
          "CHANGE_old:": "                    : new ParameterMetadataProvider(builder, accessor);",
          "CHANGE_new:": "                    persistenceProvider) : new ParameterMetadataProvider(builder, accessor, persistenceProvider);",
          "instance_detail": [
            {
              "pattern_action": "ANY",
              "pattern_entity": {
                "entity_type": "*",
                "entity_new value": "*",
                "entity_role": "*",
                "entity_parent": {
                  "entity_type": "Statement",
                  "entity_new value": "*",
                  "entity_role": "*",
                  "entity_parent": "null"
                }
              },
              "concrete_change": {
                "operator": "UPD",
                "src_type": "VariableRead",
                "dst_type": "VariableRead",
                "src": "parameter",
                "dst": "value",
                "src_parent_type": "Invocation",
                "dst_parent_type": "Invocation",
                "src_parent": "parameter.toString()",
                "dst_parent": "value.toString()"
              },
              "line": 185,
              "file": "/home/khesoem/projects/lighter/exp/src/main/java/org/springframework/data/jpa/repository/query/ParameterMetadataProvider.java",
              "stats": {
                "number_of_src_entities": 4,
                "number_of_dst_entities": 4,
                "src_entity_types": "[java.lang.Object]",
                "dst_entity_types": "[java.lang.Object]"
              }
            }
          ]
        },
        {
          "tool-name": "Arja",
          "pattern-name": "Arja:arja_deep_change",
          "Unified_Diff_of-files:": "Starts Below...",
          "INSERT:": "            PersistenceProvider persistenceProvider \u003d PersistenceProvider.fromEntityManager(entityManager);",
          "CHANGE_old:": "                    : new ParameterMetadataProvider(builder, accessor);",
          "CHANGE_new:": "                    persistenceProvider) : new ParameterMetadataProvider(builder, accessor, persistenceProvider);",
          "instance_detail": [
            {
              "pattern_action": "ANY",
              "pattern_entity": {
                "entity_type": "*",
                "entity_new value": "*",
                "entity_role": "*",
                "entity_parent": {
                  "entity_type": "Statement",
                  "entity_new value": "*",
                  "entity_role": "*",
                  "entity_parent": "null"
                }
              },
              "concrete_change": {
                "operator": "UPD",
                "src_type": "VariableRead",
                "dst_type": "VariableRead",
                "src": "parameter",
                "dst": "value",
                "src_parent_type": "Invocation",
                "dst_parent_type": "Invocation",
                "src_parent": "parameter.toString()",
                "dst_parent": "value.toString()"
              },
              "line": 187,
              "file": "/home/khesoem/projects/lighter/exp/src/main/java/org/springframework/data/jpa/repository/query/ParameterMetadataProvider.java",
              "stats": {
                "number_of_src_entities": 4,
                "number_of_dst_entities": 4,
                "src_entity_types": "[java.lang.Object]",
                "dst_entity_types": "[java.lang.Object]"
              }
            }
          ]
        }
      ]
    }
  ],
  "complete_analysis": true
}