{
  "instances": [
    {
      "revision": "13d0ed2c7f8fe173a03971da1eeefac2e8f8b461",
      "repairability": [
        {
          "tool-name": "Arja",
          "pattern-name": "Arja:arja_shallow_change",
          "Unified_Diff_of-files:": "Starts Below...",
          "CHANGE_old:": "      Type swaggerType, Type producerType) {",
          "CHANGE_new:": "      Type producerType) {",
          "instance_detail": [
            {
              "pattern_action": "ANY",
              "pattern_entity": {
                "entity_type": "Statement",
                "entity_new value": "*",
                "entity_role": "*",
                "entity_parent": "null"
              },
              "concrete_change": {
                "operator": "DEL",
                "src_type": "Invocation",
                "dst_type": "null",
                "src": "responseBuilder.header(entry.getKey(), entry.getValue())",
                "dst": "null",
                "src_parent_type": "Block",
                "dst_parent_type": "null",
                "src_parent": "{\n    responseBuilder.header(entry.getKey(), entry.getValue());\n}",
                "dst_parent": "null"
              },
              "line": 37,
              "file": "/home/khesoem/projects/lighter/exp/swagger/swagger-invocation/invocation-jaxrs/src/main/java/org/apache/servicecomb/swagger/invocation/jaxrs/response/JaxrsConsumerResponseMapper.java"
            }
          ]
        },
        {
          "tool-name": "Arja",
          "pattern-name": "Arja:arja_shallow_change",
          "Unified_Diff_of-files:": "Starts Below...",
          "CHANGE_old:": "      Type swaggerType, Type producerType) {",
          "CHANGE_new:": "      Type producerType) {",
          "instance_detail": [
            {
              "pattern_action": "ANY",
              "pattern_entity": {
                "entity_type": "Statement",
                "entity_new value": "*",
                "entity_role": "*",
                "entity_parent": "null"
              },
              "concrete_change": {
                "operator": "DEL",
                "src_type": "ForEach",
                "dst_type": "null",
                "src": "for (java.util.Map.Entry\u003cjava.lang.String, java.util.List\u003cjava.lang.Object\u003e\u003e entry : headers.entrySet()) {\n    responseBuilder.header(entry.getKey(), entry.getValue());\n}",
                "dst": "null",
                "src_parent_type": "Block",
                "dst_parent_type": "null",
                "src_parent": "{\n    for (java.util.Map.Entry\u003cjava.lang.String, java.util.List\u003cjava.lang.Object\u003e\u003e entry : headers.entrySet()) {\n        responseBuilder.header(entry.getKey(), entry.getValue());\n    }\n}",
                "dst_parent": "null"
              },
              "line": 36,
              "file": "/home/khesoem/projects/lighter/exp/swagger/swagger-invocation/invocation-jaxrs/src/main/java/org/apache/servicecomb/swagger/invocation/jaxrs/response/JaxrsConsumerResponseMapper.java",
              "stats": {
                "number_of_src_entities": 89,
                "number_of_dst_entities": -1,
                "src_entity_types": "[java.util.Map.Entry\u003cjava.lang.String, java.util.List\u003cjava.lang.Object\u003e\u003e, java.util.Map.Entry, java.lang.Object, java.lang.String, java.util.List\u003cjava.lang.Object\u003e, java.util.Map, java.util.Map\u003cjava.lang.String, java.util.List\u003cjava.lang.Object\u003e\u003e, javax.ws.rs.core.Response.ResponseBuilder]",
                "dst_entity_types": "[]"
              }
            }
          ]
        },
        {
          "tool-name": "Arja",
          "pattern-name": "Arja:arja_shallow_change",
          "Unified_Diff_of-files:": "Starts Below...",
          "CHANGE_old:": "      Type swaggerType, Type producerType) {",
          "CHANGE_new:": "      Type producerType) {",
          "instance_detail": [
            {
              "pattern_action": "ANY",
              "pattern_entity": {
                "entity_type": "Statement",
                "entity_new value": "*",
                "entity_role": "*",
                "entity_parent": "null"
              },
              "concrete_change": {
                "operator": "DEL",
                "src_type": "If",
                "dst_type": "null",
                "src": "if (headers !\u003d null) {\n    for (java.util.Map.Entry\u003cjava.lang.String, java.util.List\u003cjava.lang.Object\u003e\u003e entry : headers.entrySet()) {\n        responseBuilder.header(entry.getKey(), entry.getValue());\n    }\n}",
                "dst": "null",
                "src_parent_type": "Block",
                "dst_parent_type": "null",
                "src_parent": "{\n    javax.ws.rs.core.Response.ResponseBuilder responseBuilder \u003d javax.ws.rs.core.Response.status(response.getStatus()).entity(response.getResult());\n    java.util.Map\u003cjava.lang.String, java.util.List\u003cjava.lang.Object\u003e\u003e headers \u003d response.getHeaders().getHeaderMap();\n    if (headers !\u003d null) {\n        for (java.util.Map.Entry\u003cjava.lang.String, java.util.List\u003cjava.lang.Object\u003e\u003e entry : headers.entrySet()) {\n            responseBuilder.header(entry.getKey(), entry.getValue());\n        }\n    }\n    return responseBuilder.build();\n}",
                "dst_parent": "null"
              },
              "line": 35,
              "file": "/home/khesoem/projects/lighter/exp/swagger/swagger-invocation/invocation-jaxrs/src/main/java/org/apache/servicecomb/swagger/invocation/jaxrs/response/JaxrsConsumerResponseMapper.java",
              "stats": {
                "number_of_src_entities": 105,
                "number_of_dst_entities": -1,
                "src_entity_types": "[boolean, java.util.Map.Entry\u003cjava.lang.String, java.util.List\u003cjava.lang.Object\u003e\u003e, java.util.Map.Entry, java.lang.Object, java.lang.String, java.util.List\u003cjava.lang.Object\u003e, java.util.Map\u003cjava.lang.String, java.util.List\u003cjava.lang.Object\u003e\u003e, java.util.Map, \u003cnulltype\u003e, javax.ws.rs.core.Response.ResponseBuilder]",
                "dst_entity_types": "[]"
              }
            }
          ]
        }
      ]
    }
  ],
  "complete_analysis": true
}