{
  "instances": [
    {
      "revision": "0aee752620ac18e5a78c2e1ec6795d0fba20ec99",
      "repairability": [
        {
          "tool-name": "Arja",
          "pattern-name": "Arja:arja_shallow_change",
          "Unified_Diff_of-files:": "Starts Below...",
          "INSERT:": "",
          "CHANGE_old:": "        if (receivedStringMap !\u003d null \u0026\u0026 receivedStringMap.containsKey(EVENT)) {",
          "CHANGE_new:": "          Map\u0026lt;String, String\u0026gt; receivedStringMap \u003d getMapFromString(receivedPacketString);",
          "DELETE:": "              .error(\"Received event is null or doesn\u0027t have event type. {}\", receivedPacketString);",
          "instance_detail": [
            {
              "pattern_action": "ANY",
              "pattern_entity": {
                "entity_type": "Statement",
                "entity_new value": "*",
                "entity_role": "*",
                "entity_parent": "null"
              },
              "concrete_change": {
                "operator": "INS",
                "src_type": "LocalVariable",
                "dst_type": "null",
                "src": "java.lang.String[] keyValue \u003d str.split(org.apache.servicecomb.zeroconfig.server.MAP_ELEMENT_SPILITER)",
                "dst": "null",
                "src_parent_type": "Block",
                "dst_parent_type": "null",
                "src_parent": "{\n    java.util.Map\u003cjava.lang.String, java.lang.String\u003e map \u003d new java.util.HashMap\u003c\u003e();\n    java.lang.String str \u003d inputStr.substring(1, ((inputStr.length()) - 1));\n    java.lang.String[] keyValue \u003d str.split(org.apache.servicecomb.zeroconfig.server.MAP_ELEMENT_SPILITER);\n    for (int i \u003d 0; i \u003c (keyValue.length); i++) {\n        java.lang.String[] str2 \u003d keyValue[i].split(org.apache.servicecomb.zeroconfig.server.MAP_KV_SPILITER);\n        if (((str2.length) - 1) \u003d\u003d 0) {\n            map.put(str2[0].trim(), \"\");\n        } else {\n            map.put(str2[0].trim(), str2[1].trim());\n        }\n    }\n    return map;\n}",
                "dst_parent": "null"
              },
              "line": 163,
              "file": "/home/khesoem/projects/lighter/exp/service-registry/registry-zero-config/src/main/java/org/apache/servicecomb/zeroconfig/server/ServerUtil.java",
              "stats": {
                "number_of_src_entities": 20,
                "number_of_dst_entities": -1,
                "src_entity_types": "[org.apache.servicecomb.zeroconfig.server.MAP_ELEMENT_SPILITER, java.lang.String]",
                "dst_entity_types": "[]"
              }
            }
          ]
        },
        {
          "tool-name": "Arja",
          "pattern-name": "Arja:arja_shallow_change",
          "Unified_Diff_of-files:": "Starts Below...",
          "INSERT:": "",
          "CHANGE_old:": "        if (receivedStringMap !\u003d null \u0026\u0026 receivedStringMap.containsKey(EVENT)) {",
          "CHANGE_new:": "          Map\u0026lt;String, String\u0026gt; receivedStringMap \u003d getMapFromString(receivedPacketString);",
          "DELETE:": "              .error(\"Received event is null or doesn\u0027t have event type. {}\", receivedPacketString);",
          "instance_detail": [
            {
              "pattern_action": "ANY",
              "pattern_entity": {
                "entity_type": "Statement",
                "entity_new value": "*",
                "entity_role": "*",
                "entity_parent": "null"
              },
              "concrete_change": {
                "operator": "DEL",
                "src_type": "Invocation",
                "dst_type": "null",
                "src": "str.trim()",
                "dst": "null",
                "src_parent_type": "LocalVariable",
                "dst_parent_type": "null",
                "src_parent": "java.lang.String trimedString \u003d str.trim()",
                "dst_parent": "null"
              },
              "line": 161,
              "file": "/home/khesoem/projects/lighter/exp/service-registry/registry-zero-config/src/main/java/org/apache/servicecomb/zeroconfig/server/ServerUtil.java"
            }
          ]
        },
        {
          "tool-name": "Arja",
          "pattern-name": "Arja:arja_shallow_change",
          "Unified_Diff_of-files:": "Starts Below...",
          "INSERT:": "",
          "CHANGE_old:": "        if (receivedStringMap !\u003d null \u0026\u0026 receivedStringMap.containsKey(EVENT)) {",
          "CHANGE_new:": "          Map\u0026lt;String, String\u0026gt; receivedStringMap \u003d getMapFromString(receivedPacketString);",
          "DELETE:": "              .error(\"Received event is null or doesn\u0027t have event type. {}\", receivedPacketString);",
          "instance_detail": [
            {
              "pattern_action": "ANY",
              "pattern_entity": {
                "entity_type": "Statement",
                "entity_new value": "*",
                "entity_role": "*",
                "entity_parent": "null"
              },
              "concrete_change": {
                "operator": "DEL",
                "src_type": "LocalVariable",
                "dst_type": "null",
                "src": "java.lang.String trimedString \u003d str.trim()",
                "dst": "null",
                "src_parent_type": "Block",
                "dst_parent_type": "null",
                "src_parent": "{\n    java.util.Map\u003cjava.lang.String, java.lang.String\u003e map \u003d new java.util.HashMap\u003c\u003e();\n    java.lang.String trimedString \u003d str.trim();\n    if (((trimedString.startsWith(org.apache.servicecomb.zeroconfig.server.MAP_STRING_LEFT)) \u0026\u0026 (trimedString.endsWith(org.apache.servicecomb.zeroconfig.server.MAP_STRING_RIGHT))) \u0026\u0026 ((trimedString.length()) \u003e 2)) {\n        trimedString \u003d trimedString.substring(1, ((trimedString.length()) - 1));\n        java.lang.String[] keyValue \u003d trimedString.split(org.apache.servicecomb.zeroconfig.server.MAP_ELEMENT_SPILITER);\n        for (int i \u003d 0; i \u003c (keyValue.length); i++) {\n            java.lang.String[] str2 \u003d keyValue[i].split(org.apache.servicecomb.zeroconfig.server.MAP_KV_SPILITER);\n            if (((str2.length) - 1) \u003d\u003d 0) {\n                map.put(str2[0].trim(), \"\");\n            } else {\n                map.put(str2[0].trim(), str2[1].trim());\n            }\n        }\n    } else {\n        org.apache.servicecomb.zeroconfig.server.ServerUtil.LOGGER.error(\"Wrong format of the input received string: {}\", trimedString);\n    }\n    return map;\n}",
                "dst_parent": "null"
              },
              "line": 161,
              "file": "/home/khesoem/projects/lighter/exp/service-registry/registry-zero-config/src/main/java/org/apache/servicecomb/zeroconfig/server/ServerUtil.java",
              "stats": {
                "number_of_src_entities": 13,
                "number_of_dst_entities": -1,
                "src_entity_types": "[java.lang.String]",
                "dst_entity_types": "[]"
              }
            }
          ]
        },
        {
          "tool-name": "Arja",
          "pattern-name": "Arja:arja_shallow_change",
          "Unified_Diff_of-files:": "Starts Below...",
          "INSERT:": "",
          "CHANGE_old:": "        if (receivedStringMap !\u003d null \u0026\u0026 receivedStringMap.containsKey(EVENT)) {",
          "CHANGE_new:": "          Map\u0026lt;String, String\u0026gt; receivedStringMap \u003d getMapFromString(receivedPacketString);",
          "DELETE:": "              .error(\"Received event is null or doesn\u0027t have event type. {}\", receivedPacketString);",
          "instance_detail": [
            {
              "pattern_action": "ANY",
              "pattern_entity": {
                "entity_type": "Statement",
                "entity_new value": "*",
                "entity_role": "*",
                "entity_parent": "null"
              },
              "concrete_change": {
                "operator": "DEL",
                "src_type": "Invocation",
                "dst_type": "null",
                "src": "(trimedString.startsWith(org.apache.servicecomb.zeroconfig.server.MAP_STRING_LEFT))",
                "dst": "null",
                "src_parent_type": "BinaryOperator",
                "dst_parent_type": "null",
                "src_parent": "((trimedString.startsWith(org.apache.servicecomb.zeroconfig.server.MAP_STRING_LEFT)) \u0026\u0026 (trimedString.endsWith(org.apache.servicecomb.zeroconfig.server.MAP_STRING_RIGHT)))",
                "dst_parent": "null"
              },
              "line": 162,
              "file": "/home/khesoem/projects/lighter/exp/service-registry/registry-zero-config/src/main/java/org/apache/servicecomb/zeroconfig/server/ServerUtil.java"
            }
          ]
        },
        {
          "tool-name": "Arja",
          "pattern-name": "Arja:arja_shallow_change",
          "Unified_Diff_of-files:": "Starts Below...",
          "INSERT:": "",
          "CHANGE_old:": "        if (receivedStringMap !\u003d null \u0026\u0026 receivedStringMap.containsKey(EVENT)) {",
          "CHANGE_new:": "          Map\u0026lt;String, String\u0026gt; receivedStringMap \u003d getMapFromString(receivedPacketString);",
          "DELETE:": "              .error(\"Received event is null or doesn\u0027t have event type. {}\", receivedPacketString);",
          "instance_detail": [
            {
              "pattern_action": "ANY",
              "pattern_entity": {
                "entity_type": "Statement",
                "entity_new value": "*",
                "entity_role": "*",
                "entity_parent": "null"
              },
              "concrete_change": {
                "operator": "DEL",
                "src_type": "Invocation",
                "dst_type": "null",
                "src": "(trimedString.endsWith(org.apache.servicecomb.zeroconfig.server.MAP_STRING_RIGHT))",
                "dst": "null",
                "src_parent_type": "BinaryOperator",
                "dst_parent_type": "null",
                "src_parent": "((trimedString.startsWith(org.apache.servicecomb.zeroconfig.server.MAP_STRING_LEFT)) \u0026\u0026 (trimedString.endsWith(org.apache.servicecomb.zeroconfig.server.MAP_STRING_RIGHT)))",
                "dst_parent": "null"
              },
              "line": 162,
              "file": "/home/khesoem/projects/lighter/exp/service-registry/registry-zero-config/src/main/java/org/apache/servicecomb/zeroconfig/server/ServerUtil.java"
            }
          ]
        },
        {
          "tool-name": "Arja",
          "pattern-name": "Arja:arja_shallow_change",
          "Unified_Diff_of-files:": "Starts Below...",
          "INSERT:": "",
          "CHANGE_old:": "        if (receivedStringMap !\u003d null \u0026\u0026 receivedStringMap.containsKey(EVENT)) {",
          "CHANGE_new:": "          Map\u0026lt;String, String\u0026gt; receivedStringMap \u003d getMapFromString(receivedPacketString);",
          "DELETE:": "              .error(\"Received event is null or doesn\u0027t have event type. {}\", receivedPacketString);",
          "instance_detail": [
            {
              "pattern_action": "ANY",
              "pattern_entity": {
                "entity_type": "Statement",
                "entity_new value": "*",
                "entity_role": "*",
                "entity_parent": "null"
              },
              "concrete_change": {
                "operator": "DEL",
                "src_type": "Invocation",
                "dst_type": "null",
                "src": "(trimedString.length())",
                "dst": "null",
                "src_parent_type": "BinaryOperator",
                "dst_parent_type": "null",
                "src_parent": "((trimedString.length()) \u003e 2)",
                "dst_parent": "null"
              },
              "line": 163,
              "file": "/home/khesoem/projects/lighter/exp/service-registry/registry-zero-config/src/main/java/org/apache/servicecomb/zeroconfig/server/ServerUtil.java"
            }
          ]
        },
        {
          "tool-name": "Arja",
          "pattern-name": "Arja:arja_shallow_change",
          "Unified_Diff_of-files:": "Starts Below...",
          "INSERT:": "",
          "CHANGE_old:": "        if (receivedStringMap !\u003d null \u0026\u0026 receivedStringMap.containsKey(EVENT)) {",
          "CHANGE_new:": "          Map\u0026lt;String, String\u0026gt; receivedStringMap \u003d getMapFromString(receivedPacketString);",
          "DELETE:": "              .error(\"Received event is null or doesn\u0027t have event type. {}\", receivedPacketString);",
          "instance_detail": [
            {
              "pattern_action": "ANY",
              "pattern_entity": {
                "entity_type": "Statement",
                "entity_new value": "*",
                "entity_role": "*",
                "entity_parent": "null"
              },
              "concrete_change": {
                "operator": "DEL",
                "src_type": "Invocation",
                "dst_type": "null",
                "src": "trimedString.substring(1, ((trimedString.length()) - 1))",
                "dst": "null",
                "src_parent_type": "Assignment",
                "dst_parent_type": "null",
                "src_parent": "trimedString \u003d trimedString.substring(1, ((trimedString.length()) - 1))",
                "dst_parent": "null"
              },
              "line": 164,
              "file": "/home/khesoem/projects/lighter/exp/service-registry/registry-zero-config/src/main/java/org/apache/servicecomb/zeroconfig/server/ServerUtil.java"
            }
          ]
        },
        {
          "tool-name": "Arja",
          "pattern-name": "Arja:arja_shallow_change",
          "Unified_Diff_of-files:": "Starts Below...",
          "INSERT:": "",
          "CHANGE_old:": "        if (receivedStringMap !\u003d null \u0026\u0026 receivedStringMap.containsKey(EVENT)) {",
          "CHANGE_new:": "          Map\u0026lt;String, String\u0026gt; receivedStringMap \u003d getMapFromString(receivedPacketString);",
          "DELETE:": "              .error(\"Received event is null or doesn\u0027t have event type. {}\", receivedPacketString);",
          "instance_detail": [
            {
              "pattern_action": "ANY",
              "pattern_entity": {
                "entity_type": "Statement",
                "entity_new value": "*",
                "entity_role": "*",
                "entity_parent": "null"
              },
              "concrete_change": {
                "operator": "DEL",
                "src_type": "Assignment",
                "dst_type": "null",
                "src": "trimedString \u003d trimedString.substring(1, ((trimedString.length()) - 1))",
                "dst": "null",
                "src_parent_type": "Block",
                "dst_parent_type": "null",
                "src_parent": "{\n    trimedString \u003d trimedString.substring(1, ((trimedString.length()) - 1));\n    java.lang.String[] keyValue \u003d trimedString.split(org.apache.servicecomb.zeroconfig.server.MAP_ELEMENT_SPILITER);\n    for (int i \u003d 0; i \u003c (keyValue.length); i++) {\n        java.lang.String[] str2 \u003d keyValue[i].split(org.apache.servicecomb.zeroconfig.server.MAP_KV_SPILITER);\n        if (((str2.length) - 1) \u003d\u003d 0) {\n            map.put(str2[0].trim(), \"\");\n        } else {\n            map.put(str2[0].trim(), str2[1].trim());\n        }\n    }\n}",
                "dst_parent": "null"
              },
              "line": 164,
              "file": "/home/khesoem/projects/lighter/exp/service-registry/registry-zero-config/src/main/java/org/apache/servicecomb/zeroconfig/server/ServerUtil.java"
            }
          ]
        },
        {
          "tool-name": "Arja",
          "pattern-name": "Arja:arja_shallow_change",
          "Unified_Diff_of-files:": "Starts Below...",
          "INSERT:": "",
          "CHANGE_old:": "        if (receivedStringMap !\u003d null \u0026\u0026 receivedStringMap.containsKey(EVENT)) {",
          "CHANGE_new:": "          Map\u0026lt;String, String\u0026gt; receivedStringMap \u003d getMapFromString(receivedPacketString);",
          "DELETE:": "              .error(\"Received event is null or doesn\u0027t have event type. {}\", receivedPacketString);",
          "instance_detail": [
            {
              "pattern_action": "ANY",
              "pattern_entity": {
                "entity_type": "Statement",
                "entity_new value": "*",
                "entity_role": "*",
                "entity_parent": "null"
              },
              "concrete_change": {
                "operator": "DEL",
                "src_type": "LocalVariable",
                "dst_type": "null",
                "src": "java.lang.String[] keyValue \u003d trimedString.split(org.apache.servicecomb.zeroconfig.server.MAP_ELEMENT_SPILITER)",
                "dst": "null",
                "src_parent_type": "Block",
                "dst_parent_type": "null",
                "src_parent": "{\n    trimedString \u003d trimedString.substring(1, ((trimedString.length()) - 1));\n    java.lang.String[] keyValue \u003d trimedString.split(org.apache.servicecomb.zeroconfig.server.MAP_ELEMENT_SPILITER);\n    for (int i \u003d 0; i \u003c (keyValue.length); i++) {\n        java.lang.String[] str2 \u003d keyValue[i].split(org.apache.servicecomb.zeroconfig.server.MAP_KV_SPILITER);\n        if (((str2.length) - 1) \u003d\u003d 0) {\n            map.put(str2[0].trim(), \"\");\n        } else {\n            map.put(str2[0].trim(), str2[1].trim());\n        }\n    }\n}",
                "dst_parent": "null"
              },
              "line": 165,
              "file": "/home/khesoem/projects/lighter/exp/service-registry/registry-zero-config/src/main/java/org/apache/servicecomb/zeroconfig/server/ServerUtil.java"
            }
          ]
        },
        {
          "tool-name": "Arja",
          "pattern-name": "Arja:arja_shallow_change",
          "Unified_Diff_of-files:": "Starts Below...",
          "INSERT:": "",
          "CHANGE_old:": "        if (receivedStringMap !\u003d null \u0026\u0026 receivedStringMap.containsKey(EVENT)) {",
          "CHANGE_new:": "          Map\u0026lt;String, String\u0026gt; receivedStringMap \u003d getMapFromString(receivedPacketString);",
          "DELETE:": "              .error(\"Received event is null or doesn\u0027t have event type. {}\", receivedPacketString);",
          "instance_detail": [
            {
              "pattern_action": "ANY",
              "pattern_entity": {
                "entity_type": "Statement",
                "entity_new value": "*",
                "entity_role": "*",
                "entity_parent": "null"
              },
              "concrete_change": {
                "operator": "DEL",
                "src_type": "Block",
                "dst_type": "null",
                "src": "{\n    trimedString \u003d trimedString.substring(1, ((trimedString.length()) - 1));\n    java.lang.String[] keyValue \u003d trimedString.split(org.apache.servicecomb.zeroconfig.server.MAP_ELEMENT_SPILITER);\n    for (int i \u003d 0; i \u003c (keyValue.length); i++) {\n        java.lang.String[] str2 \u003d keyValue[i].split(org.apache.servicecomb.zeroconfig.server.MAP_KV_SPILITER);\n        if (((str2.length) - 1) \u003d\u003d 0) {\n            map.put(str2[0].trim(), \"\");\n        } else {\n            map.put(str2[0].trim(), str2[1].trim());\n        }\n    }\n}",
                "dst": "null",
                "src_parent_type": "If",
                "dst_parent_type": "null",
                "src_parent": "if (((trimedString.startsWith(org.apache.servicecomb.zeroconfig.server.MAP_STRING_LEFT)) \u0026\u0026 (trimedString.endsWith(org.apache.servicecomb.zeroconfig.server.MAP_STRING_RIGHT))) \u0026\u0026 ((trimedString.length()) \u003e 2)) {\n    trimedString \u003d trimedString.substring(1, ((trimedString.length()) - 1));\n    java.lang.String[] keyValue \u003d trimedString.split(org.apache.servicecomb.zeroconfig.server.MAP_ELEMENT_SPILITER);\n    for (int i \u003d 0; i \u003c (keyValue.length); i++) {\n        java.lang.String[] str2 \u003d keyValue[i].split(org.apache.servicecomb.zeroconfig.server.MAP_KV_SPILITER);\n        if (((str2.length) - 1) \u003d\u003d 0) {\n            map.put(str2[0].trim(), \"\");\n        } else {\n            map.put(str2[0].trim(), str2[1].trim());\n        }\n    }\n} else {\n    org.apache.servicecomb.zeroconfig.server.ServerUtil.LOGGER.error(\"Wrong format of the input received string: {}\", trimedString);\n}",
                "dst_parent": "null"
              },
              "line": 163,
              "file": "/home/khesoem/projects/lighter/exp/service-registry/registry-zero-config/src/main/java/org/apache/servicecomb/zeroconfig/server/ServerUtil.java"
            }
          ]
        },
        {
          "tool-name": "Arja",
          "pattern-name": "Arja:arja_shallow_change",
          "Unified_Diff_of-files:": "Starts Below...",
          "INSERT:": "",
          "CHANGE_old:": "        if (receivedStringMap !\u003d null \u0026\u0026 receivedStringMap.containsKey(EVENT)) {",
          "CHANGE_new:": "          Map\u0026lt;String, String\u0026gt; receivedStringMap \u003d getMapFromString(receivedPacketString);",
          "DELETE:": "              .error(\"Received event is null or doesn\u0027t have event type. {}\", receivedPacketString);",
          "instance_detail": [
            {
              "pattern_action": "ANY",
              "pattern_entity": {
                "entity_type": "Statement",
                "entity_new value": "*",
                "entity_role": "*",
                "entity_parent": "null"
              },
              "concrete_change": {
                "operator": "DEL",
                "src_type": "Invocation",
                "dst_type": "null",
                "src": "org.apache.servicecomb.zeroconfig.server.ServerUtil.LOGGER.error(\"Wrong format of the input received string: {}\", trimedString)",
                "dst": "null",
                "src_parent_type": "Block",
                "dst_parent_type": "null",
                "src_parent": "{\n    org.apache.servicecomb.zeroconfig.server.ServerUtil.LOGGER.error(\"Wrong format of the input received string: {}\", trimedString);\n}",
                "dst_parent": "null"
              },
              "line": 175,
              "file": "/home/khesoem/projects/lighter/exp/service-registry/registry-zero-config/src/main/java/org/apache/servicecomb/zeroconfig/server/ServerUtil.java"
            }
          ]
        },
        {
          "tool-name": "Arja",
          "pattern-name": "Arja:arja_shallow_change",
          "Unified_Diff_of-files:": "Starts Below...",
          "INSERT:": "",
          "CHANGE_old:": "        if (receivedStringMap !\u003d null \u0026\u0026 receivedStringMap.containsKey(EVENT)) {",
          "CHANGE_new:": "          Map\u0026lt;String, String\u0026gt; receivedStringMap \u003d getMapFromString(receivedPacketString);",
          "DELETE:": "              .error(\"Received event is null or doesn\u0027t have event type. {}\", receivedPacketString);",
          "instance_detail": [
            {
              "pattern_action": "ANY",
              "pattern_entity": {
                "entity_type": "Statement",
                "entity_new value": "*",
                "entity_role": "*",
                "entity_parent": "null"
              },
              "concrete_change": {
                "operator": "DEL",
                "src_type": "Block",
                "dst_type": "null",
                "src": "{\n    org.apache.servicecomb.zeroconfig.server.ServerUtil.LOGGER.error(\"Wrong format of the input received string: {}\", trimedString);\n}",
                "dst": "null",
                "src_parent_type": "If",
                "dst_parent_type": "null",
                "src_parent": "if (((trimedString.startsWith(org.apache.servicecomb.zeroconfig.server.MAP_STRING_LEFT)) \u0026\u0026 (trimedString.endsWith(org.apache.servicecomb.zeroconfig.server.MAP_STRING_RIGHT))) \u0026\u0026 ((trimedString.length()) \u003e 2)) {\n    trimedString \u003d trimedString.substring(1, ((trimedString.length()) - 1));\n    java.lang.String[] keyValue \u003d trimedString.split(org.apache.servicecomb.zeroconfig.server.MAP_ELEMENT_SPILITER);\n    for (int i \u003d 0; i \u003c (keyValue.length); i++) {\n        java.lang.String[] str2 \u003d keyValue[i].split(org.apache.servicecomb.zeroconfig.server.MAP_KV_SPILITER);\n        if (((str2.length) - 1) \u003d\u003d 0) {\n            map.put(str2[0].trim(), \"\");\n        } else {\n            map.put(str2[0].trim(), str2[1].trim());\n        }\n    }\n} else {\n    org.apache.servicecomb.zeroconfig.server.ServerUtil.LOGGER.error(\"Wrong format of the input received string: {}\", trimedString);\n}",
                "dst_parent": "null"
              },
              "line": 174,
              "file": "/home/khesoem/projects/lighter/exp/service-registry/registry-zero-config/src/main/java/org/apache/servicecomb/zeroconfig/server/ServerUtil.java"
            }
          ]
        },
        {
          "tool-name": "Arja",
          "pattern-name": "Arja:arja_shallow_change",
          "Unified_Diff_of-files:": "Starts Below...",
          "INSERT:": "",
          "CHANGE_old:": "        if (receivedStringMap !\u003d null \u0026\u0026 receivedStringMap.containsKey(EVENT)) {",
          "CHANGE_new:": "          Map\u0026lt;String, String\u0026gt; receivedStringMap \u003d getMapFromString(receivedPacketString);",
          "DELETE:": "              .error(\"Received event is null or doesn\u0027t have event type. {}\", receivedPacketString);",
          "instance_detail": [
            {
              "pattern_action": "ANY",
              "pattern_entity": {
                "entity_type": "Statement",
                "entity_new value": "*",
                "entity_role": "*",
                "entity_parent": "null"
              },
              "concrete_change": {
                "operator": "DEL",
                "src_type": "If",
                "dst_type": "null",
                "src": "if (((trimedString.startsWith(org.apache.servicecomb.zeroconfig.server.MAP_STRING_LEFT)) \u0026\u0026 (trimedString.endsWith(org.apache.servicecomb.zeroconfig.server.MAP_STRING_RIGHT))) \u0026\u0026 ((trimedString.length()) \u003e 2)) {\n    trimedString \u003d trimedString.substring(1, ((trimedString.length()) - 1));\n    java.lang.String[] keyValue \u003d trimedString.split(org.apache.servicecomb.zeroconfig.server.MAP_ELEMENT_SPILITER);\n    for (int i \u003d 0; i \u003c (keyValue.length); i++) {\n        java.lang.String[] str2 \u003d keyValue[i].split(org.apache.servicecomb.zeroconfig.server.MAP_KV_SPILITER);\n        if (((str2.length) - 1) \u003d\u003d 0) {\n            map.put(str2[0].trim(), \"\");\n        } else {\n            map.put(str2[0].trim(), str2[1].trim());\n        }\n    }\n} else {\n    org.apache.servicecomb.zeroconfig.server.ServerUtil.LOGGER.error(\"Wrong format of the input received string: {}\", trimedString);\n}",
                "dst": "null",
                "src_parent_type": "Block",
                "dst_parent_type": "null",
                "src_parent": "{\n    java.util.Map\u003cjava.lang.String, java.lang.String\u003e map \u003d new java.util.HashMap\u003c\u003e();\n    java.lang.String trimedString \u003d str.trim();\n    if (((trimedString.startsWith(org.apache.servicecomb.zeroconfig.server.MAP_STRING_LEFT)) \u0026\u0026 (trimedString.endsWith(org.apache.servicecomb.zeroconfig.server.MAP_STRING_RIGHT))) \u0026\u0026 ((trimedString.length()) \u003e 2)) {\n        trimedString \u003d trimedString.substring(1, ((trimedString.length()) - 1));\n        java.lang.String[] keyValue \u003d trimedString.split(org.apache.servicecomb.zeroconfig.server.MAP_ELEMENT_SPILITER);\n        for (int i \u003d 0; i \u003c (keyValue.length); i++) {\n            java.lang.String[] str2 \u003d keyValue[i].split(org.apache.servicecomb.zeroconfig.server.MAP_KV_SPILITER);\n            if (((str2.length) - 1) \u003d\u003d 0) {\n                map.put(str2[0].trim(), \"\");\n            } else {\n                map.put(str2[0].trim(), str2[1].trim());\n            }\n        }\n    } else {\n        org.apache.servicecomb.zeroconfig.server.ServerUtil.LOGGER.error(\"Wrong format of the input received string: {}\", trimedString);\n    }\n    return map;\n}",
                "dst_parent": "null"
              },
              "line": 162,
              "file": "/home/khesoem/projects/lighter/exp/service-registry/registry-zero-config/src/main/java/org/apache/servicecomb/zeroconfig/server/ServerUtil.java",
              "stats": {
                "number_of_src_entities": 284,
                "number_of_dst_entities": -1,
                "src_entity_types": "[int, boolean, org.apache.servicecomb.zeroconfig.server.MAP_ELEMENT_SPILITER, java.lang.String, org.apache.servicecomb.zeroconfig.server.MAP_STRING_LEFT, org.apache.servicecomb.zeroconfig.server.MAP_STRING_RIGHT, org.apache.servicecomb.zeroconfig.server.ServerUtil, org.apache.servicecomb.zeroconfig.server.MAP_KV_SPILITER, java.util.Map\u003cjava.lang.String, java.lang.String\u003e, java.util.Map, org.slf4j.Logger]",
                "dst_entity_types": "[]"
              }
            }
          ]
        },
        {
          "tool-name": "Arja",
          "pattern-name": "Arja:arja_shallow_change",
          "Unified_Diff_of-files:": "Starts Below...",
          "INSERT:": "",
          "CHANGE_old:": "        if (receivedStringMap !\u003d null \u0026\u0026 receivedStringMap.containsKey(EVENT)) {",
          "CHANGE_new:": "          Map\u0026lt;String, String\u0026gt; receivedStringMap \u003d getMapFromString(receivedPacketString);",
          "DELETE:": "              .error(\"Received event is null or doesn\u0027t have event type. {}\", receivedPacketString);",
          "instance_detail": [
            {
              "pattern_action": "ANY",
              "pattern_entity": {
                "entity_type": "Statement",
                "entity_new value": "*",
                "entity_role": "*",
                "entity_parent": "null"
              },
              "concrete_change": {
                "operator": "DEL",
                "src_type": "ConstructorCall",
                "dst_type": "null",
                "src": "new java.lang.String(receivePacketBuffer.getData(), ENCODE)",
                "dst": "null",
                "src_parent_type": "LocalVariable",
                "dst_parent_type": "null",
                "src_parent": "java.lang.String receivedPacketString \u003d new java.lang.String(receivePacketBuffer.getData(), ENCODE)",
                "dst_parent": "null"
              },
              "line": 190,
              "file": "/home/khesoem/projects/lighter/exp/service-registry/registry-zero-config/src/main/java/org/apache/servicecomb/zeroconfig/server/ServerUtil.java"
            }
          ]
        },
        {
          "tool-name": "Arja",
          "pattern-name": "Arja:arja_shallow_change",
          "Unified_Diff_of-files:": "Starts Below...",
          "INSERT:": "",
          "CHANGE_old:": "        if (receivedStringMap !\u003d null \u0026\u0026 receivedStringMap.containsKey(EVENT)) {",
          "CHANGE_new:": "          Map\u0026lt;String, String\u0026gt; receivedStringMap \u003d getMapFromString(receivedPacketString);",
          "DELETE:": "              .error(\"Received event is null or doesn\u0027t have event type. {}\", receivedPacketString);",
          "instance_detail": [
            {
              "pattern_action": "ANY",
              "pattern_entity": {
                "entity_type": "Statement",
                "entity_new value": "*",
                "entity_role": "*",
                "entity_parent": "null"
              },
              "concrete_change": {
                "operator": "DEL",
                "src_type": "Invocation",
                "dst_type": "null",
                "src": "(receivedStringMap.containsKey(org.apache.servicecomb.zeroconfig.server.EVENT))",
                "dst": "null",
                "src_parent_type": "BinaryOperator",
                "dst_parent_type": "null",
                "src_parent": "(receivedStringMap !\u003d null) \u0026\u0026 (receivedStringMap.containsKey(org.apache.servicecomb.zeroconfig.server.EVENT))",
                "dst_parent": "null"
              },
              "line": 194,
              "file": "/home/khesoem/projects/lighter/exp/service-registry/registry-zero-config/src/main/java/org/apache/servicecomb/zeroconfig/server/ServerUtil.java"
            }
          ]
        },
        {
          "tool-name": "Arja",
          "pattern-name": "Arja:arja_shallow_change",
          "Unified_Diff_of-files:": "Starts Below...",
          "INSERT:": "",
          "CHANGE_old:": "        if (receivedStringMap !\u003d null \u0026\u0026 receivedStringMap.containsKey(EVENT)) {",
          "CHANGE_new:": "          Map\u0026lt;String, String\u0026gt; receivedStringMap \u003d getMapFromString(receivedPacketString);",
          "DELETE:": "              .error(\"Received event is null or doesn\u0027t have event type. {}\", receivedPacketString);",
          "instance_detail": [
            {
              "pattern_action": "ANY",
              "pattern_entity": {
                "entity_type": "Statement",
                "entity_new value": "*",
                "entity_role": "*",
                "entity_parent": "null"
              },
              "concrete_change": {
                "operator": "DEL",
                "src_type": "Invocation",
                "dst_type": "null",
                "src": "org.apache.servicecomb.zeroconfig.server.ServerUtil.LOGGER.error(\"Received event is null or doesn\u0027t have event type. {}\", receivedPacketString)",
                "dst": "null",
                "src_parent_type": "Block",
                "dst_parent_type": "null",
                "src_parent": "{\n    org.apache.servicecomb.zeroconfig.server.ServerUtil.LOGGER.error(\"Received event is null or doesn\u0027t have event type. {}\", receivedPacketString);\n}",
                "dst_parent": "null"
              },
              "line": 212,
              "file": "/home/khesoem/projects/lighter/exp/service-registry/registry-zero-config/src/main/java/org/apache/servicecomb/zeroconfig/server/ServerUtil.java"
            }
          ]
        },
        {
          "tool-name": "Arja",
          "pattern-name": "Arja:arja_shallow_change",
          "Unified_Diff_of-files:": "Starts Below...",
          "INSERT:": "",
          "CHANGE_old:": "        if (receivedStringMap !\u003d null \u0026\u0026 receivedStringMap.containsKey(EVENT)) {",
          "CHANGE_new:": "          Map\u0026lt;String, String\u0026gt; receivedStringMap \u003d getMapFromString(receivedPacketString);",
          "DELETE:": "              .error(\"Received event is null or doesn\u0027t have event type. {}\", receivedPacketString);",
          "instance_detail": [
            {
              "pattern_action": "ANY",
              "pattern_entity": {
                "entity_type": "Statement",
                "entity_new value": "*",
                "entity_role": "*",
                "entity_parent": "null"
              },
              "concrete_change": {
                "operator": "DEL",
                "src_type": "Block",
                "dst_type": "null",
                "src": "{\n    org.apache.servicecomb.zeroconfig.server.ServerUtil.LOGGER.error(\"Received event is null or doesn\u0027t have event type. {}\", receivedPacketString);\n}",
                "dst": "null",
                "src_parent_type": "If",
                "dst_parent_type": "null",
                "src_parent": "if ((receivedStringMap !\u003d null) \u0026\u0026 (receivedStringMap.containsKey(org.apache.servicecomb.zeroconfig.server.EVENT))) {\n    java.lang.String event \u003d receivedStringMap.get(org.apache.servicecomb.zeroconfig.server.EVENT);\n    if (event.equals(org.apache.servicecomb.zeroconfig.server.REGISTER_EVENT)) {\n        org.apache.servicecomb.zeroconfig.server.ServerUtil.LOGGER.info(\"Received REGISTER event{}\", receivedStringMap);\n        org.apache.servicecomb.zeroconfig.server.ServerUtil.zeroConfigRegistryService.registerMicroserviceInstance(receivedStringMap);\n    } else\n        if (event.equals(org.apache.servicecomb.zeroconfig.server.UNREGISTER_EVENT)) {\n            org.apache.servicecomb.zeroconfig.server.ServerUtil.LOGGER.info(\"Received UNREGISTER event{}\", receivedStringMap);\n            org.apache.servicecomb.zeroconfig.server.ServerUtil.zeroConfigRegistryService.unregisterMicroserviceInstance(receivedStringMap);\n        } else\n            if (event.equals(org.apache.servicecomb.zeroconfig.server.HEARTBEAT_EVENT)) {\n                if (org.apache.servicecomb.zeroconfig.server.ServerUtil.isSelfServiceInstance(receivedStringMap)) {\n                    continue;\n                }\n                org.apache.servicecomb.zeroconfig.server.ServerUtil.zeroConfigRegistryService.heartbeat(receivedStringMap);\n            } else {\n                org.apache.servicecomb.zeroconfig.server.ServerUtil.LOGGER.error(\"Unrecognized event type. event: {}\", event);\n            }\n\n\n} else {\n    org.apache.servicecomb.zeroconfig.server.ServerUtil.LOGGER.error(\"Received event is null or doesn\u0027t have event type. {}\", receivedPacketString);\n}",
                "dst_parent": "null"
              },
              "line": 211,
              "file": "/home/khesoem/projects/lighter/exp/service-registry/registry-zero-config/src/main/java/org/apache/servicecomb/zeroconfig/server/ServerUtil.java",
              "stats": {
                "number_of_src_entities": 26,
                "number_of_dst_entities": -1,
                "src_entity_types": "[java.lang.String, org.apache.servicecomb.zeroconfig.server.ServerUtil, org.slf4j.Logger]",
                "dst_entity_types": "[]"
              }
            }
          ]
        }
      ]
    }
  ],
  "complete_analysis": true
}