{
  "instances": [
    {
      "revision": "62deed441bf8e2b4153663f54ff0c1e48bf06f4d",
      "repairability": [
        {
          "tool-name": "Arja",
          "pattern-name": "Arja:arja_shallow_change",
          "Unified_Diff_of-files:": "Starts Below...",
          "CHANGE_old:": "      return null;",
          "CHANGE_new:": "",
          "DELETE:": "  }",
          "instance_detail": [
            {
              "pattern_action": "ANY",
              "pattern_entity": {
                "entity_type": "Statement",
                "entity_new value": "*",
                "entity_role": "*",
                "entity_parent": "null"
              },
              "concrete_change": {
                "operator": "DEL",
                "src_type": "Invocation",
                "dst_type": "null",
                "src": "org.apache.servicecomb.foundation.common.utils.JvmUtils.correctClassLoader(classLoader)",
                "dst": "null",
                "src_parent_type": "Assignment",
                "dst_parent_type": "null",
                "src_parent": "classLoader \u003d org.apache.servicecomb.foundation.common.utils.JvmUtils.correctClassLoader(classLoader)",
                "dst_parent": "null"
              },
              "line": 47,
              "file": "/home/khesoem/projects/lighter/exp/swagger/swagger-generator/generator-core/src/main/java/org/apache/servicecomb/swagger/generator/core/utils/ClassUtils.java"
            }
          ]
        },
        {
          "tool-name": "Arja",
          "pattern-name": "Arja:arja_shallow_change",
          "Unified_Diff_of-files:": "Starts Below...",
          "CHANGE_old:": "      return null;",
          "CHANGE_new:": "",
          "DELETE:": "  }",
          "instance_detail": [
            {
              "pattern_action": "ANY",
              "pattern_entity": {
                "entity_type": "Statement",
                "entity_new value": "*",
                "entity_role": "*",
                "entity_parent": "null"
              },
              "concrete_change": {
                "operator": "DEL",
                "src_type": "Assignment",
                "dst_type": "null",
                "src": "classLoader \u003d org.apache.servicecomb.foundation.common.utils.JvmUtils.correctClassLoader(classLoader)",
                "dst": "null",
                "src_parent_type": "Block",
                "dst_parent_type": "null",
                "src_parent": "{\n    classLoader \u003d org.apache.servicecomb.foundation.common.utils.JvmUtils.correctClassLoader(classLoader);\n    try {\n        return classLoader.loadClass(clsName);\n    } catch (java.lang.ClassNotFoundException e) {\n        return null;\n    }\n}",
                "dst_parent": "null"
              },
              "line": 47,
              "file": "/home/khesoem/projects/lighter/exp/swagger/swagger-generator/generator-core/src/main/java/org/apache/servicecomb/swagger/generator/core/utils/ClassUtils.java",
              "stats": {
                "number_of_src_entities": 22,
                "number_of_dst_entities": -1,
                "src_entity_types": "[org.apache.servicecomb.foundation.common.utils.JvmUtils, java.lang.ClassLoader]",
                "dst_entity_types": "[]"
              }
            }
          ]
        },
        {
          "tool-name": "Arja",
          "pattern-name": "Arja:arja_shallow_change",
          "Unified_Diff_of-files:": "Starts Below...",
          "CHANGE_old:": "      return null;",
          "CHANGE_new:": "",
          "DELETE:": "  }",
          "instance_detail": [
            {
              "pattern_action": "ANY",
              "pattern_entity": {
                "entity_type": "Statement",
                "entity_new value": "*",
                "entity_role": "*",
                "entity_parent": "null"
              },
              "concrete_change": {
                "operator": "DEL",
                "src_type": "Return",
                "dst_type": "null",
                "src": "return classLoader.loadClass(clsName)",
                "dst": "null",
                "src_parent_type": "Block",
                "dst_parent_type": "null",
                "src_parent": "{\n    return classLoader.loadClass(clsName);\n}",
                "dst_parent": "null"
              },
              "line": 49,
              "file": "/home/khesoem/projects/lighter/exp/swagger/swagger-generator/generator-core/src/main/java/org/apache/servicecomb/swagger/generator/core/utils/ClassUtils.java"
            }
          ]
        },
        {
          "tool-name": "Arja",
          "pattern-name": "Arja:arja_shallow_change",
          "Unified_Diff_of-files:": "Starts Below...",
          "CHANGE_old:": "      return null;",
          "CHANGE_new:": "",
          "DELETE:": "  }",
          "instance_detail": [
            {
              "pattern_action": "ANY",
              "pattern_entity": {
                "entity_type": "Statement",
                "entity_new value": "*",
                "entity_role": "*",
                "entity_parent": "null"
              },
              "concrete_change": {
                "operator": "DEL",
                "src_type": "Return",
                "dst_type": "null",
                "src": "return null",
                "dst": "null",
                "src_parent_type": "Block",
                "dst_parent_type": "null",
                "src_parent": "{\n    return null;\n}",
                "dst_parent": "null"
              },
              "line": 51,
              "file": "/home/khesoem/projects/lighter/exp/swagger/swagger-generator/generator-core/src/main/java/org/apache/servicecomb/swagger/generator/core/utils/ClassUtils.java"
            }
          ]
        },
        {
          "tool-name": "Arja",
          "pattern-name": "Arja:arja_shallow_change",
          "Unified_Diff_of-files:": "Starts Below...",
          "CHANGE_old:": "      return null;",
          "CHANGE_new:": "",
          "DELETE:": "  }",
          "instance_detail": [
            {
              "pattern_action": "ANY",
              "pattern_entity": {
                "entity_type": "Statement",
                "entity_new value": "*",
                "entity_role": "*",
                "entity_parent": "null"
              },
              "concrete_change": {
                "operator": "DEL",
                "src_type": "Try",
                "dst_type": "null",
                "src": "try {\n    return classLoader.loadClass(clsName);\n} catch (java.lang.ClassNotFoundException e) {\n    return null;\n}",
                "dst": "null",
                "src_parent_type": "Block",
                "dst_parent_type": "null",
                "src_parent": "{\n    classLoader \u003d org.apache.servicecomb.foundation.common.utils.JvmUtils.correctClassLoader(classLoader);\n    try {\n        return classLoader.loadClass(clsName);\n    } catch (java.lang.ClassNotFoundException e) {\n        return null;\n    }\n}",
                "dst_parent": "null"
              },
              "line": 48,
              "file": "/home/khesoem/projects/lighter/exp/swagger/swagger-generator/generator-core/src/main/java/org/apache/servicecomb/swagger/generator/core/utils/ClassUtils.java",
              "stats": {
                "number_of_src_entities": 30,
                "number_of_dst_entities": -1,
                "src_entity_types": "[java.lang.String, java.lang.ClassNotFoundException, \u003cnulltype\u003e, java.lang.ClassLoader]",
                "dst_entity_types": "[]"
              }
            }
          ]
        }
      ]
    }
  ],
  "complete_analysis": true
}