{
  "instances": [
    {
      "revision": "0da438403e96b0b8f949578130f0b8eaffd4a9e8",
      "repairability": [
        {
          "tool-name": "Nopol",
          "pattern-name": "Nopol:if_condition_ins_deep",
          "Unified_Diff_of-files:": "Starts Below...",
          "INSERT:": "                }",
          "DELETE:": "",
          "instance_detail": [
            {
              "pattern_action": "INS",
              "pattern_entity": {
                "entity_type": "If",
                "entity_new value": "*",
                "entity_role": "*",
                "entity_parent": "null"
              },
              "concrete_change": {
                "operator": "INS",
                "src_type": "If",
                "dst_type": "null",
                "src": "if (com.webfirmframework.wffweb.tag.html.TagUtil.isTagged(child)) {\n    final com.webfirmframework.wffweb.tag.html.html5.attribute.global.DataWffId wffIdAttr \u003d child.getDataWffId();\n    if (wffIdAttr !\u003d null) {\n        tagByWffId.put(wffIdAttr.getValue(), child);\n    }\n}",
                "dst": "null",
                "src_parent_type": "Block",
                "dst_parent_type": "null",
                "src_parent": "{\n    if (com.webfirmframework.wffweb.tag.html.TagUtil.isTagged(child)) {\n        final com.webfirmframework.wffweb.tag.html.html5.attribute.global.DataWffId wffIdAttr \u003d child.getDataWffId();\n        if (wffIdAttr !\u003d null) {\n            tagByWffId.put(wffIdAttr.getValue(), child);\n        }\n    }\n    final java.util.Set\u003ccom.webfirmframework.wffweb.tag.html.AbstractHtml\u003e subChildren \u003d child.getChildren(accessObject);\n    if ((subChildren !\u003d null) \u0026\u0026 ((subChildren.size()) \u003e 0)) {\n        childrenStack.push(subChildren);\n    }\n}",
                "dst_parent": "null"
              },
              "line": 86,
              "file": "/home/khesoem/projects/lighter/exp/wffweb/src/main/java/com/webfirmframework/wffweb/server/page/InsertBeforeListenerImpl.java",
              "stats": {
                "number_of_src_entities": 76,
                "number_of_dst_entities": -1,
                "src_entity_types": "[com.webfirmframework.wffweb.tag.html.AbstractHtml, com.webfirmframework.wffweb.server.page.InsertBeforeListenerImpl, com.webfirmframework.wffweb.tag.html.TagUtil, java.lang.String, com.webfirmframework.wffweb.tag.html.html5.attribute.global.DataWffId, java.util.Map\u003cjava.lang.String, com.webfirmframework.wffweb.tag.html.AbstractHtml\u003e, \u003cnulltype\u003e]",
                "dst_entity_types": "[]"
              }
            },
            {
              "pattern_action": "MOV",
              "pattern_entity": {
                "entity_type": "*",
                "entity_new value": "*",
                "entity_role": "*",
                "entity_parent": {
                  "entity_type": "*",
                  "entity_new value": "*",
                  "entity_role": "Then",
                  "entity_parent": {
                    "entity_type": "If",
                    "entity_new value": "*",
                    "entity_role": "*",
                    "entity_parent": "null"
                  }
                }
              },
              "concrete_change": {
                "operator": "MOV",
                "src_type": "LocalVariable",
                "dst_type": "LocalVariable",
                "src": "final com.webfirmframework.wffweb.tag.html.html5.attribute.global.DataWffId wffIdAttr \u003d child.getDataWffId()",
                "dst": "final com.webfirmframework.wffweb.tag.html.html5.attribute.global.DataWffId wffIdAttr \u003d child.getDataWffId()",
                "src_parent_type": "Block",
                "dst_parent_type": "Block",
                "src_parent": "{\n    final com.webfirmframework.wffweb.tag.html.html5.attribute.global.DataWffId wffIdAttr \u003d child.getDataWffId();\n    if (wffIdAttr !\u003d null) {\n        tagByWffId.put(wffIdAttr.getValue(), child);\n    }\n    final java.util.Set\u003ccom.webfirmframework.wffweb.tag.html.AbstractHtml\u003e subChildren \u003d child.getChildren(accessObject);\n    if ((subChildren !\u003d null) \u0026\u0026 ((subChildren.size()) \u003e 0)) {\n        childrenStack.push(subChildren);\n    }\n}",
                "dst_parent": "{\n    final com.webfirmframework.wffweb.tag.html.html5.attribute.global.DataWffId wffIdAttr \u003d child.getDataWffId();\n    if (wffIdAttr !\u003d null) {\n        tagByWffId.put(wffIdAttr.getValue(), child);\n    }\n}"
              },
              "line": 86,
              "file": "/home/khesoem/projects/lighter/exp/wffweb/src/main/java/com/webfirmframework/wffweb/server/page/InsertBeforeListenerImpl.java",
              "stats": {
                "number_of_src_entities": 13,
                "number_of_dst_entities": 13,
                "src_entity_types": "[com.webfirmframework.wffweb.tag.html.AbstractHtml, com.webfirmframework.wffweb.tag.html.html5.attribute.global.DataWffId]",
                "dst_entity_types": "[com.webfirmframework.wffweb.tag.html.AbstractHtml, com.webfirmframework.wffweb.tag.html.html5.attribute.global.DataWffId]"
              }
            }
          ]
        }
      ]
    },
    {
      "revision": "0da438403e96b0b8f949578130f0b8eaffd4a9e8",
      "repairability": [
        {
          "tool-name": "Nopol",
          "pattern-name": "Nopol:if_condition_ins_deep",
          "Unified_Diff_of-files:": "Starts Below...",
          "INSERT:": "                }",
          "DELETE:": "",
          "instance_detail": [
            {
              "pattern_action": "INS",
              "pattern_entity": {
                "entity_type": "If",
                "entity_new value": "*",
                "entity_role": "*",
                "entity_parent": "null"
              },
              "concrete_change": {
                "operator": "INS",
                "src_type": "If",
                "dst_type": "null",
                "src": "if (com.webfirmframework.wffweb.tag.html.TagUtil.isTagged(child)) {\n    if ((child.getDataWffId()) \u003d\u003d null) {\n        child.setDataWffId(browserPage.getNewDataWffId());\n    }\n    tagByWffId.put(child.getDataWffId().getValue(), child);\n}",
                "dst": "null",
                "src_parent_type": "Block",
                "dst_parent_type": "null",
                "src_parent": "{\n    if (com.webfirmframework.wffweb.tag.html.TagUtil.isTagged(child)) {\n        if ((child.getDataWffId()) \u003d\u003d null) {\n            child.setDataWffId(browserPage.getNewDataWffId());\n        }\n        tagByWffId.put(child.getDataWffId().getValue(), child);\n    }\n    final java.util.Set\u003ccom.webfirmframework.wffweb.tag.html.AbstractHtml\u003e subChildren \u003d child.getChildren(accessObject);\n    if ((subChildren !\u003d null) \u0026\u0026 ((subChildren.size()) \u003e 0)) {\n        childrenStack.push(subChildren);\n    }\n}",
                "dst_parent": "null"
              },
              "line": 162,
              "file": "/home/khesoem/projects/lighter/exp/wffweb/src/main/java/com/webfirmframework/wffweb/server/page/ChildTagAppendListenerImpl.java",
              "stats": {
                "number_of_src_entities": 93,
                "number_of_dst_entities": -1,
                "src_entity_types": "[com.webfirmframework.wffweb.tag.html.AbstractHtml, com.webfirmframework.wffweb.tag.html.TagUtil, java.lang.String, com.webfirmframework.wffweb.server.page.ChildTagAppendListenerImpl, com.webfirmframework.wffweb.server.page.BrowserPage, java.util.Map\u003cjava.lang.String, com.webfirmframework.wffweb.tag.html.AbstractHtml\u003e, \u003cnulltype\u003e]",
                "dst_entity_types": "[]"
              }
            },
            {
              "pattern_action": "MOV",
              "pattern_entity": {
                "entity_type": "*",
                "entity_new value": "*",
                "entity_role": "*",
                "entity_parent": {
                  "entity_type": "*",
                  "entity_new value": "*",
                  "entity_role": "Then",
                  "entity_parent": {
                    "entity_type": "If",
                    "entity_new value": "*",
                    "entity_role": "*",
                    "entity_parent": "null"
                  }
                }
              },
              "concrete_change": {
                "operator": "MOV",
                "src_type": "If",
                "dst_type": "If",
                "src": "if ((child.getDataWffId()) \u003d\u003d null) {\n    child.setDataWffId(browserPage.getNewDataWffId());\n}",
                "dst": "if ((child.getDataWffId()) \u003d\u003d null) {\n    child.setDataWffId(browserPage.getNewDataWffId());\n}",
                "src_parent_type": "Block",
                "dst_parent_type": "Block",
                "src_parent": "{\n    if ((child.getDataWffId()) \u003d\u003d null) {\n        child.setDataWffId(browserPage.getNewDataWffId());\n    }\n    tagByWffId.put(child.getDataWffId().getValue(), child);\n    final java.util.Set\u003ccom.webfirmframework.wffweb.tag.html.AbstractHtml\u003e subChildren \u003d child.getChildren(accessObject);\n    if ((subChildren !\u003d null) \u0026\u0026 ((subChildren.size()) \u003e 0)) {\n        childrenStack.push(subChildren);\n    }\n}",
                "dst_parent": "{\n    if ((child.getDataWffId()) \u003d\u003d null) {\n        child.setDataWffId(browserPage.getNewDataWffId());\n    }\n    tagByWffId.put(child.getDataWffId().getValue(), child);\n}"
              },
              "line": 160,
              "file": "/home/khesoem/projects/lighter/exp/wffweb/src/main/java/com/webfirmframework/wffweb/server/page/ChildTagAppendListenerImpl.java",
              "stats": {
                "number_of_src_entities": 37,
                "number_of_dst_entities": 37,
                "src_entity_types": "[com.webfirmframework.wffweb.tag.html.AbstractHtml, com.webfirmframework.wffweb.server.page.ChildTagAppendListenerImpl, com.webfirmframework.wffweb.server.page.BrowserPage, \u003cnulltype\u003e]",
                "dst_entity_types": "[com.webfirmframework.wffweb.tag.html.AbstractHtml, com.webfirmframework.wffweb.server.page.ChildTagAppendListenerImpl, com.webfirmframework.wffweb.server.page.BrowserPage, \u003cnulltype\u003e]"
              }
            }
          ]
        },
        {
          "tool-name": "Nopol",
          "pattern-name": "Nopol:if_condition_ins_deep",
          "Unified_Diff_of-files:": "Starts Below...",
          "INSERT:": "                }",
          "DELETE:": "",
          "instance_detail": [
            {
              "pattern_action": "INS",
              "pattern_entity": {
                "entity_type": "If",
                "entity_new value": "*",
                "entity_role": "*",
                "entity_parent": "null"
              },
              "concrete_change": {
                "operator": "INS",
                "src_type": "If",
                "dst_type": "null",
                "src": "if (com.webfirmframework.wffweb.tag.html.TagUtil.isTagged(child)) {\n    final com.webfirmframework.wffweb.tag.html.html5.attribute.global.DataWffId wffIdAttr \u003d child.getDataWffId();\n    if (wffIdAttr !\u003d null) {\n        tagByWffId.put(wffIdAttr.getValue(), child);\n    }\n}",
                "dst": "null",
                "src_parent_type": "Block",
                "dst_parent_type": "null",
                "src_parent": "{\n    if (com.webfirmframework.wffweb.tag.html.TagUtil.isTagged(child)) {\n        final com.webfirmframework.wffweb.tag.html.html5.attribute.global.DataWffId wffIdAttr \u003d child.getDataWffId();\n        if (wffIdAttr !\u003d null) {\n            tagByWffId.put(wffIdAttr.getValue(), child);\n        }\n    }\n    final java.util.Set\u003ccom.webfirmframework.wffweb.tag.html.AbstractHtml\u003e subChildren \u003d child.getChildren(accessObject);\n    if ((subChildren !\u003d null) \u0026\u0026 ((subChildren.size()) \u003e 0)) {\n        childrenStack.push(subChildren);\n    }\n}",
                "dst_parent": "null"
              },
              "line": 254,
              "file": "/home/khesoem/projects/lighter/exp/wffweb/src/main/java/com/webfirmframework/wffweb/server/page/ChildTagAppendListenerImpl.java",
              "stats": {
                "number_of_src_entities": 76,
                "number_of_dst_entities": -1,
                "src_entity_types": "[com.webfirmframework.wffweb.tag.html.AbstractHtml, com.webfirmframework.wffweb.tag.html.TagUtil, java.lang.String, com.webfirmframework.wffweb.server.page.ChildTagAppendListenerImpl, com.webfirmframework.wffweb.tag.html.html5.attribute.global.DataWffId, java.util.Map\u003cjava.lang.String, com.webfirmframework.wffweb.tag.html.AbstractHtml\u003e, \u003cnulltype\u003e]",
                "dst_entity_types": "[]"
              }
            },
            {
              "pattern_action": "MOV",
              "pattern_entity": {
                "entity_type": "*",
                "entity_new value": "*",
                "entity_role": "*",
                "entity_parent": {
                  "entity_type": "*",
                  "entity_new value": "*",
                  "entity_role": "Then",
                  "entity_parent": {
                    "entity_type": "If",
                    "entity_new value": "*",
                    "entity_role": "*",
                    "entity_parent": "null"
                  }
                }
              },
              "concrete_change": {
                "operator": "MOV",
                "src_type": "LocalVariable",
                "dst_type": "LocalVariable",
                "src": "final com.webfirmframework.wffweb.tag.html.html5.attribute.global.DataWffId wffIdAttr \u003d child.getDataWffId()",
                "dst": "final com.webfirmframework.wffweb.tag.html.html5.attribute.global.DataWffId wffIdAttr \u003d child.getDataWffId()",
                "src_parent_type": "Block",
                "dst_parent_type": "Block",
                "src_parent": "{\n    final com.webfirmframework.wffweb.tag.html.html5.attribute.global.DataWffId wffIdAttr \u003d child.getDataWffId();\n    if (wffIdAttr !\u003d null) {\n        tagByWffId.put(wffIdAttr.getValue(), child);\n    }\n    final java.util.Set\u003ccom.webfirmframework.wffweb.tag.html.AbstractHtml\u003e subChildren \u003d child.getChildren(accessObject);\n    if ((subChildren !\u003d null) \u0026\u0026 ((subChildren.size()) \u003e 0)) {\n        childrenStack.push(subChildren);\n    }\n}",
                "dst_parent": "{\n    final com.webfirmframework.wffweb.tag.html.html5.attribute.global.DataWffId wffIdAttr \u003d child.getDataWffId();\n    if (wffIdAttr !\u003d null) {\n        tagByWffId.put(wffIdAttr.getValue(), child);\n    }\n}"
              },
              "line": 251,
              "file": "/home/khesoem/projects/lighter/exp/wffweb/src/main/java/com/webfirmframework/wffweb/server/page/ChildTagAppendListenerImpl.java",
              "stats": {
                "number_of_src_entities": 13,
                "number_of_dst_entities": 13,
                "src_entity_types": "[com.webfirmframework.wffweb.tag.html.AbstractHtml, com.webfirmframework.wffweb.tag.html.html5.attribute.global.DataWffId]",
                "dst_entity_types": "[com.webfirmframework.wffweb.tag.html.AbstractHtml, com.webfirmframework.wffweb.tag.html.html5.attribute.global.DataWffId]"
              }
            }
          ]
        },
        {
          "tool-name": "Nopol",
          "pattern-name": "Nopol:if_condition_ins_deep",
          "Unified_Diff_of-files:": "Starts Below...",
          "INSERT:": "                }",
          "DELETE:": "",
          "instance_detail": [
            {
              "pattern_action": "INS",
              "pattern_entity": {
                "entity_type": "If",
                "entity_new value": "*",
                "entity_role": "*",
                "entity_parent": "null"
              },
              "concrete_change": {
                "operator": "INS",
                "src_type": "If",
                "dst_type": "null",
                "src": "if (com.webfirmframework.wffweb.tag.html.TagUtil.isTagged(child)) {\n    if ((child.getDataWffId()) \u003d\u003d null) {\n        child.setDataWffId(browserPage.getNewDataWffId());\n    }\n    tagByWffId.put(child.getDataWffId().getValue(), child);\n}",
                "dst": "null",
                "src_parent_type": "Block",
                "dst_parent_type": "null",
                "src_parent": "{\n    if (com.webfirmframework.wffweb.tag.html.TagUtil.isTagged(child)) {\n        if ((child.getDataWffId()) \u003d\u003d null) {\n            child.setDataWffId(browserPage.getNewDataWffId());\n        }\n        tagByWffId.put(child.getDataWffId().getValue(), child);\n    }\n    final java.util.Set\u003ccom.webfirmframework.wffweb.tag.html.AbstractHtml\u003e subChildren \u003d child.getChildren(accessObject);\n    if ((subChildren !\u003d null) \u0026\u0026 ((subChildren.size()) \u003e 0)) {\n        childrenStack.push(subChildren);\n    }\n}",
                "dst_parent": "null"
              },
              "line": 84,
              "file": "/home/khesoem/projects/lighter/exp/wffweb/src/main/java/com/webfirmframework/wffweb/server/page/ChildTagAppendListenerImpl.java",
              "stats": {
                "number_of_src_entities": 93,
                "number_of_dst_entities": -1,
                "src_entity_types": "[com.webfirmframework.wffweb.tag.html.AbstractHtml, com.webfirmframework.wffweb.tag.html.TagUtil, java.lang.String, com.webfirmframework.wffweb.server.page.ChildTagAppendListenerImpl, com.webfirmframework.wffweb.server.page.BrowserPage, java.util.Map\u003cjava.lang.String, com.webfirmframework.wffweb.tag.html.AbstractHtml\u003e, \u003cnulltype\u003e]",
                "dst_entity_types": "[]"
              }
            },
            {
              "pattern_action": "MOV",
              "pattern_entity": {
                "entity_type": "*",
                "entity_new value": "*",
                "entity_role": "*",
                "entity_parent": {
                  "entity_type": "*",
                  "entity_new value": "*",
                  "entity_role": "Then",
                  "entity_parent": {
                    "entity_type": "If",
                    "entity_new value": "*",
                    "entity_role": "*",
                    "entity_parent": "null"
                  }
                }
              },
              "concrete_change": {
                "operator": "MOV",
                "src_type": "If",
                "dst_type": "If",
                "src": "if ((child.getDataWffId()) \u003d\u003d null) {\n    child.setDataWffId(browserPage.getNewDataWffId());\n}",
                "dst": "if ((child.getDataWffId()) \u003d\u003d null) {\n    child.setDataWffId(browserPage.getNewDataWffId());\n}",
                "src_parent_type": "Block",
                "dst_parent_type": "Block",
                "src_parent": "{\n    if ((child.getDataWffId()) \u003d\u003d null) {\n        child.setDataWffId(browserPage.getNewDataWffId());\n    }\n    tagByWffId.put(child.getDataWffId().getValue(), child);\n    final java.util.Set\u003ccom.webfirmframework.wffweb.tag.html.AbstractHtml\u003e subChildren \u003d child.getChildren(accessObject);\n    if ((subChildren !\u003d null) \u0026\u0026 ((subChildren.size()) \u003e 0)) {\n        childrenStack.push(subChildren);\n    }\n}",
                "dst_parent": "{\n    if ((child.getDataWffId()) \u003d\u003d null) {\n        child.setDataWffId(browserPage.getNewDataWffId());\n    }\n    tagByWffId.put(child.getDataWffId().getValue(), child);\n}"
              },
              "line": 83,
              "file": "/home/khesoem/projects/lighter/exp/wffweb/src/main/java/com/webfirmframework/wffweb/server/page/ChildTagAppendListenerImpl.java",
              "stats": {
                "number_of_src_entities": 37,
                "number_of_dst_entities": 37,
                "src_entity_types": "[com.webfirmframework.wffweb.tag.html.AbstractHtml, com.webfirmframework.wffweb.server.page.ChildTagAppendListenerImpl, com.webfirmframework.wffweb.server.page.BrowserPage, \u003cnulltype\u003e]",
                "dst_entity_types": "[com.webfirmframework.wffweb.tag.html.AbstractHtml, com.webfirmframework.wffweb.server.page.ChildTagAppendListenerImpl, com.webfirmframework.wffweb.server.page.BrowserPage, \u003cnulltype\u003e]"
              }
            }
          ]
        }
      ]
    },
    {
      "revision": "0da438403e96b0b8f949578130f0b8eaffd4a9e8",
      "repairability": [
        {
          "tool-name": "Nopol",
          "pattern-name": "Nopol:if_condition_ins_deep",
          "Unified_Diff_of-files:": "Starts Below...",
          "INSERT:": "                }",
          "DELETE:": "",
          "instance_detail": [
            {
              "pattern_action": "INS",
              "pattern_entity": {
                "entity_type": "If",
                "entity_new value": "*",
                "entity_role": "*",
                "entity_parent": "null"
              },
              "concrete_change": {
                "operator": "INS",
                "src_type": "If",
                "dst_type": "null",
                "src": "if (com.webfirmframework.wffweb.tag.html.TagUtil.isTagged(child)) {\n    if ((child.getDataWffId()) \u003d\u003d null) {\n        child.setDataWffId(getNewDataWffId());\n    }\n    tagByWffId.put(child.getDataWffId().getValue(), child);\n}",
                "dst": "null",
                "src_parent_type": "Block",
                "dst_parent_type": "null",
                "src_parent": "{\n    if (com.webfirmframework.wffweb.tag.html.TagUtil.isTagged(child)) {\n        if ((child.getDataWffId()) \u003d\u003d null) {\n            child.setDataWffId(getNewDataWffId());\n        }\n        tagByWffId.put(child.getDataWffId().getValue(), child);\n    }\n    final java.util.Set\u003ccom.webfirmframework.wffweb.tag.html.AbstractHtml\u003e subChildren \u003d child.getChildren(com.webfirmframework.wffweb.server.page.BrowserPage.ACCESS_OBJECT);\n    if ((subChildren !\u003d null) \u0026\u0026 ((subChildren.size()) \u003e 0)) {\n        childrenStack.push(subChildren);\n    }\n}",
                "dst_parent": "null"
              },
              "line": 814,
              "file": "/home/khesoem/projects/lighter/exp/wffweb/src/main/java/com/webfirmframework/wffweb/server/page/BrowserPage.java",
              "stats": {
                "number_of_src_entities": 91,
                "number_of_dst_entities": -1,
                "src_entity_types": "[com.webfirmframework.wffweb.tag.html.AbstractHtml, com.webfirmframework.wffweb.tag.html.TagUtil, java.lang.String, com.webfirmframework.wffweb.server.page.BrowserPage, java.util.Map\u003cjava.lang.String, com.webfirmframework.wffweb.tag.html.AbstractHtml\u003e, \u003cnulltype\u003e]",
                "dst_entity_types": "[]"
              }
            },
            {
              "pattern_action": "MOV",
              "pattern_entity": {
                "entity_type": "*",
                "entity_new value": "*",
                "entity_role": "*",
                "entity_parent": {
                  "entity_type": "*",
                  "entity_new value": "*",
                  "entity_role": "Then",
                  "entity_parent": {
                    "entity_type": "If",
                    "entity_new value": "*",
                    "entity_role": "*",
                    "entity_parent": "null"
                  }
                }
              },
              "concrete_change": {
                "operator": "MOV",
                "src_type": "If",
                "dst_type": "If",
                "src": "if ((child.getDataWffId()) \u003d\u003d null) {\n    child.setDataWffId(getNewDataWffId());\n}",
                "dst": "if ((child.getDataWffId()) \u003d\u003d null) {\n    child.setDataWffId(getNewDataWffId());\n}",
                "src_parent_type": "Block",
                "dst_parent_type": "Block",
                "src_parent": "{\n    if ((child.getDataWffId()) \u003d\u003d null) {\n        child.setDataWffId(getNewDataWffId());\n    }\n    tagByWffId.put(child.getDataWffId().getValue(), child);\n    final java.util.Set\u003ccom.webfirmframework.wffweb.tag.html.AbstractHtml\u003e subChildren \u003d child.getChildren(com.webfirmframework.wffweb.server.page.BrowserPage.ACCESS_OBJECT);\n    if ((subChildren !\u003d null) \u0026\u0026 ((subChildren.size()) \u003e 0)) {\n        childrenStack.push(subChildren);\n    }\n}",
                "dst_parent": "{\n    if ((child.getDataWffId()) \u003d\u003d null) {\n        child.setDataWffId(getNewDataWffId());\n    }\n    tagByWffId.put(child.getDataWffId().getValue(), child);\n}"
              },
              "line": 813,
              "file": "/home/khesoem/projects/lighter/exp/wffweb/src/main/java/com/webfirmframework/wffweb/server/page/BrowserPage.java",
              "stats": {
                "number_of_src_entities": 35,
                "number_of_dst_entities": 35,
                "src_entity_types": "[com.webfirmframework.wffweb.tag.html.AbstractHtml, com.webfirmframework.wffweb.server.page.BrowserPage, \u003cnulltype\u003e]",
                "dst_entity_types": "[com.webfirmframework.wffweb.tag.html.AbstractHtml, com.webfirmframework.wffweb.server.page.BrowserPage, \u003cnulltype\u003e]"
              }
            }
          ]
        }
      ]
    },
    {
      "revision": "0da438403e96b0b8f949578130f0b8eaffd4a9e8",
      "repairability": [
        {
          "tool-name": "Nopol",
          "pattern-name": "Nopol:if_condition_ins_deep",
          "Unified_Diff_of-files:": "Starts Below...",
          "INSERT:": "                }",
          "DELETE:": "",
          "instance_detail": [
            {
              "pattern_action": "INS",
              "pattern_entity": {
                "entity_type": "If",
                "entity_new value": "*",
                "entity_role": "*",
                "entity_parent": "null"
              },
              "concrete_change": {
                "operator": "INS",
                "src_type": "If",
                "dst_type": "null",
                "src": "if (com.webfirmframework.wffweb.tag.html.TagUtil.isTagged(child)) {\n    final com.webfirmframework.wffweb.tag.html.html5.attribute.global.DataWffId wffIdAttr \u003d child.getDataWffId();\n    if (wffIdAttr !\u003d null) {\n        tagByWffId.put(wffIdAttr.getValue(), child);\n    }\n}",
                "dst": "null",
                "src_parent_type": "Block",
                "dst_parent_type": "null",
                "src_parent": "{\n    if (com.webfirmframework.wffweb.tag.html.TagUtil.isTagged(child)) {\n        final com.webfirmframework.wffweb.tag.html.html5.attribute.global.DataWffId wffIdAttr \u003d child.getDataWffId();\n        if (wffIdAttr !\u003d null) {\n            tagByWffId.put(wffIdAttr.getValue(), child);\n        }\n    }\n    final java.util.Set\u003ccom.webfirmframework.wffweb.tag.html.AbstractHtml\u003e subChildren \u003d child.getChildren(accessObject);\n    if ((subChildren !\u003d null) \u0026\u0026 ((subChildren.size()) \u003e 0)) {\n        childrenStack.push(subChildren);\n    }\n}",
                "dst_parent": "null"
              },
              "line": 84,
              "file": "/home/khesoem/projects/lighter/exp/wffweb/src/main/java/com/webfirmframework/wffweb/server/page/InnerHtmlAddListenerImpl.java",
              "stats": {
                "number_of_src_entities": 76,
                "number_of_dst_entities": -1,
                "src_entity_types": "[com.webfirmframework.wffweb.tag.html.AbstractHtml, com.webfirmframework.wffweb.tag.html.TagUtil, com.webfirmframework.wffweb.server.page.InnerHtmlAddListenerImpl, java.lang.String, com.webfirmframework.wffweb.tag.html.html5.attribute.global.DataWffId, java.util.Map\u003cjava.lang.String, com.webfirmframework.wffweb.tag.html.AbstractHtml\u003e, \u003cnulltype\u003e]",
                "dst_entity_types": "[]"
              }
            },
            {
              "pattern_action": "MOV",
              "pattern_entity": {
                "entity_type": "*",
                "entity_new value": "*",
                "entity_role": "*",
                "entity_parent": {
                  "entity_type": "*",
                  "entity_new value": "*",
                  "entity_role": "Then",
                  "entity_parent": {
                    "entity_type": "If",
                    "entity_new value": "*",
                    "entity_role": "*",
                    "entity_parent": "null"
                  }
                }
              },
              "concrete_change": {
                "operator": "MOV",
                "src_type": "LocalVariable",
                "dst_type": "LocalVariable",
                "src": "final com.webfirmframework.wffweb.tag.html.html5.attribute.global.DataWffId wffIdAttr \u003d child.getDataWffId()",
                "dst": "final com.webfirmframework.wffweb.tag.html.html5.attribute.global.DataWffId wffIdAttr \u003d child.getDataWffId()",
                "src_parent_type": "Block",
                "dst_parent_type": "Block",
                "src_parent": "{\n    final com.webfirmframework.wffweb.tag.html.html5.attribute.global.DataWffId wffIdAttr \u003d child.getDataWffId();\n    if (wffIdAttr !\u003d null) {\n        tagByWffId.put(wffIdAttr.getValue(), child);\n    }\n    final java.util.Set\u003ccom.webfirmframework.wffweb.tag.html.AbstractHtml\u003e subChildren \u003d child.getChildren(accessObject);\n    if ((subChildren !\u003d null) \u0026\u0026 ((subChildren.size()) \u003e 0)) {\n        childrenStack.push(subChildren);\n    }\n}",
                "dst_parent": "{\n    final com.webfirmframework.wffweb.tag.html.html5.attribute.global.DataWffId wffIdAttr \u003d child.getDataWffId();\n    if (wffIdAttr !\u003d null) {\n        tagByWffId.put(wffIdAttr.getValue(), child);\n    }\n}"
              },
              "line": 83,
              "file": "/home/khesoem/projects/lighter/exp/wffweb/src/main/java/com/webfirmframework/wffweb/server/page/InnerHtmlAddListenerImpl.java",
              "stats": {
                "number_of_src_entities": 13,
                "number_of_dst_entities": 13,
                "src_entity_types": "[com.webfirmframework.wffweb.tag.html.AbstractHtml, com.webfirmframework.wffweb.tag.html.html5.attribute.global.DataWffId]",
                "dst_entity_types": "[com.webfirmframework.wffweb.tag.html.AbstractHtml, com.webfirmframework.wffweb.tag.html.html5.attribute.global.DataWffId]"
              }
            }
          ]
        }
      ]
    }
  ],
  "complete_analysis": true
}