{
  "instances": [
    {
      "revision": "885af0975a8ca2f955d12612b35295dff32809f9",
      "repairability": [
        {
          "tool-name": "JKali",
          "pattern-name": "JKali:del",
          "Unified_Diff_of-files:": "Starts Below...",
          "DELETE:": "",
          "instance_detail": [
            {
              "pattern_action": "DEL",
              "pattern_entity": {
                "entity_type": "*",
                "entity_new value": "*",
                "entity_role": "Statement",
                "entity_parent": "null"
              },
              "concrete_change": {
                "operator": "DEL",
                "src_type": "LocalVariable",
                "dst_type": "null",
                "src": "com.openhtmltopdf.render.BlockBox footnoteArea \u003d new com.openhtmltopdf.render.BlockBox()",
                "dst": "null",
                "src_parent_type": "Block",
                "dst_parent_type": "null",
                "src_parent": "{\n    com.openhtmltopdf.layout.LayoutContext c \u003d newLayoutContext();\n    com.openhtmltopdf.render.BlockBox root \u003d com.openhtmltopdf.layout.BoxBuilder.createRootBox(c, _doc);\n    com.openhtmltopdf.render.Box viewport \u003d new com.openhtmltopdf.render.ViewportBox(getInitialExtents(c));\n    com.openhtmltopdf.render.BlockBox footnoteArea \u003d new com.openhtmltopdf.render.BlockBox();\n    footnoteArea.setStyle(new com.openhtmltopdf.css.style.EmptyStyle());\n    footnoteArea.setContainingBlock(viewport);\n    com.openhtmltopdf.layout.Layer footnoteLayer \u003d new com.openhtmltopdf.layout.Layer(footnoteArea, c, true);\n    c.setFootnoteLayer(footnoteLayer);\n    root.setContainingBlock(viewport);\n    root.layout(c);\n    java.awt.Dimension dim \u003d root.getLayer().getPaintingDimension(c);\n    root.getLayer().trimEmptyPages(c, dim.height);\n    root.getLayer().layoutPages(c);\n    _root \u003d root;\n}",
                "dst_parent": "null"
              },
              "line": 349,
              "file": "/home/khesoem/projects/lighter/exp/openhtmltopdf-pdfbox/src/main/java/com/openhtmltopdf/pdfboxout/PdfBoxRenderer.java",
              "stats": {
                "number_of_src_entities": 9,
                "number_of_dst_entities": -1,
                "src_entity_types": "[com.openhtmltopdf.render.BlockBox]",
                "dst_entity_types": "[]"
              }
            }
          ]
        },
        {
          "tool-name": "JKali",
          "pattern-name": "JKali:del",
          "Unified_Diff_of-files:": "Starts Below...",
          "DELETE:": "",
          "instance_detail": [
            {
              "pattern_action": "DEL",
              "pattern_entity": {
                "entity_type": "*",
                "entity_new value": "*",
                "entity_role": "Statement",
                "entity_parent": "null"
              },
              "concrete_change": {
                "operator": "DEL",
                "src_type": "Invocation",
                "dst_type": "null",
                "src": "footnoteArea.setStyle(new com.openhtmltopdf.css.style.EmptyStyle())",
                "dst": "null",
                "src_parent_type": "Block",
                "dst_parent_type": "null",
                "src_parent": "{\n    com.openhtmltopdf.layout.LayoutContext c \u003d newLayoutContext();\n    com.openhtmltopdf.render.BlockBox root \u003d com.openhtmltopdf.layout.BoxBuilder.createRootBox(c, _doc);\n    com.openhtmltopdf.render.Box viewport \u003d new com.openhtmltopdf.render.ViewportBox(getInitialExtents(c));\n    com.openhtmltopdf.render.BlockBox footnoteArea \u003d new com.openhtmltopdf.render.BlockBox();\n    footnoteArea.setStyle(new com.openhtmltopdf.css.style.EmptyStyle());\n    footnoteArea.setContainingBlock(viewport);\n    com.openhtmltopdf.layout.Layer footnoteLayer \u003d new com.openhtmltopdf.layout.Layer(footnoteArea, c, true);\n    c.setFootnoteLayer(footnoteLayer);\n    root.setContainingBlock(viewport);\n    root.layout(c);\n    java.awt.Dimension dim \u003d root.getLayer().getPaintingDimension(c);\n    root.getLayer().trimEmptyPages(c, dim.height);\n    root.getLayer().layoutPages(c);\n    _root \u003d root;\n}",
                "dst_parent": "null"
              },
              "line": 350,
              "file": "/home/khesoem/projects/lighter/exp/openhtmltopdf-pdfbox/src/main/java/com/openhtmltopdf/pdfboxout/PdfBoxRenderer.java",
              "stats": {
                "number_of_src_entities": 16,
                "number_of_dst_entities": -1,
                "src_entity_types": "[com.openhtmltopdf.render.BlockBox, com.openhtmltopdf.css.style.EmptyStyle]",
                "dst_entity_types": "[]"
              }
            }
          ]
        },
        {
          "tool-name": "JKali",
          "pattern-name": "JKali:del",
          "Unified_Diff_of-files:": "Starts Below...",
          "DELETE:": "",
          "instance_detail": [
            {
              "pattern_action": "DEL",
              "pattern_entity": {
                "entity_type": "*",
                "entity_new value": "*",
                "entity_role": "Statement",
                "entity_parent": "null"
              },
              "concrete_change": {
                "operator": "DEL",
                "src_type": "Invocation",
                "dst_type": "null",
                "src": "footnoteArea.setContainingBlock(viewport)",
                "dst": "null",
                "src_parent_type": "Block",
                "dst_parent_type": "null",
                "src_parent": "{\n    com.openhtmltopdf.layout.LayoutContext c \u003d newLayoutContext();\n    com.openhtmltopdf.render.BlockBox root \u003d com.openhtmltopdf.layout.BoxBuilder.createRootBox(c, _doc);\n    com.openhtmltopdf.render.Box viewport \u003d new com.openhtmltopdf.render.ViewportBox(getInitialExtents(c));\n    com.openhtmltopdf.render.BlockBox footnoteArea \u003d new com.openhtmltopdf.render.BlockBox();\n    footnoteArea.setStyle(new com.openhtmltopdf.css.style.EmptyStyle());\n    footnoteArea.setContainingBlock(viewport);\n    com.openhtmltopdf.layout.Layer footnoteLayer \u003d new com.openhtmltopdf.layout.Layer(footnoteArea, c, true);\n    c.setFootnoteLayer(footnoteLayer);\n    root.setContainingBlock(viewport);\n    root.layout(c);\n    java.awt.Dimension dim \u003d root.getLayer().getPaintingDimension(c);\n    root.getLayer().trimEmptyPages(c, dim.height);\n    root.getLayer().layoutPages(c);\n    _root \u003d root;\n}",
                "dst_parent": "null"
              },
              "line": 351,
              "file": "/home/khesoem/projects/lighter/exp/openhtmltopdf-pdfbox/src/main/java/com/openhtmltopdf/pdfboxout/PdfBoxRenderer.java",
              "stats": {
                "number_of_src_entities": 14,
                "number_of_dst_entities": -1,
                "src_entity_types": "[com.openhtmltopdf.render.BlockBox, com.openhtmltopdf.render.Box]",
                "dst_entity_types": "[]"
              }
            }
          ]
        },
        {
          "tool-name": "JKali",
          "pattern-name": "JKali:del",
          "Unified_Diff_of-files:": "Starts Below...",
          "DELETE:": "",
          "instance_detail": [
            {
              "pattern_action": "DEL",
              "pattern_entity": {
                "entity_type": "*",
                "entity_new value": "*",
                "entity_role": "Statement",
                "entity_parent": "null"
              },
              "concrete_change": {
                "operator": "DEL",
                "src_type": "LocalVariable",
                "dst_type": "null",
                "src": "com.openhtmltopdf.layout.Layer footnoteLayer \u003d new com.openhtmltopdf.layout.Layer(footnoteArea, c, true)",
                "dst": "null",
                "src_parent_type": "Block",
                "dst_parent_type": "null",
                "src_parent": "{\n    com.openhtmltopdf.layout.LayoutContext c \u003d newLayoutContext();\n    com.openhtmltopdf.render.BlockBox root \u003d com.openhtmltopdf.layout.BoxBuilder.createRootBox(c, _doc);\n    com.openhtmltopdf.render.Box viewport \u003d new com.openhtmltopdf.render.ViewportBox(getInitialExtents(c));\n    com.openhtmltopdf.render.BlockBox footnoteArea \u003d new com.openhtmltopdf.render.BlockBox();\n    footnoteArea.setStyle(new com.openhtmltopdf.css.style.EmptyStyle());\n    footnoteArea.setContainingBlock(viewport);\n    com.openhtmltopdf.layout.Layer footnoteLayer \u003d new com.openhtmltopdf.layout.Layer(footnoteArea, c, true);\n    c.setFootnoteLayer(footnoteLayer);\n    root.setContainingBlock(viewport);\n    root.layout(c);\n    java.awt.Dimension dim \u003d root.getLayer().getPaintingDimension(c);\n    root.getLayer().trimEmptyPages(c, dim.height);\n    root.getLayer().layoutPages(c);\n    _root \u003d root;\n}",
                "dst_parent": "null"
              },
              "line": 352,
              "file": "/home/khesoem/projects/lighter/exp/openhtmltopdf-pdfbox/src/main/java/com/openhtmltopdf/pdfboxout/PdfBoxRenderer.java",
              "stats": {
                "number_of_src_entities": 19,
                "number_of_dst_entities": -1,
                "src_entity_types": "[com.openhtmltopdf.render.BlockBox, com.openhtmltopdf.layout.LayoutContext, boolean, java.lang.Object, com.openhtmltopdf.layout.Layer]",
                "dst_entity_types": "[]"
              }
            }
          ]
        },
        {
          "tool-name": "JKali",
          "pattern-name": "JKali:del",
          "Unified_Diff_of-files:": "Starts Below...",
          "DELETE:": "",
          "instance_detail": [
            {
              "pattern_action": "DEL",
              "pattern_entity": {
                "entity_type": "*",
                "entity_new value": "*",
                "entity_role": "Statement",
                "entity_parent": "null"
              },
              "concrete_change": {
                "operator": "DEL",
                "src_type": "Invocation",
                "dst_type": "null",
                "src": "c.setFootnoteLayer(footnoteLayer)",
                "dst": "null",
                "src_parent_type": "Block",
                "dst_parent_type": "null",
                "src_parent": "{\n    com.openhtmltopdf.layout.LayoutContext c \u003d newLayoutContext();\n    com.openhtmltopdf.render.BlockBox root \u003d com.openhtmltopdf.layout.BoxBuilder.createRootBox(c, _doc);\n    com.openhtmltopdf.render.Box viewport \u003d new com.openhtmltopdf.render.ViewportBox(getInitialExtents(c));\n    com.openhtmltopdf.render.BlockBox footnoteArea \u003d new com.openhtmltopdf.render.BlockBox();\n    footnoteArea.setStyle(new com.openhtmltopdf.css.style.EmptyStyle());\n    footnoteArea.setContainingBlock(viewport);\n    com.openhtmltopdf.layout.Layer footnoteLayer \u003d new com.openhtmltopdf.layout.Layer(footnoteArea, c, true);\n    c.setFootnoteLayer(footnoteLayer);\n    root.setContainingBlock(viewport);\n    root.layout(c);\n    java.awt.Dimension dim \u003d root.getLayer().getPaintingDimension(c);\n    root.getLayer().trimEmptyPages(c, dim.height);\n    root.getLayer().layoutPages(c);\n    _root \u003d root;\n}",
                "dst_parent": "null"
              },
              "line": 353,
              "file": "/home/khesoem/projects/lighter/exp/openhtmltopdf-pdfbox/src/main/java/com/openhtmltopdf/pdfboxout/PdfBoxRenderer.java",
              "stats": {
                "number_of_src_entities": 14,
                "number_of_dst_entities": -1,
                "src_entity_types": "[com.openhtmltopdf.layout.LayoutContext, com.openhtmltopdf.layout.Layer]",
                "dst_entity_types": "[]"
              }
            }
          ]
        }
      ]
    },
    {
      "revision": "885af0975a8ca2f955d12612b35295dff32809f9",
      "repairability": [
        {
          "tool-name": "JKali",
          "pattern-name": "JKali:add_rtrn",
          "Unified_Diff_of-files:": "Starts Below...",
          "DELETE:": "",
          "instance_detail": [
            {
              "pattern_action": "INS",
              "pattern_entity": {
                "entity_type": "Return",
                "entity_new value": "*",
                "entity_role": "Statement",
                "entity_parent": "null"
              },
              "concrete_change": {
                "operator": "INS",
                "src_type": "Return",
                "dst_type": "null",
                "src": "return footnoteBody",
                "dst": "null",
                "src_parent_type": "Block",
                "dst_parent_type": "null",
                "src_parent": "{\n    java.util.List\u003ccom.openhtmltopdf.layout.Styleable\u003e footnoteChildren \u003d new java.util.ArrayList\u003c\u003e();\n    com.openhtmltopdf.layout.BoxBuilder.ChildBoxInfo footnoteChildInfo \u003d new com.openhtmltopdf.layout.BoxBuilder.ChildBoxInfo();\n    com.openhtmltopdf.render.BlockBox footnoteBody \u003d new com.openhtmltopdf.render.BlockBox();\n    footnoteBody.setElement(element);\n    footnoteBody.setStyle(style.createAnonymousStyle(IdentValue.BLOCK));\n    footnoteBody.setChildrenContentType(BlockBox.CONTENT_INLINE);\n    footnoteBody.setContainingBlock(null);\n    com.openhtmltopdf.layout.Layer layer \u003d new com.openhtmltopdf.layout.Layer(footnoteBody, c, true);\n    footnoteBody.setLayer(layer);\n    footnoteBody.setContainingLayer(layer);\n    c.pushLayer(layer);\n    com.openhtmltopdf.layout.BoxBuilder.insertGeneratedContent(c, element, style, \"footnote-marker\", footnoteChildren, footnoteChildInfo);\n    com.openhtmltopdf.layout.BoxBuilder.createChildren(c, footnoteBody, element, footnoteChildren, footnoteChildInfo, style.isInline());\n    footnoteBody.setInlineContent(footnoteChildren);\n    footnoteChildInfo.setContainsBlockLevelContent(false);\n    c.popLayer();\n    return footnoteBody;\n}",
                "dst_parent": "null"
              },
              "line": 1308,
              "file": "/home/khesoem/projects/lighter/exp/openhtmltopdf-core/src/main/java/com/openhtmltopdf/layout/BoxBuilder.java"
            }
          ]
        }
      ]
    },
    {
      "revision": "885af0975a8ca2f955d12612b35295dff32809f9",
      "repairability": [
        {
          "tool-name": "JKali",
          "pattern-name": "JKali:del",
          "Unified_Diff_of-files:": "Starts Below...",
          "DELETE:": "",
          "instance_detail": [
            {
              "pattern_action": "DEL",
              "pattern_entity": {
                "entity_type": "*",
                "entity_new value": "*",
                "entity_role": "Statement",
                "entity_parent": "null"
              },
              "concrete_change": {
                "operator": "DEL",
                "src_type": "Assignment",
                "dst_type": "null",
                "src": "_footnoteLayer \u003d footnoteLayer",
                "dst": "null",
                "src_parent_type": "Block",
                "dst_parent_type": "null",
                "src_parent": "{\n    _footnoteLayer \u003d footnoteLayer;\n}",
                "dst_parent": "null"
              },
              "line": 504,
              "file": "/home/khesoem/projects/lighter/exp/openhtmltopdf-core/src/main/java/com/openhtmltopdf/layout/LayoutContext.java"
            }
          ]
        },
        {
          "tool-name": "JKali",
          "pattern-name": "JKali:del",
          "Unified_Diff_of-files:": "Starts Below...",
          "DELETE:": "",
          "instance_detail": [
            {
              "pattern_action": "DEL",
              "pattern_entity": {
                "entity_type": "*",
                "entity_new value": "*",
                "entity_role": "Statement",
                "entity_parent": "null"
              },
              "concrete_change": {
                "operator": "DEL",
                "src_type": "Return",
                "dst_type": "null",
                "src": "return _footnoteLayer",
                "dst": "null",
                "src_parent_type": "Block",
                "dst_parent_type": "null",
                "src_parent": "{\n    return _footnoteLayer;\n}",
                "dst_parent": "null"
              },
              "line": 508,
              "file": "/home/khesoem/projects/lighter/exp/openhtmltopdf-core/src/main/java/com/openhtmltopdf/layout/LayoutContext.java"
            }
          ]
        }
      ]
    }
  ],
  "complete_analysis": true
}