{
  "instances": [
    {
      "revision": "008ba6a360624c8944baebb409da9e37f481fae8",
      "repairability": [
        {
          "tool-name": "JKali",
          "pattern-name": "JKali:del",
          "Unified_Diff_of-files:": "Starts Below...",
          "CHANGE_old:": "        catch (IOException e) {",
          "CHANGE_new:": "",
          "instance_detail": [
            {
              "pattern_action": "DEL",
              "pattern_entity": {
                "entity_type": "*",
                "entity_new value": "*",
                "entity_role": "Statement",
                "entity_parent": "null"
              },
              "concrete_change": {
                "operator": "DEL",
                "src_type": "Assignment",
                "dst_type": "null",
                "src": "result \u003d ((((com.openhtmltopdf.pdfboxout.PdfBoxFSFont) (font)).getFontDescription().get(0).getFont().getStringWidth(string)) / 1000.0F) * (font.getSize2D())",
                "dst": "null",
                "src_parent_type": "Block",
                "dst_parent_type": "null",
                "src_parent": "{\n    result \u003d ((((com.openhtmltopdf.pdfboxout.PdfBoxFSFont) (font)).getFontDescription().get(0).getFont().getStringWidth(string)) / 1000.0F) * (font.getSize2D());\n}",
                "dst_parent": "null"
              },
              "line": 300,
              "file": "/home/khesoem/projects/lighter/exp/openhtmltopdf-pdfbox/src/main/java/com/openhtmltopdf/pdfboxout/PdfBoxTextRenderer.java",
              "stats": {
                "number_of_src_entities": 40,
                "number_of_dst_entities": -1,
                "src_entity_types": "[int, com.openhtmltopdf.pdfboxout.PdfBoxFSFont, java.lang.String, com.openhtmltopdf.render.FSFont, float]",
                "dst_entity_types": "[]"
              }
            }
          ]
        }
      ]
    }
  ],
  "complete_analysis": true
}