{
  "instances": [
    {
      "revision": "f7d6f552367572e36e37d87b179a8ae81a653ef7",
      "repairability": [
        {
          "tool-name": "JKali",
          "pattern-name": "JKali:del",
          "Unified_Diff_of-files:": "Starts Below...",
          "INSERT:": "}",
          "instance_detail": [
            {
              "pattern_action": "DEL",
              "pattern_entity": {
                "entity_type": "*",
                "entity_new value": "*",
                "entity_role": "Statement",
                "entity_parent": "null"
              },
              "concrete_change": {
                "operator": "DEL",
                "src_type": "Wra",
                "dst_type": "null",
                "src": "final",
                "dst": "null",
                "src_parent_type": "LocalVariable",
                "dst_parent_type": "null",
                "src_parent": "final int MAX_REAR_SEARCH \u003d 5",
                "dst_parent": "null"
              }
            }
          ]
        },
        {
          "tool-name": "JKali",
          "pattern-name": "JKali:del",
          "Unified_Diff_of-files:": "Starts Below...",
          "INSERT:": "}",
          "instance_detail": [
            {
              "pattern_action": "DEL",
              "pattern_entity": {
                "entity_type": "*",
                "entity_new value": "*",
                "entity_role": "Statement",
                "entity_parent": "null"
              },
              "concrete_change": {
                "operator": "DEL",
                "src_type": "VirtualEle",
                "dst_type": "null",
                "src": "VE: Modifiers_LocalVariable",
                "dst": "null",
                "src_parent_type": "LocalVariable",
                "dst_parent_type": "null",
                "src_parent": "final int MAX_REAR_SEARCH \u003d 5",
                "dst_parent": "null"
              }
            }
          ]
        },
        {
          "tool-name": "JKali",
          "pattern-name": "JKali:del",
          "Unified_Diff_of-files:": "Starts Below...",
          "INSERT:": "}",
          "instance_detail": [
            {
              "pattern_action": "DEL",
              "pattern_entity": {
                "entity_type": "*",
                "entity_new value": "*",
                "entity_role": "Statement",
                "entity_parent": "null"
              },
              "concrete_change": {
                "operator": "DEL",
                "src_type": "LocalVariable",
                "dst_type": "null",
                "src": "final int MAX_REAR_SEARCH \u003d 5",
                "dst": "null",
                "src_parent_type": "Block",
                "dst_parent_type": "null",
                "src_parent": "{\n    final int MAX_REAR_SEARCH \u003d 5;\n    int count \u003d pages.size();\n    for (int i \u003d count - 1; (i \u003e\u003d 0) \u0026\u0026 (i \u003e\u003d (count - MAX_REAR_SEARCH)); i--) {\n        com.openhtmltopdf.layout.PageBox pageBox \u003d pages.get(i);\n        if (predicate.test(pageBox)) {\n            setLastRequestedPage(pageBox);\n            return pageBox;\n        }\n    }\n    int needleIndex \u003d com.openhtmltopdf.util.SearchUtil.intBinarySearch(pageFinder(pages, yOffset, predicate), 0, (count - MAX_REAR_SEARCH));\n    com.openhtmltopdf.layout.PageBox needle \u003d pages.get(needleIndex);\n    setLastRequestedPage(needle);\n    return needle;\n}",
                "dst_parent": "null"
              },
              "line": 669,
              "file": "/home/khesoem/projects/lighter/exp/openhtmltopdf-core/src/main/java/com/openhtmltopdf/layout/Layer.java",
              "stats": {
                "number_of_src_entities": 4,
                "number_of_dst_entities": -1,
                "src_entity_types": "[int]",
                "dst_entity_types": "[]"
              }
            }
          ]
        },
        {
          "tool-name": "JKali",
          "pattern-name": "JKali:del",
          "Unified_Diff_of-files:": "Starts Below...",
          "INSERT:": "}",
          "instance_detail": [
            {
              "pattern_action": "DEL",
              "pattern_entity": {
                "entity_type": "*",
                "entity_new value": "*",
                "entity_role": "Statement",
                "entity_parent": "null"
              },
              "concrete_change": {
                "operator": "DEL",
                "src_type": "LocalVariable",
                "dst_type": "null",
                "src": "com.openhtmltopdf.layout.PageBox needle \u003d pages.get(needleIndex)",
                "dst": "null",
                "src_parent_type": "Block",
                "dst_parent_type": "null",
                "src_parent": "{\n    final int MAX_REAR_SEARCH \u003d 5;\n    int count \u003d pages.size();\n    for (int i \u003d count - 1; (i \u003e\u003d 0) \u0026\u0026 (i \u003e\u003d (count - MAX_REAR_SEARCH)); i--) {\n        com.openhtmltopdf.layout.PageBox pageBox \u003d pages.get(i);\n        if (predicate.test(pageBox)) {\n            setLastRequestedPage(pageBox);\n            return pageBox;\n        }\n    }\n    int needleIndex \u003d com.openhtmltopdf.util.SearchUtil.intBinarySearch(pageFinder(pages, yOffset, predicate), 0, (count - MAX_REAR_SEARCH));\n    com.openhtmltopdf.layout.PageBox needle \u003d pages.get(needleIndex);\n    setLastRequestedPage(needle);\n    return needle;\n}",
                "dst_parent": "null"
              },
              "line": 688,
              "file": "/home/khesoem/projects/lighter/exp/openhtmltopdf-core/src/main/java/com/openhtmltopdf/layout/Layer.java",
              "stats": {
                "number_of_src_entities": 21,
                "number_of_dst_entities": -1,
                "src_entity_types": "[int, java.util.List\u003ccom.openhtmltopdf.layout.PageBox\u003e, com.openhtmltopdf.layout.PageBox]",
                "dst_entity_types": "[]"
              }
            }
          ]
        },
        {
          "tool-name": "JKali",
          "pattern-name": "JKali:add_rtrn",
          "Unified_Diff_of-files:": "Starts Below...",
          "INSERT:": "}",
          "instance_detail": [
            {
              "pattern_action": "INS",
              "pattern_entity": {
                "entity_type": "Return",
                "entity_new value": "*",
                "entity_role": "Statement",
                "entity_parent": "null"
              },
              "concrete_change": {
                "operator": "INS",
                "src_type": "Return",
                "dst_type": "null",
                "src": "return getPage(c, yOffset, true)",
                "dst": "null",
                "src_parent_type": "Block",
                "dst_parent_type": "null",
                "src_parent": "{\n    return getPage(c, yOffset, true);\n}",
                "dst_parent": "null"
              },
              "line": 652,
              "file": "/home/khesoem/projects/lighter/exp/openhtmltopdf-core/src/main/java/com/openhtmltopdf/layout/Layer.java"
            }
          ]
        },
        {
          "tool-name": "JKali",
          "pattern-name": "JKali:add_rtrn",
          "Unified_Diff_of-files:": "Starts Below...",
          "INSERT:": "}",
          "instance_detail": [
            {
              "pattern_action": "INS",
              "pattern_entity": {
                "entity_type": "Return",
                "entity_new value": "*",
                "entity_role": "Statement",
                "entity_parent": "null"
              },
              "concrete_change": {
                "operator": "INS",
                "src_type": "Return",
                "dst_type": "null",
                "src": "return com.openhtmltopdf.util.SearchUtil.intBinarySearch(pageFinder(pages, yOffset, predicate), 0, ((pages.size()) - (com.openhtmltopdf.layout.Layer.MAX_REAR_SEARCH)))",
                "dst": "null",
                "src_parent_type": "Block",
                "dst_parent_type": "null",
                "src_parent": "{\n    java.util.List\u003ccom.openhtmltopdf.layout.PageBox\u003e pages \u003d getPages();\n    java.util.function.Predicate\u003ccom.openhtmltopdf.layout.PageBox\u003e predicate \u003d pagePredicate(yOffset);\n    int pageIdx \u003d searchLastPages(pages, predicate, com.openhtmltopdf.layout.Layer.MAX_REAR_SEARCH);\n    if (pageIdx \u003e\u003d 0) {\n        return pageIdx;\n    }\n    return com.openhtmltopdf.util.SearchUtil.intBinarySearch(pageFinder(pages, yOffset, predicate), 0, ((pages.size()) - (com.openhtmltopdf.layout.Layer.MAX_REAR_SEARCH)));\n}",
                "dst_parent": "null"
              },
              "line": 719,
              "file": "/home/khesoem/projects/lighter/exp/openhtmltopdf-core/src/main/java/com/openhtmltopdf/layout/Layer.java"
            }
          ]
        },
        {
          "tool-name": "JKali",
          "pattern-name": "JKali:add_rtrn",
          "Unified_Diff_of-files:": "Starts Below...",
          "INSERT:": "}",
          "instance_detail": [
            {
              "pattern_action": "INS",
              "pattern_entity": {
                "entity_type": "Return",
                "entity_new value": "*",
                "entity_role": "Statement",
                "entity_parent": "null"
              },
              "concrete_change": {
                "operator": "INS",
                "src_type": "Return",
                "dst_type": "null",
                "src": "return -1",
                "dst": "null",
                "src_parent_type": "Block",
                "dst_parent_type": "null",
                "src_parent": "{\n    int count \u003d pages.size();\n    for (int i \u003d count - 1; (i \u003e\u003d 0) \u0026\u0026 (i \u003e\u003d (count - maxRearPages)); i--) {\n        com.openhtmltopdf.layout.PageBox pageBox \u003d pages.get(i);\n        if (predicate.test(pageBox)) {\n            setLastRequestedPage(pageBox);\n            return i;\n        }\n    }\n    return -1;\n}",
                "dst_parent": "null"
              },
              "line": 744,
              "file": "/home/khesoem/projects/lighter/exp/openhtmltopdf-core/src/main/java/com/openhtmltopdf/layout/Layer.java"
            }
          ]
        },
        {
          "tool-name": "JKali",
          "pattern-name": "JKali:add_rtrn",
          "Unified_Diff_of-files:": "Starts Below...",
          "INSERT:": "}",
          "instance_detail": [
            {
              "pattern_action": "INS",
              "pattern_entity": {
                "entity_type": "Return",
                "entity_new value": "*",
                "entity_role": "Statement",
                "entity_parent": "null"
              },
              "concrete_change": {
                "operator": "INS",
                "src_type": "Return",
                "dst_type": "null",
                "src": "return pageIdx",
                "dst": "null",
                "src_parent_type": "Block",
                "dst_parent_type": "null",
                "src_parent": "{\n    return pageIdx;\n}",
                "dst_parent": "null"
              },
              "line": 716,
              "file": "/home/khesoem/projects/lighter/exp/openhtmltopdf-core/src/main/java/com/openhtmltopdf/layout/Layer.java"
            }
          ]
        }
      ]
    },
    {
      "revision": "f7d6f552367572e36e37d87b179a8ae81a653ef7",
      "repairability": [
        {
          "tool-name": "JKali",
          "pattern-name": "JKali:del",
          "Unified_Diff_of-files:": "Starts Below...",
          "INSERT:": "}",
          "instance_detail": [
            {
              "pattern_action": "DEL",
              "pattern_entity": {
                "entity_type": "*",
                "entity_new value": "*",
                "entity_role": "Statement",
                "entity_parent": "null"
              },
              "concrete_change": {
                "operator": "DEL",
                "src_type": "LocalVariable",
                "dst_type": "null",
                "src": "int idx \u003d 0",
                "dst": "null",
                "src_parent_type": "Block",
                "dst_parent_type": "null",
                "src_parent": "{\n    int idx \u003d 0;\n    for (com.openhtmltopdf.render.PageBox page : pages) {\n        if ((y \u003e\u003d (page.getTop())) \u0026\u0026 (y \u003c\u003d (page.getBottom()))) {\n            return idx;\n        }\n        idx++;\n    }\n    return idx - 1;\n}",
                "dst_parent": "null"
              },
              "line": 25,
              "file": "/home/khesoem/projects/lighter/exp/openhtmltopdf-core/src/main/java/com/openhtmltopdf/render/FlowingColumnContainerBox.java",
              "stats": {
                "number_of_src_entities": 4,
                "number_of_dst_entities": -1,
                "src_entity_types": "[int]",
                "dst_entity_types": "[]"
              }
            }
          ]
        },
        {
          "tool-name": "JKali",
          "pattern-name": "JKali:del",
          "Unified_Diff_of-files:": "Starts Below...",
          "INSERT:": "}",
          "instance_detail": [
            {
              "pattern_action": "DEL",
              "pattern_entity": {
                "entity_type": "*",
                "entity_new value": "*",
                "entity_role": "Statement",
                "entity_parent": "null"
              },
              "concrete_change": {
                "operator": "DEL",
                "src_type": "Return",
                "dst_type": "null",
                "src": "return idx",
                "dst": "null",
                "src_parent_type": "Block",
                "dst_parent_type": "null",
                "src_parent": "{\n    return idx;\n}",
                "dst_parent": "null"
              },
              "line": 28,
              "file": "/home/khesoem/projects/lighter/exp/openhtmltopdf-core/src/main/java/com/openhtmltopdf/render/FlowingColumnContainerBox.java"
            }
          ]
        },
        {
          "tool-name": "JKali",
          "pattern-name": "JKali:del",
          "Unified_Diff_of-files:": "Starts Below...",
          "INSERT:": "}",
          "instance_detail": [
            {
              "pattern_action": "DEL",
              "pattern_entity": {
                "entity_type": "*",
                "entity_new value": "*",
                "entity_role": "Statement",
                "entity_parent": "null"
              },
              "concrete_change": {
                "operator": "DEL",
                "src_type": "If",
                "dst_type": "null",
                "src": "if ((y \u003e\u003d (page.getTop())) \u0026\u0026 (y \u003c\u003d (page.getBottom()))) {\n    return idx;\n}",
                "dst": "null",
                "src_parent_type": "Block",
                "dst_parent_type": "null",
                "src_parent": "{\n    if ((y \u003e\u003d (page.getTop())) \u0026\u0026 (y \u003c\u003d (page.getBottom()))) {\n        return idx;\n    }\n    idx++;\n}",
                "dst_parent": "null"
              },
              "line": 27,
              "file": "/home/khesoem/projects/lighter/exp/openhtmltopdf-core/src/main/java/com/openhtmltopdf/render/FlowingColumnContainerBox.java"
            }
          ]
        },
        {
          "tool-name": "JKali",
          "pattern-name": "JKali:del",
          "Unified_Diff_of-files:": "Starts Below...",
          "INSERT:": "}",
          "instance_detail": [
            {
              "pattern_action": "DEL",
              "pattern_entity": {
                "entity_type": "*",
                "entity_new value": "*",
                "entity_role": "Statement",
                "entity_parent": "null"
              },
              "concrete_change": {
                "operator": "DEL",
                "src_type": "UnaryOperator",
                "dst_type": "null",
                "src": "idx++",
                "dst": "null",
                "src_parent_type": "Block",
                "dst_parent_type": "null",
                "src_parent": "{\n    if ((y \u003e\u003d (page.getTop())) \u0026\u0026 (y \u003c\u003d (page.getBottom()))) {\n        return idx;\n    }\n    idx++;\n}",
                "dst_parent": "null"
              },
              "line": 30,
              "file": "/home/khesoem/projects/lighter/exp/openhtmltopdf-core/src/main/java/com/openhtmltopdf/render/FlowingColumnContainerBox.java"
            }
          ]
        },
        {
          "tool-name": "JKali",
          "pattern-name": "JKali:del",
          "Unified_Diff_of-files:": "Starts Below...",
          "INSERT:": "}",
          "instance_detail": [
            {
              "pattern_action": "DEL",
              "pattern_entity": {
                "entity_type": "*",
                "entity_new value": "*",
                "entity_role": "Statement",
                "entity_parent": "null"
              },
              "concrete_change": {
                "operator": "DEL",
                "src_type": "ForEach",
                "dst_type": "null",
                "src": "for (com.openhtmltopdf.render.PageBox page : pages) {\n    if ((y \u003e\u003d (page.getTop())) \u0026\u0026 (y \u003c\u003d (page.getBottom()))) {\n        return idx;\n    }\n    idx++;\n}",
                "dst": "null",
                "src_parent_type": "Block",
                "dst_parent_type": "null",
                "src_parent": "{\n    int idx \u003d 0;\n    for (com.openhtmltopdf.render.PageBox page : pages) {\n        if ((y \u003e\u003d (page.getTop())) \u0026\u0026 (y \u003c\u003d (page.getBottom()))) {\n            return idx;\n        }\n        idx++;\n    }\n    return idx - 1;\n}",
                "dst_parent": "null"
              },
              "line": 26,
              "file": "/home/khesoem/projects/lighter/exp/openhtmltopdf-core/src/main/java/com/openhtmltopdf/render/FlowingColumnContainerBox.java",
              "stats": {
                "number_of_src_entities": 47,
                "number_of_dst_entities": -1,
                "src_entity_types": "[int, java.util.List\u003ccom.openhtmltopdf.render.PageBox\u003e, com.openhtmltopdf.render.PageBox]",
                "dst_entity_types": "[]"
              }
            }
          ]
        },
        {
          "tool-name": "JKali",
          "pattern-name": "JKali:del",
          "Unified_Diff_of-files:": "Starts Below...",
          "INSERT:": "}",
          "instance_detail": [
            {
              "pattern_action": "DEL",
              "pattern_entity": {
                "entity_type": "*",
                "entity_new value": "*",
                "entity_role": "Statement",
                "entity_parent": "null"
              },
              "concrete_change": {
                "operator": "DEL",
                "src_type": "Return",
                "dst_type": "null",
                "src": "return idx - 1",
                "dst": "null",
                "src_parent_type": "Block",
                "dst_parent_type": "null",
                "src_parent": "{\n    int idx \u003d 0;\n    for (com.openhtmltopdf.render.PageBox page : pages) {\n        if ((y \u003e\u003d (page.getTop())) \u0026\u0026 (y \u003c\u003d (page.getBottom()))) {\n            return idx;\n        }\n        idx++;\n    }\n    return idx - 1;\n}",
                "dst_parent": "null"
              },
              "line": 32,
              "file": "/home/khesoem/projects/lighter/exp/openhtmltopdf-core/src/main/java/com/openhtmltopdf/render/FlowingColumnContainerBox.java",
              "stats": {
                "number_of_src_entities": 8,
                "number_of_dst_entities": -1,
                "src_entity_types": "[int]",
                "dst_entity_types": "[]"
              }
            }
          ]
        },
        {
          "tool-name": "JKali",
          "pattern-name": "JKali:add_rtrn",
          "Unified_Diff_of-files:": "Starts Below...",
          "INSERT:": "}",
          "instance_detail": [
            {
              "pattern_action": "INS",
              "pattern_entity": {
                "entity_type": "Return",
                "entity_new value": "*",
                "entity_role": "Statement",
                "entity_parent": "null"
              },
              "concrete_change": {
                "operator": "INS",
                "src_type": "Return",
                "dst_type": "null",
                "src": "return c.getRootLayer().getPageIndex(y)",
                "dst": "null",
                "src_parent_type": "Block",
                "dst_parent_type": "null",
                "src_parent": "{\n    return c.getRootLayer().getPageIndex(y);\n}",
                "dst_parent": "null"
              },
              "line": 24,
              "file": "/home/khesoem/projects/lighter/exp/openhtmltopdf-core/src/main/java/com/openhtmltopdf/render/FlowingColumnContainerBox.java",
              "stats": {
                "number_of_src_entities": 16,
                "number_of_dst_entities": -1,
                "src_entity_types": "[int, com.openhtmltopdf.layout.LayoutContext]",
                "dst_entity_types": "[]"
              }
            }
          ]
        }
      ]
    },
    {
      "revision": "f7d6f552367572e36e37d87b179a8ae81a653ef7",
      "repairability": [
        {
          "tool-name": "JKali",
          "pattern-name": "JKali:add_rtrn",
          "Unified_Diff_of-files:": "Starts Below...",
          "INSERT:": "}",
          "instance_detail": [
            {
              "pattern_action": "INS",
              "pattern_entity": {
                "entity_type": "Return",
                "entity_new value": "*",
                "entity_role": "Statement",
                "entity_parent": "null"
              },
              "concrete_change": {
                "operator": "INS",
                "src_type": "Return",
                "dst_type": "null",
                "src": "return new com.openhtmltopdf.templates.dto.Company(\"My Place\", null, com.openhtmltopdf.templates.DataGenerator.address2(), \"myplace@example.com\", \"myplace.example.com\", \"555-3999\")",
                "dst": "null",
                "src_parent_type": "Block",
                "dst_parent_type": "null",
                "src_parent": "{\n    return new com.openhtmltopdf.templates.dto.Company(\"My Place\", null, com.openhtmltopdf.templates.DataGenerator.address2(), \"myplace@example.com\", \"myplace.example.com\", \"555-3999\");\n}",
                "dst_parent": "null"
              },
              "line": 56,
              "file": "/home/khesoem/projects/lighter/exp/openhtmltopdf-templates/src/main/java/com/openhtmltopdf/templates/DataGenerator.java"
            }
          ]
        }
      ]
    }
  ],
  "complete_analysis": true
}