{
  "instances": [
    {
      "revision": "3676dfa4bcd9199818e3bd496effd045f4231170",
      "repairability": [
        {
          "tool-name": "JGenProg",
          "pattern-name": "JGenProg:any_statement_shallow",
          "Unified_Diff_of-files:": "Starts Below...",
          "CHANGE_old:": "  protected JDBCResponse\u0026lt;R\u0026gt; decode(Statement statement, int[] returnedBatchResult) throws SQLException {",
          "CHANGE_new:": "  protected JDBCResponse\u0026lt;R\u0026gt; decode(Statement statement, int[] returnedBatchResult, boolean returnedKeys) throws SQLException {",
          "INSERT:": "}",
          "instance_detail": [
            {
              "pattern_action": "ANY",
              "pattern_entity": {
                "entity_type": "*",
                "entity_new value": "*",
                "entity_role": "Statement",
                "entity_parent": "null"
              },
              "concrete_change": {
                "operator": "INS",
                "src_type": "If",
                "dst_type": "null",
                "src": "if (returnedKeys) {\n    decodeReturnedKeys(statement, response);\n}",
                "dst": "null",
                "src_parent_type": "Block",
                "dst_parent_type": "null",
                "src_parent": "{\n    final io.vertx.jdbcclient.impl.actions.JDBCResponse\u003cR\u003e response \u003d new io.vertx.jdbcclient.impl.actions.JDBCResponse(returnedBatchResult.length);\n    java.util.function.BiConsumer\u003cC, io.vertx.sqlclient.Row\u003e accumulator \u003d collector.accumulator();\n    io.vertx.sqlclient.impl.RowDesc desc \u003d new io.vertx.sqlclient.impl.RowDesc(java.util.Collections.emptyList());\n    C container \u003d collector.supplier().get();\n    for (int result : returnedBatchResult) {\n        io.vertx.sqlclient.Row row \u003d new io.vertx.jdbcclient.impl.JDBCRow(desc);\n        row.addValue(result);\n        accumulator.accept(container, row);\n    }\n    response.push(collector.finisher().apply(container), desc, returnedBatchResult.length);\n    if (returnedKeys) {\n        decodeReturnedKeys(statement, response);\n    }\n    return response;\n}",
                "dst_parent": "null"
              },
              "line": 97,
              "file": "/home/khesoem/projects/lighter/exp/src/main/java/io/vertx/jdbcclient/impl/actions/JDBCQueryAction.java",
              "stats": {
                "number_of_src_entities": 32,
                "number_of_dst_entities": -1,
                "src_entity_types": "[io.vertx.jdbcclient.impl.actions.JDBCQueryAction\u003cC, R\u003e, io.vertx.jdbcclient.impl.actions.JDBCQueryAction, boolean, java.sql.Statement, io.vertx.jdbcclient.impl.actions.JDBCResponse\u003cR\u003e]",
                "dst_entity_types": "[]"
              }
            }
          ]
        }
      ]
    }
  ],
  "complete_analysis": true
}