{
  "instances": [
    {
      "revision": "1c3338a4d704cb6e5a05e8dfc743472260454974",
      "repairability": [
        {
          "tool-name": "JGenProg",
          "pattern-name": "JGenProg:any_statement_shallow",
          "Unified_Diff_of-files:": "Starts Below...",
          "INSERT:": "    client.close(); // SHOULD BE A FUTURE",
          "CHANGE_old:": "",
          "CHANGE_new:": "    }).onComplete(promise);",
          "DELETE:": "}",
          "instance_detail": [
            {
              "pattern_action": "ANY",
              "pattern_entity": {
                "entity_type": "*",
                "entity_new value": "*",
                "entity_role": "Statement",
                "entity_parent": "null"
              },
              "concrete_change": {
                "operator": "INS",
                "src_type": "LocalVariable",
                "dst_type": "null",
                "src": "io.vertx.core.impl.ContextInternal ctx \u003d vertx.getOrCreateContext()",
                "dst": "null",
                "src_parent_type": "Block",
                "dst_parent_type": "null",
                "src_parent": "{\n    io.vertx.core.impl.ContextInternal ctx \u003d vertx.getOrCreateContext();\n    getConnectionInternal(ctx).flatMap(( conn) -\u003e {\n        Promise\u003cio.vertx.jdbcclient.impl.R\u003e p \u003d ctx.promise();\n        ((io.vertx.sqlclient.impl.SqlConnectionImpl) (conn)).schedule(commandBase, p);\n        return p.future().flatMap(( r) -\u003e conn.close().map(r));\n    }).onComplete(promise);\n}",
                "dst_parent": "null"
              },
              "line": 75,
              "file": "/home/khesoem/projects/lighter/exp/src/main/java/io/vertx/jdbcclient/impl/JDBCPoolImpl.java",
              "stats": {
                "number_of_src_entities": 21,
                "number_of_dst_entities": -1,
                "src_entity_types": "[io.vertx.core.impl.VertxInternal, io.vertx.jdbcclient.impl.JDBCPoolImpl, io.vertx.core.impl.ContextInternal]",
                "dst_entity_types": "[]"
              }
            }
          ]
        }
      ]
    }
  ],
  "complete_analysis": true
}