{
  "instances": [
    {
      "revision": "34b1648da480d1da291112a6e1df53aa3f25eec7",
      "repairability": [
        {
          "tool-name": "Arja",
          "pattern-name": "Arja:arja_shallow_change",
          "Unified_Diff_of-files:": "Starts Below...",
          "INSERT:": "                    new SqlInteger()",
          "instance_detail": [
            {
              "pattern_action": "ANY",
              "pattern_entity": {
                "entity_type": "Statement",
                "entity_new value": "*",
                "entity_role": "*",
                "entity_parent": "null"
              },
              "concrete_change": {
                "operator": "DEL",
                "src_type": "Invocation",
                "dst_type": "null",
                "src": "super(( input) -\u003e input)",
                "dst": "null",
                "src_parent_type": "Block",
                "dst_parent_type": "null",
                "src_parent": "{\n    super(( input) -\u003e input);\n}",
                "dst_parent": "null"
              },
              "line": 37,
              "file": "/home/khesoem/projects/lighter/exp/seeds-db/src/main/java/com/github/smallcreep/cucumber/seeds/sqlvalue/Serial.java"
            }
          ]
        }
      ]
    }
  ],
  "complete_analysis": true
}