{
  "instances": [
    {
      "revision": "51b6993eaf2d2c4b1afa6db9e39b131556d0c719",
      "repairability": [
        {
          "tool-name": "Arja",
          "pattern-name": "Arja:arja_shallow_change",
          "Unified_Diff_of-files:": "Starts Below...",
          "DELETE:": "            new PlaceholderTimestampNow(),",
          "CHANGE_old:": "",
          "CHANGE_new:": "            new PlaceholdersWithoutFunctions()",
          "instance_detail": [
            {
              "pattern_action": "ANY",
              "pattern_entity": {
                "entity_type": "Statement",
                "entity_new value": "*",
                "entity_role": "*",
                "entity_parent": "null"
              },
              "concrete_change": {
                "operator": "UPD",
                "src_type": "ConstructorCall",
                "dst_type": "ConstructorCall",
                "src": "new com.github.smallcreep.cucumber.seeds.generator.placeholders.PlaceholderRandomInt()",
                "dst": "new com.github.smallcreep.cucumber.seeds.generator.placeholders.PlaceholderEncryptionMd5()",
                "src_parent_type": "Invocation",
                "dst_parent_type": "Invocation",
                "src_parent": "this(new com.github.smallcreep.cucumber.seeds.generator.placeholders.PlaceholderRandomInt(), new com.github.smallcreep.cucumber.seeds.generator.placeholders.PlaceholderRandomStringLength(), new com.github.smallcreep.cucumber.seeds.generator.placeholders.PlaceholderRandomString(), new com.github.smallcreep.cucumber.seeds.generator.placeholders.PlaceholderTimestampNow(), new com.github.smallcreep.cucumber.seeds.generator.placeholders.PlaceholderEncryptionMd5(), new com.github.smallcreep.cucumber.seeds.generator.placeholders.PlaceholderRandomSerial())",
                "dst_parent": "this(new com.github.smallcreep.cucumber.seeds.generator.placeholders.PlaceholderEncryptionMd5(), new com.github.smallcreep.cucumber.seeds.generator.placeholders.PlaceholderRandomStringLength(), new com.github.smallcreep.cucumber.seeds.generator.placeholders.PlaceholdersWithoutFunctions())"
              },
              "line": 50,
              "file": "/home/khesoem/projects/lighter/exp/seeds-generator/src/main/java/com/github/smallcreep/cucumber/seeds/generator/placeholders/PlaceholdersAll.java",
              "stats": {
                "number_of_src_entities": 6,
                "number_of_dst_entities": 6,
                "src_entity_types": "[com.github.smallcreep.cucumber.seeds.generator.placeholders.PlaceholderRandomInt]",
                "dst_entity_types": "[com.github.smallcreep.cucumber.seeds.generator.placeholders.PlaceholderEncryptionMd5]"
              }
            }
          ]
        },
        {
          "tool-name": "Arja",
          "pattern-name": "Arja:arja_shallow_change",
          "Unified_Diff_of-files:": "Starts Below...",
          "DELETE:": "            new PlaceholderTimestampNow(),",
          "CHANGE_old:": "",
          "CHANGE_new:": "            new PlaceholdersWithoutFunctions()",
          "instance_detail": [
            {
              "pattern_action": "ANY",
              "pattern_entity": {
                "entity_type": "Statement",
                "entity_new value": "*",
                "entity_role": "*",
                "entity_parent": "null"
              },
              "concrete_change": {
                "operator": "DEL",
                "src_type": "ConstructorCall",
                "dst_type": "null",
                "src": "new com.github.smallcreep.cucumber.seeds.generator.placeholders.PlaceholderRandomString()",
                "dst": "null",
                "src_parent_type": "Invocation",
                "dst_parent_type": "null",
                "src_parent": "this(new com.github.smallcreep.cucumber.seeds.generator.placeholders.PlaceholderRandomInt(), new com.github.smallcreep.cucumber.seeds.generator.placeholders.PlaceholderRandomStringLength(), new com.github.smallcreep.cucumber.seeds.generator.placeholders.PlaceholderRandomString(), new com.github.smallcreep.cucumber.seeds.generator.placeholders.PlaceholderTimestampNow(), new com.github.smallcreep.cucumber.seeds.generator.placeholders.PlaceholderEncryptionMd5(), new com.github.smallcreep.cucumber.seeds.generator.placeholders.PlaceholderRandomSerial())",
                "dst_parent": "null"
              },
              "line": 52,
              "file": "/home/khesoem/projects/lighter/exp/seeds-generator/src/main/java/com/github/smallcreep/cucumber/seeds/generator/placeholders/PlaceholdersAll.java",
              "stats": {
                "number_of_src_entities": 6,
                "number_of_dst_entities": -1,
                "src_entity_types": "[com.github.smallcreep.cucumber.seeds.generator.placeholders.PlaceholderRandomString]",
                "dst_entity_types": "[]"
              }
            }
          ]
        },
        {
          "tool-name": "Arja",
          "pattern-name": "Arja:arja_shallow_change",
          "Unified_Diff_of-files:": "Starts Below...",
          "DELETE:": "            new PlaceholderTimestampNow(),",
          "CHANGE_old:": "",
          "CHANGE_new:": "            new PlaceholdersWithoutFunctions()",
          "instance_detail": [
            {
              "pattern_action": "ANY",
              "pattern_entity": {
                "entity_type": "Statement",
                "entity_new value": "*",
                "entity_role": "*",
                "entity_parent": "null"
              },
              "concrete_change": {
                "operator": "DEL",
                "src_type": "ConstructorCall",
                "dst_type": "null",
                "src": "new com.github.smallcreep.cucumber.seeds.generator.placeholders.PlaceholderTimestampNow()",
                "dst": "null",
                "src_parent_type": "Invocation",
                "dst_parent_type": "null",
                "src_parent": "this(new com.github.smallcreep.cucumber.seeds.generator.placeholders.PlaceholderRandomInt(), new com.github.smallcreep.cucumber.seeds.generator.placeholders.PlaceholderRandomStringLength(), new com.github.smallcreep.cucumber.seeds.generator.placeholders.PlaceholderRandomString(), new com.github.smallcreep.cucumber.seeds.generator.placeholders.PlaceholderTimestampNow(), new com.github.smallcreep.cucumber.seeds.generator.placeholders.PlaceholderEncryptionMd5(), new com.github.smallcreep.cucumber.seeds.generator.placeholders.PlaceholderRandomSerial())",
                "dst_parent": "null"
              },
              "line": 53,
              "file": "/home/khesoem/projects/lighter/exp/seeds-generator/src/main/java/com/github/smallcreep/cucumber/seeds/generator/placeholders/PlaceholdersAll.java",
              "stats": {
                "number_of_src_entities": 6,
                "number_of_dst_entities": -1,
                "src_entity_types": "[com.github.smallcreep.cucumber.seeds.generator.placeholders.PlaceholderTimestampNow]",
                "dst_entity_types": "[]"
              }
            }
          ]
        },
        {
          "tool-name": "Arja",
          "pattern-name": "Arja:arja_shallow_change",
          "Unified_Diff_of-files:": "Starts Below...",
          "DELETE:": "            new PlaceholderTimestampNow(),",
          "CHANGE_old:": "",
          "CHANGE_new:": "            new PlaceholdersWithoutFunctions()",
          "instance_detail": [
            {
              "pattern_action": "ANY",
              "pattern_entity": {
                "entity_type": "Statement",
                "entity_new value": "*",
                "entity_role": "*",
                "entity_parent": "null"
              },
              "concrete_change": {
                "operator": "DEL",
                "src_type": "ConstructorCall",
                "dst_type": "null",
                "src": "new com.github.smallcreep.cucumber.seeds.generator.placeholders.PlaceholderRandomSerial()",
                "dst": "null",
                "src_parent_type": "Invocation",
                "dst_parent_type": "null",
                "src_parent": "this(new com.github.smallcreep.cucumber.seeds.generator.placeholders.PlaceholderRandomInt(), new com.github.smallcreep.cucumber.seeds.generator.placeholders.PlaceholderRandomStringLength(), new com.github.smallcreep.cucumber.seeds.generator.placeholders.PlaceholderRandomString(), new com.github.smallcreep.cucumber.seeds.generator.placeholders.PlaceholderTimestampNow(), new com.github.smallcreep.cucumber.seeds.generator.placeholders.PlaceholderEncryptionMd5(), new com.github.smallcreep.cucumber.seeds.generator.placeholders.PlaceholderRandomSerial())",
                "dst_parent": "null"
              },
              "line": 55,
              "file": "/home/khesoem/projects/lighter/exp/seeds-generator/src/main/java/com/github/smallcreep/cucumber/seeds/generator/placeholders/PlaceholdersAll.java",
              "stats": {
                "number_of_src_entities": 6,
                "number_of_dst_entities": -1,
                "src_entity_types": "[com.github.smallcreep.cucumber.seeds.generator.placeholders.PlaceholderRandomSerial]",
                "dst_entity_types": "[]"
              }
            }
          ]
        }
      ]
    }
  ],
  "complete_analysis": true
}