{
  "instances": [
    {
      "revision": "3175610145c52269a73b7f47375a666a1f4bf856",
      "repairability": [
        {
          "tool-name": "Elixir",
          "pattern-name": "Elixir:Insert_Invocation",
          "Unified_Diff_of-files:": "Starts Below...",
          "INSERT:": "}",
          "instance_detail": [
            {
              "pattern_action": "INS",
              "pattern_entity": {
                "entity_type": "AbstractInvocation",
                "entity_new value": "*",
                "entity_role": "*",
                "entity_parent": "null"
              },
              "concrete_change": {
                "operator": "INS",
                "src_type": "Invocation",
                "dst_type": "null",
                "src": "cardLayout.show(displayPanel, \"Invites\")",
                "dst": "null",
                "src_parent_type": "Case",
                "dst_parent_type": "null",
                "src_parent": "case \"viewInvites\" :\n    cardLayout.show(displayPanel, \"Invites\");\n    client.gui.swing.panels.ActiveGamesPanel.loadTestData(activeGamesPanel);\n    break;",
                "dst_parent": "null"
              },
              "line": 87,
              "file": "/home/khesoem/projects/lighter/exp/src/main/java/client/gui/swing/panels/MainMenuPanel.java",
              "stats": {
                "number_of_src_entities": 36,
                "number_of_dst_entities": -1,
                "src_entity_types": "[java.awt.CardLayout, client.gui.swing.panels.MainMenuPanel, java.lang.String]",
                "dst_entity_types": "[]"
              }
            }
          ]
        }
      ]
    }
  ],
  "complete_analysis": true
}