{
  "instances": [
    {
      "revision": "03f42956e88564c73a8aecc62d68ac3d738a3b92",
      "repairability": [
        {
          "tool-name": "Cardumen",
          "pattern-name": "Cardumen:expression_replacement_by_del_mov",
          "Unified_Diff_of-files:": "Starts Below...",
          "DELETE:": "                   .collect(Collectors.toList())",
          "instance_detail": [
            {
              "pattern_action": "MOV",
              "pattern_entity": {
                "entity_type": "Expression",
                "entity_new value": "*",
                "entity_role": "*",
                "entity_parent": "null"
              },
              "concrete_change": {
                "operator": "MOV",
                "src_type": "Invocation",
                "dst_type": "Invocation",
                "src": "beanFactory.getBeansOfType(org.axonframework.serialization.upcasting.event.EventUpcaster.class).values().stream().sorted(AnnotationAwareOrderComparator.INSTANCE).collect(java.util.stream.Collectors.toList())",
                "dst": "beanFactory.getBeansOfType(org.axonframework.serialization.upcasting.event.EventUpcaster.class).values().stream().sorted(AnnotationAwareOrderComparator.INSTANCE).forEach(( eventUpcaster) -\u003e configurer.registerEventUpcaster(( c) -\u003e eventUpcaster))",
                "src_parent_type": "Invocation",
                "dst_parent_type": "Block",
                "src_parent": "beanFactory.getBeansOfType(org.axonframework.serialization.upcasting.event.EventUpcaster.class).values().stream().sorted(AnnotationAwareOrderComparator.INSTANCE).collect(java.util.stream.Collectors.toList()).forEach(( eventUpcaster) -\u003e configurer.registerEventUpcaster(( c) -\u003e eventUpcaster))",
                "dst_parent": "{\n    beanFactory.getBeansOfType(org.axonframework.serialization.upcasting.event.EventUpcaster.class).values().stream().sorted(AnnotationAwareOrderComparator.INSTANCE).forEach(( eventUpcaster) -\u003e configurer.registerEventUpcaster(( c) -\u003e eventUpcaster));\n}"
              },
              "line": 248,
              "file": "/home/khesoem/projects/lighter/exp/spring/src/main/java/org/axonframework/spring/config/SpringAxonAutoConfigurer.java",
              "stats": {
                "number_of_src_entities": 69,
                "number_of_dst_entities": 52,
                "src_entity_types": "[java.util.stream.Collectors, org.axonframework.serialization.upcasting.event.EventUpcaster, AnnotationAwareOrderComparator.INSTANCE, org.axonframework.spring.config.SpringAxonAutoConfigurer, org.springframework.beans.factory.config.ConfigurableListableBeanFactory]",
                "dst_entity_types": "[org.axonframework.spring.config.configurer, org.axonframework.serialization.upcasting.event.EventUpcaster, AnnotationAwareOrderComparator.INSTANCE, org.axonframework.spring.config.SpringAxonAutoConfigurer, org.springframework.beans.factory.config.ConfigurableListableBeanFactory]"
              }
            },
            {
              "pattern_action": "DEL",
              "pattern_entity": {
                "entity_type": "Expression",
                "entity_new value": "*",
                "entity_role": "*",
                "entity_parent": "null"
              },
              "concrete_change": {
                "operator": "DEL",
                "src_type": "Invocation",
                "dst_type": "null",
                "src": "beanFactory.getBeansOfType(org.axonframework.serialization.upcasting.event.EventUpcaster.class).values().stream().sorted(AnnotationAwareOrderComparator.INSTANCE).collect(java.util.stream.Collectors.toList()).forEach(( eventUpcaster) -\u003e configurer.registerEventUpcaster(( c) -\u003e eventUpcaster))",
                "dst": "null",
                "src_parent_type": "Block",
                "dst_parent_type": "null",
                "src_parent": "{\n    beanFactory.getBeansOfType(org.axonframework.serialization.upcasting.event.EventUpcaster.class).values().stream().sorted(AnnotationAwareOrderComparator.INSTANCE).collect(java.util.stream.Collectors.toList()).forEach(( eventUpcaster) -\u003e configurer.registerEventUpcaster(( c) -\u003e eventUpcaster));\n}",
                "dst_parent": "null"
              },
              "line": 248,
              "file": "/home/khesoem/projects/lighter/exp/spring/src/main/java/org/axonframework/spring/config/SpringAxonAutoConfigurer.java",
              "stats": {
                "number_of_src_entities": 83,
                "number_of_dst_entities": -1,
                "src_entity_types": "[java.util.stream.Collectors, org.axonframework.spring.config.configurer, org.axonframework.serialization.upcasting.event.EventUpcaster, AnnotationAwareOrderComparator.INSTANCE, org.axonframework.spring.config.SpringAxonAutoConfigurer, org.springframework.beans.factory.config.ConfigurableListableBeanFactory]",
                "dst_entity_types": "[]"
              }
            }
          ]
        }
      ]
    }
  ],
  "complete_analysis": true
}