{
  "instances": [
    {
      "revision": "14a60d86d830318c60e47ab14dbdae6524312f02",
      "repairability": [
        {
          "tool-name": "JKali",
          "pattern-name": "JKali:add_rtrn",
          "Unified_Diff_of-files:": "Starts Below...",
          "CHANGE_old:": "              .transform(someRequest -\u0026gt; someRequest.isUpstreamUpdateOnly() || stateDatastore.isUpstreamUpdateOnly(someRequest))",
          "CHANGE_new:": "              .transform(stateDatastore::isUpstreamUpdateOnly)",
          "instance_detail": [
            {
              "pattern_action": "INS",
              "pattern_entity": {
                "entity_type": "Return",
                "entity_new value": "*",
                "entity_role": "Statement",
                "entity_parent": "null"
              },
              "concrete_change": {
                "operator": "INS",
                "src_type": "Return",
                "dst_type": "null",
                "src": "return true",
                "dst": "null",
                "src_parent_type": "Block",
                "dst_parent_type": "null",
                "src_parent": "{\n    return true;\n}",
                "dst_parent": "null"
              },
              "line": 94,
              "file": "/home/khesoem/projects/lighter/exp/BaragonData/src/main/java/com/hubspot/baragon/data/BaragonStateDatastore.java"
            }
          ]
        }
      ]
    }
  ],
  "complete_analysis": true
}