{
  "instances": [
    {
      "revision": "42df4983f2f928cb58a75ef2a00516a290c18163",
      "repairability": [
        {
          "tool-name": "JKali",
          "pattern-name": "JKali:del",
          "Unified_Diff_of-files:": "Starts Below...",
          "CHANGE_old:": "            try {",
          "CHANGE_new:": "",
          "DELETE:": "          });",
          "instance_detail": [
            {
              "pattern_action": "DEL",
              "pattern_entity": {
                "entity_type": "*",
                "entity_new value": "*",
                "entity_role": "Statement",
                "entity_parent": "null"
              },
              "concrete_change": {
                "operator": "DEL",
                "src_type": "Invocation",
                "dst_type": "null",
                "src": "com.hubspot.baragon.agent.managed.LifecycleHelper.LOG.error(java.lang.String.format(\"Caught exception while applying slowly %s during bootstrap\", item.get().getKey().getService().getServiceId()), com.hubspot.baragon.agent.managed.e)",
                "dst": "null",
                "src_parent_type": "Block",
                "dst_parent_type": "null",
                "src_parent": "{\n    com.hubspot.baragon.agent.managed.LifecycleHelper.LOG.error(java.lang.String.format(\"Caught exception while applying slowly %s during bootstrap\", item.get().getKey().getService().getServiceId()), com.hubspot.baragon.agent.managed.e);\n}",
                "dst_parent": "null"
              },
              "line": 248,
              "file": "/home/khesoem/projects/lighter/exp/BaragonAgentService/src/main/java/com/hubspot/baragon/agent/managed/LifecycleHelper.java"
            }
          ]
        },
        {
          "tool-name": "JKali",
          "pattern-name": "JKali:del",
          "Unified_Diff_of-files:": "Starts Below...",
          "CHANGE_old:": "            try {",
          "CHANGE_new:": "",
          "DELETE:": "          });",
          "instance_detail": [
            {
              "pattern_action": "DEL",
              "pattern_entity": {
                "entity_type": "*",
                "entity_new value": "*",
                "entity_role": "Statement",
                "entity_parent": "null"
              },
              "concrete_change": {
                "operator": "DEL",
                "src_type": "Try",
                "dst_type": "null",
                "src": "try {\n    configHelper.bootstrapApply(item.get().getKey(), item.get().getValue());\n} catch ( e) {\n    com.hubspot.baragon.agent.managed.LifecycleHelper.LOG.error(java.lang.String.format(\"Caught exception while applying slowly %s during bootstrap\", item.get().getKey().getService().getServiceId()), com.hubspot.baragon.agent.managed.e);\n}",
                "dst": "null",
                "src_parent_type": "Block",
                "dst_parent_type": "null",
                "src_parent": "{\n    try {\n        configHelper.bootstrapApply(item.get().getKey(), item.get().getValue());\n    } catch ( e) {\n        com.hubspot.baragon.agent.managed.LifecycleHelper.LOG.error(java.lang.String.format(\"Caught exception while applying slowly %s during bootstrap\", item.get().getKey().getService().getServiceId()), com.hubspot.baragon.agent.managed.e);\n    }\n}",
                "dst_parent": "null"
              },
              "line": 245,
              "file": "/home/khesoem/projects/lighter/exp/BaragonAgentService/src/main/java/com/hubspot/baragon/agent/managed/LifecycleHelper.java"
            }
          ]
        },
        {
          "tool-name": "JKali",
          "pattern-name": "JKali:del",
          "Unified_Diff_of-files:": "Starts Below...",
          "CHANGE_old:": "            try {",
          "CHANGE_new:": "",
          "DELETE:": "          });",
          "instance_detail": [
            {
              "pattern_action": "DEL",
              "pattern_entity": {
                "entity_type": "*",
                "entity_new value": "*",
                "entity_role": "Statement",
                "entity_parent": "null"
              },
              "concrete_change": {
                "operator": "DEL",
                "src_type": "Invocation",
                "dst_type": "null",
                "src": "toApply.forEach(( item) -\u003e {\n    try {\n        configHelper.bootstrapApply(item.get().getKey(), item.get().getValue());\n    } catch ( e) {\n        com.hubspot.baragon.agent.managed.LifecycleHelper.LOG.error(java.lang.String.format(\"Caught exception while applying slowly %s during bootstrap\", item.get().getKey().getService().getServiceId()), com.hubspot.baragon.agent.managed.e);\n    }\n})",
                "dst": "null",
                "src_parent_type": "Block",
                "dst_parent_type": "null",
                "src_parent": "{\n    toApply.forEach(( item) -\u003e {\n        try {\n            configHelper.bootstrapApply(item.get().getKey(), item.get().getValue());\n        } catch ( e) {\n            com.hubspot.baragon.agent.managed.LifecycleHelper.LOG.error(java.lang.String.format(\"Caught exception while applying slowly %s during bootstrap\", item.get().getKey().getService().getServiceId()), com.hubspot.baragon.agent.managed.e);\n        }\n    });\n}",
                "dst_parent": "null"
              },
              "line": 244,
              "file": "/home/khesoem/projects/lighter/exp/BaragonAgentService/src/main/java/com/hubspot/baragon/agent/managed/LifecycleHelper.java",
              "stats": {
                "number_of_src_entities": 97,
                "number_of_dst_entities": -1,
                "src_entity_types": "[com.hubspot.baragon.agent.managed.LOG, com.google.common.base.Optional\u003corg.apache.commons.lang3.tuple.Pair\u003ccom.hubspot.baragon.models.ServiceContext, java.util.Collection\u003ccom.hubspot.baragon.models.BaragonConfigFile\u003e\u003e\u003e, com.hubspot.baragon.agent.managed.item, com.hubspot.baragon.agent.managed.e, com.hubspot.baragon.models.ServiceContext, java.util.Collection\u003ccom.hubspot.baragon.models.BaragonConfigFile\u003e, java.lang.String, com.hubspot.baragon.models.BaragonConfigFile, com.hubspot.baragon.agent.managed.configHelper, java.util.List\u003ccom.google.common.base.Optional\u003corg.apache.commons.lang3.tuple.Pair\u003ccom.hubspot.baragon.models.ServiceContext, java.util.Collection\u003ccom.hubspot.baragon.models.BaragonConfigFile\u003e\u003e\u003e\u003e, org.apache.commons.lang3.tuple.Pair\u003ccom.hubspot.baragon.models.ServiceContext, java.util.Collection\u003ccom.hubspot.baragon.models.BaragonConfigFile\u003e\u003e, com.hubspot.baragon.agent.managed.LifecycleHelper]",
                "dst_entity_types": "[]"
              }
            }
          ]
        }
      ]
    }
  ],
  "complete_analysis": true
}