{
  "instances": [
    {
      "revision": "3b2920c7302d6beca606f893af54e9f68bb17aca",
      "repairability": [
        {
          "tool-name": "JKali",
          "pattern-name": "JKali:del",
          "Unified_Diff_of-files:": "Starts Below...",
          "DELETE:": "  public BasicServiceContext(@JsonProperty(\"service\") BaragonService service,",
          "CHANGE_old:": "    this(service, upstreams, Collections.EMPTY_LIST, System.currentTimeMillis());",
          "CHANGE_new:": "    this(service, upstreams, System.currentTimeMillis());",
          "instance_detail": [
            {
              "pattern_action": "DEL",
              "pattern_entity": {
                "entity_type": "*",
                "entity_new value": "*",
                "entity_role": "Statement",
                "entity_parent": "null"
              },
              "concrete_change": {
                "operator": "DEL",
                "src_type": "Assignment",
                "dst_type": "null",
                "src": "this.renderedConfigs \u003d renderedConfigs",
                "dst": "null",
                "src_parent_type": "Block",
                "dst_parent_type": "null",
                "src_parent": "{\n    this.service \u003d service;\n    this.upstreams \u003d com.google.common.base.MoreObjects.firstNonNull(upstreams, java.util.Collections.emptyList());\n    this.renderedConfigs \u003d renderedConfigs;\n    this.timestamp \u003d timestamp;\n}",
                "dst_parent": "null"
              },
              "line": 25,
              "file": "/home/khesoem/projects/lighter/exp/BaragonCore/src/main/java/com/hubspot/baragon/models/BasicServiceContext.java",
              "stats": {
                "number_of_src_entities": 21,
                "number_of_dst_entities": -1,
                "src_entity_types": "[com.hubspot.baragon.models.BasicServiceContext, java.util.Collection\u003ccom.hubspot.baragon.models.BaragonConfigFile\u003e, com.hubspot.baragon.models.BaragonConfigFile]",
                "dst_entity_types": "[]"
              }
            }
          ]
        },
        {
          "tool-name": "JKali",
          "pattern-name": "JKali:del",
          "Unified_Diff_of-files:": "Starts Below...",
          "DELETE:": "  public BasicServiceContext(@JsonProperty(\"service\") BaragonService service,",
          "CHANGE_old:": "    this(service, upstreams, Collections.EMPTY_LIST, System.currentTimeMillis());",
          "CHANGE_new:": "    this(service, upstreams, System.currentTimeMillis());",
          "instance_detail": [
            {
              "pattern_action": "DEL",
              "pattern_entity": {
                "entity_type": "*",
                "entity_new value": "*",
                "entity_role": "Statement",
                "entity_parent": "null"
              },
              "concrete_change": {
                "operator": "DEL",
                "src_type": "Invocation",
                "dst_type": "null",
                "src": "this(service, upstreams, java.util.Collections.EMPTY_LIST, java.lang.System.currentTimeMillis())",
                "dst": "null",
                "src_parent_type": "Block",
                "dst_parent_type": "null",
                "src_parent": "{\n    this(service, upstreams, java.util.Collections.EMPTY_LIST, java.lang.System.currentTimeMillis());\n}",
                "dst_parent": "null"
              },
              "line": 37,
              "file": "/home/khesoem/projects/lighter/exp/BaragonCore/src/main/java/com/hubspot/baragon/models/BasicServiceContext.java"
            }
          ]
        }
      ]
    },
    {
      "revision": "3b2920c7302d6beca606f893af54e9f68bb17aca",
      "repairability": [
        {
          "tool-name": "JKali",
          "pattern-name": "JKali:del",
          "Unified_Diff_of-files:": "Starts Below...",
          "DELETE:": "  public BasicServiceContext(@JsonProperty(\"service\") BaragonService service,",
          "CHANGE_old:": "    this(service, upstreams, Collections.EMPTY_LIST, System.currentTimeMillis());",
          "CHANGE_new:": "    this(service, upstreams, System.currentTimeMillis());",
          "instance_detail": [
            {
              "pattern_action": "DEL",
              "pattern_entity": {
                "entity_type": "*",
                "entity_new value": "*",
                "entity_role": "Statement",
                "entity_parent": "null"
              },
              "concrete_change": {
                "operator": "DEL",
                "src_type": "Return",
                "dst_type": "null",
                "src": "return internalStateCache",
                "dst": "null",
                "src_parent_type": "Block",
                "dst_parent_type": "null",
                "src_parent": "{\n    return internalStateCache;\n}",
                "dst_parent": "null"
              },
              "line": 109,
              "file": "/home/khesoem/projects/lighter/exp/BaragonAgentService/src/main/java/com/hubspot/baragon/agent/resources/StatusResource.java"
            }
          ]
        }
      ]
    },
    {
      "revision": "3b2920c7302d6beca606f893af54e9f68bb17aca",
      "repairability": [
        {
          "tool-name": "JKali",
          "pattern-name": "JKali:del",
          "Unified_Diff_of-files:": "Starts Below...",
          "DELETE:": "  public BasicServiceContext(@JsonProperty(\"service\") BaragonService service,",
          "CHANGE_old:": "    this(service, upstreams, Collections.EMPTY_LIST, System.currentTimeMillis());",
          "CHANGE_new:": "    this(service, upstreams, System.currentTimeMillis());",
          "instance_detail": [
            {
              "pattern_action": "DEL",
              "pattern_entity": {
                "entity_type": "*",
                "entity_new value": "*",
                "entity_role": "Statement",
                "entity_parent": "null"
              },
              "concrete_change": {
                "operator": "DEL",
                "src_type": "Invocation",
                "dst_type": "null",
                "src": "com.hubspot.baragon.agent.lbs.FilesystemConfigHelper.LOG.info(\"Received a call for readConfigs() for BaragonService\u003d: {}\", service)",
                "dst": "null",
                "src_parent_type": "Block",
                "dst_parent_type": "null",
                "src_parent": "{\n    com.hubspot.baragon.agent.lbs.FilesystemConfigHelper.LOG.info(\"Received a call for readConfigs() for BaragonService\u003d: {}\", service);\n    final java.util.Collection\u003ccom.hubspot.baragon.models.BaragonConfigFile\u003e configs \u003d new java.util.ArrayList\u003c\u003e();\n    for (java.lang.String filename : configGenerator.getConfigPathsForProject(service)) {\n        java.io.File file \u003d new java.io.File(filename);\n        if (!(file.exists())) {\n            continue;\n        }\n        try {\n            configs.add(new com.hubspot.baragon.models.BaragonConfigFile(filename, com.google.common.io.Files.asCharSource(file, com.google.common.base.Charsets.UTF_8).read()));\n            com.hubspot.baragon.agent.lbs.FilesystemConfigHelper.LOG.info(\"Got this configContent: {}\", configs.stream().collect(java.util.stream.Collectors.toList()).get(((configs.size()) - 1)).getContent());\n        } catch (java.io.IOException e) {\n            throw com.google.common.base.Throwables.propagate(e);\n        }\n    }\n    return configs;\n}",
                "dst_parent": "null"
              },
              "line": 335,
              "file": "/home/khesoem/projects/lighter/exp/BaragonAgentService/src/main/java/com/hubspot/baragon/agent/lbs/FilesystemConfigHelper.java",
              "stats": {
                "number_of_src_entities": 25,
                "number_of_dst_entities": -1,
                "src_entity_types": "[com.hubspot.baragon.models.BaragonService, java.lang.String, org.slf4j.Logger, com.hubspot.baragon.agent.lbs.FilesystemConfigHelper]",
                "dst_entity_types": "[]"
              }
            }
          ]
        },
        {
          "tool-name": "JKali",
          "pattern-name": "JKali:del",
          "Unified_Diff_of-files:": "Starts Below...",
          "DELETE:": "  public BasicServiceContext(@JsonProperty(\"service\") BaragonService service,",
          "CHANGE_old:": "    this(service, upstreams, Collections.EMPTY_LIST, System.currentTimeMillis());",
          "CHANGE_new:": "    this(service, upstreams, System.currentTimeMillis());",
          "instance_detail": [
            {
              "pattern_action": "DEL",
              "pattern_entity": {
                "entity_type": "*",
                "entity_new value": "*",
                "entity_role": "Statement",
                "entity_parent": "null"
              },
              "concrete_change": {
                "operator": "DEL",
                "src_type": "Invocation",
                "dst_type": "null",
                "src": "com.hubspot.baragon.agent.lbs.FilesystemConfigHelper.LOG.info(\"Got this configContent: {}\", configs.stream().collect(java.util.stream.Collectors.toList()).get(((configs.size()) - 1)).getContent())",
                "dst": "null",
                "src_parent_type": "Block",
                "dst_parent_type": "null",
                "src_parent": "{\n    configs.add(new com.hubspot.baragon.models.BaragonConfigFile(filename, com.google.common.io.Files.asCharSource(file, com.google.common.base.Charsets.UTF_8).read()));\n    com.hubspot.baragon.agent.lbs.FilesystemConfigHelper.LOG.info(\"Got this configContent: {}\", configs.stream().collect(java.util.stream.Collectors.toList()).get(((configs.size()) - 1)).getContent());\n}",
                "dst_parent": "null"
              },
              "line": 347,
              "file": "/home/khesoem/projects/lighter/exp/BaragonAgentService/src/main/java/com/hubspot/baragon/agent/lbs/FilesystemConfigHelper.java",
              "stats": {
                "number_of_src_entities": 83,
                "number_of_dst_entities": -1,
                "src_entity_types": "[java.util.stream.Collectors, int, java.lang.String, java.util.Collection\u003ccom.hubspot.baragon.models.BaragonConfigFile\u003e, com.hubspot.baragon.models.BaragonConfigFile, org.slf4j.Logger, com.hubspot.baragon.agent.lbs.FilesystemConfigHelper]",
                "dst_entity_types": "[]"
              }
            }
          ]
        }
      ]
    }
  ],
  "complete_analysis": true
}