{
  "instances": [
    {
      "revision": "9025e44274a03deffe3280a44466784972d990b8",
      "repairability": [
        {
          "tool-name": "JKali",
          "pattern-name": "JKali:del",
          "Unified_Diff_of-files:": "Starts Below...",
          "INSERT:": "    this.requestDatastore \u003d requestDatastore;",
          "CHANGE_old:": "",
          "CHANGE_new:": "        Optional.of(RequestAction.REVERT), false, Optional.\u0026lt;Integer\u0026gt;absent());",
          "instance_detail": [
            {
              "pattern_action": "DEL",
              "pattern_entity": {
                "entity_type": "*",
                "entity_new value": "*",
                "entity_role": "Statement",
                "entity_parent": "null"
              },
              "concrete_change": {
                "operator": "DEL",
                "src_type": "LocalVariable",
                "dst_type": "null",
                "src": "final com.google.common.base.Optional\u003ccom.hubspot.baragon.models.BaragonRequest\u003e maybeRequest \u003d requestDatastore.getRequest(requestId)",
                "dst": "null",
                "src_parent_type": "Block",
                "dst_parent_type": "null",
                "src_parent": "{\n    final com.google.common.base.Optional\u003ccom.hubspot.baragon.models.BaragonRequest\u003e maybeRequest \u003d requestDatastore.getRequest(requestId);\n    if (!(maybeRequest.isPresent())) {\n        return javax.ws.rs.core.Response.status(Response.Status.NOT_FOUND).entity(java.lang.String.format(\"Request %s does not exist\", requestId)).build();\n    }\n    final com.hubspot.baragon.models.BaragonRequest request \u003d maybeRequest.get();\n    com.hubspot.baragon.models.RequestAction action \u003d maybeAction.or(request.getAction().or(RequestAction.UPDATE));\n    com.google.common.base.Optional\u003ccom.hubspot.baragon.models.BaragonService\u003e maybeOldService \u003d getOldService(request);\n    return processRequest(requestId, action, request, maybeOldService, delayReload, batchItemNumber);\n}",
                "dst_parent": "null"
              },
              "line": 101,
              "file": "/home/khesoem/projects/lighter/exp/BaragonAgentService/src/main/java/com/hubspot/baragon/agent/managers/AgentRequestManager.java",
              "stats": {
                "number_of_src_entities": 31,
                "number_of_dst_entities": -1,
                "src_entity_types": "[com.hubspot.baragon.models.BaragonRequest, com.hubspot.baragon.agent.managers.AgentRequestManager, com.google.common.base.Optional\u003ccom.hubspot.baragon.models.BaragonRequest\u003e, java.lang.String, com.hubspot.baragon.data.BaragonRequestDatastore]",
                "dst_entity_types": "[]"
              }
            }
          ]
        },
        {
          "tool-name": "JKali",
          "pattern-name": "JKali:add_rtrn",
          "Unified_Diff_of-files:": "Starts Below...",
          "INSERT:": "    this.requestDatastore \u003d requestDatastore;",
          "CHANGE_old:": "",
          "CHANGE_new:": "        Optional.of(RequestAction.REVERT), false, Optional.\u0026lt;Integer\u0026gt;absent());",
          "instance_detail": [
            {
              "pattern_action": "INS",
              "pattern_entity": {
                "entity_type": "Return",
                "entity_new value": "*",
                "entity_role": "Statement",
                "entity_parent": "null"
              },
              "concrete_change": {
                "operator": "INS",
                "src_type": "Return",
                "dst_type": "null",
                "src": "return stateDatastore.getUpstreams(service.getServiceId())",
                "dst": "null",
                "src_parent_type": "Block",
                "dst_parent_type": "null",
                "src_parent": "{\n    return stateDatastore.getUpstreams(service.getServiceId());\n}",
                "dst_parent": "null"
              },
              "line": 98,
              "file": "/home/khesoem/projects/lighter/exp/BaragonAgentService/src/main/java/com/hubspot/baragon/agent/managers/AgentRequestManager.java"
            }
          ]
        },
        {
          "tool-name": "JKali",
          "pattern-name": "JKali:add_rtrn",
          "Unified_Diff_of-files:": "Starts Below...",
          "INSERT:": "    this.requestDatastore \u003d requestDatastore;",
          "CHANGE_old:": "",
          "CHANGE_new:": "        Optional.of(RequestAction.REVERT), false, Optional.\u0026lt;Integer\u0026gt;absent());",
          "instance_detail": [
            {
              "pattern_action": "INS",
              "pattern_entity": {
                "entity_type": "Return",
                "entity_new value": "*",
                "entity_role": "Statement",
                "entity_parent": "null"
              },
              "concrete_change": {
                "operator": "INS",
                "src_type": "Return",
                "dst_type": "null",
                "src": "return new com.hubspot.baragon.agent.managers.ArrayList\u003c\u003e()",
                "dst": "null",
                "src_parent_type": "Block",
                "dst_parent_type": "null",
                "src_parent": "{\n    com.hubspot.baragon.agent.managers.AgentRequestManager.LOG.warn(\"Unable to get upstream information for service {}\", service.getServiceId(), com.hubspot.baragon.agent.managers.e);\n    return new com.hubspot.baragon.agent.managers.ArrayList\u003c\u003e();\n}",
                "dst_parent": "null"
              },
              "line": 101,
              "file": "/home/khesoem/projects/lighter/exp/BaragonAgentService/src/main/java/com/hubspot/baragon/agent/managers/AgentRequestManager.java"
            }
          ]
        },
        {
          "tool-name": "JKali",
          "pattern-name": "JKali:add_rtrn",
          "Unified_Diff_of-files:": "Starts Below...",
          "INSERT:": "    this.requestDatastore \u003d requestDatastore;",
          "CHANGE_old:": "",
          "CHANGE_new:": "        Optional.of(RequestAction.REVERT), false, Optional.\u0026lt;Integer\u0026gt;absent());",
          "instance_detail": [
            {
              "pattern_action": "INS",
              "pattern_entity": {
                "entity_type": "Return",
                "entity_new value": "*",
                "entity_role": "Statement",
                "entity_parent": "null"
              },
              "concrete_change": {
                "operator": "INS",
                "src_type": "Return",
                "dst_type": "null",
                "src": "return oldService",
                "dst": "null",
                "src_parent_type": "Block",
                "dst_parent_type": "null",
                "src_parent": "{\n    final Optional\u003ccom.hubspot.baragon.models.BaragonRequest\u003e maybeRequest \u003d requestDatastore.getRequest(requestItem.getRequestId());\n    requests.put(requestItem.getRequestId(), maybeRequest);\n    Optional\u003ccom.hubspot.baragon.models.BaragonService\u003e oldService;\n    if (maybeRequest.isPresent()) {\n        oldService \u003d getOldService(maybeRequest.get());\n    } else {\n        oldService \u003d com.google.common.base.Optional.absent();\n    }\n    return oldService;\n}",
                "dst_parent": "null"
              },
              "line": 91,
              "file": "/home/khesoem/projects/lighter/exp/BaragonAgentService/src/main/java/com/hubspot/baragon/agent/managers/AgentRequestManager.java"
            }
          ]
        }
      ]
    }
  ],
  "complete_analysis": true
}