{
  "instances": [
    {
      "revision": "75b80ad0da13048d6fabe7864d7e242f50323338",
      "repairability": [
        {
          "tool-name": "JKali",
          "pattern-name": "JKali:del",
          "Unified_Diff_of-files:": "Starts Below...",
          "INSERT:": "import java.util.Set;",
          "CHANGE_old:": "",
          "CHANGE_new:": "  private List\u0026lt;String\u0026gt; matchingUpstreamHostPorts(Collection\u0026lt;UpstreamInfo\u0026gt; currentUpstreams, UpstreamInfo toAdd) {",
          "DELETE:": "      }",
          "instance_detail": [
            {
              "pattern_action": "DEL",
              "pattern_entity": {
                "entity_type": "*",
                "entity_new value": "*",
                "entity_role": "Statement",
                "entity_parent": "null"
              },
              "concrete_change": {
                "operator": "DEL",
                "src_type": "LocalVariable",
                "dst_type": "null",
                "src": "java.util.List\u003cjava.lang.String\u003e matchingUpstreamPaths \u003d matchingUpstreamPaths(currentUpstreams, upstreamInfo)",
                "dst": "null",
                "src_parent_type": "Block",
                "dst_parent_type": "null",
                "src_parent": "{\n    java.util.List\u003cjava.lang.String\u003e matchingUpstreamPaths \u003d matchingUpstreamPaths(currentUpstreams, upstreamInfo);\n    if (matchingUpstreamPaths.isEmpty()) {\n        com.hubspot.baragon.data.BaragonStateDatastore.LOG.warn(\"No upstream node found to delete for {}, current upstream nodes are {}\", upstreamInfo, currentUpstreams);\n    } else {\n        for (java.lang.String matchingPath : matchingUpstreamPaths) {\n            java.lang.String fullPath \u003d java.lang.String.format(com.hubspot.baragon.data.BaragonStateDatastore.UPSTREAM_FORMAT, serviceId, matchingPath);\n            if ((nodeExists(fullPath)) \u0026\u0026 (!(pathsToDelete.contains(fullPath)))) {\n                com.hubspot.baragon.data.BaragonStateDatastore.LOG.info(\"Deleting {}\", fullPath);\n                pathsToDelete.add(fullPath);\n                transaction.delete().forPath(fullPath).and();\n            }\n        }\n    }\n}",
                "dst_parent": "null"
              },
              "line": 128,
              "file": "/home/khesoem/projects/lighter/exp/BaragonData/src/main/java/com/hubspot/baragon/data/BaragonStateDatastore.java",
              "stats": {
                "number_of_src_entities": 35,
                "number_of_dst_entities": -1,
                "src_entity_types": "[com.hubspot.baragon.data.BaragonStateDatastore, com.hubspot.baragon.models.UpstreamInfo, java.lang.String, java.util.Collection\u003ccom.hubspot.baragon.models.UpstreamInfo\u003e, java.util.List\u003cjava.lang.String\u003e]",
                "dst_entity_types": "[]"
              }
            }
          ]
        },
        {
          "tool-name": "JKali",
          "pattern-name": "JKali:del",
          "Unified_Diff_of-files:": "Starts Below...",
          "INSERT:": "import java.util.Set;",
          "CHANGE_old:": "",
          "CHANGE_new:": "  private List\u0026lt;String\u0026gt; matchingUpstreamHostPorts(Collection\u0026lt;UpstreamInfo\u0026gt; currentUpstreams, UpstreamInfo toAdd) {",
          "DELETE:": "      }",
          "instance_detail": [
            {
              "pattern_action": "DEL",
              "pattern_entity": {
                "entity_type": "*",
                "entity_new value": "*",
                "entity_role": "Statement",
                "entity_parent": "null"
              },
              "concrete_change": {
                "operator": "DEL",
                "src_type": "Invocation",
                "dst_type": "null",
                "src": "com.hubspot.baragon.data.BaragonStateDatastore.LOG.warn(\"No upstream node found to delete for {}, current upstream nodes are {}\", upstreamInfo, currentUpstreams)",
                "dst": "null",
                "src_parent_type": "Block",
                "dst_parent_type": "null",
                "src_parent": "{\n    com.hubspot.baragon.data.BaragonStateDatastore.LOG.warn(\"No upstream node found to delete for {}, current upstream nodes are {}\", upstreamInfo, currentUpstreams);\n}",
                "dst_parent": "null"
              },
              "line": 130,
              "file": "/home/khesoem/projects/lighter/exp/BaragonData/src/main/java/com/hubspot/baragon/data/BaragonStateDatastore.java"
            }
          ]
        },
        {
          "tool-name": "JKali",
          "pattern-name": "JKali:del",
          "Unified_Diff_of-files:": "Starts Below...",
          "INSERT:": "import java.util.Set;",
          "CHANGE_old:": "",
          "CHANGE_new:": "  private List\u0026lt;String\u0026gt; matchingUpstreamHostPorts(Collection\u0026lt;UpstreamInfo\u0026gt; currentUpstreams, UpstreamInfo toAdd) {",
          "DELETE:": "      }",
          "instance_detail": [
            {
              "pattern_action": "DEL",
              "pattern_entity": {
                "entity_type": "*",
                "entity_new value": "*",
                "entity_role": "Statement",
                "entity_parent": "null"
              },
              "concrete_change": {
                "operator": "DEL",
                "src_type": "LocalVariable",
                "dst_type": "null",
                "src": "java.lang.String fullPath \u003d java.lang.String.format(com.hubspot.baragon.data.BaragonStateDatastore.UPSTREAM_FORMAT, serviceId, matchingPath)",
                "dst": "null",
                "src_parent_type": "Block",
                "dst_parent_type": "null",
                "src_parent": "{\n    java.lang.String fullPath \u003d java.lang.String.format(com.hubspot.baragon.data.BaragonStateDatastore.UPSTREAM_FORMAT, serviceId, matchingPath);\n    if ((nodeExists(fullPath)) \u0026\u0026 (!(pathsToDelete.contains(fullPath)))) {\n        com.hubspot.baragon.data.BaragonStateDatastore.LOG.info(\"Deleting {}\", fullPath);\n        pathsToDelete.add(fullPath);\n        transaction.delete().forPath(fullPath).and();\n    }\n}",
                "dst_parent": "null"
              },
              "line": 133,
              "file": "/home/khesoem/projects/lighter/exp/BaragonData/src/main/java/com/hubspot/baragon/data/BaragonStateDatastore.java"
            }
          ]
        },
        {
          "tool-name": "JKali",
          "pattern-name": "JKali:del",
          "Unified_Diff_of-files:": "Starts Below...",
          "INSERT:": "import java.util.Set;",
          "CHANGE_old:": "",
          "CHANGE_new:": "  private List\u0026lt;String\u0026gt; matchingUpstreamHostPorts(Collection\u0026lt;UpstreamInfo\u0026gt; currentUpstreams, UpstreamInfo toAdd) {",
          "DELETE:": "      }",
          "instance_detail": [
            {
              "pattern_action": "DEL",
              "pattern_entity": {
                "entity_type": "*",
                "entity_new value": "*",
                "entity_role": "Statement",
                "entity_parent": "null"
              },
              "concrete_change": {
                "operator": "DEL",
                "src_type": "Invocation",
                "dst_type": "null",
                "src": "com.hubspot.baragon.data.BaragonStateDatastore.LOG.info(\"Deleting {}\", fullPath)",
                "dst": "null",
                "src_parent_type": "Block",
                "dst_parent_type": "null",
                "src_parent": "{\n    com.hubspot.baragon.data.BaragonStateDatastore.LOG.info(\"Deleting {}\", fullPath);\n    pathsToDelete.add(fullPath);\n    transaction.delete().forPath(fullPath).and();\n}",
                "dst_parent": "null"
              },
              "line": 135,
              "file": "/home/khesoem/projects/lighter/exp/BaragonData/src/main/java/com/hubspot/baragon/data/BaragonStateDatastore.java"
            }
          ]
        },
        {
          "tool-name": "JKali",
          "pattern-name": "JKali:del",
          "Unified_Diff_of-files:": "Starts Below...",
          "INSERT:": "import java.util.Set;",
          "CHANGE_old:": "",
          "CHANGE_new:": "  private List\u0026lt;String\u0026gt; matchingUpstreamHostPorts(Collection\u0026lt;UpstreamInfo\u0026gt; currentUpstreams, UpstreamInfo toAdd) {",
          "DELETE:": "      }",
          "instance_detail": [
            {
              "pattern_action": "DEL",
              "pattern_entity": {
                "entity_type": "*",
                "entity_new value": "*",
                "entity_role": "Statement",
                "entity_parent": "null"
              },
              "concrete_change": {
                "operator": "DEL",
                "src_type": "Invocation",
                "dst_type": "null",
                "src": "pathsToDelete.add(fullPath)",
                "dst": "null",
                "src_parent_type": "Block",
                "dst_parent_type": "null",
                "src_parent": "{\n    com.hubspot.baragon.data.BaragonStateDatastore.LOG.info(\"Deleting {}\", fullPath);\n    pathsToDelete.add(fullPath);\n    transaction.delete().forPath(fullPath).and();\n}",
                "dst_parent": "null"
              },
              "line": 136,
              "file": "/home/khesoem/projects/lighter/exp/BaragonData/src/main/java/com/hubspot/baragon/data/BaragonStateDatastore.java"
            }
          ]
        },
        {
          "tool-name": "JKali",
          "pattern-name": "JKali:del",
          "Unified_Diff_of-files:": "Starts Below...",
          "INSERT:": "import java.util.Set;",
          "CHANGE_old:": "",
          "CHANGE_new:": "  private List\u0026lt;String\u0026gt; matchingUpstreamHostPorts(Collection\u0026lt;UpstreamInfo\u0026gt; currentUpstreams, UpstreamInfo toAdd) {",
          "DELETE:": "      }",
          "instance_detail": [
            {
              "pattern_action": "DEL",
              "pattern_entity": {
                "entity_type": "*",
                "entity_new value": "*",
                "entity_role": "Statement",
                "entity_parent": "null"
              },
              "concrete_change": {
                "operator": "DEL",
                "src_type": "Invocation",
                "dst_type": "null",
                "src": "transaction.delete().forPath(fullPath).and()",
                "dst": "null",
                "src_parent_type": "Block",
                "dst_parent_type": "null",
                "src_parent": "{\n    com.hubspot.baragon.data.BaragonStateDatastore.LOG.info(\"Deleting {}\", fullPath);\n    pathsToDelete.add(fullPath);\n    transaction.delete().forPath(fullPath).and();\n}",
                "dst_parent": "null"
              },
              "line": 137,
              "file": "/home/khesoem/projects/lighter/exp/BaragonData/src/main/java/com/hubspot/baragon/data/BaragonStateDatastore.java"
            }
          ]
        },
        {
          "tool-name": "JKali",
          "pattern-name": "JKali:del",
          "Unified_Diff_of-files:": "Starts Below...",
          "INSERT:": "import java.util.Set;",
          "CHANGE_old:": "",
          "CHANGE_new:": "  private List\u0026lt;String\u0026gt; matchingUpstreamHostPorts(Collection\u0026lt;UpstreamInfo\u0026gt; currentUpstreams, UpstreamInfo toAdd) {",
          "DELETE:": "      }",
          "instance_detail": [
            {
              "pattern_action": "DEL",
              "pattern_entity": {
                "entity_type": "*",
                "entity_new value": "*",
                "entity_role": "Statement",
                "entity_parent": "null"
              },
              "concrete_change": {
                "operator": "DEL",
                "src_type": "If",
                "dst_type": "null",
                "src": "if ((nodeExists(fullPath)) \u0026\u0026 (!(pathsToDelete.contains(fullPath)))) {\n    com.hubspot.baragon.data.BaragonStateDatastore.LOG.info(\"Deleting {}\", fullPath);\n    pathsToDelete.add(fullPath);\n    transaction.delete().forPath(fullPath).and();\n}",
                "dst": "null",
                "src_parent_type": "Block",
                "dst_parent_type": "null",
                "src_parent": "{\n    java.lang.String fullPath \u003d java.lang.String.format(com.hubspot.baragon.data.BaragonStateDatastore.UPSTREAM_FORMAT, serviceId, matchingPath);\n    if ((nodeExists(fullPath)) \u0026\u0026 (!(pathsToDelete.contains(fullPath)))) {\n        com.hubspot.baragon.data.BaragonStateDatastore.LOG.info(\"Deleting {}\", fullPath);\n        pathsToDelete.add(fullPath);\n        transaction.delete().forPath(fullPath).and();\n    }\n}",
                "dst_parent": "null"
              },
              "line": 134,
              "file": "/home/khesoem/projects/lighter/exp/BaragonData/src/main/java/com/hubspot/baragon/data/BaragonStateDatastore.java"
            }
          ]
        },
        {
          "tool-name": "JKali",
          "pattern-name": "JKali:del",
          "Unified_Diff_of-files:": "Starts Below...",
          "INSERT:": "import java.util.Set;",
          "CHANGE_old:": "",
          "CHANGE_new:": "  private List\u0026lt;String\u0026gt; matchingUpstreamHostPorts(Collection\u0026lt;UpstreamInfo\u0026gt; currentUpstreams, UpstreamInfo toAdd) {",
          "DELETE:": "      }",
          "instance_detail": [
            {
              "pattern_action": "DEL",
              "pattern_entity": {
                "entity_type": "*",
                "entity_new value": "*",
                "entity_role": "Statement",
                "entity_parent": "null"
              },
              "concrete_change": {
                "operator": "DEL",
                "src_type": "ForEach",
                "dst_type": "null",
                "src": "for (java.lang.String matchingPath : matchingUpstreamPaths) {\n    java.lang.String fullPath \u003d java.lang.String.format(com.hubspot.baragon.data.BaragonStateDatastore.UPSTREAM_FORMAT, serviceId, matchingPath);\n    if ((nodeExists(fullPath)) \u0026\u0026 (!(pathsToDelete.contains(fullPath)))) {\n        com.hubspot.baragon.data.BaragonStateDatastore.LOG.info(\"Deleting {}\", fullPath);\n        pathsToDelete.add(fullPath);\n        transaction.delete().forPath(fullPath).and();\n    }\n}",
                "dst": "null",
                "src_parent_type": "Block",
                "dst_parent_type": "null",
                "src_parent": "{\n    for (java.lang.String matchingPath : matchingUpstreamPaths) {\n        java.lang.String fullPath \u003d java.lang.String.format(com.hubspot.baragon.data.BaragonStateDatastore.UPSTREAM_FORMAT, serviceId, matchingPath);\n        if ((nodeExists(fullPath)) \u0026\u0026 (!(pathsToDelete.contains(fullPath)))) {\n            com.hubspot.baragon.data.BaragonStateDatastore.LOG.info(\"Deleting {}\", fullPath);\n            pathsToDelete.add(fullPath);\n            transaction.delete().forPath(fullPath).and();\n        }\n    }\n}",
                "dst_parent": "null"
              },
              "line": 132,
              "file": "/home/khesoem/projects/lighter/exp/BaragonData/src/main/java/com/hubspot/baragon/data/BaragonStateDatastore.java"
            }
          ]
        },
        {
          "tool-name": "JKali",
          "pattern-name": "JKali:del",
          "Unified_Diff_of-files:": "Starts Below...",
          "INSERT:": "import java.util.Set;",
          "CHANGE_old:": "",
          "CHANGE_new:": "  private List\u0026lt;String\u0026gt; matchingUpstreamHostPorts(Collection\u0026lt;UpstreamInfo\u0026gt; currentUpstreams, UpstreamInfo toAdd) {",
          "DELETE:": "      }",
          "instance_detail": [
            {
              "pattern_action": "DEL",
              "pattern_entity": {
                "entity_type": "*",
                "entity_new value": "*",
                "entity_role": "Statement",
                "entity_parent": "null"
              },
              "concrete_change": {
                "operator": "DEL",
                "src_type": "If",
                "dst_type": "null",
                "src": "if (matchingUpstreamPaths.isEmpty()) {\n    com.hubspot.baragon.data.BaragonStateDatastore.LOG.warn(\"No upstream node found to delete for {}, current upstream nodes are {}\", upstreamInfo, currentUpstreams);\n} else {\n    for (java.lang.String matchingPath : matchingUpstreamPaths) {\n        java.lang.String fullPath \u003d java.lang.String.format(com.hubspot.baragon.data.BaragonStateDatastore.UPSTREAM_FORMAT, serviceId, matchingPath);\n        if ((nodeExists(fullPath)) \u0026\u0026 (!(pathsToDelete.contains(fullPath)))) {\n            com.hubspot.baragon.data.BaragonStateDatastore.LOG.info(\"Deleting {}\", fullPath);\n            pathsToDelete.add(fullPath);\n            transaction.delete().forPath(fullPath).and();\n        }\n    }\n}",
                "dst": "null",
                "src_parent_type": "Block",
                "dst_parent_type": "null",
                "src_parent": "{\n    java.util.List\u003cjava.lang.String\u003e matchingUpstreamPaths \u003d matchingUpstreamPaths(currentUpstreams, upstreamInfo);\n    if (matchingUpstreamPaths.isEmpty()) {\n        com.hubspot.baragon.data.BaragonStateDatastore.LOG.warn(\"No upstream node found to delete for {}, current upstream nodes are {}\", upstreamInfo, currentUpstreams);\n    } else {\n        for (java.lang.String matchingPath : matchingUpstreamPaths) {\n            java.lang.String fullPath \u003d java.lang.String.format(com.hubspot.baragon.data.BaragonStateDatastore.UPSTREAM_FORMAT, serviceId, matchingPath);\n            if ((nodeExists(fullPath)) \u0026\u0026 (!(pathsToDelete.contains(fullPath)))) {\n                com.hubspot.baragon.data.BaragonStateDatastore.LOG.info(\"Deleting {}\", fullPath);\n                pathsToDelete.add(fullPath);\n                transaction.delete().forPath(fullPath).and();\n            }\n        }\n    }\n}",
                "dst_parent": "null"
              },
              "line": 129,
              "file": "/home/khesoem/projects/lighter/exp/BaragonData/src/main/java/com/hubspot/baragon/data/BaragonStateDatastore.java",
              "stats": {
                "number_of_src_entities": 188,
                "number_of_dst_entities": -1,
                "src_entity_types": "[boolean, com.hubspot.baragon.data.BaragonStateDatastore, com.hubspot.baragon.models.UpstreamInfo, org.apache.curator.framework.api.transaction.CuratorTransactionFinal, java.lang.String, java.util.Collection\u003ccom.hubspot.baragon.models.UpstreamInfo\u003e, java.util.List\u003cjava.lang.String\u003e, java.util.List, org.slf4j.Logger]",
                "dst_entity_types": "[]"
              }
            }
          ]
        },
        {
          "tool-name": "JKali",
          "pattern-name": "JKali:del",
          "Unified_Diff_of-files:": "Starts Below...",
          "INSERT:": "import java.util.Set;",
          "CHANGE_old:": "",
          "CHANGE_new:": "  private List\u0026lt;String\u0026gt; matchingUpstreamHostPorts(Collection\u0026lt;UpstreamInfo\u0026gt; currentUpstreams, UpstreamInfo toAdd) {",
          "DELETE:": "      }",
          "instance_detail": [
            {
              "pattern_action": "DEL",
              "pattern_entity": {
                "entity_type": "*",
                "entity_new value": "*",
                "entity_role": "Statement",
                "entity_parent": "null"
              },
              "concrete_change": {
                "operator": "DEL",
                "src_type": "LocalVariable",
                "dst_type": "null",
                "src": "java.util.List\u003cjava.lang.String\u003e matchingUpstreamPaths \u003d matchingUpstreamPaths(currentUpstreams, upstreamInfo)",
                "dst": "null",
                "src_parent_type": "Block",
                "dst_parent_type": "null",
                "src_parent": "{\n    java.util.List\u003cjava.lang.String\u003e matchingUpstreamPaths \u003d matchingUpstreamPaths(currentUpstreams, upstreamInfo);\n    if (matchingUpstreamPaths.isEmpty()) {\n        com.hubspot.baragon.data.BaragonStateDatastore.LOG.warn(\"No upstream node found to delete for {}, current upstream nodes are {}\", upstreamInfo, currentUpstreams);\n    } else {\n        for (java.lang.String matchingPath : matchingUpstreamPaths) {\n            java.lang.String fullPath \u003d java.lang.String.format(com.hubspot.baragon.data.BaragonStateDatastore.UPSTREAM_FORMAT, serviceId, matchingPath);\n            if ((nodeExists(fullPath)) \u0026\u0026 (!(pathsToDelete.contains(fullPath)))) {\n                com.hubspot.baragon.data.BaragonStateDatastore.LOG.info(\"Deleting {}\", fullPath);\n                pathsToDelete.add(fullPath);\n                transaction.delete().forPath(fullPath).and();\n            }\n        }\n    }\n}",
                "dst_parent": "null"
              },
              "line": 150,
              "file": "/home/khesoem/projects/lighter/exp/BaragonData/src/main/java/com/hubspot/baragon/data/BaragonStateDatastore.java",
              "stats": {
                "number_of_src_entities": 35,
                "number_of_dst_entities": -1,
                "src_entity_types": "[com.hubspot.baragon.data.BaragonStateDatastore, com.hubspot.baragon.models.UpstreamInfo, java.lang.String, java.util.Collection\u003ccom.hubspot.baragon.models.UpstreamInfo\u003e, java.util.List\u003cjava.lang.String\u003e]",
                "dst_entity_types": "[]"
              }
            }
          ]
        }
      ]
    }
  ],
  "complete_analysis": true
}