{
  "instances": [
    {
      "revision": "c2a08b27b3b76b7d01522e18305892db91583db3",
      "repairability": [
        {
          "tool-name": "JKali",
          "pattern-name": "JKali:del",
          "Unified_Diff_of-files:": "Starts Below...",
          "DELETE:": "    }",
          "CHANGE_old:": "",
          "CHANGE_new:": "        boundaryServices.add(queuedRequestId.getServiceId());",
          "INSERT:": "",
          "instance_detail": [
            {
              "pattern_action": "DEL",
              "pattern_entity": {
                "entity_type": "*",
                "entity_new value": "*",
                "entity_role": "Statement",
                "entity_parent": "null"
              },
              "concrete_change": {
                "operator": "DEL",
                "src_type": "LocalVariable",
                "dst_type": "null",
                "src": "java.util.Map\u003cjava.lang.String, java.util.List\u003ccom.hubspot.baragon.models.QueuedRequestId\u003e\u003e requestsGroupedByService \u003d queuedRequestIds.stream().collect(java.util.stream.Collectors.groupingBy(QueuedRequestId::getServiceId))",
                "dst": "null",
                "src_parent_type": "Block",
                "dst_parent_type": "null",
                "src_parent": "{\n    java.util.Map\u003cjava.lang.String, java.util.List\u003ccom.hubspot.baragon.models.QueuedRequestId\u003e\u003e requestsGroupedByService \u003d queuedRequestIds.stream().collect(java.util.stream.Collectors.groupingBy(QueuedRequestId::getServiceId));\n    java.util.ArrayList\u003ccom.hubspot.baragon.models.QueuedRequestId\u003e nonServiceChanges \u003d new java.util.ArrayList\u003c\u003e();\n    java.util.ArrayList\u003ccom.hubspot.baragon.models.QueuedRequestId\u003e serviceChanges \u003d new java.util.ArrayList\u003c\u003e();\n    added \u003d collectRequests(added, requestsGroupedByService, nonServiceChanges, serviceChanges);\n    java.util.List\u003ccom.hubspot.baragon.models.QueuedRequestWithState\u003e hydratedNonServiceChanges \u003d nonServiceChanges.stream().map(this::hydrateQueuedRequestWithState).filter(com.google.common.base.Optional::isPresent).map(( someRequest) -\u003e new com.hubspot.baragon.service.worker.MaybeAdjustedRequest(someRequest.get(), false)).map(this::setNoValidateIfRequestRemovesUpstreamsOnly).map(this::preResolveDNS).map(this::saveAdjustedRequest).sorted(com.hubspot.baragon.service.worker.BaragonRequestWorker.queuedRequestComparator()).collect(java.util.stream.Collectors.toList());\n    com.hubspot.baragon.service.worker.BaragonRequestWorker.LOG.debug(\"Processing {} BaragonRequests which don\u0027t modify a BaragonService\", nonServiceChanges.size());\n    handleResultStates(handleQueuedRequests(hydratedNonServiceChanges));\n    java.util.List\u003ccom.hubspot.baragon.models.QueuedRequestWithState\u003e hydratedServiceChanges \u003d serviceChanges.stream().map(this::hydrateQueuedRequestWithState).filter(com.google.common.base.Optional::isPresent).map(com.google.common.base.Optional::get).sorted(com.hubspot.baragon.service.worker.BaragonRequestWorker.queuedRequestComparator()).collect(java.util.stream.Collectors.toList());\n    com.hubspot.baragon.service.worker.BaragonRequestWorker.LOG.debug(\"Processing {} BaragonRequests which modify a BaragonService\", serviceChanges.size());\n    handleResultStates(handleQueuedRequests(hydratedServiceChanges));\n    queuedRequestIds.removeAll(nonServiceChanges);\n    queuedRequestIds.removeAll(serviceChanges);\n}",
                "dst_parent": "null"
              },
              "line": 265,
              "file": "/home/khesoem/projects/lighter/exp/BaragonService/src/main/java/com/hubspot/baragon/service/worker/BaragonRequestWorker.java",
              "stats": {
                "number_of_src_entities": 52,
                "number_of_dst_entities": -1,
                "src_entity_types": "[java.util.stream.Collectors, java.lang.String, java.util.List\u003ccom.hubspot.baragon.models.QueuedRequestId\u003e, java.util.Map\u003cjava.lang.String, java.util.List\u003ccom.hubspot.baragon.models.QueuedRequestId\u003e\u003e, com.hubspot.baragon.models.QueuedRequestId]",
                "dst_entity_types": "[]"
              }
            }
          ]
        },
        {
          "tool-name": "JKali",
          "pattern-name": "JKali:del",
          "Unified_Diff_of-files:": "Starts Below...",
          "DELETE:": "    }",
          "CHANGE_old:": "",
          "CHANGE_new:": "        boundaryServices.add(queuedRequestId.getServiceId());",
          "INSERT:": "",
          "instance_detail": [
            {
              "pattern_action": "DEL",
              "pattern_entity": {
                "entity_type": "*",
                "entity_new value": "*",
                "entity_role": "Statement",
                "entity_parent": "null"
              },
              "concrete_change": {
                "operator": "DEL",
                "src_type": "Break",
                "dst_type": "null",
                "src": "break",
                "dst": "null",
                "src_parent_type": "Block",
                "dst_parent_type": "null",
                "src_parent": "{\n    serviceChanges.add(request);\n    added++;\n    break;\n}",
                "dst_parent": "null"
              },
              "line": 449,
              "file": "/home/khesoem/projects/lighter/exp/BaragonService/src/main/java/com/hubspot/baragon/service/worker/BaragonRequestWorker.java",
              "stats": {
                "number_of_src_entities": 1,
                "number_of_dst_entities": -1,
                "src_entity_types": "[]",
                "dst_entity_types": "[]"
              }
            }
          ]
        },
        {
          "tool-name": "JKali",
          "pattern-name": "JKali:del",
          "Unified_Diff_of-files:": "Starts Below...",
          "DELETE:": "    }",
          "CHANGE_old:": "",
          "CHANGE_new:": "        boundaryServices.add(queuedRequestId.getServiceId());",
          "INSERT:": "",
          "instance_detail": [
            {
              "pattern_action": "DEL",
              "pattern_entity": {
                "entity_type": "*",
                "entity_new value": "*",
                "entity_role": "Statement",
                "entity_parent": "null"
              },
              "concrete_change": {
                "operator": "DEL",
                "src_type": "ForEach",
                "dst_type": "null",
                "src": "for (com.hubspot.baragon.models.QueuedRequestId request : requestsForService.getValue()) {\n    if (added \u003e\u003d (configuration.getWorkerConfiguration().getMaxRequestsPerPoll())) {\n        return added;\n    }\n    if (requestManager.getRequest(request.getRequestId()).transform(( someRequest) -\u003e !(isBatchBoundary(someRequest))).or(false)) {\n        nonServiceChanges.add(request);\n        added++;\n    } else {\n        serviceChanges.add(request);\n        added++;\n        break;\n    }\n}",
                "dst": "null",
                "src_parent_type": "Block",
                "dst_parent_type": "null",
                "src_parent": "{\n    for (com.hubspot.baragon.models.QueuedRequestId request : requestsForService.getValue()) {\n        if (added \u003e\u003d (configuration.getWorkerConfiguration().getMaxRequestsPerPoll())) {\n            return added;\n        }\n        if (requestManager.getRequest(request.getRequestId()).transform(( someRequest) -\u003e !(isBatchBoundary(someRequest))).or(false)) {\n            nonServiceChanges.add(request);\n            added++;\n        } else {\n            serviceChanges.add(request);\n            added++;\n            break;\n        }\n    }\n}",
                "dst_parent": "null"
              },
              "line": 436,
              "file": "/home/khesoem/projects/lighter/exp/BaragonService/src/main/java/com/hubspot/baragon/service/worker/BaragonRequestWorker.java"
            }
          ]
        },
        {
          "tool-name": "JKali",
          "pattern-name": "JKali:del",
          "Unified_Diff_of-files:": "Starts Below...",
          "DELETE:": "    }",
          "CHANGE_old:": "",
          "CHANGE_new:": "        boundaryServices.add(queuedRequestId.getServiceId());",
          "INSERT:": "",
          "instance_detail": [
            {
              "pattern_action": "DEL",
              "pattern_entity": {
                "entity_type": "*",
                "entity_new value": "*",
                "entity_role": "Statement",
                "entity_parent": "null"
              },
              "concrete_change": {
                "operator": "DEL",
                "src_type": "ForEach",
                "dst_type": "null",
                "src": "for (java.util.Map.Entry\u003cjava.lang.String, java.util.List\u003ccom.hubspot.baragon.models.QueuedRequestId\u003e\u003e requestsForService : requestsGroupedByService.entrySet()) {\n    for (com.hubspot.baragon.models.QueuedRequestId request : requestsForService.getValue()) {\n        if (added \u003e\u003d (configuration.getWorkerConfiguration().getMaxRequestsPerPoll())) {\n            return added;\n        }\n        if (requestManager.getRequest(request.getRequestId()).transform(( someRequest) -\u003e !(isBatchBoundary(someRequest))).or(false)) {\n            nonServiceChanges.add(request);\n            added++;\n        } else {\n            serviceChanges.add(request);\n            added++;\n            break;\n        }\n    }\n}",
                "dst": "null",
                "src_parent_type": "Block",
                "dst_parent_type": "null",
                "src_parent": "{\n    int added \u003d previouslyAdded;\n    for (java.util.Map.Entry\u003cjava.lang.String, java.util.List\u003ccom.hubspot.baragon.models.QueuedRequestId\u003e\u003e requestsForService : requestsGroupedByService.entrySet()) {\n        for (com.hubspot.baragon.models.QueuedRequestId request : requestsForService.getValue()) {\n            if (added \u003e\u003d (configuration.getWorkerConfiguration().getMaxRequestsPerPoll())) {\n                return added;\n            }\n            if (requestManager.getRequest(request.getRequestId()).transform(( someRequest) -\u003e !(isBatchBoundary(someRequest))).or(false)) {\n                nonServiceChanges.add(request);\n                added++;\n            } else {\n                serviceChanges.add(request);\n                added++;\n                break;\n            }\n        }\n    }\n    return added;\n}",
                "dst_parent": "null"
              },
              "line": 435,
              "file": "/home/khesoem/projects/lighter/exp/BaragonService/src/main/java/com/hubspot/baragon/service/worker/BaragonRequestWorker.java",
              "stats": {
                "number_of_src_entities": 178,
                "number_of_dst_entities": -1,
                "src_entity_types": "[int, com.hubspot.baragon.service.config.BaragonConfiguration, com.hubspot.baragon.service.managers.RequestManager, boolean, java.util.Map.Entry\u003cjava.lang.String, java.util.List\u003ccom.hubspot.baragon.models.QueuedRequestId\u003e\u003e, java.util.ArrayList\u003ccom.hubspot.baragon.models.QueuedRequestId\u003e, java.lang.String, com.hubspot.baragon.service.worker.BaragonRequestWorker, java.util.List\u003ccom.hubspot.baragon.models.QueuedRequestId\u003e, java.util.Map, java.util.Map\u003cjava.lang.String, java.util.List\u003ccom.hubspot.baragon.models.QueuedRequestId\u003e\u003e, com.hubspot.baragon.models.QueuedRequestId]",
                "dst_entity_types": "[]"
              }
            }
          ]
        }
      ]
    }
  ],
  "complete_analysis": true
}