{
  "instances": [
    {
      "revision": "6bfbdb67db0d87eded258ef9b8f2b8cef5b4be55",
      "repairability": [
        {
          "tool-name": "JKali",
          "pattern-name": "JKali:del",
          "Unified_Diff_of-files:": "Starts Below...",
          "DELETE:": "      ThreadLocal.withInitial(() -\u0026gt; ByteBuffer.allocate(16));",
          "CHANGE_old:": "      bb.rewind();",
          "CHANGE_new:": "",
          "instance_detail": [
            {
              "pattern_action": "DEL",
              "pattern_entity": {
                "entity_type": "*",
                "entity_new value": "*",
                "entity_role": "Statement",
                "entity_parent": "null"
              },
              "concrete_change": {
                "operator": "DEL",
                "src_type": "Invocation",
                "dst_type": "null",
                "src": "bb.rewind()",
                "dst": "null",
                "src_parent_type": "Block",
                "dst_parent_type": "null",
                "src_parent": "{\n    time \u003d java.lang.System.currentTimeMillis();\n    if (time !\u003d (lastTimestamp)) {\n        lastTimestamp \u003d time;\n        seq \u003d 0;\n    }\n    (seq)++;\n    java.nio.ByteBuffer bb \u003d tlbb.get();\n    bb.rewind();\n    bb.putLong(time);\n    bb.put(org.molgenis.data.util.UniqueId.NODE);\n    bb.putShort(((short) (seq)));\n    return bb.array();\n}",
                "dst_parent": "null"
              },
              "line": 48,
              "file": "/home/khesoem/projects/lighter/exp/molgenis-data/src/main/java/org/molgenis/data/util/UniqueId.java",
              "stats": {
                "number_of_src_entities": 10,
                "number_of_dst_entities": -1,
                "src_entity_types": "[java.nio.ByteBuffer]",
                "dst_entity_types": "[]"
              }
            }
          ]
        }
      ]
    }
  ],
  "complete_analysis": true
}