{
  "instances": [
    {
      "revision": "2f244f2b7aa530c213aec6404d6269babff2cb3a",
      "repairability": [
        {
          "tool-name": "JGenProg",
          "pattern-name": "JGenProg:any_statement_shallow",
          "Unified_Diff_of-files:": "Starts Below...",
          "CHANGE_old:": "",
          "CHANGE_new:": "    public Builder setUri(String uri) {",
          "INSERT:": "}",
          "DELETE:": "",
          "instance_detail": [
            {
              "pattern_action": "ANY",
              "pattern_entity": {
                "entity_type": "*",
                "entity_new value": "*",
                "entity_role": "Statement",
                "entity_parent": "null"
              },
              "concrete_change": {
                "operator": "DEL",
                "src_type": "Invocation",
                "dst_type": "null",
                "src": "artist.setGenres(com.wrapper.spotify.JsonUtil.createGenres(jsonObject.getJSONArray(\"genres\")))",
                "dst": "null",
                "src_parent_type": "Block",
                "dst_parent_type": "null",
                "src_parent": "{\n    if ((jsonObject \u003d\u003d null) || (jsonObject.isNullObject())) {\n        return null;\n    }\n    com.wrapper.spotify.Artist artist \u003d new com.wrapper.spotify.Artist();\n    artist.setExternalUrls(com.wrapper.spotify.JsonUtil.createExternalUrls(jsonObject.getJSONObject(\"external_urls\")));\n    artist.setGenres(com.wrapper.spotify.JsonUtil.createGenres(jsonObject.getJSONArray(\"genres\")));\n    artist.setHref(jsonObject.getString(\"href\"));\n    artist.setFollowers(com.wrapper.spotify.JsonUtil.createFollowers(jsonObject.getJSONObject(\"followers\")));\n    artist.setId(jsonObject.getString(\"id\"));\n    artist.setImages(com.wrapper.spotify.JsonUtil.createImages(jsonObject.getJSONArray(\"images\")));\n    artist.setName(jsonObject.getString(\"name\"));\n    artist.setPopularity(jsonObject.getInt(\"popularity\"));\n    artist.setType(com.wrapper.spotify.JsonUtil.createObjectType(jsonObject.getString(\"type\")));\n    artist.setUri(jsonObject.getString(\"uri\"));\n    return artist;\n}",
                "dst_parent": "null"
              },
              "line": 176,
              "file": "/home/khesoem/projects/lighter/exp/src/main/java/com/wrapper/spotify/JsonUtil.java",
              "stats": {
                "number_of_src_entities": 34,
                "number_of_dst_entities": -1,
                "src_entity_types": "[java.lang.String, net.sf.json.JSONObject, com.wrapper.spotify.Artist, com.wrapper.spotify.JsonUtil]",
                "dst_entity_types": "[]"
              }
            }
          ]
        },
        {
          "tool-name": "JGenProg",
          "pattern-name": "JGenProg:any_statement_shallow",
          "Unified_Diff_of-files:": "Starts Below...",
          "CHANGE_old:": "",
          "CHANGE_new:": "    public Builder setUri(String uri) {",
          "INSERT:": "}",
          "DELETE:": "",
          "instance_detail": [
            {
              "pattern_action": "ANY",
              "pattern_entity": {
                "entity_type": "*",
                "entity_new value": "*",
                "entity_role": "Statement",
                "entity_parent": "null"
              },
              "concrete_change": {
                "operator": "DEL",
                "src_type": "Invocation",
                "dst_type": "null",
                "src": "artist.setHref(jsonObject.getString(\"href\"))",
                "dst": "null",
                "src_parent_type": "Block",
                "dst_parent_type": "null",
                "src_parent": "{\n    if ((jsonObject \u003d\u003d null) || (jsonObject.isNullObject())) {\n        return null;\n    }\n    com.wrapper.spotify.Artist artist \u003d new com.wrapper.spotify.Artist();\n    artist.setExternalUrls(com.wrapper.spotify.JsonUtil.createExternalUrls(jsonObject.getJSONObject(\"external_urls\")));\n    artist.setGenres(com.wrapper.spotify.JsonUtil.createGenres(jsonObject.getJSONArray(\"genres\")));\n    artist.setHref(jsonObject.getString(\"href\"));\n    artist.setFollowers(com.wrapper.spotify.JsonUtil.createFollowers(jsonObject.getJSONObject(\"followers\")));\n    artist.setId(jsonObject.getString(\"id\"));\n    artist.setImages(com.wrapper.spotify.JsonUtil.createImages(jsonObject.getJSONArray(\"images\")));\n    artist.setName(jsonObject.getString(\"name\"));\n    artist.setPopularity(jsonObject.getInt(\"popularity\"));\n    artist.setType(com.wrapper.spotify.JsonUtil.createObjectType(jsonObject.getString(\"type\")));\n    artist.setUri(jsonObject.getString(\"uri\"));\n    return artist;\n}",
                "dst_parent": "null"
              },
              "line": 177,
              "file": "/home/khesoem/projects/lighter/exp/src/main/java/com/wrapper/spotify/JsonUtil.java",
              "stats": {
                "number_of_src_entities": 21,
                "number_of_dst_entities": -1,
                "src_entity_types": "[java.lang.String, net.sf.json.JSONObject, com.wrapper.spotify.Artist]",
                "dst_entity_types": "[]"
              }
            }
          ]
        },
        {
          "tool-name": "JGenProg",
          "pattern-name": "JGenProg:any_statement_shallow",
          "Unified_Diff_of-files:": "Starts Below...",
          "CHANGE_old:": "",
          "CHANGE_new:": "    public Builder setUri(String uri) {",
          "INSERT:": "}",
          "DELETE:": "",
          "instance_detail": [
            {
              "pattern_action": "ANY",
              "pattern_entity": {
                "entity_type": "*",
                "entity_new value": "*",
                "entity_role": "Statement",
                "entity_parent": "null"
              },
              "concrete_change": {
                "operator": "DEL",
                "src_type": "Invocation",
                "dst_type": "null",
                "src": "artist.setFollowers(com.wrapper.spotify.JsonUtil.createFollowers(jsonObject.getJSONObject(\"followers\")))",
                "dst": "null",
                "src_parent_type": "Block",
                "dst_parent_type": "null",
                "src_parent": "{\n    if ((jsonObject \u003d\u003d null) || (jsonObject.isNullObject())) {\n        return null;\n    }\n    com.wrapper.spotify.Artist artist \u003d new com.wrapper.spotify.Artist();\n    artist.setExternalUrls(com.wrapper.spotify.JsonUtil.createExternalUrls(jsonObject.getJSONObject(\"external_urls\")));\n    artist.setGenres(com.wrapper.spotify.JsonUtil.createGenres(jsonObject.getJSONArray(\"genres\")));\n    artist.setHref(jsonObject.getString(\"href\"));\n    artist.setFollowers(com.wrapper.spotify.JsonUtil.createFollowers(jsonObject.getJSONObject(\"followers\")));\n    artist.setId(jsonObject.getString(\"id\"));\n    artist.setImages(com.wrapper.spotify.JsonUtil.createImages(jsonObject.getJSONArray(\"images\")));\n    artist.setName(jsonObject.getString(\"name\"));\n    artist.setPopularity(jsonObject.getInt(\"popularity\"));\n    artist.setType(com.wrapper.spotify.JsonUtil.createObjectType(jsonObject.getString(\"type\")));\n    artist.setUri(jsonObject.getString(\"uri\"));\n    return artist;\n}",
                "dst_parent": "null"
              },
              "line": 178,
              "file": "/home/khesoem/projects/lighter/exp/src/main/java/com/wrapper/spotify/JsonUtil.java",
              "stats": {
                "number_of_src_entities": 32,
                "number_of_dst_entities": -1,
                "src_entity_types": "[java.lang.String, net.sf.json.JSONObject, com.wrapper.spotify.Artist, com.wrapper.spotify.JsonUtil]",
                "dst_entity_types": "[]"
              }
            }
          ]
        },
        {
          "tool-name": "JGenProg",
          "pattern-name": "JGenProg:any_statement_shallow",
          "Unified_Diff_of-files:": "Starts Below...",
          "CHANGE_old:": "",
          "CHANGE_new:": "    public Builder setUri(String uri) {",
          "INSERT:": "}",
          "DELETE:": "",
          "instance_detail": [
            {
              "pattern_action": "ANY",
              "pattern_entity": {
                "entity_type": "*",
                "entity_new value": "*",
                "entity_role": "Statement",
                "entity_parent": "null"
              },
              "concrete_change": {
                "operator": "DEL",
                "src_type": "Invocation",
                "dst_type": "null",
                "src": "artist.setId(jsonObject.getString(\"id\"))",
                "dst": "null",
                "src_parent_type": "Block",
                "dst_parent_type": "null",
                "src_parent": "{\n    if ((jsonObject \u003d\u003d null) || (jsonObject.isNullObject())) {\n        return null;\n    }\n    com.wrapper.spotify.Artist artist \u003d new com.wrapper.spotify.Artist();\n    artist.setExternalUrls(com.wrapper.spotify.JsonUtil.createExternalUrls(jsonObject.getJSONObject(\"external_urls\")));\n    artist.setGenres(com.wrapper.spotify.JsonUtil.createGenres(jsonObject.getJSONArray(\"genres\")));\n    artist.setHref(jsonObject.getString(\"href\"));\n    artist.setFollowers(com.wrapper.spotify.JsonUtil.createFollowers(jsonObject.getJSONObject(\"followers\")));\n    artist.setId(jsonObject.getString(\"id\"));\n    artist.setImages(com.wrapper.spotify.JsonUtil.createImages(jsonObject.getJSONArray(\"images\")));\n    artist.setName(jsonObject.getString(\"name\"));\n    artist.setPopularity(jsonObject.getInt(\"popularity\"));\n    artist.setType(com.wrapper.spotify.JsonUtil.createObjectType(jsonObject.getString(\"type\")));\n    artist.setUri(jsonObject.getString(\"uri\"));\n    return artist;\n}",
                "dst_parent": "null"
              },
              "line": 179,
              "file": "/home/khesoem/projects/lighter/exp/src/main/java/com/wrapper/spotify/JsonUtil.java",
              "stats": {
                "number_of_src_entities": 21,
                "number_of_dst_entities": -1,
                "src_entity_types": "[java.lang.String, net.sf.json.JSONObject, com.wrapper.spotify.Artist]",
                "dst_entity_types": "[]"
              }
            }
          ]
        },
        {
          "tool-name": "JGenProg",
          "pattern-name": "JGenProg:any_statement_shallow",
          "Unified_Diff_of-files:": "Starts Below...",
          "CHANGE_old:": "",
          "CHANGE_new:": "    public Builder setUri(String uri) {",
          "INSERT:": "}",
          "DELETE:": "",
          "instance_detail": [
            {
              "pattern_action": "ANY",
              "pattern_entity": {
                "entity_type": "*",
                "entity_new value": "*",
                "entity_role": "Statement",
                "entity_parent": "null"
              },
              "concrete_change": {
                "operator": "DEL",
                "src_type": "Invocation",
                "dst_type": "null",
                "src": "artist.setImages(com.wrapper.spotify.JsonUtil.createImages(jsonObject.getJSONArray(\"images\")))",
                "dst": "null",
                "src_parent_type": "Block",
                "dst_parent_type": "null",
                "src_parent": "{\n    if ((jsonObject \u003d\u003d null) || (jsonObject.isNullObject())) {\n        return null;\n    }\n    com.wrapper.spotify.Artist artist \u003d new com.wrapper.spotify.Artist();\n    artist.setExternalUrls(com.wrapper.spotify.JsonUtil.createExternalUrls(jsonObject.getJSONObject(\"external_urls\")));\n    artist.setGenres(com.wrapper.spotify.JsonUtil.createGenres(jsonObject.getJSONArray(\"genres\")));\n    artist.setHref(jsonObject.getString(\"href\"));\n    artist.setFollowers(com.wrapper.spotify.JsonUtil.createFollowers(jsonObject.getJSONObject(\"followers\")));\n    artist.setId(jsonObject.getString(\"id\"));\n    artist.setImages(com.wrapper.spotify.JsonUtil.createImages(jsonObject.getJSONArray(\"images\")));\n    artist.setName(jsonObject.getString(\"name\"));\n    artist.setPopularity(jsonObject.getInt(\"popularity\"));\n    artist.setType(com.wrapper.spotify.JsonUtil.createObjectType(jsonObject.getString(\"type\")));\n    artist.setUri(jsonObject.getString(\"uri\"));\n    return artist;\n}",
                "dst_parent": "null"
              },
              "line": 180,
              "file": "/home/khesoem/projects/lighter/exp/src/main/java/com/wrapper/spotify/JsonUtil.java",
              "stats": {
                "number_of_src_entities": 34,
                "number_of_dst_entities": -1,
                "src_entity_types": "[java.lang.String, net.sf.json.JSONObject, com.wrapper.spotify.Artist, com.wrapper.spotify.JsonUtil]",
                "dst_entity_types": "[]"
              }
            }
          ]
        },
        {
          "tool-name": "JGenProg",
          "pattern-name": "JGenProg:any_statement_shallow",
          "Unified_Diff_of-files:": "Starts Below...",
          "CHANGE_old:": "",
          "CHANGE_new:": "    public Builder setUri(String uri) {",
          "INSERT:": "}",
          "DELETE:": "",
          "instance_detail": [
            {
              "pattern_action": "ANY",
              "pattern_entity": {
                "entity_type": "*",
                "entity_new value": "*",
                "entity_role": "Statement",
                "entity_parent": "null"
              },
              "concrete_change": {
                "operator": "DEL",
                "src_type": "Invocation",
                "dst_type": "null",
                "src": "artist.setName(jsonObject.getString(\"name\"))",
                "dst": "null",
                "src_parent_type": "Block",
                "dst_parent_type": "null",
                "src_parent": "{\n    if ((jsonObject \u003d\u003d null) || (jsonObject.isNullObject())) {\n        return null;\n    }\n    com.wrapper.spotify.Artist artist \u003d new com.wrapper.spotify.Artist();\n    artist.setExternalUrls(com.wrapper.spotify.JsonUtil.createExternalUrls(jsonObject.getJSONObject(\"external_urls\")));\n    artist.setGenres(com.wrapper.spotify.JsonUtil.createGenres(jsonObject.getJSONArray(\"genres\")));\n    artist.setHref(jsonObject.getString(\"href\"));\n    artist.setFollowers(com.wrapper.spotify.JsonUtil.createFollowers(jsonObject.getJSONObject(\"followers\")));\n    artist.setId(jsonObject.getString(\"id\"));\n    artist.setImages(com.wrapper.spotify.JsonUtil.createImages(jsonObject.getJSONArray(\"images\")));\n    artist.setName(jsonObject.getString(\"name\"));\n    artist.setPopularity(jsonObject.getInt(\"popularity\"));\n    artist.setType(com.wrapper.spotify.JsonUtil.createObjectType(jsonObject.getString(\"type\")));\n    artist.setUri(jsonObject.getString(\"uri\"));\n    return artist;\n}",
                "dst_parent": "null"
              },
              "line": 181,
              "file": "/home/khesoem/projects/lighter/exp/src/main/java/com/wrapper/spotify/JsonUtil.java",
              "stats": {
                "number_of_src_entities": 21,
                "number_of_dst_entities": -1,
                "src_entity_types": "[java.lang.String, net.sf.json.JSONObject, com.wrapper.spotify.Artist]",
                "dst_entity_types": "[]"
              }
            }
          ]
        },
        {
          "tool-name": "JGenProg",
          "pattern-name": "JGenProg:any_statement_shallow",
          "Unified_Diff_of-files:": "Starts Below...",
          "CHANGE_old:": "",
          "CHANGE_new:": "    public Builder setUri(String uri) {",
          "INSERT:": "}",
          "DELETE:": "",
          "instance_detail": [
            {
              "pattern_action": "ANY",
              "pattern_entity": {
                "entity_type": "*",
                "entity_new value": "*",
                "entity_role": "Statement",
                "entity_parent": "null"
              },
              "concrete_change": {
                "operator": "DEL",
                "src_type": "Invocation",
                "dst_type": "null",
                "src": "artist.setPopularity(jsonObject.getInt(\"popularity\"))",
                "dst": "null",
                "src_parent_type": "Block",
                "dst_parent_type": "null",
                "src_parent": "{\n    if ((jsonObject \u003d\u003d null) || (jsonObject.isNullObject())) {\n        return null;\n    }\n    com.wrapper.spotify.Artist artist \u003d new com.wrapper.spotify.Artist();\n    artist.setExternalUrls(com.wrapper.spotify.JsonUtil.createExternalUrls(jsonObject.getJSONObject(\"external_urls\")));\n    artist.setGenres(com.wrapper.spotify.JsonUtil.createGenres(jsonObject.getJSONArray(\"genres\")));\n    artist.setHref(jsonObject.getString(\"href\"));\n    artist.setFollowers(com.wrapper.spotify.JsonUtil.createFollowers(jsonObject.getJSONObject(\"followers\")));\n    artist.setId(jsonObject.getString(\"id\"));\n    artist.setImages(com.wrapper.spotify.JsonUtil.createImages(jsonObject.getJSONArray(\"images\")));\n    artist.setName(jsonObject.getString(\"name\"));\n    artist.setPopularity(jsonObject.getInt(\"popularity\"));\n    artist.setType(com.wrapper.spotify.JsonUtil.createObjectType(jsonObject.getString(\"type\")));\n    artist.setUri(jsonObject.getString(\"uri\"));\n    return artist;\n}",
                "dst_parent": "null"
              },
              "line": 182,
              "file": "/home/khesoem/projects/lighter/exp/src/main/java/com/wrapper/spotify/JsonUtil.java",
              "stats": {
                "number_of_src_entities": 21,
                "number_of_dst_entities": -1,
                "src_entity_types": "[java.lang.String, net.sf.json.JSONObject, com.wrapper.spotify.Artist]",
                "dst_entity_types": "[]"
              }
            }
          ]
        },
        {
          "tool-name": "JGenProg",
          "pattern-name": "JGenProg:any_statement_shallow",
          "Unified_Diff_of-files:": "Starts Below...",
          "CHANGE_old:": "",
          "CHANGE_new:": "    public Builder setUri(String uri) {",
          "INSERT:": "}",
          "DELETE:": "",
          "instance_detail": [
            {
              "pattern_action": "ANY",
              "pattern_entity": {
                "entity_type": "*",
                "entity_new value": "*",
                "entity_role": "Statement",
                "entity_parent": "null"
              },
              "concrete_change": {
                "operator": "DEL",
                "src_type": "Invocation",
                "dst_type": "null",
                "src": "artist.setType(com.wrapper.spotify.JsonUtil.createObjectType(jsonObject.getString(\"type\")))",
                "dst": "null",
                "src_parent_type": "Block",
                "dst_parent_type": "null",
                "src_parent": "{\n    if ((jsonObject \u003d\u003d null) || (jsonObject.isNullObject())) {\n        return null;\n    }\n    com.wrapper.spotify.Artist artist \u003d new com.wrapper.spotify.Artist();\n    artist.setExternalUrls(com.wrapper.spotify.JsonUtil.createExternalUrls(jsonObject.getJSONObject(\"external_urls\")));\n    artist.setGenres(com.wrapper.spotify.JsonUtil.createGenres(jsonObject.getJSONArray(\"genres\")));\n    artist.setHref(jsonObject.getString(\"href\"));\n    artist.setFollowers(com.wrapper.spotify.JsonUtil.createFollowers(jsonObject.getJSONObject(\"followers\")));\n    artist.setId(jsonObject.getString(\"id\"));\n    artist.setImages(com.wrapper.spotify.JsonUtil.createImages(jsonObject.getJSONArray(\"images\")));\n    artist.setName(jsonObject.getString(\"name\"));\n    artist.setPopularity(jsonObject.getInt(\"popularity\"));\n    artist.setType(com.wrapper.spotify.JsonUtil.createObjectType(jsonObject.getString(\"type\")));\n    artist.setUri(jsonObject.getString(\"uri\"));\n    return artist;\n}",
                "dst_parent": "null"
              },
              "line": 183,
              "file": "/home/khesoem/projects/lighter/exp/src/main/java/com/wrapper/spotify/JsonUtil.java",
              "stats": {
                "number_of_src_entities": 32,
                "number_of_dst_entities": -1,
                "src_entity_types": "[java.lang.String, net.sf.json.JSONObject, com.wrapper.spotify.Artist, com.wrapper.spotify.JsonUtil]",
                "dst_entity_types": "[]"
              }
            }
          ]
        },
        {
          "tool-name": "JGenProg",
          "pattern-name": "JGenProg:any_statement_shallow",
          "Unified_Diff_of-files:": "Starts Below...",
          "CHANGE_old:": "",
          "CHANGE_new:": "    public Builder setUri(String uri) {",
          "INSERT:": "}",
          "DELETE:": "",
          "instance_detail": [
            {
              "pattern_action": "ANY",
              "pattern_entity": {
                "entity_type": "*",
                "entity_new value": "*",
                "entity_role": "Statement",
                "entity_parent": "null"
              },
              "concrete_change": {
                "operator": "DEL",
                "src_type": "Invocation",
                "dst_type": "null",
                "src": "artist.setUri(jsonObject.getString(\"uri\"))",
                "dst": "null",
                "src_parent_type": "Block",
                "dst_parent_type": "null",
                "src_parent": "{\n    if ((jsonObject \u003d\u003d null) || (jsonObject.isNullObject())) {\n        return null;\n    }\n    com.wrapper.spotify.Artist artist \u003d new com.wrapper.spotify.Artist();\n    artist.setExternalUrls(com.wrapper.spotify.JsonUtil.createExternalUrls(jsonObject.getJSONObject(\"external_urls\")));\n    artist.setGenres(com.wrapper.spotify.JsonUtil.createGenres(jsonObject.getJSONArray(\"genres\")));\n    artist.setHref(jsonObject.getString(\"href\"));\n    artist.setFollowers(com.wrapper.spotify.JsonUtil.createFollowers(jsonObject.getJSONObject(\"followers\")));\n    artist.setId(jsonObject.getString(\"id\"));\n    artist.setImages(com.wrapper.spotify.JsonUtil.createImages(jsonObject.getJSONArray(\"images\")));\n    artist.setName(jsonObject.getString(\"name\"));\n    artist.setPopularity(jsonObject.getInt(\"popularity\"));\n    artist.setType(com.wrapper.spotify.JsonUtil.createObjectType(jsonObject.getString(\"type\")));\n    artist.setUri(jsonObject.getString(\"uri\"));\n    return artist;\n}",
                "dst_parent": "null"
              },
              "line": 184,
              "file": "/home/khesoem/projects/lighter/exp/src/main/java/com/wrapper/spotify/JsonUtil.java",
              "stats": {
                "number_of_src_entities": 21,
                "number_of_dst_entities": -1,
                "src_entity_types": "[java.lang.String, net.sf.json.JSONObject, com.wrapper.spotify.Artist]",
                "dst_entity_types": "[]"
              }
            }
          ]
        }
      ]
    }
  ],
  "complete_analysis": true
}