{
  "instances": [
    {
      "revision": "2c71117f89ff6de83367011bd49346a87ed12035",
      "repairability": [
        {
          "tool-name": "Arja",
          "pattern-name": "Arja:arja_deep_change",
          "Unified_Diff_of-files:": "Starts Below...",
          "INSERT:": "    private void populateMenu() {",
          "DELETE:": "}",
          "instance_detail": [
            {
              "pattern_action": "ANY",
              "pattern_entity": {
                "entity_type": "*",
                "entity_new value": "*",
                "entity_role": "*",
                "entity_parent": {
                  "entity_type": "Statement",
                  "entity_new value": "*",
                  "entity_role": "*",
                  "entity_parent": "null"
                }
              },
              "concrete_change": {
                "operator": "UPD",
                "src_type": "TypeAccess",
                "dst_type": "TypeAccess",
                "src": "slash.navigation.converter.gui.helpers.ReopenMenu.1",
                "dst": "slash.navigation.converter.gui.helpers.ReopenMenu",
                "src_parent_type": "ThisAccess",
                "dst_parent_type": "ThisAccess",
                "src_parent": "",
                "dst_parent": ""
              },
              "stats": {
                "number_of_src_entities": 4,
                "number_of_dst_entities": 3,
                "src_entity_types": "[slash.navigation.converter.gui.helpers.ReopenMenu.1, slash.navigation.converter.gui.helpers.ReopenMenu]",
                "dst_entity_types": "[slash.navigation.converter.gui.helpers.ReopenMenu]"
              }
            }
          ]
        },
        {
          "tool-name": "Arja",
          "pattern-name": "Arja:arja_deep_change",
          "Unified_Diff_of-files:": "Starts Below...",
          "INSERT:": "    private void populateMenu() {",
          "DELETE:": "}",
          "instance_detail": [
            {
              "pattern_action": "ANY",
              "pattern_entity": {
                "entity_type": "*",
                "entity_new value": "*",
                "entity_role": "*",
                "entity_parent": {
                  "entity_type": "Statement",
                  "entity_new value": "*",
                  "entity_role": "*",
                  "entity_parent": "null"
                }
              },
              "concrete_change": {
                "operator": "UPD",
                "src_type": "TypeAccess",
                "dst_type": "TypeAccess",
                "src": "slash.navigation.converter.gui.helpers.ReopenMenu.1",
                "dst": "slash.navigation.converter.gui.helpers.ReopenMenu",
                "src_parent_type": "ThisAccess",
                "dst_parent_type": "ThisAccess",
                "src_parent": "",
                "dst_parent": ""
              },
              "stats": {
                "number_of_src_entities": 4,
                "number_of_dst_entities": 3,
                "src_entity_types": "[slash.navigation.converter.gui.helpers.ReopenMenu.1, slash.navigation.converter.gui.helpers.ReopenMenu]",
                "dst_entity_types": "[slash.navigation.converter.gui.helpers.ReopenMenu]"
              }
            }
          ]
        }
      ]
    }
  ],
  "complete_analysis": true
}