{
  "instances": [
    {
      "revision": "222e5d9cf5f88112027b1b7cb1405954b66d2d00",
      "repairability": [
        {
          "tool-name": "Arja",
          "pattern-name": "Arja:arja_shallow_change",
          "Unified_Diff_of-files:": "Starts Below...",
          "CHANGE_old:": "    private void downloadThirdparty() {",
          "CHANGE_new:": "    protected void downloadDependencies() {",
          "instance_detail": [
            {
              "pattern_action": "ANY",
              "pattern_entity": {
                "entity_type": "Statement",
                "entity_new value": "*",
                "entity_role": "*",
                "entity_parent": "null"
              },
              "concrete_change": {
                "operator": "INS",
                "src_type": "UnaryOperator",
                "dst_type": "null",
                "src": "!(segments.isEmpty())",
                "dst": "null",
                "src_parent_type": "Return",
                "dst_parent_type": "null",
                "src_parent": "return !(segments.isEmpty())",
                "dst_parent": "null"
              },
              "line": 390,
              "file": "/home/khesoem/projects/lighter/exp/brouter/src/main/java/slash/navigation/brouter/BRouter.java",
              "stats": {
                "number_of_src_entities": 24,
                "number_of_dst_entities": -1,
                "src_entity_types": "[slash.navigation.brouter.BRouter.DownloadFutureImpl, slash.navigation.brouter.BRouter, java.util.Collection\u003cslash.navigation.datasources.Downloadable\u003e, slash.navigation.datasources.Downloadable]",
                "dst_entity_types": "[]"
              }
            }
          ]
        },
        {
          "tool-name": "Arja",
          "pattern-name": "Arja:arja_shallow_change",
          "Unified_Diff_of-files:": "Starts Below...",
          "CHANGE_old:": "    private void downloadThirdparty() {",
          "CHANGE_new:": "    protected void downloadDependencies() {",
          "instance_detail": [
            {
              "pattern_action": "ANY",
              "pattern_entity": {
                "entity_type": "Statement",
                "entity_new value": "*",
                "entity_role": "*",
                "entity_parent": "null"
              },
              "concrete_change": {
                "operator": "DEL",
                "src_type": "LocalVariable",
                "dst_type": "null",
                "src": "slash.navigation.datasources.Downloadable downloadable",
                "dst": "null",
                "src_parent_type": "ForEach",
                "dst_parent_type": "null",
                "src_parent": "for (slash.navigation.datasources.Downloadable downloadable : profiles)\n    downloads.add(downloadProfile(downloadable));\n",
                "dst_parent": "null"
              },
              "line": 325,
              "file": "/home/khesoem/projects/lighter/exp/brouter/src/main/java/slash/navigation/brouter/BRouter.java"
            }
          ]
        },
        {
          "tool-name": "Arja",
          "pattern-name": "Arja:arja_shallow_change",
          "Unified_Diff_of-files:": "Starts Below...",
          "CHANGE_old:": "    private void downloadThirdparty() {",
          "CHANGE_new:": "    protected void downloadDependencies() {",
          "instance_detail": [
            {
              "pattern_action": "ANY",
              "pattern_entity": {
                "entity_type": "Statement",
                "entity_new value": "*",
                "entity_role": "*",
                "entity_parent": "null"
              },
              "concrete_change": {
                "operator": "DEL",
                "src_type": "Invocation",
                "dst_type": "null",
                "src": "downloads.add(downloadProfile(downloadable))",
                "dst": "null",
                "src_parent_type": "Block",
                "dst_parent_type": "null",
                "src_parent": "downloads.add(downloadProfile(downloadable));\n",
                "dst_parent": "null"
              },
              "line": 326,
              "file": "/home/khesoem/projects/lighter/exp/brouter/src/main/java/slash/navigation/brouter/BRouter.java"
            }
          ]
        },
        {
          "tool-name": "Arja",
          "pattern-name": "Arja:arja_shallow_change",
          "Unified_Diff_of-files:": "Starts Below...",
          "CHANGE_old:": "    private void downloadThirdparty() {",
          "CHANGE_new:": "    protected void downloadDependencies() {",
          "instance_detail": [
            {
              "pattern_action": "ANY",
              "pattern_entity": {
                "entity_type": "Statement",
                "entity_new value": "*",
                "entity_role": "*",
                "entity_parent": "null"
              },
              "concrete_change": {
                "operator": "DEL",
                "src_type": "ForEach",
                "dst_type": "null",
                "src": "for (slash.navigation.datasources.Downloadable downloadable : profiles)\n    downloads.add(downloadProfile(downloadable));\n",
                "dst": "null",
                "src_parent_type": "Block",
                "dst_parent_type": "null",
                "src_parent": "{\n    java.util.Collection\u003cslash.navigation.download.Download\u003e downloads \u003d new java.util.HashSet\u003c\u003e();\n    for (slash.navigation.datasources.Downloadable downloadable : profiles)\n        downloads.add(downloadProfile(downloadable));\n\n    for (slash.navigation.datasources.Downloadable downloadable : segments)\n        downloads.add(downloadSegment(downloadable));\n\n    if (!(downloads.isEmpty()))\n        downloadManager.waitForCompletion(downloads);\n\n}",
                "dst_parent": "null"
              },
              "line": 325,
              "file": "/home/khesoem/projects/lighter/exp/brouter/src/main/java/slash/navigation/brouter/BRouter.java",
              "stats": {
                "number_of_src_entities": 41,
                "number_of_dst_entities": -1,
                "src_entity_types": "[slash.navigation.brouter.BRouter, java.util.Collection\u003cslash.navigation.datasources.Downloadable\u003e, java.util.Collection\u003cslash.navigation.download.Download\u003e, slash.navigation.download.Download, slash.navigation.datasources.Downloadable]",
                "dst_entity_types": "[]"
              }
            }
          ]
        },
        {
          "tool-name": "Arja",
          "pattern-name": "Arja:arja_shallow_change",
          "Unified_Diff_of-files:": "Starts Below...",
          "CHANGE_old:": "    private void downloadThirdparty() {",
          "CHANGE_new:": "    protected void downloadDependencies() {",
          "instance_detail": [
            {
              "pattern_action": "ANY",
              "pattern_entity": {
                "entity_type": "Statement",
                "entity_new value": "*",
                "entity_role": "*",
                "entity_parent": "null"
              },
              "concrete_change": {
                "operator": "DEL",
                "src_type": "ConstructorCall",
                "dst_type": "null",
                "src": "new java.util.HashSet\u003c\u003e()",
                "dst": "null",
                "src_parent_type": "LocalVariable",
                "dst_parent_type": "null",
                "src_parent": "final java.util.Collection\u003cslash.navigation.datasources.Downloadable\u003e notExistingProfiles \u003d new java.util.HashSet\u003c\u003e()",
                "dst_parent": "null"
              },
              "line": 312,
              "file": "/home/khesoem/projects/lighter/exp/brouter/src/main/java/slash/navigation/brouter/BRouter.java"
            }
          ]
        },
        {
          "tool-name": "Arja",
          "pattern-name": "Arja:arja_shallow_change",
          "Unified_Diff_of-files:": "Starts Below...",
          "CHANGE_old:": "    private void downloadThirdparty() {",
          "CHANGE_new:": "    protected void downloadDependencies() {",
          "instance_detail": [
            {
              "pattern_action": "ANY",
              "pattern_entity": {
                "entity_type": "Statement",
                "entity_new value": "*",
                "entity_role": "*",
                "entity_parent": "null"
              },
              "concrete_change": {
                "operator": "DEL",
                "src_type": "LocalVariable",
                "dst_type": "null",
                "src": "final java.util.Collection\u003cslash.navigation.datasources.Downloadable\u003e notExistingProfiles \u003d new java.util.HashSet\u003c\u003e()",
                "dst": "null",
                "src_parent_type": "Block",
                "dst_parent_type": "null",
                "src_parent": "{\n    java.util.Collection\u003cjava.lang.String\u003e uris \u003d new java.util.HashSet\u003c\u003e();\n    for (slash.navigation.brouter.LongitudeAndLatitude longitudeAndLatitude : longitudeAndLatitudes) {\n        uris.addAll(createFileKeys(longitudeAndLatitude.longitude, longitudeAndLatitude.latitude));\n    }\n    final java.util.Collection\u003cslash.navigation.datasources.Downloadable\u003e notExistingSegments \u003d new java.util.HashSet\u003c\u003e();\n    if (isInitialized()) {\n        for (java.lang.String key : uris) {\n            slash.navigation.datasources.Downloadable downloadable \u003d getSegments().getDownloadable(key);\n            if (downloadable !\u003d null) {\n                if (!(createSegmentFile(downloadable.getUri()).exists()))\n                    notExistingSegments.add(downloadable);\n\n            }\n        }\n    }\n    final java.util.Collection\u003cslash.navigation.datasources.Downloadable\u003e notExistingProfiles \u003d new java.util.HashSet\u003c\u003e();\n    if (isInitialized()) {\n        for (slash.navigation.datasources.Downloadable downloadable : getProfiles().getFiles()) {\n            if (!(createProfileFile(downloadable.getUri()).exists()))\n                notExistingProfiles.add(downloadable);\n\n        }\n    }\n    return new slash.navigation.brouter.BRouter.DownloadFutureImpl(notExistingProfiles, notExistingSegments);\n}",
                "dst_parent": "null"
              },
              "line": 312,
              "file": "/home/khesoem/projects/lighter/exp/brouter/src/main/java/slash/navigation/brouter/BRouter.java",
              "stats": {
                "number_of_src_entities": 13,
                "number_of_dst_entities": -1,
                "src_entity_types": "[java.util.Collection\u003cslash.navigation.datasources.Downloadable\u003e, java.util.HashSet, slash.navigation.datasources.Downloadable]",
                "dst_entity_types": "[]"
              }
            }
          ]
        },
        {
          "tool-name": "Arja",
          "pattern-name": "Arja:arja_shallow_change",
          "Unified_Diff_of-files:": "Starts Below...",
          "CHANGE_old:": "    private void downloadThirdparty() {",
          "CHANGE_new:": "    protected void downloadDependencies() {",
          "instance_detail": [
            {
              "pattern_action": "ANY",
              "pattern_entity": {
                "entity_type": "Statement",
                "entity_new value": "*",
                "entity_role": "*",
                "entity_parent": "null"
              },
              "concrete_change": {
                "operator": "DEL",
                "src_type": "Assignment",
                "dst_type": "null",
                "src": "this.notExistingSegments \u003d notExistingSegments",
                "dst": "null",
                "src_parent_type": "Block",
                "dst_parent_type": "null",
                "src_parent": "{\n    this.notExistingProfiles \u003d notExistingProfiles;\n    this.notExistingSegments \u003d notExistingSegments;\n}",
                "dst_parent": "null"
              },
              "line": 403,
              "file": "/home/khesoem/projects/lighter/exp/brouter/src/main/java/slash/navigation/brouter/BRouter.java",
              "stats": {
                "number_of_src_entities": 24,
                "number_of_dst_entities": -1,
                "src_entity_types": "[slash.navigation.brouter.BRouter.DownloadFutureImpl, slash.navigation.brouter.BRouter, java.util.Collection\u003cslash.navigation.datasources.Downloadable\u003e, slash.navigation.datasources.Downloadable]",
                "dst_entity_types": "[]"
              }
            }
          ]
        },
        {
          "tool-name": "Arja",
          "pattern-name": "Arja:arja_shallow_change",
          "Unified_Diff_of-files:": "Starts Below...",
          "CHANGE_old:": "    private void downloadThirdparty() {",
          "CHANGE_new:": "    protected void downloadDependencies() {",
          "instance_detail": [
            {
              "pattern_action": "ANY",
              "pattern_entity": {
                "entity_type": "Statement",
                "entity_new value": "*",
                "entity_role": "*",
                "entity_parent": "null"
              },
              "concrete_change": {
                "operator": "DEL",
                "src_type": "Invocation",
                "dst_type": "null",
                "src": "(notExistingProfiles.isEmpty())",
                "dst": "null",
                "src_parent_type": "UnaryOperator",
                "dst_parent_type": "null",
                "src_parent": "(!(notExistingProfiles.isEmpty()))",
                "dst_parent": "null"
              },
              "line": 407,
              "file": "/home/khesoem/projects/lighter/exp/brouter/src/main/java/slash/navigation/brouter/BRouter.java"
            }
          ]
        },
        {
          "tool-name": "Arja",
          "pattern-name": "Arja:arja_shallow_change",
          "Unified_Diff_of-files:": "Starts Below...",
          "CHANGE_old:": "    private void downloadThirdparty() {",
          "CHANGE_new:": "    protected void downloadDependencies() {",
          "instance_detail": [
            {
              "pattern_action": "ANY",
              "pattern_entity": {
                "entity_type": "Statement",
                "entity_new value": "*",
                "entity_role": "*",
                "entity_parent": "null"
              },
              "concrete_change": {
                "operator": "DEL",
                "src_type": "UnaryOperator",
                "dst_type": "null",
                "src": "(!(notExistingProfiles.isEmpty()))",
                "dst": "null",
                "src_parent_type": "BinaryOperator",
                "dst_parent_type": "null",
                "src_parent": "(!(notExistingProfiles.isEmpty())) || (!(notExistingSegments.isEmpty()))",
                "dst_parent": "null"
              },
              "line": 407,
              "file": "/home/khesoem/projects/lighter/exp/brouter/src/main/java/slash/navigation/brouter/BRouter.java"
            }
          ]
        },
        {
          "tool-name": "Arja",
          "pattern-name": "Arja:arja_shallow_change",
          "Unified_Diff_of-files:": "Starts Below...",
          "CHANGE_old:": "    private void downloadThirdparty() {",
          "CHANGE_new:": "    protected void downloadDependencies() {",
          "instance_detail": [
            {
              "pattern_action": "ANY",
              "pattern_entity": {
                "entity_type": "Statement",
                "entity_new value": "*",
                "entity_role": "*",
                "entity_parent": "null"
              },
              "concrete_change": {
                "operator": "DEL",
                "src_type": "UnaryOperator",
                "dst_type": "null",
                "src": "(!(notExistingSegments.isEmpty()))",
                "dst": "null",
                "src_parent_type": "BinaryOperator",
                "dst_parent_type": "null",
                "src_parent": "(!(notExistingProfiles.isEmpty())) || (!(notExistingSegments.isEmpty()))",
                "dst_parent": "null"
              },
              "line": 407,
              "file": "/home/khesoem/projects/lighter/exp/brouter/src/main/java/slash/navigation/brouter/BRouter.java"
            }
          ]
        },
        {
          "tool-name": "Arja",
          "pattern-name": "Arja:arja_shallow_change",
          "Unified_Diff_of-files:": "Starts Below...",
          "CHANGE_old:": "    private void downloadThirdparty() {",
          "CHANGE_new:": "    protected void downloadDependencies() {",
          "instance_detail": [
            {
              "pattern_action": "ANY",
              "pattern_entity": {
                "entity_type": "Statement",
                "entity_new value": "*",
                "entity_role": "*",
                "entity_parent": "null"
              },
              "concrete_change": {
                "operator": "DEL",
                "src_type": "Return",
                "dst_type": "null",
                "src": "return downloadManager.queueForDownload((((getName()) + \" Routing Profile: \") + uri), url, slash.navigation.download.Action.valueOf(getProfiles().getAction()), new slash.navigation.download.FileAndChecksum(createProfileFile(downloadable.getUri()), downloadable.getLatestChecksum()), null)",
                "dst": "null",
                "src_parent_type": "Block",
                "dst_parent_type": "null",
                "src_parent": "{\n    java.lang.String uri \u003d downloadable.getUri();\n    java.lang.String url \u003d (getProfilesBaseUrl()) + uri;\n    return downloadManager.queueForDownload((((getName()) + \" Routing Profile: \") + uri), url, slash.navigation.download.Action.valueOf(getProfiles().getAction()), new slash.navigation.download.FileAndChecksum(createProfileFile(downloadable.getUri()), downloadable.getLatestChecksum()), null);\n}",
                "dst_parent": "null"
              },
              "line": 337,
              "file": "/home/khesoem/projects/lighter/exp/brouter/src/main/java/slash/navigation/brouter/BRouter.java",
              "stats": {
                "number_of_src_entities": 116,
                "number_of_dst_entities": -1,
                "src_entity_types": "[slash.navigation.download.Action, java.lang.Object, slash.navigation.brouter.BRouter, java.lang.String, slash.navigation.datasources.DataSource, \u003cnulltype\u003e, slash.navigation.download.DownloadManager, slash.navigation.datasources.Downloadable]",
                "dst_entity_types": "[]"
              }
            }
          ]
        },
        {
          "tool-name": "Arja",
          "pattern-name": "Arja:arja_deep_change",
          "Unified_Diff_of-files:": "Starts Below...",
          "CHANGE_old:": "    private void downloadThirdparty() {",
          "CHANGE_new:": "    protected void downloadDependencies() {",
          "instance_detail": [
            {
              "pattern_action": "ANY",
              "pattern_entity": {
                "entity_type": "*",
                "entity_new value": "*",
                "entity_role": "*",
                "entity_parent": {
                  "entity_type": "Statement",
                  "entity_new value": "*",
                  "entity_role": "*",
                  "entity_parent": "null"
                }
              },
              "concrete_change": {
                "operator": "UPD",
                "src_type": "FieldWrite",
                "dst_type": "FieldWrite",
                "src": "this.notExistingProfiles",
                "dst": "this.segments",
                "src_parent_type": "Assignment",
                "dst_parent_type": "Assignment",
                "src_parent": "this.notExistingProfiles \u003d notExistingProfiles",
                "dst_parent": "this.segments \u003d segments"
              },
              "line": 402,
              "file": "/home/khesoem/projects/lighter/exp/brouter/src/main/java/slash/navigation/brouter/BRouter.java",
              "stats": {
                "number_of_src_entities": 17,
                "number_of_dst_entities": 17,
                "src_entity_types": "[slash.navigation.brouter.BRouter.DownloadFutureImpl, slash.navigation.brouter.BRouter]",
                "dst_entity_types": "[slash.navigation.brouter.BRouter.DownloadFutureImpl, slash.navigation.brouter.BRouter]"
              }
            }
          ]
        },
        {
          "tool-name": "Arja",
          "pattern-name": "Arja:arja_deep_change",
          "Unified_Diff_of-files:": "Starts Below...",
          "CHANGE_old:": "    private void downloadThirdparty() {",
          "CHANGE_new:": "    protected void downloadDependencies() {",
          "instance_detail": [
            {
              "pattern_action": "ANY",
              "pattern_entity": {
                "entity_type": "*",
                "entity_new value": "*",
                "entity_role": "*",
                "entity_parent": {
                  "entity_type": "Statement",
                  "entity_new value": "*",
                  "entity_role": "*",
                  "entity_parent": "null"
                }
              },
              "concrete_change": {
                "operator": "UPD",
                "src_type": "VariableRead",
                "dst_type": "VariableRead",
                "src": "notExistingSegments",
                "dst": "segments",
                "src_parent_type": "Invocation",
                "dst_parent_type": "Invocation",
                "src_parent": "notExistingSegments.add(downloadable)",
                "dst_parent": "segments.add(downloadable)"
              },
              "line": 307,
              "file": "/home/khesoem/projects/lighter/exp/brouter/src/main/java/slash/navigation/brouter/BRouter.java",
              "stats": {
                "number_of_src_entities": 6,
                "number_of_dst_entities": 6,
                "src_entity_types": "[java.util.Collection\u003cslash.navigation.datasources.Downloadable\u003e, slash.navigation.datasources.Downloadable]",
                "dst_entity_types": "[java.util.Collection\u003cslash.navigation.datasources.Downloadable\u003e, slash.navigation.datasources.Downloadable]"
              }
            }
          ]
        },
        {
          "tool-name": "Arja",
          "pattern-name": "Arja:arja_deep_change",
          "Unified_Diff_of-files:": "Starts Below...",
          "CHANGE_old:": "    private void downloadThirdparty() {",
          "CHANGE_new:": "    protected void downloadDependencies() {",
          "instance_detail": [
            {
              "pattern_action": "ANY",
              "pattern_entity": {
                "entity_type": "*",
                "entity_new value": "*",
                "entity_role": "*",
                "entity_parent": {
                  "entity_type": "Statement",
                  "entity_new value": "*",
                  "entity_role": "*",
                  "entity_parent": "null"
                }
              },
              "concrete_change": {
                "operator": "DEL",
                "src_type": "VariableRead",
                "dst_type": "null",
                "src": "notExistingProfiles",
                "dst": "null",
                "src_parent_type": "Invocation",
                "dst_parent_type": "null",
                "src_parent": "notExistingProfiles.add(downloadable)",
                "dst_parent": "null"
              },
              "line": 316,
              "file": "/home/khesoem/projects/lighter/exp/brouter/src/main/java/slash/navigation/brouter/BRouter.java",
              "stats": {
                "number_of_src_entities": 6,
                "number_of_dst_entities": -1,
                "src_entity_types": "[java.util.Collection\u003cslash.navigation.datasources.Downloadable\u003e, slash.navigation.datasources.Downloadable]",
                "dst_entity_types": "[]"
              }
            }
          ]
        }
      ]
    }
  ],
  "complete_analysis": true
}