{
  "instances": [
    {
      "revision": "8b1d0600948ea6b4f72d3dce368de057ea0f8831",
      "repairability": [
        {
          "tool-name": "Arja",
          "pattern-name": "Arja:arja_shallow_change",
          "Unified_Diff_of-files:": "Starts Below...",
          "DELETE:": "    }",
          "INSERT:": "import static slash.common.io.Directories.getRoutesDirectory;",
          "CHANGE_old:": "                getOperator().handleServiceError(new FileNotFoundException(rootFolder.getAbsolutePath()));",
          "CHANGE_new:": "",
          "instance_detail": [
            {
              "pattern_action": "ANY",
              "pattern_entity": {
                "entity_type": "Statement",
                "entity_new value": "*",
                "entity_role": "*",
                "entity_parent": "null"
              },
              "concrete_change": {
                "operator": "UPD",
                "src_type": "Invocation",
                "dst_type": "Invocation",
                "src": "slash.navigation.converter.gui.RouteConverter.getBundle()",
                "dst": "getRoutesDirectory()",
                "src_parent_type": "Invocation",
                "dst_parent_type": "Invocation",
                "src_parent": "slash.navigation.converter.gui.RouteConverter.getBundle().getString(\"local-catalog\")",
                "dst_parent": "getRoutesDirectory().getAbsolutePath()"
              },
              "line": 277,
              "file": "/home/khesoem/projects/lighter/exp/route-converter/src/main/java/slash/navigation/converter/gui/panels/BrowsePanel.java",
              "stats": {
                "number_of_src_entities": 7,
                "number_of_dst_entities": 8,
                "src_entity_types": "[slash.navigation.converter.gui.RouteConverter]",
                "dst_entity_types": "[slash.navigation.converter.gui.panels.BrowsePanel]"
              }
            }
          ]
        },
        {
          "tool-name": "Arja",
          "pattern-name": "Arja:arja_shallow_change",
          "Unified_Diff_of-files:": "Starts Below...",
          "DELETE:": "    }",
          "INSERT:": "import static slash.common.io.Directories.getRoutesDirectory;",
          "CHANGE_old:": "                getOperator().handleServiceError(new FileNotFoundException(rootFolder.getAbsolutePath()));",
          "CHANGE_new:": "",
          "instance_detail": [
            {
              "pattern_action": "ANY",
              "pattern_entity": {
                "entity_type": "Statement",
                "entity_new value": "*",
                "entity_role": "*",
                "entity_parent": "null"
              },
              "concrete_change": {
                "operator": "DEL",
                "src_type": "Invocation",
                "dst_type": "null",
                "src": "java.util.prefs.Preferences.userNodeForPackage(slash.navigation.converter.gui.RouteConverter.class)",
                "dst": "null",
                "src_parent_type": "Field",
                "dst_parent_type": "null",
                "src_parent": "private static final java.util.prefs.Preferences preferences \u003d java.util.prefs.Preferences.userNodeForPackage(slash.navigation.converter.gui.RouteConverter.class);",
                "dst_parent": "null"
              },
              "line": 109,
              "file": "/home/khesoem/projects/lighter/exp/route-converter/src/main/java/slash/navigation/converter/gui/panels/BrowsePanel.java"
            }
          ]
        },
        {
          "tool-name": "Arja",
          "pattern-name": "Arja:arja_shallow_change",
          "Unified_Diff_of-files:": "Starts Below...",
          "DELETE:": "    }",
          "INSERT:": "import static slash.common.io.Directories.getRoutesDirectory;",
          "CHANGE_old:": "                getOperator().handleServiceError(new FileNotFoundException(rootFolder.getAbsolutePath()));",
          "CHANGE_new:": "",
          "instance_detail": [
            {
              "pattern_action": "ANY",
              "pattern_entity": {
                "entity_type": "Statement",
                "entity_new value": "*",
                "entity_role": "*",
                "entity_parent": "null"
              },
              "concrete_change": {
                "operator": "DEL",
                "src_type": "Invocation",
                "dst_type": "null",
                "src": "java.lang.System.getProperty(\"user.home\")",
                "dst": "null",
                "src_parent_type": "ConstructorCall",
                "dst_parent_type": "null",
                "src_parent": "new java.io.File(java.lang.System.getProperty(\"user.home\"), slash.navigation.converter.gui.RouteConverter.getBundle().getString(\"local-catalog\"))",
                "dst_parent": "null"
              },
              "line": 277,
              "file": "/home/khesoem/projects/lighter/exp/route-converter/src/main/java/slash/navigation/converter/gui/panels/BrowsePanel.java"
            }
          ]
        },
        {
          "tool-name": "Arja",
          "pattern-name": "Arja:arja_shallow_change",
          "Unified_Diff_of-files:": "Starts Below...",
          "DELETE:": "    }",
          "INSERT:": "import static slash.common.io.Directories.getRoutesDirectory;",
          "CHANGE_old:": "                getOperator().handleServiceError(new FileNotFoundException(rootFolder.getAbsolutePath()));",
          "CHANGE_new:": "",
          "instance_detail": [
            {
              "pattern_action": "ANY",
              "pattern_entity": {
                "entity_type": "Statement",
                "entity_new value": "*",
                "entity_role": "*",
                "entity_parent": "null"
              },
              "concrete_change": {
                "operator": "DEL",
                "src_type": "Invocation",
                "dst_type": "null",
                "src": "slash.navigation.converter.gui.RouteConverter.getBundle().getString(\"local-catalog\")",
                "dst": "null",
                "src_parent_type": "ConstructorCall",
                "dst_parent_type": "null",
                "src_parent": "new java.io.File(java.lang.System.getProperty(\"user.home\"), slash.navigation.converter.gui.RouteConverter.getBundle().getString(\"local-catalog\"))",
                "dst_parent": "null"
              },
              "line": 277,
              "file": "/home/khesoem/projects/lighter/exp/route-converter/src/main/java/slash/navigation/converter/gui/panels/BrowsePanel.java"
            }
          ]
        },
        {
          "tool-name": "Arja",
          "pattern-name": "Arja:arja_shallow_change",
          "Unified_Diff_of-files:": "Starts Below...",
          "DELETE:": "    }",
          "INSERT:": "import static slash.common.io.Directories.getRoutesDirectory;",
          "CHANGE_old:": "                getOperator().handleServiceError(new FileNotFoundException(rootFolder.getAbsolutePath()));",
          "CHANGE_new:": "",
          "instance_detail": [
            {
              "pattern_action": "ANY",
              "pattern_entity": {
                "entity_type": "Statement",
                "entity_new value": "*",
                "entity_role": "*",
                "entity_parent": "null"
              },
              "concrete_change": {
                "operator": "DEL",
                "src_type": "ConstructorCall",
                "dst_type": "null",
                "src": "new java.io.File(java.lang.System.getProperty(\"user.home\"), slash.navigation.converter.gui.RouteConverter.getBundle().getString(\"local-catalog\"))",
                "dst": "null",
                "src_parent_type": "Invocation",
                "dst_parent_type": "null",
                "src_parent": "new java.io.File(java.lang.System.getProperty(\"user.home\"), slash.navigation.converter.gui.RouteConverter.getBundle().getString(\"local-catalog\")).getAbsolutePath()",
                "dst_parent": "null"
              },
              "line": 277,
              "file": "/home/khesoem/projects/lighter/exp/route-converter/src/main/java/slash/navigation/converter/gui/panels/BrowsePanel.java"
            }
          ]
        },
        {
          "tool-name": "Arja",
          "pattern-name": "Arja:arja_shallow_change",
          "Unified_Diff_of-files:": "Starts Below...",
          "DELETE:": "    }",
          "INSERT:": "import static slash.common.io.Directories.getRoutesDirectory;",
          "CHANGE_old:": "                getOperator().handleServiceError(new FileNotFoundException(rootFolder.getAbsolutePath()));",
          "CHANGE_new:": "",
          "instance_detail": [
            {
              "pattern_action": "ANY",
              "pattern_entity": {
                "entity_type": "Statement",
                "entity_new value": "*",
                "entity_role": "*",
                "entity_parent": "null"
              },
              "concrete_change": {
                "operator": "DEL",
                "src_type": "Invocation",
                "dst_type": "null",
                "src": "new java.io.File(java.lang.System.getProperty(\"user.home\"), slash.navigation.converter.gui.RouteConverter.getBundle().getString(\"local-catalog\")).getAbsolutePath()",
                "dst": "null",
                "src_parent_type": "Invocation",
                "dst_parent_type": "null",
                "src_parent": "slash.navigation.converter.gui.panels.BrowsePanel.preferences.get(slash.navigation.converter.gui.panels.BrowsePanel.LOCAL_CATALOG_ROOT_FOLDER_PREFERENCE, new java.io.File(java.lang.System.getProperty(\"user.home\"), slash.navigation.converter.gui.RouteConverter.getBundle().getString(\"local-catalog\")).getAbsolutePath())",
                "dst_parent": "null"
              },
              "line": 277,
              "file": "/home/khesoem/projects/lighter/exp/route-converter/src/main/java/slash/navigation/converter/gui/panels/BrowsePanel.java"
            }
          ]
        },
        {
          "tool-name": "Arja",
          "pattern-name": "Arja:arja_shallow_change",
          "Unified_Diff_of-files:": "Starts Below...",
          "DELETE:": "    }",
          "INSERT:": "import static slash.common.io.Directories.getRoutesDirectory;",
          "CHANGE_old:": "                getOperator().handleServiceError(new FileNotFoundException(rootFolder.getAbsolutePath()));",
          "CHANGE_new:": "",
          "instance_detail": [
            {
              "pattern_action": "ANY",
              "pattern_entity": {
                "entity_type": "Statement",
                "entity_new value": "*",
                "entity_role": "*",
                "entity_parent": "null"
              },
              "concrete_change": {
                "operator": "DEL",
                "src_type": "Invocation",
                "dst_type": "null",
                "src": "slash.navigation.converter.gui.panels.BrowsePanel.preferences.get(slash.navigation.converter.gui.panels.BrowsePanel.LOCAL_CATALOG_ROOT_FOLDER_PREFERENCE, new java.io.File(java.lang.System.getProperty(\"user.home\"), slash.navigation.converter.gui.RouteConverter.getBundle().getString(\"local-catalog\")).getAbsolutePath())",
                "dst": "null",
                "src_parent_type": "LocalVariable",
                "dst_parent_type": "null",
                "src_parent": "java.lang.String rootFolderPreference \u003d slash.navigation.converter.gui.panels.BrowsePanel.preferences.get(slash.navigation.converter.gui.panels.BrowsePanel.LOCAL_CATALOG_ROOT_FOLDER_PREFERENCE, new java.io.File(java.lang.System.getProperty(\"user.home\"), slash.navigation.converter.gui.RouteConverter.getBundle().getString(\"local-catalog\")).getAbsolutePath())",
                "dst_parent": "null"
              },
              "line": 276,
              "file": "/home/khesoem/projects/lighter/exp/route-converter/src/main/java/slash/navigation/converter/gui/panels/BrowsePanel.java"
            }
          ]
        },
        {
          "tool-name": "Arja",
          "pattern-name": "Arja:arja_shallow_change",
          "Unified_Diff_of-files:": "Starts Below...",
          "DELETE:": "    }",
          "INSERT:": "import static slash.common.io.Directories.getRoutesDirectory;",
          "CHANGE_old:": "                getOperator().handleServiceError(new FileNotFoundException(rootFolder.getAbsolutePath()));",
          "CHANGE_new:": "",
          "instance_detail": [
            {
              "pattern_action": "ANY",
              "pattern_entity": {
                "entity_type": "Statement",
                "entity_new value": "*",
                "entity_role": "*",
                "entity_parent": "null"
              },
              "concrete_change": {
                "operator": "DEL",
                "src_type": "LocalVariable",
                "dst_type": "null",
                "src": "java.lang.String rootFolderPreference \u003d slash.navigation.converter.gui.panels.BrowsePanel.preferences.get(slash.navigation.converter.gui.panels.BrowsePanel.LOCAL_CATALOG_ROOT_FOLDER_PREFERENCE, new java.io.File(java.lang.System.getProperty(\"user.home\"), slash.navigation.converter.gui.RouteConverter.getBundle().getString(\"local-catalog\")).getAbsolutePath())",
                "dst": "null",
                "src_parent_type": "Block",
                "dst_parent_type": "null",
                "src_parent": "{\n    java.lang.String rootFolderPreference \u003d slash.navigation.converter.gui.panels.BrowsePanel.preferences.get(slash.navigation.converter.gui.panels.BrowsePanel.LOCAL_CATALOG_ROOT_FOLDER_PREFERENCE, new java.io.File(java.lang.System.getProperty(\"user.home\"), slash.navigation.converter.gui.RouteConverter.getBundle().getString(\"local-catalog\")).getAbsolutePath());\n    java.io.File rootFolder \u003d new java.io.File(rootFolderPreference);\n    if (!(rootFolder.exists())) {\n        if (!(rootFolder.mkdirs())) {\n            slash.navigation.converter.gui.panels.BrowsePanel.log.severe((\"Cannot create local catalog root folder \" + rootFolder));\n            getOperator().handleServiceError(new java.io.FileNotFoundException(rootFolder.getAbsolutePath()));\n        }\n    }\n    return rootFolder.getAbsolutePath();\n}",
                "dst_parent": "null"
              },
              "line": 276,
              "file": "/home/khesoem/projects/lighter/exp/route-converter/src/main/java/slash/navigation/converter/gui/panels/BrowsePanel.java",
              "stats": {
                "number_of_src_entities": 75,
                "number_of_dst_entities": -1,
                "src_entity_types": "[java.lang.System, slash.navigation.converter.gui.panels.BrowsePanel, slash.navigation.converter.gui.RouteConverter, java.lang.String, java.io.File, java.util.prefs.Preferences]",
                "dst_entity_types": "[]"
              }
            }
          ]
        },
        {
          "tool-name": "Arja",
          "pattern-name": "Arja:arja_shallow_change",
          "Unified_Diff_of-files:": "Starts Below...",
          "DELETE:": "    }",
          "INSERT:": "import static slash.common.io.Directories.getRoutesDirectory;",
          "CHANGE_old:": "                getOperator().handleServiceError(new FileNotFoundException(rootFolder.getAbsolutePath()));",
          "CHANGE_new:": "",
          "instance_detail": [
            {
              "pattern_action": "ANY",
              "pattern_entity": {
                "entity_type": "Statement",
                "entity_new value": "*",
                "entity_role": "*",
                "entity_parent": "null"
              },
              "concrete_change": {
                "operator": "DEL",
                "src_type": "ConstructorCall",
                "dst_type": "null",
                "src": "new java.io.File(rootFolderPreference)",
                "dst": "null",
                "src_parent_type": "LocalVariable",
                "dst_parent_type": "null",
                "src_parent": "java.io.File rootFolder \u003d new java.io.File(rootFolderPreference)",
                "dst_parent": "null"
              },
              "line": 278,
              "file": "/home/khesoem/projects/lighter/exp/route-converter/src/main/java/slash/navigation/converter/gui/panels/BrowsePanel.java"
            }
          ]
        },
        {
          "tool-name": "Arja",
          "pattern-name": "Arja:arja_shallow_change",
          "Unified_Diff_of-files:": "Starts Below...",
          "DELETE:": "    }",
          "INSERT:": "import static slash.common.io.Directories.getRoutesDirectory;",
          "CHANGE_old:": "                getOperator().handleServiceError(new FileNotFoundException(rootFolder.getAbsolutePath()));",
          "CHANGE_new:": "",
          "instance_detail": [
            {
              "pattern_action": "ANY",
              "pattern_entity": {
                "entity_type": "Statement",
                "entity_new value": "*",
                "entity_role": "*",
                "entity_parent": "null"
              },
              "concrete_change": {
                "operator": "DEL",
                "src_type": "LocalVariable",
                "dst_type": "null",
                "src": "java.io.File rootFolder \u003d new java.io.File(rootFolderPreference)",
                "dst": "null",
                "src_parent_type": "Block",
                "dst_parent_type": "null",
                "src_parent": "{\n    java.lang.String rootFolderPreference \u003d slash.navigation.converter.gui.panels.BrowsePanel.preferences.get(slash.navigation.converter.gui.panels.BrowsePanel.LOCAL_CATALOG_ROOT_FOLDER_PREFERENCE, new java.io.File(java.lang.System.getProperty(\"user.home\"), slash.navigation.converter.gui.RouteConverter.getBundle().getString(\"local-catalog\")).getAbsolutePath());\n    java.io.File rootFolder \u003d new java.io.File(rootFolderPreference);\n    if (!(rootFolder.exists())) {\n        if (!(rootFolder.mkdirs())) {\n            slash.navigation.converter.gui.panels.BrowsePanel.log.severe((\"Cannot create local catalog root folder \" + rootFolder));\n            getOperator().handleServiceError(new java.io.FileNotFoundException(rootFolder.getAbsolutePath()));\n        }\n    }\n    return rootFolder.getAbsolutePath();\n}",
                "dst_parent": "null"
              },
              "line": 278,
              "file": "/home/khesoem/projects/lighter/exp/route-converter/src/main/java/slash/navigation/converter/gui/panels/BrowsePanel.java",
              "stats": {
                "number_of_src_entities": 15,
                "number_of_dst_entities": -1,
                "src_entity_types": "[java.lang.String, java.io.File]",
                "dst_entity_types": "[]"
              }
            }
          ]
        },
        {
          "tool-name": "Arja",
          "pattern-name": "Arja:arja_shallow_change",
          "Unified_Diff_of-files:": "Starts Below...",
          "DELETE:": "    }",
          "INSERT:": "import static slash.common.io.Directories.getRoutesDirectory;",
          "CHANGE_old:": "                getOperator().handleServiceError(new FileNotFoundException(rootFolder.getAbsolutePath()));",
          "CHANGE_new:": "",
          "instance_detail": [
            {
              "pattern_action": "ANY",
              "pattern_entity": {
                "entity_type": "Statement",
                "entity_new value": "*",
                "entity_role": "*",
                "entity_parent": "null"
              },
              "concrete_change": {
                "operator": "DEL",
                "src_type": "Invocation",
                "dst_type": "null",
                "src": "(rootFolder.exists())",
                "dst": "null",
                "src_parent_type": "UnaryOperator",
                "dst_parent_type": "null",
                "src_parent": "!(rootFolder.exists())",
                "dst_parent": "null"
              },
              "line": 279,
              "file": "/home/khesoem/projects/lighter/exp/route-converter/src/main/java/slash/navigation/converter/gui/panels/BrowsePanel.java"
            }
          ]
        },
        {
          "tool-name": "Arja",
          "pattern-name": "Arja:arja_shallow_change",
          "Unified_Diff_of-files:": "Starts Below...",
          "DELETE:": "    }",
          "INSERT:": "import static slash.common.io.Directories.getRoutesDirectory;",
          "CHANGE_old:": "                getOperator().handleServiceError(new FileNotFoundException(rootFolder.getAbsolutePath()));",
          "CHANGE_new:": "",
          "instance_detail": [
            {
              "pattern_action": "ANY",
              "pattern_entity": {
                "entity_type": "Statement",
                "entity_new value": "*",
                "entity_role": "*",
                "entity_parent": "null"
              },
              "concrete_change": {
                "operator": "DEL",
                "src_type": "UnaryOperator",
                "dst_type": "null",
                "src": "!(rootFolder.exists())",
                "dst": "null",
                "src_parent_type": "If",
                "dst_parent_type": "null",
                "src_parent": "if (!(rootFolder.exists())) {\n    if (!(rootFolder.mkdirs())) {\n        slash.navigation.converter.gui.panels.BrowsePanel.log.severe((\"Cannot create local catalog root folder \" + rootFolder));\n        getOperator().handleServiceError(new java.io.FileNotFoundException(rootFolder.getAbsolutePath()));\n    }\n}",
                "dst_parent": "null"
              },
              "line": 279,
              "file": "/home/khesoem/projects/lighter/exp/route-converter/src/main/java/slash/navigation/converter/gui/panels/BrowsePanel.java"
            }
          ]
        },
        {
          "tool-name": "Arja",
          "pattern-name": "Arja:arja_shallow_change",
          "Unified_Diff_of-files:": "Starts Below...",
          "DELETE:": "    }",
          "INSERT:": "import static slash.common.io.Directories.getRoutesDirectory;",
          "CHANGE_old:": "                getOperator().handleServiceError(new FileNotFoundException(rootFolder.getAbsolutePath()));",
          "CHANGE_new:": "",
          "instance_detail": [
            {
              "pattern_action": "ANY",
              "pattern_entity": {
                "entity_type": "Statement",
                "entity_new value": "*",
                "entity_role": "*",
                "entity_parent": "null"
              },
              "concrete_change": {
                "operator": "DEL",
                "src_type": "Invocation",
                "dst_type": "null",
                "src": "(rootFolder.mkdirs())",
                "dst": "null",
                "src_parent_type": "UnaryOperator",
                "dst_parent_type": "null",
                "src_parent": "!(rootFolder.mkdirs())",
                "dst_parent": "null"
              },
              "line": 280,
              "file": "/home/khesoem/projects/lighter/exp/route-converter/src/main/java/slash/navigation/converter/gui/panels/BrowsePanel.java"
            }
          ]
        },
        {
          "tool-name": "Arja",
          "pattern-name": "Arja:arja_shallow_change",
          "Unified_Diff_of-files:": "Starts Below...",
          "DELETE:": "    }",
          "INSERT:": "import static slash.common.io.Directories.getRoutesDirectory;",
          "CHANGE_old:": "                getOperator().handleServiceError(new FileNotFoundException(rootFolder.getAbsolutePath()));",
          "CHANGE_new:": "",
          "instance_detail": [
            {
              "pattern_action": "ANY",
              "pattern_entity": {
                "entity_type": "Statement",
                "entity_new value": "*",
                "entity_role": "*",
                "entity_parent": "null"
              },
              "concrete_change": {
                "operator": "DEL",
                "src_type": "UnaryOperator",
                "dst_type": "null",
                "src": "!(rootFolder.mkdirs())",
                "dst": "null",
                "src_parent_type": "If",
                "dst_parent_type": "null",
                "src_parent": "if (!(rootFolder.mkdirs())) {\n    slash.navigation.converter.gui.panels.BrowsePanel.log.severe((\"Cannot create local catalog root folder \" + rootFolder));\n    getOperator().handleServiceError(new java.io.FileNotFoundException(rootFolder.getAbsolutePath()));\n}",
                "dst_parent": "null"
              },
              "line": 280,
              "file": "/home/khesoem/projects/lighter/exp/route-converter/src/main/java/slash/navigation/converter/gui/panels/BrowsePanel.java"
            }
          ]
        },
        {
          "tool-name": "Arja",
          "pattern-name": "Arja:arja_shallow_change",
          "Unified_Diff_of-files:": "Starts Below...",
          "DELETE:": "    }",
          "INSERT:": "import static slash.common.io.Directories.getRoutesDirectory;",
          "CHANGE_old:": "                getOperator().handleServiceError(new FileNotFoundException(rootFolder.getAbsolutePath()));",
          "CHANGE_new:": "",
          "instance_detail": [
            {
              "pattern_action": "ANY",
              "pattern_entity": {
                "entity_type": "Statement",
                "entity_new value": "*",
                "entity_role": "*",
                "entity_parent": "null"
              },
              "concrete_change": {
                "operator": "DEL",
                "src_type": "Invocation",
                "dst_type": "null",
                "src": "slash.navigation.converter.gui.panels.BrowsePanel.log.severe((\"Cannot create local catalog root folder \" + rootFolder))",
                "dst": "null",
                "src_parent_type": "Block",
                "dst_parent_type": "null",
                "src_parent": "{\n    slash.navigation.converter.gui.panels.BrowsePanel.log.severe((\"Cannot create local catalog root folder \" + rootFolder));\n    getOperator().handleServiceError(new java.io.FileNotFoundException(rootFolder.getAbsolutePath()));\n}",
                "dst_parent": "null"
              },
              "line": 281,
              "file": "/home/khesoem/projects/lighter/exp/route-converter/src/main/java/slash/navigation/converter/gui/panels/BrowsePanel.java"
            }
          ]
        },
        {
          "tool-name": "Arja",
          "pattern-name": "Arja:arja_shallow_change",
          "Unified_Diff_of-files:": "Starts Below...",
          "DELETE:": "    }",
          "INSERT:": "import static slash.common.io.Directories.getRoutesDirectory;",
          "CHANGE_old:": "                getOperator().handleServiceError(new FileNotFoundException(rootFolder.getAbsolutePath()));",
          "CHANGE_new:": "",
          "instance_detail": [
            {
              "pattern_action": "ANY",
              "pattern_entity": {
                "entity_type": "Statement",
                "entity_new value": "*",
                "entity_role": "*",
                "entity_parent": "null"
              },
              "concrete_change": {
                "operator": "DEL",
                "src_type": "Invocation",
                "dst_type": "null",
                "src": "getOperator()",
                "dst": "null",
                "src_parent_type": "Invocation",
                "dst_parent_type": "null",
                "src_parent": "getOperator().handleServiceError(new java.io.FileNotFoundException(rootFolder.getAbsolutePath()))",
                "dst_parent": "null"
              },
              "line": 282,
              "file": "/home/khesoem/projects/lighter/exp/route-converter/src/main/java/slash/navigation/converter/gui/panels/BrowsePanel.java"
            }
          ]
        },
        {
          "tool-name": "Arja",
          "pattern-name": "Arja:arja_shallow_change",
          "Unified_Diff_of-files:": "Starts Below...",
          "DELETE:": "    }",
          "INSERT:": "import static slash.common.io.Directories.getRoutesDirectory;",
          "CHANGE_old:": "                getOperator().handleServiceError(new FileNotFoundException(rootFolder.getAbsolutePath()));",
          "CHANGE_new:": "",
          "instance_detail": [
            {
              "pattern_action": "ANY",
              "pattern_entity": {
                "entity_type": "Statement",
                "entity_new value": "*",
                "entity_role": "*",
                "entity_parent": "null"
              },
              "concrete_change": {
                "operator": "DEL",
                "src_type": "Invocation",
                "dst_type": "null",
                "src": "rootFolder.getAbsolutePath()",
                "dst": "null",
                "src_parent_type": "ConstructorCall",
                "dst_parent_type": "null",
                "src_parent": "new java.io.FileNotFoundException(rootFolder.getAbsolutePath())",
                "dst_parent": "null"
              },
              "line": 282,
              "file": "/home/khesoem/projects/lighter/exp/route-converter/src/main/java/slash/navigation/converter/gui/panels/BrowsePanel.java"
            }
          ]
        },
        {
          "tool-name": "Arja",
          "pattern-name": "Arja:arja_shallow_change",
          "Unified_Diff_of-files:": "Starts Below...",
          "DELETE:": "    }",
          "INSERT:": "import static slash.common.io.Directories.getRoutesDirectory;",
          "CHANGE_old:": "                getOperator().handleServiceError(new FileNotFoundException(rootFolder.getAbsolutePath()));",
          "CHANGE_new:": "",
          "instance_detail": [
            {
              "pattern_action": "ANY",
              "pattern_entity": {
                "entity_type": "Statement",
                "entity_new value": "*",
                "entity_role": "*",
                "entity_parent": "null"
              },
              "concrete_change": {
                "operator": "DEL",
                "src_type": "ConstructorCall",
                "dst_type": "null",
                "src": "new java.io.FileNotFoundException(rootFolder.getAbsolutePath())",
                "dst": "null",
                "src_parent_type": "Invocation",
                "dst_parent_type": "null",
                "src_parent": "getOperator().handleServiceError(new java.io.FileNotFoundException(rootFolder.getAbsolutePath()))",
                "dst_parent": "null"
              },
              "line": 282,
              "file": "/home/khesoem/projects/lighter/exp/route-converter/src/main/java/slash/navigation/converter/gui/panels/BrowsePanel.java"
            }
          ]
        },
        {
          "tool-name": "Arja",
          "pattern-name": "Arja:arja_shallow_change",
          "Unified_Diff_of-files:": "Starts Below...",
          "DELETE:": "    }",
          "INSERT:": "import static slash.common.io.Directories.getRoutesDirectory;",
          "CHANGE_old:": "                getOperator().handleServiceError(new FileNotFoundException(rootFolder.getAbsolutePath()));",
          "CHANGE_new:": "",
          "instance_detail": [
            {
              "pattern_action": "ANY",
              "pattern_entity": {
                "entity_type": "Statement",
                "entity_new value": "*",
                "entity_role": "*",
                "entity_parent": "null"
              },
              "concrete_change": {
                "operator": "DEL",
                "src_type": "Invocation",
                "dst_type": "null",
                "src": "getOperator().handleServiceError(new java.io.FileNotFoundException(rootFolder.getAbsolutePath()))",
                "dst": "null",
                "src_parent_type": "Block",
                "dst_parent_type": "null",
                "src_parent": "{\n    slash.navigation.converter.gui.panels.BrowsePanel.log.severe((\"Cannot create local catalog root folder \" + rootFolder));\n    getOperator().handleServiceError(new java.io.FileNotFoundException(rootFolder.getAbsolutePath()));\n}",
                "dst_parent": "null"
              },
              "line": 282,
              "file": "/home/khesoem/projects/lighter/exp/route-converter/src/main/java/slash/navigation/converter/gui/panels/BrowsePanel.java"
            }
          ]
        },
        {
          "tool-name": "Arja",
          "pattern-name": "Arja:arja_shallow_change",
          "Unified_Diff_of-files:": "Starts Below...",
          "DELETE:": "    }",
          "INSERT:": "import static slash.common.io.Directories.getRoutesDirectory;",
          "CHANGE_old:": "                getOperator().handleServiceError(new FileNotFoundException(rootFolder.getAbsolutePath()));",
          "CHANGE_new:": "",
          "instance_detail": [
            {
              "pattern_action": "ANY",
              "pattern_entity": {
                "entity_type": "Statement",
                "entity_new value": "*",
                "entity_role": "*",
                "entity_parent": "null"
              },
              "concrete_change": {
                "operator": "DEL",
                "src_type": "Block",
                "dst_type": "null",
                "src": "{\n    slash.navigation.converter.gui.panels.BrowsePanel.log.severe((\"Cannot create local catalog root folder \" + rootFolder));\n    getOperator().handleServiceError(new java.io.FileNotFoundException(rootFolder.getAbsolutePath()));\n}",
                "dst": "null",
                "src_parent_type": "If",
                "dst_parent_type": "null",
                "src_parent": "if (!(rootFolder.mkdirs())) {\n    slash.navigation.converter.gui.panels.BrowsePanel.log.severe((\"Cannot create local catalog root folder \" + rootFolder));\n    getOperator().handleServiceError(new java.io.FileNotFoundException(rootFolder.getAbsolutePath()));\n}",
                "dst_parent": "null"
              },
              "line": 280,
              "file": "/home/khesoem/projects/lighter/exp/route-converter/src/main/java/slash/navigation/converter/gui/panels/BrowsePanel.java"
            }
          ]
        },
        {
          "tool-name": "Arja",
          "pattern-name": "Arja:arja_shallow_change",
          "Unified_Diff_of-files:": "Starts Below...",
          "DELETE:": "    }",
          "INSERT:": "import static slash.common.io.Directories.getRoutesDirectory;",
          "CHANGE_old:": "                getOperator().handleServiceError(new FileNotFoundException(rootFolder.getAbsolutePath()));",
          "CHANGE_new:": "",
          "instance_detail": [
            {
              "pattern_action": "ANY",
              "pattern_entity": {
                "entity_type": "Statement",
                "entity_new value": "*",
                "entity_role": "*",
                "entity_parent": "null"
              },
              "concrete_change": {
                "operator": "DEL",
                "src_type": "If",
                "dst_type": "null",
                "src": "if (!(rootFolder.mkdirs())) {\n    slash.navigation.converter.gui.panels.BrowsePanel.log.severe((\"Cannot create local catalog root folder \" + rootFolder));\n    getOperator().handleServiceError(new java.io.FileNotFoundException(rootFolder.getAbsolutePath()));\n}",
                "dst": "null",
                "src_parent_type": "Block",
                "dst_parent_type": "null",
                "src_parent": "{\n    if (!(rootFolder.mkdirs())) {\n        slash.navigation.converter.gui.panels.BrowsePanel.log.severe((\"Cannot create local catalog root folder \" + rootFolder));\n        getOperator().handleServiceError(new java.io.FileNotFoundException(rootFolder.getAbsolutePath()));\n    }\n}",
                "dst_parent": "null"
              },
              "line": 280,
              "file": "/home/khesoem/projects/lighter/exp/route-converter/src/main/java/slash/navigation/converter/gui/panels/BrowsePanel.java"
            }
          ]
        },
        {
          "tool-name": "Arja",
          "pattern-name": "Arja:arja_shallow_change",
          "Unified_Diff_of-files:": "Starts Below...",
          "DELETE:": "    }",
          "INSERT:": "import static slash.common.io.Directories.getRoutesDirectory;",
          "CHANGE_old:": "                getOperator().handleServiceError(new FileNotFoundException(rootFolder.getAbsolutePath()));",
          "CHANGE_new:": "",
          "instance_detail": [
            {
              "pattern_action": "ANY",
              "pattern_entity": {
                "entity_type": "Statement",
                "entity_new value": "*",
                "entity_role": "*",
                "entity_parent": "null"
              },
              "concrete_change": {
                "operator": "DEL",
                "src_type": "Block",
                "dst_type": "null",
                "src": "{\n    if (!(rootFolder.mkdirs())) {\n        slash.navigation.converter.gui.panels.BrowsePanel.log.severe((\"Cannot create local catalog root folder \" + rootFolder));\n        getOperator().handleServiceError(new java.io.FileNotFoundException(rootFolder.getAbsolutePath()));\n    }\n}",
                "dst": "null",
                "src_parent_type": "If",
                "dst_parent_type": "null",
                "src_parent": "if (!(rootFolder.exists())) {\n    if (!(rootFolder.mkdirs())) {\n        slash.navigation.converter.gui.panels.BrowsePanel.log.severe((\"Cannot create local catalog root folder \" + rootFolder));\n        getOperator().handleServiceError(new java.io.FileNotFoundException(rootFolder.getAbsolutePath()));\n    }\n}",
                "dst_parent": "null"
              },
              "line": 279,
              "file": "/home/khesoem/projects/lighter/exp/route-converter/src/main/java/slash/navigation/converter/gui/panels/BrowsePanel.java"
            }
          ]
        },
        {
          "tool-name": "Arja",
          "pattern-name": "Arja:arja_shallow_change",
          "Unified_Diff_of-files:": "Starts Below...",
          "DELETE:": "    }",
          "INSERT:": "import static slash.common.io.Directories.getRoutesDirectory;",
          "CHANGE_old:": "                getOperator().handleServiceError(new FileNotFoundException(rootFolder.getAbsolutePath()));",
          "CHANGE_new:": "",
          "instance_detail": [
            {
              "pattern_action": "ANY",
              "pattern_entity": {
                "entity_type": "Statement",
                "entity_new value": "*",
                "entity_role": "*",
                "entity_parent": "null"
              },
              "concrete_change": {
                "operator": "DEL",
                "src_type": "If",
                "dst_type": "null",
                "src": "if (!(rootFolder.exists())) {\n    if (!(rootFolder.mkdirs())) {\n        slash.navigation.converter.gui.panels.BrowsePanel.log.severe((\"Cannot create local catalog root folder \" + rootFolder));\n        getOperator().handleServiceError(new java.io.FileNotFoundException(rootFolder.getAbsolutePath()));\n    }\n}",
                "dst": "null",
                "src_parent_type": "Block",
                "dst_parent_type": "null",
                "src_parent": "{\n    java.lang.String rootFolderPreference \u003d slash.navigation.converter.gui.panels.BrowsePanel.preferences.get(slash.navigation.converter.gui.panels.BrowsePanel.LOCAL_CATALOG_ROOT_FOLDER_PREFERENCE, new java.io.File(java.lang.System.getProperty(\"user.home\"), slash.navigation.converter.gui.RouteConverter.getBundle().getString(\"local-catalog\")).getAbsolutePath());\n    java.io.File rootFolder \u003d new java.io.File(rootFolderPreference);\n    if (!(rootFolder.exists())) {\n        if (!(rootFolder.mkdirs())) {\n            slash.navigation.converter.gui.panels.BrowsePanel.log.severe((\"Cannot create local catalog root folder \" + rootFolder));\n            getOperator().handleServiceError(new java.io.FileNotFoundException(rootFolder.getAbsolutePath()));\n        }\n    }\n    return rootFolder.getAbsolutePath();\n}",
                "dst_parent": "null"
              },
              "line": 279,
              "file": "/home/khesoem/projects/lighter/exp/route-converter/src/main/java/slash/navigation/converter/gui/panels/BrowsePanel.java",
              "stats": {
                "number_of_src_entities": 88,
                "number_of_dst_entities": -1,
                "src_entity_types": "[slash.navigation.converter.gui.helpers.RouteServiceOperator, boolean, slash.navigation.converter.gui.panels.BrowsePanel, java.lang.String, java.io.FileNotFoundException, java.io.File, java.util.logging.Logger]",
                "dst_entity_types": "[]"
              }
            }
          ]
        },
        {
          "tool-name": "Arja",
          "pattern-name": "Arja:arja_shallow_change",
          "Unified_Diff_of-files:": "Starts Below...",
          "DELETE:": "    }",
          "INSERT:": "import static slash.common.io.Directories.getRoutesDirectory;",
          "CHANGE_old:": "                getOperator().handleServiceError(new FileNotFoundException(rootFolder.getAbsolutePath()));",
          "CHANGE_new:": "",
          "instance_detail": [
            {
              "pattern_action": "ANY",
              "pattern_entity": {
                "entity_type": "Statement",
                "entity_new value": "*",
                "entity_role": "*",
                "entity_parent": "null"
              },
              "concrete_change": {
                "operator": "DEL",
                "src_type": "Invocation",
                "dst_type": "null",
                "src": "rootFolder.getAbsolutePath()",
                "dst": "null",
                "src_parent_type": "Return",
                "dst_parent_type": "null",
                "src_parent": "return rootFolder.getAbsolutePath()",
                "dst_parent": "null"
              },
              "line": 285,
              "file": "/home/khesoem/projects/lighter/exp/route-converter/src/main/java/slash/navigation/converter/gui/panels/BrowsePanel.java"
            }
          ]
        },
        {
          "tool-name": "Arja",
          "pattern-name": "Arja:arja_shallow_change",
          "Unified_Diff_of-files:": "Starts Below...",
          "DELETE:": "    }",
          "INSERT:": "import static slash.common.io.Directories.getRoutesDirectory;",
          "CHANGE_old:": "                getOperator().handleServiceError(new FileNotFoundException(rootFolder.getAbsolutePath()));",
          "CHANGE_new:": "",
          "instance_detail": [
            {
              "pattern_action": "ANY",
              "pattern_entity": {
                "entity_type": "Statement",
                "entity_new value": "*",
                "entity_role": "*",
                "entity_parent": "null"
              },
              "concrete_change": {
                "operator": "DEL",
                "src_type": "Return",
                "dst_type": "null",
                "src": "return rootFolder.getAbsolutePath()",
                "dst": "null",
                "src_parent_type": "Block",
                "dst_parent_type": "null",
                "src_parent": "{\n    java.lang.String rootFolderPreference \u003d slash.navigation.converter.gui.panels.BrowsePanel.preferences.get(slash.navigation.converter.gui.panels.BrowsePanel.LOCAL_CATALOG_ROOT_FOLDER_PREFERENCE, new java.io.File(java.lang.System.getProperty(\"user.home\"), slash.navigation.converter.gui.RouteConverter.getBundle().getString(\"local-catalog\")).getAbsolutePath());\n    java.io.File rootFolder \u003d new java.io.File(rootFolderPreference);\n    if (!(rootFolder.exists())) {\n        if (!(rootFolder.mkdirs())) {\n            slash.navigation.converter.gui.panels.BrowsePanel.log.severe((\"Cannot create local catalog root folder \" + rootFolder));\n            getOperator().handleServiceError(new java.io.FileNotFoundException(rootFolder.getAbsolutePath()));\n        }\n    }\n    return rootFolder.getAbsolutePath();\n}",
                "dst_parent": "null"
              },
              "line": 285,
              "file": "/home/khesoem/projects/lighter/exp/route-converter/src/main/java/slash/navigation/converter/gui/panels/BrowsePanel.java",
              "stats": {
                "number_of_src_entities": 11,
                "number_of_dst_entities": -1,
                "src_entity_types": "[java.io.File]",
                "dst_entity_types": "[]"
              }
            }
          ]
        }
      ]
    },
    {
      "revision": "8b1d0600948ea6b4f72d3dce368de057ea0f8831",
      "repairability": [
        {
          "tool-name": "Arja",
          "pattern-name": "Arja:arja_shallow_change",
          "Unified_Diff_of-files:": "Starts Below...",
          "DELETE:": "    }",
          "INSERT:": "import static slash.common.io.Directories.getRoutesDirectory;",
          "CHANGE_old:": "                getOperator().handleServiceError(new FileNotFoundException(rootFolder.getAbsolutePath()));",
          "CHANGE_new:": "",
          "instance_detail": [
            {
              "pattern_action": "ANY",
              "pattern_entity": {
                "entity_type": "Statement",
                "entity_new value": "*",
                "entity_role": "*",
                "entity_parent": "null"
              },
              "concrete_change": {
                "operator": "DEL",
                "src_type": "Invocation",
                "dst_type": "null",
                "src": "slash.navigation.gui.SingleFrameApplication.log.info((\"Frame size is \" + (frame.getSize())))",
                "dst": "null",
                "src_parent_type": "Block",
                "dst_parent_type": "null",
                "src_parent": "{\n    frame.setDefaultCloseOperation(javax.swing.WindowConstants.DO_NOTHING_ON_CLOSE);\n    frame.addWindowListener(new java.awt.event.WindowAdapter() {\n        public void windowClosing(java.awt.event.WindowEvent e) {\n            slash.navigation.gui.Application.getInstance().getContext().getActionManager().run(\"exit\");\n        }\n    });\n    contentPane.registerKeyboardAction(( e) -\u003e slash.navigation.gui.Application.getInstance().getContext().getActionManager().run(\"exit\"), javax.swing.KeyStroke.getKeyStroke(java.awt.event.KeyEvent.VK_ESCAPE, 0), javax.swing.JComponent.WHEN_ANCESTOR_OF_FOCUSED_COMPONENT);\n    frame.pack();\n    frame.setLocationRelativeTo(null);\n    java.awt.Rectangle bounds \u003d frame.getGraphicsConfiguration().getBounds();\n    java.awt.Insets insets \u003d java.awt.Toolkit.getDefaultToolkit().getScreenInsets(frame.getGraphicsConfiguration());\n    slash.navigation.gui.SingleFrameApplication.log.info((((\"Screen size is \" + bounds) + \", insets are \") + insets));\n    int state \u003d getPreferencesState();\n    int width \u003d slash.navigation.gui.SingleFrameApplication.crop(\"width\", getPreferenceWidth(), (((int) (bounds.getX())) - ((insets.left) + (insets.right))), (((int) (bounds.getWidth())) - ((insets.left) + (insets.right))));\n    int height \u003d slash.navigation.gui.SingleFrameApplication.crop(\"height\", getPreferenceHeight(), (((int) (bounds.getY())) - ((insets.top) + (insets.bottom))), (((int) (bounds.getHeight())) - ((insets.top) + (insets.bottom))));\n    if ((state \u0026 (java.awt.Frame.MAXIMIZED_HORIZ)) \u003d\u003d (java.awt.Frame.MAXIMIZED_HORIZ))\n        width \u003d ((int) (bounds.getWidth())) - ((insets.left) + (insets.right));\n\n    if ((state \u0026 (java.awt.Frame.MAXIMIZED_VERT)) \u003d\u003d (java.awt.Frame.MAXIMIZED_VERT))\n        height \u003d ((int) (bounds.getHeight())) - ((insets.top) + (insets.bottom));\n\n    if ((width \u003e 120) \u0026\u0026 (height \u003e 60))\n        frame.setSize(width, height);\n\n    slash.navigation.gui.SingleFrameApplication.log.info((\"Frame size is \" + (frame.getSize())));\n    int x \u003d slash.navigation.gui.SingleFrameApplication.crop(\"x\", getPreferencesX(), (((int) (bounds.getX())) + (insets.left)), ((((((int) (bounds.getX())) + (insets.left)) + ((int) (bounds.getWidth()))) - (insets.right)) - width));\n    int y \u003d slash.navigation.gui.SingleFrameApplication.crop(\"y\", getPreferencesY(), (((int) (bounds.getY())) + (insets.top)), ((((((int) (bounds.getY())) + (insets.top)) + ((int) (bounds.getHeight()))) - (insets.bottom)) - height));\n    if ((state \u0026 (java.awt.Frame.MAXIMIZED_HORIZ)) \u003d\u003d (java.awt.Frame.MAXIMIZED_HORIZ))\n        x \u003d insets.left;\n\n    if ((state \u0026 (java.awt.Frame.MAXIMIZED_VERT)) \u003d\u003d (java.awt.Frame.MAXIMIZED_VERT))\n        y \u003d insets.top;\n\n    if ((x !\u003d (-1)) \u0026\u0026 (y !\u003d (-1)))\n        frame.setLocation(x, y);\n\n    slash.navigation.gui.SingleFrameApplication.log.info((\"Frame location is \" + (frame.getLocation())));\n    frame.setExtendedState(state);\n    slash.navigation.gui.SingleFrameApplication.log.info((\"Frame state is \" + (frame.getExtendedState())));\n    frame.setVisible(true);\n    frame.toFront();\n    frame.addComponentListener(new java.awt.event.ComponentAdapter() {\n        public void componentMoved(java.awt.event.ComponentEvent e) {\n            putPreferencesLocation();\n        }\n\n        public void componentResized(java.awt.event.ComponentEvent e) {\n            putPreferencesSize();\n        }\n    });\n    frame.addWindowStateListener(( e) -\u003e putPreferencesState());\n}",
                "dst_parent": "null"
              },
              "line": 129,
              "file": "/home/khesoem/projects/lighter/exp/common-gui/src/main/java/slash/navigation/gui/SingleFrameApplication.java",
              "stats": {
                "number_of_src_entities": 40,
                "number_of_dst_entities": -1,
                "src_entity_types": "[slash.navigation.gui.SingleFrameApplication, java.lang.String, java.util.logging.Logger, java.awt.Component]",
                "dst_entity_types": "[]"
              }
            }
          ]
        }
      ]
    }
  ],
  "complete_analysis": true
}