{
  "instances": [
    {
      "revision": "483280ae90f9e624411d2d9aef5a6ab4d4e990bf",
      "repairability": [
        {
          "tool-name": "Arja",
          "pattern-name": "Arja:arja_shallow_change",
          "Unified_Diff_of-files:": "Starts Below...",
          "CHANGE_old:": "",
          "CHANGE_new:": "                return d1.getLastModified().getCalendar().compareTo(d2.getLastModified().getCalendar());",
          "DELETE:": "            }",
          "instance_detail": [
            {
              "pattern_action": "ANY",
              "pattern_entity": {
                "entity_type": "Statement",
                "entity_new value": "*",
                "entity_role": "*",
                "entity_parent": "null"
              },
              "concrete_change": {
                "operator": "DEL",
                "src_type": "Invocation",
                "dst_type": "null",
                "src": "(getLastModified(d1))",
                "dst": "null",
                "src_parent_type": "BinaryOperator",
                "dst_parent_type": "null",
                "src_parent": "((int) ((getLastModified(d1)) - (getLastModified(d2))))",
                "dst_parent": "null"
              },
              "line": 130,
              "file": "/home/khesoem/projects/lighter/exp/route-converter/src/main/java/slash/navigation/converter/gui/dialogs/DownloadsDialog.java"
            }
          ]
        },
        {
          "tool-name": "Arja",
          "pattern-name": "Arja:arja_shallow_change",
          "Unified_Diff_of-files:": "Starts Below...",
          "CHANGE_old:": "",
          "CHANGE_new:": "                return d1.getLastModified().getCalendar().compareTo(d2.getLastModified().getCalendar());",
          "DELETE:": "            }",
          "instance_detail": [
            {
              "pattern_action": "ANY",
              "pattern_entity": {
                "entity_type": "Statement",
                "entity_new value": "*",
                "entity_role": "*",
                "entity_parent": "null"
              },
              "concrete_change": {
                "operator": "DEL",
                "src_type": "Invocation",
                "dst_type": "null",
                "src": "(getLastModified(d2))",
                "dst": "null",
                "src_parent_type": "BinaryOperator",
                "dst_parent_type": "null",
                "src_parent": "((int) ((getLastModified(d1)) - (getLastModified(d2))))",
                "dst_parent": "null"
              },
              "line": 130,
              "file": "/home/khesoem/projects/lighter/exp/route-converter/src/main/java/slash/navigation/converter/gui/dialogs/DownloadsDialog.java"
            }
          ]
        },
        {
          "tool-name": "Arja",
          "pattern-name": "Arja:arja_shallow_change",
          "Unified_Diff_of-files:": "Starts Below...",
          "CHANGE_old:": "",
          "CHANGE_new:": "                return d1.getLastModified().getCalendar().compareTo(d2.getLastModified().getCalendar());",
          "DELETE:": "            }",
          "instance_detail": [
            {
              "pattern_action": "ANY",
              "pattern_entity": {
                "entity_type": "Statement",
                "entity_new value": "*",
                "entity_role": "*",
                "entity_parent": "null"
              },
              "concrete_change": {
                "operator": "DEL",
                "src_type": "Invocation",
                "dst_type": "null",
                "src": "download.getLastModified()",
                "dst": "null",
                "src_parent_type": "Invocation",
                "dst_parent_type": "null",
                "src_parent": "download.getLastModified().getTimeInMillis()",
                "dst_parent": "null"
              },
              "line": 126,
              "file": "/home/khesoem/projects/lighter/exp/route-converter/src/main/java/slash/navigation/converter/gui/dialogs/DownloadsDialog.java"
            }
          ]
        },
        {
          "tool-name": "Arja",
          "pattern-name": "Arja:arja_shallow_change",
          "Unified_Diff_of-files:": "Starts Below...",
          "CHANGE_old:": "",
          "CHANGE_new:": "                return d1.getLastModified().getCalendar().compareTo(d2.getLastModified().getCalendar());",
          "DELETE:": "            }",
          "instance_detail": [
            {
              "pattern_action": "ANY",
              "pattern_entity": {
                "entity_type": "Statement",
                "entity_new value": "*",
                "entity_role": "*",
                "entity_parent": "null"
              },
              "concrete_change": {
                "operator": "DEL",
                "src_type": "Invocation",
                "dst_type": "null",
                "src": "download.getLastModified().getTimeInMillis()",
                "dst": "null",
                "src_parent_type": "Conditional",
                "dst_parent_type": "null",
                "src_parent": "(download.getLastModified()) !\u003d null ? download.getLastModified().getTimeInMillis() : 0L",
                "dst_parent": "null"
              },
              "line": 126,
              "file": "/home/khesoem/projects/lighter/exp/route-converter/src/main/java/slash/navigation/converter/gui/dialogs/DownloadsDialog.java"
            }
          ]
        },
        {
          "tool-name": "Arja",
          "pattern-name": "Arja:arja_shallow_change",
          "Unified_Diff_of-files:": "Starts Below...",
          "CHANGE_old:": "",
          "CHANGE_new:": "                return d1.getLastModified().getCalendar().compareTo(d2.getLastModified().getCalendar());",
          "DELETE:": "            }",
          "instance_detail": [
            {
              "pattern_action": "ANY",
              "pattern_entity": {
                "entity_type": "Statement",
                "entity_new value": "*",
                "entity_role": "*",
                "entity_parent": "null"
              },
              "concrete_change": {
                "operator": "DEL",
                "src_type": "Return",
                "dst_type": "null",
                "src": "return (download.getLastModified()) !\u003d null ? download.getLastModified().getTimeInMillis() : 0L",
                "dst": "null",
                "src_parent_type": "Block",
                "dst_parent_type": "null",
                "src_parent": "{\n    return (download.getLastModified()) !\u003d null ? download.getLastModified().getTimeInMillis() : 0L;\n}",
                "dst_parent": "null"
              },
              "line": 126,
              "file": "/home/khesoem/projects/lighter/exp/route-converter/src/main/java/slash/navigation/converter/gui/dialogs/DownloadsDialog.java"
            }
          ]
        }
      ]
    },
    {
      "revision": "483280ae90f9e624411d2d9aef5a6ab4d4e990bf",
      "repairability": [
        {
          "tool-name": "Arja",
          "pattern-name": "Arja:arja_shallow_change",
          "Unified_Diff_of-files:": "Starts Below...",
          "CHANGE_old:": "",
          "CHANGE_new:": "                return d1.getLastModified().getCalendar().compareTo(d2.getLastModified().getCalendar());",
          "DELETE:": "            }",
          "instance_detail": [
            {
              "pattern_action": "ANY",
              "pattern_entity": {
                "entity_type": "Statement",
                "entity_new value": "*",
                "entity_role": "*",
                "entity_parent": "null"
              },
              "concrete_change": {
                "operator": "DEL",
                "src_type": "UnaryOperator",
                "dst_type": "null",
                "src": "!(r2 instanceof slash.navigation.download.executor.DownloadExecutor)",
                "dst": "null",
                "src_parent_type": "If",
                "dst_parent_type": "null",
                "src_parent": "if (!(r2 instanceof slash.navigation.download.executor.DownloadExecutor))\n    return 1;\n",
                "dst_parent": "null"
              },
              "line": 36,
              "file": "/home/khesoem/projects/lighter/exp/download/src/main/java/slash/navigation/download/executor/DownloadExecutorComparator.java"
            }
          ]
        },
        {
          "tool-name": "Arja",
          "pattern-name": "Arja:arja_shallow_change",
          "Unified_Diff_of-files:": "Starts Below...",
          "CHANGE_old:": "",
          "CHANGE_new:": "                return d1.getLastModified().getCalendar().compareTo(d2.getLastModified().getCalendar());",
          "DELETE:": "            }",
          "instance_detail": [
            {
              "pattern_action": "ANY",
              "pattern_entity": {
                "entity_type": "Statement",
                "entity_new value": "*",
                "entity_role": "*",
                "entity_parent": "null"
              },
              "concrete_change": {
                "operator": "DEL",
                "src_type": "If",
                "dst_type": "null",
                "src": "if (!(r2 instanceof slash.navigation.download.executor.DownloadExecutor))\n    return 1;\n",
                "dst": "null",
                "src_parent_type": "Block",
                "dst_parent_type": "null",
                "src_parent": "{\n    if (!(r1 instanceof slash.navigation.download.executor.DownloadExecutor))\n        return -1;\n\n    if (!(r2 instanceof slash.navigation.download.executor.DownloadExecutor))\n        return 1;\n\n    return ((int) ((getTimeInMillis(((slash.navigation.download.executor.DownloadExecutor) (r1)))) - (getTimeInMillis(((slash.navigation.download.executor.DownloadExecutor) (r2))))));\n}",
                "dst_parent": "null"
              },
              "line": 36,
              "file": "/home/khesoem/projects/lighter/exp/download/src/main/java/slash/navigation/download/executor/DownloadExecutorComparator.java"
            }
          ]
        },
        {
          "tool-name": "Arja",
          "pattern-name": "Arja:arja_shallow_change",
          "Unified_Diff_of-files:": "Starts Below...",
          "CHANGE_old:": "",
          "CHANGE_new:": "                return d1.getLastModified().getCalendar().compareTo(d2.getLastModified().getCalendar());",
          "DELETE:": "            }",
          "instance_detail": [
            {
              "pattern_action": "ANY",
              "pattern_entity": {
                "entity_type": "Statement",
                "entity_new value": "*",
                "entity_role": "*",
                "entity_parent": "null"
              },
              "concrete_change": {
                "operator": "DEL",
                "src_type": "Invocation",
                "dst_type": "null",
                "src": "(getTimeInMillis(((slash.navigation.download.executor.DownloadExecutor) (r1))))",
                "dst": "null",
                "src_parent_type": "BinaryOperator",
                "dst_parent_type": "null",
                "src_parent": "((int) ((getTimeInMillis(((slash.navigation.download.executor.DownloadExecutor) (r1)))) - (getTimeInMillis(((slash.navigation.download.executor.DownloadExecutor) (r2))))))",
                "dst_parent": "null"
              },
              "line": 38,
              "file": "/home/khesoem/projects/lighter/exp/download/src/main/java/slash/navigation/download/executor/DownloadExecutorComparator.java"
            }
          ]
        },
        {
          "tool-name": "Arja",
          "pattern-name": "Arja:arja_shallow_change",
          "Unified_Diff_of-files:": "Starts Below...",
          "CHANGE_old:": "",
          "CHANGE_new:": "                return d1.getLastModified().getCalendar().compareTo(d2.getLastModified().getCalendar());",
          "DELETE:": "            }",
          "instance_detail": [
            {
              "pattern_action": "ANY",
              "pattern_entity": {
                "entity_type": "Statement",
                "entity_new value": "*",
                "entity_role": "*",
                "entity_parent": "null"
              },
              "concrete_change": {
                "operator": "DEL",
                "src_type": "Invocation",
                "dst_type": "null",
                "src": "(getTimeInMillis(((slash.navigation.download.executor.DownloadExecutor) (r2))))",
                "dst": "null",
                "src_parent_type": "BinaryOperator",
                "dst_parent_type": "null",
                "src_parent": "((int) ((getTimeInMillis(((slash.navigation.download.executor.DownloadExecutor) (r1)))) - (getTimeInMillis(((slash.navigation.download.executor.DownloadExecutor) (r2))))))",
                "dst_parent": "null"
              },
              "line": 38,
              "file": "/home/khesoem/projects/lighter/exp/download/src/main/java/slash/navigation/download/executor/DownloadExecutorComparator.java"
            }
          ]
        },
        {
          "tool-name": "Arja",
          "pattern-name": "Arja:arja_shallow_change",
          "Unified_Diff_of-files:": "Starts Below...",
          "CHANGE_old:": "",
          "CHANGE_new:": "                return d1.getLastModified().getCalendar().compareTo(d2.getLastModified().getCalendar());",
          "DELETE:": "            }",
          "instance_detail": [
            {
              "pattern_action": "ANY",
              "pattern_entity": {
                "entity_type": "Statement",
                "entity_new value": "*",
                "entity_role": "*",
                "entity_parent": "null"
              },
              "concrete_change": {
                "operator": "DEL",
                "src_type": "Return",
                "dst_type": "null",
                "src": "return ((int) ((getTimeInMillis(((slash.navigation.download.executor.DownloadExecutor) (r1)))) - (getTimeInMillis(((slash.navigation.download.executor.DownloadExecutor) (r2))))))",
                "dst": "null",
                "src_parent_type": "Block",
                "dst_parent_type": "null",
                "src_parent": "{\n    if (!(r1 instanceof slash.navigation.download.executor.DownloadExecutor))\n        return -1;\n\n    if (!(r2 instanceof slash.navigation.download.executor.DownloadExecutor))\n        return 1;\n\n    return ((int) ((getTimeInMillis(((slash.navigation.download.executor.DownloadExecutor) (r1)))) - (getTimeInMillis(((slash.navigation.download.executor.DownloadExecutor) (r2))))));\n}",
                "dst_parent": "null"
              },
              "line": 38,
              "file": "/home/khesoem/projects/lighter/exp/download/src/main/java/slash/navigation/download/executor/DownloadExecutorComparator.java"
            }
          ]
        }
      ]
    }
  ],
  "complete_analysis": true
}