{
  "instances": [
    {
      "revision": "d709d625930163e482b9956107ddffe69a54f36c",
      "repairability": [
        {
          "tool-name": "Arja",
          "pattern-name": "Arja:arja_shallow_change",
          "Unified_Diff_of-files:": "Starts Below...",
          "CHANGE_old:": "    Elevation, Speed",
          "CHANGE_new:": "    Elevation, Speed, HeartBeat",
          "instance_detail": [
            {
              "pattern_action": "ANY",
              "pattern_entity": {
                "entity_type": "Statement",
                "entity_new value": "*",
                "entity_role": "*",
                "entity_parent": "null"
              },
              "concrete_change": {
                "operator": "DEL",
                "src_type": "LocalVariable",
                "dst_type": "null",
                "src": "slash.navigation.common.UnitSystem unitSystem \u003d profileModel.getUnitSystem()",
                "dst": "null",
                "src_parent_type": "Block",
                "dst_parent_type": "null",
                "src_parent": "{\n    slash.navigation.common.UnitSystem unitSystem \u003d profileModel.getUnitSystem();\n    slash.navigation.converter.gui.profileview.YAxisMode yAxisMode \u003d profileModel.getYAxisMode();\n    java.lang.String yAxisUnit \u003d (yAxisMode.equals(slash.navigation.converter.gui.profileview.YAxisMode.Elevation)) ? unitSystem.getElevationName() : unitSystem.getSpeedName();\n    java.lang.String yAxisKey \u003d (yAxisMode.equals(slash.navigation.converter.gui.profileview.YAxisMode.Elevation)) ? \"elevation-axis\" : \"speed-axis\";\n    plot.getRangeAxis().setLabel(java.text.MessageFormat.format(slash.navigation.converter.gui.profileview.ProfileView.getBundle().getString(yAxisKey), yAxisUnit));\n    slash.navigation.converter.gui.profileview.XAxisMode xAxisMode \u003d profileModel.getXAxisMode();\n    java.lang.String xAxisUnit \u003d (xAxisMode.equals(slash.navigation.converter.gui.profileview.XAxisMode.Distance)) ? unitSystem.getDistanceName() : \"s\";\n    java.lang.String xAxisKey \u003d (xAxisMode.equals(slash.navigation.converter.gui.profileview.XAxisMode.Distance)) ? \"distance-axis\" : \"time-axis\";\n    plot.getDomainAxis().setLabel(java.text.MessageFormat.format(slash.navigation.converter.gui.profileview.ProfileView.getBundle().getString(xAxisKey), xAxisUnit));\n    chartPanel.setToolTipGenerator(new org.jfree.chart.labels.StandardXYToolTipGenerator((((\"{2} \" + yAxisUnit) + \" @ {1} \") + xAxisUnit), java.text.NumberFormat.getIntegerInstance(), java.text.NumberFormat.getIntegerInstance()) {\n        public java.lang.String generateLabelString(org.jfree.data.xy.XYDataset dataset, int series, int item) {\n            return super.generateLabelString(dataset, series, item).replaceAll(\"null\", \"?\");\n        }\n    });\n}",
                "dst_parent": "null"
              },
              "line": 157,
              "file": "/home/khesoem/projects/lighter/exp/profileview/src/main/java/slash/navigation/converter/gui/profileview/ProfileView.java",
              "stats": {
                "number_of_src_entities": 21,
                "number_of_dst_entities": -1,
                "src_entity_types": "[slash.navigation.common.UnitSystem, slash.navigation.converter.gui.profileview.ProfileView, slash.navigation.converter.gui.profileview.ProfileModel]",
                "dst_entity_types": "[]"
              }
            }
          ]
        },
        {
          "tool-name": "Arja",
          "pattern-name": "Arja:arja_shallow_change",
          "Unified_Diff_of-files:": "Starts Below...",
          "CHANGE_old:": "    Elevation, Speed",
          "CHANGE_new:": "    Elevation, Speed, HeartBeat",
          "instance_detail": [
            {
              "pattern_action": "ANY",
              "pattern_entity": {
                "entity_type": "Statement",
                "entity_new value": "*",
                "entity_role": "*",
                "entity_parent": "null"
              },
              "concrete_change": {
                "operator": "DEL",
                "src_type": "Invocation",
                "dst_type": "null",
                "src": "yAxisMode.equals(slash.navigation.converter.gui.profileview.YAxisMode.Elevation)",
                "dst": "null",
                "src_parent_type": "Conditional",
                "dst_parent_type": "null",
                "src_parent": "(yAxisMode.equals(slash.navigation.converter.gui.profileview.YAxisMode.Elevation)) ? unitSystem.getElevationName() : unitSystem.getSpeedName()",
                "dst_parent": "null"
              },
              "line": 160,
              "file": "/home/khesoem/projects/lighter/exp/profileview/src/main/java/slash/navigation/converter/gui/profileview/ProfileView.java"
            }
          ]
        },
        {
          "tool-name": "Arja",
          "pattern-name": "Arja:arja_shallow_change",
          "Unified_Diff_of-files:": "Starts Below...",
          "CHANGE_old:": "    Elevation, Speed",
          "CHANGE_new:": "    Elevation, Speed, HeartBeat",
          "instance_detail": [
            {
              "pattern_action": "ANY",
              "pattern_entity": {
                "entity_type": "Statement",
                "entity_new value": "*",
                "entity_role": "*",
                "entity_parent": "null"
              },
              "concrete_change": {
                "operator": "DEL",
                "src_type": "Invocation",
                "dst_type": "null",
                "src": "unitSystem.getElevationName()",
                "dst": "null",
                "src_parent_type": "Conditional",
                "dst_parent_type": "null",
                "src_parent": "(yAxisMode.equals(slash.navigation.converter.gui.profileview.YAxisMode.Elevation)) ? unitSystem.getElevationName() : unitSystem.getSpeedName()",
                "dst_parent": "null"
              },
              "line": 160,
              "file": "/home/khesoem/projects/lighter/exp/profileview/src/main/java/slash/navigation/converter/gui/profileview/ProfileView.java"
            }
          ]
        },
        {
          "tool-name": "Arja",
          "pattern-name": "Arja:arja_shallow_change",
          "Unified_Diff_of-files:": "Starts Below...",
          "CHANGE_old:": "    Elevation, Speed",
          "CHANGE_new:": "    Elevation, Speed, HeartBeat",
          "instance_detail": [
            {
              "pattern_action": "ANY",
              "pattern_entity": {
                "entity_type": "Statement",
                "entity_new value": "*",
                "entity_role": "*",
                "entity_parent": "null"
              },
              "concrete_change": {
                "operator": "DEL",
                "src_type": "Invocation",
                "dst_type": "null",
                "src": "unitSystem.getSpeedName()",
                "dst": "null",
                "src_parent_type": "Conditional",
                "dst_parent_type": "null",
                "src_parent": "(yAxisMode.equals(slash.navigation.converter.gui.profileview.YAxisMode.Elevation)) ? unitSystem.getElevationName() : unitSystem.getSpeedName()",
                "dst_parent": "null"
              },
              "line": 160,
              "file": "/home/khesoem/projects/lighter/exp/profileview/src/main/java/slash/navigation/converter/gui/profileview/ProfileView.java"
            }
          ]
        },
        {
          "tool-name": "Arja",
          "pattern-name": "Arja:arja_shallow_change",
          "Unified_Diff_of-files:": "Starts Below...",
          "CHANGE_old:": "    Elevation, Speed",
          "CHANGE_new:": "    Elevation, Speed, HeartBeat",
          "instance_detail": [
            {
              "pattern_action": "ANY",
              "pattern_entity": {
                "entity_type": "Statement",
                "entity_new value": "*",
                "entity_role": "*",
                "entity_parent": "null"
              },
              "concrete_change": {
                "operator": "DEL",
                "src_type": "Invocation",
                "dst_type": "null",
                "src": "yAxisMode.equals(slash.navigation.converter.gui.profileview.YAxisMode.Elevation)",
                "dst": "null",
                "src_parent_type": "Conditional",
                "dst_parent_type": "null",
                "src_parent": "(yAxisMode.equals(slash.navigation.converter.gui.profileview.YAxisMode.Elevation)) ? \"elevation-axis\" : \"speed-axis\"",
                "dst_parent": "null"
              },
              "line": 161,
              "file": "/home/khesoem/projects/lighter/exp/profileview/src/main/java/slash/navigation/converter/gui/profileview/ProfileView.java"
            }
          ]
        },
        {
          "tool-name": "Arja",
          "pattern-name": "Arja:arja_shallow_change",
          "Unified_Diff_of-files:": "Starts Below...",
          "CHANGE_old:": "    Elevation, Speed",
          "CHANGE_new:": "    Elevation, Speed, HeartBeat",
          "instance_detail": [
            {
              "pattern_action": "ANY",
              "pattern_entity": {
                "entity_type": "Statement",
                "entity_new value": "*",
                "entity_role": "*",
                "entity_parent": "null"
              },
              "concrete_change": {
                "operator": "DEL",
                "src_type": "Invocation",
                "dst_type": "null",
                "src": "xAxisMode.equals(slash.navigation.converter.gui.profileview.XAxisMode.Distance)",
                "dst": "null",
                "src_parent_type": "Conditional",
                "dst_parent_type": "null",
                "src_parent": "(xAxisMode.equals(slash.navigation.converter.gui.profileview.XAxisMode.Distance)) ? unitSystem.getDistanceName() : \"s\"",
                "dst_parent": "null"
              },
              "line": 165,
              "file": "/home/khesoem/projects/lighter/exp/profileview/src/main/java/slash/navigation/converter/gui/profileview/ProfileView.java"
            }
          ]
        },
        {
          "tool-name": "Arja",
          "pattern-name": "Arja:arja_shallow_change",
          "Unified_Diff_of-files:": "Starts Below...",
          "CHANGE_old:": "    Elevation, Speed",
          "CHANGE_new:": "    Elevation, Speed, HeartBeat",
          "instance_detail": [
            {
              "pattern_action": "ANY",
              "pattern_entity": {
                "entity_type": "Statement",
                "entity_new value": "*",
                "entity_role": "*",
                "entity_parent": "null"
              },
              "concrete_change": {
                "operator": "DEL",
                "src_type": "Invocation",
                "dst_type": "null",
                "src": "unitSystem.getDistanceName()",
                "dst": "null",
                "src_parent_type": "Conditional",
                "dst_parent_type": "null",
                "src_parent": "(xAxisMode.equals(slash.navigation.converter.gui.profileview.XAxisMode.Distance)) ? unitSystem.getDistanceName() : \"s\"",
                "dst_parent": "null"
              },
              "line": 165,
              "file": "/home/khesoem/projects/lighter/exp/profileview/src/main/java/slash/navigation/converter/gui/profileview/ProfileView.java"
            }
          ]
        },
        {
          "tool-name": "Arja",
          "pattern-name": "Arja:arja_shallow_change",
          "Unified_Diff_of-files:": "Starts Below...",
          "CHANGE_old:": "    Elevation, Speed",
          "CHANGE_new:": "    Elevation, Speed, HeartBeat",
          "instance_detail": [
            {
              "pattern_action": "ANY",
              "pattern_entity": {
                "entity_type": "Statement",
                "entity_new value": "*",
                "entity_role": "*",
                "entity_parent": "null"
              },
              "concrete_change": {
                "operator": "DEL",
                "src_type": "Invocation",
                "dst_type": "null",
                "src": "xAxisMode.equals(slash.navigation.converter.gui.profileview.XAxisMode.Distance)",
                "dst": "null",
                "src_parent_type": "Conditional",
                "dst_parent_type": "null",
                "src_parent": "(xAxisMode.equals(slash.navigation.converter.gui.profileview.XAxisMode.Distance)) ? \"distance-axis\" : \"time-axis\"",
                "dst_parent": "null"
              },
              "line": 166,
              "file": "/home/khesoem/projects/lighter/exp/profileview/src/main/java/slash/navigation/converter/gui/profileview/ProfileView.java"
            }
          ]
        }
      ]
    }
  ],
  "complete_analysis": true
}