{
  "instances": [
    {
      "revision": "5b5d6db1fad6a4890489dd0e854cefe7f45b698e",
      "repairability": [
        {
          "tool-name": "Arja",
          "pattern-name": "Arja:arja_shallow_change",
          "Unified_Diff_of-files:": "Starts Below...",
          "INSERT:": "    }",
          "CHANGE_old:": "            Marshaller result \u003d context.createMarshaller();",
          "CHANGE_new:": "            result \u003d context.createMarshaller();",
          "DELETE:": "            return result;",
          "instance_detail": [
            {
              "pattern_action": "ANY",
              "pattern_entity": {
                "entity_type": "Statement",
                "entity_new value": "*",
                "entity_role": "*",
                "entity_parent": "null"
              },
              "concrete_change": {
                "operator": "DEL",
                "src_type": "LocalVariable",
                "dst_type": "null",
                "src": "javax.xml.bind.Marshaller result \u003d context.createMarshaller()",
                "dst": "null",
                "src_parent_type": "Block",
                "dst_parent_type": "null",
                "src_parent": "{\n    javax.xml.bind.Marshaller result \u003d context.createMarshaller();\n    result.setProperty(slash.common.helpers.JAXB_FORMATTED_OUTPUT, slash.common.helpers.JAXBHelper.preferences.getBoolean(\"prettyPrintXml\", true));\n    result.setProperty(slash.common.helpers.JAXBHelper.JAXB_IMPL_HEADER, slash.common.helpers.JAXBHelper.HEADER_LINE);\n    return result;\n}",
                "dst_parent": "null"
              },
              "line": 74,
              "file": "/home/khesoem/projects/lighter/exp/common/src/main/java/slash/common/helpers/JAXBHelper.java",
              "stats": {
                "number_of_src_entities": 13,
                "number_of_dst_entities": -1,
                "src_entity_types": "[javax.xml.bind.Marshaller, javax.xml.bind.JAXBContext]",
                "dst_entity_types": "[]"
              }
            }
          ]
        }
      ]
    }
  ],
  "complete_analysis": true
}