{
  "instances": [
    {
      "revision": "906747306215ba74829f5b037cc0a73623b9ae16",
      "repairability": [
        {
          "tool-name": "Arja",
          "pattern-name": "Arja:arja_shallow_change",
          "Unified_Diff_of-files:": "Starts Below...",
          "INSERT:": "        // this exception unsures that the editing can continue because the cell value is not cleared\r",
          "DELETE:": "import static slash.common.io.Transfer.parseDouble;\r",
          "CHANGE_old:": "                Double value \u003d parseDegrees(objectValue, stringValue, unitSystem.getSpeedName());\r",
          "CHANGE_new:": "                Double value \u003d parseDouble(objectValue, stringValue, unitSystem.getSpeedName());\r",
          "instance_detail": [
            {
              "pattern_action": "ANY",
              "pattern_entity": {
                "entity_type": "Statement",
                "entity_new value": "*",
                "entity_role": "*",
                "entity_parent": "null"
              },
              "concrete_change": {
                "operator": "DEL",
                "src_type": "Invocation",
                "dst_type": "null",
                "src": "parseDouble(stringValue)",
                "dst": "null",
                "src_parent_type": "Return",
                "dst_parent_type": "null",
                "src_parent": "return parseDouble(stringValue)",
                "dst_parent": "null"
              },
              "line": 260,
              "file": "/home/khesoem/projects/lighter/exp/route-converter/src/main/java/slash/navigation/converter/gui/models/PositionsModelImpl.java"
            }
          ]
        },
        {
          "tool-name": "Arja",
          "pattern-name": "Arja:arja_shallow_change",
          "Unified_Diff_of-files:": "Starts Below...",
          "INSERT:": "        // this exception unsures that the editing can continue because the cell value is not cleared\r",
          "DELETE:": "import static slash.common.io.Transfer.parseDouble;\r",
          "CHANGE_old:": "                Double value \u003d parseDegrees(objectValue, stringValue, unitSystem.getSpeedName());\r",
          "CHANGE_new:": "                Double value \u003d parseDouble(objectValue, stringValue, unitSystem.getSpeedName());\r",
          "instance_detail": [
            {
              "pattern_action": "ANY",
              "pattern_entity": {
                "entity_type": "Statement",
                "entity_new value": "*",
                "entity_role": "*",
                "entity_parent": "null"
              },
              "concrete_change": {
                "operator": "DEL",
                "src_type": "Return",
                "dst_type": "null",
                "src": "return parseDouble(stringValue)",
                "dst": "null",
                "src_parent_type": "Case",
                "dst_parent_type": "null",
                "src_parent": "case Degrees :\n    return parseDouble(stringValue);",
                "dst_parent": "null"
              },
              "line": 260,
              "file": "/home/khesoem/projects/lighter/exp/route-converter/src/main/java/slash/navigation/converter/gui/models/PositionsModelImpl.java"
            }
          ]
        },
        {
          "tool-name": "Arja",
          "pattern-name": "Arja:arja_shallow_change",
          "Unified_Diff_of-files:": "Starts Below...",
          "INSERT:": "        // this exception unsures that the editing can continue because the cell value is not cleared\r",
          "DELETE:": "import static slash.common.io.Transfer.parseDouble;\r",
          "CHANGE_old:": "                Double value \u003d parseDegrees(objectValue, stringValue, unitSystem.getSpeedName());\r",
          "CHANGE_new:": "                Double value \u003d parseDouble(objectValue, stringValue, unitSystem.getSpeedName());\r",
          "instance_detail": [
            {
              "pattern_action": "ANY",
              "pattern_entity": {
                "entity_type": "Statement",
                "entity_new value": "*",
                "entity_role": "*",
                "entity_parent": "null"
              },
              "concrete_change": {
                "operator": "DEL",
                "src_type": "Case",
                "dst_type": "null",
                "src": "case Degrees :\n    return parseDouble(stringValue);",
                "dst": "null",
                "src_parent_type": "Switch",
                "dst_parent_type": "null",
                "src_parent": "switch (degreeFormat) {\n    case Degrees :\n        return parseDouble(stringValue);\n    case Degrees_Minutes :\n        return ddmm2longitude(stringValue);\n    case Degrees_Minutes_Seconds :\n        return ddmmss2longitude(stringValue);\n    default :\n        throw new java.lang.IllegalArgumentException(((\"Degree format \" + degreeFormat) + \" does not exist\"));\n}",
                "dst_parent": "null"
              },
              "line": 259,
              "file": "/home/khesoem/projects/lighter/exp/route-converter/src/main/java/slash/navigation/converter/gui/models/PositionsModelImpl.java"
            }
          ]
        },
        {
          "tool-name": "Arja",
          "pattern-name": "Arja:arja_shallow_change",
          "Unified_Diff_of-files:": "Starts Below...",
          "INSERT:": "        // this exception unsures that the editing can continue because the cell value is not cleared\r",
          "DELETE:": "import static slash.common.io.Transfer.parseDouble;\r",
          "CHANGE_old:": "                Double value \u003d parseDegrees(objectValue, stringValue, unitSystem.getSpeedName());\r",
          "CHANGE_new:": "                Double value \u003d parseDouble(objectValue, stringValue, unitSystem.getSpeedName());\r",
          "instance_detail": [
            {
              "pattern_action": "ANY",
              "pattern_entity": {
                "entity_type": "Statement",
                "entity_new value": "*",
                "entity_role": "*",
                "entity_parent": "null"
              },
              "concrete_change": {
                "operator": "DEL",
                "src_type": "Invocation",
                "dst_type": "null",
                "src": "ddmm2longitude(stringValue)",
                "dst": "null",
                "src_parent_type": "Return",
                "dst_parent_type": "null",
                "src_parent": "return ddmm2longitude(stringValue)",
                "dst_parent": "null"
              },
              "line": 262,
              "file": "/home/khesoem/projects/lighter/exp/route-converter/src/main/java/slash/navigation/converter/gui/models/PositionsModelImpl.java"
            }
          ]
        },
        {
          "tool-name": "Arja",
          "pattern-name": "Arja:arja_shallow_change",
          "Unified_Diff_of-files:": "Starts Below...",
          "INSERT:": "        // this exception unsures that the editing can continue because the cell value is not cleared\r",
          "DELETE:": "import static slash.common.io.Transfer.parseDouble;\r",
          "CHANGE_old:": "                Double value \u003d parseDegrees(objectValue, stringValue, unitSystem.getSpeedName());\r",
          "CHANGE_new:": "                Double value \u003d parseDouble(objectValue, stringValue, unitSystem.getSpeedName());\r",
          "instance_detail": [
            {
              "pattern_action": "ANY",
              "pattern_entity": {
                "entity_type": "Statement",
                "entity_new value": "*",
                "entity_role": "*",
                "entity_parent": "null"
              },
              "concrete_change": {
                "operator": "DEL",
                "src_type": "Return",
                "dst_type": "null",
                "src": "return ddmm2longitude(stringValue)",
                "dst": "null",
                "src_parent_type": "Case",
                "dst_parent_type": "null",
                "src_parent": "case Degrees_Minutes :\n    return ddmm2longitude(stringValue);",
                "dst_parent": "null"
              },
              "line": 262,
              "file": "/home/khesoem/projects/lighter/exp/route-converter/src/main/java/slash/navigation/converter/gui/models/PositionsModelImpl.java"
            }
          ]
        },
        {
          "tool-name": "Arja",
          "pattern-name": "Arja:arja_shallow_change",
          "Unified_Diff_of-files:": "Starts Below...",
          "INSERT:": "        // this exception unsures that the editing can continue because the cell value is not cleared\r",
          "DELETE:": "import static slash.common.io.Transfer.parseDouble;\r",
          "CHANGE_old:": "                Double value \u003d parseDegrees(objectValue, stringValue, unitSystem.getSpeedName());\r",
          "CHANGE_new:": "                Double value \u003d parseDouble(objectValue, stringValue, unitSystem.getSpeedName());\r",
          "instance_detail": [
            {
              "pattern_action": "ANY",
              "pattern_entity": {
                "entity_type": "Statement",
                "entity_new value": "*",
                "entity_role": "*",
                "entity_parent": "null"
              },
              "concrete_change": {
                "operator": "DEL",
                "src_type": "Case",
                "dst_type": "null",
                "src": "case Degrees_Minutes :\n    return ddmm2longitude(stringValue);",
                "dst": "null",
                "src_parent_type": "Switch",
                "dst_parent_type": "null",
                "src_parent": "switch (degreeFormat) {\n    case Degrees :\n        return parseDouble(stringValue);\n    case Degrees_Minutes :\n        return ddmm2longitude(stringValue);\n    case Degrees_Minutes_Seconds :\n        return ddmmss2longitude(stringValue);\n    default :\n        throw new java.lang.IllegalArgumentException(((\"Degree format \" + degreeFormat) + \" does not exist\"));\n}",
                "dst_parent": "null"
              },
              "line": 261,
              "file": "/home/khesoem/projects/lighter/exp/route-converter/src/main/java/slash/navigation/converter/gui/models/PositionsModelImpl.java"
            }
          ]
        },
        {
          "tool-name": "Arja",
          "pattern-name": "Arja:arja_shallow_change",
          "Unified_Diff_of-files:": "Starts Below...",
          "INSERT:": "        // this exception unsures that the editing can continue because the cell value is not cleared\r",
          "DELETE:": "import static slash.common.io.Transfer.parseDouble;\r",
          "CHANGE_old:": "                Double value \u003d parseDegrees(objectValue, stringValue, unitSystem.getSpeedName());\r",
          "CHANGE_new:": "                Double value \u003d parseDouble(objectValue, stringValue, unitSystem.getSpeedName());\r",
          "instance_detail": [
            {
              "pattern_action": "ANY",
              "pattern_entity": {
                "entity_type": "Statement",
                "entity_new value": "*",
                "entity_role": "*",
                "entity_parent": "null"
              },
              "concrete_change": {
                "operator": "DEL",
                "src_type": "Invocation",
                "dst_type": "null",
                "src": "ddmmss2longitude(stringValue)",
                "dst": "null",
                "src_parent_type": "Return",
                "dst_parent_type": "null",
                "src_parent": "return ddmmss2longitude(stringValue)",
                "dst_parent": "null"
              },
              "line": 264,
              "file": "/home/khesoem/projects/lighter/exp/route-converter/src/main/java/slash/navigation/converter/gui/models/PositionsModelImpl.java"
            }
          ]
        },
        {
          "tool-name": "Arja",
          "pattern-name": "Arja:arja_shallow_change",
          "Unified_Diff_of-files:": "Starts Below...",
          "INSERT:": "        // this exception unsures that the editing can continue because the cell value is not cleared\r",
          "DELETE:": "import static slash.common.io.Transfer.parseDouble;\r",
          "CHANGE_old:": "                Double value \u003d parseDegrees(objectValue, stringValue, unitSystem.getSpeedName());\r",
          "CHANGE_new:": "                Double value \u003d parseDouble(objectValue, stringValue, unitSystem.getSpeedName());\r",
          "instance_detail": [
            {
              "pattern_action": "ANY",
              "pattern_entity": {
                "entity_type": "Statement",
                "entity_new value": "*",
                "entity_role": "*",
                "entity_parent": "null"
              },
              "concrete_change": {
                "operator": "DEL",
                "src_type": "Return",
                "dst_type": "null",
                "src": "return ddmmss2longitude(stringValue)",
                "dst": "null",
                "src_parent_type": "Case",
                "dst_parent_type": "null",
                "src_parent": "case Degrees_Minutes_Seconds :\n    return ddmmss2longitude(stringValue);",
                "dst_parent": "null"
              },
              "line": 264,
              "file": "/home/khesoem/projects/lighter/exp/route-converter/src/main/java/slash/navigation/converter/gui/models/PositionsModelImpl.java"
            }
          ]
        },
        {
          "tool-name": "Arja",
          "pattern-name": "Arja:arja_shallow_change",
          "Unified_Diff_of-files:": "Starts Below...",
          "INSERT:": "        // this exception unsures that the editing can continue because the cell value is not cleared\r",
          "DELETE:": "import static slash.common.io.Transfer.parseDouble;\r",
          "CHANGE_old:": "                Double value \u003d parseDegrees(objectValue, stringValue, unitSystem.getSpeedName());\r",
          "CHANGE_new:": "                Double value \u003d parseDouble(objectValue, stringValue, unitSystem.getSpeedName());\r",
          "instance_detail": [
            {
              "pattern_action": "ANY",
              "pattern_entity": {
                "entity_type": "Statement",
                "entity_new value": "*",
                "entity_role": "*",
                "entity_parent": "null"
              },
              "concrete_change": {
                "operator": "DEL",
                "src_type": "Case",
                "dst_type": "null",
                "src": "case Degrees_Minutes_Seconds :\n    return ddmmss2longitude(stringValue);",
                "dst": "null",
                "src_parent_type": "Switch",
                "dst_parent_type": "null",
                "src_parent": "switch (degreeFormat) {\n    case Degrees :\n        return parseDouble(stringValue);\n    case Degrees_Minutes :\n        return ddmm2longitude(stringValue);\n    case Degrees_Minutes_Seconds :\n        return ddmmss2longitude(stringValue);\n    default :\n        throw new java.lang.IllegalArgumentException(((\"Degree format \" + degreeFormat) + \" does not exist\"));\n}",
                "dst_parent": "null"
              },
              "line": 263,
              "file": "/home/khesoem/projects/lighter/exp/route-converter/src/main/java/slash/navigation/converter/gui/models/PositionsModelImpl.java"
            }
          ]
        },
        {
          "tool-name": "Arja",
          "pattern-name": "Arja:arja_shallow_change",
          "Unified_Diff_of-files:": "Starts Below...",
          "INSERT:": "        // this exception unsures that the editing can continue because the cell value is not cleared\r",
          "DELETE:": "import static slash.common.io.Transfer.parseDouble;\r",
          "CHANGE_old:": "                Double value \u003d parseDegrees(objectValue, stringValue, unitSystem.getSpeedName());\r",
          "CHANGE_new:": "                Double value \u003d parseDouble(objectValue, stringValue, unitSystem.getSpeedName());\r",
          "instance_detail": [
            {
              "pattern_action": "ANY",
              "pattern_entity": {
                "entity_type": "Statement",
                "entity_new value": "*",
                "entity_role": "*",
                "entity_parent": "null"
              },
              "concrete_change": {
                "operator": "DEL",
                "src_type": "Throw",
                "dst_type": "null",
                "src": "throw new java.lang.IllegalArgumentException(((\"Degree format \" + degreeFormat) + \" does not exist\"))",
                "dst": "null",
                "src_parent_type": "Case",
                "dst_parent_type": "null",
                "src_parent": "default :\n    throw new java.lang.IllegalArgumentException(((\"Degree format \" + degreeFormat) + \" does not exist\"));",
                "dst_parent": "null"
              },
              "line": 266,
              "file": "/home/khesoem/projects/lighter/exp/route-converter/src/main/java/slash/navigation/converter/gui/models/PositionsModelImpl.java"
            }
          ]
        },
        {
          "tool-name": "Arja",
          "pattern-name": "Arja:arja_shallow_change",
          "Unified_Diff_of-files:": "Starts Below...",
          "INSERT:": "        // this exception unsures that the editing can continue because the cell value is not cleared\r",
          "DELETE:": "import static slash.common.io.Transfer.parseDouble;\r",
          "CHANGE_old:": "                Double value \u003d parseDegrees(objectValue, stringValue, unitSystem.getSpeedName());\r",
          "CHANGE_new:": "                Double value \u003d parseDouble(objectValue, stringValue, unitSystem.getSpeedName());\r",
          "instance_detail": [
            {
              "pattern_action": "ANY",
              "pattern_entity": {
                "entity_type": "Statement",
                "entity_new value": "*",
                "entity_role": "*",
                "entity_parent": "null"
              },
              "concrete_change": {
                "operator": "DEL",
                "src_type": "Case",
                "dst_type": "null",
                "src": "default :\n    throw new java.lang.IllegalArgumentException(((\"Degree format \" + degreeFormat) + \" does not exist\"));",
                "dst": "null",
                "src_parent_type": "Switch",
                "dst_parent_type": "null",
                "src_parent": "switch (degreeFormat) {\n    case Degrees :\n        return parseDouble(stringValue);\n    case Degrees_Minutes :\n        return ddmm2longitude(stringValue);\n    case Degrees_Minutes_Seconds :\n        return ddmmss2longitude(stringValue);\n    default :\n        throw new java.lang.IllegalArgumentException(((\"Degree format \" + degreeFormat) + \" does not exist\"));\n}",
                "dst_parent": "null"
              },
              "line": 265,
              "file": "/home/khesoem/projects/lighter/exp/route-converter/src/main/java/slash/navigation/converter/gui/models/PositionsModelImpl.java"
            }
          ]
        },
        {
          "tool-name": "Arja",
          "pattern-name": "Arja:arja_shallow_change",
          "Unified_Diff_of-files:": "Starts Below...",
          "INSERT:": "        // this exception unsures that the editing can continue because the cell value is not cleared\r",
          "DELETE:": "import static slash.common.io.Transfer.parseDouble;\r",
          "CHANGE_old:": "                Double value \u003d parseDegrees(objectValue, stringValue, unitSystem.getSpeedName());\r",
          "CHANGE_new:": "                Double value \u003d parseDouble(objectValue, stringValue, unitSystem.getSpeedName());\r",
          "instance_detail": [
            {
              "pattern_action": "ANY",
              "pattern_entity": {
                "entity_type": "Statement",
                "entity_new value": "*",
                "entity_role": "*",
                "entity_parent": "null"
              },
              "concrete_change": {
                "operator": "DEL",
                "src_type": "Switch",
                "dst_type": "null",
                "src": "switch (degreeFormat) {\n    case Degrees :\n        return parseDouble(stringValue);\n    case Degrees_Minutes :\n        return ddmm2longitude(stringValue);\n    case Degrees_Minutes_Seconds :\n        return ddmmss2longitude(stringValue);\n    default :\n        throw new java.lang.IllegalArgumentException(((\"Degree format \" + degreeFormat) + \" does not exist\"));\n}",
                "dst": "null",
                "src_parent_type": "Block",
                "dst_parent_type": "null",
                "src_parent": "{\n    if ((objectValue \u003d\u003d null) || (objectValue instanceof java.lang.Double))\n        return ((java.lang.Double) (objectValue));\n\n    slash.navigation.common.DegreeFormat degreeFormat \u003d slash.navigation.converter.gui.RouteConverter.getInstance().getUnitSystemModel().getDegreeFormat();\n    switch (degreeFormat) {\n        case Degrees :\n            return parseDouble(stringValue);\n        case Degrees_Minutes :\n            return ddmm2longitude(stringValue);\n        case Degrees_Minutes_Seconds :\n            return ddmmss2longitude(stringValue);\n        default :\n            throw new java.lang.IllegalArgumentException(((\"Degree format \" + degreeFormat) + \" does not exist\"));\n    }\n}",
                "dst_parent": "null"
              },
              "line": 258,
              "file": "/home/khesoem/projects/lighter/exp/route-converter/src/main/java/slash/navigation/converter/gui/models/PositionsModelImpl.java",
              "stats": {
                "number_of_src_entities": 93,
                "number_of_dst_entities": -1,
                "src_entity_types": "[slash.navigation.common.DegreeFormat, java.lang.String, slash.navigation.converter.gui.models.PositionsModelImpl, java.lang.IllegalArgumentException]",
                "dst_entity_types": "[]"
              }
            }
          ]
        },
        {
          "tool-name": "Arja",
          "pattern-name": "Arja:arja_shallow_change",
          "Unified_Diff_of-files:": "Starts Below...",
          "INSERT:": "        // this exception unsures that the editing can continue because the cell value is not cleared\r",
          "DELETE:": "import static slash.common.io.Transfer.parseDouble;\r",
          "CHANGE_old:": "                Double value \u003d parseDegrees(objectValue, stringValue, unitSystem.getSpeedName());\r",
          "CHANGE_new:": "                Double value \u003d parseDouble(objectValue, stringValue, unitSystem.getSpeedName());\r",
          "instance_detail": [
            {
              "pattern_action": "ANY",
              "pattern_entity": {
                "entity_type": "Statement",
                "entity_new value": "*",
                "entity_role": "*",
                "entity_parent": "null"
              },
              "concrete_change": {
                "operator": "DEL",
                "src_type": "Invocation",
                "dst_type": "null",
                "src": "slash.navigation.converter.gui.RouteConverter.getInstance()",
                "dst": "null",
                "src_parent_type": "Invocation",
                "dst_parent_type": "null",
                "src_parent": "slash.navigation.converter.gui.RouteConverter.getInstance().getUnitSystemModel()",
                "dst_parent": "null"
              },
              "line": 274,
              "file": "/home/khesoem/projects/lighter/exp/route-converter/src/main/java/slash/navigation/converter/gui/models/PositionsModelImpl.java"
            }
          ]
        },
        {
          "tool-name": "Arja",
          "pattern-name": "Arja:arja_shallow_change",
          "Unified_Diff_of-files:": "Starts Below...",
          "INSERT:": "        // this exception unsures that the editing can continue because the cell value is not cleared\r",
          "DELETE:": "import static slash.common.io.Transfer.parseDouble;\r",
          "CHANGE_old:": "                Double value \u003d parseDegrees(objectValue, stringValue, unitSystem.getSpeedName());\r",
          "CHANGE_new:": "                Double value \u003d parseDouble(objectValue, stringValue, unitSystem.getSpeedName());\r",
          "instance_detail": [
            {
              "pattern_action": "ANY",
              "pattern_entity": {
                "entity_type": "Statement",
                "entity_new value": "*",
                "entity_role": "*",
                "entity_parent": "null"
              },
              "concrete_change": {
                "operator": "DEL",
                "src_type": "Invocation",
                "dst_type": "null",
                "src": "slash.navigation.converter.gui.RouteConverter.getInstance().getUnitSystemModel()",
                "dst": "null",
                "src_parent_type": "Invocation",
                "dst_parent_type": "null",
                "src_parent": "slash.navigation.converter.gui.RouteConverter.getInstance().getUnitSystemModel().getDegreeFormat()",
                "dst_parent": "null"
              },
              "line": 274,
              "file": "/home/khesoem/projects/lighter/exp/route-converter/src/main/java/slash/navigation/converter/gui/models/PositionsModelImpl.java"
            }
          ]
        },
        {
          "tool-name": "Arja",
          "pattern-name": "Arja:arja_shallow_change",
          "Unified_Diff_of-files:": "Starts Below...",
          "INSERT:": "        // this exception unsures that the editing can continue because the cell value is not cleared\r",
          "DELETE:": "import static slash.common.io.Transfer.parseDouble;\r",
          "CHANGE_old:": "                Double value \u003d parseDegrees(objectValue, stringValue, unitSystem.getSpeedName());\r",
          "CHANGE_new:": "                Double value \u003d parseDouble(objectValue, stringValue, unitSystem.getSpeedName());\r",
          "instance_detail": [
            {
              "pattern_action": "ANY",
              "pattern_entity": {
                "entity_type": "Statement",
                "entity_new value": "*",
                "entity_role": "*",
                "entity_parent": "null"
              },
              "concrete_change": {
                "operator": "DEL",
                "src_type": "Invocation",
                "dst_type": "null",
                "src": "slash.navigation.converter.gui.RouteConverter.getInstance().getUnitSystemModel().getDegreeFormat()",
                "dst": "null",
                "src_parent_type": "LocalVariable",
                "dst_parent_type": "null",
                "src_parent": "slash.navigation.common.DegreeFormat degreeFormat \u003d slash.navigation.converter.gui.RouteConverter.getInstance().getUnitSystemModel().getDegreeFormat()",
                "dst_parent": "null"
              },
              "line": 274,
              "file": "/home/khesoem/projects/lighter/exp/route-converter/src/main/java/slash/navigation/converter/gui/models/PositionsModelImpl.java"
            }
          ]
        },
        {
          "tool-name": "Arja",
          "pattern-name": "Arja:arja_shallow_change",
          "Unified_Diff_of-files:": "Starts Below...",
          "INSERT:": "        // this exception unsures that the editing can continue because the cell value is not cleared\r",
          "DELETE:": "import static slash.common.io.Transfer.parseDouble;\r",
          "CHANGE_old:": "                Double value \u003d parseDegrees(objectValue, stringValue, unitSystem.getSpeedName());\r",
          "CHANGE_new:": "                Double value \u003d parseDouble(objectValue, stringValue, unitSystem.getSpeedName());\r",
          "instance_detail": [
            {
              "pattern_action": "ANY",
              "pattern_entity": {
                "entity_type": "Statement",
                "entity_new value": "*",
                "entity_role": "*",
                "entity_parent": "null"
              },
              "concrete_change": {
                "operator": "DEL",
                "src_type": "LocalVariable",
                "dst_type": "null",
                "src": "slash.navigation.common.DegreeFormat degreeFormat \u003d slash.navigation.converter.gui.RouteConverter.getInstance().getUnitSystemModel().getDegreeFormat()",
                "dst": "null",
                "src_parent_type": "Block",
                "dst_parent_type": "null",
                "src_parent": "{\n    if ((objectValue \u003d\u003d null) || (objectValue instanceof java.lang.Double))\n        return ((java.lang.Double) (objectValue));\n\n    slash.navigation.common.DegreeFormat degreeFormat \u003d slash.navigation.converter.gui.RouteConverter.getInstance().getUnitSystemModel().getDegreeFormat();\n    switch (degreeFormat) {\n        case Degrees :\n            return parseDouble(stringValue);\n        case Degrees_Minutes :\n            return ddmm2latitude(stringValue);\n        case Degrees_Minutes_Seconds :\n            return ddmmss2latitude(stringValue);\n        default :\n            throw new java.lang.IllegalArgumentException(((\"Degree format \" + degreeFormat) + \" does not exist\"));\n    }\n}",
                "dst_parent": "null"
              },
              "line": 274,
              "file": "/home/khesoem/projects/lighter/exp/route-converter/src/main/java/slash/navigation/converter/gui/models/PositionsModelImpl.java",
              "stats": {
                "number_of_src_entities": 16,
                "number_of_dst_entities": -1,
                "src_entity_types": "[slash.navigation.common.DegreeFormat, slash.navigation.converter.gui.RouteConverter]",
                "dst_entity_types": "[]"
              }
            }
          ]
        },
        {
          "tool-name": "Arja",
          "pattern-name": "Arja:arja_shallow_change",
          "Unified_Diff_of-files:": "Starts Below...",
          "INSERT:": "        // this exception unsures that the editing can continue because the cell value is not cleared\r",
          "DELETE:": "import static slash.common.io.Transfer.parseDouble;\r",
          "CHANGE_old:": "                Double value \u003d parseDegrees(objectValue, stringValue, unitSystem.getSpeedName());\r",
          "CHANGE_new:": "                Double value \u003d parseDouble(objectValue, stringValue, unitSystem.getSpeedName());\r",
          "instance_detail": [
            {
              "pattern_action": "ANY",
              "pattern_entity": {
                "entity_type": "Statement",
                "entity_new value": "*",
                "entity_role": "*",
                "entity_parent": "null"
              },
              "concrete_change": {
                "operator": "DEL",
                "src_type": "Invocation",
                "dst_type": "null",
                "src": "parseDouble(stringValue)",
                "dst": "null",
                "src_parent_type": "Return",
                "dst_parent_type": "null",
                "src_parent": "return parseDouble(stringValue)",
                "dst_parent": "null"
              },
              "line": 277,
              "file": "/home/khesoem/projects/lighter/exp/route-converter/src/main/java/slash/navigation/converter/gui/models/PositionsModelImpl.java"
            }
          ]
        },
        {
          "tool-name": "Arja",
          "pattern-name": "Arja:arja_shallow_change",
          "Unified_Diff_of-files:": "Starts Below...",
          "INSERT:": "        // this exception unsures that the editing can continue because the cell value is not cleared\r",
          "DELETE:": "import static slash.common.io.Transfer.parseDouble;\r",
          "CHANGE_old:": "                Double value \u003d parseDegrees(objectValue, stringValue, unitSystem.getSpeedName());\r",
          "CHANGE_new:": "                Double value \u003d parseDouble(objectValue, stringValue, unitSystem.getSpeedName());\r",
          "instance_detail": [
            {
              "pattern_action": "ANY",
              "pattern_entity": {
                "entity_type": "Statement",
                "entity_new value": "*",
                "entity_role": "*",
                "entity_parent": "null"
              },
              "concrete_change": {
                "operator": "DEL",
                "src_type": "Return",
                "dst_type": "null",
                "src": "return parseDouble(stringValue)",
                "dst": "null",
                "src_parent_type": "Case",
                "dst_parent_type": "null",
                "src_parent": "case Degrees :\n    return parseDouble(stringValue);",
                "dst_parent": "null"
              },
              "line": 277,
              "file": "/home/khesoem/projects/lighter/exp/route-converter/src/main/java/slash/navigation/converter/gui/models/PositionsModelImpl.java"
            }
          ]
        },
        {
          "tool-name": "Arja",
          "pattern-name": "Arja:arja_shallow_change",
          "Unified_Diff_of-files:": "Starts Below...",
          "INSERT:": "        // this exception unsures that the editing can continue because the cell value is not cleared\r",
          "DELETE:": "import static slash.common.io.Transfer.parseDouble;\r",
          "CHANGE_old:": "                Double value \u003d parseDegrees(objectValue, stringValue, unitSystem.getSpeedName());\r",
          "CHANGE_new:": "                Double value \u003d parseDouble(objectValue, stringValue, unitSystem.getSpeedName());\r",
          "instance_detail": [
            {
              "pattern_action": "ANY",
              "pattern_entity": {
                "entity_type": "Statement",
                "entity_new value": "*",
                "entity_role": "*",
                "entity_parent": "null"
              },
              "concrete_change": {
                "operator": "DEL",
                "src_type": "Case",
                "dst_type": "null",
                "src": "case Degrees :\n    return parseDouble(stringValue);",
                "dst": "null",
                "src_parent_type": "Switch",
                "dst_parent_type": "null",
                "src_parent": "switch (degreeFormat) {\n    case Degrees :\n        return parseDouble(stringValue);\n    case Degrees_Minutes :\n        return ddmm2latitude(stringValue);\n    case Degrees_Minutes_Seconds :\n        return ddmmss2latitude(stringValue);\n    default :\n        throw new java.lang.IllegalArgumentException(((\"Degree format \" + degreeFormat) + \" does not exist\"));\n}",
                "dst_parent": "null"
              },
              "line": 276,
              "file": "/home/khesoem/projects/lighter/exp/route-converter/src/main/java/slash/navigation/converter/gui/models/PositionsModelImpl.java"
            }
          ]
        },
        {
          "tool-name": "Arja",
          "pattern-name": "Arja:arja_shallow_change",
          "Unified_Diff_of-files:": "Starts Below...",
          "INSERT:": "        // this exception unsures that the editing can continue because the cell value is not cleared\r",
          "DELETE:": "import static slash.common.io.Transfer.parseDouble;\r",
          "CHANGE_old:": "                Double value \u003d parseDegrees(objectValue, stringValue, unitSystem.getSpeedName());\r",
          "CHANGE_new:": "                Double value \u003d parseDouble(objectValue, stringValue, unitSystem.getSpeedName());\r",
          "instance_detail": [
            {
              "pattern_action": "ANY",
              "pattern_entity": {
                "entity_type": "Statement",
                "entity_new value": "*",
                "entity_role": "*",
                "entity_parent": "null"
              },
              "concrete_change": {
                "operator": "DEL",
                "src_type": "Invocation",
                "dst_type": "null",
                "src": "ddmm2latitude(stringValue)",
                "dst": "null",
                "src_parent_type": "Return",
                "dst_parent_type": "null",
                "src_parent": "return ddmm2latitude(stringValue)",
                "dst_parent": "null"
              },
              "line": 279,
              "file": "/home/khesoem/projects/lighter/exp/route-converter/src/main/java/slash/navigation/converter/gui/models/PositionsModelImpl.java"
            }
          ]
        },
        {
          "tool-name": "Arja",
          "pattern-name": "Arja:arja_shallow_change",
          "Unified_Diff_of-files:": "Starts Below...",
          "INSERT:": "        // this exception unsures that the editing can continue because the cell value is not cleared\r",
          "DELETE:": "import static slash.common.io.Transfer.parseDouble;\r",
          "CHANGE_old:": "                Double value \u003d parseDegrees(objectValue, stringValue, unitSystem.getSpeedName());\r",
          "CHANGE_new:": "                Double value \u003d parseDouble(objectValue, stringValue, unitSystem.getSpeedName());\r",
          "instance_detail": [
            {
              "pattern_action": "ANY",
              "pattern_entity": {
                "entity_type": "Statement",
                "entity_new value": "*",
                "entity_role": "*",
                "entity_parent": "null"
              },
              "concrete_change": {
                "operator": "DEL",
                "src_type": "Return",
                "dst_type": "null",
                "src": "return ddmm2latitude(stringValue)",
                "dst": "null",
                "src_parent_type": "Case",
                "dst_parent_type": "null",
                "src_parent": "case Degrees_Minutes :\n    return ddmm2latitude(stringValue);",
                "dst_parent": "null"
              },
              "line": 279,
              "file": "/home/khesoem/projects/lighter/exp/route-converter/src/main/java/slash/navigation/converter/gui/models/PositionsModelImpl.java"
            }
          ]
        },
        {
          "tool-name": "Arja",
          "pattern-name": "Arja:arja_shallow_change",
          "Unified_Diff_of-files:": "Starts Below...",
          "INSERT:": "        // this exception unsures that the editing can continue because the cell value is not cleared\r",
          "DELETE:": "import static slash.common.io.Transfer.parseDouble;\r",
          "CHANGE_old:": "                Double value \u003d parseDegrees(objectValue, stringValue, unitSystem.getSpeedName());\r",
          "CHANGE_new:": "                Double value \u003d parseDouble(objectValue, stringValue, unitSystem.getSpeedName());\r",
          "instance_detail": [
            {
              "pattern_action": "ANY",
              "pattern_entity": {
                "entity_type": "Statement",
                "entity_new value": "*",
                "entity_role": "*",
                "entity_parent": "null"
              },
              "concrete_change": {
                "operator": "DEL",
                "src_type": "Case",
                "dst_type": "null",
                "src": "case Degrees_Minutes :\n    return ddmm2latitude(stringValue);",
                "dst": "null",
                "src_parent_type": "Switch",
                "dst_parent_type": "null",
                "src_parent": "switch (degreeFormat) {\n    case Degrees :\n        return parseDouble(stringValue);\n    case Degrees_Minutes :\n        return ddmm2latitude(stringValue);\n    case Degrees_Minutes_Seconds :\n        return ddmmss2latitude(stringValue);\n    default :\n        throw new java.lang.IllegalArgumentException(((\"Degree format \" + degreeFormat) + \" does not exist\"));\n}",
                "dst_parent": "null"
              },
              "line": 278,
              "file": "/home/khesoem/projects/lighter/exp/route-converter/src/main/java/slash/navigation/converter/gui/models/PositionsModelImpl.java"
            }
          ]
        },
        {
          "tool-name": "Arja",
          "pattern-name": "Arja:arja_shallow_change",
          "Unified_Diff_of-files:": "Starts Below...",
          "INSERT:": "        // this exception unsures that the editing can continue because the cell value is not cleared\r",
          "DELETE:": "import static slash.common.io.Transfer.parseDouble;\r",
          "CHANGE_old:": "                Double value \u003d parseDegrees(objectValue, stringValue, unitSystem.getSpeedName());\r",
          "CHANGE_new:": "                Double value \u003d parseDouble(objectValue, stringValue, unitSystem.getSpeedName());\r",
          "instance_detail": [
            {
              "pattern_action": "ANY",
              "pattern_entity": {
                "entity_type": "Statement",
                "entity_new value": "*",
                "entity_role": "*",
                "entity_parent": "null"
              },
              "concrete_change": {
                "operator": "DEL",
                "src_type": "Invocation",
                "dst_type": "null",
                "src": "ddmmss2latitude(stringValue)",
                "dst": "null",
                "src_parent_type": "Return",
                "dst_parent_type": "null",
                "src_parent": "return ddmmss2latitude(stringValue)",
                "dst_parent": "null"
              },
              "line": 281,
              "file": "/home/khesoem/projects/lighter/exp/route-converter/src/main/java/slash/navigation/converter/gui/models/PositionsModelImpl.java"
            }
          ]
        },
        {
          "tool-name": "Arja",
          "pattern-name": "Arja:arja_shallow_change",
          "Unified_Diff_of-files:": "Starts Below...",
          "INSERT:": "        // this exception unsures that the editing can continue because the cell value is not cleared\r",
          "DELETE:": "import static slash.common.io.Transfer.parseDouble;\r",
          "CHANGE_old:": "                Double value \u003d parseDegrees(objectValue, stringValue, unitSystem.getSpeedName());\r",
          "CHANGE_new:": "                Double value \u003d parseDouble(objectValue, stringValue, unitSystem.getSpeedName());\r",
          "instance_detail": [
            {
              "pattern_action": "ANY",
              "pattern_entity": {
                "entity_type": "Statement",
                "entity_new value": "*",
                "entity_role": "*",
                "entity_parent": "null"
              },
              "concrete_change": {
                "operator": "DEL",
                "src_type": "Return",
                "dst_type": "null",
                "src": "return ddmmss2latitude(stringValue)",
                "dst": "null",
                "src_parent_type": "Case",
                "dst_parent_type": "null",
                "src_parent": "case Degrees_Minutes_Seconds :\n    return ddmmss2latitude(stringValue);",
                "dst_parent": "null"
              },
              "line": 281,
              "file": "/home/khesoem/projects/lighter/exp/route-converter/src/main/java/slash/navigation/converter/gui/models/PositionsModelImpl.java"
            }
          ]
        },
        {
          "tool-name": "Arja",
          "pattern-name": "Arja:arja_shallow_change",
          "Unified_Diff_of-files:": "Starts Below...",
          "INSERT:": "        // this exception unsures that the editing can continue because the cell value is not cleared\r",
          "DELETE:": "import static slash.common.io.Transfer.parseDouble;\r",
          "CHANGE_old:": "                Double value \u003d parseDegrees(objectValue, stringValue, unitSystem.getSpeedName());\r",
          "CHANGE_new:": "                Double value \u003d parseDouble(objectValue, stringValue, unitSystem.getSpeedName());\r",
          "instance_detail": [
            {
              "pattern_action": "ANY",
              "pattern_entity": {
                "entity_type": "Statement",
                "entity_new value": "*",
                "entity_role": "*",
                "entity_parent": "null"
              },
              "concrete_change": {
                "operator": "DEL",
                "src_type": "Case",
                "dst_type": "null",
                "src": "case Degrees_Minutes_Seconds :\n    return ddmmss2latitude(stringValue);",
                "dst": "null",
                "src_parent_type": "Switch",
                "dst_parent_type": "null",
                "src_parent": "switch (degreeFormat) {\n    case Degrees :\n        return parseDouble(stringValue);\n    case Degrees_Minutes :\n        return ddmm2latitude(stringValue);\n    case Degrees_Minutes_Seconds :\n        return ddmmss2latitude(stringValue);\n    default :\n        throw new java.lang.IllegalArgumentException(((\"Degree format \" + degreeFormat) + \" does not exist\"));\n}",
                "dst_parent": "null"
              },
              "line": 280,
              "file": "/home/khesoem/projects/lighter/exp/route-converter/src/main/java/slash/navigation/converter/gui/models/PositionsModelImpl.java"
            }
          ]
        },
        {
          "tool-name": "Arja",
          "pattern-name": "Arja:arja_shallow_change",
          "Unified_Diff_of-files:": "Starts Below...",
          "INSERT:": "        // this exception unsures that the editing can continue because the cell value is not cleared\r",
          "DELETE:": "import static slash.common.io.Transfer.parseDouble;\r",
          "CHANGE_old:": "                Double value \u003d parseDegrees(objectValue, stringValue, unitSystem.getSpeedName());\r",
          "CHANGE_new:": "                Double value \u003d parseDouble(objectValue, stringValue, unitSystem.getSpeedName());\r",
          "instance_detail": [
            {
              "pattern_action": "ANY",
              "pattern_entity": {
                "entity_type": "Statement",
                "entity_new value": "*",
                "entity_role": "*",
                "entity_parent": "null"
              },
              "concrete_change": {
                "operator": "DEL",
                "src_type": "Throw",
                "dst_type": "null",
                "src": "throw new java.lang.IllegalArgumentException(((\"Degree format \" + degreeFormat) + \" does not exist\"))",
                "dst": "null",
                "src_parent_type": "Case",
                "dst_parent_type": "null",
                "src_parent": "default :\n    throw new java.lang.IllegalArgumentException(((\"Degree format \" + degreeFormat) + \" does not exist\"));",
                "dst_parent": "null"
              },
              "line": 283,
              "file": "/home/khesoem/projects/lighter/exp/route-converter/src/main/java/slash/navigation/converter/gui/models/PositionsModelImpl.java"
            }
          ]
        },
        {
          "tool-name": "Arja",
          "pattern-name": "Arja:arja_shallow_change",
          "Unified_Diff_of-files:": "Starts Below...",
          "INSERT:": "        // this exception unsures that the editing can continue because the cell value is not cleared\r",
          "DELETE:": "import static slash.common.io.Transfer.parseDouble;\r",
          "CHANGE_old:": "                Double value \u003d parseDegrees(objectValue, stringValue, unitSystem.getSpeedName());\r",
          "CHANGE_new:": "                Double value \u003d parseDouble(objectValue, stringValue, unitSystem.getSpeedName());\r",
          "instance_detail": [
            {
              "pattern_action": "ANY",
              "pattern_entity": {
                "entity_type": "Statement",
                "entity_new value": "*",
                "entity_role": "*",
                "entity_parent": "null"
              },
              "concrete_change": {
                "operator": "DEL",
                "src_type": "Case",
                "dst_type": "null",
                "src": "default :\n    throw new java.lang.IllegalArgumentException(((\"Degree format \" + degreeFormat) + \" does not exist\"));",
                "dst": "null",
                "src_parent_type": "Switch",
                "dst_parent_type": "null",
                "src_parent": "switch (degreeFormat) {\n    case Degrees :\n        return parseDouble(stringValue);\n    case Degrees_Minutes :\n        return ddmm2latitude(stringValue);\n    case Degrees_Minutes_Seconds :\n        return ddmmss2latitude(stringValue);\n    default :\n        throw new java.lang.IllegalArgumentException(((\"Degree format \" + degreeFormat) + \" does not exist\"));\n}",
                "dst_parent": "null"
              },
              "line": 282,
              "file": "/home/khesoem/projects/lighter/exp/route-converter/src/main/java/slash/navigation/converter/gui/models/PositionsModelImpl.java"
            }
          ]
        },
        {
          "tool-name": "Arja",
          "pattern-name": "Arja:arja_shallow_change",
          "Unified_Diff_of-files:": "Starts Below...",
          "INSERT:": "        // this exception unsures that the editing can continue because the cell value is not cleared\r",
          "DELETE:": "import static slash.common.io.Transfer.parseDouble;\r",
          "CHANGE_old:": "                Double value \u003d parseDegrees(objectValue, stringValue, unitSystem.getSpeedName());\r",
          "CHANGE_new:": "                Double value \u003d parseDouble(objectValue, stringValue, unitSystem.getSpeedName());\r",
          "instance_detail": [
            {
              "pattern_action": "ANY",
              "pattern_entity": {
                "entity_type": "Statement",
                "entity_new value": "*",
                "entity_role": "*",
                "entity_parent": "null"
              },
              "concrete_change": {
                "operator": "DEL",
                "src_type": "Switch",
                "dst_type": "null",
                "src": "switch (degreeFormat) {\n    case Degrees :\n        return parseDouble(stringValue);\n    case Degrees_Minutes :\n        return ddmm2latitude(stringValue);\n    case Degrees_Minutes_Seconds :\n        return ddmmss2latitude(stringValue);\n    default :\n        throw new java.lang.IllegalArgumentException(((\"Degree format \" + degreeFormat) + \" does not exist\"));\n}",
                "dst": "null",
                "src_parent_type": "Block",
                "dst_parent_type": "null",
                "src_parent": "{\n    if ((objectValue \u003d\u003d null) || (objectValue instanceof java.lang.Double))\n        return ((java.lang.Double) (objectValue));\n\n    slash.navigation.common.DegreeFormat degreeFormat \u003d slash.navigation.converter.gui.RouteConverter.getInstance().getUnitSystemModel().getDegreeFormat();\n    switch (degreeFormat) {\n        case Degrees :\n            return parseDouble(stringValue);\n        case Degrees_Minutes :\n            return ddmm2latitude(stringValue);\n        case Degrees_Minutes_Seconds :\n            return ddmmss2latitude(stringValue);\n        default :\n            throw new java.lang.IllegalArgumentException(((\"Degree format \" + degreeFormat) + \" does not exist\"));\n    }\n}",
                "dst_parent": "null"
              },
              "line": 275,
              "file": "/home/khesoem/projects/lighter/exp/route-converter/src/main/java/slash/navigation/converter/gui/models/PositionsModelImpl.java",
              "stats": {
                "number_of_src_entities": 93,
                "number_of_dst_entities": -1,
                "src_entity_types": "[slash.navigation.common.DegreeFormat, java.lang.String, slash.navigation.converter.gui.models.PositionsModelImpl, java.lang.IllegalArgumentException]",
                "dst_entity_types": "[]"
              }
            }
          ]
        }
      ]
    }
  ],
  "complete_analysis": true
}