{
  "instances": [
    {
      "revision": "a23818d1168a549515b0644b505fa4464da439a4",
      "repairability": [
        {
          "tool-name": "Elixir",
          "pattern-name": "Elixir:update_type_ref",
          "Unified_Diff_of-files:": "Starts Below...",
          "INSERT:": "/** Assertions. */",
          "CHANGE_old:": "",
          "CHANGE_new:": "    public static void isInterface(final Class\u0026lt;?\u0026gt; clazz) {",
          "instance_detail": [
            {
              "pattern_action": "UPD",
              "pattern_entity": {
                "entity_type": "TypeReference",
                "entity_new value": "*",
                "entity_role": "*",
                "entity_parent": "null"
              },
              "concrete_change": {
                "operator": "UPD",
                "src_type": "TypeReference",
                "dst_type": "TypeReference",
                "src": "io.github.classgraph.LogNode",
                "dst": "nonapi.io.github.classgraph.utils.LogNode",
                "src_parent_type": "Field",
                "dst_parent_type": "Field",
                "src_parent": "private final io.github.classgraph.LogNode topLevelLog;",
                "dst_parent": "private final nonapi.io.github.classgraph.utils.LogNode topLevelLog;"
              },
              "line": 119,
              "file": "/home/khesoem/projects/lighter/exp/src/main/java/io/github/classgraph/ScanResult.java",
              "stats": {
                "number_of_src_entities": 2,
                "number_of_dst_entities": 2,
                "src_entity_types": "[io.github.classgraph.LogNode]",
                "dst_entity_types": "[nonapi.io.github.classgraph.utils.LogNode]"
              }
            }
          ]
        },
        {
          "tool-name": "Elixir",
          "pattern-name": "Elixir:update_type_ref",
          "Unified_Diff_of-files:": "Starts Below...",
          "INSERT:": "/** Assertions. */",
          "CHANGE_old:": "",
          "CHANGE_new:": "    public static void isInterface(final Class\u0026lt;?\u0026gt; clazz) {",
          "instance_detail": [
            {
              "pattern_action": "UPD",
              "pattern_entity": {
                "entity_type": "TypeReference",
                "entity_new value": "*",
                "entity_role": "*",
                "entity_parent": "null"
              },
              "concrete_change": {
                "operator": "UPD",
                "src_type": "TypeReference",
                "dst_type": "TypeReference",
                "src": "io.github.classgraph.LogNode",
                "dst": "nonapi.io.github.classgraph.utils.LogNode",
                "src_parent_type": "ParameterReference",
                "dst_parent_type": "Parameter",
                "src_parent": "topLevelLog",
                "dst_parent": "final nonapi.io.github.classgraph.utils.LogNode topLevelLog"
              },
              "line": 247,
              "file": "/home/khesoem/projects/lighter/exp/src/main/java/io/github/classgraph/ScanResult.java",
              "stats": {
                "number_of_src_entities": 2,
                "number_of_dst_entities": 2,
                "src_entity_types": "[io.github.classgraph.LogNode]",
                "dst_entity_types": "[nonapi.io.github.classgraph.utils.LogNode]"
              }
            }
          ]
        },
        {
          "tool-name": "Elixir",
          "pattern-name": "Elixir:update_type_ref",
          "Unified_Diff_of-files:": "Starts Below...",
          "INSERT:": "/** Assertions. */",
          "CHANGE_old:": "",
          "CHANGE_new:": "    public static void isInterface(final Class\u0026lt;?\u0026gt; clazz) {",
          "instance_detail": [
            {
              "pattern_action": "UPD",
              "pattern_entity": {
                "entity_type": "TypeReference",
                "entity_new value": "*",
                "entity_role": "*",
                "entity_parent": "null"
              },
              "concrete_change": {
                "operator": "UPD",
                "src_type": "TypeReference",
                "dst_type": "TypeReference",
                "src": "io.github.classgraph.LogNode",
                "dst": "nonapi.io.github.classgraph.utils.LogNode",
                "src_parent_type": "ParameterReference",
                "dst_parent_type": "Parameter",
                "src_parent": "log",
                "dst_parent": "final nonapi.io.github.classgraph.utils.LogNode log"
              },
              "line": 306,
              "file": "/home/khesoem/projects/lighter/exp/src/main/java/io/github/classgraph/ScanResult.java",
              "stats": {
                "number_of_src_entities": 2,
                "number_of_dst_entities": 2,
                "src_entity_types": "[io.github.classgraph.LogNode]",
                "dst_entity_types": "[nonapi.io.github.classgraph.utils.LogNode]"
              }
            }
          ]
        }
      ]
    }
  ],
  "complete_analysis": true
}