{
  "instances": [
    {
      "revision": "2e7720b066188160660490324ab57fb9c8252814",
      "repairability": [
        {
          "tool-name": "Elixir",
          "pattern-name": "Elixir:update_type_ref",
          "Unified_Diff_of-files:": "Starts Below...",
          "INSERT:": "        }",
          "CHANGE_old:": "",
          "CHANGE_new:": "                                        : annotationClassInfo.getName()));",
          "instance_detail": [
            {
              "pattern_action": "UPD",
              "pattern_entity": {
                "entity_type": "TypeReference",
                "entity_new value": "*",
                "entity_role": "*",
                "entity_parent": "null"
              },
              "concrete_change": {
                "operator": "UPD",
                "src_type": "TypeReference",
                "dst_type": "TypeReference",
                "src": "io.github.classgraph.AnnotationInfo",
                "dst": "io.github.classgraph.AnnotationParameterValue",
                "src_parent_type": "LocalVariable",
                "dst_parent_type": "LocalVariable",
                "src_parent": "final io.github.classgraph.AnnotationInfo paramAnn",
                "dst_parent": "final io.github.classgraph.AnnotationParameterValue apv"
              },
              "line": 362,
              "file": "/home/khesoem/projects/lighter/exp/src/main/java/io/github/classgraph/Classfile.java",
              "stats": {
                "number_of_src_entities": 2,
                "number_of_dst_entities": 2,
                "src_entity_types": "[io.github.classgraph.AnnotationInfo]",
                "dst_entity_types": "[io.github.classgraph.AnnotationParameterValue]"
              }
            }
          ]
        },
        {
          "tool-name": "Elixir",
          "pattern-name": "Elixir:update_type_ref",
          "Unified_Diff_of-files:": "Starts Below...",
          "INSERT:": "        }",
          "CHANGE_old:": "",
          "CHANGE_new:": "                                        : annotationClassInfo.getName()));",
          "instance_detail": [
            {
              "pattern_action": "UPD",
              "pattern_entity": {
                "entity_type": "TypeReference",
                "entity_new value": "*",
                "entity_role": "*",
                "entity_parent": "null"
              },
              "concrete_change": {
                "operator": "UPD",
                "src_type": "ArrayTypeReference",
                "dst_type": "TypeReference",
                "src": "io.github.classgraph.AnnotationInfo[]",
                "dst": "io.github.classgraph.AnnotationParameterValue",
                "src_parent_type": "LocalVariable",
                "dst_parent_type": "LocalVariable",
                "src_parent": "final io.github.classgraph.AnnotationInfo[] paramAnns",
                "dst_parent": "final io.github.classgraph.AnnotationParameterValue apv"
              },
              "line": 360,
              "file": "/home/khesoem/projects/lighter/exp/src/main/java/io/github/classgraph/Classfile.java",
              "stats": {
                "number_of_src_entities": 3,
                "number_of_dst_entities": 2,
                "src_entity_types": "[io.github.classgraph.AnnotationInfo]",
                "dst_entity_types": "[io.github.classgraph.AnnotationParameterValue]"
              }
            }
          ]
        },
        {
          "tool-name": "Elixir",
          "pattern-name": "Elixir:if_null_check",
          "Unified_Diff_of-files:": "Starts Below...",
          "INSERT:": "        }",
          "CHANGE_old:": "",
          "CHANGE_new:": "                                        : annotationClassInfo.getName()));",
          "instance_detail": [
            {
              "pattern_action": "INS",
              "pattern_entity": {
                "entity_type": "If",
                "entity_new value": "*",
                "entity_role": "*",
                "entity_parent": "null"
              },
              "concrete_change": {
                "operator": "INS",
                "src_type": "If",
                "dst_type": "null",
                "src": "if ((annotationParamDefaultValues) !\u003d null) {\n    for (final io.github.classgraph.AnnotationParameterValue apv : annotationParamDefaultValues) {\n        extendScanningUpwardsFromAnnotationParameterValues(apv.getValue(), log);\n    }\n}",
                "dst": "null",
                "src_parent_type": "Block",
                "dst_parent_type": "null",
                "src_parent": "{\n    if ((superclassName) !\u003d null) {\n        scheduleScanningIfExternalClass(superclassName, \"superclass\", log);\n    }\n    if ((implementedInterfaces) !\u003d null) {\n        for (final java.lang.String interfaceName : implementedInterfaces) {\n            scheduleScanningIfExternalClass(interfaceName, \"interface\", log);\n        }\n    }\n    if ((classAnnotations) !\u003d null) {\n        for (final io.github.classgraph.AnnotationInfo annotationInfo : classAnnotations) {\n            scheduleScanningIfExternalClass(annotationInfo.getName(), \"class annotation\", log);\n            extendScanningUpwardsFromAnnotationParameterValues(annotationInfo, log);\n        }\n    }\n    if ((annotationParamDefaultValues) !\u003d null) {\n        for (final io.github.classgraph.AnnotationParameterValue apv : annotationParamDefaultValues) {\n            extendScanningUpwardsFromAnnotationParameterValues(apv.getValue(), log);\n        }\n    }\n    if ((methodInfoList) !\u003d null) {\n        for (final io.github.classgraph.MethodInfo methodInfo : methodInfoList) {\n            if ((methodInfo.annotationInfo) !\u003d null) {\n                for (final io.github.classgraph.AnnotationInfo methodAnnotationInfo : methodInfo.annotationInfo) {\n                    scheduleScanningIfExternalClass(methodAnnotationInfo.getName(), \"method annotation\", log);\n                    extendScanningUpwardsFromAnnotationParameterValues(methodAnnotationInfo, log);\n                }\n                if (((methodInfo.parameterAnnotationInfo) !\u003d null) \u0026\u0026 ((methodInfo.parameterAnnotationInfo.length) \u003e 0)) {\n                    for (final io.github.classgraph.AnnotationInfo[] paramAnnInfoArr : methodInfo.parameterAnnotationInfo) {\n                        if ((paramAnnInfoArr !\u003d null) \u0026\u0026 ((paramAnnInfoArr.length) \u003e 0)) {\n                            for (final io.github.classgraph.AnnotationInfo paramAnnInfo : paramAnnInfoArr) {\n                                scheduleScanningIfExternalClass(paramAnnInfo.getName(), \"method parameter annotation\", log);\n                                extendScanningUpwardsFromAnnotationParameterValues(paramAnnInfo, log);\n                            }\n                        }\n                    }\n                }\n            }\n        }\n    }\n    if ((fieldInfoList) !\u003d null) {\n        for (final io.github.classgraph.FieldInfo fieldInfo : fieldInfoList) {\n            if ((fieldInfo.annotationInfo) !\u003d null) {\n                for (final io.github.classgraph.AnnotationInfo fieldAnnotationInfo : fieldInfo.annotationInfo) {\n                    scheduleScanningIfExternalClass(fieldAnnotationInfo.getName(), \"field annotation\", log);\n                    extendScanningUpwardsFromAnnotationParameterValues(fieldAnnotationInfo, log);\n                }\n            }\n        }\n    }\n    if ((classContainmentEntries) !\u003d null) {\n        for (final io.github.classgraph.Classfile.ClassContainment classContainmentEntry : classContainmentEntries) {\n            if (classContainmentEntry.innerClassName.equals(className)) {\n                scheduleScanningIfExternalClass(classContainmentEntry.outerClassName, \"outer class\", log);\n            }\n        }\n    }\n}",
                "dst_parent": "null"
              },
              "line": 387,
              "file": "/home/khesoem/projects/lighter/exp/src/main/java/io/github/classgraph/Classfile.java",
              "stats": {
                "number_of_src_entities": 61,
                "number_of_dst_entities": -1,
                "src_entity_types": "[io.github.classgraph.Classfile, io.github.classgraph.AnnotationParameterValue, nonapi.io.github.classgraph.utils.LogNode, \u003cnulltype\u003e]",
                "dst_entity_types": "[]"
              }
            },
            {
              "pattern_action": "INS",
              "pattern_entity": {
                "entity_type": "*",
                "entity_new value": "null",
                "entity_role": "*",
                "entity_parent": {
                  "entity_type": "BinaryOperator",
                  "entity_new value": "*",
                  "entity_role": "condition",
                  "entity_parent": {
                    "entity_type": "If",
                    "entity_new value": "*",
                    "entity_role": "*",
                    "entity_parent": "null"
                  }
                }
              },
              "concrete_change": {
                "operator": "INS",
                "src_type": "Literal",
                "dst_type": "null",
                "src": "null",
                "dst": "null",
                "src_parent_type": "BinaryOperator",
                "dst_parent_type": "null",
                "src_parent": "(annotationParamDefaultValues) !\u003d null",
                "dst_parent": "null"
              },
              "line": 387,
              "file": "/home/khesoem/projects/lighter/exp/src/main/java/io/github/classgraph/Classfile.java"
            },
            {
              "pattern_action": "MOV",
              "pattern_entity": {
                "entity_type": "Statement",
                "entity_new value": "*",
                "entity_role": "*",
                "entity_parent": "null"
              },
              "concrete_change": {
                "operator": "MOV",
                "src_type": "LocalVariable",
                "dst_type": "LocalVariable",
                "src": "final io.github.classgraph.AnnotationInfo paramAnn",
                "dst": "final io.github.classgraph.AnnotationParameterValue apv",
                "src_parent_type": "ForEach",
                "dst_parent_type": "ForEach",
                "src_parent": "for (final io.github.classgraph.AnnotationInfo paramAnn : paramAnns) {\n    scheduleScanningIfExternalClass(paramAnn.getName(), \"method parameter annotation\", log);\n}",
                "dst_parent": "for (final io.github.classgraph.AnnotationParameterValue apv : annotationParamDefaultValues) {\n    extendScanningUpwardsFromAnnotationParameterValues(apv.getValue(), log);\n}"
              },
              "line": 362,
              "file": "/home/khesoem/projects/lighter/exp/src/main/java/io/github/classgraph/Classfile.java",
              "stats": {
                "number_of_src_entities": 3,
                "number_of_dst_entities": 3,
                "src_entity_types": "[io.github.classgraph.AnnotationInfo]",
                "dst_entity_types": "[io.github.classgraph.AnnotationParameterValue]"
              }
            }
          ]
        },
        {
          "tool-name": "Elixir",
          "pattern-name": "Elixir:check_length",
          "Unified_Diff_of-files:": "Starts Below...",
          "INSERT:": "        }",
          "CHANGE_old:": "",
          "CHANGE_new:": "                                        : annotationClassInfo.getName()));",
          "instance_detail": [
            {
              "pattern_action": "MOV",
              "pattern_entity": {
                "entity_type": "Statement",
                "entity_new value": "*",
                "entity_role": "*",
                "entity_parent": "null"
              },
              "concrete_change": {
                "operator": "MOV",
                "src_type": "LocalVariable",
                "dst_type": "LocalVariable",
                "src": "final io.github.classgraph.AnnotationInfo paramAnn",
                "dst": "final io.github.classgraph.AnnotationParameterValue apv",
                "src_parent_type": "ForEach",
                "dst_parent_type": "ForEach",
                "src_parent": "for (final io.github.classgraph.AnnotationInfo paramAnn : paramAnns) {\n    scheduleScanningIfExternalClass(paramAnn.getName(), \"method parameter annotation\", log);\n}",
                "dst_parent": "for (final io.github.classgraph.AnnotationParameterValue apv : annotationParamDefaultValues) {\n    extendScanningUpwardsFromAnnotationParameterValues(apv.getValue(), log);\n}"
              },
              "line": 362,
              "file": "/home/khesoem/projects/lighter/exp/src/main/java/io/github/classgraph/Classfile.java",
              "stats": {
                "number_of_src_entities": 3,
                "number_of_dst_entities": 3,
                "src_entity_types": "[io.github.classgraph.AnnotationInfo]",
                "dst_entity_types": "[io.github.classgraph.AnnotationParameterValue]"
              }
            },
            {
              "pattern_action": "INS",
              "pattern_entity": {
                "entity_type": "If",
                "entity_new value": "*",
                "entity_role": "*",
                "entity_parent": "null"
              },
              "concrete_change": {
                "operator": "INS",
                "src_type": "If",
                "dst_type": "null",
                "src": "if ((annotationParamDefaultValues) !\u003d null) {\n    for (final io.github.classgraph.AnnotationParameterValue apv : annotationParamDefaultValues) {\n        extendScanningUpwardsFromAnnotationParameterValues(apv.getValue(), log);\n    }\n}",
                "dst": "null",
                "src_parent_type": "Block",
                "dst_parent_type": "null",
                "src_parent": "{\n    if ((superclassName) !\u003d null) {\n        scheduleScanningIfExternalClass(superclassName, \"superclass\", log);\n    }\n    if ((implementedInterfaces) !\u003d null) {\n        for (final java.lang.String interfaceName : implementedInterfaces) {\n            scheduleScanningIfExternalClass(interfaceName, \"interface\", log);\n        }\n    }\n    if ((classAnnotations) !\u003d null) {\n        for (final io.github.classgraph.AnnotationInfo annotationInfo : classAnnotations) {\n            scheduleScanningIfExternalClass(annotationInfo.getName(), \"class annotation\", log);\n            extendScanningUpwardsFromAnnotationParameterValues(annotationInfo, log);\n        }\n    }\n    if ((annotationParamDefaultValues) !\u003d null) {\n        for (final io.github.classgraph.AnnotationParameterValue apv : annotationParamDefaultValues) {\n            extendScanningUpwardsFromAnnotationParameterValues(apv.getValue(), log);\n        }\n    }\n    if ((methodInfoList) !\u003d null) {\n        for (final io.github.classgraph.MethodInfo methodInfo : methodInfoList) {\n            if ((methodInfo.annotationInfo) !\u003d null) {\n                for (final io.github.classgraph.AnnotationInfo methodAnnotationInfo : methodInfo.annotationInfo) {\n                    scheduleScanningIfExternalClass(methodAnnotationInfo.getName(), \"method annotation\", log);\n                    extendScanningUpwardsFromAnnotationParameterValues(methodAnnotationInfo, log);\n                }\n                if (((methodInfo.parameterAnnotationInfo) !\u003d null) \u0026\u0026 ((methodInfo.parameterAnnotationInfo.length) \u003e 0)) {\n                    for (final io.github.classgraph.AnnotationInfo[] paramAnnInfoArr : methodInfo.parameterAnnotationInfo) {\n                        if ((paramAnnInfoArr !\u003d null) \u0026\u0026 ((paramAnnInfoArr.length) \u003e 0)) {\n                            for (final io.github.classgraph.AnnotationInfo paramAnnInfo : paramAnnInfoArr) {\n                                scheduleScanningIfExternalClass(paramAnnInfo.getName(), \"method parameter annotation\", log);\n                                extendScanningUpwardsFromAnnotationParameterValues(paramAnnInfo, log);\n                            }\n                        }\n                    }\n                }\n            }\n        }\n    }\n    if ((fieldInfoList) !\u003d null) {\n        for (final io.github.classgraph.FieldInfo fieldInfo : fieldInfoList) {\n            if ((fieldInfo.annotationInfo) !\u003d null) {\n                for (final io.github.classgraph.AnnotationInfo fieldAnnotationInfo : fieldInfo.annotationInfo) {\n                    scheduleScanningIfExternalClass(fieldAnnotationInfo.getName(), \"field annotation\", log);\n                    extendScanningUpwardsFromAnnotationParameterValues(fieldAnnotationInfo, log);\n                }\n            }\n        }\n    }\n    if ((classContainmentEntries) !\u003d null) {\n        for (final io.github.classgraph.Classfile.ClassContainment classContainmentEntry : classContainmentEntries) {\n            if (classContainmentEntry.innerClassName.equals(className)) {\n                scheduleScanningIfExternalClass(classContainmentEntry.outerClassName, \"outer class\", log);\n            }\n        }\n    }\n}",
                "dst_parent": "null"
              },
              "line": 387,
              "file": "/home/khesoem/projects/lighter/exp/src/main/java/io/github/classgraph/Classfile.java",
              "stats": {
                "number_of_src_entities": 61,
                "number_of_dst_entities": -1,
                "src_entity_types": "[io.github.classgraph.Classfile, io.github.classgraph.AnnotationParameterValue, nonapi.io.github.classgraph.utils.LogNode, \u003cnulltype\u003e]",
                "dst_entity_types": "[]"
              }
            }
          ]
        },
        {
          "tool-name": "Elixir",
          "pattern-name": "Elixir:update_invocation_deep",
          "Unified_Diff_of-files:": "Starts Below...",
          "INSERT:": "        }",
          "CHANGE_old:": "",
          "CHANGE_new:": "                                        : annotationClassInfo.getName()));",
          "instance_detail": [
            {
              "pattern_action": "ANY",
              "pattern_entity": {
                "entity_type": "*",
                "entity_new value": "*",
                "entity_role": "*",
                "entity_parent": {
                  "entity_type": "AbstractInvocation",
                  "entity_new value": "*",
                  "entity_role": "*",
                  "entity_parent": "null"
                }
              },
              "concrete_change": {
                "operator": "UPD",
                "src_type": "VariableRead",
                "dst_type": "VariableRead",
                "src": "paramAnn",
                "dst": "paramAnnInfo",
                "src_parent_type": "Invocation",
                "dst_parent_type": "Invocation",
                "src_parent": "paramAnn.getName()",
                "dst_parent": "paramAnnInfo.getName()"
              },
              "line": 363,
              "file": "/home/khesoem/projects/lighter/exp/src/main/java/io/github/classgraph/Classfile.java",
              "stats": {
                "number_of_src_entities": 4,
                "number_of_dst_entities": 4,
                "src_entity_types": "[io.github.classgraph.AnnotationInfo]",
                "dst_entity_types": "[io.github.classgraph.AnnotationInfo]"
              }
            }
          ]
        }
      ]
    }
  ],
  "complete_analysis": true
}