{
  "instances": [
    {
      "revision": "21769559ec2cbd4b5b430b78a7fdcf4b97325735",
      "repairability": [
        {
          "tool-name": "Elixir",
          "pattern-name": "Elixir:update_invocation_deep",
          "Unified_Diff_of-files:": "Starts Below...",
          "CHANGE_old:": "                                \u0026\u0026 outerClassName.equals(\"java.lang.invoke.MethodHandles\"))) {",
          "CHANGE_new:": "                                \u0026\u0026 \"java.lang.invoke.MethodHandles\".equals(outerClassName))) {",
          "instance_detail": [
            {
              "pattern_action": "ANY",
              "pattern_entity": {
                "entity_type": "*",
                "entity_new value": "*",
                "entity_role": "*",
                "entity_parent": {
                  "entity_type": "AbstractInvocation",
                  "entity_new value": "*",
                  "entity_role": "*",
                  "entity_parent": "null"
                }
              },
              "concrete_change": {
                "operator": "INS",
                "src_type": "Literal",
                "dst_type": "null",
                "src": "\"java.lang.invoke.MethodHandles$Lookup\"",
                "dst": "null",
                "src_parent_type": "Invocation",
                "dst_parent_type": "null",
                "src_parent": "(\"java.lang.invoke.MethodHandles$Lookup\".equals(innerClassName))",
                "dst_parent": "null"
              },
              "line": 1524,
              "file": "/home/khesoem/projects/lighter/exp/src/main/java/io/github/classgraph/Classfile.java",
              "stats": {
                "number_of_src_entities": 3,
                "number_of_dst_entities": -1,
                "src_entity_types": "[java.lang.String]",
                "dst_entity_types": "[]"
              }
            }
          ]
        },
        {
          "tool-name": "Elixir",
          "pattern-name": "Elixir:update_invocation_deep",
          "Unified_Diff_of-files:": "Starts Below...",
          "CHANGE_old:": "                                \u0026\u0026 outerClassName.equals(\"java.lang.invoke.MethodHandles\"))) {",
          "CHANGE_new:": "                                \u0026\u0026 \"java.lang.invoke.MethodHandles\".equals(outerClassName))) {",
          "instance_detail": [
            {
              "pattern_action": "ANY",
              "pattern_entity": {
                "entity_type": "*",
                "entity_new value": "*",
                "entity_role": "*",
                "entity_parent": {
                  "entity_type": "AbstractInvocation",
                  "entity_new value": "*",
                  "entity_role": "*",
                  "entity_parent": "null"
                }
              },
              "concrete_change": {
                "operator": "INS",
                "src_type": "Literal",
                "dst_type": "null",
                "src": "\"java.lang.invoke.MethodHandles\"",
                "dst": "null",
                "src_parent_type": "Invocation",
                "dst_parent_type": "null",
                "src_parent": "(\"java.lang.invoke.MethodHandles\".equals(outerClassName))",
                "dst_parent": "null"
              },
              "line": 1525,
              "file": "/home/khesoem/projects/lighter/exp/src/main/java/io/github/classgraph/Classfile.java",
              "stats": {
                "number_of_src_entities": 3,
                "number_of_dst_entities": -1,
                "src_entity_types": "[java.lang.String]",
                "dst_entity_types": "[]"
              }
            }
          ]
        }
      ]
    }
  ],
  "complete_analysis": true
}