{
  "instances": [
    {
      "revision": "913761a8a3beeeb8b7b0cef25a1b1b03c9025a59",
      "repairability": [
        {
          "tool-name": "JGenProg",
          "pattern-name": "JGenProg:any_statement_shallow",
          "Unified_Diff_of-files:": "Starts Below...",
          "CHANGE_old:": "    boolean providerRequired \u003d true;",
          "CHANGE_new:": "    boolean providerRequired \u003d false;",
          "DELETE:": "    ",
          "INSERT:": "                System.out.println(\"the location widget initial value \" + encounterTypeWidget.getClass() + \" actual value \" + encounterType);",
          "instance_detail": [
            {
              "pattern_action": "ANY",
              "pattern_entity": {
                "entity_type": "*",
                "entity_new value": "*",
                "entity_role": "Statement",
                "entity_parent": "null"
              },
              "concrete_change": {
                "operator": "INS",
                "src_type": "Throw",
                "dst_type": "null",
                "src": "throw new java.lang.Exception(\"required\")",
                "dst": "null",
                "src_parent_type": "Block",
                "dst_parent_type": "null",
                "src_parent": "{\n    throw new java.lang.Exception(\"required\");\n}",
                "dst_parent": "null"
              },
              "line": 711,
              "file": "/home/khesoem/projects/lighter/exp/api/src/main/java/org/openmrs/module/htmlformentry/element/EncounterDetailSubmissionElement.java",
              "stats": {
                "number_of_src_entities": 12,
                "number_of_dst_entities": -1,
                "src_entity_types": "[java.lang.Exception, java.lang.String]",
                "dst_entity_types": "[]"
              }
            }
          ]
        }
      ]
    }
  ],
  "complete_analysis": true
}