{
  "instances": [
    {
      "revision": "34310723f18c63c138ab2e11ba7820af5699c204",
      "repairability": [
        {
          "tool-name": "Nopol",
          "pattern-name": "Nopol:if_condition_ins_shallow",
          "Unified_Diff_of-files:": "Starts Below...",
          "DELETE:": "    }",
          "CHANGE_old:": "      maybeOriginalService \u003d stateDatastore.getService(request.getReplaceServiceId().get());",
          "CHANGE_new:": "",
          "instance_detail": [
            {
              "pattern_action": "MOV",
              "pattern_entity": {
                "entity_type": "*",
                "entity_new value": "*",
                "entity_role": "Then",
                "entity_parent": {
                  "entity_type": "If",
                  "entity_new value": "*",
                  "entity_role": "*",
                  "entity_parent": "null"
                }
              },
              "concrete_change": {
                "operator": "MOV",
                "src_type": "Block",
                "dst_type": "Block",
                "src": "{\n    loadBalancerServiceIds.put(loadBalancerGroup, maybeServiceIdForPath.get());\n    continue;\n}",
                "dst": "{\n    loadBalancerServiceIds.put(loadBalancerGroup, maybeServiceIdForPath.get());\n    continue;\n}",
                "src_parent_type": "If",
                "dst_parent_type": "If",
                "src_parent": "if ((!(request.getReplaceServiceId().isPresent())) || ((request.getReplaceServiceId().isPresent()) \u0026\u0026 (!(request.getReplaceServiceId().get().equals(maybeServiceIdForPath.get()))))) {\n    loadBalancerServiceIds.put(loadBalancerGroup, maybeServiceIdForPath.get());\n    continue;\n}",
                "dst_parent": "if ((maybeServiceIdForPath.isPresent()) \u0026\u0026 (!(maybeServiceIdForPath.get().equals(service.getServiceId())))) {\n    loadBalancerServiceIds.put(loadBalancerGroup, maybeServiceIdForPath.get());\n    continue;\n}"
              },
              "line": 157,
              "file": "/home/khesoem/projects/lighter/exp/BaragonService/src/main/java/com/hubspot/baragon/service/managers/RequestManager.java",
              "stats": {
                "number_of_src_entities": 36,
                "number_of_dst_entities": 36,
                "src_entity_types": "[com.google.common.base.Optional\u003cjava.lang.String\u003e, com.google.common.base.Optional, java.lang.String, java.util.Map\u003cjava.lang.String, java.lang.String\u003e, java.util.Map]",
                "dst_entity_types": "[com.google.common.base.Optional\u003cjava.lang.String\u003e, com.google.common.base.Optional, java.lang.String, java.util.Map\u003cjava.lang.String, java.lang.String\u003e, java.util.Map]"
              }
            },
            {
              "pattern_action": "INS",
              "pattern_entity": {
                "entity_type": "If",
                "entity_new value": "*",
                "entity_role": "*",
                "entity_parent": "null"
              },
              "concrete_change": {
                "operator": "INS",
                "src_type": "If",
                "dst_type": "null",
                "src": "if ((maybeServiceIdForPath.isPresent()) \u0026\u0026 (!(maybeServiceIdForPath.get().equals(service.getServiceId())))) {\n    loadBalancerServiceIds.put(loadBalancerGroup, maybeServiceIdForPath.get());\n    continue;\n}",
                "dst": "null",
                "src_parent_type": "Block",
                "dst_parent_type": "null",
                "src_parent": "{\n    final com.google.common.base.Optional\u003cjava.lang.String\u003e maybeServiceIdForPath \u003d loadBalancerDatastore.getBasePathServiceId(loadBalancerGroup, path);\n    if ((maybeServiceIdForPath.isPresent()) \u0026\u0026 (!(maybeServiceIdForPath.get().equals(service.getServiceId())))) {\n        loadBalancerServiceIds.put(loadBalancerGroup, maybeServiceIdForPath.get());\n        continue;\n    }\n    if (!(path.startsWith(\"/\"))) {\n        if (((maybeGroup.isPresent()) \u0026\u0026 (maybeGroup.get().getDefaultDomain().isPresent())) \u0026\u0026 (path.startsWith(maybeGroup.get().getDefaultDomain().get()))) {\n            com.google.common.base.Optional\u003cjava.lang.String\u003e maybeServiceForDefaultDomainPath \u003d loadBalancerDatastore.getBasePathServiceId(loadBalancerGroup, path.replace(maybeGroup.get().getDefaultDomain().get(), \"\"));\n            if ((maybeServiceForDefaultDomainPath.isPresent()) \u0026\u0026 (!(maybeServiceForDefaultDomainPath.get().equals(service.getServiceId())))) {\n                loadBalancerServiceIds.put(loadBalancerGroup, maybeServiceForDefaultDomainPath.get());\n            }\n        }\n    }\n}",
                "dst_parent": "null"
              },
              "line": 156,
              "file": "/home/khesoem/projects/lighter/exp/BaragonService/src/main/java/com/hubspot/baragon/service/managers/RequestManager.java",
              "stats": {
                "number_of_src_entities": 77,
                "number_of_dst_entities": -1,
                "src_entity_types": "[com.hubspot.baragon.models.BaragonService, com.google.common.base.Optional\u003cjava.lang.String\u003e, com.google.common.base.Optional, java.lang.String, java.util.Map\u003cjava.lang.String, java.lang.String\u003e, java.util.Map]",
                "dst_entity_types": "[]"
              }
            }
          ]
        },
        {
          "tool-name": "Nopol",
          "pattern-name": "Nopol:if_condition_upd_deep",
          "Unified_Diff_of-files:": "Starts Below...",
          "DELETE:": "    }",
          "CHANGE_old:": "      maybeOriginalService \u003d stateDatastore.getService(request.getReplaceServiceId().get());",
          "CHANGE_new:": "",
          "instance_detail": [
            {
              "pattern_action": "ANY",
              "pattern_entity": {
                "entity_type": "*",
                "entity_new value": "*",
                "entity_role": "*",
                "entity_parent": {
                  "entity_type": "*",
                  "entity_new value": "*",
                  "entity_role": "condition",
                  "entity_parent": {
                    "entity_type": "If",
                    "entity_new value": "*",
                    "entity_role": "*",
                    "entity_parent": "null"
                  }
                }
              },
              "concrete_change": {
                "operator": "DEL",
                "src_type": "VariableRead",
                "dst_type": "null",
                "src": "request",
                "dst": "null",
                "src_parent_type": "Invocation",
                "dst_parent_type": "null",
                "src_parent": "request.getReplaceServiceId()",
                "dst_parent": "null"
              },
              "line": 166,
              "file": "/home/khesoem/projects/lighter/exp/BaragonService/src/main/java/com/hubspot/baragon/service/managers/RequestManager.java"
            }
          ]
        }
      ]
    }
  ],
  "complete_analysis": true
}