{
  "instances": [
    {
      "revision": "684bb9d92561f22bf671576cea8a616e865bac62",
      "repairability": [
        {
          "tool-name": "Cardumen",
          "pattern-name": "Cardumen:expression_replacement_by_upd",
          "Unified_Diff_of-files:": "Starts Below...",
          "CHANGE_old:": "            description.addProperty(\"patientProgram\", Representation.FULL);",
          "CHANGE_new:": "            description.addProperty(\"patientProgram\", Representation.DEFAULT);",
          "DELETE:": "            description.addProperty(\"patientProgram\", Representation.REF);",
          "INSERT:": "            description.addProperty(\"auditInfo\", findMethod(\"getAuditInfo\"));",
          "instance_detail": [
            {
              "pattern_action": "UPD",
              "pattern_entity": {
                "entity_type": "Expression",
                "entity_new value": "*",
                "entity_role": "*",
                "entity_parent": "null"
              },
              "concrete_change": {
                "operator": "UPD",
                "src_type": "TypeAccess",
                "dst_type": "TypeAccess",
                "src": "Representation.FULL",
                "dst": "org.openmrs.module.webservices.rest.web.v1_0.resource.openmrs1_8.PatientStateResource1_8",
                "src_parent_type": "Invocation",
                "dst_parent_type": "ThisAccess",
                "src_parent": "description.addProperty(\"patientProgram\", Representation.FULL)",
                "dst_parent": ""
              },
              "line": 151,
              "file": "/home/khesoem/projects/lighter/exp/omod-1.8/src/main/java/org/openmrs/module/webservices/rest/web/v1_0/resource/openmrs1_8/PatientStateResource1_8.java",
              "stats": {
                "number_of_src_entities": 3,
                "number_of_dst_entities": 3,
                "src_entity_types": "[Representation.FULL]",
                "dst_entity_types": "[org.openmrs.module.webservices.rest.web.v1_0.resource.openmrs1_8.PatientStateResource1_8]"
              }
            }
          ]
        }
      ]
    }
  ],
  "complete_analysis": true
}