{
  "instances": [
    {
      "revision": "241be41f0c239618154a7c71d63c67bb94d5fa63",
      "repairability": [
        {
          "tool-name": "Cardumen",
          "pattern-name": "Cardumen:expression_replacement_by_upd",
          "Unified_Diff_of-files:": "Starts Below...",
          "INSERT:": "                .setAccessionNumber(accessionNumber)",
          "instance_detail": [
            {
              "pattern_action": "UPD",
              "pattern_entity": {
                "entity_type": "Expression",
                "entity_new value": "*",
                "entity_role": "*",
                "entity_parent": "null"
              },
              "concrete_change": {
                "operator": "UPD",
                "src_type": "VariableRead",
                "dst_type": "VariableRead",
                "src": "includeVoided",
                "dst": "excludeDiscontinueOrders",
                "src_parent_type": "Invocation",
                "dst_parent_type": "Invocation",
                "src_parent": "builder.setPatient(patient).setCareSetting(careSetting).setConcepts(concepts).setOrderTypes(orderTypes).setActivatedOnOrBeforeDate(activatedOnOrBeforeDate).setActivatedOnOrAfterDate(activatedOnOrAfterDate).setIsStopped(isStopped).setAutoExpireOnOrBeforeDate(autoExpireOnOrBeforeDate).setCanceledOrExpiredOnOrBeforeDate(canceledOrExpiredOnOrBeforeDate).setAction(action).setFulfillerStatus(fulfillerStatus).setIncludeNullFulfillerStatus(includeNullFulfillerStatus).setExcludeDiscontinueOrders(excludeDiscontinueOrders).setExcludeCanceledAndExpired(excludeCanceledAndExpired).setIncludeVoided(includeVoided)",
                "dst_parent": "builder.setPatient(patient).setCareSetting(careSetting).setConcepts(concepts).setOrderTypes(orderTypes).setOrderNumber(orderNumber).setAccessionNumber(accessionNumber).setActivatedOnOrBeforeDate(activatedOnOrBeforeDate).setActivatedOnOrAfterDate(activatedOnOrAfterDate).setIsStopped(isStopped).setAutoExpireOnOrBeforeDate(autoExpireOnOrBeforeDate).setCanceledOrExpiredOnOrBeforeDate(canceledOrExpiredOnOrBeforeDate).setAction(action).setFulfillerStatus(fulfillerStatus).setIncludeNullFulfillerStatus(includeNullFulfillerStatus).setExcludeDiscontinueOrders(excludeDiscontinueOrders)"
              },
              "line": 232,
              "file": "/home/khesoem/projects/lighter/exp/omod-2.3/src/main/java/org/openmrs/module/webservices/rest/web/v1_0/search/openmrs2_3/OrderSearchHandler2_3.java",
              "stats": {
                "number_of_src_entities": 3,
                "number_of_dst_entities": 3,
                "src_entity_types": "[boolean]",
                "dst_entity_types": "[boolean]"
              }
            }
          ]
        },
        {
          "tool-name": "Cardumen",
          "pattern-name": "Cardumen:expression_replacement_by_upd",
          "Unified_Diff_of-files:": "Starts Below...",
          "INSERT:": "                .setAccessionNumber(accessionNumber)",
          "instance_detail": [
            {
              "pattern_action": "UPD",
              "pattern_entity": {
                "entity_type": "Expression",
                "entity_new value": "*",
                "entity_role": "*",
                "entity_parent": "null"
              },
              "concrete_change": {
                "operator": "UPD",
                "src_type": "VariableRead",
                "dst_type": "VariableRead",
                "src": "excludeCanceledAndExpired",
                "dst": "includeNullFulfillerStatus",
                "src_parent_type": "Invocation",
                "dst_parent_type": "Invocation",
                "src_parent": "builder.setPatient(patient).setCareSetting(careSetting).setConcepts(concepts).setOrderTypes(orderTypes).setActivatedOnOrBeforeDate(activatedOnOrBeforeDate).setActivatedOnOrAfterDate(activatedOnOrAfterDate).setIsStopped(isStopped).setAutoExpireOnOrBeforeDate(autoExpireOnOrBeforeDate).setCanceledOrExpiredOnOrBeforeDate(canceledOrExpiredOnOrBeforeDate).setAction(action).setFulfillerStatus(fulfillerStatus).setIncludeNullFulfillerStatus(includeNullFulfillerStatus).setExcludeDiscontinueOrders(excludeDiscontinueOrders).setExcludeCanceledAndExpired(excludeCanceledAndExpired)",
                "dst_parent": "builder.setPatient(patient).setCareSetting(careSetting).setConcepts(concepts).setOrderTypes(orderTypes).setOrderNumber(orderNumber).setAccessionNumber(accessionNumber).setActivatedOnOrBeforeDate(activatedOnOrBeforeDate).setActivatedOnOrAfterDate(activatedOnOrAfterDate).setIsStopped(isStopped).setAutoExpireOnOrBeforeDate(autoExpireOnOrBeforeDate).setCanceledOrExpiredOnOrBeforeDate(canceledOrExpiredOnOrBeforeDate).setAction(action).setFulfillerStatus(fulfillerStatus).setIncludeNullFulfillerStatus(includeNullFulfillerStatus)"
              },
              "line": 231,
              "file": "/home/khesoem/projects/lighter/exp/omod-2.3/src/main/java/org/openmrs/module/webservices/rest/web/v1_0/search/openmrs2_3/OrderSearchHandler2_3.java",
              "stats": {
                "number_of_src_entities": 3,
                "number_of_dst_entities": 4,
                "src_entity_types": "[boolean]",
                "dst_entity_types": "[java.lang.Boolean]"
              }
            }
          ]
        },
        {
          "tool-name": "Cardumen",
          "pattern-name": "Cardumen:expression_replacement_by_upd",
          "Unified_Diff_of-files:": "Starts Below...",
          "INSERT:": "                .setAccessionNumber(accessionNumber)",
          "instance_detail": [
            {
              "pattern_action": "UPD",
              "pattern_entity": {
                "entity_type": "Expression",
                "entity_new value": "*",
                "entity_role": "*",
                "entity_parent": "null"
              },
              "concrete_change": {
                "operator": "UPD",
                "src_type": "VariableRead",
                "dst_type": "VariableRead",
                "src": "excludeDiscontinueOrders",
                "dst": "fulfillerStatus",
                "src_parent_type": "Invocation",
                "dst_parent_type": "Invocation",
                "src_parent": "builder.setPatient(patient).setCareSetting(careSetting).setConcepts(concepts).setOrderTypes(orderTypes).setActivatedOnOrBeforeDate(activatedOnOrBeforeDate).setActivatedOnOrAfterDate(activatedOnOrAfterDate).setIsStopped(isStopped).setAutoExpireOnOrBeforeDate(autoExpireOnOrBeforeDate).setCanceledOrExpiredOnOrBeforeDate(canceledOrExpiredOnOrBeforeDate).setAction(action).setFulfillerStatus(fulfillerStatus).setIncludeNullFulfillerStatus(includeNullFulfillerStatus).setExcludeDiscontinueOrders(excludeDiscontinueOrders)",
                "dst_parent": "builder.setPatient(patient).setCareSetting(careSetting).setConcepts(concepts).setOrderTypes(orderTypes).setOrderNumber(orderNumber).setAccessionNumber(accessionNumber).setActivatedOnOrBeforeDate(activatedOnOrBeforeDate).setActivatedOnOrAfterDate(activatedOnOrAfterDate).setIsStopped(isStopped).setAutoExpireOnOrBeforeDate(autoExpireOnOrBeforeDate).setCanceledOrExpiredOnOrBeforeDate(canceledOrExpiredOnOrBeforeDate).setAction(action).setFulfillerStatus(fulfillerStatus)"
              },
              "line": 230,
              "file": "/home/khesoem/projects/lighter/exp/omod-2.3/src/main/java/org/openmrs/module/webservices/rest/web/v1_0/search/openmrs2_3/OrderSearchHandler2_3.java",
              "stats": {
                "number_of_src_entities": 3,
                "number_of_dst_entities": 4,
                "src_entity_types": "[boolean]",
                "dst_entity_types": "[Order.FulfillerStatus]"
              }
            }
          ]
        },
        {
          "tool-name": "Cardumen",
          "pattern-name": "Cardumen:expression_replacement_by_upd",
          "Unified_Diff_of-files:": "Starts Below...",
          "INSERT:": "                .setAccessionNumber(accessionNumber)",
          "instance_detail": [
            {
              "pattern_action": "UPD",
              "pattern_entity": {
                "entity_type": "Expression",
                "entity_new value": "*",
                "entity_role": "*",
                "entity_parent": "null"
              },
              "concrete_change": {
                "operator": "UPD",
                "src_type": "VariableRead",
                "dst_type": "VariableRead",
                "src": "includeNullFulfillerStatus",
                "dst": "action",
                "src_parent_type": "Invocation",
                "dst_parent_type": "Invocation",
                "src_parent": "builder.setPatient(patient).setCareSetting(careSetting).setConcepts(concepts).setOrderTypes(orderTypes).setActivatedOnOrBeforeDate(activatedOnOrBeforeDate).setActivatedOnOrAfterDate(activatedOnOrAfterDate).setIsStopped(isStopped).setAutoExpireOnOrBeforeDate(autoExpireOnOrBeforeDate).setCanceledOrExpiredOnOrBeforeDate(canceledOrExpiredOnOrBeforeDate).setAction(action).setFulfillerStatus(fulfillerStatus).setIncludeNullFulfillerStatus(includeNullFulfillerStatus)",
                "dst_parent": "builder.setPatient(patient).setCareSetting(careSetting).setConcepts(concepts).setOrderTypes(orderTypes).setOrderNumber(orderNumber).setAccessionNumber(accessionNumber).setActivatedOnOrBeforeDate(activatedOnOrBeforeDate).setActivatedOnOrAfterDate(activatedOnOrAfterDate).setIsStopped(isStopped).setAutoExpireOnOrBeforeDate(autoExpireOnOrBeforeDate).setCanceledOrExpiredOnOrBeforeDate(canceledOrExpiredOnOrBeforeDate).setAction(action)"
              },
              "line": 229,
              "file": "/home/khesoem/projects/lighter/exp/omod-2.3/src/main/java/org/openmrs/module/webservices/rest/web/v1_0/search/openmrs2_3/OrderSearchHandler2_3.java",
              "stats": {
                "number_of_src_entities": 4,
                "number_of_dst_entities": 4,
                "src_entity_types": "[java.lang.Boolean]",
                "dst_entity_types": "[Order.Action]"
              }
            }
          ]
        },
        {
          "tool-name": "Cardumen",
          "pattern-name": "Cardumen:expression_replacement_by_upd",
          "Unified_Diff_of-files:": "Starts Below...",
          "INSERT:": "                .setAccessionNumber(accessionNumber)",
          "instance_detail": [
            {
              "pattern_action": "UPD",
              "pattern_entity": {
                "entity_type": "Expression",
                "entity_new value": "*",
                "entity_role": "*",
                "entity_parent": "null"
              },
              "concrete_change": {
                "operator": "UPD",
                "src_type": "VariableRead",
                "dst_type": "VariableRead",
                "src": "fulfillerStatus",
                "dst": "canceledOrExpiredOnOrBeforeDate",
                "src_parent_type": "Invocation",
                "dst_parent_type": "Invocation",
                "src_parent": "builder.setPatient(patient).setCareSetting(careSetting).setConcepts(concepts).setOrderTypes(orderTypes).setActivatedOnOrBeforeDate(activatedOnOrBeforeDate).setActivatedOnOrAfterDate(activatedOnOrAfterDate).setIsStopped(isStopped).setAutoExpireOnOrBeforeDate(autoExpireOnOrBeforeDate).setCanceledOrExpiredOnOrBeforeDate(canceledOrExpiredOnOrBeforeDate).setAction(action).setFulfillerStatus(fulfillerStatus)",
                "dst_parent": "builder.setPatient(patient).setCareSetting(careSetting).setConcepts(concepts).setOrderTypes(orderTypes).setOrderNumber(orderNumber).setAccessionNumber(accessionNumber).setActivatedOnOrBeforeDate(activatedOnOrBeforeDate).setActivatedOnOrAfterDate(activatedOnOrAfterDate).setIsStopped(isStopped).setAutoExpireOnOrBeforeDate(autoExpireOnOrBeforeDate).setCanceledOrExpiredOnOrBeforeDate(canceledOrExpiredOnOrBeforeDate)"
              },
              "line": 228,
              "file": "/home/khesoem/projects/lighter/exp/omod-2.3/src/main/java/org/openmrs/module/webservices/rest/web/v1_0/search/openmrs2_3/OrderSearchHandler2_3.java",
              "stats": {
                "number_of_src_entities": 4,
                "number_of_dst_entities": 4,
                "src_entity_types": "[Order.FulfillerStatus]",
                "dst_entity_types": "[java.util.Date]"
              }
            }
          ]
        },
        {
          "tool-name": "Cardumen",
          "pattern-name": "Cardumen:expression_replacement_by_upd",
          "Unified_Diff_of-files:": "Starts Below...",
          "INSERT:": "                .setAccessionNumber(accessionNumber)",
          "instance_detail": [
            {
              "pattern_action": "UPD",
              "pattern_entity": {
                "entity_type": "Expression",
                "entity_new value": "*",
                "entity_role": "*",
                "entity_parent": "null"
              },
              "concrete_change": {
                "operator": "UPD",
                "src_type": "VariableRead",
                "dst_type": "VariableRead",
                "src": "action",
                "dst": "autoExpireOnOrBeforeDate",
                "src_parent_type": "Invocation",
                "dst_parent_type": "Invocation",
                "src_parent": "builder.setPatient(patient).setCareSetting(careSetting).setConcepts(concepts).setOrderTypes(orderTypes).setActivatedOnOrBeforeDate(activatedOnOrBeforeDate).setActivatedOnOrAfterDate(activatedOnOrAfterDate).setIsStopped(isStopped).setAutoExpireOnOrBeforeDate(autoExpireOnOrBeforeDate).setCanceledOrExpiredOnOrBeforeDate(canceledOrExpiredOnOrBeforeDate).setAction(action)",
                "dst_parent": "builder.setPatient(patient).setCareSetting(careSetting).setConcepts(concepts).setOrderTypes(orderTypes).setOrderNumber(orderNumber).setAccessionNumber(accessionNumber).setActivatedOnOrBeforeDate(activatedOnOrBeforeDate).setActivatedOnOrAfterDate(activatedOnOrAfterDate).setIsStopped(isStopped).setAutoExpireOnOrBeforeDate(autoExpireOnOrBeforeDate)"
              },
              "line": 227,
              "file": "/home/khesoem/projects/lighter/exp/omod-2.3/src/main/java/org/openmrs/module/webservices/rest/web/v1_0/search/openmrs2_3/OrderSearchHandler2_3.java",
              "stats": {
                "number_of_src_entities": 4,
                "number_of_dst_entities": 4,
                "src_entity_types": "[Order.Action]",
                "dst_entity_types": "[java.util.Date]"
              }
            }
          ]
        },
        {
          "tool-name": "Cardumen",
          "pattern-name": "Cardumen:expression_replacement_by_upd",
          "Unified_Diff_of-files:": "Starts Below...",
          "INSERT:": "                .setAccessionNumber(accessionNumber)",
          "instance_detail": [
            {
              "pattern_action": "UPD",
              "pattern_entity": {
                "entity_type": "Expression",
                "entity_new value": "*",
                "entity_role": "*",
                "entity_parent": "null"
              },
              "concrete_change": {
                "operator": "UPD",
                "src_type": "VariableRead",
                "dst_type": "VariableRead",
                "src": "canceledOrExpiredOnOrBeforeDate",
                "dst": "isStopped",
                "src_parent_type": "Invocation",
                "dst_parent_type": "Invocation",
                "src_parent": "builder.setPatient(patient).setCareSetting(careSetting).setConcepts(concepts).setOrderTypes(orderTypes).setActivatedOnOrBeforeDate(activatedOnOrBeforeDate).setActivatedOnOrAfterDate(activatedOnOrAfterDate).setIsStopped(isStopped).setAutoExpireOnOrBeforeDate(autoExpireOnOrBeforeDate).setCanceledOrExpiredOnOrBeforeDate(canceledOrExpiredOnOrBeforeDate)",
                "dst_parent": "builder.setPatient(patient).setCareSetting(careSetting).setConcepts(concepts).setOrderTypes(orderTypes).setOrderNumber(orderNumber).setAccessionNumber(accessionNumber).setActivatedOnOrBeforeDate(activatedOnOrBeforeDate).setActivatedOnOrAfterDate(activatedOnOrAfterDate).setIsStopped(isStopped)"
              },
              "line": 226,
              "file": "/home/khesoem/projects/lighter/exp/omod-2.3/src/main/java/org/openmrs/module/webservices/rest/web/v1_0/search/openmrs2_3/OrderSearchHandler2_3.java",
              "stats": {
                "number_of_src_entities": 4,
                "number_of_dst_entities": 3,
                "src_entity_types": "[java.util.Date]",
                "dst_entity_types": "[boolean]"
              }
            }
          ]
        },
        {
          "tool-name": "Cardumen",
          "pattern-name": "Cardumen:expression_replacement_by_upd",
          "Unified_Diff_of-files:": "Starts Below...",
          "INSERT:": "                .setAccessionNumber(accessionNumber)",
          "instance_detail": [
            {
              "pattern_action": "UPD",
              "pattern_entity": {
                "entity_type": "Expression",
                "entity_new value": "*",
                "entity_role": "*",
                "entity_parent": "null"
              },
              "concrete_change": {
                "operator": "UPD",
                "src_type": "VariableRead",
                "dst_type": "VariableRead",
                "src": "autoExpireOnOrBeforeDate",
                "dst": "activatedOnOrAfterDate",
                "src_parent_type": "Invocation",
                "dst_parent_type": "Invocation",
                "src_parent": "builder.setPatient(patient).setCareSetting(careSetting).setConcepts(concepts).setOrderTypes(orderTypes).setActivatedOnOrBeforeDate(activatedOnOrBeforeDate).setActivatedOnOrAfterDate(activatedOnOrAfterDate).setIsStopped(isStopped).setAutoExpireOnOrBeforeDate(autoExpireOnOrBeforeDate)",
                "dst_parent": "builder.setPatient(patient).setCareSetting(careSetting).setConcepts(concepts).setOrderTypes(orderTypes).setOrderNumber(orderNumber).setAccessionNumber(accessionNumber).setActivatedOnOrBeforeDate(activatedOnOrBeforeDate).setActivatedOnOrAfterDate(activatedOnOrAfterDate)"
              },
              "line": 225,
              "file": "/home/khesoem/projects/lighter/exp/omod-2.3/src/main/java/org/openmrs/module/webservices/rest/web/v1_0/search/openmrs2_3/OrderSearchHandler2_3.java",
              "stats": {
                "number_of_src_entities": 4,
                "number_of_dst_entities": 4,
                "src_entity_types": "[java.util.Date]",
                "dst_entity_types": "[java.util.Date]"
              }
            }
          ]
        },
        {
          "tool-name": "Cardumen",
          "pattern-name": "Cardumen:expression_replacement_by_upd",
          "Unified_Diff_of-files:": "Starts Below...",
          "INSERT:": "                .setAccessionNumber(accessionNumber)",
          "instance_detail": [
            {
              "pattern_action": "UPD",
              "pattern_entity": {
                "entity_type": "Expression",
                "entity_new value": "*",
                "entity_role": "*",
                "entity_parent": "null"
              },
              "concrete_change": {
                "operator": "UPD",
                "src_type": "VariableRead",
                "dst_type": "VariableRead",
                "src": "isStopped",
                "dst": "activatedOnOrBeforeDate",
                "src_parent_type": "Invocation",
                "dst_parent_type": "Invocation",
                "src_parent": "builder.setPatient(patient).setCareSetting(careSetting).setConcepts(concepts).setOrderTypes(orderTypes).setActivatedOnOrBeforeDate(activatedOnOrBeforeDate).setActivatedOnOrAfterDate(activatedOnOrAfterDate).setIsStopped(isStopped)",
                "dst_parent": "builder.setPatient(patient).setCareSetting(careSetting).setConcepts(concepts).setOrderTypes(orderTypes).setOrderNumber(orderNumber).setAccessionNumber(accessionNumber).setActivatedOnOrBeforeDate(activatedOnOrBeforeDate)"
              },
              "line": 224,
              "file": "/home/khesoem/projects/lighter/exp/omod-2.3/src/main/java/org/openmrs/module/webservices/rest/web/v1_0/search/openmrs2_3/OrderSearchHandler2_3.java",
              "stats": {
                "number_of_src_entities": 3,
                "number_of_dst_entities": 4,
                "src_entity_types": "[boolean]",
                "dst_entity_types": "[java.util.Date]"
              }
            }
          ]
        }
      ]
    }
  ],
  "complete_analysis": true
}