{
  "instances": [
    {
      "revision": "88015fa681b3a44c40c579cdb2337c2f998eca92",
      "repairability": [
        {
          "tool-name": "JMutRepair",
          "pattern-name": "JMutRepair:binary_1",
          "Unified_Diff_of-files:": "Starts Below...",
          "INSERT:": "                }",
          "instance_detail": [
            {
              "pattern_action": "UPD",
              "pattern_entity": {
                "entity_type": "BinaryOperator",
                "entity_new value": "*",
                "entity_role": "*",
                "entity_parent": {
                  "entity_type": "If",
                  "entity_new value": "*",
                  "entity_role": "*",
                  "entity_parent": "null"
                }
              },
              "concrete_change": {
                "operator": "UPD",
                "src_type": "BinaryOperator",
                "dst_type": "BinaryOperator",
                "src": "l \u003c\u003d 4294967296L",
                "dst": "l \u003c 4294967296L",
                "src_parent_type": "If",
                "dst_parent_type": "If",
                "src_parent": "if (l \u003c\u003d 4294967296L) {\n    _writeIntMinimal(com.fasterxml.jackson.dataformat.cbor.PREFIX_TYPE_INT_POS, ((int) (l)));\n    return;\n}",
                "dst_parent": "if (l \u003c 4294967296L) {\n    _writeIntMinimal(com.fasterxml.jackson.dataformat.cbor.PREFIX_TYPE_INT_POS, ((int) (l)));\n    return;\n}"
              },
              "line": 752,
              "file": "/home/khesoem/projects/lighter/exp/cbor/src/main/java/com/fasterxml/jackson/dataformat/cbor/CBORGenerator.java",
              "stats": {
                "number_of_src_entities": 7,
                "number_of_dst_entities": 7,
                "src_entity_types": "[boolean, long]",
                "dst_entity_types": "[boolean, long]"
              }
            }
          ]
        },
        {
          "tool-name": "JMutRepair",
          "pattern-name": "JMutRepair:binary_1",
          "Unified_Diff_of-files:": "Starts Below...",
          "INSERT:": "                }",
          "instance_detail": [
            {
              "pattern_action": "UPD",
              "pattern_entity": {
                "entity_type": "BinaryOperator",
                "entity_new value": "*",
                "entity_role": "*",
                "entity_parent": {
                  "entity_type": "If",
                  "entity_new value": "*",
                  "entity_role": "*",
                  "entity_parent": "null"
                }
              },
              "concrete_change": {
                "operator": "UPD",
                "src_type": "BinaryOperator",
                "dst_type": "BinaryOperator",
                "src": "l \u003c\u003d 4294967296L",
                "dst": "l \u003c 4294967296L",
                "src_parent_type": "If",
                "dst_parent_type": "If",
                "src_parent": "if (l \u003c\u003d 4294967296L) {\n    _writeIntMinimal(com.fasterxml.jackson.dataformat.cbor.PREFIX_TYPE_INT_POS, ((int) (l)));\n    return;\n}",
                "dst_parent": "if (l \u003c 4294967296L) {\n    _writeIntMinimal(com.fasterxml.jackson.dataformat.cbor.PREFIX_TYPE_INT_POS, ((int) (l)));\n    return;\n}"
              },
              "line": 1021,
              "file": "/home/khesoem/projects/lighter/exp/cbor/src/main/java/com/fasterxml/jackson/dataformat/cbor/CBORGenerator.java",
              "stats": {
                "number_of_src_entities": 7,
                "number_of_dst_entities": 7,
                "src_entity_types": "[boolean, long]",
                "dst_entity_types": "[boolean, long]"
              }
            }
          ]
        }
      ]
    }
  ],
  "complete_analysis": true
}