{
  "instances": [
    {
      "revision": "c302e979b25ee50449cd440fa0953e79223168dd",
      "repairability": [
        {
          "tool-name": "Arja",
          "pattern-name": "Arja:arja_shallow_change",
          "Unified_Diff_of-files:": "Starts Below...",
          "INSERT:": "        // only try to access metadata if there are rows",
          "DELETE:": "          if (keysRS.next()) {",
          "instance_detail": [
            {
              "pattern_action": "ANY",
              "pattern_entity": {
                "entity_type": "Statement",
                "entity_new value": "*",
                "entity_role": "*",
                "entity_parent": "null"
              },
              "concrete_change": {
                "operator": "DEL",
                "src_type": "Block",
                "dst_type": "null",
                "src": "{\n    java.sql.ResultSetMetaData metaData \u003d keysRS.getMetaData();\n    if (metaData !\u003d null) {\n        int cols \u003d metaData.getColumnCount();\n        if (cols \u003e 0) {\n            java.util.List\u003cjava.lang.String\u003e keysColumnNames \u003d new java.util.ArrayList\u003c\u003e();\n            io.vertx.sqlclient.impl.RowDesc keysDesc \u003d new io.vertx.sqlclient.impl.RowDesc(keysColumnNames);\n            for (int i \u003d 1; i \u003c\u003d cols; i++) {\n                keysColumnNames.add(metaData.getColumnLabel(i));\n            }\n            if (keysRS.next()) {\n                keys \u003d new io.vertx.jdbcclient.impl.JDBCRow(keysDesc);\n                for (int i \u003d 1; i \u003c\u003d cols; i++) {\n                    java.lang.Object res \u003d io.vertx.jdbcclient.impl.actions.JDBCQueryAction.convertSqlValue(keysRS.getObject(i));\n                    keys.addValue(res);\n                }\n            }\n            response.returnedKeys(keys);\n        }\n    }\n}",
                "dst": "null",
                "src_parent_type": "If",
                "dst_parent_type": "null",
                "src_parent": "if (keysRS !\u003d null) {\n    java.sql.ResultSetMetaData metaData \u003d keysRS.getMetaData();\n    if (metaData !\u003d null) {\n        int cols \u003d metaData.getColumnCount();\n        if (cols \u003e 0) {\n            java.util.List\u003cjava.lang.String\u003e keysColumnNames \u003d new java.util.ArrayList\u003c\u003e();\n            io.vertx.sqlclient.impl.RowDesc keysDesc \u003d new io.vertx.sqlclient.impl.RowDesc(keysColumnNames);\n            for (int i \u003d 1; i \u003c\u003d cols; i++) {\n                keysColumnNames.add(metaData.getColumnLabel(i));\n            }\n            if (keysRS.next()) {\n                keys \u003d new io.vertx.jdbcclient.impl.JDBCRow(keysDesc);\n                for (int i \u003d 1; i \u003c\u003d cols; i++) {\n                    java.lang.Object res \u003d io.vertx.jdbcclient.impl.actions.JDBCQueryAction.convertSqlValue(keysRS.getObject(i));\n                    keys.addValue(res);\n                }\n            }\n            response.returnedKeys(keys);\n        }\n    }\n}",
                "dst_parent": "null"
              },
              "line": 183,
              "file": "/home/khesoem/projects/lighter/exp/src/main/java/io/vertx/jdbcclient/impl/actions/JDBCQueryAction.java"
            }
          ]
        },
        {
          "tool-name": "Arja",
          "pattern-name": "Arja:arja_shallow_change",
          "Unified_Diff_of-files:": "Starts Below...",
          "INSERT:": "        // only try to access metadata if there are rows",
          "DELETE:": "          if (keysRS.next()) {",
          "instance_detail": [
            {
              "pattern_action": "ANY",
              "pattern_entity": {
                "entity_type": "Statement",
                "entity_new value": "*",
                "entity_role": "*",
                "entity_parent": "null"
              },
              "concrete_change": {
                "operator": "DEL",
                "src_type": "If",
                "dst_type": "null",
                "src": "if (keysRS !\u003d null) {\n    java.sql.ResultSetMetaData metaData \u003d keysRS.getMetaData();\n    if (metaData !\u003d null) {\n        int cols \u003d metaData.getColumnCount();\n        if (cols \u003e 0) {\n            java.util.List\u003cjava.lang.String\u003e keysColumnNames \u003d new java.util.ArrayList\u003c\u003e();\n            io.vertx.sqlclient.impl.RowDesc keysDesc \u003d new io.vertx.sqlclient.impl.RowDesc(keysColumnNames);\n            for (int i \u003d 1; i \u003c\u003d cols; i++) {\n                keysColumnNames.add(metaData.getColumnLabel(i));\n            }\n            if (keysRS.next()) {\n                keys \u003d new io.vertx.jdbcclient.impl.JDBCRow(keysDesc);\n                for (int i \u003d 1; i \u003c\u003d cols; i++) {\n                    java.lang.Object res \u003d io.vertx.jdbcclient.impl.actions.JDBCQueryAction.convertSqlValue(keysRS.getObject(i));\n                    keys.addValue(res);\n                }\n            }\n            response.returnedKeys(keys);\n        }\n    }\n}",
                "dst": "null",
                "src_parent_type": "Block",
                "dst_parent_type": "null",
                "src_parent": "{\n    io.vertx.sqlclient.Row keys \u003d null;\n    java.sql.ResultSet keysRS \u003d statement.getGeneratedKeys();\n    if (keysRS !\u003d null) {\n        java.sql.ResultSetMetaData metaData \u003d keysRS.getMetaData();\n        if (metaData !\u003d null) {\n            int cols \u003d metaData.getColumnCount();\n            if (cols \u003e 0) {\n                java.util.List\u003cjava.lang.String\u003e keysColumnNames \u003d new java.util.ArrayList\u003c\u003e();\n                io.vertx.sqlclient.impl.RowDesc keysDesc \u003d new io.vertx.sqlclient.impl.RowDesc(keysColumnNames);\n                for (int i \u003d 1; i \u003c\u003d cols; i++) {\n                    keysColumnNames.add(metaData.getColumnLabel(i));\n                }\n                if (keysRS.next()) {\n                    keys \u003d new io.vertx.jdbcclient.impl.JDBCRow(keysDesc);\n                    for (int i \u003d 1; i \u003c\u003d cols; i++) {\n                        java.lang.Object res \u003d io.vertx.jdbcclient.impl.actions.JDBCQueryAction.convertSqlValue(keysRS.getObject(i));\n                        keys.addValue(res);\n                    }\n                }\n                response.returnedKeys(keys);\n            }\n        }\n    }\n}",
                "dst_parent": "null"
              },
              "line": 183,
              "file": "/home/khesoem/projects/lighter/exp/src/main/java/io/vertx/jdbcclient/impl/actions/JDBCQueryAction.java",
              "stats": {
                "number_of_src_entities": 234,
                "number_of_dst_entities": -1,
                "src_entity_types": "[java.lang.Object, java.util.ArrayList, java.lang.String, \u003cnulltype\u003e, java.sql.ResultSetMetaData, int, io.vertx.jdbcclient.impl.actions.JDBCQueryAction, boolean, io.vertx.sqlclient.impl.RowDesc, io.vertx.sqlclient.Row, java.sql.ResultSet, java.util.List\u003cjava.lang.String\u003e, java.util.List, io.vertx.jdbcclient.impl.actions.JDBCResponse\u003cR\u003e]",
                "dst_entity_types": "[]"
              }
            }
          ]
        }
      ]
    }
  ],
  "complete_analysis": true
}