{
  "instances": [
    {
      "revision": "5ffe4ef58716da4c6ea915b20f96b9a085c18503",
      "repairability": [
        {
          "tool-name": "Arja",
          "pattern-name": "Arja:arja_shallow_change",
          "Unified_Diff_of-files:": "Starts Below...",
          "INSERT:": "",
          "CHANGE_old:": "    super(vertx, connection, context);",
          "CHANGE_new:": "    super(vertx, connection, exec);",
          "instance_detail": [
            {
              "pattern_action": "ANY",
              "pattern_entity": {
                "entity_type": "Statement",
                "entity_new value": "*",
                "entity_role": "*",
                "entity_parent": "null"
              },
              "concrete_change": {
                "operator": "DEL",
                "src_type": "Invocation",
                "dst_type": "null",
                "src": "io.vertx.core.Future.future()",
                "dst": "null",
                "src_parent_type": "LocalVariable",
                "dst_parent_type": "null",
                "src_parent": "io.vertx.core.Future\u003cT\u003e f \u003d io.vertx.core.Future.future()",
                "dst_parent": "null"
              },
              "line": 60,
              "file": "/home/khesoem/projects/lighter/exp/src/main/java/io/vertx/ext/jdbc/impl/actions/AbstractJDBCAction.java"
            }
          ]
        },
        {
          "tool-name": "Arja",
          "pattern-name": "Arja:arja_shallow_change",
          "Unified_Diff_of-files:": "Starts Below...",
          "INSERT:": "",
          "CHANGE_old:": "    super(vertx, connection, context);",
          "CHANGE_new:": "    super(vertx, connection, exec);",
          "instance_detail": [
            {
              "pattern_action": "ANY",
              "pattern_entity": {
                "entity_type": "Statement",
                "entity_new value": "*",
                "entity_role": "*",
                "entity_parent": "null"
              },
              "concrete_change": {
                "operator": "DEL",
                "src_type": "LocalVariable",
                "dst_type": "null",
                "src": "io.vertx.core.Future\u003cT\u003e f \u003d io.vertx.core.Future.future()",
                "dst": "null",
                "src_parent_type": "Block",
                "dst_parent_type": "null",
                "src_parent": "{\n    io.vertx.core.Future\u003cT\u003e f \u003d io.vertx.core.Future.future();\n    io.vertx.core.Context callbackContext \u003d vertx.getOrCreateContext();\n    context.runOnContext(( v) -\u003e {\n        f.setHandler(( ar) -\u003e {\n            callbackContext.runOnContext(( v2) -\u003e {\n                resultHandler.handle(ar);\n            });\n        });\n        handle(f);\n    });\n}",
                "dst_parent": "null"
              },
              "line": 60,
              "file": "/home/khesoem/projects/lighter/exp/src/main/java/io/vertx/ext/jdbc/impl/actions/AbstractJDBCAction.java",
              "stats": {
                "number_of_src_entities": 14,
                "number_of_dst_entities": -1,
                "src_entity_types": "[io.vertx.core.Future\u003cT\u003e, io.vertx.core.Future]",
                "dst_entity_types": "[]"
              }
            }
          ]
        },
        {
          "tool-name": "Arja",
          "pattern-name": "Arja:arja_shallow_change",
          "Unified_Diff_of-files:": "Starts Below...",
          "INSERT:": "",
          "CHANGE_old:": "    super(vertx, connection, context);",
          "CHANGE_new:": "    super(vertx, connection, exec);",
          "instance_detail": [
            {
              "pattern_action": "ANY",
              "pattern_entity": {
                "entity_type": "Statement",
                "entity_new value": "*",
                "entity_role": "*",
                "entity_parent": "null"
              },
              "concrete_change": {
                "operator": "DEL",
                "src_type": "Invocation",
                "dst_type": "null",
                "src": "vertx.getOrCreateContext()",
                "dst": "null",
                "src_parent_type": "LocalVariable",
                "dst_parent_type": "null",
                "src_parent": "io.vertx.core.Context callbackContext \u003d vertx.getOrCreateContext()",
                "dst_parent": "null"
              },
              "line": 61,
              "file": "/home/khesoem/projects/lighter/exp/src/main/java/io/vertx/ext/jdbc/impl/actions/AbstractJDBCAction.java"
            }
          ]
        },
        {
          "tool-name": "Arja",
          "pattern-name": "Arja:arja_shallow_change",
          "Unified_Diff_of-files:": "Starts Below...",
          "INSERT:": "",
          "CHANGE_old:": "    super(vertx, connection, context);",
          "CHANGE_new:": "    super(vertx, connection, exec);",
          "instance_detail": [
            {
              "pattern_action": "ANY",
              "pattern_entity": {
                "entity_type": "Statement",
                "entity_new value": "*",
                "entity_role": "*",
                "entity_parent": "null"
              },
              "concrete_change": {
                "operator": "DEL",
                "src_type": "LocalVariable",
                "dst_type": "null",
                "src": "io.vertx.core.Context callbackContext \u003d vertx.getOrCreateContext()",
                "dst": "null",
                "src_parent_type": "Block",
                "dst_parent_type": "null",
                "src_parent": "{\n    io.vertx.core.Future\u003cT\u003e f \u003d io.vertx.core.Future.future();\n    io.vertx.core.Context callbackContext \u003d vertx.getOrCreateContext();\n    context.runOnContext(( v) -\u003e {\n        f.setHandler(( ar) -\u003e {\n            callbackContext.runOnContext(( v2) -\u003e {\n                resultHandler.handle(ar);\n            });\n        });\n        handle(f);\n    });\n}",
                "dst_parent": "null"
              },
              "line": 61,
              "file": "/home/khesoem/projects/lighter/exp/src/main/java/io/vertx/ext/jdbc/impl/actions/AbstractJDBCAction.java",
              "stats": {
                "number_of_src_entities": 21,
                "number_of_dst_entities": -1,
                "src_entity_types": "[io.vertx.core.Vertx, io.vertx.ext.jdbc.impl.actions.AbstractJDBCAction, io.vertx.core.Context]",
                "dst_entity_types": "[]"
              }
            }
          ]
        },
        {
          "tool-name": "Arja",
          "pattern-name": "Arja:arja_shallow_change",
          "Unified_Diff_of-files:": "Starts Below...",
          "INSERT:": "",
          "CHANGE_old:": "    super(vertx, connection, context);",
          "CHANGE_new:": "    super(vertx, connection, exec);",
          "instance_detail": [
            {
              "pattern_action": "ANY",
              "pattern_entity": {
                "entity_type": "Statement",
                "entity_new value": "*",
                "entity_role": "*",
                "entity_parent": "null"
              },
              "concrete_change": {
                "operator": "DEL",
                "src_type": "Invocation",
                "dst_type": "null",
                "src": "resultHandler.handle(ar)",
                "dst": "null",
                "src_parent_type": "Block",
                "dst_parent_type": "null",
                "src_parent": "{\n    resultHandler.handle(ar);\n}",
                "dst_parent": "null"
              },
              "line": 65,
              "file": "/home/khesoem/projects/lighter/exp/src/main/java/io/vertx/ext/jdbc/impl/actions/AbstractJDBCAction.java"
            }
          ]
        },
        {
          "tool-name": "Arja",
          "pattern-name": "Arja:arja_shallow_change",
          "Unified_Diff_of-files:": "Starts Below...",
          "INSERT:": "",
          "CHANGE_old:": "    super(vertx, connection, context);",
          "CHANGE_new:": "    super(vertx, connection, exec);",
          "instance_detail": [
            {
              "pattern_action": "ANY",
              "pattern_entity": {
                "entity_type": "Statement",
                "entity_new value": "*",
                "entity_role": "*",
                "entity_parent": "null"
              },
              "concrete_change": {
                "operator": "DEL",
                "src_type": "Invocation",
                "dst_type": "null",
                "src": "callbackContext.runOnContext(( v2) -\u003e {\n    resultHandler.handle(ar);\n})",
                "dst": "null",
                "src_parent_type": "Block",
                "dst_parent_type": "null",
                "src_parent": "{\n    callbackContext.runOnContext(( v2) -\u003e {\n        resultHandler.handle(ar);\n    });\n}",
                "dst_parent": "null"
              },
              "line": 64,
              "file": "/home/khesoem/projects/lighter/exp/src/main/java/io/vertx/ext/jdbc/impl/actions/AbstractJDBCAction.java"
            }
          ]
        },
        {
          "tool-name": "Arja",
          "pattern-name": "Arja:arja_shallow_change",
          "Unified_Diff_of-files:": "Starts Below...",
          "INSERT:": "",
          "CHANGE_old:": "    super(vertx, connection, context);",
          "CHANGE_new:": "    super(vertx, connection, exec);",
          "instance_detail": [
            {
              "pattern_action": "ANY",
              "pattern_entity": {
                "entity_type": "Statement",
                "entity_new value": "*",
                "entity_role": "*",
                "entity_parent": "null"
              },
              "concrete_change": {
                "operator": "DEL",
                "src_type": "Invocation",
                "dst_type": "null",
                "src": "f.setHandler(( ar) -\u003e {\n    callbackContext.runOnContext(( v2) -\u003e {\n        resultHandler.handle(ar);\n    });\n})",
                "dst": "null",
                "src_parent_type": "Block",
                "dst_parent_type": "null",
                "src_parent": "{\n    f.setHandler(( ar) -\u003e {\n        callbackContext.runOnContext(( v2) -\u003e {\n            resultHandler.handle(ar);\n        });\n    });\n    handle(f);\n}",
                "dst_parent": "null"
              },
              "line": 63,
              "file": "/home/khesoem/projects/lighter/exp/src/main/java/io/vertx/ext/jdbc/impl/actions/AbstractJDBCAction.java"
            }
          ]
        },
        {
          "tool-name": "Arja",
          "pattern-name": "Arja:arja_shallow_change",
          "Unified_Diff_of-files:": "Starts Below...",
          "INSERT:": "",
          "CHANGE_old:": "    super(vertx, connection, context);",
          "CHANGE_new:": "    super(vertx, connection, exec);",
          "instance_detail": [
            {
              "pattern_action": "ANY",
              "pattern_entity": {
                "entity_type": "Statement",
                "entity_new value": "*",
                "entity_role": "*",
                "entity_parent": "null"
              },
              "concrete_change": {
                "operator": "DEL",
                "src_type": "Invocation",
                "dst_type": "null",
                "src": "handle(f)",
                "dst": "null",
                "src_parent_type": "Block",
                "dst_parent_type": "null",
                "src_parent": "{\n    f.setHandler(( ar) -\u003e {\n        callbackContext.runOnContext(( v2) -\u003e {\n            resultHandler.handle(ar);\n        });\n    });\n    handle(f);\n}",
                "dst_parent": "null"
              },
              "line": 68,
              "file": "/home/khesoem/projects/lighter/exp/src/main/java/io/vertx/ext/jdbc/impl/actions/AbstractJDBCAction.java"
            }
          ]
        },
        {
          "tool-name": "Arja",
          "pattern-name": "Arja:arja_shallow_change",
          "Unified_Diff_of-files:": "Starts Below...",
          "INSERT:": "",
          "CHANGE_old:": "    super(vertx, connection, context);",
          "CHANGE_new:": "    super(vertx, connection, exec);",
          "instance_detail": [
            {
              "pattern_action": "ANY",
              "pattern_entity": {
                "entity_type": "Statement",
                "entity_new value": "*",
                "entity_role": "*",
                "entity_parent": "null"
              },
              "concrete_change": {
                "operator": "DEL",
                "src_type": "Invocation",
                "dst_type": "null",
                "src": "context.runOnContext(( v) -\u003e {\n    f.setHandler(( ar) -\u003e {\n        callbackContext.runOnContext(( v2) -\u003e {\n            resultHandler.handle(ar);\n        });\n    });\n    handle(f);\n})",
                "dst": "null",
                "src_parent_type": "Block",
                "dst_parent_type": "null",
                "src_parent": "{\n    io.vertx.core.Future\u003cT\u003e f \u003d io.vertx.core.Future.future();\n    io.vertx.core.Context callbackContext \u003d vertx.getOrCreateContext();\n    context.runOnContext(( v) -\u003e {\n        f.setHandler(( ar) -\u003e {\n            callbackContext.runOnContext(( v2) -\u003e {\n                resultHandler.handle(ar);\n            });\n        });\n        handle(f);\n    });\n}",
                "dst_parent": "null"
              },
              "line": 62,
              "file": "/home/khesoem/projects/lighter/exp/src/main/java/io/vertx/ext/jdbc/impl/actions/AbstractJDBCAction.java",
              "stats": {
                "number_of_src_entities": 59,
                "number_of_dst_entities": -1,
                "src_entity_types": "[io.vertx.ext.jdbc.impl.actions.f, io.vertx.ext.jdbc.impl.actions.AbstractJDBCAction, io.vertx.ext.jdbc.impl.actions.resultHandler, io.vertx.ext.jdbc.impl.actions.callbackContext, io.vertx.core.Future\u003cT\u003e, io.vertx.core.Context]",
                "dst_entity_types": "[]"
              }
            }
          ]
        }
      ]
    },
    {
      "revision": "5ffe4ef58716da4c6ea915b20f96b9a085c18503",
      "repairability": [
        {
          "tool-name": "Arja",
          "pattern-name": "Arja:arja_shallow_change",
          "Unified_Diff_of-files:": "Starts Below...",
          "INSERT:": "",
          "CHANGE_old:": "    super(vertx, connection, context);",
          "CHANGE_new:": "    super(vertx, connection, exec);",
          "instance_detail": [
            {
              "pattern_action": "ANY",
              "pattern_entity": {
                "entity_type": "Statement",
                "entity_new value": "*",
                "entity_role": "*",
                "entity_parent": "null"
              },
              "concrete_change": {
                "operator": "DEL",
                "src_type": "Invocation",
                "dst_type": "null",
                "src": "java.lang.Thread.currentThread()",
                "dst": "null",
                "src_parent_type": "Invocation",
                "dst_parent_type": "null",
                "src_parent": "java.lang.Thread.currentThread().getContextClassLoader()",
                "dst_parent": "null"
              },
              "line": 48,
              "file": "/home/khesoem/projects/lighter/exp/src/main/java/io/vertx/ext/jdbc/impl/JDBCConnectionImpl.java"
            }
          ]
        },
        {
          "tool-name": "Arja",
          "pattern-name": "Arja:arja_shallow_change",
          "Unified_Diff_of-files:": "Starts Below...",
          "INSERT:": "",
          "CHANGE_old:": "    super(vertx, connection, context);",
          "CHANGE_new:": "    super(vertx, connection, exec);",
          "instance_detail": [
            {
              "pattern_action": "ANY",
              "pattern_entity": {
                "entity_type": "Statement",
                "entity_new value": "*",
                "entity_role": "*",
                "entity_parent": "null"
              },
              "concrete_change": {
                "operator": "DEL",
                "src_type": "Invocation",
                "dst_type": "null",
                "src": "java.lang.Thread.currentThread().getContextClassLoader()",
                "dst": "null",
                "src_parent_type": "LocalVariable",
                "dst_parent_type": "null",
                "src_parent": "java.lang.ClassLoader tccl \u003d java.lang.Thread.currentThread().getContextClassLoader()",
                "dst_parent": "null"
              },
              "line": 48,
              "file": "/home/khesoem/projects/lighter/exp/src/main/java/io/vertx/ext/jdbc/impl/JDBCConnectionImpl.java"
            }
          ]
        },
        {
          "tool-name": "Arja",
          "pattern-name": "Arja:arja_shallow_change",
          "Unified_Diff_of-files:": "Starts Below...",
          "INSERT:": "",
          "CHANGE_old:": "    super(vertx, connection, context);",
          "CHANGE_new:": "    super(vertx, connection, exec);",
          "instance_detail": [
            {
              "pattern_action": "ANY",
              "pattern_entity": {
                "entity_type": "Statement",
                "entity_new value": "*",
                "entity_role": "*",
                "entity_parent": "null"
              },
              "concrete_change": {
                "operator": "DEL",
                "src_type": "LocalVariable",
                "dst_type": "null",
                "src": "java.lang.ClassLoader tccl \u003d java.lang.Thread.currentThread().getContextClassLoader()",
                "dst": "null",
                "src_parent_type": "Block",
                "dst_parent_type": "null",
                "src_parent": "{\n    java.lang.ClassLoader tccl \u003d java.lang.Thread.currentThread().getContextClassLoader();\n    return tccl \u003d\u003d null ? getClass().getClassLoader() : tccl;\n}",
                "dst_parent": "null"
              },
              "line": 48,
              "file": "/home/khesoem/projects/lighter/exp/src/main/java/io/vertx/ext/jdbc/impl/JDBCConnectionImpl.java"
            }
          ]
        },
        {
          "tool-name": "Arja",
          "pattern-name": "Arja:arja_shallow_change",
          "Unified_Diff_of-files:": "Starts Below...",
          "INSERT:": "",
          "CHANGE_old:": "    super(vertx, connection, context);",
          "CHANGE_new:": "    super(vertx, connection, exec);",
          "instance_detail": [
            {
              "pattern_action": "ANY",
              "pattern_entity": {
                "entity_type": "Statement",
                "entity_new value": "*",
                "entity_role": "*",
                "entity_parent": "null"
              },
              "concrete_change": {
                "operator": "DEL",
                "src_type": "Invocation",
                "dst_type": "null",
                "src": "getClass()",
                "dst": "null",
                "src_parent_type": "Invocation",
                "dst_parent_type": "null",
                "src_parent": "getClass().getClassLoader()",
                "dst_parent": "null"
              },
              "line": 49,
              "file": "/home/khesoem/projects/lighter/exp/src/main/java/io/vertx/ext/jdbc/impl/JDBCConnectionImpl.java"
            }
          ]
        },
        {
          "tool-name": "Arja",
          "pattern-name": "Arja:arja_shallow_change",
          "Unified_Diff_of-files:": "Starts Below...",
          "INSERT:": "",
          "CHANGE_old:": "    super(vertx, connection, context);",
          "CHANGE_new:": "    super(vertx, connection, exec);",
          "instance_detail": [
            {
              "pattern_action": "ANY",
              "pattern_entity": {
                "entity_type": "Statement",
                "entity_new value": "*",
                "entity_role": "*",
                "entity_parent": "null"
              },
              "concrete_change": {
                "operator": "DEL",
                "src_type": "Invocation",
                "dst_type": "null",
                "src": "getClass().getClassLoader()",
                "dst": "null",
                "src_parent_type": "Conditional",
                "dst_parent_type": "null",
                "src_parent": "tccl \u003d\u003d null ? getClass().getClassLoader() : tccl",
                "dst_parent": "null"
              },
              "line": 49,
              "file": "/home/khesoem/projects/lighter/exp/src/main/java/io/vertx/ext/jdbc/impl/JDBCConnectionImpl.java"
            }
          ]
        },
        {
          "tool-name": "Arja",
          "pattern-name": "Arja:arja_shallow_change",
          "Unified_Diff_of-files:": "Starts Below...",
          "INSERT:": "",
          "CHANGE_old:": "    super(vertx, connection, context);",
          "CHANGE_new:": "    super(vertx, connection, exec);",
          "instance_detail": [
            {
              "pattern_action": "ANY",
              "pattern_entity": {
                "entity_type": "Statement",
                "entity_new value": "*",
                "entity_role": "*",
                "entity_parent": "null"
              },
              "concrete_change": {
                "operator": "DEL",
                "src_type": "Return",
                "dst_type": "null",
                "src": "return tccl \u003d\u003d null ? getClass().getClassLoader() : tccl",
                "dst": "null",
                "src_parent_type": "Block",
                "dst_parent_type": "null",
                "src_parent": "{\n    java.lang.ClassLoader tccl \u003d java.lang.Thread.currentThread().getContextClassLoader();\n    return tccl \u003d\u003d null ? getClass().getClassLoader() : tccl;\n}",
                "dst_parent": "null"
              },
              "line": 49,
              "file": "/home/khesoem/projects/lighter/exp/src/main/java/io/vertx/ext/jdbc/impl/JDBCConnectionImpl.java"
            }
          ]
        },
        {
          "tool-name": "Arja",
          "pattern-name": "Arja:arja_shallow_change",
          "Unified_Diff_of-files:": "Starts Below...",
          "INSERT:": "",
          "CHANGE_old:": "    super(vertx, connection, context);",
          "CHANGE_new:": "    super(vertx, connection, exec);",
          "instance_detail": [
            {
              "pattern_action": "ANY",
              "pattern_entity": {
                "entity_type": "Statement",
                "entity_new value": "*",
                "entity_role": "*",
                "entity_parent": "null"
              },
              "concrete_change": {
                "operator": "DEL",
                "src_type": "ConstructorCall",
                "dst_type": "null",
                "src": "new io.vertx.core.json.JsonObject()",
                "dst": "null",
                "src_parent_type": "Invocation",
                "dst_parent_type": "null",
                "src_parent": "((io.vertx.core.impl.VertxInternal) (vertx)).createWorkerContext(false, null, new io.vertx.core.json.JsonObject(), getClassLoader())",
                "dst_parent": "null"
              },
              "line": 55,
              "file": "/home/khesoem/projects/lighter/exp/src/main/java/io/vertx/ext/jdbc/impl/JDBCConnectionImpl.java"
            }
          ]
        },
        {
          "tool-name": "Arja",
          "pattern-name": "Arja:arja_shallow_change",
          "Unified_Diff_of-files:": "Starts Below...",
          "INSERT:": "",
          "CHANGE_old:": "    super(vertx, connection, context);",
          "CHANGE_new:": "    super(vertx, connection, exec);",
          "instance_detail": [
            {
              "pattern_action": "ANY",
              "pattern_entity": {
                "entity_type": "Statement",
                "entity_new value": "*",
                "entity_role": "*",
                "entity_parent": "null"
              },
              "concrete_change": {
                "operator": "DEL",
                "src_type": "Invocation",
                "dst_type": "null",
                "src": "getClassLoader()",
                "dst": "null",
                "src_parent_type": "Invocation",
                "dst_parent_type": "null",
                "src_parent": "((io.vertx.core.impl.VertxInternal) (vertx)).createWorkerContext(false, null, new io.vertx.core.json.JsonObject(), getClassLoader())",
                "dst_parent": "null"
              },
              "line": 55,
              "file": "/home/khesoem/projects/lighter/exp/src/main/java/io/vertx/ext/jdbc/impl/JDBCConnectionImpl.java"
            }
          ]
        }
      ]
    }
  ],
  "complete_analysis": true
}