{
  "instances": [
    {
      "revision": "78bae691f1e54af24d89411887dd0a33f14cff57",
      "repairability": [
        {
          "tool-name": "JGenProg",
          "pattern-name": "JGenProg:any_statement_shallow",
          "Unified_Diff_of-files:": "Starts Below...",
          "CHANGE_old:": "",
          "CHANGE_new:": "            null, false, context.getIncludeAll()), context);",
          "instance_detail": [
            {
              "pattern_action": "ANY",
              "pattern_entity": {
                "entity_type": "*",
                "entity_new value": "*",
                "entity_role": "Statement",
                "entity_parent": "null"
              },
              "concrete_change": {
                "operator": "DEL",
                "src_type": "Throw",
                "dst_type": "null",
                "src": "throw new org.openmrs.module.webservices.rest.web.response.ResourceDoesNotSupportOperationException()",
                "dst": "null",
                "src_parent_type": "Block",
                "dst_parent_type": "null",
                "src_parent": "{\n    throw new org.openmrs.module.webservices.rest.web.response.ResourceDoesNotSupportOperationException();\n}",
                "dst_parent": "null"
              },
              "line": 114,
              "file": "/home/khesoem/projects/lighter/exp/omod-1.10/src/main/java/org/openmrs/module/webservices/rest/web/v1_0/resource/openmrs1_10/OrderFrequencyResource1_10.java",
              "stats": {
                "number_of_src_entities": 7,
                "number_of_dst_entities": -1,
                "src_entity_types": "[org.openmrs.module.webservices.rest.web.response.ResourceDoesNotSupportOperationException]",
                "dst_entity_types": "[]"
              }
            }
          ]
        }
      ]
    }
  ],
  "complete_analysis": true
}