{
  "instances": [
    {
      "revision": "72fba878c4ae17952b200e5e13db40cc9d6a1ff0",
      "repairability": [
        {
          "tool-name": "JGenProg",
          "pattern-name": "JGenProg:any_statement_shallow",
          "Unified_Diff_of-files:": "Starts Below...",
          "INSERT:": "    /**",
          "DELETE:": "",
          "instance_detail": [
            {
              "pattern_action": "ANY",
              "pattern_entity": {
                "entity_type": "*",
                "entity_new value": "*",
                "entity_role": "Statement",
                "entity_parent": "null"
              },
              "concrete_change": {
                "operator": "DEL",
                "src_type": "If",
                "dst_type": "null",
                "src": "if (link.getUri().startsWith(\".\")) {\n    link \u003d new org.openmrs.module.webservices.rest.web.Hyperlink(link.getRel(), ((getUri(delegate)) + (link.getUri().substring(1))));\n}",
                "dst": "null",
                "src_parent_type": "Block",
                "dst_parent_type": "null",
                "src_parent": "{\n    if (link.getUri().startsWith(\".\")) {\n        link \u003d new org.openmrs.module.webservices.rest.web.Hyperlink(link.getRel(), ((getUri(delegate)) + (link.getUri().substring(1))));\n    }\n    org.openmrs.module.webservices.rest.web.annotation.Resource res \u003d getClass().getAnnotation(org.openmrs.module.webservices.rest.web.annotation.Resource.class);\n    if (res !\u003d null) {\n        java.lang.String name \u003d res.name();\n        if (name.contains(\"/\")) {\n            name \u003d name.substring(((name.lastIndexOf(\"/\")) + 1));\n        }\n        link.setResourceAlias(name);\n    } else {\n        org.openmrs.module.webservices.rest.web.annotation.SubResource sub \u003d getClass().getAnnotation(org.openmrs.module.webservices.rest.web.annotation.SubResource.class);\n        if (sub !\u003d null) {\n            link.setResourceAlias(sub.path());\n        }\n    }\n    links.add(link);\n}",
                "dst_parent": "null"
              },
              "line": 147,
              "file": "/home/khesoem/projects/lighter/exp/omod-common/src/main/java/org/openmrs/module/webservices/rest/web/resource/impl/BaseDelegatingConverter.java",
              "stats": {
                "number_of_src_entities": 69,
                "number_of_dst_entities": -1,
                "src_entity_types": "[int, java.lang.Object, java.lang.String, org.openmrs.module.webservices.rest.web.resource.impl.BaseDelegatingConverter\u003cT\u003e, org.openmrs.module.webservices.rest.web.resource.impl.BaseDelegatingConverter, org.openmrs.module.webservices.rest.web.Hyperlink]",
                "dst_entity_types": "[]"
              }
            }
          ]
        }
      ]
    }
  ],
  "complete_analysis": true
}