{
  "instances": [
    {
      "revision": "706ad85643657384319db8de7681b82dfcc75455",
      "repairability": [
        {
          "tool-name": "JGenProg",
          "pattern-name": "JGenProg:any_statement_shallow",
          "Unified_Diff_of-files:": "Starts Below...",
          "DELETE:": "}\r",
          "instance_detail": [
            {
              "pattern_action": "ANY",
              "pattern_entity": {
                "entity_type": "*",
                "entity_new value": "*",
                "entity_role": "Statement",
                "entity_parent": "null"
              },
              "concrete_change": {
                "operator": "DEL",
                "src_type": "LocalVariable",
                "dst_type": "null",
                "src": "org.openmrs.module.webservices.rest.web.resource.impl.DelegatingResourceDescription description \u003d super.fullRepresentationDescription(delegate)",
                "dst": "null",
                "src_parent_type": "Block",
                "dst_parent_type": "null",
                "src_parent": "{\n    org.openmrs.module.webservices.rest.web.resource.impl.DelegatingResourceDescription description \u003d super.fullRepresentationDescription(delegate);\n    description.removeProperty(\"setMembers\");\n    description.addProperty(\"setMembers\", Representation.FULL);\n    return convertDelegateToRepresentation(delegate, description);\n}",
                "dst_parent": "null"
              },
              "line": 44,
              "file": "/home/khesoem/projects/lighter/exp/omod-1.9/src/main/java/org/openmrs/module/webservices/rest/web/v1_0/resource/openmrs1_9/ConceptResource1_9.java"
            }
          ]
        },
        {
          "tool-name": "JGenProg",
          "pattern-name": "JGenProg:any_statement_shallow",
          "Unified_Diff_of-files:": "Starts Below...",
          "DELETE:": "}\r",
          "instance_detail": [
            {
              "pattern_action": "ANY",
              "pattern_entity": {
                "entity_type": "*",
                "entity_new value": "*",
                "entity_role": "Statement",
                "entity_parent": "null"
              },
              "concrete_change": {
                "operator": "DEL",
                "src_type": "Invocation",
                "dst_type": "null",
                "src": "description.removeProperty(\"setMembers\")",
                "dst": "null",
                "src_parent_type": "Block",
                "dst_parent_type": "null",
                "src_parent": "{\n    org.openmrs.module.webservices.rest.web.resource.impl.DelegatingResourceDescription description \u003d super.fullRepresentationDescription(delegate);\n    description.removeProperty(\"setMembers\");\n    description.addProperty(\"setMembers\", Representation.FULL);\n    return convertDelegateToRepresentation(delegate, description);\n}",
                "dst_parent": "null"
              },
              "line": 45,
              "file": "/home/khesoem/projects/lighter/exp/omod-1.9/src/main/java/org/openmrs/module/webservices/rest/web/v1_0/resource/openmrs1_9/ConceptResource1_9.java"
            }
          ]
        },
        {
          "tool-name": "JGenProg",
          "pattern-name": "JGenProg:any_statement_shallow",
          "Unified_Diff_of-files:": "Starts Below...",
          "DELETE:": "}\r",
          "instance_detail": [
            {
              "pattern_action": "ANY",
              "pattern_entity": {
                "entity_type": "*",
                "entity_new value": "*",
                "entity_role": "Statement",
                "entity_parent": "null"
              },
              "concrete_change": {
                "operator": "DEL",
                "src_type": "Invocation",
                "dst_type": "null",
                "src": "description.addProperty(\"setMembers\", Representation.FULL)",
                "dst": "null",
                "src_parent_type": "Block",
                "dst_parent_type": "null",
                "src_parent": "{\n    org.openmrs.module.webservices.rest.web.resource.impl.DelegatingResourceDescription description \u003d super.fullRepresentationDescription(delegate);\n    description.removeProperty(\"setMembers\");\n    description.addProperty(\"setMembers\", Representation.FULL);\n    return convertDelegateToRepresentation(delegate, description);\n}",
                "dst_parent": "null"
              },
              "line": 46,
              "file": "/home/khesoem/projects/lighter/exp/omod-1.9/src/main/java/org/openmrs/module/webservices/rest/web/v1_0/resource/openmrs1_9/ConceptResource1_9.java"
            }
          ]
        },
        {
          "tool-name": "JGenProg",
          "pattern-name": "JGenProg:any_statement_shallow",
          "Unified_Diff_of-files:": "Starts Below...",
          "DELETE:": "}\r",
          "instance_detail": [
            {
              "pattern_action": "ANY",
              "pattern_entity": {
                "entity_type": "*",
                "entity_new value": "*",
                "entity_role": "Statement",
                "entity_parent": "null"
              },
              "concrete_change": {
                "operator": "DEL",
                "src_type": "Return",
                "dst_type": "null",
                "src": "return convertDelegateToRepresentation(delegate, description)",
                "dst": "null",
                "src_parent_type": "Block",
                "dst_parent_type": "null",
                "src_parent": "{\n    org.openmrs.module.webservices.rest.web.resource.impl.DelegatingResourceDescription description \u003d super.fullRepresentationDescription(delegate);\n    description.removeProperty(\"setMembers\");\n    description.addProperty(\"setMembers\", Representation.FULL);\n    return convertDelegateToRepresentation(delegate, description);\n}",
                "dst_parent": "null"
              },
              "line": 48,
              "file": "/home/khesoem/projects/lighter/exp/omod-1.9/src/main/java/org/openmrs/module/webservices/rest/web/v1_0/resource/openmrs1_9/ConceptResource1_9.java"
            }
          ]
        }
      ]
    }
  ],
  "complete_analysis": true
}