{
  "instances": [
    {
      "revision": "0003e75eab5dba81c2090db3cbceada1ba44c512",
      "repairability": [
        {
          "tool-name": "Nopol",
          "pattern-name": "Nopol:if_condition_upd_deep",
          "Unified_Diff_of-files:": "Starts Below...",
          "INSERT:": "                    final VersionNumber keepLinesWholeVersion \u003d new VersionNumber(\"2.260\");",
          "CHANGE_old:": "",
          "CHANGE_new:": "                    );",
          "instance_detail": [
            {
              "pattern_action": "ANY",
              "pattern_entity": {
                "entity_type": "*",
                "entity_new value": "*",
                "entity_role": "*",
                "entity_parent": {
                  "entity_type": "*",
                  "entity_new value": "*",
                  "entity_role": "condition",
                  "entity_parent": {
                    "entity_type": "If",
                    "entity_new value": "*",
                    "entity_role": "*",
                    "entity_parent": "null"
                  }
                }
              },
              "concrete_change": {
                "operator": "INS",
                "src_type": "BinaryOperator",
                "dst_type": "null",
                "src": "(length !\u003d (-1))",
                "dst": "null",
                "src_parent_type": "BinaryOperator",
                "dst_parent_type": "null",
                "src_parent": "(length !\u003d (-1)) \u0026\u0026 (!(lastAction.isEmpty()))",
                "dst_parent": "null"
              },
              "line": 65,
              "file": "/home/khesoem/projects/lighter/exp/src/main/java/hudson/plugins/ansicolor/action/ShortlogActionCreator.java",
              "stats": {
                "number_of_src_entities": 9,
                "number_of_dst_entities": -1,
                "src_entity_types": "[int, boolean]",
                "dst_entity_types": "[]"
              }
            }
          ]
        }
      ]
    }
  ],
  "complete_analysis": true
}