{
  "instances": [
    {
      "revision": "d9e4fd9def3622bbff845a5aa7c0e71a4baa1f60",
      "repairability": [
        {
          "tool-name": "Nopol",
          "pattern-name": "Nopol:if_condition_ins_deep",
          "Unified_Diff_of-files:": "Starts Below...",
          "INSERT:": "                }",
          "instance_detail": [
            {
              "pattern_action": "INS",
              "pattern_entity": {
                "entity_type": "If",
                "entity_new value": "*",
                "entity_role": "*",
                "entity_parent": "null"
              },
              "concrete_change": {
                "operator": "INS",
                "src_type": "If",
                "dst_type": "null",
                "src": "if ((taskListener !\u003d null) \u0026\u0026 (run !\u003d null)) {\n    run.addAction(action);\n    taskListener.annotate(new hudson.plugins.ansicolor.action.ActionNote(action));\n    ensureRendering(taskListener);\n    final hudson.plugins.ansicolor.action.ColorizedAction currentAction \u003d new hudson.plugins.ansicolor.action.ColorizedAction(action.getColorMapName(), ColorizedAction.Command.CURRENT);\n    if (action.getCommand().equals(ColorizedAction.Command.START)) {\n        run.addAction(currentAction);\n    } else {\n        run.removeAction(currentAction);\n    }\n}",
                "dst": "null",
                "src_parent_type": "Block",
                "dst_parent_type": "null",
                "src_parent": "{\n    final hudson.model.TaskListener taskListener \u003d context.get(hudson.model.TaskListener.class);\n    final hudson.model.Run\u003c?, ?\u003e run \u003d context.get(hudson.model.Run.class);\n    if ((taskListener !\u003d null) \u0026\u0026 (run !\u003d null)) {\n        run.addAction(action);\n        taskListener.annotate(new hudson.plugins.ansicolor.action.ActionNote(action));\n        ensureRendering(taskListener);\n        final hudson.plugins.ansicolor.action.ColorizedAction currentAction \u003d new hudson.plugins.ansicolor.action.ColorizedAction(action.getColorMapName(), ColorizedAction.Command.CURRENT);\n        if (action.getCommand().equals(ColorizedAction.Command.START)) {\n            run.addAction(currentAction);\n        } else {\n            run.removeAction(currentAction);\n        }\n    }\n}",
                "dst_parent": "null"
              },
              "line": 163,
              "file": "/home/khesoem/projects/lighter/exp/src/main/java/hudson/plugins/ansicolor/AnsiColorStep.java",
              "stats": {
                "number_of_src_entities": 185,
                "number_of_dst_entities": -1,
                "src_entity_types": "[ColorizedAction.Command, hudson.plugins.ansicolor.AnsiColorStep, , hudson.plugins.ansicolor.action.ColorizedAction, hudson.plugins.ansicolor.AnsiColorStep.AnsiColorExecution, hudson.model.TaskListener, ColorizedAction.Command.START, \u003cnulltype\u003e, hudson.model.Run\u003c?, ?\u003e]",
                "dst_entity_types": "[]"
              }
            },
            {
              "pattern_action": "MOV",
              "pattern_entity": {
                "entity_type": "*",
                "entity_new value": "*",
                "entity_role": "*",
                "entity_parent": {
                  "entity_type": "*",
                  "entity_new value": "*",
                  "entity_role": "Then",
                  "entity_parent": {
                    "entity_type": "If",
                    "entity_new value": "*",
                    "entity_role": "*",
                    "entity_parent": "null"
                  }
                }
              },
              "concrete_change": {
                "operator": "MOV",
                "src_type": "Invocation",
                "dst_type": "Invocation",
                "src": "run.addAction(action)",
                "dst": "run.addAction(action)",
                "src_parent_type": "Block",
                "dst_parent_type": "Block",
                "src_parent": "{\n    run.addAction(action);\n    taskListener.annotate(new hudson.plugins.ansicolor.action.ActionNote(action));\n    ensureRendering(taskListener);\n}",
                "dst_parent": "{\n    run.addAction(action);\n    taskListener.annotate(new hudson.plugins.ansicolor.action.ActionNote(action));\n    ensureRendering(taskListener);\n    final hudson.plugins.ansicolor.action.ColorizedAction currentAction \u003d new hudson.plugins.ansicolor.action.ColorizedAction(action.getColorMapName(), ColorizedAction.Command.CURRENT);\n    if (action.getCommand().equals(ColorizedAction.Command.START)) {\n        run.addAction(currentAction);\n    } else {\n        run.removeAction(currentAction);\n    }\n}"
              },
              "line": 163,
              "file": "/home/khesoem/projects/lighter/exp/src/main/java/hudson/plugins/ansicolor/AnsiColorStep.java",
              "stats": {
                "number_of_src_entities": 26,
                "number_of_dst_entities": 26,
                "src_entity_types": "[, hudson.plugins.ansicolor.action.ColorizedAction, hudson.model.Run\u003c?, ?\u003e]",
                "dst_entity_types": "[, hudson.plugins.ansicolor.action.ColorizedAction, hudson.model.Run\u003c?, ?\u003e]"
              }
            }
          ]
        }
      ]
    }
  ],
  "complete_analysis": true
}