{
  "instances": [
    {
      "revision": "f2eca5c5934974685a77738bfffc0735b48c48c6",
      "repairability": [
        {
          "tool-name": "Nopol",
          "pattern-name": "Nopol:if_condition_upd_deep",
          "Unified_Diff_of-files:": "Starts Below...",
          "CHANGE_old:": "      if (loc !\u003d null) {",
          "CHANGE_new:": "      if (loc !\u003d null \u0026\u0026 loc.source !\u003d null) {",
          "INSERT:": "    @NotNull",
          "instance_detail": [
            {
              "pattern_action": "ANY",
              "pattern_entity": {
                "entity_type": "*",
                "entity_new value": "*",
                "entity_role": "*",
                "entity_parent": {
                  "entity_type": "*",
                  "entity_new value": "*",
                  "entity_role": "condition",
                  "entity_parent": {
                    "entity_type": "If",
                    "entity_new value": "*",
                    "entity_role": "*",
                    "entity_parent": "null"
                  }
                }
              },
              "concrete_change": {
                "operator": "INS",
                "src_type": "ThisAccess",
                "dst_type": "null",
                "src": "this",
                "dst": "null",
                "src_parent_type": "FieldRead",
                "dst_parent_type": "null",
                "src_parent": "this.first",
                "dst_parent": "null"
              },
              "line": 140,
              "file": "/home/khesoem/projects/lighter/exp/src/main/java/com/shapesecurity/shift/serialization/Serializer.java",
              "stats": {
                "number_of_src_entities": 8,
                "number_of_dst_entities": -1,
                "src_entity_types": "[com.shapesecurity.shift.serialization.Serializer.JsonObjectBuilder, com.shapesecurity.shift.serialization.Serializer]",
                "dst_entity_types": "[]"
              }
            }
          ]
        },
        {
          "tool-name": "Nopol",
          "pattern-name": "Nopol:if_condition_upd_deep",
          "Unified_Diff_of-files:": "Starts Below...",
          "CHANGE_old:": "      if (loc !\u003d null) {",
          "CHANGE_new:": "      if (loc !\u003d null \u0026\u0026 loc.source !\u003d null) {",
          "INSERT:": "    @NotNull",
          "instance_detail": [
            {
              "pattern_action": "ANY",
              "pattern_entity": {
                "entity_type": "*",
                "entity_new value": "*",
                "entity_role": "*",
                "entity_parent": {
                  "entity_type": "*",
                  "entity_new value": "*",
                  "entity_role": "condition",
                  "entity_parent": {
                    "entity_type": "If",
                    "entity_new value": "*",
                    "entity_role": "*",
                    "entity_parent": "null"
                  }
                }
              },
              "concrete_change": {
                "operator": "INS",
                "src_type": "BinaryOperator",
                "dst_type": "null",
                "src": "((loc.source) !\u003d null)",
                "dst": "null",
                "src_parent_type": "BinaryOperator",
                "dst_parent_type": "null",
                "src_parent": "(loc !\u003d null) \u0026\u0026 ((loc.source) !\u003d null)",
                "dst_parent": "null"
              },
              "line": 192,
              "file": "/home/khesoem/projects/lighter/exp/src/main/java/com/shapesecurity/shift/serialization/Serializer.java"
            }
          ]
        },
        {
          "tool-name": "Nopol",
          "pattern-name": "Nopol:if_condition_upd_deep",
          "Unified_Diff_of-files:": "Starts Below...",
          "CHANGE_old:": "      if (loc !\u003d null) {",
          "CHANGE_new:": "      if (loc !\u003d null \u0026\u0026 loc.source !\u003d null) {",
          "INSERT:": "    @NotNull",
          "instance_detail": [
            {
              "pattern_action": "ANY",
              "pattern_entity": {
                "entity_type": "*",
                "entity_new value": "*",
                "entity_role": "*",
                "entity_parent": {
                  "entity_type": "*",
                  "entity_new value": "*",
                  "entity_role": "condition",
                  "entity_parent": {
                    "entity_type": "If",
                    "entity_new value": "*",
                    "entity_role": "*",
                    "entity_parent": "null"
                  }
                }
              },
              "concrete_change": {
                "operator": "DEL",
                "src_type": "TypeAccess",
                "dst_type": "null",
                "src": "com.shapesecurity.shift.serialization.Serializer.JsonObjectBuilder",
                "dst": "null",
                "src_parent_type": "ThisAccess",
                "dst_parent_type": "null",
                "src_parent": "",
                "dst_parent": "null"
              },
              "stats": {
                "number_of_src_entities": 4,
                "number_of_dst_entities": -1,
                "src_entity_types": "[com.shapesecurity.shift.serialization.Serializer.JsonObjectBuilder, com.shapesecurity.shift.serialization.Serializer]",
                "dst_entity_types": "[]"
              }
            }
          ]
        }
      ]
    }
  ],
  "complete_analysis": true
}