{
  "instances": [
    {
      "revision": "e3c753e5f3a3e6bc73b12b163a6639c9e358257f",
      "repairability": [
        {
          "tool-name": "Nopol",
          "pattern-name": "Nopol:if_condition_upd_deep",
          "Unified_Diff_of-files:": "Starts Below...",
          "DELETE:": "  // TODO: finish this method",
          "CHANGE_old:": "//          }",
          "CHANGE_new:": "          }",
          "instance_detail": [
            {
              "pattern_action": "ANY",
              "pattern_entity": {
                "entity_type": "*",
                "entity_new value": "*",
                "entity_role": "*",
                "entity_parent": {
                  "entity_type": "*",
                  "entity_new value": "*",
                  "entity_role": "condition",
                  "entity_parent": {
                    "entity_type": "If",
                    "entity_new value": "*",
                    "entity_role": "*",
                    "entity_parent": "null"
                  }
                }
              },
              "concrete_change": {
                "operator": "INS",
                "src_type": "UnaryOperator",
                "dst_type": "null",
                "src": "(!(expr instanceof com.shapesecurity.shift.parser.AssignmentExpression))",
                "dst": "null",
                "src_parent_type": "BinaryOperator",
                "dst_parent_type": "null",
                "src_parent": "((this.isAssignmentTarget) \u0026\u0026 (!(expr instanceof com.shapesecurity.shift.parser.AssignmentExpression)))",
                "dst_parent": "null"
              },
              "line": 679,
              "file": "/home/khesoem/projects/lighter/exp/src/main/java/com/shapesecurity/shift/parser/Parser.java",
              "stats": {
                "number_of_src_entities": 9,
                "number_of_dst_entities": -1,
                "src_entity_types": "[com.shapesecurity.shift.parser.Expression, com.shapesecurity.shift.parser.AssignmentExpression]",
                "dst_entity_types": "[]"
              }
            }
          ]
        },
        {
          "tool-name": "Nopol",
          "pattern-name": "Nopol:if_condition_upd_deep",
          "Unified_Diff_of-files:": "Starts Below...",
          "DELETE:": "  // TODO: finish this method",
          "CHANGE_old:": "//          }",
          "CHANGE_new:": "          }",
          "instance_detail": [
            {
              "pattern_action": "ANY",
              "pattern_entity": {
                "entity_type": "*",
                "entity_new value": "*",
                "entity_role": "*",
                "entity_parent": {
                  "entity_type": "*",
                  "entity_new value": "*",
                  "entity_role": "condition",
                  "entity_parent": {
                    "entity_type": "If",
                    "entity_new value": "*",
                    "entity_role": "*",
                    "entity_parent": "null"
                  }
                }
              },
              "concrete_change": {
                "operator": "INS",
                "src_type": "Invocation",
                "dst_type": "null",
                "src": "(((com.shapesecurity.shift.parser.VariableDeclaration) (init)).declarators.index(0).just().init.equals(com.shapesecurity.functional.data.Maybe.nothing()))",
                "dst": "null",
                "src_parent_type": "UnaryOperator",
                "dst_parent_type": "null",
                "src_parent": "!(((com.shapesecurity.shift.parser.VariableDeclaration) (init)).declarators.index(0).just().init.equals(com.shapesecurity.functional.data.Maybe.nothing()))",
                "dst_parent": "null"
              },
              "line": 646,
              "file": "/home/khesoem/projects/lighter/exp/src/main/java/com/shapesecurity/shift/parser/Parser.java"
            }
          ]
        },
        {
          "tool-name": "Nopol",
          "pattern-name": "Nopol:if_condition_upd_deep",
          "Unified_Diff_of-files:": "Starts Below...",
          "DELETE:": "  // TODO: finish this method",
          "CHANGE_old:": "//          }",
          "CHANGE_new:": "          }",
          "instance_detail": [
            {
              "pattern_action": "ANY",
              "pattern_entity": {
                "entity_type": "*",
                "entity_new value": "*",
                "entity_role": "*",
                "entity_parent": {
                  "entity_type": "*",
                  "entity_new value": "*",
                  "entity_role": "condition",
                  "entity_parent": {
                    "entity_type": "If",
                    "entity_new value": "*",
                    "entity_role": "*",
                    "entity_parent": "null"
                  }
                }
              },
              "concrete_change": {
                "operator": "INS",
                "src_type": "Invocation",
                "dst_type": "null",
                "src": "(((com.shapesecurity.shift.parser.VariableDeclaration) (init)).declarators.index(0).just().init.equals(com.shapesecurity.functional.data.Maybe.nothing()))",
                "dst": "null",
                "src_parent_type": "UnaryOperator",
                "dst_parent_type": "null",
                "src_parent": "!(((com.shapesecurity.shift.parser.VariableDeclaration) (init)).declarators.index(0).just().init.equals(com.shapesecurity.functional.data.Maybe.nothing()))",
                "dst_parent": "null"
              },
              "line": 654,
              "file": "/home/khesoem/projects/lighter/exp/src/main/java/com/shapesecurity/shift/parser/Parser.java"
            }
          ]
        }
      ]
    }
  ],
  "complete_analysis": true
}