{
  "instances": [
    {
      "revision": "9078f0f2b0f6df72fd345187298fae9153ef84b8",
      "repairability": [
        {
          "tool-name": "Nopol",
          "pattern-name": "Nopol:if_condition_upd_deep",
          "Unified_Diff_of-files:": "Starts Below...",
          "CHANGE_old:": "",
          "CHANGE_new:": "        postDefaultCases)",
          "instance_detail": [
            {
              "pattern_action": "ANY",
              "pattern_entity": {
                "entity_type": "*",
                "entity_new value": "*",
                "entity_role": "*",
                "entity_parent": {
                  "entity_type": "*",
                  "entity_new value": "*",
                  "entity_role": "condition",
                  "entity_parent": {
                    "entity_type": "If",
                    "entity_new value": "*",
                    "entity_role": "*",
                    "entity_parent": "null"
                  }
                }
              },
              "concrete_change": {
                "operator": "INS",
                "src_type": "BinaryOperator",
                "dst_type": "null",
                "src": "(((node.value) \u003d\u003d 0) \u0026\u0026 ((1 / (node.value)) \u003c 0))",
                "dst": "null",
                "src_parent_type": "BinaryOperator",
                "dst_parent_type": "null",
                "src_parent": "((node.value) \u003c 0) || (((node.value) \u003d\u003d 0) \u0026\u0026 ((1 / (node.value)) \u003c 0))",
                "dst_parent": "null"
              },
              "line": 278,
              "file": "/home/khesoem/projects/lighter/exp/src/main/java/com/shapesecurity/shift/validator/Validator.java",
              "stats": {
                "number_of_src_entities": 22,
                "number_of_dst_entities": -1,
                "src_entity_types": "[int, com.shapesecurity.shift.ast.expression.LiteralNumericExpression]",
                "dst_entity_types": "[]"
              }
            }
          ]
        }
      ]
    }
  ],
  "complete_analysis": true
}