{
  "instances": [
    {
      "revision": "4539a5576f113cdf9678bd87c12d97503a939301",
      "repairability": [
        {
          "tool-name": "JGenProg",
          "pattern-name": "JGenProg:any_statement_shallow",
          "Unified_Diff_of-files:": "Starts Below...",
          "INSERT:": "        _hasExplicitName \u003d true;",
          "CHANGE_old:": "",
          "CHANGE_new:": "        // welcome to override this method of course)",
          "DELETE:": "    }",
          "instance_detail": [
            {
              "pattern_action": "ANY",
              "pattern_entity": {
                "entity_type": "*",
                "entity_new value": "*",
                "entity_role": "Statement",
                "entity_parent": "null"
              },
              "concrete_change": {
                "operator": "DEL",
                "src_type": "Assignment",
                "dst_type": "null",
                "src": "_name \u003d version.getArtifactId()",
                "dst": "null",
                "src_parent_type": "Block",
                "dst_parent_type": "null",
                "src_parent": "{\n    _name \u003d version.getArtifactId();\n    _version \u003d version;\n}",
                "dst_parent": "null"
              },
              "line": 127,
              "file": "/home/khesoem/projects/lighter/exp/src/main/java/com/fasterxml/jackson/databind/module/SimpleModule.java",
              "stats": {
                "number_of_src_entities": 25,
                "number_of_dst_entities": -1,
                "src_entity_types": "[com.fasterxml.jackson.core.Version, java.lang.String, com.fasterxml.jackson.databind.module.SimpleModule]",
                "dst_entity_types": "[]"
              }
            }
          ]
        },
        {
          "tool-name": "JGenProg",
          "pattern-name": "JGenProg:any_statement_shallow",
          "Unified_Diff_of-files:": "Starts Below...",
          "INSERT:": "        _hasExplicitName \u003d true;",
          "CHANGE_old:": "",
          "CHANGE_new:": "        // welcome to override this method of course)",
          "DELETE:": "    }",
          "instance_detail": [
            {
              "pattern_action": "ANY",
              "pattern_entity": {
                "entity_type": "*",
                "entity_new value": "*",
                "entity_role": "Statement",
                "entity_parent": "null"
              },
              "concrete_change": {
                "operator": "DEL",
                "src_type": "Assignment",
                "dst_type": "null",
                "src": "_version \u003d version",
                "dst": "null",
                "src_parent_type": "Block",
                "dst_parent_type": "null",
                "src_parent": "{\n    _name \u003d version.getArtifactId();\n    _version \u003d version;\n}",
                "dst_parent": "null"
              },
              "line": 128,
              "file": "/home/khesoem/projects/lighter/exp/src/main/java/com/fasterxml/jackson/databind/module/SimpleModule.java",
              "stats": {
                "number_of_src_entities": 19,
                "number_of_dst_entities": -1,
                "src_entity_types": "[com.fasterxml.jackson.core.Version, com.fasterxml.jackson.databind.module.SimpleModule]",
                "dst_entity_types": "[]"
              }
            }
          ]
        },
        {
          "tool-name": "JGenProg",
          "pattern-name": "JGenProg:any_statement_shallow",
          "Unified_Diff_of-files:": "Starts Below...",
          "INSERT:": "        _hasExplicitName \u003d true;",
          "CHANGE_old:": "",
          "CHANGE_new:": "        // welcome to override this method of course)",
          "DELETE:": "    }",
          "instance_detail": [
            {
              "pattern_action": "ANY",
              "pattern_entity": {
                "entity_type": "*",
                "entity_new value": "*",
                "entity_role": "Statement",
                "entity_parent": "null"
              },
              "concrete_change": {
                "operator": "DEL",
                "src_type": "Return",
                "dst_type": "null",
                "src": "return super.getTypeId()",
                "dst": "null",
                "src_parent_type": "Block",
                "dst_parent_type": "null",
                "src_parent": "{\n    if ((getClass()) \u003d\u003d (com.fasterxml.jackson.databind.module.SimpleModule.class)) {\n        return null;\n    }\n    return super.getTypeId();\n}",
                "dst_parent": "null"
              },
              "line": 188,
              "file": "/home/khesoem/projects/lighter/exp/src/main/java/com/fasterxml/jackson/databind/module/SimpleModule.java",
              "stats": {
                "number_of_src_entities": 11,
                "number_of_dst_entities": -1,
                "src_entity_types": "[com.fasterxml.jackson.databind.Module]",
                "dst_entity_types": "[]"
              }
            }
          ]
        },
        {
          "tool-name": "JGenProg",
          "pattern-name": "JGenProg:any_statement_deep",
          "Unified_Diff_of-files:": "Starts Below...",
          "INSERT:": "        _hasExplicitName \u003d true;",
          "CHANGE_old:": "",
          "CHANGE_new:": "        // welcome to override this method of course)",
          "DELETE:": "    }",
          "instance_detail": [
            {
              "pattern_action": "ANY",
              "pattern_entity": {
                "entity_type": "*",
                "entity_new value": "*",
                "entity_role": "*",
                "entity_parent": {
                  "entity_type": "*",
                  "entity_new value": "*",
                  "entity_role": "Statement",
                  "entity_parent": "null"
                }
              },
              "concrete_change": {
                "operator": "INS",
                "src_type": "Block",
                "dst_type": "null",
                "src": "{\n    return _name;\n}",
                "dst": "null",
                "src_parent_type": "If",
                "dst_parent_type": "null",
                "src_parent": "if (_hasExplicitName) {\n    return _name;\n}",
                "dst_parent": "null"
              },
              "line": 203,
              "file": "/home/khesoem/projects/lighter/exp/src/main/java/com/fasterxml/jackson/databind/module/SimpleModule.java",
              "stats": {
                "number_of_src_entities": 14,
                "number_of_dst_entities": -1,
                "src_entity_types": "[com.fasterxml.jackson.databind.module.SimpleModule]",
                "dst_entity_types": "[]"
              }
            }
          ]
        }
      ]
    }
  ],
  "complete_analysis": true
}