{
  "instances": [
    {
      "revision": "f7f6a0268502d89e5c42ea2753c0a8a1a7a8b530",
      "repairability": [
        {
          "tool-name": "JGenProg",
          "pattern-name": "JGenProg:any_statement_shallow",
          "Unified_Diff_of-files:": "Starts Below...",
          "CHANGE_old:": "",
          "CHANGE_new:": "            return DecimalNode.ZERO;",
          "INSERT:": "    }",
          "instance_detail": [
            {
              "pattern_action": "ANY",
              "pattern_entity": {
                "entity_type": "*",
                "entity_new value": "*",
                "entity_role": "Statement",
                "entity_parent": "null"
              },
              "concrete_change": {
                "operator": "DEL",
                "src_type": "Return",
                "dst_type": "null",
                "src": "return (v.compareTo(java.math.BigDecimal.ZERO)) \u003d\u003d 0 ? com.fasterxml.jackson.databind.node.DecimalNode.ZERO : com.fasterxml.jackson.databind.node.DecimalNode.valueOf(v.stripTrailingZeros())",
                "dst": "null",
                "src_parent_type": "Block",
                "dst_parent_type": "null",
                "src_parent": "{\n    if (v \u003d\u003d null) {\n        return nullNode();\n    }\n    if (_cfgBigDecimalExact)\n        return com.fasterxml.jackson.databind.node.DecimalNode.valueOf(v);\n\n    return (v.compareTo(java.math.BigDecimal.ZERO)) \u003d\u003d 0 ? com.fasterxml.jackson.databind.node.DecimalNode.ZERO : com.fasterxml.jackson.databind.node.DecimalNode.valueOf(v.stripTrailingZeros());\n}",
                "dst_parent": "null"
              },
              "line": 279,
              "file": "/home/khesoem/projects/lighter/exp/src/main/java/com/fasterxml/jackson/databind/node/JsonNodeFactory.java",
              "stats": {
                "number_of_src_entities": 58,
                "number_of_dst_entities": -1,
                "src_entity_types": "[int, boolean, com.fasterxml.jackson.databind.node.DecimalNode, java.math.BigDecimal, com.fasterxml.jackson.databind.node.ValueNode]",
                "dst_entity_types": "[]"
              }
            }
          ]
        }
      ]
    }
  ],
  "complete_analysis": true
}