{
  "instances": [
    {
      "revision": "68a98474dedaed0d7f3c1cddf5211114a7f17963",
      "repairability": [
        {
          "tool-name": "JGenProg",
          "pattern-name": "JGenProg:any_statement_shallow",
          "Unified_Diff_of-files:": "Starts Below...",
          "INSERT:": "",
          "CHANGE_old:": "",
          "CHANGE_new:": "        }",
          "DELETE:": "    }",
          "instance_detail": [
            {
              "pattern_action": "ANY",
              "pattern_entity": {
                "entity_type": "*",
                "entity_new value": "*",
                "entity_role": "Statement",
                "entity_parent": "null"
              },
              "concrete_change": {
                "operator": "INS",
                "src_type": "If",
                "dst_type": "null",
                "src": "if (((_enumDefaultValue) !\u003d null) \u0026\u0026 (ctxt.isEnabled(com.fasterxml.jackson.databind.DeserializationFeature.READ_UNKNOWN_ENUM_VALUES_USING_DEFAULT_VALUE))) {\n    return _enumDefaultValue;\n}",
                "dst": "null",
                "src_parent_type": "Block",
                "dst_parent_type": "null",
                "src_parent": "{\n    if (((_enumDefaultValue) !\u003d null) \u0026\u0026 (ctxt.isEnabled(com.fasterxml.jackson.databind.DeserializationFeature.READ_UNKNOWN_ENUM_VALUES_USING_DEFAULT_VALUE))) {\n        return _enumDefaultValue;\n    }\n    if (ctxt.isEnabled(com.fasterxml.jackson.databind.DeserializationFeature.READ_UNKNOWN_ENUM_VALUES_AS_NULL)) {\n        return null;\n    }\n    com.fasterxml.jackson.databind.cfg.CoercionAction act;\n    if (nameOrig.isEmpty()) {\n        act \u003d _findCoercionFromEmptyString(ctxt);\n        act \u003d _checkCoercionFail(ctxt, act, handledType(), nameOrig, \"empty String (\\\"\\\")\");\n    } else {\n        act \u003d _findCoercionFromBlankString(ctxt);\n        act \u003d _checkCoercionFail(ctxt, act, handledType(), nameOrig, \"blank String (all whitespace)\");\n    }\n    switch (act) {\n        case AsEmpty :\n        case TryConvert :\n            return getEmptyValue(ctxt);\n        case AsNull :\n        default :\n    }\n    return null;\n}",
                "dst_parent": "null"
              },
              "line": 278,
              "file": "/home/khesoem/projects/lighter/exp/src/main/java/com/fasterxml/jackson/databind/deser/std/EnumDeserializer.java",
              "stats": {
                "number_of_src_entities": 59,
                "number_of_dst_entities": -1,
                "src_entity_types": "[com.fasterxml.jackson.databind.deser.std.EnumDeserializer, boolean, com.fasterxml.jackson.databind.DeserializationContext, com.fasterxml.jackson.databind.DeserializationFeature, \u003cnulltype\u003e]",
                "dst_entity_types": "[]"
              }
            }
          ]
        }
      ]
    }
  ],
  "complete_analysis": true
}