{
  "instances": [
    {
      "revision": "0235b1c6faf36d1c3ee20bb0deeb256e5339b3aa",
      "repairability": [
        {
          "tool-name": "JGenProg",
          "pattern-name": "JGenProg:any_statement_shallow",
          "Unified_Diff_of-files:": "Starts Below...",
          "CHANGE_old:": "                \"com.fasterxml.jackson.databind.ext.SqlBlobDeserializer\");",
          "CHANGE_new:": "        //    dependency and not yet requested by anyone. Add if requested",
          "DELETE:": "",
          "INSERT:": "        ",
          "instance_detail": [
            {
              "pattern_action": "ANY",
              "pattern_entity": {
                "entity_type": "*",
                "entity_new value": "*",
                "entity_role": "Statement",
                "entity_parent": "null"
              },
              "concrete_change": {
                "operator": "DEL",
                "src_type": "Invocation",
                "dst_type": "null",
                "src": "_sqlDeserializers.put(com.fasterxml.jackson.databind.ext.OptionalHandlerFactory.CLS_NAME_JAVA_SQL_BLOB, \"com.fasterxml.jackson.databind.ext.SqlBlobDeserializer\")",
                "dst": "null",
                "src_parent_type": "Block",
                "dst_parent_type": "null",
                "src_parent": "{\n    _sqlDeserializers \u003d new java.util.HashMap\u003c\u003e();\n    _sqlDeserializers.put(com.fasterxml.jackson.databind.ext.OptionalHandlerFactory.CLS_NAME_JAVA_SQL_DATE, \"com.fasterxml.jackson.databind.deser.std.DateDeserializers$SqlDateDeserializer\");\n    _sqlDeserializers.put(com.fasterxml.jackson.databind.ext.OptionalHandlerFactory.CLS_NAME_JAVA_SQL_TIMESTAMP, \"com.fasterxml.jackson.databind.deser.std.DateDeserializers$TimestampDeserializer\");\n    _sqlDeserializers.put(com.fasterxml.jackson.databind.ext.OptionalHandlerFactory.CLS_NAME_JAVA_SQL_BLOB, \"com.fasterxml.jackson.databind.ext.SqlBlobDeserializer\");\n    _sqlSerializers \u003d new java.util.HashMap\u003c\u003e();\n    _sqlSerializers.put(com.fasterxml.jackson.databind.ext.OptionalHandlerFactory.CLS_NAME_JAVA_SQL_TIMESTAMP, com.fasterxml.jackson.databind.ser.std.DateSerializer.instance);\n    _sqlSerializers.put(com.fasterxml.jackson.databind.ext.OptionalHandlerFactory.CLS_NAME_JAVA_SQL_DATE, \"com.fasterxml.jackson.databind.ser.std.SqlDateSerializer\");\n    _sqlSerializers.put(com.fasterxml.jackson.databind.ext.OptionalHandlerFactory.CLS_NAME_JAVA_SQL_TIME, \"com.fasterxml.jackson.databind.ser.std.SqlTimeSerializer\");\n    _sqlSerializers.put(com.fasterxml.jackson.databind.ext.OptionalHandlerFactory.CLS_NAME_JAVA_SQL_BLOB, \"com.fasterxml.jackson.databind.ext.SqlBlobSerializer\");\n    _sqlSerializers.put(com.fasterxml.jackson.databind.ext.OptionalHandlerFactory.CLS_NAME_JAVA_SQL_SERIALBLOB, \"com.fasterxml.jackson.databind.ext.SqlBlobSerializer\");\n}",
                "dst_parent": "null"
              },
              "line": 99,
              "file": "/home/khesoem/projects/lighter/exp/src/main/java/com/fasterxml/jackson/databind/ext/OptionalHandlerFactory.java",
              "stats": {
                "number_of_src_entities": 38,
                "number_of_dst_entities": -1,
                "src_entity_types": "[com.fasterxml.jackson.databind.ext.OptionalHandlerFactory, java.lang.String, java.util.Map]",
                "dst_entity_types": "[]"
              }
            }
          ]
        }
      ]
    }
  ],
  "complete_analysis": true
}