{
  "instances": [
    {
      "revision": "320a7efac00df3984ba3b20f73017e0cec0b2cfc",
      "repairability": [
        {
          "tool-name": "JGenProg",
          "pattern-name": "JGenProg:any_statement_deep",
          "Unified_Diff_of-files:": "Starts Below...",
          "CHANGE_old:": "            this.cachedCriteriaQuery \u003d recreateQueries ? null : creator.createQuery().select(null);",
          "CHANGE_new:": "            this.cachedCriteriaQuery \u003d recreateQueries ? null : invokeQueryCreator(creator, null);",
          "INSERT:": "        }",
          "instance_detail": [
            {
              "pattern_action": "ANY",
              "pattern_entity": {
                "entity_type": "*",
                "entity_new value": "*",
                "entity_role": "*",
                "entity_parent": {
                  "entity_type": "*",
                  "entity_new value": "*",
                  "entity_role": "Statement",
                  "entity_parent": "null"
                }
              },
              "concrete_change": {
                "operator": "UPD",
                "src_type": "Literal",
                "dst_type": "Literal",
                "src": "true",
                "dst": "false",
                "src_parent_type": "Return",
                "dst_parent_type": "Return",
                "src_parent": "return true",
                "dst_parent": "return false"
              },
              "line": 57,
              "file": "/home/khesoem/projects/lighter/exp/integration/eclipselink/src/main/java/com/blazebit/persistence/impl/eclipselink/EclipseLinkJpaProvider.java",
              "stats": {
                "number_of_src_entities": 2,
                "number_of_dst_entities": 2,
                "src_entity_types": "[boolean]",
                "dst_entity_types": "[boolean]"
              }
            }
          ]
        }
      ]
    }
  ],
  "complete_analysis": true
}