{
  "instances": [
    {
      "revision": "23ea2e290f113245e9d14033f5e9d55ba4e7ee41",
      "repairability": [
        {
          "tool-name": "JGenProg",
          "pattern-name": "JGenProg:any_statement_deep",
          "Unified_Diff_of-files:": "Starts Below...",
          "INSERT:": "                super.visit(predicate);",
          "instance_detail": [
            {
              "pattern_action": "ANY",
              "pattern_entity": {
                "entity_type": "*",
                "entity_new value": "*",
                "entity_role": "*",
                "entity_parent": {
                  "entity_type": "*",
                  "entity_new value": "*",
                  "entity_role": "Statement",
                  "entity_parent": "null"
                }
              },
              "concrete_change": {
                "operator": "INS",
                "src_type": "Block",
                "dst_type": "null",
                "src": "{\n    super.visit(predicate);\n}",
                "dst": "null",
                "src_parent_type": "If",
                "dst_parent_type": "null",
                "src_parent": "if (right instanceof com.blazebit.persistence.impl.expression.PathExpression) {\n    renderEquality(predicate.getLeft(), right, predicate.isNegated(), PredicateQuantifier.ONE);\n} else {\n    super.visit(predicate);\n}",
                "dst_parent": "null"
              },
              "line": 534,
              "file": "/home/khesoem/projects/lighter/exp/core/impl/src/main/java/com/blazebit/persistence/impl/ResolvingQueryGenerator.java",
              "stats": {
                "number_of_src_entities": 15,
                "number_of_dst_entities": -1,
                "src_entity_types": "[com.blazebit.persistence.impl.SimpleQueryGenerator, com.blazebit.persistence.impl.predicate.InPredicate]",
                "dst_entity_types": "[]"
              }
            }
          ]
        }
      ]
    }
  ],
  "complete_analysis": true
}