{
  "instances": [
    {
      "revision": "52bb734e7c29b84de788dea15b06ec27456a48af",
      "repairability": [
        {
          "tool-name": "JGenProg",
          "pattern-name": "JGenProg:any_statement_shallow",
          "Unified_Diff_of-files:": "Starts Below...",
          "DELETE:": "        throw new IllegalArgumentException(String.format(\"Cannot have an absent Agent Instance Id (agent: %s)\", agent.getAgentId()));",
          "instance_detail": [
            {
              "pattern_action": "ANY",
              "pattern_entity": {
                "entity_type": "*",
                "entity_new value": "*",
                "entity_role": "Statement",
                "entity_parent": "null"
              },
              "concrete_change": {
                "operator": "DEL",
                "src_type": "Throw",
                "dst_type": "null",
                "src": "throw new java.lang.IllegalArgumentException(java.lang.String.format(\"Cannot have an absent Agent Instance Id (agent: %s)\", agent.getAgentId()))",
                "dst": "null",
                "src_parent_type": "Block",
                "dst_parent_type": "null",
                "src_parent": "{\n    throw new java.lang.IllegalArgumentException(java.lang.String.format(\"Cannot have an absent Agent Instance Id (agent: %s)\", agent.getAgentId()));\n}",
                "dst_parent": "null"
              },
              "line": 59,
              "file": "/home/khesoem/projects/lighter/exp/BaragonService/src/main/java/com/hubspot/baragon/service/elb/ElasticLoadBalancer.java"
            }
          ]
        }
      ]
    }
  ],
  "complete_analysis": true
}