{
  "instances": [
    {
      "revision": "70957575317025360c2f89c3e4d4a4c22fd1d271",
      "repairability": [
        {
          "tool-name": "JGenProg",
          "pattern-name": "JGenProg:any_statement_shallow",
          "Unified_Diff_of-files:": "Starts Below...",
          "DELETE:": "                nonServiceChanges.remove(q);",
          "CHANGE_old:": "        queuedRequests.removeAll(serviceChanges);",
          "CHANGE_new:": "        queuedRequests.removeAll(hydratedServiceChanges);",
          "instance_detail": [
            {
              "pattern_action": "ANY",
              "pattern_entity": {
                "entity_type": "*",
                "entity_new value": "*",
                "entity_role": "Statement",
                "entity_parent": "null"
              },
              "concrete_change": {
                "operator": "DEL",
                "src_type": "Invocation",
                "dst_type": "null",
                "src": "nonServiceChanges.remove(q)",
                "dst": "null",
                "src_parent_type": "Block",
                "dst_parent_type": "null",
                "src_parent": "{\n    com.hubspot.baragon.service.worker.BaragonRequestWorker.LOG.info(\"Skipping {} because {} already has an in progress request\", q.getQueuedRequestId().getRequestId(), q.getQueuedRequestId().getServiceId());\n    nonServiceChanges.remove(q);\n    return false;\n}",
                "dst_parent": "null"
              },
              "line": 309,
              "file": "/home/khesoem/projects/lighter/exp/BaragonService/src/main/java/com/hubspot/baragon/service/worker/BaragonRequestWorker.java",
              "stats": {
                "number_of_src_entities": 12,
                "number_of_dst_entities": -1,
                "src_entity_types": "[com.hubspot.baragon.models.QueuedRequestWithState, java.util.ArrayList\u003ccom.hubspot.baragon.models.QueuedRequestWithState\u003e, com.hubspot.baragon.service.worker.nonServiceChanges]",
                "dst_entity_types": "[]"
              }
            }
          ]
        }
      ]
    }
  ],
  "complete_analysis": true
}