{
  "instances": [
    {
      "revision": "64699521cd23664775d83d39146d1fe659d3495b",
      "repairability": [
        {
          "tool-name": "Arja",
          "pattern-name": "Arja:arja_shallow_change",
          "Unified_Diff_of-files:": "Starts Below...",
          "INSERT:": "    public static final String FAILED_DOC_PATHS \u003d \"failedDocPaths\";",
          "instance_detail": [
            {
              "pattern_action": "ANY",
              "pattern_entity": {
                "entity_type": "Statement",
                "entity_new value": "*",
                "entity_role": "*",
                "entity_parent": "null"
              },
              "concrete_change": {
                "operator": "DEL",
                "src_type": "If",
                "dst_type": "null",
                "src": "if (bulkResponse.hasFailures()) {\n    for (org.elasticsearch.action.bulk.BulkItemResponse bulkItemResponse : bulkResponse) {\n        if (bulkItemResponse.isFailed()) {\n            org.elasticsearch.action.bulk.BulkItemResponse.Failure failure \u003d bulkItemResponse.getFailure();\n            org.apache.jackrabbit.oak.plugins.index.elastic.index.ElasticIndexWriter.LOG.error(\"Bulk item with id {} failed\", failure.getId(), failure.getCause());\n        } else {\n            updatesMap.put(executionId, java.lang.Boolean.TRUE);\n        }\n    }\n} else {\n    updatesMap.put(executionId, java.lang.Boolean.TRUE);\n}",
                "dst": "null",
                "src_parent_type": "Block",
                "dst_parent_type": "null",
                "src_parent": "{\n    org.apache.jackrabbit.oak.plugins.index.elastic.index.ElasticIndexWriter.LOG.debug(\"Bulk with id {} processed with status {} in {}\", executionId, bulkResponse.status(), bulkResponse.getTook());\n    if (org.apache.jackrabbit.oak.plugins.index.elastic.index.ElasticIndexWriter.LOG.isTraceEnabled()) {\n        try {\n            org.apache.jackrabbit.oak.plugins.index.elastic.index.ElasticIndexWriter.LOG.trace(org.elasticsearch.common.Strings.toString(bulkResponse.toXContent(jsonBuilder(), org.apache.jackrabbit.oak.plugins.index.elastic.index.EMPTY_PARAMS)));\n        } catch (java.io.IOException e) {\n            org.apache.jackrabbit.oak.plugins.index.elastic.index.ElasticIndexWriter.LOG.error(\"Error decoding bulk response\", e);\n        }\n    }\n    if (bulkResponse.hasFailures()) {\n        for (org.elasticsearch.action.bulk.BulkItemResponse bulkItemResponse : bulkResponse) {\n            if (bulkItemResponse.isFailed()) {\n                org.elasticsearch.action.bulk.BulkItemResponse.Failure failure \u003d bulkItemResponse.getFailure();\n                org.apache.jackrabbit.oak.plugins.index.elastic.index.ElasticIndexWriter.LOG.error(\"Bulk item with id {} failed\", failure.getId(), failure.getCause());\n            } else {\n                updatesMap.put(executionId, java.lang.Boolean.TRUE);\n            }\n        }\n    } else {\n        updatesMap.put(executionId, java.lang.Boolean.TRUE);\n    }\n    phaser.arriveAndDeregister();\n}",
                "dst_parent": "null"
              },
              "line": 256,
              "file": "/home/khesoem/projects/lighter/exp/oak-search-elastic/src/main/java/org/apache/jackrabbit/oak/plugins/index/elastic/index/ElasticIndexWriter.java",
              "stats": {
                "number_of_src_entities": 163,
                "number_of_dst_entities": -1,
                "src_entity_types": "[org.apache.jackrabbit.oak.plugins.index.elastic.index.ElasticIndexWriter, java.util.concurrent.ConcurrentHashMap, org.elasticsearch.action.bulk.BulkItemResponse, java.lang.String, org.elasticsearch.action.bulk.BulkResponse, org.slf4j.Logger, java.lang.Boolean, org.elasticsearch.action.bulk.BulkItemResponse.Failure, BulkItemResponse.Failure, long]",
                "dst_entity_types": "[]"
              }
            }
          ]
        }
      ]
    }
  ],
  "complete_analysis": true
}