{
  "instances": [
    {
      "revision": "7b730bb16a4883048d7eca58fa09eb907da2888d",
      "repairability": [
        {
          "tool-name": "Arja",
          "pattern-name": "Arja:arja_shallow_change",
          "Unified_Diff_of-files:": "Starts Below...",
          "INSERT:": "}",
          "instance_detail": [
            {
              "pattern_action": "ANY",
              "pattern_entity": {
                "entity_type": "Statement",
                "entity_new value": "*",
                "entity_role": "*",
                "entity_parent": "null"
              },
              "concrete_change": {
                "operator": "UPD",
                "src_type": "Invocation",
                "dst_type": "Invocation",
                "src": "cfg.getSegmentNodeStorePersistence()",
                "dst": "cfg.getLogger()",
                "src_parent_type": "Invocation",
                "dst_parent_type": "Invocation",
                "src_parent": "cfg.getLogger().info(\"Initializing SegmentNodeStore with custom persistence [{}]\", cfg.getSegmentNodeStorePersistence())",
                "dst_parent": "cfg.getLogger().info(\"Initializing SegmentNodeStore with custom persistence [{}]\", customPersistence)"
              },
              "line": 242,
              "file": "/home/khesoem/projects/lighter/exp/oak-segment-tar/src/main/java/org/apache/jackrabbit/oak/segment/SegmentNodeStoreRegistrar.java",
              "stats": {
                "number_of_src_entities": 20,
                "number_of_dst_entities": 20,
                "src_entity_types": "[org.apache.jackrabbit.oak.segment.SegmentNodeStoreRegistrar, org.apache.jackrabbit.oak.segment.SegmentNodeStoreRegistrar.Configuration]",
                "dst_entity_types": "[org.apache.jackrabbit.oak.segment.SegmentNodeStoreRegistrar, org.apache.jackrabbit.oak.segment.SegmentNodeStoreRegistrar.Configuration]"
              }
            }
          ]
        },
        {
          "tool-name": "Arja",
          "pattern-name": "Arja:arja_shallow_change",
          "Unified_Diff_of-files:": "Starts Below...",
          "INSERT:": "}",
          "instance_detail": [
            {
              "pattern_action": "ANY",
              "pattern_entity": {
                "entity_type": "Statement",
                "entity_new value": "*",
                "entity_role": "*",
                "entity_parent": "null"
              },
              "concrete_change": {
                "operator": "DEL",
                "src_type": "Invocation",
                "dst_type": "null",
                "src": "cfg.getSegmentNodeStorePersistence()",
                "dst": "null",
                "src_parent_type": "Invocation",
                "dst_parent_type": "null",
                "src_parent": "cfg.getLogger().info(\"Initializing SegmentNodeStore with custom persistence [{}] and local writes\", cfg.getSegmentNodeStorePersistence())",
                "dst_parent": "null"
              },
              "line": 235,
              "file": "/home/khesoem/projects/lighter/exp/oak-segment-tar/src/main/java/org/apache/jackrabbit/oak/segment/SegmentNodeStoreRegistrar.java",
              "stats": {
                "number_of_src_entities": 20,
                "number_of_dst_entities": -1,
                "src_entity_types": "[org.apache.jackrabbit.oak.segment.SegmentNodeStoreRegistrar, org.apache.jackrabbit.oak.segment.SegmentNodeStoreRegistrar.Configuration]",
                "dst_entity_types": "[]"
              }
            }
          ]
        },
        {
          "tool-name": "Arja",
          "pattern-name": "Arja:arja_shallow_change",
          "Unified_Diff_of-files:": "Starts Below...",
          "INSERT:": "}",
          "instance_detail": [
            {
              "pattern_action": "ANY",
              "pattern_entity": {
                "entity_type": "Statement",
                "entity_new value": "*",
                "entity_role": "*",
                "entity_parent": "null"
              },
              "concrete_change": {
                "operator": "DEL",
                "src_type": "Invocation",
                "dst_type": "null",
                "src": "cfg.getSegmentNodeStorePersistence()",
                "dst": "null",
                "src_parent_type": "Invocation",
                "dst_parent_type": "null",
                "src_parent": "builder.withCustomPersistence(cfg.getSegmentNodeStorePersistence())",
                "dst_parent": "null"
              },
              "line": 243,
              "file": "/home/khesoem/projects/lighter/exp/oak-segment-tar/src/main/java/org/apache/jackrabbit/oak/segment/SegmentNodeStoreRegistrar.java",
              "stats": {
                "number_of_src_entities": 20,
                "number_of_dst_entities": -1,
                "src_entity_types": "[org.apache.jackrabbit.oak.segment.SegmentNodeStoreRegistrar, org.apache.jackrabbit.oak.segment.SegmentNodeStoreRegistrar.Configuration]",
                "dst_entity_types": "[]"
              }
            }
          ]
        }
      ]
    }
  ],
  "complete_analysis": true
}