{
  "instances": [
    {
      "revision": "b5bfa2ac5cf12768fe4261e91ec516ce1e7498c7",
      "repairability": [
        {
          "tool-name": "Cardumen",
          "pattern-name": "Cardumen:expression_replacement_by_upd",
          "Unified_Diff_of-files:": "Starts Below...",
          "INSERT:": "import com.societegenerale.cidroid.tasks.consumer.services.model.github.User;",
          "CHANGE_old:": "    protected String gitLogin;",
          "CHANGE_new:": "    private User userRequestingAction;",
          "instance_detail": [
            {
              "pattern_action": "UPD",
              "pattern_entity": {
                "entity_type": "Expression",
                "entity_new value": "*",
                "entity_role": "*",
                "entity_parent": "null"
              },
              "concrete_change": {
                "operator": "UPD",
                "src_type": "Invocation",
                "dst_type": "Invocation",
                "src": "actionToPerformCommand.getGitLogin()",
                "dst": "actionToPerformCommand.getGitHubOauthToken()",
                "src_parent_type": "Invocation",
                "dst_parent_type": "Invocation",
                "src_parent": "com.societegenerale.cidroid.tasks.consumer.services.model.BulkActionToPerform.builder().gitLogin(actionToPerformCommand.getGitLogin())",
                "dst_parent": "remoteGitHub.fetchCurrentUser(actionToPerformCommand.getGitHubOauthToken())"
              },
              "line": 61,
              "file": "/home/khesoem/projects/lighter/exp/ci-droid-tasks-consumer-infrastructure/src/main/java/com/societegenerale/cidroid/tasks/consumer/infrastructure/ActionToPerformListener.java",
              "stats": {
                "number_of_src_entities": 8,
                "number_of_dst_entities": 8,
                "src_entity_types": "[com.societegenerale.cidroid.tasks.consumer.infrastructure.ActionToPerformCommand]",
                "dst_entity_types": "[com.societegenerale.cidroid.tasks.consumer.infrastructure.ActionToPerformCommand]"
              }
            }
          ]
        }
      ]
    }
  ],
  "complete_analysis": true
}