{
  "instances": [
    {
      "revision": "bc0b1dc9389d16bcd2e7dcc506ea7302c9ddda01",
      "repairability": [
        {
          "tool-name": "Cardumen",
          "pattern-name": "Cardumen:expression_replacement_by_upd",
          "Unified_Diff_of-files:": "Starts Below...",
          "DELETE:": "",
          "instance_detail": [
            {
              "pattern_action": "UPD",
              "pattern_entity": {
                "entity_type": "Expression",
                "entity_new value": "*",
                "entity_role": "*",
                "entity_parent": "null"
              },
              "concrete_change": {
                "operator": "UPD",
                "src_type": "Lambda",
                "dst_type": "Lambda",
                "src": "( action) -\u003e {\n    actionToPerformListener.onActionToPerform(action);\n}",
                "dst": "( action) -\u003e {\n    actionToPerformListener.onActionToPerform(action);\n}",
                "src_parent_type": "Return",
                "dst_parent_type": "Return",
                "src_parent": "return ( action) -\u003e {\n    actionToPerformListener.onActionToPerform(action);\n}",
                "dst_parent": "return ( action) -\u003e {\n    actionToPerformListener.onActionToPerform(action);\n}"
              },
              "line": 151,
              "file": "/home/khesoem/projects/lighter/exp/ci-droid-tasks-consumer-infrastructure/src/main/java/com/societegenerale/cidroid/tasks/consumer/infrastructure/config/InfraConfig.java",
              "stats": {
                "number_of_src_entities": 23,
                "number_of_dst_entities": 23,
                "src_entity_types": "[com.societegenerale.cidroid.tasks.consumer.infrastructure.ActionToPerformCommand, com.societegenerale.cidroid.tasks.consumer.infrastructure.ActionToPerformListener, java.util.function.Consumer\u003ccom.societegenerale.cidroid.tasks.consumer.infrastructure.ActionToPerformCommand\u003e]",
                "dst_entity_types": "[com.societegenerale.cidroid.tasks.consumer.infrastructure.ActionToPerformCommand, com.societegenerale.cidroid.tasks.consumer.infrastructure.ActionToPerformListener, java.util.function.Consumer\u003ccom.societegenerale.cidroid.tasks.consumer.infrastructure.ActionToPerformCommand\u003e]"
              }
            }
          ]
        }
      ]
    }
  ],
  "complete_analysis": true
}