{
  "instances": [
    {
      "revision": "6936a2e0032396729b6d25e61b48bff148c2ebd3",
      "repairability": [
        {
          "tool-name": "Cardumen",
          "pattern-name": "Cardumen:expression_replacement_by_del_ins",
          "Unified_Diff_of-files:": "Starts Below...",
          "INSERT:": "}",
          "CHANGE_old:": "    if (node.value \u0026lt; 0 || node.value \u003d\u003d 0 \u0026\u0026 1 / node.value \u0026lt; 0) {",
          "CHANGE_new:": "    if (node.value \u0026lt; 0 || 1 / node.value \u0026lt; 0) {",
          "instance_detail": [
            {
              "pattern_action": "DEL",
              "pattern_entity": {
                "entity_type": "Expression",
                "entity_new value": "*",
                "entity_role": "*",
                "entity_parent": "null"
              },
              "concrete_change": {
                "operator": "DEL",
                "src_type": "Invocation",
                "dst_type": "null",
                "src": "this.getLocation()",
                "dst": "null",
                "src_parent_type": "Invocation",
                "dst_parent_type": "null",
                "src_parent": "this.markLocation(this.getLocation(), new com.shapesecurity.shift.ast.property.PropertyName(this.parseIdentifier()))",
                "dst_parent": "null"
              },
              "line": 1665,
              "file": "/home/khesoem/projects/lighter/exp/src/main/java/com/shapesecurity/shift/parser/Parser.java",
              "stats": {
                "number_of_src_entities": 8,
                "number_of_dst_entities": -1,
                "src_entity_types": "[com.shapesecurity.shift.parser.Parser]",
                "dst_entity_types": "[]"
              }
            },
            {
              "pattern_action": "INS",
              "pattern_entity": {
                "entity_type": "Expression",
                "entity_new value": "*",
                "entity_role": "*",
                "entity_parent": "null"
              },
              "concrete_change": {
                "operator": "INS",
                "src_type": "VariableRead",
                "dst_type": "null",
                "src": "location",
                "dst": "null",
                "src_parent_type": "Invocation",
                "dst_parent_type": "null",
                "src_parent": "this.markLocation(location, propertyName)",
                "dst_parent": "null"
              },
              "line": 1670,
              "file": "/home/khesoem/projects/lighter/exp/src/main/java/com/shapesecurity/shift/parser/Parser.java",
              "stats": {
                "number_of_src_entities": 4,
                "number_of_dst_entities": -1,
                "src_entity_types": "[com.shapesecurity.shift.ast.SourceLocation]",
                "dst_entity_types": "[]"
              }
            }
          ]
        }
      ]
    }
  ],
  "complete_analysis": true
}