{
  "instances": [
    {
      "revision": "62a133e2c946f09cf01a29ae6dc90cab78f84b4a",
      "repairability": [
        {
          "tool-name": "JKali",
          "pattern-name": "JKali:del",
          "Unified_Diff_of-files:": "Starts Below...",
          "CHANGE_old:": "    final int existingLength \u003d elements \u003d\u003d null ? 0 : elements.length;",
          "CHANGE_new:": "    final int existingLength \u003d elements.length;",
          "INSERT:": "",
          "DELETE:": "  }",
          "instance_detail": [
            {
              "pattern_action": "DEL",
              "pattern_entity": {
                "entity_type": "*",
                "entity_new value": "*",
                "entity_role": "Statement",
                "entity_parent": "null"
              },
              "concrete_change": {
                "operator": "DEL",
                "src_type": "If",
                "dst_type": "null",
                "src": "if ((elements) !\u003d null) {\n    for (int i \u003d (elements.length) - 1; i \u003e\u003d 0; i--) {\n        final java.lang.Object element \u003d elements[i];\n        if (element !\u003d null) {\n            action.accept(((H) (element)));\n        }\n    }\n}",
                "dst": "null",
                "src_parent_type": "Block",
                "dst_parent_type": "null",
                "src_parent": "{\n    if ((elements) !\u003d null) {\n        for (int i \u003d (elements.length) - 1; i \u003e\u003d 0; i--) {\n            final java.lang.Object element \u003d elements[i];\n            if (element !\u003d null) {\n                action.accept(((H) (element)));\n            }\n        }\n    }\n}",
                "dst_parent": "null"
              },
              "line": 33,
              "file": "/home/khesoem/projects/lighter/exp/vertx-web/src/main/java/io/vertx/ext/web/impl/SparseArray.java",
              "stats": {
                "number_of_src_entities": 107,
                "number_of_dst_entities": -1,
                "src_entity_types": "[io.vertx.ext.web.impl.SparseArray, int, io.vertx.ext.web.impl.SparseArray\u003cH\u003e, boolean, java.lang.Object, java.util.function.Consumer\u003cH\u003e, java.util.function.Consumer, \u003cnulltype\u003e]",
                "dst_entity_types": "[]"
              }
            }
          ]
        },
        {
          "tool-name": "JKali",
          "pattern-name": "JKali:del",
          "Unified_Diff_of-files:": "Starts Below...",
          "CHANGE_old:": "    final int existingLength \u003d elements \u003d\u003d null ? 0 : elements.length;",
          "CHANGE_new:": "    final int existingLength \u003d elements.length;",
          "INSERT:": "",
          "DELETE:": "  }",
          "instance_detail": [
            {
              "pattern_action": "DEL",
              "pattern_entity": {
                "entity_type": "*",
                "entity_new value": "*",
                "entity_role": "Statement",
                "entity_parent": "null"
              },
              "concrete_change": {
                "operator": "DEL",
                "src_type": "If",
                "dst_type": "null",
                "src": "if ((elements) !\u003d null) {\n    java.util.Arrays.fill(elements, null);\n}",
                "dst": "null",
                "src_parent_type": "Block",
                "dst_parent_type": "null",
                "src_parent": "{\n    if ((elements) !\u003d null) {\n        java.util.Arrays.fill(elements, null);\n    }\n}",
                "dst_parent": "null"
              },
              "line": 44,
              "file": "/home/khesoem/projects/lighter/exp/vertx-web/src/main/java/io/vertx/ext/web/impl/SparseArray.java",
              "stats": {
                "number_of_src_entities": 47,
                "number_of_dst_entities": -1,
                "src_entity_types": "[io.vertx.ext.web.impl.SparseArray, boolean, \u003cnulltype\u003e, java.util.Arrays]",
                "dst_entity_types": "[]"
              }
            }
          ]
        }
      ]
    }
  ],
  "complete_analysis": true
}