{
  "instances": [
    {
      "revision": "72e593bcce4486ebcdde7982ac7478a811753991",
      "repairability": [
        {
          "tool-name": "JKali",
          "pattern-name": "JKali:del",
          "Unified_Diff_of-files:": "Starts Below...",
          "CHANGE_old:": "    if (!(o instanceof Span)) return false;",
          "CHANGE_new:": "    if (!(o instanceof V1Span)) return false;",
          "instance_detail": [
            {
              "pattern_action": "DEL",
              "pattern_entity": {
                "entity_type": "*",
                "entity_new value": "*",
                "entity_role": "Statement",
                "entity_parent": "null"
              },
              "concrete_change": {
                "operator": "DEL",
                "src_type": "LocalVariable",
                "dst_type": "null",
                "src": "java.util.List\u003czipkin2.Span\u003e list \u003d new java.util.ArrayList\u003c\u003e()",
                "dst": "null",
                "src_parent_type": "Block",
                "dst_parent_type": "null",
                "src_parent": "{\n    java.util.List\u003czipkin2.Span\u003e list \u003d new java.util.ArrayList\u003c\u003e();\n    if (!(spans.hasNext()))\n        return this;\n\n    zipkin2.Span first \u003d spans.next();\n    list.add(first);\n    if (logger.isLoggable(java.util.logging.Level.FINE))\n        logger.fine((\"linking trace \" + (first.traceId())));\n\n    zipkin2.internal.Node.TreeBuilder\u003czipkin2.Span\u003e builder \u003d new zipkin2.internal.Node.TreeBuilder\u003c\u003e(logger, zipkin2.internal.DependencyLinker.MERGE_RPC, first.traceId());\n    builder.addNode(first.parentId(), first.id(), first);\n    while (spans.hasNext()) {\n        zipkin2.Span next \u003d spans.next();\n        list.add(next);\n        builder.addNode(next.parentId(), next.id(), next);\n    } \n    zipkin2.internal.Node\u003czipkin2.Span\u003e tree \u003d builder.build();\n    if (logger.isLoggable(java.util.logging.Level.FINE))\n        logger.fine(\"traversing trace tree, breadth-first\");\n\n    for (java.util.Iterator\u003czipkin2.internal.Node\u003czipkin2.Span\u003e\u003e i \u003d tree.traverse(); i.hasNext();) {\n        zipkin2.internal.Node\u003czipkin2.Span\u003e current \u003d i.next();\n        zipkin2.Span currentSpan \u003d current.value();\n        if (currentSpan \u003d\u003d null) {\n            logger.fine(\"skipping synthetic node for broken span tree\");\n            continue;\n        }\n        if (logger.isLoggable(java.util.logging.Level.FINE)) {\n            logger.fine((\"processing \" + currentSpan));\n        }\n        zipkin2.Span.Kind kind \u003d currentSpan.kind();\n        if ((Kind.CLIENT.equals(kind)) \u0026\u0026 (!(current.children().isEmpty()))) {\n            logger.fine(\"deferring link to rpc child span\");\n            continue;\n        }\n        java.lang.String serviceName \u003d currentSpan.localServiceName();\n        java.lang.String remoteServiceName \u003d currentSpan.remoteServiceName();\n        if (kind \u003d\u003d null) {\n            if ((serviceName !\u003d null) \u0026\u0026 (remoteServiceName !\u003d null)) {\n                kind \u003d zipkin2.Span.Kind.CLIENT;\n            } else {\n                logger.fine(\"non-rpc span; skipping\");\n                continue;\n            }\n        }\n        java.lang.String child;\n        java.lang.String parent;\n        switch (kind) {\n            case SERVER :\n            case CONSUMER :\n                child \u003d serviceName;\n                parent \u003d remoteServiceName;\n                if (current \u003d\u003d tree) {\n                    if (parent \u003d\u003d null) {\n                        logger.fine(\"root\u0027s peer is unknown; skipping\");\n                        continue;\n                    }\n                }\n                break;\n            case CLIENT :\n            case PRODUCER :\n                parent \u003d serviceName;\n                child \u003d remoteServiceName;\n                break;\n            default :\n                logger.fine(\"unknown kind; skipping\");\n                continue;\n        }\n        boolean isError \u003d currentSpan.tags().containsKey(\"error\");\n        if ((kind \u003d\u003d (zipkin2.Span.Kind.PRODUCER)) || (kind \u003d\u003d (zipkin2.Span.Kind.CONSUMER))) {\n            if ((parent \u003d\u003d null) || (child \u003d\u003d null)) {\n                logger.fine(\"cannot link messaging span to its broker; skipping\");\n            } else {\n                addLink(parent, child, isError);\n            }\n            continue;\n        }\n        if ((logger.isLoggable(java.util.logging.Level.FINE)) \u0026\u0026 (parent \u003d\u003d null)) {\n            logger.fine(\"cannot determine parent, looking for first server ancestor\");\n        }\n        zipkin2.Span rpcAncestor \u003d findRpcAncestor(current);\n        java.lang.String rpcAncestorName;\n        if ((rpcAncestor !\u003d null) \u0026\u0026 ((rpcAncestorName \u003d rpcAncestor.localServiceName()) !\u003d null)) {\n            if (((kind \u003d\u003d (zipkin2.Span.Kind.CLIENT)) \u0026\u0026 (serviceName !\u003d null)) \u0026\u0026 (!(rpcAncestorName.equals(serviceName)))) {\n                logger.fine(\"detected missing link to client span\");\n                addLink(rpcAncestorName, serviceName, false);\n            }\n            if (parent \u003d\u003d null)\n                parent \u003d rpcAncestorName;\n\n            if ((((!isError) \u0026\u0026 (Kind.CLIENT.equals(rpcAncestor.kind()))) \u0026\u0026 ((currentSpan.parentId()) !\u003d null)) \u0026\u0026 (currentSpan.parentId().equals(rpcAncestor.id()))) {\n                isError \u003d rpcAncestor.tags().containsKey(\"error\");\n            }\n        }\n        if ((parent \u003d\u003d null) || (child \u003d\u003d null)) {\n            logger.fine(\"cannot find server ancestor; skipping\");\n            continue;\n        }\n        addLink(parent, child, isError);\n    }\n    return this;\n}",
                "dst_parent": "null"
              },
              "line": 83,
              "file": "/home/khesoem/projects/lighter/exp/zipkin/src/main/java/zipkin2/internal/DependencyLinker.java",
              "stats": {
                "number_of_src_entities": 13,
                "number_of_dst_entities": -1,
                "src_entity_types": "[java.util.ArrayList, java.util.List\u003czipkin2.Span\u003e, zipkin2.Span]",
                "dst_entity_types": "[]"
              }
            }
          ]
        },
        {
          "tool-name": "JKali",
          "pattern-name": "JKali:del",
          "Unified_Diff_of-files:": "Starts Below...",
          "CHANGE_old:": "    if (!(o instanceof Span)) return false;",
          "CHANGE_new:": "    if (!(o instanceof V1Span)) return false;",
          "instance_detail": [
            {
              "pattern_action": "DEL",
              "pattern_entity": {
                "entity_type": "*",
                "entity_new value": "*",
                "entity_role": "Statement",
                "entity_parent": "null"
              },
              "concrete_change": {
                "operator": "DEL",
                "src_type": "Invocation",
                "dst_type": "null",
                "src": "list.add(first)",
                "dst": "null",
                "src_parent_type": "Block",
                "dst_parent_type": "null",
                "src_parent": "{\n    java.util.List\u003czipkin2.Span\u003e list \u003d new java.util.ArrayList\u003c\u003e();\n    if (!(spans.hasNext()))\n        return this;\n\n    zipkin2.Span first \u003d spans.next();\n    list.add(first);\n    if (logger.isLoggable(java.util.logging.Level.FINE))\n        logger.fine((\"linking trace \" + (first.traceId())));\n\n    zipkin2.internal.Node.TreeBuilder\u003czipkin2.Span\u003e builder \u003d new zipkin2.internal.Node.TreeBuilder\u003c\u003e(logger, zipkin2.internal.DependencyLinker.MERGE_RPC, first.traceId());\n    builder.addNode(first.parentId(), first.id(), first);\n    while (spans.hasNext()) {\n        zipkin2.Span next \u003d spans.next();\n        list.add(next);\n        builder.addNode(next.parentId(), next.id(), next);\n    } \n    zipkin2.internal.Node\u003czipkin2.Span\u003e tree \u003d builder.build();\n    if (logger.isLoggable(java.util.logging.Level.FINE))\n        logger.fine(\"traversing trace tree, breadth-first\");\n\n    for (java.util.Iterator\u003czipkin2.internal.Node\u003czipkin2.Span\u003e\u003e i \u003d tree.traverse(); i.hasNext();) {\n        zipkin2.internal.Node\u003czipkin2.Span\u003e current \u003d i.next();\n        zipkin2.Span currentSpan \u003d current.value();\n        if (currentSpan \u003d\u003d null) {\n            logger.fine(\"skipping synthetic node for broken span tree\");\n            continue;\n        }\n        if (logger.isLoggable(java.util.logging.Level.FINE)) {\n            logger.fine((\"processing \" + currentSpan));\n        }\n        zipkin2.Span.Kind kind \u003d currentSpan.kind();\n        if ((Kind.CLIENT.equals(kind)) \u0026\u0026 (!(current.children().isEmpty()))) {\n            logger.fine(\"deferring link to rpc child span\");\n            continue;\n        }\n        java.lang.String serviceName \u003d currentSpan.localServiceName();\n        java.lang.String remoteServiceName \u003d currentSpan.remoteServiceName();\n        if (kind \u003d\u003d null) {\n            if ((serviceName !\u003d null) \u0026\u0026 (remoteServiceName !\u003d null)) {\n                kind \u003d zipkin2.Span.Kind.CLIENT;\n            } else {\n                logger.fine(\"non-rpc span; skipping\");\n                continue;\n            }\n        }\n        java.lang.String child;\n        java.lang.String parent;\n        switch (kind) {\n            case SERVER :\n            case CONSUMER :\n                child \u003d serviceName;\n                parent \u003d remoteServiceName;\n                if (current \u003d\u003d tree) {\n                    if (parent \u003d\u003d null) {\n                        logger.fine(\"root\u0027s peer is unknown; skipping\");\n                        continue;\n                    }\n                }\n                break;\n            case CLIENT :\n            case PRODUCER :\n                parent \u003d serviceName;\n                child \u003d remoteServiceName;\n                break;\n            default :\n                logger.fine(\"unknown kind; skipping\");\n                continue;\n        }\n        boolean isError \u003d currentSpan.tags().containsKey(\"error\");\n        if ((kind \u003d\u003d (zipkin2.Span.Kind.PRODUCER)) || (kind \u003d\u003d (zipkin2.Span.Kind.CONSUMER))) {\n            if ((parent \u003d\u003d null) || (child \u003d\u003d null)) {\n                logger.fine(\"cannot link messaging span to its broker; skipping\");\n            } else {\n                addLink(parent, child, isError);\n            }\n            continue;\n        }\n        if ((logger.isLoggable(java.util.logging.Level.FINE)) \u0026\u0026 (parent \u003d\u003d null)) {\n            logger.fine(\"cannot determine parent, looking for first server ancestor\");\n        }\n        zipkin2.Span rpcAncestor \u003d findRpcAncestor(current);\n        java.lang.String rpcAncestorName;\n        if ((rpcAncestor !\u003d null) \u0026\u0026 ((rpcAncestorName \u003d rpcAncestor.localServiceName()) !\u003d null)) {\n            if (((kind \u003d\u003d (zipkin2.Span.Kind.CLIENT)) \u0026\u0026 (serviceName !\u003d null)) \u0026\u0026 (!(rpcAncestorName.equals(serviceName)))) {\n                logger.fine(\"detected missing link to client span\");\n                addLink(rpcAncestorName, serviceName, false);\n            }\n            if (parent \u003d\u003d null)\n                parent \u003d rpcAncestorName;\n\n            if ((((!isError) \u0026\u0026 (Kind.CLIENT.equals(rpcAncestor.kind()))) \u0026\u0026 ((currentSpan.parentId()) !\u003d null)) \u0026\u0026 (currentSpan.parentId().equals(rpcAncestor.id()))) {\n                isError \u003d rpcAncestor.tags().containsKey(\"error\");\n            }\n        }\n        if ((parent \u003d\u003d null) || (child \u003d\u003d null)) {\n            logger.fine(\"cannot find server ancestor; skipping\");\n            continue;\n        }\n        addLink(parent, child, isError);\n    }\n    return this;\n}",
                "dst_parent": "null"
              },
              "line": 86,
              "file": "/home/khesoem/projects/lighter/exp/zipkin/src/main/java/zipkin2/internal/DependencyLinker.java",
              "stats": {
                "number_of_src_entities": 18,
                "number_of_dst_entities": -1,
                "src_entity_types": "[java.util.List\u003czipkin2.Span\u003e, zipkin2.Span]",
                "dst_entity_types": "[]"
              }
            }
          ]
        },
        {
          "tool-name": "JKali",
          "pattern-name": "JKali:del",
          "Unified_Diff_of-files:": "Starts Below...",
          "CHANGE_old:": "    if (!(o instanceof Span)) return false;",
          "CHANGE_new:": "    if (!(o instanceof V1Span)) return false;",
          "instance_detail": [
            {
              "pattern_action": "DEL",
              "pattern_entity": {
                "entity_type": "*",
                "entity_new value": "*",
                "entity_role": "Statement",
                "entity_parent": "null"
              },
              "concrete_change": {
                "operator": "DEL",
                "src_type": "Invocation",
                "dst_type": "null",
                "src": "list.add(next)",
                "dst": "null",
                "src_parent_type": "Block",
                "dst_parent_type": "null",
                "src_parent": "{\n    zipkin2.Span next \u003d spans.next();\n    list.add(next);\n    builder.addNode(next.parentId(), next.id(), next);\n}",
                "dst_parent": "null"
              },
              "line": 94,
              "file": "/home/khesoem/projects/lighter/exp/zipkin/src/main/java/zipkin2/internal/DependencyLinker.java",
              "stats": {
                "number_of_src_entities": 18,
                "number_of_dst_entities": -1,
                "src_entity_types": "[java.util.List\u003czipkin2.Span\u003e, zipkin2.Span]",
                "dst_entity_types": "[]"
              }
            }
          ]
        }
      ]
    },
    {
      "revision": "72e593bcce4486ebcdde7982ac7478a811753991",
      "repairability": [
        {
          "tool-name": "JKali",
          "pattern-name": "JKali:add_rtrn",
          "Unified_Diff_of-files:": "Starts Below...",
          "CHANGE_old:": "    if (!(o instanceof Span)) return false;",
          "CHANGE_new:": "    if (!(o instanceof V1Span)) return false;",
          "instance_detail": [
            {
              "pattern_action": "INS",
              "pattern_entity": {
                "entity_type": "Return",
                "entity_new value": "*",
                "entity_role": "Statement",
                "entity_parent": "null"
              },
              "concrete_change": {
                "operator": "INS",
                "src_type": "Return",
                "dst_type": "null",
                "src": "return this",
                "dst": "null",
                "src_parent_type": "Block",
                "dst_parent_type": "null",
                "src_parent": "{\n    if ((serviceName) \u003d\u003d null)\n        serviceName \u003d source.serviceName;\n\n    if ((ipv4) \u003d\u003d null)\n        ipv4 \u003d source.ipv4;\n\n    if ((ipv6) \u003d\u003d null)\n        ipv6 \u003d source.ipv6;\n\n    if ((ipv4Bytes) \u003d\u003d null)\n        ipv4Bytes \u003d source.ipv4Bytes;\n\n    if ((ipv6Bytes) \u003d\u003d null)\n        ipv6Bytes \u003d source.ipv6Bytes;\n\n    if ((port) \u003d\u003d 0)\n        port \u003d source.port;\n\n    return this;\n}",
                "dst_parent": "null"
              },
              "line": 128,
              "file": "/home/khesoem/projects/lighter/exp/zipkin/src/main/java/zipkin2/Endpoint.java"
            }
          ]
        }
      ]
    },
    {
      "revision": "72e593bcce4486ebcdde7982ac7478a811753991",
      "repairability": [
        {
          "tool-name": "JKali",
          "pattern-name": "JKali:del",
          "Unified_Diff_of-files:": "Starts Below...",
          "CHANGE_old:": "    if (!(o instanceof Span)) return false;",
          "CHANGE_new:": "    if (!(o instanceof V1Span)) return false;",
          "instance_detail": [
            {
              "pattern_action": "DEL",
              "pattern_entity": {
                "entity_type": "*",
                "entity_new value": "*",
                "entity_role": "Statement",
                "entity_parent": "null"
              },
              "concrete_change": {
                "operator": "DEL",
                "src_type": "Invocation",
                "dst_type": "null",
                "src": "zipkin2.Span.validateHex(parentId)",
                "dst": "null",
                "src_parent_type": "Block",
                "dst_parent_type": "null",
                "src_parent": "{\n    if (parentId \u003d\u003d null) {\n        this.parentId \u003d null;\n        return this;\n    }\n    int length \u003d parentId.length();\n    if (length \u003d\u003d 0)\n        throw new java.lang.IllegalArgumentException(\"parentId is empty\");\n\n    if (length \u003e 16)\n        throw new java.lang.IllegalArgumentException(\"parentId.length \u003e 16\");\n\n    zipkin2.Span.validateHex(parentId);\n    this.parentId \u003d (length \u003c 16) ? zipkin2.Span.padLeft(parentId, 16) : parentId;\n    return this;\n}",
                "dst_parent": "null"
              },
              "line": 409,
              "file": "/home/khesoem/projects/lighter/exp/zipkin/src/main/java/zipkin2/Span.java",
              "stats": {
                "number_of_src_entities": 14,
                "number_of_dst_entities": -1,
                "src_entity_types": "[java.lang.String, zipkin2.Span]",
                "dst_entity_types": "[]"
              }
            }
          ]
        },
        {
          "tool-name": "JKali",
          "pattern-name": "JKali:del",
          "Unified_Diff_of-files:": "Starts Below...",
          "CHANGE_old:": "    if (!(o instanceof Span)) return false;",
          "CHANGE_new:": "    if (!(o instanceof V1Span)) return false;",
          "instance_detail": [
            {
              "pattern_action": "DEL",
              "pattern_entity": {
                "entity_type": "*",
                "entity_new value": "*",
                "entity_role": "Statement",
                "entity_parent": "null"
              },
              "concrete_change": {
                "operator": "DEL",
                "src_type": "Invocation",
                "dst_type": "null",
                "src": "zipkin2.Span.validateHex(id)",
                "dst": "null",
                "src_parent_type": "Block",
                "dst_parent_type": "null",
                "src_parent": "{\n    if (id \u003d\u003d null)\n        throw new java.lang.NullPointerException(\"id \u003d\u003d null\");\n\n    int length \u003d id.length();\n    if (length \u003d\u003d 0)\n        throw new java.lang.IllegalArgumentException(\"id is empty\");\n\n    if (length \u003e 16)\n        throw new java.lang.IllegalArgumentException(\"id.length \u003e 16\");\n\n    zipkin2.Span.validateHex(id);\n    this.id \u003d (length \u003c 16) ? zipkin2.Span.padLeft(id, 16) : id;\n    return this;\n}",
                "dst_parent": "null"
              },
              "line": 435,
              "file": "/home/khesoem/projects/lighter/exp/zipkin/src/main/java/zipkin2/Span.java",
              "stats": {
                "number_of_src_entities": 14,
                "number_of_dst_entities": -1,
                "src_entity_types": "[java.lang.String, zipkin2.Span]",
                "dst_entity_types": "[]"
              }
            }
          ]
        },
        {
          "tool-name": "JKali",
          "pattern-name": "JKali:del",
          "Unified_Diff_of-files:": "Starts Below...",
          "CHANGE_old:": "    if (!(o instanceof Span)) return false;",
          "CHANGE_new:": "    if (!(o instanceof V1Span)) return false;",
          "instance_detail": [
            {
              "pattern_action": "DEL",
              "pattern_entity": {
                "entity_type": "*",
                "entity_new value": "*",
                "entity_role": "Statement",
                "entity_parent": "null"
              },
              "concrete_change": {
                "operator": "DEL",
                "src_type": "Invocation",
                "dst_type": "null",
                "src": "zipkin2.Span.validateHex(traceId)",
                "dst": "null",
                "src_parent_type": "Block",
                "dst_parent_type": "null",
                "src_parent": "{\n    if (traceId \u003d\u003d null)\n        throw new java.lang.NullPointerException(\"traceId \u003d\u003d null\");\n\n    int length \u003d traceId.length();\n    if (length \u003d\u003d 0)\n        throw new java.lang.IllegalArgumentException(\"traceId is empty\");\n\n    if (length \u003e 32)\n        throw new java.lang.IllegalArgumentException(\"traceId.length \u003e 32\");\n\n    zipkin2.Span.validateHex(traceId);\n    if ((length \u003d\u003d 32) || (length \u003d\u003d 16)) {\n        return traceId;\n    } else\n        if (length \u003c 16) {\n            return zipkin2.Span.padLeft(traceId, 16);\n        } else {\n            return zipkin2.Span.padLeft(traceId, 32);\n        }\n\n}",
                "dst_parent": "null"
              },
              "line": 572,
              "file": "/home/khesoem/projects/lighter/exp/zipkin/src/main/java/zipkin2/Span.java",
              "stats": {
                "number_of_src_entities": 14,
                "number_of_dst_entities": -1,
                "src_entity_types": "[java.lang.String, zipkin2.Span]",
                "dst_entity_types": "[]"
              }
            }
          ]
        },
        {
          "tool-name": "JKali",
          "pattern-name": "JKali:add_rtrn",
          "Unified_Diff_of-files:": "Starts Below...",
          "CHANGE_old:": "    if (!(o instanceof Span)) return false;",
          "CHANGE_new:": "    if (!(o instanceof V1Span)) return false;",
          "instance_detail": [
            {
              "pattern_action": "INS",
              "pattern_entity": {
                "entity_type": "Return",
                "entity_new value": "*",
                "entity_role": "Statement",
                "entity_parent": "null"
              },
              "concrete_change": {
                "operator": "INS",
                "src_type": "Return",
                "dst_type": "null",
                "src": "return zeros",
                "dst": "null",
                "src_parent_type": "Block",
                "dst_parent_type": "null",
                "src_parent": "{\n    int zeros \u003d 0;\n    boolean inZeroPrefix \u003d (id.charAt(0)) \u003d\u003d \u00270\u0027;\n    for (int i \u003d 0, length \u003d id.length(); i \u003c length; i++) {\n        char c \u003d id.charAt(i);\n        if (((c \u003c \u00270\u0027) || (c \u003e \u00279\u0027)) \u0026\u0026 ((c \u003c \u0027a\u0027) || (c \u003e \u0027f\u0027))) {\n            throw new java.lang.IllegalArgumentException((id + \" should be lower-hex encoded with no prefix\"));\n        }\n        if (c !\u003d \u00270\u0027) {\n            inZeroPrefix \u003d false;\n        } else\n            if (inZeroPrefix) {\n                zeros++;\n            }\n\n    }\n    return zeros;\n}",
                "dst_parent": "null"
              },
              "line": 672,
              "file": "/home/khesoem/projects/lighter/exp/zipkin/src/main/java/zipkin2/Span.java"
            }
          ]
        },
        {
          "tool-name": "JKali",
          "pattern-name": "JKali:add_rtrn",
          "Unified_Diff_of-files:": "Starts Below...",
          "CHANGE_old:": "    if (!(o instanceof Span)) return false;",
          "CHANGE_new:": "    if (!(o instanceof V1Span)) return false;",
          "instance_detail": [
            {
              "pattern_action": "INS",
              "pattern_entity": {
                "entity_type": "Return",
                "entity_new value": "*",
                "entity_role": "Statement",
                "entity_parent": "null"
              },
              "concrete_change": {
                "operator": "INS",
                "src_type": "Return",
                "dst_type": "null",
                "src": "return this",
                "dst": "null",
                "src_parent_type": "Block",
                "dst_parent_type": "null",
                "src_parent": "{\n    if ((traceId) \u003d\u003d null)\n        traceId \u003d source.traceId;\n\n    if ((id) \u003d\u003d null)\n        id \u003d source.id;\n\n    if ((parentId) \u003d\u003d null)\n        parentId \u003d source.parentId;\n\n    if ((kind) \u003d\u003d null)\n        kind \u003d source.kind;\n\n    if ((name) \u003d\u003d null)\n        name \u003d source.name;\n\n    if ((timestamp) \u003d\u003d 0L)\n        timestamp \u003d source.timestamp;\n\n    if ((duration) \u003d\u003d 0L)\n        duration \u003d source.duration;\n\n    if ((localEndpoint) \u003d\u003d null) {\n        localEndpoint \u003d source.localEndpoint;\n    } else {\n        localEndpoint \u003d localEndpoint.toBuilder().merge(source.localEndpoint).build();\n    }\n    if ((remoteEndpoint) \u003d\u003d null) {\n        remoteEndpoint \u003d source.remoteEndpoint;\n    } else {\n        remoteEndpoint \u003d remoteEndpoint.toBuilder().merge(source.remoteEndpoint).build();\n    }\n    if (!(source.annotations.isEmpty())) {\n        if ((annotations) \u003d\u003d null) {\n            annotations \u003d new java.util.ArrayList(source.annotations.size());\n        }\n        annotations.addAll(source.annotations);\n    }\n    if (!(source.tags.isEmpty())) {\n        if ((tags) \u003d\u003d null)\n            tags \u003d new java.util.TreeMap\u003c\u003e();\n\n        tags.putAll(source.tags);\n    }\n    flags \u003d (flags) | (source.flags);\n    return this;\n}",
                "dst_parent": "null"
              },
              "line": 383,
              "file": "/home/khesoem/projects/lighter/exp/zipkin/src/main/java/zipkin2/Span.java"
            }
          ]
        },
        {
          "tool-name": "JKali",
          "pattern-name": "JKali:add_rtrn",
          "Unified_Diff_of-files:": "Starts Below...",
          "CHANGE_old:": "    if (!(o instanceof Span)) return false;",
          "CHANGE_new:": "    if (!(o instanceof V1Span)) return false;",
          "instance_detail": [
            {
              "pattern_action": "INS",
              "pattern_entity": {
                "entity_type": "Return",
                "entity_new value": "*",
                "entity_role": "Statement",
                "entity_parent": "null"
              },
              "concrete_change": {
                "operator": "INS",
                "src_type": "Return",
                "dst_type": "null",
                "src": "return traceId.substring(16)",
                "dst": "null",
                "src_parent_type": "Block",
                "dst_parent_type": "null",
                "src_parent": "return traceId.substring(16);\n",
                "dst_parent": "null"
              },
              "line": 617,
              "file": "/home/khesoem/projects/lighter/exp/zipkin/src/main/java/zipkin2/Span.java",
              "stats": {
                "number_of_src_entities": 14,
                "number_of_dst_entities": -1,
                "src_entity_types": "[int, java.lang.String]",
                "dst_entity_types": "[]"
              }
            }
          ]
        }
      ]
    }
  ],
  "complete_analysis": true
}