{
  "instances": [
    {
      "revision": "0b889ecc532fd273acd91b15ebb5d1c3851099eb",
      "repairability": [
        {
          "tool-name": "JGenProg",
          "pattern-name": "JGenProg:any_statement_shallow",
          "Unified_Diff_of-files:": "Starts Below...",
          "INSERT:": "}",
          "CHANGE_old:": "        if (!isWhiteListed(className)) {",
          "CHANGE_new:": "        if ((!isWhiteListed(className)) \u0026\u0026 (!isWhiteListedRegex(className))) {",
          "instance_detail": [
            {
              "pattern_action": "ANY",
              "pattern_entity": {
                "entity_type": "*",
                "entity_new value": "*",
                "entity_role": "Statement",
                "entity_parent": "null"
              },
              "concrete_change": {
                "operator": "DEL",
                "src_type": "If",
                "dst_type": "null",
                "src": "if (line.startsWith(\"#\")) {\n    continue;\n}",
                "dst": "null",
                "src_parent_type": "Block",
                "dst_parent_type": "null",
                "src_parent": "{\n    if (line.startsWith(\"#\")) {\n        continue;\n    }\n    ro.pippo.core.util.WhitelistObjectInputStream.addWhiteClassName(line);\n}",
                "dst_parent": "null"
              },
              "line": 91,
              "file": "/home/khesoem/projects/lighter/exp/pippo-core/src/main/java/ro/pippo/core/util/WhitelistObjectInputStream.java",
              "stats": {
                "number_of_src_entities": 17,
                "number_of_dst_entities": -1,
                "src_entity_types": "[java.lang.String]",
                "dst_entity_types": "[]"
              }
            }
          ]
        }
      ]
    }
  ],
  "complete_analysis": true
}