{
  "instances": [
    {
      "revision": "57a537b8e9cc5a298d6256335ca1c22d005d0d80",
      "repairability": [
        {
          "tool-name": "JGenProg",
          "pattern-name": "JGenProg:any_statement_deep",
          "Unified_Diff_of-files:": "Starts Below...",
          "CHANGE_old:": "        GET(\"/negotiate(\\\\.(json|xml|yaml))?\", new RouteHandler() {",
          "CHANGE_new:": "        GET(\"/negotiate\", new RouteHandler() {",
          "INSERT:": "",
          "instance_detail": [
            {
              "pattern_action": "ANY",
              "pattern_entity": {
                "entity_type": "*",
                "entity_new value": "*",
                "entity_role": "*",
                "entity_parent": {
                  "entity_type": "*",
                  "entity_new value": "*",
                  "entity_role": "Statement",
                  "entity_parent": "null"
                }
              },
              "concrete_change": {
                "operator": "UPD",
                "src_type": "Class",
                "dst_type": "Class",
                "src": "{\n    @java.lang.Override\n    public void handle(ro.pippo.core.route.RouteContext routeContext) {\n        java.lang.String message;\n        java.lang.String lang \u003d routeContext.getParameter(\"lang\").toString();\n        if (lang \u003d\u003d null) {\n            message \u003d getMessages().get(\"pippo.greeting\", routeContext);\n        } else {\n            message \u003d getMessages().get(\"pippo.greeting\", lang);\n        }\n        routeContext.setLocal(\"greeting\", message);\n        routeContext.render(\"hello\");\n    }\n}",
                "dst": "{\n    @java.lang.Override\n    public void handle(ro.pippo.core.route.RouteContext routeContext) {\n        java.lang.String message;\n        java.lang.String lang \u003d routeContext.getParameter(\"lang\").toString();\n        if (lang \u003d\u003d null) {\n            message \u003d getMessages().get(\"pippo.greeting\", routeContext);\n        } else {\n            message \u003d getMessages().get(\"pippo.greeting\", lang);\n        }\n        routeContext.setLocal(\"greeting\", message);\n        routeContext.render(\"hello\");\n    }\n}",
                "src_parent_type": "NewClass",
                "dst_parent_type": "NewClass",
                "src_parent": "new ro.pippo.core.route.RouteHandler() {\n    @java.lang.Override\n    public void handle(ro.pippo.core.route.RouteContext routeContext) {\n        java.lang.String message;\n        java.lang.String lang \u003d routeContext.getParameter(\"lang\").toString();\n        if (lang \u003d\u003d null) {\n            message \u003d getMessages().get(\"pippo.greeting\", routeContext);\n        } else {\n            message \u003d getMessages().get(\"pippo.greeting\", lang);\n        }\n        routeContext.setLocal(\"greeting\", message);\n        routeContext.render(\"hello\");\n    }\n}",
                "dst_parent": "new ro.pippo.core.route.RouteHandler() {\n    @java.lang.Override\n    public void handle(ro.pippo.core.route.RouteContext routeContext) {\n        java.lang.String message;\n        java.lang.String lang \u003d routeContext.getParameter(\"lang\").toString();\n        if (lang \u003d\u003d null) {\n            message \u003d getMessages().get(\"pippo.greeting\", routeContext);\n        } else {\n            message \u003d getMessages().get(\"pippo.greeting\", lang);\n        }\n        routeContext.setLocal(\"greeting\", message);\n        routeContext.render(\"hello\");\n    }\n}"
              },
              "line": 133,
              "file": "/home/khesoem/projects/lighter/exp/pippo-demo/pippo-demo-basic/src/main/java/ro/pippo/demo/basic/BasicApplication.java",
              "stats": {
                "number_of_src_entities": 144,
                "number_of_dst_entities": 144,
                "src_entity_types": "[void, boolean, ro.pippo.demo.basic.BasicApplication.7, java.lang.String, ro.pippo.core.route.RouteHandler, java.lang.Override, \u003cnulltype\u003e, ro.pippo.demo.basic.BasicApplication, ro.pippo.core.route.RouteContext]",
                "dst_entity_types": "[void, boolean, java.lang.String, ro.pippo.demo.basic.BasicApplication.8, ro.pippo.core.route.RouteHandler, java.lang.Override, \u003cnulltype\u003e, ro.pippo.demo.basic.BasicApplication, ro.pippo.core.route.RouteContext]"
              }
            }
          ]
        },
        {
          "tool-name": "JGenProg",
          "pattern-name": "JGenProg:any_statement_deep",
          "Unified_Diff_of-files:": "Starts Below...",
          "CHANGE_old:": "        GET(\"/negotiate(\\\\.(json|xml|yaml))?\", new RouteHandler() {",
          "CHANGE_new:": "        GET(\"/negotiate\", new RouteHandler() {",
          "INSERT:": "",
          "instance_detail": [
            {
              "pattern_action": "ANY",
              "pattern_entity": {
                "entity_type": "*",
                "entity_new value": "*",
                "entity_role": "*",
                "entity_parent": {
                  "entity_type": "*",
                  "entity_new value": "*",
                  "entity_role": "Statement",
                  "entity_parent": "null"
                }
              },
              "concrete_change": {
                "operator": "UPD",
                "src_type": "Class",
                "dst_type": "Class",
                "src": "{\n    @java.lang.Override\n    public void handle(ro.pippo.core.route.RouteContext routeContext) {\n        int statusCode \u003d routeContext.getParameter(\"code\").toInt(HttpConstants.StatusCode.INTERNAL_ERROR);\n        routeContext.status(statusCode);\n    }\n}",
                "dst": "{\n    @java.lang.Override\n    public void handle(ro.pippo.core.route.RouteContext routeContext) {\n        int statusCode \u003d routeContext.getParameter(\"code\").toInt(HttpConstants.StatusCode.INTERNAL_ERROR);\n        routeContext.status(statusCode);\n    }\n}",
                "src_parent_type": "NewClass",
                "dst_parent_type": "NewClass",
                "src_parent": "new ro.pippo.core.route.RouteHandler() {\n    @java.lang.Override\n    public void handle(ro.pippo.core.route.RouteContext routeContext) {\n        int statusCode \u003d routeContext.getParameter(\"code\").toInt(HttpConstants.StatusCode.INTERNAL_ERROR);\n        routeContext.status(statusCode);\n    }\n}",
                "dst_parent": "new ro.pippo.core.route.RouteHandler() {\n    @java.lang.Override\n    public void handle(ro.pippo.core.route.RouteContext routeContext) {\n        int statusCode \u003d routeContext.getParameter(\"code\").toInt(HttpConstants.StatusCode.INTERNAL_ERROR);\n        routeContext.status(statusCode);\n    }\n}"
              },
              "line": 153,
              "file": "/home/khesoem/projects/lighter/exp/pippo-demo/pippo-demo-basic/src/main/java/ro/pippo/demo/basic/BasicApplication.java",
              "stats": {
                "number_of_src_entities": 47,
                "number_of_dst_entities": 47,
                "src_entity_types": "[int, void, java.lang.String, ro.pippo.demo.basic.BasicApplication.8, HttpConstants.StatusCode.INTERNAL_ERROR, ro.pippo.core.route.RouteHandler, java.lang.Override, ro.pippo.core.route.RouteContext]",
                "dst_entity_types": "[int, void, java.lang.String, HttpConstants.StatusCode.INTERNAL_ERROR, ro.pippo.demo.basic.BasicApplication.9, ro.pippo.core.route.RouteHandler, java.lang.Override, ro.pippo.core.route.RouteContext]"
              }
            }
          ]
        },
        {
          "tool-name": "JGenProg",
          "pattern-name": "JGenProg:any_statement_deep",
          "Unified_Diff_of-files:": "Starts Below...",
          "CHANGE_old:": "        GET(\"/negotiate(\\\\.(json|xml|yaml))?\", new RouteHandler() {",
          "CHANGE_new:": "        GET(\"/negotiate\", new RouteHandler() {",
          "INSERT:": "",
          "instance_detail": [
            {
              "pattern_action": "ANY",
              "pattern_entity": {
                "entity_type": "*",
                "entity_new value": "*",
                "entity_role": "*",
                "entity_parent": {
                  "entity_type": "*",
                  "entity_new value": "*",
                  "entity_role": "Statement",
                  "entity_parent": "null"
                }
              },
              "concrete_change": {
                "operator": "UPD",
                "src_type": "Class",
                "dst_type": "Class",
                "src": "{\n    @java.lang.Override\n    public void handle(ro.pippo.core.route.RouteContext routeContext) {\n        throw new java.lang.RuntimeException(\"My programatically error\");\n    }\n}",
                "dst": "{\n    @java.lang.Override\n    public void handle(ro.pippo.core.route.RouteContext routeContext) {\n        throw new java.lang.RuntimeException(\"My programatically error\");\n    }\n}",
                "src_parent_type": "NewClass",
                "dst_parent_type": "NewClass",
                "src_parent": "new ro.pippo.core.route.RouteHandler() {\n    @java.lang.Override\n    public void handle(ro.pippo.core.route.RouteContext routeContext) {\n        throw new java.lang.RuntimeException(\"My programatically error\");\n    }\n}",
                "dst_parent": "new ro.pippo.core.route.RouteHandler() {\n    @java.lang.Override\n    public void handle(ro.pippo.core.route.RouteContext routeContext) {\n        throw new java.lang.RuntimeException(\"My programatically error\");\n    }\n}"
              },
              "line": 166,
              "file": "/home/khesoem/projects/lighter/exp/pippo-demo/pippo-demo-basic/src/main/java/ro/pippo/demo/basic/BasicApplication.java",
              "stats": {
                "number_of_src_entities": 26,
                "number_of_dst_entities": 26,
                "src_entity_types": "[void, java.lang.String, ro.pippo.demo.basic.BasicApplication.9, ro.pippo.core.route.RouteHandler, java.lang.Override, java.lang.RuntimeException, ro.pippo.core.route.RouteContext]",
                "dst_entity_types": "[ro.pippo.demo.basic.BasicApplication.10, void, java.lang.String, ro.pippo.core.route.RouteHandler, java.lang.Override, java.lang.RuntimeException, ro.pippo.core.route.RouteContext]"
              }
            }
          ]
        },
        {
          "tool-name": "JGenProg",
          "pattern-name": "JGenProg:any_statement_deep",
          "Unified_Diff_of-files:": "Starts Below...",
          "CHANGE_old:": "        GET(\"/negotiate(\\\\.(json|xml|yaml))?\", new RouteHandler() {",
          "CHANGE_new:": "        GET(\"/negotiate\", new RouteHandler() {",
          "INSERT:": "",
          "instance_detail": [
            {
              "pattern_action": "ANY",
              "pattern_entity": {
                "entity_type": "*",
                "entity_new value": "*",
                "entity_role": "*",
                "entity_parent": {
                  "entity_type": "*",
                  "entity_new value": "*",
                  "entity_role": "Statement",
                  "entity_parent": "null"
                }
              },
              "concrete_change": {
                "operator": "UPD",
                "src_type": "Class",
                "dst_type": "Class",
                "src": "{\n    @java.lang.Override\n    public void handle(ro.pippo.core.route.RouteContext routeContext) {\n        throw new ro.pippo.demo.basic.BasicApplication.ForbiddenException(\"You didn\u0027t say the magic word!\");\n    }\n}",
                "dst": "{\n    @java.lang.Override\n    public void handle(ro.pippo.core.route.RouteContext routeContext) {\n        throw new ro.pippo.demo.basic.BasicApplication.ForbiddenException(\"You didn\u0027t say the magic word!\");\n    }\n}",
                "src_parent_type": "NewClass",
                "dst_parent_type": "NewClass",
                "src_parent": "new ro.pippo.core.route.RouteHandler() {\n    @java.lang.Override\n    public void handle(ro.pippo.core.route.RouteContext routeContext) {\n        throw new ro.pippo.demo.basic.BasicApplication.ForbiddenException(\"You didn\u0027t say the magic word!\");\n    }\n}",
                "dst_parent": "new ro.pippo.core.route.RouteHandler() {\n    @java.lang.Override\n    public void handle(ro.pippo.core.route.RouteContext routeContext) {\n        throw new ro.pippo.demo.basic.BasicApplication.ForbiddenException(\"You didn\u0027t say the magic word!\");\n    }\n}"
              },
              "line": 176,
              "file": "/home/khesoem/projects/lighter/exp/pippo-demo/pippo-demo-basic/src/main/java/ro/pippo/demo/basic/BasicApplication.java",
              "stats": {
                "number_of_src_entities": 28,
                "number_of_dst_entities": 28,
                "src_entity_types": "[ro.pippo.demo.basic.BasicApplication.10, void, ro.pippo.demo.basic.BasicApplication.ForbiddenException, java.lang.String, ro.pippo.core.route.RouteHandler, java.lang.Override, ro.pippo.demo.basic.BasicApplication, ro.pippo.core.route.RouteContext]",
                "dst_entity_types": "[ro.pippo.demo.basic.BasicApplication.11, void, ro.pippo.demo.basic.BasicApplication.ForbiddenException, java.lang.String, ro.pippo.core.route.RouteHandler, java.lang.Override, ro.pippo.demo.basic.BasicApplication, ro.pippo.core.route.RouteContext]"
              }
            }
          ]
        },
        {
          "tool-name": "JGenProg",
          "pattern-name": "JGenProg:any_statement_deep",
          "Unified_Diff_of-files:": "Starts Below...",
          "CHANGE_old:": "        GET(\"/negotiate(\\\\.(json|xml|yaml))?\", new RouteHandler() {",
          "CHANGE_new:": "        GET(\"/negotiate\", new RouteHandler() {",
          "INSERT:": "",
          "instance_detail": [
            {
              "pattern_action": "ANY",
              "pattern_entity": {
                "entity_type": "*",
                "entity_new value": "*",
                "entity_role": "*",
                "entity_parent": {
                  "entity_type": "*",
                  "entity_new value": "*",
                  "entity_role": "Statement",
                  "entity_parent": "null"
                }
              },
              "concrete_change": {
                "operator": "UPD",
                "src_type": "Class",
                "dst_type": "Class",
                "src": "{\n    @java.lang.Override\n    public void handle(java.lang.Exception e, ro.pippo.core.route.RouteContext routeContext) {\n        ro.pippo.demo.basic.BasicApplication.log.info(\"Called custom exception handler\");\n        routeContext.setLocal(\"message\", e.getMessage());\n        getErrorHandler().handle(403, routeContext);\n    }\n}",
                "dst": "{\n    @java.lang.Override\n    public void handle(java.lang.Exception e, ro.pippo.core.route.RouteContext routeContext) {\n        ro.pippo.demo.basic.BasicApplication.log.info(\"Called custom exception handler\");\n        routeContext.setLocal(\"message\", e.getMessage());\n        getErrorHandler().handle(403, routeContext);\n    }\n}",
                "src_parent_type": "NewClass",
                "dst_parent_type": "NewClass",
                "src_parent": "new ro.pippo.core.ExceptionHandler() {\n    @java.lang.Override\n    public void handle(java.lang.Exception e, ro.pippo.core.route.RouteContext routeContext) {\n        ro.pippo.demo.basic.BasicApplication.log.info(\"Called custom exception handler\");\n        routeContext.setLocal(\"message\", e.getMessage());\n        getErrorHandler().handle(403, routeContext);\n    }\n}",
                "dst_parent": "new ro.pippo.core.ExceptionHandler() {\n    @java.lang.Override\n    public void handle(java.lang.Exception e, ro.pippo.core.route.RouteContext routeContext) {\n        ro.pippo.demo.basic.BasicApplication.log.info(\"Called custom exception handler\");\n        routeContext.setLocal(\"message\", e.getMessage());\n        getErrorHandler().handle(403, routeContext);\n    }\n}"
              },
              "line": 197,
              "file": "/home/khesoem/projects/lighter/exp/pippo-demo/pippo-demo-basic/src/main/java/ro/pippo/demo/basic/BasicApplication.java",
              "stats": {
                "number_of_src_entities": 82,
                "number_of_dst_entities": 82,
                "src_entity_types": "[java.lang.Exception, int, ro.pippo.demo.basic.BasicApplication.12, void, ro.pippo.core.ExceptionHandler, java.lang.String, java.lang.Throwable, java.lang.Override, ro.pippo.demo.basic.BasicApplication, org.slf4j.Logger, ro.pippo.core.route.RouteContext]",
                "dst_entity_types": "[java.lang.Exception, int, void, ro.pippo.demo.basic.BasicApplication.13, ro.pippo.core.ExceptionHandler, java.lang.String, java.lang.Throwable, java.lang.Override, ro.pippo.demo.basic.BasicApplication, org.slf4j.Logger, ro.pippo.core.route.RouteContext]"
              }
            }
          ]
        },
        {
          "tool-name": "JGenProg",
          "pattern-name": "JGenProg:any_statement_deep",
          "Unified_Diff_of-files:": "Starts Below...",
          "CHANGE_old:": "        GET(\"/negotiate(\\\\.(json|xml|yaml))?\", new RouteHandler() {",
          "CHANGE_new:": "        GET(\"/negotiate\", new RouteHandler() {",
          "INSERT:": "",
          "instance_detail": [
            {
              "pattern_action": "ANY",
              "pattern_entity": {
                "entity_type": "*",
                "entity_new value": "*",
                "entity_role": "*",
                "entity_parent": {
                  "entity_type": "*",
                  "entity_new value": "*",
                  "entity_role": "Statement",
                  "entity_parent": "null"
                }
              },
              "concrete_change": {
                "operator": "UPD",
                "src_type": "Class",
                "dst_type": "Class",
                "src": "{\n    @java.lang.Override\n    public void onPreDispatch(ro.pippo.core.Request request, ro.pippo.core.Response response) {\n        java.lang.System.out.println(\"\u003e\u003e\u003e\u003e\u003e\u003e\u003e\u003e\u003e\u003e\u003e\u003e\u003e\u003e\u003e\u003e\u003e\u003e\u003e\u003e\u003e\u003e\u003e\u003e\u003e\u003e\u003e\u003e\u003e\u003e\u003e\u003e\u003e\u003e\u003e\u003e\u003e\u003e\u003e\u003e\u003e\u003e\u003e\u003e\");\n        java.lang.System.out.println((\"requestPath \u003d \" + (request.getPath())));\n        java.lang.System.out.println((\"requestUri \u003d \" + (request.getUri())));\n        java.lang.System.out.println((\"requestUrl \u003d \" + (request.getUrl())));\n        java.lang.System.out.println((\"contextPath \u003d \" + (request.getContextPath())));\n        java.lang.System.out.println((\"applicationPath \u003d \" + (request.getApplicationPath())));\n        java.lang.System.out.println((\"applicationUri \u003d \" + (request.getApplicationUri())));\n        java.lang.System.out.println((\"applicationUriWithQuery \u003d \" + (request.getApplicationUriWithQuery())));\n        java.lang.System.out.println(\"\u003c\u003c\u003c\u003c\u003c\u003c\u003c\u003c\u003c\u003c\u003c\u003c\u003c\u003c\u003c\u003c\u003c\u003c\u003c\u003c\u003c\u003c\u003c\u003c\u003c\u003c\u003c\u003c\u003c\u003c\u003c\u003c\u003c\u003c\u003c\u003c\u003c\u003c\u003c\u003c\u003c\u003c\u003c\u003c\");\n    }\n}",
                "dst": "{\n    @java.lang.Override\n    public void onPreDispatch(ro.pippo.core.Request request, ro.pippo.core.Response response) {\n        java.lang.System.out.println(\"\u003e\u003e\u003e\u003e\u003e\u003e\u003e\u003e\u003e\u003e\u003e\u003e\u003e\u003e\u003e\u003e\u003e\u003e\u003e\u003e\u003e\u003e\u003e\u003e\u003e\u003e\u003e\u003e\u003e\u003e\u003e\u003e\u003e\u003e\u003e\u003e\u003e\u003e\u003e\u003e\u003e\u003e\u003e\u003e\");\n        java.lang.System.out.println((\"requestPath \u003d \" + (request.getPath())));\n        java.lang.System.out.println((\"requestUri \u003d \" + (request.getUri())));\n        java.lang.System.out.println((\"requestUrl \u003d \" + (request.getUrl())));\n        java.lang.System.out.println((\"contextPath \u003d \" + (request.getContextPath())));\n        java.lang.System.out.println((\"applicationPath \u003d \" + (request.getApplicationPath())));\n        java.lang.System.out.println((\"applicationUri \u003d \" + (request.getApplicationUri())));\n        java.lang.System.out.println((\"applicationUriWithQuery \u003d \" + (request.getApplicationUriWithQuery())));\n        java.lang.System.out.println(\"\u003c\u003c\u003c\u003c\u003c\u003c\u003c\u003c\u003c\u003c\u003c\u003c\u003c\u003c\u003c\u003c\u003c\u003c\u003c\u003c\u003c\u003c\u003c\u003c\u003c\u003c\u003c\u003c\u003c\u003c\u003c\u003c\u003c\u003c\u003c\u003c\u003c\u003c\u003c\u003c\u003c\u003c\u003c\u003c\");\n    }\n}",
                "src_parent_type": "NewClass",
                "dst_parent_type": "NewClass",
                "src_parent": "new ro.pippo.core.route.RoutePreDispatchListener() {\n    @java.lang.Override\n    public void onPreDispatch(ro.pippo.core.Request request, ro.pippo.core.Response response) {\n        java.lang.System.out.println(\"\u003e\u003e\u003e\u003e\u003e\u003e\u003e\u003e\u003e\u003e\u003e\u003e\u003e\u003e\u003e\u003e\u003e\u003e\u003e\u003e\u003e\u003e\u003e\u003e\u003e\u003e\u003e\u003e\u003e\u003e\u003e\u003e\u003e\u003e\u003e\u003e\u003e\u003e\u003e\u003e\u003e\u003e\u003e\u003e\");\n        java.lang.System.out.println((\"requestPath \u003d \" + (request.getPath())));\n        java.lang.System.out.println((\"requestUri \u003d \" + (request.getUri())));\n        java.lang.System.out.println((\"requestUrl \u003d \" + (request.getUrl())));\n        java.lang.System.out.println((\"contextPath \u003d \" + (request.getContextPath())));\n        java.lang.System.out.println((\"applicationPath \u003d \" + (request.getApplicationPath())));\n        java.lang.System.out.println((\"applicationUri \u003d \" + (request.getApplicationUri())));\n        java.lang.System.out.println((\"applicationUriWithQuery \u003d \" + (request.getApplicationUriWithQuery())));\n        java.lang.System.out.println(\"\u003c\u003c\u003c\u003c\u003c\u003c\u003c\u003c\u003c\u003c\u003c\u003c\u003c\u003c\u003c\u003c\u003c\u003c\u003c\u003c\u003c\u003c\u003c\u003c\u003c\u003c\u003c\u003c\u003c\u003c\u003c\u003c\u003c\u003c\u003c\u003c\u003c\u003c\u003c\u003c\u003c\u003c\u003c\u003c\");\n    }\n}",
                "dst_parent": "new ro.pippo.core.route.RoutePreDispatchListener() {\n    @java.lang.Override\n    public void onPreDispatch(ro.pippo.core.Request request, ro.pippo.core.Response response) {\n        java.lang.System.out.println(\"\u003e\u003e\u003e\u003e\u003e\u003e\u003e\u003e\u003e\u003e\u003e\u003e\u003e\u003e\u003e\u003e\u003e\u003e\u003e\u003e\u003e\u003e\u003e\u003e\u003e\u003e\u003e\u003e\u003e\u003e\u003e\u003e\u003e\u003e\u003e\u003e\u003e\u003e\u003e\u003e\u003e\u003e\u003e\u003e\");\n        java.lang.System.out.println((\"requestPath \u003d \" + (request.getPath())));\n        java.lang.System.out.println((\"requestUri \u003d \" + (request.getUri())));\n        java.lang.System.out.println((\"requestUrl \u003d \" + (request.getUrl())));\n        java.lang.System.out.println((\"contextPath \u003d \" + (request.getContextPath())));\n        java.lang.System.out.println((\"applicationPath \u003d \" + (request.getApplicationPath())));\n        java.lang.System.out.println((\"applicationUri \u003d \" + (request.getApplicationUri())));\n        java.lang.System.out.println((\"applicationUriWithQuery \u003d \" + (request.getApplicationUriWithQuery())));\n        java.lang.System.out.println(\"\u003c\u003c\u003c\u003c\u003c\u003c\u003c\u003c\u003c\u003c\u003c\u003c\u003c\u003c\u003c\u003c\u003c\u003c\u003c\u003c\u003c\u003c\u003c\u003c\u003c\u003c\u003c\u003c\u003c\u003c\u003c\u003c\u003c\u003c\u003c\u003c\u003c\u003c\u003c\u003c\u003c\u003c\u003c\u003c\");\n    }\n}"
              },
              "line": 209,
              "file": "/home/khesoem/projects/lighter/exp/pippo-demo/pippo-demo-basic/src/main/java/ro/pippo/demo/basic/BasicApplication.java",
              "stats": {
                "number_of_src_entities": 251,
                "number_of_dst_entities": 251,
                "src_entity_types": "[java.lang.System, void, java.io.PrintStream, ro.pippo.demo.basic.BasicApplication.13, ro.pippo.core.Response, ro.pippo.core.route.RoutePreDispatchListener, ro.pippo.core.Request, java.lang.String, java.lang.Override]",
                "dst_entity_types": "[java.lang.System, void, java.io.PrintStream, ro.pippo.core.Response, ro.pippo.demo.basic.BasicApplication.14, ro.pippo.core.route.RoutePreDispatchListener, ro.pippo.core.Request, java.lang.String, java.lang.Override]"
              }
            }
          ]
        },
        {
          "tool-name": "JGenProg",
          "pattern-name": "JGenProg:any_statement_deep",
          "Unified_Diff_of-files:": "Starts Below...",
          "CHANGE_old:": "        GET(\"/negotiate(\\\\.(json|xml|yaml))?\", new RouteHandler() {",
          "CHANGE_new:": "        GET(\"/negotiate\", new RouteHandler() {",
          "INSERT:": "",
          "instance_detail": [
            {
              "pattern_action": "ANY",
              "pattern_entity": {
                "entity_type": "*",
                "entity_new value": "*",
                "entity_role": "*",
                "entity_parent": {
                  "entity_type": "*",
                  "entity_new value": "*",
                  "entity_role": "Statement",
                  "entity_parent": "null"
                }
              },
              "concrete_change": {
                "operator": "UPD",
                "src_type": "Class",
                "dst_type": "Class",
                "src": "{\n    @java.lang.Override\n    public void handle(ro.pippo.core.route.RouteContext routeContext) {\n        ro.pippo.demo.basic.BasicApplication.log.info(\"\u003e\u003e\u003e Cleanup here\");\n    }\n}",
                "dst": "{\n    @java.lang.Override\n    public void handle(ro.pippo.core.route.RouteContext routeContext) {\n        ro.pippo.demo.basic.BasicApplication.log.info(\"\u003e\u003e\u003e Cleanup here\");\n    }\n}",
                "src_parent_type": "NewClass",
                "dst_parent_type": "NewClass",
                "src_parent": "new ro.pippo.core.route.RouteHandler() {\n    @java.lang.Override\n    public void handle(ro.pippo.core.route.RouteContext routeContext) {\n        ro.pippo.demo.basic.BasicApplication.log.info(\"\u003e\u003e\u003e Cleanup here\");\n    }\n}",
                "dst_parent": "new ro.pippo.core.route.RouteHandler() {\n    @java.lang.Override\n    public void handle(ro.pippo.core.route.RouteContext routeContext) {\n        ro.pippo.demo.basic.BasicApplication.log.info(\"\u003e\u003e\u003e Cleanup here\");\n    }\n}"
              },
              "line": 187,
              "file": "/home/khesoem/projects/lighter/exp/pippo-demo/pippo-demo-basic/src/main/java/ro/pippo/demo/basic/BasicApplication.java",
              "stats": {
                "number_of_src_entities": 33,
                "number_of_dst_entities": 33,
                "src_entity_types": "[ro.pippo.demo.basic.BasicApplication.11, void, java.lang.String, ro.pippo.core.route.RouteHandler, java.lang.Override, ro.pippo.demo.basic.BasicApplication, org.slf4j.Logger, ro.pippo.core.route.RouteContext]",
                "dst_entity_types": "[ro.pippo.demo.basic.BasicApplication.12, void, java.lang.String, ro.pippo.core.route.RouteHandler, java.lang.Override, ro.pippo.demo.basic.BasicApplication, org.slf4j.Logger, ro.pippo.core.route.RouteContext]"
              }
            }
          ]
        }
      ]
    }
  ],
  "complete_analysis": true
}