{
  "instances": [
    {
      "revision": "018e8e3893dc0a754361d08e588f390cd07adf91",
      "repairability": [
        {
          "tool-name": "JGenProg",
          "pattern-name": "JGenProg:any_statement_shallow",
          "Unified_Diff_of-files:": "Starts Below...",
          "DELETE:": "",
          "instance_detail": [
            {
              "pattern_action": "ANY",
              "pattern_entity": {
                "entity_type": "*",
                "entity_new value": "*",
                "entity_role": "Statement",
                "entity_parent": "null"
              },
              "concrete_change": {
                "operator": "DEL",
                "src_type": "Assignment",
                "dst_type": "null",
                "src": "router \u003d new ro.pippo.controller.DefaultControllerRouter()",
                "dst": "null",
                "src_parent_type": "Block",
                "dst_parent_type": "null",
                "src_parent": "{\n    router \u003d new ro.pippo.controller.DefaultControllerRouter();\n}",
                "dst_parent": "null"
              },
              "line": 79,
              "file": "/home/khesoem/projects/lighter/exp/pippo-controller-parent/pippo-controller/src/main/java/ro/pippo/controller/ControllerApplication.java"
            }
          ]
        },
        {
          "tool-name": "JGenProg",
          "pattern-name": "JGenProg:any_statement_shallow",
          "Unified_Diff_of-files:": "Starts Below...",
          "DELETE:": "",
          "instance_detail": [
            {
              "pattern_action": "ANY",
              "pattern_entity": {
                "entity_type": "*",
                "entity_new value": "*",
                "entity_role": "Statement",
                "entity_parent": "null"
              },
              "concrete_change": {
                "operator": "DEL",
                "src_type": "If",
                "dst_type": "null",
                "src": "if ((router) \u003d\u003d null) {\n    router \u003d new ro.pippo.controller.DefaultControllerRouter();\n}",
                "dst": "null",
                "src_parent_type": "Block",
                "dst_parent_type": "null",
                "src_parent": "{\n    if ((router) \u003d\u003d null) {\n        router \u003d new ro.pippo.controller.DefaultControllerRouter();\n    }\n    return ((ro.pippo.controller.ControllerRouter) (router));\n}",
                "dst_parent": "null"
              },
              "line": 78,
              "file": "/home/khesoem/projects/lighter/exp/pippo-controller-parent/pippo-controller/src/main/java/ro/pippo/controller/ControllerApplication.java"
            }
          ]
        },
        {
          "tool-name": "JGenProg",
          "pattern-name": "JGenProg:any_statement_shallow",
          "Unified_Diff_of-files:": "Starts Below...",
          "DELETE:": "",
          "instance_detail": [
            {
              "pattern_action": "ANY",
              "pattern_entity": {
                "entity_type": "*",
                "entity_new value": "*",
                "entity_role": "Statement",
                "entity_parent": "null"
              },
              "concrete_change": {
                "operator": "DEL",
                "src_type": "Return",
                "dst_type": "null",
                "src": "return ((ro.pippo.controller.ControllerRouter) (router))",
                "dst": "null",
                "src_parent_type": "Block",
                "dst_parent_type": "null",
                "src_parent": "{\n    if ((router) \u003d\u003d null) {\n        router \u003d new ro.pippo.controller.DefaultControllerRouter();\n    }\n    return ((ro.pippo.controller.ControllerRouter) (router));\n}",
                "dst_parent": "null"
              },
              "line": 82,
              "file": "/home/khesoem/projects/lighter/exp/pippo-controller-parent/pippo-controller/src/main/java/ro/pippo/controller/ControllerApplication.java"
            }
          ]
        },
        {
          "tool-name": "JGenProg",
          "pattern-name": "JGenProg:any_statement_shallow",
          "Unified_Diff_of-files:": "Starts Below...",
          "DELETE:": "",
          "instance_detail": [
            {
              "pattern_action": "ANY",
              "pattern_entity": {
                "entity_type": "*",
                "entity_new value": "*",
                "entity_role": "Statement",
                "entity_parent": "null"
              },
              "concrete_change": {
                "operator": "DEL",
                "src_type": "Throw",
                "dst_type": "null",
                "src": "throw new ro.pippo.core.PippoRuntimeException(\"\u0027router\u0027 must be an instance of \u0027{}\u0027\", ro.pippo.controller.ControllerRouter.class.getName())",
                "dst": "null",
                "src_parent_type": "Block",
                "dst_parent_type": "null",
                "src_parent": "{\n    throw new ro.pippo.core.PippoRuntimeException(\"\u0027router\u0027 must be an instance of \u0027{}\u0027\", ro.pippo.controller.ControllerRouter.class.getName());\n}",
                "dst_parent": "null"
              },
              "line": 88,
              "file": "/home/khesoem/projects/lighter/exp/pippo-controller-parent/pippo-controller/src/main/java/ro/pippo/controller/ControllerApplication.java"
            }
          ]
        },
        {
          "tool-name": "JGenProg",
          "pattern-name": "JGenProg:any_statement_shallow",
          "Unified_Diff_of-files:": "Starts Below...",
          "DELETE:": "",
          "instance_detail": [
            {
              "pattern_action": "ANY",
              "pattern_entity": {
                "entity_type": "*",
                "entity_new value": "*",
                "entity_role": "Statement",
                "entity_parent": "null"
              },
              "concrete_change": {
                "operator": "DEL",
                "src_type": "If",
                "dst_type": "null",
                "src": "if (!(router instanceof ro.pippo.controller.ControllerRouter)) {\n    throw new ro.pippo.core.PippoRuntimeException(\"\u0027router\u0027 must be an instance of \u0027{}\u0027\", ro.pippo.controller.ControllerRouter.class.getName());\n}",
                "dst": "null",
                "src_parent_type": "Block",
                "dst_parent_type": "null",
                "src_parent": "{\n    if (!(router instanceof ro.pippo.controller.ControllerRouter)) {\n        throw new ro.pippo.core.PippoRuntimeException(\"\u0027router\u0027 must be an instance of \u0027{}\u0027\", ro.pippo.controller.ControllerRouter.class.getName());\n    }\n    super.setRouter(router);\n}",
                "dst_parent": "null"
              },
              "line": 87,
              "file": "/home/khesoem/projects/lighter/exp/pippo-controller-parent/pippo-controller/src/main/java/ro/pippo/controller/ControllerApplication.java"
            }
          ]
        },
        {
          "tool-name": "JGenProg",
          "pattern-name": "JGenProg:any_statement_shallow",
          "Unified_Diff_of-files:": "Starts Below...",
          "DELETE:": "",
          "instance_detail": [
            {
              "pattern_action": "ANY",
              "pattern_entity": {
                "entity_type": "*",
                "entity_new value": "*",
                "entity_role": "Statement",
                "entity_parent": "null"
              },
              "concrete_change": {
                "operator": "DEL",
                "src_type": "Invocation",
                "dst_type": "null",
                "src": "super.setRouter(router)",
                "dst": "null",
                "src_parent_type": "Block",
                "dst_parent_type": "null",
                "src_parent": "{\n    if (!(router instanceof ro.pippo.controller.ControllerRouter)) {\n        throw new ro.pippo.core.PippoRuntimeException(\"\u0027router\u0027 must be an instance of \u0027{}\u0027\", ro.pippo.controller.ControllerRouter.class.getName());\n    }\n    super.setRouter(router);\n}",
                "dst_parent": "null"
              },
              "line": 91,
              "file": "/home/khesoem/projects/lighter/exp/pippo-controller-parent/pippo-controller/src/main/java/ro/pippo/controller/ControllerApplication.java"
            }
          ]
        }
      ]
    }
  ],
  "complete_analysis": true
}