{
  "instances": [
    {
      "revision": "74b5a15e859006c6a28b13723385bbcbccb37698",
      "repairability": [
        {
          "tool-name": "Nopol",
          "pattern-name": "Nopol:if_condition_upd_deep",
          "Unified_Diff_of-files:": "Starts Below...",
          "DELETE:": "      mountGlobalRestFailureHandler(mainRouter);",
          "INSERT:": "      mountGlobalRestFailureHandler(mainRouter);",
          "CHANGE_old:": "            response.end();",
          "CHANGE_new:": "            response.end(exception.getErrorData().toString());",
          "instance_detail": [
            {
              "pattern_action": "ANY",
              "pattern_entity": {
                "entity_type": "*",
                "entity_new value": "*",
                "entity_role": "*",
                "entity_parent": {
                  "entity_type": "*",
                  "entity_new value": "*",
                  "entity_role": "condition",
                  "entity_parent": {
                    "entity_type": "If",
                    "entity_new value": "*",
                    "entity_role": "*",
                    "entity_parent": "null"
                  }
                }
              },
              "concrete_change": {
                "operator": "INS",
                "src_type": "Invocation",
                "dst_type": "null",
                "src": "(ctx.response().ended())",
                "dst": "null",
                "src_parent_type": "BinaryOperator",
                "dst_parent_type": "null",
                "src_parent": "(ctx.response().closed()) || (ctx.response().ended())",
                "dst_parent": "null"
              },
              "line": 128,
              "file": "/home/khesoem/projects/lighter/exp/transports/transport-rest/transport-rest-vertx/src/main/java/org/apache/servicecomb/transport/rest/vertx/RestServerVerticle.java"
            }
          ]
        }
      ]
    }
  ],
  "complete_analysis": true
}