{
  "instances": [
    {
      "revision": "034b7cc95ab95f2b4b9d136fc786d4b1f59ebb34",
      "repairability": [
        {
          "tool-name": "Nopol",
          "pattern-name": "Nopol:if_condition_upd_deep",
          "Unified_Diff_of-files:": "Starts Below...",
          "INSERT:": "import org.apache.servicecomb.common.accessLog.core.element.impl.LocalHostItemAccess;",
          "CHANGE_old:": "          .setLocalAddress(LocalHostItem.getLocalAddress(context));",
          "CHANGE_new:": "          .setLocalAddress(LocalHostItemAccess.getLocalAddress(context));",
          "instance_detail": [
            {
              "pattern_action": "ANY",
              "pattern_entity": {
                "entity_type": "*",
                "entity_new value": "*",
                "entity_role": "*",
                "entity_parent": {
                  "entity_type": "*",
                  "entity_new value": "*",
                  "entity_role": "condition",
                  "entity_parent": {
                    "entity_type": "If",
                    "entity_new value": "*",
                    "entity_role": "*",
                    "entity_parent": "null"
                  }
                }
              },
              "concrete_change": {
                "operator": "UPD",
                "src_type": "TypeAccess",
                "dst_type": "TypeAccess",
                "src": "org.apache.servicecomb.foundation.log.core.element.impl.RequestHeaderItem",
                "dst": "org.apache.servicecomb.common.accessLog.core.element.impl.RequestHeaderItemAccess",
                "src_parent_type": "ThisAccess",
                "dst_parent_type": "ThisAccess",
                "src_parent": "",
                "dst_parent": ""
              },
              "stats": {
                "number_of_src_entities": 3,
                "number_of_dst_entities": 3,
                "src_entity_types": "[org.apache.servicecomb.foundation.log.core.element.impl.RequestHeaderItem]",
                "dst_entity_types": "[org.apache.servicecomb.common.accessLog.core.element.impl.RequestHeaderItemAccess]"
              }
            }
          ]
        },
        {
          "tool-name": "Nopol",
          "pattern-name": "Nopol:if_condition_upd_deep",
          "Unified_Diff_of-files:": "Starts Below...",
          "INSERT:": "import org.apache.servicecomb.common.accessLog.core.element.impl.LocalHostItemAccess;",
          "CHANGE_old:": "          .setLocalAddress(LocalHostItem.getLocalAddress(context));",
          "CHANGE_new:": "          .setLocalAddress(LocalHostItemAccess.getLocalAddress(context));",
          "instance_detail": [
            {
              "pattern_action": "ANY",
              "pattern_entity": {
                "entity_type": "*",
                "entity_new value": "*",
                "entity_role": "*",
                "entity_parent": {
                  "entity_type": "*",
                  "entity_new value": "*",
                  "entity_role": "condition",
                  "entity_parent": {
                    "entity_type": "If",
                    "entity_new value": "*",
                    "entity_role": "*",
                    "entity_parent": "null"
                  }
                }
              },
              "concrete_change": {
                "operator": "UPD",
                "src_type": "TypeAccess",
                "dst_type": "TypeAccess",
                "src": "org.apache.servicecomb.foundation.log.core.element.impl.RequestHeaderItem",
                "dst": "org.apache.servicecomb.common.accessLog.core.element.impl.RequestHeaderItemAccess",
                "src_parent_type": "ThisAccess",
                "dst_parent_type": "ThisAccess",
                "src_parent": "",
                "dst_parent": ""
              },
              "stats": {
                "number_of_src_entities": 3,
                "number_of_dst_entities": 3,
                "src_entity_types": "[org.apache.servicecomb.foundation.log.core.element.impl.RequestHeaderItem]",
                "dst_entity_types": "[org.apache.servicecomb.common.accessLog.core.element.impl.RequestHeaderItemAccess]"
              }
            }
          ]
        }
      ]
    },
    {
      "revision": "034b7cc95ab95f2b4b9d136fc786d4b1f59ebb34",
      "repairability": [
        {
          "tool-name": "Nopol",
          "pattern-name": "Nopol:if_condition_upd_deep",
          "Unified_Diff_of-files:": "Starts Below...",
          "INSERT:": "import org.apache.servicecomb.common.accessLog.core.element.impl.LocalHostItemAccess;",
          "CHANGE_old:": "          .setLocalAddress(LocalHostItem.getLocalAddress(context));",
          "CHANGE_new:": "          .setLocalAddress(LocalHostItemAccess.getLocalAddress(context));",
          "instance_detail": [
            {
              "pattern_action": "ANY",
              "pattern_entity": {
                "entity_type": "*",
                "entity_new value": "*",
                "entity_role": "*",
                "entity_parent": {
                  "entity_type": "*",
                  "entity_new value": "*",
                  "entity_role": "condition",
                  "entity_parent": {
                    "entity_type": "If",
                    "entity_new value": "*",
                    "entity_role": "*",
                    "entity_parent": "null"
                  }
                }
              },
              "concrete_change": {
                "operator": "UPD",
                "src_type": "TypeAccess",
                "dst_type": "TypeAccess",
                "src": "org.apache.servicecomb.foundation.log.core.element.impl.REST_CLIENT_REQUEST_PATH",
                "dst": "org.apache.servicecomb.common.accessLog.core.element.impl.REST_CLIENT_REQUEST_PATH",
                "src_parent_type": "Invocation",
                "dst_parent_type": "Invocation",
                "src_parent": "(invocation.getLocalContext(org.apache.servicecomb.foundation.log.core.element.impl.REST_CLIENT_REQUEST_PATH))",
                "dst_parent": "(invocation.getLocalContext(org.apache.servicecomb.common.accessLog.core.element.impl.REST_CLIENT_REQUEST_PATH))"
              },
              "line": 48,
              "file": "/home/khesoem/projects/lighter/exp/foundations/foundation-log/src/main/java/org/apache/servicecomb/foundation/log/core/element/impl/UrlPathWithQueryItem.java",
              "stats": {
                "number_of_src_entities": 3,
                "number_of_dst_entities": 3,
                "src_entity_types": "[org.apache.servicecomb.foundation.log.core.element.impl.REST_CLIENT_REQUEST_PATH]",
                "dst_entity_types": "[org.apache.servicecomb.common.accessLog.core.element.impl.REST_CLIENT_REQUEST_PATH]"
              }
            }
          ]
        }
      ]
    },
    {
      "revision": "034b7cc95ab95f2b4b9d136fc786d4b1f59ebb34",
      "repairability": [
        {
          "tool-name": "Nopol",
          "pattern-name": "Nopol:if_condition_upd_deep",
          "Unified_Diff_of-files:": "Starts Below...",
          "INSERT:": "import org.apache.servicecomb.common.accessLog.core.element.impl.LocalHostItemAccess;",
          "CHANGE_old:": "          .setLocalAddress(LocalHostItem.getLocalAddress(context));",
          "CHANGE_new:": "          .setLocalAddress(LocalHostItemAccess.getLocalAddress(context));",
          "instance_detail": [
            {
              "pattern_action": "ANY",
              "pattern_entity": {
                "entity_type": "*",
                "entity_new value": "*",
                "entity_role": "*",
                "entity_parent": {
                  "entity_type": "*",
                  "entity_new value": "*",
                  "entity_role": "condition",
                  "entity_parent": {
                    "entity_type": "If",
                    "entity_new value": "*",
                    "entity_role": "*",
                    "entity_parent": "null"
                  }
                }
              },
              "concrete_change": {
                "operator": "UPD",
                "src_type": "TypeAccess",
                "dst_type": "TypeAccess",
                "src": "org.apache.servicecomb.foundation.log.core.element.impl.InvocationContextItem",
                "dst": "org.apache.servicecomb.common.accessLog.core.element.impl.InvocationContextItemAccess",
                "src_parent_type": "ThisAccess",
                "dst_parent_type": "ThisAccess",
                "src_parent": "",
                "dst_parent": ""
              },
              "stats": {
                "number_of_src_entities": 3,
                "number_of_dst_entities": 3,
                "src_entity_types": "[org.apache.servicecomb.foundation.log.core.element.impl.InvocationContextItem]",
                "dst_entity_types": "[org.apache.servicecomb.common.accessLog.core.element.impl.InvocationContextItemAccess]"
              }
            }
          ]
        }
      ]
    },
    {
      "revision": "034b7cc95ab95f2b4b9d136fc786d4b1f59ebb34",
      "repairability": [
        {
          "tool-name": "Nopol",
          "pattern-name": "Nopol:if_condition_upd_deep",
          "Unified_Diff_of-files:": "Starts Below...",
          "INSERT:": "import org.apache.servicecomb.common.accessLog.core.element.impl.LocalHostItemAccess;",
          "CHANGE_old:": "          .setLocalAddress(LocalHostItem.getLocalAddress(context));",
          "CHANGE_new:": "          .setLocalAddress(LocalHostItemAccess.getLocalAddress(context));",
          "instance_detail": [
            {
              "pattern_action": "ANY",
              "pattern_entity": {
                "entity_type": "*",
                "entity_new value": "*",
                "entity_role": "*",
                "entity_parent": {
                  "entity_type": "*",
                  "entity_new value": "*",
                  "entity_role": "condition",
                  "entity_parent": {
                    "entity_type": "If",
                    "entity_new value": "*",
                    "entity_role": "*",
                    "entity_parent": "null"
                  }
                }
              },
              "concrete_change": {
                "operator": "UPD",
                "src_type": "TypeAccess",
                "dst_type": "TypeAccess",
                "src": "org.apache.servicecomb.foundation.log.core.element.impl.ResponseHeaderItem",
                "dst": "org.apache.servicecomb.common.accessLog.core.element.impl.ResponseHeaderItemAccess",
                "src_parent_type": "ThisAccess",
                "dst_parent_type": "ThisAccess",
                "src_parent": "",
                "dst_parent": ""
              },
              "stats": {
                "number_of_src_entities": 3,
                "number_of_dst_entities": 3,
                "src_entity_types": "[org.apache.servicecomb.foundation.log.core.element.impl.ResponseHeaderItem]",
                "dst_entity_types": "[org.apache.servicecomb.common.accessLog.core.element.impl.ResponseHeaderItemAccess]"
              }
            }
          ]
        },
        {
          "tool-name": "Nopol",
          "pattern-name": "Nopol:if_condition_upd_deep",
          "Unified_Diff_of-files:": "Starts Below...",
          "INSERT:": "import org.apache.servicecomb.common.accessLog.core.element.impl.LocalHostItemAccess;",
          "CHANGE_old:": "          .setLocalAddress(LocalHostItem.getLocalAddress(context));",
          "CHANGE_new:": "          .setLocalAddress(LocalHostItemAccess.getLocalAddress(context));",
          "instance_detail": [
            {
              "pattern_action": "ANY",
              "pattern_entity": {
                "entity_type": "*",
                "entity_new value": "*",
                "entity_role": "*",
                "entity_parent": {
                  "entity_type": "*",
                  "entity_new value": "*",
                  "entity_role": "condition",
                  "entity_parent": {
                    "entity_type": "If",
                    "entity_new value": "*",
                    "entity_role": "*",
                    "entity_parent": "null"
                  }
                }
              },
              "concrete_change": {
                "operator": "UPD",
                "src_type": "TypeAccess",
                "dst_type": "TypeAccess",
                "src": "org.apache.servicecomb.foundation.log.core.element.impl.ResponseHeaderItem",
                "dst": "org.apache.servicecomb.common.accessLog.core.element.impl.ResponseHeaderItemAccess",
                "src_parent_type": "ThisAccess",
                "dst_parent_type": "ThisAccess",
                "src_parent": "",
                "dst_parent": ""
              },
              "stats": {
                "number_of_src_entities": 3,
                "number_of_dst_entities": 3,
                "src_entity_types": "[org.apache.servicecomb.foundation.log.core.element.impl.ResponseHeaderItem]",
                "dst_entity_types": "[org.apache.servicecomb.common.accessLog.core.element.impl.ResponseHeaderItemAccess]"
              }
            }
          ]
        }
      ]
    },
    {
      "revision": "034b7cc95ab95f2b4b9d136fc786d4b1f59ebb34",
      "repairability": [
        {
          "tool-name": "Nopol",
          "pattern-name": "Nopol:if_condition_upd_deep",
          "Unified_Diff_of-files:": "Starts Below...",
          "INSERT:": "import org.apache.servicecomb.common.accessLog.core.element.impl.LocalHostItemAccess;",
          "CHANGE_old:": "          .setLocalAddress(LocalHostItem.getLocalAddress(context));",
          "CHANGE_new:": "          .setLocalAddress(LocalHostItemAccess.getLocalAddress(context));",
          "instance_detail": [
            {
              "pattern_action": "ANY",
              "pattern_entity": {
                "entity_type": "*",
                "entity_new value": "*",
                "entity_role": "*",
                "entity_parent": {
                  "entity_type": "*",
                  "entity_new value": "*",
                  "entity_role": "condition",
                  "entity_parent": {
                    "entity_type": "If",
                    "entity_new value": "*",
                    "entity_role": "*",
                    "entity_parent": "null"
                  }
                }
              },
              "concrete_change": {
                "operator": "UPD",
                "src_type": "TypeAccess",
                "dst_type": "TypeAccess",
                "src": "LogConfig.INSTANCE",
                "dst": "AccessLogConfig.INSTANCE",
                "src_parent_type": "Invocation",
                "dst_parent_type": "Invocation",
                "src_parent": "(LogConfig.INSTANCE.isServerLogEnabled())",
                "dst_parent": "(AccessLogConfig.INSTANCE.isServerLogEnabled())"
              },
              "line": 166,
              "file": "/home/khesoem/projects/lighter/exp/transports/transport-rest/transport-rest-vertx/src/main/java/org/apache/servicecomb/transport/rest/vertx/RestServerVerticle.java",
              "stats": {
                "number_of_src_entities": 3,
                "number_of_dst_entities": 3,
                "src_entity_types": "[LogConfig.INSTANCE]",
                "dst_entity_types": "[AccessLogConfig.INSTANCE]"
              }
            }
          ]
        }
      ]
    },
    {
      "revision": "034b7cc95ab95f2b4b9d136fc786d4b1f59ebb34",
      "repairability": [
        {
          "tool-name": "Nopol",
          "pattern-name": "Nopol:if_condition_upd_deep",
          "Unified_Diff_of-files:": "Starts Below...",
          "INSERT:": "import org.apache.servicecomb.common.accessLog.core.element.impl.LocalHostItemAccess;",
          "CHANGE_old:": "          .setLocalAddress(LocalHostItem.getLocalAddress(context));",
          "CHANGE_new:": "          .setLocalAddress(LocalHostItemAccess.getLocalAddress(context));",
          "instance_detail": [
            {
              "pattern_action": "ANY",
              "pattern_entity": {
                "entity_type": "*",
                "entity_new value": "*",
                "entity_role": "*",
                "entity_parent": {
                  "entity_type": "*",
                  "entity_new value": "*",
                  "entity_role": "condition",
                  "entity_parent": {
                    "entity_type": "If",
                    "entity_new value": "*",
                    "entity_role": "*",
                    "entity_parent": "null"
                  }
                }
              },
              "concrete_change": {
                "operator": "UPD",
                "src_type": "TypeAccess",
                "dst_type": "TypeAccess",
                "src": "org.apache.servicecomb.foundation.log.core.element.impl.CookieItem",
                "dst": "org.apache.servicecomb.common.accessLog.core.element.impl.CookieItemAccess",
                "src_parent_type": "ThisAccess",
                "dst_parent_type": "ThisAccess",
                "src_parent": "",
                "dst_parent": ""
              },
              "stats": {
                "number_of_src_entities": 3,
                "number_of_dst_entities": 3,
                "src_entity_types": "[org.apache.servicecomb.foundation.log.core.element.impl.CookieItem]",
                "dst_entity_types": "[org.apache.servicecomb.common.accessLog.core.element.impl.CookieItemAccess]"
              }
            }
          ]
        },
        {
          "tool-name": "Nopol",
          "pattern-name": "Nopol:if_condition_upd_deep",
          "Unified_Diff_of-files:": "Starts Below...",
          "INSERT:": "import org.apache.servicecomb.common.accessLog.core.element.impl.LocalHostItemAccess;",
          "CHANGE_old:": "          .setLocalAddress(LocalHostItem.getLocalAddress(context));",
          "CHANGE_new:": "          .setLocalAddress(LocalHostItemAccess.getLocalAddress(context));",
          "instance_detail": [
            {
              "pattern_action": "ANY",
              "pattern_entity": {
                "entity_type": "*",
                "entity_new value": "*",
                "entity_role": "*",
                "entity_parent": {
                  "entity_type": "*",
                  "entity_new value": "*",
                  "entity_role": "condition",
                  "entity_parent": {
                    "entity_type": "If",
                    "entity_new value": "*",
                    "entity_role": "*",
                    "entity_parent": "null"
                  }
                }
              },
              "concrete_change": {
                "operator": "UPD",
                "src_type": "TypeAccess",
                "dst_type": "TypeAccess",
                "src": "org.apache.servicecomb.foundation.log.core.element.impl.CookieItem",
                "dst": "org.apache.servicecomb.common.accessLog.core.element.impl.CookieItemAccess",
                "src_parent_type": "ThisAccess",
                "dst_parent_type": "ThisAccess",
                "src_parent": "",
                "dst_parent": ""
              },
              "stats": {
                "number_of_src_entities": 3,
                "number_of_dst_entities": 3,
                "src_entity_types": "[org.apache.servicecomb.foundation.log.core.element.impl.CookieItem]",
                "dst_entity_types": "[org.apache.servicecomb.common.accessLog.core.element.impl.CookieItemAccess]"
              }
            }
          ]
        }
      ]
    },
    {
      "revision": "034b7cc95ab95f2b4b9d136fc786d4b1f59ebb34",
      "repairability": [
        {
          "tool-name": "Nopol",
          "pattern-name": "Nopol:if_condition_upd_deep",
          "Unified_Diff_of-files:": "Starts Below...",
          "INSERT:": "import org.apache.servicecomb.common.accessLog.core.element.impl.LocalHostItemAccess;",
          "CHANGE_old:": "          .setLocalAddress(LocalHostItem.getLocalAddress(context));",
          "CHANGE_new:": "          .setLocalAddress(LocalHostItemAccess.getLocalAddress(context));",
          "instance_detail": [
            {
              "pattern_action": "ANY",
              "pattern_entity": {
                "entity_type": "*",
                "entity_new value": "*",
                "entity_role": "*",
                "entity_parent": {
                  "entity_type": "*",
                  "entity_new value": "*",
                  "entity_role": "condition",
                  "entity_parent": {
                    "entity_type": "If",
                    "entity_new value": "*",
                    "entity_role": "*",
                    "entity_parent": "null"
                  }
                }
              },
              "concrete_change": {
                "operator": "UPD",
                "src_type": "TypeAccess",
                "dst_type": "TypeAccess",
                "src": "org.apache.servicecomb.foundation.log.core.element.impl.TraceIdItem",
                "dst": "org.apache.servicecomb.common.accessLog.core.element.impl.TraceIdItemAccess",
                "src_parent_type": "FieldRead",
                "dst_parent_type": "FieldRead",
                "src_parent": "org.apache.servicecomb.foundation.log.core.element.impl.TraceIdItem.TRACE_ID",
                "dst_parent": "org.apache.servicecomb.common.accessLog.core.element.impl.TraceIdItemAccess.TRACE_ID"
              },
              "stats": {
                "number_of_src_entities": 3,
                "number_of_dst_entities": 3,
                "src_entity_types": "[org.apache.servicecomb.foundation.log.core.element.impl.TraceIdItem]",
                "dst_entity_types": "[org.apache.servicecomb.common.accessLog.core.element.impl.TraceIdItemAccess]"
              }
            }
          ]
        }
      ]
    }
  ],
  "complete_analysis": true
}