{
  "instances": [
    {
      "revision": "0e5911139083aa9bace4853b5db30fe4d17abc92",
      "repairability": [
        {
          "tool-name": "Nopol",
          "pattern-name": "Nopol:if_condition_ins_shallow",
          "Unified_Diff_of-files:": "Starts Below...",
          "INSERT:": "      }",
          "instance_detail": [
            {
              "pattern_action": "MOV",
              "pattern_entity": {
                "entity_type": "*",
                "entity_new value": "*",
                "entity_role": "Then",
                "entity_parent": {
                  "entity_type": "If",
                  "entity_new value": "*",
                  "entity_role": "*",
                  "entity_parent": "null"
                }
              },
              "concrete_change": {
                "operator": "MOV",
                "src_type": "Block",
                "dst_type": "Block",
                "src": "{\n    invocation.getInvocationStageTrace().finishClientFiltersResponse();\n    asyncResp.consumerFail(ar.cause());\n    return;\n}",
                "dst": "{\n    asyncResp.consumerFail(new org.apache.servicecomb.swagger.invocation.exception.InvocationException(Status.REQUEST_TIMEOUT, java.lang.String.format(\"Request Timeout. Details: %s\", ar.cause().getMessage())));\n    return;\n}",
                "src_parent_type": "If",
                "dst_parent_type": "If",
                "src_parent": "if (ar.failed()) {\n    invocation.getInvocationStageTrace().finishClientFiltersResponse();\n    asyncResp.consumerFail(ar.cause());\n    return;\n}",
                "dst_parent": "if ((ar.cause()) instanceof java.util.concurrent.TimeoutException) {\n    asyncResp.consumerFail(new org.apache.servicecomb.swagger.invocation.exception.InvocationException(Status.REQUEST_TIMEOUT, java.lang.String.format(\"Request Timeout. Details: %s\", ar.cause().getMessage())));\n    return;\n}"
              },
              "line": 109,
              "file": "/home/khesoem/projects/lighter/exp/transports/transport-highway/src/main/java/org/apache/servicecomb/transport/highway/HighwayClient.java",
              "stats": {
                "number_of_src_entities": 22,
                "number_of_dst_entities": 34,
                "src_entity_types": "[org.apache.servicecomb.transport.highway.ar, org.apache.servicecomb.transport.highway.invocation, org.apache.servicecomb.transport.highway.asyncResp]",
                "dst_entity_types": "[org.apache.servicecomb.transport.highway.ar, java.lang.String, org.apache.servicecomb.swagger.invocation.exception.InvocationException, org.apache.servicecomb.transport.highway.asyncResp]"
              }
            },
            {
              "pattern_action": "INS",
              "pattern_entity": {
                "entity_type": "If",
                "entity_new value": "*",
                "entity_role": "*",
                "entity_parent": "null"
              },
              "concrete_change": {
                "operator": "INS",
                "src_type": "If",
                "dst_type": "null",
                "src": "if ((ar.cause()) instanceof java.util.concurrent.TimeoutException) {\n    asyncResp.consumerFail(new org.apache.servicecomb.swagger.invocation.exception.InvocationException(Status.REQUEST_TIMEOUT, java.lang.String.format(\"Request Timeout. Details: %s\", ar.cause().getMessage())));\n    return;\n}",
                "dst": "null",
                "src_parent_type": "Block",
                "dst_parent_type": "null",
                "src_parent": "{\n    invocation.getInvocationStageTrace().finishClientFiltersResponse();\n    if ((ar.cause()) instanceof java.util.concurrent.TimeoutException) {\n        asyncResp.consumerFail(new org.apache.servicecomb.swagger.invocation.exception.InvocationException(Status.REQUEST_TIMEOUT, java.lang.String.format(\"Request Timeout. Details: %s\", ar.cause().getMessage())));\n        return;\n    }\n    asyncResp.consumerFail(ar.cause());\n    return;\n}",
                "dst_parent": "null"
              },
              "line": 117,
              "file": "/home/khesoem/projects/lighter/exp/transports/transport-highway/src/main/java/org/apache/servicecomb/transport/highway/HighwayClient.java"
            }
          ]
        },
        {
          "tool-name": "Nopol",
          "pattern-name": "Nopol:if_condition_ins_deep",
          "Unified_Diff_of-files:": "Starts Below...",
          "INSERT:": "      }",
          "instance_detail": [
            {
              "pattern_action": "INS",
              "pattern_entity": {
                "entity_type": "If",
                "entity_new value": "*",
                "entity_role": "*",
                "entity_parent": "null"
              },
              "concrete_change": {
                "operator": "INS",
                "src_type": "If",
                "dst_type": "null",
                "src": "if (ar.failed()) {\n    invocation.getInvocationStageTrace().finishClientFiltersResponse();\n    if ((ar.cause()) instanceof java.util.concurrent.TimeoutException) {\n        asyncResp.consumerFail(new org.apache.servicecomb.swagger.invocation.exception.InvocationException(Status.REQUEST_TIMEOUT, java.lang.String.format(\"Request Timeout. Details: %s\", ar.cause().getMessage())));\n        return;\n    }\n    asyncResp.consumerFail(ar.cause());\n    return;\n}",
                "dst": "null",
                "src_parent_type": "Block",
                "dst_parent_type": "null",
                "src_parent": "{\n    invocation.getInvocationStageTrace().startClientFiltersResponse();\n    if (ar.failed()) {\n        invocation.getInvocationStageTrace().finishClientFiltersResponse();\n        if ((ar.cause()) instanceof java.util.concurrent.TimeoutException) {\n            asyncResp.consumerFail(new org.apache.servicecomb.swagger.invocation.exception.InvocationException(Status.REQUEST_TIMEOUT, java.lang.String.format(\"Request Timeout. Details: %s\", ar.cause().getMessage())));\n            return;\n        }\n        asyncResp.consumerFail(ar.cause());\n        return;\n    }\n    try {\n        org.apache.servicecomb.swagger.invocation.Response response \u003d org.apache.servicecomb.transport.highway.HighwayCodec.decodeResponse(invocation, operationProtobuf, ar.result());\n        invocation.getInvocationStageTrace().finishClientFiltersResponse();\n        asyncResp.complete(response);\n    } catch ( e) {\n        invocation.getInvocationStageTrace().finishClientFiltersResponse();\n        asyncResp.consumerFail(org.apache.servicecomb.transport.highway.e);\n    }\n}",
                "dst_parent": "null"
              },
              "line": 114,
              "file": "/home/khesoem/projects/lighter/exp/transports/transport-highway/src/main/java/org/apache/servicecomb/transport/highway/HighwayClient.java",
              "stats": {
                "number_of_src_entities": 74,
                "number_of_dst_entities": -1,
                "src_entity_types": "[org.apache.servicecomb.transport.highway.ar, org.apache.servicecomb.transport.highway.invocation, java.lang.String, org.apache.servicecomb.swagger.invocation.exception.InvocationException, org.apache.servicecomb.transport.highway.asyncResp, java.util.concurrent.TimeoutException]",
                "dst_entity_types": "[]"
              }
            },
            {
              "pattern_action": "MOV",
              "pattern_entity": {
                "entity_type": "*",
                "entity_new value": "*",
                "entity_role": "*",
                "entity_parent": {
                  "entity_type": "*",
                  "entity_new value": "*",
                  "entity_role": "Then",
                  "entity_parent": {
                    "entity_type": "If",
                    "entity_new value": "*",
                    "entity_role": "*",
                    "entity_parent": "null"
                  }
                }
              },
              "concrete_change": {
                "operator": "MOV",
                "src_type": "Invocation",
                "dst_type": "Invocation",
                "src": "invocation.getInvocationStageTrace().finishClientFiltersResponse()",
                "dst": "invocation.getInvocationStageTrace().finishClientFiltersResponse()",
                "src_parent_type": "Block",
                "dst_parent_type": "Block",
                "src_parent": "{\n    invocation.getInvocationStageTrace().finishClientFiltersResponse();\n    asyncResp.consumerFail(ar.cause());\n    return;\n}",
                "dst_parent": "{\n    invocation.getInvocationStageTrace().finishClientFiltersResponse();\n    if ((ar.cause()) instanceof java.util.concurrent.TimeoutException) {\n        asyncResp.consumerFail(new org.apache.servicecomb.swagger.invocation.exception.InvocationException(Status.REQUEST_TIMEOUT, java.lang.String.format(\"Request Timeout. Details: %s\", ar.cause().getMessage())));\n        return;\n    }\n    asyncResp.consumerFail(ar.cause());\n    return;\n}"
              },
              "line": 111,
              "file": "/home/khesoem/projects/lighter/exp/transports/transport-highway/src/main/java/org/apache/servicecomb/transport/highway/HighwayClient.java",
              "stats": {
                "number_of_src_entities": 8,
                "number_of_dst_entities": 8,
                "src_entity_types": "[org.apache.servicecomb.transport.highway.invocation]",
                "dst_entity_types": "[org.apache.servicecomb.transport.highway.invocation]"
              }
            }
          ]
        }
      ]
    }
  ],
  "complete_analysis": true
}