{
  "instances": [
    {
      "revision": "2ddb298f7a160522bc5880359d953d885b98be6b",
      "repairability": [
        {
          "tool-name": "Arja",
          "pattern-name": "Arja:arja_shallow_change",
          "Unified_Diff_of-files:": "Starts Below...",
          "CHANGE_old:": "",
          "CHANGE_new:": "                ClassTypeInformation.from(String[].class)))[0].equals(entity.getDiscriminationValue());",
          "instance_detail": [
            {
              "pattern_action": "ANY",
              "pattern_entity": {
                "entity_type": "Statement",
                "entity_new value": "*",
                "entity_role": "*",
                "entity_parent": "null"
              },
              "concrete_change": {
                "operator": "DEL",
                "src_type": "Invocation",
                "dst_type": "null",
                "src": "propertyValueProvider.getPropertyValue(entity.getDiscriminationFieldName(), EmbeddedType.NOT_EMBEDDED, org.springframework.data.util.ClassTypeInformation.from(java.lang.String.class))",
                "dst": "null",
                "src_parent_type": "Invocation",
                "dst_parent_type": "null",
                "src_parent": "propertyValueProvider.getPropertyValue(entity.getDiscriminationFieldName(), EmbeddedType.NOT_EMBEDDED, org.springframework.data.util.ClassTypeInformation.from(java.lang.String.class)).equals(entity.getDiscriminationValue())",
                "dst_parent": "null"
              },
              "line": 153,
              "file": "/home/khesoem/projects/lighter/exp/spring-cloud-gcp-data-datastore/src/main/java/org/springframework/cloud/gcp/data/datastore/core/convert/DefaultDatastoreEntityConverter.java",
              "stats": {
                "number_of_src_entities": 39,
                "number_of_dst_entities": -1,
                "src_entity_types": "[org.springframework.cloud.gcp.data.datastore.core.convert.EntityPropertyValueProvider, org.springframework.cloud.gcp.data.datastore.core.mapping.DatastorePersistentEntity, java.lang.String, EmbeddedType.NOT_EMBEDDED, org.springframework.data.util.ClassTypeInformation]",
                "dst_entity_types": "[]"
              }
            }
          ]
        }
      ]
    }
  ],
  "complete_analysis": true
}