{
  "instances": [
    {
      "revision": "01a0a98135e7db4b701526461d56aa2c852cb14b",
      "repairability": [
        {
          "tool-name": "Arja",
          "pattern-name": "Arja:arja_shallow_change",
          "Unified_Diff_of-files:": "Starts Below...",
          "CHANGE_old:": "                    .map(val -\u0026gt; val.toBuilder().setExcludeFromIndexes(true).build()).collect(Collectors.toList()));",
          "CHANGE_new:": "                            .map(this::setExcludeFromIndexes).collect(Collectors.toList()));",
          "instance_detail": [
            {
              "pattern_action": "ANY",
              "pattern_entity": {
                "entity_type": "Statement",
                "entity_new value": "*",
                "entity_role": "*",
                "entity_parent": "null"
              },
              "concrete_change": {
                "operator": "DEL",
                "src_type": "Invocation",
                "dst_type": "null",
                "src": "((com.google.cloud.datastore.EntityValue) (convertedVal)).get().getProperties().entrySet()",
                "dst": "null",
                "src_parent_type": "Invocation",
                "dst_parent_type": "null",
                "src_parent": "((com.google.cloud.datastore.EntityValue) (convertedVal)).get().getProperties().entrySet().stream()",
                "dst_parent": "null"
              },
              "line": 233,
              "file": "/home/khesoem/projects/lighter/exp/spring-cloud-gcp-data-datastore/src/main/java/org/springframework/cloud/gcp/data/datastore/core/convert/DefaultDatastoreEntityConverter.java"
            }
          ]
        },
        {
          "tool-name": "Arja",
          "pattern-name": "Arja:arja_shallow_change",
          "Unified_Diff_of-files:": "Starts Below...",
          "CHANGE_old:": "                    .map(val -\u0026gt; val.toBuilder().setExcludeFromIndexes(true).build()).collect(Collectors.toList()));",
          "CHANGE_new:": "                            .map(this::setExcludeFromIndexes).collect(Collectors.toList()));",
          "instance_detail": [
            {
              "pattern_action": "ANY",
              "pattern_entity": {
                "entity_type": "Statement",
                "entity_new value": "*",
                "entity_role": "*",
                "entity_parent": "null"
              },
              "concrete_change": {
                "operator": "DEL",
                "src_type": "Invocation",
                "dst_type": "null",
                "src": "((com.google.cloud.datastore.EntityValue) (convertedVal)).get().getProperties().entrySet().stream()",
                "dst": "null",
                "src_parent_type": "Invocation",
                "dst_parent_type": "null",
                "src_parent": "((com.google.cloud.datastore.EntityValue) (convertedVal)).get().getProperties().entrySet().stream().forEach(( stringValueEntry) -\u003e builder.set(stringValueEntry.getKey(), stringValueEntry.getValue().toBuilder().setExcludeFromIndexes(true).build()))",
                "dst_parent": "null"
              },
              "line": 233,
              "file": "/home/khesoem/projects/lighter/exp/spring-cloud-gcp-data-datastore/src/main/java/org/springframework/cloud/gcp/data/datastore/core/convert/DefaultDatastoreEntityConverter.java",
              "stats": {
                "number_of_src_entities": 14,
                "number_of_dst_entities": -1,
                "src_entity_types": "[com.google.cloud.datastore.EntityValue, com.google.cloud.datastore.Value]",
                "dst_entity_types": "[]"
              }
            }
          ]
        },
        {
          "tool-name": "Arja",
          "pattern-name": "Arja:arja_shallow_change",
          "Unified_Diff_of-files:": "Starts Below...",
          "CHANGE_old:": "                    .map(val -\u0026gt; val.toBuilder().setExcludeFromIndexes(true).build()).collect(Collectors.toList()));",
          "CHANGE_new:": "                            .map(this::setExcludeFromIndexes).collect(Collectors.toList()));",
          "instance_detail": [
            {
              "pattern_action": "ANY",
              "pattern_entity": {
                "entity_type": "Statement",
                "entity_new value": "*",
                "entity_role": "*",
                "entity_parent": "null"
              },
              "concrete_change": {
                "operator": "DEL",
                "src_type": "Invocation",
                "dst_type": "null",
                "src": "stringValueEntry.getValue()",
                "dst": "null",
                "src_parent_type": "Invocation",
                "dst_parent_type": "null",
                "src_parent": "stringValueEntry.getValue().toBuilder()",
                "dst_parent": "null"
              },
              "line": 234,
              "file": "/home/khesoem/projects/lighter/exp/spring-cloud-gcp-data-datastore/src/main/java/org/springframework/cloud/gcp/data/datastore/core/convert/DefaultDatastoreEntityConverter.java"
            }
          ]
        },
        {
          "tool-name": "Arja",
          "pattern-name": "Arja:arja_shallow_change",
          "Unified_Diff_of-files:": "Starts Below...",
          "CHANGE_old:": "                    .map(val -\u0026gt; val.toBuilder().setExcludeFromIndexes(true).build()).collect(Collectors.toList()));",
          "CHANGE_new:": "                            .map(this::setExcludeFromIndexes).collect(Collectors.toList()));",
          "instance_detail": [
            {
              "pattern_action": "ANY",
              "pattern_entity": {
                "entity_type": "Statement",
                "entity_new value": "*",
                "entity_role": "*",
                "entity_parent": "null"
              },
              "concrete_change": {
                "operator": "DEL",
                "src_type": "Invocation",
                "dst_type": "null",
                "src": "stringValueEntry.getValue().toBuilder()",
                "dst": "null",
                "src_parent_type": "Invocation",
                "dst_parent_type": "null",
                "src_parent": "stringValueEntry.getValue().toBuilder().setExcludeFromIndexes(true)",
                "dst_parent": "null"
              },
              "line": 234,
              "file": "/home/khesoem/projects/lighter/exp/spring-cloud-gcp-data-datastore/src/main/java/org/springframework/cloud/gcp/data/datastore/core/convert/DefaultDatastoreEntityConverter.java",
              "stats": {
                "number_of_src_entities": 8,
                "number_of_dst_entities": -1,
                "src_entity_types": "[org.springframework.cloud.gcp.data.datastore.core.convert.stringValueEntry]",
                "dst_entity_types": "[]"
              }
            }
          ]
        },
        {
          "tool-name": "Arja",
          "pattern-name": "Arja:arja_shallow_change",
          "Unified_Diff_of-files:": "Starts Below...",
          "CHANGE_old:": "                    .map(val -\u0026gt; val.toBuilder().setExcludeFromIndexes(true).build()).collect(Collectors.toList()));",
          "CHANGE_new:": "                            .map(this::setExcludeFromIndexes).collect(Collectors.toList()));",
          "instance_detail": [
            {
              "pattern_action": "ANY",
              "pattern_entity": {
                "entity_type": "Statement",
                "entity_new value": "*",
                "entity_role": "*",
                "entity_parent": "null"
              },
              "concrete_change": {
                "operator": "DEL",
                "src_type": "Invocation",
                "dst_type": "null",
                "src": "stringValueEntry.getKey()",
                "dst": "null",
                "src_parent_type": "Invocation",
                "dst_parent_type": "null",
                "src_parent": "builder.set(stringValueEntry.getKey(), stringValueEntry.getValue().toBuilder().setExcludeFromIndexes(true).build())",
                "dst_parent": "null"
              },
              "line": 234,
              "file": "/home/khesoem/projects/lighter/exp/spring-cloud-gcp-data-datastore/src/main/java/org/springframework/cloud/gcp/data/datastore/core/convert/DefaultDatastoreEntityConverter.java",
              "stats": {
                "number_of_src_entities": 6,
                "number_of_dst_entities": -1,
                "src_entity_types": "[org.springframework.cloud.gcp.data.datastore.core.convert.stringValueEntry]",
                "dst_entity_types": "[]"
              }
            }
          ]
        },
        {
          "tool-name": "Arja",
          "pattern-name": "Arja:arja_shallow_change",
          "Unified_Diff_of-files:": "Starts Below...",
          "CHANGE_old:": "                    .map(val -\u0026gt; val.toBuilder().setExcludeFromIndexes(true).build()).collect(Collectors.toList()));",
          "CHANGE_new:": "                            .map(this::setExcludeFromIndexes).collect(Collectors.toList()));",
          "instance_detail": [
            {
              "pattern_action": "ANY",
              "pattern_entity": {
                "entity_type": "Statement",
                "entity_new value": "*",
                "entity_role": "*",
                "entity_parent": "null"
              },
              "concrete_change": {
                "operator": "DEL",
                "src_type": "Invocation",
                "dst_type": "null",
                "src": "stringValueEntry.getValue().toBuilder().setExcludeFromIndexes(true).build()",
                "dst": "null",
                "src_parent_type": "Invocation",
                "dst_parent_type": "null",
                "src_parent": "builder.set(stringValueEntry.getKey(), stringValueEntry.getValue().toBuilder().setExcludeFromIndexes(true).build())",
                "dst_parent": "null"
              },
              "line": 234,
              "file": "/home/khesoem/projects/lighter/exp/spring-cloud-gcp-data-datastore/src/main/java/org/springframework/cloud/gcp/data/datastore/core/convert/DefaultDatastoreEntityConverter.java",
              "stats": {
                "number_of_src_entities": 14,
                "number_of_dst_entities": -1,
                "src_entity_types": "[boolean, org.springframework.cloud.gcp.data.datastore.core.convert.stringValueEntry]",
                "dst_entity_types": "[]"
              }
            }
          ]
        },
        {
          "tool-name": "Arja",
          "pattern-name": "Arja:arja_shallow_change",
          "Unified_Diff_of-files:": "Starts Below...",
          "CHANGE_old:": "                    .map(val -\u0026gt; val.toBuilder().setExcludeFromIndexes(true).build()).collect(Collectors.toList()));",
          "CHANGE_new:": "                            .map(this::setExcludeFromIndexes).collect(Collectors.toList()));",
          "instance_detail": [
            {
              "pattern_action": "ANY",
              "pattern_entity": {
                "entity_type": "Statement",
                "entity_new value": "*",
                "entity_role": "*",
                "entity_parent": "null"
              },
              "concrete_change": {
                "operator": "DEL",
                "src_type": "Invocation",
                "dst_type": "null",
                "src": "val.toBuilder()",
                "dst": "null",
                "src_parent_type": "Invocation",
                "dst_parent_type": "null",
                "src_parent": "val.toBuilder().setExcludeFromIndexes(true)",
                "dst_parent": "null"
              },
              "line": 240,
              "file": "/home/khesoem/projects/lighter/exp/spring-cloud-gcp-data-datastore/src/main/java/org/springframework/cloud/gcp/data/datastore/core/convert/DefaultDatastoreEntityConverter.java"
            }
          ]
        },
        {
          "tool-name": "Arja",
          "pattern-name": "Arja:arja_shallow_change",
          "Unified_Diff_of-files:": "Starts Below...",
          "CHANGE_old:": "                    .map(val -\u0026gt; val.toBuilder().setExcludeFromIndexes(true).build()).collect(Collectors.toList()));",
          "CHANGE_new:": "                            .map(this::setExcludeFromIndexes).collect(Collectors.toList()));",
          "instance_detail": [
            {
              "pattern_action": "ANY",
              "pattern_entity": {
                "entity_type": "Statement",
                "entity_new value": "*",
                "entity_role": "*",
                "entity_parent": "null"
              },
              "concrete_change": {
                "operator": "DEL",
                "src_type": "Invocation",
                "dst_type": "null",
                "src": "val.toBuilder().setExcludeFromIndexes(true)",
                "dst": "null",
                "src_parent_type": "Invocation",
                "dst_parent_type": "null",
                "src_parent": "val.toBuilder().setExcludeFromIndexes(true).build()",
                "dst_parent": "null"
              },
              "line": 240,
              "file": "/home/khesoem/projects/lighter/exp/spring-cloud-gcp-data-datastore/src/main/java/org/springframework/cloud/gcp/data/datastore/core/convert/DefaultDatastoreEntityConverter.java"
            }
          ]
        },
        {
          "tool-name": "Arja",
          "pattern-name": "Arja:arja_shallow_change",
          "Unified_Diff_of-files:": "Starts Below...",
          "CHANGE_old:": "                    .map(val -\u0026gt; val.toBuilder().setExcludeFromIndexes(true).build()).collect(Collectors.toList()));",
          "CHANGE_new:": "                            .map(this::setExcludeFromIndexes).collect(Collectors.toList()));",
          "instance_detail": [
            {
              "pattern_action": "ANY",
              "pattern_entity": {
                "entity_type": "Statement",
                "entity_new value": "*",
                "entity_role": "*",
                "entity_parent": "null"
              },
              "concrete_change": {
                "operator": "DEL",
                "src_type": "Invocation",
                "dst_type": "null",
                "src": "val.toBuilder().setExcludeFromIndexes(true).build()",
                "dst": "null",
                "src_parent_type": "Lambda",
                "dst_parent_type": "null",
                "src_parent": "( val) -\u003e val.toBuilder().setExcludeFromIndexes(true).build()",
                "dst_parent": "null"
              },
              "line": 240,
              "file": "/home/khesoem/projects/lighter/exp/spring-cloud-gcp-data-datastore/src/main/java/org/springframework/cloud/gcp/data/datastore/core/convert/DefaultDatastoreEntityConverter.java"
            }
          ]
        },
        {
          "tool-name": "Arja",
          "pattern-name": "Arja:arja_deep_change",
          "Unified_Diff_of-files:": "Starts Below...",
          "CHANGE_old:": "                    .map(val -\u0026gt; val.toBuilder().setExcludeFromIndexes(true).build()).collect(Collectors.toList()));",
          "CHANGE_new:": "                            .map(this::setExcludeFromIndexes).collect(Collectors.toList()));",
          "instance_detail": [
            {
              "pattern_action": "ANY",
              "pattern_entity": {
                "entity_type": "*",
                "entity_new value": "*",
                "entity_role": "*",
                "entity_parent": {
                  "entity_type": "Statement",
                  "entity_new value": "*",
                  "entity_role": "*",
                  "entity_parent": "null"
                }
              },
              "concrete_change": {
                "operator": "INS",
                "src_type": "TypeAccess",
                "dst_type": "null",
                "src": "",
                "dst": "null",
                "src_parent_type": "ThisAccess",
                "dst_parent_type": "null",
                "src_parent": "",
                "dst_parent": "null"
              },
              "stats": {
                "number_of_src_entities": 1,
                "number_of_dst_entities": -1,
                "src_entity_types": "[]",
                "dst_entity_types": "[]"
              }
            }
          ]
        }
      ]
    }
  ],
  "complete_analysis": true
}