{
  "instances": [
    {
      "revision": "57f63865b5d66a1297f88eacabf112b04ba37364",
      "repairability": [
        {
          "tool-name": "Arja",
          "pattern-name": "Arja:arja_shallow_change",
          "Unified_Diff_of-files:": "Starts Below...",
          "INSERT:": "}",
          "CHANGE_old:": "        ProjectName projectName \u003d ProjectName.of(projectIdProvider.getProjectId());",
          "CHANGE_new:": "        ProjectName projectName \u003d ProjectName.of(projectId);",
          "DELETE:": "",
          "instance_detail": [
            {
              "pattern_action": "ANY",
              "pattern_entity": {
                "entity_type": "Statement",
                "entity_new value": "*",
                "entity_role": "*",
                "entity_parent": "null"
              },
              "concrete_change": {
                "operator": "DEL",
                "src_type": "Invocation",
                "dst_type": "null",
                "src": "com.google.cloud.secretmanager.v1beta1.SecretVersionName.of(this.projectIdProvider.getProjectId(), secretId, versionName)",
                "dst": "null",
                "src_parent_type": "LocalVariable",
                "dst_parent_type": "null",
                "src_parent": "com.google.cloud.secretmanager.v1beta1.SecretVersionName secretVersionName \u003d com.google.cloud.secretmanager.v1beta1.SecretVersionName.of(this.projectIdProvider.getProjectId(), secretId, versionName)",
                "dst_parent": "null"
              },
              "line": 86,
              "file": "/home/khesoem/projects/lighter/exp/spring-cloud-gcp-secretmanager/src/main/java/org/springframework/cloud/gcp/secretmanager/SecretManagerTemplate.java"
            }
          ]
        },
        {
          "tool-name": "Arja",
          "pattern-name": "Arja:arja_shallow_change",
          "Unified_Diff_of-files:": "Starts Below...",
          "INSERT:": "}",
          "CHANGE_old:": "        ProjectName projectName \u003d ProjectName.of(projectIdProvider.getProjectId());",
          "CHANGE_new:": "        ProjectName projectName \u003d ProjectName.of(projectId);",
          "DELETE:": "",
          "instance_detail": [
            {
              "pattern_action": "ANY",
              "pattern_entity": {
                "entity_type": "Statement",
                "entity_new value": "*",
                "entity_role": "*",
                "entity_parent": "null"
              },
              "concrete_change": {
                "operator": "DEL",
                "src_type": "LocalVariable",
                "dst_type": "null",
                "src": "com.google.cloud.secretmanager.v1beta1.SecretVersionName secretVersionName \u003d com.google.cloud.secretmanager.v1beta1.SecretVersionName.of(this.projectIdProvider.getProjectId(), secretId, versionName)",
                "dst": "null",
                "src_parent_type": "Block",
                "dst_parent_type": "null",
                "src_parent": "{\n    com.google.cloud.secretmanager.v1beta1.SecretVersionName secretVersionName \u003d com.google.cloud.secretmanager.v1beta1.SecretVersionName.of(this.projectIdProvider.getProjectId(), secretId, versionName);\n    com.google.cloud.secretmanager.v1beta1.AccessSecretVersionResponse response \u003d secretManagerServiceClient.accessSecretVersion(secretVersionName);\n    return response.getPayload().getData();\n}",
                "dst_parent": "null"
              },
              "line": 86,
              "file": "/home/khesoem/projects/lighter/exp/spring-cloud-gcp-secretmanager/src/main/java/org/springframework/cloud/gcp/secretmanager/SecretManagerTemplate.java",
              "stats": {
                "number_of_src_entities": 40,
                "number_of_dst_entities": -1,
                "src_entity_types": "[org.springframework.cloud.gcp.secretmanager.SecretManagerTemplate, com.google.cloud.secretmanager.v1beta1.SecretVersionName, java.lang.String, org.springframework.cloud.gcp.core.GcpProjectIdProvider]",
                "dst_entity_types": "[]"
              }
            }
          ]
        },
        {
          "tool-name": "Arja",
          "pattern-name": "Arja:arja_shallow_change",
          "Unified_Diff_of-files:": "Starts Below...",
          "INSERT:": "}",
          "CHANGE_old:": "        ProjectName projectName \u003d ProjectName.of(projectIdProvider.getProjectId());",
          "CHANGE_new:": "        ProjectName projectName \u003d ProjectName.of(projectId);",
          "DELETE:": "",
          "instance_detail": [
            {
              "pattern_action": "ANY",
              "pattern_entity": {
                "entity_type": "Statement",
                "entity_new value": "*",
                "entity_role": "*",
                "entity_parent": "null"
              },
              "concrete_change": {
                "operator": "DEL",
                "src_type": "Invocation",
                "dst_type": "null",
                "src": "com.google.cloud.secretmanager.v1beta1.SecretName.of(this.projectIdProvider.getProjectId(), secretId)",
                "dst": "null",
                "src_parent_type": "LocalVariable",
                "dst_parent_type": "null",
                "src_parent": "com.google.cloud.secretmanager.v1beta1.SecretName secretName \u003d com.google.cloud.secretmanager.v1beta1.SecretName.of(this.projectIdProvider.getProjectId(), secretId)",
                "dst_parent": "null"
              },
              "line": 98,
              "file": "/home/khesoem/projects/lighter/exp/spring-cloud-gcp-secretmanager/src/main/java/org/springframework/cloud/gcp/secretmanager/SecretManagerTemplate.java"
            }
          ]
        },
        {
          "tool-name": "Arja",
          "pattern-name": "Arja:arja_shallow_change",
          "Unified_Diff_of-files:": "Starts Below...",
          "INSERT:": "}",
          "CHANGE_old:": "        ProjectName projectName \u003d ProjectName.of(projectIdProvider.getProjectId());",
          "CHANGE_new:": "        ProjectName projectName \u003d ProjectName.of(projectId);",
          "DELETE:": "",
          "instance_detail": [
            {
              "pattern_action": "ANY",
              "pattern_entity": {
                "entity_type": "Statement",
                "entity_new value": "*",
                "entity_role": "*",
                "entity_parent": "null"
              },
              "concrete_change": {
                "operator": "DEL",
                "src_type": "LocalVariable",
                "dst_type": "null",
                "src": "com.google.cloud.secretmanager.v1beta1.SecretName secretName \u003d com.google.cloud.secretmanager.v1beta1.SecretName.of(this.projectIdProvider.getProjectId(), secretId)",
                "dst": "null",
                "src_parent_type": "Block",
                "dst_parent_type": "null",
                "src_parent": "{\n    com.google.cloud.secretmanager.v1beta1.SecretName secretName \u003d com.google.cloud.secretmanager.v1beta1.SecretName.of(this.projectIdProvider.getProjectId(), secretId);\n    try {\n        this.secretManagerServiceClient.getSecret(secretName);\n    } catch (com.google.api.gax.rpc.NotFoundException ex) {\n        return false;\n    }\n    return true;\n}",
                "dst_parent": "null"
              },
              "line": 98,
              "file": "/home/khesoem/projects/lighter/exp/spring-cloud-gcp-secretmanager/src/main/java/org/springframework/cloud/gcp/secretmanager/SecretManagerTemplate.java",
              "stats": {
                "number_of_src_entities": 34,
                "number_of_dst_entities": -1,
                "src_entity_types": "[org.springframework.cloud.gcp.secretmanager.SecretManagerTemplate, com.google.cloud.secretmanager.v1beta1.SecretName, java.lang.String, org.springframework.cloud.gcp.core.GcpProjectIdProvider]",
                "dst_entity_types": "[]"
              }
            }
          ]
        }
      ]
    }
  ],
  "complete_analysis": true
}