{
  "instances": [
    {
      "revision": "ed38643873c04efc70ba0ecd6ab24e2a81ea132d",
      "repairability": [
        {
          "tool-name": "Arja",
          "pattern-name": "Arja:arja_shallow_change",
          "Unified_Diff_of-files:": "Starts Below...",
          "CHANGE_old:": "",
          "CHANGE_new:": "                                .build())",
          "instance_detail": [
            {
              "pattern_action": "ANY",
              "pattern_entity": {
                "entity_type": "Statement",
                "entity_new value": "*",
                "entity_role": "*",
                "entity_parent": "null"
              },
              "concrete_change": {
                "operator": "DEL",
                "src_type": "Invocation",
                "dst_type": "null",
                "src": "com.google.api.gax.grpc.GrpcTransportChannel.create(firestoreManagedChannel)",
                "dst": "null",
                "src_parent_type": "Invocation",
                "dst_parent_type": "null",
                "src_parent": "com.google.api.gax.rpc.FixedTransportChannelProvider.create(com.google.api.gax.grpc.GrpcTransportChannel.create(firestoreManagedChannel))",
                "dst_parent": "null"
              },
              "line": 97,
              "file": "/home/khesoem/projects/lighter/exp/spring-cloud-gcp-autoconfigure/src/main/java/org/springframework/cloud/gcp/autoconfigure/firestore/GcpFirestoreAutoConfiguration.java"
            }
          ]
        }
      ]
    }
  ],
  "complete_analysis": true
}