{
  "instances": [
    {
      "revision": "4c3e4fa7a8b597beaeccbe5d1e68417a7a58a262",
      "repairability": [
        {
          "tool-name": "Elixir",
          "pattern-name": "Elixir:tight_be",
          "Unified_Diff_of-files:": "Starts Below...",
          "DELETE:": "    public static final String FILE_SUFFIX \u003d \".\" + VM;",
          "INSERT:": "",
          "CHANGE_old:": "            templateName +\u003d FILE_SUFFIX;",
          "CHANGE_new:": "            templateName +\u003d \".\" + extension;",
          "instance_detail": [
            {
              "pattern_action": "INS",
              "pattern_entity": {
                "entity_type": "BinaryOperator",
                "entity_new value": "*",
                "entity_role": "*",
                "entity_parent": {
                  "entity_type": "If",
                  "entity_new value": "*",
                  "entity_role": "*",
                  "entity_parent": "null"
                }
              },
              "concrete_change": {
                "operator": "INS",
                "src_type": "BinaryOperator",
                "dst_type": "null",
                "src": "(name.indexOf(\u0027.\u0027)) \u003d\u003d (-1)",
                "dst": "null",
                "src_parent_type": "If",
                "dst_parent_type": "null",
                "src_parent": "if ((name.indexOf(\u0027.\u0027)) \u003d\u003d (-1)) {\n    name +\u003d \".\" + (extension);\n}",
                "dst_parent": "null"
              },
              "line": 173,
              "file": "/home/khesoem/projects/lighter/exp/pippo-template-parent/pippo-jade/src/main/java/ro/pippo/jade/JadeTemplateEngine.java",
              "stats": {
                "number_of_src_entities": 18,
                "number_of_dst_entities": -1,
                "src_entity_types": "[int, boolean, java.lang.String, char]",
                "dst_entity_types": "[]"
              }
            }
          ]
        }
      ]
    }
  ],
  "complete_analysis": true
}