{
  "instances": [
    {
      "revision": "853d4ae126f69d6ecc3c794e36cd48ccda04f7d0",
      "repairability": [
        {
          "tool-name": "Elixir",
          "pattern-name": "Elixir:update_invocation_deep",
          "Unified_Diff_of-files:": "Starts Below...",
          "INSERT:": "}",
          "instance_detail": [
            {
              "pattern_action": "ANY",
              "pattern_entity": {
                "entity_type": "*",
                "entity_new value": "*",
                "entity_role": "*",
                "entity_parent": {
                  "entity_type": "AbstractInvocation",
                  "entity_new value": "*",
                  "entity_role": "*",
                  "entity_parent": "null"
                }
              },
              "concrete_change": {
                "operator": "INS",
                "src_type": "If",
                "dst_type": "null",
                "src": "if (velocity) {\n    routeContext.setLocal(\"welcome\", \"Welcome\");\n}",
                "dst": "null",
                "src_parent_type": "Block",
                "dst_parent_type": "null",
                "src_parent": "{\n    java.util.Calendar calendar \u003d java.util.Calendar.getInstance();\n    calendar.add(java.util.Calendar.DATE, (-5));\n    java.util.Date testDate \u003d calendar.getTime();\n    routeContext.setLocal(\"testDate\", testDate);\n    routeContext.setLocal(\"mode\", getRuntimeMode());\n    if (velocity) {\n        routeContext.setLocal(\"welcome\", \"Welcome\");\n    }\n    routeContext.render(template);\n}",
                "dst_parent": "null"
              },
              "line": 72,
              "file": "/home/khesoem/projects/lighter/exp/pippo-demo/pippo-demo-template/src/main/java/ro/pippo/demo/template/TemplateApplication.java",
              "stats": {
                "number_of_src_entities": 31,
                "number_of_dst_entities": -1,
                "src_entity_types": "[ro.pippo.demo.template.TemplateApplication, java.lang.String, ro.pippo.core.route.RouteContext]",
                "dst_entity_types": "[]"
              }
            }
          ]
        }
      ]
    }
  ],
  "complete_analysis": true
}