{
  "instances": [
    {
      "revision": "367f53c142f6f37a98417e0bd819a7360b3c64d3",
      "repairability": [
        {
          "tool-name": "Elixir",
          "pattern-name": "Elixir:update_type_ref",
          "Unified_Diff_of-files:": "Starts Below...",
          "CHANGE_old:": "    Application getApplication();",
          "CHANGE_new:": "    \u0026lt;T extends Application\u0026gt; T getApplication();",
          "instance_detail": [
            {
              "pattern_action": "UPD",
              "pattern_entity": {
                "entity_type": "TypeReference",
                "entity_new value": "*",
                "entity_role": "*",
                "entity_parent": "null"
              },
              "concrete_change": {
                "operator": "UPD",
                "src_type": "TypeReference",
                "dst_type": "TypeParameterReference",
                "src": "ro.pippo.core.Application",
                "dst": "T",
                "src_parent_type": "Method",
                "dst_parent_type": "Method",
                "src_parent": "ro.pippo.core.Application getApplication();",
                "dst_parent": "\u003cT extends ro.pippo.core.Application\u003e T getApplication();"
              },
              "line": 33,
              "file": "/home/khesoem/projects/lighter/exp/pippo-core/src/main/java/ro/pippo/core/route/RouteContext.java",
              "stats": {
                "number_of_src_entities": 2,
                "number_of_dst_entities": 1,
                "src_entity_types": "[ro.pippo.core.Application]",
                "dst_entity_types": "[]"
              }
            }
          ]
        }
      ]
    }
  ],
  "complete_analysis": true
}