{
  "instances": [
    {
      "revision": "26834dadee20fcf6a55419e88b573fa6dcab64e5",
      "repairability": [
        {
          "tool-name": "Elixir",
          "pattern-name": "Elixir:Insert_Invocation",
          "Unified_Diff_of-files:": "Starts Below...",
          "INSERT:": "\r",
          "CHANGE_old:": "      MultiLocatitionSquidCheck.eraseMultilineCheckMessages(squidFile);\r",
          "CHANGE_new:": "      MultiLocatitionSquidCheck.eraseMultilineCheckMessages(sourceFile);\r",
          "DELETE:": "\r",
          "instance_detail": [
            {
              "pattern_action": "INS",
              "pattern_entity": {
                "entity_type": "AbstractInvocation",
                "entity_new value": "*",
                "entity_role": "*",
                "entity_parent": "null"
              },
              "concrete_change": {
                "operator": "INS",
                "src_type": "Invocation",
                "dst_type": "null",
                "src": "org.sonar.api.config.PropertyDefinition.builder(org.sonar.plugins.cxx.CxxSquidSensor.CPD_IGNORE_LITERALS_KEY).defaultValue(java.lang.Boolean.FALSE.toString()).name(\"Ignores literal value differences when evaluating a duplicate block\").description((\"Ignores literal (numbers, characters and strings) value differences when evaluating a duplicate \" + \"block. This means that e.g. foo\u003d42; and foo\u003d43; will be seen as equivalent. Default is \u0027False\u0027.\")).category(\"CXX\").subCategory(\"(4) Duplications\").onQualifiers(Qualifiers.PROJECT).type(PropertyType.BOOLEAN).build()",
                "dst": "null",
                "src_parent_type": "Invocation",
                "dst_parent_type": "null",
                "src_parent": "java.util.Arrays.asList(org.sonar.api.config.PropertyDefinition.builder(org.sonar.plugins.cxx.CxxSquidSensor.INCLUDE_DIRECTORIES_KEY).multiValues(true).name(\"Include directories\").description((\"Comma-separated list of directories to search the included files in. \" + \"May be defined either relative to projects root or absolute.\")).category(\"CXX\").subCategory(\"(2) Defines \u0026 Includes\").onQualifiers(Qualifiers.PROJECT).build(), org.sonar.api.config.PropertyDefinition.builder(org.sonar.plugins.cxx.CxxSquidSensor.FORCE_INCLUDE_FILES_KEY).multiValues(true).category(\"CXX\").subCategory(\"(2) Defines \u0026 Includes\").name(\"Force includes\").description((\"Comma-separated list of files which should to be included implicitly at the \" + \"beginning of each source file.\")).onQualifiers(Qualifiers.PROJECT).build(), org.sonar.api.config.PropertyDefinition.builder(org.sonar.plugins.cxx.CxxSquidSensor.DEFINES_KEY).name(\"Default macros\").description((\"Additional macro definitions (one per line) to use when analysing the source code. Use to provide\" + (\"macros which cannot be resolved by other means.\" + \" Use the \u0027force includes\u0027 setting to inject more complex, multi-line macros.\"))).category(\"CXX\").subCategory(\"(2) Defines \u0026 Includes\").onQualifiers(Qualifiers.PROJECT).type(PropertyType.TEXT).build(), org.sonar.api.config.PropertyDefinition.builder(org.sonar.plugins.cxx.CxxSquidSensor.ERROR_RECOVERY_KEY).defaultValue(java.lang.Boolean.TRUE.toString()).name(\"Parse error recovery\").description((\"Defines mode for error handling of report files and parsing errors. `False\u0027 (strict) breaks after\" + ((\" an error or \u0027True\u0027 (tolerant\u003ddefault) continues. See \u003ca href\u003d\u0027https://github.com/SonarOpenCommunity/\" + \"sonar-cxx/wiki/Supported-configuration-properties#sonarcxxerrorrecoveryenabled\u0027\u003e\") + \"sonar.cxx.errorRecoveryEnabled\u003c/a\u003e for a complete description.\"))).category(\"CXX\").subCategory(\"(1) General\").onQualifiers(Qualifiers.PROJECT).type(PropertyType.BOOLEAN).build(), org.sonar.api.config.PropertyDefinition.builder(org.sonar.plugins.cxx.CxxSquidSensor.REPORT_PATH_KEY).name(\"Path(s) to MSBuild log(s)\").description(((\"Extract includes, defines and compiler options from the build log. This works only\" + (\" if the produced log during compilation adds enough information (MSBuild verbosity set to\" + \" detailed or diagnostic).\")) + (org.sonar.plugins.cxx.CxxSquidSensor.USE_ANT_STYLE_WILDCARDS))).category(\"CXX\").subCategory(\"(2) Defines \u0026 Includes\").onQualifiers(Qualifiers.PROJECT).multiValues(true).build(), org.sonar.api.config.PropertyDefinition.builder(org.sonar.plugins.cxx.CxxSquidSensor.REPORT_CHARSET_DEF).defaultValue(org.sonar.plugins.cxx.CxxSquidSensor.DEFAULT_CHARSET_DEF).name(\"MSBuild log encoding\").description(\"The encoding to use when reading a MSBuild log. Leave empty to use default UTF-8.\").category(\"CXX\").subCategory(\"(2) Defines \u0026 Includes\").onQualifiers(Qualifiers.PROJECT).build(), org.sonar.api.config.PropertyDefinition.builder(org.sonar.plugins.cxx.CxxSquidSensor.JSON_COMPILATION_DATABASE_KEY).category(\"CXX\").subCategory(\"(2) Defines \u0026 Includes\").name(\"JSON Compilation Database\").description((\"JSON Compilation Database file to use as specification for what defines and includes should be \" + \"used for source files.\")).onQualifiers(Qualifiers.PROJECT).build(), org.sonar.api.config.PropertyDefinition.builder(org.sonar.plugins.cxx.CxxSquidSensor.API_FILE_SUFFIXES_KEY).defaultValue(org.sonar.plugins.cxx.CxxSquidSensor.API_DEFAULT_FILE_SUFFIXES).name(\"Pulic API file suffixes\").multiValues(true).description((\"Comma-separated list of suffixes for files that should be searched for API comments.\" + \" To not filter, leave the list empty.\")).category(\"CXX\").subCategory(\"(3) Metrics\").onQualifiers(Qualifiers.PROJECT).build(), org.sonar.api.config.PropertyDefinition.builder(org.sonar.plugins.cxx.CxxSquidSensor.FUNCTION_COMPLEXITY_THRESHOLD_KEY).defaultValue(\"10\").name(\"Cyclomatic complexity threshold\").description(\"Cyclomatic complexity threshold used to classify a function as complex\").category(\"CXX\").subCategory(\"(3) Metrics\").onQualifiers(Qualifiers.PROJECT).type(PropertyType.INTEGER).build(), org.sonar.api.config.PropertyDefinition.builder(org.sonar.plugins.cxx.CxxSquidSensor.FUNCTION_SIZE_THRESHOLD_KEY).defaultValue(\"20\").name(\"Function size threshold\").description(\"Function size threshold to consider a function to be too big\").category(\"CXX\").subCategory(\"(3) Metrics\").onQualifiers(Qualifiers.PROJECT).type(PropertyType.INTEGER).build(), org.sonar.api.config.PropertyDefinition.builder(org.sonar.plugins.cxx.CxxSquidSensor.CPD_IGNORE_LITERALS_KEY).defaultValue(java.lang.Boolean.FALSE.toString()).name(\"Ignores literal value differences when evaluating a duplicate block\").description((\"Ignores literal (numbers, characters and strings) value differences when evaluating a duplicate \" + \"block. This means that e.g. foo\u003d42; and foo\u003d43; will be seen as equivalent. Default is \u0027False\u0027.\")).category(\"CXX\").subCategory(\"(4) Duplications\").onQualifiers(Qualifiers.PROJECT).type(PropertyType.BOOLEAN).build(), org.sonar.api.config.PropertyDefinition.builder(org.sonar.plugins.cxx.CxxSquidSensor.CPD_IGNORE_IDENTIFIERS_KEY).defaultValue(java.lang.Boolean.FALSE.toString()).name(\"Ignores identifier value differences when evaluating a duplicate block\").description((\"Ignores identifier value differences when evaluating a duplicate block e.g. variable names, \" + \"methods names, and so forth. Default is \u0027False\u0027.\")).category(\"CXX\").subCategory(\"(4) Duplications\").onQualifiers(Qualifiers.PROJECT).type(PropertyType.BOOLEAN).build())",
                "dst_parent": "null"
              },
              "line": 241,
              "file": "/home/khesoem/projects/lighter/exp/sonar-cxx-plugin/src/main/java/org/sonar/plugins/cxx/CxxSquidSensor.java",
              "stats": {
                "number_of_src_entities": 83,
                "number_of_dst_entities": -1,
                "src_entity_types": "[Qualifiers.PROJECT, java.lang.String, org.sonar.plugins.cxx.CxxSquidSensor, org.sonar.api.config.PropertyDefinition, java.lang.Boolean, PropertyType.BOOLEAN]",
                "dst_entity_types": "[]"
              }
            }
          ]
        },
        {
          "tool-name": "Elixir",
          "pattern-name": "Elixir:Insert_Invocation",
          "Unified_Diff_of-files:": "Starts Below...",
          "INSERT:": "\r",
          "CHANGE_old:": "      MultiLocatitionSquidCheck.eraseMultilineCheckMessages(squidFile);\r",
          "CHANGE_new:": "      MultiLocatitionSquidCheck.eraseMultilineCheckMessages(sourceFile);\r",
          "DELETE:": "\r",
          "instance_detail": [
            {
              "pattern_action": "INS",
              "pattern_entity": {
                "entity_type": "AbstractInvocation",
                "entity_new value": "*",
                "entity_role": "*",
                "entity_parent": "null"
              },
              "concrete_change": {
                "operator": "INS",
                "src_type": "Invocation",
                "dst_type": "null",
                "src": "org.sonar.api.config.PropertyDefinition.builder(org.sonar.plugins.cxx.CxxSquidSensor.CPD_IGNORE_IDENTIFIERS_KEY).defaultValue(java.lang.Boolean.FALSE.toString()).name(\"Ignores identifier value differences when evaluating a duplicate block\").description((\"Ignores identifier value differences when evaluating a duplicate block e.g. variable names, \" + \"methods names, and so forth. Default is \u0027False\u0027.\")).category(\"CXX\").subCategory(\"(4) Duplications\").onQualifiers(Qualifiers.PROJECT).type(PropertyType.BOOLEAN).build()",
                "dst": "null",
                "src_parent_type": "Invocation",
                "dst_parent_type": "null",
                "src_parent": "java.util.Arrays.asList(org.sonar.api.config.PropertyDefinition.builder(org.sonar.plugins.cxx.CxxSquidSensor.INCLUDE_DIRECTORIES_KEY).multiValues(true).name(\"Include directories\").description((\"Comma-separated list of directories to search the included files in. \" + \"May be defined either relative to projects root or absolute.\")).category(\"CXX\").subCategory(\"(2) Defines \u0026 Includes\").onQualifiers(Qualifiers.PROJECT).build(), org.sonar.api.config.PropertyDefinition.builder(org.sonar.plugins.cxx.CxxSquidSensor.FORCE_INCLUDE_FILES_KEY).multiValues(true).category(\"CXX\").subCategory(\"(2) Defines \u0026 Includes\").name(\"Force includes\").description((\"Comma-separated list of files which should to be included implicitly at the \" + \"beginning of each source file.\")).onQualifiers(Qualifiers.PROJECT).build(), org.sonar.api.config.PropertyDefinition.builder(org.sonar.plugins.cxx.CxxSquidSensor.DEFINES_KEY).name(\"Default macros\").description((\"Additional macro definitions (one per line) to use when analysing the source code. Use to provide\" + (\"macros which cannot be resolved by other means.\" + \" Use the \u0027force includes\u0027 setting to inject more complex, multi-line macros.\"))).category(\"CXX\").subCategory(\"(2) Defines \u0026 Includes\").onQualifiers(Qualifiers.PROJECT).type(PropertyType.TEXT).build(), org.sonar.api.config.PropertyDefinition.builder(org.sonar.plugins.cxx.CxxSquidSensor.ERROR_RECOVERY_KEY).defaultValue(java.lang.Boolean.TRUE.toString()).name(\"Parse error recovery\").description((\"Defines mode for error handling of report files and parsing errors. `False\u0027 (strict) breaks after\" + ((\" an error or \u0027True\u0027 (tolerant\u003ddefault) continues. See \u003ca href\u003d\u0027https://github.com/SonarOpenCommunity/\" + \"sonar-cxx/wiki/Supported-configuration-properties#sonarcxxerrorrecoveryenabled\u0027\u003e\") + \"sonar.cxx.errorRecoveryEnabled\u003c/a\u003e for a complete description.\"))).category(\"CXX\").subCategory(\"(1) General\").onQualifiers(Qualifiers.PROJECT).type(PropertyType.BOOLEAN).build(), org.sonar.api.config.PropertyDefinition.builder(org.sonar.plugins.cxx.CxxSquidSensor.REPORT_PATH_KEY).name(\"Path(s) to MSBuild log(s)\").description(((\"Extract includes, defines and compiler options from the build log. This works only\" + (\" if the produced log during compilation adds enough information (MSBuild verbosity set to\" + \" detailed or diagnostic).\")) + (org.sonar.plugins.cxx.CxxSquidSensor.USE_ANT_STYLE_WILDCARDS))).category(\"CXX\").subCategory(\"(2) Defines \u0026 Includes\").onQualifiers(Qualifiers.PROJECT).multiValues(true).build(), org.sonar.api.config.PropertyDefinition.builder(org.sonar.plugins.cxx.CxxSquidSensor.REPORT_CHARSET_DEF).defaultValue(org.sonar.plugins.cxx.CxxSquidSensor.DEFAULT_CHARSET_DEF).name(\"MSBuild log encoding\").description(\"The encoding to use when reading a MSBuild log. Leave empty to use default UTF-8.\").category(\"CXX\").subCategory(\"(2) Defines \u0026 Includes\").onQualifiers(Qualifiers.PROJECT).build(), org.sonar.api.config.PropertyDefinition.builder(org.sonar.plugins.cxx.CxxSquidSensor.JSON_COMPILATION_DATABASE_KEY).category(\"CXX\").subCategory(\"(2) Defines \u0026 Includes\").name(\"JSON Compilation Database\").description((\"JSON Compilation Database file to use as specification for what defines and includes should be \" + \"used for source files.\")).onQualifiers(Qualifiers.PROJECT).build(), org.sonar.api.config.PropertyDefinition.builder(org.sonar.plugins.cxx.CxxSquidSensor.API_FILE_SUFFIXES_KEY).defaultValue(org.sonar.plugins.cxx.CxxSquidSensor.API_DEFAULT_FILE_SUFFIXES).name(\"Pulic API file suffixes\").multiValues(true).description((\"Comma-separated list of suffixes for files that should be searched for API comments.\" + \" To not filter, leave the list empty.\")).category(\"CXX\").subCategory(\"(3) Metrics\").onQualifiers(Qualifiers.PROJECT).build(), org.sonar.api.config.PropertyDefinition.builder(org.sonar.plugins.cxx.CxxSquidSensor.FUNCTION_COMPLEXITY_THRESHOLD_KEY).defaultValue(\"10\").name(\"Cyclomatic complexity threshold\").description(\"Cyclomatic complexity threshold used to classify a function as complex\").category(\"CXX\").subCategory(\"(3) Metrics\").onQualifiers(Qualifiers.PROJECT).type(PropertyType.INTEGER).build(), org.sonar.api.config.PropertyDefinition.builder(org.sonar.plugins.cxx.CxxSquidSensor.FUNCTION_SIZE_THRESHOLD_KEY).defaultValue(\"20\").name(\"Function size threshold\").description(\"Function size threshold to consider a function to be too big\").category(\"CXX\").subCategory(\"(3) Metrics\").onQualifiers(Qualifiers.PROJECT).type(PropertyType.INTEGER).build(), org.sonar.api.config.PropertyDefinition.builder(org.sonar.plugins.cxx.CxxSquidSensor.CPD_IGNORE_LITERALS_KEY).defaultValue(java.lang.Boolean.FALSE.toString()).name(\"Ignores literal value differences when evaluating a duplicate block\").description((\"Ignores literal (numbers, characters and strings) value differences when evaluating a duplicate \" + \"block. This means that e.g. foo\u003d42; and foo\u003d43; will be seen as equivalent. Default is \u0027False\u0027.\")).category(\"CXX\").subCategory(\"(4) Duplications\").onQualifiers(Qualifiers.PROJECT).type(PropertyType.BOOLEAN).build(), org.sonar.api.config.PropertyDefinition.builder(org.sonar.plugins.cxx.CxxSquidSensor.CPD_IGNORE_IDENTIFIERS_KEY).defaultValue(java.lang.Boolean.FALSE.toString()).name(\"Ignores identifier value differences when evaluating a duplicate block\").description((\"Ignores identifier value differences when evaluating a duplicate block e.g. variable names, \" + \"methods names, and so forth. Default is \u0027False\u0027.\")).category(\"CXX\").subCategory(\"(4) Duplications\").onQualifiers(Qualifiers.PROJECT).type(PropertyType.BOOLEAN).build())",
                "dst_parent": "null"
              },
              "line": 251,
              "file": "/home/khesoem/projects/lighter/exp/sonar-cxx-plugin/src/main/java/org/sonar/plugins/cxx/CxxSquidSensor.java",
              "stats": {
                "number_of_src_entities": 83,
                "number_of_dst_entities": -1,
                "src_entity_types": "[Qualifiers.PROJECT, java.lang.String, org.sonar.plugins.cxx.CxxSquidSensor, org.sonar.api.config.PropertyDefinition, java.lang.Boolean, PropertyType.BOOLEAN]",
                "dst_entity_types": "[]"
              }
            }
          ]
        },
        {
          "tool-name": "Elixir",
          "pattern-name": "Elixir:update_invocation_deep",
          "Unified_Diff_of-files:": "Starts Below...",
          "INSERT:": "\r",
          "CHANGE_old:": "      MultiLocatitionSquidCheck.eraseMultilineCheckMessages(squidFile);\r",
          "CHANGE_new:": "      MultiLocatitionSquidCheck.eraseMultilineCheckMessages(sourceFile);\r",
          "DELETE:": "\r",
          "instance_detail": [
            {
              "pattern_action": "ANY",
              "pattern_entity": {
                "entity_type": "*",
                "entity_new value": "*",
                "entity_role": "*",
                "entity_parent": {
                  "entity_type": "AbstractInvocation",
                  "entity_new value": "*",
                  "entity_role": "*",
                  "entity_parent": "null"
                }
              },
              "concrete_change": {
                "operator": "UPD",
                "src_type": "VariableRead",
                "dst_type": "VariableRead",
                "src": "squidSourceFiles",
                "dst": "sourceCodeFiles",
                "src_parent_type": "Invocation",
                "dst_parent_type": "Invocation",
                "src_parent": "squidSourceFiles.isEmpty()",
                "dst_parent": "sourceCodeFiles.isEmpty()"
              },
              "line": 338,
              "file": "/home/khesoem/projects/lighter/exp/sonar-cxx-plugin/src/main/java/org/sonar/plugins/cxx/CxxSquidSensor.java",
              "stats": {
                "number_of_src_entities": 6,
                "number_of_dst_entities": 6,
                "src_entity_types": "[org.sonar.squidbridge.api.SourceCode, java.util.Collection\u003corg.sonar.squidbridge.api.SourceCode\u003e]",
                "dst_entity_types": "[org.sonar.squidbridge.api.SourceCode, java.util.Collection\u003corg.sonar.squidbridge.api.SourceCode\u003e]"
              }
            }
          ]
        },
        {
          "tool-name": "Elixir",
          "pattern-name": "Elixir:update_invocation_deep",
          "Unified_Diff_of-files:": "Starts Below...",
          "INSERT:": "\r",
          "CHANGE_old:": "      MultiLocatitionSquidCheck.eraseMultilineCheckMessages(squidFile);\r",
          "CHANGE_new:": "      MultiLocatitionSquidCheck.eraseMultilineCheckMessages(sourceFile);\r",
          "DELETE:": "\r",
          "instance_detail": [
            {
              "pattern_action": "ANY",
              "pattern_entity": {
                "entity_type": "*",
                "entity_new value": "*",
                "entity_role": "*",
                "entity_parent": {
                  "entity_type": "AbstractInvocation",
                  "entity_new value": "*",
                  "entity_role": "*",
                  "entity_parent": "null"
                }
              },
              "concrete_change": {
                "operator": "UPD",
                "src_type": "VariableRead",
                "dst_type": "VariableRead",
                "src": "squidFile",
                "dst": "sourceFile",
                "src_parent_type": "Invocation",
                "dst_parent_type": "Invocation",
                "src_parent": "squidFile.getNoSonarTagLines()",
                "dst_parent": "sourceFile.getNoSonarTagLines()"
              },
              "line": 355,
              "file": "/home/khesoem/projects/lighter/exp/sonar-cxx-plugin/src/main/java/org/sonar/plugins/cxx/CxxSquidSensor.java",
              "stats": {
                "number_of_src_entities": 4,
                "number_of_dst_entities": 4,
                "src_entity_types": "[org.sonar.squidbridge.api.SourceFile]",
                "dst_entity_types": "[org.sonar.squidbridge.api.SourceFile]"
              }
            }
          ]
        },
        {
          "tool-name": "Elixir",
          "pattern-name": "Elixir:update_invocation_deep",
          "Unified_Diff_of-files:": "Starts Below...",
          "INSERT:": "\r",
          "CHANGE_old:": "      MultiLocatitionSquidCheck.eraseMultilineCheckMessages(squidFile);\r",
          "CHANGE_new:": "      MultiLocatitionSquidCheck.eraseMultilineCheckMessages(sourceFile);\r",
          "DELETE:": "\r",
          "instance_detail": [
            {
              "pattern_action": "ANY",
              "pattern_entity": {
                "entity_type": "*",
                "entity_new value": "*",
                "entity_role": "*",
                "entity_parent": {
                  "entity_type": "AbstractInvocation",
                  "entity_new value": "*",
                  "entity_role": "*",
                  "entity_parent": "null"
                }
              },
              "concrete_change": {
                "operator": "UPD",
                "src_type": "VariableRead",
                "dst_type": "VariableRead",
                "src": "squidFile",
                "dst": "sourceFile",
                "src_parent_type": "Invocation",
                "dst_parent_type": "Invocation",
                "src_parent": "squidFile.hasCheckMessages()",
                "dst_parent": "sourceFile.hasCheckMessages()"
              },
              "line": 386,
              "file": "/home/khesoem/projects/lighter/exp/sonar-cxx-plugin/src/main/java/org/sonar/plugins/cxx/CxxSquidSensor.java",
              "stats": {
                "number_of_src_entities": 4,
                "number_of_dst_entities": 4,
                "src_entity_types": "[org.sonar.squidbridge.api.SourceFile]",
                "dst_entity_types": "[org.sonar.squidbridge.api.SourceFile]"
              }
            }
          ]
        },
        {
          "tool-name": "Elixir",
          "pattern-name": "Elixir:update_invocation_deep",
          "Unified_Diff_of-files:": "Starts Below...",
          "INSERT:": "\r",
          "CHANGE_old:": "      MultiLocatitionSquidCheck.eraseMultilineCheckMessages(squidFile);\r",
          "CHANGE_new:": "      MultiLocatitionSquidCheck.eraseMultilineCheckMessages(sourceFile);\r",
          "DELETE:": "\r",
          "instance_detail": [
            {
              "pattern_action": "ANY",
              "pattern_entity": {
                "entity_type": "*",
                "entity_new value": "*",
                "entity_role": "*",
                "entity_parent": {
                  "entity_type": "AbstractInvocation",
                  "entity_new value": "*",
                  "entity_role": "*",
                  "entity_parent": "null"
                }
              },
              "concrete_change": {
                "operator": "UPD",
                "src_type": "VariableRead",
                "dst_type": "VariableRead",
                "src": "squidFile",
                "dst": "sourceFile",
                "src_parent_type": "Invocation",
                "dst_parent_type": "Invocation",
                "src_parent": "squidFile.getKey()",
                "dst_parent": "sourceFile.getKey()"
              },
              "line": 344,
              "file": "/home/khesoem/projects/lighter/exp/sonar-cxx-plugin/src/main/java/org/sonar/plugins/cxx/CxxSquidSensor.java",
              "stats": {
                "number_of_src_entities": 4,
                "number_of_dst_entities": 4,
                "src_entity_types": "[org.sonar.squidbridge.api.SourceFile]",
                "dst_entity_types": "[org.sonar.squidbridge.api.SourceFile]"
              }
            }
          ]
        },
        {
          "tool-name": "Elixir",
          "pattern-name": "Elixir:update_invocation_deep",
          "Unified_Diff_of-files:": "Starts Below...",
          "INSERT:": "\r",
          "CHANGE_old:": "      MultiLocatitionSquidCheck.eraseMultilineCheckMessages(squidFile);\r",
          "CHANGE_new:": "      MultiLocatitionSquidCheck.eraseMultilineCheckMessages(sourceFile);\r",
          "DELETE:": "\r",
          "instance_detail": [
            {
              "pattern_action": "ANY",
              "pattern_entity": {
                "entity_type": "*",
                "entity_new value": "*",
                "entity_role": "*",
                "entity_parent": {
                  "entity_type": "AbstractInvocation",
                  "entity_new value": "*",
                  "entity_role": "*",
                  "entity_parent": "null"
                }
              },
              "concrete_change": {
                "operator": "UPD",
                "src_type": "VariableRead",
                "dst_type": "VariableRead",
                "src": "squidFile",
                "dst": "sourceFile",
                "src_parent_type": "Invocation",
                "dst_parent_type": "Invocation",
                "src_parent": "squidFile.getCheckMessages()",
                "dst_parent": "sourceFile.getCheckMessages()"
              },
              "line": 387,
              "file": "/home/khesoem/projects/lighter/exp/sonar-cxx-plugin/src/main/java/org/sonar/plugins/cxx/CxxSquidSensor.java",
              "stats": {
                "number_of_src_entities": 4,
                "number_of_dst_entities": 4,
                "src_entity_types": "[org.sonar.squidbridge.api.SourceFile]",
                "dst_entity_types": "[org.sonar.squidbridge.api.SourceFile]"
              }
            }
          ]
        }
      ]
    },
    {
      "revision": "26834dadee20fcf6a55419e88b573fa6dcab64e5",
      "repairability": [
        {
          "tool-name": "Elixir",
          "pattern-name": "Elixir:update_invocation",
          "Unified_Diff_of-files:": "Starts Below...",
          "INSERT:": "\r",
          "CHANGE_old:": "      MultiLocatitionSquidCheck.eraseMultilineCheckMessages(squidFile);\r",
          "CHANGE_new:": "      MultiLocatitionSquidCheck.eraseMultilineCheckMessages(sourceFile);\r",
          "DELETE:": "\r",
          "instance_detail": [
            {
              "pattern_action": "UPD",
              "pattern_entity": {
                "entity_type": "AbstractInvocation",
                "entity_new value": "*",
                "entity_role": "*",
                "entity_parent": "null"
              },
              "concrete_change": {
                "operator": "UPD",
                "src_type": "Invocation",
                "dst_type": "Invocation",
                "src": "getContext().getFile()",
                "dst": "getContext().peekSourceCode()",
                "src_parent_type": "Invocation",
                "dst_parent_type": "Invocation",
                "src_parent": "context.fileSystem().predicates().is(getContext().getFile())",
                "dst_parent": "getContext().peekSourceCode().addData(CxxMetric.NCLOC_DATA, linesOfCode)"
              },
              "line": 187,
              "file": "/home/khesoem/projects/lighter/exp/cxx-sensors/src/main/java/org/sonar/cxx/sensors/visitors/CxxFileLinesVisitor.java",
              "stats": {
                "number_of_src_entities": 10,
                "number_of_dst_entities": 10,
                "src_entity_types": "[org.sonar.cxx.sensors.visitors.CxxFileLinesVisitor]",
                "dst_entity_types": "[org.sonar.cxx.visitors.CxxFileLinesVisitor]"
              }
            }
          ]
        },
        {
          "tool-name": "Elixir",
          "pattern-name": "Elixir:update_invocation",
          "Unified_Diff_of-files:": "Starts Below...",
          "INSERT:": "\r",
          "CHANGE_old:": "      MultiLocatitionSquidCheck.eraseMultilineCheckMessages(squidFile);\r",
          "CHANGE_new:": "      MultiLocatitionSquidCheck.eraseMultilineCheckMessages(sourceFile);\r",
          "DELETE:": "\r",
          "instance_detail": [
            {
              "pattern_action": "UPD",
              "pattern_entity": {
                "entity_type": "AbstractInvocation",
                "entity_new value": "*",
                "entity_role": "*",
                "entity_parent": "null"
              },
              "concrete_change": {
                "operator": "UPD",
                "src_type": "Invocation",
                "dst_type": "Invocation",
                "src": "context.config()",
                "dst": "getContext()",
                "src_parent_type": "Invocation",
                "dst_parent_type": "Invocation",
                "src_parent": "org.sonar.cxx.sensors.utils.CxxUtils.validateRecovery(e, context.config())",
                "dst_parent": "getContext().peekSourceCode()"
              },
              "line": 199,
              "file": "/home/khesoem/projects/lighter/exp/cxx-sensors/src/main/java/org/sonar/cxx/sensors/visitors/CxxFileLinesVisitor.java",
              "stats": {
                "number_of_src_entities": 16,
                "number_of_dst_entities": 8,
                "src_entity_types": "[org.sonar.api.batch.sensor.SensorContext, org.sonar.cxx.sensors.visitors.CxxFileLinesVisitor]",
                "dst_entity_types": "[org.sonar.cxx.visitors.CxxFileLinesVisitor]"
              }
            }
          ]
        },
        {
          "tool-name": "Elixir",
          "pattern-name": "Elixir:update_invocation_deep",
          "Unified_Diff_of-files:": "Starts Below...",
          "INSERT:": "\r",
          "CHANGE_old:": "      MultiLocatitionSquidCheck.eraseMultilineCheckMessages(squidFile);\r",
          "CHANGE_new:": "      MultiLocatitionSquidCheck.eraseMultilineCheckMessages(sourceFile);\r",
          "DELETE:": "\r",
          "instance_detail": [
            {
              "pattern_action": "ANY",
              "pattern_entity": {
                "entity_type": "*",
                "entity_new value": "*",
                "entity_role": "*",
                "entity_parent": {
                  "entity_type": "AbstractInvocation",
                  "entity_new value": "*",
                  "entity_role": "*",
                  "entity_parent": "null"
                }
              },
              "concrete_change": {
                "operator": "DEL",
                "src_type": "FieldRead",
                "dst_type": "null",
                "src": "context",
                "dst": "null",
                "src_parent_type": "Invocation",
                "dst_parent_type": "null",
                "src_parent": "context.config()",
                "dst_parent": "null"
              },
              "line": 199,
              "file": "/home/khesoem/projects/lighter/exp/cxx-sensors/src/main/java/org/sonar/cxx/sensors/visitors/CxxFileLinesVisitor.java"
            }
          ]
        }
      ]
    }
  ],
  "complete_analysis": true
}