{
  "instances": [
    {
      "revision": "0e14c548942197709b1788fe25a94036fed0b144",
      "repairability": [
        {
          "tool-name": "JGenProg",
          "pattern-name": "JGenProg:any_statement_shallow",
          "Unified_Diff_of-files:": "Starts Below...",
          "INSERT:": "         * @param command the underlying command.",
          "CHANGE_old:": "        public abstract Span start();",
          "CHANGE_new:": "        public abstract Span start(RedisCommand\u0026lt;?, ?, ?\u0026gt; command);",
          "instance_detail": [
            {
              "pattern_action": "ANY",
              "pattern_entity": {
                "entity_type": "*",
                "entity_new value": "*",
                "entity_role": "Statement",
                "entity_parent": "null"
              },
              "concrete_change": {
                "operator": "INS",
                "src_type": "Assignment",
                "dst_type": "null",
                "src": "this.includeCommandArgsInSpanTags \u003d includeCommandArgsInSpanTags",
                "dst": "null",
                "src_parent_type": "Block",
                "dst_parent_type": "null",
                "src_parent": "{\n    this.tracing \u003d tracing;\n    this.tracingOptions \u003d tracingOptions;\n    this.includeCommandArgsInSpanTags \u003d includeCommandArgsInSpanTags;\n}",
                "dst_parent": "null"
              },
              "line": 284,
              "file": "/home/khesoem/projects/lighter/exp/src/main/java/io/lettuce/core/tracing/BraveTracing.java",
              "stats": {
                "number_of_src_entities": 19,
                "number_of_dst_entities": -1,
                "src_entity_types": "[io.lettuce.core.tracing.BraveTracing, boolean, io.lettuce.core.tracing.BraveTracing.BraveTracer]",
                "dst_entity_types": "[]"
              }
            }
          ]
        },
        {
          "tool-name": "JGenProg",
          "pattern-name": "JGenProg:any_statement_shallow",
          "Unified_Diff_of-files:": "Starts Below...",
          "INSERT:": "         * @param command the underlying command.",
          "CHANGE_old:": "        public abstract Span start();",
          "CHANGE_new:": "        public abstract Span start(RedisCommand\u0026lt;?, ?, ?\u0026gt; command);",
          "instance_detail": [
            {
              "pattern_action": "ANY",
              "pattern_entity": {
                "entity_type": "*",
                "entity_new value": "*",
                "entity_role": "Statement",
                "entity_parent": "null"
              },
              "concrete_change": {
                "operator": "INS",
                "src_type": "Assignment",
                "dst_type": "null",
                "src": "this.includeCommandArgsInSpanTags \u003d includeCommandArgsInSpanTags",
                "dst": "null",
                "src_parent_type": "Block",
                "dst_parent_type": "null",
                "src_parent": "{\n    this.span \u003d span;\n    this.tracingOptions \u003d tracingOptions;\n    this.includeCommandArgsInSpanTags \u003d includeCommandArgsInSpanTags;\n}",
                "dst_parent": "null"
              },
              "line": 334,
              "file": "/home/khesoem/projects/lighter/exp/src/main/java/io/lettuce/core/tracing/BraveTracing.java",
              "stats": {
                "number_of_src_entities": 19,
                "number_of_dst_entities": -1,
                "src_entity_types": "[io.lettuce.core.tracing.BraveTracing, boolean, io.lettuce.core.tracing.BraveTracing.BraveSpan]",
                "dst_entity_types": "[]"
              }
            }
          ]
        },
        {
          "tool-name": "JGenProg",
          "pattern-name": "JGenProg:any_statement_deep",
          "Unified_Diff_of-files:": "Starts Below...",
          "INSERT:": "         * @param command the underlying command.",
          "CHANGE_old:": "        public abstract Span start();",
          "CHANGE_new:": "        public abstract Span start(RedisCommand\u0026lt;?, ?, ?\u0026gt; command);",
          "instance_detail": [
            {
              "pattern_action": "ANY",
              "pattern_entity": {
                "entity_type": "*",
                "entity_new value": "*",
                "entity_role": "*",
                "entity_parent": {
                  "entity_type": "*",
                  "entity_new value": "*",
                  "entity_role": "Statement",
                  "entity_parent": "null"
                }
              },
              "concrete_change": {
                "operator": "UPD",
                "src_type": "ConstructorCall",
                "dst_type": "ConstructorCall",
                "src": "new io.lettuce.core.tracing.BraveTracing.BraveTracingOptions(builder.serviceName, builder.endpointCustomizer, builder.spanCustomizer)",
                "dst": "new io.lettuce.core.tracing.BraveTracing.BraveTracingOptions(builder.serviceName, builder.endpointCustomizer, builder.spanCustomizer)",
                "src_parent_type": "Assignment",
                "dst_parent_type": "Assignment",
                "src_parent": "this.tracingOptions \u003d new io.lettuce.core.tracing.BraveTracing.BraveTracingOptions(builder.serviceName, builder.endpointCustomizer, builder.spanCustomizer)",
                "dst_parent": "this.tracingOptions \u003d new io.lettuce.core.tracing.BraveTracing.BraveTracingOptions(builder.serviceName, builder.endpointCustomizer, builder.spanCustomizer)"
              },
              "line": 73,
              "file": "/home/khesoem/projects/lighter/exp/src/main/java/io/lettuce/core/tracing/BraveTracing.java",
              "stats": {
                "number_of_src_entities": 58,
                "number_of_dst_entities": 74,
                "src_entity_types": "[io.lettuce.core.tracing.BraveTracing.BraveTracingOptions, io.lettuce.core.tracing.BraveTracing, io.lettuce.core.tracing.BraveTracing.Builder]",
                "dst_entity_types": "[io.lettuce.core.tracing.BraveTracing.BraveTracingOptions, io.lettuce.core.tracing.BraveTracing, io.lettuce.core.tracing.BraveTracing.Builder]"
              }
            }
          ]
        }
      ]
    },
    {
      "revision": "0e14c548942197709b1788fe25a94036fed0b144",
      "repairability": [
        {
          "tool-name": "JGenProg",
          "pattern-name": "JGenProg:any_statement_shallow",
          "Unified_Diff_of-files:": "Starts Below...",
          "INSERT:": "         * @param command the underlying command.",
          "CHANGE_old:": "        public abstract Span start();",
          "CHANGE_new:": "        public abstract Span start(RedisCommand\u0026lt;?, ?, ?\u0026gt; command);",
          "instance_detail": [
            {
              "pattern_action": "ANY",
              "pattern_entity": {
                "entity_type": "*",
                "entity_new value": "*",
                "entity_role": "Statement",
                "entity_parent": "null"
              },
              "concrete_change": {
                "operator": "DEL",
                "src_type": "Assignment",
                "dst_type": "null",
                "src": "this.includeCommandArgsInSpanTags \u003d tracing.includeCommandArgsInSpanTags()",
                "dst": "null",
                "src_parent_type": "Block",
                "dst_parent_type": "null",
                "src_parent": "{\n    io.lettuce.core.internal.LettuceAssert.notNull(clientOptions, \"ClientOptions must not be null\");\n    io.lettuce.core.internal.LettuceAssert.notNull(clientResources, \"ClientResources must not be null\");\n    io.lettuce.core.internal.LettuceAssert.notNull(endpoint, \"RedisEndpoint must not be null\");\n    this.clientOptions \u003d clientOptions;\n    this.clientResources \u003d clientResources;\n    this.endpoint \u003d endpoint;\n    this.latencyMetricsEnabled \u003d clientResources.commandLatencyCollector().isEnabled();\n    this.boundedQueues \u003d (clientOptions.getRequestQueueSize()) !\u003d (java.lang.Integer.MAX_VALUE);\n    io.lettuce.core.tracing.Tracing tracing \u003d clientResources.tracing();\n    this.tracingEnabled \u003d tracing.isEnabled();\n    this.includeCommandArgsInSpanTags \u003d tracing.includeCommandArgsInSpanTags();\n    float bufferUsageRatio \u003d clientOptions.getBufferUsageRatio();\n    this.discardReadBytesRatio \u003d bufferUsageRatio / (bufferUsageRatio + 1);\n}",
                "dst_parent": "null"
              },
              "line": 141,
              "file": "/home/khesoem/projects/lighter/exp/src/main/java/io/lettuce/core/protocol/CommandHandler.java",
              "stats": {
                "number_of_src_entities": 22,
                "number_of_dst_entities": -1,
                "src_entity_types": "[boolean, io.lettuce.core.protocol.CommandHandler, io.lettuce.core.tracing.Tracing]",
                "dst_entity_types": "[]"
              }
            }
          ]
        },
        {
          "tool-name": "JGenProg",
          "pattern-name": "JGenProg:any_statement_shallow",
          "Unified_Diff_of-files:": "Starts Below...",
          "INSERT:": "         * @param command the underlying command.",
          "CHANGE_old:": "        public abstract Span start();",
          "CHANGE_new:": "        public abstract Span start(RedisCommand\u0026lt;?, ?, ?\u0026gt; command);",
          "instance_detail": [
            {
              "pattern_action": "ANY",
              "pattern_entity": {
                "entity_type": "*",
                "entity_new value": "*",
                "entity_role": "Statement",
                "entity_parent": "null"
              },
              "concrete_change": {
                "operator": "DEL",
                "src_type": "LocalVariable",
                "dst_type": "null",
                "src": "java.lang.String error \u003d command.getOutput().getError()",
                "dst": "null",
                "src_parent_type": "Block",
                "dst_parent_type": "null",
                "src_parent": "{\n    java.lang.String error \u003d command.getOutput().getError();\n    if (error !\u003d null) {\n        span.tag(\"error\", error);\n    } else\n        if (throwable !\u003d null) {\n            span.tag(\"exception\", throwable.toString());\n            span.error(throwable);\n        }\n\n}",
                "dst_parent": "null"
              },
              "line": 423,
              "file": "/home/khesoem/projects/lighter/exp/src/main/java/io/lettuce/core/protocol/CommandHandler.java",
              "stats": {
                "number_of_src_entities": 11,
                "number_of_dst_entities": -1,
                "src_entity_types": "[java.lang.String, io.lettuce.core.protocol.command]",
                "dst_entity_types": "[]"
              }
            }
          ]
        },
        {
          "tool-name": "JGenProg",
          "pattern-name": "JGenProg:any_statement_shallow",
          "Unified_Diff_of-files:": "Starts Below...",
          "INSERT:": "         * @param command the underlying command.",
          "CHANGE_old:": "        public abstract Span start();",
          "CHANGE_new:": "        public abstract Span start(RedisCommand\u0026lt;?, ?, ?\u0026gt; command);",
          "instance_detail": [
            {
              "pattern_action": "ANY",
              "pattern_entity": {
                "entity_type": "*",
                "entity_new value": "*",
                "entity_role": "Statement",
                "entity_parent": "null"
              },
              "concrete_change": {
                "operator": "DEL",
                "src_type": "Invocation",
                "dst_type": "null",
                "src": "span.tag(\"error\", error)",
                "dst": "null",
                "src_parent_type": "Block",
                "dst_parent_type": "null",
                "src_parent": "{\n    span.tag(\"error\", error);\n}",
                "dst_parent": "null"
              },
              "line": 425,
              "file": "/home/khesoem/projects/lighter/exp/src/main/java/io/lettuce/core/protocol/CommandHandler.java"
            }
          ]
        },
        {
          "tool-name": "JGenProg",
          "pattern-name": "JGenProg:any_statement_shallow",
          "Unified_Diff_of-files:": "Starts Below...",
          "INSERT:": "         * @param command the underlying command.",
          "CHANGE_old:": "        public abstract Span start();",
          "CHANGE_new:": "        public abstract Span start(RedisCommand\u0026lt;?, ?, ?\u0026gt; command);",
          "instance_detail": [
            {
              "pattern_action": "ANY",
              "pattern_entity": {
                "entity_type": "*",
                "entity_new value": "*",
                "entity_role": "Statement",
                "entity_parent": "null"
              },
              "concrete_change": {
                "operator": "DEL",
                "src_type": "Invocation",
                "dst_type": "null",
                "src": "span.tag(\"exception\", throwable.toString())",
                "dst": "null",
                "src_parent_type": "Block",
                "dst_parent_type": "null",
                "src_parent": "{\n    span.tag(\"exception\", throwable.toString());\n    span.error(throwable);\n}",
                "dst_parent": "null"
              },
              "line": 427,
              "file": "/home/khesoem/projects/lighter/exp/src/main/java/io/lettuce/core/protocol/CommandHandler.java"
            }
          ]
        },
        {
          "tool-name": "JGenProg",
          "pattern-name": "JGenProg:any_statement_shallow",
          "Unified_Diff_of-files:": "Starts Below...",
          "INSERT:": "         * @param command the underlying command.",
          "CHANGE_old:": "        public abstract Span start();",
          "CHANGE_new:": "        public abstract Span start(RedisCommand\u0026lt;?, ?, ?\u0026gt; command);",
          "instance_detail": [
            {
              "pattern_action": "ANY",
              "pattern_entity": {
                "entity_type": "*",
                "entity_new value": "*",
                "entity_role": "Statement",
                "entity_parent": "null"
              },
              "concrete_change": {
                "operator": "DEL",
                "src_type": "Invocation",
                "dst_type": "null",
                "src": "span.error(throwable)",
                "dst": "null",
                "src_parent_type": "Block",
                "dst_parent_type": "null",
                "src_parent": "{\n    span.tag(\"exception\", throwable.toString());\n    span.error(throwable);\n}",
                "dst_parent": "null"
              },
              "line": 428,
              "file": "/home/khesoem/projects/lighter/exp/src/main/java/io/lettuce/core/protocol/CommandHandler.java"
            }
          ]
        },
        {
          "tool-name": "JGenProg",
          "pattern-name": "JGenProg:any_statement_shallow",
          "Unified_Diff_of-files:": "Starts Below...",
          "INSERT:": "         * @param command the underlying command.",
          "CHANGE_old:": "        public abstract Span start();",
          "CHANGE_new:": "        public abstract Span start(RedisCommand\u0026lt;?, ?, ?\u0026gt; command);",
          "instance_detail": [
            {
              "pattern_action": "ANY",
              "pattern_entity": {
                "entity_type": "*",
                "entity_new value": "*",
                "entity_role": "Statement",
                "entity_parent": "null"
              },
              "concrete_change": {
                "operator": "DEL",
                "src_type": "If",
                "dst_type": "null",
                "src": "if (throwable !\u003d null) {\n    span.tag(\"exception\", throwable.toString());\n    span.error(throwable);\n}",
                "dst": "null",
                "src_parent_type": "Block",
                "dst_parent_type": "null",
                "src_parent": "if (throwable !\u003d null) {\n        span.tag(\"exception\", throwable.toString());\n        span.error(throwable);\n    }\n",
                "dst_parent": "null"
              },
              "line": 426,
              "file": "/home/khesoem/projects/lighter/exp/src/main/java/io/lettuce/core/protocol/CommandHandler.java"
            }
          ]
        },
        {
          "tool-name": "JGenProg",
          "pattern-name": "JGenProg:any_statement_shallow",
          "Unified_Diff_of-files:": "Starts Below...",
          "INSERT:": "         * @param command the underlying command.",
          "CHANGE_old:": "        public abstract Span start();",
          "CHANGE_new:": "        public abstract Span start(RedisCommand\u0026lt;?, ?, ?\u0026gt; command);",
          "instance_detail": [
            {
              "pattern_action": "ANY",
              "pattern_entity": {
                "entity_type": "*",
                "entity_new value": "*",
                "entity_role": "Statement",
                "entity_parent": "null"
              },
              "concrete_change": {
                "operator": "DEL",
                "src_type": "If",
                "dst_type": "null",
                "src": "if (error !\u003d null) {\n    span.tag(\"error\", error);\n} else\n    if (throwable !\u003d null) {\n        span.tag(\"exception\", throwable.toString());\n        span.error(throwable);\n    }\n",
                "dst": "null",
                "src_parent_type": "Block",
                "dst_parent_type": "null",
                "src_parent": "{\n    java.lang.String error \u003d command.getOutput().getError();\n    if (error !\u003d null) {\n        span.tag(\"error\", error);\n    } else\n        if (throwable !\u003d null) {\n            span.tag(\"exception\", throwable.toString());\n            span.error(throwable);\n        }\n\n}",
                "dst_parent": "null"
              },
              "line": 424,
              "file": "/home/khesoem/projects/lighter/exp/src/main/java/io/lettuce/core/protocol/CommandHandler.java",
              "stats": {
                "number_of_src_entities": 65,
                "number_of_dst_entities": -1,
                "src_entity_types": "[io.lettuce.core.tracing.Tracer, io.lettuce.core.protocol.throwable, java.lang.String, io.lettuce.core.tracing.Tracer.Span, \u003cnulltype\u003e, io.lettuce.core.protocol.span]",
                "dst_entity_types": "[]"
              }
            }
          ]
        },
        {
          "tool-name": "JGenProg",
          "pattern-name": "JGenProg:any_statement_shallow",
          "Unified_Diff_of-files:": "Starts Below...",
          "INSERT:": "         * @param command the underlying command.",
          "CHANGE_old:": "        public abstract Span start();",
          "CHANGE_new:": "        public abstract Span start(RedisCommand\u0026lt;?, ?, ?\u0026gt; command);",
          "instance_detail": [
            {
              "pattern_action": "ANY",
              "pattern_entity": {
                "entity_type": "*",
                "entity_new value": "*",
                "entity_role": "Statement",
                "entity_parent": "null"
              },
              "concrete_change": {
                "operator": "DEL",
                "src_type": "Invocation",
                "dst_type": "null",
                "src": "span.name(command.getType().name())",
                "dst": "null",
                "src_parent_type": "Block",
                "dst_parent_type": "null",
                "src_parent": "{\n    io.lettuce.core.protocol.TracedCommand\u003c?, ?, ?\u003e traced \u003d io.lettuce.core.protocol.CommandWrapper.unwrap(command, io.lettuce.core.protocol.TracedCommand.class);\n    io.lettuce.core.tracing.TraceContextProvider provider \u003d (traced \u003d\u003d null) ? clientResources.tracing().initialTraceContextProvider() : traced;\n    io.lettuce.core.tracing.Tracer tracer \u003d clientResources.tracing().getTracerProvider().getTracer();\n    io.lettuce.core.tracing.TraceContext context \u003d provider.getTraceContext();\n    io.lettuce.core.tracing.Tracer.Span span \u003d tracer.nextSpan(context);\n    span.name(command.getType().name());\n    if ((includeCommandArgsInSpanTags) \u0026\u0026 ((command.getArgs()) !\u003d null)) {\n        span.tag(\"redis.args\", command.getArgs().toCommandString());\n    }\n    span.remoteEndpoint(tracedEndpoint);\n    span.start();\n    if (traced !\u003d null) {\n        traced.setSpan(span);\n    }\n    io.lettuce.core.protocol.CompleteableCommand\u003c?\u003e completeableCommand \u003d ((io.lettuce.core.protocol.CompleteableCommand\u003c?\u003e) (command));\n    completeableCommand.onComplete(( o, throwable) -\u003e {\n        if ((command.getOutput()) !\u003d null) {\n            java.lang.String error \u003d command.getOutput().getError();\n            if (error !\u003d null) {\n                span.tag(\"error\", error);\n            } else\n                if (throwable !\u003d null) {\n                    span.tag(\"exception\", throwable.toString());\n                    span.error(throwable);\n                }\n\n        }\n        span.finish();\n    });\n}",
                "dst_parent": "null"
              },
              "line": 405,
              "file": "/home/khesoem/projects/lighter/exp/src/main/java/io/lettuce/core/protocol/CommandHandler.java"
            }
          ]
        },
        {
          "tool-name": "JGenProg",
          "pattern-name": "JGenProg:any_statement_shallow",
          "Unified_Diff_of-files:": "Starts Below...",
          "INSERT:": "         * @param command the underlying command.",
          "CHANGE_old:": "        public abstract Span start();",
          "CHANGE_new:": "        public abstract Span start(RedisCommand\u0026lt;?, ?, ?\u0026gt; command);",
          "instance_detail": [
            {
              "pattern_action": "ANY",
              "pattern_entity": {
                "entity_type": "*",
                "entity_new value": "*",
                "entity_role": "Statement",
                "entity_parent": "null"
              },
              "concrete_change": {
                "operator": "DEL",
                "src_type": "Invocation",
                "dst_type": "null",
                "src": "span.tag(\"redis.args\", command.getArgs().toCommandString())",
                "dst": "null",
                "src_parent_type": "Block",
                "dst_parent_type": "null",
                "src_parent": "{\n    span.tag(\"redis.args\", command.getArgs().toCommandString());\n}",
                "dst_parent": "null"
              },
              "line": 408,
              "file": "/home/khesoem/projects/lighter/exp/src/main/java/io/lettuce/core/protocol/CommandHandler.java"
            }
          ]
        },
        {
          "tool-name": "JGenProg",
          "pattern-name": "JGenProg:any_statement_shallow",
          "Unified_Diff_of-files:": "Starts Below...",
          "INSERT:": "         * @param command the underlying command.",
          "CHANGE_old:": "        public abstract Span start();",
          "CHANGE_new:": "        public abstract Span start(RedisCommand\u0026lt;?, ?, ?\u0026gt; command);",
          "instance_detail": [
            {
              "pattern_action": "ANY",
              "pattern_entity": {
                "entity_type": "*",
                "entity_new value": "*",
                "entity_role": "Statement",
                "entity_parent": "null"
              },
              "concrete_change": {
                "operator": "DEL",
                "src_type": "If",
                "dst_type": "null",
                "src": "if ((includeCommandArgsInSpanTags) \u0026\u0026 ((command.getArgs()) !\u003d null)) {\n    span.tag(\"redis.args\", command.getArgs().toCommandString());\n}",
                "dst": "null",
                "src_parent_type": "Block",
                "dst_parent_type": "null",
                "src_parent": "{\n    io.lettuce.core.protocol.TracedCommand\u003c?, ?, ?\u003e traced \u003d io.lettuce.core.protocol.CommandWrapper.unwrap(command, io.lettuce.core.protocol.TracedCommand.class);\n    io.lettuce.core.tracing.TraceContextProvider provider \u003d (traced \u003d\u003d null) ? clientResources.tracing().initialTraceContextProvider() : traced;\n    io.lettuce.core.tracing.Tracer tracer \u003d clientResources.tracing().getTracerProvider().getTracer();\n    io.lettuce.core.tracing.TraceContext context \u003d provider.getTraceContext();\n    io.lettuce.core.tracing.Tracer.Span span \u003d tracer.nextSpan(context);\n    span.name(command.getType().name());\n    if ((includeCommandArgsInSpanTags) \u0026\u0026 ((command.getArgs()) !\u003d null)) {\n        span.tag(\"redis.args\", command.getArgs().toCommandString());\n    }\n    span.remoteEndpoint(tracedEndpoint);\n    span.start();\n    if (traced !\u003d null) {\n        traced.setSpan(span);\n    }\n    io.lettuce.core.protocol.CompleteableCommand\u003c?\u003e completeableCommand \u003d ((io.lettuce.core.protocol.CompleteableCommand\u003c?\u003e) (command));\n    completeableCommand.onComplete(( o, throwable) -\u003e {\n        if ((command.getOutput()) !\u003d null) {\n            java.lang.String error \u003d command.getOutput().getError();\n            if (error !\u003d null) {\n                span.tag(\"error\", error);\n            } else\n                if (throwable !\u003d null) {\n                    span.tag(\"exception\", throwable.toString());\n                    span.error(throwable);\n                }\n\n        }\n        span.finish();\n    });\n}",
                "dst_parent": "null"
              },
              "line": 407,
              "file": "/home/khesoem/projects/lighter/exp/src/main/java/io/lettuce/core/protocol/CommandHandler.java"
            }
          ]
        },
        {
          "tool-name": "JGenProg",
          "pattern-name": "JGenProg:any_statement_shallow",
          "Unified_Diff_of-files:": "Starts Below...",
          "INSERT:": "         * @param command the underlying command.",
          "CHANGE_old:": "        public abstract Span start();",
          "CHANGE_new:": "        public abstract Span start(RedisCommand\u0026lt;?, ?, ?\u0026gt; command);",
          "instance_detail": [
            {
              "pattern_action": "ANY",
              "pattern_entity": {
                "entity_type": "*",
                "entity_new value": "*",
                "entity_role": "Statement",
                "entity_parent": "null"
              },
              "concrete_change": {
                "operator": "DEL",
                "src_type": "Invocation",
                "dst_type": "null",
                "src": "span.start()",
                "dst": "null",
                "src_parent_type": "Block",
                "dst_parent_type": "null",
                "src_parent": "{\n    io.lettuce.core.protocol.TracedCommand\u003c?, ?, ?\u003e traced \u003d io.lettuce.core.protocol.CommandWrapper.unwrap(command, io.lettuce.core.protocol.TracedCommand.class);\n    io.lettuce.core.tracing.TraceContextProvider provider \u003d (traced \u003d\u003d null) ? clientResources.tracing().initialTraceContextProvider() : traced;\n    io.lettuce.core.tracing.Tracer tracer \u003d clientResources.tracing().getTracerProvider().getTracer();\n    io.lettuce.core.tracing.TraceContext context \u003d provider.getTraceContext();\n    io.lettuce.core.tracing.Tracer.Span span \u003d tracer.nextSpan(context);\n    span.name(command.getType().name());\n    if ((includeCommandArgsInSpanTags) \u0026\u0026 ((command.getArgs()) !\u003d null)) {\n        span.tag(\"redis.args\", command.getArgs().toCommandString());\n    }\n    span.remoteEndpoint(tracedEndpoint);\n    span.start();\n    if (traced !\u003d null) {\n        traced.setSpan(span);\n    }\n    io.lettuce.core.protocol.CompleteableCommand\u003c?\u003e completeableCommand \u003d ((io.lettuce.core.protocol.CompleteableCommand\u003c?\u003e) (command));\n    completeableCommand.onComplete(( o, throwable) -\u003e {\n        if ((command.getOutput()) !\u003d null) {\n            java.lang.String error \u003d command.getOutput().getError();\n            if (error !\u003d null) {\n                span.tag(\"error\", error);\n            } else\n                if (throwable !\u003d null) {\n                    span.tag(\"exception\", throwable.toString());\n                    span.error(throwable);\n                }\n\n        }\n        span.finish();\n    });\n}",
                "dst_parent": "null"
              },
              "line": 412,
              "file": "/home/khesoem/projects/lighter/exp/src/main/java/io/lettuce/core/protocol/CommandHandler.java"
            }
          ]
        },
        {
          "tool-name": "JGenProg",
          "pattern-name": "JGenProg:any_statement_shallow",
          "Unified_Diff_of-files:": "Starts Below...",
          "INSERT:": "         * @param command the underlying command.",
          "CHANGE_old:": "        public abstract Span start();",
          "CHANGE_new:": "        public abstract Span start(RedisCommand\u0026lt;?, ?, ?\u0026gt; command);",
          "instance_detail": [
            {
              "pattern_action": "ANY",
              "pattern_entity": {
                "entity_type": "*",
                "entity_new value": "*",
                "entity_role": "Statement",
                "entity_parent": "null"
              },
              "concrete_change": {
                "operator": "DEL",
                "src_type": "LocalVariable",
                "dst_type": "null",
                "src": "io.lettuce.core.protocol.CompleteableCommand\u003c?\u003e completeableCommand \u003d ((io.lettuce.core.protocol.CompleteableCommand\u003c?\u003e) (command))",
                "dst": "null",
                "src_parent_type": "Block",
                "dst_parent_type": "null",
                "src_parent": "{\n    io.lettuce.core.protocol.TracedCommand\u003c?, ?, ?\u003e traced \u003d io.lettuce.core.protocol.CommandWrapper.unwrap(command, io.lettuce.core.protocol.TracedCommand.class);\n    io.lettuce.core.tracing.TraceContextProvider provider \u003d (traced \u003d\u003d null) ? clientResources.tracing().initialTraceContextProvider() : traced;\n    io.lettuce.core.tracing.Tracer tracer \u003d clientResources.tracing().getTracerProvider().getTracer();\n    io.lettuce.core.tracing.TraceContext context \u003d provider.getTraceContext();\n    io.lettuce.core.tracing.Tracer.Span span \u003d tracer.nextSpan(context);\n    span.name(command.getType().name());\n    if ((includeCommandArgsInSpanTags) \u0026\u0026 ((command.getArgs()) !\u003d null)) {\n        span.tag(\"redis.args\", command.getArgs().toCommandString());\n    }\n    span.remoteEndpoint(tracedEndpoint);\n    span.start();\n    if (traced !\u003d null) {\n        traced.setSpan(span);\n    }\n    io.lettuce.core.protocol.CompleteableCommand\u003c?\u003e completeableCommand \u003d ((io.lettuce.core.protocol.CompleteableCommand\u003c?\u003e) (command));\n    completeableCommand.onComplete(( o, throwable) -\u003e {\n        if ((command.getOutput()) !\u003d null) {\n            java.lang.String error \u003d command.getOutput().getError();\n            if (error !\u003d null) {\n                span.tag(\"error\", error);\n            } else\n                if (throwable !\u003d null) {\n                    span.tag(\"exception\", throwable.toString());\n                    span.error(throwable);\n                }\n\n        }\n        span.finish();\n    });\n}",
                "dst_parent": "null"
              },
              "line": 418,
              "file": "/home/khesoem/projects/lighter/exp/src/main/java/io/lettuce/core/protocol/CommandHandler.java"
            }
          ]
        },
        {
          "tool-name": "JGenProg",
          "pattern-name": "JGenProg:any_statement_shallow",
          "Unified_Diff_of-files:": "Starts Below...",
          "INSERT:": "         * @param command the underlying command.",
          "CHANGE_old:": "        public abstract Span start();",
          "CHANGE_new:": "        public abstract Span start(RedisCommand\u0026lt;?, ?, ?\u0026gt; command);",
          "instance_detail": [
            {
              "pattern_action": "ANY",
              "pattern_entity": {
                "entity_type": "*",
                "entity_new value": "*",
                "entity_role": "Statement",
                "entity_parent": "null"
              },
              "concrete_change": {
                "operator": "DEL",
                "src_type": "If",
                "dst_type": "null",
                "src": "if ((command.getOutput()) !\u003d null) {\n    java.lang.String error \u003d command.getOutput().getError();\n    if (error !\u003d null) {\n        span.tag(\"error\", error);\n    } else\n        if (throwable !\u003d null) {\n            span.tag(\"exception\", throwable.toString());\n            span.error(throwable);\n        }\n\n}",
                "dst": "null",
                "src_parent_type": "Block",
                "dst_parent_type": "null",
                "src_parent": "{\n    if ((command.getOutput()) !\u003d null) {\n        java.lang.String error \u003d command.getOutput().getError();\n        if (error !\u003d null) {\n            span.tag(\"error\", error);\n        } else\n            if (throwable !\u003d null) {\n                span.tag(\"exception\", throwable.toString());\n                span.error(throwable);\n            }\n\n    }\n    span.finish();\n}",
                "dst_parent": "null"
              },
              "line": 421,
              "file": "/home/khesoem/projects/lighter/exp/src/main/java/io/lettuce/core/protocol/CommandHandler.java"
            }
          ]
        },
        {
          "tool-name": "JGenProg",
          "pattern-name": "JGenProg:any_statement_shallow",
          "Unified_Diff_of-files:": "Starts Below...",
          "INSERT:": "         * @param command the underlying command.",
          "CHANGE_old:": "        public abstract Span start();",
          "CHANGE_new:": "        public abstract Span start(RedisCommand\u0026lt;?, ?, ?\u0026gt; command);",
          "instance_detail": [
            {
              "pattern_action": "ANY",
              "pattern_entity": {
                "entity_type": "*",
                "entity_new value": "*",
                "entity_role": "Statement",
                "entity_parent": "null"
              },
              "concrete_change": {
                "operator": "DEL",
                "src_type": "Invocation",
                "dst_type": "null",
                "src": "span.finish()",
                "dst": "null",
                "src_parent_type": "Block",
                "dst_parent_type": "null",
                "src_parent": "{\n    if ((command.getOutput()) !\u003d null) {\n        java.lang.String error \u003d command.getOutput().getError();\n        if (error !\u003d null) {\n            span.tag(\"error\", error);\n        } else\n            if (throwable !\u003d null) {\n                span.tag(\"exception\", throwable.toString());\n                span.error(throwable);\n            }\n\n    }\n    span.finish();\n}",
                "dst_parent": "null"
              },
              "line": 432,
              "file": "/home/khesoem/projects/lighter/exp/src/main/java/io/lettuce/core/protocol/CommandHandler.java"
            }
          ]
        },
        {
          "tool-name": "JGenProg",
          "pattern-name": "JGenProg:any_statement_shallow",
          "Unified_Diff_of-files:": "Starts Below...",
          "INSERT:": "         * @param command the underlying command.",
          "CHANGE_old:": "        public abstract Span start();",
          "CHANGE_new:": "        public abstract Span start(RedisCommand\u0026lt;?, ?, ?\u0026gt; command);",
          "instance_detail": [
            {
              "pattern_action": "ANY",
              "pattern_entity": {
                "entity_type": "*",
                "entity_new value": "*",
                "entity_role": "Statement",
                "entity_parent": "null"
              },
              "concrete_change": {
                "operator": "DEL",
                "src_type": "Invocation",
                "dst_type": "null",
                "src": "completeableCommand.onComplete(( o, throwable) -\u003e {\n    if ((command.getOutput()) !\u003d null) {\n        java.lang.String error \u003d command.getOutput().getError();\n        if (error !\u003d null) {\n            span.tag(\"error\", error);\n        } else\n            if (throwable !\u003d null) {\n                span.tag(\"exception\", throwable.toString());\n                span.error(throwable);\n            }\n\n    }\n    span.finish();\n})",
                "dst": "null",
                "src_parent_type": "Block",
                "dst_parent_type": "null",
                "src_parent": "{\n    io.lettuce.core.protocol.TracedCommand\u003c?, ?, ?\u003e traced \u003d io.lettuce.core.protocol.CommandWrapper.unwrap(command, io.lettuce.core.protocol.TracedCommand.class);\n    io.lettuce.core.tracing.TraceContextProvider provider \u003d (traced \u003d\u003d null) ? clientResources.tracing().initialTraceContextProvider() : traced;\n    io.lettuce.core.tracing.Tracer tracer \u003d clientResources.tracing().getTracerProvider().getTracer();\n    io.lettuce.core.tracing.TraceContext context \u003d provider.getTraceContext();\n    io.lettuce.core.tracing.Tracer.Span span \u003d tracer.nextSpan(context);\n    span.name(command.getType().name());\n    if ((includeCommandArgsInSpanTags) \u0026\u0026 ((command.getArgs()) !\u003d null)) {\n        span.tag(\"redis.args\", command.getArgs().toCommandString());\n    }\n    span.remoteEndpoint(tracedEndpoint);\n    span.start();\n    if (traced !\u003d null) {\n        traced.setSpan(span);\n    }\n    io.lettuce.core.protocol.CompleteableCommand\u003c?\u003e completeableCommand \u003d ((io.lettuce.core.protocol.CompleteableCommand\u003c?\u003e) (command));\n    completeableCommand.onComplete(( o, throwable) -\u003e {\n        if ((command.getOutput()) !\u003d null) {\n            java.lang.String error \u003d command.getOutput().getError();\n            if (error !\u003d null) {\n                span.tag(\"error\", error);\n            } else\n                if (throwable !\u003d null) {\n                    span.tag(\"exception\", throwable.toString());\n                    span.error(throwable);\n                }\n\n        }\n        span.finish();\n    });\n}",
                "dst_parent": "null"
              },
              "line": 419,
              "file": "/home/khesoem/projects/lighter/exp/src/main/java/io/lettuce/core/protocol/CommandHandler.java"
            }
          ]
        },
        {
          "tool-name": "JGenProg",
          "pattern-name": "JGenProg:any_statement_shallow",
          "Unified_Diff_of-files:": "Starts Below...",
          "INSERT:": "         * @param command the underlying command.",
          "CHANGE_old:": "        public abstract Span start();",
          "CHANGE_new:": "        public abstract Span start(RedisCommand\u0026lt;?, ?, ?\u0026gt; command);",
          "instance_detail": [
            {
              "pattern_action": "ANY",
              "pattern_entity": {
                "entity_type": "*",
                "entity_new value": "*",
                "entity_role": "Statement",
                "entity_parent": "null"
              },
              "concrete_change": {
                "operator": "DEL",
                "src_type": "If",
                "dst_type": "null",
                "src": "if ((tracingEnabled) \u0026\u0026 (command instanceof io.lettuce.core.protocol.CompleteableCommand)) {\n    io.lettuce.core.protocol.TracedCommand\u003c?, ?, ?\u003e traced \u003d io.lettuce.core.protocol.CommandWrapper.unwrap(command, io.lettuce.core.protocol.TracedCommand.class);\n    io.lettuce.core.tracing.TraceContextProvider provider \u003d (traced \u003d\u003d null) ? clientResources.tracing().initialTraceContextProvider() : traced;\n    io.lettuce.core.tracing.Tracer tracer \u003d clientResources.tracing().getTracerProvider().getTracer();\n    io.lettuce.core.tracing.TraceContext context \u003d provider.getTraceContext();\n    io.lettuce.core.tracing.Tracer.Span span \u003d tracer.nextSpan(context);\n    span.name(command.getType().name());\n    if ((includeCommandArgsInSpanTags) \u0026\u0026 ((command.getArgs()) !\u003d null)) {\n        span.tag(\"redis.args\", command.getArgs().toCommandString());\n    }\n    span.remoteEndpoint(tracedEndpoint);\n    span.start();\n    if (traced !\u003d null) {\n        traced.setSpan(span);\n    }\n    io.lettuce.core.protocol.CompleteableCommand\u003c?\u003e completeableCommand \u003d ((io.lettuce.core.protocol.CompleteableCommand\u003c?\u003e) (command));\n    completeableCommand.onComplete(( o, throwable) -\u003e {\n        if ((command.getOutput()) !\u003d null) {\n            java.lang.String error \u003d command.getOutput().getError();\n            if (error !\u003d null) {\n                span.tag(\"error\", error);\n            } else\n                if (throwable !\u003d null) {\n                    span.tag(\"exception\", throwable.toString());\n                    span.error(throwable);\n                }\n\n        }\n        span.finish();\n    });\n}",
                "dst": "null",
                "src_parent_type": "Block",
                "dst_parent_type": "null",
                "src_parent": "{\n    if (!(io.lettuce.core.protocol.CommandHandler.isWriteable(command))) {\n        promise.trySuccess();\n        return;\n    }\n    addToStack(command, promise);\n    if ((tracingEnabled) \u0026\u0026 (command instanceof io.lettuce.core.protocol.CompleteableCommand)) {\n        io.lettuce.core.protocol.TracedCommand\u003c?, ?, ?\u003e traced \u003d io.lettuce.core.protocol.CommandWrapper.unwrap(command, io.lettuce.core.protocol.TracedCommand.class);\n        io.lettuce.core.tracing.TraceContextProvider provider \u003d (traced \u003d\u003d null) ? clientResources.tracing().initialTraceContextProvider() : traced;\n        io.lettuce.core.tracing.Tracer tracer \u003d clientResources.tracing().getTracerProvider().getTracer();\n        io.lettuce.core.tracing.TraceContext context \u003d provider.getTraceContext();\n        io.lettuce.core.tracing.Tracer.Span span \u003d tracer.nextSpan(context);\n        span.name(command.getType().name());\n        if ((includeCommandArgsInSpanTags) \u0026\u0026 ((command.getArgs()) !\u003d null)) {\n            span.tag(\"redis.args\", command.getArgs().toCommandString());\n        }\n        span.remoteEndpoint(tracedEndpoint);\n        span.start();\n        if (traced !\u003d null) {\n            traced.setSpan(span);\n        }\n        io.lettuce.core.protocol.CompleteableCommand\u003c?\u003e completeableCommand \u003d ((io.lettuce.core.protocol.CompleteableCommand\u003c?\u003e) (command));\n        completeableCommand.onComplete(( o, throwable) -\u003e {\n            if ((command.getOutput()) !\u003d null) {\n                java.lang.String error \u003d command.getOutput().getError();\n                if (error !\u003d null) {\n                    span.tag(\"error\", error);\n                } else\n                    if (throwable !\u003d null) {\n                        span.tag(\"exception\", throwable.toString());\n                        span.error(throwable);\n                    }\n\n            }\n            span.finish();\n        });\n    }\n    ctx.write(command, promise);\n}",
                "dst_parent": "null"
              },
              "line": 397,
              "file": "/home/khesoem/projects/lighter/exp/src/main/java/io/lettuce/core/protocol/CommandHandler.java",
              "stats": {
                "number_of_src_entities": 549,
                "number_of_dst_entities": -1,
                "src_entity_types": "[, io.lettuce.core.protocol.CompleteableCommand, io.lettuce.core.tracing.Tracer, io.lettuce.core.protocol.CompleteableCommand\u003c?\u003e, io.lettuce.core.protocol.throwable, io.lettuce.core.resource.ClientResources, java.lang.String, io.lettuce.core.protocol.command, io.lettuce.core.protocol.CommandWrapper, io.lettuce.core.tracing.Tracer.Span, Tracer.Span, \u003cnulltype\u003e, io.lettuce.core.protocol.TracedCommand\u003c?, ?, ?\u003e, io.lettuce.core.protocol.TracedCommand, io.lettuce.core.protocol.CommandHandler, io.lettuce.core.tracing.TraceContextProvider, io.lettuce.core.tracing.TraceContext, io.lettuce.core.protocol.RedisCommand\u003c?, ?, ?\u003e, io.lettuce.core.protocol.span]",
                "dst_entity_types": "[]"
              }
            }
          ]
        }
      ]
    }
  ],
  "complete_analysis": true
}