{
  "instances": [
    {
      "revision": "135b330ddcf611f6b3ad29e39cb239c670bed725",
      "repairability": [
        {
          "tool-name": "JGenProg",
          "pattern-name": "JGenProg:any_statement_shallow",
          "Unified_Diff_of-files:": "Starts Below...",
          "CHANGE_old:": "        result.addAll(set2.stream().filter(e -\u0026gt; !set1.contains(e)).collect(Collectors.toList()));",
          "CHANGE_new:": "",
          "INSERT:": "",
          "instance_detail": [
            {
              "pattern_action": "ANY",
              "pattern_entity": {
                "entity_type": "*",
                "entity_new value": "*",
                "entity_role": "Statement",
                "entity_parent": "null"
              },
              "concrete_change": {
                "operator": "DEL",
                "src_type": "LocalVariable",
                "dst_type": "null",
                "src": "java.util.List\u003cio.lettuce.core.cluster.models.partitions.RedisClusterNode\u003e mappedNodes \u003d io.lettuce.core.cluster.models.partitions.ClusterPartitionParser.TOKEN_PATTERN.splitAsStream(nodes).filter(( s) -\u003e !(s.isEmpty())).map(io.lettuce.core.cluster.models.partitions.ClusterPartitionParser::parseNode).collect(java.util.stream.Collectors.toList())",
                "dst": "null",
                "src_parent_type": "Block",
                "dst_parent_type": "null",
                "src_parent": "{\n    java.util.List\u003cio.lettuce.core.cluster.models.partitions.RedisClusterNode\u003e mappedNodes \u003d io.lettuce.core.cluster.models.partitions.ClusterPartitionParser.TOKEN_PATTERN.splitAsStream(nodes).filter(( s) -\u003e !(s.isEmpty())).map(io.lettuce.core.cluster.models.partitions.ClusterPartitionParser::parseNode).collect(java.util.stream.Collectors.toList());\n    result.addAll(mappedNodes);\n}",
                "dst_parent": "null"
              },
              "line": 77,
              "file": "/home/khesoem/projects/lighter/exp/src/main/java/io/lettuce/core/cluster/models/partitions/ClusterPartitionParser.java",
              "stats": {
                "number_of_src_entities": 132,
                "number_of_dst_entities": -1,
                "src_entity_types": "[java.util.regex.Pattern, java.util.function.Predicate\u003c? super java.lang.String\u003e, java.util.function.Function\u003c? super java.lang.String, ? extends io.lettuce.core.cluster.models.partitions.RedisClusterNode\u003e, java.util.stream.Collectors, boolean, io.lettuce.core.cluster.models.partitions.ClusterPartitionParser, io.lettuce.core.cluster.models.partitions.RedisClusterNode, java.lang.String, java.util.List\u003cio.lettuce.core.cluster.models.partitions.RedisClusterNode\u003e, java.util.stream.Stream, java.util.stream.Stream\u003cio.lettuce.core.cluster.models.partitions.RedisClusterNode\u003e]",
                "dst_entity_types": "[]"
              }
            }
          ]
        }
      ]
    },
    {
      "revision": "135b330ddcf611f6b3ad29e39cb239c670bed725",
      "repairability": [
        {
          "tool-name": "JGenProg",
          "pattern-name": "JGenProg:any_statement_shallow",
          "Unified_Diff_of-files:": "Starts Below...",
          "CHANGE_old:": "        result.addAll(set2.stream().filter(e -\u0026gt; !set1.contains(e)).collect(Collectors.toList()));",
          "CHANGE_new:": "",
          "INSERT:": "",
          "instance_detail": [
            {
              "pattern_action": "ANY",
              "pattern_entity": {
                "entity_type": "*",
                "entity_new value": "*",
                "entity_role": "Statement",
                "entity_parent": "null"
              },
              "concrete_change": {
                "operator": "DEL",
                "src_type": "Assignment",
                "dst_type": "null",
                "src": "slotCache[integer.intValue()] \u003d partition",
                "dst": "null",
                "src_parent_type": "Block",
                "dst_parent_type": "null",
                "src_parent": "{\n    slotCache[integer.intValue()] \u003d partition;\n}",
                "dst_parent": "null"
              },
              "line": 162,
              "file": "/home/khesoem/projects/lighter/exp/src/main/java/io/lettuce/core/cluster/models/partitions/Partitions.java"
            }
          ]
        },
        {
          "tool-name": "JGenProg",
          "pattern-name": "JGenProg:any_statement_shallow",
          "Unified_Diff_of-files:": "Starts Below...",
          "CHANGE_old:": "        result.addAll(set2.stream().filter(e -\u0026gt; !set1.contains(e)).collect(Collectors.toList()));",
          "CHANGE_new:": "",
          "INSERT:": "",
          "instance_detail": [
            {
              "pattern_action": "ANY",
              "pattern_entity": {
                "entity_type": "*",
                "entity_new value": "*",
                "entity_role": "Statement",
                "entity_parent": "null"
              },
              "concrete_change": {
                "operator": "DEL",
                "src_type": "ForEach",
                "dst_type": "null",
                "src": "for (java.lang.Integer integer : partition.getSlots()) {\n    slotCache[integer.intValue()] \u003d partition;\n}",
                "dst": "null",
                "src_parent_type": "Block",
                "dst_parent_type": "null",
                "src_parent": "{\n    readView.add(partition);\n    for (java.lang.Integer integer : partition.getSlots()) {\n        slotCache[integer.intValue()] \u003d partition;\n    }\n}",
                "dst_parent": "null"
              },
              "line": 161,
              "file": "/home/khesoem/projects/lighter/exp/src/main/java/io/lettuce/core/cluster/models/partitions/Partitions.java"
            }
          ]
        },
        {
          "tool-name": "JGenProg",
          "pattern-name": "JGenProg:any_statement_shallow",
          "Unified_Diff_of-files:": "Starts Below...",
          "CHANGE_old:": "        result.addAll(set2.stream().filter(e -\u0026gt; !set1.contains(e)).collect(Collectors.toList()));",
          "CHANGE_new:": "",
          "INSERT:": "",
          "instance_detail": [
            {
              "pattern_action": "ANY",
              "pattern_entity": {
                "entity_type": "*",
                "entity_new value": "*",
                "entity_role": "Statement",
                "entity_parent": "null"
              },
              "concrete_change": {
                "operator": "DEL",
                "src_type": "ForEach",
                "dst_type": "null",
                "src": "for (io.lettuce.core.cluster.models.partitions.RedisClusterNode partition : partitions) {\n    readView.add(partition);\n    for (java.lang.Integer integer : partition.getSlots()) {\n        slotCache[integer.intValue()] \u003d partition;\n    }\n}",
                "dst": "null",
                "src_parent_type": "Block",
                "dst_parent_type": "null",
                "src_parent": "{\n    if (partitions.isEmpty()) {\n        this.slotCache \u003d io.lettuce.core.cluster.models.partitions.Partitions.EMPTY;\n        this.nodeReadView \u003d java.util.Collections.emptyList();\n        return;\n    }\n    io.lettuce.core.cluster.models.partitions.RedisClusterNode[] slotCache \u003d new io.lettuce.core.cluster.models.partitions.RedisClusterNode[io.lettuce.core.cluster.SlotHash.SLOT_COUNT];\n    java.util.List\u003cio.lettuce.core.cluster.models.partitions.RedisClusterNode\u003e readView \u003d new java.util.ArrayList(partitions.size());\n    for (io.lettuce.core.cluster.models.partitions.RedisClusterNode partition : partitions) {\n        readView.add(partition);\n        for (java.lang.Integer integer : partition.getSlots()) {\n            slotCache[integer.intValue()] \u003d partition;\n        }\n    }\n    this.slotCache \u003d slotCache;\n    this.nodeReadView \u003d java.util.Collections.unmodifiableCollection(readView);\n}",
                "dst_parent": "null"
              },
              "line": 158,
              "file": "/home/khesoem/projects/lighter/exp/src/main/java/io/lettuce/core/cluster/models/partitions/Partitions.java",
              "stats": {
                "number_of_src_entities": 70,
                "number_of_dst_entities": -1,
                "src_entity_types": "[io.lettuce.core.cluster.models.partitions.Partitions, java.lang.Integer, io.lettuce.core.cluster.models.partitions.RedisClusterNode, java.util.List\u003cio.lettuce.core.cluster.models.partitions.RedisClusterNode\u003e]",
                "dst_entity_types": "[]"
              }
            }
          ]
        }
      ]
    },
    {
      "revision": "135b330ddcf611f6b3ad29e39cb239c670bed725",
      "repairability": [
        {
          "tool-name": "JGenProg",
          "pattern-name": "JGenProg:any_statement_shallow",
          "Unified_Diff_of-files:": "Starts Below...",
          "CHANGE_old:": "        result.addAll(set2.stream().filter(e -\u0026gt; !set1.contains(e)).collect(Collectors.toList()));",
          "CHANGE_new:": "",
          "INSERT:": "",
          "instance_detail": [
            {
              "pattern_action": "ANY",
              "pattern_entity": {
                "entity_type": "*",
                "entity_new value": "*",
                "entity_role": "Statement",
                "entity_parent": "null"
              },
              "concrete_change": {
                "operator": "DEL",
                "src_type": "LocalVariable",
                "dst_type": "null",
                "src": "java.util.List\u003cio.lettuce.core.cluster.topology.RedisClusterNodeSnapshot\u003e nodeWithStats \u003d nodeTopologyView.getPartitions().stream().filter(io.lettuce.core.cluster.topology.ClusterTopologyRefresh::validNode).map(RedisClusterNodeSnapshot::new).collect(java.util.stream.Collectors.toList())",
                "dst": "null",
                "src_parent_type": "Block",
                "dst_parent_type": "null",
                "src_parent": "{\n    io.lettuce.core.cluster.topology.NodeTopologyView nodeTopologyView \u003d io.lettuce.core.cluster.topology.NodeTopologyView.from(nodeUri, requestedTopology, requestedClients);\n    if (!(nodeTopologyView.isAvailable())) {\n        continue;\n    }\n    io.lettuce.core.cluster.models.partitions.RedisClusterNode node \u003d nodeTopologyView.getOwnPartition();\n    if ((node.getUri()) \u003d\u003d null) {\n        node.setUri(nodeUri);\n    } else {\n        node.addAlias(nodeUri);\n    }\n    java.util.List\u003cio.lettuce.core.cluster.topology.RedisClusterNodeSnapshot\u003e nodeWithStats \u003d nodeTopologyView.getPartitions().stream().filter(io.lettuce.core.cluster.topology.ClusterTopologyRefresh::validNode).map(RedisClusterNodeSnapshot::new).collect(java.util.stream.Collectors.toList());\n    nodeWithStats.stream().filter(( partition) -\u003e partition.is(RedisClusterNode.NodeFlag.MYSELF)).forEach(( partition) -\u003e {\n        latencies.put(partition.getNodeId(), nodeTopologyView.getLatency());\n        clientCountByNodeId.put(partition.getNodeId(), nodeTopologyView.getConnectedClients());\n    });\n    allNodes.addAll(nodeWithStats);\n    io.lettuce.core.cluster.models.partitions.Partitions partitions \u003d new io.lettuce.core.cluster.models.partitions.Partitions();\n    partitions.addAll(nodeWithStats);\n    nodeTopologyView.setPartitions(partitions);\n    views.add(nodeTopologyView);\n}",
                "dst_parent": "null"
              },
              "line": 187,
              "file": "/home/khesoem/projects/lighter/exp/src/main/java/io/lettuce/core/cluster/topology/ClusterTopologyRefresh.java",
              "stats": {
                "number_of_src_entities": 71,
                "number_of_dst_entities": -1,
                "src_entity_types": "[java.util.stream.Collectors, io.lettuce.core.cluster.topology.NodeTopologyView, io.lettuce.core.cluster.topology.ClusterTopologyRefresh, io.lettuce.core.cluster.topology.RedisClusterNodeSnapshot, java.util.List\u003cio.lettuce.core.cluster.topology.RedisClusterNodeSnapshot\u003e]",
                "dst_entity_types": "[]"
              }
            }
          ]
        },
        {
          "tool-name": "JGenProg",
          "pattern-name": "JGenProg:any_statement_shallow",
          "Unified_Diff_of-files:": "Starts Below...",
          "CHANGE_old:": "        result.addAll(set2.stream().filter(e -\u0026gt; !set1.contains(e)).collect(Collectors.toList()));",
          "CHANGE_new:": "",
          "INSERT:": "",
          "instance_detail": [
            {
              "pattern_action": "ANY",
              "pattern_entity": {
                "entity_type": "*",
                "entity_new value": "*",
                "entity_role": "Statement",
                "entity_parent": "null"
              },
              "concrete_change": {
                "operator": "DEL",
                "src_type": "Invocation",
                "dst_type": "null",
                "src": "nodeWithStats.stream().filter(( partition) -\u003e partition.is(RedisClusterNode.NodeFlag.MYSELF)).forEach(( partition) -\u003e {\n    latencies.put(partition.getNodeId(), nodeTopologyView.getLatency());\n    clientCountByNodeId.put(partition.getNodeId(), nodeTopologyView.getConnectedClients());\n})",
                "dst": "null",
                "src_parent_type": "Block",
                "dst_parent_type": "null",
                "src_parent": "{\n    io.lettuce.core.cluster.topology.NodeTopologyView nodeTopologyView \u003d io.lettuce.core.cluster.topology.NodeTopologyView.from(nodeUri, requestedTopology, requestedClients);\n    if (!(nodeTopologyView.isAvailable())) {\n        continue;\n    }\n    io.lettuce.core.cluster.models.partitions.RedisClusterNode node \u003d nodeTopologyView.getOwnPartition();\n    if ((node.getUri()) \u003d\u003d null) {\n        node.setUri(nodeUri);\n    } else {\n        node.addAlias(nodeUri);\n    }\n    java.util.List\u003cio.lettuce.core.cluster.topology.RedisClusterNodeSnapshot\u003e nodeWithStats \u003d nodeTopologyView.getPartitions().stream().filter(io.lettuce.core.cluster.topology.ClusterTopologyRefresh::validNode).map(RedisClusterNodeSnapshot::new).collect(java.util.stream.Collectors.toList());\n    nodeWithStats.stream().filter(( partition) -\u003e partition.is(RedisClusterNode.NodeFlag.MYSELF)).forEach(( partition) -\u003e {\n        latencies.put(partition.getNodeId(), nodeTopologyView.getLatency());\n        clientCountByNodeId.put(partition.getNodeId(), nodeTopologyView.getConnectedClients());\n    });\n    allNodes.addAll(nodeWithStats);\n    io.lettuce.core.cluster.models.partitions.Partitions partitions \u003d new io.lettuce.core.cluster.models.partitions.Partitions();\n    partitions.addAll(nodeWithStats);\n    nodeTopologyView.setPartitions(partitions);\n    views.add(nodeTopologyView);\n}",
                "dst_parent": "null"
              },
              "line": 192,
              "file": "/home/khesoem/projects/lighter/exp/src/main/java/io/lettuce/core/cluster/topology/ClusterTopologyRefresh.java",
              "stats": {
                "number_of_src_entities": 81,
                "number_of_dst_entities": -1,
                "src_entity_types": "[java.lang.Integer, io.lettuce.core.cluster.topology.partition, io.lettuce.core.cluster.topology.clientCountByNodeId, io.lettuce.core.cluster.topology.latencies, io.lettuce.core.cluster.topology.NodeTopologyView, io.lettuce.core.cluster.topology.RedisClusterNodeSnapshot, java.lang.String, java.lang.Long, io.lettuce.core.cluster.topology.nodeTopologyView, java.util.List\u003cio.lettuce.core.cluster.topology.RedisClusterNodeSnapshot\u003e, java.util.Map\u003cjava.lang.String, java.lang.Long\u003e, java.util.Map\u003cjava.lang.String, java.lang.Integer\u003e]",
                "dst_entity_types": "[]"
              }
            }
          ]
        },
        {
          "tool-name": "JGenProg",
          "pattern-name": "JGenProg:any_statement_shallow",
          "Unified_Diff_of-files:": "Starts Below...",
          "CHANGE_old:": "        result.addAll(set2.stream().filter(e -\u0026gt; !set1.contains(e)).collect(Collectors.toList()));",
          "CHANGE_new:": "",
          "INSERT:": "",
          "instance_detail": [
            {
              "pattern_action": "ANY",
              "pattern_entity": {
                "entity_type": "*",
                "entity_new value": "*",
                "entity_role": "Statement",
                "entity_parent": "null"
              },
              "concrete_change": {
                "operator": "DEL",
                "src_type": "LocalVariable",
                "dst_type": "null",
                "src": "java.util.Set\u003cE\u003e result \u003d set1.stream().filter(( e) -\u003e !(set2.contains(e))).collect(java.util.stream.Collectors.toSet())",
                "dst": "null",
                "src_parent_type": "Block",
                "dst_parent_type": "null",
                "src_parent": "{\n    java.util.Set\u003cE\u003e result \u003d set1.stream().filter(( e) -\u003e !(set2.contains(e))).collect(java.util.stream.Collectors.toSet());\n    result.addAll(set2.stream().filter(( e) -\u003e !(set1.contains(e))).collect(java.util.stream.Collectors.toList()));\n    return result;\n}",
                "dst_parent": "null"
              },
              "line": 321,
              "file": "/home/khesoem/projects/lighter/exp/src/main/java/io/lettuce/core/cluster/topology/ClusterTopologyRefresh.java",
              "stats": {
                "number_of_src_entities": 80,
                "number_of_dst_entities": -1,
                "src_entity_types": "[java.util.function.Predicate\u003c? super E\u003e, java.util.stream.Collectors, java.util.Set\u003cE\u003e, boolean, java.util.Set, java.util.Collection, java.util.stream.Stream]",
                "dst_entity_types": "[]"
              }
            }
          ]
        },
        {
          "tool-name": "JGenProg",
          "pattern-name": "JGenProg:any_statement_shallow",
          "Unified_Diff_of-files:": "Starts Below...",
          "CHANGE_old:": "        result.addAll(set2.stream().filter(e -\u0026gt; !set1.contains(e)).collect(Collectors.toList()));",
          "CHANGE_new:": "",
          "INSERT:": "",
          "instance_detail": [
            {
              "pattern_action": "ANY",
              "pattern_entity": {
                "entity_type": "*",
                "entity_new value": "*",
                "entity_role": "Statement",
                "entity_parent": "null"
              },
              "concrete_change": {
                "operator": "DEL",
                "src_type": "Invocation",
                "dst_type": "null",
                "src": "result.addAll(set2.stream().filter(( e) -\u003e !(set1.contains(e))).collect(java.util.stream.Collectors.toList()))",
                "dst": "null",
                "src_parent_type": "Block",
                "dst_parent_type": "null",
                "src_parent": "{\n    java.util.Set\u003cE\u003e result \u003d set1.stream().filter(( e) -\u003e !(set2.contains(e))).collect(java.util.stream.Collectors.toSet());\n    result.addAll(set2.stream().filter(( e) -\u003e !(set1.contains(e))).collect(java.util.stream.Collectors.toList()));\n    return result;\n}",
                "dst_parent": "null"
              },
              "line": 322,
              "file": "/home/khesoem/projects/lighter/exp/src/main/java/io/lettuce/core/cluster/topology/ClusterTopologyRefresh.java",
              "stats": {
                "number_of_src_entities": 90,
                "number_of_dst_entities": -1,
                "src_entity_types": "[java.util.function.Predicate\u003c? super E\u003e, java.util.stream.Collectors, java.util.Set\u003cE\u003e, java.util.Set, boolean, java.util.Collection, java.util.stream.Stream]",
                "dst_entity_types": "[]"
              }
            }
          ]
        }
      ]
    }
  ],
  "complete_analysis": true
}