{
  "instances": [
    {
      "revision": "9c583b961f745cbe611c595e1d4a0e447eabeaa3",
      "repairability": [
        {
          "tool-name": "JGenProg",
          "pattern-name": "JGenProg:any_statement_shallow",
          "Unified_Diff_of-files:": "Starts Below...",
          "CHANGE_old:": "",
          "CHANGE_new:": "        this.responseElementBuffer \u003d alloc.directBuffer(1024);",
          "instance_detail": [
            {
              "pattern_action": "ANY",
              "pattern_entity": {
                "entity_type": "*",
                "entity_new value": "*",
                "entity_role": "Statement",
                "entity_parent": "null"
              },
              "concrete_change": {
                "operator": "DEL",
                "src_type": "Invocation",
                "dst_type": "null",
                "src": "rsm.reset()",
                "dst": "null",
                "src_parent_type": "Block",
                "dst_parent_type": "null",
                "src_parent": "{\n    if (debugEnabled) {\n        io.lettuce.core.protocol.CommandHandler.logger.debug(\"{} channelInactive()\", logPrefix());\n    }\n    if (((channel) !\u003d null) \u0026\u0026 ((ctx.channel()) !\u003d (channel))) {\n        io.lettuce.core.protocol.CommandHandler.logger.debug(\"{} My channel and ctx.channel mismatch. Propagating event to other listeners.\", logPrefix());\n        super.channelInactive(ctx);\n        return;\n    }\n    tracedEndpoint \u003d null;\n    setState(io.lettuce.core.protocol.CommandHandler.LifecycleState.DISCONNECTED);\n    setState(io.lettuce.core.protocol.CommandHandler.LifecycleState.DEACTIVATING);\n    endpoint.notifyChannelInactive(ctx.channel());\n    endpoint.notifyDrainQueuedCommands(this);\n    setState(io.lettuce.core.protocol.CommandHandler.LifecycleState.DEACTIVATED);\n    io.lettuce.core.protocol.PristineFallbackCommand command \u003d this.fallbackCommand;\n    if (isProtectedMode(command)) {\n        onProtectedMode(command.getOutput().getError());\n    }\n    rsm.reset();\n    if (debugEnabled) {\n        io.lettuce.core.protocol.CommandHandler.logger.debug(\"{} channelInactive() done\", logPrefix());\n    }\n    super.channelInactive(ctx);\n}",
                "dst_parent": "null"
              },
              "line": 331,
              "file": "/home/khesoem/projects/lighter/exp/src/main/java/io/lettuce/core/protocol/CommandHandler.java",
              "stats": {
                "number_of_src_entities": 16,
                "number_of_dst_entities": -1,
                "src_entity_types": "[io.lettuce.core.protocol.CommandHandler, io.lettuce.core.protocol.RedisStateMachine]",
                "dst_entity_types": "[]"
              }
            }
          ]
        }
      ]
    }
  ],
  "complete_analysis": true
}