{
  "instances": [
    {
      "revision": "a96e243174fd2b0c3bf6cd2863b294b8a7c0235f",
      "repairability": [
        {
          "tool-name": "JGenProg",
          "pattern-name": "JGenProg:any_statement_shallow",
          "Unified_Diff_of-files:": "Starts Below...",
          "INSERT:": "import java.util.concurrent.CompletableFuture;",
          "CHANGE_old:": "        super.close();",
          "CHANGE_new:": "        return super.closeAsync();",
          "instance_detail": [
            {
              "pattern_action": "ANY",
              "pattern_entity": {
                "entity_type": "*",
                "entity_new value": "*",
                "entity_role": "Statement",
                "entity_parent": "null"
              },
              "concrete_change": {
                "operator": "DEL",
                "src_type": "Invocation",
                "dst_type": "null",
                "src": "super.close()",
                "dst": "null",
                "src_parent_type": "Block",
                "dst_parent_type": "null",
                "src_parent": "{\n    io.lettuce.core.cluster.ClusterNodeEndpoint.logger.debug(\"{} close()\", logPrefix());\n    if ((clusterChannelWriter) !\u003d null) {\n        retriggerCommands(doExclusive(this::drainCommands));\n    }\n    super.close();\n}",
                "dst_parent": "null"
              },
              "line": 72,
              "file": "/home/khesoem/projects/lighter/exp/src/main/java/io/lettuce/core/cluster/ClusterNodeEndpoint.java"
            }
          ]
        }
      ]
    }
  ],
  "complete_analysis": true
}