{
  "instances": [
    {
      "revision": "cda9d59ac7ca3d233c7b9224ae82a55329fdd6f4",
      "repairability": [
        {
          "tool-name": "JGenProg",
          "pattern-name": "JGenProg:any_statement_shallow",
          "Unified_Diff_of-files:": "Starts Below...",
          "DELETE:": "        tracedEndpoint \u003d clientResources.tracing().createEndpoint(ctx.channel().remoteAddress());",
          "INSERT:": "",
          "CHANGE_old:": "            span.remoteEndpoint(tracedEndpoint).start(command);",
          "CHANGE_new:": "            span.name(command.getType().name());",
          "instance_detail": [
            {
              "pattern_action": "ANY",
              "pattern_entity": {
                "entity_type": "*",
                "entity_new value": "*",
                "entity_role": "Statement",
                "entity_parent": "null"
              },
              "concrete_change": {
                "operator": "INS",
                "src_type": "Invocation",
                "dst_type": "null",
                "src": "span.remoteEndpoint(tracedEndpoint)",
                "dst": "null",
                "src_parent_type": "Block",
                "dst_parent_type": "null",
                "src_parent": "{\n    io.lettuce.core.protocol.TracedCommand\u003c?, ?, ?\u003e traced \u003d io.lettuce.core.protocol.CommandWrapper.unwrap(command, io.lettuce.core.protocol.TracedCommand.class);\n    io.lettuce.core.tracing.TraceContextProvider provider \u003d (traced \u003d\u003d null) ? clientResources.tracing().initialTraceContextProvider() : traced;\n    io.lettuce.core.tracing.Tracer tracer \u003d clientResources.tracing().getTracerProvider().getTracer();\n    io.lettuce.core.tracing.TraceContext context \u003d provider.getTraceContext();\n    io.lettuce.core.tracing.Tracer.Span span \u003d tracer.nextSpan(context);\n    span.name(command.getType().name());\n    if ((includeCommandArgsInSpanTags) \u0026\u0026 ((command.getArgs()) !\u003d null)) {\n        span.tag(\"redis.args\", command.getArgs().toCommandString());\n    }\n    if ((tracedEndpoint) !\u003d null) {\n        span.remoteEndpoint(tracedEndpoint);\n    }\n    span.remoteEndpoint(tracedEndpoint);\n    span.start(command);\n    if (traced !\u003d null) {\n        traced.setSpan(span);\n    }\n}",
                "dst_parent": "null"
              },
              "line": 436,
              "file": "/home/khesoem/projects/lighter/exp/src/main/java/io/lettuce/core/protocol/CommandHandler.java",
              "stats": {
                "number_of_src_entities": 22,
                "number_of_dst_entities": -1,
                "src_entity_types": "[io.lettuce.core.protocol.CommandHandler, Tracer.Span]",
                "dst_entity_types": "[]"
              }
            }
          ]
        }
      ]
    }
  ],
  "complete_analysis": true
}