{
  "instances": [
    {
      "revision": "4bb228a0840f2893e50e343f7e0932e4aea6805b",
      "repairability": [
        {
          "tool-name": "Cardumen",
          "pattern-name": "Cardumen:expression_replacement_by_del_ins",
          "Unified_Diff_of-files:": "Starts Below...",
          "CHANGE_old:": "            throw new IllegalArgumentException(\"The port must be greater than zero!\");",
          "CHANGE_new:": "            throw new IllegalArgumentException(\"The port value is illegal, the value is \" + port);",
          "DELETE:": "        this.healthy \u003d true;",
          "instance_detail": [
            {
              "pattern_action": "DEL",
              "pattern_entity": {
                "entity_type": "Expression",
                "entity_new value": "*",
                "entity_role": "*",
                "entity_parent": "null"
              },
              "concrete_change": {
                "operator": "DEL",
                "src_type": "Invocation",
                "dst_type": "null",
                "src": "(port.intValue())",
                "dst": "null",
                "src_parent_type": "BinaryOperator",
                "dst_parent_type": "null",
                "src_parent": "((port.intValue()) \u003c 1)",
                "dst_parent": "null"
              },
              "line": 82,
              "file": "/home/khesoem/projects/lighter/exp/dubbo-registry/dubbo-registry-api/src/main/java/org/apache/dubbo/registry/client/DefaultServiceInstance.java",
              "stats": {
                "number_of_src_entities": 9,
                "number_of_dst_entities": -1,
                "src_entity_types": "[java.lang.Integer]",
                "dst_entity_types": "[]"
              }
            },
            {
              "pattern_action": "INS",
              "pattern_entity": {
                "entity_type": "Expression",
                "entity_new value": "*",
                "entity_role": "*",
                "entity_parent": "null"
              },
              "concrete_change": {
                "operator": "INS",
                "src_type": "VariableRead",
                "dst_type": "null",
                "src": "port",
                "dst": "null",
                "src_parent_type": "BinaryOperator",
                "dst_parent_type": "null",
                "src_parent": "(port \u003c 1)",
                "dst_parent": "null"
              },
              "line": 82,
              "file": "/home/khesoem/projects/lighter/exp/dubbo-registry/dubbo-registry-api/src/main/java/org/apache/dubbo/registry/client/DefaultServiceInstance.java",
              "stats": {
                "number_of_src_entities": 4,
                "number_of_dst_entities": -1,
                "src_entity_types": "[java.lang.Integer]",
                "dst_entity_types": "[]"
              }
            }
          ]
        }
      ]
    }
  ],
  "complete_analysis": true
}