{
  "instances": [
    {
      "revision": "d9702fbcbb1a2e64cbc268f1ca2ae580421491bb",
      "repairability": [
        {
          "tool-name": "JGenProg",
          "pattern-name": "JGenProg:any_statement_shallow",
          "Unified_Diff_of-files:": "Starts Below...",
          "DELETE:": "    public void finish() {",
          "INSERT:": "        }",
          "CHANGE_old:": "                    return;",
          "CHANGE_new:": "                        continue OUTER;",
          "instance_detail": [
            {
              "pattern_action": "ANY",
              "pattern_entity": {
                "entity_type": "*",
                "entity_new value": "*",
                "entity_role": "Statement",
                "entity_parent": "null"
              },
              "concrete_change": {
                "operator": "INS",
                "src_type": "LocalVariable",
                "dst_type": "null",
                "src": "int index",
                "dst": "null",
                "src_parent_type": "Block",
                "dst_parent_type": "null",
                "src_parent": "{\n    reset();\n    int index;\n    int offset;\n    OUTER : for (int recordId \u003d 0; recordId \u003c (data.length); recordId++) {\n        int record \u003d data[recordId];\n        offset \u003d record \u003e\u003e (bitsForIndex);\n        index \u003d record \u0026 (indexMask);\n        for (int i \u003d com.milaboratory.core.alignment.kaligner2.OffsetPacksAccumulator.LAST_VALUE; i \u003c (slidingArray.length); i +\u003d com.milaboratory.core.alignment.kaligner2.OffsetPacksAccumulator.RECORD_SIZE)\n            if (inDelta(slidingArray[i], offset)) {\n                if (((recordId \u003c ((data.length) - 1)) \u0026\u0026 (((indexMask) \u0026 (record ^ (data[(recordId + 1)]))) \u003d\u003d 0)) \u0026\u0026 ((java.lang.Math.abs(((slidingArray[i]) - offset))) \u003e (java.lang.Math.abs(((slidingArray[i]) - ((data[(recordId + 1)]) \u003e\u003e (bitsForIndex)))))))\n                    continue OUTER;\n\n                if (((recordId \u003e 0) \u0026\u0026 (((indexMask) \u0026 (record ^ (data[(recordId - 1)]))) \u003d\u003d 0)) \u0026\u0026 ((java.lang.Math.abs(((slidingArray[i]) - offset))) \u003e (java.lang.Math.abs(((slidingArray[i]) - ((data[(recordId - 1)]) \u003e\u003e (bitsForIndex)))))))\n                    continue OUTER;\n\n                int j \u003d i - (com.milaboratory.core.alignment.kaligner2.OffsetPacksAccumulator.LAST_VALUE);\n                assert index \u003e (slidingArray[(j + (com.milaboratory.core.alignment.kaligner2.OffsetPacksAccumulator.LAST_INDEX))]);\n                int scoreDelta \u003d ((matchScore) + (((index - (slidingArray[(j + (com.milaboratory.core.alignment.kaligner2.OffsetPacksAccumulator.LAST_INDEX))])) - 1) * (mismatchScore))) + ((java.lang.Math.abs(((slidingArray[(j + (com.milaboratory.core.alignment.kaligner2.OffsetPacksAccumulator.LAST_VALUE))]) - offset))) * (shiftScore));\n                if (scoreDelta \u003e 0) {\n                    slidingArray[(j + (com.milaboratory.core.alignment.kaligner2.OffsetPacksAccumulator.LAST_INDEX))] \u003d index;\n                    slidingArray[(j + (com.milaboratory.core.alignment.kaligner2.OffsetPacksAccumulator.MIN_VALUE))] \u003d java.lang.Math.min(slidingArray[(j + (com.milaboratory.core.alignment.kaligner2.OffsetPacksAccumulator.MIN_VALUE))], offset);\n                    slidingArray[(j + (com.milaboratory.core.alignment.kaligner2.OffsetPacksAccumulator.MAX_VALUE))] \u003d java.lang.Math.max(slidingArray[(j + (com.milaboratory.core.alignment.kaligner2.OffsetPacksAccumulator.MAX_VALUE))], offset);\n                    slidingArray[(j + (com.milaboratory.core.alignment.kaligner2.OffsetPacksAccumulator.LAST_VALUE))] \u003d offset;\n                    slidingArray[(j + (com.milaboratory.core.alignment.kaligner2.OffsetPacksAccumulator.SCORE))] +\u003d scoreDelta;\n                    continue OUTER;\n                }\n            }\n\n        int minimalIndex \u003d -1;\n        int minimalValue \u003d java.lang.Integer.MAX_VALUE;\n        for (int i \u003d com.milaboratory.core.alignment.kaligner2.OffsetPacksAccumulator.LAST_INDEX; i \u003c (slidingArray.length); i +\u003d com.milaboratory.core.alignment.kaligner2.OffsetPacksAccumulator.RECORD_SIZE) {\n            if ((slidingArray[i]) \u003d\u003d (java.lang.Integer.MIN_VALUE)) {\n                minimalIndex \u003d i;\n                break;\n            } else\n                if ((slidingArray[i]) \u003c minimalValue) {\n                    minimalIndex \u003d i;\n                    minimalValue \u003d slidingArray[i];\n                }\n\n        }\n        minimalIndex -\u003d com.milaboratory.core.alignment.kaligner2.OffsetPacksAccumulator.LAST_INDEX;\n        assert minimalIndex \u003e\u003d 0;\n        finished(minimalIndex);\n        slidingArray[(minimalIndex + (com.milaboratory.core.alignment.kaligner2.OffsetPacksAccumulator.FIRST_INDEX))] \u003d index;\n        slidingArray[(minimalIndex + (com.milaboratory.core.alignment.kaligner2.OffsetPacksAccumulator.LAST_INDEX))] \u003d index;\n        slidingArray[(minimalIndex + (com.milaboratory.core.alignment.kaligner2.OffsetPacksAccumulator.MIN_VALUE))] \u003d offset;\n        slidingArray[(minimalIndex + (com.milaboratory.core.alignment.kaligner2.OffsetPacksAccumulator.MAX_VALUE))] \u003d offset;\n        slidingArray[(minimalIndex + (com.milaboratory.core.alignment.kaligner2.OffsetPacksAccumulator.LAST_VALUE))] \u003d offset;\n        slidingArray[(minimalIndex + (com.milaboratory.core.alignment.kaligner2.OffsetPacksAccumulator.SCORE))] \u003d matchScore;\n        while (((recordId \u003c ((data.length) - 1)) \u0026\u0026 (((indexMask) \u0026 (record ^ (data[(recordId + 1)]))) \u003d\u003d 0)) \u0026\u0026 (java.lang.Math.abs((-offset)))) {\n            recordId++;\n            record \u003d data[recordId];\n        } \n    }\n    for (int i \u003d 0; i \u003c (slidingArray.length); i +\u003d com.milaboratory.core.alignment.kaligner2.OffsetPacksAccumulator.RECORD_SIZE)\n        finished(i);\n\n}",
                "dst_parent": "null"
              },
              "line": 74,
              "file": "/home/khesoem/projects/lighter/exp/src/main/java/com/milaboratory/core/alignment/kaligner2/OffsetPacksAccumulator.java",
              "stats": {
                "number_of_src_entities": 2,
                "number_of_dst_entities": -1,
                "src_entity_types": "[int]",
                "dst_entity_types": "[]"
              }
            }
          ]
        },
        {
          "tool-name": "JGenProg",
          "pattern-name": "JGenProg:any_statement_shallow",
          "Unified_Diff_of-files:": "Starts Below...",
          "DELETE:": "    public void finish() {",
          "INSERT:": "        }",
          "CHANGE_old:": "                    return;",
          "CHANGE_new:": "                        continue OUTER;",
          "instance_detail": [
            {
              "pattern_action": "ANY",
              "pattern_entity": {
                "entity_type": "*",
                "entity_new value": "*",
                "entity_role": "Statement",
                "entity_parent": "null"
              },
              "concrete_change": {
                "operator": "INS",
                "src_type": "LocalVariable",
                "dst_type": "null",
                "src": "int offset",
                "dst": "null",
                "src_parent_type": "Block",
                "dst_parent_type": "null",
                "src_parent": "{\n    reset();\n    int index;\n    int offset;\n    OUTER : for (int recordId \u003d 0; recordId \u003c (data.length); recordId++) {\n        int record \u003d data[recordId];\n        offset \u003d record \u003e\u003e (bitsForIndex);\n        index \u003d record \u0026 (indexMask);\n        for (int i \u003d com.milaboratory.core.alignment.kaligner2.OffsetPacksAccumulator.LAST_VALUE; i \u003c (slidingArray.length); i +\u003d com.milaboratory.core.alignment.kaligner2.OffsetPacksAccumulator.RECORD_SIZE)\n            if (inDelta(slidingArray[i], offset)) {\n                if (((recordId \u003c ((data.length) - 1)) \u0026\u0026 (((indexMask) \u0026 (record ^ (data[(recordId + 1)]))) \u003d\u003d 0)) \u0026\u0026 ((java.lang.Math.abs(((slidingArray[i]) - offset))) \u003e (java.lang.Math.abs(((slidingArray[i]) - ((data[(recordId + 1)]) \u003e\u003e (bitsForIndex)))))))\n                    continue OUTER;\n\n                if (((recordId \u003e 0) \u0026\u0026 (((indexMask) \u0026 (record ^ (data[(recordId - 1)]))) \u003d\u003d 0)) \u0026\u0026 ((java.lang.Math.abs(((slidingArray[i]) - offset))) \u003e (java.lang.Math.abs(((slidingArray[i]) - ((data[(recordId - 1)]) \u003e\u003e (bitsForIndex)))))))\n                    continue OUTER;\n\n                int j \u003d i - (com.milaboratory.core.alignment.kaligner2.OffsetPacksAccumulator.LAST_VALUE);\n                assert index \u003e (slidingArray[(j + (com.milaboratory.core.alignment.kaligner2.OffsetPacksAccumulator.LAST_INDEX))]);\n                int scoreDelta \u003d ((matchScore) + (((index - (slidingArray[(j + (com.milaboratory.core.alignment.kaligner2.OffsetPacksAccumulator.LAST_INDEX))])) - 1) * (mismatchScore))) + ((java.lang.Math.abs(((slidingArray[(j + (com.milaboratory.core.alignment.kaligner2.OffsetPacksAccumulator.LAST_VALUE))]) - offset))) * (shiftScore));\n                if (scoreDelta \u003e 0) {\n                    slidingArray[(j + (com.milaboratory.core.alignment.kaligner2.OffsetPacksAccumulator.LAST_INDEX))] \u003d index;\n                    slidingArray[(j + (com.milaboratory.core.alignment.kaligner2.OffsetPacksAccumulator.MIN_VALUE))] \u003d java.lang.Math.min(slidingArray[(j + (com.milaboratory.core.alignment.kaligner2.OffsetPacksAccumulator.MIN_VALUE))], offset);\n                    slidingArray[(j + (com.milaboratory.core.alignment.kaligner2.OffsetPacksAccumulator.MAX_VALUE))] \u003d java.lang.Math.max(slidingArray[(j + (com.milaboratory.core.alignment.kaligner2.OffsetPacksAccumulator.MAX_VALUE))], offset);\n                    slidingArray[(j + (com.milaboratory.core.alignment.kaligner2.OffsetPacksAccumulator.LAST_VALUE))] \u003d offset;\n                    slidingArray[(j + (com.milaboratory.core.alignment.kaligner2.OffsetPacksAccumulator.SCORE))] +\u003d scoreDelta;\n                    continue OUTER;\n                }\n            }\n\n        int minimalIndex \u003d -1;\n        int minimalValue \u003d java.lang.Integer.MAX_VALUE;\n        for (int i \u003d com.milaboratory.core.alignment.kaligner2.OffsetPacksAccumulator.LAST_INDEX; i \u003c (slidingArray.length); i +\u003d com.milaboratory.core.alignment.kaligner2.OffsetPacksAccumulator.RECORD_SIZE) {\n            if ((slidingArray[i]) \u003d\u003d (java.lang.Integer.MIN_VALUE)) {\n                minimalIndex \u003d i;\n                break;\n            } else\n                if ((slidingArray[i]) \u003c minimalValue) {\n                    minimalIndex \u003d i;\n                    minimalValue \u003d slidingArray[i];\n                }\n\n        }\n        minimalIndex -\u003d com.milaboratory.core.alignment.kaligner2.OffsetPacksAccumulator.LAST_INDEX;\n        assert minimalIndex \u003e\u003d 0;\n        finished(minimalIndex);\n        slidingArray[(minimalIndex + (com.milaboratory.core.alignment.kaligner2.OffsetPacksAccumulator.FIRST_INDEX))] \u003d index;\n        slidingArray[(minimalIndex + (com.milaboratory.core.alignment.kaligner2.OffsetPacksAccumulator.LAST_INDEX))] \u003d index;\n        slidingArray[(minimalIndex + (com.milaboratory.core.alignment.kaligner2.OffsetPacksAccumulator.MIN_VALUE))] \u003d offset;\n        slidingArray[(minimalIndex + (com.milaboratory.core.alignment.kaligner2.OffsetPacksAccumulator.MAX_VALUE))] \u003d offset;\n        slidingArray[(minimalIndex + (com.milaboratory.core.alignment.kaligner2.OffsetPacksAccumulator.LAST_VALUE))] \u003d offset;\n        slidingArray[(minimalIndex + (com.milaboratory.core.alignment.kaligner2.OffsetPacksAccumulator.SCORE))] \u003d matchScore;\n        while (((recordId \u003c ((data.length) - 1)) \u0026\u0026 (((indexMask) \u0026 (record ^ (data[(recordId + 1)]))) \u003d\u003d 0)) \u0026\u0026 (java.lang.Math.abs((-offset)))) {\n            recordId++;\n            record \u003d data[recordId];\n        } \n    }\n    for (int i \u003d 0; i \u003c (slidingArray.length); i +\u003d com.milaboratory.core.alignment.kaligner2.OffsetPacksAccumulator.RECORD_SIZE)\n        finished(i);\n\n}",
                "dst_parent": "null"
              },
              "line": 74,
              "file": "/home/khesoem/projects/lighter/exp/src/main/java/com/milaboratory/core/alignment/kaligner2/OffsetPacksAccumulator.java",
              "stats": {
                "number_of_src_entities": 2,
                "number_of_dst_entities": -1,
                "src_entity_types": "[int]",
                "dst_entity_types": "[]"
              }
            }
          ]
        },
        {
          "tool-name": "JGenProg",
          "pattern-name": "JGenProg:any_statement_shallow",
          "Unified_Diff_of-files:": "Starts Below...",
          "DELETE:": "    public void finish() {",
          "INSERT:": "        }",
          "CHANGE_old:": "                    return;",
          "CHANGE_new:": "                        continue OUTER;",
          "instance_detail": [
            {
              "pattern_action": "ANY",
              "pattern_entity": {
                "entity_type": "*",
                "entity_new value": "*",
                "entity_role": "Statement",
                "entity_parent": "null"
              },
              "concrete_change": {
                "operator": "DEL",
                "src_type": "Return",
                "dst_type": "null",
                "src": "return",
                "dst": "null",
                "src_parent_type": "Block",
                "dst_parent_type": "null",
                "src_parent": "{\n    slidingArray[(j + (com.milaboratory.core.alignment.kaligner2.OffsetPacksAccumulator.LAST_INDEX))] \u003d index;\n    slidingArray[(j + (com.milaboratory.core.alignment.kaligner2.OffsetPacksAccumulator.MIN_VALUE))] \u003d java.lang.Math.min(slidingArray[(j + (com.milaboratory.core.alignment.kaligner2.OffsetPacksAccumulator.MIN_VALUE))], offset);\n    slidingArray[(j + (com.milaboratory.core.alignment.kaligner2.OffsetPacksAccumulator.MAX_VALUE))] \u003d java.lang.Math.max(slidingArray[(j + (com.milaboratory.core.alignment.kaligner2.OffsetPacksAccumulator.MAX_VALUE))], offset);\n    slidingArray[(j + (com.milaboratory.core.alignment.kaligner2.OffsetPacksAccumulator.LAST_VALUE))] \u003d offset;\n    slidingArray[(j + (com.milaboratory.core.alignment.kaligner2.OffsetPacksAccumulator.SCORE))] +\u003d scoreDelta;\n    return;\n}",
                "dst_parent": "null"
              },
              "line": 86,
              "file": "/home/khesoem/projects/lighter/exp/src/main/java/com/milaboratory/core/alignment/kaligner2/OffsetPacksAccumulator.java",
              "stats": {
                "number_of_src_entities": 1,
                "number_of_dst_entities": -1,
                "src_entity_types": "[]",
                "dst_entity_types": "[]"
              }
            }
          ]
        },
        {
          "tool-name": "JGenProg",
          "pattern-name": "JGenProg:any_statement_deep",
          "Unified_Diff_of-files:": "Starts Below...",
          "DELETE:": "    public void finish() {",
          "INSERT:": "        }",
          "CHANGE_old:": "                    return;",
          "CHANGE_new:": "                        continue OUTER;",
          "instance_detail": [
            {
              "pattern_action": "ANY",
              "pattern_entity": {
                "entity_type": "*",
                "entity_new value": "*",
                "entity_role": "*",
                "entity_parent": {
                  "entity_type": "*",
                  "entity_new value": "*",
                  "entity_role": "Statement",
                  "entity_parent": "null"
                }
              },
              "concrete_change": {
                "operator": "INS",
                "src_type": "VariableRead",
                "dst_type": "null",
                "src": "i",
                "dst": "null",
                "src_parent_type": "Invocation",
                "dst_parent_type": "null",
                "src_parent": "finished(i)",
                "dst_parent": "null"
              },
              "line": 161,
              "file": "/home/khesoem/projects/lighter/exp/src/main/java/com/milaboratory/core/alignment/kaligner2/OffsetPacksAccumulator.java",
              "stats": {
                "number_of_src_entities": 3,
                "number_of_dst_entities": -1,
                "src_entity_types": "[int]",
                "dst_entity_types": "[]"
              }
            }
          ]
        }
      ]
    }
  ],
  "complete_analysis": true
}