{
  "instances": [
    {
      "revision": "84aa8e566bbb39a4561d933b135e5c1c5dcab74c",
      "repairability": [
        {
          "tool-name": "JGenProg",
          "pattern-name": "JGenProg:any_statement_deep",
          "Unified_Diff_of-files:": "Starts Below...",
          "CHANGE_old:": "    static \u0026lt;T, E\u0026gt; SortingProperty\u0026lt;T\u0026gt; wrapped(SortingProperty\u0026lt;E\u0026gt; elementProperty, Function\u0026lt;T, E\u0026gt; extractor) {",
          "CHANGE_new:": "    static \u0026lt;T, E\u0026gt; SortingProperty\u0026lt;T\u0026gt; wrapped(SortingProperty\u0026lt;? super E\u0026gt; elementProperty, Function\u0026lt;T, E\u0026gt; extractor) {",
          "instance_detail": [
            {
              "pattern_action": "ANY",
              "pattern_entity": {
                "entity_type": "*",
                "entity_new value": "*",
                "entity_role": "*",
                "entity_parent": {
                  "entity_type": "*",
                  "entity_new value": "*",
                  "entity_role": "Statement",
                  "entity_parent": "null"
                }
              },
              "concrete_change": {
                "operator": "UPD",
                "src_type": "Lambda",
                "dst_type": "Lambda",
                "src": "( p) -\u003e com.milaboratory.util.sorting.SortingUtil.wrapped(p, extractor)",
                "dst": "( p) -\u003e com.milaboratory.util.sorting.SortingUtil.wrapped(p, extractor)",
                "src_parent_type": "Invocation",
                "dst_parent_type": "Invocation",
                "src_parent": "trackChanges.stream().map(( p) -\u003e com.milaboratory.util.sorting.SortingUtil.wrapped(p, extractor))",
                "dst_parent": "trackChanges.stream().map(( p) -\u003e com.milaboratory.util.sorting.SortingUtil.wrapped(p, extractor))"
              },
              "line": 57,
              "file": "/home/khesoem/projects/lighter/exp/src/main/java/com/milaboratory/util/sorting/MergeStrategy.java",
              "stats": {
                "number_of_src_entities": 13,
                "number_of_dst_entities": 49,
                "src_entity_types": "[com.milaboratory.util.sorting.SortingUtil]",
                "dst_entity_types": "[java.util.function.Function\u003c? super ? extends com.milaboratory.util.sorting.SortingProperty\u003c? super T\u003e, ? extends java.lang.Object\u003e, java.util.function.Function\u003cU, T\u003e, com.milaboratory.util.sorting.SortingUtil, java.lang.Object, com.milaboratory.util.sorting.SortingProperty\u003c? super T\u003e]"
              }
            }
          ]
        },
        {
          "tool-name": "JGenProg",
          "pattern-name": "JGenProg:any_statement_deep",
          "Unified_Diff_of-files:": "Starts Below...",
          "CHANGE_old:": "    static \u0026lt;T, E\u0026gt; SortingProperty\u0026lt;T\u0026gt; wrapped(SortingProperty\u0026lt;E\u0026gt; elementProperty, Function\u0026lt;T, E\u0026gt; extractor) {",
          "CHANGE_new:": "    static \u0026lt;T, E\u0026gt; SortingProperty\u0026lt;T\u0026gt; wrapped(SortingProperty\u0026lt;? super E\u0026gt; elementProperty, Function\u0026lt;T, E\u0026gt; extractor) {",
          "instance_detail": [
            {
              "pattern_action": "ANY",
              "pattern_entity": {
                "entity_type": "*",
                "entity_new value": "*",
                "entity_role": "*",
                "entity_parent": {
                  "entity_type": "*",
                  "entity_new value": "*",
                  "entity_role": "Statement",
                  "entity_parent": "null"
                }
              },
              "concrete_change": {
                "operator": "UPD",
                "src_type": "Lambda",
                "dst_type": "Lambda",
                "src": "( p) -\u003e com.milaboratory.util.sorting.SortingUtil.wrapped(p, extractor)",
                "dst": "( p) -\u003e com.milaboratory.util.sorting.SortingUtil.wrapped(p, extractor)",
                "src_parent_type": "Invocation",
                "dst_parent_type": "Invocation",
                "src_parent": "postGrouping.stream().map(( p) -\u003e com.milaboratory.util.sorting.SortingUtil.wrapped(p, extractor))",
                "dst_parent": "postGrouping.stream().map(( p) -\u003e com.milaboratory.util.sorting.SortingUtil.wrapped(p, extractor))"
              },
              "line": 60,
              "file": "/home/khesoem/projects/lighter/exp/src/main/java/com/milaboratory/util/sorting/MergeStrategy.java",
              "stats": {
                "number_of_src_entities": 13,
                "number_of_dst_entities": 49,
                "src_entity_types": "[com.milaboratory.util.sorting.SortingUtil]",
                "dst_entity_types": "[java.util.function.Function\u003c? super ? extends com.milaboratory.util.sorting.SortingProperty\u003c? super T\u003e, ? extends java.lang.Object\u003e, java.util.function.Function\u003cU, T\u003e, com.milaboratory.util.sorting.SortingUtil, java.lang.Object, com.milaboratory.util.sorting.SortingProperty\u003c? super T\u003e]"
              }
            }
          ]
        }
      ]
    }
  ],
  "complete_analysis": true
}