{
  "instances": [
    {
      "revision": "84414ff7ac0b82dc85a5275b86a9f205b2cae2a0",
      "repairability": [
        {
          "tool-name": "Nopol",
          "pattern-name": "Nopol:if_condition_upd_deep",
          "Unified_Diff_of-files:": "Starts Below...",
          "CHANGE_old:": "        if (removeCategories !\u003d null) {",
          "CHANGE_new:": "        if (addCategories !\u003d null) {",
          "instance_detail": [
            {
              "pattern_action": "ANY",
              "pattern_entity": {
                "entity_type": "*",
                "entity_new value": "*",
                "entity_role": "*",
                "entity_parent": {
                  "entity_type": "*",
                  "entity_new value": "*",
                  "entity_role": "condition",
                  "entity_parent": {
                    "entity_type": "If",
                    "entity_new value": "*",
                    "entity_role": "*",
                    "entity_parent": "null"
                  }
                }
              },
              "concrete_change": {
                "operator": "UPD",
                "src_type": "FieldRead",
                "dst_type": "FieldRead",
                "src": "(removeCategories)",
                "dst": "(addCategories)",
                "src_parent_type": "BinaryOperator",
                "dst_parent_type": "BinaryOperator",
                "src_parent": "(removeCategories) !\u003d null",
                "dst_parent": "(addCategories) !\u003d null"
              },
              "line": 654,
              "file": "/home/khesoem/projects/lighter/exp/src/main/java/io/lettuce/core/AclSetuserArgs.java",
              "stats": {
                "number_of_src_entities": 14,
                "number_of_dst_entities": 14,
                "src_entity_types": "[io.lettuce.core.AclSetuserArgs]",
                "dst_entity_types": "[io.lettuce.core.AclSetuserArgs]"
              }
            }
          ]
        }
      ]
    }
  ],
  "complete_analysis": true
}