{
  "instances": [
    {
      "revision": "03122e85b4501dd356122a776df8130d4c843384",
      "repairability": [
        {
          "tool-name": "Cardumen",
          "pattern-name": "Cardumen:expression_replacement_by_upd",
          "Unified_Diff_of-files:": "Starts Below...",
          "CHANGE_old:": "               checkException(nse);",
          "CHANGE_new:": "               break;",
          "INSERT:": "",
          "instance_detail": [
            {
              "pattern_action": "UPD",
              "pattern_entity": {
                "entity_type": "Expression",
                "entity_new value": "*",
                "entity_role": "*",
                "entity_parent": "null"
              },
              "concrete_change": {
                "operator": "UPD",
                "src_type": "VariableRead",
                "dst_type": "VariableRead",
                "src": "sqle",
                "dst": "nse",
                "src_parent_type": "Invocation",
                "dst_parent_type": "Invocation",
                "src_parent": "sqle.getSQLState()",
                "dst_parent": "nse.getSQLState()"
              },
              "line": 151,
              "file": "/home/khesoem/projects/lighter/exp/src/main/java/com/zaxxer/hikari/pool/ProxyConnection.java",
              "stats": {
                "number_of_src_entities": 4,
                "number_of_dst_entities": 4,
                "src_entity_types": "[java.sql.SQLException]",
                "dst_entity_types": "[java.sql.SQLException]"
              }
            }
          ]
        }
      ]
    }
  ],
  "complete_analysis": true
}