{
  "instances": [
    {
      "revision": "5f3c97702facbdd09e91632324d26e952b4cc62c",
      "repairability": [
        {
          "tool-name": "Cardumen",
          "pattern-name": "Cardumen:expression_replacement_by_upd",
          "Unified_Diff_of-files:": "Starts Below...",
          "CHANGE_old:": "            setProperty(target, key, properties.getProperty(key), methods);",
          "CHANGE_new:": "            setProperty(target, key.toString(), value, methods);",
          "instance_detail": [
            {
              "pattern_action": "UPD",
              "pattern_entity": {
                "entity_type": "Expression",
                "entity_new value": "*",
                "entity_role": "*",
                "entity_parent": "null"
              },
              "concrete_change": {
                "operator": "UPD",
                "src_type": "VariableRead",
                "dst_type": "VariableRead",
                "src": "properties",
                "dst": "value",
                "src_parent_type": "Invocation",
                "dst_parent_type": "Invocation",
                "src_parent": "properties.getProperty(key)",
                "dst_parent": "((com.zaxxer.hikari.HikariConfig) (target)).addDataSourceProperty(key.toString().substring(\"dataSource.\".length()), value)"
              },
              "line": 54,
              "file": "/home/khesoem/projects/lighter/exp/src/main/java/com/zaxxer/hikari/util/PropertyElf.java",
              "stats": {
                "number_of_src_entities": 4,
                "number_of_dst_entities": 4,
                "src_entity_types": "[java.util.Properties]",
                "dst_entity_types": "[java.lang.Object]"
              }
            }
          ]
        },
        {
          "tool-name": "Cardumen",
          "pattern-name": "Cardumen:expression_replacement_by_upd",
          "Unified_Diff_of-files:": "Starts Below...",
          "CHANGE_old:": "            setProperty(target, key, properties.getProperty(key), methods);",
          "CHANGE_new:": "            setProperty(target, key.toString(), value, methods);",
          "instance_detail": [
            {
              "pattern_action": "UPD",
              "pattern_entity": {
                "entity_type": "Expression",
                "entity_new value": "*",
                "entity_role": "*",
                "entity_parent": "null"
              },
              "concrete_change": {
                "operator": "UPD",
                "src_type": "VariableRead",
                "dst_type": "VariableRead",
                "src": "properties",
                "dst": "value",
                "src_parent_type": "Invocation",
                "dst_parent_type": "Invocation",
                "src_parent": "properties.getProperty(key)",
                "dst_parent": "com.zaxxer.hikari.util.PropertyElf.setProperty(target, key.toString(), value, methods)"
              },
              "line": 57,
              "file": "/home/khesoem/projects/lighter/exp/src/main/java/com/zaxxer/hikari/util/PropertyElf.java",
              "stats": {
                "number_of_src_entities": 4,
                "number_of_dst_entities": 4,
                "src_entity_types": "[java.util.Properties]",
                "dst_entity_types": "[java.lang.Object]"
              }
            }
          ]
        },
        {
          "tool-name": "Cardumen",
          "pattern-name": "Cardumen:expression_replacement_by_del_ins",
          "Unified_Diff_of-files:": "Starts Below...",
          "CHANGE_old:": "            setProperty(target, key, properties.getProperty(key), methods);",
          "CHANGE_new:": "            setProperty(target, key.toString(), value, methods);",
          "instance_detail": [
            {
              "pattern_action": "DEL",
              "pattern_entity": {
                "entity_type": "Expression",
                "entity_new value": "*",
                "entity_role": "*",
                "entity_parent": "null"
              },
              "concrete_change": {
                "operator": "DEL",
                "src_type": "Invocation",
                "dst_type": "null",
                "src": "properties.getProperty(key)",
                "dst": "null",
                "src_parent_type": "Invocation",
                "dst_parent_type": "null",
                "src_parent": "com.zaxxer.hikari.util.PropertyElf.setProperty(target, key, properties.getProperty(key), methods)",
                "dst_parent": "null"
              },
              "line": 57,
              "file": "/home/khesoem/projects/lighter/exp/src/main/java/com/zaxxer/hikari/util/PropertyElf.java",
              "stats": {
                "number_of_src_entities": 16,
                "number_of_dst_entities": -1,
                "src_entity_types": "[java.lang.String, java.util.Properties]",
                "dst_entity_types": "[]"
              }
            },
            {
              "pattern_action": "INS",
              "pattern_entity": {
                "entity_type": "Expression",
                "entity_new value": "*",
                "entity_role": "*",
                "entity_parent": "null"
              },
              "concrete_change": {
                "operator": "INS",
                "src_type": "Invocation",
                "dst_type": "null",
                "src": "key.toString()",
                "dst": "null",
                "src_parent_type": "Invocation",
                "dst_parent_type": "null",
                "src_parent": "com.zaxxer.hikari.util.PropertyElf.setProperty(target, key.toString(), value, methods)",
                "dst_parent": "null"
              },
              "line": 57,
              "file": "/home/khesoem/projects/lighter/exp/src/main/java/com/zaxxer/hikari/util/PropertyElf.java",
              "stats": {
                "number_of_src_entities": 10,
                "number_of_dst_entities": -1,
                "src_entity_types": "[java.lang.Object]",
                "dst_entity_types": "[]"
              }
            }
          ]
        }
      ]
    }
  ],
  "complete_analysis": true
}