{
  "instances": [
    {
      "revision": "4e2640c05d3fbeb575c570158650bcbbc88aab7a",
      "repairability": [
        {
          "tool-name": "Arja",
          "pattern-name": "Arja:arja_shallow_change",
          "Unified_Diff_of-files:": "Starts Below...",
          "CHANGE_old:": "",
          "CHANGE_new:": "          ServiceUnavailableException {",
          "instance_detail": [
            {
              "pattern_action": "ANY",
              "pattern_entity": {
                "entity_type": "Statement",
                "entity_new value": "*",
                "entity_role": "*",
                "entity_parent": "null"
              },
              "concrete_change": {
                "operator": "DEL",
                "src_type": "LocalVariable",
                "dst_type": "null",
                "src": "final java.lang.String response",
                "dst": "null",
                "src_parent_type": "Block",
                "dst_parent_type": "null",
                "src_parent": "{\n    final com.google.common.util.concurrent.SettableFuture\u003cjava.lang.String\u003e removeFromMyTracksFuture \u003d com.google.common.util.concurrent.SettableFuture.create();\n    final java.lang.String response;\n    try {\n        response \u003d deleteJson();\n        removeFromMyTracksFuture.set(response);\n    } catch (java.io.IOException | com.wrapper.spotify.exceptions.WebApiException e) {\n        removeFromMyTracksFuture.setException(e);\n    }\n    return removeFromMyTracksFuture;\n}",
                "dst_parent": "null"
              },
              "line": 19,
              "file": "/home/khesoem/projects/lighter/exp/src/main/java/com/wrapper/spotify/methods/RemoveFromMySavedTracksRequest.java",
              "stats": {
                "number_of_src_entities": 3,
                "number_of_dst_entities": -1,
                "src_entity_types": "[java.lang.String]",
                "dst_entity_types": "[]"
              }
            }
          ]
        },
        {
          "tool-name": "Arja",
          "pattern-name": "Arja:arja_shallow_change",
          "Unified_Diff_of-files:": "Starts Below...",
          "CHANGE_old:": "",
          "CHANGE_new:": "          ServiceUnavailableException {",
          "instance_detail": [
            {
              "pattern_action": "ANY",
              "pattern_entity": {
                "entity_type": "Statement",
                "entity_new value": "*",
                "entity_role": "*",
                "entity_parent": "null"
              },
              "concrete_change": {
                "operator": "DEL",
                "src_type": "Assignment",
                "dst_type": "null",
                "src": "response \u003d deleteJson()",
                "dst": "null",
                "src_parent_type": "Block",
                "dst_parent_type": "null",
                "src_parent": "{\n    response \u003d deleteJson();\n    removeFromMyTracksFuture.set(response);\n}",
                "dst_parent": "null"
              },
              "line": 21,
              "file": "/home/khesoem/projects/lighter/exp/src/main/java/com/wrapper/spotify/methods/RemoveFromMySavedTracksRequest.java",
              "stats": {
                "number_of_src_entities": 17,
                "number_of_dst_entities": -1,
                "src_entity_types": "[java.lang.String, com.wrapper.spotify.methods.RemoveFromMySavedTracksRequest]",
                "dst_entity_types": "[]"
              }
            }
          ]
        }
      ]
    }
  ],
  "complete_analysis": true
}