{
  "instances": [
    {
      "revision": "225c92cded23e2be8c28dfb389d0f39d01ce412e",
      "repairability": [
        {
          "tool-name": "Elixir",
          "pattern-name": "Elixir:update_type_ref",
          "Unified_Diff_of-files:": "Starts Below...",
          "DELETE:": "    /**",
          "instance_detail": [
            {
              "pattern_action": "UPD",
              "pattern_entity": {
                "entity_type": "TypeReference",
                "entity_new value": "*",
                "entity_role": "*",
                "entity_parent": "null"
              },
              "concrete_change": {
                "operator": "UPD",
                "src_type": "ArrayTypeReference",
                "dst_type": "TypeReference",
                "src": "org.la4j.matrix.Matrix[]",
                "dst": "org.la4j.decomposition.MatrixDecompositor",
                "src_parent_type": "LocalVariable",
                "dst_parent_type": "LocalVariable",
                "src_parent": "org.la4j.matrix.Matrix[] qrr \u003d a.decompose(Matrices.RAW_QR_DECOMPOSITOR)",
                "dst_parent": "org.la4j.decomposition.MatrixDecompositor decompositor \u003d a.withDecompositor(LinearAlgebra.RAW_QR)"
              },
              "line": 56,
              "file": "/home/khesoem/projects/lighter/exp/src/main/java/org/la4j/linear/QRSolver.java",
              "stats": {
                "number_of_src_entities": 3,
                "number_of_dst_entities": 2,
                "src_entity_types": "[org.la4j.matrix.Matrix]",
                "dst_entity_types": "[org.la4j.decomposition.MatrixDecompositor]"
              }
            }
          ]
        },
        {
          "tool-name": "Elixir",
          "pattern-name": "Elixir:update_invocation_deep",
          "Unified_Diff_of-files:": "Starts Below...",
          "DELETE:": "    /**",
          "instance_detail": [
            {
              "pattern_action": "ANY",
              "pattern_entity": {
                "entity_type": "*",
                "entity_new value": "*",
                "entity_role": "*",
                "entity_parent": {
                  "entity_type": "AbstractInvocation",
                  "entity_new value": "*",
                  "entity_role": "*",
                  "entity_parent": "null"
                }
              },
              "concrete_change": {
                "operator": "UPD",
                "src_type": "TypeAccess",
                "dst_type": "TypeAccess",
                "src": "org.la4j.linear.QRSolver",
                "dst": "org.la4j.linear.LeastSquaresSolver",
                "src_parent_type": "ThisAccess",
                "dst_parent_type": "ThisAccess",
                "src_parent": "",
                "dst_parent": ""
              },
              "stats": {
                "number_of_src_entities": 3,
                "number_of_dst_entities": 3,
                "src_entity_types": "[org.la4j.linear.QRSolver]",
                "dst_entity_types": "[org.la4j.linear.LeastSquaresSolver]"
              }
            }
          ]
        }
      ]
    },
    {
      "revision": "225c92cded23e2be8c28dfb389d0f39d01ce412e",
      "repairability": [
        {
          "tool-name": "Elixir",
          "pattern-name": "Elixir:update_invocation_deep",
          "Unified_Diff_of-files:": "Starts Below...",
          "DELETE:": "    /**",
          "instance_detail": [
            {
              "pattern_action": "ANY",
              "pattern_entity": {
                "entity_type": "*",
                "entity_new value": "*",
                "entity_role": "*",
                "entity_parent": {
                  "entity_type": "AbstractInvocation",
                  "entity_new value": "*",
                  "entity_role": "*",
                  "entity_parent": "null"
                }
              },
              "concrete_change": {
                "operator": "UPD",
                "src_type": "TypeAccess",
                "dst_type": "TypeAccess",
                "src": "org.la4j.inversion.GaussianInverter",
                "dst": "org.la4j.inversion.GaussJordanInverter",
                "src_parent_type": "ThisAccess",
                "dst_parent_type": "ThisAccess",
                "src_parent": "",
                "dst_parent": ""
              },
              "stats": {
                "number_of_src_entities": 3,
                "number_of_dst_entities": 3,
                "src_entity_types": "[org.la4j.inversion.GaussianInverter]",
                "dst_entity_types": "[org.la4j.inversion.GaussJordanInverter]"
              }
            }
          ]
        },
        {
          "tool-name": "Elixir",
          "pattern-name": "Elixir:update_return_deep",
          "Unified_Diff_of-files:": "Starts Below...",
          "DELETE:": "    /**",
          "instance_detail": [
            {
              "pattern_action": "ANY",
              "pattern_entity": {
                "entity_type": "*",
                "entity_new value": "*",
                "entity_role": "*",
                "entity_parent": {
                  "entity_type": "Return",
                  "entity_new value": "*",
                  "entity_role": "*",
                  "entity_parent": "null"
                }
              },
              "concrete_change": {
                "operator": "UPD",
                "src_type": "TypeAccess",
                "dst_type": "TypeAccess",
                "src": "org.la4j.inversion.GaussianInverter",
                "dst": "org.la4j.inversion.GaussJordanInverter",
                "src_parent_type": "ThisAccess",
                "dst_parent_type": "ThisAccess",
                "src_parent": "",
                "dst_parent": ""
              },
              "stats": {
                "number_of_src_entities": 3,
                "number_of_dst_entities": 3,
                "src_entity_types": "[org.la4j.inversion.GaussianInverter]",
                "dst_entity_types": "[org.la4j.inversion.GaussJordanInverter]"
              }
            }
          ]
        }
      ]
    },
    {
      "revision": "225c92cded23e2be8c28dfb389d0f39d01ce412e",
      "repairability": [
        {
          "tool-name": "Elixir",
          "pattern-name": "Elixir:update_invocation_deep",
          "Unified_Diff_of-files:": "Starts Below...",
          "DELETE:": "    /**",
          "instance_detail": [
            {
              "pattern_action": "ANY",
              "pattern_entity": {
                "entity_type": "*",
                "entity_new value": "*",
                "entity_role": "*",
                "entity_parent": {
                  "entity_type": "AbstractInvocation",
                  "entity_new value": "*",
                  "entity_role": "*",
                  "entity_parent": "null"
                }
              },
              "concrete_change": {
                "operator": "INS",
                "src_type": "Field",
                "dst_type": "null",
                "src": "public static final int L \u003d 0;",
                "dst": "null",
                "src_parent_type": "Class",
                "dst_parent_type": "null",
                "src_parent": "{\n    public static final int L \u003d 0;\n\n    public static final int U \u003d 1;\n\n    public static final int P \u003d 2;\n\n    @java.lang.Override\n    public org.la4j.decomposition.MatrixDecompositor create(org.la4j.matrix.Matrix matrix) {\n        return new org.la4j.decomposition.LUDecompositor(matrix);\n    }\n}",
                "dst_parent": "null"
              },
              "line": 244,
              "file": "/home/khesoem/projects/lighter/exp/src/main/java/org/la4j/LinearAlgebra.java",
              "stats": {
                "number_of_src_entities": 4,
                "number_of_dst_entities": -1,
                "src_entity_types": "[int]",
                "dst_entity_types": "[]"
              }
            }
          ]
        }
      ]
    },
    {
      "revision": "225c92cded23e2be8c28dfb389d0f39d01ce412e",
      "repairability": [
        {
          "tool-name": "Elixir",
          "pattern-name": "Elixir:Insert_Invocation",
          "Unified_Diff_of-files:": "Starts Below...",
          "DELETE:": "    /**",
          "instance_detail": [
            {
              "pattern_action": "INS",
              "pattern_entity": {
                "entity_type": "AbstractInvocation",
                "entity_new value": "*",
                "entity_role": "*",
                "entity_parent": "null"
              },
              "concrete_change": {
                "operator": "INS",
                "src_type": "Invocation",
                "dst_type": "null",
                "src": "fail(\"This system can not be solved by LUSolver: rows !\u003d columns.\")",
                "dst": "null",
                "src_parent_type": "Block",
                "dst_parent_type": "null",
                "src_parent": "{\n    fail(\"This system can not be solved by LUSolver: rows !\u003d columns.\");\n}",
                "dst_parent": "null"
              },
              "line": 49,
              "file": "/home/khesoem/projects/lighter/exp/src/main/java/org/la4j/linear/ForwardBackSubstitutionSolver.java",
              "stats": {
                "number_of_src_entities": 13,
                "number_of_dst_entities": -1,
                "src_entity_types": "[java.lang.String, org.la4j.linear.ForwardBackSubstitutionSolver]",
                "dst_entity_types": "[]"
              }
            }
          ]
        },
        {
          "tool-name": "Elixir",
          "pattern-name": "Elixir:update_invocation_deep",
          "Unified_Diff_of-files:": "Starts Below...",
          "DELETE:": "    /**",
          "instance_detail": [
            {
              "pattern_action": "ANY",
              "pattern_entity": {
                "entity_type": "*",
                "entity_new value": "*",
                "entity_role": "*",
                "entity_parent": {
                  "entity_type": "AbstractInvocation",
                  "entity_new value": "*",
                  "entity_role": "*",
                  "entity_parent": "null"
                }
              },
              "concrete_change": {
                "operator": "UPD",
                "src_type": "TypeAccess",
                "dst_type": "TypeAccess",
                "src": "org.la4j.linear.LUSolver",
                "dst": "org.la4j.linear.ForwardBackSubstitutionSolver",
                "src_parent_type": "ThisAccess",
                "dst_parent_type": "ThisAccess",
                "src_parent": "",
                "dst_parent": ""
              },
              "stats": {
                "number_of_src_entities": 3,
                "number_of_dst_entities": 3,
                "src_entity_types": "[org.la4j.linear.LUSolver]",
                "dst_entity_types": "[org.la4j.linear.ForwardBackSubstitutionSolver]"
              }
            }
          ]
        }
      ]
    }
  ],
  "complete_analysis": true
}