{
  "instances": [
    {
      "revision": "8049b3f9bf47412d5a1ee37d378a967e9b7494cf",
      "repairability": [
        {
          "tool-name": "Elixir",
          "pattern-name": "Elixir:Insert_Invocation",
          "Unified_Diff_of-files:": "Starts Below...",
          "INSERT:": "",
          "instance_detail": [
            {
              "pattern_action": "INS",
              "pattern_entity": {
                "entity_type": "AbstractInvocation",
                "entity_new value": "*",
                "entity_role": "*",
                "entity_parent": "null"
              },
              "concrete_change": {
                "operator": "INS",
                "src_type": "Invocation",
                "dst_type": "null",
                "src": "ensureFactoryIsNotNull(factory)",
                "dst": "null",
                "src_parent_type": "Block",
                "dst_parent_type": "null",
                "src_parent": "{\n    ensureFactoryIsNotNull(factory);\n    org.la4j.matrix.Matrix result \u003d blank(factory);\n    for (int i \u003d 0; i \u003c (rows); i++) {\n        for (int j \u003d 0; j \u003c (columns); j++) {\n            result.unsafe_set(i, j, function.evaluate(i, j, unsafe_get(i, j)));\n        }\n    }\n    return result;\n}",
                "dst_parent": "null"
              },
              "line": 652,
              "file": "/home/khesoem/projects/lighter/exp/src/main/java/org/la4j/matrix/AbstractMatrix.java",
              "stats": {
                "number_of_src_entities": 17,
                "number_of_dst_entities": -1,
                "src_entity_types": "[org.la4j.matrix.AbstractMatrix, org.la4j.factory.Factory]",
                "dst_entity_types": "[]"
              }
            }
          ]
        }
      ]
    }
  ],
  "complete_analysis": true
}