{
  "instances": [
    {
      "revision": "21f0842fae57a0a75edbef7bbfe9320e7b9841c2",
      "repairability": [
        {
          "tool-name": "Elixir",
          "pattern-name": "Elixir:check_length",
          "Unified_Diff_of-files:": "Starts Below...",
          "INSERT:": "",
          "instance_detail": [
            {
              "pattern_action": "INS",
              "pattern_entity": {
                "entity_type": "If",
                "entity_new value": "*",
                "entity_role": "*",
                "entity_parent": "null"
              },
              "concrete_change": {
                "operator": "INS",
                "src_type": "If",
                "dst_type": "null",
                "src": "if (toReleaseId \u003e (-1)) {\n    releaseService.rollbackTo(com.ctrip.framework.apollo.portal.environment.Env.valueOf(env), releaseId, toReleaseId, userInfoHolder.getUser().getUserId());\n} else {\n    releaseService.rollback(com.ctrip.framework.apollo.portal.environment.Env.valueOf(env), releaseId, userInfoHolder.getUser().getUserId());\n}",
                "dst": "null",
                "src_parent_type": "Block",
                "dst_parent_type": "null",
                "src_parent": "{\n    com.ctrip.framework.apollo.common.dto.ReleaseDTO release \u003d releaseService.findReleaseById(com.ctrip.framework.apollo.portal.environment.Env.valueOf(env), releaseId);\n    if (release \u003d\u003d null) {\n        throw new com.ctrip.framework.apollo.common.exception.NotFoundException(\"release not found\");\n    }\n    if (!(permissionValidator.hasReleaseNamespacePermission(release.getAppId(), release.getNamespaceName(), env))) {\n        throw new org.springframework.security.access.AccessDeniedException(\"Access is denied\");\n    }\n    if (toReleaseId \u003e (-1)) {\n        releaseService.rollbackTo(com.ctrip.framework.apollo.portal.environment.Env.valueOf(env), releaseId, toReleaseId, userInfoHolder.getUser().getUserId());\n    } else {\n        releaseService.rollback(com.ctrip.framework.apollo.portal.environment.Env.valueOf(env), releaseId, userInfoHolder.getUser().getUserId());\n    }\n    com.ctrip.framework.apollo.portal.listener.ConfigPublishEvent event \u003d com.ctrip.framework.apollo.portal.listener.ConfigPublishEvent.instance();\n    event.withAppId(release.getAppId()).withCluster(release.getClusterName()).withNamespace(release.getNamespaceName()).withPreviousReleaseId(releaseId).setRollbackEvent(true).setEnv(com.ctrip.framework.apollo.portal.environment.Env.valueOf(env));\n    publisher.publishEvent(event);\n}",
                "dst_parent": "null"
              },
              "line": 178,
              "file": "/home/khesoem/projects/lighter/exp/apollo-portal/src/main/java/com/ctrip/framework/apollo/portal/controller/ReleaseController.java",
              "stats": {
                "number_of_src_entities": 118,
                "number_of_dst_entities": -1,
                "src_entity_types": "[com.ctrip.framework.apollo.portal.controller.ReleaseController, int, boolean, com.ctrip.framework.apollo.portal.service.ReleaseService, java.lang.String, com.ctrip.framework.apollo.portal.spi.UserInfoHolder, long, com.ctrip.framework.apollo.portal.environment.Env]",
                "dst_entity_types": "[]"
              }
            },
            {
              "pattern_action": "MOV",
              "pattern_entity": {
                "entity_type": "Statement",
                "entity_new value": "*",
                "entity_role": "*",
                "entity_parent": "null"
              },
              "concrete_change": {
                "operator": "MOV",
                "src_type": "Invocation",
                "dst_type": "Invocation",
                "src": "releaseService.rollback(com.ctrip.framework.apollo.portal.environment.Env.valueOf(env), releaseId, userInfoHolder.getUser().getUserId())",
                "dst": "releaseService.rollback(com.ctrip.framework.apollo.portal.environment.Env.valueOf(env), releaseId, userInfoHolder.getUser().getUserId())",
                "src_parent_type": "Block",
                "dst_parent_type": "Block",
                "src_parent": "{\n    com.ctrip.framework.apollo.common.dto.ReleaseDTO release \u003d releaseService.findReleaseById(com.ctrip.framework.apollo.portal.environment.Env.valueOf(env), releaseId);\n    if (release \u003d\u003d null) {\n        throw new com.ctrip.framework.apollo.common.exception.NotFoundException(\"release not found\");\n    }\n    if (!(permissionValidator.hasReleaseNamespacePermission(release.getAppId(), release.getNamespaceName(), env))) {\n        throw new org.springframework.security.access.AccessDeniedException(\"Access is denied\");\n    }\n    releaseService.rollback(com.ctrip.framework.apollo.portal.environment.Env.valueOf(env), releaseId, userInfoHolder.getUser().getUserId());\n    com.ctrip.framework.apollo.portal.listener.ConfigPublishEvent event \u003d com.ctrip.framework.apollo.portal.listener.ConfigPublishEvent.instance();\n    event.withAppId(release.getAppId()).withCluster(release.getClusterName()).withNamespace(release.getNamespaceName()).withPreviousReleaseId(releaseId).setRollbackEvent(true).setEnv(com.ctrip.framework.apollo.portal.environment.Env.valueOf(env));\n    publisher.publishEvent(event);\n}",
                "dst_parent": "{\n    releaseService.rollback(com.ctrip.framework.apollo.portal.environment.Env.valueOf(env), releaseId, userInfoHolder.getUser().getUserId());\n}"
              },
              "line": 167,
              "file": "/home/khesoem/projects/lighter/exp/apollo-portal/src/main/java/com/ctrip/framework/apollo/portal/controller/ReleaseController.java",
              "stats": {
                "number_of_src_entities": 51,
                "number_of_dst_entities": 51,
                "src_entity_types": "[com.ctrip.framework.apollo.portal.controller.ReleaseController, com.ctrip.framework.apollo.portal.service.ReleaseService, java.lang.String, com.ctrip.framework.apollo.portal.spi.UserInfoHolder, com.ctrip.framework.apollo.portal.environment.Env, long]",
                "dst_entity_types": "[com.ctrip.framework.apollo.portal.controller.ReleaseController, com.ctrip.framework.apollo.portal.service.ReleaseService, java.lang.String, com.ctrip.framework.apollo.portal.spi.UserInfoHolder, com.ctrip.framework.apollo.portal.environment.Env, long]"
              }
            }
          ]
        }
      ]
    },
    {
      "revision": "21f0842fae57a0a75edbef7bbfe9320e7b9841c2",
      "repairability": [
        {
          "tool-name": "Elixir",
          "pattern-name": "Elixir:check_length",
          "Unified_Diff_of-files:": "Starts Below...",
          "INSERT:": "",
          "instance_detail": [
            {
              "pattern_action": "INS",
              "pattern_entity": {
                "entity_type": "If",
                "entity_new value": "*",
                "entity_role": "*",
                "entity_parent": "null"
              },
              "concrete_change": {
                "operator": "INS",
                "src_type": "If",
                "dst_type": "null",
                "src": "if (toReleaseId \u003e (-1)) {\n    release \u003d releaseService.rollbackTo(releaseId, toReleaseId, operator);\n} else {\n    release \u003d releaseService.rollback(releaseId, operator);\n}",
                "dst": "null",
                "src_parent_type": "Block",
                "dst_parent_type": "null",
                "src_parent": "{\n    com.ctrip.framework.apollo.biz.entity.Release release;\n    if (toReleaseId \u003e (-1)) {\n        release \u003d releaseService.rollbackTo(releaseId, toReleaseId, operator);\n    } else {\n        release \u003d releaseService.rollback(releaseId, operator);\n    }\n    java.lang.String appId \u003d release.getAppId();\n    java.lang.String clusterName \u003d release.getClusterName();\n    java.lang.String namespaceName \u003d release.getNamespaceName();\n    messageSender.sendMessage(com.ctrip.framework.apollo.biz.utils.ReleaseMessageKeyGenerator.generate(appId, clusterName, namespaceName), Topics.APOLLO_RELEASE_TOPIC);\n}",
                "dst_parent": "null"
              },
              "line": 175,
              "file": "/home/khesoem/projects/lighter/exp/apollo-adminservice/src/main/java/com/ctrip/framework/apollo/adminservice/controller/ReleaseController.java",
              "stats": {
                "number_of_src_entities": 78,
                "number_of_dst_entities": -1,
                "src_entity_types": "[com.ctrip.framework.apollo.adminservice.controller.ReleaseController, int, com.ctrip.framework.apollo.biz.entity.Release, boolean, com.ctrip.framework.apollo.biz.service.ReleaseService, java.lang.String, long]",
                "dst_entity_types": "[]"
              }
            },
            {
              "pattern_action": "MOV",
              "pattern_entity": {
                "entity_type": "Statement",
                "entity_new value": "*",
                "entity_role": "*",
                "entity_parent": "null"
              },
              "concrete_change": {
                "operator": "MOV",
                "src_type": "Invocation",
                "dst_type": "Invocation",
                "src": "releaseService.rollback(releaseId, operator)",
                "dst": "releaseService.rollback(releaseId, operator)",
                "src_parent_type": "LocalVariable",
                "dst_parent_type": "Assignment",
                "src_parent": "com.ctrip.framework.apollo.biz.entity.Release release \u003d releaseService.rollback(releaseId, operator)",
                "dst_parent": "release \u003d releaseService.rollback(releaseId, operator)"
              },
              "line": 173,
              "file": "/home/khesoem/projects/lighter/exp/apollo-adminservice/src/main/java/com/ctrip/framework/apollo/adminservice/controller/ReleaseController.java",
              "stats": {
                "number_of_src_entities": 28,
                "number_of_dst_entities": 26,
                "src_entity_types": "[com.ctrip.framework.apollo.adminservice.controller.ReleaseController, com.ctrip.framework.apollo.biz.service.ReleaseService, java.lang.String, long]",
                "dst_entity_types": "[com.ctrip.framework.apollo.adminservice.controller.ReleaseController, com.ctrip.framework.apollo.biz.service.ReleaseService, java.lang.String, long]"
              }
            }
          ]
        }
      ]
    }
  ],
  "complete_analysis": true
}