{
  "instances": [
    {
      "revision": "24211ea126e5d89ff6dd305d83f46eeca6ff2c11",
      "repairability": [
        {
          "tool-name": "JKali",
          "pattern-name": "JKali:add_rtrn",
          "Unified_Diff_of-files:": "Starts Below...",
          "INSERT:": "    /**",
          "instance_detail": [
            {
              "pattern_action": "INS",
              "pattern_entity": {
                "entity_type": "Return",
                "entity_new value": "*",
                "entity_role": "Statement",
                "entity_parent": "null"
              },
              "concrete_change": {
                "operator": "INS",
                "src_type": "Return",
                "dst_type": "null",
                "src": "return placeIsAvailable",
                "dst": "null",
                "src_parent_type": "Block",
                "dst_parent_type": "null",
                "src_parent": "{\n    return placeIsAvailable;\n}",
                "dst_parent": "null"
              },
              "line": 55,
              "file": "/home/khesoem/projects/lighter/exp/src/main/java/hu/oe/nik/szfmv/automatedcar/bus/packets/parkingpilot/PPCoordinatesPacket.java"
            }
          ]
        }
      ]
    }
  ],
  "complete_analysis": true
}