{
  "instances": [
    {
      "revision": "8d9a53a480ade59cf47d977a673198c81643f929",
      "repairability": [
        {
          "tool-name": "JKali",
          "pattern-name": "JKali:del",
          "Unified_Diff_of-files:": "Starts Below...",
          "INSERT:": "    }",
          "CHANGE_old:": "        //loadDefaultMapElements(xmlLocation);",
          "CHANGE_new:": "        loadDefaultMapElements(xmlLocation);",
          "instance_detail": [
            {
              "pattern_action": "DEL",
              "pattern_entity": {
                "entity_type": "*",
                "entity_new value": "*",
                "entity_role": "Statement",
                "entity_parent": "null"
              },
              "concrete_change": {
                "operator": "DEL",
                "src_type": "Return",
                "dst_type": "null",
                "src": "return 0",
                "dst": "null",
                "src_parent_type": "Block",
                "dst_parent_type": "null",
                "src_parent": "{\n    return 0;\n}",
                "dst_parent": "null"
              },
              "line": 26,
              "file": "/home/khesoem/projects/lighter/exp/src/main/java/hu/oe/nik/szfmv/environment/Visualizing.java"
            }
          ]
        },
        {
          "tool-name": "JKali",
          "pattern-name": "JKali:del",
          "Unified_Diff_of-files:": "Starts Below...",
          "INSERT:": "    }",
          "CHANGE_old:": "        //loadDefaultMapElements(xmlLocation);",
          "CHANGE_new:": "        loadDefaultMapElements(xmlLocation);",
          "instance_detail": [
            {
              "pattern_action": "DEL",
              "pattern_entity": {
                "entity_type": "*",
                "entity_new value": "*",
                "entity_role": "Statement",
                "entity_parent": "null"
              },
              "concrete_change": {
                "operator": "DEL",
                "src_type": "Return",
                "dst_type": "null",
                "src": "return false",
                "dst": "null",
                "src_parent_type": "Block",
                "dst_parent_type": "null",
                "src_parent": "{\n    return false;\n}",
                "dst_parent": "null"
              },
              "line": 31,
              "file": "/home/khesoem/projects/lighter/exp/src/main/java/hu/oe/nik/szfmv/environment/Visualizing.java"
            }
          ]
        },
        {
          "tool-name": "JKali",
          "pattern-name": "JKali:del",
          "Unified_Diff_of-files:": "Starts Below...",
          "INSERT:": "    }",
          "CHANGE_old:": "        //loadDefaultMapElements(xmlLocation);",
          "CHANGE_new:": "        loadDefaultMapElements(xmlLocation);",
          "instance_detail": [
            {
              "pattern_action": "DEL",
              "pattern_entity": {
                "entity_type": "*",
                "entity_new value": "*",
                "entity_role": "Statement",
                "entity_parent": "null"
              },
              "concrete_change": {
                "operator": "DEL",
                "src_type": "Return",
                "dst_type": "null",
                "src": "return false",
                "dst": "null",
                "src_parent_type": "Block",
                "dst_parent_type": "null",
                "src_parent": "{\n    return false;\n}",
                "dst_parent": "null"
              },
              "line": 36,
              "file": "/home/khesoem/projects/lighter/exp/src/main/java/hu/oe/nik/szfmv/environment/Visualizing.java"
            }
          ]
        },
        {
          "tool-name": "JKali",
          "pattern-name": "JKali:del",
          "Unified_Diff_of-files:": "Starts Below...",
          "INSERT:": "    }",
          "CHANGE_old:": "        //loadDefaultMapElements(xmlLocation);",
          "CHANGE_new:": "        loadDefaultMapElements(xmlLocation);",
          "instance_detail": [
            {
              "pattern_action": "DEL",
              "pattern_entity": {
                "entity_type": "*",
                "entity_new value": "*",
                "entity_role": "Statement",
                "entity_parent": "null"
              },
              "concrete_change": {
                "operator": "DEL",
                "src_type": "Return",
                "dst_type": "null",
                "src": "return null",
                "dst": "null",
                "src_parent_type": "Block",
                "dst_parent_type": "null",
                "src_parent": "{\n    return null;\n}",
                "dst_parent": "null"
              },
              "line": 41,
              "file": "/home/khesoem/projects/lighter/exp/src/main/java/hu/oe/nik/szfmv/environment/Visualizing.java"
            }
          ]
        },
        {
          "tool-name": "JKali",
          "pattern-name": "JKali:del",
          "Unified_Diff_of-files:": "Starts Below...",
          "INSERT:": "    }",
          "CHANGE_old:": "        //loadDefaultMapElements(xmlLocation);",
          "CHANGE_new:": "        loadDefaultMapElements(xmlLocation);",
          "instance_detail": [
            {
              "pattern_action": "DEL",
              "pattern_entity": {
                "entity_type": "*",
                "entity_new value": "*",
                "entity_role": "Statement",
                "entity_parent": "null"
              },
              "concrete_change": {
                "operator": "DEL",
                "src_type": "Return",
                "dst_type": "null",
                "src": "return new java.lang.Object[0]",
                "dst": "null",
                "src_parent_type": "Block",
                "dst_parent_type": "null",
                "src_parent": "{\n    return new java.lang.Object[0];\n}",
                "dst_parent": "null"
              },
              "line": 46,
              "file": "/home/khesoem/projects/lighter/exp/src/main/java/hu/oe/nik/szfmv/environment/Visualizing.java"
            }
          ]
        },
        {
          "tool-name": "JKali",
          "pattern-name": "JKali:del",
          "Unified_Diff_of-files:": "Starts Below...",
          "INSERT:": "    }",
          "CHANGE_old:": "        //loadDefaultMapElements(xmlLocation);",
          "CHANGE_new:": "        loadDefaultMapElements(xmlLocation);",
          "instance_detail": [
            {
              "pattern_action": "DEL",
              "pattern_entity": {
                "entity_type": "*",
                "entity_new value": "*",
                "entity_role": "Statement",
                "entity_parent": "null"
              },
              "concrete_change": {
                "operator": "DEL",
                "src_type": "Return",
                "dst_type": "null",
                "src": "return null",
                "dst": "null",
                "src_parent_type": "Block",
                "dst_parent_type": "null",
                "src_parent": "{\n    return null;\n}",
                "dst_parent": "null"
              },
              "line": 51,
              "file": "/home/khesoem/projects/lighter/exp/src/main/java/hu/oe/nik/szfmv/environment/Visualizing.java"
            }
          ]
        },
        {
          "tool-name": "JKali",
          "pattern-name": "JKali:del",
          "Unified_Diff_of-files:": "Starts Below...",
          "INSERT:": "    }",
          "CHANGE_old:": "        //loadDefaultMapElements(xmlLocation);",
          "CHANGE_new:": "        loadDefaultMapElements(xmlLocation);",
          "instance_detail": [
            {
              "pattern_action": "DEL",
              "pattern_entity": {
                "entity_type": "*",
                "entity_new value": "*",
                "entity_role": "Statement",
                "entity_parent": "null"
              },
              "concrete_change": {
                "operator": "DEL",
                "src_type": "Return",
                "dst_type": "null",
                "src": "return false",
                "dst": "null",
                "src_parent_type": "Block",
                "dst_parent_type": "null",
                "src_parent": "{\n    return false;\n}",
                "dst_parent": "null"
              },
              "line": 56,
              "file": "/home/khesoem/projects/lighter/exp/src/main/java/hu/oe/nik/szfmv/environment/Visualizing.java"
            }
          ]
        },
        {
          "tool-name": "JKali",
          "pattern-name": "JKali:del",
          "Unified_Diff_of-files:": "Starts Below...",
          "INSERT:": "    }",
          "CHANGE_old:": "        //loadDefaultMapElements(xmlLocation);",
          "CHANGE_new:": "        loadDefaultMapElements(xmlLocation);",
          "instance_detail": [
            {
              "pattern_action": "DEL",
              "pattern_entity": {
                "entity_type": "*",
                "entity_new value": "*",
                "entity_role": "Statement",
                "entity_parent": "null"
              },
              "concrete_change": {
                "operator": "DEL",
                "src_type": "Return",
                "dst_type": "null",
                "src": "return false",
                "dst": "null",
                "src_parent_type": "Block",
                "dst_parent_type": "null",
                "src_parent": "{\n    return false;\n}",
                "dst_parent": "null"
              },
              "line": 61,
              "file": "/home/khesoem/projects/lighter/exp/src/main/java/hu/oe/nik/szfmv/environment/Visualizing.java"
            }
          ]
        },
        {
          "tool-name": "JKali",
          "pattern-name": "JKali:del",
          "Unified_Diff_of-files:": "Starts Below...",
          "INSERT:": "    }",
          "CHANGE_old:": "        //loadDefaultMapElements(xmlLocation);",
          "CHANGE_new:": "        loadDefaultMapElements(xmlLocation);",
          "instance_detail": [
            {
              "pattern_action": "DEL",
              "pattern_entity": {
                "entity_type": "*",
                "entity_new value": "*",
                "entity_role": "Statement",
                "entity_parent": "null"
              },
              "concrete_change": {
                "operator": "DEL",
                "src_type": "Return",
                "dst_type": "null",
                "src": "return false",
                "dst": "null",
                "src_parent_type": "Block",
                "dst_parent_type": "null",
                "src_parent": "{\n    return false;\n}",
                "dst_parent": "null"
              },
              "line": 66,
              "file": "/home/khesoem/projects/lighter/exp/src/main/java/hu/oe/nik/szfmv/environment/Visualizing.java"
            }
          ]
        },
        {
          "tool-name": "JKali",
          "pattern-name": "JKali:del",
          "Unified_Diff_of-files:": "Starts Below...",
          "INSERT:": "    }",
          "CHANGE_old:": "        //loadDefaultMapElements(xmlLocation);",
          "CHANGE_new:": "        loadDefaultMapElements(xmlLocation);",
          "instance_detail": [
            {
              "pattern_action": "DEL",
              "pattern_entity": {
                "entity_type": "*",
                "entity_new value": "*",
                "entity_role": "Statement",
                "entity_parent": "null"
              },
              "concrete_change": {
                "operator": "DEL",
                "src_type": "Return",
                "dst_type": "null",
                "src": "return false",
                "dst": "null",
                "src_parent_type": "Block",
                "dst_parent_type": "null",
                "src_parent": "{\n    return false;\n}",
                "dst_parent": "null"
              },
              "line": 71,
              "file": "/home/khesoem/projects/lighter/exp/src/main/java/hu/oe/nik/szfmv/environment/Visualizing.java"
            }
          ]
        },
        {
          "tool-name": "JKali",
          "pattern-name": "JKali:del",
          "Unified_Diff_of-files:": "Starts Below...",
          "INSERT:": "    }",
          "CHANGE_old:": "        //loadDefaultMapElements(xmlLocation);",
          "CHANGE_new:": "        loadDefaultMapElements(xmlLocation);",
          "instance_detail": [
            {
              "pattern_action": "DEL",
              "pattern_entity": {
                "entity_type": "*",
                "entity_new value": "*",
                "entity_role": "Statement",
                "entity_parent": "null"
              },
              "concrete_change": {
                "operator": "DEL",
                "src_type": "Return",
                "dst_type": "null",
                "src": "return false",
                "dst": "null",
                "src_parent_type": "Block",
                "dst_parent_type": "null",
                "src_parent": "{\n    return false;\n}",
                "dst_parent": "null"
              },
              "line": 76,
              "file": "/home/khesoem/projects/lighter/exp/src/main/java/hu/oe/nik/szfmv/environment/Visualizing.java"
            }
          ]
        },
        {
          "tool-name": "JKali",
          "pattern-name": "JKali:del",
          "Unified_Diff_of-files:": "Starts Below...",
          "INSERT:": "    }",
          "CHANGE_old:": "        //loadDefaultMapElements(xmlLocation);",
          "CHANGE_new:": "        loadDefaultMapElements(xmlLocation);",
          "instance_detail": [
            {
              "pattern_action": "DEL",
              "pattern_entity": {
                "entity_type": "*",
                "entity_new value": "*",
                "entity_role": "Statement",
                "entity_parent": "null"
              },
              "concrete_change": {
                "operator": "DEL",
                "src_type": "Return",
                "dst_type": "null",
                "src": "return false",
                "dst": "null",
                "src_parent_type": "Block",
                "dst_parent_type": "null",
                "src_parent": "{\n    return false;\n}",
                "dst_parent": "null"
              },
              "line": 81,
              "file": "/home/khesoem/projects/lighter/exp/src/main/java/hu/oe/nik/szfmv/environment/Visualizing.java"
            }
          ]
        },
        {
          "tool-name": "JKali",
          "pattern-name": "JKali:del",
          "Unified_Diff_of-files:": "Starts Below...",
          "INSERT:": "    }",
          "CHANGE_old:": "        //loadDefaultMapElements(xmlLocation);",
          "CHANGE_new:": "        loadDefaultMapElements(xmlLocation);",
          "instance_detail": [
            {
              "pattern_action": "DEL",
              "pattern_entity": {
                "entity_type": "*",
                "entity_new value": "*",
                "entity_role": "Statement",
                "entity_parent": "null"
              },
              "concrete_change": {
                "operator": "DEL",
                "src_type": "Return",
                "dst_type": "null",
                "src": "return false",
                "dst": "null",
                "src_parent_type": "Block",
                "dst_parent_type": "null",
                "src_parent": "{\n    return false;\n}",
                "dst_parent": "null"
              },
              "line": 86,
              "file": "/home/khesoem/projects/lighter/exp/src/main/java/hu/oe/nik/szfmv/environment/Visualizing.java"
            }
          ]
        },
        {
          "tool-name": "JKali",
          "pattern-name": "JKali:del",
          "Unified_Diff_of-files:": "Starts Below...",
          "INSERT:": "    }",
          "CHANGE_old:": "        //loadDefaultMapElements(xmlLocation);",
          "CHANGE_new:": "        loadDefaultMapElements(xmlLocation);",
          "instance_detail": [
            {
              "pattern_action": "DEL",
              "pattern_entity": {
                "entity_type": "*",
                "entity_new value": "*",
                "entity_role": "Statement",
                "entity_parent": "null"
              },
              "concrete_change": {
                "operator": "DEL",
                "src_type": "Return",
                "dst_type": "null",
                "src": "return null",
                "dst": "null",
                "src_parent_type": "Block",
                "dst_parent_type": "null",
                "src_parent": "{\n    return null;\n}",
                "dst_parent": "null"
              },
              "line": 101,
              "file": "/home/khesoem/projects/lighter/exp/src/main/java/hu/oe/nik/szfmv/environment/Visualizing.java"
            }
          ]
        },
        {
          "tool-name": "JKali",
          "pattern-name": "JKali:del",
          "Unified_Diff_of-files:": "Starts Below...",
          "INSERT:": "    }",
          "CHANGE_old:": "        //loadDefaultMapElements(xmlLocation);",
          "CHANGE_new:": "        loadDefaultMapElements(xmlLocation);",
          "instance_detail": [
            {
              "pattern_action": "DEL",
              "pattern_entity": {
                "entity_type": "*",
                "entity_new value": "*",
                "entity_role": "Statement",
                "entity_parent": "null"
              },
              "concrete_change": {
                "operator": "DEL",
                "src_type": "Return",
                "dst_type": "null",
                "src": "return null",
                "dst": "null",
                "src_parent_type": "Block",
                "dst_parent_type": "null",
                "src_parent": "{\n    return null;\n}",
                "dst_parent": "null"
              },
              "line": 111,
              "file": "/home/khesoem/projects/lighter/exp/src/main/java/hu/oe/nik/szfmv/environment/Visualizing.java"
            }
          ]
        },
        {
          "tool-name": "JKali",
          "pattern-name": "JKali:del",
          "Unified_Diff_of-files:": "Starts Below...",
          "INSERT:": "    }",
          "CHANGE_old:": "        //loadDefaultMapElements(xmlLocation);",
          "CHANGE_new:": "        loadDefaultMapElements(xmlLocation);",
          "instance_detail": [
            {
              "pattern_action": "DEL",
              "pattern_entity": {
                "entity_type": "*",
                "entity_new value": "*",
                "entity_role": "Statement",
                "entity_parent": "null"
              },
              "concrete_change": {
                "operator": "DEL",
                "src_type": "Return",
                "dst_type": "null",
                "src": "return 0",
                "dst": "null",
                "src_parent_type": "Block",
                "dst_parent_type": "null",
                "src_parent": "{\n    return 0;\n}",
                "dst_parent": "null"
              },
              "line": 116,
              "file": "/home/khesoem/projects/lighter/exp/src/main/java/hu/oe/nik/szfmv/environment/Visualizing.java"
            }
          ]
        },
        {
          "tool-name": "JKali",
          "pattern-name": "JKali:del",
          "Unified_Diff_of-files:": "Starts Below...",
          "INSERT:": "    }",
          "CHANGE_old:": "        //loadDefaultMapElements(xmlLocation);",
          "CHANGE_new:": "        loadDefaultMapElements(xmlLocation);",
          "instance_detail": [
            {
              "pattern_action": "DEL",
              "pattern_entity": {
                "entity_type": "*",
                "entity_new value": "*",
                "entity_role": "Statement",
                "entity_parent": "null"
              },
              "concrete_change": {
                "operator": "DEL",
                "src_type": "Return",
                "dst_type": "null",
                "src": "return 0",
                "dst": "null",
                "src_parent_type": "Block",
                "dst_parent_type": "null",
                "src_parent": "{\n    return 0;\n}",
                "dst_parent": "null"
              },
              "line": 121,
              "file": "/home/khesoem/projects/lighter/exp/src/main/java/hu/oe/nik/szfmv/environment/Visualizing.java"
            }
          ]
        },
        {
          "tool-name": "JKali",
          "pattern-name": "JKali:del",
          "Unified_Diff_of-files:": "Starts Below...",
          "INSERT:": "    }",
          "CHANGE_old:": "        //loadDefaultMapElements(xmlLocation);",
          "CHANGE_new:": "        loadDefaultMapElements(xmlLocation);",
          "instance_detail": [
            {
              "pattern_action": "DEL",
              "pattern_entity": {
                "entity_type": "*",
                "entity_new value": "*",
                "entity_role": "Statement",
                "entity_parent": "null"
              },
              "concrete_change": {
                "operator": "DEL",
                "src_type": "Return",
                "dst_type": "null",
                "src": "return null",
                "dst": "null",
                "src_parent_type": "Block",
                "dst_parent_type": "null",
                "src_parent": "{\n    return null;\n}",
                "dst_parent": "null"
              },
              "line": 126,
              "file": "/home/khesoem/projects/lighter/exp/src/main/java/hu/oe/nik/szfmv/environment/Visualizing.java"
            }
          ]
        },
        {
          "tool-name": "JKali",
          "pattern-name": "JKali:del",
          "Unified_Diff_of-files:": "Starts Below...",
          "INSERT:": "    }",
          "CHANGE_old:": "        //loadDefaultMapElements(xmlLocation);",
          "CHANGE_new:": "        loadDefaultMapElements(xmlLocation);",
          "instance_detail": [
            {
              "pattern_action": "DEL",
              "pattern_entity": {
                "entity_type": "*",
                "entity_new value": "*",
                "entity_role": "Statement",
                "entity_parent": "null"
              },
              "concrete_change": {
                "operator": "DEL",
                "src_type": "Return",
                "dst_type": "null",
                "src": "return null",
                "dst": "null",
                "src_parent_type": "Block",
                "dst_parent_type": "null",
                "src_parent": "{\n    return null;\n}",
                "dst_parent": "null"
              },
              "line": 131,
              "file": "/home/khesoem/projects/lighter/exp/src/main/java/hu/oe/nik/szfmv/environment/Visualizing.java"
            }
          ]
        },
        {
          "tool-name": "JKali",
          "pattern-name": "JKali:del",
          "Unified_Diff_of-files:": "Starts Below...",
          "INSERT:": "    }",
          "CHANGE_old:": "        //loadDefaultMapElements(xmlLocation);",
          "CHANGE_new:": "        loadDefaultMapElements(xmlLocation);",
          "instance_detail": [
            {
              "pattern_action": "DEL",
              "pattern_entity": {
                "entity_type": "*",
                "entity_new value": "*",
                "entity_role": "Statement",
                "entity_parent": "null"
              },
              "concrete_change": {
                "operator": "DEL",
                "src_type": "Return",
                "dst_type": "null",
                "src": "return null",
                "dst": "null",
                "src_parent_type": "Block",
                "dst_parent_type": "null",
                "src_parent": "{\n    return null;\n}",
                "dst_parent": "null"
              },
              "line": 136,
              "file": "/home/khesoem/projects/lighter/exp/src/main/java/hu/oe/nik/szfmv/environment/Visualizing.java"
            }
          ]
        },
        {
          "tool-name": "JKali",
          "pattern-name": "JKali:del",
          "Unified_Diff_of-files:": "Starts Below...",
          "INSERT:": "    }",
          "CHANGE_old:": "        //loadDefaultMapElements(xmlLocation);",
          "CHANGE_new:": "        loadDefaultMapElements(xmlLocation);",
          "instance_detail": [
            {
              "pattern_action": "DEL",
              "pattern_entity": {
                "entity_type": "*",
                "entity_new value": "*",
                "entity_role": "Statement",
                "entity_parent": "null"
              },
              "concrete_change": {
                "operator": "DEL",
                "src_type": "LocalVariable",
                "dst_type": "null",
                "src": "java.util.List\u003chu.oe.nik.szfmv.environment.WorldObject\u003e ObjectListToReturn \u003d new java.util.List\u003chu.oe.nik.szfmv.environment.WorldObject\u003e() {\n    @java.lang.Override\n    public int size() {\n        return 0;\n    }\n\n    @java.lang.Override\n    public boolean isEmpty() {\n        return false;\n    }\n\n    @java.lang.Override\n    public boolean contains(java.lang.Object o) {\n        return false;\n    }\n\n    @java.lang.Override\n    public java.util.Iterator\u003chu.oe.nik.szfmv.environment.WorldObject\u003e iterator() {\n        return null;\n    }\n\n    @java.lang.Override\n    public java.lang.Object[] toArray() {\n        return new java.lang.Object[0];\n    }\n\n    @java.lang.Override\n    public \u003cT\u003e T[] toArray(T[] a) {\n        return null;\n    }\n\n    @java.lang.Override\n    public boolean add(hu.oe.nik.szfmv.environment.WorldObject worldObject) {\n        return false;\n    }\n\n    @java.lang.Override\n    public boolean remove(java.lang.Object o) {\n        return false;\n    }\n\n    @java.lang.Override\n    public boolean containsAll(java.util.Collection\u003c?\u003e c) {\n        return false;\n    }\n\n    @java.lang.Override\n    public boolean addAll(java.util.Collection\u003c? extends hu.oe.nik.szfmv.environment.WorldObject\u003e c) {\n        return false;\n    }\n\n    @java.lang.Override\n    public boolean addAll(int index, java.util.Collection\u003c? extends hu.oe.nik.szfmv.environment.WorldObject\u003e c) {\n        return false;\n    }\n\n    @java.lang.Override\n    public boolean removeAll(java.util.Collection\u003c?\u003e c) {\n        return false;\n    }\n\n    @java.lang.Override\n    public boolean retainAll(java.util.Collection\u003c?\u003e c) {\n        return false;\n    }\n\n    @java.lang.Override\n    public void clear() {\n    }\n\n    @java.lang.Override\n    public hu.oe.nik.szfmv.environment.WorldObject get(int index) {\n        return null;\n    }\n\n    @java.lang.Override\n    public hu.oe.nik.szfmv.environment.WorldObject set(int index, hu.oe.nik.szfmv.environment.WorldObject element) {\n        return null;\n    }\n\n    @java.lang.Override\n    public void add(int index, hu.oe.nik.szfmv.environment.WorldObject element) {\n    }\n\n    @java.lang.Override\n    public hu.oe.nik.szfmv.environment.WorldObject remove(int index) {\n        return null;\n    }\n\n    @java.lang.Override\n    public int indexOf(java.lang.Object o) {\n        return 0;\n    }\n\n    @java.lang.Override\n    public int lastIndexOf(java.lang.Object o) {\n        return 0;\n    }\n\n    @java.lang.Override\n    public java.util.ListIterator\u003chu.oe.nik.szfmv.environment.WorldObject\u003e listIterator() {\n        return null;\n    }\n\n    @java.lang.Override\n    public java.util.ListIterator\u003chu.oe.nik.szfmv.environment.WorldObject\u003e listIterator(int index) {\n        return null;\n    }\n\n    @java.lang.Override\n    public java.util.List\u003chu.oe.nik.szfmv.environment.WorldObject\u003e subList(int fromIndex, int toIndex) {\n        return null;\n    }\n}",
                "dst": "null",
                "src_parent_type": "Block",
                "dst_parent_type": "null",
                "src_parent": "{\n    java.util.List\u003chu.oe.nik.szfmv.environment.WorldObject\u003e ObjectListToReturn \u003d new java.util.List\u003chu.oe.nik.szfmv.environment.WorldObject\u003e() {\n        @java.lang.Override\n        public int size() {\n            return 0;\n        }\n\n        @java.lang.Override\n        public boolean isEmpty() {\n            return false;\n        }\n\n        @java.lang.Override\n        public boolean contains(java.lang.Object o) {\n            return false;\n        }\n\n        @java.lang.Override\n        public java.util.Iterator\u003chu.oe.nik.szfmv.environment.WorldObject\u003e iterator() {\n            return null;\n        }\n\n        @java.lang.Override\n        public java.lang.Object[] toArray() {\n            return new java.lang.Object[0];\n        }\n\n        @java.lang.Override\n        public \u003cT\u003e T[] toArray(T[] a) {\n            return null;\n        }\n\n        @java.lang.Override\n        public boolean add(hu.oe.nik.szfmv.environment.WorldObject worldObject) {\n            return false;\n        }\n\n        @java.lang.Override\n        public boolean remove(java.lang.Object o) {\n            return false;\n        }\n\n        @java.lang.Override\n        public boolean containsAll(java.util.Collection\u003c?\u003e c) {\n            return false;\n        }\n\n        @java.lang.Override\n        public boolean addAll(java.util.Collection\u003c? extends hu.oe.nik.szfmv.environment.WorldObject\u003e c) {\n            return false;\n        }\n\n        @java.lang.Override\n        public boolean addAll(int index, java.util.Collection\u003c? extends hu.oe.nik.szfmv.environment.WorldObject\u003e c) {\n            return false;\n        }\n\n        @java.lang.Override\n        public boolean removeAll(java.util.Collection\u003c?\u003e c) {\n            return false;\n        }\n\n        @java.lang.Override\n        public boolean retainAll(java.util.Collection\u003c?\u003e c) {\n            return false;\n        }\n\n        @java.lang.Override\n        public void clear() {\n        }\n\n        @java.lang.Override\n        public hu.oe.nik.szfmv.environment.WorldObject get(int index) {\n            return null;\n        }\n\n        @java.lang.Override\n        public hu.oe.nik.szfmv.environment.WorldObject set(int index, hu.oe.nik.szfmv.environment.WorldObject element) {\n            return null;\n        }\n\n        @java.lang.Override\n        public void add(int index, hu.oe.nik.szfmv.environment.WorldObject element) {\n        }\n\n        @java.lang.Override\n        public hu.oe.nik.szfmv.environment.WorldObject remove(int index) {\n            return null;\n        }\n\n        @java.lang.Override\n        public int indexOf(java.lang.Object o) {\n            return 0;\n        }\n\n        @java.lang.Override\n        public int lastIndexOf(java.lang.Object o) {\n            return 0;\n        }\n\n        @java.lang.Override\n        public java.util.ListIterator\u003chu.oe.nik.szfmv.environment.WorldObject\u003e listIterator() {\n            return null;\n        }\n\n        @java.lang.Override\n        public java.util.ListIterator\u003chu.oe.nik.szfmv.environment.WorldObject\u003e listIterator(int index) {\n            return null;\n        }\n\n        @java.lang.Override\n        public java.util.List\u003chu.oe.nik.szfmv.environment.WorldObject\u003e subList(int fromIndex, int toIndex) {\n            return null;\n        }\n    };\n    java.io.File inputFile \u003d new java.io.File(xmlToBuild);\n    javax.xml.parsers.DocumentBuilderFactory factory \u003d javax.xml.parsers.DocumentBuilderFactory.newInstance();\n    javax.xml.parsers.DocumentBuilder dBuilder \u003d factory.newDocumentBuilder();\n    org.w3c.dom.Document doc \u003d dBuilder.parse(inputFile);\n    org.w3c.dom.NodeList elements \u003d doc.getElementsByTagName(\"Object\");\n    for (int temp \u003d 0; temp \u003c (elements.getLength()); temp++) {\n        org.w3c.dom.Node element \u003d elements.item(temp);\n        ObjectListToReturn.add(hu.oe.nik.szfmv.environment.Visualizing.readValueFromXml(element));\n    }\n    return ObjectListToReturn;\n}",
                "dst_parent": "null"
              },
              "line": 23,
              "file": "/home/khesoem/projects/lighter/exp/src/main/java/hu/oe/nik/szfmv/environment/Visualizing.java"
            }
          ]
        },
        {
          "tool-name": "JKali",
          "pattern-name": "JKali:del",
          "Unified_Diff_of-files:": "Starts Below...",
          "INSERT:": "    }",
          "CHANGE_old:": "        //loadDefaultMapElements(xmlLocation);",
          "CHANGE_new:": "        loadDefaultMapElements(xmlLocation);",
          "instance_detail": [
            {
              "pattern_action": "DEL",
              "pattern_entity": {
                "entity_type": "*",
                "entity_new value": "*",
                "entity_role": "Statement",
                "entity_parent": "null"
              },
              "concrete_change": {
                "operator": "DEL",
                "src_type": "LocalVariable",
                "dst_type": "null",
                "src": "java.io.File inputFile \u003d new java.io.File(xmlToBuild)",
                "dst": "null",
                "src_parent_type": "Block",
                "dst_parent_type": "null",
                "src_parent": "{\n    java.util.List\u003chu.oe.nik.szfmv.environment.WorldObject\u003e ObjectListToReturn \u003d new java.util.List\u003chu.oe.nik.szfmv.environment.WorldObject\u003e() {\n        @java.lang.Override\n        public int size() {\n            return 0;\n        }\n\n        @java.lang.Override\n        public boolean isEmpty() {\n            return false;\n        }\n\n        @java.lang.Override\n        public boolean contains(java.lang.Object o) {\n            return false;\n        }\n\n        @java.lang.Override\n        public java.util.Iterator\u003chu.oe.nik.szfmv.environment.WorldObject\u003e iterator() {\n            return null;\n        }\n\n        @java.lang.Override\n        public java.lang.Object[] toArray() {\n            return new java.lang.Object[0];\n        }\n\n        @java.lang.Override\n        public \u003cT\u003e T[] toArray(T[] a) {\n            return null;\n        }\n\n        @java.lang.Override\n        public boolean add(hu.oe.nik.szfmv.environment.WorldObject worldObject) {\n            return false;\n        }\n\n        @java.lang.Override\n        public boolean remove(java.lang.Object o) {\n            return false;\n        }\n\n        @java.lang.Override\n        public boolean containsAll(java.util.Collection\u003c?\u003e c) {\n            return false;\n        }\n\n        @java.lang.Override\n        public boolean addAll(java.util.Collection\u003c? extends hu.oe.nik.szfmv.environment.WorldObject\u003e c) {\n            return false;\n        }\n\n        @java.lang.Override\n        public boolean addAll(int index, java.util.Collection\u003c? extends hu.oe.nik.szfmv.environment.WorldObject\u003e c) {\n            return false;\n        }\n\n        @java.lang.Override\n        public boolean removeAll(java.util.Collection\u003c?\u003e c) {\n            return false;\n        }\n\n        @java.lang.Override\n        public boolean retainAll(java.util.Collection\u003c?\u003e c) {\n            return false;\n        }\n\n        @java.lang.Override\n        public void clear() {\n        }\n\n        @java.lang.Override\n        public hu.oe.nik.szfmv.environment.WorldObject get(int index) {\n            return null;\n        }\n\n        @java.lang.Override\n        public hu.oe.nik.szfmv.environment.WorldObject set(int index, hu.oe.nik.szfmv.environment.WorldObject element) {\n            return null;\n        }\n\n        @java.lang.Override\n        public void add(int index, hu.oe.nik.szfmv.environment.WorldObject element) {\n        }\n\n        @java.lang.Override\n        public hu.oe.nik.szfmv.environment.WorldObject remove(int index) {\n            return null;\n        }\n\n        @java.lang.Override\n        public int indexOf(java.lang.Object o) {\n            return 0;\n        }\n\n        @java.lang.Override\n        public int lastIndexOf(java.lang.Object o) {\n            return 0;\n        }\n\n        @java.lang.Override\n        public java.util.ListIterator\u003chu.oe.nik.szfmv.environment.WorldObject\u003e listIterator() {\n            return null;\n        }\n\n        @java.lang.Override\n        public java.util.ListIterator\u003chu.oe.nik.szfmv.environment.WorldObject\u003e listIterator(int index) {\n            return null;\n        }\n\n        @java.lang.Override\n        public java.util.List\u003chu.oe.nik.szfmv.environment.WorldObject\u003e subList(int fromIndex, int toIndex) {\n            return null;\n        }\n    };\n    java.io.File inputFile \u003d new java.io.File(xmlToBuild);\n    javax.xml.parsers.DocumentBuilderFactory factory \u003d javax.xml.parsers.DocumentBuilderFactory.newInstance();\n    javax.xml.parsers.DocumentBuilder dBuilder \u003d factory.newDocumentBuilder();\n    org.w3c.dom.Document doc \u003d dBuilder.parse(inputFile);\n    org.w3c.dom.NodeList elements \u003d doc.getElementsByTagName(\"Object\");\n    for (int temp \u003d 0; temp \u003c (elements.getLength()); temp++) {\n        org.w3c.dom.Node element \u003d elements.item(temp);\n        ObjectListToReturn.add(hu.oe.nik.szfmv.environment.Visualizing.readValueFromXml(element));\n    }\n    return ObjectListToReturn;\n}",
                "dst_parent": "null"
              },
              "line": 140,
              "file": "/home/khesoem/projects/lighter/exp/src/main/java/hu/oe/nik/szfmv/environment/Visualizing.java"
            }
          ]
        },
        {
          "tool-name": "JKali",
          "pattern-name": "JKali:del",
          "Unified_Diff_of-files:": "Starts Below...",
          "INSERT:": "    }",
          "CHANGE_old:": "        //loadDefaultMapElements(xmlLocation);",
          "CHANGE_new:": "        loadDefaultMapElements(xmlLocation);",
          "instance_detail": [
            {
              "pattern_action": "DEL",
              "pattern_entity": {
                "entity_type": "*",
                "entity_new value": "*",
                "entity_role": "Statement",
                "entity_parent": "null"
              },
              "concrete_change": {
                "operator": "DEL",
                "src_type": "Return",
                "dst_type": "null",
                "src": "return null",
                "dst": "null",
                "src_parent_type": "Block",
                "dst_parent_type": "null",
                "src_parent": "{\n    return null;\n}",
                "dst_parent": "null"
              },
              "line": 154,
              "file": "/home/khesoem/projects/lighter/exp/src/main/java/hu/oe/nik/szfmv/environment/Visualizing.java"
            }
          ]
        },
        {
          "tool-name": "JKali",
          "pattern-name": "JKali:add_rtrn",
          "Unified_Diff_of-files:": "Starts Below...",
          "INSERT:": "    }",
          "CHANGE_old:": "        //loadDefaultMapElements(xmlLocation);",
          "CHANGE_new:": "        loadDefaultMapElements(xmlLocation);",
          "instance_detail": [
            {
              "pattern_action": "INS",
              "pattern_entity": {
                "entity_type": "Return",
                "entity_new value": "*",
                "entity_role": "Statement",
                "entity_parent": "null"
              },
              "concrete_change": {
                "operator": "INS",
                "src_type": "Return",
                "dst_type": "null",
                "src": "return wo",
                "dst": "null",
                "src_parent_type": "Block",
                "dst_parent_type": "null",
                "src_parent": "{\n    hu.oe.nik.szfmv.environment.WorldObject wo;\n    if ((type.indexOf(\u0027_\u0027)) !\u003d (-1))\n        type \u003d type.substring(0, type.indexOf(\u0027_\u0027));\n\n    switch (type) {\n        case \"road\" :\n            wo \u003d new hu.oe.nik.szfmv.environment.Road();\n            break;\n        case \"parking\" :\n            wo \u003d new hu.oe.nik.szfmv.environment.ParkingSpot();\n            break;\n        case \"crosswalk\" :\n            wo \u003d new hu.oe.nik.szfmv.environment.Crosswalk();\n            break;\n        case \"roadsign\" :\n            wo \u003d new hu.oe.nik.szfmv.environment.RoadSign();\n            break;\n        case \"tree\" :\n            wo \u003d new hu.oe.nik.szfmv.environment.Tree();\n            break;\n        default :\n            throw new javax.xml.crypto.dsig.XMLSignatureException((\"Invalid Object type: \" + type));\n    }\n    return wo;\n}",
                "dst_parent": "null"
              },
              "line": 113,
              "file": "/home/khesoem/projects/lighter/exp/src/main/java/hu/oe/nik/szfmv/environment/Visualizing.java"
            }
          ]
        }
      ]
    }
  ],
  "complete_analysis": true
}