{
  "instances": [
    {
      "revision": "64f3ba969117c782c98e19207025eb0f99cfd5e5",
      "repairability": [
        {
          "tool-name": "JKali",
          "pattern-name": "JKali:del",
          "Unified_Diff_of-files:": "Starts Below...",
          "INSERT:": "    private final double speedChangingNumber \u003d 3.6;",
          "CHANGE_old:": "            updateACC(inputPacket.getACCTargetDistance(), inputPacket.getACCTargetSpeed());",
          "CHANGE_new:": "            updateACC(inputPacket.getACCTargetDistance(), (int) (inputPacket.getACCTargetSpeed() * speedChangingNumber));",
          "instance_detail": [
            {
              "pattern_action": "DEL",
              "pattern_entity": {
                "entity_type": "*",
                "entity_new value": "*",
                "entity_role": "Statement",
                "entity_parent": "null"
              },
              "concrete_change": {
                "operator": "DEL",
                "src_type": "Return",
                "dst_type": "null",
                "src": "return null",
                "dst": "null",
                "src_parent_type": "Block",
                "dst_parent_type": "null",
                "src_parent": "{\n    return null;\n}",
                "dst_parent": "null"
              },
              "line": 137,
              "file": "/home/khesoem/projects/lighter/exp/src/main/java/hu/oe/nik/szfmv/automatedcar/systemcomponents/ACC.java"
            }
          ]
        },
        {
          "tool-name": "JKali",
          "pattern-name": "JKali:del",
          "Unified_Diff_of-files:": "Starts Below...",
          "INSERT:": "    private final double speedChangingNumber \u003d 3.6;",
          "CHANGE_old:": "            updateACC(inputPacket.getACCTargetDistance(), inputPacket.getACCTargetSpeed());",
          "CHANGE_new:": "            updateACC(inputPacket.getACCTargetDistance(), (int) (inputPacket.getACCTargetSpeed() * speedChangingNumber));",
          "instance_detail": [
            {
              "pattern_action": "DEL",
              "pattern_entity": {
                "entity_type": "*",
                "entity_new value": "*",
                "entity_role": "Statement",
                "entity_parent": "null"
              },
              "concrete_change": {
                "operator": "DEL",
                "src_type": "Return",
                "dst_type": "null",
                "src": "return 0",
                "dst": "null",
                "src_parent_type": "Block",
                "dst_parent_type": "null",
                "src_parent": "{\n    return 0;\n}",
                "dst_parent": "null"
              },
              "line": 141,
              "file": "/home/khesoem/projects/lighter/exp/src/main/java/hu/oe/nik/szfmv/automatedcar/systemcomponents/ACC.java"
            }
          ]
        }
      ]
    }
  ],
  "complete_analysis": true
}