{
  "instances": [
    {
      "revision": "3ec8f68b434e794a55313e850eb0ac8093d4c7de",
      "repairability": [
        {
          "tool-name": "JKali",
          "pattern-name": "JKali:del",
          "Unified_Diff_of-files:": "Starts Below...",
          "INSERT:": "import static java.lang.Math.sin;",
          "CHANGE_old:": "",
          "CHANGE_new:": "                LOGGER.error(\"on the road fuck yeah\");",
          "instance_detail": [
            {
              "pattern_action": "DEL",
              "pattern_entity": {
                "entity_type": "*",
                "entity_new value": "*",
                "entity_role": "Statement",
                "entity_parent": "null"
              },
              "concrete_change": {
                "operator": "DEL",
                "src_type": "LocalVariable",
                "dst_type": "null",
                "src": "int x \u003d ((int) ((car.getShape().getBounds2D().getX()) + ((car.getShape().getBounds2D().getWidth()) * (java.lang.Math.cos(java.lang.Math.toRadians(car.getCarValues().getRotation()))))))",
                "dst": "null",
                "src_parent_type": "Block",
                "dst_parent_type": "null",
                "src_parent": "{\n    java.awt.Point startpoint \u003d new java.awt.Point();\n    int x \u003d ((int) ((car.getShape().getBounds2D().getX()) + ((car.getShape().getBounds2D().getWidth()) * (java.lang.Math.cos(java.lang.Math.toRadians(car.getCarValues().getRotation()))))));\n    int y \u003d ((int) ((car.getShape().getBounds2D().getY()) + ((car.getShape().getBounds2D().getWidth()) * (java.lang.Math.sin(java.lang.Math.toRadians(car.getCarValues().getRotation()))))));\n    startpoint.x \u003d ((int) (((car.getShape().getBounds2D().getX()) + x) / 2));\n    startpoint.y \u003d ((int) (((car.getShape().getBounds2D().getY()) + y) / 2));\n    return hu.oe.nik.szfmv.detector.classes.Triangle.trianglePoints(startpoint, hu.oe.nik.szfmv.automatedcar.systemcomponents.RoadLaneDetector.SENSOR_RANGE, hu.oe.nik.szfmv.automatedcar.systemcomponents.RoadLaneDetector.ANGLE_OF_VIEW, car.getCarValues().getRotation());\n}",
                "dst_parent": "null"
              },
              "line": 87,
              "file": "/home/khesoem/projects/lighter/exp/src/main/java/hu/oe/nik/szfmv/automatedcar/systemcomponents/RoadLaneDetector.java",
              "stats": {
                "number_of_src_entities": 81,
                "number_of_dst_entities": -1,
                "src_entity_types": "[int, hu.oe.nik.szfmv.automatedcar.AutomatedCar, java.lang.Math, hu.oe.nik.szfmv.automatedcar.systemcomponents.RoadLaneDetector]",
                "dst_entity_types": "[]"
              }
            }
          ]
        },
        {
          "tool-name": "JKali",
          "pattern-name": "JKali:del",
          "Unified_Diff_of-files:": "Starts Below...",
          "INSERT:": "import static java.lang.Math.sin;",
          "CHANGE_old:": "",
          "CHANGE_new:": "                LOGGER.error(\"on the road fuck yeah\");",
          "instance_detail": [
            {
              "pattern_action": "DEL",
              "pattern_entity": {
                "entity_type": "*",
                "entity_new value": "*",
                "entity_role": "Statement",
                "entity_parent": "null"
              },
              "concrete_change": {
                "operator": "DEL",
                "src_type": "LocalVariable",
                "dst_type": "null",
                "src": "int y \u003d ((int) ((car.getShape().getBounds2D().getY()) + ((car.getShape().getBounds2D().getWidth()) * (java.lang.Math.sin(java.lang.Math.toRadians(car.getCarValues().getRotation()))))))",
                "dst": "null",
                "src_parent_type": "Block",
                "dst_parent_type": "null",
                "src_parent": "{\n    java.awt.Point startpoint \u003d new java.awt.Point();\n    int x \u003d ((int) ((car.getShape().getBounds2D().getX()) + ((car.getShape().getBounds2D().getWidth()) * (java.lang.Math.cos(java.lang.Math.toRadians(car.getCarValues().getRotation()))))));\n    int y \u003d ((int) ((car.getShape().getBounds2D().getY()) + ((car.getShape().getBounds2D().getWidth()) * (java.lang.Math.sin(java.lang.Math.toRadians(car.getCarValues().getRotation()))))));\n    startpoint.x \u003d ((int) (((car.getShape().getBounds2D().getX()) + x) / 2));\n    startpoint.y \u003d ((int) (((car.getShape().getBounds2D().getY()) + y) / 2));\n    return hu.oe.nik.szfmv.detector.classes.Triangle.trianglePoints(startpoint, hu.oe.nik.szfmv.automatedcar.systemcomponents.RoadLaneDetector.SENSOR_RANGE, hu.oe.nik.szfmv.automatedcar.systemcomponents.RoadLaneDetector.ANGLE_OF_VIEW, car.getCarValues().getRotation());\n}",
                "dst_parent": "null"
              },
              "line": 89,
              "file": "/home/khesoem/projects/lighter/exp/src/main/java/hu/oe/nik/szfmv/automatedcar/systemcomponents/RoadLaneDetector.java",
              "stats": {
                "number_of_src_entities": 81,
                "number_of_dst_entities": -1,
                "src_entity_types": "[int, hu.oe.nik.szfmv.automatedcar.AutomatedCar, java.lang.Math, hu.oe.nik.szfmv.automatedcar.systemcomponents.RoadLaneDetector]",
                "dst_entity_types": "[]"
              }
            }
          ]
        },
        {
          "tool-name": "JKali",
          "pattern-name": "JKali:del",
          "Unified_Diff_of-files:": "Starts Below...",
          "INSERT:": "import static java.lang.Math.sin;",
          "CHANGE_old:": "",
          "CHANGE_new:": "                LOGGER.error(\"on the road fuck yeah\");",
          "instance_detail": [
            {
              "pattern_action": "DEL",
              "pattern_entity": {
                "entity_type": "*",
                "entity_new value": "*",
                "entity_role": "Statement",
                "entity_parent": "null"
              },
              "concrete_change": {
                "operator": "DEL",
                "src_type": "Assignment",
                "dst_type": "null",
                "src": "startpoint.x \u003d ((int) (((car.getShape().getBounds2D().getX()) + x) / 2))",
                "dst": "null",
                "src_parent_type": "Block",
                "dst_parent_type": "null",
                "src_parent": "{\n    java.awt.Point startpoint \u003d new java.awt.Point();\n    int x \u003d ((int) ((car.getShape().getBounds2D().getX()) + ((car.getShape().getBounds2D().getWidth()) * (java.lang.Math.cos(java.lang.Math.toRadians(car.getCarValues().getRotation()))))));\n    int y \u003d ((int) ((car.getShape().getBounds2D().getY()) + ((car.getShape().getBounds2D().getWidth()) * (java.lang.Math.sin(java.lang.Math.toRadians(car.getCarValues().getRotation()))))));\n    startpoint.x \u003d ((int) (((car.getShape().getBounds2D().getX()) + x) / 2));\n    startpoint.y \u003d ((int) (((car.getShape().getBounds2D().getY()) + y) / 2));\n    return hu.oe.nik.szfmv.detector.classes.Triangle.trianglePoints(startpoint, hu.oe.nik.szfmv.automatedcar.systemcomponents.RoadLaneDetector.SENSOR_RANGE, hu.oe.nik.szfmv.automatedcar.systemcomponents.RoadLaneDetector.ANGLE_OF_VIEW, car.getCarValues().getRotation());\n}",
                "dst_parent": "null"
              },
              "line": 91,
              "file": "/home/khesoem/projects/lighter/exp/src/main/java/hu/oe/nik/szfmv/automatedcar/systemcomponents/RoadLaneDetector.java",
              "stats": {
                "number_of_src_entities": 39,
                "number_of_dst_entities": -1,
                "src_entity_types": "[int, hu.oe.nik.szfmv.automatedcar.AutomatedCar, java.awt.Point, hu.oe.nik.szfmv.automatedcar.systemcomponents.RoadLaneDetector]",
                "dst_entity_types": "[]"
              }
            }
          ]
        },
        {
          "tool-name": "JKali",
          "pattern-name": "JKali:del",
          "Unified_Diff_of-files:": "Starts Below...",
          "INSERT:": "import static java.lang.Math.sin;",
          "CHANGE_old:": "",
          "CHANGE_new:": "                LOGGER.error(\"on the road fuck yeah\");",
          "instance_detail": [
            {
              "pattern_action": "DEL",
              "pattern_entity": {
                "entity_type": "*",
                "entity_new value": "*",
                "entity_role": "Statement",
                "entity_parent": "null"
              },
              "concrete_change": {
                "operator": "DEL",
                "src_type": "Assignment",
                "dst_type": "null",
                "src": "startpoint.y \u003d ((int) (((car.getShape().getBounds2D().getY()) + y) / 2))",
                "dst": "null",
                "src_parent_type": "Block",
                "dst_parent_type": "null",
                "src_parent": "{\n    java.awt.Point startpoint \u003d new java.awt.Point();\n    int x \u003d ((int) ((car.getShape().getBounds2D().getX()) + ((car.getShape().getBounds2D().getWidth()) * (java.lang.Math.cos(java.lang.Math.toRadians(car.getCarValues().getRotation()))))));\n    int y \u003d ((int) ((car.getShape().getBounds2D().getY()) + ((car.getShape().getBounds2D().getWidth()) * (java.lang.Math.sin(java.lang.Math.toRadians(car.getCarValues().getRotation()))))));\n    startpoint.x \u003d ((int) (((car.getShape().getBounds2D().getX()) + x) / 2));\n    startpoint.y \u003d ((int) (((car.getShape().getBounds2D().getY()) + y) / 2));\n    return hu.oe.nik.szfmv.detector.classes.Triangle.trianglePoints(startpoint, hu.oe.nik.szfmv.automatedcar.systemcomponents.RoadLaneDetector.SENSOR_RANGE, hu.oe.nik.szfmv.automatedcar.systemcomponents.RoadLaneDetector.ANGLE_OF_VIEW, car.getCarValues().getRotation());\n}",
                "dst_parent": "null"
              },
              "line": 92,
              "file": "/home/khesoem/projects/lighter/exp/src/main/java/hu/oe/nik/szfmv/automatedcar/systemcomponents/RoadLaneDetector.java",
              "stats": {
                "number_of_src_entities": 39,
                "number_of_dst_entities": -1,
                "src_entity_types": "[int, hu.oe.nik.szfmv.automatedcar.AutomatedCar, java.awt.Point, hu.oe.nik.szfmv.automatedcar.systemcomponents.RoadLaneDetector]",
                "dst_entity_types": "[]"
              }
            }
          ]
        }
      ]
    },
    {
      "revision": "3ec8f68b434e794a55313e850eb0ac8093d4c7de",
      "repairability": [
        {
          "tool-name": "JKali",
          "pattern-name": "JKali:del",
          "Unified_Diff_of-files:": "Starts Below...",
          "INSERT:": "import static java.lang.Math.sin;",
          "CHANGE_old:": "",
          "CHANGE_new:": "                LOGGER.error(\"on the road fuck yeah\");",
          "instance_detail": [
            {
              "pattern_action": "DEL",
              "pattern_entity": {
                "entity_type": "*",
                "entity_new value": "*",
                "entity_role": "Statement",
                "entity_parent": "null"
              },
              "concrete_change": {
                "operator": "DEL",
                "src_type": "LocalVariable",
                "dst_type": "null",
                "src": "java.util.ArrayList\u003chu.oe.nik.szfmv.environment.models.Collidable\u003e objs \u003d new java.util.ArrayList\u003c\u003e()",
                "dst": "null",
                "src_parent_type": "Block",
                "dst_parent_type": "null",
                "src_parent": "{\n    java.util.ArrayList\u003chu.oe.nik.szfmv.environment.models.Collidable\u003e objs \u003d new java.util.ArrayList\u003c\u003e();\n    for (hu.oe.nik.szfmv.environment.WorldObject w : objects) {\n        if (w instanceof hu.oe.nik.szfmv.environment.models.Collidable) {\n            int in \u003d 0;\n            for (int i \u003d 0; i \u003c (traingle.length); i++) {\n                double actdistance \u003d pointToLineDistance(traingle[i], traingle[((i + 1) % (traingle.length))], new java.awt.Point(((int) (w.getX())), ((int) (w.getY()))));\n                if (actdistance \u003e 0) {\n                    break;\n                } else {\n                    in++;\n                }\n            }\n            if (in \u003d\u003d (hu.oe.nik.szfmv.automatedcar.systemcomponents.FrontBackDetector.TRAINGLE_SIDE)) {\n                objs.add(((hu.oe.nik.szfmv.environment.models.Collidable) (w)));\n            }\n        }\n    }\n    return objs;\n}",
                "dst_parent": "null"
              },
              "line": 41,
              "file": "/home/khesoem/projects/lighter/exp/src/main/java/hu/oe/nik/szfmv/automatedcar/systemcomponents/FrontBackDetector.java"
            }
          ]
        },
        {
          "tool-name": "JKali",
          "pattern-name": "JKali:del",
          "Unified_Diff_of-files:": "Starts Below...",
          "INSERT:": "import static java.lang.Math.sin;",
          "CHANGE_old:": "",
          "CHANGE_new:": "                LOGGER.error(\"on the road fuck yeah\");",
          "instance_detail": [
            {
              "pattern_action": "DEL",
              "pattern_entity": {
                "entity_type": "*",
                "entity_new value": "*",
                "entity_role": "Statement",
                "entity_parent": "null"
              },
              "concrete_change": {
                "operator": "DEL",
                "src_type": "LocalVariable",
                "dst_type": "null",
                "src": "int in \u003d 0",
                "dst": "null",
                "src_parent_type": "Block",
                "dst_parent_type": "null",
                "src_parent": "{\n    int in \u003d 0;\n    for (int i \u003d 0; i \u003c (traingle.length); i++) {\n        double actdistance \u003d pointToLineDistance(traingle[i], traingle[((i + 1) % (traingle.length))], new java.awt.Point(((int) (w.getX())), ((int) (w.getY()))));\n        if (actdistance \u003e 0) {\n            break;\n        } else {\n            in++;\n        }\n    }\n    if (in \u003d\u003d (hu.oe.nik.szfmv.automatedcar.systemcomponents.FrontBackDetector.TRAINGLE_SIDE)) {\n        objs.add(((hu.oe.nik.szfmv.environment.models.Collidable) (w)));\n    }\n}",
                "dst_parent": "null"
              },
              "line": 44,
              "file": "/home/khesoem/projects/lighter/exp/src/main/java/hu/oe/nik/szfmv/automatedcar/systemcomponents/FrontBackDetector.java"
            }
          ]
        },
        {
          "tool-name": "JKali",
          "pattern-name": "JKali:del",
          "Unified_Diff_of-files:": "Starts Below...",
          "INSERT:": "import static java.lang.Math.sin;",
          "CHANGE_old:": "",
          "CHANGE_new:": "                LOGGER.error(\"on the road fuck yeah\");",
          "instance_detail": [
            {
              "pattern_action": "DEL",
              "pattern_entity": {
                "entity_type": "*",
                "entity_new value": "*",
                "entity_role": "Statement",
                "entity_parent": "null"
              },
              "concrete_change": {
                "operator": "DEL",
                "src_type": "LocalVariable",
                "dst_type": "null",
                "src": "double actdistance \u003d pointToLineDistance(traingle[i], traingle[((i + 1) % (traingle.length))], new java.awt.Point(((int) (w.getX())), ((int) (w.getY()))))",
                "dst": "null",
                "src_parent_type": "Block",
                "dst_parent_type": "null",
                "src_parent": "{\n    double actdistance \u003d pointToLineDistance(traingle[i], traingle[((i + 1) % (traingle.length))], new java.awt.Point(((int) (w.getX())), ((int) (w.getY()))));\n    if (actdistance \u003e 0) {\n        break;\n    } else {\n        in++;\n    }\n}",
                "dst_parent": "null"
              },
              "line": 46,
              "file": "/home/khesoem/projects/lighter/exp/src/main/java/hu/oe/nik/szfmv/automatedcar/systemcomponents/FrontBackDetector.java"
            }
          ]
        },
        {
          "tool-name": "JKali",
          "pattern-name": "JKali:del",
          "Unified_Diff_of-files:": "Starts Below...",
          "INSERT:": "import static java.lang.Math.sin;",
          "CHANGE_old:": "",
          "CHANGE_new:": "                LOGGER.error(\"on the road fuck yeah\");",
          "instance_detail": [
            {
              "pattern_action": "DEL",
              "pattern_entity": {
                "entity_type": "*",
                "entity_new value": "*",
                "entity_role": "Statement",
                "entity_parent": "null"
              },
              "concrete_change": {
                "operator": "DEL",
                "src_type": "Break",
                "dst_type": "null",
                "src": "break",
                "dst": "null",
                "src_parent_type": "Block",
                "dst_parent_type": "null",
                "src_parent": "{\n    break;\n}",
                "dst_parent": "null"
              },
              "line": 49,
              "file": "/home/khesoem/projects/lighter/exp/src/main/java/hu/oe/nik/szfmv/automatedcar/systemcomponents/FrontBackDetector.java"
            }
          ]
        },
        {
          "tool-name": "JKali",
          "pattern-name": "JKali:del",
          "Unified_Diff_of-files:": "Starts Below...",
          "INSERT:": "import static java.lang.Math.sin;",
          "CHANGE_old:": "",
          "CHANGE_new:": "                LOGGER.error(\"on the road fuck yeah\");",
          "instance_detail": [
            {
              "pattern_action": "DEL",
              "pattern_entity": {
                "entity_type": "*",
                "entity_new value": "*",
                "entity_role": "Statement",
                "entity_parent": "null"
              },
              "concrete_change": {
                "operator": "DEL",
                "src_type": "UnaryOperator",
                "dst_type": "null",
                "src": "in++",
                "dst": "null",
                "src_parent_type": "Block",
                "dst_parent_type": "null",
                "src_parent": "{\n    in++;\n}",
                "dst_parent": "null"
              },
              "line": 51,
              "file": "/home/khesoem/projects/lighter/exp/src/main/java/hu/oe/nik/szfmv/automatedcar/systemcomponents/FrontBackDetector.java"
            }
          ]
        },
        {
          "tool-name": "JKali",
          "pattern-name": "JKali:del",
          "Unified_Diff_of-files:": "Starts Below...",
          "INSERT:": "import static java.lang.Math.sin;",
          "CHANGE_old:": "",
          "CHANGE_new:": "                LOGGER.error(\"on the road fuck yeah\");",
          "instance_detail": [
            {
              "pattern_action": "DEL",
              "pattern_entity": {
                "entity_type": "*",
                "entity_new value": "*",
                "entity_role": "Statement",
                "entity_parent": "null"
              },
              "concrete_change": {
                "operator": "DEL",
                "src_type": "If",
                "dst_type": "null",
                "src": "if (actdistance \u003e 0) {\n    break;\n} else {\n    in++;\n}",
                "dst": "null",
                "src_parent_type": "Block",
                "dst_parent_type": "null",
                "src_parent": "{\n    double actdistance \u003d pointToLineDistance(traingle[i], traingle[((i + 1) % (traingle.length))], new java.awt.Point(((int) (w.getX())), ((int) (w.getY()))));\n    if (actdistance \u003e 0) {\n        break;\n    } else {\n        in++;\n    }\n}",
                "dst_parent": "null"
              },
              "line": 48,
              "file": "/home/khesoem/projects/lighter/exp/src/main/java/hu/oe/nik/szfmv/automatedcar/systemcomponents/FrontBackDetector.java"
            }
          ]
        },
        {
          "tool-name": "JKali",
          "pattern-name": "JKali:del",
          "Unified_Diff_of-files:": "Starts Below...",
          "INSERT:": "import static java.lang.Math.sin;",
          "CHANGE_old:": "",
          "CHANGE_new:": "                LOGGER.error(\"on the road fuck yeah\");",
          "instance_detail": [
            {
              "pattern_action": "DEL",
              "pattern_entity": {
                "entity_type": "*",
                "entity_new value": "*",
                "entity_role": "Statement",
                "entity_parent": "null"
              },
              "concrete_change": {
                "operator": "DEL",
                "src_type": "For",
                "dst_type": "null",
                "src": "for (int i \u003d 0; i \u003c (traingle.length); i++) {\n    double actdistance \u003d pointToLineDistance(traingle[i], traingle[((i + 1) % (traingle.length))], new java.awt.Point(((int) (w.getX())), ((int) (w.getY()))));\n    if (actdistance \u003e 0) {\n        break;\n    } else {\n        in++;\n    }\n}",
                "dst": "null",
                "src_parent_type": "Block",
                "dst_parent_type": "null",
                "src_parent": "{\n    int in \u003d 0;\n    for (int i \u003d 0; i \u003c (traingle.length); i++) {\n        double actdistance \u003d pointToLineDistance(traingle[i], traingle[((i + 1) % (traingle.length))], new java.awt.Point(((int) (w.getX())), ((int) (w.getY()))));\n        if (actdistance \u003e 0) {\n            break;\n        } else {\n            in++;\n        }\n    }\n    if (in \u003d\u003d (hu.oe.nik.szfmv.automatedcar.systemcomponents.FrontBackDetector.TRAINGLE_SIDE)) {\n        objs.add(((hu.oe.nik.szfmv.environment.models.Collidable) (w)));\n    }\n}",
                "dst_parent": "null"
              },
              "line": 45,
              "file": "/home/khesoem/projects/lighter/exp/src/main/java/hu/oe/nik/szfmv/automatedcar/systemcomponents/FrontBackDetector.java"
            }
          ]
        },
        {
          "tool-name": "JKali",
          "pattern-name": "JKali:del",
          "Unified_Diff_of-files:": "Starts Below...",
          "INSERT:": "import static java.lang.Math.sin;",
          "CHANGE_old:": "",
          "CHANGE_new:": "                LOGGER.error(\"on the road fuck yeah\");",
          "instance_detail": [
            {
              "pattern_action": "DEL",
              "pattern_entity": {
                "entity_type": "*",
                "entity_new value": "*",
                "entity_role": "Statement",
                "entity_parent": "null"
              },
              "concrete_change": {
                "operator": "DEL",
                "src_type": "Invocation",
                "dst_type": "null",
                "src": "objs.add(((hu.oe.nik.szfmv.environment.models.Collidable) (w)))",
                "dst": "null",
                "src_parent_type": "Block",
                "dst_parent_type": "null",
                "src_parent": "{\n    objs.add(((hu.oe.nik.szfmv.environment.models.Collidable) (w)));\n}",
                "dst_parent": "null"
              },
              "line": 56,
              "file": "/home/khesoem/projects/lighter/exp/src/main/java/hu/oe/nik/szfmv/automatedcar/systemcomponents/FrontBackDetector.java"
            }
          ]
        },
        {
          "tool-name": "JKali",
          "pattern-name": "JKali:del",
          "Unified_Diff_of-files:": "Starts Below...",
          "INSERT:": "import static java.lang.Math.sin;",
          "CHANGE_old:": "",
          "CHANGE_new:": "                LOGGER.error(\"on the road fuck yeah\");",
          "instance_detail": [
            {
              "pattern_action": "DEL",
              "pattern_entity": {
                "entity_type": "*",
                "entity_new value": "*",
                "entity_role": "Statement",
                "entity_parent": "null"
              },
              "concrete_change": {
                "operator": "DEL",
                "src_type": "If",
                "dst_type": "null",
                "src": "if (in \u003d\u003d (hu.oe.nik.szfmv.automatedcar.systemcomponents.FrontBackDetector.TRAINGLE_SIDE)) {\n    objs.add(((hu.oe.nik.szfmv.environment.models.Collidable) (w)));\n}",
                "dst": "null",
                "src_parent_type": "Block",
                "dst_parent_type": "null",
                "src_parent": "{\n    int in \u003d 0;\n    for (int i \u003d 0; i \u003c (traingle.length); i++) {\n        double actdistance \u003d pointToLineDistance(traingle[i], traingle[((i + 1) % (traingle.length))], new java.awt.Point(((int) (w.getX())), ((int) (w.getY()))));\n        if (actdistance \u003e 0) {\n            break;\n        } else {\n            in++;\n        }\n    }\n    if (in \u003d\u003d (hu.oe.nik.szfmv.automatedcar.systemcomponents.FrontBackDetector.TRAINGLE_SIDE)) {\n        objs.add(((hu.oe.nik.szfmv.environment.models.Collidable) (w)));\n    }\n}",
                "dst_parent": "null"
              },
              "line": 55,
              "file": "/home/khesoem/projects/lighter/exp/src/main/java/hu/oe/nik/szfmv/automatedcar/systemcomponents/FrontBackDetector.java"
            }
          ]
        },
        {
          "tool-name": "JKali",
          "pattern-name": "JKali:del",
          "Unified_Diff_of-files:": "Starts Below...",
          "INSERT:": "import static java.lang.Math.sin;",
          "CHANGE_old:": "",
          "CHANGE_new:": "                LOGGER.error(\"on the road fuck yeah\");",
          "instance_detail": [
            {
              "pattern_action": "DEL",
              "pattern_entity": {
                "entity_type": "*",
                "entity_new value": "*",
                "entity_role": "Statement",
                "entity_parent": "null"
              },
              "concrete_change": {
                "operator": "DEL",
                "src_type": "If",
                "dst_type": "null",
                "src": "if (w instanceof hu.oe.nik.szfmv.environment.models.Collidable) {\n    int in \u003d 0;\n    for (int i \u003d 0; i \u003c (traingle.length); i++) {\n        double actdistance \u003d pointToLineDistance(traingle[i], traingle[((i + 1) % (traingle.length))], new java.awt.Point(((int) (w.getX())), ((int) (w.getY()))));\n        if (actdistance \u003e 0) {\n            break;\n        } else {\n            in++;\n        }\n    }\n    if (in \u003d\u003d (hu.oe.nik.szfmv.automatedcar.systemcomponents.FrontBackDetector.TRAINGLE_SIDE)) {\n        objs.add(((hu.oe.nik.szfmv.environment.models.Collidable) (w)));\n    }\n}",
                "dst": "null",
                "src_parent_type": "Block",
                "dst_parent_type": "null",
                "src_parent": "{\n    if (w instanceof hu.oe.nik.szfmv.environment.models.Collidable) {\n        int in \u003d 0;\n        for (int i \u003d 0; i \u003c (traingle.length); i++) {\n            double actdistance \u003d pointToLineDistance(traingle[i], traingle[((i + 1) % (traingle.length))], new java.awt.Point(((int) (w.getX())), ((int) (w.getY()))));\n            if (actdistance \u003e 0) {\n                break;\n            } else {\n                in++;\n            }\n        }\n        if (in \u003d\u003d (hu.oe.nik.szfmv.automatedcar.systemcomponents.FrontBackDetector.TRAINGLE_SIDE)) {\n            objs.add(((hu.oe.nik.szfmv.environment.models.Collidable) (w)));\n        }\n    }\n}",
                "dst_parent": "null"
              },
              "line": 43,
              "file": "/home/khesoem/projects/lighter/exp/src/main/java/hu/oe/nik/szfmv/automatedcar/systemcomponents/FrontBackDetector.java"
            }
          ]
        },
        {
          "tool-name": "JKali",
          "pattern-name": "JKali:del",
          "Unified_Diff_of-files:": "Starts Below...",
          "INSERT:": "import static java.lang.Math.sin;",
          "CHANGE_old:": "",
          "CHANGE_new:": "                LOGGER.error(\"on the road fuck yeah\");",
          "instance_detail": [
            {
              "pattern_action": "DEL",
              "pattern_entity": {
                "entity_type": "*",
                "entity_new value": "*",
                "entity_role": "Statement",
                "entity_parent": "null"
              },
              "concrete_change": {
                "operator": "DEL",
                "src_type": "ForEach",
                "dst_type": "null",
                "src": "for (hu.oe.nik.szfmv.environment.WorldObject w : objects) {\n    if (w instanceof hu.oe.nik.szfmv.environment.models.Collidable) {\n        int in \u003d 0;\n        for (int i \u003d 0; i \u003c (traingle.length); i++) {\n            double actdistance \u003d pointToLineDistance(traingle[i], traingle[((i + 1) % (traingle.length))], new java.awt.Point(((int) (w.getX())), ((int) (w.getY()))));\n            if (actdistance \u003e 0) {\n                break;\n            } else {\n                in++;\n            }\n        }\n        if (in \u003d\u003d (hu.oe.nik.szfmv.automatedcar.systemcomponents.FrontBackDetector.TRAINGLE_SIDE)) {\n            objs.add(((hu.oe.nik.szfmv.environment.models.Collidable) (w)));\n        }\n    }\n}",
                "dst": "null",
                "src_parent_type": "Block",
                "dst_parent_type": "null",
                "src_parent": "{\n    java.util.ArrayList\u003chu.oe.nik.szfmv.environment.models.Collidable\u003e objs \u003d new java.util.ArrayList\u003c\u003e();\n    for (hu.oe.nik.szfmv.environment.WorldObject w : objects) {\n        if (w instanceof hu.oe.nik.szfmv.environment.models.Collidable) {\n            int in \u003d 0;\n            for (int i \u003d 0; i \u003c (traingle.length); i++) {\n                double actdistance \u003d pointToLineDistance(traingle[i], traingle[((i + 1) % (traingle.length))], new java.awt.Point(((int) (w.getX())), ((int) (w.getY()))));\n                if (actdistance \u003e 0) {\n                    break;\n                } else {\n                    in++;\n                }\n            }\n            if (in \u003d\u003d (hu.oe.nik.szfmv.automatedcar.systemcomponents.FrontBackDetector.TRAINGLE_SIDE)) {\n                objs.add(((hu.oe.nik.szfmv.environment.models.Collidable) (w)));\n            }\n        }\n    }\n    return objs;\n}",
                "dst_parent": "null"
              },
              "line": 42,
              "file": "/home/khesoem/projects/lighter/exp/src/main/java/hu/oe/nik/szfmv/automatedcar/systemcomponents/FrontBackDetector.java"
            }
          ]
        },
        {
          "tool-name": "JKali",
          "pattern-name": "JKali:del",
          "Unified_Diff_of-files:": "Starts Below...",
          "INSERT:": "import static java.lang.Math.sin;",
          "CHANGE_old:": "",
          "CHANGE_new:": "                LOGGER.error(\"on the road fuck yeah\");",
          "instance_detail": [
            {
              "pattern_action": "DEL",
              "pattern_entity": {
                "entity_type": "*",
                "entity_new value": "*",
                "entity_role": "Statement",
                "entity_parent": "null"
              },
              "concrete_change": {
                "operator": "DEL",
                "src_type": "Return",
                "dst_type": "null",
                "src": "return objs",
                "dst": "null",
                "src_parent_type": "Block",
                "dst_parent_type": "null",
                "src_parent": "{\n    java.util.ArrayList\u003chu.oe.nik.szfmv.environment.models.Collidable\u003e objs \u003d new java.util.ArrayList\u003c\u003e();\n    for (hu.oe.nik.szfmv.environment.WorldObject w : objects) {\n        if (w instanceof hu.oe.nik.szfmv.environment.models.Collidable) {\n            int in \u003d 0;\n            for (int i \u003d 0; i \u003c (traingle.length); i++) {\n                double actdistance \u003d pointToLineDistance(traingle[i], traingle[((i + 1) % (traingle.length))], new java.awt.Point(((int) (w.getX())), ((int) (w.getY()))));\n                if (actdistance \u003e 0) {\n                    break;\n                } else {\n                    in++;\n                }\n            }\n            if (in \u003d\u003d (hu.oe.nik.szfmv.automatedcar.systemcomponents.FrontBackDetector.TRAINGLE_SIDE)) {\n                objs.add(((hu.oe.nik.szfmv.environment.models.Collidable) (w)));\n            }\n        }\n    }\n    return objs;\n}",
                "dst_parent": "null"
              },
              "line": 61,
              "file": "/home/khesoem/projects/lighter/exp/src/main/java/hu/oe/nik/szfmv/automatedcar/systemcomponents/FrontBackDetector.java"
            }
          ]
        }
      ]
    }
  ],
  "complete_analysis": true
}