{
  "instances": [
    {
      "revision": "69bba0c21a057a1af0579e00fd340d0898e2aa05",
      "repairability": [
        {
          "tool-name": "JGenProg",
          "pattern-name": "JGenProg:any_statement_deep",
          "Unified_Diff_of-files:": "Starts Below...",
          "CHANGE_old:": "        return Collections.emptyList();",
          "CHANGE_new:": "        return new ArrayList\u0026lt;BasicNameValuePair\u0026gt;();",
          "instance_detail": [
            {
              "pattern_action": "ANY",
              "pattern_entity": {
                "entity_type": "*",
                "entity_new value": "*",
                "entity_role": "*",
                "entity_parent": {
                  "entity_type": "*",
                  "entity_new value": "*",
                  "entity_role": "Statement",
                  "entity_parent": "null"
                }
              },
              "concrete_change": {
                "operator": "INS",
                "src_type": "ConstructorCall",
                "dst_type": "null",
                "src": "new java.util.ArrayList\u003corg.jasig.cas.client.util.URIBuilder.BasicNameValuePair\u003e()",
                "dst": "null",
                "src_parent_type": "Return",
                "dst_parent_type": "null",
                "src_parent": "return new java.util.ArrayList\u003corg.jasig.cas.client.util.URIBuilder.BasicNameValuePair\u003e()",
                "dst_parent": "null"
              },
              "line": 129,
              "file": "/home/khesoem/projects/lighter/exp/cas-client-core/src/main/java/org/jasig/cas/client/util/URIBuilder.java",
              "stats": {
                "number_of_src_entities": 9,
                "number_of_dst_entities": -1,
                "src_entity_types": "[java.util.ArrayList]",
                "dst_entity_types": "[]"
              }
            }
          ]
        }
      ]
    }
  ],
  "complete_analysis": true
}