{
  "instances": [
    {
      "revision": "dfb13e5397c5fdf68b389ed3d207435de7f8af89",
      "repairability": [
        {
          "tool-name": "JGenProg",
          "pattern-name": "JGenProg:any_statement_deep",
          "Unified_Diff_of-files:": "Starts Below...",
          "CHANGE_old:": "        final String principal \u003d getAuthenticationSuccess().getUser();",
          "CHANGE_new:": "        final String principal \u003d getServiceResponse().getAuthenticationSuccess().getUser();",
          "DELETE:": "",
          "INSERT:": "",
          "instance_detail": [
            {
              "pattern_action": "ANY",
              "pattern_entity": {
                "entity_type": "*",
                "entity_new value": "*",
                "entity_role": "*",
                "entity_parent": {
                  "entity_type": "*",
                  "entity_new value": "*",
                  "entity_role": "Statement",
                  "entity_parent": "null"
                }
              },
              "concrete_change": {
                "operator": "INS",
                "src_type": "ThisAccess",
                "dst_type": "null",
                "src": "this",
                "dst": "null",
                "src_parent_type": "FieldRead",
                "dst_parent_type": "null",
                "src_parent": "this.authenticationFailure",
                "dst_parent": "null"
              },
              "line": 58,
              "file": "/home/khesoem/projects/lighter/exp/cas-client-core/src/main/java/org/jasig/cas/client/validation/json/TicketValidationJsonResponse.java",
              "stats": {
                "number_of_src_entities": 8,
                "number_of_dst_entities": -1,
                "src_entity_types": "[org.jasig.cas.client.validation.json.TicketValidationJsonResponse.CasServiceResponseAuthentication, org.jasig.cas.client.validation.json.TicketValidationJsonResponse]",
                "dst_entity_types": "[]"
              }
            }
          ]
        },
        {
          "tool-name": "JGenProg",
          "pattern-name": "JGenProg:any_statement_deep",
          "Unified_Diff_of-files:": "Starts Below...",
          "CHANGE_old:": "        final String principal \u003d getAuthenticationSuccess().getUser();",
          "CHANGE_new:": "        final String principal \u003d getServiceResponse().getAuthenticationSuccess().getUser();",
          "DELETE:": "",
          "INSERT:": "",
          "instance_detail": [
            {
              "pattern_action": "ANY",
              "pattern_entity": {
                "entity_type": "*",
                "entity_new value": "*",
                "entity_role": "*",
                "entity_parent": {
                  "entity_type": "*",
                  "entity_new value": "*",
                  "entity_role": "Statement",
                  "entity_parent": "null"
                }
              },
              "concrete_change": {
                "operator": "UPD",
                "src_type": "TypeAccess",
                "dst_type": "TypeAccess",
                "src": "org.jasig.cas.client.validation.json.TicketValidationJsonResponse",
                "dst": "org.jasig.cas.client.validation.json.TicketValidationJsonResponse.CasServiceResponseAuthentication",
                "src_parent_type": "ThisAccess",
                "dst_parent_type": "ThisAccess",
                "src_parent": "this",
                "dst_parent": "this"
              },
              "stats": {
                "number_of_src_entities": 3,
                "number_of_dst_entities": 4,
                "src_entity_types": "[org.jasig.cas.client.validation.json.TicketValidationJsonResponse]",
                "dst_entity_types": "[org.jasig.cas.client.validation.json.TicketValidationJsonResponse.CasServiceResponseAuthentication, org.jasig.cas.client.validation.json.TicketValidationJsonResponse]"
              }
            }
          ]
        },
        {
          "tool-name": "JGenProg",
          "pattern-name": "JGenProg:any_statement_deep",
          "Unified_Diff_of-files:": "Starts Below...",
          "CHANGE_old:": "        final String principal \u003d getAuthenticationSuccess().getUser();",
          "CHANGE_new:": "        final String principal \u003d getServiceResponse().getAuthenticationSuccess().getUser();",
          "DELETE:": "",
          "INSERT:": "",
          "instance_detail": [
            {
              "pattern_action": "ANY",
              "pattern_entity": {
                "entity_type": "*",
                "entity_new value": "*",
                "entity_role": "*",
                "entity_parent": {
                  "entity_type": "*",
                  "entity_new value": "*",
                  "entity_role": "Statement",
                  "entity_parent": "null"
                }
              },
              "concrete_change": {
                "operator": "UPD",
                "src_type": "TypeAccess",
                "dst_type": "TypeAccess",
                "src": "org.jasig.cas.client.validation.json.TicketValidationJsonResponse",
                "dst": "org.jasig.cas.client.validation.json.TicketValidationJsonResponse.CasServiceResponseAuthentication",
                "src_parent_type": "ThisAccess",
                "dst_parent_type": "ThisAccess",
                "src_parent": "this",
                "dst_parent": "this"
              },
              "stats": {
                "number_of_src_entities": 3,
                "number_of_dst_entities": 4,
                "src_entity_types": "[org.jasig.cas.client.validation.json.TicketValidationJsonResponse]",
                "dst_entity_types": "[org.jasig.cas.client.validation.json.TicketValidationJsonResponse.CasServiceResponseAuthentication, org.jasig.cas.client.validation.json.TicketValidationJsonResponse]"
              }
            }
          ]
        },
        {
          "tool-name": "JGenProg",
          "pattern-name": "JGenProg:any_statement_deep",
          "Unified_Diff_of-files:": "Starts Below...",
          "CHANGE_old:": "        final String principal \u003d getAuthenticationSuccess().getUser();",
          "CHANGE_new:": "        final String principal \u003d getServiceResponse().getAuthenticationSuccess().getUser();",
          "DELETE:": "",
          "INSERT:": "",
          "instance_detail": [
            {
              "pattern_action": "ANY",
              "pattern_entity": {
                "entity_type": "*",
                "entity_new value": "*",
                "entity_role": "*",
                "entity_parent": {
                  "entity_type": "*",
                  "entity_new value": "*",
                  "entity_role": "Statement",
                  "entity_parent": "null"
                }
              },
              "concrete_change": {
                "operator": "UPD",
                "src_type": "TypeAccess",
                "dst_type": "TypeAccess",
                "src": "org.jasig.cas.client.validation.json.TicketValidationJsonResponse",
                "dst": "org.jasig.cas.client.validation.json.TicketValidationJsonResponse.CasServiceResponseAuthentication",
                "src_parent_type": "ThisAccess",
                "dst_parent_type": "ThisAccess",
                "src_parent": "this",
                "dst_parent": "this"
              },
              "stats": {
                "number_of_src_entities": 3,
                "number_of_dst_entities": 4,
                "src_entity_types": "[org.jasig.cas.client.validation.json.TicketValidationJsonResponse]",
                "dst_entity_types": "[org.jasig.cas.client.validation.json.TicketValidationJsonResponse.CasServiceResponseAuthentication, org.jasig.cas.client.validation.json.TicketValidationJsonResponse]"
              }
            }
          ]
        }
      ]
    },
    {
      "revision": "dfb13e5397c5fdf68b389ed3d207435de7f8af89",
      "repairability": [
        {
          "tool-name": "JGenProg",
          "pattern-name": "JGenProg:any_statement_shallow",
          "Unified_Diff_of-files:": "Starts Below...",
          "CHANGE_old:": "        final String principal \u003d getAuthenticationSuccess().getUser();",
          "CHANGE_new:": "        final String principal \u003d getServiceResponse().getAuthenticationSuccess().getUser();",
          "DELETE:": "",
          "INSERT:": "",
          "instance_detail": [
            {
              "pattern_action": "ANY",
              "pattern_entity": {
                "entity_type": "*",
                "entity_new value": "*",
                "entity_role": "Statement",
                "entity_parent": "null"
              },
              "concrete_change": {
                "operator": "DEL",
                "src_type": "If",
                "dst_type": "null",
                "src": "if ((json \u003d\u003d null) || (((json.getAuthenticationFailure()) !\u003d null) \u0026\u0026 ((json.getAuthenticationSuccess()) !\u003d null))) {\n    throw new org.jasig.cas.client.validation.TicketValidationException(((\"Invalid JSON response; either the response is empty or it indicates both a success \" + \"and a failure event, which is indicative of a server error. The actual response is \") + response));\n}",
                "dst": "null",
                "src_parent_type": "Block",
                "dst_parent_type": "null",
                "src_parent": "{\n    final org.jasig.cas.client.validation.json.TicketValidationJsonResponse json \u003d this.objectMapper.readValue(response, org.jasig.cas.client.validation.json.TicketValidationJsonResponse.class);\n    if ((json \u003d\u003d null) || (((json.getAuthenticationFailure()) !\u003d null) \u0026\u0026 ((json.getAuthenticationSuccess()) !\u003d null))) {\n        throw new org.jasig.cas.client.validation.TicketValidationException(((\"Invalid JSON response; either the response is empty or it indicates both a success \" + \"and a failure event, which is indicative of a server error. The actual response is \") + response));\n    }\n    if ((json.getAuthenticationFailure()) !\u003d null) {\n        final java.lang.String error \u003d ((json.getAuthenticationFailure().getDescription()) + \" - \") + (json.getAuthenticationFailure().getDescription());\n        throw new org.jasig.cas.client.validation.TicketValidationException(error);\n    }\n    final java.lang.String principal \u003d json.getAuthenticationSuccess().getUser();\n    if (org.jasig.cas.client.util.CommonUtils.isEmpty(principal)) {\n        throw new org.jasig.cas.client.validation.TicketValidationException(\"No principal was found in the response from the CAS server.\");\n    }\n    return json;\n}",
                "dst_parent": "null"
              },
              "line": 24,
              "file": "/home/khesoem/projects/lighter/exp/cas-client-core/src/main/java/org/jasig/cas/client/validation/json/JsonValidationResponseParser.java",
              "stats": {
                "number_of_src_entities": 58,
                "number_of_dst_entities": -1,
                "src_entity_types": "[java.lang.String, \u003cnulltype\u003e, org.jasig.cas.client.validation.json.TicketValidationJsonResponse, org.jasig.cas.client.validation.TicketValidationException]",
                "dst_entity_types": "[]"
              }
            }
          ]
        }
      ]
    }
  ],
  "complete_analysis": true
}