{
  "instances": [
    {
      "revision": "529921b2528c6372b7284eb303e3ae5a83306aab",
      "repairability": [
        {
          "tool-name": "Cardumen",
          "pattern-name": "Cardumen:expression_replacement_by_upd",
          "Unified_Diff_of-files:": "Starts Below...",
          "INSERT:": "@JsonRootName( value \u003d \"resources\", namespace \u003d DxfNamespaces.DXF_2_0 )",
          "CHANGE_old:": "",
          "CHANGE_new:": "    @JacksonXmlElementWrapper( localName \u003d \"resource\", useWrapping \u003d false )",
          "instance_detail": [
            {
              "pattern_action": "UPD",
              "pattern_entity": {
                "entity_type": "Expression",
                "entity_new value": "*",
                "entity_role": "*",
                "entity_parent": "null"
              },
              "concrete_change": {
                "operator": "UPD",
                "src_type": "Literal",
                "dst_type": "Literal",
                "src": "false",
                "dst": "true",
                "src_parent_type": "Invocation",
                "dst_parent_type": "Invocation",
                "src_parent": "pathExtensionNegotiationStrategy.setUseJaf(false)",
                "dst_parent": "pathExtensionNegotiationStrategy.setUseRegisteredExtensionsOnly(true)"
              },
              "line": 200,
              "file": "/home/khesoem/projects/lighter/exp/dhis-2/dhis-web-api/src/main/java/org/hisp/dhis/webapi/security/config/WebMvcConfig.java",
              "stats": {
                "number_of_src_entities": 2,
                "number_of_dst_entities": 2,
                "src_entity_types": "[boolean]",
                "dst_entity_types": "[boolean]"
              }
            }
          ]
        },
        {
          "tool-name": "Cardumen",
          "pattern-name": "Cardumen:expression_replacement_by_upd",
          "Unified_Diff_of-files:": "Starts Below...",
          "INSERT:": "@JsonRootName( value \u003d \"resources\", namespace \u003d DxfNamespaces.DXF_2_0 )",
          "CHANGE_old:": "",
          "CHANGE_new:": "    @JacksonXmlElementWrapper( localName \u003d \"resource\", useWrapping \u003d false )",
          "instance_detail": [
            {
              "pattern_action": "UPD",
              "pattern_entity": {
                "entity_type": "Expression",
                "entity_new value": "*",
                "entity_role": "*",
                "entity_parent": "null"
              },
              "concrete_change": {
                "operator": "UPD",
                "src_type": "FieldRead",
                "dst_type": "FieldRead",
                "src": "contextService",
                "dst": "java.nio.charset.StandardCharsets.UTF_8",
                "src_parent_type": "ConstructorCall",
                "dst_parent_type": "ConstructorCall",
                "src_parent": "new org.hisp.dhis.webapi.mvc.messageconverter.JsonPMessageConverter(nodeService(), contextService)",
                "dst_parent": "new org.springframework.http.MediaType(\"application\", \"*+xml\", java.nio.charset.StandardCharsets.UTF_8)"
              },
              "line": 171,
              "file": "/home/khesoem/projects/lighter/exp/dhis-2/dhis-web-api/src/main/java/org/hisp/dhis/webapi/security/config/WebMvcConfig.java",
              "stats": {
                "number_of_src_entities": 12,
                "number_of_dst_entities": 9,
                "src_entity_types": "[org.hisp.dhis.webapi.security.config.WebMvcConfig]",
                "dst_entity_types": "[java.nio.charset.StandardCharsets]"
              }
            }
          ]
        },
        {
          "tool-name": "Cardumen",
          "pattern-name": "Cardumen:expression_replacement_by_upd",
          "Unified_Diff_of-files:": "Starts Below...",
          "INSERT:": "@JsonRootName( value \u003d \"resources\", namespace \u003d DxfNamespaces.DXF_2_0 )",
          "CHANGE_old:": "",
          "CHANGE_new:": "    @JacksonXmlElementWrapper( localName \u003d \"resource\", useWrapping \u003d false )",
          "instance_detail": [
            {
              "pattern_action": "UPD",
              "pattern_entity": {
                "entity_type": "Expression",
                "entity_new value": "*",
                "entity_role": "*",
                "entity_parent": "null"
              },
              "concrete_change": {
                "operator": "UPD",
                "src_type": "TypeAccess",
                "dst_type": "TypeAccess",
                "src": "org.hisp.dhis.webapi.security.config.WebMvcConfig",
                "dst": "java.nio.charset.StandardCharsets",
                "src_parent_type": "ThisAccess",
                "dst_parent_type": "FieldRead",
                "src_parent": "",
                "dst_parent": "java.nio.charset.StandardCharsets.UTF_8"
              },
              "stats": {
                "number_of_src_entities": 3,
                "number_of_dst_entities": 3,
                "src_entity_types": "[org.hisp.dhis.webapi.security.config.WebMvcConfig]",
                "dst_entity_types": "[java.nio.charset.StandardCharsets]"
              }
            }
          ]
        },
        {
          "tool-name": "Cardumen",
          "pattern-name": "Cardumen:expression_replacement_by_del_ins",
          "Unified_Diff_of-files:": "Starts Below...",
          "INSERT:": "@JsonRootName( value \u003d \"resources\", namespace \u003d DxfNamespaces.DXF_2_0 )",
          "CHANGE_old:": "",
          "CHANGE_new:": "    @JacksonXmlElementWrapper( localName \u003d \"resource\", useWrapping \u003d false )",
          "instance_detail": [
            {
              "pattern_action": "DEL",
              "pattern_entity": {
                "entity_type": "Expression",
                "entity_new value": "*",
                "entity_role": "*",
                "entity_parent": "null"
              },
              "concrete_change": {
                "operator": "DEL",
                "src_type": "Invocation",
                "dst_type": "null",
                "src": "nodeService()",
                "dst": "null",
                "src_parent_type": "ConstructorCall",
                "dst_parent_type": "null",
                "src_parent": "new org.hisp.dhis.webapi.mvc.messageconverter.CsvMessageConverter(nodeService(), compression)",
                "dst_parent": "null"
              },
              "line": 169,
              "file": "/home/khesoem/projects/lighter/exp/dhis-2/dhis-web-api/src/main/java/org/hisp/dhis/webapi/security/config/WebMvcConfig.java"
            },
            {
              "pattern_action": "INS",
              "pattern_entity": {
                "entity_type": "Expression",
                "entity_new value": "*",
                "entity_role": "*",
                "entity_parent": "null"
              },
              "concrete_change": {
                "operator": "INS",
                "src_type": "Literal",
                "dst_type": "null",
                "src": "\"xml\"",
                "dst": "null",
                "src_parent_type": "ConstructorCall",
                "dst_parent_type": "null",
                "src_parent": "new org.springframework.http.MediaType(\"application\", \"xml\", java.nio.charset.StandardCharsets.UTF_8)",
                "dst_parent": "null"
              },
              "line": 157,
              "file": "/home/khesoem/projects/lighter/exp/dhis-2/dhis-web-api/src/main/java/org/hisp/dhis/webapi/security/config/WebMvcConfig.java"
            }
          ]
        },
        {
          "tool-name": "Cardumen",
          "pattern-name": "Cardumen:expression_replacement_by_del_ins",
          "Unified_Diff_of-files:": "Starts Below...",
          "INSERT:": "@JsonRootName( value \u003d \"resources\", namespace \u003d DxfNamespaces.DXF_2_0 )",
          "CHANGE_old:": "",
          "CHANGE_new:": "    @JacksonXmlElementWrapper( localName \u003d \"resource\", useWrapping \u003d false )",
          "instance_detail": [
            {
              "pattern_action": "DEL",
              "pattern_entity": {
                "entity_type": "Expression",
                "entity_new value": "*",
                "entity_role": "*",
                "entity_parent": "null"
              },
              "concrete_change": {
                "operator": "DEL",
                "src_type": "VariableRead",
                "dst_type": "null",
                "src": "compression",
                "dst": "null",
                "src_parent_type": "ConstructorCall",
                "dst_parent_type": "null",
                "src_parent": "new org.hisp.dhis.webapi.mvc.messageconverter.CsvMessageConverter(nodeService(), compression)",
                "dst_parent": "null"
              },
              "line": 169,
              "file": "/home/khesoem/projects/lighter/exp/dhis-2/dhis-web-api/src/main/java/org/hisp/dhis/webapi/security/config/WebMvcConfig.java"
            },
            {
              "pattern_action": "INS",
              "pattern_entity": {
                "entity_type": "Expression",
                "entity_new value": "*",
                "entity_role": "*",
                "entity_parent": "null"
              },
              "concrete_change": {
                "operator": "INS",
                "src_type": "Literal",
                "dst_type": "null",
                "src": "\"xml\"",
                "dst": "null",
                "src_parent_type": "ConstructorCall",
                "dst_parent_type": "null",
                "src_parent": "new org.springframework.http.MediaType(\"application\", \"xml\", java.nio.charset.StandardCharsets.UTF_8)",
                "dst_parent": "null"
              },
              "line": 157,
              "file": "/home/khesoem/projects/lighter/exp/dhis-2/dhis-web-api/src/main/java/org/hisp/dhis/webapi/security/config/WebMvcConfig.java"
            }
          ]
        },
        {
          "tool-name": "Cardumen",
          "pattern-name": "Cardumen:expression_replacement_by_del_ins",
          "Unified_Diff_of-files:": "Starts Below...",
          "INSERT:": "@JsonRootName( value \u003d \"resources\", namespace \u003d DxfNamespaces.DXF_2_0 )",
          "CHANGE_old:": "",
          "CHANGE_new:": "    @JacksonXmlElementWrapper( localName \u003d \"resource\", useWrapping \u003d false )",
          "instance_detail": [
            {
              "pattern_action": "DEL",
              "pattern_entity": {
                "entity_type": "Expression",
                "entity_new value": "*",
                "entity_role": "*",
                "entity_parent": "null"
              },
              "concrete_change": {
                "operator": "DEL",
                "src_type": "VariableRead",
                "dst_type": "null",
                "src": "parameterContentNegotiationStrategy",
                "dst": "null",
                "src_parent_type": "Invocation",
                "dst_parent_type": "null",
                "src_parent": "java.util.Arrays.asList(pathExtensionNegotiationStrategy, parameterContentNegotiationStrategy, headerContentNegotiationStrategy, fixedContentNegotiationStrategy)",
                "dst_parent": "null"
              },
              "line": 216,
              "file": "/home/khesoem/projects/lighter/exp/dhis-2/dhis-web-api/src/main/java/org/hisp/dhis/webapi/security/config/WebMvcConfig.java",
              "stats": {
                "number_of_src_entities": 4,
                "number_of_dst_entities": -1,
                "src_entity_types": "[org.springframework.web.accept.ParameterContentNegotiationStrategy]",
                "dst_entity_types": "[]"
              }
            },
            {
              "pattern_action": "INS",
              "pattern_entity": {
                "entity_type": "Expression",
                "entity_new value": "*",
                "entity_role": "*",
                "entity_parent": "null"
              },
              "concrete_change": {
                "operator": "INS",
                "src_type": "ConstructorCall",
                "dst_type": "null",
                "src": "new org.springframework.web.accept.HeaderContentNegotiationStrategy()",
                "dst": "null",
                "src_parent_type": "Invocation",
                "dst_parent_type": "null",
                "src_parent": "java.util.Arrays.asList(pathExtensionNegotiationStrategy, new org.springframework.web.accept.HeaderContentNegotiationStrategy(), new org.springframework.web.accept.FixedContentNegotiationStrategy(org.springframework.http.MediaType.APPLICATION_JSON))",
                "dst_parent": "null"
              },
              "line": 198,
              "file": "/home/khesoem/projects/lighter/exp/dhis-2/dhis-web-api/src/main/java/org/hisp/dhis/webapi/security/config/WebMvcConfig.java",
              "stats": {
                "number_of_src_entities": 6,
                "number_of_dst_entities": -1,
                "src_entity_types": "[org.springframework.web.accept.HeaderContentNegotiationStrategy]",
                "dst_entity_types": "[]"
              }
            }
          ]
        },
        {
          "tool-name": "Cardumen",
          "pattern-name": "Cardumen:expression_replacement_by_del_ins",
          "Unified_Diff_of-files:": "Starts Below...",
          "INSERT:": "@JsonRootName( value \u003d \"resources\", namespace \u003d DxfNamespaces.DXF_2_0 )",
          "CHANGE_old:": "",
          "CHANGE_new:": "    @JacksonXmlElementWrapper( localName \u003d \"resource\", useWrapping \u003d false )",
          "instance_detail": [
            {
              "pattern_action": "DEL",
              "pattern_entity": {
                "entity_type": "Expression",
                "entity_new value": "*",
                "entity_role": "*",
                "entity_parent": "null"
              },
              "concrete_change": {
                "operator": "DEL",
                "src_type": "VariableRead",
                "dst_type": "null",
                "src": "headerContentNegotiationStrategy",
                "dst": "null",
                "src_parent_type": "Invocation",
                "dst_parent_type": "null",
                "src_parent": "java.util.Arrays.asList(pathExtensionNegotiationStrategy, parameterContentNegotiationStrategy, headerContentNegotiationStrategy, fixedContentNegotiationStrategy)",
                "dst_parent": "null"
              },
              "line": 217,
              "file": "/home/khesoem/projects/lighter/exp/dhis-2/dhis-web-api/src/main/java/org/hisp/dhis/webapi/security/config/WebMvcConfig.java",
              "stats": {
                "number_of_src_entities": 4,
                "number_of_dst_entities": -1,
                "src_entity_types": "[org.springframework.web.accept.HeaderContentNegotiationStrategy]",
                "dst_entity_types": "[]"
              }
            },
            {
              "pattern_action": "INS",
              "pattern_entity": {
                "entity_type": "Expression",
                "entity_new value": "*",
                "entity_role": "*",
                "entity_parent": "null"
              },
              "concrete_change": {
                "operator": "INS",
                "src_type": "ConstructorCall",
                "dst_type": "null",
                "src": "new org.springframework.web.accept.HeaderContentNegotiationStrategy()",
                "dst": "null",
                "src_parent_type": "Invocation",
                "dst_parent_type": "null",
                "src_parent": "java.util.Arrays.asList(pathExtensionNegotiationStrategy, new org.springframework.web.accept.HeaderContentNegotiationStrategy(), new org.springframework.web.accept.FixedContentNegotiationStrategy(org.springframework.http.MediaType.APPLICATION_JSON))",
                "dst_parent": "null"
              },
              "line": 198,
              "file": "/home/khesoem/projects/lighter/exp/dhis-2/dhis-web-api/src/main/java/org/hisp/dhis/webapi/security/config/WebMvcConfig.java",
              "stats": {
                "number_of_src_entities": 6,
                "number_of_dst_entities": -1,
                "src_entity_types": "[org.springframework.web.accept.HeaderContentNegotiationStrategy]",
                "dst_entity_types": "[]"
              }
            }
          ]
        },
        {
          "tool-name": "Cardumen",
          "pattern-name": "Cardumen:expression_replacement_by_del_ins",
          "Unified_Diff_of-files:": "Starts Below...",
          "INSERT:": "@JsonRootName( value \u003d \"resources\", namespace \u003d DxfNamespaces.DXF_2_0 )",
          "CHANGE_old:": "",
          "CHANGE_new:": "    @JacksonXmlElementWrapper( localName \u003d \"resource\", useWrapping \u003d false )",
          "instance_detail": [
            {
              "pattern_action": "DEL",
              "pattern_entity": {
                "entity_type": "Expression",
                "entity_new value": "*",
                "entity_role": "*",
                "entity_parent": "null"
              },
              "concrete_change": {
                "operator": "DEL",
                "src_type": "VariableRead",
                "dst_type": "null",
                "src": "fixedContentNegotiationStrategy",
                "dst": "null",
                "src_parent_type": "Invocation",
                "dst_parent_type": "null",
                "src_parent": "java.util.Arrays.asList(pathExtensionNegotiationStrategy, parameterContentNegotiationStrategy, headerContentNegotiationStrategy, fixedContentNegotiationStrategy)",
                "dst_parent": "null"
              },
              "line": 218,
              "file": "/home/khesoem/projects/lighter/exp/dhis-2/dhis-web-api/src/main/java/org/hisp/dhis/webapi/security/config/WebMvcConfig.java",
              "stats": {
                "number_of_src_entities": 4,
                "number_of_dst_entities": -1,
                "src_entity_types": "[org.springframework.web.accept.FixedContentNegotiationStrategy]",
                "dst_entity_types": "[]"
              }
            },
            {
              "pattern_action": "INS",
              "pattern_entity": {
                "entity_type": "Expression",
                "entity_new value": "*",
                "entity_role": "*",
                "entity_parent": "null"
              },
              "concrete_change": {
                "operator": "INS",
                "src_type": "ConstructorCall",
                "dst_type": "null",
                "src": "new org.springframework.web.accept.HeaderContentNegotiationStrategy()",
                "dst": "null",
                "src_parent_type": "Invocation",
                "dst_parent_type": "null",
                "src_parent": "java.util.Arrays.asList(pathExtensionNegotiationStrategy, new org.springframework.web.accept.HeaderContentNegotiationStrategy(), new org.springframework.web.accept.FixedContentNegotiationStrategy(org.springframework.http.MediaType.APPLICATION_JSON))",
                "dst_parent": "null"
              },
              "line": 198,
              "file": "/home/khesoem/projects/lighter/exp/dhis-2/dhis-web-api/src/main/java/org/hisp/dhis/webapi/security/config/WebMvcConfig.java",
              "stats": {
                "number_of_src_entities": 6,
                "number_of_dst_entities": -1,
                "src_entity_types": "[org.springframework.web.accept.HeaderContentNegotiationStrategy]",
                "dst_entity_types": "[]"
              }
            }
          ]
        }
      ]
    }
  ],
  "complete_analysis": true
}