{
  "instances": [
    {
      "revision": "6001cf8c24f387641a556bdf651043c54bd9b423",
      "repairability": [
        {
          "tool-name": "Cardumen",
          "pattern-name": "Cardumen:expression_replacement_by_upd",
          "Unified_Diff_of-files:": "Starts Below...",
          "INSERT:": "",
          "DELETE:": "",
          "CHANGE_old:": "",
          "CHANGE_new:": "            .append( \"WHERE PI.trackedentityinstanceid \u003d TEI.trackedentityinstanceid \" )",
          "instance_detail": [
            {
              "pattern_action": "UPD",
              "pattern_entity": {
                "entity_type": "Expression",
                "entity_new value": "*",
                "entity_role": "*",
                "entity_parent": "null"
              },
              "concrete_change": {
                "operator": "UPD",
                "src_type": "Literal",
                "dst_type": "Literal",
                "src": "\"\u0027 \"",
                "dst": "\"\u0027\"",
                "src_parent_type": "BinaryOperator",
                "dst_parent_type": "BinaryOperator",
                "src_parent": "(((((((hlp.whereAnd()) + \" ( \") + (hlp.or())) + lastUpdated) + \"  \u003e\u003d \u0027\") + lastUpdatedDateString) + \"\u0027 \")",
                "dst_parent": "(((((hlp.whereAnd()) + (org.hisp.dhis.trackedentity.hibernate.HibernateTrackedEntityInstanceStore.TEI_LASTUPDATED)) + (org.hisp.dhis.trackedentity.hibernate.HibernateTrackedEntityInstanceStore.GT_EQUAL)) + \" \u0027\") + (getLongGmtDateString(org.hisp.dhis.util.DateUtils.nowMinusDuration(params.getLastUpdatedDuration())))) + \"\u0027\""
              },
              "line": 342,
              "file": "/home/khesoem/projects/lighter/exp/dhis-2/dhis-services/dhis-service-core/src/main/java/org/hisp/dhis/trackedentity/hibernate/HibernateTrackedEntityInstanceStore.java",
              "stats": {
                "number_of_src_entities": 3,
                "number_of_dst_entities": 3,
                "src_entity_types": "[java.lang.String]",
                "dst_entity_types": "[java.lang.String]"
              }
            }
          ]
        },
        {
          "tool-name": "Cardumen",
          "pattern-name": "Cardumen:expression_replacement_by_upd",
          "Unified_Diff_of-files:": "Starts Below...",
          "INSERT:": "",
          "DELETE:": "",
          "CHANGE_old:": "",
          "CHANGE_new:": "            .append( \"WHERE PI.trackedentityinstanceid \u003d TEI.trackedentityinstanceid \" )",
          "instance_detail": [
            {
              "pattern_action": "UPD",
              "pattern_entity": {
                "entity_type": "Expression",
                "entity_new value": "*",
                "entity_role": "*",
                "entity_parent": "null"
              },
              "concrete_change": {
                "operator": "UPD",
                "src_type": "Literal",
                "dst_type": "Literal",
                "src": "\"  \u003e\u003d \u0027\"",
                "dst": "\" \u0027\"",
                "src_parent_type": "BinaryOperator",
                "dst_parent_type": "BinaryOperator",
                "src_parent": "(((((hlp.whereAnd()) + \" ( \") + (hlp.or())) + lastUpdated) + \"  \u003e\u003d \u0027\")",
                "dst_parent": "((((hlp.whereAnd()) + (org.hisp.dhis.trackedentity.hibernate.HibernateTrackedEntityInstanceStore.TEI_LASTUPDATED)) + (org.hisp.dhis.trackedentity.hibernate.HibernateTrackedEntityInstanceStore.GT_EQUAL)) + \" \u0027\")"
              },
              "line": 342,
              "file": "/home/khesoem/projects/lighter/exp/dhis-2/dhis-services/dhis-service-core/src/main/java/org/hisp/dhis/trackedentity/hibernate/HibernateTrackedEntityInstanceStore.java",
              "stats": {
                "number_of_src_entities": 3,
                "number_of_dst_entities": 3,
                "src_entity_types": "[java.lang.String]",
                "dst_entity_types": "[java.lang.String]"
              }
            }
          ]
        },
        {
          "tool-name": "Cardumen",
          "pattern-name": "Cardumen:expression_replacement_by_upd",
          "Unified_Diff_of-files:": "Starts Below...",
          "INSERT:": "",
          "DELETE:": "",
          "CHANGE_old:": "",
          "CHANGE_new:": "            .append( \"WHERE PI.trackedentityinstanceid \u003d TEI.trackedentityinstanceid \" )",
          "instance_detail": [
            {
              "pattern_action": "UPD",
              "pattern_entity": {
                "entity_type": "Expression",
                "entity_new value": "*",
                "entity_role": "*",
                "entity_parent": "null"
              },
              "concrete_change": {
                "operator": "UPD",
                "src_type": "Literal",
                "dst_type": "Literal",
                "src": "\" tei.lastUpdated \u003e\u003d \u0027\"",
                "dst": "\" \u0027\"",
                "src_parent_type": "BinaryOperator",
                "dst_parent_type": "BinaryOperator",
                "src_parent": "((hlp.whereAnd()) + \" tei.lastUpdated \u003e\u003d \u0027\")",
                "dst_parent": "((((hlp.whereAnd()) + (org.hisp.dhis.trackedentity.hibernate.HibernateTrackedEntityInstanceStore.TEI_LASTUPDATED)) + (org.hisp.dhis.trackedentity.hibernate.HibernateTrackedEntityInstanceStore.GT_EQUAL)) + \" \u0027\")"
              },
              "line": 396,
              "file": "/home/khesoem/projects/lighter/exp/dhis-2/dhis-services/dhis-service-core/src/main/java/org/hisp/dhis/trackedentity/hibernate/HibernateTrackedEntityInstanceStore.java",
              "stats": {
                "number_of_src_entities": 3,
                "number_of_dst_entities": 3,
                "src_entity_types": "[java.lang.String]",
                "dst_entity_types": "[java.lang.String]"
              }
            }
          ]
        },
        {
          "tool-name": "Cardumen",
          "pattern-name": "Cardumen:expression_replacement_by_upd",
          "Unified_Diff_of-files:": "Starts Below...",
          "INSERT:": "",
          "DELETE:": "",
          "CHANGE_old:": "",
          "CHANGE_new:": "            .append( \"WHERE PI.trackedentityinstanceid \u003d TEI.trackedentityinstanceid \" )",
          "instance_detail": [
            {
              "pattern_action": "UPD",
              "pattern_entity": {
                "entity_type": "Expression",
                "entity_new value": "*",
                "entity_role": "*",
                "entity_parent": "null"
              },
              "concrete_change": {
                "operator": "UPD",
                "src_type": "Literal",
                "dst_type": "Literal",
                "src": "\" \u003e\u003d \u0027\"",
                "dst": "\" \u0027\"",
                "src_parent_type": "BinaryOperator",
                "dst_parent_type": "BinaryOperator",
                "src_parent": "(((hlp.whereAnd()) + lastUpdated) + \" \u003e\u003d \u0027\")",
                "dst_parent": "(((org.hisp.dhis.trackedentity.hibernate.HibernateTrackedEntityInstanceStore.TEI_LASTUPDATED) + (org.hisp.dhis.trackedentity.hibernate.HibernateTrackedEntityInstanceStore.GT_EQUAL)) + \" \u0027\")"
              },
              "line": 355,
              "file": "/home/khesoem/projects/lighter/exp/dhis-2/dhis-services/dhis-service-core/src/main/java/org/hisp/dhis/trackedentity/hibernate/HibernateTrackedEntityInstanceStore.java",
              "stats": {
                "number_of_src_entities": 3,
                "number_of_dst_entities": 3,
                "src_entity_types": "[java.lang.String]",
                "dst_entity_types": "[java.lang.String]"
              }
            }
          ]
        },
        {
          "tool-name": "Cardumen",
          "pattern-name": "Cardumen:expression_replacement_by_upd",
          "Unified_Diff_of-files:": "Starts Below...",
          "INSERT:": "",
          "DELETE:": "",
          "CHANGE_old:": "",
          "CHANGE_new:": "            .append( \"WHERE PI.trackedentityinstanceid \u003d TEI.trackedentityinstanceid \" )",
          "instance_detail": [
            {
              "pattern_action": "UPD",
              "pattern_entity": {
                "entity_type": "Expression",
                "entity_new value": "*",
                "entity_role": "*",
                "entity_parent": "null"
              },
              "concrete_change": {
                "operator": "UPD",
                "src_type": "TypeAccess",
                "dst_type": "TypeAccess",
                "src": "org.hisp.dhis.trackedentity.hibernate.HibernateTrackedEntityInstanceStore",
                "dst": "",
                "src_parent_type": "ThisAccess",
                "dst_parent_type": "ThisAccess",
                "src_parent": "",
                "dst_parent": ""
              },
              "stats": {
                "number_of_src_entities": 3,
                "number_of_dst_entities": 1,
                "src_entity_types": "[org.hisp.dhis.trackedentity.hibernate.HibernateTrackedEntityInstanceStore]",
                "dst_entity_types": "[]"
              }
            }
          ]
        }
      ]
    }
  ],
  "complete_analysis": true
}