{
  "instances": [
    {
      "revision": "8d75f1c621eec552c72ae9fc6ec8db889455f375",
      "repairability": [
        {
          "tool-name": "Cardumen",
          "pattern-name": "Cardumen:expression_replacement_by_del_ins",
          "Unified_Diff_of-files:": "Starts Below...",
          "CHANGE_old:": "                            break;",
          "CHANGE_new:": "",
          "DELETE:": "}",
          "INSERT:": "",
          "instance_detail": [
            {
              "pattern_action": "INS",
              "pattern_entity": {
                "entity_type": "Expression",
                "entity_new value": "*",
                "entity_role": "*",
                "entity_parent": "null"
              },
              "concrete_change": {
                "operator": "INS",
                "src_type": "BinaryOperator",
                "dst_type": "null",
                "src": "(value instanceof java.util.Collection)",
                "dst": "null",
                "src_parent_type": "UnaryOperator",
                "dst_parent_type": "null",
                "src_parent": "!(value instanceof java.util.Collection)",
                "dst_parent": "null"
              },
              "line": 177,
              "file": "/home/khesoem/projects/lighter/exp/dhis-2/dhis-services/dhis-service-core/src/main/java/org/hisp/dhis/query/InMemoryQueryEngine.java",
              "stats": {
                "number_of_src_entities": 9,
                "number_of_dst_entities": -1,
                "src_entity_types": "[boolean, java.lang.Object, java.util.Collection]",
                "dst_entity_types": "[]"
              }
            },
            {
              "pattern_action": "DEL",
              "pattern_entity": {
                "entity_type": "Expression",
                "entity_new value": "*",
                "entity_role": "*",
                "entity_parent": "null"
              },
              "concrete_change": {
                "operator": "DEL",
                "src_type": "Invocation",
                "dst_type": "null",
                "src": "(java.util.Collection.class.isInstance(value))",
                "dst": "null",
                "src_parent_type": "UnaryOperator",
                "dst_parent_type": "null",
                "src_parent": "!(java.util.Collection.class.isInstance(value))",
                "dst_parent": "null"
              },
              "line": 188,
              "file": "/home/khesoem/projects/lighter/exp/dhis-2/dhis-services/dhis-service-core/src/main/java/org/hisp/dhis/query/InMemoryQueryEngine.java",
              "stats": {
                "number_of_src_entities": 20,
                "number_of_dst_entities": -1,
                "src_entity_types": "[java.lang.Object, java.util.Collection, java.lang.Class]",
                "dst_entity_types": "[]"
              }
            }
          ]
        },
        {
          "tool-name": "Cardumen",
          "pattern-name": "Cardumen:expression_replacement_by_del_ins",
          "Unified_Diff_of-files:": "Starts Below...",
          "CHANGE_old:": "                            break;",
          "CHANGE_new:": "",
          "DELETE:": "}",
          "INSERT:": "",
          "instance_detail": [
            {
              "pattern_action": "INS",
              "pattern_entity": {
                "entity_type": "Expression",
                "entity_new value": "*",
                "entity_role": "*",
                "entity_parent": "null"
              },
              "concrete_change": {
                "operator": "INS",
                "src_type": "BinaryOperator",
                "dst_type": "null",
                "src": "(value instanceof java.util.Collection)",
                "dst": "null",
                "src_parent_type": "UnaryOperator",
                "dst_parent_type": "null",
                "src_parent": "!(value instanceof java.util.Collection)",
                "dst_parent": "null"
              },
              "line": 213,
              "file": "/home/khesoem/projects/lighter/exp/dhis-2/dhis-services/dhis-service-core/src/main/java/org/hisp/dhis/query/InMemoryQueryEngine.java",
              "stats": {
                "number_of_src_entities": 9,
                "number_of_dst_entities": -1,
                "src_entity_types": "[boolean, java.lang.Object, java.util.Collection]",
                "dst_entity_types": "[]"
              }
            },
            {
              "pattern_action": "DEL",
              "pattern_entity": {
                "entity_type": "Expression",
                "entity_new value": "*",
                "entity_role": "*",
                "entity_parent": "null"
              },
              "concrete_change": {
                "operator": "DEL",
                "src_type": "Invocation",
                "dst_type": "null",
                "src": "(java.util.Collection.class.isInstance(value))",
                "dst": "null",
                "src_parent_type": "UnaryOperator",
                "dst_parent_type": "null",
                "src_parent": "!(java.util.Collection.class.isInstance(value))",
                "dst_parent": "null"
              },
              "line": 224,
              "file": "/home/khesoem/projects/lighter/exp/dhis-2/dhis-services/dhis-service-core/src/main/java/org/hisp/dhis/query/InMemoryQueryEngine.java",
              "stats": {
                "number_of_src_entities": 20,
                "number_of_dst_entities": -1,
                "src_entity_types": "[java.lang.Object, java.util.Collection, java.lang.Class]",
                "dst_entity_types": "[]"
              }
            }
          ]
        }
      ]
    }
  ],
  "complete_analysis": true
}