{
  "instances": [
    {
      "revision": "b7569ee1eff14cb699becd2ce23b2b543838b3b4",
      "repairability": [
        {
          "tool-name": "Cardumen",
          "pattern-name": "Cardumen:expression_replacement_by_upd",
          "Unified_Diff_of-files:": "Starts Below...",
          "DELETE:": "import java.util.stream.Collectors;",
          "INSERT:": "",
          "CHANGE_old:": "            .toArray( new String[0] );",
          "CHANGE_new:": "",
          "instance_detail": [
            {
              "pattern_action": "UPD",
              "pattern_entity": {
                "entity_type": "Expression",
                "entity_new value": "*",
                "entity_role": "*",
                "entity_parent": "null"
              },
              "concrete_change": {
                "operator": "UPD",
                "src_type": "Lambda",
                "dst_type": "Lambda",
                "src": "( o) -\u003e (prefix + (o.toString())) + suffix",
                "dst": "( o) -\u003e (prefix + (o.toString())) + suffix",
                "src_parent_type": "Invocation",
                "dst_parent_type": "Invocation",
                "src_parent": "stream.map(( o) -\u003e (prefix + (o.toString())) + suffix)",
                "dst_parent": "stream.map(( o) -\u003e (prefix + (o.toString())) + suffix)"
              },
              "line": 1854,
              "file": "/home/khesoem/projects/lighter/exp/dhis-2/dhis-api/src/main/java/org/hisp/dhis/period/RelativePeriods.java",
              "stats": {
                "number_of_src_entities": 33,
                "number_of_dst_entities": 33,
                "src_entity_types": "[java.util.function.Function\u003c? super T, ? extends java.lang.String\u003e, java.lang.Object, java.lang.String]",
                "dst_entity_types": "[java.util.function.Function\u003c? super T, ? extends java.lang.String\u003e, java.lang.Object, java.lang.String]"
              }
            }
          ]
        }
      ]
    }
  ],
  "complete_analysis": true
}