{
  "instances": [
    {
      "revision": "e783c661695e6206781d40def7864e34e23cd549",
      "repairability": [
        {
          "tool-name": "Cardumen",
          "pattern-name": "Cardumen:expression_replacement_by_del_ins",
          "Unified_Diff_of-files:": "Starts Below...",
          "INSERT:": "            }",
          "CHANGE_old:": "                params.toString() +",
          "CHANGE_new:": "                params +",
          "instance_detail": [
            {
              "pattern_action": "INS",
              "pattern_entity": {
                "entity_type": "Expression",
                "entity_new value": "*",
                "entity_role": "*",
                "entity_parent": "null"
              },
              "concrete_change": {
                "operator": "INS",
                "src_type": "VariableRead",
                "dst_type": "null",
                "src": "params",
                "dst": "null",
                "src_parent_type": "BinaryOperator",
                "dst_parent_type": "null",
                "src_parent": "(params + \" finished in \")",
                "dst_parent": "null"
              },
              "line": 322,
              "file": "/home/khesoem/projects/lighter/exp/dhis-2/dhis-services/dhis-service-tracker/src/main/java/org/hisp/dhis/tracker/report/DefaultTrackerImportService.java",
              "stats": {
                "number_of_src_entities": 4,
                "number_of_dst_entities": -1,
                "src_entity_types": "[org.hisp.dhis.tracker.report.TrackerImportParams]",
                "dst_entity_types": "[]"
              }
            },
            {
              "pattern_action": "DEL",
              "pattern_entity": {
                "entity_type": "Expression",
                "entity_new value": "*",
                "entity_role": "*",
                "entity_parent": "null"
              },
              "concrete_change": {
                "operator": "DEL",
                "src_type": "Invocation",
                "dst_type": "null",
                "src": "(params.toString())",
                "dst": "null",
                "src_parent_type": "BinaryOperator",
                "dst_parent_type": "null",
                "src_parent": "((params.toString()) + \" finished in \")",
                "dst_parent": "null"
              },
              "line": 320,
              "file": "/home/khesoem/projects/lighter/exp/dhis-2/dhis-services/dhis-service-tracker/src/main/java/org/hisp/dhis/tracker/report/DefaultTrackerImportService.java",
              "stats": {
                "number_of_src_entities": 8,
                "number_of_dst_entities": -1,
                "src_entity_types": "[org.hisp.dhis.tracker.report.TrackerImportParams]",
                "dst_entity_types": "[]"
              }
            }
          ]
        },
        {
          "tool-name": "Cardumen",
          "pattern-name": "Cardumen:expression_replacement_by_del_ins",
          "Unified_Diff_of-files:": "Starts Below...",
          "INSERT:": "            }",
          "CHANGE_old:": "                params.toString() +",
          "CHANGE_new:": "                params +",
          "instance_detail": [
            {
              "pattern_action": "INS",
              "pattern_entity": {
                "entity_type": "Expression",
                "entity_new value": "*",
                "entity_role": "*",
                "entity_parent": "null"
              },
              "concrete_change": {
                "operator": "INS",
                "src_type": "VariableRead",
                "dst_type": "null",
                "src": "params",
                "dst": "null",
                "src_parent_type": "BinaryOperator",
                "dst_parent_type": "null",
                "src_parent": "(params + \" failed with exception: \")",
                "dst_parent": "null"
              },
              "line": 339,
              "file": "/home/khesoem/projects/lighter/exp/dhis-2/dhis-services/dhis-service-tracker/src/main/java/org/hisp/dhis/tracker/report/DefaultTrackerImportService.java",
              "stats": {
                "number_of_src_entities": 4,
                "number_of_dst_entities": -1,
                "src_entity_types": "[org.hisp.dhis.tracker.report.TrackerImportParams]",
                "dst_entity_types": "[]"
              }
            },
            {
              "pattern_action": "DEL",
              "pattern_entity": {
                "entity_type": "Expression",
                "entity_new value": "*",
                "entity_role": "*",
                "entity_parent": "null"
              },
              "concrete_change": {
                "operator": "DEL",
                "src_type": "Invocation",
                "dst_type": "null",
                "src": "(params.toString())",
                "dst": "null",
                "src_parent_type": "BinaryOperator",
                "dst_parent_type": "null",
                "src_parent": "((params.toString()) + \" failed with exception: \")",
                "dst_parent": "null"
              },
              "line": 337,
              "file": "/home/khesoem/projects/lighter/exp/dhis-2/dhis-services/dhis-service-tracker/src/main/java/org/hisp/dhis/tracker/report/DefaultTrackerImportService.java",
              "stats": {
                "number_of_src_entities": 8,
                "number_of_dst_entities": -1,
                "src_entity_types": "[org.hisp.dhis.tracker.report.TrackerImportParams]",
                "dst_entity_types": "[]"
              }
            }
          ]
        },
        {
          "tool-name": "Cardumen",
          "pattern-name": "Cardumen:expression_replacement_by_del_ins",
          "Unified_Diff_of-files:": "Starts Below...",
          "INSERT:": "            }",
          "CHANGE_old:": "                params.toString() +",
          "CHANGE_new:": "                params +",
          "instance_detail": [
            {
              "pattern_action": "INS",
              "pattern_entity": {
                "entity_type": "Expression",
                "entity_new value": "*",
                "entity_role": "*",
                "entity_parent": "null"
              },
              "concrete_change": {
                "operator": "INS",
                "src_type": "VariableRead",
                "dst_type": "null",
                "src": "params",
                "dst": "null",
                "src_parent_type": "BinaryOperator",
                "dst_parent_type": "null",
                "src_parent": "(params + validationOps)",
                "dst_parent": "null"
              },
              "line": 310,
              "file": "/home/khesoem/projects/lighter/exp/dhis-2/dhis-services/dhis-service-tracker/src/main/java/org/hisp/dhis/tracker/report/DefaultTrackerImportService.java",
              "stats": {
                "number_of_src_entities": 4,
                "number_of_dst_entities": -1,
                "src_entity_types": "[org.hisp.dhis.tracker.report.TrackerImportParams]",
                "dst_entity_types": "[]"
              }
            },
            {
              "pattern_action": "DEL",
              "pattern_entity": {
                "entity_type": "Expression",
                "entity_new value": "*",
                "entity_role": "*",
                "entity_parent": "null"
              },
              "concrete_change": {
                "operator": "DEL",
                "src_type": "Invocation",
                "dst_type": "null",
                "src": "(params.toString())",
                "dst": "null",
                "src_parent_type": "BinaryOperator",
                "dst_parent_type": "null",
                "src_parent": "((params.toString()) + validationOps)",
                "dst_parent": "null"
              },
              "line": 308,
              "file": "/home/khesoem/projects/lighter/exp/dhis-2/dhis-services/dhis-service-tracker/src/main/java/org/hisp/dhis/tracker/report/DefaultTrackerImportService.java",
              "stats": {
                "number_of_src_entities": 8,
                "number_of_dst_entities": -1,
                "src_entity_types": "[org.hisp.dhis.tracker.report.TrackerImportParams]",
                "dst_entity_types": "[]"
              }
            }
          ]
        }
      ]
    },
    {
      "revision": "e783c661695e6206781d40def7864e34e23cd549",
      "repairability": [
        {
          "tool-name": "Cardumen",
          "pattern-name": "Cardumen:expression_replacement_by_del_ins",
          "Unified_Diff_of-files:": "Starts Below...",
          "INSERT:": "            }",
          "CHANGE_old:": "                params.toString() +",
          "CHANGE_new:": "                params +",
          "instance_detail": [
            {
              "pattern_action": "INS",
              "pattern_entity": {
                "entity_type": "Expression",
                "entity_new value": "*",
                "entity_role": "*",
                "entity_parent": "null"
              },
              "concrete_change": {
                "operator": "INS",
                "src_type": "ThisAccess",
                "dst_type": "null",
                "src": "(this)",
                "dst": "null",
                "src_parent_type": "BinaryOperator",
                "dst_parent_type": "null",
                "src_parent": "((this) + \" started by \")",
                "dst_parent": "null"
              },
              "line": 197,
              "file": "/home/khesoem/projects/lighter/exp/dhis-2/dhis-services/dhis-service-tracker/src/main/java/org/hisp/dhis/tracker/TrackerImportParams.java",
              "stats": {
                "number_of_src_entities": 6,
                "number_of_dst_entities": -1,
                "src_entity_types": "[org.hisp.dhis.tracker.TrackerImportParams]",
                "dst_entity_types": "[]"
              }
            },
            {
              "pattern_action": "DEL",
              "pattern_entity": {
                "entity_type": "Expression",
                "entity_new value": "*",
                "entity_role": "*",
                "entity_parent": "null"
              },
              "concrete_change": {
                "operator": "DEL",
                "src_type": "Invocation",
                "dst_type": "null",
                "src": "(toString())",
                "dst": "null",
                "src_parent_type": "BinaryOperator",
                "dst_parent_type": "null",
                "src_parent": "((toString()) + \" started by \")",
                "dst_parent": "null"
              },
              "line": 194,
              "file": "/home/khesoem/projects/lighter/exp/dhis-2/dhis-services/dhis-service-tracker/src/main/java/org/hisp/dhis/tracker/TrackerImportParams.java",
              "stats": {
                "number_of_src_entities": 12,
                "number_of_dst_entities": -1,
                "src_entity_types": "[org.hisp.dhis.tracker.TrackerImportParams]",
                "dst_entity_types": "[]"
              }
            }
          ]
        }
      ]
    }
  ],
  "complete_analysis": true
}