{
  "instances": [
    {
      "revision": "e7c16dfba6101f563c26b42fd81adfbc61d025c0",
      "repairability": [
        {
          "tool-name": "JKali",
          "pattern-name": "JKali:del",
          "Unified_Diff_of-files:": "Starts Below...",
          "INSERT:": "",
          "DELETE:": "    private final Logger LOG \u003d LoggerFactory.getLogger(ValidationResource.class);",
          "instance_detail": [
            {
              "pattern_action": "DEL",
              "pattern_entity": {
                "entity_type": "*",
                "entity_new value": "*",
                "entity_role": "Statement",
                "entity_parent": "null"
              },
              "concrete_change": {
                "operator": "DEL",
                "src_type": "LocalVariable",
                "dst_type": "null",
                "src": "org.broadinstitute.dsde.consent.ontology.cloudstore.HttpResponse response",
                "dst": "null",
                "src_parent_type": "Block",
                "dst_parent_type": "null",
                "src_parent": "{\n    org.broadinstitute.dsde.consent.ontology.cloudstore.HttpResponse response;\n    org.broadinstitute.dsde.consent.ontology.cloudstore.HttpRequest request \u003d buildHttpGetRequest(new org.broadinstitute.dsde.consent.ontology.cloudstore.GenericUrl(documentUrl));\n    response \u003d request.execute();\n    return response;\n}",
                "dst_parent": "null"
              },
              "line": 58,
              "file": "/home/khesoem/projects/lighter/exp/src/main/java/org/broadinstitute/dsde/consent/ontology/cloudstore/GCSStore.java"
            }
          ]
        },
        {
          "tool-name": "JKali",
          "pattern-name": "JKali:del",
          "Unified_Diff_of-files:": "Starts Below...",
          "INSERT:": "",
          "DELETE:": "    private final Logger LOG \u003d LoggerFactory.getLogger(ValidationResource.class);",
          "instance_detail": [
            {
              "pattern_action": "DEL",
              "pattern_entity": {
                "entity_type": "*",
                "entity_new value": "*",
                "entity_role": "Statement",
                "entity_parent": "null"
              },
              "concrete_change": {
                "operator": "DEL",
                "src_type": "LocalVariable",
                "dst_type": "null",
                "src": "org.broadinstitute.dsde.consent.ontology.cloudstore.HttpRequest request \u003d buildHttpGetRequest(new org.broadinstitute.dsde.consent.ontology.cloudstore.GenericUrl(documentUrl))",
                "dst": "null",
                "src_parent_type": "Block",
                "dst_parent_type": "null",
                "src_parent": "{\n    org.broadinstitute.dsde.consent.ontology.cloudstore.HttpResponse response;\n    org.broadinstitute.dsde.consent.ontology.cloudstore.HttpRequest request \u003d buildHttpGetRequest(new org.broadinstitute.dsde.consent.ontology.cloudstore.GenericUrl(documentUrl));\n    response \u003d request.execute();\n    return response;\n}",
                "dst_parent": "null"
              },
              "line": 59,
              "file": "/home/khesoem/projects/lighter/exp/src/main/java/org/broadinstitute/dsde/consent/ontology/cloudstore/GCSStore.java"
            }
          ]
        },
        {
          "tool-name": "JKali",
          "pattern-name": "JKali:del",
          "Unified_Diff_of-files:": "Starts Below...",
          "INSERT:": "",
          "DELETE:": "    private final Logger LOG \u003d LoggerFactory.getLogger(ValidationResource.class);",
          "instance_detail": [
            {
              "pattern_action": "DEL",
              "pattern_entity": {
                "entity_type": "*",
                "entity_new value": "*",
                "entity_role": "Statement",
                "entity_parent": "null"
              },
              "concrete_change": {
                "operator": "DEL",
                "src_type": "Assignment",
                "dst_type": "null",
                "src": "response \u003d request.execute()",
                "dst": "null",
                "src_parent_type": "Block",
                "dst_parent_type": "null",
                "src_parent": "{\n    org.broadinstitute.dsde.consent.ontology.cloudstore.HttpResponse response;\n    org.broadinstitute.dsde.consent.ontology.cloudstore.HttpRequest request \u003d buildHttpGetRequest(new org.broadinstitute.dsde.consent.ontology.cloudstore.GenericUrl(documentUrl));\n    response \u003d request.execute();\n    return response;\n}",
                "dst_parent": "null"
              },
              "line": 60,
              "file": "/home/khesoem/projects/lighter/exp/src/main/java/org/broadinstitute/dsde/consent/ontology/cloudstore/GCSStore.java"
            }
          ]
        },
        {
          "tool-name": "JKali",
          "pattern-name": "JKali:del",
          "Unified_Diff_of-files:": "Starts Below...",
          "INSERT:": "",
          "DELETE:": "    private final Logger LOG \u003d LoggerFactory.getLogger(ValidationResource.class);",
          "instance_detail": [
            {
              "pattern_action": "DEL",
              "pattern_entity": {
                "entity_type": "*",
                "entity_new value": "*",
                "entity_role": "Statement",
                "entity_parent": "null"
              },
              "concrete_change": {
                "operator": "DEL",
                "src_type": "Return",
                "dst_type": "null",
                "src": "return response",
                "dst": "null",
                "src_parent_type": "Block",
                "dst_parent_type": "null",
                "src_parent": "{\n    org.broadinstitute.dsde.consent.ontology.cloudstore.HttpResponse response;\n    org.broadinstitute.dsde.consent.ontology.cloudstore.HttpRequest request \u003d buildHttpGetRequest(new org.broadinstitute.dsde.consent.ontology.cloudstore.GenericUrl(documentUrl));\n    response \u003d request.execute();\n    return response;\n}",
                "dst_parent": "null"
              },
              "line": 61,
              "file": "/home/khesoem/projects/lighter/exp/src/main/java/org/broadinstitute/dsde/consent/ontology/cloudstore/GCSStore.java"
            }
          ]
        }
      ]
    }
  ],
  "complete_analysis": true
}