{
  "instances": [
    {
      "revision": "b47a3e3ce2285cb1c8fa3f46bf3cd54a46cd62c3",
      "repairability": [
        {
          "tool-name": "JKali",
          "pattern-name": "JKali:del",
          "Unified_Diff_of-files:": "Starts Below...",
          "INSERT:": "",
          "CHANGE_old:": "                    OWLClass cexpr \u003d (OWLClass)expr;",
          "CHANGE_new:": "",
          "DELETE:": "}",
          "instance_detail": [
            {
              "pattern_action": "DEL",
              "pattern_entity": {
                "entity_type": "*",
                "entity_new value": "*",
                "entity_role": "Statement",
                "entity_parent": "null"
              },
              "concrete_change": {
                "operator": "DEL",
                "src_type": "ForEach",
                "dst_type": "null",
                "src": "for (org.broadinstitute.dsde.consent.ontology.datause.ontologies.OWLAnnotationProperty property : ontology.getAnnotationPropertiesInSignature()) {\n    annotationProperties.put(property.getIRI().getFragment(), property);\n}",
                "dst": "null",
                "src_parent_type": "Block",
                "dst_parent_type": "null",
                "src_parent": "{\n    org.broadinstitute.dsde.consent.ontology.datause.ontologies.OWLOntologyManager manager \u003d org.semanticweb.owlapi.apibinding.OWLManager.createOWLOntologyManager();\n    assert manager !\u003d null : \"Manager shouldn\u0027t be null\";\n    org.broadinstitute.dsde.consent.ontology.datause.ontologies.OWLOntology ontology \u003d manager.loadOntologyFromOntologyDocument(reader);\n    assert ontology !\u003d null : \"Ontology shouldn\u0027t be null\";\n    java.util.HashMap\u003cjava.lang.String, org.broadinstitute.dsde.consent.ontology.datause.ontologies.OWLAnnotationProperty\u003e annotationProperties \u003d new java.util.HashMap\u003c\u003e();\n    for (org.broadinstitute.dsde.consent.ontology.datause.ontologies.OWLAnnotationProperty property : ontology.getAnnotationPropertiesInSignature()) {\n        annotationProperties.put(property.getIRI().getFragment(), property);\n    }\n    org.broadinstitute.dsde.consent.ontology.datause.ontologies.OWLAnnotationProperty label \u003d annotationProperties.get(\"label\");\n    assert label !\u003d null : \"Need label annotation property\";\n    org.broadinstitute.dsde.consent.ontology.datause.ontologies.OWLAnnotationProperty deprecated \u003d annotationProperties.get(\"deprecated\");\n    for (org.broadinstitute.dsde.consent.ontology.datause.ontologies.OWLClass owlClass : ontology.getClassesInSignature()) {\n        if ((deprecated !\u003d null) \u0026\u0026 ((owlClass.getAnnotations(ontology, deprecated).size()) !\u003d 0)) {\n            continue;\n        }\n        java.lang.String id \u003d owlClass.toStringID();\n        com.hp.hpl.jena.ontology.OntClass ontClass \u003d model.createClass(id);\n        java.util.Set\u003corg.broadinstitute.dsde.consent.ontology.datause.ontologies.OWLClassExpression\u003e superClasses \u003d owlClass.getSuperClasses(ontology);\n        for (org.broadinstitute.dsde.consent.ontology.datause.ontologies.OWLClassExpression expr : superClasses) {\n            if (expr instanceof org.broadinstitute.dsde.consent.ontology.datause.ontologies.OWLClass) {\n                org.broadinstitute.dsde.consent.ontology.datause.ontologies.OWLClass cexpr \u003d ((org.broadinstitute.dsde.consent.ontology.datause.ontologies.OWLClass) (expr));\n                com.hp.hpl.jena.ontology.OntClass superClass \u003d model.createClass(cexpr.toStringID());\n                ontClass.addSuperClass(superClass);\n            }\n        }\n    }\n}",
                "dst_parent": "null"
              },
              "line": 40,
              "file": "/home/khesoem/projects/lighter/exp/src/main/java/org/broadinstitute/dsde/consent/ontology/datause/ontologies/OntologyLoader.java",
              "stats": {
                "number_of_src_entities": 45,
                "number_of_dst_entities": -1,
                "src_entity_types": "[org.broadinstitute.dsde.consent.ontology.datause.ontologies.OWLAnnotationProperty, org.broadinstitute.dsde.consent.ontology.datause.ontologies.OWLOntology, java.util.HashMap\u003cjava.lang.String, org.broadinstitute.dsde.consent.ontology.datause.ontologies.OWLAnnotationProperty\u003e, java.lang.String]",
                "dst_entity_types": "[]"
              }
            }
          ]
        },
        {
          "tool-name": "JKali",
          "pattern-name": "JKali:del",
          "Unified_Diff_of-files:": "Starts Below...",
          "INSERT:": "",
          "CHANGE_old:": "                    OWLClass cexpr \u003d (OWLClass)expr;",
          "CHANGE_new:": "",
          "DELETE:": "}",
          "instance_detail": [
            {
              "pattern_action": "DEL",
              "pattern_entity": {
                "entity_type": "*",
                "entity_new value": "*",
                "entity_role": "Statement",
                "entity_parent": "null"
              },
              "concrete_change": {
                "operator": "DEL",
                "src_type": "Continue",
                "dst_type": "null",
                "src": "continue",
                "dst": "null",
                "src_parent_type": "Block",
                "dst_parent_type": "null",
                "src_parent": "{\n    continue;\n}",
                "dst_parent": "null"
              },
              "line": 71,
              "file": "/home/khesoem/projects/lighter/exp/src/main/java/org/broadinstitute/dsde/consent/ontology/datause/ontologies/OntologyLoader.java"
            }
          ]
        },
        {
          "tool-name": "JKali",
          "pattern-name": "JKali:del",
          "Unified_Diff_of-files:": "Starts Below...",
          "INSERT:": "",
          "CHANGE_old:": "                    OWLClass cexpr \u003d (OWLClass)expr;",
          "CHANGE_new:": "",
          "DELETE:": "}",
          "instance_detail": [
            {
              "pattern_action": "DEL",
              "pattern_entity": {
                "entity_type": "*",
                "entity_new value": "*",
                "entity_role": "Statement",
                "entity_parent": "null"
              },
              "concrete_change": {
                "operator": "DEL",
                "src_type": "If",
                "dst_type": "null",
                "src": "if ((deprecated !\u003d null) \u0026\u0026 ((owlClass.getAnnotations(ontology, deprecated).size()) !\u003d 0)) {\n    continue;\n}",
                "dst": "null",
                "src_parent_type": "Block",
                "dst_parent_type": "null",
                "src_parent": "{\n    if ((deprecated !\u003d null) \u0026\u0026 ((owlClass.getAnnotations(ontology, deprecated).size()) !\u003d 0)) {\n        continue;\n    }\n    java.lang.String id \u003d owlClass.toStringID();\n    com.hp.hpl.jena.ontology.OntClass ontClass \u003d model.createClass(id);\n    java.util.Set\u003corg.broadinstitute.dsde.consent.ontology.datause.ontologies.OWLClassExpression\u003e superClasses \u003d owlClass.getSuperClasses(ontology);\n    for (org.broadinstitute.dsde.consent.ontology.datause.ontologies.OWLClassExpression expr : superClasses) {\n        if (expr instanceof org.broadinstitute.dsde.consent.ontology.datause.ontologies.OWLClass) {\n            org.broadinstitute.dsde.consent.ontology.datause.ontologies.OWLClass cexpr \u003d ((org.broadinstitute.dsde.consent.ontology.datause.ontologies.OWLClass) (expr));\n            com.hp.hpl.jena.ontology.OntClass superClass \u003d model.createClass(cexpr.toStringID());\n            ontClass.addSuperClass(superClass);\n        }\n    }\n}",
                "dst_parent": "null"
              },
              "line": 70,
              "file": "/home/khesoem/projects/lighter/exp/src/main/java/org/broadinstitute/dsde/consent/ontology/datause/ontologies/OntologyLoader.java"
            }
          ]
        },
        {
          "tool-name": "JKali",
          "pattern-name": "JKali:del",
          "Unified_Diff_of-files:": "Starts Below...",
          "INSERT:": "",
          "CHANGE_old:": "                    OWLClass cexpr \u003d (OWLClass)expr;",
          "CHANGE_new:": "",
          "DELETE:": "}",
          "instance_detail": [
            {
              "pattern_action": "DEL",
              "pattern_entity": {
                "entity_type": "*",
                "entity_new value": "*",
                "entity_role": "Statement",
                "entity_parent": "null"
              },
              "concrete_change": {
                "operator": "DEL",
                "src_type": "LocalVariable",
                "dst_type": "null",
                "src": "java.util.Set\u003corg.broadinstitute.dsde.consent.ontology.datause.ontologies.OWLClassExpression\u003e superClasses \u003d owlClass.getSuperClasses(ontology)",
                "dst": "null",
                "src_parent_type": "Block",
                "dst_parent_type": "null",
                "src_parent": "{\n    if ((deprecated !\u003d null) \u0026\u0026 ((owlClass.getAnnotations(ontology, deprecated).size()) !\u003d 0)) {\n        continue;\n    }\n    java.lang.String id \u003d owlClass.toStringID();\n    com.hp.hpl.jena.ontology.OntClass ontClass \u003d model.createClass(id);\n    java.util.Set\u003corg.broadinstitute.dsde.consent.ontology.datause.ontologies.OWLClassExpression\u003e superClasses \u003d owlClass.getSuperClasses(ontology);\n    for (org.broadinstitute.dsde.consent.ontology.datause.ontologies.OWLClassExpression expr : superClasses) {\n        if (expr instanceof org.broadinstitute.dsde.consent.ontology.datause.ontologies.OWLClass) {\n            org.broadinstitute.dsde.consent.ontology.datause.ontologies.OWLClass cexpr \u003d ((org.broadinstitute.dsde.consent.ontology.datause.ontologies.OWLClass) (expr));\n            com.hp.hpl.jena.ontology.OntClass superClass \u003d model.createClass(cexpr.toStringID());\n            ontClass.addSuperClass(superClass);\n        }\n    }\n}",
                "dst_parent": "null"
              },
              "line": 86,
              "file": "/home/khesoem/projects/lighter/exp/src/main/java/org/broadinstitute/dsde/consent/ontology/datause/ontologies/OntologyLoader.java"
            }
          ]
        },
        {
          "tool-name": "JKali",
          "pattern-name": "JKali:del",
          "Unified_Diff_of-files:": "Starts Below...",
          "INSERT:": "",
          "CHANGE_old:": "                    OWLClass cexpr \u003d (OWLClass)expr;",
          "CHANGE_new:": "",
          "DELETE:": "}",
          "instance_detail": [
            {
              "pattern_action": "DEL",
              "pattern_entity": {
                "entity_type": "*",
                "entity_new value": "*",
                "entity_role": "Statement",
                "entity_parent": "null"
              },
              "concrete_change": {
                "operator": "DEL",
                "src_type": "ForEach",
                "dst_type": "null",
                "src": "for (org.broadinstitute.dsde.consent.ontology.datause.ontologies.OWLClassExpression expr : superClasses) {\n    if (expr instanceof org.broadinstitute.dsde.consent.ontology.datause.ontologies.OWLClass) {\n        org.broadinstitute.dsde.consent.ontology.datause.ontologies.OWLClass cexpr \u003d ((org.broadinstitute.dsde.consent.ontology.datause.ontologies.OWLClass) (expr));\n        com.hp.hpl.jena.ontology.OntClass superClass \u003d model.createClass(cexpr.toStringID());\n        ontClass.addSuperClass(superClass);\n    }\n}",
                "dst": "null",
                "src_parent_type": "Block",
                "dst_parent_type": "null",
                "src_parent": "{\n    if ((deprecated !\u003d null) \u0026\u0026 ((owlClass.getAnnotations(ontology, deprecated).size()) !\u003d 0)) {\n        continue;\n    }\n    java.lang.String id \u003d owlClass.toStringID();\n    com.hp.hpl.jena.ontology.OntClass ontClass \u003d model.createClass(id);\n    java.util.Set\u003corg.broadinstitute.dsde.consent.ontology.datause.ontologies.OWLClassExpression\u003e superClasses \u003d owlClass.getSuperClasses(ontology);\n    for (org.broadinstitute.dsde.consent.ontology.datause.ontologies.OWLClassExpression expr : superClasses) {\n        if (expr instanceof org.broadinstitute.dsde.consent.ontology.datause.ontologies.OWLClass) {\n            org.broadinstitute.dsde.consent.ontology.datause.ontologies.OWLClass cexpr \u003d ((org.broadinstitute.dsde.consent.ontology.datause.ontologies.OWLClass) (expr));\n            com.hp.hpl.jena.ontology.OntClass superClass \u003d model.createClass(cexpr.toStringID());\n            ontClass.addSuperClass(superClass);\n        }\n    }\n}",
                "dst_parent": "null"
              },
              "line": 87,
              "file": "/home/khesoem/projects/lighter/exp/src/main/java/org/broadinstitute/dsde/consent/ontology/datause/ontologies/OntologyLoader.java"
            }
          ]
        },
        {
          "tool-name": "JKali",
          "pattern-name": "JKali:del",
          "Unified_Diff_of-files:": "Starts Below...",
          "INSERT:": "",
          "CHANGE_old:": "                    OWLClass cexpr \u003d (OWLClass)expr;",
          "CHANGE_new:": "",
          "DELETE:": "}",
          "instance_detail": [
            {
              "pattern_action": "DEL",
              "pattern_entity": {
                "entity_type": "*",
                "entity_new value": "*",
                "entity_role": "Statement",
                "entity_parent": "null"
              },
              "concrete_change": {
                "operator": "DEL",
                "src_type": "ForEach",
                "dst_type": "null",
                "src": "for (org.broadinstitute.dsde.consent.ontology.datause.ontologies.OWLClass owlClass : ontology.getClassesInSignature()) {\n    if ((deprecated !\u003d null) \u0026\u0026 ((owlClass.getAnnotations(ontology, deprecated).size()) !\u003d 0)) {\n        continue;\n    }\n    java.lang.String id \u003d owlClass.toStringID();\n    com.hp.hpl.jena.ontology.OntClass ontClass \u003d model.createClass(id);\n    java.util.Set\u003corg.broadinstitute.dsde.consent.ontology.datause.ontologies.OWLClassExpression\u003e superClasses \u003d owlClass.getSuperClasses(ontology);\n    for (org.broadinstitute.dsde.consent.ontology.datause.ontologies.OWLClassExpression expr : superClasses) {\n        if (expr instanceof org.broadinstitute.dsde.consent.ontology.datause.ontologies.OWLClass) {\n            org.broadinstitute.dsde.consent.ontology.datause.ontologies.OWLClass cexpr \u003d ((org.broadinstitute.dsde.consent.ontology.datause.ontologies.OWLClass) (expr));\n            com.hp.hpl.jena.ontology.OntClass superClass \u003d model.createClass(cexpr.toStringID());\n            ontClass.addSuperClass(superClass);\n        }\n    }\n}",
                "dst": "null",
                "src_parent_type": "Block",
                "dst_parent_type": "null",
                "src_parent": "{\n    org.broadinstitute.dsde.consent.ontology.datause.ontologies.OWLOntologyManager manager \u003d org.semanticweb.owlapi.apibinding.OWLManager.createOWLOntologyManager();\n    assert manager !\u003d null : \"Manager shouldn\u0027t be null\";\n    org.broadinstitute.dsde.consent.ontology.datause.ontologies.OWLOntology ontology \u003d manager.loadOntologyFromOntologyDocument(reader);\n    assert ontology !\u003d null : \"Ontology shouldn\u0027t be null\";\n    java.util.HashMap\u003cjava.lang.String, org.broadinstitute.dsde.consent.ontology.datause.ontologies.OWLAnnotationProperty\u003e annotationProperties \u003d new java.util.HashMap\u003c\u003e();\n    for (org.broadinstitute.dsde.consent.ontology.datause.ontologies.OWLAnnotationProperty property : ontology.getAnnotationPropertiesInSignature()) {\n        annotationProperties.put(property.getIRI().getFragment(), property);\n    }\n    org.broadinstitute.dsde.consent.ontology.datause.ontologies.OWLAnnotationProperty label \u003d annotationProperties.get(\"label\");\n    assert label !\u003d null : \"Need label annotation property\";\n    org.broadinstitute.dsde.consent.ontology.datause.ontologies.OWLAnnotationProperty deprecated \u003d annotationProperties.get(\"deprecated\");\n    for (org.broadinstitute.dsde.consent.ontology.datause.ontologies.OWLClass owlClass : ontology.getClassesInSignature()) {\n        if ((deprecated !\u003d null) \u0026\u0026 ((owlClass.getAnnotations(ontology, deprecated).size()) !\u003d 0)) {\n            continue;\n        }\n        java.lang.String id \u003d owlClass.toStringID();\n        com.hp.hpl.jena.ontology.OntClass ontClass \u003d model.createClass(id);\n        java.util.Set\u003corg.broadinstitute.dsde.consent.ontology.datause.ontologies.OWLClassExpression\u003e superClasses \u003d owlClass.getSuperClasses(ontology);\n        for (org.broadinstitute.dsde.consent.ontology.datause.ontologies.OWLClassExpression expr : superClasses) {\n            if (expr instanceof org.broadinstitute.dsde.consent.ontology.datause.ontologies.OWLClass) {\n                org.broadinstitute.dsde.consent.ontology.datause.ontologies.OWLClass cexpr \u003d ((org.broadinstitute.dsde.consent.ontology.datause.ontologies.OWLClass) (expr));\n                com.hp.hpl.jena.ontology.OntClass superClass \u003d model.createClass(cexpr.toStringID());\n                ontClass.addSuperClass(superClass);\n            }\n        }\n    }\n}",
                "dst_parent": "null"
              },
              "line": 49,
              "file": "/home/khesoem/projects/lighter/exp/src/main/java/org/broadinstitute/dsde/consent/ontology/datause/ontologies/OntologyLoader.java",
              "stats": {
                "number_of_src_entities": 169,
                "number_of_dst_entities": -1,
                "src_entity_types": "[org.broadinstitute.dsde.consent.ontology.datause.ontologies.OWLOntology, org.broadinstitute.dsde.consent.ontology.datause.ontologies.OWLAnnotationProperty, int, java.util.Set\u003corg.broadinstitute.dsde.consent.ontology.datause.ontologies.OWLClassExpression\u003e, java.lang.String, com.hp.hpl.jena.ontology.OntModel, org.broadinstitute.dsde.consent.ontology.datause.ontologies.OWLClassExpression, org.broadinstitute.dsde.consent.ontology.datause.ontologies.OWLClass, com.hp.hpl.jena.ontology.OntClass, \u003cnulltype\u003e]",
                "dst_entity_types": "[]"
              }
            }
          ]
        }
      ]
    }
  ],
  "complete_analysis": true
}