{
  "instances": [
    {
      "revision": "91f6f5167675e25268ba862bdc13c6625fe1dca7",
      "repairability": [
        {
          "tool-name": "Arja",
          "pattern-name": "Arja:arja_shallow_change",
          "Unified_Diff_of-files:": "Starts Below...",
          "INSERT:": "}",
          "instance_detail": [
            {
              "pattern_action": "ANY",
              "pattern_entity": {
                "entity_type": "Statement",
                "entity_new value": "*",
                "entity_role": "*",
                "entity_parent": "null"
              },
              "concrete_change": {
                "operator": "UPD",
                "src_type": "Class",
                "dst_type": "Class",
                "src": "{\n    @java.lang.Override\n    public com.datastax.driver.core.PoolingOptions build() {\n        if (null \u003d\u003d (getPoolTimeout())) {\n            setPoolTimeout(io.dropwizard.util.Duration.minutes(2));\n        }\n        return super.build().setMaxQueueSize(40960);\n    }\n}",
                "dst": "{\n    @java.lang.Override\n    public com.datastax.driver.core.PoolingOptions build() {\n        if (null \u003d\u003d (getPoolTimeout())) {\n            setPoolTimeout(io.dropwizard.util.Duration.minutes(2));\n        }\n        return super.build().setMaxQueueSize(40960);\n    }\n}",
                "src_parent_type": "NewClass",
                "dst_parent_type": "NewClass",
                "src_parent": "new systems.composable.dropwizard.cassandra.pooling.PoolingOptionsFactory() {\n    @java.lang.Override\n    public com.datastax.driver.core.PoolingOptions build() {\n        if (null \u003d\u003d (getPoolTimeout())) {\n            setPoolTimeout(io.dropwizard.util.Duration.minutes(2));\n        }\n        return super.build().setMaxQueueSize(40960);\n    }\n}",
                "dst_parent": "new systems.composable.dropwizard.cassandra.pooling.PoolingOptionsFactory() {\n    @java.lang.Override\n    public com.datastax.driver.core.PoolingOptions build() {\n        if (null \u003d\u003d (getPoolTimeout())) {\n            setPoolTimeout(io.dropwizard.util.Duration.minutes(2));\n        }\n        return super.build().setMaxQueueSize(40960);\n    }\n}"
              },
              "line": 1351,
              "file": "/home/khesoem/projects/lighter/exp/src/server/src/main/java/io/cassandrareaper/storage/CassandraStorage.java",
              "stats": {
                "number_of_src_entities": 62,
                "number_of_dst_entities": 62,
                "src_entity_types": "[int, io.cassandrareaper.storage.CassandraStorage, io.cassandrareaper.storage.CassandraStorage.2, systems.composable.dropwizard.cassandra.pooling.PoolingOptionsFactory, com.datastax.driver.core.PoolingOptions, io.dropwizard.util.Duration, java.lang.Override, \u003cnulltype\u003e]",
                "dst_entity_types": "[int, io.cassandrareaper.storage.CassandraStorage, systems.composable.dropwizard.cassandra.pooling.PoolingOptionsFactory, io.cassandrareaper.storage.CassandraStorage.3, com.datastax.driver.core.PoolingOptions, io.dropwizard.util.Duration, java.lang.Override, \u003cnulltype\u003e]"
              }
            }
          ]
        },
        {
          "tool-name": "Arja",
          "pattern-name": "Arja:arja_shallow_change",
          "Unified_Diff_of-files:": "Starts Below...",
          "INSERT:": "}",
          "instance_detail": [
            {
              "pattern_action": "ANY",
              "pattern_entity": {
                "entity_type": "Statement",
                "entity_new value": "*",
                "entity_role": "*",
                "entity_parent": "null"
              },
              "concrete_change": {
                "operator": "INS",
                "src_type": "Invocation",
                "dst_type": "null",
                "src": "database.getVersion()",
                "dst": "null",
                "src_parent_type": "Invocation",
                "dst_parent_type": "null",
                "src_parent": "io.cassandrareaper.storage.CassandraStorage.migrate(database.getVersion(), migrationRepo, session)",
                "dst_parent": "null"
              },
              "line": 232,
              "file": "/home/khesoem/projects/lighter/exp/src/server/src/main/java/io/cassandrareaper/storage/CassandraStorage.java",
              "stats": {
                "number_of_src_entities": 8,
                "number_of_dst_entities": -1,
                "src_entity_types": "[org.cognitor.cassandra.migration.Database]",
                "dst_entity_types": "[]"
              }
            }
          ]
        },
        {
          "tool-name": "Arja",
          "pattern-name": "Arja:arja_shallow_change",
          "Unified_Diff_of-files:": "Starts Below...",
          "INSERT:": "}",
          "instance_detail": [
            {
              "pattern_action": "ANY",
              "pattern_entity": {
                "entity_type": "Statement",
                "entity_new value": "*",
                "entity_role": "*",
                "entity_parent": "null"
              },
              "concrete_change": {
                "operator": "DEL",
                "src_type": "Invocation",
                "dst_type": "null",
                "src": "io.cassandrareaper.storage.cassandra.FixRepairSegmentTimestamps.migrate(session)",
                "dst": "null",
                "src_parent_type": "Block",
                "dst_parent_type": "null",
                "src_parent": "{\n    io.cassandrareaper.storage.cassandra.FixRepairSegmentTimestamps.migrate(session);\n}",
                "dst_parent": "null"
              },
              "line": 237,
              "file": "/home/khesoem/projects/lighter/exp/src/server/src/main/java/io/cassandrareaper/storage/CassandraStorage.java"
            }
          ]
        },
        {
          "tool-name": "Arja",
          "pattern-name": "Arja:arja_shallow_change",
          "Unified_Diff_of-files:": "Starts Below...",
          "INSERT:": "}",
          "instance_detail": [
            {
              "pattern_action": "ANY",
              "pattern_entity": {
                "entity_type": "Statement",
                "entity_new value": "*",
                "entity_role": "*",
                "entity_parent": "null"
              },
              "concrete_change": {
                "operator": "DEL",
                "src_type": "Block",
                "dst_type": "null",
                "src": "{\n    io.cassandrareaper.storage.cassandra.FixRepairSegmentTimestamps.migrate(session);\n}",
                "dst": "null",
                "src_parent_type": "If",
                "dst_parent_type": "null",
                "src_parent": "if ((currentVersion \u003e 3) \u0026\u0026 (currentVersion \u003c 9)) {\n    io.cassandrareaper.storage.cassandra.FixRepairSegmentTimestamps.migrate(session);\n}",
                "dst_parent": "null"
              },
              "line": 234,
              "file": "/home/khesoem/projects/lighter/exp/src/server/src/main/java/io/cassandrareaper/storage/CassandraStorage.java"
            }
          ]
        },
        {
          "tool-name": "Arja",
          "pattern-name": "Arja:arja_shallow_change",
          "Unified_Diff_of-files:": "Starts Below...",
          "INSERT:": "}",
          "instance_detail": [
            {
              "pattern_action": "ANY",
              "pattern_entity": {
                "entity_type": "Statement",
                "entity_new value": "*",
                "entity_role": "*",
                "entity_parent": "null"
              },
              "concrete_change": {
                "operator": "DEL",
                "src_type": "If",
                "dst_type": "null",
                "src": "if ((currentVersion \u003e 3) \u0026\u0026 (currentVersion \u003c 9)) {\n    io.cassandrareaper.storage.cassandra.FixRepairSegmentTimestamps.migrate(session);\n}",
                "dst": "null",
                "src_parent_type": "Block",
                "dst_parent_type": "null",
                "src_parent": "{\n    io.cassandrareaper.storage.CassandraStorage.LOG.warn(\"Starting db migration from {} to {}…\", currentVersion, migrationRepo.getLatestVersion());\n    if (4 \u003c\u003d currentVersion) {\n        java.util.List\u003cjava.lang.String\u003e otherRunningReapers \u003d session.execute(\"SELECT reaper_instance_host FROM running_reapers\").all().stream().map(( row) -\u003e row.getString(\"reaper_instance_host\")).filter(( reaperInstanceHost) -\u003e !(AppContext.REAPER_INSTANCE_ADDRESS.equals(reaperInstanceHost))).collect(java.util.stream.Collectors.toList());\n        com.google.common.base.Preconditions.checkState(otherRunningReapers.isEmpty(), \"Database migration can not happen with other reaper instances running. Found \", org.apache.commons.lang3.StringUtils.join(otherRunningReapers));\n    }\n    if ((currentVersion \u003e 3) \u0026\u0026 (currentVersion \u003c 9)) {\n        io.cassandrareaper.storage.cassandra.FixRepairSegmentTimestamps.migrate(session);\n    }\n    org.cognitor.cassandra.migration.MigrationTask migration \u003d new org.cognitor.cassandra.migration.MigrationTask(database, migrationRepo);\n    migration.migrate();\n    io.cassandrareaper.storage.cassandra.Migration003.migrate(session);\n    if (currentVersion \u003c\u003d 15) {\n        io.cassandrareaper.storage.cassandra.Migration016.migrate(session, keyspace);\n    }\n}",
                "dst_parent": "null"
              },
              "line": 234,
              "file": "/home/khesoem/projects/lighter/exp/src/server/src/main/java/io/cassandrareaper/storage/CassandraStorage.java",
              "stats": {
                "number_of_src_entities": 31,
                "number_of_dst_entities": -1,
                "src_entity_types": "[int, io.cassandrareaper.storage.cassandra.FixRepairSegmentTimestamps, boolean, com.datastax.driver.core.Session]",
                "dst_entity_types": "[]"
              }
            }
          ]
        },
        {
          "tool-name": "Arja",
          "pattern-name": "Arja:arja_shallow_change",
          "Unified_Diff_of-files:": "Starts Below...",
          "INSERT:": "}",
          "instance_detail": [
            {
              "pattern_action": "ANY",
              "pattern_entity": {
                "entity_type": "Statement",
                "entity_new value": "*",
                "entity_role": "*",
                "entity_parent": "null"
              },
              "concrete_change": {
                "operator": "DEL",
                "src_type": "Block",
                "dst_type": "null",
                "src": "{\n    io.cassandrareaper.storage.cassandra.Migration016.migrate(session, keyspace);\n}",
                "dst": "null",
                "src_parent_type": "If",
                "dst_parent_type": "null",
                "src_parent": "if (currentVersion \u003c\u003d 15) {\n    io.cassandrareaper.storage.cassandra.Migration016.migrate(session, keyspace);\n}",
                "dst_parent": "null"
              },
              "line": 243,
              "file": "/home/khesoem/projects/lighter/exp/src/server/src/main/java/io/cassandrareaper/storage/CassandraStorage.java"
            }
          ]
        },
        {
          "tool-name": "Arja",
          "pattern-name": "Arja:arja_shallow_change",
          "Unified_Diff_of-files:": "Starts Below...",
          "INSERT:": "}",
          "instance_detail": [
            {
              "pattern_action": "ANY",
              "pattern_entity": {
                "entity_type": "Statement",
                "entity_new value": "*",
                "entity_role": "*",
                "entity_parent": "null"
              },
              "concrete_change": {
                "operator": "DEL",
                "src_type": "If",
                "dst_type": "null",
                "src": "if (currentVersion \u003c\u003d 15) {\n    io.cassandrareaper.storage.cassandra.Migration016.migrate(session, keyspace);\n}",
                "dst": "null",
                "src_parent_type": "Block",
                "dst_parent_type": "null",
                "src_parent": "{\n    io.cassandrareaper.storage.CassandraStorage.LOG.warn(\"Starting db migration from {} to {}…\", currentVersion, migrationRepo.getLatestVersion());\n    if (4 \u003c\u003d currentVersion) {\n        java.util.List\u003cjava.lang.String\u003e otherRunningReapers \u003d session.execute(\"SELECT reaper_instance_host FROM running_reapers\").all().stream().map(( row) -\u003e row.getString(\"reaper_instance_host\")).filter(( reaperInstanceHost) -\u003e !(AppContext.REAPER_INSTANCE_ADDRESS.equals(reaperInstanceHost))).collect(java.util.stream.Collectors.toList());\n        com.google.common.base.Preconditions.checkState(otherRunningReapers.isEmpty(), \"Database migration can not happen with other reaper instances running. Found \", org.apache.commons.lang3.StringUtils.join(otherRunningReapers));\n    }\n    if ((currentVersion \u003e 3) \u0026\u0026 (currentVersion \u003c 9)) {\n        io.cassandrareaper.storage.cassandra.FixRepairSegmentTimestamps.migrate(session);\n    }\n    org.cognitor.cassandra.migration.MigrationTask migration \u003d new org.cognitor.cassandra.migration.MigrationTask(database, migrationRepo);\n    migration.migrate();\n    io.cassandrareaper.storage.cassandra.Migration003.migrate(session);\n    if (currentVersion \u003c\u003d 15) {\n        io.cassandrareaper.storage.cassandra.Migration016.migrate(session, keyspace);\n    }\n}",
                "dst_parent": "null"
              },
              "line": 243,
              "file": "/home/khesoem/projects/lighter/exp/src/server/src/main/java/io/cassandrareaper/storage/CassandraStorage.java",
              "stats": {
                "number_of_src_entities": 28,
                "number_of_dst_entities": -1,
                "src_entity_types": "[int, boolean, java.lang.String, io.cassandrareaper.storage.cassandra.Migration016, com.datastax.driver.core.Session]",
                "dst_entity_types": "[]"
              }
            }
          ]
        },
        {
          "tool-name": "Arja",
          "pattern-name": "Arja:arja_shallow_change",
          "Unified_Diff_of-files:": "Starts Below...",
          "INSERT:": "}",
          "instance_detail": [
            {
              "pattern_action": "ANY",
              "pattern_entity": {
                "entity_type": "Statement",
                "entity_new value": "*",
                "entity_role": "*",
                "entity_parent": "null"
              },
              "concrete_change": {
                "operator": "DEL",
                "src_type": "LocalVariable",
                "dst_type": "null",
                "src": "org.cognitor.cassandra.migration.Database database \u003d new org.cognitor.cassandra.migration.Database(cassandra, keyspace)",
                "dst": "null",
                "src_parent_type": "Block",
                "dst_parent_type": "null",
                "src_parent": "{\n    cassandra.getMetadata().getAllHosts().forEach(( host) -\u003e {\n        com.google.common.base.Preconditions.checkState((0 \u003e\u003d (com.datastax.driver.core.VersionNumber.parse(\"2.1\").compareTo(host.getCassandraVersion()))), \"All Cassandra nodes in Reaper\u0027s backend storage must be running version 2.1+\");\n    });\n    org.cognitor.cassandra.migration.Database database \u003d new org.cognitor.cassandra.migration.Database(cassandra, keyspace);\n    int currentVersion \u003d database.getVersion();\n    org.cognitor.cassandra.migration.MigrationRepository migrationRepo \u003d new org.cognitor.cassandra.migration.MigrationRepository(\"db/cassandra\");\n    if (currentVersion \u003c (migrationRepo.getLatestVersion())) {\n        io.cassandrareaper.storage.CassandraStorage.LOG.warn(\"Starting db migration from {} to {}…\", currentVersion, migrationRepo.getLatestVersion());\n        if (4 \u003c\u003d currentVersion) {\n            java.util.List\u003cjava.lang.String\u003e otherRunningReapers \u003d session.execute(\"SELECT reaper_instance_host FROM running_reapers\").all().stream().map(( row) -\u003e row.getString(\"reaper_instance_host\")).filter(( reaperInstanceHost) -\u003e !(AppContext.REAPER_INSTANCE_ADDRESS.equals(reaperInstanceHost))).collect(java.util.stream.Collectors.toList());\n            com.google.common.base.Preconditions.checkState(otherRunningReapers.isEmpty(), \"Database migration can not happen with other reaper instances running. Found \", org.apache.commons.lang3.StringUtils.join(otherRunningReapers));\n        }\n        if ((currentVersion \u003e 3) \u0026\u0026 (currentVersion \u003c 9)) {\n            io.cassandrareaper.storage.cassandra.FixRepairSegmentTimestamps.migrate(session);\n        }\n        org.cognitor.cassandra.migration.MigrationTask migration \u003d new org.cognitor.cassandra.migration.MigrationTask(database, migrationRepo);\n        migration.migrate();\n        io.cassandrareaper.storage.cassandra.Migration003.migrate(session);\n        if (currentVersion \u003c\u003d 15) {\n            io.cassandrareaper.storage.cassandra.Migration016.migrate(session, keyspace);\n        }\n    }\n}",
                "dst_parent": "null"
              },
              "line": 215,
              "file": "/home/khesoem/projects/lighter/exp/src/server/src/main/java/io/cassandrareaper/storage/CassandraStorage.java",
              "stats": {
                "number_of_src_entities": 17,
                "number_of_dst_entities": -1,
                "src_entity_types": "[java.lang.Object, io.cassandrareaper.core.Cluster, java.lang.String, org.cognitor.cassandra.migration.Database]",
                "dst_entity_types": "[]"
              }
            }
          ]
        }
      ]
    },
    {
      "revision": "91f6f5167675e25268ba862bdc13c6625fe1dca7",
      "repairability": [
        {
          "tool-name": "Arja",
          "pattern-name": "Arja:arja_shallow_change",
          "Unified_Diff_of-files:": "Starts Below...",
          "INSERT:": "}",
          "instance_detail": [
            {
              "pattern_action": "ANY",
              "pattern_entity": {
                "entity_type": "Statement",
                "entity_new value": "*",
                "entity_role": "*",
                "entity_parent": "null"
              },
              "concrete_change": {
                "operator": "DEL",
                "src_type": "Invocation",
                "dst_type": "null",
                "src": "RepairRun.RunState.values()",
                "dst": "null",
                "src_parent_type": "ArrayRead",
                "dst_parent_type": "null",
                "src_parent": "RepairRun.RunState.values()[row.getInt(\"state\")]",
                "dst_parent": "null"
              },
              "line": 61,
              "file": "/home/khesoem/projects/lighter/exp/src/server/src/main/java/io/cassandrareaper/storage/cassandra/FixRepairRunTimestamps.java"
            }
          ]
        },
        {
          "tool-name": "Arja",
          "pattern-name": "Arja:arja_shallow_change",
          "Unified_Diff_of-files:": "Starts Below...",
          "INSERT:": "}",
          "instance_detail": [
            {
              "pattern_action": "ANY",
              "pattern_entity": {
                "entity_type": "Statement",
                "entity_new value": "*",
                "entity_role": "*",
                "entity_parent": "null"
              },
              "concrete_change": {
                "operator": "DEL",
                "src_type": "Invocation",
                "dst_type": "null",
                "src": "row.getInt(\"state\")",
                "dst": "null",
                "src_parent_type": "ArrayRead",
                "dst_parent_type": "null",
                "src_parent": "RepairRun.RunState.values()[row.getInt(\"state\")]",
                "dst_parent": "null"
              },
              "line": 61,
              "file": "/home/khesoem/projects/lighter/exp/src/server/src/main/java/io/cassandrareaper/storage/cassandra/FixRepairRunTimestamps.java"
            }
          ]
        }
      ]
    }
  ],
  "complete_analysis": true
}