{
  "instances": [
    {
      "revision": "c0bb78749cc98e3dc4c7abe8a1431f2640ffa87a",
      "repairability": [
        {
          "tool-name": "Arja",
          "pattern-name": "Arja:arja_shallow_change",
          "Unified_Diff_of-files:": "Starts Below...",
          "INSERT:": "    String format \u003d \"|%1$-20s|%2$-20s|%3$-20s|\\n\";",
          "CHANGE_old:": "",
          "CHANGE_new:": "      //res.append(playerFromBool(results[i])).append(\"\\n\");",
          "instance_detail": [
            {
              "pattern_action": "ANY",
              "pattern_entity": {
                "entity_type": "Statement",
                "entity_new value": "*",
                "entity_role": "*",
                "entity_parent": "null"
              },
              "concrete_change": {
                "operator": "INS",
                "src_type": "While",
                "dst_type": "null",
                "src": "while (nick.equals(\"\"))\n    nick \u003d requestLine();\n",
                "dst": "null",
                "src_parent_type": "Block",
                "dst_parent_type": "null",
                "src_parent": "{\n    menu.showPlayers(activePlayers);\n    menu.requestUsername();\n    java.lang.String nick \u003d \"\";\n    while (nick.equals(\"\"))\n        nick \u003d requestLine();\n\n    if (nick.toUpperCase().equals(\"EXIT\")) {\n        return handleMenu();\n    }\n    requestedName \u003d nick;\n    return new edu.colostate.cs.cs414.warewolves.chad.client.gui.cl.ProfileMessage(nick);\n}",
                "dst_parent": "null"
              },
              "line": 477,
              "file": "/home/khesoem/projects/lighter/exp/src/main/java/edu/colostate/cs/cs414/warewolves/chad/client/gui/cl/CLDriver.java",
              "stats": {
                "number_of_src_entities": 35,
                "number_of_dst_entities": -1,
                "src_entity_types": "[java.lang.String, edu.colostate.cs.cs414.warewolves.chad.client.gui.cl.CLDriver]",
                "dst_entity_types": "[]"
              }
            }
          ]
        },
        {
          "tool-name": "Arja",
          "pattern-name": "Arja:arja_deep_change",
          "Unified_Diff_of-files:": "Starts Below...",
          "INSERT:": "    String format \u003d \"|%1$-20s|%2$-20s|%3$-20s|\\n\";",
          "CHANGE_old:": "",
          "CHANGE_new:": "      //res.append(playerFromBool(results[i])).append(\"\\n\");",
          "instance_detail": [
            {
              "pattern_action": "ANY",
              "pattern_entity": {
                "entity_type": "*",
                "entity_new value": "*",
                "entity_role": "*",
                "entity_parent": {
                  "entity_type": "Statement",
                  "entity_new value": "*",
                  "entity_role": "*",
                  "entity_parent": "null"
                }
              },
              "concrete_change": {
                "operator": "INS",
                "src_type": "Literal",
                "dst_type": "null",
                "src": "\"\"",
                "dst": "null",
                "src_parent_type": "LocalVariable",
                "dst_parent_type": "null",
                "src_parent": "java.lang.String nick \u003d \"\"",
                "dst_parent": "null"
              },
              "line": 476,
              "file": "/home/khesoem/projects/lighter/exp/src/main/java/edu/colostate/cs/cs414/warewolves/chad/client/gui/cl/CLDriver.java",
              "stats": {
                "number_of_src_entities": 3,
                "number_of_dst_entities": -1,
                "src_entity_types": "[java.lang.String]",
                "dst_entity_types": "[]"
              }
            }
          ]
        }
      ]
    },
    {
      "revision": "c0bb78749cc98e3dc4c7abe8a1431f2640ffa87a",
      "repairability": [
        {
          "tool-name": "Arja",
          "pattern-name": "Arja:arja_shallow_change",
          "Unified_Diff_of-files:": "Starts Below...",
          "INSERT:": "    String format \u003d \"|%1$-20s|%2$-20s|%3$-20s|\\n\";",
          "CHANGE_old:": "",
          "CHANGE_new:": "      //res.append(playerFromBool(results[i])).append(\"\\n\");",
          "instance_detail": [
            {
              "pattern_action": "ANY",
              "pattern_entity": {
                "entity_type": "Statement",
                "entity_new value": "*",
                "entity_role": "*",
                "entity_parent": "null"
              },
              "concrete_change": {
                "operator": "DEL",
                "src_type": "Invocation",
                "dst_type": "null",
                "src": "res.append(white[i])",
                "dst": "null",
                "src_parent_type": "Invocation",
                "dst_parent_type": "null",
                "src_parent": "res.append(white[i]).append(\" :: \")",
                "dst_parent": "null"
              },
              "line": 77,
              "file": "/home/khesoem/projects/lighter/exp/src/main/java/edu/colostate/cs/cs414/warewolves/chad/client/gui/cl/CLMenu.java"
            }
          ]
        },
        {
          "tool-name": "Arja",
          "pattern-name": "Arja:arja_shallow_change",
          "Unified_Diff_of-files:": "Starts Below...",
          "INSERT:": "    String format \u003d \"|%1$-20s|%2$-20s|%3$-20s|\\n\";",
          "CHANGE_old:": "",
          "CHANGE_new:": "      //res.append(playerFromBool(results[i])).append(\"\\n\");",
          "instance_detail": [
            {
              "pattern_action": "ANY",
              "pattern_entity": {
                "entity_type": "Statement",
                "entity_new value": "*",
                "entity_role": "*",
                "entity_parent": "null"
              },
              "concrete_change": {
                "operator": "DEL",
                "src_type": "Invocation",
                "dst_type": "null",
                "src": "res.append(white[i]).append(\" :: \")",
                "dst": "null",
                "src_parent_type": "Block",
                "dst_parent_type": "null",
                "src_parent": "{\n    res.append(white[i]).append(\" :: \");\n    res.append(black[i]).append(\" :: \");\n    res.append(playerFromBool(results[i])).append(\"\\n\");\n}",
                "dst_parent": "null"
              },
              "line": 77,
              "file": "/home/khesoem/projects/lighter/exp/src/main/java/edu/colostate/cs/cs414/warewolves/chad/client/gui/cl/CLMenu.java",
              "stats": {
                "number_of_src_entities": 34,
                "number_of_dst_entities": -1,
                "src_entity_types": "[int, java.lang.StringBuilder, java.lang.String]",
                "dst_entity_types": "[]"
              }
            }
          ]
        },
        {
          "tool-name": "Arja",
          "pattern-name": "Arja:arja_shallow_change",
          "Unified_Diff_of-files:": "Starts Below...",
          "INSERT:": "    String format \u003d \"|%1$-20s|%2$-20s|%3$-20s|\\n\";",
          "CHANGE_old:": "",
          "CHANGE_new:": "      //res.append(playerFromBool(results[i])).append(\"\\n\");",
          "instance_detail": [
            {
              "pattern_action": "ANY",
              "pattern_entity": {
                "entity_type": "Statement",
                "entity_new value": "*",
                "entity_role": "*",
                "entity_parent": "null"
              },
              "concrete_change": {
                "operator": "DEL",
                "src_type": "Invocation",
                "dst_type": "null",
                "src": "res.append(black[i])",
                "dst": "null",
                "src_parent_type": "Invocation",
                "dst_parent_type": "null",
                "src_parent": "res.append(black[i]).append(\" :: \")",
                "dst_parent": "null"
              },
              "line": 78,
              "file": "/home/khesoem/projects/lighter/exp/src/main/java/edu/colostate/cs/cs414/warewolves/chad/client/gui/cl/CLMenu.java"
            }
          ]
        },
        {
          "tool-name": "Arja",
          "pattern-name": "Arja:arja_shallow_change",
          "Unified_Diff_of-files:": "Starts Below...",
          "INSERT:": "    String format \u003d \"|%1$-20s|%2$-20s|%3$-20s|\\n\";",
          "CHANGE_old:": "",
          "CHANGE_new:": "      //res.append(playerFromBool(results[i])).append(\"\\n\");",
          "instance_detail": [
            {
              "pattern_action": "ANY",
              "pattern_entity": {
                "entity_type": "Statement",
                "entity_new value": "*",
                "entity_role": "*",
                "entity_parent": "null"
              },
              "concrete_change": {
                "operator": "DEL",
                "src_type": "Invocation",
                "dst_type": "null",
                "src": "res.append(black[i]).append(\" :: \")",
                "dst": "null",
                "src_parent_type": "Block",
                "dst_parent_type": "null",
                "src_parent": "{\n    res.append(white[i]).append(\" :: \");\n    res.append(black[i]).append(\" :: \");\n    res.append(playerFromBool(results[i])).append(\"\\n\");\n}",
                "dst_parent": "null"
              },
              "line": 78,
              "file": "/home/khesoem/projects/lighter/exp/src/main/java/edu/colostate/cs/cs414/warewolves/chad/client/gui/cl/CLMenu.java",
              "stats": {
                "number_of_src_entities": 34,
                "number_of_dst_entities": -1,
                "src_entity_types": "[int, java.lang.StringBuilder, java.lang.String]",
                "dst_entity_types": "[]"
              }
            }
          ]
        },
        {
          "tool-name": "Arja",
          "pattern-name": "Arja:arja_shallow_change",
          "Unified_Diff_of-files:": "Starts Below...",
          "INSERT:": "    String format \u003d \"|%1$-20s|%2$-20s|%3$-20s|\\n\";",
          "CHANGE_old:": "",
          "CHANGE_new:": "      //res.append(playerFromBool(results[i])).append(\"\\n\");",
          "instance_detail": [
            {
              "pattern_action": "ANY",
              "pattern_entity": {
                "entity_type": "Statement",
                "entity_new value": "*",
                "entity_role": "*",
                "entity_parent": "null"
              },
              "concrete_change": {
                "operator": "DEL",
                "src_type": "Invocation",
                "dst_type": "null",
                "src": "res.append(playerFromBool(results[i]))",
                "dst": "null",
                "src_parent_type": "Invocation",
                "dst_parent_type": "null",
                "src_parent": "res.append(playerFromBool(results[i])).append(\"\\n\")",
                "dst_parent": "null"
              },
              "line": 79,
              "file": "/home/khesoem/projects/lighter/exp/src/main/java/edu/colostate/cs/cs414/warewolves/chad/client/gui/cl/CLMenu.java"
            }
          ]
        },
        {
          "tool-name": "Arja",
          "pattern-name": "Arja:arja_shallow_change",
          "Unified_Diff_of-files:": "Starts Below...",
          "INSERT:": "    String format \u003d \"|%1$-20s|%2$-20s|%3$-20s|\\n\";",
          "CHANGE_old:": "",
          "CHANGE_new:": "      //res.append(playerFromBool(results[i])).append(\"\\n\");",
          "instance_detail": [
            {
              "pattern_action": "ANY",
              "pattern_entity": {
                "entity_type": "Statement",
                "entity_new value": "*",
                "entity_role": "*",
                "entity_parent": "null"
              },
              "concrete_change": {
                "operator": "DEL",
                "src_type": "Invocation",
                "dst_type": "null",
                "src": "res.append(playerFromBool(results[i])).append(\"\\n\")",
                "dst": "null",
                "src_parent_type": "Block",
                "dst_parent_type": "null",
                "src_parent": "{\n    res.append(white[i]).append(\" :: \");\n    res.append(black[i]).append(\" :: \");\n    res.append(playerFromBool(results[i])).append(\"\\n\");\n}",
                "dst_parent": "null"
              },
              "line": 79,
              "file": "/home/khesoem/projects/lighter/exp/src/main/java/edu/colostate/cs/cs414/warewolves/chad/client/gui/cl/CLMenu.java",
              "stats": {
                "number_of_src_entities": 45,
                "number_of_dst_entities": -1,
                "src_entity_types": "[edu.colostate.cs.cs414.warewolves.chad.client.gui.cl.CLMenu, int, boolean, java.lang.StringBuilder, java.lang.String]",
                "dst_entity_types": "[]"
              }
            }
          ]
        }
      ]
    }
  ],
  "complete_analysis": true
}