{
  "instances": [
    {
      "revision": "cc6fbcd7e674c85fb45684b2de2714b80193bf73",
      "repairability": [
        {
          "tool-name": "Arja",
          "pattern-name": "Arja:arja_shallow_change",
          "Unified_Diff_of-files:": "Starts Below...",
          "INSERT:": "          // Send message to gui/cli handle view message",
          "CHANGE_old:": "",
          "CHANGE_new:": "    }",
          "DELETE:": "",
          "instance_detail": [
            {
              "pattern_action": "ANY",
              "pattern_entity": {
                "entity_type": "Statement",
                "entity_new value": "*",
                "entity_role": "*",
                "entity_parent": "null"
              },
              "concrete_change": {
                "operator": "DEL",
                "src_type": "Break",
                "dst_type": "null",
                "src": "break",
                "dst": "null",
                "src_parent_type": "Case",
                "dst_parent_type": "null",
                "src_parent": "case REGISTER_RESPONSE :\n    break;",
                "dst_parent": "null"
              },
              "line": 114,
              "file": "/home/khesoem/projects/lighter/exp/src/main/java/client/gui/swing/SwingChadDriver.java"
            }
          ]
        },
        {
          "tool-name": "Arja",
          "pattern-name": "Arja:arja_shallow_change",
          "Unified_Diff_of-files:": "Starts Below...",
          "INSERT:": "          // Send message to gui/cli handle view message",
          "CHANGE_old:": "",
          "CHANGE_new:": "    }",
          "DELETE:": "",
          "instance_detail": [
            {
              "pattern_action": "ANY",
              "pattern_entity": {
                "entity_type": "Statement",
                "entity_new value": "*",
                "entity_role": "*",
                "entity_parent": "null"
              },
              "concrete_change": {
                "operator": "DEL",
                "src_type": "Case",
                "dst_type": "null",
                "src": "case REGISTER_RESPONSE :\n    break;",
                "dst": "null",
                "src_parent_type": "Switch",
                "dst_parent_type": "null",
                "src_parent": "switch (message.messageType) {\n    case REGISTER :\n        client.presenter.controller.messages.RegisterMessage registerMessage \u003d ((client.presenter.controller.messages.RegisterMessage) (message));\n        int nicknamePound \u003d registerMessage.nickname.indexOf(\u0027#\u0027);\n        int nicknameColon \u003d registerMessage.nickname.indexOf(\u0027:\u0027);\n        int emailPound \u003d registerMessage.email.indexOf(\u0027#\u0027);\n        int emailColon \u003d registerMessage.email.indexOf(\u0027:\u0027);\n        if ((nicknameColon !\u003d (-1)) || (nicknamePound !\u003d (-1))) {\n        } else\n            if ((emailColon !\u003d (-1)) || (emailPound !\u003d (-1))) {\n            } else {\n                networkManager.sendMessage(new client.presenter.network.messages.Register(registerMessage.email, registerMessage.nickname, client.presenter.controller.util.HashPasswords.SHA1FromString(registerMessage.password)));\n            }\n\n        break;\n    case LOGIN :\n        client.presenter.controller.messages.LoginMessage loginMessage \u003d ((client.presenter.controller.messages.LoginMessage) (message));\n        networkManager.sendMessage(new client.presenter.network.messages.Login(loginMessage.email, client.presenter.controller.util.HashPasswords.SHA1FromString(loginMessage.password)));\n        break;\n    case UNREGISTER :\n        client.presenter.controller.messages.UnregisterMessage unregisterMessage \u003d ((client.presenter.controller.messages.UnregisterMessage) (message));\n        networkManager.sendMessage(new client.presenter.network.messages.Unregister(unregisterMessage.email, unregisterMessage.nickname, client.presenter.controller.util.HashPasswords.SHA1FromString(unregisterMessage.password)));\n        break;\n    case SHOW_VALID_MOVES :\n        if (chadGame.gameover()) {\n            return;\n        }\n        client.presenter.controller.messages.ViewValidMoves validMovesMessage \u003d ((client.presenter.controller.messages.ViewValidMoves) (message));\n        java.lang.String validMoves \u003d chadGame.validMoves(validMovesMessage.location.toString());\n        gamePanel.setValidMoves(validMoves);\n        break;\n    case MENU :\n        handleMenuMessage(((client.presenter.controller.messages.MenuMessage) (message)));\n        break;\n    case MOVE_PIECE :\n        client.presenter.controller.messages.MovePieceMessage moves \u003d ((client.presenter.controller.messages.MovePieceMessage) (message));\n        chadGame.move(moves.fromLocation.toString(), moves.toLocation.toString());\n        setupGame(gameID, chadGame.getBoard(), chadGame.getTurn());\n        if (chadGame.gameover()) {\n            gamePanel.displayMessage(((getCurrentPlayer((!(chadGame.getTurn())))) + \" player won the game!\"));\n        }\n        break;\n    case REGISTER_RESPONSE :\n        break;\n    case LOGIN_RESPONSE :\n        break;\n    case UNREGISTER_RESPONSE :\n        break;\n    case SHOW_VALID_MOVES_RESPONSE :\n        break;\n    case MENU_RESPONSE :\n        break;\n    case MOVE_PIECE_RESPONSE :\n        break;\n}",
                "dst_parent": "null"
              },
              "line": 113,
              "file": "/home/khesoem/projects/lighter/exp/src/main/java/client/gui/swing/SwingChadDriver.java",
              "stats": {
                "number_of_src_entities": 6,
                "number_of_dst_entities": -1,
                "src_entity_types": "[]",
                "dst_entity_types": "[]"
              }
            }
          ]
        },
        {
          "tool-name": "Arja",
          "pattern-name": "Arja:arja_shallow_change",
          "Unified_Diff_of-files:": "Starts Below...",
          "INSERT:": "          // Send message to gui/cli handle view message",
          "CHANGE_old:": "",
          "CHANGE_new:": "    }",
          "DELETE:": "",
          "instance_detail": [
            {
              "pattern_action": "ANY",
              "pattern_entity": {
                "entity_type": "Statement",
                "entity_new value": "*",
                "entity_role": "*",
                "entity_parent": "null"
              },
              "concrete_change": {
                "operator": "DEL",
                "src_type": "Break",
                "dst_type": "null",
                "src": "break",
                "dst": "null",
                "src_parent_type": "Case",
                "dst_parent_type": "null",
                "src_parent": "case LOGIN_RESPONSE :\n    break;",
                "dst_parent": "null"
              },
              "line": 116,
              "file": "/home/khesoem/projects/lighter/exp/src/main/java/client/gui/swing/SwingChadDriver.java"
            }
          ]
        },
        {
          "tool-name": "Arja",
          "pattern-name": "Arja:arja_shallow_change",
          "Unified_Diff_of-files:": "Starts Below...",
          "INSERT:": "          // Send message to gui/cli handle view message",
          "CHANGE_old:": "",
          "CHANGE_new:": "    }",
          "DELETE:": "",
          "instance_detail": [
            {
              "pattern_action": "ANY",
              "pattern_entity": {
                "entity_type": "Statement",
                "entity_new value": "*",
                "entity_role": "*",
                "entity_parent": "null"
              },
              "concrete_change": {
                "operator": "DEL",
                "src_type": "Case",
                "dst_type": "null",
                "src": "case LOGIN_RESPONSE :\n    break;",
                "dst": "null",
                "src_parent_type": "Switch",
                "dst_parent_type": "null",
                "src_parent": "switch (message.messageType) {\n    case REGISTER :\n        client.presenter.controller.messages.RegisterMessage registerMessage \u003d ((client.presenter.controller.messages.RegisterMessage) (message));\n        int nicknamePound \u003d registerMessage.nickname.indexOf(\u0027#\u0027);\n        int nicknameColon \u003d registerMessage.nickname.indexOf(\u0027:\u0027);\n        int emailPound \u003d registerMessage.email.indexOf(\u0027#\u0027);\n        int emailColon \u003d registerMessage.email.indexOf(\u0027:\u0027);\n        if ((nicknameColon !\u003d (-1)) || (nicknamePound !\u003d (-1))) {\n        } else\n            if ((emailColon !\u003d (-1)) || (emailPound !\u003d (-1))) {\n            } else {\n                networkManager.sendMessage(new client.presenter.network.messages.Register(registerMessage.email, registerMessage.nickname, client.presenter.controller.util.HashPasswords.SHA1FromString(registerMessage.password)));\n            }\n\n        break;\n    case LOGIN :\n        client.presenter.controller.messages.LoginMessage loginMessage \u003d ((client.presenter.controller.messages.LoginMessage) (message));\n        networkManager.sendMessage(new client.presenter.network.messages.Login(loginMessage.email, client.presenter.controller.util.HashPasswords.SHA1FromString(loginMessage.password)));\n        break;\n    case UNREGISTER :\n        client.presenter.controller.messages.UnregisterMessage unregisterMessage \u003d ((client.presenter.controller.messages.UnregisterMessage) (message));\n        networkManager.sendMessage(new client.presenter.network.messages.Unregister(unregisterMessage.email, unregisterMessage.nickname, client.presenter.controller.util.HashPasswords.SHA1FromString(unregisterMessage.password)));\n        break;\n    case SHOW_VALID_MOVES :\n        if (chadGame.gameover()) {\n            return;\n        }\n        client.presenter.controller.messages.ViewValidMoves validMovesMessage \u003d ((client.presenter.controller.messages.ViewValidMoves) (message));\n        java.lang.String validMoves \u003d chadGame.validMoves(validMovesMessage.location.toString());\n        gamePanel.setValidMoves(validMoves);\n        break;\n    case MENU :\n        handleMenuMessage(((client.presenter.controller.messages.MenuMessage) (message)));\n        break;\n    case MOVE_PIECE :\n        client.presenter.controller.messages.MovePieceMessage moves \u003d ((client.presenter.controller.messages.MovePieceMessage) (message));\n        chadGame.move(moves.fromLocation.toString(), moves.toLocation.toString());\n        setupGame(gameID, chadGame.getBoard(), chadGame.getTurn());\n        if (chadGame.gameover()) {\n            gamePanel.displayMessage(((getCurrentPlayer((!(chadGame.getTurn())))) + \" player won the game!\"));\n        }\n        break;\n    case REGISTER_RESPONSE :\n        break;\n    case LOGIN_RESPONSE :\n        break;\n    case UNREGISTER_RESPONSE :\n        break;\n    case SHOW_VALID_MOVES_RESPONSE :\n        break;\n    case MENU_RESPONSE :\n        break;\n    case MOVE_PIECE_RESPONSE :\n        break;\n}",
                "dst_parent": "null"
              },
              "line": 115,
              "file": "/home/khesoem/projects/lighter/exp/src/main/java/client/gui/swing/SwingChadDriver.java",
              "stats": {
                "number_of_src_entities": 6,
                "number_of_dst_entities": -1,
                "src_entity_types": "[]",
                "dst_entity_types": "[]"
              }
            }
          ]
        },
        {
          "tool-name": "Arja",
          "pattern-name": "Arja:arja_shallow_change",
          "Unified_Diff_of-files:": "Starts Below...",
          "INSERT:": "          // Send message to gui/cli handle view message",
          "CHANGE_old:": "",
          "CHANGE_new:": "    }",
          "DELETE:": "",
          "instance_detail": [
            {
              "pattern_action": "ANY",
              "pattern_entity": {
                "entity_type": "Statement",
                "entity_new value": "*",
                "entity_role": "*",
                "entity_parent": "null"
              },
              "concrete_change": {
                "operator": "DEL",
                "src_type": "Break",
                "dst_type": "null",
                "src": "break",
                "dst": "null",
                "src_parent_type": "Case",
                "dst_parent_type": "null",
                "src_parent": "case UNREGISTER_RESPONSE :\n    break;",
                "dst_parent": "null"
              },
              "line": 118,
              "file": "/home/khesoem/projects/lighter/exp/src/main/java/client/gui/swing/SwingChadDriver.java"
            }
          ]
        },
        {
          "tool-name": "Arja",
          "pattern-name": "Arja:arja_shallow_change",
          "Unified_Diff_of-files:": "Starts Below...",
          "INSERT:": "          // Send message to gui/cli handle view message",
          "CHANGE_old:": "",
          "CHANGE_new:": "    }",
          "DELETE:": "",
          "instance_detail": [
            {
              "pattern_action": "ANY",
              "pattern_entity": {
                "entity_type": "Statement",
                "entity_new value": "*",
                "entity_role": "*",
                "entity_parent": "null"
              },
              "concrete_change": {
                "operator": "DEL",
                "src_type": "Case",
                "dst_type": "null",
                "src": "case UNREGISTER_RESPONSE :\n    break;",
                "dst": "null",
                "src_parent_type": "Switch",
                "dst_parent_type": "null",
                "src_parent": "switch (message.messageType) {\n    case REGISTER :\n        client.presenter.controller.messages.RegisterMessage registerMessage \u003d ((client.presenter.controller.messages.RegisterMessage) (message));\n        int nicknamePound \u003d registerMessage.nickname.indexOf(\u0027#\u0027);\n        int nicknameColon \u003d registerMessage.nickname.indexOf(\u0027:\u0027);\n        int emailPound \u003d registerMessage.email.indexOf(\u0027#\u0027);\n        int emailColon \u003d registerMessage.email.indexOf(\u0027:\u0027);\n        if ((nicknameColon !\u003d (-1)) || (nicknamePound !\u003d (-1))) {\n        } else\n            if ((emailColon !\u003d (-1)) || (emailPound !\u003d (-1))) {\n            } else {\n                networkManager.sendMessage(new client.presenter.network.messages.Register(registerMessage.email, registerMessage.nickname, client.presenter.controller.util.HashPasswords.SHA1FromString(registerMessage.password)));\n            }\n\n        break;\n    case LOGIN :\n        client.presenter.controller.messages.LoginMessage loginMessage \u003d ((client.presenter.controller.messages.LoginMessage) (message));\n        networkManager.sendMessage(new client.presenter.network.messages.Login(loginMessage.email, client.presenter.controller.util.HashPasswords.SHA1FromString(loginMessage.password)));\n        break;\n    case UNREGISTER :\n        client.presenter.controller.messages.UnregisterMessage unregisterMessage \u003d ((client.presenter.controller.messages.UnregisterMessage) (message));\n        networkManager.sendMessage(new client.presenter.network.messages.Unregister(unregisterMessage.email, unregisterMessage.nickname, client.presenter.controller.util.HashPasswords.SHA1FromString(unregisterMessage.password)));\n        break;\n    case SHOW_VALID_MOVES :\n        if (chadGame.gameover()) {\n            return;\n        }\n        client.presenter.controller.messages.ViewValidMoves validMovesMessage \u003d ((client.presenter.controller.messages.ViewValidMoves) (message));\n        java.lang.String validMoves \u003d chadGame.validMoves(validMovesMessage.location.toString());\n        gamePanel.setValidMoves(validMoves);\n        break;\n    case MENU :\n        handleMenuMessage(((client.presenter.controller.messages.MenuMessage) (message)));\n        break;\n    case MOVE_PIECE :\n        client.presenter.controller.messages.MovePieceMessage moves \u003d ((client.presenter.controller.messages.MovePieceMessage) (message));\n        chadGame.move(moves.fromLocation.toString(), moves.toLocation.toString());\n        setupGame(gameID, chadGame.getBoard(), chadGame.getTurn());\n        if (chadGame.gameover()) {\n            gamePanel.displayMessage(((getCurrentPlayer((!(chadGame.getTurn())))) + \" player won the game!\"));\n        }\n        break;\n    case REGISTER_RESPONSE :\n        break;\n    case LOGIN_RESPONSE :\n        break;\n    case UNREGISTER_RESPONSE :\n        break;\n    case SHOW_VALID_MOVES_RESPONSE :\n        break;\n    case MENU_RESPONSE :\n        break;\n    case MOVE_PIECE_RESPONSE :\n        break;\n}",
                "dst_parent": "null"
              },
              "line": 117,
              "file": "/home/khesoem/projects/lighter/exp/src/main/java/client/gui/swing/SwingChadDriver.java",
              "stats": {
                "number_of_src_entities": 6,
                "number_of_dst_entities": -1,
                "src_entity_types": "[]",
                "dst_entity_types": "[]"
              }
            }
          ]
        },
        {
          "tool-name": "Arja",
          "pattern-name": "Arja:arja_shallow_change",
          "Unified_Diff_of-files:": "Starts Below...",
          "INSERT:": "          // Send message to gui/cli handle view message",
          "CHANGE_old:": "",
          "CHANGE_new:": "    }",
          "DELETE:": "",
          "instance_detail": [
            {
              "pattern_action": "ANY",
              "pattern_entity": {
                "entity_type": "Statement",
                "entity_new value": "*",
                "entity_role": "*",
                "entity_parent": "null"
              },
              "concrete_change": {
                "operator": "DEL",
                "src_type": "Break",
                "dst_type": "null",
                "src": "break",
                "dst": "null",
                "src_parent_type": "Case",
                "dst_parent_type": "null",
                "src_parent": "case SHOW_VALID_MOVES_RESPONSE :\n    break;",
                "dst_parent": "null"
              },
              "line": 120,
              "file": "/home/khesoem/projects/lighter/exp/src/main/java/client/gui/swing/SwingChadDriver.java"
            }
          ]
        },
        {
          "tool-name": "Arja",
          "pattern-name": "Arja:arja_shallow_change",
          "Unified_Diff_of-files:": "Starts Below...",
          "INSERT:": "          // Send message to gui/cli handle view message",
          "CHANGE_old:": "",
          "CHANGE_new:": "    }",
          "DELETE:": "",
          "instance_detail": [
            {
              "pattern_action": "ANY",
              "pattern_entity": {
                "entity_type": "Statement",
                "entity_new value": "*",
                "entity_role": "*",
                "entity_parent": "null"
              },
              "concrete_change": {
                "operator": "DEL",
                "src_type": "Case",
                "dst_type": "null",
                "src": "case SHOW_VALID_MOVES_RESPONSE :\n    break;",
                "dst": "null",
                "src_parent_type": "Switch",
                "dst_parent_type": "null",
                "src_parent": "switch (message.messageType) {\n    case REGISTER :\n        client.presenter.controller.messages.RegisterMessage registerMessage \u003d ((client.presenter.controller.messages.RegisterMessage) (message));\n        int nicknamePound \u003d registerMessage.nickname.indexOf(\u0027#\u0027);\n        int nicknameColon \u003d registerMessage.nickname.indexOf(\u0027:\u0027);\n        int emailPound \u003d registerMessage.email.indexOf(\u0027#\u0027);\n        int emailColon \u003d registerMessage.email.indexOf(\u0027:\u0027);\n        if ((nicknameColon !\u003d (-1)) || (nicknamePound !\u003d (-1))) {\n        } else\n            if ((emailColon !\u003d (-1)) || (emailPound !\u003d (-1))) {\n            } else {\n                networkManager.sendMessage(new client.presenter.network.messages.Register(registerMessage.email, registerMessage.nickname, client.presenter.controller.util.HashPasswords.SHA1FromString(registerMessage.password)));\n            }\n\n        break;\n    case LOGIN :\n        client.presenter.controller.messages.LoginMessage loginMessage \u003d ((client.presenter.controller.messages.LoginMessage) (message));\n        networkManager.sendMessage(new client.presenter.network.messages.Login(loginMessage.email, client.presenter.controller.util.HashPasswords.SHA1FromString(loginMessage.password)));\n        break;\n    case UNREGISTER :\n        client.presenter.controller.messages.UnregisterMessage unregisterMessage \u003d ((client.presenter.controller.messages.UnregisterMessage) (message));\n        networkManager.sendMessage(new client.presenter.network.messages.Unregister(unregisterMessage.email, unregisterMessage.nickname, client.presenter.controller.util.HashPasswords.SHA1FromString(unregisterMessage.password)));\n        break;\n    case SHOW_VALID_MOVES :\n        if (chadGame.gameover()) {\n            return;\n        }\n        client.presenter.controller.messages.ViewValidMoves validMovesMessage \u003d ((client.presenter.controller.messages.ViewValidMoves) (message));\n        java.lang.String validMoves \u003d chadGame.validMoves(validMovesMessage.location.toString());\n        gamePanel.setValidMoves(validMoves);\n        break;\n    case MENU :\n        handleMenuMessage(((client.presenter.controller.messages.MenuMessage) (message)));\n        break;\n    case MOVE_PIECE :\n        client.presenter.controller.messages.MovePieceMessage moves \u003d ((client.presenter.controller.messages.MovePieceMessage) (message));\n        chadGame.move(moves.fromLocation.toString(), moves.toLocation.toString());\n        setupGame(gameID, chadGame.getBoard(), chadGame.getTurn());\n        if (chadGame.gameover()) {\n            gamePanel.displayMessage(((getCurrentPlayer((!(chadGame.getTurn())))) + \" player won the game!\"));\n        }\n        break;\n    case REGISTER_RESPONSE :\n        break;\n    case LOGIN_RESPONSE :\n        break;\n    case UNREGISTER_RESPONSE :\n        break;\n    case SHOW_VALID_MOVES_RESPONSE :\n        break;\n    case MENU_RESPONSE :\n        break;\n    case MOVE_PIECE_RESPONSE :\n        break;\n}",
                "dst_parent": "null"
              },
              "line": 119,
              "file": "/home/khesoem/projects/lighter/exp/src/main/java/client/gui/swing/SwingChadDriver.java",
              "stats": {
                "number_of_src_entities": 6,
                "number_of_dst_entities": -1,
                "src_entity_types": "[]",
                "dst_entity_types": "[]"
              }
            }
          ]
        },
        {
          "tool-name": "Arja",
          "pattern-name": "Arja:arja_shallow_change",
          "Unified_Diff_of-files:": "Starts Below...",
          "INSERT:": "          // Send message to gui/cli handle view message",
          "CHANGE_old:": "",
          "CHANGE_new:": "    }",
          "DELETE:": "",
          "instance_detail": [
            {
              "pattern_action": "ANY",
              "pattern_entity": {
                "entity_type": "Statement",
                "entity_new value": "*",
                "entity_role": "*",
                "entity_parent": "null"
              },
              "concrete_change": {
                "operator": "DEL",
                "src_type": "Break",
                "dst_type": "null",
                "src": "break",
                "dst": "null",
                "src_parent_type": "Case",
                "dst_parent_type": "null",
                "src_parent": "case MENU_RESPONSE :\n    break;",
                "dst_parent": "null"
              },
              "line": 122,
              "file": "/home/khesoem/projects/lighter/exp/src/main/java/client/gui/swing/SwingChadDriver.java"
            }
          ]
        },
        {
          "tool-name": "Arja",
          "pattern-name": "Arja:arja_shallow_change",
          "Unified_Diff_of-files:": "Starts Below...",
          "INSERT:": "          // Send message to gui/cli handle view message",
          "CHANGE_old:": "",
          "CHANGE_new:": "    }",
          "DELETE:": "",
          "instance_detail": [
            {
              "pattern_action": "ANY",
              "pattern_entity": {
                "entity_type": "Statement",
                "entity_new value": "*",
                "entity_role": "*",
                "entity_parent": "null"
              },
              "concrete_change": {
                "operator": "DEL",
                "src_type": "Case",
                "dst_type": "null",
                "src": "case MENU_RESPONSE :\n    break;",
                "dst": "null",
                "src_parent_type": "Switch",
                "dst_parent_type": "null",
                "src_parent": "switch (message.messageType) {\n    case REGISTER :\n        client.presenter.controller.messages.RegisterMessage registerMessage \u003d ((client.presenter.controller.messages.RegisterMessage) (message));\n        int nicknamePound \u003d registerMessage.nickname.indexOf(\u0027#\u0027);\n        int nicknameColon \u003d registerMessage.nickname.indexOf(\u0027:\u0027);\n        int emailPound \u003d registerMessage.email.indexOf(\u0027#\u0027);\n        int emailColon \u003d registerMessage.email.indexOf(\u0027:\u0027);\n        if ((nicknameColon !\u003d (-1)) || (nicknamePound !\u003d (-1))) {\n        } else\n            if ((emailColon !\u003d (-1)) || (emailPound !\u003d (-1))) {\n            } else {\n                networkManager.sendMessage(new client.presenter.network.messages.Register(registerMessage.email, registerMessage.nickname, client.presenter.controller.util.HashPasswords.SHA1FromString(registerMessage.password)));\n            }\n\n        break;\n    case LOGIN :\n        client.presenter.controller.messages.LoginMessage loginMessage \u003d ((client.presenter.controller.messages.LoginMessage) (message));\n        networkManager.sendMessage(new client.presenter.network.messages.Login(loginMessage.email, client.presenter.controller.util.HashPasswords.SHA1FromString(loginMessage.password)));\n        break;\n    case UNREGISTER :\n        client.presenter.controller.messages.UnregisterMessage unregisterMessage \u003d ((client.presenter.controller.messages.UnregisterMessage) (message));\n        networkManager.sendMessage(new client.presenter.network.messages.Unregister(unregisterMessage.email, unregisterMessage.nickname, client.presenter.controller.util.HashPasswords.SHA1FromString(unregisterMessage.password)));\n        break;\n    case SHOW_VALID_MOVES :\n        if (chadGame.gameover()) {\n            return;\n        }\n        client.presenter.controller.messages.ViewValidMoves validMovesMessage \u003d ((client.presenter.controller.messages.ViewValidMoves) (message));\n        java.lang.String validMoves \u003d chadGame.validMoves(validMovesMessage.location.toString());\n        gamePanel.setValidMoves(validMoves);\n        break;\n    case MENU :\n        handleMenuMessage(((client.presenter.controller.messages.MenuMessage) (message)));\n        break;\n    case MOVE_PIECE :\n        client.presenter.controller.messages.MovePieceMessage moves \u003d ((client.presenter.controller.messages.MovePieceMessage) (message));\n        chadGame.move(moves.fromLocation.toString(), moves.toLocation.toString());\n        setupGame(gameID, chadGame.getBoard(), chadGame.getTurn());\n        if (chadGame.gameover()) {\n            gamePanel.displayMessage(((getCurrentPlayer((!(chadGame.getTurn())))) + \" player won the game!\"));\n        }\n        break;\n    case REGISTER_RESPONSE :\n        break;\n    case LOGIN_RESPONSE :\n        break;\n    case UNREGISTER_RESPONSE :\n        break;\n    case SHOW_VALID_MOVES_RESPONSE :\n        break;\n    case MENU_RESPONSE :\n        break;\n    case MOVE_PIECE_RESPONSE :\n        break;\n}",
                "dst_parent": "null"
              },
              "line": 121,
              "file": "/home/khesoem/projects/lighter/exp/src/main/java/client/gui/swing/SwingChadDriver.java",
              "stats": {
                "number_of_src_entities": 6,
                "number_of_dst_entities": -1,
                "src_entity_types": "[]",
                "dst_entity_types": "[]"
              }
            }
          ]
        },
        {
          "tool-name": "Arja",
          "pattern-name": "Arja:arja_shallow_change",
          "Unified_Diff_of-files:": "Starts Below...",
          "INSERT:": "          // Send message to gui/cli handle view message",
          "CHANGE_old:": "",
          "CHANGE_new:": "    }",
          "DELETE:": "",
          "instance_detail": [
            {
              "pattern_action": "ANY",
              "pattern_entity": {
                "entity_type": "Statement",
                "entity_new value": "*",
                "entity_role": "*",
                "entity_parent": "null"
              },
              "concrete_change": {
                "operator": "DEL",
                "src_type": "Break",
                "dst_type": "null",
                "src": "break",
                "dst": "null",
                "src_parent_type": "Case",
                "dst_parent_type": "null",
                "src_parent": "case MOVE_PIECE_RESPONSE :\n    break;",
                "dst_parent": "null"
              },
              "line": 124,
              "file": "/home/khesoem/projects/lighter/exp/src/main/java/client/gui/swing/SwingChadDriver.java"
            }
          ]
        },
        {
          "tool-name": "Arja",
          "pattern-name": "Arja:arja_shallow_change",
          "Unified_Diff_of-files:": "Starts Below...",
          "INSERT:": "          // Send message to gui/cli handle view message",
          "CHANGE_old:": "",
          "CHANGE_new:": "    }",
          "DELETE:": "",
          "instance_detail": [
            {
              "pattern_action": "ANY",
              "pattern_entity": {
                "entity_type": "Statement",
                "entity_new value": "*",
                "entity_role": "*",
                "entity_parent": "null"
              },
              "concrete_change": {
                "operator": "DEL",
                "src_type": "Case",
                "dst_type": "null",
                "src": "case MOVE_PIECE_RESPONSE :\n    break;",
                "dst": "null",
                "src_parent_type": "Switch",
                "dst_parent_type": "null",
                "src_parent": "switch (message.messageType) {\n    case REGISTER :\n        client.presenter.controller.messages.RegisterMessage registerMessage \u003d ((client.presenter.controller.messages.RegisterMessage) (message));\n        int nicknamePound \u003d registerMessage.nickname.indexOf(\u0027#\u0027);\n        int nicknameColon \u003d registerMessage.nickname.indexOf(\u0027:\u0027);\n        int emailPound \u003d registerMessage.email.indexOf(\u0027#\u0027);\n        int emailColon \u003d registerMessage.email.indexOf(\u0027:\u0027);\n        if ((nicknameColon !\u003d (-1)) || (nicknamePound !\u003d (-1))) {\n        } else\n            if ((emailColon !\u003d (-1)) || (emailPound !\u003d (-1))) {\n            } else {\n                networkManager.sendMessage(new client.presenter.network.messages.Register(registerMessage.email, registerMessage.nickname, client.presenter.controller.util.HashPasswords.SHA1FromString(registerMessage.password)));\n            }\n\n        break;\n    case LOGIN :\n        client.presenter.controller.messages.LoginMessage loginMessage \u003d ((client.presenter.controller.messages.LoginMessage) (message));\n        networkManager.sendMessage(new client.presenter.network.messages.Login(loginMessage.email, client.presenter.controller.util.HashPasswords.SHA1FromString(loginMessage.password)));\n        break;\n    case UNREGISTER :\n        client.presenter.controller.messages.UnregisterMessage unregisterMessage \u003d ((client.presenter.controller.messages.UnregisterMessage) (message));\n        networkManager.sendMessage(new client.presenter.network.messages.Unregister(unregisterMessage.email, unregisterMessage.nickname, client.presenter.controller.util.HashPasswords.SHA1FromString(unregisterMessage.password)));\n        break;\n    case SHOW_VALID_MOVES :\n        if (chadGame.gameover()) {\n            return;\n        }\n        client.presenter.controller.messages.ViewValidMoves validMovesMessage \u003d ((client.presenter.controller.messages.ViewValidMoves) (message));\n        java.lang.String validMoves \u003d chadGame.validMoves(validMovesMessage.location.toString());\n        gamePanel.setValidMoves(validMoves);\n        break;\n    case MENU :\n        handleMenuMessage(((client.presenter.controller.messages.MenuMessage) (message)));\n        break;\n    case MOVE_PIECE :\n        client.presenter.controller.messages.MovePieceMessage moves \u003d ((client.presenter.controller.messages.MovePieceMessage) (message));\n        chadGame.move(moves.fromLocation.toString(), moves.toLocation.toString());\n        setupGame(gameID, chadGame.getBoard(), chadGame.getTurn());\n        if (chadGame.gameover()) {\n            gamePanel.displayMessage(((getCurrentPlayer((!(chadGame.getTurn())))) + \" player won the game!\"));\n        }\n        break;\n    case REGISTER_RESPONSE :\n        break;\n    case LOGIN_RESPONSE :\n        break;\n    case UNREGISTER_RESPONSE :\n        break;\n    case SHOW_VALID_MOVES_RESPONSE :\n        break;\n    case MENU_RESPONSE :\n        break;\n    case MOVE_PIECE_RESPONSE :\n        break;\n}",
                "dst_parent": "null"
              },
              "line": 123,
              "file": "/home/khesoem/projects/lighter/exp/src/main/java/client/gui/swing/SwingChadDriver.java",
              "stats": {
                "number_of_src_entities": 6,
                "number_of_dst_entities": -1,
                "src_entity_types": "[]",
                "dst_entity_types": "[]"
              }
            }
          ]
        }
      ]
    }
  ],
  "complete_analysis": true
}