{
  "instances": [
    {
      "revision": "1a6bd69e17ddfa401d76650fbb638b43e3e994e5",
      "repairability": [
        {
          "tool-name": "Nopol",
          "pattern-name": "Nopol:if_condition_ins_shallow",
          "Unified_Diff_of-files:": "Starts Below...",
          "INSERT:": "     */",
          "instance_detail": [
            {
              "pattern_action": "MOV",
              "pattern_entity": {
                "entity_type": "*",
                "entity_new value": "*",
                "entity_role": "Then",
                "entity_parent": {
                  "entity_type": "If",
                  "entity_new value": "*",
                  "entity_role": "*",
                  "entity_parent": "null"
                }
              },
              "concrete_change": {
                "operator": "MOV",
                "src_type": "Block",
                "dst_type": "Block",
                "src": "{\n    throw new ro.pippo.core.PippoRuntimeException(\"Your {} must start with \\\"/\\\" and end with \\\"/*\\\". It is: \", ro.pippo.core.PippoFilter.FILTER_MAPPING_PARAM, filterMapping);\n}",
                "dst": "{\n    throw new ro.pippo.core.PippoRuntimeException(\"Your \u0027{}\u0027 must start with \u0027{}\u0027 and end with \u0027{}\u0027. It\u0027s \u0027{}\u0027\", ro.pippo.core.PippoFilter.FILTER_MAPPING_PARAM, \"/\", \"/*\", urlPattern);\n}",
                "src_parent_type": "If",
                "dst_parent_type": "If",
                "src_parent": "if ((!(filterMapping.startsWith(\"/\"))) || (!(filterMapping.endsWith(\"/*\")))) {\n    throw new ro.pippo.core.PippoRuntimeException(\"Your {} must start with \\\"/\\\" and end with \\\"/*\\\". It is: \", ro.pippo.core.PippoFilter.FILTER_MAPPING_PARAM, filterMapping);\n} else {\n    filterMapping \u003d filterMapping.substring(1, ((filterMapping.length()) - 1));\n}",
                "dst_parent": "if ((!(urlPattern.startsWith(\"/\"))) || (!(urlPattern.endsWith(\"/*\")))) {\n    throw new ro.pippo.core.PippoRuntimeException(\"Your \u0027{}\u0027 must start with \u0027{}\u0027 and end with \u0027{}\u0027. It\u0027s \u0027{}\u0027\", ro.pippo.core.PippoFilter.FILTER_MAPPING_PARAM, \"/\", \"/*\", urlPattern);\n}"
              },
              "line": 194,
              "file": "/home/khesoem/projects/lighter/exp/pippo-core/src/main/java/ro/pippo/core/PippoFilter.java",
              "stats": {
                "number_of_src_entities": 30,
                "number_of_dst_entities": 40,
                "src_entity_types": "[ro.pippo.core.PippoFilter, java.lang.String, ro.pippo.core.PippoRuntimeException]",
                "dst_entity_types": "[ro.pippo.core.PippoFilter, java.lang.String, ro.pippo.core.PippoRuntimeException]"
              }
            },
            {
              "pattern_action": "INS",
              "pattern_entity": {
                "entity_type": "If",
                "entity_new value": "*",
                "entity_role": "*",
                "entity_parent": "null"
              },
              "concrete_change": {
                "operator": "INS",
                "src_type": "If",
                "dst_type": "null",
                "src": "if ((!(urlPattern.startsWith(\"/\"))) || (!(urlPattern.endsWith(\"/*\")))) {\n    throw new ro.pippo.core.PippoRuntimeException(\"Your \u0027{}\u0027 must start with \u0027{}\u0027 and end with \u0027{}\u0027. It\u0027s \u0027{}\u0027\", ro.pippo.core.PippoFilter.FILTER_MAPPING_PARAM, \"/\", \"/*\", urlPattern);\n}",
                "dst": "null",
                "src_parent_type": "Block",
                "dst_parent_type": "null",
                "src_parent": "{\n    if ((!(urlPattern.startsWith(\"/\"))) || (!(urlPattern.endsWith(\"/*\")))) {\n        throw new ro.pippo.core.PippoRuntimeException(\"Your \u0027{}\u0027 must start with \u0027{}\u0027 and end with \u0027{}\u0027. It\u0027s \u0027{}\u0027\", ro.pippo.core.PippoFilter.FILTER_MAPPING_PARAM, \"/\", \"/*\", urlPattern);\n    }\n}",
                "dst_parent": "null"
              },
              "line": 239,
              "file": "/home/khesoem/projects/lighter/exp/pippo-core/src/main/java/ro/pippo/core/PippoFilter.java"
            }
          ]
        },
        {
          "tool-name": "Nopol",
          "pattern-name": "Nopol:if_condition_ins_deep",
          "Unified_Diff_of-files:": "Starts Below...",
          "INSERT:": "     */",
          "instance_detail": [
            {
              "pattern_action": "INS",
              "pattern_entity": {
                "entity_type": "If",
                "entity_new value": "*",
                "entity_role": "*",
                "entity_parent": "null"
              },
              "concrete_change": {
                "operator": "INS",
                "src_type": "If",
                "dst_type": "null",
                "src": "if (filterMapping !\u003d null) {\n    initFilterPath(filterMapping);\n}",
                "dst": "null",
                "src_parent_type": "Block",
                "dst_parent_type": "null",
                "src_parent": "{\n    java.lang.String filterMapping \u003d filterConfig.getInitParameter(ro.pippo.core.PippoFilter.FILTER_MAPPING_PARAM);\n    if (filterMapping !\u003d null) {\n        initFilterPath(filterMapping);\n    }\n}",
                "dst_parent": "null"
              },
              "line": 195,
              "file": "/home/khesoem/projects/lighter/exp/pippo-core/src/main/java/ro/pippo/core/PippoFilter.java"
            },
            {
              "pattern_action": "MOV",
              "pattern_entity": {
                "entity_type": "*",
                "entity_new value": "*",
                "entity_role": "*",
                "entity_parent": {
                  "entity_type": "*",
                  "entity_new value": "*",
                  "entity_role": "Then",
                  "entity_parent": {
                    "entity_type": "If",
                    "entity_new value": "*",
                    "entity_role": "*",
                    "entity_parent": "null"
                  }
                }
              },
              "concrete_change": {
                "operator": "MOV",
                "src_type": "VariableRead",
                "dst_type": "VariableRead",
                "src": "filterMapping",
                "dst": "filterMapping",
                "src_parent_type": "Invocation",
                "dst_parent_type": "Invocation",
                "src_parent": "filterMapping.equals(\"/*\")",
                "dst_parent": "initFilterPath(filterMapping)"
              },
              "line": 192,
              "file": "/home/khesoem/projects/lighter/exp/pippo-core/src/main/java/ro/pippo/core/PippoFilter.java",
              "stats": {
                "number_of_src_entities": 4,
                "number_of_dst_entities": 4,
                "src_entity_types": "[java.lang.String]",
                "dst_entity_types": "[java.lang.String]"
              }
            }
          ]
        }
      ]
    }
  ],
  "complete_analysis": true
}