{
  "instances": [
    {
      "revision": "41ba46b47c29daa98995951673dffd228d10c827",
      "repairability": [
        {
          "tool-name": "Nopol",
          "pattern-name": "Nopol:if_condition_ins_deep",
          "Unified_Diff_of-files:": "Starts Below...",
          "INSERT:": "        if (getSettings().getClientAuth()){",
          "CHANGE_old:": "        connector.setAttribute(\"clientAuth\", getSettings().getClientAuth());",
          "CHANGE_new:": "        }",
          "instance_detail": [
            {
              "pattern_action": "INS",
              "pattern_entity": {
                "entity_type": "If",
                "entity_new value": "*",
                "entity_role": "*",
                "entity_parent": "null"
              },
              "concrete_change": {
                "operator": "INS",
                "src_type": "If",
                "dst_type": "null",
                "src": "if (getSettings().getClientAuth()) {\n    connector.setAttribute(\"truststoreFile\", getSettings().getTruststoreFile());\n    connector.setAttribute(\"truststorePass\", getSettings().getTruststorePassword());\n}",
                "dst": "null",
                "src_parent_type": "Block",
                "dst_parent_type": "null",
                "src_parent": "{\n    ro.pippo.tomcat.TomcatServer.log.info(\"Using https protocol\");\n    org.apache.catalina.connector.Connector connector \u003d tomcat.getConnector();\n    connector.setPort(getSettings().getPort());\n    connector.setSecure(true);\n    connector.setScheme(\"https\");\n    connector.setAttribute(\"keyAlias\", getSettings().getKeyAlias());\n    connector.setAttribute(\"keystorePass\", getSettings().getKeystorePassword());\n    connector.setAttribute(\"keystoreType\", getSettings().getKeyType());\n    connector.setAttribute(\"keystoreFile\", getSettings().getKeystoreFile());\n    connector.setAttribute(\"clientAuth\", getSettings().getClientAuth());\n    if (getSettings().getClientAuth()) {\n        connector.setAttribute(\"truststoreFile\", getSettings().getTruststoreFile());\n        connector.setAttribute(\"truststorePass\", getSettings().getTruststorePassword());\n    }\n    connector.setAttribute(\"protocol\", \"HTTP/1.1\");\n    connector.setAttribute(\"sslProtocol\", \"TLS\");\n    connector.setAttribute(\"maxThreads\", getSettings().getMaxConnections());\n    connector.setAttribute(\"protocol\", \"org.apache.coyote.http11.Http11AprProtocol\");\n    connector.setAttribute(\"SSLEnabled\", true);\n}",
                "dst_parent": "null"
              },
              "line": 111,
              "file": "/home/khesoem/projects/lighter/exp/pippo-tomcat/src/main/java/ro/pippo/tomcat/TomcatServer.java",
              "stats": {
                "number_of_src_entities": 59,
                "number_of_dst_entities": -1,
                "src_entity_types": "[org.apache.catalina.connector.Connector, ro.pippo.tomcat.TomcatServer, java.lang.String]",
                "dst_entity_types": "[]"
              }
            },
            {
              "pattern_action": "MOV",
              "pattern_entity": {
                "entity_type": "*",
                "entity_new value": "*",
                "entity_role": "*",
                "entity_parent": {
                  "entity_type": "*",
                  "entity_new value": "*",
                  "entity_role": "Then",
                  "entity_parent": {
                    "entity_type": "If",
                    "entity_new value": "*",
                    "entity_role": "*",
                    "entity_parent": "null"
                  }
                }
              },
              "concrete_change": {
                "operator": "MOV",
                "src_type": "Invocation",
                "dst_type": "Invocation",
                "src": "connector.setAttribute(\"truststoreFile\", getSettings().getTruststoreFile())",
                "dst": "connector.setAttribute(\"truststoreFile\", getSettings().getTruststoreFile())",
                "src_parent_type": "Block",
                "dst_parent_type": "Block",
                "src_parent": "{\n    ro.pippo.tomcat.TomcatServer.log.info(\"Using https protocol\");\n    org.apache.catalina.connector.Connector connector \u003d tomcat.getConnector();\n    connector.setPort(getSettings().getPort());\n    connector.setSecure(true);\n    connector.setScheme(\"https\");\n    connector.setAttribute(\"keyAlias\", getSettings().getKeyAlias());\n    connector.setAttribute(\"keystorePass\", getSettings().getKeystorePassword());\n    connector.setAttribute(\"keystoreType\", getSettings().getKeyType());\n    connector.setAttribute(\"keystoreFile\", getSettings().getKeystoreFile());\n    connector.setAttribute(\"truststoreFile\", getSettings().getTruststoreFile());\n    connector.setAttribute(\"truststorePass\", getSettings().getTruststorePassword());\n    connector.setAttribute(\"clientAuth\", getSettings().getClientAuth());\n    connector.setAttribute(\"protocol\", \"HTTP/1.1\");\n    connector.setAttribute(\"sslProtocol\", \"TLS\");\n    connector.setAttribute(\"maxThreads\", getSettings().getMaxConnections());\n    connector.setAttribute(\"protocol\", \"org.apache.coyote.http11.Http11AprProtocol\");\n    connector.setAttribute(\"SSLEnabled\", true);\n}",
                "dst_parent": "{\n    connector.setAttribute(\"truststoreFile\", getSettings().getTruststoreFile());\n    connector.setAttribute(\"truststorePass\", getSettings().getTruststorePassword());\n}"
              },
              "line": 110,
              "file": "/home/khesoem/projects/lighter/exp/pippo-tomcat/src/main/java/ro/pippo/tomcat/TomcatServer.java",
              "stats": {
                "number_of_src_entities": 23,
                "number_of_dst_entities": 23,
                "src_entity_types": "[org.apache.catalina.connector.Connector, ro.pippo.tomcat.TomcatServer, java.lang.String]",
                "dst_entity_types": "[org.apache.catalina.connector.Connector, ro.pippo.tomcat.TomcatServer, java.lang.String]"
              }
            }
          ]
        }
      ]
    }
  ],
  "complete_analysis": true
}