{
  "instances": [
    {
      "revision": "1d4eedd301ce347228e4048ebecf826dec63fce9",
      "repairability": [
        {
          "tool-name": "JGenProg",
          "pattern-name": "JGenProg:any_statement_shallow",
          "Unified_Diff_of-files:": "Starts Below...",
          "INSERT:": "                isTainted(node);",
          "instance_detail": [
            {
              "pattern_action": "ANY",
              "pattern_entity": {
                "entity_type": "*",
                "entity_new value": "*",
                "entity_role": "Statement",
                "entity_parent": "null"
              },
              "concrete_change": {
                "operator": "INS",
                "src_type": "Invocation",
                "dst_type": "null",
                "src": "isTainted(node)",
                "dst": "null",
                "src_parent_type": "Block",
                "dst_parent_type": "null",
                "src_parent": "{\n    isTainted(node);\n    continue;\n}",
                "dst_parent": "null"
              },
              "line": 468,
              "file": "/home/khesoem/projects/lighter/exp/src/main/java/com/gdssecurity/pmd/rules/dfa/DfaSecurityRule.java",
              "stats": {
                "number_of_src_entities": 17,
                "number_of_dst_entities": -1,
                "src_entity_types": "[net.sourceforge.pmd.lang.java.ast.ASTPrimaryExpression, com.gdssecurity.pmd.rules.dfa.DfaSecurityRule]",
                "dst_entity_types": "[]"
              }
            }
          ]
        }
      ]
    }
  ],
  "complete_analysis": true
}