{
  "instances": [
    {
      "revision": "5e077cd7a1f679dffdc8777fd6315719c4368487",
      "repairability": [
        {
          "tool-name": "JGenProg",
          "pattern-name": "JGenProg:any_statement_shallow",
          "Unified_Diff_of-files:": "Starts Below...",
          "CHANGE_old:": "                    if (!isSink(node)) {",
          "CHANGE_new:": "                    if (!isSinkThisMethodDeclaration(node)) {",
          "DELETE:": "        populateCache(type, type.getCanonicalName());",
          "INSERT:": "        }",
          "instance_detail": [
            {
              "pattern_action": "ANY",
              "pattern_entity": {
                "entity_type": "*",
                "entity_new value": "*",
                "entity_role": "Statement",
                "entity_parent": "null"
              },
              "concrete_change": {
                "operator": "DEL",
                "src_type": "Invocation",
                "dst_type": "null",
                "src": "populateCache(type, type.getCanonicalName())",
                "dst": "null",
                "src_parent_type": "Block",
                "dst_parent_type": "null",
                "src_parent": "{\n    net.sourceforge.pmd.lang.ast.Node declarator \u003d node.getFirstChildOfType(net.sourceforge.pmd.lang.java.ast.ASTMethodDeclarator.class);\n    if (declarator \u003d\u003d null) {\n        return false;\n    }\n    methodName \u003d declarator.getImage();\n    populateCache(type, type.getCanonicalName());\n    return isGenerator(type.getCanonicalName(), methodName);\n}",
                "dst_parent": "null"
              },
              "line": 165,
              "file": "/home/khesoem/projects/lighter/exp/src/main/java/com/gdssecurity/pmd/rules/dfa/DfaSecurityRule.java",
              "stats": {
                "number_of_src_entities": 38,
                "number_of_dst_entities": -1,
                "src_entity_types": "[, java.lang.Class\u003c?\u003e, java.lang.Class, com.gdssecurity.pmd.rules.dfa.DfaSecurityRule]",
                "dst_entity_types": "[]"
              }
            }
          ]
        },
        {
          "tool-name": "JGenProg",
          "pattern-name": "JGenProg:any_statement_shallow",
          "Unified_Diff_of-files:": "Starts Below...",
          "CHANGE_old:": "                    if (!isSink(node)) {",
          "CHANGE_new:": "                    if (!isSinkThisMethodDeclaration(node)) {",
          "DELETE:": "        populateCache(type, type.getCanonicalName());",
          "INSERT:": "        }",
          "instance_detail": [
            {
              "pattern_action": "ANY",
              "pattern_entity": {
                "entity_type": "*",
                "entity_new value": "*",
                "entity_role": "Statement",
                "entity_parent": "null"
              },
              "concrete_change": {
                "operator": "DEL",
                "src_type": "Invocation",
                "dst_type": "null",
                "src": "populateCache(type, type.getCanonicalName())",
                "dst": "null",
                "src_parent_type": "Block",
                "dst_parent_type": "null",
                "src_parent": "{\n    if (type \u003d\u003d null) {\n        return false;\n    }\n    populateCache(type, type.getCanonicalName());\n    return isSink(type.getCanonicalName(), methodName);\n}",
                "dst_parent": "null"
              },
              "line": 428,
              "file": "/home/khesoem/projects/lighter/exp/src/main/java/com/gdssecurity/pmd/rules/dfa/DfaSecurityRule.java",
              "stats": {
                "number_of_src_entities": 38,
                "number_of_dst_entities": -1,
                "src_entity_types": "[, java.lang.Class\u003c?\u003e, java.lang.Class, com.gdssecurity.pmd.rules.dfa.DfaSecurityRule]",
                "dst_entity_types": "[]"
              }
            }
          ]
        }
      ]
    }
  ],
  "complete_analysis": true
}