{
  "instances": [
    {
      "revision": "d53052a865e6d4a975c95181c8410389078cdc22",
      "repairability": [
        {
          "tool-name": "JGenProg",
          "pattern-name": "JGenProg:any_statement_shallow",
          "Unified_Diff_of-files:": "Starts Below...",
          "INSERT:": "",
          "CHANGE_old:": "",
          "CHANGE_new:": "                                    this.fieldTypesAll.put(clazz.getCanonicalName() + \".\" + field.getName(), field.getType());",
          "DELETE:": "                type \u003d field.getType();",
          "instance_detail": [
            {
              "pattern_action": "ANY",
              "pattern_entity": {
                "entity_type": "*",
                "entity_new value": "*",
                "entity_role": "Statement",
                "entity_parent": "null"
              },
              "concrete_change": {
                "operator": "DEL",
                "src_type": "LocalVariable",
                "dst_type": "null",
                "src": "java.lang.reflect.Field field \u003d null",
                "dst": "null",
                "src_parent_type": "Block",
                "dst_parent_type": "null",
                "src_parent": "{\n    java.lang.reflect.Field field \u003d null;\n    java.util.List\u003cjava.lang.Class\u003c?\u003e\u003e inheritanceList \u003d getInheritance(type);\n    for (java.lang.Class\u003c?\u003e clazz : inheritanceList) {\n        try {\n            field \u003d org.apache.commons.lang3.reflect.FieldUtils.getDeclaredField(clazz, attributeName, true);\n            if (field !\u003d null) {\n                break;\n            }\n        } catch (java.lang.SecurityException | java.lang.NoClassDefFoundError e) {\n            field \u003d null;\n        }\n    }\n    if (field !\u003d null) {\n        type \u003d field.getType();\n    }\n}",
                "dst_parent": "null"
              },
              "line": 966,
              "file": "/home/khesoem/projects/lighter/exp/src/main/java/com/gdssecurity/pmd/rules/dfa/DfaSecurityRule.java",
              "stats": {
                "number_of_src_entities": 5,
                "number_of_dst_entities": -1,
                "src_entity_types": "[java.lang.reflect.Field, \u003cnulltype\u003e]",
                "dst_entity_types": "[]"
              }
            }
          ]
        },
        {
          "tool-name": "JGenProg",
          "pattern-name": "JGenProg:any_statement_shallow",
          "Unified_Diff_of-files:": "Starts Below...",
          "INSERT:": "",
          "CHANGE_old:": "",
          "CHANGE_new:": "                                    this.fieldTypesAll.put(clazz.getCanonicalName() + \".\" + field.getName(), field.getType());",
          "DELETE:": "                type \u003d field.getType();",
          "instance_detail": [
            {
              "pattern_action": "ANY",
              "pattern_entity": {
                "entity_type": "*",
                "entity_new value": "*",
                "entity_role": "Statement",
                "entity_parent": "null"
              },
              "concrete_change": {
                "operator": "DEL",
                "src_type": "Break",
                "dst_type": "null",
                "src": "break",
                "dst": "null",
                "src_parent_type": "Block",
                "dst_parent_type": "null",
                "src_parent": "{\n    break;\n}",
                "dst_parent": "null"
              },
              "line": 973,
              "file": "/home/khesoem/projects/lighter/exp/src/main/java/com/gdssecurity/pmd/rules/dfa/DfaSecurityRule.java",
              "stats": {
                "number_of_src_entities": 1,
                "number_of_dst_entities": -1,
                "src_entity_types": "[]",
                "dst_entity_types": "[]"
              }
            }
          ]
        },
        {
          "tool-name": "JGenProg",
          "pattern-name": "JGenProg:any_statement_shallow",
          "Unified_Diff_of-files:": "Starts Below...",
          "INSERT:": "",
          "CHANGE_old:": "",
          "CHANGE_new:": "                                    this.fieldTypesAll.put(clazz.getCanonicalName() + \".\" + field.getName(), field.getType());",
          "DELETE:": "                type \u003d field.getType();",
          "instance_detail": [
            {
              "pattern_action": "ANY",
              "pattern_entity": {
                "entity_type": "*",
                "entity_new value": "*",
                "entity_role": "Statement",
                "entity_parent": "null"
              },
              "concrete_change": {
                "operator": "DEL",
                "src_type": "Assignment",
                "dst_type": "null",
                "src": "type \u003d field.getType()",
                "dst": "null",
                "src_parent_type": "Block",
                "dst_parent_type": "null",
                "src_parent": "{\n    type \u003d field.getType();\n}",
                "dst_parent": "null"
              },
              "line": 980,
              "file": "/home/khesoem/projects/lighter/exp/src/main/java/com/gdssecurity/pmd/rules/dfa/DfaSecurityRule.java",
              "stats": {
                "number_of_src_entities": 26,
                "number_of_dst_entities": -1,
                "src_entity_types": "[java.lang.reflect.Field, , java.lang.Class\u003c?\u003e]",
                "dst_entity_types": "[]"
              }
            }
          ]
        },
        {
          "tool-name": "JGenProg",
          "pattern-name": "JGenProg:any_statement_shallow",
          "Unified_Diff_of-files:": "Starts Below...",
          "INSERT:": "",
          "CHANGE_old:": "",
          "CHANGE_new:": "                                    this.fieldTypesAll.put(clazz.getCanonicalName() + \".\" + field.getName(), field.getType());",
          "DELETE:": "                type \u003d field.getType();",
          "instance_detail": [
            {
              "pattern_action": "ANY",
              "pattern_entity": {
                "entity_type": "*",
                "entity_new value": "*",
                "entity_role": "Statement",
                "entity_parent": "null"
              },
              "concrete_change": {
                "operator": "DEL",
                "src_type": "Assignment",
                "dst_type": "null",
                "src": "field \u003d org.apache.commons.lang3.reflect.FieldUtils.getDeclaredField(clazz, attributeName, true)",
                "dst": "null",
                "src_parent_type": "Block",
                "dst_parent_type": "null",
                "src_parent": "{\n    field \u003d org.apache.commons.lang3.reflect.FieldUtils.getDeclaredField(clazz, attributeName, true);\n    if (field !\u003d null) {\n        break;\n    }\n}",
                "dst_parent": "null"
              },
              "line": 971,
              "file": "/home/khesoem/projects/lighter/exp/src/main/java/com/gdssecurity/pmd/rules/dfa/DfaSecurityRule.java"
            }
          ]
        },
        {
          "tool-name": "JGenProg",
          "pattern-name": "JGenProg:any_statement_shallow",
          "Unified_Diff_of-files:": "Starts Below...",
          "INSERT:": "",
          "CHANGE_old:": "",
          "CHANGE_new:": "                                    this.fieldTypesAll.put(clazz.getCanonicalName() + \".\" + field.getName(), field.getType());",
          "DELETE:": "                type \u003d field.getType();",
          "instance_detail": [
            {
              "pattern_action": "ANY",
              "pattern_entity": {
                "entity_type": "*",
                "entity_new value": "*",
                "entity_role": "Statement",
                "entity_parent": "null"
              },
              "concrete_change": {
                "operator": "DEL",
                "src_type": "If",
                "dst_type": "null",
                "src": "if (field !\u003d null) {\n    break;\n}",
                "dst": "null",
                "src_parent_type": "Block",
                "dst_parent_type": "null",
                "src_parent": "{\n    field \u003d org.apache.commons.lang3.reflect.FieldUtils.getDeclaredField(clazz, attributeName, true);\n    if (field !\u003d null) {\n        break;\n    }\n}",
                "dst_parent": "null"
              },
              "line": 972,
              "file": "/home/khesoem/projects/lighter/exp/src/main/java/com/gdssecurity/pmd/rules/dfa/DfaSecurityRule.java"
            }
          ]
        },
        {
          "tool-name": "JGenProg",
          "pattern-name": "JGenProg:any_statement_shallow",
          "Unified_Diff_of-files:": "Starts Below...",
          "INSERT:": "",
          "CHANGE_old:": "",
          "CHANGE_new:": "                                    this.fieldTypesAll.put(clazz.getCanonicalName() + \".\" + field.getName(), field.getType());",
          "DELETE:": "                type \u003d field.getType();",
          "instance_detail": [
            {
              "pattern_action": "ANY",
              "pattern_entity": {
                "entity_type": "*",
                "entity_new value": "*",
                "entity_role": "Statement",
                "entity_parent": "null"
              },
              "concrete_change": {
                "operator": "DEL",
                "src_type": "Assignment",
                "dst_type": "null",
                "src": "field \u003d null",
                "dst": "null",
                "src_parent_type": "Block",
                "dst_parent_type": "null",
                "src_parent": "{\n    field \u003d null;\n}",
                "dst_parent": "null"
              },
              "line": 976,
              "file": "/home/khesoem/projects/lighter/exp/src/main/java/com/gdssecurity/pmd/rules/dfa/DfaSecurityRule.java"
            }
          ]
        },
        {
          "tool-name": "JGenProg",
          "pattern-name": "JGenProg:any_statement_shallow",
          "Unified_Diff_of-files:": "Starts Below...",
          "INSERT:": "",
          "CHANGE_old:": "",
          "CHANGE_new:": "                                    this.fieldTypesAll.put(clazz.getCanonicalName() + \".\" + field.getName(), field.getType());",
          "DELETE:": "                type \u003d field.getType();",
          "instance_detail": [
            {
              "pattern_action": "ANY",
              "pattern_entity": {
                "entity_type": "*",
                "entity_new value": "*",
                "entity_role": "Statement",
                "entity_parent": "null"
              },
              "concrete_change": {
                "operator": "DEL",
                "src_type": "Try",
                "dst_type": "null",
                "src": "try {\n    field \u003d org.apache.commons.lang3.reflect.FieldUtils.getDeclaredField(clazz, attributeName, true);\n    if (field !\u003d null) {\n        break;\n    }\n} catch (java.lang.SecurityException | java.lang.NoClassDefFoundError e) {\n    field \u003d null;\n}",
                "dst": "null",
                "src_parent_type": "Block",
                "dst_parent_type": "null",
                "src_parent": "{\n    try {\n        field \u003d org.apache.commons.lang3.reflect.FieldUtils.getDeclaredField(clazz, attributeName, true);\n        if (field !\u003d null) {\n            break;\n        }\n    } catch (java.lang.SecurityException | java.lang.NoClassDefFoundError e) {\n        field \u003d null;\n    }\n}",
                "dst_parent": "null"
              },
              "line": 970,
              "file": "/home/khesoem/projects/lighter/exp/src/main/java/com/gdssecurity/pmd/rules/dfa/DfaSecurityRule.java"
            }
          ]
        },
        {
          "tool-name": "JGenProg",
          "pattern-name": "JGenProg:any_statement_shallow",
          "Unified_Diff_of-files:": "Starts Below...",
          "INSERT:": "",
          "CHANGE_old:": "",
          "CHANGE_new:": "                                    this.fieldTypesAll.put(clazz.getCanonicalName() + \".\" + field.getName(), field.getType());",
          "DELETE:": "                type \u003d field.getType();",
          "instance_detail": [
            {
              "pattern_action": "ANY",
              "pattern_entity": {
                "entity_type": "*",
                "entity_new value": "*",
                "entity_role": "Statement",
                "entity_parent": "null"
              },
              "concrete_change": {
                "operator": "DEL",
                "src_type": "ForEach",
                "dst_type": "null",
                "src": "for (java.lang.Class\u003c?\u003e clazz : inheritanceList) {\n    try {\n        field \u003d org.apache.commons.lang3.reflect.FieldUtils.getDeclaredField(clazz, attributeName, true);\n        if (field !\u003d null) {\n            break;\n        }\n    } catch (java.lang.SecurityException | java.lang.NoClassDefFoundError e) {\n        field \u003d null;\n    }\n}",
                "dst": "null",
                "src_parent_type": "Block",
                "dst_parent_type": "null",
                "src_parent": "{\n    java.lang.reflect.Field field \u003d null;\n    java.util.List\u003cjava.lang.Class\u003c?\u003e\u003e inheritanceList \u003d getInheritance(type);\n    for (java.lang.Class\u003c?\u003e clazz : inheritanceList) {\n        try {\n            field \u003d org.apache.commons.lang3.reflect.FieldUtils.getDeclaredField(clazz, attributeName, true);\n            if (field !\u003d null) {\n                break;\n            }\n        } catch (java.lang.SecurityException | java.lang.NoClassDefFoundError e) {\n            field \u003d null;\n        }\n    }\n    if (field !\u003d null) {\n        type \u003d field.getType();\n    }\n}",
                "dst_parent": "null"
              },
              "line": 969,
              "file": "/home/khesoem/projects/lighter/exp/src/main/java/com/gdssecurity/pmd/rules/dfa/DfaSecurityRule.java",
              "stats": {
                "number_of_src_entities": 83,
                "number_of_dst_entities": -1,
                "src_entity_types": "[java.lang.reflect.Field, boolean, , java.lang.SecurityException, java.lang.NoClassDefFoundError, java.lang.String, java.lang.Class\u003c?\u003e, java.util.List\u003cjava.lang.Class\u003c?\u003e\u003e, \u003cnulltype\u003e, org.apache.commons.lang3.reflect.FieldUtils]",
                "dst_entity_types": "[]"
              }
            }
          ]
        },
        {
          "tool-name": "JGenProg",
          "pattern-name": "JGenProg:any_statement_shallow",
          "Unified_Diff_of-files:": "Starts Below...",
          "INSERT:": "",
          "CHANGE_old:": "",
          "CHANGE_new:": "                                    this.fieldTypesAll.put(clazz.getCanonicalName() + \".\" + field.getName(), field.getType());",
          "DELETE:": "                type \u003d field.getType();",
          "instance_detail": [
            {
              "pattern_action": "ANY",
              "pattern_entity": {
                "entity_type": "*",
                "entity_new value": "*",
                "entity_role": "Statement",
                "entity_parent": "null"
              },
              "concrete_change": {
                "operator": "DEL",
                "src_type": "If",
                "dst_type": "null",
                "src": "if (field !\u003d null) {\n    type \u003d field.getType();\n}",
                "dst": "null",
                "src_parent_type": "Block",
                "dst_parent_type": "null",
                "src_parent": "{\n    java.lang.reflect.Field field \u003d null;\n    java.util.List\u003cjava.lang.Class\u003c?\u003e\u003e inheritanceList \u003d getInheritance(type);\n    for (java.lang.Class\u003c?\u003e clazz : inheritanceList) {\n        try {\n            field \u003d org.apache.commons.lang3.reflect.FieldUtils.getDeclaredField(clazz, attributeName, true);\n            if (field !\u003d null) {\n                break;\n            }\n        } catch (java.lang.SecurityException | java.lang.NoClassDefFoundError e) {\n            field \u003d null;\n        }\n    }\n    if (field !\u003d null) {\n        type \u003d field.getType();\n    }\n}",
                "dst_parent": "null"
              },
              "line": 979,
              "file": "/home/khesoem/projects/lighter/exp/src/main/java/com/gdssecurity/pmd/rules/dfa/DfaSecurityRule.java",
              "stats": {
                "number_of_src_entities": 36,
                "number_of_dst_entities": -1,
                "src_entity_types": "[java.lang.reflect.Field, boolean, , java.lang.Class\u003c?\u003e, \u003cnulltype\u003e]",
                "dst_entity_types": "[]"
              }
            }
          ]
        }
      ]
    }
  ],
  "complete_analysis": true
}