{
  "instances": [
    {
      "revision": "e4e566d0cb691ef3e16c130d322d7230bc63c9e3",
      "repairability": [
        {
          "tool-name": "JKali",
          "pattern-name": "JKali:del",
          "Unified_Diff_of-files:": "Starts Below...",
          "INSERT:": "import org.springframework.data.domain.Slice;",
          "CHANGE_old:": "        return result;",
          "CHANGE_new:": "",
          "DELETE:": "        }",
          "instance_detail": [
            {
              "pattern_action": "DEL",
              "pattern_entity": {
                "entity_type": "*",
                "entity_new value": "*",
                "entity_role": "Statement",
                "entity_parent": "null"
              },
              "concrete_change": {
                "operator": "DEL",
                "src_type": "LocalVariable",
                "dst_type": "null",
                "src": "java.util.List resultsList \u003d (found \u003d\u003d null) ? java.util.Collections.emptyList() : this.datastoreTemplate.getDatastoreEntityConverter().getConversions().convertOnRead(applyProjection(found), java.util.List.class, returnedItemType)",
                "dst": "null",
                "src_parent_type": "Block",
                "dst_parent_type": "null",
                "src_parent": "{\n    org.springframework.data.domain.Pageable pageableParam \u003d new org.springframework.data.repository.query.ParametersParameterAccessor(org.springframework.cloud.gcp.data.datastore.repository.query.GqlDatastoreQuery.getQueryMethod().getParameters(), parameters).getPageable();\n    java.util.List resultsList \u003d (found \u003d\u003d null) ? java.util.Collections.emptyList() : this.datastoreTemplate.getDatastoreEntityConverter().getConversions().convertOnRead(applyProjection(found), java.util.List.class, returnedItemType);\n    if (org.springframework.cloud.gcp.data.datastore.repository.query.GqlDatastoreQuery.isPageQuery()) {\n        result \u003d buildPage(pageableParam, parsedQueryWithTagsAndValues, found.getCursor(), resultsList);\n    } else {\n        result \u003d buildSlice(pageableParam, parsedQueryWithTagsAndValues, found.getCursor(), resultsList);\n    }\n}",
                "dst_parent": "null"
              },
              "line": 151,
              "file": "/home/khesoem/projects/lighter/exp/spring-cloud-gcp-data-datastore/src/main/java/org/springframework/cloud/gcp/data/datastore/repository/query/GqlDatastoreQuery.java"
            }
          ]
        },
        {
          "tool-name": "JKali",
          "pattern-name": "JKali:del",
          "Unified_Diff_of-files:": "Starts Below...",
          "INSERT:": "import org.springframework.data.domain.Slice;",
          "CHANGE_old:": "        return result;",
          "CHANGE_new:": "",
          "DELETE:": "        }",
          "instance_detail": [
            {
              "pattern_action": "DEL",
              "pattern_entity": {
                "entity_type": "*",
                "entity_new value": "*",
                "entity_role": "Statement",
                "entity_parent": "null"
              },
              "concrete_change": {
                "operator": "DEL",
                "src_type": "Assignment",
                "dst_type": "null",
                "src": "result \u003d buildSlice(pageableParam, parsedQueryWithTagsAndValues, found.getCursor(), resultsList)",
                "dst": "null",
                "src_parent_type": "Block",
                "dst_parent_type": "null",
                "src_parent": "{\n    result \u003d buildSlice(pageableParam, parsedQueryWithTagsAndValues, found.getCursor(), resultsList);\n}",
                "dst_parent": "null"
              },
              "line": 159,
              "file": "/home/khesoem/projects/lighter/exp/spring-cloud-gcp-data-datastore/src/main/java/org/springframework/cloud/gcp/data/datastore/repository/query/GqlDatastoreQuery.java"
            }
          ]
        },
        {
          "tool-name": "JKali",
          "pattern-name": "JKali:del",
          "Unified_Diff_of-files:": "Starts Below...",
          "INSERT:": "import org.springframework.data.domain.Slice;",
          "CHANGE_old:": "        return result;",
          "CHANGE_new:": "",
          "DELETE:": "        }",
          "instance_detail": [
            {
              "pattern_action": "DEL",
              "pattern_entity": {
                "entity_type": "*",
                "entity_new value": "*",
                "entity_role": "Statement",
                "entity_parent": "null"
              },
              "concrete_change": {
                "operator": "DEL",
                "src_type": "If",
                "dst_type": "null",
                "src": "if (org.springframework.cloud.gcp.data.datastore.repository.query.GqlDatastoreQuery.isPageQuery()) {\n    result \u003d buildPage(pageableParam, parsedQueryWithTagsAndValues, found.getCursor(), resultsList);\n} else {\n    result \u003d buildSlice(pageableParam, parsedQueryWithTagsAndValues, found.getCursor(), resultsList);\n}",
                "dst": "null",
                "src_parent_type": "Block",
                "dst_parent_type": "null",
                "src_parent": "{\n    org.springframework.data.domain.Pageable pageableParam \u003d new org.springframework.data.repository.query.ParametersParameterAccessor(org.springframework.cloud.gcp.data.datastore.repository.query.GqlDatastoreQuery.getQueryMethod().getParameters(), parameters).getPageable();\n    java.util.List resultsList \u003d (found \u003d\u003d null) ? java.util.Collections.emptyList() : this.datastoreTemplate.getDatastoreEntityConverter().getConversions().convertOnRead(applyProjection(found), java.util.List.class, returnedItemType);\n    if (org.springframework.cloud.gcp.data.datastore.repository.query.GqlDatastoreQuery.isPageQuery()) {\n        result \u003d buildPage(pageableParam, parsedQueryWithTagsAndValues, found.getCursor(), resultsList);\n    } else {\n        result \u003d buildSlice(pageableParam, parsedQueryWithTagsAndValues, found.getCursor(), resultsList);\n    }\n}",
                "dst_parent": "null"
              },
              "line": 155,
              "file": "/home/khesoem/projects/lighter/exp/spring-cloud-gcp-data-datastore/src/main/java/org/springframework/cloud/gcp/data/datastore/repository/query/GqlDatastoreQuery.java"
            }
          ]
        },
        {
          "tool-name": "JKali",
          "pattern-name": "JKali:add_rtrn",
          "Unified_Diff_of-files:": "Starts Below...",
          "INSERT:": "import org.springframework.data.domain.Slice;",
          "CHANGE_old:": "        return result;",
          "CHANGE_new:": "",
          "DELETE:": "        }",
          "instance_detail": [
            {
              "pattern_action": "INS",
              "pattern_entity": {
                "entity_type": "Return",
                "entity_new value": "*",
                "entity_role": "Statement",
                "entity_parent": "null"
              },
              "concrete_change": {
                "operator": "INS",
                "src_type": "Return",
                "dst_type": "null",
                "src": "return processRawObjectForProjection(result)",
                "dst": "null",
                "src_parent_type": "Block",
                "dst_parent_type": "null",
                "src_parent": "{\n    org.springframework.data.domain.Pageable pageableParam \u003d new org.springframework.data.repository.query.ParametersParameterAccessor(org.springframework.cloud.gcp.data.datastore.repository.query.GqlDatastoreQuery.getQueryMethod().getParameters(), parameters).getPageable();\n    java.util.List resultsList \u003d (found \u003d\u003d null) ? java.util.Collections.emptyList() : ((java.util.List) (java.util.stream.StreamSupport.stream(found.spliterator(), false).collect(java.util.stream.Collectors.toList())));\n    com.google.cloud.datastore.Cursor cursor \u003d (found !\u003d null) ? found.getCursor() : null;\n    org.springframework.data.domain.Slice result \u003d (org.springframework.cloud.gcp.data.datastore.repository.query.GqlDatastoreQuery.isPageQuery()) ? buildPage(pageableParam, parsedQueryWithTagsAndValues, cursor, resultsList) : buildSlice(pageableParam, parsedQueryWithTagsAndValues, cursor, resultsList);\n    return processRawObjectForProjection(result);\n}",
                "dst_parent": "null"
              },
              "line": 173,
              "file": "/home/khesoem/projects/lighter/exp/spring-cloud-gcp-data-datastore/src/main/java/org/springframework/cloud/gcp/data/datastore/repository/query/GqlDatastoreQuery.java"
            }
          ]
        }
      ]
    },
    {
      "revision": "e4e566d0cb691ef3e16c130d322d7230bc63c9e3",
      "repairability": [
        {
          "tool-name": "JKali",
          "pattern-name": "JKali:del",
          "Unified_Diff_of-files:": "Starts Below...",
          "INSERT:": "import org.springframework.data.domain.Slice;",
          "CHANGE_old:": "        return result;",
          "CHANGE_new:": "",
          "DELETE:": "        }",
          "instance_detail": [
            {
              "pattern_action": "DEL",
              "pattern_entity": {
                "entity_type": "*",
                "entity_new value": "*",
                "entity_role": "Statement",
                "entity_parent": "null"
              },
              "concrete_change": {
                "operator": "DEL",
                "src_type": "Return",
                "dst_type": "null",
                "src": "return java.util.Collections.emptyList()",
                "dst": "null",
                "src_parent_type": "Block",
                "dst_parent_type": "null",
                "src_parent": "{\n    return java.util.Collections.emptyList();\n}",
                "dst_parent": "null"
              },
              "line": 65,
              "file": "/home/khesoem/projects/lighter/exp/spring-cloud-gcp-data-datastore/src/main/java/org/springframework/cloud/gcp/data/datastore/repository/query/AbstractDatastoreQuery.java"
            }
          ]
        },
        {
          "tool-name": "JKali",
          "pattern-name": "JKali:del",
          "Unified_Diff_of-files:": "Starts Below...",
          "INSERT:": "import org.springframework.data.domain.Slice;",
          "CHANGE_old:": "        return result;",
          "CHANGE_new:": "",
          "DELETE:": "        }",
          "instance_detail": [
            {
              "pattern_action": "DEL",
              "pattern_entity": {
                "entity_type": "*",
                "entity_new value": "*",
                "entity_role": "Statement",
                "entity_parent": "null"
              },
              "concrete_change": {
                "operator": "DEL",
                "src_type": "If",
                "dst_type": "null",
                "src": "if (rawResult \u003d\u003d null) {\n    return java.util.Collections.emptyList();\n}",
                "dst": "null",
                "src_parent_type": "Block",
                "dst_parent_type": "null",
                "src_parent": "{\n    if (rawResult \u003d\u003d null) {\n        return java.util.Collections.emptyList();\n    }\n    return java.util.stream.StreamSupport.stream(rawResult.spliterator(), false).map(this::processRawObjectForProjection).collect(java.util.stream.Collectors.toList());\n}",
                "dst_parent": "null"
              },
              "line": 64,
              "file": "/home/khesoem/projects/lighter/exp/spring-cloud-gcp-data-datastore/src/main/java/org/springframework/cloud/gcp/data/datastore/repository/query/AbstractDatastoreQuery.java"
            }
          ]
        },
        {
          "tool-name": "JKali",
          "pattern-name": "JKali:del",
          "Unified_Diff_of-files:": "Starts Below...",
          "INSERT:": "import org.springframework.data.domain.Slice;",
          "CHANGE_old:": "        return result;",
          "CHANGE_new:": "",
          "DELETE:": "        }",
          "instance_detail": [
            {
              "pattern_action": "DEL",
              "pattern_entity": {
                "entity_type": "*",
                "entity_new value": "*",
                "entity_role": "Statement",
                "entity_parent": "null"
              },
              "concrete_change": {
                "operator": "DEL",
                "src_type": "Return",
                "dst_type": "null",
                "src": "return java.util.stream.StreamSupport.stream(rawResult.spliterator(), false).map(this::processRawObjectForProjection).collect(java.util.stream.Collectors.toList())",
                "dst": "null",
                "src_parent_type": "Block",
                "dst_parent_type": "null",
                "src_parent": "{\n    if (rawResult \u003d\u003d null) {\n        return java.util.Collections.emptyList();\n    }\n    return java.util.stream.StreamSupport.stream(rawResult.spliterator(), false).map(this::processRawObjectForProjection).collect(java.util.stream.Collectors.toList());\n}",
                "dst_parent": "null"
              },
              "line": 67,
              "file": "/home/khesoem/projects/lighter/exp/spring-cloud-gcp-data-datastore/src/main/java/org/springframework/cloud/gcp/data/datastore/repository/query/AbstractDatastoreQuery.java"
            }
          ]
        }
      ]
    }
  ],
  "complete_analysis": true
}