{
  "instances": [
    {
      "revision": "22dfd7ba8d072a892ca14bfb87b110a15546740d",
      "repairability": [
        {
          "tool-name": "JKali",
          "pattern-name": "JKali:del",
          "Unified_Diff_of-files:": "Starts Below...",
          "DELETE:": "}",
          "instance_detail": [
            {
              "pattern_action": "DEL",
              "pattern_entity": {
                "entity_type": "*",
                "entity_new value": "*",
                "entity_role": "Statement",
                "entity_parent": "null"
              },
              "concrete_change": {
                "operator": "DEL",
                "src_type": "Return",
                "dst_type": "null",
                "src": "return this.pubSubSubscriberTemplate.getAcknowledger()",
                "dst": "null",
                "src_parent_type": "Block",
                "dst_parent_type": "null",
                "src_parent": "{\n    return this.pubSubSubscriberTemplate.getAcknowledger();\n}",
                "dst_parent": "null"
              },
              "line": 169,
              "file": "/home/khesoem/projects/lighter/exp/spring-cloud-gcp-pubsub/src/main/java/org/springframework/cloud/gcp/pubsub/core/PubSubTemplate.java"
            }
          ]
        }
      ]
    },
    {
      "revision": "22dfd7ba8d072a892ca14bfb87b110a15546740d",
      "repairability": [
        {
          "tool-name": "JKali",
          "pattern-name": "JKali:del",
          "Unified_Diff_of-files:": "Starts Below...",
          "DELETE:": "}",
          "instance_detail": [
            {
              "pattern_action": "DEL",
              "pattern_entity": {
                "entity_type": "*",
                "entity_new value": "*",
                "entity_role": "Statement",
                "entity_parent": "null"
              },
              "concrete_change": {
                "operator": "DEL",
                "src_type": "Invocation",
                "dst_type": "null",
                "src": "this.acknowledger.nack(java.util.Collections.singleton(this.ackId), this.subscriptionName)",
                "dst": "null",
                "src_parent_type": "Block",
                "dst_parent_type": "null",
                "src_parent": "{\n    this.acknowledger.nack(java.util.Collections.singleton(this.ackId), this.subscriptionName);\n}",
                "dst_parent": "null"
              },
              "line": 67,
              "file": "/home/khesoem/projects/lighter/exp/spring-cloud-gcp-pubsub/src/main/java/org/springframework/cloud/gcp/pubsub/support/AcknowledgeablePubsubMessage.java",
              "stats": {
                "number_of_src_entities": 59,
                "number_of_dst_entities": -1,
                "src_entity_types": "[org.springframework.cloud.gcp.pubsub.support.AcknowledgeablePubsubMessage, org.springframework.cloud.gcp.pubsub.support.PubSubAcknowledger, java.util.Collections]",
                "dst_entity_types": "[]"
              }
            }
          ]
        }
      ]
    },
    {
      "revision": "22dfd7ba8d072a892ca14bfb87b110a15546740d",
      "repairability": [
        {
          "tool-name": "JKali",
          "pattern-name": "JKali:del",
          "Unified_Diff_of-files:": "Starts Below...",
          "DELETE:": "}",
          "instance_detail": [
            {
              "pattern_action": "DEL",
              "pattern_entity": {
                "entity_type": "*",
                "entity_new value": "*",
                "entity_role": "Statement",
                "entity_parent": "null"
              },
              "concrete_change": {
                "operator": "DEL",
                "src_type": "Return",
                "dst_type": "null",
                "src": "return new org.springframework.cloud.gcp.pubsub.support.DefaultPubSubAcknowledger(createSubscriberStub())",
                "dst": "null",
                "src_parent_type": "Block",
                "dst_parent_type": "null",
                "src_parent": "{\n    return new org.springframework.cloud.gcp.pubsub.support.DefaultPubSubAcknowledger(createSubscriberStub());\n}",
                "dst_parent": "null"
              },
              "line": 65,
              "file": "/home/khesoem/projects/lighter/exp/spring-cloud-gcp-pubsub/src/main/java/org/springframework/cloud/gcp/pubsub/support/SubscriberFactory.java"
            }
          ]
        }
      ]
    },
    {
      "revision": "22dfd7ba8d072a892ca14bfb87b110a15546740d",
      "repairability": [
        {
          "tool-name": "JKali",
          "pattern-name": "JKali:del",
          "Unified_Diff_of-files:": "Starts Below...",
          "DELETE:": "}",
          "instance_detail": [
            {
              "pattern_action": "DEL",
              "pattern_entity": {
                "entity_type": "*",
                "entity_new value": "*",
                "entity_role": "Statement",
                "entity_parent": "null"
              },
              "concrete_change": {
                "operator": "DEL",
                "src_type": "Assignment",
                "dst_type": "null",
                "src": "this.acknowledger \u003d this.subscriberFactory.createAcknowledger()",
                "dst": "null",
                "src_parent_type": "Block",
                "dst_parent_type": "null",
                "src_parent": "{\n    org.springframework.util.Assert.notNull(subscriberFactory, \"The subscriberFactory can\u0027t be null.\");\n    this.subscriberFactory \u003d subscriberFactory;\n    this.subscriberStub \u003d this.subscriberFactory.createSubscriberStub();\n    this.acknowledger \u003d this.subscriberFactory.createAcknowledger();\n}",
                "dst_parent": "null"
              },
              "line": 66,
              "file": "/home/khesoem/projects/lighter/exp/spring-cloud-gcp-pubsub/src/main/java/org/springframework/cloud/gcp/pubsub/core/subscriber/PubSubSubscriberTemplate.java",
              "stats": {
                "number_of_src_entities": 29,
                "number_of_dst_entities": -1,
                "src_entity_types": "[org.springframework.cloud.gcp.pubsub.core.subscriber.PubSubSubscriberTemplate, org.springframework.cloud.gcp.pubsub.support.SubscriberFactory]",
                "dst_entity_types": "[]"
              }
            }
          ]
        },
        {
          "tool-name": "JKali",
          "pattern-name": "JKali:del",
          "Unified_Diff_of-files:": "Starts Below...",
          "DELETE:": "}",
          "instance_detail": [
            {
              "pattern_action": "DEL",
              "pattern_entity": {
                "entity_type": "*",
                "entity_new value": "*",
                "entity_role": "Statement",
                "entity_parent": "null"
              },
              "concrete_change": {
                "operator": "DEL",
                "src_type": "Return",
                "dst_type": "null",
                "src": "return this.acknowledger",
                "dst": "null",
                "src_parent_type": "Block",
                "dst_parent_type": "null",
                "src_parent": "{\n    return this.acknowledger;\n}",
                "dst_parent": "null"
              },
              "line": 135,
              "file": "/home/khesoem/projects/lighter/exp/spring-cloud-gcp-pubsub/src/main/java/org/springframework/cloud/gcp/pubsub/core/subscriber/PubSubSubscriberTemplate.java"
            }
          ]
        },
        {
          "tool-name": "JKali",
          "pattern-name": "JKali:add_rtrn",
          "Unified_Diff_of-files:": "Starts Below...",
          "DELETE:": "}",
          "instance_detail": [
            {
              "pattern_action": "INS",
              "pattern_entity": {
                "entity_type": "Return",
                "entity_new value": "*",
                "entity_role": "Statement",
                "entity_parent": "null"
              },
              "concrete_change": {
                "operator": "INS",
                "src_type": "Return",
                "dst_type": "null",
                "src": "return acknowledgeablePubsubMessages.stream().collect(java.util.stream.Collectors.groupingBy(AcknowledgeablePubsubMessage::getSubscriptionName, java.util.stream.Collectors.mapping(AcknowledgeablePubsubMessage::getAckId, java.util.stream.Collectors.toList())))",
                "dst": "null",
                "src_parent_type": "Block",
                "dst_parent_type": "null",
                "src_parent": "{\n    return acknowledgeablePubsubMessages.stream().collect(java.util.stream.Collectors.groupingBy(AcknowledgeablePubsubMessage::getSubscriptionName, java.util.stream.Collectors.mapping(AcknowledgeablePubsubMessage::getAckId, java.util.stream.Collectors.toList())));\n}",
                "dst_parent": "null"
              },
              "line": 152,
              "file": "/home/khesoem/projects/lighter/exp/spring-cloud-gcp-pubsub/src/main/java/org/springframework/cloud/gcp/pubsub/core/subscriber/PubSubSubscriberTemplate.java"
            }
          ]
        }
      ]
    }
  ],
  "complete_analysis": true
}