{
  "instances": [
    {
      "revision": "0c031a6e3390f110f3c695025ecf6a58db49ea9d",
      "repairability": [
        {
          "tool-name": "Elixir",
          "pattern-name": "Elixir:update_type_ref",
          "Unified_Diff_of-files:": "Starts Below...",
          "INSERT:": "import java.util.List;",
          "CHANGE_old:": "",
          "CHANGE_new:": "                                \"failureReasons\", failures))",
          "instance_detail": [
            {
              "pattern_action": "UPD",
              "pattern_entity": {
                "entity_type": "TypeReference",
                "entity_new value": "*",
                "entity_role": "*",
                "entity_parent": "null"
              },
              "concrete_change": {
                "operator": "UPD",
                "src_type": "TypeReference",
                "dst_type": "TypeReference",
                "src": "boolean",
                "dst": "org.apache.commons.lang3.tuple.ImmutablePair\u003cjava.lang.Boolean, java.util.List\u003cjava.lang.String\u003e\u003e",
                "src_parent_type": "LocalVariable",
                "dst_parent_type": "LocalVariable",
                "src_parent": "boolean match \u003d dataUseMatcher.matchPurposeAndDataset(purpose, dataset)",
                "dst_parent": "org.apache.commons.lang3.tuple.ImmutablePair\u003cjava.lang.Boolean, java.util.List\u003cjava.lang.String\u003e\u003e matchResult \u003d dataUseMatcher.matchPurposeAndDatasetV2(purpose, dataset)"
              },
              "line": 61,
              "file": "/home/khesoem/projects/lighter/exp/src/main/java/org/broadinstitute/dsde/consent/ontology/resources/MatchResource.java",
              "stats": {
                "number_of_src_entities": 1,
                "number_of_dst_entities": 8,
                "src_entity_types": "[boolean]",
                "dst_entity_types": "[org.apache.commons.lang3.tuple.ImmutablePair\u003cjava.lang.Boolean, java.util.List\u003cjava.lang.String\u003e\u003e, java.lang.String, java.util.List\u003cjava.lang.String\u003e, java.lang.Boolean]"
              }
            }
          ]
        },
        {
          "tool-name": "Elixir",
          "pattern-name": "Elixir:update_return_deep",
          "Unified_Diff_of-files:": "Starts Below...",
          "INSERT:": "import java.util.List;",
          "CHANGE_old:": "",
          "CHANGE_new:": "                                \"failureReasons\", failures))",
          "instance_detail": [
            {
              "pattern_action": "ANY",
              "pattern_entity": {
                "entity_type": "*",
                "entity_new value": "*",
                "entity_role": "*",
                "entity_parent": {
                  "entity_type": "Return",
                  "entity_new value": "*",
                  "entity_role": "*",
                  "entity_parent": "null"
                }
              },
              "concrete_change": {
                "operator": "INS",
                "src_type": "Literal",
                "dst_type": "null",
                "src": "\"failureReasons\"",
                "dst": "null",
                "src_parent_type": "Invocation",
                "dst_parent_type": "null",
                "src_parent": "com.google.common.collect.ImmutableMap.of(\"result\", match, \"matchPair\", matchPair, \"failureReasons\", failures)",
                "dst_parent": "null"
              },
              "line": 71,
              "file": "/home/khesoem/projects/lighter/exp/src/main/java/org/broadinstitute/dsde/consent/ontology/resources/MatchResource.java",
              "stats": {
                "number_of_src_entities": 3,
                "number_of_dst_entities": -1,
                "src_entity_types": "[java.lang.String]",
                "dst_entity_types": "[]"
              }
            }
          ]
        }
      ]
    }
  ],
  "complete_analysis": true
}