{
  "instances": [
    {
      "revision": "1f02d25738cd38bf27da5580fc383b6ef921ef93",
      "repairability": [
        {
          "tool-name": "JKali",
          "pattern-name": "JKali:del",
          "Unified_Diff_of-files:": "Starts Below...",
          "DELETE:": "",
          "instance_detail": [
            {
              "pattern_action": "DEL",
              "pattern_entity": {
                "entity_type": "*",
                "entity_new value": "*",
                "entity_role": "Statement",
                "entity_parent": "null"
              },
              "concrete_change": {
                "operator": "DEL",
                "src_type": "Return",
                "dst_type": "null",
                "src": "return getConfig().getFallbackStringProperty(io.debezium.relational.RelationalDatabaseConnectorConfig.DATABASE_EXCLUDE_LIST, io.debezium.relational.RelationalDatabaseConnectorConfig.DATABASE_BLACKLIST)",
                "dst": "null",
                "src_parent_type": "Block",
                "dst_parent_type": "null",
                "src_parent": "{\n    return getConfig().getFallbackStringProperty(io.debezium.relational.RelationalDatabaseConnectorConfig.DATABASE_EXCLUDE_LIST, io.debezium.relational.RelationalDatabaseConnectorConfig.DATABASE_BLACKLIST);\n}",
                "dst_parent": "null"
              },
              "line": 626,
              "file": "/home/khesoem/projects/lighter/exp/debezium-core/src/main/java/io/debezium/relational/RelationalDatabaseConnectorConfig.java"
            }
          ]
        },
        {
          "tool-name": "JKali",
          "pattern-name": "JKali:del",
          "Unified_Diff_of-files:": "Starts Below...",
          "DELETE:": "",
          "instance_detail": [
            {
              "pattern_action": "DEL",
              "pattern_entity": {
                "entity_type": "*",
                "entity_new value": "*",
                "entity_role": "Statement",
                "entity_parent": "null"
              },
              "concrete_change": {
                "operator": "DEL",
                "src_type": "Return",
                "dst_type": "null",
                "src": "return getConfig().getFallbackStringProperty(io.debezium.relational.RelationalDatabaseConnectorConfig.DATABASE_INCLUDE_LIST, io.debezium.relational.RelationalDatabaseConnectorConfig.DATABASE_WHITELIST)",
                "dst": "null",
                "src_parent_type": "Block",
                "dst_parent_type": "null",
                "src_parent": "{\n    return getConfig().getFallbackStringProperty(io.debezium.relational.RelationalDatabaseConnectorConfig.DATABASE_INCLUDE_LIST, io.debezium.relational.RelationalDatabaseConnectorConfig.DATABASE_WHITELIST);\n}",
                "dst_parent": "null"
              },
              "line": 630,
              "file": "/home/khesoem/projects/lighter/exp/debezium-core/src/main/java/io/debezium/relational/RelationalDatabaseConnectorConfig.java"
            }
          ]
        }
      ]
    }
  ],
  "complete_analysis": true
}