{
  "instances": [
    {
      "revision": "0cbce95a0c02e3c9be278aad9a9b4bdf6708099a",
      "repairability": [
        {
          "tool-name": "JKali",
          "pattern-name": "JKali:add_rtrn",
          "Unified_Diff_of-files:": "Starts Below...",
          "INSERT:": "}",
          "instance_detail": [
            {
              "pattern_action": "INS",
              "pattern_entity": {
                "entity_type": "Return",
                "entity_new value": "*",
                "entity_role": "Statement",
                "entity_parent": "null"
              },
              "concrete_change": {
                "operator": "INS",
                "src_type": "Return",
                "dst_type": "null",
                "src": "return logMiningBufferType",
                "dst": "null",
                "src_parent_type": "Block",
                "dst_parent_type": "null",
                "src_parent": "{\n    return logMiningBufferType;\n}",
                "dst_parent": "null"
              },
              "line": 1026,
              "file": "/home/khesoem/projects/lighter/exp/debezium-connector-oracle/src/main/java/io/debezium/connector/oracle/OracleConnectorConfig.java"
            }
          ]
        },
        {
          "tool-name": "JKali",
          "pattern-name": "JKali:add_rtrn",
          "Unified_Diff_of-files:": "Starts Below...",
          "INSERT:": "}",
          "instance_detail": [
            {
              "pattern_action": "INS",
              "pattern_entity": {
                "entity_type": "Return",
                "entity_new value": "*",
                "entity_role": "Statement",
                "entity_parent": "null"
              },
              "concrete_change": {
                "operator": "INS",
                "src_type": "Return",
                "dst_type": "null",
                "src": "return logMiningBufferLocation",
                "dst": "null",
                "src_parent_type": "Block",
                "dst_parent_type": "null",
                "src_parent": "{\n    return logMiningBufferLocation;\n}",
                "dst_parent": "null"
              },
              "line": 1033,
              "file": "/home/khesoem/projects/lighter/exp/debezium-connector-oracle/src/main/java/io/debezium/connector/oracle/OracleConnectorConfig.java"
            }
          ]
        },
        {
          "tool-name": "JKali",
          "pattern-name": "JKali:add_rtrn",
          "Unified_Diff_of-files:": "Starts Below...",
          "INSERT:": "}",
          "instance_detail": [
            {
              "pattern_action": "INS",
              "pattern_entity": {
                "entity_type": "Return",
                "entity_new value": "*",
                "entity_role": "Statement",
                "entity_parent": "null"
              },
              "concrete_change": {
                "operator": "INS",
                "src_type": "Return",
                "dst_type": "null",
                "src": "return logMiningBufferDropOnStop",
                "dst": "null",
                "src_parent_type": "Block",
                "dst_parent_type": "null",
                "src_parent": "{\n    return logMiningBufferDropOnStop;\n}",
                "dst_parent": "null"
              },
              "line": 1040,
              "file": "/home/khesoem/projects/lighter/exp/debezium-connector-oracle/src/main/java/io/debezium/connector/oracle/OracleConnectorConfig.java"
            }
          ]
        },
        {
          "tool-name": "JKali",
          "pattern-name": "JKali:add_rtrn",
          "Unified_Diff_of-files:": "Starts Below...",
          "INSERT:": "}",
          "instance_detail": [
            {
              "pattern_action": "INS",
              "pattern_entity": {
                "entity_type": "Return",
                "entity_new value": "*",
                "entity_role": "Statement",
                "entity_parent": "null"
              },
              "concrete_change": {
                "operator": "INS",
                "src_type": "Return",
                "dst_type": "null",
                "src": "return 0",
                "dst": "null",
                "src_parent_type": "Block",
                "dst_parent_type": "null",
                "src_parent": "{\n    final io.debezium.connector.oracle.OracleConnectorConfig.LogMiningBufferType bufferType \u003d io.debezium.connector.oracle.OracleConnectorConfig.LogMiningBufferType.parse(config.getString(io.debezium.connector.oracle.OracleConnectorConfig.LOG_MINING_BUFFER_TYPE));\n    if (io.debezium.connector.oracle.OracleConnectorConfig.LogMiningBufferType.INFINISPAN.equals(bufferType)) {\n        return io.debezium.config.Field.isRequired(config, field, problems);\n    }\n    return 0;\n}",
                "dst_parent": "null"
              },
              "line": 1079,
              "file": "/home/khesoem/projects/lighter/exp/debezium-connector-oracle/src/main/java/io/debezium/connector/oracle/OracleConnectorConfig.java"
            }
          ]
        },
        {
          "tool-name": "JKali",
          "pattern-name": "JKali:add_rtrn",
          "Unified_Diff_of-files:": "Starts Below...",
          "INSERT:": "}",
          "instance_detail": [
            {
              "pattern_action": "INS",
              "pattern_entity": {
                "entity_type": "Return",
                "entity_new value": "*",
                "entity_role": "Statement",
                "entity_parent": "null"
              },
              "concrete_change": {
                "operator": "INS",
                "src_type": "Return",
                "dst_type": "null",
                "src": "return value",
                "dst": "null",
                "src_parent_type": "Block",
                "dst_parent_type": "null",
                "src_parent": "{\n    return value;\n}",
                "dst_parent": "null"
              },
              "line": 776,
              "file": "/home/khesoem/projects/lighter/exp/debezium-connector-oracle/src/main/java/io/debezium/connector/oracle/OracleConnectorConfig.java"
            }
          ]
        },
        {
          "tool-name": "JKali",
          "pattern-name": "JKali:add_rtrn",
          "Unified_Diff_of-files:": "Starts Below...",
          "INSERT:": "}",
          "instance_detail": [
            {
              "pattern_action": "INS",
              "pattern_entity": {
                "entity_type": "Return",
                "entity_new value": "*",
                "entity_role": "Statement",
                "entity_parent": "null"
              },
              "concrete_change": {
                "operator": "INS",
                "src_type": "Return",
                "dst_type": "null",
                "src": "return null",
                "dst": "null",
                "src_parent_type": "Block",
                "dst_parent_type": "null",
                "src_parent": "{\n    if (value !\u003d null) {\n        value \u003d value.trim();\n        for (io.debezium.connector.oracle.OracleConnectorConfig.LogMiningBufferType option : io.debezium.connector.oracle.OracleConnectorConfig.LogMiningBufferType.values()) {\n            if (option.getValue().equalsIgnoreCase(value)) {\n                return option;\n            }\n        }\n    }\n    return null;\n}",
                "dst_parent": "null"
              },
              "line": 788,
              "file": "/home/khesoem/projects/lighter/exp/debezium-connector-oracle/src/main/java/io/debezium/connector/oracle/OracleConnectorConfig.java"
            }
          ]
        },
        {
          "tool-name": "JKali",
          "pattern-name": "JKali:add_rtrn",
          "Unified_Diff_of-files:": "Starts Below...",
          "INSERT:": "}",
          "instance_detail": [
            {
              "pattern_action": "INS",
              "pattern_entity": {
                "entity_type": "Return",
                "entity_new value": "*",
                "entity_role": "Statement",
                "entity_parent": "null"
              },
              "concrete_change": {
                "operator": "INS",
                "src_type": "Return",
                "dst_type": "null",
                "src": "return type",
                "dst": "null",
                "src_parent_type": "Block",
                "dst_parent_type": "null",
                "src_parent": "{\n    io.debezium.connector.oracle.OracleConnectorConfig.LogMiningBufferType type \u003d io.debezium.connector.oracle.OracleConnectorConfig.LogMiningBufferType.parse(value);\n    if ((type \u003d\u003d null) \u0026\u0026 (defaultValue !\u003d null)) {\n        type \u003d io.debezium.connector.oracle.OracleConnectorConfig.LogMiningBufferType.parse(defaultValue);\n    }\n    return type;\n}",
                "dst_parent": "null"
              },
              "line": 796,
              "file": "/home/khesoem/projects/lighter/exp/debezium-connector-oracle/src/main/java/io/debezium/connector/oracle/OracleConnectorConfig.java"
            }
          ]
        },
        {
          "tool-name": "JKali",
          "pattern-name": "JKali:add_rtrn",
          "Unified_Diff_of-files:": "Starts Below...",
          "INSERT:": "}",
          "instance_detail": [
            {
              "pattern_action": "INS",
              "pattern_entity": {
                "entity_type": "Return",
                "entity_new value": "*",
                "entity_role": "Statement",
                "entity_parent": "null"
              },
              "concrete_change": {
                "operator": "INS",
                "src_type": "Return",
                "dst_type": "null",
                "src": "return io.debezium.config.Field.isRequired(config, field, problems)",
                "dst": "null",
                "src_parent_type": "Block",
                "dst_parent_type": "null",
                "src_parent": "{\n    return io.debezium.config.Field.isRequired(config, field, problems);\n}",
                "dst_parent": "null"
              },
              "line": 1077,
              "file": "/home/khesoem/projects/lighter/exp/debezium-connector-oracle/src/main/java/io/debezium/connector/oracle/OracleConnectorConfig.java"
            }
          ]
        },
        {
          "tool-name": "JKali",
          "pattern-name": "JKali:add_rtrn",
          "Unified_Diff_of-files:": "Starts Below...",
          "INSERT:": "}",
          "instance_detail": [
            {
              "pattern_action": "INS",
              "pattern_entity": {
                "entity_type": "Return",
                "entity_new value": "*",
                "entity_role": "Statement",
                "entity_parent": "null"
              },
              "concrete_change": {
                "operator": "INS",
                "src_type": "Return",
                "dst_type": "null",
                "src": "return option",
                "dst": "null",
                "src_parent_type": "Block",
                "dst_parent_type": "null",
                "src_parent": "{\n    return option;\n}",
                "dst_parent": "null"
              },
              "line": 784,
              "file": "/home/khesoem/projects/lighter/exp/debezium-connector-oracle/src/main/java/io/debezium/connector/oracle/OracleConnectorConfig.java"
            }
          ]
        }
      ]
    }
  ],
  "complete_analysis": true
}