{
  "instances": [
    {
      "revision": "2509e88eba68acf61dc1133ee389f01541896bcd",
      "repairability": [
        {
          "tool-name": "JKali",
          "pattern-name": "JKali:del",
          "Unified_Diff_of-files:": "Starts Below...",
          "INSERT:": "}",
          "DELETE:": "        final Properties props \u003d new Properties();",
          "CHANGE_old:": "",
          "CHANGE_new:": "            else if (name.startsWith(oldPrefix)) {",
          "instance_detail": [
            {
              "pattern_action": "DEL",
              "pattern_entity": {
                "entity_type": "*",
                "entity_new value": "*",
                "entity_role": "Statement",
                "entity_parent": "null"
              },
              "concrete_change": {
                "operator": "DEL",
                "src_type": "Wra",
                "dst_type": "null",
                "src": "final",
                "dst": "null",
                "src_parent_type": "LocalVariable",
                "dst_parent_type": "null",
                "src_parent": "final java.util.Properties props \u003d new java.util.Properties()",
                "dst_parent": "null"
              }
            }
          ]
        },
        {
          "tool-name": "JKali",
          "pattern-name": "JKali:del",
          "Unified_Diff_of-files:": "Starts Below...",
          "INSERT:": "}",
          "DELETE:": "        final Properties props \u003d new Properties();",
          "CHANGE_old:": "",
          "CHANGE_new:": "            else if (name.startsWith(oldPrefix)) {",
          "instance_detail": [
            {
              "pattern_action": "DEL",
              "pattern_entity": {
                "entity_type": "*",
                "entity_new value": "*",
                "entity_role": "Statement",
                "entity_parent": "null"
              },
              "concrete_change": {
                "operator": "DEL",
                "src_type": "VirtualEle",
                "dst_type": "null",
                "src": "VE: Modifiers_LocalVariable",
                "dst": "null",
                "src_parent_type": "LocalVariable",
                "dst_parent_type": "null",
                "src_parent": "final java.util.Properties props \u003d new java.util.Properties()",
                "dst_parent": "null"
              }
            }
          ]
        },
        {
          "tool-name": "JKali",
          "pattern-name": "JKali:del",
          "Unified_Diff_of-files:": "Starts Below...",
          "INSERT:": "}",
          "DELETE:": "        final Properties props \u003d new Properties();",
          "CHANGE_old:": "",
          "CHANGE_new:": "            else if (name.startsWith(oldPrefix)) {",
          "instance_detail": [
            {
              "pattern_action": "DEL",
              "pattern_entity": {
                "entity_type": "*",
                "entity_new value": "*",
                "entity_role": "Statement",
                "entity_parent": "null"
              },
              "concrete_change": {
                "operator": "DEL",
                "src_type": "LocalVariable",
                "dst_type": "null",
                "src": "final java.util.Properties props \u003d new java.util.Properties()",
                "dst": "null",
                "src_parent_type": "Block",
                "dst_parent_type": "null",
                "src_parent": "{\n    final org.eclipse.microprofile.config.Config config \u003d org.eclipse.microprofile.config.ConfigProvider.getConfig();\n    final java.lang.String name \u003d config.getValue(io.debezium.server.DebeziumServer.PROP_SINK_TYPE, java.lang.String.class);\n    final java.util.Set\u003cjavax.enterprise.inject.spi.Bean\u003c?\u003e\u003e beans \u003d beanManager.getBeans(name).stream().filter(( x) -\u003e .class.isAssignableFrom(x.getBeanClass())).collect(java.util.stream.Collectors.toSet());\n    io.debezium.server.DebeziumServer.LOGGER.debug(\"Found {} candidate consumer(s)\", beans.size());\n    if ((beans.size()) \u003d\u003d 0) {\n        throw new io.debezium.DebeziumException(((\"No Debezium consumer named \u0027\" + name) + \"\u0027 is available\"));\n    } else\n        if ((beans.size()) \u003e 1) {\n            throw new io.debezium.DebeziumException(((\"Multiple Debezium consumers named \u0027\" + name) + \"\u0027 were found\"));\n        }\n\n    consumerBean \u003d ((javax.enterprise.inject.spi.Bean\u003cDebeziumEngine.ChangeConsumer\u003cio.debezium.engine.ChangeEvent\u003cjava.lang.Object, java.lang.Object\u003e\u003e\u003e) (beans.iterator().next()));\n    consumerBeanCreationalContext \u003d beanManager.createCreationalContext(consumerBean);\n    consumer \u003d consumerBean.create(consumerBeanCreationalContext);\n    io.debezium.server.DebeziumServer.LOGGER.info(\"Consumer \u0027{}\u0027 instantiated\", consumer.getClass().getName());\n    final java.lang.Class\u003cio.debezium.server.Any\u003e keyFormat \u003d ((java.lang.Class\u003cio.debezium.server.Any\u003e) (getFormat(config, io.debezium.server.DebeziumServer.PROP_KEY_FORMAT)));\n    final java.lang.Class\u003cio.debezium.server.Any\u003e valueFormat \u003d ((java.lang.Class\u003cio.debezium.server.Any\u003e) (getFormat(config, io.debezium.server.DebeziumServer.PROP_VALUE_FORMAT)));\n    final java.util.Properties props \u003d new java.util.Properties();\n    configToProperties(config, props, io.debezium.server.DebeziumServer.PROP_SOURCE_PREFIX, \"\");\n    configToProperties(config, props, io.debezium.server.DebeziumServer.PROP_FORMAT_PREFIX, \"key.converter.\");\n    configToProperties(config, props, io.debezium.server.DebeziumServer.PROP_FORMAT_PREFIX, \"value.converter.\");\n    configToProperties(config, props, io.debezium.server.DebeziumServer.PROP_KEY_FORMAT_PREFIX, \"key.converter.\");\n    configToProperties(config, props, io.debezium.server.DebeziumServer.PROP_VALUE_FORMAT_PREFIX, \"value.converter.\");\n    final java.util.Optional\u003cjava.lang.String\u003e transforms \u003d config.getOptionalValue(io.debezium.server.DebeziumServer.PROP_TRANSFORMS, java.lang.String.class);\n    if (transforms.isPresent()) {\n        props.setProperty(\"transforms\", transforms.get());\n        configToProperties(config, props, io.debezium.server.DebeziumServer.PROP_TRANSFORMS_PREFIX, \"transforms.\");\n    }\n    if (!(consumer.supportsTombstoneEvents())) {\n        props.setProperty(CommonConnectorConfig.TOMBSTONES_ON_DELETE.name(), java.lang.Boolean.FALSE.toString());\n    }\n    props.setProperty(\"name\", name);\n    io.debezium.server.DebeziumServer.LOGGER.debug(\"Configuration for DebeziumEngine: {}\", props);\n    engine \u003d io.debezium.engine.DebeziumEngine.create(keyFormat, valueFormat).notifying(consumer).using(props).using(((io.debezium.engine.DebeziumEngine.ConnectorCallback) (health))).using(((io.debezium.engine.DebeziumEngine.CompletionCallback) (health))).build();\n    executor.execute(() -\u003e {\n        try {\n            engine.run();\n        } finally {\n            io.quarkus.runtime.Quarkus.asyncExit();\n        }\n    });\n    io.debezium.server.DebeziumServer.LOGGER.info(\"Engine executor started\");\n}",
                "dst_parent": "null"
              },
              "line": 119,
              "file": "/home/khesoem/projects/lighter/exp/debezium-server/debezium-server-core/src/main/java/io/debezium/server/DebeziumServer.java",
              "stats": {
                "number_of_src_entities": 9,
                "number_of_dst_entities": -1,
                "src_entity_types": "[java.util.Properties]",
                "dst_entity_types": "[]"
              }
            }
          ]
        },
        {
          "tool-name": "JKali",
          "pattern-name": "JKali:add_rtrn",
          "Unified_Diff_of-files:": "Starts Below...",
          "INSERT:": "}",
          "DELETE:": "        final Properties props \u003d new Properties();",
          "CHANGE_old:": "",
          "CHANGE_new:": "            else if (name.startsWith(oldPrefix)) {",
          "instance_detail": [
            {
              "pattern_action": "INS",
              "pattern_entity": {
                "entity_type": "Return",
                "entity_new value": "*",
                "entity_role": "Statement",
                "entity_parent": "null"
              },
              "concrete_change": {
                "operator": "INS",
                "src_type": "Return",
                "dst_type": "null",
                "src": "return props",
                "dst": "null",
                "src_parent_type": "Block",
                "dst_parent_type": "null",
                "src_parent": "{\n    return props;\n}",
                "dst_parent": "null"
              },
              "line": 205,
              "file": "/home/khesoem/projects/lighter/exp/debezium-server/debezium-server-core/src/main/java/io/debezium/server/DebeziumServer.java"
            }
          ]
        }
      ]
    }
  ],
  "complete_analysis": true
}