{
  "instances": [
    {
      "revision": "48b01dd837d8a84e66a276b79e946b2fdd905b28",
      "repairability": [
        {
          "tool-name": "JKali",
          "pattern-name": "JKali:del",
          "Unified_Diff_of-files:": "Starts Below...",
          "DELETE:": "import static io.debezium.connector.oracle.logminer.LogMinerHelper.checkSupplementalLogging;",
          "INSERT:": "",
          "instance_detail": [
            {
              "pattern_action": "DEL",
              "pattern_entity": {
                "entity_type": "*",
                "entity_new value": "*",
                "entity_role": "Statement",
                "entity_parent": "null"
              },
              "concrete_change": {
                "operator": "DEL",
                "src_type": "Invocation",
                "dst_type": "null",
                "src": "connection.setSessionToPdb(pdbName)",
                "dst": "null",
                "src_parent_type": "Block",
                "dst_parent_type": "null",
                "src_parent": "{\n    connection.setSessionToPdb(pdbName);\n}",
                "dst_parent": "null"
              },
              "line": 63,
              "file": "/home/khesoem/projects/lighter/exp/debezium-connector-oracle/src/main/java/io/debezium/connector/oracle/logminer/LogMinerHelper.java"
            }
          ]
        },
        {
          "tool-name": "JKali",
          "pattern-name": "JKali:del",
          "Unified_Diff_of-files:": "Starts Below...",
          "DELETE:": "import static io.debezium.connector.oracle.logminer.LogMinerHelper.checkSupplementalLogging;",
          "INSERT:": "",
          "instance_detail": [
            {
              "pattern_action": "DEL",
              "pattern_entity": {
                "entity_type": "*",
                "entity_new value": "*",
                "entity_role": "Statement",
                "entity_parent": "null"
              },
              "concrete_change": {
                "operator": "DEL",
                "src_type": "If",
                "dst_type": "null",
                "src": "if (pdbName !\u003d null) {\n    connection.setSessionToPdb(pdbName);\n}",
                "dst": "null",
                "src_parent_type": "Block",
                "dst_parent_type": "null",
                "src_parent": "{\n    if (pdbName !\u003d null) {\n        connection.setSessionToPdb(pdbName);\n    }\n    java.util.Map\u003cjava.lang.String, java.lang.String\u003e globalAll \u003d io.debezium.connector.oracle.logminer.LogMinerHelper.getMap(connection, io.debezium.connector.oracle.logminer.SqlUtils.databaseSupplementalLoggingAllCheckQuery(), io.debezium.connector.oracle.logminer.LogMinerHelper.UNKNOWN);\n    if (\"NO\".equalsIgnoreCase(globalAll.get(\"KEY\"))) {\n        java.util.Map\u003cjava.lang.String, java.lang.String\u003e globalMin \u003d io.debezium.connector.oracle.logminer.LogMinerHelper.getMap(connection, io.debezium.connector.oracle.logminer.SqlUtils.databaseSupplementalLoggingMinCheckQuery(), io.debezium.connector.oracle.logminer.LogMinerHelper.UNKNOWN);\n        if (\"NO\".equalsIgnoreCase(globalMin.get(\"KEY\"))) {\n            throw new io.debezium.DebeziumException(\"Supplemental logging not properly configured.  Use: ALTER DATABASE ADD SUPPLEMENTAL LOG DATA\");\n        }\n        for (io.debezium.relational.TableId tableId : schema.getTables().tableIds()) {\n            if (!(io.debezium.connector.oracle.logminer.LogMinerHelper.isTableSupplementalLogDataAll(connection, tableId))) {\n                throw new io.debezium.DebeziumException((((((((\"Supplemental logging not configured for table \" + tableId) + \".  \") + \"Use command: ALTER TABLE \") + (tableId.schema())) + \".\") + (tableId.table())) + \" ADD SUPPLEMENTAL LOG DATA (ALL) COLUMNS\"));\n            }\n        }\n    }\n}",
                "dst_parent": "null"
              },
              "line": 62,
              "file": "/home/khesoem/projects/lighter/exp/debezium-connector-oracle/src/main/java/io/debezium/connector/oracle/logminer/LogMinerHelper.java"
            }
          ]
        },
        {
          "tool-name": "JKali",
          "pattern-name": "JKali:del",
          "Unified_Diff_of-files:": "Starts Below...",
          "DELETE:": "import static io.debezium.connector.oracle.logminer.LogMinerHelper.checkSupplementalLogging;",
          "INSERT:": "",
          "instance_detail": [
            {
              "pattern_action": "DEL",
              "pattern_entity": {
                "entity_type": "*",
                "entity_new value": "*",
                "entity_role": "Statement",
                "entity_parent": "null"
              },
              "concrete_change": {
                "operator": "DEL",
                "src_type": "LocalVariable",
                "dst_type": "null",
                "src": "java.util.Map\u003cjava.lang.String, java.lang.String\u003e globalAll \u003d io.debezium.connector.oracle.logminer.LogMinerHelper.getMap(connection, io.debezium.connector.oracle.logminer.SqlUtils.databaseSupplementalLoggingAllCheckQuery(), io.debezium.connector.oracle.logminer.LogMinerHelper.UNKNOWN)",
                "dst": "null",
                "src_parent_type": "Block",
                "dst_parent_type": "null",
                "src_parent": "{\n    if (pdbName !\u003d null) {\n        connection.setSessionToPdb(pdbName);\n    }\n    java.util.Map\u003cjava.lang.String, java.lang.String\u003e globalAll \u003d io.debezium.connector.oracle.logminer.LogMinerHelper.getMap(connection, io.debezium.connector.oracle.logminer.SqlUtils.databaseSupplementalLoggingAllCheckQuery(), io.debezium.connector.oracle.logminer.LogMinerHelper.UNKNOWN);\n    if (\"NO\".equalsIgnoreCase(globalAll.get(\"KEY\"))) {\n        java.util.Map\u003cjava.lang.String, java.lang.String\u003e globalMin \u003d io.debezium.connector.oracle.logminer.LogMinerHelper.getMap(connection, io.debezium.connector.oracle.logminer.SqlUtils.databaseSupplementalLoggingMinCheckQuery(), io.debezium.connector.oracle.logminer.LogMinerHelper.UNKNOWN);\n        if (\"NO\".equalsIgnoreCase(globalMin.get(\"KEY\"))) {\n            throw new io.debezium.DebeziumException(\"Supplemental logging not properly configured.  Use: ALTER DATABASE ADD SUPPLEMENTAL LOG DATA\");\n        }\n        for (io.debezium.relational.TableId tableId : schema.getTables().tableIds()) {\n            if (!(io.debezium.connector.oracle.logminer.LogMinerHelper.isTableSupplementalLogDataAll(connection, tableId))) {\n                throw new io.debezium.DebeziumException((((((((\"Supplemental logging not configured for table \" + tableId) + \".  \") + \"Use command: ALTER TABLE \") + (tableId.schema())) + \".\") + (tableId.table())) + \" ADD SUPPLEMENTAL LOG DATA (ALL) COLUMNS\"));\n            }\n        }\n    }\n}",
                "dst_parent": "null"
              },
              "line": 67,
              "file": "/home/khesoem/projects/lighter/exp/debezium-connector-oracle/src/main/java/io/debezium/connector/oracle/logminer/LogMinerHelper.java"
            }
          ]
        },
        {
          "tool-name": "JKali",
          "pattern-name": "JKali:del",
          "Unified_Diff_of-files:": "Starts Below...",
          "DELETE:": "import static io.debezium.connector.oracle.logminer.LogMinerHelper.checkSupplementalLogging;",
          "INSERT:": "",
          "instance_detail": [
            {
              "pattern_action": "DEL",
              "pattern_entity": {
                "entity_type": "*",
                "entity_new value": "*",
                "entity_role": "Statement",
                "entity_parent": "null"
              },
              "concrete_change": {
                "operator": "DEL",
                "src_type": "LocalVariable",
                "dst_type": "null",
                "src": "java.util.Map\u003cjava.lang.String, java.lang.String\u003e globalMin \u003d io.debezium.connector.oracle.logminer.LogMinerHelper.getMap(connection, io.debezium.connector.oracle.logminer.SqlUtils.databaseSupplementalLoggingMinCheckQuery(), io.debezium.connector.oracle.logminer.LogMinerHelper.UNKNOWN)",
                "dst": "null",
                "src_parent_type": "Block",
                "dst_parent_type": "null",
                "src_parent": "{\n    java.util.Map\u003cjava.lang.String, java.lang.String\u003e globalMin \u003d io.debezium.connector.oracle.logminer.LogMinerHelper.getMap(connection, io.debezium.connector.oracle.logminer.SqlUtils.databaseSupplementalLoggingMinCheckQuery(), io.debezium.connector.oracle.logminer.LogMinerHelper.UNKNOWN);\n    if (\"NO\".equalsIgnoreCase(globalMin.get(\"KEY\"))) {\n        throw new io.debezium.DebeziumException(\"Supplemental logging not properly configured.  Use: ALTER DATABASE ADD SUPPLEMENTAL LOG DATA\");\n    }\n    for (io.debezium.relational.TableId tableId : schema.getTables().tableIds()) {\n        if (!(io.debezium.connector.oracle.logminer.LogMinerHelper.isTableSupplementalLogDataAll(connection, tableId))) {\n            throw new io.debezium.DebeziumException((((((((\"Supplemental logging not configured for table \" + tableId) + \".  \") + \"Use command: ALTER TABLE \") + (tableId.schema())) + \".\") + (tableId.table())) + \" ADD SUPPLEMENTAL LOG DATA (ALL) COLUMNS\"));\n        }\n    }\n}",
                "dst_parent": "null"
              },
              "line": 70,
              "file": "/home/khesoem/projects/lighter/exp/debezium-connector-oracle/src/main/java/io/debezium/connector/oracle/logminer/LogMinerHelper.java"
            }
          ]
        },
        {
          "tool-name": "JKali",
          "pattern-name": "JKali:del",
          "Unified_Diff_of-files:": "Starts Below...",
          "DELETE:": "import static io.debezium.connector.oracle.logminer.LogMinerHelper.checkSupplementalLogging;",
          "INSERT:": "",
          "instance_detail": [
            {
              "pattern_action": "DEL",
              "pattern_entity": {
                "entity_type": "*",
                "entity_new value": "*",
                "entity_role": "Statement",
                "entity_parent": "null"
              },
              "concrete_change": {
                "operator": "DEL",
                "src_type": "Throw",
                "dst_type": "null",
                "src": "throw new io.debezium.DebeziumException(\"Supplemental logging not properly configured.  Use: ALTER DATABASE ADD SUPPLEMENTAL LOG DATA\")",
                "dst": "null",
                "src_parent_type": "Block",
                "dst_parent_type": "null",
                "src_parent": "{\n    throw new io.debezium.DebeziumException(\"Supplemental logging not properly configured.  Use: ALTER DATABASE ADD SUPPLEMENTAL LOG DATA\");\n}",
                "dst_parent": "null"
              },
              "line": 72,
              "file": "/home/khesoem/projects/lighter/exp/debezium-connector-oracle/src/main/java/io/debezium/connector/oracle/logminer/LogMinerHelper.java"
            }
          ]
        },
        {
          "tool-name": "JKali",
          "pattern-name": "JKali:del",
          "Unified_Diff_of-files:": "Starts Below...",
          "DELETE:": "import static io.debezium.connector.oracle.logminer.LogMinerHelper.checkSupplementalLogging;",
          "INSERT:": "",
          "instance_detail": [
            {
              "pattern_action": "DEL",
              "pattern_entity": {
                "entity_type": "*",
                "entity_new value": "*",
                "entity_role": "Statement",
                "entity_parent": "null"
              },
              "concrete_change": {
                "operator": "DEL",
                "src_type": "If",
                "dst_type": "null",
                "src": "if (\"NO\".equalsIgnoreCase(globalMin.get(\"KEY\"))) {\n    throw new io.debezium.DebeziumException(\"Supplemental logging not properly configured.  Use: ALTER DATABASE ADD SUPPLEMENTAL LOG DATA\");\n}",
                "dst": "null",
                "src_parent_type": "Block",
                "dst_parent_type": "null",
                "src_parent": "{\n    java.util.Map\u003cjava.lang.String, java.lang.String\u003e globalMin \u003d io.debezium.connector.oracle.logminer.LogMinerHelper.getMap(connection, io.debezium.connector.oracle.logminer.SqlUtils.databaseSupplementalLoggingMinCheckQuery(), io.debezium.connector.oracle.logminer.LogMinerHelper.UNKNOWN);\n    if (\"NO\".equalsIgnoreCase(globalMin.get(\"KEY\"))) {\n        throw new io.debezium.DebeziumException(\"Supplemental logging not properly configured.  Use: ALTER DATABASE ADD SUPPLEMENTAL LOG DATA\");\n    }\n    for (io.debezium.relational.TableId tableId : schema.getTables().tableIds()) {\n        if (!(io.debezium.connector.oracle.logminer.LogMinerHelper.isTableSupplementalLogDataAll(connection, tableId))) {\n            throw new io.debezium.DebeziumException((((((((\"Supplemental logging not configured for table \" + tableId) + \".  \") + \"Use command: ALTER TABLE \") + (tableId.schema())) + \".\") + (tableId.table())) + \" ADD SUPPLEMENTAL LOG DATA (ALL) COLUMNS\"));\n        }\n    }\n}",
                "dst_parent": "null"
              },
              "line": 71,
              "file": "/home/khesoem/projects/lighter/exp/debezium-connector-oracle/src/main/java/io/debezium/connector/oracle/logminer/LogMinerHelper.java"
            }
          ]
        },
        {
          "tool-name": "JKali",
          "pattern-name": "JKali:del",
          "Unified_Diff_of-files:": "Starts Below...",
          "DELETE:": "import static io.debezium.connector.oracle.logminer.LogMinerHelper.checkSupplementalLogging;",
          "INSERT:": "",
          "instance_detail": [
            {
              "pattern_action": "DEL",
              "pattern_entity": {
                "entity_type": "*",
                "entity_new value": "*",
                "entity_role": "Statement",
                "entity_parent": "null"
              },
              "concrete_change": {
                "operator": "DEL",
                "src_type": "Throw",
                "dst_type": "null",
                "src": "throw new io.debezium.DebeziumException((((((((\"Supplemental logging not configured for table \" + tableId) + \".  \") + \"Use command: ALTER TABLE \") + (tableId.schema())) + \".\") + (tableId.table())) + \" ADD SUPPLEMENTAL LOG DATA (ALL) COLUMNS\"))",
                "dst": "null",
                "src_parent_type": "Block",
                "dst_parent_type": "null",
                "src_parent": "{\n    throw new io.debezium.DebeziumException((((((((\"Supplemental logging not configured for table \" + tableId) + \".  \") + \"Use command: ALTER TABLE \") + (tableId.schema())) + \".\") + (tableId.table())) + \" ADD SUPPLEMENTAL LOG DATA (ALL) COLUMNS\"));\n}",
                "dst_parent": "null"
              },
              "line": 78,
              "file": "/home/khesoem/projects/lighter/exp/debezium-connector-oracle/src/main/java/io/debezium/connector/oracle/logminer/LogMinerHelper.java"
            }
          ]
        },
        {
          "tool-name": "JKali",
          "pattern-name": "JKali:del",
          "Unified_Diff_of-files:": "Starts Below...",
          "DELETE:": "import static io.debezium.connector.oracle.logminer.LogMinerHelper.checkSupplementalLogging;",
          "INSERT:": "",
          "instance_detail": [
            {
              "pattern_action": "DEL",
              "pattern_entity": {
                "entity_type": "*",
                "entity_new value": "*",
                "entity_role": "Statement",
                "entity_parent": "null"
              },
              "concrete_change": {
                "operator": "DEL",
                "src_type": "If",
                "dst_type": "null",
                "src": "if (!(io.debezium.connector.oracle.logminer.LogMinerHelper.isTableSupplementalLogDataAll(connection, tableId))) {\n    throw new io.debezium.DebeziumException((((((((\"Supplemental logging not configured for table \" + tableId) + \".  \") + \"Use command: ALTER TABLE \") + (tableId.schema())) + \".\") + (tableId.table())) + \" ADD SUPPLEMENTAL LOG DATA (ALL) COLUMNS\"));\n}",
                "dst": "null",
                "src_parent_type": "Block",
                "dst_parent_type": "null",
                "src_parent": "{\n    if (!(io.debezium.connector.oracle.logminer.LogMinerHelper.isTableSupplementalLogDataAll(connection, tableId))) {\n        throw new io.debezium.DebeziumException((((((((\"Supplemental logging not configured for table \" + tableId) + \".  \") + \"Use command: ALTER TABLE \") + (tableId.schema())) + \".\") + (tableId.table())) + \" ADD SUPPLEMENTAL LOG DATA (ALL) COLUMNS\"));\n    }\n}",
                "dst_parent": "null"
              },
              "line": 77,
              "file": "/home/khesoem/projects/lighter/exp/debezium-connector-oracle/src/main/java/io/debezium/connector/oracle/logminer/LogMinerHelper.java"
            }
          ]
        },
        {
          "tool-name": "JKali",
          "pattern-name": "JKali:del",
          "Unified_Diff_of-files:": "Starts Below...",
          "DELETE:": "import static io.debezium.connector.oracle.logminer.LogMinerHelper.checkSupplementalLogging;",
          "INSERT:": "",
          "instance_detail": [
            {
              "pattern_action": "DEL",
              "pattern_entity": {
                "entity_type": "*",
                "entity_new value": "*",
                "entity_role": "Statement",
                "entity_parent": "null"
              },
              "concrete_change": {
                "operator": "DEL",
                "src_type": "ForEach",
                "dst_type": "null",
                "src": "for (io.debezium.relational.TableId tableId : schema.getTables().tableIds()) {\n    if (!(io.debezium.connector.oracle.logminer.LogMinerHelper.isTableSupplementalLogDataAll(connection, tableId))) {\n        throw new io.debezium.DebeziumException((((((((\"Supplemental logging not configured for table \" + tableId) + \".  \") + \"Use command: ALTER TABLE \") + (tableId.schema())) + \".\") + (tableId.table())) + \" ADD SUPPLEMENTAL LOG DATA (ALL) COLUMNS\"));\n    }\n}",
                "dst": "null",
                "src_parent_type": "Block",
                "dst_parent_type": "null",
                "src_parent": "{\n    java.util.Map\u003cjava.lang.String, java.lang.String\u003e globalMin \u003d io.debezium.connector.oracle.logminer.LogMinerHelper.getMap(connection, io.debezium.connector.oracle.logminer.SqlUtils.databaseSupplementalLoggingMinCheckQuery(), io.debezium.connector.oracle.logminer.LogMinerHelper.UNKNOWN);\n    if (\"NO\".equalsIgnoreCase(globalMin.get(\"KEY\"))) {\n        throw new io.debezium.DebeziumException(\"Supplemental logging not properly configured.  Use: ALTER DATABASE ADD SUPPLEMENTAL LOG DATA\");\n    }\n    for (io.debezium.relational.TableId tableId : schema.getTables().tableIds()) {\n        if (!(io.debezium.connector.oracle.logminer.LogMinerHelper.isTableSupplementalLogDataAll(connection, tableId))) {\n            throw new io.debezium.DebeziumException((((((((\"Supplemental logging not configured for table \" + tableId) + \".  \") + \"Use command: ALTER TABLE \") + (tableId.schema())) + \".\") + (tableId.table())) + \" ADD SUPPLEMENTAL LOG DATA (ALL) COLUMNS\"));\n        }\n    }\n}",
                "dst_parent": "null"
              },
              "line": 76,
              "file": "/home/khesoem/projects/lighter/exp/debezium-connector-oracle/src/main/java/io/debezium/connector/oracle/logminer/LogMinerHelper.java"
            }
          ]
        },
        {
          "tool-name": "JKali",
          "pattern-name": "JKali:del",
          "Unified_Diff_of-files:": "Starts Below...",
          "DELETE:": "import static io.debezium.connector.oracle.logminer.LogMinerHelper.checkSupplementalLogging;",
          "INSERT:": "",
          "instance_detail": [
            {
              "pattern_action": "DEL",
              "pattern_entity": {
                "entity_type": "*",
                "entity_new value": "*",
                "entity_role": "Statement",
                "entity_parent": "null"
              },
              "concrete_change": {
                "operator": "DEL",
                "src_type": "If",
                "dst_type": "null",
                "src": "if (\"NO\".equalsIgnoreCase(globalAll.get(\"KEY\"))) {\n    java.util.Map\u003cjava.lang.String, java.lang.String\u003e globalMin \u003d io.debezium.connector.oracle.logminer.LogMinerHelper.getMap(connection, io.debezium.connector.oracle.logminer.SqlUtils.databaseSupplementalLoggingMinCheckQuery(), io.debezium.connector.oracle.logminer.LogMinerHelper.UNKNOWN);\n    if (\"NO\".equalsIgnoreCase(globalMin.get(\"KEY\"))) {\n        throw new io.debezium.DebeziumException(\"Supplemental logging not properly configured.  Use: ALTER DATABASE ADD SUPPLEMENTAL LOG DATA\");\n    }\n    for (io.debezium.relational.TableId tableId : schema.getTables().tableIds()) {\n        if (!(io.debezium.connector.oracle.logminer.LogMinerHelper.isTableSupplementalLogDataAll(connection, tableId))) {\n            throw new io.debezium.DebeziumException((((((((\"Supplemental logging not configured for table \" + tableId) + \".  \") + \"Use command: ALTER TABLE \") + (tableId.schema())) + \".\") + (tableId.table())) + \" ADD SUPPLEMENTAL LOG DATA (ALL) COLUMNS\"));\n        }\n    }\n}",
                "dst": "null",
                "src_parent_type": "Block",
                "dst_parent_type": "null",
                "src_parent": "{\n    if (pdbName !\u003d null) {\n        connection.setSessionToPdb(pdbName);\n    }\n    java.util.Map\u003cjava.lang.String, java.lang.String\u003e globalAll \u003d io.debezium.connector.oracle.logminer.LogMinerHelper.getMap(connection, io.debezium.connector.oracle.logminer.SqlUtils.databaseSupplementalLoggingAllCheckQuery(), io.debezium.connector.oracle.logminer.LogMinerHelper.UNKNOWN);\n    if (\"NO\".equalsIgnoreCase(globalAll.get(\"KEY\"))) {\n        java.util.Map\u003cjava.lang.String, java.lang.String\u003e globalMin \u003d io.debezium.connector.oracle.logminer.LogMinerHelper.getMap(connection, io.debezium.connector.oracle.logminer.SqlUtils.databaseSupplementalLoggingMinCheckQuery(), io.debezium.connector.oracle.logminer.LogMinerHelper.UNKNOWN);\n        if (\"NO\".equalsIgnoreCase(globalMin.get(\"KEY\"))) {\n            throw new io.debezium.DebeziumException(\"Supplemental logging not properly configured.  Use: ALTER DATABASE ADD SUPPLEMENTAL LOG DATA\");\n        }\n        for (io.debezium.relational.TableId tableId : schema.getTables().tableIds()) {\n            if (!(io.debezium.connector.oracle.logminer.LogMinerHelper.isTableSupplementalLogDataAll(connection, tableId))) {\n                throw new io.debezium.DebeziumException((((((((\"Supplemental logging not configured for table \" + tableId) + \".  \") + \"Use command: ALTER TABLE \") + (tableId.schema())) + \".\") + (tableId.table())) + \" ADD SUPPLEMENTAL LOG DATA (ALL) COLUMNS\"));\n            }\n        }\n    }\n}",
                "dst_parent": "null"
              },
              "line": 68,
              "file": "/home/khesoem/projects/lighter/exp/debezium-connector-oracle/src/main/java/io/debezium/connector/oracle/logminer/LogMinerHelper.java"
            }
          ]
        },
        {
          "tool-name": "JKali",
          "pattern-name": "JKali:del",
          "Unified_Diff_of-files:": "Starts Below...",
          "DELETE:": "import static io.debezium.connector.oracle.logminer.LogMinerHelper.checkSupplementalLogging;",
          "INSERT:": "",
          "instance_detail": [
            {
              "pattern_action": "DEL",
              "pattern_entity": {
                "entity_type": "*",
                "entity_new value": "*",
                "entity_role": "Statement",
                "entity_parent": "null"
              },
              "concrete_change": {
                "operator": "DEL",
                "src_type": "Invocation",
                "dst_type": "null",
                "src": "connection.resetSessionToCdb()",
                "dst": "null",
                "src_parent_type": "Block",
                "dst_parent_type": "null",
                "src_parent": "{\n    connection.resetSessionToCdb();\n}",
                "dst_parent": "null"
              },
              "line": 86,
              "file": "/home/khesoem/projects/lighter/exp/debezium-connector-oracle/src/main/java/io/debezium/connector/oracle/logminer/LogMinerHelper.java"
            }
          ]
        },
        {
          "tool-name": "JKali",
          "pattern-name": "JKali:del",
          "Unified_Diff_of-files:": "Starts Below...",
          "DELETE:": "import static io.debezium.connector.oracle.logminer.LogMinerHelper.checkSupplementalLogging;",
          "INSERT:": "",
          "instance_detail": [
            {
              "pattern_action": "DEL",
              "pattern_entity": {
                "entity_type": "*",
                "entity_new value": "*",
                "entity_role": "Statement",
                "entity_parent": "null"
              },
              "concrete_change": {
                "operator": "DEL",
                "src_type": "If",
                "dst_type": "null",
                "src": "if (pdbName !\u003d null) {\n    connection.resetSessionToCdb();\n}",
                "dst": "null",
                "src_parent_type": "Block",
                "dst_parent_type": "null",
                "src_parent": "{\n    if (pdbName !\u003d null) {\n        connection.resetSessionToCdb();\n    }\n}",
                "dst_parent": "null"
              },
              "line": 85,
              "file": "/home/khesoem/projects/lighter/exp/debezium-connector-oracle/src/main/java/io/debezium/connector/oracle/logminer/LogMinerHelper.java"
            }
          ]
        },
        {
          "tool-name": "JKali",
          "pattern-name": "JKali:del",
          "Unified_Diff_of-files:": "Starts Below...",
          "DELETE:": "import static io.debezium.connector.oracle.logminer.LogMinerHelper.checkSupplementalLogging;",
          "INSERT:": "",
          "instance_detail": [
            {
              "pattern_action": "DEL",
              "pattern_entity": {
                "entity_type": "*",
                "entity_new value": "*",
                "entity_role": "Statement",
                "entity_parent": "null"
              },
              "concrete_change": {
                "operator": "DEL",
                "src_type": "Try",
                "dst_type": "null",
                "src": "try {\n    if (pdbName !\u003d null) {\n        connection.setSessionToPdb(pdbName);\n    }\n    java.util.Map\u003cjava.lang.String, java.lang.String\u003e globalAll \u003d io.debezium.connector.oracle.logminer.LogMinerHelper.getMap(connection, io.debezium.connector.oracle.logminer.SqlUtils.databaseSupplementalLoggingAllCheckQuery(), io.debezium.connector.oracle.logminer.LogMinerHelper.UNKNOWN);\n    if (\"NO\".equalsIgnoreCase(globalAll.get(\"KEY\"))) {\n        java.util.Map\u003cjava.lang.String, java.lang.String\u003e globalMin \u003d io.debezium.connector.oracle.logminer.LogMinerHelper.getMap(connection, io.debezium.connector.oracle.logminer.SqlUtils.databaseSupplementalLoggingMinCheckQuery(), io.debezium.connector.oracle.logminer.LogMinerHelper.UNKNOWN);\n        if (\"NO\".equalsIgnoreCase(globalMin.get(\"KEY\"))) {\n            throw new io.debezium.DebeziumException(\"Supplemental logging not properly configured.  Use: ALTER DATABASE ADD SUPPLEMENTAL LOG DATA\");\n        }\n        for (io.debezium.relational.TableId tableId : schema.getTables().tableIds()) {\n            if (!(io.debezium.connector.oracle.logminer.LogMinerHelper.isTableSupplementalLogDataAll(connection, tableId))) {\n                throw new io.debezium.DebeziumException((((((((\"Supplemental logging not configured for table \" + tableId) + \".  \") + \"Use command: ALTER TABLE \") + (tableId.schema())) + \".\") + (tableId.table())) + \" ADD SUPPLEMENTAL LOG DATA (ALL) COLUMNS\"));\n            }\n        }\n    }\n} finally {\n    if (pdbName !\u003d null) {\n        connection.resetSessionToCdb();\n    }\n}",
                "dst": "null",
                "src_parent_type": "Block",
                "dst_parent_type": "null",
                "src_parent": "{\n    try {\n        if (pdbName !\u003d null) {\n            connection.setSessionToPdb(pdbName);\n        }\n        java.util.Map\u003cjava.lang.String, java.lang.String\u003e globalAll \u003d io.debezium.connector.oracle.logminer.LogMinerHelper.getMap(connection, io.debezium.connector.oracle.logminer.SqlUtils.databaseSupplementalLoggingAllCheckQuery(), io.debezium.connector.oracle.logminer.LogMinerHelper.UNKNOWN);\n        if (\"NO\".equalsIgnoreCase(globalAll.get(\"KEY\"))) {\n            java.util.Map\u003cjava.lang.String, java.lang.String\u003e globalMin \u003d io.debezium.connector.oracle.logminer.LogMinerHelper.getMap(connection, io.debezium.connector.oracle.logminer.SqlUtils.databaseSupplementalLoggingMinCheckQuery(), io.debezium.connector.oracle.logminer.LogMinerHelper.UNKNOWN);\n            if (\"NO\".equalsIgnoreCase(globalMin.get(\"KEY\"))) {\n                throw new io.debezium.DebeziumException(\"Supplemental logging not properly configured.  Use: ALTER DATABASE ADD SUPPLEMENTAL LOG DATA\");\n            }\n            for (io.debezium.relational.TableId tableId : schema.getTables().tableIds()) {\n                if (!(io.debezium.connector.oracle.logminer.LogMinerHelper.isTableSupplementalLogDataAll(connection, tableId))) {\n                    throw new io.debezium.DebeziumException((((((((\"Supplemental logging not configured for table \" + tableId) + \".  \") + \"Use command: ALTER TABLE \") + (tableId.schema())) + \".\") + (tableId.table())) + \" ADD SUPPLEMENTAL LOG DATA (ALL) COLUMNS\"));\n                }\n            }\n        }\n    } finally {\n        if (pdbName !\u003d null) {\n            connection.resetSessionToCdb();\n        }\n    }\n}",
                "dst_parent": "null"
              },
              "line": 61,
              "file": "/home/khesoem/projects/lighter/exp/debezium-connector-oracle/src/main/java/io/debezium/connector/oracle/logminer/LogMinerHelper.java"
            }
          ]
        },
        {
          "tool-name": "JKali",
          "pattern-name": "JKali:del",
          "Unified_Diff_of-files:": "Starts Below...",
          "DELETE:": "import static io.debezium.connector.oracle.logminer.LogMinerHelper.checkSupplementalLogging;",
          "INSERT:": "",
          "instance_detail": [
            {
              "pattern_action": "DEL",
              "pattern_entity": {
                "entity_type": "*",
                "entity_new value": "*",
                "entity_role": "Statement",
                "entity_parent": "null"
              },
              "concrete_change": {
                "operator": "DEL",
                "src_type": "Return",
                "dst_type": "null",
                "src": "return true",
                "dst": "null",
                "src_parent_type": "Block",
                "dst_parent_type": "null",
                "src_parent": "{\n    return true;\n}",
                "dst_parent": "null"
              },
              "line": 95,
              "file": "/home/khesoem/projects/lighter/exp/debezium-connector-oracle/src/main/java/io/debezium/connector/oracle/logminer/LogMinerHelper.java"
            }
          ]
        },
        {
          "tool-name": "JKali",
          "pattern-name": "JKali:del",
          "Unified_Diff_of-files:": "Starts Below...",
          "DELETE:": "import static io.debezium.connector.oracle.logminer.LogMinerHelper.checkSupplementalLogging;",
          "INSERT:": "",
          "instance_detail": [
            {
              "pattern_action": "DEL",
              "pattern_entity": {
                "entity_type": "*",
                "entity_new value": "*",
                "entity_role": "Statement",
                "entity_parent": "null"
              },
              "concrete_change": {
                "operator": "DEL",
                "src_type": "If",
                "dst_type": "null",
                "src": "if (io.debezium.connector.oracle.logminer.LogMinerHelper.ALL_COLUMN_LOGGING.equals(rs.getString(2))) {\n    return true;\n}",
                "dst": "null",
                "src_parent_type": "Block",
                "dst_parent_type": "null",
                "src_parent": "{\n    if (io.debezium.connector.oracle.logminer.LogMinerHelper.ALL_COLUMN_LOGGING.equals(rs.getString(2))) {\n        return true;\n    }\n}",
                "dst_parent": "null"
              },
              "line": 94,
              "file": "/home/khesoem/projects/lighter/exp/debezium-connector-oracle/src/main/java/io/debezium/connector/oracle/logminer/LogMinerHelper.java"
            }
          ]
        },
        {
          "tool-name": "JKali",
          "pattern-name": "JKali:del",
          "Unified_Diff_of-files:": "Starts Below...",
          "DELETE:": "import static io.debezium.connector.oracle.logminer.LogMinerHelper.checkSupplementalLogging;",
          "INSERT:": "",
          "instance_detail": [
            {
              "pattern_action": "DEL",
              "pattern_entity": {
                "entity_type": "*",
                "entity_new value": "*",
                "entity_role": "Statement",
                "entity_parent": "null"
              },
              "concrete_change": {
                "operator": "DEL",
                "src_type": "While",
                "dst_type": "null",
                "src": "while (rs.next()) {\n    if (io.debezium.connector.oracle.logminer.LogMinerHelper.ALL_COLUMN_LOGGING.equals(rs.getString(2))) {\n        return true;\n    }\n} ",
                "dst": "null",
                "src_parent_type": "Block",
                "dst_parent_type": "null",
                "src_parent": "{\n    while (rs.next()) {\n        if (io.debezium.connector.oracle.logminer.LogMinerHelper.ALL_COLUMN_LOGGING.equals(rs.getString(2))) {\n            return true;\n        }\n    } \n    return false;\n}",
                "dst_parent": "null"
              },
              "line": 93,
              "file": "/home/khesoem/projects/lighter/exp/debezium-connector-oracle/src/main/java/io/debezium/connector/oracle/logminer/LogMinerHelper.java"
            }
          ]
        },
        {
          "tool-name": "JKali",
          "pattern-name": "JKali:del",
          "Unified_Diff_of-files:": "Starts Below...",
          "DELETE:": "import static io.debezium.connector.oracle.logminer.LogMinerHelper.checkSupplementalLogging;",
          "INSERT:": "",
          "instance_detail": [
            {
              "pattern_action": "DEL",
              "pattern_entity": {
                "entity_type": "*",
                "entity_new value": "*",
                "entity_role": "Statement",
                "entity_parent": "null"
              },
              "concrete_change": {
                "operator": "DEL",
                "src_type": "Return",
                "dst_type": "null",
                "src": "return false",
                "dst": "null",
                "src_parent_type": "Block",
                "dst_parent_type": "null",
                "src_parent": "{\n    while (rs.next()) {\n        if (io.debezium.connector.oracle.logminer.LogMinerHelper.ALL_COLUMN_LOGGING.equals(rs.getString(2))) {\n            return true;\n        }\n    } \n    return false;\n}",
                "dst_parent": "null"
              },
              "line": 98,
              "file": "/home/khesoem/projects/lighter/exp/debezium-connector-oracle/src/main/java/io/debezium/connector/oracle/logminer/LogMinerHelper.java"
            }
          ]
        },
        {
          "tool-name": "JKali",
          "pattern-name": "JKali:del",
          "Unified_Diff_of-files:": "Starts Below...",
          "DELETE:": "import static io.debezium.connector.oracle.logminer.LogMinerHelper.checkSupplementalLogging;",
          "INSERT:": "",
          "instance_detail": [
            {
              "pattern_action": "DEL",
              "pattern_entity": {
                "entity_type": "*",
                "entity_new value": "*",
                "entity_role": "Statement",
                "entity_parent": "null"
              },
              "concrete_change": {
                "operator": "DEL",
                "src_type": "Return",
                "dst_type": "null",
                "src": "return connection.queryAndMap(io.debezium.connector.oracle.logminer.SqlUtils.tableSupplementalLoggingCheckQuery(tableId), ( rs) -\u003e {\n    while (rs.next()) {\n        if (io.debezium.connector.oracle.logminer.LogMinerHelper.ALL_COLUMN_LOGGING.equals(rs.getString(2))) {\n            return true;\n        }\n    } \n    return false;\n})",
                "dst": "null",
                "src_parent_type": "Block",
                "dst_parent_type": "null",
                "src_parent": "{\n    return connection.queryAndMap(io.debezium.connector.oracle.logminer.SqlUtils.tableSupplementalLoggingCheckQuery(tableId), ( rs) -\u003e {\n        while (rs.next()) {\n            if (io.debezium.connector.oracle.logminer.LogMinerHelper.ALL_COLUMN_LOGGING.equals(rs.getString(2))) {\n                return true;\n            }\n        } \n        return false;\n    });\n}",
                "dst_parent": "null"
              },
              "line": 92,
              "file": "/home/khesoem/projects/lighter/exp/debezium-connector-oracle/src/main/java/io/debezium/connector/oracle/logminer/LogMinerHelper.java"
            }
          ]
        },
        {
          "tool-name": "JKali",
          "pattern-name": "JKali:del",
          "Unified_Diff_of-files:": "Starts Below...",
          "DELETE:": "import static io.debezium.connector.oracle.logminer.LogMinerHelper.checkSupplementalLogging;",
          "INSERT:": "",
          "instance_detail": [
            {
              "pattern_action": "DEL",
              "pattern_entity": {
                "entity_type": "*",
                "entity_new value": "*",
                "entity_role": "Statement",
                "entity_parent": "null"
              },
              "concrete_change": {
                "operator": "DEL",
                "src_type": "LocalVariable",
                "dst_type": "null",
                "src": "java.util.Map\u003cjava.lang.String, java.lang.String\u003e result \u003d new java.util.LinkedHashMap\u003c\u003e()",
                "dst": "null",
                "src_parent_type": "Block",
                "dst_parent_type": "null",
                "src_parent": "{\n    java.util.Map\u003cjava.lang.String, java.lang.String\u003e result \u003d new java.util.LinkedHashMap\u003c\u003e();\n    try (java.sql.PreparedStatement statement \u003d connection.connection(false).prepareStatement(query);java.sql.ResultSet rs \u003d statement.executeQuery()) {\n        while (rs.next()) {\n            java.lang.String value \u003d rs.getString(2);\n            value \u003d (value \u003d\u003d null) ? nullReplacement : value;\n            result.put(rs.getString(1), value);\n        } \n        return result;\n    }\n}",
                "dst_parent": "null"
              },
              "line": 332,
              "file": "/home/khesoem/projects/lighter/exp/debezium-connector-oracle/src/main/java/io/debezium/connector/oracle/logminer/LogMinerHelper.java"
            }
          ]
        },
        {
          "tool-name": "JKali",
          "pattern-name": "JKali:del",
          "Unified_Diff_of-files:": "Starts Below...",
          "DELETE:": "import static io.debezium.connector.oracle.logminer.LogMinerHelper.checkSupplementalLogging;",
          "INSERT:": "",
          "instance_detail": [
            {
              "pattern_action": "DEL",
              "pattern_entity": {
                "entity_type": "*",
                "entity_new value": "*",
                "entity_role": "Statement",
                "entity_parent": "null"
              },
              "concrete_change": {
                "operator": "DEL",
                "src_type": "LocalVariable",
                "dst_type": "null",
                "src": "java.lang.String value \u003d rs.getString(2)",
                "dst": "null",
                "src_parent_type": "Block",
                "dst_parent_type": "null",
                "src_parent": "{\n    java.lang.String value \u003d rs.getString(2);\n    value \u003d (value \u003d\u003d null) ? nullReplacement : value;\n    result.put(rs.getString(1), value);\n}",
                "dst_parent": "null"
              },
              "line": 337,
              "file": "/home/khesoem/projects/lighter/exp/debezium-connector-oracle/src/main/java/io/debezium/connector/oracle/logminer/LogMinerHelper.java"
            }
          ]
        },
        {
          "tool-name": "JKali",
          "pattern-name": "JKali:del",
          "Unified_Diff_of-files:": "Starts Below...",
          "DELETE:": "import static io.debezium.connector.oracle.logminer.LogMinerHelper.checkSupplementalLogging;",
          "INSERT:": "",
          "instance_detail": [
            {
              "pattern_action": "DEL",
              "pattern_entity": {
                "entity_type": "*",
                "entity_new value": "*",
                "entity_role": "Statement",
                "entity_parent": "null"
              },
              "concrete_change": {
                "operator": "DEL",
                "src_type": "Assignment",
                "dst_type": "null",
                "src": "value \u003d (value \u003d\u003d null) ? nullReplacement : value",
                "dst": "null",
                "src_parent_type": "Block",
                "dst_parent_type": "null",
                "src_parent": "{\n    java.lang.String value \u003d rs.getString(2);\n    value \u003d (value \u003d\u003d null) ? nullReplacement : value;\n    result.put(rs.getString(1), value);\n}",
                "dst_parent": "null"
              },
              "line": 338,
              "file": "/home/khesoem/projects/lighter/exp/debezium-connector-oracle/src/main/java/io/debezium/connector/oracle/logminer/LogMinerHelper.java"
            }
          ]
        },
        {
          "tool-name": "JKali",
          "pattern-name": "JKali:del",
          "Unified_Diff_of-files:": "Starts Below...",
          "DELETE:": "import static io.debezium.connector.oracle.logminer.LogMinerHelper.checkSupplementalLogging;",
          "INSERT:": "",
          "instance_detail": [
            {
              "pattern_action": "DEL",
              "pattern_entity": {
                "entity_type": "*",
                "entity_new value": "*",
                "entity_role": "Statement",
                "entity_parent": "null"
              },
              "concrete_change": {
                "operator": "DEL",
                "src_type": "Invocation",
                "dst_type": "null",
                "src": "result.put(rs.getString(1), value)",
                "dst": "null",
                "src_parent_type": "Block",
                "dst_parent_type": "null",
                "src_parent": "{\n    java.lang.String value \u003d rs.getString(2);\n    value \u003d (value \u003d\u003d null) ? nullReplacement : value;\n    result.put(rs.getString(1), value);\n}",
                "dst_parent": "null"
              },
              "line": 339,
              "file": "/home/khesoem/projects/lighter/exp/debezium-connector-oracle/src/main/java/io/debezium/connector/oracle/logminer/LogMinerHelper.java"
            }
          ]
        },
        {
          "tool-name": "JKali",
          "pattern-name": "JKali:del",
          "Unified_Diff_of-files:": "Starts Below...",
          "DELETE:": "import static io.debezium.connector.oracle.logminer.LogMinerHelper.checkSupplementalLogging;",
          "INSERT:": "",
          "instance_detail": [
            {
              "pattern_action": "DEL",
              "pattern_entity": {
                "entity_type": "*",
                "entity_new value": "*",
                "entity_role": "Statement",
                "entity_parent": "null"
              },
              "concrete_change": {
                "operator": "DEL",
                "src_type": "While",
                "dst_type": "null",
                "src": "while (rs.next()) {\n    java.lang.String value \u003d rs.getString(2);\n    value \u003d (value \u003d\u003d null) ? nullReplacement : value;\n    result.put(rs.getString(1), value);\n} ",
                "dst": "null",
                "src_parent_type": "Block",
                "dst_parent_type": "null",
                "src_parent": "{\n    while (rs.next()) {\n        java.lang.String value \u003d rs.getString(2);\n        value \u003d (value \u003d\u003d null) ? nullReplacement : value;\n        result.put(rs.getString(1), value);\n    } \n    return result;\n}",
                "dst_parent": "null"
              },
              "line": 336,
              "file": "/home/khesoem/projects/lighter/exp/debezium-connector-oracle/src/main/java/io/debezium/connector/oracle/logminer/LogMinerHelper.java"
            }
          ]
        },
        {
          "tool-name": "JKali",
          "pattern-name": "JKali:del",
          "Unified_Diff_of-files:": "Starts Below...",
          "DELETE:": "import static io.debezium.connector.oracle.logminer.LogMinerHelper.checkSupplementalLogging;",
          "INSERT:": "",
          "instance_detail": [
            {
              "pattern_action": "DEL",
              "pattern_entity": {
                "entity_type": "*",
                "entity_new value": "*",
                "entity_role": "Statement",
                "entity_parent": "null"
              },
              "concrete_change": {
                "operator": "DEL",
                "src_type": "Return",
                "dst_type": "null",
                "src": "return result",
                "dst": "null",
                "src_parent_type": "Block",
                "dst_parent_type": "null",
                "src_parent": "{\n    while (rs.next()) {\n        java.lang.String value \u003d rs.getString(2);\n        value \u003d (value \u003d\u003d null) ? nullReplacement : value;\n        result.put(rs.getString(1), value);\n    } \n    return result;\n}",
                "dst_parent": "null"
              },
              "line": 341,
              "file": "/home/khesoem/projects/lighter/exp/debezium-connector-oracle/src/main/java/io/debezium/connector/oracle/logminer/LogMinerHelper.java"
            }
          ]
        },
        {
          "tool-name": "JKali",
          "pattern-name": "JKali:del",
          "Unified_Diff_of-files:": "Starts Below...",
          "DELETE:": "import static io.debezium.connector.oracle.logminer.LogMinerHelper.checkSupplementalLogging;",
          "INSERT:": "",
          "instance_detail": [
            {
              "pattern_action": "DEL",
              "pattern_entity": {
                "entity_type": "*",
                "entity_new value": "*",
                "entity_role": "Statement",
                "entity_parent": "null"
              },
              "concrete_change": {
                "operator": "DEL",
                "src_type": "TryWithResource",
                "dst_type": "null",
                "src": "try (java.sql.PreparedStatement statement \u003d connection.connection(false).prepareStatement(query);java.sql.ResultSet rs \u003d statement.executeQuery()) {\n    while (rs.next()) {\n        java.lang.String value \u003d rs.getString(2);\n        value \u003d (value \u003d\u003d null) ? nullReplacement : value;\n        result.put(rs.getString(1), value);\n    } \n    return result;\n}",
                "dst": "null",
                "src_parent_type": "Block",
                "dst_parent_type": "null",
                "src_parent": "{\n    java.util.Map\u003cjava.lang.String, java.lang.String\u003e result \u003d new java.util.LinkedHashMap\u003c\u003e();\n    try (java.sql.PreparedStatement statement \u003d connection.connection(false).prepareStatement(query);java.sql.ResultSet rs \u003d statement.executeQuery()) {\n        while (rs.next()) {\n            java.lang.String value \u003d rs.getString(2);\n            value \u003d (value \u003d\u003d null) ? nullReplacement : value;\n            result.put(rs.getString(1), value);\n        } \n        return result;\n    }\n}",
                "dst_parent": "null"
              },
              "line": 333,
              "file": "/home/khesoem/projects/lighter/exp/debezium-connector-oracle/src/main/java/io/debezium/connector/oracle/logminer/LogMinerHelper.java"
            }
          ]
        }
      ]
    },
    {
      "revision": "48b01dd837d8a84e66a276b79e946b2fdd905b28",
      "repairability": [
        {
          "tool-name": "JKali",
          "pattern-name": "JKali:add_rtrn",
          "Unified_Diff_of-files:": "Starts Below...",
          "DELETE:": "import static io.debezium.connector.oracle.logminer.LogMinerHelper.checkSupplementalLogging;",
          "INSERT:": "",
          "instance_detail": [
            {
              "pattern_action": "INS",
              "pattern_entity": {
                "entity_type": "Return",
                "entity_new value": "*",
                "entity_role": "Statement",
                "entity_parent": "null"
              },
              "concrete_change": {
                "operator": "INS",
                "src_type": "Return",
                "dst_type": "null",
                "src": "return connection.queryAndMap(io.debezium.connector.oracle.logminer.SqlUtils.databaseSupplementalLoggingAllCheckQuery(), ( rs) -\u003e {\n    while (rs.next()) {\n        if (\"YES\".equalsIgnoreCase(rs.getString(2))) {\n            return true;\n        }\n    } \n    return false;\n})",
                "dst": "null",
                "src_parent_type": "Block",
                "dst_parent_type": "null",
                "src_parent": "{\n    return connection.queryAndMap(io.debezium.connector.oracle.logminer.SqlUtils.databaseSupplementalLoggingAllCheckQuery(), ( rs) -\u003e {\n        while (rs.next()) {\n            if (\"YES\".equalsIgnoreCase(rs.getString(2))) {\n                return true;\n            }\n        } \n        return false;\n    });\n}",
                "dst_parent": "null"
              },
              "line": 707,
              "file": "/home/khesoem/projects/lighter/exp/debezium-connector-oracle/src/main/java/io/debezium/connector/oracle/logminer/LogMinerStreamingChangeEventSource.java"
            }
          ]
        },
        {
          "tool-name": "JKali",
          "pattern-name": "JKali:add_rtrn",
          "Unified_Diff_of-files:": "Starts Below...",
          "DELETE:": "import static io.debezium.connector.oracle.logminer.LogMinerHelper.checkSupplementalLogging;",
          "INSERT:": "",
          "instance_detail": [
            {
              "pattern_action": "INS",
              "pattern_entity": {
                "entity_type": "Return",
                "entity_new value": "*",
                "entity_role": "Statement",
                "entity_parent": "null"
              },
              "concrete_change": {
                "operator": "INS",
                "src_type": "Return",
                "dst_type": "null",
                "src": "return connection.queryAndMap(io.debezium.connector.oracle.logminer.SqlUtils.databaseSupplementalLoggingMinCheckQuery(), ( rs) -\u003e {\n    while (rs.next()) {\n        if (\"YES\".equalsIgnoreCase(rs.getString(2))) {\n            return true;\n        }\n    } \n    return false;\n})",
                "dst": "null",
                "src_parent_type": "Block",
                "dst_parent_type": "null",
                "src_parent": "{\n    return connection.queryAndMap(io.debezium.connector.oracle.logminer.SqlUtils.databaseSupplementalLoggingMinCheckQuery(), ( rs) -\u003e {\n        while (rs.next()) {\n            if (\"YES\".equalsIgnoreCase(rs.getString(2))) {\n                return true;\n            }\n        } \n        return false;\n    });\n}",
                "dst_parent": "null"
              },
              "line": 725,
              "file": "/home/khesoem/projects/lighter/exp/debezium-connector-oracle/src/main/java/io/debezium/connector/oracle/logminer/LogMinerStreamingChangeEventSource.java"
            }
          ]
        },
        {
          "tool-name": "JKali",
          "pattern-name": "JKali:add_rtrn",
          "Unified_Diff_of-files:": "Starts Below...",
          "DELETE:": "import static io.debezium.connector.oracle.logminer.LogMinerHelper.checkSupplementalLogging;",
          "INSERT:": "",
          "instance_detail": [
            {
              "pattern_action": "INS",
              "pattern_entity": {
                "entity_type": "Return",
                "entity_new value": "*",
                "entity_role": "Statement",
                "entity_parent": "null"
              },
              "concrete_change": {
                "operator": "INS",
                "src_type": "Return",
                "dst_type": "null",
                "src": "return connection.queryAndMap(io.debezium.connector.oracle.logminer.SqlUtils.tableSupplementalLoggingCheckQuery(tableId), ( rs) -\u003e {\n    while (rs.next()) {\n        if (io.debezium.connector.oracle.logminer.LogMinerStreamingChangeEventSource.ALL_COLUMN_LOGGING.equals(rs.getString(2))) {\n            return true;\n        }\n    } \n    return false;\n})",
                "dst": "null",
                "src_parent_type": "Block",
                "dst_parent_type": "null",
                "src_parent": "{\n    return connection.queryAndMap(io.debezium.connector.oracle.logminer.SqlUtils.tableSupplementalLoggingCheckQuery(tableId), ( rs) -\u003e {\n        while (rs.next()) {\n            if (io.debezium.connector.oracle.logminer.LogMinerStreamingChangeEventSource.ALL_COLUMN_LOGGING.equals(rs.getString(2))) {\n                return true;\n            }\n        } \n        return false;\n    });\n}",
                "dst_parent": "null"
              },
              "line": 746,
              "file": "/home/khesoem/projects/lighter/exp/debezium-connector-oracle/src/main/java/io/debezium/connector/oracle/logminer/LogMinerStreamingChangeEventSource.java"
            }
          ]
        },
        {
          "tool-name": "JKali",
          "pattern-name": "JKali:add_rtrn",
          "Unified_Diff_of-files:": "Starts Below...",
          "DELETE:": "import static io.debezium.connector.oracle.logminer.LogMinerHelper.checkSupplementalLogging;",
          "INSERT:": "",
          "instance_detail": [
            {
              "pattern_action": "INS",
              "pattern_entity": {
                "entity_type": "Return",
                "entity_new value": "*",
                "entity_role": "Statement",
                "entity_parent": "null"
              },
              "concrete_change": {
                "operator": "INS",
                "src_type": "Return",
                "dst_type": "null",
                "src": "return false",
                "dst": "null",
                "src_parent_type": "Block",
                "dst_parent_type": "null",
                "src_parent": "{\n    while (rs.next()) {\n        if (\"YES\".equalsIgnoreCase(rs.getString(2))) {\n            return true;\n        }\n    } \n    return false;\n}",
                "dst_parent": "null"
              },
              "line": 713,
              "file": "/home/khesoem/projects/lighter/exp/debezium-connector-oracle/src/main/java/io/debezium/connector/oracle/logminer/LogMinerStreamingChangeEventSource.java"
            }
          ]
        },
        {
          "tool-name": "JKali",
          "pattern-name": "JKali:add_rtrn",
          "Unified_Diff_of-files:": "Starts Below...",
          "DELETE:": "import static io.debezium.connector.oracle.logminer.LogMinerHelper.checkSupplementalLogging;",
          "INSERT:": "",
          "instance_detail": [
            {
              "pattern_action": "INS",
              "pattern_entity": {
                "entity_type": "Return",
                "entity_new value": "*",
                "entity_role": "Statement",
                "entity_parent": "null"
              },
              "concrete_change": {
                "operator": "INS",
                "src_type": "Return",
                "dst_type": "null",
                "src": "return false",
                "dst": "null",
                "src_parent_type": "Block",
                "dst_parent_type": "null",
                "src_parent": "{\n    while (rs.next()) {\n        if (\"YES\".equalsIgnoreCase(rs.getString(2))) {\n            return true;\n        }\n    } \n    return false;\n}",
                "dst_parent": "null"
              },
              "line": 731,
              "file": "/home/khesoem/projects/lighter/exp/debezium-connector-oracle/src/main/java/io/debezium/connector/oracle/logminer/LogMinerStreamingChangeEventSource.java"
            }
          ]
        },
        {
          "tool-name": "JKali",
          "pattern-name": "JKali:add_rtrn",
          "Unified_Diff_of-files:": "Starts Below...",
          "DELETE:": "import static io.debezium.connector.oracle.logminer.LogMinerHelper.checkSupplementalLogging;",
          "INSERT:": "",
          "instance_detail": [
            {
              "pattern_action": "INS",
              "pattern_entity": {
                "entity_type": "Return",
                "entity_new value": "*",
                "entity_role": "Statement",
                "entity_parent": "null"
              },
              "concrete_change": {
                "operator": "INS",
                "src_type": "Return",
                "dst_type": "null",
                "src": "return false",
                "dst": "null",
                "src_parent_type": "Block",
                "dst_parent_type": "null",
                "src_parent": "{\n    while (rs.next()) {\n        if (io.debezium.connector.oracle.logminer.LogMinerStreamingChangeEventSource.ALL_COLUMN_LOGGING.equals(rs.getString(2))) {\n            return true;\n        }\n    } \n    return false;\n}",
                "dst_parent": "null"
              },
              "line": 752,
              "file": "/home/khesoem/projects/lighter/exp/debezium-connector-oracle/src/main/java/io/debezium/connector/oracle/logminer/LogMinerStreamingChangeEventSource.java"
            }
          ]
        },
        {
          "tool-name": "JKali",
          "pattern-name": "JKali:add_rtrn",
          "Unified_Diff_of-files:": "Starts Below...",
          "DELETE:": "import static io.debezium.connector.oracle.logminer.LogMinerHelper.checkSupplementalLogging;",
          "INSERT:": "",
          "instance_detail": [
            {
              "pattern_action": "INS",
              "pattern_entity": {
                "entity_type": "Return",
                "entity_new value": "*",
                "entity_role": "Statement",
                "entity_parent": "null"
              },
              "concrete_change": {
                "operator": "INS",
                "src_type": "Return",
                "dst_type": "null",
                "src": "return true",
                "dst": "null",
                "src_parent_type": "Block",
                "dst_parent_type": "null",
                "src_parent": "{\n    return true;\n}",
                "dst_parent": "null"
              },
              "line": 710,
              "file": "/home/khesoem/projects/lighter/exp/debezium-connector-oracle/src/main/java/io/debezium/connector/oracle/logminer/LogMinerStreamingChangeEventSource.java"
            }
          ]
        },
        {
          "tool-name": "JKali",
          "pattern-name": "JKali:add_rtrn",
          "Unified_Diff_of-files:": "Starts Below...",
          "DELETE:": "import static io.debezium.connector.oracle.logminer.LogMinerHelper.checkSupplementalLogging;",
          "INSERT:": "",
          "instance_detail": [
            {
              "pattern_action": "INS",
              "pattern_entity": {
                "entity_type": "Return",
                "entity_new value": "*",
                "entity_role": "Statement",
                "entity_parent": "null"
              },
              "concrete_change": {
                "operator": "INS",
                "src_type": "Return",
                "dst_type": "null",
                "src": "return true",
                "dst": "null",
                "src_parent_type": "Block",
                "dst_parent_type": "null",
                "src_parent": "{\n    return true;\n}",
                "dst_parent": "null"
              },
              "line": 728,
              "file": "/home/khesoem/projects/lighter/exp/debezium-connector-oracle/src/main/java/io/debezium/connector/oracle/logminer/LogMinerStreamingChangeEventSource.java"
            }
          ]
        },
        {
          "tool-name": "JKali",
          "pattern-name": "JKali:add_rtrn",
          "Unified_Diff_of-files:": "Starts Below...",
          "DELETE:": "import static io.debezium.connector.oracle.logminer.LogMinerHelper.checkSupplementalLogging;",
          "INSERT:": "",
          "instance_detail": [
            {
              "pattern_action": "INS",
              "pattern_entity": {
                "entity_type": "Return",
                "entity_new value": "*",
                "entity_role": "Statement",
                "entity_parent": "null"
              },
              "concrete_change": {
                "operator": "INS",
                "src_type": "Return",
                "dst_type": "null",
                "src": "return true",
                "dst": "null",
                "src_parent_type": "Block",
                "dst_parent_type": "null",
                "src_parent": "{\n    return true;\n}",
                "dst_parent": "null"
              },
              "line": 749,
              "file": "/home/khesoem/projects/lighter/exp/debezium-connector-oracle/src/main/java/io/debezium/connector/oracle/logminer/LogMinerStreamingChangeEventSource.java"
            }
          ]
        }
      ]
    }
  ],
  "complete_analysis": true
}