{
  "instances": [
    {
      "revision": "1094faa28e0c43b38f4d9b002bc62159df80edd2",
      "repairability": [
        {
          "tool-name": "JMutRepair",
          "pattern-name": "JMutRepair:unary",
          "Unified_Diff_of-files:": "Starts Below...",
          "INSERT:": "        }",
          "CHANGE_old:": "            if (sfi.getClassMetadata(firstArgumentType) !\u003d null) {",
          "CHANGE_new:": "            if (sfi.getEntityPersisters().get(firstArgumentType.getName()) !\u003d null) {",
          "instance_detail": [
            {
              "pattern_action": "ANY",
              "pattern_entity": {
                "entity_type": "UnaryOperator",
                "entity_new value": "*",
                "entity_role": "*",
                "entity_parent": {
                  "entity_type": "If",
                  "entity_new value": "*",
                  "entity_role": "*",
                  "entity_parent": "null"
                }
              },
              "concrete_change": {
                "operator": "INS",
                "src_type": "UnaryOperator",
                "dst_type": "null",
                "src": "(-1)",
                "dst": "null",
                "src_parent_type": "BinaryOperator",
                "dst_parent_type": "null",
                "src_parent": "((this.dirtyStateIndex) !\u003d (-1))",
                "dst_parent": "null"
              },
              "line": 164,
              "file": "/home/khesoem/projects/lighter/exp/entity-view/impl/src/main/java/com/blazebit/persistence/view/impl/metamodel/AbstractMethodPluralAttribute.java"
            }
          ]
        }
      ]
    },
    {
      "revision": "1094faa28e0c43b38f4d9b002bc62159df80edd2",
      "repairability": [
        {
          "tool-name": "JMutRepair",
          "pattern-name": "JMutRepair:unary",
          "Unified_Diff_of-files:": "Starts Below...",
          "INSERT:": "        }",
          "CHANGE_old:": "            if (sfi.getClassMetadata(firstArgumentType) !\u003d null) {",
          "CHANGE_new:": "            if (sfi.getEntityPersisters().get(firstArgumentType.getName()) !\u003d null) {",
          "instance_detail": [
            {
              "pattern_action": "ANY",
              "pattern_entity": {
                "entity_type": "UnaryOperator",
                "entity_new value": "*",
                "entity_role": "*",
                "entity_parent": {
                  "entity_type": "If",
                  "entity_new value": "*",
                  "entity_role": "*",
                  "entity_parent": "null"
                }
              },
              "concrete_change": {
                "operator": "INS",
                "src_type": "UnaryOperator",
                "dst_type": "null",
                "src": "(-1)",
                "dst": "null",
                "src_parent_type": "BinaryOperator",
                "dst_parent_type": "null",
                "src_parent": "((this.dirtyStateIndex) !\u003d (-1))",
                "dst_parent": "null"
              },
              "line": 184,
              "file": "/home/khesoem/projects/lighter/exp/entity-view/impl/src/main/java/com/blazebit/persistence/view/impl/metamodel/AbstractMethodSingularAttribute.java"
            }
          ]
        }
      ]
    }
  ],
  "complete_analysis": true
}