{
  "instances": [
    {
      "revision": "f28681cea4e606a5564a9ff3a7c6a9094c1ea858",
      "repairability": [
        {
          "tool-name": "JKali",
          "pattern-name": "JKali:del",
          "Unified_Diff_of-files:": "Starts Below...",
          "CHANGE_old:": "        return fontWithFallback instanceof FontUIResource ? fontWithFallback : new FontUIResource(fontWithFallback);",
          "CHANGE_new:": "",
          "instance_detail": [
            {
              "pattern_action": "DEL",
              "pattern_entity": {
                "entity_type": "*",
                "entity_new value": "*",
                "entity_role": "Statement",
                "entity_parent": "null"
              },
              "concrete_change": {
                "operator": "DEL",
                "src_type": "LocalVariable",
                "dst_type": "null",
                "src": "java.awt.Font font \u003d new java.awt.Font(resultName, (style \u003e\u003d 0 ? style : currentFont.getStyle()), (size \u003e\u003d 0 ? size : currentFont.getSize()))",
                "dst": "null",
                "src_parent_type": "Block",
                "dst_parent_type": "null",
                "src_parent": "{\n    if (currentFont \u003d\u003d null)\n        return null;\n\n    java.lang.String resultName;\n    if (fontName \u003d\u003d null) {\n        resultName \u003d currentFont.getName();\n    } else {\n        java.awt.Font testFont \u003d new java.awt.Font(fontName, java.awt.Font.PLAIN, 10);\n        if ((testFont.canDisplay(\u0027a\u0027)) \u0026\u0026 (testFont.canDisplay(\u00271\u0027))) {\n            resultName \u003d fontName;\n        } else {\n            resultName \u003d currentFont.getName();\n        }\n    }\n    java.awt.Font font \u003d new java.awt.Font(resultName, (style \u003e\u003d 0 ? style : currentFont.getStyle()), (size \u003e\u003d 0 ? size : currentFont.getSize()));\n    boolean isMac \u003d java.lang.System.getProperty(\"os.name\", \"\").toLowerCase(java.util.Locale.ENGLISH).startsWith(\"mac\");\n    java.awt.Font fontWithFallback \u003d (isMac) ? new java.awt.Font(font.getFamily(), font.getStyle(), font.getSize()) : new javax.swing.text.StyleContext().getFont(font.getFamily(), font.getStyle(), font.getSize());\n    return fontWithFallback instanceof javax.swing.plaf.FontUIResource ? fontWithFallback : new javax.swing.plaf.FontUIResource(fontWithFallback);\n}",
                "dst_parent": "null"
              },
              "line": 244,
              "file": "/home/khesoem/projects/lighter/exp/mapsforge-mapview/src/main/java/slash/navigation/mapview/mapsforge/MapSelector.java",
              "stats": {
                "number_of_src_entities": 59,
                "number_of_dst_entities": -1,
                "src_entity_types": "[java.awt.Font, int, boolean, java.lang.String]",
                "dst_entity_types": "[]"
              }
            }
          ]
        },
        {
          "tool-name": "JKali",
          "pattern-name": "JKali:del",
          "Unified_Diff_of-files:": "Starts Below...",
          "CHANGE_old:": "        return fontWithFallback instanceof FontUIResource ? fontWithFallback : new FontUIResource(fontWithFallback);",
          "CHANGE_new:": "",
          "instance_detail": [
            {
              "pattern_action": "DEL",
              "pattern_entity": {
                "entity_type": "*",
                "entity_new value": "*",
                "entity_role": "Statement",
                "entity_parent": "null"
              },
              "concrete_change": {
                "operator": "DEL",
                "src_type": "LocalVariable",
                "dst_type": "null",
                "src": "boolean isMac \u003d java.lang.System.getProperty(\"os.name\", \"\").toLowerCase(java.util.Locale.ENGLISH).startsWith(\"mac\")",
                "dst": "null",
                "src_parent_type": "Block",
                "dst_parent_type": "null",
                "src_parent": "{\n    if (currentFont \u003d\u003d null)\n        return null;\n\n    java.lang.String resultName;\n    if (fontName \u003d\u003d null) {\n        resultName \u003d currentFont.getName();\n    } else {\n        java.awt.Font testFont \u003d new java.awt.Font(fontName, java.awt.Font.PLAIN, 10);\n        if ((testFont.canDisplay(\u0027a\u0027)) \u0026\u0026 (testFont.canDisplay(\u00271\u0027))) {\n            resultName \u003d fontName;\n        } else {\n            resultName \u003d currentFont.getName();\n        }\n    }\n    java.awt.Font font \u003d new java.awt.Font(resultName, (style \u003e\u003d 0 ? style : currentFont.getStyle()), (size \u003e\u003d 0 ? size : currentFont.getSize()));\n    boolean isMac \u003d java.lang.System.getProperty(\"os.name\", \"\").toLowerCase(java.util.Locale.ENGLISH).startsWith(\"mac\");\n    java.awt.Font fontWithFallback \u003d (isMac) ? new java.awt.Font(font.getFamily(), font.getStyle(), font.getSize()) : new javax.swing.text.StyleContext().getFont(font.getFamily(), font.getStyle(), font.getSize());\n    return fontWithFallback instanceof javax.swing.plaf.FontUIResource ? fontWithFallback : new javax.swing.plaf.FontUIResource(fontWithFallback);\n}",
                "dst_parent": "null"
              },
              "line": 245,
              "file": "/home/khesoem/projects/lighter/exp/mapsforge-mapview/src/main/java/slash/navigation/mapview/mapsforge/MapSelector.java",
              "stats": {
                "number_of_src_entities": 48,
                "number_of_dst_entities": -1,
                "src_entity_types": "[java.lang.System, java.util.Locale, boolean, java.lang.String]",
                "dst_entity_types": "[]"
              }
            }
          ]
        },
        {
          "tool-name": "JKali",
          "pattern-name": "JKali:del",
          "Unified_Diff_of-files:": "Starts Below...",
          "CHANGE_old:": "        return fontWithFallback instanceof FontUIResource ? fontWithFallback : new FontUIResource(fontWithFallback);",
          "CHANGE_new:": "",
          "instance_detail": [
            {
              "pattern_action": "DEL",
              "pattern_entity": {
                "entity_type": "*",
                "entity_new value": "*",
                "entity_role": "Statement",
                "entity_parent": "null"
              },
              "concrete_change": {
                "operator": "DEL",
                "src_type": "LocalVariable",
                "dst_type": "null",
                "src": "java.awt.Font fontWithFallback \u003d (isMac) ? new java.awt.Font(font.getFamily(), font.getStyle(), font.getSize()) : new javax.swing.text.StyleContext().getFont(font.getFamily(), font.getStyle(), font.getSize())",
                "dst": "null",
                "src_parent_type": "Block",
                "dst_parent_type": "null",
                "src_parent": "{\n    if (currentFont \u003d\u003d null)\n        return null;\n\n    java.lang.String resultName;\n    if (fontName \u003d\u003d null) {\n        resultName \u003d currentFont.getName();\n    } else {\n        java.awt.Font testFont \u003d new java.awt.Font(fontName, java.awt.Font.PLAIN, 10);\n        if ((testFont.canDisplay(\u0027a\u0027)) \u0026\u0026 (testFont.canDisplay(\u00271\u0027))) {\n            resultName \u003d fontName;\n        } else {\n            resultName \u003d currentFont.getName();\n        }\n    }\n    java.awt.Font font \u003d new java.awt.Font(resultName, (style \u003e\u003d 0 ? style : currentFont.getStyle()), (size \u003e\u003d 0 ? size : currentFont.getSize()));\n    boolean isMac \u003d java.lang.System.getProperty(\"os.name\", \"\").toLowerCase(java.util.Locale.ENGLISH).startsWith(\"mac\");\n    java.awt.Font fontWithFallback \u003d (isMac) ? new java.awt.Font(font.getFamily(), font.getStyle(), font.getSize()) : new javax.swing.text.StyleContext().getFont(font.getFamily(), font.getStyle(), font.getSize());\n    return fontWithFallback instanceof javax.swing.plaf.FontUIResource ? fontWithFallback : new javax.swing.plaf.FontUIResource(fontWithFallback);\n}",
                "dst_parent": "null"
              },
              "line": 246,
              "file": "/home/khesoem/projects/lighter/exp/mapsforge-mapview/src/main/java/slash/navigation/mapview/mapsforge/MapSelector.java",
              "stats": {
                "number_of_src_entities": 91,
                "number_of_dst_entities": -1,
                "src_entity_types": "[java.awt.Font, boolean, javax.swing.text.StyleContext]",
                "dst_entity_types": "[]"
              }
            }
          ]
        }
      ]
    }
  ],
  "complete_analysis": true
}