{
  "instances": [
    {
      "revision": "961f88094a80407bbf02a8c1059bf1254820a88a",
      "repairability": [
        {
          "tool-name": "JKali",
          "pattern-name": "JKali:add_rtrn",
          "Unified_Diff_of-files:": "Starts Below...",
          "CHANGE_old:": "",
          "CHANGE_new:": "    }",
          "INSERT:": "",
          "instance_detail": [
            {
              "pattern_action": "INS",
              "pattern_entity": {
                "entity_type": "Return",
                "entity_new value": "*",
                "entity_role": "Statement",
                "entity_parent": "null"
              },
              "concrete_change": {
                "operator": "INS",
                "src_type": "Return",
                "dst_type": "null",
                "src": "return directory !\u003d null ? directory : ((java.lang.System.getProperty(\"user.home\")) + (java.io.File.separator)) + \".routeconverter\"",
                "dst": "null",
                "src_parent_type": "Block",
                "dst_parent_type": "null",
                "src_parent": "{\n    java.lang.String directory \u003d java.lang.System.getProperty(slash.common.io.Directories.APPLICATION_DIRECTORY_PREFERENCE);\n    return directory !\u003d null ? directory : ((java.lang.System.getProperty(\"user.home\")) + (java.io.File.separator)) + \".routeconverter\";\n}",
                "dst_parent": "null"
              },
              "line": 45,
              "file": "/home/khesoem/projects/lighter/exp/common/src/main/java/slash/common/io/Directories.java"
            }
          ]
        },
        {
          "tool-name": "JKali",
          "pattern-name": "JKali:add_rtrn",
          "Unified_Diff_of-files:": "Starts Below...",
          "CHANGE_old:": "",
          "CHANGE_new:": "    }",
          "INSERT:": "",
          "instance_detail": [
            {
              "pattern_action": "INS",
              "pattern_entity": {
                "entity_type": "Return",
                "entity_new value": "*",
                "entity_role": "Statement",
                "entity_parent": "null"
              },
              "concrete_change": {
                "operator": "INS",
                "src_type": "Return",
                "dst_type": "null",
                "src": "return directory !\u003d null ? directory : (((java.lang.System.getProperty(\"java.io.tmpdir\")) + (java.io.File.separator)) + \"routeconverter\") + (!(isWindows()) ? \"-\" + (java.lang.System.getProperty(\"user.name\")) : \"\")",
                "dst": "null",
                "src_parent_type": "Block",
                "dst_parent_type": "null",
                "src_parent": "{\n    java.lang.String directory \u003d java.lang.System.getProperty(slash.common.io.Directories.TEMPORARY_DIRECTORY_PREFERENCE);\n    return directory !\u003d null ? directory : (((java.lang.System.getProperty(\"java.io.tmpdir\")) + (java.io.File.separator)) + \"routeconverter\") + (!(isWindows()) ? \"-\" + (java.lang.System.getProperty(\"user.name\")) : \"\");\n}",
                "dst_parent": "null"
              },
              "line": 50,
              "file": "/home/khesoem/projects/lighter/exp/common/src/main/java/slash/common/io/Directories.java"
            }
          ]
        }
      ]
    }
  ],
  "complete_analysis": true
}