{
  "instances": [
    {
      "revision": "1f54f938c9b970d173d26d59ea192dd955018783",
      "repairability": [
        {
          "tool-name": "JKali",
          "pattern-name": "JKali:add_rtrn",
          "Unified_Diff_of-files:": "Starts Below...",
          "CHANGE_old:": "        if (rowIndex \u003d\u003d getRowCount())\r",
          "CHANGE_new:": "        if (rowIndex \u0026gt;\u003d getRowCount())\r",
          "instance_detail": [
            {
              "pattern_action": "INS",
              "pattern_entity": {
                "entity_type": "Return",
                "entity_new value": "*",
                "entity_role": "Statement",
                "entity_parent": "null"
              },
              "concrete_change": {
                "operator": "INS",
                "src_type": "Return",
                "dst_type": "null",
                "src": "return (findURL(url)) !\u003d null",
                "dst": "null",
                "src_parent_type": "Block",
                "dst_parent_type": "null",
                "src_parent": "{\n    return (findURL(url)) !\u003d null;\n}",
                "dst_parent": "null"
              },
              "line": 50,
              "file": "/home/khesoem/projects/lighter/exp/navigation-formats/src/main/java/slash/navigation/base/BaseUrlParsingFormat.java"
            }
          ]
        }
      ]
    },
    {
      "revision": "1f54f938c9b970d173d26d59ea192dd955018783",
      "repairability": [
        {
          "tool-name": "JKali",
          "pattern-name": "JKali:add_rtrn",
          "Unified_Diff_of-files:": "Starts Below...",
          "CHANGE_old:": "        if (rowIndex \u003d\u003d getRowCount())\r",
          "CHANGE_new:": "        if (rowIndex \u0026gt;\u003d getRowCount())\r",
          "instance_detail": [
            {
              "pattern_action": "INS",
              "pattern_entity": {
                "entity_type": "Return",
                "entity_new value": "*",
                "entity_role": "Statement",
                "entity_parent": "null"
              },
              "concrete_change": {
                "operator": "INS",
                "src_type": "Return",
                "dst_type": "null",
                "src": "return asSimpleFormat(new slash.navigation.url.GeoHackUrlFormat())",
                "dst": "null",
                "src_parent_type": "Block",
                "dst_parent_type": "null",
                "src_parent": "{\n    if ((getFormat()) instanceof slash.navigation.url.GeoHackUrlFormat)\n        return ((slash.navigation.base.SimpleRoute) (this));\n\n    return asSimpleFormat(new slash.navigation.url.GeoHackUrlFormat());\n}",
                "dst_parent": "null"
              },
              "line": 746,
              "file": "/home/khesoem/projects/lighter/exp/navigation-formats/src/main/java/slash/navigation/base/BaseRoute.java"
            }
          ]
        },
        {
          "tool-name": "JKali",
          "pattern-name": "JKali:add_rtrn",
          "Unified_Diff_of-files:": "Starts Below...",
          "CHANGE_old:": "        if (rowIndex \u003d\u003d getRowCount())\r",
          "CHANGE_new:": "        if (rowIndex \u0026gt;\u003d getRowCount())\r",
          "instance_detail": [
            {
              "pattern_action": "INS",
              "pattern_entity": {
                "entity_type": "Return",
                "entity_new value": "*",
                "entity_role": "Statement",
                "entity_parent": "null"
              },
              "concrete_change": {
                "operator": "INS",
                "src_type": "Return",
                "dst_type": "null",
                "src": "return ((slash.navigation.base.SimpleRoute) (this))",
                "dst": "null",
                "src_parent_type": "Block",
                "dst_parent_type": "null",
                "src_parent": "return ((slash.navigation.base.SimpleRoute) (this));\n",
                "dst_parent": "null"
              },
              "line": 745,
              "file": "/home/khesoem/projects/lighter/exp/navigation-formats/src/main/java/slash/navigation/base/BaseRoute.java"
            }
          ]
        }
      ]
    },
    {
      "revision": "1f54f938c9b970d173d26d59ea192dd955018783",
      "repairability": [
        {
          "tool-name": "JKali",
          "pattern-name": "JKali:del",
          "Unified_Diff_of-files:": "Starts Below...",
          "CHANGE_old:": "        if (rowIndex \u003d\u003d getRowCount())\r",
          "CHANGE_new:": "        if (rowIndex \u0026gt;\u003d getRowCount())\r",
          "instance_detail": [
            {
              "pattern_action": "DEL",
              "pattern_entity": {
                "entity_type": "*",
                "entity_new value": "*",
                "entity_role": "Statement",
                "entity_parent": "null"
              },
              "concrete_change": {
                "operator": "DEL",
                "src_type": "Invocation",
                "dst_type": "null",
                "src": "e.printStackTrace()",
                "dst": "null",
                "src_parent_type": "Block",
                "dst_parent_type": "null",
                "src_parent": "{\n    slash.navigation.base.NavigationFormatParser.log.severe(java.lang.String.format(\"Error reading with %s: %s\", format, e));\n    e.printStackTrace();\n}",
                "dst_parent": "null"
              },
              "line": 125,
              "file": "/home/khesoem/projects/lighter/exp/navigation-formats/src/main/java/slash/navigation/base/NavigationFormatParser.java",
              "stats": {
                "number_of_src_entities": 9,
                "number_of_dst_entities": -1,
                "src_entity_types": "[java.lang.Exception, java.lang.Throwable]",
                "dst_entity_types": "[]"
              }
            }
          ]
        },
        {
          "tool-name": "JKali",
          "pattern-name": "JKali:del",
          "Unified_Diff_of-files:": "Starts Below...",
          "CHANGE_old:": "        if (rowIndex \u003d\u003d getRowCount())\r",
          "CHANGE_new:": "        if (rowIndex \u0026gt;\u003d getRowCount())\r",
          "instance_detail": [
            {
              "pattern_action": "DEL",
              "pattern_entity": {
                "entity_type": "*",
                "entity_new value": "*",
                "entity_role": "Statement",
                "entity_parent": "null"
              },
              "concrete_change": {
                "operator": "DEL",
                "src_type": "LocalVariable",
                "dst_type": "null",
                "src": "byte[] bytes \u003d url.toExternalForm().getBytes()",
                "dst": "null",
                "src_parent_type": "Block",
                "dst_parent_type": "null",
                "src_parent": "{\n    byte[] bytes \u003d url.toExternalForm().getBytes();\n    java.util.List\u003cslash.navigation.base.NavigationFormat\u003e readFormats \u003d new java.util.ArrayList(formats);\n    readFormats.add(0, new slash.navigation.url.GoogleMapsUrlFormat());\n    return read(new java.io.ByteArrayInputStream(bytes), bytes.length, null, null, readFormats);\n}",
                "dst_parent": "null"
              },
              "line": 308,
              "file": "/home/khesoem/projects/lighter/exp/navigation-formats/src/main/java/slash/navigation/base/NavigationFormatParser.java"
            }
          ]
        },
        {
          "tool-name": "JKali",
          "pattern-name": "JKali:del",
          "Unified_Diff_of-files:": "Starts Below...",
          "CHANGE_old:": "        if (rowIndex \u003d\u003d getRowCount())\r",
          "CHANGE_new:": "        if (rowIndex \u0026gt;\u003d getRowCount())\r",
          "instance_detail": [
            {
              "pattern_action": "DEL",
              "pattern_entity": {
                "entity_type": "*",
                "entity_new value": "*",
                "entity_role": "Statement",
                "entity_parent": "null"
              },
              "concrete_change": {
                "operator": "DEL",
                "src_type": "Invocation",
                "dst_type": "null",
                "src": "readFormats.add(0, new slash.navigation.url.GoogleMapsUrlFormat())",
                "dst": "null",
                "src_parent_type": "Block",
                "dst_parent_type": "null",
                "src_parent": "{\n    byte[] bytes \u003d url.toExternalForm().getBytes();\n    java.util.List\u003cslash.navigation.base.NavigationFormat\u003e readFormats \u003d new java.util.ArrayList(formats);\n    readFormats.add(0, new slash.navigation.url.GoogleMapsUrlFormat());\n    return read(new java.io.ByteArrayInputStream(bytes), bytes.length, null, null, readFormats);\n}",
                "dst_parent": "null"
              },
              "line": 310,
              "file": "/home/khesoem/projects/lighter/exp/navigation-formats/src/main/java/slash/navigation/base/NavigationFormatParser.java"
            }
          ]
        },
        {
          "tool-name": "JKali",
          "pattern-name": "JKali:del",
          "Unified_Diff_of-files:": "Starts Below...",
          "CHANGE_old:": "        if (rowIndex \u003d\u003d getRowCount())\r",
          "CHANGE_new:": "        if (rowIndex \u0026gt;\u003d getRowCount())\r",
          "instance_detail": [
            {
              "pattern_action": "DEL",
              "pattern_entity": {
                "entity_type": "*",
                "entity_new value": "*",
                "entity_role": "Statement",
                "entity_parent": "null"
              },
              "concrete_change": {
                "operator": "DEL",
                "src_type": "LocalVariable",
                "dst_type": "null",
                "src": "java.util.List\u003cslash.navigation.base.NavigationFormat\u003e readFormats \u003d new java.util.ArrayList(formats)",
                "dst": "null",
                "src_parent_type": "Block",
                "dst_parent_type": "null",
                "src_parent": "{\n    byte[] bytes \u003d url.toExternalForm().getBytes();\n    java.util.List\u003cslash.navigation.base.NavigationFormat\u003e readFormats \u003d new java.util.ArrayList(formats);\n    readFormats.add(0, new slash.navigation.url.KurvigerUrlFormat());\n    return read(new java.io.ByteArrayInputStream(bytes), bytes.length, null, null, readFormats);\n}",
                "dst_parent": "null"
              },
              "line": 315,
              "file": "/home/khesoem/projects/lighter/exp/navigation-formats/src/main/java/slash/navigation/base/NavigationFormatParser.java"
            }
          ]
        },
        {
          "tool-name": "JKali",
          "pattern-name": "JKali:del",
          "Unified_Diff_of-files:": "Starts Below...",
          "CHANGE_old:": "        if (rowIndex \u003d\u003d getRowCount())\r",
          "CHANGE_new:": "        if (rowIndex \u0026gt;\u003d getRowCount())\r",
          "instance_detail": [
            {
              "pattern_action": "DEL",
              "pattern_entity": {
                "entity_type": "*",
                "entity_new value": "*",
                "entity_role": "Statement",
                "entity_parent": "null"
              },
              "concrete_change": {
                "operator": "DEL",
                "src_type": "Invocation",
                "dst_type": "null",
                "src": "readFormats.add(0, new slash.navigation.url.KurvigerUrlFormat())",
                "dst": "null",
                "src_parent_type": "Block",
                "dst_parent_type": "null",
                "src_parent": "{\n    byte[] bytes \u003d url.toExternalForm().getBytes();\n    java.util.List\u003cslash.navigation.base.NavigationFormat\u003e readFormats \u003d new java.util.ArrayList(formats);\n    readFormats.add(0, new slash.navigation.url.KurvigerUrlFormat());\n    return read(new java.io.ByteArrayInputStream(bytes), bytes.length, null, null, readFormats);\n}",
                "dst_parent": "null"
              },
              "line": 316,
              "file": "/home/khesoem/projects/lighter/exp/navigation-formats/src/main/java/slash/navigation/base/NavigationFormatParser.java"
            }
          ]
        },
        {
          "tool-name": "JKali",
          "pattern-name": "JKali:del",
          "Unified_Diff_of-files:": "Starts Below...",
          "CHANGE_old:": "        if (rowIndex \u003d\u003d getRowCount())\r",
          "CHANGE_new:": "        if (rowIndex \u0026gt;\u003d getRowCount())\r",
          "instance_detail": [
            {
              "pattern_action": "DEL",
              "pattern_entity": {
                "entity_type": "*",
                "entity_new value": "*",
                "entity_role": "Statement",
                "entity_parent": "null"
              },
              "concrete_change": {
                "operator": "DEL",
                "src_type": "Return",
                "dst_type": "null",
                "src": "return read(new java.io.ByteArrayInputStream(bytes), bytes.length, null, null, readFormats)",
                "dst": "null",
                "src_parent_type": "Block",
                "dst_parent_type": "null",
                "src_parent": "{\n    byte[] bytes \u003d url.toExternalForm().getBytes();\n    java.util.List\u003cslash.navigation.base.NavigationFormat\u003e readFormats \u003d new java.util.ArrayList(formats);\n    readFormats.add(0, new slash.navigation.url.KurvigerUrlFormat());\n    return read(new java.io.ByteArrayInputStream(bytes), bytes.length, null, null, readFormats);\n}",
                "dst_parent": "null"
              },
              "line": 317,
              "file": "/home/khesoem/projects/lighter/exp/navigation-formats/src/main/java/slash/navigation/base/NavigationFormatParser.java"
            }
          ]
        },
        {
          "tool-name": "JKali",
          "pattern-name": "JKali:del",
          "Unified_Diff_of-files:": "Starts Below...",
          "CHANGE_old:": "        if (rowIndex \u003d\u003d getRowCount())\r",
          "CHANGE_new:": "        if (rowIndex \u0026gt;\u003d getRowCount())\r",
          "instance_detail": [
            {
              "pattern_action": "DEL",
              "pattern_entity": {
                "entity_type": "*",
                "entity_new value": "*",
                "entity_role": "Statement",
                "entity_parent": "null"
              },
              "concrete_change": {
                "operator": "DEL",
                "src_type": "LocalVariable",
                "dst_type": "null",
                "src": "byte[] bytes \u003d url.toExternalForm().getBytes()",
                "dst": "null",
                "src_parent_type": "Block",
                "dst_parent_type": "null",
                "src_parent": "{\n    byte[] bytes \u003d url.toExternalForm().getBytes();\n    java.util.List\u003cslash.navigation.base.NavigationFormat\u003e readFormats \u003d new java.util.ArrayList(formats);\n    readFormats.add(0, new slash.navigation.url.MotoPlanerUrlFormat());\n    return read(new java.io.ByteArrayInputStream(bytes), bytes.length, null, null, readFormats);\n}",
                "dst_parent": "null"
              },
              "line": 320,
              "file": "/home/khesoem/projects/lighter/exp/navigation-formats/src/main/java/slash/navigation/base/NavigationFormatParser.java"
            }
          ]
        },
        {
          "tool-name": "JKali",
          "pattern-name": "JKali:del",
          "Unified_Diff_of-files:": "Starts Below...",
          "CHANGE_old:": "        if (rowIndex \u003d\u003d getRowCount())\r",
          "CHANGE_new:": "        if (rowIndex \u0026gt;\u003d getRowCount())\r",
          "instance_detail": [
            {
              "pattern_action": "DEL",
              "pattern_entity": {
                "entity_type": "*",
                "entity_new value": "*",
                "entity_role": "Statement",
                "entity_parent": "null"
              },
              "concrete_change": {
                "operator": "DEL",
                "src_type": "LocalVariable",
                "dst_type": "null",
                "src": "java.util.List\u003cslash.navigation.base.NavigationFormat\u003e readFormats \u003d new java.util.ArrayList(formats)",
                "dst": "null",
                "src_parent_type": "Block",
                "dst_parent_type": "null",
                "src_parent": "{\n    byte[] bytes \u003d url.toExternalForm().getBytes();\n    java.util.List\u003cslash.navigation.base.NavigationFormat\u003e readFormats \u003d new java.util.ArrayList(formats);\n    readFormats.add(0, new slash.navigation.url.MotoPlanerUrlFormat());\n    return read(new java.io.ByteArrayInputStream(bytes), bytes.length, null, null, readFormats);\n}",
                "dst_parent": "null"
              },
              "line": 321,
              "file": "/home/khesoem/projects/lighter/exp/navigation-formats/src/main/java/slash/navigation/base/NavigationFormatParser.java"
            }
          ]
        },
        {
          "tool-name": "JKali",
          "pattern-name": "JKali:del",
          "Unified_Diff_of-files:": "Starts Below...",
          "CHANGE_old:": "        if (rowIndex \u003d\u003d getRowCount())\r",
          "CHANGE_new:": "        if (rowIndex \u0026gt;\u003d getRowCount())\r",
          "instance_detail": [
            {
              "pattern_action": "DEL",
              "pattern_entity": {
                "entity_type": "*",
                "entity_new value": "*",
                "entity_role": "Statement",
                "entity_parent": "null"
              },
              "concrete_change": {
                "operator": "DEL",
                "src_type": "Return",
                "dst_type": "null",
                "src": "return read(new java.io.ByteArrayInputStream(bytes), bytes.length, null, null, readFormats)",
                "dst": "null",
                "src_parent_type": "Block",
                "dst_parent_type": "null",
                "src_parent": "{\n    byte[] bytes \u003d url.toExternalForm().getBytes();\n    java.util.List\u003cslash.navigation.base.NavigationFormat\u003e readFormats \u003d new java.util.ArrayList(formats);\n    readFormats.add(0, new slash.navigation.url.MotoPlanerUrlFormat());\n    return read(new java.io.ByteArrayInputStream(bytes), bytes.length, null, null, readFormats);\n}",
                "dst_parent": "null"
              },
              "line": 323,
              "file": "/home/khesoem/projects/lighter/exp/navigation-formats/src/main/java/slash/navigation/base/NavigationFormatParser.java"
            }
          ]
        },
        {
          "tool-name": "JKali",
          "pattern-name": "JKali:del",
          "Unified_Diff_of-files:": "Starts Below...",
          "CHANGE_old:": "        if (rowIndex \u003d\u003d getRowCount())\r",
          "CHANGE_new:": "        if (rowIndex \u0026gt;\u003d getRowCount())\r",
          "instance_detail": [
            {
              "pattern_action": "DEL",
              "pattern_entity": {
                "entity_type": "*",
                "entity_new value": "*",
                "entity_role": "Statement",
                "entity_parent": "null"
              },
              "concrete_change": {
                "operator": "DEL",
                "src_type": "If",
                "dst_type": "null",
                "src": "if (isMotoPlanerUrl(url)) {\n    byte[] bytes \u003d url.toExternalForm().getBytes();\n    java.util.List\u003cslash.navigation.base.NavigationFormat\u003e readFormats \u003d new java.util.ArrayList(formats);\n    readFormats.add(0, new slash.navigation.url.MotoPlanerUrlFormat());\n    return read(new java.io.ByteArrayInputStream(bytes), bytes.length, null, null, readFormats);\n}",
                "dst": "null",
                "src_parent_type": "Block",
                "dst_parent_type": "null",
                "src_parent": "if (isMotoPlanerUrl(url)) {\n        byte[] bytes \u003d url.toExternalForm().getBytes();\n        java.util.List\u003cslash.navigation.base.NavigationFormat\u003e readFormats \u003d new java.util.ArrayList(formats);\n        readFormats.add(0, new slash.navigation.url.MotoPlanerUrlFormat());\n        return read(new java.io.ByteArrayInputStream(bytes), bytes.length, null, null, readFormats);\n    }\n",
                "dst_parent": "null"
              },
              "line": 319,
              "file": "/home/khesoem/projects/lighter/exp/navigation-formats/src/main/java/slash/navigation/base/NavigationFormatParser.java"
            }
          ]
        },
        {
          "tool-name": "JKali",
          "pattern-name": "JKali:del",
          "Unified_Diff_of-files:": "Starts Below...",
          "CHANGE_old:": "        if (rowIndex \u003d\u003d getRowCount())\r",
          "CHANGE_new:": "        if (rowIndex \u0026gt;\u003d getRowCount())\r",
          "instance_detail": [
            {
              "pattern_action": "DEL",
              "pattern_entity": {
                "entity_type": "*",
                "entity_new value": "*",
                "entity_role": "Statement",
                "entity_parent": "null"
              },
              "concrete_change": {
                "operator": "DEL",
                "src_type": "If",
                "dst_type": "null",
                "src": "if (isKurvigerUrl(url)) {\n    byte[] bytes \u003d url.toExternalForm().getBytes();\n    java.util.List\u003cslash.navigation.base.NavigationFormat\u003e readFormats \u003d new java.util.ArrayList(formats);\n    readFormats.add(0, new slash.navigation.url.KurvigerUrlFormat());\n    return read(new java.io.ByteArrayInputStream(bytes), bytes.length, null, null, readFormats);\n} else\n    if (isMotoPlanerUrl(url)) {\n        byte[] bytes \u003d url.toExternalForm().getBytes();\n        java.util.List\u003cslash.navigation.base.NavigationFormat\u003e readFormats \u003d new java.util.ArrayList(formats);\n        readFormats.add(0, new slash.navigation.url.MotoPlanerUrlFormat());\n        return read(new java.io.ByteArrayInputStream(bytes), bytes.length, null, null, readFormats);\n    }\n",
                "dst": "null",
                "src_parent_type": "Block",
                "dst_parent_type": "null",
                "src_parent": "if (isKurvigerUrl(url)) {\n        byte[] bytes \u003d url.toExternalForm().getBytes();\n        java.util.List\u003cslash.navigation.base.NavigationFormat\u003e readFormats \u003d new java.util.ArrayList(formats);\n        readFormats.add(0, new slash.navigation.url.KurvigerUrlFormat());\n        return read(new java.io.ByteArrayInputStream(bytes), bytes.length, null, null, readFormats);\n    } else\n        if (isMotoPlanerUrl(url)) {\n            byte[] bytes \u003d url.toExternalForm().getBytes();\n            java.util.List\u003cslash.navigation.base.NavigationFormat\u003e readFormats \u003d new java.util.ArrayList(formats);\n            readFormats.add(0, new slash.navigation.url.MotoPlanerUrlFormat());\n            return read(new java.io.ByteArrayInputStream(bytes), bytes.length, null, null, readFormats);\n        }\n\n",
                "dst_parent": "null"
              },
              "line": 313,
              "file": "/home/khesoem/projects/lighter/exp/navigation-formats/src/main/java/slash/navigation/base/NavigationFormatParser.java"
            }
          ]
        },
        {
          "tool-name": "JKali",
          "pattern-name": "JKali:del",
          "Unified_Diff_of-files:": "Starts Below...",
          "CHANGE_old:": "        if (rowIndex \u003d\u003d getRowCount())\r",
          "CHANGE_new:": "        if (rowIndex \u0026gt;\u003d getRowCount())\r",
          "instance_detail": [
            {
              "pattern_action": "DEL",
              "pattern_entity": {
                "entity_type": "*",
                "entity_new value": "*",
                "entity_role": "Statement",
                "entity_parent": "null"
              },
              "concrete_change": {
                "operator": "DEL",
                "src_type": "If",
                "dst_type": "null",
                "src": "if (isGoogleMapsLinkUrl(url)) {\n    byte[] bytes \u003d url.toExternalForm().getBytes();\n    java.util.List\u003cslash.navigation.base.NavigationFormat\u003e readFormats \u003d new java.util.ArrayList(formats);\n    readFormats.add(0, new slash.navigation.url.GoogleMapsUrlFormat());\n    return read(new java.io.ByteArrayInputStream(bytes), bytes.length, null, null, readFormats);\n} else\n    if (isKurvigerUrl(url)) {\n        byte[] bytes \u003d url.toExternalForm().getBytes();\n        java.util.List\u003cslash.navigation.base.NavigationFormat\u003e readFormats \u003d new java.util.ArrayList(formats);\n        readFormats.add(0, new slash.navigation.url.KurvigerUrlFormat());\n        return read(new java.io.ByteArrayInputStream(bytes), bytes.length, null, null, readFormats);\n    } else\n        if (isMotoPlanerUrl(url)) {\n            byte[] bytes \u003d url.toExternalForm().getBytes();\n            java.util.List\u003cslash.navigation.base.NavigationFormat\u003e readFormats \u003d new java.util.ArrayList(formats);\n            readFormats.add(0, new slash.navigation.url.MotoPlanerUrlFormat());\n            return read(new java.io.ByteArrayInputStream(bytes), bytes.length, null, null, readFormats);\n        }\n\n",
                "dst": "null",
                "src_parent_type": "Block",
                "dst_parent_type": "null",
                "src_parent": "if (isGoogleMapsLinkUrl(url)) {\n        byte[] bytes \u003d url.toExternalForm().getBytes();\n        java.util.List\u003cslash.navigation.base.NavigationFormat\u003e readFormats \u003d new java.util.ArrayList(formats);\n        readFormats.add(0, new slash.navigation.url.GoogleMapsUrlFormat());\n        return read(new java.io.ByteArrayInputStream(bytes), bytes.length, null, null, readFormats);\n    } else\n        if (isKurvigerUrl(url)) {\n            byte[] bytes \u003d url.toExternalForm().getBytes();\n            java.util.List\u003cslash.navigation.base.NavigationFormat\u003e readFormats \u003d new java.util.ArrayList(formats);\n            readFormats.add(0, new slash.navigation.url.KurvigerUrlFormat());\n            return read(new java.io.ByteArrayInputStream(bytes), bytes.length, null, null, readFormats);\n        } else\n            if (isMotoPlanerUrl(url)) {\n                byte[] bytes \u003d url.toExternalForm().getBytes();\n                java.util.List\u003cslash.navigation.base.NavigationFormat\u003e readFormats \u003d new java.util.ArrayList(formats);\n                readFormats.add(0, new slash.navigation.url.MotoPlanerUrlFormat());\n                return read(new java.io.ByteArrayInputStream(bytes), bytes.length, null, null, readFormats);\n            }\n\n\n",
                "dst_parent": "null"
              },
              "line": 307,
              "file": "/home/khesoem/projects/lighter/exp/navigation-formats/src/main/java/slash/navigation/base/NavigationFormatParser.java"
            }
          ]
        },
        {
          "tool-name": "JKali",
          "pattern-name": "JKali:del",
          "Unified_Diff_of-files:": "Starts Below...",
          "CHANGE_old:": "        if (rowIndex \u003d\u003d getRowCount())\r",
          "CHANGE_new:": "        if (rowIndex \u0026gt;\u003d getRowCount())\r",
          "instance_detail": [
            {
              "pattern_action": "DEL",
              "pattern_entity": {
                "entity_type": "*",
                "entity_new value": "*",
                "entity_role": "Statement",
                "entity_parent": "null"
              },
              "concrete_change": {
                "operator": "DEL",
                "src_type": "If",
                "dst_type": "null",
                "src": "if (isGoogleMapsProfileUrl(url)) {\n    url \u003d new java.net.URL(((url.toExternalForm()) + \"\u0026output\u003dkml\"));\n    formats \u003d new java.util.ArrayList(formats);\n    formats.add(0, new slash.navigation.kml.Kml22Format());\n} else\n    if (isGoogleMapsLinkUrl(url)) {\n        byte[] bytes \u003d url.toExternalForm().getBytes();\n        java.util.List\u003cslash.navigation.base.NavigationFormat\u003e readFormats \u003d new java.util.ArrayList(formats);\n        readFormats.add(0, new slash.navigation.url.GoogleMapsUrlFormat());\n        return read(new java.io.ByteArrayInputStream(bytes), bytes.length, null, null, readFormats);\n    } else\n        if (isKurvigerUrl(url)) {\n            byte[] bytes \u003d url.toExternalForm().getBytes();\n            java.util.List\u003cslash.navigation.base.NavigationFormat\u003e readFormats \u003d new java.util.ArrayList(formats);\n            readFormats.add(0, new slash.navigation.url.KurvigerUrlFormat());\n            return read(new java.io.ByteArrayInputStream(bytes), bytes.length, null, null, readFormats);\n        } else\n            if (isMotoPlanerUrl(url)) {\n                byte[] bytes \u003d url.toExternalForm().getBytes();\n                java.util.List\u003cslash.navigation.base.NavigationFormat\u003e readFormats \u003d new java.util.ArrayList(formats);\n                readFormats.add(0, new slash.navigation.url.MotoPlanerUrlFormat());\n                return read(new java.io.ByteArrayInputStream(bytes), bytes.length, null, null, readFormats);\n            }\n\n\n",
                "dst": "null",
                "src_parent_type": "Block",
                "dst_parent_type": "null",
                "src_parent": "{\n    if (isGoogleMapsProfileUrl(url)) {\n        url \u003d new java.net.URL(((url.toExternalForm()) + \"\u0026output\u003dkml\"));\n        formats \u003d new java.util.ArrayList(formats);\n        formats.add(0, new slash.navigation.kml.Kml22Format());\n    } else\n        if (isGoogleMapsLinkUrl(url)) {\n            byte[] bytes \u003d url.toExternalForm().getBytes();\n            java.util.List\u003cslash.navigation.base.NavigationFormat\u003e readFormats \u003d new java.util.ArrayList(formats);\n            readFormats.add(0, new slash.navigation.url.GoogleMapsUrlFormat());\n            return read(new java.io.ByteArrayInputStream(bytes), bytes.length, null, null, readFormats);\n        } else\n            if (isKurvigerUrl(url)) {\n                byte[] bytes \u003d url.toExternalForm().getBytes();\n                java.util.List\u003cslash.navigation.base.NavigationFormat\u003e readFormats \u003d new java.util.ArrayList(formats);\n                readFormats.add(0, new slash.navigation.url.KurvigerUrlFormat());\n                return read(new java.io.ByteArrayInputStream(bytes), bytes.length, null, null, readFormats);\n            } else\n                if (isMotoPlanerUrl(url)) {\n                    byte[] bytes \u003d url.toExternalForm().getBytes();\n                    java.util.List\u003cslash.navigation.base.NavigationFormat\u003e readFormats \u003d new java.util.ArrayList(formats);\n                    readFormats.add(0, new slash.navigation.url.MotoPlanerUrlFormat());\n                    return read(new java.io.ByteArrayInputStream(bytes), bytes.length, null, null, readFormats);\n                }\n\n\n\n    int readBufferSize \u003d getSize(url);\n    slash.navigation.base.NavigationFormatParser.log.info(((((\"Reading \u0027\" + url) + \"\u0027 with a buffer of \") + readBufferSize) + \" bytes\"));\n    return read(openStream(url), readBufferSize, extractStartDate(url), extractFile(url), formats);\n}",
                "dst_parent": "null"
              },
              "line": 302,
              "file": "/home/khesoem/projects/lighter/exp/navigation-formats/src/main/java/slash/navigation/base/NavigationFormatParser.java"
            }
          ]
        },
        {
          "tool-name": "JKali",
          "pattern-name": "JKali:add_rtrn",
          "Unified_Diff_of-files:": "Starts Below...",
          "CHANGE_old:": "        if (rowIndex \u003d\u003d getRowCount())\r",
          "CHANGE_new:": "        if (rowIndex \u0026gt;\u003d getRowCount())\r",
          "instance_detail": [
            {
              "pattern_action": "INS",
              "pattern_entity": {
                "entity_type": "Return",
                "entity_new value": "*",
                "entity_role": "Statement",
                "entity_parent": "null"
              },
              "concrete_change": {
                "operator": "INS",
                "src_type": "Return",
                "dst_type": "null",
                "src": "return null",
                "dst": "null",
                "src_parent_type": "Block",
                "dst_parent_type": "null",
                "src_parent": "{\n    for (slash.navigation.base.BaseUrlParsingFormat format : getNavigationFormatRegistry().getUrlParsingFormats()) {\n        if ((format.findURL(url)) !\u003d null)\n            return format;\n\n    }\n    return null;\n}",
                "dst_parent": "null"
              },
              "line": 299,
              "file": "/home/khesoem/projects/lighter/exp/navigation-formats/src/main/java/slash/navigation/base/NavigationFormatParser.java"
            }
          ]
        },
        {
          "tool-name": "JKali",
          "pattern-name": "JKali:add_rtrn",
          "Unified_Diff_of-files:": "Starts Below...",
          "CHANGE_old:": "        if (rowIndex \u003d\u003d getRowCount())\r",
          "CHANGE_new:": "        if (rowIndex \u0026gt;\u003d getRowCount())\r",
          "instance_detail": [
            {
              "pattern_action": "INS",
              "pattern_entity": {
                "entity_type": "Return",
                "entity_new value": "*",
                "entity_role": "Statement",
                "entity_parent": "null"
              },
              "concrete_change": {
                "operator": "INS",
                "src_type": "Return",
                "dst_type": "null",
                "src": "return format",
                "dst": "null",
                "src_parent_type": "Block",
                "dst_parent_type": "null",
                "src_parent": "return format;\n",
                "dst_parent": "null"
              },
              "line": 297,
              "file": "/home/khesoem/projects/lighter/exp/navigation-formats/src/main/java/slash/navigation/base/NavigationFormatParser.java"
            }
          ]
        }
      ]
    },
    {
      "revision": "1f54f938c9b970d173d26d59ea192dd955018783",
      "repairability": [
        {
          "tool-name": "JKali",
          "pattern-name": "JKali:del",
          "Unified_Diff_of-files:": "Starts Below...",
          "CHANGE_old:": "        if (rowIndex \u003d\u003d getRowCount())\r",
          "CHANGE_new:": "        if (rowIndex \u0026gt;\u003d getRowCount())\r",
          "instance_detail": [
            {
              "pattern_action": "DEL",
              "pattern_entity": {
                "entity_type": "*",
                "entity_new value": "*",
                "entity_role": "Statement",
                "entity_parent": "null"
              },
              "concrete_change": {
                "operator": "DEL",
                "src_type": "LocalVariable",
                "dst_type": "null",
                "src": "java.lang.String found \u003d slash.navigation.url.MotoPlanerUrlFormat.internalFindUrl(url.toExternalForm())",
                "dst": "null",
                "src_parent_type": "Block",
                "dst_parent_type": "null",
                "src_parent": "{\n    java.lang.String found \u003d slash.navigation.url.MotoPlanerUrlFormat.internalFindUrl(url.toExternalForm());\n    return found !\u003d null;\n}",
                "dst_parent": "null"
              },
              "line": 66,
              "file": "/home/khesoem/projects/lighter/exp/navigation-formats/src/main/java/slash/navigation/url/MotoPlanerUrlFormat.java"
            }
          ]
        },
        {
          "tool-name": "JKali",
          "pattern-name": "JKali:del",
          "Unified_Diff_of-files:": "Starts Below...",
          "CHANGE_old:": "        if (rowIndex \u003d\u003d getRowCount())\r",
          "CHANGE_new:": "        if (rowIndex \u0026gt;\u003d getRowCount())\r",
          "instance_detail": [
            {
              "pattern_action": "DEL",
              "pattern_entity": {
                "entity_type": "*",
                "entity_new value": "*",
                "entity_role": "Statement",
                "entity_parent": "null"
              },
              "concrete_change": {
                "operator": "DEL",
                "src_type": "Return",
                "dst_type": "null",
                "src": "return found !\u003d null",
                "dst": "null",
                "src_parent_type": "Block",
                "dst_parent_type": "null",
                "src_parent": "{\n    java.lang.String found \u003d slash.navigation.url.MotoPlanerUrlFormat.internalFindUrl(url.toExternalForm());\n    return found !\u003d null;\n}",
                "dst_parent": "null"
              },
              "line": 67,
              "file": "/home/khesoem/projects/lighter/exp/navigation-formats/src/main/java/slash/navigation/url/MotoPlanerUrlFormat.java"
            }
          ]
        },
        {
          "tool-name": "JKali",
          "pattern-name": "JKali:del",
          "Unified_Diff_of-files:": "Starts Below...",
          "CHANGE_old:": "        if (rowIndex \u003d\u003d getRowCount())\r",
          "CHANGE_new:": "        if (rowIndex \u0026gt;\u003d getRowCount())\r",
          "instance_detail": [
            {
              "pattern_action": "DEL",
              "pattern_entity": {
                "entity_type": "*",
                "entity_new value": "*",
                "entity_role": "Statement",
                "entity_parent": "null"
              },
              "concrete_change": {
                "operator": "DEL",
                "src_type": "Return",
                "dst_type": "null",
                "src": "return slash.navigation.url.MotoPlanerUrlFormat.internalFindUrl(text)",
                "dst": "null",
                "src_parent_type": "Block",
                "dst_parent_type": "null",
                "src_parent": "{\n    return slash.navigation.url.MotoPlanerUrlFormat.internalFindUrl(text);\n}",
                "dst_parent": "null"
              },
              "line": 111,
              "file": "/home/khesoem/projects/lighter/exp/navigation-formats/src/main/java/slash/navigation/url/MotoPlanerUrlFormat.java"
            }
          ]
        }
      ]
    },
    {
      "revision": "1f54f938c9b970d173d26d59ea192dd955018783",
      "repairability": [
        {
          "tool-name": "JKali",
          "pattern-name": "JKali:add_rtrn",
          "Unified_Diff_of-files:": "Starts Below...",
          "CHANGE_old:": "        if (rowIndex \u003d\u003d getRowCount())\r",
          "CHANGE_new:": "        if (rowIndex \u0026gt;\u003d getRowCount())\r",
          "instance_detail": [
            {
              "pattern_action": "INS",
              "pattern_entity": {
                "entity_type": "Return",
                "entity_new value": "*",
                "entity_role": "Statement",
                "entity_parent": "null"
              },
              "concrete_change": {
                "operator": "INS",
                "src_type": "Return",
                "dst_type": "null",
                "src": "return result",
                "dst": "null",
                "src_parent_type": "Block",
                "dst_parent_type": "null",
                "src_parent": "{\n    java.util.List\u003cslash.navigation.base.BaseUrlParsingFormat\u003e result \u003d new java.util.ArrayList\u003c\u003e();\n    for (slash.navigation.base.NavigationFormat format : getReadFormats()) {\n        if (format instanceof slash.navigation.base.BaseUrlParsingFormat)\n            result.add(((slash.navigation.base.BaseUrlParsingFormat) (format)));\n\n    }\n    return result;\n}",
                "dst_parent": "null"
              },
              "line": 284,
              "file": "/home/khesoem/projects/lighter/exp/navigation-formats/src/main/java/slash/navigation/base/NavigationFormatRegistry.java"
            }
          ]
        }
      ]
    },
    {
      "revision": "1f54f938c9b970d173d26d59ea192dd955018783",
      "repairability": [
        {
          "tool-name": "JKali",
          "pattern-name": "JKali:del",
          "Unified_Diff_of-files:": "Starts Below...",
          "CHANGE_old:": "        if (rowIndex \u003d\u003d getRowCount())\r",
          "CHANGE_new:": "        if (rowIndex \u0026gt;\u003d getRowCount())\r",
          "instance_detail": [
            {
              "pattern_action": "DEL",
              "pattern_entity": {
                "entity_type": "*",
                "entity_new value": "*",
                "entity_role": "Statement",
                "entity_parent": "null"
              },
              "concrete_change": {
                "operator": "DEL",
                "src_type": "LocalVariable",
                "dst_type": "null",
                "src": "java.lang.String found \u003d slash.navigation.url.KurvigerUrlFormat.internalFindUrl(url.toExternalForm())",
                "dst": "null",
                "src_parent_type": "Block",
                "dst_parent_type": "null",
                "src_parent": "{\n    java.lang.String found \u003d slash.navigation.url.KurvigerUrlFormat.internalFindUrl(url.toExternalForm());\n    return found !\u003d null;\n}",
                "dst_parent": "null"
              },
              "line": 66,
              "file": "/home/khesoem/projects/lighter/exp/navigation-formats/src/main/java/slash/navigation/url/KurvigerUrlFormat.java"
            }
          ]
        },
        {
          "tool-name": "JKali",
          "pattern-name": "JKali:del",
          "Unified_Diff_of-files:": "Starts Below...",
          "CHANGE_old:": "        if (rowIndex \u003d\u003d getRowCount())\r",
          "CHANGE_new:": "        if (rowIndex \u0026gt;\u003d getRowCount())\r",
          "instance_detail": [
            {
              "pattern_action": "DEL",
              "pattern_entity": {
                "entity_type": "*",
                "entity_new value": "*",
                "entity_role": "Statement",
                "entity_parent": "null"
              },
              "concrete_change": {
                "operator": "DEL",
                "src_type": "Return",
                "dst_type": "null",
                "src": "return found !\u003d null",
                "dst": "null",
                "src_parent_type": "Block",
                "dst_parent_type": "null",
                "src_parent": "{\n    java.lang.String found \u003d slash.navigation.url.KurvigerUrlFormat.internalFindUrl(url.toExternalForm());\n    return found !\u003d null;\n}",
                "dst_parent": "null"
              },
              "line": 67,
              "file": "/home/khesoem/projects/lighter/exp/navigation-formats/src/main/java/slash/navigation/url/KurvigerUrlFormat.java"
            }
          ]
        },
        {
          "tool-name": "JKali",
          "pattern-name": "JKali:del",
          "Unified_Diff_of-files:": "Starts Below...",
          "CHANGE_old:": "        if (rowIndex \u003d\u003d getRowCount())\r",
          "CHANGE_new:": "        if (rowIndex \u0026gt;\u003d getRowCount())\r",
          "instance_detail": [
            {
              "pattern_action": "DEL",
              "pattern_entity": {
                "entity_type": "*",
                "entity_new value": "*",
                "entity_role": "Statement",
                "entity_parent": "null"
              },
              "concrete_change": {
                "operator": "DEL",
                "src_type": "Return",
                "dst_type": "null",
                "src": "return slash.navigation.url.KurvigerUrlFormat.internalFindUrl(text)",
                "dst": "null",
                "src_parent_type": "Block",
                "dst_parent_type": "null",
                "src_parent": "{\n    return slash.navigation.url.KurvigerUrlFormat.internalFindUrl(text);\n}",
                "dst_parent": "null"
              },
              "line": 111,
              "file": "/home/khesoem/projects/lighter/exp/navigation-formats/src/main/java/slash/navigation/url/KurvigerUrlFormat.java"
            }
          ]
        }
      ]
    }
  ],
  "complete_analysis": true
}