{
  "instances": [
    {
      "revision": "718082120f7b46ffd1507274c0acfcbcbb494317",
      "repairability": [
        {
          "tool-name": "JKali",
          "pattern-name": "JKali:add_rtrn",
          "Unified_Diff_of-files:": "Starts Below...",
          "INSERT:": "",
          "instance_detail": [
            {
              "pattern_action": "INS",
              "pattern_entity": {
                "entity_type": "Return",
                "entity_new value": "*",
                "entity_role": "Statement",
                "entity_parent": "null"
              },
              "concrete_change": {
                "operator": "INS",
                "src_type": "Return",
                "dst_type": "null",
                "src": "return slash.navigation.converter.gui.RouteConverter.getInstance().getShowAllPositionsAfterLoading().getBoolean()",
                "dst": "null",
                "src_parent_type": "Block",
                "dst_parent_type": "null",
                "src_parent": "{\n    return slash.navigation.converter.gui.RouteConverter.getInstance().getShowAllPositionsAfterLoading().getBoolean();\n}",
                "dst_parent": "null"
              },
              "line": 79,
              "file": "/home/khesoem/projects/lighter/exp/route-converter/src/main/java/slash/navigation/converter/gui/helpers/MapViewCallbackImpl.java"
            }
          ]
        },
        {
          "tool-name": "JKali",
          "pattern-name": "JKali:add_rtrn",
          "Unified_Diff_of-files:": "Starts Below...",
          "INSERT:": "",
          "instance_detail": [
            {
              "pattern_action": "INS",
              "pattern_entity": {
                "entity_type": "Return",
                "entity_new value": "*",
                "entity_role": "Statement",
                "entity_parent": "null"
              },
              "concrete_change": {
                "operator": "INS",
                "src_type": "Return",
                "dst_type": "null",
                "src": "return slash.navigation.converter.gui.RouteConverter.getInstance().getRecenterAfterZooming().getBoolean()",
                "dst": "null",
                "src_parent_type": "Block",
                "dst_parent_type": "null",
                "src_parent": "{\n    return slash.navigation.converter.gui.RouteConverter.getInstance().getRecenterAfterZooming().getBoolean();\n}",
                "dst_parent": "null"
              },
              "line": 83,
              "file": "/home/khesoem/projects/lighter/exp/route-converter/src/main/java/slash/navigation/converter/gui/helpers/MapViewCallbackImpl.java"
            }
          ]
        }
      ]
    },
    {
      "revision": "718082120f7b46ffd1507274c0acfcbcbb494317",
      "repairability": [
        {
          "tool-name": "JKali",
          "pattern-name": "JKali:del",
          "Unified_Diff_of-files:": "Starts Below...",
          "INSERT:": "",
          "instance_detail": [
            {
              "pattern_action": "DEL",
              "pattern_entity": {
                "entity_type": "*",
                "entity_new value": "*",
                "entity_role": "Statement",
                "entity_parent": "null"
              },
              "concrete_change": {
                "operator": "DEL",
                "src_type": "Assignment",
                "dst_type": "null",
                "src": "this.showAllPositionsAfterLoading \u003d showAllPositionsAfterLoading",
                "dst": "null",
                "src_parent_type": "Block",
                "dst_parent_type": "null",
                "src_parent": "{\n    this.mapViewCallback \u003d ((slash.navigation.mapview.mapsforge.MapViewCallbackOpenSource) (mapViewCallback));\n    this.positionsModel \u003d positionsModel;\n    this.positionsSelectionModel \u003d positionsSelectionModel;\n    this.characteristicsModel \u003d characteristicsModel;\n    this.showAllPositionsAfterLoading \u003d showAllPositionsAfterLoading;\n    this.recenterAfterZooming \u003d recenterAfterZooming;\n    this.showCoordinates \u003d showCoordinates;\n    this.routeColorModel \u003d aRouteColorModel;\n    this.trackColorModel \u003d aTrackColorModel;\n    this.waypointColorModel \u003d aWaypointColorModel;\n    this.unitSystemModel \u003d unitSystemModel;\n    this.selectionUpdater \u003d new slash.navigation.mapview.mapsforge.SelectionUpdater(positionsModel, new slash.navigation.mapview.mapsforge.SelectionOperation() {\n        private org.mapsforge.map.layer.overlay.Marker createMarker(slash.navigation.mapview.mapsforge.PositionWithLayer positionWithLayer, org.mapsforge.core.model.LatLong latLong) {\n            return new slash.navigation.mapview.mapsforge.overlays.DraggableMarker(slash.navigation.mapview.mapsforge.MapsforgeMapView.this, positionWithLayer, latLong, slash.navigation.mapview.mapsforge.MapsforgeMapView.markerIcon, 0, (-27));\n        }\n\n        public void add(java.util.List\u003cslash.navigation.mapview.mapsforge.PositionWithLayer\u003e positionWithLayers) {\n            org.mapsforge.core.model.LatLong center \u003d null;\n            java.util.List\u003cslash.navigation.mapview.mapsforge.PositionWithLayer\u003e withLayers \u003d new java.util.ArrayList\u003c\u003e();\n            for (final slash.navigation.mapview.mapsforge.PositionWithLayer positionWithLayer : positionWithLayers) {\n                if (!(positionWithLayer.hasCoordinates()))\n                    continue;\n\n                org.mapsforge.core.model.LatLong latLong \u003d asLatLong(positionWithLayer.getPosition());\n                org.mapsforge.map.layer.overlay.Marker marker \u003d createMarker(positionWithLayer, latLong);\n                positionWithLayer.setLayer(marker);\n                withLayers.add(positionWithLayer);\n                center \u003d latLong;\n            }\n            addLayers(withLayers);\n            if (center !\u003d null)\n                setCenter(center, false);\n\n        }\n\n        public void remove(java.util.List\u003cslash.navigation.mapview.mapsforge.PositionWithLayer\u003e positionWithLayers) {\n            removeObjectWithLayers(positionWithLayers);\n        }\n    });\n    this.routeUpdater \u003d new slash.navigation.mapview.mapsforge.TrackUpdater(positionsModel, new slash.navigation.mapview.mapsforge.TrackOperation() {\n        private final java.util.List\u003cslash.navigation.mapview.mapsforge.PairWithLayer\u003e pairs \u003d new java.util.ArrayList\u003c\u003e();\n\n        public void add(java.util.List\u003cslash.navigation.mapview.mapsforge.PairWithLayer\u003e pairWithLayers) {\n            internalAdd(pairWithLayers);\n        }\n\n        public void update(java.util.List\u003cslash.navigation.mapview.mapsforge.PairWithLayer\u003e pairWithLayers) {\n            internalRemove(pairWithLayers);\n            internalAdd(pairWithLayers);\n            selectionUpdater.updatedPositions(toPositions2(pairWithLayers));\n        }\n\n        public void remove(java.util.List\u003cslash.navigation.mapview.mapsforge.PairWithLayer\u003e pairWithLayers) {\n            internalRemove(pairWithLayers);\n            fireDistanceAndTime();\n            selectionUpdater.removedPositions(toPositions2(pairWithLayers));\n        }\n\n        private void internalAdd(java.util.List\u003cslash.navigation.mapview.mapsforge.PairWithLayer\u003e pairWithLayers) {\n            pairs.addAll(pairWithLayers);\n            routeRenderer.renderRoute(pairWithLayers, this::fireDistanceAndTime);\n        }\n\n        private void internalRemove(java.util.List\u003cslash.navigation.mapview.mapsforge.PairWithLayer\u003e pairWithLayers) {\n            if ((pairs.size()) \u003d\u003d (pairWithLayers.size()))\n                pairs.clear();\n            else\n                pairs.removeAll(pairWithLayers);\n\n            for (slash.navigation.mapview.mapsforge.PairWithLayer pairWithLayer : pairWithLayers)\n                pairWithLayer.setDistanceAndTime(null);\n\n            java.util.List\u003cslash.navigation.mapview.mapsforge.Layer\u003e remove \u003d toLayers(pairWithLayers);\n            removeLayers(remove);\n        }\n\n        private void fireDistanceAndTime() {\n            java.util.Map\u003cjava.lang.Integer, slash.navigation.mapview.mapsforge.DistanceAndTime\u003e indexToDistanceAndTime \u003d new java.util.HashMap(pairs.size());\n            for (int i \u003d 0; i \u003c (pairs.size()); i++) {\n                slash.navigation.mapview.mapsforge.PairWithLayer pairWithLayer \u003d pairs.get(i);\n                indexToDistanceAndTime.put((i + 1), pairWithLayer.getDistanceAndTime());\n            }\n            fireCalculatedDistances(slash.navigation.mapview.mapsforge.DistanceAndTimeAggregator.add(indexToDistanceAndTime));\n        }\n    });\n    this.trackUpdater \u003d new slash.navigation.mapview.mapsforge.TrackUpdater(positionsModel, new slash.navigation.mapview.mapsforge.TrackOperation() {\n        public void add(java.util.List\u003cslash.navigation.mapview.mapsforge.PairWithLayer\u003e pairWithLayers) {\n            internalAdd(pairWithLayers);\n        }\n\n        public void update(java.util.List\u003cslash.navigation.mapview.mapsforge.PairWithLayer\u003e pairWithLayers) {\n            java.util.List\u003cslash.navigation.mapview.mapsforge.Layer\u003e remove \u003d toLayers(pairWithLayers);\n            removeLayers(remove);\n            internalAdd(pairWithLayers);\n            selectionUpdater.updatedPositions(toPositions2(pairWithLayers));\n        }\n\n        public void remove(java.util.List\u003cslash.navigation.mapview.mapsforge.PairWithLayer\u003e pairWithLayers) {\n            removeObjectWithLayers(pairWithLayers);\n            selectionUpdater.removedPositions(toPositions2(pairWithLayers));\n        }\n\n        private void internalAdd(java.util.List\u003cslash.navigation.mapview.mapsforge.PairWithLayer\u003e pairWithLayers) {\n            java.awt.Paint paint \u003d slash.navigation.mapview.mapsforge.AwtGraphicMapView.GRAPHIC_FACTORY.createPaint();\n            paint.setColor(asRGBA(trackColorModel));\n            paint.setStrokeWidth(slash.navigation.mapview.mapsforge.MapsforgeMapView.preferences.getInt(slash.navigation.mapview.MapViewConstants.TRACK_LINE_WIDTH_PREFERENCE, 2));\n            int tileSize \u003d getTileSize();\n            java.util.List\u003cslash.navigation.mapview.mapsforge.PairWithLayer\u003e withLayers \u003d new java.util.ArrayList\u003c\u003e();\n            for (slash.navigation.mapview.mapsforge.PairWithLayer pair : pairWithLayers) {\n                if (!(pair.hasCoordinates()))\n                    continue;\n\n                slash.navigation.mapview.mapsforge.lines.Line line \u003d new slash.navigation.mapview.mapsforge.lines.Line(asLatLong(pair.getFirst()), asLatLong(pair.getSecond()), paint, tileSize);\n                pair.setLayer(line);\n                withLayers.add(pair);\n            }\n            addLayers(withLayers);\n        }\n    });\n    this.waypointUpdater \u003d new slash.navigation.mapview.mapsforge.WaypointUpdater(positionsModel, new slash.navigation.mapview.mapsforge.WaypointOperation() {\n        private org.mapsforge.map.layer.overlay.Marker createMarker(slash.navigation.mapview.mapsforge.PositionWithLayer positionWithLayer) {\n            return new org.mapsforge.map.layer.overlay.Marker(asLatLong(positionWithLayer.getPosition()), createWaypointIcon(), 0, 0);\n        }\n\n        public void add(java.util.List\u003cslash.navigation.mapview.mapsforge.PositionWithLayer\u003e positionWithLayers) {\n            java.util.List\u003cslash.navigation.mapview.mapsforge.PositionWithLayer\u003e withLayers \u003d new java.util.ArrayList\u003c\u003e();\n            for (slash.navigation.mapview.mapsforge.PositionWithLayer positionWithLayer : positionWithLayers) {\n                if (!(positionWithLayer.hasCoordinates()))\n                    return;\n\n                org.mapsforge.map.layer.overlay.Marker marker \u003d createMarker(positionWithLayer);\n                positionWithLayer.setLayer(marker);\n                withLayers.add(positionWithLayer);\n            }\n            addLayers(withLayers);\n        }\n\n        public void update(final java.util.List\u003cslash.navigation.mapview.mapsforge.PositionWithLayer\u003e positionWithLayers) {\n            java.util.List\u003cslash.navigation.mapview.mapsforge.Layer\u003e remove \u003d toLayers(positionWithLayers);\n            removeLayers(remove);\n            add(positionWithLayers);\n            selectionUpdater.updatedPositions(toPositions(positionWithLayers));\n        }\n\n        public void remove(java.util.List\u003cslash.navigation.mapview.mapsforge.PositionWithLayer\u003e positionWithLayers) {\n            java.util.List\u003cslash.navigation.mapview.mapsforge.NavigationPosition\u003e removed \u003d toPositions(positionWithLayers);\n            removeObjectWithLayers(positionWithLayers);\n            selectionUpdater.removedPositions(removed);\n        }\n    });\n    this.updateDecoupler \u003d new slash.navigation.mapview.mapsforge.MapsforgeMapView.UpdateDecoupler();\n    positionsModel.addTableModelListener(positionsModelListener);\n    characteristicsModel.addListDataListener(characteristicsModelListener);\n    showCoordinates.addChangeListener(showCoordinatesListener);\n    getFixMapModeModel().addChangeListener(repaintPositionListListener);\n    routeColorModel.addChangeListener(repaintPositionListListener);\n    trackColorModel.addChangeListener(repaintPositionListListener);\n    waypointColorModel.addChangeListener(repaintPositionListListener);\n    unitSystemModel.addChangeListener(unitSystemListener);\n    getShowShadedHills().addChangeListener(shadedHillsListener);\n    initializeActions();\n    initializeMapView();\n    routeRenderer \u003d new slash.navigation.mapview.mapsforge.renderer.RouteRenderer(this, this.mapViewCallback, routeColorModel, slash.navigation.mapview.mapsforge.AwtGraphicMapView.GRAPHIC_FACTORY);\n}",
                "dst_parent": "null"
              },
              "line": 207,
              "file": "/home/khesoem/projects/lighter/exp/mapsforge-mapview/src/main/java/slash/navigation/mapview/mapsforge/MapsforgeMapView.java",
              "stats": {
                "number_of_src_entities": 17,
                "number_of_dst_entities": -1,
                "src_entity_types": "[slash.navigation.gui.models.BooleanModel, slash.navigation.mapview.mapsforge.MapsforgeMapView]",
                "dst_entity_types": "[]"
              }
            }
          ]
        },
        {
          "tool-name": "JKali",
          "pattern-name": "JKali:del",
          "Unified_Diff_of-files:": "Starts Below...",
          "INSERT:": "",
          "instance_detail": [
            {
              "pattern_action": "DEL",
              "pattern_entity": {
                "entity_type": "*",
                "entity_new value": "*",
                "entity_role": "Statement",
                "entity_parent": "null"
              },
              "concrete_change": {
                "operator": "DEL",
                "src_type": "Assignment",
                "dst_type": "null",
                "src": "this.recenterAfterZooming \u003d recenterAfterZooming",
                "dst": "null",
                "src_parent_type": "Block",
                "dst_parent_type": "null",
                "src_parent": "{\n    this.mapViewCallback \u003d ((slash.navigation.mapview.mapsforge.MapViewCallbackOpenSource) (mapViewCallback));\n    this.positionsModel \u003d positionsModel;\n    this.positionsSelectionModel \u003d positionsSelectionModel;\n    this.characteristicsModel \u003d characteristicsModel;\n    this.showAllPositionsAfterLoading \u003d showAllPositionsAfterLoading;\n    this.recenterAfterZooming \u003d recenterAfterZooming;\n    this.showCoordinates \u003d showCoordinates;\n    this.routeColorModel \u003d aRouteColorModel;\n    this.trackColorModel \u003d aTrackColorModel;\n    this.waypointColorModel \u003d aWaypointColorModel;\n    this.unitSystemModel \u003d unitSystemModel;\n    this.selectionUpdater \u003d new slash.navigation.mapview.mapsforge.SelectionUpdater(positionsModel, new slash.navigation.mapview.mapsforge.SelectionOperation() {\n        private org.mapsforge.map.layer.overlay.Marker createMarker(slash.navigation.mapview.mapsforge.PositionWithLayer positionWithLayer, org.mapsforge.core.model.LatLong latLong) {\n            return new slash.navigation.mapview.mapsforge.overlays.DraggableMarker(slash.navigation.mapview.mapsforge.MapsforgeMapView.this, positionWithLayer, latLong, slash.navigation.mapview.mapsforge.MapsforgeMapView.markerIcon, 0, (-27));\n        }\n\n        public void add(java.util.List\u003cslash.navigation.mapview.mapsforge.PositionWithLayer\u003e positionWithLayers) {\n            org.mapsforge.core.model.LatLong center \u003d null;\n            java.util.List\u003cslash.navigation.mapview.mapsforge.PositionWithLayer\u003e withLayers \u003d new java.util.ArrayList\u003c\u003e();\n            for (final slash.navigation.mapview.mapsforge.PositionWithLayer positionWithLayer : positionWithLayers) {\n                if (!(positionWithLayer.hasCoordinates()))\n                    continue;\n\n                org.mapsforge.core.model.LatLong latLong \u003d asLatLong(positionWithLayer.getPosition());\n                org.mapsforge.map.layer.overlay.Marker marker \u003d createMarker(positionWithLayer, latLong);\n                positionWithLayer.setLayer(marker);\n                withLayers.add(positionWithLayer);\n                center \u003d latLong;\n            }\n            addLayers(withLayers);\n            if (center !\u003d null)\n                setCenter(center, false);\n\n        }\n\n        public void remove(java.util.List\u003cslash.navigation.mapview.mapsforge.PositionWithLayer\u003e positionWithLayers) {\n            removeObjectWithLayers(positionWithLayers);\n        }\n    });\n    this.routeUpdater \u003d new slash.navigation.mapview.mapsforge.TrackUpdater(positionsModel, new slash.navigation.mapview.mapsforge.TrackOperation() {\n        private final java.util.List\u003cslash.navigation.mapview.mapsforge.PairWithLayer\u003e pairs \u003d new java.util.ArrayList\u003c\u003e();\n\n        public void add(java.util.List\u003cslash.navigation.mapview.mapsforge.PairWithLayer\u003e pairWithLayers) {\n            internalAdd(pairWithLayers);\n        }\n\n        public void update(java.util.List\u003cslash.navigation.mapview.mapsforge.PairWithLayer\u003e pairWithLayers) {\n            internalRemove(pairWithLayers);\n            internalAdd(pairWithLayers);\n            selectionUpdater.updatedPositions(toPositions2(pairWithLayers));\n        }\n\n        public void remove(java.util.List\u003cslash.navigation.mapview.mapsforge.PairWithLayer\u003e pairWithLayers) {\n            internalRemove(pairWithLayers);\n            fireDistanceAndTime();\n            selectionUpdater.removedPositions(toPositions2(pairWithLayers));\n        }\n\n        private void internalAdd(java.util.List\u003cslash.navigation.mapview.mapsforge.PairWithLayer\u003e pairWithLayers) {\n            pairs.addAll(pairWithLayers);\n            routeRenderer.renderRoute(pairWithLayers, this::fireDistanceAndTime);\n        }\n\n        private void internalRemove(java.util.List\u003cslash.navigation.mapview.mapsforge.PairWithLayer\u003e pairWithLayers) {\n            if ((pairs.size()) \u003d\u003d (pairWithLayers.size()))\n                pairs.clear();\n            else\n                pairs.removeAll(pairWithLayers);\n\n            for (slash.navigation.mapview.mapsforge.PairWithLayer pairWithLayer : pairWithLayers)\n                pairWithLayer.setDistanceAndTime(null);\n\n            java.util.List\u003cslash.navigation.mapview.mapsforge.Layer\u003e remove \u003d toLayers(pairWithLayers);\n            removeLayers(remove);\n        }\n\n        private void fireDistanceAndTime() {\n            java.util.Map\u003cjava.lang.Integer, slash.navigation.mapview.mapsforge.DistanceAndTime\u003e indexToDistanceAndTime \u003d new java.util.HashMap(pairs.size());\n            for (int i \u003d 0; i \u003c (pairs.size()); i++) {\n                slash.navigation.mapview.mapsforge.PairWithLayer pairWithLayer \u003d pairs.get(i);\n                indexToDistanceAndTime.put((i + 1), pairWithLayer.getDistanceAndTime());\n            }\n            fireCalculatedDistances(slash.navigation.mapview.mapsforge.DistanceAndTimeAggregator.add(indexToDistanceAndTime));\n        }\n    });\n    this.trackUpdater \u003d new slash.navigation.mapview.mapsforge.TrackUpdater(positionsModel, new slash.navigation.mapview.mapsforge.TrackOperation() {\n        public void add(java.util.List\u003cslash.navigation.mapview.mapsforge.PairWithLayer\u003e pairWithLayers) {\n            internalAdd(pairWithLayers);\n        }\n\n        public void update(java.util.List\u003cslash.navigation.mapview.mapsforge.PairWithLayer\u003e pairWithLayers) {\n            java.util.List\u003cslash.navigation.mapview.mapsforge.Layer\u003e remove \u003d toLayers(pairWithLayers);\n            removeLayers(remove);\n            internalAdd(pairWithLayers);\n            selectionUpdater.updatedPositions(toPositions2(pairWithLayers));\n        }\n\n        public void remove(java.util.List\u003cslash.navigation.mapview.mapsforge.PairWithLayer\u003e pairWithLayers) {\n            removeObjectWithLayers(pairWithLayers);\n            selectionUpdater.removedPositions(toPositions2(pairWithLayers));\n        }\n\n        private void internalAdd(java.util.List\u003cslash.navigation.mapview.mapsforge.PairWithLayer\u003e pairWithLayers) {\n            java.awt.Paint paint \u003d slash.navigation.mapview.mapsforge.AwtGraphicMapView.GRAPHIC_FACTORY.createPaint();\n            paint.setColor(asRGBA(trackColorModel));\n            paint.setStrokeWidth(slash.navigation.mapview.mapsforge.MapsforgeMapView.preferences.getInt(slash.navigation.mapview.MapViewConstants.TRACK_LINE_WIDTH_PREFERENCE, 2));\n            int tileSize \u003d getTileSize();\n            java.util.List\u003cslash.navigation.mapview.mapsforge.PairWithLayer\u003e withLayers \u003d new java.util.ArrayList\u003c\u003e();\n            for (slash.navigation.mapview.mapsforge.PairWithLayer pair : pairWithLayers) {\n                if (!(pair.hasCoordinates()))\n                    continue;\n\n                slash.navigation.mapview.mapsforge.lines.Line line \u003d new slash.navigation.mapview.mapsforge.lines.Line(asLatLong(pair.getFirst()), asLatLong(pair.getSecond()), paint, tileSize);\n                pair.setLayer(line);\n                withLayers.add(pair);\n            }\n            addLayers(withLayers);\n        }\n    });\n    this.waypointUpdater \u003d new slash.navigation.mapview.mapsforge.WaypointUpdater(positionsModel, new slash.navigation.mapview.mapsforge.WaypointOperation() {\n        private org.mapsforge.map.layer.overlay.Marker createMarker(slash.navigation.mapview.mapsforge.PositionWithLayer positionWithLayer) {\n            return new org.mapsforge.map.layer.overlay.Marker(asLatLong(positionWithLayer.getPosition()), createWaypointIcon(), 0, 0);\n        }\n\n        public void add(java.util.List\u003cslash.navigation.mapview.mapsforge.PositionWithLayer\u003e positionWithLayers) {\n            java.util.List\u003cslash.navigation.mapview.mapsforge.PositionWithLayer\u003e withLayers \u003d new java.util.ArrayList\u003c\u003e();\n            for (slash.navigation.mapview.mapsforge.PositionWithLayer positionWithLayer : positionWithLayers) {\n                if (!(positionWithLayer.hasCoordinates()))\n                    return;\n\n                org.mapsforge.map.layer.overlay.Marker marker \u003d createMarker(positionWithLayer);\n                positionWithLayer.setLayer(marker);\n                withLayers.add(positionWithLayer);\n            }\n            addLayers(withLayers);\n        }\n\n        public void update(final java.util.List\u003cslash.navigation.mapview.mapsforge.PositionWithLayer\u003e positionWithLayers) {\n            java.util.List\u003cslash.navigation.mapview.mapsforge.Layer\u003e remove \u003d toLayers(positionWithLayers);\n            removeLayers(remove);\n            add(positionWithLayers);\n            selectionUpdater.updatedPositions(toPositions(positionWithLayers));\n        }\n\n        public void remove(java.util.List\u003cslash.navigation.mapview.mapsforge.PositionWithLayer\u003e positionWithLayers) {\n            java.util.List\u003cslash.navigation.mapview.mapsforge.NavigationPosition\u003e removed \u003d toPositions(positionWithLayers);\n            removeObjectWithLayers(positionWithLayers);\n            selectionUpdater.removedPositions(removed);\n        }\n    });\n    this.updateDecoupler \u003d new slash.navigation.mapview.mapsforge.MapsforgeMapView.UpdateDecoupler();\n    positionsModel.addTableModelListener(positionsModelListener);\n    characteristicsModel.addListDataListener(characteristicsModelListener);\n    showCoordinates.addChangeListener(showCoordinatesListener);\n    getFixMapModeModel().addChangeListener(repaintPositionListListener);\n    routeColorModel.addChangeListener(repaintPositionListListener);\n    trackColorModel.addChangeListener(repaintPositionListListener);\n    waypointColorModel.addChangeListener(repaintPositionListListener);\n    unitSystemModel.addChangeListener(unitSystemListener);\n    getShowShadedHills().addChangeListener(shadedHillsListener);\n    initializeActions();\n    initializeMapView();\n    routeRenderer \u003d new slash.navigation.mapview.mapsforge.renderer.RouteRenderer(this, this.mapViewCallback, routeColorModel, slash.navigation.mapview.mapsforge.AwtGraphicMapView.GRAPHIC_FACTORY);\n}",
                "dst_parent": "null"
              },
              "line": 208,
              "file": "/home/khesoem/projects/lighter/exp/mapsforge-mapview/src/main/java/slash/navigation/mapview/mapsforge/MapsforgeMapView.java",
              "stats": {
                "number_of_src_entities": 17,
                "number_of_dst_entities": -1,
                "src_entity_types": "[slash.navigation.gui.models.BooleanModel, slash.navigation.mapview.mapsforge.MapsforgeMapView]",
                "dst_entity_types": "[]"
              }
            }
          ]
        }
      ]
    },
    {
      "revision": "718082120f7b46ffd1507274c0acfcbcbb494317",
      "repairability": [
        {
          "tool-name": "JKali",
          "pattern-name": "JKali:del",
          "Unified_Diff_of-files:": "Starts Below...",
          "INSERT:": "",
          "instance_detail": [
            {
              "pattern_action": "DEL",
              "pattern_entity": {
                "entity_type": "*",
                "entity_new value": "*",
                "entity_role": "Statement",
                "entity_parent": "null"
              },
              "concrete_change": {
                "operator": "DEL",
                "src_type": "Assignment",
                "dst_type": "null",
                "src": "this.showAllPositionsAfterLoading \u003d showAllPositionsAfterLoading",
                "dst": "null",
                "src_parent_type": "Block",
                "dst_parent_type": "null",
                "src_parent": "{\n    this.mapViewCallback \u003d ((slash.navigation.mapview.browser.MapViewCallbackGoogle) (mapViewCallback));\n    this.positionsModel \u003d positionsModel;\n    this.positionsSelectionModel \u003d positionsSelectionModel;\n    this.characteristicsModel \u003d characteristicsModel;\n    this.showAllPositionsAfterLoading \u003d showAllPositionsAfterLoading;\n    this.recenterAfterZooming \u003d recenterAfterZooming;\n    this.showCoordinates \u003d showCoordinates;\n    this.showWaypointDescription \u003d showWaypointDescription;\n    this.routeColorModel \u003d aRouteColorModel;\n    this.trackColorModel \u003d aTrackColorModel;\n    this.unitSystemModel \u003d unitSystemModel;\n    initializeBrowser();\n    positionsModel.addTableModelListener(positionsModelListener);\n    characteristicsModel.addListDataListener(characteristicsModelListener);\n    showCoordinates.addChangeListener(showCoordinatesListener);\n    showWaypointDescription.addChangeListener(showWaypointDescriptionListener);\n    getFixMapModeModel().addChangeListener(repaintPositionListListener);\n    routeColorModel.addChangeListener(repaintPositionListListener);\n    trackColorModel.addChangeListener(repaintPositionListListener);\n    unitSystemModel.addChangeListener(unitSystemListener);\n    getGoogleMapsServerModel().addChangeListener(googleMapsServerListener);\n    positionReducer \u003d new slash.navigation.mapview.browser.PositionReducer(new slash.navigation.mapview.browser.PositionReducer.Callback() {\n        public int getZoom() {\n            return slash.navigation.mapview.browser.BrowserMapView.this.getZoom();\n        }\n\n        public slash.navigation.mapview.browser.NavigationPosition getNorthEastBounds() {\n            return slash.navigation.mapview.browser.BrowserMapView.this.getNorthEastBounds();\n        }\n\n        public slash.navigation.mapview.browser.NavigationPosition getSouthWestBounds() {\n            return slash.navigation.mapview.browser.BrowserMapView.this.getSouthWestBounds();\n        }\n    });\n}",
                "dst_parent": "null"
              },
              "line": 167,
              "file": "/home/khesoem/projects/lighter/exp/browser-mapview/src/main/java/slash/navigation/mapview/browser/BrowserMapView.java",
              "stats": {
                "number_of_src_entities": 17,
                "number_of_dst_entities": -1,
                "src_entity_types": "[slash.navigation.mapview.browser.BrowserMapView, slash.navigation.gui.models.BooleanModel]",
                "dst_entity_types": "[]"
              }
            }
          ]
        },
        {
          "tool-name": "JKali",
          "pattern-name": "JKali:del",
          "Unified_Diff_of-files:": "Starts Below...",
          "INSERT:": "",
          "instance_detail": [
            {
              "pattern_action": "DEL",
              "pattern_entity": {
                "entity_type": "*",
                "entity_new value": "*",
                "entity_role": "Statement",
                "entity_parent": "null"
              },
              "concrete_change": {
                "operator": "DEL",
                "src_type": "Assignment",
                "dst_type": "null",
                "src": "this.recenterAfterZooming \u003d recenterAfterZooming",
                "dst": "null",
                "src_parent_type": "Block",
                "dst_parent_type": "null",
                "src_parent": "{\n    this.mapViewCallback \u003d ((slash.navigation.mapview.browser.MapViewCallbackGoogle) (mapViewCallback));\n    this.positionsModel \u003d positionsModel;\n    this.positionsSelectionModel \u003d positionsSelectionModel;\n    this.characteristicsModel \u003d characteristicsModel;\n    this.showAllPositionsAfterLoading \u003d showAllPositionsAfterLoading;\n    this.recenterAfterZooming \u003d recenterAfterZooming;\n    this.showCoordinates \u003d showCoordinates;\n    this.showWaypointDescription \u003d showWaypointDescription;\n    this.routeColorModel \u003d aRouteColorModel;\n    this.trackColorModel \u003d aTrackColorModel;\n    this.unitSystemModel \u003d unitSystemModel;\n    initializeBrowser();\n    positionsModel.addTableModelListener(positionsModelListener);\n    characteristicsModel.addListDataListener(characteristicsModelListener);\n    showCoordinates.addChangeListener(showCoordinatesListener);\n    showWaypointDescription.addChangeListener(showWaypointDescriptionListener);\n    getFixMapModeModel().addChangeListener(repaintPositionListListener);\n    routeColorModel.addChangeListener(repaintPositionListListener);\n    trackColorModel.addChangeListener(repaintPositionListListener);\n    unitSystemModel.addChangeListener(unitSystemListener);\n    getGoogleMapsServerModel().addChangeListener(googleMapsServerListener);\n    positionReducer \u003d new slash.navigation.mapview.browser.PositionReducer(new slash.navigation.mapview.browser.PositionReducer.Callback() {\n        public int getZoom() {\n            return slash.navigation.mapview.browser.BrowserMapView.this.getZoom();\n        }\n\n        public slash.navigation.mapview.browser.NavigationPosition getNorthEastBounds() {\n            return slash.navigation.mapview.browser.BrowserMapView.this.getNorthEastBounds();\n        }\n\n        public slash.navigation.mapview.browser.NavigationPosition getSouthWestBounds() {\n            return slash.navigation.mapview.browser.BrowserMapView.this.getSouthWestBounds();\n        }\n    });\n}",
                "dst_parent": "null"
              },
              "line": 168,
              "file": "/home/khesoem/projects/lighter/exp/browser-mapview/src/main/java/slash/navigation/mapview/browser/BrowserMapView.java",
              "stats": {
                "number_of_src_entities": 17,
                "number_of_dst_entities": -1,
                "src_entity_types": "[slash.navigation.mapview.browser.BrowserMapView, slash.navigation.gui.models.BooleanModel]",
                "dst_entity_types": "[]"
              }
            }
          ]
        }
      ]
    }
  ],
  "complete_analysis": true
}