{
  "instances": [
    {
      "revision": "416f0c7c697edf3235100cb69e3412cead97ac91",
      "repairability": [
        {
          "tool-name": "JKali",
          "pattern-name": "JKali:add_rtrn",
          "Unified_Diff_of-files:": "Starts Below...",
          "CHANGE_old:": "            showMessageDialog(null, \"Java \" + currentVersion + \" contains a fatal bug in JavaFX on Windows. Please install Java 8 Update 181 or Java 10.\", \"RouteConverter\", ERROR_MESSAGE);",
          "CHANGE_new:": "            showMessageDialog(null, \"Java \" + currentVersion + \" contains a fatal bug in JavaFX on Windows. Please install Java 8 Update 181 or Java 11.\", \"RouteConverter\", ERROR_MESSAGE);",
          "INSERT:": "    }",
          "instance_detail": [
            {
              "pattern_action": "INS",
              "pattern_entity": {
                "entity_type": "Return",
                "entity_new value": "*",
                "entity_role": "Statement",
                "entity_parent": "null"
              },
              "concrete_change": {
                "operator": "INS",
                "src_type": "Return",
                "dst_type": "null",
                "src": "return slash.common.system.Platform.isJavaLaterThan(java.lang.System.getProperty(\"java.version\"), 15)",
                "dst": "null",
                "src_parent_type": "Block",
                "dst_parent_type": "null",
                "src_parent": "{\n    return slash.common.system.Platform.isJavaLaterThan(java.lang.System.getProperty(\"java.version\"), 15);\n}",
                "dst_parent": "null"
              },
              "line": 68,
              "file": "/home/khesoem/projects/lighter/exp/common/src/main/java/slash/common/system/Platform.java"
            }
          ]
        }
      ]
    }
  ],
  "complete_analysis": true
}