{
  "instances": [
    {
      "revision": "4b3aaf5170d98e8d3345b70d0be64bcbe696da07",
      "repairability": [
        {
          "tool-name": "JKali",
          "pattern-name": "JKali:add_rtrn",
          "Unified_Diff_of-files:": "Starts Below...",
          "INSERT:": "",
          "instance_detail": [
            {
              "pattern_action": "INS",
              "pattern_entity": {
                "entity_type": "Return",
                "entity_new value": "*",
                "entity_role": "Statement",
                "entity_parent": "null"
              },
              "concrete_change": {
                "operator": "INS",
                "src_type": "Return",
                "dst_type": "null",
                "src": "return com.github.underscore.U.toCardinalityMap(iterable)",
                "dst": "null",
                "src_parent_type": "Block",
                "dst_parent_type": "null",
                "src_parent": "{\n    return com.github.underscore.U.toCardinalityMap(iterable);\n}",
                "dst_parent": "null"
              },
              "line": 996,
              "file": "/home/khesoem/projects/lighter/exp/src/main/java/com/github/underscore/U.java"
            }
          ]
        },
        {
          "tool-name": "JKali",
          "pattern-name": "JKali:add_rtrn",
          "Unified_Diff_of-files:": "Starts Below...",
          "INSERT:": "",
          "instance_detail": [
            {
              "pattern_action": "INS",
              "pattern_entity": {
                "entity_type": "Return",
                "entity_new value": "*",
                "entity_role": "Statement",
                "entity_parent": "null"
              },
              "concrete_change": {
                "operator": "INS",
                "src_type": "Return",
                "dst_type": "null",
                "src": "return result",
                "dst": "null",
                "src_parent_type": "Block",
                "dst_parent_type": "null",
                "src_parent": "{\n    java.util.Iterator\u003cK\u003e iterator \u003d iterable.iterator();\n    java.util.Map\u003cK, java.lang.Integer\u003e result \u003d com.github.underscore.U.newLinkedHashMap();\n    while (iterator.hasNext()) {\n        K item \u003d iterator.next();\n        if (result.containsKey(item)) {\n            result.put(item, ((result.get(item)) + 1));\n        } else {\n            result.put(item, 1);\n        }\n    } \n    return result;\n}",
                "dst_parent": "null"
              },
              "line": 1012,
              "file": "/home/khesoem/projects/lighter/exp/src/main/java/com/github/underscore/U.java"
            }
          ]
        }
      ]
    }
  ],
  "complete_analysis": true
}