{
  "instances": [
    {
      "revision": "107a63f9edf974723154223c187777ca61b79ec2",
      "repairability": [
        {
          "tool-name": "JKali",
          "pattern-name": "JKali:del",
          "Unified_Diff_of-files:": "Starts Below...",
          "INSERT:": "            }",
          "DELETE:": "                    elems.add(new XmlStringBuilderWithoutHeader(ident).append(escape(value)));",
          "CHANGE_old:": "                if (!textFound) {",
          "CHANGE_new:": "                if (textElems.isEmpty()) {",
          "instance_detail": [
            {
              "pattern_action": "DEL",
              "pattern_entity": {
                "entity_type": "*",
                "entity_new value": "*",
                "entity_role": "Statement",
                "entity_parent": "null"
              },
              "concrete_change": {
                "operator": "DEL",
                "src_type": "Assignment",
                "dst_type": "null",
                "src": "textFound \u003d true",
                "dst": "null",
                "src_parent_type": "Block",
                "dst_parent_type": "null",
                "src_parent": "{\n    if (elems.isEmpty()) {\n        textFoundSave \u003d true;\n    }\n    textFound \u003d true;\n    final java.lang.String value;\n    if ((entry.getValue()) instanceof java.util.List) {\n        value \u003d com.github.underscore.lodash.U.join(com.github.underscore.lodash.U, ((java.util.List) (entry.getValue())), \"\");\n    } else {\n        value \u003d ((java.lang.String) (entry.getValue()));\n    }\n    elems.add(new com.github.underscore.lodash.U.XmlStringBuilderWithoutHeader(ident).append(escape(value)));\n}",
                "dst_parent": "null"
              },
              "line": 2073,
              "file": "/home/khesoem/projects/lighter/exp/src/main/java/com/github/underscore/lodash/U.java",
              "stats": {
                "number_of_src_entities": 7,
                "number_of_dst_entities": -1,
                "src_entity_types": "[boolean]",
                "dst_entity_types": "[]"
              }
            }
          ]
        },
        {
          "tool-name": "JKali",
          "pattern-name": "JKali:del",
          "Unified_Diff_of-files:": "Starts Below...",
          "INSERT:": "            }",
          "DELETE:": "                    elems.add(new XmlStringBuilderWithoutHeader(ident).append(escape(value)));",
          "CHANGE_old:": "                if (!textFound) {",
          "CHANGE_new:": "                if (textElems.isEmpty()) {",
          "instance_detail": [
            {
              "pattern_action": "DEL",
              "pattern_entity": {
                "entity_type": "*",
                "entity_new value": "*",
                "entity_role": "Statement",
                "entity_parent": "null"
              },
              "concrete_change": {
                "operator": "DEL",
                "src_type": "Wra",
                "dst_type": "null",
                "src": "final",
                "dst": "null",
                "src_parent_type": "LocalVariable",
                "dst_parent_type": "null",
                "src_parent": "final java.lang.String value",
                "dst_parent": "null"
              }
            }
          ]
        },
        {
          "tool-name": "JKali",
          "pattern-name": "JKali:del",
          "Unified_Diff_of-files:": "Starts Below...",
          "INSERT:": "            }",
          "DELETE:": "                    elems.add(new XmlStringBuilderWithoutHeader(ident).append(escape(value)));",
          "CHANGE_old:": "                if (!textFound) {",
          "CHANGE_new:": "                if (textElems.isEmpty()) {",
          "instance_detail": [
            {
              "pattern_action": "DEL",
              "pattern_entity": {
                "entity_type": "*",
                "entity_new value": "*",
                "entity_role": "Statement",
                "entity_parent": "null"
              },
              "concrete_change": {
                "operator": "DEL",
                "src_type": "VirtualEle",
                "dst_type": "null",
                "src": "VE: Modifiers_LocalVariable",
                "dst": "null",
                "src_parent_type": "LocalVariable",
                "dst_parent_type": "null",
                "src_parent": "final java.lang.String value",
                "dst_parent": "null"
              }
            }
          ]
        },
        {
          "tool-name": "JKali",
          "pattern-name": "JKali:del",
          "Unified_Diff_of-files:": "Starts Below...",
          "INSERT:": "            }",
          "DELETE:": "                    elems.add(new XmlStringBuilderWithoutHeader(ident).append(escape(value)));",
          "CHANGE_old:": "                if (!textFound) {",
          "CHANGE_new:": "                if (textElems.isEmpty()) {",
          "instance_detail": [
            {
              "pattern_action": "DEL",
              "pattern_entity": {
                "entity_type": "*",
                "entity_new value": "*",
                "entity_role": "Statement",
                "entity_parent": "null"
              },
              "concrete_change": {
                "operator": "DEL",
                "src_type": "LocalVariable",
                "dst_type": "null",
                "src": "final java.lang.String value",
                "dst": "null",
                "src_parent_type": "Block",
                "dst_parent_type": "null",
                "src_parent": "{\n    if (elems.isEmpty()) {\n        textFoundSave \u003d true;\n    }\n    textFound \u003d true;\n    final java.lang.String value;\n    if ((entry.getValue()) instanceof java.util.List) {\n        value \u003d com.github.underscore.lodash.U.join(com.github.underscore.lodash.U, ((java.util.List) (entry.getValue())), \"\");\n    } else {\n        value \u003d ((java.lang.String) (entry.getValue()));\n    }\n    elems.add(new com.github.underscore.lodash.U.XmlStringBuilderWithoutHeader(ident).append(escape(value)));\n}",
                "dst_parent": "null"
              },
              "line": 2074,
              "file": "/home/khesoem/projects/lighter/exp/src/main/java/com/github/underscore/lodash/U.java",
              "stats": {
                "number_of_src_entities": 3,
                "number_of_dst_entities": -1,
                "src_entity_types": "[java.lang.String]",
                "dst_entity_types": "[]"
              }
            }
          ]
        },
        {
          "tool-name": "JKali",
          "pattern-name": "JKali:del",
          "Unified_Diff_of-files:": "Starts Below...",
          "INSERT:": "            }",
          "DELETE:": "                    elems.add(new XmlStringBuilderWithoutHeader(ident).append(escape(value)));",
          "CHANGE_old:": "                if (!textFound) {",
          "CHANGE_new:": "                if (textElems.isEmpty()) {",
          "instance_detail": [
            {
              "pattern_action": "DEL",
              "pattern_entity": {
                "entity_type": "*",
                "entity_new value": "*",
                "entity_role": "Statement",
                "entity_parent": "null"
              },
              "concrete_change": {
                "operator": "DEL",
                "src_type": "Assignment",
                "dst_type": "null",
                "src": "value \u003d com.github.underscore.lodash.U.join(com.github.underscore.lodash.U, ((java.util.List) (entry.getValue())), \"\")",
                "dst": "null",
                "src_parent_type": "Block",
                "dst_parent_type": "null",
                "src_parent": "{\n    value \u003d com.github.underscore.lodash.U.join(com.github.underscore.lodash.U, ((java.util.List) (entry.getValue())), \"\");\n}",
                "dst_parent": "null"
              },
              "line": 2076,
              "file": "/home/khesoem/projects/lighter/exp/src/main/java/com/github/underscore/lodash/U.java"
            }
          ]
        },
        {
          "tool-name": "JKali",
          "pattern-name": "JKali:del",
          "Unified_Diff_of-files:": "Starts Below...",
          "INSERT:": "            }",
          "DELETE:": "                    elems.add(new XmlStringBuilderWithoutHeader(ident).append(escape(value)));",
          "CHANGE_old:": "                if (!textFound) {",
          "CHANGE_new:": "                if (textElems.isEmpty()) {",
          "instance_detail": [
            {
              "pattern_action": "DEL",
              "pattern_entity": {
                "entity_type": "*",
                "entity_new value": "*",
                "entity_role": "Statement",
                "entity_parent": "null"
              },
              "concrete_change": {
                "operator": "DEL",
                "src_type": "Assignment",
                "dst_type": "null",
                "src": "value \u003d ((java.lang.String) (entry.getValue()))",
                "dst": "null",
                "src_parent_type": "Block",
                "dst_parent_type": "null",
                "src_parent": "{\n    value \u003d ((java.lang.String) (entry.getValue()));\n}",
                "dst_parent": "null"
              },
              "line": 2078,
              "file": "/home/khesoem/projects/lighter/exp/src/main/java/com/github/underscore/lodash/U.java"
            }
          ]
        },
        {
          "tool-name": "JKali",
          "pattern-name": "JKali:del",
          "Unified_Diff_of-files:": "Starts Below...",
          "INSERT:": "            }",
          "DELETE:": "                    elems.add(new XmlStringBuilderWithoutHeader(ident).append(escape(value)));",
          "CHANGE_old:": "                if (!textFound) {",
          "CHANGE_new:": "                if (textElems.isEmpty()) {",
          "instance_detail": [
            {
              "pattern_action": "DEL",
              "pattern_entity": {
                "entity_type": "*",
                "entity_new value": "*",
                "entity_role": "Statement",
                "entity_parent": "null"
              },
              "concrete_change": {
                "operator": "DEL",
                "src_type": "If",
                "dst_type": "null",
                "src": "if ((entry.getValue()) instanceof java.util.List) {\n    value \u003d com.github.underscore.lodash.U.join(com.github.underscore.lodash.U, ((java.util.List) (entry.getValue())), \"\");\n} else {\n    value \u003d ((java.lang.String) (entry.getValue()));\n}",
                "dst": "null",
                "src_parent_type": "Block",
                "dst_parent_type": "null",
                "src_parent": "{\n    if (elems.isEmpty()) {\n        textFoundSave \u003d true;\n    }\n    textFound \u003d true;\n    final java.lang.String value;\n    if ((entry.getValue()) instanceof java.util.List) {\n        value \u003d com.github.underscore.lodash.U.join(com.github.underscore.lodash.U, ((java.util.List) (entry.getValue())), \"\");\n    } else {\n        value \u003d ((java.lang.String) (entry.getValue()));\n    }\n    elems.add(new com.github.underscore.lodash.U.XmlStringBuilderWithoutHeader(ident).append(escape(value)));\n}",
                "dst_parent": "null"
              },
              "line": 2075,
              "file": "/home/khesoem/projects/lighter/exp/src/main/java/com/github/underscore/lodash/U.java",
              "stats": {
                "number_of_src_entities": 81,
                "number_of_dst_entities": -1,
                "src_entity_types": "[boolean, java.util.Map.Entry, com.github.underscore.lodash.U, java.lang.String, java.util.List, java.util.Map]",
                "dst_entity_types": "[]"
              }
            }
          ]
        },
        {
          "tool-name": "JKali",
          "pattern-name": "JKali:del",
          "Unified_Diff_of-files:": "Starts Below...",
          "INSERT:": "            }",
          "DELETE:": "                    elems.add(new XmlStringBuilderWithoutHeader(ident).append(escape(value)));",
          "CHANGE_old:": "                if (!textFound) {",
          "CHANGE_new:": "                if (textElems.isEmpty()) {",
          "instance_detail": [
            {
              "pattern_action": "DEL",
              "pattern_entity": {
                "entity_type": "*",
                "entity_new value": "*",
                "entity_role": "Statement",
                "entity_parent": "null"
              },
              "concrete_change": {
                "operator": "DEL",
                "src_type": "Assignment",
                "dst_type": "null",
                "src": "textFound \u003d false",
                "dst": "null",
                "src_parent_type": "Block",
                "dst_parent_type": "null",
                "src_parent": "{\n    com.github.underscore.lodash.U.XmlStringBuilder localBuilder \u003d new com.github.underscore.lodash.U.XmlStringBuilderWithoutHeader(ident);\n    com.github.underscore.lodash.U.XmlValue.writeXml(entry.getValue(), com.github.underscore.lodash.U.XmlValue.escapeName(java.lang.String.valueOf(entry.getKey())), localBuilder, textFound);\n    textFound \u003d false;\n    if ((index \u003c ((entries.size()) - 1)) \u0026\u0026 (!(\"#text\".equals(java.lang.String.valueOf(entries.get((index + 1)).getKey()))))) {\n        localBuilder.newLine();\n    }\n    elems.add(localBuilder);\n}",
                "dst_parent": "null"
              },
              "line": 2097,
              "file": "/home/khesoem/projects/lighter/exp/src/main/java/com/github/underscore/lodash/U.java",
              "stats": {
                "number_of_src_entities": 7,
                "number_of_dst_entities": -1,
                "src_entity_types": "[boolean]",
                "dst_entity_types": "[]"
              }
            }
          ]
        }
      ]
    }
  ],
  "complete_analysis": true
}