{
  "instances": [
    {
      "revision": "2862908cdb5568c279916a689b381963f1a220ac",
      "repairability": [
        {
          "tool-name": "JKali",
          "pattern-name": "JKali:add_rtrn",
          "Unified_Diff_of-files:": "Starts Below...",
          "INSERT:": "",
          "instance_detail": [
            {
              "pattern_action": "INS",
              "pattern_entity": {
                "entity_type": "Return",
                "entity_new value": "*",
                "entity_role": "Statement",
                "entity_parent": "null"
              },
              "concrete_change": {
                "operator": "INS",
                "src_type": "Return",
                "dst_type": "null",
                "src": "return new com.github.underscore.lodash.$.Chain\u003cT\u003e(com.github.underscore.lodash.$.compact(com.github.underscore.lodash.$.Chain.value()))",
                "dst": "null",
                "src_parent_type": "Block",
                "dst_parent_type": "null",
                "src_parent": "{\n    return new com.github.underscore.lodash.$.Chain\u003cT\u003e(com.github.underscore.lodash.$.compact(com.github.underscore.lodash.$.Chain.value()));\n}",
                "dst_parent": "null"
              },
              "line": 122,
              "file": "/home/khesoem/projects/lighter/exp/lodash-plugin/src/main/java/com/github/underscore/lodash/$.java"
            }
          ]
        },
        {
          "tool-name": "JKali",
          "pattern-name": "JKali:add_rtrn",
          "Unified_Diff_of-files:": "Starts Below...",
          "INSERT:": "",
          "instance_detail": [
            {
              "pattern_action": "INS",
              "pattern_entity": {
                "entity_type": "Return",
                "entity_new value": "*",
                "entity_role": "Statement",
                "entity_parent": "null"
              },
              "concrete_change": {
                "operator": "INS",
                "src_type": "Return",
                "dst_type": "null",
                "src": "return new com.github.underscore.lodash.$.Chain\u003cT\u003e(com.github.underscore.lodash.$.compact(com.github.underscore.lodash.$.Chain.value(), falsyValue))",
                "dst": "null",
                "src_parent_type": "Block",
                "dst_parent_type": "null",
                "src_parent": "{\n    return new com.github.underscore.lodash.$.Chain\u003cT\u003e(com.github.underscore.lodash.$.compact(com.github.underscore.lodash.$.Chain.value(), falsyValue));\n}",
                "dst_parent": "null"
              },
              "line": 126,
              "file": "/home/khesoem/projects/lighter/exp/lodash-plugin/src/main/java/com/github/underscore/lodash/$.java"
            }
          ]
        }
      ]
    },
    {
      "revision": "2862908cdb5568c279916a689b381963f1a220ac",
      "repairability": [
        {
          "tool-name": "JKali",
          "pattern-name": "JKali:add_rtrn",
          "Unified_Diff_of-files:": "Starts Below...",
          "INSERT:": "",
          "instance_detail": [
            {
              "pattern_action": "INS",
              "pattern_entity": {
                "entity_type": "Return",
                "entity_new value": "*",
                "entity_role": "Statement",
                "entity_parent": "null"
              },
              "concrete_change": {
                "operator": "INS",
                "src_type": "Return",
                "dst_type": "null",
                "src": "return new com.github.underscore.string.$.Chain\u003cT\u003e(com.github.underscore.string.$.compact(com.github.underscore.string.$.Chain.value()))",
                "dst": "null",
                "src_parent_type": "Block",
                "dst_parent_type": "null",
                "src_parent": "{\n    return new com.github.underscore.string.$.Chain\u003cT\u003e(com.github.underscore.string.$.compact(com.github.underscore.string.$.Chain.value()));\n}",
                "dst_parent": "null"
              },
              "line": 122,
              "file": "/home/khesoem/projects/lighter/exp/string-plugin/src/main/java/com/github/underscore/string/$.java"
            }
          ]
        },
        {
          "tool-name": "JKali",
          "pattern-name": "JKali:add_rtrn",
          "Unified_Diff_of-files:": "Starts Below...",
          "INSERT:": "",
          "instance_detail": [
            {
              "pattern_action": "INS",
              "pattern_entity": {
                "entity_type": "Return",
                "entity_new value": "*",
                "entity_role": "Statement",
                "entity_parent": "null"
              },
              "concrete_change": {
                "operator": "INS",
                "src_type": "Return",
                "dst_type": "null",
                "src": "return new com.github.underscore.string.$.Chain\u003cT\u003e(com.github.underscore.string.$.compact(com.github.underscore.string.$.Chain.value(), falsyValue))",
                "dst": "null",
                "src_parent_type": "Block",
                "dst_parent_type": "null",
                "src_parent": "{\n    return new com.github.underscore.string.$.Chain\u003cT\u003e(com.github.underscore.string.$.compact(com.github.underscore.string.$.Chain.value(), falsyValue));\n}",
                "dst_parent": "null"
              },
              "line": 126,
              "file": "/home/khesoem/projects/lighter/exp/string-plugin/src/main/java/com/github/underscore/string/$.java"
            }
          ]
        }
      ]
    },
    {
      "revision": "2862908cdb5568c279916a689b381963f1a220ac",
      "repairability": [
        {
          "tool-name": "JKali",
          "pattern-name": "JKali:add_rtrn",
          "Unified_Diff_of-files:": "Starts Below...",
          "INSERT:": "",
          "instance_detail": [
            {
              "pattern_action": "INS",
              "pattern_entity": {
                "entity_type": "Return",
                "entity_new value": "*",
                "entity_role": "Statement",
                "entity_parent": "null"
              },
              "concrete_change": {
                "operator": "INS",
                "src_type": "Return",
                "dst_type": "null",
                "src": "return new com.github.underscore.math.$.Chain\u003cT\u003e(com.github.underscore.math.$.compact(com.github.underscore.math.$.Chain.value()))",
                "dst": "null",
                "src_parent_type": "Block",
                "dst_parent_type": "null",
                "src_parent": "{\n    return new com.github.underscore.math.$.Chain\u003cT\u003e(com.github.underscore.math.$.compact(com.github.underscore.math.$.Chain.value()));\n}",
                "dst_parent": "null"
              },
              "line": 85,
              "file": "/home/khesoem/projects/lighter/exp/math-plugin/src/main/java/com/github/underscore/math/$.java"
            }
          ]
        },
        {
          "tool-name": "JKali",
          "pattern-name": "JKali:add_rtrn",
          "Unified_Diff_of-files:": "Starts Below...",
          "INSERT:": "",
          "instance_detail": [
            {
              "pattern_action": "INS",
              "pattern_entity": {
                "entity_type": "Return",
                "entity_new value": "*",
                "entity_role": "Statement",
                "entity_parent": "null"
              },
              "concrete_change": {
                "operator": "INS",
                "src_type": "Return",
                "dst_type": "null",
                "src": "return new com.github.underscore.math.$.Chain\u003cT\u003e(com.github.underscore.math.$.compact(com.github.underscore.math.$.Chain.value(), falsyValue))",
                "dst": "null",
                "src_parent_type": "Block",
                "dst_parent_type": "null",
                "src_parent": "{\n    return new com.github.underscore.math.$.Chain\u003cT\u003e(com.github.underscore.math.$.compact(com.github.underscore.math.$.Chain.value(), falsyValue));\n}",
                "dst_parent": "null"
              },
              "line": 89,
              "file": "/home/khesoem/projects/lighter/exp/math-plugin/src/main/java/com/github/underscore/math/$.java"
            }
          ]
        }
      ]
    },
    {
      "revision": "2862908cdb5568c279916a689b381963f1a220ac",
      "repairability": [
        {
          "tool-name": "JKali",
          "pattern-name": "JKali:add_rtrn",
          "Unified_Diff_of-files:": "Starts Below...",
          "INSERT:": "",
          "instance_detail": [
            {
              "pattern_action": "INS",
              "pattern_entity": {
                "entity_type": "Return",
                "entity_new value": "*",
                "entity_role": "Statement",
                "entity_parent": "null"
              },
              "concrete_change": {
                "operator": "INS",
                "src_type": "Return",
                "dst_type": "null",
                "src": "return new com.github.underscore.$.Chain\u003cT\u003e(com.github.underscore.$.compact(list))",
                "dst": "null",
                "src_parent_type": "Block",
                "dst_parent_type": "null",
                "src_parent": "{\n    return new com.github.underscore.$.Chain\u003cT\u003e(com.github.underscore.$.compact(list));\n}",
                "dst_parent": "null"
              },
              "line": 1778,
              "file": "/home/khesoem/projects/lighter/exp/src/main/java/com/github/underscore/$.java"
            }
          ]
        },
        {
          "tool-name": "JKali",
          "pattern-name": "JKali:add_rtrn",
          "Unified_Diff_of-files:": "Starts Below...",
          "INSERT:": "",
          "instance_detail": [
            {
              "pattern_action": "INS",
              "pattern_entity": {
                "entity_type": "Return",
                "entity_new value": "*",
                "entity_role": "Statement",
                "entity_parent": "null"
              },
              "concrete_change": {
                "operator": "INS",
                "src_type": "Return",
                "dst_type": "null",
                "src": "return new com.github.underscore.$.Chain\u003cT\u003e(com.github.underscore.$.compact(list, falsyValue))",
                "dst": "null",
                "src_parent_type": "Block",
                "dst_parent_type": "null",
                "src_parent": "{\n    return new com.github.underscore.$.Chain\u003cT\u003e(com.github.underscore.$.compact(list, falsyValue));\n}",
                "dst_parent": "null"
              },
              "line": 1782,
              "file": "/home/khesoem/projects/lighter/exp/src/main/java/com/github/underscore/$.java"
            }
          ]
        }
      ]
    }
  ],
  "complete_analysis": true
}