{
  "instances": [
    {
      "revision": "651f0412f715c07cbbcc6e1f6fa6479b4c56d5dc",
      "repairability": [
        {
          "tool-name": "JKali",
          "pattern-name": "JKali:add_rtrn",
          "Unified_Diff_of-files:": "Starts Below...",
          "INSERT:": "        }",
          "CHANGE_old:": "        return localChars.substring(0, leftLength) + string + localChars;",
          "CHANGE_new:": "        return localChars.substring(0, leftLength) + localString + localChars;",
          "instance_detail": [
            {
              "pattern_action": "INS",
              "pattern_entity": {
                "entity_type": "Return",
                "entity_new value": "*",
                "entity_role": "Statement",
                "entity_parent": "null"
              },
              "concrete_change": {
                "operator": "INS",
                "src_type": "Return",
                "dst_type": "null",
                "src": "return 0.0",
                "dst": "null",
                "src_parent_type": "Block",
                "dst_parent_type": "null",
                "src_parent": "{\n    return 0.0;\n}",
                "dst_parent": "null"
              },
              "line": 1006,
              "file": "/home/khesoem/projects/lighter/exp/src/main/java/com/github/underscore/lodash/U.java"
            }
          ]
        }
      ]
    }
  ],
  "complete_analysis": true
}