{
  "instances": [
    {
      "revision": "52f58f7e17225895bc270b91a48ef4d7f7929db0",
      "repairability": [
        {
          "tool-name": "JGenProg",
          "pattern-name": "JGenProg:any_statement_shallow",
          "Unified_Diff_of-files:": "Starts Below...",
          "INSERT:": "}",
          "DELETE:": "        super.write(schema, datum, out);",
          "CHANGE_old:": "",
          "CHANGE_new:": "                super.writeWithoutConversion(schema, datum.toString(), out);",
          "instance_detail": [
            {
              "pattern_action": "ANY",
              "pattern_entity": {
                "entity_type": "*",
                "entity_new value": "*",
                "entity_role": "Statement",
                "entity_parent": "null"
              },
              "concrete_change": {
                "operator": "DEL",
                "src_type": "LocalVariable",
                "dst_type": "null",
                "src": "java.lang.Number n \u003d ((java.lang.Number) (datum))",
                "dst": "null",
                "src_parent_type": "Block",
                "dst_parent_type": "null",
                "src_parent": "{\n    java.lang.Number n \u003d ((java.lang.Number) (datum));\n    switch (schema.getType()) {\n        case LONG :\n            super.write(schema, n.longValue(), out);\n            return;\n        case INT :\n            super.write(schema, n.intValue(), out);\n            return;\n        case FLOAT :\n            super.write(schema, n.floatValue(), out);\n            return;\n        case DOUBLE :\n            super.write(schema, n.doubleValue(), out);\n            return;\n        case STRING :\n            super.write(schema, datum.toString(), out);\n            return;\n        default :\n    }\n}",
                "dst_parent": "null"
              },
              "line": 105,
              "file": "/home/khesoem/projects/lighter/exp/avro/src/main/java/com/fasterxml/jackson/dataformat/avro/ser/NonBSGenericDatumWriter.java"
            }
          ]
        },
        {
          "tool-name": "JGenProg",
          "pattern-name": "JGenProg:any_statement_shallow",
          "Unified_Diff_of-files:": "Starts Below...",
          "INSERT:": "}",
          "DELETE:": "        super.write(schema, datum, out);",
          "CHANGE_old:": "",
          "CHANGE_new:": "                super.writeWithoutConversion(schema, datum.toString(), out);",
          "instance_detail": [
            {
              "pattern_action": "ANY",
              "pattern_entity": {
                "entity_type": "*",
                "entity_new value": "*",
                "entity_role": "Statement",
                "entity_parent": "null"
              },
              "concrete_change": {
                "operator": "DEL",
                "src_type": "Invocation",
                "dst_type": "null",
                "src": "super.write(schema, n.floatValue(), out)",
                "dst": "null",
                "src_parent_type": "Case",
                "dst_parent_type": "null",
                "src_parent": "case FLOAT :\n    super.write(schema, n.floatValue(), out);\n    return;",
                "dst_parent": "null"
              },
              "line": 114,
              "file": "/home/khesoem/projects/lighter/exp/avro/src/main/java/com/fasterxml/jackson/dataformat/avro/ser/NonBSGenericDatumWriter.java"
            }
          ]
        },
        {
          "tool-name": "JGenProg",
          "pattern-name": "JGenProg:any_statement_shallow",
          "Unified_Diff_of-files:": "Starts Below...",
          "INSERT:": "}",
          "DELETE:": "        super.write(schema, datum, out);",
          "CHANGE_old:": "",
          "CHANGE_new:": "                super.writeWithoutConversion(schema, datum.toString(), out);",
          "instance_detail": [
            {
              "pattern_action": "ANY",
              "pattern_entity": {
                "entity_type": "*",
                "entity_new value": "*",
                "entity_role": "Statement",
                "entity_parent": "null"
              },
              "concrete_change": {
                "operator": "DEL",
                "src_type": "Return",
                "dst_type": "null",
                "src": "return",
                "dst": "null",
                "src_parent_type": "Case",
                "dst_parent_type": "null",
                "src_parent": "case FLOAT :\n    super.write(schema, n.floatValue(), out);\n    return;",
                "dst_parent": "null"
              },
              "line": 115,
              "file": "/home/khesoem/projects/lighter/exp/avro/src/main/java/com/fasterxml/jackson/dataformat/avro/ser/NonBSGenericDatumWriter.java"
            }
          ]
        },
        {
          "tool-name": "JGenProg",
          "pattern-name": "JGenProg:any_statement_shallow",
          "Unified_Diff_of-files:": "Starts Below...",
          "INSERT:": "}",
          "DELETE:": "        super.write(schema, datum, out);",
          "CHANGE_old:": "",
          "CHANGE_new:": "                super.writeWithoutConversion(schema, datum.toString(), out);",
          "instance_detail": [
            {
              "pattern_action": "ANY",
              "pattern_entity": {
                "entity_type": "*",
                "entity_new value": "*",
                "entity_role": "Statement",
                "entity_parent": "null"
              },
              "concrete_change": {
                "operator": "DEL",
                "src_type": "Switch",
                "dst_type": "null",
                "src": "switch (schema.getType()) {\n    case LONG :\n        super.write(schema, n.longValue(), out);\n        return;\n    case INT :\n        super.write(schema, n.intValue(), out);\n        return;\n    case FLOAT :\n        super.write(schema, n.floatValue(), out);\n        return;\n    case DOUBLE :\n        super.write(schema, n.doubleValue(), out);\n        return;\n    case STRING :\n        super.write(schema, datum.toString(), out);\n        return;\n    default :\n}",
                "dst": "null",
                "src_parent_type": "Block",
                "dst_parent_type": "null",
                "src_parent": "{\n    java.lang.Number n \u003d ((java.lang.Number) (datum));\n    switch (schema.getType()) {\n        case LONG :\n            super.write(schema, n.longValue(), out);\n            return;\n        case INT :\n            super.write(schema, n.intValue(), out);\n            return;\n        case FLOAT :\n            super.write(schema, n.floatValue(), out);\n            return;\n        case DOUBLE :\n            super.write(schema, n.doubleValue(), out);\n            return;\n        case STRING :\n            super.write(schema, datum.toString(), out);\n            return;\n        default :\n    }\n}",
                "dst_parent": "null"
              },
              "line": 106,
              "file": "/home/khesoem/projects/lighter/exp/avro/src/main/java/com/fasterxml/jackson/dataformat/avro/ser/NonBSGenericDatumWriter.java"
            }
          ]
        },
        {
          "tool-name": "JGenProg",
          "pattern-name": "JGenProg:any_statement_shallow",
          "Unified_Diff_of-files:": "Starts Below...",
          "INSERT:": "}",
          "DELETE:": "        super.write(schema, datum, out);",
          "CHANGE_old:": "",
          "CHANGE_new:": "                super.writeWithoutConversion(schema, datum.toString(), out);",
          "instance_detail": [
            {
              "pattern_action": "ANY",
              "pattern_entity": {
                "entity_type": "*",
                "entity_new value": "*",
                "entity_role": "Statement",
                "entity_parent": "null"
              },
              "concrete_change": {
                "operator": "DEL",
                "src_type": "If",
                "dst_type": "null",
                "src": "if (datum instanceof java.lang.Number) {\n    java.lang.Number n \u003d ((java.lang.Number) (datum));\n    switch (schema.getType()) {\n        case LONG :\n            super.write(schema, n.longValue(), out);\n            return;\n        case INT :\n            super.write(schema, n.intValue(), out);\n            return;\n        case FLOAT :\n            super.write(schema, n.floatValue(), out);\n            return;\n        case DOUBLE :\n            super.write(schema, n.doubleValue(), out);\n            return;\n        case STRING :\n            super.write(schema, datum.toString(), out);\n            return;\n        default :\n    }\n}",
                "dst": "null",
                "src_parent_type": "Block",
                "dst_parent_type": "null",
                "src_parent": "{\n    if ((schema.getType()) \u003d\u003d (org.apache.avro.Schema.Type.ENUM)) {\n        super.write(schema, com.fasterxml.jackson.dataformat.avro.ser.NonBSGenericDatumWriter.GENERIC_DATA.createEnum(datum.toString(), schema), out);\n        return;\n    }\n    if (datum instanceof java.lang.String) {\n        java.lang.String str \u003d ((java.lang.String) (datum));\n        final int len \u003d str.length();\n        if (((schema.getType()) \u003d\u003d (org.apache.avro.Schema.Type.ARRAY)) \u0026\u0026 ((schema.getElementType().getType()) \u003d\u003d (org.apache.avro.Schema.Type.INT))) {\n            java.util.ArrayList\u003cjava.lang.Integer\u003e chars \u003d new java.util.ArrayList\u003c\u003e(len);\n            for (int i \u003d 0; i \u003c len; ++i) {\n                chars.add(((int) (str.charAt(i))));\n            }\n            super.write(schema, chars, out);\n            return;\n        }\n        if ((len \u003d\u003d 1) \u0026\u0026 ((schema.getType()) \u003d\u003d (org.apache.avro.Schema.Type.INT))) {\n            super.write(schema, ((int) (str.charAt(0))), out);\n            return;\n        }\n    }\n    if (datum instanceof java.lang.Number) {\n        java.lang.Number n \u003d ((java.lang.Number) (datum));\n        switch (schema.getType()) {\n            case LONG :\n                super.write(schema, n.longValue(), out);\n                return;\n            case INT :\n                super.write(schema, n.intValue(), out);\n                return;\n            case FLOAT :\n                super.write(schema, n.floatValue(), out);\n                return;\n            case DOUBLE :\n                super.write(schema, n.doubleValue(), out);\n                return;\n            case STRING :\n                super.write(schema, datum.toString(), out);\n                return;\n            default :\n        }\n    }\n    if ((((schema.getType()) \u003d\u003d (org.apache.avro.Schema.Type.STRING)) \u0026\u0026 (datum !\u003d null)) \u0026\u0026 ((datum.getClass().getAnnotation(org.apache.avro.reflect.Stringable.class)) !\u003d null)) {\n        super.write(schema, datum.toString(), out);\n        return;\n    }\n    super.write(schema, datum, out);\n}",
                "dst_parent": "null"
              },
              "line": 104,
              "file": "/home/khesoem/projects/lighter/exp/avro/src/main/java/com/fasterxml/jackson/dataformat/avro/ser/NonBSGenericDatumWriter.java",
              "stats": {
                "number_of_src_entities": 222,
                "number_of_dst_entities": -1,
                "src_entity_types": "[boolean, org.apache.avro.Schema, java.lang.Object, java.lang.Number, org.apache.avro.io.Encoder, org.apache.avro.generic.GenericDatumWriter\u003cD\u003e]",
                "dst_entity_types": "[]"
              }
            }
          ]
        },
        {
          "tool-name": "JGenProg",
          "pattern-name": "JGenProg:any_statement_shallow",
          "Unified_Diff_of-files:": "Starts Below...",
          "INSERT:": "}",
          "DELETE:": "        super.write(schema, datum, out);",
          "CHANGE_old:": "",
          "CHANGE_new:": "                super.writeWithoutConversion(schema, datum.toString(), out);",
          "instance_detail": [
            {
              "pattern_action": "ANY",
              "pattern_entity": {
                "entity_type": "*",
                "entity_new value": "*",
                "entity_role": "Statement",
                "entity_parent": "null"
              },
              "concrete_change": {
                "operator": "DEL",
                "src_type": "Invocation",
                "dst_type": "null",
                "src": "super.write(schema, datum.toString(), out)",
                "dst": "null",
                "src_parent_type": "Block",
                "dst_parent_type": "null",
                "src_parent": "{\n    super.write(schema, datum.toString(), out);\n    return;\n}",
                "dst_parent": "null"
              },
              "line": 127,
              "file": "/home/khesoem/projects/lighter/exp/avro/src/main/java/com/fasterxml/jackson/dataformat/avro/ser/NonBSGenericDatumWriter.java"
            }
          ]
        },
        {
          "tool-name": "JGenProg",
          "pattern-name": "JGenProg:any_statement_shallow",
          "Unified_Diff_of-files:": "Starts Below...",
          "INSERT:": "}",
          "DELETE:": "        super.write(schema, datum, out);",
          "CHANGE_old:": "",
          "CHANGE_new:": "                super.writeWithoutConversion(schema, datum.toString(), out);",
          "instance_detail": [
            {
              "pattern_action": "ANY",
              "pattern_entity": {
                "entity_type": "*",
                "entity_new value": "*",
                "entity_role": "Statement",
                "entity_parent": "null"
              },
              "concrete_change": {
                "operator": "DEL",
                "src_type": "Return",
                "dst_type": "null",
                "src": "return",
                "dst": "null",
                "src_parent_type": "Block",
                "dst_parent_type": "null",
                "src_parent": "{\n    super.write(schema, datum.toString(), out);\n    return;\n}",
                "dst_parent": "null"
              },
              "line": 128,
              "file": "/home/khesoem/projects/lighter/exp/avro/src/main/java/com/fasterxml/jackson/dataformat/avro/ser/NonBSGenericDatumWriter.java"
            }
          ]
        },
        {
          "tool-name": "JGenProg",
          "pattern-name": "JGenProg:any_statement_shallow",
          "Unified_Diff_of-files:": "Starts Below...",
          "INSERT:": "}",
          "DELETE:": "        super.write(schema, datum, out);",
          "CHANGE_old:": "",
          "CHANGE_new:": "                super.writeWithoutConversion(schema, datum.toString(), out);",
          "instance_detail": [
            {
              "pattern_action": "ANY",
              "pattern_entity": {
                "entity_type": "*",
                "entity_new value": "*",
                "entity_role": "Statement",
                "entity_parent": "null"
              },
              "concrete_change": {
                "operator": "DEL",
                "src_type": "If",
                "dst_type": "null",
                "src": "if ((((schema.getType()) \u003d\u003d (org.apache.avro.Schema.Type.STRING)) \u0026\u0026 (datum !\u003d null)) \u0026\u0026 ((datum.getClass().getAnnotation(org.apache.avro.reflect.Stringable.class)) !\u003d null)) {\n    super.write(schema, datum.toString(), out);\n    return;\n}",
                "dst": "null",
                "src_parent_type": "Block",
                "dst_parent_type": "null",
                "src_parent": "{\n    if ((schema.getType()) \u003d\u003d (org.apache.avro.Schema.Type.ENUM)) {\n        super.write(schema, com.fasterxml.jackson.dataformat.avro.ser.NonBSGenericDatumWriter.GENERIC_DATA.createEnum(datum.toString(), schema), out);\n        return;\n    }\n    if (datum instanceof java.lang.String) {\n        java.lang.String str \u003d ((java.lang.String) (datum));\n        final int len \u003d str.length();\n        if (((schema.getType()) \u003d\u003d (org.apache.avro.Schema.Type.ARRAY)) \u0026\u0026 ((schema.getElementType().getType()) \u003d\u003d (org.apache.avro.Schema.Type.INT))) {\n            java.util.ArrayList\u003cjava.lang.Integer\u003e chars \u003d new java.util.ArrayList\u003c\u003e(len);\n            for (int i \u003d 0; i \u003c len; ++i) {\n                chars.add(((int) (str.charAt(i))));\n            }\n            super.write(schema, chars, out);\n            return;\n        }\n        if ((len \u003d\u003d 1) \u0026\u0026 ((schema.getType()) \u003d\u003d (org.apache.avro.Schema.Type.INT))) {\n            super.write(schema, ((int) (str.charAt(0))), out);\n            return;\n        }\n    }\n    if (datum instanceof java.lang.Number) {\n        java.lang.Number n \u003d ((java.lang.Number) (datum));\n        switch (schema.getType()) {\n            case LONG :\n                super.write(schema, n.longValue(), out);\n                return;\n            case INT :\n                super.write(schema, n.intValue(), out);\n                return;\n            case FLOAT :\n                super.write(schema, n.floatValue(), out);\n                return;\n            case DOUBLE :\n                super.write(schema, n.doubleValue(), out);\n                return;\n            case STRING :\n                super.write(schema, datum.toString(), out);\n                return;\n            default :\n        }\n    }\n    if ((((schema.getType()) \u003d\u003d (org.apache.avro.Schema.Type.STRING)) \u0026\u0026 (datum !\u003d null)) \u0026\u0026 ((datum.getClass().getAnnotation(org.apache.avro.reflect.Stringable.class)) !\u003d null)) {\n        super.write(schema, datum.toString(), out);\n        return;\n    }\n    super.write(schema, datum, out);\n}",
                "dst_parent": "null"
              },
              "line": 126,
              "file": "/home/khesoem/projects/lighter/exp/avro/src/main/java/com/fasterxml/jackson/dataformat/avro/ser/NonBSGenericDatumWriter.java",
              "stats": {
                "number_of_src_entities": 99,
                "number_of_dst_entities": -1,
                "src_entity_types": "[boolean, org.apache.avro.Schema.Type, org.apache.avro.Schema, java.lang.Object, org.apache.avro.io.Encoder, org.apache.avro.reflect.Stringable, java.lang.Class, org.apache.avro.generic.GenericDatumWriter\u003cD\u003e, \u003cnulltype\u003e]",
                "dst_entity_types": "[]"
              }
            }
          ]
        }
      ]
    }
  ],
  "complete_analysis": true
}