{
  "instances": [
    {
      "revision": "182c8c58ab98d7a715854808f5528c319254c990",
      "repairability": [
        {
          "tool-name": "Nopol",
          "pattern-name": "Nopol:if_condition_upd_shallow",
          "Unified_Diff_of-files:": "Starts Below...",
          "CHANGE_old:": "      if (size \u0026lt;\u003d 0) {",
          "CHANGE_new:": "      if (size \u0026gt; 0) {",
          "instance_detail": [
            {
              "pattern_action": "UPD",
              "pattern_entity": {
                "entity_type": "*",
                "entity_new value": "*",
                "entity_role": "condition",
                "entity_parent": {
                  "entity_type": "If",
                  "entity_new value": "*",
                  "entity_role": "*",
                  "entity_parent": "null"
                }
              },
              "concrete_change": {
                "operator": "UPD",
                "src_type": "BinaryOperator",
                "dst_type": "BinaryOperator",
                "src": "size \u003c\u003d 0",
                "dst": "size \u003e 0",
                "src_parent_type": "If",
                "dst_parent_type": "If",
                "src_parent": "if (size \u003c\u003d 0) {\n    boolean success \u003d true;\n    for (int i \u003d 0; i \u003c size; i++) {\n        try {\n            final java.sql.Statement statement \u003d openStatements.get(i);\n            if (statement !\u003d null) {\n                statement.close();\n            }\n        } catch (java.sql.SQLException e) {\n            checkException(e);\n            success \u0026\u003d !(poolEntry.evict);\n        }\n    }\n    openStatements.clear();\n    return success;\n}",
                "dst_parent": "if (size \u003e 0) {\n    boolean success \u003d true;\n    for (int i \u003d 0; i \u003c size; i++) {\n        try {\n            final java.sql.Statement statement \u003d openStatements.get(i);\n            if (statement !\u003d null) {\n                statement.close();\n            }\n        } catch (java.sql.SQLException e) {\n            checkException(e);\n            success \u0026\u003d !(poolEntry.evict);\n        }\n    }\n    openStatements.clear();\n    return success;\n}"
              },
              "line": 153,
              "file": "/home/khesoem/projects/lighter/exp/src/main/java/com/zaxxer/hikari/proxy/ConnectionProxy.java",
              "stats": {
                "number_of_src_entities": 7,
                "number_of_dst_entities": 7,
                "src_entity_types": "[int, boolean]",
                "dst_entity_types": "[int, boolean]"
              }
            }
          ]
        }
      ]
    }
  ],
  "complete_analysis": true
}