{
  "instances": [
    {
      "revision": "4bf81a1e83a0f39ef0327feefb7d9002208bf23a",
      "repairability": [
        {
          "tool-name": "JKali",
          "pattern-name": "JKali:del",
          "Unified_Diff_of-files:": "Starts Below...",
          "CHANGE_old:": "        if (!this.aspNetCoreVersion.equals(\"2.0\") \u0026\u0026 !this.aspNetCoreVersion.equals(\"2.1\") \u0026\u0026 !this.aspNetCoreVersion.equals(\"2.2\")) {",
          "CHANGE_new:": "        if (!this.aspNetCoreVersion.equals(\"2.0\") \u0026\u0026 !this.aspNetCoreVersion.equals(\"2.1\") \u0026\u0026 !this.aspNetCoreVersion.equals(\"2.2\") \u0026\u0026 !this.aspNetCoreVersion.equals(\"3.0\")) {",
          "INSERT:": "            supportingFiles.add(new SupportingFile(\"3.0/Dockerfile.mustache\", packageFolder, \"Dockerfile\"));",
          "DELETE:": "        supportingFiles.add(new SupportingFile(\"wwwroot\" + File.separator + \"README.md\", packageFolder + File.separator + \"wwwroot\", \"README.md\"));",
          "instance_detail": [
            {
              "pattern_action": "DEL",
              "pattern_entity": {
                "entity_type": "*",
                "entity_new value": "*",
                "entity_role": "Statement",
                "entity_parent": "null"
              },
              "concrete_change": {
                "operator": "DEL",
                "src_type": "If",
                "dst_type": "null",
                "src": "if (this.aspNetCoreVersion.equals(\"2.0\")) {\n    apiTemplateFiles.put(\"controller.mustache\", \".cs\");\n    addInterfaceControllerTemplate(interfaceOnly, interfaceController);\n    supportingFiles.add(new io.swagger.codegen.languages.SupportingFile(\"Program.mustache\", packageFolder, \"Program.cs\"));\n    supportingFiles.add(new io.swagger.codegen.languages.SupportingFile(\"Project.csproj.mustache\", packageFolder, ((this.packageName) + \".csproj\")));\n    supportingFiles.add(new io.swagger.codegen.languages.SupportingFile(\"Dockerfile.mustache\", packageFolder, \"Dockerfile\"));\n} else {\n    apiTemplateFiles.put(\"2.1/controller.mustache\", \".cs\");\n    addInterfaceControllerTemplate(interfaceOnly, interfaceController);\n    supportingFiles.add(new io.swagger.codegen.languages.SupportingFile(\"2.1/Program.mustache\", packageFolder, \"Program.cs\"));\n    supportingFiles.add(new io.swagger.codegen.languages.SupportingFile(\"2.1/Project.csproj.mustache\", packageFolder, ((this.packageName) + \".csproj\")));\n    supportingFiles.add(new io.swagger.codegen.languages.SupportingFile(\"2.1/Dockerfile.mustache\", packageFolder, \"Dockerfile\"));\n}",
                "dst": "null",
                "src_parent_type": "Block",
                "dst_parent_type": "null",
                "src_parent": "{\n    super.processOpts();\n    if (additionalProperties.containsKey(\"aspnetCoreVersion\")) {\n        setAspNetCoreVersion(java.lang.String.valueOf(additionalProperties.get(\"aspnetCoreVersion\")));\n    }\n    if (additionalProperties.containsKey(CodegenConstants.OPTIONAL_PROJECT_GUID)) {\n        setPackageGuid(((java.lang.String) (additionalProperties.get(CodegenConstants.OPTIONAL_PROJECT_GUID))));\n    }\n    java.lang.String packageFolder \u003d ((sourceFolder) + (java.io.File.separator)) + (packageName);\n    boolean interfaceOnly \u003d java.lang.Boolean.valueOf(java.lang.String.valueOf(additionalProperties.get(CodegenConstants.INTERFACE_ONLY)));\n    boolean interfaceController \u003d java.lang.Boolean.valueOf(java.lang.String.valueOf(additionalProperties.get(CodegenConstants.INTERFACE_CONTROLLER)));\n    if (this.aspNetCoreVersion.equals(\"2.0\")) {\n        apiTemplateFiles.put(\"controller.mustache\", \".cs\");\n        addInterfaceControllerTemplate(interfaceOnly, interfaceController);\n        supportingFiles.add(new io.swagger.codegen.languages.SupportingFile(\"Program.mustache\", packageFolder, \"Program.cs\"));\n        supportingFiles.add(new io.swagger.codegen.languages.SupportingFile(\"Project.csproj.mustache\", packageFolder, ((this.packageName) + \".csproj\")));\n        supportingFiles.add(new io.swagger.codegen.languages.SupportingFile(\"Dockerfile.mustache\", packageFolder, \"Dockerfile\"));\n    } else {\n        apiTemplateFiles.put(\"2.1/controller.mustache\", \".cs\");\n        addInterfaceControllerTemplate(interfaceOnly, interfaceController);\n        supportingFiles.add(new io.swagger.codegen.languages.SupportingFile(\"2.1/Program.mustache\", packageFolder, \"Program.cs\"));\n        supportingFiles.add(new io.swagger.codegen.languages.SupportingFile(\"2.1/Project.csproj.mustache\", packageFolder, ((this.packageName) + \".csproj\")));\n        supportingFiles.add(new io.swagger.codegen.languages.SupportingFile(\"2.1/Dockerfile.mustache\", packageFolder, \"Dockerfile\"));\n    }\n    additionalProperties.put(\"aspNetCoreVersion\", aspNetCoreVersion);\n    additionalProperties.put(\"packageGuid\", packageGuid);\n    additionalProperties.put(\"dockerTag\", this.packageName.toLowerCase());\n    apiPackage \u003d (packageName) + \".Controllers\";\n    modelPackage \u003d (packageName) + \".Models\";\n    supportingFiles.add(new io.swagger.codegen.languages.SupportingFile(\"NuGet.Config\", \"\", \"NuGet.Config\"));\n    supportingFiles.add(new io.swagger.codegen.languages.SupportingFile(\"build.sh.mustache\", \"\", \"build.sh\"));\n    supportingFiles.add(new io.swagger.codegen.languages.SupportingFile(\"build.bat.mustache\", \"\", \"build.bat\"));\n    supportingFiles.add(new io.swagger.codegen.languages.SupportingFile(\"README.mustache\", \"\", \"README.md\"));\n    supportingFiles.add(new io.swagger.codegen.languages.SupportingFile(\"Solution.mustache\", \"\", ((this.packageName) + \".sln\")));\n    supportingFiles.add(new io.swagger.codegen.languages.SupportingFile(\"Dockerfile.mustache\", packageFolder, \"Dockerfile\"));\n    supportingFiles.add(new io.swagger.codegen.languages.SupportingFile(\"gitignore\", packageFolder, \".gitignore\"));\n    supportingFiles.add(new io.swagger.codegen.languages.SupportingFile(\"appsettings.json\", packageFolder, \"appsettings.json\"));\n    supportingFiles.add(new io.swagger.codegen.languages.SupportingFile(\"Startup.mustache\", packageFolder, \"Startup.cs\"));\n    supportingFiles.add(new io.swagger.codegen.languages.SupportingFile(\"validateModel.mustache\", ((packageFolder + (java.io.File.separator)) + \"Attributes\"), \"ValidateModelStateAttribute.cs\"));\n    supportingFiles.add(new io.swagger.codegen.languages.SupportingFile(\"web.config\", packageFolder, \"web.config\"));\n    supportingFiles.add(new io.swagger.codegen.languages.SupportingFile(((\"Properties\" + (java.io.File.separator)) + \"launchSettings.json\"), ((packageFolder + (java.io.File.separator)) + \"Properties\"), \"launchSettings.json\"));\n    supportingFiles.add(new io.swagger.codegen.languages.SupportingFile(((\"Filters\" + (java.io.File.separator)) + \"BasePathFilter.mustache\"), ((packageFolder + (java.io.File.separator)) + \"Filters\"), \"BasePathFilter.cs\"));\n    supportingFiles.add(new io.swagger.codegen.languages.SupportingFile(((\"Filters\" + (java.io.File.separator)) + \"GeneratePathParamsValidationFilter.mustache\"), ((packageFolder + (java.io.File.separator)) + \"Filters\"), \"GeneratePathParamsValidationFilter.cs\"));\n    supportingFiles.add(new io.swagger.codegen.languages.SupportingFile(((\"wwwroot\" + (java.io.File.separator)) + \"README.md\"), ((packageFolder + (java.io.File.separator)) + \"wwwroot\"), \"README.md\"));\n    supportingFiles.add(new io.swagger.codegen.languages.SupportingFile(((\"wwwroot\" + (java.io.File.separator)) + \"index.html\"), ((packageFolder + (java.io.File.separator)) + \"wwwroot\"), \"index.html\"));\n    supportingFiles.add(new io.swagger.codegen.languages.SupportingFile(((\"wwwroot\" + (java.io.File.separator)) + \"web.config\"), ((packageFolder + (java.io.File.separator)) + \"wwwroot\"), \"web.config\"));\n    supportingFiles.add(new io.swagger.codegen.languages.SupportingFile(((\"wwwroot\" + (java.io.File.separator)) + \"swagger-original.mustache\"), ((packageFolder + (java.io.File.separator)) + \"wwwroot\"), \"swagger-original.json\"));\n}",
                "dst_parent": "null"
              },
              "line": 132,
              "file": "/home/khesoem/projects/lighter/exp/modules/swagger-codegen/src/main/java/io/swagger/codegen/languages/AspNetCoreServerCodegen.java",
              "stats": {
                "number_of_src_entities": 301,
                "number_of_dst_entities": -1,
                "src_entity_types": "[boolean, io.swagger.codegen.languages.AspNetCoreServerCodegen, io.swagger.codegen.languages.supportingFiles, java.lang.Object, java.lang.String, io.swagger.codegen.languages.SupportingFile, io.swagger.codegen.languages.apiTemplateFiles]",
                "dst_entity_types": "[]"
              }
            }
          ]
        },
        {
          "tool-name": "JKali",
          "pattern-name": "JKali:del",
          "Unified_Diff_of-files:": "Starts Below...",
          "CHANGE_old:": "        if (!this.aspNetCoreVersion.equals(\"2.0\") \u0026\u0026 !this.aspNetCoreVersion.equals(\"2.1\") \u0026\u0026 !this.aspNetCoreVersion.equals(\"2.2\")) {",
          "CHANGE_new:": "        if (!this.aspNetCoreVersion.equals(\"2.0\") \u0026\u0026 !this.aspNetCoreVersion.equals(\"2.1\") \u0026\u0026 !this.aspNetCoreVersion.equals(\"2.2\") \u0026\u0026 !this.aspNetCoreVersion.equals(\"3.0\")) {",
          "INSERT:": "            supportingFiles.add(new SupportingFile(\"3.0/Dockerfile.mustache\", packageFolder, \"Dockerfile\"));",
          "DELETE:": "        supportingFiles.add(new SupportingFile(\"wwwroot\" + File.separator + \"README.md\", packageFolder + File.separator + \"wwwroot\", \"README.md\"));",
          "instance_detail": [
            {
              "pattern_action": "DEL",
              "pattern_entity": {
                "entity_type": "*",
                "entity_new value": "*",
                "entity_role": "Statement",
                "entity_parent": "null"
              },
              "concrete_change": {
                "operator": "DEL",
                "src_type": "Invocation",
                "dst_type": "null",
                "src": "supportingFiles.add(new io.swagger.codegen.languages.SupportingFile(\"Dockerfile.mustache\", packageFolder, \"Dockerfile\"))",
                "dst": "null",
                "src_parent_type": "Block",
                "dst_parent_type": "null",
                "src_parent": "{\n    super.processOpts();\n    if (additionalProperties.containsKey(\"aspnetCoreVersion\")) {\n        setAspNetCoreVersion(java.lang.String.valueOf(additionalProperties.get(\"aspnetCoreVersion\")));\n    }\n    if (additionalProperties.containsKey(CodegenConstants.OPTIONAL_PROJECT_GUID)) {\n        setPackageGuid(((java.lang.String) (additionalProperties.get(CodegenConstants.OPTIONAL_PROJECT_GUID))));\n    }\n    java.lang.String packageFolder \u003d ((sourceFolder) + (java.io.File.separator)) + (packageName);\n    boolean interfaceOnly \u003d java.lang.Boolean.valueOf(java.lang.String.valueOf(additionalProperties.get(CodegenConstants.INTERFACE_ONLY)));\n    boolean interfaceController \u003d java.lang.Boolean.valueOf(java.lang.String.valueOf(additionalProperties.get(CodegenConstants.INTERFACE_CONTROLLER)));\n    if (this.aspNetCoreVersion.equals(\"2.0\")) {\n        apiTemplateFiles.put(\"controller.mustache\", \".cs\");\n        addInterfaceControllerTemplate(interfaceOnly, interfaceController);\n        supportingFiles.add(new io.swagger.codegen.languages.SupportingFile(\"Program.mustache\", packageFolder, \"Program.cs\"));\n        supportingFiles.add(new io.swagger.codegen.languages.SupportingFile(\"Project.csproj.mustache\", packageFolder, ((this.packageName) + \".csproj\")));\n        supportingFiles.add(new io.swagger.codegen.languages.SupportingFile(\"Dockerfile.mustache\", packageFolder, \"Dockerfile\"));\n    } else {\n        apiTemplateFiles.put(\"2.1/controller.mustache\", \".cs\");\n        addInterfaceControllerTemplate(interfaceOnly, interfaceController);\n        supportingFiles.add(new io.swagger.codegen.languages.SupportingFile(\"2.1/Program.mustache\", packageFolder, \"Program.cs\"));\n        supportingFiles.add(new io.swagger.codegen.languages.SupportingFile(\"2.1/Project.csproj.mustache\", packageFolder, ((this.packageName) + \".csproj\")));\n        supportingFiles.add(new io.swagger.codegen.languages.SupportingFile(\"2.1/Dockerfile.mustache\", packageFolder, \"Dockerfile\"));\n    }\n    additionalProperties.put(\"aspNetCoreVersion\", aspNetCoreVersion);\n    additionalProperties.put(\"packageGuid\", packageGuid);\n    additionalProperties.put(\"dockerTag\", this.packageName.toLowerCase());\n    apiPackage \u003d (packageName) + \".Controllers\";\n    modelPackage \u003d (packageName) + \".Models\";\n    supportingFiles.add(new io.swagger.codegen.languages.SupportingFile(\"NuGet.Config\", \"\", \"NuGet.Config\"));\n    supportingFiles.add(new io.swagger.codegen.languages.SupportingFile(\"build.sh.mustache\", \"\", \"build.sh\"));\n    supportingFiles.add(new io.swagger.codegen.languages.SupportingFile(\"build.bat.mustache\", \"\", \"build.bat\"));\n    supportingFiles.add(new io.swagger.codegen.languages.SupportingFile(\"README.mustache\", \"\", \"README.md\"));\n    supportingFiles.add(new io.swagger.codegen.languages.SupportingFile(\"Solution.mustache\", \"\", ((this.packageName) + \".sln\")));\n    supportingFiles.add(new io.swagger.codegen.languages.SupportingFile(\"Dockerfile.mustache\", packageFolder, \"Dockerfile\"));\n    supportingFiles.add(new io.swagger.codegen.languages.SupportingFile(\"gitignore\", packageFolder, \".gitignore\"));\n    supportingFiles.add(new io.swagger.codegen.languages.SupportingFile(\"appsettings.json\", packageFolder, \"appsettings.json\"));\n    supportingFiles.add(new io.swagger.codegen.languages.SupportingFile(\"Startup.mustache\", packageFolder, \"Startup.cs\"));\n    supportingFiles.add(new io.swagger.codegen.languages.SupportingFile(\"validateModel.mustache\", ((packageFolder + (java.io.File.separator)) + \"Attributes\"), \"ValidateModelStateAttribute.cs\"));\n    supportingFiles.add(new io.swagger.codegen.languages.SupportingFile(\"web.config\", packageFolder, \"web.config\"));\n    supportingFiles.add(new io.swagger.codegen.languages.SupportingFile(((\"Properties\" + (java.io.File.separator)) + \"launchSettings.json\"), ((packageFolder + (java.io.File.separator)) + \"Properties\"), \"launchSettings.json\"));\n    supportingFiles.add(new io.swagger.codegen.languages.SupportingFile(((\"Filters\" + (java.io.File.separator)) + \"BasePathFilter.mustache\"), ((packageFolder + (java.io.File.separator)) + \"Filters\"), \"BasePathFilter.cs\"));\n    supportingFiles.add(new io.swagger.codegen.languages.SupportingFile(((\"Filters\" + (java.io.File.separator)) + \"GeneratePathParamsValidationFilter.mustache\"), ((packageFolder + (java.io.File.separator)) + \"Filters\"), \"GeneratePathParamsValidationFilter.cs\"));\n    supportingFiles.add(new io.swagger.codegen.languages.SupportingFile(((\"wwwroot\" + (java.io.File.separator)) + \"README.md\"), ((packageFolder + (java.io.File.separator)) + \"wwwroot\"), \"README.md\"));\n    supportingFiles.add(new io.swagger.codegen.languages.SupportingFile(((\"wwwroot\" + (java.io.File.separator)) + \"index.html\"), ((packageFolder + (java.io.File.separator)) + \"wwwroot\"), \"index.html\"));\n    supportingFiles.add(new io.swagger.codegen.languages.SupportingFile(((\"wwwroot\" + (java.io.File.separator)) + \"web.config\"), ((packageFolder + (java.io.File.separator)) + \"wwwroot\"), \"web.config\"));\n    supportingFiles.add(new io.swagger.codegen.languages.SupportingFile(((\"wwwroot\" + (java.io.File.separator)) + \"swagger-original.mustache\"), ((packageFolder + (java.io.File.separator)) + \"wwwroot\"), \"swagger-original.json\"));\n}",
                "dst_parent": "null"
              },
              "line": 162,
              "file": "/home/khesoem/projects/lighter/exp/modules/swagger-codegen/src/main/java/io/swagger/codegen/languages/AspNetCoreServerCodegen.java",
              "stats": {
                "number_of_src_entities": 32,
                "number_of_dst_entities": -1,
                "src_entity_types": "[io.swagger.codegen.languages.supportingFiles, java.lang.String, io.swagger.codegen.languages.SupportingFile]",
                "dst_entity_types": "[]"
              }
            }
          ]
        },
        {
          "tool-name": "JKali",
          "pattern-name": "JKali:del",
          "Unified_Diff_of-files:": "Starts Below...",
          "CHANGE_old:": "        if (!this.aspNetCoreVersion.equals(\"2.0\") \u0026\u0026 !this.aspNetCoreVersion.equals(\"2.1\") \u0026\u0026 !this.aspNetCoreVersion.equals(\"2.2\")) {",
          "CHANGE_new:": "        if (!this.aspNetCoreVersion.equals(\"2.0\") \u0026\u0026 !this.aspNetCoreVersion.equals(\"2.1\") \u0026\u0026 !this.aspNetCoreVersion.equals(\"2.2\") \u0026\u0026 !this.aspNetCoreVersion.equals(\"3.0\")) {",
          "INSERT:": "            supportingFiles.add(new SupportingFile(\"3.0/Dockerfile.mustache\", packageFolder, \"Dockerfile\"));",
          "DELETE:": "        supportingFiles.add(new SupportingFile(\"wwwroot\" + File.separator + \"README.md\", packageFolder + File.separator + \"wwwroot\", \"README.md\"));",
          "instance_detail": [
            {
              "pattern_action": "DEL",
              "pattern_entity": {
                "entity_type": "*",
                "entity_new value": "*",
                "entity_role": "Statement",
                "entity_parent": "null"
              },
              "concrete_change": {
                "operator": "DEL",
                "src_type": "Invocation",
                "dst_type": "null",
                "src": "supportingFiles.add(new io.swagger.codegen.languages.SupportingFile(((\"wwwroot\" + (java.io.File.separator)) + \"README.md\"), ((packageFolder + (java.io.File.separator)) + \"wwwroot\"), \"README.md\"))",
                "dst": "null",
                "src_parent_type": "Block",
                "dst_parent_type": "null",
                "src_parent": "{\n    super.processOpts();\n    if (additionalProperties.containsKey(\"aspnetCoreVersion\")) {\n        setAspNetCoreVersion(java.lang.String.valueOf(additionalProperties.get(\"aspnetCoreVersion\")));\n    }\n    if (additionalProperties.containsKey(CodegenConstants.OPTIONAL_PROJECT_GUID)) {\n        setPackageGuid(((java.lang.String) (additionalProperties.get(CodegenConstants.OPTIONAL_PROJECT_GUID))));\n    }\n    java.lang.String packageFolder \u003d ((sourceFolder) + (java.io.File.separator)) + (packageName);\n    boolean interfaceOnly \u003d java.lang.Boolean.valueOf(java.lang.String.valueOf(additionalProperties.get(CodegenConstants.INTERFACE_ONLY)));\n    boolean interfaceController \u003d java.lang.Boolean.valueOf(java.lang.String.valueOf(additionalProperties.get(CodegenConstants.INTERFACE_CONTROLLER)));\n    if (this.aspNetCoreVersion.equals(\"2.0\")) {\n        apiTemplateFiles.put(\"controller.mustache\", \".cs\");\n        addInterfaceControllerTemplate(interfaceOnly, interfaceController);\n        supportingFiles.add(new io.swagger.codegen.languages.SupportingFile(\"Program.mustache\", packageFolder, \"Program.cs\"));\n        supportingFiles.add(new io.swagger.codegen.languages.SupportingFile(\"Project.csproj.mustache\", packageFolder, ((this.packageName) + \".csproj\")));\n        supportingFiles.add(new io.swagger.codegen.languages.SupportingFile(\"Dockerfile.mustache\", packageFolder, \"Dockerfile\"));\n    } else {\n        apiTemplateFiles.put(\"2.1/controller.mustache\", \".cs\");\n        addInterfaceControllerTemplate(interfaceOnly, interfaceController);\n        supportingFiles.add(new io.swagger.codegen.languages.SupportingFile(\"2.1/Program.mustache\", packageFolder, \"Program.cs\"));\n        supportingFiles.add(new io.swagger.codegen.languages.SupportingFile(\"2.1/Project.csproj.mustache\", packageFolder, ((this.packageName) + \".csproj\")));\n        supportingFiles.add(new io.swagger.codegen.languages.SupportingFile(\"2.1/Dockerfile.mustache\", packageFolder, \"Dockerfile\"));\n    }\n    additionalProperties.put(\"aspNetCoreVersion\", aspNetCoreVersion);\n    additionalProperties.put(\"packageGuid\", packageGuid);\n    additionalProperties.put(\"dockerTag\", this.packageName.toLowerCase());\n    apiPackage \u003d (packageName) + \".Controllers\";\n    modelPackage \u003d (packageName) + \".Models\";\n    supportingFiles.add(new io.swagger.codegen.languages.SupportingFile(\"NuGet.Config\", \"\", \"NuGet.Config\"));\n    supportingFiles.add(new io.swagger.codegen.languages.SupportingFile(\"build.sh.mustache\", \"\", \"build.sh\"));\n    supportingFiles.add(new io.swagger.codegen.languages.SupportingFile(\"build.bat.mustache\", \"\", \"build.bat\"));\n    supportingFiles.add(new io.swagger.codegen.languages.SupportingFile(\"README.mustache\", \"\", \"README.md\"));\n    supportingFiles.add(new io.swagger.codegen.languages.SupportingFile(\"Solution.mustache\", \"\", ((this.packageName) + \".sln\")));\n    supportingFiles.add(new io.swagger.codegen.languages.SupportingFile(\"Dockerfile.mustache\", packageFolder, \"Dockerfile\"));\n    supportingFiles.add(new io.swagger.codegen.languages.SupportingFile(\"gitignore\", packageFolder, \".gitignore\"));\n    supportingFiles.add(new io.swagger.codegen.languages.SupportingFile(\"appsettings.json\", packageFolder, \"appsettings.json\"));\n    supportingFiles.add(new io.swagger.codegen.languages.SupportingFile(\"Startup.mustache\", packageFolder, \"Startup.cs\"));\n    supportingFiles.add(new io.swagger.codegen.languages.SupportingFile(\"validateModel.mustache\", ((packageFolder + (java.io.File.separator)) + \"Attributes\"), \"ValidateModelStateAttribute.cs\"));\n    supportingFiles.add(new io.swagger.codegen.languages.SupportingFile(\"web.config\", packageFolder, \"web.config\"));\n    supportingFiles.add(new io.swagger.codegen.languages.SupportingFile(((\"Properties\" + (java.io.File.separator)) + \"launchSettings.json\"), ((packageFolder + (java.io.File.separator)) + \"Properties\"), \"launchSettings.json\"));\n    supportingFiles.add(new io.swagger.codegen.languages.SupportingFile(((\"Filters\" + (java.io.File.separator)) + \"BasePathFilter.mustache\"), ((packageFolder + (java.io.File.separator)) + \"Filters\"), \"BasePathFilter.cs\"));\n    supportingFiles.add(new io.swagger.codegen.languages.SupportingFile(((\"Filters\" + (java.io.File.separator)) + \"GeneratePathParamsValidationFilter.mustache\"), ((packageFolder + (java.io.File.separator)) + \"Filters\"), \"GeneratePathParamsValidationFilter.cs\"));\n    supportingFiles.add(new io.swagger.codegen.languages.SupportingFile(((\"wwwroot\" + (java.io.File.separator)) + \"README.md\"), ((packageFolder + (java.io.File.separator)) + \"wwwroot\"), \"README.md\"));\n    supportingFiles.add(new io.swagger.codegen.languages.SupportingFile(((\"wwwroot\" + (java.io.File.separator)) + \"index.html\"), ((packageFolder + (java.io.File.separator)) + \"wwwroot\"), \"index.html\"));\n    supportingFiles.add(new io.swagger.codegen.languages.SupportingFile(((\"wwwroot\" + (java.io.File.separator)) + \"web.config\"), ((packageFolder + (java.io.File.separator)) + \"wwwroot\"), \"web.config\"));\n    supportingFiles.add(new io.swagger.codegen.languages.SupportingFile(((\"wwwroot\" + (java.io.File.separator)) + \"swagger-original.mustache\"), ((packageFolder + (java.io.File.separator)) + \"wwwroot\"), \"swagger-original.json\"));\n}",
                "dst_parent": "null"
              },
              "line": 175,
              "file": "/home/khesoem/projects/lighter/exp/modules/swagger-codegen/src/main/java/io/swagger/codegen/languages/AspNetCoreServerCodegen.java",
              "stats": {
                "number_of_src_entities": 68,
                "number_of_dst_entities": -1,
                "src_entity_types": "[io.swagger.codegen.languages.supportingFiles, java.lang.String, io.swagger.codegen.languages.SupportingFile, java.io.File]",
                "dst_entity_types": "[]"
              }
            }
          ]
        }
      ]
    }
  ],
  "complete_analysis": true
}