{
  "instances": [
    {
      "revision": "d5f2d2dba105bd364d209d80761660bedb310ca9",
      "repairability": [
        {
          "tool-name": "Nopol",
          "pattern-name": "Nopol:if_condition_ins_shallow",
          "Unified_Diff_of-files:": "Starts Below...",
          "INSERT:": "                    }",
          "DELETE:": "            if (isTypeStringOrStringBuffer(type)){",
          "CHANGE_old:": "",
          "CHANGE_new:": "                                parameterName \u003d parameterName.substring(0, parameterName.indexOf(\u0027.\u0027));",
          "instance_detail": [
            {
              "pattern_action": "MOV",
              "pattern_entity": {
                "entity_type": "*",
                "entity_new value": "*",
                "entity_role": "Then",
                "entity_parent": {
                  "entity_type": "If",
                  "entity_new value": "*",
                  "entity_role": "*",
                  "entity_parent": "null"
                }
              },
              "concrete_change": {
                "operator": "MOV",
                "src_type": "Block",
                "dst_type": "Block",
                "src": "{\n    type \u003d node.getFirstDescendantOfType(net.sourceforge.pmd.lang.java.ast.ASTName.class).getType();\n}",
                "dst": "{\n    java.lang.String parameterName \u003d astName.getImage();\n    if ((parameterName.indexOf(\u0027.\u0027)) \u003e 0) {\n        parameterName \u003d parameterName.substring(0, parameterName.indexOf(\u0027.\u0027));\n    }\n    type \u003d functionParameterTypes.get(parameterName);\n}",
                "src_parent_type": "If",
                "dst_parent_type": "If",
                "src_parent": "if (astName !\u003d null) {\n    type \u003d node.getFirstDescendantOfType(net.sourceforge.pmd.lang.java.ast.ASTName.class).getType();\n} else {\n    net.sourceforge.pmd.lang.java.ast.ASTPrimarySuffix suffix \u003d node.getFirstChildOfType(net.sourceforge.pmd.lang.java.ast.ASTPrimarySuffix.class);\n    type \u003d fieldTypes.get(suffix.getImage());\n}",
                "dst_parent": "if (type \u003d\u003d null) {\n    java.lang.String parameterName \u003d astName.getImage();\n    if ((parameterName.indexOf(\u0027.\u0027)) \u003e 0) {\n        parameterName \u003d parameterName.substring(0, parameterName.indexOf(\u0027.\u0027));\n    }\n    type \u003d functionParameterTypes.get(parameterName);\n}"
              },
              "line": 601,
              "file": "/home/khesoem/projects/lighter/exp/src/com/gdssecurity/pmd/rules/dfa/DfaSecurityRule.java",
              "stats": {
                "number_of_src_entities": 42,
                "number_of_dst_entities": 112,
                "src_entity_types": "[java.lang.Object, net.sourceforge.pmd.lang.java.ast.ASTName, net.sourceforge.pmd.lang.ast.Node, java.lang.Class\u003c? extends java.lang.Object\u003e]",
                "dst_entity_types": "[int, boolean, net.sourceforge.pmd.lang.java.ast.ASTName, java.lang.Object, java.lang.String, char, java.lang.Class\u003c? extends java.lang.Object\u003e, java.util.Map, com.gdssecurity.pmd.rules.dfa.DfaSecurityRule]"
              }
            },
            {
              "pattern_action": "INS",
              "pattern_entity": {
                "entity_type": "If",
                "entity_new value": "*",
                "entity_role": "*",
                "entity_parent": "null"
              },
              "concrete_change": {
                "operator": "INS",
                "src_type": "If",
                "dst_type": "null",
                "src": "if (type \u003d\u003d null) {\n    java.lang.String parameterName \u003d astName.getImage();\n    if ((parameterName.indexOf(\u0027.\u0027)) \u003e 0) {\n        parameterName \u003d parameterName.substring(0, parameterName.indexOf(\u0027.\u0027));\n    }\n    type \u003d functionParameterTypes.get(parameterName);\n}",
                "dst": "null",
                "src_parent_type": "Block",
                "dst_parent_type": "null",
                "src_parent": "{\n    type \u003d astName.getType();\n    if (type \u003d\u003d null) {\n        java.lang.String parameterName \u003d astName.getImage();\n        if ((parameterName.indexOf(\u0027.\u0027)) \u003e 0) {\n            parameterName \u003d parameterName.substring(0, parameterName.indexOf(\u0027.\u0027));\n        }\n        type \u003d functionParameterTypes.get(parameterName);\n    }\n}",
                "dst_parent": "null"
              },
              "line": 609,
              "file": "/home/khesoem/projects/lighter/exp/src/com/gdssecurity/pmd/rules/dfa/DfaSecurityRule.java"
            }
          ]
        },
        {
          "tool-name": "Nopol",
          "pattern-name": "Nopol:if_condition_ins_deep",
          "Unified_Diff_of-files:": "Starts Below...",
          "INSERT:": "                    }",
          "DELETE:": "            if (isTypeStringOrStringBuffer(type)){",
          "CHANGE_old:": "",
          "CHANGE_new:": "                                parameterName \u003d parameterName.substring(0, parameterName.indexOf(\u0027.\u0027));",
          "instance_detail": [
            {
              "pattern_action": "MOV",
              "pattern_entity": {
                "entity_type": "*",
                "entity_new value": "*",
                "entity_role": "*",
                "entity_parent": {
                  "entity_type": "*",
                  "entity_new value": "*",
                  "entity_role": "Then",
                  "entity_parent": {
                    "entity_type": "If",
                    "entity_new value": "*",
                    "entity_role": "*",
                    "entity_parent": "null"
                  }
                }
              },
              "concrete_change": {
                "operator": "MOV",
                "src_type": "Invocation",
                "dst_type": "Invocation",
                "src": "this.currentPathTaintedVariables.add(name)",
                "dst": "this.currentPathTaintedVariables.add(name)",
                "src_parent_type": "Block",
                "dst_parent_type": "Block",
                "src_parent": "{\n    net.sourceforge.pmd.lang.java.ast.ASTVariableDeclaratorId name1 \u003d parameter.getFirstDescendantOfType(net.sourceforge.pmd.lang.java.ast.ASTVariableDeclaratorId.class);\n    java.lang.String name \u003d name1.getImage();\n    this.currentPathTaintedVariables.add(name);\n}",
                "dst_parent": "{\n    this.currentPathTaintedVariables.add(name);\n}"
              },
              "line": 322,
              "file": "/home/khesoem/projects/lighter/exp/src/com/gdssecurity/pmd/rules/dfa/DfaSecurityRule.java",
              "stats": {
                "number_of_src_entities": 25,
                "number_of_dst_entities": 25,
                "src_entity_types": "[java.util.Set, java.lang.String, com.gdssecurity.pmd.rules.dfa.DfaSecurityRule]",
                "dst_entity_types": "[java.util.Set, java.lang.String, com.gdssecurity.pmd.rules.dfa.DfaSecurityRule]"
              }
            },
            {
              "pattern_action": "INS",
              "pattern_entity": {
                "entity_type": "If",
                "entity_new value": "*",
                "entity_role": "*",
                "entity_parent": "null"
              },
              "concrete_change": {
                "operator": "INS",
                "src_type": "If",
                "dst_type": "null",
                "src": "if (isTypeStringOrStringBuffer(type)) {\n    this.currentPathTaintedVariables.add(name);\n}",
                "dst": "null",
                "src_parent_type": "Block",
                "dst_parent_type": "null",
                "src_parent": "{\n    net.sourceforge.pmd.lang.java.ast.ASTType type \u003d parameter.getTypeNode();\n    net.sourceforge.pmd.lang.java.ast.ASTVariableDeclaratorId name1 \u003d parameter.getFirstDescendantOfType(net.sourceforge.pmd.lang.java.ast.ASTVariableDeclaratorId.class);\n    java.lang.String name \u003d name1.getImage();\n    if ((name !\u003d null) \u0026\u0026 (type !\u003d null)) {\n        functionParameterTypes.put(name, type.getType());\n    }\n    if (isTypeStringOrStringBuffer(type)) {\n        this.currentPathTaintedVariables.add(name);\n    }\n}",
                "dst_parent": "null"
              },
              "line": 327,
              "file": "/home/khesoem/projects/lighter/exp/src/com/gdssecurity/pmd/rules/dfa/DfaSecurityRule.java",
              "stats": {
                "number_of_src_entities": 47,
                "number_of_dst_entities": -1,
                "src_entity_types": "[net.sourceforge.pmd.lang.java.ast.ASTType, java.util.Set, java.lang.String, com.gdssecurity.pmd.rules.dfa.DfaSecurityRule]",
                "dst_entity_types": "[]"
              }
            }
          ]
        },
        {
          "tool-name": "Nopol",
          "pattern-name": "Nopol:if_condition_upd_deep",
          "Unified_Diff_of-files:": "Starts Below...",
          "INSERT:": "                    }",
          "DELETE:": "            if (isTypeStringOrStringBuffer(type)){",
          "CHANGE_old:": "",
          "CHANGE_new:": "                                parameterName \u003d parameterName.substring(0, parameterName.indexOf(\u0027.\u0027));",
          "instance_detail": [
            {
              "pattern_action": "ANY",
              "pattern_entity": {
                "entity_type": "*",
                "entity_new value": "*",
                "entity_role": "*",
                "entity_parent": {
                  "entity_type": "*",
                  "entity_new value": "*",
                  "entity_role": "condition",
                  "entity_parent": {
                    "entity_type": "If",
                    "entity_new value": "*",
                    "entity_role": "*",
                    "entity_parent": "null"
                  }
                }
              },
              "concrete_change": {
                "operator": "INS",
                "src_type": "BinaryOperator",
                "dst_type": "null",
                "src": "(name !\u003d null)",
                "dst": "null",
                "src_parent_type": "BinaryOperator",
                "dst_parent_type": "null",
                "src_parent": "(name !\u003d null) \u0026\u0026 (type !\u003d null)",
                "dst_parent": "null"
              },
              "line": 324,
              "file": "/home/khesoem/projects/lighter/exp/src/com/gdssecurity/pmd/rules/dfa/DfaSecurityRule.java"
            }
          ]
        }
      ]
    }
  ],
  "complete_analysis": true
}