{
  "instances": [
    {
      "revision": "06a1f4b7fa399142aa0047dfd8ef43277490e277",
      "repairability": [
        {
          "tool-name": "Elixir",
          "pattern-name": "Elixir:Insert_Invocation",
          "Unified_Diff_of-files:": "Starts Below...",
          "INSERT:": "        .setNillable(true);",
          "instance_detail": [
            {
              "pattern_action": "INS",
              "pattern_entity": {
                "entity_type": "AbstractInvocation",
                "entity_new value": "*",
                "entity_role": "*",
                "entity_parent": "null"
              },
              "concrete_change": {
                "operator": "INS",
                "src_type": "Invocation",
                "dst_type": "null",
                "src": "addAttribute(org.molgenis.security.oidc.model.OidcClientMetadata.CLAIMS_VOGROUP_PATH).setLabel(\"Claims VO Group path\").setDescription(\"JSON path expression to evaluate on the joined ID token and user info claims to retrieve VO Groups\").setNillable(true)",
                "dst": "null",
                "src_parent_type": "Block",
                "dst_parent_type": "null",
                "src_parent": "{\n    setPackage(oidcPackage);\n    setLabel(\"OIDC client\");\n    setDescription(\"OpenID Connect client registration\");\n    addAttribute(org.molgenis.security.oidc.model.OidcClientMetadata.REGISTRATION_ID, org.molgenis.security.oidc.model.ROLE_ID).setLabel(\"Registration ID\").setDescription(\"Registration identifier\");\n    addAttribute(org.molgenis.security.oidc.model.OidcClientMetadata.CLIENT_ID).setLabel(\"Client ID\").setDescription(\"Client identifier\").setNillable(false).setUnique(true);\n    addAttribute(org.molgenis.security.oidc.model.OidcClientMetadata.CLIENT_SECRET).setLabel(\"Client secret\").setNillable(false);\n    addAttribute(org.molgenis.security.oidc.model.OidcClientMetadata.CLIENT_NAME, org.molgenis.security.oidc.model.ROLE_LABEL, org.molgenis.security.oidc.model.ROLE_LOOKUP).setLabel(\"Client name\").setDescription(\"Client name to be presented to the end user\").setNillable(false).setUnique(true);\n    addAttribute(org.molgenis.security.oidc.model.OidcClientMetadata.CLIENT_AUTHENTICATION_METHOD).setLabel(\"Authentication\").setDescription(\"Client authentication method\").setNillable(false).setDefaultValue(\"basic\");\n    addAttribute(org.molgenis.security.oidc.model.OidcClientMetadata.AUTHORIZATION_GRANT_TYPE).setLabel(\"Grant type\").setDescription(\"Authorization grant type\").setDataType(org.molgenis.security.oidc.model.ENUM).setEnumOptions(java.util.Arrays.asList(\"authorization_code\", \"implicit\", \"refresh_token\")).setNillable(false).setDefaultValue(\"authorization_code\");\n    addAttribute(org.molgenis.security.oidc.model.OidcClientMetadata.SCOPES).setLabel(\"Scopes\").setDescription(\"Comma-separated set of scopes\").setNillable(false).setDefaultValue(\"openid,email,profile\");\n    addAttribute(org.molgenis.security.oidc.model.OidcClientMetadata.CLAIMS_ROLE_PATH).setLabel(\"Claims role path\").setDescription(\"JSON path expression to evaluate on the joined ID token and user info claims to retrieve user roles\").setNillable(true);\n    addAttribute(org.molgenis.security.oidc.model.OidcClientMetadata.CLAIMS_VOGROUP_PATH).setLabel(\"Claims VO Group path\").setDescription(\"JSON path expression to evaluate on the joined ID token and user info claims to retrieve VO Groups\").setNillable(true);\n    org.molgenis.data.meta.model.Attribute providerDetailsAttribute \u003d addAttribute(org.molgenis.security.oidc.model.OidcClientMetadata.PROVIDER_DETAILS).setDataType(org.molgenis.security.oidc.model.COMPOUND).setLabel(\"Provider details\");\n    addAttribute(org.molgenis.security.oidc.model.OidcClientMetadata.AUTHORIZATION_URI).setParent(providerDetailsAttribute).setLabel(\"Authorization URI\").setDataType(org.molgenis.security.oidc.model.HYPERLINK).setNillable(false);\n    addAttribute(org.molgenis.security.oidc.model.OidcClientMetadata.TOKEN_URI).setParent(providerDetailsAttribute).setLabel(\"Token URI\").setDataType(org.molgenis.security.oidc.model.HYPERLINK).setNillable(false);\n    addAttribute(org.molgenis.security.oidc.model.OidcClientMetadata.JWK_SET_URI).setParent(providerDetailsAttribute).setLabel(\"JWKS URI\").setDescription(\"JSON Web Key Set URI\").setDataType(org.molgenis.security.oidc.model.HYPERLINK).setNillable(false);\n    addAttribute(org.molgenis.security.oidc.model.OidcClientMetadata.USER_INFO_URI).setParent(providerDetailsAttribute).setLabel(\"User info URI\").setDataType(org.molgenis.security.oidc.model.HYPERLINK).setNillable(false);\n    addAttribute(org.molgenis.security.oidc.model.OidcClientMetadata.USERNAME_ATTRIBUTE_NAME).setParent(providerDetailsAttribute).setLabel(\"Username attribute\").setDescription(\"Name of the attribute used as username when registering a new user.\").setNillable(false).setDefaultValue(StandardClaimNames.EMAIL);\n    addAttribute(org.molgenis.security.oidc.model.OidcClientMetadata.EMAIL_ATTRIBUTE_NAME).setParent(providerDetailsAttribute).setLabel(\"Email attribute\").setDescription(\"Email attribute name\").setNillable(false).setDefaultValue(StandardClaimNames.EMAIL);\n}",
                "dst_parent": "null"
              },
              "line": 92,
              "file": "/home/khesoem/projects/lighter/exp/molgenis-security/src/main/java/org/molgenis/security/oidc/model/OidcClientMetadata.java",
              "stats": {
                "number_of_src_entities": 38,
                "number_of_dst_entities": -1,
                "src_entity_types": "[boolean, java.lang.String, org.molgenis.security.oidc.model.OidcClientMetadata]",
                "dst_entity_types": "[]"
              }
            }
          ]
        }
      ]
    },
    {
      "revision": "06a1f4b7fa399142aa0047dfd8ef43277490e277",
      "repairability": [
        {
          "tool-name": "Elixir",
          "pattern-name": "Elixir:update_type_ref",
          "Unified_Diff_of-files:": "Starts Below...",
          "INSERT:": "        .setNillable(true);",
          "instance_detail": [
            {
              "pattern_action": "UPD",
              "pattern_entity": {
                "entity_type": "TypeReference",
                "entity_new value": "*",
                "entity_role": "*",
                "entity_parent": "null"
              },
              "concrete_change": {
                "operator": "UPD",
                "src_type": "TypeReference",
                "dst_type": "TypeReference",
                "src": "java.lang.String",
                "dst": "java.util.Optional\u003cjava.lang.String\u003e",
                "src_parent_type": "Method",
                "dst_parent_type": "Method",
                "src_parent": "public java.lang.String getClaimsRolePath() {\n    return getString(org.molgenis.security.oidc.model.OidcClientMetadata.CLAIMS_ROLE_PATH);\n}",
                "dst_parent": "public java.util.Optional\u003cjava.lang.String\u003e getClaimsRolePath() {\n    return java.util.Optional.ofNullable(getString(org.molgenis.security.oidc.model.OidcClientMetadata.CLAIMS_ROLE_PATH));\n}"
              },
              "line": 143,
              "file": "/home/khesoem/projects/lighter/exp/molgenis-security/src/main/java/org/molgenis/security/oidc/model/OidcClient.java",
              "stats": {
                "number_of_src_entities": 2,
                "number_of_dst_entities": 4,
                "src_entity_types": "[java.lang.String]",
                "dst_entity_types": "[java.util.Optional\u003cjava.lang.String\u003e, java.lang.String]"
              }
            }
          ]
        }
      ]
    },
    {
      "revision": "06a1f4b7fa399142aa0047dfd8ef43277490e277",
      "repairability": [
        {
          "tool-name": "Elixir",
          "pattern-name": "Elixir:update_return_deep",
          "Unified_Diff_of-files:": "Starts Below...",
          "INSERT:": "        .setNillable(true);",
          "instance_detail": [
            {
              "pattern_action": "ANY",
              "pattern_entity": {
                "entity_type": "*",
                "entity_new value": "*",
                "entity_role": "*",
                "entity_parent": {
                  "entity_type": "Return",
                  "entity_new value": "*",
                  "entity_role": "*",
                  "entity_parent": "null"
                }
              },
              "concrete_change": {
                "operator": "INS",
                "src_type": "VariableRead",
                "dst_type": "null",
                "src": "configMetadata",
                "dst": "null",
                "src_parent_type": "Invocation",
                "dst_parent_type": "null",
                "src_parent": "org.springframework.security.oauth2.client.registration.ClientRegistration.withRegistrationId(oidcClient.getRegistrationId()).authorizationGrantType(toAuthorizationGrantType(oidcClient)).authorizationUri(oidcClient.getAuthorizationUri()).clientAuthenticationMethod(toClientAuthenticationMethod(oidcClient)).clientId(oidcClient.getClientId()).clientName(oidcClient.getClientName()).clientSecret(oidcClient.getClientSecret()).jwkSetUri(oidcClient.getJwkSetUri()).redirectUriTemplate(org.molgenis.security.oidc.DataServiceClientRegistrationRepository.DEFAULT_REDIRECT_URI_TEMPLATE).scope(oidcClient.getScopes()).tokenUri(oidcClient.getTokenUri()).userInfoUri(oidcClient.getUserInfoUri()).userNameAttributeName(org.molgenis.security.oidc.SUB).providerConfigurationMetadata(configMetadata)",
                "dst_parent": "null"
              },
              "line": 68,
              "file": "/home/khesoem/projects/lighter/exp/molgenis-security/src/main/java/org/molgenis/security/oidc/DataServiceClientRegistrationRepository.java",
              "stats": {
                "number_of_src_entities": 8,
                "number_of_dst_entities": -1,
                "src_entity_types": "[java.lang.Object, java.lang.String, java.util.Map\u003cjava.lang.String, java.lang.Object\u003e]",
                "dst_entity_types": "[]"
              }
            }
          ]
        }
      ]
    },
    {
      "revision": "06a1f4b7fa399142aa0047dfd8ef43277490e277",
      "repairability": [
        {
          "tool-name": "Elixir",
          "pattern-name": "Elixir:update_type_ref",
          "Unified_Diff_of-files:": "Starts Below...",
          "INSERT:": "        .setNillable(true);",
          "instance_detail": [
            {
              "pattern_action": "UPD",
              "pattern_entity": {
                "entity_type": "TypeReference",
                "entity_new value": "*",
                "entity_role": "*",
                "entity_parent": "null"
              },
              "concrete_change": {
                "operator": "UPD",
                "src_type": "TypeReference",
                "dst_type": "TypeReference",
                "src": "java.lang.Object",
                "dst": "org.molgenis.security.oidc.var",
                "src_parent_type": "LocalVariable",
                "dst_parent_type": "LocalVariable",
                "src_parent": "java.lang.Object jsonPath \u003d clientRegistration.getProviderDetails().getConfigurationMetadata().get(org.molgenis.security.oidc.CLAIMS_ROLE_PATH)",
                "dst_parent": "org.molgenis.security.oidc.var rolesClaimValues \u003d clientRegistration.getProviderDetails().getConfigurationMetadata().get(org.molgenis.security.oidc.CLAIMS_ROLE_PATH)"
              },
              "line": 105,
              "file": "/home/khesoem/projects/lighter/exp/molgenis-security/src/main/java/org/molgenis/security/oidc/MappedOidcUserService.java",
              "stats": {
                "number_of_src_entities": 2,
                "number_of_dst_entities": 2,
                "src_entity_types": "[java.lang.Object]",
                "dst_entity_types": "[org.molgenis.security.oidc.var]"
              }
            }
          ]
        }
      ]
    }
  ],
  "complete_analysis": true
}