{
  "instances": [
    {
      "revision": "1cbad2025400816800cd56e9d98082fbe9ed1752",
      "repairability": [
        {
          "tool-name": "Elixir",
          "pattern-name": "Elixir:update_invocation",
          "Unified_Diff_of-files:": "Starts Below...",
          "CHANGE_old:": "",
          "CHANGE_new:": "    builder.setDetail(detail);",
          "instance_detail": [
            {
              "pattern_action": "UPD",
              "pattern_entity": {
                "entity_type": "AbstractInvocation",
                "entity_new value": "*",
                "entity_role": "*",
                "entity_parent": "null"
              },
              "concrete_change": {
                "operator": "UPD",
                "src_type": "Invocation",
                "dst_type": "Invocation",
                "src": "builder.setDetail(\"An error occurred.\")",
                "dst": "buildProblemErrorConstraintViolation(objectError, builder)",
                "src_parent_type": "Block",
                "dst_parent_type": "Block",
                "src_parent": "{\n    builder.setDetail(\"An error occurred.\");\n}",
                "dst_parent": "{\n    buildProblemErrorConstraintViolation(objectError, builder);\n}"
              },
              "line": 102,
              "file": "/home/khesoem/projects/lighter/exp/molgenis-web/src/main/java/org/molgenis/web/exception/ProblemExceptionResponseGenerator.java",
              "stats": {
                "number_of_src_entities": 11,
                "number_of_dst_entities": 16,
                "src_entity_types": "[java.lang.String, org.molgenis.web.exception.builder]",
                "dst_entity_types": "[org.springframework.validation.ObjectError, org.molgenis.web.exception.ProblemExceptionResponseGenerator]"
              }
            }
          ]
        },
        {
          "tool-name": "Elixir",
          "pattern-name": "Elixir:Insert_Invocation",
          "Unified_Diff_of-files:": "Starts Below...",
          "CHANGE_old:": "",
          "CHANGE_new:": "    builder.setDetail(detail);",
          "instance_detail": [
            {
              "pattern_action": "INS",
              "pattern_entity": {
                "entity_type": "AbstractInvocation",
                "entity_new value": "*",
                "entity_role": "*",
                "entity_parent": "null"
              },
              "concrete_change": {
                "operator": "INS",
                "src_type": "Invocation",
                "dst_type": "null",
                "src": "builder.setDetail(detail)",
                "dst": "null",
                "src_parent_type": "Block",
                "dst_parent_type": "null",
                "src_parent": "{\n    java.lang.String detail \u003d null;\n    java.lang.String detailCode \u003d null;\n    java.lang.String[] codes \u003d objectError.getCodes();\n    if (codes !\u003d null) {\n        for (java.lang.String code : codes) {\n            java.lang.String message \u003d contextMessageSource.getMessage(code, objectError.getArguments());\n            if ((message !\u003d null) \u0026\u0026 (!(message.equals(((\u0027#\u0027 + code) + \u0027#\u0027))))) {\n                detail \u003d message;\n                detailCode \u003d code;\n                break;\n            }\n        }\n    }\n    if (detail \u003d\u003d null) {\n        detail \u003d objectError.getDefaultMessage();\n        if (detail \u003d\u003d null) {\n            detail \u003d contextMessageSource.getMessage(\"org.molgenis.web.exception.ObjectError.generic\");\n        }\n    }\n    builder.setDetail(detail);\n    builder.setErrorCode((detailCode !\u003d null ? detailCode : objectError.getCode()));\n}",
                "dst_parent": "null"
              },
              "line": 143,
              "file": "/home/khesoem/projects/lighter/exp/molgenis-web/src/main/java/org/molgenis/web/exception/ProblemExceptionResponseGenerator.java",
              "stats": {
                "number_of_src_entities": 12,
                "number_of_dst_entities": -1,
                "src_entity_types": "[java.lang.String, org.molgenis.web.exception.builder]",
                "dst_entity_types": "[]"
              }
            }
          ]
        },
        {
          "tool-name": "Elixir",
          "pattern-name": "Elixir:update_invocation_deep",
          "Unified_Diff_of-files:": "Starts Below...",
          "CHANGE_old:": "",
          "CHANGE_new:": "    builder.setDetail(detail);",
          "instance_detail": [
            {
              "pattern_action": "ANY",
              "pattern_entity": {
                "entity_type": "*",
                "entity_new value": "*",
                "entity_role": "*",
                "entity_parent": {
                  "entity_type": "AbstractInvocation",
                  "entity_new value": "*",
                  "entity_role": "*",
                  "entity_parent": "null"
                }
              },
              "concrete_change": {
                "operator": "DEL",
                "src_type": "Literal",
                "dst_type": "null",
                "src": "\"An error occurred.\"",
                "dst": "null",
                "src_parent_type": "Invocation",
                "dst_parent_type": "null",
                "src_parent": "builder.setDetail(\"An error occurred.\")",
                "dst_parent": "null"
              },
              "line": 102,
              "file": "/home/khesoem/projects/lighter/exp/molgenis-web/src/main/java/org/molgenis/web/exception/ProblemExceptionResponseGenerator.java"
            }
          ]
        }
      ]
    }
  ],
  "complete_analysis": true
}