{
  "instances": [
    {
      "revision": "69339cdec3528632b6a7be595adabbcae8e223c1",
      "repairability": [
        {
          "tool-name": "Arja",
          "pattern-name": "Arja:arja_shallow_change",
          "Unified_Diff_of-files:": "Starts Below...",
          "INSERT:": "",
          "DELETE:": "        @Autowired",
          "CHANGE_old:": "                    this.apiTokenAuthManager,",
          "CHANGE_new:": "                    new ApiTokenAuthManager( userService, securityService, apiTokenService, cacheProvider ),",
          "instance_detail": [
            {
              "pattern_action": "ANY",
              "pattern_entity": {
                "entity_type": "Statement",
                "entity_new value": "*",
                "entity_role": "*",
                "entity_parent": "null"
              },
              "concrete_change": {
                "operator": "DEL",
                "src_type": "ConstructorCall",
                "dst_type": "null",
                "src": "new org.hisp.dhis.webapi.security.apikey.Dhis2ApiTokenFilter(this.apiTokenService, this.apiTokenAuthManager, apiTokenAuthenticationEntryPoint, authenticationEventPublisher)",
                "dst": "null",
                "src_parent_type": "LocalVariable",
                "dst_parent_type": "null",
                "src_parent": "org.hisp.dhis.webapi.security.apikey.Dhis2ApiTokenFilter tokenFilter \u003d new org.hisp.dhis.webapi.security.apikey.Dhis2ApiTokenFilter(this.apiTokenService, this.apiTokenAuthManager, apiTokenAuthenticationEntryPoint, authenticationEventPublisher)",
                "dst_parent": "null"
              },
              "line": 478,
              "file": "/home/khesoem/projects/lighter/exp/dhis-2/dhis-web-api/src/main/java/org/hisp/dhis/webapi/security/config/DhisWebApiWebSecurityConfig.java",
              "stats": {
                "number_of_src_entities": 66,
                "number_of_dst_entities": -1,
                "src_entity_types": "[java.lang.Object, org.hisp.dhis.webapi.security.config.DhisWebApiWebSecurityConfig, org.hisp.dhis.webapi.security.config.DhisWebApiWebSecurityConfig.ApiWebSecurityConfigurationAdapter]",
                "dst_entity_types": "[]"
              }
            }
          ]
        }
      ]
    }
  ],
  "complete_analysis": true
}