{
  "instances": [
    {
      "revision": "b3a9d2f2f50e268b6e34cf42ad62fa9aa5ada5fe",
      "repairability": [
        {
          "tool-name": "Arja",
          "pattern-name": "Arja:arja_shallow_change",
          "Unified_Diff_of-files:": "Starts Below...",
          "CHANGE_old:": "                \"order by executiondate \" + \"desc limit 1 )\";",
          "CHANGE_new:": "                ORDER_BY_EXECUTION_DATE_DESC_LIMIT_1 + \" )\";",
          "INSERT:": "",
          "instance_detail": [
            {
              "pattern_action": "ANY",
              "pattern_entity": {
                "entity_type": "Statement",
                "entity_new value": "*",
                "entity_role": "*",
                "entity_parent": "null"
              },
              "concrete_change": {
                "operator": "DEL",
                "src_type": "Invocation",
                "dst_type": "null",
                "src": "queryItem.getItemName()",
                "dst": "null",
                "src_parent_type": "Invocation",
                "dst_parent_type": "null",
                "src_parent": "quote(queryItem.getItemName())",
                "dst_parent": "null"
              },
              "line": 282,
              "file": "/home/khesoem/projects/lighter/exp/dhis-2/dhis-services/dhis-service-analytics/src/main/java/org/hisp/dhis/analytics/event/data/AbstractJdbcEventAnalyticsManager.java"
            }
          ]
        },
        {
          "tool-name": "Arja",
          "pattern-name": "Arja:arja_shallow_change",
          "Unified_Diff_of-files:": "Starts Below...",
          "CHANGE_old:": "                \"order by executiondate \" + \"desc limit 1 )\";",
          "CHANGE_new:": "                ORDER_BY_EXECUTION_DATE_DESC_LIMIT_1 + \" )\";",
          "INSERT:": "",
          "instance_detail": [
            {
              "pattern_action": "ANY",
              "pattern_entity": {
                "entity_type": "Statement",
                "entity_new value": "*",
                "entity_role": "*",
                "entity_parent": "null"
              },
              "concrete_change": {
                "operator": "DEL",
                "src_type": "Invocation",
                "dst_type": "null",
                "src": "quote(queryItem.getItemName())",
                "dst": "null",
                "src_parent_type": "LocalVariable",
                "dst_parent_type": "null",
                "src_parent": "java.lang.String colName \u003d quote(queryItem.getItemName())",
                "dst_parent": "null"
              },
              "line": 282,
              "file": "/home/khesoem/projects/lighter/exp/dhis-2/dhis-services/dhis-service-analytics/src/main/java/org/hisp/dhis/analytics/event/data/AbstractJdbcEventAnalyticsManager.java"
            }
          ]
        },
        {
          "tool-name": "Arja",
          "pattern-name": "Arja:arja_shallow_change",
          "Unified_Diff_of-files:": "Starts Below...",
          "CHANGE_old:": "                \"order by executiondate \" + \"desc limit 1 )\";",
          "CHANGE_new:": "                ORDER_BY_EXECUTION_DATE_DESC_LIMIT_1 + \" )\";",
          "INSERT:": "",
          "instance_detail": [
            {
              "pattern_action": "ANY",
              "pattern_entity": {
                "entity_type": "Statement",
                "entity_new value": "*",
                "entity_role": "*",
                "entity_parent": "null"
              },
              "concrete_change": {
                "operator": "DEL",
                "src_type": "LocalVariable",
                "dst_type": "null",
                "src": "java.lang.String colName \u003d quote(queryItem.getItemName())",
                "dst": "null",
                "src_parent_type": "Block",
                "dst_parent_type": "null",
                "src_parent": "{\n    java.lang.String colName \u003d quote(queryItem.getItemName());\n    java.lang.String coordSql \u003d ((((\"\u0027[\u0027 || round(ST_X(\" + colName) + \")::numeric, 6) || \u0027,\u0027 || round(ST_Y(\") + colName) + \")::numeric, 6) || \u0027]\u0027 as \") + colName;\n    columns.add(coordSql);\n}",
                "dst_parent": "null"
              },
              "line": 282,
              "file": "/home/khesoem/projects/lighter/exp/dhis-2/dhis-services/dhis-service-analytics/src/main/java/org/hisp/dhis/analytics/event/data/AbstractJdbcEventAnalyticsManager.java",
              "stats": {
                "number_of_src_entities": 22,
                "number_of_dst_entities": -1,
                "src_entity_types": "[org.hisp.dhis.common.QueryItem, java.lang.String, org.hisp.dhis.analytics.event.data.AbstractJdbcEventAnalyticsManager]",
                "dst_entity_types": "[]"
              }
            }
          ]
        },
        {
          "tool-name": "Arja",
          "pattern-name": "Arja:arja_shallow_change",
          "Unified_Diff_of-files:": "Starts Below...",
          "CHANGE_old:": "                \"order by executiondate \" + \"desc limit 1 )\";",
          "CHANGE_new:": "                ORDER_BY_EXECUTION_DATE_DESC_LIMIT_1 + \" )\";",
          "INSERT:": "",
          "instance_detail": [
            {
              "pattern_action": "ANY",
              "pattern_entity": {
                "entity_type": "Statement",
                "entity_new value": "*",
                "entity_role": "*",
                "entity_parent": "null"
              },
              "concrete_change": {
                "operator": "DEL",
                "src_type": "LocalVariable",
                "dst_type": "null",
                "src": "java.lang.String coordSql \u003d ((((\"\u0027[\u0027 || round(ST_X(\" + colName) + \")::numeric, 6) || \u0027,\u0027 || round(ST_Y(\") + colName) + \")::numeric, 6) || \u0027]\u0027 as \") + colName",
                "dst": "null",
                "src_parent_type": "Block",
                "dst_parent_type": "null",
                "src_parent": "{\n    java.lang.String colName \u003d quote(queryItem.getItemName());\n    java.lang.String coordSql \u003d ((((\"\u0027[\u0027 || round(ST_X(\" + colName) + \")::numeric, 6) || \u0027,\u0027 || round(ST_Y(\") + colName) + \")::numeric, 6) || \u0027]\u0027 as \") + colName;\n    columns.add(coordSql);\n}",
                "dst_parent": "null"
              },
              "line": 284,
              "file": "/home/khesoem/projects/lighter/exp/dhis-2/dhis-services/dhis-service-analytics/src/main/java/org/hisp/dhis/analytics/event/data/AbstractJdbcEventAnalyticsManager.java",
              "stats": {
                "number_of_src_entities": 39,
                "number_of_dst_entities": -1,
                "src_entity_types": "[java.lang.String]",
                "dst_entity_types": "[]"
              }
            }
          ]
        },
        {
          "tool-name": "Arja",
          "pattern-name": "Arja:arja_shallow_change",
          "Unified_Diff_of-files:": "Starts Below...",
          "CHANGE_old:": "                \"order by executiondate \" + \"desc limit 1 )\";",
          "CHANGE_new:": "                ORDER_BY_EXECUTION_DATE_DESC_LIMIT_1 + \" )\";",
          "INSERT:": "",
          "instance_detail": [
            {
              "pattern_action": "ANY",
              "pattern_entity": {
                "entity_type": "Statement",
                "entity_new value": "*",
                "entity_role": "*",
                "entity_parent": "null"
              },
              "concrete_change": {
                "operator": "DEL",
                "src_type": "Invocation",
                "dst_type": "null",
                "src": "columns.add(coordSql)",
                "dst": "null",
                "src_parent_type": "Block",
                "dst_parent_type": "null",
                "src_parent": "{\n    java.lang.String colName \u003d quote(queryItem.getItemName());\n    java.lang.String coordSql \u003d ((((\"\u0027[\u0027 || round(ST_X(\" + colName) + \")::numeric, 6) || \u0027,\u0027 || round(ST_Y(\") + colName) + \")::numeric, 6) || \u0027]\u0027 as \") + colName;\n    columns.add(coordSql);\n}",
                "dst_parent": "null"
              },
              "line": 287,
              "file": "/home/khesoem/projects/lighter/exp/dhis-2/dhis-services/dhis-service-analytics/src/main/java/org/hisp/dhis/analytics/event/data/AbstractJdbcEventAnalyticsManager.java",
              "stats": {
                "number_of_src_entities": 17,
                "number_of_dst_entities": -1,
                "src_entity_types": "[java.lang.String, java.util.List\u003cjava.lang.String\u003e, java.util.List]",
                "dst_entity_types": "[]"
              }
            }
          ]
        },
        {
          "tool-name": "Arja",
          "pattern-name": "Arja:arja_shallow_change",
          "Unified_Diff_of-files:": "Starts Below...",
          "CHANGE_old:": "                \"order by executiondate \" + \"desc limit 1 )\";",
          "CHANGE_new:": "                ORDER_BY_EXECUTION_DATE_DESC_LIMIT_1 + \" )\";",
          "INSERT:": "",
          "instance_detail": [
            {
              "pattern_action": "ANY",
              "pattern_entity": {
                "entity_type": "Statement",
                "entity_new value": "*",
                "entity_role": "*",
                "entity_parent": "null"
              },
              "concrete_change": {
                "operator": "DEL",
                "src_type": "Invocation",
                "dst_type": "null",
                "src": "(queryItem.getItemId())",
                "dst": "null",
                "src_parent_type": "BinaryOperator",
                "dst_parent_type": "null",
                "src_parent": "((queryItem.getItemId()) + (OU_GEOMETRY_COL_SUFFIX))",
                "dst_parent": "null"
              },
              "line": 293,
              "file": "/home/khesoem/projects/lighter/exp/dhis-2/dhis-services/dhis-service-analytics/src/main/java/org/hisp/dhis/analytics/event/data/AbstractJdbcEventAnalyticsManager.java"
            }
          ]
        },
        {
          "tool-name": "Arja",
          "pattern-name": "Arja:arja_shallow_change",
          "Unified_Diff_of-files:": "Starts Below...",
          "CHANGE_old:": "                \"order by executiondate \" + \"desc limit 1 )\";",
          "CHANGE_new:": "                ORDER_BY_EXECUTION_DATE_DESC_LIMIT_1 + \" )\";",
          "INSERT:": "",
          "instance_detail": [
            {
              "pattern_action": "ANY",
              "pattern_entity": {
                "entity_type": "Statement",
                "entity_new value": "*",
                "entity_role": "*",
                "entity_parent": "null"
              },
              "concrete_change": {
                "operator": "DEL",
                "src_type": "Invocation",
                "dst_type": "null",
                "src": "quote(((queryItem.getItemId()) + (OU_GEOMETRY_COL_SUFFIX)))",
                "dst": "null",
                "src_parent_type": "LocalVariable",
                "dst_parent_type": "null",
                "src_parent": "java.lang.String colName \u003d quote(((queryItem.getItemId()) + (OU_GEOMETRY_COL_SUFFIX)))",
                "dst_parent": "null"
              },
              "line": 293,
              "file": "/home/khesoem/projects/lighter/exp/dhis-2/dhis-services/dhis-service-analytics/src/main/java/org/hisp/dhis/analytics/event/data/AbstractJdbcEventAnalyticsManager.java"
            }
          ]
        },
        {
          "tool-name": "Arja",
          "pattern-name": "Arja:arja_shallow_change",
          "Unified_Diff_of-files:": "Starts Below...",
          "CHANGE_old:": "                \"order by executiondate \" + \"desc limit 1 )\";",
          "CHANGE_new:": "                ORDER_BY_EXECUTION_DATE_DESC_LIMIT_1 + \" )\";",
          "INSERT:": "",
          "instance_detail": [
            {
              "pattern_action": "ANY",
              "pattern_entity": {
                "entity_type": "Statement",
                "entity_new value": "*",
                "entity_role": "*",
                "entity_parent": "null"
              },
              "concrete_change": {
                "operator": "DEL",
                "src_type": "LocalVariable",
                "dst_type": "null",
                "src": "java.lang.String colName \u003d quote(((queryItem.getItemId()) + (OU_GEOMETRY_COL_SUFFIX)))",
                "dst": "null",
                "src_parent_type": "Block",
                "dst_parent_type": "null",
                "src_parent": "{\n    java.lang.String colName \u003d quote(((queryItem.getItemId()) + (OU_GEOMETRY_COL_SUFFIX)));\n    java.lang.String coordSql \u003d ((((\"\u0027[\u0027 || round(ST_X(ST_Centroid(\" + colName) + \"))::numeric, 6) || \u0027,\u0027 || round(ST_Y(ST_Centroid(\") + colName) + \"))::numeric, 6) || \u0027]\u0027 as \") + colName;\n    columns.add(coordSql);\n}",
                "dst_parent": "null"
              },
              "line": 293,
              "file": "/home/khesoem/projects/lighter/exp/dhis-2/dhis-services/dhis-service-analytics/src/main/java/org/hisp/dhis/analytics/event/data/AbstractJdbcEventAnalyticsManager.java",
              "stats": {
                "number_of_src_entities": 27,
                "number_of_dst_entities": -1,
                "src_entity_types": "[org.hisp.dhis.common.QueryItem, java.lang.String, org.hisp.dhis.analytics.event.data.AbstractJdbcEventAnalyticsManager]",
                "dst_entity_types": "[]"
              }
            }
          ]
        },
        {
          "tool-name": "Arja",
          "pattern-name": "Arja:arja_shallow_change",
          "Unified_Diff_of-files:": "Starts Below...",
          "CHANGE_old:": "                \"order by executiondate \" + \"desc limit 1 )\";",
          "CHANGE_new:": "                ORDER_BY_EXECUTION_DATE_DESC_LIMIT_1 + \" )\";",
          "INSERT:": "",
          "instance_detail": [
            {
              "pattern_action": "ANY",
              "pattern_entity": {
                "entity_type": "Statement",
                "entity_new value": "*",
                "entity_role": "*",
                "entity_parent": "null"
              },
              "concrete_change": {
                "operator": "DEL",
                "src_type": "LocalVariable",
                "dst_type": "null",
                "src": "java.lang.String coordSql \u003d ((((\"\u0027[\u0027 || round(ST_X(ST_Centroid(\" + colName) + \"))::numeric, 6) || \u0027,\u0027 || round(ST_Y(ST_Centroid(\") + colName) + \"))::numeric, 6) || \u0027]\u0027 as \") + colName",
                "dst": "null",
                "src_parent_type": "Block",
                "dst_parent_type": "null",
                "src_parent": "{\n    java.lang.String colName \u003d quote(((queryItem.getItemId()) + (OU_GEOMETRY_COL_SUFFIX)));\n    java.lang.String coordSql \u003d ((((\"\u0027[\u0027 || round(ST_X(ST_Centroid(\" + colName) + \"))::numeric, 6) || \u0027,\u0027 || round(ST_Y(ST_Centroid(\") + colName) + \"))::numeric, 6) || \u0027]\u0027 as \") + colName;\n    columns.add(coordSql);\n}",
                "dst_parent": "null"
              },
              "line": 295,
              "file": "/home/khesoem/projects/lighter/exp/dhis-2/dhis-services/dhis-service-analytics/src/main/java/org/hisp/dhis/analytics/event/data/AbstractJdbcEventAnalyticsManager.java",
              "stats": {
                "number_of_src_entities": 39,
                "number_of_dst_entities": -1,
                "src_entity_types": "[java.lang.String]",
                "dst_entity_types": "[]"
              }
            }
          ]
        },
        {
          "tool-name": "Arja",
          "pattern-name": "Arja:arja_shallow_change",
          "Unified_Diff_of-files:": "Starts Below...",
          "CHANGE_old:": "                \"order by executiondate \" + \"desc limit 1 )\";",
          "CHANGE_new:": "                ORDER_BY_EXECUTION_DATE_DESC_LIMIT_1 + \" )\";",
          "INSERT:": "",
          "instance_detail": [
            {
              "pattern_action": "ANY",
              "pattern_entity": {
                "entity_type": "Statement",
                "entity_new value": "*",
                "entity_role": "*",
                "entity_parent": "null"
              },
              "concrete_change": {
                "operator": "DEL",
                "src_type": "Invocation",
                "dst_type": "null",
                "src": "columns.add(coordSql)",
                "dst": "null",
                "src_parent_type": "Block",
                "dst_parent_type": "null",
                "src_parent": "{\n    java.lang.String colName \u003d quote(((queryItem.getItemId()) + (OU_GEOMETRY_COL_SUFFIX)));\n    java.lang.String coordSql \u003d ((((\"\u0027[\u0027 || round(ST_X(ST_Centroid(\" + colName) + \"))::numeric, 6) || \u0027,\u0027 || round(ST_Y(ST_Centroid(\") + colName) + \"))::numeric, 6) || \u0027]\u0027 as \") + colName;\n    columns.add(coordSql);\n}",
                "dst_parent": "null"
              },
              "line": 299,
              "file": "/home/khesoem/projects/lighter/exp/dhis-2/dhis-services/dhis-service-analytics/src/main/java/org/hisp/dhis/analytics/event/data/AbstractJdbcEventAnalyticsManager.java",
              "stats": {
                "number_of_src_entities": 17,
                "number_of_dst_entities": -1,
                "src_entity_types": "[java.lang.String, java.util.List\u003cjava.lang.String\u003e, java.util.List]",
                "dst_entity_types": "[]"
              }
            }
          ]
        },
        {
          "tool-name": "Arja",
          "pattern-name": "Arja:arja_shallow_change",
          "Unified_Diff_of-files:": "Starts Below...",
          "CHANGE_old:": "                \"order by executiondate \" + \"desc limit 1 )\";",
          "CHANGE_new:": "                ORDER_BY_EXECUTION_DATE_DESC_LIMIT_1 + \" )\";",
          "INSERT:": "",
          "instance_detail": [
            {
              "pattern_action": "ANY",
              "pattern_entity": {
                "entity_type": "Statement",
                "entity_new value": "*",
                "entity_role": "*",
                "entity_parent": "null"
              },
              "concrete_change": {
                "operator": "DEL",
                "src_type": "Invocation",
                "dst_type": "null",
                "src": "(queryItem.getItemName())",
                "dst": "null",
                "src_parent_type": "BinaryOperator",
                "dst_parent_type": "null",
                "src_parent": "((queryItem.getItemName()) + (OU_NAME_COL_SUFFIX))",
                "dst_parent": "null"
              },
              "line": 303,
              "file": "/home/khesoem/projects/lighter/exp/dhis-2/dhis-services/dhis-service-analytics/src/main/java/org/hisp/dhis/analytics/event/data/AbstractJdbcEventAnalyticsManager.java"
            }
          ]
        }
      ]
    },
    {
      "revision": "b3a9d2f2f50e268b6e34cf42ad62fa9aa5ada5fe",
      "repairability": [
        {
          "tool-name": "Arja",
          "pattern-name": "Arja:arja_shallow_change",
          "Unified_Diff_of-files:": "Starts Below...",
          "CHANGE_old:": "                \"order by executiondate \" + \"desc limit 1 )\";",
          "CHANGE_new:": "                ORDER_BY_EXECUTION_DATE_DESC_LIMIT_1 + \" )\";",
          "INSERT:": "",
          "instance_detail": [
            {
              "pattern_action": "ANY",
              "pattern_entity": {
                "entity_type": "Statement",
                "entity_new value": "*",
                "entity_role": "*",
                "entity_parent": "null"
              },
              "concrete_change": {
                "operator": "INS",
                "src_type": "Assignment",
                "dst_type": "null",
                "src": "colName \u003d quote(colName)",
                "dst": "null",
                "src_parent_type": "Block",
                "dst_parent_type": "null",
                "src_parent": "{\n    assertProgram(item);\n    colName \u003d quote(colName);\n    final java.lang.String eventTableName \u003d (org.hisp.dhis.analytics.event.data.JdbcEnrollmentAnalyticsManager.ANALYTICS_EVENT) + (item.getProgram().getUid());\n    return (((((((((((((((\"(select \" + colName) + \" from \") + eventTableName) + \" where \") + eventTableName) + \".pi \u003d \") + (ANALYTICS_TBL_ALIAS)) + \".pi \") + \"and \") + colName) + \" is not null \") + \"and ps \u003d \u0027\") + (item.getProgramStage().getUid())) + \"\u0027 \") + (org.hisp.dhis.analytics.event.data.JdbcEnrollmentAnalyticsManager.ORDER_BY_EXECUTION_DATE_DESC_LIMIT_1)) + \" )\";\n}",
                "dst_parent": "null"
              },
              "line": 444,
              "file": "/home/khesoem/projects/lighter/exp/dhis-2/dhis-services/dhis-service-analytics/src/main/java/org/hisp/dhis/analytics/event/data/JdbcEnrollmentAnalyticsManager.java",
              "stats": {
                "number_of_src_entities": 23,
                "number_of_dst_entities": -1,
                "src_entity_types": "[java.lang.String, org.hisp.dhis.analytics.event.data.JdbcEnrollmentAnalyticsManager]",
                "dst_entity_types": "[]"
              }
            }
          ]
        }
      ]
    }
  ],
  "complete_analysis": true
}