{
  "instances": [
    {
      "revision": "ddf079ec587113192fd380dfb7a5ad4e379ee1cd",
      "repairability": [
        {
          "tool-name": "Arja",
          "pattern-name": "Arja:arja_shallow_change",
          "Unified_Diff_of-files:": "Starts Below...",
          "INSERT:": "import java.util.Optional;",
          "CHANGE_old:": "",
          "CHANGE_new:": "            ? Optional.ofNullable( timeField ).orElse( AnalyticsPeriodBoundary.DB_EVENT_DATE )",
          "instance_detail": [
            {
              "pattern_action": "ANY",
              "pattern_entity": {
                "entity_type": "Statement",
                "entity_new value": "*",
                "entity_role": "*",
                "entity_parent": "null"
              },
              "concrete_change": {
                "operator": "DEL",
                "src_type": "Invocation",
                "dst_type": "null",
                "src": "params.hasTimeField()",
                "dst": "null",
                "src_parent_type": "Conditional",
                "dst_parent_type": "null",
                "src_parent": "params.hasTimeField() ? DATE_PERIOD_STRUCT_ALIAS : ANALYTICS_TBL_ALIAS",
                "dst_parent": "null"
              },
              "line": 655,
              "file": "/home/khesoem/projects/lighter/exp/dhis-2/dhis-services/dhis-service-analytics/src/main/java/org/hisp/dhis/analytics/event/data/AbstractJdbcEventAnalyticsManager.java"
            }
          ]
        },
        {
          "tool-name": "Arja",
          "pattern-name": "Arja:arja_shallow_change",
          "Unified_Diff_of-files:": "Starts Below...",
          "INSERT:": "import java.util.Optional;",
          "CHANGE_old:": "",
          "CHANGE_new:": "            ? Optional.ofNullable( timeField ).orElse( AnalyticsPeriodBoundary.DB_EVENT_DATE )",
          "instance_detail": [
            {
              "pattern_action": "ANY",
              "pattern_entity": {
                "entity_type": "Statement",
                "entity_new value": "*",
                "entity_role": "*",
                "entity_parent": "null"
              },
              "concrete_change": {
                "operator": "DEL",
                "src_type": "Return",
                "dst_type": "null",
                "src": "return params.hasTimeField() ? DATE_PERIOD_STRUCT_ALIAS : ANALYTICS_TBL_ALIAS",
                "dst": "null",
                "src_parent_type": "Block",
                "dst_parent_type": "null",
                "src_parent": "{\n    return params.hasTimeField() ? DATE_PERIOD_STRUCT_ALIAS : ANALYTICS_TBL_ALIAS;\n}",
                "dst_parent": "null"
              },
              "line": 655,
              "file": "/home/khesoem/projects/lighter/exp/dhis-2/dhis-services/dhis-service-analytics/src/main/java/org/hisp/dhis/analytics/event/data/AbstractJdbcEventAnalyticsManager.java"
            }
          ]
        }
      ]
    },
    {
      "revision": "ddf079ec587113192fd380dfb7a5ad4e379ee1cd",
      "repairability": [
        {
          "tool-name": "Arja",
          "pattern-name": "Arja:arja_shallow_change",
          "Unified_Diff_of-files:": "Starts Below...",
          "INSERT:": "import java.util.Optional;",
          "CHANGE_old:": "",
          "CHANGE_new:": "            ? Optional.ofNullable( timeField ).orElse( AnalyticsPeriodBoundary.DB_EVENT_DATE )",
          "instance_detail": [
            {
              "pattern_action": "ANY",
              "pattern_entity": {
                "entity_type": "Statement",
                "entity_new value": "*",
                "entity_role": "*",
                "entity_parent": "null"
              },
              "concrete_change": {
                "operator": "DEL",
                "src_type": "Invocation",
                "dst_type": "null",
                "src": "params.hasNonDefaultBoundaries()",
                "dst": "null",
                "src_parent_type": "If",
                "dst_parent_type": "null",
                "src_parent": "if (params.hasNonDefaultBoundaries()) {\n    for (org.hisp.dhis.program.AnalyticsPeriodBoundary boundary : params.getProgramIndicator().getAnalyticsPeriodBoundaries()) {\n        sql +\u003d (((hlp.whereAnd()) + \" \") + (statementBuilder.getBoundaryCondition(boundary, params.getProgramIndicator(), params.getEarliestStartDate(), params.getLatestEndDate()))) + \" \";\n    }\n} else\n    if (params.hasStartEndDate()) {\n        java.lang.String timeCol \u003d ((params.getOutputType()) \u003d\u003d (org.hisp.dhis.analytics.EventOutputType.ENROLLMENT)) ? quoteAlias(TimeField.ENROLLMENT_DATE.getField()) : quoteAlias(TimeField.EVENT_DATE.getField());\n        sql +\u003d (((((hlp.whereAnd()) + \" \") + timeCol) + \" \u003e\u003d \u0027\") + (getMediumDateString(params.getStartDate()))) + \"\u0027 \";\n        sql +\u003d (((((hlp.whereAnd()) + \" \") + timeCol) + \" \u003c\u003d \u0027\") + (getMediumDateString(params.getEndDate()))) + \"\u0027 \";\n    } else {\n        java.lang.String alias \u003d getPeriodAlias(params);\n        sql +\u003d (((((hlp.whereAnd()) + \" \") + (quote(alias, params.getPeriodType().toLowerCase()))) + (org.hisp.dhis.analytics.event.data.JdbcEventAnalyticsManager.OPEN_IN)) + (getQuotedCommaDelimitedString(getUids(params.getDimensionOrFilterItems(org.hisp.dhis.analytics.event.data.PERIOD_DIM_ID))))) + \") \";\n    }\n",
                "dst_parent": "null"
              },
              "line": 400,
              "file": "/home/khesoem/projects/lighter/exp/dhis-2/dhis-services/dhis-service-analytics/src/main/java/org/hisp/dhis/analytics/event/data/JdbcEventAnalyticsManager.java"
            }
          ]
        },
        {
          "tool-name": "Arja",
          "pattern-name": "Arja:arja_shallow_change",
          "Unified_Diff_of-files:": "Starts Below...",
          "INSERT:": "import java.util.Optional;",
          "CHANGE_old:": "",
          "CHANGE_new:": "            ? Optional.ofNullable( timeField ).orElse( AnalyticsPeriodBoundary.DB_EVENT_DATE )",
          "instance_detail": [
            {
              "pattern_action": "ANY",
              "pattern_entity": {
                "entity_type": "Statement",
                "entity_new value": "*",
                "entity_role": "*",
                "entity_parent": "null"
              },
              "concrete_change": {
                "operator": "DEL",
                "src_type": "LocalVariable",
                "dst_type": "null",
                "src": "org.hisp.dhis.program.AnalyticsPeriodBoundary boundary",
                "dst": "null",
                "src_parent_type": "ForEach",
                "dst_parent_type": "null",
                "src_parent": "for (org.hisp.dhis.program.AnalyticsPeriodBoundary boundary : params.getProgramIndicator().getAnalyticsPeriodBoundaries()) {\n    sql +\u003d (((hlp.whereAnd()) + \" \") + (statementBuilder.getBoundaryCondition(boundary, params.getProgramIndicator(), params.getEarliestStartDate(), params.getLatestEndDate()))) + \" \";\n}",
                "dst_parent": "null"
              },
              "line": 402,
              "file": "/home/khesoem/projects/lighter/exp/dhis-2/dhis-services/dhis-service-analytics/src/main/java/org/hisp/dhis/analytics/event/data/JdbcEventAnalyticsManager.java"
            }
          ]
        },
        {
          "tool-name": "Arja",
          "pattern-name": "Arja:arja_shallow_change",
          "Unified_Diff_of-files:": "Starts Below...",
          "INSERT:": "import java.util.Optional;",
          "CHANGE_old:": "",
          "CHANGE_new:": "            ? Optional.ofNullable( timeField ).orElse( AnalyticsPeriodBoundary.DB_EVENT_DATE )",
          "instance_detail": [
            {
              "pattern_action": "ANY",
              "pattern_entity": {
                "entity_type": "Statement",
                "entity_new value": "*",
                "entity_role": "*",
                "entity_parent": "null"
              },
              "concrete_change": {
                "operator": "DEL",
                "src_type": "Invocation",
                "dst_type": "null",
                "src": "params.getProgramIndicator()",
                "dst": "null",
                "src_parent_type": "Invocation",
                "dst_parent_type": "null",
                "src_parent": "params.getProgramIndicator().getAnalyticsPeriodBoundaries()",
                "dst_parent": "null"
              },
              "line": 402,
              "file": "/home/khesoem/projects/lighter/exp/dhis-2/dhis-services/dhis-service-analytics/src/main/java/org/hisp/dhis/analytics/event/data/JdbcEventAnalyticsManager.java"
            }
          ]
        },
        {
          "tool-name": "Arja",
          "pattern-name": "Arja:arja_shallow_change",
          "Unified_Diff_of-files:": "Starts Below...",
          "INSERT:": "import java.util.Optional;",
          "CHANGE_old:": "",
          "CHANGE_new:": "            ? Optional.ofNullable( timeField ).orElse( AnalyticsPeriodBoundary.DB_EVENT_DATE )",
          "instance_detail": [
            {
              "pattern_action": "ANY",
              "pattern_entity": {
                "entity_type": "Statement",
                "entity_new value": "*",
                "entity_role": "*",
                "entity_parent": "null"
              },
              "concrete_change": {
                "operator": "DEL",
                "src_type": "Invocation",
                "dst_type": "null",
                "src": "params.getProgramIndicator().getAnalyticsPeriodBoundaries()",
                "dst": "null",
                "src_parent_type": "ForEach",
                "dst_parent_type": "null",
                "src_parent": "for (org.hisp.dhis.program.AnalyticsPeriodBoundary boundary : params.getProgramIndicator().getAnalyticsPeriodBoundaries()) {\n    sql +\u003d (((hlp.whereAnd()) + \" \") + (statementBuilder.getBoundaryCondition(boundary, params.getProgramIndicator(), params.getEarliestStartDate(), params.getLatestEndDate()))) + \" \";\n}",
                "dst_parent": "null"
              },
              "line": 402,
              "file": "/home/khesoem/projects/lighter/exp/dhis-2/dhis-services/dhis-service-analytics/src/main/java/org/hisp/dhis/analytics/event/data/JdbcEventAnalyticsManager.java"
            }
          ]
        },
        {
          "tool-name": "Arja",
          "pattern-name": "Arja:arja_shallow_change",
          "Unified_Diff_of-files:": "Starts Below...",
          "INSERT:": "import java.util.Optional;",
          "CHANGE_old:": "",
          "CHANGE_new:": "            ? Optional.ofNullable( timeField ).orElse( AnalyticsPeriodBoundary.DB_EVENT_DATE )",
          "instance_detail": [
            {
              "pattern_action": "ANY",
              "pattern_entity": {
                "entity_type": "Statement",
                "entity_new value": "*",
                "entity_role": "*",
                "entity_parent": "null"
              },
              "concrete_change": {
                "operator": "DEL",
                "src_type": "Invocation",
                "dst_type": "null",
                "src": "params.getProgramIndicator()",
                "dst": "null",
                "src_parent_type": "Invocation",
                "dst_parent_type": "null",
                "src_parent": "(statementBuilder.getBoundaryCondition(boundary, params.getProgramIndicator(), params.getEarliestStartDate(), params.getLatestEndDate()))",
                "dst_parent": "null"
              },
              "line": 405,
              "file": "/home/khesoem/projects/lighter/exp/dhis-2/dhis-services/dhis-service-analytics/src/main/java/org/hisp/dhis/analytics/event/data/JdbcEventAnalyticsManager.java"
            }
          ]
        },
        {
          "tool-name": "Arja",
          "pattern-name": "Arja:arja_shallow_change",
          "Unified_Diff_of-files:": "Starts Below...",
          "INSERT:": "import java.util.Optional;",
          "CHANGE_old:": "",
          "CHANGE_new:": "            ? Optional.ofNullable( timeField ).orElse( AnalyticsPeriodBoundary.DB_EVENT_DATE )",
          "instance_detail": [
            {
              "pattern_action": "ANY",
              "pattern_entity": {
                "entity_type": "Statement",
                "entity_new value": "*",
                "entity_role": "*",
                "entity_parent": "null"
              },
              "concrete_change": {
                "operator": "DEL",
                "src_type": "Invocation",
                "dst_type": "null",
                "src": "params.getEarliestStartDate()",
                "dst": "null",
                "src_parent_type": "Invocation",
                "dst_parent_type": "null",
                "src_parent": "(statementBuilder.getBoundaryCondition(boundary, params.getProgramIndicator(), params.getEarliestStartDate(), params.getLatestEndDate()))",
                "dst_parent": "null"
              },
              "line": 406,
              "file": "/home/khesoem/projects/lighter/exp/dhis-2/dhis-services/dhis-service-analytics/src/main/java/org/hisp/dhis/analytics/event/data/JdbcEventAnalyticsManager.java"
            }
          ]
        },
        {
          "tool-name": "Arja",
          "pattern-name": "Arja:arja_shallow_change",
          "Unified_Diff_of-files:": "Starts Below...",
          "INSERT:": "import java.util.Optional;",
          "CHANGE_old:": "",
          "CHANGE_new:": "            ? Optional.ofNullable( timeField ).orElse( AnalyticsPeriodBoundary.DB_EVENT_DATE )",
          "instance_detail": [
            {
              "pattern_action": "ANY",
              "pattern_entity": {
                "entity_type": "Statement",
                "entity_new value": "*",
                "entity_role": "*",
                "entity_parent": "null"
              },
              "concrete_change": {
                "operator": "DEL",
                "src_type": "Invocation",
                "dst_type": "null",
                "src": "params.getLatestEndDate()",
                "dst": "null",
                "src_parent_type": "Invocation",
                "dst_parent_type": "null",
                "src_parent": "(statementBuilder.getBoundaryCondition(boundary, params.getProgramIndicator(), params.getEarliestStartDate(), params.getLatestEndDate()))",
                "dst_parent": "null"
              },
              "line": 406,
              "file": "/home/khesoem/projects/lighter/exp/dhis-2/dhis-services/dhis-service-analytics/src/main/java/org/hisp/dhis/analytics/event/data/JdbcEventAnalyticsManager.java"
            }
          ]
        },
        {
          "tool-name": "Arja",
          "pattern-name": "Arja:arja_shallow_change",
          "Unified_Diff_of-files:": "Starts Below...",
          "INSERT:": "import java.util.Optional;",
          "CHANGE_old:": "",
          "CHANGE_new:": "            ? Optional.ofNullable( timeField ).orElse( AnalyticsPeriodBoundary.DB_EVENT_DATE )",
          "instance_detail": [
            {
              "pattern_action": "ANY",
              "pattern_entity": {
                "entity_type": "Statement",
                "entity_new value": "*",
                "entity_role": "*",
                "entity_parent": "null"
              },
              "concrete_change": {
                "operator": "DEL",
                "src_type": "Invocation",
                "dst_type": "null",
                "src": "(statementBuilder.getBoundaryCondition(boundary, params.getProgramIndicator(), params.getEarliestStartDate(), params.getLatestEndDate()))",
                "dst": "null",
                "src_parent_type": "BinaryOperator",
                "dst_parent_type": "null",
                "src_parent": "(((hlp.whereAnd()) + \" \") + (statementBuilder.getBoundaryCondition(boundary, params.getProgramIndicator(), params.getEarliestStartDate(), params.getLatestEndDate())))",
                "dst_parent": "null"
              },
              "line": 405,
              "file": "/home/khesoem/projects/lighter/exp/dhis-2/dhis-services/dhis-service-analytics/src/main/java/org/hisp/dhis/analytics/event/data/JdbcEventAnalyticsManager.java"
            }
          ]
        },
        {
          "tool-name": "Arja",
          "pattern-name": "Arja:arja_shallow_change",
          "Unified_Diff_of-files:": "Starts Below...",
          "INSERT:": "import java.util.Optional;",
          "CHANGE_old:": "",
          "CHANGE_new:": "            ? Optional.ofNullable( timeField ).orElse( AnalyticsPeriodBoundary.DB_EVENT_DATE )",
          "instance_detail": [
            {
              "pattern_action": "ANY",
              "pattern_entity": {
                "entity_type": "Statement",
                "entity_new value": "*",
                "entity_role": "*",
                "entity_parent": "null"
              },
              "concrete_change": {
                "operator": "DEL",
                "src_type": "OperatorAssignment",
                "dst_type": "null",
                "src": "sql +\u003d (((hlp.whereAnd()) + \" \") + (statementBuilder.getBoundaryCondition(boundary, params.getProgramIndicator(), params.getEarliestStartDate(), params.getLatestEndDate()))) + \" \"",
                "dst": "null",
                "src_parent_type": "Block",
                "dst_parent_type": "null",
                "src_parent": "{\n    sql +\u003d (((hlp.whereAnd()) + \" \") + (statementBuilder.getBoundaryCondition(boundary, params.getProgramIndicator(), params.getEarliestStartDate(), params.getLatestEndDate()))) + \" \";\n}",
                "dst_parent": "null"
              },
              "line": 404,
              "file": "/home/khesoem/projects/lighter/exp/dhis-2/dhis-services/dhis-service-analytics/src/main/java/org/hisp/dhis/analytics/event/data/JdbcEventAnalyticsManager.java"
            }
          ]
        },
        {
          "tool-name": "Arja",
          "pattern-name": "Arja:arja_shallow_change",
          "Unified_Diff_of-files:": "Starts Below...",
          "INSERT:": "import java.util.Optional;",
          "CHANGE_old:": "",
          "CHANGE_new:": "            ? Optional.ofNullable( timeField ).orElse( AnalyticsPeriodBoundary.DB_EVENT_DATE )",
          "instance_detail": [
            {
              "pattern_action": "ANY",
              "pattern_entity": {
                "entity_type": "Statement",
                "entity_new value": "*",
                "entity_role": "*",
                "entity_parent": "null"
              },
              "concrete_change": {
                "operator": "DEL",
                "src_type": "ForEach",
                "dst_type": "null",
                "src": "for (org.hisp.dhis.program.AnalyticsPeriodBoundary boundary : params.getProgramIndicator().getAnalyticsPeriodBoundaries()) {\n    sql +\u003d (((hlp.whereAnd()) + \" \") + (statementBuilder.getBoundaryCondition(boundary, params.getProgramIndicator(), params.getEarliestStartDate(), params.getLatestEndDate()))) + \" \";\n}",
                "dst": "null",
                "src_parent_type": "Block",
                "dst_parent_type": "null",
                "src_parent": "{\n    for (org.hisp.dhis.program.AnalyticsPeriodBoundary boundary : params.getProgramIndicator().getAnalyticsPeriodBoundaries()) {\n        sql +\u003d (((hlp.whereAnd()) + \" \") + (statementBuilder.getBoundaryCondition(boundary, params.getProgramIndicator(), params.getEarliestStartDate(), params.getLatestEndDate()))) + \" \";\n    }\n}",
                "dst_parent": "null"
              },
              "line": 402,
              "file": "/home/khesoem/projects/lighter/exp/dhis-2/dhis-services/dhis-service-analytics/src/main/java/org/hisp/dhis/analytics/event/data/JdbcEventAnalyticsManager.java"
            }
          ]
        },
        {
          "tool-name": "Arja",
          "pattern-name": "Arja:arja_shallow_change",
          "Unified_Diff_of-files:": "Starts Below...",
          "INSERT:": "import java.util.Optional;",
          "CHANGE_old:": "",
          "CHANGE_new:": "            ? Optional.ofNullable( timeField ).orElse( AnalyticsPeriodBoundary.DB_EVENT_DATE )",
          "instance_detail": [
            {
              "pattern_action": "ANY",
              "pattern_entity": {
                "entity_type": "Statement",
                "entity_new value": "*",
                "entity_role": "*",
                "entity_parent": "null"
              },
              "concrete_change": {
                "operator": "DEL",
                "src_type": "Block",
                "dst_type": "null",
                "src": "{\n    for (org.hisp.dhis.program.AnalyticsPeriodBoundary boundary : params.getProgramIndicator().getAnalyticsPeriodBoundaries()) {\n        sql +\u003d (((hlp.whereAnd()) + \" \") + (statementBuilder.getBoundaryCondition(boundary, params.getProgramIndicator(), params.getEarliestStartDate(), params.getLatestEndDate()))) + \" \";\n    }\n}",
                "dst": "null",
                "src_parent_type": "If",
                "dst_parent_type": "null",
                "src_parent": "if (params.hasNonDefaultBoundaries()) {\n    for (org.hisp.dhis.program.AnalyticsPeriodBoundary boundary : params.getProgramIndicator().getAnalyticsPeriodBoundaries()) {\n        sql +\u003d (((hlp.whereAnd()) + \" \") + (statementBuilder.getBoundaryCondition(boundary, params.getProgramIndicator(), params.getEarliestStartDate(), params.getLatestEndDate()))) + \" \";\n    }\n} else\n    if (params.hasStartEndDate()) {\n        java.lang.String timeCol \u003d ((params.getOutputType()) \u003d\u003d (org.hisp.dhis.analytics.EventOutputType.ENROLLMENT)) ? quoteAlias(TimeField.ENROLLMENT_DATE.getField()) : quoteAlias(TimeField.EVENT_DATE.getField());\n        sql +\u003d (((((hlp.whereAnd()) + \" \") + timeCol) + \" \u003e\u003d \u0027\") + (getMediumDateString(params.getStartDate()))) + \"\u0027 \";\n        sql +\u003d (((((hlp.whereAnd()) + \" \") + timeCol) + \" \u003c\u003d \u0027\") + (getMediumDateString(params.getEndDate()))) + \"\u0027 \";\n    } else {\n        java.lang.String alias \u003d getPeriodAlias(params);\n        sql +\u003d (((((hlp.whereAnd()) + \" \") + (quote(alias, params.getPeriodType().toLowerCase()))) + (org.hisp.dhis.analytics.event.data.JdbcEventAnalyticsManager.OPEN_IN)) + (getQuotedCommaDelimitedString(getUids(params.getDimensionOrFilterItems(org.hisp.dhis.analytics.event.data.PERIOD_DIM_ID))))) + \") \";\n    }\n",
                "dst_parent": "null"
              },
              "line": 401,
              "file": "/home/khesoem/projects/lighter/exp/dhis-2/dhis-services/dhis-service-analytics/src/main/java/org/hisp/dhis/analytics/event/data/JdbcEventAnalyticsManager.java"
            }
          ]
        },
        {
          "tool-name": "Arja",
          "pattern-name": "Arja:arja_shallow_change",
          "Unified_Diff_of-files:": "Starts Below...",
          "INSERT:": "import java.util.Optional;",
          "CHANGE_old:": "",
          "CHANGE_new:": "            ? Optional.ofNullable( timeField ).orElse( AnalyticsPeriodBoundary.DB_EVENT_DATE )",
          "instance_detail": [
            {
              "pattern_action": "ANY",
              "pattern_entity": {
                "entity_type": "Statement",
                "entity_new value": "*",
                "entity_role": "*",
                "entity_parent": "null"
              },
              "concrete_change": {
                "operator": "DEL",
                "src_type": "Invocation",
                "dst_type": "null",
                "src": "params.hasStartEndDate()",
                "dst": "null",
                "src_parent_type": "If",
                "dst_parent_type": "null",
                "src_parent": "if (params.hasStartEndDate()) {\n    java.lang.String timeCol \u003d ((params.getOutputType()) \u003d\u003d (org.hisp.dhis.analytics.EventOutputType.ENROLLMENT)) ? quoteAlias(TimeField.ENROLLMENT_DATE.getField()) : quoteAlias(TimeField.EVENT_DATE.getField());\n    sql +\u003d (((((hlp.whereAnd()) + \" \") + timeCol) + \" \u003e\u003d \u0027\") + (getMediumDateString(params.getStartDate()))) + \"\u0027 \";\n    sql +\u003d (((((hlp.whereAnd()) + \" \") + timeCol) + \" \u003c\u003d \u0027\") + (getMediumDateString(params.getEndDate()))) + \"\u0027 \";\n} else {\n    java.lang.String alias \u003d getPeriodAlias(params);\n    sql +\u003d (((((hlp.whereAnd()) + \" \") + (quote(alias, params.getPeriodType().toLowerCase()))) + (org.hisp.dhis.analytics.event.data.JdbcEventAnalyticsManager.OPEN_IN)) + (getQuotedCommaDelimitedString(getUids(params.getDimensionOrFilterItems(org.hisp.dhis.analytics.event.data.PERIOD_DIM_ID))))) + \") \";\n}",
                "dst_parent": "null"
              },
              "line": 410,
              "file": "/home/khesoem/projects/lighter/exp/dhis-2/dhis-services/dhis-service-analytics/src/main/java/org/hisp/dhis/analytics/event/data/JdbcEventAnalyticsManager.java"
            }
          ]
        },
        {
          "tool-name": "Arja",
          "pattern-name": "Arja:arja_shallow_change",
          "Unified_Diff_of-files:": "Starts Below...",
          "INSERT:": "import java.util.Optional;",
          "CHANGE_old:": "",
          "CHANGE_new:": "            ? Optional.ofNullable( timeField ).orElse( AnalyticsPeriodBoundary.DB_EVENT_DATE )",
          "instance_detail": [
            {
              "pattern_action": "ANY",
              "pattern_entity": {
                "entity_type": "Statement",
                "entity_new value": "*",
                "entity_role": "*",
                "entity_parent": "null"
              },
              "concrete_change": {
                "operator": "DEL",
                "src_type": "Invocation",
                "dst_type": "null",
                "src": "(params.getOutputType())",
                "dst": "null",
                "src_parent_type": "BinaryOperator",
                "dst_parent_type": "null",
                "src_parent": "(params.getOutputType()) \u003d\u003d (org.hisp.dhis.analytics.EventOutputType.ENROLLMENT)",
                "dst_parent": "null"
              },
              "line": 412,
              "file": "/home/khesoem/projects/lighter/exp/dhis-2/dhis-services/dhis-service-analytics/src/main/java/org/hisp/dhis/analytics/event/data/JdbcEventAnalyticsManager.java"
            }
          ]
        },
        {
          "tool-name": "Arja",
          "pattern-name": "Arja:arja_shallow_change",
          "Unified_Diff_of-files:": "Starts Below...",
          "INSERT:": "import java.util.Optional;",
          "CHANGE_old:": "",
          "CHANGE_new:": "            ? Optional.ofNullable( timeField ).orElse( AnalyticsPeriodBoundary.DB_EVENT_DATE )",
          "instance_detail": [
            {
              "pattern_action": "ANY",
              "pattern_entity": {
                "entity_type": "Statement",
                "entity_new value": "*",
                "entity_role": "*",
                "entity_parent": "null"
              },
              "concrete_change": {
                "operator": "DEL",
                "src_type": "Invocation",
                "dst_type": "null",
                "src": "TimeField.ENROLLMENT_DATE.getField()",
                "dst": "null",
                "src_parent_type": "Invocation",
                "dst_parent_type": "null",
                "src_parent": "quoteAlias(TimeField.ENROLLMENT_DATE.getField())",
                "dst_parent": "null"
              },
              "line": 413,
              "file": "/home/khesoem/projects/lighter/exp/dhis-2/dhis-services/dhis-service-analytics/src/main/java/org/hisp/dhis/analytics/event/data/JdbcEventAnalyticsManager.java"
            }
          ]
        },
        {
          "tool-name": "Arja",
          "pattern-name": "Arja:arja_shallow_change",
          "Unified_Diff_of-files:": "Starts Below...",
          "INSERT:": "import java.util.Optional;",
          "CHANGE_old:": "",
          "CHANGE_new:": "            ? Optional.ofNullable( timeField ).orElse( AnalyticsPeriodBoundary.DB_EVENT_DATE )",
          "instance_detail": [
            {
              "pattern_action": "ANY",
              "pattern_entity": {
                "entity_type": "Statement",
                "entity_new value": "*",
                "entity_role": "*",
                "entity_parent": "null"
              },
              "concrete_change": {
                "operator": "DEL",
                "src_type": "Invocation",
                "dst_type": "null",
                "src": "quoteAlias(TimeField.ENROLLMENT_DATE.getField())",
                "dst": "null",
                "src_parent_type": "Conditional",
                "dst_parent_type": "null",
                "src_parent": "((params.getOutputType()) \u003d\u003d (org.hisp.dhis.analytics.EventOutputType.ENROLLMENT)) ? quoteAlias(TimeField.ENROLLMENT_DATE.getField()) : quoteAlias(TimeField.EVENT_DATE.getField())",
                "dst_parent": "null"
              },
              "line": 413,
              "file": "/home/khesoem/projects/lighter/exp/dhis-2/dhis-services/dhis-service-analytics/src/main/java/org/hisp/dhis/analytics/event/data/JdbcEventAnalyticsManager.java"
            }
          ]
        },
        {
          "tool-name": "Arja",
          "pattern-name": "Arja:arja_shallow_change",
          "Unified_Diff_of-files:": "Starts Below...",
          "INSERT:": "import java.util.Optional;",
          "CHANGE_old:": "",
          "CHANGE_new:": "            ? Optional.ofNullable( timeField ).orElse( AnalyticsPeriodBoundary.DB_EVENT_DATE )",
          "instance_detail": [
            {
              "pattern_action": "ANY",
              "pattern_entity": {
                "entity_type": "Statement",
                "entity_new value": "*",
                "entity_role": "*",
                "entity_parent": "null"
              },
              "concrete_change": {
                "operator": "DEL",
                "src_type": "Invocation",
                "dst_type": "null",
                "src": "TimeField.EVENT_DATE.getField()",
                "dst": "null",
                "src_parent_type": "Invocation",
                "dst_parent_type": "null",
                "src_parent": "quoteAlias(TimeField.EVENT_DATE.getField())",
                "dst_parent": "null"
              },
              "line": 414,
              "file": "/home/khesoem/projects/lighter/exp/dhis-2/dhis-services/dhis-service-analytics/src/main/java/org/hisp/dhis/analytics/event/data/JdbcEventAnalyticsManager.java"
            }
          ]
        },
        {
          "tool-name": "Arja",
          "pattern-name": "Arja:arja_shallow_change",
          "Unified_Diff_of-files:": "Starts Below...",
          "INSERT:": "import java.util.Optional;",
          "CHANGE_old:": "",
          "CHANGE_new:": "            ? Optional.ofNullable( timeField ).orElse( AnalyticsPeriodBoundary.DB_EVENT_DATE )",
          "instance_detail": [
            {
              "pattern_action": "ANY",
              "pattern_entity": {
                "entity_type": "Statement",
                "entity_new value": "*",
                "entity_role": "*",
                "entity_parent": "null"
              },
              "concrete_change": {
                "operator": "DEL",
                "src_type": "Invocation",
                "dst_type": "null",
                "src": "quoteAlias(TimeField.EVENT_DATE.getField())",
                "dst": "null",
                "src_parent_type": "Conditional",
                "dst_parent_type": "null",
                "src_parent": "((params.getOutputType()) \u003d\u003d (org.hisp.dhis.analytics.EventOutputType.ENROLLMENT)) ? quoteAlias(TimeField.ENROLLMENT_DATE.getField()) : quoteAlias(TimeField.EVENT_DATE.getField())",
                "dst_parent": "null"
              },
              "line": 414,
              "file": "/home/khesoem/projects/lighter/exp/dhis-2/dhis-services/dhis-service-analytics/src/main/java/org/hisp/dhis/analytics/event/data/JdbcEventAnalyticsManager.java"
            }
          ]
        },
        {
          "tool-name": "Arja",
          "pattern-name": "Arja:arja_shallow_change",
          "Unified_Diff_of-files:": "Starts Below...",
          "INSERT:": "import java.util.Optional;",
          "CHANGE_old:": "",
          "CHANGE_new:": "            ? Optional.ofNullable( timeField ).orElse( AnalyticsPeriodBoundary.DB_EVENT_DATE )",
          "instance_detail": [
            {
              "pattern_action": "ANY",
              "pattern_entity": {
                "entity_type": "Statement",
                "entity_new value": "*",
                "entity_role": "*",
                "entity_parent": "null"
              },
              "concrete_change": {
                "operator": "DEL",
                "src_type": "LocalVariable",
                "dst_type": "null",
                "src": "java.lang.String timeCol \u003d ((params.getOutputType()) \u003d\u003d (org.hisp.dhis.analytics.EventOutputType.ENROLLMENT)) ? quoteAlias(TimeField.ENROLLMENT_DATE.getField()) : quoteAlias(TimeField.EVENT_DATE.getField())",
                "dst": "null",
                "src_parent_type": "Block",
                "dst_parent_type": "null",
                "src_parent": "{\n    java.lang.String timeCol \u003d ((params.getOutputType()) \u003d\u003d (org.hisp.dhis.analytics.EventOutputType.ENROLLMENT)) ? quoteAlias(TimeField.ENROLLMENT_DATE.getField()) : quoteAlias(TimeField.EVENT_DATE.getField());\n    sql +\u003d (((((hlp.whereAnd()) + \" \") + timeCol) + \" \u003e\u003d \u0027\") + (getMediumDateString(params.getStartDate()))) + \"\u0027 \";\n    sql +\u003d (((((hlp.whereAnd()) + \" \") + timeCol) + \" \u003c\u003d \u0027\") + (getMediumDateString(params.getEndDate()))) + \"\u0027 \";\n}",
                "dst_parent": "null"
              },
              "line": 412,
              "file": "/home/khesoem/projects/lighter/exp/dhis-2/dhis-services/dhis-service-analytics/src/main/java/org/hisp/dhis/analytics/event/data/JdbcEventAnalyticsManager.java"
            }
          ]
        },
        {
          "tool-name": "Arja",
          "pattern-name": "Arja:arja_shallow_change",
          "Unified_Diff_of-files:": "Starts Below...",
          "INSERT:": "import java.util.Optional;",
          "CHANGE_old:": "",
          "CHANGE_new:": "            ? Optional.ofNullable( timeField ).orElse( AnalyticsPeriodBoundary.DB_EVENT_DATE )",
          "instance_detail": [
            {
              "pattern_action": "ANY",
              "pattern_entity": {
                "entity_type": "Statement",
                "entity_new value": "*",
                "entity_role": "*",
                "entity_parent": "null"
              },
              "concrete_change": {
                "operator": "DEL",
                "src_type": "Invocation",
                "dst_type": "null",
                "src": "(hlp.whereAnd())",
                "dst": "null",
                "src_parent_type": "BinaryOperator",
                "dst_parent_type": "null",
                "src_parent": "((hlp.whereAnd()) + \" \")",
                "dst_parent": "null"
              },
              "line": 416,
              "file": "/home/khesoem/projects/lighter/exp/dhis-2/dhis-services/dhis-service-analytics/src/main/java/org/hisp/dhis/analytics/event/data/JdbcEventAnalyticsManager.java"
            }
          ]
        },
        {
          "tool-name": "Arja",
          "pattern-name": "Arja:arja_shallow_change",
          "Unified_Diff_of-files:": "Starts Below...",
          "INSERT:": "import java.util.Optional;",
          "CHANGE_old:": "",
          "CHANGE_new:": "            ? Optional.ofNullable( timeField ).orElse( AnalyticsPeriodBoundary.DB_EVENT_DATE )",
          "instance_detail": [
            {
              "pattern_action": "ANY",
              "pattern_entity": {
                "entity_type": "Statement",
                "entity_new value": "*",
                "entity_role": "*",
                "entity_parent": "null"
              },
              "concrete_change": {
                "operator": "DEL",
                "src_type": "Invocation",
                "dst_type": "null",
                "src": "params.getStartDate()",
                "dst": "null",
                "src_parent_type": "Invocation",
                "dst_parent_type": "null",
                "src_parent": "(getMediumDateString(params.getStartDate()))",
                "dst_parent": "null"
              },
              "line": 416,
              "file": "/home/khesoem/projects/lighter/exp/dhis-2/dhis-services/dhis-service-analytics/src/main/java/org/hisp/dhis/analytics/event/data/JdbcEventAnalyticsManager.java"
            }
          ]
        },
        {
          "tool-name": "Arja",
          "pattern-name": "Arja:arja_shallow_change",
          "Unified_Diff_of-files:": "Starts Below...",
          "INSERT:": "import java.util.Optional;",
          "CHANGE_old:": "",
          "CHANGE_new:": "            ? Optional.ofNullable( timeField ).orElse( AnalyticsPeriodBoundary.DB_EVENT_DATE )",
          "instance_detail": [
            {
              "pattern_action": "ANY",
              "pattern_entity": {
                "entity_type": "Statement",
                "entity_new value": "*",
                "entity_role": "*",
                "entity_parent": "null"
              },
              "concrete_change": {
                "operator": "DEL",
                "src_type": "Invocation",
                "dst_type": "null",
                "src": "(getMediumDateString(params.getStartDate()))",
                "dst": "null",
                "src_parent_type": "BinaryOperator",
                "dst_parent_type": "null",
                "src_parent": "(((((hlp.whereAnd()) + \" \") + timeCol) + \" \u003e\u003d \u0027\") + (getMediumDateString(params.getStartDate())))",
                "dst_parent": "null"
              },
              "line": 416,
              "file": "/home/khesoem/projects/lighter/exp/dhis-2/dhis-services/dhis-service-analytics/src/main/java/org/hisp/dhis/analytics/event/data/JdbcEventAnalyticsManager.java"
            }
          ]
        },
        {
          "tool-name": "Arja",
          "pattern-name": "Arja:arja_shallow_change",
          "Unified_Diff_of-files:": "Starts Below...",
          "INSERT:": "import java.util.Optional;",
          "CHANGE_old:": "",
          "CHANGE_new:": "            ? Optional.ofNullable( timeField ).orElse( AnalyticsPeriodBoundary.DB_EVENT_DATE )",
          "instance_detail": [
            {
              "pattern_action": "ANY",
              "pattern_entity": {
                "entity_type": "Statement",
                "entity_new value": "*",
                "entity_role": "*",
                "entity_parent": "null"
              },
              "concrete_change": {
                "operator": "DEL",
                "src_type": "OperatorAssignment",
                "dst_type": "null",
                "src": "sql +\u003d (((((hlp.whereAnd()) + \" \") + timeCol) + \" \u003e\u003d \u0027\") + (getMediumDateString(params.getStartDate()))) + \"\u0027 \"",
                "dst": "null",
                "src_parent_type": "Block",
                "dst_parent_type": "null",
                "src_parent": "{\n    java.lang.String timeCol \u003d ((params.getOutputType()) \u003d\u003d (org.hisp.dhis.analytics.EventOutputType.ENROLLMENT)) ? quoteAlias(TimeField.ENROLLMENT_DATE.getField()) : quoteAlias(TimeField.EVENT_DATE.getField());\n    sql +\u003d (((((hlp.whereAnd()) + \" \") + timeCol) + \" \u003e\u003d \u0027\") + (getMediumDateString(params.getStartDate()))) + \"\u0027 \";\n    sql +\u003d (((((hlp.whereAnd()) + \" \") + timeCol) + \" \u003c\u003d \u0027\") + (getMediumDateString(params.getEndDate()))) + \"\u0027 \";\n}",
                "dst_parent": "null"
              },
              "line": 416,
              "file": "/home/khesoem/projects/lighter/exp/dhis-2/dhis-services/dhis-service-analytics/src/main/java/org/hisp/dhis/analytics/event/data/JdbcEventAnalyticsManager.java"
            }
          ]
        },
        {
          "tool-name": "Arja",
          "pattern-name": "Arja:arja_shallow_change",
          "Unified_Diff_of-files:": "Starts Below...",
          "INSERT:": "import java.util.Optional;",
          "CHANGE_old:": "",
          "CHANGE_new:": "            ? Optional.ofNullable( timeField ).orElse( AnalyticsPeriodBoundary.DB_EVENT_DATE )",
          "instance_detail": [
            {
              "pattern_action": "ANY",
              "pattern_entity": {
                "entity_type": "Statement",
                "entity_new value": "*",
                "entity_role": "*",
                "entity_parent": "null"
              },
              "concrete_change": {
                "operator": "DEL",
                "src_type": "Invocation",
                "dst_type": "null",
                "src": "(hlp.whereAnd())",
                "dst": "null",
                "src_parent_type": "BinaryOperator",
                "dst_parent_type": "null",
                "src_parent": "((hlp.whereAnd()) + \" \")",
                "dst_parent": "null"
              },
              "line": 417,
              "file": "/home/khesoem/projects/lighter/exp/dhis-2/dhis-services/dhis-service-analytics/src/main/java/org/hisp/dhis/analytics/event/data/JdbcEventAnalyticsManager.java"
            }
          ]
        },
        {
          "tool-name": "Arja",
          "pattern-name": "Arja:arja_shallow_change",
          "Unified_Diff_of-files:": "Starts Below...",
          "INSERT:": "import java.util.Optional;",
          "CHANGE_old:": "",
          "CHANGE_new:": "            ? Optional.ofNullable( timeField ).orElse( AnalyticsPeriodBoundary.DB_EVENT_DATE )",
          "instance_detail": [
            {
              "pattern_action": "ANY",
              "pattern_entity": {
                "entity_type": "Statement",
                "entity_new value": "*",
                "entity_role": "*",
                "entity_parent": "null"
              },
              "concrete_change": {
                "operator": "DEL",
                "src_type": "Invocation",
                "dst_type": "null",
                "src": "params.getEndDate()",
                "dst": "null",
                "src_parent_type": "Invocation",
                "dst_parent_type": "null",
                "src_parent": "(getMediumDateString(params.getEndDate()))",
                "dst_parent": "null"
              },
              "line": 417,
              "file": "/home/khesoem/projects/lighter/exp/dhis-2/dhis-services/dhis-service-analytics/src/main/java/org/hisp/dhis/analytics/event/data/JdbcEventAnalyticsManager.java"
            }
          ]
        },
        {
          "tool-name": "Arja",
          "pattern-name": "Arja:arja_shallow_change",
          "Unified_Diff_of-files:": "Starts Below...",
          "INSERT:": "import java.util.Optional;",
          "CHANGE_old:": "",
          "CHANGE_new:": "            ? Optional.ofNullable( timeField ).orElse( AnalyticsPeriodBoundary.DB_EVENT_DATE )",
          "instance_detail": [
            {
              "pattern_action": "ANY",
              "pattern_entity": {
                "entity_type": "Statement",
                "entity_new value": "*",
                "entity_role": "*",
                "entity_parent": "null"
              },
              "concrete_change": {
                "operator": "DEL",
                "src_type": "Invocation",
                "dst_type": "null",
                "src": "(getMediumDateString(params.getEndDate()))",
                "dst": "null",
                "src_parent_type": "BinaryOperator",
                "dst_parent_type": "null",
                "src_parent": "(((((hlp.whereAnd()) + \" \") + timeCol) + \" \u003c\u003d \u0027\") + (getMediumDateString(params.getEndDate())))",
                "dst_parent": "null"
              },
              "line": 417,
              "file": "/home/khesoem/projects/lighter/exp/dhis-2/dhis-services/dhis-service-analytics/src/main/java/org/hisp/dhis/analytics/event/data/JdbcEventAnalyticsManager.java"
            }
          ]
        },
        {
          "tool-name": "Arja",
          "pattern-name": "Arja:arja_shallow_change",
          "Unified_Diff_of-files:": "Starts Below...",
          "INSERT:": "import java.util.Optional;",
          "CHANGE_old:": "",
          "CHANGE_new:": "            ? Optional.ofNullable( timeField ).orElse( AnalyticsPeriodBoundary.DB_EVENT_DATE )",
          "instance_detail": [
            {
              "pattern_action": "ANY",
              "pattern_entity": {
                "entity_type": "Statement",
                "entity_new value": "*",
                "entity_role": "*",
                "entity_parent": "null"
              },
              "concrete_change": {
                "operator": "DEL",
                "src_type": "OperatorAssignment",
                "dst_type": "null",
                "src": "sql +\u003d (((((hlp.whereAnd()) + \" \") + timeCol) + \" \u003c\u003d \u0027\") + (getMediumDateString(params.getEndDate()))) + \"\u0027 \"",
                "dst": "null",
                "src_parent_type": "Block",
                "dst_parent_type": "null",
                "src_parent": "{\n    java.lang.String timeCol \u003d ((params.getOutputType()) \u003d\u003d (org.hisp.dhis.analytics.EventOutputType.ENROLLMENT)) ? quoteAlias(TimeField.ENROLLMENT_DATE.getField()) : quoteAlias(TimeField.EVENT_DATE.getField());\n    sql +\u003d (((((hlp.whereAnd()) + \" \") + timeCol) + \" \u003e\u003d \u0027\") + (getMediumDateString(params.getStartDate()))) + \"\u0027 \";\n    sql +\u003d (((((hlp.whereAnd()) + \" \") + timeCol) + \" \u003c\u003d \u0027\") + (getMediumDateString(params.getEndDate()))) + \"\u0027 \";\n}",
                "dst_parent": "null"
              },
              "line": 417,
              "file": "/home/khesoem/projects/lighter/exp/dhis-2/dhis-services/dhis-service-analytics/src/main/java/org/hisp/dhis/analytics/event/data/JdbcEventAnalyticsManager.java"
            }
          ]
        },
        {
          "tool-name": "Arja",
          "pattern-name": "Arja:arja_shallow_change",
          "Unified_Diff_of-files:": "Starts Below...",
          "INSERT:": "import java.util.Optional;",
          "CHANGE_old:": "",
          "CHANGE_new:": "            ? Optional.ofNullable( timeField ).orElse( AnalyticsPeriodBoundary.DB_EVENT_DATE )",
          "instance_detail": [
            {
              "pattern_action": "ANY",
              "pattern_entity": {
                "entity_type": "Statement",
                "entity_new value": "*",
                "entity_role": "*",
                "entity_parent": "null"
              },
              "concrete_change": {
                "operator": "DEL",
                "src_type": "Block",
                "dst_type": "null",
                "src": "{\n    java.lang.String timeCol \u003d ((params.getOutputType()) \u003d\u003d (org.hisp.dhis.analytics.EventOutputType.ENROLLMENT)) ? quoteAlias(TimeField.ENROLLMENT_DATE.getField()) : quoteAlias(TimeField.EVENT_DATE.getField());\n    sql +\u003d (((((hlp.whereAnd()) + \" \") + timeCol) + \" \u003e\u003d \u0027\") + (getMediumDateString(params.getStartDate()))) + \"\u0027 \";\n    sql +\u003d (((((hlp.whereAnd()) + \" \") + timeCol) + \" \u003c\u003d \u0027\") + (getMediumDateString(params.getEndDate()))) + \"\u0027 \";\n}",
                "dst": "null",
                "src_parent_type": "If",
                "dst_parent_type": "null",
                "src_parent": "if (params.hasStartEndDate()) {\n    java.lang.String timeCol \u003d ((params.getOutputType()) \u003d\u003d (org.hisp.dhis.analytics.EventOutputType.ENROLLMENT)) ? quoteAlias(TimeField.ENROLLMENT_DATE.getField()) : quoteAlias(TimeField.EVENT_DATE.getField());\n    sql +\u003d (((((hlp.whereAnd()) + \" \") + timeCol) + \" \u003e\u003d \u0027\") + (getMediumDateString(params.getStartDate()))) + \"\u0027 \";\n    sql +\u003d (((((hlp.whereAnd()) + \" \") + timeCol) + \" \u003c\u003d \u0027\") + (getMediumDateString(params.getEndDate()))) + \"\u0027 \";\n} else {\n    java.lang.String alias \u003d getPeriodAlias(params);\n    sql +\u003d (((((hlp.whereAnd()) + \" \") + (quote(alias, params.getPeriodType().toLowerCase()))) + (org.hisp.dhis.analytics.event.data.JdbcEventAnalyticsManager.OPEN_IN)) + (getQuotedCommaDelimitedString(getUids(params.getDimensionOrFilterItems(org.hisp.dhis.analytics.event.data.PERIOD_DIM_ID))))) + \") \";\n}",
                "dst_parent": "null"
              },
              "line": 411,
              "file": "/home/khesoem/projects/lighter/exp/dhis-2/dhis-services/dhis-service-analytics/src/main/java/org/hisp/dhis/analytics/event/data/JdbcEventAnalyticsManager.java"
            }
          ]
        },
        {
          "tool-name": "Arja",
          "pattern-name": "Arja:arja_shallow_change",
          "Unified_Diff_of-files:": "Starts Below...",
          "INSERT:": "import java.util.Optional;",
          "CHANGE_old:": "",
          "CHANGE_new:": "            ? Optional.ofNullable( timeField ).orElse( AnalyticsPeriodBoundary.DB_EVENT_DATE )",
          "instance_detail": [
            {
              "pattern_action": "ANY",
              "pattern_entity": {
                "entity_type": "Statement",
                "entity_new value": "*",
                "entity_role": "*",
                "entity_parent": "null"
              },
              "concrete_change": {
                "operator": "DEL",
                "src_type": "Invocation",
                "dst_type": "null",
                "src": "getPeriodAlias(params)",
                "dst": "null",
                "src_parent_type": "LocalVariable",
                "dst_parent_type": "null",
                "src_parent": "java.lang.String alias \u003d getPeriodAlias(params)",
                "dst_parent": "null"
              },
              "line": 421,
              "file": "/home/khesoem/projects/lighter/exp/dhis-2/dhis-services/dhis-service-analytics/src/main/java/org/hisp/dhis/analytics/event/data/JdbcEventAnalyticsManager.java"
            }
          ]
        },
        {
          "tool-name": "Arja",
          "pattern-name": "Arja:arja_shallow_change",
          "Unified_Diff_of-files:": "Starts Below...",
          "INSERT:": "import java.util.Optional;",
          "CHANGE_old:": "",
          "CHANGE_new:": "            ? Optional.ofNullable( timeField ).orElse( AnalyticsPeriodBoundary.DB_EVENT_DATE )",
          "instance_detail": [
            {
              "pattern_action": "ANY",
              "pattern_entity": {
                "entity_type": "Statement",
                "entity_new value": "*",
                "entity_role": "*",
                "entity_parent": "null"
              },
              "concrete_change": {
                "operator": "DEL",
                "src_type": "LocalVariable",
                "dst_type": "null",
                "src": "java.lang.String alias \u003d getPeriodAlias(params)",
                "dst": "null",
                "src_parent_type": "Block",
                "dst_parent_type": "null",
                "src_parent": "{\n    java.lang.String alias \u003d getPeriodAlias(params);\n    sql +\u003d (((((hlp.whereAnd()) + \" \") + (quote(alias, params.getPeriodType().toLowerCase()))) + (org.hisp.dhis.analytics.event.data.JdbcEventAnalyticsManager.OPEN_IN)) + (getQuotedCommaDelimitedString(getUids(params.getDimensionOrFilterItems(org.hisp.dhis.analytics.event.data.PERIOD_DIM_ID))))) + \") \";\n}",
                "dst_parent": "null"
              },
              "line": 421,
              "file": "/home/khesoem/projects/lighter/exp/dhis-2/dhis-services/dhis-service-analytics/src/main/java/org/hisp/dhis/analytics/event/data/JdbcEventAnalyticsManager.java"
            }
          ]
        },
        {
          "tool-name": "Arja",
          "pattern-name": "Arja:arja_shallow_change",
          "Unified_Diff_of-files:": "Starts Below...",
          "INSERT:": "import java.util.Optional;",
          "CHANGE_old:": "",
          "CHANGE_new:": "            ? Optional.ofNullable( timeField ).orElse( AnalyticsPeriodBoundary.DB_EVENT_DATE )",
          "instance_detail": [
            {
              "pattern_action": "ANY",
              "pattern_entity": {
                "entity_type": "Statement",
                "entity_new value": "*",
                "entity_role": "*",
                "entity_parent": "null"
              },
              "concrete_change": {
                "operator": "DEL",
                "src_type": "Invocation",
                "dst_type": "null",
                "src": "(hlp.whereAnd())",
                "dst": "null",
                "src_parent_type": "BinaryOperator",
                "dst_parent_type": "null",
                "src_parent": "((hlp.whereAnd()) + \" \")",
                "dst_parent": "null"
              },
              "line": 423,
              "file": "/home/khesoem/projects/lighter/exp/dhis-2/dhis-services/dhis-service-analytics/src/main/java/org/hisp/dhis/analytics/event/data/JdbcEventAnalyticsManager.java"
            }
          ]
        },
        {
          "tool-name": "Arja",
          "pattern-name": "Arja:arja_shallow_change",
          "Unified_Diff_of-files:": "Starts Below...",
          "INSERT:": "import java.util.Optional;",
          "CHANGE_old:": "",
          "CHANGE_new:": "            ? Optional.ofNullable( timeField ).orElse( AnalyticsPeriodBoundary.DB_EVENT_DATE )",
          "instance_detail": [
            {
              "pattern_action": "ANY",
              "pattern_entity": {
                "entity_type": "Statement",
                "entity_new value": "*",
                "entity_role": "*",
                "entity_parent": "null"
              },
              "concrete_change": {
                "operator": "DEL",
                "src_type": "Invocation",
                "dst_type": "null",
                "src": "params.getPeriodType()",
                "dst": "null",
                "src_parent_type": "Invocation",
                "dst_parent_type": "null",
                "src_parent": "params.getPeriodType().toLowerCase()",
                "dst_parent": "null"
              },
              "line": 423,
              "file": "/home/khesoem/projects/lighter/exp/dhis-2/dhis-services/dhis-service-analytics/src/main/java/org/hisp/dhis/analytics/event/data/JdbcEventAnalyticsManager.java"
            }
          ]
        },
        {
          "tool-name": "Arja",
          "pattern-name": "Arja:arja_shallow_change",
          "Unified_Diff_of-files:": "Starts Below...",
          "INSERT:": "import java.util.Optional;",
          "CHANGE_old:": "",
          "CHANGE_new:": "            ? Optional.ofNullable( timeField ).orElse( AnalyticsPeriodBoundary.DB_EVENT_DATE )",
          "instance_detail": [
            {
              "pattern_action": "ANY",
              "pattern_entity": {
                "entity_type": "Statement",
                "entity_new value": "*",
                "entity_role": "*",
                "entity_parent": "null"
              },
              "concrete_change": {
                "operator": "DEL",
                "src_type": "Invocation",
                "dst_type": "null",
                "src": "params.getPeriodType().toLowerCase()",
                "dst": "null",
                "src_parent_type": "Invocation",
                "dst_parent_type": "null",
                "src_parent": "(quote(alias, params.getPeriodType().toLowerCase()))",
                "dst_parent": "null"
              },
              "line": 423,
              "file": "/home/khesoem/projects/lighter/exp/dhis-2/dhis-services/dhis-service-analytics/src/main/java/org/hisp/dhis/analytics/event/data/JdbcEventAnalyticsManager.java"
            }
          ]
        },
        {
          "tool-name": "Arja",
          "pattern-name": "Arja:arja_shallow_change",
          "Unified_Diff_of-files:": "Starts Below...",
          "INSERT:": "import java.util.Optional;",
          "CHANGE_old:": "",
          "CHANGE_new:": "            ? Optional.ofNullable( timeField ).orElse( AnalyticsPeriodBoundary.DB_EVENT_DATE )",
          "instance_detail": [
            {
              "pattern_action": "ANY",
              "pattern_entity": {
                "entity_type": "Statement",
                "entity_new value": "*",
                "entity_role": "*",
                "entity_parent": "null"
              },
              "concrete_change": {
                "operator": "DEL",
                "src_type": "Invocation",
                "dst_type": "null",
                "src": "(quote(alias, params.getPeriodType().toLowerCase()))",
                "dst": "null",
                "src_parent_type": "BinaryOperator",
                "dst_parent_type": "null",
                "src_parent": "(((hlp.whereAnd()) + \" \") + (quote(alias, params.getPeriodType().toLowerCase())))",
                "dst_parent": "null"
              },
              "line": 423,
              "file": "/home/khesoem/projects/lighter/exp/dhis-2/dhis-services/dhis-service-analytics/src/main/java/org/hisp/dhis/analytics/event/data/JdbcEventAnalyticsManager.java"
            }
          ]
        },
        {
          "tool-name": "Arja",
          "pattern-name": "Arja:arja_shallow_change",
          "Unified_Diff_of-files:": "Starts Below...",
          "INSERT:": "import java.util.Optional;",
          "CHANGE_old:": "",
          "CHANGE_new:": "            ? Optional.ofNullable( timeField ).orElse( AnalyticsPeriodBoundary.DB_EVENT_DATE )",
          "instance_detail": [
            {
              "pattern_action": "ANY",
              "pattern_entity": {
                "entity_type": "Statement",
                "entity_new value": "*",
                "entity_role": "*",
                "entity_parent": "null"
              },
              "concrete_change": {
                "operator": "DEL",
                "src_type": "Invocation",
                "dst_type": "null",
                "src": "params.getDimensionOrFilterItems(org.hisp.dhis.analytics.event.data.PERIOD_DIM_ID)",
                "dst": "null",
                "src_parent_type": "Invocation",
                "dst_parent_type": "null",
                "src_parent": "getUids(params.getDimensionOrFilterItems(org.hisp.dhis.analytics.event.data.PERIOD_DIM_ID))",
                "dst_parent": "null"
              },
              "line": 424,
              "file": "/home/khesoem/projects/lighter/exp/dhis-2/dhis-services/dhis-service-analytics/src/main/java/org/hisp/dhis/analytics/event/data/JdbcEventAnalyticsManager.java"
            }
          ]
        },
        {
          "tool-name": "Arja",
          "pattern-name": "Arja:arja_shallow_change",
          "Unified_Diff_of-files:": "Starts Below...",
          "INSERT:": "import java.util.Optional;",
          "CHANGE_old:": "",
          "CHANGE_new:": "            ? Optional.ofNullable( timeField ).orElse( AnalyticsPeriodBoundary.DB_EVENT_DATE )",
          "instance_detail": [
            {
              "pattern_action": "ANY",
              "pattern_entity": {
                "entity_type": "Statement",
                "entity_new value": "*",
                "entity_role": "*",
                "entity_parent": "null"
              },
              "concrete_change": {
                "operator": "DEL",
                "src_type": "Invocation",
                "dst_type": "null",
                "src": "getUids(params.getDimensionOrFilterItems(org.hisp.dhis.analytics.event.data.PERIOD_DIM_ID))",
                "dst": "null",
                "src_parent_type": "Invocation",
                "dst_parent_type": "null",
                "src_parent": "(getQuotedCommaDelimitedString(getUids(params.getDimensionOrFilterItems(org.hisp.dhis.analytics.event.data.PERIOD_DIM_ID))))",
                "dst_parent": "null"
              },
              "line": 424,
              "file": "/home/khesoem/projects/lighter/exp/dhis-2/dhis-services/dhis-service-analytics/src/main/java/org/hisp/dhis/analytics/event/data/JdbcEventAnalyticsManager.java"
            }
          ]
        },
        {
          "tool-name": "Arja",
          "pattern-name": "Arja:arja_shallow_change",
          "Unified_Diff_of-files:": "Starts Below...",
          "INSERT:": "import java.util.Optional;",
          "CHANGE_old:": "",
          "CHANGE_new:": "            ? Optional.ofNullable( timeField ).orElse( AnalyticsPeriodBoundary.DB_EVENT_DATE )",
          "instance_detail": [
            {
              "pattern_action": "ANY",
              "pattern_entity": {
                "entity_type": "Statement",
                "entity_new value": "*",
                "entity_role": "*",
                "entity_parent": "null"
              },
              "concrete_change": {
                "operator": "DEL",
                "src_type": "Invocation",
                "dst_type": "null",
                "src": "(getQuotedCommaDelimitedString(getUids(params.getDimensionOrFilterItems(org.hisp.dhis.analytics.event.data.PERIOD_DIM_ID))))",
                "dst": "null",
                "src_parent_type": "BinaryOperator",
                "dst_parent_type": "null",
                "src_parent": "(((((hlp.whereAnd()) + \" \") + (quote(alias, params.getPeriodType().toLowerCase()))) + (org.hisp.dhis.analytics.event.data.JdbcEventAnalyticsManager.OPEN_IN)) + (getQuotedCommaDelimitedString(getUids(params.getDimensionOrFilterItems(org.hisp.dhis.analytics.event.data.PERIOD_DIM_ID)))))",
                "dst_parent": "null"
              },
              "line": 424,
              "file": "/home/khesoem/projects/lighter/exp/dhis-2/dhis-services/dhis-service-analytics/src/main/java/org/hisp/dhis/analytics/event/data/JdbcEventAnalyticsManager.java"
            }
          ]
        },
        {
          "tool-name": "Arja",
          "pattern-name": "Arja:arja_shallow_change",
          "Unified_Diff_of-files:": "Starts Below...",
          "INSERT:": "import java.util.Optional;",
          "CHANGE_old:": "",
          "CHANGE_new:": "            ? Optional.ofNullable( timeField ).orElse( AnalyticsPeriodBoundary.DB_EVENT_DATE )",
          "instance_detail": [
            {
              "pattern_action": "ANY",
              "pattern_entity": {
                "entity_type": "Statement",
                "entity_new value": "*",
                "entity_role": "*",
                "entity_parent": "null"
              },
              "concrete_change": {
                "operator": "DEL",
                "src_type": "OperatorAssignment",
                "dst_type": "null",
                "src": "sql +\u003d (((((hlp.whereAnd()) + \" \") + (quote(alias, params.getPeriodType().toLowerCase()))) + (org.hisp.dhis.analytics.event.data.JdbcEventAnalyticsManager.OPEN_IN)) + (getQuotedCommaDelimitedString(getUids(params.getDimensionOrFilterItems(org.hisp.dhis.analytics.event.data.PERIOD_DIM_ID))))) + \") \"",
                "dst": "null",
                "src_parent_type": "Block",
                "dst_parent_type": "null",
                "src_parent": "{\n    java.lang.String alias \u003d getPeriodAlias(params);\n    sql +\u003d (((((hlp.whereAnd()) + \" \") + (quote(alias, params.getPeriodType().toLowerCase()))) + (org.hisp.dhis.analytics.event.data.JdbcEventAnalyticsManager.OPEN_IN)) + (getQuotedCommaDelimitedString(getUids(params.getDimensionOrFilterItems(org.hisp.dhis.analytics.event.data.PERIOD_DIM_ID))))) + \") \";\n}",
                "dst_parent": "null"
              },
              "line": 423,
              "file": "/home/khesoem/projects/lighter/exp/dhis-2/dhis-services/dhis-service-analytics/src/main/java/org/hisp/dhis/analytics/event/data/JdbcEventAnalyticsManager.java"
            }
          ]
        },
        {
          "tool-name": "Arja",
          "pattern-name": "Arja:arja_shallow_change",
          "Unified_Diff_of-files:": "Starts Below...",
          "INSERT:": "import java.util.Optional;",
          "CHANGE_old:": "",
          "CHANGE_new:": "            ? Optional.ofNullable( timeField ).orElse( AnalyticsPeriodBoundary.DB_EVENT_DATE )",
          "instance_detail": [
            {
              "pattern_action": "ANY",
              "pattern_entity": {
                "entity_type": "Statement",
                "entity_new value": "*",
                "entity_role": "*",
                "entity_parent": "null"
              },
              "concrete_change": {
                "operator": "DEL",
                "src_type": "Block",
                "dst_type": "null",
                "src": "{\n    java.lang.String alias \u003d getPeriodAlias(params);\n    sql +\u003d (((((hlp.whereAnd()) + \" \") + (quote(alias, params.getPeriodType().toLowerCase()))) + (org.hisp.dhis.analytics.event.data.JdbcEventAnalyticsManager.OPEN_IN)) + (getQuotedCommaDelimitedString(getUids(params.getDimensionOrFilterItems(org.hisp.dhis.analytics.event.data.PERIOD_DIM_ID))))) + \") \";\n}",
                "dst": "null",
                "src_parent_type": "If",
                "dst_parent_type": "null",
                "src_parent": "if (params.hasStartEndDate()) {\n    java.lang.String timeCol \u003d ((params.getOutputType()) \u003d\u003d (org.hisp.dhis.analytics.EventOutputType.ENROLLMENT)) ? quoteAlias(TimeField.ENROLLMENT_DATE.getField()) : quoteAlias(TimeField.EVENT_DATE.getField());\n    sql +\u003d (((((hlp.whereAnd()) + \" \") + timeCol) + \" \u003e\u003d \u0027\") + (getMediumDateString(params.getStartDate()))) + \"\u0027 \";\n    sql +\u003d (((((hlp.whereAnd()) + \" \") + timeCol) + \" \u003c\u003d \u0027\") + (getMediumDateString(params.getEndDate()))) + \"\u0027 \";\n} else {\n    java.lang.String alias \u003d getPeriodAlias(params);\n    sql +\u003d (((((hlp.whereAnd()) + \" \") + (quote(alias, params.getPeriodType().toLowerCase()))) + (org.hisp.dhis.analytics.event.data.JdbcEventAnalyticsManager.OPEN_IN)) + (getQuotedCommaDelimitedString(getUids(params.getDimensionOrFilterItems(org.hisp.dhis.analytics.event.data.PERIOD_DIM_ID))))) + \") \";\n}",
                "dst_parent": "null"
              },
              "line": 420,
              "file": "/home/khesoem/projects/lighter/exp/dhis-2/dhis-services/dhis-service-analytics/src/main/java/org/hisp/dhis/analytics/event/data/JdbcEventAnalyticsManager.java"
            }
          ]
        },
        {
          "tool-name": "Arja",
          "pattern-name": "Arja:arja_shallow_change",
          "Unified_Diff_of-files:": "Starts Below...",
          "INSERT:": "import java.util.Optional;",
          "CHANGE_old:": "",
          "CHANGE_new:": "            ? Optional.ofNullable( timeField ).orElse( AnalyticsPeriodBoundary.DB_EVENT_DATE )",
          "instance_detail": [
            {
              "pattern_action": "ANY",
              "pattern_entity": {
                "entity_type": "Statement",
                "entity_new value": "*",
                "entity_role": "*",
                "entity_parent": "null"
              },
              "concrete_change": {
                "operator": "DEL",
                "src_type": "If",
                "dst_type": "null",
                "src": "if (params.hasStartEndDate()) {\n    java.lang.String timeCol \u003d ((params.getOutputType()) \u003d\u003d (org.hisp.dhis.analytics.EventOutputType.ENROLLMENT)) ? quoteAlias(TimeField.ENROLLMENT_DATE.getField()) : quoteAlias(TimeField.EVENT_DATE.getField());\n    sql +\u003d (((((hlp.whereAnd()) + \" \") + timeCol) + \" \u003e\u003d \u0027\") + (getMediumDateString(params.getStartDate()))) + \"\u0027 \";\n    sql +\u003d (((((hlp.whereAnd()) + \" \") + timeCol) + \" \u003c\u003d \u0027\") + (getMediumDateString(params.getEndDate()))) + \"\u0027 \";\n} else {\n    java.lang.String alias \u003d getPeriodAlias(params);\n    sql +\u003d (((((hlp.whereAnd()) + \" \") + (quote(alias, params.getPeriodType().toLowerCase()))) + (org.hisp.dhis.analytics.event.data.JdbcEventAnalyticsManager.OPEN_IN)) + (getQuotedCommaDelimitedString(getUids(params.getDimensionOrFilterItems(org.hisp.dhis.analytics.event.data.PERIOD_DIM_ID))))) + \") \";\n}",
                "dst": "null",
                "src_parent_type": "Block",
                "dst_parent_type": "null",
                "src_parent": "if (params.hasStartEndDate()) {\n        java.lang.String timeCol \u003d ((params.getOutputType()) \u003d\u003d (org.hisp.dhis.analytics.EventOutputType.ENROLLMENT)) ? quoteAlias(TimeField.ENROLLMENT_DATE.getField()) : quoteAlias(TimeField.EVENT_DATE.getField());\n        sql +\u003d (((((hlp.whereAnd()) + \" \") + timeCol) + \" \u003e\u003d \u0027\") + (getMediumDateString(params.getStartDate()))) + \"\u0027 \";\n        sql +\u003d (((((hlp.whereAnd()) + \" \") + timeCol) + \" \u003c\u003d \u0027\") + (getMediumDateString(params.getEndDate()))) + \"\u0027 \";\n    } else {\n        java.lang.String alias \u003d getPeriodAlias(params);\n        sql +\u003d (((((hlp.whereAnd()) + \" \") + (quote(alias, params.getPeriodType().toLowerCase()))) + (org.hisp.dhis.analytics.event.data.JdbcEventAnalyticsManager.OPEN_IN)) + (getQuotedCommaDelimitedString(getUids(params.getDimensionOrFilterItems(org.hisp.dhis.analytics.event.data.PERIOD_DIM_ID))))) + \") \";\n    }\n",
                "dst_parent": "null"
              },
              "line": 410,
              "file": "/home/khesoem/projects/lighter/exp/dhis-2/dhis-services/dhis-service-analytics/src/main/java/org/hisp/dhis/analytics/event/data/JdbcEventAnalyticsManager.java"
            }
          ]
        },
        {
          "tool-name": "Arja",
          "pattern-name": "Arja:arja_shallow_change",
          "Unified_Diff_of-files:": "Starts Below...",
          "INSERT:": "import java.util.Optional;",
          "CHANGE_old:": "",
          "CHANGE_new:": "            ? Optional.ofNullable( timeField ).orElse( AnalyticsPeriodBoundary.DB_EVENT_DATE )",
          "instance_detail": [
            {
              "pattern_action": "ANY",
              "pattern_entity": {
                "entity_type": "Statement",
                "entity_new value": "*",
                "entity_role": "*",
                "entity_parent": "null"
              },
              "concrete_change": {
                "operator": "DEL",
                "src_type": "Block",
                "dst_type": "null",
                "src": "if (params.hasStartEndDate()) {\n        java.lang.String timeCol \u003d ((params.getOutputType()) \u003d\u003d (org.hisp.dhis.analytics.EventOutputType.ENROLLMENT)) ? quoteAlias(TimeField.ENROLLMENT_DATE.getField()) : quoteAlias(TimeField.EVENT_DATE.getField());\n        sql +\u003d (((((hlp.whereAnd()) + \" \") + timeCol) + \" \u003e\u003d \u0027\") + (getMediumDateString(params.getStartDate()))) + \"\u0027 \";\n        sql +\u003d (((((hlp.whereAnd()) + \" \") + timeCol) + \" \u003c\u003d \u0027\") + (getMediumDateString(params.getEndDate()))) + \"\u0027 \";\n    } else {\n        java.lang.String alias \u003d getPeriodAlias(params);\n        sql +\u003d (((((hlp.whereAnd()) + \" \") + (quote(alias, params.getPeriodType().toLowerCase()))) + (org.hisp.dhis.analytics.event.data.JdbcEventAnalyticsManager.OPEN_IN)) + (getQuotedCommaDelimitedString(getUids(params.getDimensionOrFilterItems(org.hisp.dhis.analytics.event.data.PERIOD_DIM_ID))))) + \") \";\n    }\n",
                "dst": "null",
                "src_parent_type": "If",
                "dst_parent_type": "null",
                "src_parent": "if (params.hasNonDefaultBoundaries()) {\n    for (org.hisp.dhis.program.AnalyticsPeriodBoundary boundary : params.getProgramIndicator().getAnalyticsPeriodBoundaries()) {\n        sql +\u003d (((hlp.whereAnd()) + \" \") + (statementBuilder.getBoundaryCondition(boundary, params.getProgramIndicator(), params.getEarliestStartDate(), params.getLatestEndDate()))) + \" \";\n    }\n} else\n    if (params.hasStartEndDate()) {\n        java.lang.String timeCol \u003d ((params.getOutputType()) \u003d\u003d (org.hisp.dhis.analytics.EventOutputType.ENROLLMENT)) ? quoteAlias(TimeField.ENROLLMENT_DATE.getField()) : quoteAlias(TimeField.EVENT_DATE.getField());\n        sql +\u003d (((((hlp.whereAnd()) + \" \") + timeCol) + \" \u003e\u003d \u0027\") + (getMediumDateString(params.getStartDate()))) + \"\u0027 \";\n        sql +\u003d (((((hlp.whereAnd()) + \" \") + timeCol) + \" \u003c\u003d \u0027\") + (getMediumDateString(params.getEndDate()))) + \"\u0027 \";\n    } else {\n        java.lang.String alias \u003d getPeriodAlias(params);\n        sql +\u003d (((((hlp.whereAnd()) + \" \") + (quote(alias, params.getPeriodType().toLowerCase()))) + (org.hisp.dhis.analytics.event.data.JdbcEventAnalyticsManager.OPEN_IN)) + (getQuotedCommaDelimitedString(getUids(params.getDimensionOrFilterItems(org.hisp.dhis.analytics.event.data.PERIOD_DIM_ID))))) + \") \";\n    }\n",
                "dst_parent": "null"
              },
              "line": 410,
              "file": "/home/khesoem/projects/lighter/exp/dhis-2/dhis-services/dhis-service-analytics/src/main/java/org/hisp/dhis/analytics/event/data/JdbcEventAnalyticsManager.java"
            }
          ]
        },
        {
          "tool-name": "Arja",
          "pattern-name": "Arja:arja_shallow_change",
          "Unified_Diff_of-files:": "Starts Below...",
          "INSERT:": "import java.util.Optional;",
          "CHANGE_old:": "",
          "CHANGE_new:": "            ? Optional.ofNullable( timeField ).orElse( AnalyticsPeriodBoundary.DB_EVENT_DATE )",
          "instance_detail": [
            {
              "pattern_action": "ANY",
              "pattern_entity": {
                "entity_type": "Statement",
                "entity_new value": "*",
                "entity_role": "*",
                "entity_parent": "null"
              },
              "concrete_change": {
                "operator": "DEL",
                "src_type": "If",
                "dst_type": "null",
                "src": "if (params.hasNonDefaultBoundaries()) {\n    for (org.hisp.dhis.program.AnalyticsPeriodBoundary boundary : params.getProgramIndicator().getAnalyticsPeriodBoundaries()) {\n        sql +\u003d (((hlp.whereAnd()) + \" \") + (statementBuilder.getBoundaryCondition(boundary, params.getProgramIndicator(), params.getEarliestStartDate(), params.getLatestEndDate()))) + \" \";\n    }\n} else\n    if (params.hasStartEndDate()) {\n        java.lang.String timeCol \u003d ((params.getOutputType()) \u003d\u003d (org.hisp.dhis.analytics.EventOutputType.ENROLLMENT)) ? quoteAlias(TimeField.ENROLLMENT_DATE.getField()) : quoteAlias(TimeField.EVENT_DATE.getField());\n        sql +\u003d (((((hlp.whereAnd()) + \" \") + timeCol) + \" \u003e\u003d \u0027\") + (getMediumDateString(params.getStartDate()))) + \"\u0027 \";\n        sql +\u003d (((((hlp.whereAnd()) + \" \") + timeCol) + \" \u003c\u003d \u0027\") + (getMediumDateString(params.getEndDate()))) + \"\u0027 \";\n    } else {\n        java.lang.String alias \u003d getPeriodAlias(params);\n        sql +\u003d (((((hlp.whereAnd()) + \" \") + (quote(alias, params.getPeriodType().toLowerCase()))) + (org.hisp.dhis.analytics.event.data.JdbcEventAnalyticsManager.OPEN_IN)) + (getQuotedCommaDelimitedString(getUids(params.getDimensionOrFilterItems(org.hisp.dhis.analytics.event.data.PERIOD_DIM_ID))))) + \") \";\n    }\n",
                "dst": "null",
                "src_parent_type": "Block",
                "dst_parent_type": "null",
                "src_parent": "{\n    java.lang.String sql \u003d \"\";\n    org.hisp.dhis.commons.util.SqlHelper hlp \u003d new org.hisp.dhis.commons.util.SqlHelper();\n    if (params.hasNonDefaultBoundaries()) {\n        for (org.hisp.dhis.program.AnalyticsPeriodBoundary boundary : params.getProgramIndicator().getAnalyticsPeriodBoundaries()) {\n            sql +\u003d (((hlp.whereAnd()) + \" \") + (statementBuilder.getBoundaryCondition(boundary, params.getProgramIndicator(), params.getEarliestStartDate(), params.getLatestEndDate()))) + \" \";\n        }\n    } else\n        if (params.hasStartEndDate()) {\n            java.lang.String timeCol \u003d ((params.getOutputType()) \u003d\u003d (org.hisp.dhis.analytics.EventOutputType.ENROLLMENT)) ? quoteAlias(TimeField.ENROLLMENT_DATE.getField()) : quoteAlias(TimeField.EVENT_DATE.getField());\n            sql +\u003d (((((hlp.whereAnd()) + \" \") + timeCol) + \" \u003e\u003d \u0027\") + (getMediumDateString(params.getStartDate()))) + \"\u0027 \";\n            sql +\u003d (((((hlp.whereAnd()) + \" \") + timeCol) + \" \u003c\u003d \u0027\") + (getMediumDateString(params.getEndDate()))) + \"\u0027 \";\n        } else {\n            java.lang.String alias \u003d getPeriodAlias(params);\n            sql +\u003d (((((hlp.whereAnd()) + \" \") + (quote(alias, params.getPeriodType().toLowerCase()))) + (org.hisp.dhis.analytics.event.data.JdbcEventAnalyticsManager.OPEN_IN)) + (getQuotedCommaDelimitedString(getUids(params.getDimensionOrFilterItems(org.hisp.dhis.analytics.event.data.PERIOD_DIM_ID))))) + \") \";\n        }\n\n    if (params.isOrganisationUnitMode(OrganisationUnitSelectionMode.SELECTED)) {\n        java.lang.String orgUnitCol \u003d quoteAlias(params.getOrgUnitFieldFallback());\n        sql +\u003d (((((hlp.whereAnd()) + \" \") + orgUnitCol) + (org.hisp.dhis.analytics.event.data.JdbcEventAnalyticsManager.OPEN_IN)) + (getQuotedCommaDelimitedString(getUids(params.getDimensionOrFilterItems(org.hisp.dhis.analytics.event.data.ORGUNIT_DIM_ID))))) + \") \";\n    } else\n        if (params.isOrganisationUnitMode(OrganisationUnitSelectionMode.CHILDREN)) {\n            java.lang.String orgUnitCol \u003d quoteAlias(params.getOrgUnitFieldFallback());\n            sql +\u003d (((((hlp.whereAnd()) + \" \") + orgUnitCol) + (org.hisp.dhis.analytics.event.data.JdbcEventAnalyticsManager.OPEN_IN)) + (getQuotedCommaDelimitedString(getUids(params.getOrganisationUnitChildren())))) + \") \";\n        } else {\n            java.lang.String orgUnitAlias \u003d getOrgUnitAlias(params);\n            sql +\u003d (hlp.whereAnd()) + \" (\";\n            for (org.hisp.dhis.common.DimensionalItemObject object : params.getDimensionOrFilterItems(org.hisp.dhis.analytics.event.data.ORGUNIT_DIM_ID)) {\n                org.hisp.dhis.organisationunit.OrganisationUnit unit \u003d ((org.hisp.dhis.organisationunit.OrganisationUnit) (object));\n                java.lang.String orgUnitCol \u003d quote(orgUnitAlias, (\"uidlevel\" + (unit.getLevel())));\n                sql +\u003d ((orgUnitCol + \" \u003d \u0027\") + (unit.getUid())) + \"\u0027 or \";\n            }\n            sql \u003d (removeLastOr(sql)) + \") \";\n        }\n\n    java.util.List\u003corg.hisp.dhis.common.DimensionalObject\u003e dynamicDimensions \u003d params.getDimensionsAndFilters(com.google.common.collect.Sets.newHashSet(DimensionType.ORGANISATION_UNIT_GROUP_SET, DimensionType.CATEGORY));\n    for (org.hisp.dhis.common.DimensionalObject dim : dynamicDimensions) {\n        java.lang.String col \u003d quoteAlias(dim.getDimensionName());\n        sql +\u003d (((((hlp.whereAnd()) + \" \") + col) + (org.hisp.dhis.analytics.event.data.JdbcEventAnalyticsManager.OPEN_IN)) + (getQuotedCommaDelimitedString(getUids(dim.getItems())))) + \") \";\n    }\n    if ((params.hasProgramStage()) \u0026\u0026 ((params.getOutputType()) !\u003d (org.hisp.dhis.analytics.EventOutputType.ENROLLMENT))) {\n        sql +\u003d (((((hlp.whereAnd()) + \" \") + (quoteAlias(\"ps\"))) + \" \u003d \u0027\") + (params.getProgramStage().getUid())) + \"\u0027 \";\n    }\n    for (org.hisp.dhis.common.QueryItem item : params.getItems()) {\n        if (item.hasFilter()) {\n            for (org.hisp.dhis.common.QueryFilter filter : item.getFilters()) {\n                java.lang.String field \u003d getSelectSql(item, params.getEarliestStartDate(), params.getLatestEndDate());\n                if (org.hisp.dhis.analytics.event.data.IN.equals(filter.getOperator())) {\n                    org.hisp.dhis.common.InQueryFilter inQueryFilter \u003d new org.hisp.dhis.common.InQueryFilter(field, filter);\n                    sql +\u003d ((hlp.whereAnd()) + \" \") + (inQueryFilter.renderSqlFilter(item.isText(), ( toEncode) -\u003e org.hisp.dhis.analytics.event.data.statementBuilder.encode(toEncode, false)));\n                } else {\n                    sql +\u003d (((((((hlp.whereAnd()) + \" \") + field) + \" \") + (filter.getSqlOperator())) + \" \") + (getSqlFilter(filter, item))) + \" \";\n                }\n            }\n        }\n    }\n    for (org.hisp.dhis.common.QueryItem item : params.getItemFilters()) {\n        if (item.hasFilter()) {\n            for (org.hisp.dhis.common.QueryFilter filter : item.getFilters()) {\n                sql +\u003d (((((((hlp.whereAnd()) + \" \") + (getSelectSql(item, params.getEarliestStartDate(), params.getLatestEndDate()))) + \" \") + (filter.getSqlOperator())) + \" \") + (getSqlFilter(filter, item))) + \" \";\n            }\n        }\n    }\n    if ((params.hasProgramIndicatorDimension()) \u0026\u0026 (params.getProgramIndicator().hasFilter())) {\n        java.lang.String filter \u003d programIndicatorService.getAnalyticsSql(params.getProgramIndicator().getFilter(), params.getProgramIndicator(), params.getEarliestStartDate(), params.getLatestEndDate());\n        java.lang.String sqlFilter \u003d org.hisp.dhis.commons.util.ExpressionUtils.asSql(filter);\n        sql +\u003d (((hlp.whereAnd()) + \" (\") + sqlFilter) + \") \";\n    }\n    if (params.hasProgramIndicatorDimension()) {\n        java.lang.String anyValueFilter \u003d programIndicatorService.getAnyValueExistsClauseAnalyticsSql(params.getProgramIndicator().getExpression(), params.getProgramIndicator().getAnalyticsType());\n        if (anyValueFilter !\u003d null) {\n            sql +\u003d (((hlp.whereAnd()) + \" (\") + anyValueFilter) + \") \";\n        }\n    }\n    if (params.hasProgramStatus()) {\n        sql +\u003d (((hlp.whereAnd()) + \" pistatus \u003d \u0027\") + (params.getProgramStatus().name())) + \"\u0027 \";\n    }\n    if (params.hasEventStatus()) {\n        sql +\u003d (((hlp.whereAnd()) + \" psistatus \u003d \u0027\") + (params.getEventStatus().name())) + \"\u0027 \";\n    }\n    if ((params.isCoordinatesOnly()) || (params.isGeometryOnly())) {\n        if (params.isCoordinateOuFallback()) {\n            sql +\u003d (((((hlp.whereAnd()) + \" (\") + (quoteAlias(resolveCoordinateFieldColumnName(params.getCoordinateField(), params)))) + \" is not null or \") + (quoteAlias(resolveCoordinateFieldColumnName(params.getFallbackCoordinateField(), params)))) + \" is not null )\";\n        } else {\n            sql +\u003d (((hlp.whereAnd()) + \" \") + (quoteAlias(resolveCoordinateFieldColumnName(params.getCoordinateField(), params)))) + \" is not null \";\n        }\n    }\n    if (params.isCompletedOnly()) {\n        sql +\u003d (hlp.whereAnd()) + \" completeddate is not null \";\n    }\n    if (params.hasBbox()) {\n        sql +\u003d (((((hlp.whereAnd()) + \" \") + (quoteAlias(params.getCoordinateField()))) + \" \u0026\u0026 ST_MakeEnvelope(\") + (params.getBbox())) + \",4326) \";\n    }\n    if ((((!(params.isSkipPartitioning())) \u0026\u0026 (params.hasPartitions())) \u0026\u0026 (!(params.hasNonDefaultBoundaries()))) \u0026\u0026 (!(params.hasTimeField()))) {\n        sql +\u003d (((((hlp.whereAnd()) + \" \") + (quoteAlias(\"yearly\"))) + (org.hisp.dhis.analytics.event.data.JdbcEventAnalyticsManager.OPEN_IN)) + (org.hisp.dhis.commons.util.TextUtils.getQuotedCommaDelimitedString(params.getPartitions().getPartitions()))) + \") \";\n    }\n    if (params.getAggregationTypeFallback().isFirstOrLastPeriodAggregationType()) {\n        sql +\u003d (((hlp.whereAnd()) + \" \") + (quoteAlias(\"pe_rank\"))) + \" \u003d 1 \";\n    }\n    return sql;\n}",
                "dst_parent": "null"
              },
              "line": 400,
              "file": "/home/khesoem/projects/lighter/exp/dhis-2/dhis-services/dhis-service-analytics/src/main/java/org/hisp/dhis/analytics/event/data/JdbcEventAnalyticsManager.java",
              "stats": {
                "number_of_src_entities": 358,
                "number_of_dst_entities": -1,
                "src_entity_types": "[org.hisp.dhis.analytics.event.EventQueryParams, TimeField.EVENT_DATE, org.hisp.dhis.program.AnalyticsPeriodBoundary, org.hisp.dhis.analytics.event.data.JdbcEventAnalyticsManager, org.hisp.dhis.analytics.event.data.PERIOD_DIM_ID, java.lang.String, TimeField.ENROLLMENT_DATE, org.hisp.dhis.commons.util.SqlHelper, org.hisp.dhis.analytics.event.data.statementBuilder, org.hisp.dhis.analytics.EventOutputType]",
                "dst_entity_types": "[]"
              }
            }
          ]
        }
      ]
    }
  ],
  "complete_analysis": true
}