{
  "instances": [
    {
      "revision": "573e02fab2e04c912b21c61bc3d8fc1c3ff3ee18",
      "repairability": [
        {
          "tool-name": "Arja",
          "pattern-name": "Arja:arja_shallow_change",
          "Unified_Diff_of-files:": "Starts Below...",
          "CHANGE_old:": "                + potentialDuplicate.getTeiB() + \" is already marked as a potential duplicate\" );",
          "CHANGE_new:": "                + potentialDuplicate.getDuplicate() + \" is already marked as a potential duplicate\" );",
          "DELETE:": "",
          "instance_detail": [
            {
              "pattern_action": "ANY",
              "pattern_entity": {
                "entity_type": "Statement",
                "entity_new value": "*",
                "entity_role": "*",
                "entity_parent": "null"
              },
              "concrete_change": {
                "operator": "DEL",
                "src_type": "Invocation",
                "dst_type": "null",
                "src": "original.getCreated()",
                "dst": "null",
                "src_parent_type": "Invocation",
                "dst_parent_type": "null",
                "src_parent": "original.getCreated().after(duplicate.getCreated())",
                "dst_parent": "null"
              },
              "line": 189,
              "file": "/home/khesoem/projects/lighter/exp/dhis-2/dhis-web-api/src/main/java/org/hisp/dhis/webapi/controller/deduplication/DeduplicationController.java"
            }
          ]
        },
        {
          "tool-name": "Arja",
          "pattern-name": "Arja:arja_shallow_change",
          "Unified_Diff_of-files:": "Starts Below...",
          "CHANGE_old:": "                + potentialDuplicate.getTeiB() + \" is already marked as a potential duplicate\" );",
          "CHANGE_new:": "                + potentialDuplicate.getDuplicate() + \" is already marked as a potential duplicate\" );",
          "DELETE:": "",
          "instance_detail": [
            {
              "pattern_action": "ANY",
              "pattern_entity": {
                "entity_type": "Statement",
                "entity_new value": "*",
                "entity_role": "*",
                "entity_parent": "null"
              },
              "concrete_change": {
                "operator": "DEL",
                "src_type": "Invocation",
                "dst_type": "null",
                "src": "duplicate.getCreated()",
                "dst": "null",
                "src_parent_type": "Invocation",
                "dst_parent_type": "null",
                "src_parent": "original.getCreated().after(duplicate.getCreated())",
                "dst_parent": "null"
              },
              "line": 189,
              "file": "/home/khesoem/projects/lighter/exp/dhis-2/dhis-web-api/src/main/java/org/hisp/dhis/webapi/controller/deduplication/DeduplicationController.java"
            }
          ]
        },
        {
          "tool-name": "Arja",
          "pattern-name": "Arja:arja_shallow_change",
          "Unified_Diff_of-files:": "Starts Below...",
          "CHANGE_old:": "                + potentialDuplicate.getTeiB() + \" is already marked as a potential duplicate\" );",
          "CHANGE_new:": "                + potentialDuplicate.getDuplicate() + \" is already marked as a potential duplicate\" );",
          "DELETE:": "",
          "instance_detail": [
            {
              "pattern_action": "ANY",
              "pattern_entity": {
                "entity_type": "Statement",
                "entity_new value": "*",
                "entity_role": "*",
                "entity_parent": "null"
              },
              "concrete_change": {
                "operator": "DEL",
                "src_type": "Invocation",
                "dst_type": "null",
                "src": "original.getCreated().after(duplicate.getCreated())",
                "dst": "null",
                "src_parent_type": "If",
                "dst_parent_type": "null",
                "src_parent": "if (original.getCreated().after(duplicate.getCreated())) {\n    org.hisp.dhis.trackedentity.TrackedEntityInstance t \u003d original;\n    original \u003d duplicate;\n    duplicate \u003d t;\n}",
                "dst_parent": "null"
              },
              "line": 189,
              "file": "/home/khesoem/projects/lighter/exp/dhis-2/dhis-web-api/src/main/java/org/hisp/dhis/webapi/controller/deduplication/DeduplicationController.java"
            }
          ]
        },
        {
          "tool-name": "Arja",
          "pattern-name": "Arja:arja_shallow_change",
          "Unified_Diff_of-files:": "Starts Below...",
          "CHANGE_old:": "                + potentialDuplicate.getTeiB() + \" is already marked as a potential duplicate\" );",
          "CHANGE_new:": "                + potentialDuplicate.getDuplicate() + \" is already marked as a potential duplicate\" );",
          "DELETE:": "",
          "instance_detail": [
            {
              "pattern_action": "ANY",
              "pattern_entity": {
                "entity_type": "Statement",
                "entity_new value": "*",
                "entity_role": "*",
                "entity_parent": "null"
              },
              "concrete_change": {
                "operator": "DEL",
                "src_type": "LocalVariable",
                "dst_type": "null",
                "src": "org.hisp.dhis.trackedentity.TrackedEntityInstance t \u003d original",
                "dst": "null",
                "src_parent_type": "Block",
                "dst_parent_type": "null",
                "src_parent": "{\n    org.hisp.dhis.trackedentity.TrackedEntityInstance t \u003d original;\n    original \u003d duplicate;\n    duplicate \u003d t;\n}",
                "dst_parent": "null"
              },
              "line": 191,
              "file": "/home/khesoem/projects/lighter/exp/dhis-2/dhis-web-api/src/main/java/org/hisp/dhis/webapi/controller/deduplication/DeduplicationController.java"
            }
          ]
        },
        {
          "tool-name": "Arja",
          "pattern-name": "Arja:arja_shallow_change",
          "Unified_Diff_of-files:": "Starts Below...",
          "CHANGE_old:": "                + potentialDuplicate.getTeiB() + \" is already marked as a potential duplicate\" );",
          "CHANGE_new:": "                + potentialDuplicate.getDuplicate() + \" is already marked as a potential duplicate\" );",
          "DELETE:": "",
          "instance_detail": [
            {
              "pattern_action": "ANY",
              "pattern_entity": {
                "entity_type": "Statement",
                "entity_new value": "*",
                "entity_role": "*",
                "entity_parent": "null"
              },
              "concrete_change": {
                "operator": "DEL",
                "src_type": "Assignment",
                "dst_type": "null",
                "src": "original \u003d duplicate",
                "dst": "null",
                "src_parent_type": "Block",
                "dst_parent_type": "null",
                "src_parent": "{\n    org.hisp.dhis.trackedentity.TrackedEntityInstance t \u003d original;\n    original \u003d duplicate;\n    duplicate \u003d t;\n}",
                "dst_parent": "null"
              },
              "line": 192,
              "file": "/home/khesoem/projects/lighter/exp/dhis-2/dhis-web-api/src/main/java/org/hisp/dhis/webapi/controller/deduplication/DeduplicationController.java"
            }
          ]
        },
        {
          "tool-name": "Arja",
          "pattern-name": "Arja:arja_shallow_change",
          "Unified_Diff_of-files:": "Starts Below...",
          "CHANGE_old:": "                + potentialDuplicate.getTeiB() + \" is already marked as a potential duplicate\" );",
          "CHANGE_new:": "                + potentialDuplicate.getDuplicate() + \" is already marked as a potential duplicate\" );",
          "DELETE:": "",
          "instance_detail": [
            {
              "pattern_action": "ANY",
              "pattern_entity": {
                "entity_type": "Statement",
                "entity_new value": "*",
                "entity_role": "*",
                "entity_parent": "null"
              },
              "concrete_change": {
                "operator": "DEL",
                "src_type": "Assignment",
                "dst_type": "null",
                "src": "duplicate \u003d t",
                "dst": "null",
                "src_parent_type": "Block",
                "dst_parent_type": "null",
                "src_parent": "{\n    org.hisp.dhis.trackedentity.TrackedEntityInstance t \u003d original;\n    original \u003d duplicate;\n    duplicate \u003d t;\n}",
                "dst_parent": "null"
              },
              "line": 193,
              "file": "/home/khesoem/projects/lighter/exp/dhis-2/dhis-web-api/src/main/java/org/hisp/dhis/webapi/controller/deduplication/DeduplicationController.java"
            }
          ]
        },
        {
          "tool-name": "Arja",
          "pattern-name": "Arja:arja_shallow_change",
          "Unified_Diff_of-files:": "Starts Below...",
          "CHANGE_old:": "                + potentialDuplicate.getTeiB() + \" is already marked as a potential duplicate\" );",
          "CHANGE_new:": "                + potentialDuplicate.getDuplicate() + \" is already marked as a potential duplicate\" );",
          "DELETE:": "",
          "instance_detail": [
            {
              "pattern_action": "ANY",
              "pattern_entity": {
                "entity_type": "Statement",
                "entity_new value": "*",
                "entity_role": "*",
                "entity_parent": "null"
              },
              "concrete_change": {
                "operator": "DEL",
                "src_type": "Block",
                "dst_type": "null",
                "src": "{\n    org.hisp.dhis.trackedentity.TrackedEntityInstance t \u003d original;\n    original \u003d duplicate;\n    duplicate \u003d t;\n}",
                "dst": "null",
                "src_parent_type": "If",
                "dst_parent_type": "null",
                "src_parent": "if (original.getCreated().after(duplicate.getCreated())) {\n    org.hisp.dhis.trackedentity.TrackedEntityInstance t \u003d original;\n    original \u003d duplicate;\n    duplicate \u003d t;\n}",
                "dst_parent": "null"
              },
              "line": 190,
              "file": "/home/khesoem/projects/lighter/exp/dhis-2/dhis-web-api/src/main/java/org/hisp/dhis/webapi/controller/deduplication/DeduplicationController.java"
            }
          ]
        },
        {
          "tool-name": "Arja",
          "pattern-name": "Arja:arja_shallow_change",
          "Unified_Diff_of-files:": "Starts Below...",
          "CHANGE_old:": "                + potentialDuplicate.getTeiB() + \" is already marked as a potential duplicate\" );",
          "CHANGE_new:": "                + potentialDuplicate.getDuplicate() + \" is already marked as a potential duplicate\" );",
          "DELETE:": "",
          "instance_detail": [
            {
              "pattern_action": "ANY",
              "pattern_entity": {
                "entity_type": "Statement",
                "entity_new value": "*",
                "entity_role": "*",
                "entity_parent": "null"
              },
              "concrete_change": {
                "operator": "DEL",
                "src_type": "If",
                "dst_type": "null",
                "src": "if (original.getCreated().after(duplicate.getCreated())) {\n    org.hisp.dhis.trackedentity.TrackedEntityInstance t \u003d original;\n    original \u003d duplicate;\n    duplicate \u003d t;\n}",
                "dst": "null",
                "src_parent_type": "Block",
                "dst_parent_type": "null",
                "src_parent": "{\n    org.hisp.dhis.webapi.controller.deduplication.PotentialDuplicate potentialDuplicate \u003d getPotentialDuplicateBy(id);\n    if (((potentialDuplicate.getTeiA()) \u003d\u003d null) || ((potentialDuplicate.getTeiB()) \u003d\u003d null)) {\n        throw new org.hisp.dhis.webapi.controller.deduplication.PotentialDuplicateConflictException(\"PotentialDuplicate is missing references and cannot be merged.\");\n    }\n    org.hisp.dhis.trackedentity.TrackedEntityInstance original \u003d getTei(potentialDuplicate.getTeiA());\n    org.hisp.dhis.trackedentity.TrackedEntityInstance duplicate \u003d getTei(potentialDuplicate.getTeiB());\n    if (original.getCreated().after(duplicate.getCreated())) {\n        org.hisp.dhis.trackedentity.TrackedEntityInstance t \u003d original;\n        original \u003d duplicate;\n        duplicate \u003d t;\n    }\n    if (mergeObject \u003d\u003d null) {\n        mergeObject \u003d new org.hisp.dhis.webapi.controller.deduplication.MergeObject();\n    }\n    org.hisp.dhis.webapi.controller.deduplication.DeduplicationMergeParams params \u003d org.hisp.dhis.webapi.controller.deduplication.DeduplicationMergeParams.builder().potentialDuplicate(potentialDuplicate).mergeObject(mergeObject).original(original).duplicate(duplicate).build();\n    if (MergeStrategy.MANUAL.equals(mergeStrategy)) {\n        deduplicationService.manualMerge(params);\n    } else {\n        deduplicationService.autoMerge(params);\n    }\n}",
                "dst_parent": "null"
              },
              "line": 189,
              "file": "/home/khesoem/projects/lighter/exp/dhis-2/dhis-web-api/src/main/java/org/hisp/dhis/webapi/controller/deduplication/DeduplicationController.java",
              "stats": {
                "number_of_src_entities": 46,
                "number_of_dst_entities": -1,
                "src_entity_types": "[org.hisp.dhis.trackedentity.TrackedEntityInstance]",
                "dst_entity_types": "[]"
              }
            }
          ]
        }
      ]
    }
  ],
  "complete_analysis": true
}