{
  "instances": [
    {
      "revision": "d4c595abc0801b5cf438a7844850486cc6cb6607",
      "repairability": [
        {
          "tool-name": "Arja",
          "pattern-name": "Arja:arja_shallow_change",
          "Unified_Diff_of-files:": "Starts Below...",
          "DELETE:": "    AUDIT_LOGGER_FILE_MAX_SIZE( \"audit.logger.file.max_size\", \"500MB\" ),",
          "instance_detail": [
            {
              "pattern_action": "ANY",
              "pattern_entity": {
                "entity_type": "Statement",
                "entity_new value": "*",
                "entity_role": "*",
                "entity_parent": "null"
              },
              "concrete_change": {
                "operator": "DEL",
                "src_type": "ConstructorCall",
                "dst_type": "null",
                "src": "new org.hisp.dhis.external.conf.ConfigurationKey(\"audit.logger.file.max_size\", \"500MB\")",
                "dst": "null",
                "src_parent_type": "EnumValue",
                "dst_parent_type": "null",
                "src_parent": "AUDIT_LOGGER_FILE_MAX_SIZE(\"audit.logger.file.max_size\", \"500MB\")",
                "dst_parent": "null"
              },
              "line": 127,
              "file": "/home/khesoem/projects/lighter/exp/dhis-2/dhis-support/dhis-support-external/src/main/java/org/hisp/dhis/external/conf/ConfigurationKey.java"
            }
          ]
        }
      ]
    }
  ],
  "complete_analysis": true
}