{
  "instances": [
    {
      "revision": "24eb8d38b3cc88208c2b4cb9210b4efb6b05e6b2",
      "repairability": [
        {
          "tool-name": "Arja",
          "pattern-name": "Arja:arja_shallow_change",
          "Unified_Diff_of-files:": "Starts Below...",
          "INSERT:": "",
          "DELETE:": "            final ImportStrategy strategy \u003d context.getStrategy();",
          "CHANGE_old:": "",
          "CHANGE_new:": "            || dataValueIsZeroAndInsignificant( dataValue.getValue(), valueContext.getDataElement() ) )",
          "instance_detail": [
            {
              "pattern_action": "ANY",
              "pattern_entity": {
                "entity_type": "Statement",
                "entity_new value": "*",
                "entity_role": "*",
                "entity_parent": "null"
              },
              "concrete_change": {
                "operator": "DEL",
                "src_type": "Invocation",
                "dst_type": "null",
                "src": "register(org.hisp.dhis.dxf2.datavalueset.DataValueSetImportValidator::checkDataValueOrgUnitValidForAttrOptionCombo)",
                "dst": "null",
                "src_parent_type": "Block",
                "dst_parent_type": "null",
                "src_parent": "{\n    register(org.hisp.dhis.dxf2.datavalueset.DataValueSetImportValidator::validateDataSetExists);\n    register(this::validateDataSetIsAccessibleByUser);\n    register(org.hisp.dhis.dxf2.datavalueset.DataValueSetImportValidator::validateDataSetExistsStrictDataElements);\n    register(org.hisp.dhis.dxf2.datavalueset.DataValueSetImportValidator::validateDataSetOrgUnitExists);\n    register(org.hisp.dhis.dxf2.datavalueset.DataValueSetImportValidator::validateDataSetAttrOptionComboExists);\n    register(org.hisp.dhis.dxf2.datavalueset.DataValueSetImportValidator::validateDataValueDataElementExists);\n    register(org.hisp.dhis.dxf2.datavalueset.DataValueSetImportValidator::validateDataValuePeriodExists);\n    register(org.hisp.dhis.dxf2.datavalueset.DataValueSetImportValidator::validateDataValueOrgUnitExists);\n    register(org.hisp.dhis.dxf2.datavalueset.DataValueSetImportValidator::validateDataValueCategoryOptionComboExists);\n    register(this::validateDataValueCategoryOptionComboAccess);\n    register(org.hisp.dhis.dxf2.datavalueset.DataValueSetImportValidator::validateDataValueAttrOptionComboExists);\n    register(this::validateDataValueAttrOptionComboAccess);\n    register(org.hisp.dhis.dxf2.datavalueset.DataValueSetImportValidator::validateDataValueOrgUnitInUserHierarchy);\n    register(org.hisp.dhis.dxf2.datavalueset.DataValueSetImportValidator::validateDataValueIsDefined);\n    register(org.hisp.dhis.dxf2.datavalueset.DataValueSetImportValidator::validateDataValueIsValid);\n    register(org.hisp.dhis.dxf2.datavalueset.DataValueSetImportValidator::validateDataValueCommentIsValid);\n    register(org.hisp.dhis.dxf2.datavalueset.DataValueSetImportValidator::validateDataValueOptionsExist);\n    register(org.hisp.dhis.dxf2.datavalueset.DataValueSetImportValidator::checkDataValueCategoryOptionCombo);\n    register(org.hisp.dhis.dxf2.datavalueset.DataValueSetImportValidator::checkDataValueAttrOptionCombo);\n    register(org.hisp.dhis.dxf2.datavalueset.DataValueSetImportValidator::checkDataValuePeriodType);\n    register(org.hisp.dhis.dxf2.datavalueset.DataValueSetImportValidator::checkDataValueStrictDataElement);\n    register(org.hisp.dhis.dxf2.datavalueset.DataValueSetImportValidator::checkDataValueStrictCategoryOptionCombos);\n    register(org.hisp.dhis.dxf2.datavalueset.DataValueSetImportValidator::checkDataValueStrictAttrOptionCombos);\n    register(org.hisp.dhis.dxf2.datavalueset.DataValueSetImportValidator::checkDataValueStrictOrgUnits);\n    register(org.hisp.dhis.dxf2.datavalueset.DataValueSetImportValidator::checkDataValueIsNotZeroAndInsignificant);\n    register(org.hisp.dhis.dxf2.datavalueset.DataValueSetImportValidator::checkDataValueStoredByIsValid);\n    register(org.hisp.dhis.dxf2.datavalueset.DataValueSetImportValidator::checkDataValuePeriodWithinAttrOptionComboRange);\n    register(org.hisp.dhis.dxf2.datavalueset.DataValueSetImportValidator::checkDataValueOrgUnitValidForAttrOptionCombo);\n    register(this::checkDataValueTodayNotPastPeriodExpiry);\n    register(org.hisp.dhis.dxf2.datavalueset.DataValueSetImportValidator::checkDataValueNotAfterLatestOpenFuturePeriod);\n    register(this::checkDataValueNotAlreadyApproved);\n    register(org.hisp.dhis.dxf2.datavalueset.DataValueSetImportValidator::checkDataValuePeriodIsOpenNow);\n    register(org.hisp.dhis.dxf2.datavalueset.DataValueSetImportValidator::checkDataValueConformsToOpenPeriodsOfAssociatedDataSets);\n    register(this::checkDataValueFileResourceExists);\n}",
                "dst_parent": "null"
              },
              "line": 160,
              "file": "/home/khesoem/projects/lighter/exp/dhis-2/dhis-services/dhis-service-dxf2/src/main/java/org/hisp/dhis/dxf2/datavalueset/DataValueSetImportValidator.java",
              "stats": {
                "number_of_src_entities": 23,
                "number_of_dst_entities": -1,
                "src_entity_types": "[org.hisp.dhis.dxf2.datavalueset.DataValueSetImportValidator]",
                "dst_entity_types": "[]"
              }
            }
          ]
        },
        {
          "tool-name": "Arja",
          "pattern-name": "Arja:arja_shallow_change",
          "Unified_Diff_of-files:": "Starts Below...",
          "INSERT:": "",
          "DELETE:": "            final ImportStrategy strategy \u003d context.getStrategy();",
          "CHANGE_old:": "",
          "CHANGE_new:": "            || dataValueIsZeroAndInsignificant( dataValue.getValue(), valueContext.getDataElement() ) )",
          "instance_detail": [
            {
              "pattern_action": "ANY",
              "pattern_entity": {
                "entity_type": "Statement",
                "entity_new value": "*",
                "entity_role": "*",
                "entity_parent": "null"
              },
              "concrete_change": {
                "operator": "DEL",
                "src_type": "Invocation",
                "dst_type": "null",
                "src": "dataValue.getValue()",
                "dst": "null",
                "src_parent_type": "Invocation",
                "dst_parent_type": "null",
                "src_parent": "org.hisp.dhis.system.util.ValidationUtils.dataValueIsZeroAndInsignificant(dataValue.getValue(), valueContext.getDataElement())",
                "dst_parent": "null"
              },
              "line": 524,
              "file": "/home/khesoem/projects/lighter/exp/dhis-2/dhis-services/dhis-service-dxf2/src/main/java/org/hisp/dhis/dxf2/datavalueset/DataValueSetImportValidator.java"
            }
          ]
        },
        {
          "tool-name": "Arja",
          "pattern-name": "Arja:arja_shallow_change",
          "Unified_Diff_of-files:": "Starts Below...",
          "INSERT:": "",
          "DELETE:": "            final ImportStrategy strategy \u003d context.getStrategy();",
          "CHANGE_old:": "",
          "CHANGE_new:": "            || dataValueIsZeroAndInsignificant( dataValue.getValue(), valueContext.getDataElement() ) )",
          "instance_detail": [
            {
              "pattern_action": "ANY",
              "pattern_entity": {
                "entity_type": "Statement",
                "entity_new value": "*",
                "entity_role": "*",
                "entity_parent": "null"
              },
              "concrete_change": {
                "operator": "DEL",
                "src_type": "Invocation",
                "dst_type": "null",
                "src": "valueContext.getDataElement()",
                "dst": "null",
                "src_parent_type": "Invocation",
                "dst_parent_type": "null",
                "src_parent": "org.hisp.dhis.system.util.ValidationUtils.dataValueIsZeroAndInsignificant(dataValue.getValue(), valueContext.getDataElement())",
                "dst_parent": "null"
              },
              "line": 524,
              "file": "/home/khesoem/projects/lighter/exp/dhis-2/dhis-services/dhis-service-dxf2/src/main/java/org/hisp/dhis/dxf2/datavalueset/DataValueSetImportValidator.java"
            }
          ]
        },
        {
          "tool-name": "Arja",
          "pattern-name": "Arja:arja_shallow_change",
          "Unified_Diff_of-files:": "Starts Below...",
          "INSERT:": "",
          "DELETE:": "            final ImportStrategy strategy \u003d context.getStrategy();",
          "CHANGE_old:": "",
          "CHANGE_new:": "            || dataValueIsZeroAndInsignificant( dataValue.getValue(), valueContext.getDataElement() ) )",
          "instance_detail": [
            {
              "pattern_action": "ANY",
              "pattern_entity": {
                "entity_type": "Statement",
                "entity_new value": "*",
                "entity_role": "*",
                "entity_parent": "null"
              },
              "concrete_change": {
                "operator": "DEL",
                "src_type": "Invocation",
                "dst_type": "null",
                "src": "org.hisp.dhis.system.util.ValidationUtils.dataValueIsZeroAndInsignificant(dataValue.getValue(), valueContext.getDataElement())",
                "dst": "null",
                "src_parent_type": "LocalVariable",
                "dst_parent_type": "null",
                "src_parent": "boolean zeroAndInsignificant \u003d org.hisp.dhis.system.util.ValidationUtils.dataValueIsZeroAndInsignificant(dataValue.getValue(), valueContext.getDataElement())",
                "dst_parent": "null"
              },
              "line": 523,
              "file": "/home/khesoem/projects/lighter/exp/dhis-2/dhis-services/dhis-service-dxf2/src/main/java/org/hisp/dhis/dxf2/datavalueset/DataValueSetImportValidator.java"
            }
          ]
        },
        {
          "tool-name": "Arja",
          "pattern-name": "Arja:arja_shallow_change",
          "Unified_Diff_of-files:": "Starts Below...",
          "INSERT:": "",
          "DELETE:": "            final ImportStrategy strategy \u003d context.getStrategy();",
          "CHANGE_old:": "",
          "CHANGE_new:": "            || dataValueIsZeroAndInsignificant( dataValue.getValue(), valueContext.getDataElement() ) )",
          "instance_detail": [
            {
              "pattern_action": "ANY",
              "pattern_entity": {
                "entity_type": "Statement",
                "entity_new value": "*",
                "entity_role": "*",
                "entity_parent": "null"
              },
              "concrete_change": {
                "operator": "DEL",
                "src_type": "LocalVariable",
                "dst_type": "null",
                "src": "boolean zeroAndInsignificant \u003d org.hisp.dhis.system.util.ValidationUtils.dataValueIsZeroAndInsignificant(dataValue.getValue(), valueContext.getDataElement())",
                "dst": "null",
                "src_parent_type": "Block",
                "dst_parent_type": "null",
                "src_parent": "{\n    boolean zeroAndInsignificant \u003d org.hisp.dhis.system.util.ValidationUtils.dataValueIsZeroAndInsignificant(dataValue.getValue(), valueContext.getDataElement());\n    if (zeroAndInsignificant) {\n        context.getSummary().skipValue();\n    }\n}",
                "dst_parent": "null"
              },
              "line": 523,
              "file": "/home/khesoem/projects/lighter/exp/dhis-2/dhis-services/dhis-service-dxf2/src/main/java/org/hisp/dhis/dxf2/datavalueset/DataValueSetImportValidator.java"
            }
          ]
        },
        {
          "tool-name": "Arja",
          "pattern-name": "Arja:arja_shallow_change",
          "Unified_Diff_of-files:": "Starts Below...",
          "INSERT:": "",
          "DELETE:": "            final ImportStrategy strategy \u003d context.getStrategy();",
          "CHANGE_old:": "",
          "CHANGE_new:": "            || dataValueIsZeroAndInsignificant( dataValue.getValue(), valueContext.getDataElement() ) )",
          "instance_detail": [
            {
              "pattern_action": "ANY",
              "pattern_entity": {
                "entity_type": "Statement",
                "entity_new value": "*",
                "entity_role": "*",
                "entity_parent": "null"
              },
              "concrete_change": {
                "operator": "DEL",
                "src_type": "Invocation",
                "dst_type": "null",
                "src": "context.getSummary()",
                "dst": "null",
                "src_parent_type": "Invocation",
                "dst_parent_type": "null",
                "src_parent": "context.getSummary().skipValue()",
                "dst_parent": "null"
              },
              "line": 529,
              "file": "/home/khesoem/projects/lighter/exp/dhis-2/dhis-services/dhis-service-dxf2/src/main/java/org/hisp/dhis/dxf2/datavalueset/DataValueSetImportValidator.java"
            }
          ]
        },
        {
          "tool-name": "Arja",
          "pattern-name": "Arja:arja_shallow_change",
          "Unified_Diff_of-files:": "Starts Below...",
          "INSERT:": "",
          "DELETE:": "            final ImportStrategy strategy \u003d context.getStrategy();",
          "CHANGE_old:": "",
          "CHANGE_new:": "            || dataValueIsZeroAndInsignificant( dataValue.getValue(), valueContext.getDataElement() ) )",
          "instance_detail": [
            {
              "pattern_action": "ANY",
              "pattern_entity": {
                "entity_type": "Statement",
                "entity_new value": "*",
                "entity_role": "*",
                "entity_parent": "null"
              },
              "concrete_change": {
                "operator": "DEL",
                "src_type": "Invocation",
                "dst_type": "null",
                "src": "context.getSummary().skipValue()",
                "dst": "null",
                "src_parent_type": "Block",
                "dst_parent_type": "null",
                "src_parent": "{\n    context.getSummary().skipValue();\n}",
                "dst_parent": "null"
              },
              "line": 529,
              "file": "/home/khesoem/projects/lighter/exp/dhis-2/dhis-services/dhis-service-dxf2/src/main/java/org/hisp/dhis/dxf2/datavalueset/DataValueSetImportValidator.java"
            }
          ]
        },
        {
          "tool-name": "Arja",
          "pattern-name": "Arja:arja_shallow_change",
          "Unified_Diff_of-files:": "Starts Below...",
          "INSERT:": "",
          "DELETE:": "            final ImportStrategy strategy \u003d context.getStrategy();",
          "CHANGE_old:": "",
          "CHANGE_new:": "            || dataValueIsZeroAndInsignificant( dataValue.getValue(), valueContext.getDataElement() ) )",
          "instance_detail": [
            {
              "pattern_action": "ANY",
              "pattern_entity": {
                "entity_type": "Statement",
                "entity_new value": "*",
                "entity_role": "*",
                "entity_parent": "null"
              },
              "concrete_change": {
                "operator": "DEL",
                "src_type": "Block",
                "dst_type": "null",
                "src": "{\n    context.getSummary().skipValue();\n}",
                "dst": "null",
                "src_parent_type": "If",
                "dst_parent_type": "null",
                "src_parent": "if (zeroAndInsignificant) {\n    context.getSummary().skipValue();\n}",
                "dst_parent": "null"
              },
              "line": 527,
              "file": "/home/khesoem/projects/lighter/exp/dhis-2/dhis-services/dhis-service-dxf2/src/main/java/org/hisp/dhis/dxf2/datavalueset/DataValueSetImportValidator.java"
            }
          ]
        },
        {
          "tool-name": "Arja",
          "pattern-name": "Arja:arja_shallow_change",
          "Unified_Diff_of-files:": "Starts Below...",
          "INSERT:": "",
          "DELETE:": "            final ImportStrategy strategy \u003d context.getStrategy();",
          "CHANGE_old:": "",
          "CHANGE_new:": "            || dataValueIsZeroAndInsignificant( dataValue.getValue(), valueContext.getDataElement() ) )",
          "instance_detail": [
            {
              "pattern_action": "ANY",
              "pattern_entity": {
                "entity_type": "Statement",
                "entity_new value": "*",
                "entity_role": "*",
                "entity_parent": "null"
              },
              "concrete_change": {
                "operator": "DEL",
                "src_type": "If",
                "dst_type": "null",
                "src": "if (zeroAndInsignificant) {\n    context.getSummary().skipValue();\n}",
                "dst": "null",
                "src_parent_type": "Block",
                "dst_parent_type": "null",
                "src_parent": "{\n    boolean zeroAndInsignificant \u003d org.hisp.dhis.system.util.ValidationUtils.dataValueIsZeroAndInsignificant(dataValue.getValue(), valueContext.getDataElement());\n    if (zeroAndInsignificant) {\n        context.getSummary().skipValue();\n    }\n}",
                "dst_parent": "null"
              },
              "line": 526,
              "file": "/home/khesoem/projects/lighter/exp/dhis-2/dhis-services/dhis-service-dxf2/src/main/java/org/hisp/dhis/dxf2/datavalueset/DataValueSetImportValidator.java"
            }
          ]
        }
      ]
    }
  ],
  "complete_analysis": true
}