{
  "instances": [
    {
      "revision": "64f2fb4aee38ac7810c43a83807a39853139ec29",
      "repairability": [
        {
          "tool-name": "Elixir",
          "pattern-name": "Elixir:update_invocation_deep",
          "Unified_Diff_of-files:": "Starts Below...",
          "INSERT:": "                            }",
          "instance_detail": [
            {
              "pattern_action": "ANY",
              "pattern_entity": {
                "entity_type": "*",
                "entity_new value": "*",
                "entity_role": "*",
                "entity_parent": {
                  "entity_type": "AbstractInvocation",
                  "entity_new value": "*",
                  "entity_role": "*",
                  "entity_parent": "null"
                }
              },
              "concrete_change": {
                "operator": "INS",
                "src_type": "Case",
                "dst_type": "null",
                "src": "case io.enmasse.iot.service.base.MODIFIED :\n    {\n        final java.lang.String key \u003d key(project);\n        io.enmasse.iot.service.base.AbstractProjectBasedService.log.info(\"Modified project: {}\", key);\n        projects.put(key, project);\n        break;\n    }",
                "dst": "null",
                "src_parent_type": "Switch",
                "dst_parent_type": "null",
                "src_parent": "switch (action) {\n    case io.enmasse.iot.service.base.ADDED :\n        {\n            final java.lang.String key \u003d key(project);\n            io.enmasse.iot.service.base.AbstractProjectBasedService.log.info(\"Added project: {}\", key);\n            projects.put(key, project);\n            break;\n        }\n    case io.enmasse.iot.service.base.MODIFIED :\n        {\n            final java.lang.String key \u003d key(project);\n            io.enmasse.iot.service.base.AbstractProjectBasedService.log.info(\"Modified project: {}\", key);\n            projects.put(key, project);\n            break;\n        }\n    case io.enmasse.iot.service.base.DELETED :\n        {\n            final java.lang.String key \u003d key(project);\n            io.enmasse.iot.service.base.AbstractProjectBasedService.log.info(\"Removed project: {}\", key);\n            projects.remove(key);\n            break;\n        }\n    default :\n        break;\n}",
                "dst_parent": "null"
              },
              "line": 72,
              "file": "/home/khesoem/projects/lighter/exp/iot/iot-service-base/src/main/java/io/enmasse/iot/service/base/AbstractProjectBasedService.java",
              "stats": {
                "number_of_src_entities": 52,
                "number_of_dst_entities": -1,
                "src_entity_types": "[io.enmasse.iot.service.base.projects, io.enmasse.iot.service.base.log, java.lang.String, io.enmasse.iot.service.base.AbstractProjectBasedService, io.enmasse.iot.service.base.MODIFIED]",
                "dst_entity_types": "[]"
              }
            }
          ]
        }
      ]
    }
  ],
  "complete_analysis": true
}