{
  "instances": [
    {
      "revision": "66f373e438a870ddfbdc1004db1ba773003265b8",
      "repairability": [
        {
          "tool-name": "Elixir",
          "pattern-name": "Elixir:update_invocation_deep",
          "Unified_Diff_of-files:": "Starts Below...",
          "CHANGE_old:": "        sb.append(\"enmasse_\").append(name);",
          "CHANGE_new:": "        sb.append(name);",
          "instance_detail": [
            {
              "pattern_action": "ANY",
              "pattern_entity": {
                "entity_type": "*",
                "entity_new value": "*",
                "entity_role": "*",
                "entity_parent": {
                  "entity_type": "AbstractInvocation",
                  "entity_new value": "*",
                  "entity_role": "*",
                  "entity_parent": "null"
                }
              },
              "concrete_change": {
                "operator": "INS",
                "src_type": "Literal",
                "dst_type": "null",
                "src": "\"\\n\"",
                "dst": "null",
                "src_parent_type": "Invocation",
                "dst_parent_type": "null",
                "src_parent": "sb.append(\"# HELP \").append(metric.getName()).append(\" \").append(metric.getDescription()).append(\"\\n\")",
                "dst_parent": "null"
              },
              "line": 16,
              "file": "/home/khesoem/projects/lighter/exp/metrics-api/src/main/java/io/enmasse/metrics/api/PrometheusMetricsFormatter.java",
              "stats": {
                "number_of_src_entities": 3,
                "number_of_dst_entities": -1,
                "src_entity_types": "[java.lang.String]",
                "dst_entity_types": "[]"
              }
            }
          ]
        },
        {
          "tool-name": "Elixir",
          "pattern-name": "Elixir:update_invocation_deep",
          "Unified_Diff_of-files:": "Starts Below...",
          "CHANGE_old:": "        sb.append(\"enmasse_\").append(name);",
          "CHANGE_new:": "        sb.append(name);",
          "instance_detail": [
            {
              "pattern_action": "ANY",
              "pattern_entity": {
                "entity_type": "*",
                "entity_new value": "*",
                "entity_role": "*",
                "entity_parent": {
                  "entity_type": "AbstractInvocation",
                  "entity_new value": "*",
                  "entity_role": "*",
                  "entity_parent": "null"
                }
              },
              "concrete_change": {
                "operator": "INS",
                "src_type": "Literal",
                "dst_type": "null",
                "src": "\"\\n\"",
                "dst": "null",
                "src_parent_type": "Invocation",
                "dst_parent_type": "null",
                "src_parent": "sb.append(\"# TYPE \").append(metric.getName()).append(\" \").append(metric.getType().name()).append(\"\\n\")",
                "dst_parent": "null"
              },
              "line": 17,
              "file": "/home/khesoem/projects/lighter/exp/metrics-api/src/main/java/io/enmasse/metrics/api/PrometheusMetricsFormatter.java",
              "stats": {
                "number_of_src_entities": 3,
                "number_of_dst_entities": -1,
                "src_entity_types": "[java.lang.String]",
                "dst_entity_types": "[]"
              }
            }
          ]
        },
        {
          "tool-name": "Elixir",
          "pattern-name": "Elixir:update_invocation_deep",
          "Unified_Diff_of-files:": "Starts Below...",
          "CHANGE_old:": "        sb.append(\"enmasse_\").append(name);",
          "CHANGE_new:": "        sb.append(name);",
          "instance_detail": [
            {
              "pattern_action": "ANY",
              "pattern_entity": {
                "entity_type": "*",
                "entity_new value": "*",
                "entity_role": "*",
                "entity_parent": {
                  "entity_type": "AbstractInvocation",
                  "entity_new value": "*",
                  "entity_role": "*",
                  "entity_parent": "null"
                }
              },
              "concrete_change": {
                "operator": "DEL",
                "src_type": "Invocation",
                "dst_type": "null",
                "src": "sb.append(\"enmasse_\")",
                "dst": "null",
                "src_parent_type": "Invocation",
                "dst_parent_type": "null",
                "src_parent": "sb.append(\"enmasse_\").append(name)",
                "dst_parent": "null"
              },
              "line": 38,
              "file": "/home/khesoem/projects/lighter/exp/metrics-api/src/main/java/io/enmasse/metrics/api/PrometheusMetricsFormatter.java",
              "stats": {
                "number_of_src_entities": 15,
                "number_of_dst_entities": -1,
                "src_entity_types": "[java.lang.StringBuilder, java.lang.String]",
                "dst_entity_types": "[]"
              }
            }
          ]
        }
      ]
    }
  ],
  "complete_analysis": true
}