{
  "instances": [
    {
      "revision": "7655a8806ee20257cc2a7d58e48d12eb84a2367b",
      "repairability": [
        {
          "tool-name": "Elixir",
          "pattern-name": "Elixir:if_null_check",
          "Unified_Diff_of-files:": "Starts Below...",
          "INSERT:": "      }",
          "instance_detail": [
            {
              "pattern_action": "INS",
              "pattern_entity": {
                "entity_type": "If",
                "entity_new value": "*",
                "entity_role": "*",
                "entity_parent": "null"
              },
              "concrete_change": {
                "operator": "INS",
                "src_type": "If",
                "dst_type": "null",
                "src": "if (stat !\u003d null) {\n    return com.google.common.base.Optional.of(stat.getMtime());\n} else {\n    return com.google.common.base.Optional.absent();\n}",
                "dst": "null",
                "src_parent_type": "Block",
                "dst_parent_type": "null",
                "src_parent": "{\n    org.apache.zookeeper.data.Stat stat \u003d curatorFramework.checkExists().forPath(path);\n    log(com.hubspot.baragon.data.AbstractDataStore.OperationType.READ, com.google.common.base.Optional.\u003cjava.lang.Integer\u003eabsent(), com.google.common.base.Optional.\u003cjava.lang.Integer\u003eabsent(), start, path);\n    if (stat !\u003d null) {\n        return com.google.common.base.Optional.of(stat.getMtime());\n    } else {\n        return com.google.common.base.Optional.absent();\n    }\n}",
                "dst_parent": "null"
              },
              "line": 237,
              "file": "/home/khesoem/projects/lighter/exp/BaragonData/src/main/java/com/hubspot/baragon/data/AbstractDataStore.java",
              "stats": {
                "number_of_src_entities": 42,
                "number_of_dst_entities": -1,
                "src_entity_types": "[org.apache.zookeeper.data.Stat, com.google.common.base.Optional, \u003cnulltype\u003e]",
                "dst_entity_types": "[]"
              }
            },
            {
              "pattern_action": "INS",
              "pattern_entity": {
                "entity_type": "*",
                "entity_new value": "null",
                "entity_role": "*",
                "entity_parent": {
                  "entity_type": "BinaryOperator",
                  "entity_new value": "*",
                  "entity_role": "condition",
                  "entity_parent": {
                    "entity_type": "If",
                    "entity_new value": "*",
                    "entity_role": "*",
                    "entity_parent": "null"
                  }
                }
              },
              "concrete_change": {
                "operator": "INS",
                "src_type": "Literal",
                "dst_type": "null",
                "src": "null",
                "dst": "null",
                "src_parent_type": "BinaryOperator",
                "dst_parent_type": "null",
                "src_parent": "stat !\u003d null",
                "dst_parent": "null"
              },
              "line": 237,
              "file": "/home/khesoem/projects/lighter/exp/BaragonData/src/main/java/com/hubspot/baragon/data/AbstractDataStore.java"
            },
            {
              "pattern_action": "MOV",
              "pattern_entity": {
                "entity_type": "Statement",
                "entity_new value": "*",
                "entity_role": "*",
                "entity_parent": "null"
              },
              "concrete_change": {
                "operator": "MOV",
                "src_type": "Return",
                "dst_type": "Return",
                "src": "return com.google.common.base.Optional.of(stat.getMtime())",
                "dst": "return com.google.common.base.Optional.of(stat.getMtime())",
                "src_parent_type": "Block",
                "dst_parent_type": "Block",
                "src_parent": "{\n    org.apache.zookeeper.data.Stat stat \u003d curatorFramework.checkExists().forPath(path);\n    log(com.hubspot.baragon.data.AbstractDataStore.OperationType.READ, com.google.common.base.Optional.\u003cjava.lang.Integer\u003eabsent(), com.google.common.base.Optional.\u003cjava.lang.Integer\u003eabsent(), start, path);\n    return com.google.common.base.Optional.of(stat.getMtime());\n}",
                "dst_parent": "{\n    return com.google.common.base.Optional.of(stat.getMtime());\n}"
              },
              "line": 237,
              "file": "/home/khesoem/projects/lighter/exp/BaragonData/src/main/java/com/hubspot/baragon/data/AbstractDataStore.java",
              "stats": {
                "number_of_src_entities": 20,
                "number_of_dst_entities": 20,
                "src_entity_types": "[org.apache.zookeeper.data.Stat, com.google.common.base.Optional]",
                "dst_entity_types": "[org.apache.zookeeper.data.Stat, com.google.common.base.Optional]"
              }
            }
          ]
        },
        {
          "tool-name": "Elixir",
          "pattern-name": "Elixir:check_length",
          "Unified_Diff_of-files:": "Starts Below...",
          "INSERT:": "      }",
          "instance_detail": [
            {
              "pattern_action": "INS",
              "pattern_entity": {
                "entity_type": "If",
                "entity_new value": "*",
                "entity_role": "*",
                "entity_parent": "null"
              },
              "concrete_change": {
                "operator": "INS",
                "src_type": "If",
                "dst_type": "null",
                "src": "if (stat !\u003d null) {\n    return com.google.common.base.Optional.of(stat.getMtime());\n} else {\n    return com.google.common.base.Optional.absent();\n}",
                "dst": "null",
                "src_parent_type": "Block",
                "dst_parent_type": "null",
                "src_parent": "{\n    org.apache.zookeeper.data.Stat stat \u003d curatorFramework.checkExists().forPath(path);\n    log(com.hubspot.baragon.data.AbstractDataStore.OperationType.READ, com.google.common.base.Optional.\u003cjava.lang.Integer\u003eabsent(), com.google.common.base.Optional.\u003cjava.lang.Integer\u003eabsent(), start, path);\n    if (stat !\u003d null) {\n        return com.google.common.base.Optional.of(stat.getMtime());\n    } else {\n        return com.google.common.base.Optional.absent();\n    }\n}",
                "dst_parent": "null"
              },
              "line": 237,
              "file": "/home/khesoem/projects/lighter/exp/BaragonData/src/main/java/com/hubspot/baragon/data/AbstractDataStore.java",
              "stats": {
                "number_of_src_entities": 42,
                "number_of_dst_entities": -1,
                "src_entity_types": "[org.apache.zookeeper.data.Stat, com.google.common.base.Optional, \u003cnulltype\u003e]",
                "dst_entity_types": "[]"
              }
            },
            {
              "pattern_action": "MOV",
              "pattern_entity": {
                "entity_type": "Statement",
                "entity_new value": "*",
                "entity_role": "*",
                "entity_parent": "null"
              },
              "concrete_change": {
                "operator": "MOV",
                "src_type": "Return",
                "dst_type": "Return",
                "src": "return com.google.common.base.Optional.of(stat.getMtime())",
                "dst": "return com.google.common.base.Optional.of(stat.getMtime())",
                "src_parent_type": "Block",
                "dst_parent_type": "Block",
                "src_parent": "{\n    org.apache.zookeeper.data.Stat stat \u003d curatorFramework.checkExists().forPath(path);\n    log(com.hubspot.baragon.data.AbstractDataStore.OperationType.READ, com.google.common.base.Optional.\u003cjava.lang.Integer\u003eabsent(), com.google.common.base.Optional.\u003cjava.lang.Integer\u003eabsent(), start, path);\n    return com.google.common.base.Optional.of(stat.getMtime());\n}",
                "dst_parent": "{\n    return com.google.common.base.Optional.of(stat.getMtime());\n}"
              },
              "line": 237,
              "file": "/home/khesoem/projects/lighter/exp/BaragonData/src/main/java/com/hubspot/baragon/data/AbstractDataStore.java",
              "stats": {
                "number_of_src_entities": 20,
                "number_of_dst_entities": 20,
                "src_entity_types": "[org.apache.zookeeper.data.Stat, com.google.common.base.Optional]",
                "dst_entity_types": "[org.apache.zookeeper.data.Stat, com.google.common.base.Optional]"
              }
            }
          ]
        }
      ]
    }
  ],
  "complete_analysis": true
}