{
  "instances": [
    {
      "revision": "80fb74428be4f0f93296f99cb7b59667608ad1ea",
      "repairability": [
        {
          "tool-name": "JKali",
          "pattern-name": "JKali:del",
          "Unified_Diff_of-files:": "Starts Below...",
          "DELETE:": "    @Override",
          "instance_detail": [
            {
              "pattern_action": "DEL",
              "pattern_entity": {
                "entity_type": "*",
                "entity_new value": "*",
                "entity_role": "Statement",
                "entity_parent": "null"
              },
              "concrete_change": {
                "operator": "DEL",
                "src_type": "LocalVariable",
                "dst_type": "null",
                "src": "boolean foundConstructor \u003d false",
                "dst": "null",
                "src_parent_type": "Block",
                "dst_parent_type": "null",
                "src_parent": "{\n    boolean foundConstructor \u003d false;\n    for (com.shapesecurity.shift.validator.ClassElement classElement : classElements) {\n        if (foundConstructor) {\n            return false;\n        }\n        if (classElement.isStatic) {\n            if ((classElement.method.name) instanceof com.shapesecurity.shift.validator.StaticPropertyName) {\n                if (((com.shapesecurity.shift.validator.StaticPropertyName) (classElement.method.name)).value.equals(\"constructor\")) {\n                    foundConstructor \u003d true;\n                }\n            }\n        }\n    }\n    return true;\n}",
                "dst_parent": "null"
              },
              "line": 140,
              "file": "/home/khesoem/projects/lighter/exp/src/main/java/com/shapesecurity/shift/validator/Validator.java"
            }
          ]
        },
        {
          "tool-name": "JKali",
          "pattern-name": "JKali:del",
          "Unified_Diff_of-files:": "Starts Below...",
          "DELETE:": "    @Override",
          "instance_detail": [
            {
              "pattern_action": "DEL",
              "pattern_entity": {
                "entity_type": "*",
                "entity_new value": "*",
                "entity_role": "Statement",
                "entity_parent": "null"
              },
              "concrete_change": {
                "operator": "DEL",
                "src_type": "Return",
                "dst_type": "null",
                "src": "return false",
                "dst": "null",
                "src_parent_type": "Block",
                "dst_parent_type": "null",
                "src_parent": "{\n    return false;\n}",
                "dst_parent": "null"
              },
              "line": 143,
              "file": "/home/khesoem/projects/lighter/exp/src/main/java/com/shapesecurity/shift/validator/Validator.java"
            }
          ]
        },
        {
          "tool-name": "JKali",
          "pattern-name": "JKali:del",
          "Unified_Diff_of-files:": "Starts Below...",
          "DELETE:": "    @Override",
          "instance_detail": [
            {
              "pattern_action": "DEL",
              "pattern_entity": {
                "entity_type": "*",
                "entity_new value": "*",
                "entity_role": "Statement",
                "entity_parent": "null"
              },
              "concrete_change": {
                "operator": "DEL",
                "src_type": "If",
                "dst_type": "null",
                "src": "if (foundConstructor) {\n    return false;\n}",
                "dst": "null",
                "src_parent_type": "Block",
                "dst_parent_type": "null",
                "src_parent": "{\n    if (foundConstructor) {\n        return false;\n    }\n    if (classElement.isStatic) {\n        if ((classElement.method.name) instanceof com.shapesecurity.shift.validator.StaticPropertyName) {\n            if (((com.shapesecurity.shift.validator.StaticPropertyName) (classElement.method.name)).value.equals(\"constructor\")) {\n                foundConstructor \u003d true;\n            }\n        }\n    }\n}",
                "dst_parent": "null"
              },
              "line": 142,
              "file": "/home/khesoem/projects/lighter/exp/src/main/java/com/shapesecurity/shift/validator/Validator.java"
            }
          ]
        },
        {
          "tool-name": "JKali",
          "pattern-name": "JKali:del",
          "Unified_Diff_of-files:": "Starts Below...",
          "DELETE:": "    @Override",
          "instance_detail": [
            {
              "pattern_action": "DEL",
              "pattern_entity": {
                "entity_type": "*",
                "entity_new value": "*",
                "entity_role": "Statement",
                "entity_parent": "null"
              },
              "concrete_change": {
                "operator": "DEL",
                "src_type": "Assignment",
                "dst_type": "null",
                "src": "foundConstructor \u003d true",
                "dst": "null",
                "src_parent_type": "Block",
                "dst_parent_type": "null",
                "src_parent": "{\n    foundConstructor \u003d true;\n}",
                "dst_parent": "null"
              },
              "line": 148,
              "file": "/home/khesoem/projects/lighter/exp/src/main/java/com/shapesecurity/shift/validator/Validator.java"
            }
          ]
        },
        {
          "tool-name": "JKali",
          "pattern-name": "JKali:del",
          "Unified_Diff_of-files:": "Starts Below...",
          "DELETE:": "    @Override",
          "instance_detail": [
            {
              "pattern_action": "DEL",
              "pattern_entity": {
                "entity_type": "*",
                "entity_new value": "*",
                "entity_role": "Statement",
                "entity_parent": "null"
              },
              "concrete_change": {
                "operator": "DEL",
                "src_type": "If",
                "dst_type": "null",
                "src": "if (((com.shapesecurity.shift.validator.StaticPropertyName) (classElement.method.name)).value.equals(\"constructor\")) {\n    foundConstructor \u003d true;\n}",
                "dst": "null",
                "src_parent_type": "Block",
                "dst_parent_type": "null",
                "src_parent": "{\n    if (((com.shapesecurity.shift.validator.StaticPropertyName) (classElement.method.name)).value.equals(\"constructor\")) {\n        foundConstructor \u003d true;\n    }\n}",
                "dst_parent": "null"
              },
              "line": 147,
              "file": "/home/khesoem/projects/lighter/exp/src/main/java/com/shapesecurity/shift/validator/Validator.java"
            }
          ]
        },
        {
          "tool-name": "JKali",
          "pattern-name": "JKali:del",
          "Unified_Diff_of-files:": "Starts Below...",
          "DELETE:": "    @Override",
          "instance_detail": [
            {
              "pattern_action": "DEL",
              "pattern_entity": {
                "entity_type": "*",
                "entity_new value": "*",
                "entity_role": "Statement",
                "entity_parent": "null"
              },
              "concrete_change": {
                "operator": "DEL",
                "src_type": "If",
                "dst_type": "null",
                "src": "if ((classElement.method.name) instanceof com.shapesecurity.shift.validator.StaticPropertyName) {\n    if (((com.shapesecurity.shift.validator.StaticPropertyName) (classElement.method.name)).value.equals(\"constructor\")) {\n        foundConstructor \u003d true;\n    }\n}",
                "dst": "null",
                "src_parent_type": "Block",
                "dst_parent_type": "null",
                "src_parent": "{\n    if ((classElement.method.name) instanceof com.shapesecurity.shift.validator.StaticPropertyName) {\n        if (((com.shapesecurity.shift.validator.StaticPropertyName) (classElement.method.name)).value.equals(\"constructor\")) {\n            foundConstructor \u003d true;\n        }\n    }\n}",
                "dst_parent": "null"
              },
              "line": 146,
              "file": "/home/khesoem/projects/lighter/exp/src/main/java/com/shapesecurity/shift/validator/Validator.java"
            }
          ]
        },
        {
          "tool-name": "JKali",
          "pattern-name": "JKali:del",
          "Unified_Diff_of-files:": "Starts Below...",
          "DELETE:": "    @Override",
          "instance_detail": [
            {
              "pattern_action": "DEL",
              "pattern_entity": {
                "entity_type": "*",
                "entity_new value": "*",
                "entity_role": "Statement",
                "entity_parent": "null"
              },
              "concrete_change": {
                "operator": "DEL",
                "src_type": "If",
                "dst_type": "null",
                "src": "if (classElement.isStatic) {\n    if ((classElement.method.name) instanceof com.shapesecurity.shift.validator.StaticPropertyName) {\n        if (((com.shapesecurity.shift.validator.StaticPropertyName) (classElement.method.name)).value.equals(\"constructor\")) {\n            foundConstructor \u003d true;\n        }\n    }\n}",
                "dst": "null",
                "src_parent_type": "Block",
                "dst_parent_type": "null",
                "src_parent": "{\n    if (foundConstructor) {\n        return false;\n    }\n    if (classElement.isStatic) {\n        if ((classElement.method.name) instanceof com.shapesecurity.shift.validator.StaticPropertyName) {\n            if (((com.shapesecurity.shift.validator.StaticPropertyName) (classElement.method.name)).value.equals(\"constructor\")) {\n                foundConstructor \u003d true;\n            }\n        }\n    }\n}",
                "dst_parent": "null"
              },
              "line": 145,
              "file": "/home/khesoem/projects/lighter/exp/src/main/java/com/shapesecurity/shift/validator/Validator.java"
            }
          ]
        },
        {
          "tool-name": "JKali",
          "pattern-name": "JKali:del",
          "Unified_Diff_of-files:": "Starts Below...",
          "DELETE:": "    @Override",
          "instance_detail": [
            {
              "pattern_action": "DEL",
              "pattern_entity": {
                "entity_type": "*",
                "entity_new value": "*",
                "entity_role": "Statement",
                "entity_parent": "null"
              },
              "concrete_change": {
                "operator": "DEL",
                "src_type": "ForEach",
                "dst_type": "null",
                "src": "for (com.shapesecurity.shift.validator.ClassElement classElement : classElements) {\n    if (foundConstructor) {\n        return false;\n    }\n    if (classElement.isStatic) {\n        if ((classElement.method.name) instanceof com.shapesecurity.shift.validator.StaticPropertyName) {\n            if (((com.shapesecurity.shift.validator.StaticPropertyName) (classElement.method.name)).value.equals(\"constructor\")) {\n                foundConstructor \u003d true;\n            }\n        }\n    }\n}",
                "dst": "null",
                "src_parent_type": "Block",
                "dst_parent_type": "null",
                "src_parent": "{\n    boolean foundConstructor \u003d false;\n    for (com.shapesecurity.shift.validator.ClassElement classElement : classElements) {\n        if (foundConstructor) {\n            return false;\n        }\n        if (classElement.isStatic) {\n            if ((classElement.method.name) instanceof com.shapesecurity.shift.validator.StaticPropertyName) {\n                if (((com.shapesecurity.shift.validator.StaticPropertyName) (classElement.method.name)).value.equals(\"constructor\")) {\n                    foundConstructor \u003d true;\n                }\n            }\n        }\n    }\n    return true;\n}",
                "dst_parent": "null"
              },
              "line": 141,
              "file": "/home/khesoem/projects/lighter/exp/src/main/java/com/shapesecurity/shift/validator/Validator.java"
            }
          ]
        },
        {
          "tool-name": "JKali",
          "pattern-name": "JKali:del",
          "Unified_Diff_of-files:": "Starts Below...",
          "DELETE:": "    @Override",
          "instance_detail": [
            {
              "pattern_action": "DEL",
              "pattern_entity": {
                "entity_type": "*",
                "entity_new value": "*",
                "entity_role": "Statement",
                "entity_parent": "null"
              },
              "concrete_change": {
                "operator": "DEL",
                "src_type": "Return",
                "dst_type": "null",
                "src": "return true",
                "dst": "null",
                "src_parent_type": "Block",
                "dst_parent_type": "null",
                "src_parent": "{\n    boolean foundConstructor \u003d false;\n    for (com.shapesecurity.shift.validator.ClassElement classElement : classElements) {\n        if (foundConstructor) {\n            return false;\n        }\n        if (classElement.isStatic) {\n            if ((classElement.method.name) instanceof com.shapesecurity.shift.validator.StaticPropertyName) {\n                if (((com.shapesecurity.shift.validator.StaticPropertyName) (classElement.method.name)).value.equals(\"constructor\")) {\n                    foundConstructor \u003d true;\n                }\n            }\n        }\n    }\n    return true;\n}",
                "dst_parent": "null"
              },
              "line": 153,
              "file": "/home/khesoem/projects/lighter/exp/src/main/java/com/shapesecurity/shift/validator/Validator.java"
            }
          ]
        },
        {
          "tool-name": "JKali",
          "pattern-name": "JKali:del",
          "Unified_Diff_of-files:": "Starts Below...",
          "DELETE:": "    @Override",
          "instance_detail": [
            {
              "pattern_action": "DEL",
              "pattern_entity": {
                "entity_type": "*",
                "entity_new value": "*",
                "entity_role": "Statement",
                "entity_parent": "null"
              },
              "concrete_change": {
                "operator": "DEL",
                "src_type": "LocalVariable",
                "dst_type": "null",
                "src": "com.shapesecurity.shift.validator.ValidationContext s \u003d super.reduceClassDeclaration(node, name, _super, elements)",
                "dst": "null",
                "src_parent_type": "Block",
                "dst_parent_type": "null",
                "src_parent": "{\n    com.shapesecurity.shift.validator.ValidationContext s \u003d super.reduceClassDeclaration(node, name, _super, elements);\n    if (!(hasOneConstructor(node.elements))) {\n        s.addError(new com.shapesecurity.shift.validator.ValidationError(node, \"classes must not have more than one non-static method named \u0027constructor\u0027\"));\n    }\n    return s;\n}",
                "dst_parent": "null"
              },
              "line": 208,
              "file": "/home/khesoem/projects/lighter/exp/src/main/java/com/shapesecurity/shift/validator/Validator.java"
            }
          ]
        },
        {
          "tool-name": "JKali",
          "pattern-name": "JKali:del",
          "Unified_Diff_of-files:": "Starts Below...",
          "DELETE:": "    @Override",
          "instance_detail": [
            {
              "pattern_action": "DEL",
              "pattern_entity": {
                "entity_type": "*",
                "entity_new value": "*",
                "entity_role": "Statement",
                "entity_parent": "null"
              },
              "concrete_change": {
                "operator": "DEL",
                "src_type": "Invocation",
                "dst_type": "null",
                "src": "s.addError(new com.shapesecurity.shift.validator.ValidationError(node, \"classes must not have more than one non-static method named \u0027constructor\u0027\"))",
                "dst": "null",
                "src_parent_type": "Block",
                "dst_parent_type": "null",
                "src_parent": "{\n    s.addError(new com.shapesecurity.shift.validator.ValidationError(node, \"classes must not have more than one non-static method named \u0027constructor\u0027\"));\n}",
                "dst_parent": "null"
              },
              "line": 210,
              "file": "/home/khesoem/projects/lighter/exp/src/main/java/com/shapesecurity/shift/validator/Validator.java"
            }
          ]
        },
        {
          "tool-name": "JKali",
          "pattern-name": "JKali:del",
          "Unified_Diff_of-files:": "Starts Below...",
          "DELETE:": "    @Override",
          "instance_detail": [
            {
              "pattern_action": "DEL",
              "pattern_entity": {
                "entity_type": "*",
                "entity_new value": "*",
                "entity_role": "Statement",
                "entity_parent": "null"
              },
              "concrete_change": {
                "operator": "DEL",
                "src_type": "If",
                "dst_type": "null",
                "src": "if (!(hasOneConstructor(node.elements))) {\n    s.addError(new com.shapesecurity.shift.validator.ValidationError(node, \"classes must not have more than one non-static method named \u0027constructor\u0027\"));\n}",
                "dst": "null",
                "src_parent_type": "Block",
                "dst_parent_type": "null",
                "src_parent": "{\n    com.shapesecurity.shift.validator.ValidationContext s \u003d super.reduceClassDeclaration(node, name, _super, elements);\n    if (!(hasOneConstructor(node.elements))) {\n        s.addError(new com.shapesecurity.shift.validator.ValidationError(node, \"classes must not have more than one non-static method named \u0027constructor\u0027\"));\n    }\n    return s;\n}",
                "dst_parent": "null"
              },
              "line": 209,
              "file": "/home/khesoem/projects/lighter/exp/src/main/java/com/shapesecurity/shift/validator/Validator.java"
            }
          ]
        },
        {
          "tool-name": "JKali",
          "pattern-name": "JKali:del",
          "Unified_Diff_of-files:": "Starts Below...",
          "DELETE:": "    @Override",
          "instance_detail": [
            {
              "pattern_action": "DEL",
              "pattern_entity": {
                "entity_type": "*",
                "entity_new value": "*",
                "entity_role": "Statement",
                "entity_parent": "null"
              },
              "concrete_change": {
                "operator": "DEL",
                "src_type": "Return",
                "dst_type": "null",
                "src": "return s",
                "dst": "null",
                "src_parent_type": "Block",
                "dst_parent_type": "null",
                "src_parent": "{\n    com.shapesecurity.shift.validator.ValidationContext s \u003d super.reduceClassDeclaration(node, name, _super, elements);\n    if (!(hasOneConstructor(node.elements))) {\n        s.addError(new com.shapesecurity.shift.validator.ValidationError(node, \"classes must not have more than one non-static method named \u0027constructor\u0027\"));\n    }\n    return s;\n}",
                "dst_parent": "null"
              },
              "line": 212,
              "file": "/home/khesoem/projects/lighter/exp/src/main/java/com/shapesecurity/shift/validator/Validator.java"
            }
          ]
        },
        {
          "tool-name": "JKali",
          "pattern-name": "JKali:del",
          "Unified_Diff_of-files:": "Starts Below...",
          "DELETE:": "    @Override",
          "instance_detail": [
            {
              "pattern_action": "DEL",
              "pattern_entity": {
                "entity_type": "*",
                "entity_new value": "*",
                "entity_role": "Statement",
                "entity_parent": "null"
              },
              "concrete_change": {
                "operator": "DEL",
                "src_type": "LocalVariable",
                "dst_type": "null",
                "src": "com.shapesecurity.shift.validator.ValidationContext s \u003d super.reduceClassExpression(node, name, _super, elements)",
                "dst": "null",
                "src_parent_type": "Block",
                "dst_parent_type": "null",
                "src_parent": "{\n    com.shapesecurity.shift.validator.ValidationContext s \u003d super.reduceClassExpression(node, name, _super, elements);\n    if (!(hasOneConstructor(node.elements))) {\n        s.addError(new com.shapesecurity.shift.validator.ValidationError(node, \"classes must not have more than one non-static method named \u0027constructor\u0027\"));\n    }\n    return s;\n}",
                "dst_parent": "null"
              },
              "line": 218,
              "file": "/home/khesoem/projects/lighter/exp/src/main/java/com/shapesecurity/shift/validator/Validator.java"
            }
          ]
        },
        {
          "tool-name": "JKali",
          "pattern-name": "JKali:del",
          "Unified_Diff_of-files:": "Starts Below...",
          "DELETE:": "    @Override",
          "instance_detail": [
            {
              "pattern_action": "DEL",
              "pattern_entity": {
                "entity_type": "*",
                "entity_new value": "*",
                "entity_role": "Statement",
                "entity_parent": "null"
              },
              "concrete_change": {
                "operator": "DEL",
                "src_type": "Invocation",
                "dst_type": "null",
                "src": "s.addError(new com.shapesecurity.shift.validator.ValidationError(node, \"classes must not have more than one non-static method named \u0027constructor\u0027\"))",
                "dst": "null",
                "src_parent_type": "Block",
                "dst_parent_type": "null",
                "src_parent": "{\n    s.addError(new com.shapesecurity.shift.validator.ValidationError(node, \"classes must not have more than one non-static method named \u0027constructor\u0027\"));\n}",
                "dst_parent": "null"
              },
              "line": 220,
              "file": "/home/khesoem/projects/lighter/exp/src/main/java/com/shapesecurity/shift/validator/Validator.java"
            }
          ]
        },
        {
          "tool-name": "JKali",
          "pattern-name": "JKali:del",
          "Unified_Diff_of-files:": "Starts Below...",
          "DELETE:": "    @Override",
          "instance_detail": [
            {
              "pattern_action": "DEL",
              "pattern_entity": {
                "entity_type": "*",
                "entity_new value": "*",
                "entity_role": "Statement",
                "entity_parent": "null"
              },
              "concrete_change": {
                "operator": "DEL",
                "src_type": "If",
                "dst_type": "null",
                "src": "if (!(hasOneConstructor(node.elements))) {\n    s.addError(new com.shapesecurity.shift.validator.ValidationError(node, \"classes must not have more than one non-static method named \u0027constructor\u0027\"));\n}",
                "dst": "null",
                "src_parent_type": "Block",
                "dst_parent_type": "null",
                "src_parent": "{\n    com.shapesecurity.shift.validator.ValidationContext s \u003d super.reduceClassExpression(node, name, _super, elements);\n    if (!(hasOneConstructor(node.elements))) {\n        s.addError(new com.shapesecurity.shift.validator.ValidationError(node, \"classes must not have more than one non-static method named \u0027constructor\u0027\"));\n    }\n    return s;\n}",
                "dst_parent": "null"
              },
              "line": 219,
              "file": "/home/khesoem/projects/lighter/exp/src/main/java/com/shapesecurity/shift/validator/Validator.java"
            }
          ]
        },
        {
          "tool-name": "JKali",
          "pattern-name": "JKali:del",
          "Unified_Diff_of-files:": "Starts Below...",
          "DELETE:": "    @Override",
          "instance_detail": [
            {
              "pattern_action": "DEL",
              "pattern_entity": {
                "entity_type": "*",
                "entity_new value": "*",
                "entity_role": "Statement",
                "entity_parent": "null"
              },
              "concrete_change": {
                "operator": "DEL",
                "src_type": "Return",
                "dst_type": "null",
                "src": "return s",
                "dst": "null",
                "src_parent_type": "Block",
                "dst_parent_type": "null",
                "src_parent": "{\n    com.shapesecurity.shift.validator.ValidationContext s \u003d super.reduceClassExpression(node, name, _super, elements);\n    if (!(hasOneConstructor(node.elements))) {\n        s.addError(new com.shapesecurity.shift.validator.ValidationError(node, \"classes must not have more than one non-static method named \u0027constructor\u0027\"));\n    }\n    return s;\n}",
                "dst_parent": "null"
              },
              "line": 222,
              "file": "/home/khesoem/projects/lighter/exp/src/main/java/com/shapesecurity/shift/validator/Validator.java"
            }
          ]
        }
      ]
    }
  ],
  "complete_analysis": true
}