{
  "instances": [
    {
      "revision": "3bceea5a37621562553493f8882266d35484360f",
      "repairability": [
        {
          "tool-name": "JMutRepair",
          "pattern-name": "JMutRepair:unary",
          "Unified_Diff_of-files:": "Starts Below...",
          "CHANGE_old:": "    if (!StringUtils.isEmpty(request.getVersion())) {",
          "CHANGE_new:": "    if (withVersion \u0026\u0026 !StringUtils.isEmpty(request.getVersion())) {",
          "instance_detail": [
            {
              "pattern_action": "ANY",
              "pattern_entity": {
                "entity_type": "UnaryOperator",
                "entity_new value": "*",
                "entity_role": "*",
                "entity_parent": {
                  "entity_type": "If",
                  "entity_new value": "*",
                  "entity_role": "*",
                  "entity_parent": "null"
                }
              },
              "concrete_change": {
                "operator": "MOV",
                "src_type": "UnaryOperator",
                "dst_type": "UnaryOperator",
                "src": "!(org.apache.commons.lang3.StringUtils.isEmpty(request.getVersion()))",
                "dst": "(!(org.apache.commons.lang3.StringUtils.isEmpty(request.getVersion())))",
                "src_parent_type": "If",
                "dst_parent_type": "BinaryOperator",
                "src_parent": "if (!(org.apache.commons.lang3.StringUtils.isEmpty(request.getVersion()))) {\n    result \u003d (result + (org.apache.servicecomb.config.center.client.ConfigCenterClient.DEFAULT_SERVICE_SEPARATOR)) + (request.getVersion());\n}",
                "dst_parent": "withVersion \u0026\u0026 (!(org.apache.commons.lang3.StringUtils.isEmpty(request.getVersion())))"
              },
              "line": 116,
              "file": "/home/khesoem/projects/lighter/exp/clients/config-center-client/src/main/java/org/apache/servicecomb/config/center/client/ConfigCenterClient.java",
              "stats": {
                "number_of_src_entities": 19,
                "number_of_dst_entities": 19,
                "src_entity_types": "[org.apache.commons.lang3.StringUtils, org.apache.servicecomb.config.center.client.model.QueryConfigurationsRequest]",
                "dst_entity_types": "[org.apache.commons.lang3.StringUtils, org.apache.servicecomb.config.center.client.model.QueryConfigurationsRequest]"
              }
            }
          ]
        }
      ]
    }
  ],
  "complete_analysis": true
}