{
  "instances": [
    {
      "revision": "7b905bab1c721cdbb8d9b495c1a2d8fa5acd940f",
      "repairability": [
        {
          "tool-name": "JGenProg",
          "pattern-name": "JGenProg:any_statement_shallow",
          "Unified_Diff_of-files:": "Starts Below...",
          "INSERT:": "",
          "CHANGE_old:": "                throw new UnsupportedOperationException(\"A TupleBakcedMap cannot be modified\");",
          "CHANGE_new:": "                throw new UnsupportedOperationException(UNMODIFIABLE_MESSAGE);",
          "instance_detail": [
            {
              "pattern_action": "ANY",
              "pattern_entity": {
                "entity_type": "*",
                "entity_new value": "*",
                "entity_role": "Statement",
                "entity_parent": "null"
              },
              "concrete_change": {
                "operator": "DEL",
                "src_type": "Return",
                "dst_type": "null",
                "src": "return (key instanceof java.lang.String) \u0026\u0026 ((tuple.get(((java.lang.String) (key)))) !\u003d null)",
                "dst": "null",
                "src_parent_type": "Block",
                "dst_parent_type": "null",
                "src_parent": "{\n    return (key instanceof java.lang.String) \u0026\u0026 ((tuple.get(((java.lang.String) (key)))) !\u003d null);\n}",
                "dst_parent": "null"
              },
              "line": 346,
              "file": "/home/khesoem/projects/lighter/exp/src/main/java/org/springframework/data/jpa/repository/query/AbstractJpaQuery.java",
              "stats": {
                "number_of_src_entities": 44,
                "number_of_dst_entities": -1,
                "src_entity_types": "[boolean, java.lang.Object, org.springframework.data.jpa.repository.query.AbstractJpaQuery.TupleConverter.TupleBackedMap, org.springframework.data.jpa.repository.query.AbstractJpaQuery.TupleConverter, java.lang.String, org.springframework.data.jpa.repository.query.AbstractJpaQuery, \u003cnulltype\u003e, javax.persistence.Tuple]",
                "dst_entity_types": "[]"
              }
            }
          ]
        },
        {
          "tool-name": "JGenProg",
          "pattern-name": "JGenProg:any_statement_shallow",
          "Unified_Diff_of-files:": "Starts Below...",
          "INSERT:": "",
          "CHANGE_old:": "                throw new UnsupportedOperationException(\"A TupleBakcedMap cannot be modified\");",
          "CHANGE_new:": "                throw new UnsupportedOperationException(UNMODIFIABLE_MESSAGE);",
          "instance_detail": [
            {
              "pattern_action": "ANY",
              "pattern_entity": {
                "entity_type": "*",
                "entity_new value": "*",
                "entity_role": "Statement",
                "entity_parent": "null"
              },
              "concrete_change": {
                "operator": "DEL",
                "src_type": "Return",
                "dst_type": "null",
                "src": "return key instanceof java.lang.String ? tuple.get(((java.lang.String) (key))) : null",
                "dst": "null",
                "src_parent_type": "Block",
                "dst_parent_type": "null",
                "src_parent": "{\n    return key instanceof java.lang.String ? tuple.get(((java.lang.String) (key))) : null;\n}",
                "dst_parent": "null"
              },
              "line": 356,
              "file": "/home/khesoem/projects/lighter/exp/src/main/java/org/springframework/data/jpa/repository/query/AbstractJpaQuery.java",
              "stats": {
                "number_of_src_entities": 45,
                "number_of_dst_entities": -1,
                "src_entity_types": "[boolean, java.lang.Object, org.springframework.data.jpa.repository.query.AbstractJpaQuery.TupleConverter.TupleBackedMap, org.springframework.data.jpa.repository.query.AbstractJpaQuery.TupleConverter, java.lang.String, org.springframework.data.jpa.repository.query.AbstractJpaQuery, \u003cnulltype\u003e, javax.persistence.Tuple]",
                "dst_entity_types": "[]"
              }
            }
          ]
        }
      ]
    }
  ],
  "complete_analysis": true
}