{
  "instances": [
    {
      "revision": "7c4cba8731f01d0a66ba4d0e5d5682b904c33bf1",
      "repairability": [
        {
          "tool-name": "JGenProg",
          "pattern-name": "JGenProg:any_statement_shallow",
          "Unified_Diff_of-files:": "Starts Below...",
          "CHANGE_old:": "",
          "CHANGE_new:": "                return true;",
          "INSERT:": "",
          "DELETE:": "import javax.persistence.metamodel.Attribute.PersistentAttributeType;",
          "instance_detail": [
            {
              "pattern_action": "ANY",
              "pattern_entity": {
                "entity_type": "*",
                "entity_new value": "*",
                "entity_role": "Statement",
                "entity_parent": "null"
              },
              "concrete_change": {
                "operator": "INS",
                "src_type": "Return",
                "dst_type": "null",
                "src": "return false",
                "dst": "null",
                "src_parent_type": "Block",
                "dst_parent_type": "null",
                "src_parent": "{\n    for (javax.persistence.criteria.Fetch\u003c?, ?\u003e fetch : from.getFetches()) {\n        if ((fetch.getAttribute().getName().equals(attribute)) \u0026\u0026 (fetch.getJoinType().equals(JoinType.INNER))) {\n            return true;\n        }\n    }\n    for (javax.persistence.criteria.Join\u003c?, ?\u003e join : from.getJoins()) {\n        if ((join.getAttribute().getName().equals(attribute)) \u0026\u0026 (join.getJoinType().equals(JoinType.INNER))) {\n            return true;\n        }\n    }\n    return false;\n}",
                "dst_parent": "null"
              },
              "line": 798,
              "file": "/home/khesoem/projects/lighter/exp/src/main/java/org/springframework/data/jpa/repository/query/QueryUtils.java",
              "stats": {
                "number_of_src_entities": 3,
                "number_of_dst_entities": -1,
                "src_entity_types": "[boolean]",
                "dst_entity_types": "[]"
              }
            }
          ]
        },
        {
          "tool-name": "JGenProg",
          "pattern-name": "JGenProg:any_statement_shallow",
          "Unified_Diff_of-files:": "Starts Below...",
          "CHANGE_old:": "",
          "CHANGE_new:": "                return true;",
          "INSERT:": "",
          "DELETE:": "import javax.persistence.metamodel.Attribute.PersistentAttributeType;",
          "instance_detail": [
            {
              "pattern_action": "ANY",
              "pattern_entity": {
                "entity_type": "*",
                "entity_new value": "*",
                "entity_role": "Statement",
                "entity_parent": "null"
              },
              "concrete_change": {
                "operator": "DEL",
                "src_type": "Return",
                "dst_type": "null",
                "src": "return from.getJoins().stream().filter(( join) -\u003e join.getAttribute().getName().equals(attribute)).findFirst().orElseGet(() -\u003e from.join(attribute, joinType))",
                "dst": "null",
                "src_parent_type": "Block",
                "dst_parent_type": "null",
                "src_parent": "{\n    return from.getJoins().stream().filter(( join) -\u003e join.getAttribute().getName().equals(attribute)).findFirst().orElseGet(() -\u003e from.join(attribute, joinType));\n}",
                "dst_parent": "null"
              },
              "line": 770,
              "file": "/home/khesoem/projects/lighter/exp/src/main/java/org/springframework/data/jpa/repository/query/QueryUtils.java",
              "stats": {
                "number_of_src_entities": 62,
                "number_of_dst_entities": -1,
                "src_entity_types": "[, javax.persistence.criteria.From\u003c?, ?\u003e, org.springframework.data.jpa.repository.query.join, org.springframework.data.jpa.repository.query.from]",
                "dst_entity_types": "[]"
              }
            }
          ]
        },
        {
          "tool-name": "JGenProg",
          "pattern-name": "JGenProg:any_statement_shallow",
          "Unified_Diff_of-files:": "Starts Below...",
          "CHANGE_old:": "",
          "CHANGE_new:": "                return true;",
          "INSERT:": "",
          "DELETE:": "import javax.persistence.metamodel.Attribute.PersistentAttributeType;",
          "instance_detail": [
            {
              "pattern_action": "ANY",
              "pattern_entity": {
                "entity_type": "*",
                "entity_new value": "*",
                "entity_role": "Statement",
                "entity_parent": "null"
              },
              "concrete_change": {
                "operator": "DEL",
                "src_type": "LocalVariable",
                "dst_type": "null",
                "src": "boolean isInnerJoinFetched \u003d from.getFetches().stream().anyMatch(( fetch) -\u003e (fetch.getAttribute().getName().equals(attribute)) \u0026\u0026 (fetch.getJoinType().equals(JoinType.INNER)))",
                "dst": "null",
                "src_parent_type": "Block",
                "dst_parent_type": "null",
                "src_parent": "{\n    boolean isInnerJoinFetched \u003d from.getFetches().stream().anyMatch(( fetch) -\u003e (fetch.getAttribute().getName().equals(attribute)) \u0026\u0026 (fetch.getJoinType().equals(JoinType.INNER)));\n    boolean isSimplyInnerJoined \u003d from.getJoins().stream().anyMatch(( join) -\u003e (join.getAttribute().getName().equals(attribute)) \u0026\u0026 (join.getJoinType().equals(JoinType.INNER)));\n    return isInnerJoinFetched || isSimplyInnerJoined;\n}",
                "dst_parent": "null"
              },
              "line": 785,
              "file": "/home/khesoem/projects/lighter/exp/src/main/java/org/springframework/data/jpa/repository/query/QueryUtils.java",
              "stats": {
                "number_of_src_entities": 52,
                "number_of_dst_entities": -1,
                "src_entity_types": "[boolean, , org.springframework.data.jpa.repository.query.fetch, javax.persistence.criteria.From\u003c?, ?\u003e]",
                "dst_entity_types": "[]"
              }
            }
          ]
        },
        {
          "tool-name": "JGenProg",
          "pattern-name": "JGenProg:any_statement_shallow",
          "Unified_Diff_of-files:": "Starts Below...",
          "CHANGE_old:": "",
          "CHANGE_new:": "                return true;",
          "INSERT:": "",
          "DELETE:": "import javax.persistence.metamodel.Attribute.PersistentAttributeType;",
          "instance_detail": [
            {
              "pattern_action": "ANY",
              "pattern_entity": {
                "entity_type": "*",
                "entity_new value": "*",
                "entity_role": "Statement",
                "entity_parent": "null"
              },
              "concrete_change": {
                "operator": "DEL",
                "src_type": "LocalVariable",
                "dst_type": "null",
                "src": "boolean isSimplyInnerJoined \u003d from.getJoins().stream().anyMatch(( join) -\u003e (join.getAttribute().getName().equals(attribute)) \u0026\u0026 (join.getJoinType().equals(JoinType.INNER)))",
                "dst": "null",
                "src_parent_type": "Block",
                "dst_parent_type": "null",
                "src_parent": "{\n    boolean isInnerJoinFetched \u003d from.getFetches().stream().anyMatch(( fetch) -\u003e (fetch.getAttribute().getName().equals(attribute)) \u0026\u0026 (fetch.getJoinType().equals(JoinType.INNER)));\n    boolean isSimplyInnerJoined \u003d from.getJoins().stream().anyMatch(( join) -\u003e (join.getAttribute().getName().equals(attribute)) \u0026\u0026 (join.getJoinType().equals(JoinType.INNER)));\n    return isInnerJoinFetched || isSimplyInnerJoined;\n}",
                "dst_parent": "null"
              },
              "line": 788,
              "file": "/home/khesoem/projects/lighter/exp/src/main/java/org/springframework/data/jpa/repository/query/QueryUtils.java",
              "stats": {
                "number_of_src_entities": 52,
                "number_of_dst_entities": -1,
                "src_entity_types": "[boolean, , javax.persistence.criteria.From\u003c?, ?\u003e, org.springframework.data.jpa.repository.query.join]",
                "dst_entity_types": "[]"
              }
            }
          ]
        },
        {
          "tool-name": "JGenProg",
          "pattern-name": "JGenProg:any_statement_shallow",
          "Unified_Diff_of-files:": "Starts Below...",
          "CHANGE_old:": "",
          "CHANGE_new:": "                return true;",
          "INSERT:": "",
          "DELETE:": "import javax.persistence.metamodel.Attribute.PersistentAttributeType;",
          "instance_detail": [
            {
              "pattern_action": "ANY",
              "pattern_entity": {
                "entity_type": "*",
                "entity_new value": "*",
                "entity_role": "Statement",
                "entity_parent": "null"
              },
              "concrete_change": {
                "operator": "DEL",
                "src_type": "Return",
                "dst_type": "null",
                "src": "return isInnerJoinFetched || isSimplyInnerJoined",
                "dst": "null",
                "src_parent_type": "Block",
                "dst_parent_type": "null",
                "src_parent": "{\n    boolean isInnerJoinFetched \u003d from.getFetches().stream().anyMatch(( fetch) -\u003e (fetch.getAttribute().getName().equals(attribute)) \u0026\u0026 (fetch.getJoinType().equals(JoinType.INNER)));\n    boolean isSimplyInnerJoined \u003d from.getJoins().stream().anyMatch(( join) -\u003e (join.getAttribute().getName().equals(attribute)) \u0026\u0026 (join.getJoinType().equals(JoinType.INNER)));\n    return isInnerJoinFetched || isSimplyInnerJoined;\n}",
                "dst_parent": "null"
              },
              "line": 791,
              "file": "/home/khesoem/projects/lighter/exp/src/main/java/org/springframework/data/jpa/repository/query/QueryUtils.java",
              "stats": {
                "number_of_src_entities": 9,
                "number_of_dst_entities": -1,
                "src_entity_types": "[boolean]",
                "dst_entity_types": "[]"
              }
            }
          ]
        },
        {
          "tool-name": "JGenProg",
          "pattern-name": "JGenProg:any_statement_deep",
          "Unified_Diff_of-files:": "Starts Below...",
          "CHANGE_old:": "",
          "CHANGE_new:": "                return true;",
          "INSERT:": "",
          "DELETE:": "import javax.persistence.metamodel.Attribute.PersistentAttributeType;",
          "instance_detail": [
            {
              "pattern_action": "ANY",
              "pattern_entity": {
                "entity_type": "*",
                "entity_new value": "*",
                "entity_role": "*",
                "entity_parent": {
                  "entity_type": "*",
                  "entity_new value": "*",
                  "entity_role": "Statement",
                  "entity_parent": "null"
                }
              },
              "concrete_change": {
                "operator": "INS",
                "src_type": "TypeAccess",
                "dst_type": "null",
                "src": "JoinType.INNER",
                "dst": "null",
                "src_parent_type": "Invocation",
                "dst_parent_type": "null",
                "src_parent": "(fetch.getJoinType().equals(JoinType.INNER))",
                "dst_parent": "null"
              },
              "line": 785,
              "file": "/home/khesoem/projects/lighter/exp/src/main/java/org/springframework/data/jpa/repository/query/QueryUtils.java",
              "stats": {
                "number_of_src_entities": 3,
                "number_of_dst_entities": -1,
                "src_entity_types": "[JoinType.INNER]",
                "dst_entity_types": "[]"
              }
            }
          ]
        },
        {
          "tool-name": "JGenProg",
          "pattern-name": "JGenProg:any_statement_deep",
          "Unified_Diff_of-files:": "Starts Below...",
          "CHANGE_old:": "",
          "CHANGE_new:": "                return true;",
          "INSERT:": "",
          "DELETE:": "import javax.persistence.metamodel.Attribute.PersistentAttributeType;",
          "instance_detail": [
            {
              "pattern_action": "ANY",
              "pattern_entity": {
                "entity_type": "*",
                "entity_new value": "*",
                "entity_role": "*",
                "entity_parent": {
                  "entity_type": "*",
                  "entity_new value": "*",
                  "entity_role": "Statement",
                  "entity_parent": "null"
                }
              },
              "concrete_change": {
                "operator": "INS",
                "src_type": "TypeAccess",
                "dst_type": "null",
                "src": "JoinType.INNER",
                "dst": "null",
                "src_parent_type": "Invocation",
                "dst_parent_type": "null",
                "src_parent": "(join.getJoinType().equals(JoinType.INNER))",
                "dst_parent": "null"
              },
              "line": 793,
              "file": "/home/khesoem/projects/lighter/exp/src/main/java/org/springframework/data/jpa/repository/query/QueryUtils.java",
              "stats": {
                "number_of_src_entities": 3,
                "number_of_dst_entities": -1,
                "src_entity_types": "[JoinType.INNER]",
                "dst_entity_types": "[]"
              }
            }
          ]
        }
      ]
    }
  ],
  "complete_analysis": true
}