{
  "instances": [
    {
      "revision": "63baa5c0432ad3f51ea7e583f0b0af4863804238",
      "repairability": [
        {
          "tool-name": "JMutRepair",
          "pattern-name": "JMutRepair:unary",
          "Unified_Diff_of-files:": "Starts Below...",
          "INSERT:": "    private void checkCallStackAndInit() {",
          "CHANGE_old:": "",
          "CHANGE_new:": "        } else {",
          "DELETE:": "        initDubboConfigBeans();",
          "instance_detail": [
            {
              "pattern_action": "ANY",
              "pattern_entity": {
                "entity_type": "UnaryOperator",
                "entity_new value": "*",
                "entity_role": "*",
                "entity_parent": {
                  "entity_type": "If",
                  "entity_new value": "*",
                  "entity_role": "*",
                  "entity_parent": "null"
                }
              },
              "concrete_change": {
                "operator": "DEL",
                "src_type": "UnaryOperator",
                "dst_type": "null",
                "src": "!found",
                "dst": "null",
                "src_parent_type": "If",
                "dst_parent_type": "null",
                "src_parent": "if (!found) {\n    logger.warn((\"DubboBootstrapApplicationListener initialization is unexpected, \" + \"it should be created in AbstractApplicationContext.registerListeners() method\"), exception);\n}",
                "dst_parent": "null"
              },
              "line": 151,
              "file": "/home/khesoem/projects/lighter/exp/dubbo-config/dubbo-config-spring/src/main/java/org/apache/dubbo/config/spring/context/DubboBootstrapApplicationListener.java",
              "stats": {
                "number_of_src_entities": 5,
                "number_of_dst_entities": -1,
                "src_entity_types": "[boolean]",
                "dst_entity_types": "[]"
              }
            }
          ]
        }
      ]
    }
  ],
  "complete_analysis": true
}