{
  "instances": [
    {
      "revision": "6c854a8b6e3fa3302260c0a098413f06fe3f5004",
      "repairability": [
        {
          "tool-name": "JMutRepair",
          "pattern-name": "JMutRepair:binary_1",
          "Unified_Diff_of-files:": "Starts Below...",
          "CHANGE_old:": "                Integer intPort \u003d Integer.parseInt(configPort);",
          "CHANGE_new:": "                int intPort \u003d Integer.parseInt(configPort);",
          "DELETE:": "",
          "instance_detail": [
            {
              "pattern_action": "UPD",
              "pattern_entity": {
                "entity_type": "BinaryOperator",
                "entity_new value": "*",
                "entity_role": "*",
                "entity_parent": {
                  "entity_type": "If",
                  "entity_new value": "*",
                  "entity_role": "*",
                  "entity_parent": "null"
                }
              },
              "concrete_change": {
                "operator": "UPD",
                "src_type": "BinaryOperator",
                "dst_type": "BinaryOperator",
                "src": "portToRegistry \u003d\u003d null",
                "dst": "portToRegistry !\u003d null",
                "src_parent_type": "If",
                "dst_parent_type": "If",
                "src_parent": "if (portToRegistry \u003d\u003d null) {\n    portToRegistry \u003d portToBind;\n}",
                "dst_parent": "if (portToRegistry !\u003d null) {\n    portToBind \u003d portToRegistry;\n}"
              },
              "line": 776,
              "file": "/home/khesoem/projects/lighter/exp/dubbo-config/dubbo-config-api/src/main/java/org/apache/dubbo/config/ServiceConfig.java",
              "stats": {
                "number_of_src_entities": 8,
                "number_of_dst_entities": 8,
                "src_entity_types": "[java.lang.Integer, boolean, \u003cnulltype\u003e]",
                "dst_entity_types": "[java.lang.Integer, boolean, \u003cnulltype\u003e]"
              }
            }
          ]
        }
      ]
    }
  ],
  "complete_analysis": true
}