{
  "instances": [
    {
      "revision": "6a77d7e673b1f13107d21408e75e5d9feb3614c3",
      "repairability": [
        {
          "tool-name": "JKali",
          "pattern-name": "JKali:add_rtrn",
          "Unified_Diff_of-files:": "Starts Below...",
          "CHANGE_old:": "",
          "CHANGE_new:": "        refreshPermissions(entities);",
          "INSERT:": "        for (LinkedHashMap\u0026lt;String, Long\u0026gt; entity: entities) {",
          "DELETE:": "",
          "instance_detail": [
            {
              "pattern_action": "INS",
              "pattern_entity": {
                "entity_type": "Return",
                "entity_new value": "*",
                "entity_role": "Statement",
                "entity_parent": "null"
              },
              "concrete_change": {
                "operator": "INS",
                "src_type": "Return",
                "dst_type": "null",
                "src": "return add(java.util.stream.Stream.of(entity).collect(java.util.stream.Collectors.toList()))",
                "dst": "null",
                "src_parent_type": "Block",
                "dst_parent_type": "null",
                "src_parent": "{\n    return add(java.util.stream.Stream.of(entity).collect(java.util.stream.Collectors.toList()));\n}",
                "dst_parent": "null"
              },
              "line": 78,
              "file": "/home/khesoem/projects/lighter/exp/src/main/java/org/traccar/api/resource/PermissionsResource.java"
            }
          ]
        },
        {
          "tool-name": "JKali",
          "pattern-name": "JKali:add_rtrn",
          "Unified_Diff_of-files:": "Starts Below...",
          "CHANGE_old:": "",
          "CHANGE_new:": "        refreshPermissions(entities);",
          "INSERT:": "        for (LinkedHashMap\u0026lt;String, Long\u0026gt; entity: entities) {",
          "DELETE:": "",
          "instance_detail": [
            {
              "pattern_action": "INS",
              "pattern_entity": {
                "entity_type": "Return",
                "entity_new value": "*",
                "entity_role": "Statement",
                "entity_parent": "null"
              },
              "concrete_change": {
                "operator": "INS",
                "src_type": "Return",
                "dst_type": "null",
                "src": "return remove(java.util.stream.Stream.of(entity).collect(java.util.stream.Collectors.toList()))",
                "dst": "null",
                "src_parent_type": "Block",
                "dst_parent_type": "null",
                "src_parent": "{\n    return remove(java.util.stream.Stream.of(entity).collect(java.util.stream.Collectors.toList()));\n}",
                "dst_parent": "null"
              },
              "line": 99,
              "file": "/home/khesoem/projects/lighter/exp/src/main/java/org/traccar/api/resource/PermissionsResource.java"
            }
          ]
        },
        {
          "tool-name": "JKali",
          "pattern-name": "JKali:add_rtrn",
          "Unified_Diff_of-files:": "Starts Below...",
          "CHANGE_old:": "",
          "CHANGE_new:": "        refreshPermissions(entities);",
          "INSERT:": "        for (LinkedHashMap\u0026lt;String, Long\u0026gt; entity: entities) {",
          "DELETE:": "",
          "instance_detail": [
            {
              "pattern_action": "INS",
              "pattern_entity": {
                "entity_type": "Return",
                "entity_new value": "*",
                "entity_role": "Statement",
                "entity_parent": "null"
              },
              "concrete_change": {
                "operator": "INS",
                "src_type": "Return",
                "dst_type": "null",
                "src": "return new org.traccar.model.Permission(e)",
                "dst": "null",
                "src_parent_type": "Block",
                "dst_parent_type": "null",
                "src_parent": "{\n    return new org.traccar.model.Permission(e);\n}",
                "dst_parent": "null"
              },
              "line": 65,
              "file": "/home/khesoem/projects/lighter/exp/src/main/java/org/traccar/api/resource/PermissionsResource.java"
            }
          ]
        },
        {
          "tool-name": "JKali",
          "pattern-name": "JKali:add_rtrn",
          "Unified_Diff_of-files:": "Starts Below...",
          "CHANGE_old:": "",
          "CHANGE_new:": "        refreshPermissions(entities);",
          "INSERT:": "        for (LinkedHashMap\u0026lt;String, Long\u0026gt; entity: entities) {",
          "DELETE:": "",
          "instance_detail": [
            {
              "pattern_action": "INS",
              "pattern_entity": {
                "entity_type": "Return",
                "entity_new value": "*",
                "entity_role": "Statement",
                "entity_parent": "null"
              },
              "concrete_change": {
                "operator": "INS",
                "src_type": "Return",
                "dst_type": "null",
                "src": "return null",
                "dst": "null",
                "src_parent_type": "Block",
                "dst_parent_type": "null",
                "src_parent": "{\n    classNotFoundException.printStackTrace();\n    return null;\n}",
                "dst_parent": "null"
              },
              "line": 68,
              "file": "/home/khesoem/projects/lighter/exp/src/main/java/org/traccar/api/resource/PermissionsResource.java"
            }
          ]
        }
      ]
    }
  ],
  "complete_analysis": true
}