{
  "instances": [
    {
      "revision": "2507a8183ff78cc75dea82327523d9e151d95920",
      "repairability": [
        {
          "tool-name": "JKali",
          "pattern-name": "JKali:add_rtrn",
          "Unified_Diff_of-files:": "Starts Below...",
          "INSERT:": "",
          "CHANGE_old:": "            position.setTime(dateBuilder.getDate());",
          "CHANGE_new:": "",
          "DELETE:": "",
          "instance_detail": [
            {
              "pattern_action": "INS",
              "pattern_entity": {
                "entity_type": "Return",
                "entity_new value": "*",
                "entity_role": "Statement",
                "entity_parent": "null"
              },
              "concrete_change": {
                "operator": "INS",
                "src_type": "Return",
                "dst_type": "null",
                "src": "return position",
                "dst": "null",
                "src_parent_type": "Block",
                "dst_parent_type": "null",
                "src_parent": "{\n    org.traccar.model.Position position \u003d new org.traccar.model.Position(getProtocolName());\n    position.setDeviceId(deviceSession.getDeviceId());\n    org.traccar.protocol.Jt600ProtocolDecoder.decodeBinaryLocation(buf, position);\n    return position;\n}",
                "dst_parent": "null"
              },
              "line": 299,
              "file": "/home/khesoem/projects/lighter/exp/src/main/java/org/traccar/protocol/HuabaoProtocolDecoder.java"
            }
          ]
        },
        {
          "tool-name": "JKali",
          "pattern-name": "JKali:add_rtrn",
          "Unified_Diff_of-files:": "Starts Below...",
          "INSERT:": "",
          "CHANGE_old:": "            position.setTime(dateBuilder.getDate());",
          "CHANGE_new:": "",
          "DELETE:": "",
          "instance_detail": [
            {
              "pattern_action": "INS",
              "pattern_entity": {
                "entity_type": "Return",
                "entity_new value": "*",
                "entity_role": "Statement",
                "entity_parent": "null"
              },
              "concrete_change": {
                "operator": "INS",
                "src_type": "Return",
                "dst_type": "null",
                "src": "return decodeLocation2(deviceSession, buf)",
                "dst": "null",
                "src_parent_type": "Block",
                "dst_parent_type": "null",
                "src_parent": "{\n    return decodeLocation2(deviceSession, buf);\n}",
                "dst_parent": "null"
              },
              "line": 158,
              "file": "/home/khesoem/projects/lighter/exp/src/main/java/org/traccar/protocol/HuabaoProtocolDecoder.java"
            }
          ]
        }
      ]
    }
  ],
  "complete_analysis": true
}