{
  "instances": [
    {
      "revision": "50fb8ee8347481abec7aeb5431426ef12dfb0617",
      "repairability": [
        {
          "tool-name": "JKali",
          "pattern-name": "JKali:del",
          "Unified_Diff_of-files:": "Starts Below...",
          "CHANGE_old:": " * Copyright 2019 Anton Tananaev (anton@traccar.org)",
          "CHANGE_new:": " * Copyright 2019 - 2020 Anton Tananaev (anton@traccar.org)",
          "INSERT:": "                position.setDeviceId(deviceSession.getDeviceId());",
          "instance_detail": [
            {
              "pattern_action": "DEL",
              "pattern_entity": {
                "entity_type": "*",
                "entity_new value": "*",
                "entity_role": "Statement",
                "entity_parent": "null"
              },
              "concrete_change": {
                "operator": "DEL",
                "src_type": "LocalVariable",
                "dst_type": "null",
                "src": "org.traccar.DeviceSession deviceSession \u003d getDeviceSession(channel, remoteAddress, buf.readCharSequence(15, java.nio.charset.StandardCharsets.US_ASCII).toString())",
                "dst": "null",
                "src_parent_type": "Case",
                "dst_parent_type": "null",
                "src_parent": "case 1 :\n    org.traccar.DeviceSession deviceSession \u003d getDeviceSession(channel, remoteAddress, buf.readCharSequence(15, java.nio.charset.StandardCharsets.US_ASCII).toString());\n    if (deviceSession \u003d\u003d null) {\n        return null;\n    }\n    position.setDeviceId(deviceSession.getDeviceId());\n    break;",
                "dst_parent": "null"
              },
              "line": 129,
              "file": "/home/khesoem/projects/lighter/exp/src/main/java/org/traccar/protocol/Minifinder2ProtocolDecoder.java",
              "stats": {
                "number_of_src_entities": 49,
                "number_of_dst_entities": -1,
                "src_entity_types": "[io.netty.channel.Channel, int, org.traccar.DeviceSession, java.nio.charset.StandardCharsets, io.netty.buffer.ByteBuf, org.traccar.protocol.Minifinder2ProtocolDecoder, java.net.SocketAddress]",
                "dst_entity_types": "[]"
              }
            }
          ]
        },
        {
          "tool-name": "JKali",
          "pattern-name": "JKali:del",
          "Unified_Diff_of-files:": "Starts Below...",
          "CHANGE_old:": " * Copyright 2019 Anton Tananaev (anton@traccar.org)",
          "CHANGE_new:": " * Copyright 2019 - 2020 Anton Tananaev (anton@traccar.org)",
          "INSERT:": "                position.setDeviceId(deviceSession.getDeviceId());",
          "instance_detail": [
            {
              "pattern_action": "DEL",
              "pattern_entity": {
                "entity_type": "*",
                "entity_new value": "*",
                "entity_role": "Statement",
                "entity_parent": "null"
              },
              "concrete_change": {
                "operator": "DEL",
                "src_type": "If",
                "dst_type": "null",
                "src": "if (deviceSession \u003d\u003d null) {\n    return null;\n}",
                "dst": "null",
                "src_parent_type": "Case",
                "dst_parent_type": "null",
                "src_parent": "case 1 :\n    org.traccar.DeviceSession deviceSession \u003d getDeviceSession(channel, remoteAddress, buf.readCharSequence(15, java.nio.charset.StandardCharsets.US_ASCII).toString());\n    if (deviceSession \u003d\u003d null) {\n        return null;\n    }\n    position.setDeviceId(deviceSession.getDeviceId());\n    break;",
                "dst_parent": "null"
              },
              "line": 131,
              "file": "/home/khesoem/projects/lighter/exp/src/main/java/org/traccar/protocol/Minifinder2ProtocolDecoder.java",
              "stats": {
                "number_of_src_entities": 12,
                "number_of_dst_entities": -1,
                "src_entity_types": "[org.traccar.DeviceSession, \u003cnulltype\u003e]",
                "dst_entity_types": "[]"
              }
            }
          ]
        }
      ]
    }
  ],
  "complete_analysis": true
}