{
  "instances": [
    {
      "revision": "9ecee5c21d48ab8466977bd8971347eff1f04b2d",
      "repairability": [
        {
          "tool-name": "JKali",
          "pattern-name": "JKali:add_rtrn",
          "Unified_Diff_of-files:": "Starts Below...",
          "CHANGE_old:": " * Copyright 2015 - 2019 Anton Tananaev (anton@traccar.org)",
          "CHANGE_new:": " * Copyright 2015 - 2020 Anton Tananaev (anton@traccar.org)",
          "INSERT:": "}",
          "DELETE:": "",
          "instance_detail": [
            {
              "pattern_action": "INS",
              "pattern_entity": {
                "entity_type": "Return",
                "entity_new value": "*",
                "entity_role": "Statement",
                "entity_parent": "null"
              },
              "concrete_change": {
                "operator": "INS",
                "src_type": "Return",
                "dst_type": "null",
                "src": "return java.lang.management.ManagementFactory.getOperatingSystemMXBean().getSystemLoadAverage()",
                "dst": "null",
                "src_parent_type": "Block",
                "dst_parent_type": "null",
                "src_parent": "{\n    return java.lang.management.ManagementFactory.getOperatingSystemMXBean().getSystemLoadAverage();\n}",
                "dst_parent": "null"
              },
              "line": 182,
              "file": "/home/khesoem/projects/lighter/exp/src/main/java/org/traccar/model/Server.java"
            }
          ]
        },
        {
          "tool-name": "JKali",
          "pattern-name": "JKali:add_rtrn",
          "Unified_Diff_of-files:": "Starts Below...",
          "CHANGE_old:": " * Copyright 2015 - 2019 Anton Tananaev (anton@traccar.org)",
          "CHANGE_new:": " * Copyright 2015 - 2020 Anton Tananaev (anton@traccar.org)",
          "INSERT:": "}",
          "DELETE:": "",
          "instance_detail": [
            {
              "pattern_action": "INS",
              "pattern_entity": {
                "entity_type": "Return",
                "entity_new value": "*",
                "entity_role": "Statement",
                "entity_parent": "null"
              },
              "concrete_change": {
                "operator": "INS",
                "src_type": "Return",
                "dst_type": "null",
                "src": "return 1 - (free / total)",
                "dst": "null",
                "src_parent_type": "Block",
                "dst_parent_type": "null",
                "src_parent": "{\n    return 1 - (free / total);\n}",
                "dst_parent": "null"
              },
              "line": 197,
              "file": "/home/khesoem/projects/lighter/exp/src/main/java/org/traccar/model/Server.java"
            }
          ]
        },
        {
          "tool-name": "JKali",
          "pattern-name": "JKali:add_rtrn",
          "Unified_Diff_of-files:": "Starts Below...",
          "CHANGE_old:": " * Copyright 2015 - 2019 Anton Tananaev (anton@traccar.org)",
          "CHANGE_new:": " * Copyright 2015 - 2020 Anton Tananaev (anton@traccar.org)",
          "INSERT:": "}",
          "DELETE:": "",
          "instance_detail": [
            {
              "pattern_action": "INS",
              "pattern_entity": {
                "entity_type": "Return",
                "entity_new value": "*",
                "entity_role": "Statement",
                "entity_parent": "null"
              },
              "concrete_change": {
                "operator": "INS",
                "src_type": "Return",
                "dst_type": "null",
                "src": "return 0",
                "dst": "null",
                "src_parent_type": "Block",
                "dst_parent_type": "null",
                "src_parent": "{\n    return 0;\n}",
                "dst_parent": "null"
              },
              "line": 199,
              "file": "/home/khesoem/projects/lighter/exp/src/main/java/org/traccar/model/Server.java"
            }
          ]
        }
      ]
    }
  ],
  "complete_analysis": true
}