{
  "instances": [
    {
      "revision": "3753db61c84279ddb36c1a2b23b83a523770d90b",
      "repairability": [
        {
          "tool-name": "JKali",
          "pattern-name": "JKali:del",
          "Unified_Diff_of-files:": "Starts Below...",
          "DELETE:": "                break;",
          "instance_detail": [
            {
              "pattern_action": "DEL",
              "pattern_entity": {
                "entity_type": "*",
                "entity_new value": "*",
                "entity_role": "Statement",
                "entity_parent": "null"
              },
              "concrete_change": {
                "operator": "DEL",
                "src_type": "Invocation",
                "dst_type": "null",
                "src": "readValue(buf, length, false)",
                "dst": "null",
                "src_parent_type": "Case",
                "dst_parent_type": "null",
                "src_parent": "case 24 :\n    readValue(buf, length, false);\n    break;",
                "dst_parent": "null"
              },
              "line": 227,
              "file": "/home/khesoem/projects/lighter/exp/src/main/java/org/traccar/protocol/TeltonikaProtocolDecoder.java"
            }
          ]
        },
        {
          "tool-name": "JKali",
          "pattern-name": "JKali:del",
          "Unified_Diff_of-files:": "Starts Below...",
          "DELETE:": "                break;",
          "instance_detail": [
            {
              "pattern_action": "DEL",
              "pattern_entity": {
                "entity_type": "*",
                "entity_new value": "*",
                "entity_role": "Statement",
                "entity_parent": "null"
              },
              "concrete_change": {
                "operator": "DEL",
                "src_type": "Break",
                "dst_type": "null",
                "src": "break",
                "dst": "null",
                "src_parent_type": "Case",
                "dst_parent_type": "null",
                "src_parent": "case 24 :\n    readValue(buf, length, false);\n    break;",
                "dst_parent": "null"
              },
              "line": 228,
              "file": "/home/khesoem/projects/lighter/exp/src/main/java/org/traccar/protocol/TeltonikaProtocolDecoder.java"
            }
          ]
        },
        {
          "tool-name": "JKali",
          "pattern-name": "JKali:del",
          "Unified_Diff_of-files:": "Starts Below...",
          "DELETE:": "                break;",
          "instance_detail": [
            {
              "pattern_action": "DEL",
              "pattern_entity": {
                "entity_type": "*",
                "entity_new value": "*",
                "entity_role": "Statement",
                "entity_parent": "null"
              },
              "concrete_change": {
                "operator": "DEL",
                "src_type": "Invocation",
                "dst_type": "null",
                "src": "position.set(Position.KEY_OBD_SPEED, readValue(buf, length, false))",
                "dst": "null",
                "src_parent_type": "Case",
                "dst_parent_type": "null",
                "src_parent": "case 81 :\n    position.set(Position.KEY_OBD_SPEED, readValue(buf, length, false));\n    break;",
                "dst_parent": "null"
              },
              "line": 259,
              "file": "/home/khesoem/projects/lighter/exp/src/main/java/org/traccar/protocol/TeltonikaProtocolDecoder.java"
            }
          ]
        },
        {
          "tool-name": "JKali",
          "pattern-name": "JKali:del",
          "Unified_Diff_of-files:": "Starts Below...",
          "DELETE:": "                break;",
          "instance_detail": [
            {
              "pattern_action": "DEL",
              "pattern_entity": {
                "entity_type": "*",
                "entity_new value": "*",
                "entity_role": "Statement",
                "entity_parent": "null"
              },
              "concrete_change": {
                "operator": "DEL",
                "src_type": "Break",
                "dst_type": "null",
                "src": "break",
                "dst": "null",
                "src_parent_type": "Case",
                "dst_parent_type": "null",
                "src_parent": "case 81 :\n    position.set(Position.KEY_OBD_SPEED, readValue(buf, length, false));\n    break;",
                "dst_parent": "null"
              },
              "line": 260,
              "file": "/home/khesoem/projects/lighter/exp/src/main/java/org/traccar/protocol/TeltonikaProtocolDecoder.java"
            }
          ]
        },
        {
          "tool-name": "JKali",
          "pattern-name": "JKali:del",
          "Unified_Diff_of-files:": "Starts Below...",
          "DELETE:": "                break;",
          "instance_detail": [
            {
              "pattern_action": "DEL",
              "pattern_entity": {
                "entity_type": "*",
                "entity_new value": "*",
                "entity_role": "Statement",
                "entity_parent": "null"
              },
              "concrete_change": {
                "operator": "DEL",
                "src_type": "Invocation",
                "dst_type": "null",
                "src": "position.set(Position.KEY_THROTTLE, readValue(buf, length, false))",
                "dst": "null",
                "src_parent_type": "Case",
                "dst_parent_type": "null",
                "src_parent": "case 82 :\n    position.set(Position.KEY_THROTTLE, readValue(buf, length, false));\n    break;",
                "dst_parent": "null"
              },
              "line": 262,
              "file": "/home/khesoem/projects/lighter/exp/src/main/java/org/traccar/protocol/TeltonikaProtocolDecoder.java"
            }
          ]
        },
        {
          "tool-name": "JKali",
          "pattern-name": "JKali:del",
          "Unified_Diff_of-files:": "Starts Below...",
          "DELETE:": "                break;",
          "instance_detail": [
            {
              "pattern_action": "DEL",
              "pattern_entity": {
                "entity_type": "*",
                "entity_new value": "*",
                "entity_role": "Statement",
                "entity_parent": "null"
              },
              "concrete_change": {
                "operator": "DEL",
                "src_type": "Break",
                "dst_type": "null",
                "src": "break",
                "dst": "null",
                "src_parent_type": "Case",
                "dst_parent_type": "null",
                "src_parent": "case 82 :\n    position.set(Position.KEY_THROTTLE, readValue(buf, length, false));\n    break;",
                "dst_parent": "null"
              },
              "line": 263,
              "file": "/home/khesoem/projects/lighter/exp/src/main/java/org/traccar/protocol/TeltonikaProtocolDecoder.java"
            }
          ]
        },
        {
          "tool-name": "JKali",
          "pattern-name": "JKali:del",
          "Unified_Diff_of-files:": "Starts Below...",
          "DELETE:": "                break;",
          "instance_detail": [
            {
              "pattern_action": "DEL",
              "pattern_entity": {
                "entity_type": "*",
                "entity_new value": "*",
                "entity_role": "Statement",
                "entity_parent": "null"
              },
              "concrete_change": {
                "operator": "DEL",
                "src_type": "Invocation",
                "dst_type": "null",
                "src": "position.set(Position.KEY_FUEL_USED, ((readValue(buf, length, false)) * 0.1))",
                "dst": "null",
                "src_parent_type": "Case",
                "dst_parent_type": "null",
                "src_parent": "case 83 :\n    position.set(Position.KEY_FUEL_USED, ((readValue(buf, length, false)) * 0.1));\n    break;",
                "dst_parent": "null"
              },
              "line": 265,
              "file": "/home/khesoem/projects/lighter/exp/src/main/java/org/traccar/protocol/TeltonikaProtocolDecoder.java"
            }
          ]
        },
        {
          "tool-name": "JKali",
          "pattern-name": "JKali:del",
          "Unified_Diff_of-files:": "Starts Below...",
          "DELETE:": "                break;",
          "instance_detail": [
            {
              "pattern_action": "DEL",
              "pattern_entity": {
                "entity_type": "*",
                "entity_new value": "*",
                "entity_role": "Statement",
                "entity_parent": "null"
              },
              "concrete_change": {
                "operator": "DEL",
                "src_type": "Break",
                "dst_type": "null",
                "src": "break",
                "dst": "null",
                "src_parent_type": "Case",
                "dst_parent_type": "null",
                "src_parent": "case 83 :\n    position.set(Position.KEY_FUEL_USED, ((readValue(buf, length, false)) * 0.1));\n    break;",
                "dst_parent": "null"
              },
              "line": 266,
              "file": "/home/khesoem/projects/lighter/exp/src/main/java/org/traccar/protocol/TeltonikaProtocolDecoder.java"
            }
          ]
        },
        {
          "tool-name": "JKali",
          "pattern-name": "JKali:del",
          "Unified_Diff_of-files:": "Starts Below...",
          "DELETE:": "                break;",
          "instance_detail": [
            {
              "pattern_action": "DEL",
              "pattern_entity": {
                "entity_type": "*",
                "entity_new value": "*",
                "entity_role": "Statement",
                "entity_parent": "null"
              },
              "concrete_change": {
                "operator": "DEL",
                "src_type": "Invocation",
                "dst_type": "null",
                "src": "position.set(Position.KEY_FUEL_LEVEL, ((readValue(buf, length, false)) * 0.1))",
                "dst": "null",
                "src_parent_type": "Case",
                "dst_parent_type": "null",
                "src_parent": "case 84 :\n    position.set(Position.KEY_FUEL_LEVEL, ((readValue(buf, length, false)) * 0.1));\n    break;",
                "dst_parent": "null"
              },
              "line": 268,
              "file": "/home/khesoem/projects/lighter/exp/src/main/java/org/traccar/protocol/TeltonikaProtocolDecoder.java"
            }
          ]
        },
        {
          "tool-name": "JKali",
          "pattern-name": "JKali:del",
          "Unified_Diff_of-files:": "Starts Below...",
          "DELETE:": "                break;",
          "instance_detail": [
            {
              "pattern_action": "DEL",
              "pattern_entity": {
                "entity_type": "*",
                "entity_new value": "*",
                "entity_role": "Statement",
                "entity_parent": "null"
              },
              "concrete_change": {
                "operator": "DEL",
                "src_type": "Break",
                "dst_type": "null",
                "src": "break",
                "dst": "null",
                "src_parent_type": "Case",
                "dst_parent_type": "null",
                "src_parent": "case 84 :\n    position.set(Position.KEY_FUEL_LEVEL, ((readValue(buf, length, false)) * 0.1));\n    break;",
                "dst_parent": "null"
              },
              "line": 269,
              "file": "/home/khesoem/projects/lighter/exp/src/main/java/org/traccar/protocol/TeltonikaProtocolDecoder.java"
            }
          ]
        },
        {
          "tool-name": "JKali",
          "pattern-name": "JKali:del",
          "Unified_Diff_of-files:": "Starts Below...",
          "DELETE:": "                break;",
          "instance_detail": [
            {
              "pattern_action": "DEL",
              "pattern_entity": {
                "entity_type": "*",
                "entity_new value": "*",
                "entity_role": "Statement",
                "entity_parent": "null"
              },
              "concrete_change": {
                "operator": "DEL",
                "src_type": "Invocation",
                "dst_type": "null",
                "src": "position.set(Position.KEY_RPM, readValue(buf, length, false))",
                "dst": "null",
                "src_parent_type": "Case",
                "dst_parent_type": "null",
                "src_parent": "case 85 :\n    position.set(Position.KEY_RPM, readValue(buf, length, false));\n    break;",
                "dst_parent": "null"
              },
              "line": 271,
              "file": "/home/khesoem/projects/lighter/exp/src/main/java/org/traccar/protocol/TeltonikaProtocolDecoder.java"
            }
          ]
        },
        {
          "tool-name": "JKali",
          "pattern-name": "JKali:del",
          "Unified_Diff_of-files:": "Starts Below...",
          "DELETE:": "                break;",
          "instance_detail": [
            {
              "pattern_action": "DEL",
              "pattern_entity": {
                "entity_type": "*",
                "entity_new value": "*",
                "entity_role": "Statement",
                "entity_parent": "null"
              },
              "concrete_change": {
                "operator": "DEL",
                "src_type": "Break",
                "dst_type": "null",
                "src": "break",
                "dst": "null",
                "src_parent_type": "Case",
                "dst_parent_type": "null",
                "src_parent": "case 85 :\n    position.set(Position.KEY_RPM, readValue(buf, length, false));\n    break;",
                "dst_parent": "null"
              },
              "line": 272,
              "file": "/home/khesoem/projects/lighter/exp/src/main/java/org/traccar/protocol/TeltonikaProtocolDecoder.java"
            }
          ]
        }
      ]
    }
  ],
  "complete_analysis": true
}