{
  "instances": [
    {
      "revision": "b71f38a2b2ed7ff715b03f4b780105653f726969",
      "repairability": [
        {
          "tool-name": "Cardumen",
          "pattern-name": "Cardumen:expression_replacement_by_upd",
          "Unified_Diff_of-files:": "Starts Below...",
          "INSERT:": "    }",
          "CHANGE_old:": "",
          "CHANGE_new:": "        Arrays.fill(_intResult, _literal.equals(\"true\") ? 1 : 0);",
          "instance_detail": [
            {
              "pattern_action": "UPD",
              "pattern_entity": {
                "entity_type": "Expression",
                "entity_new value": "*",
                "entity_role": "*",
                "entity_parent": "null"
              },
              "concrete_change": {
                "operator": "UPD",
                "src_type": "TypeAccess",
                "dst_type": "TypeAccess",
                "src": "BaseTransformFunction",
                "dst": "org.apache.pinot.core.operator.transform.function.LiteralTransformFunction",
                "src_parent_type": "FieldRead",
                "dst_parent_type": "ThisAccess",
                "src_parent": "BaseTransformFunction.STRING_SV_NO_DICTIONARY_METADATA",
                "dst_parent": ""
              },
              "stats": {
                "number_of_src_entities": 3,
                "number_of_dst_entities": 3,
                "src_entity_types": "[BaseTransformFunction]",
                "dst_entity_types": "[org.apache.pinot.core.operator.transform.function.LiteralTransformFunction]"
              }
            }
          ]
        }
      ]
    },
    {
      "revision": "b71f38a2b2ed7ff715b03f4b780105653f726969",
      "repairability": [
        {
          "tool-name": "Cardumen",
          "pattern-name": "Cardumen:expression_replacement_by_upd",
          "Unified_Diff_of-files:": "Starts Below...",
          "INSERT:": "    }",
          "CHANGE_old:": "",
          "CHANGE_new:": "        Arrays.fill(_intResult, _literal.equals(\"true\") ? 1 : 0);",
          "instance_detail": [
            {
              "pattern_action": "UPD",
              "pattern_entity": {
                "entity_type": "Expression",
                "entity_new value": "*",
                "entity_role": "*",
                "entity_parent": "null"
              },
              "concrete_change": {
                "operator": "UPD",
                "src_type": "TypeAccess",
                "dst_type": "TypeAccess",
                "src": "java.lang.Float",
                "dst": "java.lang.Double",
                "src_parent_type": "Invocation",
                "dst_parent_type": "Invocation",
                "src_parent": "java.lang.Float.compare(leftIntValues[i], rightFloatValues[i])",
                "dst_parent": "java.lang.Double.compare(leftIntValues[i], rightFloatValues[i])"
              },
              "line": 96,
              "file": "/home/khesoem/projects/lighter/exp/pinot-core/src/main/java/org/apache/pinot/core/operator/transform/function/BinaryOperatorTransformFunction.java",
              "stats": {
                "number_of_src_entities": 3,
                "number_of_dst_entities": 3,
                "src_entity_types": "[java.lang.Float]",
                "dst_entity_types": "[java.lang.Double]"
              }
            }
          ]
        }
      ]
    }
  ],
  "complete_analysis": true
}