{
  "instances": [
    {
      "revision": "0d96c7f5f58191a823956cc1b1a8c93914fd73b3",
      "repairability": [
        {
          "tool-name": "Cardumen",
          "pattern-name": "Cardumen:expression_replacement_by_upd",
          "Unified_Diff_of-files:": "Starts Below...",
          "DELETE:": "",
          "CHANGE_old:": "",
          "CHANGE_new:": "          .checkArgument(dataType \u003d\u003d DataType.STRING, \"The maxLength field only applies to STRING field right now\");",
          "INSERT:": "  /**",
          "instance_detail": [
            {
              "pattern_action": "UPD",
              "pattern_entity": {
                "entity_type": "Expression",
                "entity_new value": "*",
                "entity_role": "*",
                "entity_parent": "null"
              },
              "concrete_change": {
                "operator": "UPD",
                "src_type": "TypeAccess",
                "dst_type": "TypeAccess",
                "src": "org.apache.pinot.common.utils.helix.PinotHelixPropertyStoreZnRecordProvider",
                "dst": "org.apache.pinot.common.metadata.ZKMetadataProvider",
                "src_parent_type": "Invocation",
                "dst_parent_type": "Invocation",
                "src_parent": "org.apache.pinot.common.utils.helix.PinotHelixPropertyStoreZnRecordProvider.forSchema(_propertyStore)",
                "dst_parent": "org.apache.pinot.common.metadata.ZKMetadataProvider.setSchema(_propertyStore, schema)"
              },
              "line": 1088,
              "file": "/home/khesoem/projects/lighter/exp/pinot-controller/src/main/java/org/apache/pinot/controller/helix/core/PinotHelixResourceManager.java",
              "stats": {
                "number_of_src_entities": 3,
                "number_of_dst_entities": 3,
                "src_entity_types": "[org.apache.pinot.common.utils.helix.PinotHelixPropertyStoreZnRecordProvider]",
                "dst_entity_types": "[org.apache.pinot.common.metadata.ZKMetadataProvider]"
              }
            }
          ]
        },
        {
          "tool-name": "Cardumen",
          "pattern-name": "Cardumen:expression_replacement_by_upd",
          "Unified_Diff_of-files:": "Starts Below...",
          "DELETE:": "",
          "CHANGE_old:": "",
          "CHANGE_new:": "          .checkArgument(dataType \u003d\u003d DataType.STRING, \"The maxLength field only applies to STRING field right now\");",
          "INSERT:": "  /**",
          "instance_detail": [
            {
              "pattern_action": "UPD",
              "pattern_entity": {
                "entity_type": "Expression",
                "entity_new value": "*",
                "entity_role": "*",
                "entity_parent": "null"
              },
              "concrete_change": {
                "operator": "UPD",
                "src_type": "VariableRead",
                "dst_type": "VariableRead",
                "src": "schemaName",
                "dst": "schema",
                "src_parent_type": "Invocation",
                "dst_parent_type": "Invocation",
                "src_parent": "propertyStoreHelper.set(schemaName, record)",
                "dst_parent": "org.apache.pinot.common.metadata.ZKMetadataProvider.setSchema(_propertyStore, schema)"
              },
              "line": 1089,
              "file": "/home/khesoem/projects/lighter/exp/pinot-controller/src/main/java/org/apache/pinot/controller/helix/core/PinotHelixResourceManager.java",
              "stats": {
                "number_of_src_entities": 4,
                "number_of_dst_entities": 4,
                "src_entity_types": "[java.lang.String]",
                "dst_entity_types": "[org.apache.pinot.spi.data.Schema]"
              }
            }
          ]
        }
      ]
    },
    {
      "revision": "0d96c7f5f58191a823956cc1b1a8c93914fd73b3",
      "repairability": [
        {
          "tool-name": "Cardumen",
          "pattern-name": "Cardumen:expression_replacement_by_upd",
          "Unified_Diff_of-files:": "Starts Below...",
          "DELETE:": "",
          "CHANGE_old:": "",
          "CHANGE_new:": "          .checkArgument(dataType \u003d\u003d DataType.STRING, \"The maxLength field only applies to STRING field right now\");",
          "INSERT:": "  /**",
          "instance_detail": [
            {
              "pattern_action": "UPD",
              "pattern_entity": {
                "entity_type": "Expression",
                "entity_new value": "*",
                "entity_role": "*",
                "entity_parent": "null"
              },
              "concrete_change": {
                "operator": "UPD",
                "src_type": "TypeAccess",
                "dst_type": "TypeAccess",
                "src": "DataType.JSON",
                "dst": "DataType.JSON",
                "src_parent_type": "Invocation",
                "dst_parent_type": "Invocation",
                "src_parent": "fieldSpec.getDataType().equals(DataType.JSON)",
                "dst_parent": "fieldSpec.getDataType().equals(DataType.JSON)"
              },
              "line": 219,
              "file": "/home/khesoem/projects/lighter/exp/pinot-spi/src/main/java/org/apache/pinot/spi/data/Schema.java",
              "stats": {
                "number_of_src_entities": 4,
                "number_of_dst_entities": 3,
                "src_entity_types": "[DataType, DataType.JSON]",
                "dst_entity_types": "[DataType.JSON]"
              }
            }
          ]
        }
      ]
    }
  ],
  "complete_analysis": true
}