{
  "instances": [
    {
      "revision": "e656e1689789755e300d364f31bf7e5a1c23f4bb",
      "repairability": [
        {
          "tool-name": "Cardumen",
          "pattern-name": "Cardumen:expression_replacement_by_del_ins",
          "Unified_Diff_of-files:": "Starts Below...",
          "INSERT:": "",
          "instance_detail": [
            {
              "pattern_action": "DEL",
              "pattern_entity": {
                "entity_type": "Expression",
                "entity_new value": "*",
                "entity_role": "*",
                "entity_parent": "null"
              },
              "concrete_change": {
                "operator": "DEL",
                "src_type": "Invocation",
                "dst_type": "null",
                "src": "org.apache.commons.lang3.StringUtils.isNotEmpty(instanceIdFromConfig)",
                "dst": "null",
                "src_parent_type": "If",
                "dst_parent_type": "null",
                "src_parent": "if (org.apache.commons.lang3.StringUtils.isNotEmpty(instanceIdFromConfig)) {\n    _helixParticipantInstanceId \u003d instanceIdFromConfig;\n} else {\n    _helixParticipantInstanceId \u003d org.apache.pinot.common.utils.helix.LeadControllerUtils.generateParticipantInstanceId(_hostname, _port);\n}",
                "dst_parent": "null"
              },
              "line": 166,
              "file": "/home/khesoem/projects/lighter/exp/pinot-controller/src/main/java/org/apache/pinot/controller/BaseControllerStarter.java",
              "stats": {
                "number_of_src_entities": 14,
                "number_of_dst_entities": -1,
                "src_entity_types": "[org.apache.commons.lang3.StringUtils, java.lang.String]",
                "dst_entity_types": "[]"
              }
            },
            {
              "pattern_action": "INS",
              "pattern_entity": {
                "entity_type": "Expression",
                "entity_new value": "*",
                "entity_role": "*",
                "entity_parent": "null"
              },
              "concrete_change": {
                "operator": "INS",
                "src_type": "BinaryOperator",
                "dst_type": "null",
                "src": "(_helixParticipantInstanceId) !\u003d null",
                "dst": "null",
                "src_parent_type": "If",
                "dst_parent_type": "null",
                "src_parent": "if ((_helixParticipantInstanceId) !\u003d null) {\n    com.google.common.base.Preconditions.checkState(_helixParticipantInstanceId.startsWith(CommonConstants.Helix.PREFIX_OF_CONTROLLER_INSTANCE), \"Instance id must have prefix \u0027%s\u0027, got \u0027%s\u0027\", CommonConstants.Helix.PREFIX_OF_CONTROLLER_INSTANCE, _helixParticipantInstanceId);\n} else {\n    _helixParticipantInstanceId \u003d org.apache.pinot.common.utils.helix.LeadControllerUtils.generateParticipantInstanceId(_hostname, _port);\n}",
                "dst_parent": "null"
              },
              "line": 171,
              "file": "/home/khesoem/projects/lighter/exp/pinot-controller/src/main/java/org/apache/pinot/controller/BaseControllerStarter.java",
              "stats": {
                "number_of_src_entities": 16,
                "number_of_dst_entities": -1,
                "src_entity_types": "[boolean, org.apache.pinot.controller.BaseControllerStarter, \u003cnulltype\u003e]",
                "dst_entity_types": "[]"
              }
            }
          ]
        }
      ]
    },
    {
      "revision": "e656e1689789755e300d364f31bf7e5a1c23f4bb",
      "repairability": [
        {
          "tool-name": "Cardumen",
          "pattern-name": "Cardumen:expression_replacement_by_del_ins",
          "Unified_Diff_of-files:": "Starts Below...",
          "INSERT:": "",
          "instance_detail": [
            {
              "pattern_action": "DEL",
              "pattern_entity": {
                "entity_type": "Expression",
                "entity_new value": "*",
                "entity_role": "*",
                "entity_parent": "null"
              },
              "concrete_change": {
                "operator": "DEL",
                "src_type": "BinaryOperator",
                "dst_type": "null",
                "src": "((org.apache.pinot.spi.utils.CommonConstants.Helix.PREFIX_OF_CONTROLLER_INSTANCE) + helixLeaderInstanceId)",
                "dst": "null",
                "src_parent_type": "Invocation",
                "dst_parent_type": "null",
                "src_parent": "_instanceId.equals(((org.apache.pinot.spi.utils.CommonConstants.Helix.PREFIX_OF_CONTROLLER_INSTANCE) + helixLeaderInstanceId))",
                "dst_parent": "null"
              },
              "line": 149,
              "file": "/home/khesoem/projects/lighter/exp/pinot-controller/src/main/java/org/apache/pinot/controller/LeadControllerManager.java",
              "stats": {
                "number_of_src_entities": 14,
                "number_of_dst_entities": -1,
                "src_entity_types": "[java.lang.String, org.apache.pinot.spi.utils.CommonConstants.Helix]",
                "dst_entity_types": "[]"
              }
            },
            {
              "pattern_action": "INS",
              "pattern_entity": {
                "entity_type": "Expression",
                "entity_new value": "*",
                "entity_role": "*",
                "entity_parent": "null"
              },
              "concrete_change": {
                "operator": "INS",
                "src_type": "VariableRead",
                "dst_type": "null",
                "src": "helixLeaderInstanceId",
                "dst": "null",
                "src_parent_type": "Invocation",
                "dst_parent_type": "null",
                "src_parent": "_helixControllerInstanceId.equals(helixLeaderInstanceId)",
                "dst_parent": "null"
              },
              "line": 147,
              "file": "/home/khesoem/projects/lighter/exp/pinot-controller/src/main/java/org/apache/pinot/controller/LeadControllerManager.java",
              "stats": {
                "number_of_src_entities": 4,
                "number_of_dst_entities": -1,
                "src_entity_types": "[java.lang.String]",
                "dst_entity_types": "[]"
              }
            }
          ]
        }
      ]
    },
    {
      "revision": "e656e1689789755e300d364f31bf7e5a1c23f4bb",
      "repairability": [
        {
          "tool-name": "Cardumen",
          "pattern-name": "Cardumen:expression_replacement_by_del_ins",
          "Unified_Diff_of-files:": "Starts Below...",
          "INSERT:": "",
          "instance_detail": [
            {
              "pattern_action": "DEL",
              "pattern_entity": {
                "entity_type": "Expression",
                "entity_new value": "*",
                "entity_role": "*",
                "entity_parent": "null"
              },
              "concrete_change": {
                "operator": "DEL",
                "src_type": "VariableRead",
                "dst_type": "null",
                "src": "instanceId",
                "dst": "null",
                "src_parent_type": "BinaryOperator",
                "dst_parent_type": "null",
                "src_parent": "instanceId \u003d\u003d null",
                "dst_parent": "null"
              },
              "line": 145,
              "file": "/home/khesoem/projects/lighter/exp/pinot-server/src/main/java/org/apache/pinot/server/starter/helix/BaseServerStarter.java"
            },
            {
              "pattern_action": "INS",
              "pattern_entity": {
                "entity_type": "Expression",
                "entity_new value": "*",
                "entity_role": "*",
                "entity_parent": "null"
              },
              "concrete_change": {
                "operator": "INS",
                "src_type": "FieldRead",
                "dst_type": "null",
                "src": "(_instanceId)",
                "dst": "null",
                "src_parent_type": "BinaryOperator",
                "dst_parent_type": "null",
                "src_parent": "(_instanceId) !\u003d null",
                "dst_parent": "null"
              },
              "line": 145,
              "file": "/home/khesoem/projects/lighter/exp/pinot-server/src/main/java/org/apache/pinot/server/starter/helix/BaseServerStarter.java"
            }
          ]
        },
        {
          "tool-name": "Cardumen",
          "pattern-name": "Cardumen:expression_replacement_by_del_ins",
          "Unified_Diff_of-files:": "Starts Below...",
          "INSERT:": "",
          "instance_detail": [
            {
              "pattern_action": "DEL",
              "pattern_entity": {
                "entity_type": "Expression",
                "entity_new value": "*",
                "entity_role": "*",
                "entity_parent": "null"
              },
              "concrete_change": {
                "operator": "DEL",
                "src_type": "VariableRead",
                "dst_type": "null",
                "src": "instanceId",
                "dst": "null",
                "src_parent_type": "Invocation",
                "dst_parent_type": "null",
                "src_parent": "_serverConf.addProperty(Server.CONFIG_OF_INSTANCE_ID, instanceId)",
                "dst_parent": "null"
              },
              "line": 147,
              "file": "/home/khesoem/projects/lighter/exp/pinot-server/src/main/java/org/apache/pinot/server/starter/helix/BaseServerStarter.java"
            },
            {
              "pattern_action": "INS",
              "pattern_entity": {
                "entity_type": "Expression",
                "entity_new value": "*",
                "entity_role": "*",
                "entity_parent": "null"
              },
              "concrete_change": {
                "operator": "INS",
                "src_type": "FieldRead",
                "dst_type": "null",
                "src": "org.apache.pinot.server.starter.helix.BaseServerStarter.LOGGER",
                "dst": "null",
                "src_parent_type": "Invocation",
                "dst_parent_type": "null",
                "src_parent": "org.apache.pinot.server.starter.helix.BaseServerStarter.LOGGER.warn(\"Instance id \u0027{}\u0027 does not have prefix \u0027{}\u0027\", _instanceId, Helix.PREFIX_OF_SERVER_INSTANCE)",
                "dst_parent": "null"
              },
              "line": 150,
              "file": "/home/khesoem/projects/lighter/exp/pinot-server/src/main/java/org/apache/pinot/server/starter/helix/BaseServerStarter.java"
            }
          ]
        }
      ]
    },
    {
      "revision": "e656e1689789755e300d364f31bf7e5a1c23f4bb",
      "repairability": [
        {
          "tool-name": "Cardumen",
          "pattern-name": "Cardumen:expression_replacement_by_upd",
          "Unified_Diff_of-files:": "Starts Below...",
          "INSERT:": "",
          "instance_detail": [
            {
              "pattern_action": "UPD",
              "pattern_entity": {
                "entity_type": "Expression",
                "entity_new value": "*",
                "entity_role": "*",
                "entity_parent": "null"
              },
              "concrete_change": {
                "operator": "UPD",
                "src_type": "VariableRead",
                "dst_type": "VariableRead",
                "src": "partitionNames",
                "dst": "partitionStateMap",
                "src_parent_type": "Invocation",
                "dst_parent_type": "Invocation",
                "src_parent": "(partitionNames.size())",
                "dst_parent": "(partitionStateMap.size())"
              },
              "line": 133,
              "file": "/home/khesoem/projects/lighter/exp/pinot-core/src/main/java/org/apache/pinot/server/realtime/ControllerLeaderLocator.java",
              "stats": {
                "number_of_src_entities": 6,
                "number_of_dst_entities": 12,
                "src_entity_types": "[java.util.Set\u003cjava.lang.String\u003e, java.lang.String]",
                "dst_entity_types": "[java.lang.String, java.util.Map\u003cjava.lang.String, java.util.Map\u003cjava.lang.String, java.lang.String\u003e\u003e, java.util.Map\u003cjava.lang.String, java.lang.String\u003e]"
              }
            }
          ]
        },
        {
          "tool-name": "Cardumen",
          "pattern-name": "Cardumen:expression_replacement_by_upd",
          "Unified_Diff_of-files:": "Starts Below...",
          "INSERT:": "",
          "instance_detail": [
            {
              "pattern_action": "UPD",
              "pattern_entity": {
                "entity_type": "Expression",
                "entity_new value": "*",
                "entity_role": "*",
                "entity_parent": "null"
              },
              "concrete_change": {
                "operator": "UPD",
                "src_type": "VariableRead",
                "dst_type": "VariableRead",
                "src": "partitionNames",
                "dst": "partitionStateMap",
                "src_parent_type": "Invocation",
                "dst_parent_type": "Invocation",
                "src_parent": "partitionNames.size()",
                "dst_parent": "partitionStateMap.size()"
              },
              "line": 135,
              "file": "/home/khesoem/projects/lighter/exp/pinot-core/src/main/java/org/apache/pinot/server/realtime/ControllerLeaderLocator.java",
              "stats": {
                "number_of_src_entities": 6,
                "number_of_dst_entities": 12,
                "src_entity_types": "[java.util.Set\u003cjava.lang.String\u003e, java.lang.String]",
                "dst_entity_types": "[java.lang.String, java.util.Map\u003cjava.lang.String, java.util.Map\u003cjava.lang.String, java.lang.String\u003e\u003e, java.util.Map\u003cjava.lang.String, java.lang.String\u003e]"
              }
            }
          ]
        },
        {
          "tool-name": "Cardumen",
          "pattern-name": "Cardumen:expression_replacement_by_upd",
          "Unified_Diff_of-files:": "Starts Below...",
          "INSERT:": "",
          "instance_detail": [
            {
              "pattern_action": "UPD",
              "pattern_entity": {
                "entity_type": "Expression",
                "entity_new value": "*",
                "entity_role": "*",
                "entity_parent": "null"
              },
              "concrete_change": {
                "operator": "UPD",
                "src_type": "TypeAccess",
                "dst_type": "TypeAccess",
                "src": "org.apache.pinot.server.realtime.ControllerLeaderLocator",
                "dst": "java.lang.Integer",
                "src_parent_type": "ThisAccess",
                "dst_parent_type": "Invocation",
                "src_parent": "",
                "dst_parent": "java.lang.Integer.parseInt(instanceConfig.getPort())"
              },
              "stats": {
                "number_of_src_entities": 3,
                "number_of_dst_entities": 3,
                "src_entity_types": "[org.apache.pinot.server.realtime.ControllerLeaderLocator]",
                "dst_entity_types": "[java.lang.Integer]"
              }
            }
          ]
        }
      ]
    }
  ],
  "complete_analysis": true
}