{
  "instances": [
    {
      "revision": "1b3fb999395923561cae7165b7a491e061b096d2",
      "repairability": [
        {
          "tool-name": "Cardumen",
          "pattern-name": "Cardumen:expression_replacement_by_del_ins",
          "Unified_Diff_of-files:": "Starts Below...",
          "CHANGE_old:": "    List\u0026lt;MergedAnomalyResultDTO\u0026gt; anomalies \u003d DetectionUtils.makeAnomalies(slice, df, COL_ANOMALY, endTime,",
          "CHANGE_new:": "    List\u0026lt;MergedAnomalyResultDTO\u0026gt; anomalies \u003d DetectionUtils.makeAnomalies(slice, df, COL_ANOMALY,",
          "instance_detail": [
            {
              "pattern_action": "DEL",
              "pattern_entity": {
                "entity_type": "Expression",
                "entity_new value": "*",
                "entity_role": "*",
                "entity_parent": "null"
              },
              "concrete_change": {
                "operator": "DEL",
                "src_type": "Invocation",
                "dst_type": "null",
                "src": "e.getCause()",
                "dst": "null",
                "src_parent_type": "ConstructorCall",
                "dst_parent_type": "null",
                "src_parent": "new java.lang.IllegalArgumentException(\"Failed to initialize the detection pipeline.\", e.getCause())",
                "dst_parent": "null"
              },
              "line": 35,
              "file": "/home/khesoem/projects/lighter/exp/thirdeye/thirdeye-pinot/src/main/java/org/apache/pinot/thirdeye/detection/DetectionPipelineLoader.java",
              "stats": {
                "number_of_src_entities": 10,
                "number_of_dst_entities": -1,
                "src_entity_types": "[java.lang.Exception, java.lang.Throwable]",
                "dst_entity_types": "[]"
              }
            },
            {
              "pattern_action": "INS",
              "pattern_entity": {
                "entity_type": "Expression",
                "entity_new value": "*",
                "entity_role": "*",
                "entity_parent": "null"
              },
              "concrete_change": {
                "operator": "INS",
                "src_type": "VariableRead",
                "dst_type": "null",
                "src": "e",
                "dst": "null",
                "src_parent_type": "ConstructorCall",
                "dst_parent_type": "null",
                "src_parent": "new java.lang.IllegalArgumentException(\"Failed to initialize the detection pipeline.\", e)",
                "dst_parent": "null"
              },
              "line": 35,
              "file": "/home/khesoem/projects/lighter/exp/thirdeye/thirdeye-pinot/src/main/java/org/apache/pinot/thirdeye/detection/DetectionPipelineLoader.java",
              "stats": {
                "number_of_src_entities": 4,
                "number_of_dst_entities": -1,
                "src_entity_types": "[java.lang.Exception]",
                "dst_entity_types": "[]"
              }
            }
          ]
        }
      ]
    }
  ],
  "complete_analysis": true
}