{
  "instances": [
    {
      "revision": "48e5aaf60db3f494f66904ee32f42fcf43d6a952",
      "repairability": [
        {
          "tool-name": "Cardumen",
          "pattern-name": "Cardumen:expression_replacement_by_upd",
          "Unified_Diff_of-files:": "Starts Below...",
          "DELETE:": "",
          "CHANGE_old:": "    batchConfigMap.putAll(batchConfigOverride);",
          "CHANGE_new:": "        new BatchConfig(tableConfig.getTableName(), batchIngestionConfig.getBatchConfigMaps().get(0));",
          "instance_detail": [
            {
              "pattern_action": "UPD",
              "pattern_entity": {
                "entity_type": "Expression",
                "entity_new value": "*",
                "entity_role": "*",
                "entity_parent": "null"
              },
              "concrete_change": {
                "operator": "UPD",
                "src_type": "Invocation",
                "dst_type": "Invocation",
                "src": "java.util.Collections.emptyMap()",
                "dst": "tableConfig.getIngestionConfig()",
                "src_parent_type": "Invocation",
                "dst_parent_type": "Invocation",
                "src_parent": "org.apache.pinot.segment.local.utils.IngestionUtils.generateSegmentGeneratorConfig(tableConfig, schema, java.util.Collections.emptyMap())",
                "dst_parent": "tableConfig.getIngestionConfig().getBatchIngestionConfig()"
              },
              "line": 91,
              "file": "/home/khesoem/projects/lighter/exp/pinot-segment-local/src/main/java/org/apache/pinot/segment/local/utils/IngestionUtils.java",
              "stats": {
                "number_of_src_entities": 13,
                "number_of_dst_entities": 8,
                "src_entity_types": "[java.util.Collections]",
                "dst_entity_types": "[org.apache.pinot.spi.config.table.TableConfig]"
              }
            }
          ]
        }
      ]
    },
    {
      "revision": "48e5aaf60db3f494f66904ee32f42fcf43d6a952",
      "repairability": [
        {
          "tool-name": "Cardumen",
          "pattern-name": "Cardumen:expression_replacement_by_upd",
          "Unified_Diff_of-files:": "Starts Below...",
          "DELETE:": "",
          "CHANGE_old:": "    batchConfigMap.putAll(batchConfigOverride);",
          "CHANGE_new:": "        new BatchConfig(tableConfig.getTableName(), batchIngestionConfig.getBatchConfigMaps().get(0));",
          "instance_detail": [
            {
              "pattern_action": "UPD",
              "pattern_entity": {
                "entity_type": "Expression",
                "entity_new value": "*",
                "entity_role": "*",
                "entity_parent": "null"
              },
              "concrete_change": {
                "operator": "UPD",
                "src_type": "VariableRead",
                "dst_type": "VariableRead",
                "src": "batchConfigMapOverride",
                "dst": "batchIngestionConfigOverride",
                "src_parent_type": "Invocation",
                "dst_parent_type": "Invocation",
                "src_parent": "org.apache.pinot.segment.local.utils.IngestionUtils.generateSegmentGeneratorConfig(_tableConfig, _schema, batchConfigMapOverride)",
                "dst_parent": "org.apache.pinot.segment.local.utils.IngestionUtils.generateSegmentGeneratorConfig(_tableConfig, _schema, batchIngestionConfigOverride)"
              },
              "line": 138,
              "file": "/home/khesoem/projects/lighter/exp/pinot-controller/src/main/java/org/apache/pinot/controller/util/FileIngestionHelper.java",
              "stats": {
                "number_of_src_entities": 8,
                "number_of_dst_entities": 4,
                "src_entity_types": "[java.lang.String, java.util.Map\u003cjava.lang.String, java.lang.String\u003e]",
                "dst_entity_types": "[org.apache.pinot.spi.config.table.ingestion.BatchIngestionConfig]"
              }
            }
          ]
        }
      ]
    }
  ],
  "complete_analysis": true
}