{
  "instances": [
    {
      "revision": "3e794ca0c66ce36fa2efbb91a13edd514cc3b6a8",
      "repairability": [
        {
          "tool-name": "Cardumen",
          "pattern-name": "Cardumen:expression_replacement_by_upd",
          "Unified_Diff_of-files:": "Starts Below...",
          "INSERT:": "    FileUtils.forceMkdir(dstFile.getParentFile());",
          "instance_detail": [
            {
              "pattern_action": "UPD",
              "pattern_entity": {
                "entity_type": "Expression",
                "entity_new value": "*",
                "entity_role": "*",
                "entity_parent": "null"
              },
              "concrete_change": {
                "operator": "UPD",
                "src_type": "VariableRead",
                "dst_type": "VariableRead",
                "src": "segmentUris",
                "dst": "outputDirURI",
                "src_parent_type": "Invocation",
                "dst_parent_type": "Invocation",
                "src_parent": "segmentUris.add((((_spec.getPushJobSpec().getSegmentUriPrefix()) + (uri.getRawPath())) + (_spec.getPushJobSpec().getSegmentUriSuffix())))",
                "dst_parent": "org.apache.pinot.plugin.ingestion.batch.common.SegmentPushUtils.generateSegmentTarURI(outputDirURI, uri, _spec.getPushJobSpec().getSegmentUriPrefix(), _spec.getPushJobSpec().getSegmentUriSuffix())"
              },
              "line": 95,
              "file": "/home/khesoem/projects/lighter/exp/pinot-plugins/pinot-batch-ingestion/pinot-batch-ingestion-spark/src/main/java/org/apache/pinot/plugin/ingestion/batch/spark/SparkSegmentUriPushJobRunner.java",
              "stats": {
                "number_of_src_entities": 6,
                "number_of_dst_entities": 4,
                "src_entity_types": "[java.lang.String, java.util.List\u003cjava.lang.String\u003e]",
                "dst_entity_types": "[java.net.URI]"
              }
            }
          ]
        },
        {
          "tool-name": "Cardumen",
          "pattern-name": "Cardumen:expression_replacement_by_del_ins",
          "Unified_Diff_of-files:": "Starts Below...",
          "INSERT:": "    FileUtils.forceMkdir(dstFile.getParentFile());",
          "instance_detail": [
            {
              "pattern_action": "DEL",
              "pattern_entity": {
                "entity_type": "Expression",
                "entity_new value": "*",
                "entity_role": "*",
                "entity_parent": "null"
              },
              "concrete_change": {
                "operator": "DEL",
                "src_type": "BinaryOperator",
                "dst_type": "null",
                "src": "(((_spec.getPushJobSpec().getSegmentUriPrefix()) + (uri.getRawPath())) + (_spec.getPushJobSpec().getSegmentUriSuffix()))",
                "dst": "null",
                "src_parent_type": "Invocation",
                "dst_parent_type": "null",
                "src_parent": "segmentUris.add((((_spec.getPushJobSpec().getSegmentUriPrefix()) + (uri.getRawPath())) + (_spec.getPushJobSpec().getSegmentUriSuffix())))",
                "dst_parent": "null"
              },
              "line": 95,
              "file": "/home/khesoem/projects/lighter/exp/pinot-plugins/pinot-batch-ingestion/pinot-batch-ingestion-spark/src/main/java/org/apache/pinot/plugin/ingestion/batch/spark/SparkSegmentUriPushJobRunner.java"
            },
            {
              "pattern_action": "INS",
              "pattern_entity": {
                "entity_type": "Expression",
                "entity_new value": "*",
                "entity_role": "*",
                "entity_parent": "null"
              },
              "concrete_change": {
                "operator": "INS",
                "src_type": "TypeAccess",
                "dst_type": "null",
                "src": "org.apache.pinot.plugin.ingestion.batch.common.SegmentPushUtils",
                "dst": "null",
                "src_parent_type": "Invocation",
                "dst_parent_type": "null",
                "src_parent": "org.apache.pinot.plugin.ingestion.batch.common.SegmentPushUtils.generateSegmentTarURI(outputDirURI, uri, _spec.getPushJobSpec().getSegmentUriPrefix(), _spec.getPushJobSpec().getSegmentUriSuffix())",
                "dst_parent": "null"
              },
              "line": 95,
              "file": "/home/khesoem/projects/lighter/exp/pinot-plugins/pinot-batch-ingestion/pinot-batch-ingestion-spark/src/main/java/org/apache/pinot/plugin/ingestion/batch/spark/SparkSegmentUriPushJobRunner.java"
            }
          ]
        }
      ]
    },
    {
      "revision": "3e794ca0c66ce36fa2efbb91a13edd514cc3b6a8",
      "repairability": [
        {
          "tool-name": "Cardumen",
          "pattern-name": "Cardumen:expression_replacement_by_upd",
          "Unified_Diff_of-files:": "Starts Below...",
          "INSERT:": "    FileUtils.forceMkdir(dstFile.getParentFile());",
          "instance_detail": [
            {
              "pattern_action": "UPD",
              "pattern_entity": {
                "entity_type": "Expression",
                "entity_new value": "*",
                "entity_role": "*",
                "entity_parent": "null"
              },
              "concrete_change": {
                "operator": "UPD",
                "src_type": "VariableRead",
                "dst_type": "VariableRead",
                "src": "segmentUris",
                "dst": "outputDirURI",
                "src_parent_type": "Invocation",
                "dst_parent_type": "Invocation",
                "src_parent": "segmentUris.add((((_spec.getPushJobSpec().getSegmentUriPrefix()) + (uri.getRawPath())) + (_spec.getPushJobSpec().getSegmentUriSuffix())))",
                "dst_parent": "org.apache.pinot.plugin.ingestion.batch.common.SegmentPushUtils.generateSegmentTarURI(outputDirURI, uri, _spec.getPushJobSpec().getSegmentUriPrefix(), _spec.getPushJobSpec().getSegmentUriSuffix())"
              },
              "line": 90,
              "file": "/home/khesoem/projects/lighter/exp/pinot-plugins/pinot-batch-ingestion/pinot-batch-ingestion-standalone/src/main/java/org/apache/pinot/plugin/ingestion/batch/standalone/SegmentUriPushJobRunner.java",
              "stats": {
                "number_of_src_entities": 6,
                "number_of_dst_entities": 4,
                "src_entity_types": "[java.lang.String, java.util.List\u003cjava.lang.String\u003e]",
                "dst_entity_types": "[java.net.URI]"
              }
            }
          ]
        },
        {
          "tool-name": "Cardumen",
          "pattern-name": "Cardumen:expression_replacement_by_del_ins",
          "Unified_Diff_of-files:": "Starts Below...",
          "INSERT:": "    FileUtils.forceMkdir(dstFile.getParentFile());",
          "instance_detail": [
            {
              "pattern_action": "DEL",
              "pattern_entity": {
                "entity_type": "Expression",
                "entity_new value": "*",
                "entity_role": "*",
                "entity_parent": "null"
              },
              "concrete_change": {
                "operator": "DEL",
                "src_type": "BinaryOperator",
                "dst_type": "null",
                "src": "(((_spec.getPushJobSpec().getSegmentUriPrefix()) + (uri.getRawPath())) + (_spec.getPushJobSpec().getSegmentUriSuffix()))",
                "dst": "null",
                "src_parent_type": "Invocation",
                "dst_parent_type": "null",
                "src_parent": "segmentUris.add((((_spec.getPushJobSpec().getSegmentUriPrefix()) + (uri.getRawPath())) + (_spec.getPushJobSpec().getSegmentUriSuffix())))",
                "dst_parent": "null"
              },
              "line": 90,
              "file": "/home/khesoem/projects/lighter/exp/pinot-plugins/pinot-batch-ingestion/pinot-batch-ingestion-standalone/src/main/java/org/apache/pinot/plugin/ingestion/batch/standalone/SegmentUriPushJobRunner.java"
            },
            {
              "pattern_action": "INS",
              "pattern_entity": {
                "entity_type": "Expression",
                "entity_new value": "*",
                "entity_role": "*",
                "entity_parent": "null"
              },
              "concrete_change": {
                "operator": "INS",
                "src_type": "TypeAccess",
                "dst_type": "null",
                "src": "org.apache.pinot.plugin.ingestion.batch.common.SegmentPushUtils",
                "dst": "null",
                "src_parent_type": "Invocation",
                "dst_parent_type": "null",
                "src_parent": "org.apache.pinot.plugin.ingestion.batch.common.SegmentPushUtils.generateSegmentTarURI(outputDirURI, uri, _spec.getPushJobSpec().getSegmentUriPrefix(), _spec.getPushJobSpec().getSegmentUriSuffix())",
                "dst_parent": "null"
              },
              "line": 90,
              "file": "/home/khesoem/projects/lighter/exp/pinot-plugins/pinot-batch-ingestion/pinot-batch-ingestion-standalone/src/main/java/org/apache/pinot/plugin/ingestion/batch/standalone/SegmentUriPushJobRunner.java"
            }
          ]
        }
      ]
    },
    {
      "revision": "3e794ca0c66ce36fa2efbb91a13edd514cc3b6a8",
      "repairability": [
        {
          "tool-name": "Cardumen",
          "pattern-name": "Cardumen:expression_replacement_by_upd",
          "Unified_Diff_of-files:": "Starts Below...",
          "INSERT:": "    FileUtils.forceMkdir(dstFile.getParentFile());",
          "instance_detail": [
            {
              "pattern_action": "UPD",
              "pattern_entity": {
                "entity_type": "Expression",
                "entity_new value": "*",
                "entity_role": "*",
                "entity_parent": "null"
              },
              "concrete_change": {
                "operator": "UPD",
                "src_type": "VariableRead",
                "dst_type": "VariableRead",
                "src": "segmentUris",
                "dst": "outputDirURI",
                "src_parent_type": "Invocation",
                "dst_parent_type": "Invocation",
                "src_parent": "segmentUris.add((((_spec.getPushJobSpec().getSegmentUriPrefix()) + (uri.getRawPath())) + (_spec.getPushJobSpec().getSegmentUriSuffix())))",
                "dst_parent": "org.apache.pinot.plugin.ingestion.batch.common.SegmentPushUtils.generateSegmentTarURI(outputDirURI, uri, _spec.getPushJobSpec().getSegmentUriPrefix(), _spec.getPushJobSpec().getSegmentUriSuffix())"
              },
              "line": 90,
              "file": "/home/khesoem/projects/lighter/exp/pinot-plugins/pinot-batch-ingestion/pinot-batch-ingestion-hadoop/src/main/java/org/apache/pinot/plugin/ingestion/batch/hadoop/HadoopSegmentUriPushJobRunner.java",
              "stats": {
                "number_of_src_entities": 6,
                "number_of_dst_entities": 4,
                "src_entity_types": "[java.lang.String, java.util.List\u003cjava.lang.String\u003e]",
                "dst_entity_types": "[java.net.URI]"
              }
            }
          ]
        },
        {
          "tool-name": "Cardumen",
          "pattern-name": "Cardumen:expression_replacement_by_del_ins",
          "Unified_Diff_of-files:": "Starts Below...",
          "INSERT:": "    FileUtils.forceMkdir(dstFile.getParentFile());",
          "instance_detail": [
            {
              "pattern_action": "DEL",
              "pattern_entity": {
                "entity_type": "Expression",
                "entity_new value": "*",
                "entity_role": "*",
                "entity_parent": "null"
              },
              "concrete_change": {
                "operator": "DEL",
                "src_type": "BinaryOperator",
                "dst_type": "null",
                "src": "(((_spec.getPushJobSpec().getSegmentUriPrefix()) + (uri.getRawPath())) + (_spec.getPushJobSpec().getSegmentUriSuffix()))",
                "dst": "null",
                "src_parent_type": "Invocation",
                "dst_parent_type": "null",
                "src_parent": "segmentUris.add((((_spec.getPushJobSpec().getSegmentUriPrefix()) + (uri.getRawPath())) + (_spec.getPushJobSpec().getSegmentUriSuffix())))",
                "dst_parent": "null"
              },
              "line": 90,
              "file": "/home/khesoem/projects/lighter/exp/pinot-plugins/pinot-batch-ingestion/pinot-batch-ingestion-hadoop/src/main/java/org/apache/pinot/plugin/ingestion/batch/hadoop/HadoopSegmentUriPushJobRunner.java"
            },
            {
              "pattern_action": "INS",
              "pattern_entity": {
                "entity_type": "Expression",
                "entity_new value": "*",
                "entity_role": "*",
                "entity_parent": "null"
              },
              "concrete_change": {
                "operator": "INS",
                "src_type": "TypeAccess",
                "dst_type": "null",
                "src": "org.apache.pinot.plugin.ingestion.batch.common.SegmentPushUtils",
                "dst": "null",
                "src_parent_type": "Invocation",
                "dst_parent_type": "null",
                "src_parent": "org.apache.pinot.plugin.ingestion.batch.common.SegmentPushUtils.generateSegmentTarURI(outputDirURI, uri, _spec.getPushJobSpec().getSegmentUriPrefix(), _spec.getPushJobSpec().getSegmentUriSuffix())",
                "dst_parent": "null"
              },
              "line": 90,
              "file": "/home/khesoem/projects/lighter/exp/pinot-plugins/pinot-batch-ingestion/pinot-batch-ingestion-hadoop/src/main/java/org/apache/pinot/plugin/ingestion/batch/hadoop/HadoopSegmentUriPushJobRunner.java"
            }
          ]
        }
      ]
    }
  ],
  "complete_analysis": true
}