{
  "instances": [
    {
      "revision": "63a4fd451cb0f4f7fc1a1103f0fe667f9ecb2f50",
      "repairability": [
        {
          "tool-name": "Cardumen",
          "pattern-name": "Cardumen:expression_replacement_by_del_ins",
          "Unified_Diff_of-files:": "Starts Below...",
          "CHANGE_old:": "          _numSegmentsQueriedPerHost[i][j] \u003d String.valueOf(numActiveSegmentsPerPartition);",
          "CHANGE_new:": "          _numSegmentsQueriedPerHost[i][j] \u003d String.valueOf(numActiveSegmentsPerPartition * totalConsumingPartitionsPerHost);",
          "instance_detail": [
            {
              "pattern_action": "INS",
              "pattern_entity": {
                "entity_type": "Expression",
                "entity_new value": "*",
                "entity_role": "*",
                "entity_parent": "null"
              },
              "concrete_change": {
                "operator": "INS",
                "src_type": "BinaryOperator",
                "dst_type": "null",
                "src": "(numActiveSegmentsPerPartition * totalConsumingPartitionsPerHost)",
                "dst": "null",
                "src_parent_type": "Invocation",
                "dst_parent_type": "null",
                "src_parent": "java.lang.String.valueOf((numActiveSegmentsPerPartition * totalConsumingPartitionsPerHost))",
                "dst_parent": "null"
              },
              "line": 250,
              "file": "/home/khesoem/projects/lighter/exp/pinot-tools/src/main/java/org/apache/pinot/tools/realtime/provisioning/MemoryEstimator.java",
              "stats": {
                "number_of_src_entities": 8,
                "number_of_dst_entities": -1,
                "src_entity_types": "[int]",
                "dst_entity_types": "[]"
              }
            },
            {
              "pattern_action": "DEL",
              "pattern_entity": {
                "entity_type": "Expression",
                "entity_new value": "*",
                "entity_role": "*",
                "entity_parent": "null"
              },
              "concrete_change": {
                "operator": "DEL",
                "src_type": "VariableRead",
                "dst_type": "null",
                "src": "numActiveSegmentsPerPartition",
                "dst": "null",
                "src_parent_type": "Invocation",
                "dst_parent_type": "null",
                "src_parent": "java.lang.String.valueOf(numActiveSegmentsPerPartition)",
                "dst_parent": "null"
              },
              "line": 250,
              "file": "/home/khesoem/projects/lighter/exp/pinot-tools/src/main/java/org/apache/pinot/tools/realtime/provisioning/MemoryEstimator.java",
              "stats": {
                "number_of_src_entities": 3,
                "number_of_dst_entities": -1,
                "src_entity_types": "[int]",
                "dst_entity_types": "[]"
              }
            }
          ]
        }
      ]
    }
  ],
  "complete_analysis": true
}