{
  "instances": [
    {
      "revision": "779c29ce99fcc7457e260be9e4cbb11c2dd5ca59",
      "repairability": [
        {
          "tool-name": "Cardumen",
          "pattern-name": "Cardumen:expression_replacement_by_del_ins",
          "Unified_Diff_of-files:": "Starts Below...",
          "CHANGE_old:": "      adminPort \u003d Instance.NOT_SET_ADMIN_PORT_VALUE;",
          "CHANGE_new:": "",
          "DELETE:": "    return adminPort;",
          "INSERT:": "  }",
          "instance_detail": [
            {
              "pattern_action": "DEL",
              "pattern_entity": {
                "entity_type": "Expression",
                "entity_new value": "*",
                "entity_role": "*",
                "entity_parent": "null"
              },
              "concrete_change": {
                "operator": "DEL",
                "src_type": "ThisAccess",
                "dst_type": "null",
                "src": "this",
                "dst": "null",
                "src_parent_type": "FieldWrite",
                "dst_parent_type": "null",
                "src_parent": "this.instances",
                "dst_parent": "null"
              },
              "line": 66,
              "file": "/home/khesoem/projects/lighter/exp/pinot-controller/src/main/java/org/apache/pinot/controller/api/resources/PinotInstanceRestletResource.java"
            },
            {
              "pattern_action": "INS",
              "pattern_entity": {
                "entity_type": "Expression",
                "entity_new value": "*",
                "entity_role": "*",
                "entity_parent": "null"
              },
              "concrete_change": {
                "operator": "INS",
                "src_type": "TypeAccess",
                "dst_type": "null",
                "src": "org.apache.pinot.controller.api.resources.PinotInstanceRestletResource.Instances",
                "dst": "null",
                "src_parent_type": "ThisAccess",
                "dst_parent_type": "null",
                "src_parent": "",
                "dst_parent": "null"
              }
            }
          ]
        }
      ]
    }
  ],
  "complete_analysis": true
}