{
  "instances": [
    {
      "revision": "28882bac5afa983e35e9e520a383636c6a042018",
      "repairability": [
        {
          "tool-name": "Cardumen",
          "pattern-name": "Cardumen:expression_replacement_by_del_ins",
          "Unified_Diff_of-files:": "Starts Below...",
          "DELETE:": "  }",
          "INSERT:": "}",
          "instance_detail": [
            {
              "pattern_action": "DEL",
              "pattern_entity": {
                "entity_type": "Expression",
                "entity_new value": "*",
                "entity_role": "*",
                "entity_parent": "null"
              },
              "concrete_change": {
                "operator": "DEL",
                "src_type": "VariableRead",
                "dst_type": "null",
                "src": "config",
                "dst": "null",
                "src_parent_type": "Invocation",
                "dst_parent_type": "null",
                "src_parent": "config.getProperty(CommonConstants.Helix.Instance.INSTANCE_ID_KEY, ((((CommonConstants.Helix.PREFIX_OF_MINION_INSTANCE) + (org.apache.pinot.common.utils.NetUtil.getHostAddress())) + \"_\") + (_config.getProperty(CommonConstants.Helix.KEY_OF_MINION_PORT, CommonConstants.Minion.DEFAULT_HELIX_PORT))))",
                "dst_parent": "null"
              },
              "line": 77,
              "file": "/home/khesoem/projects/lighter/exp/pinot-minion/src/main/java/org/apache/pinot/minion/MinionStarter.java",
              "stats": {
                "number_of_src_entities": 4,
                "number_of_dst_entities": -1,
                "src_entity_types": "[org.apache.pinot.spi.env.PinotConfiguration]",
                "dst_entity_types": "[]"
              }
            },
            {
              "pattern_action": "INS",
              "pattern_entity": {
                "entity_type": "Expression",
                "entity_new value": "*",
                "entity_role": "*",
                "entity_parent": "null"
              },
              "concrete_change": {
                "operator": "INS",
                "src_type": "FieldRead",
                "dst_type": "null",
                "src": "_config",
                "dst": "null",
                "src_parent_type": "Invocation",
                "dst_parent_type": "null",
                "src_parent": "_config.getProperty(CommonConstants.Helix.Instance.INSTANCE_ID_KEY, ((((CommonConstants.Helix.PREFIX_OF_MINION_INSTANCE) + host) + \"_\") + port))",
                "dst_parent": "null"
              },
              "line": 82,
              "file": "/home/khesoem/projects/lighter/exp/pinot-minion/src/main/java/org/apache/pinot/minion/MinionStarter.java",
              "stats": {
                "number_of_src_entities": 12,
                "number_of_dst_entities": -1,
                "src_entity_types": "[org.apache.pinot.minion.MinionStarter]",
                "dst_entity_types": "[]"
              }
            }
          ]
        }
      ]
    }
  ],
  "complete_analysis": true
}