{
  "instances": [
    {
      "revision": "5d17ffd36d14d770beb26b30889471d674d2a668",
      "repairability": [
        {
          "tool-name": "Cardumen",
          "pattern-name": "Cardumen:expression_replacement_by_del_ins",
          "Unified_Diff_of-files:": "Starts Below...",
          "CHANGE_old:": "                    \u0026\u0026 c !\u003d \u0027$\u0027) {",
          "CHANGE_new:": "",
          "DELETE:": "",
          "instance_detail": [
            {
              "pattern_action": "INS",
              "pattern_entity": {
                "entity_type": "Expression",
                "entity_new value": "*",
                "entity_role": "*",
                "entity_parent": "null"
              },
              "concrete_change": {
                "operator": "INS",
                "src_type": "Literal",
                "dst_type": "null",
                "src": "\u0027/\u0027",
                "dst": "null",
                "src_parent_type": "BinaryOperator",
                "dst_parent_type": "null",
                "src_parent": "c \u003d\u003d \u0027/\u0027",
                "dst_parent": "null"
              },
              "line": 58,
              "file": "/home/khesoem/projects/lighter/exp/src/main/java/nonapi/io/github/classgraph/types/TypeUtils.java",
              "stats": {
                "number_of_src_entities": 2,
                "number_of_dst_entities": -1,
                "src_entity_types": "[char]",
                "dst_entity_types": "[]"
              }
            },
            {
              "pattern_action": "DEL",
              "pattern_entity": {
                "entity_type": "Expression",
                "entity_new value": "*",
                "entity_role": "*",
                "entity_parent": "null"
              },
              "concrete_change": {
                "operator": "DEL",
                "src_type": "VariableRead",
                "dst_type": "null",
                "src": "separator",
                "dst": "null",
                "src_parent_type": "BinaryOperator",
                "dst_parent_type": "null",
                "src_parent": "c \u003d\u003d separator",
                "dst_parent": "null"
              },
              "line": 64,
              "file": "/home/khesoem/projects/lighter/exp/src/main/java/nonapi/io/github/classgraph/types/TypeUtils.java",
              "stats": {
                "number_of_src_entities": 3,
                "number_of_dst_entities": -1,
                "src_entity_types": "[char]",
                "dst_entity_types": "[]"
              }
            }
          ]
        },
        {
          "tool-name": "Cardumen",
          "pattern-name": "Cardumen:expression_replacement_by_del_ins",
          "Unified_Diff_of-files:": "Starts Below...",
          "CHANGE_old:": "                    \u0026\u0026 c !\u003d \u0027$\u0027) {",
          "CHANGE_new:": "",
          "DELETE:": "",
          "instance_detail": [
            {
              "pattern_action": "INS",
              "pattern_entity": {
                "entity_type": "Expression",
                "entity_new value": "*",
                "entity_role": "*",
                "entity_parent": "null"
              },
              "concrete_change": {
                "operator": "INS",
                "src_type": "Literal",
                "dst_type": "null",
                "src": "\u0027.\u0027",
                "dst": "null",
                "src_parent_type": "Invocation",
                "dst_parent_type": "null",
                "src_parent": "parser.appendToToken(\u0027.\u0027)",
                "dst_parent": "null"
              },
              "line": 59,
              "file": "/home/khesoem/projects/lighter/exp/src/main/java/nonapi/io/github/classgraph/types/TypeUtils.java",
              "stats": {
                "number_of_src_entities": 2,
                "number_of_dst_entities": -1,
                "src_entity_types": "[char]",
                "dst_entity_types": "[]"
              }
            },
            {
              "pattern_action": "DEL",
              "pattern_entity": {
                "entity_type": "Expression",
                "entity_new value": "*",
                "entity_role": "*",
                "entity_parent": "null"
              },
              "concrete_change": {
                "operator": "DEL",
                "src_type": "VariableRead",
                "dst_type": "null",
                "src": "separatorReplace",
                "dst": "null",
                "src_parent_type": "Invocation",
                "dst_parent_type": "null",
                "src_parent": "parser.appendToToken(separatorReplace)",
                "dst_parent": "null"
              },
              "line": 65,
              "file": "/home/khesoem/projects/lighter/exp/src/main/java/nonapi/io/github/classgraph/types/TypeUtils.java",
              "stats": {
                "number_of_src_entities": 3,
                "number_of_dst_entities": -1,
                "src_entity_types": "[char]",
                "dst_entity_types": "[]"
              }
            }
          ]
        }
      ]
    }
  ],
  "complete_analysis": true
}