{
  "instances": [
    {
      "revision": "3ed5003e5e14af33f94d655ecc757556eaba24b9",
      "repairability": [
        {
          "tool-name": "Cardumen",
          "pattern-name": "Cardumen:expression_replacement_by_del_ins",
          "Unified_Diff_of-files:": "Starts Below...",
          "DELETE:": "",
          "instance_detail": [
            {
              "pattern_action": "INS",
              "pattern_entity": {
                "entity_type": "Expression",
                "entity_new value": "*",
                "entity_role": "*",
                "entity_parent": "null"
              },
              "concrete_change": {
                "operator": "INS",
                "src_type": "Literal",
                "dst_type": "null",
                "src": "true",
                "dst": "null",
                "src_parent_type": "ConstructorCall",
                "dst_parent_type": "null",
                "src_parent": "new io.github.classgraph.Scanner(scanSpec, true, executorService, numParallelTasks, scanResultProcessor, failureHandler, topLevelLog)",
                "dst_parent": "null"
              },
              "line": 1166,
              "file": "/home/khesoem/projects/lighter/exp/src/main/java/io/github/classgraph/ClassGraph.java",
              "stats": {
                "number_of_src_entities": 2,
                "number_of_dst_entities": -1,
                "src_entity_types": "[boolean]",
                "dst_entity_types": "[]"
              }
            },
            {
              "pattern_action": "DEL",
              "pattern_entity": {
                "entity_type": "Expression",
                "entity_new value": "*",
                "entity_role": "*",
                "entity_parent": "null"
              },
              "concrete_change": {
                "operator": "DEL",
                "src_type": "FieldRead",
                "dst_type": "null",
                "src": "scanSpec",
                "dst": "null",
                "src_parent_type": "ConstructorCall",
                "dst_parent_type": "null",
                "src_parent": "new io.github.classgraph.Scanner(scanSpec, executorService, numParallelTasks, scanResultProcessor, failureHandler, topLevelLog)",
                "dst_parent": "null"
              },
              "line": 1167,
              "file": "/home/khesoem/projects/lighter/exp/src/main/java/io/github/classgraph/ClassGraph.java",
              "stats": {
                "number_of_src_entities": 12,
                "number_of_dst_entities": -1,
                "src_entity_types": "[io.github.classgraph.ClassGraph]",
                "dst_entity_types": "[]"
              }
            }
          ]
        }
      ]
    }
  ],
  "complete_analysis": true
}