{
  "instances": [
    {
      "revision": "16f9aad55e1b70db542eb296886e5d2892559437",
      "repairability": [
        {
          "tool-name": "JGenProg",
          "pattern-name": "JGenProg:any_statement_deep",
          "Unified_Diff_of-files:": "Starts Below...",
          "INSERT:": "import java.util.function.Supplier;",
          "CHANGE_old:": "        ResultSet results \u003d this.databaseClient.singleUse()",
          "CHANGE_new:": "        ResultSet results \u003d this.databaseClientProvider.get().singleUse()",
          "instance_detail": [
            {
              "pattern_action": "ANY",
              "pattern_entity": {
                "entity_type": "*",
                "entity_new value": "*",
                "entity_role": "*",
                "entity_parent": {
                  "entity_type": "*",
                  "entity_new value": "*",
                  "entity_role": "Statement",
                  "entity_parent": "null"
                }
              },
              "concrete_change": {
                "operator": "UPD",
                "src_type": "TypeAccess",
                "dst_type": "TypeAccess",
                "src": "org.springframework.cloud.gcp.autoconfigure.spanner.GcpSpannerAutoConfiguration.CoreSpannerAutoConfiguration",
                "dst": "",
                "src_parent_type": "ThisAccess",
                "dst_parent_type": "ThisAccess",
                "src_parent": "this",
                "dst_parent": "this"
              },
              "stats": {
                "number_of_src_entities": 4,
                "number_of_dst_entities": 1,
                "src_entity_types": "[org.springframework.cloud.gcp.autoconfigure.spanner.GcpSpannerAutoConfiguration, org.springframework.cloud.gcp.autoconfigure.spanner.GcpSpannerAutoConfiguration.CoreSpannerAutoConfiguration]",
                "dst_entity_types": "[]"
              }
            }
          ]
        }
      ]
    }
  ],
  "complete_analysis": true
}