{
  "instances": [
    {
      "revision": "845a31f16167b485dd4772f8e45b081b9f0f037a",
      "repairability": [
        {
          "tool-name": "JGenProg",
          "pattern-name": "JGenProg:any_statement_deep",
          "Unified_Diff_of-files:": "Starts Below...",
          "CHANGE_old:": "",
          "CHANGE_new:": "                        .run(transactionContext -\u0026gt; transactionContext.executeUpdate(statement)));",
          "instance_detail": [
            {
              "pattern_action": "ANY",
              "pattern_entity": {
                "entity_type": "*",
                "entity_new value": "*",
                "entity_role": "*",
                "entity_parent": {
                  "entity_type": "*",
                  "entity_new value": "*",
                  "entity_role": "Statement",
                  "entity_parent": "null"
                }
              },
              "concrete_change": {
                "operator": "UPD",
                "src_type": "Lambda",
                "dst_type": "Lambda",
                "src": "() -\u003e this.mutationFactory.insert(object)",
                "dst": "() -\u003e this.mutationFactory.insert(object)",
                "src_parent_type": "Invocation",
                "dst_parent_type": "Invocation",
                "src_parent": "applySaveMutations(() -\u003e this.mutationFactory.insert(object), java.util.Collections.singletonList(object), null)",
                "dst_parent": "applySaveMutations(() -\u003e this.mutationFactory.insert(object), java.util.Collections.singletonList(object), null)"
              },
              "line": 233,
              "file": "/home/khesoem/projects/lighter/exp/spring-cloud-gcp-data-spanner/src/main/java/org/springframework/cloud/gcp/data/spanner/core/SpannerTemplate.java",
              "stats": {
                "number_of_src_entities": 33,
                "number_of_dst_entities": 33,
                "src_entity_types": "[org.springframework.cloud.gcp.data.spanner.core.SpannerMutationFactory, java.lang.Object, com.google.cloud.spanner.Mutation, java.util.function.Supplier\u003cjava.util.List\u003ccom.google.cloud.spanner.Mutation\u003e\u003e, java.util.List\u003ccom.google.cloud.spanner.Mutation\u003e, org.springframework.cloud.gcp.data.spanner.core.SpannerTemplate]",
                "dst_entity_types": "[org.springframework.cloud.gcp.data.spanner.core.SpannerMutationFactory, java.lang.Object, com.google.cloud.spanner.Mutation, java.util.function.Supplier\u003cjava.util.List\u003ccom.google.cloud.spanner.Mutation\u003e\u003e, java.util.List\u003ccom.google.cloud.spanner.Mutation\u003e, org.springframework.cloud.gcp.data.spanner.core.SpannerTemplate]"
              }
            }
          ]
        },
        {
          "tool-name": "JGenProg",
          "pattern-name": "JGenProg:any_statement_deep",
          "Unified_Diff_of-files:": "Starts Below...",
          "CHANGE_old:": "",
          "CHANGE_new:": "                        .run(transactionContext -\u0026gt; transactionContext.executeUpdate(statement)));",
          "instance_detail": [
            {
              "pattern_action": "ANY",
              "pattern_entity": {
                "entity_type": "*",
                "entity_new value": "*",
                "entity_role": "*",
                "entity_parent": {
                  "entity_type": "*",
                  "entity_new value": "*",
                  "entity_role": "Statement",
                  "entity_parent": "null"
                }
              },
              "concrete_change": {
                "operator": "UPD",
                "src_type": "Lambda",
                "dst_type": "Lambda",
                "src": "() -\u003e getMutationsForMultipleObjects(objects, this.mutationFactory::insert)",
                "dst": "() -\u003e getMutationsForMultipleObjects(objects, this.mutationFactory::insert)",
                "src_parent_type": "Invocation",
                "dst_parent_type": "Invocation",
                "src_parent": "applySaveMutations(() -\u003e getMutationsForMultipleObjects(objects, this.mutationFactory::insert), objects, null)",
                "dst_parent": "applySaveMutations(() -\u003e getMutationsForMultipleObjects(objects, this.mutationFactory::insert), objects, null)"
              },
              "line": 239,
              "file": "/home/khesoem/projects/lighter/exp/spring-cloud-gcp-data-spanner/src/main/java/org/springframework/cloud/gcp/data/spanner/core/SpannerTemplate.java",
              "stats": {
                "number_of_src_entities": 53,
                "number_of_dst_entities": 53,
                "src_entity_types": "[org.springframework.cloud.gcp.data.spanner.core.SpannerMutationFactory, java.lang.Iterable, com.google.cloud.spanner.Mutation, java.util.function.Supplier\u003cjava.util.List\u003ccom.google.cloud.spanner.Mutation\u003e\u003e, java.util.List\u003ccom.google.cloud.spanner.Mutation\u003e, org.springframework.cloud.gcp.data.spanner.core.SpannerTemplate]",
                "dst_entity_types": "[org.springframework.cloud.gcp.data.spanner.core.SpannerMutationFactory, java.lang.Iterable, com.google.cloud.spanner.Mutation, java.util.function.Supplier\u003cjava.util.List\u003ccom.google.cloud.spanner.Mutation\u003e\u003e, java.util.List\u003ccom.google.cloud.spanner.Mutation\u003e, org.springframework.cloud.gcp.data.spanner.core.SpannerTemplate]"
              }
            }
          ]
        },
        {
          "tool-name": "JGenProg",
          "pattern-name": "JGenProg:any_statement_deep",
          "Unified_Diff_of-files:": "Starts Below...",
          "CHANGE_old:": "",
          "CHANGE_new:": "                        .run(transactionContext -\u0026gt; transactionContext.executeUpdate(statement)));",
          "instance_detail": [
            {
              "pattern_action": "ANY",
              "pattern_entity": {
                "entity_type": "*",
                "entity_new value": "*",
                "entity_role": "*",
                "entity_parent": {
                  "entity_type": "*",
                  "entity_new value": "*",
                  "entity_role": "Statement",
                  "entity_parent": "null"
                }
              },
              "concrete_change": {
                "operator": "UPD",
                "src_type": "Lambda",
                "dst_type": "Lambda",
                "src": "() -\u003e this.mutationFactory.update(object, null)",
                "dst": "() -\u003e this.mutationFactory.update(object, null)",
                "src_parent_type": "Invocation",
                "dst_parent_type": "Invocation",
                "src_parent": "applySaveMutations(() -\u003e this.mutationFactory.update(object, null), java.util.Collections.singletonList(object), null)",
                "dst_parent": "applySaveMutations(() -\u003e this.mutationFactory.update(object, null), java.util.Collections.singletonList(object), null)"
              },
              "line": 244,
              "file": "/home/khesoem/projects/lighter/exp/spring-cloud-gcp-data-spanner/src/main/java/org/springframework/cloud/gcp/data/spanner/core/SpannerTemplate.java",
              "stats": {
                "number_of_src_entities": 36,
                "number_of_dst_entities": 36,
                "src_entity_types": "[org.springframework.cloud.gcp.data.spanner.core.SpannerMutationFactory, java.lang.Object, com.google.cloud.spanner.Mutation, java.util.function.Supplier\u003cjava.util.List\u003ccom.google.cloud.spanner.Mutation\u003e\u003e, java.util.List\u003ccom.google.cloud.spanner.Mutation\u003e, \u003cnulltype\u003e, org.springframework.cloud.gcp.data.spanner.core.SpannerTemplate]",
                "dst_entity_types": "[org.springframework.cloud.gcp.data.spanner.core.SpannerMutationFactory, java.lang.Object, com.google.cloud.spanner.Mutation, java.util.function.Supplier\u003cjava.util.List\u003ccom.google.cloud.spanner.Mutation\u003e\u003e, java.util.List\u003ccom.google.cloud.spanner.Mutation\u003e, \u003cnulltype\u003e, org.springframework.cloud.gcp.data.spanner.core.SpannerTemplate]"
              }
            }
          ]
        },
        {
          "tool-name": "JGenProg",
          "pattern-name": "JGenProg:any_statement_deep",
          "Unified_Diff_of-files:": "Starts Below...",
          "CHANGE_old:": "",
          "CHANGE_new:": "                        .run(transactionContext -\u0026gt; transactionContext.executeUpdate(statement)));",
          "instance_detail": [
            {
              "pattern_action": "ANY",
              "pattern_entity": {
                "entity_type": "*",
                "entity_new value": "*",
                "entity_role": "*",
                "entity_parent": {
                  "entity_type": "*",
                  "entity_new value": "*",
                  "entity_role": "Statement",
                  "entity_parent": "null"
                }
              },
              "concrete_change": {
                "operator": "UPD",
                "src_type": "Lambda",
                "dst_type": "Lambda",
                "src": "() -\u003e getMutationsForMultipleObjects(objects, ( x) -\u003e this.mutationFactory.update(x, null))",
                "dst": "() -\u003e getMutationsForMultipleObjects(objects, ( x) -\u003e this.mutationFactory.update(x, null))",
                "src_parent_type": "Invocation",
                "dst_parent_type": "Invocation",
                "src_parent": "applySaveMutations(() -\u003e getMutationsForMultipleObjects(objects, ( x) -\u003e this.mutationFactory.update(x, null)), objects, null)",
                "dst_parent": "applySaveMutations(() -\u003e getMutationsForMultipleObjects(objects, ( x) -\u003e this.mutationFactory.update(x, null)), objects, null)"
              },
              "line": 249,
              "file": "/home/khesoem/projects/lighter/exp/spring-cloud-gcp-data-spanner/src/main/java/org/springframework/cloud/gcp/data/spanner/core/SpannerTemplate.java",
              "stats": {
                "number_of_src_entities": 76,
                "number_of_dst_entities": 76,
                "src_entity_types": "[java.util.function.Function\u003cjava.lang.Object, java.util.Collection\u003ccom.google.cloud.spanner.Mutation\u003e\u003e, org.springframework.cloud.gcp.data.spanner.core.SpannerMutationFactory, java.lang.Iterable, java.lang.Object, com.google.cloud.spanner.Mutation, java.util.Collection\u003ccom.google.cloud.spanner.Mutation\u003e, java.util.function.Supplier\u003cjava.util.List\u003ccom.google.cloud.spanner.Mutation\u003e\u003e, java.util.List\u003ccom.google.cloud.spanner.Mutation\u003e, \u003cnulltype\u003e, org.springframework.cloud.gcp.data.spanner.core.SpannerTemplate]",
                "dst_entity_types": "[java.util.function.Function\u003cjava.lang.Object, java.util.Collection\u003ccom.google.cloud.spanner.Mutation\u003e\u003e, org.springframework.cloud.gcp.data.spanner.core.SpannerMutationFactory, java.lang.Iterable, java.lang.Object, com.google.cloud.spanner.Mutation, java.util.Collection\u003ccom.google.cloud.spanner.Mutation\u003e, java.util.function.Supplier\u003cjava.util.List\u003ccom.google.cloud.spanner.Mutation\u003e\u003e, java.util.List\u003ccom.google.cloud.spanner.Mutation\u003e, \u003cnulltype\u003e, org.springframework.cloud.gcp.data.spanner.core.SpannerTemplate]"
              }
            }
          ]
        },
        {
          "tool-name": "JGenProg",
          "pattern-name": "JGenProg:any_statement_deep",
          "Unified_Diff_of-files:": "Starts Below...",
          "CHANGE_old:": "",
          "CHANGE_new:": "                        .run(transactionContext -\u0026gt; transactionContext.executeUpdate(statement)));",
          "instance_detail": [
            {
              "pattern_action": "ANY",
              "pattern_entity": {
                "entity_type": "*",
                "entity_new value": "*",
                "entity_role": "*",
                "entity_parent": {
                  "entity_type": "*",
                  "entity_new value": "*",
                  "entity_role": "Statement",
                  "entity_parent": "null"
                }
              },
              "concrete_change": {
                "operator": "UPD",
                "src_type": "Lambda",
                "dst_type": "Lambda",
                "src": "() -\u003e this.mutationFactory.update(object, incl)",
                "dst": "() -\u003e this.mutationFactory.update(object, incl)",
                "src_parent_type": "Invocation",
                "dst_parent_type": "Invocation",
                "src_parent": "applySaveMutations(() -\u003e this.mutationFactory.update(object, incl), java.util.Collections.singletonList(object), incl)",
                "dst_parent": "applySaveMutations(() -\u003e this.mutationFactory.update(object, incl), java.util.Collections.singletonList(object), incl)"
              },
              "line": 257,
              "file": "/home/khesoem/projects/lighter/exp/spring-cloud-gcp-data-spanner/src/main/java/org/springframework/cloud/gcp/data/spanner/core/SpannerTemplate.java",
              "stats": {
                "number_of_src_entities": 43,
                "number_of_dst_entities": 43,
                "src_entity_types": "[org.springframework.cloud.gcp.data.spanner.core.SpannerMutationFactory, java.util.Set\u003cjava.lang.String\u003e, java.lang.Object, com.google.cloud.spanner.Mutation, java.lang.String, java.util.function.Supplier\u003cjava.util.List\u003ccom.google.cloud.spanner.Mutation\u003e\u003e, java.util.List\u003ccom.google.cloud.spanner.Mutation\u003e, org.springframework.cloud.gcp.data.spanner.core.SpannerTemplate]",
                "dst_entity_types": "[org.springframework.cloud.gcp.data.spanner.core.SpannerMutationFactory, java.util.Set\u003cjava.lang.String\u003e, java.lang.Object, com.google.cloud.spanner.Mutation, java.lang.String, java.util.function.Supplier\u003cjava.util.List\u003ccom.google.cloud.spanner.Mutation\u003e\u003e, java.util.List\u003ccom.google.cloud.spanner.Mutation\u003e, org.springframework.cloud.gcp.data.spanner.core.SpannerTemplate]"
              }
            }
          ]
        },
        {
          "tool-name": "JGenProg",
          "pattern-name": "JGenProg:any_statement_deep",
          "Unified_Diff_of-files:": "Starts Below...",
          "CHANGE_old:": "",
          "CHANGE_new:": "                        .run(transactionContext -\u0026gt; transactionContext.executeUpdate(statement)));",
          "instance_detail": [
            {
              "pattern_action": "ANY",
              "pattern_entity": {
                "entity_type": "*",
                "entity_new value": "*",
                "entity_role": "*",
                "entity_parent": {
                  "entity_type": "*",
                  "entity_new value": "*",
                  "entity_role": "Statement",
                  "entity_parent": "null"
                }
              },
              "concrete_change": {
                "operator": "UPD",
                "src_type": "Lambda",
                "dst_type": "Lambda",
                "src": "() -\u003e this.mutationFactory.update(object, includeProperties)",
                "dst": "() -\u003e this.mutationFactory.update(object, includeProperties)",
                "src_parent_type": "Invocation",
                "dst_parent_type": "Invocation",
                "src_parent": "applySaveMutations(() -\u003e this.mutationFactory.update(object, includeProperties), java.util.Collections.singletonList(object), includeProperties)",
                "dst_parent": "applySaveMutations(() -\u003e this.mutationFactory.update(object, includeProperties), java.util.Collections.singletonList(object), includeProperties)"
              },
              "line": 262,
              "file": "/home/khesoem/projects/lighter/exp/spring-cloud-gcp-data-spanner/src/main/java/org/springframework/cloud/gcp/data/spanner/core/SpannerTemplate.java",
              "stats": {
                "number_of_src_entities": 43,
                "number_of_dst_entities": 43,
                "src_entity_types": "[org.springframework.cloud.gcp.data.spanner.core.SpannerMutationFactory, java.util.Set\u003cjava.lang.String\u003e, java.lang.Object, com.google.cloud.spanner.Mutation, java.lang.String, java.util.function.Supplier\u003cjava.util.List\u003ccom.google.cloud.spanner.Mutation\u003e\u003e, java.util.List\u003ccom.google.cloud.spanner.Mutation\u003e, org.springframework.cloud.gcp.data.spanner.core.SpannerTemplate]",
                "dst_entity_types": "[org.springframework.cloud.gcp.data.spanner.core.SpannerMutationFactory, java.util.Set\u003cjava.lang.String\u003e, java.lang.Object, com.google.cloud.spanner.Mutation, java.lang.String, java.util.function.Supplier\u003cjava.util.List\u003ccom.google.cloud.spanner.Mutation\u003e\u003e, java.util.List\u003ccom.google.cloud.spanner.Mutation\u003e, org.springframework.cloud.gcp.data.spanner.core.SpannerTemplate]"
              }
            }
          ]
        },
        {
          "tool-name": "JGenProg",
          "pattern-name": "JGenProg:any_statement_deep",
          "Unified_Diff_of-files:": "Starts Below...",
          "CHANGE_old:": "",
          "CHANGE_new:": "                        .run(transactionContext -\u0026gt; transactionContext.executeUpdate(statement)));",
          "instance_detail": [
            {
              "pattern_action": "ANY",
              "pattern_entity": {
                "entity_type": "*",
                "entity_new value": "*",
                "entity_role": "*",
                "entity_parent": {
                  "entity_type": "*",
                  "entity_new value": "*",
                  "entity_role": "Statement",
                  "entity_parent": "null"
                }
              },
              "concrete_change": {
                "operator": "UPD",
                "src_type": "Lambda",
                "dst_type": "Lambda",
                "src": "() -\u003e this.mutationFactory.upsert(object, null)",
                "dst": "() -\u003e this.mutationFactory.upsert(object, null)",
                "src_parent_type": "Invocation",
                "dst_parent_type": "Invocation",
                "src_parent": "applySaveMutations(() -\u003e this.mutationFactory.upsert(object, null), java.util.Collections.singletonList(object), null)",
                "dst_parent": "applySaveMutations(() -\u003e this.mutationFactory.upsert(object, null), java.util.Collections.singletonList(object), null)"
              },
              "line": 269,
              "file": "/home/khesoem/projects/lighter/exp/spring-cloud-gcp-data-spanner/src/main/java/org/springframework/cloud/gcp/data/spanner/core/SpannerTemplate.java",
              "stats": {
                "number_of_src_entities": 36,
                "number_of_dst_entities": 36,
                "src_entity_types": "[org.springframework.cloud.gcp.data.spanner.core.SpannerMutationFactory, java.lang.Object, com.google.cloud.spanner.Mutation, java.util.function.Supplier\u003cjava.util.List\u003ccom.google.cloud.spanner.Mutation\u003e\u003e, java.util.List\u003ccom.google.cloud.spanner.Mutation\u003e, \u003cnulltype\u003e, org.springframework.cloud.gcp.data.spanner.core.SpannerTemplate]",
                "dst_entity_types": "[org.springframework.cloud.gcp.data.spanner.core.SpannerMutationFactory, java.lang.Object, com.google.cloud.spanner.Mutation, java.util.function.Supplier\u003cjava.util.List\u003ccom.google.cloud.spanner.Mutation\u003e\u003e, java.util.List\u003ccom.google.cloud.spanner.Mutation\u003e, \u003cnulltype\u003e, org.springframework.cloud.gcp.data.spanner.core.SpannerTemplate]"
              }
            }
          ]
        },
        {
          "tool-name": "JGenProg",
          "pattern-name": "JGenProg:any_statement_deep",
          "Unified_Diff_of-files:": "Starts Below...",
          "CHANGE_old:": "",
          "CHANGE_new:": "                        .run(transactionContext -\u0026gt; transactionContext.executeUpdate(statement)));",
          "instance_detail": [
            {
              "pattern_action": "ANY",
              "pattern_entity": {
                "entity_type": "*",
                "entity_new value": "*",
                "entity_role": "*",
                "entity_parent": {
                  "entity_type": "*",
                  "entity_new value": "*",
                  "entity_role": "Statement",
                  "entity_parent": "null"
                }
              },
              "concrete_change": {
                "operator": "UPD",
                "src_type": "Lambda",
                "dst_type": "Lambda",
                "src": "() -\u003e getMutationsForMultipleObjects(objects, ( x) -\u003e this.mutationFactory.upsert(x, null))",
                "dst": "() -\u003e getMutationsForMultipleObjects(objects, ( x) -\u003e this.mutationFactory.upsert(x, null))",
                "src_parent_type": "Invocation",
                "dst_parent_type": "Invocation",
                "src_parent": "applySaveMutations(() -\u003e getMutationsForMultipleObjects(objects, ( x) -\u003e this.mutationFactory.upsert(x, null)), objects, null)",
                "dst_parent": "applySaveMutations(() -\u003e getMutationsForMultipleObjects(objects, ( x) -\u003e this.mutationFactory.upsert(x, null)), objects, null)"
              },
              "line": 274,
              "file": "/home/khesoem/projects/lighter/exp/spring-cloud-gcp-data-spanner/src/main/java/org/springframework/cloud/gcp/data/spanner/core/SpannerTemplate.java",
              "stats": {
                "number_of_src_entities": 76,
                "number_of_dst_entities": 76,
                "src_entity_types": "[java.util.function.Function\u003cjava.lang.Object, java.util.Collection\u003ccom.google.cloud.spanner.Mutation\u003e\u003e, org.springframework.cloud.gcp.data.spanner.core.SpannerMutationFactory, java.lang.Iterable, java.lang.Object, com.google.cloud.spanner.Mutation, java.util.Collection\u003ccom.google.cloud.spanner.Mutation\u003e, java.util.function.Supplier\u003cjava.util.List\u003ccom.google.cloud.spanner.Mutation\u003e\u003e, java.util.List\u003ccom.google.cloud.spanner.Mutation\u003e, \u003cnulltype\u003e, org.springframework.cloud.gcp.data.spanner.core.SpannerTemplate]",
                "dst_entity_types": "[java.util.function.Function\u003cjava.lang.Object, java.util.Collection\u003ccom.google.cloud.spanner.Mutation\u003e\u003e, org.springframework.cloud.gcp.data.spanner.core.SpannerMutationFactory, java.lang.Iterable, java.lang.Object, com.google.cloud.spanner.Mutation, java.util.Collection\u003ccom.google.cloud.spanner.Mutation\u003e, java.util.function.Supplier\u003cjava.util.List\u003ccom.google.cloud.spanner.Mutation\u003e\u003e, java.util.List\u003ccom.google.cloud.spanner.Mutation\u003e, \u003cnulltype\u003e, org.springframework.cloud.gcp.data.spanner.core.SpannerTemplate]"
              }
            }
          ]
        },
        {
          "tool-name": "JGenProg",
          "pattern-name": "JGenProg:any_statement_deep",
          "Unified_Diff_of-files:": "Starts Below...",
          "CHANGE_old:": "",
          "CHANGE_new:": "                        .run(transactionContext -\u0026gt; transactionContext.executeUpdate(statement)));",
          "instance_detail": [
            {
              "pattern_action": "ANY",
              "pattern_entity": {
                "entity_type": "*",
                "entity_new value": "*",
                "entity_role": "*",
                "entity_parent": {
                  "entity_type": "*",
                  "entity_new value": "*",
                  "entity_role": "Statement",
                  "entity_parent": "null"
                }
              },
              "concrete_change": {
                "operator": "UPD",
                "src_type": "Lambda",
                "dst_type": "Lambda",
                "src": "() -\u003e this.mutationFactory.upsert(object, incl)",
                "dst": "() -\u003e this.mutationFactory.upsert(object, incl)",
                "src_parent_type": "Invocation",
                "dst_parent_type": "Invocation",
                "src_parent": "applySaveMutations(() -\u003e this.mutationFactory.upsert(object, incl), java.util.Collections.singletonList(object), incl)",
                "dst_parent": "applySaveMutations(() -\u003e this.mutationFactory.upsert(object, incl), java.util.Collections.singletonList(object), incl)"
              },
              "line": 281,
              "file": "/home/khesoem/projects/lighter/exp/spring-cloud-gcp-data-spanner/src/main/java/org/springframework/cloud/gcp/data/spanner/core/SpannerTemplate.java",
              "stats": {
                "number_of_src_entities": 43,
                "number_of_dst_entities": 43,
                "src_entity_types": "[org.springframework.cloud.gcp.data.spanner.core.SpannerMutationFactory, java.util.Set\u003cjava.lang.String\u003e, java.lang.Object, com.google.cloud.spanner.Mutation, java.lang.String, java.util.function.Supplier\u003cjava.util.List\u003ccom.google.cloud.spanner.Mutation\u003e\u003e, java.util.List\u003ccom.google.cloud.spanner.Mutation\u003e, org.springframework.cloud.gcp.data.spanner.core.SpannerTemplate]",
                "dst_entity_types": "[org.springframework.cloud.gcp.data.spanner.core.SpannerMutationFactory, java.util.Set\u003cjava.lang.String\u003e, java.lang.Object, com.google.cloud.spanner.Mutation, java.lang.String, java.util.function.Supplier\u003cjava.util.List\u003ccom.google.cloud.spanner.Mutation\u003e\u003e, java.util.List\u003ccom.google.cloud.spanner.Mutation\u003e, org.springframework.cloud.gcp.data.spanner.core.SpannerTemplate]"
              }
            }
          ]
        },
        {
          "tool-name": "JGenProg",
          "pattern-name": "JGenProg:any_statement_deep",
          "Unified_Diff_of-files:": "Starts Below...",
          "CHANGE_old:": "",
          "CHANGE_new:": "                        .run(transactionContext -\u0026gt; transactionContext.executeUpdate(statement)));",
          "instance_detail": [
            {
              "pattern_action": "ANY",
              "pattern_entity": {
                "entity_type": "*",
                "entity_new value": "*",
                "entity_role": "*",
                "entity_parent": {
                  "entity_type": "*",
                  "entity_new value": "*",
                  "entity_role": "Statement",
                  "entity_parent": "null"
                }
              },
              "concrete_change": {
                "operator": "UPD",
                "src_type": "Lambda",
                "dst_type": "Lambda",
                "src": "() -\u003e this.mutationFactory.upsert(object, includeProperties)",
                "dst": "() -\u003e this.mutationFactory.upsert(object, includeProperties)",
                "src_parent_type": "Invocation",
                "dst_parent_type": "Invocation",
                "src_parent": "applySaveMutations(() -\u003e this.mutationFactory.upsert(object, includeProperties), java.util.Collections.singletonList(object), includeProperties)",
                "dst_parent": "applySaveMutations(() -\u003e this.mutationFactory.upsert(object, includeProperties), java.util.Collections.singletonList(object), includeProperties)"
              },
              "line": 286,
              "file": "/home/khesoem/projects/lighter/exp/spring-cloud-gcp-data-spanner/src/main/java/org/springframework/cloud/gcp/data/spanner/core/SpannerTemplate.java",
              "stats": {
                "number_of_src_entities": 43,
                "number_of_dst_entities": 43,
                "src_entity_types": "[org.springframework.cloud.gcp.data.spanner.core.SpannerMutationFactory, java.util.Set\u003cjava.lang.String\u003e, java.lang.Object, com.google.cloud.spanner.Mutation, java.lang.String, java.util.function.Supplier\u003cjava.util.List\u003ccom.google.cloud.spanner.Mutation\u003e\u003e, java.util.List\u003ccom.google.cloud.spanner.Mutation\u003e, org.springframework.cloud.gcp.data.spanner.core.SpannerTemplate]",
                "dst_entity_types": "[org.springframework.cloud.gcp.data.spanner.core.SpannerMutationFactory, java.util.Set\u003cjava.lang.String\u003e, java.lang.Object, com.google.cloud.spanner.Mutation, java.lang.String, java.util.function.Supplier\u003cjava.util.List\u003ccom.google.cloud.spanner.Mutation\u003e\u003e, java.util.List\u003ccom.google.cloud.spanner.Mutation\u003e, org.springframework.cloud.gcp.data.spanner.core.SpannerTemplate]"
              }
            }
          ]
        },
        {
          "tool-name": "JGenProg",
          "pattern-name": "JGenProg:any_statement_deep",
          "Unified_Diff_of-files:": "Starts Below...",
          "CHANGE_old:": "",
          "CHANGE_new:": "                        .run(transactionContext -\u0026gt; transactionContext.executeUpdate(statement)));",
          "instance_detail": [
            {
              "pattern_action": "ANY",
              "pattern_entity": {
                "entity_type": "*",
                "entity_new value": "*",
                "entity_role": "*",
                "entity_parent": {
                  "entity_type": "*",
                  "entity_new value": "*",
                  "entity_role": "Statement",
                  "entity_parent": "null"
                }
              },
              "concrete_change": {
                "operator": "UPD",
                "src_type": "Lambda",
                "dst_type": "Lambda",
                "src": "( col) -\u003e sj.add(col)",
                "dst": "( col) -\u003e sj.add(col)",
                "src_parent_type": "Invocation",
                "dst_parent_type": "Invocation",
                "src_parent": "columns.forEach(( col) -\u003e sj.add(col))",
                "dst_parent": "columns.forEach(( col) -\u003e sj.add(col))"
              },
              "line": 492,
              "file": "/home/khesoem/projects/lighter/exp/spring-cloud-gcp-data-spanner/src/main/java/org/springframework/cloud/gcp/data/spanner/core/SpannerTemplate.java",
              "stats": {
                "number_of_src_entities": 25,
                "number_of_dst_entities": 25,
                "src_entity_types": "[java.util.function.Consumer\u003c? super java.lang.String\u003e, java.lang.String, java.util.StringJoiner]",
                "dst_entity_types": "[java.util.function.Consumer\u003c? super java.lang.String\u003e, java.lang.String, java.util.StringJoiner]"
              }
            }
          ]
        },
        {
          "tool-name": "JGenProg",
          "pattern-name": "JGenProg:any_statement_deep",
          "Unified_Diff_of-files:": "Starts Below...",
          "CHANGE_old:": "",
          "CHANGE_new:": "                        .run(transactionContext -\u0026gt; transactionContext.executeUpdate(statement)));",
          "instance_detail": [
            {
              "pattern_action": "ANY",
              "pattern_entity": {
                "entity_type": "*",
                "entity_new value": "*",
                "entity_role": "*",
                "entity_parent": {
                  "entity_type": "*",
                  "entity_new value": "*",
                  "entity_role": "Statement",
                  "entity_parent": "null"
                }
              },
              "concrete_change": {
                "operator": "UPD",
                "src_type": "Lambda",
                "dst_type": "Lambda",
                "src": "( x) -\u003e {\n    x.buffer(mutations);\n    return null;\n}",
                "dst": "( x) -\u003e {\n    x.buffer(mutations);\n    return null;\n}",
                "src_parent_type": "Invocation",
                "dst_parent_type": "Invocation",
                "src_parent": "doWithOrWithoutTransactionContext(( x) -\u003e {\n    x.buffer(mutations);\n    return null;\n}, () -\u003e {\n    this.databaseClientProvider.get().write(mutations);\n    return null;\n})",
                "dst_parent": "doWithOrWithoutTransactionContext(( x) -\u003e {\n    x.buffer(mutations);\n    return null;\n}, () -\u003e {\n    this.databaseClientProvider.get().write(mutations);\n    return null;\n})"
              },
              "line": 499,
              "file": "/home/khesoem/projects/lighter/exp/spring-cloud-gcp-data-spanner/src/main/java/org/springframework/cloud/gcp/data/spanner/core/SpannerTemplate.java",
              "stats": {
                "number_of_src_entities": 32,
                "number_of_dst_entities": 32,
                "src_entity_types": "[java.util.function.Function\u003ccom.google.cloud.spanner.TransactionContext, java.lang.Object\u003e, com.google.cloud.spanner.TransactionContext, java.lang.Object, java.util.Collection\u003ccom.google.cloud.spanner.Mutation\u003e, com.google.cloud.spanner.Mutation, \u003cnulltype\u003e]",
                "dst_entity_types": "[java.util.function.Function\u003ccom.google.cloud.spanner.TransactionContext, java.lang.Object\u003e, com.google.cloud.spanner.TransactionContext, java.lang.Object, java.util.Collection\u003ccom.google.cloud.spanner.Mutation\u003e, com.google.cloud.spanner.Mutation, \u003cnulltype\u003e]"
              }
            }
          ]
        },
        {
          "tool-name": "JGenProg",
          "pattern-name": "JGenProg:any_statement_deep",
          "Unified_Diff_of-files:": "Starts Below...",
          "CHANGE_old:": "",
          "CHANGE_new:": "                        .run(transactionContext -\u0026gt; transactionContext.executeUpdate(statement)));",
          "instance_detail": [
            {
              "pattern_action": "ANY",
              "pattern_entity": {
                "entity_type": "*",
                "entity_new value": "*",
                "entity_role": "*",
                "entity_parent": {
                  "entity_type": "*",
                  "entity_new value": "*",
                  "entity_role": "Statement",
                  "entity_parent": "null"
                }
              },
              "concrete_change": {
                "operator": "UPD",
                "src_type": "Lambda",
                "dst_type": "Lambda",
                "src": "( x) -\u003e {\n    throw new java.lang.IllegalStateException((\"There is already declarative transaction open. \" + \"Spanner does not support nested transactions\"));\n}",
                "dst": "( x) -\u003e {\n    throw new java.lang.IllegalStateException((\"There is already declarative transaction open. \" + \"Spanner does not support nested transactions\"));\n}",
                "src_parent_type": "Invocation",
                "dst_parent_type": "Invocation",
                "src_parent": "doWithOrWithoutTransactionContext(( x) -\u003e {\n    throw new java.lang.IllegalStateException((\"There is already declarative transaction open. \" + \"Spanner does not support nested transactions\"));\n}, () -\u003e this.databaseClientProvider.get().readWriteTransaction().run(new com.google.cloud.spanner.TransactionRunner.TransactionCallable\u003cT\u003e() {\n    @javax.annotation.Nullable\n    @java.lang.Override\n    public T run(com.google.cloud.spanner.TransactionContext transaction) {\n        org.springframework.cloud.gcp.data.spanner.core.ReadWriteTransactionSpannerTemplate transactionSpannerTemplate \u003d new org.springframework.cloud.gcp.data.spanner.core.ReadWriteTransactionSpannerTemplate(org.springframework.cloud.gcp.data.spanner.core.SpannerTemplate.this.databaseClientProvider, org.springframework.cloud.gcp.data.spanner.core.SpannerTemplate.this.mappingContext, org.springframework.cloud.gcp.data.spanner.core.SpannerTemplate.this.spannerEntityProcessor, org.springframework.cloud.gcp.data.spanner.core.SpannerTemplate.this.mutationFactory, org.springframework.cloud.gcp.data.spanner.core.SpannerTemplate.this.spannerSchemaUtils, transaction);\n        return operations.apply(transactionSpannerTemplate);\n    }\n}))",
                "dst_parent": "doWithOrWithoutTransactionContext(( x) -\u003e {\n    throw new java.lang.IllegalStateException((\"There is already declarative transaction open. \" + \"Spanner does not support nested transactions\"));\n}, () -\u003e this.databaseClientProvider.get().readWriteTransaction().run(new com.google.cloud.spanner.TransactionRunner.TransactionCallable\u003cT\u003e() {\n    @javax.annotation.Nullable\n    @java.lang.Override\n    public T run(com.google.cloud.spanner.TransactionContext transaction) {\n        org.springframework.cloud.gcp.data.spanner.core.ReadWriteTransactionSpannerTemplate transactionSpannerTemplate \u003d new org.springframework.cloud.gcp.data.spanner.core.ReadWriteTransactionSpannerTemplate(org.springframework.cloud.gcp.data.spanner.core.SpannerTemplate.this.databaseClientProvider, org.springframework.cloud.gcp.data.spanner.core.SpannerTemplate.this.mappingContext, org.springframework.cloud.gcp.data.spanner.core.SpannerTemplate.this.spannerEntityProcessor, org.springframework.cloud.gcp.data.spanner.core.SpannerTemplate.this.mutationFactory, org.springframework.cloud.gcp.data.spanner.core.SpannerTemplate.this.spannerSchemaUtils, transaction);\n        return operations.apply(transactionSpannerTemplate);\n    }\n}))"
              },
              "line": 349,
              "file": "/home/khesoem/projects/lighter/exp/spring-cloud-gcp-data-spanner/src/main/java/org/springframework/cloud/gcp/data/spanner/core/SpannerTemplate.java",
              "stats": {
                "number_of_src_entities": 28,
                "number_of_dst_entities": 28,
                "src_entity_types": "[java.util.function.Function\u003ccom.google.cloud.spanner.TransactionContext, A\u003e, java.lang.IllegalStateException, com.google.cloud.spanner.TransactionContext, java.lang.String]",
                "dst_entity_types": "[java.util.function.Function\u003ccom.google.cloud.spanner.TransactionContext, A\u003e, java.lang.IllegalStateException, com.google.cloud.spanner.TransactionContext, java.lang.String]"
              }
            }
          ]
        },
        {
          "tool-name": "JGenProg",
          "pattern-name": "JGenProg:any_statement_deep",
          "Unified_Diff_of-files:": "Starts Below...",
          "CHANGE_old:": "",
          "CHANGE_new:": "                        .run(transactionContext -\u0026gt; transactionContext.executeUpdate(statement)));",
          "instance_detail": [
            {
              "pattern_action": "ANY",
              "pattern_entity": {
                "entity_type": "*",
                "entity_new value": "*",
                "entity_role": "*",
                "entity_parent": {
                  "entity_type": "*",
                  "entity_new value": "*",
                  "entity_role": "Statement",
                  "entity_parent": "null"
                }
              },
              "concrete_change": {
                "operator": "UPD",
                "src_type": "Lambda",
                "dst_type": "Lambda",
                "src": "( x) -\u003e {\n    throw new java.lang.IllegalStateException((\"There is already declarative transaction open. \" + \"Spanner does not support nested transactions\"));\n}",
                "dst": "( x) -\u003e {\n    throw new java.lang.IllegalStateException((\"There is already declarative transaction open. \" + \"Spanner does not support nested transactions\"));\n}",
                "src_parent_type": "Invocation",
                "dst_parent_type": "Invocation",
                "src_parent": "doWithOrWithoutTransactionContext(( x) -\u003e {\n    throw new java.lang.IllegalStateException((\"There is already declarative transaction open. \" + \"Spanner does not support nested transactions\"));\n}, () -\u003e {\n    org.springframework.cloud.gcp.data.spanner.core.SpannerReadOptions options \u003d (readOptions !\u003d null) ? readOptions : new org.springframework.cloud.gcp.data.spanner.core.SpannerReadOptions();\n    try (com.google.cloud.spanner.ReadOnlyTransaction readOnlyTransaction \u003d ((options.getTimestamp()) !\u003d null) ? this.databaseClientProvider.get().readOnlyTransaction(com.google.cloud.spanner.TimestampBound.ofReadTimestamp(options.getTimestamp())) : this.databaseClientProvider.get().readOnlyTransaction()) {\n        return operations.apply(new org.springframework.cloud.gcp.data.spanner.core.ReadOnlyTransactionSpannerTemplate(this.databaseClientProvider, this.mappingContext, this.spannerEntityProcessor, this.mutationFactory, this.spannerSchemaUtils, readOnlyTransaction));\n    }\n})",
                "dst_parent": "doWithOrWithoutTransactionContext(( x) -\u003e {\n    throw new java.lang.IllegalStateException((\"There is already declarative transaction open. \" + \"Spanner does not support nested transactions\"));\n}, () -\u003e {\n    org.springframework.cloud.gcp.data.spanner.core.SpannerReadOptions options \u003d (readOptions !\u003d null) ? readOptions : new org.springframework.cloud.gcp.data.spanner.core.SpannerReadOptions();\n    try (com.google.cloud.spanner.ReadOnlyTransaction readOnlyTransaction \u003d ((options.getTimestamp()) !\u003d null) ? this.databaseClientProvider.get().readOnlyTransaction(com.google.cloud.spanner.TimestampBound.ofReadTimestamp(options.getTimestamp())) : this.databaseClientProvider.get().readOnlyTransaction()) {\n        return operations.apply(new org.springframework.cloud.gcp.data.spanner.core.ReadOnlyTransactionSpannerTemplate(this.databaseClientProvider, this.mappingContext, this.spannerEntityProcessor, this.mutationFactory, this.spannerSchemaUtils, readOnlyTransaction));\n    }\n})"
              },
              "line": 374,
              "file": "/home/khesoem/projects/lighter/exp/spring-cloud-gcp-data-spanner/src/main/java/org/springframework/cloud/gcp/data/spanner/core/SpannerTemplate.java",
              "stats": {
                "number_of_src_entities": 28,
                "number_of_dst_entities": 28,
                "src_entity_types": "[java.util.function.Function\u003ccom.google.cloud.spanner.TransactionContext, A\u003e, java.lang.IllegalStateException, com.google.cloud.spanner.TransactionContext, java.lang.String]",
                "dst_entity_types": "[java.util.function.Function\u003ccom.google.cloud.spanner.TransactionContext, A\u003e, java.lang.IllegalStateException, com.google.cloud.spanner.TransactionContext, java.lang.String]"
              }
            }
          ]
        },
        {
          "tool-name": "JGenProg",
          "pattern-name": "JGenProg:any_statement_deep",
          "Unified_Diff_of-files:": "Starts Below...",
          "CHANGE_old:": "",
          "CHANGE_new:": "                        .run(transactionContext -\u0026gt; transactionContext.executeUpdate(statement)));",
          "instance_detail": [
            {
              "pattern_action": "ANY",
              "pattern_entity": {
                "entity_type": "*",
                "entity_new value": "*",
                "entity_role": "*",
                "entity_parent": {
                  "entity_type": "*",
                  "entity_new value": "*",
                  "entity_role": "Statement",
                  "entity_parent": "null"
                }
              },
              "concrete_change": {
                "operator": "UPD",
                "src_type": "Lambda",
                "dst_type": "Lambda",
                "src": "( x) -\u003e individualEntityMutationFunc.apply(x).stream()",
                "dst": "( x) -\u003e individualEntityMutationFunc.apply(x).stream()",
                "src_parent_type": "Invocation",
                "dst_parent_type": "Invocation",
                "src_parent": "java.util.stream.StreamSupport.stream(it.spliterator(), false).flatMap(( x) -\u003e individualEntityMutationFunc.apply(x).stream())",
                "dst_parent": "java.util.stream.StreamSupport.stream(it.spliterator(), false).flatMap(( x) -\u003e individualEntityMutationFunc.apply(x).stream())"
              },
              "line": 561,
              "file": "/home/khesoem/projects/lighter/exp/spring-cloud-gcp-data-spanner/src/main/java/org/springframework/cloud/gcp/data/spanner/core/SpannerTemplate.java",
              "stats": {
                "number_of_src_entities": 36,
                "number_of_dst_entities": 36,
                "src_entity_types": "[java.util.function.Function, java.util.function.Function\u003cjava.lang.Object, java.util.Collection\u003ccom.google.cloud.spanner.Mutation\u003e\u003e, , java.util.Collection\u003ccom.google.cloud.spanner.Mutation\u003e, com.google.cloud.spanner.Mutation]",
                "dst_entity_types": "[java.util.function.Function, java.util.function.Function\u003cjava.lang.Object, java.util.Collection\u003ccom.google.cloud.spanner.Mutation\u003e\u003e, , java.util.Collection\u003ccom.google.cloud.spanner.Mutation\u003e, com.google.cloud.spanner.Mutation]"
              }
            }
          ]
        },
        {
          "tool-name": "JGenProg",
          "pattern-name": "JGenProg:any_statement_deep",
          "Unified_Diff_of-files:": "Starts Below...",
          "CHANGE_old:": "",
          "CHANGE_new:": "                        .run(transactionContext -\u0026gt; transactionContext.executeUpdate(statement)));",
          "instance_detail": [
            {
              "pattern_action": "ANY",
              "pattern_entity": {
                "entity_type": "*",
                "entity_new value": "*",
                "entity_role": "*",
                "entity_parent": {
                  "entity_type": "*",
                  "entity_new value": "*",
                  "entity_role": "Statement",
                  "entity_parent": "null"
                }
              },
              "concrete_change": {
                "operator": "UPD",
                "src_type": "Invocation",
                "dst_type": "Invocation",
                "src": "this.databaseClientProvider.get().executePartitionedUpdate(statement)",
                "dst": "this.databaseClientProvider.get().readWriteTransaction()",
                "src_parent_type": "Lambda",
                "dst_parent_type": "Invocation",
                "src_parent": "() -\u003e this.databaseClientProvider.get().executePartitionedUpdate(statement)",
                "dst_parent": "this.databaseClientProvider.get().readWriteTransaction().run(( transactionContext) -\u003e transactionContext.executeUpdate(statement))"
              },
              "line": 151,
              "file": "/home/khesoem/projects/lighter/exp/spring-cloud-gcp-data-spanner/src/main/java/org/springframework/cloud/gcp/data/spanner/core/SpannerTemplate.java",
              "stats": {
                "number_of_src_entities": 30,
                "number_of_dst_entities": 22,
                "src_entity_types": "[com.google.cloud.spanner.DatabaseClient, com.google.cloud.spanner.Statement, java.util.function.Supplier\u003ccom.google.cloud.spanner.DatabaseClient\u003e, org.springframework.cloud.gcp.data.spanner.core.SpannerTemplate]",
                "dst_entity_types": "[com.google.cloud.spanner.DatabaseClient, java.util.function.Supplier\u003ccom.google.cloud.spanner.DatabaseClient\u003e, org.springframework.cloud.gcp.data.spanner.core.SpannerTemplate]"
              }
            }
          ]
        }
      ]
    }
  ],
  "complete_analysis": true
}