{
  "instances": [
    {
      "revision": "8e4fe4dcf56b51f6eba3cc8085dc5e9877fe7055",
      "repairability": [
        {
          "tool-name": "JGenProg",
          "pattern-name": "JGenProg:any_statement_shallow",
          "Unified_Diff_of-files:": "Starts Below...",
          "INSERT:": "}",
          "CHANGE_old:": "    public UserMessage(String body, String username, LocalDateTime createdAt) {",
          "CHANGE_new:": "    public UserMessage(String body, String username, LocalDateTime createdAt, boolean throwError) {",
          "instance_detail": [
            {
              "pattern_action": "ANY",
              "pattern_entity": {
                "entity_type": "*",
                "entity_new value": "*",
                "entity_role": "Statement",
                "entity_parent": "null"
              },
              "concrete_change": {
                "operator": "DEL",
                "src_type": "If",
                "dst_type": "null",
                "src": "if (((this.ackMode) \u003d\u003d (org.springframework.cloud.gcp.pubsub.integration.AckMode.AUTO)) || ((this.ackMode) \u003d\u003d (org.springframework.cloud.gcp.pubsub.integration.AckMode.AUTO_ACK))) {\n    message.ack();\n}",
                "dst": "null",
                "src_parent_type": "Block",
                "dst_parent_type": "null",
                "src_parent": "{\n    java.util.Map\u003cjava.lang.String, java.lang.Object\u003e messageHeaders \u003d this.headerMapper.toHeaders(message.getPubsubMessage().getAttributesMap());\n    messageHeaders.put(GcpPubSubHeaders.ORIGINAL_MESSAGE, message);\n    if ((this.ackMode) \u003d\u003d (org.springframework.cloud.gcp.pubsub.integration.AckMode.MANUAL)) {\n        messageHeaders.put(GcpPubSubHeaders.ACKNOWLEDGEMENT, new com.google.cloud.pubsub.v1.AckReplyConsumer() {\n            @java.lang.Override\n            public void ack() {\n                org.springframework.cloud.gcp.pubsub.integration.inbound.PubSubInboundChannelAdapter.LOGGER.warn(\"ACKNOWLEDGEMENT header is deprecated. Please use ORIGINAL_MESSAGE header to ack.\");\n                message.ack();\n            }\n\n            @java.lang.Override\n            public void nack() {\n                org.springframework.cloud.gcp.pubsub.integration.inbound.PubSubInboundChannelAdapter.LOGGER.warn(\"ACKNOWLEDGEMENT header is deprecated. Please use ORIGINAL_MESSAGE header to nack.\");\n                message.nack();\n            }\n        });\n    }\n    try {\n        sendMessage(getMessageBuilderFactory().withPayload(message.getPayload()).copyHeaders(messageHeaders).build());\n    } catch (java.lang.RuntimeException re) {\n        if ((this.ackMode) \u003d\u003d (org.springframework.cloud.gcp.pubsub.integration.AckMode.AUTO)) {\n            message.nack();\n        }\n        throw new org.springframework.cloud.gcp.pubsub.core.PubSubException(\"Sending Spring message failed.\", re);\n    }\n    if (((this.ackMode) \u003d\u003d (org.springframework.cloud.gcp.pubsub.integration.AckMode.AUTO)) || ((this.ackMode) \u003d\u003d (org.springframework.cloud.gcp.pubsub.integration.AckMode.AUTO_ACK))) {\n        message.ack();\n    }\n}",
                "dst_parent": "null"
              },
              "line": 161,
              "file": "/home/khesoem/projects/lighter/exp/spring-cloud-gcp-pubsub/src/main/java/org/springframework/cloud/gcp/pubsub/integration/inbound/PubSubInboundChannelAdapter.java",
              "stats": {
                "number_of_src_entities": 61,
                "number_of_dst_entities": -1,
                "src_entity_types": "[org.springframework.cloud.gcp.pubsub.integration.AckMode, org.springframework.cloud.gcp.pubsub.support.converter.ConvertedBasicAcknowledgeablePubsubMessage\u003c?\u003e, , org.springframework.cloud.gcp.pubsub.integration.inbound.PubSubInboundChannelAdapter]",
                "dst_entity_types": "[]"
              }
            }
          ]
        }
      ]
    }
  ],
  "complete_analysis": true
}