{
  "instances": [
    {
      "revision": "1274661035e4327e3dffb5b7d75324ee12906142",
      "repairability": [
        {
          "tool-name": "Cardumen",
          "pattern-name": "Cardumen:expression_replacement_by_upd",
          "Unified_Diff_of-files:": "Starts Below...",
          "CHANGE_old:": "        if (tx.transactionManager.getState() \u003d\u003d TransactionManager.TransactionState.STARTED) {",
          "CHANGE_new:": "                \u0026\u0026 tx.transactionManager.getState() \u003d\u003d TransactionManager.TransactionState.STARTED) {",
          "DELETE:": "",
          "INSERT:": "",
          "instance_detail": [
            {
              "pattern_action": "UPD",
              "pattern_entity": {
                "entity_type": "Expression",
                "entity_new value": "*",
                "entity_role": "*",
                "entity_parent": "null"
              },
              "concrete_change": {
                "operator": "UPD",
                "src_type": "Literal",
                "dst_type": "Literal",
                "src": "\" beforeRollback; state \u003d \"",
                "dst": "null",
                "src_parent_type": "BinaryOperator",
                "dst_parent_type": "BinaryOperator",
                "src_parent": "(tx + \" beforeRollback; state \u003d \")",
                "dst_parent": "((tx.transactionManager) !\u003d null)"
              },
              "line": 223,
              "file": "/home/khesoem/projects/lighter/exp/spring-cloud-gcp-data-spanner/src/main/java/org/springframework/cloud/gcp/data/spanner/core/SpannerTransactionManager.java",
              "stats": {
                "number_of_src_entities": 3,
                "number_of_dst_entities": 2,
                "src_entity_types": "[java.lang.String]",
                "dst_entity_types": "[\u003cnulltype\u003e]"
              }
            }
          ]
        },
        {
          "tool-name": "Cardumen",
          "pattern-name": "Cardumen:expression_replacement_by_upd",
          "Unified_Diff_of-files:": "Starts Below...",
          "CHANGE_old:": "        if (tx.transactionManager.getState() \u003d\u003d TransactionManager.TransactionState.STARTED) {",
          "CHANGE_new:": "                \u0026\u0026 tx.transactionManager.getState() \u003d\u003d TransactionManager.TransactionState.STARTED) {",
          "DELETE:": "",
          "INSERT:": "",
          "instance_detail": [
            {
              "pattern_action": "UPD",
              "pattern_entity": {
                "entity_type": "Expression",
                "entity_new value": "*",
                "entity_role": "*",
                "entity_parent": "null"
              },
              "concrete_change": {
                "operator": "UPD",
                "src_type": "Literal",
                "dst_type": "Literal",
                "src": "\" beforeCommit; state \u003d \"",
                "dst": "null",
                "src_parent_type": "BinaryOperator",
                "dst_parent_type": "BinaryOperator",
                "src_parent": "(tx + \" beforeCommit; state \u003d \")",
                "dst_parent": "((tx.transactionManager) !\u003d null)"
              },
              "line": 192,
              "file": "/home/khesoem/projects/lighter/exp/spring-cloud-gcp-data-spanner/src/main/java/org/springframework/cloud/gcp/data/spanner/core/SpannerTransactionManager.java",
              "stats": {
                "number_of_src_entities": 3,
                "number_of_dst_entities": 2,
                "src_entity_types": "[java.lang.String]",
                "dst_entity_types": "[\u003cnulltype\u003e]"
              }
            }
          ]
        }
      ]
    }
  ],
  "complete_analysis": true
}