{
  "instances": [
    {
      "revision": "1b9a44e21e0420fb8f84a00655b656f05d7beeb9",
      "repairability": [
        {
          "tool-name": "Cardumen",
          "pattern-name": "Cardumen:expression_replacement_by_upd",
          "Unified_Diff_of-files:": "Starts Below...",
          "INSERT:": "import org.springframework.data.repository.query.Param;",
          "CHANGE_old:": "    List\u0026lt;Trade\u0026gt; fetchByActionNamedQuery(String action);",
          "CHANGE_new:": "    List\u0026lt;Trade\u0026gt; fetchByActionNamedQuery(@Param(\"tag0\") String action);",
          "instance_detail": [
            {
              "pattern_action": "UPD",
              "pattern_entity": {
                "entity_type": "Expression",
                "entity_new value": "*",
                "entity_role": "*",
                "entity_parent": "null"
              },
              "concrete_change": {
                "operator": "UPD",
                "src_type": "TypeAccess",
                "dst_type": "TypeAccess",
                "src": "java.util.regex.Pattern",
                "dst": "org.springframework.cloud.gcp.data.spanner.repository.query.SqlSpannerQuery",
                "src_parent_type": "Invocation",
                "dst_parent_type": "ThisAccess",
                "src_parent": "java.util.regex.Pattern.compile(\"@[^\\\\{^\\\\s][\\\\S]+[^\\\\}^\\\\s]\")",
                "dst_parent": ""
              },
              "line": 74,
              "file": "/home/khesoem/projects/lighter/exp/spring-cloud-gcp-data-spanner/src/main/java/org/springframework/cloud/gcp/data/spanner/repository/query/SqlSpannerQuery.java",
              "stats": {
                "number_of_src_entities": 3,
                "number_of_dst_entities": 3,
                "src_entity_types": "[java.util.regex.Pattern]",
                "dst_entity_types": "[org.springframework.cloud.gcp.data.spanner.repository.query.SqlSpannerQuery]"
              }
            }
          ]
        },
        {
          "tool-name": "Cardumen",
          "pattern-name": "Cardumen:expression_replacement_by_upd",
          "Unified_Diff_of-files:": "Starts Below...",
          "INSERT:": "import org.springframework.data.repository.query.Param;",
          "CHANGE_old:": "    List\u0026lt;Trade\u0026gt; fetchByActionNamedQuery(String action);",
          "CHANGE_new:": "    List\u0026lt;Trade\u0026gt; fetchByActionNamedQuery(@Param(\"tag0\") String action);",
          "instance_detail": [
            {
              "pattern_action": "UPD",
              "pattern_entity": {
                "entity_type": "Expression",
                "entity_new value": "*",
                "entity_role": "*",
                "entity_parent": "null"
              },
              "concrete_change": {
                "operator": "UPD",
                "src_type": "VariableRead",
                "dst_type": "VariableRead",
                "src": "pattern",
                "dst": "parameters",
                "src_parent_type": "Invocation",
                "dst_parent_type": "Invocation",
                "src_parent": "pattern.matcher(sql)",
                "dst_parent": "parameters.getParameter(i)"
              },
              "line": 75,
              "file": "/home/khesoem/projects/lighter/exp/spring-cloud-gcp-data-spanner/src/main/java/org/springframework/cloud/gcp/data/spanner/repository/query/SqlSpannerQuery.java",
              "stats": {
                "number_of_src_entities": 4,
                "number_of_dst_entities": 4,
                "src_entity_types": "[java.util.regex.Pattern]",
                "dst_entity_types": "[org.springframework.data.repository.query.Parameters]"
              }
            }
          ]
        }
      ]
    }
  ],
  "complete_analysis": true
}