{
  "instances": [
    {
      "revision": "850766f7d2351db3ba46a8112a9e455fe193f619",
      "repairability": [
        {
          "tool-name": "Cardumen",
          "pattern-name": "Cardumen:expression_replacement_by_upd",
          "Unified_Diff_of-files:": "Starts Below...",
          "INSERT:": "}",
          "CHANGE_old:": "                        .setValue(this.classMapper.toFirestoreValue(it.next()));",
          "CHANGE_new:": "                        .setValue(this.classMapper.toFirestoreValue(value));",
          "instance_detail": [
            {
              "pattern_action": "UPD",
              "pattern_entity": {
                "entity_type": "Expression",
                "entity_new value": "*",
                "entity_role": "*",
                "entity_parent": "null"
              },
              "concrete_change": {
                "operator": "UPD",
                "src_type": "ConstructorCall",
                "dst_type": "ConstructorCall",
                "src": "new org.springframework.cloud.gcp.data.firestore.FirestoreDataException((\"Unsupported predicate keyword: \" + (part.getType())))",
                "dst": "new org.springframework.cloud.gcp.data.firestore.FirestoreDataException((\"Unsupported predicate keyword: \" + (part.getType())))",
                "src_parent_type": "Throw",
                "dst_parent_type": "Throw",
                "src_parent": "throw new org.springframework.cloud.gcp.data.firestore.FirestoreDataException((\"Unsupported predicate keyword: \" + (part.getType())))",
                "dst_parent": "throw new org.springframework.cloud.gcp.data.firestore.FirestoreDataException((\"Unsupported predicate keyword: \" + (part.getType())))"
              },
              "line": 142,
              "file": "/home/khesoem/projects/lighter/exp/spring-cloud-gcp-data-firestore/src/main/java/org/springframework/cloud/gcp/data/firestore/repository/query/PartTreeFirestoreQuery.java",
              "stats": {
                "number_of_src_entities": 16,
                "number_of_dst_entities": 18,
                "src_entity_types": "[org.springframework.cloud.gcp.data.firestore.repository.query.part, java.lang.String, org.springframework.cloud.gcp.data.firestore.FirestoreDataException]",
                "dst_entity_types": "[org.springframework.data.repository.query.parser.Part, java.lang.Object, java.lang.String]"
              }
            }
          ]
        },
        {
          "tool-name": "Cardumen",
          "pattern-name": "Cardumen:expression_replacement_by_upd",
          "Unified_Diff_of-files:": "Starts Below...",
          "INSERT:": "}",
          "CHANGE_old:": "                        .setValue(this.classMapper.toFirestoreValue(it.next()));",
          "CHANGE_new:": "                        .setValue(this.classMapper.toFirestoreValue(value));",
          "instance_detail": [
            {
              "pattern_action": "UPD",
              "pattern_entity": {
                "entity_type": "Expression",
                "entity_new value": "*",
                "entity_role": "*",
                "entity_parent": "null"
              },
              "concrete_change": {
                "operator": "UPD",
                "src_type": "VariableRead",
                "dst_type": "VariableRead",
                "src": "filterOp",
                "dst": "part",
                "src_parent_type": "Invocation",
                "dst_parent_type": "Invocation",
                "src_parent": "filter.getFieldFilterBuilder().setField(fieldReference).setOp(filterOp)",
                "dst_parent": "getOperator(part, value)"
              },
              "line": 145,
              "file": "/home/khesoem/projects/lighter/exp/spring-cloud-gcp-data-firestore/src/main/java/org/springframework/cloud/gcp/data/firestore/repository/query/PartTreeFirestoreQuery.java",
              "stats": {
                "number_of_src_entities": 8,
                "number_of_dst_entities": 2,
                "src_entity_types": "[com.google.firestore.v1.StructuredQuery.FieldFilter, com.google.firestore.v1.StructuredQuery.FieldFilter.Operator, com.google.firestore.v1.StructuredQuery]",
                "dst_entity_types": "[]"
              }
            }
          ]
        }
      ]
    }
  ],
  "complete_analysis": true
}