{
  "instances": [
    {
      "revision": "3e994ce79f96925d9de512842ff44ef61d5ea969",
      "repairability": [
        {
          "tool-name": "Cardumen",
          "pattern-name": "Cardumen:expression_replacement_by_upd",
          "Unified_Diff_of-files:": "Starts Below...",
          "CHANGE_old:": "                + userMessage.getCreatedAt() + \": \" + userMessage.getBody());",
          "CHANGE_new:": "                \" at \" + userMessage.getCreatedAt());",
          "instance_detail": [
            {
              "pattern_action": "UPD",
              "pattern_entity": {
                "entity_type": "Expression",
                "entity_new value": "*",
                "entity_role": "*",
                "entity_parent": "null"
              },
              "concrete_change": {
                "operator": "UPD",
                "src_type": "Literal",
                "dst_type": "Literal",
                "src": "\" at \"",
                "dst": "\": \"",
                "src_parent_type": "BinaryOperator",
                "dst_parent_type": "BinaryOperator",
                "src_parent": "((\"New message received from \" + (userMessage.getUsername())) + \" at \")",
                "dst_parent": "((\"New message received from \" + (userMessage.getUsername())) + \": \")"
              },
              "line": 36,
              "file": "/home/khesoem/projects/lighter/exp/spring-cloud-gcp-samples/spring-cloud-gcp-pubsub-binder-sample/src/main/java/com/example/SinkExample.java",
              "stats": {
                "number_of_src_entities": 3,
                "number_of_dst_entities": 3,
                "src_entity_types": "[java.lang.String]",
                "dst_entity_types": "[java.lang.String]"
              }
            }
          ]
        }
      ]
    }
  ],
  "complete_analysis": true
}