{
  "instances": [
    {
      "revision": "5e6de82572af22ad0086f10f9ce3d75d94d2c5d8",
      "repairability": [
        {
          "tool-name": "Cardumen",
          "pattern-name": "Cardumen:expression_replacement_by_upd",
          "Unified_Diff_of-files:": "Starts Below...",
          "INSERT:": "}",
          "instance_detail": [
            {
              "pattern_action": "UPD",
              "pattern_entity": {
                "entity_type": "Expression",
                "entity_new value": "*",
                "entity_role": "*",
                "entity_parent": "null"
              },
              "concrete_change": {
                "operator": "UPD",
                "src_type": "Literal",
                "dst_type": "Literal",
                "src": "\", traderId\u003d\u0027\"",
                "dst": "\", symbol\u003d\u0027\"",
                "src_parent_type": "BinaryOperator",
                "dst_parent_type": "BinaryOperator",
                "src_parent": "(((((((((((((\"Trade{\" + \"id\u003d\") + (this.id)) + \", action\u003d\u0027\") + (this.action)) + \u0027\\\u0027\u0027) + \", price\u003d\") + (this.price)) + \", shares\u003d\") + (this.shares)) + \", symbol\u003d\u0027\") + (this.symbol)) + \u0027\\\u0027\u0027) + \", traderId\u003d\u0027\")",
                "dst_parent": "(((((((((((((\"Trade{\" + \"tradeId\u003d\") + (this.tradeId)) + \", traderId\u003d\u0027\") + (this.traderId)) + \u0027\\\u0027\u0027) + \", action\u003d\u0027\") + (this.action)) + \u0027\\\u0027\u0027) + \", price\u003d\") + (this.price)) + \", shares\u003d\") + (this.shares)) + \", symbol\u003d\u0027\")"
              },
              "line": 130,
              "file": "/home/khesoem/projects/lighter/exp/spring-cloud-gcp-samples/spring-cloud-gcp-data-spanner-sample/src/main/java/com/example/Trade.java",
              "stats": {
                "number_of_src_entities": 3,
                "number_of_dst_entities": 3,
                "src_entity_types": "[java.lang.String]",
                "dst_entity_types": "[java.lang.String]"
              }
            }
          ]
        },
        {
          "tool-name": "Cardumen",
          "pattern-name": "Cardumen:expression_replacement_by_upd",
          "Unified_Diff_of-files:": "Starts Below...",
          "INSERT:": "}",
          "instance_detail": [
            {
              "pattern_action": "UPD",
              "pattern_entity": {
                "entity_type": "Expression",
                "entity_new value": "*",
                "entity_role": "*",
                "entity_parent": "null"
              },
              "concrete_change": {
                "operator": "UPD",
                "src_type": "Literal",
                "dst_type": "Literal",
                "src": "\u0027\\\u0027\u0027",
                "dst": "\", shares\u003d\"",
                "src_parent_type": "BinaryOperator",
                "dst_parent_type": "BinaryOperator",
                "src_parent": "((((((((((((\"Trade{\" + \"id\u003d\") + (this.id)) + \", action\u003d\u0027\") + (this.action)) + \u0027\\\u0027\u0027) + \", price\u003d\") + (this.price)) + \", shares\u003d\") + (this.shares)) + \", symbol\u003d\u0027\") + (this.symbol)) + \u0027\\\u0027\u0027)",
                "dst_parent": "(((((((((((\"Trade{\" + \"tradeId\u003d\") + (this.tradeId)) + \", traderId\u003d\u0027\") + (this.traderId)) + \u0027\\\u0027\u0027) + \", action\u003d\u0027\") + (this.action)) + \u0027\\\u0027\u0027) + \", price\u003d\") + (this.price)) + \", shares\u003d\")"
              },
              "line": 129,
              "file": "/home/khesoem/projects/lighter/exp/spring-cloud-gcp-samples/spring-cloud-gcp-data-spanner-sample/src/main/java/com/example/Trade.java",
              "stats": {
                "number_of_src_entities": 2,
                "number_of_dst_entities": 3,
                "src_entity_types": "[char]",
                "dst_entity_types": "[java.lang.String]"
              }
            }
          ]
        },
        {
          "tool-name": "Cardumen",
          "pattern-name": "Cardumen:expression_replacement_by_upd",
          "Unified_Diff_of-files:": "Starts Below...",
          "INSERT:": "}",
          "instance_detail": [
            {
              "pattern_action": "UPD",
              "pattern_entity": {
                "entity_type": "Expression",
                "entity_new value": "*",
                "entity_role": "*",
                "entity_parent": "null"
              },
              "concrete_change": {
                "operator": "UPD",
                "src_type": "Literal",
                "dst_type": "Literal",
                "src": "\", symbol\u003d\u0027\"",
                "dst": "\", price\u003d\"",
                "src_parent_type": "BinaryOperator",
                "dst_parent_type": "BinaryOperator",
                "src_parent": "((((((((((\"Trade{\" + \"id\u003d\") + (this.id)) + \", action\u003d\u0027\") + (this.action)) + \u0027\\\u0027\u0027) + \", price\u003d\") + (this.price)) + \", shares\u003d\") + (this.shares)) + \", symbol\u003d\u0027\")",
                "dst_parent": "(((((((((\"Trade{\" + \"tradeId\u003d\") + (this.tradeId)) + \", traderId\u003d\u0027\") + (this.traderId)) + \u0027\\\u0027\u0027) + \", action\u003d\u0027\") + (this.action)) + \u0027\\\u0027\u0027) + \", price\u003d\")"
              },
              "line": 129,
              "file": "/home/khesoem/projects/lighter/exp/spring-cloud-gcp-samples/spring-cloud-gcp-data-spanner-sample/src/main/java/com/example/Trade.java",
              "stats": {
                "number_of_src_entities": 3,
                "number_of_dst_entities": 3,
                "src_entity_types": "[java.lang.String]",
                "dst_entity_types": "[java.lang.String]"
              }
            }
          ]
        },
        {
          "tool-name": "Cardumen",
          "pattern-name": "Cardumen:expression_replacement_by_upd",
          "Unified_Diff_of-files:": "Starts Below...",
          "INSERT:": "}",
          "instance_detail": [
            {
              "pattern_action": "UPD",
              "pattern_entity": {
                "entity_type": "Expression",
                "entity_new value": "*",
                "entity_role": "*",
                "entity_parent": "null"
              },
              "concrete_change": {
                "operator": "UPD",
                "src_type": "Literal",
                "dst_type": "Literal",
                "src": "\", shares\u003d\"",
                "dst": "\u0027\\\u0027\u0027",
                "src_parent_type": "BinaryOperator",
                "dst_parent_type": "BinaryOperator",
                "src_parent": "((((((((\"Trade{\" + \"id\u003d\") + (this.id)) + \", action\u003d\u0027\") + (this.action)) + \u0027\\\u0027\u0027) + \", price\u003d\") + (this.price)) + \", shares\u003d\")",
                "dst_parent": "((((((((\"Trade{\" + \"tradeId\u003d\") + (this.tradeId)) + \", traderId\u003d\u0027\") + (this.traderId)) + \u0027\\\u0027\u0027) + \", action\u003d\u0027\") + (this.action)) + \u0027\\\u0027\u0027)"
              },
              "line": 128,
              "file": "/home/khesoem/projects/lighter/exp/spring-cloud-gcp-samples/spring-cloud-gcp-data-spanner-sample/src/main/java/com/example/Trade.java",
              "stats": {
                "number_of_src_entities": 3,
                "number_of_dst_entities": 2,
                "src_entity_types": "[java.lang.String]",
                "dst_entity_types": "[char]"
              }
            }
          ]
        },
        {
          "tool-name": "Cardumen",
          "pattern-name": "Cardumen:expression_replacement_by_upd",
          "Unified_Diff_of-files:": "Starts Below...",
          "INSERT:": "}",
          "instance_detail": [
            {
              "pattern_action": "UPD",
              "pattern_entity": {
                "entity_type": "Expression",
                "entity_new value": "*",
                "entity_role": "*",
                "entity_parent": "null"
              },
              "concrete_change": {
                "operator": "UPD",
                "src_type": "Literal",
                "dst_type": "Literal",
                "src": "\", price\u003d\"",
                "dst": "\", action\u003d\u0027\"",
                "src_parent_type": "BinaryOperator",
                "dst_parent_type": "BinaryOperator",
                "src_parent": "((((((\"Trade{\" + \"id\u003d\") + (this.id)) + \", action\u003d\u0027\") + (this.action)) + \u0027\\\u0027\u0027) + \", price\u003d\")",
                "dst_parent": "((((((\"Trade{\" + \"tradeId\u003d\") + (this.tradeId)) + \", traderId\u003d\u0027\") + (this.traderId)) + \u0027\\\u0027\u0027) + \", action\u003d\u0027\")"
              },
              "line": 127,
              "file": "/home/khesoem/projects/lighter/exp/spring-cloud-gcp-samples/spring-cloud-gcp-data-spanner-sample/src/main/java/com/example/Trade.java",
              "stats": {
                "number_of_src_entities": 3,
                "number_of_dst_entities": 3,
                "src_entity_types": "[java.lang.String]",
                "dst_entity_types": "[java.lang.String]"
              }
            }
          ]
        },
        {
          "tool-name": "Cardumen",
          "pattern-name": "Cardumen:expression_replacement_by_upd",
          "Unified_Diff_of-files:": "Starts Below...",
          "INSERT:": "}",
          "instance_detail": [
            {
              "pattern_action": "UPD",
              "pattern_entity": {
                "entity_type": "Expression",
                "entity_new value": "*",
                "entity_role": "*",
                "entity_parent": "null"
              },
              "concrete_change": {
                "operator": "UPD",
                "src_type": "Literal",
                "dst_type": "Literal",
                "src": "\", action\u003d\u0027\"",
                "dst": "\", traderId\u003d\u0027\"",
                "src_parent_type": "BinaryOperator",
                "dst_parent_type": "BinaryOperator",
                "src_parent": "(((\"Trade{\" + \"id\u003d\") + (this.id)) + \", action\u003d\u0027\")",
                "dst_parent": "(((\"Trade{\" + \"tradeId\u003d\") + (this.tradeId)) + \", traderId\u003d\u0027\")"
              },
              "line": 126,
              "file": "/home/khesoem/projects/lighter/exp/spring-cloud-gcp-samples/spring-cloud-gcp-data-spanner-sample/src/main/java/com/example/Trade.java",
              "stats": {
                "number_of_src_entities": 3,
                "number_of_dst_entities": 3,
                "src_entity_types": "[java.lang.String]",
                "dst_entity_types": "[java.lang.String]"
              }
            }
          ]
        }
      ]
    }
  ],
  "complete_analysis": true
}