{
  "instances": [
    {
      "revision": "04d1f2904aebfd55eaecdc129cda4ef117e10f2c",
      "repairability": [
        {
          "tool-name": "JGenProg",
          "pattern-name": "JGenProg:any_statement_shallow",
          "Unified_Diff_of-files:": "Starts Below...",
          "DELETE:": "",
          "instance_detail": [
            {
              "pattern_action": "ANY",
              "pattern_entity": {
                "entity_type": "*",
                "entity_new value": "*",
                "entity_role": "Statement",
                "entity_parent": "null"
              },
              "concrete_change": {
                "operator": "DEL",
                "src_type": "Invocation",
                "dst_type": "null",
                "src": "super(msg, cause)",
                "dst": "null",
                "src_parent_type": "Block",
                "dst_parent_type": "null",
                "src_parent": "{\n    super(msg, cause);\n}",
                "dst_parent": "null"
              },
              "line": 8,
              "file": "/home/khesoem/projects/lighter/exp/src/main/java/org/joo/libra/support/PredicateValueException.java"
            }
          ]
        }
      ]
    },
    {
      "revision": "04d1f2904aebfd55eaecdc129cda4ef117e10f2c",
      "repairability": [
        {
          "tool-name": "JGenProg",
          "pattern-name": "JGenProg:any_statement_shallow",
          "Unified_Diff_of-files:": "Starts Below...",
          "DELETE:": "",
          "instance_detail": [
            {
              "pattern_action": "ANY",
              "pattern_entity": {
                "entity_type": "*",
                "entity_new value": "*",
                "entity_role": "Statement",
                "entity_parent": "null"
              },
              "concrete_change": {
                "operator": "DEL",
                "src_type": "Invocation",
                "dst_type": "null",
                "src": "super(msg, cause)",
                "dst": "null",
                "src_parent_type": "Block",
                "dst_parent_type": "null",
                "src_parent": "{\n    super(msg, cause);\n}",
                "dst_parent": "null"
              },
              "line": 16,
              "file": "/home/khesoem/projects/lighter/exp/src/main/java/org/joo/libra/support/MalformedSyntaxException.java"
            }
          ]
        }
      ]
    }
  ],
  "complete_analysis": true
}