{
  "instances": [
    {
      "revision": "ccb14ef4721ac1e282ffbf5668ede0f2eb32e69b",
      "repairability": [
        {
          "tool-name": "Arja",
          "pattern-name": "Arja:arja_shallow_change",
          "Unified_Diff_of-files:": "Starts Below...",
          "CHANGE_old:": "                    !encounterProvider.isVoided()) {",
          "CHANGE_new:": "",
          "DELETE:": "                return;",
          "instance_detail": [
            {
              "pattern_action": "ANY",
              "pattern_entity": {
                "entity_type": "Statement",
                "entity_new value": "*",
                "entity_role": "*",
                "entity_parent": "null"
              },
              "concrete_change": {
                "operator": "DEL",
                "src_type": "Return",
                "dst_type": "null",
                "src": "return",
                "dst": "null",
                "src_parent_type": "Block",
                "dst_parent_type": "null",
                "src_parent": "{\n    encounterProvider.setVoided(true);\n    encounterProvider.setDateVoided(new java.util.Date());\n    encounterProvider.setVoidedBy(org.openmrs.api.context.Context.getAuthenticatedUser());\n    return;\n}",
                "dst_parent": "null"
              },
              "line": 126,
              "file": "/home/khesoem/projects/lighter/exp/omod-1.9/src/main/java/org/openmrs/module/webservices/rest/web/v1_0/resource/openmrs1_9/EncounterProviderResource1_9.java",
              "stats": {
                "number_of_src_entities": 1,
                "number_of_dst_entities": -1,
                "src_entity_types": "[]",
                "dst_entity_types": "[]"
              }
            }
          ]
        }
      ]
    }
  ],
  "complete_analysis": true
}