{
  "instances": [
    {
      "revision": "456333488f43f3dcc6bbba4b5f769253abdb7c64",
      "repairability": [
        {
          "tool-name": "Arja",
          "pattern-name": "Arja:arja_shallow_change",
          "Unified_Diff_of-files:": "Starts Below...",
          "CHANGE_old:": "",
          "CHANGE_new:": "            if (searchHandler.getSearchConfig().getSupportedResource().equals(resourceName)) {",
          "instance_detail": [
            {
              "pattern_action": "ANY",
              "pattern_entity": {
                "entity_type": "Statement",
                "entity_new value": "*",
                "entity_role": "*",
                "entity_parent": "null"
              },
              "concrete_change": {
                "operator": "INS",
                "src_type": "LocalVariable",
                "dst_type": "null",
                "src": "java.util.List\u003corg.openmrs.module.webservices.rest.web.resource.api.SearchHandler\u003e searchHandlers \u003d org.openmrs.api.context.Context.getService(org.openmrs.module.webservices.rest.web.api.RestService.class).getAllSearchHandlers()",
                "dst": "null",
                "src_parent_type": "Block",
                "dst_parent_type": "null",
                "src_parent": "{\n    if (resourceParentName !\u003d null) {\n        resourceName \u003d ((((org.openmrs.module.webservices.rest.web.RestConstants.VERSION_1) + \"/\") + resourceParentName) + \"/\") + resourceName;\n    } else {\n        resourceName \u003d ((org.openmrs.module.webservices.rest.web.RestConstants.VERSION_1) + \"/\") + resourceName;\n    }\n    java.util.List\u003corg.openmrs.module.webservices.rest.web.resource.api.SearchHandler\u003e searchHandlers \u003d org.openmrs.api.context.Context.getService(org.openmrs.module.webservices.rest.web.api.RestService.class).getAllSearchHandlers();\n    for (org.openmrs.module.webservices.rest.web.resource.api.SearchHandler searchHandler : searchHandlers) {\n        if (searchHandler.getSearchConfig().getSupportedResource().equals(resourceName)) {\n            return true;\n        }\n    }\n    return false;\n}",
                "dst_parent": "null"
              },
              "line": 1179,
              "file": "/home/khesoem/projects/lighter/exp/omod-common/src/main/java/org/openmrs/module/webservices/docs/swagger/SwaggerSpecificationCreator.java",
              "stats": {
                "number_of_src_entities": 31,
                "number_of_dst_entities": -1,
                "src_entity_types": "[org.openmrs.module.webservices.rest.web.resource.api.SearchHandler, java.util.List\u003corg.openmrs.module.webservices.rest.web.resource.api.SearchHandler\u003e, org.openmrs.api.context.Context, org.openmrs.module.webservices.rest.web.api.RestService]",
                "dst_entity_types": "[]"
              }
            }
          ]
        },
        {
          "tool-name": "Arja",
          "pattern-name": "Arja:arja_shallow_change",
          "Unified_Diff_of-files:": "Starts Below...",
          "CHANGE_old:": "",
          "CHANGE_new:": "            if (searchHandler.getSearchConfig().getSupportedResource().equals(resourceName)) {",
          "instance_detail": [
            {
              "pattern_action": "ANY",
              "pattern_entity": {
                "entity_type": "Statement",
                "entity_new value": "*",
                "entity_role": "*",
                "entity_parent": "null"
              },
              "concrete_change": {
                "operator": "UPD",
                "src_type": "LocalVariable",
                "dst_type": "LocalVariable",
                "src": "org.openmrs.module.webservices.docs.SearchHandlerDoc doc",
                "dst": "org.openmrs.module.webservices.rest.web.resource.api.SearchHandler searchHandler",
                "src_parent_type": "ForEach",
                "dst_parent_type": "ForEach",
                "src_parent": "for (org.openmrs.module.webservices.docs.SearchHandlerDoc doc : org.openmrs.module.webservices.docs.swagger.SwaggerSpecificationCreator.searchHandlerDocs) {\n    if (doc.getResourceURL().contains(resourceName)) {\n        return true;\n    }\n}",
                "dst_parent": "for (org.openmrs.module.webservices.rest.web.resource.api.SearchHandler searchHandler : searchHandlers) {\n    if (searchHandler.getSearchConfig().getSupportedResource().equals(resourceName)) {\n        return true;\n    }\n}"
              },
              "line": 1173,
              "file": "/home/khesoem/projects/lighter/exp/omod-common/src/main/java/org/openmrs/module/webservices/docs/swagger/SwaggerSpecificationCreator.java",
              "stats": {
                "number_of_src_entities": 3,
                "number_of_dst_entities": 3,
                "src_entity_types": "[org.openmrs.module.webservices.docs.SearchHandlerDoc]",
                "dst_entity_types": "[org.openmrs.module.webservices.rest.web.resource.api.SearchHandler]"
              }
            }
          ]
        },
        {
          "tool-name": "Arja",
          "pattern-name": "Arja:arja_shallow_change",
          "Unified_Diff_of-files:": "Starts Below...",
          "CHANGE_old:": "",
          "CHANGE_new:": "            if (searchHandler.getSearchConfig().getSupportedResource().equals(resourceName)) {",
          "instance_detail": [
            {
              "pattern_action": "ANY",
              "pattern_entity": {
                "entity_type": "Statement",
                "entity_new value": "*",
                "entity_role": "*",
                "entity_parent": "null"
              },
              "concrete_change": {
                "operator": "UPD",
                "src_type": "Invocation",
                "dst_type": "Invocation",
                "src": "doc.getResourceURL()",
                "dst": "searchHandler.getSearchConfig().getSupportedResource()",
                "src_parent_type": "Invocation",
                "dst_parent_type": "Invocation",
                "src_parent": "doc.getResourceURL().contains(resourceName)",
                "dst_parent": "searchHandler.getSearchConfig().getSupportedResource().equals(resourceName)"
              },
              "line": 1174,
              "file": "/home/khesoem/projects/lighter/exp/omod-common/src/main/java/org/openmrs/module/webservices/docs/swagger/SwaggerSpecificationCreator.java",
              "stats": {
                "number_of_src_entities": 8,
                "number_of_dst_entities": 10,
                "src_entity_types": "[org.openmrs.module.webservices.docs.SearchHandlerDoc]",
                "dst_entity_types": "[org.openmrs.module.webservices.rest.web.resource.api.SearchHandler]"
              }
            }
          ]
        },
        {
          "tool-name": "Arja",
          "pattern-name": "Arja:arja_shallow_change",
          "Unified_Diff_of-files:": "Starts Below...",
          "CHANGE_old:": "",
          "CHANGE_new:": "            if (searchHandler.getSearchConfig().getSupportedResource().equals(resourceName)) {",
          "instance_detail": [
            {
              "pattern_action": "ANY",
              "pattern_entity": {
                "entity_type": "Statement",
                "entity_new value": "*",
                "entity_role": "*",
                "entity_parent": "null"
              },
              "concrete_change": {
                "operator": "INS",
                "src_type": "Invocation",
                "dst_type": "null",
                "src": "searchHandler.getSearchConfig()",
                "dst": "null",
                "src_parent_type": "Invocation",
                "dst_parent_type": "null",
                "src_parent": "searchHandler.getSearchConfig().getSupportedResource()",
                "dst_parent": "null"
              },
              "line": 1181,
              "file": "/home/khesoem/projects/lighter/exp/omod-common/src/main/java/org/openmrs/module/webservices/docs/swagger/SwaggerSpecificationCreator.java"
            }
          ]
        }
      ]
    }
  ],
  "complete_analysis": true
}