{
  "instances": [
    {
      "revision": "7085deb4d234844024141f93caf820d9419ba929",
      "repairability": [
        {
          "tool-name": "Arja",
          "pattern-name": "Arja:arja_shallow_change",
          "Unified_Diff_of-files:": "Starts Below...",
          "INSERT:": "\r",
          "DELETE:": "\r",
          "instance_detail": [
            {
              "pattern_action": "ANY",
              "pattern_entity": {
                "entity_type": "Statement",
                "entity_new value": "*",
                "entity_role": "*",
                "entity_parent": "null"
              },
              "concrete_change": {
                "operator": "DEL",
                "src_type": "Invocation",
                "dst_type": "null",
                "src": "description.removeProperty(\"provider\")",
                "dst": "null",
                "src_parent_type": "Block",
                "dst_parent_type": "null",
                "src_parent": "{\n    org.openmrs.module.webservices.rest.web.resource.impl.DelegatingResourceDescription description \u003d super.getRepresentationDescription(rep);\n    description.addProperty(\"visit\", Representation.REF);\n    description.removeProperty(\"provider\");\n    description.addProperty(\"encounterProviders\", Representation.DEFAULT);\n    return description;\n}",
                "dst_parent": "null"
              },
              "line": 42,
              "file": "/home/khesoem/projects/lighter/exp/omod-1.9/src/main/java/org/openmrs/module/webservices/rest/web/v1_0/resource/openmrs1_9/EncounterResource1_9.java",
              "stats": {
                "number_of_src_entities": 13,
                "number_of_dst_entities": -1,
                "src_entity_types": "[org.openmrs.module.webservices.rest.web.resource.impl.DelegatingResourceDescription, java.lang.String]",
                "dst_entity_types": "[]"
              }
            }
          ]
        },
        {
          "tool-name": "Arja",
          "pattern-name": "Arja:arja_shallow_change",
          "Unified_Diff_of-files:": "Starts Below...",
          "INSERT:": "\r",
          "DELETE:": "\r",
          "instance_detail": [
            {
              "pattern_action": "ANY",
              "pattern_entity": {
                "entity_type": "Statement",
                "entity_new value": "*",
                "entity_role": "*",
                "entity_parent": "null"
              },
              "concrete_change": {
                "operator": "DEL",
                "src_type": "Invocation",
                "dst_type": "null",
                "src": "description.addProperty(\"encounterProviders\", Representation.DEFAULT)",
                "dst": "null",
                "src_parent_type": "Block",
                "dst_parent_type": "null",
                "src_parent": "{\n    org.openmrs.module.webservices.rest.web.resource.impl.DelegatingResourceDescription description \u003d super.getRepresentationDescription(rep);\n    description.addProperty(\"visit\", Representation.REF);\n    description.removeProperty(\"provider\");\n    description.addProperty(\"encounterProviders\", Representation.DEFAULT);\n    return description;\n}",
                "dst_parent": "null"
              },
              "line": 43,
              "file": "/home/khesoem/projects/lighter/exp/omod-1.9/src/main/java/org/openmrs/module/webservices/rest/web/v1_0/resource/openmrs1_9/EncounterResource1_9.java",
              "stats": {
                "number_of_src_entities": 16,
                "number_of_dst_entities": -1,
                "src_entity_types": "[org.openmrs.module.webservices.rest.web.resource.impl.DelegatingResourceDescription, java.lang.String, Representation.DEFAULT]",
                "dst_entity_types": "[]"
              }
            }
          ]
        },
        {
          "tool-name": "Arja",
          "pattern-name": "Arja:arja_shallow_change",
          "Unified_Diff_of-files:": "Starts Below...",
          "INSERT:": "\r",
          "DELETE:": "\r",
          "instance_detail": [
            {
              "pattern_action": "ANY",
              "pattern_entity": {
                "entity_type": "Statement",
                "entity_new value": "*",
                "entity_role": "*",
                "entity_parent": "null"
              },
              "concrete_change": {
                "operator": "DEL",
                "src_type": "Invocation",
                "dst_type": "null",
                "src": "description.removeProperty(\"provider\")",
                "dst": "null",
                "src_parent_type": "Block",
                "dst_parent_type": "null",
                "src_parent": "{\n    org.openmrs.module.webservices.rest.web.resource.impl.DelegatingResourceDescription description \u003d super.getRepresentationDescription(rep);\n    description.addProperty(\"visit\", Representation.DEFAULT);\n    description.removeProperty(\"provider\");\n    description.addProperty(\"encounterProviders\", Representation.DEFAULT);\n    return description;\n}",
                "dst_parent": "null"
              },
              "line": 48,
              "file": "/home/khesoem/projects/lighter/exp/omod-1.9/src/main/java/org/openmrs/module/webservices/rest/web/v1_0/resource/openmrs1_9/EncounterResource1_9.java",
              "stats": {
                "number_of_src_entities": 13,
                "number_of_dst_entities": -1,
                "src_entity_types": "[org.openmrs.module.webservices.rest.web.resource.impl.DelegatingResourceDescription, java.lang.String]",
                "dst_entity_types": "[]"
              }
            }
          ]
        },
        {
          "tool-name": "Arja",
          "pattern-name": "Arja:arja_shallow_change",
          "Unified_Diff_of-files:": "Starts Below...",
          "INSERT:": "\r",
          "DELETE:": "\r",
          "instance_detail": [
            {
              "pattern_action": "ANY",
              "pattern_entity": {
                "entity_type": "Statement",
                "entity_new value": "*",
                "entity_role": "*",
                "entity_parent": "null"
              },
              "concrete_change": {
                "operator": "DEL",
                "src_type": "Invocation",
                "dst_type": "null",
                "src": "description.addProperty(\"encounterProviders\", Representation.DEFAULT)",
                "dst": "null",
                "src_parent_type": "Block",
                "dst_parent_type": "null",
                "src_parent": "{\n    org.openmrs.module.webservices.rest.web.resource.impl.DelegatingResourceDescription description \u003d super.getRepresentationDescription(rep);\n    description.addProperty(\"visit\", Representation.DEFAULT);\n    description.removeProperty(\"provider\");\n    description.addProperty(\"encounterProviders\", Representation.DEFAULT);\n    return description;\n}",
                "dst_parent": "null"
              },
              "line": 49,
              "file": "/home/khesoem/projects/lighter/exp/omod-1.9/src/main/java/org/openmrs/module/webservices/rest/web/v1_0/resource/openmrs1_9/EncounterResource1_9.java",
              "stats": {
                "number_of_src_entities": 16,
                "number_of_dst_entities": -1,
                "src_entity_types": "[org.openmrs.module.webservices.rest.web.resource.impl.DelegatingResourceDescription, java.lang.String, Representation.DEFAULT]",
                "dst_entity_types": "[]"
              }
            }
          ]
        },
        {
          "tool-name": "Arja",
          "pattern-name": "Arja:arja_shallow_change",
          "Unified_Diff_of-files:": "Starts Below...",
          "INSERT:": "\r",
          "DELETE:": "\r",
          "instance_detail": [
            {
              "pattern_action": "ANY",
              "pattern_entity": {
                "entity_type": "Statement",
                "entity_new value": "*",
                "entity_role": "*",
                "entity_parent": "null"
              },
              "concrete_change": {
                "operator": "DEL",
                "src_type": "Invocation",
                "dst_type": "null",
                "src": "super.getUpdatableProperties()",
                "dst": "null",
                "src_parent_type": "LocalVariable",
                "dst_parent_type": "null",
                "src_parent": "org.openmrs.module.webservices.rest.web.resource.impl.DelegatingResourceDescription description \u003d super.getUpdatableProperties()",
                "dst_parent": "null"
              },
              "line": 57,
              "file": "/home/khesoem/projects/lighter/exp/omod-1.9/src/main/java/org/openmrs/module/webservices/rest/web/v1_0/resource/openmrs1_9/EncounterResource1_9.java"
            }
          ]
        },
        {
          "tool-name": "Arja",
          "pattern-name": "Arja:arja_shallow_change",
          "Unified_Diff_of-files:": "Starts Below...",
          "INSERT:": "\r",
          "DELETE:": "\r",
          "instance_detail": [
            {
              "pattern_action": "ANY",
              "pattern_entity": {
                "entity_type": "Statement",
                "entity_new value": "*",
                "entity_role": "*",
                "entity_parent": "null"
              },
              "concrete_change": {
                "operator": "DEL",
                "src_type": "LocalVariable",
                "dst_type": "null",
                "src": "org.openmrs.module.webservices.rest.web.resource.impl.DelegatingResourceDescription description \u003d super.getUpdatableProperties()",
                "dst": "null",
                "src_parent_type": "Block",
                "dst_parent_type": "null",
                "src_parent": "{\n    org.openmrs.module.webservices.rest.web.resource.impl.DelegatingResourceDescription description \u003d super.getUpdatableProperties();\n    description.addProperty(\"encounterProviders\");\n    return description;\n}",
                "dst_parent": "null"
              },
              "line": 57,
              "file": "/home/khesoem/projects/lighter/exp/omod-1.9/src/main/java/org/openmrs/module/webservices/rest/web/v1_0/resource/openmrs1_9/EncounterResource1_9.java"
            }
          ]
        },
        {
          "tool-name": "Arja",
          "pattern-name": "Arja:arja_shallow_change",
          "Unified_Diff_of-files:": "Starts Below...",
          "INSERT:": "\r",
          "DELETE:": "\r",
          "instance_detail": [
            {
              "pattern_action": "ANY",
              "pattern_entity": {
                "entity_type": "Statement",
                "entity_new value": "*",
                "entity_role": "*",
                "entity_parent": "null"
              },
              "concrete_change": {
                "operator": "DEL",
                "src_type": "Invocation",
                "dst_type": "null",
                "src": "description.addProperty(\"encounterProviders\")",
                "dst": "null",
                "src_parent_type": "Block",
                "dst_parent_type": "null",
                "src_parent": "{\n    org.openmrs.module.webservices.rest.web.resource.impl.DelegatingResourceDescription description \u003d super.getUpdatableProperties();\n    description.addProperty(\"encounterProviders\");\n    return description;\n}",
                "dst_parent": "null"
              },
              "line": 58,
              "file": "/home/khesoem/projects/lighter/exp/omod-1.9/src/main/java/org/openmrs/module/webservices/rest/web/v1_0/resource/openmrs1_9/EncounterResource1_9.java"
            }
          ]
        },
        {
          "tool-name": "Arja",
          "pattern-name": "Arja:arja_shallow_change",
          "Unified_Diff_of-files:": "Starts Below...",
          "INSERT:": "\r",
          "DELETE:": "\r",
          "instance_detail": [
            {
              "pattern_action": "ANY",
              "pattern_entity": {
                "entity_type": "Statement",
                "entity_new value": "*",
                "entity_role": "*",
                "entity_parent": "null"
              },
              "concrete_change": {
                "operator": "DEL",
                "src_type": "Return",
                "dst_type": "null",
                "src": "return description",
                "dst": "null",
                "src_parent_type": "Block",
                "dst_parent_type": "null",
                "src_parent": "{\n    org.openmrs.module.webservices.rest.web.resource.impl.DelegatingResourceDescription description \u003d super.getUpdatableProperties();\n    description.addProperty(\"encounterProviders\");\n    return description;\n}",
                "dst_parent": "null"
              },
              "line": 59,
              "file": "/home/khesoem/projects/lighter/exp/omod-1.9/src/main/java/org/openmrs/module/webservices/rest/web/v1_0/resource/openmrs1_9/EncounterResource1_9.java"
            }
          ]
        },
        {
          "tool-name": "Arja",
          "pattern-name": "Arja:arja_shallow_change",
          "Unified_Diff_of-files:": "Starts Below...",
          "INSERT:": "\r",
          "DELETE:": "\r",
          "instance_detail": [
            {
              "pattern_action": "ANY",
              "pattern_entity": {
                "entity_type": "Statement",
                "entity_new value": "*",
                "entity_role": "*",
                "entity_parent": "null"
              },
              "concrete_change": {
                "operator": "DEL",
                "src_type": "Invocation",
                "dst_type": "null",
                "src": "description.addProperty(\"encounterProviders\")",
                "dst": "null",
                "src_parent_type": "Block",
                "dst_parent_type": "null",
                "src_parent": "{\n    org.openmrs.module.webservices.rest.web.resource.impl.DelegatingResourceDescription description \u003d super.getCreatableProperties();\n    description.addProperty(\"visit\");\n    description.addProperty(\"encounterProviders\");\n    return description;\n}",
                "dst_parent": "null"
              },
              "line": 69,
              "file": "/home/khesoem/projects/lighter/exp/omod-1.9/src/main/java/org/openmrs/module/webservices/rest/web/v1_0/resource/openmrs1_9/EncounterResource1_9.java",
              "stats": {
                "number_of_src_entities": 13,
                "number_of_dst_entities": -1,
                "src_entity_types": "[org.openmrs.module.webservices.rest.web.resource.impl.DelegatingResourceDescription, java.lang.String]",
                "dst_entity_types": "[]"
              }
            }
          ]
        },
        {
          "tool-name": "Arja",
          "pattern-name": "Arja:arja_shallow_change",
          "Unified_Diff_of-files:": "Starts Below...",
          "INSERT:": "\r",
          "DELETE:": "\r",
          "instance_detail": [
            {
              "pattern_action": "ANY",
              "pattern_entity": {
                "entity_type": "Statement",
                "entity_new value": "*",
                "entity_role": "*",
                "entity_parent": "null"
              },
              "concrete_change": {
                "operator": "DEL",
                "src_type": "LocalVariable",
                "dst_type": "null",
                "src": "org.openmrs.EncounterProvider ep",
                "dst": "null",
                "src_parent_type": "ForEach",
                "dst_parent_type": "null",
                "src_parent": "for (org.openmrs.EncounterProvider ep : delegate.getEncounterProviders()) {\n    ep.setEncounter(delegate);\n}",
                "dst_parent": "null"
              },
              "line": 77,
              "file": "/home/khesoem/projects/lighter/exp/omod-1.9/src/main/java/org/openmrs/module/webservices/rest/web/v1_0/resource/openmrs1_9/EncounterResource1_9.java"
            }
          ]
        },
        {
          "tool-name": "Arja",
          "pattern-name": "Arja:arja_shallow_change",
          "Unified_Diff_of-files:": "Starts Below...",
          "INSERT:": "\r",
          "DELETE:": "\r",
          "instance_detail": [
            {
              "pattern_action": "ANY",
              "pattern_entity": {
                "entity_type": "Statement",
                "entity_new value": "*",
                "entity_role": "*",
                "entity_parent": "null"
              },
              "concrete_change": {
                "operator": "DEL",
                "src_type": "Invocation",
                "dst_type": "null",
                "src": "delegate.getEncounterProviders()",
                "dst": "null",
                "src_parent_type": "ForEach",
                "dst_parent_type": "null",
                "src_parent": "for (org.openmrs.EncounterProvider ep : delegate.getEncounterProviders()) {\n    ep.setEncounter(delegate);\n}",
                "dst_parent": "null"
              },
              "line": 77,
              "file": "/home/khesoem/projects/lighter/exp/omod-1.9/src/main/java/org/openmrs/module/webservices/rest/web/v1_0/resource/openmrs1_9/EncounterResource1_9.java"
            }
          ]
        },
        {
          "tool-name": "Arja",
          "pattern-name": "Arja:arja_shallow_change",
          "Unified_Diff_of-files:": "Starts Below...",
          "INSERT:": "\r",
          "DELETE:": "\r",
          "instance_detail": [
            {
              "pattern_action": "ANY",
              "pattern_entity": {
                "entity_type": "Statement",
                "entity_new value": "*",
                "entity_role": "*",
                "entity_parent": "null"
              },
              "concrete_change": {
                "operator": "DEL",
                "src_type": "Invocation",
                "dst_type": "null",
                "src": "ep.setEncounter(delegate)",
                "dst": "null",
                "src_parent_type": "Block",
                "dst_parent_type": "null",
                "src_parent": "{\n    ep.setEncounter(delegate);\n}",
                "dst_parent": "null"
              },
              "line": 78,
              "file": "/home/khesoem/projects/lighter/exp/omod-1.9/src/main/java/org/openmrs/module/webservices/rest/web/v1_0/resource/openmrs1_9/EncounterResource1_9.java"
            }
          ]
        },
        {
          "tool-name": "Arja",
          "pattern-name": "Arja:arja_shallow_change",
          "Unified_Diff_of-files:": "Starts Below...",
          "INSERT:": "\r",
          "DELETE:": "\r",
          "instance_detail": [
            {
              "pattern_action": "ANY",
              "pattern_entity": {
                "entity_type": "Statement",
                "entity_new value": "*",
                "entity_role": "*",
                "entity_parent": "null"
              },
              "concrete_change": {
                "operator": "DEL",
                "src_type": "ForEach",
                "dst_type": "null",
                "src": "for (org.openmrs.EncounterProvider ep : delegate.getEncounterProviders()) {\n    ep.setEncounter(delegate);\n}",
                "dst": "null",
                "src_parent_type": "Block",
                "dst_parent_type": "null",
                "src_parent": "{\n    for (org.openmrs.EncounterProvider ep : delegate.getEncounterProviders()) {\n        ep.setEncounter(delegate);\n    }\n    org.openmrs.api.context.Context.getEncounterService().saveEncounter(delegate);\n    return delegate;\n}",
                "dst_parent": "null"
              },
              "line": 77,
              "file": "/home/khesoem/projects/lighter/exp/omod-1.9/src/main/java/org/openmrs/module/webservices/rest/web/v1_0/resource/openmrs1_9/EncounterResource1_9.java"
            }
          ]
        },
        {
          "tool-name": "Arja",
          "pattern-name": "Arja:arja_shallow_change",
          "Unified_Diff_of-files:": "Starts Below...",
          "INSERT:": "\r",
          "DELETE:": "\r",
          "instance_detail": [
            {
              "pattern_action": "ANY",
              "pattern_entity": {
                "entity_type": "Statement",
                "entity_new value": "*",
                "entity_role": "*",
                "entity_parent": "null"
              },
              "concrete_change": {
                "operator": "DEL",
                "src_type": "Invocation",
                "dst_type": "null",
                "src": "org.openmrs.api.context.Context.getEncounterService()",
                "dst": "null",
                "src_parent_type": "Invocation",
                "dst_parent_type": "null",
                "src_parent": "org.openmrs.api.context.Context.getEncounterService().saveEncounter(delegate)",
                "dst_parent": "null"
              },
              "line": 80,
              "file": "/home/khesoem/projects/lighter/exp/omod-1.9/src/main/java/org/openmrs/module/webservices/rest/web/v1_0/resource/openmrs1_9/EncounterResource1_9.java"
            }
          ]
        },
        {
          "tool-name": "Arja",
          "pattern-name": "Arja:arja_shallow_change",
          "Unified_Diff_of-files:": "Starts Below...",
          "INSERT:": "\r",
          "DELETE:": "\r",
          "instance_detail": [
            {
              "pattern_action": "ANY",
              "pattern_entity": {
                "entity_type": "Statement",
                "entity_new value": "*",
                "entity_role": "*",
                "entity_parent": "null"
              },
              "concrete_change": {
                "operator": "DEL",
                "src_type": "Invocation",
                "dst_type": "null",
                "src": "org.openmrs.api.context.Context.getEncounterService().saveEncounter(delegate)",
                "dst": "null",
                "src_parent_type": "Block",
                "dst_parent_type": "null",
                "src_parent": "{\n    for (org.openmrs.EncounterProvider ep : delegate.getEncounterProviders()) {\n        ep.setEncounter(delegate);\n    }\n    org.openmrs.api.context.Context.getEncounterService().saveEncounter(delegate);\n    return delegate;\n}",
                "dst_parent": "null"
              },
              "line": 80,
              "file": "/home/khesoem/projects/lighter/exp/omod-1.9/src/main/java/org/openmrs/module/webservices/rest/web/v1_0/resource/openmrs1_9/EncounterResource1_9.java"
            }
          ]
        },
        {
          "tool-name": "Arja",
          "pattern-name": "Arja:arja_shallow_change",
          "Unified_Diff_of-files:": "Starts Below...",
          "INSERT:": "\r",
          "DELETE:": "\r",
          "instance_detail": [
            {
              "pattern_action": "ANY",
              "pattern_entity": {
                "entity_type": "Statement",
                "entity_new value": "*",
                "entity_role": "*",
                "entity_parent": "null"
              },
              "concrete_change": {
                "operator": "DEL",
                "src_type": "Return",
                "dst_type": "null",
                "src": "return delegate",
                "dst": "null",
                "src_parent_type": "Block",
                "dst_parent_type": "null",
                "src_parent": "{\n    for (org.openmrs.EncounterProvider ep : delegate.getEncounterProviders()) {\n        ep.setEncounter(delegate);\n    }\n    org.openmrs.api.context.Context.getEncounterService().saveEncounter(delegate);\n    return delegate;\n}",
                "dst_parent": "null"
              },
              "line": 81,
              "file": "/home/khesoem/projects/lighter/exp/omod-1.9/src/main/java/org/openmrs/module/webservices/rest/web/v1_0/resource/openmrs1_9/EncounterResource1_9.java"
            }
          ]
        }
      ]
    }
  ],
  "complete_analysis": true
}