{
  "instances": [
    {
      "revision": "b5f657e9a3baada81831b6dbace52dba99612d87",
      "repairability": [
        {
          "tool-name": "Elixir",
          "pattern-name": "Elixir:if_null_check",
          "Unified_Diff_of-files:": "Starts Below...",
          "INSERT:": "                }",
          "instance_detail": [
            {
              "pattern_action": "INS",
              "pattern_entity": {
                "entity_type": "*",
                "entity_new value": "null",
                "entity_role": "*",
                "entity_parent": {
                  "entity_type": "BinaryOperator",
                  "entity_new value": "*",
                  "entity_role": "condition",
                  "entity_parent": {
                    "entity_type": "If",
                    "entity_new value": "*",
                    "entity_role": "*",
                    "entity_parent": "null"
                  }
                }
              },
              "concrete_change": {
                "operator": "INS",
                "src_type": "Literal",
                "dst_type": "null",
                "src": "null",
                "dst": "null",
                "src_parent_type": "BinaryOperator",
                "dst_parent_type": "null",
                "src_parent": "(invocation) !\u003d null",
                "dst_parent": "null"
              },
              "line": 121,
              "file": "/home/khesoem/projects/lighter/exp/dubbo-rpc/dubbo-rpc-dubbo/src/main/java/org/apache/dubbo/rpc/protocol/dubbo/DecodeableRpcResult.java"
            },
            {
              "pattern_action": "MOV",
              "pattern_entity": {
                "entity_type": "Statement",
                "entity_new value": "*",
                "entity_role": "*",
                "entity_parent": "null"
              },
              "concrete_change": {
                "operator": "MOV",
                "src_type": "If",
                "dst_type": "If",
                "src": "if (org.apache.dubbo.common.config.ConfigurationUtils.getSystemConfiguration().getBoolean(org.apache.dubbo.rpc.Constants.SERIALIZATION_SECURITY_CHECK_KEY, true)) {\n    java.lang.Object serializationType_obj \u003d invocation.get(org.apache.dubbo.rpc.Constants.SERIALIZATION_ID_KEY);\n    if (serializationType_obj !\u003d null) {\n        if (((byte) (serializationType_obj)) !\u003d (serializationType)) {\n            throw new java.io.IOException(((\"Unexpected serialization id:\" + (serializationType)) + \" received from network, please check if the peer send the right id.\"));\n        }\n    }\n}",
                "dst": "if (org.apache.dubbo.common.config.ConfigurationUtils.getSystemConfiguration().getBoolean(org.apache.dubbo.rpc.Constants.SERIALIZATION_SECURITY_CHECK_KEY, true)) {\n    java.lang.Object serializationType_obj \u003d invocation.get(org.apache.dubbo.rpc.Constants.SERIALIZATION_ID_KEY);\n    if (serializationType_obj !\u003d null) {\n        if (((byte) (serializationType_obj)) !\u003d (serializationType)) {\n            throw new java.io.IOException(((\"Unexpected serialization id:\" + (serializationType)) + \" received from network, please check if the peer send the right id.\"));\n        }\n    }\n}",
                "src_parent_type": "Block",
                "dst_parent_type": "Block",
                "src_parent": "{\n    if (org.apache.dubbo.common.config.ConfigurationUtils.getSystemConfiguration().getBoolean(org.apache.dubbo.rpc.Constants.SERIALIZATION_SECURITY_CHECK_KEY, true)) {\n        java.lang.Object serializationType_obj \u003d invocation.get(org.apache.dubbo.rpc.Constants.SERIALIZATION_ID_KEY);\n        if (serializationType_obj !\u003d null) {\n            if (((byte) (serializationType_obj)) !\u003d (serializationType)) {\n                throw new java.io.IOException(((\"Unexpected serialization id:\" + (serializationType)) + \" received from network, please check if the peer send the right id.\"));\n            }\n        }\n    }\n    decode(channel, inputStream);\n}",
                "dst_parent": "{\n    if (org.apache.dubbo.common.config.ConfigurationUtils.getSystemConfiguration().getBoolean(org.apache.dubbo.rpc.Constants.SERIALIZATION_SECURITY_CHECK_KEY, true)) {\n        java.lang.Object serializationType_obj \u003d invocation.get(org.apache.dubbo.rpc.Constants.SERIALIZATION_ID_KEY);\n        if (serializationType_obj !\u003d null) {\n            if (((byte) (serializationType_obj)) !\u003d (serializationType)) {\n                throw new java.io.IOException(((\"Unexpected serialization id:\" + (serializationType)) + \" received from network, please check if the peer send the right id.\"));\n            }\n        }\n    }\n}"
              },
              "line": 121,
              "file": "/home/khesoem/projects/lighter/exp/dubbo-rpc/dubbo-rpc-dubbo/src/main/java/org/apache/dubbo/rpc/protocol/dubbo/DecodeableRpcResult.java",
              "stats": {
                "number_of_src_entities": 106,
                "number_of_dst_entities": 106,
                "src_entity_types": "[org.apache.dubbo.rpc.Constants.SERIALIZATION_SECURITY_CHECK_KEY, boolean, org.apache.dubbo.rpc.Constants.SERIALIZATION_ID_KEY, java.lang.Object, org.apache.dubbo.rpc.Invocation, org.apache.dubbo.rpc.Constants, org.apache.dubbo.rpc.protocol.dubbo.DecodeableRpcResult, byte, java.io.IOException, java.lang.String, org.apache.dubbo.common.config.ConfigurationUtils, \u003cnulltype\u003e]",
                "dst_entity_types": "[org.apache.dubbo.rpc.Constants.SERIALIZATION_SECURITY_CHECK_KEY, boolean, org.apache.dubbo.rpc.Constants.SERIALIZATION_ID_KEY, java.lang.Object, org.apache.dubbo.rpc.Invocation, org.apache.dubbo.rpc.Constants, org.apache.dubbo.rpc.protocol.dubbo.DecodeableRpcResult, byte, java.io.IOException, java.lang.String, org.apache.dubbo.common.config.ConfigurationUtils, \u003cnulltype\u003e]"
              }
            },
            {
              "pattern_action": "INS",
              "pattern_entity": {
                "entity_type": "If",
                "entity_new value": "*",
                "entity_role": "*",
                "entity_parent": "null"
              },
              "concrete_change": {
                "operator": "INS",
                "src_type": "If",
                "dst_type": "null",
                "src": "if ((invocation) !\u003d null) {\n    if (org.apache.dubbo.common.config.ConfigurationUtils.getSystemConfiguration().getBoolean(org.apache.dubbo.rpc.Constants.SERIALIZATION_SECURITY_CHECK_KEY, true)) {\n        java.lang.Object serializationType_obj \u003d invocation.get(org.apache.dubbo.rpc.Constants.SERIALIZATION_ID_KEY);\n        if (serializationType_obj !\u003d null) {\n            if (((byte) (serializationType_obj)) !\u003d (serializationType)) {\n                throw new java.io.IOException(((\"Unexpected serialization id:\" + (serializationType)) + \" received from network, please check if the peer send the right id.\"));\n            }\n        }\n    }\n}",
                "dst": "null",
                "src_parent_type": "Block",
                "dst_parent_type": "null",
                "src_parent": "{\n    if ((invocation) !\u003d null) {\n        if (org.apache.dubbo.common.config.ConfigurationUtils.getSystemConfiguration().getBoolean(org.apache.dubbo.rpc.Constants.SERIALIZATION_SECURITY_CHECK_KEY, true)) {\n            java.lang.Object serializationType_obj \u003d invocation.get(org.apache.dubbo.rpc.Constants.SERIALIZATION_ID_KEY);\n            if (serializationType_obj !\u003d null) {\n                if (((byte) (serializationType_obj)) !\u003d (serializationType)) {\n                    throw new java.io.IOException(((\"Unexpected serialization id:\" + (serializationType)) + \" received from network, please check if the peer send the right id.\"));\n                }\n            }\n        }\n    }\n    decode(channel, inputStream);\n}",
                "dst_parent": "null"
              },
              "line": 121,
              "file": "/home/khesoem/projects/lighter/exp/dubbo-rpc/dubbo-rpc-dubbo/src/main/java/org/apache/dubbo/rpc/protocol/dubbo/DecodeableRpcResult.java",
              "stats": {
                "number_of_src_entities": 123,
                "number_of_dst_entities": -1,
                "src_entity_types": "[org.apache.dubbo.rpc.Constants.SERIALIZATION_SECURITY_CHECK_KEY, boolean, org.apache.dubbo.rpc.Constants.SERIALIZATION_ID_KEY, java.lang.Object, org.apache.dubbo.rpc.Invocation, org.apache.dubbo.rpc.Constants, org.apache.dubbo.rpc.protocol.dubbo.DecodeableRpcResult, byte, java.io.IOException, java.lang.String, org.apache.dubbo.common.config.ConfigurationUtils, \u003cnulltype\u003e]",
                "dst_entity_types": "[]"
              }
            }
          ]
        },
        {
          "tool-name": "Elixir",
          "pattern-name": "Elixir:check_length",
          "Unified_Diff_of-files:": "Starts Below...",
          "INSERT:": "                }",
          "instance_detail": [
            {
              "pattern_action": "MOV",
              "pattern_entity": {
                "entity_type": "Statement",
                "entity_new value": "*",
                "entity_role": "*",
                "entity_parent": "null"
              },
              "concrete_change": {
                "operator": "MOV",
                "src_type": "If",
                "dst_type": "If",
                "src": "if (org.apache.dubbo.common.config.ConfigurationUtils.getSystemConfiguration().getBoolean(org.apache.dubbo.rpc.Constants.SERIALIZATION_SECURITY_CHECK_KEY, true)) {\n    java.lang.Object serializationType_obj \u003d invocation.get(org.apache.dubbo.rpc.Constants.SERIALIZATION_ID_KEY);\n    if (serializationType_obj !\u003d null) {\n        if (((byte) (serializationType_obj)) !\u003d (serializationType)) {\n            throw new java.io.IOException(((\"Unexpected serialization id:\" + (serializationType)) + \" received from network, please check if the peer send the right id.\"));\n        }\n    }\n}",
                "dst": "if (org.apache.dubbo.common.config.ConfigurationUtils.getSystemConfiguration().getBoolean(org.apache.dubbo.rpc.Constants.SERIALIZATION_SECURITY_CHECK_KEY, true)) {\n    java.lang.Object serializationType_obj \u003d invocation.get(org.apache.dubbo.rpc.Constants.SERIALIZATION_ID_KEY);\n    if (serializationType_obj !\u003d null) {\n        if (((byte) (serializationType_obj)) !\u003d (serializationType)) {\n            throw new java.io.IOException(((\"Unexpected serialization id:\" + (serializationType)) + \" received from network, please check if the peer send the right id.\"));\n        }\n    }\n}",
                "src_parent_type": "Block",
                "dst_parent_type": "Block",
                "src_parent": "{\n    if (org.apache.dubbo.common.config.ConfigurationUtils.getSystemConfiguration().getBoolean(org.apache.dubbo.rpc.Constants.SERIALIZATION_SECURITY_CHECK_KEY, true)) {\n        java.lang.Object serializationType_obj \u003d invocation.get(org.apache.dubbo.rpc.Constants.SERIALIZATION_ID_KEY);\n        if (serializationType_obj !\u003d null) {\n            if (((byte) (serializationType_obj)) !\u003d (serializationType)) {\n                throw new java.io.IOException(((\"Unexpected serialization id:\" + (serializationType)) + \" received from network, please check if the peer send the right id.\"));\n            }\n        }\n    }\n    decode(channel, inputStream);\n}",
                "dst_parent": "{\n    if (org.apache.dubbo.common.config.ConfigurationUtils.getSystemConfiguration().getBoolean(org.apache.dubbo.rpc.Constants.SERIALIZATION_SECURITY_CHECK_KEY, true)) {\n        java.lang.Object serializationType_obj \u003d invocation.get(org.apache.dubbo.rpc.Constants.SERIALIZATION_ID_KEY);\n        if (serializationType_obj !\u003d null) {\n            if (((byte) (serializationType_obj)) !\u003d (serializationType)) {\n                throw new java.io.IOException(((\"Unexpected serialization id:\" + (serializationType)) + \" received from network, please check if the peer send the right id.\"));\n            }\n        }\n    }\n}"
              },
              "line": 121,
              "file": "/home/khesoem/projects/lighter/exp/dubbo-rpc/dubbo-rpc-dubbo/src/main/java/org/apache/dubbo/rpc/protocol/dubbo/DecodeableRpcResult.java",
              "stats": {
                "number_of_src_entities": 106,
                "number_of_dst_entities": 106,
                "src_entity_types": "[org.apache.dubbo.rpc.Constants.SERIALIZATION_SECURITY_CHECK_KEY, boolean, org.apache.dubbo.rpc.Constants.SERIALIZATION_ID_KEY, java.lang.Object, org.apache.dubbo.rpc.Invocation, org.apache.dubbo.rpc.Constants, org.apache.dubbo.rpc.protocol.dubbo.DecodeableRpcResult, byte, java.io.IOException, java.lang.String, org.apache.dubbo.common.config.ConfigurationUtils, \u003cnulltype\u003e]",
                "dst_entity_types": "[org.apache.dubbo.rpc.Constants.SERIALIZATION_SECURITY_CHECK_KEY, boolean, org.apache.dubbo.rpc.Constants.SERIALIZATION_ID_KEY, java.lang.Object, org.apache.dubbo.rpc.Invocation, org.apache.dubbo.rpc.Constants, org.apache.dubbo.rpc.protocol.dubbo.DecodeableRpcResult, byte, java.io.IOException, java.lang.String, org.apache.dubbo.common.config.ConfigurationUtils, \u003cnulltype\u003e]"
              }
            },
            {
              "pattern_action": "INS",
              "pattern_entity": {
                "entity_type": "If",
                "entity_new value": "*",
                "entity_role": "*",
                "entity_parent": "null"
              },
              "concrete_change": {
                "operator": "INS",
                "src_type": "If",
                "dst_type": "null",
                "src": "if ((invocation) !\u003d null) {\n    if (org.apache.dubbo.common.config.ConfigurationUtils.getSystemConfiguration().getBoolean(org.apache.dubbo.rpc.Constants.SERIALIZATION_SECURITY_CHECK_KEY, true)) {\n        java.lang.Object serializationType_obj \u003d invocation.get(org.apache.dubbo.rpc.Constants.SERIALIZATION_ID_KEY);\n        if (serializationType_obj !\u003d null) {\n            if (((byte) (serializationType_obj)) !\u003d (serializationType)) {\n                throw new java.io.IOException(((\"Unexpected serialization id:\" + (serializationType)) + \" received from network, please check if the peer send the right id.\"));\n            }\n        }\n    }\n}",
                "dst": "null",
                "src_parent_type": "Block",
                "dst_parent_type": "null",
                "src_parent": "{\n    if ((invocation) !\u003d null) {\n        if (org.apache.dubbo.common.config.ConfigurationUtils.getSystemConfiguration().getBoolean(org.apache.dubbo.rpc.Constants.SERIALIZATION_SECURITY_CHECK_KEY, true)) {\n            java.lang.Object serializationType_obj \u003d invocation.get(org.apache.dubbo.rpc.Constants.SERIALIZATION_ID_KEY);\n            if (serializationType_obj !\u003d null) {\n                if (((byte) (serializationType_obj)) !\u003d (serializationType)) {\n                    throw new java.io.IOException(((\"Unexpected serialization id:\" + (serializationType)) + \" received from network, please check if the peer send the right id.\"));\n                }\n            }\n        }\n    }\n    decode(channel, inputStream);\n}",
                "dst_parent": "null"
              },
              "line": 121,
              "file": "/home/khesoem/projects/lighter/exp/dubbo-rpc/dubbo-rpc-dubbo/src/main/java/org/apache/dubbo/rpc/protocol/dubbo/DecodeableRpcResult.java",
              "stats": {
                "number_of_src_entities": 123,
                "number_of_dst_entities": -1,
                "src_entity_types": "[org.apache.dubbo.rpc.Constants.SERIALIZATION_SECURITY_CHECK_KEY, boolean, org.apache.dubbo.rpc.Constants.SERIALIZATION_ID_KEY, java.lang.Object, org.apache.dubbo.rpc.Invocation, org.apache.dubbo.rpc.Constants, org.apache.dubbo.rpc.protocol.dubbo.DecodeableRpcResult, byte, java.io.IOException, java.lang.String, org.apache.dubbo.common.config.ConfigurationUtils, \u003cnulltype\u003e]",
                "dst_entity_types": "[]"
              }
            }
          ]
        }
      ]
    }
  ],
  "complete_analysis": true
}