{
  "instances": [
    {
      "revision": "2483f8cbf8a14e383f1ed37f556da4c17416888c",
      "repairability": [
        {
          "tool-name": "Cardumen",
          "pattern-name": "Cardumen:expression_replacement_by_upd",
          "Unified_Diff_of-files:": "Starts Below...",
          "CHANGE_old:": "        return listOfShardsSinceLastGet.get();",
          "CHANGE_new:": "        return shards;",
          "INSERT:": "",
          "instance_detail": [
            {
              "pattern_action": "UPD",
              "pattern_entity": {
                "entity_type": "Expression",
                "entity_new value": "*",
                "entity_role": "*",
                "entity_parent": "null"
              },
              "concrete_change": {
                "operator": "UPD",
                "src_type": "VariableRead",
                "dst_type": "VariableRead",
                "src": "shard",
                "dst": "shardId",
                "src_parent_type": "Invocation",
                "dst_parent_type": "Invocation",
                "src_parent": "shard.getShardId()",
                "dst_parent": "cachedShardMap.get(shardId)"
              },
              "line": 342,
              "file": "/home/khesoem/projects/lighter/exp/src/main/java/com/amazonaws/services/kinesis/clientlibrary/proxies/KinesisProxy.java",
              "stats": {
                "number_of_src_entities": 4,
                "number_of_dst_entities": 4,
                "src_entity_types": "[com.amazonaws.services.kinesis.model.Shard]",
                "dst_entity_types": "[java.lang.String]"
              }
            }
          ]
        },
        {
          "tool-name": "Cardumen",
          "pattern-name": "Cardumen:expression_replacement_by_del_ins",
          "Unified_Diff_of-files:": "Starts Below...",
          "CHANGE_old:": "        return listOfShardsSinceLastGet.get();",
          "CHANGE_new:": "        return shards;",
          "INSERT:": "",
          "instance_detail": [
            {
              "pattern_action": "DEL",
              "pattern_entity": {
                "entity_type": "Expression",
                "entity_new value": "*",
                "entity_role": "*",
                "entity_parent": "null"
              },
              "concrete_change": {
                "operator": "DEL",
                "src_type": "Literal",
                "dst_type": "null",
                "src": "null",
                "dst": "null",
                "src_parent_type": "Return",
                "dst_parent_type": "null",
                "src_parent": "return null",
                "dst_parent": "null"
              },
              "line": 348,
              "file": "/home/khesoem/projects/lighter/exp/src/main/java/com/amazonaws/services/kinesis/clientlibrary/proxies/KinesisProxy.java",
              "stats": {
                "number_of_src_entities": 2,
                "number_of_dst_entities": -1,
                "src_entity_types": "[\u003cnulltype\u003e]",
                "dst_entity_types": "[]"
              }
            },
            {
              "pattern_action": "INS",
              "pattern_entity": {
                "entity_type": "Expression",
                "entity_new value": "*",
                "entity_role": "*",
                "entity_parent": "null"
              },
              "concrete_change": {
                "operator": "INS",
                "src_type": "VariableRead",
                "dst_type": "null",
                "src": "shard",
                "dst": "null",
                "src_parent_type": "Return",
                "dst_parent_type": "null",
                "src_parent": "return shard",
                "dst_parent": "null"
              },
              "line": 398,
              "file": "/home/khesoem/projects/lighter/exp/src/main/java/com/amazonaws/services/kinesis/clientlibrary/proxies/KinesisProxy.java",
              "stats": {
                "number_of_src_entities": 4,
                "number_of_dst_entities": -1,
                "src_entity_types": "[com.amazonaws.services.kinesis.model.Shard]",
                "dst_entity_types": "[]"
              }
            }
          ]
        }
      ]
    }
  ],
  "complete_analysis": true
}