{
  "instances": [
    {
      "revision": "b6af8bf256b54aaf0db8bb5f9cf25d9fdc750993",
      "repairability": [
        {
          "tool-name": "JKali",
          "pattern-name": "JKali:del",
          "Unified_Diff_of-files:": "Starts Below...",
          "CHANGE_old:": "                    }",
          "CHANGE_new:": "",
          "DELETE:": "",
          "instance_detail": [
            {
              "pattern_action": "DEL",
              "pattern_entity": {
                "entity_type": "*",
                "entity_new value": "*",
                "entity_role": "Statement",
                "entity_parent": "null"
              },
              "concrete_change": {
                "operator": "DEL",
                "src_type": "LocalVariable",
                "dst_type": "null",
                "src": "org.apache.dubbo.rpc.Invoker\u003c?\u003e referInvoker \u003d org.apache.dubbo.config.ReferenceConfig.REF_PROTOCOL.refer(interfaceClass, url)",
                "dst": "null",
                "src_parent_type": "Block",
                "dst_parent_type": "null",
                "src_parent": "{\n    org.apache.dubbo.rpc.Invoker\u003c?\u003e referInvoker \u003d org.apache.dubbo.config.ReferenceConfig.REF_PROTOCOL.refer(interfaceClass, url);\n    if (org.apache.dubbo.config.ReferenceConfig.shouldCheck()) {\n        if (referInvoker.isAvailable()) {\n            invokers.add(referInvoker);\n        } else {\n            referInvoker.destroy();\n        }\n    } else {\n        invokers.add(referInvoker);\n    }\n    if (org.apache.dubbo.common.utils.UrlUtils.isRegistry(url)) {\n        registryURL \u003d url;\n    }\n}",
                "dst_parent": "null"
              },
              "line": 397,
              "file": "/home/khesoem/projects/lighter/exp/dubbo-config/dubbo-config-api/src/main/java/org/apache/dubbo/config/ReferenceConfig.java",
              "stats": {
                "number_of_src_entities": 34,
                "number_of_dst_entities": -1,
                "src_entity_types": "[org.apache.dubbo.common.URL, org.apache.dubbo.config.ReferenceConfig, org.apache.dubbo.rpc.Invoker\u003c?\u003e, , org.apache.dubbo.rpc.Protocol]",
                "dst_entity_types": "[]"
              }
            }
          ]
        },
        {
          "tool-name": "JKali",
          "pattern-name": "JKali:del",
          "Unified_Diff_of-files:": "Starts Below...",
          "CHANGE_old:": "                    }",
          "CHANGE_new:": "",
          "DELETE:": "",
          "instance_detail": [
            {
              "pattern_action": "DEL",
              "pattern_entity": {
                "entity_type": "*",
                "entity_new value": "*",
                "entity_role": "Statement",
                "entity_parent": "null"
              },
              "concrete_change": {
                "operator": "DEL",
                "src_type": "Invocation",
                "dst_type": "null",
                "src": "invokers.add(referInvoker)",
                "dst": "null",
                "src_parent_type": "Block",
                "dst_parent_type": "null",
                "src_parent": "{\n    invokers.add(referInvoker);\n}",
                "dst_parent": "null"
              },
              "line": 400,
              "file": "/home/khesoem/projects/lighter/exp/dubbo-config/dubbo-config-api/src/main/java/org/apache/dubbo/config/ReferenceConfig.java"
            }
          ]
        },
        {
          "tool-name": "JKali",
          "pattern-name": "JKali:del",
          "Unified_Diff_of-files:": "Starts Below...",
          "CHANGE_old:": "                    }",
          "CHANGE_new:": "",
          "DELETE:": "",
          "instance_detail": [
            {
              "pattern_action": "DEL",
              "pattern_entity": {
                "entity_type": "*",
                "entity_new value": "*",
                "entity_role": "Statement",
                "entity_parent": "null"
              },
              "concrete_change": {
                "operator": "DEL",
                "src_type": "Invocation",
                "dst_type": "null",
                "src": "referInvoker.destroy()",
                "dst": "null",
                "src_parent_type": "Block",
                "dst_parent_type": "null",
                "src_parent": "{\n    referInvoker.destroy();\n}",
                "dst_parent": "null"
              },
              "line": 402,
              "file": "/home/khesoem/projects/lighter/exp/dubbo-config/dubbo-config-api/src/main/java/org/apache/dubbo/config/ReferenceConfig.java"
            }
          ]
        },
        {
          "tool-name": "JKali",
          "pattern-name": "JKali:del",
          "Unified_Diff_of-files:": "Starts Below...",
          "CHANGE_old:": "                    }",
          "CHANGE_new:": "",
          "DELETE:": "",
          "instance_detail": [
            {
              "pattern_action": "DEL",
              "pattern_entity": {
                "entity_type": "*",
                "entity_new value": "*",
                "entity_role": "Statement",
                "entity_parent": "null"
              },
              "concrete_change": {
                "operator": "DEL",
                "src_type": "If",
                "dst_type": "null",
                "src": "if (referInvoker.isAvailable()) {\n    invokers.add(referInvoker);\n} else {\n    referInvoker.destroy();\n}",
                "dst": "null",
                "src_parent_type": "Block",
                "dst_parent_type": "null",
                "src_parent": "{\n    if (referInvoker.isAvailable()) {\n        invokers.add(referInvoker);\n    } else {\n        referInvoker.destroy();\n    }\n}",
                "dst_parent": "null"
              },
              "line": 399,
              "file": "/home/khesoem/projects/lighter/exp/dubbo-config/dubbo-config-api/src/main/java/org/apache/dubbo/config/ReferenceConfig.java"
            }
          ]
        },
        {
          "tool-name": "JKali",
          "pattern-name": "JKali:del",
          "Unified_Diff_of-files:": "Starts Below...",
          "CHANGE_old:": "                    }",
          "CHANGE_new:": "",
          "DELETE:": "",
          "instance_detail": [
            {
              "pattern_action": "DEL",
              "pattern_entity": {
                "entity_type": "*",
                "entity_new value": "*",
                "entity_role": "Statement",
                "entity_parent": "null"
              },
              "concrete_change": {
                "operator": "DEL",
                "src_type": "Invocation",
                "dst_type": "null",
                "src": "invokers.add(referInvoker)",
                "dst": "null",
                "src_parent_type": "Block",
                "dst_parent_type": "null",
                "src_parent": "{\n    invokers.add(referInvoker);\n}",
                "dst_parent": "null"
              },
              "line": 405,
              "file": "/home/khesoem/projects/lighter/exp/dubbo-config/dubbo-config-api/src/main/java/org/apache/dubbo/config/ReferenceConfig.java"
            }
          ]
        },
        {
          "tool-name": "JKali",
          "pattern-name": "JKali:del",
          "Unified_Diff_of-files:": "Starts Below...",
          "CHANGE_old:": "                    }",
          "CHANGE_new:": "",
          "DELETE:": "",
          "instance_detail": [
            {
              "pattern_action": "DEL",
              "pattern_entity": {
                "entity_type": "*",
                "entity_new value": "*",
                "entity_role": "Statement",
                "entity_parent": "null"
              },
              "concrete_change": {
                "operator": "DEL",
                "src_type": "If",
                "dst_type": "null",
                "src": "if (org.apache.dubbo.config.ReferenceConfig.shouldCheck()) {\n    if (referInvoker.isAvailable()) {\n        invokers.add(referInvoker);\n    } else {\n        referInvoker.destroy();\n    }\n} else {\n    invokers.add(referInvoker);\n}",
                "dst": "null",
                "src_parent_type": "Block",
                "dst_parent_type": "null",
                "src_parent": "{\n    org.apache.dubbo.rpc.Invoker\u003c?\u003e referInvoker \u003d org.apache.dubbo.config.ReferenceConfig.REF_PROTOCOL.refer(interfaceClass, url);\n    if (org.apache.dubbo.config.ReferenceConfig.shouldCheck()) {\n        if (referInvoker.isAvailable()) {\n            invokers.add(referInvoker);\n        } else {\n            referInvoker.destroy();\n        }\n    } else {\n        invokers.add(referInvoker);\n    }\n    if (org.apache.dubbo.common.utils.UrlUtils.isRegistry(url)) {\n        registryURL \u003d url;\n    }\n}",
                "dst_parent": "null"
              },
              "line": 398,
              "file": "/home/khesoem/projects/lighter/exp/dubbo-config/dubbo-config-api/src/main/java/org/apache/dubbo/config/ReferenceConfig.java",
              "stats": {
                "number_of_src_entities": 103,
                "number_of_dst_entities": -1,
                "src_entity_types": "[org.apache.dubbo.config.ReferenceConfig, org.apache.dubbo.rpc.Invoker\u003c?\u003e, , java.util.List\u003corg.apache.dubbo.rpc.Invoker\u003c?\u003e\u003e]",
                "dst_entity_types": "[]"
              }
            }
          ]
        },
        {
          "tool-name": "JKali",
          "pattern-name": "JKali:del",
          "Unified_Diff_of-files:": "Starts Below...",
          "CHANGE_old:": "                    }",
          "CHANGE_new:": "",
          "DELETE:": "",
          "instance_detail": [
            {
              "pattern_action": "DEL",
              "pattern_entity": {
                "entity_type": "*",
                "entity_new value": "*",
                "entity_role": "Statement",
                "entity_parent": "null"
              },
              "concrete_change": {
                "operator": "DEL",
                "src_type": "Throw",
                "dst_type": "null",
                "src": "throw new java.lang.IllegalStateException(((((((((\"Failed to check the status of the service \" + (interfaceName)) + \". No provider available for the service \") + ((group) \u003d\u003d null ? \"\" : (group) + \"/\")) + (interfaceName)) + ((version) \u003d\u003d null ? \"\" : \":\" + (version))) + \" from the multi registry cluster\") + \" use dubbo version \") + (org.apache.dubbo.common.Version.getVersion())))",
                "dst": "null",
                "src_parent_type": "Block",
                "dst_parent_type": "null",
                "src_parent": "{\n    throw new java.lang.IllegalStateException(((((((((\"Failed to check the status of the service \" + (interfaceName)) + \". No provider available for the service \") + ((group) \u003d\u003d null ? \"\" : (group) + \"/\")) + (interfaceName)) + ((version) \u003d\u003d null ? \"\" : \":\" + (version))) + \" from the multi registry cluster\") + \" use dubbo version \") + (org.apache.dubbo.common.Version.getVersion())));\n}",
                "dst_parent": "null"
              },
              "line": 414,
              "file": "/home/khesoem/projects/lighter/exp/dubbo-config/dubbo-config-api/src/main/java/org/apache/dubbo/config/ReferenceConfig.java"
            }
          ]
        },
        {
          "tool-name": "JKali",
          "pattern-name": "JKali:del",
          "Unified_Diff_of-files:": "Starts Below...",
          "CHANGE_old:": "                    }",
          "CHANGE_new:": "",
          "DELETE:": "",
          "instance_detail": [
            {
              "pattern_action": "DEL",
              "pattern_entity": {
                "entity_type": "*",
                "entity_new value": "*",
                "entity_role": "Statement",
                "entity_parent": "null"
              },
              "concrete_change": {
                "operator": "DEL",
                "src_type": "If",
                "dst_type": "null",
                "src": "if ((org.apache.dubbo.config.ReferenceConfig.shouldCheck()) \u0026\u0026 ((invokers.size()) \u003d\u003d 0)) {\n    throw new java.lang.IllegalStateException(((((((((\"Failed to check the status of the service \" + (interfaceName)) + \". No provider available for the service \") + ((group) \u003d\u003d null ? \"\" : (group) + \"/\")) + (interfaceName)) + ((version) \u003d\u003d null ? \"\" : \":\" + (version))) + \" from the multi registry cluster\") + \" use dubbo version \") + (org.apache.dubbo.common.Version.getVersion())));\n}",
                "dst": "null",
                "src_parent_type": "Block",
                "dst_parent_type": "null",
                "src_parent": "{\n    java.util.List\u003corg.apache.dubbo.rpc.Invoker\u003c?\u003e\u003e invokers \u003d new java.util.ArrayList\u003corg.apache.dubbo.rpc.Invoker\u003c?\u003e\u003e();\n    org.apache.dubbo.common.URL registryURL \u003d null;\n    for (org.apache.dubbo.common.URL url : urls) {\n        org.apache.dubbo.rpc.Invoker\u003c?\u003e referInvoker \u003d org.apache.dubbo.config.ReferenceConfig.REF_PROTOCOL.refer(interfaceClass, url);\n        if (org.apache.dubbo.config.ReferenceConfig.shouldCheck()) {\n            if (referInvoker.isAvailable()) {\n                invokers.add(referInvoker);\n            } else {\n                referInvoker.destroy();\n            }\n        } else {\n            invokers.add(referInvoker);\n        }\n        if (org.apache.dubbo.common.utils.UrlUtils.isRegistry(url)) {\n            registryURL \u003d url;\n        }\n    }\n    if ((org.apache.dubbo.config.ReferenceConfig.shouldCheck()) \u0026\u0026 ((invokers.size()) \u003d\u003d 0)) {\n        throw new java.lang.IllegalStateException(((((((((\"Failed to check the status of the service \" + (interfaceName)) + \". No provider available for the service \") + ((group) \u003d\u003d null ? \"\" : (group) + \"/\")) + (interfaceName)) + ((version) \u003d\u003d null ? \"\" : \":\" + (version))) + \" from the multi registry cluster\") + \" use dubbo version \") + (org.apache.dubbo.common.Version.getVersion())));\n    }\n    if (registryURL !\u003d null) {\n        java.lang.String cluster \u003d registryURL.getParameter(org.apache.dubbo.config.CLUSTER_KEY, ZoneAwareCluster.NAME);\n        invoker \u003d org.apache.dubbo.rpc.cluster.Cluster.getCluster(cluster, false).join(new org.apache.dubbo.rpc.cluster.directory.StaticDirectory(registryURL, invokers));\n    } else {\n        java.lang.String cluster \u003d (org.apache.dubbo.common.utils.CollectionUtils.isNotEmpty(invokers)) ? (invokers.get(0).getUrl()) !\u003d null ? invokers.get(0).getUrl().getParameter(org.apache.dubbo.config.CLUSTER_KEY, ZoneAwareCluster.NAME) : org.apache.dubbo.rpc.cluster.Cluster.DEFAULT : org.apache.dubbo.rpc.cluster.Cluster.DEFAULT;\n        invoker \u003d org.apache.dubbo.rpc.cluster.Cluster.getCluster(cluster).join(new org.apache.dubbo.rpc.cluster.directory.StaticDirectory(invokers));\n    }\n}",
                "dst_parent": "null"
              },
              "line": 413,
              "file": "/home/khesoem/projects/lighter/exp/dubbo-config/dubbo-config-api/src/main/java/org/apache/dubbo/config/ReferenceConfig.java",
              "stats": {
                "number_of_src_entities": 113,
                "number_of_dst_entities": -1,
                "src_entity_types": "[java.lang.IllegalStateException, int, org.apache.dubbo.config.ReferenceConfig, org.apache.dubbo.common.Version, org.apache.dubbo.rpc.Invoker\u003c?\u003e, , java.lang.String, java.util.List\u003corg.apache.dubbo.rpc.Invoker\u003c?\u003e\u003e, \u003cnulltype\u003e]",
                "dst_entity_types": "[]"
              }
            }
          ]
        }
      ]
    }
  ],
  "complete_analysis": true
}