{
  "instances": [
    {
      "revision": "7757f28118b023128dd9ee557d75c7f759be6212",
      "repairability": [
        {
          "tool-name": "JKali",
          "pattern-name": "JKali:del",
          "Unified_Diff_of-files:": "Starts Below...",
          "DELETE:": "import io.netty.handler.codec.http.HttpHeaderNames;",
          "INSERT:": "",
          "instance_detail": [
            {
              "pattern_action": "DEL",
              "pattern_entity": {
                "entity_type": "*",
                "entity_new value": "*",
                "entity_role": "Statement",
                "entity_parent": "null"
              },
              "concrete_change": {
                "operator": "DEL",
                "src_type": "Return",
                "dst_type": "null",
                "src": "return",
                "dst": "null",
                "src_parent_type": "Block",
                "dst_parent_type": "null",
                "src_parent": "{\n    return;\n}",
                "dst_parent": "null"
              },
              "line": 299,
              "file": "/home/khesoem/projects/lighter/exp/dubbo-rpc/dubbo-rpc-triple/src/main/java/org/apache/dubbo/rpc/protocol/tri/AbstractStream.java"
            }
          ]
        },
        {
          "tool-name": "JKali",
          "pattern-name": "JKali:del",
          "Unified_Diff_of-files:": "Starts Below...",
          "DELETE:": "import io.netty.handler.codec.http.HttpHeaderNames;",
          "INSERT:": "",
          "instance_detail": [
            {
              "pattern_action": "DEL",
              "pattern_entity": {
                "entity_type": "*",
                "entity_new value": "*",
                "entity_role": "Statement",
                "entity_parent": "null"
              },
              "concrete_change": {
                "operator": "DEL",
                "src_type": "If",
                "dst_type": "null",
                "src": "if (org.apache.dubbo.rpc.protocol.tri.TripleUtil.overEachHeaderListSize(str)) {\n    return;\n}",
                "dst": "null",
                "src_parent_type": "Block",
                "dst_parent_type": "null",
                "src_parent": "{\n    java.lang.String str \u003d ((java.lang.String) (v));\n    if (org.apache.dubbo.rpc.protocol.tri.TripleUtil.overEachHeaderListSize(str)) {\n        return;\n    }\n    metadata.put(key, str);\n}",
                "dst_parent": "null"
              },
              "line": 298,
              "file": "/home/khesoem/projects/lighter/exp/dubbo-rpc/dubbo-rpc-triple/src/main/java/org/apache/dubbo/rpc/protocol/tri/AbstractStream.java",
              "stats": {
                "number_of_src_entities": 17,
                "number_of_dst_entities": -1,
                "src_entity_types": "[java.lang.String, org.apache.dubbo.rpc.protocol.tri.TripleUtil]",
                "dst_entity_types": "[]"
              }
            }
          ]
        },
        {
          "tool-name": "JKali",
          "pattern-name": "JKali:del",
          "Unified_Diff_of-files:": "Starts Below...",
          "DELETE:": "import io.netty.handler.codec.http.HttpHeaderNames;",
          "INSERT:": "",
          "instance_detail": [
            {
              "pattern_action": "DEL",
              "pattern_entity": {
                "entity_type": "*",
                "entity_new value": "*",
                "entity_role": "Statement",
                "entity_parent": "null"
              },
              "concrete_change": {
                "operator": "DEL",
                "src_type": "Return",
                "dst_type": "null",
                "src": "return",
                "dst": "null",
                "src_parent_type": "Block",
                "dst_parent_type": "null",
                "src_parent": "{\n    return;\n}",
                "dst_parent": "null"
              },
              "line": 305,
              "file": "/home/khesoem/projects/lighter/exp/dubbo-rpc/dubbo-rpc-triple/src/main/java/org/apache/dubbo/rpc/protocol/tri/AbstractStream.java"
            }
          ]
        },
        {
          "tool-name": "JKali",
          "pattern-name": "JKali:del",
          "Unified_Diff_of-files:": "Starts Below...",
          "DELETE:": "import io.netty.handler.codec.http.HttpHeaderNames;",
          "INSERT:": "",
          "instance_detail": [
            {
              "pattern_action": "DEL",
              "pattern_entity": {
                "entity_type": "*",
                "entity_new value": "*",
                "entity_role": "Statement",
                "entity_parent": "null"
              },
              "concrete_change": {
                "operator": "DEL",
                "src_type": "If",
                "dst_type": "null",
                "src": "if (org.apache.dubbo.rpc.protocol.tri.TripleUtil.overEachHeaderListSize(str)) {\n    return;\n}",
                "dst": "null",
                "src_parent_type": "Block",
                "dst_parent_type": "null",
                "src_parent": "{\n    java.lang.String str \u003d org.apache.dubbo.rpc.protocol.tri.TripleUtil.encodeBase64ASCII(((byte[]) (v)));\n    if (org.apache.dubbo.rpc.protocol.tri.TripleUtil.overEachHeaderListSize(str)) {\n        return;\n    }\n    metadata.put((key + \"-bin\"), str);\n}",
                "dst_parent": "null"
              },
              "line": 304,
              "file": "/home/khesoem/projects/lighter/exp/dubbo-rpc/dubbo-rpc-triple/src/main/java/org/apache/dubbo/rpc/protocol/tri/AbstractStream.java",
              "stats": {
                "number_of_src_entities": 17,
                "number_of_dst_entities": -1,
                "src_entity_types": "[java.lang.String, org.apache.dubbo.rpc.protocol.tri.TripleUtil]",
                "dst_entity_types": "[]"
              }
            }
          ]
        }
      ]
    }
  ],
  "complete_analysis": true
}