{
  "instances": [
    {
      "revision": "64bde29d4651d678a0f3640668638a7285eb34c6",
      "repairability": [
        {
          "tool-name": "Elixir",
          "pattern-name": "Elixir:update_type_ref",
          "Unified_Diff_of-files:": "Starts Below...",
          "CHANGE_old:": "        Assert.notNull(ebeanQuery, \"EbeanQuery must not be null!\");",
          "CHANGE_new:": "        Assert.notNull(ebeanQuery, \"Query must not be null!\");",
          "instance_detail": [
            {
              "pattern_action": "UPD",
              "pattern_entity": {
                "entity_type": "TypeReference",
                "entity_new value": "*",
                "entity_role": "*",
                "entity_parent": "null"
              },
              "concrete_change": {
                "operator": "UPD",
                "src_type": "TypeReference",
                "dst_type": "TypeReference",
                "src": "io.ebean.Query",
                "dst": "org.springframework.data.ebean.annotations.Query",
                "src_parent_type": "Field",
                "dst_parent_type": "Field",
                "src_parent": "private io.ebean.Query query;",
                "dst_parent": "private org.springframework.data.ebean.annotations.Query query;"
              },
              "line": 40,
              "file": "/home/khesoem/projects/lighter/exp/src/main/java/org/springframework/data/ebean/repository/query/NamedEbeanQuery.java",
              "stats": {
                "number_of_src_entities": 2,
                "number_of_dst_entities": 2,
                "src_entity_types": "[io.ebean.Query]",
                "dst_entity_types": "[org.springframework.data.ebean.annotations.Query]"
              }
            }
          ]
        }
      ]
    }
  ],
  "complete_analysis": true
}