{
  "instances": [
    {
      "revision": "178140ae9c42e3a920ebd96ff0892f7305a1a3e3",
      "repairability": [
        {
          "tool-name": "Elixir",
          "pattern-name": "Elixir:update_invocation_deep",
          "Unified_Diff_of-files:": "Starts Below...",
          "DELETE:": "                                config,",
          "CHANGE_old:": "        this.excludeColumns \u003d config.getFallbackStringProperty(config, COLUMN_EXCLUDE_LIST, COLUMN_BLACKLIST);",
          "CHANGE_new:": "        this.excludeColumns \u003d config.getFallbackStringProperty(COLUMN_EXCLUDE_LIST, COLUMN_BLACKLIST);",
          "instance_detail": [
            {
              "pattern_action": "ANY",
              "pattern_entity": {
                "entity_type": "*",
                "entity_new value": "*",
                "entity_role": "*",
                "entity_parent": {
                  "entity_type": "AbstractInvocation",
                  "entity_new value": "*",
                  "entity_role": "*",
                  "entity_parent": "null"
                }
              },
              "concrete_change": {
                "operator": "INS",
                "src_type": "TypeAccess",
                "dst_type": "null",
                "src": "io.debezium.config.Configuration",
                "dst": "null",
                "src_parent_type": "ThisAccess",
                "dst_parent_type": "null",
                "src_parent": "",
                "dst_parent": "null"
              },
              "stats": {
                "number_of_src_entities": 3,
                "number_of_dst_entities": -1,
                "src_entity_types": "[io.debezium.config.Configuration]",
                "dst_entity_types": "[]"
              }
            }
          ]
        },
        {
          "tool-name": "Elixir",
          "pattern-name": "Elixir:update_invocation_deep",
          "Unified_Diff_of-files:": "Starts Below...",
          "DELETE:": "                                config,",
          "CHANGE_old:": "        this.excludeColumns \u003d config.getFallbackStringProperty(config, COLUMN_EXCLUDE_LIST, COLUMN_BLACKLIST);",
          "CHANGE_new:": "        this.excludeColumns \u003d config.getFallbackStringProperty(COLUMN_EXCLUDE_LIST, COLUMN_BLACKLIST);",
          "instance_detail": [
            {
              "pattern_action": "ANY",
              "pattern_entity": {
                "entity_type": "*",
                "entity_new value": "*",
                "entity_role": "*",
                "entity_parent": {
                  "entity_type": "AbstractInvocation",
                  "entity_new value": "*",
                  "entity_role": "*",
                  "entity_parent": "null"
                }
              },
              "concrete_change": {
                "operator": "INS",
                "src_type": "TypeAccess",
                "dst_type": "null",
                "src": "io.debezium.config.Configuration",
                "dst": "null",
                "src_parent_type": "ThisAccess",
                "dst_parent_type": "null",
                "src_parent": "",
                "dst_parent": "null"
              },
              "stats": {
                "number_of_src_entities": 3,
                "number_of_dst_entities": -1,
                "src_entity_types": "[io.debezium.config.Configuration]",
                "dst_entity_types": "[]"
              }
            }
          ]
        },
        {
          "tool-name": "Elixir",
          "pattern-name": "Elixir:update_invocation_deep",
          "Unified_Diff_of-files:": "Starts Below...",
          "DELETE:": "                                config,",
          "CHANGE_old:": "        this.excludeColumns \u003d config.getFallbackStringProperty(config, COLUMN_EXCLUDE_LIST, COLUMN_BLACKLIST);",
          "CHANGE_new:": "        this.excludeColumns \u003d config.getFallbackStringProperty(COLUMN_EXCLUDE_LIST, COLUMN_BLACKLIST);",
          "instance_detail": [
            {
              "pattern_action": "ANY",
              "pattern_entity": {
                "entity_type": "*",
                "entity_new value": "*",
                "entity_role": "*",
                "entity_parent": {
                  "entity_type": "AbstractInvocation",
                  "entity_new value": "*",
                  "entity_role": "*",
                  "entity_parent": "null"
                }
              },
              "concrete_change": {
                "operator": "INS",
                "src_type": "TypeAccess",
                "dst_type": "null",
                "src": "",
                "dst": "null",
                "src_parent_type": "ThisAccess",
                "dst_parent_type": "null",
                "src_parent": "",
                "dst_parent": "null"
              },
              "stats": {
                "number_of_src_entities": 1,
                "number_of_dst_entities": -1,
                "src_entity_types": "[]",
                "dst_entity_types": "[]"
              }
            }
          ]
        },
        {
          "tool-name": "Elixir",
          "pattern-name": "Elixir:update_invocation_deep",
          "Unified_Diff_of-files:": "Starts Below...",
          "DELETE:": "                                config,",
          "CHANGE_old:": "        this.excludeColumns \u003d config.getFallbackStringProperty(config, COLUMN_EXCLUDE_LIST, COLUMN_BLACKLIST);",
          "CHANGE_new:": "        this.excludeColumns \u003d config.getFallbackStringProperty(COLUMN_EXCLUDE_LIST, COLUMN_BLACKLIST);",
          "instance_detail": [
            {
              "pattern_action": "ANY",
              "pattern_entity": {
                "entity_type": "*",
                "entity_new value": "*",
                "entity_role": "*",
                "entity_parent": {
                  "entity_type": "AbstractInvocation",
                  "entity_new value": "*",
                  "entity_role": "*",
                  "entity_parent": "null"
                }
              },
              "concrete_change": {
                "operator": "INS",
                "src_type": "TypeAccess",
                "dst_type": "null",
                "src": "",
                "dst": "null",
                "src_parent_type": "ThisAccess",
                "dst_parent_type": "null",
                "src_parent": "",
                "dst_parent": "null"
              },
              "stats": {
                "number_of_src_entities": 1,
                "number_of_dst_entities": -1,
                "src_entity_types": "[]",
                "dst_entity_types": "[]"
              }
            }
          ]
        }
      ]
    },
    {
      "revision": "178140ae9c42e3a920ebd96ff0892f7305a1a3e3",
      "repairability": [
        {
          "tool-name": "Elixir",
          "pattern-name": "Elixir:update_invocation_deep",
          "Unified_Diff_of-files:": "Starts Below...",
          "DELETE:": "                                config,",
          "CHANGE_old:": "        this.excludeColumns \u003d config.getFallbackStringProperty(config, COLUMN_EXCLUDE_LIST, COLUMN_BLACKLIST);",
          "CHANGE_new:": "        this.excludeColumns \u003d config.getFallbackStringProperty(COLUMN_EXCLUDE_LIST, COLUMN_BLACKLIST);",
          "instance_detail": [
            {
              "pattern_action": "ANY",
              "pattern_entity": {
                "entity_type": "*",
                "entity_new value": "*",
                "entity_role": "*",
                "entity_parent": {
                  "entity_type": "AbstractInvocation",
                  "entity_new value": "*",
                  "entity_role": "*",
                  "entity_parent": "null"
                }
              },
              "concrete_change": {
                "operator": "DEL",
                "src_type": "Invocation",
                "dst_type": "null",
                "src": "getConfig()",
                "dst": "null",
                "src_parent_type": "Invocation",
                "dst_parent_type": "null",
                "src_parent": "getConfig().getFallbackStringProperty(getConfig(), io.debezium.relational.RelationalDatabaseConnectorConfig.SCHEMA_EXCLUDE_LIST, io.debezium.relational.RelationalDatabaseConnectorConfig.SCHEMA_BLACKLIST)",
                "dst_parent": "null"
              },
              "line": 621,
              "file": "/home/khesoem/projects/lighter/exp/debezium-core/src/main/java/io/debezium/relational/RelationalDatabaseConnectorConfig.java",
              "stats": {
                "number_of_src_entities": 8,
                "number_of_dst_entities": -1,
                "src_entity_types": "[io.debezium.relational.RelationalDatabaseConnectorConfig]",
                "dst_entity_types": "[]"
              }
            }
          ]
        },
        {
          "tool-name": "Elixir",
          "pattern-name": "Elixir:update_invocation_deep",
          "Unified_Diff_of-files:": "Starts Below...",
          "DELETE:": "                                config,",
          "CHANGE_old:": "        this.excludeColumns \u003d config.getFallbackStringProperty(config, COLUMN_EXCLUDE_LIST, COLUMN_BLACKLIST);",
          "CHANGE_new:": "        this.excludeColumns \u003d config.getFallbackStringProperty(COLUMN_EXCLUDE_LIST, COLUMN_BLACKLIST);",
          "instance_detail": [
            {
              "pattern_action": "ANY",
              "pattern_entity": {
                "entity_type": "*",
                "entity_new value": "*",
                "entity_role": "*",
                "entity_parent": {
                  "entity_type": "AbstractInvocation",
                  "entity_new value": "*",
                  "entity_role": "*",
                  "entity_parent": "null"
                }
              },
              "concrete_change": {
                "operator": "DEL",
                "src_type": "Invocation",
                "dst_type": "null",
                "src": "getConfig()",
                "dst": "null",
                "src_parent_type": "Invocation",
                "dst_parent_type": "null",
                "src_parent": "getConfig().getFallbackStringProperty(getConfig(), io.debezium.relational.RelationalDatabaseConnectorConfig.SCHEMA_INCLUDE_LIST, io.debezium.relational.RelationalDatabaseConnectorConfig.SCHEMA_WHITELIST)",
                "dst_parent": "null"
              },
              "line": 625,
              "file": "/home/khesoem/projects/lighter/exp/debezium-core/src/main/java/io/debezium/relational/RelationalDatabaseConnectorConfig.java",
              "stats": {
                "number_of_src_entities": 8,
                "number_of_dst_entities": -1,
                "src_entity_types": "[io.debezium.relational.RelationalDatabaseConnectorConfig]",
                "dst_entity_types": "[]"
              }
            }
          ]
        },
        {
          "tool-name": "Elixir",
          "pattern-name": "Elixir:update_invocation_deep",
          "Unified_Diff_of-files:": "Starts Below...",
          "DELETE:": "                                config,",
          "CHANGE_old:": "        this.excludeColumns \u003d config.getFallbackStringProperty(config, COLUMN_EXCLUDE_LIST, COLUMN_BLACKLIST);",
          "CHANGE_new:": "        this.excludeColumns \u003d config.getFallbackStringProperty(COLUMN_EXCLUDE_LIST, COLUMN_BLACKLIST);",
          "instance_detail": [
            {
              "pattern_action": "ANY",
              "pattern_entity": {
                "entity_type": "*",
                "entity_new value": "*",
                "entity_role": "*",
                "entity_parent": {
                  "entity_type": "AbstractInvocation",
                  "entity_new value": "*",
                  "entity_role": "*",
                  "entity_parent": "null"
                }
              },
              "concrete_change": {
                "operator": "DEL",
                "src_type": "Invocation",
                "dst_type": "null",
                "src": "getConfig()",
                "dst": "null",
                "src_parent_type": "Invocation",
                "dst_parent_type": "null",
                "src_parent": "getConfig().getFallbackStringProperty(getConfig(), io.debezium.relational.RelationalDatabaseConnectorConfig.TABLE_EXCLUDE_LIST, io.debezium.relational.RelationalDatabaseConnectorConfig.TABLE_BLACKLIST)",
                "dst_parent": "null"
              },
              "line": 629,
              "file": "/home/khesoem/projects/lighter/exp/debezium-core/src/main/java/io/debezium/relational/RelationalDatabaseConnectorConfig.java",
              "stats": {
                "number_of_src_entities": 8,
                "number_of_dst_entities": -1,
                "src_entity_types": "[io.debezium.relational.RelationalDatabaseConnectorConfig]",
                "dst_entity_types": "[]"
              }
            }
          ]
        },
        {
          "tool-name": "Elixir",
          "pattern-name": "Elixir:update_invocation_deep",
          "Unified_Diff_of-files:": "Starts Below...",
          "DELETE:": "                                config,",
          "CHANGE_old:": "        this.excludeColumns \u003d config.getFallbackStringProperty(config, COLUMN_EXCLUDE_LIST, COLUMN_BLACKLIST);",
          "CHANGE_new:": "        this.excludeColumns \u003d config.getFallbackStringProperty(COLUMN_EXCLUDE_LIST, COLUMN_BLACKLIST);",
          "instance_detail": [
            {
              "pattern_action": "ANY",
              "pattern_entity": {
                "entity_type": "*",
                "entity_new value": "*",
                "entity_role": "*",
                "entity_parent": {
                  "entity_type": "AbstractInvocation",
                  "entity_new value": "*",
                  "entity_role": "*",
                  "entity_parent": "null"
                }
              },
              "concrete_change": {
                "operator": "DEL",
                "src_type": "Invocation",
                "dst_type": "null",
                "src": "getConfig()",
                "dst": "null",
                "src_parent_type": "Invocation",
                "dst_parent_type": "null",
                "src_parent": "getConfig().getFallbackStringProperty(getConfig(), io.debezium.relational.RelationalDatabaseConnectorConfig.TABLE_INCLUDE_LIST, io.debezium.relational.RelationalDatabaseConnectorConfig.TABLE_WHITELIST)",
                "dst_parent": "null"
              },
              "line": 633,
              "file": "/home/khesoem/projects/lighter/exp/debezium-core/src/main/java/io/debezium/relational/RelationalDatabaseConnectorConfig.java",
              "stats": {
                "number_of_src_entities": 8,
                "number_of_dst_entities": -1,
                "src_entity_types": "[io.debezium.relational.RelationalDatabaseConnectorConfig]",
                "dst_entity_types": "[]"
              }
            }
          ]
        }
      ]
    }
  ],
  "complete_analysis": true
}