{
  "instances": [
    {
      "revision": "260c32cf0efeec695f51be07ec3559d780d36aea",
      "repairability": [
        {
          "tool-name": "Elixir",
          "pattern-name": "Elixir:update_invocation_deep",
          "Unified_Diff_of-files:": "Starts Below...",
          "CHANGE_old:": "        signalPayload.offsetContext.getIncrementalSnapshotContext().openWindow();",
          "CHANGE_new:": "        signalPayload.offsetContext.getIncrementalSnapshotContext().openWindow(signalPayload.id);",
          "instance_detail": [
            {
              "pattern_action": "ANY",
              "pattern_entity": {
                "entity_type": "*",
                "entity_new value": "*",
                "entity_role": "*",
                "entity_parent": {
                  "entity_type": "AbstractInvocation",
                  "entity_new value": "*",
                  "entity_role": "*",
                  "entity_parent": "null"
                }
              },
              "concrete_change": {
                "operator": "INS",
                "src_type": "FieldRead",
                "dst_type": "null",
                "src": "dispatcher",
                "dst": "null",
                "src_parent_type": "ConstructorCall",
                "dst_parent_type": "null",
                "src_parent": "new io.debezium.pipeline.source.snapshot.incremental.CloseIncrementalSnapshotWindow(dispatcher, eventSource)",
                "dst_parent": "null"
              },
              "line": 113,
              "file": "/home/khesoem/projects/lighter/exp/debezium-core/src/main/java/io/debezium/pipeline/signal/Signal.java",
              "stats": {
                "number_of_src_entities": 15,
                "number_of_dst_entities": -1,
                "src_entity_types": "[io.debezium.pipeline.signal.Signal]",
                "dst_entity_types": "[]"
              }
            }
          ]
        }
      ]
    },
    {
      "revision": "260c32cf0efeec695f51be07ec3559d780d36aea",
      "repairability": [
        {
          "tool-name": "Elixir",
          "pattern-name": "Elixir:update_type_ref",
          "Unified_Diff_of-files:": "Starts Below...",
          "CHANGE_old:": "        signalPayload.offsetContext.getIncrementalSnapshotContext().openWindow();",
          "CHANGE_new:": "        signalPayload.offsetContext.getIncrementalSnapshotContext().openWindow(signalPayload.id);",
          "instance_detail": [
            {
              "pattern_action": "UPD",
              "pattern_entity": {
                "entity_type": "TypeReference",
                "entity_new value": "*",
                "entity_role": "*",
                "entity_parent": "null"
              },
              "concrete_change": {
                "operator": "UPD",
                "src_type": "TypeReference",
                "dst_type": "TypeReference",
                "src": "void",
                "dst": "boolean",
                "src_parent_type": "Method",
                "dst_parent_type": "Method",
                "src_parent": "public void openWindow() {\n    io.debezium.pipeline.source.snapshot.incremental.IncrementalSnapshotContext.LOGGER.debug(\"Opening window for incremental snapshot chunk\");\n    windowOpened \u003d true;\n}",
                "dst_parent": "public boolean openWindow(java.lang.String id) {\n    if (!(id.startsWith(currentChunkId))) {\n        io.debezium.pipeline.source.snapshot.incremental.IncrementalSnapshotContext.LOGGER.info(\"Arrived request to open window with id \u003d \u0027{}\u0027, expected \u003d \u0027{}\u0027, request ignored\", id, currentChunkId);\n        return false;\n    }\n    io.debezium.pipeline.source.snapshot.incremental.IncrementalSnapshotContext.LOGGER.debug(\"Opening window for incremental snapshot chunk\");\n    windowOpened \u003d true;\n    return true;\n}"
              },
              "line": 71,
              "file": "/home/khesoem/projects/lighter/exp/debezium-core/src/main/java/io/debezium/pipeline/source/snapshot/incremental/IncrementalSnapshotContext.java",
              "stats": {
                "number_of_src_entities": 1,
                "number_of_dst_entities": 1,
                "src_entity_types": "[void]",
                "dst_entity_types": "[boolean]"
              }
            }
          ]
        },
        {
          "tool-name": "Elixir",
          "pattern-name": "Elixir:update_type_ref",
          "Unified_Diff_of-files:": "Starts Below...",
          "CHANGE_old:": "        signalPayload.offsetContext.getIncrementalSnapshotContext().openWindow();",
          "CHANGE_new:": "        signalPayload.offsetContext.getIncrementalSnapshotContext().openWindow(signalPayload.id);",
          "instance_detail": [
            {
              "pattern_action": "UPD",
              "pattern_entity": {
                "entity_type": "TypeReference",
                "entity_new value": "*",
                "entity_role": "*",
                "entity_parent": "null"
              },
              "concrete_change": {
                "operator": "UPD",
                "src_type": "TypeReference",
                "dst_type": "TypeReference",
                "src": "void",
                "dst": "boolean",
                "src_parent_type": "Method",
                "dst_parent_type": "Method",
                "src_parent": "public void closeWindow() {\n    io.debezium.pipeline.source.snapshot.incremental.IncrementalSnapshotContext.LOGGER.debug(\"Closing window for incremental snapshot chunk\");\n    windowOpened \u003d false;\n}",
                "dst_parent": "public boolean closeWindow(java.lang.String id) {\n    if (!(id.startsWith(currentChunkId))) {\n        io.debezium.pipeline.source.snapshot.incremental.IncrementalSnapshotContext.LOGGER.info(\"Arrived request to close window with id \u003d \u0027{}\u0027, expected \u003d \u0027{}\u0027, request ignored\", id, currentChunkId);\n        return false;\n    }\n    io.debezium.pipeline.source.snapshot.incremental.IncrementalSnapshotContext.LOGGER.debug(\"Closing window for incremental snapshot chunk\");\n    windowOpened \u003d false;\n    return true;\n}"
              },
              "line": 76,
              "file": "/home/khesoem/projects/lighter/exp/debezium-core/src/main/java/io/debezium/pipeline/source/snapshot/incremental/IncrementalSnapshotContext.java",
              "stats": {
                "number_of_src_entities": 1,
                "number_of_dst_entities": 1,
                "src_entity_types": "[void]",
                "dst_entity_types": "[boolean]"
              }
            }
          ]
        }
      ]
    },
    {
      "revision": "260c32cf0efeec695f51be07ec3559d780d36aea",
      "repairability": [
        {
          "tool-name": "Elixir",
          "pattern-name": "Elixir:Insert_Invocation",
          "Unified_Diff_of-files:": "Starts Below...",
          "CHANGE_old:": "        signalPayload.offsetContext.getIncrementalSnapshotContext().openWindow();",
          "CHANGE_new:": "        signalPayload.offsetContext.getIncrementalSnapshotContext().openWindow(signalPayload.id);",
          "instance_detail": [
            {
              "pattern_action": "INS",
              "pattern_entity": {
                "entity_type": "AbstractInvocation",
                "entity_new value": "*",
                "entity_role": "*",
                "entity_parent": "null"
              },
              "concrete_change": {
                "operator": "INS",
                "src_type": "Invocation",
                "dst_type": "null",
                "src": "jdbcConnection.commit()",
                "dst": "null",
                "src_parent_type": "Block",
                "dst_parent_type": "null",
                "src_parent": "{\n    jdbcConnection.commit();\n    context.startNewChunk();\n    emitWindowOpen();\n    jdbcConnection.commit();\n    while (context.snapshotRunning()) {\n        final io.debezium.relational.TableId currentTableId \u003d ((io.debezium.relational.TableId) (context.currentDataCollectionId()));\n        currentTable \u003d databaseSchema.tableFor(currentTableId);\n        if ((currentTable) \u003d\u003d null) {\n            break;\n        }\n        if (!(context.maximumKey().isPresent())) {\n            context.maximumKey(jdbcConnection.queryAndMap(buildMaxPrimaryKeyQuery(currentTable), ( rs) -\u003e {\n                if (!(rs.next())) {\n                    return null;\n                }\n                return keyFromRow(rowToArray(currentTable, rs, io.debezium.util.ColumnUtils.toArray(rs, currentTable)));\n            }));\n            if (!(context.maximumKey().isPresent())) {\n                io.debezium.pipeline.source.snapshot.incremental.IncrementalSnapshotChangeEventSource.LOGGER.info(\"No maximum key returned by the query, incremental snapshotting of table \u0027{}\u0027 finished as it is empty\", currentTableId);\n                context.nextDataCollection();\n                continue;\n            }\n            io.debezium.pipeline.source.snapshot.incremental.IncrementalSnapshotChangeEventSource.LOGGER.info(\"Incremental snapshot for table \u0027{}\u0027 will end at position {}\", currentTableId, context.maximumKey());\n        }\n        createDataEventsForTable();\n        if (window.isEmpty()) {\n            io.debezium.pipeline.source.snapshot.incremental.IncrementalSnapshotChangeEventSource.LOGGER.info(\"No data returned by the query, incremental snapshotting of table \u0027{}\u0027 finished\", currentTableId);\n            context.nextDataCollection();\n        } else {\n            break;\n        }\n    } \n    emitWindowClose();\n    jdbcConnection.commit();\n}",
                "dst_parent": "null"
              },
              "line": 210,
              "file": "/home/khesoem/projects/lighter/exp/debezium-core/src/main/java/io/debezium/pipeline/source/snapshot/incremental/IncrementalSnapshotChangeEventSource.java",
              "stats": {
                "number_of_src_entities": 16,
                "number_of_dst_entities": -1,
                "src_entity_types": "[io.debezium.pipeline.source.snapshot.incremental.IncrementalSnapshotChangeEventSource, io.debezium.jdbc.JdbcConnection]",
                "dst_entity_types": "[]"
              }
            }
          ]
        },
        {
          "tool-name": "Elixir",
          "pattern-name": "Elixir:check_length",
          "Unified_Diff_of-files:": "Starts Below...",
          "CHANGE_old:": "        signalPayload.offsetContext.getIncrementalSnapshotContext().openWindow();",
          "CHANGE_new:": "        signalPayload.offsetContext.getIncrementalSnapshotContext().openWindow(signalPayload.id);",
          "instance_detail": [
            {
              "pattern_action": "INS",
              "pattern_entity": {
                "entity_type": "If",
                "entity_new value": "*",
                "entity_role": "*",
                "entity_parent": "null"
              },
              "concrete_change": {
                "operator": "INS",
                "src_type": "If",
                "dst_type": "null",
                "src": "if (!(context.closeWindow(id))) {\n    return;\n}",
                "dst": "null",
                "src_parent_type": "Block",
                "dst_parent_type": "null",
                "src_parent": "{\n    context \u003d ((io.debezium.pipeline.source.snapshot.incremental.IncrementalSnapshotContext\u003cT\u003e) (offsetContext.getIncrementalSnapshotContext()));\n    if (!(context.closeWindow(id))) {\n        return;\n    }\n    io.debezium.pipeline.source.snapshot.incremental.IncrementalSnapshotChangeEventSource.LOGGER.debug(\"Sending {} events from window buffer\", window.size());\n    offsetContext.incrementalSnapshotEvents();\n    for (java.lang.Object[] row : window.values()) {\n        sendEvent(dispatcher, offsetContext, row);\n    }\n    offsetContext.postSnapshotCompletion();\n    window.clear();\n    readChunk();\n}",
                "dst_parent": "null"
              },
              "line": 79,
              "file": "/home/khesoem/projects/lighter/exp/debezium-core/src/main/java/io/debezium/pipeline/source/snapshot/incremental/IncrementalSnapshotChangeEventSource.java",
              "stats": {
                "number_of_src_entities": 28,
                "number_of_dst_entities": -1,
                "src_entity_types": "[io.debezium.pipeline.source.snapshot.incremental.IncrementalSnapshotContext\u003cT\u003e, io.debezium.pipeline.source.snapshot.incremental.IncrementalSnapshotChangeEventSource, java.lang.String]",
                "dst_entity_types": "[]"
              }
            },
            {
              "pattern_action": "MOV",
              "pattern_entity": {
                "entity_type": "Statement",
                "entity_new value": "*",
                "entity_role": "*",
                "entity_parent": "null"
              },
              "concrete_change": {
                "operator": "MOV",
                "src_type": "Invocation",
                "dst_type": "Invocation",
                "src": "context.closeWindow()",
                "dst": "(context.closeWindow(id))",
                "src_parent_type": "Block",
                "dst_parent_type": "UnaryOperator",
                "src_parent": "{\n    context \u003d ((io.debezium.pipeline.source.snapshot.incremental.IncrementalSnapshotContext\u003cT\u003e) (offsetContext.getIncrementalSnapshotContext()));\n    context.closeWindow();\n    io.debezium.pipeline.source.snapshot.incremental.IncrementalSnapshotChangeEventSource.LOGGER.debug(\"Sending {} events from window buffer\", window.size());\n    offsetContext.incrementalSnapshotEvents();\n    for (java.lang.Object[] row : window.values()) {\n        sendEvent(offsetContext, row);\n    }\n    offsetContext.postSnapshotCompletion();\n    window.clear();\n    readChunk();\n}",
                "dst_parent": "!(context.closeWindow(id))"
              },
              "line": 82,
              "file": "/home/khesoem/projects/lighter/exp/debezium-core/src/main/java/io/debezium/pipeline/source/snapshot/incremental/IncrementalSnapshotChangeEventSource.java",
              "stats": {
                "number_of_src_entities": 18,
                "number_of_dst_entities": 24,
                "src_entity_types": "[io.debezium.pipeline.source.snapshot.incremental.IncrementalSnapshotContext\u003cT\u003e, io.debezium.pipeline.source.snapshot.incremental.IncrementalSnapshotChangeEventSource]",
                "dst_entity_types": "[io.debezium.pipeline.source.snapshot.incremental.IncrementalSnapshotContext\u003cT\u003e, io.debezium.pipeline.source.snapshot.incremental.IncrementalSnapshotChangeEventSource, java.lang.String]"
              }
            }
          ]
        },
        {
          "tool-name": "Elixir",
          "pattern-name": "Elixir:update_invocation_deep",
          "Unified_Diff_of-files:": "Starts Below...",
          "CHANGE_old:": "        signalPayload.offsetContext.getIncrementalSnapshotContext().openWindow();",
          "CHANGE_new:": "        signalPayload.offsetContext.getIncrementalSnapshotContext().openWindow(signalPayload.id);",
          "instance_detail": [
            {
              "pattern_action": "ANY",
              "pattern_entity": {
                "entity_type": "*",
                "entity_new value": "*",
                "entity_role": "*",
                "entity_parent": {
                  "entity_type": "AbstractInvocation",
                  "entity_new value": "*",
                  "entity_role": "*",
                  "entity_parent": "null"
                }
              },
              "concrete_change": {
                "operator": "INS",
                "src_type": "VariableRead",
                "dst_type": "null",
                "src": "dispatcher",
                "dst": "null",
                "src_parent_type": "Invocation",
                "dst_parent_type": "null",
                "src_parent": "dispatcher.dispatchSnapshotEvent(((T) (context.currentDataCollectionId())), getChangeRecordEmitter(context.currentDataCollectionId(), offsetContext, row), dispatcher.getIncrementalSnapshotChangeEventReceiver())",
                "dst_parent": "null"
              },
              "line": 101,
              "file": "/home/khesoem/projects/lighter/exp/debezium-core/src/main/java/io/debezium/pipeline/source/snapshot/incremental/IncrementalSnapshotChangeEventSource.java",
              "stats": {
                "number_of_src_entities": 5,
                "number_of_dst_entities": -1,
                "src_entity_types": "[io.debezium.pipeline.EventDispatcher\u003cT\u003e]",
                "dst_entity_types": "[]"
              }
            }
          ]
        }
      ]
    },
    {
      "revision": "260c32cf0efeec695f51be07ec3559d780d36aea",
      "repairability": [
        {
          "tool-name": "Elixir",
          "pattern-name": "Elixir:if_null_check",
          "Unified_Diff_of-files:": "Starts Below...",
          "CHANGE_old:": "        signalPayload.offsetContext.getIncrementalSnapshotContext().openWindow();",
          "CHANGE_new:": "        signalPayload.offsetContext.getIncrementalSnapshotContext().openWindow(signalPayload.id);",
          "instance_detail": [
            {
              "pattern_action": "INS",
              "pattern_entity": {
                "entity_type": "If",
                "entity_new value": "*",
                "entity_role": "*",
                "entity_parent": "null"
              },
              "concrete_change": {
                "operator": "INS",
                "src_type": "If",
                "dst_type": "null",
                "src": "if ((incrementalSnapshotChangeEventSource) !\u003d null) {\n    incrementalSnapshotChangeEventSource.processMessage(dataCollectionId, key, offset);\n}",
                "dst": "null",
                "src_parent_type": "Block",
                "dst_parent_type": "null",
                "src_parent": "{\n    transactionMonitor.dataEvent(dataCollectionId, offset, key, value);\n    eventListener.onEvent(dataCollectionId, offset, key, value);\n    if ((incrementalSnapshotChangeEventSource) !\u003d null) {\n        incrementalSnapshotChangeEventSource.processMessage(dataCollectionId, key, offset);\n    }\n    streamingReceiver.changeRecord(schema, operation, key, value, offset, headers);\n}",
                "dst_parent": "null"
              },
              "line": 234,
              "file": "/home/khesoem/projects/lighter/exp/debezium-core/src/main/java/io/debezium/pipeline/EventDispatcher.java",
              "stats": {
                "number_of_src_entities": 55,
                "number_of_dst_entities": -1,
                "src_entity_types": "[io.debezium.pipeline.EventDispatcher\u003cT\u003e, io.debezium.pipeline.EventDispatcher, io.debezium.pipeline.source.snapshot.incremental.IncrementalSnapshotChangeEventSource\u003cT\u003e, java.lang.Object, io.debezium.pipeline.spi.OffsetContext, \u003cnulltype\u003e]",
                "dst_entity_types": "[]"
              }
            },
            {
              "pattern_action": "MOV",
              "pattern_entity": {
                "entity_type": "Statement",
                "entity_new value": "*",
                "entity_role": "*",
                "entity_parent": "null"
              },
              "concrete_change": {
                "operator": "MOV",
                "src_type": "Invocation",
                "dst_type": "Invocation",
                "src": "incrementalSnapshotChangeEventSource.processMessage(dataCollectionId, key, offset)",
                "dst": "incrementalSnapshotChangeEventSource.processMessage(dataCollectionId, key, offset)",
                "src_parent_type": "Block",
                "dst_parent_type": "Block",
                "src_parent": "{\n    transactionMonitor.dataEvent(dataCollectionId, offset, key, value);\n    eventListener.onEvent(dataCollectionId, offset, key, value);\n    incrementalSnapshotChangeEventSource.processMessage(dataCollectionId, key, offset);\n    streamingReceiver.changeRecord(schema, operation, key, value, offset, headers);\n}",
                "dst_parent": "{\n    incrementalSnapshotChangeEventSource.processMessage(dataCollectionId, key, offset);\n}"
              },
              "line": 235,
              "file": "/home/khesoem/projects/lighter/exp/debezium-core/src/main/java/io/debezium/pipeline/EventDispatcher.java",
              "stats": {
                "number_of_src_entities": 36,
                "number_of_dst_entities": 36,
                "src_entity_types": "[io.debezium.pipeline.EventDispatcher\u003cT\u003e, io.debezium.pipeline.EventDispatcher, io.debezium.pipeline.source.snapshot.incremental.IncrementalSnapshotChangeEventSource\u003cT\u003e, java.lang.Object, io.debezium.pipeline.spi.OffsetContext]",
                "dst_entity_types": "[io.debezium.pipeline.EventDispatcher\u003cT\u003e, io.debezium.pipeline.EventDispatcher, io.debezium.pipeline.source.snapshot.incremental.IncrementalSnapshotChangeEventSource\u003cT\u003e, java.lang.Object, io.debezium.pipeline.spi.OffsetContext]"
              }
            },
            {
              "pattern_action": "INS",
              "pattern_entity": {
                "entity_type": "*",
                "entity_new value": "null",
                "entity_role": "*",
                "entity_parent": {
                  "entity_type": "BinaryOperator",
                  "entity_new value": "*",
                  "entity_role": "condition",
                  "entity_parent": {
                    "entity_type": "If",
                    "entity_new value": "*",
                    "entity_role": "*",
                    "entity_parent": "null"
                  }
                }
              },
              "concrete_change": {
                "operator": "INS",
                "src_type": "Literal",
                "dst_type": "null",
                "src": "null",
                "dst": "null",
                "src_parent_type": "BinaryOperator",
                "dst_parent_type": "null",
                "src_parent": "(incrementalSnapshotChangeEventSource) !\u003d null",
                "dst_parent": "null"
              },
              "line": 234,
              "file": "/home/khesoem/projects/lighter/exp/debezium-core/src/main/java/io/debezium/pipeline/EventDispatcher.java"
            }
          ]
        },
        {
          "tool-name": "Elixir",
          "pattern-name": "Elixir:check_length",
          "Unified_Diff_of-files:": "Starts Below...",
          "CHANGE_old:": "        signalPayload.offsetContext.getIncrementalSnapshotContext().openWindow();",
          "CHANGE_new:": "        signalPayload.offsetContext.getIncrementalSnapshotContext().openWindow(signalPayload.id);",
          "instance_detail": [
            {
              "pattern_action": "INS",
              "pattern_entity": {
                "entity_type": "If",
                "entity_new value": "*",
                "entity_role": "*",
                "entity_parent": "null"
              },
              "concrete_change": {
                "operator": "INS",
                "src_type": "If",
                "dst_type": "null",
                "src": "if ((incrementalSnapshotChangeEventSource) !\u003d null) {\n    incrementalSnapshotChangeEventSource.processMessage(dataCollectionId, key, offset);\n}",
                "dst": "null",
                "src_parent_type": "Block",
                "dst_parent_type": "null",
                "src_parent": "{\n    transactionMonitor.dataEvent(dataCollectionId, offset, key, value);\n    eventListener.onEvent(dataCollectionId, offset, key, value);\n    if ((incrementalSnapshotChangeEventSource) !\u003d null) {\n        incrementalSnapshotChangeEventSource.processMessage(dataCollectionId, key, offset);\n    }\n    streamingReceiver.changeRecord(schema, operation, key, value, offset, headers);\n}",
                "dst_parent": "null"
              },
              "line": 234,
              "file": "/home/khesoem/projects/lighter/exp/debezium-core/src/main/java/io/debezium/pipeline/EventDispatcher.java",
              "stats": {
                "number_of_src_entities": 55,
                "number_of_dst_entities": -1,
                "src_entity_types": "[io.debezium.pipeline.EventDispatcher\u003cT\u003e, io.debezium.pipeline.EventDispatcher, io.debezium.pipeline.source.snapshot.incremental.IncrementalSnapshotChangeEventSource\u003cT\u003e, java.lang.Object, io.debezium.pipeline.spi.OffsetContext, \u003cnulltype\u003e]",
                "dst_entity_types": "[]"
              }
            },
            {
              "pattern_action": "MOV",
              "pattern_entity": {
                "entity_type": "Statement",
                "entity_new value": "*",
                "entity_role": "*",
                "entity_parent": "null"
              },
              "concrete_change": {
                "operator": "MOV",
                "src_type": "Invocation",
                "dst_type": "Invocation",
                "src": "incrementalSnapshotChangeEventSource.processMessage(dataCollectionId, key, offset)",
                "dst": "incrementalSnapshotChangeEventSource.processMessage(dataCollectionId, key, offset)",
                "src_parent_type": "Block",
                "dst_parent_type": "Block",
                "src_parent": "{\n    transactionMonitor.dataEvent(dataCollectionId, offset, key, value);\n    eventListener.onEvent(dataCollectionId, offset, key, value);\n    incrementalSnapshotChangeEventSource.processMessage(dataCollectionId, key, offset);\n    streamingReceiver.changeRecord(schema, operation, key, value, offset, headers);\n}",
                "dst_parent": "{\n    incrementalSnapshotChangeEventSource.processMessage(dataCollectionId, key, offset);\n}"
              },
              "line": 235,
              "file": "/home/khesoem/projects/lighter/exp/debezium-core/src/main/java/io/debezium/pipeline/EventDispatcher.java",
              "stats": {
                "number_of_src_entities": 36,
                "number_of_dst_entities": 36,
                "src_entity_types": "[io.debezium.pipeline.EventDispatcher\u003cT\u003e, io.debezium.pipeline.EventDispatcher, io.debezium.pipeline.source.snapshot.incremental.IncrementalSnapshotChangeEventSource\u003cT\u003e, java.lang.Object, io.debezium.pipeline.spi.OffsetContext]",
                "dst_entity_types": "[io.debezium.pipeline.EventDispatcher\u003cT\u003e, io.debezium.pipeline.EventDispatcher, io.debezium.pipeline.source.snapshot.incremental.IncrementalSnapshotChangeEventSource\u003cT\u003e, java.lang.Object, io.debezium.pipeline.spi.OffsetContext]"
              }
            }
          ]
        }
      ]
    }
  ],
  "complete_analysis": true
}