{
  "instances": [
    {
      "revision": "09fa730d98b560333dd8ab61a6edc299ccb5dcf1",
      "repairability": [
        {
          "tool-name": "Elixir",
          "pattern-name": "Elixir:update_invocation",
          "Unified_Diff_of-files:": "Starts Below...",
          "INSERT:": "    }",
          "CHANGE_old:": "",
          "CHANGE_new:": "            query.append(\"AND ROWNUM\u003d1\");",
          "instance_detail": [
            {
              "pattern_action": "UPD",
              "pattern_entity": {
                "entity_type": "AbstractInvocation",
                "entity_new value": "*",
                "entity_role": "*",
                "entity_parent": "null"
              },
              "concrete_change": {
                "operator": "UPD",
                "src_type": "Invocation",
                "dst_type": "Invocation",
                "src": "java.lang.String.format(\"SELECT DEST_ID FROM %s WHERE STATUS\u003d\u0027VALID\u0027 AND TYPE\u003d\u0027LOCAL\u0027 AND ROWNUM\u003d1\", io.debezium.connector.oracle.logminer.SqlUtils.ARCHIVE_DEST_STATUS_VIEW)",
                "dst": "query.toString()",
                "src_parent_type": "Return",
                "dst_parent_type": "Return",
                "src_parent": "return java.lang.String.format(\"SELECT DEST_ID FROM %s WHERE STATUS\u003d\u0027VALID\u0027 AND TYPE\u003d\u0027LOCAL\u0027 AND ROWNUM\u003d1\", io.debezium.connector.oracle.logminer.SqlUtils.ARCHIVE_DEST_STATUS_VIEW)",
                "dst_parent": "return query.toString()"
              },
              "line": 229,
              "file": "/home/khesoem/projects/lighter/exp/debezium-connector-oracle/src/main/java/io/debezium/connector/oracle/logminer/SqlUtils.java",
              "stats": {
                "number_of_src_entities": 26,
                "number_of_dst_entities": 10,
                "src_entity_types": "[io.debezium.connector.oracle.logminer.SqlUtils, java.lang.String]",
                "dst_entity_types": "[java.lang.StringBuilder]"
              }
            }
          ]
        },
        {
          "tool-name": "Elixir",
          "pattern-name": "Elixir:update_invocation_deep",
          "Unified_Diff_of-files:": "Starts Below...",
          "INSERT:": "    }",
          "CHANGE_old:": "",
          "CHANGE_new:": "            query.append(\"AND ROWNUM\u003d1\");",
          "instance_detail": [
            {
              "pattern_action": "ANY",
              "pattern_entity": {
                "entity_type": "*",
                "entity_new value": "*",
                "entity_role": "*",
                "entity_parent": {
                  "entity_type": "AbstractInvocation",
                  "entity_new value": "*",
                  "entity_role": "*",
                  "entity_parent": "null"
                }
              },
              "concrete_change": {
                "operator": "MOV",
                "src_type": "FieldRead",
                "dst_type": "FieldRead",
                "src": "io.debezium.connector.oracle.logminer.SqlUtils.ARCHIVE_DEST_STATUS_VIEW",
                "dst": "io.debezium.connector.oracle.logminer.SqlUtils.ARCHIVE_DEST_STATUS_VIEW",
                "src_parent_type": "Invocation",
                "dst_parent_type": "Invocation",
                "src_parent": "java.lang.String.format(\"SELECT DEST_ID FROM %s WHERE STATUS\u003d\u0027VALID\u0027 AND TYPE\u003d\u0027LOCAL\u0027 AND ROWNUM\u003d1\", io.debezium.connector.oracle.logminer.SqlUtils.ARCHIVE_DEST_STATUS_VIEW)",
                "dst_parent": "query.append(\"SELECT DEST_ID FROM \").append(io.debezium.connector.oracle.logminer.SqlUtils.ARCHIVE_DEST_STATUS_VIEW)"
              },
              "line": 229,
              "file": "/home/khesoem/projects/lighter/exp/debezium-connector-oracle/src/main/java/io/debezium/connector/oracle/logminer/SqlUtils.java",
              "stats": {
                "number_of_src_entities": 9,
                "number_of_dst_entities": 9,
                "src_entity_types": "[io.debezium.connector.oracle.logminer.SqlUtils]",
                "dst_entity_types": "[io.debezium.connector.oracle.logminer.SqlUtils]"
              }
            }
          ]
        },
        {
          "tool-name": "Elixir",
          "pattern-name": "Elixir:update_invocation_deep",
          "Unified_Diff_of-files:": "Starts Below...",
          "INSERT:": "    }",
          "CHANGE_old:": "",
          "CHANGE_new:": "            query.append(\"AND ROWNUM\u003d1\");",
          "instance_detail": [
            {
              "pattern_action": "ANY",
              "pattern_entity": {
                "entity_type": "*",
                "entity_new value": "*",
                "entity_role": "*",
                "entity_parent": {
                  "entity_type": "AbstractInvocation",
                  "entity_new value": "*",
                  "entity_role": "*",
                  "entity_parent": "null"
                }
              },
              "concrete_change": {
                "operator": "DEL",
                "src_type": "TypeAccess",
                "dst_type": "null",
                "src": "java.lang.String",
                "dst": "null",
                "src_parent_type": "Invocation",
                "dst_parent_type": "null",
                "src_parent": "java.lang.String.format(\"SELECT DEST_ID FROM %s WHERE STATUS\u003d\u0027VALID\u0027 AND TYPE\u003d\u0027LOCAL\u0027 AND ROWNUM\u003d1\", io.debezium.connector.oracle.logminer.SqlUtils.ARCHIVE_DEST_STATUS_VIEW)",
                "dst_parent": "null"
              },
              "line": 229,
              "file": "/home/khesoem/projects/lighter/exp/debezium-connector-oracle/src/main/java/io/debezium/connector/oracle/logminer/SqlUtils.java"
            }
          ]
        }
      ]
    }
  ],
  "complete_analysis": true
}