{
  "instances": [
    {
      "revision": "3b20316534d0800ee13ddabbeac07dd57b5f6855",
      "repairability": [
        {
          "tool-name": "Elixir",
          "pattern-name": "Elixir:update_invocation_deep",
          "Unified_Diff_of-files:": "Starts Below...",
          "CHANGE_old:": "package io.debezium.outbox.quarkus.internal;",
          "CHANGE_new:": "package io.debezium.outbox.quarkus.deployment;",
          "instance_detail": [
            {
              "pattern_action": "ANY",
              "pattern_entity": {
                "entity_type": "*",
                "entity_new value": "*",
                "entity_role": "*",
                "entity_parent": {
                  "entity_type": "AbstractInvocation",
                  "entity_new value": "*",
                  "entity_role": "*",
                  "entity_parent": "null"
                }
              },
              "concrete_change": {
                "operator": "UPD",
                "src_type": "TypeAccess",
                "dst_type": "TypeAccess",
                "src": "io.debezium.outbox.quarkus.internal.AdditionalJaxbMappingProducerImpl",
                "dst": "io.debezium.outbox.quarkus.deployment.AdditionalJaxbMappingProducerImpl",
                "src_parent_type": "ThisAccess",
                "dst_parent_type": "ThisAccess",
                "src_parent": "",
                "dst_parent": ""
              },
              "stats": {
                "number_of_src_entities": 3,
                "number_of_dst_entities": 3,
                "src_entity_types": "[io.debezium.outbox.quarkus.internal.AdditionalJaxbMappingProducerImpl]",
                "dst_entity_types": "[io.debezium.outbox.quarkus.deployment.AdditionalJaxbMappingProducerImpl]"
              }
            }
          ]
        },
        {
          "tool-name": "Elixir",
          "pattern-name": "Elixir:update_invocation_deep",
          "Unified_Diff_of-files:": "Starts Below...",
          "CHANGE_old:": "package io.debezium.outbox.quarkus.internal;",
          "CHANGE_new:": "package io.debezium.outbox.quarkus.deployment;",
          "instance_detail": [
            {
              "pattern_action": "ANY",
              "pattern_entity": {
                "entity_type": "*",
                "entity_new value": "*",
                "entity_role": "*",
                "entity_parent": {
                  "entity_type": "AbstractInvocation",
                  "entity_new value": "*",
                  "entity_role": "*",
                  "entity_parent": "null"
                }
              },
              "concrete_change": {
                "operator": "UPD",
                "src_type": "TypeAccess",
                "dst_type": "TypeAccess",
                "src": "io.debezium.outbox.quarkus.internal.AdditionalJaxbMappingProducerImpl",
                "dst": "io.debezium.outbox.quarkus.deployment.AdditionalJaxbMappingProducerImpl",
                "src_parent_type": "FieldRead",
                "dst_parent_type": "FieldRead",
                "src_parent": "io.debezium.outbox.quarkus.internal.AdditionalJaxbMappingProducerImpl.LOGGER",
                "dst_parent": "io.debezium.outbox.quarkus.deployment.AdditionalJaxbMappingProducerImpl.LOGGER"
              },
              "stats": {
                "number_of_src_entities": 3,
                "number_of_dst_entities": 3,
                "src_entity_types": "[io.debezium.outbox.quarkus.internal.AdditionalJaxbMappingProducerImpl]",
                "dst_entity_types": "[io.debezium.outbox.quarkus.deployment.AdditionalJaxbMappingProducerImpl]"
              }
            }
          ]
        }
      ]
    }
  ],
  "complete_analysis": true
}