{
  "instances": [
    {
      "revision": "07eadc38131925058f454ec778a346ea2772c547",
      "repairability": [
        {
          "tool-name": "Cardumen",
          "pattern-name": "Cardumen:expression_replacement_by_upd",
          "Unified_Diff_of-files:": "Starts Below...",
          "INSERT:": "    context.metricRegistry.register(metricNameForSegmentsTotal, (Gauge\u0026lt;Float\u0026gt;) ()  -\u0026gt; segmentsTotal);",
          "instance_detail": [
            {
              "pattern_action": "UPD",
              "pattern_entity": {
                "entity_type": "Expression",
                "entity_new value": "*",
                "entity_role": "*",
                "entity_parent": "null"
              },
              "concrete_change": {
                "operator": "UPD",
                "src_type": "Lambda",
                "dst_type": "Lambda",
                "src": "( coord) -\u003e io.cassandrareaper.service.RepairRunner.getNodeDatacenterPair(coord, jmxProxy)",
                "dst": "( coord) -\u003e io.cassandrareaper.service.RepairRunner.getNodeDatacenterPair(coord, jmxProxy)",
                "src_parent_type": "Invocation",
                "dst_parent_type": "Invocation",
                "src_parent": "potentialCoordinators.stream().map(( coord) -\u003e io.cassandrareaper.service.RepairRunner.getNodeDatacenterPair(coord, jmxProxy))",
                "dst_parent": "potentialCoordinators.stream().map(( coord) -\u003e io.cassandrareaper.service.RepairRunner.getNodeDatacenterPair(coord, jmxProxy))"
              },
              "line": 427,
              "file": "/home/khesoem/projects/lighter/exp/src/server/src/main/java/io/cassandrareaper/service/RepairRunner.java",
              "stats": {
                "number_of_src_entities": 37,
                "number_of_dst_entities": 37,
                "src_entity_types": "[java.util.function.Function\u003c? super java.lang.String, ? extends java.lang.Object\u003e, java.lang.Object, java.lang.String, io.cassandrareaper.service.RepairRunner, io.cassandrareaper.jmx.JmxProxy]",
                "dst_entity_types": "[java.util.function.Function\u003c? super java.lang.String, ? extends java.lang.Object\u003e, java.lang.Object, java.lang.String, io.cassandrareaper.service.RepairRunner, io.cassandrareaper.jmx.JmxProxy]"
              }
            }
          ]
        }
      ]
    }
  ],
  "complete_analysis": true
}