{
  "instances": [
    {
      "revision": "46edb2a3bb336653df86a675a04b58a345c17323",
      "repairability": [
        {
          "tool-name": "JGenProg",
          "pattern-name": "JGenProg:any_statement_shallow",
          "Unified_Diff_of-files:": "Starts Below...",
          "INSERT:": "}",
          "instance_detail": [
            {
              "pattern_action": "ANY",
              "pattern_entity": {
                "entity_type": "*",
                "entity_new value": "*",
                "entity_role": "Statement",
                "entity_parent": "null"
              },
              "concrete_change": {
                "operator": "INS",
                "src_type": "Break",
                "dst_type": "null",
                "src": "break",
                "dst": "null",
                "src_parent_type": "Case",
                "dst_parent_type": "null",
                "src_parent": "case CONNECTION_INIT :\n    if (!(connectionInitialized.compareAndSet(false, true))) {\n        sendMessage(opId, io.vertx.ext.web.handler.graphql.impl.ERROR, \"CONNECTION_INIT can only be sent once\").onComplete(( v) -\u003e serverWebSocket.close(io.vertx.ext.web.handler.graphql.impl.ApolloWSConnectionHandler.WS_INTERNAL_ERROR));\n        break;\n    }\n    if (connectionInitHandler !\u003d null) {\n        connectionInitHandler.handle(new io.vertx.ext.web.handler.graphql.ApolloWSConnectionInitEvent() {\n            @java.lang.Override\n            public io.vertx.ext.web.handler.graphql.ApolloWSMessage message() {\n                return message;\n            }\n\n            @java.lang.Override\n            public boolean tryComplete(java.lang.Object o) {\n                return connectionPromise.tryComplete(o);\n            }\n\n            @java.lang.Override\n            public boolean tryFail(java.lang.Throwable throwable) {\n                return connectionPromise.tryFail(throwable);\n            }\n\n            @java.lang.Override\n            public io.vertx.core.Future\u003cjava.lang.Object\u003e future() {\n                return connectionPromise.future();\n            }\n        });\n    } else {\n        connectionPromise.complete();\n    }\n    connectionPromise.future().onComplete(( ar) -\u003e {\n        if (ar.succeeded()) {\n            connect();\n        } else {\n            sendMessage(opId, io.vertx.ext.web.handler.graphql.impl.CONNECTION_ERROR, ar.cause().getMessage()).onComplete(( v) -\u003e serverWebSocket.close(io.vertx.ext.web.handler.graphql.impl.ApolloWSConnectionHandler.WS_INTERNAL_ERROR));\n        }\n    });\n    break;",
                "dst_parent": "null"
              },
              "line": 155,
              "file": "/home/khesoem/projects/lighter/exp/vertx-web-graphql/src/main/java/io/vertx/ext/web/handler/graphql/impl/ApolloWSConnectionHandler.java",
              "stats": {
                "number_of_src_entities": 1,
                "number_of_dst_entities": -1,
                "src_entity_types": "[]",
                "dst_entity_types": "[]"
              }
            }
          ]
        },
        {
          "tool-name": "JGenProg",
          "pattern-name": "JGenProg:any_statement_shallow",
          "Unified_Diff_of-files:": "Starts Below...",
          "INSERT:": "}",
          "instance_detail": [
            {
              "pattern_action": "ANY",
              "pattern_entity": {
                "entity_type": "*",
                "entity_new value": "*",
                "entity_role": "Statement",
                "entity_parent": "null"
              },
              "concrete_change": {
                "operator": "DEL",
                "src_type": "Invocation",
                "dst_type": "null",
                "src": "connect()",
                "dst": "null",
                "src_parent_type": "Case",
                "dst_parent_type": "null",
                "src_parent": "case CONNECTION_INIT :\n    connect();\n    break;",
                "dst_parent": "null"
              },
              "line": 106,
              "file": "/home/khesoem/projects/lighter/exp/vertx-web-graphql/src/main/java/io/vertx/ext/web/handler/graphql/impl/ApolloWSConnectionHandler.java",
              "stats": {
                "number_of_src_entities": 11,
                "number_of_dst_entities": -1,
                "src_entity_types": "[io.vertx.ext.web.handler.graphql.impl.ApolloWSConnectionHandler]",
                "dst_entity_types": "[]"
              }
            }
          ]
        },
        {
          "tool-name": "JGenProg",
          "pattern-name": "JGenProg:any_statement_shallow",
          "Unified_Diff_of-files:": "Starts Below...",
          "INSERT:": "}",
          "instance_detail": [
            {
              "pattern_action": "ANY",
              "pattern_entity": {
                "entity_type": "*",
                "entity_new value": "*",
                "entity_role": "Statement",
                "entity_parent": "null"
              },
              "concrete_change": {
                "operator": "DEL",
                "src_type": "Break",
                "dst_type": "null",
                "src": "break",
                "dst": "null",
                "src_parent_type": "Case",
                "dst_parent_type": "null",
                "src_parent": "case CONNECTION_INIT :\n    connect();\n    break;",
                "dst_parent": "null"
              },
              "line": 107,
              "file": "/home/khesoem/projects/lighter/exp/vertx-web-graphql/src/main/java/io/vertx/ext/web/handler/graphql/impl/ApolloWSConnectionHandler.java",
              "stats": {
                "number_of_src_entities": 1,
                "number_of_dst_entities": -1,
                "src_entity_types": "[]",
                "dst_entity_types": "[]"
              }
            }
          ]
        },
        {
          "tool-name": "JGenProg",
          "pattern-name": "JGenProg:any_statement_shallow",
          "Unified_Diff_of-files:": "Starts Below...",
          "INSERT:": "}",
          "instance_detail": [
            {
              "pattern_action": "ANY",
              "pattern_entity": {
                "entity_type": "*",
                "entity_new value": "*",
                "entity_role": "Statement",
                "entity_parent": "null"
              },
              "concrete_change": {
                "operator": "DEL",
                "src_type": "Invocation",
                "dst_type": "null",
                "src": "start(message)",
                "dst": "null",
                "src_parent_type": "Case",
                "dst_parent_type": "null",
                "src_parent": "case START :\n    start(message);\n    break;",
                "dst_parent": "null"
              },
              "line": 112,
              "file": "/home/khesoem/projects/lighter/exp/vertx-web-graphql/src/main/java/io/vertx/ext/web/handler/graphql/impl/ApolloWSConnectionHandler.java",
              "stats": {
                "number_of_src_entities": 17,
                "number_of_dst_entities": -1,
                "src_entity_types": "[io.vertx.ext.web.handler.graphql.impl.ApolloWSConnectionHandler, io.vertx.ext.web.handler.graphql.ApolloWSMessage]",
                "dst_entity_types": "[]"
              }
            }
          ]
        },
        {
          "tool-name": "JGenProg",
          "pattern-name": "JGenProg:any_statement_deep",
          "Unified_Diff_of-files:": "Starts Below...",
          "INSERT:": "}",
          "instance_detail": [
            {
              "pattern_action": "ANY",
              "pattern_entity": {
                "entity_type": "*",
                "entity_new value": "*",
                "entity_role": "*",
                "entity_parent": {
                  "entity_type": "*",
                  "entity_new value": "*",
                  "entity_role": "Statement",
                  "entity_parent": "null"
                }
              },
              "concrete_change": {
                "operator": "UPD",
                "src_type": "Class",
                "dst_type": "Class",
                "src": "{\n    @java.lang.Override\n    public void onSubscribe(org.reactivestreams.Subscription s) {\n        subscriptionRef.set(s);\n        subscriptions.put(opId, s);\n        s.request(1);\n    }\n\n    @java.lang.Override\n    public void onNext(graphql.ExecutionResult er) {\n        sendMessage(opId, io.vertx.ext.web.handler.graphql.impl.DATA, new io.vertx.core.json.JsonObject(er.toSpecification()));\n        subscriptionRef.get().request(1);\n    }\n\n    @java.lang.Override\n    public void onError(java.lang.Throwable t) {\n        if (io.vertx.ext.web.handler.graphql.impl.ApolloWSConnectionHandler.log.isDebugEnabled()) {\n            io.vertx.ext.web.handler.graphql.impl.ApolloWSConnectionHandler.log.debug((\"GraphQL subscription terminated with error, opId\u003d\" + opId), t);\n        }\n        sendMessage(opId, io.vertx.ext.web.handler.graphql.impl.ERROR, toJsonObject(t));\n        subscriptions.remove(opId);\n    }\n\n    @java.lang.Override\n    public void onComplete() {\n        sendMessage(opId, io.vertx.ext.web.handler.graphql.impl.COMPLETE, null);\n        subscriptions.remove(opId);\n    }\n}",
                "dst": "{\n    @java.lang.Override\n    public void onSubscribe(org.reactivestreams.Subscription s) {\n        subscriptionRef.set(s);\n        subscriptions.put(opId, s);\n        s.request(1);\n    }\n\n    @java.lang.Override\n    public void onNext(graphql.ExecutionResult er) {\n        sendMessage(opId, io.vertx.ext.web.handler.graphql.impl.DATA, new io.vertx.core.json.JsonObject(er.toSpecification()));\n        subscriptionRef.get().request(1);\n    }\n\n    @java.lang.Override\n    public void onError(java.lang.Throwable t) {\n        if (io.vertx.ext.web.handler.graphql.impl.ApolloWSConnectionHandler.log.isDebugEnabled()) {\n            io.vertx.ext.web.handler.graphql.impl.ApolloWSConnectionHandler.log.debug((\"GraphQL subscription terminated with error, opId\u003d\" + opId), t);\n        }\n        sendMessage(opId, io.vertx.ext.web.handler.graphql.impl.ERROR, toJsonObject(t));\n        subscriptions.remove(opId);\n    }\n\n    @java.lang.Override\n    public void onComplete() {\n        sendMessage(opId, io.vertx.ext.web.handler.graphql.impl.COMPLETE, null);\n        subscriptions.remove(opId);\n    }\n}",
                "src_parent_type": "NewClass",
                "dst_parent_type": "NewClass",
                "src_parent": "new org.reactivestreams.Subscriber\u003cgraphql.ExecutionResult\u003e() {\n    @java.lang.Override\n    public void onSubscribe(org.reactivestreams.Subscription s) {\n        subscriptionRef.set(s);\n        subscriptions.put(opId, s);\n        s.request(1);\n    }\n\n    @java.lang.Override\n    public void onNext(graphql.ExecutionResult er) {\n        sendMessage(opId, io.vertx.ext.web.handler.graphql.impl.DATA, new io.vertx.core.json.JsonObject(er.toSpecification()));\n        subscriptionRef.get().request(1);\n    }\n\n    @java.lang.Override\n    public void onError(java.lang.Throwable t) {\n        if (io.vertx.ext.web.handler.graphql.impl.ApolloWSConnectionHandler.log.isDebugEnabled()) {\n            io.vertx.ext.web.handler.graphql.impl.ApolloWSConnectionHandler.log.debug((\"GraphQL subscription terminated with error, opId\u003d\" + opId), t);\n        }\n        sendMessage(opId, io.vertx.ext.web.handler.graphql.impl.ERROR, toJsonObject(t));\n        subscriptions.remove(opId);\n    }\n\n    @java.lang.Override\n    public void onComplete() {\n        sendMessage(opId, io.vertx.ext.web.handler.graphql.impl.COMPLETE, null);\n        subscriptions.remove(opId);\n    }\n}",
                "dst_parent": "new org.reactivestreams.Subscriber\u003cgraphql.ExecutionResult\u003e() {\n    @java.lang.Override\n    public void onSubscribe(org.reactivestreams.Subscription s) {\n        subscriptionRef.set(s);\n        subscriptions.put(opId, s);\n        s.request(1);\n    }\n\n    @java.lang.Override\n    public void onNext(graphql.ExecutionResult er) {\n        sendMessage(opId, io.vertx.ext.web.handler.graphql.impl.DATA, new io.vertx.core.json.JsonObject(er.toSpecification()));\n        subscriptionRef.get().request(1);\n    }\n\n    @java.lang.Override\n    public void onError(java.lang.Throwable t) {\n        if (io.vertx.ext.web.handler.graphql.impl.ApolloWSConnectionHandler.log.isDebugEnabled()) {\n            io.vertx.ext.web.handler.graphql.impl.ApolloWSConnectionHandler.log.debug((\"GraphQL subscription terminated with error, opId\u003d\" + opId), t);\n        }\n        sendMessage(opId, io.vertx.ext.web.handler.graphql.impl.ERROR, toJsonObject(t));\n        subscriptions.remove(opId);\n    }\n\n    @java.lang.Override\n    public void onComplete() {\n        sendMessage(opId, io.vertx.ext.web.handler.graphql.impl.COMPLETE, null);\n        subscriptions.remove(opId);\n    }\n}"
              },
              "line": 193,
              "file": "/home/khesoem/projects/lighter/exp/vertx-web-graphql/src/main/java/io/vertx/ext/web/handler/graphql/impl/ApolloWSConnectionHandler.java",
              "stats": {
                "number_of_src_entities": 349,
                "number_of_dst_entities": 358,
                "src_entity_types": "[void, java.lang.Object, io.vertx.ext.web.handler.graphql.impl.ApolloWSConnectionHandler, java.lang.String, graphql.ExecutionResult, java.util.concurrent.atomic.AtomicReference\u003corg.reactivestreams.Subscription\u003e, java.util.concurrent.ConcurrentMap\u003cjava.lang.String, org.reactivestreams.Subscription\u003e, io.vertx.core.impl.logging.Logger, \u003cnulltype\u003e, int, io.vertx.ext.web.handler.graphql.impl.COMPLETE, io.vertx.ext.web.handler.graphql.impl.ApolloWSConnectionHandler.1, org.reactivestreams.Subscriber\u003cgraphql.ExecutionResult\u003e, io.vertx.ext.web.handler.graphql.impl.DATA, java.lang.Throwable, io.vertx.ext.web.handler.graphql.impl.ERROR, java.lang.Override, org.reactivestreams.Subscription]",
                "dst_entity_types": "[void, java.lang.Object, io.vertx.ext.web.handler.graphql.impl.ApolloWSConnectionHandler, java.lang.String, graphql.ExecutionResult, java.util.concurrent.atomic.AtomicReference\u003corg.reactivestreams.Subscription\u003e, java.util.concurrent.ConcurrentMap\u003cjava.lang.String, org.reactivestreams.Subscription\u003e, io.vertx.core.impl.logging.Logger, \u003cnulltype\u003e, int, io.vertx.ext.web.handler.graphql.impl.COMPLETE, io.vertx.ext.web.handler.graphql.impl.ApolloWSConnectionHandler.2, org.reactivestreams.Subscriber\u003cgraphql.ExecutionResult\u003e, io.vertx.ext.web.handler.graphql.impl.DATA, java.lang.Throwable, io.vertx.ext.web.handler.graphql.impl.ERROR, java.lang.Override, org.reactivestreams.Subscription]"
              }
            }
          ]
        }
      ]
    }
  ],
  "complete_analysis": true
}