{
  "instances": [
    {
      "revision": "06ba3c89b4e43eefc40dd7946a6748fed0e29124",
      "repairability": [
        {
          "tool-name": "Elixir",
          "pattern-name": "Elixir:update_type_ref",
          "Unified_Diff_of-files:": "Starts Below...",
          "INSERT:": "",
          "CHANGE_old:": "",
          "CHANGE_new:": "                continue;",
          "instance_detail": [
            {
              "pattern_action": "UPD",
              "pattern_entity": {
                "entity_type": "TypeReference",
                "entity_new value": "*",
                "entity_role": "*",
                "entity_parent": "null"
              },
              "concrete_change": {
                "operator": "UPD",
                "src_type": "TypeReference",
                "dst_type": "TypeReference",
                "src": "boolean",
                "dst": "void",
                "src_parent_type": "Method",
                "dst_parent_type": "Method",
                "src_parent": "@java.lang.Override\nprotected boolean indexTypedProperty(org.apache.jackrabbit.oak.plugins.index.elasticsearch.index.ElasticsearchDocument doc, org.apache.jackrabbit.oak.api.PropertyState property, java.lang.String pname, org.apache.jackrabbit.oak.plugins.index.search.PropertyDefinition pd) {\n    int tag \u003d property.getType().tag();\n    boolean fieldAdded \u003d false;\n    for (int i \u003d 0; i \u003c (property.count()); i++) {\n        java.lang.Object f;\n        if (tag \u003d\u003d (Type.LONG.tag())) {\n            f \u003d property.getValue(Type.LONG, i);\n        } else\n            if (tag \u003d\u003d (Type.DATE.tag())) {\n                f \u003d property.getValue(Type.DATE, i);\n            } else\n                if (tag \u003d\u003d (Type.DOUBLE.tag())) {\n                    f \u003d property.getValue(Type.DOUBLE, i);\n                } else\n                    if (tag \u003d\u003d (Type.BOOLEAN.tag())) {\n                        f \u003d property.getValue(Type.BOOLEAN, i).toString();\n                    } else {\n                        f \u003d property.getValue(Type.STRING, i);\n                    }\n\n\n\n        if (includePropertyValue(property, i, pd)) {\n            doc.addProperty(pname, f);\n            fieldAdded \u003d true;\n        }\n    }\n    return fieldAdded;\n}",
                "dst_parent": "@java.lang.Override\nprotected void indexTypedProperty(org.apache.jackrabbit.oak.plugins.index.elasticsearch.index.ElasticsearchDocument doc, org.apache.jackrabbit.oak.api.PropertyState property, java.lang.String pname, org.apache.jackrabbit.oak.plugins.index.search.PropertyDefinition pd, int i) {\n    int tag \u003d property.getType().tag();\n    java.lang.Object f;\n    if (tag \u003d\u003d (Type.LONG.tag())) {\n        f \u003d property.getValue(Type.LONG, i);\n    } else\n        if (tag \u003d\u003d (Type.DATE.tag())) {\n            f \u003d property.getValue(Type.DATE, i);\n        } else\n            if (tag \u003d\u003d (Type.DOUBLE.tag())) {\n                f \u003d property.getValue(Type.DOUBLE, i);\n            } else\n                if (tag \u003d\u003d (Type.BOOLEAN.tag())) {\n                    f \u003d property.getValue(Type.BOOLEAN, i).toString();\n                } else {\n                    f \u003d property.getValue(Type.STRING, i);\n                }\n\n\n\n    doc.addProperty(pname, f);\n}"
              },
              "line": 118,
              "file": "/home/khesoem/projects/lighter/exp/oak-search-elastic/src/main/java/org/apache/jackrabbit/oak/plugins/index/elasticsearch/index/ElasticsearchDocumentMaker.java",
              "stats": {
                "number_of_src_entities": 1,
                "number_of_dst_entities": 1,
                "src_entity_types": "[boolean]",
                "dst_entity_types": "[void]"
              }
            }
          ]
        }
      ]
    },
    {
      "revision": "06ba3c89b4e43eefc40dd7946a6748fed0e29124",
      "repairability": [
        {
          "tool-name": "Elixir",
          "pattern-name": "Elixir:update_type_ref",
          "Unified_Diff_of-files:": "Starts Below...",
          "INSERT:": "",
          "CHANGE_old:": "",
          "CHANGE_new:": "                continue;",
          "instance_detail": [
            {
              "pattern_action": "UPD",
              "pattern_entity": {
                "entity_type": "TypeReference",
                "entity_new value": "*",
                "entity_role": "*",
                "entity_parent": "null"
              },
              "concrete_change": {
                "operator": "UPD",
                "src_type": "TypeReference",
                "dst_type": "TypeReference",
                "src": "boolean",
                "dst": "void",
                "src_parent_type": "Method",
                "dst_parent_type": "Method",
                "src_parent": "@java.lang.Override\nprotected boolean indexTypedProperty(org.apache.jackrabbit.oak.plugins.index.lucene.Document doc, org.apache.jackrabbit.oak.api.PropertyState property, java.lang.String pname, org.apache.jackrabbit.oak.plugins.index.search.PropertyDefinition pd) {\n    int tag \u003d property.getType().tag();\n    boolean fieldAdded \u003d false;\n    for (int i \u003d 0; i \u003c (property.count()); i++) {\n        org.apache.jackrabbit.oak.plugins.index.lucene.Field f;\n        if (tag \u003d\u003d (Type.LONG.tag())) {\n            f \u003d new org.apache.jackrabbit.oak.plugins.index.lucene.LongField(pname, property.getValue(Type.LONG, i), Field.Store.NO);\n        } else\n            if (tag \u003d\u003d (Type.DATE.tag())) {\n                java.lang.String date \u003d property.getValue(Type.DATE, i);\n                f \u003d new org.apache.jackrabbit.oak.plugins.index.lucene.LongField(pname, org.apache.jackrabbit.oak.plugins.index.lucene.FieldFactory.dateToLong(date), Field.Store.NO);\n            } else\n                if (tag \u003d\u003d (Type.DOUBLE.tag())) {\n                    f \u003d new org.apache.jackrabbit.oak.plugins.index.lucene.DoubleField(pname, property.getValue(Type.DOUBLE, i), Field.Store.NO);\n                } else\n                    if (tag \u003d\u003d (Type.BOOLEAN.tag())) {\n                        f \u003d new org.apache.jackrabbit.oak.plugins.index.lucene.StringField(pname, property.getValue(Type.BOOLEAN, i).toString(), Field.Store.NO);\n                    } else {\n                        f \u003d new org.apache.jackrabbit.oak.plugins.index.lucene.StringField(pname, property.getValue(Type.STRING, i), Field.Store.NO);\n                    }\n\n\n\n        if (includePropertyValue(property, i, pd)) {\n            doc.add(f);\n            fieldAdded \u003d true;\n        }\n    }\n    return fieldAdded;\n}",
                "dst_parent": "@java.lang.Override\nprotected void indexTypedProperty(org.apache.jackrabbit.oak.plugins.index.lucene.Document doc, org.apache.jackrabbit.oak.api.PropertyState property, java.lang.String pname, org.apache.jackrabbit.oak.plugins.index.search.PropertyDefinition pd, int i) {\n    int tag \u003d property.getType().tag();\n    org.apache.jackrabbit.oak.plugins.index.lucene.Field f;\n    if (tag \u003d\u003d (Type.LONG.tag())) {\n        f \u003d new org.apache.jackrabbit.oak.plugins.index.lucene.LongField(pname, property.getValue(Type.LONG, i), Field.Store.NO);\n    } else\n        if (tag \u003d\u003d (Type.DATE.tag())) {\n            java.lang.String date \u003d property.getValue(Type.DATE, i);\n            f \u003d new org.apache.jackrabbit.oak.plugins.index.lucene.LongField(pname, org.apache.jackrabbit.oak.plugins.index.lucene.FieldFactory.dateToLong(date), Field.Store.NO);\n        } else\n            if (tag \u003d\u003d (Type.DOUBLE.tag())) {\n                f \u003d new org.apache.jackrabbit.oak.plugins.index.lucene.DoubleField(pname, property.getValue(Type.DOUBLE, i), Field.Store.NO);\n            } else\n                if (tag \u003d\u003d (Type.BOOLEAN.tag())) {\n                    f \u003d new org.apache.jackrabbit.oak.plugins.index.lucene.StringField(pname, property.getValue(Type.BOOLEAN, i).toString(), Field.Store.NO);\n                } else {\n                    f \u003d new org.apache.jackrabbit.oak.plugins.index.lucene.StringField(pname, property.getValue(Type.STRING, i), Field.Store.NO);\n                }\n\n\n\n    doc.add(f);\n}"
              },
              "line": 105,
              "file": "/home/khesoem/projects/lighter/exp/oak-lucene/src/main/java/org/apache/jackrabbit/oak/plugins/index/lucene/LuceneDocumentMaker.java",
              "stats": {
                "number_of_src_entities": 1,
                "number_of_dst_entities": 1,
                "src_entity_types": "[boolean]",
                "dst_entity_types": "[void]"
              }
            }
          ]
        }
      ]
    },
    {
      "revision": "06ba3c89b4e43eefc40dd7946a6748fed0e29124",
      "repairability": [
        {
          "tool-name": "Elixir",
          "pattern-name": "Elixir:update_type_ref",
          "Unified_Diff_of-files:": "Starts Below...",
          "INSERT:": "",
          "CHANGE_old:": "",
          "CHANGE_new:": "                continue;",
          "instance_detail": [
            {
              "pattern_action": "UPD",
              "pattern_entity": {
                "entity_type": "TypeReference",
                "entity_new value": "*",
                "entity_role": "*",
                "entity_parent": "null"
              },
              "concrete_change": {
                "operator": "UPD",
                "src_type": "TypeReference",
                "dst_type": "TypeReference",
                "src": "boolean",
                "dst": "void",
                "src_parent_type": "Method",
                "dst_parent_type": "Method",
                "src_parent": "protected abstract boolean indexTypedProperty(D doc, org.apache.jackrabbit.oak.api.PropertyState property, java.lang.String pname, org.apache.jackrabbit.oak.plugins.index.search.PropertyDefinition pd);",
                "dst_parent": "protected abstract void indexTypedProperty(D doc, org.apache.jackrabbit.oak.api.PropertyState property, java.lang.String pname, org.apache.jackrabbit.oak.plugins.index.search.PropertyDefinition pd, int index);"
              },
              "line": 96,
              "file": "/home/khesoem/projects/lighter/exp/oak-search/src/main/java/org/apache/jackrabbit/oak/plugins/index/search/spi/editor/FulltextDocumentMaker.java",
              "stats": {
                "number_of_src_entities": 1,
                "number_of_dst_entities": 1,
                "src_entity_types": "[boolean]",
                "dst_entity_types": "[void]"
              }
            }
          ]
        }
      ]
    }
  ],
  "complete_analysis": true
}