{
  "instances": [
    {
      "revision": "d67dbcf9bf288981933c11168c998b944813be18",
      "repairability": [
        {
          "tool-name": "Elixir",
          "pattern-name": "Elixir:loose_be",
          "Unified_Diff_of-files:": "Starts Below...",
          "INSERT:": "        sb.append(\", enabledProtocols\u003d\").append(enabledProtocols);",
          "instance_detail": [
            {
              "pattern_action": "DEL",
              "pattern_entity": {
                "entity_type": "BinaryOperator",
                "entity_new value": "*",
                "entity_role": "*",
                "entity_parent": {
                  "entity_type": "If",
                  "entity_new value": "*",
                  "entity_role": "*",
                  "entity_parent": "null"
                }
              },
              "concrete_change": {
                "operator": "DEL",
                "src_type": "BinaryOperator",
                "dst_type": "null",
                "src": "(enabledSSLProtocols) !\u003d null",
                "dst": "null",
                "src_parent_type": "If",
                "dst_parent_type": "null",
                "src_parent": "if ((enabledSSLProtocols) !\u003d null) {\n    cc.setEnabledProtocols(enabledSSLProtocols);\n}",
                "dst_parent": "null"
              },
              "line": 576,
              "file": "/home/khesoem/projects/lighter/exp/oak-auth-ldap/src/main/java/org/apache/jackrabbit/oak/security/authentication/ldap/impl/LdapIdentityProvider.java",
              "stats": {
                "number_of_src_entities": 17,
                "number_of_dst_entities": -1,
                "src_entity_types": "[org.apache.jackrabbit.oak.security.authentication.ldap.impl.LdapIdentityProvider, boolean, \u003cnulltype\u003e]",
                "dst_entity_types": "[]"
              }
            }
          ]
        },
        {
          "tool-name": "Elixir",
          "pattern-name": "Elixir:tight_be",
          "Unified_Diff_of-files:": "Starts Below...",
          "INSERT:": "        sb.append(\", enabledProtocols\u003d\").append(enabledProtocols);",
          "instance_detail": [
            {
              "pattern_action": "INS",
              "pattern_entity": {
                "entity_type": "BinaryOperator",
                "entity_new value": "*",
                "entity_role": "*",
                "entity_parent": {
                  "entity_type": "If",
                  "entity_new value": "*",
                  "entity_role": "*",
                  "entity_parent": "null"
                }
              },
              "concrete_change": {
                "operator": "INS",
                "src_type": "BinaryOperator",
                "dst_type": "null",
                "src": "(enabledProtocols !\u003d null) \u0026\u0026 ((enabledProtocols.length) \u003e 0)",
                "dst": "null",
                "src_parent_type": "If",
                "dst_parent_type": "null",
                "src_parent": "if ((enabledProtocols !\u003d null) \u0026\u0026 ((enabledProtocols.length) \u003e 0)) {\n    cc.setEnabledProtocols(enabledProtocols);\n}",
                "dst_parent": "null"
              },
              "line": 561,
              "file": "/home/khesoem/projects/lighter/exp/oak-auth-ldap/src/main/java/org/apache/jackrabbit/oak/security/authentication/ldap/impl/LdapIdentityProvider.java",
              "stats": {
                "number_of_src_entities": 24,
                "number_of_dst_entities": -1,
                "src_entity_types": "[int, boolean, java.lang.String, \u003cnulltype\u003e]",
                "dst_entity_types": "[]"
              }
            }
          ]
        }
      ]
    }
  ],
  "complete_analysis": true
}