{
  "instances": [
    {
      "revision": "50042057beeaadc4842d04a0344850f076be72e7",
      "repairability": [
        {
          "tool-name": "Elixir",
          "pattern-name": "Elixir:update_invocation_deep",
          "Unified_Diff_of-files:": "Starts Below...",
          "CHANGE_old:": "                        plan.addAdditionalMessage(Level.WARN, \"Potentially improper use of index \" + definition.getIndexPath() + \" with valueRegex \"",
          "CHANGE_new:": "                        plan.addAdditionalMessage(Level.WARN, \"Potentially improper use of index \" + definition.getIndexPath() + \" with queryFilterRegex \"",
          "instance_detail": [
            {
              "pattern_action": "ANY",
              "pattern_entity": {
                "entity_type": "*",
                "entity_new value": "*",
                "entity_role": "*",
                "entity_parent": {
                  "entity_type": "AbstractInvocation",
                  "entity_new value": "*",
                  "entity_role": "*",
                  "entity_parent": "null"
                }
              },
              "concrete_change": {
                "operator": "INS",
                "src_type": "Return",
                "dst_type": "null",
                "src": "return additionalMessages.entrySet().stream().map(( e) -\u003e ((e.getKey()) + \" : \") + (e.getValue())).collect(java.util.stream.Collectors.joining(\", \"))",
                "dst": "null",
                "src_parent_type": "Block",
                "dst_parent_type": "null",
                "src_parent": "{\n    return additionalMessages.entrySet().stream().map(( e) -\u003e ((e.getKey()) + \" : \") + (e.getValue())).collect(java.util.stream.Collectors.joining(\", \"));\n}",
                "dst_parent": "null"
              },
              "line": 523,
              "file": "/home/khesoem/projects/lighter/exp/oak-query-spi/src/main/java/org/apache/jackrabbit/oak/spi/query/QueryIndex.java",
              "stats": {
                "number_of_src_entities": 178,
                "number_of_dst_entities": -1,
                "src_entity_types": "[org.apache.jackrabbit.oak.spi.query.QueryIndex.IndexPlan.Builder, java.util.stream.Collectors, java.lang.String, java.util.function.Function\u003c? super java.util.Map.Entry\u003corg.slf4j.event.Level, java.util.List\u003cjava.lang.String\u003e\u003e, ? extends java.lang.String\u003e, org.apache.jackrabbit.oak.spi.query.QueryIndex.IndexPlan.Builder.1, org.apache.jackrabbit.oak.spi.query.QueryIndex.IndexPlan, java.util.Map.Entry\u003corg.slf4j.event.Level, java.util.List\u003cjava.lang.String\u003e\u003e, java.util.Map.Entry, org.apache.jackrabbit.oak.spi.query.QueryIndex, java.util.Collection, java.util.stream.Stream, org.slf4j.event.Level, java.util.List\u003cjava.lang.String\u003e, java.util.Map]",
                "dst_entity_types": "[]"
              }
            }
          ]
        }
      ]
    }
  ],
  "complete_analysis": true
}