{
  "instances": [
    {
      "revision": "5a5d7d36ba20e07dc80bd93d6a491f961b905877",
      "repairability": [
        {
          "tool-name": "JKali",
          "pattern-name": "JKali:add_rtrn",
          "Unified_Diff_of-files:": "Starts Below...",
          "INSERT:": "}",
          "instance_detail": [
            {
              "pattern_action": "INS",
              "pattern_entity": {
                "entity_type": "Return",
                "entity_new value": "*",
                "entity_role": "Statement",
                "entity_parent": "null"
              },
              "concrete_change": {
                "operator": "INS",
                "src_type": "Return",
                "dst_type": "null",
                "src": "return builder.toString()",
                "dst": "null",
                "src_parent_type": "Block",
                "dst_parent_type": "null",
                "src_parent": "{\n    final java.lang.StringBuilder builder \u003d new java.lang.StringBuilder();\n    builder.append(\u0027{\u0027);\n    for (final java.lang.Object id : ids) {\n        builder.append(id.toString());\n        builder.append(\":document.getElementById(\\\"\");\n        builder.append(id.toString());\n        builder.append(\"\\\").value,\");\n    }\n    builder.replace(((builder.length()) - 1), builder.length(), \"}\");\n    return builder.toString();\n}",
                "dst_parent": "null"
              },
              "line": 92,
              "file": "/home/khesoem/projects/lighter/exp/wffweb/src/main/java/com/webfirmframework/wffweb/js/JsUtil.java"
            }
          ]
        }
      ]
    }
  ],
  "complete_analysis": true
}