{
  "instances": [
    {
      "revision": "45c5ae3181f8a28f746247b2d27e9138490a699c",
      "repairability": [
        {
          "tool-name": "JKali",
          "pattern-name": "JKali:add_rtrn",
          "Unified_Diff_of-files:": "Starts Below...",
          "CHANGE_old:": "     *         value.",
          "CHANGE_new:": "",
          "INSERT:": "    /**",
          "instance_detail": [
            {
              "pattern_action": "INS",
              "pattern_entity": {
                "entity_type": "Return",
                "entity_new value": "*",
                "entity_role": "Statement",
                "entity_parent": "null"
              },
              "concrete_change": {
                "operator": "INS",
                "src_type": "Return",
                "dst_type": "null",
                "src": "return matchingAttributes",
                "dst": "null",
                "src_parent_type": "Block",
                "dst_parent_type": "null",
                "src_parent": "{\n    if (tagName \u003d\u003d null) {\n        throw new com.webfirmframework.wffweb.NullValueException(\"The tagName should not be null\");\n    }\n    if (fromTags \u003d\u003d null) {\n        throw new com.webfirmframework.wffweb.NullValueException(\"The fromTags should not be null\");\n    }\n    final java.util.Collection\u003ccom.webfirmframework.wffweb.tag.html.attribute.core.AbstractAttribute\u003e matchingAttributes \u003d new java.util.HashSet\u003ccom.webfirmframework.wffweb.tag.html.attribute.core.AbstractAttribute\u003e();\n    loopThroughAllNestedChildren(new com.webfirmframework.wffweb.tag.html.NestedChild() {\n        @java.lang.Override\n        public boolean eachChild(final com.webfirmframework.wffweb.tag.html.AbstractHtml child) {\n            if (tagName.equals(child.getTagName())) {\n                final java.util.Collection\u003ccom.webfirmframework.wffweb.tag.html.attribute.core.AbstractAttribute\u003e attributes \u003d child.getAttributes();\n                if (attributes !\u003d null) {\n                    matchingAttributes.addAll(attributes);\n                }\n            }\n            return true;\n        }\n    }, true, fromTags);\n    return matchingAttributes;\n}",
                "dst_parent": "null"
              },
              "line": 291,
              "file": "/home/khesoem/projects/lighter/exp/wffweb/src/main/java/com/webfirmframework/wffweb/tag/repository/TagRepository.java"
            }
          ]
        },
        {
          "tool-name": "JKali",
          "pattern-name": "JKali:add_rtrn",
          "Unified_Diff_of-files:": "Starts Below...",
          "CHANGE_old:": "     *         value.",
          "CHANGE_new:": "",
          "INSERT:": "    /**",
          "instance_detail": [
            {
              "pattern_action": "INS",
              "pattern_entity": {
                "entity_type": "Return",
                "entity_new value": "*",
                "entity_role": "Statement",
                "entity_parent": "null"
              },
              "concrete_change": {
                "operator": "INS",
                "src_type": "Return",
                "dst_type": "null",
                "src": "return com.webfirmframework.wffweb.tag.repository.TagRepository.findAttributesByTagName(tagName, rootTags)",
                "dst": "null",
                "src_parent_type": "Block",
                "dst_parent_type": "null",
                "src_parent": "{\n    return com.webfirmframework.wffweb.tag.repository.TagRepository.findAttributesByTagName(tagName, rootTags);\n}",
                "dst_parent": "null"
              },
              "line": 564,
              "file": "/home/khesoem/projects/lighter/exp/wffweb/src/main/java/com/webfirmframework/wffweb/tag/repository/TagRepository.java"
            }
          ]
        },
        {
          "tool-name": "JKali",
          "pattern-name": "JKali:add_rtrn",
          "Unified_Diff_of-files:": "Starts Below...",
          "CHANGE_old:": "     *         value.",
          "CHANGE_new:": "",
          "INSERT:": "    /**",
          "instance_detail": [
            {
              "pattern_action": "INS",
              "pattern_entity": {
                "entity_type": "Return",
                "entity_new value": "*",
                "entity_role": "Statement",
                "entity_parent": "null"
              },
              "concrete_change": {
                "operator": "INS",
                "src_type": "Return",
                "dst_type": "null",
                "src": "return true",
                "dst": "null",
                "src_parent_type": "Block",
                "dst_parent_type": "null",
                "src_parent": "{\n    if (tagName.equals(child.getTagName())) {\n        final java.util.Collection\u003ccom.webfirmframework.wffweb.tag.html.attribute.core.AbstractAttribute\u003e attributes \u003d child.getAttributes();\n        if (attributes !\u003d null) {\n            matchingAttributes.addAll(attributes);\n        }\n    }\n    return true;\n}",
                "dst_parent": "null"
              },
              "line": 287,
              "file": "/home/khesoem/projects/lighter/exp/wffweb/src/main/java/com/webfirmframework/wffweb/tag/repository/TagRepository.java"
            }
          ]
        }
      ]
    }
  ],
  "complete_analysis": true
}