{
  "instances": [
    {
      "revision": "042b0d494ef3cc46495887a1a5e1d409e474c011",
      "repairability": [
        {
          "tool-name": "JKali",
          "pattern-name": "JKali:add_rtrn",
          "Unified_Diff_of-files:": "Starts Below...",
          "INSERT:": "}",
          "instance_detail": [
            {
              "pattern_action": "INS",
              "pattern_entity": {
                "entity_type": "Return",
                "entity_new value": "*",
                "entity_role": "Statement",
                "entity_parent": "null"
              },
              "concrete_change": {
                "operator": "INS",
                "src_type": "Return",
                "dst_type": "null",
                "src": "return previousParentTag",
                "dst": "null",
                "src_parent_type": "Block",
                "dst_parent_type": "null",
                "src_parent": "{\n    return previousParentTag;\n}",
                "dst_parent": "null"
              },
              "line": 69,
              "file": "/home/khesoem/projects/lighter/exp/wffweb/src/main/java/com/webfirmframework/wffweb/tag/html/listener/InnerHtmlAddListener.java"
            }
          ]
        }
      ]
    },
    {
      "revision": "042b0d494ef3cc46495887a1a5e1d409e474c011",
      "repairability": [
        {
          "tool-name": "JKali",
          "pattern-name": "JKali:add_rtrn",
          "Unified_Diff_of-files:": "Starts Below...",
          "INSERT:": "}",
          "instance_detail": [
            {
              "pattern_action": "INS",
              "pattern_entity": {
                "entity_type": "Return",
                "entity_new value": "*",
                "entity_role": "Statement",
                "entity_parent": "null"
              },
              "concrete_change": {
                "operator": "INS",
                "src_type": "Return",
                "dst_type": "null",
                "src": "return insertBeforeListener",
                "dst": "null",
                "src_parent_type": "Block",
                "dst_parent_type": "null",
                "src_parent": "{\n    if ((accessObject \u003d\u003d null) || (!(SecurityClassConstants.ABSTRACT_HTML.equals(accessObject.getClass().getName())))) {\n        throw new com.webfirmframework.wffweb.WffSecurityException(\"Not allowed to consume this method. This method is for internal use.\");\n    }\n    return insertBeforeListener;\n}",
                "dst_parent": "null"
              },
              "line": 378,
              "file": "/home/khesoem/projects/lighter/exp/wffweb/src/main/java/com/webfirmframework/wffweb/tag/html/model/AbstractHtml5SharedObject.java"
            }
          ]
        }
      ]
    },
    {
      "revision": "042b0d494ef3cc46495887a1a5e1d409e474c011",
      "repairability": [
        {
          "tool-name": "JKali",
          "pattern-name": "JKali:del",
          "Unified_Diff_of-files:": "Starts Below...",
          "INSERT:": "}",
          "instance_detail": [
            {
              "pattern_action": "DEL",
              "pattern_entity": {
                "entity_type": "*",
                "entity_new value": "*",
                "entity_role": "Statement",
                "entity_parent": "null"
              },
              "concrete_change": {
                "operator": "DEL",
                "src_type": "LocalVariable",
                "dst_type": "null",
                "src": "final java.util.Deque\u003ccom.webfirmframework.wffweb.util.data.NameValue\u003e nameValues \u003d new java.util.ArrayDeque\u003ccom.webfirmframework.wffweb.util.data.NameValue\u003e()",
                "dst": "null",
                "src_parent_type": "Block",
                "dst_parent_type": "null",
                "src_parent": "{\n    final com.webfirmframework.wffweb.util.data.NameValue task \u003d Task.ADDED_INNER_HTML.getTaskNameValue();\n    final java.util.Deque\u003ccom.webfirmframework.wffweb.util.data.NameValue\u003e nameValues \u003d new java.util.ArrayDeque\u003ccom.webfirmframework.wffweb.util.data.NameValue\u003e();\n    nameValues.add(task);\n    final com.webfirmframework.wffweb.tag.html.html5.attribute.global.DataWffId dataWffId \u003d parentTag.getDataWffId();\n    if (dataWffId !\u003d null) {\n        final com.webfirmframework.wffweb.util.data.NameValue nameValue \u003d new com.webfirmframework.wffweb.util.data.NameValue();\n        final byte[][] tagNameAndWffId \u003d com.webfirmframework.wffweb.server.page.DataWffIdUtil.getTagNameAndWffId(parentTag);\n        final byte[] parentWffIdBytes \u003d tagNameAndWffId[1];\n        nameValue.setName(parentWffIdBytes);\n        final byte[] parentTagName \u003d tagNameAndWffId[0];\n        nameValue.setValues(parentTagName, innerHtmlTag.toWffBMBytes(\"UTF-8\"));\n        browserPage.push(task, nameValue);\n        addInWffIdMap(innerHtmlTag);\n    } else {\n        com.webfirmframework.wffweb.server.page.InnerHtmlAddListenerImpl.LOGGER.severe(\"Could not find data-wff-id from owner tag\");\n    }\n}",
                "dst_parent": "null"
              },
              "line": 108,
              "file": "/home/khesoem/projects/lighter/exp/wffweb/src/main/java/com/webfirmframework/wffweb/server/page/InnerHtmlAddListenerImpl.java",
              "stats": {
                "number_of_src_entities": 13,
                "number_of_dst_entities": -1,
                "src_entity_types": "[com.webfirmframework.wffweb.util.data.NameValue, java.util.ArrayDeque, java.util.Deque\u003ccom.webfirmframework.wffweb.util.data.NameValue\u003e]",
                "dst_entity_types": "[]"
              }
            }
          ]
        },
        {
          "tool-name": "JKali",
          "pattern-name": "JKali:del",
          "Unified_Diff_of-files:": "Starts Below...",
          "INSERT:": "}",
          "instance_detail": [
            {
              "pattern_action": "DEL",
              "pattern_entity": {
                "entity_type": "*",
                "entity_new value": "*",
                "entity_role": "Statement",
                "entity_parent": "null"
              },
              "concrete_change": {
                "operator": "DEL",
                "src_type": "Invocation",
                "dst_type": "null",
                "src": "nameValues.add(task)",
                "dst": "null",
                "src_parent_type": "Block",
                "dst_parent_type": "null",
                "src_parent": "{\n    final com.webfirmframework.wffweb.util.data.NameValue task \u003d Task.ADDED_INNER_HTML.getTaskNameValue();\n    final java.util.Deque\u003ccom.webfirmframework.wffweb.util.data.NameValue\u003e nameValues \u003d new java.util.ArrayDeque\u003ccom.webfirmframework.wffweb.util.data.NameValue\u003e();\n    nameValues.add(task);\n    final com.webfirmframework.wffweb.tag.html.html5.attribute.global.DataWffId dataWffId \u003d parentTag.getDataWffId();\n    if (dataWffId !\u003d null) {\n        final com.webfirmframework.wffweb.util.data.NameValue nameValue \u003d new com.webfirmframework.wffweb.util.data.NameValue();\n        final byte[][] tagNameAndWffId \u003d com.webfirmframework.wffweb.server.page.DataWffIdUtil.getTagNameAndWffId(parentTag);\n        final byte[] parentWffIdBytes \u003d tagNameAndWffId[1];\n        nameValue.setName(parentWffIdBytes);\n        final byte[] parentTagName \u003d tagNameAndWffId[0];\n        nameValue.setValues(parentTagName, innerHtmlTag.toWffBMBytes(\"UTF-8\"));\n        browserPage.push(task, nameValue);\n        addInWffIdMap(innerHtmlTag);\n    } else {\n        com.webfirmframework.wffweb.server.page.InnerHtmlAddListenerImpl.LOGGER.severe(\"Could not find data-wff-id from owner tag\");\n    }\n}",
                "dst_parent": "null"
              },
              "line": 109,
              "file": "/home/khesoem/projects/lighter/exp/wffweb/src/main/java/com/webfirmframework/wffweb/server/page/InnerHtmlAddListenerImpl.java",
              "stats": {
                "number_of_src_entities": 18,
                "number_of_dst_entities": -1,
                "src_entity_types": "[com.webfirmframework.wffweb.util.data.NameValue, java.util.Deque\u003ccom.webfirmframework.wffweb.util.data.NameValue\u003e]",
                "dst_entity_types": "[]"
              }
            }
          ]
        }
      ]
    },
    {
      "revision": "042b0d494ef3cc46495887a1a5e1d409e474c011",
      "repairability": [
        {
          "tool-name": "JKali",
          "pattern-name": "JKali:add_rtrn",
          "Unified_Diff_of-files:": "Starts Below...",
          "INSERT:": "}",
          "instance_detail": [
            {
              "pattern_action": "INS",
              "pattern_entity": {
                "entity_type": "Return",
                "entity_new value": "*",
                "entity_role": "Statement",
                "entity_parent": "null"
              },
              "concrete_change": {
                "operator": "INS",
                "src_type": "Return",
                "dst_type": "null",
                "src": "return false",
                "dst": "null",
                "src_parent_type": "Block",
                "dst_parent_type": "null",
                "src_parent": "{\n    if ((parent) \u003d\u003d null) {\n        throw new com.webfirmframework.wffweb.NoParentException(\"There must be a parent for this tag.\");\n    }\n    final com.webfirmframework.wffweb.tag.html.listener.InsertBeforeListener insertBeforeListener \u003d sharedObject.getInsertBeforeListener(com.webfirmframework.wffweb.tag.html.AbstractHtml.ACCESS_OBJECT);\n    final int parentChildrenSize \u003d parent.children.size();\n    if (parentChildrenSize \u003e 0) {\n        final com.webfirmframework.wffweb.tag.html.AbstractHtml[] removedParentChildren \u003d parent.children.toArray(new com.webfirmframework.wffweb.tag.html.AbstractHtml[parentChildrenSize]);\n        parent.children.clear();\n        final com.webfirmframework.wffweb.tag.html.listener.InsertBeforeListener[] events \u003d new com.webfirmframework.wffweb.tag.html.listener.InsertBeforeListener.Event[abstractHtmls.length];\n        int count \u003d 0;\n        for (final com.webfirmframework.wffweb.tag.html.AbstractHtml parentChild : removedParentChildren) {\n            if (equals(parentChild)) {\n                for (final com.webfirmframework.wffweb.tag.html.AbstractHtml abstractHtmlToInsert : abstractHtmls) {\n                    final boolean alreadyHasParent \u003d (abstractHtmlToInsert.parent) !\u003d null;\n                    if (insertBeforeListener !\u003d null) {\n                        com.webfirmframework.wffweb.tag.html.AbstractHtml previousParent \u003d null;\n                        if (((abstractHtmlToInsert.parent) !\u003d null) \u0026\u0026 ((abstractHtmlToInsert.parent.sharedObject) \u003d\u003d (sharedObject))) {\n                            previousParent \u003d abstractHtmlToInsert.parent;\n                        }\n                        final com.webfirmframework.wffweb.tag.html.listener.InsertBeforeListener.Event event \u003d new com.webfirmframework.wffweb.tag.html.listener.InsertBeforeListener.Event(parent, abstractHtmlToInsert, this, previousParent);\n                        events[count] \u003d event;\n                        count++;\n                    }\n                    if (alreadyHasParent) {\n                        abstractHtmlToInsert.parent.children.remove(abstractHtmlToInsert);\n                    }\n                    initSharedObject(abstractHtmlToInsert);\n                    abstractHtmlToInsert.parent \u003d parent;\n                    parent.children.add(abstractHtmlToInsert);\n                }\n            }\n            parent.children.add(parentChild);\n        }\n        if (insertBeforeListener !\u003d null) {\n            insertBeforeListener.insertedBefore(events);\n        }\n        return true;\n    }\n    return false;\n}",
                "dst_parent": "null"
              },
              "line": 2132,
              "file": "/home/khesoem/projects/lighter/exp/wffweb/src/main/java/com/webfirmframework/wffweb/tag/html/AbstractHtml.java"
            }
          ]
        },
        {
          "tool-name": "JKali",
          "pattern-name": "JKali:add_rtrn",
          "Unified_Diff_of-files:": "Starts Below...",
          "INSERT:": "}",
          "instance_detail": [
            {
              "pattern_action": "INS",
              "pattern_entity": {
                "entity_type": "Return",
                "entity_new value": "*",
                "entity_role": "Statement",
                "entity_parent": "null"
              },
              "concrete_change": {
                "operator": "INS",
                "src_type": "Return",
                "dst_type": "null",
                "src": "return true",
                "dst": "null",
                "src_parent_type": "Block",
                "dst_parent_type": "null",
                "src_parent": "{\n    final com.webfirmframework.wffweb.tag.html.AbstractHtml[] removedParentChildren \u003d parent.children.toArray(new com.webfirmframework.wffweb.tag.html.AbstractHtml[parentChildrenSize]);\n    parent.children.clear();\n    final com.webfirmframework.wffweb.tag.html.listener.InsertBeforeListener[] events \u003d new com.webfirmframework.wffweb.tag.html.listener.InsertBeforeListener.Event[abstractHtmls.length];\n    int count \u003d 0;\n    for (final com.webfirmframework.wffweb.tag.html.AbstractHtml parentChild : removedParentChildren) {\n        if (equals(parentChild)) {\n            for (final com.webfirmframework.wffweb.tag.html.AbstractHtml abstractHtmlToInsert : abstractHtmls) {\n                final boolean alreadyHasParent \u003d (abstractHtmlToInsert.parent) !\u003d null;\n                if (insertBeforeListener !\u003d null) {\n                    com.webfirmframework.wffweb.tag.html.AbstractHtml previousParent \u003d null;\n                    if (((abstractHtmlToInsert.parent) !\u003d null) \u0026\u0026 ((abstractHtmlToInsert.parent.sharedObject) \u003d\u003d (sharedObject))) {\n                        previousParent \u003d abstractHtmlToInsert.parent;\n                    }\n                    final com.webfirmframework.wffweb.tag.html.listener.InsertBeforeListener.Event event \u003d new com.webfirmframework.wffweb.tag.html.listener.InsertBeforeListener.Event(parent, abstractHtmlToInsert, this, previousParent);\n                    events[count] \u003d event;\n                    count++;\n                }\n                if (alreadyHasParent) {\n                    abstractHtmlToInsert.parent.children.remove(abstractHtmlToInsert);\n                }\n                initSharedObject(abstractHtmlToInsert);\n                abstractHtmlToInsert.parent \u003d parent;\n                parent.children.add(abstractHtmlToInsert);\n            }\n        }\n        parent.children.add(parentChild);\n    }\n    if (insertBeforeListener !\u003d null) {\n        insertBeforeListener.insertedBefore(events);\n    }\n    return true;\n}",
                "dst_parent": "null"
              },
              "line": 2128,
              "file": "/home/khesoem/projects/lighter/exp/wffweb/src/main/java/com/webfirmframework/wffweb/tag/html/AbstractHtml.java"
            }
          ]
        }
      ]
    }
  ],
  "complete_analysis": true
}