{
  "instances": [
    {
      "revision": "6ad27613f23c4252a935d18498f8f95c207872f4",
      "repairability": [
        {
          "tool-name": "JKali",
          "pattern-name": "JKali:add_rtrn",
          "Unified_Diff_of-files:": "Starts Below...",
          "INSERT:": "import com.webfirmframework.wffweb.tag.html.TagUtil;",
          "CHANGE_old:": "        if (tag.getTagName() \u003d\u003d null || tag.getTagName().isEmpty()) {",
          "CHANGE_new:": "        if (TagUtil.isTagless(tag)) {",
          "instance_detail": [
            {
              "pattern_action": "INS",
              "pattern_entity": {
                "entity_type": "Return",
                "entity_new value": "*",
                "entity_role": "Statement",
                "entity_parent": "null"
              },
              "concrete_change": {
                "operator": "INS",
                "src_type": "Return",
                "dst_type": "null",
                "src": "return false",
                "dst": "null",
                "src_parent_type": "Block",
                "dst_parent_type": "null",
                "src_parent": "{\n    final java.lang.String tagName \u003d tag.getTagName();\n    if ((tagName \u003d\u003d null) || (tagName.isEmpty())) {\n        return true;\n    }\n    return false;\n}",
                "dst_parent": "null"
              },
              "line": 45,
              "file": "/home/khesoem/projects/lighter/exp/wffweb/src/main/java/com/webfirmframework/wffweb/tag/html/TagUtil.java"
            }
          ]
        },
        {
          "tool-name": "JKali",
          "pattern-name": "JKali:add_rtrn",
          "Unified_Diff_of-files:": "Starts Below...",
          "INSERT:": "import com.webfirmframework.wffweb.tag.html.TagUtil;",
          "CHANGE_old:": "        if (tag.getTagName() \u003d\u003d null || tag.getTagName().isEmpty()) {",
          "CHANGE_new:": "        if (TagUtil.isTagless(tag)) {",
          "instance_detail": [
            {
              "pattern_action": "INS",
              "pattern_entity": {
                "entity_type": "Return",
                "entity_new value": "*",
                "entity_role": "Statement",
                "entity_parent": "null"
              },
              "concrete_change": {
                "operator": "INS",
                "src_type": "Return",
                "dst_type": "null",
                "src": "return !(com.webfirmframework.wffweb.tag.html.TagUtil.isTagless(tag))",
                "dst": "null",
                "src_parent_type": "Block",
                "dst_parent_type": "null",
                "src_parent": "{\n    return !(com.webfirmframework.wffweb.tag.html.TagUtil.isTagless(tag));\n}",
                "dst_parent": "null"
              },
              "line": 54,
              "file": "/home/khesoem/projects/lighter/exp/wffweb/src/main/java/com/webfirmframework/wffweb/tag/html/TagUtil.java"
            }
          ]
        },
        {
          "tool-name": "JKali",
          "pattern-name": "JKali:add_rtrn",
          "Unified_Diff_of-files:": "Starts Below...",
          "INSERT:": "import com.webfirmframework.wffweb.tag.html.TagUtil;",
          "CHANGE_old:": "        if (tag.getTagName() \u003d\u003d null || tag.getTagName().isEmpty()) {",
          "CHANGE_new:": "        if (TagUtil.isTagless(tag)) {",
          "instance_detail": [
            {
              "pattern_action": "INS",
              "pattern_entity": {
                "entity_type": "Return",
                "entity_new value": "*",
                "entity_role": "Statement",
                "entity_parent": "null"
              },
              "concrete_change": {
                "operator": "INS",
                "src_type": "Return",
                "dst_type": "null",
                "src": "return true",
                "dst": "null",
                "src_parent_type": "Block",
                "dst_parent_type": "null",
                "src_parent": "{\n    return true;\n}",
                "dst_parent": "null"
              },
              "line": 43,
              "file": "/home/khesoem/projects/lighter/exp/wffweb/src/main/java/com/webfirmframework/wffweb/tag/html/TagUtil.java"
            }
          ]
        }
      ]
    }
  ],
  "complete_analysis": true
}