{
  "instances": [
    {
      "revision": "3c7865068dad9b374887e17a15e321cc5ded6cb8",
      "repairability": [
        {
          "tool-name": "JKali",
          "pattern-name": "JKali:add_rtrn",
          "Unified_Diff_of-files:": "Starts Below...",
          "INSERT:": "     *                           to be used under single thread.",
          "CHANGE_old:": "    PayloadProcessor(final BrowserPage browserPage,",
          "CHANGE_new:": "    public PayloadProcessor(final BrowserPage browserPage,",
          "instance_detail": [
            {
              "pattern_action": "INS",
              "pattern_entity": {
                "entity_type": "Return",
                "entity_new value": "*",
                "entity_role": "Statement",
                "entity_parent": "null"
              },
              "concrete_change": {
                "operator": "INS",
                "src_type": "Return",
                "dst_type": "null",
                "src": "return new com.webfirmframework.wffweb.server.page.PayloadProcessor(this, true)",
                "dst": "null",
                "src_parent_type": "Block",
                "dst_parent_type": "null",
                "src_parent": "{\n    return new com.webfirmframework.wffweb.server.page.PayloadProcessor(this, true);\n}",
                "dst_parent": "null"
              },
              "line": 2114,
              "file": "/home/khesoem/projects/lighter/exp/wffweb/src/main/java/com/webfirmframework/wffweb/server/page/BrowserPage.java"
            }
          ]
        }
      ]
    }
  ],
  "complete_analysis": true
}