{
  "instances": [
    {
      "revision": "1765cf63db93a934e4f4b41dc10ecfe5e09bba88",
      "repairability": [
        {
          "tool-name": "JMutRepair",
          "pattern-name": "JMutRepair:unary",
          "Unified_Diff_of-files:": "Starts Below...",
          "INSERT:": "import slash.common.filtering.FilterPredicate;",
          "DELETE:": "import slash.navigation.converter.gui.predicates.FilterPredicate;",
          "instance_detail": [
            {
              "pattern_action": "ANY",
              "pattern_entity": {
                "entity_type": "UnaryOperator",
                "entity_new value": "*",
                "entity_role": "*",
                "entity_parent": {
                  "entity_type": "If",
                  "entity_new value": "*",
                  "entity_role": "*",
                  "entity_parent": "null"
                }
              },
              "concrete_change": {
                "operator": "INS",
                "src_type": "UnaryOperator",
                "dst_type": "null",
                "src": "(-1)",
                "dst": "null",
                "src_parent_type": "BinaryOperator",
                "dst_parent_type": "null",
                "src_parent": "mappedRow !\u003d (-1)",
                "dst_parent": "null"
              },
              "line": 77,
              "file": "/home/khesoem/projects/lighter/exp/common/src/main/java/slash/common/filtering/FilteringTableModel.java"
            }
          ]
        }
      ]
    },
    {
      "revision": "1765cf63db93a934e4f4b41dc10ecfe5e09bba88",
      "repairability": [
        {
          "tool-name": "JMutRepair",
          "pattern-name": "JMutRepair:unary",
          "Unified_Diff_of-files:": "Starts Below...",
          "INSERT:": "import slash.common.filtering.FilterPredicate;",
          "DELETE:": "import slash.navigation.converter.gui.predicates.FilterPredicate;",
          "instance_detail": [
            {
              "pattern_action": "ANY",
              "pattern_entity": {
                "entity_type": "UnaryOperator",
                "entity_new value": "*",
                "entity_role": "*",
                "entity_parent": {
                  "entity_type": "If",
                  "entity_new value": "*",
                  "entity_role": "*",
                  "entity_parent": "null"
                }
              },
              "concrete_change": {
                "operator": "DEL",
                "src_type": "UnaryOperator",
                "dst_type": "null",
                "src": "(-1)",
                "dst": "null",
                "src_parent_type": "BinaryOperator",
                "dst_parent_type": "null",
                "src_parent": "mappedRow !\u003d (-1)",
                "dst_parent": "null"
              },
              "line": 85,
              "file": "/home/khesoem/projects/lighter/exp/route-converter/src/main/java/slash/navigation/converter/gui/models/FilteringPositionsModel.java"
            }
          ]
        }
      ]
    }
  ],
  "complete_analysis": true
}