{
  "instances": [
    {
      "revision": "80299838b3cd3d1ba9d9ba6f19da8aa8dfd4dd20",
      "repairability": [
        {
          "tool-name": "JKali",
          "pattern-name": "JKali:add_rtrn",
          "Unified_Diff_of-files:": "Starts Below...",
          "INSERT:": "",
          "CHANGE_old:": "            return ((Flux\u0026lt;?\u0026gt;) wrapper).map(function::apply);",
          "CHANGE_new:": "            return ((Flux\u0026lt;?\u0026gt;) wrapper).map(function);",
          "instance_detail": [
            {
              "pattern_action": "INS",
              "pattern_entity": {
                "entity_type": "Return",
                "entity_new value": "*",
                "entity_role": "Statement",
                "entity_parent": "null"
              },
              "concrete_change": {
                "operator": "INS",
                "src_type": "Return",
                "dst_type": "null",
                "src": "return org.springframework.data.repository.util.ReactiveWrapperConverters.REACTIVE_WRAPPERS.stream().filter(( it) -\u003e org.springframework.util.ClassUtils.isAssignable(it.getWrapperClass(), reactiveObject.getClass())).findFirst().map(( it) -\u003e ((T) (it.doOnSuccess(reactiveObject, onSuccess)))).orElseThrow(() -\u003e new java.lang.IllegalStateException(java.lang.String.format(\"Cannot apply onSuccess callback to %s\", reactiveObject)))",
                "dst": "null",
                "src_parent_type": "Block",
                "dst_parent_type": "null",
                "src_parent": "{\n    org.springframework.util.Assert.notNull(reactiveObject, \"Reactive source object must not be null!\");\n    org.springframework.util.Assert.notNull(onSuccess, \"onSuccess callback must not be null!\");\n    return org.springframework.data.repository.util.ReactiveWrapperConverters.REACTIVE_WRAPPERS.stream().filter(( it) -\u003e org.springframework.util.ClassUtils.isAssignable(it.getWrapperClass(), reactiveObject.getClass())).findFirst().map(( it) -\u003e ((T) (it.doOnSuccess(reactiveObject, onSuccess)))).orElseThrow(() -\u003e new java.lang.IllegalStateException(java.lang.String.format(\"Cannot apply onSuccess callback to %s\", reactiveObject)));\n}",
                "dst_parent": "null"
              },
              "line": 207,
              "file": "/home/khesoem/projects/lighter/exp/src/main/java/org/springframework/data/repository/util/ReactiveWrapperConverters.java"
            }
          ]
        },
        {
          "tool-name": "JKali",
          "pattern-name": "JKali:add_rtrn",
          "Unified_Diff_of-files:": "Starts Below...",
          "INSERT:": "",
          "CHANGE_old:": "            return ((Flux\u0026lt;?\u0026gt;) wrapper).map(function::apply);",
          "CHANGE_new:": "            return ((Flux\u0026lt;?\u0026gt;) wrapper).map(function);",
          "instance_detail": [
            {
              "pattern_action": "INS",
              "pattern_entity": {
                "entity_type": "Return",
                "entity_new value": "*",
                "entity_role": "Statement",
                "entity_parent": "null"
              },
              "concrete_change": {
                "operator": "INS",
                "src_type": "Return",
                "dst_type": "null",
                "src": "return org.springframework.data.repository.util.ReactiveWrapperConverters.REACTIVE_WRAPPERS.stream().filter(( it) -\u003e org.springframework.util.ClassUtils.isAssignable(it.getWrapperClass(), reactiveObject.getClass())).findFirst().map(( it) -\u003e ((T) (it.doOnError(reactiveObject, onError)))).orElseThrow(() -\u003e new java.lang.IllegalStateException(java.lang.String.format(\"Cannot apply onError callback to %s\", reactiveObject)))",
                "dst": "null",
                "src_parent_type": "Block",
                "dst_parent_type": "null",
                "src_parent": "{\n    org.springframework.util.Assert.notNull(reactiveObject, \"Reactive source object must not be null!\");\n    org.springframework.util.Assert.notNull(onError, \"onError callback must not be null!\");\n    return org.springframework.data.repository.util.ReactiveWrapperConverters.REACTIVE_WRAPPERS.stream().filter(( it) -\u003e org.springframework.util.ClassUtils.isAssignable(it.getWrapperClass(), reactiveObject.getClass())).findFirst().map(( it) -\u003e ((T) (it.doOnError(reactiveObject, onError)))).orElseThrow(() -\u003e new java.lang.IllegalStateException(java.lang.String.format(\"Cannot apply onError callback to %s\", reactiveObject)));\n}",
                "dst_parent": "null"
              },
              "line": 229,
              "file": "/home/khesoem/projects/lighter/exp/src/main/java/org/springframework/data/repository/util/ReactiveWrapperConverters.java"
            }
          ]
        },
        {
          "tool-name": "JKali",
          "pattern-name": "JKali:add_rtrn",
          "Unified_Diff_of-files:": "Starts Below...",
          "INSERT:": "",
          "CHANGE_old:": "            return ((Flux\u0026lt;?\u0026gt;) wrapper).map(function::apply);",
          "CHANGE_new:": "            return ((Flux\u0026lt;?\u0026gt;) wrapper).map(function);",
          "instance_detail": [
            {
              "pattern_action": "INS",
              "pattern_entity": {
                "entity_type": "Return",
                "entity_new value": "*",
                "entity_role": "Statement",
                "entity_parent": "null"
              },
              "concrete_change": {
                "operator": "INS",
                "src_type": "Return",
                "dst_type": "null",
                "src": "return ((reactor.core.publisher.Mono\u003c?\u003e) (wrapper)).doOnSuccess(( o) -\u003e onSuccess.run())",
                "dst": "null",
                "src_parent_type": "Block",
                "dst_parent_type": "null",
                "src_parent": "{\n    return ((reactor.core.publisher.Mono\u003c?\u003e) (wrapper)).doOnSuccess(( o) -\u003e onSuccess.run());\n}",
                "dst_parent": "null"
              },
              "line": 318,
              "file": "/home/khesoem/projects/lighter/exp/src/main/java/org/springframework/data/repository/util/ReactiveWrapperConverters.java"
            }
          ]
        },
        {
          "tool-name": "JKali",
          "pattern-name": "JKali:add_rtrn",
          "Unified_Diff_of-files:": "Starts Below...",
          "INSERT:": "",
          "CHANGE_old:": "            return ((Flux\u0026lt;?\u0026gt;) wrapper).map(function::apply);",
          "CHANGE_new:": "            return ((Flux\u0026lt;?\u0026gt;) wrapper).map(function);",
          "instance_detail": [
            {
              "pattern_action": "INS",
              "pattern_entity": {
                "entity_type": "Return",
                "entity_new value": "*",
                "entity_role": "Statement",
                "entity_parent": "null"
              },
              "concrete_change": {
                "operator": "INS",
                "src_type": "Return",
                "dst_type": "null",
                "src": "return ((reactor.core.publisher.Mono\u003c?\u003e) (wrapper)).doOnError(onError)",
                "dst": "null",
                "src_parent_type": "Block",
                "dst_parent_type": "null",
                "src_parent": "{\n    return ((reactor.core.publisher.Mono\u003c?\u003e) (wrapper)).doOnError(onError);\n}",
                "dst_parent": "null"
              },
              "line": 323,
              "file": "/home/khesoem/projects/lighter/exp/src/main/java/org/springframework/data/repository/util/ReactiveWrapperConverters.java"
            }
          ]
        },
        {
          "tool-name": "JKali",
          "pattern-name": "JKali:add_rtrn",
          "Unified_Diff_of-files:": "Starts Below...",
          "INSERT:": "",
          "CHANGE_old:": "            return ((Flux\u0026lt;?\u0026gt;) wrapper).map(function::apply);",
          "CHANGE_new:": "            return ((Flux\u0026lt;?\u0026gt;) wrapper).map(function);",
          "instance_detail": [
            {
              "pattern_action": "INS",
              "pattern_entity": {
                "entity_type": "Return",
                "entity_new value": "*",
                "entity_role": "Statement",
                "entity_parent": "null"
              },
              "concrete_change": {
                "operator": "INS",
                "src_type": "Return",
                "dst_type": "null",
                "src": "return ((reactor.core.publisher.Flux\u003c?\u003e) (wrapper)).doOnComplete(onSuccess)",
                "dst": "null",
                "src_parent_type": "Block",
                "dst_parent_type": "null",
                "src_parent": "{\n    return ((reactor.core.publisher.Flux\u003c?\u003e) (wrapper)).doOnComplete(onSuccess);\n}",
                "dst_parent": "null"
              },
              "line": 345,
              "file": "/home/khesoem/projects/lighter/exp/src/main/java/org/springframework/data/repository/util/ReactiveWrapperConverters.java"
            }
          ]
        },
        {
          "tool-name": "JKali",
          "pattern-name": "JKali:add_rtrn",
          "Unified_Diff_of-files:": "Starts Below...",
          "INSERT:": "",
          "CHANGE_old:": "            return ((Flux\u0026lt;?\u0026gt;) wrapper).map(function::apply);",
          "CHANGE_new:": "            return ((Flux\u0026lt;?\u0026gt;) wrapper).map(function);",
          "instance_detail": [
            {
              "pattern_action": "INS",
              "pattern_entity": {
                "entity_type": "Return",
                "entity_new value": "*",
                "entity_role": "Statement",
                "entity_parent": "null"
              },
              "concrete_change": {
                "operator": "INS",
                "src_type": "Return",
                "dst_type": "null",
                "src": "return ((reactor.core.publisher.Flux\u003c?\u003e) (wrapper)).doOnError(onError)",
                "dst": "null",
                "src_parent_type": "Block",
                "dst_parent_type": "null",
                "src_parent": "{\n    return ((reactor.core.publisher.Flux\u003c?\u003e) (wrapper)).doOnError(onError);\n}",
                "dst_parent": "null"
              },
              "line": 350,
              "file": "/home/khesoem/projects/lighter/exp/src/main/java/org/springframework/data/repository/util/ReactiveWrapperConverters.java"
            }
          ]
        },
        {
          "tool-name": "JKali",
          "pattern-name": "JKali:add_rtrn",
          "Unified_Diff_of-files:": "Starts Below...",
          "INSERT:": "",
          "CHANGE_old:": "            return ((Flux\u0026lt;?\u0026gt;) wrapper).map(function::apply);",
          "CHANGE_new:": "            return ((Flux\u0026lt;?\u0026gt;) wrapper).map(function);",
          "instance_detail": [
            {
              "pattern_action": "INS",
              "pattern_entity": {
                "entity_type": "Return",
                "entity_new value": "*",
                "entity_role": "Statement",
                "entity_parent": "null"
              },
              "concrete_change": {
                "operator": "INS",
                "src_type": "Return",
                "dst_type": "null",
                "src": "return kotlinx.coroutines.flow.Flow.class",
                "dst": "null",
                "src_parent_type": "Block",
                "dst_parent_type": "null",
                "src_parent": "{\n    return kotlinx.coroutines.flow.Flow.class;\n}",
                "dst_parent": "null"
              },
              "line": 365,
              "file": "/home/khesoem/projects/lighter/exp/src/main/java/org/springframework/data/repository/util/ReactiveWrapperConverters.java"
            }
          ]
        },
        {
          "tool-name": "JKali",
          "pattern-name": "JKali:add_rtrn",
          "Unified_Diff_of-files:": "Starts Below...",
          "INSERT:": "",
          "CHANGE_old:": "            return ((Flux\u0026lt;?\u0026gt;) wrapper).map(function::apply);",
          "CHANGE_new:": "            return ((Flux\u0026lt;?\u0026gt;) wrapper).map(function);",
          "instance_detail": [
            {
              "pattern_action": "INS",
              "pattern_entity": {
                "entity_type": "Return",
                "entity_new value": "*",
                "entity_role": "Statement",
                "entity_parent": "null"
              },
              "concrete_change": {
                "operator": "INS",
                "src_type": "Return",
                "dst_type": "null",
                "src": "return kotlinx.coroutines.flow.FlowKt.map(((kotlinx.coroutines.flow.Flow\u003c?\u003e) (wrapper)), ( o, continuation) -\u003e function.apply(o))",
                "dst": "null",
                "src_parent_type": "Block",
                "dst_parent_type": "null",
                "src_parent": "{\n    return kotlinx.coroutines.flow.FlowKt.map(((kotlinx.coroutines.flow.Flow\u003c?\u003e) (wrapper)), ( o, continuation) -\u003e function.apply(o));\n}",
                "dst_parent": "null"
              },
              "line": 369,
              "file": "/home/khesoem/projects/lighter/exp/src/main/java/org/springframework/data/repository/util/ReactiveWrapperConverters.java"
            }
          ]
        },
        {
          "tool-name": "JKali",
          "pattern-name": "JKali:add_rtrn",
          "Unified_Diff_of-files:": "Starts Below...",
          "INSERT:": "",
          "CHANGE_old:": "            return ((Flux\u0026lt;?\u0026gt;) wrapper).map(function::apply);",
          "CHANGE_new:": "            return ((Flux\u0026lt;?\u0026gt;) wrapper).map(function);",
          "instance_detail": [
            {
              "pattern_action": "INS",
              "pattern_entity": {
                "entity_type": "Return",
                "entity_new value": "*",
                "entity_role": "Statement",
                "entity_parent": "null"
              },
              "concrete_change": {
                "operator": "INS",
                "src_type": "Return",
                "dst_type": "null",
                "src": "return kotlinx.coroutines.flow.FlowKt.onCompletion(((kotlinx.coroutines.flow.Flow\u003c?\u003e) (wrapper)), ( collector, ex, continuation) -\u003e {\n    if (ex \u003d\u003d null) {\n        onSuccess.run();\n    }\n    return collector;\n})",
                "dst": "null",
                "src_parent_type": "Block",
                "dst_parent_type": "null",
                "src_parent": "{\n    return kotlinx.coroutines.flow.FlowKt.onCompletion(((kotlinx.coroutines.flow.Flow\u003c?\u003e) (wrapper)), ( collector, ex, continuation) -\u003e {\n        if (ex \u003d\u003d null) {\n            onSuccess.run();\n        }\n        return collector;\n    });\n}",
                "dst_parent": "null"
              },
              "line": 374,
              "file": "/home/khesoem/projects/lighter/exp/src/main/java/org/springframework/data/repository/util/ReactiveWrapperConverters.java"
            }
          ]
        },
        {
          "tool-name": "JKali",
          "pattern-name": "JKali:add_rtrn",
          "Unified_Diff_of-files:": "Starts Below...",
          "INSERT:": "",
          "CHANGE_old:": "            return ((Flux\u0026lt;?\u0026gt;) wrapper).map(function::apply);",
          "CHANGE_new:": "            return ((Flux\u0026lt;?\u0026gt;) wrapper).map(function);",
          "instance_detail": [
            {
              "pattern_action": "INS",
              "pattern_entity": {
                "entity_type": "Return",
                "entity_new value": "*",
                "entity_role": "Statement",
                "entity_parent": "null"
              },
              "concrete_change": {
                "operator": "INS",
                "src_type": "Return",
                "dst_type": "null",
                "src": "return kotlinx.coroutines.flow.FlowKt.onCompletion(((kotlinx.coroutines.flow.Flow\u003c?\u003e) (wrapper)), ( collector, ex, continuation) -\u003e {\n    if (ex !\u003d null) {\n        onError.accept(ex);\n    }\n    return collector;\n})",
                "dst": "null",
                "src_parent_type": "Block",
                "dst_parent_type": "null",
                "src_parent": "{\n    return kotlinx.coroutines.flow.FlowKt.onCompletion(((kotlinx.coroutines.flow.Flow\u003c?\u003e) (wrapper)), ( collector, ex, continuation) -\u003e {\n        if (ex !\u003d null) {\n            onError.accept(ex);\n        }\n        return collector;\n    });\n}",
                "dst_parent": "null"
              },
              "line": 384,
              "file": "/home/khesoem/projects/lighter/exp/src/main/java/org/springframework/data/repository/util/ReactiveWrapperConverters.java"
            }
          ]
        },
        {
          "tool-name": "JKali",
          "pattern-name": "JKali:add_rtrn",
          "Unified_Diff_of-files:": "Starts Below...",
          "INSERT:": "",
          "CHANGE_old:": "            return ((Flux\u0026lt;?\u0026gt;) wrapper).map(function::apply);",
          "CHANGE_new:": "            return ((Flux\u0026lt;?\u0026gt;) wrapper).map(function);",
          "instance_detail": [
            {
              "pattern_action": "INS",
              "pattern_entity": {
                "entity_type": "Return",
                "entity_new value": "*",
                "entity_role": "Statement",
                "entity_parent": "null"
              },
              "concrete_change": {
                "operator": "INS",
                "src_type": "Return",
                "dst_type": "null",
                "src": "return org.springframework.data.repository.util.ReactiveWrapperConverters.FluxWrapper.INSTANCE.doOnSuccess(reactor.core.publisher.Flux.from(((org.reactivestreams.Publisher\u003c?\u003e) (wrapper))), onSuccess)",
                "dst": "null",
                "src_parent_type": "Block",
                "dst_parent_type": "null",
                "src_parent": "{\n    if (wrapper instanceof reactor.core.publisher.Mono) {\n        return org.springframework.data.repository.util.ReactiveWrapperConverters.MonoWrapper.INSTANCE.doOnSuccess(wrapper, onSuccess);\n    }\n    if (wrapper instanceof reactor.core.publisher.Flux) {\n        return org.springframework.data.repository.util.ReactiveWrapperConverters.FluxWrapper.INSTANCE.doOnSuccess(wrapper, onSuccess);\n    }\n    return org.springframework.data.repository.util.ReactiveWrapperConverters.FluxWrapper.INSTANCE.doOnSuccess(reactor.core.publisher.Flux.from(((org.reactivestreams.Publisher\u003c?\u003e) (wrapper))), onSuccess);\n}",
                "dst_parent": "null"
              },
              "line": 430,
              "file": "/home/khesoem/projects/lighter/exp/src/main/java/org/springframework/data/repository/util/ReactiveWrapperConverters.java"
            }
          ]
        },
        {
          "tool-name": "JKali",
          "pattern-name": "JKali:add_rtrn",
          "Unified_Diff_of-files:": "Starts Below...",
          "INSERT:": "",
          "CHANGE_old:": "            return ((Flux\u0026lt;?\u0026gt;) wrapper).map(function::apply);",
          "CHANGE_new:": "            return ((Flux\u0026lt;?\u0026gt;) wrapper).map(function);",
          "instance_detail": [
            {
              "pattern_action": "INS",
              "pattern_entity": {
                "entity_type": "Return",
                "entity_new value": "*",
                "entity_role": "Statement",
                "entity_parent": "null"
              },
              "concrete_change": {
                "operator": "INS",
                "src_type": "Return",
                "dst_type": "null",
                "src": "return org.springframework.data.repository.util.ReactiveWrapperConverters.FluxWrapper.INSTANCE.doOnError(reactor.core.publisher.Flux.from(((org.reactivestreams.Publisher\u003c?\u003e) (wrapper))), onError)",
                "dst": "null",
                "src_parent_type": "Block",
                "dst_parent_type": "null",
                "src_parent": "{\n    if (wrapper instanceof reactor.core.publisher.Mono) {\n        return org.springframework.data.repository.util.ReactiveWrapperConverters.MonoWrapper.INSTANCE.doOnError(wrapper, onError);\n    }\n    if (wrapper instanceof reactor.core.publisher.Flux) {\n        return org.springframework.data.repository.util.ReactiveWrapperConverters.FluxWrapper.INSTANCE.doOnError(wrapper, onError);\n    }\n    return org.springframework.data.repository.util.ReactiveWrapperConverters.FluxWrapper.INSTANCE.doOnError(reactor.core.publisher.Flux.from(((org.reactivestreams.Publisher\u003c?\u003e) (wrapper))), onError);\n}",
                "dst_parent": "null"
              },
              "line": 444,
              "file": "/home/khesoem/projects/lighter/exp/src/main/java/org/springframework/data/repository/util/ReactiveWrapperConverters.java"
            }
          ]
        },
        {
          "tool-name": "JKali",
          "pattern-name": "JKali:add_rtrn",
          "Unified_Diff_of-files:": "Starts Below...",
          "INSERT:": "",
          "CHANGE_old:": "            return ((Flux\u0026lt;?\u0026gt;) wrapper).map(function::apply);",
          "CHANGE_new:": "            return ((Flux\u0026lt;?\u0026gt;) wrapper).map(function);",
          "instance_detail": [
            {
              "pattern_action": "INS",
              "pattern_entity": {
                "entity_type": "Return",
                "entity_new value": "*",
                "entity_role": "Statement",
                "entity_parent": "null"
              },
              "concrete_change": {
                "operator": "INS",
                "src_type": "Return",
                "dst_type": "null",
                "src": "return ((rx.Single\u003c?\u003e) (wrapper)).doOnSuccess(( o) -\u003e onSuccess.run())",
                "dst": "null",
                "src_parent_type": "Block",
                "dst_parent_type": "null",
                "src_parent": "{\n    return ((rx.Single\u003c?\u003e) (wrapper)).doOnSuccess(( o) -\u003e onSuccess.run());\n}",
                "dst_parent": "null"
              },
              "line": 471,
              "file": "/home/khesoem/projects/lighter/exp/src/main/java/org/springframework/data/repository/util/ReactiveWrapperConverters.java"
            }
          ]
        },
        {
          "tool-name": "JKali",
          "pattern-name": "JKali:add_rtrn",
          "Unified_Diff_of-files:": "Starts Below...",
          "INSERT:": "",
          "CHANGE_old:": "            return ((Flux\u0026lt;?\u0026gt;) wrapper).map(function::apply);",
          "CHANGE_new:": "            return ((Flux\u0026lt;?\u0026gt;) wrapper).map(function);",
          "instance_detail": [
            {
              "pattern_action": "INS",
              "pattern_entity": {
                "entity_type": "Return",
                "entity_new value": "*",
                "entity_role": "Statement",
                "entity_parent": "null"
              },
              "concrete_change": {
                "operator": "INS",
                "src_type": "Return",
                "dst_type": "null",
                "src": "return ((rx.Single\u003c?\u003e) (wrapper)).doOnError(onError::accept)",
                "dst": "null",
                "src_parent_type": "Block",
                "dst_parent_type": "null",
                "src_parent": "{\n    return ((rx.Single\u003c?\u003e) (wrapper)).doOnError(onError::accept);\n}",
                "dst_parent": "null"
              },
              "line": 476,
              "file": "/home/khesoem/projects/lighter/exp/src/main/java/org/springframework/data/repository/util/ReactiveWrapperConverters.java"
            }
          ]
        },
        {
          "tool-name": "JKali",
          "pattern-name": "JKali:add_rtrn",
          "Unified_Diff_of-files:": "Starts Below...",
          "INSERT:": "",
          "CHANGE_old:": "            return ((Flux\u0026lt;?\u0026gt;) wrapper).map(function::apply);",
          "CHANGE_new:": "            return ((Flux\u0026lt;?\u0026gt;) wrapper).map(function);",
          "instance_detail": [
            {
              "pattern_action": "INS",
              "pattern_entity": {
                "entity_type": "Return",
                "entity_new value": "*",
                "entity_role": "Statement",
                "entity_parent": "null"
              },
              "concrete_change": {
                "operator": "INS",
                "src_type": "Return",
                "dst_type": "null",
                "src": "return ((rx.Observable\u003c?\u003e) (wrapper)).doOnCompleted(onSuccess::run)",
                "dst": "null",
                "src_parent_type": "Block",
                "dst_parent_type": "null",
                "src_parent": "{\n    return ((rx.Observable\u003c?\u003e) (wrapper)).doOnCompleted(onSuccess::run);\n}",
                "dst_parent": "null"
              },
              "line": 499,
              "file": "/home/khesoem/projects/lighter/exp/src/main/java/org/springframework/data/repository/util/ReactiveWrapperConverters.java"
            }
          ]
        },
        {
          "tool-name": "JKali",
          "pattern-name": "JKali:add_rtrn",
          "Unified_Diff_of-files:": "Starts Below...",
          "INSERT:": "",
          "CHANGE_old:": "            return ((Flux\u0026lt;?\u0026gt;) wrapper).map(function::apply);",
          "CHANGE_new:": "            return ((Flux\u0026lt;?\u0026gt;) wrapper).map(function);",
          "instance_detail": [
            {
              "pattern_action": "INS",
              "pattern_entity": {
                "entity_type": "Return",
                "entity_new value": "*",
                "entity_role": "Statement",
                "entity_parent": "null"
              },
              "concrete_change": {
                "operator": "INS",
                "src_type": "Return",
                "dst_type": "null",
                "src": "return ((rx.Observable\u003c?\u003e) (wrapper)).doOnError(onError::accept)",
                "dst": "null",
                "src_parent_type": "Block",
                "dst_parent_type": "null",
                "src_parent": "{\n    return ((rx.Observable\u003c?\u003e) (wrapper)).doOnError(onError::accept);\n}",
                "dst_parent": "null"
              },
              "line": 504,
              "file": "/home/khesoem/projects/lighter/exp/src/main/java/org/springframework/data/repository/util/ReactiveWrapperConverters.java"
            }
          ]
        },
        {
          "tool-name": "JKali",
          "pattern-name": "JKali:add_rtrn",
          "Unified_Diff_of-files:": "Starts Below...",
          "INSERT:": "",
          "CHANGE_old:": "            return ((Flux\u0026lt;?\u0026gt;) wrapper).map(function::apply);",
          "CHANGE_new:": "            return ((Flux\u0026lt;?\u0026gt;) wrapper).map(function);",
          "instance_detail": [
            {
              "pattern_action": "INS",
              "pattern_entity": {
                "entity_type": "Return",
                "entity_new value": "*",
                "entity_role": "Statement",
                "entity_parent": "null"
              },
              "concrete_change": {
                "operator": "INS",
                "src_type": "Return",
                "dst_type": "null",
                "src": "return ((io.reactivex.Single\u003c?\u003e) (wrapper)).doOnSuccess(( o) -\u003e onSuccess.run())",
                "dst": "null",
                "src_parent_type": "Block",
                "dst_parent_type": "null",
                "src_parent": "{\n    return ((io.reactivex.Single\u003c?\u003e) (wrapper)).doOnSuccess(( o) -\u003e onSuccess.run());\n}",
                "dst_parent": "null"
              },
              "line": 531,
              "file": "/home/khesoem/projects/lighter/exp/src/main/java/org/springframework/data/repository/util/ReactiveWrapperConverters.java"
            }
          ]
        },
        {
          "tool-name": "JKali",
          "pattern-name": "JKali:add_rtrn",
          "Unified_Diff_of-files:": "Starts Below...",
          "INSERT:": "",
          "CHANGE_old:": "            return ((Flux\u0026lt;?\u0026gt;) wrapper).map(function::apply);",
          "CHANGE_new:": "            return ((Flux\u0026lt;?\u0026gt;) wrapper).map(function);",
          "instance_detail": [
            {
              "pattern_action": "INS",
              "pattern_entity": {
                "entity_type": "Return",
                "entity_new value": "*",
                "entity_role": "Statement",
                "entity_parent": "null"
              },
              "concrete_change": {
                "operator": "INS",
                "src_type": "Return",
                "dst_type": "null",
                "src": "return ((io.reactivex.Single\u003c?\u003e) (wrapper)).doOnError(onError::accept)",
                "dst": "null",
                "src_parent_type": "Block",
                "dst_parent_type": "null",
                "src_parent": "{\n    return ((io.reactivex.Single\u003c?\u003e) (wrapper)).doOnError(onError::accept);\n}",
                "dst_parent": "null"
              },
              "line": 536,
              "file": "/home/khesoem/projects/lighter/exp/src/main/java/org/springframework/data/repository/util/ReactiveWrapperConverters.java"
            }
          ]
        },
        {
          "tool-name": "JKali",
          "pattern-name": "JKali:add_rtrn",
          "Unified_Diff_of-files:": "Starts Below...",
          "INSERT:": "",
          "CHANGE_old:": "            return ((Flux\u0026lt;?\u0026gt;) wrapper).map(function::apply);",
          "CHANGE_new:": "            return ((Flux\u0026lt;?\u0026gt;) wrapper).map(function);",
          "instance_detail": [
            {
              "pattern_action": "INS",
              "pattern_entity": {
                "entity_type": "Return",
                "entity_new value": "*",
                "entity_role": "Statement",
                "entity_parent": "null"
              },
              "concrete_change": {
                "operator": "INS",
                "src_type": "Return",
                "dst_type": "null",
                "src": "return ((io.reactivex.Maybe\u003c?\u003e) (wrapper)).doOnSuccess(( o) -\u003e onSuccess.run())",
                "dst": "null",
                "src_parent_type": "Block",
                "dst_parent_type": "null",
                "src_parent": "{\n    return ((io.reactivex.Maybe\u003c?\u003e) (wrapper)).doOnSuccess(( o) -\u003e onSuccess.run());\n}",
                "dst_parent": "null"
              },
              "line": 559,
              "file": "/home/khesoem/projects/lighter/exp/src/main/java/org/springframework/data/repository/util/ReactiveWrapperConverters.java"
            }
          ]
        },
        {
          "tool-name": "JKali",
          "pattern-name": "JKali:add_rtrn",
          "Unified_Diff_of-files:": "Starts Below...",
          "INSERT:": "",
          "CHANGE_old:": "            return ((Flux\u0026lt;?\u0026gt;) wrapper).map(function::apply);",
          "CHANGE_new:": "            return ((Flux\u0026lt;?\u0026gt;) wrapper).map(function);",
          "instance_detail": [
            {
              "pattern_action": "INS",
              "pattern_entity": {
                "entity_type": "Return",
                "entity_new value": "*",
                "entity_role": "Statement",
                "entity_parent": "null"
              },
              "concrete_change": {
                "operator": "INS",
                "src_type": "Return",
                "dst_type": "null",
                "src": "return ((io.reactivex.Maybe\u003c?\u003e) (wrapper)).doOnError(onError::accept)",
                "dst": "null",
                "src_parent_type": "Block",
                "dst_parent_type": "null",
                "src_parent": "{\n    return ((io.reactivex.Maybe\u003c?\u003e) (wrapper)).doOnError(onError::accept);\n}",
                "dst_parent": "null"
              },
              "line": 564,
              "file": "/home/khesoem/projects/lighter/exp/src/main/java/org/springframework/data/repository/util/ReactiveWrapperConverters.java"
            }
          ]
        },
        {
          "tool-name": "JKali",
          "pattern-name": "JKali:add_rtrn",
          "Unified_Diff_of-files:": "Starts Below...",
          "INSERT:": "",
          "CHANGE_old:": "            return ((Flux\u0026lt;?\u0026gt;) wrapper).map(function::apply);",
          "CHANGE_new:": "            return ((Flux\u0026lt;?\u0026gt;) wrapper).map(function);",
          "instance_detail": [
            {
              "pattern_action": "INS",
              "pattern_entity": {
                "entity_type": "Return",
                "entity_new value": "*",
                "entity_role": "Statement",
                "entity_parent": "null"
              },
              "concrete_change": {
                "operator": "INS",
                "src_type": "Return",
                "dst_type": "null",
                "src": "return ((io.reactivex.Observable\u003c?\u003e) (wrapper)).doOnComplete(onSuccess::run)",
                "dst": "null",
                "src_parent_type": "Block",
                "dst_parent_type": "null",
                "src_parent": "{\n    return ((io.reactivex.Observable\u003c?\u003e) (wrapper)).doOnComplete(onSuccess::run);\n}",
                "dst_parent": "null"
              },
              "line": 587,
              "file": "/home/khesoem/projects/lighter/exp/src/main/java/org/springframework/data/repository/util/ReactiveWrapperConverters.java"
            }
          ]
        },
        {
          "tool-name": "JKali",
          "pattern-name": "JKali:add_rtrn",
          "Unified_Diff_of-files:": "Starts Below...",
          "INSERT:": "",
          "CHANGE_old:": "            return ((Flux\u0026lt;?\u0026gt;) wrapper).map(function::apply);",
          "CHANGE_new:": "            return ((Flux\u0026lt;?\u0026gt;) wrapper).map(function);",
          "instance_detail": [
            {
              "pattern_action": "INS",
              "pattern_entity": {
                "entity_type": "Return",
                "entity_new value": "*",
                "entity_role": "Statement",
                "entity_parent": "null"
              },
              "concrete_change": {
                "operator": "INS",
                "src_type": "Return",
                "dst_type": "null",
                "src": "return ((io.reactivex.Observable\u003c?\u003e) (wrapper)).doOnError(onError::accept)",
                "dst": "null",
                "src_parent_type": "Block",
                "dst_parent_type": "null",
                "src_parent": "{\n    return ((io.reactivex.Observable\u003c?\u003e) (wrapper)).doOnError(onError::accept);\n}",
                "dst_parent": "null"
              },
              "line": 592,
              "file": "/home/khesoem/projects/lighter/exp/src/main/java/org/springframework/data/repository/util/ReactiveWrapperConverters.java"
            }
          ]
        },
        {
          "tool-name": "JKali",
          "pattern-name": "JKali:add_rtrn",
          "Unified_Diff_of-files:": "Starts Below...",
          "INSERT:": "",
          "CHANGE_old:": "            return ((Flux\u0026lt;?\u0026gt;) wrapper).map(function::apply);",
          "CHANGE_new:": "            return ((Flux\u0026lt;?\u0026gt;) wrapper).map(function);",
          "instance_detail": [
            {
              "pattern_action": "INS",
              "pattern_entity": {
                "entity_type": "Return",
                "entity_new value": "*",
                "entity_role": "Statement",
                "entity_parent": "null"
              },
              "concrete_change": {
                "operator": "INS",
                "src_type": "Return",
                "dst_type": "null",
                "src": "return ((io.reactivex.Flowable\u003c?\u003e) (wrapper)).doOnComplete(onSuccess::run)",
                "dst": "null",
                "src_parent_type": "Block",
                "dst_parent_type": "null",
                "src_parent": "{\n    return ((io.reactivex.Flowable\u003c?\u003e) (wrapper)).doOnComplete(onSuccess::run);\n}",
                "dst_parent": "null"
              },
              "line": 615,
              "file": "/home/khesoem/projects/lighter/exp/src/main/java/org/springframework/data/repository/util/ReactiveWrapperConverters.java"
            }
          ]
        },
        {
          "tool-name": "JKali",
          "pattern-name": "JKali:add_rtrn",
          "Unified_Diff_of-files:": "Starts Below...",
          "INSERT:": "",
          "CHANGE_old:": "            return ((Flux\u0026lt;?\u0026gt;) wrapper).map(function::apply);",
          "CHANGE_new:": "            return ((Flux\u0026lt;?\u0026gt;) wrapper).map(function);",
          "instance_detail": [
            {
              "pattern_action": "INS",
              "pattern_entity": {
                "entity_type": "Return",
                "entity_new value": "*",
                "entity_role": "Statement",
                "entity_parent": "null"
              },
              "concrete_change": {
                "operator": "INS",
                "src_type": "Return",
                "dst_type": "null",
                "src": "return ((io.reactivex.Flowable\u003c?\u003e) (wrapper)).doOnError(onError::accept)",
                "dst": "null",
                "src_parent_type": "Block",
                "dst_parent_type": "null",
                "src_parent": "{\n    return ((io.reactivex.Flowable\u003c?\u003e) (wrapper)).doOnError(onError::accept);\n}",
                "dst_parent": "null"
              },
              "line": 620,
              "file": "/home/khesoem/projects/lighter/exp/src/main/java/org/springframework/data/repository/util/ReactiveWrapperConverters.java"
            }
          ]
        },
        {
          "tool-name": "JKali",
          "pattern-name": "JKali:add_rtrn",
          "Unified_Diff_of-files:": "Starts Below...",
          "INSERT:": "",
          "CHANGE_old:": "            return ((Flux\u0026lt;?\u0026gt;) wrapper).map(function::apply);",
          "CHANGE_new:": "            return ((Flux\u0026lt;?\u0026gt;) wrapper).map(function);",
          "instance_detail": [
            {
              "pattern_action": "INS",
              "pattern_entity": {
                "entity_type": "Return",
                "entity_new value": "*",
                "entity_role": "Statement",
                "entity_parent": "null"
              },
              "concrete_change": {
                "operator": "INS",
                "src_type": "Return",
                "dst_type": "null",
                "src": "return ((io.reactivex.rxjava3.core.Single\u003c?\u003e) (wrapper)).doOnSuccess(( o) -\u003e onSuccess.run())",
                "dst": "null",
                "src_parent_type": "Block",
                "dst_parent_type": "null",
                "src_parent": "{\n    return ((io.reactivex.rxjava3.core.Single\u003c?\u003e) (wrapper)).doOnSuccess(( o) -\u003e onSuccess.run());\n}",
                "dst_parent": "null"
              },
              "line": 647,
              "file": "/home/khesoem/projects/lighter/exp/src/main/java/org/springframework/data/repository/util/ReactiveWrapperConverters.java"
            }
          ]
        },
        {
          "tool-name": "JKali",
          "pattern-name": "JKali:add_rtrn",
          "Unified_Diff_of-files:": "Starts Below...",
          "INSERT:": "",
          "CHANGE_old:": "            return ((Flux\u0026lt;?\u0026gt;) wrapper).map(function::apply);",
          "CHANGE_new:": "            return ((Flux\u0026lt;?\u0026gt;) wrapper).map(function);",
          "instance_detail": [
            {
              "pattern_action": "INS",
              "pattern_entity": {
                "entity_type": "Return",
                "entity_new value": "*",
                "entity_role": "Statement",
                "entity_parent": "null"
              },
              "concrete_change": {
                "operator": "INS",
                "src_type": "Return",
                "dst_type": "null",
                "src": "return ((io.reactivex.rxjava3.core.Single\u003c?\u003e) (wrapper)).doOnError(onError::accept)",
                "dst": "null",
                "src_parent_type": "Block",
                "dst_parent_type": "null",
                "src_parent": "{\n    return ((io.reactivex.rxjava3.core.Single\u003c?\u003e) (wrapper)).doOnError(onError::accept);\n}",
                "dst_parent": "null"
              },
              "line": 652,
              "file": "/home/khesoem/projects/lighter/exp/src/main/java/org/springframework/data/repository/util/ReactiveWrapperConverters.java"
            }
          ]
        },
        {
          "tool-name": "JKali",
          "pattern-name": "JKali:add_rtrn",
          "Unified_Diff_of-files:": "Starts Below...",
          "INSERT:": "",
          "CHANGE_old:": "            return ((Flux\u0026lt;?\u0026gt;) wrapper).map(function::apply);",
          "CHANGE_new:": "            return ((Flux\u0026lt;?\u0026gt;) wrapper).map(function);",
          "instance_detail": [
            {
              "pattern_action": "INS",
              "pattern_entity": {
                "entity_type": "Return",
                "entity_new value": "*",
                "entity_role": "Statement",
                "entity_parent": "null"
              },
              "concrete_change": {
                "operator": "INS",
                "src_type": "Return",
                "dst_type": "null",
                "src": "return ((io.reactivex.rxjava3.core.Maybe\u003c?\u003e) (wrapper)).doOnSuccess(( o) -\u003e onSuccess.run())",
                "dst": "null",
                "src_parent_type": "Block",
                "dst_parent_type": "null",
                "src_parent": "{\n    return ((io.reactivex.rxjava3.core.Maybe\u003c?\u003e) (wrapper)).doOnSuccess(( o) -\u003e onSuccess.run());\n}",
                "dst_parent": "null"
              },
              "line": 675,
              "file": "/home/khesoem/projects/lighter/exp/src/main/java/org/springframework/data/repository/util/ReactiveWrapperConverters.java"
            }
          ]
        },
        {
          "tool-name": "JKali",
          "pattern-name": "JKali:add_rtrn",
          "Unified_Diff_of-files:": "Starts Below...",
          "INSERT:": "",
          "CHANGE_old:": "            return ((Flux\u0026lt;?\u0026gt;) wrapper).map(function::apply);",
          "CHANGE_new:": "            return ((Flux\u0026lt;?\u0026gt;) wrapper).map(function);",
          "instance_detail": [
            {
              "pattern_action": "INS",
              "pattern_entity": {
                "entity_type": "Return",
                "entity_new value": "*",
                "entity_role": "Statement",
                "entity_parent": "null"
              },
              "concrete_change": {
                "operator": "INS",
                "src_type": "Return",
                "dst_type": "null",
                "src": "return ((io.reactivex.rxjava3.core.Maybe\u003c?\u003e) (wrapper)).doOnError(onError::accept)",
                "dst": "null",
                "src_parent_type": "Block",
                "dst_parent_type": "null",
                "src_parent": "{\n    return ((io.reactivex.rxjava3.core.Maybe\u003c?\u003e) (wrapper)).doOnError(onError::accept);\n}",
                "dst_parent": "null"
              },
              "line": 680,
              "file": "/home/khesoem/projects/lighter/exp/src/main/java/org/springframework/data/repository/util/ReactiveWrapperConverters.java"
            }
          ]
        },
        {
          "tool-name": "JKali",
          "pattern-name": "JKali:add_rtrn",
          "Unified_Diff_of-files:": "Starts Below...",
          "INSERT:": "",
          "CHANGE_old:": "            return ((Flux\u0026lt;?\u0026gt;) wrapper).map(function::apply);",
          "CHANGE_new:": "            return ((Flux\u0026lt;?\u0026gt;) wrapper).map(function);",
          "instance_detail": [
            {
              "pattern_action": "INS",
              "pattern_entity": {
                "entity_type": "Return",
                "entity_new value": "*",
                "entity_role": "Statement",
                "entity_parent": "null"
              },
              "concrete_change": {
                "operator": "INS",
                "src_type": "Return",
                "dst_type": "null",
                "src": "return ((io.reactivex.rxjava3.core.Observable\u003c?\u003e) (wrapper)).doOnComplete(onSuccess::run)",
                "dst": "null",
                "src_parent_type": "Block",
                "dst_parent_type": "null",
                "src_parent": "{\n    return ((io.reactivex.rxjava3.core.Observable\u003c?\u003e) (wrapper)).doOnComplete(onSuccess::run);\n}",
                "dst_parent": "null"
              },
              "line": 703,
              "file": "/home/khesoem/projects/lighter/exp/src/main/java/org/springframework/data/repository/util/ReactiveWrapperConverters.java"
            }
          ]
        },
        {
          "tool-name": "JKali",
          "pattern-name": "JKali:add_rtrn",
          "Unified_Diff_of-files:": "Starts Below...",
          "INSERT:": "",
          "CHANGE_old:": "            return ((Flux\u0026lt;?\u0026gt;) wrapper).map(function::apply);",
          "CHANGE_new:": "            return ((Flux\u0026lt;?\u0026gt;) wrapper).map(function);",
          "instance_detail": [
            {
              "pattern_action": "INS",
              "pattern_entity": {
                "entity_type": "Return",
                "entity_new value": "*",
                "entity_role": "Statement",
                "entity_parent": "null"
              },
              "concrete_change": {
                "operator": "INS",
                "src_type": "Return",
                "dst_type": "null",
                "src": "return ((io.reactivex.rxjava3.core.Observable\u003c?\u003e) (wrapper)).doOnError(onError::accept)",
                "dst": "null",
                "src_parent_type": "Block",
                "dst_parent_type": "null",
                "src_parent": "{\n    return ((io.reactivex.rxjava3.core.Observable\u003c?\u003e) (wrapper)).doOnError(onError::accept);\n}",
                "dst_parent": "null"
              },
              "line": 708,
              "file": "/home/khesoem/projects/lighter/exp/src/main/java/org/springframework/data/repository/util/ReactiveWrapperConverters.java"
            }
          ]
        },
        {
          "tool-name": "JKali",
          "pattern-name": "JKali:add_rtrn",
          "Unified_Diff_of-files:": "Starts Below...",
          "INSERT:": "",
          "CHANGE_old:": "            return ((Flux\u0026lt;?\u0026gt;) wrapper).map(function::apply);",
          "CHANGE_new:": "            return ((Flux\u0026lt;?\u0026gt;) wrapper).map(function);",
          "instance_detail": [
            {
              "pattern_action": "INS",
              "pattern_entity": {
                "entity_type": "Return",
                "entity_new value": "*",
                "entity_role": "Statement",
                "entity_parent": "null"
              },
              "concrete_change": {
                "operator": "INS",
                "src_type": "Return",
                "dst_type": "null",
                "src": "return ((io.reactivex.rxjava3.core.Flowable\u003c?\u003e) (wrapper)).doOnComplete(onSuccess::run)",
                "dst": "null",
                "src_parent_type": "Block",
                "dst_parent_type": "null",
                "src_parent": "{\n    return ((io.reactivex.rxjava3.core.Flowable\u003c?\u003e) (wrapper)).doOnComplete(onSuccess::run);\n}",
                "dst_parent": "null"
              },
              "line": 731,
              "file": "/home/khesoem/projects/lighter/exp/src/main/java/org/springframework/data/repository/util/ReactiveWrapperConverters.java"
            }
          ]
        },
        {
          "tool-name": "JKali",
          "pattern-name": "JKali:add_rtrn",
          "Unified_Diff_of-files:": "Starts Below...",
          "INSERT:": "",
          "CHANGE_old:": "            return ((Flux\u0026lt;?\u0026gt;) wrapper).map(function::apply);",
          "CHANGE_new:": "            return ((Flux\u0026lt;?\u0026gt;) wrapper).map(function);",
          "instance_detail": [
            {
              "pattern_action": "INS",
              "pattern_entity": {
                "entity_type": "Return",
                "entity_new value": "*",
                "entity_role": "Statement",
                "entity_parent": "null"
              },
              "concrete_change": {
                "operator": "INS",
                "src_type": "Return",
                "dst_type": "null",
                "src": "return ((io.reactivex.rxjava3.core.Flowable\u003c?\u003e) (wrapper)).doOnError(onError::accept)",
                "dst": "null",
                "src_parent_type": "Block",
                "dst_parent_type": "null",
                "src_parent": "{\n    return ((io.reactivex.rxjava3.core.Flowable\u003c?\u003e) (wrapper)).doOnError(onError::accept);\n}",
                "dst_parent": "null"
              },
              "line": 736,
              "file": "/home/khesoem/projects/lighter/exp/src/main/java/org/springframework/data/repository/util/ReactiveWrapperConverters.java"
            }
          ]
        },
        {
          "tool-name": "JKali",
          "pattern-name": "JKali:add_rtrn",
          "Unified_Diff_of-files:": "Starts Below...",
          "INSERT:": "",
          "CHANGE_old:": "            return ((Flux\u0026lt;?\u0026gt;) wrapper).map(function::apply);",
          "CHANGE_new:": "            return ((Flux\u0026lt;?\u0026gt;) wrapper).map(function);",
          "instance_detail": [
            {
              "pattern_action": "INS",
              "pattern_entity": {
                "entity_type": "Return",
                "entity_new value": "*",
                "entity_role": "Statement",
                "entity_parent": "null"
              },
              "concrete_change": {
                "operator": "INS",
                "src_type": "Return",
                "dst_type": "null",
                "src": "return org.springframework.data.repository.util.ReactiveWrapperConverters.MonoWrapper.INSTANCE.doOnSuccess(wrapper, onSuccess)",
                "dst": "null",
                "src_parent_type": "Block",
                "dst_parent_type": "null",
                "src_parent": "{\n    return org.springframework.data.repository.util.ReactiveWrapperConverters.MonoWrapper.INSTANCE.doOnSuccess(wrapper, onSuccess);\n}",
                "dst_parent": "null"
              },
              "line": 423,
              "file": "/home/khesoem/projects/lighter/exp/src/main/java/org/springframework/data/repository/util/ReactiveWrapperConverters.java"
            }
          ]
        },
        {
          "tool-name": "JKali",
          "pattern-name": "JKali:add_rtrn",
          "Unified_Diff_of-files:": "Starts Below...",
          "INSERT:": "",
          "CHANGE_old:": "            return ((Flux\u0026lt;?\u0026gt;) wrapper).map(function::apply);",
          "CHANGE_new:": "            return ((Flux\u0026lt;?\u0026gt;) wrapper).map(function);",
          "instance_detail": [
            {
              "pattern_action": "INS",
              "pattern_entity": {
                "entity_type": "Return",
                "entity_new value": "*",
                "entity_role": "Statement",
                "entity_parent": "null"
              },
              "concrete_change": {
                "operator": "INS",
                "src_type": "Return",
                "dst_type": "null",
                "src": "return org.springframework.data.repository.util.ReactiveWrapperConverters.FluxWrapper.INSTANCE.doOnSuccess(wrapper, onSuccess)",
                "dst": "null",
                "src_parent_type": "Block",
                "dst_parent_type": "null",
                "src_parent": "{\n    return org.springframework.data.repository.util.ReactiveWrapperConverters.FluxWrapper.INSTANCE.doOnSuccess(wrapper, onSuccess);\n}",
                "dst_parent": "null"
              },
              "line": 427,
              "file": "/home/khesoem/projects/lighter/exp/src/main/java/org/springframework/data/repository/util/ReactiveWrapperConverters.java"
            }
          ]
        },
        {
          "tool-name": "JKali",
          "pattern-name": "JKali:add_rtrn",
          "Unified_Diff_of-files:": "Starts Below...",
          "INSERT:": "",
          "CHANGE_old:": "            return ((Flux\u0026lt;?\u0026gt;) wrapper).map(function::apply);",
          "CHANGE_new:": "            return ((Flux\u0026lt;?\u0026gt;) wrapper).map(function);",
          "instance_detail": [
            {
              "pattern_action": "INS",
              "pattern_entity": {
                "entity_type": "Return",
                "entity_new value": "*",
                "entity_role": "Statement",
                "entity_parent": "null"
              },
              "concrete_change": {
                "operator": "INS",
                "src_type": "Return",
                "dst_type": "null",
                "src": "return org.springframework.data.repository.util.ReactiveWrapperConverters.MonoWrapper.INSTANCE.doOnError(wrapper, onError)",
                "dst": "null",
                "src_parent_type": "Block",
                "dst_parent_type": "null",
                "src_parent": "{\n    return org.springframework.data.repository.util.ReactiveWrapperConverters.MonoWrapper.INSTANCE.doOnError(wrapper, onError);\n}",
                "dst_parent": "null"
              },
              "line": 437,
              "file": "/home/khesoem/projects/lighter/exp/src/main/java/org/springframework/data/repository/util/ReactiveWrapperConverters.java"
            }
          ]
        },
        {
          "tool-name": "JKali",
          "pattern-name": "JKali:add_rtrn",
          "Unified_Diff_of-files:": "Starts Below...",
          "INSERT:": "",
          "CHANGE_old:": "            return ((Flux\u0026lt;?\u0026gt;) wrapper).map(function::apply);",
          "CHANGE_new:": "            return ((Flux\u0026lt;?\u0026gt;) wrapper).map(function);",
          "instance_detail": [
            {
              "pattern_action": "INS",
              "pattern_entity": {
                "entity_type": "Return",
                "entity_new value": "*",
                "entity_role": "Statement",
                "entity_parent": "null"
              },
              "concrete_change": {
                "operator": "INS",
                "src_type": "Return",
                "dst_type": "null",
                "src": "return org.springframework.data.repository.util.ReactiveWrapperConverters.FluxWrapper.INSTANCE.doOnError(wrapper, onError)",
                "dst": "null",
                "src_parent_type": "Block",
                "dst_parent_type": "null",
                "src_parent": "{\n    return org.springframework.data.repository.util.ReactiveWrapperConverters.FluxWrapper.INSTANCE.doOnError(wrapper, onError);\n}",
                "dst_parent": "null"
              },
              "line": 441,
              "file": "/home/khesoem/projects/lighter/exp/src/main/java/org/springframework/data/repository/util/ReactiveWrapperConverters.java"
            }
          ]
        },
        {
          "tool-name": "JKali",
          "pattern-name": "JKali:add_rtrn",
          "Unified_Diff_of-files:": "Starts Below...",
          "INSERT:": "",
          "CHANGE_old:": "            return ((Flux\u0026lt;?\u0026gt;) wrapper).map(function::apply);",
          "CHANGE_new:": "            return ((Flux\u0026lt;?\u0026gt;) wrapper).map(function);",
          "instance_detail": [
            {
              "pattern_action": "INS",
              "pattern_entity": {
                "entity_type": "Return",
                "entity_new value": "*",
                "entity_role": "Statement",
                "entity_parent": "null"
              },
              "concrete_change": {
                "operator": "INS",
                "src_type": "Return",
                "dst_type": "null",
                "src": "return collector",
                "dst": "null",
                "src_parent_type": "Block",
                "dst_parent_type": "null",
                "src_parent": "{\n    if (ex \u003d\u003d null) {\n        onSuccess.run();\n    }\n    return collector;\n}",
                "dst_parent": "null"
              },
              "line": 378,
              "file": "/home/khesoem/projects/lighter/exp/src/main/java/org/springframework/data/repository/util/ReactiveWrapperConverters.java"
            }
          ]
        },
        {
          "tool-name": "JKali",
          "pattern-name": "JKali:add_rtrn",
          "Unified_Diff_of-files:": "Starts Below...",
          "INSERT:": "",
          "CHANGE_old:": "            return ((Flux\u0026lt;?\u0026gt;) wrapper).map(function::apply);",
          "CHANGE_new:": "            return ((Flux\u0026lt;?\u0026gt;) wrapper).map(function);",
          "instance_detail": [
            {
              "pattern_action": "INS",
              "pattern_entity": {
                "entity_type": "Return",
                "entity_new value": "*",
                "entity_role": "Statement",
                "entity_parent": "null"
              },
              "concrete_change": {
                "operator": "INS",
                "src_type": "Return",
                "dst_type": "null",
                "src": "return collector",
                "dst": "null",
                "src_parent_type": "Block",
                "dst_parent_type": "null",
                "src_parent": "{\n    if (ex !\u003d null) {\n        onError.accept(ex);\n    }\n    return collector;\n}",
                "dst_parent": "null"
              },
              "line": 388,
              "file": "/home/khesoem/projects/lighter/exp/src/main/java/org/springframework/data/repository/util/ReactiveWrapperConverters.java"
            }
          ]
        }
      ]
    }
  ],
  "complete_analysis": true
}