{
  "instances": [
    {
      "revision": "558272e57b08b2afa3716eb55acd6a985b2bde42",
      "repairability": [
        {
          "tool-name": "JKali",
          "pattern-name": "JKali:del",
          "Unified_Diff_of-files:": "Starts Below...",
          "CHANGE_old:": "        return Optional.ofNullable(adapter \u003d\u003d null ? null : adapter.getDescriptor());",
          "CHANGE_new:": "        return Optional.empty();",
          "INSERT:": "        }",
          "instance_detail": [
            {
              "pattern_action": "DEL",
              "pattern_entity": {
                "entity_type": "*",
                "entity_new value": "*",
                "entity_role": "Statement",
                "entity_parent": "null"
              },
              "concrete_change": {
                "operator": "DEL",
                "src_type": "Return",
                "dst_type": "null",
                "src": "return java.util.Optional.ofNullable((adapter \u003d\u003d null ? null : adapter.getDescriptor()))",
                "dst": "null",
                "src_parent_type": "Block",
                "dst_parent_type": "null",
                "src_parent": "{\n    org.springframework.util.Assert.notNull(type, \"Wrapper type must not be null!\");\n    org.springframework.core.ReactiveAdapterRegistry adapterRegistry \u003d ReactiveWrapperConverters.RegistryHolder.REACTIVE_ADAPTER_REGISTRY;\n    if (adapterRegistry \u003d\u003d null) {\n        return java.util.Optional.empty();\n    }\n    org.springframework.core.ReactiveAdapter adapter \u003d adapterRegistry.getAdapter(type);\n    return java.util.Optional.ofNullable((adapter \u003d\u003d null ? null : adapter.getDescriptor()));\n}",
                "dst_parent": "null"
              },
              "line": 271,
              "file": "/home/khesoem/projects/lighter/exp/src/main/java/org/springframework/data/repository/util/ReactiveWrappers.java",
              "stats": {
                "number_of_src_entities": 30,
                "number_of_dst_entities": -1,
                "src_entity_types": "[java.util.Optional, \u003cnulltype\u003e, org.springframework.core.ReactiveAdapter]",
                "dst_entity_types": "[]"
              }
            }
          ]
        },
        {
          "tool-name": "JKali",
          "pattern-name": "JKali:add_rtrn",
          "Unified_Diff_of-files:": "Starts Below...",
          "CHANGE_old:": "        return Optional.ofNullable(adapter \u003d\u003d null ? null : adapter.getDescriptor());",
          "CHANGE_new:": "        return Optional.empty();",
          "INSERT:": "        }",
          "instance_detail": [
            {
              "pattern_action": "INS",
              "pattern_entity": {
                "entity_type": "Return",
                "entity_new value": "*",
                "entity_role": "Statement",
                "entity_parent": "null"
              },
              "concrete_change": {
                "operator": "INS",
                "src_type": "Return",
                "dst_type": "null",
                "src": "return java.util.Optional.empty()",
                "dst": "null",
                "src_parent_type": "Block",
                "dst_parent_type": "null",
                "src_parent": "{\n    org.springframework.util.Assert.notNull(type, \"Wrapper type must not be null!\");\n    org.springframework.core.ReactiveAdapterRegistry adapterRegistry \u003d ReactiveWrapperConverters.RegistryHolder.REACTIVE_ADAPTER_REGISTRY;\n    if (adapterRegistry \u003d\u003d null) {\n        return java.util.Optional.empty();\n    }\n    org.springframework.core.ReactiveAdapter adapter \u003d adapterRegistry.getAdapter(type);\n    if ((adapter !\u003d null) \u0026\u0026 (adapter.getDescriptor().isDeferred())) {\n        return java.util.Optional.ofNullable(adapter.getDescriptor());\n    }\n    return java.util.Optional.empty();\n}",
                "dst_parent": "null"
              },
              "line": 276,
              "file": "/home/khesoem/projects/lighter/exp/src/main/java/org/springframework/data/repository/util/ReactiveWrappers.java",
              "stats": {
                "number_of_src_entities": 12,
                "number_of_dst_entities": -1,
                "src_entity_types": "[java.util.Optional]",
                "dst_entity_types": "[]"
              }
            }
          ]
        },
        {
          "tool-name": "JKali",
          "pattern-name": "JKali:add_rtrn",
          "Unified_Diff_of-files:": "Starts Below...",
          "CHANGE_old:": "        return Optional.ofNullable(adapter \u003d\u003d null ? null : adapter.getDescriptor());",
          "CHANGE_new:": "        return Optional.empty();",
          "INSERT:": "        }",
          "instance_detail": [
            {
              "pattern_action": "INS",
              "pattern_entity": {
                "entity_type": "Return",
                "entity_new value": "*",
                "entity_role": "Statement",
                "entity_parent": "null"
              },
              "concrete_change": {
                "operator": "INS",
                "src_type": "Return",
                "dst_type": "null",
                "src": "return java.util.Optional.ofNullable(adapter.getDescriptor())",
                "dst": "null",
                "src_parent_type": "Block",
                "dst_parent_type": "null",
                "src_parent": "{\n    return java.util.Optional.ofNullable(adapter.getDescriptor());\n}",
                "dst_parent": "null"
              },
              "line": 273,
              "file": "/home/khesoem/projects/lighter/exp/src/main/java/org/springframework/data/repository/util/ReactiveWrappers.java"
            }
          ]
        }
      ]
    }
  ],
  "complete_analysis": true
}