{
  "instances": [
    {
      "revision": "98777f6f3c5577aecaef1fef0fbd27913a9ef29a",
      "repairability": [
        {
          "tool-name": "Arja",
          "pattern-name": "Arja:arja_shallow_change",
          "Unified_Diff_of-files:": "Starts Below...",
          "CHANGE_old:": "        return !Double.isInfinite(doubleValue);",
          "CHANGE_new:": "        return Double.isInfinite(doubleValue) ? null : doubleValue;",
          "INSERT:": "        }",
          "instance_detail": [
            {
              "pattern_action": "ANY",
              "pattern_entity": {
                "entity_type": "Statement",
                "entity_new value": "*",
                "entity_role": "*",
                "entity_parent": "null"
              },
              "concrete_change": {
                "operator": "DEL",
                "src_type": "Invocation",
                "dst_type": "null",
                "src": "(com.fasterxml.jackson.databind.deser.std.StdValueInstantiator.canConvertToDouble(value))",
                "dst": "null",
                "src_parent_type": "BinaryOperator",
                "dst_parent_type": "null",
                "src_parent": "((_fromDoubleCreator) !\u003d null) \u0026\u0026 (com.fasterxml.jackson.databind.deser.std.StdValueInstantiator.canConvertToDouble(value))",
                "dst_parent": "null"
              },
              "line": 466,
              "file": "/home/khesoem/projects/lighter/exp/src/main/java/com/fasterxml/jackson/databind/deser/std/StdValueInstantiator.java"
            }
          ]
        },
        {
          "tool-name": "Arja",
          "pattern-name": "Arja:arja_shallow_change",
          "Unified_Diff_of-files:": "Starts Below...",
          "CHANGE_old:": "        return !Double.isInfinite(doubleValue);",
          "CHANGE_new:": "        return Double.isInfinite(doubleValue) ? null : doubleValue;",
          "INSERT:": "        }",
          "instance_detail": [
            {
              "pattern_action": "ANY",
              "pattern_entity": {
                "entity_type": "Statement",
                "entity_new value": "*",
                "entity_role": "*",
                "entity_parent": "null"
              },
              "concrete_change": {
                "operator": "DEL",
                "src_type": "Invocation",
                "dst_type": "null",
                "src": "value.doubleValue()",
                "dst": "null",
                "src_parent_type": "LocalVariable",
                "dst_parent_type": "null",
                "src_parent": "java.lang.Object arg \u003d value.doubleValue()",
                "dst_parent": "null"
              },
              "line": 467,
              "file": "/home/khesoem/projects/lighter/exp/src/main/java/com/fasterxml/jackson/databind/deser/std/StdValueInstantiator.java"
            }
          ]
        },
        {
          "tool-name": "Arja",
          "pattern-name": "Arja:arja_shallow_change",
          "Unified_Diff_of-files:": "Starts Below...",
          "CHANGE_old:": "        return !Double.isInfinite(doubleValue);",
          "CHANGE_new:": "        return Double.isInfinite(doubleValue) ? null : doubleValue;",
          "INSERT:": "        }",
          "instance_detail": [
            {
              "pattern_action": "ANY",
              "pattern_entity": {
                "entity_type": "Statement",
                "entity_new value": "*",
                "entity_role": "*",
                "entity_parent": "null"
              },
              "concrete_change": {
                "operator": "DEL",
                "src_type": "LocalVariable",
                "dst_type": "null",
                "src": "java.lang.Object arg \u003d value.doubleValue()",
                "dst": "null",
                "src_parent_type": "Block",
                "dst_parent_type": "null",
                "src_parent": "{\n    java.lang.Object arg \u003d value.doubleValue();\n    try {\n        return _fromDoubleCreator.call1(arg);\n    } catch (java.lang.Throwable t0) {\n        return ctxt.handleInstantiationProblem(_fromDoubleCreator.getDeclaringClass(), arg, rewrapCtorProblem(ctxt, t0));\n    }\n}",
                "dst_parent": "null"
              },
              "line": 467,
              "file": "/home/khesoem/projects/lighter/exp/src/main/java/com/fasterxml/jackson/databind/deser/std/StdValueInstantiator.java",
              "stats": {
                "number_of_src_entities": 12,
                "number_of_dst_entities": -1,
                "src_entity_types": "[java.lang.Object, java.math.BigDecimal]",
                "dst_entity_types": "[]"
              }
            }
          ]
        },
        {
          "tool-name": "Arja",
          "pattern-name": "Arja:arja_shallow_change",
          "Unified_Diff_of-files:": "Starts Below...",
          "CHANGE_old:": "        return !Double.isInfinite(doubleValue);",
          "CHANGE_new:": "        return Double.isInfinite(doubleValue) ? null : doubleValue;",
          "INSERT:": "        }",
          "instance_detail": [
            {
              "pattern_action": "ANY",
              "pattern_entity": {
                "entity_type": "Statement",
                "entity_new value": "*",
                "entity_role": "*",
                "entity_parent": "null"
              },
              "concrete_change": {
                "operator": "DEL",
                "src_type": "UnaryOperator",
                "dst_type": "null",
                "src": "!(java.lang.Double.isInfinite(doubleValue))",
                "dst": "null",
                "src_parent_type": "Return",
                "dst_parent_type": "null",
                "src_parent": "return !(java.lang.Double.isInfinite(doubleValue))",
                "dst_parent": "null"
              },
              "line": 483,
              "file": "/home/khesoem/projects/lighter/exp/src/main/java/com/fasterxml/jackson/databind/deser/std/StdValueInstantiator.java",
              "stats": {
                "number_of_src_entities": 14,
                "number_of_dst_entities": -1,
                "src_entity_types": "[boolean, double, java.lang.Double]",
                "dst_entity_types": "[]"
              }
            }
          ]
        }
      ]
    }
  ],
  "complete_analysis": true
}