{
  "instances": [
    {
      "revision": "c100ed5b3bbb2ae7d1287ae368672469a1bafd0c",
      "repairability": [
        {
          "tool-name": "Arja",
          "pattern-name": "Arja:arja_shallow_change",
          "Unified_Diff_of-files:": "Starts Below...",
          "CHANGE_old:": "                    CoercionAction.AsNull : CoercionAction.Fail;",
          "CHANGE_new:": "            return CoercionAction.AsNull;",
          "DELETE:": "",
          "INSERT:": "}",
          "instance_detail": [
            {
              "pattern_action": "ANY",
              "pattern_entity": {
                "entity_type": "Statement",
                "entity_new value": "*",
                "entity_role": "*",
                "entity_parent": "null"
              },
              "concrete_change": {
                "operator": "INS",
                "src_type": "If",
                "dst_type": "null",
                "src": "if (config.isEnabled(com.fasterxml.jackson.databind.DeserializationFeature.ACCEPT_EMPTY_STRING_AS_NULL_OBJECT)) {\n    return CoercionAction.AsNull;\n}",
                "dst": "null",
                "src_parent_type": "Block",
                "dst_parent_type": "null",
                "src_parent": "{\n    java.lang.Boolean acceptBlankAsEmpty \u003d null;\n    com.fasterxml.jackson.databind.cfg.CoercionAction action \u003d null;\n    if (((_perClassCoercions) !\u003d null) \u0026\u0026 (targetClass !\u003d null)) {\n        com.fasterxml.jackson.databind.cfg.MutableCoercionConfig cc \u003d _perClassCoercions.get(targetClass);\n        if (cc !\u003d null) {\n            acceptBlankAsEmpty \u003d cc.getAcceptBlankAsEmpty();\n            action \u003d cc.findAction(CoercionInputShape.EmptyString);\n        }\n    }\n    if (((_perTypeCoercions) !\u003d null) \u0026\u0026 (targetType !\u003d null)) {\n        com.fasterxml.jackson.databind.cfg.MutableCoercionConfig cc \u003d _perTypeCoercions[targetType.ordinal()];\n        if (cc !\u003d null) {\n            if (acceptBlankAsEmpty \u003d\u003d null) {\n                acceptBlankAsEmpty \u003d cc.getAcceptBlankAsEmpty();\n            }\n            if (action \u003d\u003d null) {\n                action \u003d cc.findAction(CoercionInputShape.EmptyString);\n            }\n        }\n    }\n    if (acceptBlankAsEmpty \u003d\u003d null) {\n        acceptBlankAsEmpty \u003d _defaultCoercions.getAcceptBlankAsEmpty();\n    }\n    if (action \u003d\u003d null) {\n        action \u003d _defaultCoercions.findAction(CoercionInputShape.EmptyString);\n    }\n    if (java.lang.Boolean.FALSE.equals(acceptBlankAsEmpty)) {\n        return actionIfBlankNotAllowed;\n    }\n    if (action !\u003d null) {\n        return action;\n    }\n    if (_isScalarType(targetType)) {\n        return CoercionAction.AsNull;\n    }\n    if (config.isEnabled(com.fasterxml.jackson.databind.DeserializationFeature.ACCEPT_EMPTY_STRING_AS_NULL_OBJECT)) {\n        return CoercionAction.AsNull;\n    }\n    return actionIfBlankNotAllowed;\n}",
                "dst_parent": "null"
              },
              "line": 317,
              "file": "/home/khesoem/projects/lighter/exp/src/main/java/com/fasterxml/jackson/databind/cfg/CoercionConfigs.java",
              "stats": {
                "number_of_src_entities": 32,
                "number_of_dst_entities": -1,
                "src_entity_types": "[CoercionAction, com.fasterxml.jackson.databind.DeserializationConfig, com.fasterxml.jackson.databind.DeserializationFeature]",
                "dst_entity_types": "[]"
              }
            }
          ]
        },
        {
          "tool-name": "Arja",
          "pattern-name": "Arja:arja_shallow_change",
          "Unified_Diff_of-files:": "Starts Below...",
          "CHANGE_old:": "                    CoercionAction.AsNull : CoercionAction.Fail;",
          "CHANGE_new:": "            return CoercionAction.AsNull;",
          "DELETE:": "",
          "INSERT:": "}",
          "instance_detail": [
            {
              "pattern_action": "ANY",
              "pattern_entity": {
                "entity_type": "Statement",
                "entity_new value": "*",
                "entity_role": "*",
                "entity_parent": "null"
              },
              "concrete_change": {
                "operator": "INS",
                "src_type": "Return",
                "dst_type": "null",
                "src": "return actionIfBlankNotAllowed",
                "dst": "null",
                "src_parent_type": "Block",
                "dst_parent_type": "null",
                "src_parent": "{\n    java.lang.Boolean acceptBlankAsEmpty \u003d null;\n    com.fasterxml.jackson.databind.cfg.CoercionAction action \u003d null;\n    if (((_perClassCoercions) !\u003d null) \u0026\u0026 (targetClass !\u003d null)) {\n        com.fasterxml.jackson.databind.cfg.MutableCoercionConfig cc \u003d _perClassCoercions.get(targetClass);\n        if (cc !\u003d null) {\n            acceptBlankAsEmpty \u003d cc.getAcceptBlankAsEmpty();\n            action \u003d cc.findAction(CoercionInputShape.EmptyString);\n        }\n    }\n    if (((_perTypeCoercions) !\u003d null) \u0026\u0026 (targetType !\u003d null)) {\n        com.fasterxml.jackson.databind.cfg.MutableCoercionConfig cc \u003d _perTypeCoercions[targetType.ordinal()];\n        if (cc !\u003d null) {\n            if (acceptBlankAsEmpty \u003d\u003d null) {\n                acceptBlankAsEmpty \u003d cc.getAcceptBlankAsEmpty();\n            }\n            if (action \u003d\u003d null) {\n                action \u003d cc.findAction(CoercionInputShape.EmptyString);\n            }\n        }\n    }\n    if (acceptBlankAsEmpty \u003d\u003d null) {\n        acceptBlankAsEmpty \u003d _defaultCoercions.getAcceptBlankAsEmpty();\n    }\n    if (action \u003d\u003d null) {\n        action \u003d _defaultCoercions.findAction(CoercionInputShape.EmptyString);\n    }\n    if (java.lang.Boolean.FALSE.equals(acceptBlankAsEmpty)) {\n        return actionIfBlankNotAllowed;\n    }\n    if (action !\u003d null) {\n        return action;\n    }\n    if (_isScalarType(targetType)) {\n        return CoercionAction.AsNull;\n    }\n    if (config.isEnabled(com.fasterxml.jackson.databind.DeserializationFeature.ACCEPT_EMPTY_STRING_AS_NULL_OBJECT)) {\n        return CoercionAction.AsNull;\n    }\n    return actionIfBlankNotAllowed;\n}",
                "dst_parent": "null"
              },
              "line": 322,
              "file": "/home/khesoem/projects/lighter/exp/src/main/java/com/fasterxml/jackson/databind/cfg/CoercionConfigs.java",
              "stats": {
                "number_of_src_entities": 5,
                "number_of_dst_entities": -1,
                "src_entity_types": "[com.fasterxml.jackson.databind.cfg.CoercionAction]",
                "dst_entity_types": "[]"
              }
            }
          ]
        },
        {
          "tool-name": "Arja",
          "pattern-name": "Arja:arja_shallow_change",
          "Unified_Diff_of-files:": "Starts Below...",
          "CHANGE_old:": "                    CoercionAction.AsNull : CoercionAction.Fail;",
          "CHANGE_new:": "            return CoercionAction.AsNull;",
          "DELETE:": "",
          "INSERT:": "}",
          "instance_detail": [
            {
              "pattern_action": "ANY",
              "pattern_entity": {
                "entity_type": "Statement",
                "entity_new value": "*",
                "entity_role": "*",
                "entity_parent": "null"
              },
              "concrete_change": {
                "operator": "DEL",
                "src_type": "Invocation",
                "dst_type": "null",
                "src": "(java.lang.Boolean.TRUE.equals(acceptBlankAsEmpty))",
                "dst": "null",
                "src_parent_type": "UnaryOperator",
                "dst_parent_type": "null",
                "src_parent": "!(java.lang.Boolean.TRUE.equals(acceptBlankAsEmpty))",
                "dst_parent": "null"
              },
              "line": 305,
              "file": "/home/khesoem/projects/lighter/exp/src/main/java/com/fasterxml/jackson/databind/cfg/CoercionConfigs.java"
            }
          ]
        },
        {
          "tool-name": "Arja",
          "pattern-name": "Arja:arja_shallow_change",
          "Unified_Diff_of-files:": "Starts Below...",
          "CHANGE_old:": "                    CoercionAction.AsNull : CoercionAction.Fail;",
          "CHANGE_new:": "            return CoercionAction.AsNull;",
          "DELETE:": "",
          "INSERT:": "}",
          "instance_detail": [
            {
              "pattern_action": "ANY",
              "pattern_entity": {
                "entity_type": "Statement",
                "entity_new value": "*",
                "entity_role": "*",
                "entity_parent": "null"
              },
              "concrete_change": {
                "operator": "DEL",
                "src_type": "UnaryOperator",
                "dst_type": "null",
                "src": "!(java.lang.Boolean.TRUE.equals(acceptBlankAsEmpty))",
                "dst": "null",
                "src_parent_type": "If",
                "dst_parent_type": "null",
                "src_parent": "if (!(java.lang.Boolean.TRUE.equals(acceptBlankAsEmpty))) {\n    return actionIfBlankNotAllowed;\n}",
                "dst_parent": "null"
              },
              "line": 305,
              "file": "/home/khesoem/projects/lighter/exp/src/main/java/com/fasterxml/jackson/databind/cfg/CoercionConfigs.java",
              "stats": {
                "number_of_src_entities": 22,
                "number_of_dst_entities": -1,
                "src_entity_types": "[boolean, java.lang.Boolean]",
                "dst_entity_types": "[]"
              }
            }
          ]
        },
        {
          "tool-name": "Arja",
          "pattern-name": "Arja:arja_shallow_change",
          "Unified_Diff_of-files:": "Starts Below...",
          "CHANGE_old:": "                    CoercionAction.AsNull : CoercionAction.Fail;",
          "CHANGE_new:": "            return CoercionAction.AsNull;",
          "DELETE:": "",
          "INSERT:": "}",
          "instance_detail": [
            {
              "pattern_action": "ANY",
              "pattern_entity": {
                "entity_type": "Statement",
                "entity_new value": "*",
                "entity_role": "*",
                "entity_parent": "null"
              },
              "concrete_change": {
                "operator": "DEL",
                "src_type": "Return",
                "dst_type": "null",
                "src": "return config.isEnabled(com.fasterxml.jackson.databind.DeserializationFeature.ACCEPT_EMPTY_STRING_AS_NULL_OBJECT) ? CoercionAction.AsNull : CoercionAction.Fail",
                "dst": "null",
                "src_parent_type": "Block",
                "dst_parent_type": "null",
                "src_parent": "{\n    java.lang.Boolean acceptBlankAsEmpty \u003d null;\n    com.fasterxml.jackson.databind.cfg.CoercionAction action \u003d null;\n    if (((_perClassCoercions) !\u003d null) \u0026\u0026 (targetClass !\u003d null)) {\n        com.fasterxml.jackson.databind.cfg.MutableCoercionConfig cc \u003d _perClassCoercions.get(targetClass);\n        if (cc !\u003d null) {\n            acceptBlankAsEmpty \u003d cc.getAcceptBlankAsEmpty();\n            action \u003d cc.findAction(CoercionInputShape.EmptyString);\n        }\n    }\n    if (((_perTypeCoercions) !\u003d null) \u0026\u0026 (targetType !\u003d null)) {\n        com.fasterxml.jackson.databind.cfg.MutableCoercionConfig cc \u003d _perTypeCoercions[targetType.ordinal()];\n        if (cc !\u003d null) {\n            if (acceptBlankAsEmpty \u003d\u003d null) {\n                acceptBlankAsEmpty \u003d cc.getAcceptBlankAsEmpty();\n            }\n            if (action \u003d\u003d null) {\n                action \u003d cc.findAction(CoercionInputShape.EmptyString);\n            }\n        }\n    }\n    if (acceptBlankAsEmpty \u003d\u003d null) {\n        acceptBlankAsEmpty \u003d _defaultCoercions.getAcceptBlankAsEmpty();\n    }\n    if (action \u003d\u003d null) {\n        action \u003d _defaultCoercions.findAction(CoercionInputShape.EmptyString);\n    }\n    if (!(java.lang.Boolean.TRUE.equals(acceptBlankAsEmpty))) {\n        return actionIfBlankNotAllowed;\n    }\n    if (action !\u003d null) {\n        return action;\n    }\n    return config.isEnabled(com.fasterxml.jackson.databind.DeserializationFeature.ACCEPT_EMPTY_STRING_AS_NULL_OBJECT) ? CoercionAction.AsNull : CoercionAction.Fail;\n}",
                "dst_parent": "null"
              },
              "line": 314,
              "file": "/home/khesoem/projects/lighter/exp/src/main/java/com/fasterxml/jackson/databind/cfg/CoercionConfigs.java",
              "stats": {
                "number_of_src_entities": 40,
                "number_of_dst_entities": -1,
                "src_entity_types": "[CoercionAction, com.fasterxml.jackson.databind.DeserializationConfig, com.fasterxml.jackson.databind.DeserializationFeature]",
                "dst_entity_types": "[]"
              }
            }
          ]
        }
      ]
    }
  ],
  "complete_analysis": true
}