{
  "instances": [
    {
      "revision": "3ae6c62b2b1dd334e3dbd3c1e73757db5b794352",
      "repairability": [
        {
          "tool-name": "Arja",
          "pattern-name": "Arja:arja_shallow_change",
          "Unified_Diff_of-files:": "Starts Below...",
          "INSERT:": "                }",
          "CHANGE_old:": "                if (scriptExpIx \u0026gt; 0 \u0026\u0026 scriptExpIx \u0026gt; ix)",
          "CHANGE_new:": "",
          "DELETE:": "    }",
          "instance_detail": [
            {
              "pattern_action": "ANY",
              "pattern_entity": {
                "entity_type": "Statement",
                "entity_new value": "*",
                "entity_role": "*",
                "entity_parent": "null"
              },
              "concrete_change": {
                "operator": "DEL",
                "src_type": "Block",
                "dst_type": "null",
                "src": "{\n    return _deSerializeBCP47Locale(value, ix, first, second);\n}",
                "dst": "null",
                "src_parent_type": "If",
                "dst_parent_type": "null",
                "src_parent": "if (!(_isScriptOrExtensionPresent(value))) {\n    return new java.util.Locale(first, second, value.substring((ix + 1)));\n} else {\n    return _deSerializeBCP47Locale(value, ix, first, second);\n}",
                "dst_parent": "null"
              },
              "line": 332,
              "file": "/home/khesoem/projects/lighter/exp/src/main/java/com/fasterxml/jackson/databind/deser/std/FromStringDeserializer.java",
              "stats": {
                "number_of_src_entities": 39,
                "number_of_dst_entities": -1,
                "src_entity_types": "[int, com.fasterxml.jackson.databind.deser.std.FromStringDeserializer.Std, com.fasterxml.jackson.databind.deser.std.FromStringDeserializer, java.lang.String]",
                "dst_entity_types": "[]"
              }
            }
          ]
        }
      ]
    }
  ],
  "complete_analysis": true
}