{
  "instances": [
    {
      "revision": "b6eff91544dc0463b5c55b94de2b8f581c7fa349",
      "repairability": [
        {
          "tool-name": "Arja",
          "pattern-name": "Arja:arja_shallow_change",
          "Unified_Diff_of-files:": "Starts Below...",
          "CHANGE_old:": "",
          "CHANGE_new:": "    private final static int TYPE_SYNC_MAP \u003d 10;",
          "INSERT:": "                ",
          "instance_detail": [
            {
              "pattern_action": "ANY",
              "pattern_entity": {
                "entity_type": "Statement",
                "entity_new value": "*",
                "entity_role": "*",
                "entity_parent": "null"
              },
              "concrete_change": {
                "operator": "INS",
                "src_type": "Block",
                "dst_type": "null",
                "src": "{\n    return null;\n}",
                "dst": "null",
                "src_parent_type": "If",
                "dst_parent_type": "null",
                "src_parent": "if (utilName.endsWith(\"Collection\")) {\n    conv \u003d com.fasterxml.jackson.databind.deser.impl.JavaUtilCollectionsDeserializers.converter(com.fasterxml.jackson.databind.deser.impl.JavaUtilCollectionsDeserializers.TYPE_SYNC_COLLECTION, type, java.util.Collection.class);\n} else {\n    return null;\n}",
                "dst_parent": "null"
              },
              "line": 97,
              "file": "/home/khesoem/projects/lighter/exp/src/main/java/com/fasterxml/jackson/databind/deser/impl/JavaUtilCollectionsDeserializers.java",
              "stats": {
                "number_of_src_entities": 4,
                "number_of_dst_entities": -1,
                "src_entity_types": "[\u003cnulltype\u003e]",
                "dst_entity_types": "[]"
              }
            }
          ]
        }
      ]
    }
  ],
  "complete_analysis": true
}