{
  "instances": [
    {
      "revision": "9d22d3aa93113c20d0d1d923f94796f50229b75a",
      "repairability": [
        {
          "tool-name": "Elixir",
          "pattern-name": "Elixir:update_type_ref",
          "Unified_Diff_of-files:": "Starts Below...",
          "CHANGE_old:": "import io.vertx.core.impl.ContextInternal;",
          "CHANGE_new:": "",
          "INSERT:": "}",
          "instance_detail": [
            {
              "pattern_action": "UPD",
              "pattern_entity": {
                "entity_type": "TypeReference",
                "entity_new value": "*",
                "entity_role": "*",
                "entity_parent": "null"
              },
              "concrete_change": {
                "operator": "UPD",
                "src_type": "TypeReference",
                "dst_type": "TypeReference",
                "src": "io.vertx.core.Vertx",
                "dst": "io.vertx.ext.jdbc.impl.Vertx",
                "src_parent_type": "Field",
                "dst_parent_type": "Field",
                "src_parent": "private final io.vertx.core.Vertx vertx;",
                "dst_parent": "private final io.vertx.ext.jdbc.impl.Vertx vertx;"
              },
              "line": 43,
              "file": "/home/khesoem/projects/lighter/exp/src/main/java/io/vertx/ext/jdbc/impl/JDBCConnectionImpl.java",
              "stats": {
                "number_of_src_entities": 2,
                "number_of_dst_entities": 2,
                "src_entity_types": "[io.vertx.core.Vertx]",
                "dst_entity_types": "[io.vertx.ext.jdbc.impl.Vertx]"
              }
            }
          ]
        },
        {
          "tool-name": "Elixir",
          "pattern-name": "Elixir:update_type_ref",
          "Unified_Diff_of-files:": "Starts Below...",
          "CHANGE_old:": "import io.vertx.core.impl.ContextInternal;",
          "CHANGE_new:": "",
          "INSERT:": "}",
          "instance_detail": [
            {
              "pattern_action": "UPD",
              "pattern_entity": {
                "entity_type": "TypeReference",
                "entity_new value": "*",
                "entity_role": "*",
                "entity_parent": "null"
              },
              "concrete_change": {
                "operator": "UPD",
                "src_type": "TypeReference",
                "dst_type": "TypeReference",
                "src": "io.vertx.core.WorkerExecutor",
                "dst": "io.vertx.ext.jdbc.impl.WorkerExecutor",
                "src_parent_type": "Field",
                "dst_parent_type": "Field",
                "src_parent": "private final io.vertx.core.WorkerExecutor executor;",
                "dst_parent": "private final io.vertx.ext.jdbc.impl.WorkerExecutor executor;"
              },
              "line": 45,
              "file": "/home/khesoem/projects/lighter/exp/src/main/java/io/vertx/ext/jdbc/impl/JDBCConnectionImpl.java",
              "stats": {
                "number_of_src_entities": 2,
                "number_of_dst_entities": 2,
                "src_entity_types": "[io.vertx.core.WorkerExecutor]",
                "dst_entity_types": "[io.vertx.ext.jdbc.impl.WorkerExecutor]"
              }
            }
          ]
        },
        {
          "tool-name": "Elixir",
          "pattern-name": "Elixir:update_type_ref",
          "Unified_Diff_of-files:": "Starts Below...",
          "CHANGE_old:": "import io.vertx.core.impl.ContextInternal;",
          "CHANGE_new:": "",
          "INSERT:": "}",
          "instance_detail": [
            {
              "pattern_action": "UPD",
              "pattern_entity": {
                "entity_type": "TypeReference",
                "entity_new value": "*",
                "entity_role": "*",
                "entity_parent": "null"
              },
              "concrete_change": {
                "operator": "UPD",
                "src_type": "TypeReference",
                "dst_type": "TypeReference",
                "src": "io.vertx.core.Vertx",
                "dst": "io.vertx.ext.jdbc.impl.Vertx",
                "src_parent_type": "Parameter",
                "dst_parent_type": "Parameter",
                "src_parent": "io.vertx.core.Vertx vertx",
                "dst_parent": "io.vertx.ext.jdbc.impl.Vertx vertx"
              },
              "line": 49,
              "file": "/home/khesoem/projects/lighter/exp/src/main/java/io/vertx/ext/jdbc/impl/JDBCConnectionImpl.java",
              "stats": {
                "number_of_src_entities": 2,
                "number_of_dst_entities": 2,
                "src_entity_types": "[io.vertx.core.Vertx]",
                "dst_entity_types": "[io.vertx.ext.jdbc.impl.Vertx]"
              }
            }
          ]
        },
        {
          "tool-name": "Elixir",
          "pattern-name": "Elixir:update_type_ref",
          "Unified_Diff_of-files:": "Starts Below...",
          "CHANGE_old:": "import io.vertx.core.impl.ContextInternal;",
          "CHANGE_new:": "",
          "INSERT:": "}",
          "instance_detail": [
            {
              "pattern_action": "UPD",
              "pattern_entity": {
                "entity_type": "TypeReference",
                "entity_new value": "*",
                "entity_role": "*",
                "entity_parent": "null"
              },
              "concrete_change": {
                "operator": "UPD",
                "src_type": "TypeReference",
                "dst_type": "TypeReference",
                "src": "io.vertx.core.Handler\u003cio.vertx.core.AsyncResult\u003cjava.lang.Void\u003e\u003e",
                "dst": "io.vertx.ext.jdbc.impl.Handler\u003cio.vertx.ext.jdbc.impl.AsyncResult\u003cjava.lang.Void\u003e\u003e",
                "src_parent_type": "Parameter",
                "dst_parent_type": "Parameter",
                "src_parent": "io.vertx.core.Handler\u003cio.vertx.core.AsyncResult\u003cjava.lang.Void\u003e\u003e resultHandler",
                "dst_parent": "io.vertx.ext.jdbc.impl.Handler\u003cio.vertx.ext.jdbc.impl.AsyncResult\u003cjava.lang.Void\u003e\u003e resultHandler"
              },
              "line": 56,
              "file": "/home/khesoem/projects/lighter/exp/src/main/java/io/vertx/ext/jdbc/impl/JDBCConnectionImpl.java",
              "stats": {
                "number_of_src_entities": 6,
                "number_of_dst_entities": 6,
                "src_entity_types": "[io.vertx.core.Handler\u003cio.vertx.core.AsyncResult\u003cjava.lang.Void\u003e\u003e, java.lang.Void, io.vertx.core.AsyncResult\u003cjava.lang.Void\u003e]",
                "dst_entity_types": "[io.vertx.ext.jdbc.impl.Handler\u003cio.vertx.ext.jdbc.impl.AsyncResult\u003cjava.lang.Void\u003e\u003e, java.lang.Void, io.vertx.ext.jdbc.impl.AsyncResult\u003cjava.lang.Void\u003e]"
              }
            }
          ]
        },
        {
          "tool-name": "Elixir",
          "pattern-name": "Elixir:update_type_ref",
          "Unified_Diff_of-files:": "Starts Below...",
          "CHANGE_old:": "import io.vertx.core.impl.ContextInternal;",
          "CHANGE_new:": "",
          "INSERT:": "}",
          "instance_detail": [
            {
              "pattern_action": "UPD",
              "pattern_entity": {
                "entity_type": "TypeReference",
                "entity_new value": "*",
                "entity_role": "*",
                "entity_parent": "null"
              },
              "concrete_change": {
                "operator": "UPD",
                "src_type": "TypeReference",
                "dst_type": "TypeReference",
                "src": "io.vertx.core.Handler\u003cio.vertx.core.AsyncResult\u003cjava.lang.Void\u003e\u003e",
                "dst": "io.vertx.ext.jdbc.impl.Handler\u003cio.vertx.ext.jdbc.impl.AsyncResult\u003cjava.lang.Void\u003e\u003e",
                "src_parent_type": "Parameter",
                "dst_parent_type": "Parameter",
                "src_parent": "io.vertx.core.Handler\u003cio.vertx.core.AsyncResult\u003cjava.lang.Void\u003e\u003e resultHandler",
                "dst_parent": "io.vertx.ext.jdbc.impl.Handler\u003cio.vertx.ext.jdbc.impl.AsyncResult\u003cjava.lang.Void\u003e\u003e resultHandler"
              },
              "line": 62,
              "file": "/home/khesoem/projects/lighter/exp/src/main/java/io/vertx/ext/jdbc/impl/JDBCConnectionImpl.java",
              "stats": {
                "number_of_src_entities": 6,
                "number_of_dst_entities": 6,
                "src_entity_types": "[io.vertx.core.Handler\u003cio.vertx.core.AsyncResult\u003cjava.lang.Void\u003e\u003e, java.lang.Void, io.vertx.core.AsyncResult\u003cjava.lang.Void\u003e]",
                "dst_entity_types": "[io.vertx.ext.jdbc.impl.Handler\u003cio.vertx.ext.jdbc.impl.AsyncResult\u003cjava.lang.Void\u003e\u003e, java.lang.Void, io.vertx.ext.jdbc.impl.AsyncResult\u003cjava.lang.Void\u003e]"
              }
            }
          ]
        },
        {
          "tool-name": "Elixir",
          "pattern-name": "Elixir:update_type_ref",
          "Unified_Diff_of-files:": "Starts Below...",
          "CHANGE_old:": "import io.vertx.core.impl.ContextInternal;",
          "CHANGE_new:": "",
          "INSERT:": "}",
          "instance_detail": [
            {
              "pattern_action": "UPD",
              "pattern_entity": {
                "entity_type": "TypeReference",
                "entity_new value": "*",
                "entity_role": "*",
                "entity_parent": "null"
              },
              "concrete_change": {
                "operator": "UPD",
                "src_type": "TypeReference",
                "dst_type": "TypeReference",
                "src": "io.vertx.core.Handler\u003cio.vertx.core.AsyncResult\u003cio.vertx.ext.sql.ResultSet\u003e\u003e",
                "dst": "io.vertx.ext.jdbc.impl.Handler\u003cio.vertx.ext.jdbc.impl.AsyncResult\u003cio.vertx.ext.sql.ResultSet\u003e\u003e",
                "src_parent_type": "Parameter",
                "dst_parent_type": "Parameter",
                "src_parent": "io.vertx.core.Handler\u003cio.vertx.core.AsyncResult\u003cio.vertx.ext.sql.ResultSet\u003e\u003e resultHandler",
                "dst_parent": "io.vertx.ext.jdbc.impl.Handler\u003cio.vertx.ext.jdbc.impl.AsyncResult\u003cio.vertx.ext.sql.ResultSet\u003e\u003e resultHandler"
              },
              "line": 68,
              "file": "/home/khesoem/projects/lighter/exp/src/main/java/io/vertx/ext/jdbc/impl/JDBCConnectionImpl.java",
              "stats": {
                "number_of_src_entities": 6,
                "number_of_dst_entities": 6,
                "src_entity_types": "[io.vertx.core.Handler\u003cio.vertx.core.AsyncResult\u003cio.vertx.ext.sql.ResultSet\u003e\u003e, io.vertx.ext.sql.ResultSet, io.vertx.core.AsyncResult\u003cio.vertx.ext.sql.ResultSet\u003e]",
                "dst_entity_types": "[io.vertx.ext.jdbc.impl.Handler\u003cio.vertx.ext.jdbc.impl.AsyncResult\u003cio.vertx.ext.sql.ResultSet\u003e\u003e, io.vertx.ext.sql.ResultSet, io.vertx.ext.jdbc.impl.AsyncResult\u003cio.vertx.ext.sql.ResultSet\u003e]"
              }
            }
          ]
        },
        {
          "tool-name": "Elixir",
          "pattern-name": "Elixir:update_type_ref",
          "Unified_Diff_of-files:": "Starts Below...",
          "CHANGE_old:": "import io.vertx.core.impl.ContextInternal;",
          "CHANGE_new:": "",
          "INSERT:": "}",
          "instance_detail": [
            {
              "pattern_action": "UPD",
              "pattern_entity": {
                "entity_type": "TypeReference",
                "entity_new value": "*",
                "entity_role": "*",
                "entity_parent": "null"
              },
              "concrete_change": {
                "operator": "UPD",
                "src_type": "TypeReference",
                "dst_type": "TypeReference",
                "src": "io.vertx.core.Handler\u003cio.vertx.core.AsyncResult\u003cio.vertx.ext.sql.ResultSet\u003e\u003e",
                "dst": "io.vertx.ext.jdbc.impl.Handler\u003cio.vertx.ext.jdbc.impl.AsyncResult\u003cio.vertx.ext.sql.ResultSet\u003e\u003e",
                "src_parent_type": "Parameter",
                "dst_parent_type": "Parameter",
                "src_parent": "io.vertx.core.Handler\u003cio.vertx.core.AsyncResult\u003cio.vertx.ext.sql.ResultSet\u003e\u003e resultHandler",
                "dst_parent": "io.vertx.ext.jdbc.impl.Handler\u003cio.vertx.ext.jdbc.impl.AsyncResult\u003cio.vertx.ext.sql.ResultSet\u003e\u003e resultHandler"
              },
              "line": 74,
              "file": "/home/khesoem/projects/lighter/exp/src/main/java/io/vertx/ext/jdbc/impl/JDBCConnectionImpl.java",
              "stats": {
                "number_of_src_entities": 6,
                "number_of_dst_entities": 6,
                "src_entity_types": "[io.vertx.core.Handler\u003cio.vertx.core.AsyncResult\u003cio.vertx.ext.sql.ResultSet\u003e\u003e, io.vertx.ext.sql.ResultSet, io.vertx.core.AsyncResult\u003cio.vertx.ext.sql.ResultSet\u003e]",
                "dst_entity_types": "[io.vertx.ext.jdbc.impl.Handler\u003cio.vertx.ext.jdbc.impl.AsyncResult\u003cio.vertx.ext.sql.ResultSet\u003e\u003e, io.vertx.ext.sql.ResultSet, io.vertx.ext.jdbc.impl.AsyncResult\u003cio.vertx.ext.sql.ResultSet\u003e]"
              }
            }
          ]
        },
        {
          "tool-name": "Elixir",
          "pattern-name": "Elixir:update_type_ref",
          "Unified_Diff_of-files:": "Starts Below...",
          "CHANGE_old:": "import io.vertx.core.impl.ContextInternal;",
          "CHANGE_new:": "",
          "INSERT:": "}",
          "instance_detail": [
            {
              "pattern_action": "UPD",
              "pattern_entity": {
                "entity_type": "TypeReference",
                "entity_new value": "*",
                "entity_role": "*",
                "entity_parent": "null"
              },
              "concrete_change": {
                "operator": "UPD",
                "src_type": "TypeReference",
                "dst_type": "TypeReference",
                "src": "io.vertx.core.Handler\u003cio.vertx.core.AsyncResult\u003cio.vertx.ext.sql.UpdateResult\u003e\u003e",
                "dst": "io.vertx.ext.jdbc.impl.Handler\u003cio.vertx.ext.jdbc.impl.AsyncResult\u003cio.vertx.ext.sql.UpdateResult\u003e\u003e",
                "src_parent_type": "Parameter",
                "dst_parent_type": "Parameter",
                "src_parent": "io.vertx.core.Handler\u003cio.vertx.core.AsyncResult\u003cio.vertx.ext.sql.UpdateResult\u003e\u003e resultHandler",
                "dst_parent": "io.vertx.ext.jdbc.impl.Handler\u003cio.vertx.ext.jdbc.impl.AsyncResult\u003cio.vertx.ext.sql.UpdateResult\u003e\u003e resultHandler"
              },
              "line": 80,
              "file": "/home/khesoem/projects/lighter/exp/src/main/java/io/vertx/ext/jdbc/impl/JDBCConnectionImpl.java",
              "stats": {
                "number_of_src_entities": 6,
                "number_of_dst_entities": 6,
                "src_entity_types": "[io.vertx.core.Handler\u003cio.vertx.core.AsyncResult\u003cio.vertx.ext.sql.UpdateResult\u003e\u003e, io.vertx.core.AsyncResult\u003cio.vertx.ext.sql.UpdateResult\u003e, io.vertx.ext.sql.UpdateResult]",
                "dst_entity_types": "[io.vertx.ext.jdbc.impl.Handler\u003cio.vertx.ext.jdbc.impl.AsyncResult\u003cio.vertx.ext.sql.UpdateResult\u003e\u003e, io.vertx.ext.jdbc.impl.AsyncResult\u003cio.vertx.ext.sql.UpdateResult\u003e, io.vertx.ext.sql.UpdateResult]"
              }
            }
          ]
        },
        {
          "tool-name": "Elixir",
          "pattern-name": "Elixir:update_type_ref",
          "Unified_Diff_of-files:": "Starts Below...",
          "CHANGE_old:": "import io.vertx.core.impl.ContextInternal;",
          "CHANGE_new:": "",
          "INSERT:": "}",
          "instance_detail": [
            {
              "pattern_action": "UPD",
              "pattern_entity": {
                "entity_type": "TypeReference",
                "entity_new value": "*",
                "entity_role": "*",
                "entity_parent": "null"
              },
              "concrete_change": {
                "operator": "UPD",
                "src_type": "TypeReference",
                "dst_type": "TypeReference",
                "src": "io.vertx.core.Handler\u003cio.vertx.core.AsyncResult\u003cio.vertx.ext.sql.UpdateResult\u003e\u003e",
                "dst": "io.vertx.ext.jdbc.impl.Handler\u003cio.vertx.ext.jdbc.impl.AsyncResult\u003cio.vertx.ext.sql.UpdateResult\u003e\u003e",
                "src_parent_type": "Parameter",
                "dst_parent_type": "Parameter",
                "src_parent": "io.vertx.core.Handler\u003cio.vertx.core.AsyncResult\u003cio.vertx.ext.sql.UpdateResult\u003e\u003e resultHandler",
                "dst_parent": "io.vertx.ext.jdbc.impl.Handler\u003cio.vertx.ext.jdbc.impl.AsyncResult\u003cio.vertx.ext.sql.UpdateResult\u003e\u003e resultHandler"
              },
              "line": 86,
              "file": "/home/khesoem/projects/lighter/exp/src/main/java/io/vertx/ext/jdbc/impl/JDBCConnectionImpl.java",
              "stats": {
                "number_of_src_entities": 6,
                "number_of_dst_entities": 6,
                "src_entity_types": "[io.vertx.core.Handler\u003cio.vertx.core.AsyncResult\u003cio.vertx.ext.sql.UpdateResult\u003e\u003e, io.vertx.core.AsyncResult\u003cio.vertx.ext.sql.UpdateResult\u003e, io.vertx.ext.sql.UpdateResult]",
                "dst_entity_types": "[io.vertx.ext.jdbc.impl.Handler\u003cio.vertx.ext.jdbc.impl.AsyncResult\u003cio.vertx.ext.sql.UpdateResult\u003e\u003e, io.vertx.ext.jdbc.impl.AsyncResult\u003cio.vertx.ext.sql.UpdateResult\u003e, io.vertx.ext.sql.UpdateResult]"
              }
            }
          ]
        },
        {
          "tool-name": "Elixir",
          "pattern-name": "Elixir:update_type_ref",
          "Unified_Diff_of-files:": "Starts Below...",
          "CHANGE_old:": "import io.vertx.core.impl.ContextInternal;",
          "CHANGE_new:": "",
          "INSERT:": "}",
          "instance_detail": [
            {
              "pattern_action": "UPD",
              "pattern_entity": {
                "entity_type": "TypeReference",
                "entity_new value": "*",
                "entity_role": "*",
                "entity_parent": "null"
              },
              "concrete_change": {
                "operator": "UPD",
                "src_type": "TypeReference",
                "dst_type": "TypeReference",
                "src": "io.vertx.core.Handler\u003cio.vertx.core.AsyncResult\u003cio.vertx.ext.sql.ResultSet\u003e\u003e",
                "dst": "io.vertx.ext.jdbc.impl.Handler\u003cio.vertx.ext.jdbc.impl.AsyncResult\u003cio.vertx.ext.sql.ResultSet\u003e\u003e",
                "src_parent_type": "Parameter",
                "dst_parent_type": "Parameter",
                "src_parent": "io.vertx.core.Handler\u003cio.vertx.core.AsyncResult\u003cio.vertx.ext.sql.ResultSet\u003e\u003e resultHandler",
                "dst_parent": "io.vertx.ext.jdbc.impl.Handler\u003cio.vertx.ext.jdbc.impl.AsyncResult\u003cio.vertx.ext.sql.ResultSet\u003e\u003e resultHandler"
              },
              "line": 92,
              "file": "/home/khesoem/projects/lighter/exp/src/main/java/io/vertx/ext/jdbc/impl/JDBCConnectionImpl.java",
              "stats": {
                "number_of_src_entities": 6,
                "number_of_dst_entities": 6,
                "src_entity_types": "[io.vertx.core.Handler\u003cio.vertx.core.AsyncResult\u003cio.vertx.ext.sql.ResultSet\u003e\u003e, io.vertx.ext.sql.ResultSet, io.vertx.core.AsyncResult\u003cio.vertx.ext.sql.ResultSet\u003e]",
                "dst_entity_types": "[io.vertx.ext.jdbc.impl.Handler\u003cio.vertx.ext.jdbc.impl.AsyncResult\u003cio.vertx.ext.sql.ResultSet\u003e\u003e, io.vertx.ext.sql.ResultSet, io.vertx.ext.jdbc.impl.AsyncResult\u003cio.vertx.ext.sql.ResultSet\u003e]"
              }
            }
          ]
        },
        {
          "tool-name": "Elixir",
          "pattern-name": "Elixir:update_type_ref",
          "Unified_Diff_of-files:": "Starts Below...",
          "CHANGE_old:": "import io.vertx.core.impl.ContextInternal;",
          "CHANGE_new:": "",
          "INSERT:": "}",
          "instance_detail": [
            {
              "pattern_action": "UPD",
              "pattern_entity": {
                "entity_type": "TypeReference",
                "entity_new value": "*",
                "entity_role": "*",
                "entity_parent": "null"
              },
              "concrete_change": {
                "operator": "UPD",
                "src_type": "TypeReference",
                "dst_type": "TypeReference",
                "src": "io.vertx.core.Handler\u003cio.vertx.core.AsyncResult\u003cio.vertx.ext.sql.ResultSet\u003e\u003e",
                "dst": "io.vertx.ext.jdbc.impl.Handler\u003cio.vertx.ext.jdbc.impl.AsyncResult\u003cio.vertx.ext.sql.ResultSet\u003e\u003e",
                "src_parent_type": "Parameter",
                "dst_parent_type": "Parameter",
                "src_parent": "io.vertx.core.Handler\u003cio.vertx.core.AsyncResult\u003cio.vertx.ext.sql.ResultSet\u003e\u003e resultHandler",
                "dst_parent": "io.vertx.ext.jdbc.impl.Handler\u003cio.vertx.ext.jdbc.impl.AsyncResult\u003cio.vertx.ext.sql.ResultSet\u003e\u003e resultHandler"
              },
              "line": 98,
              "file": "/home/khesoem/projects/lighter/exp/src/main/java/io/vertx/ext/jdbc/impl/JDBCConnectionImpl.java",
              "stats": {
                "number_of_src_entities": 6,
                "number_of_dst_entities": 6,
                "src_entity_types": "[io.vertx.core.Handler\u003cio.vertx.core.AsyncResult\u003cio.vertx.ext.sql.ResultSet\u003e\u003e, io.vertx.ext.sql.ResultSet, io.vertx.core.AsyncResult\u003cio.vertx.ext.sql.ResultSet\u003e]",
                "dst_entity_types": "[io.vertx.ext.jdbc.impl.Handler\u003cio.vertx.ext.jdbc.impl.AsyncResult\u003cio.vertx.ext.sql.ResultSet\u003e\u003e, io.vertx.ext.sql.ResultSet, io.vertx.ext.jdbc.impl.AsyncResult\u003cio.vertx.ext.sql.ResultSet\u003e]"
              }
            }
          ]
        },
        {
          "tool-name": "Elixir",
          "pattern-name": "Elixir:update_type_ref",
          "Unified_Diff_of-files:": "Starts Below...",
          "CHANGE_old:": "import io.vertx.core.impl.ContextInternal;",
          "CHANGE_new:": "",
          "INSERT:": "}",
          "instance_detail": [
            {
              "pattern_action": "UPD",
              "pattern_entity": {
                "entity_type": "TypeReference",
                "entity_new value": "*",
                "entity_role": "*",
                "entity_parent": "null"
              },
              "concrete_change": {
                "operator": "UPD",
                "src_type": "TypeReference",
                "dst_type": "TypeReference",
                "src": "io.vertx.core.Handler\u003cio.vertx.core.AsyncResult\u003cjava.lang.Void\u003e\u003e",
                "dst": "io.vertx.ext.jdbc.impl.Handler\u003cio.vertx.ext.jdbc.impl.AsyncResult\u003cjava.lang.Void\u003e\u003e",
                "src_parent_type": "Parameter",
                "dst_parent_type": "Parameter",
                "src_parent": "io.vertx.core.Handler\u003cio.vertx.core.AsyncResult\u003cjava.lang.Void\u003e\u003e handler",
                "dst_parent": "io.vertx.ext.jdbc.impl.Handler\u003cio.vertx.ext.jdbc.impl.AsyncResult\u003cjava.lang.Void\u003e\u003e handler"
              },
              "line": 104,
              "file": "/home/khesoem/projects/lighter/exp/src/main/java/io/vertx/ext/jdbc/impl/JDBCConnectionImpl.java",
              "stats": {
                "number_of_src_entities": 6,
                "number_of_dst_entities": 6,
                "src_entity_types": "[io.vertx.core.Handler\u003cio.vertx.core.AsyncResult\u003cjava.lang.Void\u003e\u003e, java.lang.Void, io.vertx.core.AsyncResult\u003cjava.lang.Void\u003e]",
                "dst_entity_types": "[io.vertx.ext.jdbc.impl.Handler\u003cio.vertx.ext.jdbc.impl.AsyncResult\u003cjava.lang.Void\u003e\u003e, java.lang.Void, io.vertx.ext.jdbc.impl.AsyncResult\u003cjava.lang.Void\u003e]"
              }
            }
          ]
        },
        {
          "tool-name": "Elixir",
          "pattern-name": "Elixir:update_type_ref",
          "Unified_Diff_of-files:": "Starts Below...",
          "CHANGE_old:": "import io.vertx.core.impl.ContextInternal;",
          "CHANGE_new:": "",
          "INSERT:": "}",
          "instance_detail": [
            {
              "pattern_action": "UPD",
              "pattern_entity": {
                "entity_type": "TypeReference",
                "entity_new value": "*",
                "entity_role": "*",
                "entity_parent": "null"
              },
              "concrete_change": {
                "operator": "UPD",
                "src_type": "TypeReference",
                "dst_type": "TypeReference",
                "src": "io.vertx.core.Handler\u003cio.vertx.core.AsyncResult\u003cjava.lang.Void\u003e\u003e",
                "dst": "io.vertx.ext.jdbc.impl.Handler\u003cio.vertx.ext.jdbc.impl.AsyncResult\u003cjava.lang.Void\u003e\u003e",
                "src_parent_type": "Parameter",
                "dst_parent_type": "Parameter",
                "src_parent": "io.vertx.core.Handler\u003cio.vertx.core.AsyncResult\u003cjava.lang.Void\u003e\u003e handler",
                "dst_parent": "io.vertx.ext.jdbc.impl.Handler\u003cio.vertx.ext.jdbc.impl.AsyncResult\u003cjava.lang.Void\u003e\u003e handler"
              },
              "line": 118,
              "file": "/home/khesoem/projects/lighter/exp/src/main/java/io/vertx/ext/jdbc/impl/JDBCConnectionImpl.java",
              "stats": {
                "number_of_src_entities": 6,
                "number_of_dst_entities": 6,
                "src_entity_types": "[io.vertx.core.Handler\u003cio.vertx.core.AsyncResult\u003cjava.lang.Void\u003e\u003e, java.lang.Void, io.vertx.core.AsyncResult\u003cjava.lang.Void\u003e]",
                "dst_entity_types": "[io.vertx.ext.jdbc.impl.Handler\u003cio.vertx.ext.jdbc.impl.AsyncResult\u003cjava.lang.Void\u003e\u003e, java.lang.Void, io.vertx.ext.jdbc.impl.AsyncResult\u003cjava.lang.Void\u003e]"
              }
            }
          ]
        },
        {
          "tool-name": "Elixir",
          "pattern-name": "Elixir:update_type_ref",
          "Unified_Diff_of-files:": "Starts Below...",
          "CHANGE_old:": "import io.vertx.core.impl.ContextInternal;",
          "CHANGE_new:": "",
          "INSERT:": "}",
          "instance_detail": [
            {
              "pattern_action": "UPD",
              "pattern_entity": {
                "entity_type": "TypeReference",
                "entity_new value": "*",
                "entity_role": "*",
                "entity_parent": "null"
              },
              "concrete_change": {
                "operator": "UPD",
                "src_type": "TypeReference",
                "dst_type": "TypeReference",
                "src": "io.vertx.core.Handler\u003cio.vertx.core.AsyncResult\u003cjava.lang.Void\u003e\u003e",
                "dst": "io.vertx.ext.jdbc.impl.Handler\u003cio.vertx.ext.jdbc.impl.AsyncResult\u003cjava.lang.Void\u003e\u003e",
                "src_parent_type": "Parameter",
                "dst_parent_type": "Parameter",
                "src_parent": "io.vertx.core.Handler\u003cio.vertx.core.AsyncResult\u003cjava.lang.Void\u003e\u003e handler",
                "dst_parent": "io.vertx.ext.jdbc.impl.Handler\u003cio.vertx.ext.jdbc.impl.AsyncResult\u003cjava.lang.Void\u003e\u003e handler"
              },
              "line": 124,
              "file": "/home/khesoem/projects/lighter/exp/src/main/java/io/vertx/ext/jdbc/impl/JDBCConnectionImpl.java",
              "stats": {
                "number_of_src_entities": 6,
                "number_of_dst_entities": 6,
                "src_entity_types": "[io.vertx.core.Handler\u003cio.vertx.core.AsyncResult\u003cjava.lang.Void\u003e\u003e, java.lang.Void, io.vertx.core.AsyncResult\u003cjava.lang.Void\u003e]",
                "dst_entity_types": "[io.vertx.ext.jdbc.impl.Handler\u003cio.vertx.ext.jdbc.impl.AsyncResult\u003cjava.lang.Void\u003e\u003e, java.lang.Void, io.vertx.ext.jdbc.impl.AsyncResult\u003cjava.lang.Void\u003e]"
              }
            }
          ]
        },
        {
          "tool-name": "Elixir",
          "pattern-name": "Elixir:update_type_ref",
          "Unified_Diff_of-files:": "Starts Below...",
          "CHANGE_old:": "import io.vertx.core.impl.ContextInternal;",
          "CHANGE_new:": "",
          "INSERT:": "}",
          "instance_detail": [
            {
              "pattern_action": "UPD",
              "pattern_entity": {
                "entity_type": "TypeReference",
                "entity_new value": "*",
                "entity_role": "*",
                "entity_parent": "null"
              },
              "concrete_change": {
                "operator": "UPD",
                "src_type": "TypeReference",
                "dst_type": "TypeReference",
                "src": "io.vertx.core.Handler\u003cio.vertx.core.AsyncResult\u003cjava.lang.Void\u003e\u003e",
                "dst": "io.vertx.ext.jdbc.impl.Handler\u003cio.vertx.ext.jdbc.impl.AsyncResult\u003cjava.lang.Void\u003e\u003e",
                "src_parent_type": "Parameter",
                "dst_parent_type": "Parameter",
                "src_parent": "io.vertx.core.Handler\u003cio.vertx.core.AsyncResult\u003cjava.lang.Void\u003e\u003e handler",
                "dst_parent": "io.vertx.ext.jdbc.impl.Handler\u003cio.vertx.ext.jdbc.impl.AsyncResult\u003cjava.lang.Void\u003e\u003e handler"
              },
              "line": 136,
              "file": "/home/khesoem/projects/lighter/exp/src/main/java/io/vertx/ext/jdbc/impl/JDBCConnectionImpl.java",
              "stats": {
                "number_of_src_entities": 6,
                "number_of_dst_entities": 6,
                "src_entity_types": "[io.vertx.core.Handler\u003cio.vertx.core.AsyncResult\u003cjava.lang.Void\u003e\u003e, java.lang.Void, io.vertx.core.AsyncResult\u003cjava.lang.Void\u003e]",
                "dst_entity_types": "[io.vertx.ext.jdbc.impl.Handler\u003cio.vertx.ext.jdbc.impl.AsyncResult\u003cjava.lang.Void\u003e\u003e, java.lang.Void, io.vertx.ext.jdbc.impl.AsyncResult\u003cjava.lang.Void\u003e]"
              }
            }
          ]
        },
        {
          "tool-name": "Elixir",
          "pattern-name": "Elixir:update_type_ref",
          "Unified_Diff_of-files:": "Starts Below...",
          "CHANGE_old:": "import io.vertx.core.impl.ContextInternal;",
          "CHANGE_new:": "",
          "INSERT:": "}",
          "instance_detail": [
            {
              "pattern_action": "UPD",
              "pattern_entity": {
                "entity_type": "TypeReference",
                "entity_new value": "*",
                "entity_role": "*",
                "entity_parent": "null"
              },
              "concrete_change": {
                "operator": "UPD",
                "src_type": "TypeReference",
                "dst_type": "TypeReference",
                "src": "io.vertx.core.Handler\u003cio.vertx.core.AsyncResult\u003cio.vertx.ext.sql.TransactionIsolation\u003e\u003e",
                "dst": "io.vertx.ext.jdbc.impl.Handler\u003cio.vertx.ext.jdbc.impl.AsyncResult\u003cio.vertx.ext.sql.TransactionIsolation\u003e\u003e",
                "src_parent_type": "Parameter",
                "dst_parent_type": "Parameter",
                "src_parent": "io.vertx.core.Handler\u003cio.vertx.core.AsyncResult\u003cio.vertx.ext.sql.TransactionIsolation\u003e\u003e handler",
                "dst_parent": "io.vertx.ext.jdbc.impl.Handler\u003cio.vertx.ext.jdbc.impl.AsyncResult\u003cio.vertx.ext.sql.TransactionIsolation\u003e\u003e handler"
              },
              "line": 171,
              "file": "/home/khesoem/projects/lighter/exp/src/main/java/io/vertx/ext/jdbc/impl/JDBCConnectionImpl.java",
              "stats": {
                "number_of_src_entities": 6,
                "number_of_dst_entities": 6,
                "src_entity_types": "[io.vertx.ext.sql.TransactionIsolation, io.vertx.core.Handler\u003cio.vertx.core.AsyncResult\u003cio.vertx.ext.sql.TransactionIsolation\u003e\u003e, io.vertx.core.AsyncResult\u003cio.vertx.ext.sql.TransactionIsolation\u003e]",
                "dst_entity_types": "[io.vertx.ext.sql.TransactionIsolation, io.vertx.ext.jdbc.impl.Handler\u003cio.vertx.ext.jdbc.impl.AsyncResult\u003cio.vertx.ext.sql.TransactionIsolation\u003e\u003e, io.vertx.ext.jdbc.impl.AsyncResult\u003cio.vertx.ext.sql.TransactionIsolation\u003e]"
              }
            }
          ]
        }
      ]
    }
  ],
  "complete_analysis": true
}