{
  "instances": [
    {
      "revision": "0f6e535f2bc9fbc2d836b9c7405ecfcc1650938f",
      "repairability": [
        {
          "tool-name": "Elixir",
          "pattern-name": "Elixir:if_null_check",
          "Unified_Diff_of-files:": "Starts Below...",
          "INSERT:": "import io.vertx.core.spi.metrics.VertxMetrics;",
          "CHANGE_old:": "",
          "CHANGE_new:": "            }",
          "instance_detail": [
            {
              "pattern_action": "MOV",
              "pattern_entity": {
                "entity_type": "Statement",
                "entity_new value": "*",
                "entity_role": "*",
                "entity_parent": "null"
              },
              "concrete_change": {
                "operator": "MOV",
                "src_type": "Invocation",
                "dst_type": "Invocation",
                "src": "vertx.metricsSPI().createMetrics(ds, \"datasource\", name, poolSize)",
                "dst": "vertxMetrics.createMetrics(ds, \"datasource\", name, poolSize)",
                "src_parent_type": "Assignment",
                "dst_parent_type": "Assignment",
                "src_parent": "metrics \u003d vertx.metricsSPI().createMetrics(ds, \"datasource\", name, poolSize)",
                "dst_parent": "metrics \u003d vertxMetrics.createMetrics(ds, \"datasource\", name, poolSize)"
              },
              "line": 213,
              "file": "/home/khesoem/projects/lighter/exp/src/main/java/io/vertx/ext/jdbc/impl/JDBCClientImpl.java",
              "stats": {
                "number_of_src_entities": 64,
                "number_of_dst_entities": 51,
                "src_entity_types": "[int, io.vertx.core.impl.VertxInternal, io.vertx.ext.jdbc.impl.JDBCClientImpl, java.lang.String, io.vertx.ext.jdbc.impl.JDBCClientImpl.DataSourceHolder]",
                "dst_entity_types": "[io.vertx.core.spi.metrics.VertxMetrics, int, io.vertx.ext.jdbc.impl.JDBCClientImpl, java.lang.String, io.vertx.ext.jdbc.impl.JDBCClientImpl.DataSourceHolder]"
              }
            },
            {
              "pattern_action": "INS",
              "pattern_entity": {
                "entity_type": "If",
                "entity_new value": "*",
                "entity_role": "*",
                "entity_parent": "null"
              },
              "concrete_change": {
                "operator": "INS",
                "src_type": "If",
                "dst_type": "null",
                "src": "if (vertxMetrics !\u003d null) {\n    metrics \u003d vertxMetrics.createMetrics(ds, \"datasource\", name, poolSize);\n}",
                "dst": "null",
                "src_parent_type": "Block",
                "dst_parent_type": "null",
                "src_parent": "{\n    java.lang.Class clazz \u003d java.lang.Thread.currentThread().getContextClassLoader().loadClass(providerClass);\n    provider \u003d ((io.vertx.ext.jdbc.spi.DataSourceProvider) (clazz.newInstance()));\n    ds \u003d provider.getDataSource(config);\n    int poolSize \u003d provider.maximumPoolSize(ds, config);\n    io.vertx.core.spi.metrics.VertxMetrics vertxMetrics \u003d vertx.metricsSPI();\n    if (vertxMetrics !\u003d null) {\n        metrics \u003d vertxMetrics.createMetrics(ds, \"datasource\", name, poolSize);\n    }\n    return ds;\n}",
                "dst_parent": "null"
              },
              "line": 215,
              "file": "/home/khesoem/projects/lighter/exp/src/main/java/io/vertx/ext/jdbc/impl/JDBCClientImpl.java",
              "stats": {
                "number_of_src_entities": 76,
                "number_of_dst_entities": -1,
                "src_entity_types": "[io.vertx.core.spi.metrics.VertxMetrics, int, io.vertx.ext.jdbc.impl.JDBCClientImpl, java.lang.String, io.vertx.ext.jdbc.impl.JDBCClientImpl.DataSourceHolder, \u003cnulltype\u003e]",
                "dst_entity_types": "[]"
              }
            },
            {
              "pattern_action": "INS",
              "pattern_entity": {
                "entity_type": "*",
                "entity_new value": "null",
                "entity_role": "*",
                "entity_parent": {
                  "entity_type": "BinaryOperator",
                  "entity_new value": "*",
                  "entity_role": "condition",
                  "entity_parent": {
                    "entity_type": "If",
                    "entity_new value": "*",
                    "entity_role": "*",
                    "entity_parent": "null"
                  }
                }
              },
              "concrete_change": {
                "operator": "INS",
                "src_type": "Literal",
                "dst_type": "null",
                "src": "null",
                "dst": "null",
                "src_parent_type": "BinaryOperator",
                "dst_parent_type": "null",
                "src_parent": "vertxMetrics !\u003d null",
                "dst_parent": "null"
              },
              "line": 215,
              "file": "/home/khesoem/projects/lighter/exp/src/main/java/io/vertx/ext/jdbc/impl/JDBCClientImpl.java"
            }
          ]
        },
        {
          "tool-name": "Elixir",
          "pattern-name": "Elixir:check_length",
          "Unified_Diff_of-files:": "Starts Below...",
          "INSERT:": "import io.vertx.core.spi.metrics.VertxMetrics;",
          "CHANGE_old:": "",
          "CHANGE_new:": "            }",
          "instance_detail": [
            {
              "pattern_action": "MOV",
              "pattern_entity": {
                "entity_type": "Statement",
                "entity_new value": "*",
                "entity_role": "*",
                "entity_parent": "null"
              },
              "concrete_change": {
                "operator": "MOV",
                "src_type": "Invocation",
                "dst_type": "Invocation",
                "src": "vertx.metricsSPI().createMetrics(ds, \"datasource\", name, poolSize)",
                "dst": "vertxMetrics.createMetrics(ds, \"datasource\", name, poolSize)",
                "src_parent_type": "Assignment",
                "dst_parent_type": "Assignment",
                "src_parent": "metrics \u003d vertx.metricsSPI().createMetrics(ds, \"datasource\", name, poolSize)",
                "dst_parent": "metrics \u003d vertxMetrics.createMetrics(ds, \"datasource\", name, poolSize)"
              },
              "line": 213,
              "file": "/home/khesoem/projects/lighter/exp/src/main/java/io/vertx/ext/jdbc/impl/JDBCClientImpl.java",
              "stats": {
                "number_of_src_entities": 64,
                "number_of_dst_entities": 51,
                "src_entity_types": "[int, io.vertx.core.impl.VertxInternal, io.vertx.ext.jdbc.impl.JDBCClientImpl, java.lang.String, io.vertx.ext.jdbc.impl.JDBCClientImpl.DataSourceHolder]",
                "dst_entity_types": "[io.vertx.core.spi.metrics.VertxMetrics, int, io.vertx.ext.jdbc.impl.JDBCClientImpl, java.lang.String, io.vertx.ext.jdbc.impl.JDBCClientImpl.DataSourceHolder]"
              }
            },
            {
              "pattern_action": "INS",
              "pattern_entity": {
                "entity_type": "If",
                "entity_new value": "*",
                "entity_role": "*",
                "entity_parent": "null"
              },
              "concrete_change": {
                "operator": "INS",
                "src_type": "If",
                "dst_type": "null",
                "src": "if (vertxMetrics !\u003d null) {\n    metrics \u003d vertxMetrics.createMetrics(ds, \"datasource\", name, poolSize);\n}",
                "dst": "null",
                "src_parent_type": "Block",
                "dst_parent_type": "null",
                "src_parent": "{\n    java.lang.Class clazz \u003d java.lang.Thread.currentThread().getContextClassLoader().loadClass(providerClass);\n    provider \u003d ((io.vertx.ext.jdbc.spi.DataSourceProvider) (clazz.newInstance()));\n    ds \u003d provider.getDataSource(config);\n    int poolSize \u003d provider.maximumPoolSize(ds, config);\n    io.vertx.core.spi.metrics.VertxMetrics vertxMetrics \u003d vertx.metricsSPI();\n    if (vertxMetrics !\u003d null) {\n        metrics \u003d vertxMetrics.createMetrics(ds, \"datasource\", name, poolSize);\n    }\n    return ds;\n}",
                "dst_parent": "null"
              },
              "line": 215,
              "file": "/home/khesoem/projects/lighter/exp/src/main/java/io/vertx/ext/jdbc/impl/JDBCClientImpl.java",
              "stats": {
                "number_of_src_entities": 76,
                "number_of_dst_entities": -1,
                "src_entity_types": "[io.vertx.core.spi.metrics.VertxMetrics, int, io.vertx.ext.jdbc.impl.JDBCClientImpl, java.lang.String, io.vertx.ext.jdbc.impl.JDBCClientImpl.DataSourceHolder, \u003cnulltype\u003e]",
                "dst_entity_types": "[]"
              }
            }
          ]
        }
      ]
    }
  ],
  "complete_analysis": true
}