{
  "instances": [
    {
      "revision": "73bd8652480faea803aafcda4ea4e6efc10f5f4c",
      "repairability": [
        {
          "tool-name": "JGenProg",
          "pattern-name": "JGenProg:any_statement_shallow",
          "Unified_Diff_of-files:": "Starts Below...",
          "INSERT:": "        session.prepare(\"SELECT DISTINCT service FROM \" + TABLE_SERVICE_SPANS);",
          "CHANGE_old:": "    return new SelectServiceNames(session);",
          "CHANGE_new:": "    return new SelectServiceNames(factory);",
          "instance_detail": [
            {
              "pattern_action": "ANY",
              "pattern_entity": {
                "entity_type": "*",
                "entity_new value": "*",
                "entity_role": "Statement",
                "entity_parent": "null"
              },
              "concrete_change": {
                "operator": "DEL",
                "src_type": "Return",
                "dst_type": "null",
                "src": "return new zipkin2.storage.cassandra.AutoValue_InsertServiceRemoteService_Input(service, remote_service)",
                "dst": "null",
                "src_parent_type": "Block",
                "dst_parent_type": "null",
                "src_parent": "{\n    return new zipkin2.storage.cassandra.AutoValue_InsertServiceRemoteService_Input(service, remote_service);\n}",
                "dst_parent": "null"
              },
              "line": 33,
              "file": "/home/khesoem/projects/lighter/exp/zipkin-storage/cassandra/src/main/java/zipkin2/storage/cassandra/InsertServiceRemoteService.java"
            }
          ]
        },
        {
          "tool-name": "JGenProg",
          "pattern-name": "JGenProg:any_statement_shallow",
          "Unified_Diff_of-files:": "Starts Below...",
          "INSERT:": "        session.prepare(\"SELECT DISTINCT service FROM \" + TABLE_SERVICE_SPANS);",
          "CHANGE_old:": "    return new SelectServiceNames(session);",
          "CHANGE_new:": "    return new SelectServiceNames(factory);",
          "instance_detail": [
            {
              "pattern_action": "ANY",
              "pattern_entity": {
                "entity_type": "*",
                "entity_new value": "*",
                "entity_role": "Statement",
                "entity_parent": "null"
              },
              "concrete_change": {
                "operator": "DEL",
                "src_type": "Return",
                "dst_type": "null",
                "src": "return zipkin2.storage.cassandra.InsertServiceRemoteService.Input.create(service, remote_service)",
                "dst": "null",
                "src_parent_type": "Block",
                "dst_parent_type": "null",
                "src_parent": "{\n    return zipkin2.storage.cassandra.InsertServiceRemoteService.Input.create(service, remote_service);\n}",
                "dst_parent": "null"
              },
              "line": 58,
              "file": "/home/khesoem/projects/lighter/exp/zipkin-storage/cassandra/src/main/java/zipkin2/storage/cassandra/InsertServiceRemoteService.java"
            }
          ]
        },
        {
          "tool-name": "JGenProg",
          "pattern-name": "JGenProg:any_statement_deep",
          "Unified_Diff_of-files:": "Starts Below...",
          "INSERT:": "        session.prepare(\"SELECT DISTINCT service FROM \" + TABLE_SERVICE_SPANS);",
          "CHANGE_old:": "    return new SelectServiceNames(session);",
          "CHANGE_new:": "    return new SelectServiceNames(factory);",
          "instance_detail": [
            {
              "pattern_action": "ANY",
              "pattern_entity": {
                "entity_type": "*",
                "entity_new value": "*",
                "entity_role": "*",
                "entity_parent": {
                  "entity_type": "*",
                  "entity_new value": "*",
                  "entity_role": "Statement",
                  "entity_parent": "null"
                }
              },
              "concrete_change": {
                "operator": "UPD",
                "src_type": "ConstructorCall",
                "dst_type": "ConstructorCall",
                "src": "new zipkin2.storage.cassandra.InsertServiceRemoteService(factory, input)",
                "dst": "new zipkin2.storage.cassandra.InsertServiceRemoteService(factory, input)",
                "src_parent_type": "Return",
                "dst_parent_type": "Return",
                "src_parent": "return new zipkin2.storage.cassandra.InsertServiceRemoteService(factory, input)",
                "dst_parent": "return new zipkin2.storage.cassandra.InsertServiceRemoteService(factory, input)"
              },
              "line": 89,
              "file": "/home/khesoem/projects/lighter/exp/zipkin-storage/cassandra/src/main/java/zipkin2/storage/cassandra/InsertServiceRemoteService.java",
              "stats": {
                "number_of_src_entities": 38,
                "number_of_dst_entities": 46,
                "src_entity_types": "[zipkin2.storage.cassandra.InsertServiceRemoteService]",
                "dst_entity_types": "[zipkin2.storage.cassandra.InsertServiceRemoteService]"
              }
            }
          ]
        },
        {
          "tool-name": "JGenProg",
          "pattern-name": "JGenProg:any_statement_deep",
          "Unified_Diff_of-files:": "Starts Below...",
          "INSERT:": "        session.prepare(\"SELECT DISTINCT service FROM \" + TABLE_SERVICE_SPANS);",
          "CHANGE_old:": "    return new SelectServiceNames(session);",
          "CHANGE_new:": "    return new SelectServiceNames(factory);",
          "instance_detail": [
            {
              "pattern_action": "ANY",
              "pattern_entity": {
                "entity_type": "*",
                "entity_new value": "*",
                "entity_role": "*",
                "entity_parent": {
                  "entity_type": "*",
                  "entity_new value": "*",
                  "entity_role": "Statement",
                  "entity_parent": "null"
                }
              },
              "concrete_change": {
                "operator": "UPD",
                "src_type": "ConstructorCall",
                "dst_type": "ConstructorCall",
                "src": "new zipkin2.storage.cassandra.InsertServiceRemoteService(this, input)",
                "dst": "new zipkin2.storage.cassandra.InsertServiceRemoteService(this, input)",
                "src_parent_type": "Return",
                "dst_parent_type": "Return",
                "src_parent": "return new zipkin2.storage.cassandra.InsertServiceRemoteService(this, input)",
                "dst_parent": "return new zipkin2.storage.cassandra.InsertServiceRemoteService(this, input)"
              },
              "line": 62,
              "file": "/home/khesoem/projects/lighter/exp/zipkin-storage/cassandra/src/main/java/zipkin2/storage/cassandra/InsertServiceRemoteService.java",
              "stats": {
                "number_of_src_entities": 25,
                "number_of_dst_entities": 33,
                "src_entity_types": "[zipkin2.storage.cassandra.InsertServiceRemoteService.Input, zipkin2.storage.cassandra.InsertServiceRemoteService.Factory, zipkin2.storage.cassandra.InsertServiceRemoteService]",
                "dst_entity_types": "[java.util.Map.Entry\u003cjava.lang.String, java.lang.String\u003e, zipkin2.storage.cassandra.InsertServiceRemoteService.Factory, java.lang.String, java.util.Map, zipkin2.storage.cassandra.InsertServiceRemoteService]"
              }
            }
          ]
        }
      ]
    },
    {
      "revision": "73bd8652480faea803aafcda4ea4e6efc10f5f4c",
      "repairability": [
        {
          "tool-name": "JGenProg",
          "pattern-name": "JGenProg:any_statement_shallow",
          "Unified_Diff_of-files:": "Starts Below...",
          "INSERT:": "        session.prepare(\"SELECT DISTINCT service FROM \" + TABLE_SERVICE_SPANS);",
          "CHANGE_old:": "    return new SelectServiceNames(session);",
          "CHANGE_new:": "    return new SelectServiceNames(factory);",
          "instance_detail": [
            {
              "pattern_action": "ANY",
              "pattern_entity": {
                "entity_type": "*",
                "entity_new value": "*",
                "entity_role": "Statement",
                "entity_parent": "null"
              },
              "concrete_change": {
                "operator": "DEL",
                "src_type": "Return",
                "dst_type": "null",
                "src": "return new zipkin2.storage.cassandra.AutoValue_InsertServiceSpan_Input(service, span)",
                "dst": "null",
                "src_parent_type": "Block",
                "dst_parent_type": "null",
                "src_parent": "{\n    return new zipkin2.storage.cassandra.AutoValue_InsertServiceSpan_Input(service, span);\n}",
                "dst_parent": "null"
              },
              "line": 33,
              "file": "/home/khesoem/projects/lighter/exp/zipkin-storage/cassandra/src/main/java/zipkin2/storage/cassandra/InsertServiceSpan.java"
            }
          ]
        },
        {
          "tool-name": "JGenProg",
          "pattern-name": "JGenProg:any_statement_shallow",
          "Unified_Diff_of-files:": "Starts Below...",
          "INSERT:": "        session.prepare(\"SELECT DISTINCT service FROM \" + TABLE_SERVICE_SPANS);",
          "CHANGE_old:": "    return new SelectServiceNames(session);",
          "CHANGE_new:": "    return new SelectServiceNames(factory);",
          "instance_detail": [
            {
              "pattern_action": "ANY",
              "pattern_entity": {
                "entity_type": "*",
                "entity_new value": "*",
                "entity_role": "Statement",
                "entity_parent": "null"
              },
              "concrete_change": {
                "operator": "DEL",
                "src_type": "Return",
                "dst_type": "null",
                "src": "return zipkin2.storage.cassandra.InsertServiceSpan.Input.create(service, span)",
                "dst": "null",
                "src_parent_type": "Block",
                "dst_parent_type": "null",
                "src_parent": "{\n    return zipkin2.storage.cassandra.InsertServiceSpan.Input.create(service, span);\n}",
                "dst_parent": "null"
              },
              "line": 58,
              "file": "/home/khesoem/projects/lighter/exp/zipkin-storage/cassandra/src/main/java/zipkin2/storage/cassandra/InsertServiceSpan.java"
            }
          ]
        },
        {
          "tool-name": "JGenProg",
          "pattern-name": "JGenProg:any_statement_deep",
          "Unified_Diff_of-files:": "Starts Below...",
          "INSERT:": "        session.prepare(\"SELECT DISTINCT service FROM \" + TABLE_SERVICE_SPANS);",
          "CHANGE_old:": "    return new SelectServiceNames(session);",
          "CHANGE_new:": "    return new SelectServiceNames(factory);",
          "instance_detail": [
            {
              "pattern_action": "ANY",
              "pattern_entity": {
                "entity_type": "*",
                "entity_new value": "*",
                "entity_role": "*",
                "entity_parent": {
                  "entity_type": "*",
                  "entity_new value": "*",
                  "entity_role": "Statement",
                  "entity_parent": "null"
                }
              },
              "concrete_change": {
                "operator": "UPD",
                "src_type": "ConstructorCall",
                "dst_type": "ConstructorCall",
                "src": "new zipkin2.storage.cassandra.InsertServiceSpan(factory, input)",
                "dst": "new zipkin2.storage.cassandra.InsertServiceSpan(factory, input)",
                "src_parent_type": "Return",
                "dst_parent_type": "Return",
                "src_parent": "return new zipkin2.storage.cassandra.InsertServiceSpan(factory, input)",
                "dst_parent": "return new zipkin2.storage.cassandra.InsertServiceSpan(factory, input)"
              },
              "line": 89,
              "file": "/home/khesoem/projects/lighter/exp/zipkin-storage/cassandra/src/main/java/zipkin2/storage/cassandra/InsertServiceSpan.java",
              "stats": {
                "number_of_src_entities": 38,
                "number_of_dst_entities": 46,
                "src_entity_types": "[zipkin2.storage.cassandra.InsertServiceSpan]",
                "dst_entity_types": "[zipkin2.storage.cassandra.InsertServiceSpan]"
              }
            }
          ]
        },
        {
          "tool-name": "JGenProg",
          "pattern-name": "JGenProg:any_statement_deep",
          "Unified_Diff_of-files:": "Starts Below...",
          "INSERT:": "        session.prepare(\"SELECT DISTINCT service FROM \" + TABLE_SERVICE_SPANS);",
          "CHANGE_old:": "    return new SelectServiceNames(session);",
          "CHANGE_new:": "    return new SelectServiceNames(factory);",
          "instance_detail": [
            {
              "pattern_action": "ANY",
              "pattern_entity": {
                "entity_type": "*",
                "entity_new value": "*",
                "entity_role": "*",
                "entity_parent": {
                  "entity_type": "*",
                  "entity_new value": "*",
                  "entity_role": "Statement",
                  "entity_parent": "null"
                }
              },
              "concrete_change": {
                "operator": "UPD",
                "src_type": "ConstructorCall",
                "dst_type": "ConstructorCall",
                "src": "new zipkin2.storage.cassandra.InsertServiceSpan(this, input)",
                "dst": "new zipkin2.storage.cassandra.InsertServiceSpan(this, input)",
                "src_parent_type": "Return",
                "dst_parent_type": "Return",
                "src_parent": "return new zipkin2.storage.cassandra.InsertServiceSpan(this, input)",
                "dst_parent": "return new zipkin2.storage.cassandra.InsertServiceSpan(this, input)"
              },
              "line": 62,
              "file": "/home/khesoem/projects/lighter/exp/zipkin-storage/cassandra/src/main/java/zipkin2/storage/cassandra/InsertServiceSpan.java",
              "stats": {
                "number_of_src_entities": 25,
                "number_of_dst_entities": 33,
                "src_entity_types": "[zipkin2.storage.cassandra.InsertServiceSpan.Input, zipkin2.storage.cassandra.InsertServiceSpan, zipkin2.storage.cassandra.InsertServiceSpan.Factory]",
                "dst_entity_types": "[java.util.Map.Entry\u003cjava.lang.String, java.lang.String\u003e, zipkin2.storage.cassandra.InsertServiceSpan, zipkin2.storage.cassandra.InsertServiceSpan.Factory, java.lang.String, java.util.Map]"
              }
            }
          ]
        }
      ]
    },
    {
      "revision": "73bd8652480faea803aafcda4ea4e6efc10f5f4c",
      "repairability": [
        {
          "tool-name": "JGenProg",
          "pattern-name": "JGenProg:any_statement_shallow",
          "Unified_Diff_of-files:": "Starts Below...",
          "INSERT:": "        session.prepare(\"SELECT DISTINCT service FROM \" + TABLE_SERVICE_SPANS);",
          "CHANGE_old:": "    return new SelectServiceNames(session);",
          "CHANGE_new:": "    return new SelectServiceNames(factory);",
          "instance_detail": [
            {
              "pattern_action": "ANY",
              "pattern_entity": {
                "entity_type": "*",
                "entity_new value": "*",
                "entity_role": "Statement",
                "entity_parent": "null"
              },
              "concrete_change": {
                "operator": "DEL",
                "src_type": "Invocation",
                "dst_type": "null",
                "src": "session().execute(\"select trace_id from traces limit 1\")",
                "dst": "null",
                "src_parent_type": "Block",
                "dst_parent_type": "null",
                "src_parent": "{\n    session().execute(\"select trace_id from traces limit 1\");\n}",
                "dst_parent": "null"
              },
              "line": 390,
              "file": "/home/khesoem/projects/lighter/exp/zipkin-storage/cassandra-v1/src/main/java/zipkin2/storage/cassandra/v1/CassandraStorage.java",
              "stats": {
                "number_of_src_entities": 21,
                "number_of_dst_entities": -1,
                "src_entity_types": "[zipkin2.storage.cassandra.v1.CassandraStorage, java.lang.String, com.datastax.driver.core.Session]",
                "dst_entity_types": "[]"
              }
            }
          ]
        }
      ]
    }
  ],
  "complete_analysis": true
}