{
  "instances": [
    {
      "revision": "7c4f3f2cd73ff379d39e8a49fd174629ebeea286",
      "repairability": [
        {
          "tool-name": "NPEfix",
          "pattern-name": "NPEfix:npefix_skip",
          "Unified_Diff_of-files:": "Starts Below...",
          "CHANGE_old:": "    private Class\u0026lt;? extends Serializable\u0026gt; getPropertyType(Class\u0026lt;?\u0026gt; baseClazz, String property) {",
          "CHANGE_new:": "    private Class\u0026lt;? extends Serializable\u0026gt; resolvePropertyType(Class\u0026lt;?\u0026gt; baseClazz, String property) {",
          "INSERT:": "",
          "instance_detail": [
            {
              "pattern_action": "INS",
              "pattern_entity": {
                "entity_type": "If",
                "entity_new value": "*",
                "entity_role": "*",
                "entity_parent": "null"
              },
              "concrete_change": {
                "operator": "INS",
                "src_type": "If",
                "dst_type": "null",
                "src": "if (predicate !\u003d null) {\n    if ((query.getRestriction()) \u003d\u003d null) {\n        query.where(predicate);\n    } else {\n        query.where(query.getRestriction(), predicate);\n    }\n}",
                "dst": "null",
                "src_parent_type": "Block",
                "dst_parent_type": "null",
                "src_parent": "{\n    com.blazebit.persistence.criteria.BlazeCriteriaBuilder blazeCriteriaBuilder \u003d com.blazebit.persistence.criteria.impl.BlazeCriteria.get(context.getEntityManager(), context.getCriteriaBuilderFactory());\n    com.blazebit.persistence.criteria.BlazeCriteriaQuery\u003c?\u003e query \u003d blazeCriteriaBuilder.createQuery(context.getEntityClass());\n    javax.persistence.criteria.Root queryRoot \u003d query.from(context.getEntityClass());\n    root.apply(queryRoot, query, blazeCriteriaBuilder);\n    javax.persistence.criteria.Predicate predicate \u003d specification.toPredicate(queryRoot, query, blazeCriteriaBuilder);\n    if (predicate !\u003d null) {\n        if ((query.getRestriction()) \u003d\u003d null) {\n            query.where(predicate);\n        } else {\n            query.where(query.getRestriction(), predicate);\n        }\n    }\n    cb \u003d query.createCriteriaBuilder();\n}",
                "dst_parent": "null"
              },
              "line": 67,
              "file": "/home/khesoem/projects/lighter/exp/integration/deltaspike-data/impl-1.8/src/main/java/com/blazebit/persistence/deltaspike/data/impl/builder/EntityViewMethodQueryBuilder.java",
              "stats": {
                "number_of_src_entities": 83,
                "number_of_dst_entities": -1,
                "src_entity_types": "[javax.persistence.criteria.Predicate, com.blazebit.persistence.criteria.BlazeCriteriaQuery\u003c?\u003e, , \u003cnulltype\u003e]",
                "dst_entity_types": "[]"
              }
            },
            {
              "pattern_action": "MOV",
              "pattern_entity": {
                "entity_type": "*",
                "entity_new value": "*",
                "entity_role": "*",
                "entity_parent": {
                  "entity_type": "*",
                  "entity_new value": "*",
                  "entity_role": "Then",
                  "entity_parent": {
                    "entity_type": "If",
                    "entity_new value": "*",
                    "entity_role": "*",
                    "entity_parent": "null"
                  }
                }
              },
              "concrete_change": {
                "operator": "MOV",
                "src_type": "Block",
                "dst_type": "Block",
                "src": "{\n    query.where(query.getRestriction(), predicate);\n}",
                "dst": "{\n    query.where(predicate);\n}",
                "src_parent_type": "If",
                "dst_parent_type": "If",
                "src_parent": "if (predicate !\u003d null) {\n    query.where(query.getRestriction(), predicate);\n}",
                "dst_parent": "if ((query.getRestriction()) \u003d\u003d null) {\n    query.where(predicate);\n} else {\n    query.where(query.getRestriction(), predicate);\n}"
              },
              "line": 67,
              "file": "/home/khesoem/projects/lighter/exp/integration/deltaspike-data/impl-1.8/src/main/java/com/blazebit/persistence/deltaspike/data/impl/builder/EntityViewMethodQueryBuilder.java",
              "stats": {
                "number_of_src_entities": 35,
                "number_of_dst_entities": 21,
                "src_entity_types": "[javax.persistence.criteria.Predicate, com.blazebit.persistence.criteria.BlazeCriteriaQuery\u003c?\u003e, ]",
                "dst_entity_types": "[javax.persistence.criteria.Predicate, com.blazebit.persistence.criteria.BlazeCriteriaQuery\u003c?\u003e, ]"
              }
            }
          ]
        },
        {
          "tool-name": "NPEfix",
          "pattern-name": "NPEfix:npefix_skip",
          "Unified_Diff_of-files:": "Starts Below...",
          "CHANGE_old:": "    private Class\u0026lt;? extends Serializable\u0026gt; getPropertyType(Class\u0026lt;?\u0026gt; baseClazz, String property) {",
          "CHANGE_new:": "    private Class\u0026lt;? extends Serializable\u0026gt; resolvePropertyType(Class\u0026lt;?\u0026gt; baseClazz, String property) {",
          "INSERT:": "",
          "instance_detail": [
            {
              "pattern_action": "INS",
              "pattern_entity": {
                "entity_type": "If",
                "entity_new value": "*",
                "entity_role": "*",
                "entity_parent": "null"
              },
              "concrete_change": {
                "operator": "INS",
                "src_type": "If",
                "dst_type": "null",
                "src": "if (predicate !\u003d null) {\n    if ((query.getRestriction()) \u003d\u003d null) {\n        query.where(predicate);\n    } else {\n        query.where(query.getRestriction(), predicate);\n    }\n}",
                "dst": "null",
                "src_parent_type": "Block",
                "dst_parent_type": "null",
                "src_parent": "{\n    com.blazebit.persistence.criteria.BlazeCriteriaBuilder blazeCriteriaBuilder \u003d com.blazebit.persistence.criteria.impl.BlazeCriteria.get(context.getEntityManager(), context.getCriteriaBuilderFactory());\n    com.blazebit.persistence.criteria.BlazeCriteriaQuery\u003c?\u003e query \u003d blazeCriteriaBuilder.createQuery(context.getEntityClass());\n    javax.persistence.criteria.Root queryRoot \u003d query.from(context.getEntityClass());\n    root.apply(queryRoot, query, blazeCriteriaBuilder);\n    javax.persistence.criteria.Predicate predicate \u003d specification.toPredicate(queryRoot, query, blazeCriteriaBuilder);\n    if (predicate !\u003d null) {\n        if ((query.getRestriction()) \u003d\u003d null) {\n            query.where(predicate);\n        } else {\n            query.where(query.getRestriction(), predicate);\n        }\n    }\n    cb \u003d query.createCriteriaBuilder();\n}",
                "dst_parent": "null"
              },
              "line": 67,
              "file": "/home/khesoem/projects/lighter/exp/integration/deltaspike-data/impl-1.8/src/main/java/com/blazebit/persistence/deltaspike/data/impl/builder/EntityViewMethodQueryBuilder.java",
              "stats": {
                "number_of_src_entities": 83,
                "number_of_dst_entities": -1,
                "src_entity_types": "[javax.persistence.criteria.Predicate, com.blazebit.persistence.criteria.BlazeCriteriaQuery\u003c?\u003e, , \u003cnulltype\u003e]",
                "dst_entity_types": "[]"
              }
            },
            {
              "pattern_action": "MOV",
              "pattern_entity": {
                "entity_type": "*",
                "entity_new value": "*",
                "entity_role": "*",
                "entity_parent": {
                  "entity_type": "*",
                  "entity_new value": "*",
                  "entity_role": "Then",
                  "entity_parent": {
                    "entity_type": "If",
                    "entity_new value": "*",
                    "entity_role": "*",
                    "entity_parent": "null"
                  }
                }
              },
              "concrete_change": {
                "operator": "MOV",
                "src_type": "Invocation",
                "dst_type": "Invocation",
                "src": "query.where(query.getRestriction(), predicate)",
                "dst": "query.where(query.getRestriction(), predicate)",
                "src_parent_type": "Block",
                "dst_parent_type": "Block",
                "src_parent": "{\n    query.where(query.getRestriction(), predicate);\n}",
                "dst_parent": "{\n    query.where(query.getRestriction(), predicate);\n}"
              },
              "line": 68,
              "file": "/home/khesoem/projects/lighter/exp/integration/deltaspike-data/impl-1.8/src/main/java/com/blazebit/persistence/deltaspike/data/impl/builder/EntityViewMethodQueryBuilder.java",
              "stats": {
                "number_of_src_entities": 34,
                "number_of_dst_entities": 34,
                "src_entity_types": "[javax.persistence.criteria.Predicate, com.blazebit.persistence.criteria.BlazeCriteriaQuery\u003c?\u003e, ]",
                "dst_entity_types": "[javax.persistence.criteria.Predicate, com.blazebit.persistence.criteria.BlazeCriteriaQuery\u003c?\u003e, ]"
              }
            }
          ]
        }
      ]
    },
    {
      "revision": "7c4f3f2cd73ff379d39e8a49fd174629ebeea286",
      "repairability": [
        {
          "tool-name": "NPEfix",
          "pattern-name": "NPEfix:npefix_skip",
          "Unified_Diff_of-files:": "Starts Below...",
          "CHANGE_old:": "    private Class\u0026lt;? extends Serializable\u0026gt; getPropertyType(Class\u0026lt;?\u0026gt; baseClazz, String property) {",
          "CHANGE_new:": "    private Class\u0026lt;? extends Serializable\u0026gt; resolvePropertyType(Class\u0026lt;?\u0026gt; baseClazz, String property) {",
          "INSERT:": "",
          "instance_detail": [
            {
              "pattern_action": "INS",
              "pattern_entity": {
                "entity_type": "If",
                "entity_new value": "*",
                "entity_role": "*",
                "entity_parent": "null"
              },
              "concrete_change": {
                "operator": "INS",
                "src_type": "If",
                "dst_type": "null",
                "src": "if (predicate !\u003d null) {\n    if ((query.getRestriction()) \u003d\u003d null) {\n        query.where(predicate);\n    } else {\n        query.where(query.getRestriction(), predicate);\n    }\n}",
                "dst": "null",
                "src_parent_type": "Block",
                "dst_parent_type": "null",
                "src_parent": "{\n    com.blazebit.persistence.criteria.BlazeCriteriaBuilder blazeCriteriaBuilder \u003d com.blazebit.persistence.criteria.impl.BlazeCriteria.get(context.getEntityManager(), context.getCriteriaBuilderFactory());\n    com.blazebit.persistence.criteria.BlazeCriteriaQuery\u003c?\u003e query \u003d blazeCriteriaBuilder.createQuery(context.getEntityClass());\n    javax.persistence.criteria.Root queryRoot \u003d query.from(context.getEntityClass());\n    root.apply(queryRoot, query, blazeCriteriaBuilder);\n    javax.persistence.criteria.Predicate predicate \u003d specification.toPredicate(queryRoot, query, blazeCriteriaBuilder);\n    if (predicate !\u003d null) {\n        if ((query.getRestriction()) \u003d\u003d null) {\n            query.where(predicate);\n        } else {\n            query.where(query.getRestriction(), predicate);\n        }\n    }\n    cb \u003d query.createCriteriaBuilder();\n}",
                "dst_parent": "null"
              },
              "line": 71,
              "file": "/home/khesoem/projects/lighter/exp/integration/deltaspike-data/impl-1.7/src/main/java/com/blazebit/persistence/deltaspike/data/impl/builder/EntityViewMethodQueryBuilder.java",
              "stats": {
                "number_of_src_entities": 83,
                "number_of_dst_entities": -1,
                "src_entity_types": "[javax.persistence.criteria.Predicate, com.blazebit.persistence.criteria.BlazeCriteriaQuery\u003c?\u003e, , \u003cnulltype\u003e]",
                "dst_entity_types": "[]"
              }
            },
            {
              "pattern_action": "MOV",
              "pattern_entity": {
                "entity_type": "*",
                "entity_new value": "*",
                "entity_role": "*",
                "entity_parent": {
                  "entity_type": "*",
                  "entity_new value": "*",
                  "entity_role": "Then",
                  "entity_parent": {
                    "entity_type": "If",
                    "entity_new value": "*",
                    "entity_role": "*",
                    "entity_parent": "null"
                  }
                }
              },
              "concrete_change": {
                "operator": "MOV",
                "src_type": "Block",
                "dst_type": "Block",
                "src": "{\n    query.where(query.getRestriction(), predicate);\n}",
                "dst": "{\n    query.where(predicate);\n}",
                "src_parent_type": "If",
                "dst_parent_type": "If",
                "src_parent": "if (predicate !\u003d null) {\n    query.where(query.getRestriction(), predicate);\n}",
                "dst_parent": "if ((query.getRestriction()) \u003d\u003d null) {\n    query.where(predicate);\n} else {\n    query.where(query.getRestriction(), predicate);\n}"
              },
              "line": 71,
              "file": "/home/khesoem/projects/lighter/exp/integration/deltaspike-data/impl-1.7/src/main/java/com/blazebit/persistence/deltaspike/data/impl/builder/EntityViewMethodQueryBuilder.java",
              "stats": {
                "number_of_src_entities": 35,
                "number_of_dst_entities": 21,
                "src_entity_types": "[javax.persistence.criteria.Predicate, com.blazebit.persistence.criteria.BlazeCriteriaQuery\u003c?\u003e, ]",
                "dst_entity_types": "[javax.persistence.criteria.Predicate, com.blazebit.persistence.criteria.BlazeCriteriaQuery\u003c?\u003e, ]"
              }
            }
          ]
        },
        {
          "tool-name": "NPEfix",
          "pattern-name": "NPEfix:npefix_skip",
          "Unified_Diff_of-files:": "Starts Below...",
          "CHANGE_old:": "    private Class\u0026lt;? extends Serializable\u0026gt; getPropertyType(Class\u0026lt;?\u0026gt; baseClazz, String property) {",
          "CHANGE_new:": "    private Class\u0026lt;? extends Serializable\u0026gt; resolvePropertyType(Class\u0026lt;?\u0026gt; baseClazz, String property) {",
          "INSERT:": "",
          "instance_detail": [
            {
              "pattern_action": "INS",
              "pattern_entity": {
                "entity_type": "If",
                "entity_new value": "*",
                "entity_role": "*",
                "entity_parent": "null"
              },
              "concrete_change": {
                "operator": "INS",
                "src_type": "If",
                "dst_type": "null",
                "src": "if (predicate !\u003d null) {\n    if ((query.getRestriction()) \u003d\u003d null) {\n        query.where(predicate);\n    } else {\n        query.where(query.getRestriction(), predicate);\n    }\n}",
                "dst": "null",
                "src_parent_type": "Block",
                "dst_parent_type": "null",
                "src_parent": "{\n    com.blazebit.persistence.criteria.BlazeCriteriaBuilder blazeCriteriaBuilder \u003d com.blazebit.persistence.criteria.impl.BlazeCriteria.get(context.getEntityManager(), context.getCriteriaBuilderFactory());\n    com.blazebit.persistence.criteria.BlazeCriteriaQuery\u003c?\u003e query \u003d blazeCriteriaBuilder.createQuery(context.getEntityClass());\n    javax.persistence.criteria.Root queryRoot \u003d query.from(context.getEntityClass());\n    root.apply(queryRoot, query, blazeCriteriaBuilder);\n    javax.persistence.criteria.Predicate predicate \u003d specification.toPredicate(queryRoot, query, blazeCriteriaBuilder);\n    if (predicate !\u003d null) {\n        if ((query.getRestriction()) \u003d\u003d null) {\n            query.where(predicate);\n        } else {\n            query.where(query.getRestriction(), predicate);\n        }\n    }\n    cb \u003d query.createCriteriaBuilder();\n}",
                "dst_parent": "null"
              },
              "line": 71,
              "file": "/home/khesoem/projects/lighter/exp/integration/deltaspike-data/impl-1.7/src/main/java/com/blazebit/persistence/deltaspike/data/impl/builder/EntityViewMethodQueryBuilder.java",
              "stats": {
                "number_of_src_entities": 83,
                "number_of_dst_entities": -1,
                "src_entity_types": "[javax.persistence.criteria.Predicate, com.blazebit.persistence.criteria.BlazeCriteriaQuery\u003c?\u003e, , \u003cnulltype\u003e]",
                "dst_entity_types": "[]"
              }
            },
            {
              "pattern_action": "MOV",
              "pattern_entity": {
                "entity_type": "*",
                "entity_new value": "*",
                "entity_role": "*",
                "entity_parent": {
                  "entity_type": "*",
                  "entity_new value": "*",
                  "entity_role": "Then",
                  "entity_parent": {
                    "entity_type": "If",
                    "entity_new value": "*",
                    "entity_role": "*",
                    "entity_parent": "null"
                  }
                }
              },
              "concrete_change": {
                "operator": "MOV",
                "src_type": "Invocation",
                "dst_type": "Invocation",
                "src": "query.where(query.getRestriction(), predicate)",
                "dst": "query.where(query.getRestriction(), predicate)",
                "src_parent_type": "Block",
                "dst_parent_type": "Block",
                "src_parent": "{\n    query.where(query.getRestriction(), predicate);\n}",
                "dst_parent": "{\n    query.where(query.getRestriction(), predicate);\n}"
              },
              "line": 72,
              "file": "/home/khesoem/projects/lighter/exp/integration/deltaspike-data/impl-1.7/src/main/java/com/blazebit/persistence/deltaspike/data/impl/builder/EntityViewMethodQueryBuilder.java",
              "stats": {
                "number_of_src_entities": 34,
                "number_of_dst_entities": 34,
                "src_entity_types": "[javax.persistence.criteria.Predicate, com.blazebit.persistence.criteria.BlazeCriteriaQuery\u003c?\u003e, ]",
                "dst_entity_types": "[javax.persistence.criteria.Predicate, com.blazebit.persistence.criteria.BlazeCriteriaQuery\u003c?\u003e, ]"
              }
            }
          ]
        }
      ]
    }
  ],
  "complete_analysis": true
}