{
  "instances": [
    {
      "revision": "6b5b252b019e0586e6bd2ef1f12edd23a827a874",
      "repairability": [
        {
          "tool-name": "NPEfix",
          "pattern-name": "NPEfix:npefix_global_replace",
          "Unified_Diff_of-files:": "Starts Below...",
          "INSERT:": "    @Override",
          "CHANGE_old:": "        return true;",
          "CHANGE_new:": "        return false;",
          "instance_detail": [
            {
              "pattern_action": "INS",
              "pattern_entity": {
                "entity_type": "If",
                "entity_new value": "*",
                "entity_role": "*",
                "entity_parent": "null"
              },
              "concrete_change": {
                "operator": "INS",
                "src_type": "If",
                "dst_type": "null",
                "src": "if ((embeddableViewTypeMap) \u003d\u003d null) {\n    embeddableViewTypeMap \u003d new java.util.HashMap(1);\n}",
                "dst": "null",
                "src_parent_type": "Block",
                "dst_parent_type": "null",
                "src_parent": "{\n    if ((embeddableViewTypeMap) \u003d\u003d null) {\n        embeddableViewTypeMap \u003d new java.util.HashMap(1);\n    }\n    viewType \u003d embeddableViewTypeMap.get(embeddableMapping);\n}",
                "dst_parent": "null"
              },
              "line": 480,
              "file": "/home/khesoem/projects/lighter/exp/entity-view/impl/src/main/java/com/blazebit/persistence/view/impl/metamodel/ViewMappingImpl.java"
            },
            {
              "pattern_action": "INS",
              "pattern_entity": {
                "entity_type": "Assignment",
                "entity_new value": "*",
                "entity_role": "*",
                "entity_parent": {
                  "entity_type": "*",
                  "entity_new value": "*",
                  "entity_role": "Then",
                  "entity_parent": {
                    "entity_type": "If",
                    "entity_new value": "*",
                    "entity_role": "*",
                    "entity_parent": "null"
                  }
                }
              },
              "concrete_change": {
                "operator": "INS",
                "src_type": "Assignment",
                "dst_type": "null",
                "src": "embeddableViewTypeMap \u003d new java.util.HashMap(1)",
                "dst": "null",
                "src_parent_type": "Block",
                "dst_parent_type": "null",
                "src_parent": "{\n    embeddableViewTypeMap \u003d new java.util.HashMap(1);\n}",
                "dst_parent": "null"
              },
              "line": 481,
              "file": "/home/khesoem/projects/lighter/exp/entity-view/impl/src/main/java/com/blazebit/persistence/view/impl/metamodel/ViewMappingImpl.java"
            }
          ]
        }
      ]
    },
    {
      "revision": "6b5b252b019e0586e6bd2ef1f12edd23a827a874",
      "repairability": [
        {
          "tool-name": "NPEfix",
          "pattern-name": "NPEfix:npefix_skip",
          "Unified_Diff_of-files:": "Starts Below...",
          "INSERT:": "    @Override",
          "CHANGE_old:": "        return true;",
          "CHANGE_new:": "        return false;",
          "instance_detail": [
            {
              "pattern_action": "INS",
              "pattern_entity": {
                "entity_type": "If",
                "entity_new value": "*",
                "entity_role": "*",
                "entity_parent": "null"
              },
              "concrete_change": {
                "operator": "INS",
                "src_type": "If",
                "dst_type": "null",
                "src": "if (v !\u003d null) {\n    wasDirty \u003d true;\n}",
                "dst": "null",
                "src_parent_type": "Block",
                "dst_parent_type": "null",
                "src_parent": "{\n    java.lang.Object v \u003d viewToEntityMapper.flushToEntity(context, null, realValue);\n    if (v !\u003d null) {\n        wasDirty \u003d true;\n    }\n}",
                "dst_parent": "null"
              },
              "line": 399,
              "file": "/home/khesoem/projects/lighter/exp/entity-view/impl/src/main/java/com/blazebit/persistence/view/impl/update/flush/SubviewAttributeFlusher.java",
              "stats": {
                "number_of_src_entities": 17,
                "number_of_dst_entities": -1,
                "src_entity_types": "[boolean, java.lang.Object, \u003cnulltype\u003e]",
                "dst_entity_types": "[]"
              }
            },
            {
              "pattern_action": "MOV",
              "pattern_entity": {
                "entity_type": "*",
                "entity_new value": "*",
                "entity_role": "*",
                "entity_parent": {
                  "entity_type": "*",
                  "entity_new value": "*",
                  "entity_role": "Then",
                  "entity_parent": {
                    "entity_type": "If",
                    "entity_new value": "*",
                    "entity_role": "*",
                    "entity_parent": "null"
                  }
                }
              },
              "concrete_change": {
                "operator": "MOV",
                "src_type": "Assignment",
                "dst_type": "Assignment",
                "src": "wasDirty \u003d true",
                "dst": "wasDirty \u003d true",
                "src_parent_type": "Block",
                "dst_parent_type": "Block",
                "src_parent": "{\n    viewToEntityMapper.applyToEntity(context, null, realValue);\n    wasDirty \u003d true;\n}",
                "dst_parent": "{\n    wasDirty \u003d true;\n}"
              },
              "line": 387,
              "file": "/home/khesoem/projects/lighter/exp/entity-view/impl/src/main/java/com/blazebit/persistence/view/impl/update/flush/SubviewAttributeFlusher.java",
              "stats": {
                "number_of_src_entities": 7,
                "number_of_dst_entities": 7,
                "src_entity_types": "[boolean]",
                "dst_entity_types": "[boolean]"
              }
            }
          ]
        }
      ]
    },
    {
      "revision": "6b5b252b019e0586e6bd2ef1f12edd23a827a874",
      "repairability": [
        {
          "tool-name": "NPEfix",
          "pattern-name": "NPEfix:npefix_skip",
          "Unified_Diff_of-files:": "Starts Below...",
          "INSERT:": "    @Override",
          "CHANGE_old:": "        return true;",
          "CHANGE_new:": "        return false;",
          "instance_detail": [
            {
              "pattern_action": "INS",
              "pattern_entity": {
                "entity_type": "If",
                "entity_new value": "*",
                "entity_role": "*",
                "entity_parent": "null"
              },
              "concrete_change": {
                "operator": "INS",
                "src_type": "If",
                "dst_type": "null",
                "src": "if (o !\u003d null) {\n    if ((this.addedElements.remove(o)) \u003d\u003d null) {\n        if ((this.removedElements.put(((V) (o)), ((V) (o)))) \u003d\u003d null) {\n            if (o instanceof com.blazebit.persistence.view.spi.type.BasicDirtyTracker) {\n                ((com.blazebit.persistence.view.spi.type.BasicDirtyTracker) (o)).$$_unsetParent();\n            }\n        }\n    } else {\n        if (o instanceof com.blazebit.persistence.view.spi.type.BasicDirtyTracker) {\n            ((com.blazebit.persistence.view.spi.type.BasicDirtyTracker) (o)).$$_unsetParent();\n        }\n    }\n}",
                "dst": "null",
                "src_parent_type": "Block",
                "dst_parent_type": "null",
                "src_parent": "{\n    if (o !\u003d null) {\n        if ((this.addedElements.remove(o)) \u003d\u003d null) {\n            if ((this.removedElements.put(((V) (o)), ((V) (o)))) \u003d\u003d null) {\n                if (o instanceof com.blazebit.persistence.view.spi.type.BasicDirtyTracker) {\n                    ((com.blazebit.persistence.view.spi.type.BasicDirtyTracker) (o)).$$_unsetParent();\n                }\n            }\n        } else {\n            if (o instanceof com.blazebit.persistence.view.spi.type.BasicDirtyTracker) {\n                ((com.blazebit.persistence.view.spi.type.BasicDirtyTracker) (o)).$$_unsetParent();\n            }\n        }\n    }\n}",
                "dst_parent": "null"
              },
              "line": 613,
              "file": "/home/khesoem/projects/lighter/exp/entity-view/impl/src/main/java/com/blazebit/persistence/view/impl/collection/RecordingMap.java",
              "stats": {
                "number_of_src_entities": 133,
                "number_of_dst_entities": -1,
                "src_entity_types": "[boolean, java.lang.Object, com.blazebit.persistence.view.impl.collection.RecordingMap\u003cC, K, V\u003e, com.blazebit.persistence.view.impl.collection.RecordingMap, com.blazebit.persistence.view.spi.type.BasicDirtyTracker, java.util.Map, \u003cnulltype\u003e]",
                "dst_entity_types": "[]"
              }
            },
            {
              "pattern_action": "MOV",
              "pattern_entity": {
                "entity_type": "*",
                "entity_new value": "*",
                "entity_role": "*",
                "entity_parent": {
                  "entity_type": "*",
                  "entity_new value": "*",
                  "entity_role": "Then",
                  "entity_parent": {
                    "entity_type": "If",
                    "entity_new value": "*",
                    "entity_role": "*",
                    "entity_parent": "null"
                  }
                }
              },
              "concrete_change": {
                "operator": "MOV",
                "src_type": "If",
                "dst_type": "If",
                "src": "if ((this.addedElements.remove(o)) \u003d\u003d null) {\n    if ((this.removedElements.put(((V) (o)), ((V) (o)))) \u003d\u003d null) {\n        if (o instanceof com.blazebit.persistence.view.spi.type.BasicDirtyTracker) {\n            ((com.blazebit.persistence.view.spi.type.BasicDirtyTracker) (o)).$$_unsetParent();\n        }\n    }\n} else {\n    if (o instanceof com.blazebit.persistence.view.spi.type.BasicDirtyTracker) {\n        ((com.blazebit.persistence.view.spi.type.BasicDirtyTracker) (o)).$$_unsetParent();\n    }\n}",
                "dst": "if ((this.addedElements.remove(o)) \u003d\u003d null) {\n    if ((this.removedElements.put(((V) (o)), ((V) (o)))) \u003d\u003d null) {\n        if (o instanceof com.blazebit.persistence.view.spi.type.BasicDirtyTracker) {\n            ((com.blazebit.persistence.view.spi.type.BasicDirtyTracker) (o)).$$_unsetParent();\n        }\n    }\n} else {\n    if (o instanceof com.blazebit.persistence.view.spi.type.BasicDirtyTracker) {\n        ((com.blazebit.persistence.view.spi.type.BasicDirtyTracker) (o)).$$_unsetParent();\n    }\n}",
                "src_parent_type": "Block",
                "dst_parent_type": "Block",
                "src_parent": "{\n    if ((this.addedElements.remove(o)) \u003d\u003d null) {\n        if ((this.removedElements.put(((V) (o)), ((V) (o)))) \u003d\u003d null) {\n            if (o instanceof com.blazebit.persistence.view.spi.type.BasicDirtyTracker) {\n                ((com.blazebit.persistence.view.spi.type.BasicDirtyTracker) (o)).$$_unsetParent();\n            }\n        }\n    } else {\n        if (o instanceof com.blazebit.persistence.view.spi.type.BasicDirtyTracker) {\n            ((com.blazebit.persistence.view.spi.type.BasicDirtyTracker) (o)).$$_unsetParent();\n        }\n    }\n}",
                "dst_parent": "{\n    if ((this.addedElements.remove(o)) \u003d\u003d null) {\n        if ((this.removedElements.put(((V) (o)), ((V) (o)))) \u003d\u003d null) {\n            if (o instanceof com.blazebit.persistence.view.spi.type.BasicDirtyTracker) {\n                ((com.blazebit.persistence.view.spi.type.BasicDirtyTracker) (o)).$$_unsetParent();\n            }\n        }\n    } else {\n        if (o instanceof com.blazebit.persistence.view.spi.type.BasicDirtyTracker) {\n            ((com.blazebit.persistence.view.spi.type.BasicDirtyTracker) (o)).$$_unsetParent();\n        }\n    }\n}"
              },
              "line": 587,
              "file": "/home/khesoem/projects/lighter/exp/entity-view/impl/src/main/java/com/blazebit/persistence/view/impl/collection/RecordingMap.java",
              "stats": {
                "number_of_src_entities": 123,
                "number_of_dst_entities": 123,
                "src_entity_types": "[boolean, java.lang.Object, com.blazebit.persistence.view.impl.collection.RecordingMap\u003cC, K, V\u003e, com.blazebit.persistence.view.impl.collection.RecordingMap, com.blazebit.persistence.view.spi.type.BasicDirtyTracker, java.util.Map, \u003cnulltype\u003e]",
                "dst_entity_types": "[boolean, java.lang.Object, com.blazebit.persistence.view.impl.collection.RecordingMap\u003cC, K, V\u003e, com.blazebit.persistence.view.impl.collection.RecordingMap, com.blazebit.persistence.view.spi.type.BasicDirtyTracker, java.util.Map, \u003cnulltype\u003e]"
              }
            }
          ]
        }
      ]
    },
    {
      "revision": "6b5b252b019e0586e6bd2ef1f12edd23a827a874",
      "repairability": [
        {
          "tool-name": "NPEfix",
          "pattern-name": "NPEfix:npefix_skip",
          "Unified_Diff_of-files:": "Starts Below...",
          "INSERT:": "    @Override",
          "CHANGE_old:": "        return true;",
          "CHANGE_new:": "        return false;",
          "instance_detail": [
            {
              "pattern_action": "INS",
              "pattern_entity": {
                "entity_type": "If",
                "entity_new value": "*",
                "entity_role": "*",
                "entity_parent": "null"
              },
              "concrete_change": {
                "operator": "INS",
                "src_type": "If",
                "dst_type": "null",
                "src": "if (kind !\u003d (com.blazebit.persistence.view.impl.proxy.ProxyFactory.ConstructorKind.REFERENCE)) {\n    for (int i \u003d 0; i \u003c (attributeFields.length); i++) {\n        if ((attributeFields[i]) \u003d\u003d null) {\n            continue;\n        }\n        com.blazebit.persistence.view.impl.metamodel.AbstractMethodAttribute\u003c?, ?\u003e methodAttribute \u003d mutableAttributes[i];\n        if (methodAttribute !\u003d null) {\n            if (((!(methodAttribute.getConvertedJavaType().isPrimitive())) \u0026\u0026 (mutableStateField !\u003d null)) \u0026\u0026 ((methodAttribute.isCollection()) || (methodAttribute.isSubview()))) {\n                sb.append(\"\\tif ($0.\").append(attributeFields[i].getName()).append(\" !\u003d null) {\\n\");\n                if (methodAttribute.isCollection()) {\n                    if ((methodAttribute.getDirtyStateIndex()) !\u003d (-1)) {\n                        if (methodAttribute instanceof com.blazebit.persistence.view.metamodel.MapAttribute\u003c?, ?, ?\u003e) {\n                            sb.append(\"\\t\\t((\").append(com.blazebit.persistence.view.impl.collection.RecordingMap.class.getName()).append(\") $0.\").append(attributeFields[i].getName()).append(\").$$_setParent($0, \").append(methodAttribute.getDirtyStateIndex()).append(\");\\n\");\n                        } else {\n                            sb.append(\"\\t\\t((\").append(com.blazebit.persistence.view.impl.collection.RecordingCollection.class.getName()).append(\") $0.\").append(attributeFields[i].getName()).append(\").$$_setParent($0, \").append(methodAttribute.getDirtyStateIndex()).append(\");\\n\");\n                        }\n                    }\n                } else\n                    if (methodAttribute.isSubview()) {\n                        sb.append(\"\\t\\tif ($0.\").append(attributeFields[i].getName()).append(\" instanceof \").append(com.blazebit.persistence.view.impl.proxy.DirtyTracker.class.getName()).append(\") {\\n\");\n                        sb.append(\"\\t\\t\\t((\").append(com.blazebit.persistence.view.impl.proxy.DirtyTracker.class.getName()).append(\") $0.\").append(attributeFields[i].getName()).append(\").$$_setParent($0, \").append(methodAttribute.getDirtyStateIndex()).append(\");\\n\");\n                        sb.append(\"\\t\\t}\\n\");\n                    }\n\n                sb.append(\"\\t}\\n\");\n            }\n        }\n    }\n}",
                "dst": "null",
                "src_parent_type": "Block",
                "dst_parent_type": "null",
                "src_parent": "{\n    if (kind !\u003d (com.blazebit.persistence.view.impl.proxy.ProxyFactory.ConstructorKind.REFERENCE)) {\n        for (int i \u003d 0; i \u003c (attributeFields.length); i++) {\n            if ((attributeFields[i]) \u003d\u003d null) {\n                continue;\n            }\n            com.blazebit.persistence.view.impl.metamodel.AbstractMethodAttribute\u003c?, ?\u003e methodAttribute \u003d mutableAttributes[i];\n            if (methodAttribute !\u003d null) {\n                if (((!(methodAttribute.getConvertedJavaType().isPrimitive())) \u0026\u0026 (mutableStateField !\u003d null)) \u0026\u0026 ((methodAttribute.isCollection()) || (methodAttribute.isSubview()))) {\n                    sb.append(\"\\tif ($0.\").append(attributeFields[i].getName()).append(\" !\u003d null) {\\n\");\n                    if (methodAttribute.isCollection()) {\n                        if ((methodAttribute.getDirtyStateIndex()) !\u003d (-1)) {\n                            if (methodAttribute instanceof com.blazebit.persistence.view.metamodel.MapAttribute\u003c?, ?, ?\u003e) {\n                                sb.append(\"\\t\\t((\").append(com.blazebit.persistence.view.impl.collection.RecordingMap.class.getName()).append(\") $0.\").append(attributeFields[i].getName()).append(\").$$_setParent($0, \").append(methodAttribute.getDirtyStateIndex()).append(\");\\n\");\n                            } else {\n                                sb.append(\"\\t\\t((\").append(com.blazebit.persistence.view.impl.collection.RecordingCollection.class.getName()).append(\") $0.\").append(attributeFields[i].getName()).append(\").$$_setParent($0, \").append(methodAttribute.getDirtyStateIndex()).append(\");\\n\");\n                            }\n                        }\n                    } else\n                        if (methodAttribute.isSubview()) {\n                            sb.append(\"\\t\\tif ($0.\").append(attributeFields[i].getName()).append(\" instanceof \").append(com.blazebit.persistence.view.impl.proxy.DirtyTracker.class.getName()).append(\") {\\n\");\n                            sb.append(\"\\t\\t\\t((\").append(com.blazebit.persistence.view.impl.proxy.DirtyTracker.class.getName()).append(\") $0.\").append(attributeFields[i].getName()).append(\").$$_setParent($0, \").append(methodAttribute.getDirtyStateIndex()).append(\");\\n\");\n                            sb.append(\"\\t\\t}\\n\");\n                        }\n\n                    sb.append(\"\\t}\\n\");\n                }\n            }\n        }\n    }\n}",
                "dst_parent": "null"
              },
              "line": 2123,
              "file": "/home/khesoem/projects/lighter/exp/entity-view/impl/src/main/java/com/blazebit/persistence/view/impl/proxy/ProxyFactory.java",
              "stats": {
                "number_of_src_entities": 805,
                "number_of_dst_entities": -1,
                "src_entity_types": "[com.blazebit.persistence.view.impl.proxy.ProxyFactory, , java.lang.StringBuilder, com.blazebit.persistence.view.impl.proxy.ProxyFactory.ConstructorKind, java.lang.String, \u003cnulltype\u003e, com.blazebit.persistence.view.metamodel.MapAttribute\u003c?, ?, ?\u003e, int, boolean, javassist.CtField, com.blazebit.persistence.view.impl.collection.RecordingCollection, com.blazebit.persistence.view.impl.collection.RecordingMap, com.blazebit.persistence.view.impl.metamodel.AbstractMethodAttribute\u003c?, ?\u003e, java.lang.Class, com.blazebit.persistence.view.impl.proxy.DirtyTracker]",
                "dst_entity_types": "[]"
              }
            },
            {
              "pattern_action": "MOV",
              "pattern_entity": {
                "entity_type": "*",
                "entity_new value": "*",
                "entity_role": "*",
                "entity_parent": {
                  "entity_type": "*",
                  "entity_new value": "*",
                  "entity_role": "Then",
                  "entity_parent": {
                    "entity_type": "If",
                    "entity_new value": "*",
                    "entity_role": "*",
                    "entity_parent": "null"
                  }
                }
              },
              "concrete_change": {
                "operator": "MOV",
                "src_type": "For",
                "dst_type": "For",
                "src": "for (int i \u003d 0; i \u003c (attributeFields.length); i++) {\n    if ((attributeFields[i]) \u003d\u003d null) {\n        continue;\n    }\n    com.blazebit.persistence.view.impl.metamodel.AbstractMethodAttribute\u003c?, ?\u003e methodAttribute \u003d mutableAttributes[i];\n    if ((kind !\u003d (com.blazebit.persistence.view.impl.proxy.ProxyFactory.ConstructorKind.REFERENCE)) \u0026\u0026 (methodAttribute !\u003d null)) {\n        if (((!(methodAttribute.getConvertedJavaType().isPrimitive())) \u0026\u0026 (mutableStateField !\u003d null)) \u0026\u0026 ((methodAttribute.isCollection()) || (methodAttribute.isSubview()))) {\n            sb.append(\"\\tif ($0.\").append(attributeFields[i].getName()).append(\" !\u003d null) {\\n\");\n            if (methodAttribute.isCollection()) {\n                if ((methodAttribute.getDirtyStateIndex()) !\u003d (-1)) {\n                    if (methodAttribute instanceof com.blazebit.persistence.view.metamodel.MapAttribute\u003c?, ?, ?\u003e) {\n                        sb.append(\"\\t\\t((\").append(com.blazebit.persistence.view.impl.collection.RecordingMap.class.getName()).append(\") $0.\").append(attributeFields[i].getName()).append(\").$$_setParent($0, \").append(methodAttribute.getDirtyStateIndex()).append(\");\\n\");\n                    } else {\n                        sb.append(\"\\t\\t((\").append(com.blazebit.persistence.view.impl.collection.RecordingCollection.class.getName()).append(\") $0.\").append(attributeFields[i].getName()).append(\").$$_setParent($0, \").append(methodAttribute.getDirtyStateIndex()).append(\");\\n\");\n                    }\n                }\n            } else\n                if (methodAttribute.isSubview()) {\n                    sb.append(\"\\t\\tif ($0.\").append(attributeFields[i].getName()).append(\" instanceof \").append(com.blazebit.persistence.view.impl.proxy.DirtyTracker.class.getName()).append(\") {\\n\");\n                    sb.append(\"\\t\\t\\t((\").append(com.blazebit.persistence.view.impl.proxy.DirtyTracker.class.getName()).append(\") $0.\").append(attributeFields[i].getName()).append(\").$$_setParent($0, \").append(methodAttribute.getDirtyStateIndex()).append(\");\\n\");\n                    sb.append(\"\\t\\t}\\n\");\n                }\n\n            sb.append(\"\\t}\\n\");\n        }\n    }\n}",
                "dst": "for (int i \u003d 0; i \u003c (attributeFields.length); i++) {\n    if ((attributeFields[i]) \u003d\u003d null) {\n        continue;\n    }\n    com.blazebit.persistence.view.impl.metamodel.AbstractMethodAttribute\u003c?, ?\u003e methodAttribute \u003d mutableAttributes[i];\n    if (methodAttribute !\u003d null) {\n        if (((!(methodAttribute.getConvertedJavaType().isPrimitive())) \u0026\u0026 (mutableStateField !\u003d null)) \u0026\u0026 ((methodAttribute.isCollection()) || (methodAttribute.isSubview()))) {\n            sb.append(\"\\tif ($0.\").append(attributeFields[i].getName()).append(\" !\u003d null) {\\n\");\n            if (methodAttribute.isCollection()) {\n                if ((methodAttribute.getDirtyStateIndex()) !\u003d (-1)) {\n                    if (methodAttribute instanceof com.blazebit.persistence.view.metamodel.MapAttribute\u003c?, ?, ?\u003e) {\n                        sb.append(\"\\t\\t((\").append(com.blazebit.persistence.view.impl.collection.RecordingMap.class.getName()).append(\") $0.\").append(attributeFields[i].getName()).append(\").$$_setParent($0, \").append(methodAttribute.getDirtyStateIndex()).append(\");\\n\");\n                    } else {\n                        sb.append(\"\\t\\t((\").append(com.blazebit.persistence.view.impl.collection.RecordingCollection.class.getName()).append(\") $0.\").append(attributeFields[i].getName()).append(\").$$_setParent($0, \").append(methodAttribute.getDirtyStateIndex()).append(\");\\n\");\n                    }\n                }\n            } else\n                if (methodAttribute.isSubview()) {\n                    sb.append(\"\\t\\tif ($0.\").append(attributeFields[i].getName()).append(\" instanceof \").append(com.blazebit.persistence.view.impl.proxy.DirtyTracker.class.getName()).append(\") {\\n\");\n                    sb.append(\"\\t\\t\\t((\").append(com.blazebit.persistence.view.impl.proxy.DirtyTracker.class.getName()).append(\") $0.\").append(attributeFields[i].getName()).append(\").$$_setParent($0, \").append(methodAttribute.getDirtyStateIndex()).append(\");\\n\");\n                    sb.append(\"\\t\\t}\\n\");\n                }\n\n            sb.append(\"\\t}\\n\");\n        }\n    }\n}",
                "src_parent_type": "Block",
                "dst_parent_type": "Block",
                "src_parent": "{\n    for (int i \u003d 0; i \u003c (attributeFields.length); i++) {\n        if ((attributeFields[i]) \u003d\u003d null) {\n            continue;\n        }\n        com.blazebit.persistence.view.impl.metamodel.AbstractMethodAttribute\u003c?, ?\u003e methodAttribute \u003d mutableAttributes[i];\n        if ((kind !\u003d (com.blazebit.persistence.view.impl.proxy.ProxyFactory.ConstructorKind.REFERENCE)) \u0026\u0026 (methodAttribute !\u003d null)) {\n            if (((!(methodAttribute.getConvertedJavaType().isPrimitive())) \u0026\u0026 (mutableStateField !\u003d null)) \u0026\u0026 ((methodAttribute.isCollection()) || (methodAttribute.isSubview()))) {\n                sb.append(\"\\tif ($0.\").append(attributeFields[i].getName()).append(\" !\u003d null) {\\n\");\n                if (methodAttribute.isCollection()) {\n                    if ((methodAttribute.getDirtyStateIndex()) !\u003d (-1)) {\n                        if (methodAttribute instanceof com.blazebit.persistence.view.metamodel.MapAttribute\u003c?, ?, ?\u003e) {\n                            sb.append(\"\\t\\t((\").append(com.blazebit.persistence.view.impl.collection.RecordingMap.class.getName()).append(\") $0.\").append(attributeFields[i].getName()).append(\").$$_setParent($0, \").append(methodAttribute.getDirtyStateIndex()).append(\");\\n\");\n                        } else {\n                            sb.append(\"\\t\\t((\").append(com.blazebit.persistence.view.impl.collection.RecordingCollection.class.getName()).append(\") $0.\").append(attributeFields[i].getName()).append(\").$$_setParent($0, \").append(methodAttribute.getDirtyStateIndex()).append(\");\\n\");\n                        }\n                    }\n                } else\n                    if (methodAttribute.isSubview()) {\n                        sb.append(\"\\t\\tif ($0.\").append(attributeFields[i].getName()).append(\" instanceof \").append(com.blazebit.persistence.view.impl.proxy.DirtyTracker.class.getName()).append(\") {\\n\");\n                        sb.append(\"\\t\\t\\t((\").append(com.blazebit.persistence.view.impl.proxy.DirtyTracker.class.getName()).append(\") $0.\").append(attributeFields[i].getName()).append(\").$$_setParent($0, \").append(methodAttribute.getDirtyStateIndex()).append(\");\\n\");\n                        sb.append(\"\\t\\t}\\n\");\n                    }\n\n                sb.append(\"\\t}\\n\");\n            }\n        }\n    }\n}",
                "dst_parent": "{\n    for (int i \u003d 0; i \u003c (attributeFields.length); i++) {\n        if ((attributeFields[i]) \u003d\u003d null) {\n            continue;\n        }\n        com.blazebit.persistence.view.impl.metamodel.AbstractMethodAttribute\u003c?, ?\u003e methodAttribute \u003d mutableAttributes[i];\n        if (methodAttribute !\u003d null) {\n            if (((!(methodAttribute.getConvertedJavaType().isPrimitive())) \u0026\u0026 (mutableStateField !\u003d null)) \u0026\u0026 ((methodAttribute.isCollection()) || (methodAttribute.isSubview()))) {\n                sb.append(\"\\tif ($0.\").append(attributeFields[i].getName()).append(\" !\u003d null) {\\n\");\n                if (methodAttribute.isCollection()) {\n                    if ((methodAttribute.getDirtyStateIndex()) !\u003d (-1)) {\n                        if (methodAttribute instanceof com.blazebit.persistence.view.metamodel.MapAttribute\u003c?, ?, ?\u003e) {\n                            sb.append(\"\\t\\t((\").append(com.blazebit.persistence.view.impl.collection.RecordingMap.class.getName()).append(\") $0.\").append(attributeFields[i].getName()).append(\").$$_setParent($0, \").append(methodAttribute.getDirtyStateIndex()).append(\");\\n\");\n                        } else {\n                            sb.append(\"\\t\\t((\").append(com.blazebit.persistence.view.impl.collection.RecordingCollection.class.getName()).append(\") $0.\").append(attributeFields[i].getName()).append(\").$$_setParent($0, \").append(methodAttribute.getDirtyStateIndex()).append(\");\\n\");\n                        }\n                    }\n                } else\n                    if (methodAttribute.isSubview()) {\n                        sb.append(\"\\t\\tif ($0.\").append(attributeFields[i].getName()).append(\" instanceof \").append(com.blazebit.persistence.view.impl.proxy.DirtyTracker.class.getName()).append(\") {\\n\");\n                        sb.append(\"\\t\\t\\t((\").append(com.blazebit.persistence.view.impl.proxy.DirtyTracker.class.getName()).append(\") $0.\").append(attributeFields[i].getName()).append(\").$$_setParent($0, \").append(methodAttribute.getDirtyStateIndex()).append(\");\\n\");\n                        sb.append(\"\\t\\t}\\n\");\n                    }\n\n                sb.append(\"\\t}\\n\");\n            }\n        }\n    }\n}"
              },
              "line": 2122,
              "file": "/home/khesoem/projects/lighter/exp/entity-view/impl/src/main/java/com/blazebit/persistence/view/impl/proxy/ProxyFactory.java",
              "stats": {
                "number_of_src_entities": 804,
                "number_of_dst_entities": 784,
                "src_entity_types": "[com.blazebit.persistence.view.impl.proxy.ProxyFactory, , java.lang.StringBuilder, com.blazebit.persistence.view.impl.proxy.ProxyFactory.ConstructorKind, java.lang.String, \u003cnulltype\u003e, com.blazebit.persistence.view.metamodel.MapAttribute\u003c?, ?, ?\u003e, int, boolean, javassist.CtField, com.blazebit.persistence.view.impl.collection.RecordingCollection, com.blazebit.persistence.view.impl.collection.RecordingMap, com.blazebit.persistence.view.impl.metamodel.AbstractMethodAttribute\u003c?, ?\u003e, java.lang.Class, com.blazebit.persistence.view.impl.proxy.DirtyTracker]",
                "dst_entity_types": "[, java.lang.StringBuilder, java.lang.String, \u003cnulltype\u003e, com.blazebit.persistence.view.metamodel.MapAttribute\u003c?, ?, ?\u003e, int, boolean, javassist.CtField, com.blazebit.persistence.view.impl.collection.RecordingCollection, com.blazebit.persistence.view.impl.collection.RecordingMap, com.blazebit.persistence.view.impl.metamodel.AbstractMethodAttribute\u003c?, ?\u003e, java.lang.Class, com.blazebit.persistence.view.impl.proxy.DirtyTracker]"
              }
            }
          ]
        },
        {
          "tool-name": "NPEfix",
          "pattern-name": "NPEfix:npefix_skip",
          "Unified_Diff_of-files:": "Starts Below...",
          "INSERT:": "    @Override",
          "CHANGE_old:": "        return true;",
          "CHANGE_new:": "        return false;",
          "instance_detail": [
            {
              "pattern_action": "INS",
              "pattern_entity": {
                "entity_type": "If",
                "entity_new value": "*",
                "entity_role": "*",
                "entity_parent": "null"
              },
              "concrete_change": {
                "operator": "INS",
                "src_type": "If",
                "dst_type": "null",
                "src": "if (kind !\u003d (com.blazebit.persistence.view.impl.proxy.ProxyFactory.ConstructorKind.REFERENCE)) {\n    for (int i \u003d 0; i \u003c (attributeFields.length); i++) {\n        if ((attributeFields[i]) \u003d\u003d null) {\n            continue;\n        }\n        com.blazebit.persistence.view.impl.metamodel.AbstractMethodAttribute\u003c?, ?\u003e methodAttribute \u003d mutableAttributes[i];\n        if (methodAttribute !\u003d null) {\n            if (((!(methodAttribute.getConvertedJavaType().isPrimitive())) \u0026\u0026 (mutableStateField !\u003d null)) \u0026\u0026 ((methodAttribute.isCollection()) || (methodAttribute.isSubview()))) {\n                sb.append(\"\\tif ($0.\").append(attributeFields[i].getName()).append(\" !\u003d null) {\\n\");\n                if (methodAttribute.isCollection()) {\n                    if ((methodAttribute.getDirtyStateIndex()) !\u003d (-1)) {\n                        if (methodAttribute instanceof com.blazebit.persistence.view.metamodel.MapAttribute\u003c?, ?, ?\u003e) {\n                            sb.append(\"\\t\\t((\").append(com.blazebit.persistence.view.impl.collection.RecordingMap.class.getName()).append(\") $0.\").append(attributeFields[i].getName()).append(\").$$_setParent($0, \").append(methodAttribute.getDirtyStateIndex()).append(\");\\n\");\n                        } else {\n                            sb.append(\"\\t\\t((\").append(com.blazebit.persistence.view.impl.collection.RecordingCollection.class.getName()).append(\") $0.\").append(attributeFields[i].getName()).append(\").$$_setParent($0, \").append(methodAttribute.getDirtyStateIndex()).append(\");\\n\");\n                        }\n                    }\n                } else\n                    if (methodAttribute.isSubview()) {\n                        sb.append(\"\\t\\tif ($0.\").append(attributeFields[i].getName()).append(\" instanceof \").append(com.blazebit.persistence.view.impl.proxy.DirtyTracker.class.getName()).append(\") {\\n\");\n                        sb.append(\"\\t\\t\\t((\").append(com.blazebit.persistence.view.impl.proxy.DirtyTracker.class.getName()).append(\") $0.\").append(attributeFields[i].getName()).append(\").$$_setParent($0, \").append(methodAttribute.getDirtyStateIndex()).append(\");\\n\");\n                        sb.append(\"\\t\\t}\\n\");\n                    }\n\n                sb.append(\"\\t}\\n\");\n            }\n        }\n    }\n}",
                "dst": "null",
                "src_parent_type": "Block",
                "dst_parent_type": "null",
                "src_parent": "{\n    if (kind !\u003d (com.blazebit.persistence.view.impl.proxy.ProxyFactory.ConstructorKind.REFERENCE)) {\n        for (int i \u003d 0; i \u003c (attributeFields.length); i++) {\n            if ((attributeFields[i]) \u003d\u003d null) {\n                continue;\n            }\n            com.blazebit.persistence.view.impl.metamodel.AbstractMethodAttribute\u003c?, ?\u003e methodAttribute \u003d mutableAttributes[i];\n            if (methodAttribute !\u003d null) {\n                if (((!(methodAttribute.getConvertedJavaType().isPrimitive())) \u0026\u0026 (mutableStateField !\u003d null)) \u0026\u0026 ((methodAttribute.isCollection()) || (methodAttribute.isSubview()))) {\n                    sb.append(\"\\tif ($0.\").append(attributeFields[i].getName()).append(\" !\u003d null) {\\n\");\n                    if (methodAttribute.isCollection()) {\n                        if ((methodAttribute.getDirtyStateIndex()) !\u003d (-1)) {\n                            if (methodAttribute instanceof com.blazebit.persistence.view.metamodel.MapAttribute\u003c?, ?, ?\u003e) {\n                                sb.append(\"\\t\\t((\").append(com.blazebit.persistence.view.impl.collection.RecordingMap.class.getName()).append(\") $0.\").append(attributeFields[i].getName()).append(\").$$_setParent($0, \").append(methodAttribute.getDirtyStateIndex()).append(\");\\n\");\n                            } else {\n                                sb.append(\"\\t\\t((\").append(com.blazebit.persistence.view.impl.collection.RecordingCollection.class.getName()).append(\") $0.\").append(attributeFields[i].getName()).append(\").$$_setParent($0, \").append(methodAttribute.getDirtyStateIndex()).append(\");\\n\");\n                            }\n                        }\n                    } else\n                        if (methodAttribute.isSubview()) {\n                            sb.append(\"\\t\\tif ($0.\").append(attributeFields[i].getName()).append(\" instanceof \").append(com.blazebit.persistence.view.impl.proxy.DirtyTracker.class.getName()).append(\") {\\n\");\n                            sb.append(\"\\t\\t\\t((\").append(com.blazebit.persistence.view.impl.proxy.DirtyTracker.class.getName()).append(\") $0.\").append(attributeFields[i].getName()).append(\").$$_setParent($0, \").append(methodAttribute.getDirtyStateIndex()).append(\");\\n\");\n                            sb.append(\"\\t\\t}\\n\");\n                        }\n\n                    sb.append(\"\\t}\\n\");\n                }\n            }\n        }\n    }\n}",
                "dst_parent": "null"
              },
              "line": 2123,
              "file": "/home/khesoem/projects/lighter/exp/entity-view/impl/src/main/java/com/blazebit/persistence/view/impl/proxy/ProxyFactory.java",
              "stats": {
                "number_of_src_entities": 805,
                "number_of_dst_entities": -1,
                "src_entity_types": "[com.blazebit.persistence.view.impl.proxy.ProxyFactory, , java.lang.StringBuilder, com.blazebit.persistence.view.impl.proxy.ProxyFactory.ConstructorKind, java.lang.String, \u003cnulltype\u003e, com.blazebit.persistence.view.metamodel.MapAttribute\u003c?, ?, ?\u003e, int, boolean, javassist.CtField, com.blazebit.persistence.view.impl.collection.RecordingCollection, com.blazebit.persistence.view.impl.collection.RecordingMap, com.blazebit.persistence.view.impl.metamodel.AbstractMethodAttribute\u003c?, ?\u003e, java.lang.Class, com.blazebit.persistence.view.impl.proxy.DirtyTracker]",
                "dst_entity_types": "[]"
              }
            },
            {
              "pattern_action": "MOV",
              "pattern_entity": {
                "entity_type": "*",
                "entity_new value": "*",
                "entity_role": "*",
                "entity_parent": {
                  "entity_type": "*",
                  "entity_new value": "*",
                  "entity_role": "Then",
                  "entity_parent": {
                    "entity_type": "If",
                    "entity_new value": "*",
                    "entity_role": "*",
                    "entity_parent": "null"
                  }
                }
              },
              "concrete_change": {
                "operator": "MOV",
                "src_type": "BinaryOperator",
                "dst_type": "BinaryOperator",
                "src": "(methodAttribute !\u003d null)",
                "dst": "methodAttribute !\u003d null",
                "src_parent_type": "BinaryOperator",
                "dst_parent_type": "If",
                "src_parent": "(kind !\u003d (com.blazebit.persistence.view.impl.proxy.ProxyFactory.ConstructorKind.REFERENCE)) \u0026\u0026 (methodAttribute !\u003d null)",
                "dst_parent": "if (methodAttribute !\u003d null) {\n    if (((!(methodAttribute.getConvertedJavaType().isPrimitive())) \u0026\u0026 (mutableStateField !\u003d null)) \u0026\u0026 ((methodAttribute.isCollection()) || (methodAttribute.isSubview()))) {\n        sb.append(\"\\tif ($0.\").append(attributeFields[i].getName()).append(\" !\u003d null) {\\n\");\n        if (methodAttribute.isCollection()) {\n            if ((methodAttribute.getDirtyStateIndex()) !\u003d (-1)) {\n                if (methodAttribute instanceof com.blazebit.persistence.view.metamodel.MapAttribute\u003c?, ?, ?\u003e) {\n                    sb.append(\"\\t\\t((\").append(com.blazebit.persistence.view.impl.collection.RecordingMap.class.getName()).append(\") $0.\").append(attributeFields[i].getName()).append(\").$$_setParent($0, \").append(methodAttribute.getDirtyStateIndex()).append(\");\\n\");\n                } else {\n                    sb.append(\"\\t\\t((\").append(com.blazebit.persistence.view.impl.collection.RecordingCollection.class.getName()).append(\") $0.\").append(attributeFields[i].getName()).append(\").$$_setParent($0, \").append(methodAttribute.getDirtyStateIndex()).append(\");\\n\");\n                }\n            }\n        } else\n            if (methodAttribute.isSubview()) {\n                sb.append(\"\\t\\tif ($0.\").append(attributeFields[i].getName()).append(\" instanceof \").append(com.blazebit.persistence.view.impl.proxy.DirtyTracker.class.getName()).append(\") {\\n\");\n                sb.append(\"\\t\\t\\t((\").append(com.blazebit.persistence.view.impl.proxy.DirtyTracker.class.getName()).append(\") $0.\").append(attributeFields[i].getName()).append(\").$$_setParent($0, \").append(methodAttribute.getDirtyStateIndex()).append(\");\\n\");\n                sb.append(\"\\t\\t}\\n\");\n            }\n\n        sb.append(\"\\t}\\n\");\n    }\n}"
              },
              "line": 2128,
              "file": "/home/khesoem/projects/lighter/exp/entity-view/impl/src/main/java/com/blazebit/persistence/view/impl/proxy/ProxyFactory.java",
              "stats": {
                "number_of_src_entities": 13,
                "number_of_dst_entities": 13,
                "src_entity_types": "[, com.blazebit.persistence.view.impl.metamodel.AbstractMethodAttribute\u003c?, ?\u003e, \u003cnulltype\u003e]",
                "dst_entity_types": "[, com.blazebit.persistence.view.impl.metamodel.AbstractMethodAttribute\u003c?, ?\u003e, \u003cnulltype\u003e]"
              }
            }
          ]
        }
      ]
    },
    {
      "revision": "6b5b252b019e0586e6bd2ef1f12edd23a827a874",
      "repairability": [
        {
          "tool-name": "NPEfix",
          "pattern-name": "NPEfix:npefix_skip",
          "Unified_Diff_of-files:": "Starts Below...",
          "INSERT:": "    @Override",
          "CHANGE_old:": "        return true;",
          "CHANGE_new:": "        return false;",
          "instance_detail": [
            {
              "pattern_action": "INS",
              "pattern_entity": {
                "entity_type": "If",
                "entity_new value": "*",
                "entity_role": "*",
                "entity_parent": "null"
              },
              "concrete_change": {
                "operator": "INS",
                "src_type": "If",
                "dst_type": "null",
                "src": "if ((viewIdAccessor) !\u003d null) {\n    id \u003d viewIdAccessor.getValue(view);\n}",
                "dst": "null",
                "src_parent_type": "Block",
                "dst_parent_type": "null",
                "src_parent": "{\n    if (view \u003d\u003d null) {\n        return null;\n    }\n    java.lang.Object id \u003d null;\n    if ((viewIdAccessor) !\u003d null) {\n        id \u003d viewIdAccessor.getValue(view);\n    }\n    return entityLoader.toEntity(context, id);\n}",
                "dst_parent": "null"
              },
              "line": 82,
              "file": "/home/khesoem/projects/lighter/exp/entity-view/impl/src/main/java/com/blazebit/persistence/view/impl/entity/LoadOrPersistViewToEntityMapper.java"
            },
            {
              "pattern_action": "MOV",
              "pattern_entity": {
                "entity_type": "*",
                "entity_new value": "*",
                "entity_role": "*",
                "entity_parent": {
                  "entity_type": "*",
                  "entity_new value": "*",
                  "entity_role": "Then",
                  "entity_parent": {
                    "entity_type": "If",
                    "entity_new value": "*",
                    "entity_role": "*",
                    "entity_parent": "null"
                  }
                }
              },
              "concrete_change": {
                "operator": "MOV",
                "src_type": "Assignment",
                "dst_type": "Assignment",
                "src": "id \u003d viewIdAccessor.getValue(view)",
                "dst": "id \u003d viewIdAccessor.getValue(view)",
                "src_parent_type": "Block",
                "dst_parent_type": "Block",
                "src_parent": "{\n    id \u003d viewIdAccessor.getValue(view);\n    if (shouldPersist(view, id)) {\n        return persist(context, entity, view);\n    }\n    java.lang.Class\u003c?\u003e viewTypeClass \u003d getViewTypeClass(view);\n    if ((this.viewTypeClass) !\u003d viewTypeClass) {\n        if (((persistAllowed) \u0026\u0026 (persistUpdater.containsKey(viewTypeClass))) \u0026\u0026 (!(((com.blazebit.persistence.view.spi.type.EntityViewProxy) (view)).$$_isNew()))) {\n        } else {\n            throw new java.lang.IllegalArgumentException((((((\"Couldn\u0027t load entity object for attribute \u0027\" + (attributeLocation)) + \"\u0027. Expected subview of the type \u0027\") + (this.viewTypeClass.getName())) + \"\u0027 but got: \") + view));\n        }\n    }\n}",
                "dst_parent": "{\n    id \u003d viewIdAccessor.getValue(view);\n}"
              },
              "line": 46,
              "file": "/home/khesoem/projects/lighter/exp/entity-view/impl/src/main/java/com/blazebit/persistence/view/impl/entity/LoadOrPersistViewToEntityMapper.java",
              "stats": {
                "number_of_src_entities": 23,
                "number_of_dst_entities": 23,
                "src_entity_types": "[java.lang.Object, com.blazebit.persistence.view.impl.entity.viewIdAccessor]",
                "dst_entity_types": "[java.lang.Object, com.blazebit.persistence.view.impl.entity.viewIdAccessor]"
              }
            }
          ]
        }
      ]
    }
  ],
  "complete_analysis": true
}