{
  "instances": [
    {
      "revision": "67d67210b23e36c95733cceafbe55c8fe1d62a3c",
      "repairability": [
        {
          "tool-name": "Nopol",
          "pattern-name": "Nopol:if_condition_upd_shallow",
          "Unified_Diff_of-files:": "Starts Below...",
          "INSERT:": "      }",
          "DELETE:": "",
          "CHANGE_old:": "",
          "CHANGE_new:": "",
          "instance_detail": [
            {
              "pattern_action": "UPD",
              "pattern_entity": {
                "entity_type": "*",
                "entity_new value": "*",
                "entity_role": "condition",
                "entity_parent": {
                  "entity_type": "If",
                  "entity_new value": "*",
                  "entity_role": "*",
                  "entity_parent": "null"
                }
              },
              "concrete_change": {
                "operator": "UPD",
                "src_type": "BinaryOperator",
                "dst_type": "BinaryOperator",
                "src": "(commandId) \u003d\u003d 0",
                "dst": "0 !\u003d (commandId)",
                "src_parent_type": "If",
                "dst_parent_type": "If",
                "src_parent": "if ((commandId) \u003d\u003d 0) {\n    io.cassandrareaper.service.SegmentRunner.LOG.info(\"Nothing to repair for keyspace {}\", keyspace);\n    context.storage.updateRepairSegment(segment.with().coordinatorHost(coordinator.getHost()).state(RepairSegment.State.DONE).build(segmentId));\n    io.cassandrareaper.service.SegmentRunner.SEGMENT_RUNNERS.remove(segment.getId());\n    closeJmxConnection(com.google.common.base.Optional.fromNullable(coordinator));\n    return true;\n}",
                "dst_parent": "if (0 !\u003d (commandId)) {\n    processTriggeredSegment(segment, coordinator);\n} else {\n    io.cassandrareaper.service.SegmentRunner.LOG.info(\"Nothing to repair for segment {} in keyspace {}\", segmentId, keyspace);\n    context.storage.updateRepairSegment(segment.with().state(RepairSegment.State.DONE).endTime(org.joda.time.DateTime.now()).build(segmentId));\n    io.cassandrareaper.service.SegmentRunner.SEGMENT_RUNNERS.remove(segment.getId());\n    closeJmxConnection(com.google.common.base.Optional.fromNullable(coordinator));\n}"
              },
              "line": 269,
              "file": "/home/khesoem/projects/lighter/exp/src/server/src/main/java/io/cassandrareaper/service/SegmentRunner.java",
              "stats": {
                "number_of_src_entities": 15,
                "number_of_dst_entities": 15,
                "src_entity_types": "[int, boolean, io.cassandrareaper.service.SegmentRunner]",
                "dst_entity_types": "[int, boolean, io.cassandrareaper.service.SegmentRunner]"
              }
            }
          ]
        }
      ]
    }
  ],
  "complete_analysis": true
}