{
  "instances": [
    {
      "revision": "43658b569232ff20d82ac261c15a403ce1910183",
      "repairability": [
        {
          "tool-name": "NPEfix",
          "pattern-name": "NPEfix:npefix_skip",
          "Unified_Diff_of-files:": "Starts Below...",
          "CHANGE_old:": "",
          "CHANGE_new:": "                        this.password \u003d password.toCharArray();",
          "INSERT:": "                }",
          "instance_detail": [
            {
              "pattern_action": "INS",
              "pattern_entity": {
                "entity_type": "If",
                "entity_new value": "*",
                "entity_role": "*",
                "entity_parent": "null"
              },
              "concrete_change": {
                "operator": "INS",
                "src_type": "If",
                "dst_type": "null",
                "src": "if (password !\u003d null) {\n    this.password \u003d password.toCharArray();\n}",
                "dst": "null",
                "src_parent_type": "Block",
                "dst_parent_type": "null",
                "src_parent": "{\n    java.lang.String password \u003d io.lettuce.core.cluster.CommandArgsAccessor.getFirstString(io.lettuce.core.cluster.cmd.getArgs());\n    if (password !\u003d null) {\n        this.password \u003d password.toCharArray();\n    }\n}",
                "dst_parent": "null"
              },
              "line": 195,
              "file": "/home/khesoem/projects/lighter/exp/src/main/java/io/lettuce/core/cluster/StatefulRedisClusterConnectionImpl.java"
            },
            {
              "pattern_action": "MOV",
              "pattern_entity": {
                "entity_type": "*",
                "entity_new value": "*",
                "entity_role": "*",
                "entity_parent": {
                  "entity_type": "*",
                  "entity_new value": "*",
                  "entity_role": "Then",
                  "entity_parent": {
                    "entity_type": "If",
                    "entity_new value": "*",
                    "entity_role": "*",
                    "entity_parent": "null"
                  }
                }
              },
              "concrete_change": {
                "operator": "MOV",
                "src_type": "VariableRead",
                "dst_type": "VariableRead",
                "src": "command",
                "dst": "password",
                "src_parent_type": "Invocation",
                "dst_parent_type": "Invocation",
                "src_parent": "command.getArgs()",
                "dst_parent": "password.toCharArray()"
              },
              "line": 194,
              "file": "/home/khesoem/projects/lighter/exp/src/main/java/io/lettuce/core/cluster/StatefulRedisClusterConnectionImpl.java",
              "stats": {
                "number_of_src_entities": 2,
                "number_of_dst_entities": 4,
                "src_entity_types": "[]",
                "dst_entity_types": "[java.lang.String]"
              }
            }
          ]
        }
      ]
    }
  ],
  "complete_analysis": true
}