{
  "instances": [
    {
      "revision": "3e508e397f7a51f927ddfbc7146395b4bc6db0a0",
      "repairability": [
        {
          "tool-name": "Nopol",
          "pattern-name": "Nopol:if_condition_upd_deep",
          "Unified_Diff_of-files:": "Starts Below...",
          "CHANGE_old:": "import client.game.Point;",
          "CHANGE_new:": "import client.Point;",
          "DELETE:": "import java.util.Objects;",
          "instance_detail": [
            {
              "pattern_action": "ANY",
              "pattern_entity": {
                "entity_type": "*",
                "entity_new value": "*",
                "entity_role": "*",
                "entity_parent": {
                  "entity_type": "*",
                  "entity_new value": "*",
                  "entity_role": "condition",
                  "entity_parent": {
                    "entity_type": "If",
                    "entity_new value": "*",
                    "entity_role": "*",
                    "entity_parent": "null"
                  }
                }
              },
              "concrete_change": {
                "operator": "UPD",
                "src_type": "TypeAccess",
                "dst_type": "TypeAccess",
                "src": "client.game.Point",
                "dst": "client.Point",
                "src_parent_type": "ThisAccess",
                "dst_parent_type": "ThisAccess",
                "src_parent": "(this)",
                "dst_parent": "(this)"
              },
              "stats": {
                "number_of_src_entities": 3,
                "number_of_dst_entities": 3,
                "src_entity_types": "[client.game.Point]",
                "dst_entity_types": "[client.Point]"
              }
            }
          ]
        },
        {
          "tool-name": "Nopol",
          "pattern-name": "Nopol:if_condition_upd_deep",
          "Unified_Diff_of-files:": "Starts Below...",
          "CHANGE_old:": "import client.game.Point;",
          "CHANGE_new:": "import client.Point;",
          "DELETE:": "import java.util.Objects;",
          "instance_detail": [
            {
              "pattern_action": "ANY",
              "pattern_entity": {
                "entity_type": "*",
                "entity_new value": "*",
                "entity_role": "*",
                "entity_parent": {
                  "entity_type": "*",
                  "entity_new value": "*",
                  "entity_role": "condition",
                  "entity_parent": {
                    "entity_type": "If",
                    "entity_new value": "*",
                    "entity_role": "*",
                    "entity_parent": "null"
                  }
                }
              },
              "concrete_change": {
                "operator": "UPD",
                "src_type": "TypeAccess",
                "dst_type": "TypeAccess",
                "src": "client.game.Point",
                "dst": "client.Point",
                "src_parent_type": "ThisAccess",
                "dst_parent_type": "ThisAccess",
                "src_parent": "",
                "dst_parent": ""
              },
              "stats": {
                "number_of_src_entities": 3,
                "number_of_dst_entities": 3,
                "src_entity_types": "[client.game.Point]",
                "dst_entity_types": "[client.Point]"
              }
            }
          ]
        }
      ]
    },
    {
      "revision": "3e508e397f7a51f927ddfbc7146395b4bc6db0a0",
      "repairability": [
        {
          "tool-name": "Nopol",
          "pattern-name": "Nopol:if_condition_upd_deep",
          "Unified_Diff_of-files:": "Starts Below...",
          "CHANGE_old:": "import client.game.Point;",
          "CHANGE_new:": "import client.Point;",
          "DELETE:": "import java.util.Objects;",
          "instance_detail": [
            {
              "pattern_action": "ANY",
              "pattern_entity": {
                "entity_type": "*",
                "entity_new value": "*",
                "entity_role": "*",
                "entity_parent": {
                  "entity_type": "*",
                  "entity_new value": "*",
                  "entity_role": "condition",
                  "entity_parent": {
                    "entity_type": "If",
                    "entity_new value": "*",
                    "entity_role": "*",
                    "entity_parent": "null"
                  }
                }
              },
              "concrete_change": {
                "operator": "UPD",
                "src_type": "ConstructorCall",
                "dst_type": "ConstructorCall",
                "src": "new client.game.Point(from)",
                "dst": "new client.Point(from)",
                "src_parent_type": "Invocation",
                "dst_parent_type": "Invocation",
                "src_parent": "gameBoard.MovePiece(new client.game.Point(from), new client.game.Point(to), turn)",
                "dst_parent": "gameBoard.MovePiece(new client.Point(from), new client.Point(to), turn)"
              },
              "line": 41,
              "file": "/home/khesoem/projects/lighter/exp/src/main/java/client/game/Game.java",
              "stats": {
                "number_of_src_entities": 12,
                "number_of_dst_entities": 12,
                "src_entity_types": "[java.lang.String, client.game.Point]",
                "dst_entity_types": "[java.lang.String, client.Point]"
              }
            }
          ]
        }
      ]
    }
  ],
  "complete_analysis": true
}