{
  "instances": [
    {
      "revision": "3d0fa7895e68890e0de6a7eb952729e5dff6e637",
      "repairability": [
        {
          "tool-name": "Cardumen",
          "pattern-name": "Cardumen:expression_replacement_by_upd",
          "Unified_Diff_of-files:": "Starts Below...",
          "INSERT:": "}",
          "instance_detail": [
            {
              "pattern_action": "UPD",
              "pattern_entity": {
                "entity_type": "Expression",
                "entity_new value": "*",
                "entity_role": "*",
                "entity_parent": "null"
              },
              "concrete_change": {
                "operator": "UPD",
                "src_type": "VariableRead",
                "dst_type": "VariableRead",
                "src": "arguments",
                "dst": "size",
                "src_parent_type": "Invocation",
                "dst_parent_type": "Invocation",
                "src_parent": "arguments.size()",
                "dst_parent": "jpaProvider.getCustomFunctionInvocation(functionName, size)"
              },
              "line": 319,
              "file": "/home/khesoem/projects/lighter/exp/core/impl/src/main/java/com/blazebit/persistence/impl/ResolvingQueryGenerator.java",
              "stats": {
                "number_of_src_entities": 6,
                "number_of_dst_entities": 3,
                "src_entity_types": "[com.blazebit.persistence.parser.expression.Expression, java.util.List\u003ccom.blazebit.persistence.parser.expression.Expression\u003e]",
                "dst_entity_types": "[int]"
              }
            }
          ]
        },
        {
          "tool-name": "Cardumen",
          "pattern-name": "Cardumen:expression_replacement_by_del_ins",
          "Unified_Diff_of-files:": "Starts Below...",
          "INSERT:": "}",
          "instance_detail": [
            {
              "pattern_action": "INS",
              "pattern_entity": {
                "entity_type": "Expression",
                "entity_new value": "*",
                "entity_role": "*",
                "entity_parent": "null"
              },
              "concrete_change": {
                "operator": "INS",
                "src_type": "VariableRead",
                "dst_type": "null",
                "src": "size",
                "dst": "null",
                "src_parent_type": "BinaryOperator",
                "dst_parent_type": "null",
                "src_parent": "size \u003d\u003d 0",
                "dst_parent": "null"
              },
              "line": 355,
              "file": "/home/khesoem/projects/lighter/exp/core/impl/src/main/java/com/blazebit/persistence/impl/ResolvingQueryGenerator.java"
            },
            {
              "pattern_action": "DEL",
              "pattern_entity": {
                "entity_type": "Expression",
                "entity_new value": "*",
                "entity_role": "*",
                "entity_parent": "null"
              },
              "concrete_change": {
                "operator": "DEL",
                "src_type": "Invocation",
                "dst_type": "null",
                "src": "(arguments.size())",
                "dst": "null",
                "src_parent_type": "BinaryOperator",
                "dst_parent_type": "null",
                "src_parent": "(arguments.size()) \u003e 0",
                "dst_parent": "null"
              },
              "line": 320,
              "file": "/home/khesoem/projects/lighter/exp/core/impl/src/main/java/com/blazebit/persistence/impl/ResolvingQueryGenerator.java"
            }
          ]
        },
        {
          "tool-name": "Cardumen",
          "pattern-name": "Cardumen:expression_replacement_by_del_ins",
          "Unified_Diff_of-files:": "Starts Below...",
          "INSERT:": "}",
          "instance_detail": [
            {
              "pattern_action": "INS",
              "pattern_entity": {
                "entity_type": "Expression",
                "entity_new value": "*",
                "entity_role": "*",
                "entity_parent": "null"
              },
              "concrete_change": {
                "operator": "INS",
                "src_type": "VariableRead",
                "dst_type": "null",
                "src": "size",
                "dst": "null",
                "src_parent_type": "BinaryOperator",
                "dst_parent_type": "null",
                "src_parent": "i \u003c size",
                "dst_parent": "null"
              },
              "line": 359,
              "file": "/home/khesoem/projects/lighter/exp/core/impl/src/main/java/com/blazebit/persistence/impl/ResolvingQueryGenerator.java",
              "stats": {
                "number_of_src_entities": 3,
                "number_of_dst_entities": -1,
                "src_entity_types": "[int]",
                "dst_entity_types": "[]"
              }
            },
            {
              "pattern_action": "DEL",
              "pattern_entity": {
                "entity_type": "Expression",
                "entity_new value": "*",
                "entity_role": "*",
                "entity_parent": "null"
              },
              "concrete_change": {
                "operator": "DEL",
                "src_type": "Invocation",
                "dst_type": "null",
                "src": "(arguments.size())",
                "dst": "null",
                "src_parent_type": "BinaryOperator",
                "dst_parent_type": "null",
                "src_parent": "i \u003c (arguments.size())",
                "dst_parent": "null"
              },
              "line": 322,
              "file": "/home/khesoem/projects/lighter/exp/core/impl/src/main/java/com/blazebit/persistence/impl/ResolvingQueryGenerator.java",
              "stats": {
                "number_of_src_entities": 12,
                "number_of_dst_entities": -1,
                "src_entity_types": "[com.blazebit.persistence.parser.expression.Expression, java.util.List\u003ccom.blazebit.persistence.parser.expression.Expression\u003e]",
                "dst_entity_types": "[]"
              }
            }
          ]
        }
      ]
    },
    {
      "revision": "3d0fa7895e68890e0de6a7eb952729e5dff6e637",
      "repairability": [
        {
          "tool-name": "Cardumen",
          "pattern-name": "Cardumen:expression_replacement_by_del_ins",
          "Unified_Diff_of-files:": "Starts Below...",
          "INSERT:": "}",
          "instance_detail": [
            {
              "pattern_action": "INS",
              "pattern_entity": {
                "entity_type": "Expression",
                "entity_new value": "*",
                "entity_role": "*",
                "entity_parent": "null"
              },
              "concrete_change": {
                "operator": "INS",
                "src_type": "VariableRead",
                "dst_type": "null",
                "src": "size",
                "dst": "null",
                "src_parent_type": "BinaryOperator",
                "dst_parent_type": "null",
                "src_parent": "size !\u003d 0",
                "dst_parent": "null"
              },
              "line": 551,
              "file": "/home/khesoem/projects/lighter/exp/core/parser/src/main/java/com/blazebit/persistence/parser/SimpleQueryGenerator.java"
            },
            {
              "pattern_action": "DEL",
              "pattern_entity": {
                "entity_type": "Expression",
                "entity_new value": "*",
                "entity_role": "*",
                "entity_parent": "null"
              },
              "concrete_change": {
                "operator": "DEL",
                "src_type": "Invocation",
                "dst_type": "null",
                "src": "(expression.getExpressions().size())",
                "dst": "null",
                "src_parent_type": "BinaryOperator",
                "dst_parent_type": "null",
                "src_parent": "(expression.getExpressions().size()) \u003e 0",
                "dst_parent": "null"
              },
              "line": 545,
              "file": "/home/khesoem/projects/lighter/exp/core/parser/src/main/java/com/blazebit/persistence/parser/SimpleQueryGenerator.java"
            }
          ]
        },
        {
          "tool-name": "Cardumen",
          "pattern-name": "Cardumen:expression_replacement_by_del_ins",
          "Unified_Diff_of-files:": "Starts Below...",
          "INSERT:": "}",
          "instance_detail": [
            {
              "pattern_action": "INS",
              "pattern_entity": {
                "entity_type": "Expression",
                "entity_new value": "*",
                "entity_role": "*",
                "entity_parent": "null"
              },
              "concrete_change": {
                "operator": "INS",
                "src_type": "VariableRead",
                "dst_type": "null",
                "src": "size",
                "dst": "null",
                "src_parent_type": "BinaryOperator",
                "dst_parent_type": "null",
                "src_parent": "i \u003c size",
                "dst_parent": "null"
              },
              "line": 574,
              "file": "/home/khesoem/projects/lighter/exp/core/parser/src/main/java/com/blazebit/persistence/parser/SimpleQueryGenerator.java",
              "stats": {
                "number_of_src_entities": 3,
                "number_of_dst_entities": -1,
                "src_entity_types": "[int]",
                "dst_entity_types": "[]"
              }
            },
            {
              "pattern_action": "DEL",
              "pattern_entity": {
                "entity_type": "Expression",
                "entity_new value": "*",
                "entity_role": "*",
                "entity_parent": "null"
              },
              "concrete_change": {
                "operator": "DEL",
                "src_type": "Invocation",
                "dst_type": "null",
                "src": "(expression.getExpressions().size())",
                "dst": "null",
                "src_parent_type": "BinaryOperator",
                "dst_parent_type": "null",
                "src_parent": "i \u003c (expression.getExpressions().size())",
                "dst_parent": "null"
              },
              "line": 568,
              "file": "/home/khesoem/projects/lighter/exp/core/parser/src/main/java/com/blazebit/persistence/parser/SimpleQueryGenerator.java",
              "stats": {
                "number_of_src_entities": 10,
                "number_of_dst_entities": -1,
                "src_entity_types": "[com.blazebit.persistence.parser.expression.FunctionExpression]",
                "dst_entity_types": "[]"
              }
            }
          ]
        }
      ]
    },
    {
      "revision": "3d0fa7895e68890e0de6a7eb952729e5dff6e637",
      "repairability": [
        {
          "tool-name": "Cardumen",
          "pattern-name": "Cardumen:expression_replacement_by_upd",
          "Unified_Diff_of-files:": "Starts Below...",
          "INSERT:": "}",
          "instance_detail": [
            {
              "pattern_action": "UPD",
              "pattern_entity": {
                "entity_type": "Expression",
                "entity_new value": "*",
                "entity_role": "*",
                "entity_parent": "null"
              },
              "concrete_change": {
                "operator": "UPD",
                "src_type": "FieldWrite",
                "dst_type": "FieldWrite",
                "src": "this.aggregateFunctions",
                "dst": "this.functions",
                "src_parent_type": "Assignment",
                "dst_parent_type": "Assignment",
                "src_parent": "this.aggregateFunctions \u003d com.blazebit.persistence.impl.CriteriaBuilderFactoryImpl.resolveAggregateFunctions(config.getFunctions())",
                "dst_parent": "this.functions \u003d com.blazebit.persistence.impl.CriteriaBuilderFactoryImpl.resolveFunctions(config.getFunctions())"
              },
              "line": 114,
              "file": "/home/khesoem/projects/lighter/exp/core/impl/src/main/java/com/blazebit/persistence/impl/CriteriaBuilderFactoryImpl.java",
              "stats": {
                "number_of_src_entities": 14,
                "number_of_dst_entities": 16,
                "src_entity_types": "[com.blazebit.persistence.impl.CriteriaBuilderFactoryImpl]",
                "dst_entity_types": "[com.blazebit.persistence.impl.CriteriaBuilderFactoryImpl]"
              }
            }
          ]
        },
        {
          "tool-name": "Cardumen",
          "pattern-name": "Cardumen:expression_replacement_by_upd",
          "Unified_Diff_of-files:": "Starts Below...",
          "INSERT:": "}",
          "instance_detail": [
            {
              "pattern_action": "UPD",
              "pattern_entity": {
                "entity_type": "Expression",
                "entity_new value": "*",
                "entity_role": "*",
                "entity_parent": "null"
              },
              "concrete_change": {
                "operator": "UPD",
                "src_type": "FieldRead",
                "dst_type": "FieldRead",
                "src": "aggregateFunctions",
                "dst": "functions",
                "src_parent_type": "Return",
                "dst_parent_type": "Return",
                "src_parent": "return aggregateFunctions",
                "dst_parent": "return functions"
              },
              "line": 184,
              "file": "/home/khesoem/projects/lighter/exp/core/impl/src/main/java/com/blazebit/persistence/impl/CriteriaBuilderFactoryImpl.java",
              "stats": {
                "number_of_src_entities": 14,
                "number_of_dst_entities": 16,
                "src_entity_types": "[com.blazebit.persistence.impl.CriteriaBuilderFactoryImpl]",
                "dst_entity_types": "[com.blazebit.persistence.impl.CriteriaBuilderFactoryImpl]"
              }
            }
          ]
        },
        {
          "tool-name": "Cardumen",
          "pattern-name": "Cardumen:expression_replacement_by_upd",
          "Unified_Diff_of-files:": "Starts Below...",
          "INSERT:": "}",
          "instance_detail": [
            {
              "pattern_action": "UPD",
              "pattern_entity": {
                "entity_type": "Expression",
                "entity_new value": "*",
                "entity_role": "*",
                "entity_parent": "null"
              },
              "concrete_change": {
                "operator": "UPD",
                "src_type": "FieldRead",
                "dst_type": "FieldRead",
                "src": "aggregateFunctions",
                "dst": "functions",
                "src_parent_type": "ConstructorCall",
                "dst_parent_type": "ConstructorCall",
                "src_parent": "new com.blazebit.persistence.parser.expression.ExpressionFactoryImpl(aggregateFunctions, metamodel.getEntityTypes(), metamodel.getEnumTypes(), (!compatibleMode), optimize)",
                "dst_parent": "new com.blazebit.persistence.parser.expression.ExpressionFactoryImpl(functions, metamodel.getEntityTypes(), metamodel.getEnumTypes(), (!compatibleMode), optimize)"
              },
              "line": 117,
              "file": "/home/khesoem/projects/lighter/exp/core/impl/src/main/java/com/blazebit/persistence/impl/CriteriaBuilderFactoryImpl.java",
              "stats": {
                "number_of_src_entities": 14,
                "number_of_dst_entities": 16,
                "src_entity_types": "[com.blazebit.persistence.impl.CriteriaBuilderFactoryImpl]",
                "dst_entity_types": "[com.blazebit.persistence.impl.CriteriaBuilderFactoryImpl]"
              }
            }
          ]
        },
        {
          "tool-name": "Cardumen",
          "pattern-name": "Cardumen:expression_replacement_by_upd",
          "Unified_Diff_of-files:": "Starts Below...",
          "INSERT:": "}",
          "instance_detail": [
            {
              "pattern_action": "UPD",
              "pattern_entity": {
                "entity_type": "Expression",
                "entity_new value": "*",
                "entity_role": "*",
                "entity_parent": "null"
              },
              "concrete_change": {
                "operator": "UPD",
                "src_type": "FieldRead",
                "dst_type": "FieldRead",
                "src": "aggregateFunctions",
                "dst": "functions",
                "src_parent_type": "ConstructorCall",
                "dst_parent_type": "ConstructorCall",
                "src_parent": "new com.blazebit.persistence.parser.expression.SubqueryExpressionFactory(aggregateFunctions, metamodel.getEntityTypes(), metamodel.getEnumTypes(), (!compatibleMode), optimize, originalExpressionFactory)",
                "dst_parent": "new com.blazebit.persistence.parser.expression.SubqueryExpressionFactory(functions, metamodel.getEntityTypes(), metamodel.getEnumTypes(), (!compatibleMode), optimize, originalExpressionFactory)"
              },
              "line": 120,
              "file": "/home/khesoem/projects/lighter/exp/core/impl/src/main/java/com/blazebit/persistence/impl/CriteriaBuilderFactoryImpl.java",
              "stats": {
                "number_of_src_entities": 14,
                "number_of_dst_entities": 16,
                "src_entity_types": "[com.blazebit.persistence.impl.CriteriaBuilderFactoryImpl]",
                "dst_entity_types": "[com.blazebit.persistence.impl.CriteriaBuilderFactoryImpl]"
              }
            }
          ]
        }
      ]
    }
  ],
  "complete_analysis": true
}