{
  "instances": [
    {
      "revision": "0090623e18657c7927924bec6b9b5d292b7ac41d",
      "repairability": [
        {
          "tool-name": "Cardumen",
          "pattern-name": "Cardumen:expression_replacement_by_upd",
          "Unified_Diff_of-files:": "Starts Below...",
          "INSERT:": "",
          "CHANGE_old:": "    private boolean isNullable(OneToOneType oneToOneType) {",
          "CHANGE_new:": "    private boolean isNullable(org.hibernate.type.EntityType oneToOneType) {",
          "instance_detail": [
            {
              "pattern_action": "UPD",
              "pattern_entity": {
                "entity_type": "Expression",
                "entity_new value": "*",
                "entity_role": "*",
                "entity_parent": "null"
              },
              "concrete_change": {
                "operator": "UPD",
                "src_type": "VariableRead",
                "dst_type": "VariableRead",
                "src": "oneToOneType",
                "dst": "entityType",
                "src_parent_type": "Invocation",
                "dst_parent_type": "Invocation",
                "src_parent": "(oneToOneType.getRHSUniqueKeyPropertyName())",
                "dst_parent": "(entityType.getRHSUniqueKeyPropertyName())"
              },
              "line": 491,
              "file": "/home/khesoem/projects/lighter/exp/integration/hibernate-base/src/main/java/com/blazebit/persistence/integration/hibernate/base/HibernateJpaProvider.java",
              "stats": {
                "number_of_src_entities": 4,
                "number_of_dst_entities": 4,
                "src_entity_types": "[org.hibernate.type.OneToOneType]",
                "dst_entity_types": "[javax.persistence.metamodel.EntityType]"
              }
            }
          ]
        }
      ]
    }
  ],
  "complete_analysis": true
}