{
  "instances": [
    {
      "revision": "1c2c608a28dd2b5bca2130866dd0b9e2a722360a",
      "repairability": [
        {
          "tool-name": "Cardumen",
          "pattern-name": "Cardumen:expression_replacement_by_upd",
          "Unified_Diff_of-files:": "Starts Below...",
          "INSERT:": "",
          "instance_detail": [
            {
              "pattern_action": "UPD",
              "pattern_entity": {
                "entity_type": "Expression",
                "entity_new value": "*",
                "entity_role": "*",
                "entity_parent": "null"
              },
              "concrete_change": {
                "operator": "UPD",
                "src_type": "VariableWrite",
                "dst_type": "VariableWrite",
                "src": "setOperandSql",
                "dst": "q",
                "src_parent_type": "Assignment",
                "dst_parent_type": "Assignment",
                "src_parent": "setOperandSql \u003d customQuery.getSql()",
                "dst_parent": "q \u003d ((com.blazebit.persistence.impl.query.TypedQueryWrapper\u003c?\u003e) (q)).getDelegate()"
              },
              "line": 106,
              "file": "/home/khesoem/projects/lighter/exp/core/impl/src/main/java/com/blazebit/persistence/impl/query/SetOperationQuerySpecification.java",
              "stats": {
                "number_of_src_entities": 4,
                "number_of_dst_entities": 4,
                "src_entity_types": "[java.lang.String]",
                "dst_entity_types": "[javax.persistence.Query]"
              }
            }
          ]
        },
        {
          "tool-name": "Cardumen",
          "pattern-name": "Cardumen:expression_replacement_by_del_ins",
          "Unified_Diff_of-files:": "Starts Below...",
          "INSERT:": "",
          "instance_detail": [
            {
              "pattern_action": "DEL",
              "pattern_entity": {
                "entity_type": "Expression",
                "entity_new value": "*",
                "entity_role": "*",
                "entity_parent": "null"
              },
              "concrete_change": {
                "operator": "DEL",
                "src_type": "FieldRead",
                "dst_type": "null",
                "src": "(leftMostQuery)",
                "dst": "null",
                "src_parent_type": "BinaryOperator",
                "dst_parent_type": "null",
                "src_parent": "(leftMostQuery) instanceof com.blazebit.persistence.impl.query.CustomSQLQuery",
                "dst_parent": "null"
              },
              "line": 70,
              "file": "/home/khesoem/projects/lighter/exp/core/impl/src/main/java/com/blazebit/persistence/impl/query/SetOperationQuerySpecification.java",
              "stats": {
                "number_of_src_entities": 12,
                "number_of_dst_entities": -1,
                "src_entity_types": "[com.blazebit.persistence.impl.query.SetOperationQuerySpecification]",
                "dst_entity_types": "[]"
              }
            },
            {
              "pattern_action": "INS",
              "pattern_entity": {
                "entity_type": "Expression",
                "entity_new value": "*",
                "entity_role": "*",
                "entity_parent": "null"
              },
              "concrete_change": {
                "operator": "INS",
                "src_type": "VariableRead",
                "dst_type": "null",
                "src": "q",
                "dst": "null",
                "src_parent_type": "BinaryOperator",
                "dst_parent_type": "null",
                "src_parent": "q instanceof com.blazebit.persistence.impl.query.TypedQueryWrapper\u003c?\u003e",
                "dst_parent": "null"
              },
              "line": 71,
              "file": "/home/khesoem/projects/lighter/exp/core/impl/src/main/java/com/blazebit/persistence/impl/query/SetOperationQuerySpecification.java",
              "stats": {
                "number_of_src_entities": 4,
                "number_of_dst_entities": -1,
                "src_entity_types": "[javax.persistence.Query]",
                "dst_entity_types": "[]"
              }
            }
          ]
        },
        {
          "tool-name": "Cardumen",
          "pattern-name": "Cardumen:expression_replacement_by_del_ins",
          "Unified_Diff_of-files:": "Starts Below...",
          "INSERT:": "",
          "instance_detail": [
            {
              "pattern_action": "DEL",
              "pattern_entity": {
                "entity_type": "Expression",
                "entity_new value": "*",
                "entity_role": "*",
                "entity_parent": "null"
              },
              "concrete_change": {
                "operator": "DEL",
                "src_type": "FieldRead",
                "dst_type": "null",
                "src": "(leftMostQuery)",
                "dst": "null",
                "src_parent_type": "BinaryOperator",
                "dst_parent_type": "null",
                "src_parent": "(leftMostQuery) instanceof com.blazebit.persistence.impl.query.CustomSQLTypedQuery\u003c?\u003e",
                "dst_parent": "null"
              },
              "line": 76,
              "file": "/home/khesoem/projects/lighter/exp/core/impl/src/main/java/com/blazebit/persistence/impl/query/SetOperationQuerySpecification.java",
              "stats": {
                "number_of_src_entities": 12,
                "number_of_dst_entities": -1,
                "src_entity_types": "[com.blazebit.persistence.impl.query.SetOperationQuerySpecification]",
                "dst_entity_types": "[]"
              }
            },
            {
              "pattern_action": "INS",
              "pattern_entity": {
                "entity_type": "Expression",
                "entity_new value": "*",
                "entity_role": "*",
                "entity_parent": "null"
              },
              "concrete_change": {
                "operator": "INS",
                "src_type": "VariableRead",
                "dst_type": "null",
                "src": "q",
                "dst": "null",
                "src_parent_type": "BinaryOperator",
                "dst_parent_type": "null",
                "src_parent": "q instanceof com.blazebit.persistence.impl.query.AbstractCustomQuery\u003c?\u003e",
                "dst_parent": "null"
              },
              "line": 74,
              "file": "/home/khesoem/projects/lighter/exp/core/impl/src/main/java/com/blazebit/persistence/impl/query/SetOperationQuerySpecification.java",
              "stats": {
                "number_of_src_entities": 4,
                "number_of_dst_entities": -1,
                "src_entity_types": "[javax.persistence.Query]",
                "dst_entity_types": "[]"
              }
            }
          ]
        }
      ]
    },
    {
      "revision": "1c2c608a28dd2b5bca2130866dd0b9e2a722360a",
      "repairability": [
        {
          "tool-name": "Cardumen",
          "pattern-name": "Cardumen:expression_replacement_by_upd",
          "Unified_Diff_of-files:": "Starts Below...",
          "INSERT:": "",
          "instance_detail": [
            {
              "pattern_action": "UPD",
              "pattern_entity": {
                "entity_type": "Expression",
                "entity_new value": "*",
                "entity_role": "*",
                "entity_parent": "null"
              },
              "concrete_change": {
                "operator": "UPD",
                "src_type": "VariableRead",
                "dst_type": "VariableRead",
                "src": "leftMostQuery",
                "dst": "q",
                "src_parent_type": "BinaryOperator",
                "dst_parent_type": "BinaryOperator",
                "src_parent": "leftMostQuery instanceof com.blazebit.persistence.impl.query.CustomSQLTypedQuery\u003c?\u003e",
                "dst_parent": "q instanceof com.blazebit.persistence.impl.query.AbstractCustomQuery\u003c?\u003e"
              },
              "line": 349,
              "file": "/home/khesoem/projects/lighter/exp/core/impl/src/main/java/com/blazebit/persistence/impl/BaseFinalSetOperationBuilderImpl.java",
              "stats": {
                "number_of_src_entities": 4,
                "number_of_dst_entities": 4,
                "src_entity_types": "[javax.persistence.Query]",
                "dst_entity_types": "[javax.persistence.Query]"
              }
            }
          ]
        },
        {
          "tool-name": "Cardumen",
          "pattern-name": "Cardumen:expression_replacement_by_upd",
          "Unified_Diff_of-files:": "Starts Below...",
          "INSERT:": "",
          "instance_detail": [
            {
              "pattern_action": "UPD",
              "pattern_entity": {
                "entity_type": "Expression",
                "entity_new value": "*",
                "entity_role": "*",
                "entity_parent": "null"
              },
              "concrete_change": {
                "operator": "UPD",
                "src_type": "VariableWrite",
                "dst_type": "VariableWrite",
                "src": "baseQuery",
                "dst": "q",
                "src_parent_type": "Assignment",
                "dst_parent_type": "Assignment",
                "src_parent": "baseQuery \u003d customQueryParticipants.get(0)",
                "dst_parent": "q \u003d ((com.blazebit.persistence.impl.query.TypedQueryWrapper\u003c?\u003e) (leftMostQuery)).getDelegate()"
              },
              "line": 348,
              "file": "/home/khesoem/projects/lighter/exp/core/impl/src/main/java/com/blazebit/persistence/impl/BaseFinalSetOperationBuilderImpl.java",
              "stats": {
                "number_of_src_entities": 4,
                "number_of_dst_entities": 4,
                "src_entity_types": "[javax.persistence.Query]",
                "dst_entity_types": "[javax.persistence.Query]"
              }
            }
          ]
        },
        {
          "tool-name": "Cardumen",
          "pattern-name": "Cardumen:expression_replacement_by_upd",
          "Unified_Diff_of-files:": "Starts Below...",
          "INSERT:": "",
          "instance_detail": [
            {
              "pattern_action": "UPD",
              "pattern_entity": {
                "entity_type": "Expression",
                "entity_new value": "*",
                "entity_role": "*",
                "entity_parent": "null"
              },
              "concrete_change": {
                "operator": "UPD",
                "src_type": "VariableRead",
                "dst_type": "VariableRead",
                "src": "leftMostQuery",
                "dst": "q",
                "src_parent_type": "Assignment",
                "dst_parent_type": "Assignment",
                "src_parent": "baseQuery \u003d leftMostQuery",
                "dst_parent": "baseQuery \u003d q"
              },
              "line": 354,
              "file": "/home/khesoem/projects/lighter/exp/core/impl/src/main/java/com/blazebit/persistence/impl/BaseFinalSetOperationBuilderImpl.java",
              "stats": {
                "number_of_src_entities": 4,
                "number_of_dst_entities": 4,
                "src_entity_types": "[javax.persistence.Query]",
                "dst_entity_types": "[javax.persistence.Query]"
              }
            }
          ]
        }
      ]
    }
  ],
  "complete_analysis": true
}