{
  "instances": [
    {
      "revision": "29f58f65229582617724cc8242e1aa82714ca44f",
      "repairability": [
        {
          "tool-name": "Cardumen",
          "pattern-name": "Cardumen:expression_replacement_by_del_ins",
          "Unified_Diff_of-files:": "Starts Below...",
          "DELETE:": "}",
          "instance_detail": [
            {
              "pattern_action": "DEL",
              "pattern_entity": {
                "entity_type": "Expression",
                "entity_new value": "*",
                "entity_role": "*",
                "entity_parent": "null"
              },
              "concrete_change": {
                "operator": "DEL",
                "src_type": "Literal",
                "dst_type": "null",
                "src": "0",
                "dst": "null",
                "src_parent_type": "NewArray",
                "dst_parent_type": "null",
                "src_parent": "new int[]{ 0 }",
                "dst_parent": "null"
              },
              "line": 1115,
              "file": "/home/khesoem/projects/lighter/exp/entity-view/impl/src/main/java/com/blazebit/persistence/view/impl/objectbuilder/ViewTypeObjectBuilderTemplate.java",
              "stats": {
                "number_of_src_entities": 2,
                "number_of_dst_entities": -1,
                "src_entity_types": "[int]",
                "dst_entity_types": "[]"
              }
            },
            {
              "pattern_action": "INS",
              "pattern_entity": {
                "entity_type": "Expression",
                "entity_new value": "*",
                "entity_role": "*",
                "entity_parent": "null"
              },
              "concrete_change": {
                "operator": "INS",
                "src_type": "BinaryOperator",
                "dst_type": "null",
                "src": "(offset) + 1",
                "dst": "null",
                "src_parent_type": "NewArray",
                "dst_parent_type": "null",
                "src_parent": "new int[(offset) + 1]",
                "dst_parent": "null"
              },
              "line": 1115,
              "file": "/home/khesoem/projects/lighter/exp/entity-view/impl/src/main/java/com/blazebit/persistence/view/impl/objectbuilder/ViewTypeObjectBuilderTemplate.java",
              "stats": {
                "number_of_src_entities": 18,
                "number_of_dst_entities": -1,
                "src_entity_types": "[int, com.blazebit.persistence.view.impl.objectbuilder.ViewTypeObjectBuilderTemplate.Key, com.blazebit.persistence.view.impl.objectbuilder.ViewTypeObjectBuilderTemplate]",
                "dst_entity_types": "[]"
              }
            }
          ]
        }
      ]
    }
  ],
  "complete_analysis": true
}