{
  "instances": [
    {
      "revision": "5bc732b548ff431339d171e97d1bfef25c1e991e",
      "repairability": [
        {
          "tool-name": "Cardumen",
          "pattern-name": "Cardumen:expression_replacement_by_del_ins",
          "Unified_Diff_of-files:": "Starts Below...",
          "CHANGE_old:": "",
          "CHANGE_new:": "            if (!externalRepresentation \u0026\u0026 node.isEntityJoinNode() \u0026\u0026 (emulateJoins || !mainQuery.jpaProvider.supportsEntityJoin())) {",
          "DELETE:": "",
          "instance_detail": [
            {
              "pattern_action": "DEL",
              "pattern_entity": {
                "entity_type": "Expression",
                "entity_new value": "*",
                "entity_role": "*",
                "entity_parent": "null"
              },
              "concrete_change": {
                "operator": "DEL",
                "src_type": "UnaryOperator",
                "dst_type": "null",
                "src": "(!embeddedToMainQuery)",
                "dst": "null",
                "src_parent_type": "Invocation",
                "dst_parent_type": "null",
                "src_parent": "queryBuilder.buildBaseQueryString(externalRepresentation, (!embeddedToMainQuery))",
                "dst_parent": "null"
              },
              "line": 3177,
              "file": "/home/khesoem/projects/lighter/exp/core/impl/src/main/java/com/blazebit/persistence/impl/AbstractCommonQueryBuilder.java",
              "stats": {
                "number_of_src_entities": 5,
                "number_of_dst_entities": -1,
                "src_entity_types": "[boolean]",
                "dst_entity_types": "[]"
              }
            },
            {
              "pattern_action": "INS",
              "pattern_entity": {
                "entity_type": "Expression",
                "entity_new value": "*",
                "entity_role": "*",
                "entity_parent": "null"
              },
              "concrete_change": {
                "operator": "INS",
                "src_type": "VariableRead",
                "dst_type": "null",
                "src": "embeddedToMainQuery",
                "dst": "null",
                "src_parent_type": "Invocation",
                "dst_parent_type": "null",
                "src_parent": "queryBuilder.buildBaseQueryString(externalRepresentation, embeddedToMainQuery)",
                "dst_parent": "null"
              },
              "line": 3177,
              "file": "/home/khesoem/projects/lighter/exp/core/impl/src/main/java/com/blazebit/persistence/impl/AbstractCommonQueryBuilder.java",
              "stats": {
                "number_of_src_entities": 3,
                "number_of_dst_entities": -1,
                "src_entity_types": "[boolean]",
                "dst_entity_types": "[]"
              }
            }
          ]
        }
      ]
    }
  ],
  "complete_analysis": true
}