{
  "instances": [
    {
      "revision": "78ca75121d30ce631a9e8016e57c1793fd831c63",
      "repairability": [
        {
          "tool-name": "Nopol",
          "pattern-name": "Nopol:if_condition_upd_deep",
          "Unified_Diff_of-files:": "Starts Below...",
          "INSERT:": "import static zipkin2.elasticsearch.internal.JsonSerializers.JSON_FACTORY;",
          "DELETE:": "}",
          "CHANGE_old:": "      hits.nextToken();",
          "CHANGE_new:": "    return result.isEmpty() ? Collections.emptyList() : result;",
          "instance_detail": [
            {
              "pattern_action": "ANY",
              "pattern_entity": {
                "entity_type": "*",
                "entity_new value": "*",
                "entity_role": "*",
                "entity_parent": {
                  "entity_type": "*",
                  "entity_new value": "*",
                  "entity_role": "condition",
                  "entity_parent": {
                    "entity_type": "If",
                    "entity_new value": "*",
                    "entity_role": "*",
                    "entity_parent": "null"
                  }
                }
              },
              "concrete_change": {
                "operator": "UPD",
                "src_type": "Invocation",
                "dst_type": "Invocation",
                "src": "(parser.getCurrentName().equals(path))",
                "dst": "(parser.getCurrentName().equalsIgnoreCase(path))",
                "src_parent_type": "BinaryOperator",
                "dst_parent_type": "BinaryOperator",
                "src_parent": "(parser.getCurrentName().equals(path)) \u0026\u0026 (value !\u003d (com.fasterxml.jackson.core.JsonToken.VALUE_NULL))",
                "dst_parent": "(parser.getCurrentName().equalsIgnoreCase(path)) \u0026\u0026 (value !\u003d (com.fasterxml.jackson.core.JsonToken.VALUE_NULL))"
              },
              "line": 50,
              "file": "/home/khesoem/projects/lighter/exp/zipkin-storage/elasticsearch/src/main/java/zipkin2/elasticsearch/internal/JsonReaders.java",
              "stats": {
                "number_of_src_entities": 21,
                "number_of_dst_entities": 21,
                "src_entity_types": "[com.fasterxml.jackson.core.JsonParser, java.lang.String]",
                "dst_entity_types": "[com.fasterxml.jackson.core.JsonParser, java.lang.String]"
              }
            }
          ]
        }
      ]
    }
  ],
  "complete_analysis": true
}