{
  "instances": [
    {
      "revision": "72e593bcce4486ebcdde7982ac7478a811753991",
      "repairability": [
        {
          "tool-name": "Nopol",
          "pattern-name": "Nopol:if_condition_upd_deep",
          "Unified_Diff_of-files:": "Starts Below...",
          "CHANGE_old:": "    if (!(o instanceof Span)) return false;",
          "CHANGE_new:": "    if (!(o instanceof V1Span)) return false;",
          "instance_detail": [
            {
              "pattern_action": "ANY",
              "pattern_entity": {
                "entity_type": "*",
                "entity_new value": "*",
                "entity_role": "*",
                "entity_parent": {
                  "entity_type": "*",
                  "entity_new value": "*",
                  "entity_role": "condition",
                  "entity_parent": {
                    "entity_type": "If",
                    "entity_new value": "*",
                    "entity_role": "*",
                    "entity_parent": "null"
                  }
                }
              },
              "concrete_change": {
                "operator": "UPD",
                "src_type": "TypeAccess",
                "dst_type": "TypeAccess",
                "src": "zipkin2.Span",
                "dst": "zipkin2.v1.V1Span",
                "src_parent_type": "BinaryOperator",
                "dst_parent_type": "BinaryOperator",
                "src_parent": "(o instanceof zipkin2.Span)",
                "dst_parent": "(o instanceof zipkin2.v1.V1Span)"
              },
              "line": 286,
              "file": "/home/khesoem/projects/lighter/exp/zipkin/src/main/java/zipkin2/v1/V1Span.java",
              "stats": {
                "number_of_src_entities": 3,
                "number_of_dst_entities": 3,
                "src_entity_types": "[zipkin2.Span]",
                "dst_entity_types": "[zipkin2.v1.V1Span]"
              }
            }
          ]
        }
      ]
    }
  ],
  "complete_analysis": true
}