{
  "instances": [
    {
      "revision": "0e3e51d8e665614e1299d2c61abbd42b71ae0f7b",
      "repairability": [
        {
          "tool-name": "Elixir",
          "pattern-name": "Elixir:update_type_ref",
          "Unified_Diff_of-files:": "Starts Below...",
          "INSERT:": "    @Deprecated",
          "instance_detail": [
            {
              "pattern_action": "UPD",
              "pattern_entity": {
                "entity_type": "TypeReference",
                "entity_new value": "*",
                "entity_role": "*",
                "entity_parent": "null"
              },
              "concrete_change": {
                "operator": "UPD",
                "src_type": "TypeReference",
                "dst_type": "TypeReference",
                "src": "org.apache.tamaya.Configuration",
                "dst": "org.apache.tamaya.spi.ConfigurationContext",
                "src_parent_type": "Method",
                "dst_parent_type": "Method",
                "src_parent": "@java.lang.Override\npublic org.apache.tamaya.Configuration with(org.apache.tamaya.ConfigOperator operator) {\n    return operator.operate(this);\n}",
                "dst_parent": "org.apache.tamaya.spi.ConfigurationContext getContext();"
              },
              "line": 89,
              "file": "/home/khesoem/projects/lighter/exp/code/api/src/main/java/org/apache/tamaya/Configuration.java",
              "stats": {
                "number_of_src_entities": 2,
                "number_of_dst_entities": 2,
                "src_entity_types": "[org.apache.tamaya.Configuration]",
                "dst_entity_types": "[org.apache.tamaya.spi.ConfigurationContext]"
              }
            }
          ]
        }
      ]
    }
  ],
  "complete_analysis": true
}