{
  "instances": [
    {
      "revision": "6ccc4fe16377e45652628c7acde29278210b22ce",
      "repairability": [
        {
          "tool-name": "JKali",
          "pattern-name": "JKali:del",
          "Unified_Diff_of-files:": "Starts Below...",
          "CHANGE_old:": "        return  new InboxMessage(info[0]);",
          "CHANGE_new:": "        return  new InboxMessage();",
          "instance_detail": [
            {
              "pattern_action": "DEL",
              "pattern_entity": {
                "entity_type": "*",
                "entity_new value": "*",
                "entity_role": "Statement",
                "entity_parent": "null"
              },
              "concrete_change": {
                "operator": "DEL",
                "src_type": "Invocation",
                "dst_type": "null",
                "src": "setupGame(gameInfo.gameID, chadGame.getBoard(), chadGame.getTurn())",
                "dst": "null",
                "src_parent_type": "Case",
                "dst_parent_type": "null",
                "src_parent": "case GAME_INFO :\n    client.presenter.network.messages.GameInfo gameInfo \u003d ((client.presenter.network.messages.GameInfo) (message));\n    chadGame \u003d new client.game.Game(gameInfo.gameBoard, gameInfo.turn);\n    setupGame(gameInfo.gameID, chadGame.getBoard(), chadGame.getTurn());\n    break;",
                "dst_parent": "null"
              },
              "line": 240,
              "file": "/home/khesoem/projects/lighter/exp/src/main/java/client/presenter/ChadPresenter.java",
              "stats": {
                "number_of_src_entities": 49,
                "number_of_dst_entities": -1,
                "src_entity_types": "[client.game.Game, client.presenter.network.messages.GameInfo, client.presenter.ChadPresenter]",
                "dst_entity_types": "[]"
              }
            }
          ]
        }
      ]
    }
  ],
  "complete_analysis": true
}