{
  "instances": [
    {
      "revision": "11e419638d4db2ebcc4d615d9a6e0021f9c4acfb",
      "repairability": [
        {
          "tool-name": "Nopol",
          "pattern-name": "Nopol:if_condition_ins_shallow",
          "Unified_Diff_of-files:": "Starts Below...",
          "INSERT:": "                }",
          "DELETE:": "                }",
          "CHANGE_old:": "",
          "CHANGE_new:": "                if (reference.getDeclaration().getTopLevelType() !\u003d clone) {",
          "instance_detail": [
            {
              "pattern_action": "MOV",
              "pattern_entity": {
                "entity_type": "*",
                "entity_new value": "*",
                "entity_role": "Then",
                "entity_parent": {
                  "entity_type": "If",
                  "entity_new value": "*",
                  "entity_role": "*",
                  "entity_parent": "null"
                }
              },
              "concrete_change": {
                "operator": "MOV",
                "src_type": "Block",
                "dst_type": "Block",
                "src": "{\n    throw new spoon.SpoonException((\"post condition broken \" + reference));\n}",
                "dst": "{\n    throw new spoon.SpoonException((\"post condition broken \" + reference));\n}",
                "src_parent_type": "If",
                "dst_parent_type": "If",
                "src_parent": "if (!(reference.getDeclaration().hasParent(clone))) {\n    throw new spoon.SpoonException((\"post condition broken \" + reference));\n}",
                "dst_parent": "if (!(declaration.hasParent(clone))) {\n    throw new spoon.SpoonException((\"post condition broken \" + reference));\n}"
              },
              "line": 150,
              "file": "/home/khesoem/projects/lighter/exp/src/main/java/spoon/refactoring/Refactoring.java",
              "stats": {
                "number_of_src_entities": 21,
                "number_of_dst_entities": 21,
                "src_entity_types": "[spoon.SpoonException, java.lang.String, spoon.reflect.reference.CtExecutableReference\u003cT\u003e]",
                "dst_entity_types": "[spoon.SpoonException, java.lang.String, spoon.reflect.reference.CtExecutableReference\u003cT\u003e]"
              }
            },
            {
              "pattern_action": "INS",
              "pattern_entity": {
                "entity_type": "If",
                "entity_new value": "*",
                "entity_role": "*",
                "entity_parent": "null"
              },
              "concrete_change": {
                "operator": "INS",
                "src_type": "If",
                "dst_type": "null",
                "src": "if (!(declaration.hasParent(clone))) {\n    throw new spoon.SpoonException((\"post condition broken \" + reference));\n}",
                "dst": "null",
                "src_parent_type": "Block",
                "dst_parent_type": "null",
                "src_parent": "{\n    spoon.reflect.declaration.CtExecutable\u003cT\u003e declaration \u003d reference.getDeclaration();\n    if (declaration \u003d\u003d null) {\n        return;\n    }\n    if (!(declaration.hasParent(clone))) {\n        throw new spoon.SpoonException((\"post condition broken \" + reference));\n    }\n    super.visitCtExecutableReference(reference);\n}",
                "dst_parent": "null"
              },
              "line": 184,
              "file": "/home/khesoem/projects/lighter/exp/src/main/java/spoon/refactoring/Refactoring.java"
            }
          ]
        },
        {
          "tool-name": "Nopol",
          "pattern-name": "Nopol:if_condition_ins_shallow",
          "Unified_Diff_of-files:": "Starts Below...",
          "INSERT:": "                }",
          "DELETE:": "                }",
          "CHANGE_old:": "",
          "CHANGE_new:": "                if (reference.getDeclaration().getTopLevelType() !\u003d clone) {",
          "instance_detail": [
            {
              "pattern_action": "MOV",
              "pattern_entity": {
                "entity_type": "*",
                "entity_new value": "*",
                "entity_role": "Then",
                "entity_parent": {
                  "entity_type": "If",
                  "entity_new value": "*",
                  "entity_role": "*",
                  "entity_parent": "null"
                }
              },
              "concrete_change": {
                "operator": "MOV",
                "src_type": "Block",
                "dst_type": "Block",
                "src": "{\n    throw new spoon.SpoonException((\"post condition broken \" + reference));\n}",
                "dst": "{\n    throw new spoon.SpoonException((\"post condition broken \" + reference));\n}",
                "src_parent_type": "If",
                "dst_parent_type": "If",
                "src_parent": "if ((reference.getDeclaration()) !\u003d clone) {\n    throw new spoon.SpoonException((\"post condition broken \" + reference));\n}",
                "dst_parent": "if (!(declaration.hasParent(clone))) {\n    throw new spoon.SpoonException((\"post condition broken \" + reference));\n}"
              },
              "line": 135,
              "file": "/home/khesoem/projects/lighter/exp/src/main/java/spoon/refactoring/Refactoring.java",
              "stats": {
                "number_of_src_entities": 21,
                "number_of_dst_entities": 21,
                "src_entity_types": "[spoon.SpoonException, spoon.reflect.reference.CtTypeReference\u003cT\u003e, java.lang.String]",
                "dst_entity_types": "[spoon.SpoonException, java.lang.String, spoon.reflect.reference.CtFieldReference\u003cT\u003e]"
              }
            },
            {
              "pattern_action": "INS",
              "pattern_entity": {
                "entity_type": "If",
                "entity_new value": "*",
                "entity_role": "*",
                "entity_parent": "null"
              },
              "concrete_change": {
                "operator": "INS",
                "src_type": "If",
                "dst_type": "null",
                "src": "if (!(declaration.hasParent(clone))) {\n    throw new spoon.SpoonException((\"post condition broken \" + reference));\n}",
                "dst": "null",
                "src_parent_type": "Block",
                "dst_parent_type": "null",
                "src_parent": "{\n    spoon.reflect.declaration.CtField\u003cT\u003e declaration \u003d reference.getDeclaration();\n    if (declaration \u003d\u003d null) {\n        return;\n    }\n    if (!(declaration.hasParent(clone))) {\n        throw new spoon.SpoonException((\"post condition broken \" + reference));\n    }\n    super.visitCtFieldReference(reference);\n}",
                "dst_parent": "null"
              },
              "line": 197,
              "file": "/home/khesoem/projects/lighter/exp/src/main/java/spoon/refactoring/Refactoring.java"
            }
          ]
        }
      ]
    }
  ],
  "complete_analysis": true
}