{
  "instances": [
    {
      "revision": "ee739b573c54f832b6a3b7ec7d3d9f0bd60af975",
      "repairability": [
        {
          "tool-name": "Nopol",
          "pattern-name": "Nopol:if_condition_ins_deep",
          "Unified_Diff_of-files:": "Starts Below...",
          "INSERT:": "            return pomFile.getParent();",
          "CHANGE_old:": "        } else if (\"project.artifactId\".equals(key)  || \"pom.artifactId\".equals(key)) {",
          "CHANGE_new:": "        } else if (\"project.artifactId\".equals(key) || \"pom.artifactId\".equals(key) || \"artifactId\".equals(key)) {",
          "instance_detail": [
            {
              "pattern_action": "MOV",
              "pattern_entity": {
                "entity_type": "*",
                "entity_new value": "*",
                "entity_role": "*",
                "entity_parent": {
                  "entity_type": "*",
                  "entity_new value": "*",
                  "entity_role": "Then",
                  "entity_parent": {
                    "entity_type": "If",
                    "entity_new value": "*",
                    "entity_role": "*",
                    "entity_parent": "null"
                  }
                }
              },
              "concrete_change": {
                "operator": "MOV",
                "src_type": "If",
                "dst_type": "If",
                "src": "if (sourcePath \u003d\u003d null) {\n    sourcePath \u003d java.nio.file.Paths.get(\"src/main/java\").toString();\n}",
                "dst": "if (sourcePath \u003d\u003d null) {\n    sourcePath \u003d java.nio.file.Paths.get(\"src/main/java\").toString();\n}",
                "src_parent_type": "Block",
                "dst_parent_type": "Block",
                "src_parent": "{\n    java.util.List\u003cjava.io.File\u003e output \u003d new java.util.ArrayList\u003c\u003e();\n    java.lang.String sourcePath \u003d null;\n    org.apache.maven.model.Build build \u003d model.getBuild();\n    if (build !\u003d null) {\n        sourcePath \u003d build.getSourceDirectory();\n    }\n    if (sourcePath \u003d\u003d null) {\n        sourcePath \u003d java.nio.file.Paths.get(\"src/main/java\").toString();\n    }\n    java.lang.String absoluteSourcePath \u003d java.nio.file.Paths.get(directory.getAbsolutePath(), sourcePath).toString();\n    java.io.File source \u003d new java.io.File(absoluteSourcePath);\n    if (source.exists()) {\n        output.add(source);\n    }\n    java.io.File generatedSource \u003d java.nio.file.Paths.get(directory.getAbsolutePath(), \"target\", \"generated-sources\").toFile();\n    if (generatedSource.exists()) {\n        output.add(generatedSource);\n    }\n    for (spoon.support.compiler.SpoonPom module : modules) {\n        output.addAll(module.getSourceDirectories());\n    }\n    return output;\n}",
                "dst_parent": "{\n    sourcePath \u003d getSourceDirectoryFromParent(getParentPom());\n    if (sourcePath \u003d\u003d null) {\n        sourcePath \u003d java.nio.file.Paths.get(\"src/main/java\").toString();\n    }\n}"
              },
              "line": 167,
              "file": "/home/khesoem/projects/lighter/exp/src/main/java/spoon/support/compiler/SpoonPom.java",
              "stats": {
                "number_of_src_entities": 40,
                "number_of_dst_entities": 40,
                "src_entity_types": "[boolean, java.nio.file.Path, java.lang.String, java.nio.file.Paths, \u003cnulltype\u003e]",
                "dst_entity_types": "[boolean, java.nio.file.Path, java.lang.String, java.nio.file.Paths, \u003cnulltype\u003e]"
              }
            },
            {
              "pattern_action": "INS",
              "pattern_entity": {
                "entity_type": "If",
                "entity_new value": "*",
                "entity_role": "*",
                "entity_parent": "null"
              },
              "concrete_change": {
                "operator": "INS",
                "src_type": "If",
                "dst_type": "null",
                "src": "if (sourcePath \u003d\u003d null) {\n    sourcePath \u003d getSourceDirectoryFromParent(getParentPom());\n    if (sourcePath \u003d\u003d null) {\n        sourcePath \u003d java.nio.file.Paths.get(\"src/main/java\").toString();\n    }\n}",
                "dst": "null",
                "src_parent_type": "Block",
                "dst_parent_type": "null",
                "src_parent": "{\n    java.util.List\u003cjava.io.File\u003e output \u003d new java.util.ArrayList\u003c\u003e();\n    java.lang.String sourcePath \u003d null;\n    org.apache.maven.model.Build build \u003d model.getBuild();\n    if (build !\u003d null) {\n        sourcePath \u003d build.getSourceDirectory();\n    }\n    if (sourcePath \u003d\u003d null) {\n        sourcePath \u003d getSourceDirectoryFromParent(getParentPom());\n        if (sourcePath \u003d\u003d null) {\n            sourcePath \u003d java.nio.file.Paths.get(\"src/main/java\").toString();\n        }\n    }\n    sourcePath \u003d extractVariable(sourcePath);\n    java.nio.file.Path path \u003d java.nio.file.Paths.get(sourcePath);\n    java.lang.String absoluteSourcePath;\n    if (path.isAbsolute()) {\n        absoluteSourcePath \u003d path.toString();\n    } else {\n        absoluteSourcePath \u003d java.nio.file.Paths.get(directory.getAbsolutePath(), sourcePath).toString();\n    }\n    java.io.File source \u003d new java.io.File(absoluteSourcePath);\n    if (source.exists()) {\n        output.add(source);\n    }\n    java.io.File generatedSource \u003d java.nio.file.Paths.get(directory.getAbsolutePath(), \"target\", \"generated-sources\").toFile();\n    if (generatedSource.exists()) {\n        output.add(generatedSource);\n    }\n    for (spoon.support.compiler.SpoonPom module : modules) {\n        output.addAll(module.getSourceDirectories());\n    }\n    return output;\n}",
                "dst_parent": "null"
              },
              "line": 168,
              "file": "/home/khesoem/projects/lighter/exp/src/main/java/spoon/support/compiler/SpoonPom.java",
              "stats": {
                "number_of_src_entities": 83,
                "number_of_dst_entities": -1,
                "src_entity_types": "[boolean, java.nio.file.Path, java.lang.String, spoon.support.compiler.SpoonPom, java.nio.file.Paths, \u003cnulltype\u003e]",
                "dst_entity_types": "[]"
              }
            }
          ]
        },
        {
          "tool-name": "Nopol",
          "pattern-name": "Nopol:if_condition_ins_deep",
          "Unified_Diff_of-files:": "Starts Below...",
          "INSERT:": "            return pomFile.getParent();",
          "CHANGE_old:": "        } else if (\"project.artifactId\".equals(key)  || \"pom.artifactId\".equals(key)) {",
          "CHANGE_new:": "        } else if (\"project.artifactId\".equals(key) || \"pom.artifactId\".equals(key) || \"artifactId\".equals(key)) {",
          "instance_detail": [
            {
              "pattern_action": "MOV",
              "pattern_entity": {
                "entity_type": "*",
                "entity_new value": "*",
                "entity_role": "*",
                "entity_parent": {
                  "entity_type": "*",
                  "entity_new value": "*",
                  "entity_role": "Then",
                  "entity_parent": {
                    "entity_type": "If",
                    "entity_new value": "*",
                    "entity_role": "*",
                    "entity_parent": "null"
                  }
                }
              },
              "concrete_change": {
                "operator": "MOV",
                "src_type": "If",
                "dst_type": "If",
                "src": "if (sourcePath \u003d\u003d null) {\n    sourcePath \u003d java.nio.file.Paths.get(\"src/test/java\").toString();\n}",
                "dst": "if (sourcePath \u003d\u003d null) {\n    sourcePath \u003d java.nio.file.Paths.get(\"src/test/java\").toString();\n}",
                "src_parent_type": "Block",
                "dst_parent_type": "Block",
                "src_parent": "{\n    java.util.List\u003cjava.io.File\u003e output \u003d new java.util.ArrayList\u003c\u003e();\n    java.lang.String sourcePath \u003d null;\n    org.apache.maven.model.Build build \u003d model.getBuild();\n    if (build !\u003d null) {\n        sourcePath \u003d build.getTestSourceDirectory();\n    }\n    if (sourcePath \u003d\u003d null) {\n        sourcePath \u003d java.nio.file.Paths.get(\"src/test/java\").toString();\n    }\n    java.lang.String absoluteSourcePath \u003d java.nio.file.Paths.get(directory.getAbsolutePath(), sourcePath).toString();\n    java.io.File source \u003d new java.io.File(absoluteSourcePath);\n    if (source.exists()) {\n        output.add(source);\n    }\n    java.io.File generatedSource \u003d java.nio.file.Paths.get(directory.getAbsolutePath(), \"target\", \"generated-test-sources\").toFile();\n    if (generatedSource.exists()) {\n        output.add(generatedSource);\n    }\n    for (spoon.support.compiler.SpoonPom module : modules) {\n        output.addAll(module.getTestDirectories());\n    }\n    return output;\n}",
                "dst_parent": "{\n    sourcePath \u003d getTestSourceDirectoryFromParent(getParentPom());\n    if (sourcePath \u003d\u003d null) {\n        sourcePath \u003d java.nio.file.Paths.get(\"src/test/java\").toString();\n    }\n}"
              },
              "line": 197,
              "file": "/home/khesoem/projects/lighter/exp/src/main/java/spoon/support/compiler/SpoonPom.java",
              "stats": {
                "number_of_src_entities": 40,
                "number_of_dst_entities": 40,
                "src_entity_types": "[boolean, java.nio.file.Path, java.lang.String, java.nio.file.Paths, \u003cnulltype\u003e]",
                "dst_entity_types": "[boolean, java.nio.file.Path, java.lang.String, java.nio.file.Paths, \u003cnulltype\u003e]"
              }
            },
            {
              "pattern_action": "INS",
              "pattern_entity": {
                "entity_type": "If",
                "entity_new value": "*",
                "entity_role": "*",
                "entity_parent": "null"
              },
              "concrete_change": {
                "operator": "INS",
                "src_type": "If",
                "dst_type": "null",
                "src": "if (sourcePath \u003d\u003d null) {\n    sourcePath \u003d getTestSourceDirectoryFromParent(getParentPom());\n    if (sourcePath \u003d\u003d null) {\n        sourcePath \u003d java.nio.file.Paths.get(\"src/test/java\").toString();\n    }\n}",
                "dst": "null",
                "src_parent_type": "Block",
                "dst_parent_type": "null",
                "src_parent": "{\n    java.util.List\u003cjava.io.File\u003e output \u003d new java.util.ArrayList\u003c\u003e();\n    java.lang.String sourcePath \u003d null;\n    org.apache.maven.model.Build build \u003d model.getBuild();\n    if (build !\u003d null) {\n        sourcePath \u003d build.getTestSourceDirectory();\n    }\n    if (sourcePath \u003d\u003d null) {\n        sourcePath \u003d getTestSourceDirectoryFromParent(getParentPom());\n        if (sourcePath \u003d\u003d null) {\n            sourcePath \u003d java.nio.file.Paths.get(\"src/test/java\").toString();\n        }\n    }\n    sourcePath \u003d extractVariable(sourcePath);\n    java.nio.file.Path path \u003d java.nio.file.Paths.get(sourcePath);\n    java.lang.String absoluteSourcePath;\n    if (path.isAbsolute()) {\n        absoluteSourcePath \u003d path.toString();\n    } else {\n        absoluteSourcePath \u003d java.nio.file.Paths.get(directory.getAbsolutePath(), sourcePath).toString();\n    }\n    java.io.File source \u003d new java.io.File(absoluteSourcePath);\n    if (source.exists()) {\n        output.add(source);\n    }\n    java.io.File generatedSource \u003d java.nio.file.Paths.get(directory.getAbsolutePath(), \"target\", \"generated-test-sources\").toFile();\n    if (generatedSource.exists()) {\n        output.add(generatedSource);\n    }\n    for (spoon.support.compiler.SpoonPom module : modules) {\n        output.addAll(module.getTestDirectories());\n    }\n    return output;\n}",
                "dst_parent": "null"
              },
              "line": 231,
              "file": "/home/khesoem/projects/lighter/exp/src/main/java/spoon/support/compiler/SpoonPom.java",
              "stats": {
                "number_of_src_entities": 83,
                "number_of_dst_entities": -1,
                "src_entity_types": "[boolean, java.nio.file.Path, java.lang.String, spoon.support.compiler.SpoonPom, java.nio.file.Paths, \u003cnulltype\u003e]",
                "dst_entity_types": "[]"
              }
            }
          ]
        }
      ]
    }
  ],
  "complete_analysis": true
}