{
  "instances": [
    {
      "revision": "1f0c0350bf13b4541bf5736de58737da5a826bff",
      "repairability": [
        {
          "tool-name": "Nopol",
          "pattern-name": "Nopol:if_condition_ins_deep",
          "Unified_Diff_of-files:": "Starts Below...",
          "INSERT:": "",
          "instance_detail": [
            {
              "pattern_action": "INS",
              "pattern_entity": {
                "entity_type": "If",
                "entity_new value": "*",
                "entity_role": "*",
                "entity_parent": "null"
              },
              "concrete_change": {
                "operator": "INS",
                "src_type": "If",
                "dst_type": "null",
                "src": "if ((typeParameters !\u003d null) \u0026\u0026 ((typeParameters.length) \u003e 0)) {\n    if ((contents[((typeParameters[0].declarationSourceStart) - 2)]) !\u003d \u0027 \u0027) {\n        modifiersSourceEnd \u003d (typeParameters[0].declarationSourceStart) - 2;\n    } else {\n        modifiersSourceEnd \u003d (typeParameters[0].declarationSourceStart) - 3;\n    }\n}",
                "dst": "null",
                "src_parent_type": "Block",
                "dst_parent_type": "null",
                "src_parent": "{\n    org.eclipse.jdt.internal.compiler.ast.AbstractMethodDeclaration methodDeclaration \u003d ((org.eclipse.jdt.internal.compiler.ast.AbstractMethodDeclaration) (node));\n    int bodyStart \u003d methodDeclaration.bodyStart;\n    int bodyEnd \u003d methodDeclaration.bodyEnd;\n    int declarationSourceStart \u003d methodDeclaration.declarationSourceStart;\n    int declarationSourceEnd \u003d methodDeclaration.declarationSourceEnd;\n    int modifiersSourceStart \u003d methodDeclaration.modifiersSourceStart;\n    if (modifiersSourceStart \u003c\u003d 0) {\n        modifiersSourceStart \u003d declarationSourceStart;\n    }\n    if ((node instanceof org.eclipse.jdt.internal.compiler.ast.AnnotationMethodDeclaration) \u0026\u0026 (bodyStart \u003d\u003d bodyEnd)) {\n        bodyEnd--;\n    }\n    org.eclipse.jdt.internal.compiler.ast.Javadoc javadoc \u003d methodDeclaration.javadoc;\n    if ((javadoc !\u003d null) \u0026\u0026 ((javadoc.sourceEnd()) \u003e declarationSourceStart)) {\n        modifiersSourceStart \u003d (javadoc.sourceEnd()) + 1;\n    }\n    int modifiersSourceEnd \u003d sourceStart - 1;\n    if (e instanceof spoon.reflect.declaration.CtModifiable) {\n        setModifiersPosition(((spoon.reflect.declaration.CtModifiable) (e)), modifiersSourceStart, declarationSourceEnd);\n    }\n    if ((methodDeclaration instanceof org.eclipse.jdt.internal.compiler.ast.MethodDeclaration) \u0026\u0026 ((((org.eclipse.jdt.internal.compiler.ast.MethodDeclaration) (methodDeclaration)).returnType) !\u003d null)) {\n        modifiersSourceEnd \u003d (((org.eclipse.jdt.internal.compiler.ast.MethodDeclaration) (methodDeclaration)).returnType.sourceStart()) - 2;\n    }\n    org.eclipse.jdt.internal.compiler.ast.TypeParameter[] typeParameters \u003d methodDeclaration.typeParameters();\n    if ((typeParameters !\u003d null) \u0026\u0026 ((typeParameters.length) \u003e 0)) {\n        if ((contents[((typeParameters[0].declarationSourceStart) - 2)]) !\u003d \u0027 \u0027) {\n            modifiersSourceEnd \u003d (typeParameters[0].declarationSourceStart) - 2;\n        } else {\n            modifiersSourceEnd \u003d (typeParameters[0].declarationSourceStart) - 3;\n        }\n    }\n    if (spoon.support.compiler.jdt.JDTTreeBuilderQuery.getModifiers(methodDeclaration.modifiers, false, true).isEmpty()) {\n        modifiersSourceEnd \u003d modifiersSourceStart - 1;\n    }\n    sourceEnd \u003d (sourceStart + (methodDeclaration.selector.length)) - 1;\n    if (bodyStart \u003d\u003d 0) {\n        return cf.createPartialSourcePosition(cu);\n    }\n    if (e instanceof spoon.reflect.code.CtStatementList) {\n        return cf.createSourcePosition(cu, (bodyStart - 1), (bodyEnd + 1), lineSeparatorPositions);\n    } else {\n        if ((contents[(bodyStart - 1)]) \u003d\u003d \u0027{\u0027) {\n            bodyStart--;\n            if ((contents[(bodyEnd + 1)]) \u003d\u003d \u0027}\u0027) {\n                bodyEnd++;\n            } else {\n                if (bodyStart \u003c bodyEnd) {\n                    return handlePositionProblem((\"Missing body end in\\n\" + (new java.lang.String(contents, sourceStart, (sourceEnd - sourceStart)))));\n                }\n            }\n        }\n        return cf.createBodyHolderSourcePosition(cu, sourceStart, sourceEnd, modifiersSourceStart, modifiersSourceEnd, declarationSourceStart, declarationSourceEnd, bodyStart, bodyEnd, lineSeparatorPositions);\n    }\n}",
                "dst_parent": "null"
              },
              "line": 370,
              "file": "/home/khesoem/projects/lighter/exp/src/main/java/spoon/support/compiler/jdt/PositionBuilder.java",
              "stats": {
                "number_of_src_entities": 106,
                "number_of_dst_entities": -1,
                "src_entity_types": "[int, boolean, char, org.eclipse.jdt.internal.compiler.ast.AbstractVariableDeclaration, org.eclipse.jdt.internal.compiler.ast.TypeParameter, \u003cnulltype\u003e]",
                "dst_entity_types": "[]"
              }
            },
            {
              "pattern_action": "MOV",
              "pattern_entity": {
                "entity_type": "*",
                "entity_new value": "*",
                "entity_role": "*",
                "entity_parent": {
                  "entity_type": "*",
                  "entity_new value": "*",
                  "entity_role": "Then",
                  "entity_parent": {
                    "entity_type": "If",
                    "entity_new value": "*",
                    "entity_role": "*",
                    "entity_parent": "null"
                  }
                }
              },
              "concrete_change": {
                "operator": "MOV",
                "src_type": "If",
                "dst_type": "If",
                "src": "if ((typeParameters !\u003d null) \u0026\u0026 ((typeParameters.length) \u003e 0)) {\n    modifiersSourceEnd \u003d (typeParameters[0].declarationSourceStart) - 3;\n}",
                "dst": "if ((contents[((typeParameters[0].declarationSourceStart) - 2)]) !\u003d \u0027 \u0027) {\n    modifiersSourceEnd \u003d (typeParameters[0].declarationSourceStart) - 2;\n} else {\n    modifiersSourceEnd \u003d (typeParameters[0].declarationSourceStart) - 3;\n}",
                "src_parent_type": "Block",
                "dst_parent_type": "Block",
                "src_parent": "{\n    org.eclipse.jdt.internal.compiler.ast.AbstractMethodDeclaration methodDeclaration \u003d ((org.eclipse.jdt.internal.compiler.ast.AbstractMethodDeclaration) (node));\n    int bodyStart \u003d methodDeclaration.bodyStart;\n    int bodyEnd \u003d methodDeclaration.bodyEnd;\n    int declarationSourceStart \u003d methodDeclaration.declarationSourceStart;\n    int declarationSourceEnd \u003d methodDeclaration.declarationSourceEnd;\n    int modifiersSourceStart \u003d methodDeclaration.modifiersSourceStart;\n    if (modifiersSourceStart \u003c\u003d 0) {\n        modifiersSourceStart \u003d declarationSourceStart;\n    }\n    if ((node instanceof org.eclipse.jdt.internal.compiler.ast.AnnotationMethodDeclaration) \u0026\u0026 (bodyStart \u003d\u003d bodyEnd)) {\n        bodyEnd--;\n    }\n    org.eclipse.jdt.internal.compiler.ast.Javadoc javadoc \u003d methodDeclaration.javadoc;\n    if ((javadoc !\u003d null) \u0026\u0026 ((javadoc.sourceEnd()) \u003e declarationSourceStart)) {\n        modifiersSourceStart \u003d (javadoc.sourceEnd()) + 1;\n    }\n    int modifiersSourceEnd \u003d sourceStart - 1;\n    if (e instanceof spoon.reflect.declaration.CtModifiable) {\n        setModifiersPosition(((spoon.reflect.declaration.CtModifiable) (e)), modifiersSourceStart, declarationSourceEnd);\n    }\n    if ((methodDeclaration instanceof org.eclipse.jdt.internal.compiler.ast.MethodDeclaration) \u0026\u0026 ((((org.eclipse.jdt.internal.compiler.ast.MethodDeclaration) (methodDeclaration)).returnType) !\u003d null)) {\n        modifiersSourceEnd \u003d (((org.eclipse.jdt.internal.compiler.ast.MethodDeclaration) (methodDeclaration)).returnType.sourceStart()) - 2;\n    }\n    org.eclipse.jdt.internal.compiler.ast.TypeParameter[] typeParameters \u003d methodDeclaration.typeParameters();\n    if ((typeParameters !\u003d null) \u0026\u0026 ((typeParameters.length) \u003e 0)) {\n        modifiersSourceEnd \u003d (typeParameters[0].declarationSourceStart) - 3;\n    }\n    if (spoon.support.compiler.jdt.JDTTreeBuilderQuery.getModifiers(methodDeclaration.modifiers, false, true).isEmpty()) {\n        modifiersSourceEnd \u003d modifiersSourceStart - 1;\n    }\n    sourceEnd \u003d (sourceStart + (methodDeclaration.selector.length)) - 1;\n    if (bodyStart \u003d\u003d 0) {\n        return cf.createPartialSourcePosition(cu);\n    }\n    if (e instanceof spoon.reflect.code.CtStatementList) {\n        return cf.createSourcePosition(cu, (bodyStart - 1), (bodyEnd + 1), lineSeparatorPositions);\n    } else {\n        if ((contents[(bodyStart - 1)]) \u003d\u003d \u0027{\u0027) {\n            bodyStart--;\n            if ((contents[(bodyEnd + 1)]) \u003d\u003d \u0027}\u0027) {\n                bodyEnd++;\n            } else {\n                if (bodyStart \u003c bodyEnd) {\n                    return handlePositionProblem((\"Missing body end in\\n\" + (new java.lang.String(contents, sourceStart, (sourceEnd - sourceStart)))));\n                }\n            }\n        }\n        return cf.createBodyHolderSourcePosition(cu, sourceStart, sourceEnd, modifiersSourceStart, modifiersSourceEnd, declarationSourceStart, declarationSourceEnd, bodyStart, bodyEnd, lineSeparatorPositions);\n    }\n}",
                "dst_parent": "{\n    if ((contents[((typeParameters[0].declarationSourceStart) - 2)]) !\u003d \u0027 \u0027) {\n        modifiersSourceEnd \u003d (typeParameters[0].declarationSourceStart) - 2;\n    } else {\n        modifiersSourceEnd \u003d (typeParameters[0].declarationSourceStart) - 3;\n    }\n}"
              },
              "line": 368,
              "file": "/home/khesoem/projects/lighter/exp/src/main/java/spoon/support/compiler/jdt/PositionBuilder.java",
              "stats": {
                "number_of_src_entities": 50,
                "number_of_dst_entities": 80,
                "src_entity_types": "[int, boolean, org.eclipse.jdt.internal.compiler.ast.AbstractVariableDeclaration, org.eclipse.jdt.internal.compiler.ast.TypeParameter, \u003cnulltype\u003e]",
                "dst_entity_types": "[int, boolean, char, org.eclipse.jdt.internal.compiler.ast.AbstractVariableDeclaration, org.eclipse.jdt.internal.compiler.ast.TypeParameter]"
              }
            }
          ]
        }
      ]
    }
  ],
  "complete_analysis": true
}