{
  "instances": [
    {
      "revision": "cd339e2c5f0e5c1e42c66b890f02bc282c3a0ea1",
      "repairability": [
        {
          "tool-name": "Nopol",
          "pattern-name": "Nopol:if_condition_upd_deep",
          "Unified_Diff_of-files:": "Starts Below...",
          "CHANGE_old:": "    protected static final Logger LOGGER \u003d LogManager.getLogger();",
          "CHANGE_new:": "    protected static final Logger LOGGER \u003d LoggerFactory.getLogger(MethodHandles.lookup().lookupClass());",
          "INSERT:": "import java.lang.invoke.MethodHandles;",
          "instance_detail": [
            {
              "pattern_action": "ANY",
              "pattern_entity": {
                "entity_type": "*",
                "entity_new value": "*",
                "entity_role": "*",
                "entity_parent": {
                  "entity_type": "*",
                  "entity_new value": "*",
                  "entity_role": "condition",
                  "entity_parent": {
                    "entity_type": "If",
                    "entity_new value": "*",
                    "entity_role": "*",
                    "entity_parent": "null"
                  }
                }
              },
              "concrete_change": {
                "operator": "UPD",
                "src_type": "TypeAccess",
                "dst_type": "TypeAccess",
                "src": "org.apache.logging.log4j.Level",
                "dst": "org.slf4j.event.Level",
                "src_parent_type": "FieldRead",
                "dst_parent_type": "FieldRead",
                "src_parent": "(org.apache.logging.log4j.Level.ERROR)",
                "dst_parent": "(org.slf4j.event.Level.ERROR)"
              },
              "line": 225,
              "file": "/home/khesoem/projects/lighter/exp/src/main/java/spoon/support/StandardEnvironment.java",
              "stats": {
                "number_of_src_entities": 3,
                "number_of_dst_entities": 3,
                "src_entity_types": "[org.apache.logging.log4j.Level]",
                "dst_entity_types": "[org.slf4j.event.Level]"
              }
            }
          ]
        },
        {
          "tool-name": "Nopol",
          "pattern-name": "Nopol:if_condition_upd_deep",
          "Unified_Diff_of-files:": "Starts Below...",
          "CHANGE_old:": "    protected static final Logger LOGGER \u003d LogManager.getLogger();",
          "CHANGE_new:": "    protected static final Logger LOGGER \u003d LoggerFactory.getLogger(MethodHandles.lookup().lookupClass());",
          "INSERT:": "import java.lang.invoke.MethodHandles;",
          "instance_detail": [
            {
              "pattern_action": "ANY",
              "pattern_entity": {
                "entity_type": "*",
                "entity_new value": "*",
                "entity_role": "*",
                "entity_parent": {
                  "entity_type": "*",
                  "entity_new value": "*",
                  "entity_role": "condition",
                  "entity_parent": {
                    "entity_type": "If",
                    "entity_new value": "*",
                    "entity_role": "*",
                    "entity_parent": "null"
                  }
                }
              },
              "concrete_change": {
                "operator": "UPD",
                "src_type": "TypeAccess",
                "dst_type": "TypeAccess",
                "src": "org.apache.logging.log4j.Level",
                "dst": "org.slf4j.event.Level",
                "src_parent_type": "FieldRead",
                "dst_parent_type": "FieldRead",
                "src_parent": "(org.apache.logging.log4j.Level.WARN)",
                "dst_parent": "(org.slf4j.event.Level.WARN)"
              },
              "line": 228,
              "file": "/home/khesoem/projects/lighter/exp/src/main/java/spoon/support/StandardEnvironment.java",
              "stats": {
                "number_of_src_entities": 3,
                "number_of_dst_entities": 3,
                "src_entity_types": "[org.apache.logging.log4j.Level]",
                "dst_entity_types": "[org.slf4j.event.Level]"
              }
            }
          ]
        }
      ]
    }
  ],
  "complete_analysis": true
}