{
  "instances": [
    {
      "revision": "d18ed7fc74dbd4282b2a22e830539042166f8c0e",
      "repairability": [
        {
          "tool-name": "Nopol",
          "pattern-name": "Nopol:if_condition_ins_shallow",
          "Unified_Diff_of-files:": "Starts Below...",
          "CHANGE_old:": "            e \u003d e.getParent(CtFormalTypeDeclarer.class);",
          "CHANGE_new:": "            typeDeclarer \u003d typeDeclarer.getParent(CtFormalTypeDeclarer.class);",
          "DELETE:": "                e \u003d e.getParent(CtFormalTypeDeclarer.class);",
          "INSERT:": "            typeDeclarer \u003d typeDeclarer.getParent(CtFormalTypeDeclarer.class);",
          "instance_detail": [
            {
              "pattern_action": "INS",
              "pattern_entity": {
                "entity_type": "If",
                "entity_new value": "*",
                "entity_role": "*",
                "entity_parent": "null"
              },
              "concrete_change": {
                "operator": "INS",
                "src_type": "If",
                "dst_type": "null",
                "src": "if (parentType.isAssignableFrom(current.getClass())) {\n    return ((P) (current));\n}",
                "dst": "null",
                "src_parent_type": "Block",
                "dst_parent_type": "null",
                "src_parent": "{\n    current \u003d current.getParent();\n    if (parentType.isAssignableFrom(current.getClass())) {\n        return ((P) (current));\n    }\n}",
                "dst_parent": "null"
              },
              "line": 389,
              "file": "/home/khesoem/projects/lighter/exp/src/main/java/spoon/support/reflect/declaration/CtElementImpl.java"
            },
            {
              "pattern_action": "MOV",
              "pattern_entity": {
                "entity_type": "*",
                "entity_new value": "*",
                "entity_role": "Then",
                "entity_parent": {
                  "entity_type": "If",
                  "entity_new value": "*",
                  "entity_role": "*",
                  "entity_parent": "null"
                }
              },
              "concrete_change": {
                "operator": "MOV",
                "src_type": "Block",
                "dst_type": "Block",
                "src": "{\n    return ((P) (getParent()));\n}",
                "dst": "{\n    return ((P) (current));\n}",
                "src_parent_type": "If",
                "dst_parent_type": "If",
                "src_parent": "if (parentType.isAssignableFrom(getParent().getClass())) {\n    return ((P) (getParent()));\n}",
                "dst_parent": "if (parentType.isAssignableFrom(current.getClass())) {\n    return ((P) (current));\n}"
              },
              "line": 389,
              "file": "/home/khesoem/projects/lighter/exp/src/main/java/spoon/support/reflect/declaration/CtElementImpl.java",
              "stats": {
                "number_of_src_entities": 15,
                "number_of_dst_entities": 7,
                "src_entity_types": "[spoon.support.reflect.declaration.CtElementImpl]",
                "dst_entity_types": "[spoon.reflect.declaration.CtElement]"
              }
            }
          ]
        },
        {
          "tool-name": "Nopol",
          "pattern-name": "Nopol:if_condition_upd_deep",
          "Unified_Diff_of-files:": "Starts Below...",
          "CHANGE_old:": "            e \u003d e.getParent(CtFormalTypeDeclarer.class);",
          "CHANGE_new:": "            typeDeclarer \u003d typeDeclarer.getParent(CtFormalTypeDeclarer.class);",
          "DELETE:": "                e \u003d e.getParent(CtFormalTypeDeclarer.class);",
          "INSERT:": "            typeDeclarer \u003d typeDeclarer.getParent(CtFormalTypeDeclarer.class);",
          "instance_detail": [
            {
              "pattern_action": "ANY",
              "pattern_entity": {
                "entity_type": "*",
                "entity_new value": "*",
                "entity_role": "*",
                "entity_parent": {
                  "entity_type": "*",
                  "entity_new value": "*",
                  "entity_role": "condition",
                  "entity_parent": {
                    "entity_type": "If",
                    "entity_new value": "*",
                    "entity_role": "*",
                    "entity_parent": "null"
                  }
                }
              },
              "concrete_change": {
                "operator": "DEL",
                "src_type": "TypeAccess",
                "dst_type": "null",
                "src": "spoon.support.reflect.declaration.CtElementImpl",
                "dst": "null",
                "src_parent_type": "ThisAccess",
                "dst_parent_type": "null",
                "src_parent": "",
                "dst_parent": "null"
              }
            }
          ]
        }
      ]
    },
    {
      "revision": "d18ed7fc74dbd4282b2a22e830539042166f8c0e",
      "repairability": [
        {
          "tool-name": "Nopol",
          "pattern-name": "Nopol:if_condition_ins_shallow",
          "Unified_Diff_of-files:": "Starts Below...",
          "CHANGE_old:": "            e \u003d e.getParent(CtFormalTypeDeclarer.class);",
          "CHANGE_new:": "            typeDeclarer \u003d typeDeclarer.getParent(CtFormalTypeDeclarer.class);",
          "DELETE:": "                e \u003d e.getParent(CtFormalTypeDeclarer.class);",
          "INSERT:": "            typeDeclarer \u003d typeDeclarer.getParent(CtFormalTypeDeclarer.class);",
          "instance_detail": [
            {
              "pattern_action": "INS",
              "pattern_entity": {
                "entity_type": "If",
                "entity_new value": "*",
                "entity_role": "*",
                "entity_parent": "null"
              },
              "concrete_change": {
                "operator": "INS",
                "src_type": "If",
                "dst_type": "null",
                "src": "if (parent instanceof spoon.reflect.reference.CtExecutableReference) {\n    spoon.reflect.reference.CtExecutableReference parentExec \u003d ((spoon.reflect.reference.CtExecutableReference) (parent));\n    if ((java.util.Objects.nonNull(parentExec.getDeclaringType())) \u0026\u0026 (!(parentExec.getDeclaringType().equals(typeDeclarer)))) {\n        spoon.reflect.declaration.CtElement parent2 \u003d parentExec.getExecutableDeclaration();\n        if (parent2 instanceof spoon.reflect.declaration.CtMethod) {\n            typeDeclarer \u003d parent2;\n        }\n    }\n}",
                "dst": "null",
                "src_parent_type": "Block",
                "dst_parent_type": "null",
                "src_parent": "{\n    if (!(isParentInitialized())) {\n        return null;\n    }\n    spoon.reflect.declaration.CtElement typeDeclarer \u003d this;\n    spoon.reflect.declaration.CtElement parent \u003d getParent();\n    if ((parent instanceof spoon.reflect.declaration.CtTypeParameter) \u0026\u0026 (java.util.Objects.equals(getSimpleName(), ((spoon.reflect.declaration.CtTypeParameter) (parent)).getSimpleName()))) {\n        return ((spoon.reflect.declaration.CtTypeParameter) (parent));\n    }\n    if (parent instanceof spoon.reflect.reference.CtTypeReference) {\n        if (!(parent.isParentInitialized())) {\n            spoon.reflect.reference.CtTypeReference typeReference \u003d ((spoon.reflect.reference.CtTypeReference) (parent));\n            typeDeclarer \u003d typeReference.getTypeDeclaration();\n            if (typeDeclarer \u003d\u003d null) {\n                return null;\n            }\n        } else {\n            parent \u003d parent.getParent();\n        }\n    }\n    if (parent instanceof spoon.reflect.reference.CtExecutableReference) {\n        spoon.reflect.reference.CtExecutableReference parentExec \u003d ((spoon.reflect.reference.CtExecutableReference) (parent));\n        if ((java.util.Objects.nonNull(parentExec.getDeclaringType())) \u0026\u0026 (!(parentExec.getDeclaringType().equals(typeDeclarer)))) {\n            spoon.reflect.declaration.CtElement parent2 \u003d parentExec.getExecutableDeclaration();\n            if (parent2 instanceof spoon.reflect.declaration.CtMethod) {\n                typeDeclarer \u003d parent2;\n            }\n        }\n    }\n    if (!(typeDeclarer instanceof spoon.reflect.declaration.CtFormalTypeDeclarer)) {\n        typeDeclarer \u003d typeDeclarer.getParent(spoon.reflect.declaration.CtFormalTypeDeclarer.class);\n    }\n    while (typeDeclarer !\u003d null) {\n        spoon.reflect.declaration.CtTypeParameter result \u003d findTypeParamDeclaration(((spoon.reflect.declaration.CtFormalTypeDeclarer) (typeDeclarer)), this.getSimpleName());\n        if (result !\u003d null) {\n            return result;\n        }\n        typeDeclarer \u003d typeDeclarer.getParent(spoon.reflect.declaration.CtFormalTypeDeclarer.class);\n    } \n    return null;\n}",
                "dst_parent": "null"
              },
              "line": 131,
              "file": "/home/khesoem/projects/lighter/exp/src/main/java/spoon/support/reflect/reference/CtTypeParameterReferenceImpl.java",
              "stats": {
                "number_of_src_entities": 102,
                "number_of_dst_entities": -1,
                "src_entity_types": "[spoon.reflect.declaration.CtElement, boolean, java.lang.Object, spoon.reflect.reference.CtExecutableReference, java.util.Objects, spoon.reflect.declaration.CtMethod]",
                "dst_entity_types": "[]"
              }
            },
            {
              "pattern_action": "MOV",
              "pattern_entity": {
                "entity_type": "*",
                "entity_new value": "*",
                "entity_role": "Then",
                "entity_parent": {
                  "entity_type": "If",
                  "entity_new value": "*",
                  "entity_role": "*",
                  "entity_parent": "null"
                }
              },
              "concrete_change": {
                "operator": "MOV",
                "src_type": "Block",
                "dst_type": "Block",
                "src": "{\n    spoon.reflect.reference.CtExecutableReference parentExec \u003d ((spoon.reflect.reference.CtExecutableReference) (parent));\n    if ((java.util.Objects.nonNull(parentExec.getDeclaringType())) \u0026\u0026 (!(parentExec.getDeclaringType().equals(e)))) {\n        spoon.reflect.declaration.CtElement parent2 \u003d parentExec.getExecutableDeclaration();\n        if (parent2 instanceof spoon.reflect.declaration.CtMethod) {\n            e \u003d parent2;\n        } else {\n            e \u003d e.getParent(spoon.reflect.declaration.CtFormalTypeDeclarer.class);\n        }\n    } else {\n        e \u003d e.getParent(spoon.reflect.declaration.CtFormalTypeDeclarer.class);\n    }\n}",
                "dst": "{\n    spoon.reflect.reference.CtExecutableReference parentExec \u003d ((spoon.reflect.reference.CtExecutableReference) (parent));\n    if ((java.util.Objects.nonNull(parentExec.getDeclaringType())) \u0026\u0026 (!(parentExec.getDeclaringType().equals(typeDeclarer)))) {\n        spoon.reflect.declaration.CtElement parent2 \u003d parentExec.getExecutableDeclaration();\n        if (parent2 instanceof spoon.reflect.declaration.CtMethod) {\n            typeDeclarer \u003d parent2;\n        }\n    }\n}",
                "src_parent_type": "If",
                "dst_parent_type": "If",
                "src_parent": "if (parent instanceof spoon.reflect.reference.CtExecutableReference) {\n    spoon.reflect.reference.CtExecutableReference parentExec \u003d ((spoon.reflect.reference.CtExecutableReference) (parent));\n    if ((java.util.Objects.nonNull(parentExec.getDeclaringType())) \u0026\u0026 (!(parentExec.getDeclaringType().equals(e)))) {\n        spoon.reflect.declaration.CtElement parent2 \u003d parentExec.getExecutableDeclaration();\n        if (parent2 instanceof spoon.reflect.declaration.CtMethod) {\n            e \u003d parent2;\n        } else {\n            e \u003d e.getParent(spoon.reflect.declaration.CtFormalTypeDeclarer.class);\n        }\n    } else {\n        e \u003d e.getParent(spoon.reflect.declaration.CtFormalTypeDeclarer.class);\n    }\n} else {\n    if (!(e instanceof spoon.reflect.declaration.CtFormalTypeDeclarer)) {\n        e \u003d e.getParent(spoon.reflect.declaration.CtFormalTypeDeclarer.class);\n    }\n}",
                "dst_parent": "if (parent instanceof spoon.reflect.reference.CtExecutableReference) {\n    spoon.reflect.reference.CtExecutableReference parentExec \u003d ((spoon.reflect.reference.CtExecutableReference) (parent));\n    if ((java.util.Objects.nonNull(parentExec.getDeclaringType())) \u0026\u0026 (!(parentExec.getDeclaringType().equals(typeDeclarer)))) {\n        spoon.reflect.declaration.CtElement parent2 \u003d parentExec.getExecutableDeclaration();\n        if (parent2 instanceof spoon.reflect.declaration.CtMethod) {\n            typeDeclarer \u003d parent2;\n        }\n    }\n}"
              },
              "line": 131,
              "file": "/home/khesoem/projects/lighter/exp/src/main/java/spoon/support/reflect/reference/CtTypeParameterReferenceImpl.java",
              "stats": {
                "number_of_src_entities": 152,
                "number_of_dst_entities": 92,
                "src_entity_types": "[spoon.reflect.declaration.CtElement, boolean, java.lang.Object, spoon.reflect.declaration.CtFormalTypeDeclarer, spoon.reflect.reference.CtExecutableReference, java.util.Objects, spoon.reflect.declaration.CtMethod]",
                "dst_entity_types": "[spoon.reflect.declaration.CtElement, boolean, java.lang.Object, spoon.reflect.reference.CtExecutableReference, java.util.Objects, spoon.reflect.declaration.CtMethod]"
              }
            }
          ]
        }
      ]
    }
  ],
  "complete_analysis": true
}