{
  "instances": [
    {
      "revision": "621a22ba36b4ac7b67904320a76f703d399ff7bb",
      "repairability": [
        {
          "tool-name": "Nopol",
          "pattern-name": "Nopol:if_condition_upd_deep",
          "Unified_Diff_of-files:": "Starts Below...",
          "CHANGE_old:": "            return false;",
          "CHANGE_new:": "",
          "DELETE:": "    }",
          "instance_detail": [
            {
              "pattern_action": "ANY",
              "pattern_entity": {
                "entity_type": "*",
                "entity_new value": "*",
                "entity_role": "*",
                "entity_parent": {
                  "entity_type": "*",
                  "entity_new value": "*",
                  "entity_role": "condition",
                  "entity_parent": {
                    "entity_type": "If",
                    "entity_new value": "*",
                    "entity_role": "*",
                    "entity_parent": "null"
                  }
                }
              },
              "concrete_change": {
                "operator": "UPD",
                "src_type": "Invocation",
                "dst_type": "Invocation",
                "src": "(spoon.reflect.path.CtPathStringBuilder.PATH_DELIMITERS.indexOf(token))",
                "dst": "(spoon.reflect.path.CtPathStringBuilder.PATH_DELIMITERS.contains(token))",
                "src_parent_type": "BinaryOperator",
                "dst_parent_type": "BinaryOperator",
                "src_parent": "((spoon.reflect.path.CtPathStringBuilder.PATH_DELIMITERS.indexOf(token)) \u003e\u003d 0)",
                "dst_parent": "((token !\u003d null) \u0026\u0026 ((token.length()) \u003d\u003d 1)) \u0026\u0026 (spoon.reflect.path.CtPathStringBuilder.PATH_DELIMITERS.contains(token))"
              },
              "line": 91,
              "file": "/home/khesoem/projects/lighter/exp/src/main/java/spoon/reflect/path/CtPathStringBuilder.java",
              "stats": {
                "number_of_src_entities": 20,
                "number_of_dst_entities": 20,
                "src_entity_types": "[spoon.reflect.path.CtPathStringBuilder, java.lang.String]",
                "dst_entity_types": "[spoon.reflect.path.CtPathStringBuilder, java.lang.String]"
              }
            }
          ]
        }
      ]
    }
  ],
  "complete_analysis": true
}