{
  "instances": [
    {
      "revision": "1a13e5b96c23919c8ffc636ed67f6bf11974c71b",
      "repairability": [
        {
          "tool-name": "Arja",
          "pattern-name": "Arja:arja_shallow_change",
          "Unified_Diff_of-files:": "Starts Below...",
          "CHANGE_old:": "          LOG.debug(\"No instance id for agent {}, can\u0027t add to ELB\", agent.getAgentId());",
          "CHANGE_new:": "          LOG.debug(\"No instance id or private ip for agent {}, can\u0027t add to ELB\", agent.getAgentId());",
          "INSERT:": "",
          "instance_detail": [
            {
              "pattern_action": "ANY",
              "pattern_entity": {
                "entity_type": "Statement",
                "entity_new value": "*",
                "entity_role": "*",
                "entity_parent": "null"
              },
              "concrete_change": {
                "operator": "DEL",
                "src_type": "Invocation",
                "dst_type": "null",
                "src": "instance.getInstanceId()",
                "dst": "null",
                "src_parent_type": "Invocation",
                "dst_parent_type": "null",
                "src_parent": "new com.amazonaws.services.elasticloadbalancingv2.model.TargetDescription().withId(instance.getInstanceId())",
                "dst_parent": "null"
              },
              "line": 199,
              "file": "/home/khesoem/projects/lighter/exp/BaragonService/src/main/java/com/hubspot/baragon/service/elb/ApplicationLoadBalancer.java",
              "stats": {
                "number_of_src_entities": 8,
                "number_of_dst_entities": -1,
                "src_entity_types": "[com.amazonaws.services.elasticloadbalancing.model.Instance]",
                "dst_entity_types": "[]"
              }
            }
          ]
        },
        {
          "tool-name": "Arja",
          "pattern-name": "Arja:arja_shallow_change",
          "Unified_Diff_of-files:": "Starts Below...",
          "CHANGE_old:": "          LOG.debug(\"No instance id for agent {}, can\u0027t add to ELB\", agent.getAgentId());",
          "CHANGE_new:": "          LOG.debug(\"No instance id or private ip for agent {}, can\u0027t add to ELB\", agent.getAgentId());",
          "INSERT:": "",
          "instance_detail": [
            {
              "pattern_action": "ANY",
              "pattern_entity": {
                "entity_type": "Statement",
                "entity_new value": "*",
                "entity_role": "*",
                "entity_parent": "null"
              },
              "concrete_change": {
                "operator": "DEL",
                "src_type": "Invocation",
                "dst_type": "null",
                "src": "instance.getInstanceId()",
                "dst": "null",
                "src_parent_type": "Invocation",
                "dst_parent_type": "null",
                "src_parent": "instanceHealthResponse(new com.amazonaws.services.elasticloadbalancingv2.model.TargetDescription().withId(((trafficSource.getRegisterBy()) \u003d\u003d (com.hubspot.baragon.models.RegisterBy.INSTANCE_ID) ? instance.getInstanceId() : agent.getEc2().getPrivateIp().get())), maybeTargetGroup.get(), instance.getInstanceId())",
                "dst_parent": "null"
              },
              "line": 312,
              "file": "/home/khesoem/projects/lighter/exp/BaragonService/src/main/java/com/hubspot/baragon/service/elb/ApplicationLoadBalancer.java",
              "stats": {
                "number_of_src_entities": 8,
                "number_of_dst_entities": -1,
                "src_entity_types": "[com.amazonaws.services.elasticloadbalancing.model.Instance]",
                "dst_entity_types": "[]"
              }
            }
          ]
        },
        {
          "tool-name": "Arja",
          "pattern-name": "Arja:arja_deep_change",
          "Unified_Diff_of-files:": "Starts Below...",
          "CHANGE_old:": "          LOG.debug(\"No instance id for agent {}, can\u0027t add to ELB\", agent.getAgentId());",
          "CHANGE_new:": "          LOG.debug(\"No instance id or private ip for agent {}, can\u0027t add to ELB\", agent.getAgentId());",
          "INSERT:": "",
          "instance_detail": [
            {
              "pattern_action": "ANY",
              "pattern_entity": {
                "entity_type": "*",
                "entity_new value": "*",
                "entity_role": "*",
                "entity_parent": {
                  "entity_type": "Statement",
                  "entity_new value": "*",
                  "entity_role": "*",
                  "entity_parent": "null"
                }
              },
              "concrete_change": {
                "operator": "UPD",
                "src_type": "VariableRead",
                "dst_type": "VariableRead",
                "src": "instanceId",
                "dst": "id",
                "src_parent_type": "Invocation",
                "dst_parent_type": "Invocation",
                "src_parent": "java.lang.String.format(\"Instance %s not found in target group\", instanceId)",
                "dst_parent": "java.lang.String.format(\"Instance %s not found in target group\", id)"
              },
              "line": 294,
              "file": "/home/khesoem/projects/lighter/exp/BaragonService/src/main/java/com/hubspot/baragon/service/elb/ApplicationLoadBalancer.java",
              "stats": {
                "number_of_src_entities": 4,
                "number_of_dst_entities": 4,
                "src_entity_types": "[java.lang.String]",
                "dst_entity_types": "[java.lang.String]"
              }
            }
          ]
        }
      ]
    }
  ],
  "complete_analysis": true
}