{
  "instances": [
    {
      "revision": "77f892410e2ed3b3729d2b43ce678e089b676dc7",
      "repairability": [
        {
          "tool-name": "Arja",
          "pattern-name": "Arja:arja_shallow_change",
          "Unified_Diff_of-files:": "Starts Below...",
          "INSERT:": "    this.stateErrors \u003d stateErrors;",
          "CHANGE_old:": "",
          "CHANGE_new:": "                            @JsonProperty(\"stateErrors\") Set\u0026lt;String\u0026gt; stateErrors) {",
          "instance_detail": [
            {
              "pattern_action": "ANY",
              "pattern_entity": {
                "entity_type": "Statement",
                "entity_new value": "*",
                "entity_role": "*",
                "entity_parent": "null"
              },
              "concrete_change": {
                "operator": "DEL",
                "src_type": "Invocation",
                "dst_type": "null",
                "src": "com.google.common.base.Optional.absent()",
                "dst": "null",
                "src_parent_type": "ConstructorCall",
                "dst_parent_type": "null",
                "src_parent": "new java.util.concurrent.atomic.AtomicReference\u003c\u003e(com.google.common.base.Optional.absent())",
                "dst_parent": "null"
              },
              "line": 276,
              "file": "/home/khesoem/projects/lighter/exp/BaragonAgentService/src/main/java/com/hubspot/baragon/agent/BaragonAgentServiceModule.java"
            }
          ]
        }
      ]
    },
    {
      "revision": "77f892410e2ed3b3729d2b43ce678e089b676dc7",
      "repairability": [
        {
          "tool-name": "Arja",
          "pattern-name": "Arja:arja_shallow_change",
          "Unified_Diff_of-files:": "Starts Below...",
          "INSERT:": "    this.stateErrors \u003d stateErrors;",
          "CHANGE_old:": "",
          "CHANGE_new:": "                            @JsonProperty(\"stateErrors\") Set\u0026lt;String\u0026gt; stateErrors) {",
          "instance_detail": [
            {
              "pattern_action": "ANY",
              "pattern_entity": {
                "entity_type": "Statement",
                "entity_new value": "*",
                "entity_role": "*",
                "entity_parent": "null"
              },
              "concrete_change": {
                "operator": "UPD",
                "src_type": "Invocation",
                "dst_type": "Invocation",
                "src": "getErrorMessage()",
                "dst": "errorMessage.get()",
                "src_parent_type": "LocalVariable",
                "dst_parent_type": "LocalVariable",
                "src_parent": "com.google.common.base.Optional\u003cjava.lang.String\u003e errMessage \u003d getErrorMessage()",
                "dst_parent": "com.google.common.base.Optional\u003cjava.lang.String\u003e currentErrorMessage \u003d errorMessage.get()"
              },
              "line": 84,
              "file": "/home/khesoem/projects/lighter/exp/BaragonAgentService/src/main/java/com/hubspot/baragon/agent/resources/StatusResource.java",
              "stats": {
                "number_of_src_entities": 14,
                "number_of_dst_entities": 24,
                "src_entity_types": "[com.hubspot.baragon.agent.resources.StatusResource]",
                "dst_entity_types": "[java.util.concurrent.atomic.AtomicReference, com.hubspot.baragon.agent.resources.StatusResource]"
              }
            }
          ]
        },
        {
          "tool-name": "Arja",
          "pattern-name": "Arja:arja_shallow_change",
          "Unified_Diff_of-files:": "Starts Below...",
          "INSERT:": "    this.stateErrors \u003d stateErrors;",
          "CHANGE_old:": "",
          "CHANGE_new:": "                            @JsonProperty(\"stateErrors\") Set\u0026lt;String\u0026gt; stateErrors) {",
          "instance_detail": [
            {
              "pattern_action": "ANY",
              "pattern_entity": {
                "entity_type": "Statement",
                "entity_new value": "*",
                "entity_role": "*",
                "entity_parent": "null"
              },
              "concrete_change": {
                "operator": "DEL",
                "src_type": "UnaryOperator",
                "dst_type": "null",
                "src": "(!(errMessage.isPresent()))",
                "dst": "null",
                "src_parent_type": "ConstructorCall",
                "dst_parent_type": "null",
                "src_parent": "new com.hubspot.baragon.models.BaragonAgentStatus(loadBalancerConfiguration.getName(), (!(errMessage.isPresent())), errMessage, leaderLatch.hasLeadership(), mostRecentRequestId.get(), connectionStateString, agentMetadata, agentState.get())",
                "dst_parent": "null"
              },
              "line": 86,
              "file": "/home/khesoem/projects/lighter/exp/BaragonAgentService/src/main/java/com/hubspot/baragon/agent/resources/StatusResource.java",
              "stats": {
                "number_of_src_entities": 13,
                "number_of_dst_entities": -1,
                "src_entity_types": "[boolean, com.google.common.base.Optional\u003cjava.lang.String\u003e, com.google.common.base.Optional, java.lang.String]",
                "dst_entity_types": "[]"
              }
            }
          ]
        },
        {
          "tool-name": "Arja",
          "pattern-name": "Arja:arja_shallow_change",
          "Unified_Diff_of-files:": "Starts Below...",
          "INSERT:": "    this.stateErrors \u003d stateErrors;",
          "CHANGE_old:": "",
          "CHANGE_new:": "                            @JsonProperty(\"stateErrors\") Set\u0026lt;String\u0026gt; stateErrors) {",
          "instance_detail": [
            {
              "pattern_action": "ANY",
              "pattern_entity": {
                "entity_type": "Statement",
                "entity_new value": "*",
                "entity_role": "*",
                "entity_parent": "null"
              },
              "concrete_change": {
                "operator": "DEL",
                "src_type": "Invocation",
                "dst_type": "null",
                "src": "stateErrorMessage.get()",
                "dst": "null",
                "src_parent_type": "LocalVariable",
                "dst_parent_type": "null",
                "src_parent": "com.google.common.base.Optional\u003cjava.lang.String\u003e currentStateError \u003d stateErrorMessage.get()",
                "dst_parent": "null"
              },
              "line": 91,
              "file": "/home/khesoem/projects/lighter/exp/BaragonAgentService/src/main/java/com/hubspot/baragon/agent/resources/StatusResource.java"
            }
          ]
        },
        {
          "tool-name": "Arja",
          "pattern-name": "Arja:arja_shallow_change",
          "Unified_Diff_of-files:": "Starts Below...",
          "INSERT:": "    this.stateErrors \u003d stateErrors;",
          "CHANGE_old:": "",
          "CHANGE_new:": "                            @JsonProperty(\"stateErrors\") Set\u0026lt;String\u0026gt; stateErrors) {",
          "instance_detail": [
            {
              "pattern_action": "ANY",
              "pattern_entity": {
                "entity_type": "Statement",
                "entity_new value": "*",
                "entity_role": "*",
                "entity_parent": "null"
              },
              "concrete_change": {
                "operator": "DEL",
                "src_type": "LocalVariable",
                "dst_type": "null",
                "src": "com.google.common.base.Optional\u003cjava.lang.String\u003e currentStateError \u003d stateErrorMessage.get()",
                "dst": "null",
                "src_parent_type": "Block",
                "dst_parent_type": "null",
                "src_parent": "{\n    com.google.common.base.Optional\u003cjava.lang.String\u003e currentErrorMessage \u003d errorMessage.get();\n    com.google.common.base.Optional\u003cjava.lang.String\u003e currentStateError \u003d stateErrorMessage.get();\n    if ((currentErrorMessage.isPresent()) || (currentStateError.isPresent())) {\n        return com.google.common.base.Optional.of(java.lang.String.format(\"State Error: %s, Config Error: %s\", currentStateError.or(\"\"), currentErrorMessage.or(\"\")));\n    } else {\n        return com.google.common.base.Optional.absent();\n    }\n}",
                "dst_parent": "null"
              },
              "line": 91,
              "file": "/home/khesoem/projects/lighter/exp/BaragonAgentService/src/main/java/com/hubspot/baragon/agent/resources/StatusResource.java"
            }
          ]
        },
        {
          "tool-name": "Arja",
          "pattern-name": "Arja:arja_shallow_change",
          "Unified_Diff_of-files:": "Starts Below...",
          "INSERT:": "    this.stateErrors \u003d stateErrors;",
          "CHANGE_old:": "",
          "CHANGE_new:": "                            @JsonProperty(\"stateErrors\") Set\u0026lt;String\u0026gt; stateErrors) {",
          "instance_detail": [
            {
              "pattern_action": "ANY",
              "pattern_entity": {
                "entity_type": "Statement",
                "entity_new value": "*",
                "entity_role": "*",
                "entity_parent": "null"
              },
              "concrete_change": {
                "operator": "DEL",
                "src_type": "Invocation",
                "dst_type": "null",
                "src": "(currentStateError.isPresent())",
                "dst": "null",
                "src_parent_type": "BinaryOperator",
                "dst_parent_type": "null",
                "src_parent": "(currentErrorMessage.isPresent()) || (currentStateError.isPresent())",
                "dst_parent": "null"
              },
              "line": 92,
              "file": "/home/khesoem/projects/lighter/exp/BaragonAgentService/src/main/java/com/hubspot/baragon/agent/resources/StatusResource.java"
            }
          ]
        },
        {
          "tool-name": "Arja",
          "pattern-name": "Arja:arja_shallow_change",
          "Unified_Diff_of-files:": "Starts Below...",
          "INSERT:": "    this.stateErrors \u003d stateErrors;",
          "CHANGE_old:": "",
          "CHANGE_new:": "                            @JsonProperty(\"stateErrors\") Set\u0026lt;String\u0026gt; stateErrors) {",
          "instance_detail": [
            {
              "pattern_action": "ANY",
              "pattern_entity": {
                "entity_type": "Statement",
                "entity_new value": "*",
                "entity_role": "*",
                "entity_parent": "null"
              },
              "concrete_change": {
                "operator": "DEL",
                "src_type": "Invocation",
                "dst_type": "null",
                "src": "currentStateError.or(\"\")",
                "dst": "null",
                "src_parent_type": "Invocation",
                "dst_parent_type": "null",
                "src_parent": "java.lang.String.format(\"State Error: %s, Config Error: %s\", currentStateError.or(\"\"), currentErrorMessage.or(\"\"))",
                "dst_parent": "null"
              },
              "line": 94,
              "file": "/home/khesoem/projects/lighter/exp/BaragonAgentService/src/main/java/com/hubspot/baragon/agent/resources/StatusResource.java"
            }
          ]
        },
        {
          "tool-name": "Arja",
          "pattern-name": "Arja:arja_shallow_change",
          "Unified_Diff_of-files:": "Starts Below...",
          "INSERT:": "    this.stateErrors \u003d stateErrors;",
          "CHANGE_old:": "",
          "CHANGE_new:": "                            @JsonProperty(\"stateErrors\") Set\u0026lt;String\u0026gt; stateErrors) {",
          "instance_detail": [
            {
              "pattern_action": "ANY",
              "pattern_entity": {
                "entity_type": "Statement",
                "entity_new value": "*",
                "entity_role": "*",
                "entity_parent": "null"
              },
              "concrete_change": {
                "operator": "DEL",
                "src_type": "Invocation",
                "dst_type": "null",
                "src": "currentErrorMessage.or(\"\")",
                "dst": "null",
                "src_parent_type": "Invocation",
                "dst_parent_type": "null",
                "src_parent": "java.lang.String.format(\"State Error: %s, Config Error: %s\", currentStateError.or(\"\"), currentErrorMessage.or(\"\"))",
                "dst_parent": "null"
              },
              "line": 94,
              "file": "/home/khesoem/projects/lighter/exp/BaragonAgentService/src/main/java/com/hubspot/baragon/agent/resources/StatusResource.java"
            }
          ]
        },
        {
          "tool-name": "Arja",
          "pattern-name": "Arja:arja_shallow_change",
          "Unified_Diff_of-files:": "Starts Below...",
          "INSERT:": "    this.stateErrors \u003d stateErrors;",
          "CHANGE_old:": "",
          "CHANGE_new:": "                            @JsonProperty(\"stateErrors\") Set\u0026lt;String\u0026gt; stateErrors) {",
          "instance_detail": [
            {
              "pattern_action": "ANY",
              "pattern_entity": {
                "entity_type": "Statement",
                "entity_new value": "*",
                "entity_role": "*",
                "entity_parent": "null"
              },
              "concrete_change": {
                "operator": "DEL",
                "src_type": "Invocation",
                "dst_type": "null",
                "src": "java.lang.String.format(\"State Error: %s, Config Error: %s\", currentStateError.or(\"\"), currentErrorMessage.or(\"\"))",
                "dst": "null",
                "src_parent_type": "Invocation",
                "dst_parent_type": "null",
                "src_parent": "com.google.common.base.Optional.of(java.lang.String.format(\"State Error: %s, Config Error: %s\", currentStateError.or(\"\"), currentErrorMessage.or(\"\")))",
                "dst_parent": "null"
              },
              "line": 94,
              "file": "/home/khesoem/projects/lighter/exp/BaragonAgentService/src/main/java/com/hubspot/baragon/agent/resources/StatusResource.java"
            }
          ]
        },
        {
          "tool-name": "Arja",
          "pattern-name": "Arja:arja_shallow_change",
          "Unified_Diff_of-files:": "Starts Below...",
          "INSERT:": "    this.stateErrors \u003d stateErrors;",
          "CHANGE_old:": "",
          "CHANGE_new:": "                            @JsonProperty(\"stateErrors\") Set\u0026lt;String\u0026gt; stateErrors) {",
          "instance_detail": [
            {
              "pattern_action": "ANY",
              "pattern_entity": {
                "entity_type": "Statement",
                "entity_new value": "*",
                "entity_role": "*",
                "entity_parent": "null"
              },
              "concrete_change": {
                "operator": "DEL",
                "src_type": "Invocation",
                "dst_type": "null",
                "src": "com.google.common.base.Optional.of(java.lang.String.format(\"State Error: %s, Config Error: %s\", currentStateError.or(\"\"), currentErrorMessage.or(\"\")))",
                "dst": "null",
                "src_parent_type": "Return",
                "dst_parent_type": "null",
                "src_parent": "return com.google.common.base.Optional.of(java.lang.String.format(\"State Error: %s, Config Error: %s\", currentStateError.or(\"\"), currentErrorMessage.or(\"\")))",
                "dst_parent": "null"
              },
              "line": 93,
              "file": "/home/khesoem/projects/lighter/exp/BaragonAgentService/src/main/java/com/hubspot/baragon/agent/resources/StatusResource.java"
            }
          ]
        },
        {
          "tool-name": "Arja",
          "pattern-name": "Arja:arja_shallow_change",
          "Unified_Diff_of-files:": "Starts Below...",
          "INSERT:": "    this.stateErrors \u003d stateErrors;",
          "CHANGE_old:": "",
          "CHANGE_new:": "                            @JsonProperty(\"stateErrors\") Set\u0026lt;String\u0026gt; stateErrors) {",
          "instance_detail": [
            {
              "pattern_action": "ANY",
              "pattern_entity": {
                "entity_type": "Statement",
                "entity_new value": "*",
                "entity_role": "*",
                "entity_parent": "null"
              },
              "concrete_change": {
                "operator": "DEL",
                "src_type": "Return",
                "dst_type": "null",
                "src": "return com.google.common.base.Optional.of(java.lang.String.format(\"State Error: %s, Config Error: %s\", currentStateError.or(\"\"), currentErrorMessage.or(\"\")))",
                "dst": "null",
                "src_parent_type": "Block",
                "dst_parent_type": "null",
                "src_parent": "{\n    return com.google.common.base.Optional.of(java.lang.String.format(\"State Error: %s, Config Error: %s\", currentStateError.or(\"\"), currentErrorMessage.or(\"\")));\n}",
                "dst_parent": "null"
              },
              "line": 93,
              "file": "/home/khesoem/projects/lighter/exp/BaragonAgentService/src/main/java/com/hubspot/baragon/agent/resources/StatusResource.java"
            }
          ]
        },
        {
          "tool-name": "Arja",
          "pattern-name": "Arja:arja_shallow_change",
          "Unified_Diff_of-files:": "Starts Below...",
          "INSERT:": "    this.stateErrors \u003d stateErrors;",
          "CHANGE_old:": "",
          "CHANGE_new:": "                            @JsonProperty(\"stateErrors\") Set\u0026lt;String\u0026gt; stateErrors) {",
          "instance_detail": [
            {
              "pattern_action": "ANY",
              "pattern_entity": {
                "entity_type": "Statement",
                "entity_new value": "*",
                "entity_role": "*",
                "entity_parent": "null"
              },
              "concrete_change": {
                "operator": "DEL",
                "src_type": "Block",
                "dst_type": "null",
                "src": "{\n    return com.google.common.base.Optional.of(java.lang.String.format(\"State Error: %s, Config Error: %s\", currentStateError.or(\"\"), currentErrorMessage.or(\"\")));\n}",
                "dst": "null",
                "src_parent_type": "If",
                "dst_parent_type": "null",
                "src_parent": "if ((currentErrorMessage.isPresent()) || (currentStateError.isPresent())) {\n    return com.google.common.base.Optional.of(java.lang.String.format(\"State Error: %s, Config Error: %s\", currentStateError.or(\"\"), currentErrorMessage.or(\"\")));\n} else {\n    return com.google.common.base.Optional.absent();\n}",
                "dst_parent": "null"
              },
              "line": 92,
              "file": "/home/khesoem/projects/lighter/exp/BaragonAgentService/src/main/java/com/hubspot/baragon/agent/resources/StatusResource.java"
            }
          ]
        },
        {
          "tool-name": "Arja",
          "pattern-name": "Arja:arja_shallow_change",
          "Unified_Diff_of-files:": "Starts Below...",
          "INSERT:": "    this.stateErrors \u003d stateErrors;",
          "CHANGE_old:": "",
          "CHANGE_new:": "                            @JsonProperty(\"stateErrors\") Set\u0026lt;String\u0026gt; stateErrors) {",
          "instance_detail": [
            {
              "pattern_action": "ANY",
              "pattern_entity": {
                "entity_type": "Statement",
                "entity_new value": "*",
                "entity_role": "*",
                "entity_parent": "null"
              },
              "concrete_change": {
                "operator": "DEL",
                "src_type": "Invocation",
                "dst_type": "null",
                "src": "com.google.common.base.Optional.absent()",
                "dst": "null",
                "src_parent_type": "Return",
                "dst_parent_type": "null",
                "src_parent": "return com.google.common.base.Optional.absent()",
                "dst_parent": "null"
              },
              "line": 97,
              "file": "/home/khesoem/projects/lighter/exp/BaragonAgentService/src/main/java/com/hubspot/baragon/agent/resources/StatusResource.java"
            }
          ]
        },
        {
          "tool-name": "Arja",
          "pattern-name": "Arja:arja_shallow_change",
          "Unified_Diff_of-files:": "Starts Below...",
          "INSERT:": "    this.stateErrors \u003d stateErrors;",
          "CHANGE_old:": "",
          "CHANGE_new:": "                            @JsonProperty(\"stateErrors\") Set\u0026lt;String\u0026gt; stateErrors) {",
          "instance_detail": [
            {
              "pattern_action": "ANY",
              "pattern_entity": {
                "entity_type": "Statement",
                "entity_new value": "*",
                "entity_role": "*",
                "entity_parent": "null"
              },
              "concrete_change": {
                "operator": "DEL",
                "src_type": "Return",
                "dst_type": "null",
                "src": "return com.google.common.base.Optional.absent()",
                "dst": "null",
                "src_parent_type": "Block",
                "dst_parent_type": "null",
                "src_parent": "{\n    return com.google.common.base.Optional.absent();\n}",
                "dst_parent": "null"
              },
              "line": 97,
              "file": "/home/khesoem/projects/lighter/exp/BaragonAgentService/src/main/java/com/hubspot/baragon/agent/resources/StatusResource.java"
            }
          ]
        },
        {
          "tool-name": "Arja",
          "pattern-name": "Arja:arja_shallow_change",
          "Unified_Diff_of-files:": "Starts Below...",
          "INSERT:": "    this.stateErrors \u003d stateErrors;",
          "CHANGE_old:": "",
          "CHANGE_new:": "                            @JsonProperty(\"stateErrors\") Set\u0026lt;String\u0026gt; stateErrors) {",
          "instance_detail": [
            {
              "pattern_action": "ANY",
              "pattern_entity": {
                "entity_type": "Statement",
                "entity_new value": "*",
                "entity_role": "*",
                "entity_parent": "null"
              },
              "concrete_change": {
                "operator": "DEL",
                "src_type": "Block",
                "dst_type": "null",
                "src": "{\n    return com.google.common.base.Optional.absent();\n}",
                "dst": "null",
                "src_parent_type": "If",
                "dst_parent_type": "null",
                "src_parent": "if ((currentErrorMessage.isPresent()) || (currentStateError.isPresent())) {\n    return com.google.common.base.Optional.of(java.lang.String.format(\"State Error: %s, Config Error: %s\", currentStateError.or(\"\"), currentErrorMessage.or(\"\")));\n} else {\n    return com.google.common.base.Optional.absent();\n}",
                "dst_parent": "null"
              },
              "line": 96,
              "file": "/home/khesoem/projects/lighter/exp/BaragonAgentService/src/main/java/com/hubspot/baragon/agent/resources/StatusResource.java"
            }
          ]
        },
        {
          "tool-name": "Arja",
          "pattern-name": "Arja:arja_shallow_change",
          "Unified_Diff_of-files:": "Starts Below...",
          "INSERT:": "    this.stateErrors \u003d stateErrors;",
          "CHANGE_old:": "",
          "CHANGE_new:": "                            @JsonProperty(\"stateErrors\") Set\u0026lt;String\u0026gt; stateErrors) {",
          "instance_detail": [
            {
              "pattern_action": "ANY",
              "pattern_entity": {
                "entity_type": "Statement",
                "entity_new value": "*",
                "entity_role": "*",
                "entity_parent": "null"
              },
              "concrete_change": {
                "operator": "DEL",
                "src_type": "If",
                "dst_type": "null",
                "src": "if ((currentErrorMessage.isPresent()) || (currentStateError.isPresent())) {\n    return com.google.common.base.Optional.of(java.lang.String.format(\"State Error: %s, Config Error: %s\", currentStateError.or(\"\"), currentErrorMessage.or(\"\")));\n} else {\n    return com.google.common.base.Optional.absent();\n}",
                "dst": "null",
                "src_parent_type": "Block",
                "dst_parent_type": "null",
                "src_parent": "{\n    com.google.common.base.Optional\u003cjava.lang.String\u003e currentErrorMessage \u003d errorMessage.get();\n    com.google.common.base.Optional\u003cjava.lang.String\u003e currentStateError \u003d stateErrorMessage.get();\n    if ((currentErrorMessage.isPresent()) || (currentStateError.isPresent())) {\n        return com.google.common.base.Optional.of(java.lang.String.format(\"State Error: %s, Config Error: %s\", currentStateError.or(\"\"), currentErrorMessage.or(\"\")));\n    } else {\n        return com.google.common.base.Optional.absent();\n    }\n}",
                "dst_parent": "null"
              },
              "line": 92,
              "file": "/home/khesoem/projects/lighter/exp/BaragonAgentService/src/main/java/com/hubspot/baragon/agent/resources/StatusResource.java"
            }
          ]
        }
      ]
    },
    {
      "revision": "77f892410e2ed3b3729d2b43ce678e089b676dc7",
      "repairability": [
        {
          "tool-name": "Arja",
          "pattern-name": "Arja:arja_shallow_change",
          "Unified_Diff_of-files:": "Starts Below...",
          "INSERT:": "    this.stateErrors \u003d stateErrors;",
          "CHANGE_old:": "",
          "CHANGE_new:": "                            @JsonProperty(\"stateErrors\") Set\u0026lt;String\u0026gt; stateErrors) {",
          "instance_detail": [
            {
              "pattern_action": "ANY",
              "pattern_entity": {
                "entity_type": "Statement",
                "entity_new value": "*",
                "entity_role": "*",
                "entity_parent": "null"
              },
              "concrete_change": {
                "operator": "DEL",
                "src_type": "Invocation",
                "dst_type": "null",
                "src": "com.google.common.base.Optional.absent()",
                "dst": "null",
                "src_parent_type": "Invocation",
                "dst_parent_type": "null",
                "src_parent": "stateErrorMessage.set(com.google.common.base.Optional.absent())",
                "dst_parent": "null"
              },
              "line": 52,
              "file": "/home/khesoem/projects/lighter/exp/BaragonAgentService/src/main/java/com/hubspot/baragon/agent/healthcheck/InternalStateChecker.java"
            }
          ]
        },
        {
          "tool-name": "Arja",
          "pattern-name": "Arja:arja_shallow_change",
          "Unified_Diff_of-files:": "Starts Below...",
          "INSERT:": "    this.stateErrors \u003d stateErrors;",
          "CHANGE_old:": "",
          "CHANGE_new:": "                            @JsonProperty(\"stateErrors\") Set\u0026lt;String\u0026gt; stateErrors) {",
          "instance_detail": [
            {
              "pattern_action": "ANY",
              "pattern_entity": {
                "entity_type": "Statement",
                "entity_new value": "*",
                "entity_role": "*",
                "entity_parent": "null"
              },
              "concrete_change": {
                "operator": "DEL",
                "src_type": "Invocation",
                "dst_type": "null",
                "src": "stateErrorMessage.set(com.google.common.base.Optional.absent())",
                "dst": "null",
                "src_parent_type": "Block",
                "dst_parent_type": "null",
                "src_parent": "{\n    stateErrorMessage.set(com.google.common.base.Optional.absent());\n}",
                "dst_parent": "null"
              },
              "line": 52,
              "file": "/home/khesoem/projects/lighter/exp/BaragonAgentService/src/main/java/com/hubspot/baragon/agent/healthcheck/InternalStateChecker.java"
            }
          ]
        },
        {
          "tool-name": "Arja",
          "pattern-name": "Arja:arja_shallow_change",
          "Unified_Diff_of-files:": "Starts Below...",
          "INSERT:": "    this.stateErrors \u003d stateErrors;",
          "CHANGE_old:": "",
          "CHANGE_new:": "                            @JsonProperty(\"stateErrors\") Set\u0026lt;String\u0026gt; stateErrors) {",
          "instance_detail": [
            {
              "pattern_action": "ANY",
              "pattern_entity": {
                "entity_type": "Statement",
                "entity_new value": "*",
                "entity_role": "*",
                "entity_parent": "null"
              },
              "concrete_change": {
                "operator": "DEL",
                "src_type": "Block",
                "dst_type": "null",
                "src": "{\n    stateErrorMessage.set(com.google.common.base.Optional.absent());\n}",
                "dst": "null",
                "src_parent_type": "If",
                "dst_parent_type": "null",
                "src_parent": "if (invalidServiceMessages.isEmpty()) {\n    stateErrorMessage.set(com.google.common.base.Optional.absent());\n} else {\n    stateErrorMessage.set(com.google.common.base.Optional.of(java.lang.String.join(\"\\n\", invalidServiceMessages)));\n}",
                "dst_parent": "null"
              },
              "line": 51,
              "file": "/home/khesoem/projects/lighter/exp/BaragonAgentService/src/main/java/com/hubspot/baragon/agent/healthcheck/InternalStateChecker.java"
            }
          ]
        },
        {
          "tool-name": "Arja",
          "pattern-name": "Arja:arja_shallow_change",
          "Unified_Diff_of-files:": "Starts Below...",
          "INSERT:": "    this.stateErrors \u003d stateErrors;",
          "CHANGE_old:": "",
          "CHANGE_new:": "                            @JsonProperty(\"stateErrors\") Set\u0026lt;String\u0026gt; stateErrors) {",
          "instance_detail": [
            {
              "pattern_action": "ANY",
              "pattern_entity": {
                "entity_type": "Statement",
                "entity_new value": "*",
                "entity_role": "*",
                "entity_parent": "null"
              },
              "concrete_change": {
                "operator": "DEL",
                "src_type": "Invocation",
                "dst_type": "null",
                "src": "java.lang.String.join(\"\\n\", invalidServiceMessages)",
                "dst": "null",
                "src_parent_type": "Invocation",
                "dst_parent_type": "null",
                "src_parent": "com.google.common.base.Optional.of(java.lang.String.join(\"\\n\", invalidServiceMessages))",
                "dst_parent": "null"
              },
              "line": 55,
              "file": "/home/khesoem/projects/lighter/exp/BaragonAgentService/src/main/java/com/hubspot/baragon/agent/healthcheck/InternalStateChecker.java"
            }
          ]
        },
        {
          "tool-name": "Arja",
          "pattern-name": "Arja:arja_shallow_change",
          "Unified_Diff_of-files:": "Starts Below...",
          "INSERT:": "    this.stateErrors \u003d stateErrors;",
          "CHANGE_old:": "",
          "CHANGE_new:": "                            @JsonProperty(\"stateErrors\") Set\u0026lt;String\u0026gt; stateErrors) {",
          "instance_detail": [
            {
              "pattern_action": "ANY",
              "pattern_entity": {
                "entity_type": "Statement",
                "entity_new value": "*",
                "entity_role": "*",
                "entity_parent": "null"
              },
              "concrete_change": {
                "operator": "DEL",
                "src_type": "Invocation",
                "dst_type": "null",
                "src": "com.google.common.base.Optional.of(java.lang.String.join(\"\\n\", invalidServiceMessages))",
                "dst": "null",
                "src_parent_type": "Invocation",
                "dst_parent_type": "null",
                "src_parent": "stateErrorMessage.set(com.google.common.base.Optional.of(java.lang.String.join(\"\\n\", invalidServiceMessages)))",
                "dst_parent": "null"
              },
              "line": 54,
              "file": "/home/khesoem/projects/lighter/exp/BaragonAgentService/src/main/java/com/hubspot/baragon/agent/healthcheck/InternalStateChecker.java"
            }
          ]
        },
        {
          "tool-name": "Arja",
          "pattern-name": "Arja:arja_shallow_change",
          "Unified_Diff_of-files:": "Starts Below...",
          "INSERT:": "    this.stateErrors \u003d stateErrors;",
          "CHANGE_old:": "",
          "CHANGE_new:": "                            @JsonProperty(\"stateErrors\") Set\u0026lt;String\u0026gt; stateErrors) {",
          "instance_detail": [
            {
              "pattern_action": "ANY",
              "pattern_entity": {
                "entity_type": "Statement",
                "entity_new value": "*",
                "entity_role": "*",
                "entity_parent": "null"
              },
              "concrete_change": {
                "operator": "DEL",
                "src_type": "Invocation",
                "dst_type": "null",
                "src": "stateErrorMessage.set(com.google.common.base.Optional.of(java.lang.String.join(\"\\n\", invalidServiceMessages)))",
                "dst": "null",
                "src_parent_type": "Block",
                "dst_parent_type": "null",
                "src_parent": "{\n    stateErrorMessage.set(com.google.common.base.Optional.of(java.lang.String.join(\"\\n\", invalidServiceMessages)));\n}",
                "dst_parent": "null"
              },
              "line": 54,
              "file": "/home/khesoem/projects/lighter/exp/BaragonAgentService/src/main/java/com/hubspot/baragon/agent/healthcheck/InternalStateChecker.java"
            }
          ]
        },
        {
          "tool-name": "Arja",
          "pattern-name": "Arja:arja_shallow_change",
          "Unified_Diff_of-files:": "Starts Below...",
          "INSERT:": "    this.stateErrors \u003d stateErrors;",
          "CHANGE_old:": "",
          "CHANGE_new:": "                            @JsonProperty(\"stateErrors\") Set\u0026lt;String\u0026gt; stateErrors) {",
          "instance_detail": [
            {
              "pattern_action": "ANY",
              "pattern_entity": {
                "entity_type": "Statement",
                "entity_new value": "*",
                "entity_role": "*",
                "entity_parent": "null"
              },
              "concrete_change": {
                "operator": "DEL",
                "src_type": "Block",
                "dst_type": "null",
                "src": "{\n    stateErrorMessage.set(com.google.common.base.Optional.of(java.lang.String.join(\"\\n\", invalidServiceMessages)));\n}",
                "dst": "null",
                "src_parent_type": "If",
                "dst_parent_type": "null",
                "src_parent": "if (invalidServiceMessages.isEmpty()) {\n    stateErrorMessage.set(com.google.common.base.Optional.absent());\n} else {\n    stateErrorMessage.set(com.google.common.base.Optional.of(java.lang.String.join(\"\\n\", invalidServiceMessages)));\n}",
                "dst_parent": "null"
              },
              "line": 53,
              "file": "/home/khesoem/projects/lighter/exp/BaragonAgentService/src/main/java/com/hubspot/baragon/agent/healthcheck/InternalStateChecker.java"
            }
          ]
        },
        {
          "tool-name": "Arja",
          "pattern-name": "Arja:arja_shallow_change",
          "Unified_Diff_of-files:": "Starts Below...",
          "INSERT:": "    this.stateErrors \u003d stateErrors;",
          "CHANGE_old:": "",
          "CHANGE_new:": "                            @JsonProperty(\"stateErrors\") Set\u0026lt;String\u0026gt; stateErrors) {",
          "instance_detail": [
            {
              "pattern_action": "ANY",
              "pattern_entity": {
                "entity_type": "Statement",
                "entity_new value": "*",
                "entity_role": "*",
                "entity_parent": "null"
              },
              "concrete_change": {
                "operator": "DEL",
                "src_type": "If",
                "dst_type": "null",
                "src": "if (invalidServiceMessages.isEmpty()) {\n    stateErrorMessage.set(com.google.common.base.Optional.absent());\n} else {\n    stateErrorMessage.set(com.google.common.base.Optional.of(java.lang.String.join(\"\\n\", invalidServiceMessages)));\n}",
                "dst": "null",
                "src_parent_type": "Block",
                "dst_parent_type": "null",
                "src_parent": "{\n    java.util.Set\u003cjava.lang.String\u003e invalidServiceMessages \u003d new java.util.HashSet\u003c\u003e();\n    long now \u003d java.lang.System.currentTimeMillis();\n    internalStateCache.forEach(( serviceId, context) -\u003e {\n        Optional\u003ccom.hubspot.baragon.models.BaragonService\u003e maybeService \u003d stateDatastore.getService(serviceId);\n        if (!(maybeService.isPresent())) {\n            invalidServiceMessages.add(java.lang.String.format(\"%s no longer exists in state datastore, but exists in agent\", serviceId));\n            return;\n        }\n        Collection\u003ccom.hubspot.baragon.models.UpstreamInfo\u003e existingUpstreams \u003d stateDatastore.getUpstreams(serviceId);\n        com.hubspot.baragon.models.BasicServiceContext datastoreContext \u003d new com.hubspot.baragon.models.BasicServiceContext(maybeService.get(), existingUpstreams);\n        if ((!(datastoreContext.equals(context))) \u0026\u0026 ((now - (context.getTimestamp())) \u003e (TimeUnit.SECONDS.toMillis(60)))) {\n            invalidServiceMessages.add(java.lang.String.format(\"Agent context for %s does not match baragon state (Agent: %s, Service: %s)\", serviceId, context, datastoreContext));\n        }\n    });\n    if (invalidServiceMessages.isEmpty()) {\n        stateErrorMessage.set(com.google.common.base.Optional.absent());\n    } else {\n        stateErrorMessage.set(com.google.common.base.Optional.of(java.lang.String.join(\"\\n\", invalidServiceMessages)));\n    }\n}",
                "dst_parent": "null"
              },
              "line": 51,
              "file": "/home/khesoem/projects/lighter/exp/BaragonAgentService/src/main/java/com/hubspot/baragon/agent/healthcheck/InternalStateChecker.java",
              "stats": {
                "number_of_src_entities": 109,
                "number_of_dst_entities": -1,
                "src_entity_types": "[java.util.Set\u003cjava.lang.String\u003e, java.util.Set, com.google.common.base.Optional, com.hubspot.baragon.agent.healthcheck.InternalStateChecker, java.lang.String, java.util.concurrent.atomic.AtomicReference]",
                "dst_entity_types": "[]"
              }
            }
          ]
        }
      ]
    }
  ],
  "complete_analysis": true
}