{
  "instances": [
    {
      "revision": "a8987581a9a3e8c69bd7875cd6e33cd15ed2192b",
      "repairability": [
        {
          "tool-name": "JMutRepair",
          "pattern-name": "JMutRepair:unary",
          "Unified_Diff_of-files:": "Starts Below...",
          "CHANGE_old:": "            V to \u003d map.get(target);",
          "CHANGE_new:": "            V to \u003d getElement(list, target - 1);",
          "INSERT:": "}",
          "instance_detail": [
            {
              "pattern_action": "ANY",
              "pattern_entity": {
                "entity_type": "UnaryOperator",
                "entity_new value": "*",
                "entity_role": "*",
                "entity_parent": {
                  "entity_type": "If",
                  "entity_new value": "*",
                  "entity_role": "*",
                  "entity_parent": "null"
                }
              },
              "concrete_change": {
                "operator": "DEL",
                "src_type": "UnaryOperator",
                "dst_type": "null",
                "src": "!(visited.get(currentVertex))",
                "dst": "null",
                "src_parent_type": "If",
                "dst_parent_type": "null",
                "src_parent": "if (!(visited.get(currentVertex))) {\n    visited.put(currentVertex, true);\n    while (!(graph.containsEdge(cycle.get(((cycle.size()) - 1)), currentVertex))) {\n        cycle.remove(((cycle.size()) - 1));\n    } \n    cycle.add(currentVertex);\n    if (tarInSep.equals(currentVertex)) {\n        break;\n    } else {\n        for (V neighbor : org.jgrapht.Graphs.neighborListOf(graph, currentVertex)) {\n            if (((!(visited.get(neighbor))) \u0026\u0026 (!(graph.containsEdge(sour, neighbor)))) \u0026\u0026 ((!(graph.containsEdge(tar, neighbor))) || (neighbor.equals(tarInSep)))) {\n                stack.add(neighbor);\n            }\n        }\n    }\n}",
                "dst_parent": "null"
              },
              "line": 637,
              "file": "/home/khesoem/projects/lighter/exp/jgrapht-core/src/main/java/org/jgrapht/alg/cycle/WeakChordalityInspector.java",
              "stats": {
                "number_of_src_entities": 20,
                "number_of_dst_entities": -1,
                "src_entity_types": "[boolean, java.util.Map\u003cV, java.lang.Boolean\u003e, java.util.Map, java.lang.Boolean]",
                "dst_entity_types": "[]"
              }
            }
          ]
        }
      ]
    }
  ],
  "complete_analysis": true
}