{
  "instances": [
    {
      "revision": "4a8b43b9bc34e2a06518ba68ae976e0ceb68cf49",
      "repairability": [
        {
          "tool-name": "JMutRepair",
          "pattern-name": "JMutRepair:unary",
          "Unified_Diff_of-files:": "Starts Below...",
          "CHANGE_old:": "",
          "CHANGE_new:": "        return true;",
          "INSERT:": "        IntrusiveWeightedEdge intrusiveEdge;",
          "instance_detail": [
            {
              "pattern_action": "ANY",
              "pattern_entity": {
                "entity_type": "UnaryOperator",
                "entity_new value": "*",
                "entity_role": "*",
                "entity_parent": {
                  "entity_type": "If",
                  "entity_new value": "*",
                  "entity_role": "*",
                  "entity_parent": "null"
                }
              },
              "concrete_change": {
                "operator": "INS",
                "src_type": "UnaryOperator",
                "dst_type": "null",
                "src": "!(specifics.addEdgeToTouchingVerticesIfAbsent(sourceVertex, targetVertex, e))",
                "dst": "null",
                "src_parent_type": "If",
                "dst_parent_type": "null",
                "src_parent": "if (!(specifics.addEdgeToTouchingVerticesIfAbsent(sourceVertex, targetVertex, e))) {\n    return false;\n}",
                "dst_parent": "null"
              },
              "line": 263,
              "file": "/home/khesoem/projects/lighter/exp/jgrapht-core/src/main/java/org/jgrapht/graph/AbstractBaseGraph.java"
            }
          ]
        }
      ]
    }
  ],
  "complete_analysis": true
}