{
  "instances": [
    {
      "revision": "191787d4ba266b7bb172effa5eb00df6875b39a7",
      "repairability": [
        {
          "tool-name": "JKali",
          "pattern-name": "JKali:add_rtrn",
          "Unified_Diff_of-files:": "Starts Below...",
          "INSERT:": "",
          "instance_detail": [
            {
              "pattern_action": "INS",
              "pattern_entity": {
                "entity_type": "Return",
                "entity_new value": "*",
                "entity_role": "Statement",
                "entity_parent": "null"
              },
              "concrete_change": {
                "operator": "INS",
                "src_type": "Return",
                "dst_type": "null",
                "src": "return this",
                "dst": "null",
                "src_parent_type": "Block",
                "dst_parent_type": "null",
                "src_parent": "{\n    if (((kind) !\u003d (com.squareup.javapoet.TypeSpec.Kind.CLASS)) \u0026\u0026 ((kind) !\u003d (com.squareup.javapoet.TypeSpec.Kind.ENUM))) {\n        throw new java.lang.UnsupportedOperationException(((kind) + \" can\u0027t have initializer blocks\"));\n    }\n    initializerBlock.add(\"{\\n\").indent().add(block).unindent().add(\"}\\n\");\n    return this;\n}",
                "dst_parent": "null"
              },
              "line": 504,
              "file": "/home/khesoem/projects/lighter/exp/src/main/java/com/squareup/javapoet/TypeSpec.java"
            }
          ]
        }
      ]
    }
  ],
  "complete_analysis": true
}