{
  "instances": [
    {
      "revision": "3627ded9cbd309336d7dfbd09eef35ba62bbb617",
      "repairability": [
        {
          "tool-name": "JKali",
          "pattern-name": "JKali:del",
          "Unified_Diff_of-files:": "Starts Below...",
          "INSERT:": "",
          "DELETE:": "        }",
          "CHANGE_old:": "          }",
          "CHANGE_new:": "",
          "instance_detail": [
            {
              "pattern_action": "DEL",
              "pattern_entity": {
                "entity_type": "*",
                "entity_new value": "*",
                "entity_role": "Statement",
                "entity_parent": "null"
              },
              "concrete_change": {
                "operator": "DEL",
                "src_type": "Break",
                "dst_type": "null",
                "src": "break",
                "dst": "null",
                "src_parent_type": "Block",
                "dst_parent_type": "null",
                "src_parent": "{\n    out.write(\"(\");\n    emitAnnotationValue(onlyEntry.getValue());\n    out.write(\")\");\n    break;\n}",
                "dst_parent": "null"
              },
              "line": 534,
              "file": "/home/khesoem/projects/lighter/exp/src/main/java/com/squareup/javawriter/JavaWriter.java",
              "stats": {
                "number_of_src_entities": 1,
                "number_of_dst_entities": -1,
                "src_entity_types": "[]",
                "dst_entity_types": "[]"
              }
            }
          ]
        },
        {
          "tool-name": "JKali",
          "pattern-name": "JKali:del",
          "Unified_Diff_of-files:": "Starts Below...",
          "INSERT:": "",
          "DELETE:": "        }",
          "CHANGE_old:": "          }",
          "CHANGE_new:": "",
          "instance_detail": [
            {
              "pattern_action": "DEL",
              "pattern_entity": {
                "entity_type": "*",
                "entity_new value": "*",
                "entity_role": "Statement",
                "entity_parent": "null"
              },
              "concrete_change": {
                "operator": "DEL",
                "src_type": "LocalVariable",
                "dst_type": "null",
                "src": "boolean firstAttribute \u003d true",
                "dst": "null",
                "src_parent_type": "Case",
                "dst_parent_type": "null",
                "src_parent": "default :\n    out.write(\"(\");\n    pushScope(com.squareup.javawriter.JavaWriter.Scope.ANNOTATION_ATTRIBUTE);\n    boolean firstAttribute \u003d true;\n    for (java.util.Map.Entry\u003cjava.lang.String, ?\u003e entry : attributes.entrySet()) {\n        if (firstAttribute) {\n            firstAttribute \u003d false;\n            out.write(\"\\n\");\n        } else {\n            out.write(\",\\n\");\n        }\n        indent();\n        out.write(entry.getKey());\n        out.write(\" \u003d \");\n        java.lang.Object value \u003d entry.getValue();\n        emitAnnotationValue(value);\n    }\n    popScope(com.squareup.javawriter.JavaWriter.Scope.ANNOTATION_ATTRIBUTE);\n    out.write(\"\\n\");\n    indent();\n    out.write(\")\");\n    break;",
                "dst_parent": "null"
              },
              "line": 539,
              "file": "/home/khesoem/projects/lighter/exp/src/main/java/com/squareup/javawriter/JavaWriter.java",
              "stats": {
                "number_of_src_entities": 4,
                "number_of_dst_entities": -1,
                "src_entity_types": "[boolean]",
                "dst_entity_types": "[]"
              }
            }
          ]
        },
        {
          "tool-name": "JKali",
          "pattern-name": "JKali:del",
          "Unified_Diff_of-files:": "Starts Below...",
          "INSERT:": "",
          "DELETE:": "        }",
          "CHANGE_old:": "          }",
          "CHANGE_new:": "",
          "instance_detail": [
            {
              "pattern_action": "DEL",
              "pattern_entity": {
                "entity_type": "*",
                "entity_new value": "*",
                "entity_role": "Statement",
                "entity_parent": "null"
              },
              "concrete_change": {
                "operator": "DEL",
                "src_type": "Assignment",
                "dst_type": "null",
                "src": "firstAttribute \u003d false",
                "dst": "null",
                "src_parent_type": "Block",
                "dst_parent_type": "null",
                "src_parent": "{\n    firstAttribute \u003d false;\n    out.write(\"\\n\");\n}",
                "dst_parent": "null"
              },
              "line": 542,
              "file": "/home/khesoem/projects/lighter/exp/src/main/java/com/squareup/javawriter/JavaWriter.java",
              "stats": {
                "number_of_src_entities": 7,
                "number_of_dst_entities": -1,
                "src_entity_types": "[boolean]",
                "dst_entity_types": "[]"
              }
            }
          ]
        },
        {
          "tool-name": "JKali",
          "pattern-name": "JKali:del",
          "Unified_Diff_of-files:": "Starts Below...",
          "INSERT:": "",
          "DELETE:": "        }",
          "CHANGE_old:": "          }",
          "CHANGE_new:": "",
          "instance_detail": [
            {
              "pattern_action": "DEL",
              "pattern_entity": {
                "entity_type": "*",
                "entity_new value": "*",
                "entity_role": "Statement",
                "entity_parent": "null"
              },
              "concrete_change": {
                "operator": "DEL",
                "src_type": "Invocation",
                "dst_type": "null",
                "src": "out.write(\"\\n\")",
                "dst": "null",
                "src_parent_type": "Case",
                "dst_parent_type": "null",
                "src_parent": "default :\n    out.write(\"(\");\n    pushScope(com.squareup.javawriter.JavaWriter.Scope.ANNOTATION_ATTRIBUTE);\n    boolean firstAttribute \u003d true;\n    for (java.util.Map.Entry\u003cjava.lang.String, ?\u003e entry : attributes.entrySet()) {\n        if (firstAttribute) {\n            firstAttribute \u003d false;\n            out.write(\"\\n\");\n        } else {\n            out.write(\",\\n\");\n        }\n        indent();\n        out.write(entry.getKey());\n        out.write(\" \u003d \");\n        java.lang.Object value \u003d entry.getValue();\n        emitAnnotationValue(value);\n    }\n    popScope(com.squareup.javawriter.JavaWriter.Scope.ANNOTATION_ATTRIBUTE);\n    out.write(\"\\n\");\n    indent();\n    out.write(\")\");\n    break;",
                "dst_parent": "null"
              },
              "line": 554,
              "file": "/home/khesoem/projects/lighter/exp/src/main/java/com/squareup/javawriter/JavaWriter.java",
              "stats": {
                "number_of_src_entities": 22,
                "number_of_dst_entities": -1,
                "src_entity_types": "[java.lang.String, java.io.Writer, com.squareup.javawriter.JavaWriter]",
                "dst_entity_types": "[]"
              }
            }
          ]
        },
        {
          "tool-name": "JKali",
          "pattern-name": "JKali:add_rtrn",
          "Unified_Diff_of-files:": "Starts Below...",
          "INSERT:": "",
          "DELETE:": "        }",
          "CHANGE_old:": "          }",
          "CHANGE_new:": "",
          "instance_detail": [
            {
              "pattern_action": "INS",
              "pattern_entity": {
                "entity_type": "Return",
                "entity_new value": "*",
                "entity_role": "Statement",
                "entity_parent": "null"
              },
              "concrete_change": {
                "operator": "INS",
                "src_type": "Return",
                "dst_type": "null",
                "src": "return false",
                "dst": "null",
                "src_parent_type": "Block",
                "dst_parent_type": "null",
                "src_parent": "{\n    for (java.lang.Object value : values) {\n        if (value instanceof java.lang.Object[]) {\n            return true;\n        }\n    }\n    return false;\n}",
                "dst_parent": "null"
              },
              "line": 574,
              "file": "/home/khesoem/projects/lighter/exp/src/main/java/com/squareup/javawriter/JavaWriter.java"
            }
          ]
        },
        {
          "tool-name": "JKali",
          "pattern-name": "JKali:add_rtrn",
          "Unified_Diff_of-files:": "Starts Below...",
          "INSERT:": "",
          "DELETE:": "        }",
          "CHANGE_old:": "          }",
          "CHANGE_new:": "",
          "instance_detail": [
            {
              "pattern_action": "INS",
              "pattern_entity": {
                "entity_type": "Return",
                "entity_new value": "*",
                "entity_role": "Statement",
                "entity_parent": "null"
              },
              "concrete_change": {
                "operator": "INS",
                "src_type": "Return",
                "dst_type": "null",
                "src": "return true",
                "dst": "null",
                "src_parent_type": "Block",
                "dst_parent_type": "null",
                "src_parent": "{\n    return true;\n}",
                "dst_parent": "null"
              },
              "line": 571,
              "file": "/home/khesoem/projects/lighter/exp/src/main/java/com/squareup/javawriter/JavaWriter.java"
            }
          ]
        }
      ]
    }
  ],
  "complete_analysis": true
}