{
  "instances": [
    {
      "revision": "35850a75a5e739ff2538a05065ae0b1f22cd952a",
      "repairability": [
        {
          "tool-name": "Elixir",
          "pattern-name": "Elixir:update_type_ref",
          "Unified_Diff_of-files:": "Starts Below...",
          "INSERT:": "}",
          "instance_detail": [
            {
              "pattern_action": "UPD",
              "pattern_entity": {
                "entity_type": "TypeReference",
                "entity_new value": "*",
                "entity_role": "*",
                "entity_parent": "null"
              },
              "concrete_change": {
                "operator": "UPD",
                "src_type": "TypeReference",
                "dst_type": "TypeReference",
                "src": "com.societegenerale.cidroid.tasks.consumer.services.PushEventOnDefaultBranchService",
                "dst": "com.societegenerale.cidroid.tasks.consumer.services.PushEventService",
                "src_parent_type": "Field",
                "dst_parent_type": "Field",
                "src_parent": "private com.societegenerale.cidroid.tasks.consumer.services.PushEventOnDefaultBranchService pushOnDefaultBranchService;",
                "dst_parent": "private com.societegenerale.cidroid.tasks.consumer.services.PushEventService pushEventService;"
              },
              "line": 12,
              "file": "/home/khesoem/projects/lighter/exp/ci-droid-tasks-consumer-infrastructure/src/main/java/com/societegenerale/cidroid/tasks/consumer/infrastructure/SourceControlEventListener.java",
              "stats": {
                "number_of_src_entities": 2,
                "number_of_dst_entities": 2,
                "src_entity_types": "[com.societegenerale.cidroid.tasks.consumer.services.PushEventOnDefaultBranchService]",
                "dst_entity_types": "[com.societegenerale.cidroid.tasks.consumer.services.PushEventService]"
              }
            }
          ]
        },
        {
          "tool-name": "Elixir",
          "pattern-name": "Elixir:update_type_ref",
          "Unified_Diff_of-files:": "Starts Below...",
          "INSERT:": "}",
          "instance_detail": [
            {
              "pattern_action": "UPD",
              "pattern_entity": {
                "entity_type": "TypeReference",
                "entity_new value": "*",
                "entity_role": "*",
                "entity_parent": "null"
              },
              "concrete_change": {
                "operator": "UPD",
                "src_type": "TypeReference",
                "dst_type": "TypeReference",
                "src": "com.societegenerale.cidroid.tasks.consumer.services.PushEventOnDefaultBranchService",
                "dst": "com.societegenerale.cidroid.tasks.consumer.services.PushEventService",
                "src_parent_type": "ParameterReference",
                "dst_parent_type": "Parameter",
                "src_parent": "pushOnDefaultBranchService",
                "dst_parent": "com.societegenerale.cidroid.tasks.consumer.services.PushEventService pushEventService"
              },
              "line": 16,
              "file": "/home/khesoem/projects/lighter/exp/ci-droid-tasks-consumer-infrastructure/src/main/java/com/societegenerale/cidroid/tasks/consumer/infrastructure/SourceControlEventListener.java",
              "stats": {
                "number_of_src_entities": 2,
                "number_of_dst_entities": 2,
                "src_entity_types": "[com.societegenerale.cidroid.tasks.consumer.services.PushEventOnDefaultBranchService]",
                "dst_entity_types": "[com.societegenerale.cidroid.tasks.consumer.services.PushEventService]"
              }
            }
          ]
        }
      ]
    },
    {
      "revision": "35850a75a5e739ff2538a05065ae0b1f22cd952a",
      "repairability": [
        {
          "tool-name": "Elixir",
          "pattern-name": "Elixir:update_type_ref",
          "Unified_Diff_of-files:": "Starts Below...",
          "INSERT:": "}",
          "instance_detail": [
            {
              "pattern_action": "UPD",
              "pattern_entity": {
                "entity_type": "TypeReference",
                "entity_new value": "*",
                "entity_role": "*",
                "entity_parent": "null"
              },
              "concrete_change": {
                "operator": "UPD",
                "src_type": "TypeReference",
                "dst_type": "TypeReference",
                "src": "com.societegenerale.cidroid.tasks.consumer.infrastructure.config.PushEventOnDefaultBranchService",
                "dst": "com.societegenerale.cidroid.tasks.consumer.infrastructure.config.PushEventService",
                "src_parent_type": "Method",
                "dst_parent_type": "Method",
                "src_parent": "@org.springframework.context.annotation.Bean\npublic com.societegenerale.cidroid.tasks.consumer.infrastructure.config.PushEventOnDefaultBranchService pushOnMasterService(com.societegenerale.cidroid.tasks.consumer.infrastructure.config.RemoteSourceControl remoteSourceControl, java.util.List\u003ccom.societegenerale.cidroid.tasks.consumer.services.eventhandlers.PushEventHandler\u003e pushEventHandlers) {\n    return new com.societegenerale.cidroid.tasks.consumer.infrastructure.config.PushEventOnDefaultBranchService(remoteSourceControl, pushEventHandlers);\n}",
                "dst_parent": "@org.springframework.context.annotation.Bean\npublic com.societegenerale.cidroid.tasks.consumer.infrastructure.config.PushEventService pushEventService(com.societegenerale.cidroid.tasks.consumer.infrastructure.config.RemoteSourceControl remoteSourceControl, java.util.List\u003ccom.societegenerale.cidroid.tasks.consumer.services.eventhandlers.PushEventHandler\u003e pushEventHandlers, com.societegenerale.cidroid.tasks.consumer.infrastructure.config.CiDroidBehavior ciDroidBehavior, com.societegenerale.cidroid.tasks.consumer.services.eventhandlers.PushEventMonitor pushEventMonitor) {\n    return new com.societegenerale.cidroid.tasks.consumer.infrastructure.config.PushEventService(remoteSourceControl, pushEventHandlers, ciDroidBehavior.isPushEventsMonitoringRequired(), pushEventMonitor);\n}"
              },
              "line": 94,
              "file": "/home/khesoem/projects/lighter/exp/ci-droid-tasks-consumer-infrastructure/src/main/java/com/societegenerale/cidroid/tasks/consumer/infrastructure/config/InfraConfig.java",
              "stats": {
                "number_of_src_entities": 2,
                "number_of_dst_entities": 2,
                "src_entity_types": "[com.societegenerale.cidroid.tasks.consumer.infrastructure.config.PushEventOnDefaultBranchService]",
                "dst_entity_types": "[com.societegenerale.cidroid.tasks.consumer.infrastructure.config.PushEventService]"
              }
            }
          ]
        },
        {
          "tool-name": "Elixir",
          "pattern-name": "Elixir:update_type_ref",
          "Unified_Diff_of-files:": "Starts Below...",
          "INSERT:": "}",
          "instance_detail": [
            {
              "pattern_action": "UPD",
              "pattern_entity": {
                "entity_type": "TypeReference",
                "entity_new value": "*",
                "entity_role": "*",
                "entity_parent": "null"
              },
              "concrete_change": {
                "operator": "UPD",
                "src_type": "TypeReference",
                "dst_type": "TypeReference",
                "src": "com.societegenerale.cidroid.tasks.consumer.infrastructure.config.PushEventOnDefaultBranchService",
                "dst": "com.societegenerale.cidroid.tasks.consumer.infrastructure.config.PushEventService",
                "src_parent_type": "ParameterReference",
                "dst_parent_type": "Parameter",
                "src_parent": "pushOnDefaultBranchService",
                "dst_parent": "com.societegenerale.cidroid.tasks.consumer.infrastructure.config.PushEventService pushEventService"
              },
              "line": 87,
              "file": "/home/khesoem/projects/lighter/exp/ci-droid-tasks-consumer-infrastructure/src/main/java/com/societegenerale/cidroid/tasks/consumer/infrastructure/config/InfraConfig.java",
              "stats": {
                "number_of_src_entities": 2,
                "number_of_dst_entities": 2,
                "src_entity_types": "[com.societegenerale.cidroid.tasks.consumer.infrastructure.config.PushEventOnDefaultBranchService]",
                "dst_entity_types": "[com.societegenerale.cidroid.tasks.consumer.infrastructure.config.PushEventService]"
              }
            }
          ]
        }
      ]
    },
    {
      "revision": "35850a75a5e739ff2538a05065ae0b1f22cd952a",
      "repairability": [
        {
          "tool-name": "Elixir",
          "pattern-name": "Elixir:update_invocation_deep",
          "Unified_Diff_of-files:": "Starts Below...",
          "INSERT:": "}",
          "instance_detail": [
            {
              "pattern_action": "ANY",
              "pattern_entity": {
                "entity_type": "*",
                "entity_new value": "*",
                "entity_role": "*",
                "entity_parent": {
                  "entity_type": "AbstractInvocation",
                  "entity_new value": "*",
                  "entity_role": "*",
                  "entity_parent": "null"
                }
              },
              "concrete_change": {
                "operator": "UPD",
                "src_type": "TypeAccess",
                "dst_type": "TypeAccess",
                "src": "com.societegenerale.cidroid.tasks.consumer.services.PushEventOnDefaultBranchService",
                "dst": "com.societegenerale.cidroid.tasks.consumer.services.PushEventService",
                "src_parent_type": "ThisAccess",
                "dst_parent_type": "ThisAccess",
                "src_parent": "",
                "dst_parent": ""
              },
              "stats": {
                "number_of_src_entities": 3,
                "number_of_dst_entities": 3,
                "src_entity_types": "[com.societegenerale.cidroid.tasks.consumer.services.PushEventOnDefaultBranchService]",
                "dst_entity_types": "[com.societegenerale.cidroid.tasks.consumer.services.PushEventService]"
              }
            }
          ]
        },
        {
          "tool-name": "Elixir",
          "pattern-name": "Elixir:update_invocation_deep",
          "Unified_Diff_of-files:": "Starts Below...",
          "INSERT:": "}",
          "instance_detail": [
            {
              "pattern_action": "ANY",
              "pattern_entity": {
                "entity_type": "*",
                "entity_new value": "*",
                "entity_role": "*",
                "entity_parent": {
                  "entity_type": "AbstractInvocation",
                  "entity_new value": "*",
                  "entity_role": "*",
                  "entity_parent": "null"
                }
              },
              "concrete_change": {
                "operator": "UPD",
                "src_type": "TypeAccess",
                "dst_type": "TypeAccess",
                "src": "com.societegenerale.cidroid.tasks.consumer.services.PushEventOnDefaultBranchService",
                "dst": "com.societegenerale.cidroid.tasks.consumer.services.PushEventService",
                "src_parent_type": "ThisAccess",
                "dst_parent_type": "ThisAccess",
                "src_parent": "",
                "dst_parent": ""
              },
              "stats": {
                "number_of_src_entities": 3,
                "number_of_dst_entities": 3,
                "src_entity_types": "[com.societegenerale.cidroid.tasks.consumer.services.PushEventOnDefaultBranchService]",
                "dst_entity_types": "[com.societegenerale.cidroid.tasks.consumer.services.PushEventService]"
              }
            }
          ]
        },
        {
          "tool-name": "Elixir",
          "pattern-name": "Elixir:update_invocation_deep",
          "Unified_Diff_of-files:": "Starts Below...",
          "INSERT:": "}",
          "instance_detail": [
            {
              "pattern_action": "ANY",
              "pattern_entity": {
                "entity_type": "*",
                "entity_new value": "*",
                "entity_role": "*",
                "entity_parent": {
                  "entity_type": "AbstractInvocation",
                  "entity_new value": "*",
                  "entity_role": "*",
                  "entity_parent": "null"
                }
              },
              "concrete_change": {
                "operator": "UPD",
                "src_type": "TypeAccess",
                "dst_type": "TypeAccess",
                "src": "com.societegenerale.cidroid.tasks.consumer.services.PushEventOnDefaultBranchService",
                "dst": "com.societegenerale.cidroid.tasks.consumer.services.PushEventService",
                "src_parent_type": "ThisAccess",
                "dst_parent_type": "ThisAccess",
                "src_parent": "",
                "dst_parent": ""
              },
              "stats": {
                "number_of_src_entities": 3,
                "number_of_dst_entities": 3,
                "src_entity_types": "[com.societegenerale.cidroid.tasks.consumer.services.PushEventOnDefaultBranchService]",
                "dst_entity_types": "[com.societegenerale.cidroid.tasks.consumer.services.PushEventService]"
              }
            }
          ]
        }
      ]
    }
  ],
  "complete_analysis": true
}