{
  "instances": [
    {
      "revision": "fe1a9fee011d61c0abdb17ff81b3899f77832bc9",
      "repairability": [
        {
          "tool-name": "Arja",
          "pattern-name": "Arja:arja_shallow_change",
          "Unified_Diff_of-files:": "Starts Below...",
          "CHANGE_old:": "                    emitHtml(null);",
          "CHANGE_new:": "                    hideIfNeeded(getIncomingCount(), \" (ANSI sequence with no corresponding HTML tags)\");",
          "INSERT:": "",
          "instance_detail": [
            {
              "pattern_action": "ANY",
              "pattern_entity": {
                "entity_type": "Statement",
                "entity_new value": "*",
                "entity_role": "*",
                "entity_parent": "null"
              },
              "concrete_change": {
                "operator": "DEL",
                "src_type": "Assignment",
                "dst_type": "null",
                "src": "inCount \u003d 0",
                "dst": "null",
                "src_parent_type": "Block",
                "dst_parent_type": "null",
                "src_parent": "{\n    inCount \u003d 0;\n}",
                "dst_parent": "null"
              },
              "line": 98,
              "file": "/home/khesoem/projects/lighter/exp/src/main/java/hudson/plugins/ansicolor/ColorConsoleAnnotator.java"
            }
          ]
        },
        {
          "tool-name": "Arja",
          "pattern-name": "Arja:arja_shallow_change",
          "Unified_Diff_of-files:": "Starts Below...",
          "CHANGE_old:": "                    emitHtml(null);",
          "CHANGE_new:": "                    hideIfNeeded(getIncomingCount(), \" (ANSI sequence with no corresponding HTML tags)\");",
          "INSERT:": "",
          "instance_detail": [
            {
              "pattern_action": "ANY",
              "pattern_entity": {
                "entity_type": "Statement",
                "entity_new value": "*",
                "entity_role": "*",
                "entity_parent": "null"
              },
              "concrete_change": {
                "operator": "DEL",
                "src_type": "Block",
                "dst_type": "null",
                "src": "{\n    inCount \u003d 0;\n}",
                "dst": "null",
                "src_parent_type": "If",
                "dst_parent_type": "null",
                "src_parent": "if (inCount \u003d\u003d 1) {\n    inCount \u003d 0;\n}",
                "dst_parent": "null"
              },
              "line": 97,
              "file": "/home/khesoem/projects/lighter/exp/src/main/java/hudson/plugins/ansicolor/ColorConsoleAnnotator.java"
            }
          ]
        },
        {
          "tool-name": "Arja",
          "pattern-name": "Arja:arja_shallow_change",
          "Unified_Diff_of-files:": "Starts Below...",
          "CHANGE_old:": "                    emitHtml(null);",
          "CHANGE_new:": "                    hideIfNeeded(getIncomingCount(), \" (ANSI sequence with no corresponding HTML tags)\");",
          "INSERT:": "",
          "instance_detail": [
            {
              "pattern_action": "ANY",
              "pattern_entity": {
                "entity_type": "Statement",
                "entity_new value": "*",
                "entity_role": "*",
                "entity_parent": "null"
              },
              "concrete_change": {
                "operator": "DEL",
                "src_type": "If",
                "dst_type": "null",
                "src": "if (inCount \u003d\u003d 1) {\n    inCount \u003d 0;\n}",
                "dst": "null",
                "src_parent_type": "Block",
                "dst_parent_type": "null",
                "src_parent": "{\n    int inCount \u003d incoming.getCount();\n    int outCount \u003d (outgoing.getCount()) + (adjustment);\n    if (inCount \u003d\u003d 1) {\n        inCount \u003d 0;\n    }\n    if (html !\u003d null) {\n        hudson.plugins.ansicolor.ColorConsoleAnnotator.LOGGER.log(java.util.logging.Level.FINEST, \"emitting {0} @{1}/{2}\", new java.lang.Object[]{ html, inCount, s.length() });\n        text.addMarkup(inCount, html);\n    }\n    if (inCount !\u003d (lastPoint)) {\n        lastPoint \u003d inCount;\n        int hide \u003d inCount - outCount;\n        if (hide !\u003d 0) {\n            hudson.plugins.ansicolor.ColorConsoleAnnotator.LOGGER.log(java.util.logging.Level.FINEST, \"hiding {0} @{1}{2}\", new java.lang.Object[]{ hide, outCount, html \u003d\u003d null ? \" (ANSI sequence with no corresponding HTML tags)\" : \"\" });\n            text.addMarkup(outCount, (outCount + hide), \"\u003c!--\", \"--\u003e\");\n            adjustment +\u003d hide;\n        }\n    }\n}",
                "dst_parent": "null"
              },
              "line": 97,
              "file": "/home/khesoem/projects/lighter/exp/src/main/java/hudson/plugins/ansicolor/ColorConsoleAnnotator.java",
              "stats": {
                "number_of_src_entities": 16,
                "number_of_dst_entities": -1,
                "src_entity_types": "[int, boolean]",
                "dst_entity_types": "[]"
              }
            }
          ]
        },
        {
          "tool-name": "Arja",
          "pattern-name": "Arja:arja_shallow_change",
          "Unified_Diff_of-files:": "Starts Below...",
          "CHANGE_old:": "                    emitHtml(null);",
          "CHANGE_new:": "                    hideIfNeeded(getIncomingCount(), \" (ANSI sequence with no corresponding HTML tags)\");",
          "INSERT:": "",
          "instance_detail": [
            {
              "pattern_action": "ANY",
              "pattern_entity": {
                "entity_type": "Statement",
                "entity_new value": "*",
                "entity_role": "*",
                "entity_parent": "null"
              },
              "concrete_change": {
                "operator": "DEL",
                "src_type": "Block",
                "dst_type": "null",
                "src": "{\n    hudson.plugins.ansicolor.ColorConsoleAnnotator.LOGGER.log(java.util.logging.Level.FINEST, \"emitting {0} @{1}/{2}\", new java.lang.Object[]{ html, inCount, s.length() });\n    text.addMarkup(inCount, html);\n}",
                "dst": "null",
                "src_parent_type": "If",
                "dst_parent_type": "null",
                "src_parent": "if (html !\u003d null) {\n    hudson.plugins.ansicolor.ColorConsoleAnnotator.LOGGER.log(java.util.logging.Level.FINEST, \"emitting {0} @{1}/{2}\", new java.lang.Object[]{ html, inCount, s.length() });\n    text.addMarkup(inCount, html);\n}",
                "dst_parent": "null"
              },
              "line": 100,
              "file": "/home/khesoem/projects/lighter/exp/src/main/java/hudson/plugins/ansicolor/ColorConsoleAnnotator.java"
            }
          ]
        },
        {
          "tool-name": "Arja",
          "pattern-name": "Arja:arja_shallow_change",
          "Unified_Diff_of-files:": "Starts Below...",
          "CHANGE_old:": "                    emitHtml(null);",
          "CHANGE_new:": "                    hideIfNeeded(getIncomingCount(), \" (ANSI sequence with no corresponding HTML tags)\");",
          "INSERT:": "",
          "instance_detail": [
            {
              "pattern_action": "ANY",
              "pattern_entity": {
                "entity_type": "Statement",
                "entity_new value": "*",
                "entity_role": "*",
                "entity_parent": "null"
              },
              "concrete_change": {
                "operator": "DEL",
                "src_type": "If",
                "dst_type": "null",
                "src": "if (html !\u003d null) {\n    hudson.plugins.ansicolor.ColorConsoleAnnotator.LOGGER.log(java.util.logging.Level.FINEST, \"emitting {0} @{1}/{2}\", new java.lang.Object[]{ html, inCount, s.length() });\n    text.addMarkup(inCount, html);\n}",
                "dst": "null",
                "src_parent_type": "Block",
                "dst_parent_type": "null",
                "src_parent": "{\n    int inCount \u003d incoming.getCount();\n    int outCount \u003d (outgoing.getCount()) + (adjustment);\n    if (inCount \u003d\u003d 1) {\n        inCount \u003d 0;\n    }\n    if (html !\u003d null) {\n        hudson.plugins.ansicolor.ColorConsoleAnnotator.LOGGER.log(java.util.logging.Level.FINEST, \"emitting {0} @{1}/{2}\", new java.lang.Object[]{ html, inCount, s.length() });\n        text.addMarkup(inCount, html);\n    }\n    if (inCount !\u003d (lastPoint)) {\n        lastPoint \u003d inCount;\n        int hide \u003d inCount - outCount;\n        if (hide !\u003d 0) {\n            hudson.plugins.ansicolor.ColorConsoleAnnotator.LOGGER.log(java.util.logging.Level.FINEST, \"hiding {0} @{1}{2}\", new java.lang.Object[]{ hide, outCount, html \u003d\u003d null ? \" (ANSI sequence with no corresponding HTML tags)\" : \"\" });\n            text.addMarkup(outCount, (outCount + hide), \"\u003c!--\", \"--\u003e\");\n            adjustment +\u003d hide;\n        }\n    }\n}",
                "dst_parent": "null"
              },
              "line": 100,
              "file": "/home/khesoem/projects/lighter/exp/src/main/java/hudson/plugins/ansicolor/ColorConsoleAnnotator.java",
              "stats": {
                "number_of_src_entities": 81,
                "number_of_dst_entities": -1,
                "src_entity_types": "[hudson.plugins.ansicolor.ColorConsoleAnnotator, int, boolean, java.lang.Object, java.lang.String, hudson.MarkupText, java.util.logging.Level, \u003cnulltype\u003e, java.util.logging.Logger]",
                "dst_entity_types": "[]"
              }
            }
          ]
        }
      ]
    }
  ],
  "complete_analysis": true
}