{
  "instances": [
    {
      "revision": "bf50002de69d60d86f7cc67acaafd5321d1dd32d",
      "repairability": [
        {
          "tool-name": "Arja",
          "pattern-name": "Arja:arja_shallow_change",
          "Unified_Diff_of-files:": "Starts Below...",
          "INSERT:": "      LOGGER.debug(\"Username {} is not available.\", username);",
          "CHANGE_old:": "        dataService.query(USER, User.class).eq(UserMetadata.EMAIL, oidcUser.getEmail()).findOne();",
          "CHANGE_new:": "    User user \u003d dataService.query(USER, User.class).eq(UserMetadata.EMAIL, email).findOne();",
          "instance_detail": [
            {
              "pattern_action": "ANY",
              "pattern_entity": {
                "entity_type": "Statement",
                "entity_new value": "*",
                "entity_role": "*",
                "entity_parent": "null"
              },
              "concrete_change": {
                "operator": "DEL",
                "src_type": "Invocation",
                "dst_type": "null",
                "src": "java.util.Optional.ofNullable(oidcUserMapping).map(OidcUserMapping::getUser)",
                "dst": "null",
                "src_parent_type": "Return",
                "dst_parent_type": "null",
                "src_parent": "return java.util.Optional.ofNullable(oidcUserMapping).map(OidcUserMapping::getUser)",
                "dst_parent": "null"
              },
              "line": 69,
              "file": "/home/khesoem/projects/lighter/exp/molgenis-security/src/main/java/org/molgenis/security/oidc/OidcUserMapperImpl.java"
            }
          ]
        },
        {
          "tool-name": "Arja",
          "pattern-name": "Arja:arja_shallow_change",
          "Unified_Diff_of-files:": "Starts Below...",
          "INSERT:": "      LOGGER.debug(\"Username {} is not available.\", username);",
          "CHANGE_old:": "        dataService.query(USER, User.class).eq(UserMetadata.EMAIL, oidcUser.getEmail()).findOne();",
          "CHANGE_new:": "    User user \u003d dataService.query(USER, User.class).eq(UserMetadata.EMAIL, email).findOne();",
          "instance_detail": [
            {
              "pattern_action": "ANY",
              "pattern_entity": {
                "entity_type": "Statement",
                "entity_new value": "*",
                "entity_role": "*",
                "entity_parent": "null"
              },
              "concrete_change": {
                "operator": "DEL",
                "src_type": "Return",
                "dst_type": "null",
                "src": "return java.util.Optional.ofNullable(oidcUserMapping).map(OidcUserMapping::getUser)",
                "dst": "null",
                "src_parent_type": "Block",
                "dst_parent_type": "null",
                "src_parent": "{\n    org.molgenis.security.oidc.model.OidcUserMapping oidcUserMapping \u003d dataService.query(org.molgenis.security.oidc.OIDC_USER_MAPPING, org.molgenis.security.oidc.model.OidcUserMapping.class).eq(org.molgenis.security.oidc.OIDC_CLIENT, oidcClient.getRegistrationId()).and().eq(org.molgenis.security.oidc.OIDC_USERNAME, oidcUser.getSubject()).findOne();\n    return java.util.Optional.ofNullable(oidcUserMapping).map(OidcUserMapping::getUser);\n}",
                "dst_parent": "null"
              },
              "line": 69,
              "file": "/home/khesoem/projects/lighter/exp/molgenis-security/src/main/java/org/molgenis/security/oidc/OidcUserMapperImpl.java",
              "stats": {
                "number_of_src_entities": 28,
                "number_of_dst_entities": -1,
                "src_entity_types": "[java.util.Optional, org.molgenis.security.oidc.model.OidcUserMapping]",
                "dst_entity_types": "[]"
              }
            }
          ]
        }
      ]
    },
    {
      "revision": "bf50002de69d60d86f7cc67acaafd5321d1dd32d",
      "repairability": [
        {
          "tool-name": "Arja",
          "pattern-name": "Arja:arja_shallow_change",
          "Unified_Diff_of-files:": "Starts Below...",
          "INSERT:": "      LOGGER.debug(\"Username {} is not available.\", username);",
          "CHANGE_old:": "        dataService.query(USER, User.class).eq(UserMetadata.EMAIL, oidcUser.getEmail()).findOne();",
          "CHANGE_new:": "    User user \u003d dataService.query(USER, User.class).eq(UserMetadata.EMAIL, email).findOne();",
          "instance_detail": [
            {
              "pattern_action": "ANY",
              "pattern_entity": {
                "entity_type": "Statement",
                "entity_new value": "*",
                "entity_role": "*",
                "entity_parent": "null"
              },
              "concrete_change": {
                "operator": "DEL",
                "src_type": "Invocation",
                "dst_type": "null",
                "src": "oidcClient.getEmailAttributeName()",
                "dst": "null",
                "src_parent_type": "ConstructorCall",
                "dst_parent_type": "null",
                "src_parent": "new org.molgenis.security.oidc.MappedOidcUser(oidcUserFromParent, authorities, oidcClient.getEmailAttributeName(), user.getUsername())",
                "dst_parent": "null"
              },
              "line": 72,
              "file": "/home/khesoem/projects/lighter/exp/molgenis-security/src/main/java/org/molgenis/security/oidc/MappedOidcUserService.java"
            }
          ]
        },
        {
          "tool-name": "Arja",
          "pattern-name": "Arja:arja_shallow_change",
          "Unified_Diff_of-files:": "Starts Below...",
          "INSERT:": "      LOGGER.debug(\"Username {} is not available.\", username);",
          "CHANGE_old:": "        dataService.query(USER, User.class).eq(UserMetadata.EMAIL, oidcUser.getEmail()).findOne();",
          "CHANGE_new:": "    User user \u003d dataService.query(USER, User.class).eq(UserMetadata.EMAIL, email).findOne();",
          "instance_detail": [
            {
              "pattern_action": "ANY",
              "pattern_entity": {
                "entity_type": "Statement",
                "entity_new value": "*",
                "entity_role": "*",
                "entity_parent": "null"
              },
              "concrete_change": {
                "operator": "DEL",
                "src_type": "ConstructorCall",
                "dst_type": "null",
                "src": "new org.molgenis.security.oidc.MappedOidcUser(oidcUserFromParent, authorities, oidcClient.getEmailAttributeName(), user.getUsername())",
                "dst": "null",
                "src_parent_type": "Return",
                "dst_parent_type": "null",
                "src_parent": "return new org.molgenis.security.oidc.MappedOidcUser(oidcUserFromParent, authorities, oidcClient.getEmailAttributeName(), user.getUsername())",
                "dst_parent": "null"
              },
              "line": 71,
              "file": "/home/khesoem/projects/lighter/exp/molgenis-security/src/main/java/org/molgenis/security/oidc/MappedOidcUserService.java"
            }
          ]
        },
        {
          "tool-name": "Arja",
          "pattern-name": "Arja:arja_shallow_change",
          "Unified_Diff_of-files:": "Starts Below...",
          "INSERT:": "      LOGGER.debug(\"Username {} is not available.\", username);",
          "CHANGE_old:": "        dataService.query(USER, User.class).eq(UserMetadata.EMAIL, oidcUser.getEmail()).findOne();",
          "CHANGE_new:": "    User user \u003d dataService.query(USER, User.class).eq(UserMetadata.EMAIL, email).findOne();",
          "instance_detail": [
            {
              "pattern_action": "ANY",
              "pattern_entity": {
                "entity_type": "Statement",
                "entity_new value": "*",
                "entity_role": "*",
                "entity_parent": "null"
              },
              "concrete_change": {
                "operator": "DEL",
                "src_type": "Return",
                "dst_type": "null",
                "src": "return new org.molgenis.security.oidc.MappedOidcUser(oidcUserFromParent, authorities, oidcClient.getEmailAttributeName(), user.getUsername())",
                "dst": "null",
                "src_parent_type": "Block",
                "dst_parent_type": "null",
                "src_parent": "{\n    org.molgenis.security.oidc.model.OidcClient oidcClient \u003d getOidcClient(userRequest);\n    org.springframework.security.oauth2.core.oidc.user.OidcUser oidcUser \u003d new org.molgenis.security.oidc.MappedOidcUser(oidcUserFromParent, oidcClient.getEmailAttributeName(), oidcClient.getUsernameAttributeName());\n    org.molgenis.data.security.auth.User user \u003d oidcUserMapper.toUser(oidcUser, oidcClient);\n    java.util.Set\u003corg.springframework.security.core.GrantedAuthority\u003e authorities \u003d new java.util.HashSet(userDetailsServiceImpl.getAuthorities(user));\n    return new org.molgenis.security.oidc.MappedOidcUser(oidcUserFromParent, authorities, oidcClient.getEmailAttributeName(), user.getUsername());\n}",
                "dst_parent": "null"
              },
              "line": 71,
              "file": "/home/khesoem/projects/lighter/exp/molgenis-security/src/main/java/org/molgenis/security/oidc/MappedOidcUserService.java",
              "stats": {
                "number_of_src_entities": 33,
                "number_of_dst_entities": -1,
                "src_entity_types": "[java.util.Set\u003corg.springframework.security.core.GrantedAuthority\u003e, org.molgenis.security.oidc.model.OidcClient, org.molgenis.data.security.auth.User, java.lang.Object, org.springframework.security.core.GrantedAuthority, org.springframework.security.oauth2.core.oidc.user.OidcUser]",
                "dst_entity_types": "[]"
              }
            }
          ]
        }
      ]
    }
  ],
  "complete_analysis": true
}