{
  "instances": [
    {
      "revision": "2a6d9392ff9611f1cce5028698dbe3e152c2d293",
      "repairability": [
        {
          "tool-name": "Arja",
          "pattern-name": "Arja:arja_shallow_change",
          "Unified_Diff_of-files:": "Starts Below...",
          "INSERT:": "    model.addAttribute(\"formSettings\", this.formSettings);",
          "CHANGE_old:": "      throw new IllegalArgumentException(\"PluginUserManagerService is null\");",
          "CHANGE_new:": "    this.pluginUserManagerService \u003d requireNonNull(pluginUserManagerService);",
          "DELETE:": "  }",
          "instance_detail": [
            {
              "pattern_action": "ANY",
              "pattern_entity": {
                "entity_type": "Statement",
                "entity_new value": "*",
                "entity_role": "*",
                "entity_parent": "null"
              },
              "concrete_change": {
                "operator": "DEL",
                "src_type": "ConstructorCall",
                "dst_type": "null",
                "src": "new java.lang.IllegalArgumentException(\"PluginUserManagerService is null\")",
                "dst": "null",
                "src_parent_type": "Throw",
                "dst_parent_type": "null",
                "src_parent": "throw new java.lang.IllegalArgumentException(\"PluginUserManagerService is null\")",
                "dst_parent": "null"
              },
              "line": 28,
              "file": "/home/khesoem/projects/lighter/exp/molgenis-core-ui/src/main/java/org/molgenis/core/ui/admin/usermanager/UserManagerController.java"
            }
          ]
        },
        {
          "tool-name": "Arja",
          "pattern-name": "Arja:arja_shallow_change",
          "Unified_Diff_of-files:": "Starts Below...",
          "INSERT:": "    model.addAttribute(\"formSettings\", this.formSettings);",
          "CHANGE_old:": "      throw new IllegalArgumentException(\"PluginUserManagerService is null\");",
          "CHANGE_new:": "    this.pluginUserManagerService \u003d requireNonNull(pluginUserManagerService);",
          "DELETE:": "  }",
          "instance_detail": [
            {
              "pattern_action": "ANY",
              "pattern_entity": {
                "entity_type": "Statement",
                "entity_new value": "*",
                "entity_role": "*",
                "entity_parent": "null"
              },
              "concrete_change": {
                "operator": "DEL",
                "src_type": "Throw",
                "dst_type": "null",
                "src": "throw new java.lang.IllegalArgumentException(\"PluginUserManagerService is null\")",
                "dst": "null",
                "src_parent_type": "Block",
                "dst_parent_type": "null",
                "src_parent": "{\n    throw new java.lang.IllegalArgumentException(\"PluginUserManagerService is null\");\n}",
                "dst_parent": "null"
              },
              "line": 28,
              "file": "/home/khesoem/projects/lighter/exp/molgenis-core-ui/src/main/java/org/molgenis/core/ui/admin/usermanager/UserManagerController.java"
            }
          ]
        },
        {
          "tool-name": "Arja",
          "pattern-name": "Arja:arja_shallow_change",
          "Unified_Diff_of-files:": "Starts Below...",
          "INSERT:": "    model.addAttribute(\"formSettings\", this.formSettings);",
          "CHANGE_old:": "      throw new IllegalArgumentException(\"PluginUserManagerService is null\");",
          "CHANGE_new:": "    this.pluginUserManagerService \u003d requireNonNull(pluginUserManagerService);",
          "DELETE:": "  }",
          "instance_detail": [
            {
              "pattern_action": "ANY",
              "pattern_entity": {
                "entity_type": "Statement",
                "entity_new value": "*",
                "entity_role": "*",
                "entity_parent": "null"
              },
              "concrete_change": {
                "operator": "DEL",
                "src_type": "Block",
                "dst_type": "null",
                "src": "{\n    throw new java.lang.IllegalArgumentException(\"PluginUserManagerService is null\");\n}",
                "dst": "null",
                "src_parent_type": "If",
                "dst_parent_type": "null",
                "src_parent": "if (pluginUserManagerService \u003d\u003d null) {\n    throw new java.lang.IllegalArgumentException(\"PluginUserManagerService is null\");\n}",
                "dst_parent": "null"
              },
              "line": 27,
              "file": "/home/khesoem/projects/lighter/exp/molgenis-core-ui/src/main/java/org/molgenis/core/ui/admin/usermanager/UserManagerController.java"
            }
          ]
        },
        {
          "tool-name": "Arja",
          "pattern-name": "Arja:arja_shallow_change",
          "Unified_Diff_of-files:": "Starts Below...",
          "INSERT:": "    model.addAttribute(\"formSettings\", this.formSettings);",
          "CHANGE_old:": "      throw new IllegalArgumentException(\"PluginUserManagerService is null\");",
          "CHANGE_new:": "    this.pluginUserManagerService \u003d requireNonNull(pluginUserManagerService);",
          "DELETE:": "  }",
          "instance_detail": [
            {
              "pattern_action": "ANY",
              "pattern_entity": {
                "entity_type": "Statement",
                "entity_new value": "*",
                "entity_role": "*",
                "entity_parent": "null"
              },
              "concrete_change": {
                "operator": "DEL",
                "src_type": "If",
                "dst_type": "null",
                "src": "if (pluginUserManagerService \u003d\u003d null) {\n    throw new java.lang.IllegalArgumentException(\"PluginUserManagerService is null\");\n}",
                "dst": "null",
                "src_parent_type": "Block",
                "dst_parent_type": "null",
                "src_parent": "{\n    super(org.molgenis.core.ui.admin.usermanager.UserManagerController.URI);\n    if (pluginUserManagerService \u003d\u003d null) {\n        throw new java.lang.IllegalArgumentException(\"PluginUserManagerService is null\");\n    }\n    this.pluginUserManagerService \u003d pluginUserManagerService;\n}",
                "dst_parent": "null"
              },
              "line": 27,
              "file": "/home/khesoem/projects/lighter/exp/molgenis-core-ui/src/main/java/org/molgenis/core/ui/admin/usermanager/UserManagerController.java",
              "stats": {
                "number_of_src_entities": 21,
                "number_of_dst_entities": -1,
                "src_entity_types": "[org.molgenis.core.ui.admin.usermanager.UserManagerService, java.lang.String, \u003cnulltype\u003e, java.lang.IllegalArgumentException]",
                "dst_entity_types": "[]"
              }
            }
          ]
        }
      ]
    }
  ],
  "complete_analysis": true
}