{
  "instances": [
    {
      "revision": "a9678f2591c79e2147282d28a9d554ebe0eaf085",
      "repairability": [
        {
          "tool-name": "Arja",
          "pattern-name": "Arja:arja_shallow_change",
          "Unified_Diff_of-files:": "Starts Below...",
          "DELETE:": "import static com.google.common.collect.Maps.newLinkedHashMap;",
          "CHANGE_old:": "    }",
          "CHANGE_new:": "",
          "instance_detail": [
            {
              "pattern_action": "ANY",
              "pattern_entity": {
                "entity_type": "Statement",
                "entity_new value": "*",
                "entity_role": "*",
                "entity_parent": "null"
              },
              "concrete_change": {
                "operator": "DEL",
                "src_type": "Invocation",
                "dst_type": "null",
                "src": "newEntityType.getId()",
                "dst": "null",
                "src_parent_type": "LocalVariable",
                "dst_parent_type": "null",
                "src_parent": "java.lang.String newEntityTypeId \u003d newEntityType.getId()",
                "dst_parent": "null"
              },
              "line": 520,
              "file": "/home/khesoem/projects/lighter/exp/molgenis-data/src/main/java/org/molgenis/data/meta/MetaDataServiceImpl.java"
            }
          ]
        },
        {
          "tool-name": "Arja",
          "pattern-name": "Arja:arja_shallow_change",
          "Unified_Diff_of-files:": "Starts Below...",
          "DELETE:": "import static com.google.common.collect.Maps.newLinkedHashMap;",
          "CHANGE_old:": "    }",
          "CHANGE_new:": "",
          "instance_detail": [
            {
              "pattern_action": "ANY",
              "pattern_entity": {
                "entity_type": "Statement",
                "entity_new value": "*",
                "entity_role": "*",
                "entity_parent": "null"
              },
              "concrete_change": {
                "operator": "DEL",
                "src_type": "LocalVariable",
                "dst_type": "null",
                "src": "java.lang.String newEntityTypeId \u003d newEntityType.getId()",
                "dst": "null",
                "src_parent_type": "Block",
                "dst_parent_type": "null",
                "src_parent": "{\n    java.lang.String newEntityTypeId \u003d newEntityType.getId();\n    if (dataService.hasRepository(newEntityTypeId)) {\n        org.molgenis.data.meta.model.EntityType oldEntityType \u003d dataService.getEntityType(newEntityTypeId);\n        java.util.List\u003corg.molgenis.data.meta.model.Attribute\u003e oldAtomicAttributes \u003d com.google.common.collect.Streams.stream(oldEntityType.getAtomicAttributes()).collect(java.util.stream.Collectors.toList());\n        java.util.LinkedHashMap\u003cjava.lang.String, org.molgenis.data.meta.model.Attribute\u003e newAtomicAttributesMap \u003d com.google.common.collect.Maps.newLinkedHashMap();\n        com.google.common.collect.Streams.stream(newEntityType.getAtomicAttributes()).forEach(( attribute) -\u003e newAtomicAttributesMap.put(attribute.getName(), attribute));\n        for (org.molgenis.data.meta.model.Attribute oldAttribute : oldAtomicAttributes) {\n            if (!(newAtomicAttributesMap.keySet().contains(oldAttribute.getName())))\n                return false;\n\n            if (!(org.molgenis.data.util.EntityUtils.equals(oldAttribute, newAtomicAttributesMap.get(oldAttribute.getName()), false)))\n                return false;\n\n        }\n    }\n    return true;\n}",
                "dst_parent": "null"
              },
              "line": 520,
              "file": "/home/khesoem/projects/lighter/exp/molgenis-data/src/main/java/org/molgenis/data/meta/MetaDataServiceImpl.java",
              "stats": {
                "number_of_src_entities": 13,
                "number_of_dst_entities": -1,
                "src_entity_types": "[org.molgenis.data.meta.model.EntityType, java.lang.String]",
                "dst_entity_types": "[]"
              }
            }
          ]
        },
        {
          "tool-name": "Arja",
          "pattern-name": "Arja:arja_shallow_change",
          "Unified_Diff_of-files:": "Starts Below...",
          "DELETE:": "import static com.google.common.collect.Maps.newLinkedHashMap;",
          "CHANGE_old:": "    }",
          "CHANGE_new:": "",
          "instance_detail": [
            {
              "pattern_action": "ANY",
              "pattern_entity": {
                "entity_type": "Statement",
                "entity_new value": "*",
                "entity_role": "*",
                "entity_parent": "null"
              },
              "concrete_change": {
                "operator": "DEL",
                "src_type": "Invocation",
                "dst_type": "null",
                "src": "dataService.hasRepository(newEntityTypeId)",
                "dst": "null",
                "src_parent_type": "If",
                "dst_parent_type": "null",
                "src_parent": "if (dataService.hasRepository(newEntityTypeId)) {\n    org.molgenis.data.meta.model.EntityType oldEntityType \u003d dataService.getEntityType(newEntityTypeId);\n    java.util.List\u003corg.molgenis.data.meta.model.Attribute\u003e oldAtomicAttributes \u003d com.google.common.collect.Streams.stream(oldEntityType.getAtomicAttributes()).collect(java.util.stream.Collectors.toList());\n    java.util.LinkedHashMap\u003cjava.lang.String, org.molgenis.data.meta.model.Attribute\u003e newAtomicAttributesMap \u003d com.google.common.collect.Maps.newLinkedHashMap();\n    com.google.common.collect.Streams.stream(newEntityType.getAtomicAttributes()).forEach(( attribute) -\u003e newAtomicAttributesMap.put(attribute.getName(), attribute));\n    for (org.molgenis.data.meta.model.Attribute oldAttribute : oldAtomicAttributes) {\n        if (!(newAtomicAttributesMap.keySet().contains(oldAttribute.getName())))\n            return false;\n\n        if (!(org.molgenis.data.util.EntityUtils.equals(oldAttribute, newAtomicAttributesMap.get(oldAttribute.getName()), false)))\n            return false;\n\n    }\n}",
                "dst_parent": "null"
              },
              "line": 521,
              "file": "/home/khesoem/projects/lighter/exp/molgenis-data/src/main/java/org/molgenis/data/meta/MetaDataServiceImpl.java"
            }
          ]
        },
        {
          "tool-name": "Arja",
          "pattern-name": "Arja:arja_shallow_change",
          "Unified_Diff_of-files:": "Starts Below...",
          "DELETE:": "import static com.google.common.collect.Maps.newLinkedHashMap;",
          "CHANGE_old:": "    }",
          "CHANGE_new:": "",
          "instance_detail": [
            {
              "pattern_action": "ANY",
              "pattern_entity": {
                "entity_type": "Statement",
                "entity_new value": "*",
                "entity_role": "*",
                "entity_parent": "null"
              },
              "concrete_change": {
                "operator": "DEL",
                "src_type": "Invocation",
                "dst_type": "null",
                "src": "dataService.getEntityType(newEntityTypeId)",
                "dst": "null",
                "src_parent_type": "LocalVariable",
                "dst_parent_type": "null",
                "src_parent": "org.molgenis.data.meta.model.EntityType oldEntityType \u003d dataService.getEntityType(newEntityTypeId)",
                "dst_parent": "null"
              },
              "line": 522,
              "file": "/home/khesoem/projects/lighter/exp/molgenis-data/src/main/java/org/molgenis/data/meta/MetaDataServiceImpl.java"
            }
          ]
        },
        {
          "tool-name": "Arja",
          "pattern-name": "Arja:arja_shallow_change",
          "Unified_Diff_of-files:": "Starts Below...",
          "DELETE:": "import static com.google.common.collect.Maps.newLinkedHashMap;",
          "CHANGE_old:": "    }",
          "CHANGE_new:": "",
          "instance_detail": [
            {
              "pattern_action": "ANY",
              "pattern_entity": {
                "entity_type": "Statement",
                "entity_new value": "*",
                "entity_role": "*",
                "entity_parent": "null"
              },
              "concrete_change": {
                "operator": "DEL",
                "src_type": "LocalVariable",
                "dst_type": "null",
                "src": "org.molgenis.data.meta.model.EntityType oldEntityType \u003d dataService.getEntityType(newEntityTypeId)",
                "dst": "null",
                "src_parent_type": "Block",
                "dst_parent_type": "null",
                "src_parent": "{\n    org.molgenis.data.meta.model.EntityType oldEntityType \u003d dataService.getEntityType(newEntityTypeId);\n    java.util.List\u003corg.molgenis.data.meta.model.Attribute\u003e oldAtomicAttributes \u003d com.google.common.collect.Streams.stream(oldEntityType.getAtomicAttributes()).collect(java.util.stream.Collectors.toList());\n    java.util.LinkedHashMap\u003cjava.lang.String, org.molgenis.data.meta.model.Attribute\u003e newAtomicAttributesMap \u003d com.google.common.collect.Maps.newLinkedHashMap();\n    com.google.common.collect.Streams.stream(newEntityType.getAtomicAttributes()).forEach(( attribute) -\u003e newAtomicAttributesMap.put(attribute.getName(), attribute));\n    for (org.molgenis.data.meta.model.Attribute oldAttribute : oldAtomicAttributes) {\n        if (!(newAtomicAttributesMap.keySet().contains(oldAttribute.getName())))\n            return false;\n\n        if (!(org.molgenis.data.util.EntityUtils.equals(oldAttribute, newAtomicAttributesMap.get(oldAttribute.getName()), false)))\n            return false;\n\n    }\n}",
                "dst_parent": "null"
              },
              "line": 522,
              "file": "/home/khesoem/projects/lighter/exp/molgenis-data/src/main/java/org/molgenis/data/meta/MetaDataServiceImpl.java"
            }
          ]
        },
        {
          "tool-name": "Arja",
          "pattern-name": "Arja:arja_shallow_change",
          "Unified_Diff_of-files:": "Starts Below...",
          "DELETE:": "import static com.google.common.collect.Maps.newLinkedHashMap;",
          "CHANGE_old:": "    }",
          "CHANGE_new:": "",
          "instance_detail": [
            {
              "pattern_action": "ANY",
              "pattern_entity": {
                "entity_type": "Statement",
                "entity_new value": "*",
                "entity_role": "*",
                "entity_parent": "null"
              },
              "concrete_change": {
                "operator": "DEL",
                "src_type": "Invocation",
                "dst_type": "null",
                "src": "oldEntityType.getAtomicAttributes()",
                "dst": "null",
                "src_parent_type": "Invocation",
                "dst_parent_type": "null",
                "src_parent": "com.google.common.collect.Streams.stream(oldEntityType.getAtomicAttributes())",
                "dst_parent": "null"
              },
              "line": 524,
              "file": "/home/khesoem/projects/lighter/exp/molgenis-data/src/main/java/org/molgenis/data/meta/MetaDataServiceImpl.java"
            }
          ]
        },
        {
          "tool-name": "Arja",
          "pattern-name": "Arja:arja_shallow_change",
          "Unified_Diff_of-files:": "Starts Below...",
          "DELETE:": "import static com.google.common.collect.Maps.newLinkedHashMap;",
          "CHANGE_old:": "    }",
          "CHANGE_new:": "",
          "instance_detail": [
            {
              "pattern_action": "ANY",
              "pattern_entity": {
                "entity_type": "Statement",
                "entity_new value": "*",
                "entity_role": "*",
                "entity_parent": "null"
              },
              "concrete_change": {
                "operator": "DEL",
                "src_type": "Invocation",
                "dst_type": "null",
                "src": "com.google.common.collect.Streams.stream(oldEntityType.getAtomicAttributes())",
                "dst": "null",
                "src_parent_type": "Invocation",
                "dst_parent_type": "null",
                "src_parent": "com.google.common.collect.Streams.stream(oldEntityType.getAtomicAttributes()).collect(java.util.stream.Collectors.toList())",
                "dst_parent": "null"
              },
              "line": 524,
              "file": "/home/khesoem/projects/lighter/exp/molgenis-data/src/main/java/org/molgenis/data/meta/MetaDataServiceImpl.java"
            }
          ]
        },
        {
          "tool-name": "Arja",
          "pattern-name": "Arja:arja_shallow_change",
          "Unified_Diff_of-files:": "Starts Below...",
          "DELETE:": "import static com.google.common.collect.Maps.newLinkedHashMap;",
          "CHANGE_old:": "    }",
          "CHANGE_new:": "",
          "instance_detail": [
            {
              "pattern_action": "ANY",
              "pattern_entity": {
                "entity_type": "Statement",
                "entity_new value": "*",
                "entity_role": "*",
                "entity_parent": "null"
              },
              "concrete_change": {
                "operator": "DEL",
                "src_type": "Invocation",
                "dst_type": "null",
                "src": "java.util.stream.Collectors.toList()",
                "dst": "null",
                "src_parent_type": "Invocation",
                "dst_parent_type": "null",
                "src_parent": "com.google.common.collect.Streams.stream(oldEntityType.getAtomicAttributes()).collect(java.util.stream.Collectors.toList())",
                "dst_parent": "null"
              },
              "line": 524,
              "file": "/home/khesoem/projects/lighter/exp/molgenis-data/src/main/java/org/molgenis/data/meta/MetaDataServiceImpl.java"
            }
          ]
        },
        {
          "tool-name": "Arja",
          "pattern-name": "Arja:arja_shallow_change",
          "Unified_Diff_of-files:": "Starts Below...",
          "DELETE:": "import static com.google.common.collect.Maps.newLinkedHashMap;",
          "CHANGE_old:": "    }",
          "CHANGE_new:": "",
          "instance_detail": [
            {
              "pattern_action": "ANY",
              "pattern_entity": {
                "entity_type": "Statement",
                "entity_new value": "*",
                "entity_role": "*",
                "entity_parent": "null"
              },
              "concrete_change": {
                "operator": "DEL",
                "src_type": "Invocation",
                "dst_type": "null",
                "src": "com.google.common.collect.Streams.stream(oldEntityType.getAtomicAttributes()).collect(java.util.stream.Collectors.toList())",
                "dst": "null",
                "src_parent_type": "LocalVariable",
                "dst_parent_type": "null",
                "src_parent": "java.util.List\u003corg.molgenis.data.meta.model.Attribute\u003e oldAtomicAttributes \u003d com.google.common.collect.Streams.stream(oldEntityType.getAtomicAttributes()).collect(java.util.stream.Collectors.toList())",
                "dst_parent": "null"
              },
              "line": 524,
              "file": "/home/khesoem/projects/lighter/exp/molgenis-data/src/main/java/org/molgenis/data/meta/MetaDataServiceImpl.java"
            }
          ]
        },
        {
          "tool-name": "Arja",
          "pattern-name": "Arja:arja_shallow_change",
          "Unified_Diff_of-files:": "Starts Below...",
          "DELETE:": "import static com.google.common.collect.Maps.newLinkedHashMap;",
          "CHANGE_old:": "    }",
          "CHANGE_new:": "",
          "instance_detail": [
            {
              "pattern_action": "ANY",
              "pattern_entity": {
                "entity_type": "Statement",
                "entity_new value": "*",
                "entity_role": "*",
                "entity_parent": "null"
              },
              "concrete_change": {
                "operator": "DEL",
                "src_type": "LocalVariable",
                "dst_type": "null",
                "src": "java.util.List\u003corg.molgenis.data.meta.model.Attribute\u003e oldAtomicAttributes \u003d com.google.common.collect.Streams.stream(oldEntityType.getAtomicAttributes()).collect(java.util.stream.Collectors.toList())",
                "dst": "null",
                "src_parent_type": "Block",
                "dst_parent_type": "null",
                "src_parent": "{\n    org.molgenis.data.meta.model.EntityType oldEntityType \u003d dataService.getEntityType(newEntityTypeId);\n    java.util.List\u003corg.molgenis.data.meta.model.Attribute\u003e oldAtomicAttributes \u003d com.google.common.collect.Streams.stream(oldEntityType.getAtomicAttributes()).collect(java.util.stream.Collectors.toList());\n    java.util.LinkedHashMap\u003cjava.lang.String, org.molgenis.data.meta.model.Attribute\u003e newAtomicAttributesMap \u003d com.google.common.collect.Maps.newLinkedHashMap();\n    com.google.common.collect.Streams.stream(newEntityType.getAtomicAttributes()).forEach(( attribute) -\u003e newAtomicAttributesMap.put(attribute.getName(), attribute));\n    for (org.molgenis.data.meta.model.Attribute oldAttribute : oldAtomicAttributes) {\n        if (!(newAtomicAttributesMap.keySet().contains(oldAttribute.getName())))\n            return false;\n\n        if (!(org.molgenis.data.util.EntityUtils.equals(oldAttribute, newAtomicAttributesMap.get(oldAttribute.getName()), false)))\n            return false;\n\n    }\n}",
                "dst_parent": "null"
              },
              "line": 523,
              "file": "/home/khesoem/projects/lighter/exp/molgenis-data/src/main/java/org/molgenis/data/meta/MetaDataServiceImpl.java"
            }
          ]
        },
        {
          "tool-name": "Arja",
          "pattern-name": "Arja:arja_shallow_change",
          "Unified_Diff_of-files:": "Starts Below...",
          "DELETE:": "import static com.google.common.collect.Maps.newLinkedHashMap;",
          "CHANGE_old:": "    }",
          "CHANGE_new:": "",
          "instance_detail": [
            {
              "pattern_action": "ANY",
              "pattern_entity": {
                "entity_type": "Statement",
                "entity_new value": "*",
                "entity_role": "*",
                "entity_parent": "null"
              },
              "concrete_change": {
                "operator": "DEL",
                "src_type": "Invocation",
                "dst_type": "null",
                "src": "com.google.common.collect.Maps.newLinkedHashMap()",
                "dst": "null",
                "src_parent_type": "LocalVariable",
                "dst_parent_type": "null",
                "src_parent": "java.util.LinkedHashMap\u003cjava.lang.String, org.molgenis.data.meta.model.Attribute\u003e newAtomicAttributesMap \u003d com.google.common.collect.Maps.newLinkedHashMap()",
                "dst_parent": "null"
              },
              "line": 526,
              "file": "/home/khesoem/projects/lighter/exp/molgenis-data/src/main/java/org/molgenis/data/meta/MetaDataServiceImpl.java"
            }
          ]
        },
        {
          "tool-name": "Arja",
          "pattern-name": "Arja:arja_shallow_change",
          "Unified_Diff_of-files:": "Starts Below...",
          "DELETE:": "import static com.google.common.collect.Maps.newLinkedHashMap;",
          "CHANGE_old:": "    }",
          "CHANGE_new:": "",
          "instance_detail": [
            {
              "pattern_action": "ANY",
              "pattern_entity": {
                "entity_type": "Statement",
                "entity_new value": "*",
                "entity_role": "*",
                "entity_parent": "null"
              },
              "concrete_change": {
                "operator": "DEL",
                "src_type": "LocalVariable",
                "dst_type": "null",
                "src": "java.util.LinkedHashMap\u003cjava.lang.String, org.molgenis.data.meta.model.Attribute\u003e newAtomicAttributesMap \u003d com.google.common.collect.Maps.newLinkedHashMap()",
                "dst": "null",
                "src_parent_type": "Block",
                "dst_parent_type": "null",
                "src_parent": "{\n    org.molgenis.data.meta.model.EntityType oldEntityType \u003d dataService.getEntityType(newEntityTypeId);\n    java.util.List\u003corg.molgenis.data.meta.model.Attribute\u003e oldAtomicAttributes \u003d com.google.common.collect.Streams.stream(oldEntityType.getAtomicAttributes()).collect(java.util.stream.Collectors.toList());\n    java.util.LinkedHashMap\u003cjava.lang.String, org.molgenis.data.meta.model.Attribute\u003e newAtomicAttributesMap \u003d com.google.common.collect.Maps.newLinkedHashMap();\n    com.google.common.collect.Streams.stream(newEntityType.getAtomicAttributes()).forEach(( attribute) -\u003e newAtomicAttributesMap.put(attribute.getName(), attribute));\n    for (org.molgenis.data.meta.model.Attribute oldAttribute : oldAtomicAttributes) {\n        if (!(newAtomicAttributesMap.keySet().contains(oldAttribute.getName())))\n            return false;\n\n        if (!(org.molgenis.data.util.EntityUtils.equals(oldAttribute, newAtomicAttributesMap.get(oldAttribute.getName()), false)))\n            return false;\n\n    }\n}",
                "dst_parent": "null"
              },
              "line": 526,
              "file": "/home/khesoem/projects/lighter/exp/molgenis-data/src/main/java/org/molgenis/data/meta/MetaDataServiceImpl.java"
            }
          ]
        },
        {
          "tool-name": "Arja",
          "pattern-name": "Arja:arja_shallow_change",
          "Unified_Diff_of-files:": "Starts Below...",
          "DELETE:": "import static com.google.common.collect.Maps.newLinkedHashMap;",
          "CHANGE_old:": "    }",
          "CHANGE_new:": "",
          "instance_detail": [
            {
              "pattern_action": "ANY",
              "pattern_entity": {
                "entity_type": "Statement",
                "entity_new value": "*",
                "entity_role": "*",
                "entity_parent": "null"
              },
              "concrete_change": {
                "operator": "DEL",
                "src_type": "Invocation",
                "dst_type": "null",
                "src": "newEntityType.getAtomicAttributes()",
                "dst": "null",
                "src_parent_type": "Invocation",
                "dst_parent_type": "null",
                "src_parent": "com.google.common.collect.Streams.stream(newEntityType.getAtomicAttributes())",
                "dst_parent": "null"
              },
              "line": 527,
              "file": "/home/khesoem/projects/lighter/exp/molgenis-data/src/main/java/org/molgenis/data/meta/MetaDataServiceImpl.java"
            }
          ]
        },
        {
          "tool-name": "Arja",
          "pattern-name": "Arja:arja_shallow_change",
          "Unified_Diff_of-files:": "Starts Below...",
          "DELETE:": "import static com.google.common.collect.Maps.newLinkedHashMap;",
          "CHANGE_old:": "    }",
          "CHANGE_new:": "",
          "instance_detail": [
            {
              "pattern_action": "ANY",
              "pattern_entity": {
                "entity_type": "Statement",
                "entity_new value": "*",
                "entity_role": "*",
                "entity_parent": "null"
              },
              "concrete_change": {
                "operator": "DEL",
                "src_type": "Invocation",
                "dst_type": "null",
                "src": "com.google.common.collect.Streams.stream(newEntityType.getAtomicAttributes())",
                "dst": "null",
                "src_parent_type": "Invocation",
                "dst_parent_type": "null",
                "src_parent": "com.google.common.collect.Streams.stream(newEntityType.getAtomicAttributes()).forEach(( attribute) -\u003e newAtomicAttributesMap.put(attribute.getName(), attribute))",
                "dst_parent": "null"
              },
              "line": 527,
              "file": "/home/khesoem/projects/lighter/exp/molgenis-data/src/main/java/org/molgenis/data/meta/MetaDataServiceImpl.java"
            }
          ]
        },
        {
          "tool-name": "Arja",
          "pattern-name": "Arja:arja_shallow_change",
          "Unified_Diff_of-files:": "Starts Below...",
          "DELETE:": "import static com.google.common.collect.Maps.newLinkedHashMap;",
          "CHANGE_old:": "    }",
          "CHANGE_new:": "",
          "instance_detail": [
            {
              "pattern_action": "ANY",
              "pattern_entity": {
                "entity_type": "Statement",
                "entity_new value": "*",
                "entity_role": "*",
                "entity_parent": "null"
              },
              "concrete_change": {
                "operator": "DEL",
                "src_type": "Invocation",
                "dst_type": "null",
                "src": "attribute.getName()",
                "dst": "null",
                "src_parent_type": "Invocation",
                "dst_parent_type": "null",
                "src_parent": "newAtomicAttributesMap.put(attribute.getName(), attribute)",
                "dst_parent": "null"
              },
              "line": 528,
              "file": "/home/khesoem/projects/lighter/exp/molgenis-data/src/main/java/org/molgenis/data/meta/MetaDataServiceImpl.java"
            }
          ]
        },
        {
          "tool-name": "Arja",
          "pattern-name": "Arja:arja_shallow_change",
          "Unified_Diff_of-files:": "Starts Below...",
          "DELETE:": "import static com.google.common.collect.Maps.newLinkedHashMap;",
          "CHANGE_old:": "    }",
          "CHANGE_new:": "",
          "instance_detail": [
            {
              "pattern_action": "ANY",
              "pattern_entity": {
                "entity_type": "Statement",
                "entity_new value": "*",
                "entity_role": "*",
                "entity_parent": "null"
              },
              "concrete_change": {
                "operator": "DEL",
                "src_type": "Invocation",
                "dst_type": "null",
                "src": "newAtomicAttributesMap.put(attribute.getName(), attribute)",
                "dst": "null",
                "src_parent_type": "Lambda",
                "dst_parent_type": "null",
                "src_parent": "( attribute) -\u003e newAtomicAttributesMap.put(attribute.getName(), attribute)",
                "dst_parent": "null"
              },
              "line": 528,
              "file": "/home/khesoem/projects/lighter/exp/molgenis-data/src/main/java/org/molgenis/data/meta/MetaDataServiceImpl.java"
            }
          ]
        },
        {
          "tool-name": "Arja",
          "pattern-name": "Arja:arja_shallow_change",
          "Unified_Diff_of-files:": "Starts Below...",
          "DELETE:": "import static com.google.common.collect.Maps.newLinkedHashMap;",
          "CHANGE_old:": "    }",
          "CHANGE_new:": "",
          "instance_detail": [
            {
              "pattern_action": "ANY",
              "pattern_entity": {
                "entity_type": "Statement",
                "entity_new value": "*",
                "entity_role": "*",
                "entity_parent": "null"
              },
              "concrete_change": {
                "operator": "DEL",
                "src_type": "Invocation",
                "dst_type": "null",
                "src": "com.google.common.collect.Streams.stream(newEntityType.getAtomicAttributes()).forEach(( attribute) -\u003e newAtomicAttributesMap.put(attribute.getName(), attribute))",
                "dst": "null",
                "src_parent_type": "Block",
                "dst_parent_type": "null",
                "src_parent": "{\n    org.molgenis.data.meta.model.EntityType oldEntityType \u003d dataService.getEntityType(newEntityTypeId);\n    java.util.List\u003corg.molgenis.data.meta.model.Attribute\u003e oldAtomicAttributes \u003d com.google.common.collect.Streams.stream(oldEntityType.getAtomicAttributes()).collect(java.util.stream.Collectors.toList());\n    java.util.LinkedHashMap\u003cjava.lang.String, org.molgenis.data.meta.model.Attribute\u003e newAtomicAttributesMap \u003d com.google.common.collect.Maps.newLinkedHashMap();\n    com.google.common.collect.Streams.stream(newEntityType.getAtomicAttributes()).forEach(( attribute) -\u003e newAtomicAttributesMap.put(attribute.getName(), attribute));\n    for (org.molgenis.data.meta.model.Attribute oldAttribute : oldAtomicAttributes) {\n        if (!(newAtomicAttributesMap.keySet().contains(oldAttribute.getName())))\n            return false;\n\n        if (!(org.molgenis.data.util.EntityUtils.equals(oldAttribute, newAtomicAttributesMap.get(oldAttribute.getName()), false)))\n            return false;\n\n    }\n}",
                "dst_parent": "null"
              },
              "line": 527,
              "file": "/home/khesoem/projects/lighter/exp/molgenis-data/src/main/java/org/molgenis/data/meta/MetaDataServiceImpl.java"
            }
          ]
        },
        {
          "tool-name": "Arja",
          "pattern-name": "Arja:arja_shallow_change",
          "Unified_Diff_of-files:": "Starts Below...",
          "DELETE:": "import static com.google.common.collect.Maps.newLinkedHashMap;",
          "CHANGE_old:": "    }",
          "CHANGE_new:": "",
          "instance_detail": [
            {
              "pattern_action": "ANY",
              "pattern_entity": {
                "entity_type": "Statement",
                "entity_new value": "*",
                "entity_role": "*",
                "entity_parent": "null"
              },
              "concrete_change": {
                "operator": "DEL",
                "src_type": "LocalVariable",
                "dst_type": "null",
                "src": "org.molgenis.data.meta.model.Attribute oldAttribute",
                "dst": "null",
                "src_parent_type": "ForEach",
                "dst_parent_type": "null",
                "src_parent": "for (org.molgenis.data.meta.model.Attribute oldAttribute : oldAtomicAttributes) {\n    if (!(newAtomicAttributesMap.keySet().contains(oldAttribute.getName())))\n        return false;\n\n    if (!(org.molgenis.data.util.EntityUtils.equals(oldAttribute, newAtomicAttributesMap.get(oldAttribute.getName()), false)))\n        return false;\n\n}",
                "dst_parent": "null"
              },
              "line": 530,
              "file": "/home/khesoem/projects/lighter/exp/molgenis-data/src/main/java/org/molgenis/data/meta/MetaDataServiceImpl.java"
            }
          ]
        },
        {
          "tool-name": "Arja",
          "pattern-name": "Arja:arja_shallow_change",
          "Unified_Diff_of-files:": "Starts Below...",
          "DELETE:": "import static com.google.common.collect.Maps.newLinkedHashMap;",
          "CHANGE_old:": "    }",
          "CHANGE_new:": "",
          "instance_detail": [
            {
              "pattern_action": "ANY",
              "pattern_entity": {
                "entity_type": "Statement",
                "entity_new value": "*",
                "entity_role": "*",
                "entity_parent": "null"
              },
              "concrete_change": {
                "operator": "DEL",
                "src_type": "Invocation",
                "dst_type": "null",
                "src": "newAtomicAttributesMap.keySet()",
                "dst": "null",
                "src_parent_type": "Invocation",
                "dst_parent_type": "null",
                "src_parent": "(newAtomicAttributesMap.keySet().contains(oldAttribute.getName()))",
                "dst_parent": "null"
              },
              "line": 531,
              "file": "/home/khesoem/projects/lighter/exp/molgenis-data/src/main/java/org/molgenis/data/meta/MetaDataServiceImpl.java"
            }
          ]
        },
        {
          "tool-name": "Arja",
          "pattern-name": "Arja:arja_shallow_change",
          "Unified_Diff_of-files:": "Starts Below...",
          "DELETE:": "import static com.google.common.collect.Maps.newLinkedHashMap;",
          "CHANGE_old:": "    }",
          "CHANGE_new:": "",
          "instance_detail": [
            {
              "pattern_action": "ANY",
              "pattern_entity": {
                "entity_type": "Statement",
                "entity_new value": "*",
                "entity_role": "*",
                "entity_parent": "null"
              },
              "concrete_change": {
                "operator": "DEL",
                "src_type": "Invocation",
                "dst_type": "null",
                "src": "oldAttribute.getName()",
                "dst": "null",
                "src_parent_type": "Invocation",
                "dst_parent_type": "null",
                "src_parent": "(newAtomicAttributesMap.keySet().contains(oldAttribute.getName()))",
                "dst_parent": "null"
              },
              "line": 531,
              "file": "/home/khesoem/projects/lighter/exp/molgenis-data/src/main/java/org/molgenis/data/meta/MetaDataServiceImpl.java"
            }
          ]
        },
        {
          "tool-name": "Arja",
          "pattern-name": "Arja:arja_shallow_change",
          "Unified_Diff_of-files:": "Starts Below...",
          "DELETE:": "import static com.google.common.collect.Maps.newLinkedHashMap;",
          "CHANGE_old:": "    }",
          "CHANGE_new:": "",
          "instance_detail": [
            {
              "pattern_action": "ANY",
              "pattern_entity": {
                "entity_type": "Statement",
                "entity_new value": "*",
                "entity_role": "*",
                "entity_parent": "null"
              },
              "concrete_change": {
                "operator": "DEL",
                "src_type": "Invocation",
                "dst_type": "null",
                "src": "(newAtomicAttributesMap.keySet().contains(oldAttribute.getName()))",
                "dst": "null",
                "src_parent_type": "UnaryOperator",
                "dst_parent_type": "null",
                "src_parent": "!(newAtomicAttributesMap.keySet().contains(oldAttribute.getName()))",
                "dst_parent": "null"
              },
              "line": 531,
              "file": "/home/khesoem/projects/lighter/exp/molgenis-data/src/main/java/org/molgenis/data/meta/MetaDataServiceImpl.java"
            }
          ]
        },
        {
          "tool-name": "Arja",
          "pattern-name": "Arja:arja_shallow_change",
          "Unified_Diff_of-files:": "Starts Below...",
          "DELETE:": "import static com.google.common.collect.Maps.newLinkedHashMap;",
          "CHANGE_old:": "    }",
          "CHANGE_new:": "",
          "instance_detail": [
            {
              "pattern_action": "ANY",
              "pattern_entity": {
                "entity_type": "Statement",
                "entity_new value": "*",
                "entity_role": "*",
                "entity_parent": "null"
              },
              "concrete_change": {
                "operator": "DEL",
                "src_type": "UnaryOperator",
                "dst_type": "null",
                "src": "!(newAtomicAttributesMap.keySet().contains(oldAttribute.getName()))",
                "dst": "null",
                "src_parent_type": "If",
                "dst_parent_type": "null",
                "src_parent": "if (!(newAtomicAttributesMap.keySet().contains(oldAttribute.getName())))\n    return false;\n",
                "dst_parent": "null"
              },
              "line": 531,
              "file": "/home/khesoem/projects/lighter/exp/molgenis-data/src/main/java/org/molgenis/data/meta/MetaDataServiceImpl.java"
            }
          ]
        },
        {
          "tool-name": "Arja",
          "pattern-name": "Arja:arja_shallow_change",
          "Unified_Diff_of-files:": "Starts Below...",
          "DELETE:": "import static com.google.common.collect.Maps.newLinkedHashMap;",
          "CHANGE_old:": "    }",
          "CHANGE_new:": "",
          "instance_detail": [
            {
              "pattern_action": "ANY",
              "pattern_entity": {
                "entity_type": "Statement",
                "entity_new value": "*",
                "entity_role": "*",
                "entity_parent": "null"
              },
              "concrete_change": {
                "operator": "DEL",
                "src_type": "Return",
                "dst_type": "null",
                "src": "return false",
                "dst": "null",
                "src_parent_type": "Block",
                "dst_parent_type": "null",
                "src_parent": "return false;\n",
                "dst_parent": "null"
              },
              "line": 531,
              "file": "/home/khesoem/projects/lighter/exp/molgenis-data/src/main/java/org/molgenis/data/meta/MetaDataServiceImpl.java"
            }
          ]
        },
        {
          "tool-name": "Arja",
          "pattern-name": "Arja:arja_shallow_change",
          "Unified_Diff_of-files:": "Starts Below...",
          "DELETE:": "import static com.google.common.collect.Maps.newLinkedHashMap;",
          "CHANGE_old:": "    }",
          "CHANGE_new:": "",
          "instance_detail": [
            {
              "pattern_action": "ANY",
              "pattern_entity": {
                "entity_type": "Statement",
                "entity_new value": "*",
                "entity_role": "*",
                "entity_parent": "null"
              },
              "concrete_change": {
                "operator": "DEL",
                "src_type": "Block",
                "dst_type": "null",
                "src": "return false;\n",
                "dst": "null",
                "src_parent_type": "If",
                "dst_parent_type": "null",
                "src_parent": "if (!(newAtomicAttributesMap.keySet().contains(oldAttribute.getName())))\n    return false;\n",
                "dst_parent": "null"
              },
              "line": 531,
              "file": "/home/khesoem/projects/lighter/exp/molgenis-data/src/main/java/org/molgenis/data/meta/MetaDataServiceImpl.java"
            }
          ]
        },
        {
          "tool-name": "Arja",
          "pattern-name": "Arja:arja_shallow_change",
          "Unified_Diff_of-files:": "Starts Below...",
          "DELETE:": "import static com.google.common.collect.Maps.newLinkedHashMap;",
          "CHANGE_old:": "    }",
          "CHANGE_new:": "",
          "instance_detail": [
            {
              "pattern_action": "ANY",
              "pattern_entity": {
                "entity_type": "Statement",
                "entity_new value": "*",
                "entity_role": "*",
                "entity_parent": "null"
              },
              "concrete_change": {
                "operator": "DEL",
                "src_type": "If",
                "dst_type": "null",
                "src": "if (!(newAtomicAttributesMap.keySet().contains(oldAttribute.getName())))\n    return false;\n",
                "dst": "null",
                "src_parent_type": "Block",
                "dst_parent_type": "null",
                "src_parent": "{\n    if (!(newAtomicAttributesMap.keySet().contains(oldAttribute.getName())))\n        return false;\n\n    if (!(org.molgenis.data.util.EntityUtils.equals(oldAttribute, newAtomicAttributesMap.get(oldAttribute.getName()), false)))\n        return false;\n\n}",
                "dst_parent": "null"
              },
              "line": 531,
              "file": "/home/khesoem/projects/lighter/exp/molgenis-data/src/main/java/org/molgenis/data/meta/MetaDataServiceImpl.java"
            }
          ]
        },
        {
          "tool-name": "Arja",
          "pattern-name": "Arja:arja_shallow_change",
          "Unified_Diff_of-files:": "Starts Below...",
          "DELETE:": "import static com.google.common.collect.Maps.newLinkedHashMap;",
          "CHANGE_old:": "    }",
          "CHANGE_new:": "",
          "instance_detail": [
            {
              "pattern_action": "ANY",
              "pattern_entity": {
                "entity_type": "Statement",
                "entity_new value": "*",
                "entity_role": "*",
                "entity_parent": "null"
              },
              "concrete_change": {
                "operator": "DEL",
                "src_type": "Invocation",
                "dst_type": "null",
                "src": "oldAttribute.getName()",
                "dst": "null",
                "src_parent_type": "Invocation",
                "dst_parent_type": "null",
                "src_parent": "newAtomicAttributesMap.get(oldAttribute.getName())",
                "dst_parent": "null"
              },
              "line": 535,
              "file": "/home/khesoem/projects/lighter/exp/molgenis-data/src/main/java/org/molgenis/data/meta/MetaDataServiceImpl.java"
            }
          ]
        },
        {
          "tool-name": "Arja",
          "pattern-name": "Arja:arja_shallow_change",
          "Unified_Diff_of-files:": "Starts Below...",
          "DELETE:": "import static com.google.common.collect.Maps.newLinkedHashMap;",
          "CHANGE_old:": "    }",
          "CHANGE_new:": "",
          "instance_detail": [
            {
              "pattern_action": "ANY",
              "pattern_entity": {
                "entity_type": "Statement",
                "entity_new value": "*",
                "entity_role": "*",
                "entity_parent": "null"
              },
              "concrete_change": {
                "operator": "DEL",
                "src_type": "Invocation",
                "dst_type": "null",
                "src": "newAtomicAttributesMap.get(oldAttribute.getName())",
                "dst": "null",
                "src_parent_type": "Invocation",
                "dst_parent_type": "null",
                "src_parent": "(org.molgenis.data.util.EntityUtils.equals(oldAttribute, newAtomicAttributesMap.get(oldAttribute.getName()), false))",
                "dst_parent": "null"
              },
              "line": 535,
              "file": "/home/khesoem/projects/lighter/exp/molgenis-data/src/main/java/org/molgenis/data/meta/MetaDataServiceImpl.java"
            }
          ]
        },
        {
          "tool-name": "Arja",
          "pattern-name": "Arja:arja_shallow_change",
          "Unified_Diff_of-files:": "Starts Below...",
          "DELETE:": "import static com.google.common.collect.Maps.newLinkedHashMap;",
          "CHANGE_old:": "    }",
          "CHANGE_new:": "",
          "instance_detail": [
            {
              "pattern_action": "ANY",
              "pattern_entity": {
                "entity_type": "Statement",
                "entity_new value": "*",
                "entity_role": "*",
                "entity_parent": "null"
              },
              "concrete_change": {
                "operator": "DEL",
                "src_type": "Invocation",
                "dst_type": "null",
                "src": "(org.molgenis.data.util.EntityUtils.equals(oldAttribute, newAtomicAttributesMap.get(oldAttribute.getName()), false))",
                "dst": "null",
                "src_parent_type": "UnaryOperator",
                "dst_parent_type": "null",
                "src_parent": "!(org.molgenis.data.util.EntityUtils.equals(oldAttribute, newAtomicAttributesMap.get(oldAttribute.getName()), false))",
                "dst_parent": "null"
              },
              "line": 534,
              "file": "/home/khesoem/projects/lighter/exp/molgenis-data/src/main/java/org/molgenis/data/meta/MetaDataServiceImpl.java"
            }
          ]
        },
        {
          "tool-name": "Arja",
          "pattern-name": "Arja:arja_shallow_change",
          "Unified_Diff_of-files:": "Starts Below...",
          "DELETE:": "import static com.google.common.collect.Maps.newLinkedHashMap;",
          "CHANGE_old:": "    }",
          "CHANGE_new:": "",
          "instance_detail": [
            {
              "pattern_action": "ANY",
              "pattern_entity": {
                "entity_type": "Statement",
                "entity_new value": "*",
                "entity_role": "*",
                "entity_parent": "null"
              },
              "concrete_change": {
                "operator": "DEL",
                "src_type": "UnaryOperator",
                "dst_type": "null",
                "src": "!(org.molgenis.data.util.EntityUtils.equals(oldAttribute, newAtomicAttributesMap.get(oldAttribute.getName()), false))",
                "dst": "null",
                "src_parent_type": "If",
                "dst_parent_type": "null",
                "src_parent": "if (!(org.molgenis.data.util.EntityUtils.equals(oldAttribute, newAtomicAttributesMap.get(oldAttribute.getName()), false)))\n    return false;\n",
                "dst_parent": "null"
              },
              "line": 534,
              "file": "/home/khesoem/projects/lighter/exp/molgenis-data/src/main/java/org/molgenis/data/meta/MetaDataServiceImpl.java"
            }
          ]
        },
        {
          "tool-name": "Arja",
          "pattern-name": "Arja:arja_shallow_change",
          "Unified_Diff_of-files:": "Starts Below...",
          "DELETE:": "import static com.google.common.collect.Maps.newLinkedHashMap;",
          "CHANGE_old:": "    }",
          "CHANGE_new:": "",
          "instance_detail": [
            {
              "pattern_action": "ANY",
              "pattern_entity": {
                "entity_type": "Statement",
                "entity_new value": "*",
                "entity_role": "*",
                "entity_parent": "null"
              },
              "concrete_change": {
                "operator": "DEL",
                "src_type": "Return",
                "dst_type": "null",
                "src": "return false",
                "dst": "null",
                "src_parent_type": "Block",
                "dst_parent_type": "null",
                "src_parent": "return false;\n",
                "dst_parent": "null"
              },
              "line": 535,
              "file": "/home/khesoem/projects/lighter/exp/molgenis-data/src/main/java/org/molgenis/data/meta/MetaDataServiceImpl.java"
            }
          ]
        },
        {
          "tool-name": "Arja",
          "pattern-name": "Arja:arja_shallow_change",
          "Unified_Diff_of-files:": "Starts Below...",
          "DELETE:": "import static com.google.common.collect.Maps.newLinkedHashMap;",
          "CHANGE_old:": "    }",
          "CHANGE_new:": "",
          "instance_detail": [
            {
              "pattern_action": "ANY",
              "pattern_entity": {
                "entity_type": "Statement",
                "entity_new value": "*",
                "entity_role": "*",
                "entity_parent": "null"
              },
              "concrete_change": {
                "operator": "DEL",
                "src_type": "Block",
                "dst_type": "null",
                "src": "return false;\n",
                "dst": "null",
                "src_parent_type": "If",
                "dst_parent_type": "null",
                "src_parent": "if (!(org.molgenis.data.util.EntityUtils.equals(oldAttribute, newAtomicAttributesMap.get(oldAttribute.getName()), false)))\n    return false;\n",
                "dst_parent": "null"
              },
              "line": 535,
              "file": "/home/khesoem/projects/lighter/exp/molgenis-data/src/main/java/org/molgenis/data/meta/MetaDataServiceImpl.java"
            }
          ]
        },
        {
          "tool-name": "Arja",
          "pattern-name": "Arja:arja_shallow_change",
          "Unified_Diff_of-files:": "Starts Below...",
          "DELETE:": "import static com.google.common.collect.Maps.newLinkedHashMap;",
          "CHANGE_old:": "    }",
          "CHANGE_new:": "",
          "instance_detail": [
            {
              "pattern_action": "ANY",
              "pattern_entity": {
                "entity_type": "Statement",
                "entity_new value": "*",
                "entity_role": "*",
                "entity_parent": "null"
              },
              "concrete_change": {
                "operator": "DEL",
                "src_type": "If",
                "dst_type": "null",
                "src": "if (!(org.molgenis.data.util.EntityUtils.equals(oldAttribute, newAtomicAttributesMap.get(oldAttribute.getName()), false)))\n    return false;\n",
                "dst": "null",
                "src_parent_type": "Block",
                "dst_parent_type": "null",
                "src_parent": "{\n    if (!(newAtomicAttributesMap.keySet().contains(oldAttribute.getName())))\n        return false;\n\n    if (!(org.molgenis.data.util.EntityUtils.equals(oldAttribute, newAtomicAttributesMap.get(oldAttribute.getName()), false)))\n        return false;\n\n}",
                "dst_parent": "null"
              },
              "line": 534,
              "file": "/home/khesoem/projects/lighter/exp/molgenis-data/src/main/java/org/molgenis/data/meta/MetaDataServiceImpl.java"
            }
          ]
        },
        {
          "tool-name": "Arja",
          "pattern-name": "Arja:arja_shallow_change",
          "Unified_Diff_of-files:": "Starts Below...",
          "DELETE:": "import static com.google.common.collect.Maps.newLinkedHashMap;",
          "CHANGE_old:": "    }",
          "CHANGE_new:": "",
          "instance_detail": [
            {
              "pattern_action": "ANY",
              "pattern_entity": {
                "entity_type": "Statement",
                "entity_new value": "*",
                "entity_role": "*",
                "entity_parent": "null"
              },
              "concrete_change": {
                "operator": "DEL",
                "src_type": "ForEach",
                "dst_type": "null",
                "src": "for (org.molgenis.data.meta.model.Attribute oldAttribute : oldAtomicAttributes) {\n    if (!(newAtomicAttributesMap.keySet().contains(oldAttribute.getName())))\n        return false;\n\n    if (!(org.molgenis.data.util.EntityUtils.equals(oldAttribute, newAtomicAttributesMap.get(oldAttribute.getName()), false)))\n        return false;\n\n}",
                "dst": "null",
                "src_parent_type": "Block",
                "dst_parent_type": "null",
                "src_parent": "{\n    org.molgenis.data.meta.model.EntityType oldEntityType \u003d dataService.getEntityType(newEntityTypeId);\n    java.util.List\u003corg.molgenis.data.meta.model.Attribute\u003e oldAtomicAttributes \u003d com.google.common.collect.Streams.stream(oldEntityType.getAtomicAttributes()).collect(java.util.stream.Collectors.toList());\n    java.util.LinkedHashMap\u003cjava.lang.String, org.molgenis.data.meta.model.Attribute\u003e newAtomicAttributesMap \u003d com.google.common.collect.Maps.newLinkedHashMap();\n    com.google.common.collect.Streams.stream(newEntityType.getAtomicAttributes()).forEach(( attribute) -\u003e newAtomicAttributesMap.put(attribute.getName(), attribute));\n    for (org.molgenis.data.meta.model.Attribute oldAttribute : oldAtomicAttributes) {\n        if (!(newAtomicAttributesMap.keySet().contains(oldAttribute.getName())))\n            return false;\n\n        if (!(org.molgenis.data.util.EntityUtils.equals(oldAttribute, newAtomicAttributesMap.get(oldAttribute.getName()), false)))\n            return false;\n\n    }\n}",
                "dst_parent": "null"
              },
              "line": 530,
              "file": "/home/khesoem/projects/lighter/exp/molgenis-data/src/main/java/org/molgenis/data/meta/MetaDataServiceImpl.java"
            }
          ]
        },
        {
          "tool-name": "Arja",
          "pattern-name": "Arja:arja_shallow_change",
          "Unified_Diff_of-files:": "Starts Below...",
          "DELETE:": "import static com.google.common.collect.Maps.newLinkedHashMap;",
          "CHANGE_old:": "    }",
          "CHANGE_new:": "",
          "instance_detail": [
            {
              "pattern_action": "ANY",
              "pattern_entity": {
                "entity_type": "Statement",
                "entity_new value": "*",
                "entity_role": "*",
                "entity_parent": "null"
              },
              "concrete_change": {
                "operator": "DEL",
                "src_type": "Block",
                "dst_type": "null",
                "src": "{\n    org.molgenis.data.meta.model.EntityType oldEntityType \u003d dataService.getEntityType(newEntityTypeId);\n    java.util.List\u003corg.molgenis.data.meta.model.Attribute\u003e oldAtomicAttributes \u003d com.google.common.collect.Streams.stream(oldEntityType.getAtomicAttributes()).collect(java.util.stream.Collectors.toList());\n    java.util.LinkedHashMap\u003cjava.lang.String, org.molgenis.data.meta.model.Attribute\u003e newAtomicAttributesMap \u003d com.google.common.collect.Maps.newLinkedHashMap();\n    com.google.common.collect.Streams.stream(newEntityType.getAtomicAttributes()).forEach(( attribute) -\u003e newAtomicAttributesMap.put(attribute.getName(), attribute));\n    for (org.molgenis.data.meta.model.Attribute oldAttribute : oldAtomicAttributes) {\n        if (!(newAtomicAttributesMap.keySet().contains(oldAttribute.getName())))\n            return false;\n\n        if (!(org.molgenis.data.util.EntityUtils.equals(oldAttribute, newAtomicAttributesMap.get(oldAttribute.getName()), false)))\n            return false;\n\n    }\n}",
                "dst": "null",
                "src_parent_type": "If",
                "dst_parent_type": "null",
                "src_parent": "if (dataService.hasRepository(newEntityTypeId)) {\n    org.molgenis.data.meta.model.EntityType oldEntityType \u003d dataService.getEntityType(newEntityTypeId);\n    java.util.List\u003corg.molgenis.data.meta.model.Attribute\u003e oldAtomicAttributes \u003d com.google.common.collect.Streams.stream(oldEntityType.getAtomicAttributes()).collect(java.util.stream.Collectors.toList());\n    java.util.LinkedHashMap\u003cjava.lang.String, org.molgenis.data.meta.model.Attribute\u003e newAtomicAttributesMap \u003d com.google.common.collect.Maps.newLinkedHashMap();\n    com.google.common.collect.Streams.stream(newEntityType.getAtomicAttributes()).forEach(( attribute) -\u003e newAtomicAttributesMap.put(attribute.getName(), attribute));\n    for (org.molgenis.data.meta.model.Attribute oldAttribute : oldAtomicAttributes) {\n        if (!(newAtomicAttributesMap.keySet().contains(oldAttribute.getName())))\n            return false;\n\n        if (!(org.molgenis.data.util.EntityUtils.equals(oldAttribute, newAtomicAttributesMap.get(oldAttribute.getName()), false)))\n            return false;\n\n    }\n}",
                "dst_parent": "null"
              },
              "line": 521,
              "file": "/home/khesoem/projects/lighter/exp/molgenis-data/src/main/java/org/molgenis/data/meta/MetaDataServiceImpl.java"
            }
          ]
        },
        {
          "tool-name": "Arja",
          "pattern-name": "Arja:arja_shallow_change",
          "Unified_Diff_of-files:": "Starts Below...",
          "DELETE:": "import static com.google.common.collect.Maps.newLinkedHashMap;",
          "CHANGE_old:": "    }",
          "CHANGE_new:": "",
          "instance_detail": [
            {
              "pattern_action": "ANY",
              "pattern_entity": {
                "entity_type": "Statement",
                "entity_new value": "*",
                "entity_role": "*",
                "entity_parent": "null"
              },
              "concrete_change": {
                "operator": "DEL",
                "src_type": "If",
                "dst_type": "null",
                "src": "if (dataService.hasRepository(newEntityTypeId)) {\n    org.molgenis.data.meta.model.EntityType oldEntityType \u003d dataService.getEntityType(newEntityTypeId);\n    java.util.List\u003corg.molgenis.data.meta.model.Attribute\u003e oldAtomicAttributes \u003d com.google.common.collect.Streams.stream(oldEntityType.getAtomicAttributes()).collect(java.util.stream.Collectors.toList());\n    java.util.LinkedHashMap\u003cjava.lang.String, org.molgenis.data.meta.model.Attribute\u003e newAtomicAttributesMap \u003d com.google.common.collect.Maps.newLinkedHashMap();\n    com.google.common.collect.Streams.stream(newEntityType.getAtomicAttributes()).forEach(( attribute) -\u003e newAtomicAttributesMap.put(attribute.getName(), attribute));\n    for (org.molgenis.data.meta.model.Attribute oldAttribute : oldAtomicAttributes) {\n        if (!(newAtomicAttributesMap.keySet().contains(oldAttribute.getName())))\n            return false;\n\n        if (!(org.molgenis.data.util.EntityUtils.equals(oldAttribute, newAtomicAttributesMap.get(oldAttribute.getName()), false)))\n            return false;\n\n    }\n}",
                "dst": "null",
                "src_parent_type": "Block",
                "dst_parent_type": "null",
                "src_parent": "{\n    java.lang.String newEntityTypeId \u003d newEntityType.getId();\n    if (dataService.hasRepository(newEntityTypeId)) {\n        org.molgenis.data.meta.model.EntityType oldEntityType \u003d dataService.getEntityType(newEntityTypeId);\n        java.util.List\u003corg.molgenis.data.meta.model.Attribute\u003e oldAtomicAttributes \u003d com.google.common.collect.Streams.stream(oldEntityType.getAtomicAttributes()).collect(java.util.stream.Collectors.toList());\n        java.util.LinkedHashMap\u003cjava.lang.String, org.molgenis.data.meta.model.Attribute\u003e newAtomicAttributesMap \u003d com.google.common.collect.Maps.newLinkedHashMap();\n        com.google.common.collect.Streams.stream(newEntityType.getAtomicAttributes()).forEach(( attribute) -\u003e newAtomicAttributesMap.put(attribute.getName(), attribute));\n        for (org.molgenis.data.meta.model.Attribute oldAttribute : oldAtomicAttributes) {\n            if (!(newAtomicAttributesMap.keySet().contains(oldAttribute.getName())))\n                return false;\n\n            if (!(org.molgenis.data.util.EntityUtils.equals(oldAttribute, newAtomicAttributesMap.get(oldAttribute.getName()), false)))\n                return false;\n\n        }\n    }\n    return true;\n}",
                "dst_parent": "null"
              },
              "line": 521,
              "file": "/home/khesoem/projects/lighter/exp/molgenis-data/src/main/java/org/molgenis/data/meta/MetaDataServiceImpl.java",
              "stats": {
                "number_of_src_entities": 263,
                "number_of_dst_entities": -1,
                "src_entity_types": "[java.util.stream.Collectors, org.molgenis.data.meta.newAtomicAttributesMap, org.molgenis.data.meta.model.Attribute, org.molgenis.data.DataService, java.lang.String, java.util.LinkedHashMap\u003cjava.lang.String, org.molgenis.data.meta.model.Attribute\u003e, org.molgenis.data.util.EntityUtils, boolean, org.molgenis.data.meta.model.EntityType, org.molgenis.data.meta.MetaDataServiceImpl, com.google.common.collect.Streams, org.molgenis.data.meta.attribute, java.util.List\u003corg.molgenis.data.meta.model.Attribute\u003e, com.google.common.collect.Maps]",
                "dst_entity_types": "[]"
              }
            }
          ]
        }
      ]
    }
  ],
  "complete_analysis": true
}