{
  "instances": [
    {
      "revision": "d54dcffa25840f9f2a3a687751bce035371beeb8",
      "repairability": [
        {
          "tool-name": "Arja",
          "pattern-name": "Arja:arja_shallow_change",
          "Unified_Diff_of-files:": "Starts Below...",
          "INSERT:": "}",
          "instance_detail": [
            {
              "pattern_action": "ANY",
              "pattern_entity": {
                "entity_type": "Statement",
                "entity_new value": "*",
                "entity_role": "*",
                "entity_parent": "null"
              },
              "concrete_change": {
                "operator": "DEL",
                "src_type": "ConstructorCall",
                "dst_type": "null",
                "src": "new java.lang.IllegalStateException(\"Negotiator config URL can\u0027t be null\")",
                "dst": "null",
                "src_parent_type": "Throw",
                "dst_parent_type": "null",
                "src_parent": "throw new java.lang.IllegalStateException(\"Negotiator config URL can\u0027t be null\")",
                "dst_parent": "null"
              },
              "line": 249,
              "file": "/home/khesoem/projects/lighter/exp/molgenis-dataexplorer/src/main/java/org/molgenis/dataexplorer/negotiator/NegotiatorController.java"
            }
          ]
        },
        {
          "tool-name": "Arja",
          "pattern-name": "Arja:arja_shallow_change",
          "Unified_Diff_of-files:": "Starts Below...",
          "INSERT:": "}",
          "instance_detail": [
            {
              "pattern_action": "ANY",
              "pattern_entity": {
                "entity_type": "Statement",
                "entity_new value": "*",
                "entity_role": "*",
                "entity_parent": "null"
              },
              "concrete_change": {
                "operator": "DEL",
                "src_type": "Throw",
                "dst_type": "null",
                "src": "throw new java.lang.IllegalStateException(\"Negotiator config URL can\u0027t be null\")",
                "dst": "null",
                "src_parent_type": "Block",
                "dst_parent_type": "null",
                "src_parent": "{\n    throw new java.lang.IllegalStateException(\"Negotiator config URL can\u0027t be null\");\n}",
                "dst_parent": "null"
              },
              "line": 249,
              "file": "/home/khesoem/projects/lighter/exp/molgenis-dataexplorer/src/main/java/org/molgenis/dataexplorer/negotiator/NegotiatorController.java"
            }
          ]
        },
        {
          "tool-name": "Arja",
          "pattern-name": "Arja:arja_shallow_change",
          "Unified_Diff_of-files:": "Starts Below...",
          "INSERT:": "}",
          "instance_detail": [
            {
              "pattern_action": "ANY",
              "pattern_entity": {
                "entity_type": "Statement",
                "entity_new value": "*",
                "entity_role": "*",
                "entity_parent": "null"
              },
              "concrete_change": {
                "operator": "DEL",
                "src_type": "Block",
                "dst_type": "null",
                "src": "{\n    throw new java.lang.IllegalStateException(\"Negotiator config URL can\u0027t be null\");\n}",
                "dst": "null",
                "src_parent_type": "If",
                "dst_parent_type": "null",
                "src_parent": "if (negotiatorURL \u003d\u003d null) {\n    throw new java.lang.IllegalStateException(\"Negotiator config URL can\u0027t be null\");\n}",
                "dst_parent": "null"
              },
              "line": 248,
              "file": "/home/khesoem/projects/lighter/exp/molgenis-dataexplorer/src/main/java/org/molgenis/dataexplorer/negotiator/NegotiatorController.java"
            }
          ]
        },
        {
          "tool-name": "Arja",
          "pattern-name": "Arja:arja_shallow_change",
          "Unified_Diff_of-files:": "Starts Below...",
          "INSERT:": "}",
          "instance_detail": [
            {
              "pattern_action": "ANY",
              "pattern_entity": {
                "entity_type": "Statement",
                "entity_new value": "*",
                "entity_role": "*",
                "entity_parent": "null"
              },
              "concrete_change": {
                "operator": "DEL",
                "src_type": "If",
                "dst_type": "null",
                "src": "if (negotiatorURL \u003d\u003d null) {\n    throw new java.lang.IllegalStateException(\"Negotiator config URL can\u0027t be null\");\n}",
                "dst": "null",
                "src_parent_type": "Block",
                "dst_parent_type": "null",
                "src_parent": "{\n    java.lang.String negotiatorURL \u003d config.getNegotiatorURL();\n    if (negotiatorURL \u003d\u003d null) {\n        throw new java.lang.IllegalStateException(\"Negotiator config URL can\u0027t be null\");\n    }\n    try {\n        org.molgenis.dataexplorer.negotiator.NegotiatorController.LOG.trace(\"NEGOTIATOR_URL: [{}]\", negotiatorURL);\n        java.lang.String redirectURL \u003d restTemplate.postForLocation(negotiatorURL, queryHttpEntity).toASCIIString();\n        org.molgenis.dataexplorer.negotiator.NegotiatorController.LOG.trace(\"Redirecting to {}\", redirectURL);\n        return redirectURL;\n    } catch (org.springframework.web.client.RestClientException e) {\n        org.molgenis.dataexplorer.negotiator.NegotiatorController.LOG.error(\"Posting to the negotiator went wrong: \", e);\n        throw e;\n    }\n}",
                "dst_parent": "null"
              },
              "line": 248,
              "file": "/home/khesoem/projects/lighter/exp/molgenis-dataexplorer/src/main/java/org/molgenis/dataexplorer/negotiator/NegotiatorController.java",
              "stats": {
                "number_of_src_entities": 22,
                "number_of_dst_entities": -1,
                "src_entity_types": "[java.lang.IllegalStateException, boolean, java.lang.String, \u003cnulltype\u003e]",
                "dst_entity_types": "[]"
              }
            }
          ]
        }
      ]
    }
  ],
  "complete_analysis": true
}