{
  "instances": [
    {
      "revision": "e2b75312d4ccac2caeddf6b1e285058a3c4a97fb",
      "repairability": [
        {
          "tool-name": "Arja",
          "pattern-name": "Arja:arja_shallow_change",
          "Unified_Diff_of-files:": "Starts Below...",
          "DELETE:": "    /**",
          "INSERT:": "    /**",
          "instance_detail": [
            {
              "pattern_action": "ANY",
              "pattern_entity": {
                "entity_type": "Statement",
                "entity_new value": "*",
                "entity_role": "*",
                "entity_parent": "null"
              },
              "concrete_change": {
                "operator": "DEL",
                "src_type": "Invocation",
                "dst_type": "null",
                "src": "this.getBuilder()",
                "dst": "null",
                "src_parent_type": "Invocation",
                "dst_parent_type": "null",
                "src_parent": "this.getBuilder().createAndDestroy()",
                "dst_parent": "null"
              },
              "line": 146,
              "file": "/home/khesoem/projects/lighter/exp/src/main/java/com/milaboratory/core/sequence/Alphabet.java"
            }
          ]
        },
        {
          "tool-name": "Arja",
          "pattern-name": "Arja:arja_shallow_change",
          "Unified_Diff_of-files:": "Starts Below...",
          "DELETE:": "    /**",
          "INSERT:": "    /**",
          "instance_detail": [
            {
              "pattern_action": "ANY",
              "pattern_entity": {
                "entity_type": "Statement",
                "entity_new value": "*",
                "entity_role": "*",
                "entity_parent": "null"
              },
              "concrete_change": {
                "operator": "DEL",
                "src_type": "Invocation",
                "dst_type": "null",
                "src": "this.getBuilder().createAndDestroy()",
                "dst": "null",
                "src_parent_type": "Assignment",
                "dst_parent_type": "null",
                "src_parent": "this.empty \u003d this.getBuilder().createAndDestroy()",
                "dst_parent": "null"
              },
              "line": 146,
              "file": "/home/khesoem/projects/lighter/exp/src/main/java/com/milaboratory/core/sequence/Alphabet.java",
              "stats": {
                "number_of_src_entities": 22,
                "number_of_dst_entities": -1,
                "src_entity_types": "[com.milaboratory.core.sequence.SequenceBuilder\u003cS\u003e, com.milaboratory.core.sequence.Alphabet\u003cS\u003e, com.milaboratory.core.sequence.Alphabet]",
                "dst_entity_types": "[]"
              }
            }
          ]
        },
        {
          "tool-name": "Arja",
          "pattern-name": "Arja:arja_shallow_change",
          "Unified_Diff_of-files:": "Starts Below...",
          "DELETE:": "    /**",
          "INSERT:": "    /**",
          "instance_detail": [
            {
              "pattern_action": "ANY",
              "pattern_entity": {
                "entity_type": "Statement",
                "entity_new value": "*",
                "entity_role": "*",
                "entity_parent": "null"
              },
              "concrete_change": {
                "operator": "DEL",
                "src_type": "Invocation",
                "dst_type": "null",
                "src": "super.hashCode()",
                "dst": "null",
                "src_parent_type": "Return",
                "dst_parent_type": "null",
                "src_parent": "return super.hashCode()",
                "dst_parent": "null"
              },
              "line": 336,
              "file": "/home/khesoem/projects/lighter/exp/src/main/java/com/milaboratory/core/sequence/Alphabet.java",
              "stats": {
                "number_of_src_entities": 9,
                "number_of_dst_entities": -1,
                "src_entity_types": "[java.lang.Object]",
                "dst_entity_types": "[]"
              }
            }
          ]
        }
      ]
    }
  ],
  "complete_analysis": true
}