{
  "instances": [
    {
      "revision": "4e2658dc275e4c983ae6ea37a914f182976f1fcc",
      "repairability": [
        {
          "tool-name": "Arja",
          "pattern-name": "Arja:arja_shallow_change",
          "Unified_Diff_of-files:": "Starts Below...",
          "CHANGE_old:": "public final class SequenceQualityBuilder extends ArraySeqBuilder\u0026lt;SequenceQuality\u0026gt; {",
          "CHANGE_new:": "public final class SequenceQualityBuilder extends ArraySeqBuilder\u0026lt;SequenceQuality, SequenceQualityBuilder\u0026gt; {",
          "instance_detail": [
            {
              "pattern_action": "ANY",
              "pattern_entity": {
                "entity_type": "Statement",
                "entity_new value": "*",
                "entity_role": "*",
                "entity_parent": "null"
              },
              "concrete_change": {
                "operator": "DEL",
                "src_type": "Invocation",
                "dst_type": "null",
                "src": "super.append(seq)",
                "dst": "null",
                "src_parent_type": "Block",
                "dst_parent_type": "null",
                "src_parent": "{\n    super.append(seq);\n    return this;\n}",
                "dst_parent": "null"
              },
              "line": 46,
              "file": "/home/khesoem/projects/lighter/exp/src/main/java/com/milaboratory/core/sequence/ArraySequenceBuilder.java"
            }
          ]
        },
        {
          "tool-name": "Arja",
          "pattern-name": "Arja:arja_shallow_change",
          "Unified_Diff_of-files:": "Starts Below...",
          "CHANGE_old:": "public final class SequenceQualityBuilder extends ArraySeqBuilder\u0026lt;SequenceQuality\u0026gt; {",
          "CHANGE_new:": "public final class SequenceQualityBuilder extends ArraySeqBuilder\u0026lt;SequenceQuality, SequenceQualityBuilder\u0026gt; {",
          "instance_detail": [
            {
              "pattern_action": "ANY",
              "pattern_entity": {
                "entity_type": "Statement",
                "entity_new value": "*",
                "entity_role": "*",
                "entity_parent": "null"
              },
              "concrete_change": {
                "operator": "DEL",
                "src_type": "Return",
                "dst_type": "null",
                "src": "return this",
                "dst": "null",
                "src_parent_type": "Block",
                "dst_parent_type": "null",
                "src_parent": "{\n    super.append(seq);\n    return this;\n}",
                "dst_parent": "null"
              },
              "line": 47,
              "file": "/home/khesoem/projects/lighter/exp/src/main/java/com/milaboratory/core/sequence/ArraySequenceBuilder.java"
            }
          ]
        }
      ]
    }
  ],
  "complete_analysis": true
}