{
  "instances": [
    {
      "revision": "510450fd9d1c4312d680e6898507da032a97fe34",
      "repairability": [
        {
          "tool-name": "Cardumen",
          "pattern-name": "Cardumen:expression_replacement_by_del_ins",
          "Unified_Diff_of-files:": "Starts Below...",
          "DELETE:": "",
          "INSERT:": "",
          "CHANGE_old:": "            if (childExecution.isEventScope()) {",
          "CHANGE_new:": "            if (childExecution.isEventScope() \u0026\u0026 childExecution.getExecutions().size() \u003d\u003d 0) {",
          "instance_detail": [
            {
              "pattern_action": "DEL",
              "pattern_entity": {
                "entity_type": "Expression",
                "entity_new value": "*",
                "entity_role": "*",
                "entity_parent": "null"
              },
              "concrete_change": {
                "operator": "DEL",
                "src_type": "TypeAccess",
                "dst_type": "null",
                "src": "org.activiti.bpmn.converter.ACTIVITI_EXTENSIONS_NAMESPACE",
                "dst": "null",
                "src_parent_type": "Invocation",
                "dst_parent_type": "null",
                "src_parent": "xtr.getAttributeValue(org.activiti.bpmn.converter.ACTIVITI_EXTENSIONS_NAMESPACE, org.activiti.bpmn.converter.ATTRIBUTE_EVENT_START_INTERRUPTING)",
                "dst_parent": "null"
              },
              "line": 52,
              "file": "/home/khesoem/projects/lighter/exp/activiti-bpmn-converter/src/main/java/org/activiti/bpmn/converter/StartEventXMLConverter.java",
              "stats": {
                "number_of_src_entities": 3,
                "number_of_dst_entities": -1,
                "src_entity_types": "[org.activiti.bpmn.converter.ACTIVITI_EXTENSIONS_NAMESPACE]",
                "dst_entity_types": "[]"
              }
            },
            {
              "pattern_action": "INS",
              "pattern_entity": {
                "entity_type": "Expression",
                "entity_new value": "*",
                "entity_role": "*",
                "entity_parent": "null"
              },
              "concrete_change": {
                "operator": "INS",
                "src_type": "Literal",
                "dst_type": "null",
                "src": "null",
                "dst": "null",
                "src_parent_type": "Invocation",
                "dst_parent_type": "null",
                "src_parent": "xtr.getAttributeValue(null, org.activiti.bpmn.converter.ATTRIBUTE_EVENT_START_INTERRUPTING)",
                "dst_parent": "null"
              },
              "line": 55,
              "file": "/home/khesoem/projects/lighter/exp/activiti-bpmn-converter/src/main/java/org/activiti/bpmn/converter/StartEventXMLConverter.java",
              "stats": {
                "number_of_src_entities": 2,
                "number_of_dst_entities": -1,
                "src_entity_types": "[\u003cnulltype\u003e]",
                "dst_entity_types": "[]"
              }
            }
          ]
        }
      ]
    }
  ],
  "complete_analysis": true
}