{
  "instances": [
    {
      "revision": "3bd0d2d82039fc0962687fcf2840379d75d7be75",
      "repairability": [
        {
          "tool-name": "Cardumen",
          "pattern-name": "Cardumen:expression_replacement_by_upd",
          "Unified_Diff_of-files:": "Starts Below...",
          "DELETE:": "            throw new ActivitiException(\"Error while evaluating expression: \" + expressionText, e);",
          "INSERT:": "import org.activiti.engine.impl.interceptor.DelegateInterceptor;",
          "CHANGE_old:": "        } catch (ELException ele) {",
          "CHANGE_new:": "        } catch (Exception ele) {",
          "instance_detail": [
            {
              "pattern_action": "UPD",
              "pattern_entity": {
                "entity_type": "Expression",
                "entity_new value": "*",
                "entity_role": "*",
                "entity_parent": "null"
              },
              "concrete_change": {
                "operator": "UPD",
                "src_type": "VariableRead",
                "dst_type": "VariableRead",
                "src": "invocation",
                "dst": "elContext",
                "src_parent_type": "Invocation",
                "dst_parent_type": "Invocation",
                "src_parent": "org.activiti.engine.impl.context.Context.getProcessEngineConfiguration().getDelegateInterceptor().handleInvocation(invocation)",
                "dst_parent": "getValueFromContext(elContext, org.activiti.engine.impl.context.Context.getProcessEngineConfiguration().getDelegateInterceptor())"
              },
              "line": 92,
              "file": "/home/khesoem/projects/lighter/exp/activiti-core/activiti-engine/src/main/java/org/activiti/engine/impl/el/JuelExpression.java",
              "stats": {
                "number_of_src_entities": 4,
                "number_of_dst_entities": 4,
                "src_entity_types": "[org.activiti.engine.impl.delegate.invocation.ExpressionGetInvocation]",
                "dst_entity_types": "[javax.el.ELContext]"
              }
            }
          ]
        },
        {
          "tool-name": "Cardumen",
          "pattern-name": "Cardumen:expression_replacement_by_upd",
          "Unified_Diff_of-files:": "Starts Below...",
          "DELETE:": "            throw new ActivitiException(\"Error while evaluating expression: \" + expressionText, e);",
          "INSERT:": "import org.activiti.engine.impl.interceptor.DelegateInterceptor;",
          "CHANGE_old:": "        } catch (ELException ele) {",
          "CHANGE_new:": "        } catch (Exception ele) {",
          "instance_detail": [
            {
              "pattern_action": "UPD",
              "pattern_entity": {
                "entity_type": "Expression",
                "entity_new value": "*",
                "entity_role": "*",
                "entity_parent": "null"
              },
              "concrete_change": {
                "operator": "UPD",
                "src_type": "VariableRead",
                "dst_type": "VariableRead",
                "src": "e",
                "dst": "ele",
                "src_parent_type": "ConstructorCall",
                "dst_parent_type": "ConstructorCall",
                "src_parent": "new org.activiti.engine.ActivitiException((\"Error while evaluating expression: \" + (expressionText)), e)",
                "dst_parent": "new org.activiti.engine.ActivitiException((\"Error while evaluating expression: \" + (expressionText)), ele)"
              },
              "line": 101,
              "file": "/home/khesoem/projects/lighter/exp/activiti-core/activiti-engine/src/main/java/org/activiti/engine/impl/el/JuelExpression.java",
              "stats": {
                "number_of_src_entities": 4,
                "number_of_dst_entities": 4,
                "src_entity_types": "[java.lang.Exception]",
                "dst_entity_types": "[java.lang.Exception]"
              }
            }
          ]
        }
      ]
    }
  ],
  "complete_analysis": true
}