{
  "instances": [
    {
      "revision": "64f2e6bebc59917d60221597b6994f42fd74ad29",
      "repairability": [
        {
          "tool-name": "JMutRepair",
          "pattern-name": "JMutRepair:unary",
          "Unified_Diff_of-files:": "Starts Below...",
          "CHANGE_old:": "    List\u0026lt;StreamMessage\u0026lt;K, V\u0026gt;\u0026gt; xreadgroup(Consumer consumer, XReadArgs args, Stream\u0026lt;K\u0026gt;... streams);",
          "CHANGE_new:": "    List\u0026lt;StreamMessage\u0026lt;K, V\u0026gt;\u0026gt; xreadgroup(Consumer\u0026lt;K\u0026gt; consumer, XReadArgs args, StreamOffset\u0026lt;K\u0026gt;... streams);",
          "DELETE:": "    /**",
          "instance_detail": [
            {
              "pattern_action": "ANY",
              "pattern_entity": {
                "entity_type": "UnaryOperator",
                "entity_new value": "*",
                "entity_role": "*",
                "entity_parent": {
                  "entity_type": "If",
                  "entity_new value": "*",
                  "entity_role": "*",
                  "entity_parent": "null"
                }
              },
              "concrete_change": {
                "operator": "INS",
                "src_type": "UnaryOperator",
                "dst_type": "null",
                "src": "!(initialized)",
                "dst": "null",
                "src_parent_type": "If",
                "dst_parent_type": "null",
                "src_parent": "if (!(initialized)) {\n    output \u003d new java.util.ArrayList();\n}",
                "dst_parent": "null"
              },
              "line": 71,
              "file": "/home/khesoem/projects/lighter/exp/src/main/java/io/lettuce/core/output/NestedMultiOutput.java"
            }
          ]
        }
      ]
    }
  ],
  "complete_analysis": true
}