{
  "instances": [
    {
      "revision": "541a911b85711e4c3375dd44d5f461fe0c1e3b9d",
      "repairability": [
        {
          "tool-name": "JMutRepair",
          "pattern-name": "JMutRepair:unary",
          "Unified_Diff_of-files:": "Starts Below...",
          "CHANGE_old:": "                (builder) -\u0026gt; this.datastoreEntityConverter.write(val, builder));",
          "CHANGE_new:": "                (builder) -\u0026gt; this.datastoreEntityConverter.write(val, builder), true);",
          "INSERT:": "        else {",
          "instance_detail": [
            {
              "pattern_action": "ANY",
              "pattern_entity": {
                "entity_type": "UnaryOperator",
                "entity_new value": "*",
                "entity_role": "*",
                "entity_parent": {
                  "entity_type": "If",
                  "entity_new value": "*",
                  "entity_role": "*",
                  "entity_parent": "null"
                }
              },
              "concrete_change": {
                "operator": "INS",
                "src_type": "UnaryOperator",
                "dst_type": "null",
                "src": "!createKey",
                "dst": "null",
                "src_parent_type": "If",
                "dst_parent_type": "null",
                "src_parent": "if (!createKey) {\n    builder \u003d com.google.cloud.datastore.FullEntity.newBuilder();\n} else {\n    java.util.Optional idProp \u003d java.util.Optional.ofNullable(val).map(( v) -\u003e this.datastoreMappingContext.getPersistentEntity(v.getClass())).map(( datastorePersistentEntity) -\u003e datastorePersistentEntity.getIdProperty()).map(( id) -\u003e this.datastoreMappingContext.getPersistentEntity(val.getClass()).getPropertyAccessor(val).getProperty(id));\n    com.google.cloud.datastore.IncompleteKey key \u003d (idProp.isPresent()) ? this.objectToKeyFactory.getKeyFromId(idProp.get(), kindName) : this.objectToKeyFactory.getIncompleteKey(kindName);\n    builder \u003d com.google.cloud.datastore.FullEntity.newBuilder(key);\n}",
                "dst_parent": "null"
              },
              "line": 291,
              "file": "/home/khesoem/projects/lighter/exp/spring-cloud-gcp-data-datastore/src/main/java/org/springframework/cloud/gcp/data/datastore/core/convert/TwoStepsConversions.java"
            }
          ]
        }
      ]
    }
  ],
  "complete_analysis": true
}