{
  "instances": [
    {
      "revision": "616d54ce864ebf4657f2be3563b427f79e81dc98",
      "repairability": [
        {
          "tool-name": "Elixir",
          "pattern-name": "Elixir:update_return_deep",
          "Unified_Diff_of-files:": "Starts Below...",
          "CHANGE_old:": "          hasAndNotNull(jsonObject, \"analysis_time\")",
          "CHANGE_new:": "          hasAndNotNull(jsonObject, \"timestamp\")",
          "instance_detail": [
            {
              "pattern_action": "ANY",
              "pattern_entity": {
                "entity_type": "*",
                "entity_new value": "*",
                "entity_role": "*",
                "entity_parent": {
                  "entity_type": "Return",
                  "entity_new value": "*",
                  "entity_role": "*",
                  "entity_parent": "null"
                }
              },
              "concrete_change": {
                "operator": "UPD",
                "src_type": "Literal",
                "dst_type": "Literal",
                "src": "\"analysis_time\"",
                "dst": "\"timestamp\"",
                "src_parent_type": "Invocation",
                "dst_parent_type": "Invocation",
                "src_parent": "hasAndNotNull(jsonObject, \"analysis_time\")",
                "dst_parent": "hasAndNotNull(jsonObject, \"timestamp\")"
              },
              "line": 234,
              "file": "/home/khesoem/projects/lighter/exp/src/main/java/com/wrapper/spotify/model_objects/miscellaneous/AudioAnalysisMeta.java",
              "stats": {
                "number_of_src_entities": 3,
                "number_of_dst_entities": 3,
                "src_entity_types": "[java.lang.String]",
                "dst_entity_types": "[java.lang.String]"
              }
            }
          ]
        }
      ]
    }
  ],
  "complete_analysis": true
}