{
  "instances": [
    {
      "revision": "3b3feaff7d8c1d88e09709f635cccde2536558a8",
      "repairability": [
        {
          "tool-name": "Cardumen",
          "pattern-name": "Cardumen:expression_replacement_by_upd",
          "Unified_Diff_of-files:": "Starts Below...",
          "CHANGE_old:": "    private final int indexY \u003d 160;",
          "CHANGE_new:": "    private final int indexY \u003d 120;",
          "INSERT:": "",
          "instance_detail": [
            {
              "pattern_action": "UPD",
              "pattern_entity": {
                "entity_type": "Expression",
                "entity_new value": "*",
                "entity_role": "*",
                "entity_parent": "null"
              },
              "concrete_change": {
                "operator": "UPD",
                "src_type": "Literal",
                "dst_type": "Literal",
                "src": "3",
                "dst": "2",
                "src_parent_type": "Field",
                "dst_parent_type": "Field",
                "src_parent": "private final int accDecreasePressAmount \u003d 3;",
                "dst_parent": "private final int accDecreasePressAmount \u003d 2;"
              },
              "line": 44,
              "file": "/home/khesoem/projects/lighter/exp/src/main/java/hu/oe/nik/szfmv/visualization/Dashboard.java",
              "stats": {
                "number_of_src_entities": 2,
                "number_of_dst_entities": 2,
                "src_entity_types": "[int]",
                "dst_entity_types": "[int]"
              }
            }
          ]
        },
        {
          "tool-name": "Cardumen",
          "pattern-name": "Cardumen:expression_replacement_by_upd",
          "Unified_Diff_of-files:": "Starts Below...",
          "CHANGE_old:": "    private final int indexY \u003d 160;",
          "CHANGE_new:": "    private final int indexY \u003d 120;",
          "INSERT:": "",
          "instance_detail": [
            {
              "pattern_action": "UPD",
              "pattern_entity": {
                "entity_type": "Expression",
                "entity_new value": "*",
                "entity_role": "*",
                "entity_parent": "null"
              },
              "concrete_change": {
                "operator": "UPD",
                "src_type": "Literal",
                "dst_type": "Literal",
                "src": "175",
                "dst": "135",
                "src_parent_type": "Field",
                "dst_parent_type": "Field",
                "src_parent": "private final int gearLabelY \u003d 175;",
                "dst_parent": "private final int gearLabelY \u003d 135;"
              },
              "line": 72,
              "file": "/home/khesoem/projects/lighter/exp/src/main/java/hu/oe/nik/szfmv/visualization/Dashboard.java",
              "stats": {
                "number_of_src_entities": 2,
                "number_of_dst_entities": 2,
                "src_entity_types": "[int]",
                "dst_entity_types": "[int]"
              }
            }
          ]
        },
        {
          "tool-name": "Cardumen",
          "pattern-name": "Cardumen:expression_replacement_by_upd",
          "Unified_Diff_of-files:": "Starts Below...",
          "CHANGE_old:": "    private final int indexY \u003d 160;",
          "CHANGE_new:": "    private final int indexY \u003d 120;",
          "INSERT:": "",
          "instance_detail": [
            {
              "pattern_action": "UPD",
              "pattern_entity": {
                "entity_type": "Expression",
                "entity_new value": "*",
                "entity_role": "*",
                "entity_parent": "null"
              },
              "concrete_change": {
                "operator": "UPD",
                "src_type": "Literal",
                "dst_type": "Literal",
                "src": "175",
                "dst": "135",
                "src_parent_type": "Field",
                "dst_parent_type": "Field",
                "src_parent": "private final int gearValueLabelY \u003d 175;",
                "dst_parent": "private final int gearValueLabelY \u003d 135;"
              },
              "line": 78,
              "file": "/home/khesoem/projects/lighter/exp/src/main/java/hu/oe/nik/szfmv/visualization/Dashboard.java",
              "stats": {
                "number_of_src_entities": 2,
                "number_of_dst_entities": 2,
                "src_entity_types": "[int]",
                "dst_entity_types": "[int]"
              }
            }
          ]
        },
        {
          "tool-name": "Cardumen",
          "pattern-name": "Cardumen:expression_replacement_by_upd",
          "Unified_Diff_of-files:": "Starts Below...",
          "CHANGE_old:": "    private final int indexY \u003d 160;",
          "CHANGE_new:": "    private final int indexY \u003d 120;",
          "INSERT:": "",
          "instance_detail": [
            {
              "pattern_action": "UPD",
              "pattern_entity": {
                "entity_type": "Expression",
                "entity_new value": "*",
                "entity_role": "*",
                "entity_parent": "null"
              },
              "concrete_change": {
                "operator": "UPD",
                "src_type": "Literal",
                "dst_type": "Literal",
                "src": "50",
                "dst": "10",
                "src_parent_type": "Field",
                "dst_parent_type": "Field",
                "src_parent": "private final int speedMeterY \u003d 50;",
                "dst_parent": "private final int speedMeterY \u003d 10;"
              },
              "line": 134,
              "file": "/home/khesoem/projects/lighter/exp/src/main/java/hu/oe/nik/szfmv/visualization/Dashboard.java",
              "stats": {
                "number_of_src_entities": 2,
                "number_of_dst_entities": 2,
                "src_entity_types": "[int]",
                "dst_entity_types": "[int]"
              }
            }
          ]
        },
        {
          "tool-name": "Cardumen",
          "pattern-name": "Cardumen:expression_replacement_by_upd",
          "Unified_Diff_of-files:": "Starts Below...",
          "CHANGE_old:": "    private final int indexY \u003d 160;",
          "CHANGE_new:": "    private final int indexY \u003d 120;",
          "INSERT:": "",
          "instance_detail": [
            {
              "pattern_action": "UPD",
              "pattern_entity": {
                "entity_type": "Expression",
                "entity_new value": "*",
                "entity_role": "*",
                "entity_parent": "null"
              },
              "concrete_change": {
                "operator": "UPD",
                "src_type": "Literal",
                "dst_type": "Literal",
                "src": "50",
                "dst": "10",
                "src_parent_type": "Field",
                "dst_parent_type": "Field",
                "src_parent": "private final int tachoMeterY \u003d 50;",
                "dst_parent": "private final int tachoMeterY \u003d 10;"
              },
              "line": 136,
              "file": "/home/khesoem/projects/lighter/exp/src/main/java/hu/oe/nik/szfmv/visualization/Dashboard.java",
              "stats": {
                "number_of_src_entities": 2,
                "number_of_dst_entities": 2,
                "src_entity_types": "[int]",
                "dst_entity_types": "[int]"
              }
            }
          ]
        },
        {
          "tool-name": "Cardumen",
          "pattern-name": "Cardumen:expression_replacement_by_upd",
          "Unified_Diff_of-files:": "Starts Below...",
          "CHANGE_old:": "    private final int indexY \u003d 160;",
          "CHANGE_new:": "    private final int indexY \u003d 120;",
          "INSERT:": "",
          "instance_detail": [
            {
              "pattern_action": "UPD",
              "pattern_entity": {
                "entity_type": "Expression",
                "entity_new value": "*",
                "entity_role": "*",
                "entity_parent": "null"
              },
              "concrete_change": {
                "operator": "UPD",
                "src_type": "Literal",
                "dst_type": "Literal",
                "src": "160",
                "dst": "120",
                "src_parent_type": "Field",
                "dst_parent_type": "Field",
                "src_parent": "private final int indexY \u003d 160;",
                "dst_parent": "private final int indexY \u003d 120;"
              },
              "line": 167,
              "file": "/home/khesoem/projects/lighter/exp/src/main/java/hu/oe/nik/szfmv/visualization/Dashboard.java",
              "stats": {
                "number_of_src_entities": 2,
                "number_of_dst_entities": 2,
                "src_entity_types": "[int]",
                "dst_entity_types": "[int]"
              }
            }
          ]
        },
        {
          "tool-name": "Cardumen",
          "pattern-name": "Cardumen:expression_replacement_by_upd",
          "Unified_Diff_of-files:": "Starts Below...",
          "CHANGE_old:": "    private final int indexY \u003d 160;",
          "CHANGE_new:": "    private final int indexY \u003d 120;",
          "INSERT:": "",
          "instance_detail": [
            {
              "pattern_action": "UPD",
              "pattern_entity": {
                "entity_type": "Expression",
                "entity_new value": "*",
                "entity_role": "*",
                "entity_parent": "null"
              },
              "concrete_change": {
                "operator": "UPD",
                "src_type": "Lambda",
                "dst_type": "Lambda",
                "src": "( e) -\u003e {\n    for (int i \u003d 0; i \u003c (accDecreasePressAmount); i++) {\n        imitateKeyPress(java.awt.event.KeyEvent.VK_T);\n    }\n}",
                "dst": "( e) -\u003e {\n    for (int i \u003d 0; i \u003c (accDecreasePressAmount); i++) {\n        imitateKeyPress(java.awt.event.KeyEvent.VK_T);\n    }\n}",
                "src_parent_type": "Invocation",
                "dst_parent_type": "Invocation",
                "src_parent": "accDistanceButtonMinus.addActionListener(( e) -\u003e {\n    for (int i \u003d 0; i \u003c (accDecreasePressAmount); i++) {\n        imitateKeyPress(java.awt.event.KeyEvent.VK_T);\n    }\n})",
                "dst_parent": "accDistanceButtonMinus.addActionListener(( e) -\u003e {\n    for (int i \u003d 0; i \u003c (accDecreasePressAmount); i++) {\n        imitateKeyPress(java.awt.event.KeyEvent.VK_T);\n    }\n})"
              },
              "line": 405,
              "file": "/home/khesoem/projects/lighter/exp/src/main/java/hu/oe/nik/szfmv/visualization/Dashboard.java",
              "stats": {
                "number_of_src_entities": 54,
                "number_of_dst_entities": 54,
                "src_entity_types": "[int, boolean, java.awt.event.ActionListener, , java.awt.event.KeyEvent, hu.oe.nik.szfmv.visualization.Dashboard]",
                "dst_entity_types": "[int, boolean, java.awt.event.ActionListener, , java.awt.event.KeyEvent, hu.oe.nik.szfmv.visualization.Dashboard]"
              }
            }
          ]
        },
        {
          "tool-name": "Cardumen",
          "pattern-name": "Cardumen:expression_replacement_by_upd",
          "Unified_Diff_of-files:": "Starts Below...",
          "CHANGE_old:": "    private final int indexY \u003d 160;",
          "CHANGE_new:": "    private final int indexY \u003d 120;",
          "INSERT:": "",
          "instance_detail": [
            {
              "pattern_action": "UPD",
              "pattern_entity": {
                "entity_type": "Expression",
                "entity_new value": "*",
                "entity_role": "*",
                "entity_parent": "null"
              },
              "concrete_change": {
                "operator": "UPD",
                "src_type": "Lambda",
                "dst_type": "Lambda",
                "src": "( e) -\u003e imitateKeyPress(java.awt.event.KeyEvent.VK_T)",
                "dst": "( e) -\u003e imitateKeyPress(java.awt.event.KeyEvent.VK_T)",
                "src_parent_type": "Invocation",
                "dst_parent_type": "Invocation",
                "src_parent": "accDistanceButtonPlus.addActionListener(( e) -\u003e imitateKeyPress(java.awt.event.KeyEvent.VK_T))",
                "dst_parent": "accDistanceButtonPlus.addActionListener(( e) -\u003e imitateKeyPress(java.awt.event.KeyEvent.VK_T))"
              },
              "line": 410,
              "file": "/home/khesoem/projects/lighter/exp/src/main/java/hu/oe/nik/szfmv/visualization/Dashboard.java",
              "stats": {
                "number_of_src_entities": 26,
                "number_of_dst_entities": 26,
                "src_entity_types": "[java.awt.event.ActionListener, , java.awt.event.KeyEvent, hu.oe.nik.szfmv.visualization.Dashboard]",
                "dst_entity_types": "[java.awt.event.ActionListener, , java.awt.event.KeyEvent, hu.oe.nik.szfmv.visualization.Dashboard]"
              }
            }
          ]
        },
        {
          "tool-name": "Cardumen",
          "pattern-name": "Cardumen:expression_replacement_by_upd",
          "Unified_Diff_of-files:": "Starts Below...",
          "CHANGE_old:": "    private final int indexY \u003d 160;",
          "CHANGE_new:": "    private final int indexY \u003d 120;",
          "INSERT:": "",
          "instance_detail": [
            {
              "pattern_action": "UPD",
              "pattern_entity": {
                "entity_type": "Expression",
                "entity_new value": "*",
                "entity_role": "*",
                "entity_parent": "null"
              },
              "concrete_change": {
                "operator": "UPD",
                "src_type": "Lambda",
                "dst_type": "Lambda",
                "src": "( e) -\u003e imitateKeyPress(java.awt.event.KeyEvent.VK_MINUS)",
                "dst": "( e) -\u003e imitateKeyPress(java.awt.event.KeyEvent.VK_MINUS)",
                "src_parent_type": "Invocation",
                "dst_parent_type": "Invocation",
                "src_parent": "accSpeedButtonMinus.addActionListener(( e) -\u003e imitateKeyPress(java.awt.event.KeyEvent.VK_MINUS))",
                "dst_parent": "accSpeedButtonMinus.addActionListener(( e) -\u003e imitateKeyPress(java.awt.event.KeyEvent.VK_MINUS))"
              },
              "line": 411,
              "file": "/home/khesoem/projects/lighter/exp/src/main/java/hu/oe/nik/szfmv/visualization/Dashboard.java",
              "stats": {
                "number_of_src_entities": 26,
                "number_of_dst_entities": 26,
                "src_entity_types": "[java.awt.event.ActionListener, , java.awt.event.KeyEvent, hu.oe.nik.szfmv.visualization.Dashboard]",
                "dst_entity_types": "[java.awt.event.ActionListener, , java.awt.event.KeyEvent, hu.oe.nik.szfmv.visualization.Dashboard]"
              }
            }
          ]
        },
        {
          "tool-name": "Cardumen",
          "pattern-name": "Cardumen:expression_replacement_by_upd",
          "Unified_Diff_of-files:": "Starts Below...",
          "CHANGE_old:": "    private final int indexY \u003d 160;",
          "CHANGE_new:": "    private final int indexY \u003d 120;",
          "INSERT:": "",
          "instance_detail": [
            {
              "pattern_action": "UPD",
              "pattern_entity": {
                "entity_type": "Expression",
                "entity_new value": "*",
                "entity_role": "*",
                "entity_parent": "null"
              },
              "concrete_change": {
                "operator": "UPD",
                "src_type": "Lambda",
                "dst_type": "Lambda",
                "src": "( e) -\u003e imitateKeyPress(java.awt.event.KeyEvent.VK_ADD)",
                "dst": "( e) -\u003e imitateKeyPress(java.awt.event.KeyEvent.VK_ADD)",
                "src_parent_type": "Invocation",
                "dst_parent_type": "Invocation",
                "src_parent": "accSpeedButtonPlus.addActionListener(( e) -\u003e imitateKeyPress(java.awt.event.KeyEvent.VK_ADD))",
                "dst_parent": "accSpeedButtonPlus.addActionListener(( e) -\u003e imitateKeyPress(java.awt.event.KeyEvent.VK_ADD))"
              },
              "line": 412,
              "file": "/home/khesoem/projects/lighter/exp/src/main/java/hu/oe/nik/szfmv/visualization/Dashboard.java",
              "stats": {
                "number_of_src_entities": 26,
                "number_of_dst_entities": 26,
                "src_entity_types": "[java.awt.event.ActionListener, , java.awt.event.KeyEvent, hu.oe.nik.szfmv.visualization.Dashboard]",
                "dst_entity_types": "[java.awt.event.ActionListener, , java.awt.event.KeyEvent, hu.oe.nik.szfmv.visualization.Dashboard]"
              }
            }
          ]
        },
        {
          "tool-name": "Cardumen",
          "pattern-name": "Cardumen:expression_replacement_by_upd",
          "Unified_Diff_of-files:": "Starts Below...",
          "CHANGE_old:": "    private final int indexY \u003d 160;",
          "CHANGE_new:": "    private final int indexY \u003d 120;",
          "INSERT:": "",
          "instance_detail": [
            {
              "pattern_action": "UPD",
              "pattern_entity": {
                "entity_type": "Expression",
                "entity_new value": "*",
                "entity_role": "*",
                "entity_parent": "null"
              },
              "concrete_change": {
                "operator": "UPD",
                "src_type": "Lambda",
                "dst_type": "Lambda",
                "src": "( e) -\u003e imitateKeyPress(java.awt.event.KeyEvent.VK_L)",
                "dst": "( e) -\u003e imitateKeyPress(java.awt.event.KeyEvent.VK_L)",
                "src_parent_type": "Invocation",
                "dst_parent_type": "Invocation",
                "src_parent": "lkaButton.addActionListener(( e) -\u003e imitateKeyPress(java.awt.event.KeyEvent.VK_L))",
                "dst_parent": "lkaButton.addActionListener(( e) -\u003e imitateKeyPress(java.awt.event.KeyEvent.VK_L))"
              },
              "line": 506,
              "file": "/home/khesoem/projects/lighter/exp/src/main/java/hu/oe/nik/szfmv/visualization/Dashboard.java",
              "stats": {
                "number_of_src_entities": 26,
                "number_of_dst_entities": 26,
                "src_entity_types": "[java.awt.event.ActionListener, , java.awt.event.KeyEvent, hu.oe.nik.szfmv.visualization.Dashboard]",
                "dst_entity_types": "[java.awt.event.ActionListener, , java.awt.event.KeyEvent, hu.oe.nik.szfmv.visualization.Dashboard]"
              }
            }
          ]
        },
        {
          "tool-name": "Cardumen",
          "pattern-name": "Cardumen:expression_replacement_by_upd",
          "Unified_Diff_of-files:": "Starts Below...",
          "CHANGE_old:": "    private final int indexY \u003d 160;",
          "CHANGE_new:": "    private final int indexY \u003d 120;",
          "INSERT:": "",
          "instance_detail": [
            {
              "pattern_action": "UPD",
              "pattern_entity": {
                "entity_type": "Expression",
                "entity_new value": "*",
                "entity_role": "*",
                "entity_parent": "null"
              },
              "concrete_change": {
                "operator": "UPD",
                "src_type": "Lambda",
                "dst_type": "Lambda",
                "src": "( e) -\u003e imitateKeyPress(java.awt.event.KeyEvent.VK_P)",
                "dst": "( e) -\u003e imitateKeyPress(java.awt.event.KeyEvent.VK_P)",
                "src_parent_type": "Invocation",
                "dst_parent_type": "Invocation",
                "src_parent": "ppButton.addActionListener(( e) -\u003e imitateKeyPress(java.awt.event.KeyEvent.VK_P))",
                "dst_parent": "ppButton.addActionListener(( e) -\u003e imitateKeyPress(java.awt.event.KeyEvent.VK_P))"
              },
              "line": 517,
              "file": "/home/khesoem/projects/lighter/exp/src/main/java/hu/oe/nik/szfmv/visualization/Dashboard.java",
              "stats": {
                "number_of_src_entities": 26,
                "number_of_dst_entities": 26,
                "src_entity_types": "[java.awt.event.ActionListener, , java.awt.event.KeyEvent, hu.oe.nik.szfmv.visualization.Dashboard]",
                "dst_entity_types": "[java.awt.event.ActionListener, , java.awt.event.KeyEvent, hu.oe.nik.szfmv.visualization.Dashboard]"
              }
            }
          ]
        }
      ]
    }
  ],
  "complete_analysis": true
}