{
  "instances": [
    {
      "revision": "44691c42c527ea0f6cc815ca5afeb0099a90d591",
      "repairability": [
        {
          "tool-name": "Cardumen",
          "pattern-name": "Cardumen:expression_replacement_by_del_ins",
          "Unified_Diff_of-files:": "Starts Below...",
          "DELETE:": "        addKeyListener(InputHandler.getInstance());",
          "INSERT:": "        add(dashboard);",
          "CHANGE_old:": "",
          "CHANGE_new:": "        courseDisplay.addKeyListener(InputHandler.getInstance());",
          "instance_detail": [
            {
              "pattern_action": "DEL",
              "pattern_entity": {
                "entity_type": "Expression",
                "entity_new value": "*",
                "entity_role": "*",
                "entity_parent": "null"
              },
              "concrete_change": {
                "operator": "DEL",
                "src_type": "Literal",
                "dst_type": "null",
                "src": "null",
                "dst": "null",
                "src_parent_type": "LocalVariable",
                "dst_parent_type": "null",
                "src_parent": "hu.oe.nik.szfmv.automatedcar.input.enums.GearEnum e \u003d null",
                "dst_parent": "null"
              },
              "line": 57,
              "file": "/home/khesoem/projects/lighter/exp/src/main/java/hu/oe/nik/szfmv/automatedcar/systemcomponents/GearShift.java",
              "stats": {
                "number_of_src_entities": 2,
                "number_of_dst_entities": -1,
                "src_entity_types": "[\u003cnulltype\u003e]",
                "dst_entity_types": "[]"
              }
            },
            {
              "pattern_action": "INS",
              "pattern_entity": {
                "entity_type": "Expression",
                "entity_new value": "*",
                "entity_role": "*",
                "entity_parent": "null"
              },
              "concrete_change": {
                "operator": "INS",
                "src_type": "FieldRead",
                "dst_type": "null",
                "src": "hu.oe.nik.szfmv.automatedcar.input.enums.GearEnum.P",
                "dst": "null",
                "src_parent_type": "LocalVariable",
                "dst_parent_type": "null",
                "src_parent": "hu.oe.nik.szfmv.automatedcar.input.enums.GearEnum e \u003d hu.oe.nik.szfmv.automatedcar.input.enums.GearEnum.P",
                "dst_parent": "null"
              },
              "line": 55,
              "file": "/home/khesoem/projects/lighter/exp/src/main/java/hu/oe/nik/szfmv/automatedcar/systemcomponents/GearShift.java",
              "stats": {
                "number_of_src_entities": 9,
                "number_of_dst_entities": -1,
                "src_entity_types": "[hu.oe.nik.szfmv.automatedcar.input.enums.GearEnum]",
                "dst_entity_types": "[]"
              }
            }
          ]
        },
        {
          "tool-name": "Cardumen",
          "pattern-name": "Cardumen:expression_replacement_by_del_ins",
          "Unified_Diff_of-files:": "Starts Below...",
          "DELETE:": "        addKeyListener(InputHandler.getInstance());",
          "INSERT:": "        add(dashboard);",
          "CHANGE_old:": "",
          "CHANGE_new:": "        courseDisplay.addKeyListener(InputHandler.getInstance());",
          "instance_detail": [
            {
              "pattern_action": "DEL",
              "pattern_entity": {
                "entity_type": "Expression",
                "entity_new value": "*",
                "entity_role": "*",
                "entity_parent": "null"
              },
              "concrete_change": {
                "operator": "DEL",
                "src_type": "Literal",
                "dst_type": "null",
                "src": "null",
                "dst": "null",
                "src_parent_type": "LocalVariable",
                "dst_parent_type": "null",
                "src_parent": "hu.oe.nik.szfmv.automatedcar.input.enums.GearEnum e \u003d null",
                "dst_parent": "null"
              },
              "line": 84,
              "file": "/home/khesoem/projects/lighter/exp/src/main/java/hu/oe/nik/szfmv/automatedcar/systemcomponents/GearShift.java",
              "stats": {
                "number_of_src_entities": 2,
                "number_of_dst_entities": -1,
                "src_entity_types": "[\u003cnulltype\u003e]",
                "dst_entity_types": "[]"
              }
            },
            {
              "pattern_action": "INS",
              "pattern_entity": {
                "entity_type": "Expression",
                "entity_new value": "*",
                "entity_role": "*",
                "entity_parent": "null"
              },
              "concrete_change": {
                "operator": "INS",
                "src_type": "FieldRead",
                "dst_type": "null",
                "src": "hu.oe.nik.szfmv.automatedcar.input.enums.GearEnum.P",
                "dst": "null",
                "src_parent_type": "LocalVariable",
                "dst_parent_type": "null",
                "src_parent": "hu.oe.nik.szfmv.automatedcar.input.enums.GearEnum e \u003d hu.oe.nik.szfmv.automatedcar.input.enums.GearEnum.P",
                "dst_parent": "null"
              },
              "line": 83,
              "file": "/home/khesoem/projects/lighter/exp/src/main/java/hu/oe/nik/szfmv/automatedcar/systemcomponents/GearShift.java",
              "stats": {
                "number_of_src_entities": 9,
                "number_of_dst_entities": -1,
                "src_entity_types": "[hu.oe.nik.szfmv.automatedcar.input.enums.GearEnum]",
                "dst_entity_types": "[]"
              }
            }
          ]
        }
      ]
    }
  ],
  "complete_analysis": true
}