{
  "instances": [
    {
      "revision": "452d79d826198b87f70424412072fd84066f5d10",
      "repairability": [
        {
          "tool-name": "Cardumen",
          "pattern-name": "Cardumen:expression_replacement_by_upd",
          "Unified_Diff_of-files:": "Starts Below...",
          "CHANGE_old:": "                drawWorldObject(object, g, offset.getX(), offset.getY());",
          "CHANGE_new:": "                drawWorldObject(object, g, offset.x, offset.y);",
          "INSERT:": "        }",
          "instance_detail": [
            {
              "pattern_action": "UPD",
              "pattern_entity": {
                "entity_type": "Expression",
                "entity_new value": "*",
                "entity_role": "*",
                "entity_parent": "null"
              },
              "concrete_change": {
                "operator": "UPD",
                "src_type": "FieldWrite",
                "dst_type": "FieldWrite",
                "src": "this.offsetVector",
                "dst": "this.shape",
                "src_parent_type": "Assignment",
                "dst_parent_type": "Assignment",
                "src_parent": "this.offsetVector \u003d offsetVector",
                "dst_parent": "this.shape \u003d tx.createTransformedShape(new java.awt.Rectangle(this.getX(), this.getY(), this.getWidth(), this.getHeight()))"
              },
              "line": 51,
              "file": "/home/khesoem/projects/lighter/exp/src/main/java/hu/oe/nik/szfmv/environment/WorldObject.java",
              "stats": {
                "number_of_src_entities": 12,
                "number_of_dst_entities": 12,
                "src_entity_types": "[hu.oe.nik.szfmv.environment.WorldObject]",
                "dst_entity_types": "[hu.oe.nik.szfmv.environment.WorldObject]"
              }
            }
          ]
        }
      ]
    }
  ],
  "complete_analysis": true
}