{
  "instances": [
    {
      "revision": "e0045221c301b793102e98ed8d2e1ca80475798f",
      "repairability": [
        {
          "tool-name": "Cardumen",
          "pattern-name": "Cardumen:expression_replacement_by_upd",
          "Unified_Diff_of-files:": "Starts Below...",
          "INSERT:": "}",
          "instance_detail": [
            {
              "pattern_action": "UPD",
              "pattern_entity": {
                "entity_type": "Expression",
                "entity_new value": "*",
                "entity_role": "*",
                "entity_parent": "null"
              },
              "concrete_change": {
                "operator": "UPD",
                "src_type": "Invocation",
                "dst_type": "Invocation",
                "src": "(ctConstructorCall.getType())",
                "dst": "(ctConstructorCall.getExecutable())",
                "src_parent_type": "BinaryOperator",
                "dst_parent_type": "BinaryOperator",
                "src_parent": "(ctConstructorCall.getType()) !\u003d null",
                "dst_parent": "(ctConstructorCall.getExecutable()) !\u003d null"
              },
              "line": 49,
              "file": "/home/khesoem/projects/lighter/exp/src/main/java/gumtree/spoon/builder/NodeCreator.java",
              "stats": {
                "number_of_src_entities": 12,
                "number_of_dst_entities": 12,
                "src_entity_types": "[spoon.reflect.code.CtConstructorCall\u003cT\u003e, spoon.reflect.code.CtConstructorCall]",
                "dst_entity_types": "[spoon.reflect.code.CtAbstractInvocation, spoon.reflect.code.CtConstructorCall\u003cT\u003e]"
              }
            }
          ]
        }
      ]
    }
  ],
  "complete_analysis": true
}