{
  "instances": [
    {
      "revision": "abacb75df2d9353770f7d5c4a2f085986551ba1d",
      "repairability": [
        {
          "tool-name": "Nopol",
          "pattern-name": "Nopol:if_condition_ins_deep",
          "Unified_Diff_of-files:": "Starts Below...",
          "INSERT:": "}",
          "DELETE:": "",
          "CHANGE_old:": "",
          "CHANGE_new:": "                    return retrieveProxyGrantingTicketViaEncryption(value);",
          "instance_detail": [
            {
              "pattern_action": "MOV",
              "pattern_entity": {
                "entity_type": "*",
                "entity_new value": "*",
                "entity_role": "*",
                "entity_parent": {
                  "entity_type": "*",
                  "entity_new value": "*",
                  "entity_role": "Then",
                  "entity_parent": {
                    "entity_type": "If",
                    "entity_new value": "*",
                    "entity_role": "*",
                    "entity_parent": "null"
                  }
                }
              },
              "concrete_change": {
                "operator": "MOV",
                "src_type": "FieldRead",
                "dst_type": "FieldRead",
                "src": "(this.proxyGrantingTicketStorage)",
                "dst": "this.proxyGrantingTicketStorage",
                "src_parent_type": "BinaryOperator",
                "dst_parent_type": "Invocation",
                "src_parent": "((this.proxyGrantingTicketStorage) \u003d\u003d null)",
                "dst_parent": "this.proxyGrantingTicketStorage.retrieve(pgtIou)"
              },
              "line": 91,
              "file": "/home/khesoem/projects/lighter/exp/cas-client-core/src/main/java/org/jasig/cas/client/validation/Cas20ServiceTicketValidator.java",
              "stats": {
                "number_of_src_entities": 12,
                "number_of_dst_entities": 12,
                "src_entity_types": "[org.jasig.cas.client.validation.Cas20ServiceTicketValidator]",
                "dst_entity_types": "[org.jasig.cas.client.validation.Cas20ServiceTicketValidator]"
              }
            },
            {
              "pattern_action": "INS",
              "pattern_entity": {
                "entity_type": "If",
                "entity_new value": "*",
                "entity_role": "*",
                "entity_parent": "null"
              },
              "concrete_change": {
                "operator": "INS",
                "src_type": "If",
                "dst_type": "null",
                "src": "if ((this.proxyGrantingTicketStorage) !\u003d null) {\n    return this.proxyGrantingTicketStorage.retrieve(pgtIou);\n}",
                "dst": "null",
                "src_parent_type": "Block",
                "dst_parent_type": "null",
                "src_parent": "{\n    if ((this.proxyGrantingTicketStorage) !\u003d null) {\n        return this.proxyGrantingTicketStorage.retrieve(pgtIou);\n    }\n    return null;\n}",
                "dst_parent": "null"
              },
              "line": 134,
              "file": "/home/khesoem/projects/lighter/exp/cas-client-core/src/main/java/org/jasig/cas/client/validation/Cas20ServiceTicketValidator.java"
            }
          ]
        }
      ]
    }
  ],
  "complete_analysis": true
}