{
  "instances": [
    {
      "revision": "05be74321eec5994bf2ad8f9061aeb2498993ca8",
      "repairability": [
        {
          "tool-name": "Elixir",
          "pattern-name": "Elixir:update_type_ref",
          "Unified_Diff_of-files:": "Starts Below...",
          "CHANGE_old:": "        accountDto.setParentId(account.getParentId());",
          "CHANGE_new:": "        accountDto.setParentId(account.getParent().getId());",
          "instance_detail": [
            {
              "pattern_action": "UPD",
              "pattern_entity": {
                "entity_type": "TypeReference",
                "entity_new value": "*",
                "entity_role": "*",
                "entity_parent": "null"
              },
              "concrete_change": {
                "operator": "UPD",
                "src_type": "TypeReference",
                "dst_type": "TypeReference",
                "src": "int",
                "dst": "org.cash.count.model.Account",
                "src_parent_type": "Field",
                "dst_parent_type": "Field",
                "src_parent": "private int parentId;",
                "dst_parent": "private org.cash.count.model.Account parent;"
              },
              "line": 22,
              "file": "/home/khesoem/projects/lighter/exp/src/main/java/org/cash/count/model/Account.java",
              "stats": {
                "number_of_src_entities": 1,
                "number_of_dst_entities": 2,
                "src_entity_types": "[int]",
                "dst_entity_types": "[org.cash.count.model.Account]"
              }
            }
          ]
        },
        {
          "tool-name": "Elixir",
          "pattern-name": "Elixir:update_type_ref",
          "Unified_Diff_of-files:": "Starts Below...",
          "CHANGE_old:": "        accountDto.setParentId(account.getParentId());",
          "CHANGE_new:": "        accountDto.setParentId(account.getParent().getId());",
          "instance_detail": [
            {
              "pattern_action": "UPD",
              "pattern_entity": {
                "entity_type": "TypeReference",
                "entity_new value": "*",
                "entity_role": "*",
                "entity_parent": "null"
              },
              "concrete_change": {
                "operator": "UPD",
                "src_type": "TypeReference",
                "dst_type": "TypeReference",
                "src": "int",
                "dst": "org.cash.count.model.Account",
                "src_parent_type": "Method",
                "dst_parent_type": "Method",
                "src_parent": "public int getParentId() {\n    return parentId;\n}",
                "dst_parent": "@javax.persistence.ManyToOne\npublic org.cash.count.model.Account getParent() {\n    return parent;\n}"
              },
              "line": 65,
              "file": "/home/khesoem/projects/lighter/exp/src/main/java/org/cash/count/model/Account.java",
              "stats": {
                "number_of_src_entities": 1,
                "number_of_dst_entities": 2,
                "src_entity_types": "[int]",
                "dst_entity_types": "[org.cash.count.model.Account]"
              }
            }
          ]
        },
        {
          "tool-name": "Elixir",
          "pattern-name": "Elixir:update_type_ref",
          "Unified_Diff_of-files:": "Starts Below...",
          "CHANGE_old:": "        accountDto.setParentId(account.getParentId());",
          "CHANGE_new:": "        accountDto.setParentId(account.getParent().getId());",
          "instance_detail": [
            {
              "pattern_action": "UPD",
              "pattern_entity": {
                "entity_type": "TypeReference",
                "entity_new value": "*",
                "entity_role": "*",
                "entity_parent": "null"
              },
              "concrete_change": {
                "operator": "UPD",
                "src_type": "TypeReference",
                "dst_type": "TypeReference",
                "src": "int",
                "dst": "org.cash.count.model.Account",
                "src_parent_type": "ParameterReference",
                "dst_parent_type": "Parameter",
                "src_parent": "parentId",
                "dst_parent": "org.cash.count.model.Account parent"
              },
              "line": 69,
              "file": "/home/khesoem/projects/lighter/exp/src/main/java/org/cash/count/model/Account.java",
              "stats": {
                "number_of_src_entities": 1,
                "number_of_dst_entities": 2,
                "src_entity_types": "[int]",
                "dst_entity_types": "[org.cash.count.model.Account]"
              }
            }
          ]
        }
      ]
    },
    {
      "revision": "05be74321eec5994bf2ad8f9061aeb2498993ca8",
      "repairability": [
        {
          "tool-name": "Elixir",
          "pattern-name": "Elixir:Insert_Invocation",
          "Unified_Diff_of-files:": "Starts Below...",
          "CHANGE_old:": "        accountDto.setParentId(account.getParentId());",
          "CHANGE_new:": "        accountDto.setParentId(account.getParent().getId());",
          "instance_detail": [
            {
              "pattern_action": "INS",
              "pattern_entity": {
                "entity_type": "AbstractInvocation",
                "entity_new value": "*",
                "entity_role": "*",
                "entity_parent": "null"
              },
              "concrete_change": {
                "operator": "INS",
                "src_type": "Invocation",
                "dst_type": "null",
                "src": "account.getParent().getId()",
                "dst": "null",
                "src_parent_type": "Invocation",
                "dst_parent_type": "null",
                "src_parent": "accountDto.setParentId(account.getParent().getId())",
                "dst_parent": "null"
              },
              "line": 80,
              "file": "/home/khesoem/projects/lighter/exp/src/main/java/org/cash/count/service/impl/AccountManager.java",
              "stats": {
                "number_of_src_entities": 10,
                "number_of_dst_entities": -1,
                "src_entity_types": "[org.cash.count.model.Account]",
                "dst_entity_types": "[]"
              }
            }
          ]
        }
      ]
    }
  ],
  "complete_analysis": true
}