{
  "instances": [
    {
      "revision": "30753bf250d8552a61f93f0201a7daa0470961a7",
      "repairability": [
        {
          "tool-name": "Elixir",
          "pattern-name": "Elixir:update_invocation_deep",
          "Unified_Diff_of-files:": "Starts Below...",
          "INSERT:": "",
          "CHANGE_old:": "    return \"LoadBalancingTarget(type\u003d\" + type.getSimpleName() + \", name\u003d\" + name + \")\";",
          "CHANGE_new:": "    return \"LoadBalancingTarget(type\u003d\" + type.getSimpleName() + \", name\u003d\" + name + \", path\u003d\" + path + \")\";",
          "instance_detail": [
            {
              "pattern_action": "ANY",
              "pattern_entity": {
                "entity_type": "*",
                "entity_new value": "*",
                "entity_role": "*",
                "entity_parent": {
                  "entity_type": "AbstractInvocation",
                  "entity_new value": "*",
                  "entity_role": "*",
                  "entity_parent": "null"
                }
              },
              "concrete_change": {
                "operator": "UPD",
                "src_type": "VariableRead",
                "dst_type": "VariableRead",
                "src": "schemeName",
                "dst": "url",
                "src_parent_type": "Invocation",
                "dst_parent_type": "Invocation",
                "src_parent": "java.net.URI.create(schemeName)",
                "dst_parent": "java.net.URI.create(url)"
              },
              "line": 66,
              "file": "/home/khesoem/projects/lighter/exp/ribbon/src/main/java/feign/ribbon/LoadBalancingTarget.java",
              "stats": {
                "number_of_src_entities": 4,
                "number_of_dst_entities": 4,
                "src_entity_types": "[java.lang.String]",
                "dst_entity_types": "[java.lang.String]"
              }
            }
          ]
        }
      ]
    }
  ],
  "complete_analysis": true
}