{
  "instances": [
    {
      "revision": "6523d560166439a0d8fbf941559f670ed017e350",
      "repairability": [
        {
          "tool-name": "Elixir",
          "pattern-name": "Elixir:update_type_ref",
          "Unified_Diff_of-files:": "Starts Below...",
          "CHANGE_old:": "public class ToStringDecoder extends Decoder {",
          "CHANGE_new:": "public class StringDecoder extends Decoder {",
          "instance_detail": [
            {
              "pattern_action": "UPD",
              "pattern_entity": {
                "entity_type": "TypeReference",
                "entity_new value": "*",
                "entity_role": "*",
                "entity_parent": "null"
              },
              "concrete_change": {
                "operator": "UPD",
                "src_type": "TypeReference",
                "dst_type": "TypeReference",
                "src": "java.lang.Throwable",
                "dst": "java.lang.Exception",
                "src_parent_type": "Method",
                "dst_parent_type": "Method",
                "src_parent": "public java.lang.Object decode(java.lang.String methodKey, feign.Response response, java.lang.reflect.Type type) throws java.lang.Throwable {\n    feign.Response.Body body \u003d response.body();\n    if (body \u003d\u003d null)\n        return null;\n\n    java.io.Reader reader \u003d body.asReader();\n    try {\n        return decode(methodKey, reader, type);\n    } finally {\n        feign.Util.ensureClosed(body);\n    }\n}",
                "dst_parent": "public java.lang.Object decode(java.lang.String methodKey, feign.Response response, java.lang.reflect.Type type) throws java.lang.Exception {\n    feign.Response.Body body \u003d response.body();\n    if (body \u003d\u003d null)\n        return null;\n\n    java.io.Reader reader \u003d body.asReader();\n    try {\n        return decode(methodKey, reader, type);\n    } finally {\n        feign.Util.ensureClosed(body);\n    }\n}"
              },
              "line": 70,
              "file": "/home/khesoem/projects/lighter/exp/feign-core/src/main/java/feign/codec/Decoder.java",
              "stats": {
                "number_of_src_entities": 2,
                "number_of_dst_entities": 2,
                "src_entity_types": "[java.lang.Throwable]",
                "dst_entity_types": "[java.lang.Exception]"
              }
            }
          ]
        },
        {
          "tool-name": "Elixir",
          "pattern-name": "Elixir:update_type_ref",
          "Unified_Diff_of-files:": "Starts Below...",
          "CHANGE_old:": "public class ToStringDecoder extends Decoder {",
          "CHANGE_new:": "public class StringDecoder extends Decoder {",
          "instance_detail": [
            {
              "pattern_action": "UPD",
              "pattern_entity": {
                "entity_type": "TypeReference",
                "entity_new value": "*",
                "entity_role": "*",
                "entity_parent": "null"
              },
              "concrete_change": {
                "operator": "UPD",
                "src_type": "TypeReference",
                "dst_type": "TypeReference",
                "src": "java.lang.Throwable",
                "dst": "java.lang.Exception",
                "src_parent_type": "Method",
                "dst_parent_type": "Method",
                "src_parent": "public abstract java.lang.Object decode(java.lang.String methodKey, java.io.Reader reader, java.lang.reflect.Type type) throws java.lang.Throwable;",
                "dst_parent": "public abstract java.lang.Object decode(java.lang.String methodKey, java.io.Reader reader, java.lang.reflect.Type type) throws java.lang.Exception;"
              },
              "line": 94,
              "file": "/home/khesoem/projects/lighter/exp/feign-core/src/main/java/feign/codec/Decoder.java",
              "stats": {
                "number_of_src_entities": 2,
                "number_of_dst_entities": 2,
                "src_entity_types": "[java.lang.Throwable]",
                "dst_entity_types": "[java.lang.Exception]"
              }
            }
          ]
        }
      ]
    },
    {
      "revision": "6523d560166439a0d8fbf941559f670ed017e350",
      "repairability": [
        {
          "tool-name": "Elixir",
          "pattern-name": "Elixir:update_type_ref",
          "Unified_Diff_of-files:": "Starts Below...",
          "CHANGE_old:": "public class ToStringDecoder extends Decoder {",
          "CHANGE_new:": "public class StringDecoder extends Decoder {",
          "instance_detail": [
            {
              "pattern_action": "UPD",
              "pattern_entity": {
                "entity_type": "TypeReference",
                "entity_new value": "*",
                "entity_role": "*",
                "entity_parent": "null"
              },
              "concrete_change": {
                "operator": "UPD",
                "src_type": "TypeReference",
                "dst_type": "TypeReference",
                "src": "feign.codec.ToStringDecoder",
                "dst": "feign.codec.StringDecoder",
                "src_parent_type": "Field",
                "dst_parent_type": "Field",
                "src_parent": "private static final feign.codec.ToStringDecoder toString \u003d new feign.codec.ToStringDecoder();",
                "dst_parent": "private static final feign.codec.StringDecoder toString \u003d new feign.codec.StringDecoder();"
              },
              "line": 32,
              "file": "/home/khesoem/projects/lighter/exp/feign-core/src/main/java/feign/FeignException.java",
              "stats": {
                "number_of_src_entities": 2,
                "number_of_dst_entities": 2,
                "src_entity_types": "[feign.codec.ToStringDecoder]",
                "dst_entity_types": "[feign.codec.StringDecoder]"
              }
            }
          ]
        }
      ]
    },
    {
      "revision": "6523d560166439a0d8fbf941559f670ed017e350",
      "repairability": [
        {
          "tool-name": "Elixir",
          "pattern-name": "Elixir:update_type_ref",
          "Unified_Diff_of-files:": "Starts Below...",
          "CHANGE_old:": "public class ToStringDecoder extends Decoder {",
          "CHANGE_new:": "public class StringDecoder extends Decoder {",
          "instance_detail": [
            {
              "pattern_action": "UPD",
              "pattern_entity": {
                "entity_type": "TypeReference",
                "entity_new value": "*",
                "entity_role": "*",
                "entity_parent": "null"
              },
              "concrete_change": {
                "operator": "UPD",
                "src_type": "TypeReference",
                "dst_type": "TypeReference",
                "src": "java.lang.Throwable",
                "dst": "java.io.IOException",
                "src_parent_type": "Method",
                "dst_parent_type": "Method",
                "src_parent": "private static java.lang.String toString(java.io.Reader reader) throws java.lang.Throwable {\n    return feign.codec.Decoders.TO_STRING.decode(null, reader, null).toString();\n}",
                "dst_parent": "private static java.lang.String toString(java.io.Reader reader) throws java.io.IOException {\n    return feign.codec.Decoders.TO_STRING.decode(null, reader, null).toString();\n}"
              },
              "line": 146,
              "file": "/home/khesoem/projects/lighter/exp/feign-core/src/main/java/feign/codec/Decoders.java",
              "stats": {
                "number_of_src_entities": 2,
                "number_of_dst_entities": 2,
                "src_entity_types": "[java.lang.Throwable]",
                "dst_entity_types": "[java.io.IOException]"
              }
            }
          ]
        },
        {
          "tool-name": "Elixir",
          "pattern-name": "Elixir:update_type_ref",
          "Unified_Diff_of-files:": "Starts Below...",
          "CHANGE_old:": "public class ToStringDecoder extends Decoder {",
          "CHANGE_new:": "public class StringDecoder extends Decoder {",
          "instance_detail": [
            {
              "pattern_action": "UPD",
              "pattern_entity": {
                "entity_type": "TypeReference",
                "entity_new value": "*",
                "entity_role": "*",
                "entity_parent": "null"
              },
              "concrete_change": {
                "operator": "UPD",
                "src_type": "TypeReference",
                "dst_type": "TypeReference",
                "src": "feign.codec.Decoder",
                "dst": "feign.codec.StringDecoder",
                "src_parent_type": "Field",
                "dst_parent_type": "Field",
                "src_parent": "private static final feign.codec.Decoder TO_STRING \u003d new feign.codec.ToStringDecoder();",
                "dst_parent": "private static final feign.codec.StringDecoder TO_STRING \u003d new feign.codec.StringDecoder();"
              },
              "line": 150,
              "file": "/home/khesoem/projects/lighter/exp/feign-core/src/main/java/feign/codec/Decoders.java",
              "stats": {
                "number_of_src_entities": 2,
                "number_of_dst_entities": 2,
                "src_entity_types": "[feign.codec.Decoder]",
                "dst_entity_types": "[feign.codec.StringDecoder]"
              }
            }
          ]
        },
        {
          "tool-name": "Elixir",
          "pattern-name": "Elixir:update_type_ref",
          "Unified_Diff_of-files:": "Starts Below...",
          "CHANGE_old:": "public class ToStringDecoder extends Decoder {",
          "CHANGE_new:": "public class StringDecoder extends Decoder {",
          "instance_detail": [
            {
              "pattern_action": "UPD",
              "pattern_entity": {
                "entity_type": "TypeReference",
                "entity_new value": "*",
                "entity_role": "*",
                "entity_parent": "null"
              },
              "concrete_change": {
                "operator": "UPD",
                "src_type": "TypeReference",
                "dst_type": "TypeReference",
                "src": "java.lang.Throwable",
                "dst": "java.io.IOException",
                "src_parent_type": "Method",
                "dst_parent_type": "Method",
                "src_parent": "@java.lang.Override\npublic java.lang.Object decode(java.lang.String methodKey, java.io.Reader reader, java.lang.reflect.Type type) throws java.lang.Throwable {\n    java.util.regex.Matcher matcher \u003d patternForMatcher.matcher(feign.codec.Decoders.toString(reader));\n    if (matcher.find()) {\n        return applyFirstGroup.apply(matcher.group(1));\n    }\n    return null;\n}",
                "dst_parent": "@java.lang.Override\npublic java.lang.Object decode(java.lang.String methodKey, java.io.Reader reader, java.lang.reflect.Type type) throws java.io.IOException {\n    java.util.regex.Matcher matcher \u003d patternForMatcher.matcher(feign.codec.Decoders.toString(reader));\n    if (matcher.find()) {\n        return applyFirstGroup.apply(matcher.group(1));\n    }\n    return null;\n}"
              },
              "line": 69,
              "file": "/home/khesoem/projects/lighter/exp/feign-core/src/main/java/feign/codec/Decoders.java",
              "stats": {
                "number_of_src_entities": 2,
                "number_of_dst_entities": 2,
                "src_entity_types": "[java.lang.Throwable]",
                "dst_entity_types": "[java.io.IOException]"
              }
            }
          ]
        },
        {
          "tool-name": "Elixir",
          "pattern-name": "Elixir:update_type_ref",
          "Unified_Diff_of-files:": "Starts Below...",
          "CHANGE_old:": "public class ToStringDecoder extends Decoder {",
          "CHANGE_new:": "public class StringDecoder extends Decoder {",
          "instance_detail": [
            {
              "pattern_action": "UPD",
              "pattern_entity": {
                "entity_type": "TypeReference",
                "entity_new value": "*",
                "entity_role": "*",
                "entity_parent": "null"
              },
              "concrete_change": {
                "operator": "UPD",
                "src_type": "TypeReference",
                "dst_type": "TypeReference",
                "src": "java.lang.Throwable",
                "dst": "java.io.IOException",
                "src_parent_type": "Method",
                "dst_parent_type": "Method",
                "src_parent": "@java.lang.Override\npublic java.util.List\u003cT\u003e decode(java.lang.String methodKey, java.io.Reader reader, java.lang.reflect.Type type) throws java.lang.Throwable {\n    java.util.regex.Matcher matcher \u003d patternForMatcher.matcher(feign.codec.Decoders.toString(reader));\n    java.util.List\u003cT\u003e result \u003d new java.util.ArrayList\u003cT\u003e();\n    while (matcher.find()) {\n        result.add(applyFirstGroup.apply(matcher.group(1)));\n    } \n    return result;\n}",
                "dst_parent": "@java.lang.Override\npublic java.util.List\u003cT\u003e decode(java.lang.String methodKey, java.io.Reader reader, java.lang.reflect.Type type) throws java.io.IOException {\n    java.util.regex.Matcher matcher \u003d patternForMatcher.matcher(feign.codec.Decoders.toString(reader));\n    java.util.List\u003cT\u003e result \u003d new java.util.ArrayList\u003cT\u003e();\n    while (matcher.find()) {\n        result.add(applyFirstGroup.apply(matcher.group(1)));\n    } \n    return result;\n}"
              },
              "line": 115,
              "file": "/home/khesoem/projects/lighter/exp/feign-core/src/main/java/feign/codec/Decoders.java",
              "stats": {
                "number_of_src_entities": 2,
                "number_of_dst_entities": 2,
                "src_entity_types": "[java.lang.Throwable]",
                "dst_entity_types": "[java.io.IOException]"
              }
            }
          ]
        }
      ]
    }
  ],
  "complete_analysis": true
}