{
  "instances": [
    {
      "revision": "0444e23b0d435283517eeeff6c91aaf8dfe4a849",
      "repairability": [
        {
          "tool-name": "Elixir",
          "pattern-name": "Elixir:if_null_check",
          "Unified_Diff_of-files:": "Starts Below...",
          "DELETE:": "import java.util.Arrays;",
          "INSERT:": "      }",
          "instance_detail": [
            {
              "pattern_action": "INS",
              "pattern_entity": {
                "entity_type": "*",
                "entity_new value": "null",
                "entity_role": "*",
                "entity_parent": {
                  "entity_type": "BinaryOperator",
                  "entity_new value": "*",
                  "entity_role": "condition",
                  "entity_parent": {
                    "entity_type": "If",
                    "entity_new value": "*",
                    "entity_role": "*",
                    "entity_parent": "null"
                  }
                }
              },
              "concrete_change": {
                "operator": "INS",
                "src_type": "Literal",
                "dst_type": "null",
                "src": "null",
                "dst": "null",
                "src_parent_type": "BinaryOperator",
                "dst_parent_type": "null",
                "src_parent": "input !\u003d null",
                "dst_parent": "null"
              },
              "line": 108,
              "file": "/home/khesoem/projects/lighter/exp/okhttp/src/main/java/feign/okhttp/OkHttpClient.java"
            },
            {
              "pattern_action": "MOV",
              "pattern_entity": {
                "entity_type": "Statement",
                "entity_new value": "*",
                "entity_role": "*",
                "entity_parent": "null"
              },
              "concrete_change": {
                "operator": "MOV",
                "src_type": "Block",
                "dst_type": "Block",
                "src": "{\n    return null;\n}",
                "dst": "{\n    input.close();\n}",
                "src_parent_type": "If",
                "dst_parent_type": "If",
                "src_parent": "if ((input \u003d\u003d null) || ((input.contentLength()) \u003d\u003d 0)) {\n    return null;\n}",
                "dst_parent": "if (input !\u003d null) {\n    input.close();\n}"
              },
              "line": 108,
              "file": "/home/khesoem/projects/lighter/exp/okhttp/src/main/java/feign/okhttp/OkHttpClient.java",
              "stats": {
                "number_of_src_entities": 4,
                "number_of_dst_entities": 9,
                "src_entity_types": "[\u003cnulltype\u003e]",
                "dst_entity_types": "[okhttp3.ResponseBody]"
              }
            },
            {
              "pattern_action": "INS",
              "pattern_entity": {
                "entity_type": "If",
                "entity_new value": "*",
                "entity_role": "*",
                "entity_parent": "null"
              },
              "concrete_change": {
                "operator": "INS",
                "src_type": "If",
                "dst_type": "null",
                "src": "if (input !\u003d null) {\n    input.close();\n}",
                "dst": "null",
                "src_parent_type": "Block",
                "dst_parent_type": "null",
                "src_parent": "{\n    if (input !\u003d null) {\n        input.close();\n    }\n    return null;\n}",
                "dst_parent": "null"
              },
              "line": 108,
              "file": "/home/khesoem/projects/lighter/exp/okhttp/src/main/java/feign/okhttp/OkHttpClient.java"
            }
          ]
        },
        {
          "tool-name": "Elixir",
          "pattern-name": "Elixir:Insert_Invocation",
          "Unified_Diff_of-files:": "Starts Below...",
          "DELETE:": "import java.util.Arrays;",
          "INSERT:": "      }",
          "instance_detail": [
            {
              "pattern_action": "INS",
              "pattern_entity": {
                "entity_type": "AbstractInvocation",
                "entity_new value": "*",
                "entity_role": "*",
                "entity_parent": "null"
              },
              "concrete_change": {
                "operator": "INS",
                "src_type": "Invocation",
                "dst_type": "null",
                "src": "input.close()",
                "dst": "null",
                "src_parent_type": "Block",
                "dst_parent_type": "null",
                "src_parent": "{\n    input.close();\n}",
                "dst_parent": "null"
              },
              "line": 109,
              "file": "/home/khesoem/projects/lighter/exp/okhttp/src/main/java/feign/okhttp/OkHttpClient.java",
              "stats": {
                "number_of_src_entities": 8,
                "number_of_dst_entities": -1,
                "src_entity_types": "[okhttp3.ResponseBody]",
                "dst_entity_types": "[]"
              }
            }
          ]
        },
        {
          "tool-name": "Elixir",
          "pattern-name": "Elixir:check_length",
          "Unified_Diff_of-files:": "Starts Below...",
          "DELETE:": "import java.util.Arrays;",
          "INSERT:": "      }",
          "instance_detail": [
            {
              "pattern_action": "MOV",
              "pattern_entity": {
                "entity_type": "Statement",
                "entity_new value": "*",
                "entity_role": "*",
                "entity_parent": "null"
              },
              "concrete_change": {
                "operator": "MOV",
                "src_type": "Block",
                "dst_type": "Block",
                "src": "{\n    return null;\n}",
                "dst": "{\n    input.close();\n}",
                "src_parent_type": "If",
                "dst_parent_type": "If",
                "src_parent": "if ((input \u003d\u003d null) || ((input.contentLength()) \u003d\u003d 0)) {\n    return null;\n}",
                "dst_parent": "if (input !\u003d null) {\n    input.close();\n}"
              },
              "line": 108,
              "file": "/home/khesoem/projects/lighter/exp/okhttp/src/main/java/feign/okhttp/OkHttpClient.java",
              "stats": {
                "number_of_src_entities": 4,
                "number_of_dst_entities": 9,
                "src_entity_types": "[\u003cnulltype\u003e]",
                "dst_entity_types": "[okhttp3.ResponseBody]"
              }
            },
            {
              "pattern_action": "INS",
              "pattern_entity": {
                "entity_type": "If",
                "entity_new value": "*",
                "entity_role": "*",
                "entity_parent": "null"
              },
              "concrete_change": {
                "operator": "INS",
                "src_type": "If",
                "dst_type": "null",
                "src": "if (input !\u003d null) {\n    input.close();\n}",
                "dst": "null",
                "src_parent_type": "Block",
                "dst_parent_type": "null",
                "src_parent": "{\n    if (input !\u003d null) {\n        input.close();\n    }\n    return null;\n}",
                "dst_parent": "null"
              },
              "line": 108,
              "file": "/home/khesoem/projects/lighter/exp/okhttp/src/main/java/feign/okhttp/OkHttpClient.java"
            }
          ]
        }
      ]
    }
  ],
  "complete_analysis": true
}