{
  "instances": [
    {
      "revision": "7bfce4741d89b47f61d06a7c61f76b87805e4d6b",
      "repairability": [
        {
          "tool-name": "Elixir",
          "pattern-name": "Elixir:tight_be",
          "Unified_Diff_of-files:": "Starts Below...",
          "INSERT:": "import java.lang.reflect.Modifier;",
          "CHANGE_old:": "",
          "CHANGE_new:": "            (method.getModifiers() \u0026 Modifier.STATIC) !\u003d 0) {",
          "instance_detail": [
            {
              "pattern_action": "INS",
              "pattern_entity": {
                "entity_type": "BinaryOperator",
                "entity_new value": "*",
                "entity_role": "*",
                "entity_parent": {
                  "entity_type": "If",
                  "entity_new value": "*",
                  "entity_role": "*",
                  "entity_parent": "null"
                }
              },
              "concrete_change": {
                "operator": "INS",
                "src_type": "BinaryOperator",
                "dst_type": "null",
                "src": "((method.getDeclaringClass()) \u003d\u003d (java.lang.Object.class)) || (((method.getModifiers()) \u0026 (java.lang.reflect.Modifier.STATIC)) !\u003d 0)",
                "dst": "null",
                "src_parent_type": "If",
                "dst_parent_type": "null",
                "src_parent": "if (((method.getDeclaringClass()) \u003d\u003d (java.lang.Object.class)) || (((method.getModifiers()) \u0026 (java.lang.reflect.Modifier.STATIC)) !\u003d 0)) {\n    continue;\n}",
                "dst_parent": "null"
              },
              "line": 59,
              "file": "/home/khesoem/projects/lighter/exp/core/src/main/java/feign/Contract.java",
              "stats": {
                "number_of_src_entities": 49,
                "number_of_dst_entities": -1,
                "src_entity_types": "[int, boolean, java.lang.reflect.Modifier, java.lang.Object, java.lang.reflect.Method]",
                "dst_entity_types": "[]"
              }
            }
          ]
        }
      ]
    }
  ],
  "complete_analysis": true
}