{
  "instances": [
    {
      "revision": "58aa3bcb748d8445b2ad595d1c0b5eea1f7ec3bd",
      "repairability": [
        {
          "tool-name": "Elixir",
          "pattern-name": "Elixir:update_type_ref",
          "Unified_Diff_of-files:": "Starts Below...",
          "INSERT:": "",
          "CHANGE_old:": "  protected final static TypeToken\u0026lt;Map\u0026lt;String, Object\u0026gt;\u0026gt; token \u003d new TypeToken\u0026lt;Map\u0026lt;String, Object\u0026gt;\u0026gt;() {",
          "CHANGE_new:": "",
          "instance_detail": [
            {
              "pattern_action": "UPD",
              "pattern_entity": {
                "entity_type": "TypeReference",
                "entity_new value": "*",
                "entity_role": "*",
                "entity_parent": "null"
              },
              "concrete_change": {
                "operator": "UPD",
                "src_type": "TypeReference",
                "dst_type": "TypeReference",
                "src": "com.google.gson.TypeAdapter\u003cjava.util.Map\u003cjava.lang.String, java.lang.Object\u003e\u003e",
                "dst": "java.util.Set\u003ccom.google.gson.TypeAdapter\u003e",
                "src_parent_type": "ParameterReference",
                "dst_parent_type": "Parameter",
                "src_parent": "doubleToInt",
                "dst_parent": "java.util.Set\u003ccom.google.gson.TypeAdapter\u003e adapters"
              },
              "line": 114,
              "file": "/home/khesoem/projects/lighter/exp/gson/src/main/java/feign/gson/GsonModule.java",
              "stats": {
                "number_of_src_entities": 8,
                "number_of_dst_entities": 4,
                "src_entity_types": "[java.lang.Object, java.lang.String, com.google.gson.TypeAdapter\u003cjava.util.Map\u003cjava.lang.String, java.lang.Object\u003e\u003e, java.util.Map\u003cjava.lang.String, java.lang.Object\u003e]",
                "dst_entity_types": "[java.util.Set\u003ccom.google.gson.TypeAdapter\u003e, com.google.gson.TypeAdapter]"
              }
            }
          ]
        }
      ]
    }
  ],
  "complete_analysis": true
}