{
  "instances": [
    {
      "revision": "2a44d2394ce64155c53a82e61776a6994cfb3eb9",
      "repairability": [
        {
          "tool-name": "Arja",
          "pattern-name": "Arja:arja_shallow_change",
          "Unified_Diff_of-files:": "Starts Below...",
          "INSERT:": "",
          "CHANGE_old:": "        String localName \u003d shortName.substring(shortName.lastIndexOf(\u0027.\u0027) + 1);",
          "CHANGE_new:": "",
          "instance_detail": [
            {
              "pattern_action": "ANY",
              "pattern_entity": {
                "entity_type": "Statement",
                "entity_new value": "*",
                "entity_role": "*",
                "entity_parent": "null"
              },
              "concrete_change": {
                "operator": "DEL",
                "src_type": "LocalVariable",
                "dst_type": "null",
                "src": "java.lang.String localName \u003d shortName.substring(((shortName.lastIndexOf(\u0027.\u0027)) + 1))",
                "dst": "null",
                "src_parent_type": "Block",
                "dst_parent_type": "null",
                "src_parent": "{\n    org.springframework.util.Assert.notNull(definition, \"BeanDefinition must not be null!\");\n    java.lang.String beanClassName \u003d definition.getBeanClassName();\n    if ((beanClassName \u003d\u003d null) || (isExcluded(beanClassName, getExcludeFilters()))) {\n        return false;\n    }\n    java.lang.String beanPackage \u003d org.springframework.util.ClassUtils.getPackageName(beanClassName);\n    java.lang.String shortName \u003d org.springframework.util.ClassUtils.getShortName(beanClassName);\n    java.lang.String localName \u003d shortName.substring(((shortName.lastIndexOf(\u0027.\u0027)) + 1));\n    return (localName.equals(getImplementationClassName())) \u0026\u0026 (getBasePackages().stream().anyMatch(( it) -\u003e beanPackage.startsWith(it)));\n}",
                "dst_parent": "null"
              },
              "line": 145,
              "file": "/home/khesoem/projects/lighter/exp/src/main/java/org/springframework/data/repository/config/DefaultImplementationLookupConfiguration.java",
              "stats": {
                "number_of_src_entities": 30,
                "number_of_dst_entities": -1,
                "src_entity_types": "[int, java.lang.String, char]",
                "dst_entity_types": "[]"
              }
            }
          ]
        }
      ]
    }
  ],
  "complete_analysis": true
}