{
  "instances": [
    {
      "revision": "71a42664c25c47fc7dc09926acb64444eed895b9",
      "repairability": [
        {
          "tool-name": "Arja",
          "pattern-name": "Arja:arja_shallow_change",
          "Unified_Diff_of-files:": "Starts Below...",
          "INSERT:": "",
          "CHANGE_old:": "            paths.forEach(it -\u0026gt; this.accessor.setProperty(it, value));",
          "CHANGE_new:": "            paths.forEach(it -\u0026gt; {",
          "instance_detail": [
            {
              "pattern_action": "ANY",
              "pattern_entity": {
                "entity_type": "Statement",
                "entity_new value": "*",
                "entity_role": "*",
                "entity_parent": "null"
              },
              "concrete_change": {
                "operator": "DEL",
                "src_type": "Invocation",
                "dst_type": "null",
                "src": "this.accessor.setProperty(it, value)",
                "dst": "null",
                "src_parent_type": "Lambda",
                "dst_parent_type": "null",
                "src_parent": "( it) -\u003e this.accessor.setProperty(it, value)",
                "dst_parent": "null"
              },
              "line": 178,
              "file": "/home/khesoem/projects/lighter/exp/src/main/java/org/springframework/data/auditing/MappingAuditableBeanWrapperFactory.java"
            }
          ]
        },
        {
          "tool-name": "Arja",
          "pattern-name": "Arja:arja_shallow_change",
          "Unified_Diff_of-files:": "Starts Below...",
          "INSERT:": "",
          "CHANGE_old:": "            paths.forEach(it -\u0026gt; this.accessor.setProperty(it, value));",
          "CHANGE_new:": "            paths.forEach(it -\u0026gt; {",
          "instance_detail": [
            {
              "pattern_action": "ANY",
              "pattern_entity": {
                "entity_type": "Statement",
                "entity_new value": "*",
                "entity_role": "*",
                "entity_parent": "null"
              },
              "concrete_change": {
                "operator": "DEL",
                "src_type": "Invocation",
                "dst_type": "null",
                "src": "metadata.createdByPaths.forEach(( it) -\u003e this.accessor.setProperty(it, value))",
                "dst": "null",
                "src_parent_type": "Block",
                "dst_parent_type": "null",
                "src_parent": "{\n    metadata.createdByPaths.forEach(( it) -\u003e this.accessor.setProperty(it, value));\n    return value;\n}",
                "dst_parent": "null"
              },
              "line": 178,
              "file": "/home/khesoem/projects/lighter/exp/src/main/java/org/springframework/data/auditing/MappingAuditableBeanWrapperFactory.java",
              "stats": {
                "number_of_src_entities": 59,
                "number_of_dst_entities": -1,
                "src_entity_types": "[org.springframework.data.auditing.MappingAuditableBeanWrapperFactory.MappingMetadataAuditableBeanWrapper\u003cT\u003e, org.springframework.data.auditing.MappingAuditableBeanWrapperFactory.MappingMetadataAuditableBeanWrapper, org.springframework.data.auditing.MappingAuditableBeanWrapperFactory.MappingAuditingMetadata, org.springframework.data.auditing.MappingAuditableBeanWrapperFactory, , org.springframework.data.mapping.PersistentPropertyPaths\u003c?, ? extends org.springframework.data.mapping.PersistentProperty\u003c?\u003e\u003e, org.springframework.data.mapping.PersistentProperty\u003c?\u003e]",
                "dst_entity_types": "[]"
              }
            }
          ]
        },
        {
          "tool-name": "Arja",
          "pattern-name": "Arja:arja_shallow_change",
          "Unified_Diff_of-files:": "Starts Below...",
          "INSERT:": "",
          "CHANGE_old:": "            paths.forEach(it -\u0026gt; this.accessor.setProperty(it, value));",
          "CHANGE_new:": "            paths.forEach(it -\u0026gt; {",
          "instance_detail": [
            {
              "pattern_action": "ANY",
              "pattern_entity": {
                "entity_type": "Statement",
                "entity_new value": "*",
                "entity_role": "*",
                "entity_parent": "null"
              },
              "concrete_change": {
                "operator": "DEL",
                "src_type": "Return",
                "dst_type": "null",
                "src": "return value",
                "dst": "null",
                "src_parent_type": "Block",
                "dst_parent_type": "null",
                "src_parent": "{\n    metadata.createdByPaths.forEach(( it) -\u003e this.accessor.setProperty(it, value));\n    return value;\n}",
                "dst_parent": "null"
              },
              "line": 180,
              "file": "/home/khesoem/projects/lighter/exp/src/main/java/org/springframework/data/auditing/MappingAuditableBeanWrapperFactory.java",
              "stats": {
                "number_of_src_entities": 5,
                "number_of_dst_entities": -1,
                "src_entity_types": "[java.lang.Object]",
                "dst_entity_types": "[]"
              }
            }
          ]
        }
      ]
    }
  ],
  "complete_analysis": true
}