{
  "instances": [
    {
      "revision": "0c37484b193e4e79fde72caaab82c7b18e97d5c5",
      "repairability": [
        {
          "tool-name": "Arja",
          "pattern-name": "Arja:arja_shallow_change",
          "Unified_Diff_of-files:": "Starts Below...",
          "INSERT:": "     * @since 2.4",
          "CHANGE_old:": "        constructor.getParameters().stream().forEach(it -\u0026gt; {",
          "CHANGE_new:": "        constructor.getParameters().forEach(it -\u0026gt; {",
          "instance_detail": [
            {
              "pattern_action": "ANY",
              "pattern_entity": {
                "entity_type": "Statement",
                "entity_new value": "*",
                "entity_role": "*",
                "entity_parent": "null"
              },
              "concrete_change": {
                "operator": "DEL",
                "src_type": "Invocation",
                "dst_type": "null",
                "src": "constructor.getParameters().stream()",
                "dst": "null",
                "src_parent_type": "Invocation",
                "dst_parent_type": "null",
                "src_parent": "constructor.getParameters().stream().forEach(( it) -\u003e {\n    if ((it.getName()) \u003d\u003d null) {\n        throw new java.lang.IllegalStateException(java.lang.String.format(\"Cannot detect parameter names of copy constructor of %s!\", owner.getType()));\n    }\n})",
                "dst_parent": "null"
              },
              "line": 120,
              "file": "/home/khesoem/projects/lighter/exp/src/main/java/org/springframework/data/mapping/model/InstantiationAwarePropertyAccessor.java",
              "stats": {
                "number_of_src_entities": 22,
                "number_of_dst_entities": -1,
                "src_entity_types": "[, org.springframework.data.mapping.PreferredConstructor\u003c?, ?\u003e]",
                "dst_entity_types": "[]"
              }
            }
          ]
        }
      ]
    }
  ],
  "complete_analysis": true
}