{
  "instances": [
    {
      "revision": "24c1b823c6dc7729623f9f3b3697d64246d7dfa3",
      "repairability": [
        {
          "tool-name": "Arja",
          "pattern-name": "Arja:arja_shallow_change",
          "Unified_Diff_of-files:": "Starts Below...",
          "DELETE:": "import java.util.concurrent.ConcurrentHashMap;",
          "CHANGE_old:": "                .toMultiValueMap(new ConcurrentReferenceHashMap\u0026lt;Class\u0026lt;? extends Annotation\u0026gt;, List\u0026lt;P\u0026gt;\u0026gt;());",
          "CHANGE_new:": "",
          "instance_detail": [
            {
              "pattern_action": "ANY",
              "pattern_entity": {
                "entity_type": "Statement",
                "entity_new value": "*",
                "entity_role": "*",
                "entity_parent": "null"
              },
              "concrete_change": {
                "operator": "UPD",
                "src_type": "ConstructorCall",
                "dst_type": "ConstructorCall",
                "src": "new org.springframework.util.ConcurrentReferenceHashMap\u003cjava.lang.Class\u003c? extends java.lang.annotation.Annotation\u003e, java.util.List\u003cP\u003e\u003e()",
                "dst": "new org.springframework.util.ConcurrentReferenceHashMap()",
                "src_parent_type": "Invocation",
                "dst_parent_type": "Invocation",
                "src_parent": "org.springframework.util.CollectionUtils.toMultiValueMap(new org.springframework.util.ConcurrentReferenceHashMap\u003cjava.lang.Class\u003c? extends java.lang.annotation.Annotation\u003e, java.util.List\u003cP\u003e\u003e())",
                "dst_parent": "org.springframework.util.CollectionUtils.toMultiValueMap(new org.springframework.util.ConcurrentReferenceHashMap())"
              },
              "line": 110,
              "file": "/home/khesoem/projects/lighter/exp/src/main/java/org/springframework/data/mapping/model/BasicPersistentEntity.java",
              "stats": {
                "number_of_src_entities": 14,
                "number_of_dst_entities": 6,
                "src_entity_types": "[ConcurrentReferenceHashMap]",
                "dst_entity_types": "[org.springframework.data.mapping.model.ConcurrentReferenceHashMap\u003c\u003e]"
              }
            }
          ]
        }
      ]
    }
  ],
  "complete_analysis": true
}