{
  "instances": [
    {
      "revision": "7ee5ae446b2b2647567b3a1034b8ce90a87185ae",
      "repairability": [
        {
          "tool-name": "Arja",
          "pattern-name": "Arja:arja_deep_change",
          "Unified_Diff_of-files:": "Starts Below...",
          "CHANGE_old:": "    protected RepositoryInformation getRepositoryInformation(RepositoryMetadata metadata,",
          "CHANGE_new:": "    private RepositoryInformation getRepositoryInformation(RepositoryMetadata metadata,",
          "DELETE:": "",
          "INSERT:": "    /**",
          "instance_detail": [
            {
              "pattern_action": "ANY",
              "pattern_entity": {
                "entity_type": "*",
                "entity_new value": "*",
                "entity_role": "*",
                "entity_parent": {
                  "entity_type": "Statement",
                  "entity_new value": "*",
                  "entity_role": "*",
                  "entity_parent": "null"
                }
              },
              "concrete_change": {
                "operator": "UPD",
                "src_type": "VariableRead",
                "dst_type": "VariableRead",
                "src": "compositionToUse",
                "dst": "composition",
                "src_parent_type": "Invocation",
                "dst_parent_type": "Invocation",
                "src_parent": "validate(information, compositionToUse)",
                "dst_parent": "validate(information, composition)"
              },
              "line": 297,
              "file": "/home/khesoem/projects/lighter/exp/src/main/java/org/springframework/data/repository/core/support/RepositoryFactorySupport.java",
              "stats": {
                "number_of_src_entities": 4,
                "number_of_dst_entities": 4,
                "src_entity_types": "[org.springframework.data.repository.core.support.RepositoryComposition]",
                "dst_entity_types": "[org.springframework.data.repository.core.support.RepositoryComposition]"
              }
            }
          ]
        },
        {
          "tool-name": "Arja",
          "pattern-name": "Arja:arja_deep_change",
          "Unified_Diff_of-files:": "Starts Below...",
          "CHANGE_old:": "    protected RepositoryInformation getRepositoryInformation(RepositoryMetadata metadata,",
          "CHANGE_new:": "    private RepositoryInformation getRepositoryInformation(RepositoryMetadata metadata,",
          "DELETE:": "",
          "INSERT:": "    /**",
          "instance_detail": [
            {
              "pattern_action": "ANY",
              "pattern_entity": {
                "entity_type": "*",
                "entity_new value": "*",
                "entity_role": "*",
                "entity_parent": {
                  "entity_type": "Statement",
                  "entity_new value": "*",
                  "entity_role": "*",
                  "entity_parent": "null"
                }
              },
              "concrete_change": {
                "operator": "UPD",
                "src_type": "VariableWrite",
                "dst_type": "VariableWrite",
                "src": "compositionToUse",
                "dst": "composition",
                "src_parent_type": "Assignment",
                "dst_parent_type": "Assignment",
                "src_parent": "compositionToUse \u003d compositionToUse.append(org.springframework.data.repository.core.support.RepositoryFragment.implemented(target))",
                "dst_parent": "composition \u003d composition.append(org.springframework.data.repository.core.support.RepositoryFragment.implemented(target))"
              },
              "line": 314,
              "file": "/home/khesoem/projects/lighter/exp/src/main/java/org/springframework/data/repository/core/support/RepositoryFactorySupport.java",
              "stats": {
                "number_of_src_entities": 4,
                "number_of_dst_entities": 4,
                "src_entity_types": "[org.springframework.data.repository.core.support.RepositoryComposition]",
                "dst_entity_types": "[org.springframework.data.repository.core.support.RepositoryComposition]"
              }
            }
          ]
        },
        {
          "tool-name": "Arja",
          "pattern-name": "Arja:arja_deep_change",
          "Unified_Diff_of-files:": "Starts Below...",
          "CHANGE_old:": "    protected RepositoryInformation getRepositoryInformation(RepositoryMetadata metadata,",
          "CHANGE_new:": "    private RepositoryInformation getRepositoryInformation(RepositoryMetadata metadata,",
          "DELETE:": "",
          "INSERT:": "    /**",
          "instance_detail": [
            {
              "pattern_action": "ANY",
              "pattern_entity": {
                "entity_type": "*",
                "entity_new value": "*",
                "entity_role": "*",
                "entity_parent": {
                  "entity_type": "Statement",
                  "entity_new value": "*",
                  "entity_role": "*",
                  "entity_parent": "null"
                }
              },
              "concrete_change": {
                "operator": "UPD",
                "src_type": "VariableRead",
                "dst_type": "VariableRead",
                "src": "compositionToUse",
                "dst": "composition",
                "src_parent_type": "ConstructorCall",
                "dst_parent_type": "ConstructorCall",
                "src_parent": "new org.springframework.data.repository.core.support.RepositoryFactorySupport.ImplementationMethodExecutionInterceptor(compositionToUse)",
                "dst_parent": "new org.springframework.data.repository.core.support.RepositoryFactorySupport.ImplementationMethodExecutionInterceptor(composition)"
              },
              "line": 315,
              "file": "/home/khesoem/projects/lighter/exp/src/main/java/org/springframework/data/repository/core/support/RepositoryFactorySupport.java",
              "stats": {
                "number_of_src_entities": 4,
                "number_of_dst_entities": 4,
                "src_entity_types": "[org.springframework.data.repository.core.support.RepositoryComposition]",
                "dst_entity_types": "[org.springframework.data.repository.core.support.RepositoryComposition]"
              }
            }
          ]
        }
      ]
    },
    {
      "revision": "7ee5ae446b2b2647567b3a1034b8ce90a87185ae",
      "repairability": [
        {
          "tool-name": "Arja",
          "pattern-name": "Arja:arja_shallow_change",
          "Unified_Diff_of-files:": "Starts Below...",
          "CHANGE_old:": "    protected RepositoryInformation getRepositoryInformation(RepositoryMetadata metadata,",
          "CHANGE_new:": "    private RepositoryInformation getRepositoryInformation(RepositoryMetadata metadata,",
          "DELETE:": "",
          "INSERT:": "    /**",
          "instance_detail": [
            {
              "pattern_action": "ANY",
              "pattern_entity": {
                "entity_type": "Statement",
                "entity_new value": "*",
                "entity_role": "*",
                "entity_parent": "null"
              },
              "concrete_change": {
                "operator": "DEL",
                "src_type": "Invocation",
                "dst_type": "null",
                "src": "customImplementation.map(RepositoryComposition::just).orElse(org.springframework.data.repository.core.support.RepositoryComposition.empty())",
                "dst": "null",
                "src_parent_type": "Invocation",
                "dst_parent_type": "null",
                "src_parent": "this.factory.getRepositoryInformation(repositoryMetadata, customImplementation.map(RepositoryComposition::just).orElse(org.springframework.data.repository.core.support.RepositoryComposition.empty()))",
                "dst_parent": "null"
              },
              "line": 206,
              "file": "/home/khesoem/projects/lighter/exp/src/main/java/org/springframework/data/repository/core/support/RepositoryFactoryBeanSupport.java"
            }
          ]
        },
        {
          "tool-name": "Arja",
          "pattern-name": "Arja:arja_shallow_change",
          "Unified_Diff_of-files:": "Starts Below...",
          "CHANGE_old:": "    protected RepositoryInformation getRepositoryInformation(RepositoryMetadata metadata,",
          "CHANGE_new:": "    private RepositoryInformation getRepositoryInformation(RepositoryMetadata metadata,",
          "DELETE:": "",
          "INSERT:": "    /**",
          "instance_detail": [
            {
              "pattern_action": "ANY",
              "pattern_entity": {
                "entity_type": "Statement",
                "entity_new value": "*",
                "entity_role": "*",
                "entity_parent": "null"
              },
              "concrete_change": {
                "operator": "DEL",
                "src_type": "Invocation",
                "dst_type": "null",
                "src": "this.factory.getRepositoryInformation(repositoryMetadata, customImplementation.map(RepositoryComposition::just).orElse(org.springframework.data.repository.core.support.RepositoryComposition.empty()))",
                "dst": "null",
                "src_parent_type": "Return",
                "dst_parent_type": "null",
                "src_parent": "return this.factory.getRepositoryInformation(repositoryMetadata, customImplementation.map(RepositoryComposition::just).orElse(org.springframework.data.repository.core.support.RepositoryComposition.empty()))",
                "dst_parent": "null"
              },
              "line": 205,
              "file": "/home/khesoem/projects/lighter/exp/src/main/java/org/springframework/data/repository/core/support/RepositoryFactoryBeanSupport.java"
            }
          ]
        },
        {
          "tool-name": "Arja",
          "pattern-name": "Arja:arja_shallow_change",
          "Unified_Diff_of-files:": "Starts Below...",
          "CHANGE_old:": "    protected RepositoryInformation getRepositoryInformation(RepositoryMetadata metadata,",
          "CHANGE_new:": "    private RepositoryInformation getRepositoryInformation(RepositoryMetadata metadata,",
          "DELETE:": "",
          "INSERT:": "    /**",
          "instance_detail": [
            {
              "pattern_action": "ANY",
              "pattern_entity": {
                "entity_type": "Statement",
                "entity_new value": "*",
                "entity_role": "*",
                "entity_parent": "null"
              },
              "concrete_change": {
                "operator": "DEL",
                "src_type": "Return",
                "dst_type": "null",
                "src": "return this.factory.getRepositoryInformation(repositoryMetadata, customImplementation.map(RepositoryComposition::just).orElse(org.springframework.data.repository.core.support.RepositoryComposition.empty()))",
                "dst": "null",
                "src_parent_type": "Block",
                "dst_parent_type": "null",
                "src_parent": "{\n    return this.factory.getRepositoryInformation(repositoryMetadata, customImplementation.map(RepositoryComposition::just).orElse(org.springframework.data.repository.core.support.RepositoryComposition.empty()));\n}",
                "dst_parent": "null"
              },
              "line": 205,
              "file": "/home/khesoem/projects/lighter/exp/src/main/java/org/springframework/data/repository/core/support/RepositoryFactoryBeanSupport.java",
              "stats": {
                "number_of_src_entities": 80,
                "number_of_dst_entities": -1,
                "src_entity_types": "[java.util.Optional, org.springframework.data.repository.core.support.RepositoryComposition, org.springframework.data.repository.core.support.RepositoryFactoryBeanSupport\u003cT, S, ID\u003e, org.springframework.data.repository.core.support.RepositoryFactoryBeanSupport, org.springframework.data.repository.core.support.RepositoryFactorySupport]",
                "dst_entity_types": "[]"
              }
            }
          ]
        }
      ]
    }
  ],
  "complete_analysis": true
}