{
  "instances": [
    {
      "revision": "6616f6e5776720a5cf022d7a9dfeea70dd409a34",
      "repairability": [
        {
          "tool-name": "Arja",
          "pattern-name": "Arja:arja_shallow_change",
          "Unified_Diff_of-files:": "Starts Below...",
          "INSERT:": "",
          "CHANGE_old:": " * {@link PageableHandlerMethodArgumentResolver}.",
          "CHANGE_new:": " * {@link SortHandlerMethodArgumentResolverSupport}.",
          "instance_detail": [
            {
              "pattern_action": "ANY",
              "pattern_entity": {
                "entity_type": "Statement",
                "entity_new value": "*",
                "entity_role": "*",
                "entity_parent": "null"
              },
              "concrete_change": {
                "operator": "DEL",
                "src_type": "Return",
                "dst_type": "null",
                "src": "return null",
                "dst": "null",
                "src_parent_type": "Block",
                "dst_parent_type": "null",
                "src_parent": "{\n    return null;\n}",
                "dst_parent": "null"
              },
              "line": 299,
              "file": "/home/khesoem/projects/lighter/exp/src/main/java/org/springframework/data/web/PageableHandlerMethodArgumentResolverSupport.java"
            }
          ]
        },
        {
          "tool-name": "Arja",
          "pattern-name": "Arja:arja_shallow_change",
          "Unified_Diff_of-files:": "Starts Below...",
          "INSERT:": "",
          "CHANGE_old:": " * {@link PageableHandlerMethodArgumentResolver}.",
          "CHANGE_new:": " * {@link SortHandlerMethodArgumentResolverSupport}.",
          "instance_detail": [
            {
              "pattern_action": "ANY",
              "pattern_entity": {
                "entity_type": "Statement",
                "entity_new value": "*",
                "entity_role": "*",
                "entity_parent": "null"
              },
              "concrete_change": {
                "operator": "DEL",
                "src_type": "Block",
                "dst_type": "null",
                "src": "{\n    return null;\n}",
                "dst": "null",
                "src_parent_type": "If",
                "dst_parent_type": "null",
                "src_parent": "if (parameter \u003d\u003d null) {\n    return null;\n}",
                "dst_parent": "null"
              },
              "line": 298,
              "file": "/home/khesoem/projects/lighter/exp/src/main/java/org/springframework/data/web/PageableHandlerMethodArgumentResolverSupport.java"
            }
          ]
        },
        {
          "tool-name": "Arja",
          "pattern-name": "Arja:arja_shallow_change",
          "Unified_Diff_of-files:": "Starts Below...",
          "INSERT:": "",
          "CHANGE_old:": " * {@link PageableHandlerMethodArgumentResolver}.",
          "CHANGE_new:": " * {@link SortHandlerMethodArgumentResolverSupport}.",
          "instance_detail": [
            {
              "pattern_action": "ANY",
              "pattern_entity": {
                "entity_type": "Statement",
                "entity_new value": "*",
                "entity_role": "*",
                "entity_parent": "null"
              },
              "concrete_change": {
                "operator": "DEL",
                "src_type": "If",
                "dst_type": "null",
                "src": "if (parameter \u003d\u003d null) {\n    return null;\n}",
                "dst": "null",
                "src_parent_type": "Block",
                "dst_parent_type": "null",
                "src_parent": "{\n    if (parameter \u003d\u003d null) {\n        return null;\n    }\n    org.springframework.core.annotation.MergedAnnotations annotations \u003d org.springframework.core.annotation.MergedAnnotations.from(parameter.getParameter());\n    org.springframework.core.annotation.MergedAnnotation\u003corg.springframework.beans.factory.annotation.Qualifier\u003e qualifier \u003d annotations.get(org.springframework.beans.factory.annotation.Qualifier.class);\n    return qualifier.isPresent() ? qualifier.getString(\"value\") : null;\n}",
                "dst_parent": "null"
              },
              "line": 298,
              "file": "/home/khesoem/projects/lighter/exp/src/main/java/org/springframework/data/web/PageableHandlerMethodArgumentResolverSupport.java"
            }
          ]
        },
        {
          "tool-name": "Arja",
          "pattern-name": "Arja:arja_shallow_change",
          "Unified_Diff_of-files:": "Starts Below...",
          "INSERT:": "",
          "CHANGE_old:": " * {@link PageableHandlerMethodArgumentResolver}.",
          "CHANGE_new:": " * {@link SortHandlerMethodArgumentResolverSupport}.",
          "instance_detail": [
            {
              "pattern_action": "ANY",
              "pattern_entity": {
                "entity_type": "Statement",
                "entity_new value": "*",
                "entity_role": "*",
                "entity_parent": "null"
              },
              "concrete_change": {
                "operator": "DEL",
                "src_type": "Invocation",
                "dst_type": "null",
                "src": "parameter.getParameter()",
                "dst": "null",
                "src_parent_type": "Invocation",
                "dst_parent_type": "null",
                "src_parent": "org.springframework.core.annotation.MergedAnnotations.from(parameter.getParameter())",
                "dst_parent": "null"
              },
              "line": 302,
              "file": "/home/khesoem/projects/lighter/exp/src/main/java/org/springframework/data/web/PageableHandlerMethodArgumentResolverSupport.java"
            }
          ]
        },
        {
          "tool-name": "Arja",
          "pattern-name": "Arja:arja_shallow_change",
          "Unified_Diff_of-files:": "Starts Below...",
          "INSERT:": "",
          "CHANGE_old:": " * {@link PageableHandlerMethodArgumentResolver}.",
          "CHANGE_new:": " * {@link SortHandlerMethodArgumentResolverSupport}.",
          "instance_detail": [
            {
              "pattern_action": "ANY",
              "pattern_entity": {
                "entity_type": "Statement",
                "entity_new value": "*",
                "entity_role": "*",
                "entity_parent": "null"
              },
              "concrete_change": {
                "operator": "DEL",
                "src_type": "Invocation",
                "dst_type": "null",
                "src": "org.springframework.core.annotation.MergedAnnotations.from(parameter.getParameter())",
                "dst": "null",
                "src_parent_type": "LocalVariable",
                "dst_parent_type": "null",
                "src_parent": "org.springframework.core.annotation.MergedAnnotations annotations \u003d org.springframework.core.annotation.MergedAnnotations.from(parameter.getParameter())",
                "dst_parent": "null"
              },
              "line": 302,
              "file": "/home/khesoem/projects/lighter/exp/src/main/java/org/springframework/data/web/PageableHandlerMethodArgumentResolverSupport.java"
            }
          ]
        },
        {
          "tool-name": "Arja",
          "pattern-name": "Arja:arja_shallow_change",
          "Unified_Diff_of-files:": "Starts Below...",
          "INSERT:": "",
          "CHANGE_old:": " * {@link PageableHandlerMethodArgumentResolver}.",
          "CHANGE_new:": " * {@link SortHandlerMethodArgumentResolverSupport}.",
          "instance_detail": [
            {
              "pattern_action": "ANY",
              "pattern_entity": {
                "entity_type": "Statement",
                "entity_new value": "*",
                "entity_role": "*",
                "entity_parent": "null"
              },
              "concrete_change": {
                "operator": "DEL",
                "src_type": "LocalVariable",
                "dst_type": "null",
                "src": "org.springframework.core.annotation.MergedAnnotations annotations \u003d org.springframework.core.annotation.MergedAnnotations.from(parameter.getParameter())",
                "dst": "null",
                "src_parent_type": "Block",
                "dst_parent_type": "null",
                "src_parent": "{\n    if (parameter \u003d\u003d null) {\n        return null;\n    }\n    org.springframework.core.annotation.MergedAnnotations annotations \u003d org.springframework.core.annotation.MergedAnnotations.from(parameter.getParameter());\n    org.springframework.core.annotation.MergedAnnotation\u003corg.springframework.beans.factory.annotation.Qualifier\u003e qualifier \u003d annotations.get(org.springframework.beans.factory.annotation.Qualifier.class);\n    return qualifier.isPresent() ? qualifier.getString(\"value\") : null;\n}",
                "dst_parent": "null"
              },
              "line": 302,
              "file": "/home/khesoem/projects/lighter/exp/src/main/java/org/springframework/data/web/PageableHandlerMethodArgumentResolverSupport.java"
            }
          ]
        },
        {
          "tool-name": "Arja",
          "pattern-name": "Arja:arja_shallow_change",
          "Unified_Diff_of-files:": "Starts Below...",
          "INSERT:": "",
          "CHANGE_old:": " * {@link PageableHandlerMethodArgumentResolver}.",
          "CHANGE_new:": " * {@link SortHandlerMethodArgumentResolverSupport}.",
          "instance_detail": [
            {
              "pattern_action": "ANY",
              "pattern_entity": {
                "entity_type": "Statement",
                "entity_new value": "*",
                "entity_role": "*",
                "entity_parent": "null"
              },
              "concrete_change": {
                "operator": "DEL",
                "src_type": "Invocation",
                "dst_type": "null",
                "src": "annotations.get(org.springframework.beans.factory.annotation.Qualifier.class)",
                "dst": "null",
                "src_parent_type": "LocalVariable",
                "dst_parent_type": "null",
                "src_parent": "org.springframework.core.annotation.MergedAnnotation\u003corg.springframework.beans.factory.annotation.Qualifier\u003e qualifier \u003d annotations.get(org.springframework.beans.factory.annotation.Qualifier.class)",
                "dst_parent": "null"
              },
              "line": 303,
              "file": "/home/khesoem/projects/lighter/exp/src/main/java/org/springframework/data/web/PageableHandlerMethodArgumentResolverSupport.java"
            }
          ]
        },
        {
          "tool-name": "Arja",
          "pattern-name": "Arja:arja_shallow_change",
          "Unified_Diff_of-files:": "Starts Below...",
          "INSERT:": "",
          "CHANGE_old:": " * {@link PageableHandlerMethodArgumentResolver}.",
          "CHANGE_new:": " * {@link SortHandlerMethodArgumentResolverSupport}.",
          "instance_detail": [
            {
              "pattern_action": "ANY",
              "pattern_entity": {
                "entity_type": "Statement",
                "entity_new value": "*",
                "entity_role": "*",
                "entity_parent": "null"
              },
              "concrete_change": {
                "operator": "DEL",
                "src_type": "LocalVariable",
                "dst_type": "null",
                "src": "org.springframework.core.annotation.MergedAnnotation\u003corg.springframework.beans.factory.annotation.Qualifier\u003e qualifier \u003d annotations.get(org.springframework.beans.factory.annotation.Qualifier.class)",
                "dst": "null",
                "src_parent_type": "Block",
                "dst_parent_type": "null",
                "src_parent": "{\n    if (parameter \u003d\u003d null) {\n        return null;\n    }\n    org.springframework.core.annotation.MergedAnnotations annotations \u003d org.springframework.core.annotation.MergedAnnotations.from(parameter.getParameter());\n    org.springframework.core.annotation.MergedAnnotation\u003corg.springframework.beans.factory.annotation.Qualifier\u003e qualifier \u003d annotations.get(org.springframework.beans.factory.annotation.Qualifier.class);\n    return qualifier.isPresent() ? qualifier.getString(\"value\") : null;\n}",
                "dst_parent": "null"
              },
              "line": 303,
              "file": "/home/khesoem/projects/lighter/exp/src/main/java/org/springframework/data/web/PageableHandlerMethodArgumentResolverSupport.java"
            }
          ]
        },
        {
          "tool-name": "Arja",
          "pattern-name": "Arja:arja_shallow_change",
          "Unified_Diff_of-files:": "Starts Below...",
          "INSERT:": "",
          "CHANGE_old:": " * {@link PageableHandlerMethodArgumentResolver}.",
          "CHANGE_new:": " * {@link SortHandlerMethodArgumentResolverSupport}.",
          "instance_detail": [
            {
              "pattern_action": "ANY",
              "pattern_entity": {
                "entity_type": "Statement",
                "entity_new value": "*",
                "entity_role": "*",
                "entity_parent": "null"
              },
              "concrete_change": {
                "operator": "DEL",
                "src_type": "Invocation",
                "dst_type": "null",
                "src": "qualifier.isPresent()",
                "dst": "null",
                "src_parent_type": "Conditional",
                "dst_parent_type": "null",
                "src_parent": "qualifier.isPresent() ? qualifier.getString(\"value\") : null",
                "dst_parent": "null"
              },
              "line": 305,
              "file": "/home/khesoem/projects/lighter/exp/src/main/java/org/springframework/data/web/PageableHandlerMethodArgumentResolverSupport.java"
            }
          ]
        },
        {
          "tool-name": "Arja",
          "pattern-name": "Arja:arja_shallow_change",
          "Unified_Diff_of-files:": "Starts Below...",
          "INSERT:": "",
          "CHANGE_old:": " * {@link PageableHandlerMethodArgumentResolver}.",
          "CHANGE_new:": " * {@link SortHandlerMethodArgumentResolverSupport}.",
          "instance_detail": [
            {
              "pattern_action": "ANY",
              "pattern_entity": {
                "entity_type": "Statement",
                "entity_new value": "*",
                "entity_role": "*",
                "entity_parent": "null"
              },
              "concrete_change": {
                "operator": "DEL",
                "src_type": "Invocation",
                "dst_type": "null",
                "src": "qualifier.getString(\"value\")",
                "dst": "null",
                "src_parent_type": "Conditional",
                "dst_parent_type": "null",
                "src_parent": "qualifier.isPresent() ? qualifier.getString(\"value\") : null",
                "dst_parent": "null"
              },
              "line": 305,
              "file": "/home/khesoem/projects/lighter/exp/src/main/java/org/springframework/data/web/PageableHandlerMethodArgumentResolverSupport.java"
            }
          ]
        },
        {
          "tool-name": "Arja",
          "pattern-name": "Arja:arja_shallow_change",
          "Unified_Diff_of-files:": "Starts Below...",
          "INSERT:": "",
          "CHANGE_old:": " * {@link PageableHandlerMethodArgumentResolver}.",
          "CHANGE_new:": " * {@link SortHandlerMethodArgumentResolverSupport}.",
          "instance_detail": [
            {
              "pattern_action": "ANY",
              "pattern_entity": {
                "entity_type": "Statement",
                "entity_new value": "*",
                "entity_role": "*",
                "entity_parent": "null"
              },
              "concrete_change": {
                "operator": "DEL",
                "src_type": "Return",
                "dst_type": "null",
                "src": "return qualifier.isPresent() ? qualifier.getString(\"value\") : null",
                "dst": "null",
                "src_parent_type": "Block",
                "dst_parent_type": "null",
                "src_parent": "{\n    if (parameter \u003d\u003d null) {\n        return null;\n    }\n    org.springframework.core.annotation.MergedAnnotations annotations \u003d org.springframework.core.annotation.MergedAnnotations.from(parameter.getParameter());\n    org.springframework.core.annotation.MergedAnnotation\u003corg.springframework.beans.factory.annotation.Qualifier\u003e qualifier \u003d annotations.get(org.springframework.beans.factory.annotation.Qualifier.class);\n    return qualifier.isPresent() ? qualifier.getString(\"value\") : null;\n}",
                "dst_parent": "null"
              },
              "line": 305,
              "file": "/home/khesoem/projects/lighter/exp/src/main/java/org/springframework/data/web/PageableHandlerMethodArgumentResolverSupport.java"
            }
          ]
        }
      ]
    },
    {
      "revision": "6616f6e5776720a5cf022d7a9dfeea70dd409a34",
      "repairability": [
        {
          "tool-name": "Arja",
          "pattern-name": "Arja:arja_shallow_change",
          "Unified_Diff_of-files:": "Starts Below...",
          "INSERT:": "",
          "CHANGE_old:": " * {@link PageableHandlerMethodArgumentResolver}.",
          "CHANGE_new:": " * {@link SortHandlerMethodArgumentResolverSupport}.",
          "instance_detail": [
            {
              "pattern_action": "ANY",
              "pattern_entity": {
                "entity_type": "Statement",
                "entity_new value": "*",
                "entity_role": "*",
                "entity_parent": "null"
              },
              "concrete_change": {
                "operator": "DEL",
                "src_type": "Return",
                "dst_type": "null",
                "src": "return null",
                "dst": "null",
                "src_parent_type": "Block",
                "dst_parent_type": "null",
                "src_parent": "{\n    return null;\n}",
                "dst_parent": "null"
              },
              "line": 302,
              "file": "/home/khesoem/projects/lighter/exp/src/main/java/org/springframework/data/web/SortHandlerMethodArgumentResolverSupport.java"
            }
          ]
        },
        {
          "tool-name": "Arja",
          "pattern-name": "Arja:arja_shallow_change",
          "Unified_Diff_of-files:": "Starts Below...",
          "INSERT:": "",
          "CHANGE_old:": " * {@link PageableHandlerMethodArgumentResolver}.",
          "CHANGE_new:": " * {@link SortHandlerMethodArgumentResolverSupport}.",
          "instance_detail": [
            {
              "pattern_action": "ANY",
              "pattern_entity": {
                "entity_type": "Statement",
                "entity_new value": "*",
                "entity_role": "*",
                "entity_parent": "null"
              },
              "concrete_change": {
                "operator": "DEL",
                "src_type": "Block",
                "dst_type": "null",
                "src": "{\n    return null;\n}",
                "dst": "null",
                "src_parent_type": "If",
                "dst_parent_type": "null",
                "src_parent": "if (parameter \u003d\u003d null) {\n    return null;\n}",
                "dst_parent": "null"
              },
              "line": 301,
              "file": "/home/khesoem/projects/lighter/exp/src/main/java/org/springframework/data/web/SortHandlerMethodArgumentResolverSupport.java"
            }
          ]
        },
        {
          "tool-name": "Arja",
          "pattern-name": "Arja:arja_shallow_change",
          "Unified_Diff_of-files:": "Starts Below...",
          "INSERT:": "",
          "CHANGE_old:": " * {@link PageableHandlerMethodArgumentResolver}.",
          "CHANGE_new:": " * {@link SortHandlerMethodArgumentResolverSupport}.",
          "instance_detail": [
            {
              "pattern_action": "ANY",
              "pattern_entity": {
                "entity_type": "Statement",
                "entity_new value": "*",
                "entity_role": "*",
                "entity_parent": "null"
              },
              "concrete_change": {
                "operator": "DEL",
                "src_type": "If",
                "dst_type": "null",
                "src": "if (parameter \u003d\u003d null) {\n    return null;\n}",
                "dst": "null",
                "src_parent_type": "Block",
                "dst_parent_type": "null",
                "src_parent": "{\n    if (parameter \u003d\u003d null) {\n        return null;\n    }\n    org.springframework.core.annotation.MergedAnnotations annotations \u003d org.springframework.core.annotation.MergedAnnotations.from(parameter.getParameter());\n    org.springframework.core.annotation.MergedAnnotation\u003corg.springframework.beans.factory.annotation.Qualifier\u003e qualifier \u003d annotations.get(org.springframework.beans.factory.annotation.Qualifier.class);\n    return qualifier.isPresent() ? qualifier.getString(\"value\") : null;\n}",
                "dst_parent": "null"
              },
              "line": 301,
              "file": "/home/khesoem/projects/lighter/exp/src/main/java/org/springframework/data/web/SortHandlerMethodArgumentResolverSupport.java"
            }
          ]
        },
        {
          "tool-name": "Arja",
          "pattern-name": "Arja:arja_shallow_change",
          "Unified_Diff_of-files:": "Starts Below...",
          "INSERT:": "",
          "CHANGE_old:": " * {@link PageableHandlerMethodArgumentResolver}.",
          "CHANGE_new:": " * {@link SortHandlerMethodArgumentResolverSupport}.",
          "instance_detail": [
            {
              "pattern_action": "ANY",
              "pattern_entity": {
                "entity_type": "Statement",
                "entity_new value": "*",
                "entity_role": "*",
                "entity_parent": "null"
              },
              "concrete_change": {
                "operator": "DEL",
                "src_type": "Invocation",
                "dst_type": "null",
                "src": "parameter.getParameter()",
                "dst": "null",
                "src_parent_type": "Invocation",
                "dst_parent_type": "null",
                "src_parent": "org.springframework.core.annotation.MergedAnnotations.from(parameter.getParameter())",
                "dst_parent": "null"
              },
              "line": 305,
              "file": "/home/khesoem/projects/lighter/exp/src/main/java/org/springframework/data/web/SortHandlerMethodArgumentResolverSupport.java"
            }
          ]
        },
        {
          "tool-name": "Arja",
          "pattern-name": "Arja:arja_shallow_change",
          "Unified_Diff_of-files:": "Starts Below...",
          "INSERT:": "",
          "CHANGE_old:": " * {@link PageableHandlerMethodArgumentResolver}.",
          "CHANGE_new:": " * {@link SortHandlerMethodArgumentResolverSupport}.",
          "instance_detail": [
            {
              "pattern_action": "ANY",
              "pattern_entity": {
                "entity_type": "Statement",
                "entity_new value": "*",
                "entity_role": "*",
                "entity_parent": "null"
              },
              "concrete_change": {
                "operator": "DEL",
                "src_type": "Invocation",
                "dst_type": "null",
                "src": "org.springframework.core.annotation.MergedAnnotations.from(parameter.getParameter())",
                "dst": "null",
                "src_parent_type": "LocalVariable",
                "dst_parent_type": "null",
                "src_parent": "org.springframework.core.annotation.MergedAnnotations annotations \u003d org.springframework.core.annotation.MergedAnnotations.from(parameter.getParameter())",
                "dst_parent": "null"
              },
              "line": 305,
              "file": "/home/khesoem/projects/lighter/exp/src/main/java/org/springframework/data/web/SortHandlerMethodArgumentResolverSupport.java"
            }
          ]
        },
        {
          "tool-name": "Arja",
          "pattern-name": "Arja:arja_shallow_change",
          "Unified_Diff_of-files:": "Starts Below...",
          "INSERT:": "",
          "CHANGE_old:": " * {@link PageableHandlerMethodArgumentResolver}.",
          "CHANGE_new:": " * {@link SortHandlerMethodArgumentResolverSupport}.",
          "instance_detail": [
            {
              "pattern_action": "ANY",
              "pattern_entity": {
                "entity_type": "Statement",
                "entity_new value": "*",
                "entity_role": "*",
                "entity_parent": "null"
              },
              "concrete_change": {
                "operator": "DEL",
                "src_type": "LocalVariable",
                "dst_type": "null",
                "src": "org.springframework.core.annotation.MergedAnnotations annotations \u003d org.springframework.core.annotation.MergedAnnotations.from(parameter.getParameter())",
                "dst": "null",
                "src_parent_type": "Block",
                "dst_parent_type": "null",
                "src_parent": "{\n    if (parameter \u003d\u003d null) {\n        return null;\n    }\n    org.springframework.core.annotation.MergedAnnotations annotations \u003d org.springframework.core.annotation.MergedAnnotations.from(parameter.getParameter());\n    org.springframework.core.annotation.MergedAnnotation\u003corg.springframework.beans.factory.annotation.Qualifier\u003e qualifier \u003d annotations.get(org.springframework.beans.factory.annotation.Qualifier.class);\n    return qualifier.isPresent() ? qualifier.getString(\"value\") : null;\n}",
                "dst_parent": "null"
              },
              "line": 305,
              "file": "/home/khesoem/projects/lighter/exp/src/main/java/org/springframework/data/web/SortHandlerMethodArgumentResolverSupport.java"
            }
          ]
        },
        {
          "tool-name": "Arja",
          "pattern-name": "Arja:arja_shallow_change",
          "Unified_Diff_of-files:": "Starts Below...",
          "INSERT:": "",
          "CHANGE_old:": " * {@link PageableHandlerMethodArgumentResolver}.",
          "CHANGE_new:": " * {@link SortHandlerMethodArgumentResolverSupport}.",
          "instance_detail": [
            {
              "pattern_action": "ANY",
              "pattern_entity": {
                "entity_type": "Statement",
                "entity_new value": "*",
                "entity_role": "*",
                "entity_parent": "null"
              },
              "concrete_change": {
                "operator": "DEL",
                "src_type": "Invocation",
                "dst_type": "null",
                "src": "annotations.get(org.springframework.beans.factory.annotation.Qualifier.class)",
                "dst": "null",
                "src_parent_type": "LocalVariable",
                "dst_parent_type": "null",
                "src_parent": "org.springframework.core.annotation.MergedAnnotation\u003corg.springframework.beans.factory.annotation.Qualifier\u003e qualifier \u003d annotations.get(org.springframework.beans.factory.annotation.Qualifier.class)",
                "dst_parent": "null"
              },
              "line": 306,
              "file": "/home/khesoem/projects/lighter/exp/src/main/java/org/springframework/data/web/SortHandlerMethodArgumentResolverSupport.java"
            }
          ]
        },
        {
          "tool-name": "Arja",
          "pattern-name": "Arja:arja_shallow_change",
          "Unified_Diff_of-files:": "Starts Below...",
          "INSERT:": "",
          "CHANGE_old:": " * {@link PageableHandlerMethodArgumentResolver}.",
          "CHANGE_new:": " * {@link SortHandlerMethodArgumentResolverSupport}.",
          "instance_detail": [
            {
              "pattern_action": "ANY",
              "pattern_entity": {
                "entity_type": "Statement",
                "entity_new value": "*",
                "entity_role": "*",
                "entity_parent": "null"
              },
              "concrete_change": {
                "operator": "DEL",
                "src_type": "LocalVariable",
                "dst_type": "null",
                "src": "org.springframework.core.annotation.MergedAnnotation\u003corg.springframework.beans.factory.annotation.Qualifier\u003e qualifier \u003d annotations.get(org.springframework.beans.factory.annotation.Qualifier.class)",
                "dst": "null",
                "src_parent_type": "Block",
                "dst_parent_type": "null",
                "src_parent": "{\n    if (parameter \u003d\u003d null) {\n        return null;\n    }\n    org.springframework.core.annotation.MergedAnnotations annotations \u003d org.springframework.core.annotation.MergedAnnotations.from(parameter.getParameter());\n    org.springframework.core.annotation.MergedAnnotation\u003corg.springframework.beans.factory.annotation.Qualifier\u003e qualifier \u003d annotations.get(org.springframework.beans.factory.annotation.Qualifier.class);\n    return qualifier.isPresent() ? qualifier.getString(\"value\") : null;\n}",
                "dst_parent": "null"
              },
              "line": 306,
              "file": "/home/khesoem/projects/lighter/exp/src/main/java/org/springframework/data/web/SortHandlerMethodArgumentResolverSupport.java"
            }
          ]
        },
        {
          "tool-name": "Arja",
          "pattern-name": "Arja:arja_shallow_change",
          "Unified_Diff_of-files:": "Starts Below...",
          "INSERT:": "",
          "CHANGE_old:": " * {@link PageableHandlerMethodArgumentResolver}.",
          "CHANGE_new:": " * {@link SortHandlerMethodArgumentResolverSupport}.",
          "instance_detail": [
            {
              "pattern_action": "ANY",
              "pattern_entity": {
                "entity_type": "Statement",
                "entity_new value": "*",
                "entity_role": "*",
                "entity_parent": "null"
              },
              "concrete_change": {
                "operator": "DEL",
                "src_type": "Invocation",
                "dst_type": "null",
                "src": "qualifier.isPresent()",
                "dst": "null",
                "src_parent_type": "Conditional",
                "dst_parent_type": "null",
                "src_parent": "qualifier.isPresent() ? qualifier.getString(\"value\") : null",
                "dst_parent": "null"
              },
              "line": 308,
              "file": "/home/khesoem/projects/lighter/exp/src/main/java/org/springframework/data/web/SortHandlerMethodArgumentResolverSupport.java"
            }
          ]
        },
        {
          "tool-name": "Arja",
          "pattern-name": "Arja:arja_shallow_change",
          "Unified_Diff_of-files:": "Starts Below...",
          "INSERT:": "",
          "CHANGE_old:": " * {@link PageableHandlerMethodArgumentResolver}.",
          "CHANGE_new:": " * {@link SortHandlerMethodArgumentResolverSupport}.",
          "instance_detail": [
            {
              "pattern_action": "ANY",
              "pattern_entity": {
                "entity_type": "Statement",
                "entity_new value": "*",
                "entity_role": "*",
                "entity_parent": "null"
              },
              "concrete_change": {
                "operator": "DEL",
                "src_type": "Invocation",
                "dst_type": "null",
                "src": "qualifier.getString(\"value\")",
                "dst": "null",
                "src_parent_type": "Conditional",
                "dst_parent_type": "null",
                "src_parent": "qualifier.isPresent() ? qualifier.getString(\"value\") : null",
                "dst_parent": "null"
              },
              "line": 308,
              "file": "/home/khesoem/projects/lighter/exp/src/main/java/org/springframework/data/web/SortHandlerMethodArgumentResolverSupport.java"
            }
          ]
        },
        {
          "tool-name": "Arja",
          "pattern-name": "Arja:arja_shallow_change",
          "Unified_Diff_of-files:": "Starts Below...",
          "INSERT:": "",
          "CHANGE_old:": " * {@link PageableHandlerMethodArgumentResolver}.",
          "CHANGE_new:": " * {@link SortHandlerMethodArgumentResolverSupport}.",
          "instance_detail": [
            {
              "pattern_action": "ANY",
              "pattern_entity": {
                "entity_type": "Statement",
                "entity_new value": "*",
                "entity_role": "*",
                "entity_parent": "null"
              },
              "concrete_change": {
                "operator": "DEL",
                "src_type": "Return",
                "dst_type": "null",
                "src": "return qualifier.isPresent() ? qualifier.getString(\"value\") : null",
                "dst": "null",
                "src_parent_type": "Block",
                "dst_parent_type": "null",
                "src_parent": "{\n    if (parameter \u003d\u003d null) {\n        return null;\n    }\n    org.springframework.core.annotation.MergedAnnotations annotations \u003d org.springframework.core.annotation.MergedAnnotations.from(parameter.getParameter());\n    org.springframework.core.annotation.MergedAnnotation\u003corg.springframework.beans.factory.annotation.Qualifier\u003e qualifier \u003d annotations.get(org.springframework.beans.factory.annotation.Qualifier.class);\n    return qualifier.isPresent() ? qualifier.getString(\"value\") : null;\n}",
                "dst_parent": "null"
              },
              "line": 308,
              "file": "/home/khesoem/projects/lighter/exp/src/main/java/org/springframework/data/web/SortHandlerMethodArgumentResolverSupport.java"
            }
          ]
        }
      ]
    }
  ],
  "complete_analysis": true
}