{
  "instances": [
    {
      "revision": "4be5aae181ad9930f409a93eb5a36697884c5c18",
      "repairability": [
        {
          "tool-name": "Arja",
          "pattern-name": "Arja:arja_shallow_change",
          "Unified_Diff_of-files:": "Starts Below...",
          "DELETE:": "    @RequiredArgsConstructor",
          "INSERT:": "",
          "CHANGE_old:": "        private final @NonNull ConversionService conversionService;",
          "CHANGE_new:": "        private final ConversionService conversionService;",
          "instance_detail": [
            {
              "pattern_action": "ANY",
              "pattern_entity": {
                "entity_type": "Statement",
                "entity_new value": "*",
                "entity_role": "*",
                "entity_parent": "null"
              },
              "concrete_change": {
                "operator": "DEL",
                "src_type": "Class",
                "dst_type": "null",
                "src": "@lombok.Value(staticConstructor \u003d \"of\")\nstatic class ParameterOverrideCriteria {\n    private final org.springframework.core.MethodParameter declared;\n\n    private final org.springframework.core.MethodParameter base;\n\n    public java.lang.Class\u003c?\u003e getBaseType() {\n        return base.getParameterType();\n    }\n\n    public java.lang.reflect.Type getGenericBaseType() {\n        return base.getGenericParameterType();\n    }\n\n    public java.lang.Class\u003c?\u003e getDeclaredType() {\n        return declared.getParameterType();\n    }\n\n    public boolean isAssignableFromDeclared() {\n        return getBaseType().isAssignableFrom(getDeclaredType());\n    }\n}",
                "dst": "null",
                "src_parent_type": "Class",
                "dst_parent_type": "null",
                "src_parent": "static class ReactiveTypeInteropMethodLookup extends org.springframework.data.repository.core.support.MethodLookups.RepositoryAwareMethodLookup {\n    private final org.springframework.data.repository.core.RepositoryMetadata repositoryMetadata;\n\n    public ReactiveTypeInteropMethodLookup(org.springframework.data.repository.core.RepositoryMetadata repositoryMetadata) {\n        super(repositoryMetadata);\n        this.repositoryMetadata \u003d repositoryMetadata;\n    }\n\n    @java.lang.Override\n    public java.util.List\u003corg.springframework.data.repository.core.support.MethodLookup.MethodPredicate\u003e getLookups() {\n        org.springframework.data.repository.core.support.MethodLookup.MethodPredicate convertibleComparison \u003d ( invokedMethod, candidate) -\u003e {\n            List\u003cSupplier\u003cOptional\u003cjava.lang.reflect.Method\u003e\u003e\u003e suppliers \u003d new org.springframework.data.repository.core.support.ArrayList\u003c\u003e();\n            if (usesParametersWithReactiveWrappers(invokedMethod.getMethod())) {\n                suppliers.add(() -\u003e getMethodCandidate(invokedMethod, candidate, assignableWrapperMatch()));\n                suppliers.add(() -\u003e getMethodCandidate(invokedMethod, candidate, wrapperConversionMatch()));\n            }\n            return suppliers.stream().anyMatch(( supplier) -\u003e supplier.get().isPresent());\n        };\n        org.springframework.data.repository.core.support.MethodLookup.MethodPredicate detailedComparison \u003d ( invokedMethod, candidate) -\u003e getMethodCandidate(invokedMethod, candidate, matchParameterOrComponentType(repositoryMetadata.getRepositoryInterface())).isPresent();\n        return java.util.Arrays.asList(convertibleComparison, detailedComparison);\n    }\n\n    private java.util.function.Predicate\u003corg.springframework.data.repository.core.support.MethodLookups.ReactiveTypeInteropMethodLookup.ParameterOverrideCriteria\u003e matchParameterOrComponentType(java.lang.Class\u003c?\u003e repositoryInterface) {\n        return ( parameterCriteria) -\u003e {\n            java.lang.Class\u003c?\u003e parameterType \u003d resolveParameterType(parameterCriteria.getDeclared(), repositoryInterface);\n            java.lang.reflect.Type genericType \u003d parameterCriteria.getGenericBaseType();\n            if (genericType instanceof java.lang.reflect.TypeVariable\u003c?\u003e) {\n                if (!(matchesGenericType(((java.lang.reflect.TypeVariable\u003c?\u003e) (genericType)), org.springframework.core.ResolvableType.forMethodParameter(parameterCriteria.getDeclared())))) {\n                    return false;\n                }\n            }\n            return (parameterCriteria.getBaseType().isAssignableFrom(parameterType)) \u0026\u0026 (parameterCriteria.isAssignableFromDeclared());\n        };\n    }\n\n    private static boolean isNonUnwrappingWrapper(java.lang.Class\u003c?\u003e parameterType) {\n        org.springframework.util.Assert.notNull(parameterType, \"Parameter type must not be null!\");\n        return (org.springframework.data.repository.util.QueryExecutionConverters.supports(parameterType)) \u0026\u0026 (!(org.springframework.data.repository.util.QueryExecutionConverters.supportsUnwrapping(parameterType)));\n    }\n\n    private static boolean usesParametersWithReactiveWrappers(java.lang.reflect.Method method) {\n        org.springframework.util.Assert.notNull(method, \"Method must not be null!\");\n        return java.util.Arrays.stream(method.getParameterTypes()).anyMatch(org.springframework.data.repository.core.support.MethodLookups.ReactiveTypeInteropMethodLookup::isNonUnwrappingWrapper);\n    }\n\n    private static java.util.Optional\u003cjava.lang.reflect.Method\u003e getMethodCandidate(org.springframework.data.repository.core.support.InvokedMethod invokedMethod, java.lang.reflect.Method candidate, java.util.function.Predicate\u003corg.springframework.data.repository.core.support.MethodLookups.ReactiveTypeInteropMethodLookup.ParameterOverrideCriteria\u003e predicate) {\n        return java.util.Optional.of(candidate).filter(( it) -\u003e invokedMethod.getName().equals(it.getName())).filter(( it) -\u003e org.springframework.data.repository.core.support.MethodLookups.ReactiveTypeInteropMethodLookup.parameterCountMatch(invokedMethod, it)).filter(( it) -\u003e org.springframework.data.repository.core.support.MethodLookups.ReactiveTypeInteropMethodLookup.parametersMatch(invokedMethod.getMethod(), it, predicate));\n    }\n\n    private static boolean parametersMatch(java.lang.reflect.Method declaredMethod, java.lang.reflect.Method baseClassMethod, java.util.function.Predicate\u003corg.springframework.data.repository.core.support.MethodLookups.ReactiveTypeInteropMethodLookup.ParameterOverrideCriteria\u003e predicate) {\n        return org.springframework.data.repository.core.support.MethodLookups.ReactiveTypeInteropMethodLookup.methodParameters(declaredMethod, baseClassMethod).allMatch(predicate);\n    }\n\n    private static java.util.function.Predicate\u003corg.springframework.data.repository.core.support.MethodLookups.ReactiveTypeInteropMethodLookup.ParameterOverrideCriteria\u003e wrapperConversionMatch() {\n        return ( parameterCriteria) -\u003e ((org.springframework.data.repository.core.support.MethodLookups.ReactiveTypeInteropMethodLookup.isNonUnwrappingWrapper(parameterCriteria.getBaseType())) \u0026\u0026 (org.springframework.data.repository.core.support.MethodLookups.ReactiveTypeInteropMethodLookup.isNonUnwrappingWrapper(parameterCriteria.getDeclaredType()))) \u0026\u0026 (org.springframework.data.repository.util.ReactiveWrapperConverters.canConvert(parameterCriteria.getDeclaredType(), parameterCriteria.getBaseType()));\n    }\n\n    private static java.util.function.Predicate\u003corg.springframework.data.repository.core.support.MethodLookups.ReactiveTypeInteropMethodLookup.ParameterOverrideCriteria\u003e assignableWrapperMatch() {\n        return ( parameterCriteria) -\u003e ((org.springframework.data.repository.core.support.MethodLookups.ReactiveTypeInteropMethodLookup.isNonUnwrappingWrapper(parameterCriteria.getBaseType())) \u0026\u0026 (org.springframework.data.repository.core.support.MethodLookups.ReactiveTypeInteropMethodLookup.isNonUnwrappingWrapper(parameterCriteria.getDeclaredType()))) \u0026\u0026 (parameterCriteria.getBaseType().isAssignableFrom(parameterCriteria.getDeclaredType()));\n    }\n\n    private static boolean parameterCountMatch(org.springframework.data.repository.core.support.InvokedMethod invokedMethod, java.lang.reflect.Method baseClassMethod) {\n        org.springframework.data.repository.core.support.ImplementationInvocationMetadata invocationMetadata \u003d new org.springframework.data.repository.core.support.ImplementationInvocationMetadata(invokedMethod.getMethod(), baseClassMethod);\n        return invocationMetadata.canInvoke(invokedMethod.getMethod(), baseClassMethod);\n    }\n\n    private static java.util.stream.Stream\u003corg.springframework.data.repository.core.support.MethodLookups.ReactiveTypeInteropMethodLookup.ParameterOverrideCriteria\u003e methodParameters(java.lang.reflect.Method invokedMethod, java.lang.reflect.Method baseClassMethod) {\n        return java.util.stream.IntStream.range(0, baseClassMethod.getParameterCount()).mapToObj(( index) -\u003e org.springframework.data.repository.core.support.MethodLookups.ReactiveTypeInteropMethodLookup.ParameterOverrideCriteria.of(new org.springframework.core.MethodParameter(invokedMethod, index), new org.springframework.core.MethodParameter(baseClassMethod, index)));\n    }\n\n    @lombok.Value(staticConstructor \u003d \"of\")\n    static class ParameterOverrideCriteria {\n        private final org.springframework.core.MethodParameter declared;\n\n        private final org.springframework.core.MethodParameter base;\n\n        public java.lang.Class\u003c?\u003e getBaseType() {\n            return base.getParameterType();\n        }\n\n        public java.lang.reflect.Type getGenericBaseType() {\n            return base.getGenericParameterType();\n        }\n\n        public java.lang.Class\u003c?\u003e getDeclaredType() {\n            return declared.getParameterType();\n        }\n\n        public boolean isAssignableFromDeclared() {\n            return getBaseType().isAssignableFrom(getDeclaredType());\n        }\n    }\n}",
                "dst_parent": "null"
              },
              "line": 399,
              "file": "/home/khesoem/projects/lighter/exp/src/main/java/org/springframework/data/repository/core/support/MethodLookups.java",
              "stats": {
                "number_of_src_entities": 178,
                "number_of_dst_entities": -1,
                "src_entity_types": "[org.springframework.data.repository.core.support.MethodLookups, org.springframework.data.repository.core.support.MethodLookups.ReactiveTypeInteropMethodLookup, boolean, java.lang.reflect.Type, java.lang.Object, java.lang.String, org.springframework.data.repository.core.support.MethodLookups.ReactiveTypeInteropMethodLookup.ParameterOverrideCriteria, lombok.Value, java.lang.Class\u003c?\u003e, java.lang.Class, org.springframework.core.MethodParameter]",
                "dst_entity_types": "[]"
              }
            }
          ]
        }
      ]
    }
  ],
  "complete_analysis": true
}