{
  "instances": [
    {
      "revision": "9818693c5f5b771b7dfa1098d8cb625a66e301f8",
      "repairability": [
        {
          "tool-name": "JKali",
          "pattern-name": "JKali:del",
          "Unified_Diff_of-files:": "Starts Below...",
          "DELETE:": "",
          "INSERT:": "",
          "CHANGE_old:": "      }",
          "CHANGE_new:": "",
          "instance_detail": [
            {
              "pattern_action": "DEL",
              "pattern_entity": {
                "entity_type": "*",
                "entity_new value": "*",
                "entity_role": "Statement",
                "entity_parent": "null"
              },
              "concrete_change": {
                "operator": "DEL",
                "src_type": "Throw",
                "dst_type": "null",
                "src": "throw java.io.IOException.class.cast(e.getCause())",
                "dst": "null",
                "src_parent_type": "Block",
                "dst_parent_type": "null",
                "src_parent": "{\n    throw java.io.IOException.class.cast(e.getCause());\n}",
                "dst_parent": "null"
              },
              "line": 73,
              "file": "/home/khesoem/projects/lighter/exp/ribbon/src/main/java/feign/ribbon/RibbonClient.java"
            }
          ]
        },
        {
          "tool-name": "JKali",
          "pattern-name": "JKali:del",
          "Unified_Diff_of-files:": "Starts Below...",
          "DELETE:": "",
          "INSERT:": "",
          "CHANGE_old:": "      }",
          "CHANGE_new:": "",
          "instance_detail": [
            {
              "pattern_action": "DEL",
              "pattern_entity": {
                "entity_type": "*",
                "entity_new value": "*",
                "entity_role": "Statement",
                "entity_parent": "null"
              },
              "concrete_change": {
                "operator": "DEL",
                "src_type": "If",
                "dst_type": "null",
                "src": "if ((e.getCause()) instanceof java.io.IOException) {\n    throw java.io.IOException.class.cast(e.getCause());\n}",
                "dst": "null",
                "src_parent_type": "Block",
                "dst_parent_type": "null",
                "src_parent": "{\n    if ((e.getCause()) instanceof java.io.IOException) {\n        throw java.io.IOException.class.cast(e.getCause());\n    }\n    throw new java.lang.RuntimeException(e);\n}",
                "dst_parent": "null"
              },
              "line": 72,
              "file": "/home/khesoem/projects/lighter/exp/ribbon/src/main/java/feign/ribbon/RibbonClient.java",
              "stats": {
                "number_of_src_entities": 40,
                "number_of_dst_entities": -1,
                "src_entity_types": "[java.io.IOException, com.netflix.client.ClientException, java.lang.Class]",
                "dst_entity_types": "[]"
              }
            }
          ]
        }
      ]
    }
  ],
  "complete_analysis": true
}