{
  "instances": [
    {
      "revision": "66de4f09889fac1d1725843df751d68bf613a748",
      "repairability": [
        {
          "tool-name": "JKali",
          "pattern-name": "JKali:del",
          "Unified_Diff_of-files:": "Starts Below...",
          "INSERT:": "",
          "instance_detail": [
            {
              "pattern_action": "DEL",
              "pattern_entity": {
                "entity_type": "*",
                "entity_new value": "*",
                "entity_role": "Statement",
                "entity_parent": "null"
              },
              "concrete_change": {
                "operator": "DEL",
                "src_type": "Invocation",
                "dst_type": "null",
                "src": "feign.Util.checkState(((targetType.getInterfaces()[0].getInterfaces().length) \u003d\u003d 0), \"Only single-level inheritance supported: %s\", targetType.getSimpleName())",
                "dst": "null",
                "src_parent_type": "Block",
                "dst_parent_type": "null",
                "src_parent": "{\n    feign.Util.checkState(((targetType.getInterfaces()[0].getInterfaces().length) \u003d\u003d 0), \"Only single-level inheritance supported: %s\", targetType.getSimpleName());\n}",
                "dst_parent": "null"
              },
              "line": 51,
              "file": "/home/khesoem/projects/lighter/exp/core/src/main/java/feign/Contract.java"
            }
          ]
        },
        {
          "tool-name": "JKali",
          "pattern-name": "JKali:del",
          "Unified_Diff_of-files:": "Starts Below...",
          "INSERT:": "",
          "instance_detail": [
            {
              "pattern_action": "DEL",
              "pattern_entity": {
                "entity_type": "*",
                "entity_new value": "*",
                "entity_role": "Statement",
                "entity_parent": "null"
              },
              "concrete_change": {
                "operator": "DEL",
                "src_type": "If",
                "dst_type": "null",
                "src": "if ((targetType.getInterfaces().length) \u003d\u003d 1) {\n    feign.Util.checkState(((targetType.getInterfaces()[0].getInterfaces().length) \u003d\u003d 0), \"Only single-level inheritance supported: %s\", targetType.getSimpleName());\n}",
                "dst": "null",
                "src_parent_type": "Block",
                "dst_parent_type": "null",
                "src_parent": "{\n    feign.Util.checkState(((targetType.getTypeParameters().length) \u003d\u003d 0), \"Parameterized types unsupported: %s\", targetType.getSimpleName());\n    feign.Util.checkState(((targetType.getInterfaces().length) \u003c\u003d 1), \"Only single inheritance supported: %s\", targetType.getSimpleName());\n    if ((targetType.getInterfaces().length) \u003d\u003d 1) {\n        feign.Util.checkState(((targetType.getInterfaces()[0].getInterfaces().length) \u003d\u003d 0), \"Only single-level inheritance supported: %s\", targetType.getSimpleName());\n    }\n    final java.util.Map\u003cjava.lang.String, feign.MethodMetadata\u003e result \u003d new java.util.LinkedHashMap\u003cjava.lang.String, feign.MethodMetadata\u003e();\n    for (final java.lang.reflect.Method method : targetType.getMethods()) {\n        if ((((method.getDeclaringClass()) \u003d\u003d (java.lang.Object.class)) || (((method.getModifiers()) \u0026 (java.lang.reflect.Modifier.STATIC)) !\u003d 0)) || (feign.Util.isDefault(method))) {\n            continue;\n        }\n        final feign.MethodMetadata metadata \u003d parseAndValidateMetadata(targetType, method);\n        feign.Util.checkState((!(result.containsKey(metadata.configKey()))), \"Overrides unsupported: %s\", metadata.configKey());\n        result.put(metadata.configKey(), metadata);\n    }\n    return new java.util.ArrayList(result.values());\n}",
                "dst_parent": "null"
              },
              "line": 50,
              "file": "/home/khesoem/projects/lighter/exp/core/src/main/java/feign/Contract.java",
              "stats": {
                "number_of_src_entities": 98,
                "number_of_dst_entities": -1,
                "src_entity_types": "[int, boolean, , java.lang.String, java.lang.Class\u003c?\u003e, java.lang.Class, feign.Util]",
                "dst_entity_types": "[]"
              }
            }
          ]
        },
        {
          "tool-name": "JKali",
          "pattern-name": "JKali:del",
          "Unified_Diff_of-files:": "Starts Below...",
          "INSERT:": "",
          "instance_detail": [
            {
              "pattern_action": "DEL",
              "pattern_entity": {
                "entity_type": "*",
                "entity_new value": "*",
                "entity_role": "Statement",
                "entity_parent": "null"
              },
              "concrete_change": {
                "operator": "DEL",
                "src_type": "Invocation",
                "dst_type": "null",
                "src": "feign.Util.checkState((!(result.containsKey(metadata.configKey()))), \"Overrides unsupported: %s\", metadata.configKey())",
                "dst": "null",
                "src_parent_type": "Block",
                "dst_parent_type": "null",
                "src_parent": "{\n    if ((((method.getDeclaringClass()) \u003d\u003d (java.lang.Object.class)) || (((method.getModifiers()) \u0026 (java.lang.reflect.Modifier.STATIC)) !\u003d 0)) || (feign.Util.isDefault(method))) {\n        continue;\n    }\n    final feign.MethodMetadata metadata \u003d parseAndValidateMetadata(targetType, method);\n    feign.Util.checkState((!(result.containsKey(metadata.configKey()))), \"Overrides unsupported: %s\", metadata.configKey());\n    result.put(metadata.configKey(), metadata);\n}",
                "dst_parent": "null"
              },
              "line": 63,
              "file": "/home/khesoem/projects/lighter/exp/core/src/main/java/feign/Contract.java",
              "stats": {
                "number_of_src_entities": 47,
                "number_of_dst_entities": -1,
                "src_entity_types": "[java.lang.String, feign.Util, feign.MethodMetadata, java.util.Map\u003cjava.lang.String, feign.MethodMetadata\u003e]",
                "dst_entity_types": "[]"
              }
            }
          ]
        },
        {
          "tool-name": "JKali",
          "pattern-name": "JKali:del",
          "Unified_Diff_of-files:": "Starts Below...",
          "INSERT:": "",
          "instance_detail": [
            {
              "pattern_action": "DEL",
              "pattern_entity": {
                "entity_type": "*",
                "entity_new value": "*",
                "entity_role": "Statement",
                "entity_parent": "null"
              },
              "concrete_change": {
                "operator": "DEL",
                "src_type": "If",
                "dst_type": "null",
                "src": "if (java.lang.reflect.ParameterizedType.class.isAssignableFrom(genericType.getClass())) {\n    final java.lang.reflect.Type[] parameterTypes \u003d ((java.lang.reflect.ParameterizedType) (genericType)).getActualTypeArguments();\n    keyClass \u003d ((java.lang.Class\u003c?\u003e) (parameterTypes[0]));\n} else\n    if (genericType instanceof java.lang.Class\u003c?\u003e) {\n        final java.lang.reflect.Type[] interfaces \u003d ((java.lang.Class) (genericType)).getGenericInterfaces();\n        if (interfaces !\u003d null) {\n            for (final java.lang.reflect.Type extended : interfaces) {\n                if (java.lang.reflect.ParameterizedType.class.isAssignableFrom(extended.getClass())) {\n                    final java.lang.reflect.Type[] parameterTypes \u003d ((java.lang.reflect.ParameterizedType) (extended)).getActualTypeArguments();\n                    keyClass \u003d ((java.lang.Class\u003c?\u003e) (parameterTypes[0]));\n                    break;\n                }\n            }\n        }\n    }\n",
                "dst": "null",
                "src_parent_type": "Block",
                "dst_parent_type": "null",
                "src_parent": "{\n    java.lang.Class\u003c?\u003e keyClass \u003d null;\n    if (java.lang.reflect.ParameterizedType.class.isAssignableFrom(genericType.getClass())) {\n        final java.lang.reflect.Type[] parameterTypes \u003d ((java.lang.reflect.ParameterizedType) (genericType)).getActualTypeArguments();\n        keyClass \u003d ((java.lang.Class\u003c?\u003e) (parameterTypes[0]));\n    } else\n        if (genericType instanceof java.lang.Class\u003c?\u003e) {\n            final java.lang.reflect.Type[] interfaces \u003d ((java.lang.Class) (genericType)).getGenericInterfaces();\n            if (interfaces !\u003d null) {\n                for (final java.lang.reflect.Type extended : interfaces) {\n                    if (java.lang.reflect.ParameterizedType.class.isAssignableFrom(extended.getClass())) {\n                        final java.lang.reflect.Type[] parameterTypes \u003d ((java.lang.reflect.ParameterizedType) (extended)).getActualTypeArguments();\n                        keyClass \u003d ((java.lang.Class\u003c?\u003e) (parameterTypes[0]));\n                        break;\n                    }\n                }\n            }\n        }\n\n    if (keyClass !\u003d null) {\n        feign.Util.checkState(java.lang.String.class.equals(keyClass), \"%s key must be a String: %s\", name, keyClass.getSimpleName());\n    }\n}",
                "dst_parent": "null"
              },
              "line": 159,
              "file": "/home/khesoem/projects/lighter/exp/core/src/main/java/feign/Contract.java",
              "stats": {
                "number_of_src_entities": 212,
                "number_of_dst_entities": -1,
                "src_entity_types": "[int, boolean, java.lang.reflect.Type, java.lang.Object, java.lang.reflect.ParameterizedType, java.lang.Class, java.lang.Class\u003c?\u003e, \u003cnulltype\u003e]",
                "dst_entity_types": "[]"
              }
            }
          ]
        }
      ]
    },
    {
      "revision": "66de4f09889fac1d1725843df751d68bf613a748",
      "repairability": [
        {
          "tool-name": "JKali",
          "pattern-name": "JKali:add_rtrn",
          "Unified_Diff_of-files:": "Starts Below...",
          "INSERT:": "",
          "instance_detail": [
            {
              "pattern_action": "INS",
              "pattern_entity": {
                "entity_type": "Return",
                "entity_new value": "*",
                "entity_role": "Statement",
                "entity_parent": "null"
              },
              "concrete_change": {
                "operator": "INS",
                "src_type": "Return",
                "dst_type": "null",
                "src": "return baseType",
                "dst": "null",
                "src_parent_type": "Block",
                "dst_parent_type": "null",
                "src_parent": "{\n    if (((baseType instanceof java.lang.Class) \u0026\u0026 (overridingType instanceof java.lang.Class)) \u0026\u0026 (((java.lang.Class\u003c?\u003e) (baseType)).isAssignableFrom(((java.lang.Class\u003c?\u003e) (overridingType))))) {\n        return overridingType;\n    }\n    if ((baseType instanceof java.lang.Class) \u0026\u0026 (overridingType instanceof java.lang.reflect.ParameterizedType)) {\n        return overridingType;\n    }\n    if ((baseType instanceof java.lang.Class) \u0026\u0026 (overridingType instanceof java.lang.reflect.TypeVariable)) {\n        return overridingType;\n    }\n    return baseType;\n}",
                "dst_parent": "null"
              },
              "line": 325,
              "file": "/home/khesoem/projects/lighter/exp/core/src/main/java/feign/Types.java"
            }
          ]
        },
        {
          "tool-name": "JKali",
          "pattern-name": "JKali:add_rtrn",
          "Unified_Diff_of-files:": "Starts Below...",
          "INSERT:": "",
          "instance_detail": [
            {
              "pattern_action": "INS",
              "pattern_entity": {
                "entity_type": "Return",
                "entity_new value": "*",
                "entity_role": "Statement",
                "entity_parent": "null"
              },
              "concrete_change": {
                "operator": "INS",
                "src_type": "Return",
                "dst_type": "null",
                "src": "return overridingType",
                "dst": "null",
                "src_parent_type": "Block",
                "dst_parent_type": "null",
                "src_parent": "{\n    return overridingType;\n}",
                "dst_parent": "null"
              },
              "line": 313,
              "file": "/home/khesoem/projects/lighter/exp/core/src/main/java/feign/Types.java"
            }
          ]
        },
        {
          "tool-name": "JKali",
          "pattern-name": "JKali:add_rtrn",
          "Unified_Diff_of-files:": "Starts Below...",
          "INSERT:": "",
          "instance_detail": [
            {
              "pattern_action": "INS",
              "pattern_entity": {
                "entity_type": "Return",
                "entity_new value": "*",
                "entity_role": "Statement",
                "entity_parent": "null"
              },
              "concrete_change": {
                "operator": "INS",
                "src_type": "Return",
                "dst_type": "null",
                "src": "return overridingType",
                "dst": "null",
                "src_parent_type": "Block",
                "dst_parent_type": "null",
                "src_parent": "{\n    return overridingType;\n}",
                "dst_parent": "null"
              },
              "line": 318,
              "file": "/home/khesoem/projects/lighter/exp/core/src/main/java/feign/Types.java"
            }
          ]
        },
        {
          "tool-name": "JKali",
          "pattern-name": "JKali:add_rtrn",
          "Unified_Diff_of-files:": "Starts Below...",
          "INSERT:": "",
          "instance_detail": [
            {
              "pattern_action": "INS",
              "pattern_entity": {
                "entity_type": "Return",
                "entity_new value": "*",
                "entity_role": "Statement",
                "entity_parent": "null"
              },
              "concrete_change": {
                "operator": "INS",
                "src_type": "Return",
                "dst_type": "null",
                "src": "return overridingType",
                "dst": "null",
                "src_parent_type": "Block",
                "dst_parent_type": "null",
                "src_parent": "{\n    return overridingType;\n}",
                "dst_parent": "null"
              },
              "line": 323,
              "file": "/home/khesoem/projects/lighter/exp/core/src/main/java/feign/Types.java"
            }
          ]
        }
      ]
    }
  ],
  "complete_analysis": true
}