{
  "instances": [
    {
      "revision": "819b2df8c54d9266abf4cde9b17ab7890ed95cc6",
      "repairability": [
        {
          "tool-name": "JKali",
          "pattern-name": "JKali:del",
          "Unified_Diff_of-files:": "Starts Below...",
          "CHANGE_old:": " * Copyright 2012-2019 The Feign Authors",
          "CHANGE_new:": " * Copyright 2012-2020 The Feign Authors",
          "DELETE:": "import feign.Util;",
          "instance_detail": [
            {
              "pattern_action": "DEL",
              "pattern_entity": {
                "entity_type": "*",
                "entity_new value": "*",
                "entity_role": "Statement",
                "entity_parent": "null"
              },
              "concrete_change": {
                "operator": "DEL",
                "src_type": "LocalVariable",
                "dst_type": "null",
                "src": "java.io.ByteArrayOutputStream encoded \u003d new java.io.ByteArrayOutputStream()",
                "dst": "null",
                "src_parent_type": "Block",
                "dst_parent_type": "null",
                "src_parent": "{\n    if (feign.template.UriUtils.isEncoded(value, charset)) {\n        return value;\n    }\n    byte[] data \u003d value.getBytes(charset);\n    java.io.ByteArrayOutputStream encoded \u003d new java.io.ByteArrayOutputStream();\n    for (byte b : data) {\n        if ((feign.template.UriUtils.isUnreserved(b)) || ((feign.template.UriUtils.isReserved(b)) \u0026\u0026 allowReserved)) {\n            encoded.write(b);\n        } else {\n            feign.template.UriUtils.pctEncode(b, encoded);\n        }\n    }\n    return new java.lang.String(encoded.toByteArray());\n}",
                "dst_parent": "null"
              },
              "line": 156,
              "file": "/home/khesoem/projects/lighter/exp/core/src/main/java/feign/template/UriUtils.java",
              "stats": {
                "number_of_src_entities": 9,
                "number_of_dst_entities": -1,
                "src_entity_types": "[java.io.ByteArrayOutputStream]",
                "dst_entity_types": "[]"
              }
            }
          ]
        },
        {
          "tool-name": "JKali",
          "pattern-name": "JKali:del",
          "Unified_Diff_of-files:": "Starts Below...",
          "CHANGE_old:": " * Copyright 2012-2019 The Feign Authors",
          "CHANGE_new:": " * Copyright 2012-2020 The Feign Authors",
          "DELETE:": "import feign.Util;",
          "instance_detail": [
            {
              "pattern_action": "DEL",
              "pattern_entity": {
                "entity_type": "*",
                "entity_new value": "*",
                "entity_role": "Statement",
                "entity_parent": "null"
              },
              "concrete_change": {
                "operator": "DEL",
                "src_type": "If",
                "dst_type": "null",
                "src": "if ((feign.template.UriUtils.isUnreserved(b)) || ((feign.template.UriUtils.isReserved(b)) \u0026\u0026 allowReserved)) {\n    encoded.write(b);\n} else {\n    feign.template.UriUtils.pctEncode(b, encoded);\n}",
                "dst": "null",
                "src_parent_type": "Block",
                "dst_parent_type": "null",
                "src_parent": "{\n    if ((feign.template.UriUtils.isUnreserved(b)) || ((feign.template.UriUtils.isReserved(b)) \u0026\u0026 allowReserved)) {\n        encoded.write(b);\n    } else {\n        feign.template.UriUtils.pctEncode(b, encoded);\n    }\n}",
                "dst_parent": "null"
              },
              "line": 158,
              "file": "/home/khesoem/projects/lighter/exp/core/src/main/java/feign/template/UriUtils.java"
            }
          ]
        },
        {
          "tool-name": "JKali",
          "pattern-name": "JKali:del",
          "Unified_Diff_of-files:": "Starts Below...",
          "CHANGE_old:": " * Copyright 2012-2019 The Feign Authors",
          "CHANGE_new:": " * Copyright 2012-2020 The Feign Authors",
          "DELETE:": "import feign.Util;",
          "instance_detail": [
            {
              "pattern_action": "DEL",
              "pattern_entity": {
                "entity_type": "*",
                "entity_new value": "*",
                "entity_role": "Statement",
                "entity_parent": "null"
              },
              "concrete_change": {
                "operator": "DEL",
                "src_type": "ForEach",
                "dst_type": "null",
                "src": "for (byte b : data) {\n    if ((feign.template.UriUtils.isUnreserved(b)) || ((feign.template.UriUtils.isReserved(b)) \u0026\u0026 allowReserved)) {\n        encoded.write(b);\n    } else {\n        feign.template.UriUtils.pctEncode(b, encoded);\n    }\n}",
                "dst": "null",
                "src_parent_type": "Block",
                "dst_parent_type": "null",
                "src_parent": "{\n    if (feign.template.UriUtils.isEncoded(value, charset)) {\n        return value;\n    }\n    byte[] data \u003d value.getBytes(charset);\n    java.io.ByteArrayOutputStream encoded \u003d new java.io.ByteArrayOutputStream();\n    for (byte b : data) {\n        if ((feign.template.UriUtils.isUnreserved(b)) || ((feign.template.UriUtils.isReserved(b)) \u0026\u0026 allowReserved)) {\n            encoded.write(b);\n        } else {\n            feign.template.UriUtils.pctEncode(b, encoded);\n        }\n    }\n    return new java.lang.String(encoded.toByteArray());\n}",
                "dst_parent": "null"
              },
              "line": 157,
              "file": "/home/khesoem/projects/lighter/exp/core/src/main/java/feign/template/UriUtils.java",
              "stats": {
                "number_of_src_entities": 73,
                "number_of_dst_entities": -1,
                "src_entity_types": "[boolean, byte, java.io.ByteArrayOutputStream, feign.template.UriUtils]",
                "dst_entity_types": "[]"
              }
            }
          ]
        },
        {
          "tool-name": "JKali",
          "pattern-name": "JKali:del",
          "Unified_Diff_of-files:": "Starts Below...",
          "CHANGE_old:": " * Copyright 2012-2019 The Feign Authors",
          "CHANGE_new:": " * Copyright 2012-2020 The Feign Authors",
          "DELETE:": "import feign.Util;",
          "instance_detail": [
            {
              "pattern_action": "DEL",
              "pattern_entity": {
                "entity_type": "*",
                "entity_new value": "*",
                "entity_role": "Statement",
                "entity_parent": "null"
              },
              "concrete_change": {
                "operator": "DEL",
                "src_type": "Return",
                "dst_type": "null",
                "src": "return new java.lang.String(encoded.toByteArray())",
                "dst": "null",
                "src_parent_type": "Block",
                "dst_parent_type": "null",
                "src_parent": "{\n    if (feign.template.UriUtils.isEncoded(value, charset)) {\n        return value;\n    }\n    byte[] data \u003d value.getBytes(charset);\n    java.io.ByteArrayOutputStream encoded \u003d new java.io.ByteArrayOutputStream();\n    for (byte b : data) {\n        if ((feign.template.UriUtils.isUnreserved(b)) || ((feign.template.UriUtils.isReserved(b)) \u0026\u0026 allowReserved)) {\n            encoded.write(b);\n        } else {\n            feign.template.UriUtils.pctEncode(b, encoded);\n        }\n    }\n    return new java.lang.String(encoded.toByteArray());\n}",
                "dst_parent": "null"
              },
              "line": 165,
              "file": "/home/khesoem/projects/lighter/exp/core/src/main/java/feign/template/UriUtils.java",
              "stats": {
                "number_of_src_entities": 19,
                "number_of_dst_entities": -1,
                "src_entity_types": "[java.lang.String, java.io.ByteArrayOutputStream]",
                "dst_entity_types": "[]"
              }
            }
          ]
        },
        {
          "tool-name": "JKali",
          "pattern-name": "JKali:add_rtrn",
          "Unified_Diff_of-files:": "Starts Below...",
          "CHANGE_old:": " * Copyright 2012-2019 The Feign Authors",
          "CHANGE_new:": " * Copyright 2012-2020 The Feign Authors",
          "DELETE:": "import feign.Util;",
          "instance_detail": [
            {
              "pattern_action": "INS",
              "pattern_entity": {
                "entity_type": "Return",
                "entity_new value": "*",
                "entity_role": "Statement",
                "entity_parent": "null"
              },
              "concrete_change": {
                "operator": "INS",
                "src_type": "Return",
                "dst_type": "null",
                "src": "return new java.lang.String(bos.toByteArray(), charset)",
                "dst": "null",
                "src_parent_type": "Block",
                "dst_parent_type": "null",
                "src_parent": "{\n    for (byte b : data) {\n        if (feign.template.UriUtils.isUnreserved(((char) (b)))) {\n            bos.write(b);\n        } else\n            if ((feign.template.UriUtils.isReserved(((char) (b)))) \u0026\u0026 allowReserved) {\n                bos.write(b);\n            } else {\n                feign.template.UriUtils.pctEncode(b, bos);\n            }\n\n    }\n    return new java.lang.String(bos.toByteArray(), charset);\n}",
                "dst_parent": "null"
              },
              "line": 167,
              "file": "/home/khesoem/projects/lighter/exp/core/src/main/java/feign/template/UriUtils.java"
            }
          ]
        }
      ]
    },
    {
      "revision": "819b2df8c54d9266abf4cde9b17ab7890ed95cc6",
      "repairability": [
        {
          "tool-name": "JKali",
          "pattern-name": "JKali:add_rtrn",
          "Unified_Diff_of-files:": "Starts Below...",
          "CHANGE_old:": " * Copyright 2012-2019 The Feign Authors",
          "CHANGE_new:": " * Copyright 2012-2020 The Feign Authors",
          "DELETE:": "import feign.Util;",
          "instance_detail": [
            {
              "pattern_action": "INS",
              "pattern_entity": {
                "entity_type": "Return",
                "entity_new value": "*",
                "entity_role": "Statement",
                "entity_parent": "null"
              },
              "concrete_change": {
                "operator": "INS",
                "src_type": "Return",
                "dst_type": "null",
                "src": "return feign.template.QueryTemplate.create(name, values, charset, collectionFormat, true)",
                "dst": "null",
                "src_parent_type": "Block",
                "dst_parent_type": "null",
                "src_parent": "{\n    return feign.template.QueryTemplate.create(name, values, charset, collectionFormat, true);\n}",
                "dst_parent": "null"
              },
              "line": 59,
              "file": "/home/khesoem/projects/lighter/exp/core/src/main/java/feign/template/QueryTemplate.java"
            }
          ]
        }
      ]
    }
  ],
  "complete_analysis": true
}