{
  "instances": [
    {
      "revision": "80f047534ce4c31ccdd1125dced45bfaac802d53",
      "repairability": [
        {
          "tool-name": "JKali",
          "pattern-name": "JKali:del",
          "Unified_Diff_of-files:": "Starts Below...",
          "CHANGE_old:": "",
          "CHANGE_new:": "    );",
          "instance_detail": [
            {
              "pattern_action": "DEL",
              "pattern_entity": {
                "entity_type": "*",
                "entity_new value": "*",
                "entity_role": "Statement",
                "entity_parent": "null"
              },
              "concrete_change": {
                "operator": "DEL",
                "src_type": "LocalVariable",
                "dst_type": "null",
                "src": "java.util.LinkedHashMap\u003cjava.lang.String, java.util.Collection\u003cjava.lang.String\u003e\u003e copyOf \u003d new java.util.LinkedHashMap\u003cjava.lang.String, java.util.Collection\u003cjava.lang.String\u003e\u003e()",
                "dst": "null",
                "src_parent_type": "Block",
                "dst_parent_type": "null",
                "src_parent": "{\n    this.method \u003d feign.Util.checkNotNull(method, \"method of %s\", url);\n    this.url \u003d feign.Util.checkNotNull(url, \"url\");\n    java.util.LinkedHashMap\u003cjava.lang.String, java.util.Collection\u003cjava.lang.String\u003e\u003e copyOf \u003d new java.util.LinkedHashMap\u003cjava.lang.String, java.util.Collection\u003cjava.lang.String\u003e\u003e();\n    copyOf.putAll(feign.Util.checkNotNull(headers, \"headers of %s %s\", method, url));\n    this.headers \u003d java.util.Collections.unmodifiableMap(copyOf);\n    this.body \u003d body;\n    this.charset \u003d charset;\n}",
                "dst_parent": "null"
              },
              "line": 43,
              "file": "/home/khesoem/projects/lighter/exp/core/src/main/java/feign/Request.java",
              "stats": {
                "number_of_src_entities": 21,
                "number_of_dst_entities": -1,
                "src_entity_types": "[java.lang.String, java.util.Collection\u003cjava.lang.String\u003e, java.util.LinkedHashMap\u003cjava.lang.String, java.util.Collection\u003cjava.lang.String\u003e\u003e, java.util.LinkedHashMap]",
                "dst_entity_types": "[]"
              }
            }
          ]
        },
        {
          "tool-name": "JKali",
          "pattern-name": "JKali:del",
          "Unified_Diff_of-files:": "Starts Below...",
          "CHANGE_old:": "",
          "CHANGE_new:": "    );",
          "instance_detail": [
            {
              "pattern_action": "DEL",
              "pattern_entity": {
                "entity_type": "*",
                "entity_new value": "*",
                "entity_role": "Statement",
                "entity_parent": "null"
              },
              "concrete_change": {
                "operator": "DEL",
                "src_type": "Invocation",
                "dst_type": "null",
                "src": "copyOf.putAll(feign.Util.checkNotNull(headers, \"headers of %s %s\", method, url))",
                "dst": "null",
                "src_parent_type": "Block",
                "dst_parent_type": "null",
                "src_parent": "{\n    this.method \u003d feign.Util.checkNotNull(method, \"method of %s\", url);\n    this.url \u003d feign.Util.checkNotNull(url, \"url\");\n    java.util.LinkedHashMap\u003cjava.lang.String, java.util.Collection\u003cjava.lang.String\u003e\u003e copyOf \u003d new java.util.LinkedHashMap\u003cjava.lang.String, java.util.Collection\u003cjava.lang.String\u003e\u003e();\n    copyOf.putAll(feign.Util.checkNotNull(headers, \"headers of %s %s\", method, url));\n    this.headers \u003d java.util.Collections.unmodifiableMap(copyOf);\n    this.body \u003d body;\n    this.charset \u003d charset;\n}",
                "dst_parent": "null"
              },
              "line": 45,
              "file": "/home/khesoem/projects/lighter/exp/core/src/main/java/feign/Request.java",
              "stats": {
                "number_of_src_entities": 63,
                "number_of_dst_entities": -1,
                "src_entity_types": "[java.util.HashMap, java.lang.String, java.util.Collection\u003cjava.lang.String\u003e, feign.Util, java.util.LinkedHashMap\u003cjava.lang.String, java.util.Collection\u003cjava.lang.String\u003e\u003e, java.util.Map\u003cjava.lang.String, java.util.Collection\u003cjava.lang.String\u003e\u003e]",
                "dst_entity_types": "[]"
              }
            }
          ]
        },
        {
          "tool-name": "JKali",
          "pattern-name": "JKali:add_rtrn",
          "Unified_Diff_of-files:": "Starts Below...",
          "CHANGE_old:": "",
          "CHANGE_new:": "    );",
          "instance_detail": [
            {
              "pattern_action": "INS",
              "pattern_entity": {
                "entity_type": "Return",
                "entity_new value": "*",
                "entity_role": "Statement",
                "entity_parent": "null"
              },
              "concrete_change": {
                "operator": "INS",
                "src_type": "Return",
                "dst_type": "null",
                "src": "return new feign.Request(method, url, headers, body, charset)",
                "dst": "null",
                "src_parent_type": "Block",
                "dst_parent_type": "null",
                "src_parent": "{\n    return new feign.Request(method, url, headers, body, charset);\n}",
                "dst_parent": "null"
              },
              "line": 36,
              "file": "/home/khesoem/projects/lighter/exp/core/src/main/java/feign/Request.java"
            }
          ]
        }
      ]
    }
  ],
  "complete_analysis": true
}