{
  "instances": [
    {
      "revision": "52272667e51acdf082b90766673dfcb77f6f9cc0",
      "repairability": [
        {
          "tool-name": "JMutRepair",
          "pattern-name": "JMutRepair:unary",
          "Unified_Diff_of-files:": "Starts Below...",
          "CHANGE_old:": "",
          "CHANGE_new:": "          } else {",
          "INSERT:": "        }",
          "instance_detail": [
            {
              "pattern_action": "ANY",
              "pattern_entity": {
                "entity_type": "UnaryOperator",
                "entity_new value": "*",
                "entity_role": "*",
                "entity_parent": {
                  "entity_type": "If",
                  "entity_new value": "*",
                  "entity_role": "*",
                  "entity_parent": "null"
                }
              },
              "concrete_change": {
                "operator": "INS",
                "src_type": "UnaryOperator",
                "dst_type": "null",
                "src": "(!forceDownload)",
                "dst": "null",
                "src_parent_type": "BinaryOperator",
                "dst_parent_type": "null",
                "src_parent": "(!forceDownload) \u0026\u0026 (!(isNewSegmentMetadata(tableNameWithType, newSegmentZKMetadata, localSegmentMetadata)))",
                "dst_parent": "null"
              },
              "line": 131,
              "file": "/home/khesoem/projects/lighter/exp/pinot-server/src/main/java/org/apache/pinot/server/starter/helix/SegmentFetcherAndLoader.java"
            }
          ]
        },
        {
          "tool-name": "JMutRepair",
          "pattern-name": "JMutRepair:unary",
          "Unified_Diff_of-files:": "Starts Below...",
          "CHANGE_old:": "",
          "CHANGE_new:": "          } else {",
          "INSERT:": "        }",
          "instance_detail": [
            {
              "pattern_action": "ANY",
              "pattern_entity": {
                "entity_type": "UnaryOperator",
                "entity_new value": "*",
                "entity_role": "*",
                "entity_parent": {
                  "entity_type": "If",
                  "entity_new value": "*",
                  "entity_role": "*",
                  "entity_parent": "null"
                }
              },
              "concrete_change": {
                "operator": "MOV",
                "src_type": "UnaryOperator",
                "dst_type": "UnaryOperator",
                "src": "!(isNewSegmentMetadata(tableNameWithType, newSegmentZKMetadata, localSegmentMetadata))",
                "dst": "(!(isNewSegmentMetadata(tableNameWithType, newSegmentZKMetadata, localSegmentMetadata)))",
                "src_parent_type": "If",
                "dst_parent_type": "BinaryOperator",
                "src_parent": "if (!(isNewSegmentMetadata(tableNameWithType, newSegmentZKMetadata, localSegmentMetadata))) {\n    org.apache.pinot.server.starter.helix.SegmentFetcherAndLoader.LOGGER.info(\"Segment metadata same as before, loading {} of table {} (crc {}) from disk\", segmentName, tableNameWithType, localSegmentMetadata.getCrc());\n    _instanceDataManager.addOfflineSegment(tableNameWithType, segmentName, indexDir);\n    return;\n}",
                "dst_parent": "(!forceDownload) \u0026\u0026 (!(isNewSegmentMetadata(tableNameWithType, newSegmentZKMetadata, localSegmentMetadata)))"
              },
              "line": 111,
              "file": "/home/khesoem/projects/lighter/exp/pinot-server/src/main/java/org/apache/pinot/server/starter/helix/SegmentFetcherAndLoader.java",
              "stats": {
                "number_of_src_entities": 30,
                "number_of_dst_entities": 30,
                "src_entity_types": "[org.apache.pinot.segment.spi.SegmentMetadata, org.apache.pinot.common.metadata.segment.OfflineSegmentZKMetadata, java.lang.String, org.apache.pinot.server.starter.helix.SegmentFetcherAndLoader]",
                "dst_entity_types": "[org.apache.pinot.segment.spi.SegmentMetadata, org.apache.pinot.common.metadata.segment.OfflineSegmentZKMetadata, java.lang.String, org.apache.pinot.server.starter.helix.SegmentFetcherAndLoader]"
              }
            }
          ]
        }
      ]
    }
  ],
  "complete_analysis": true
}