{
  "instances": [
    {
      "revision": "7c98c75e38d92465944f800deb0c34684f2b6be2",
      "repairability": [
        {
          "tool-name": "Arja",
          "pattern-name": "Arja:arja_shallow_change",
          "Unified_Diff_of-files:": "Starts Below...",
          "CHANGE_old:": "            log.log(Level.FINE, \"Failed to output the banner of tamaya.\", e);",
          "CHANGE_new:": "            log.log(Level.WARNING, \"Failed to output the banner of tamaya.\", e);",
          "INSERT:": "",
          "DELETE:": "            }",
          "instance_detail": [
            {
              "pattern_action": "ANY",
              "pattern_entity": {
                "entity_type": "Statement",
                "entity_new value": "*",
                "entity_role": "*",
                "entity_parent": "null"
              },
              "concrete_change": {
                "operator": "DEL",
                "src_type": "LocalVariable",
                "dst_type": "null",
                "src": "java.net.URL url \u003d org.apache.tamaya.ConfigurationProvider.class.getResource(\"/tamaya-banner.txt\")",
                "dst": "null",
                "src_parent_type": "Block",
                "dst_parent_type": "null",
                "src_parent": "{\n    java.net.URL url \u003d org.apache.tamaya.ConfigurationProvider.class.getResource(\"/tamaya-banner.txt\");\n    if (url !\u003d null) {\n        java.nio.file.Path path \u003d java.nio.file.Paths.get(url.toURI());\n        java.util.List\u003cjava.lang.String\u003e content \u003d java.nio.file.Files.readAllLines(path, java.nio.charset.StandardCharsets.UTF_8);\n        for (java.lang.String line : content) {\n            outputSingleLine(line);\n        }\n    }\n}",
                "dst_parent": "null"
              },
              "line": 76,
              "file": "/home/khesoem/projects/lighter/exp/code/core/src/main/java/org/apache/tamaya/core/internal/BannerManager.java"
            }
          ]
        },
        {
          "tool-name": "Arja",
          "pattern-name": "Arja:arja_shallow_change",
          "Unified_Diff_of-files:": "Starts Below...",
          "CHANGE_old:": "            log.log(Level.FINE, \"Failed to output the banner of tamaya.\", e);",
          "CHANGE_new:": "            log.log(Level.WARNING, \"Failed to output the banner of tamaya.\", e);",
          "INSERT:": "",
          "DELETE:": "            }",
          "instance_detail": [
            {
              "pattern_action": "ANY",
              "pattern_entity": {
                "entity_type": "Statement",
                "entity_new value": "*",
                "entity_role": "*",
                "entity_parent": "null"
              },
              "concrete_change": {
                "operator": "DEL",
                "src_type": "Invocation",
                "dst_type": "null",
                "src": "url.toURI()",
                "dst": "null",
                "src_parent_type": "Invocation",
                "dst_parent_type": "null",
                "src_parent": "java.nio.file.Paths.get(url.toURI())",
                "dst_parent": "null"
              },
              "line": 79,
              "file": "/home/khesoem/projects/lighter/exp/code/core/src/main/java/org/apache/tamaya/core/internal/BannerManager.java"
            }
          ]
        },
        {
          "tool-name": "Arja",
          "pattern-name": "Arja:arja_shallow_change",
          "Unified_Diff_of-files:": "Starts Below...",
          "CHANGE_old:": "            log.log(Level.FINE, \"Failed to output the banner of tamaya.\", e);",
          "CHANGE_new:": "            log.log(Level.WARNING, \"Failed to output the banner of tamaya.\", e);",
          "INSERT:": "",
          "DELETE:": "            }",
          "instance_detail": [
            {
              "pattern_action": "ANY",
              "pattern_entity": {
                "entity_type": "Statement",
                "entity_new value": "*",
                "entity_role": "*",
                "entity_parent": "null"
              },
              "concrete_change": {
                "operator": "DEL",
                "src_type": "Invocation",
                "dst_type": "null",
                "src": "java.nio.file.Paths.get(url.toURI())",
                "dst": "null",
                "src_parent_type": "LocalVariable",
                "dst_parent_type": "null",
                "src_parent": "java.nio.file.Path path \u003d java.nio.file.Paths.get(url.toURI())",
                "dst_parent": "null"
              },
              "line": 79,
              "file": "/home/khesoem/projects/lighter/exp/code/core/src/main/java/org/apache/tamaya/core/internal/BannerManager.java"
            }
          ]
        },
        {
          "tool-name": "Arja",
          "pattern-name": "Arja:arja_shallow_change",
          "Unified_Diff_of-files:": "Starts Below...",
          "CHANGE_old:": "            log.log(Level.FINE, \"Failed to output the banner of tamaya.\", e);",
          "CHANGE_new:": "            log.log(Level.WARNING, \"Failed to output the banner of tamaya.\", e);",
          "INSERT:": "",
          "DELETE:": "            }",
          "instance_detail": [
            {
              "pattern_action": "ANY",
              "pattern_entity": {
                "entity_type": "Statement",
                "entity_new value": "*",
                "entity_role": "*",
                "entity_parent": "null"
              },
              "concrete_change": {
                "operator": "DEL",
                "src_type": "LocalVariable",
                "dst_type": "null",
                "src": "java.nio.file.Path path \u003d java.nio.file.Paths.get(url.toURI())",
                "dst": "null",
                "src_parent_type": "Block",
                "dst_parent_type": "null",
                "src_parent": "{\n    java.nio.file.Path path \u003d java.nio.file.Paths.get(url.toURI());\n    java.util.List\u003cjava.lang.String\u003e content \u003d java.nio.file.Files.readAllLines(path, java.nio.charset.StandardCharsets.UTF_8);\n    for (java.lang.String line : content) {\n        outputSingleLine(line);\n    }\n}",
                "dst_parent": "null"
              },
              "line": 79,
              "file": "/home/khesoem/projects/lighter/exp/code/core/src/main/java/org/apache/tamaya/core/internal/BannerManager.java"
            }
          ]
        },
        {
          "tool-name": "Arja",
          "pattern-name": "Arja:arja_shallow_change",
          "Unified_Diff_of-files:": "Starts Below...",
          "CHANGE_old:": "            log.log(Level.FINE, \"Failed to output the banner of tamaya.\", e);",
          "CHANGE_new:": "            log.log(Level.WARNING, \"Failed to output the banner of tamaya.\", e);",
          "INSERT:": "",
          "DELETE:": "            }",
          "instance_detail": [
            {
              "pattern_action": "ANY",
              "pattern_entity": {
                "entity_type": "Statement",
                "entity_new value": "*",
                "entity_role": "*",
                "entity_parent": "null"
              },
              "concrete_change": {
                "operator": "DEL",
                "src_type": "Invocation",
                "dst_type": "null",
                "src": "java.nio.file.Files.readAllLines(path, java.nio.charset.StandardCharsets.UTF_8)",
                "dst": "null",
                "src_parent_type": "LocalVariable",
                "dst_parent_type": "null",
                "src_parent": "java.util.List\u003cjava.lang.String\u003e content \u003d java.nio.file.Files.readAllLines(path, java.nio.charset.StandardCharsets.UTF_8)",
                "dst_parent": "null"
              },
              "line": 80,
              "file": "/home/khesoem/projects/lighter/exp/code/core/src/main/java/org/apache/tamaya/core/internal/BannerManager.java"
            }
          ]
        },
        {
          "tool-name": "Arja",
          "pattern-name": "Arja:arja_shallow_change",
          "Unified_Diff_of-files:": "Starts Below...",
          "CHANGE_old:": "            log.log(Level.FINE, \"Failed to output the banner of tamaya.\", e);",
          "CHANGE_new:": "            log.log(Level.WARNING, \"Failed to output the banner of tamaya.\", e);",
          "INSERT:": "",
          "DELETE:": "            }",
          "instance_detail": [
            {
              "pattern_action": "ANY",
              "pattern_entity": {
                "entity_type": "Statement",
                "entity_new value": "*",
                "entity_role": "*",
                "entity_parent": "null"
              },
              "concrete_change": {
                "operator": "DEL",
                "src_type": "LocalVariable",
                "dst_type": "null",
                "src": "java.util.List\u003cjava.lang.String\u003e content \u003d java.nio.file.Files.readAllLines(path, java.nio.charset.StandardCharsets.UTF_8)",
                "dst": "null",
                "src_parent_type": "Block",
                "dst_parent_type": "null",
                "src_parent": "{\n    java.nio.file.Path path \u003d java.nio.file.Paths.get(url.toURI());\n    java.util.List\u003cjava.lang.String\u003e content \u003d java.nio.file.Files.readAllLines(path, java.nio.charset.StandardCharsets.UTF_8);\n    for (java.lang.String line : content) {\n        outputSingleLine(line);\n    }\n}",
                "dst_parent": "null"
              },
              "line": 80,
              "file": "/home/khesoem/projects/lighter/exp/code/core/src/main/java/org/apache/tamaya/core/internal/BannerManager.java"
            }
          ]
        },
        {
          "tool-name": "Arja",
          "pattern-name": "Arja:arja_shallow_change",
          "Unified_Diff_of-files:": "Starts Below...",
          "CHANGE_old:": "            log.log(Level.FINE, \"Failed to output the banner of tamaya.\", e);",
          "CHANGE_new:": "            log.log(Level.WARNING, \"Failed to output the banner of tamaya.\", e);",
          "INSERT:": "",
          "DELETE:": "            }",
          "instance_detail": [
            {
              "pattern_action": "ANY",
              "pattern_entity": {
                "entity_type": "Statement",
                "entity_new value": "*",
                "entity_role": "*",
                "entity_parent": "null"
              },
              "concrete_change": {
                "operator": "DEL",
                "src_type": "ForEach",
                "dst_type": "null",
                "src": "for (java.lang.String line : content) {\n    outputSingleLine(line);\n}",
                "dst": "null",
                "src_parent_type": "Block",
                "dst_parent_type": "null",
                "src_parent": "{\n    java.nio.file.Path path \u003d java.nio.file.Paths.get(url.toURI());\n    java.util.List\u003cjava.lang.String\u003e content \u003d java.nio.file.Files.readAllLines(path, java.nio.charset.StandardCharsets.UTF_8);\n    for (java.lang.String line : content) {\n        outputSingleLine(line);\n    }\n}",
                "dst_parent": "null"
              },
              "line": 82,
              "file": "/home/khesoem/projects/lighter/exp/code/core/src/main/java/org/apache/tamaya/core/internal/BannerManager.java"
            }
          ]
        },
        {
          "tool-name": "Arja",
          "pattern-name": "Arja:arja_shallow_change",
          "Unified_Diff_of-files:": "Starts Below...",
          "CHANGE_old:": "            log.log(Level.FINE, \"Failed to output the banner of tamaya.\", e);",
          "CHANGE_new:": "            log.log(Level.WARNING, \"Failed to output the banner of tamaya.\", e);",
          "INSERT:": "",
          "DELETE:": "            }",
          "instance_detail": [
            {
              "pattern_action": "ANY",
              "pattern_entity": {
                "entity_type": "Statement",
                "entity_new value": "*",
                "entity_role": "*",
                "entity_parent": "null"
              },
              "concrete_change": {
                "operator": "DEL",
                "src_type": "Block",
                "dst_type": "null",
                "src": "{\n    java.nio.file.Path path \u003d java.nio.file.Paths.get(url.toURI());\n    java.util.List\u003cjava.lang.String\u003e content \u003d java.nio.file.Files.readAllLines(path, java.nio.charset.StandardCharsets.UTF_8);\n    for (java.lang.String line : content) {\n        outputSingleLine(line);\n    }\n}",
                "dst": "null",
                "src_parent_type": "If",
                "dst_parent_type": "null",
                "src_parent": "if (url !\u003d null) {\n    java.nio.file.Path path \u003d java.nio.file.Paths.get(url.toURI());\n    java.util.List\u003cjava.lang.String\u003e content \u003d java.nio.file.Files.readAllLines(path, java.nio.charset.StandardCharsets.UTF_8);\n    for (java.lang.String line : content) {\n        outputSingleLine(line);\n    }\n}",
                "dst_parent": "null"
              },
              "line": 78,
              "file": "/home/khesoem/projects/lighter/exp/code/core/src/main/java/org/apache/tamaya/core/internal/BannerManager.java"
            }
          ]
        },
        {
          "tool-name": "Arja",
          "pattern-name": "Arja:arja_shallow_change",
          "Unified_Diff_of-files:": "Starts Below...",
          "CHANGE_old:": "            log.log(Level.FINE, \"Failed to output the banner of tamaya.\", e);",
          "CHANGE_new:": "            log.log(Level.WARNING, \"Failed to output the banner of tamaya.\", e);",
          "INSERT:": "",
          "DELETE:": "            }",
          "instance_detail": [
            {
              "pattern_action": "ANY",
              "pattern_entity": {
                "entity_type": "Statement",
                "entity_new value": "*",
                "entity_role": "*",
                "entity_parent": "null"
              },
              "concrete_change": {
                "operator": "DEL",
                "src_type": "If",
                "dst_type": "null",
                "src": "if (url !\u003d null) {\n    java.nio.file.Path path \u003d java.nio.file.Paths.get(url.toURI());\n    java.util.List\u003cjava.lang.String\u003e content \u003d java.nio.file.Files.readAllLines(path, java.nio.charset.StandardCharsets.UTF_8);\n    for (java.lang.String line : content) {\n        outputSingleLine(line);\n    }\n}",
                "dst": "null",
                "src_parent_type": "Block",
                "dst_parent_type": "null",
                "src_parent": "{\n    java.net.URL url \u003d org.apache.tamaya.ConfigurationProvider.class.getResource(\"/tamaya-banner.txt\");\n    if (url !\u003d null) {\n        java.nio.file.Path path \u003d java.nio.file.Paths.get(url.toURI());\n        java.util.List\u003cjava.lang.String\u003e content \u003d java.nio.file.Files.readAllLines(path, java.nio.charset.StandardCharsets.UTF_8);\n        for (java.lang.String line : content) {\n            outputSingleLine(line);\n        }\n    }\n}",
                "dst_parent": "null"
              },
              "line": 78,
              "file": "/home/khesoem/projects/lighter/exp/code/core/src/main/java/org/apache/tamaya/core/internal/BannerManager.java"
            }
          ]
        },
        {
          "tool-name": "Arja",
          "pattern-name": "Arja:arja_shallow_change",
          "Unified_Diff_of-files:": "Starts Below...",
          "CHANGE_old:": "            log.log(Level.FINE, \"Failed to output the banner of tamaya.\", e);",
          "CHANGE_new:": "            log.log(Level.WARNING, \"Failed to output the banner of tamaya.\", e);",
          "INSERT:": "",
          "DELETE:": "            }",
          "instance_detail": [
            {
              "pattern_action": "ANY",
              "pattern_entity": {
                "entity_type": "Statement",
                "entity_new value": "*",
                "entity_role": "*",
                "entity_parent": "null"
              },
              "concrete_change": {
                "operator": "DEL",
                "src_type": "Try",
                "dst_type": "null",
                "src": "try {\n    java.net.URL url \u003d org.apache.tamaya.ConfigurationProvider.class.getResource(\"/tamaya-banner.txt\");\n    if (url !\u003d null) {\n        java.nio.file.Path path \u003d java.nio.file.Paths.get(url.toURI());\n        java.util.List\u003cjava.lang.String\u003e content \u003d java.nio.file.Files.readAllLines(path, java.nio.charset.StandardCharsets.UTF_8);\n        for (java.lang.String line : content) {\n            outputSingleLine(line);\n        }\n    }\n} catch (java.lang.Exception e) {\n    org.apache.tamaya.core.internal.AbstractBannerPrinter.log.log(java.util.logging.Level.FINE, \"Failed to output the banner of tamaya.\", e);\n}",
                "dst": "null",
                "src_parent_type": "Block",
                "dst_parent_type": "null",
                "src_parent": "{\n    try {\n        java.net.URL url \u003d org.apache.tamaya.ConfigurationProvider.class.getResource(\"/tamaya-banner.txt\");\n        if (url !\u003d null) {\n            java.nio.file.Path path \u003d java.nio.file.Paths.get(url.toURI());\n            java.util.List\u003cjava.lang.String\u003e content \u003d java.nio.file.Files.readAllLines(path, java.nio.charset.StandardCharsets.UTF_8);\n            for (java.lang.String line : content) {\n                outputSingleLine(line);\n            }\n        }\n    } catch (java.lang.Exception e) {\n        org.apache.tamaya.core.internal.AbstractBannerPrinter.log.log(java.util.logging.Level.FINE, \"Failed to output the banner of tamaya.\", e);\n    }\n}",
                "dst_parent": "null"
              },
              "line": 75,
              "file": "/home/khesoem/projects/lighter/exp/code/core/src/main/java/org/apache/tamaya/core/internal/BannerManager.java",
              "stats": {
                "number_of_src_entities": 161,
                "number_of_dst_entities": -1,
                "src_entity_types": "[java.nio.file.Path, java.nio.charset.StandardCharsets, java.lang.String, org.apache.tamaya.ConfigurationProvider, \u003cnulltype\u003e, java.util.logging.Logger, java.net.URL, java.lang.Exception, boolean, java.nio.file.Files, org.apache.tamaya.core.internal.AbstractBannerPrinter, java.nio.file.Paths, java.lang.Class, java.util.List\u003cjava.lang.String\u003e, java.util.logging.Level]",
                "dst_entity_types": "[]"
              }
            }
          ]
        }
      ]
    }
  ],
  "complete_analysis": true
}