{
  "instances": [
    {
      "revision": "b69f9c83d49bc23c85d3fed8a3e593aa510166c7",
      "repairability": [
        {
          "tool-name": "Cardumen",
          "pattern-name": "Cardumen:expression_replacement_by_del_ins",
          "Unified_Diff_of-files:": "Starts Below...",
          "DELETE:": "",
          "INSERT:": "        }",
          "CHANGE_old:": "            return new ColorConsoleAnnotator();",
          "CHANGE_new:": "            return new ColorConsoleAnnotator(Jenkins.get().getDescriptorByType(AnsiColorBuildWrapper.DescriptorImpl.class).getGlobalColorMapName());",
          "instance_detail": [
            {
              "pattern_action": "DEL",
              "pattern_entity": {
                "entity_type": "Expression",
                "entity_new value": "*",
                "entity_role": "*",
                "entity_parent": "null"
              },
              "concrete_change": {
                "operator": "DEL",
                "src_type": "VariableRead",
                "dst_type": "null",
                "src": "colorMapName",
                "dst": "null",
                "src_parent_type": "NewArray",
                "dst_parent_type": "null",
                "src_parent": "new java.lang.Object[]{ colorMapName, openTags }",
                "dst_parent": "null"
              },
              "line": 70,
              "file": "/home/khesoem/projects/lighter/exp/src/main/java/hudson/plugins/ansicolor/ColorConsoleAnnotator.java",
              "stats": {
                "number_of_src_entities": 4,
                "number_of_dst_entities": -1,
                "src_entity_types": "[java.lang.String]",
                "dst_entity_types": "[]"
              }
            },
            {
              "pattern_action": "INS",
              "pattern_entity": {
                "entity_type": "Expression",
                "entity_new value": "*",
                "entity_role": "*",
                "entity_parent": "null"
              },
              "concrete_change": {
                "operator": "INS",
                "src_type": "FieldRead",
                "dst_type": "null",
                "src": "colorMapName",
                "dst": "null",
                "src_parent_type": "NewArray",
                "dst_parent_type": "null",
                "src_parent": "new java.lang.Object[]{ colorMapName, openTags }",
                "dst_parent": "null"
              },
              "line": 70,
              "file": "/home/khesoem/projects/lighter/exp/src/main/java/hudson/plugins/ansicolor/ColorConsoleAnnotator.java",
              "stats": {
                "number_of_src_entities": 12,
                "number_of_dst_entities": -1,
                "src_entity_types": "[hudson.plugins.ansicolor.ColorConsoleAnnotator]",
                "dst_entity_types": "[]"
              }
            }
          ]
        },
        {
          "tool-name": "Cardumen",
          "pattern-name": "Cardumen:expression_replacement_by_del_ins",
          "Unified_Diff_of-files:": "Starts Below...",
          "DELETE:": "",
          "INSERT:": "        }",
          "CHANGE_old:": "            return new ColorConsoleAnnotator();",
          "CHANGE_new:": "            return new ColorConsoleAnnotator(Jenkins.get().getDescriptorByType(AnsiColorBuildWrapper.DescriptorImpl.class).getGlobalColorMapName());",
          "instance_detail": [
            {
              "pattern_action": "DEL",
              "pattern_entity": {
                "entity_type": "Expression",
                "entity_new value": "*",
                "entity_role": "*",
                "entity_parent": "null"
              },
              "concrete_change": {
                "operator": "DEL",
                "src_type": "VariableRead",
                "dst_type": "null",
                "src": "openTags",
                "dst": "null",
                "src_parent_type": "NewArray",
                "dst_parent_type": "null",
                "src_parent": "new java.lang.Object[]{ colorMapName, openTags }",
                "dst_parent": "null"
              },
              "line": 70,
              "file": "/home/khesoem/projects/lighter/exp/src/main/java/hudson/plugins/ansicolor/ColorConsoleAnnotator.java",
              "stats": {
                "number_of_src_entities": 6,
                "number_of_dst_entities": -1,
                "src_entity_types": "[hudson.plugins.ansicolor.AnsiAttributeElement, java.util.List\u003chudson.plugins.ansicolor.AnsiAttributeElement\u003e]",
                "dst_entity_types": "[]"
              }
            },
            {
              "pattern_action": "INS",
              "pattern_entity": {
                "entity_type": "Expression",
                "entity_new value": "*",
                "entity_role": "*",
                "entity_parent": "null"
              },
              "concrete_change": {
                "operator": "INS",
                "src_type": "FieldRead",
                "dst_type": "null",
                "src": "colorMapName",
                "dst": "null",
                "src_parent_type": "NewArray",
                "dst_parent_type": "null",
                "src_parent": "new java.lang.Object[]{ colorMapName, openTags }",
                "dst_parent": "null"
              },
              "line": 70,
              "file": "/home/khesoem/projects/lighter/exp/src/main/java/hudson/plugins/ansicolor/ColorConsoleAnnotator.java",
              "stats": {
                "number_of_src_entities": 12,
                "number_of_dst_entities": -1,
                "src_entity_types": "[hudson.plugins.ansicolor.ColorConsoleAnnotator]",
                "dst_entity_types": "[]"
              }
            }
          ]
        }
      ]
    }
  ],
  "complete_analysis": true
}