{
  "instances": [
    {
      "revision": "6397046dec8d75f7bddc163595252cab7ba94b18",
      "repairability": [
        {
          "tool-name": "JKali",
          "pattern-name": "JKali:del",
          "Unified_Diff_of-files:": "Starts Below...",
          "DELETE:": "  }",
          "CHANGE_old:": "",
          "CHANGE_new:": "      return null;",
          "instance_detail": [
            {
              "pattern_action": "DEL",
              "pattern_entity": {
                "entity_type": "*",
                "entity_new value": "*",
                "entity_role": "Statement",
                "entity_parent": "null"
              },
              "concrete_change": {
                "operator": "DEL",
                "src_type": "Wra",
                "dst_type": "null",
                "src": "final",
                "dst": "null",
                "src_parent_type": "LocalVariable",
                "dst_parent_type": "null",
                "src_parent": "final com.wrapper.spotify.PlaylistTrack returnedPlaylistTrack \u003d new com.wrapper.spotify.PlaylistTrack()",
                "dst_parent": "null"
              }
            }
          ]
        },
        {
          "tool-name": "JKali",
          "pattern-name": "JKali:del",
          "Unified_Diff_of-files:": "Starts Below...",
          "DELETE:": "  }",
          "CHANGE_old:": "",
          "CHANGE_new:": "      return null;",
          "instance_detail": [
            {
              "pattern_action": "DEL",
              "pattern_entity": {
                "entity_type": "*",
                "entity_new value": "*",
                "entity_role": "Statement",
                "entity_parent": "null"
              },
              "concrete_change": {
                "operator": "DEL",
                "src_type": "VirtualEle",
                "dst_type": "null",
                "src": "VE: Modifiers_LocalVariable",
                "dst": "null",
                "src_parent_type": "LocalVariable",
                "dst_parent_type": "null",
                "src_parent": "final com.wrapper.spotify.PlaylistTrack returnedPlaylistTrack \u003d new com.wrapper.spotify.PlaylistTrack()",
                "dst_parent": "null"
              }
            }
          ]
        },
        {
          "tool-name": "JKali",
          "pattern-name": "JKali:del",
          "Unified_Diff_of-files:": "Starts Below...",
          "DELETE:": "  }",
          "CHANGE_old:": "",
          "CHANGE_new:": "      return null;",
          "instance_detail": [
            {
              "pattern_action": "DEL",
              "pattern_entity": {
                "entity_type": "*",
                "entity_new value": "*",
                "entity_role": "Statement",
                "entity_parent": "null"
              },
              "concrete_change": {
                "operator": "DEL",
                "src_type": "LocalVariable",
                "dst_type": "null",
                "src": "final com.wrapper.spotify.PlaylistTrack returnedPlaylistTrack \u003d new com.wrapper.spotify.PlaylistTrack()",
                "dst": "null",
                "src_parent_type": "Block",
                "dst_parent_type": "null",
                "src_parent": "{\n    final com.wrapper.spotify.PlaylistTrack returnedPlaylistTrack \u003d new com.wrapper.spotify.PlaylistTrack();\n    try {\n        returnedPlaylistTrack.setAddedAt(com.wrapper.spotify.JsonUtil.createDate(playlistTrackJson.getString(\"added_at\")));\n    } catch (java.text.ParseException e) {\n        returnedPlaylistTrack.setAddedAt(null);\n    }\n    try {\n        returnedPlaylistTrack.setAddedBy(com.wrapper.spotify.JsonUtil.createUser(playlistTrackJson.getJSONObject(\"added_by\")));\n    } catch (net.sf.json.JSONException e) {\n        returnedPlaylistTrack.setAddedBy(null);\n    }\n    returnedPlaylistTrack.setTrack(com.wrapper.spotify.JsonUtil.createTrack(playlistTrackJson.getJSONObject(\"track\")));\n    return returnedPlaylistTrack;\n}",
                "dst_parent": "null"
              },
              "line": 441,
              "file": "/home/khesoem/projects/lighter/exp/src/main/java/com/wrapper/spotify/JsonUtil.java",
              "stats": {
                "number_of_src_entities": 9,
                "number_of_dst_entities": -1,
                "src_entity_types": "[com.wrapper.spotify.PlaylistTrack]",
                "dst_entity_types": "[]"
              }
            }
          ]
        },
        {
          "tool-name": "JKali",
          "pattern-name": "JKali:del",
          "Unified_Diff_of-files:": "Starts Below...",
          "DELETE:": "  }",
          "CHANGE_old:": "",
          "CHANGE_new:": "      return null;",
          "instance_detail": [
            {
              "pattern_action": "DEL",
              "pattern_entity": {
                "entity_type": "*",
                "entity_new value": "*",
                "entity_role": "Statement",
                "entity_parent": "null"
              },
              "concrete_change": {
                "operator": "DEL",
                "src_type": "Invocation",
                "dst_type": "null",
                "src": "returnedPlaylistTrack.setAddedAt(null)",
                "dst": "null",
                "src_parent_type": "Block",
                "dst_parent_type": "null",
                "src_parent": "{\n    returnedPlaylistTrack.setAddedAt(null);\n}",
                "dst_parent": "null"
              },
              "line": 445,
              "file": "/home/khesoem/projects/lighter/exp/src/main/java/com/wrapper/spotify/JsonUtil.java"
            }
          ]
        },
        {
          "tool-name": "JKali",
          "pattern-name": "JKali:del",
          "Unified_Diff_of-files:": "Starts Below...",
          "DELETE:": "  }",
          "CHANGE_old:": "",
          "CHANGE_new:": "      return null;",
          "instance_detail": [
            {
              "pattern_action": "DEL",
              "pattern_entity": {
                "entity_type": "*",
                "entity_new value": "*",
                "entity_role": "Statement",
                "entity_parent": "null"
              },
              "concrete_change": {
                "operator": "DEL",
                "src_type": "Try",
                "dst_type": "null",
                "src": "try {\n    returnedPlaylistTrack.setAddedAt(com.wrapper.spotify.JsonUtil.createDate(playlistTrackJson.getString(\"added_at\")));\n} catch (java.text.ParseException e) {\n    returnedPlaylistTrack.setAddedAt(null);\n}",
                "dst": "null",
                "src_parent_type": "Block",
                "dst_parent_type": "null",
                "src_parent": "{\n    final com.wrapper.spotify.PlaylistTrack returnedPlaylistTrack \u003d new com.wrapper.spotify.PlaylistTrack();\n    try {\n        returnedPlaylistTrack.setAddedAt(com.wrapper.spotify.JsonUtil.createDate(playlistTrackJson.getString(\"added_at\")));\n    } catch (java.text.ParseException e) {\n        returnedPlaylistTrack.setAddedAt(null);\n    }\n    try {\n        returnedPlaylistTrack.setAddedBy(com.wrapper.spotify.JsonUtil.createUser(playlistTrackJson.getJSONObject(\"added_by\")));\n    } catch (net.sf.json.JSONException e) {\n        returnedPlaylistTrack.setAddedBy(null);\n    }\n    returnedPlaylistTrack.setTrack(com.wrapper.spotify.JsonUtil.createTrack(playlistTrackJson.getJSONObject(\"track\")));\n    return returnedPlaylistTrack;\n}",
                "dst_parent": "null"
              },
              "line": 442,
              "file": "/home/khesoem/projects/lighter/exp/src/main/java/com/wrapper/spotify/JsonUtil.java",
              "stats": {
                "number_of_src_entities": 50,
                "number_of_dst_entities": -1,
                "src_entity_types": "[java.lang.String, com.wrapper.spotify.PlaylistTrack, java.text.ParseException, net.sf.json.JSONObject, \u003cnulltype\u003e, com.wrapper.spotify.JsonUtil]",
                "dst_entity_types": "[]"
              }
            }
          ]
        },
        {
          "tool-name": "JKali",
          "pattern-name": "JKali:del",
          "Unified_Diff_of-files:": "Starts Below...",
          "DELETE:": "  }",
          "CHANGE_old:": "",
          "CHANGE_new:": "      return null;",
          "instance_detail": [
            {
              "pattern_action": "DEL",
              "pattern_entity": {
                "entity_type": "*",
                "entity_new value": "*",
                "entity_role": "Statement",
                "entity_parent": "null"
              },
              "concrete_change": {
                "operator": "DEL",
                "src_type": "Invocation",
                "dst_type": "null",
                "src": "returnedPlaylistTrack.setAddedBy(com.wrapper.spotify.JsonUtil.createUser(playlistTrackJson.getJSONObject(\"added_by\")))",
                "dst": "null",
                "src_parent_type": "Block",
                "dst_parent_type": "null",
                "src_parent": "{\n    returnedPlaylistTrack.setAddedBy(com.wrapper.spotify.JsonUtil.createUser(playlistTrackJson.getJSONObject(\"added_by\")));\n}",
                "dst_parent": "null"
              },
              "line": 448,
              "file": "/home/khesoem/projects/lighter/exp/src/main/java/com/wrapper/spotify/JsonUtil.java",
              "stats": {
                "number_of_src_entities": 32,
                "number_of_dst_entities": -1,
                "src_entity_types": "[java.lang.String, com.wrapper.spotify.PlaylistTrack, net.sf.json.JSONObject, com.wrapper.spotify.JsonUtil]",
                "dst_entity_types": "[]"
              }
            }
          ]
        },
        {
          "tool-name": "JKali",
          "pattern-name": "JKali:del",
          "Unified_Diff_of-files:": "Starts Below...",
          "DELETE:": "  }",
          "CHANGE_old:": "",
          "CHANGE_new:": "      return null;",
          "instance_detail": [
            {
              "pattern_action": "DEL",
              "pattern_entity": {
                "entity_type": "*",
                "entity_new value": "*",
                "entity_role": "Statement",
                "entity_parent": "null"
              },
              "concrete_change": {
                "operator": "DEL",
                "src_type": "Invocation",
                "dst_type": "null",
                "src": "returnedPlaylistTrack.setAddedBy(null)",
                "dst": "null",
                "src_parent_type": "Block",
                "dst_parent_type": "null",
                "src_parent": "{\n    returnedPlaylistTrack.setAddedBy(null);\n}",
                "dst_parent": "null"
              },
              "line": 450,
              "file": "/home/khesoem/projects/lighter/exp/src/main/java/com/wrapper/spotify/JsonUtil.java",
              "stats": {
                "number_of_src_entities": 11,
                "number_of_dst_entities": -1,
                "src_entity_types": "[com.wrapper.spotify.PlaylistTrack, \u003cnulltype\u003e]",
                "dst_entity_types": "[]"
              }
            }
          ]
        },
        {
          "tool-name": "JKali",
          "pattern-name": "JKali:del",
          "Unified_Diff_of-files:": "Starts Below...",
          "DELETE:": "  }",
          "CHANGE_old:": "",
          "CHANGE_new:": "      return null;",
          "instance_detail": [
            {
              "pattern_action": "DEL",
              "pattern_entity": {
                "entity_type": "*",
                "entity_new value": "*",
                "entity_role": "Statement",
                "entity_parent": "null"
              },
              "concrete_change": {
                "operator": "DEL",
                "src_type": "Invocation",
                "dst_type": "null",
                "src": "returnedPlaylistTrack.setTrack(com.wrapper.spotify.JsonUtil.createTrack(playlistTrackJson.getJSONObject(\"track\")))",
                "dst": "null",
                "src_parent_type": "Block",
                "dst_parent_type": "null",
                "src_parent": "{\n    final com.wrapper.spotify.PlaylistTrack returnedPlaylistTrack \u003d new com.wrapper.spotify.PlaylistTrack();\n    try {\n        returnedPlaylistTrack.setAddedAt(com.wrapper.spotify.JsonUtil.createDate(playlistTrackJson.getString(\"added_at\")));\n    } catch (java.text.ParseException e) {\n        returnedPlaylistTrack.setAddedAt(null);\n    }\n    try {\n        returnedPlaylistTrack.setAddedBy(com.wrapper.spotify.JsonUtil.createUser(playlistTrackJson.getJSONObject(\"added_by\")));\n    } catch (net.sf.json.JSONException e) {\n        returnedPlaylistTrack.setAddedBy(null);\n    }\n    returnedPlaylistTrack.setTrack(com.wrapper.spotify.JsonUtil.createTrack(playlistTrackJson.getJSONObject(\"track\")));\n    return returnedPlaylistTrack;\n}",
                "dst_parent": "null"
              },
              "line": 452,
              "file": "/home/khesoem/projects/lighter/exp/src/main/java/com/wrapper/spotify/JsonUtil.java",
              "stats": {
                "number_of_src_entities": 32,
                "number_of_dst_entities": -1,
                "src_entity_types": "[java.lang.String, com.wrapper.spotify.PlaylistTrack, net.sf.json.JSONObject, com.wrapper.spotify.JsonUtil]",
                "dst_entity_types": "[]"
              }
            }
          ]
        },
        {
          "tool-name": "JKali",
          "pattern-name": "JKali:del",
          "Unified_Diff_of-files:": "Starts Below...",
          "DELETE:": "  }",
          "CHANGE_old:": "",
          "CHANGE_new:": "      return null;",
          "instance_detail": [
            {
              "pattern_action": "DEL",
              "pattern_entity": {
                "entity_type": "*",
                "entity_new value": "*",
                "entity_role": "Statement",
                "entity_parent": "null"
              },
              "concrete_change": {
                "operator": "DEL",
                "src_type": "Return",
                "dst_type": "null",
                "src": "return returnedPlaylistTrack",
                "dst": "null",
                "src_parent_type": "Block",
                "dst_parent_type": "null",
                "src_parent": "{\n    final com.wrapper.spotify.PlaylistTrack returnedPlaylistTrack \u003d new com.wrapper.spotify.PlaylistTrack();\n    try {\n        returnedPlaylistTrack.setAddedAt(com.wrapper.spotify.JsonUtil.createDate(playlistTrackJson.getString(\"added_at\")));\n    } catch (java.text.ParseException e) {\n        returnedPlaylistTrack.setAddedAt(null);\n    }\n    try {\n        returnedPlaylistTrack.setAddedBy(com.wrapper.spotify.JsonUtil.createUser(playlistTrackJson.getJSONObject(\"added_by\")));\n    } catch (net.sf.json.JSONException e) {\n        returnedPlaylistTrack.setAddedBy(null);\n    }\n    returnedPlaylistTrack.setTrack(com.wrapper.spotify.JsonUtil.createTrack(playlistTrackJson.getJSONObject(\"track\")));\n    return returnedPlaylistTrack;\n}",
                "dst_parent": "null"
              },
              "line": 453,
              "file": "/home/khesoem/projects/lighter/exp/src/main/java/com/wrapper/spotify/JsonUtil.java",
              "stats": {
                "number_of_src_entities": 5,
                "number_of_dst_entities": -1,
                "src_entity_types": "[com.wrapper.spotify.PlaylistTrack]",
                "dst_entity_types": "[]"
              }
            }
          ]
        },
        {
          "tool-name": "JKali",
          "pattern-name": "JKali:add_rtrn",
          "Unified_Diff_of-files:": "Starts Below...",
          "DELETE:": "  }",
          "CHANGE_old:": "",
          "CHANGE_new:": "      return null;",
          "instance_detail": [
            {
              "pattern_action": "INS",
              "pattern_entity": {
                "entity_type": "Return",
                "entity_new value": "*",
                "entity_role": "Statement",
                "entity_parent": "null"
              },
              "concrete_change": {
                "operator": "INS",
                "src_type": "Return",
                "dst_type": "null",
                "src": "return new com.wrapper.spotify.PlaylistTrack.Builder().setAddedAt(com.wrapper.spotify.JsonUtil.createDate(playlistTrackJson.getString(\"added_at\"))).setAddedBy(com.wrapper.spotify.JsonUtil.createUser(playlistTrackJson.getJSONObject(\"added_by\"))).setTrack(com.wrapper.spotify.JsonUtil.createTrack(playlistTrackJson.getJSONObject(\"track\"))).build()",
                "dst": "null",
                "src_parent_type": "Block",
                "dst_parent_type": "null",
                "src_parent": "{\n    return new com.wrapper.spotify.PlaylistTrack.Builder().setAddedAt(com.wrapper.spotify.JsonUtil.createDate(playlistTrackJson.getString(\"added_at\"))).setAddedBy(com.wrapper.spotify.JsonUtil.createUser(playlistTrackJson.getJSONObject(\"added_by\"))).setTrack(com.wrapper.spotify.JsonUtil.createTrack(playlistTrackJson.getJSONObject(\"track\"))).build();\n}",
                "dst_parent": "null"
              },
              "line": 442,
              "file": "/home/khesoem/projects/lighter/exp/src/main/java/com/wrapper/spotify/JsonUtil.java",
              "stats": {
                "number_of_src_entities": 95,
                "number_of_dst_entities": -1,
                "src_entity_types": "[com.wrapper.spotify.PlaylistTrack.Builder, PlaylistTrack.Builder, java.lang.String, com.wrapper.spotify.PlaylistTrack, net.sf.json.JSONObject, com.wrapper.spotify.JsonUtil]",
                "dst_entity_types": "[]"
              }
            }
          ]
        },
        {
          "tool-name": "JKali",
          "pattern-name": "JKali:add_rtrn",
          "Unified_Diff_of-files:": "Starts Below...",
          "DELETE:": "  }",
          "CHANGE_old:": "",
          "CHANGE_new:": "      return null;",
          "instance_detail": [
            {
              "pattern_action": "INS",
              "pattern_entity": {
                "entity_type": "Return",
                "entity_new value": "*",
                "entity_role": "Statement",
                "entity_parent": "null"
              },
              "concrete_change": {
                "operator": "INS",
                "src_type": "Return",
                "dst_type": "null",
                "src": "return null",
                "dst": "null",
                "src_parent_type": "Block",
                "dst_parent_type": "null",
                "src_parent": "{\n    e.printStackTrace();\n    return null;\n}",
                "dst_parent": "null"
              },
              "line": 449,
              "file": "/home/khesoem/projects/lighter/exp/src/main/java/com/wrapper/spotify/JsonUtil.java",
              "stats": {
                "number_of_src_entities": 3,
                "number_of_dst_entities": -1,
                "src_entity_types": "[\u003cnulltype\u003e]",
                "dst_entity_types": "[]"
              }
            }
          ]
        }
      ]
    }
  ],
  "complete_analysis": true
}