{
  "instances": [
    {
      "revision": "7d18cb302934d9bf7de318cd7be97f89b8c7f01d",
      "repairability": [
        {
          "tool-name": "JKali",
          "pattern-name": "JKali:add_rtrn",
          "Unified_Diff_of-files:": "Starts Below...",
          "CHANGE_old:": "  public void setType(SpotifyEntityType type) {",
          "CHANGE_new:": "  public void setType(ObjectType type) {",
          "instance_detail": [
            {
              "pattern_action": "INS",
              "pattern_entity": {
                "entity_type": "Return",
                "entity_new value": "*",
                "entity_role": "Statement",
                "entity_parent": "null"
              },
              "concrete_change": {
                "operator": "INS",
                "src_type": "Return",
                "dst_type": "null",
                "src": "return albumType",
                "dst": "null",
                "src_parent_type": "Block",
                "dst_parent_type": "null",
                "src_parent": "{\n    return albumType;\n}",
                "dst_parent": "null"
              },
              "line": 21,
              "file": "/home/khesoem/projects/lighter/exp/src/main/java/com/wrapper/spotify/models/AlbumSimplified.java"
            }
          ]
        }
      ]
    }
  ],
  "complete_analysis": true
}