{
  "instances": [
    {
      "revision": "5dec701c1406a1836a43905da871ddd4add53a34",
      "repairability": [
        {
          "tool-name": "JKali",
          "pattern-name": "JKali:add_rtrn",
          "Unified_Diff_of-files:": "Starts Below...",
          "INSERT:": "}",
          "instance_detail": [
            {
              "pattern_action": "INS",
              "pattern_entity": {
                "entity_type": "Return",
                "entity_new value": "*",
                "entity_role": "Statement",
                "entity_parent": "null"
              },
              "concrete_change": {
                "operator": "INS",
                "src_type": "Return",
                "dst_type": "null",
                "src": "return builder",
                "dst": "null",
                "src_parent_type": "Block",
                "dst_parent_type": "null",
                "src_parent": "{\n    final com.wrapper.spotify.RemoveTrackFromPlaylistRequest.Builder builder \u003d com.wrapper.spotify.RemoveTrackFromPlaylistRequest.builder();\n    setDefaults(builder);\n    builder.tracks(trackUris);\n    builder.path(((((\"/v1/users/\" + userId) + \"/playlists/\") + playlistId) + \"/tracks\"));\n    return builder;\n}",
                "dst_parent": "null"
              },
              "line": 381,
              "file": "/home/khesoem/projects/lighter/exp/src/main/java/com/wrapper/spotify/Api.java"
            }
          ]
        }
      ]
    }
  ],
  "complete_analysis": true
}