{
  "instances": [
    {
      "revision": "794f5db3e4353b2dce21dd21afcd4cee749200ae",
      "repairability": [
        {
          "tool-name": "Elixir",
          "pattern-name": "Elixir:update_type_ref",
          "Unified_Diff_of-files:": "Starts Below...",
          "INSERT:": "}",
          "instance_detail": [
            {
              "pattern_action": "UPD",
              "pattern_entity": {
                "entity_type": "TypeReference",
                "entity_new value": "*",
                "entity_role": "*",
                "entity_parent": "null"
              },
              "concrete_change": {
                "operator": "UPD",
                "src_type": "TypeReference",
                "dst_type": "TypeReference",
                "src": "dk.alexandra.fresco.framework.network.serializers.ByteSerializer\u003cT\u003e",
                "dst": "dk.alexandra.fresco.suite.marlin.datatypes.BigUIntFactory\u003cT\u003e",
                "src_parent_type": "ParameterReference",
                "dst_parent_type": "Parameter",
                "src_parent": "serializer",
                "dst_parent": "dk.alexandra.fresco.suite.marlin.datatypes.BigUIntFactory\u003cT\u003e factory"
              },
              "line": 72,
              "file": "/home/khesoem/projects/lighter/exp/suite/marlin/src/main/java/dk/alexandra/fresco/suite/marlin/gates/MarlinMultiplyProtocol.java",
              "stats": {
                "number_of_src_entities": 3,
                "number_of_dst_entities": 3,
                "src_entity_types": "[dk.alexandra.fresco.framework.network.serializers.ByteSerializer\u003cT\u003e]",
                "dst_entity_types": "[dk.alexandra.fresco.suite.marlin.datatypes.BigUIntFactory\u003cT\u003e]"
              }
            }
          ]
        },
        {
          "tool-name": "Elixir",
          "pattern-name": "Elixir:update_invocation",
          "Unified_Diff_of-files:": "Starts Below...",
          "INSERT:": "}",
          "instance_detail": [
            {
              "pattern_action": "UPD",
              "pattern_entity": {
                "entity_type": "AbstractInvocation",
                "entity_new value": "*",
                "entity_role": "*",
                "entity_parent": "null"
              },
              "concrete_change": {
                "operator": "UPD",
                "src_type": "Invocation",
                "dst_type": "Invocation",
                "src": "rawSerializer.serialize(epsilon.getShare())",
                "dst": "epsilon.getShare().getLow()",
                "src_parent_type": "Invocation",
                "dst_parent_type": "Invocation",
                "src_parent": "network.sendToAll(rawSerializer.serialize(epsilon.getShare()))",
                "dst_parent": "dk.alexandra.fresco.framework.util.ByteAndBitConverter.toByteArray(epsilon.getShare().getLow())"
              },
              "line": 42,
              "file": "/home/khesoem/projects/lighter/exp/suite/marlin/src/main/java/dk/alexandra/fresco/suite/marlin/gates/MarlinMultiplyProtocol.java",
              "stats": {
                "number_of_src_entities": 28,
                "number_of_dst_entities": 20,
                "src_entity_types": "[dk.alexandra.fresco.framework.network.serializers.ByteSerializer\u003cT\u003e, dk.alexandra.fresco.suite.marlin.datatypes.MarlinSInt\u003cT\u003e, dk.alexandra.fresco.suite.marlin.gates.MarlinMultiplyProtocol]",
                "dst_entity_types": "[dk.alexandra.fresco.suite.marlin.datatypes.MarlinSInt\u003cT\u003e, dk.alexandra.fresco.suite.marlin.gates.MarlinMultiplyProtocol]"
              }
            }
          ]
        },
        {
          "tool-name": "Elixir",
          "pattern-name": "Elixir:update_invocation",
          "Unified_Diff_of-files:": "Starts Below...",
          "INSERT:": "}",
          "instance_detail": [
            {
              "pattern_action": "UPD",
              "pattern_entity": {
                "entity_type": "AbstractInvocation",
                "entity_new value": "*",
                "entity_role": "*",
                "entity_parent": "null"
              },
              "concrete_change": {
                "operator": "UPD",
                "src_type": "Invocation",
                "dst_type": "Invocation",
                "src": "rawSerializer.serialize(delta.getShare())",
                "dst": "delta.getShare().getLow()",
                "src_parent_type": "Invocation",
                "dst_parent_type": "Invocation",
                "src_parent": "network.sendToAll(rawSerializer.serialize(delta.getShare()))",
                "dst_parent": "dk.alexandra.fresco.framework.util.ByteAndBitConverter.toByteArray(delta.getShare().getLow())"
              },
              "line": 43,
              "file": "/home/khesoem/projects/lighter/exp/suite/marlin/src/main/java/dk/alexandra/fresco/suite/marlin/gates/MarlinMultiplyProtocol.java",
              "stats": {
                "number_of_src_entities": 28,
                "number_of_dst_entities": 20,
                "src_entity_types": "[dk.alexandra.fresco.framework.network.serializers.ByteSerializer\u003cT\u003e, dk.alexandra.fresco.suite.marlin.datatypes.MarlinSInt\u003cT\u003e, dk.alexandra.fresco.suite.marlin.gates.MarlinMultiplyProtocol]",
                "dst_entity_types": "[dk.alexandra.fresco.suite.marlin.datatypes.MarlinSInt\u003cT\u003e, dk.alexandra.fresco.suite.marlin.gates.MarlinMultiplyProtocol]"
              }
            }
          ]
        },
        {
          "tool-name": "Elixir",
          "pattern-name": "Elixir:update_invocation_deep",
          "Unified_Diff_of-files:": "Starts Below...",
          "INSERT:": "}",
          "instance_detail": [
            {
              "pattern_action": "ANY",
              "pattern_entity": {
                "entity_type": "*",
                "entity_new value": "*",
                "entity_role": "*",
                "entity_parent": {
                  "entity_type": "AbstractInvocation",
                  "entity_new value": "*",
                  "entity_role": "*",
                  "entity_parent": "null"
                }
              },
              "concrete_change": {
                "operator": "DEL",
                "src_type": "VariableRead",
                "dst_type": "null",
                "src": "rawSerializer",
                "dst": "null",
                "src_parent_type": "Invocation",
                "dst_parent_type": "null",
                "src_parent": "rawSerializer.serialize(epsilon.getShare())",
                "dst_parent": "null"
              },
              "line": 42,
              "file": "/home/khesoem/projects/lighter/exp/suite/marlin/src/main/java/dk/alexandra/fresco/suite/marlin/gates/MarlinMultiplyProtocol.java"
            }
          ]
        },
        {
          "tool-name": "Elixir",
          "pattern-name": "Elixir:update_invocation_deep",
          "Unified_Diff_of-files:": "Starts Below...",
          "INSERT:": "}",
          "instance_detail": [
            {
              "pattern_action": "ANY",
              "pattern_entity": {
                "entity_type": "*",
                "entity_new value": "*",
                "entity_role": "*",
                "entity_parent": {
                  "entity_type": "AbstractInvocation",
                  "entity_new value": "*",
                  "entity_role": "*",
                  "entity_parent": "null"
                }
              },
              "concrete_change": {
                "operator": "DEL",
                "src_type": "VariableRead",
                "dst_type": "null",
                "src": "rawSerializer",
                "dst": "null",
                "src_parent_type": "Invocation",
                "dst_parent_type": "null",
                "src_parent": "rawSerializer.serialize(delta.getShare())",
                "dst_parent": "null"
              },
              "line": 43,
              "file": "/home/khesoem/projects/lighter/exp/suite/marlin/src/main/java/dk/alexandra/fresco/suite/marlin/gates/MarlinMultiplyProtocol.java"
            }
          ]
        }
      ]
    },
    {
      "revision": "794f5db3e4353b2dce21dd21afcd4cee749200ae",
      "repairability": [
        {
          "tool-name": "Elixir",
          "pattern-name": "Elixir:update_type_ref",
          "Unified_Diff_of-files:": "Starts Below...",
          "INSERT:": "}",
          "instance_detail": [
            {
              "pattern_action": "UPD",
              "pattern_entity": {
                "entity_type": "TypeReference",
                "entity_new value": "*",
                "entity_role": "*",
                "entity_parent": "null"
              },
              "concrete_change": {
                "operator": "UPD",
                "src_type": "TypeReference",
                "dst_type": "TypeReference",
                "src": "int",
                "dst": "boolean",
                "src_parent_type": "LocalVariable",
                "dst_parent_type": "LocalVariable",
                "src_parent": "int i \u003d 0",
                "dst_parent": "boolean niceBit"
              },
              "line": 66,
              "file": "/home/khesoem/projects/lighter/exp/core/src/main/java/dk/alexandra/fresco/framework/util/ByteAndBitConverter.java",
              "stats": {
                "number_of_src_entities": 1,
                "number_of_dst_entities": 1,
                "src_entity_types": "[int]",
                "dst_entity_types": "[boolean]"
              }
            }
          ]
        }
      ]
    }
  ],
  "complete_analysis": true
}