{
  "instances": [
    {
      "revision": "b7d1b27911639c31961cda4b57c1125625b6c153",
      "repairability": [
        {
          "tool-name": "Elixir",
          "pattern-name": "Elixir:update_invocation_deep",
          "Unified_Diff_of-files:": "Starts Below...",
          "CHANGE_old:": "      DRes\u0026lt;List\u0026lt;DRes\u0026lt;SInt\u0026gt;\u0026gt;\u0026gt; right) {",
          "CHANGE_new:": "",
          "instance_detail": [
            {
              "pattern_action": "ANY",
              "pattern_entity": {
                "entity_type": "*",
                "entity_new value": "*",
                "entity_role": "*",
                "entity_parent": {
                  "entity_type": "AbstractInvocation",
                  "entity_new value": "*",
                  "entity_role": "*",
                  "entity_parent": "null"
                }
              },
              "concrete_change": {
                "operator": "DEL",
                "src_type": "ThisAccess",
                "dst_type": "null",
                "src": "this",
                "dst": "null",
                "src_parent_type": "ConstructorCall",
                "dst_parent_type": "null",
                "src_parent": "new dk.alexandra.fresco.framework.builder.numeric.DefaultCollections(this, builder)",
                "dst_parent": "null"
              },
              "line": 48,
              "file": "/home/khesoem/projects/lighter/exp/core/src/main/java/dk/alexandra/fresco/framework/builder/numeric/BuilderFactoryNumeric.java",
              "stats": {
                "number_of_src_entities": 6,
                "number_of_dst_entities": -1,
                "src_entity_types": "[dk.alexandra.fresco.framework.builder.numeric.BuilderFactoryNumeric]",
                "dst_entity_types": "[]"
              }
            }
          ]
        }
      ]
    },
    {
      "revision": "b7d1b27911639c31961cda4b57c1125625b6c153",
      "repairability": [
        {
          "tool-name": "Elixir",
          "pattern-name": "Elixir:update_return_deep",
          "Unified_Diff_of-files:": "Starts Below...",
          "CHANGE_old:": "      DRes\u0026lt;List\u0026lt;DRes\u0026lt;SInt\u0026gt;\u0026gt;\u0026gt; right) {",
          "CHANGE_new:": "",
          "instance_detail": [
            {
              "pattern_action": "ANY",
              "pattern_entity": {
                "entity_type": "*",
                "entity_new value": "*",
                "entity_role": "*",
                "entity_parent": {
                  "entity_type": "Return",
                  "entity_new value": "*",
                  "entity_role": "*",
                  "entity_parent": "null"
                }
              },
              "concrete_change": {
                "operator": "UPD",
                "src_type": "ConstructorCall",
                "dst_type": "ConstructorCall",
                "src": "new dk.alexandra.fresco.lib.collections.io.OpenList(closedList)",
                "dst": "new dk.alexandra.fresco.lib.collections.io.OpenList(closedList)",
                "src_parent_type": "Invocation",
                "dst_parent_type": "Invocation",
                "src_parent": "builder.par(new dk.alexandra.fresco.lib.collections.io.OpenList(closedList))",
                "dst_parent": "builder.par(new dk.alexandra.fresco.lib.collections.io.OpenList(closedList))"
              },
              "line": 55,
              "file": "/home/khesoem/projects/lighter/exp/core/src/main/java/dk/alexandra/fresco/framework/builder/numeric/DefaultCollections.java",
              "stats": {
                "number_of_src_entities": 16,
                "number_of_dst_entities": 13,
                "src_entity_types": "[java.lang.Object, java.util.List\u003cdk.alexandra.fresco.framework.DRes\u003cdk.alexandra.fresco.framework.value.SInt\u003e\u003e, dk.alexandra.fresco.framework.value.SInt, dk.alexandra.fresco.framework.DRes\u003cjava.util.List\u003cdk.alexandra.fresco.framework.DRes\u003cdk.alexandra.fresco.framework.value.SInt\u003e\u003e\u003e, dk.alexandra.fresco.framework.DRes\u003cdk.alexandra.fresco.framework.value.SInt\u003e]",
                "dst_entity_types": "[dk.alexandra.fresco.framework.builder.numeric.OpenList\u003c\u003e, java.util.List\u003cT\u003e, dk.alexandra.fresco.framework.DRes\u003cjava.util.List\u003cT\u003e\u003e]"
              }
            }
          ]
        },
        {
          "tool-name": "Elixir",
          "pattern-name": "Elixir:update_return_deep",
          "Unified_Diff_of-files:": "Starts Below...",
          "CHANGE_old:": "      DRes\u0026lt;List\u0026lt;DRes\u0026lt;SInt\u0026gt;\u0026gt;\u0026gt; right) {",
          "CHANGE_new:": "",
          "instance_detail": [
            {
              "pattern_action": "ANY",
              "pattern_entity": {
                "entity_type": "*",
                "entity_new value": "*",
                "entity_role": "*",
                "entity_parent": {
                  "entity_type": "Return",
                  "entity_new value": "*",
                  "entity_role": "*",
                  "entity_parent": "null"
                }
              },
              "concrete_change": {
                "operator": "UPD",
                "src_type": "ConstructorCall",
                "dst_type": "ConstructorCall",
                "src": "new dk.alexandra.fresco.lib.collections.io.OpenMatrix(closedMatrix)",
                "dst": "new dk.alexandra.fresco.lib.collections.io.OpenMatrix(closedMatrix)",
                "src_parent_type": "Invocation",
                "dst_parent_type": "Invocation",
                "src_parent": "builder.par(new dk.alexandra.fresco.lib.collections.io.OpenMatrix(closedMatrix))",
                "dst_parent": "builder.par(new dk.alexandra.fresco.lib.collections.io.OpenMatrix(closedMatrix))"
              },
              "line": 70,
              "file": "/home/khesoem/projects/lighter/exp/core/src/main/java/dk/alexandra/fresco/framework/builder/numeric/DefaultCollections.java",
              "stats": {
                "number_of_src_entities": 16,
                "number_of_dst_entities": 13,
                "src_entity_types": "[dk.alexandra.fresco.lib.collections.Matrix\u003cdk.alexandra.fresco.framework.DRes\u003cdk.alexandra.fresco.framework.value.SInt\u003e\u003e, java.lang.Object, dk.alexandra.fresco.framework.value.SInt, dk.alexandra.fresco.framework.DRes\u003cdk.alexandra.fresco.lib.collections.Matrix\u003cdk.alexandra.fresco.framework.DRes\u003cdk.alexandra.fresco.framework.value.SInt\u003e\u003e\u003e, dk.alexandra.fresco.framework.DRes\u003cdk.alexandra.fresco.framework.value.SInt\u003e]",
                "dst_entity_types": "[dk.alexandra.fresco.lib.collections.Matrix\u003cT\u003e, dk.alexandra.fresco.framework.builder.numeric.OpenMatrix\u003c\u003e, dk.alexandra.fresco.framework.DRes\u003cdk.alexandra.fresco.lib.collections.Matrix\u003cT\u003e\u003e]"
              }
            }
          ]
        },
        {
          "tool-name": "Elixir",
          "pattern-name": "Elixir:update_return_deep",
          "Unified_Diff_of-files:": "Starts Below...",
          "CHANGE_old:": "      DRes\u0026lt;List\u0026lt;DRes\u0026lt;SInt\u0026gt;\u0026gt;\u0026gt; right) {",
          "CHANGE_new:": "",
          "instance_detail": [
            {
              "pattern_action": "ANY",
              "pattern_entity": {
                "entity_type": "*",
                "entity_new value": "*",
                "entity_role": "*",
                "entity_parent": {
                  "entity_type": "Return",
                  "entity_new value": "*",
                  "entity_role": "*",
                  "entity_parent": "null"
                }
              },
              "concrete_change": {
                "operator": "UPD",
                "src_type": "ConstructorCall",
                "dst_type": "ConstructorCall",
                "src": "new dk.alexandra.fresco.lib.conditional.ConditionalSelectRow(condition, left, right)",
                "dst": "new dk.alexandra.fresco.lib.conditional.ConditionalSelectRow(condition, left, right)",
                "src_parent_type": "Invocation",
                "dst_parent_type": "Invocation",
                "src_parent": "builder.par(new dk.alexandra.fresco.lib.conditional.ConditionalSelectRow(condition, left, right))",
                "dst_parent": "builder.par(new dk.alexandra.fresco.lib.conditional.ConditionalSelectRow(condition, left, right))"
              },
              "line": 76,
              "file": "/home/khesoem/projects/lighter/exp/core/src/main/java/dk/alexandra/fresco/framework/builder/numeric/DefaultCollections.java",
              "stats": {
                "number_of_src_entities": 32,
                "number_of_dst_entities": 26,
                "src_entity_types": "[java.lang.Object, dk.alexandra.fresco.framework.value.SInt, java.util.List\u003cdk.alexandra.fresco.framework.DRes\u003cdk.alexandra.fresco.framework.value.SInt\u003e\u003e, dk.alexandra.fresco.framework.DRes\u003cdk.alexandra.fresco.framework.value.SInt\u003e, dk.alexandra.fresco.framework.DRes\u003cjava.util.List\u003cdk.alexandra.fresco.framework.DRes\u003cdk.alexandra.fresco.framework.value.SInt\u003e\u003e\u003e]",
                "dst_entity_types": "[dk.alexandra.fresco.framework.builder.numeric.ConditionalSelectRow\u003c\u003e, dk.alexandra.fresco.framework.value.SInt, java.util.List\u003cT\u003e, dk.alexandra.fresco.framework.DRes\u003cdk.alexandra.fresco.framework.value.SInt\u003e, dk.alexandra.fresco.framework.DRes\u003cjava.util.List\u003cT\u003e\u003e]"
              }
            }
          ]
        },
        {
          "tool-name": "Elixir",
          "pattern-name": "Elixir:update_return_deep",
          "Unified_Diff_of-files:": "Starts Below...",
          "CHANGE_old:": "      DRes\u0026lt;List\u0026lt;DRes\u0026lt;SInt\u0026gt;\u0026gt;\u0026gt; right) {",
          "CHANGE_new:": "",
          "instance_detail": [
            {
              "pattern_action": "ANY",
              "pattern_entity": {
                "entity_type": "*",
                "entity_new value": "*",
                "entity_role": "*",
                "entity_parent": {
                  "entity_type": "Return",
                  "entity_new value": "*",
                  "entity_role": "*",
                  "entity_parent": "null"
                }
              },
              "concrete_change": {
                "operator": "UPD",
                "src_type": "ConstructorCall",
                "dst_type": "ConstructorCall",
                "src": "new dk.alexandra.fresco.lib.conditional.SwapRowsIf(condition, left, right)",
                "dst": "new dk.alexandra.fresco.lib.conditional.SwapRowsIf(condition, left, right)",
                "src_parent_type": "Invocation",
                "dst_parent_type": "Invocation",
                "src_parent": "builder.par(new dk.alexandra.fresco.lib.conditional.SwapRowsIf(condition, left, right))",
                "dst_parent": "builder.par(new dk.alexandra.fresco.lib.conditional.SwapRowsIf(condition, left, right))"
              },
              "line": 82,
              "file": "/home/khesoem/projects/lighter/exp/core/src/main/java/dk/alexandra/fresco/framework/builder/numeric/DefaultCollections.java",
              "stats": {
                "number_of_src_entities": 32,
                "number_of_dst_entities": 26,
                "src_entity_types": "[java.lang.Object, dk.alexandra.fresco.framework.value.SInt, java.util.List\u003cdk.alexandra.fresco.framework.DRes\u003cdk.alexandra.fresco.framework.value.SInt\u003e\u003e, dk.alexandra.fresco.framework.DRes\u003cdk.alexandra.fresco.framework.value.SInt\u003e, dk.alexandra.fresco.framework.DRes\u003cjava.util.List\u003cdk.alexandra.fresco.framework.DRes\u003cdk.alexandra.fresco.framework.value.SInt\u003e\u003e\u003e]",
                "dst_entity_types": "[dk.alexandra.fresco.framework.builder.numeric.SwapRowsIf\u003c\u003e, dk.alexandra.fresco.framework.value.SInt, java.util.List\u003cT\u003e, dk.alexandra.fresco.framework.DRes\u003cdk.alexandra.fresco.framework.value.SInt\u003e, dk.alexandra.fresco.framework.DRes\u003cjava.util.List\u003cT\u003e\u003e]"
              }
            }
          ]
        },
        {
          "tool-name": "Elixir",
          "pattern-name": "Elixir:update_return_deep",
          "Unified_Diff_of-files:": "Starts Below...",
          "CHANGE_old:": "      DRes\u0026lt;List\u0026lt;DRes\u0026lt;SInt\u0026gt;\u0026gt;\u0026gt; right) {",
          "CHANGE_new:": "",
          "instance_detail": [
            {
              "pattern_action": "ANY",
              "pattern_entity": {
                "entity_type": "*",
                "entity_new value": "*",
                "entity_role": "*",
                "entity_parent": {
                  "entity_type": "Return",
                  "entity_new value": "*",
                  "entity_role": "*",
                  "entity_parent": "null"
                }
              },
              "concrete_change": {
                "operator": "UPD",
                "src_type": "ConstructorCall",
                "dst_type": "ConstructorCall",
                "src": "new dk.alexandra.fresco.lib.conditional.SwapNeighborsIf(conditions, rows)",
                "dst": "new dk.alexandra.fresco.lib.conditional.SwapNeighborsIf(conditions, rows)",
                "src_parent_type": "Invocation",
                "dst_parent_type": "Invocation",
                "src_parent": "builder.par(new dk.alexandra.fresco.lib.conditional.SwapNeighborsIf(conditions, rows))",
                "dst_parent": "builder.par(new dk.alexandra.fresco.lib.conditional.SwapNeighborsIf(conditions, rows))"
              },
              "line": 88,
              "file": "/home/khesoem/projects/lighter/exp/core/src/main/java/dk/alexandra/fresco/framework/builder/numeric/DefaultCollections.java",
              "stats": {
                "number_of_src_entities": 26,
                "number_of_dst_entities": 20,
                "src_entity_types": "[dk.alexandra.fresco.lib.collections.Matrix\u003cdk.alexandra.fresco.framework.DRes\u003cdk.alexandra.fresco.framework.value.SInt\u003e\u003e, java.lang.Object, java.util.List\u003cdk.alexandra.fresco.framework.DRes\u003cdk.alexandra.fresco.framework.value.SInt\u003e\u003e, dk.alexandra.fresco.framework.value.SInt, dk.alexandra.fresco.framework.DRes\u003cjava.util.List\u003cdk.alexandra.fresco.framework.DRes\u003cdk.alexandra.fresco.framework.value.SInt\u003e\u003e\u003e, dk.alexandra.fresco.framework.DRes\u003cdk.alexandra.fresco.framework.value.SInt\u003e, dk.alexandra.fresco.framework.DRes\u003cdk.alexandra.fresco.lib.collections.Matrix\u003cdk.alexandra.fresco.framework.DRes\u003cdk.alexandra.fresco.framework.value.SInt\u003e\u003e\u003e]",
                "dst_entity_types": "[dk.alexandra.fresco.lib.collections.Matrix\u003cT\u003e, dk.alexandra.fresco.framework.builder.numeric.SwapNeighborsIf\u003c\u003e, java.util.List\u003cT\u003e, dk.alexandra.fresco.framework.DRes\u003cjava.util.List\u003cT\u003e\u003e, dk.alexandra.fresco.framework.DRes\u003cdk.alexandra.fresco.lib.collections.Matrix\u003cT\u003e\u003e]"
              }
            }
          ]
        }
      ]
    }
  ],
  "complete_analysis": true
}