{
  "instances": [
    {
      "revision": "16b4755dcb1d7c0e310cd22a95bf5167b6e45288",
      "repairability": [
        {
          "tool-name": "Elixir",
          "pattern-name": "Elixir:update_invocation_deep",
          "Unified_Diff_of-files:": "Starts Below...",
          "INSERT:": "        // TODO maybe better to run broadcast directly to byte array received from network",
          "instance_detail": [
            {
              "pattern_action": "ANY",
              "pattern_entity": {
                "entity_type": "*",
                "entity_new value": "*",
                "entity_role": "*",
                "entity_parent": {
                  "entity_type": "AbstractInvocation",
                  "entity_new value": "*",
                  "entity_role": "*",
                  "entity_parent": "null"
                }
              },
              "concrete_change": {
                "operator": "INS",
                "src_type": "LocalVariable",
                "dst_type": "null",
                "src": "dk.alexandra.fresco.suite.marlin.gates.MarlinAddProtocol\u003cT\u003e addProtocol \u003d new dk.alexandra.fresco.suite.marlin.gates.MarlinAddProtocol(a, b)",
                "dst": "null",
                "src_parent_type": "Block",
                "dst_parent_type": "null",
                "src_parent": "{\n    dk.alexandra.fresco.suite.marlin.gates.MarlinAddProtocol\u003cT\u003e addProtocol \u003d new dk.alexandra.fresco.suite.marlin.gates.MarlinAddProtocol(a, b);\n    return builder.append(addProtocol);\n}",
                "dst_parent": "null"
              },
              "line": 37,
              "file": "/home/khesoem/projects/lighter/exp/suite/marlin/src/main/java/dk/alexandra/fresco/suite/marlin/MarlinBuilder.java",
              "stats": {
                "number_of_src_entities": 22,
                "number_of_dst_entities": -1,
                "src_entity_types": "[dk.alexandra.fresco.suite.marlin.gates.MarlinAddProtocol\u003cT\u003e, dk.alexandra.fresco.suite.marlin.MarlinAddProtocol\u003c\u003e, dk.alexandra.fresco.framework.value.SInt, dk.alexandra.fresco.framework.DRes\u003cdk.alexandra.fresco.framework.value.SInt\u003e]",
                "dst_entity_types": "[]"
              }
            }
          ]
        }
      ]
    }
  ],
  "complete_analysis": true
}