{
  "instances": [
    {
      "revision": "401eef96d5486a764185888712e3996983cbfa1e",
      "repairability": [
        {
          "tool-name": "Elixir",
          "pattern-name": "Elixir:update_type_ref",
          "Unified_Diff_of-files:": "Starts Below...",
          "INSERT:": "      logger.info(\"P{}: bound at port {}\", conf.getMyId(), conf.getMe().getPort());",
          "CHANGE_old:": "",
          "CHANGE_new:": "    }",
          "DELETE:": "  /**",
          "instance_detail": [
            {
              "pattern_action": "UPD",
              "pattern_entity": {
                "entity_type": "TypeReference",
                "entity_new value": "*",
                "entity_role": "*",
                "entity_parent": "null"
              },
              "concrete_change": {
                "operator": "UPD",
                "src_type": "TypeReference",
                "dst_type": "TypeReference",
                "src": "java.lang.InterruptedException",
                "dst": "java.lang.Exception",
                "src_parent_type": "CatchVariableReference",
                "dst_parent_type": "CatchVariable",
                "src_parent": "e",
                "dst_parent": "java.lang.Exception e"
              },
              "stats": {
                "number_of_src_entities": 2,
                "number_of_dst_entities": 2,
                "src_entity_types": "[java.lang.InterruptedException]",
                "dst_entity_types": "[java.lang.Exception]"
              }
            }
          ]
        },
        {
          "tool-name": "Elixir",
          "pattern-name": "Elixir:BO_change",
          "Unified_Diff_of-files:": "Starts Below...",
          "INSERT:": "      logger.info(\"P{}: bound at port {}\", conf.getMyId(), conf.getMe().getPort());",
          "CHANGE_old:": "",
          "CHANGE_new:": "    }",
          "DELETE:": "  /**",
          "instance_detail": [
            {
              "pattern_action": "UPD",
              "pattern_entity": {
                "entity_type": "BinaryOperator",
                "entity_new value": "*",
                "entity_role": "*",
                "entity_parent": "null"
              },
              "concrete_change": {
                "operator": "UPD",
                "src_type": "BinaryOperator",
                "dst_type": "BinaryOperator",
                "src": "(conf.getMyId()) \u003d\u003d 1",
                "dst": "(conf.getMyId()) \u003e 1",
                "src_parent_type": "If",
                "dst_parent_type": "If",
                "src_parent": "if ((conf.getMyId()) \u003d\u003d 1) {\n    return null;\n}",
                "dst_parent": "if ((conf.getMyId()) \u003e 1) {\n    java.net.ServerSocket server \u003d serverFactory.createServerSocket(conf.getMe().getPort());\n    dk.alexandra.fresco.framework.network.socket.Connector.logger.info(\"P{}: bound at port {}\", conf.getMyId(), conf.getMe().getPort());\n    try {\n        for (int i \u003d 1; i \u003c (conf.getMyId()); i++) {\n            java.net.Socket sock \u003d server.accept();\n            int id \u003d 0;\n            for (int j \u003d 0; j \u003c (dk.alexandra.fresco.framework.network.socket.Connector.PARTY_ID_BYTES); j++) {\n                id ^\u003d (sock.getInputStream().read()) \u003c\u003c (j * (java.lang.Byte.SIZE));\n            }\n            socketMap.put(id, sock);\n            dk.alexandra.fresco.framework.network.socket.Connector.logger.info(\"P{}: accepted connection from P{}\", conf.getMyId(), id);\n            socketMap.put(id, sock);\n        }\n    } finally {\n        if (server !\u003d null) {\n            server.close();\n        }\n    }\n}"
              },
              "line": 130,
              "file": "/home/khesoem/projects/lighter/exp/core/src/main/java/dk/alexandra/fresco/framework/network/socket/Connector.java",
              "stats": {
                "number_of_src_entities": 11,
                "number_of_dst_entities": 11,
                "src_entity_types": "[int, dk.alexandra.fresco.framework.configuration.NetworkConfiguration]",
                "dst_entity_types": "[int, dk.alexandra.fresco.framework.configuration.NetworkConfiguration]"
              }
            }
          ]
        },
        {
          "tool-name": "Elixir",
          "pattern-name": "Elixir:update_invocation_deep",
          "Unified_Diff_of-files:": "Starts Below...",
          "INSERT:": "      logger.info(\"P{}: bound at port {}\", conf.getMyId(), conf.getMe().getPort());",
          "CHANGE_old:": "",
          "CHANGE_new:": "    }",
          "DELETE:": "  /**",
          "instance_detail": [
            {
              "pattern_action": "ANY",
              "pattern_entity": {
                "entity_type": "*",
                "entity_new value": "*",
                "entity_role": "*",
                "entity_parent": {
                  "entity_type": "AbstractInvocation",
                  "entity_new value": "*",
                  "entity_role": "*",
                  "entity_parent": "null"
                }
              },
              "concrete_change": {
                "operator": "UPD",
                "src_type": "VariableRead",
                "dst_type": "VariableRead",
                "src": "es",
                "dst": "connectionExecutor",
                "src_parent_type": "Invocation",
                "dst_parent_type": "Invocation",
                "src_parent": "es.shutdownNow()",
                "dst_parent": "connectionExecutor.shutdownNow()"
              },
              "line": 88,
              "file": "/home/khesoem/projects/lighter/exp/core/src/main/java/dk/alexandra/fresco/framework/network/socket/Connector.java",
              "stats": {
                "number_of_src_entities": 4,
                "number_of_dst_entities": 4,
                "src_entity_types": "[java.util.concurrent.ExecutorService]",
                "dst_entity_types": "[java.util.concurrent.ExecutorService]"
              }
            }
          ]
        },
        {
          "tool-name": "Elixir",
          "pattern-name": "Elixir:update_invocation_deep",
          "Unified_Diff_of-files:": "Starts Below...",
          "INSERT:": "      logger.info(\"P{}: bound at port {}\", conf.getMyId(), conf.getMe().getPort());",
          "CHANGE_old:": "",
          "CHANGE_new:": "    }",
          "DELETE:": "  /**",
          "instance_detail": [
            {
              "pattern_action": "ANY",
              "pattern_entity": {
                "entity_type": "*",
                "entity_new value": "*",
                "entity_role": "*",
                "entity_parent": {
                  "entity_type": "AbstractInvocation",
                  "entity_new value": "*",
                  "entity_role": "*",
                  "entity_parent": "null"
                }
              },
              "concrete_change": {
                "operator": "UPD",
                "src_type": "Literal",
                "dst_type": "Literal",
                "src": "\"Interrupted while connecting network\"",
                "dst": "\"Failed to connect network\"",
                "src_parent_type": "ConstructorCall",
                "dst_parent_type": "ConstructorCall",
                "src_parent": "new java.lang.RuntimeException(\"Interrupted while connecting network\", e)",
                "dst_parent": "new java.lang.RuntimeException(\"Failed to connect network\", e)"
              },
              "line": 82,
              "file": "/home/khesoem/projects/lighter/exp/core/src/main/java/dk/alexandra/fresco/framework/network/socket/Connector.java",
              "stats": {
                "number_of_src_entities": 3,
                "number_of_dst_entities": 3,
                "src_entity_types": "[java.lang.String]",
                "dst_entity_types": "[java.lang.String]"
              }
            }
          ]
        },
        {
          "tool-name": "Elixir",
          "pattern-name": "Elixir:update_invocation_deep",
          "Unified_Diff_of-files:": "Starts Below...",
          "INSERT:": "      logger.info(\"P{}: bound at port {}\", conf.getMyId(), conf.getMe().getPort());",
          "CHANGE_old:": "",
          "CHANGE_new:": "    }",
          "DELETE:": "  /**",
          "instance_detail": [
            {
              "pattern_action": "ANY",
              "pattern_entity": {
                "entity_type": "*",
                "entity_new value": "*",
                "entity_role": "*",
                "entity_parent": {
                  "entity_type": "AbstractInvocation",
                  "entity_new value": "*",
                  "entity_role": "*",
                  "entity_parent": "null"
                }
              },
              "concrete_change": {
                "operator": "UPD",
                "src_type": "VariableRead",
                "dst_type": "VariableRead",
                "src": "timeout",
                "dst": "remainingTime",
                "src_parent_type": "Invocation",
                "dst_parent_type": "Invocation",
                "src_parent": "timeout.toMillis()",
                "dst_parent": "remainingTime.toMillis()"
              },
              "line": 74,
              "file": "/home/khesoem/projects/lighter/exp/core/src/main/java/dk/alexandra/fresco/framework/network/socket/Connector.java",
              "stats": {
                "number_of_src_entities": 4,
                "number_of_dst_entities": 4,
                "src_entity_types": "[java.time.Duration]",
                "dst_entity_types": "[java.time.Duration]"
              }
            }
          ]
        },
        {
          "tool-name": "Elixir",
          "pattern-name": "Elixir:update_invocation_deep",
          "Unified_Diff_of-files:": "Starts Below...",
          "INSERT:": "      logger.info(\"P{}: bound at port {}\", conf.getMyId(), conf.getMe().getPort());",
          "CHANGE_old:": "",
          "CHANGE_new:": "    }",
          "DELETE:": "  /**",
          "instance_detail": [
            {
              "pattern_action": "ANY",
              "pattern_entity": {
                "entity_type": "*",
                "entity_new value": "*",
                "entity_role": "*",
                "entity_parent": {
                  "entity_type": "AbstractInvocation",
                  "entity_new value": "*",
                  "entity_role": "*",
                  "entity_parent": "null"
                }
              },
              "concrete_change": {
                "operator": "UPD",
                "src_type": "VariableRead",
                "dst_type": "VariableRead",
                "src": "f",
                "dst": "completed",
                "src_parent_type": "Invocation",
                "dst_parent_type": "Invocation",
                "src_parent": "f.get()",
                "dst_parent": "completed.get()"
              },
              "line": 78,
              "file": "/home/khesoem/projects/lighter/exp/core/src/main/java/dk/alexandra/fresco/framework/network/socket/Connector.java",
              "stats": {
                "number_of_src_entities": 10,
                "number_of_dst_entities": 10,
                "src_entity_types": "[java.lang.Integer, java.net.Socket, java.util.Map\u003cjava.lang.Integer, java.net.Socket\u003e, java.util.concurrent.Future\u003cjava.util.Map\u003cjava.lang.Integer, java.net.Socket\u003e\u003e]",
                "dst_entity_types": "[java.lang.Integer, java.net.Socket, java.util.Map\u003cjava.lang.Integer, java.net.Socket\u003e, java.util.concurrent.Future\u003cjava.util.Map\u003cjava.lang.Integer, java.net.Socket\u003e\u003e]"
              }
            }
          ]
        }
      ]
    }
  ],
  "complete_analysis": true
}