{
  "instances": [
    {
      "revision": "ddda18ac3f5fa2c271af9ebe8440e268363c1a4c",
      "repairability": [
        {
          "tool-name": "Elixir",
          "pattern-name": "Elixir:Insert_Invocation",
          "Unified_Diff_of-files:": "Starts Below...",
          "DELETE:": "import dk.alexandra.fresco.framework.util.ParallelStreaming;",
          "CHANGE_old:": "    );",
          "CHANGE_new:": "",
          "instance_detail": [
            {
              "pattern_action": "INS",
              "pattern_entity": {
                "entity_type": "AbstractInvocation",
                "entity_new value": "*",
                "entity_role": "*",
                "entity_parent": "null"
              },
              "concrete_change": {
                "operator": "INS",
                "src_type": "Invocation",
                "dst_type": "null",
                "src": "messages.getFirst().parallelStream()",
                "dst": "null",
                "src_parent_type": "Invocation",
                "dst_parent_type": "null",
                "src_parent": "messages.getFirst().parallelStream().limit(numMessages)",
                "dst_parent": "null"
              },
              "line": 46,
              "file": "/home/khesoem/projects/lighter/exp/tools/ot/src/main/java/dk/alexandra/fresco/tools/ot/otextension/BristolRotBatch.java",
              "stats": {
                "number_of_src_entities": 26,
                "number_of_dst_entities": -1,
                "src_entity_types": "[dk.alexandra.fresco.framework.util.StrictBitVector, java.util.List\u003cdk.alexandra.fresco.framework.util.StrictBitVector\u003e, dk.alexandra.fresco.framework.util.Pair\u003cjava.util.List\u003cdk.alexandra.fresco.framework.util.StrictBitVector\u003e, java.util.List\u003cdk.alexandra.fresco.framework.util.StrictBitVector\u003e\u003e]",
                "dst_entity_types": "[]"
              }
            }
          ]
        },
        {
          "tool-name": "Elixir",
          "pattern-name": "Elixir:Insert_Invocation",
          "Unified_Diff_of-files:": "Starts Below...",
          "DELETE:": "import dk.alexandra.fresco.framework.util.ParallelStreaming;",
          "CHANGE_old:": "    );",
          "CHANGE_new:": "",
          "instance_detail": [
            {
              "pattern_action": "INS",
              "pattern_entity": {
                "entity_type": "AbstractInvocation",
                "entity_new value": "*",
                "entity_role": "*",
                "entity_parent": "null"
              },
              "concrete_change": {
                "operator": "INS",
                "src_type": "Invocation",
                "dst_type": "null",
                "src": "messages.getSecond().parallelStream()",
                "dst": "null",
                "src_parent_type": "Invocation",
                "dst_parent_type": "null",
                "src_parent": "messages.getSecond().parallelStream().limit(numMessages)",
                "dst_parent": "null"
              },
              "line": 50,
              "file": "/home/khesoem/projects/lighter/exp/tools/ot/src/main/java/dk/alexandra/fresco/tools/ot/otextension/BristolRotBatch.java",
              "stats": {
                "number_of_src_entities": 26,
                "number_of_dst_entities": -1,
                "src_entity_types": "[dk.alexandra.fresco.framework.util.StrictBitVector, java.util.List\u003cdk.alexandra.fresco.framework.util.StrictBitVector\u003e, dk.alexandra.fresco.framework.util.Pair\u003cjava.util.List\u003cdk.alexandra.fresco.framework.util.StrictBitVector\u003e, java.util.List\u003cdk.alexandra.fresco.framework.util.StrictBitVector\u003e\u003e]",
                "dst_entity_types": "[]"
              }
            }
          ]
        },
        {
          "tool-name": "Elixir",
          "pattern-name": "Elixir:update_invocation_deep",
          "Unified_Diff_of-files:": "Starts Below...",
          "DELETE:": "import dk.alexandra.fresco.framework.util.ParallelStreaming;",
          "CHANGE_old:": "    );",
          "CHANGE_new:": "",
          "instance_detail": [
            {
              "pattern_action": "ANY",
              "pattern_entity": {
                "entity_type": "*",
                "entity_new value": "*",
                "entity_role": "*",
                "entity_parent": {
                  "entity_type": "AbstractInvocation",
                  "entity_new value": "*",
                  "entity_role": "*",
                  "entity_parent": "null"
                }
              },
              "concrete_change": {
                "operator": "DEL",
                "src_type": "VariableRead",
                "dst_type": "null",
                "src": "parallel",
                "dst": "null",
                "src_parent_type": "Invocation",
                "dst_parent_type": "null",
                "src_parent": "parallel.limit(numMessages)",
                "dst_parent": "null"
              },
              "line": 49,
              "file": "/home/khesoem/projects/lighter/exp/tools/ot/src/main/java/dk/alexandra/fresco/tools/ot/otextension/BristolRotBatch.java",
              "stats": {
                "number_of_src_entities": 2,
                "number_of_dst_entities": -1,
                "src_entity_types": "[]",
                "dst_entity_types": "[]"
              }
            }
          ]
        },
        {
          "tool-name": "Elixir",
          "pattern-name": "Elixir:update_invocation_deep",
          "Unified_Diff_of-files:": "Starts Below...",
          "DELETE:": "import dk.alexandra.fresco.framework.util.ParallelStreaming;",
          "CHANGE_old:": "    );",
          "CHANGE_new:": "",
          "instance_detail": [
            {
              "pattern_action": "ANY",
              "pattern_entity": {
                "entity_type": "*",
                "entity_new value": "*",
                "entity_role": "*",
                "entity_parent": {
                  "entity_type": "AbstractInvocation",
                  "entity_new value": "*",
                  "entity_role": "*",
                  "entity_parent": "null"
                }
              },
              "concrete_change": {
                "operator": "DEL",
                "src_type": "VariableRead",
                "dst_type": "null",
                "src": "parallel",
                "dst": "null",
                "src_parent_type": "Invocation",
                "dst_parent_type": "null",
                "src_parent": "parallel.limit(numMessages)",
                "dst_parent": "null"
              },
              "line": 56,
              "file": "/home/khesoem/projects/lighter/exp/tools/ot/src/main/java/dk/alexandra/fresco/tools/ot/otextension/BristolRotBatch.java",
              "stats": {
                "number_of_src_entities": 2,
                "number_of_dst_entities": -1,
                "src_entity_types": "[]",
                "dst_entity_types": "[]"
              }
            }
          ]
        }
      ]
    },
    {
      "revision": "ddda18ac3f5fa2c271af9ebe8440e268363c1a4c",
      "repairability": [
        {
          "tool-name": "Elixir",
          "pattern-name": "Elixir:Insert_Invocation",
          "Unified_Diff_of-files:": "Starts Below...",
          "DELETE:": "import dk.alexandra.fresco.framework.util.ParallelStreaming;",
          "CHANGE_old:": "    );",
          "CHANGE_new:": "",
          "instance_detail": [
            {
              "pattern_action": "INS",
              "pattern_entity": {
                "entity_type": "AbstractInvocation",
                "entity_new value": "*",
                "entity_role": "*",
                "entity_parent": "null"
              },
              "concrete_change": {
                "operator": "INS",
                "src_type": "Invocation",
                "dst_type": "null",
                "src": "java.util.stream.IntStream.range(0, resources.getComputationalSecurityParameter()).parallel()",
                "dst": "null",
                "src_parent_type": "Invocation",
                "dst_parent_type": "null",
                "src_parent": "java.util.stream.IntStream.range(0, resources.getComputationalSecurityParameter()).parallel().filter(( i) -\u003e otChoices.getBit(i, false))",
                "dst_parent": "null"
              },
              "line": 76,
              "file": "/home/khesoem/projects/lighter/exp/tools/ot/src/main/java/dk/alexandra/fresco/tools/ot/otextension/CoteSender.java",
              "stats": {
                "number_of_src_entities": 31,
                "number_of_dst_entities": -1,
                "src_entity_types": "[int, java.util.stream.IntStream, dk.alexandra.fresco.tools.ot.otextension.CoteSender, dk.alexandra.fresco.tools.ot.otextension.OtExtensionResourcePool]",
                "dst_entity_types": "[]"
              }
            }
          ]
        }
      ]
    },
    {
      "revision": "ddda18ac3f5fa2c271af9ebe8440e268363c1a4c",
      "repairability": [
        {
          "tool-name": "Elixir",
          "pattern-name": "Elixir:Insert_Invocation",
          "Unified_Diff_of-files:": "Starts Below...",
          "DELETE:": "import dk.alexandra.fresco.framework.util.ParallelStreaming;",
          "CHANGE_old:": "    );",
          "CHANGE_new:": "",
          "instance_detail": [
            {
              "pattern_action": "INS",
              "pattern_entity": {
                "entity_type": "AbstractInvocation",
                "entity_new value": "*",
                "entity_role": "*",
                "entity_parent": "null"
              },
              "concrete_change": {
                "operator": "INS",
                "src_type": "Invocation",
                "dst_type": "null",
                "src": "java.util.stream.IntStream.range(0, alist.size()).parallel()",
                "dst": "null",
                "src_parent_type": "Invocation",
                "dst_parent_type": "null",
                "src_parent": "java.util.stream.IntStream.range(0, alist.size()).parallel().mapToObj(( i) -\u003e multiplyWithoutReduction(alist.get(i), blist.get(i)))",
                "dst_parent": "null"
              },
              "line": 52,
              "file": "/home/khesoem/projects/lighter/exp/tools/ot/src/main/java/dk/alexandra/fresco/tools/ot/otextension/RotSharedImpl.java",
              "stats": {
                "number_of_src_entities": 27,
                "number_of_dst_entities": -1,
                "src_entity_types": "[int, java.util.stream.IntStream, dk.alexandra.fresco.framework.util.StrictBitVector, java.util.List\u003cdk.alexandra.fresco.framework.util.StrictBitVector\u003e]",
                "dst_entity_types": "[]"
              }
            }
          ]
        }
      ]
    },
    {
      "revision": "ddda18ac3f5fa2c271af9ebe8440e268363c1a4c",
      "repairability": [
        {
          "tool-name": "Elixir",
          "pattern-name": "Elixir:Insert_Invocation",
          "Unified_Diff_of-files:": "Starts Below...",
          "DELETE:": "import dk.alexandra.fresco.framework.util.ParallelStreaming;",
          "CHANGE_old:": "    );",
          "CHANGE_new:": "",
          "instance_detail": [
            {
              "pattern_action": "INS",
              "pattern_entity": {
                "entity_type": "AbstractInvocation",
                "entity_new value": "*",
                "entity_role": "*",
                "entity_parent": "null"
              },
              "concrete_change": {
                "operator": "INS",
                "src_type": "Invocation",
                "dst_type": "null",
                "src": "java.util.stream.IntStream.range(0, leftPrgs.size()).parallel()",
                "dst": "null",
                "src_parent_type": "Invocation",
                "dst_parent_type": "null",
                "src_parent": "java.util.stream.IntStream.range(0, leftPrgs.size()).parallel().mapToObj(( idx) -\u003e {\n    dk.alexandra.fresco.framework.builder.numeric.field.FieldElement t0 \u003d this.leftPrgs.get(idx).getNext();\n    dk.alexandra.fresco.framework.builder.numeric.field.FieldElement t1 \u003d this.rightPrgs.get(idx).getNext();\n    return new dk.alexandra.fresco.tools.mascot.cope.Pair\u003c\u003e(t0, t1);\n})",
                "dst_parent": "null"
              },
              "line": 86,
              "file": "/home/khesoem/projects/lighter/exp/tools/mascot/src/main/java/dk/alexandra/fresco/tools/mascot/cope/CopeInputter.java",
              "stats": {
                "number_of_src_entities": 35,
                "number_of_dst_entities": -1,
                "src_entity_types": "[int, dk.alexandra.fresco.tools.mascot.prg.FieldElementPrg, java.util.stream.IntStream, dk.alexandra.fresco.tools.mascot.cope.CopeInputter, java.util.List\u003cdk.alexandra.fresco.tools.mascot.prg.FieldElementPrg\u003e]",
                "dst_entity_types": "[]"
              }
            }
          ]
        }
      ]
    },
    {
      "revision": "ddda18ac3f5fa2c271af9ebe8440e268363c1a4c",
      "repairability": [
        {
          "tool-name": "Elixir",
          "pattern-name": "Elixir:update_invocation_deep",
          "Unified_Diff_of-files:": "Starts Below...",
          "DELETE:": "import dk.alexandra.fresco.framework.util.ParallelStreaming;",
          "CHANGE_old:": "    );",
          "CHANGE_new:": "",
          "instance_detail": [
            {
              "pattern_action": "ANY",
              "pattern_entity": {
                "entity_type": "*",
                "entity_new value": "*",
                "entity_role": "*",
                "entity_parent": {
                  "entity_type": "AbstractInvocation",
                  "entity_new value": "*",
                  "entity_role": "*",
                  "entity_parent": "null"
                }
              },
              "concrete_change": {
                "operator": "UPD",
                "src_type": "TypeAccess",
                "dst_type": "TypeAccess",
                "src": "",
                "dst": "dk.alexandra.fresco.tools.ot.otextension.Transpose",
                "src_parent_type": "ThisAccess",
                "dst_parent_type": "Invocation",
                "src_parent": "",
                "dst_parent": "dk.alexandra.fresco.tools.ot.otextension.Transpose.insertSquare(res, squares.get(i), minDim, tall, i)"
              },
              "stats": {
                "number_of_src_entities": 1,
                "number_of_dst_entities": 3,
                "src_entity_types": "[]",
                "dst_entity_types": "[dk.alexandra.fresco.tools.ot.otextension.Transpose]"
              }
            }
          ]
        },
        {
          "tool-name": "Elixir",
          "pattern-name": "Elixir:update_invocation_deep",
          "Unified_Diff_of-files:": "Starts Below...",
          "DELETE:": "import dk.alexandra.fresco.framework.util.ParallelStreaming;",
          "CHANGE_old:": "    );",
          "CHANGE_new:": "",
          "instance_detail": [
            {
              "pattern_action": "ANY",
              "pattern_entity": {
                "entity_type": "*",
                "entity_new value": "*",
                "entity_role": "*",
                "entity_parent": {
                  "entity_type": "AbstractInvocation",
                  "entity_new value": "*",
                  "entity_role": "*",
                  "entity_parent": "null"
                }
              },
              "concrete_change": {
                "operator": "UPD",
                "src_type": "TypeAccess",
                "dst_type": "TypeAccess",
                "src": "",
                "dst": "dk.alexandra.fresco.tools.ot.otextension.Transpose",
                "src_parent_type": "ThisAccess",
                "dst_parent_type": "Invocation",
                "src_parent": "",
                "dst_parent": "dk.alexandra.fresco.tools.ot.otextension.Transpose.extractSquare(input, minDim, tall, i)"
              },
              "stats": {
                "number_of_src_entities": 1,
                "number_of_dst_entities": 3,
                "src_entity_types": "[]",
                "dst_entity_types": "[dk.alexandra.fresco.tools.ot.otextension.Transpose]"
              }
            }
          ]
        }
      ]
    },
    {
      "revision": "ddda18ac3f5fa2c271af9ebe8440e268363c1a4c",
      "repairability": [
        {
          "tool-name": "Elixir",
          "pattern-name": "Elixir:Insert_Invocation",
          "Unified_Diff_of-files:": "Starts Below...",
          "DELETE:": "import dk.alexandra.fresco.framework.util.ParallelStreaming;",
          "CHANGE_old:": "    );",
          "CHANGE_new:": "",
          "instance_detail": [
            {
              "pattern_action": "INS",
              "pattern_entity": {
                "entity_type": "AbstractInvocation",
                "entity_new value": "*",
                "entity_role": "*",
                "entity_parent": "null"
              },
              "concrete_change": {
                "operator": "INS",
                "src_type": "Invocation",
                "dst_type": "null",
                "src": "java.util.stream.IntStream.range(0, resources.getComputationalSecurityParameter()).parallel()",
                "dst": "null",
                "src_parent_type": "Invocation",
                "dst_parent_type": "null",
                "src_parent": "java.util.stream.IntStream.range(0, resources.getComputationalSecurityParameter()).parallel().forEach(( i) -\u003e ulist.get(i).xor(tlistZero.get(i)))",
                "dst_parent": "null"
              },
              "line": 79,
              "file": "/home/khesoem/projects/lighter/exp/tools/ot/src/main/java/dk/alexandra/fresco/tools/ot/otextension/CoteReceiver.java",
              "stats": {
                "number_of_src_entities": 31,
                "number_of_dst_entities": -1,
                "src_entity_types": "[int, java.util.stream.IntStream, dk.alexandra.fresco.tools.ot.otextension.CoteReceiver, dk.alexandra.fresco.tools.ot.otextension.OtExtensionResourcePool]",
                "dst_entity_types": "[]"
              }
            }
          ]
        },
        {
          "tool-name": "Elixir",
          "pattern-name": "Elixir:update_invocation_deep",
          "Unified_Diff_of-files:": "Starts Below...",
          "DELETE:": "import dk.alexandra.fresco.framework.util.ParallelStreaming;",
          "CHANGE_old:": "    );",
          "CHANGE_new:": "",
          "instance_detail": [
            {
              "pattern_action": "ANY",
              "pattern_entity": {
                "entity_type": "*",
                "entity_new value": "*",
                "entity_role": "*",
                "entity_parent": {
                  "entity_type": "AbstractInvocation",
                  "entity_new value": "*",
                  "entity_role": "*",
                  "entity_parent": "null"
                }
              },
              "concrete_change": {
                "operator": "INS",
                "src_type": "TypeAccess",
                "dst_type": "null",
                "src": "dk.alexandra.fresco.tools.ot.otextension.CoteReceiver",
                "dst": "null",
                "src_parent_type": "ThisAccess",
                "dst_parent_type": "null",
                "src_parent": "",
                "dst_parent": "null"
              },
              "stats": {
                "number_of_src_entities": 3,
                "number_of_dst_entities": -1,
                "src_entity_types": "[dk.alexandra.fresco.tools.ot.otextension.CoteReceiver]",
                "dst_entity_types": "[]"
              }
            }
          ]
        },
        {
          "tool-name": "Elixir",
          "pattern-name": "Elixir:update_invocation_deep",
          "Unified_Diff_of-files:": "Starts Below...",
          "DELETE:": "import dk.alexandra.fresco.framework.util.ParallelStreaming;",
          "CHANGE_old:": "    );",
          "CHANGE_new:": "",
          "instance_detail": [
            {
              "pattern_action": "ANY",
              "pattern_entity": {
                "entity_type": "*",
                "entity_new value": "*",
                "entity_role": "*",
                "entity_parent": {
                  "entity_type": "AbstractInvocation",
                  "entity_new value": "*",
                  "entity_role": "*",
                  "entity_parent": "null"
                }
              },
              "concrete_change": {
                "operator": "INS",
                "src_type": "TypeAccess",
                "dst_type": "null",
                "src": "dk.alexandra.fresco.tools.ot.otextension.CoteReceiver",
                "dst": "null",
                "src_parent_type": "ThisAccess",
                "dst_parent_type": "null",
                "src_parent": "",
                "dst_parent": "null"
              },
              "stats": {
                "number_of_src_entities": 3,
                "number_of_dst_entities": -1,
                "src_entity_types": "[dk.alexandra.fresco.tools.ot.otextension.CoteReceiver]",
                "dst_entity_types": "[]"
              }
            }
          ]
        }
      ]
    }
  ],
  "complete_analysis": true
}