{
  "instances": [
    {
      "revision": "92cd8506d6e3232aaff588b7347941a01cf059f4",
      "repairability": [
        {
          "tool-name": "JGenProg",
          "pattern-name": "JGenProg:any_statement_shallow",
          "Unified_Diff_of-files:": "Starts Below...",
          "INSERT:": "    /**",
          "DELETE:": "",
          "instance_detail": [
            {
              "pattern_action": "ANY",
              "pattern_entity": {
                "entity_type": "*",
                "entity_new value": "*",
                "entity_role": "Statement",
                "entity_parent": "null"
              },
              "concrete_change": {
                "operator": "INS",
                "src_type": "Invocation",
                "dst_type": "null",
                "src": "ensureFactoryIsNotNull(factory)",
                "dst": "null",
                "src_parent_type": "Block",
                "dst_parent_type": "null",
                "src_parent": "{\n    ensureFactoryIsNotNull(factory);\n    org.la4j.matrix.Matrix result \u003d copy(factory);\n    java.util.Random rnd \u003d new java.util.Random();\n    for (int i \u003d 0; i \u003c (rows); i++) {\n        for (int j \u003d 0; j \u003c (columns); j++) {\n            int ii \u003d (rnd.nextInt(((rows) - i))) + i;\n            int jj \u003d (rnd.nextInt(((columns) - j))) + j;\n            double a \u003d result.get(ii, jj);\n            result.set(ii, jj, result.get(i, j));\n            result.set(i, j, a);\n        }\n    }\n    return result;\n}",
                "dst_parent": "null"
              },
              "line": 683,
              "file": "/home/khesoem/projects/lighter/exp/src/main/java/org/la4j/matrix/AbstractMatrix.java",
              "stats": {
                "number_of_src_entities": 17,
                "number_of_dst_entities": -1,
                "src_entity_types": "[org.la4j.matrix.AbstractMatrix, org.la4j.factory.Factory]",
                "dst_entity_types": "[]"
              }
            }
          ]
        }
      ]
    },
    {
      "revision": "92cd8506d6e3232aaff588b7347941a01cf059f4",
      "repairability": [
        {
          "tool-name": "JGenProg",
          "pattern-name": "JGenProg:any_statement_shallow",
          "Unified_Diff_of-files:": "Starts Below...",
          "INSERT:": "    /**",
          "DELETE:": "",
          "instance_detail": [
            {
              "pattern_action": "ANY",
              "pattern_entity": {
                "entity_type": "*",
                "entity_new value": "*",
                "entity_role": "Statement",
                "entity_parent": "null"
              },
              "concrete_change": {
                "operator": "UPD",
                "src_type": "LocalVariable",
                "dst_type": "LocalVariable",
                "src": "org.la4j.vector.Vector vector \u003d copy(factory)",
                "dst": "org.la4j.vector.Vector result \u003d copy(factory)",
                "src_parent_type": "Block",
                "dst_parent_type": "Block",
                "src_parent": "{\n    ensureFactoryIsNotNull(factory);\n    org.la4j.vector.Vector vector \u003d copy(factory);\n    java.util.Random rnd \u003d new java.util.Random();\n    for (int i \u003d 0; i \u003c (length); i++) {\n        int rand \u003d (rnd.nextInt(((length) - i))) + i;\n        double a \u003d vector.get(rand);\n        vector.set(rand, vector.get(i));\n        vector.set(i, a);\n    }\n    return vector;\n}",
                "dst_parent": "{\n    ensureFactoryIsNotNull(factory);\n    org.la4j.vector.Vector result \u003d copy(factory);\n    java.util.Random rnd \u003d new java.util.Random();\n    for (int i \u003d 0; i \u003c (length); i++) {\n        int ii \u003d (rnd.nextInt(((length) - i))) + i;\n        double a \u003d result.get(ii);\n        result.set(ii, result.get(i));\n        result.set(i, a);\n    }\n    return result;\n}"
              },
              "line": 555,
              "file": "/home/khesoem/projects/lighter/exp/src/main/java/org/la4j/vector/AbstractVector.java",
              "stats": {
                "number_of_src_entities": 21,
                "number_of_dst_entities": 21,
                "src_entity_types": "[org.la4j.factory.Factory, org.la4j.vector.AbstractVector, org.la4j.vector.Vector]",
                "dst_entity_types": "[org.la4j.factory.Factory, org.la4j.vector.AbstractVector, org.la4j.vector.Vector]"
              }
            }
          ]
        },
        {
          "tool-name": "JGenProg",
          "pattern-name": "JGenProg:any_statement_deep",
          "Unified_Diff_of-files:": "Starts Below...",
          "INSERT:": "    /**",
          "DELETE:": "",
          "instance_detail": [
            {
              "pattern_action": "ANY",
              "pattern_entity": {
                "entity_type": "*",
                "entity_new value": "*",
                "entity_role": "*",
                "entity_parent": {
                  "entity_type": "*",
                  "entity_new value": "*",
                  "entity_role": "Statement",
                  "entity_parent": "null"
                }
              },
              "concrete_change": {
                "operator": "UPD",
                "src_type": "VariableRead",
                "dst_type": "VariableRead",
                "src": "vector",
                "dst": "result",
                "src_parent_type": "Return",
                "dst_parent_type": "Return",
                "src_parent": "return vector",
                "dst_parent": "return result"
              },
              "line": 566,
              "file": "/home/khesoem/projects/lighter/exp/src/main/java/org/la4j/vector/AbstractVector.java",
              "stats": {
                "number_of_src_entities": 4,
                "number_of_dst_entities": 4,
                "src_entity_types": "[org.la4j.vector.Vector]",
                "dst_entity_types": "[org.la4j.vector.Vector]"
              }
            }
          ]
        }
      ]
    }
  ],
  "complete_analysis": true
}