{
  "instances": [
    {
      "revision": "0b239d06bacf6c6f9a1b4ed538fbb05059c79d12",
      "repairability": [
        {
          "tool-name": "JGenProg",
          "pattern-name": "JGenProg:any_statement_shallow",
          "Unified_Diff_of-files:": "Starts Below...",
          "DELETE:": "        Matrix result \u003d factory.createIdentityMatrix(matrix.rows());",
          "instance_detail": [
            {
              "pattern_action": "ANY",
              "pattern_entity": {
                "entity_type": "*",
                "entity_new value": "*",
                "entity_role": "Statement",
                "entity_parent": "null"
              },
              "concrete_change": {
                "operator": "DEL",
                "src_type": "LocalVariable",
                "dst_type": "null",
                "src": "double alpha \u003d 0.0",
                "dst": "null",
                "src_parent_type": "Block",
                "dst_parent_type": "null",
                "src_parent": "{\n    org.la4j.matrix.Matrix result \u003d factory.createIdentityMatrix(matrix.rows());\n    double alpha \u003d 0.0;\n    double beta \u003d 0.0;\n    org.la4j.matrix.Matrix result \u003d factory.createIdentityMatrix(matrix.rows());\n    double alpha;\n    double beta;\n    if ((java.lang.Math.abs(((matrix.get(k, k)) - (matrix.get(l, l))))) \u003c (org.la4j.matrix.Matrices.EPS)) {\n        alpha \u003d beta \u003d java.lang.Math.sqrt(0.5);\n    } else {\n        alpha \u003d java.lang.Math.cos((0.5 * (java.lang.Math.atan2((2 * (matrix.get(k, l))), ((matrix.get(k, k)) - (matrix.get(l, l)))))));\n        beta \u003d java.lang.Math.sin((0.5 * (java.lang.Math.atan2((2 * (matrix.get(k, l))), ((matrix.get(k, k)) - (matrix.get(l, l)))))));\n    }\n    result.set(k, k, alpha);\n    result.set(l, l, alpha);\n    result.set(k, l, (-beta));\n    result.set(l, k, beta);\n    return result;\n}",
                "dst_parent": "null"
              },
              "line": 163,
              "file": "/home/khesoem/projects/lighter/exp/src/main/java/org/la4j/decomposition/EigenDecompositor.java",
              "stats": {
                "number_of_src_entities": 4,
                "number_of_dst_entities": -1,
                "src_entity_types": "[double]",
                "dst_entity_types": "[]"
              }
            }
          ]
        },
        {
          "tool-name": "JGenProg",
          "pattern-name": "JGenProg:any_statement_shallow",
          "Unified_Diff_of-files:": "Starts Below...",
          "DELETE:": "        Matrix result \u003d factory.createIdentityMatrix(matrix.rows());",
          "instance_detail": [
            {
              "pattern_action": "ANY",
              "pattern_entity": {
                "entity_type": "*",
                "entity_new value": "*",
                "entity_role": "Statement",
                "entity_parent": "null"
              },
              "concrete_change": {
                "operator": "DEL",
                "src_type": "LocalVariable",
                "dst_type": "null",
                "src": "double beta \u003d 0.0",
                "dst": "null",
                "src_parent_type": "Block",
                "dst_parent_type": "null",
                "src_parent": "{\n    org.la4j.matrix.Matrix result \u003d factory.createIdentityMatrix(matrix.rows());\n    double alpha \u003d 0.0;\n    double beta \u003d 0.0;\n    org.la4j.matrix.Matrix result \u003d factory.createIdentityMatrix(matrix.rows());\n    double alpha;\n    double beta;\n    if ((java.lang.Math.abs(((matrix.get(k, k)) - (matrix.get(l, l))))) \u003c (org.la4j.matrix.Matrices.EPS)) {\n        alpha \u003d beta \u003d java.lang.Math.sqrt(0.5);\n    } else {\n        alpha \u003d java.lang.Math.cos((0.5 * (java.lang.Math.atan2((2 * (matrix.get(k, l))), ((matrix.get(k, k)) - (matrix.get(l, l)))))));\n        beta \u003d java.lang.Math.sin((0.5 * (java.lang.Math.atan2((2 * (matrix.get(k, l))), ((matrix.get(k, k)) - (matrix.get(l, l)))))));\n    }\n    result.set(k, k, alpha);\n    result.set(l, l, alpha);\n    result.set(k, l, (-beta));\n    result.set(l, k, beta);\n    return result;\n}",
                "dst_parent": "null"
              },
              "line": 163,
              "file": "/home/khesoem/projects/lighter/exp/src/main/java/org/la4j/decomposition/EigenDecompositor.java",
              "stats": {
                "number_of_src_entities": 4,
                "number_of_dst_entities": -1,
                "src_entity_types": "[double]",
                "dst_entity_types": "[]"
              }
            }
          ]
        },
        {
          "tool-name": "JGenProg",
          "pattern-name": "JGenProg:any_statement_shallow",
          "Unified_Diff_of-files:": "Starts Below...",
          "DELETE:": "        Matrix result \u003d factory.createIdentityMatrix(matrix.rows());",
          "instance_detail": [
            {
              "pattern_action": "ANY",
              "pattern_entity": {
                "entity_type": "*",
                "entity_new value": "*",
                "entity_role": "Statement",
                "entity_parent": "null"
              },
              "concrete_change": {
                "operator": "DEL",
                "src_type": "LocalVariable",
                "dst_type": "null",
                "src": "org.la4j.matrix.Matrix result \u003d factory.createIdentityMatrix(matrix.rows())",
                "dst": "null",
                "src_parent_type": "Block",
                "dst_parent_type": "null",
                "src_parent": "{\n    org.la4j.matrix.Matrix result \u003d factory.createIdentityMatrix(matrix.rows());\n    double alpha \u003d 0.0;\n    double beta \u003d 0.0;\n    org.la4j.matrix.Matrix result \u003d factory.createIdentityMatrix(matrix.rows());\n    double alpha;\n    double beta;\n    if ((java.lang.Math.abs(((matrix.get(k, k)) - (matrix.get(l, l))))) \u003c (org.la4j.matrix.Matrices.EPS)) {\n        alpha \u003d beta \u003d java.lang.Math.sqrt(0.5);\n    } else {\n        alpha \u003d java.lang.Math.cos((0.5 * (java.lang.Math.atan2((2 * (matrix.get(k, l))), ((matrix.get(k, k)) - (matrix.get(l, l)))))));\n        beta \u003d java.lang.Math.sin((0.5 * (java.lang.Math.atan2((2 * (matrix.get(k, l))), ((matrix.get(k, k)) - (matrix.get(l, l)))))));\n    }\n    result.set(k, k, alpha);\n    result.set(l, l, alpha);\n    result.set(k, l, (-beta));\n    result.set(l, k, beta);\n    return result;\n}",
                "dst_parent": "null"
              },
              "line": 165,
              "file": "/home/khesoem/projects/lighter/exp/src/main/java/org/la4j/decomposition/EigenDecompositor.java",
              "stats": {
                "number_of_src_entities": 21,
                "number_of_dst_entities": -1,
                "src_entity_types": "[org.la4j.matrix.Matrix, org.la4j.factory.Factory]",
                "dst_entity_types": "[]"
              }
            }
          ]
        }
      ]
    }
  ],
  "complete_analysis": true
}