{
  "instances": [
    {
      "revision": "7a12522bee0db56e9895b0c9ded7c443b767d2be",
      "repairability": [
        {
          "tool-name": "JGenProg",
          "pattern-name": "JGenProg:any_statement_shallow",
          "Unified_Diff_of-files:": "Starts Below...",
          "DELETE:": "    /**",
          "instance_detail": [
            {
              "pattern_action": "ANY",
              "pattern_entity": {
                "entity_type": "*",
                "entity_new value": "*",
                "entity_role": "Statement",
                "entity_parent": "null"
              },
              "concrete_change": {
                "operator": "DEL",
                "src_type": "Return",
                "dst_type": "null",
                "src": "return new org.la4j.vector.builder.TerminalVectorBuilder(factory)",
                "dst": "null",
                "src_parent_type": "Block",
                "dst_parent_type": "null",
                "src_parent": "{\n    return new org.la4j.vector.builder.TerminalVectorBuilder(factory);\n}",
                "dst_parent": "null"
              },
              "line": 558,
              "file": "/home/khesoem/projects/lighter/exp/src/main/java/org/la4j/vector/Vectors.java"
            }
          ]
        }
      ]
    }
  ],
  "complete_analysis": true
}