{
  "instances": [
    {
      "revision": "7540cdd942702fa4165b837323d1e56fde21be31",
      "repairability": [
        {
          "tool-name": "JGenProg",
          "pattern-name": "JGenProg:any_statement_shallow",
          "Unified_Diff_of-files:": "Starts Below...",
          "INSERT:": "     * ",
          "instance_detail": [
            {
              "pattern_action": "ANY",
              "pattern_entity": {
                "entity_type": "*",
                "entity_new value": "*",
                "entity_role": "Statement",
                "entity_parent": "null"
              },
              "concrete_change": {
                "operator": "INS",
                "src_type": "If",
                "dst_type": "null",
                "src": "if ((matrix.rows()) !\u003d (matrix.columns())) {\n    return false;\n}",
                "dst": "null",
                "src_parent_type": "Block",
                "dst_parent_type": "null",
                "src_parent": "{\n    if ((matrix.rows()) !\u003d (matrix.columns())) {\n        return false;\n    }\n    for (int i \u003d 0; i \u003c (matrix.rows()); i++) {\n        double sum \u003d 0;\n        for (int j \u003d 0; j \u003c (matrix.columns()); j++) {\n            if (i !\u003d j) {\n                sum +\u003d java.lang.Math.abs(matrix.get(i, j));\n            }\n        }\n        if (sum \u003e ((java.lang.Math.abs(matrix.get(i, i))) - (org.la4j.matrix.Matrices.EPS))) {\n            return false;\n        }\n    }\n    return true;\n}",
                "dst_parent": "null"
              },
              "line": 255,
              "file": "/home/khesoem/projects/lighter/exp/src/main/java/org/la4j/matrix/Matrices.java",
              "stats": {
                "number_of_src_entities": 22,
                "number_of_dst_entities": -1,
                "src_entity_types": "[org.la4j.matrix.Matrix, boolean]",
                "dst_entity_types": "[]"
              }
            }
          ]
        }
      ]
    }
  ],
  "complete_analysis": true
}