{
  "instances": [
    {
      "revision": "67be36d7636e62171d0029d5e07b27427e8bf8ba",
      "repairability": [
        {
          "tool-name": "JGenProg",
          "pattern-name": "JGenProg:any_statement_shallow",
          "Unified_Diff_of-files:": "Starts Below...",
          "CHANGE_old:": "",
          "CHANGE_new:": "                while (rowPointers[i + 1] \u003d\u003d k) {",
          "instance_detail": [
            {
              "pattern_action": "ANY",
              "pattern_entity": {
                "entity_type": "*",
                "entity_new value": "*",
                "entity_role": "Statement",
                "entity_parent": "null"
              },
              "concrete_change": {
                "operator": "UPD",
                "src_type": "UnaryOperator",
                "dst_type": "UnaryOperator",
                "src": "(++(k))",
                "dst": "(k)++",
                "src_parent_type": "BinaryOperator",
                "dst_parent_type": "Block",
                "src_parent": "(columnPointers[((j) + 1)]) \u003d\u003d (++(k))",
                "dst_parent": "{\n    currentIsRemoved \u003d false;\n    (k)++;\n    while ((columnPointers[((j) + 1)]) \u003d\u003d (k)) {\n        (j)++;\n    } \n    return get();\n}"
              },
              "line": 893,
              "file": "/home/khesoem/projects/lighter/exp/src/main/java/org/la4j/matrix/sparse/CCSMatrix.java",
              "stats": {
                "number_of_src_entities": 16,
                "number_of_dst_entities": 16,
                "src_entity_types": "[int, org.la4j.matrix.sparse.CCSMatrix.3, org.la4j.matrix.sparse.CCSMatrix]",
                "dst_entity_types": "[int, org.la4j.matrix.sparse.CCSMatrix.3, org.la4j.matrix.sparse.CCSMatrix]"
              }
            }
          ]
        },
        {
          "tool-name": "JGenProg",
          "pattern-name": "JGenProg:any_statement_shallow",
          "Unified_Diff_of-files:": "Starts Below...",
          "CHANGE_old:": "",
          "CHANGE_new:": "                while (rowPointers[i + 1] \u003d\u003d k) {",
          "instance_detail": [
            {
              "pattern_action": "ANY",
              "pattern_entity": {
                "entity_type": "*",
                "entity_new value": "*",
                "entity_role": "Statement",
                "entity_parent": "null"
              },
              "concrete_change": {
                "operator": "DEL",
                "src_type": "If",
                "dst_type": "null",
                "src": "if ((columnPointers[((j) + 1)]) \u003d\u003d (++(k))) {\n    (j)++;\n}",
                "dst": "null",
                "src_parent_type": "Block",
                "dst_parent_type": "null",
                "src_parent": "{\n    currentIsRemoved \u003d false;\n    if ((columnPointers[((j) + 1)]) \u003d\u003d (++(k))) {\n        (j)++;\n    }\n    return get();\n}",
                "dst_parent": "null"
              },
              "line": 893,
              "file": "/home/khesoem/projects/lighter/exp/src/main/java/org/la4j/matrix/sparse/CCSMatrix.java",
              "stats": {
                "number_of_src_entities": 68,
                "number_of_dst_entities": -1,
                "src_entity_types": "[int, boolean, org.la4j.matrix.sparse.CCSMatrix.3, org.la4j.matrix.sparse.CCSMatrix]",
                "dst_entity_types": "[]"
              }
            }
          ]
        }
      ]
    },
    {
      "revision": "67be36d7636e62171d0029d5e07b27427e8bf8ba",
      "repairability": [
        {
          "tool-name": "JGenProg",
          "pattern-name": "JGenProg:any_statement_shallow",
          "Unified_Diff_of-files:": "Starts Below...",
          "CHANGE_old:": "",
          "CHANGE_new:": "                while (rowPointers[i + 1] \u003d\u003d k) {",
          "instance_detail": [
            {
              "pattern_action": "ANY",
              "pattern_entity": {
                "entity_type": "*",
                "entity_new value": "*",
                "entity_role": "Statement",
                "entity_parent": "null"
              },
              "concrete_change": {
                "operator": "UPD",
                "src_type": "UnaryOperator",
                "dst_type": "UnaryOperator",
                "src": "(++(k))",
                "dst": "(k)++",
                "src_parent_type": "BinaryOperator",
                "dst_parent_type": "Block",
                "src_parent": "(rowPointers[((i) + 1)]) \u003d\u003d (++(k))",
                "dst_parent": "{\n    currentIsRemoved \u003d false;\n    (k)++;\n    while ((rowPointers[((i) + 1)]) \u003d\u003d (k)) {\n        (i)++;\n    } \n    return get();\n}"
              },
              "line": 893,
              "file": "/home/khesoem/projects/lighter/exp/src/main/java/org/la4j/matrix/sparse/CRSMatrix.java",
              "stats": {
                "number_of_src_entities": 16,
                "number_of_dst_entities": 16,
                "src_entity_types": "[int, org.la4j.matrix.sparse.CRSMatrix.3, org.la4j.matrix.sparse.CRSMatrix]",
                "dst_entity_types": "[int, org.la4j.matrix.sparse.CRSMatrix.3, org.la4j.matrix.sparse.CRSMatrix]"
              }
            }
          ]
        },
        {
          "tool-name": "JGenProg",
          "pattern-name": "JGenProg:any_statement_shallow",
          "Unified_Diff_of-files:": "Starts Below...",
          "CHANGE_old:": "",
          "CHANGE_new:": "                while (rowPointers[i + 1] \u003d\u003d k) {",
          "instance_detail": [
            {
              "pattern_action": "ANY",
              "pattern_entity": {
                "entity_type": "*",
                "entity_new value": "*",
                "entity_role": "Statement",
                "entity_parent": "null"
              },
              "concrete_change": {
                "operator": "DEL",
                "src_type": "If",
                "dst_type": "null",
                "src": "if ((rowPointers[((i) + 1)]) \u003d\u003d (++(k))) {\n    (i)++;\n}",
                "dst": "null",
                "src_parent_type": "Block",
                "dst_parent_type": "null",
                "src_parent": "{\n    currentIsRemoved \u003d false;\n    if ((rowPointers[((i) + 1)]) \u003d\u003d (++(k))) {\n        (i)++;\n    }\n    return get();\n}",
                "dst_parent": "null"
              },
              "line": 893,
              "file": "/home/khesoem/projects/lighter/exp/src/main/java/org/la4j/matrix/sparse/CRSMatrix.java",
              "stats": {
                "number_of_src_entities": 68,
                "number_of_dst_entities": -1,
                "src_entity_types": "[int, boolean, org.la4j.matrix.sparse.CRSMatrix.3, org.la4j.matrix.sparse.CRSMatrix]",
                "dst_entity_types": "[]"
              }
            }
          ]
        }
      ]
    }
  ],
  "complete_analysis": true
}