{
  "instances": [
    {
      "revision": "69bb9c397a25f906409c6cd091007427db5aaf38",
      "repairability": [
        {
          "tool-name": "Cardumen",
          "pattern-name": "Cardumen:expression_replacement_by_upd",
          "Unified_Diff_of-files:": "Starts Below...",
          "INSERT:": "import java.util.UUID;",
          "CHANGE_old:": "    private void checkAccountExistsById(final long accountId) {",
          "CHANGE_new:": "    private void checkAccountExistsById(final UUID accountId) {",
          "instance_detail": [
            {
              "pattern_action": "UPD",
              "pattern_entity": {
                "entity_type": "Expression",
                "entity_new value": "*",
                "entity_role": "*",
                "entity_parent": "null"
              },
              "concrete_change": {
                "operator": "UPD",
                "src_type": "TypeAccess",
                "dst_type": "TypeAccess",
                "src": "org.modelmapper.internal.util.Assert",
                "dst": "com.github.example.model.Account",
                "src_parent_type": "Invocation",
                "dst_parent_type": "ThisAccess",
                "src_parent": "org.modelmapper.internal.util.Assert.isTrue(((initialBalance.compareTo(java.math.BigDecimal.ZERO)) \u003e\u003d 0), \"Account balance should be positive or zero\")",
                "dst_parent": ""
              },
              "line": 26,
              "file": "/home/khesoem/projects/lighter/exp/src/main/java/com/github/example/model/Account.java",
              "stats": {
                "number_of_src_entities": 3,
                "number_of_dst_entities": 3,
                "src_entity_types": "[org.modelmapper.internal.util.Assert]",
                "dst_entity_types": "[com.github.example.model.Account]"
              }
            }
          ]
        },
        {
          "tool-name": "Cardumen",
          "pattern-name": "Cardumen:expression_replacement_by_upd",
          "Unified_Diff_of-files:": "Starts Below...",
          "INSERT:": "import java.util.UUID;",
          "CHANGE_old:": "    private void checkAccountExistsById(final long accountId) {",
          "CHANGE_new:": "    private void checkAccountExistsById(final UUID accountId) {",
          "instance_detail": [
            {
              "pattern_action": "UPD",
              "pattern_entity": {
                "entity_type": "Expression",
                "entity_new value": "*",
                "entity_role": "*",
                "entity_parent": "null"
              },
              "concrete_change": {
                "operator": "UPD",
                "src_type": "VariableRead",
                "dst_type": "VariableRead",
                "src": "changedBalance",
                "dst": "balance",
                "src_parent_type": "Invocation",
                "dst_parent_type": "Invocation",
                "src_parent": "(changedBalance.compareTo(java.math.BigDecimal.ZERO))",
                "dst_parent": "(balance.compareTo(java.math.BigDecimal.ZERO))"
              },
              "line": 34,
              "file": "/home/khesoem/projects/lighter/exp/src/main/java/com/github/example/model/Account.java",
              "stats": {
                "number_of_src_entities": 4,
                "number_of_dst_entities": 4,
                "src_entity_types": "[java.math.BigDecimal]",
                "dst_entity_types": "[java.math.BigDecimal]"
              }
            }
          ]
        }
      ]
    }
  ],
  "complete_analysis": true
}