{
  "instances": [
    {
      "revision": "4cab6abcc020294cb4fbd33e96c6c72bc3432b9c",
      "repairability": [
        {
          "tool-name": "Arja",
          "pattern-name": "Arja:arja_shallow_change",
          "Unified_Diff_of-files:": "Starts Below...",
          "INSERT:": "  /**",
          "instance_detail": [
            {
              "pattern_action": "ANY",
              "pattern_entity": {
                "entity_type": "Statement",
                "entity_new value": "*",
                "entity_role": "*",
                "entity_parent": "null"
              },
              "concrete_change": {
                "operator": "DEL",
                "src_type": "If",
                "dst_type": "null",
                "src": "if ((method.getDeclaringClass()) \u003d\u003d (java.lang.Object.class)) {\n    continue;\n}",
                "dst": "null",
                "src_parent_type": "Block",
                "dst_parent_type": "null",
                "src_parent": "{\n    if ((method.getDeclaringClass()) \u003d\u003d (java.lang.Object.class)) {\n        continue;\n    }\n    methodToHandler.put(method, nameToHandler.get(feign.Feign.configKey(target.type(), method)));\n}",
                "dst_parent": "null"
              },
              "line": 61,
              "file": "/home/khesoem/projects/lighter/exp/core/src/main/java/feign/ReflectiveFeign.java",
              "stats": {
                "number_of_src_entities": 27,
                "number_of_dst_entities": -1,
                "src_entity_types": "[boolean, java.lang.Object, java.lang.reflect.Method]",
                "dst_entity_types": "[]"
              }
            }
          ]
        }
      ]
    }
  ],
  "complete_analysis": true
}