{
  "instances": [
    {
      "revision": "daed0f04bf608098cd57cbd7f456582bc08ef2c9",
      "repairability": [
        {
          "tool-name": "Arja",
          "pattern-name": "Arja:arja_shallow_change",
          "Unified_Diff_of-files:": "Starts Below...",
          "INSERT:": "import okhttp3.internal.http.HttpHeaders;",
          "CHANGE_old:": "",
          "CHANGE_new:": "        .start((request, response) -\u0026gt; null);",
          "DELETE:": "import feign.Response;",
          "instance_detail": [
            {
              "pattern_action": "ANY",
              "pattern_entity": {
                "entity_type": "Statement",
                "entity_new value": "*",
                "entity_role": "*",
                "entity_parent": "null"
              },
              "concrete_change": {
                "operator": "DEL",
                "src_type": "Invocation",
                "dst_type": "null",
                "src": "response.flush()",
                "dst": "null",
                "src_parent_type": "Lambda",
                "dst_parent_type": "null",
                "src_parent": "( request, response) -\u003e response.flush()",
                "dst_parent": "null"
              },
              "line": 61,
              "file": "/home/khesoem/projects/lighter/exp/benchmark/src/main/java/feign/benchmark/RealRequestBenchmarks.java",
              "stats": {
                "number_of_src_entities": 6,
                "number_of_dst_entities": -1,
                "src_entity_types": "[feign.benchmark.response]",
                "dst_entity_types": "[]"
              }
            }
          ]
        },
        {
          "tool-name": "Arja",
          "pattern-name": "Arja:arja_shallow_change",
          "Unified_Diff_of-files:": "Starts Below...",
          "INSERT:": "import okhttp3.internal.http.HttpHeaders;",
          "CHANGE_old:": "",
          "CHANGE_new:": "        .start((request, response) -\u0026gt; null);",
          "DELETE:": "import feign.Response;",
          "instance_detail": [
            {
              "pattern_action": "ANY",
              "pattern_entity": {
                "entity_type": "Statement",
                "entity_new value": "*",
                "entity_role": "*",
                "entity_parent": "null"
              },
              "concrete_change": {
                "operator": "DEL",
                "src_type": "Invocation",
                "dst_type": "null",
                "src": "server.start()",
                "dst": "null",
                "src_parent_type": "Block",
                "dst_parent_type": "null",
                "src_parent": "{\n    server \u003d io.reactivex.netty.RxNetty.createHttpServer(feign.benchmark.RealRequestBenchmarks.SERVER_PORT, ( request, response) -\u003e response.flush());\n    server.start();\n    client \u003d new okhttp3.OkHttpClient();\n    client.retryOnConnectionFailure();\n    okFeign \u003d feign.Feign.builder().client(new feign.okhttp.OkHttpClient(client)).logLevel(Level.NONE).logger(new feign.Logger.ErrorLogger()).retryer(new feign.Retryer.Default()).target(feign.benchmark.FeignTestInterface.class, (\"http://localhost:\" + (feign.benchmark.RealRequestBenchmarks.SERVER_PORT)));\n    queryRequest \u003d new okhttp3.Request.Builder().url(((\"http://localhost:\" + (feign.benchmark.RealRequestBenchmarks.SERVER_PORT)) + \"/?Action\u003dGetUser\u0026Version\u003d2010-05-08\u0026limit\u003d1\")).build();\n}",
                "dst_parent": "null"
              },
              "line": 62,
              "file": "/home/khesoem/projects/lighter/exp/benchmark/src/main/java/feign/benchmark/RealRequestBenchmarks.java",
              "stats": {
                "number_of_src_entities": 24,
                "number_of_dst_entities": -1,
                "src_entity_types": "[feign.benchmark.RealRequestBenchmarks, io.netty.buffer.ByteBuf, io.reactivex.netty.protocol.http.server.HttpServer\u003cio.netty.buffer.ByteBuf, io.netty.buffer.ByteBuf\u003e]",
                "dst_entity_types": "[]"
              }
            }
          ]
        }
      ]
    }
  ],
  "complete_analysis": true
}