{
  "instances": [
    {
      "revision": "1989e592651c892a63106bbf79d97ac8e89f6b88",
      "repairability": [
        {
          "tool-name": "JGenProg",
          "pattern-name": "JGenProg:any_statement_shallow",
          "Unified_Diff_of-files:": "Starts Below...",
          "INSERT:": "",
          "instance_detail": [
            {
              "pattern_action": "ANY",
              "pattern_entity": {
                "entity_type": "*",
                "entity_new value": "*",
                "entity_role": "Statement",
                "entity_parent": "null"
              },
              "concrete_change": {
                "operator": "INS",
                "src_type": "LocalVariable",
                "dst_type": "null",
                "src": "io.netty.buffer.ByteBuf response \u003d io.netty.buffer.Unpooled.buffer()",
                "dst": "null",
                "src_parent_type": "Block",
                "dst_parent_type": "null",
                "src_parent": "{\n    java.util.Calendar calendar \u003d java.util.Calendar.getInstance(java.util.TimeZone.getTimeZone(\"UTC\"));\n    io.netty.buffer.ByteBuf response \u003d io.netty.buffer.Unpooled.buffer();\n    response.writeShort(calendar.get(java.util.Calendar.YEAR));\n    response.writeByte(((calendar.get(java.util.Calendar.MONTH)) + 1));\n    response.writeByte(calendar.get(java.util.Calendar.DAY_OF_MONTH));\n    response.writeByte(calendar.get(java.util.Calendar.HOUR_OF_DAY));\n    response.writeByte(calendar.get(java.util.Calendar.MINUTE));\n    response.writeByte(calendar.get(java.util.Calendar.SECOND));\n    channel.writeAndFlush(new org.traccar.NetworkMessage(org.traccar.protocol.HuabaoProtocolDecoder.formatMessage(org.traccar.protocol.HuabaoProtocolDecoder.MSG_TERMINAL_REGISTER_RESPONSE, id, false, response), remoteAddress));\n}",
                "dst_parent": "null"
              },
              "line": 207,
              "file": "/home/khesoem/projects/lighter/exp/src/main/java/org/traccar/protocol/HuabaoProtocolDecoder.java",
              "stats": {
                "number_of_src_entities": 12,
                "number_of_dst_entities": -1,
                "src_entity_types": "[io.netty.buffer.Unpooled, io.netty.buffer.ByteBuf]",
                "dst_entity_types": "[]"
              }
            }
          ]
        },
        {
          "tool-name": "JGenProg",
          "pattern-name": "JGenProg:any_statement_shallow",
          "Unified_Diff_of-files:": "Starts Below...",
          "INSERT:": "",
          "instance_detail": [
            {
              "pattern_action": "ANY",
              "pattern_entity": {
                "entity_type": "*",
                "entity_new value": "*",
                "entity_role": "Statement",
                "entity_parent": "null"
              },
              "concrete_change": {
                "operator": "INS",
                "src_type": "Invocation",
                "dst_type": "null",
                "src": "channel.writeAndFlush(new org.traccar.NetworkMessage(org.traccar.protocol.HuabaoProtocolDecoder.formatMessage(org.traccar.protocol.HuabaoProtocolDecoder.MSG_TERMINAL_REGISTER_RESPONSE, id, false, response), remoteAddress))",
                "dst": "null",
                "src_parent_type": "Block",
                "dst_parent_type": "null",
                "src_parent": "{\n    java.util.Calendar calendar \u003d java.util.Calendar.getInstance(java.util.TimeZone.getTimeZone(\"UTC\"));\n    io.netty.buffer.ByteBuf response \u003d io.netty.buffer.Unpooled.buffer();\n    response.writeShort(calendar.get(java.util.Calendar.YEAR));\n    response.writeByte(((calendar.get(java.util.Calendar.MONTH)) + 1));\n    response.writeByte(calendar.get(java.util.Calendar.DAY_OF_MONTH));\n    response.writeByte(calendar.get(java.util.Calendar.HOUR_OF_DAY));\n    response.writeByte(calendar.get(java.util.Calendar.MINUTE));\n    response.writeByte(calendar.get(java.util.Calendar.SECOND));\n    channel.writeAndFlush(new org.traccar.NetworkMessage(org.traccar.protocol.HuabaoProtocolDecoder.formatMessage(org.traccar.protocol.HuabaoProtocolDecoder.MSG_TERMINAL_REGISTER_RESPONSE, id, false, response), remoteAddress));\n}",
                "dst_parent": "null"
              },
              "line": 214,
              "file": "/home/khesoem/projects/lighter/exp/src/main/java/org/traccar/protocol/HuabaoProtocolDecoder.java",
              "stats": {
                "number_of_src_entities": 53,
                "number_of_dst_entities": -1,
                "src_entity_types": "[io.netty.channel.Channel, boolean, java.lang.Object, org.traccar.protocol.HuabaoProtocolDecoder, io.netty.buffer.ByteBuf, java.net.SocketAddress]",
                "dst_entity_types": "[]"
              }
            }
          ]
        },
        {
          "tool-name": "JGenProg",
          "pattern-name": "JGenProg:any_statement_shallow",
          "Unified_Diff_of-files:": "Starts Below...",
          "INSERT:": "",
          "instance_detail": [
            {
              "pattern_action": "ANY",
              "pattern_entity": {
                "entity_type": "*",
                "entity_new value": "*",
                "entity_role": "Statement",
                "entity_parent": "null"
              },
              "concrete_change": {
                "operator": "DEL",
                "src_type": "If",
                "dst_type": "null",
                "src": "if (type \u003d\u003d (org.traccar.protocol.HuabaoProtocolDecoder.MSG_LOCATION_BATCH)) {\n    return decodeLocationBatch(deviceSession, buf);\n}",
                "dst": "null",
                "src_parent_type": "Block",
                "dst_parent_type": "null",
                "src_parent": "if (type \u003d\u003d (org.traccar.protocol.HuabaoProtocolDecoder.MSG_LOCATION_BATCH)) {\n        return decodeLocationBatch(deviceSession, buf);\n    }\n",
                "dst_parent": "null"
              },
              "line": 193,
              "file": "/home/khesoem/projects/lighter/exp/src/main/java/org/traccar/protocol/HuabaoProtocolDecoder.java",
              "stats": {
                "number_of_src_entities": 42,
                "number_of_dst_entities": -1,
                "src_entity_types": "[int, boolean, org.traccar.DeviceSession, org.traccar.protocol.HuabaoProtocolDecoder, io.netty.buffer.ByteBuf]",
                "dst_entity_types": "[]"
              }
            }
          ]
        }
      ]
    }
  ],
  "complete_analysis": true
}