{
  "instances": [
    {
      "revision": "2bf88ff72d9b9d5a290067df3b00a490231e4882",
      "repairability": [
        {
          "tool-name": "Elixir",
          "pattern-name": "Elixir:update_type_ref",
          "Unified_Diff_of-files:": "Starts Below...",
          "DELETE:": "import org.openmrs.module.htmlformentry.ValidationException;",
          "CHANGE_old:": "",
          "CHANGE_new:": "                                                @RequestParam(value\u003d\"hasChangedInd\", required\u003dfalse) String hasChangedInd) throws Exception {",
          "INSERT:": "",
          "instance_detail": [
            {
              "pattern_action": "UPD",
              "pattern_entity": {
                "entity_type": "TypeReference",
                "entity_new value": "*",
                "entity_role": "*",
                "entity_parent": "null"
              },
              "concrete_change": {
                "operator": "UPD",
                "src_type": "TypeReference",
                "dst_type": "TypeReference",
                "src": "org.openmrs.module.htmlformentry.FormEntrySession",
                "dst": "org.openmrs.module.htmlformentry.web.controller.FormEntrySession",
                "src_parent_type": "Method",
                "dst_parent_type": "Method",
                "src_parent": "@org.openmrs.module.htmlformentry.web.controller.ModelAttribute(\"command\")\npublic org.openmrs.module.htmlformentry.FormEntrySession getFormEntrySession(javax.servlet.http.HttpServletRequest request, @org.openmrs.module.htmlformentry.web.controller.RequestParam(value \u003d \"patientId\", required \u003d false)\njava.lang.Integer patientId, @org.openmrs.module.htmlformentry.web.controller.RequestParam(value \u003d \"formId\", required \u003d false)\njava.lang.Integer formId, @org.openmrs.module.htmlformentry.web.controller.RequestParam(value \u003d \"htmlformId\", required \u003d false)\njava.lang.Integer htmlFormId, @org.openmrs.module.htmlformentry.web.controller.RequestParam(value \u003d \"returnUrl\", required \u003d false)\njava.lang.String returnUrl, @org.openmrs.module.htmlformentry.web.controller.RequestParam(value \u003d \"formModifiedTimestamp\", required \u003d false)\njava.lang.Long formModifiedTimestamp, @org.openmrs.module.htmlformentry.web.controller.RequestParam(value \u003d \"encounterModifiedTimestamp\", required \u003d false)\njava.lang.Long encounterModifiedTimestamp) throws java.lang.Exception {\n    long ts \u003d java.lang.System.currentTimeMillis();\n    org.openmrs.module.htmlformentry.FormEntryContext.Mode mode \u003d org.openmrs.module.htmlformentry.FormEntryContext.Mode.VIEW;\n    java.lang.Integer personId \u003d null;\n    if (org.springframework.util.StringUtils.hasText(request.getParameter(\"personId\"))) {\n        personId \u003d java.lang.Integer.valueOf(request.getParameter(\"personId\"));\n    }\n    java.lang.String modeParam \u003d request.getParameter(\"mode\");\n    if (\"enter\".equalsIgnoreCase(modeParam)) {\n        mode \u003d org.openmrs.module.htmlformentry.FormEntryContext.Mode.ENTER;\n    } else\n        if (\"edit\".equalsIgnoreCase(modeParam)) {\n            mode \u003d org.openmrs.module.htmlformentry.FormEntryContext.Mode.EDIT;\n        }\n\n    org.openmrs.Patient patient \u003d null;\n    org.openmrs.Encounter encounter \u003d null;\n    org.openmrs.Form form \u003d null;\n    org.openmrs.module.htmlformentry.HtmlForm htmlForm \u003d null;\n    if (org.springframework.util.StringUtils.hasText(request.getParameter(\"encounterId\"))) {\n        java.lang.Integer encounterId \u003d java.lang.Integer.valueOf(request.getParameter(\"encounterId\"));\n        encounter \u003d org.openmrs.api.context.Context.getEncounterService().getEncounter(encounterId);\n        if (encounter \u003d\u003d null)\n            throw new java.lang.IllegalArgumentException((\"No encounter with id\u003d\" + encounterId));\n\n        patient \u003d encounter.getPatient();\n        patientId \u003d patient.getPatientId();\n        personId \u003d patient.getPersonId();\n        if (formId !\u003d null) {\n            form \u003d org.openmrs.api.context.Context.getFormService().getForm(formId);\n            htmlForm \u003d org.openmrs.module.htmlformentry.HtmlFormEntryUtil.getService().getHtmlFormByForm(form);\n            if (htmlForm \u003d\u003d null)\n                throw new java.lang.IllegalArgumentException((\"No HtmlForm associated with formId \" + formId));\n\n        } else {\n            form \u003d encounter.getForm();\n            htmlForm \u003d org.openmrs.module.htmlformentry.HtmlFormEntryUtil.getService().getHtmlFormByForm(encounter.getForm());\n            if (htmlForm \u003d\u003d null)\n                throw new java.lang.IllegalArgumentException(((\"The form for the specified encounter (\" + (encounter.getForm())) + \") does not have an HtmlForm associated with it\"));\n\n        }\n    } else {\n        if (patientId !\u003d null) {\n            personId \u003d patientId;\n        }\n        if (personId !\u003d null) {\n            patient \u003d org.openmrs.api.context.Context.getPatientService().getPatient(personId);\n        }\n        if (htmlFormId !\u003d null) {\n            htmlForm \u003d org.openmrs.module.htmlformentry.HtmlFormEntryUtil.getService().getHtmlForm(htmlFormId);\n        } else\n            if (formId !\u003d null) {\n                form \u003d org.openmrs.api.context.Context.getFormService().getForm(formId);\n                htmlForm \u003d org.openmrs.module.htmlformentry.HtmlFormEntryUtil.getService().getHtmlFormByForm(form);\n            }\n\n        if (htmlForm \u003d\u003d null) {\n            throw new java.lang.IllegalArgumentException(\"You must specify either an htmlFormId or a formId for a valid html form\");\n        }\n        java.lang.String which \u003d request.getParameter(\"which\");\n        if (org.springframework.util.StringUtils.hasText(which)) {\n            if (patient \u003d\u003d null)\n                throw new java.lang.IllegalArgumentException(\"Cannot specify \u0027which\u0027 without specifying a person/patient\");\n\n            java.util.List\u003corg.openmrs.Encounter\u003e encs \u003d org.openmrs.api.context.Context.getEncounterService().getEncounters(patient, null, null, null, java.util.Collections.singleton(form), null, null, false);\n            if (which.equals(\"first\")) {\n                encounter \u003d encs.get(0);\n            } else\n                if (which.equals(\"last\")) {\n                    encounter \u003d encs.get(((encs.size()) - 1));\n                } else {\n                    throw new java.lang.IllegalArgumentException(\"which must be \u0027first\u0027 or \u0027last\u0027\");\n                }\n\n        }\n    }\n    if ((mode !\u003d (org.openmrs.module.htmlformentry.FormEntryContext.Mode.ENTER)) \u0026\u0026 (patient \u003d\u003d null))\n        throw new java.lang.IllegalArgumentException((((\"No patient with id of personId\u003d\" + personId) + \" or patientId\u003d\") + patientId));\n\n    org.openmrs.module.htmlformentry.FormEntrySession session \u003d null;\n    if ((mode \u003d\u003d (org.openmrs.module.htmlformentry.FormEntryContext.Mode.ENTER)) \u0026\u0026 (patient \u003d\u003d null)) {\n        patient \u003d new org.openmrs.Patient();\n    }\n    if (encounter !\u003d null) {\n        session \u003d new org.openmrs.module.htmlformentry.FormEntrySession(patient, encounter, mode, htmlForm);\n    } else {\n        session \u003d new org.openmrs.module.htmlformentry.FormEntrySession(patient, htmlForm);\n    }\n    if (org.springframework.util.StringUtils.hasText(returnUrl)) {\n        session.setReturnUrl(returnUrl);\n    }\n    if (formModifiedTimestamp !\u003d null) {\n        if (!(org.openmrs.util.OpenmrsUtil.nullSafeEquals(formModifiedTimestamp, session.getFormModifiedTimestamp()))) {\n            throw new java.lang.RuntimeException(org.openmrs.api.context.Context.getMessageSourceService().getMessage(\"htmlformentry.error.formModifiedBeforeSubmission\"));\n        }\n    }\n    if (encounter !\u003d null) {\n        if ((encounterModifiedTimestamp !\u003d null) \u0026\u0026 (!(org.openmrs.util.OpenmrsUtil.nullSafeEquals(encounterModifiedTimestamp, session.getEncounterModifiedTimestamp())))) {\n            throw new java.lang.RuntimeException(org.openmrs.api.context.Context.getMessageSourceService().getMessage(\"htmlformentry.error.encounterModifiedBeforeSubmission\"));\n        }\n    }\n    org.openmrs.api.context.Context.setVolatileUserData(org.openmrs.module.htmlformentry.web.controller.HtmlFormEntryController.FORM_IN_PROGRESS_KEY, session);\n    log.info(((\"Took \" + ((java.lang.System.currentTimeMillis()) - ts)) + \" ms\"));\n    return session;\n}",
                "dst_parent": "@org.springframework.web.bind.annotation.ModelAttribute(\"command\")\npublic org.openmrs.module.htmlformentry.web.controller.FormEntrySession getFormEntrySession(javax.servlet.http.HttpServletRequest request, @org.springframework.web.bind.annotation.RequestParam(value \u003d \"patientId\", required \u003d false)\njava.lang.Integer patientId, @org.springframework.web.bind.annotation.RequestParam(value \u003d \"formId\", required \u003d false)\njava.lang.Integer formId, @org.springframework.web.bind.annotation.RequestParam(value \u003d \"htmlformId\", required \u003d false)\njava.lang.Integer htmlFormId, @org.springframework.web.bind.annotation.RequestParam(value \u003d \"returnUrl\", required \u003d false)\njava.lang.String returnUrl, @org.springframework.web.bind.annotation.RequestParam(value \u003d \"formModifiedTimestamp\", required \u003d false)\njava.lang.Long formModifiedTimestamp, @org.springframework.web.bind.annotation.RequestParam(value \u003d \"encounterModifiedTimestamp\", required \u003d false)\njava.lang.Long encounterModifiedTimestamp, @org.springframework.web.bind.annotation.RequestParam(value \u003d \"hasChangedInd\", required \u003d false)\njava.lang.String hasChangedInd) throws java.lang.Exception {\n    long ts \u003d java.lang.System.currentTimeMillis();\n    org.openmrs.module.htmlformentry.FormEntryContext.Mode mode \u003d org.openmrs.module.htmlformentry.FormEntryContext.Mode.VIEW;\n    java.lang.Integer personId \u003d null;\n    if (org.springframework.util.StringUtils.hasText(request.getParameter(\"personId\"))) {\n        personId \u003d java.lang.Integer.valueOf(request.getParameter(\"personId\"));\n    }\n    java.lang.String modeParam \u003d request.getParameter(\"mode\");\n    if (\"enter\".equalsIgnoreCase(modeParam)) {\n        mode \u003d org.openmrs.module.htmlformentry.FormEntryContext.Mode.ENTER;\n    } else\n        if (\"edit\".equalsIgnoreCase(modeParam)) {\n            mode \u003d org.openmrs.module.htmlformentry.FormEntryContext.Mode.EDIT;\n        }\n\n    org.openmrs.Patient patient \u003d null;\n    org.openmrs.Encounter encounter \u003d null;\n    org.openmrs.Form form \u003d null;\n    org.openmrs.module.htmlformentry.web.controller.HtmlForm htmlForm \u003d null;\n    if (org.springframework.util.StringUtils.hasText(request.getParameter(\"encounterId\"))) {\n        java.lang.Integer encounterId \u003d java.lang.Integer.valueOf(request.getParameter(\"encounterId\"));\n        encounter \u003d org.openmrs.api.context.Context.getEncounterService().getEncounter(encounterId);\n        if (encounter \u003d\u003d null)\n            throw new java.lang.IllegalArgumentException((\"No encounter with id\u003d\" + encounterId));\n\n        patient \u003d encounter.getPatient();\n        patientId \u003d patient.getPatientId();\n        personId \u003d patient.getPersonId();\n        if (formId !\u003d null) {\n            form \u003d org.openmrs.api.context.Context.getFormService().getForm(formId);\n            htmlForm \u003d org.openmrs.module.htmlformentry.web.controller.HtmlFormEntryUtil.getService().getHtmlFormByForm(form);\n            if (htmlForm \u003d\u003d null)\n                throw new java.lang.IllegalArgumentException((\"No HtmlForm associated with formId \" + formId));\n\n        } else {\n            form \u003d encounter.getForm();\n            htmlForm \u003d org.openmrs.module.htmlformentry.web.controller.HtmlFormEntryUtil.getService().getHtmlFormByForm(encounter.getForm());\n            if (htmlForm \u003d\u003d null)\n                throw new java.lang.IllegalArgumentException(((\"The form for the specified encounter (\" + (encounter.getForm())) + \") does not have an HtmlForm associated with it\"));\n\n        }\n    } else {\n        if (patientId !\u003d null) {\n            personId \u003d patientId;\n        }\n        if (personId !\u003d null) {\n            patient \u003d org.openmrs.api.context.Context.getPatientService().getPatient(personId);\n        }\n        if (htmlFormId !\u003d null) {\n            htmlForm \u003d org.openmrs.module.htmlformentry.web.controller.HtmlFormEntryUtil.getService().getHtmlForm(htmlFormId);\n        } else\n            if (formId !\u003d null) {\n                form \u003d org.openmrs.api.context.Context.getFormService().getForm(formId);\n                htmlForm \u003d org.openmrs.module.htmlformentry.web.controller.HtmlFormEntryUtil.getService().getHtmlFormByForm(form);\n            }\n\n        if (htmlForm \u003d\u003d null) {\n            throw new java.lang.IllegalArgumentException(\"You must specify either an htmlFormId or a formId for a valid html form\");\n        }\n        java.lang.String which \u003d request.getParameter(\"which\");\n        if (org.springframework.util.StringUtils.hasText(which)) {\n            if (patient \u003d\u003d null)\n                throw new java.lang.IllegalArgumentException(\"Cannot specify \u0027which\u0027 without specifying a person/patient\");\n\n            java.util.List\u003corg.openmrs.Encounter\u003e encs \u003d org.openmrs.api.context.Context.getEncounterService().getEncounters(patient, null, null, null, java.util.Collections.singleton(form), null, null, false);\n            if (which.equals(\"first\")) {\n                encounter \u003d encs.get(0);\n            } else\n                if (which.equals(\"last\")) {\n                    encounter \u003d encs.get(((encs.size()) - 1));\n                } else {\n                    throw new java.lang.IllegalArgumentException(\"which must be \u0027first\u0027 or \u0027last\u0027\");\n                }\n\n        }\n    }\n    if ((mode !\u003d (org.openmrs.module.htmlformentry.FormEntryContext.Mode.ENTER)) \u0026\u0026 (patient \u003d\u003d null))\n        throw new java.lang.IllegalArgumentException((((\"No patient with id of personId\u003d\" + personId) + \" or patientId\u003d\") + patientId));\n\n    org.openmrs.module.htmlformentry.web.controller.FormEntrySession session \u003d null;\n    if ((mode \u003d\u003d (org.openmrs.module.htmlformentry.FormEntryContext.Mode.ENTER)) \u0026\u0026 (patient \u003d\u003d null)) {\n        patient \u003d new org.openmrs.Patient();\n    }\n    if (encounter !\u003d null) {\n        session \u003d new org.openmrs.module.htmlformentry.web.controller.FormEntrySession(patient, encounter, mode, htmlForm);\n    } else {\n        session \u003d new org.openmrs.module.htmlformentry.web.controller.FormEntrySession(patient, htmlForm);\n    }\n    if (org.springframework.util.StringUtils.hasText(returnUrl)) {\n        session.setReturnUrl(returnUrl);\n    }\n    if (formModifiedTimestamp !\u003d null) {\n        if (!(org.openmrs.util.OpenmrsUtil.nullSafeEquals(formModifiedTimestamp, session.getFormModifiedTimestamp()))) {\n            throw new java.lang.RuntimeException(org.openmrs.api.context.Context.getMessageSourceService().getMessage(\"htmlformentry.error.formModifiedBeforeSubmission\"));\n        }\n    }\n    if (encounter !\u003d null) {\n        if ((encounterModifiedTimestamp !\u003d null) \u0026\u0026 (!(org.openmrs.util.OpenmrsUtil.nullSafeEquals(encounterModifiedTimestamp, session.getEncounterModifiedTimestamp())))) {\n            throw new java.lang.RuntimeException(org.openmrs.api.context.Context.getMessageSourceService().getMessage(\"htmlformentry.error.encounterModifiedBeforeSubmission\"));\n        }\n    }\n    if (hasChangedInd !\u003d null)\n        session.setHasChangedInd(hasChangedInd);\n\n    org.openmrs.api.context.Context.setVolatileUserData(org.openmrs.module.htmlformentry.web.controller.HtmlFormEntryController.FORM_IN_PROGRESS_KEY, session);\n    log.info(((\"Took \" + ((java.lang.System.currentTimeMillis()) - ts)) + \" ms\"));\n    return session;\n}"
              },
              "line": 61,
              "file": "/home/khesoem/projects/lighter/exp/omod/src/main/java/org/openmrs/module/htmlformentry/web/controller/HtmlFormEntryController.java",
              "stats": {
                "number_of_src_entities": 2,
                "number_of_dst_entities": 2,
                "src_entity_types": "[org.openmrs.module.htmlformentry.FormEntrySession]",
                "dst_entity_types": "[org.openmrs.module.htmlformentry.web.controller.FormEntrySession]"
              }
            }
          ]
        },
        {
          "tool-name": "Elixir",
          "pattern-name": "Elixir:update_type_ref",
          "Unified_Diff_of-files:": "Starts Below...",
          "DELETE:": "import org.openmrs.module.htmlformentry.ValidationException;",
          "CHANGE_old:": "",
          "CHANGE_new:": "                                                @RequestParam(value\u003d\"hasChangedInd\", required\u003dfalse) String hasChangedInd) throws Exception {",
          "INSERT:": "",
          "instance_detail": [
            {
              "pattern_action": "UPD",
              "pattern_entity": {
                "entity_type": "TypeReference",
                "entity_new value": "*",
                "entity_role": "*",
                "entity_parent": "null"
              },
              "concrete_change": {
                "operator": "UPD",
                "src_type": "TypeReference",
                "dst_type": "TypeReference",
                "src": "org.openmrs.module.htmlformentry.HtmlForm",
                "dst": "org.openmrs.module.htmlformentry.web.controller.HtmlForm",
                "src_parent_type": "LocalVariable",
                "dst_parent_type": "LocalVariable",
                "src_parent": "org.openmrs.module.htmlformentry.HtmlForm htmlForm \u003d null",
                "dst_parent": "org.openmrs.module.htmlformentry.web.controller.HtmlForm htmlForm \u003d null"
              },
              "line": 96,
              "file": "/home/khesoem/projects/lighter/exp/omod/src/main/java/org/openmrs/module/htmlformentry/web/controller/HtmlFormEntryController.java",
              "stats": {
                "number_of_src_entities": 2,
                "number_of_dst_entities": 2,
                "src_entity_types": "[org.openmrs.module.htmlformentry.HtmlForm]",
                "dst_entity_types": "[org.openmrs.module.htmlformentry.web.controller.HtmlForm]"
              }
            }
          ]
        },
        {
          "tool-name": "Elixir",
          "pattern-name": "Elixir:update_type_ref",
          "Unified_Diff_of-files:": "Starts Below...",
          "DELETE:": "import org.openmrs.module.htmlformentry.ValidationException;",
          "CHANGE_old:": "",
          "CHANGE_new:": "                                                @RequestParam(value\u003d\"hasChangedInd\", required\u003dfalse) String hasChangedInd) throws Exception {",
          "INSERT:": "",
          "instance_detail": [
            {
              "pattern_action": "UPD",
              "pattern_entity": {
                "entity_type": "TypeReference",
                "entity_new value": "*",
                "entity_role": "*",
                "entity_parent": "null"
              },
              "concrete_change": {
                "operator": "UPD",
                "src_type": "TypeReference",
                "dst_type": "TypeReference",
                "src": "org.openmrs.module.htmlformentry.FormEntrySession",
                "dst": "org.openmrs.module.htmlformentry.web.controller.FormEntrySession",
                "src_parent_type": "LocalVariable",
                "dst_parent_type": "LocalVariable",
                "src_parent": "org.openmrs.module.htmlformentry.FormEntrySession session \u003d null",
                "dst_parent": "org.openmrs.module.htmlformentry.web.controller.FormEntrySession session \u003d null"
              },
              "line": 159,
              "file": "/home/khesoem/projects/lighter/exp/omod/src/main/java/org/openmrs/module/htmlformentry/web/controller/HtmlFormEntryController.java",
              "stats": {
                "number_of_src_entities": 2,
                "number_of_dst_entities": 2,
                "src_entity_types": "[org.openmrs.module.htmlformentry.FormEntrySession]",
                "dst_entity_types": "[org.openmrs.module.htmlformentry.web.controller.FormEntrySession]"
              }
            }
          ]
        },
        {
          "tool-name": "Elixir",
          "pattern-name": "Elixir:update_type_ref",
          "Unified_Diff_of-files:": "Starts Below...",
          "DELETE:": "import org.openmrs.module.htmlformentry.ValidationException;",
          "CHANGE_old:": "",
          "CHANGE_new:": "                                                @RequestParam(value\u003d\"hasChangedInd\", required\u003dfalse) String hasChangedInd) throws Exception {",
          "INSERT:": "",
          "instance_detail": [
            {
              "pattern_action": "UPD",
              "pattern_entity": {
                "entity_type": "TypeReference",
                "entity_new value": "*",
                "entity_role": "*",
                "entity_parent": "null"
              },
              "concrete_change": {
                "operator": "UPD",
                "src_type": "TypeReference",
                "dst_type": "TypeReference",
                "src": "org.openmrs.module.htmlformentry.FormEntrySession",
                "dst": "org.openmrs.module.htmlformentry.web.controller.FormEntrySession",
                "src_parent_type": "ParameterReference",
                "dst_parent_type": "Parameter",
                "src_parent": "session",
                "dst_parent": "@org.springframework.web.bind.annotation.ModelAttribute(\"command\")\norg.openmrs.module.htmlformentry.web.controller.FormEntrySession session"
              },
              "line": 200,
              "file": "/home/khesoem/projects/lighter/exp/omod/src/main/java/org/openmrs/module/htmlformentry/web/controller/HtmlFormEntryController.java",
              "stats": {
                "number_of_src_entities": 2,
                "number_of_dst_entities": 2,
                "src_entity_types": "[org.openmrs.module.htmlformentry.FormEntrySession]",
                "dst_entity_types": "[org.openmrs.module.htmlformentry.web.controller.FormEntrySession]"
              }
            }
          ]
        },
        {
          "tool-name": "Elixir",
          "pattern-name": "Elixir:update_type_ref",
          "Unified_Diff_of-files:": "Starts Below...",
          "DELETE:": "import org.openmrs.module.htmlformentry.ValidationException;",
          "CHANGE_old:": "",
          "CHANGE_new:": "                                                @RequestParam(value\u003d\"hasChangedInd\", required\u003dfalse) String hasChangedInd) throws Exception {",
          "INSERT:": "",
          "instance_detail": [
            {
              "pattern_action": "UPD",
              "pattern_entity": {
                "entity_type": "TypeReference",
                "entity_new value": "*",
                "entity_role": "*",
                "entity_parent": "null"
              },
              "concrete_change": {
                "operator": "UPD",
                "src_type": "TypeReference",
                "dst_type": "TypeReference",
                "src": "org.openmrs.module.htmlformentry.FormEntrySession",
                "dst": "org.openmrs.module.htmlformentry.web.controller.FormEntrySession",
                "src_parent_type": "ParameterReference",
                "dst_parent_type": "Parameter",
                "src_parent": "formEntrySession",
                "dst_parent": "org.openmrs.module.htmlformentry.web.controller.FormEntrySession formEntrySession"
              },
              "line": 318,
              "file": "/home/khesoem/projects/lighter/exp/omod/src/main/java/org/openmrs/module/htmlformentry/web/controller/HtmlFormEntryController.java",
              "stats": {
                "number_of_src_entities": 2,
                "number_of_dst_entities": 2,
                "src_entity_types": "[org.openmrs.module.htmlformentry.FormEntrySession]",
                "dst_entity_types": "[org.openmrs.module.htmlformentry.web.controller.FormEntrySession]"
              }
            }
          ]
        },
        {
          "tool-name": "Elixir",
          "pattern-name": "Elixir:update_type_ref",
          "Unified_Diff_of-files:": "Starts Below...",
          "DELETE:": "import org.openmrs.module.htmlformentry.ValidationException;",
          "CHANGE_old:": "",
          "CHANGE_new:": "                                                @RequestParam(value\u003d\"hasChangedInd\", required\u003dfalse) String hasChangedInd) throws Exception {",
          "INSERT:": "",
          "instance_detail": [
            {
              "pattern_action": "UPD",
              "pattern_entity": {
                "entity_type": "TypeReference",
                "entity_new value": "*",
                "entity_role": "*",
                "entity_parent": "null"
              },
              "concrete_change": {
                "operator": "UPD",
                "src_type": "TypeReference",
                "dst_type": "TypeReference",
                "src": "org.openmrs.module.htmlformentry.ValidationException",
                "dst": "org.openmrs.module.htmlformentry.web.controller.ValidationException",
                "src_parent_type": "CatchVariableReference",
                "dst_parent_type": "CatchVariable",
                "src_parent": "ex",
                "dst_parent": "org.openmrs.module.htmlformentry.web.controller.ValidationException ex"
              },
              "stats": {
                "number_of_src_entities": 2,
                "number_of_dst_entities": 2,
                "src_entity_types": "[org.openmrs.module.htmlformentry.ValidationException]",
                "dst_entity_types": "[org.openmrs.module.htmlformentry.web.controller.ValidationException]"
              }
            }
          ]
        },
        {
          "tool-name": "Elixir",
          "pattern-name": "Elixir:update_type_ref",
          "Unified_Diff_of-files:": "Starts Below...",
          "DELETE:": "import org.openmrs.module.htmlformentry.ValidationException;",
          "CHANGE_old:": "",
          "CHANGE_new:": "                                                @RequestParam(value\u003d\"hasChangedInd\", required\u003dfalse) String hasChangedInd) throws Exception {",
          "INSERT:": "",
          "instance_detail": [
            {
              "pattern_action": "UPD",
              "pattern_entity": {
                "entity_type": "TypeReference",
                "entity_new value": "*",
                "entity_role": "*",
                "entity_parent": "null"
              },
              "concrete_change": {
                "operator": "UPD",
                "src_type": "TypeReference",
                "dst_type": "TypeReference",
                "src": "org.openmrs.module.htmlformentry.BadFormDesignException",
                "dst": "org.openmrs.module.htmlformentry.web.controller.BadFormDesignException",
                "src_parent_type": "CatchVariableReference",
                "dst_parent_type": "CatchVariable",
                "src_parent": "ex",
                "dst_parent": "org.openmrs.module.htmlformentry.web.controller.BadFormDesignException ex"
              },
              "stats": {
                "number_of_src_entities": 2,
                "number_of_dst_entities": 2,
                "src_entity_types": "[org.openmrs.module.htmlformentry.BadFormDesignException]",
                "dst_entity_types": "[org.openmrs.module.htmlformentry.web.controller.BadFormDesignException]"
              }
            }
          ]
        }
      ]
    },
    {
      "revision": "2bf88ff72d9b9d5a290067df3b00a490231e4882",
      "repairability": [
        {
          "tool-name": "Elixir",
          "pattern-name": "Elixir:update_type_ref",
          "Unified_Diff_of-files:": "Starts Below...",
          "DELETE:": "import org.openmrs.module.htmlformentry.ValidationException;",
          "CHANGE_old:": "",
          "CHANGE_new:": "                                                @RequestParam(value\u003d\"hasChangedInd\", required\u003dfalse) String hasChangedInd) throws Exception {",
          "INSERT:": "",
          "instance_detail": [
            {
              "pattern_action": "UPD",
              "pattern_entity": {
                "entity_type": "TypeReference",
                "entity_new value": "*",
                "entity_role": "*",
                "entity_parent": "null"
              },
              "concrete_change": {
                "operator": "UPD",
                "src_type": "TypeReference",
                "dst_type": "TypeReference",
                "src": "java.lang.reflect.Method",
                "dst": "java.util.List\u003cjava.lang.reflect.Method\u003e",
                "src_parent_type": "Method",
                "dst_parent_type": "Method",
                "src_parent": "private static java.lang.reflect.Method getMethodCaseInsensitive(java.lang.Class\u003c? extends java.lang.Object\u003e clazz, java.lang.String methodName) {\n    for (java.lang.reflect.Method m : clazz.getMethods()) {\n        if (m.getName().toUpperCase().equals(methodName.toUpperCase())) {\n            return m;\n        }\n    }\n    return null;\n}",
                "dst_parent": "private static java.util.List\u003cjava.lang.reflect.Method\u003e getMethodCaseInsensitive(java.lang.Class\u003c? extends java.lang.Object\u003e clazz, java.lang.String methodName) {\n    java.util.List\u003cjava.lang.reflect.Method\u003e methodList \u003d new java.util.ArrayList\u003cjava.lang.reflect.Method\u003e();\n    for (java.lang.reflect.Method m : clazz.getMethods()) {\n        if (m.getName().toUpperCase().equals(methodName.toUpperCase())) {\n            methodList.add(m);\n        }\n    }\n    return methodList;\n}"
              },
              "line": 1123,
              "file": "/home/khesoem/projects/lighter/exp/api/src/main/java/org/openmrs/module/htmlformentry/HtmlFormEntryUtil.java",
              "stats": {
                "number_of_src_entities": 2,
                "number_of_dst_entities": 4,
                "src_entity_types": "[java.lang.reflect.Method]",
                "dst_entity_types": "[java.lang.reflect.Method, java.util.List\u003cjava.lang.reflect.Method\u003e]"
              }
            }
          ]
        },
        {
          "tool-name": "Elixir",
          "pattern-name": "Elixir:check_length",
          "Unified_Diff_of-files:": "Starts Below...",
          "DELETE:": "import org.openmrs.module.htmlformentry.ValidationException;",
          "CHANGE_old:": "",
          "CHANGE_new:": "                                                @RequestParam(value\u003d\"hasChangedInd\", required\u003dfalse) String hasChangedInd) throws Exception {",
          "INSERT:": "",
          "instance_detail": [
            {
              "pattern_action": "MOV",
              "pattern_entity": {
                "entity_type": "Statement",
                "entity_new value": "*",
                "entity_role": "*",
                "entity_parent": "null"
              },
              "concrete_change": {
                "operator": "MOV",
                "src_type": "Block",
                "dst_type": "Block",
                "src": "{\n    return m;\n}",
                "dst": "{\n    return m;\n}",
                "src_parent_type": "If",
                "dst_parent_type": "If",
                "src_parent": "if (m.getName().toUpperCase().equals(methodName.toUpperCase())) {\n    return m;\n}",
                "dst_parent": "if (getter.getReturnType().equals(parameter)) {\n    return m;\n}"
              },
              "line": 1125,
              "file": "/home/khesoem/projects/lighter/exp/api/src/main/java/org/openmrs/module/htmlformentry/HtmlFormEntryUtil.java",
              "stats": {
                "number_of_src_entities": 6,
                "number_of_dst_entities": 6,
                "src_entity_types": "[java.lang.reflect.Method]",
                "dst_entity_types": "[java.lang.reflect.Method]"
              }
            },
            {
              "pattern_action": "INS",
              "pattern_entity": {
                "entity_type": "If",
                "entity_new value": "*",
                "entity_role": "*",
                "entity_parent": "null"
              },
              "concrete_change": {
                "operator": "INS",
                "src_type": "If",
                "dst_type": "null",
                "src": "if ((setterMethods !\u003d null) \u0026\u0026 (!(setterMethods.isEmpty()))) {\n    if ((setterMethods.size()) \u003d\u003d 1) {\n        return setterMethods.get(0);\n    } else\n        if ((setterMethods.size()) \u003e 1) {\n            for (java.lang.reflect.Method m : setterMethods) {\n                java.lang.Class\u003c?\u003e[] parameters \u003d m.getParameterTypes();\n                for (java.lang.Class\u003c?\u003e parameter : parameters) {\n                    if (getter.getReturnType().equals(parameter)) {\n                        return m;\n                    }\n                }\n            }\n        }\n\n}",
                "dst": "null",
                "src_parent_type": "Block",
                "dst_parent_type": "null",
                "src_parent": "{\n    java.util.List\u003cjava.lang.reflect.Method\u003e setterMethods \u003d org.openmrs.module.htmlformentry.HtmlFormEntryUtil.getMethodCaseInsensitive(clazz, methodname);\n    if ((setterMethods !\u003d null) \u0026\u0026 (!(setterMethods.isEmpty()))) {\n        if ((setterMethods.size()) \u003d\u003d 1) {\n            return setterMethods.get(0);\n        } else\n            if ((setterMethods.size()) \u003e 1) {\n                for (java.lang.reflect.Method m : setterMethods) {\n                    java.lang.Class\u003c?\u003e[] parameters \u003d m.getParameterTypes();\n                    for (java.lang.Class\u003c?\u003e parameter : parameters) {\n                        if (getter.getReturnType().equals(parameter)) {\n                            return m;\n                        }\n                    }\n                }\n            }\n\n    }\n    return null;\n}",
                "dst_parent": "null"
              },
              "line": 1153,
              "file": "/home/khesoem/projects/lighter/exp/api/src/main/java/org/openmrs/module/htmlformentry/HtmlFormEntryUtil.java"
            }
          ]
        },
        {
          "tool-name": "Elixir",
          "pattern-name": "Elixir:check_length",
          "Unified_Diff_of-files:": "Starts Below...",
          "DELETE:": "import org.openmrs.module.htmlformentry.ValidationException;",
          "CHANGE_old:": "",
          "CHANGE_new:": "                                                @RequestParam(value\u003d\"hasChangedInd\", required\u003dfalse) String hasChangedInd) throws Exception {",
          "INSERT:": "",
          "instance_detail": [
            {
              "pattern_action": "MOV",
              "pattern_entity": {
                "entity_type": "Statement",
                "entity_new value": "*",
                "entity_role": "*",
                "entity_parent": "null"
              },
              "concrete_change": {
                "operator": "MOV",
                "src_type": "Block",
                "dst_type": "Block",
                "src": "{\n    return m;\n}",
                "dst": "{\n    return m;\n}",
                "src_parent_type": "If",
                "dst_parent_type": "If",
                "src_parent": "if (m.getName().toUpperCase().equals(methodName.toUpperCase())) {\n    return m;\n}",
                "dst_parent": "if (getter.getReturnType().equals(parameter)) {\n    return m;\n}"
              },
              "line": 1125,
              "file": "/home/khesoem/projects/lighter/exp/api/src/main/java/org/openmrs/module/htmlformentry/HtmlFormEntryUtil.java",
              "stats": {
                "number_of_src_entities": 6,
                "number_of_dst_entities": 6,
                "src_entity_types": "[java.lang.reflect.Method]",
                "dst_entity_types": "[java.lang.reflect.Method]"
              }
            },
            {
              "pattern_action": "INS",
              "pattern_entity": {
                "entity_type": "If",
                "entity_new value": "*",
                "entity_role": "*",
                "entity_parent": "null"
              },
              "concrete_change": {
                "operator": "INS",
                "src_type": "If",
                "dst_type": "null",
                "src": "if ((setterMethods.size()) \u003d\u003d 1) {\n    return setterMethods.get(0);\n} else\n    if ((setterMethods.size()) \u003e 1) {\n        for (java.lang.reflect.Method m : setterMethods) {\n            java.lang.Class\u003c?\u003e[] parameters \u003d m.getParameterTypes();\n            for (java.lang.Class\u003c?\u003e parameter : parameters) {\n                if (getter.getReturnType().equals(parameter)) {\n                    return m;\n                }\n            }\n        }\n    }\n",
                "dst": "null",
                "src_parent_type": "Block",
                "dst_parent_type": "null",
                "src_parent": "{\n    if ((setterMethods.size()) \u003d\u003d 1) {\n        return setterMethods.get(0);\n    } else\n        if ((setterMethods.size()) \u003e 1) {\n            for (java.lang.reflect.Method m : setterMethods) {\n                java.lang.Class\u003c?\u003e[] parameters \u003d m.getParameterTypes();\n                for (java.lang.Class\u003c?\u003e parameter : parameters) {\n                    if (getter.getReturnType().equals(parameter)) {\n                        return m;\n                    }\n                }\n            }\n        }\n\n}",
                "dst_parent": "null"
              },
              "line": 1154,
              "file": "/home/khesoem/projects/lighter/exp/api/src/main/java/org/openmrs/module/htmlformentry/HtmlFormEntryUtil.java"
            }
          ]
        },
        {
          "tool-name": "Elixir",
          "pattern-name": "Elixir:check_length",
          "Unified_Diff_of-files:": "Starts Below...",
          "DELETE:": "import org.openmrs.module.htmlformentry.ValidationException;",
          "CHANGE_old:": "",
          "CHANGE_new:": "                                                @RequestParam(value\u003d\"hasChangedInd\", required\u003dfalse) String hasChangedInd) throws Exception {",
          "INSERT:": "",
          "instance_detail": [
            {
              "pattern_action": "MOV",
              "pattern_entity": {
                "entity_type": "Statement",
                "entity_new value": "*",
                "entity_role": "*",
                "entity_parent": "null"
              },
              "concrete_change": {
                "operator": "MOV",
                "src_type": "Block",
                "dst_type": "Block",
                "src": "{\n    return m;\n}",
                "dst": "{\n    return m;\n}",
                "src_parent_type": "If",
                "dst_parent_type": "If",
                "src_parent": "if (m.getName().toUpperCase().equals(methodName.toUpperCase())) {\n    return m;\n}",
                "dst_parent": "if (getter.getReturnType().equals(parameter)) {\n    return m;\n}"
              },
              "line": 1125,
              "file": "/home/khesoem/projects/lighter/exp/api/src/main/java/org/openmrs/module/htmlformentry/HtmlFormEntryUtil.java",
              "stats": {
                "number_of_src_entities": 6,
                "number_of_dst_entities": 6,
                "src_entity_types": "[java.lang.reflect.Method]",
                "dst_entity_types": "[java.lang.reflect.Method]"
              }
            },
            {
              "pattern_action": "INS",
              "pattern_entity": {
                "entity_type": "If",
                "entity_new value": "*",
                "entity_role": "*",
                "entity_parent": "null"
              },
              "concrete_change": {
                "operator": "INS",
                "src_type": "If",
                "dst_type": "null",
                "src": "if ((setterMethods.size()) \u003e 1) {\n    for (java.lang.reflect.Method m : setterMethods) {\n        java.lang.Class\u003c?\u003e[] parameters \u003d m.getParameterTypes();\n        for (java.lang.Class\u003c?\u003e parameter : parameters) {\n            if (getter.getReturnType().equals(parameter)) {\n                return m;\n            }\n        }\n    }\n}",
                "dst": "null",
                "src_parent_type": "Block",
                "dst_parent_type": "null",
                "src_parent": "if ((setterMethods.size()) \u003e 1) {\n        for (java.lang.reflect.Method m : setterMethods) {\n            java.lang.Class\u003c?\u003e[] parameters \u003d m.getParameterTypes();\n            for (java.lang.Class\u003c?\u003e parameter : parameters) {\n                if (getter.getReturnType().equals(parameter)) {\n                    return m;\n                }\n            }\n        }\n    }\n",
                "dst_parent": "null"
              },
              "line": 1156,
              "file": "/home/khesoem/projects/lighter/exp/api/src/main/java/org/openmrs/module/htmlformentry/HtmlFormEntryUtil.java"
            }
          ]
        },
        {
          "tool-name": "Elixir",
          "pattern-name": "Elixir:check_length",
          "Unified_Diff_of-files:": "Starts Below...",
          "DELETE:": "import org.openmrs.module.htmlformentry.ValidationException;",
          "CHANGE_old:": "",
          "CHANGE_new:": "                                                @RequestParam(value\u003d\"hasChangedInd\", required\u003dfalse) String hasChangedInd) throws Exception {",
          "INSERT:": "",
          "instance_detail": [
            {
              "pattern_action": "MOV",
              "pattern_entity": {
                "entity_type": "Statement",
                "entity_new value": "*",
                "entity_role": "*",
                "entity_parent": "null"
              },
              "concrete_change": {
                "operator": "MOV",
                "src_type": "Block",
                "dst_type": "Block",
                "src": "{\n    return m;\n}",
                "dst": "{\n    return m;\n}",
                "src_parent_type": "If",
                "dst_parent_type": "If",
                "src_parent": "if (m.getName().toUpperCase().equals(methodName.toUpperCase())) {\n    return m;\n}",
                "dst_parent": "if (getter.getReturnType().equals(parameter)) {\n    return m;\n}"
              },
              "line": 1125,
              "file": "/home/khesoem/projects/lighter/exp/api/src/main/java/org/openmrs/module/htmlformentry/HtmlFormEntryUtil.java",
              "stats": {
                "number_of_src_entities": 6,
                "number_of_dst_entities": 6,
                "src_entity_types": "[java.lang.reflect.Method]",
                "dst_entity_types": "[java.lang.reflect.Method]"
              }
            },
            {
              "pattern_action": "INS",
              "pattern_entity": {
                "entity_type": "If",
                "entity_new value": "*",
                "entity_role": "*",
                "entity_parent": "null"
              },
              "concrete_change": {
                "operator": "INS",
                "src_type": "If",
                "dst_type": "null",
                "src": "if (getter.getReturnType().equals(parameter)) {\n    return m;\n}",
                "dst": "null",
                "src_parent_type": "Block",
                "dst_parent_type": "null",
                "src_parent": "{\n    if (getter.getReturnType().equals(parameter)) {\n        return m;\n    }\n}",
                "dst_parent": "null"
              },
              "line": 1160,
              "file": "/home/khesoem/projects/lighter/exp/api/src/main/java/org/openmrs/module/htmlformentry/HtmlFormEntryUtil.java"
            }
          ]
        }
      ]
    }
  ],
  "complete_analysis": true
}