{
  "instances": [
    {
      "revision": "c81b211ed679d3a7aa0e312dcdb854916c532bc1",
      "repairability": [
        {
          "tool-name": "Cardumen",
          "pattern-name": "Cardumen:expression_replacement_by_upd",
          "Unified_Diff_of-files:": "Starts Below...",
          "CHANGE_old:": "package io.debezium.kcdrestextension.entities;",
          "CHANGE_new:": "package io.debezium.kcrestextension.entities;",
          "instance_detail": [
            {
              "pattern_action": "UPD",
              "pattern_entity": {
                "entity_type": "Expression",
                "entity_new value": "*",
                "entity_role": "*",
                "entity_parent": "null"
              },
              "concrete_change": {
                "operator": "UPD",
                "src_type": "ConstructorCall",
                "dst_type": "ConstructorCall",
                "src": "new org.apache.kafka.connect.transforms.predicates.HasHeaderKey()",
                "dst": "new org.apache.kafka.connect.transforms.predicates.HasHeaderKey()",
                "src_parent_type": "Invocation",
                "dst_parent_type": "Invocation",
                "src_parent": "new org.apache.kafka.connect.transforms.predicates.HasHeaderKey().config()",
                "dst_parent": "new org.apache.kafka.connect.transforms.predicates.HasHeaderKey().config()"
              },
              "line": 109,
              "file": "/home/khesoem/projects/lighter/exp/debezium-connect-rest-extension/src/main/java/io/debezium/kcdrestextension/DebeziumResource.java",
              "stats": {
                "number_of_src_entities": 6,
                "number_of_dst_entities": 6,
                "src_entity_types": "[io.debezium.kcdrestextension.HasHeaderKey\u003c\u003e]",
                "dst_entity_types": "[io.debezium.kcrestextension.HasHeaderKey\u003c\u003e]"
              }
            }
          ]
        },
        {
          "tool-name": "Cardumen",
          "pattern-name": "Cardumen:expression_replacement_by_upd",
          "Unified_Diff_of-files:": "Starts Below...",
          "CHANGE_old:": "package io.debezium.kcdrestextension.entities;",
          "CHANGE_new:": "package io.debezium.kcrestextension.entities;",
          "instance_detail": [
            {
              "pattern_action": "UPD",
              "pattern_entity": {
                "entity_type": "Expression",
                "entity_new value": "*",
                "entity_role": "*",
                "entity_parent": "null"
              },
              "concrete_change": {
                "operator": "UPD",
                "src_type": "ConstructorCall",
                "dst_type": "ConstructorCall",
                "src": "new org.apache.kafka.connect.transforms.predicates.RecordIsTombstone()",
                "dst": "new org.apache.kafka.connect.transforms.predicates.RecordIsTombstone()",
                "src_parent_type": "Invocation",
                "dst_parent_type": "Invocation",
                "src_parent": "new org.apache.kafka.connect.transforms.predicates.RecordIsTombstone().config()",
                "dst_parent": "new org.apache.kafka.connect.transforms.predicates.RecordIsTombstone().config()"
              },
              "line": 110,
              "file": "/home/khesoem/projects/lighter/exp/debezium-connect-rest-extension/src/main/java/io/debezium/kcdrestextension/DebeziumResource.java",
              "stats": {
                "number_of_src_entities": 6,
                "number_of_dst_entities": 6,
                "src_entity_types": "[io.debezium.kcdrestextension.RecordIsTombstone\u003c\u003e]",
                "dst_entity_types": "[io.debezium.kcrestextension.RecordIsTombstone\u003c\u003e]"
              }
            }
          ]
        },
        {
          "tool-name": "Cardumen",
          "pattern-name": "Cardumen:expression_replacement_by_upd",
          "Unified_Diff_of-files:": "Starts Below...",
          "CHANGE_old:": "package io.debezium.kcdrestextension.entities;",
          "CHANGE_new:": "package io.debezium.kcrestextension.entities;",
          "instance_detail": [
            {
              "pattern_action": "UPD",
              "pattern_entity": {
                "entity_type": "Expression",
                "entity_new value": "*",
                "entity_role": "*",
                "entity_parent": "null"
              },
              "concrete_change": {
                "operator": "UPD",
                "src_type": "ConstructorCall",
                "dst_type": "ConstructorCall",
                "src": "new org.apache.kafka.connect.transforms.predicates.TopicNameMatches()",
                "dst": "new org.apache.kafka.connect.transforms.predicates.TopicNameMatches()",
                "src_parent_type": "Invocation",
                "dst_parent_type": "Invocation",
                "src_parent": "new org.apache.kafka.connect.transforms.predicates.TopicNameMatches().config()",
                "dst_parent": "new org.apache.kafka.connect.transforms.predicates.TopicNameMatches().config()"
              },
              "line": 111,
              "file": "/home/khesoem/projects/lighter/exp/debezium-connect-rest-extension/src/main/java/io/debezium/kcdrestextension/DebeziumResource.java",
              "stats": {
                "number_of_src_entities": 6,
                "number_of_dst_entities": 6,
                "src_entity_types": "[io.debezium.kcdrestextension.TopicNameMatches\u003c\u003e]",
                "dst_entity_types": "[io.debezium.kcrestextension.TopicNameMatches\u003c\u003e]"
              }
            }
          ]
        }
      ]
    }
  ],
  "complete_analysis": true
}