{
  "instances": [
    {
      "revision": "5156ea0d16ee33b3c9725bdbbeef37eaf0c9ca7a",
      "repairability": [
        {
          "tool-name": "Cardumen",
          "pattern-name": "Cardumen:expression_replacement_by_del_ins",
          "Unified_Diff_of-files:": "Starts Below...",
          "INSERT:": "",
          "CHANGE_old:": "        return LocalDate.from(DateTimeFormatter.ISO_LOCAL_DATE.parse(value));",
          "CHANGE_new:": "        return LocalDate.from(DATE_WITH_OPTIONAL_TIME_FORMATTER_BUILDER.parse(value));",
          "instance_detail": [
            {
              "pattern_action": "DEL",
              "pattern_entity": {
                "entity_type": "Expression",
                "entity_new value": "*",
                "entity_role": "*",
                "entity_parent": "null"
              },
              "concrete_change": {
                "operator": "DEL",
                "src_type": "VariableRead",
                "dst_type": "null",
                "src": "value",
                "dst": "null",
                "src_parent_type": "Invocation",
                "dst_parent_type": "null",
                "src_parent": "java.time.format.DateTimeFormatter.ISO_LOCAL_DATE.parse(value)",
                "dst_parent": "null"
              },
              "line": 118,
              "file": "/home/khesoem/projects/lighter/exp/debezium-connector-mysql/src/main/java/io/debezium/connector/mysql/MySqlDefaultValueConverter.java"
            },
            {
              "pattern_action": "INS",
              "pattern_entity": {
                "entity_type": "Expression",
                "entity_new value": "*",
                "entity_role": "*",
                "entity_parent": "null"
              },
              "concrete_change": {
                "operator": "INS",
                "src_type": "ConstructorCall",
                "dst_type": "null",
                "src": "new java.time.format.DateTimeFormatterBuilder()",
                "dst": "null",
                "src_parent_type": "Invocation",
                "dst_parent_type": "null",
                "src_parent": "new java.time.format.DateTimeFormatterBuilder().append(java.time.format.DateTimeFormatter.ISO_LOCAL_DATE)",
                "dst_parent": "null"
              },
              "line": 50,
              "file": "/home/khesoem/projects/lighter/exp/debezium-connector-mysql/src/main/java/io/debezium/connector/mysql/MySqlDefaultValueConverter.java"
            }
          ]
        }
      ]
    }
  ],
  "complete_analysis": true
}