{
  "instances": [
    {
      "revision": "7de360cb7b3aa230c270593abfd78c2d0893a956",
      "repairability": [
        {
          "tool-name": "Cardumen",
          "pattern-name": "Cardumen:expression_replacement_by_upd",
          "Unified_Diff_of-files:": "Starts Below...",
          "DELETE:": "import java.util.Arrays;",
          "INSERT:": " * @author Pavel Horal",
          "CHANGE_old:": "        private \u0026lt;P extends PersistentProperty\u0026lt;?\u0026gt;\u0026gt; TemporalAccessor setDateProperty(",
          "CHANGE_new:": "        private TemporalAccessor setDateProperty(",
          "instance_detail": [
            {
              "pattern_action": "UPD",
              "pattern_entity": {
                "entity_type": "Expression",
                "entity_new value": "*",
                "entity_role": "*",
                "entity_parent": "null"
              },
              "concrete_change": {
                "operator": "UPD",
                "src_type": "Lambda",
                "dst_type": "Lambda",
                "src": "( it) -\u003e {\n    if (it instanceof org.springframework.data.domain.Auditable) {\n        return ((org.springframework.data.auditing.AuditableBeanWrapper\u003cT\u003e) (new org.springframework.data.auditing.DefaultAuditableBeanWrapperFactory.AuditableInterfaceBeanWrapper(conversionService, ((org.springframework.data.domain.Auditable\u003cjava.lang.Object, ?, java.time.temporal.TemporalAccessor\u003e) (it)))));\n    }\n    org.springframework.data.auditing.AnnotationAuditingMetadata metadata \u003d org.springframework.data.auditing.AnnotationAuditingMetadata.getMetadata(it.getClass());\n    if (metadata.isAuditable()) {\n        return new org.springframework.data.auditing.DefaultAuditableBeanWrapperFactory.ReflectionAuditingBeanWrapper\u003cT\u003e(conversionService, it);\n    }\n    return null;\n}",
                "dst": "( it) -\u003e {\n    if (it instanceof org.springframework.data.domain.Auditable) {\n        return ((org.springframework.data.auditing.AuditableBeanWrapper\u003cT\u003e) (new org.springframework.data.auditing.DefaultAuditableBeanWrapperFactory.AuditableInterfaceBeanWrapper(conversionService, ((org.springframework.data.domain.Auditable\u003cjava.lang.Object, ?, java.time.temporal.TemporalAccessor\u003e) (it)))));\n    }\n    org.springframework.data.auditing.AnnotationAuditingMetadata metadata \u003d org.springframework.data.auditing.AnnotationAuditingMetadata.getMetadata(it.getClass());\n    if (metadata.isAuditable()) {\n        return new org.springframework.data.auditing.DefaultAuditableBeanWrapperFactory.ReflectionAuditingBeanWrapper\u003cT\u003e(conversionService, it);\n    }\n    return null;\n}",
                "src_parent_type": "Invocation",
                "dst_parent_type": "Invocation",
                "src_parent": "java.util.Optional.of(source).map(( it) -\u003e {\n    if (it instanceof org.springframework.data.domain.Auditable) {\n        return ((org.springframework.data.auditing.AuditableBeanWrapper\u003cT\u003e) (new org.springframework.data.auditing.DefaultAuditableBeanWrapperFactory.AuditableInterfaceBeanWrapper(conversionService, ((org.springframework.data.domain.Auditable\u003cjava.lang.Object, ?, java.time.temporal.TemporalAccessor\u003e) (it)))));\n    }\n    org.springframework.data.auditing.AnnotationAuditingMetadata metadata \u003d org.springframework.data.auditing.AnnotationAuditingMetadata.getMetadata(it.getClass());\n    if (metadata.isAuditable()) {\n        return new org.springframework.data.auditing.DefaultAuditableBeanWrapperFactory.ReflectionAuditingBeanWrapper\u003cT\u003e(conversionService, it);\n    }\n    return null;\n})",
                "dst_parent": "java.util.Optional.of(source).map(( it) -\u003e {\n    if (it instanceof org.springframework.data.domain.Auditable) {\n        return ((org.springframework.data.auditing.AuditableBeanWrapper\u003cT\u003e) (new org.springframework.data.auditing.DefaultAuditableBeanWrapperFactory.AuditableInterfaceBeanWrapper(conversionService, ((org.springframework.data.domain.Auditable\u003cjava.lang.Object, ?, java.time.temporal.TemporalAccessor\u003e) (it)))));\n    }\n    org.springframework.data.auditing.AnnotationAuditingMetadata metadata \u003d org.springframework.data.auditing.AnnotationAuditingMetadata.getMetadata(it.getClass());\n    if (metadata.isAuditable()) {\n        return new org.springframework.data.auditing.DefaultAuditableBeanWrapperFactory.ReflectionAuditingBeanWrapper\u003cT\u003e(conversionService, it);\n    }\n    return null;\n})"
              },
              "line": 66,
              "file": "/home/khesoem/projects/lighter/exp/src/main/java/org/springframework/data/auditing/DefaultAuditableBeanWrapperFactory.java",
              "stats": {
                "number_of_src_entities": 141,
                "number_of_dst_entities": 141,
                "src_entity_types": "[java.util.function.Function\u003c? super T, ? extends org.springframework.data.auditing.AuditableBeanWrapper\u003cT\u003e\u003e, org.springframework.data.auditing.AuditableBeanWrapper\u003cT\u003e, java.time.temporal.TemporalAccessor, org.springframework.data.auditing.DefaultAuditableBeanWrapperFactory.AuditableInterfaceBeanWrapper, boolean, org.springframework.data.domain.Auditable, org.springframework.data.domain.Auditable\u003cjava.lang.Object, ?, java.time.temporal.TemporalAccessor\u003e, java.lang.Object, org.springframework.data.auditing.DefaultAuditableBeanWrapperFactory, org.springframework.data.auditing.AnnotationAuditingMetadata, \u003cnulltype\u003e, org.springframework.data.auditing.DefaultAuditableBeanWrapperFactory.ReflectionAuditingBeanWrapper]",
                "dst_entity_types": "[java.util.function.Function\u003c? super T, ? extends org.springframework.data.auditing.AuditableBeanWrapper\u003cT\u003e\u003e, org.springframework.data.auditing.AuditableBeanWrapper\u003cT\u003e, java.time.temporal.TemporalAccessor, org.springframework.data.auditing.DefaultAuditableBeanWrapperFactory.AuditableInterfaceBeanWrapper, boolean, org.springframework.data.domain.Auditable, org.springframework.data.domain.Auditable\u003cjava.lang.Object, ?, java.time.temporal.TemporalAccessor\u003e, java.lang.Object, org.springframework.data.auditing.DefaultAuditableBeanWrapperFactory, org.springframework.data.auditing.AnnotationAuditingMetadata, \u003cnulltype\u003e, org.springframework.data.auditing.DefaultAuditableBeanWrapperFactory.ReflectionAuditingBeanWrapper]"
              }
            }
          ]
        },
        {
          "tool-name": "Cardumen",
          "pattern-name": "Cardumen:expression_replacement_by_del_ins",
          "Unified_Diff_of-files:": "Starts Below...",
          "DELETE:": "import java.util.Arrays;",
          "INSERT:": " * @author Pavel Horal",
          "CHANGE_old:": "        private \u0026lt;P extends PersistentProperty\u0026lt;?\u0026gt;\u0026gt; TemporalAccessor setDateProperty(",
          "CHANGE_new:": "        private TemporalAccessor setDateProperty(",
          "instance_detail": [
            {
              "pattern_action": "DEL",
              "pattern_entity": {
                "entity_type": "Expression",
                "entity_new value": "*",
                "entity_role": "*",
                "entity_parent": "null"
              },
              "concrete_change": {
                "operator": "DEL",
                "src_type": "Invocation",
                "dst_type": "null",
                "src": "org.springframework.data.auditing.DefaultAuditableBeanWrapperFactory.getDateConversionService()",
                "dst": "null",
                "src_parent_type": "Assignment",
                "dst_parent_type": "null",
                "src_parent": "this.conversionService \u003d org.springframework.data.auditing.DefaultAuditableBeanWrapperFactory.getDateConversionService()",
                "dst_parent": "null"
              },
              "line": 52,
              "file": "/home/khesoem/projects/lighter/exp/src/main/java/org/springframework/data/auditing/DefaultAuditableBeanWrapperFactory.java",
              "stats": {
                "number_of_src_entities": 9,
                "number_of_dst_entities": -1,
                "src_entity_types": "[org.springframework.data.auditing.DefaultAuditableBeanWrapperFactory]",
                "dst_entity_types": "[]"
              }
            },
            {
              "pattern_action": "INS",
              "pattern_entity": {
                "entity_type": "Expression",
                "entity_new value": "*",
                "entity_role": "*",
                "entity_parent": "null"
              },
              "concrete_change": {
                "operator": "INS",
                "src_type": "VariableRead",
                "dst_type": "null",
                "src": "conversionService",
                "dst": "null",
                "src_parent_type": "Assignment",
                "dst_parent_type": "null",
                "src_parent": "this.conversionService \u003d conversionService",
                "dst_parent": "null"
              },
              "line": 60,
              "file": "/home/khesoem/projects/lighter/exp/src/main/java/org/springframework/data/auditing/DefaultAuditableBeanWrapperFactory.java",
              "stats": {
                "number_of_src_entities": 4,
                "number_of_dst_entities": -1,
                "src_entity_types": "[org.springframework.format.support.DefaultFormattingConversionService]",
                "dst_entity_types": "[]"
              }
            }
          ]
        },
        {
          "tool-name": "Cardumen",
          "pattern-name": "Cardumen:expression_replacement_by_del_ins",
          "Unified_Diff_of-files:": "Starts Below...",
          "DELETE:": "import java.util.Arrays;",
          "INSERT:": " * @author Pavel Horal",
          "CHANGE_old:": "        private \u0026lt;P extends PersistentProperty\u0026lt;?\u0026gt;\u0026gt; TemporalAccessor setDateProperty(",
          "CHANGE_new:": "        private TemporalAccessor setDateProperty(",
          "instance_detail": [
            {
              "pattern_action": "DEL",
              "pattern_entity": {
                "entity_type": "Expression",
                "entity_new value": "*",
                "entity_role": "*",
                "entity_parent": "null"
              },
              "concrete_change": {
                "operator": "DEL",
                "src_type": "VariableRead",
                "dst_type": "null",
                "src": "conversionService",
                "dst": "null",
                "src_parent_type": "Return",
                "dst_parent_type": "null",
                "src_parent": "return conversionService",
                "dst_parent": "null"
              },
              "line": 94,
              "file": "/home/khesoem/projects/lighter/exp/src/main/java/org/springframework/data/auditing/DefaultAuditableBeanWrapperFactory.java",
              "stats": {
                "number_of_src_entities": 4,
                "number_of_dst_entities": -1,
                "src_entity_types": "[org.springframework.format.support.DefaultFormattingConversionService]",
                "dst_entity_types": "[]"
              }
            },
            {
              "pattern_action": "INS",
              "pattern_entity": {
                "entity_type": "Expression",
                "entity_new value": "*",
                "entity_role": "*",
                "entity_parent": "null"
              },
              "concrete_change": {
                "operator": "INS",
                "src_type": "FieldRead",
                "dst_type": "null",
                "src": "conversionService",
                "dst": "null",
                "src_parent_type": "Return",
                "dst_parent_type": "null",
                "src_parent": "return conversionService",
                "dst_parent": "null"
              },
              "line": 64,
              "file": "/home/khesoem/projects/lighter/exp/src/main/java/org/springframework/data/auditing/DefaultAuditableBeanWrapperFactory.java",
              "stats": {
                "number_of_src_entities": 12,
                "number_of_dst_entities": -1,
                "src_entity_types": "[org.springframework.data.auditing.DefaultAuditableBeanWrapperFactory]",
                "dst_entity_types": "[]"
              }
            }
          ]
        }
      ]
    }
  ],
  "complete_analysis": true
}