{
  "instances": [
    {
      "revision": "5eb10a081765337974bf2906e4477483d2906c66",
      "repairability": [
        {
          "tool-name": "Cardumen",
          "pattern-name": "Cardumen:expression_replacement_by_upd",
          "Unified_Diff_of-files:": "Starts Below...",
          "DELETE:": "import org.springframework.data.type.MethodsMetadataReader;",
          "instance_detail": [
            {
              "pattern_action": "UPD",
              "pattern_entity": {
                "entity_type": "Expression",
                "entity_new value": "*",
                "entity_role": "*",
                "entity_parent": "null"
              },
              "concrete_change": {
                "operator": "UPD",
                "src_type": "VariableRead",
                "dst_type": "VariableRead",
                "src": "classReader",
                "dst": "resource",
                "src_parent_type": "Invocation",
                "dst_parent_type": "Invocation",
                "src_parent": "classReader.accept(visitor, ClassReader.SKIP_DEBUG)",
                "dst_parent": "org.springframework.data.type.classreading.DefaultMethodsMetadataReader.createClassReader(resource)"
              },
              "line": 58,
              "file": "/home/khesoem/projects/lighter/exp/src/main/java/org/springframework/data/type/classreading/DefaultMethodsMetadataReader.java",
              "stats": {
                "number_of_src_entities": 4,
                "number_of_dst_entities": 4,
                "src_entity_types": "[org.springframework.asm.ClassReader]",
                "dst_entity_types": "[org.springframework.core.io.Resource]"
              }
            }
          ]
        },
        {
          "tool-name": "Cardumen",
          "pattern-name": "Cardumen:expression_replacement_by_del_ins",
          "Unified_Diff_of-files:": "Starts Below...",
          "DELETE:": "import org.springframework.data.type.MethodsMetadataReader;",
          "instance_detail": [
            {
              "pattern_action": "DEL",
              "pattern_entity": {
                "entity_type": "Expression",
                "entity_new value": "*",
                "entity_role": "*",
                "entity_parent": "null"
              },
              "concrete_change": {
                "operator": "DEL",
                "src_type": "Invocation",
                "dst_type": "null",
                "src": "(getResource())",
                "dst": "null",
                "src_parent_type": "BinaryOperator",
                "dst_parent_type": "null",
                "src_parent": "((\"ASM ClassReader failed to parse class file - \" + \"probably due to a new Java class file version that isn\u0027t supported yet: \") + (getResource()))",
                "dst_parent": "null"
              },
              "line": 54,
              "file": "/home/khesoem/projects/lighter/exp/src/main/java/org/springframework/data/type/classreading/DefaultMethodsMetadataReader.java",
              "stats": {
                "number_of_src_entities": 12,
                "number_of_dst_entities": -1,
                "src_entity_types": "[org.springframework.data.type.classreading.DefaultMethodsMetadataReader]",
                "dst_entity_types": "[]"
              }
            },
            {
              "pattern_action": "INS",
              "pattern_entity": {
                "entity_type": "Expression",
                "entity_new value": "*",
                "entity_role": "*",
                "entity_parent": "null"
              },
              "concrete_change": {
                "operator": "INS",
                "src_type": "VariableRead",
                "dst_type": "null",
                "src": "resource",
                "dst": "null",
                "src_parent_type": "BinaryOperator",
                "dst_parent_type": "null",
                "src_parent": "((\"ASM ClassReader failed to parse class file - \" + \"probably due to a new Java class file version that isn\u0027t supported yet: \") + resource)",
                "dst_parent": "null"
              },
              "line": 75,
              "file": "/home/khesoem/projects/lighter/exp/src/main/java/org/springframework/data/type/classreading/DefaultMethodsMetadataReader.java",
              "stats": {
                "number_of_src_entities": 4,
                "number_of_dst_entities": -1,
                "src_entity_types": "[org.springframework.core.io.Resource]",
                "dst_entity_types": "[]"
              }
            }
          ]
        }
      ]
    }
  ],
  "complete_analysis": true
}