{
  "instances": [
    {
      "revision": "58296f67ef3518bde87f639db1a0e7bdf329cdde",
      "repairability": [
        {
          "tool-name": "JGenProg",
          "pattern-name": "JGenProg:any_statement_deep",
          "Unified_Diff_of-files:": "Starts Below...",
          "CHANGE_old:": "            }*/",
          "CHANGE_new:": "            }",
          "instance_detail": [
            {
              "pattern_action": "ANY",
              "pattern_entity": {
                "entity_type": "*",
                "entity_new value": "*",
                "entity_role": "*",
                "entity_parent": {
                  "entity_type": "*",
                  "entity_new value": "*",
                  "entity_role": "Statement",
                  "entity_parent": "null"
                }
              },
              "concrete_change": {
                "operator": "INS",
                "src_type": "Invocation",
                "dst_type": "null",
                "src": "inv.getExecutable()",
                "dst": "null",
                "src_parent_type": "Invocation",
                "dst_parent_type": "null",
                "src_parent": "inv.getExecutable().getDeclaringType()",
                "dst_parent": "null"
              },
              "line": 94,
              "file": "/home/khesoem/projects/lighter/exp/src/main/java/fr/inria/sacha/spoon/diffSpoon/SpoonGumTreeBuilder.java"
            }
          ]
        }
      ]
    },
    {
      "revision": "58296f67ef3518bde87f639db1a0e7bdf329cdde",
      "repairability": [
        {
          "tool-name": "JGenProg",
          "pattern-name": "JGenProg:any_statement_shallow",
          "Unified_Diff_of-files:": "Starts Below...",
          "CHANGE_old:": "            }*/",
          "CHANGE_new:": "            }",
          "instance_detail": [
            {
              "pattern_action": "ANY",
              "pattern_entity": {
                "entity_type": "*",
                "entity_new value": "*",
                "entity_role": "Statement",
                "entity_parent": "null"
              },
              "concrete_change": {
                "operator": "DEL",
                "src_type": "Invocation",
                "dst_type": "null",
                "src": "factory.Package().getAllRoots().clear()",
                "dst": "null",
                "src_parent_type": "Block",
                "dst_parent_type": "null",
                "src_parent": "{\n    spoon.compiler.SpoonCompiler builder \u003d new spoon.support.compiler.jdt.JDTSnippetCompiler(factory, content);\n    builder.addInputSource(new spoon.support.compiler.VirtualFile(content, \"\"));\n    try {\n        builder.build();\n    } catch (java.lang.Exception e) {\n        e.printStackTrace();\n    }\n    spoon.reflect.declaration.CtType\u003c?\u003e ret \u003d factory.Type().getAll().get(0);\n    factory.Package().getAllRoots().clear();\n    return ret;\n}",
                "dst_parent": "null"
              },
              "line": 138,
              "file": "/home/khesoem/projects/lighter/exp/src/main/java/fr/inria/sacha/spoon/diffSpoon/DiffSpoon.java",
              "stats": {
                "number_of_src_entities": 22,
                "number_of_dst_entities": -1,
                "src_entity_types": "[fr.inria.sacha.spoon.diffSpoon.DiffSpoon, spoon.reflect.factory.Factory]",
                "dst_entity_types": "[]"
              }
            }
          ]
        }
      ]
    }
  ],
  "complete_analysis": true
}