{
  "instances": [
    {
      "revision": "12e5615499e0d87a7cde3b3d35b034296dc37c1e",
      "repairability": [
        {
          "tool-name": "JGenProg",
          "pattern-name": "JGenProg:any_statement_shallow",
          "Unified_Diff_of-files:": "Starts Below...",
          "CHANGE_old:": "public class SpoonTreeNode extends Tree {",
          "CHANGE_new:": "public class SpoonTreeNode extends fr.labri.gumtree.tree.Tree {",
          "instance_detail": [
            {
              "pattern_action": "ANY",
              "pattern_entity": {
                "entity_type": "*",
                "entity_new value": "*",
                "entity_role": "Statement",
                "entity_parent": "null"
              },
              "concrete_change": {
                "operator": "DEL",
                "src_type": "Assignment",
                "dst_type": "null",
                "src": "scanner.root \u003d null",
                "dst": "null",
                "src_parent_type": "Block",
                "dst_parent_type": "null",
                "src_parent": "{\n    fr.inria.sacha.spoon.diffSpoon.SpoonGumTreeBuilder scanner \u003d new fr.inria.sacha.spoon.diffSpoon.SpoonGumTreeBuilder();\n    scanner.scan(left);\n    fr.labri.gumtree.Tree rootSpoonLeft \u003d scanner.getRoot();\n    scanner.root \u003d null;\n    scanner.nodes.clear();\n    return rootSpoonLeft;\n}",
                "dst_parent": "null"
              },
              "line": 115,
              "file": "/home/khesoem/projects/lighter/exp/diffSpoon/src/main/java/fr/inria/sacha/spoon/diffSpoon/DiffSpoon.java",
              "stats": {
                "number_of_src_entities": 9,
                "number_of_dst_entities": -1,
                "src_entity_types": "[fr.inria.sacha.spoon.diffSpoon.SpoonGumTreeBuilder, \u003cnulltype\u003e]",
                "dst_entity_types": "[]"
              }
            }
          ]
        },
        {
          "tool-name": "JGenProg",
          "pattern-name": "JGenProg:any_statement_shallow",
          "Unified_Diff_of-files:": "Starts Below...",
          "CHANGE_old:": "public class SpoonTreeNode extends Tree {",
          "CHANGE_new:": "public class SpoonTreeNode extends fr.labri.gumtree.tree.Tree {",
          "instance_detail": [
            {
              "pattern_action": "ANY",
              "pattern_entity": {
                "entity_type": "*",
                "entity_new value": "*",
                "entity_role": "Statement",
                "entity_parent": "null"
              },
              "concrete_change": {
                "operator": "DEL",
                "src_type": "LocalVariable",
                "dst_type": "null",
                "src": "fr.inria.sacha.spoon.diffSpoon.SpoonGumTreeBuilder scanner \u003d new fr.inria.sacha.spoon.diffSpoon.SpoonGumTreeBuilder()",
                "dst": "null",
                "src_parent_type": "Block",
                "dst_parent_type": "null",
                "src_parent": "{\n    fr.inria.sacha.spoon.diffSpoon.SpoonGumTreeBuilder scanner \u003d new fr.inria.sacha.spoon.diffSpoon.SpoonGumTreeBuilder();\n    scanner.scan(left);\n    fr.labri.gumtree.Tree rootSpoonLeft \u003d scanner.getRoot();\n    scanner.root \u003d null;\n    scanner.nodes.clear();\n    scanner.init();\n    scanner.scan(right);\n    fr.labri.gumtree.Tree rootSpoonRight \u003d scanner.getRoot();\n    return compare(rootSpoonLeft, rootSpoonRight);\n}",
                "dst_parent": "null"
              },
              "line": 122,
              "file": "/home/khesoem/projects/lighter/exp/diffSpoon/src/main/java/fr/inria/sacha/spoon/diffSpoon/DiffSpoon.java",
              "stats": {
                "number_of_src_entities": 9,
                "number_of_dst_entities": -1,
                "src_entity_types": "[fr.inria.sacha.spoon.diffSpoon.SpoonGumTreeBuilder]",
                "dst_entity_types": "[]"
              }
            }
          ]
        },
        {
          "tool-name": "JGenProg",
          "pattern-name": "JGenProg:any_statement_shallow",
          "Unified_Diff_of-files:": "Starts Below...",
          "CHANGE_old:": "public class SpoonTreeNode extends Tree {",
          "CHANGE_new:": "public class SpoonTreeNode extends fr.labri.gumtree.tree.Tree {",
          "instance_detail": [
            {
              "pattern_action": "ANY",
              "pattern_entity": {
                "entity_type": "*",
                "entity_new value": "*",
                "entity_role": "Statement",
                "entity_parent": "null"
              },
              "concrete_change": {
                "operator": "DEL",
                "src_type": "Invocation",
                "dst_type": "null",
                "src": "scanner.scan(left)",
                "dst": "null",
                "src_parent_type": "Block",
                "dst_parent_type": "null",
                "src_parent": "{\n    fr.inria.sacha.spoon.diffSpoon.SpoonGumTreeBuilder scanner \u003d new fr.inria.sacha.spoon.diffSpoon.SpoonGumTreeBuilder();\n    scanner.scan(left);\n    fr.labri.gumtree.Tree rootSpoonLeft \u003d scanner.getRoot();\n    scanner.root \u003d null;\n    scanner.nodes.clear();\n    scanner.init();\n    scanner.scan(right);\n    fr.labri.gumtree.Tree rootSpoonRight \u003d scanner.getRoot();\n    return compare(rootSpoonLeft, rootSpoonRight);\n}",
                "dst_parent": "null"
              },
              "line": 124,
              "file": "/home/khesoem/projects/lighter/exp/diffSpoon/src/main/java/fr/inria/sacha/spoon/diffSpoon/DiffSpoon.java",
              "stats": {
                "number_of_src_entities": 14,
                "number_of_dst_entities": -1,
                "src_entity_types": "[spoon.reflect.declaration.CtElement, fr.inria.sacha.spoon.diffSpoon.SpoonGumTreeBuilder]",
                "dst_entity_types": "[]"
              }
            }
          ]
        },
        {
          "tool-name": "JGenProg",
          "pattern-name": "JGenProg:any_statement_shallow",
          "Unified_Diff_of-files:": "Starts Below...",
          "CHANGE_old:": "public class SpoonTreeNode extends Tree {",
          "CHANGE_new:": "public class SpoonTreeNode extends fr.labri.gumtree.tree.Tree {",
          "instance_detail": [
            {
              "pattern_action": "ANY",
              "pattern_entity": {
                "entity_type": "*",
                "entity_new value": "*",
                "entity_role": "Statement",
                "entity_parent": "null"
              },
              "concrete_change": {
                "operator": "DEL",
                "src_type": "Invocation",
                "dst_type": "null",
                "src": "scanner.init()",
                "dst": "null",
                "src_parent_type": "Block",
                "dst_parent_type": "null",
                "src_parent": "{\n    fr.inria.sacha.spoon.diffSpoon.SpoonGumTreeBuilder scanner \u003d new fr.inria.sacha.spoon.diffSpoon.SpoonGumTreeBuilder();\n    scanner.scan(left);\n    fr.labri.gumtree.Tree rootSpoonLeft \u003d scanner.getRoot();\n    scanner.root \u003d null;\n    scanner.nodes.clear();\n    scanner.init();\n    scanner.scan(right);\n    fr.labri.gumtree.Tree rootSpoonRight \u003d scanner.getRoot();\n    return compare(rootSpoonLeft, rootSpoonRight);\n}",
                "dst_parent": "null"
              },
              "line": 130,
              "file": "/home/khesoem/projects/lighter/exp/diffSpoon/src/main/java/fr/inria/sacha/spoon/diffSpoon/DiffSpoon.java",
              "stats": {
                "number_of_src_entities": 8,
                "number_of_dst_entities": -1,
                "src_entity_types": "[fr.inria.sacha.spoon.diffSpoon.SpoonGumTreeBuilder]",
                "dst_entity_types": "[]"
              }
            }
          ]
        },
        {
          "tool-name": "JGenProg",
          "pattern-name": "JGenProg:any_statement_shallow",
          "Unified_Diff_of-files:": "Starts Below...",
          "CHANGE_old:": "public class SpoonTreeNode extends Tree {",
          "CHANGE_new:": "public class SpoonTreeNode extends fr.labri.gumtree.tree.Tree {",
          "instance_detail": [
            {
              "pattern_action": "ANY",
              "pattern_entity": {
                "entity_type": "*",
                "entity_new value": "*",
                "entity_role": "Statement",
                "entity_parent": "null"
              },
              "concrete_change": {
                "operator": "DEL",
                "src_type": "Invocation",
                "dst_type": "null",
                "src": "scanner.scan(right)",
                "dst": "null",
                "src_parent_type": "Block",
                "dst_parent_type": "null",
                "src_parent": "{\n    fr.inria.sacha.spoon.diffSpoon.SpoonGumTreeBuilder scanner \u003d new fr.inria.sacha.spoon.diffSpoon.SpoonGumTreeBuilder();\n    scanner.scan(left);\n    fr.labri.gumtree.Tree rootSpoonLeft \u003d scanner.getRoot();\n    scanner.root \u003d null;\n    scanner.nodes.clear();\n    scanner.init();\n    scanner.scan(right);\n    fr.labri.gumtree.Tree rootSpoonRight \u003d scanner.getRoot();\n    return compare(rootSpoonLeft, rootSpoonRight);\n}",
                "dst_parent": "null"
              },
              "line": 132,
              "file": "/home/khesoem/projects/lighter/exp/diffSpoon/src/main/java/fr/inria/sacha/spoon/diffSpoon/DiffSpoon.java",
              "stats": {
                "number_of_src_entities": 14,
                "number_of_dst_entities": -1,
                "src_entity_types": "[spoon.reflect.declaration.CtElement, fr.inria.sacha.spoon.diffSpoon.SpoonGumTreeBuilder]",
                "dst_entity_types": "[]"
              }
            }
          ]
        }
      ]
    }
  ],
  "complete_analysis": true
}