{
  "instances": [
    {
      "revision": "d0724e2d2aaeda427937be1ffeba707017dd8f0e",
      "repairability": [
        {
          "tool-name": "JKali",
          "pattern-name": "JKali:del",
          "Unified_Diff_of-files:": "Starts Below...",
          "DELETE:": "        IoTCrd.registerCustomCrds();",
          "instance_detail": [
            {
              "pattern_action": "DEL",
              "pattern_entity": {
                "entity_type": "*",
                "entity_new value": "*",
                "entity_role": "Statement",
                "entity_parent": "null"
              },
              "concrete_change": {
                "operator": "DEL",
                "src_type": "Assignment",
                "dst_type": "null",
                "src": "MESSAGING_INFRA_CRD \u003d io.enmasse.common.model.CustomResources.createCustomResource(io.enmasse.address.model.CoreCrd.GROUP, io.enmasse.address.model.CoreCrd.VERSION_BETA2, \"MessagingInfrastructure\")",
                "dst": "null",
                "src_parent_type": "Block",
                "dst_parent_type": "null",
                "src_parent": "{\n    ADDRESS_CRD \u003d io.enmasse.common.model.CustomResources.createCustomResource(io.enmasse.address.model.CoreCrd.GROUP, io.enmasse.address.model.CoreCrd.VERSION, Address.KIND);\n    ADDRESS_SPACE_CRD \u003d io.enmasse.common.model.CustomResources.createCustomResource(io.enmasse.address.model.CoreCrd.GROUP, io.enmasse.address.model.CoreCrd.VERSION, AddressSpace.KIND);\n    ADDRESS_SPACE_SCHEMA_CRD \u003d io.enmasse.common.model.CustomResources.createCustomResource(io.enmasse.address.model.CoreCrd.GROUP, io.enmasse.address.model.CoreCrd.VERSION, AddressSpaceSchema.KIND, \"Cluster\");\n    MESSAGING_INFRA_CRD \u003d io.enmasse.common.model.CustomResources.createCustomResource(io.enmasse.address.model.CoreCrd.GROUP, io.enmasse.address.model.CoreCrd.VERSION_BETA2, \"MessagingInfrastructure\");\n    MESSAGING_TENANT_CRD \u003d io.enmasse.common.model.CustomResources.createCustomResource(io.enmasse.address.model.CoreCrd.GROUP, io.enmasse.address.model.CoreCrd.VERSION_BETA2, \"MessagingTenant\");\n    MESSAGING_ADDRESS_CRD \u003d io.enmasse.common.model.CustomResources.createCustomResource(io.enmasse.address.model.CoreCrd.GROUP, io.enmasse.address.model.CoreCrd.VERSION_BETA2, \"MessagingAddress\");\n    MESSAGING_ENDPOINT_CRD \u003d io.enmasse.common.model.CustomResources.createCustomResource(io.enmasse.address.model.CoreCrd.GROUP, io.enmasse.address.model.CoreCrd.VERSION_BETA2, \"MessagingEndpoint\");\n}",
                "dst_parent": "null"
              },
              "line": 32,
              "file": "/home/khesoem/projects/lighter/exp/api-model/src/main/java/io/enmasse/address/model/CoreCrd.java",
              "stats": {
                "number_of_src_entities": 44,
                "number_of_dst_entities": -1,
                "src_entity_types": "[io.enmasse.address.model.CoreCrd, io.enmasse.common.model.CustomResources, java.lang.String]",
                "dst_entity_types": "[]"
              }
            }
          ]
        },
        {
          "tool-name": "JKali",
          "pattern-name": "JKali:del",
          "Unified_Diff_of-files:": "Starts Below...",
          "DELETE:": "        IoTCrd.registerCustomCrds();",
          "instance_detail": [
            {
              "pattern_action": "DEL",
              "pattern_entity": {
                "entity_type": "*",
                "entity_new value": "*",
                "entity_role": "Statement",
                "entity_parent": "null"
              },
              "concrete_change": {
                "operator": "DEL",
                "src_type": "Assignment",
                "dst_type": "null",
                "src": "MESSAGING_TENANT_CRD \u003d io.enmasse.common.model.CustomResources.createCustomResource(io.enmasse.address.model.CoreCrd.GROUP, io.enmasse.address.model.CoreCrd.VERSION_BETA2, \"MessagingTenant\")",
                "dst": "null",
                "src_parent_type": "Block",
                "dst_parent_type": "null",
                "src_parent": "{\n    ADDRESS_CRD \u003d io.enmasse.common.model.CustomResources.createCustomResource(io.enmasse.address.model.CoreCrd.GROUP, io.enmasse.address.model.CoreCrd.VERSION, Address.KIND);\n    ADDRESS_SPACE_CRD \u003d io.enmasse.common.model.CustomResources.createCustomResource(io.enmasse.address.model.CoreCrd.GROUP, io.enmasse.address.model.CoreCrd.VERSION, AddressSpace.KIND);\n    ADDRESS_SPACE_SCHEMA_CRD \u003d io.enmasse.common.model.CustomResources.createCustomResource(io.enmasse.address.model.CoreCrd.GROUP, io.enmasse.address.model.CoreCrd.VERSION, AddressSpaceSchema.KIND, \"Cluster\");\n    MESSAGING_INFRA_CRD \u003d io.enmasse.common.model.CustomResources.createCustomResource(io.enmasse.address.model.CoreCrd.GROUP, io.enmasse.address.model.CoreCrd.VERSION_BETA2, \"MessagingInfrastructure\");\n    MESSAGING_TENANT_CRD \u003d io.enmasse.common.model.CustomResources.createCustomResource(io.enmasse.address.model.CoreCrd.GROUP, io.enmasse.address.model.CoreCrd.VERSION_BETA2, \"MessagingTenant\");\n    MESSAGING_ADDRESS_CRD \u003d io.enmasse.common.model.CustomResources.createCustomResource(io.enmasse.address.model.CoreCrd.GROUP, io.enmasse.address.model.CoreCrd.VERSION_BETA2, \"MessagingAddress\");\n    MESSAGING_ENDPOINT_CRD \u003d io.enmasse.common.model.CustomResources.createCustomResource(io.enmasse.address.model.CoreCrd.GROUP, io.enmasse.address.model.CoreCrd.VERSION_BETA2, \"MessagingEndpoint\");\n}",
                "dst_parent": "null"
              },
              "line": 33,
              "file": "/home/khesoem/projects/lighter/exp/api-model/src/main/java/io/enmasse/address/model/CoreCrd.java",
              "stats": {
                "number_of_src_entities": 44,
                "number_of_dst_entities": -1,
                "src_entity_types": "[io.enmasse.address.model.CoreCrd, io.enmasse.common.model.CustomResources, java.lang.String]",
                "dst_entity_types": "[]"
              }
            }
          ]
        },
        {
          "tool-name": "JKali",
          "pattern-name": "JKali:del",
          "Unified_Diff_of-files:": "Starts Below...",
          "DELETE:": "        IoTCrd.registerCustomCrds();",
          "instance_detail": [
            {
              "pattern_action": "DEL",
              "pattern_entity": {
                "entity_type": "*",
                "entity_new value": "*",
                "entity_role": "Statement",
                "entity_parent": "null"
              },
              "concrete_change": {
                "operator": "DEL",
                "src_type": "Assignment",
                "dst_type": "null",
                "src": "MESSAGING_ADDRESS_CRD \u003d io.enmasse.common.model.CustomResources.createCustomResource(io.enmasse.address.model.CoreCrd.GROUP, io.enmasse.address.model.CoreCrd.VERSION_BETA2, \"MessagingAddress\")",
                "dst": "null",
                "src_parent_type": "Block",
                "dst_parent_type": "null",
                "src_parent": "{\n    ADDRESS_CRD \u003d io.enmasse.common.model.CustomResources.createCustomResource(io.enmasse.address.model.CoreCrd.GROUP, io.enmasse.address.model.CoreCrd.VERSION, Address.KIND);\n    ADDRESS_SPACE_CRD \u003d io.enmasse.common.model.CustomResources.createCustomResource(io.enmasse.address.model.CoreCrd.GROUP, io.enmasse.address.model.CoreCrd.VERSION, AddressSpace.KIND);\n    ADDRESS_SPACE_SCHEMA_CRD \u003d io.enmasse.common.model.CustomResources.createCustomResource(io.enmasse.address.model.CoreCrd.GROUP, io.enmasse.address.model.CoreCrd.VERSION, AddressSpaceSchema.KIND, \"Cluster\");\n    MESSAGING_INFRA_CRD \u003d io.enmasse.common.model.CustomResources.createCustomResource(io.enmasse.address.model.CoreCrd.GROUP, io.enmasse.address.model.CoreCrd.VERSION_BETA2, \"MessagingInfrastructure\");\n    MESSAGING_TENANT_CRD \u003d io.enmasse.common.model.CustomResources.createCustomResource(io.enmasse.address.model.CoreCrd.GROUP, io.enmasse.address.model.CoreCrd.VERSION_BETA2, \"MessagingTenant\");\n    MESSAGING_ADDRESS_CRD \u003d io.enmasse.common.model.CustomResources.createCustomResource(io.enmasse.address.model.CoreCrd.GROUP, io.enmasse.address.model.CoreCrd.VERSION_BETA2, \"MessagingAddress\");\n    MESSAGING_ENDPOINT_CRD \u003d io.enmasse.common.model.CustomResources.createCustomResource(io.enmasse.address.model.CoreCrd.GROUP, io.enmasse.address.model.CoreCrd.VERSION_BETA2, \"MessagingEndpoint\");\n}",
                "dst_parent": "null"
              },
              "line": 34,
              "file": "/home/khesoem/projects/lighter/exp/api-model/src/main/java/io/enmasse/address/model/CoreCrd.java",
              "stats": {
                "number_of_src_entities": 44,
                "number_of_dst_entities": -1,
                "src_entity_types": "[io.enmasse.address.model.CoreCrd, io.enmasse.common.model.CustomResources, java.lang.String]",
                "dst_entity_types": "[]"
              }
            }
          ]
        },
        {
          "tool-name": "JKali",
          "pattern-name": "JKali:del",
          "Unified_Diff_of-files:": "Starts Below...",
          "DELETE:": "        IoTCrd.registerCustomCrds();",
          "instance_detail": [
            {
              "pattern_action": "DEL",
              "pattern_entity": {
                "entity_type": "*",
                "entity_new value": "*",
                "entity_role": "Statement",
                "entity_parent": "null"
              },
              "concrete_change": {
                "operator": "DEL",
                "src_type": "Assignment",
                "dst_type": "null",
                "src": "MESSAGING_ENDPOINT_CRD \u003d io.enmasse.common.model.CustomResources.createCustomResource(io.enmasse.address.model.CoreCrd.GROUP, io.enmasse.address.model.CoreCrd.VERSION_BETA2, \"MessagingEndpoint\")",
                "dst": "null",
                "src_parent_type": "Block",
                "dst_parent_type": "null",
                "src_parent": "{\n    ADDRESS_CRD \u003d io.enmasse.common.model.CustomResources.createCustomResource(io.enmasse.address.model.CoreCrd.GROUP, io.enmasse.address.model.CoreCrd.VERSION, Address.KIND);\n    ADDRESS_SPACE_CRD \u003d io.enmasse.common.model.CustomResources.createCustomResource(io.enmasse.address.model.CoreCrd.GROUP, io.enmasse.address.model.CoreCrd.VERSION, AddressSpace.KIND);\n    ADDRESS_SPACE_SCHEMA_CRD \u003d io.enmasse.common.model.CustomResources.createCustomResource(io.enmasse.address.model.CoreCrd.GROUP, io.enmasse.address.model.CoreCrd.VERSION, AddressSpaceSchema.KIND, \"Cluster\");\n    MESSAGING_INFRA_CRD \u003d io.enmasse.common.model.CustomResources.createCustomResource(io.enmasse.address.model.CoreCrd.GROUP, io.enmasse.address.model.CoreCrd.VERSION_BETA2, \"MessagingInfrastructure\");\n    MESSAGING_TENANT_CRD \u003d io.enmasse.common.model.CustomResources.createCustomResource(io.enmasse.address.model.CoreCrd.GROUP, io.enmasse.address.model.CoreCrd.VERSION_BETA2, \"MessagingTenant\");\n    MESSAGING_ADDRESS_CRD \u003d io.enmasse.common.model.CustomResources.createCustomResource(io.enmasse.address.model.CoreCrd.GROUP, io.enmasse.address.model.CoreCrd.VERSION_BETA2, \"MessagingAddress\");\n    MESSAGING_ENDPOINT_CRD \u003d io.enmasse.common.model.CustomResources.createCustomResource(io.enmasse.address.model.CoreCrd.GROUP, io.enmasse.address.model.CoreCrd.VERSION_BETA2, \"MessagingEndpoint\");\n}",
                "dst_parent": "null"
              },
              "line": 35,
              "file": "/home/khesoem/projects/lighter/exp/api-model/src/main/java/io/enmasse/address/model/CoreCrd.java",
              "stats": {
                "number_of_src_entities": 44,
                "number_of_dst_entities": -1,
                "src_entity_types": "[io.enmasse.address.model.CoreCrd, io.enmasse.common.model.CustomResources, java.lang.String]",
                "dst_entity_types": "[]"
              }
            }
          ]
        },
        {
          "tool-name": "JKali",
          "pattern-name": "JKali:del",
          "Unified_Diff_of-files:": "Starts Below...",
          "DELETE:": "        IoTCrd.registerCustomCrds();",
          "instance_detail": [
            {
              "pattern_action": "DEL",
              "pattern_entity": {
                "entity_type": "*",
                "entity_new value": "*",
                "entity_role": "Statement",
                "entity_parent": "null"
              },
              "concrete_change": {
                "operator": "DEL",
                "src_type": "Invocation",
                "dst_type": "null",
                "src": "io.fabric8.kubernetes.internal.KubernetesDeserializer.registerCustomKind(io.enmasse.address.model.CoreCrd.API_VERSION_BETA2, \"MessagingInfrastructure\", io.enmasse.address.model.MessagingInfrastructure.class)",
                "dst": "null",
                "src_parent_type": "Block",
                "dst_parent_type": "null",
                "src_parent": "{\n    io.fabric8.kubernetes.internal.KubernetesDeserializer.registerCustomKind(io.enmasse.address.model.CoreCrd.API_VERSION, Address.KIND, io.enmasse.address.model.Address.class);\n    io.fabric8.kubernetes.internal.KubernetesDeserializer.registerCustomKind(io.enmasse.address.model.CoreCrd.API_VERSION, AddressList.KIND, io.enmasse.address.model.AddressList.class);\n    io.fabric8.kubernetes.internal.KubernetesDeserializer.registerCustomKind(io.enmasse.address.model.CoreCrd.API_VERSION, AddressSpace.KIND, io.enmasse.address.model.AddressSpace.class);\n    io.fabric8.kubernetes.internal.KubernetesDeserializer.registerCustomKind(io.enmasse.address.model.CoreCrd.API_VERSION, AddressSpaceList.KIND, io.enmasse.address.model.AddressSpaceList.class);\n    io.fabric8.kubernetes.internal.KubernetesDeserializer.registerCustomKind(io.enmasse.address.model.CoreCrd.API_VERSION, AddressSpaceSchema.KIND, io.enmasse.address.model.AddressSpaceSchema.class);\n    io.fabric8.kubernetes.internal.KubernetesDeserializer.registerCustomKind(io.enmasse.address.model.CoreCrd.API_VERSION, AddressSpaceSchemaList.KIND, io.enmasse.address.model.AddressSpaceSchemaList.class);\n    io.fabric8.kubernetes.internal.KubernetesDeserializer.registerCustomKind(io.enmasse.address.model.CoreCrd.API_VERSION_BETA2, \"MessagingInfrastructure\", io.enmasse.address.model.MessagingInfrastructure.class);\n    io.fabric8.kubernetes.internal.KubernetesDeserializer.registerCustomKind(io.enmasse.address.model.CoreCrd.API_VERSION_BETA2, \"MessagingInfrastructureList\", io.enmasse.address.model.MessagingInfrastructureList.class);\n    io.fabric8.kubernetes.internal.KubernetesDeserializer.registerCustomKind(io.enmasse.address.model.CoreCrd.API_VERSION_BETA2, \"MessagingTenant\", io.enmasse.address.model.MessagingTenant.class);\n    io.fabric8.kubernetes.internal.KubernetesDeserializer.registerCustomKind(io.enmasse.address.model.CoreCrd.API_VERSION_BETA2, \"MessagingTenantList\", io.enmasse.address.model.MessagingTenantList.class);\n    io.fabric8.kubernetes.internal.KubernetesDeserializer.registerCustomKind(io.enmasse.address.model.CoreCrd.API_VERSION_BETA2, \"MessagingAddress\", io.enmasse.address.model.MessagingAddress.class);\n    io.fabric8.kubernetes.internal.KubernetesDeserializer.registerCustomKind(io.enmasse.address.model.CoreCrd.API_VERSION_BETA2, \"MessagingAddressList\", io.enmasse.address.model.MessagingAddressList.class);\n    io.fabric8.kubernetes.internal.KubernetesDeserializer.registerCustomKind(io.enmasse.address.model.CoreCrd.API_VERSION_BETA2, \"MessagingEndpoint\", io.enmasse.address.model.MessagingEndpoint.class);\n    io.fabric8.kubernetes.internal.KubernetesDeserializer.registerCustomKind(io.enmasse.address.model.CoreCrd.API_VERSION_BETA2, \"MessagingEndpointList\", io.enmasse.address.model.MessagingEndpointList.class);\n}",
                "dst_parent": "null"
              },
              "line": 48,
              "file": "/home/khesoem/projects/lighter/exp/api-model/src/main/java/io/enmasse/address/model/CoreCrd.java",
              "stats": {
                "number_of_src_entities": 36,
                "number_of_dst_entities": -1,
                "src_entity_types": "[io.enmasse.address.model.CoreCrd, java.lang.String, io.fabric8.kubernetes.internal.KubernetesDeserializer, io.enmasse.address.model.MessagingInfrastructure]",
                "dst_entity_types": "[]"
              }
            }
          ]
        },
        {
          "tool-name": "JKali",
          "pattern-name": "JKali:del",
          "Unified_Diff_of-files:": "Starts Below...",
          "DELETE:": "        IoTCrd.registerCustomCrds();",
          "instance_detail": [
            {
              "pattern_action": "DEL",
              "pattern_entity": {
                "entity_type": "*",
                "entity_new value": "*",
                "entity_role": "Statement",
                "entity_parent": "null"
              },
              "concrete_change": {
                "operator": "DEL",
                "src_type": "Invocation",
                "dst_type": "null",
                "src": "io.fabric8.kubernetes.internal.KubernetesDeserializer.registerCustomKind(io.enmasse.address.model.CoreCrd.API_VERSION_BETA2, \"MessagingInfrastructureList\", io.enmasse.address.model.MessagingInfrastructureList.class)",
                "dst": "null",
                "src_parent_type": "Block",
                "dst_parent_type": "null",
                "src_parent": "{\n    io.fabric8.kubernetes.internal.KubernetesDeserializer.registerCustomKind(io.enmasse.address.model.CoreCrd.API_VERSION, Address.KIND, io.enmasse.address.model.Address.class);\n    io.fabric8.kubernetes.internal.KubernetesDeserializer.registerCustomKind(io.enmasse.address.model.CoreCrd.API_VERSION, AddressList.KIND, io.enmasse.address.model.AddressList.class);\n    io.fabric8.kubernetes.internal.KubernetesDeserializer.registerCustomKind(io.enmasse.address.model.CoreCrd.API_VERSION, AddressSpace.KIND, io.enmasse.address.model.AddressSpace.class);\n    io.fabric8.kubernetes.internal.KubernetesDeserializer.registerCustomKind(io.enmasse.address.model.CoreCrd.API_VERSION, AddressSpaceList.KIND, io.enmasse.address.model.AddressSpaceList.class);\n    io.fabric8.kubernetes.internal.KubernetesDeserializer.registerCustomKind(io.enmasse.address.model.CoreCrd.API_VERSION, AddressSpaceSchema.KIND, io.enmasse.address.model.AddressSpaceSchema.class);\n    io.fabric8.kubernetes.internal.KubernetesDeserializer.registerCustomKind(io.enmasse.address.model.CoreCrd.API_VERSION, AddressSpaceSchemaList.KIND, io.enmasse.address.model.AddressSpaceSchemaList.class);\n    io.fabric8.kubernetes.internal.KubernetesDeserializer.registerCustomKind(io.enmasse.address.model.CoreCrd.API_VERSION_BETA2, \"MessagingInfrastructure\", io.enmasse.address.model.MessagingInfrastructure.class);\n    io.fabric8.kubernetes.internal.KubernetesDeserializer.registerCustomKind(io.enmasse.address.model.CoreCrd.API_VERSION_BETA2, \"MessagingInfrastructureList\", io.enmasse.address.model.MessagingInfrastructureList.class);\n    io.fabric8.kubernetes.internal.KubernetesDeserializer.registerCustomKind(io.enmasse.address.model.CoreCrd.API_VERSION_BETA2, \"MessagingTenant\", io.enmasse.address.model.MessagingTenant.class);\n    io.fabric8.kubernetes.internal.KubernetesDeserializer.registerCustomKind(io.enmasse.address.model.CoreCrd.API_VERSION_BETA2, \"MessagingTenantList\", io.enmasse.address.model.MessagingTenantList.class);\n    io.fabric8.kubernetes.internal.KubernetesDeserializer.registerCustomKind(io.enmasse.address.model.CoreCrd.API_VERSION_BETA2, \"MessagingAddress\", io.enmasse.address.model.MessagingAddress.class);\n    io.fabric8.kubernetes.internal.KubernetesDeserializer.registerCustomKind(io.enmasse.address.model.CoreCrd.API_VERSION_BETA2, \"MessagingAddressList\", io.enmasse.address.model.MessagingAddressList.class);\n    io.fabric8.kubernetes.internal.KubernetesDeserializer.registerCustomKind(io.enmasse.address.model.CoreCrd.API_VERSION_BETA2, \"MessagingEndpoint\", io.enmasse.address.model.MessagingEndpoint.class);\n    io.fabric8.kubernetes.internal.KubernetesDeserializer.registerCustomKind(io.enmasse.address.model.CoreCrd.API_VERSION_BETA2, \"MessagingEndpointList\", io.enmasse.address.model.MessagingEndpointList.class);\n}",
                "dst_parent": "null"
              },
              "line": 49,
              "file": "/home/khesoem/projects/lighter/exp/api-model/src/main/java/io/enmasse/address/model/CoreCrd.java",
              "stats": {
                "number_of_src_entities": 36,
                "number_of_dst_entities": -1,
                "src_entity_types": "[io.enmasse.address.model.CoreCrd, java.lang.String, io.enmasse.address.model.MessagingInfrastructureList, io.fabric8.kubernetes.internal.KubernetesDeserializer]",
                "dst_entity_types": "[]"
              }
            }
          ]
        },
        {
          "tool-name": "JKali",
          "pattern-name": "JKali:del",
          "Unified_Diff_of-files:": "Starts Below...",
          "DELETE:": "        IoTCrd.registerCustomCrds();",
          "instance_detail": [
            {
              "pattern_action": "DEL",
              "pattern_entity": {
                "entity_type": "*",
                "entity_new value": "*",
                "entity_role": "Statement",
                "entity_parent": "null"
              },
              "concrete_change": {
                "operator": "DEL",
                "src_type": "Invocation",
                "dst_type": "null",
                "src": "io.fabric8.kubernetes.internal.KubernetesDeserializer.registerCustomKind(io.enmasse.address.model.CoreCrd.API_VERSION_BETA2, \"MessagingTenant\", io.enmasse.address.model.MessagingTenant.class)",
                "dst": "null",
                "src_parent_type": "Block",
                "dst_parent_type": "null",
                "src_parent": "{\n    io.fabric8.kubernetes.internal.KubernetesDeserializer.registerCustomKind(io.enmasse.address.model.CoreCrd.API_VERSION, Address.KIND, io.enmasse.address.model.Address.class);\n    io.fabric8.kubernetes.internal.KubernetesDeserializer.registerCustomKind(io.enmasse.address.model.CoreCrd.API_VERSION, AddressList.KIND, io.enmasse.address.model.AddressList.class);\n    io.fabric8.kubernetes.internal.KubernetesDeserializer.registerCustomKind(io.enmasse.address.model.CoreCrd.API_VERSION, AddressSpace.KIND, io.enmasse.address.model.AddressSpace.class);\n    io.fabric8.kubernetes.internal.KubernetesDeserializer.registerCustomKind(io.enmasse.address.model.CoreCrd.API_VERSION, AddressSpaceList.KIND, io.enmasse.address.model.AddressSpaceList.class);\n    io.fabric8.kubernetes.internal.KubernetesDeserializer.registerCustomKind(io.enmasse.address.model.CoreCrd.API_VERSION, AddressSpaceSchema.KIND, io.enmasse.address.model.AddressSpaceSchema.class);\n    io.fabric8.kubernetes.internal.KubernetesDeserializer.registerCustomKind(io.enmasse.address.model.CoreCrd.API_VERSION, AddressSpaceSchemaList.KIND, io.enmasse.address.model.AddressSpaceSchemaList.class);\n    io.fabric8.kubernetes.internal.KubernetesDeserializer.registerCustomKind(io.enmasse.address.model.CoreCrd.API_VERSION_BETA2, \"MessagingInfrastructure\", io.enmasse.address.model.MessagingInfrastructure.class);\n    io.fabric8.kubernetes.internal.KubernetesDeserializer.registerCustomKind(io.enmasse.address.model.CoreCrd.API_VERSION_BETA2, \"MessagingInfrastructureList\", io.enmasse.address.model.MessagingInfrastructureList.class);\n    io.fabric8.kubernetes.internal.KubernetesDeserializer.registerCustomKind(io.enmasse.address.model.CoreCrd.API_VERSION_BETA2, \"MessagingTenant\", io.enmasse.address.model.MessagingTenant.class);\n    io.fabric8.kubernetes.internal.KubernetesDeserializer.registerCustomKind(io.enmasse.address.model.CoreCrd.API_VERSION_BETA2, \"MessagingTenantList\", io.enmasse.address.model.MessagingTenantList.class);\n    io.fabric8.kubernetes.internal.KubernetesDeserializer.registerCustomKind(io.enmasse.address.model.CoreCrd.API_VERSION_BETA2, \"MessagingAddress\", io.enmasse.address.model.MessagingAddress.class);\n    io.fabric8.kubernetes.internal.KubernetesDeserializer.registerCustomKind(io.enmasse.address.model.CoreCrd.API_VERSION_BETA2, \"MessagingAddressList\", io.enmasse.address.model.MessagingAddressList.class);\n    io.fabric8.kubernetes.internal.KubernetesDeserializer.registerCustomKind(io.enmasse.address.model.CoreCrd.API_VERSION_BETA2, \"MessagingEndpoint\", io.enmasse.address.model.MessagingEndpoint.class);\n    io.fabric8.kubernetes.internal.KubernetesDeserializer.registerCustomKind(io.enmasse.address.model.CoreCrd.API_VERSION_BETA2, \"MessagingEndpointList\", io.enmasse.address.model.MessagingEndpointList.class);\n}",
                "dst_parent": "null"
              },
              "line": 51,
              "file": "/home/khesoem/projects/lighter/exp/api-model/src/main/java/io/enmasse/address/model/CoreCrd.java",
              "stats": {
                "number_of_src_entities": 36,
                "number_of_dst_entities": -1,
                "src_entity_types": "[io.enmasse.address.model.MessagingTenant, io.enmasse.address.model.CoreCrd, java.lang.String, io.fabric8.kubernetes.internal.KubernetesDeserializer]",
                "dst_entity_types": "[]"
              }
            }
          ]
        },
        {
          "tool-name": "JKali",
          "pattern-name": "JKali:del",
          "Unified_Diff_of-files:": "Starts Below...",
          "DELETE:": "        IoTCrd.registerCustomCrds();",
          "instance_detail": [
            {
              "pattern_action": "DEL",
              "pattern_entity": {
                "entity_type": "*",
                "entity_new value": "*",
                "entity_role": "Statement",
                "entity_parent": "null"
              },
              "concrete_change": {
                "operator": "DEL",
                "src_type": "Invocation",
                "dst_type": "null",
                "src": "io.fabric8.kubernetes.internal.KubernetesDeserializer.registerCustomKind(io.enmasse.address.model.CoreCrd.API_VERSION_BETA2, \"MessagingTenantList\", io.enmasse.address.model.MessagingTenantList.class)",
                "dst": "null",
                "src_parent_type": "Block",
                "dst_parent_type": "null",
                "src_parent": "{\n    io.fabric8.kubernetes.internal.KubernetesDeserializer.registerCustomKind(io.enmasse.address.model.CoreCrd.API_VERSION, Address.KIND, io.enmasse.address.model.Address.class);\n    io.fabric8.kubernetes.internal.KubernetesDeserializer.registerCustomKind(io.enmasse.address.model.CoreCrd.API_VERSION, AddressList.KIND, io.enmasse.address.model.AddressList.class);\n    io.fabric8.kubernetes.internal.KubernetesDeserializer.registerCustomKind(io.enmasse.address.model.CoreCrd.API_VERSION, AddressSpace.KIND, io.enmasse.address.model.AddressSpace.class);\n    io.fabric8.kubernetes.internal.KubernetesDeserializer.registerCustomKind(io.enmasse.address.model.CoreCrd.API_VERSION, AddressSpaceList.KIND, io.enmasse.address.model.AddressSpaceList.class);\n    io.fabric8.kubernetes.internal.KubernetesDeserializer.registerCustomKind(io.enmasse.address.model.CoreCrd.API_VERSION, AddressSpaceSchema.KIND, io.enmasse.address.model.AddressSpaceSchema.class);\n    io.fabric8.kubernetes.internal.KubernetesDeserializer.registerCustomKind(io.enmasse.address.model.CoreCrd.API_VERSION, AddressSpaceSchemaList.KIND, io.enmasse.address.model.AddressSpaceSchemaList.class);\n    io.fabric8.kubernetes.internal.KubernetesDeserializer.registerCustomKind(io.enmasse.address.model.CoreCrd.API_VERSION_BETA2, \"MessagingInfrastructure\", io.enmasse.address.model.MessagingInfrastructure.class);\n    io.fabric8.kubernetes.internal.KubernetesDeserializer.registerCustomKind(io.enmasse.address.model.CoreCrd.API_VERSION_BETA2, \"MessagingInfrastructureList\", io.enmasse.address.model.MessagingInfrastructureList.class);\n    io.fabric8.kubernetes.internal.KubernetesDeserializer.registerCustomKind(io.enmasse.address.model.CoreCrd.API_VERSION_BETA2, \"MessagingTenant\", io.enmasse.address.model.MessagingTenant.class);\n    io.fabric8.kubernetes.internal.KubernetesDeserializer.registerCustomKind(io.enmasse.address.model.CoreCrd.API_VERSION_BETA2, \"MessagingTenantList\", io.enmasse.address.model.MessagingTenantList.class);\n    io.fabric8.kubernetes.internal.KubernetesDeserializer.registerCustomKind(io.enmasse.address.model.CoreCrd.API_VERSION_BETA2, \"MessagingAddress\", io.enmasse.address.model.MessagingAddress.class);\n    io.fabric8.kubernetes.internal.KubernetesDeserializer.registerCustomKind(io.enmasse.address.model.CoreCrd.API_VERSION_BETA2, \"MessagingAddressList\", io.enmasse.address.model.MessagingAddressList.class);\n    io.fabric8.kubernetes.internal.KubernetesDeserializer.registerCustomKind(io.enmasse.address.model.CoreCrd.API_VERSION_BETA2, \"MessagingEndpoint\", io.enmasse.address.model.MessagingEndpoint.class);\n    io.fabric8.kubernetes.internal.KubernetesDeserializer.registerCustomKind(io.enmasse.address.model.CoreCrd.API_VERSION_BETA2, \"MessagingEndpointList\", io.enmasse.address.model.MessagingEndpointList.class);\n}",
                "dst_parent": "null"
              },
              "line": 52,
              "file": "/home/khesoem/projects/lighter/exp/api-model/src/main/java/io/enmasse/address/model/CoreCrd.java",
              "stats": {
                "number_of_src_entities": 36,
                "number_of_dst_entities": -1,
                "src_entity_types": "[io.enmasse.address.model.MessagingTenantList, io.enmasse.address.model.CoreCrd, java.lang.String, io.fabric8.kubernetes.internal.KubernetesDeserializer]",
                "dst_entity_types": "[]"
              }
            }
          ]
        },
        {
          "tool-name": "JKali",
          "pattern-name": "JKali:del",
          "Unified_Diff_of-files:": "Starts Below...",
          "DELETE:": "        IoTCrd.registerCustomCrds();",
          "instance_detail": [
            {
              "pattern_action": "DEL",
              "pattern_entity": {
                "entity_type": "*",
                "entity_new value": "*",
                "entity_role": "Statement",
                "entity_parent": "null"
              },
              "concrete_change": {
                "operator": "DEL",
                "src_type": "Invocation",
                "dst_type": "null",
                "src": "io.fabric8.kubernetes.internal.KubernetesDeserializer.registerCustomKind(io.enmasse.address.model.CoreCrd.API_VERSION_BETA2, \"MessagingAddress\", io.enmasse.address.model.MessagingAddress.class)",
                "dst": "null",
                "src_parent_type": "Block",
                "dst_parent_type": "null",
                "src_parent": "{\n    io.fabric8.kubernetes.internal.KubernetesDeserializer.registerCustomKind(io.enmasse.address.model.CoreCrd.API_VERSION, Address.KIND, io.enmasse.address.model.Address.class);\n    io.fabric8.kubernetes.internal.KubernetesDeserializer.registerCustomKind(io.enmasse.address.model.CoreCrd.API_VERSION, AddressList.KIND, io.enmasse.address.model.AddressList.class);\n    io.fabric8.kubernetes.internal.KubernetesDeserializer.registerCustomKind(io.enmasse.address.model.CoreCrd.API_VERSION, AddressSpace.KIND, io.enmasse.address.model.AddressSpace.class);\n    io.fabric8.kubernetes.internal.KubernetesDeserializer.registerCustomKind(io.enmasse.address.model.CoreCrd.API_VERSION, AddressSpaceList.KIND, io.enmasse.address.model.AddressSpaceList.class);\n    io.fabric8.kubernetes.internal.KubernetesDeserializer.registerCustomKind(io.enmasse.address.model.CoreCrd.API_VERSION, AddressSpaceSchema.KIND, io.enmasse.address.model.AddressSpaceSchema.class);\n    io.fabric8.kubernetes.internal.KubernetesDeserializer.registerCustomKind(io.enmasse.address.model.CoreCrd.API_VERSION, AddressSpaceSchemaList.KIND, io.enmasse.address.model.AddressSpaceSchemaList.class);\n    io.fabric8.kubernetes.internal.KubernetesDeserializer.registerCustomKind(io.enmasse.address.model.CoreCrd.API_VERSION_BETA2, \"MessagingInfrastructure\", io.enmasse.address.model.MessagingInfrastructure.class);\n    io.fabric8.kubernetes.internal.KubernetesDeserializer.registerCustomKind(io.enmasse.address.model.CoreCrd.API_VERSION_BETA2, \"MessagingInfrastructureList\", io.enmasse.address.model.MessagingInfrastructureList.class);\n    io.fabric8.kubernetes.internal.KubernetesDeserializer.registerCustomKind(io.enmasse.address.model.CoreCrd.API_VERSION_BETA2, \"MessagingTenant\", io.enmasse.address.model.MessagingTenant.class);\n    io.fabric8.kubernetes.internal.KubernetesDeserializer.registerCustomKind(io.enmasse.address.model.CoreCrd.API_VERSION_BETA2, \"MessagingTenantList\", io.enmasse.address.model.MessagingTenantList.class);\n    io.fabric8.kubernetes.internal.KubernetesDeserializer.registerCustomKind(io.enmasse.address.model.CoreCrd.API_VERSION_BETA2, \"MessagingAddress\", io.enmasse.address.model.MessagingAddress.class);\n    io.fabric8.kubernetes.internal.KubernetesDeserializer.registerCustomKind(io.enmasse.address.model.CoreCrd.API_VERSION_BETA2, \"MessagingAddressList\", io.enmasse.address.model.MessagingAddressList.class);\n    io.fabric8.kubernetes.internal.KubernetesDeserializer.registerCustomKind(io.enmasse.address.model.CoreCrd.API_VERSION_BETA2, \"MessagingEndpoint\", io.enmasse.address.model.MessagingEndpoint.class);\n    io.fabric8.kubernetes.internal.KubernetesDeserializer.registerCustomKind(io.enmasse.address.model.CoreCrd.API_VERSION_BETA2, \"MessagingEndpointList\", io.enmasse.address.model.MessagingEndpointList.class);\n}",
                "dst_parent": "null"
              },
              "line": 54,
              "file": "/home/khesoem/projects/lighter/exp/api-model/src/main/java/io/enmasse/address/model/CoreCrd.java",
              "stats": {
                "number_of_src_entities": 36,
                "number_of_dst_entities": -1,
                "src_entity_types": "[io.enmasse.address.model.MessagingAddress, io.enmasse.address.model.CoreCrd, java.lang.String, io.fabric8.kubernetes.internal.KubernetesDeserializer]",
                "dst_entity_types": "[]"
              }
            }
          ]
        },
        {
          "tool-name": "JKali",
          "pattern-name": "JKali:del",
          "Unified_Diff_of-files:": "Starts Below...",
          "DELETE:": "        IoTCrd.registerCustomCrds();",
          "instance_detail": [
            {
              "pattern_action": "DEL",
              "pattern_entity": {
                "entity_type": "*",
                "entity_new value": "*",
                "entity_role": "Statement",
                "entity_parent": "null"
              },
              "concrete_change": {
                "operator": "DEL",
                "src_type": "Invocation",
                "dst_type": "null",
                "src": "io.fabric8.kubernetes.internal.KubernetesDeserializer.registerCustomKind(io.enmasse.address.model.CoreCrd.API_VERSION_BETA2, \"MessagingAddressList\", io.enmasse.address.model.MessagingAddressList.class)",
                "dst": "null",
                "src_parent_type": "Block",
                "dst_parent_type": "null",
                "src_parent": "{\n    io.fabric8.kubernetes.internal.KubernetesDeserializer.registerCustomKind(io.enmasse.address.model.CoreCrd.API_VERSION, Address.KIND, io.enmasse.address.model.Address.class);\n    io.fabric8.kubernetes.internal.KubernetesDeserializer.registerCustomKind(io.enmasse.address.model.CoreCrd.API_VERSION, AddressList.KIND, io.enmasse.address.model.AddressList.class);\n    io.fabric8.kubernetes.internal.KubernetesDeserializer.registerCustomKind(io.enmasse.address.model.CoreCrd.API_VERSION, AddressSpace.KIND, io.enmasse.address.model.AddressSpace.class);\n    io.fabric8.kubernetes.internal.KubernetesDeserializer.registerCustomKind(io.enmasse.address.model.CoreCrd.API_VERSION, AddressSpaceList.KIND, io.enmasse.address.model.AddressSpaceList.class);\n    io.fabric8.kubernetes.internal.KubernetesDeserializer.registerCustomKind(io.enmasse.address.model.CoreCrd.API_VERSION, AddressSpaceSchema.KIND, io.enmasse.address.model.AddressSpaceSchema.class);\n    io.fabric8.kubernetes.internal.KubernetesDeserializer.registerCustomKind(io.enmasse.address.model.CoreCrd.API_VERSION, AddressSpaceSchemaList.KIND, io.enmasse.address.model.AddressSpaceSchemaList.class);\n    io.fabric8.kubernetes.internal.KubernetesDeserializer.registerCustomKind(io.enmasse.address.model.CoreCrd.API_VERSION_BETA2, \"MessagingInfrastructure\", io.enmasse.address.model.MessagingInfrastructure.class);\n    io.fabric8.kubernetes.internal.KubernetesDeserializer.registerCustomKind(io.enmasse.address.model.CoreCrd.API_VERSION_BETA2, \"MessagingInfrastructureList\", io.enmasse.address.model.MessagingInfrastructureList.class);\n    io.fabric8.kubernetes.internal.KubernetesDeserializer.registerCustomKind(io.enmasse.address.model.CoreCrd.API_VERSION_BETA2, \"MessagingTenant\", io.enmasse.address.model.MessagingTenant.class);\n    io.fabric8.kubernetes.internal.KubernetesDeserializer.registerCustomKind(io.enmasse.address.model.CoreCrd.API_VERSION_BETA2, \"MessagingTenantList\", io.enmasse.address.model.MessagingTenantList.class);\n    io.fabric8.kubernetes.internal.KubernetesDeserializer.registerCustomKind(io.enmasse.address.model.CoreCrd.API_VERSION_BETA2, \"MessagingAddress\", io.enmasse.address.model.MessagingAddress.class);\n    io.fabric8.kubernetes.internal.KubernetesDeserializer.registerCustomKind(io.enmasse.address.model.CoreCrd.API_VERSION_BETA2, \"MessagingAddressList\", io.enmasse.address.model.MessagingAddressList.class);\n    io.fabric8.kubernetes.internal.KubernetesDeserializer.registerCustomKind(io.enmasse.address.model.CoreCrd.API_VERSION_BETA2, \"MessagingEndpoint\", io.enmasse.address.model.MessagingEndpoint.class);\n    io.fabric8.kubernetes.internal.KubernetesDeserializer.registerCustomKind(io.enmasse.address.model.CoreCrd.API_VERSION_BETA2, \"MessagingEndpointList\", io.enmasse.address.model.MessagingEndpointList.class);\n}",
                "dst_parent": "null"
              },
              "line": 55,
              "file": "/home/khesoem/projects/lighter/exp/api-model/src/main/java/io/enmasse/address/model/CoreCrd.java",
              "stats": {
                "number_of_src_entities": 36,
                "number_of_dst_entities": -1,
                "src_entity_types": "[io.enmasse.address.model.CoreCrd, java.lang.String, io.enmasse.address.model.MessagingAddressList, io.fabric8.kubernetes.internal.KubernetesDeserializer]",
                "dst_entity_types": "[]"
              }
            }
          ]
        },
        {
          "tool-name": "JKali",
          "pattern-name": "JKali:del",
          "Unified_Diff_of-files:": "Starts Below...",
          "DELETE:": "        IoTCrd.registerCustomCrds();",
          "instance_detail": [
            {
              "pattern_action": "DEL",
              "pattern_entity": {
                "entity_type": "*",
                "entity_new value": "*",
                "entity_role": "Statement",
                "entity_parent": "null"
              },
              "concrete_change": {
                "operator": "DEL",
                "src_type": "Invocation",
                "dst_type": "null",
                "src": "io.fabric8.kubernetes.internal.KubernetesDeserializer.registerCustomKind(io.enmasse.address.model.CoreCrd.API_VERSION_BETA2, \"MessagingEndpoint\", io.enmasse.address.model.MessagingEndpoint.class)",
                "dst": "null",
                "src_parent_type": "Block",
                "dst_parent_type": "null",
                "src_parent": "{\n    io.fabric8.kubernetes.internal.KubernetesDeserializer.registerCustomKind(io.enmasse.address.model.CoreCrd.API_VERSION, Address.KIND, io.enmasse.address.model.Address.class);\n    io.fabric8.kubernetes.internal.KubernetesDeserializer.registerCustomKind(io.enmasse.address.model.CoreCrd.API_VERSION, AddressList.KIND, io.enmasse.address.model.AddressList.class);\n    io.fabric8.kubernetes.internal.KubernetesDeserializer.registerCustomKind(io.enmasse.address.model.CoreCrd.API_VERSION, AddressSpace.KIND, io.enmasse.address.model.AddressSpace.class);\n    io.fabric8.kubernetes.internal.KubernetesDeserializer.registerCustomKind(io.enmasse.address.model.CoreCrd.API_VERSION, AddressSpaceList.KIND, io.enmasse.address.model.AddressSpaceList.class);\n    io.fabric8.kubernetes.internal.KubernetesDeserializer.registerCustomKind(io.enmasse.address.model.CoreCrd.API_VERSION, AddressSpaceSchema.KIND, io.enmasse.address.model.AddressSpaceSchema.class);\n    io.fabric8.kubernetes.internal.KubernetesDeserializer.registerCustomKind(io.enmasse.address.model.CoreCrd.API_VERSION, AddressSpaceSchemaList.KIND, io.enmasse.address.model.AddressSpaceSchemaList.class);\n    io.fabric8.kubernetes.internal.KubernetesDeserializer.registerCustomKind(io.enmasse.address.model.CoreCrd.API_VERSION_BETA2, \"MessagingInfrastructure\", io.enmasse.address.model.MessagingInfrastructure.class);\n    io.fabric8.kubernetes.internal.KubernetesDeserializer.registerCustomKind(io.enmasse.address.model.CoreCrd.API_VERSION_BETA2, \"MessagingInfrastructureList\", io.enmasse.address.model.MessagingInfrastructureList.class);\n    io.fabric8.kubernetes.internal.KubernetesDeserializer.registerCustomKind(io.enmasse.address.model.CoreCrd.API_VERSION_BETA2, \"MessagingTenant\", io.enmasse.address.model.MessagingTenant.class);\n    io.fabric8.kubernetes.internal.KubernetesDeserializer.registerCustomKind(io.enmasse.address.model.CoreCrd.API_VERSION_BETA2, \"MessagingTenantList\", io.enmasse.address.model.MessagingTenantList.class);\n    io.fabric8.kubernetes.internal.KubernetesDeserializer.registerCustomKind(io.enmasse.address.model.CoreCrd.API_VERSION_BETA2, \"MessagingAddress\", io.enmasse.address.model.MessagingAddress.class);\n    io.fabric8.kubernetes.internal.KubernetesDeserializer.registerCustomKind(io.enmasse.address.model.CoreCrd.API_VERSION_BETA2, \"MessagingAddressList\", io.enmasse.address.model.MessagingAddressList.class);\n    io.fabric8.kubernetes.internal.KubernetesDeserializer.registerCustomKind(io.enmasse.address.model.CoreCrd.API_VERSION_BETA2, \"MessagingEndpoint\", io.enmasse.address.model.MessagingEndpoint.class);\n    io.fabric8.kubernetes.internal.KubernetesDeserializer.registerCustomKind(io.enmasse.address.model.CoreCrd.API_VERSION_BETA2, \"MessagingEndpointList\", io.enmasse.address.model.MessagingEndpointList.class);\n}",
                "dst_parent": "null"
              },
              "line": 57,
              "file": "/home/khesoem/projects/lighter/exp/api-model/src/main/java/io/enmasse/address/model/CoreCrd.java",
              "stats": {
                "number_of_src_entities": 36,
                "number_of_dst_entities": -1,
                "src_entity_types": "[io.enmasse.address.model.MessagingEndpoint, io.enmasse.address.model.CoreCrd, java.lang.String, io.fabric8.kubernetes.internal.KubernetesDeserializer]",
                "dst_entity_types": "[]"
              }
            }
          ]
        },
        {
          "tool-name": "JKali",
          "pattern-name": "JKali:del",
          "Unified_Diff_of-files:": "Starts Below...",
          "DELETE:": "        IoTCrd.registerCustomCrds();",
          "instance_detail": [
            {
              "pattern_action": "DEL",
              "pattern_entity": {
                "entity_type": "*",
                "entity_new value": "*",
                "entity_role": "Statement",
                "entity_parent": "null"
              },
              "concrete_change": {
                "operator": "DEL",
                "src_type": "Invocation",
                "dst_type": "null",
                "src": "io.fabric8.kubernetes.internal.KubernetesDeserializer.registerCustomKind(io.enmasse.address.model.CoreCrd.API_VERSION_BETA2, \"MessagingEndpointList\", io.enmasse.address.model.MessagingEndpointList.class)",
                "dst": "null",
                "src_parent_type": "Block",
                "dst_parent_type": "null",
                "src_parent": "{\n    io.fabric8.kubernetes.internal.KubernetesDeserializer.registerCustomKind(io.enmasse.address.model.CoreCrd.API_VERSION, Address.KIND, io.enmasse.address.model.Address.class);\n    io.fabric8.kubernetes.internal.KubernetesDeserializer.registerCustomKind(io.enmasse.address.model.CoreCrd.API_VERSION, AddressList.KIND, io.enmasse.address.model.AddressList.class);\n    io.fabric8.kubernetes.internal.KubernetesDeserializer.registerCustomKind(io.enmasse.address.model.CoreCrd.API_VERSION, AddressSpace.KIND, io.enmasse.address.model.AddressSpace.class);\n    io.fabric8.kubernetes.internal.KubernetesDeserializer.registerCustomKind(io.enmasse.address.model.CoreCrd.API_VERSION, AddressSpaceList.KIND, io.enmasse.address.model.AddressSpaceList.class);\n    io.fabric8.kubernetes.internal.KubernetesDeserializer.registerCustomKind(io.enmasse.address.model.CoreCrd.API_VERSION, AddressSpaceSchema.KIND, io.enmasse.address.model.AddressSpaceSchema.class);\n    io.fabric8.kubernetes.internal.KubernetesDeserializer.registerCustomKind(io.enmasse.address.model.CoreCrd.API_VERSION, AddressSpaceSchemaList.KIND, io.enmasse.address.model.AddressSpaceSchemaList.class);\n    io.fabric8.kubernetes.internal.KubernetesDeserializer.registerCustomKind(io.enmasse.address.model.CoreCrd.API_VERSION_BETA2, \"MessagingInfrastructure\", io.enmasse.address.model.MessagingInfrastructure.class);\n    io.fabric8.kubernetes.internal.KubernetesDeserializer.registerCustomKind(io.enmasse.address.model.CoreCrd.API_VERSION_BETA2, \"MessagingInfrastructureList\", io.enmasse.address.model.MessagingInfrastructureList.class);\n    io.fabric8.kubernetes.internal.KubernetesDeserializer.registerCustomKind(io.enmasse.address.model.CoreCrd.API_VERSION_BETA2, \"MessagingTenant\", io.enmasse.address.model.MessagingTenant.class);\n    io.fabric8.kubernetes.internal.KubernetesDeserializer.registerCustomKind(io.enmasse.address.model.CoreCrd.API_VERSION_BETA2, \"MessagingTenantList\", io.enmasse.address.model.MessagingTenantList.class);\n    io.fabric8.kubernetes.internal.KubernetesDeserializer.registerCustomKind(io.enmasse.address.model.CoreCrd.API_VERSION_BETA2, \"MessagingAddress\", io.enmasse.address.model.MessagingAddress.class);\n    io.fabric8.kubernetes.internal.KubernetesDeserializer.registerCustomKind(io.enmasse.address.model.CoreCrd.API_VERSION_BETA2, \"MessagingAddressList\", io.enmasse.address.model.MessagingAddressList.class);\n    io.fabric8.kubernetes.internal.KubernetesDeserializer.registerCustomKind(io.enmasse.address.model.CoreCrd.API_VERSION_BETA2, \"MessagingEndpoint\", io.enmasse.address.model.MessagingEndpoint.class);\n    io.fabric8.kubernetes.internal.KubernetesDeserializer.registerCustomKind(io.enmasse.address.model.CoreCrd.API_VERSION_BETA2, \"MessagingEndpointList\", io.enmasse.address.model.MessagingEndpointList.class);\n}",
                "dst_parent": "null"
              },
              "line": 58,
              "file": "/home/khesoem/projects/lighter/exp/api-model/src/main/java/io/enmasse/address/model/CoreCrd.java",
              "stats": {
                "number_of_src_entities": 36,
                "number_of_dst_entities": -1,
                "src_entity_types": "[io.enmasse.address.model.CoreCrd, java.lang.String, io.enmasse.address.model.MessagingEndpointList, io.fabric8.kubernetes.internal.KubernetesDeserializer]",
                "dst_entity_types": "[]"
              }
            }
          ]
        },
        {
          "tool-name": "JKali",
          "pattern-name": "JKali:del",
          "Unified_Diff_of-files:": "Starts Below...",
          "DELETE:": "        IoTCrd.registerCustomCrds();",
          "instance_detail": [
            {
              "pattern_action": "DEL",
              "pattern_entity": {
                "entity_type": "*",
                "entity_new value": "*",
                "entity_role": "Statement",
                "entity_parent": "null"
              },
              "concrete_change": {
                "operator": "DEL",
                "src_type": "Return",
                "dst_type": "null",
                "src": "return io.enmasse.address.model.CoreCrd.MESSAGING_INFRA_CRD",
                "dst": "null",
                "src_parent_type": "Block",
                "dst_parent_type": "null",
                "src_parent": "{\n    return io.enmasse.address.model.CoreCrd.MESSAGING_INFRA_CRD;\n}",
                "dst_parent": "null"
              },
              "line": 73,
              "file": "/home/khesoem/projects/lighter/exp/api-model/src/main/java/io/enmasse/address/model/CoreCrd.java"
            }
          ]
        },
        {
          "tool-name": "JKali",
          "pattern-name": "JKali:del",
          "Unified_Diff_of-files:": "Starts Below...",
          "DELETE:": "        IoTCrd.registerCustomCrds();",
          "instance_detail": [
            {
              "pattern_action": "DEL",
              "pattern_entity": {
                "entity_type": "*",
                "entity_new value": "*",
                "entity_role": "Statement",
                "entity_parent": "null"
              },
              "concrete_change": {
                "operator": "DEL",
                "src_type": "Return",
                "dst_type": "null",
                "src": "return io.enmasse.address.model.CoreCrd.MESSAGING_TENANT_CRD",
                "dst": "null",
                "src_parent_type": "Block",
                "dst_parent_type": "null",
                "src_parent": "{\n    return io.enmasse.address.model.CoreCrd.MESSAGING_TENANT_CRD;\n}",
                "dst_parent": "null"
              },
              "line": 77,
              "file": "/home/khesoem/projects/lighter/exp/api-model/src/main/java/io/enmasse/address/model/CoreCrd.java"
            }
          ]
        },
        {
          "tool-name": "JKali",
          "pattern-name": "JKali:del",
          "Unified_Diff_of-files:": "Starts Below...",
          "DELETE:": "        IoTCrd.registerCustomCrds();",
          "instance_detail": [
            {
              "pattern_action": "DEL",
              "pattern_entity": {
                "entity_type": "*",
                "entity_new value": "*",
                "entity_role": "Statement",
                "entity_parent": "null"
              },
              "concrete_change": {
                "operator": "DEL",
                "src_type": "Return",
                "dst_type": "null",
                "src": "return io.enmasse.address.model.CoreCrd.MESSAGING_ADDRESS_CRD",
                "dst": "null",
                "src_parent_type": "Block",
                "dst_parent_type": "null",
                "src_parent": "{\n    return io.enmasse.address.model.CoreCrd.MESSAGING_ADDRESS_CRD;\n}",
                "dst_parent": "null"
              },
              "line": 81,
              "file": "/home/khesoem/projects/lighter/exp/api-model/src/main/java/io/enmasse/address/model/CoreCrd.java"
            }
          ]
        },
        {
          "tool-name": "JKali",
          "pattern-name": "JKali:del",
          "Unified_Diff_of-files:": "Starts Below...",
          "DELETE:": "        IoTCrd.registerCustomCrds();",
          "instance_detail": [
            {
              "pattern_action": "DEL",
              "pattern_entity": {
                "entity_type": "*",
                "entity_new value": "*",
                "entity_role": "Statement",
                "entity_parent": "null"
              },
              "concrete_change": {
                "operator": "DEL",
                "src_type": "Return",
                "dst_type": "null",
                "src": "return io.enmasse.address.model.CoreCrd.MESSAGING_ENDPOINT_CRD",
                "dst": "null",
                "src_parent_type": "Block",
                "dst_parent_type": "null",
                "src_parent": "{\n    return io.enmasse.address.model.CoreCrd.MESSAGING_ENDPOINT_CRD;\n}",
                "dst_parent": "null"
              },
              "line": 85,
              "file": "/home/khesoem/projects/lighter/exp/api-model/src/main/java/io/enmasse/address/model/CoreCrd.java"
            }
          ]
        }
      ]
    },
    {
      "revision": "d0724e2d2aaeda427937be1ffeba707017dd8f0e",
      "repairability": [
        {
          "tool-name": "JKali",
          "pattern-name": "JKali:del",
          "Unified_Diff_of-files:": "Starts Below...",
          "DELETE:": "        IoTCrd.registerCustomCrds();",
          "instance_detail": [
            {
              "pattern_action": "DEL",
              "pattern_entity": {
                "entity_type": "*",
                "entity_new value": "*",
                "entity_role": "Statement",
                "entity_parent": "null"
              },
              "concrete_change": {
                "operator": "DEL",
                "src_type": "Invocation",
                "dst_type": "null",
                "src": "io.enmasse.iot.model.v1.IoTCrd.registerCustomCrds()",
                "dst": "null",
                "src_parent_type": "Block",
                "dst_parent_type": "null",
                "src_parent": "{\n    io.enmasse.address.model.CoreCrd.registerCustomCrds();\n    io.enmasse.admin.model.v1.AdminCrd.registerCustomCrds();\n    io.enmasse.user.model.v1.UserCrd.registerCustomCrds();\n    io.enmasse.iot.model.v1.IoTCrd.registerCustomCrds();\n}",
                "dst_parent": "null"
              },
              "line": 24,
              "file": "/home/khesoem/projects/lighter/exp/api-model/src/main/java/io/enmasse/model/CustomResourceDefinitions.java",
              "stats": {
                "number_of_src_entities": 7,
                "number_of_dst_entities": -1,
                "src_entity_types": "[io.enmasse.iot.model.v1.IoTCrd]",
                "dst_entity_types": "[]"
              }
            }
          ]
        }
      ]
    }
  ],
  "complete_analysis": true
}