{
  "instances": [
    {
      "revision": "7f2e5eedfea4f290bc8ce9dc0203276a6955f2e6",
      "repairability": [
        {
          "tool-name": "Elixir",
          "pattern-name": "Elixir:check_length",
          "Unified_Diff_of-files:": "Starts Below...",
          "INSERT:": "    }",
          "instance_detail": [
            {
              "pattern_action": "MOV",
              "pattern_entity": {
                "entity_type": "Statement",
                "entity_new value": "*",
                "entity_role": "*",
                "entity_parent": "null"
              },
              "concrete_change": {
                "operator": "MOV",
                "src_type": "Invocation",
                "dst_type": "Invocation",
                "src": "typeArgumentList.get(nextTypeArgIdx).addTypeAnnotation(typePath.subList((numDeeperNestedLevels + 1), typePath.size()), annotationInfo)",
                "dst": "typeArgumentList.get(nextTypeArgIdx).addTypeAnnotation(typePath.subList((numDeeperNestedLevels + 1), typePath.size()), annotationInfo)",
                "src_parent_type": "Block",
                "dst_parent_type": "Block",
                "src_parent": "{\n    final java.util.List\u003cio.github.classgraph.TypeArgument\u003e typeArgumentList \u003d (suffixIdx \u003d\u003d (-1)) ? typeArguments : suffixTypeArguments.get(suffixIdx);\n    typeArgumentList.get(nextTypeArgIdx).addTypeAnnotation(typePath.subList((numDeeperNestedLevels + 1), typePath.size()), annotationInfo);\n}",
                "dst_parent": "{\n    typeArgumentList.get(nextTypeArgIdx).addTypeAnnotation(typePath.subList((numDeeperNestedLevels + 1), typePath.size()), annotationInfo);\n}"
              },
              "line": 231,
              "file": "/home/khesoem/projects/lighter/exp/src/main/java/io/github/classgraph/ClassRefTypeSignature.java",
              "stats": {
                "number_of_src_entities": 56,
                "number_of_dst_entities": 56,
                "src_entity_types": "[int, io.github.classgraph.TypeArgument, java.util.List\u003cio.github.classgraph.TypeArgument\u003e, java.util.List\u003cio.github.classgraph.Classfile.TypePathNode\u003e, io.github.classgraph.AnnotationInfo, io.github.classgraph.Classfile.TypePathNode]",
                "dst_entity_types": "[int, io.github.classgraph.TypeArgument, java.util.List\u003cio.github.classgraph.TypeArgument\u003e, java.util.List\u003cio.github.classgraph.Classfile.TypePathNode\u003e, io.github.classgraph.AnnotationInfo, io.github.classgraph.Classfile.TypePathNode]"
              }
            },
            {
              "pattern_action": "INS",
              "pattern_entity": {
                "entity_type": "If",
                "entity_new value": "*",
                "entity_role": "*",
                "entity_parent": "null"
              },
              "concrete_change": {
                "operator": "INS",
                "src_type": "If",
                "dst_type": "null",
                "src": "if (nextTypeArgIdx \u003c (typeArgumentList.size())) {\n    typeArgumentList.get(nextTypeArgIdx).addTypeAnnotation(typePath.subList((numDeeperNestedLevels + 1), typePath.size()), annotationInfo);\n}",
                "dst": "null",
                "src_parent_type": "Block",
                "dst_parent_type": "null",
                "src_parent": "{\n    final java.util.List\u003cio.github.classgraph.TypeArgument\u003e typeArgumentList \u003d (suffixIdx \u003d\u003d (-1)) ? typeArguments : suffixTypeArguments.get(suffixIdx);\n    if (nextTypeArgIdx \u003c (typeArgumentList.size())) {\n        typeArgumentList.get(nextTypeArgIdx).addTypeAnnotation(typePath.subList((numDeeperNestedLevels + 1), typePath.size()), annotationInfo);\n    }\n}",
                "dst_parent": "null"
              },
              "line": 233,
              "file": "/home/khesoem/projects/lighter/exp/src/main/java/io/github/classgraph/ClassRefTypeSignature.java",
              "stats": {
                "number_of_src_entities": 74,
                "number_of_dst_entities": -1,
                "src_entity_types": "[int, io.github.classgraph.TypeArgument, java.util.List\u003cio.github.classgraph.TypeArgument\u003e, java.util.List\u003cio.github.classgraph.Classfile.TypePathNode\u003e, io.github.classgraph.AnnotationInfo, io.github.classgraph.Classfile.TypePathNode]",
                "dst_entity_types": "[]"
              }
            }
          ]
        }
      ]
    }
  ],
  "complete_analysis": true
}