{
  "instances": [
    {
      "revision": "059e03863259f6537d65cbb9df1e98382c4bf681",
      "repairability": [
        {
          "tool-name": "JKali",
          "pattern-name": "JKali:add_rtrn",
          "Unified_Diff_of-files:": "Starts Below...",
          "INSERT:": "    client.close(); // SHOULD BE A FUTURE",
          "CHANGE_old:": "",
          "CHANGE_new:": "    }).onComplete(promise);",
          "DELETE:": "}",
          "instance_detail": [
            {
              "pattern_action": "INS",
              "pattern_entity": {
                "entity_type": "Return",
                "entity_new value": "*",
                "entity_role": "Statement",
                "entity_parent": "null"
              },
              "concrete_change": {
                "operator": "INS",
                "src_type": "Return",
                "dst_type": "null",
                "src": "return getConnectionInternal(ctx)",
                "dst": "null",
                "src_parent_type": "Block",
                "dst_parent_type": "null",
                "src_parent": "{\n    io.vertx.core.impl.ContextInternal ctx \u003d vertx.getOrCreateContext();\n    return getConnectionInternal(ctx);\n}",
                "dst_parent": "null"
              },
              "line": 43,
              "file": "/home/khesoem/projects/lighter/exp/src/main/java/io/vertx/jdbcclient/impl/JDBCPoolImpl.java",
              "stats": {
                "number_of_src_entities": 21,
                "number_of_dst_entities": -1,
                "src_entity_types": "[io.vertx.jdbcclient.impl.JDBCPoolImpl, io.vertx.core.impl.ContextInternal]",
                "dst_entity_types": "[]"
              }
            }
          ]
        },
        {
          "tool-name": "JKali",
          "pattern-name": "JKali:add_rtrn",
          "Unified_Diff_of-files:": "Starts Below...",
          "INSERT:": "    client.close(); // SHOULD BE A FUTURE",
          "CHANGE_old:": "",
          "CHANGE_new:": "    }).onComplete(promise);",
          "DELETE:": "}",
          "instance_detail": [
            {
              "pattern_action": "INS",
              "pattern_entity": {
                "entity_type": "Return",
                "entity_new value": "*",
                "entity_role": "Statement",
                "entity_parent": "null"
              },
              "concrete_change": {
                "operator": "INS",
                "src_type": "Return",
                "dst_type": "null",
                "src": "return p.future().flatMap(( r) -\u003e conn.close().map(r))",
                "dst": "null",
                "src_parent_type": "Block",
                "dst_parent_type": "null",
                "src_parent": "{\n    Promise\u003cio.vertx.jdbcclient.impl.R\u003e p \u003d ctx.promise();\n    ((io.vertx.sqlclient.impl.SqlConnectionImpl) (conn)).schedule(commandBase, p);\n    return p.future().flatMap(( r) -\u003e conn.close().map(r));\n}",
                "dst_parent": "null"
              },
              "line": 79,
              "file": "/home/khesoem/projects/lighter/exp/src/main/java/io/vertx/jdbcclient/impl/JDBCPoolImpl.java"
            }
          ]
        }
      ]
    },
    {
      "revision": "059e03863259f6537d65cbb9df1e98382c4bf681",
      "repairability": [
        {
          "tool-name": "JKali",
          "pattern-name": "JKali:add_rtrn",
          "Unified_Diff_of-files:": "Starts Below...",
          "INSERT:": "    client.close(); // SHOULD BE A FUTURE",
          "CHANGE_old:": "",
          "CHANGE_new:": "    }).onComplete(promise);",
          "DELETE:": "}",
          "instance_detail": [
            {
              "pattern_action": "INS",
              "pattern_entity": {
                "entity_type": "Return",
                "entity_new value": "*",
                "entity_role": "Statement",
                "entity_parent": "null"
              },
              "concrete_change": {
                "operator": "INS",
                "src_type": "Return",
                "dst_type": "null",
                "src": "return io.vertx.sqlclient.Pool.super.withTransaction(function)",
                "dst": "null",
                "src_parent_type": "Block",
                "dst_parent_type": "null",
                "src_parent": "{\n    return io.vertx.sqlclient.Pool.super.withTransaction(function);\n}",
                "dst_parent": "null"
              },
              "line": 38,
              "file": "/home/khesoem/projects/lighter/exp/src/main/java/io/vertx/jdbcclient/JDBCPool.java"
            }
          ]
        }
      ]
    }
  ],
  "complete_analysis": true
}