{
  "instances": [
    {
      "revision": "0cc1a3f6c95126b69f66613b7d7a938668fa7bff",
      "repairability": [
        {
          "tool-name": "JKali",
          "pattern-name": "JKali:del",
          "Unified_Diff_of-files:": "Starts Below...",
          "CHANGE_old:": "      helper.fillStatement(st, in);",
          "CHANGE_new:": "      fillStatement(st, in);",
          "instance_detail": [
            {
              "pattern_action": "DEL",
              "pattern_entity": {
                "entity_type": "*",
                "entity_new value": "*",
                "entity_role": "Statement",
                "entity_parent": "null"
              },
              "concrete_change": {
                "operator": "DEL",
                "src_type": "Assignment",
                "dst_type": "null",
                "src": "in \u003d io.vertx.ext.jdbc.impl.actions.JDBCStatementHelper.EMPTY",
                "dst": "null",
                "src_parent_type": "Block",
                "dst_parent_type": "null",
                "src_parent": "{\n    in \u003d io.vertx.ext.jdbc.impl.actions.JDBCStatementHelper.EMPTY;\n}",
                "dst_parent": "null"
              },
              "line": 116,
              "file": "/home/khesoem/projects/lighter/exp/src/main/java/io/vertx/ext/jdbc/impl/actions/JDBCStatementHelper.java"
            }
          ]
        },
        {
          "tool-name": "JKali",
          "pattern-name": "JKali:del",
          "Unified_Diff_of-files:": "Starts Below...",
          "CHANGE_old:": "      helper.fillStatement(st, in);",
          "CHANGE_new:": "      fillStatement(st, in);",
          "instance_detail": [
            {
              "pattern_action": "DEL",
              "pattern_entity": {
                "entity_type": "*",
                "entity_new value": "*",
                "entity_role": "Statement",
                "entity_parent": "null"
              },
              "concrete_change": {
                "operator": "DEL",
                "src_type": "If",
                "dst_type": "null",
                "src": "if (in \u003d\u003d null) {\n    in \u003d io.vertx.ext.jdbc.impl.actions.JDBCStatementHelper.EMPTY;\n}",
                "dst": "null",
                "src_parent_type": "Block",
                "dst_parent_type": "null",
                "src_parent": "{\n    if (in \u003d\u003d null) {\n        in \u003d io.vertx.ext.jdbc.impl.actions.JDBCStatementHelper.EMPTY;\n    }\n    java.sql.ParameterMetaData metaData \u003d statement.getParameterMetaData();\n    for (int pos \u003d 1; pos \u003c\u003d (in.size()); pos++) {\n        statement.setObject(pos, getEncoder().convert(metaData, pos, in));\n    }\n}",
                "dst_parent": "null"
              },
              "line": 115,
              "file": "/home/khesoem/projects/lighter/exp/src/main/java/io/vertx/ext/jdbc/impl/actions/JDBCStatementHelper.java"
            }
          ]
        },
        {
          "tool-name": "JKali",
          "pattern-name": "JKali:del",
          "Unified_Diff_of-files:": "Starts Below...",
          "CHANGE_old:": "      helper.fillStatement(st, in);",
          "CHANGE_new:": "      fillStatement(st, in);",
          "instance_detail": [
            {
              "pattern_action": "DEL",
              "pattern_entity": {
                "entity_type": "*",
                "entity_new value": "*",
                "entity_role": "Statement",
                "entity_parent": "null"
              },
              "concrete_change": {
                "operator": "DEL",
                "src_type": "LocalVariable",
                "dst_type": "null",
                "src": "java.sql.ParameterMetaData metaData \u003d statement.getParameterMetaData()",
                "dst": "null",
                "src_parent_type": "Block",
                "dst_parent_type": "null",
                "src_parent": "{\n    if (in \u003d\u003d null) {\n        in \u003d io.vertx.ext.jdbc.impl.actions.JDBCStatementHelper.EMPTY;\n    }\n    java.sql.ParameterMetaData metaData \u003d statement.getParameterMetaData();\n    for (int pos \u003d 1; pos \u003c\u003d (in.size()); pos++) {\n        statement.setObject(pos, getEncoder().convert(metaData, pos, in));\n    }\n}",
                "dst_parent": "null"
              },
              "line": 119,
              "file": "/home/khesoem/projects/lighter/exp/src/main/java/io/vertx/ext/jdbc/impl/actions/JDBCStatementHelper.java"
            }
          ]
        },
        {
          "tool-name": "JKali",
          "pattern-name": "JKali:del",
          "Unified_Diff_of-files:": "Starts Below...",
          "CHANGE_old:": "      helper.fillStatement(st, in);",
          "CHANGE_new:": "      fillStatement(st, in);",
          "instance_detail": [
            {
              "pattern_action": "DEL",
              "pattern_entity": {
                "entity_type": "*",
                "entity_new value": "*",
                "entity_role": "Statement",
                "entity_parent": "null"
              },
              "concrete_change": {
                "operator": "DEL",
                "src_type": "Invocation",
                "dst_type": "null",
                "src": "statement.setObject(pos, getEncoder().convert(metaData, pos, in))",
                "dst": "null",
                "src_parent_type": "Block",
                "dst_parent_type": "null",
                "src_parent": "{\n    statement.setObject(pos, getEncoder().convert(metaData, pos, in));\n}",
                "dst_parent": "null"
              },
              "line": 121,
              "file": "/home/khesoem/projects/lighter/exp/src/main/java/io/vertx/ext/jdbc/impl/actions/JDBCStatementHelper.java"
            }
          ]
        },
        {
          "tool-name": "JKali",
          "pattern-name": "JKali:del",
          "Unified_Diff_of-files:": "Starts Below...",
          "CHANGE_old:": "      helper.fillStatement(st, in);",
          "CHANGE_new:": "      fillStatement(st, in);",
          "instance_detail": [
            {
              "pattern_action": "DEL",
              "pattern_entity": {
                "entity_type": "*",
                "entity_new value": "*",
                "entity_role": "Statement",
                "entity_parent": "null"
              },
              "concrete_change": {
                "operator": "DEL",
                "src_type": "For",
                "dst_type": "null",
                "src": "for (int pos \u003d 1; pos \u003c\u003d (in.size()); pos++) {\n    statement.setObject(pos, getEncoder().convert(metaData, pos, in));\n}",
                "dst": "null",
                "src_parent_type": "Block",
                "dst_parent_type": "null",
                "src_parent": "{\n    if (in \u003d\u003d null) {\n        in \u003d io.vertx.ext.jdbc.impl.actions.JDBCStatementHelper.EMPTY;\n    }\n    java.sql.ParameterMetaData metaData \u003d statement.getParameterMetaData();\n    for (int pos \u003d 1; pos \u003c\u003d (in.size()); pos++) {\n        statement.setObject(pos, getEncoder().convert(metaData, pos, in));\n    }\n}",
                "dst_parent": "null"
              },
              "line": 120,
              "file": "/home/khesoem/projects/lighter/exp/src/main/java/io/vertx/ext/jdbc/impl/actions/JDBCStatementHelper.java"
            }
          ]
        },
        {
          "tool-name": "JKali",
          "pattern-name": "JKali:del",
          "Unified_Diff_of-files:": "Starts Below...",
          "CHANGE_old:": "      helper.fillStatement(st, in);",
          "CHANGE_new:": "      fillStatement(st, in);",
          "instance_detail": [
            {
              "pattern_action": "DEL",
              "pattern_entity": {
                "entity_type": "*",
                "entity_new value": "*",
                "entity_role": "Statement",
                "entity_parent": "null"
              },
              "concrete_change": {
                "operator": "DEL",
                "src_type": "Assignment",
                "dst_type": "null",
                "src": "in \u003d io.vertx.ext.jdbc.impl.actions.JDBCStatementHelper.EMPTY",
                "dst": "null",
                "src_parent_type": "Block",
                "dst_parent_type": "null",
                "src_parent": "{\n    in \u003d io.vertx.ext.jdbc.impl.actions.JDBCStatementHelper.EMPTY;\n}",
                "dst_parent": "null"
              },
              "line": 127,
              "file": "/home/khesoem/projects/lighter/exp/src/main/java/io/vertx/ext/jdbc/impl/actions/JDBCStatementHelper.java"
            }
          ]
        },
        {
          "tool-name": "JKali",
          "pattern-name": "JKali:del",
          "Unified_Diff_of-files:": "Starts Below...",
          "CHANGE_old:": "      helper.fillStatement(st, in);",
          "CHANGE_new:": "      fillStatement(st, in);",
          "instance_detail": [
            {
              "pattern_action": "DEL",
              "pattern_entity": {
                "entity_type": "*",
                "entity_new value": "*",
                "entity_role": "Statement",
                "entity_parent": "null"
              },
              "concrete_change": {
                "operator": "DEL",
                "src_type": "If",
                "dst_type": "null",
                "src": "if (in \u003d\u003d null) {\n    in \u003d io.vertx.ext.jdbc.impl.actions.JDBCStatementHelper.EMPTY;\n}",
                "dst": "null",
                "src_parent_type": "Block",
                "dst_parent_type": "null",
                "src_parent": "{\n    if (in \u003d\u003d null) {\n        in \u003d io.vertx.ext.jdbc.impl.actions.JDBCStatementHelper.EMPTY;\n    }\n    if (out \u003d\u003d null) {\n        out \u003d io.vertx.ext.jdbc.impl.actions.JDBCStatementHelper.EMPTY;\n    }\n    int max \u003d java.lang.Math.max(in.size(), out.size());\n    java.sql.ParameterMetaData metaData \u003d statement.getParameterMetaData();\n    for (int i \u003d 0; i \u003c max; i++) {\n        java.lang.Object value;\n        boolean set \u003d false;\n        if (i \u003c (in.size())) {\n            value \u003d getEncoder().convert(metaData, (i + 1), in);\n            if (value !\u003d null) {\n                statement.setObject((i + 1), value);\n                set \u003d true;\n            }\n        }\n        value \u003d null;\n        if (i \u003c (out.size())) {\n            value \u003d out.getValue(i);\n        }\n        if (value !\u003d null) {\n            if (value instanceof java.lang.String) {\n                statement.registerOutParameter((i + 1), java.sql.JDBCType.valueOf(((java.lang.String) (value))).getVendorTypeNumber());\n            } else\n                if (value instanceof java.lang.Number) {\n                    statement.registerOutParameter((i + 1), ((java.lang.Number) (value)).intValue());\n                }\n\n            set \u003d true;\n        }\n        if (!set) {\n            statement.setNull((i + 1), java.sql.Types.NULL);\n        }\n    }\n}",
                "dst_parent": "null"
              },
              "line": 126,
              "file": "/home/khesoem/projects/lighter/exp/src/main/java/io/vertx/ext/jdbc/impl/actions/JDBCStatementHelper.java"
            }
          ]
        },
        {
          "tool-name": "JKali",
          "pattern-name": "JKali:del",
          "Unified_Diff_of-files:": "Starts Below...",
          "CHANGE_old:": "      helper.fillStatement(st, in);",
          "CHANGE_new:": "      fillStatement(st, in);",
          "instance_detail": [
            {
              "pattern_action": "DEL",
              "pattern_entity": {
                "entity_type": "*",
                "entity_new value": "*",
                "entity_role": "Statement",
                "entity_parent": "null"
              },
              "concrete_change": {
                "operator": "DEL",
                "src_type": "Assignment",
                "dst_type": "null",
                "src": "out \u003d io.vertx.ext.jdbc.impl.actions.JDBCStatementHelper.EMPTY",
                "dst": "null",
                "src_parent_type": "Block",
                "dst_parent_type": "null",
                "src_parent": "{\n    out \u003d io.vertx.ext.jdbc.impl.actions.JDBCStatementHelper.EMPTY;\n}",
                "dst_parent": "null"
              },
              "line": 131,
              "file": "/home/khesoem/projects/lighter/exp/src/main/java/io/vertx/ext/jdbc/impl/actions/JDBCStatementHelper.java"
            }
          ]
        },
        {
          "tool-name": "JKali",
          "pattern-name": "JKali:del",
          "Unified_Diff_of-files:": "Starts Below...",
          "CHANGE_old:": "      helper.fillStatement(st, in);",
          "CHANGE_new:": "      fillStatement(st, in);",
          "instance_detail": [
            {
              "pattern_action": "DEL",
              "pattern_entity": {
                "entity_type": "*",
                "entity_new value": "*",
                "entity_role": "Statement",
                "entity_parent": "null"
              },
              "concrete_change": {
                "operator": "DEL",
                "src_type": "If",
                "dst_type": "null",
                "src": "if (out \u003d\u003d null) {\n    out \u003d io.vertx.ext.jdbc.impl.actions.JDBCStatementHelper.EMPTY;\n}",
                "dst": "null",
                "src_parent_type": "Block",
                "dst_parent_type": "null",
                "src_parent": "{\n    if (in \u003d\u003d null) {\n        in \u003d io.vertx.ext.jdbc.impl.actions.JDBCStatementHelper.EMPTY;\n    }\n    if (out \u003d\u003d null) {\n        out \u003d io.vertx.ext.jdbc.impl.actions.JDBCStatementHelper.EMPTY;\n    }\n    int max \u003d java.lang.Math.max(in.size(), out.size());\n    java.sql.ParameterMetaData metaData \u003d statement.getParameterMetaData();\n    for (int i \u003d 0; i \u003c max; i++) {\n        java.lang.Object value;\n        boolean set \u003d false;\n        if (i \u003c (in.size())) {\n            value \u003d getEncoder().convert(metaData, (i + 1), in);\n            if (value !\u003d null) {\n                statement.setObject((i + 1), value);\n                set \u003d true;\n            }\n        }\n        value \u003d null;\n        if (i \u003c (out.size())) {\n            value \u003d out.getValue(i);\n        }\n        if (value !\u003d null) {\n            if (value instanceof java.lang.String) {\n                statement.registerOutParameter((i + 1), java.sql.JDBCType.valueOf(((java.lang.String) (value))).getVendorTypeNumber());\n            } else\n                if (value instanceof java.lang.Number) {\n                    statement.registerOutParameter((i + 1), ((java.lang.Number) (value)).intValue());\n                }\n\n            set \u003d true;\n        }\n        if (!set) {\n            statement.setNull((i + 1), java.sql.Types.NULL);\n        }\n    }\n}",
                "dst_parent": "null"
              },
              "line": 130,
              "file": "/home/khesoem/projects/lighter/exp/src/main/java/io/vertx/ext/jdbc/impl/actions/JDBCStatementHelper.java"
            }
          ]
        },
        {
          "tool-name": "JKali",
          "pattern-name": "JKali:del",
          "Unified_Diff_of-files:": "Starts Below...",
          "CHANGE_old:": "      helper.fillStatement(st, in);",
          "CHANGE_new:": "      fillStatement(st, in);",
          "instance_detail": [
            {
              "pattern_action": "DEL",
              "pattern_entity": {
                "entity_type": "*",
                "entity_new value": "*",
                "entity_role": "Statement",
                "entity_parent": "null"
              },
              "concrete_change": {
                "operator": "DEL",
                "src_type": "LocalVariable",
                "dst_type": "null",
                "src": "int max \u003d java.lang.Math.max(in.size(), out.size())",
                "dst": "null",
                "src_parent_type": "Block",
                "dst_parent_type": "null",
                "src_parent": "{\n    if (in \u003d\u003d null) {\n        in \u003d io.vertx.ext.jdbc.impl.actions.JDBCStatementHelper.EMPTY;\n    }\n    if (out \u003d\u003d null) {\n        out \u003d io.vertx.ext.jdbc.impl.actions.JDBCStatementHelper.EMPTY;\n    }\n    int max \u003d java.lang.Math.max(in.size(), out.size());\n    java.sql.ParameterMetaData metaData \u003d statement.getParameterMetaData();\n    for (int i \u003d 0; i \u003c max; i++) {\n        java.lang.Object value;\n        boolean set \u003d false;\n        if (i \u003c (in.size())) {\n            value \u003d getEncoder().convert(metaData, (i + 1), in);\n            if (value !\u003d null) {\n                statement.setObject((i + 1), value);\n                set \u003d true;\n            }\n        }\n        value \u003d null;\n        if (i \u003c (out.size())) {\n            value \u003d out.getValue(i);\n        }\n        if (value !\u003d null) {\n            if (value instanceof java.lang.String) {\n                statement.registerOutParameter((i + 1), java.sql.JDBCType.valueOf(((java.lang.String) (value))).getVendorTypeNumber());\n            } else\n                if (value instanceof java.lang.Number) {\n                    statement.registerOutParameter((i + 1), ((java.lang.Number) (value)).intValue());\n                }\n\n            set \u003d true;\n        }\n        if (!set) {\n            statement.setNull((i + 1), java.sql.Types.NULL);\n        }\n    }\n}",
                "dst_parent": "null"
              },
              "line": 134,
              "file": "/home/khesoem/projects/lighter/exp/src/main/java/io/vertx/ext/jdbc/impl/actions/JDBCStatementHelper.java"
            }
          ]
        },
        {
          "tool-name": "JKali",
          "pattern-name": "JKali:del",
          "Unified_Diff_of-files:": "Starts Below...",
          "CHANGE_old:": "      helper.fillStatement(st, in);",
          "CHANGE_new:": "      fillStatement(st, in);",
          "instance_detail": [
            {
              "pattern_action": "DEL",
              "pattern_entity": {
                "entity_type": "*",
                "entity_new value": "*",
                "entity_role": "Statement",
                "entity_parent": "null"
              },
              "concrete_change": {
                "operator": "DEL",
                "src_type": "LocalVariable",
                "dst_type": "null",
                "src": "java.sql.ParameterMetaData metaData \u003d statement.getParameterMetaData()",
                "dst": "null",
                "src_parent_type": "Block",
                "dst_parent_type": "null",
                "src_parent": "{\n    if (in \u003d\u003d null) {\n        in \u003d io.vertx.ext.jdbc.impl.actions.JDBCStatementHelper.EMPTY;\n    }\n    if (out \u003d\u003d null) {\n        out \u003d io.vertx.ext.jdbc.impl.actions.JDBCStatementHelper.EMPTY;\n    }\n    int max \u003d java.lang.Math.max(in.size(), out.size());\n    java.sql.ParameterMetaData metaData \u003d statement.getParameterMetaData();\n    for (int i \u003d 0; i \u003c max; i++) {\n        java.lang.Object value;\n        boolean set \u003d false;\n        if (i \u003c (in.size())) {\n            value \u003d getEncoder().convert(metaData, (i + 1), in);\n            if (value !\u003d null) {\n                statement.setObject((i + 1), value);\n                set \u003d true;\n            }\n        }\n        value \u003d null;\n        if (i \u003c (out.size())) {\n            value \u003d out.getValue(i);\n        }\n        if (value !\u003d null) {\n            if (value instanceof java.lang.String) {\n                statement.registerOutParameter((i + 1), java.sql.JDBCType.valueOf(((java.lang.String) (value))).getVendorTypeNumber());\n            } else\n                if (value instanceof java.lang.Number) {\n                    statement.registerOutParameter((i + 1), ((java.lang.Number) (value)).intValue());\n                }\n\n            set \u003d true;\n        }\n        if (!set) {\n            statement.setNull((i + 1), java.sql.Types.NULL);\n        }\n    }\n}",
                "dst_parent": "null"
              },
              "line": 135,
              "file": "/home/khesoem/projects/lighter/exp/src/main/java/io/vertx/ext/jdbc/impl/actions/JDBCStatementHelper.java"
            }
          ]
        },
        {
          "tool-name": "JKali",
          "pattern-name": "JKali:del",
          "Unified_Diff_of-files:": "Starts Below...",
          "CHANGE_old:": "      helper.fillStatement(st, in);",
          "CHANGE_new:": "      fillStatement(st, in);",
          "instance_detail": [
            {
              "pattern_action": "DEL",
              "pattern_entity": {
                "entity_type": "*",
                "entity_new value": "*",
                "entity_role": "Statement",
                "entity_parent": "null"
              },
              "concrete_change": {
                "operator": "DEL",
                "src_type": "LocalVariable",
                "dst_type": "null",
                "src": "java.lang.Object value",
                "dst": "null",
                "src_parent_type": "Block",
                "dst_parent_type": "null",
                "src_parent": "{\n    java.lang.Object value;\n    boolean set \u003d false;\n    if (i \u003c (in.size())) {\n        value \u003d getEncoder().convert(metaData, (i + 1), in);\n        if (value !\u003d null) {\n            statement.setObject((i + 1), value);\n            set \u003d true;\n        }\n    }\n    value \u003d null;\n    if (i \u003c (out.size())) {\n        value \u003d out.getValue(i);\n    }\n    if (value !\u003d null) {\n        if (value instanceof java.lang.String) {\n            statement.registerOutParameter((i + 1), java.sql.JDBCType.valueOf(((java.lang.String) (value))).getVendorTypeNumber());\n        } else\n            if (value instanceof java.lang.Number) {\n                statement.registerOutParameter((i + 1), ((java.lang.Number) (value)).intValue());\n            }\n\n        set \u003d true;\n    }\n    if (!set) {\n        statement.setNull((i + 1), java.sql.Types.NULL);\n    }\n}",
                "dst_parent": "null"
              },
              "line": 137,
              "file": "/home/khesoem/projects/lighter/exp/src/main/java/io/vertx/ext/jdbc/impl/actions/JDBCStatementHelper.java"
            }
          ]
        },
        {
          "tool-name": "JKali",
          "pattern-name": "JKali:del",
          "Unified_Diff_of-files:": "Starts Below...",
          "CHANGE_old:": "      helper.fillStatement(st, in);",
          "CHANGE_new:": "      fillStatement(st, in);",
          "instance_detail": [
            {
              "pattern_action": "DEL",
              "pattern_entity": {
                "entity_type": "*",
                "entity_new value": "*",
                "entity_role": "Statement",
                "entity_parent": "null"
              },
              "concrete_change": {
                "operator": "DEL",
                "src_type": "LocalVariable",
                "dst_type": "null",
                "src": "boolean set \u003d false",
                "dst": "null",
                "src_parent_type": "Block",
                "dst_parent_type": "null",
                "src_parent": "{\n    java.lang.Object value;\n    boolean set \u003d false;\n    if (i \u003c (in.size())) {\n        value \u003d getEncoder().convert(metaData, (i + 1), in);\n        if (value !\u003d null) {\n            statement.setObject((i + 1), value);\n            set \u003d true;\n        }\n    }\n    value \u003d null;\n    if (i \u003c (out.size())) {\n        value \u003d out.getValue(i);\n    }\n    if (value !\u003d null) {\n        if (value instanceof java.lang.String) {\n            statement.registerOutParameter((i + 1), java.sql.JDBCType.valueOf(((java.lang.String) (value))).getVendorTypeNumber());\n        } else\n            if (value instanceof java.lang.Number) {\n                statement.registerOutParameter((i + 1), ((java.lang.Number) (value)).intValue());\n            }\n\n        set \u003d true;\n    }\n    if (!set) {\n        statement.setNull((i + 1), java.sql.Types.NULL);\n    }\n}",
                "dst_parent": "null"
              },
              "line": 138,
              "file": "/home/khesoem/projects/lighter/exp/src/main/java/io/vertx/ext/jdbc/impl/actions/JDBCStatementHelper.java"
            }
          ]
        },
        {
          "tool-name": "JKali",
          "pattern-name": "JKali:del",
          "Unified_Diff_of-files:": "Starts Below...",
          "CHANGE_old:": "      helper.fillStatement(st, in);",
          "CHANGE_new:": "      fillStatement(st, in);",
          "instance_detail": [
            {
              "pattern_action": "DEL",
              "pattern_entity": {
                "entity_type": "*",
                "entity_new value": "*",
                "entity_role": "Statement",
                "entity_parent": "null"
              },
              "concrete_change": {
                "operator": "DEL",
                "src_type": "Assignment",
                "dst_type": "null",
                "src": "value \u003d getEncoder().convert(metaData, (i + 1), in)",
                "dst": "null",
                "src_parent_type": "Block",
                "dst_parent_type": "null",
                "src_parent": "{\n    value \u003d getEncoder().convert(metaData, (i + 1), in);\n    if (value !\u003d null) {\n        statement.setObject((i + 1), value);\n        set \u003d true;\n    }\n}",
                "dst_parent": "null"
              },
              "line": 141,
              "file": "/home/khesoem/projects/lighter/exp/src/main/java/io/vertx/ext/jdbc/impl/actions/JDBCStatementHelper.java"
            }
          ]
        },
        {
          "tool-name": "JKali",
          "pattern-name": "JKali:del",
          "Unified_Diff_of-files:": "Starts Below...",
          "CHANGE_old:": "      helper.fillStatement(st, in);",
          "CHANGE_new:": "      fillStatement(st, in);",
          "instance_detail": [
            {
              "pattern_action": "DEL",
              "pattern_entity": {
                "entity_type": "*",
                "entity_new value": "*",
                "entity_role": "Statement",
                "entity_parent": "null"
              },
              "concrete_change": {
                "operator": "DEL",
                "src_type": "Invocation",
                "dst_type": "null",
                "src": "statement.setObject((i + 1), value)",
                "dst": "null",
                "src_parent_type": "Block",
                "dst_parent_type": "null",
                "src_parent": "{\n    statement.setObject((i + 1), value);\n    set \u003d true;\n}",
                "dst_parent": "null"
              },
              "line": 143,
              "file": "/home/khesoem/projects/lighter/exp/src/main/java/io/vertx/ext/jdbc/impl/actions/JDBCStatementHelper.java"
            }
          ]
        },
        {
          "tool-name": "JKali",
          "pattern-name": "JKali:del",
          "Unified_Diff_of-files:": "Starts Below...",
          "CHANGE_old:": "      helper.fillStatement(st, in);",
          "CHANGE_new:": "      fillStatement(st, in);",
          "instance_detail": [
            {
              "pattern_action": "DEL",
              "pattern_entity": {
                "entity_type": "*",
                "entity_new value": "*",
                "entity_role": "Statement",
                "entity_parent": "null"
              },
              "concrete_change": {
                "operator": "DEL",
                "src_type": "Assignment",
                "dst_type": "null",
                "src": "set \u003d true",
                "dst": "null",
                "src_parent_type": "Block",
                "dst_parent_type": "null",
                "src_parent": "{\n    statement.setObject((i + 1), value);\n    set \u003d true;\n}",
                "dst_parent": "null"
              },
              "line": 144,
              "file": "/home/khesoem/projects/lighter/exp/src/main/java/io/vertx/ext/jdbc/impl/actions/JDBCStatementHelper.java"
            }
          ]
        },
        {
          "tool-name": "JKali",
          "pattern-name": "JKali:del",
          "Unified_Diff_of-files:": "Starts Below...",
          "CHANGE_old:": "      helper.fillStatement(st, in);",
          "CHANGE_new:": "      fillStatement(st, in);",
          "instance_detail": [
            {
              "pattern_action": "DEL",
              "pattern_entity": {
                "entity_type": "*",
                "entity_new value": "*",
                "entity_role": "Statement",
                "entity_parent": "null"
              },
              "concrete_change": {
                "operator": "DEL",
                "src_type": "If",
                "dst_type": "null",
                "src": "if (value !\u003d null) {\n    statement.setObject((i + 1), value);\n    set \u003d true;\n}",
                "dst": "null",
                "src_parent_type": "Block",
                "dst_parent_type": "null",
                "src_parent": "{\n    value \u003d getEncoder().convert(metaData, (i + 1), in);\n    if (value !\u003d null) {\n        statement.setObject((i + 1), value);\n        set \u003d true;\n    }\n}",
                "dst_parent": "null"
              },
              "line": 142,
              "file": "/home/khesoem/projects/lighter/exp/src/main/java/io/vertx/ext/jdbc/impl/actions/JDBCStatementHelper.java"
            }
          ]
        },
        {
          "tool-name": "JKali",
          "pattern-name": "JKali:del",
          "Unified_Diff_of-files:": "Starts Below...",
          "CHANGE_old:": "      helper.fillStatement(st, in);",
          "CHANGE_new:": "      fillStatement(st, in);",
          "instance_detail": [
            {
              "pattern_action": "DEL",
              "pattern_entity": {
                "entity_type": "*",
                "entity_new value": "*",
                "entity_role": "Statement",
                "entity_parent": "null"
              },
              "concrete_change": {
                "operator": "DEL",
                "src_type": "If",
                "dst_type": "null",
                "src": "if (i \u003c (in.size())) {\n    value \u003d getEncoder().convert(metaData, (i + 1), in);\n    if (value !\u003d null) {\n        statement.setObject((i + 1), value);\n        set \u003d true;\n    }\n}",
                "dst": "null",
                "src_parent_type": "Block",
                "dst_parent_type": "null",
                "src_parent": "{\n    java.lang.Object value;\n    boolean set \u003d false;\n    if (i \u003c (in.size())) {\n        value \u003d getEncoder().convert(metaData, (i + 1), in);\n        if (value !\u003d null) {\n            statement.setObject((i + 1), value);\n            set \u003d true;\n        }\n    }\n    value \u003d null;\n    if (i \u003c (out.size())) {\n        value \u003d out.getValue(i);\n    }\n    if (value !\u003d null) {\n        if (value instanceof java.lang.String) {\n            statement.registerOutParameter((i + 1), java.sql.JDBCType.valueOf(((java.lang.String) (value))).getVendorTypeNumber());\n        } else\n            if (value instanceof java.lang.Number) {\n                statement.registerOutParameter((i + 1), ((java.lang.Number) (value)).intValue());\n            }\n\n        set \u003d true;\n    }\n    if (!set) {\n        statement.setNull((i + 1), java.sql.Types.NULL);\n    }\n}",
                "dst_parent": "null"
              },
              "line": 140,
              "file": "/home/khesoem/projects/lighter/exp/src/main/java/io/vertx/ext/jdbc/impl/actions/JDBCStatementHelper.java"
            }
          ]
        },
        {
          "tool-name": "JKali",
          "pattern-name": "JKali:del",
          "Unified_Diff_of-files:": "Starts Below...",
          "CHANGE_old:": "      helper.fillStatement(st, in);",
          "CHANGE_new:": "      fillStatement(st, in);",
          "instance_detail": [
            {
              "pattern_action": "DEL",
              "pattern_entity": {
                "entity_type": "*",
                "entity_new value": "*",
                "entity_role": "Statement",
                "entity_parent": "null"
              },
              "concrete_change": {
                "operator": "DEL",
                "src_type": "Assignment",
                "dst_type": "null",
                "src": "value \u003d null",
                "dst": "null",
                "src_parent_type": "Block",
                "dst_parent_type": "null",
                "src_parent": "{\n    java.lang.Object value;\n    boolean set \u003d false;\n    if (i \u003c (in.size())) {\n        value \u003d getEncoder().convert(metaData, (i + 1), in);\n        if (value !\u003d null) {\n            statement.setObject((i + 1), value);\n            set \u003d true;\n        }\n    }\n    value \u003d null;\n    if (i \u003c (out.size())) {\n        value \u003d out.getValue(i);\n    }\n    if (value !\u003d null) {\n        if (value instanceof java.lang.String) {\n            statement.registerOutParameter((i + 1), java.sql.JDBCType.valueOf(((java.lang.String) (value))).getVendorTypeNumber());\n        } else\n            if (value instanceof java.lang.Number) {\n                statement.registerOutParameter((i + 1), ((java.lang.Number) (value)).intValue());\n            }\n\n        set \u003d true;\n    }\n    if (!set) {\n        statement.setNull((i + 1), java.sql.Types.NULL);\n    }\n}",
                "dst_parent": "null"
              },
              "line": 149,
              "file": "/home/khesoem/projects/lighter/exp/src/main/java/io/vertx/ext/jdbc/impl/actions/JDBCStatementHelper.java"
            }
          ]
        },
        {
          "tool-name": "JKali",
          "pattern-name": "JKali:del",
          "Unified_Diff_of-files:": "Starts Below...",
          "CHANGE_old:": "      helper.fillStatement(st, in);",
          "CHANGE_new:": "      fillStatement(st, in);",
          "instance_detail": [
            {
              "pattern_action": "DEL",
              "pattern_entity": {
                "entity_type": "*",
                "entity_new value": "*",
                "entity_role": "Statement",
                "entity_parent": "null"
              },
              "concrete_change": {
                "operator": "DEL",
                "src_type": "Assignment",
                "dst_type": "null",
                "src": "value \u003d out.getValue(i)",
                "dst": "null",
                "src_parent_type": "Block",
                "dst_parent_type": "null",
                "src_parent": "{\n    value \u003d out.getValue(i);\n}",
                "dst_parent": "null"
              },
              "line": 152,
              "file": "/home/khesoem/projects/lighter/exp/src/main/java/io/vertx/ext/jdbc/impl/actions/JDBCStatementHelper.java"
            }
          ]
        },
        {
          "tool-name": "JKali",
          "pattern-name": "JKali:del",
          "Unified_Diff_of-files:": "Starts Below...",
          "CHANGE_old:": "      helper.fillStatement(st, in);",
          "CHANGE_new:": "      fillStatement(st, in);",
          "instance_detail": [
            {
              "pattern_action": "DEL",
              "pattern_entity": {
                "entity_type": "*",
                "entity_new value": "*",
                "entity_role": "Statement",
                "entity_parent": "null"
              },
              "concrete_change": {
                "operator": "DEL",
                "src_type": "If",
                "dst_type": "null",
                "src": "if (i \u003c (out.size())) {\n    value \u003d out.getValue(i);\n}",
                "dst": "null",
                "src_parent_type": "Block",
                "dst_parent_type": "null",
                "src_parent": "{\n    java.lang.Object value;\n    boolean set \u003d false;\n    if (i \u003c (in.size())) {\n        value \u003d getEncoder().convert(metaData, (i + 1), in);\n        if (value !\u003d null) {\n            statement.setObject((i + 1), value);\n            set \u003d true;\n        }\n    }\n    value \u003d null;\n    if (i \u003c (out.size())) {\n        value \u003d out.getValue(i);\n    }\n    if (value !\u003d null) {\n        if (value instanceof java.lang.String) {\n            statement.registerOutParameter((i + 1), java.sql.JDBCType.valueOf(((java.lang.String) (value))).getVendorTypeNumber());\n        } else\n            if (value instanceof java.lang.Number) {\n                statement.registerOutParameter((i + 1), ((java.lang.Number) (value)).intValue());\n            }\n\n        set \u003d true;\n    }\n    if (!set) {\n        statement.setNull((i + 1), java.sql.Types.NULL);\n    }\n}",
                "dst_parent": "null"
              },
              "line": 151,
              "file": "/home/khesoem/projects/lighter/exp/src/main/java/io/vertx/ext/jdbc/impl/actions/JDBCStatementHelper.java"
            }
          ]
        },
        {
          "tool-name": "JKali",
          "pattern-name": "JKali:del",
          "Unified_Diff_of-files:": "Starts Below...",
          "CHANGE_old:": "      helper.fillStatement(st, in);",
          "CHANGE_new:": "      fillStatement(st, in);",
          "instance_detail": [
            {
              "pattern_action": "DEL",
              "pattern_entity": {
                "entity_type": "*",
                "entity_new value": "*",
                "entity_role": "Statement",
                "entity_parent": "null"
              },
              "concrete_change": {
                "operator": "DEL",
                "src_type": "Invocation",
                "dst_type": "null",
                "src": "statement.registerOutParameter((i + 1), java.sql.JDBCType.valueOf(((java.lang.String) (value))).getVendorTypeNumber())",
                "dst": "null",
                "src_parent_type": "Block",
                "dst_parent_type": "null",
                "src_parent": "{\n    statement.registerOutParameter((i + 1), java.sql.JDBCType.valueOf(((java.lang.String) (value))).getVendorTypeNumber());\n}",
                "dst_parent": "null"
              },
              "line": 160,
              "file": "/home/khesoem/projects/lighter/exp/src/main/java/io/vertx/ext/jdbc/impl/actions/JDBCStatementHelper.java"
            }
          ]
        },
        {
          "tool-name": "JKali",
          "pattern-name": "JKali:del",
          "Unified_Diff_of-files:": "Starts Below...",
          "CHANGE_old:": "      helper.fillStatement(st, in);",
          "CHANGE_new:": "      fillStatement(st, in);",
          "instance_detail": [
            {
              "pattern_action": "DEL",
              "pattern_entity": {
                "entity_type": "*",
                "entity_new value": "*",
                "entity_role": "Statement",
                "entity_parent": "null"
              },
              "concrete_change": {
                "operator": "DEL",
                "src_type": "Invocation",
                "dst_type": "null",
                "src": "statement.registerOutParameter((i + 1), ((java.lang.Number) (value)).intValue())",
                "dst": "null",
                "src_parent_type": "Block",
                "dst_parent_type": "null",
                "src_parent": "{\n    statement.registerOutParameter((i + 1), ((java.lang.Number) (value)).intValue());\n}",
                "dst_parent": "null"
              },
              "line": 163,
              "file": "/home/khesoem/projects/lighter/exp/src/main/java/io/vertx/ext/jdbc/impl/actions/JDBCStatementHelper.java"
            }
          ]
        },
        {
          "tool-name": "JKali",
          "pattern-name": "JKali:del",
          "Unified_Diff_of-files:": "Starts Below...",
          "CHANGE_old:": "      helper.fillStatement(st, in);",
          "CHANGE_new:": "      fillStatement(st, in);",
          "instance_detail": [
            {
              "pattern_action": "DEL",
              "pattern_entity": {
                "entity_type": "*",
                "entity_new value": "*",
                "entity_role": "Statement",
                "entity_parent": "null"
              },
              "concrete_change": {
                "operator": "DEL",
                "src_type": "If",
                "dst_type": "null",
                "src": "if (value instanceof java.lang.Number) {\n    statement.registerOutParameter((i + 1), ((java.lang.Number) (value)).intValue());\n}",
                "dst": "null",
                "src_parent_type": "Block",
                "dst_parent_type": "null",
                "src_parent": "if (value instanceof java.lang.Number) {\n        statement.registerOutParameter((i + 1), ((java.lang.Number) (value)).intValue());\n    }\n",
                "dst_parent": "null"
              },
              "line": 161,
              "file": "/home/khesoem/projects/lighter/exp/src/main/java/io/vertx/ext/jdbc/impl/actions/JDBCStatementHelper.java"
            }
          ]
        },
        {
          "tool-name": "JKali",
          "pattern-name": "JKali:del",
          "Unified_Diff_of-files:": "Starts Below...",
          "CHANGE_old:": "      helper.fillStatement(st, in);",
          "CHANGE_new:": "      fillStatement(st, in);",
          "instance_detail": [
            {
              "pattern_action": "DEL",
              "pattern_entity": {
                "entity_type": "*",
                "entity_new value": "*",
                "entity_role": "Statement",
                "entity_parent": "null"
              },
              "concrete_change": {
                "operator": "DEL",
                "src_type": "If",
                "dst_type": "null",
                "src": "if (value instanceof java.lang.String) {\n    statement.registerOutParameter((i + 1), java.sql.JDBCType.valueOf(((java.lang.String) (value))).getVendorTypeNumber());\n} else\n    if (value instanceof java.lang.Number) {\n        statement.registerOutParameter((i + 1), ((java.lang.Number) (value)).intValue());\n    }\n",
                "dst": "null",
                "src_parent_type": "Block",
                "dst_parent_type": "null",
                "src_parent": "{\n    if (value instanceof java.lang.String) {\n        statement.registerOutParameter((i + 1), java.sql.JDBCType.valueOf(((java.lang.String) (value))).getVendorTypeNumber());\n    } else\n        if (value instanceof java.lang.Number) {\n            statement.registerOutParameter((i + 1), ((java.lang.Number) (value)).intValue());\n        }\n\n    set \u003d true;\n}",
                "dst_parent": "null"
              },
              "line": 159,
              "file": "/home/khesoem/projects/lighter/exp/src/main/java/io/vertx/ext/jdbc/impl/actions/JDBCStatementHelper.java"
            }
          ]
        },
        {
          "tool-name": "JKali",
          "pattern-name": "JKali:del",
          "Unified_Diff_of-files:": "Starts Below...",
          "CHANGE_old:": "      helper.fillStatement(st, in);",
          "CHANGE_new:": "      fillStatement(st, in);",
          "instance_detail": [
            {
              "pattern_action": "DEL",
              "pattern_entity": {
                "entity_type": "*",
                "entity_new value": "*",
                "entity_role": "Statement",
                "entity_parent": "null"
              },
              "concrete_change": {
                "operator": "DEL",
                "src_type": "Assignment",
                "dst_type": "null",
                "src": "set \u003d true",
                "dst": "null",
                "src_parent_type": "Block",
                "dst_parent_type": "null",
                "src_parent": "{\n    if (value instanceof java.lang.String) {\n        statement.registerOutParameter((i + 1), java.sql.JDBCType.valueOf(((java.lang.String) (value))).getVendorTypeNumber());\n    } else\n        if (value instanceof java.lang.Number) {\n            statement.registerOutParameter((i + 1), ((java.lang.Number) (value)).intValue());\n        }\n\n    set \u003d true;\n}",
                "dst_parent": "null"
              },
              "line": 165,
              "file": "/home/khesoem/projects/lighter/exp/src/main/java/io/vertx/ext/jdbc/impl/actions/JDBCStatementHelper.java"
            }
          ]
        },
        {
          "tool-name": "JKali",
          "pattern-name": "JKali:del",
          "Unified_Diff_of-files:": "Starts Below...",
          "CHANGE_old:": "      helper.fillStatement(st, in);",
          "CHANGE_new:": "      fillStatement(st, in);",
          "instance_detail": [
            {
              "pattern_action": "DEL",
              "pattern_entity": {
                "entity_type": "*",
                "entity_new value": "*",
                "entity_role": "Statement",
                "entity_parent": "null"
              },
              "concrete_change": {
                "operator": "DEL",
                "src_type": "If",
                "dst_type": "null",
                "src": "if (value !\u003d null) {\n    if (value instanceof java.lang.String) {\n        statement.registerOutParameter((i + 1), java.sql.JDBCType.valueOf(((java.lang.String) (value))).getVendorTypeNumber());\n    } else\n        if (value instanceof java.lang.Number) {\n            statement.registerOutParameter((i + 1), ((java.lang.Number) (value)).intValue());\n        }\n\n    set \u003d true;\n}",
                "dst": "null",
                "src_parent_type": "Block",
                "dst_parent_type": "null",
                "src_parent": "{\n    java.lang.Object value;\n    boolean set \u003d false;\n    if (i \u003c (in.size())) {\n        value \u003d getEncoder().convert(metaData, (i + 1), in);\n        if (value !\u003d null) {\n            statement.setObject((i + 1), value);\n            set \u003d true;\n        }\n    }\n    value \u003d null;\n    if (i \u003c (out.size())) {\n        value \u003d out.getValue(i);\n    }\n    if (value !\u003d null) {\n        if (value instanceof java.lang.String) {\n            statement.registerOutParameter((i + 1), java.sql.JDBCType.valueOf(((java.lang.String) (value))).getVendorTypeNumber());\n        } else\n            if (value instanceof java.lang.Number) {\n                statement.registerOutParameter((i + 1), ((java.lang.Number) (value)).intValue());\n            }\n\n        set \u003d true;\n    }\n    if (!set) {\n        statement.setNull((i + 1), java.sql.Types.NULL);\n    }\n}",
                "dst_parent": "null"
              },
              "line": 156,
              "file": "/home/khesoem/projects/lighter/exp/src/main/java/io/vertx/ext/jdbc/impl/actions/JDBCStatementHelper.java"
            }
          ]
        },
        {
          "tool-name": "JKali",
          "pattern-name": "JKali:del",
          "Unified_Diff_of-files:": "Starts Below...",
          "CHANGE_old:": "      helper.fillStatement(st, in);",
          "CHANGE_new:": "      fillStatement(st, in);",
          "instance_detail": [
            {
              "pattern_action": "DEL",
              "pattern_entity": {
                "entity_type": "*",
                "entity_new value": "*",
                "entity_role": "Statement",
                "entity_parent": "null"
              },
              "concrete_change": {
                "operator": "DEL",
                "src_type": "Invocation",
                "dst_type": "null",
                "src": "statement.setNull((i + 1), java.sql.Types.NULL)",
                "dst": "null",
                "src_parent_type": "Block",
                "dst_parent_type": "null",
                "src_parent": "{\n    statement.setNull((i + 1), java.sql.Types.NULL);\n}",
                "dst_parent": "null"
              },
              "line": 170,
              "file": "/home/khesoem/projects/lighter/exp/src/main/java/io/vertx/ext/jdbc/impl/actions/JDBCStatementHelper.java"
            }
          ]
        },
        {
          "tool-name": "JKali",
          "pattern-name": "JKali:del",
          "Unified_Diff_of-files:": "Starts Below...",
          "CHANGE_old:": "      helper.fillStatement(st, in);",
          "CHANGE_new:": "      fillStatement(st, in);",
          "instance_detail": [
            {
              "pattern_action": "DEL",
              "pattern_entity": {
                "entity_type": "*",
                "entity_new value": "*",
                "entity_role": "Statement",
                "entity_parent": "null"
              },
              "concrete_change": {
                "operator": "DEL",
                "src_type": "If",
                "dst_type": "null",
                "src": "if (!set) {\n    statement.setNull((i + 1), java.sql.Types.NULL);\n}",
                "dst": "null",
                "src_parent_type": "Block",
                "dst_parent_type": "null",
                "src_parent": "{\n    java.lang.Object value;\n    boolean set \u003d false;\n    if (i \u003c (in.size())) {\n        value \u003d getEncoder().convert(metaData, (i + 1), in);\n        if (value !\u003d null) {\n            statement.setObject((i + 1), value);\n            set \u003d true;\n        }\n    }\n    value \u003d null;\n    if (i \u003c (out.size())) {\n        value \u003d out.getValue(i);\n    }\n    if (value !\u003d null) {\n        if (value instanceof java.lang.String) {\n            statement.registerOutParameter((i + 1), java.sql.JDBCType.valueOf(((java.lang.String) (value))).getVendorTypeNumber());\n        } else\n            if (value instanceof java.lang.Number) {\n                statement.registerOutParameter((i + 1), ((java.lang.Number) (value)).intValue());\n            }\n\n        set \u003d true;\n    }\n    if (!set) {\n        statement.setNull((i + 1), java.sql.Types.NULL);\n    }\n}",
                "dst_parent": "null"
              },
              "line": 168,
              "file": "/home/khesoem/projects/lighter/exp/src/main/java/io/vertx/ext/jdbc/impl/actions/JDBCStatementHelper.java"
            }
          ]
        },
        {
          "tool-name": "JKali",
          "pattern-name": "JKali:del",
          "Unified_Diff_of-files:": "Starts Below...",
          "CHANGE_old:": "      helper.fillStatement(st, in);",
          "CHANGE_new:": "      fillStatement(st, in);",
          "instance_detail": [
            {
              "pattern_action": "DEL",
              "pattern_entity": {
                "entity_type": "*",
                "entity_new value": "*",
                "entity_role": "Statement",
                "entity_parent": "null"
              },
              "concrete_change": {
                "operator": "DEL",
                "src_type": "For",
                "dst_type": "null",
                "src": "for (int i \u003d 0; i \u003c max; i++) {\n    java.lang.Object value;\n    boolean set \u003d false;\n    if (i \u003c (in.size())) {\n        value \u003d getEncoder().convert(metaData, (i + 1), in);\n        if (value !\u003d null) {\n            statement.setObject((i + 1), value);\n            set \u003d true;\n        }\n    }\n    value \u003d null;\n    if (i \u003c (out.size())) {\n        value \u003d out.getValue(i);\n    }\n    if (value !\u003d null) {\n        if (value instanceof java.lang.String) {\n            statement.registerOutParameter((i + 1), java.sql.JDBCType.valueOf(((java.lang.String) (value))).getVendorTypeNumber());\n        } else\n            if (value instanceof java.lang.Number) {\n                statement.registerOutParameter((i + 1), ((java.lang.Number) (value)).intValue());\n            }\n\n        set \u003d true;\n    }\n    if (!set) {\n        statement.setNull((i + 1), java.sql.Types.NULL);\n    }\n}",
                "dst": "null",
                "src_parent_type": "Block",
                "dst_parent_type": "null",
                "src_parent": "{\n    if (in \u003d\u003d null) {\n        in \u003d io.vertx.ext.jdbc.impl.actions.JDBCStatementHelper.EMPTY;\n    }\n    if (out \u003d\u003d null) {\n        out \u003d io.vertx.ext.jdbc.impl.actions.JDBCStatementHelper.EMPTY;\n    }\n    int max \u003d java.lang.Math.max(in.size(), out.size());\n    java.sql.ParameterMetaData metaData \u003d statement.getParameterMetaData();\n    for (int i \u003d 0; i \u003c max; i++) {\n        java.lang.Object value;\n        boolean set \u003d false;\n        if (i \u003c (in.size())) {\n            value \u003d getEncoder().convert(metaData, (i + 1), in);\n            if (value !\u003d null) {\n                statement.setObject((i + 1), value);\n                set \u003d true;\n            }\n        }\n        value \u003d null;\n        if (i \u003c (out.size())) {\n            value \u003d out.getValue(i);\n        }\n        if (value !\u003d null) {\n            if (value instanceof java.lang.String) {\n                statement.registerOutParameter((i + 1), java.sql.JDBCType.valueOf(((java.lang.String) (value))).getVendorTypeNumber());\n            } else\n                if (value instanceof java.lang.Number) {\n                    statement.registerOutParameter((i + 1), ((java.lang.Number) (value)).intValue());\n                }\n\n            set \u003d true;\n        }\n        if (!set) {\n            statement.setNull((i + 1), java.sql.Types.NULL);\n        }\n    }\n}",
                "dst_parent": "null"
              },
              "line": 136,
              "file": "/home/khesoem/projects/lighter/exp/src/main/java/io/vertx/ext/jdbc/impl/actions/JDBCStatementHelper.java"
            }
          ]
        }
      ]
    }
  ],
  "complete_analysis": true
}