{
  "instances": [
    {
      "revision": "73e2713151785f6adf127a780dace38e23efbfce",
      "repairability": [
        {
          "tool-name": "Cardumen",
          "pattern-name": "Cardumen:expression_replacement_by_del_ins",
          "Unified_Diff_of-files:": "Starts Below...",
          "INSERT:": "",
          "DELETE:": "}",
          "instance_detail": [
            {
              "pattern_action": "DEL",
              "pattern_entity": {
                "entity_type": "Expression",
                "entity_new value": "*",
                "entity_role": "*",
                "entity_parent": "null"
              },
              "concrete_change": {
                "operator": "DEL",
                "src_type": "UnaryOperator",
                "dst_type": "null",
                "src": "-1",
                "dst": "null",
                "src_parent_type": "Return",
                "dst_parent_type": "null",
                "src_parent": "return -1",
                "dst_parent": "null"
              },
              "line": 1547,
              "file": "/home/khesoem/projects/lighter/exp/openhtmltopdf-pdfbox/src/main/java/com/openhtmltopdf/pdfboxout/PdfBoxOutputDevice.java",
              "stats": {
                "number_of_src_entities": 4,
                "number_of_dst_entities": -1,
                "src_entity_types": "[int]",
                "dst_entity_types": "[]"
              }
            },
            {
              "pattern_action": "INS",
              "pattern_entity": {
                "entity_type": "Expression",
                "entity_new value": "*",
                "entity_role": "*",
                "entity_parent": "null"
              },
              "concrete_change": {
                "operator": "INS",
                "src_type": "Literal",
                "dst_type": "null",
                "src": "true",
                "dst": "null",
                "src_parent_type": "Return",
                "dst_parent_type": "null",
                "src_parent": "return true",
                "dst_parent": "null"
              },
              "line": 1536,
              "file": "/home/khesoem/projects/lighter/exp/openhtmltopdf-pdfbox/src/main/java/com/openhtmltopdf/pdfboxout/PdfBoxOutputDevice.java",
              "stats": {
                "number_of_src_entities": 2,
                "number_of_dst_entities": -1,
                "src_entity_types": "[boolean]",
                "dst_entity_types": "[]"
              }
            }
          ]
        }
      ]
    },
    {
      "revision": "73e2713151785f6adf127a780dace38e23efbfce",
      "repairability": [
        {
          "tool-name": "Cardumen",
          "pattern-name": "Cardumen:expression_replacement_by_upd",
          "Unified_Diff_of-files:": "Starts Below...",
          "INSERT:": "",
          "DELETE:": "}",
          "instance_detail": [
            {
              "pattern_action": "UPD",
              "pattern_entity": {
                "entity_type": "Expression",
                "entity_new value": "*",
                "entity_role": "*",
                "entity_parent": "null"
              },
              "concrete_change": {
                "operator": "UPD",
                "src_type": "Literal",
                "dst_type": "Literal",
                "src": "1",
                "dst": "false",
                "src_parent_type": "Return",
                "dst_parent_type": "Return",
                "src_parent": "return 1",
                "dst_parent": "return false"
              },
              "line": 437,
              "file": "/home/khesoem/projects/lighter/exp/openhtmltopdf-core/src/main/java/com/openhtmltopdf/render/AbstractOutputDevice.java",
              "stats": {
                "number_of_src_entities": 2,
                "number_of_dst_entities": 2,
                "src_entity_types": "[int]",
                "dst_entity_types": "[boolean]"
              }
            }
          ]
        }
      ]
    }
  ],
  "complete_analysis": true
}