{
  "instances": [
    {
      "revision": "1bfedaec325ccc8c205fccc0c19cc9b057830e2e",
      "repairability": [
        {
          "tool-name": "Cardumen",
          "pattern-name": "Cardumen:expression_replacement_by_upd",
          "Unified_Diff_of-files:": "Starts Below...",
          "INSERT:": "    ",
          "instance_detail": [
            {
              "pattern_action": "UPD",
              "pattern_entity": {
                "entity_type": "Expression",
                "entity_new value": "*",
                "entity_role": "*",
                "entity_parent": "null"
              },
              "concrete_change": {
                "operator": "UPD",
                "src_type": "VariableRead",
                "dst_type": "VariableRead",
                "src": "inlineBox",
                "dst": "style",
                "src_parent_type": "Invocation",
                "dst_parent_type": "Invocation",
                "src_parent": "inlineBox.getStyle()",
                "dst_parent": "com.openhtmltopdf.layout.InlineBoxing.layoutText(c, style, ((space.remainingWidth) - fit), lbContext, false, inlineBox.getTextDirection(), tryToBreakAnywhere, ((space.maxAvailableWidth) - fit))"
              },
              "line": 381,
              "file": "/home/khesoem/projects/lighter/exp/openhtmltopdf-core/src/main/java/com/openhtmltopdf/layout/InlineBoxing.java",
              "stats": {
                "number_of_src_entities": 4,
                "number_of_dst_entities": 4,
                "src_entity_types": "[com.openhtmltopdf.render.InlineBox]",
                "dst_entity_types": "[com.openhtmltopdf.css.style.CalculatedStyle]"
              }
            }
          ]
        },
        {
          "tool-name": "Cardumen",
          "pattern-name": "Cardumen:expression_replacement_by_upd",
          "Unified_Diff_of-files:": "Starts Below...",
          "INSERT:": "    ",
          "instance_detail": [
            {
              "pattern_action": "UPD",
              "pattern_entity": {
                "entity_type": "Expression",
                "entity_new value": "*",
                "entity_role": "*",
                "entity_parent": "null"
              },
              "concrete_change": {
                "operator": "UPD",
                "src_type": "VariableRead",
                "dst_type": "VariableRead",
                "src": "inlineBox",
                "dst": "style",
                "src_parent_type": "Invocation",
                "dst_parent_type": "Invocation",
                "src_parent": "inlineBox.getStyle()",
                "dst_parent": "style.hasLetterSpacing()"
              },
              "line": 383,
              "file": "/home/khesoem/projects/lighter/exp/openhtmltopdf-core/src/main/java/com/openhtmltopdf/layout/InlineBoxing.java",
              "stats": {
                "number_of_src_entities": 4,
                "number_of_dst_entities": 4,
                "src_entity_types": "[com.openhtmltopdf.render.InlineBox]",
                "dst_entity_types": "[com.openhtmltopdf.css.style.CalculatedStyle]"
              }
            }
          ]
        },
        {
          "tool-name": "Cardumen",
          "pattern-name": "Cardumen:expression_replacement_by_upd",
          "Unified_Diff_of-files:": "Starts Below...",
          "INSERT:": "    ",
          "instance_detail": [
            {
              "pattern_action": "UPD",
              "pattern_entity": {
                "entity_type": "Expression",
                "entity_new value": "*",
                "entity_role": "*",
                "entity_parent": "null"
              },
              "concrete_change": {
                "operator": "UPD",
                "src_type": "VariableRead",
                "dst_type": "VariableRead",
                "src": "inlineBox",
                "dst": "style",
                "src_parent_type": "Invocation",
                "dst_parent_type": "Invocation",
                "src_parent": "inlineBox.getStyle()",
                "dst_parent": "style.getFloatPropertyProportionalWidth(CSSName.LETTER_SPACING, 0, c)"
              },
              "line": 384,
              "file": "/home/khesoem/projects/lighter/exp/openhtmltopdf-core/src/main/java/com/openhtmltopdf/layout/InlineBoxing.java",
              "stats": {
                "number_of_src_entities": 4,
                "number_of_dst_entities": 4,
                "src_entity_types": "[com.openhtmltopdf.render.InlineBox]",
                "dst_entity_types": "[com.openhtmltopdf.css.style.CalculatedStyle]"
              }
            }
          ]
        }
      ]
    }
  ],
  "complete_analysis": true
}