{
  "instances": [
    {
      "revision": "5258ba110b6e42f64ac5a18ea8d935b37337d80a",
      "repairability": [
        {
          "tool-name": "JGenProg",
          "pattern-name": "JGenProg:any_statement_shallow",
          "Unified_Diff_of-files:": "Starts Below...",
          "DELETE:": "      }",
          "instance_detail": [
            {
              "pattern_action": "ANY",
              "pattern_entity": {
                "entity_type": "*",
                "entity_new value": "*",
                "entity_role": "Statement",
                "entity_parent": "null"
              },
              "concrete_change": {
                "operator": "DEL",
                "src_type": "Invocation",
                "dst_type": "null",
                "src": "com.ctrip.framework.foundation.internals.provider.DefaultApplicationProvider.logger.warn(\"{} not found from classpath!\", com.ctrip.framework.foundation.internals.provider.DefaultApplicationProvider.APP_PROPERTIES_CLASSPATH)",
                "dst": "null",
                "src_parent_type": "Block",
                "dst_parent_type": "null",
                "src_parent": "{\n    com.ctrip.framework.foundation.internals.provider.DefaultApplicationProvider.logger.warn(\"{} not found from classpath!\", com.ctrip.framework.foundation.internals.provider.DefaultApplicationProvider.APP_PROPERTIES_CLASSPATH);\n}",
                "dst_parent": "null"
              },
              "line": 32,
              "file": "/home/khesoem/projects/lighter/exp/apollo-core/src/main/java/com/ctrip/framework/foundation/internals/provider/DefaultApplicationProvider.java"
            }
          ]
        },
        {
          "tool-name": "JGenProg",
          "pattern-name": "JGenProg:any_statement_shallow",
          "Unified_Diff_of-files:": "Starts Below...",
          "DELETE:": "      }",
          "instance_detail": [
            {
              "pattern_action": "ANY",
              "pattern_entity": {
                "entity_type": "*",
                "entity_new value": "*",
                "entity_role": "Statement",
                "entity_parent": "null"
              },
              "concrete_change": {
                "operator": "DEL",
                "src_type": "If",
                "dst_type": "null",
                "src": "if (in \u003d\u003d null) {\n    com.ctrip.framework.foundation.internals.provider.DefaultApplicationProvider.logger.warn(\"{} not found from classpath!\", com.ctrip.framework.foundation.internals.provider.DefaultApplicationProvider.APP_PROPERTIES_CLASSPATH);\n}",
                "dst": "null",
                "src_parent_type": "Block",
                "dst_parent_type": "null",
                "src_parent": "{\n    java.io.InputStream in \u003d java.lang.Thread.currentThread().getContextClassLoader().getResourceAsStream(com.ctrip.framework.foundation.internals.provider.DefaultApplicationProvider.APP_PROPERTIES_CLASSPATH);\n    if (in \u003d\u003d null) {\n        in \u003d com.ctrip.framework.foundation.internals.provider.DefaultApplicationProvider.class.getResourceAsStream(com.ctrip.framework.foundation.internals.provider.DefaultApplicationProvider.APP_PROPERTIES_CLASSPATH);\n    }\n    if (in \u003d\u003d null) {\n        com.ctrip.framework.foundation.internals.provider.DefaultApplicationProvider.logger.warn(\"{} not found from classpath!\", com.ctrip.framework.foundation.internals.provider.DefaultApplicationProvider.APP_PROPERTIES_CLASSPATH);\n    }\n    initialize(in);\n}",
                "dst_parent": "null"
              },
              "line": 31,
              "file": "/home/khesoem/projects/lighter/exp/apollo-core/src/main/java/com/ctrip/framework/foundation/internals/provider/DefaultApplicationProvider.java",
              "stats": {
                "number_of_src_entities": 40,
                "number_of_dst_entities": -1,
                "src_entity_types": "[com.ctrip.framework.foundation.internals.provider.DefaultApplicationProvider, boolean, java.io.InputStream, java.lang.String, \u003cnulltype\u003e, org.slf4j.Logger]",
                "dst_entity_types": "[]"
              }
            }
          ]
        }
      ]
    }
  ],
  "complete_analysis": true
}