{
  "instances": [
    {
      "revision": "8d9ffba8ff5305d683028f9c2fe8e6360ef484f2",
      "repairability": [
        {
          "tool-name": "Elixir",
          "pattern-name": "Elixir:update_type_ref",
          "Unified_Diff_of-files:": "Starts Below...",
          "INSERT:": "import com.google.common.reflect.TypeToken;",
          "CHANGE_old:": "        map3 \u003d instantiateCorfuObject(SMRMap.class, \"C\");",
          "CHANGE_new:": "        map3 \u003d instantiateCorfuObject(new TypeToken\u0026lt;SMRMap\u0026lt;String, Integer\u0026gt;\u0026gt;() {}, \"C\");",
          "instance_detail": [
            {
              "pattern_action": "UPD",
              "pattern_entity": {
                "entity_type": "TypeReference",
                "entity_new value": "*",
                "entity_role": "*",
                "entity_parent": "null"
              },
              "concrete_change": {
                "operator": "UPD",
                "src_type": "TypeReference",
                "dst_type": "TypeReference",
                "src": "java.lang.ClassNotFoundException",
                "dst": "java.lang.Exception",
                "src_parent_type": "Method",
                "dst_parent_type": "Method",
                "src_parent": "@java.lang.SuppressWarnings(\"checkstyle:abbreviation\")\npublic static \u003cT\u003e T getWrapper(java.lang.Class\u003cT\u003e type, org.corfudb.runtime.CorfuRuntime rt, java.util.UUID streamID, java.lang.Object[] args, org.corfudb.util.serializer.ISerializer serializer) throws java.lang.ClassNotFoundException, java.lang.IllegalAccessException, java.lang.InstantiationException, java.lang.reflect.InvocationTargetException {\n    java.lang.Class\u003corg.corfudb.runtime.object.ICorfuSMR\u003cT\u003e\u003e wrapperClass \u003d ((java.lang.Class\u003corg.corfudb.runtime.object.ICorfuSMR\u003cT\u003e\u003e) (java.lang.Class.forName(((type.getName()) + (ICorfuSMR.CORFUSMR_SUFFIX)))));\n    org.corfudb.runtime.object.ICorfuSMR\u003cT\u003e wrapperObject \u003d ((org.corfudb.runtime.object.ICorfuSMR\u003cT\u003e) (org.corfudb.util.ReflectionUtils.findMatchingConstructor(wrapperClass.getDeclaredConstructors(), args)));\n    wrapperObject.setCorfuSMRProxy(new org.corfudb.runtime.object.CorfuCompileProxy(rt, streamID, type, args, serializer, wrapperObject.getCorfuSMRUpcallMap(), wrapperObject.getCorfuUndoMap(), wrapperObject.getCorfuUndoRecordMap(), wrapperObject.getCorfuResetSet()));\n    if (wrapperObject instanceof org.corfudb.runtime.object.ICorfuSMRProxyWrapper) {\n        ((org.corfudb.runtime.object.ICorfuSMRProxyWrapper) (wrapperObject)).setProxy$CORFUSMR(wrapperObject.getCorfuSMRProxy());\n    }\n    return ((T) (wrapperObject));\n}",
                "dst_parent": "@java.lang.SuppressWarnings(\"checkstyle:abbreviation\")\npublic static \u003cT extends org.corfudb.runtime.object.ICorfuSMR\u003cT\u003e\u003e T getWrapper(java.lang.Class\u003cT\u003e type, org.corfudb.runtime.CorfuRuntime rt, java.util.UUID streamID, java.lang.Object[] args, org.corfudb.util.serializer.ISerializer serializer) throws java.lang.Exception {\n    java.lang.Class\u003corg.corfudb.runtime.object.ICorfuSMR\u003cT\u003e\u003e wrapperClass \u003d ((java.lang.Class\u003corg.corfudb.runtime.object.ICorfuSMR\u003cT\u003e\u003e) (java.lang.Class.forName(((type.getName()) + (ICorfuSMR.CORFUSMR_SUFFIX)))));\n    org.corfudb.runtime.object.ICorfuSMR\u003cT\u003e wrapperObject \u003d ((org.corfudb.runtime.object.ICorfuSMR\u003cT\u003e) (org.corfudb.util.ReflectionUtils.findMatchingConstructor(wrapperClass.getDeclaredConstructors(), args)));\n    wrapperObject.setCorfuSMRProxy(new org.corfudb.runtime.object.CorfuCompileProxy\u003cT\u003e(rt, streamID, type, args, serializer, wrapperObject));\n    if (wrapperObject instanceof org.corfudb.runtime.object.ICorfuSMRProxyWrapper) {\n        ((org.corfudb.runtime.object.ICorfuSMRProxyWrapper) (wrapperObject)).setProxy$CORFUSMR(wrapperObject.getCorfuSMRProxy());\n    }\n    return ((T) (wrapperObject));\n}"
              },
              "line": 37,
              "file": "/home/khesoem/projects/lighter/exp/runtime/src/main/java/org/corfudb/runtime/object/CorfuCompileWrapperBuilder.java",
              "stats": {
                "number_of_src_entities": 2,
                "number_of_dst_entities": 2,
                "src_entity_types": "[java.lang.ClassNotFoundException]",
                "dst_entity_types": "[java.lang.Exception]"
              }
            }
          ]
        },
        {
          "tool-name": "Elixir",
          "pattern-name": "Elixir:update_invocation",
          "Unified_Diff_of-files:": "Starts Below...",
          "INSERT:": "import com.google.common.reflect.TypeToken;",
          "CHANGE_old:": "        map3 \u003d instantiateCorfuObject(SMRMap.class, \"C\");",
          "CHANGE_new:": "        map3 \u003d instantiateCorfuObject(new TypeToken\u0026lt;SMRMap\u0026lt;String, Integer\u0026gt;\u0026gt;() {}, \"C\");",
          "instance_detail": [
            {
              "pattern_action": "UPD",
              "pattern_entity": {
                "entity_type": "AbstractInvocation",
                "entity_new value": "*",
                "entity_role": "*",
                "entity_parent": "null"
              },
              "concrete_change": {
                "operator": "UPD",
                "src_type": "ConstructorCall",
                "dst_type": "ConstructorCall",
                "src": "new org.corfudb.runtime.object.CorfuCompileProxy(rt, streamID, type, args, serializer, wrapperObject.getCorfuSMRUpcallMap(), wrapperObject.getCorfuUndoMap(), wrapperObject.getCorfuUndoRecordMap(), wrapperObject.getCorfuResetSet())",
                "dst": "new org.corfudb.runtime.object.CorfuCompileProxy\u003cT\u003e(rt, streamID, type, args, serializer, wrapperObject)",
                "src_parent_type": "Invocation",
                "dst_parent_type": "Invocation",
                "src_parent": "wrapperObject.setCorfuSMRProxy(new org.corfudb.runtime.object.CorfuCompileProxy(rt, streamID, type, args, serializer, wrapperObject.getCorfuSMRUpcallMap(), wrapperObject.getCorfuUndoMap(), wrapperObject.getCorfuUndoRecordMap(), wrapperObject.getCorfuResetSet()))",
                "dst_parent": "wrapperObject.setCorfuSMRProxy(new org.corfudb.runtime.object.CorfuCompileProxy\u003cT\u003e(rt, streamID, type, args, serializer, wrapperObject))"
              },
              "line": 49,
              "file": "/home/khesoem/projects/lighter/exp/runtime/src/main/java/org/corfudb/runtime/object/CorfuCompileWrapperBuilder.java",
              "stats": {
                "number_of_src_entities": 76,
                "number_of_dst_entities": 34,
                "src_entity_types": "[org.corfudb.runtime.CorfuRuntime, java.lang.Object, org.corfudb.runtime.object.CorfuCompileProxy\u003c\u003e, org.corfudb.util.serializer.ISerializer, java.util.UUID, java.lang.Class\u003cT\u003e, org.corfudb.runtime.object.ICorfuSMR\u003cT\u003e]",
                "dst_entity_types": "[org.corfudb.runtime.CorfuRuntime, java.lang.Object, org.corfudb.util.serializer.ISerializer, java.util.UUID, java.lang.Class\u003cT\u003e, org.corfudb.runtime.object.ICorfuSMR\u003cT\u003e]"
              }
            }
          ]
        },
        {
          "tool-name": "Elixir",
          "pattern-name": "Elixir:update_invocation_deep",
          "Unified_Diff_of-files:": "Starts Below...",
          "INSERT:": "import com.google.common.reflect.TypeToken;",
          "CHANGE_old:": "        map3 \u003d instantiateCorfuObject(SMRMap.class, \"C\");",
          "CHANGE_new:": "        map3 \u003d instantiateCorfuObject(new TypeToken\u0026lt;SMRMap\u0026lt;String, Integer\u0026gt;\u0026gt;() {}, \"C\");",
          "instance_detail": [
            {
              "pattern_action": "ANY",
              "pattern_entity": {
                "entity_type": "*",
                "entity_new value": "*",
                "entity_role": "*",
                "entity_parent": {
                  "entity_type": "AbstractInvocation",
                  "entity_new value": "*",
                  "entity_role": "*",
                  "entity_parent": "null"
                }
              },
              "concrete_change": {
                "operator": "DEL",
                "src_type": "Invocation",
                "dst_type": "null",
                "src": "wrapperObject.getCorfuSMRUpcallMap()",
                "dst": "null",
                "src_parent_type": "ConstructorCall",
                "dst_parent_type": "null",
                "src_parent": "new org.corfudb.runtime.object.CorfuCompileProxy(rt, streamID, type, args, serializer, wrapperObject.getCorfuSMRUpcallMap(), wrapperObject.getCorfuUndoMap(), wrapperObject.getCorfuUndoRecordMap(), wrapperObject.getCorfuResetSet())",
                "dst_parent": "null"
              },
              "line": 51,
              "file": "/home/khesoem/projects/lighter/exp/runtime/src/main/java/org/corfudb/runtime/object/CorfuCompileWrapperBuilder.java"
            }
          ]
        }
      ]
    },
    {
      "revision": "8d9ffba8ff5305d683028f9c2fe8e6360ef484f2",
      "repairability": [
        {
          "tool-name": "Elixir",
          "pattern-name": "Elixir:update_type_ref",
          "Unified_Diff_of-files:": "Starts Below...",
          "INSERT:": "import com.google.common.reflect.TypeToken;",
          "CHANGE_old:": "        map3 \u003d instantiateCorfuObject(SMRMap.class, \"C\");",
          "CHANGE_new:": "        map3 \u003d instantiateCorfuObject(new TypeToken\u0026lt;SMRMap\u0026lt;String, Integer\u0026gt;\u0026gt;() {}, \"C\");",
          "instance_detail": [
            {
              "pattern_action": "UPD",
              "pattern_entity": {
                "entity_type": "TypeReference",
                "entity_new value": "*",
                "entity_role": "*",
                "entity_parent": "null"
              },
              "concrete_change": {
                "operator": "UPD",
                "src_type": "TypeReference",
                "dst_type": "TypeReference",
                "src": "java.util.Set\u003cjava.lang.String\u003e",
                "dst": "org.corfudb.runtime.object.ICorfuSMR\u003cT\u003e",
                "src_parent_type": "ParameterReference",
                "dst_parent_type": "Parameter",
                "src_parent": "resetSet",
                "dst_parent": "org.corfudb.runtime.object.ICorfuSMR\u003cT\u003e wrapperObject"
              },
              "line": 144,
              "file": "/home/khesoem/projects/lighter/exp/runtime/src/main/java/org/corfudb/runtime/object/CorfuCompileProxy.java",
              "stats": {
                "number_of_src_entities": 4,
                "number_of_dst_entities": 3,
                "src_entity_types": "[java.util.Set\u003cjava.lang.String\u003e, java.lang.String]",
                "dst_entity_types": "[org.corfudb.runtime.object.ICorfuSMR\u003cT\u003e]"
              }
            }
          ]
        }
      ]
    },
    {
      "revision": "8d9ffba8ff5305d683028f9c2fe8e6360ef484f2",
      "repairability": [
        {
          "tool-name": "Elixir",
          "pattern-name": "Elixir:update_type_ref",
          "Unified_Diff_of-files:": "Starts Below...",
          "INSERT:": "import com.google.common.reflect.TypeToken;",
          "CHANGE_old:": "        map3 \u003d instantiateCorfuObject(SMRMap.class, \"C\");",
          "CHANGE_new:": "        map3 \u003d instantiateCorfuObject(new TypeToken\u0026lt;SMRMap\u0026lt;String, Integer\u0026gt;\u0026gt;() {}, \"C\");",
          "instance_detail": [
            {
              "pattern_action": "UPD",
              "pattern_entity": {
                "entity_type": "TypeReference",
                "entity_new value": "*",
                "entity_role": "*",
                "entity_parent": "null"
              },
              "concrete_change": {
                "operator": "UPD",
                "src_type": "TypeReference",
                "dst_type": "TypeReference",
                "src": "java.util.function.Consumer\u003corg.corfudb.runtime.object.VersionLockedObject\u003e",
                "dst": "java.lang.Runnable",
                "src_parent_type": "ParameterReference",
                "dst_parent_type": "Parameter",
                "src_parent": "optimisticStreamSetter",
                "dst_parent": "@javax.annotation.Nullable\njava.lang.Runnable optimisticStreamSetter"
              },
              "line": 199,
              "file": "/home/khesoem/projects/lighter/exp/runtime/src/main/java/org/corfudb/runtime/object/transactions/AbstractTransactionalContext.java",
              "stats": {
                "number_of_src_entities": 4,
                "number_of_dst_entities": 2,
                "src_entity_types": "[java.util.function.Consumer\u003corg.corfudb.runtime.object.VersionLockedObject\u003e, org.corfudb.runtime.object.VersionLockedObject]",
                "dst_entity_types": "[java.lang.Runnable]"
              }
            }
          ]
        }
      ]
    },
    {
      "revision": "8d9ffba8ff5305d683028f9c2fe8e6360ef484f2",
      "repairability": [
        {
          "tool-name": "Elixir",
          "pattern-name": "Elixir:update_type_ref",
          "Unified_Diff_of-files:": "Starts Below...",
          "INSERT:": "import com.google.common.reflect.TypeToken;",
          "CHANGE_old:": "        map3 \u003d instantiateCorfuObject(SMRMap.class, \"C\");",
          "CHANGE_new:": "        map3 \u003d instantiateCorfuObject(new TypeToken\u0026lt;SMRMap\u0026lt;String, Integer\u0026gt;\u0026gt;() {}, \"C\");",
          "instance_detail": [
            {
              "pattern_action": "UPD",
              "pattern_entity": {
                "entity_type": "TypeReference",
                "entity_new value": "*",
                "entity_role": "*",
                "entity_parent": "null"
              },
              "concrete_change": {
                "operator": "UPD",
                "src_type": "TypeReference",
                "dst_type": "TypeParameterReference",
                "src": "java.lang.Object",
                "dst": "T",
                "src_parent_type": "Method",
                "dst_parent_type": "Method",
                "src_parent": "protected \u003cT\u003e java.lang.Object instantiateCorfuObject(com.google.common.reflect.TypeToken\u003cT\u003e tType, java.lang.String name) {\n    return getCorfuRuntime().getObjectsView().build().setStreamName(name).setTypeToken(tType).open();\n}",
                "dst_parent": "protected \u003cT extends org.corfudb.runtime.object.ICorfuSMR\u003cT\u003e\u003e T instantiateCorfuObject(com.google.common.reflect.TypeToken\u003cT\u003e tType, java.lang.String name) {\n    return getCorfuRuntime().getObjectsView().build().setStreamName(name).setTypeToken(tType).open();\n}"
              },
              "line": 108,
              "file": "/home/khesoem/projects/lighter/exp/samples/src/main/java/org/corfudb/samples/BaseCorfuAppUtils.java",
              "stats": {
                "number_of_src_entities": 2,
                "number_of_dst_entities": 1,
                "src_entity_types": "[java.lang.Object]",
                "dst_entity_types": "[]"
              }
            }
          ]
        }
      ]
    }
  ],
  "complete_analysis": true
}