{
  "instances": [
    {
      "revision": "febda7703ae00608337772556cb95cfe6ce6d353",
      "repairability": [
        {
          "tool-name": "Elixir",
          "pattern-name": "Elixir:update_return_deep",
          "Unified_Diff_of-files:": "Starts Below...",
          "CHANGE_old:": "import io.netty.buffer.Unpooled;",
          "CHANGE_new:": "",
          "DELETE:": "",
          "INSERT:": "            log.debug(\"payload is null log data {} address {} type {}\", logData, logData.getGlobalAddress(), logData.getType());",
          "instance_detail": [
            {
              "pattern_action": "ANY",
              "pattern_entity": {
                "entity_type": "*",
                "entity_new value": "*",
                "entity_role": "*",
                "entity_parent": {
                  "entity_type": "Return",
                  "entity_new value": "*",
                  "entity_role": "*",
                  "entity_parent": "null"
                }
              },
              "concrete_change": {
                "operator": "INS",
                "src_type": "VariableRead",
                "dst_type": "null",
                "src": "opaqueEntry",
                "dst": "null",
                "src_parent_type": "Return",
                "dst_parent_type": "null",
                "src_parent": "return opaqueEntry",
                "dst_parent": "null"
              },
              "line": 170,
              "file": "/home/khesoem/projects/lighter/exp/log-replication/src/main/java/org/corfudb/logreplication/send/StreamsLogEntryReader.java",
              "stats": {
                "number_of_src_entities": 4,
                "number_of_dst_entities": -1,
                "src_entity_types": "[org.corfudb.protocols.logprotocol.OpaqueEntry]",
                "dst_entity_types": "[]"
              }
            }
          ]
        }
      ]
    }
  ],
  "complete_analysis": true
}