{
  "instances": [
    {
      "revision": "9671712bd181737050b1c9e07ae90c20f1296ec5",
      "repairability": [
        {
          "tool-name": "Elixir",
          "pattern-name": "Elixir:Insert_Invocation",
          "Unified_Diff_of-files:": "Starts Below...",
          "INSERT:": "            readCpQueue.headSet(globalAddress).clear();",
          "instance_detail": [
            {
              "pattern_action": "INS",
              "pattern_entity": {
                "entity_type": "AbstractInvocation",
                "entity_new value": "*",
                "entity_role": "*",
                "entity_parent": "null"
              },
              "concrete_change": {
                "operator": "INS",
                "src_type": "Invocation",
                "dst_type": "null",
                "src": "readCpQueue.headSet(globalAddress).clear()",
                "dst": "null",
                "src_parent_type": "Block",
                "dst_parent_type": "null",
                "src_parent": "{\n    if (org.corfudb.runtime.view.Address.nonAddress(globalAddress)) {\n        throw new java.lang.IllegalArgumentException((\"globalAddress must\" + \" be \u003e\u003d Address.maxNonAddress()\"));\n    }\n    log.trace(\"Seek[{}]({}), min\u003d{} max\u003d{}\", this, globalAddress, minResolution, maxResolution);\n    if (globalAddress \u003e\u003d (maxResolution)) {\n        log.trace(\"set min res to {}\", globalAddress);\n        minResolution \u003d globalAddress;\n    }\n    readQueue.headSet(globalAddress).clear();\n    readCpQueue.headSet(globalAddress).clear();\n    readQueue.addAll(resolvedQueue.tailSet(globalAddress, true));\n    super.seek(globalAddress);\n}",
                "dst_parent": "null"
              },
              "line": 918,
              "file": "/home/khesoem/projects/lighter/exp/runtime/src/main/java/org/corfudb/runtime/view/stream/AbstractQueuedStreamView.java",
              "stats": {
                "number_of_src_entities": 35,
                "number_of_dst_entities": -1,
                "src_entity_types": "[java.util.Set, org.corfudb.runtime.view.stream.AbstractQueuedStreamView, org.corfudb.runtime.view.stream.AbstractQueuedStreamView.QueuedStreamContext, java.util.NavigableSet, long]",
                "dst_entity_types": "[]"
              }
            }
          ]
        },
        {
          "tool-name": "Elixir",
          "pattern-name": "Elixir:Insert_Invocation",
          "Unified_Diff_of-files:": "Starts Below...",
          "INSERT:": "            readCpQueue.headSet(globalAddress).clear();",
          "instance_detail": [
            {
              "pattern_action": "INS",
              "pattern_entity": {
                "entity_type": "AbstractInvocation",
                "entity_new value": "*",
                "entity_role": "*",
                "entity_parent": "null"
              },
              "concrete_change": {
                "operator": "INS",
                "src_type": "Invocation",
                "dst_type": "null",
                "src": "context.readCpQueue.headSet(maxGlobal, true).clear()",
                "dst": "null",
                "src_parent_type": "Block",
                "dst_parent_type": "null",
                "src_parent": "{\n    context.readQueue.headSet(maxGlobal, true).clear();\n    context.readCpQueue.headSet(maxGlobal, true).clear();\n}",
                "dst_parent": "null"
              },
              "line": 374,
              "file": "/home/khesoem/projects/lighter/exp/runtime/src/main/java/org/corfudb/runtime/view/stream/AbstractQueuedStreamView.java",
              "stats": {
                "number_of_src_entities": 35,
                "number_of_dst_entities": -1,
                "src_entity_types": "[boolean, java.util.Set, org.corfudb.runtime.view.stream.AbstractQueuedStreamView, org.corfudb.runtime.view.stream.AbstractQueuedStreamView.QueuedStreamContext, java.util.NavigableSet, long]",
                "dst_entity_types": "[]"
              }
            }
          ]
        }
      ]
    }
  ],
  "complete_analysis": true
}