{
  "instances": [
    {
      "revision": "1f496af89bd401c2d3a41b86376a1fa6cbaacfa3",
      "repairability": [
        {
          "tool-name": "Elixir",
          "pattern-name": "Elixir:update_invocation_deep",
          "Unified_Diff_of-files:": "Starts Below...",
          "INSERT:": "}",
          "CHANGE_old:": "        for (String endpoint: layout.getAllServers()) {",
          "CHANGE_new:": "        for (String endpoint : layout.getAllServers()) {",
          "DELETE:": "                // (TODO) We can go ahead with this assumption, but in the future we should change this accordingly.",
          "instance_detail": [
            {
              "pattern_action": "ANY",
              "pattern_entity": {
                "entity_type": "*",
                "entity_new value": "*",
                "entity_role": "*",
                "entity_parent": {
                  "entity_type": "AbstractInvocation",
                  "entity_new value": "*",
                  "entity_role": "*",
                  "entity_parent": "null"
                }
              },
              "concrete_change": {
                "operator": "UPD",
                "src_type": "VariableRead",
                "dst_type": "VariableRead",
                "src": "x",
                "dst": "segment",
                "src_parent_type": "Invocation",
                "dst_parent_type": "Invocation",
                "src_parent": "x.getStripes()",
                "dst_parent": "segment.getStripes()"
              },
              "line": 182,
              "file": "/home/khesoem/projects/lighter/exp/runtime/src/main/java/org/corfudb/runtime/view/Layout.java",
              "stats": {
                "number_of_src_entities": 5,
                "number_of_dst_entities": 5,
                "src_entity_types": "[org.corfudb.runtime.view.Layout, org.corfudb.runtime.view.Layout.LayoutSegment]",
                "dst_entity_types": "[org.corfudb.runtime.view.Layout, org.corfudb.runtime.view.Layout.LayoutSegment]"
              }
            }
          ]
        },
        {
          "tool-name": "Elixir",
          "pattern-name": "Elixir:update_invocation_deep",
          "Unified_Diff_of-files:": "Starts Below...",
          "INSERT:": "}",
          "CHANGE_old:": "        for (String endpoint: layout.getAllServers()) {",
          "CHANGE_new:": "        for (String endpoint : layout.getAllServers()) {",
          "DELETE:": "                // (TODO) We can go ahead with this assumption, but in the future we should change this accordingly.",
          "instance_detail": [
            {
              "pattern_action": "ANY",
              "pattern_entity": {
                "entity_type": "*",
                "entity_new value": "*",
                "entity_role": "*",
                "entity_parent": {
                  "entity_type": "AbstractInvocation",
                  "entity_new value": "*",
                  "entity_role": "*",
                  "entity_parent": "null"
                }
              },
              "concrete_change": {
                "operator": "INS",
                "src_type": "FieldRead",
                "dst_type": "null",
                "src": "stripes",
                "dst": "null",
                "src_parent_type": "Invocation",
                "dst_parent_type": "null",
                "src_parent": "stripes.stream()",
                "dst_parent": "null"
              },
              "line": 612,
              "file": "/home/khesoem/projects/lighter/exp/runtime/src/main/java/org/corfudb/runtime/view/Layout.java",
              "stats": {
                "number_of_src_entities": 18,
                "number_of_dst_entities": -1,
                "src_entity_types": "[org.corfudb.runtime.view.Layout, org.corfudb.runtime.view.Layout.LayoutSegment]",
                "dst_entity_types": "[]"
              }
            }
          ]
        },
        {
          "tool-name": "Elixir",
          "pattern-name": "Elixir:update_return_deep",
          "Unified_Diff_of-files:": "Starts Below...",
          "INSERT:": "}",
          "CHANGE_old:": "        for (String endpoint: layout.getAllServers()) {",
          "CHANGE_new:": "        for (String endpoint : layout.getAllServers()) {",
          "DELETE:": "                // (TODO) We can go ahead with this assumption, but in the future we should change this accordingly.",
          "instance_detail": [
            {
              "pattern_action": "ANY",
              "pattern_entity": {
                "entity_type": "*",
                "entity_new value": "*",
                "entity_role": "*",
                "entity_parent": {
                  "entity_type": "Return",
                  "entity_new value": "*",
                  "entity_role": "*",
                  "entity_parent": "null"
                }
              },
              "concrete_change": {
                "operator": "UPD",
                "src_type": "Lambda",
                "dst_type": "Lambda",
                "src": "( layoutStripe) -\u003e layoutStripe.getLogServers().stream()",
                "dst": "( layoutStripe) -\u003e layoutStripe.getLogServers().stream()",
                "src_parent_type": "Invocation",
                "dst_parent_type": "Invocation",
                "src_parent": "this.getStripes().stream().flatMap(( layoutStripe) -\u003e layoutStripe.getLogServers().stream())",
                "dst_parent": "stripes.stream().flatMap(( layoutStripe) -\u003e layoutStripe.getLogServers().stream())"
              },
              "line": 612,
              "file": "/home/khesoem/projects/lighter/exp/runtime/src/main/java/org/corfudb/runtime/view/Layout.java",
              "stats": {
                "number_of_src_entities": 10,
                "number_of_dst_entities": 31,
                "src_entity_types": "[org.corfudb.runtime.view.layoutStripe]",
                "dst_entity_types": "[java.util.function.Function\u003c? super org.corfudb.runtime.view.Layout.LayoutStripe, ? extends java.util.stream.Stream\u003c? extends java.lang.Object\u003e\u003e, org.corfudb.runtime.view.Layout, java.lang.Object, org.corfudb.runtime.view.Layout.LayoutStripe, java.util.stream.Stream\u003c? extends java.lang.Object\u003e]"
              }
            }
          ]
        }
      ]
    },
    {
      "revision": "1f496af89bd401c2d3a41b86376a1fa6cbaacfa3",
      "repairability": [
        {
          "tool-name": "Elixir",
          "pattern-name": "Elixir:update_type_ref",
          "Unified_Diff_of-files:": "Starts Below...",
          "INSERT:": "}",
          "CHANGE_old:": "        for (String endpoint: layout.getAllServers()) {",
          "CHANGE_new:": "        for (String endpoint : layout.getAllServers()) {",
          "DELETE:": "                // (TODO) We can go ahead with this assumption, but in the future we should change this accordingly.",
          "instance_detail": [
            {
              "pattern_action": "UPD",
              "pattern_entity": {
                "entity_type": "TypeReference",
                "entity_new value": "*",
                "entity_role": "*",
                "entity_parent": "null"
              },
              "concrete_change": {
                "operator": "UPD",
                "src_type": "TypeReference",
                "dst_type": "TypeReference",
                "src": "java.util.Map\u003cjava.lang.String, org.corfudb.runtime.view.ClusterStatusReport.NodeStatus\u003e",
                "dst": "org.corfudb.runtime.view.ClusterStatusReport.ClusterStatusReliability",
                "src_parent_type": "Field",
                "dst_parent_type": "Field",
                "src_parent": "private final java.util.Map\u003cjava.lang.String, org.corfudb.runtime.view.ClusterStatusReport.NodeStatus\u003e clusterNodeStatusMap;",
                "dst_parent": "@lombok.NonNull\nprivate final org.corfudb.runtime.view.ClusterStatusReport.ClusterStatusReliability clusterStatusReliability;"
              },
              "line": 142,
              "file": "/home/khesoem/projects/lighter/exp/runtime/src/main/java/org/corfudb/runtime/view/ClusterStatusReport.java",
              "stats": {
                "number_of_src_entities": 7,
                "number_of_dst_entities": 3,
                "src_entity_types": "[java.lang.String, org.corfudb.runtime.view.ClusterStatusReport, java.util.Map\u003cjava.lang.String, org.corfudb.runtime.view.ClusterStatusReport.NodeStatus\u003e, org.corfudb.runtime.view.ClusterStatusReport.NodeStatus]",
                "dst_entity_types": "[org.corfudb.runtime.view.ClusterStatusReport, org.corfudb.runtime.view.ClusterStatusReport.ClusterStatusReliability]"
              }
            }
          ]
        },
        {
          "tool-name": "Elixir",
          "pattern-name": "Elixir:update_type_ref",
          "Unified_Diff_of-files:": "Starts Below...",
          "INSERT:": "}",
          "CHANGE_old:": "        for (String endpoint: layout.getAllServers()) {",
          "CHANGE_new:": "        for (String endpoint : layout.getAllServers()) {",
          "DELETE:": "                // (TODO) We can go ahead with this assumption, but in the future we should change this accordingly.",
          "instance_detail": [
            {
              "pattern_action": "UPD",
              "pattern_entity": {
                "entity_type": "TypeReference",
                "entity_new value": "*",
                "entity_role": "*",
                "entity_parent": "null"
              },
              "concrete_change": {
                "operator": "UPD",
                "src_type": "TypeReference",
                "dst_type": "TypeReference",
                "src": "org.corfudb.runtime.view.ClusterStatusReport.ClusterStatusReliability",
                "dst": "java.util.Map\u003cjava.lang.String, org.corfudb.runtime.view.ClusterStatusReport.ConnectivityStatus\u003e",
                "src_parent_type": "Field",
                "dst_parent_type": "Field",
                "src_parent": "private final org.corfudb.runtime.view.ClusterStatusReport.ClusterStatusReliability clusterStatusReliability;",
                "dst_parent": "@lombok.NonNull\nprivate final java.util.Map\u003cjava.lang.String, org.corfudb.runtime.view.ClusterStatusReport.ConnectivityStatus\u003e clientServerConnectivityStatusMap;"
              },
              "line": 137,
              "file": "/home/khesoem/projects/lighter/exp/runtime/src/main/java/org/corfudb/runtime/view/ClusterStatusReport.java",
              "stats": {
                "number_of_src_entities": 3,
                "number_of_dst_entities": 7,
                "src_entity_types": "[org.corfudb.runtime.view.ClusterStatusReport, org.corfudb.runtime.view.ClusterStatusReport.ClusterStatusReliability]",
                "dst_entity_types": "[org.corfudb.runtime.view.ClusterStatusReport.ConnectivityStatus, java.lang.String, org.corfudb.runtime.view.ClusterStatusReport, java.util.Map\u003cjava.lang.String, org.corfudb.runtime.view.ClusterStatusReport.ConnectivityStatus\u003e]"
              }
            }
          ]
        }
      ]
    }
  ],
  "complete_analysis": true
}