{
  "instances": [
    {
      "revision": "5cb69894149af52e80dbf3dd0716b36e601024ba",
      "repairability": [
        {
          "tool-name": "Elixir",
          "pattern-name": "Elixir:update_type_ref",
          "Unified_Diff_of-files:": "Starts Below...",
          "INSERT:": "",
          "CHANGE_old:": "    public void nextWait() throws InterruptedException {",
          "CHANGE_new:": "    public void nextWait() {",
          "instance_detail": [
            {
              "pattern_action": "UPD",
              "pattern_entity": {
                "entity_type": "TypeReference",
                "entity_new value": "*",
                "entity_role": "*",
                "entity_parent": "null"
              },
              "concrete_change": {
                "operator": "UPD",
                "src_type": "TypeReference",
                "dst_type": "TypeReference",
                "src": "int",
                "dst": "java.time.Duration",
                "src_parent_type": "Field",
                "dst_parent_type": "Field",
                "src_parent": "final int waitMs;",
                "dst_parent": "private final java.time.Duration holeFillThreshold;"
              },
              "line": 20,
              "file": "/home/khesoem/projects/lighter/exp/runtime/src/main/java/org/corfudb/runtime/view/replication/ReadWaitHoleFillPolicy.java",
              "stats": {
                "number_of_src_entities": 1,
                "number_of_dst_entities": 2,
                "src_entity_types": "[int]",
                "dst_entity_types": "[java.time.Duration]"
              }
            }
          ]
        },
        {
          "tool-name": "Elixir",
          "pattern-name": "Elixir:update_type_ref",
          "Unified_Diff_of-files:": "Starts Below...",
          "INSERT:": "",
          "CHANGE_old:": "    public void nextWait() throws InterruptedException {",
          "CHANGE_new:": "    public void nextWait() {",
          "instance_detail": [
            {
              "pattern_action": "UPD",
              "pattern_entity": {
                "entity_type": "TypeReference",
                "entity_new value": "*",
                "entity_role": "*",
                "entity_parent": "null"
              },
              "concrete_change": {
                "operator": "UPD",
                "src_type": "TypeReference",
                "dst_type": "TypeReference",
                "src": "int",
                "dst": "java.time.Duration",
                "src_parent_type": "Field",
                "dst_parent_type": "Field",
                "src_parent": "final int numRetries;",
                "dst_parent": "private final java.time.Duration retryWaitThreshold;"
              },
              "line": 23,
              "file": "/home/khesoem/projects/lighter/exp/runtime/src/main/java/org/corfudb/runtime/view/replication/ReadWaitHoleFillPolicy.java",
              "stats": {
                "number_of_src_entities": 1,
                "number_of_dst_entities": 2,
                "src_entity_types": "[int]",
                "dst_entity_types": "[java.time.Duration]"
              }
            }
          ]
        },
        {
          "tool-name": "Elixir",
          "pattern-name": "Elixir:update_type_ref",
          "Unified_Diff_of-files:": "Starts Below...",
          "INSERT:": "",
          "CHANGE_old:": "    public void nextWait() throws InterruptedException {",
          "CHANGE_new:": "    public void nextWait() {",
          "instance_detail": [
            {
              "pattern_action": "UPD",
              "pattern_entity": {
                "entity_type": "TypeReference",
                "entity_new value": "*",
                "entity_role": "*",
                "entity_parent": "null"
              },
              "concrete_change": {
                "operator": "UPD",
                "src_type": "TypeReference",
                "dst_type": "TypeReference",
                "src": "int",
                "dst": "java.time.Duration",
                "src_parent_type": "ParameterReference",
                "dst_parent_type": "Parameter",
                "src_parent": "waitMs",
                "dst_parent": "java.time.Duration holeFillThreshold"
              },
              "line": 31,
              "file": "/home/khesoem/projects/lighter/exp/runtime/src/main/java/org/corfudb/runtime/view/replication/ReadWaitHoleFillPolicy.java",
              "stats": {
                "number_of_src_entities": 1,
                "number_of_dst_entities": 2,
                "src_entity_types": "[int]",
                "dst_entity_types": "[java.time.Duration]"
              }
            }
          ]
        },
        {
          "tool-name": "Elixir",
          "pattern-name": "Elixir:update_type_ref",
          "Unified_Diff_of-files:": "Starts Below...",
          "INSERT:": "",
          "CHANGE_old:": "    public void nextWait() throws InterruptedException {",
          "CHANGE_new:": "    public void nextWait() {",
          "instance_detail": [
            {
              "pattern_action": "UPD",
              "pattern_entity": {
                "entity_type": "TypeReference",
                "entity_new value": "*",
                "entity_role": "*",
                "entity_parent": "null"
              },
              "concrete_change": {
                "operator": "UPD",
                "src_type": "TypeReference",
                "dst_type": "TypeReference",
                "src": "int",
                "dst": "java.time.Duration",
                "src_parent_type": "ParameterReference",
                "dst_parent_type": "Parameter",
                "src_parent": "numRetries",
                "dst_parent": "java.time.Duration retryWaitThreshold"
              },
              "line": 31,
              "file": "/home/khesoem/projects/lighter/exp/runtime/src/main/java/org/corfudb/runtime/view/replication/ReadWaitHoleFillPolicy.java",
              "stats": {
                "number_of_src_entities": 1,
                "number_of_dst_entities": 2,
                "src_entity_types": "[int]",
                "dst_entity_types": "[java.time.Duration]"
              }
            }
          ]
        },
        {
          "tool-name": "Elixir",
          "pattern-name": "Elixir:update_type_ref",
          "Unified_Diff_of-files:": "Starts Below...",
          "INSERT:": "",
          "CHANGE_old:": "    public void nextWait() throws InterruptedException {",
          "CHANGE_new:": "    public void nextWait() {",
          "instance_detail": [
            {
              "pattern_action": "UPD",
              "pattern_entity": {
                "entity_type": "TypeReference",
                "entity_new value": "*",
                "entity_role": "*",
                "entity_parent": "null"
              },
              "concrete_change": {
                "operator": "UPD",
                "src_type": "TypeReference",
                "dst_type": "TypeReference",
                "src": "int",
                "dst": "java.util.concurrent.atomic.AtomicLong",
                "src_parent_type": "LocalVariable",
                "dst_parent_type": "LocalVariable",
                "src_parent": "int tryNum \u003d 0",
                "dst_parent": "final java.util.concurrent.atomic.AtomicLong startTime \u003d new java.util.concurrent.atomic.AtomicLong()"
              },
              "line": 43,
              "file": "/home/khesoem/projects/lighter/exp/runtime/src/main/java/org/corfudb/runtime/view/replication/ReadWaitHoleFillPolicy.java",
              "stats": {
                "number_of_src_entities": 1,
                "number_of_dst_entities": 2,
                "src_entity_types": "[int]",
                "dst_entity_types": "[java.util.concurrent.atomic.AtomicLong]"
              }
            }
          ]
        },
        {
          "tool-name": "Elixir",
          "pattern-name": "Elixir:check_length",
          "Unified_Diff_of-files:": "Starts Below...",
          "INSERT:": "",
          "CHANGE_old:": "    public void nextWait() throws InterruptedException {",
          "CHANGE_new:": "    public void nextWait() {",
          "instance_detail": [
            {
              "pattern_action": "MOV",
              "pattern_entity": {
                "entity_type": "Statement",
                "entity_new value": "*",
                "entity_role": "*",
                "entity_parent": "null"
              },
              "concrete_change": {
                "operator": "MOV",
                "src_type": "Block",
                "dst_type": "Block",
                "src": "{\n    return data;\n}",
                "dst": "{\n    return data;\n}",
                "src_parent_type": "If",
                "dst_parent_type": "If",
                "src_parent": "if (data !\u003d null) {\n    return data;\n}",
                "dst_parent": "if (data !\u003d null) {\n    return data;\n} else\n    if ((startTime.get()) \u003d\u003d 0) {\n        startTime.set(java.lang.System.currentTimeMillis());\n    } else\n        if (((java.lang.System.currentTimeMillis()) - (startTime.get())) \u003e\u003d (holeFillThreshold.toMillis())) {\n            throw new org.corfudb.runtime.exceptions.RetryExhaustedException(\"Retries Exhausted.\");\n        }\n\n"
              },
              "line": 52,
              "file": "/home/khesoem/projects/lighter/exp/runtime/src/main/java/org/corfudb/runtime/view/replication/ReadWaitHoleFillPolicy.java",
              "stats": {
                "number_of_src_entities": 6,
                "number_of_dst_entities": 6,
                "src_entity_types": "[org.corfudb.protocols.wireprotocol.ILogData]",
                "dst_entity_types": "[org.corfudb.protocols.wireprotocol.ILogData]"
              }
            },
            {
              "pattern_action": "INS",
              "pattern_entity": {
                "entity_type": "If",
                "entity_new value": "*",
                "entity_role": "*",
                "entity_parent": "null"
              },
              "concrete_change": {
                "operator": "INS",
                "src_type": "If",
                "dst_type": "null",
                "src": "if (data !\u003d null) {\n    return data;\n} else\n    if ((startTime.get()) \u003d\u003d 0) {\n        startTime.set(java.lang.System.currentTimeMillis());\n    } else\n        if (((java.lang.System.currentTimeMillis()) - (startTime.get())) \u003e\u003d (holeFillThreshold.toMillis())) {\n            throw new org.corfudb.runtime.exceptions.RetryExhaustedException(\"Retries Exhausted.\");\n        }\n\n",
                "dst": "null",
                "src_parent_type": "Block",
                "dst_parent_type": "null",
                "src_parent": "{\n    org.corfudb.protocols.wireprotocol.ILogData data \u003d peekFunction.apply(address);\n    if (data !\u003d null) {\n        return data;\n    } else\n        if ((startTime.get()) \u003d\u003d 0) {\n            startTime.set(java.lang.System.currentTimeMillis());\n        } else\n            if (((java.lang.System.currentTimeMillis()) - (startTime.get())) \u003e\u003d (holeFillThreshold.toMillis())) {\n                throw new org.corfudb.runtime.exceptions.RetryExhaustedException(\"Retries Exhausted.\");\n            }\n\n\n    org.corfudb.runtime.view.replication.log.debug((\"peekUntilHoleFillRequired: Attempted read at address {}, \" + \"but data absent. Retrying.\"), address);\n    throw new org.corfudb.util.retry.RetryNeededException();\n}",
                "dst_parent": "null"
              },
              "line": 67,
              "file": "/home/khesoem/projects/lighter/exp/runtime/src/main/java/org/corfudb/runtime/view/replication/ReadWaitHoleFillPolicy.java"
            }
          ]
        },
        {
          "tool-name": "Elixir",
          "pattern-name": "Elixir:check_length",
          "Unified_Diff_of-files:": "Starts Below...",
          "INSERT:": "",
          "CHANGE_old:": "    public void nextWait() throws InterruptedException {",
          "CHANGE_new:": "    public void nextWait() {",
          "instance_detail": [
            {
              "pattern_action": "MOV",
              "pattern_entity": {
                "entity_type": "Statement",
                "entity_new value": "*",
                "entity_role": "*",
                "entity_parent": "null"
              },
              "concrete_change": {
                "operator": "MOV",
                "src_type": "Block",
                "dst_type": "Block",
                "src": "{\n    Sleep.MILLISECONDS.sleepUninterruptibly(waitMs);\n}",
                "dst": "{\n    startTime.set(java.lang.System.currentTimeMillis());\n}",
                "src_parent_type": "If",
                "dst_parent_type": "If",
                "src_parent": "if (tryNum !\u003d 0) {\n    Sleep.MILLISECONDS.sleepUninterruptibly(waitMs);\n}",
                "dst_parent": "if ((startTime.get()) \u003d\u003d 0) {\n    startTime.set(java.lang.System.currentTimeMillis());\n} else\n    if (((java.lang.System.currentTimeMillis()) - (startTime.get())) \u003e\u003d (holeFillThreshold.toMillis())) {\n        throw new org.corfudb.runtime.exceptions.RetryExhaustedException(\"Retries Exhausted.\");\n    }\n"
              },
              "line": 46,
              "file": "/home/khesoem/projects/lighter/exp/runtime/src/main/java/org/corfudb/runtime/view/replication/ReadWaitHoleFillPolicy.java",
              "stats": {
                "number_of_src_entities": 20,
                "number_of_dst_entities": 16,
                "src_entity_types": "[Sleep.MILLISECONDS, org.corfudb.runtime.view.replication.ReadWaitHoleFillPolicy]",
                "dst_entity_types": "[java.lang.System, org.corfudb.runtime.view.replication.startTime, java.util.concurrent.atomic.AtomicLong]"
              }
            },
            {
              "pattern_action": "INS",
              "pattern_entity": {
                "entity_type": "If",
                "entity_new value": "*",
                "entity_role": "*",
                "entity_parent": "null"
              },
              "concrete_change": {
                "operator": "INS",
                "src_type": "If",
                "dst_type": "null",
                "src": "if (data !\u003d null) {\n    return data;\n} else\n    if ((startTime.get()) \u003d\u003d 0) {\n        startTime.set(java.lang.System.currentTimeMillis());\n    } else\n        if (((java.lang.System.currentTimeMillis()) - (startTime.get())) \u003e\u003d (holeFillThreshold.toMillis())) {\n            throw new org.corfudb.runtime.exceptions.RetryExhaustedException(\"Retries Exhausted.\");\n        }\n\n",
                "dst": "null",
                "src_parent_type": "Block",
                "dst_parent_type": "null",
                "src_parent": "{\n    org.corfudb.protocols.wireprotocol.ILogData data \u003d peekFunction.apply(address);\n    if (data !\u003d null) {\n        return data;\n    } else\n        if ((startTime.get()) \u003d\u003d 0) {\n            startTime.set(java.lang.System.currentTimeMillis());\n        } else\n            if (((java.lang.System.currentTimeMillis()) - (startTime.get())) \u003e\u003d (holeFillThreshold.toMillis())) {\n                throw new org.corfudb.runtime.exceptions.RetryExhaustedException(\"Retries Exhausted.\");\n            }\n\n\n    org.corfudb.runtime.view.replication.log.debug((\"peekUntilHoleFillRequired: Attempted read at address {}, \" + \"but data absent. Retrying.\"), address);\n    throw new org.corfudb.util.retry.RetryNeededException();\n}",
                "dst_parent": "null"
              },
              "line": 67,
              "file": "/home/khesoem/projects/lighter/exp/runtime/src/main/java/org/corfudb/runtime/view/replication/ReadWaitHoleFillPolicy.java"
            }
          ]
        },
        {
          "tool-name": "Elixir",
          "pattern-name": "Elixir:check_length",
          "Unified_Diff_of-files:": "Starts Below...",
          "INSERT:": "",
          "CHANGE_old:": "    public void nextWait() throws InterruptedException {",
          "CHANGE_new:": "    public void nextWait() {",
          "instance_detail": [
            {
              "pattern_action": "MOV",
              "pattern_entity": {
                "entity_type": "Statement",
                "entity_new value": "*",
                "entity_role": "*",
                "entity_parent": "null"
              },
              "concrete_change": {
                "operator": "MOV",
                "src_type": "Block",
                "dst_type": "Block",
                "src": "{\n    Sleep.MILLISECONDS.sleepUninterruptibly(waitMs);\n}",
                "dst": "{\n    startTime.set(java.lang.System.currentTimeMillis());\n}",
                "src_parent_type": "If",
                "dst_parent_type": "If",
                "src_parent": "if (tryNum !\u003d 0) {\n    Sleep.MILLISECONDS.sleepUninterruptibly(waitMs);\n}",
                "dst_parent": "if ((startTime.get()) \u003d\u003d 0) {\n    startTime.set(java.lang.System.currentTimeMillis());\n} else\n    if (((java.lang.System.currentTimeMillis()) - (startTime.get())) \u003e\u003d (holeFillThreshold.toMillis())) {\n        throw new org.corfudb.runtime.exceptions.RetryExhaustedException(\"Retries Exhausted.\");\n    }\n"
              },
              "line": 46,
              "file": "/home/khesoem/projects/lighter/exp/runtime/src/main/java/org/corfudb/runtime/view/replication/ReadWaitHoleFillPolicy.java",
              "stats": {
                "number_of_src_entities": 20,
                "number_of_dst_entities": 16,
                "src_entity_types": "[Sleep.MILLISECONDS, org.corfudb.runtime.view.replication.ReadWaitHoleFillPolicy]",
                "dst_entity_types": "[java.lang.System, org.corfudb.runtime.view.replication.startTime, java.util.concurrent.atomic.AtomicLong]"
              }
            },
            {
              "pattern_action": "INS",
              "pattern_entity": {
                "entity_type": "If",
                "entity_new value": "*",
                "entity_role": "*",
                "entity_parent": "null"
              },
              "concrete_change": {
                "operator": "INS",
                "src_type": "If",
                "dst_type": "null",
                "src": "if ((startTime.get()) \u003d\u003d 0) {\n    startTime.set(java.lang.System.currentTimeMillis());\n} else\n    if (((java.lang.System.currentTimeMillis()) - (startTime.get())) \u003e\u003d (holeFillThreshold.toMillis())) {\n        throw new org.corfudb.runtime.exceptions.RetryExhaustedException(\"Retries Exhausted.\");\n    }\n",
                "dst": "null",
                "src_parent_type": "Block",
                "dst_parent_type": "null",
                "src_parent": "if ((startTime.get()) \u003d\u003d 0) {\n        startTime.set(java.lang.System.currentTimeMillis());\n    } else\n        if (((java.lang.System.currentTimeMillis()) - (startTime.get())) \u003e\u003d (holeFillThreshold.toMillis())) {\n            throw new org.corfudb.runtime.exceptions.RetryExhaustedException(\"Retries Exhausted.\");\n        }\n\n",
                "dst_parent": "null"
              },
              "line": 69,
              "file": "/home/khesoem/projects/lighter/exp/runtime/src/main/java/org/corfudb/runtime/view/replication/ReadWaitHoleFillPolicy.java"
            }
          ]
        }
      ]
    },
    {
      "revision": "5cb69894149af52e80dbf3dd0716b36e601024ba",
      "repairability": [
        {
          "tool-name": "Elixir",
          "pattern-name": "Elixir:update_invocation",
          "Unified_Diff_of-files:": "Starts Below...",
          "INSERT:": "",
          "CHANGE_old:": "    public void nextWait() throws InterruptedException {",
          "CHANGE_new:": "    public void nextWait() {",
          "instance_detail": [
            {
              "pattern_action": "UPD",
              "pattern_entity": {
                "entity_type": "AbstractInvocation",
                "entity_new value": "*",
                "entity_role": "*",
                "entity_parent": "null"
              },
              "concrete_change": {
                "operator": "UPD",
                "src_type": "Invocation",
                "dst_type": "Invocation",
                "src": "r.getParameters().getHoleFillRetry()",
                "dst": "r.getParameters().getRequestTimeout()",
                "src_parent_type": "ConstructorCall",
                "dst_parent_type": "ConstructorCall",
                "src_parent": "new org.corfudb.runtime.view.replication.ReadWaitHoleFillPolicy(100, r.getParameters().getHoleFillRetry())",
                "dst_parent": "new org.corfudb.runtime.view.replication.ReadWaitHoleFillPolicy(r.getParameters().getRequestTimeout(), r.getParameters().getHoleFillRetryThreshold())"
              },
              "line": 355,
              "file": "/home/khesoem/projects/lighter/exp/runtime/src/main/java/org/corfudb/runtime/view/Layout.java",
              "stats": {
                "number_of_src_entities": 10,
                "number_of_dst_entities": 10,
                "src_entity_types": "[org.corfudb.runtime.CorfuRuntime]",
                "dst_entity_types": "[org.corfudb.runtime.CorfuRuntime]"
              }
            }
          ]
        },
        {
          "tool-name": "Elixir",
          "pattern-name": "Elixir:update_invocation",
          "Unified_Diff_of-files:": "Starts Below...",
          "INSERT:": "",
          "CHANGE_old:": "    public void nextWait() throws InterruptedException {",
          "CHANGE_new:": "    public void nextWait() {",
          "instance_detail": [
            {
              "pattern_action": "UPD",
              "pattern_entity": {
                "entity_type": "AbstractInvocation",
                "entity_new value": "*",
                "entity_role": "*",
                "entity_parent": "null"
              },
              "concrete_change": {
                "operator": "UPD",
                "src_type": "Invocation",
                "dst_type": "Invocation",
                "src": "r.getParameters().getHoleFillRetry()",
                "dst": "r.getParameters().getRequestTimeout()",
                "src_parent_type": "ConstructorCall",
                "dst_parent_type": "ConstructorCall",
                "src_parent": "new org.corfudb.runtime.view.replication.ReadWaitHoleFillPolicy(100, r.getParameters().getHoleFillRetry())",
                "dst_parent": "new org.corfudb.runtime.view.replication.ReadWaitHoleFillPolicy(r.getParameters().getRequestTimeout(), r.getParameters().getHoleFillRetryThreshold())"
              },
              "line": 392,
              "file": "/home/khesoem/projects/lighter/exp/runtime/src/main/java/org/corfudb/runtime/view/Layout.java",
              "stats": {
                "number_of_src_entities": 10,
                "number_of_dst_entities": 10,
                "src_entity_types": "[org.corfudb.runtime.CorfuRuntime]",
                "dst_entity_types": "[org.corfudb.runtime.CorfuRuntime]"
              }
            }
          ]
        },
        {
          "tool-name": "Elixir",
          "pattern-name": "Elixir:Insert_Invocation",
          "Unified_Diff_of-files:": "Starts Below...",
          "INSERT:": "",
          "CHANGE_old:": "    public void nextWait() throws InterruptedException {",
          "CHANGE_new:": "    public void nextWait() {",
          "instance_detail": [
            {
              "pattern_action": "INS",
              "pattern_entity": {
                "entity_type": "AbstractInvocation",
                "entity_new value": "*",
                "entity_role": "*",
                "entity_parent": "null"
              },
              "concrete_change": {
                "operator": "INS",
                "src_type": "Invocation",
                "dst_type": "null",
                "src": "r.getParameters().getHoleFillRetryThreshold()",
                "dst": "null",
                "src_parent_type": "ConstructorCall",
                "dst_parent_type": "null",
                "src_parent": "new org.corfudb.runtime.view.replication.ReadWaitHoleFillPolicy(r.getParameters().getRequestTimeout(), r.getParameters().getHoleFillRetryThreshold())",
                "dst_parent": "null"
              },
              "line": 356,
              "file": "/home/khesoem/projects/lighter/exp/runtime/src/main/java/org/corfudb/runtime/view/Layout.java",
              "stats": {
                "number_of_src_entities": 10,
                "number_of_dst_entities": -1,
                "src_entity_types": "[org.corfudb.runtime.CorfuRuntime]",
                "dst_entity_types": "[]"
              }
            }
          ]
        },
        {
          "tool-name": "Elixir",
          "pattern-name": "Elixir:Insert_Invocation",
          "Unified_Diff_of-files:": "Starts Below...",
          "INSERT:": "",
          "CHANGE_old:": "    public void nextWait() throws InterruptedException {",
          "CHANGE_new:": "    public void nextWait() {",
          "instance_detail": [
            {
              "pattern_action": "INS",
              "pattern_entity": {
                "entity_type": "AbstractInvocation",
                "entity_new value": "*",
                "entity_role": "*",
                "entity_parent": "null"
              },
              "concrete_change": {
                "operator": "INS",
                "src_type": "Invocation",
                "dst_type": "null",
                "src": "r.getParameters().getHoleFillRetryThreshold()",
                "dst": "null",
                "src_parent_type": "ConstructorCall",
                "dst_parent_type": "null",
                "src_parent": "new org.corfudb.runtime.view.replication.ReadWaitHoleFillPolicy(r.getParameters().getRequestTimeout(), r.getParameters().getHoleFillRetryThreshold())",
                "dst_parent": "null"
              },
              "line": 394,
              "file": "/home/khesoem/projects/lighter/exp/runtime/src/main/java/org/corfudb/runtime/view/Layout.java",
              "stats": {
                "number_of_src_entities": 10,
                "number_of_dst_entities": -1,
                "src_entity_types": "[org.corfudb.runtime.CorfuRuntime]",
                "dst_entity_types": "[]"
              }
            }
          ]
        }
      ]
    }
  ],
  "complete_analysis": true
}