{
  "instances": [
    {
      "revision": "025dce75ba9bc080c47ecdd51e78942a59c8ee14",
      "repairability": [
        {
          "tool-name": "Elixir",
          "pattern-name": "Elixir:BO_change",
          "Unified_Diff_of-files:": "Starts Below...",
          "DELETE:": "",
          "INSERT:": "            channelsToSync.remove(sh.getWriteChannel());",
          "CHANGE_old:": "    Collection\u0026lt;SegmentHandle\u0026gt; getSegmentHandles() {",
          "CHANGE_new:": "    Collection\u0026lt;SegmentHandle\u0026gt; getOpenSegmentHandles() {",
          "instance_detail": [
            {
              "pattern_action": "UPD",
              "pattern_entity": {
                "entity_type": "BinaryOperator",
                "entity_new value": "*",
                "entity_role": "*",
                "entity_parent": "null"
              },
              "concrete_change": {
                "operator": "UPD",
                "src_type": "BinaryOperator",
                "dst_type": "BinaryOperator",
                "src": "endSegment \u003c\u003d 0",
                "dst": "endSegment \u003c 0",
                "src_parent_type": "If",
                "dst_parent_type": "If",
                "src_parent": "if (endSegment \u003c\u003d 0) {\n    log.debug(\"Only one segment detected, ignoring trim\");\n    return;\n}",
                "dst_parent": "if (endSegment \u003c 0) {\n    log.debug(\"Only one segment detected, ignoring trim\");\n    return;\n}"
              },
              "line": 369,
              "file": "/home/khesoem/projects/lighter/exp/infrastructure/src/main/java/org/corfudb/infrastructure/log/StreamLogFiles.java",
              "stats": {
                "number_of_src_entities": 7,
                "number_of_dst_entities": 7,
                "src_entity_types": "[int, boolean, long]",
                "dst_entity_types": "[int, boolean, long]"
              }
            }
          ]
        },
        {
          "tool-name": "Elixir",
          "pattern-name": "Elixir:BO_change",
          "Unified_Diff_of-files:": "Starts Below...",
          "DELETE:": "",
          "INSERT:": "            channelsToSync.remove(sh.getWriteChannel());",
          "CHANGE_old:": "    Collection\u0026lt;SegmentHandle\u0026gt; getSegmentHandles() {",
          "CHANGE_new:": "    Collection\u0026lt;SegmentHandle\u0026gt; getOpenSegmentHandles() {",
          "instance_detail": [
            {
              "pattern_action": "UPD",
              "pattern_entity": {
                "entity_type": "BinaryOperator",
                "entity_new value": "*",
                "entity_role": "*",
                "entity_parent": "null"
              },
              "concrete_change": {
                "operator": "UPD",
                "src_type": "BinaryOperator",
                "dst_type": "BinaryOperator",
                "src": "(java.lang.Long.parseLong(segmentStr)) \u003c endSegment",
                "dst": "(java.lang.Long.parseLong(segmentStr)) \u003c\u003d endSegment",
                "src_parent_type": "Return",
                "dst_parent_type": "Return",
                "src_parent": "return (java.lang.Long.parseLong(segmentStr)) \u003c endSegment",
                "dst_parent": "return (java.lang.Long.parseLong(segmentStr)) \u003c\u003d endSegment"
              },
              "line": 380,
              "file": "/home/khesoem/projects/lighter/exp/infrastructure/src/main/java/org/corfudb/infrastructure/log/StreamLogFiles.java",
              "stats": {
                "number_of_src_entities": 19,
                "number_of_dst_entities": 19,
                "src_entity_types": "[boolean, java.lang.String, java.lang.Long, long]",
                "dst_entity_types": "[boolean, java.lang.String, java.lang.Long, long]"
              }
            }
          ]
        },
        {
          "tool-name": "Elixir",
          "pattern-name": "Elixir:update_invocation",
          "Unified_Diff_of-files:": "Starts Below...",
          "DELETE:": "",
          "INSERT:": "            channelsToSync.remove(sh.getWriteChannel());",
          "CHANGE_old:": "    Collection\u0026lt;SegmentHandle\u0026gt; getSegmentHandles() {",
          "CHANGE_new:": "    Collection\u0026lt;SegmentHandle\u0026gt; getOpenSegmentHandles() {",
          "instance_detail": [
            {
              "pattern_action": "UPD",
              "pattern_entity": {
                "entity_type": "AbstractInvocation",
                "entity_new value": "*",
                "entity_role": "*",
                "entity_parent": "null"
              },
              "concrete_change": {
                "operator": "UPD",
                "src_type": "Invocation",
                "dst_type": "Invocation",
                "src": "(dataStore.getStartingAddress())",
                "dst": "(getStartingSegment())",
                "src_parent_type": "BinaryOperator",
                "dst_parent_type": "BinaryOperator",
                "src_parent": "((dataStore.getStartingAddress()) / (org.corfudb.infrastructure.log.StreamLogFiles.RECORDS_PER_LOG_FILE))",
                "dst_parent": "(getStartingSegment()) - 1"
              },
              "line": 367,
              "file": "/home/khesoem/projects/lighter/exp/infrastructure/src/main/java/org/corfudb/infrastructure/log/StreamLogFiles.java",
              "stats": {
                "number_of_src_entities": 16,
                "number_of_dst_entities": 11,
                "src_entity_types": "[org.corfudb.infrastructure.log.StreamLogFiles, org.corfudb.infrastructure.log.StreamLogDataStore]",
                "dst_entity_types": "[org.corfudb.infrastructure.log.StreamLogFiles]"
              }
            }
          ]
        },
        {
          "tool-name": "Elixir",
          "pattern-name": "Elixir:update_invocation_deep",
          "Unified_Diff_of-files:": "Starts Below...",
          "DELETE:": "",
          "INSERT:": "            channelsToSync.remove(sh.getWriteChannel());",
          "CHANGE_old:": "    Collection\u0026lt;SegmentHandle\u0026gt; getSegmentHandles() {",
          "CHANGE_new:": "    Collection\u0026lt;SegmentHandle\u0026gt; getOpenSegmentHandles() {",
          "instance_detail": [
            {
              "pattern_action": "ANY",
              "pattern_entity": {
                "entity_type": "*",
                "entity_new value": "*",
                "entity_role": "*",
                "entity_parent": {
                  "entity_type": "AbstractInvocation",
                  "entity_new value": "*",
                  "entity_role": "*",
                  "entity_parent": "null"
                }
              },
              "concrete_change": {
                "operator": "DEL",
                "src_type": "FieldRead",
                "dst_type": "null",
                "src": "dataStore",
                "dst": "null",
                "src_parent_type": "Invocation",
                "dst_parent_type": "null",
                "src_parent": "(dataStore.getStartingAddress())",
                "dst_parent": "null"
              },
              "line": 367,
              "file": "/home/khesoem/projects/lighter/exp/infrastructure/src/main/java/org/corfudb/infrastructure/log/StreamLogFiles.java"
            }
          ]
        }
      ]
    },
    {
      "revision": "025dce75ba9bc080c47ecdd51e78942a59c8ee14",
      "repairability": [
        {
          "tool-name": "Elixir",
          "pattern-name": "Elixir:update_type_ref",
          "Unified_Diff_of-files:": "Starts Below...",
          "DELETE:": "",
          "INSERT:": "            channelsToSync.remove(sh.getWriteChannel());",
          "CHANGE_old:": "    Collection\u0026lt;SegmentHandle\u0026gt; getSegmentHandles() {",
          "CHANGE_new:": "    Collection\u0026lt;SegmentHandle\u0026gt; getOpenSegmentHandles() {",
          "instance_detail": [
            {
              "pattern_action": "UPD",
              "pattern_entity": {
                "entity_type": "TypeReference",
                "entity_new value": "*",
                "entity_role": "*",
                "entity_parent": "null"
              },
              "concrete_change": {
                "operator": "UPD",
                "src_type": "TypeReference",
                "dst_type": "TypeReference",
                "src": "java.lang.Long",
                "dst": "long",
                "src_parent_type": "LocalVariable",
                "dst_parent_type": "LocalVariable",
                "src_parent": "java.lang.Long streamTrimMark \u003d Address.NON_EXIST",
                "dst_parent": "long streamTrimMark \u003d Address.NON_EXIST"
              },
              "line": 77,
              "file": "/home/khesoem/projects/lighter/exp/infrastructure/src/main/java/org/corfudb/infrastructure/log/LogMetadata.java",
              "stats": {
                "number_of_src_entities": 2,
                "number_of_dst_entities": 1,
                "src_entity_types": "[java.lang.Long]",
                "dst_entity_types": "[long]"
              }
            }
          ]
        }
      ]
    }
  ],
  "complete_analysis": true
}