{
  "instances": [
    {
      "revision": "01908fb93fac013ce025e2ce2256279f1b54ff4d",
      "repairability": [
        {
          "tool-name": "Elixir",
          "pattern-name": "Elixir:update_type_ref",
          "Unified_Diff_of-files:": "Starts Below...",
          "INSERT:": "    @Override",
          "instance_detail": [
            {
              "pattern_action": "UPD",
              "pattern_entity": {
                "entity_type": "TypeReference",
                "entity_new value": "*",
                "entity_role": "*",
                "entity_parent": "null"
              },
              "concrete_change": {
                "operator": "UPD",
                "src_type": "TypeReference",
                "dst_type": "TypeReference",
                "src": "org.corfudb.runtime.collections.Queue.CorfuGuidMsg",
                "dst": "Queue.CorfuGuidMsg",
                "src_parent_type": "Field",
                "dst_parent_type": "Field",
                "src_parent": "@lombok.Getter\nprivate final org.corfudb.runtime.collections.Queue.CorfuGuidMsg recordId;",
                "dst_parent": "@lombok.Getter\nprivate final Queue.CorfuGuidMsg recordId;"
              },
              "line": 412,
              "file": "/home/khesoem/projects/lighter/exp/runtime/src/main/java/org/corfudb/runtime/collections/Table.java",
              "stats": {
                "number_of_src_entities": 2,
                "number_of_dst_entities": 2,
                "src_entity_types": "[org.corfudb.runtime.collections.Queue.CorfuGuidMsg]",
                "dst_entity_types": "[Queue.CorfuGuidMsg]"
              }
            }
          ]
        },
        {
          "tool-name": "Elixir",
          "pattern-name": "Elixir:update_type_ref",
          "Unified_Diff_of-files:": "Starts Below...",
          "INSERT:": "    @Override",
          "instance_detail": [
            {
              "pattern_action": "UPD",
              "pattern_entity": {
                "entity_type": "TypeReference",
                "entity_new value": "*",
                "entity_role": "*",
                "entity_parent": "null"
              },
              "concrete_change": {
                "operator": "UPD",
                "src_type": "TypeReference",
                "dst_type": "TypeReference",
                "src": "org.corfudb.runtime.collections.Queue.CorfuQueueMetadataMsg",
                "dst": "Queue.CorfuQueueMetadataMsg",
                "src_parent_type": "Field",
                "dst_parent_type": "Field",
                "src_parent": "@lombok.Getter\nprivate final org.corfudb.runtime.collections.Queue.CorfuQueueMetadataMsg txSequence;",
                "dst_parent": "@lombok.Getter\nprivate final Queue.CorfuQueueMetadataMsg txSequence;"
              },
              "line": 415,
              "file": "/home/khesoem/projects/lighter/exp/runtime/src/main/java/org/corfudb/runtime/collections/Table.java",
              "stats": {
                "number_of_src_entities": 2,
                "number_of_dst_entities": 2,
                "src_entity_types": "[org.corfudb.runtime.collections.Queue.CorfuQueueMetadataMsg]",
                "dst_entity_types": "[Queue.CorfuQueueMetadataMsg]"
              }
            }
          ]
        },
        {
          "tool-name": "Elixir",
          "pattern-name": "Elixir:update_type_ref",
          "Unified_Diff_of-files:": "Starts Below...",
          "INSERT:": "    @Override",
          "instance_detail": [
            {
              "pattern_action": "UPD",
              "pattern_entity": {
                "entity_type": "TypeReference",
                "entity_new value": "*",
                "entity_role": "*",
                "entity_parent": "null"
              },
              "concrete_change": {
                "operator": "UPD",
                "src_type": "TypeReference",
                "dst_type": "TypeReference",
                "src": "org.corfudb.runtime.collections.Queue.CorfuGuidMsg",
                "dst": "org.corfudb.runtime.Queue.CorfuGuidMsg",
                "src_parent_type": "ParameterReference",
                "dst_parent_type": "Parameter",
                "src_parent": "entryId",
                "dst_parent": "org.corfudb.runtime.Queue.CorfuGuidMsg entryId"
              },
              "line": 424,
              "file": "/home/khesoem/projects/lighter/exp/runtime/src/main/java/org/corfudb/runtime/collections/Table.java",
              "stats": {
                "number_of_src_entities": 2,
                "number_of_dst_entities": 4,
                "src_entity_types": "[org.corfudb.runtime.collections.Queue.CorfuGuidMsg]",
                "dst_entity_types": "[org.corfudb.runtime.Queue.CorfuGuidMsg, org.corfudb.runtime.Queue]"
              }
            }
          ]
        },
        {
          "tool-name": "Elixir",
          "pattern-name": "Elixir:update_type_ref",
          "Unified_Diff_of-files:": "Starts Below...",
          "INSERT:": "    @Override",
          "instance_detail": [
            {
              "pattern_action": "UPD",
              "pattern_entity": {
                "entity_type": "TypeReference",
                "entity_new value": "*",
                "entity_role": "*",
                "entity_parent": "null"
              },
              "concrete_change": {
                "operator": "UPD",
                "src_type": "TypeReference",
                "dst_type": "TypeReference",
                "src": "org.corfudb.runtime.collections.Queue.CorfuQueueMetadataMsg",
                "dst": "org.corfudb.runtime.Queue.CorfuQueueMetadataMsg",
                "src_parent_type": "ParameterReference",
                "dst_parent_type": "Parameter",
                "src_parent": "txSequence",
                "dst_parent": "org.corfudb.runtime.Queue.CorfuQueueMetadataMsg txSequence"
              },
              "line": 424,
              "file": "/home/khesoem/projects/lighter/exp/runtime/src/main/java/org/corfudb/runtime/collections/Table.java",
              "stats": {
                "number_of_src_entities": 2,
                "number_of_dst_entities": 4,
                "src_entity_types": "[org.corfudb.runtime.collections.Queue.CorfuQueueMetadataMsg]",
                "dst_entity_types": "[org.corfudb.runtime.Queue.CorfuQueueMetadataMsg, org.corfudb.runtime.Queue]"
              }
            }
          ]
        },
        {
          "tool-name": "Elixir",
          "pattern-name": "Elixir:Insert_Invocation",
          "Unified_Diff_of-files:": "Starts Below...",
          "INSERT:": "    @Override",
          "instance_detail": [
            {
              "pattern_action": "INS",
              "pattern_entity": {
                "entity_type": "AbstractInvocation",
                "entity_new value": "*",
                "entity_role": "*",
                "entity_parent": "null"
              },
              "concrete_change": {
                "operator": "INS",
                "src_type": "Invocation",
                "dst_type": "null",
                "src": "corfuRuntime.getObjectsView().build().setTypeToken(org.corfudb.runtime.collections.CorfuTable.\u003cK, org.corfudb.runtime.collections.CorfuRecord\u003cV, M\u003e\u003egetTableType()).setStreamName(this.fullyQualifiedTableName).setSerializer(serializer).setArguments(new org.corfudb.runtime.collections.ProtobufIndexer(valueSchema), streamingMapSupplier, versionPolicy).setStreamTags(streamTags).open()",
                "dst": "null",
                "src_parent_type": "Assignment",
                "dst_parent_type": "null",
                "src_parent": "this.corfuTable \u003d corfuRuntime.getObjectsView().build().setTypeToken(org.corfudb.runtime.collections.CorfuTable.\u003cK, org.corfudb.runtime.collections.CorfuRecord\u003cV, M\u003e\u003egetTableType()).setStreamName(this.fullyQualifiedTableName).setSerializer(serializer).setArguments(new org.corfudb.runtime.collections.ProtobufIndexer(valueSchema), streamingMapSupplier, versionPolicy).setStreamTags(streamTags).open()",
                "dst_parent": "null"
              },
              "line": 132,
              "file": "/home/khesoem/projects/lighter/exp/runtime/src/main/java/org/corfudb/runtime/collections/Table.java",
              "stats": {
                "number_of_src_entities": 103,
                "number_of_dst_entities": -1,
                "src_entity_types": "[org.corfudb.runtime.CorfuRuntime, org.corfudb.runtime.collections.CorfuTable, org.corfudb.runtime.collections.Table\u003cK, V, M\u003e, org.corfudb.runtime.collections.Table, java.util.Set\u003cjava.util.UUID\u003e, org.corfudb.runtime.collections.ProtobufIndexer, org.corfudb.util.serializer.ISerializer, ICorfuVersionPolicy.VersionPolicy, org.corfudb.runtime.collections.StreamingMap\u003cK, V\u003e, java.util.function.Supplier\u003corg.corfudb.runtime.collections.StreamingMap\u003cK, V\u003e\u003e, java.util.UUID, org.corfudb.runtime.collections.CorfuRecord\u003cV, M\u003e]",
                "dst_entity_types": "[]"
              }
            }
          ]
        },
        {
          "tool-name": "Elixir",
          "pattern-name": "Elixir:update_invocation_deep",
          "Unified_Diff_of-files:": "Starts Below...",
          "INSERT:": "    @Override",
          "instance_detail": [
            {
              "pattern_action": "ANY",
              "pattern_entity": {
                "entity_type": "*",
                "entity_new value": "*",
                "entity_role": "*",
                "entity_parent": {
                  "entity_type": "AbstractInvocation",
                  "entity_new value": "*",
                  "entity_role": "*",
                  "entity_parent": "null"
                }
              },
              "concrete_change": {
                "operator": "INS",
                "src_type": "TypeAccess",
                "dst_type": "null",
                "src": "org.corfudb.runtime.collections.Table.CorfuQueueRecord",
                "dst": "null",
                "src_parent_type": "ThisAccess",
                "dst_parent_type": "null",
                "src_parent": "",
                "dst_parent": "null"
              },
              "stats": {
                "number_of_src_entities": 4,
                "number_of_dst_entities": -1,
                "src_entity_types": "[org.corfudb.runtime.collections.Table, org.corfudb.runtime.collections.Table.CorfuQueueRecord]",
                "dst_entity_types": "[]"
              }
            }
          ]
        },
        {
          "tool-name": "Elixir",
          "pattern-name": "Elixir:update_return_deep",
          "Unified_Diff_of-files:": "Starts Below...",
          "INSERT:": "    @Override",
          "instance_detail": [
            {
              "pattern_action": "ANY",
              "pattern_entity": {
                "entity_type": "*",
                "entity_new value": "*",
                "entity_role": "*",
                "entity_parent": {
                  "entity_type": "Return",
                  "entity_new value": "*",
                  "entity_role": "*",
                  "entity_parent": "null"
                }
              },
              "concrete_change": {
                "operator": "UPD",
                "src_type": "ConstructorCall",
                "dst_type": "ConstructorCall",
                "src": "new org.corfudb.runtime.collections.AbstractMap.SimpleEntry\u003c\u003e(entry.getKey(), entry.getValue().getPayload())",
                "dst": "new java.util.AbstractMap.SimpleEntry\u003c\u003e(entry.getKey(), entry.getValue().getPayload())",
                "src_parent_type": "Lambda",
                "dst_parent_type": "Lambda",
                "src_parent": "( entry) -\u003e new org.corfudb.runtime.collections.AbstractMap.SimpleEntry\u003c\u003e(entry.getKey(), entry.getValue().getPayload())",
                "dst_parent": "( entry) -\u003e new java.util.AbstractMap.SimpleEntry\u003c\u003e(entry.getKey(), entry.getValue().getPayload())"
              },
              "line": 562,
              "file": "/home/khesoem/projects/lighter/exp/runtime/src/main/java/org/corfudb/runtime/collections/Table.java",
              "stats": {
                "number_of_src_entities": 24,
                "number_of_dst_entities": 24,
                "src_entity_types": "[org.corfudb.runtime.collections.entry, org.corfudb.runtime.collections.AbstractMap, org.corfudb.runtime.collections.AbstractMap.SimpleEntry\u003c\u003e]",
                "dst_entity_types": "[org.corfudb.runtime.collections.entry, java.util.AbstractMap, java.util.AbstractMap.SimpleEntry\u003c\u003e]"
              }
            }
          ]
        }
      ]
    },
    {
      "revision": "01908fb93fac013ce025e2ce2256279f1b54ff4d",
      "repairability": [
        {
          "tool-name": "Elixir",
          "pattern-name": "Elixir:Insert_Invocation",
          "Unified_Diff_of-files:": "Starts Below...",
          "INSERT:": "    @Override",
          "instance_detail": [
            {
              "pattern_action": "INS",
              "pattern_entity": {
                "entity_type": "AbstractInvocation",
                "entity_new value": "*",
                "entity_role": "*",
                "entity_parent": "null"
              },
              "concrete_change": {
                "operator": "INS",
                "src_type": "ConstructorCall",
                "dst_type": "null",
                "src": "new java.util.concurrent.ConcurrentHashMap()",
                "dst": "null",
                "src_parent_type": "ConstructorCall",
                "dst_parent_type": "null",
                "src_parent": "new org.corfudb.util.serializer.ProtobufSerializer(new java.util.concurrent.ConcurrentHashMap())",
                "dst_parent": "null"
              },
              "line": 118,
              "file": "/home/khesoem/projects/lighter/exp/runtime/src/main/java/org/corfudb/runtime/view/TableRegistry.java"
            }
          ]
        },
        {
          "tool-name": "Elixir",
          "pattern-name": "Elixir:update_invocation_deep",
          "Unified_Diff_of-files:": "Starts Below...",
          "INSERT:": "    @Override",
          "instance_detail": [
            {
              "pattern_action": "ANY",
              "pattern_entity": {
                "entity_type": "*",
                "entity_new value": "*",
                "entity_role": "*",
                "entity_parent": {
                  "entity_type": "AbstractInvocation",
                  "entity_new value": "*",
                  "entity_role": "*",
                  "entity_parent": "null"
                }
              },
              "concrete_change": {
                "operator": "INS",
                "src_type": "TypeAccess",
                "dst_type": "null",
                "src": "org.corfudb.runtime.view.TableRegistry",
                "dst": "null",
                "src_parent_type": "ThisAccess",
                "dst_parent_type": "null",
                "src_parent": "",
                "dst_parent": "null"
              },
              "stats": {
                "number_of_src_entities": 3,
                "number_of_dst_entities": -1,
                "src_entity_types": "[org.corfudb.runtime.view.TableRegistry]",
                "dst_entity_types": "[]"
              }
            }
          ]
        },
        {
          "tool-name": "Elixir",
          "pattern-name": "Elixir:update_invocation_deep",
          "Unified_Diff_of-files:": "Starts Below...",
          "INSERT:": "    @Override",
          "instance_detail": [
            {
              "pattern_action": "ANY",
              "pattern_entity": {
                "entity_type": "*",
                "entity_new value": "*",
                "entity_role": "*",
                "entity_parent": {
                  "entity_type": "AbstractInvocation",
                  "entity_new value": "*",
                  "entity_role": "*",
                  "entity_parent": "null"
                }
              },
              "concrete_change": {
                "operator": "DEL",
                "src_type": "ThisAccess",
                "dst_type": "null",
                "src": "this",
                "dst": "null",
                "src_parent_type": "FieldRead",
                "dst_parent_type": "null",
                "src_parent": "this.streamManager",
                "dst_parent": "null"
              },
              "line": 485,
              "file": "/home/khesoem/projects/lighter/exp/runtime/src/main/java/org/corfudb/runtime/view/TableRegistry.java",
              "stats": {
                "number_of_src_entities": 6,
                "number_of_dst_entities": -1,
                "src_entity_types": "[org.corfudb.runtime.view.TableRegistry]",
                "dst_entity_types": "[]"
              }
            }
          ]
        }
      ]
    },
    {
      "revision": "01908fb93fac013ce025e2ce2256279f1b54ff4d",
      "repairability": [
        {
          "tool-name": "Elixir",
          "pattern-name": "Elixir:update_invocation",
          "Unified_Diff_of-files:": "Starts Below...",
          "INSERT:": "    @Override",
          "instance_detail": [
            {
              "pattern_action": "UPD",
              "pattern_entity": {
                "entity_type": "AbstractInvocation",
                "entity_new value": "*",
                "entity_role": "*",
                "entity_parent": "null"
              },
              "concrete_change": {
                "operator": "UPD",
                "src_type": "Invocation",
                "dst_type": "Invocation",
                "src": "org.corfudb.runtime.view.StreamOptions.builder().ignoreTrimmed(false).cacheEntries(true).build()",
                "dst": "org.corfudb.runtime.view.StreamOptions.builder().ignoreTrimmed(false).cacheEntries(true).isCheckpointCapable(true)",
                "src_parent_type": "Field",
                "dst_parent_type": "Invocation",
                "src_parent": "public static org.corfudb.runtime.view.StreamOptions DEFAULT \u003d org.corfudb.runtime.view.StreamOptions.builder().ignoreTrimmed(false).cacheEntries(true).build();",
                "dst_parent": "org.corfudb.runtime.view.StreamOptions.builder().ignoreTrimmed(false).cacheEntries(true).isCheckpointCapable(true).build()"
              },
              "line": 13,
              "file": "/home/khesoem/projects/lighter/exp/runtime/src/main/java/org/corfudb/runtime/view/StreamOptions.java",
              "stats": {
                "number_of_src_entities": 19,
                "number_of_dst_entities": 20,
                "src_entity_types": "[boolean, org.corfudb.runtime.view.StreamOptions]",
                "dst_entity_types": "[boolean, org.corfudb.runtime.view.StreamOptions]"
              }
            }
          ]
        },
        {
          "tool-name": "Elixir",
          "pattern-name": "Elixir:Insert_Invocation",
          "Unified_Diff_of-files:": "Starts Below...",
          "INSERT:": "    @Override",
          "instance_detail": [
            {
              "pattern_action": "INS",
              "pattern_entity": {
                "entity_type": "AbstractInvocation",
                "entity_new value": "*",
                "entity_role": "*",
                "entity_parent": "null"
              },
              "concrete_change": {
                "operator": "INS",
                "src_type": "Invocation",
                "dst_type": "null",
                "src": "org.corfudb.runtime.view.StreamOptions.builder().ignoreTrimmed(false).cacheEntries(true).isCheckpointCapable(true).build()",
                "dst": "null",
                "src_parent_type": "Field",
                "dst_parent_type": "null",
                "src_parent": "public static org.corfudb.runtime.view.StreamOptions DEFAULT \u003d org.corfudb.runtime.view.StreamOptions.builder().ignoreTrimmed(false).cacheEntries(true).isCheckpointCapable(true).build();",
                "dst_parent": "null"
              },
              "line": 13,
              "file": "/home/khesoem/projects/lighter/exp/runtime/src/main/java/org/corfudb/runtime/view/StreamOptions.java",
              "stats": {
                "number_of_src_entities": 24,
                "number_of_dst_entities": -1,
                "src_entity_types": "[boolean, org.corfudb.runtime.view.StreamOptions]",
                "dst_entity_types": "[]"
              }
            }
          ]
        }
      ]
    },
    {
      "revision": "01908fb93fac013ce025e2ce2256279f1b54ff4d",
      "repairability": [
        {
          "tool-name": "Elixir",
          "pattern-name": "Elixir:update_invocation",
          "Unified_Diff_of-files:": "Starts Below...",
          "INSERT:": "    @Override",
          "instance_detail": [
            {
              "pattern_action": "UPD",
              "pattern_entity": {
                "entity_type": "AbstractInvocation",
                "entity_new value": "*",
                "entity_role": "*",
                "entity_parent": "null"
              },
              "concrete_change": {
                "operator": "UPD",
                "src_type": "Invocation",
                "dst_type": "Invocation",
                "src": "runtime.getTableRegistry().getStreamManager()",
                "dst": "runtime.getTableRegistry().getStreamingManager()",
                "src_parent_type": "Invocation",
                "dst_parent_type": "Invocation",
                "src_parent": "runtime.getTableRegistry().getStreamManager().subscribe(streamListener, namespace, streamTag, tablesOfInterest, (timestamp \u003d\u003d null ? getTimestamp().getSequence() : timestamp.getSequence()))",
                "dst_parent": "runtime.getTableRegistry().getStreamingManager().subscribe(streamListener, namespace, streamTag, tablesOfInterest, (timestamp \u003d\u003d null ? getTimestamp().getSequence() : timestamp.getSequence()))"
              },
              "line": 279,
              "file": "/home/khesoem/projects/lighter/exp/runtime/src/main/java/org/corfudb/runtime/collections/CorfuStore.java",
              "stats": {
                "number_of_src_entities": 18,
                "number_of_dst_entities": 18,
                "src_entity_types": "[org.corfudb.runtime.CorfuRuntime, org.corfudb.runtime.collections.CorfuStore]",
                "dst_entity_types": "[org.corfudb.runtime.CorfuRuntime, org.corfudb.runtime.collections.CorfuStore]"
              }
            }
          ]
        }
      ]
    },
    {
      "revision": "01908fb93fac013ce025e2ce2256279f1b54ff4d",
      "repairability": [
        {
          "tool-name": "Elixir",
          "pattern-name": "Elixir:update_invocation_deep",
          "Unified_Diff_of-files:": "Starts Below...",
          "INSERT:": "    @Override",
          "instance_detail": [
            {
              "pattern_action": "ANY",
              "pattern_entity": {
                "entity_type": "*",
                "entity_new value": "*",
                "entity_role": "*",
                "entity_parent": {
                  "entity_type": "AbstractInvocation",
                  "entity_new value": "*",
                  "entity_role": "*",
                  "entity_parent": "null"
                }
              },
              "concrete_change": {
                "operator": "DEL",
                "src_type": "Invocation",
                "dst_type": "null",
                "src": "tablesOfInterest.get(streamId).getKeyClass()",
                "dst": "null",
                "src_parent_type": "Invocation",
                "dst_parent_type": "null",
                "src_parent": "org.corfudb.runtime.collections.CorfuStreamEntry.fromSMREntry(smrEntry, epoch, tablesOfInterest.get(streamId).getKeyClass(), tablesOfInterest.get(streamId).getPayloadClass(), tablesOfInterest.get(streamId).getMetadataClass())",
                "dst_parent": "null"
              },
              "line": 275,
              "file": "/home/khesoem/projects/lighter/exp/runtime/src/main/java/org/corfudb/runtime/collections/StreamManager.java",
              "stats": {
                "number_of_src_entities": 27,
                "number_of_dst_entities": -1,
                "src_entity_types": "[SubscriberTask, org.corfudb.runtime.collections.tablesOfInterest]",
                "dst_entity_types": "[]"
              }
            }
          ]
        }
      ]
    }
  ],
  "complete_analysis": true
}