{
  "instances": [
    {
      "revision": "4b1e2287d822d024f29bcf9eee15c837597402f0",
      "repairability": [
        {
          "tool-name": "Elixir",
          "pattern-name": "Elixir:check_length",
          "Unified_Diff_of-files:": "Starts Below...",
          "CHANGE_old:": "",
          "CHANGE_new:": "                return Address.NON_ADDRESS;",
          "INSERT:": "        }",
          "instance_detail": [
            {
              "pattern_action": "MOV",
              "pattern_entity": {
                "entity_type": "Statement",
                "entity_new value": "*",
                "entity_role": "*",
                "entity_parent": "null"
              },
              "concrete_change": {
                "operator": "MOV",
                "src_type": "Block",
                "dst_type": "Block",
                "src": "{\n    return streamAddressSpace.getTrimMark();\n}",
                "dst": "{\n    return (getCurrentGlobalPosition()) \u003d\u003d (org.corfudb.runtime.view.Address.NON_ADDRESS) ? streamAddressSpace.getTrimMark() : getCurrentGlobalPosition();\n}",
                "src_parent_type": "If",
                "dst_parent_type": "If",
                "src_parent": "if (size \u003d\u003d 0L) {\n    return streamAddressSpace.getTrimMark();\n}",
                "dst_parent": "if ((getCurrentGlobalPosition()) \u003c\u003d (streamAddressSpace.getTrimMark())) {\n    return (getCurrentGlobalPosition()) \u003d\u003d (org.corfudb.runtime.view.Address.NON_ADDRESS) ? streamAddressSpace.getTrimMark() : getCurrentGlobalPosition();\n} else {\n    return org.corfudb.runtime.view.Address.NON_ADDRESS;\n}"
              },
              "line": 398,
              "file": "/home/khesoem/projects/lighter/exp/runtime/src/main/java/org/corfudb/runtime/view/stream/AddressMapStreamView.java",
              "stats": {
                "number_of_src_entities": 11,
                "number_of_dst_entities": 39,
                "src_entity_types": "[org.corfudb.runtime.view.stream.StreamAddressSpace]",
                "dst_entity_types": "[org.corfudb.runtime.view.Address, org.corfudb.runtime.view.stream.AddressMapStreamView, org.corfudb.runtime.view.stream.StreamAddressSpace]"
              }
            },
            {
              "pattern_action": "INS",
              "pattern_entity": {
                "entity_type": "If",
                "entity_new value": "*",
                "entity_role": "*",
                "entity_parent": "null"
              },
              "concrete_change": {
                "operator": "INS",
                "src_type": "If",
                "dst_type": "null",
                "src": "if (size \u003d\u003d 0L) {\n    if ((getCurrentGlobalPosition()) \u003c\u003d (streamAddressSpace.getTrimMark())) {\n        return (getCurrentGlobalPosition()) \u003d\u003d (org.corfudb.runtime.view.Address.NON_ADDRESS) ? streamAddressSpace.getTrimMark() : getCurrentGlobalPosition();\n    } else {\n        return org.corfudb.runtime.view.Address.NON_ADDRESS;\n    }\n}",
                "dst": "null",
                "src_parent_type": "Block",
                "dst_parent_type": "null",
                "src_parent": "{\n    if (maxEntries \u003d\u003d (java.lang.Integer.MAX_VALUE)) {\n        return org.corfudb.runtime.view.Address.MAX;\n    }\n    org.corfudb.runtime.view.stream.StreamAddressSpace streamAddressSpace \u003d runtime.getSequencerView().getStreamAddressSpace(new org.corfudb.protocols.wireprotocol.StreamAddressRange(getId(), org.corfudb.runtime.view.Address.MAX, getCurrentGlobalPosition()));\n    long size \u003d streamAddressSpace.size();\n    if (size \u003d\u003d 0L) {\n        if ((getCurrentGlobalPosition()) \u003c\u003d (streamAddressSpace.getTrimMark())) {\n            return (getCurrentGlobalPosition()) \u003d\u003d (org.corfudb.runtime.view.Address.NON_ADDRESS) ? streamAddressSpace.getTrimMark() : getCurrentGlobalPosition();\n        } else {\n            return org.corfudb.runtime.view.Address.NON_ADDRESS;\n        }\n    }\n    if (size \u003c\u003d maxEntries) {\n        return streamAddressSpace.getTail();\n    }\n    return streamAddressSpace.select((maxEntries - 1));\n}",
                "dst_parent": "null"
              },
              "line": 398,
              "file": "/home/khesoem/projects/lighter/exp/runtime/src/main/java/org/corfudb/runtime/view/stream/AddressMapStreamView.java",
              "stats": {
                "number_of_src_entities": 77,
                "number_of_dst_entities": -1,
                "src_entity_types": "[boolean, org.corfudb.runtime.view.Address, org.corfudb.runtime.view.stream.AddressMapStreamView, org.corfudb.runtime.view.stream.StreamAddressSpace, long]",
                "dst_entity_types": "[]"
              }
            }
          ]
        },
        {
          "tool-name": "Elixir",
          "pattern-name": "Elixir:check_length",
          "Unified_Diff_of-files:": "Starts Below...",
          "CHANGE_old:": "",
          "CHANGE_new:": "                return Address.NON_ADDRESS;",
          "INSERT:": "        }",
          "instance_detail": [
            {
              "pattern_action": "MOV",
              "pattern_entity": {
                "entity_type": "Statement",
                "entity_new value": "*",
                "entity_role": "*",
                "entity_parent": "null"
              },
              "concrete_change": {
                "operator": "MOV",
                "src_type": "Block",
                "dst_type": "Block",
                "src": "{\n    return streamAddressSpace.getTrimMark();\n}",
                "dst": "{\n    return (getCurrentGlobalPosition()) \u003d\u003d (org.corfudb.runtime.view.Address.NON_ADDRESS) ? streamAddressSpace.getTrimMark() : getCurrentGlobalPosition();\n}",
                "src_parent_type": "If",
                "dst_parent_type": "If",
                "src_parent": "if (size \u003d\u003d 0L) {\n    return streamAddressSpace.getTrimMark();\n}",
                "dst_parent": "if ((getCurrentGlobalPosition()) \u003c\u003d (streamAddressSpace.getTrimMark())) {\n    return (getCurrentGlobalPosition()) \u003d\u003d (org.corfudb.runtime.view.Address.NON_ADDRESS) ? streamAddressSpace.getTrimMark() : getCurrentGlobalPosition();\n} else {\n    return org.corfudb.runtime.view.Address.NON_ADDRESS;\n}"
              },
              "line": 398,
              "file": "/home/khesoem/projects/lighter/exp/runtime/src/main/java/org/corfudb/runtime/view/stream/AddressMapStreamView.java",
              "stats": {
                "number_of_src_entities": 11,
                "number_of_dst_entities": 39,
                "src_entity_types": "[org.corfudb.runtime.view.stream.StreamAddressSpace]",
                "dst_entity_types": "[org.corfudb.runtime.view.Address, org.corfudb.runtime.view.stream.AddressMapStreamView, org.corfudb.runtime.view.stream.StreamAddressSpace]"
              }
            },
            {
              "pattern_action": "INS",
              "pattern_entity": {
                "entity_type": "If",
                "entity_new value": "*",
                "entity_role": "*",
                "entity_parent": "null"
              },
              "concrete_change": {
                "operator": "INS",
                "src_type": "If",
                "dst_type": "null",
                "src": "if ((getCurrentGlobalPosition()) \u003c\u003d (streamAddressSpace.getTrimMark())) {\n    return (getCurrentGlobalPosition()) \u003d\u003d (org.corfudb.runtime.view.Address.NON_ADDRESS) ? streamAddressSpace.getTrimMark() : getCurrentGlobalPosition();\n} else {\n    return org.corfudb.runtime.view.Address.NON_ADDRESS;\n}",
                "dst": "null",
                "src_parent_type": "Block",
                "dst_parent_type": "null",
                "src_parent": "{\n    if ((getCurrentGlobalPosition()) \u003c\u003d (streamAddressSpace.getTrimMark())) {\n        return (getCurrentGlobalPosition()) \u003d\u003d (org.corfudb.runtime.view.Address.NON_ADDRESS) ? streamAddressSpace.getTrimMark() : getCurrentGlobalPosition();\n    } else {\n        return org.corfudb.runtime.view.Address.NON_ADDRESS;\n    }\n}",
                "dst_parent": "null"
              },
              "line": 403,
              "file": "/home/khesoem/projects/lighter/exp/runtime/src/main/java/org/corfudb/runtime/view/stream/AddressMapStreamView.java"
            }
          ]
        },
        {
          "tool-name": "Elixir",
          "pattern-name": "Elixir:check_length",
          "Unified_Diff_of-files:": "Starts Below...",
          "CHANGE_old:": "",
          "CHANGE_new:": "                return Address.NON_ADDRESS;",
          "INSERT:": "        }",
          "instance_detail": [
            {
              "pattern_action": "MOV",
              "pattern_entity": {
                "entity_type": "Statement",
                "entity_new value": "*",
                "entity_role": "*",
                "entity_parent": "null"
              },
              "concrete_change": {
                "operator": "MOV",
                "src_type": "Invocation",
                "dst_type": "Invocation",
                "src": "streamAddressSpace.getTrimMark()",
                "dst": "streamAddressSpace.getTrimMark()",
                "src_parent_type": "Return",
                "dst_parent_type": "Conditional",
                "src_parent": "return streamAddressSpace.getTrimMark()",
                "dst_parent": "(getCurrentGlobalPosition()) \u003d\u003d (org.corfudb.runtime.view.Address.NON_ADDRESS) ? streamAddressSpace.getTrimMark() : getCurrentGlobalPosition()"
              },
              "line": 400,
              "file": "/home/khesoem/projects/lighter/exp/runtime/src/main/java/org/corfudb/runtime/view/stream/AddressMapStreamView.java",
              "stats": {
                "number_of_src_entities": 9,
                "number_of_dst_entities": 9,
                "src_entity_types": "[org.corfudb.runtime.view.stream.StreamAddressSpace]",
                "dst_entity_types": "[org.corfudb.runtime.view.stream.StreamAddressSpace]"
              }
            },
            {
              "pattern_action": "INS",
              "pattern_entity": {
                "entity_type": "If",
                "entity_new value": "*",
                "entity_role": "*",
                "entity_parent": "null"
              },
              "concrete_change": {
                "operator": "INS",
                "src_type": "If",
                "dst_type": "null",
                "src": "if (size \u003d\u003d 0L) {\n    if ((getCurrentGlobalPosition()) \u003c\u003d (streamAddressSpace.getTrimMark())) {\n        return (getCurrentGlobalPosition()) \u003d\u003d (org.corfudb.runtime.view.Address.NON_ADDRESS) ? streamAddressSpace.getTrimMark() : getCurrentGlobalPosition();\n    } else {\n        return org.corfudb.runtime.view.Address.NON_ADDRESS;\n    }\n}",
                "dst": "null",
                "src_parent_type": "Block",
                "dst_parent_type": "null",
                "src_parent": "{\n    if (maxEntries \u003d\u003d (java.lang.Integer.MAX_VALUE)) {\n        return org.corfudb.runtime.view.Address.MAX;\n    }\n    org.corfudb.runtime.view.stream.StreamAddressSpace streamAddressSpace \u003d runtime.getSequencerView().getStreamAddressSpace(new org.corfudb.protocols.wireprotocol.StreamAddressRange(getId(), org.corfudb.runtime.view.Address.MAX, getCurrentGlobalPosition()));\n    long size \u003d streamAddressSpace.size();\n    if (size \u003d\u003d 0L) {\n        if ((getCurrentGlobalPosition()) \u003c\u003d (streamAddressSpace.getTrimMark())) {\n            return (getCurrentGlobalPosition()) \u003d\u003d (org.corfudb.runtime.view.Address.NON_ADDRESS) ? streamAddressSpace.getTrimMark() : getCurrentGlobalPosition();\n        } else {\n            return org.corfudb.runtime.view.Address.NON_ADDRESS;\n        }\n    }\n    if (size \u003c\u003d maxEntries) {\n        return streamAddressSpace.getTail();\n    }\n    return streamAddressSpace.select((maxEntries - 1));\n}",
                "dst_parent": "null"
              },
              "line": 398,
              "file": "/home/khesoem/projects/lighter/exp/runtime/src/main/java/org/corfudb/runtime/view/stream/AddressMapStreamView.java",
              "stats": {
                "number_of_src_entities": 77,
                "number_of_dst_entities": -1,
                "src_entity_types": "[boolean, org.corfudb.runtime.view.Address, org.corfudb.runtime.view.stream.AddressMapStreamView, org.corfudb.runtime.view.stream.StreamAddressSpace, long]",
                "dst_entity_types": "[]"
              }
            }
          ]
        },
        {
          "tool-name": "Elixir",
          "pattern-name": "Elixir:check_length",
          "Unified_Diff_of-files:": "Starts Below...",
          "CHANGE_old:": "",
          "CHANGE_new:": "                return Address.NON_ADDRESS;",
          "INSERT:": "        }",
          "instance_detail": [
            {
              "pattern_action": "MOV",
              "pattern_entity": {
                "entity_type": "Statement",
                "entity_new value": "*",
                "entity_role": "*",
                "entity_parent": "null"
              },
              "concrete_change": {
                "operator": "MOV",
                "src_type": "Invocation",
                "dst_type": "Invocation",
                "src": "streamAddressSpace.getTrimMark()",
                "dst": "streamAddressSpace.getTrimMark()",
                "src_parent_type": "Return",
                "dst_parent_type": "Conditional",
                "src_parent": "return streamAddressSpace.getTrimMark()",
                "dst_parent": "(getCurrentGlobalPosition()) \u003d\u003d (org.corfudb.runtime.view.Address.NON_ADDRESS) ? streamAddressSpace.getTrimMark() : getCurrentGlobalPosition()"
              },
              "line": 400,
              "file": "/home/khesoem/projects/lighter/exp/runtime/src/main/java/org/corfudb/runtime/view/stream/AddressMapStreamView.java",
              "stats": {
                "number_of_src_entities": 9,
                "number_of_dst_entities": 9,
                "src_entity_types": "[org.corfudb.runtime.view.stream.StreamAddressSpace]",
                "dst_entity_types": "[org.corfudb.runtime.view.stream.StreamAddressSpace]"
              }
            },
            {
              "pattern_action": "INS",
              "pattern_entity": {
                "entity_type": "If",
                "entity_new value": "*",
                "entity_role": "*",
                "entity_parent": "null"
              },
              "concrete_change": {
                "operator": "INS",
                "src_type": "If",
                "dst_type": "null",
                "src": "if ((getCurrentGlobalPosition()) \u003c\u003d (streamAddressSpace.getTrimMark())) {\n    return (getCurrentGlobalPosition()) \u003d\u003d (org.corfudb.runtime.view.Address.NON_ADDRESS) ? streamAddressSpace.getTrimMark() : getCurrentGlobalPosition();\n} else {\n    return org.corfudb.runtime.view.Address.NON_ADDRESS;\n}",
                "dst": "null",
                "src_parent_type": "Block",
                "dst_parent_type": "null",
                "src_parent": "{\n    if ((getCurrentGlobalPosition()) \u003c\u003d (streamAddressSpace.getTrimMark())) {\n        return (getCurrentGlobalPosition()) \u003d\u003d (org.corfudb.runtime.view.Address.NON_ADDRESS) ? streamAddressSpace.getTrimMark() : getCurrentGlobalPosition();\n    } else {\n        return org.corfudb.runtime.view.Address.NON_ADDRESS;\n    }\n}",
                "dst_parent": "null"
              },
              "line": 403,
              "file": "/home/khesoem/projects/lighter/exp/runtime/src/main/java/org/corfudb/runtime/view/stream/AddressMapStreamView.java"
            }
          ]
        }
      ]
    }
  ],
  "complete_analysis": true
}