{
  "instances": [
    {
      "revision": "f1868382f8b7b8d7913cba8902b2d8f796abfb6e",
      "repairability": [
        {
          "tool-name": "Elixir",
          "pattern-name": "Elixir:Insert_Invocation",
          "Unified_Diff_of-files:": "Starts Below...",
          "CHANGE_old:": "                    correctnessLogger.trace(\"Version, {}\", versionForCorrectness);",
          "CHANGE_new:": "",
          "DELETE:": "            }",
          "instance_detail": [
            {
              "pattern_action": "INS",
              "pattern_entity": {
                "entity_type": "AbstractInvocation",
                "entity_new value": "*",
                "entity_role": "*",
                "entity_parent": "null"
              },
              "concrete_change": {
                "operator": "INS",
                "src_type": "Invocation",
                "dst_type": "null",
                "src": "getVersionUnsafe()",
                "dst": "null",
                "src_parent_type": "Invocation",
                "dst_parent_type": "null",
                "src_parent": "correctnessLogger.trace(\"Version, {}\", getVersionUnsafe())",
                "dst_parent": "null"
              },
              "line": 247,
              "file": "/home/khesoem/projects/lighter/exp/runtime/src/main/java/org/corfudb/runtime/object/VersionLockedObject.java",
              "stats": {
                "number_of_src_entities": 12,
                "number_of_dst_entities": -1,
                "src_entity_types": "[org.corfudb.runtime.object.VersionLockedObject\u003cT\u003e, org.corfudb.runtime.object.VersionLockedObject]",
                "dst_entity_types": "[]"
              }
            }
          ]
        }
      ]
    }
  ],
  "complete_analysis": true
}