{
  "instances": [
    {
      "revision": "c2adf8770f38149142b2c9df986da1c13350419b",
      "repairability": [
        {
          "tool-name": "Elixir",
          "pattern-name": "Elixir:update_invocation_deep",
          "Unified_Diff_of-files:": "Starts Below...",
          "CHANGE_old:": "    // max time allowed for listener to process a notification",
          "CHANGE_new:": "    // Max time allowed for listener to process a notification",
          "instance_detail": [
            {
              "pattern_action": "ANY",
              "pattern_entity": {
                "entity_type": "*",
                "entity_new value": "*",
                "entity_role": "*",
                "entity_parent": {
                  "entity_type": "AbstractInvocation",
                  "entity_new value": "*",
                  "entity_role": "*",
                  "entity_parent": "null"
                }
              },
              "concrete_change": {
                "operator": "UPD",
                "src_type": "TypeAccess",
                "dst_type": "TypeAccess",
                "src": "java.util.concurrent.ConcurrentHashMap",
                "dst": "java.util.Optional",
                "src_parent_type": "Invocation",
                "dst_parent_type": "Invocation",
                "src_parent": "java.util.concurrent.ConcurrentHashMap.newKeySet()",
                "dst_parent": "java.util.Optional.empty()"
              },
              "line": 145,
              "file": "/home/khesoem/projects/lighter/exp/infrastructure/src/main/java/org/corfudb/infrastructure/logreplication/runtime/CorfuLogReplicationRuntime.java",
              "stats": {
                "number_of_src_entities": 3,
                "number_of_dst_entities": 3,
                "src_entity_types": "[java.util.concurrent.ConcurrentHashMap]",
                "dst_entity_types": "[java.util.Optional]"
              }
            }
          ]
        }
      ]
    },
    {
      "revision": "c2adf8770f38149142b2c9df986da1c13350419b",
      "repairability": [
        {
          "tool-name": "Elixir",
          "pattern-name": "Elixir:update_invocation_deep",
          "Unified_Diff_of-files:": "Starts Below...",
          "CHANGE_old:": "    // max time allowed for listener to process a notification",
          "CHANGE_new:": "    // Max time allowed for listener to process a notification",
          "instance_detail": [
            {
              "pattern_action": "ANY",
              "pattern_entity": {
                "entity_type": "*",
                "entity_new value": "*",
                "entity_role": "*",
                "entity_parent": {
                  "entity_type": "AbstractInvocation",
                  "entity_new value": "*",
                  "entity_role": "*",
                  "entity_parent": "null"
                }
              },
              "concrete_change": {
                "operator": "INS",
                "src_type": "VariableRead",
                "dst_type": "null",
                "src": "endpoint",
                "dst": "null",
                "src_parent_type": "ConstructorCall",
                "dst_parent_type": "null",
                "src_parent": "new org.corfudb.infrastructure.logreplication.runtime.fsm.LogReplicationRuntimeEvent(LogReplicationRuntimeEvent.LogReplicationRuntimeEventType.ON_CONNECTION_DOWN, endpoint)",
                "dst_parent": "null"
              },
              "line": 422,
              "file": "/home/khesoem/projects/lighter/exp/infrastructure/src/main/java/org/corfudb/infrastructure/logreplication/runtime/LogReplicationClientRouter.java",
              "stats": {
                "number_of_src_entities": 4,
                "number_of_dst_entities": -1,
                "src_entity_types": "[java.lang.String]",
                "dst_entity_types": "[]"
              }
            }
          ]
        }
      ]
    },
    {
      "revision": "c2adf8770f38149142b2c9df986da1c13350419b",
      "repairability": [
        {
          "tool-name": "Elixir",
          "pattern-name": "Elixir:update_invocation_deep",
          "Unified_Diff_of-files:": "Starts Below...",
          "CHANGE_old:": "    // max time allowed for listener to process a notification",
          "CHANGE_new:": "    // Max time allowed for listener to process a notification",
          "instance_detail": [
            {
              "pattern_action": "ANY",
              "pattern_entity": {
                "entity_type": "*",
                "entity_new value": "*",
                "entity_role": "*",
                "entity_parent": {
                  "entity_type": "AbstractInvocation",
                  "entity_new value": "*",
                  "entity_role": "*",
                  "entity_parent": "null"
                }
              },
              "concrete_change": {
                "operator": "INS",
                "src_type": "FieldRead",
                "dst_type": "null",
                "src": "taskScheduler",
                "dst": "null",
                "src_parent_type": "ConstructorCall",
                "dst_parent_type": "null",
                "src_parent": "new org.corfudb.utils.lock.LockClient.ClientContext(clientId, lockStore, taskScheduler, lockListenerExecutor)",
                "dst_parent": "null"
              },
              "line": 106,
              "file": "/home/khesoem/projects/lighter/exp/utils/src/main/java/org/corfudb/utils/lock/LockClient.java",
              "stats": {
                "number_of_src_entities": 12,
                "number_of_dst_entities": -1,
                "src_entity_types": "[org.corfudb.utils.lock.LockClient]",
                "dst_entity_types": "[]"
              }
            }
          ]
        }
      ]
    }
  ],
  "complete_analysis": true
}