{
  "instances": [
    {
      "revision": "1af8f972f60423617ebacf2aa57e6a093defde22",
      "repairability": [
        {
          "tool-name": "Elixir",
          "pattern-name": "Elixir:update_type_ref",
          "Unified_Diff_of-files:": "Starts Below...",
          "CHANGE_old:": "                        return Collections.emptyList();",
          "CHANGE_new:": "",
          "INSERT:": "",
          "DELETE:": "",
          "instance_detail": [
            {
              "pattern_action": "UPD",
              "pattern_entity": {
                "entity_type": "TypeReference",
                "entity_new value": "*",
                "entity_role": "*",
                "entity_parent": "null"
              },
              "concrete_change": {
                "operator": "UPD",
                "src_type": "TypeReference",
                "dst_type": "TypeReference",
                "src": "void",
                "dst": "java.lang.Iterable\u003cT\u003e",
                "src_parent_type": "Method",
                "dst_parent_type": "Method",
                "src_parent": "private void validateSecondaryKey(java.lang.String indexPath, java.lang.String indexName, com.google.protobuf.Descriptors.FieldDescriptor fieldDescriptor) {\n}",
                "dst_parent": "private \u003cT\u003e java.lang.Iterable\u003cT\u003e processPrimitive(com.google.protobuf.Message subMessage, com.google.protobuf.Descriptors.OneofDescriptor oneOfDescriptor, com.google.protobuf.Descriptors.FieldDescriptor fieldDescriptor, java.lang.String nestedField) {\n    if (isValidField(oneOfDescriptor, subMessage, nestedField)) {\n        return java.util.Arrays.asList(((T) (org.corfudb.common.util.ClassUtils.cast(subMessage.getField(fieldDescriptor)))));\n    }\n    return java.util.Collections.emptyList();\n}"
              },
              "line": 323,
              "file": "/home/khesoem/projects/lighter/exp/runtime/src/main/java/org/corfudb/runtime/collections/ProtobufIndexer.java",
              "stats": {
                "number_of_src_entities": 1,
                "number_of_dst_entities": 3,
                "src_entity_types": "[void]",
                "dst_entity_types": "[java.lang.Iterable\u003cT\u003e]"
              }
            }
          ]
        },
        {
          "tool-name": "Elixir",
          "pattern-name": "Elixir:update_type_ref",
          "Unified_Diff_of-files:": "Starts Below...",
          "CHANGE_old:": "                        return Collections.emptyList();",
          "CHANGE_new:": "",
          "INSERT:": "",
          "DELETE:": "",
          "instance_detail": [
            {
              "pattern_action": "UPD",
              "pattern_entity": {
                "entity_type": "TypeReference",
                "entity_new value": "*",
                "entity_role": "*",
                "entity_parent": "null"
              },
              "concrete_change": {
                "operator": "UPD",
                "src_type": "TypeReference",
                "dst_type": "TypeReference",
                "src": "java.lang.String",
                "dst": "com.google.protobuf.Message",
                "src_parent_type": "ParameterReference",
                "dst_parent_type": "Parameter",
                "src_parent": "indexPath",
                "dst_parent": "com.google.protobuf.Message subMessage"
              },
              "line": 323,
              "file": "/home/khesoem/projects/lighter/exp/runtime/src/main/java/org/corfudb/runtime/collections/ProtobufIndexer.java",
              "stats": {
                "number_of_src_entities": 2,
                "number_of_dst_entities": 2,
                "src_entity_types": "[java.lang.String]",
                "dst_entity_types": "[com.google.protobuf.Message]"
              }
            }
          ]
        },
        {
          "tool-name": "Elixir",
          "pattern-name": "Elixir:check_length",
          "Unified_Diff_of-files:": "Starts Below...",
          "CHANGE_old:": "                        return Collections.emptyList();",
          "CHANGE_new:": "",
          "INSERT:": "",
          "DELETE:": "",
          "instance_detail": [
            {
              "pattern_action": "MOV",
              "pattern_entity": {
                "entity_type": "Statement",
                "entity_new value": "*",
                "entity_role": "*",
                "entity_parent": "null"
              },
              "concrete_change": {
                "operator": "MOV",
                "src_type": "Block",
                "dst_type": "Block",
                "src": "{\n    subMessage \u003d ((com.google.protobuf.Message) (subMessage.getField(nestedFieldDescriptor)));\n}",
                "dst": "{\n    return processNonPrimitive(lastNestedField);\n}",
                "src_parent_type": "If",
                "dst_parent_type": "If",
                "src_parent": "if (isValidField(oneOfDescriptor, subMessage, nestedFields[i])) {\n    subMessage \u003d ((com.google.protobuf.Message) (subMessage.getField(nestedFieldDescriptor)));\n}",
                "dst_parent": "if (!(subMessage.hasField(nestedFieldDescriptor))) {\n    return processNonPrimitive(lastNestedField);\n}"
              },
              "line": 101,
              "file": "/home/khesoem/projects/lighter/exp/runtime/src/main/java/org/corfudb/runtime/collections/ProtobufIndexer.java",
              "stats": {
                "number_of_src_entities": 22,
                "number_of_dst_entities": 19,
                "src_entity_types": "[com.google.protobuf.Message, com.google.protobuf.Descriptors.FieldDescriptor]",
                "dst_entity_types": "[boolean, org.corfudb.runtime.collections.ProtobufIndexer]"
              }
            },
            {
              "pattern_action": "INS",
              "pattern_entity": {
                "entity_type": "If",
                "entity_new value": "*",
                "entity_role": "*",
                "entity_parent": "null"
              },
              "concrete_change": {
                "operator": "INS",
                "src_type": "If",
                "dst_type": "null",
                "src": "if (!(subMessage.hasField(nestedFieldDescriptor))) {\n    return processNonPrimitive(lastNestedField);\n}",
                "dst": "null",
                "src_parent_type": "Block",
                "dst_parent_type": "null",
                "src_parent": "{\n    if (!(subMessage.hasField(nestedFieldDescriptor))) {\n        return processNonPrimitive(lastNestedField);\n    }\n    subMessage \u003d ((com.google.protobuf.Message) (subMessage.getField(nestedFieldDescriptor)));\n}",
                "dst_parent": "null"
              },
              "line": 110,
              "file": "/home/khesoem/projects/lighter/exp/runtime/src/main/java/org/corfudb/runtime/collections/ProtobufIndexer.java"
            }
          ]
        }
      ]
    }
  ],
  "complete_analysis": true
}