{
  "instances": [
    {
      "revision": "6da0f7922bee8d919e2b0c4d40ba39ed8f7fafae",
      "repairability": [
        {
          "tool-name": "Elixir",
          "pattern-name": "Elixir:loose_be",
          "Unified_Diff_of-files:": "Starts Below...",
          "CHANGE_old:": "            if (!runtime.getParameters().isBackpointersDisabled() \u0026\u0026 d.hasBackpointer(streamId)) {",
          "CHANGE_new:": "            if (d.hasBackpointer(streamId)) {",
          "instance_detail": [
            {
              "pattern_action": "DEL",
              "pattern_entity": {
                "entity_type": "BinaryOperator",
                "entity_new value": "*",
                "entity_role": "*",
                "entity_parent": {
                  "entity_type": "If",
                  "entity_new value": "*",
                  "entity_role": "*",
                  "entity_parent": "null"
                }
              },
              "concrete_change": {
                "operator": "DEL",
                "src_type": "BinaryOperator",
                "dst_type": "null",
                "src": "(!(runtime.getParameters().isBackpointersDisabled())) \u0026\u0026 (d.hasBackpointer(streamId))",
                "dst": "null",
                "src_parent_type": "If",
                "dst_parent_type": "null",
                "src_parent": "if ((!(runtime.getParameters().isBackpointersDisabled())) \u0026\u0026 (d.hasBackpointer(streamId))) {\n    long previousAddress \u003d d.getBackpointer(streamId);\n    log.trace(\"getStreamAddressMap[{}]: backpointer for {} points to {}\", streamId, startAddress, previousAddress);\n    if (((org.corfudb.runtime.view.Address.isAddress(previousAddress)) \u0026\u0026 (getCurrentContext().resolvedQueue.contains(previousAddress))) || (previousAddress \u003d\u003d (org.corfudb.runtime.view.Address.NON_EXIST))) {\n        log.trace((\"getStreamAddressMap[{}]: backpointer {} is locally present, do not request \" + \"stream address map.\"), streamId, previousAddress);\n        return true;\n    }\n}",
                "dst_parent": "null"
              },
              "line": 312,
              "file": "/home/khesoem/projects/lighter/exp/runtime/src/main/java/org/corfudb/runtime/view/stream/AddressMapStreamView.java",
              "stats": {
                "number_of_src_entities": 26,
                "number_of_dst_entities": -1,
                "src_entity_types": "[org.corfudb.protocols.wireprotocol.ILogData, org.corfudb.runtime.view.stream.runtime, java.util.UUID]",
                "dst_entity_types": "[]"
              }
            }
          ]
        }
      ]
    },
    {
      "revision": "6da0f7922bee8d919e2b0c4d40ba39ed8f7fafae",
      "repairability": [
        {
          "tool-name": "Elixir",
          "pattern-name": "Elixir:loose_be",
          "Unified_Diff_of-files:": "Starts Below...",
          "CHANGE_old:": "            if (!runtime.getParameters().isBackpointersDisabled() \u0026\u0026 d.hasBackpointer(streamId)) {",
          "CHANGE_new:": "            if (d.hasBackpointer(streamId)) {",
          "instance_detail": [
            {
              "pattern_action": "DEL",
              "pattern_entity": {
                "entity_type": "BinaryOperator",
                "entity_new value": "*",
                "entity_role": "*",
                "entity_parent": {
                  "entity_type": "If",
                  "entity_new value": "*",
                  "entity_role": "*",
                  "entity_parent": "null"
                }
              },
              "concrete_change": {
                "operator": "DEL",
                "src_type": "BinaryOperator",
                "dst_type": "null",
                "src": "(!(runtime.getParameters().isBackpointersDisabled())) \u0026\u0026 (d.hasBackpointer(streamId))",
                "dst": "null",
                "src_parent_type": "If",
                "dst_parent_type": "null",
                "src_parent": "if ((!(runtime.getParameters().isBackpointersDisabled())) \u0026\u0026 (d.hasBackpointer(streamId))) {\n    long tmp \u003d d.getBackpointer(streamId);\n    log.trace(\"followBackpointers: backpointer points to {}\", tmp);\n    if ((org.corfudb.runtime.view.Address.isAddress(tmp)) || (tmp \u003d\u003d (org.corfudb.runtime.view.Address.NON_EXIST))) {\n        currentAddress \u003d tmp;\n        singleStep \u003d false;\n        if (!startingSingleStep) {\n            log.info((\"followBackpointers[{}]: Found backpointer for this stream at address {}.\" + \"Stop single step downgrade.\"), this, currentAddress);\n            startingSingleStep \u003d true;\n        }\n    }\n}",
                "dst_parent": "null"
              },
              "line": 145,
              "file": "/home/khesoem/projects/lighter/exp/runtime/src/main/java/org/corfudb/runtime/view/stream/BackpointerStreamView.java",
              "stats": {
                "number_of_src_entities": 26,
                "number_of_dst_entities": -1,
                "src_entity_types": "[org.corfudb.protocols.wireprotocol.ILogData, org.corfudb.runtime.view.stream.runtime, java.util.UUID]",
                "dst_entity_types": "[]"
              }
            }
          ]
        }
      ]
    }
  ],
  "complete_analysis": true
}