{
  "instances": [
    {
      "revision": "e7b45a40d44317618b3f00529afac4a2889a5abe",
      "repairability": [
        {
          "tool-name": "Elixir",
          "pattern-name": "Elixir:if_null_check",
          "Unified_Diff_of-files:": "Starts Below...",
          "CHANGE_old:": "        int numRetries \u003d 3; // Since this is an internal transaction, retry a few times before giving up.",
          "CHANGE_new:": "        int numRetries \u003d 9; // Since this is an internal transaction, retry a few times before giving up.",
          "instance_detail": [
            {
              "pattern_action": "INS",
              "pattern_entity": {
                "entity_type": "*",
                "entity_new value": "null",
                "entity_role": "*",
                "entity_parent": {
                  "entity_type": "BinaryOperator",
                  "entity_new value": "*",
                  "entity_role": "condition",
                  "entity_parent": {
                    "entity_type": "If",
                    "entity_new value": "*",
                    "entity_role": "*",
                    "entity_parent": "null"
                  }
                }
              },
              "concrete_change": {
                "operator": "INS",
                "src_type": "Literal",
                "dst_type": "null",
                "src": "null",
                "dst": "null",
                "src_parent_type": "BinaryOperator",
                "dst_parent_type": "null",
                "src_parent": "(activeServer) !\u003d null",
                "dst_parent": "null"
              },
              "line": 342,
              "file": "/home/khesoem/projects/lighter/exp/infrastructure/src/main/java/org/corfudb/infrastructure/logreplication/infrastructure/CorfuInterClusterReplicationServer.java"
            },
            {
              "pattern_action": "MOV",
              "pattern_entity": {
                "entity_type": "Statement",
                "entity_new value": "*",
                "entity_role": "*",
                "entity_parent": "null"
              },
              "concrete_change": {
                "operator": "MOV",
                "src_type": "Invocation",
                "dst_type": "Invocation",
                "src": "activeServer.close()",
                "dst": "activeServer.close()",
                "src_parent_type": "Block",
                "dst_parent_type": "Block",
                "src_parent": "{\n    log.info(\"CleanShutdown: Starting Cleanup.\");\n    shutdownServer \u003d true;\n    activeServer.close();\n    if ((replicationDiscoveryService) !\u003d null) {\n        replicationDiscoveryService.shutdown();\n    }\n}",
                "dst_parent": "{\n    activeServer.close();\n}"
              },
              "line": 340,
              "file": "/home/khesoem/projects/lighter/exp/infrastructure/src/main/java/org/corfudb/infrastructure/logreplication/infrastructure/CorfuInterClusterReplicationServer.java",
              "stats": {
                "number_of_src_entities": 16,
                "number_of_dst_entities": 16,
                "src_entity_types": "[org.corfudb.infrastructure.logreplication.infrastructure.CorfuInterClusterReplicationServer, org.corfudb.infrastructure.logreplication.infrastructure.CorfuInterClusterReplicationServerNode]",
                "dst_entity_types": "[org.corfudb.infrastructure.logreplication.infrastructure.CorfuInterClusterReplicationServer, org.corfudb.infrastructure.logreplication.infrastructure.CorfuInterClusterReplicationServerNode]"
              }
            },
            {
              "pattern_action": "INS",
              "pattern_entity": {
                "entity_type": "If",
                "entity_new value": "*",
                "entity_role": "*",
                "entity_parent": "null"
              },
              "concrete_change": {
                "operator": "INS",
                "src_type": "If",
                "dst_type": "null",
                "src": "if ((activeServer) !\u003d null) {\n    activeServer.close();\n}",
                "dst": "null",
                "src_parent_type": "Block",
                "dst_parent_type": "null",
                "src_parent": "{\n    log.info(\"CleanShutdown: Starting Cleanup.\");\n    shutdownServer \u003d true;\n    if ((activeServer) !\u003d null) {\n        activeServer.close();\n    }\n    if ((replicationDiscoveryService) !\u003d null) {\n        replicationDiscoveryService.shutdown();\n    }\n    org.corfudb.infrastructure.logreplication.infrastructure.CorfuInterClusterReplicationServer.flushAsyncLogAppender();\n}",
                "dst_parent": "null"
              },
              "line": 342,
              "file": "/home/khesoem/projects/lighter/exp/infrastructure/src/main/java/org/corfudb/infrastructure/logreplication/infrastructure/CorfuInterClusterReplicationServer.java",
              "stats": {
                "number_of_src_entities": 33,
                "number_of_dst_entities": -1,
                "src_entity_types": "[org.corfudb.infrastructure.logreplication.infrastructure.CorfuInterClusterReplicationServer, org.corfudb.infrastructure.logreplication.infrastructure.CorfuInterClusterReplicationServerNode, \u003cnulltype\u003e]",
                "dst_entity_types": "[]"
              }
            }
          ]
        },
        {
          "tool-name": "Elixir",
          "pattern-name": "Elixir:check_length",
          "Unified_Diff_of-files:": "Starts Below...",
          "CHANGE_old:": "        int numRetries \u003d 3; // Since this is an internal transaction, retry a few times before giving up.",
          "CHANGE_new:": "        int numRetries \u003d 9; // Since this is an internal transaction, retry a few times before giving up.",
          "instance_detail": [
            {
              "pattern_action": "INS",
              "pattern_entity": {
                "entity_type": "If",
                "entity_new value": "*",
                "entity_role": "*",
                "entity_parent": "null"
              },
              "concrete_change": {
                "operator": "INS",
                "src_type": "If",
                "dst_type": "null",
                "src": "if ((activeServer) !\u003d null) {\n    activeServer.close();\n}",
                "dst": "null",
                "src_parent_type": "Block",
                "dst_parent_type": "null",
                "src_parent": "{\n    log.info(\"CleanShutdown: Starting Cleanup.\");\n    shutdownServer \u003d true;\n    if ((activeServer) !\u003d null) {\n        activeServer.close();\n    }\n    if ((replicationDiscoveryService) !\u003d null) {\n        replicationDiscoveryService.shutdown();\n    }\n    org.corfudb.infrastructure.logreplication.infrastructure.CorfuInterClusterReplicationServer.flushAsyncLogAppender();\n}",
                "dst_parent": "null"
              },
              "line": 342,
              "file": "/home/khesoem/projects/lighter/exp/infrastructure/src/main/java/org/corfudb/infrastructure/logreplication/infrastructure/CorfuInterClusterReplicationServer.java",
              "stats": {
                "number_of_src_entities": 33,
                "number_of_dst_entities": -1,
                "src_entity_types": "[org.corfudb.infrastructure.logreplication.infrastructure.CorfuInterClusterReplicationServer, org.corfudb.infrastructure.logreplication.infrastructure.CorfuInterClusterReplicationServerNode, \u003cnulltype\u003e]",
                "dst_entity_types": "[]"
              }
            },
            {
              "pattern_action": "MOV",
              "pattern_entity": {
                "entity_type": "Statement",
                "entity_new value": "*",
                "entity_role": "*",
                "entity_parent": "null"
              },
              "concrete_change": {
                "operator": "MOV",
                "src_type": "Invocation",
                "dst_type": "Invocation",
                "src": "activeServer.close()",
                "dst": "activeServer.close()",
                "src_parent_type": "Block",
                "dst_parent_type": "Block",
                "src_parent": "{\n    log.info(\"CleanShutdown: Starting Cleanup.\");\n    shutdownServer \u003d true;\n    activeServer.close();\n    if ((replicationDiscoveryService) !\u003d null) {\n        replicationDiscoveryService.shutdown();\n    }\n}",
                "dst_parent": "{\n    activeServer.close();\n}"
              },
              "line": 340,
              "file": "/home/khesoem/projects/lighter/exp/infrastructure/src/main/java/org/corfudb/infrastructure/logreplication/infrastructure/CorfuInterClusterReplicationServer.java",
              "stats": {
                "number_of_src_entities": 16,
                "number_of_dst_entities": 16,
                "src_entity_types": "[org.corfudb.infrastructure.logreplication.infrastructure.CorfuInterClusterReplicationServer, org.corfudb.infrastructure.logreplication.infrastructure.CorfuInterClusterReplicationServerNode]",
                "dst_entity_types": "[org.corfudb.infrastructure.logreplication.infrastructure.CorfuInterClusterReplicationServer, org.corfudb.infrastructure.logreplication.infrastructure.CorfuInterClusterReplicationServerNode]"
              }
            }
          ]
        }
      ]
    }
  ],
  "complete_analysis": true
}