{
  "instances": [
    {
      "revision": "7752ea7a48fff41e794029d310e7093374ab4a3b",
      "repairability": [
        {
          "tool-name": "JMutRepair",
          "pattern-name": "JMutRepair:unary",
          "Unified_Diff_of-files:": "Starts Below...",
          "CHANGE_old:": "",
          "CHANGE_new:": "            Class\u0026lt;?\u0026gt; subclass, boolean relaxedCompatibilityCheck)",
          "INSERT:": "        }",
          "instance_detail": [
            {
              "pattern_action": "ANY",
              "pattern_entity": {
                "entity_type": "UnaryOperator",
                "entity_new value": "*",
                "entity_role": "*",
                "entity_parent": {
                  "entity_type": "If",
                  "entity_new value": "*",
                  "entity_role": "*",
                  "entity_parent": "null"
                }
              },
              "concrete_change": {
                "operator": "INS",
                "src_type": "UnaryOperator",
                "dst_type": "null",
                "src": "!relaxedCompatibilityCheck",
                "dst": "null",
                "src_parent_type": "If",
                "dst_parent_type": "null",
                "src_parent": "if (!relaxedCompatibilityCheck) {\n    throw new java.lang.IllegalArgumentException((((((\"Failed to specialize base type \" + (baseType.toCanonical())) + \" as \") + (subclass.getName())) + \", problem: \") + error));\n}",
                "dst_parent": "null"
              },
              "line": 486,
              "file": "/home/khesoem/projects/lighter/exp/src/main/java/com/fasterxml/jackson/databind/type/TypeFactory.java"
            }
          ]
        }
      ]
    }
  ],
  "complete_analysis": true
}