{
  "instances": [
    {
      "revision": "657a6d254278e9f81f4574b0eca3a9b69cd9b5ba",
      "repairability": [
        {
          "tool-name": "Arja",
          "pattern-name": "Arja:arja_shallow_change",
          "Unified_Diff_of-files:": "Starts Below...",
          "CHANGE_old:": "    public static class RelationalSnapshotContext extends SnapshotContext {",
          "CHANGE_new:": "    public static class RelationalSnapshotContext\u0026lt;O extends OffsetContext\u0026gt; extends SnapshotContext\u0026lt;O\u0026gt; {",
          "DELETE:": "        this.previousOffset \u003d previousOffset;",
          "instance_detail": [
            {
              "pattern_action": "ANY",
              "pattern_entity": {
                "entity_type": "Statement",
                "entity_new value": "*",
                "entity_role": "*",
                "entity_parent": "null"
              },
              "concrete_change": {
                "operator": "DEL",
                "src_type": "Assignment",
                "dst_type": "null",
                "src": "this.offsetContext \u003d offsetContext",
                "dst": "null",
                "src_parent_type": "Block",
                "dst_parent_type": "null",
                "src_parent": "{\n    this.connectorConfig \u003d connectorConfig;\n    this.dataConnection \u003d dataConnection;\n    this.metadataConnection \u003d metadataConnection;\n    this.dispatcher \u003d dispatcher;\n    this.errorHandler \u003d errorHandler;\n    this.clock \u003d clock;\n    this.schema \u003d schema;\n    this.offsetContext \u003d offsetContext;\n    this.pollInterval \u003d connectorConfig.getPollInterval();\n    final java.time.Duration intervalBetweenCommitsBasedOnPoll \u003d this.pollInterval.multipliedBy(io.debezium.connector.sqlserver.SqlServerStreamingChangeEventSource.INTERVAL_BETWEEN_COMMITS_BASED_ON_POLL_FACTOR);\n    this.pauseBetweenCommits \u003d io.debezium.util.ElapsedTimeStrategy.constant(clock, ((io.debezium.connector.sqlserver.SqlServerStreamingChangeEventSource.DEFAULT_INTERVAL_BETWEEN_COMMITS.compareTo(intervalBetweenCommitsBasedOnPoll)) \u003e 0 ? io.debezium.connector.sqlserver.SqlServerStreamingChangeEventSource.DEFAULT_INTERVAL_BETWEEN_COMMITS.toMillis() : intervalBetweenCommitsBasedOnPoll.toMillis()));\n    this.pauseBetweenCommits.hasElapsed();\n}",
                "dst_parent": "null"
              },
              "line": 101,
              "file": "/home/khesoem/projects/lighter/exp/debezium-connector-sqlserver/src/main/java/io/debezium/connector/sqlserver/SqlServerStreamingChangeEventSource.java",
              "stats": {
                "number_of_src_entities": 17,
                "number_of_dst_entities": -1,
                "src_entity_types": "[io.debezium.connector.sqlserver.SqlServerStreamingChangeEventSource, io.debezium.connector.sqlserver.SqlServerOffsetContext]",
                "dst_entity_types": "[]"
              }
            }
          ]
        },
        {
          "tool-name": "Arja",
          "pattern-name": "Arja:arja_deep_change",
          "Unified_Diff_of-files:": "Starts Below...",
          "CHANGE_old:": "    public static class RelationalSnapshotContext extends SnapshotContext {",
          "CHANGE_new:": "    public static class RelationalSnapshotContext\u0026lt;O extends OffsetContext\u0026gt; extends SnapshotContext\u0026lt;O\u0026gt; {",
          "DELETE:": "        this.previousOffset \u003d previousOffset;",
          "instance_detail": [
            {
              "pattern_action": "ANY",
              "pattern_entity": {
                "entity_type": "*",
                "entity_new value": "*",
                "entity_role": "*",
                "entity_parent": {
                  "entity_type": "Statement",
                  "entity_new value": "*",
                  "entity_role": "*",
                  "entity_parent": "null"
                }
              },
              "concrete_change": {
                "operator": "INS",
                "src_type": "VariableRead",
                "dst_type": "null",
                "src": "offsetContext",
                "dst": "null",
                "src_parent_type": "ConstructorCall",
                "dst_parent_type": "null",
                "src_parent": "new io.debezium.connector.sqlserver.SqlServerSchemaChangeEventEmitter(offsetContext, newTable, tableSchema, io.debezium.schema.SchemaChangeEvent.SchemaChangeEventType.ALTER)",
                "dst_parent": "null"
              },
              "line": 311,
              "file": "/home/khesoem/projects/lighter/exp/debezium-connector-sqlserver/src/main/java/io/debezium/connector/sqlserver/SqlServerStreamingChangeEventSource.java",
              "stats": {
                "number_of_src_entities": 4,
                "number_of_dst_entities": -1,
                "src_entity_types": "[io.debezium.connector.sqlserver.SqlServerOffsetContext]",
                "dst_entity_types": "[]"
              }
            }
          ]
        },
        {
          "tool-name": "Arja",
          "pattern-name": "Arja:arja_deep_change",
          "Unified_Diff_of-files:": "Starts Below...",
          "CHANGE_old:": "    public static class RelationalSnapshotContext extends SnapshotContext {",
          "CHANGE_new:": "    public static class RelationalSnapshotContext\u0026lt;O extends OffsetContext\u0026gt; extends SnapshotContext\u0026lt;O\u0026gt; {",
          "DELETE:": "        this.previousOffset \u003d previousOffset;",
          "instance_detail": [
            {
              "pattern_action": "ANY",
              "pattern_entity": {
                "entity_type": "*",
                "entity_new value": "*",
                "entity_role": "*",
                "entity_parent": {
                  "entity_type": "Statement",
                  "entity_new value": "*",
                  "entity_role": "*",
                  "entity_parent": "null"
                }
              },
              "concrete_change": {
                "operator": "INS",
                "src_type": "VariableRead",
                "dst_type": "null",
                "src": "offsetContext",
                "dst": "null",
                "src_parent_type": "Invocation",
                "dst_parent_type": "null",
                "src_parent": "offsetContext.getChangePosition()",
                "dst_parent": "null"
              },
              "line": 121,
              "file": "/home/khesoem/projects/lighter/exp/debezium-connector-sqlserver/src/main/java/io/debezium/connector/sqlserver/SqlServerStreamingChangeEventSource.java",
              "stats": {
                "number_of_src_entities": 4,
                "number_of_dst_entities": -1,
                "src_entity_types": "[io.debezium.connector.sqlserver.SqlServerOffsetContext]",
                "dst_entity_types": "[]"
              }
            }
          ]
        },
        {
          "tool-name": "Arja",
          "pattern-name": "Arja:arja_deep_change",
          "Unified_Diff_of-files:": "Starts Below...",
          "CHANGE_old:": "    public static class RelationalSnapshotContext extends SnapshotContext {",
          "CHANGE_new:": "    public static class RelationalSnapshotContext\u0026lt;O extends OffsetContext\u0026gt; extends SnapshotContext\u0026lt;O\u0026gt; {",
          "DELETE:": "        this.previousOffset \u003d previousOffset;",
          "instance_detail": [
            {
              "pattern_action": "ANY",
              "pattern_entity": {
                "entity_type": "*",
                "entity_new value": "*",
                "entity_role": "*",
                "entity_parent": {
                  "entity_type": "Statement",
                  "entity_new value": "*",
                  "entity_role": "*",
                  "entity_parent": "null"
                }
              },
              "concrete_change": {
                "operator": "INS",
                "src_type": "VariableRead",
                "dst_type": "null",
                "src": "offsetContext",
                "dst": "null",
                "src_parent_type": "Invocation",
                "dst_parent_type": "null",
                "src_parent": "offsetContext.getEventSerialNo()",
                "dst_parent": "null"
              },
              "line": 122,
              "file": "/home/khesoem/projects/lighter/exp/debezium-connector-sqlserver/src/main/java/io/debezium/connector/sqlserver/SqlServerStreamingChangeEventSource.java",
              "stats": {
                "number_of_src_entities": 4,
                "number_of_dst_entities": -1,
                "src_entity_types": "[io.debezium.connector.sqlserver.SqlServerOffsetContext]",
                "dst_entity_types": "[]"
              }
            }
          ]
        },
        {
          "tool-name": "Arja",
          "pattern-name": "Arja:arja_deep_change",
          "Unified_Diff_of-files:": "Starts Below...",
          "CHANGE_old:": "    public static class RelationalSnapshotContext extends SnapshotContext {",
          "CHANGE_new:": "    public static class RelationalSnapshotContext\u0026lt;O extends OffsetContext\u0026gt; extends SnapshotContext\u0026lt;O\u0026gt; {",
          "DELETE:": "        this.previousOffset \u003d previousOffset;",
          "instance_detail": [
            {
              "pattern_action": "ANY",
              "pattern_entity": {
                "entity_type": "*",
                "entity_new value": "*",
                "entity_role": "*",
                "entity_parent": {
                  "entity_type": "Statement",
                  "entity_new value": "*",
                  "entity_role": "*",
                  "entity_parent": "null"
                }
              },
              "concrete_change": {
                "operator": "INS",
                "src_type": "VariableRead",
                "dst_type": "null",
                "src": "offsetContext",
                "dst": "null",
                "src_parent_type": "Invocation",
                "dst_parent_type": "null",
                "src_parent": "offsetContext.isSnapshotCompleted()",
                "dst_parent": "null"
              },
              "line": 131,
              "file": "/home/khesoem/projects/lighter/exp/debezium-connector-sqlserver/src/main/java/io/debezium/connector/sqlserver/SqlServerStreamingChangeEventSource.java",
              "stats": {
                "number_of_src_entities": 4,
                "number_of_dst_entities": -1,
                "src_entity_types": "[io.debezium.connector.sqlserver.SqlServerOffsetContext]",
                "dst_entity_types": "[]"
              }
            }
          ]
        },
        {
          "tool-name": "Arja",
          "pattern-name": "Arja:arja_deep_change",
          "Unified_Diff_of-files:": "Starts Below...",
          "CHANGE_old:": "    public static class RelationalSnapshotContext extends SnapshotContext {",
          "CHANGE_new:": "    public static class RelationalSnapshotContext\u0026lt;O extends OffsetContext\u0026gt; extends SnapshotContext\u0026lt;O\u0026gt; {",
          "DELETE:": "        this.previousOffset \u003d previousOffset;",
          "instance_detail": [
            {
              "pattern_action": "ANY",
              "pattern_entity": {
                "entity_type": "*",
                "entity_new value": "*",
                "entity_role": "*",
                "entity_parent": {
                  "entity_type": "Statement",
                  "entity_new value": "*",
                  "entity_role": "*",
                  "entity_parent": "null"
                }
              },
              "concrete_change": {
                "operator": "INS",
                "src_type": "VariableRead",
                "dst_type": "null",
                "src": "offsetContext",
                "dst": "null",
                "src_parent_type": "Invocation",
                "dst_parent_type": "null",
                "src_parent": "offsetContext.event(currentTable.getSourceTableId(), java.time.Instant.now())",
                "dst_parent": "null"
              },
              "line": 371,
              "file": "/home/khesoem/projects/lighter/exp/debezium-connector-sqlserver/src/main/java/io/debezium/connector/sqlserver/SqlServerStreamingChangeEventSource.java",
              "stats": {
                "number_of_src_entities": 4,
                "number_of_dst_entities": -1,
                "src_entity_types": "[io.debezium.connector.sqlserver.SqlServerOffsetContext]",
                "dst_entity_types": "[]"
              }
            }
          ]
        },
        {
          "tool-name": "Arja",
          "pattern-name": "Arja:arja_deep_change",
          "Unified_Diff_of-files:": "Starts Below...",
          "CHANGE_old:": "    public static class RelationalSnapshotContext extends SnapshotContext {",
          "CHANGE_new:": "    public static class RelationalSnapshotContext\u0026lt;O extends OffsetContext\u0026gt; extends SnapshotContext\u0026lt;O\u0026gt; {",
          "DELETE:": "        this.previousOffset \u003d previousOffset;",
          "instance_detail": [
            {
              "pattern_action": "ANY",
              "pattern_entity": {
                "entity_type": "*",
                "entity_new value": "*",
                "entity_role": "*",
                "entity_parent": {
                  "entity_type": "Statement",
                  "entity_new value": "*",
                  "entity_role": "*",
                  "entity_parent": "null"
                }
              },
              "concrete_change": {
                "operator": "INS",
                "src_type": "VariableRead",
                "dst_type": "null",
                "src": "offsetContext",
                "dst": "null",
                "src_parent_type": "ConstructorCall",
                "dst_parent_type": "null",
                "src_parent": "new io.debezium.connector.sqlserver.SqlServerSchemaChangeEventEmitter(offsetContext, currentTable, dataConnection.getTableSchemaFromTable(currentTable), io.debezium.schema.SchemaChangeEvent.SchemaChangeEventType.CREATE)",
                "dst_parent": "null"
              },
              "line": 377,
              "file": "/home/khesoem/projects/lighter/exp/debezium-connector-sqlserver/src/main/java/io/debezium/connector/sqlserver/SqlServerStreamingChangeEventSource.java",
              "stats": {
                "number_of_src_entities": 4,
                "number_of_dst_entities": -1,
                "src_entity_types": "[io.debezium.connector.sqlserver.SqlServerOffsetContext]",
                "dst_entity_types": "[]"
              }
            }
          ]
        },
        {
          "tool-name": "Arja",
          "pattern-name": "Arja:arja_deep_change",
          "Unified_Diff_of-files:": "Starts Below...",
          "CHANGE_old:": "    public static class RelationalSnapshotContext extends SnapshotContext {",
          "CHANGE_new:": "    public static class RelationalSnapshotContext\u0026lt;O extends OffsetContext\u0026gt; extends SnapshotContext\u0026lt;O\u0026gt; {",
          "DELETE:": "        this.previousOffset \u003d previousOffset;",
          "instance_detail": [
            {
              "pattern_action": "ANY",
              "pattern_entity": {
                "entity_type": "*",
                "entity_new value": "*",
                "entity_role": "*",
                "entity_parent": {
                  "entity_type": "Statement",
                  "entity_new value": "*",
                  "entity_role": "*",
                  "entity_parent": "null"
                }
              },
              "concrete_change": {
                "operator": "INS",
                "src_type": "VariableRead",
                "dst_type": "null",
                "src": "offsetContext",
                "dst": "null",
                "src_parent_type": "Invocation",
                "dst_parent_type": "null",
                "src_parent": "offsetContext.setChangePosition(tableWithSmallestLsn.getChangePosition(), eventCount)",
                "dst_parent": "null"
              },
              "line": 263,
              "file": "/home/khesoem/projects/lighter/exp/debezium-connector-sqlserver/src/main/java/io/debezium/connector/sqlserver/SqlServerStreamingChangeEventSource.java",
              "stats": {
                "number_of_src_entities": 2,
                "number_of_dst_entities": -1,
                "src_entity_types": "[]",
                "dst_entity_types": "[]"
              }
            }
          ]
        },
        {
          "tool-name": "Arja",
          "pattern-name": "Arja:arja_deep_change",
          "Unified_Diff_of-files:": "Starts Below...",
          "CHANGE_old:": "    public static class RelationalSnapshotContext extends SnapshotContext {",
          "CHANGE_new:": "    public static class RelationalSnapshotContext\u0026lt;O extends OffsetContext\u0026gt; extends SnapshotContext\u0026lt;O\u0026gt; {",
          "DELETE:": "        this.previousOffset \u003d previousOffset;",
          "instance_detail": [
            {
              "pattern_action": "ANY",
              "pattern_entity": {
                "entity_type": "*",
                "entity_new value": "*",
                "entity_role": "*",
                "entity_parent": {
                  "entity_type": "Statement",
                  "entity_new value": "*",
                  "entity_role": "*",
                  "entity_parent": "null"
                }
              },
              "concrete_change": {
                "operator": "INS",
                "src_type": "VariableRead",
                "dst_type": "null",
                "src": "offsetContext",
                "dst": "null",
                "src_parent_type": "Invocation",
                "dst_parent_type": "null",
                "src_parent": "offsetContext.event(tableWithSmallestLsn.getChangeTable().getSourceTableId(), connectorConfig.getSourceTimestampMode().getTimestamp(metadataConnection, clock, tableWithSmallestLsn.getResultSet()))",
                "dst_parent": "null"
              },
              "line": 264,
              "file": "/home/khesoem/projects/lighter/exp/debezium-connector-sqlserver/src/main/java/io/debezium/connector/sqlserver/SqlServerStreamingChangeEventSource.java",
              "stats": {
                "number_of_src_entities": 2,
                "number_of_dst_entities": -1,
                "src_entity_types": "[]",
                "dst_entity_types": "[]"
              }
            }
          ]
        },
        {
          "tool-name": "Arja",
          "pattern-name": "Arja:arja_deep_change",
          "Unified_Diff_of-files:": "Starts Below...",
          "CHANGE_old:": "    public static class RelationalSnapshotContext extends SnapshotContext {",
          "CHANGE_new:": "    public static class RelationalSnapshotContext\u0026lt;O extends OffsetContext\u0026gt; extends SnapshotContext\u0026lt;O\u0026gt; {",
          "DELETE:": "        this.previousOffset \u003d previousOffset;",
          "instance_detail": [
            {
              "pattern_action": "ANY",
              "pattern_entity": {
                "entity_type": "*",
                "entity_new value": "*",
                "entity_role": "*",
                "entity_parent": {
                  "entity_type": "Statement",
                  "entity_new value": "*",
                  "entity_role": "*",
                  "entity_parent": "null"
                }
              },
              "concrete_change": {
                "operator": "INS",
                "src_type": "VariableRead",
                "dst_type": "null",
                "src": "offsetContext",
                "dst": "null",
                "src_parent_type": "ConstructorCall",
                "dst_parent_type": "null",
                "src_parent": "new io.debezium.connector.sqlserver.SqlServerChangeRecordEmitter(offsetContext, operation, data, dataNext, clock)",
                "dst_parent": "null"
              },
              "line": 273,
              "file": "/home/khesoem/projects/lighter/exp/debezium-connector-sqlserver/src/main/java/io/debezium/connector/sqlserver/SqlServerStreamingChangeEventSource.java",
              "stats": {
                "number_of_src_entities": 2,
                "number_of_dst_entities": -1,
                "src_entity_types": "[]",
                "dst_entity_types": "[]"
              }
            }
          ]
        }
      ]
    },
    {
      "revision": "657a6d254278e9f81f4574b0eca3a9b69cd9b5ba",
      "repairability": [
        {
          "tool-name": "Arja",
          "pattern-name": "Arja:arja_shallow_change",
          "Unified_Diff_of-files:": "Starts Below...",
          "CHANGE_old:": "    public static class RelationalSnapshotContext extends SnapshotContext {",
          "CHANGE_new:": "    public static class RelationalSnapshotContext\u0026lt;O extends OffsetContext\u0026gt; extends SnapshotContext\u0026lt;O\u0026gt; {",
          "DELETE:": "        this.previousOffset \u003d previousOffset;",
          "instance_detail": [
            {
              "pattern_action": "ANY",
              "pattern_entity": {
                "entity_type": "Statement",
                "entity_new value": "*",
                "entity_role": "*",
                "entity_parent": "null"
              },
              "concrete_change": {
                "operator": "DEL",
                "src_type": "Assignment",
                "dst_type": "null",
                "src": "this.previousOffset \u003d previousOffset",
                "dst": "null",
                "src_parent_type": "Block",
                "dst_parent_type": "null",
                "src_parent": "{\n    super(connectorConfig, previousOffset, snapshotProgressListener);\n    this.connectorConfig \u003d connectorConfig;\n    this.previousOffset \u003d previousOffset;\n    this.jdbcConnection \u003d jdbcConnection;\n    this.schema \u003d schema;\n    this.dispatcher \u003d dispatcher;\n    this.clock \u003d clock;\n    this.snapshotProgressListener \u003d snapshotProgressListener;\n}",
                "dst_parent": "null"
              },
              "line": 75,
              "file": "/home/khesoem/projects/lighter/exp/debezium-core/src/main/java/io/debezium/relational/RelationalSnapshotChangeEventSource.java",
              "stats": {
                "number_of_src_entities": 17,
                "number_of_dst_entities": -1,
                "src_entity_types": "[io.debezium.pipeline.spi.OffsetContext, io.debezium.relational.RelationalSnapshotChangeEventSource]",
                "dst_entity_types": "[]"
              }
            }
          ]
        },
        {
          "tool-name": "Arja",
          "pattern-name": "Arja:arja_deep_change",
          "Unified_Diff_of-files:": "Starts Below...",
          "CHANGE_old:": "    public static class RelationalSnapshotContext extends SnapshotContext {",
          "CHANGE_new:": "    public static class RelationalSnapshotContext\u0026lt;O extends OffsetContext\u0026gt; extends SnapshotContext\u0026lt;O\u0026gt; {",
          "DELETE:": "        this.previousOffset \u003d previousOffset;",
          "instance_detail": [
            {
              "pattern_action": "ANY",
              "pattern_entity": {
                "entity_type": "*",
                "entity_new value": "*",
                "entity_role": "*",
                "entity_parent": {
                  "entity_type": "Statement",
                  "entity_new value": "*",
                  "entity_role": "*",
                  "entity_parent": "null"
                }
              },
              "concrete_change": {
                "operator": "INS",
                "src_type": "VariableRead",
                "dst_type": "null",
                "src": "previousOffset",
                "dst": "null",
                "src_parent_type": "Invocation",
                "dst_parent_type": "null",
                "src_parent": "(previousOffset.isSnapshotRunning())",
                "dst_parent": "null"
              },
              "line": 96,
              "file": "/home/khesoem/projects/lighter/exp/debezium-core/src/main/java/io/debezium/relational/RelationalSnapshotChangeEventSource.java",
              "stats": {
                "number_of_src_entities": 3,
                "number_of_dst_entities": -1,
                "src_entity_types": "[]",
                "dst_entity_types": "[]"
              }
            }
          ]
        }
      ]
    },
    {
      "revision": "657a6d254278e9f81f4574b0eca3a9b69cd9b5ba",
      "repairability": [
        {
          "tool-name": "Arja",
          "pattern-name": "Arja:arja_shallow_change",
          "Unified_Diff_of-files:": "Starts Below...",
          "CHANGE_old:": "    public static class RelationalSnapshotContext extends SnapshotContext {",
          "CHANGE_new:": "    public static class RelationalSnapshotContext\u0026lt;O extends OffsetContext\u0026gt; extends SnapshotContext\u0026lt;O\u0026gt; {",
          "DELETE:": "        this.previousOffset \u003d previousOffset;",
          "instance_detail": [
            {
              "pattern_action": "ANY",
              "pattern_entity": {
                "entity_type": "Statement",
                "entity_new value": "*",
                "entity_role": "*",
                "entity_parent": "null"
              },
              "concrete_change": {
                "operator": "DEL",
                "src_type": "Assignment",
                "dst_type": "null",
                "src": "this.offsetContext \u003d offsetContext",
                "dst": "null",
                "src_parent_type": "Block",
                "dst_parent_type": "null",
                "src_parent": "{\n    this.jdbcConnection \u003d jdbcConnection;\n    this.dispatcher \u003d dispatcher;\n    this.clock \u003d clock;\n    this.schema \u003d schema;\n    this.offsetContext \u003d offsetContext;\n    this.connectorConfig \u003d connectorConfig;\n    this.strategy \u003d connectorConfig.getLogMiningStrategy();\n    this.isContinuousMining \u003d connectorConfig.isContinuousMining();\n    this.errorHandler \u003d errorHandler;\n    this.streamingMetrics \u003d streamingMetrics;\n    this.jdbcConfiguration \u003d io.debezium.jdbc.JdbcConfiguration.adapt(jdbcConfig);\n    this.isRac \u003d connectorConfig.isRacSystem();\n    if (this.isRac) {\n        this.racHosts.addAll(connectorConfig.getRacNodes().stream().map(java.lang.String::toUpperCase).collect(java.util.stream.Collectors.toSet()));\n        io.debezium.connector.oracle.logminer.LogMinerHelper.instantiateFlushConnections(jdbcConfiguration, racHosts);\n    }\n    this.archiveLogRetention \u003d connectorConfig.getLogMiningArchiveLogRetention();\n    this.archiveLogOnlyMode \u003d connectorConfig.isArchiveLogOnlyMode();\n}",
                "dst_parent": "null"
              },
              "line": 95,
              "file": "/home/khesoem/projects/lighter/exp/debezium-connector-oracle/src/main/java/io/debezium/connector/oracle/logminer/LogMinerStreamingChangeEventSource.java",
              "stats": {
                "number_of_src_entities": 17,
                "number_of_dst_entities": -1,
                "src_entity_types": "[io.debezium.connector.oracle.OracleOffsetContext, io.debezium.connector.oracle.logminer.LogMinerStreamingChangeEventSource]",
                "dst_entity_types": "[]"
              }
            }
          ]
        },
        {
          "tool-name": "Arja",
          "pattern-name": "Arja:arja_deep_change",
          "Unified_Diff_of-files:": "Starts Below...",
          "CHANGE_old:": "    public static class RelationalSnapshotContext extends SnapshotContext {",
          "CHANGE_new:": "    public static class RelationalSnapshotContext\u0026lt;O extends OffsetContext\u0026gt; extends SnapshotContext\u0026lt;O\u0026gt; {",
          "DELETE:": "        this.previousOffset \u003d previousOffset;",
          "instance_detail": [
            {
              "pattern_action": "ANY",
              "pattern_entity": {
                "entity_type": "*",
                "entity_new value": "*",
                "entity_role": "*",
                "entity_parent": {
                  "entity_type": "Statement",
                  "entity_new value": "*",
                  "entity_role": "*",
                  "entity_parent": "null"
                }
              },
              "concrete_change": {
                "operator": "INS",
                "src_type": "VariableRead",
                "dst_type": "null",
                "src": "offsetContext",
                "dst": "null",
                "src_parent_type": "Invocation",
                "dst_parent_type": "null",
                "src_parent": "offsetContext.getScn()",
                "dst_parent": "null"
              },
              "line": 119,
              "file": "/home/khesoem/projects/lighter/exp/debezium-connector-oracle/src/main/java/io/debezium/connector/oracle/logminer/LogMinerStreamingChangeEventSource.java",
              "stats": {
                "number_of_src_entities": 4,
                "number_of_dst_entities": -1,
                "src_entity_types": "[io.debezium.connector.oracle.OracleOffsetContext]",
                "dst_entity_types": "[]"
              }
            }
          ]
        },
        {
          "tool-name": "Arja",
          "pattern-name": "Arja:arja_deep_change",
          "Unified_Diff_of-files:": "Starts Below...",
          "CHANGE_old:": "    public static class RelationalSnapshotContext extends SnapshotContext {",
          "CHANGE_new:": "    public static class RelationalSnapshotContext\u0026lt;O extends OffsetContext\u0026gt; extends SnapshotContext\u0026lt;O\u0026gt; {",
          "DELETE:": "        this.previousOffset \u003d previousOffset;",
          "instance_detail": [
            {
              "pattern_action": "ANY",
              "pattern_entity": {
                "entity_type": "*",
                "entity_new value": "*",
                "entity_role": "*",
                "entity_parent": {
                  "entity_type": "Statement",
                  "entity_new value": "*",
                  "entity_role": "*",
                  "entity_parent": "null"
                }
              },
              "concrete_change": {
                "operator": "INS",
                "src_type": "VariableRead",
                "dst_type": "null",
                "src": "offsetContext",
                "dst": "null",
                "src_parent_type": "Invocation",
                "dst_parent_type": "null",
                "src_parent": "offsetContext.getScn()",
                "dst_parent": "null"
              },
              "line": 206,
              "file": "/home/khesoem/projects/lighter/exp/debezium-connector-oracle/src/main/java/io/debezium/connector/oracle/logminer/LogMinerStreamingChangeEventSource.java",
              "stats": {
                "number_of_src_entities": 4,
                "number_of_dst_entities": -1,
                "src_entity_types": "[io.debezium.connector.oracle.OracleOffsetContext]",
                "dst_entity_types": "[]"
              }
            }
          ]
        },
        {
          "tool-name": "Arja",
          "pattern-name": "Arja:arja_deep_change",
          "Unified_Diff_of-files:": "Starts Below...",
          "CHANGE_old:": "    public static class RelationalSnapshotContext extends SnapshotContext {",
          "CHANGE_new:": "    public static class RelationalSnapshotContext\u0026lt;O extends OffsetContext\u0026gt; extends SnapshotContext\u0026lt;O\u0026gt; {",
          "DELETE:": "        this.previousOffset \u003d previousOffset;",
          "instance_detail": [
            {
              "pattern_action": "ANY",
              "pattern_entity": {
                "entity_type": "*",
                "entity_new value": "*",
                "entity_role": "*",
                "entity_parent": {
                  "entity_type": "Statement",
                  "entity_new value": "*",
                  "entity_role": "*",
                  "entity_parent": "null"
                }
              },
              "concrete_change": {
                "operator": "INS",
                "src_type": "VariableRead",
                "dst_type": "null",
                "src": "offsetContext",
                "dst": "null",
                "src_parent_type": "Invocation",
                "dst_parent_type": "null",
                "src_parent": "offsetContext.getScn()",
                "dst_parent": "null"
              },
              "line": 216,
              "file": "/home/khesoem/projects/lighter/exp/debezium-connector-oracle/src/main/java/io/debezium/connector/oracle/logminer/LogMinerStreamingChangeEventSource.java",
              "stats": {
                "number_of_src_entities": 4,
                "number_of_dst_entities": -1,
                "src_entity_types": "[io.debezium.connector.oracle.OracleOffsetContext]",
                "dst_entity_types": "[]"
              }
            }
          ]
        },
        {
          "tool-name": "Arja",
          "pattern-name": "Arja:arja_deep_change",
          "Unified_Diff_of-files:": "Starts Below...",
          "CHANGE_old:": "    public static class RelationalSnapshotContext extends SnapshotContext {",
          "CHANGE_new:": "    public static class RelationalSnapshotContext\u0026lt;O extends OffsetContext\u0026gt; extends SnapshotContext\u0026lt;O\u0026gt; {",
          "DELETE:": "        this.previousOffset \u003d previousOffset;",
          "instance_detail": [
            {
              "pattern_action": "ANY",
              "pattern_entity": {
                "entity_type": "*",
                "entity_new value": "*",
                "entity_role": "*",
                "entity_parent": {
                  "entity_type": "Statement",
                  "entity_new value": "*",
                  "entity_role": "*",
                  "entity_parent": "null"
                }
              },
              "concrete_change": {
                "operator": "INS",
                "src_type": "VariableRead",
                "dst_type": "null",
                "src": "offsetContext",
                "dst": "null",
                "src_parent_type": "ConstructorCall",
                "dst_parent_type": "null",
                "src_parent": "new io.debezium.connector.oracle.logminer.LogMinerQueryResultProcessor(context, connectorConfig, streamingMetrics, transactionalBuffer, offsetContext, schema, dispatcher, historyRecorder)",
                "dst_parent": "null"
              },
              "line": 139,
              "file": "/home/khesoem/projects/lighter/exp/debezium-connector-oracle/src/main/java/io/debezium/connector/oracle/logminer/LogMinerStreamingChangeEventSource.java",
              "stats": {
                "number_of_src_entities": 4,
                "number_of_dst_entities": -1,
                "src_entity_types": "[io.debezium.connector.oracle.OracleOffsetContext]",
                "dst_entity_types": "[]"
              }
            }
          ]
        },
        {
          "tool-name": "Arja",
          "pattern-name": "Arja:arja_deep_change",
          "Unified_Diff_of-files:": "Starts Below...",
          "CHANGE_old:": "    public static class RelationalSnapshotContext extends SnapshotContext {",
          "CHANGE_new:": "    public static class RelationalSnapshotContext\u0026lt;O extends OffsetContext\u0026gt; extends SnapshotContext\u0026lt;O\u0026gt; {",
          "DELETE:": "        this.previousOffset \u003d previousOffset;",
          "instance_detail": [
            {
              "pattern_action": "ANY",
              "pattern_entity": {
                "entity_type": "*",
                "entity_new value": "*",
                "entity_role": "*",
                "entity_parent": {
                  "entity_type": "Statement",
                  "entity_new value": "*",
                  "entity_role": "*",
                  "entity_parent": "null"
                }
              },
              "concrete_change": {
                "operator": "INS",
                "src_type": "VariableRead",
                "dst_type": "null",
                "src": "offsetContext",
                "dst": "null",
                "src_parent_type": "Invocation",
                "dst_parent_type": "null",
                "src_parent": "transactionalBuffer.abandonLongTransactions(thresholdScn, offsetContext)",
                "dst_parent": "null"
              },
              "line": 219,
              "file": "/home/khesoem/projects/lighter/exp/debezium-connector-oracle/src/main/java/io/debezium/connector/oracle/logminer/LogMinerStreamingChangeEventSource.java",
              "stats": {
                "number_of_src_entities": 2,
                "number_of_dst_entities": -1,
                "src_entity_types": "[]",
                "dst_entity_types": "[]"
              }
            }
          ]
        },
        {
          "tool-name": "Arja",
          "pattern-name": "Arja:arja_deep_change",
          "Unified_Diff_of-files:": "Starts Below...",
          "CHANGE_old:": "    public static class RelationalSnapshotContext extends SnapshotContext {",
          "CHANGE_new:": "    public static class RelationalSnapshotContext\u0026lt;O extends OffsetContext\u0026gt; extends SnapshotContext\u0026lt;O\u0026gt; {",
          "DELETE:": "        this.previousOffset \u003d previousOffset;",
          "instance_detail": [
            {
              "pattern_action": "ANY",
              "pattern_entity": {
                "entity_type": "*",
                "entity_new value": "*",
                "entity_role": "*",
                "entity_parent": {
                  "entity_type": "Statement",
                  "entity_new value": "*",
                  "entity_role": "*",
                  "entity_parent": "null"
                }
              },
              "concrete_change": {
                "operator": "INS",
                "src_type": "VariableRead",
                "dst_type": "null",
                "src": "offsetContext",
                "dst": "null",
                "src_parent_type": "Invocation",
                "dst_parent_type": "null",
                "src_parent": "offsetContext.setScn(thresholdScn)",
                "dst_parent": "null"
              },
              "line": 220,
              "file": "/home/khesoem/projects/lighter/exp/debezium-connector-oracle/src/main/java/io/debezium/connector/oracle/logminer/LogMinerStreamingChangeEventSource.java",
              "stats": {
                "number_of_src_entities": 2,
                "number_of_dst_entities": -1,
                "src_entity_types": "[]",
                "dst_entity_types": "[]"
              }
            }
          ]
        },
        {
          "tool-name": "Arja",
          "pattern-name": "Arja:arja_deep_change",
          "Unified_Diff_of-files:": "Starts Below...",
          "CHANGE_old:": "    public static class RelationalSnapshotContext extends SnapshotContext {",
          "CHANGE_new:": "    public static class RelationalSnapshotContext\u0026lt;O extends OffsetContext\u0026gt; extends SnapshotContext\u0026lt;O\u0026gt; {",
          "DELETE:": "        this.previousOffset \u003d previousOffset;",
          "instance_detail": [
            {
              "pattern_action": "ANY",
              "pattern_entity": {
                "entity_type": "*",
                "entity_new value": "*",
                "entity_role": "*",
                "entity_parent": {
                  "entity_type": "Statement",
                  "entity_new value": "*",
                  "entity_role": "*",
                  "entity_parent": "null"
                }
              },
              "concrete_change": {
                "operator": "INS",
                "src_type": "VariableRead",
                "dst_type": "null",
                "src": "offsetContext",
                "dst": "null",
                "src_parent_type": "Invocation",
                "dst_parent_type": "null",
                "src_parent": "offsetContext.getCommitScn()",
                "dst_parent": "null"
              },
              "line": 173,
              "file": "/home/khesoem/projects/lighter/exp/debezium-connector-oracle/src/main/java/io/debezium/connector/oracle/logminer/LogMinerStreamingChangeEventSource.java",
              "stats": {
                "number_of_src_entities": 4,
                "number_of_dst_entities": -1,
                "src_entity_types": "[io.debezium.connector.oracle.OracleOffsetContext]",
                "dst_entity_types": "[]"
              }
            }
          ]
        },
        {
          "tool-name": "Arja",
          "pattern-name": "Arja:arja_deep_change",
          "Unified_Diff_of-files:": "Starts Below...",
          "CHANGE_old:": "    public static class RelationalSnapshotContext extends SnapshotContext {",
          "CHANGE_new:": "    public static class RelationalSnapshotContext\u0026lt;O extends OffsetContext\u0026gt; extends SnapshotContext\u0026lt;O\u0026gt; {",
          "DELETE:": "        this.previousOffset \u003d previousOffset;",
          "instance_detail": [
            {
              "pattern_action": "ANY",
              "pattern_entity": {
                "entity_type": "*",
                "entity_new value": "*",
                "entity_role": "*",
                "entity_parent": {
                  "entity_type": "Statement",
                  "entity_new value": "*",
                  "entity_role": "*",
                  "entity_parent": "null"
                }
              },
              "concrete_change": {
                "operator": "INS",
                "src_type": "VariableRead",
                "dst_type": "null",
                "src": "offsetContext",
                "dst": "null",
                "src_parent_type": "Invocation",
                "dst_parent_type": "null",
                "src_parent": "transactionalBuffer.updateOffsetContext(offsetContext)",
                "dst_parent": "null"
              },
              "line": 189,
              "file": "/home/khesoem/projects/lighter/exp/debezium-connector-oracle/src/main/java/io/debezium/connector/oracle/logminer/LogMinerStreamingChangeEventSource.java",
              "stats": {
                "number_of_src_entities": 4,
                "number_of_dst_entities": -1,
                "src_entity_types": "[io.debezium.connector.oracle.OracleOffsetContext]",
                "dst_entity_types": "[]"
              }
            }
          ]
        },
        {
          "tool-name": "Arja",
          "pattern-name": "Arja:arja_deep_change",
          "Unified_Diff_of-files:": "Starts Below...",
          "CHANGE_old:": "    public static class RelationalSnapshotContext extends SnapshotContext {",
          "CHANGE_new:": "    public static class RelationalSnapshotContext\u0026lt;O extends OffsetContext\u0026gt; extends SnapshotContext\u0026lt;O\u0026gt; {",
          "DELETE:": "        this.previousOffset \u003d previousOffset;",
          "instance_detail": [
            {
              "pattern_action": "ANY",
              "pattern_entity": {
                "entity_type": "*",
                "entity_new value": "*",
                "entity_role": "*",
                "entity_parent": {
                  "entity_type": "Statement",
                  "entity_new value": "*",
                  "entity_role": "*",
                  "entity_parent": "null"
                }
              },
              "concrete_change": {
                "operator": "INS",
                "src_type": "VariableRead",
                "dst_type": "null",
                "src": "offsetContext",
                "dst": "null",
                "src_parent_type": "Invocation",
                "dst_parent_type": "null",
                "src_parent": "offsetContext.getScn()",
                "dst_parent": "null"
              },
              "line": 161,
              "file": "/home/khesoem/projects/lighter/exp/debezium-connector-oracle/src/main/java/io/debezium/connector/oracle/logminer/LogMinerStreamingChangeEventSource.java",
              "stats": {
                "number_of_src_entities": 4,
                "number_of_dst_entities": -1,
                "src_entity_types": "[io.debezium.connector.oracle.OracleOffsetContext]",
                "dst_entity_types": "[]"
              }
            }
          ]
        },
        {
          "tool-name": "Arja",
          "pattern-name": "Arja:arja_deep_change",
          "Unified_Diff_of-files:": "Starts Below...",
          "CHANGE_old:": "    public static class RelationalSnapshotContext extends SnapshotContext {",
          "CHANGE_new:": "    public static class RelationalSnapshotContext\u0026lt;O extends OffsetContext\u0026gt; extends SnapshotContext\u0026lt;O\u0026gt; {",
          "DELETE:": "        this.previousOffset \u003d previousOffset;",
          "instance_detail": [
            {
              "pattern_action": "ANY",
              "pattern_entity": {
                "entity_type": "*",
                "entity_new value": "*",
                "entity_role": "*",
                "entity_parent": {
                  "entity_type": "Statement",
                  "entity_new value": "*",
                  "entity_role": "*",
                  "entity_parent": "null"
                }
              },
              "concrete_change": {
                "operator": "INS",
                "src_type": "VariableRead",
                "dst_type": "null",
                "src": "offsetContext",
                "dst": "null",
                "src_parent_type": "Invocation",
                "dst_parent_type": "null",
                "src_parent": "offsetContext.getScn()",
                "dst_parent": "null"
              },
              "line": 175,
              "file": "/home/khesoem/projects/lighter/exp/debezium-connector-oracle/src/main/java/io/debezium/connector/oracle/logminer/LogMinerStreamingChangeEventSource.java",
              "stats": {
                "number_of_src_entities": 4,
                "number_of_dst_entities": -1,
                "src_entity_types": "[io.debezium.connector.oracle.OracleOffsetContext]",
                "dst_entity_types": "[]"
              }
            }
          ]
        }
      ]
    },
    {
      "revision": "657a6d254278e9f81f4574b0eca3a9b69cd9b5ba",
      "repairability": [
        {
          "tool-name": "Arja",
          "pattern-name": "Arja:arja_shallow_change",
          "Unified_Diff_of-files:": "Starts Below...",
          "CHANGE_old:": "    public static class RelationalSnapshotContext extends SnapshotContext {",
          "CHANGE_new:": "    public static class RelationalSnapshotContext\u0026lt;O extends OffsetContext\u0026gt; extends SnapshotContext\u0026lt;O\u0026gt; {",
          "DELETE:": "        this.previousOffset \u003d previousOffset;",
          "instance_detail": [
            {
              "pattern_action": "ANY",
              "pattern_entity": {
                "entity_type": "Statement",
                "entity_new value": "*",
                "entity_role": "*",
                "entity_parent": "null"
              },
              "concrete_change": {
                "operator": "DEL",
                "src_type": "Assignment",
                "dst_type": "null",
                "src": "this.previousOffset \u003d previousOffset",
                "dst": "null",
                "src_parent_type": "Block",
                "dst_parent_type": "null",
                "src_parent": "{\n    super(connectorConfig, previousOffset, snapshotProgressListener);\n    this.connectorConfig \u003d connectorConfig;\n    this.taskContext \u003d taskContext;\n    this.connectionContext \u003d taskContext.getConnectionContext();\n    this.previousOffset \u003d previousOffset;\n    this.replicaSets \u003d replicaSets;\n    this.dispatcher \u003d dispatcher;\n    this.clock \u003d clock;\n    this.snapshotProgressListener \u003d snapshotProgressListener;\n    this.errorHandler \u003d errorHandler;\n}",
                "dst_parent": "null"
              },
              "line": 78,
              "file": "/home/khesoem/projects/lighter/exp/debezium-connector-mongodb/src/main/java/io/debezium/connector/mongodb/MongoDbSnapshotChangeEventSource.java",
              "stats": {
                "number_of_src_entities": 17,
                "number_of_dst_entities": -1,
                "src_entity_types": "[io.debezium.connector.mongodb.MongoDbSnapshotChangeEventSource, io.debezium.connector.mongodb.MongoDbOffsetContext]",
                "dst_entity_types": "[]"
              }
            }
          ]
        },
        {
          "tool-name": "Arja",
          "pattern-name": "Arja:arja_deep_change",
          "Unified_Diff_of-files:": "Starts Below...",
          "CHANGE_old:": "    public static class RelationalSnapshotContext extends SnapshotContext {",
          "CHANGE_new:": "    public static class RelationalSnapshotContext\u0026lt;O extends OffsetContext\u0026gt; extends SnapshotContext\u0026lt;O\u0026gt; {",
          "DELETE:": "        this.previousOffset \u003d previousOffset;",
          "instance_detail": [
            {
              "pattern_action": "ANY",
              "pattern_entity": {
                "entity_type": "*",
                "entity_new value": "*",
                "entity_role": "*",
                "entity_parent": {
                  "entity_type": "Statement",
                  "entity_new value": "*",
                  "entity_role": "*",
                  "entity_parent": "null"
                }
              },
              "concrete_change": {
                "operator": "INS",
                "src_type": "VariableRead",
                "dst_type": "null",
                "src": "previousOffset",
                "dst": "null",
                "src_parent_type": "BinaryOperator",
                "dst_parent_type": "null",
                "src_parent": "(previousOffset !\u003d null)",
                "dst_parent": "null"
              },
              "line": 93,
              "file": "/home/khesoem/projects/lighter/exp/debezium-connector-mongodb/src/main/java/io/debezium/connector/mongodb/MongoDbSnapshotChangeEventSource.java",
              "stats": {
                "number_of_src_entities": 4,
                "number_of_dst_entities": -1,
                "src_entity_types": "[io.debezium.connector.mongodb.MongoDbOffsetContext]",
                "dst_entity_types": "[]"
              }
            }
          ]
        }
      ]
    },
    {
      "revision": "657a6d254278e9f81f4574b0eca3a9b69cd9b5ba",
      "repairability": [
        {
          "tool-name": "Arja",
          "pattern-name": "Arja:arja_shallow_change",
          "Unified_Diff_of-files:": "Starts Below...",
          "CHANGE_old:": "    public static class RelationalSnapshotContext extends SnapshotContext {",
          "CHANGE_new:": "    public static class RelationalSnapshotContext\u0026lt;O extends OffsetContext\u0026gt; extends SnapshotContext\u0026lt;O\u0026gt; {",
          "DELETE:": "        this.previousOffset \u003d previousOffset;",
          "instance_detail": [
            {
              "pattern_action": "ANY",
              "pattern_entity": {
                "entity_type": "Statement",
                "entity_new value": "*",
                "entity_role": "*",
                "entity_parent": "null"
              },
              "concrete_change": {
                "operator": "DEL",
                "src_type": "Assignment",
                "dst_type": "null",
                "src": "this.previousOffset \u003d previousOffset",
                "dst": "null",
                "src_parent_type": "Block",
                "dst_parent_type": "null",
                "src_parent": "{\n    super(connectorConfig, previousOffset, jdbcConnection, dispatcher, clock, snapshotProgressListener);\n    this.connectorConfig \u003d connectorConfig;\n    this.jdbcConnection \u003d jdbcConnection;\n    this.schema \u003d schema;\n    this.snapshotter \u003d snapshotter;\n    this.slotCreatedInfo \u003d slotCreatedInfo;\n    this.startingSlotInfo \u003d startingSlotInfo;\n    this.previousOffset \u003d previousOffset;\n}",
                "dst_parent": "null"
              },
              "line": 55,
              "file": "/home/khesoem/projects/lighter/exp/debezium-connector-postgres/src/main/java/io/debezium/connector/postgresql/PostgresSnapshotChangeEventSource.java",
              "stats": {
                "number_of_src_entities": 17,
                "number_of_dst_entities": -1,
                "src_entity_types": "[io.debezium.connector.postgresql.PostgresSnapshotChangeEventSource, io.debezium.connector.postgresql.PostgresOffsetContext]",
                "dst_entity_types": "[]"
              }
            }
          ]
        },
        {
          "tool-name": "Arja",
          "pattern-name": "Arja:arja_deep_change",
          "Unified_Diff_of-files:": "Starts Below...",
          "CHANGE_old:": "    public static class RelationalSnapshotContext extends SnapshotContext {",
          "CHANGE_new:": "    public static class RelationalSnapshotContext\u0026lt;O extends OffsetContext\u0026gt; extends SnapshotContext\u0026lt;O\u0026gt; {",
          "DELETE:": "        this.previousOffset \u003d previousOffset;",
          "instance_detail": [
            {
              "pattern_action": "ANY",
              "pattern_entity": {
                "entity_type": "*",
                "entity_new value": "*",
                "entity_role": "*",
                "entity_parent": {
                  "entity_type": "Statement",
                  "entity_new value": "*",
                  "entity_role": "*",
                  "entity_parent": "null"
                }
              },
              "concrete_change": {
                "operator": "INS",
                "src_type": "VariableRead",
                "dst_type": "null",
                "src": "previousOffset",
                "dst": "null",
                "src_parent_type": "BinaryOperator",
                "dst_parent_type": "null",
                "src_parent": "(previousOffset !\u003d null)",
                "dst_parent": "null"
              },
              "line": 118,
              "file": "/home/khesoem/projects/lighter/exp/debezium-connector-postgres/src/main/java/io/debezium/connector/postgresql/PostgresSnapshotChangeEventSource.java",
              "stats": {
                "number_of_src_entities": 4,
                "number_of_dst_entities": -1,
                "src_entity_types": "[io.debezium.connector.postgresql.PostgresOffsetContext]",
                "dst_entity_types": "[]"
              }
            }
          ]
        }
      ]
    },
    {
      "revision": "657a6d254278e9f81f4574b0eca3a9b69cd9b5ba",
      "repairability": [
        {
          "tool-name": "Arja",
          "pattern-name": "Arja:arja_shallow_change",
          "Unified_Diff_of-files:": "Starts Below...",
          "CHANGE_old:": "    public static class RelationalSnapshotContext extends SnapshotContext {",
          "CHANGE_new:": "    public static class RelationalSnapshotContext\u0026lt;O extends OffsetContext\u0026gt; extends SnapshotContext\u0026lt;O\u0026gt; {",
          "DELETE:": "        this.previousOffset \u003d previousOffset;",
          "instance_detail": [
            {
              "pattern_action": "ANY",
              "pattern_entity": {
                "entity_type": "Statement",
                "entity_new value": "*",
                "entity_role": "*",
                "entity_parent": "null"
              },
              "concrete_change": {
                "operator": "DEL",
                "src_type": "Invocation",
                "dst_type": "null",
                "src": "initializeOffsets(connectorConfig, replicaSets)",
                "dst": "null",
                "src_parent_type": "Conditional",
                "dst_parent_type": "null",
                "src_parent": "(offsetContext !\u003d null) ? offsetContext : initializeOffsets(connectorConfig, replicaSets)",
                "dst_parent": "null"
              },
              "line": 78,
              "file": "/home/khesoem/projects/lighter/exp/debezium-connector-mongodb/src/main/java/io/debezium/connector/mongodb/MongoDbStreamingChangeEventSource.java"
            }
          ]
        },
        {
          "tool-name": "Arja",
          "pattern-name": "Arja:arja_deep_change",
          "Unified_Diff_of-files:": "Starts Below...",
          "CHANGE_old:": "    public static class RelationalSnapshotContext extends SnapshotContext {",
          "CHANGE_new:": "    public static class RelationalSnapshotContext\u0026lt;O extends OffsetContext\u0026gt; extends SnapshotContext\u0026lt;O\u0026gt; {",
          "DELETE:": "        this.previousOffset \u003d previousOffset;",
          "instance_detail": [
            {
              "pattern_action": "ANY",
              "pattern_entity": {
                "entity_type": "*",
                "entity_new value": "*",
                "entity_role": "*",
                "entity_parent": {
                  "entity_type": "Statement",
                  "entity_new value": "*",
                  "entity_role": "*",
                  "entity_parent": "null"
                }
              },
              "concrete_change": {
                "operator": "INS",
                "src_type": "VariableRead",
                "dst_type": "null",
                "src": "offsetContext",
                "dst": "null",
                "src_parent_type": "Invocation",
                "dst_parent_type": "null",
                "src_parent": "offsetContext.getReplicaSetOffsetContext(replicaSet)",
                "dst_parent": "null"
              },
              "line": 173,
              "file": "/home/khesoem/projects/lighter/exp/debezium-connector-mongodb/src/main/java/io/debezium/connector/mongodb/MongoDbStreamingChangeEventSource.java",
              "stats": {
                "number_of_src_entities": 4,
                "number_of_dst_entities": -1,
                "src_entity_types": "[io.debezium.connector.mongodb.MongoDbOffsetContext]",
                "dst_entity_types": "[]"
              }
            }
          ]
        }
      ]
    },
    {
      "revision": "657a6d254278e9f81f4574b0eca3a9b69cd9b5ba",
      "repairability": [
        {
          "tool-name": "Arja",
          "pattern-name": "Arja:arja_shallow_change",
          "Unified_Diff_of-files:": "Starts Below...",
          "CHANGE_old:": "    public static class RelationalSnapshotContext extends SnapshotContext {",
          "CHANGE_new:": "    public static class RelationalSnapshotContext\u0026lt;O extends OffsetContext\u0026gt; extends SnapshotContext\u0026lt;O\u0026gt; {",
          "DELETE:": "        this.previousOffset \u003d previousOffset;",
          "instance_detail": [
            {
              "pattern_action": "ANY",
              "pattern_entity": {
                "entity_type": "Statement",
                "entity_new value": "*",
                "entity_role": "*",
                "entity_parent": "null"
              },
              "concrete_change": {
                "operator": "DEL",
                "src_type": "Invocation",
                "dst_type": "null",
                "src": "connectorConfig.getAdapter()",
                "dst": "null",
                "src_parent_type": "Invocation",
                "dst_parent_type": "null",
                "src_parent": "connectorConfig.getAdapter().getTableNameCaseSensitivity(jdbcConnection)",
                "dst_parent": "null"
              },
              "line": 73,
              "file": "/home/khesoem/projects/lighter/exp/debezium-connector-oracle/src/main/java/io/debezium/connector/oracle/xstream/XstreamStreamingChangeEventSource.java"
            }
          ]
        },
        {
          "tool-name": "Arja",
          "pattern-name": "Arja:arja_shallow_change",
          "Unified_Diff_of-files:": "Starts Below...",
          "CHANGE_old:": "    public static class RelationalSnapshotContext extends SnapshotContext {",
          "CHANGE_new:": "    public static class RelationalSnapshotContext\u0026lt;O extends OffsetContext\u0026gt; extends SnapshotContext\u0026lt;O\u0026gt; {",
          "DELETE:": "        this.previousOffset \u003d previousOffset;",
          "instance_detail": [
            {
              "pattern_action": "ANY",
              "pattern_entity": {
                "entity_type": "Statement",
                "entity_new value": "*",
                "entity_role": "*",
                "entity_parent": "null"
              },
              "concrete_change": {
                "operator": "DEL",
                "src_type": "Invocation",
                "dst_type": "null",
                "src": "connectorConfig.getAdapter().getTableNameCaseSensitivity(jdbcConnection)",
                "dst": "null",
                "src_parent_type": "Invocation",
                "dst_parent_type": "null",
                "src_parent": "TableNameCaseSensitivity.INSENSITIVE.equals(connectorConfig.getAdapter().getTableNameCaseSensitivity(jdbcConnection))",
                "dst_parent": "null"
              },
              "line": 73,
              "file": "/home/khesoem/projects/lighter/exp/debezium-connector-oracle/src/main/java/io/debezium/connector/oracle/xstream/XstreamStreamingChangeEventSource.java"
            }
          ]
        },
        {
          "tool-name": "Arja",
          "pattern-name": "Arja:arja_shallow_change",
          "Unified_Diff_of-files:": "Starts Below...",
          "CHANGE_old:": "    public static class RelationalSnapshotContext extends SnapshotContext {",
          "CHANGE_new:": "    public static class RelationalSnapshotContext\u0026lt;O extends OffsetContext\u0026gt; extends SnapshotContext\u0026lt;O\u0026gt; {",
          "DELETE:": "        this.previousOffset \u003d previousOffset;",
          "instance_detail": [
            {
              "pattern_action": "ANY",
              "pattern_entity": {
                "entity_type": "Statement",
                "entity_new value": "*",
                "entity_role": "*",
                "entity_parent": "null"
              },
              "concrete_change": {
                "operator": "DEL",
                "src_type": "Invocation",
                "dst_type": "null",
                "src": "TableNameCaseSensitivity.INSENSITIVE.equals(connectorConfig.getAdapter().getTableNameCaseSensitivity(jdbcConnection))",
                "dst": "null",
                "src_parent_type": "ConstructorCall",
                "dst_parent_type": "null",
                "src_parent": "new io.debezium.connector.oracle.xstream.LcrEventHandler(connectorConfig, errorHandler, dispatcher, clock, schema, offsetContext, TableNameCaseSensitivity.INSENSITIVE.equals(connectorConfig.getAdapter().getTableNameCaseSensitivity(jdbcConnection)), this, streamingMetrics)",
                "dst_parent": "null"
              },
              "line": 73,
              "file": "/home/khesoem/projects/lighter/exp/debezium-connector-oracle/src/main/java/io/debezium/connector/oracle/xstream/XstreamStreamingChangeEventSource.java"
            }
          ]
        },
        {
          "tool-name": "Arja",
          "pattern-name": "Arja:arja_shallow_change",
          "Unified_Diff_of-files:": "Starts Below...",
          "CHANGE_old:": "    public static class RelationalSnapshotContext extends SnapshotContext {",
          "CHANGE_new:": "    public static class RelationalSnapshotContext\u0026lt;O extends OffsetContext\u0026gt; extends SnapshotContext\u0026lt;O\u0026gt; {",
          "DELETE:": "        this.previousOffset \u003d previousOffset;",
          "instance_detail": [
            {
              "pattern_action": "ANY",
              "pattern_entity": {
                "entity_type": "Statement",
                "entity_new value": "*",
                "entity_role": "*",
                "entity_parent": "null"
              },
              "concrete_change": {
                "operator": "DEL",
                "src_type": "ConstructorCall",
                "dst_type": "null",
                "src": "new io.debezium.connector.oracle.xstream.LcrEventHandler(connectorConfig, errorHandler, dispatcher, clock, schema, offsetContext, TableNameCaseSensitivity.INSENSITIVE.equals(connectorConfig.getAdapter().getTableNameCaseSensitivity(jdbcConnection)), this, streamingMetrics)",
                "dst": "null",
                "src_parent_type": "Assignment",
                "dst_parent_type": "null",
                "src_parent": "this.eventHandler \u003d new io.debezium.connector.oracle.xstream.LcrEventHandler(connectorConfig, errorHandler, dispatcher, clock, schema, offsetContext, TableNameCaseSensitivity.INSENSITIVE.equals(connectorConfig.getAdapter().getTableNameCaseSensitivity(jdbcConnection)), this, streamingMetrics)",
                "dst_parent": "null"
              },
              "line": 72,
              "file": "/home/khesoem/projects/lighter/exp/debezium-connector-oracle/src/main/java/io/debezium/connector/oracle/xstream/XstreamStreamingChangeEventSource.java"
            }
          ]
        },
        {
          "tool-name": "Arja",
          "pattern-name": "Arja:arja_shallow_change",
          "Unified_Diff_of-files:": "Starts Below...",
          "CHANGE_old:": "    public static class RelationalSnapshotContext extends SnapshotContext {",
          "CHANGE_new:": "    public static class RelationalSnapshotContext\u0026lt;O extends OffsetContext\u0026gt; extends SnapshotContext\u0026lt;O\u0026gt; {",
          "DELETE:": "        this.previousOffset \u003d previousOffset;",
          "instance_detail": [
            {
              "pattern_action": "ANY",
              "pattern_entity": {
                "entity_type": "Statement",
                "entity_new value": "*",
                "entity_role": "*",
                "entity_parent": "null"
              },
              "concrete_change": {
                "operator": "DEL",
                "src_type": "Assignment",
                "dst_type": "null",
                "src": "this.eventHandler \u003d new io.debezium.connector.oracle.xstream.LcrEventHandler(connectorConfig, errorHandler, dispatcher, clock, schema, offsetContext, TableNameCaseSensitivity.INSENSITIVE.equals(connectorConfig.getAdapter().getTableNameCaseSensitivity(jdbcConnection)), this, streamingMetrics)",
                "dst": "null",
                "src_parent_type": "Block",
                "dst_parent_type": "null",
                "src_parent": "{\n    this.jdbcConnection \u003d jdbcConnection;\n    this.errorHandler \u003d errorHandler;\n    this.offsetContext \u003d offsetContext;\n    this.xStreamServerName \u003d connectorConfig.getXoutServerName();\n    this.posVersion \u003d io.debezium.connector.oracle.xstream.XstreamStreamingChangeEventSource.resolvePosVersion(jdbcConnection, connectorConfig);\n    this.eventHandler \u003d new io.debezium.connector.oracle.xstream.LcrEventHandler(connectorConfig, errorHandler, dispatcher, clock, schema, offsetContext, TableNameCaseSensitivity.INSENSITIVE.equals(connectorConfig.getAdapter().getTableNameCaseSensitivity(jdbcConnection)), this, streamingMetrics);\n}",
                "dst_parent": "null"
              },
              "line": 72,
              "file": "/home/khesoem/projects/lighter/exp/debezium-connector-oracle/src/main/java/io/debezium/connector/oracle/xstream/XstreamStreamingChangeEventSource.java",
              "stats": {
                "number_of_src_entities": 78,
                "number_of_dst_entities": -1,
                "src_entity_types": "[io.debezium.pipeline.ErrorHandler, io.debezium.pipeline.EventDispatcher\u003cio.debezium.relational.TableId\u003e, io.debezium.connector.oracle.OracleOffsetContext, io.debezium.connector.oracle.xstream.XstreamStreamingChangeEventSource, io.debezium.relational.TableId, java.lang.Object, io.debezium.connector.oracle.OracleConnectorConfig, io.debezium.util.Clock, io.debezium.connector.oracle.OracleDatabaseSchema, io.debezium.connector.oracle.OracleConnection, TableNameCaseSensitivity.INSENSITIVE, io.debezium.connector.oracle.OracleStreamingChangeEventSourceMetrics]",
                "dst_entity_types": "[]"
              }
            }
          ]
        },
        {
          "tool-name": "Arja",
          "pattern-name": "Arja:arja_deep_change",
          "Unified_Diff_of-files:": "Starts Below...",
          "CHANGE_old:": "    public static class RelationalSnapshotContext extends SnapshotContext {",
          "CHANGE_new:": "    public static class RelationalSnapshotContext\u0026lt;O extends OffsetContext\u0026gt; extends SnapshotContext\u0026lt;O\u0026gt; {",
          "DELETE:": "        this.previousOffset \u003d previousOffset;",
          "instance_detail": [
            {
              "pattern_action": "ANY",
              "pattern_entity": {
                "entity_type": "*",
                "entity_new value": "*",
                "entity_role": "*",
                "entity_parent": {
                  "entity_type": "Statement",
                  "entity_new value": "*",
                  "entity_role": "*",
                  "entity_parent": "null"
                }
              },
              "concrete_change": {
                "operator": "INS",
                "src_type": "VariableRead",
                "dst_type": "null",
                "src": "offsetContext",
                "dst": "null",
                "src_parent_type": "Invocation",
                "dst_parent_type": "null",
                "src_parent": "offsetContext.getLcrPosition()",
                "dst_parent": "null"
              },
              "line": 91,
              "file": "/home/khesoem/projects/lighter/exp/debezium-connector-oracle/src/main/java/io/debezium/connector/oracle/xstream/XstreamStreamingChangeEventSource.java",
              "stats": {
                "number_of_src_entities": 4,
                "number_of_dst_entities": -1,
                "src_entity_types": "[io.debezium.connector.oracle.OracleOffsetContext]",
                "dst_entity_types": "[]"
              }
            }
          ]
        },
        {
          "tool-name": "Arja",
          "pattern-name": "Arja:arja_deep_change",
          "Unified_Diff_of-files:": "Starts Below...",
          "CHANGE_old:": "    public static class RelationalSnapshotContext extends SnapshotContext {",
          "CHANGE_new:": "    public static class RelationalSnapshotContext\u0026lt;O extends OffsetContext\u0026gt; extends SnapshotContext\u0026lt;O\u0026gt; {",
          "DELETE:": "        this.previousOffset \u003d previousOffset;",
          "instance_detail": [
            {
              "pattern_action": "ANY",
              "pattern_entity": {
                "entity_type": "*",
                "entity_new value": "*",
                "entity_role": "*",
                "entity_parent": {
                  "entity_type": "Statement",
                  "entity_new value": "*",
                  "entity_role": "*",
                  "entity_parent": "null"
                }
              },
              "concrete_change": {
                "operator": "INS",
                "src_type": "VariableRead",
                "dst_type": "null",
                "src": "eventHandler",
                "dst": "null",
                "src_parent_type": "Invocation",
                "dst_parent_type": "null",
                "src_parent": "xsOut.receiveLCRCallback(eventHandler, XStreamOut.DEFAULT_MODE)",
                "dst_parent": "null"
              },
              "line": 105,
              "file": "/home/khesoem/projects/lighter/exp/debezium-connector-oracle/src/main/java/io/debezium/connector/oracle/xstream/XstreamStreamingChangeEventSource.java",
              "stats": {
                "number_of_src_entities": 4,
                "number_of_dst_entities": -1,
                "src_entity_types": "[io.debezium.connector.oracle.xstream.LcrEventHandler]",
                "dst_entity_types": "[]"
              }
            }
          ]
        },
        {
          "tool-name": "Arja",
          "pattern-name": "Arja:arja_deep_change",
          "Unified_Diff_of-files:": "Starts Below...",
          "CHANGE_old:": "    public static class RelationalSnapshotContext extends SnapshotContext {",
          "CHANGE_new:": "    public static class RelationalSnapshotContext\u0026lt;O extends OffsetContext\u0026gt; extends SnapshotContext\u0026lt;O\u0026gt; {",
          "DELETE:": "        this.previousOffset \u003d previousOffset;",
          "instance_detail": [
            {
              "pattern_action": "ANY",
              "pattern_entity": {
                "entity_type": "*",
                "entity_new value": "*",
                "entity_role": "*",
                "entity_parent": {
                  "entity_type": "Statement",
                  "entity_new value": "*",
                  "entity_role": "*",
                  "entity_parent": "null"
                }
              },
              "concrete_change": {
                "operator": "INS",
                "src_type": "VariableRead",
                "dst_type": "null",
                "src": "offsetContext",
                "dst": "null",
                "src_parent_type": "Invocation",
                "dst_parent_type": "null",
                "src_parent": "offsetContext.getScn()",
                "dst_parent": "null"
              },
              "line": 96,
              "file": "/home/khesoem/projects/lighter/exp/debezium-connector-oracle/src/main/java/io/debezium/connector/oracle/xstream/XstreamStreamingChangeEventSource.java",
              "stats": {
                "number_of_src_entities": 4,
                "number_of_dst_entities": -1,
                "src_entity_types": "[io.debezium.connector.oracle.OracleOffsetContext]",
                "dst_entity_types": "[]"
              }
            }
          ]
        }
      ]
    },
    {
      "revision": "657a6d254278e9f81f4574b0eca3a9b69cd9b5ba",
      "repairability": [
        {
          "tool-name": "Arja",
          "pattern-name": "Arja:arja_shallow_change",
          "Unified_Diff_of-files:": "Starts Below...",
          "CHANGE_old:": "    public static class RelationalSnapshotContext extends SnapshotContext {",
          "CHANGE_new:": "    public static class RelationalSnapshotContext\u0026lt;O extends OffsetContext\u0026gt; extends SnapshotContext\u0026lt;O\u0026gt; {",
          "DELETE:": "        this.previousOffset \u003d previousOffset;",
          "instance_detail": [
            {
              "pattern_action": "ANY",
              "pattern_entity": {
                "entity_type": "Statement",
                "entity_new value": "*",
                "entity_role": "*",
                "entity_parent": "null"
              },
              "concrete_change": {
                "operator": "DEL",
                "src_type": "Assignment",
                "dst_type": "null",
                "src": "this.previousOffset \u003d previousOffset",
                "dst": "null",
                "src_parent_type": "Block",
                "dst_parent_type": "null",
                "src_parent": "{\n    super(connectorConfig, previousOffset, connection, schema, dispatcher, clock, metrics);\n    this.connectorConfig \u003d connectorConfig;\n    this.connection \u003d connection;\n    this.filters \u003d connectorConfig.getTableFilters();\n    this.metrics \u003d metrics;\n    this.previousOffset \u003d previousOffset;\n    this.databaseSchema \u003d schema;\n    this.lastEventProcessor \u003d lastEventProcessor;\n}",
                "dst_parent": "null"
              },
              "line": 73,
              "file": "/home/khesoem/projects/lighter/exp/debezium-connector-mysql/src/main/java/io/debezium/connector/mysql/MySqlSnapshotChangeEventSource.java",
              "stats": {
                "number_of_src_entities": 17,
                "number_of_dst_entities": -1,
                "src_entity_types": "[io.debezium.connector.mysql.MySqlOffsetContext, io.debezium.connector.mysql.MySqlSnapshotChangeEventSource]",
                "dst_entity_types": "[]"
              }
            }
          ]
        },
        {
          "tool-name": "Arja",
          "pattern-name": "Arja:arja_deep_change",
          "Unified_Diff_of-files:": "Starts Below...",
          "CHANGE_old:": "    public static class RelationalSnapshotContext extends SnapshotContext {",
          "CHANGE_new:": "    public static class RelationalSnapshotContext\u0026lt;O extends OffsetContext\u0026gt; extends SnapshotContext\u0026lt;O\u0026gt; {",
          "DELETE:": "        this.previousOffset \u003d previousOffset;",
          "instance_detail": [
            {
              "pattern_action": "ANY",
              "pattern_entity": {
                "entity_type": "*",
                "entity_new value": "*",
                "entity_role": "*",
                "entity_parent": {
                  "entity_type": "Statement",
                  "entity_new value": "*",
                  "entity_role": "*",
                  "entity_parent": "null"
                }
              },
              "concrete_change": {
                "operator": "INS",
                "src_type": "VariableRead",
                "dst_type": "null",
                "src": "previousOffset",
                "dst": "null",
                "src_parent_type": "Assignment",
                "dst_parent_type": "null",
                "src_parent": "ctx.offset \u003d previousOffset",
                "dst_parent": "null"
              },
              "line": 260,
              "file": "/home/khesoem/projects/lighter/exp/debezium-connector-mysql/src/main/java/io/debezium/connector/mysql/MySqlSnapshotChangeEventSource.java",
              "stats": {
                "number_of_src_entities": 4,
                "number_of_dst_entities": -1,
                "src_entity_types": "[io.debezium.connector.mysql.MySqlOffsetContext]",
                "dst_entity_types": "[]"
              }
            }
          ]
        }
      ]
    },
    {
      "revision": "657a6d254278e9f81f4574b0eca3a9b69cd9b5ba",
      "repairability": [
        {
          "tool-name": "Arja",
          "pattern-name": "Arja:arja_shallow_change",
          "Unified_Diff_of-files:": "Starts Below...",
          "CHANGE_old:": "    public static class RelationalSnapshotContext extends SnapshotContext {",
          "CHANGE_new:": "    public static class RelationalSnapshotContext\u0026lt;O extends OffsetContext\u0026gt; extends SnapshotContext\u0026lt;O\u0026gt; {",
          "DELETE:": "        this.previousOffset \u003d previousOffset;",
          "instance_detail": [
            {
              "pattern_action": "ANY",
              "pattern_entity": {
                "entity_type": "Statement",
                "entity_new value": "*",
                "entity_role": "*",
                "entity_parent": "null"
              },
              "concrete_change": {
                "operator": "DEL",
                "src_type": "Assignment",
                "dst_type": "null",
                "src": "this.previousOffset \u003d previousOffset",
                "dst": "null",
                "src_parent_type": "Block",
                "dst_parent_type": "null",
                "src_parent": "{\n    this.connectorConfig \u003d connectorConfig;\n    this.previousOffset \u003d previousOffset;\n    this.snapshotProgressListener \u003d snapshotProgressListener;\n}",
                "dst_parent": "null"
              },
              "line": 44,
              "file": "/home/khesoem/projects/lighter/exp/debezium-core/src/main/java/io/debezium/pipeline/source/AbstractSnapshotChangeEventSource.java",
              "stats": {
                "number_of_src_entities": 17,
                "number_of_dst_entities": -1,
                "src_entity_types": "[io.debezium.pipeline.spi.OffsetContext, io.debezium.pipeline.source.AbstractSnapshotChangeEventSource]",
                "dst_entity_types": "[]"
              }
            }
          ]
        },
        {
          "tool-name": "Arja",
          "pattern-name": "Arja:arja_shallow_change",
          "Unified_Diff_of-files:": "Starts Below...",
          "CHANGE_old:": "    public static class RelationalSnapshotContext extends SnapshotContext {",
          "CHANGE_new:": "    public static class RelationalSnapshotContext\u0026lt;O extends OffsetContext\u0026gt; extends SnapshotContext\u0026lt;O\u0026gt; {",
          "DELETE:": "        this.previousOffset \u003d previousOffset;",
          "instance_detail": [
            {
              "pattern_action": "ANY",
              "pattern_entity": {
                "entity_type": "Statement",
                "entity_new value": "*",
                "entity_role": "*",
                "entity_parent": "null"
              },
              "concrete_change": {
                "operator": "DEL",
                "src_type": "Invocation",
                "dst_type": "null",
                "src": "doExecute(context, ctx, snapshottingTask)",
                "dst": "null",
                "src_parent_type": "LocalVariable",
                "dst_parent_type": "null",
                "src_parent": "io.debezium.pipeline.spi.SnapshotResult result \u003d doExecute(context, ctx, snapshottingTask)",
                "dst_parent": "null"
              },
              "line": 71,
              "file": "/home/khesoem/projects/lighter/exp/debezium-core/src/main/java/io/debezium/pipeline/source/AbstractSnapshotChangeEventSource.java"
            }
          ]
        },
        {
          "tool-name": "Arja",
          "pattern-name": "Arja:arja_shallow_change",
          "Unified_Diff_of-files:": "Starts Below...",
          "CHANGE_old:": "    public static class RelationalSnapshotContext extends SnapshotContext {",
          "CHANGE_new:": "    public static class RelationalSnapshotContext\u0026lt;O extends OffsetContext\u0026gt; extends SnapshotContext\u0026lt;O\u0026gt; {",
          "DELETE:": "        this.previousOffset \u003d previousOffset;",
          "instance_detail": [
            {
              "pattern_action": "ANY",
              "pattern_entity": {
                "entity_type": "Statement",
                "entity_new value": "*",
                "entity_role": "*",
                "entity_parent": "null"
              },
              "concrete_change": {
                "operator": "DEL",
                "src_type": "LocalVariable",
                "dst_type": "null",
                "src": "io.debezium.pipeline.spi.SnapshotResult result \u003d doExecute(context, ctx, snapshottingTask)",
                "dst": "null",
                "src_parent_type": "Block",
                "dst_parent_type": "null",
                "src_parent": "{\n    snapshotProgressListener.snapshotStarted();\n    io.debezium.pipeline.spi.SnapshotResult result \u003d doExecute(context, ctx, snapshottingTask);\n    return result;\n}",
                "dst_parent": "null"
              },
              "line": 71,
              "file": "/home/khesoem/projects/lighter/exp/debezium-core/src/main/java/io/debezium/pipeline/source/AbstractSnapshotChangeEventSource.java",
              "stats": {
                "number_of_src_entities": 37,
                "number_of_dst_entities": -1,
                "src_entity_types": "[io.debezium.pipeline.source.AbstractSnapshotChangeEventSource.SnapshottingTask, io.debezium.pipeline.spi.SnapshotResult, io.debezium.pipeline.source.AbstractSnapshotChangeEventSource, io.debezium.pipeline.source.AbstractSnapshotChangeEventSource.SnapshotContext, io.debezium.pipeline.source.ChangeEventSourceContext]",
                "dst_entity_types": "[]"
              }
            }
          ]
        },
        {
          "tool-name": "Arja",
          "pattern-name": "Arja:arja_shallow_change",
          "Unified_Diff_of-files:": "Starts Below...",
          "CHANGE_old:": "    public static class RelationalSnapshotContext extends SnapshotContext {",
          "CHANGE_new:": "    public static class RelationalSnapshotContext\u0026lt;O extends OffsetContext\u0026gt; extends SnapshotContext\u0026lt;O\u0026gt; {",
          "DELETE:": "        this.previousOffset \u003d previousOffset;",
          "instance_detail": [
            {
              "pattern_action": "ANY",
              "pattern_entity": {
                "entity_type": "Statement",
                "entity_new value": "*",
                "entity_role": "*",
                "entity_parent": "null"
              },
              "concrete_change": {
                "operator": "DEL",
                "src_type": "Return",
                "dst_type": "null",
                "src": "return result",
                "dst": "null",
                "src_parent_type": "Block",
                "dst_parent_type": "null",
                "src_parent": "{\n    snapshotProgressListener.snapshotStarted();\n    io.debezium.pipeline.spi.SnapshotResult result \u003d doExecute(context, ctx, snapshottingTask);\n    return result;\n}",
                "dst_parent": "null"
              },
              "line": 73,
              "file": "/home/khesoem/projects/lighter/exp/debezium-core/src/main/java/io/debezium/pipeline/source/AbstractSnapshotChangeEventSource.java",
              "stats": {
                "number_of_src_entities": 5,
                "number_of_dst_entities": -1,
                "src_entity_types": "[io.debezium.pipeline.spi.SnapshotResult]",
                "dst_entity_types": "[]"
              }
            }
          ]
        }
      ]
    }
  ],
  "complete_analysis": true
}