{
  "instances": [
    {
      "revision": "0a9fced8bb39ead8e517640c09209e597d425eea",
      "repairability": [
        {
          "tool-name": "Arja",
          "pattern-name": "Arja:arja_shallow_change",
          "Unified_Diff_of-files:": "Starts Below...",
          "CHANGE_old:": "        return new Transaction(transactionId, Scn.valueOf(scn), Instant.parse(changeTime), events, hashes);",
          "CHANGE_new:": "        return new Transaction(transactionId, Scn.valueOf(scn), Instant.parse(changeTime), events, hashes, userName);",
          "INSERT:": "}",
          "instance_detail": [
            {
              "pattern_action": "ANY",
              "pattern_entity": {
                "entity_type": "Statement",
                "entity_new value": "*",
                "entity_role": "*",
                "entity_parent": "null"
              },
              "concrete_change": {
                "operator": "DEL",
                "src_type": "Invocation",
                "dst_type": "null",
                "src": "newTransaction.setUserName(row.getUserName())",
                "dst": "null",
                "src_parent_type": "Block",
                "dst_parent_type": "null",
                "src_parent": "{\n    io.debezium.connector.oracle.logminer.events.Transaction newTransaction \u003d new io.debezium.connector.oracle.logminer.events.Transaction(transactionId, row.getScn(), row.getChangeTime());\n    newTransaction.setUserName(row.getUserName());\n    getTransactionCache().put(transactionId, newTransaction);\n    metrics.setActiveTransactions(getTransactionCache().size());\n}",
                "dst_parent": "null"
              },
              "line": 227,
              "file": "/home/khesoem/projects/lighter/exp/debezium-connector-oracle/src/main/java/io/debezium/connector/oracle/logminer/processor/AbstractLogMinerEventProcessor.java",
              "stats": {
                "number_of_src_entities": 16,
                "number_of_dst_entities": -1,
                "src_entity_types": "[io.debezium.connector.oracle.logminer.events.LogMinerEventRow, io.debezium.connector.oracle.logminer.events.Transaction]",
                "dst_entity_types": "[]"
              }
            }
          ]
        },
        {
          "tool-name": "Arja",
          "pattern-name": "Arja:arja_shallow_change",
          "Unified_Diff_of-files:": "Starts Below...",
          "CHANGE_old:": "        return new Transaction(transactionId, Scn.valueOf(scn), Instant.parse(changeTime), events, hashes);",
          "CHANGE_new:": "        return new Transaction(transactionId, Scn.valueOf(scn), Instant.parse(changeTime), events, hashes, userName);",
          "INSERT:": "}",
          "instance_detail": [
            {
              "pattern_action": "ANY",
              "pattern_entity": {
                "entity_type": "Statement",
                "entity_new value": "*",
                "entity_role": "*",
                "entity_parent": "null"
              },
              "concrete_change": {
                "operator": "DEL",
                "src_type": "Invocation",
                "dst_type": "null",
                "src": "transaction.setUserName(row.getUserName())",
                "dst": "null",
                "src_parent_type": "Block",
                "dst_parent_type": "null",
                "src_parent": "{\n    io.debezium.connector.oracle.logminer.processor.AbstractLogMinerEventProcessor.LOGGER.debug(\"Transaction {} not in cache for DML, creating.\", transactionId);\n    transaction \u003d new io.debezium.connector.oracle.logminer.events.Transaction(transactionId, row.getScn(), row.getChangeTime());\n    transaction.setUserName(row.getUserName());\n    getTransactionCache().put(transactionId, transaction);\n}",
                "dst_parent": "null"
              },
              "line": 481,
              "file": "/home/khesoem/projects/lighter/exp/debezium-connector-oracle/src/main/java/io/debezium/connector/oracle/logminer/processor/AbstractLogMinerEventProcessor.java",
              "stats": {
                "number_of_src_entities": 16,
                "number_of_dst_entities": -1,
                "src_entity_types": "[io.debezium.connector.oracle.logminer.events.LogMinerEventRow, io.debezium.connector.oracle.logminer.events.Transaction]",
                "dst_entity_types": "[]"
              }
            }
          ]
        }
      ]
    },
    {
      "revision": "0a9fced8bb39ead8e517640c09209e597d425eea",
      "repairability": [
        {
          "tool-name": "Arja",
          "pattern-name": "Arja:arja_shallow_change",
          "Unified_Diff_of-files:": "Starts Below...",
          "CHANGE_old:": "        return new Transaction(transactionId, Scn.valueOf(scn), Instant.parse(changeTime), events, hashes);",
          "CHANGE_new:": "        return new Transaction(transactionId, Scn.valueOf(scn), Instant.parse(changeTime), events, hashes, userName);",
          "INSERT:": "}",
          "instance_detail": [
            {
              "pattern_action": "ANY",
              "pattern_entity": {
                "entity_type": "Statement",
                "entity_new value": "*",
                "entity_role": "*",
                "entity_parent": "null"
              },
              "concrete_change": {
                "operator": "DEL",
                "src_type": "If",
                "dst_type": "null",
                "src": "if ((userName !\u003d null) \u0026\u0026 (!(\"UNKNOWN\".equalsIgnoreCase(userName)))) {\n    this.userName \u003d userName;\n}",
                "dst": "null",
                "src_parent_type": "Block",
                "dst_parent_type": "null",
                "src_parent": "{\n    if ((userName !\u003d null) \u0026\u0026 (!(\"UNKNOWN\".equalsIgnoreCase(userName)))) {\n        this.userName \u003d userName;\n    }\n}",
                "dst_parent": "null"
              },
              "line": 90,
              "file": "/home/khesoem/projects/lighter/exp/debezium-connector-oracle/src/main/java/io/debezium/connector/oracle/logminer/events/Transaction.java"
            }
          ]
        }
      ]
    }
  ],
  "complete_analysis": true
}