{
  "instances": [
    {
      "revision": "2e5a5ce001d83ab252267048e87e083a7a974a0b",
      "repairability": [
        {
          "tool-name": "Arja",
          "pattern-name": "Arja:arja_shallow_change",
          "Unified_Diff_of-files:": "Starts Below...",
          "CHANGE_old:": "",
          "CHANGE_new:": "                    problems.accept(MSG_KEY_COLUMNS, substring, substring + \" has an invalid format (expecting \u0027\" + MSG_KEY_COLUMNS_PATTERN.pattern() + \"\u0027)\");",
          "INSERT:": "        }",
          "instance_detail": [
            {
              "pattern_action": "ANY",
              "pattern_entity": {
                "entity_type": "Statement",
                "entity_new value": "*",
                "entity_role": "*",
                "entity_parent": "null"
              },
              "concrete_change": {
                "operator": "DEL",
                "src_type": "Invocation",
                "dst_type": "null",
                "src": "(io.debezium.relational.RelationalDatabaseConnectorConfig.MSG_KEY_COLUMNS.name())",
                "dst": "null",
                "src_parent_type": "BinaryOperator",
                "dst_parent_type": "null",
                "src_parent": "((io.debezium.relational.RelationalDatabaseConnectorConfig.MSG_KEY_COLUMNS.name()) + \" has an invalid format (expecting \u0027\")",
                "dst_parent": "null"
              },
              "line": 718,
              "file": "/home/khesoem/projects/lighter/exp/debezium-core/src/main/java/io/debezium/relational/RelationalDatabaseConnectorConfig.java",
              "stats": {
                "number_of_src_entities": 13,
                "number_of_dst_entities": -1,
                "src_entity_types": "[io.debezium.config.Field, io.debezium.relational.RelationalDatabaseConnectorConfig]",
                "dst_entity_types": "[]"
              }
            }
          ]
        },
        {
          "tool-name": "Arja",
          "pattern-name": "Arja:arja_shallow_change",
          "Unified_Diff_of-files:": "Starts Below...",
          "CHANGE_old:": "",
          "CHANGE_new:": "                    problems.accept(MSG_KEY_COLUMNS, substring, substring + \" has an invalid format (expecting \u0027\" + MSG_KEY_COLUMNS_PATTERN.pattern() + \"\u0027)\");",
          "INSERT:": "        }",
          "instance_detail": [
            {
              "pattern_action": "ANY",
              "pattern_entity": {
                "entity_type": "Statement",
                "entity_new value": "*",
                "entity_role": "*",
                "entity_parent": "null"
              },
              "concrete_change": {
                "operator": "DEL",
                "src_type": "If",
                "dst_type": "null",
                "src": "if ((msgKeyColumns !\u003d null) \u0026\u0026 (!(io.debezium.relational.RelationalDatabaseConnectorConfig.MSG_KEY_COLUMNS_PATTERN.asPredicate().test(msgKeyColumns)))) {\n    problems.accept(io.debezium.relational.RelationalDatabaseConnectorConfig.MSG_KEY_COLUMNS, msgKeyColumns, ((((io.debezium.relational.RelationalDatabaseConnectorConfig.MSG_KEY_COLUMNS.name()) + \" has an invalid format (expecting \u0027\") + (io.debezium.relational.RelationalDatabaseConnectorConfig.MSG_KEY_COLUMNS_PATTERN.pattern())) + \"\u0027)\"));\n    return 1;\n}",
                "dst": "null",
                "src_parent_type": "Block",
                "dst_parent_type": "null",
                "src_parent": "{\n    java.lang.String msgKeyColumns \u003d config.getString(io.debezium.relational.RelationalDatabaseConnectorConfig.MSG_KEY_COLUMNS);\n    if ((msgKeyColumns !\u003d null) \u0026\u0026 (!(io.debezium.relational.RelationalDatabaseConnectorConfig.MSG_KEY_COLUMNS_PATTERN.asPredicate().test(msgKeyColumns)))) {\n        problems.accept(io.debezium.relational.RelationalDatabaseConnectorConfig.MSG_KEY_COLUMNS, msgKeyColumns, ((((io.debezium.relational.RelationalDatabaseConnectorConfig.MSG_KEY_COLUMNS.name()) + \" has an invalid format (expecting \u0027\") + (io.debezium.relational.RelationalDatabaseConnectorConfig.MSG_KEY_COLUMNS_PATTERN.pattern())) + \"\u0027)\"));\n        return 1;\n    }\n    return 0;\n}",
                "dst_parent": "null"
              },
              "line": 717,
              "file": "/home/khesoem/projects/lighter/exp/debezium-core/src/main/java/io/debezium/relational/RelationalDatabaseConnectorConfig.java",
              "stats": {
                "number_of_src_entities": 107,
                "number_of_dst_entities": -1,
                "src_entity_types": "[java.util.regex.Pattern, java.util.function.Predicate, io.debezium.config.Field, int, boolean, io.debezium.config.Field.ValidationOutput, java.lang.String, \u003cnulltype\u003e, io.debezium.relational.RelationalDatabaseConnectorConfig]",
                "dst_entity_types": "[]"
              }
            }
          ]
        }
      ]
    }
  ],
  "complete_analysis": true
}