{
  "instances": [
    {
      "revision": "b0e0052a9c2a5268c60f0b1e56ebfc4754abe5af",
      "repairability": [
        {
          "tool-name": "Arja",
          "pattern-name": "Arja:arja_shallow_change",
          "Unified_Diff_of-files:": "Starts Below...",
          "INSERT:": "        this.lsn \u003d lsn;",
          "instance_detail": [
            {
              "pattern_action": "ANY",
              "pattern_entity": {
                "entity_type": "Statement",
                "entity_new value": "*",
                "entity_role": "*",
                "entity_parent": "null"
              },
              "concrete_change": {
                "operator": "INS",
                "src_type": "Assignment",
                "dst_type": "null",
                "src": "this.lsn \u003d lsn",
                "dst": "null",
                "src_parent_type": "Block",
                "dst_parent_type": "null",
                "src_parent": "{\n    this.lastCommitLsn \u003d lsn;\n    this.lsn \u003d lsn;\n    return this;\n}",
                "dst_parent": "null"
              },
              "line": 135,
              "file": "/home/khesoem/projects/lighter/exp/debezium-connector-postgres/src/main/java/io/debezium/connector/postgresql/SourceInfo.java",
              "stats": {
                "number_of_src_entities": 17,
                "number_of_dst_entities": -1,
                "src_entity_types": "[io.debezium.connector.postgresql.SourceInfo, io.debezium.connector.postgresql.connection.Lsn]",
                "dst_entity_types": "[]"
              }
            }
          ]
        }
      ]
    }
  ],
  "complete_analysis": true
}