{
  "instances": [
    {
      "revision": "629678b4ad0abd67977d52c1613c6c6576b23aa5",
      "repairability": [
        {
          "tool-name": "JGenProg",
          "pattern-name": "JGenProg:any_statement_shallow",
          "Unified_Diff_of-files:": "Starts Below...",
          "INSERT:": "}",
          "CHANGE_old:": "        return new LocalSpringSecurityManager();",
          "CHANGE_new:": "        return new SimpleGrantedAuthoritiesResolver();",
          "instance_detail": [
            {
              "pattern_action": "ANY",
              "pattern_entity": {
                "entity_type": "*",
                "entity_new value": "*",
                "entity_role": "Statement",
                "entity_parent": "null"
              },
              "concrete_change": {
                "operator": "DEL",
                "src_type": "Assignment",
                "dst_type": "null",
                "src": "this.userGroupManager \u003d userGroupManager",
                "dst": "null",
                "src_parent_type": "Block",
                "dst_parent_type": "null",
                "src_parent": "{\n    this.userGroupManager \u003d userGroupManager;\n    this.securityManager \u003d securityManager;\n    this.securityPoliciesProperties \u003d securityPoliciesProperties;\n}",
                "dst_parent": "null"
              },
              "line": 25,
              "file": "/home/khesoem/projects/lighter/exp/activiti-spring-security-policies/src/main/java/org/activiti/core/common/spring/security/policies/BaseSecurityPoliciesManagerImpl.java",
              "stats": {
                "number_of_src_entities": 17,
                "number_of_dst_entities": -1,
                "src_entity_types": "[org.activiti.core.common.spring.security.policies.BaseSecurityPoliciesManagerImpl, org.activiti.api.runtime.shared.identity.UserGroupManager]",
                "dst_entity_types": "[]"
              }
            }
          ]
        },
        {
          "tool-name": "JGenProg",
          "pattern-name": "JGenProg:any_statement_shallow",
          "Unified_Diff_of-files:": "Starts Below...",
          "INSERT:": "}",
          "CHANGE_old:": "        return new LocalSpringSecurityManager();",
          "CHANGE_new:": "        return new SimpleGrantedAuthoritiesResolver();",
          "instance_detail": [
            {
              "pattern_action": "ANY",
              "pattern_entity": {
                "entity_type": "*",
                "entity_new value": "*",
                "entity_role": "Statement",
                "entity_parent": "null"
              },
              "concrete_change": {
                "operator": "DEL",
                "src_type": "LocalVariable",
                "dst_type": "null",
                "src": "java.util.List\u003cjava.lang.String\u003e userRoles \u003d userGroupManager.getUserRoles(authenticatedUserId)",
                "dst": "null",
                "src_parent_type": "Block",
                "dst_parent_type": "null",
                "src_parent": "{\n    java.lang.String authenticatedUserId \u003d securityManager.getAuthenticatedUserId();\n    java.util.List\u003cjava.lang.String\u003e userRoles \u003d userGroupManager.getUserRoles(authenticatedUserId);\n    java.util.List\u003corg.activiti.core.common.spring.security.policies.SecurityPolicy\u003e policies \u003d securityPoliciesProperties.getPolicies();\n    java.util.Map\u003cjava.lang.String, java.util.Set\u003cjava.lang.String\u003e\u003e definitionKeysAllowedByPolicy \u003d new java.util.HashMap\u003c\u003e();\n    java.util.List\u003cjava.lang.String\u003e groups \u003d null;\n    if (((userGroupManager) !\u003d null) \u0026\u0026 (authenticatedUserId !\u003d null)) {\n        groups \u003d userGroupManager.getUserGroups(authenticatedUserId);\n    }\n    for (org.activiti.core.common.spring.security.policies.SecurityPolicy ssp : policies) {\n        definitionKeysAllowedByPolicy.computeIfAbsent(ssp.getServiceName(), ( k) -\u003e new org.activiti.core.common.spring.security.policies.HashSet\u003c\u003e());\n        if ((isUserInPolicy(ssp, authenticatedUserId)) || (isGroupInPolicy(ssp, groups))) {\n            java.util.List\u003corg.activiti.core.common.spring.security.policies.SecurityPolicyAccess\u003e securityPolicyAccesses \u003d java.util.Arrays.asList(securityPoliciesAccess);\n            if (securityPolicyAccesses.contains(SecurityPolicyAccess.WRITE)) {\n                if (ssp.getAccess().equals(SecurityPolicyAccess.WRITE)) {\n                    definitionKeysAllowedByPolicy.get(ssp.getServiceName()).addAll(ssp.getKeys());\n                }\n            } else\n                if (securityPolicyAccesses.contains(SecurityPolicyAccess.READ)) {\n                    if ((ssp.getAccess().equals(SecurityPolicyAccess.READ)) || (ssp.getAccess().equals(SecurityPolicyAccess.WRITE))) {\n                        definitionKeysAllowedByPolicy.get(ssp.getServiceName()).addAll(ssp.getKeys());\n                    }\n                }\n\n        }\n    }\n    return definitionKeysAllowedByPolicy;\n}",
                "dst_parent": "null"
              },
              "line": 38,
              "file": "/home/khesoem/projects/lighter/exp/activiti-spring-security-policies/src/main/java/org/activiti/core/common/spring/security/policies/BaseSecurityPoliciesManagerImpl.java",
              "stats": {
                "number_of_src_entities": 31,
                "number_of_dst_entities": -1,
                "src_entity_types": "[org.activiti.core.common.spring.security.policies.BaseSecurityPoliciesManagerImpl, org.activiti.api.runtime.shared.identity.UserGroupManager, java.lang.String, java.util.List\u003cjava.lang.String\u003e]",
                "dst_entity_types": "[]"
              }
            }
          ]
        }
      ]
    },
    {
      "revision": "629678b4ad0abd67977d52c1613c6c6576b23aa5",
      "repairability": [
        {
          "tool-name": "JGenProg",
          "pattern-name": "JGenProg:any_statement_shallow",
          "Unified_Diff_of-files:": "Starts Below...",
          "INSERT:": "}",
          "CHANGE_old:": "        return new LocalSpringSecurityManager();",
          "CHANGE_new:": "        return new SimpleGrantedAuthoritiesResolver();",
          "instance_detail": [
            {
              "pattern_action": "ANY",
              "pattern_entity": {
                "entity_type": "*",
                "entity_new value": "*",
                "entity_role": "Statement",
                "entity_parent": "null"
              },
              "concrete_change": {
                "operator": "DEL",
                "src_type": "Return",
                "dst_type": "null",
                "src": "return \"\"",
                "dst": "null",
                "src_parent_type": "Block",
                "dst_parent_type": "null",
                "src_parent": "{\n    return \"\";\n}",
                "dst_parent": "null"
              },
              "line": 13,
              "file": "/home/khesoem/projects/lighter/exp/activiti-spring-security/src/main/java/org/activiti/core/common/spring/security/LocalSpringSecurityManager.java"
            }
          ]
        },
        {
          "tool-name": "JGenProg",
          "pattern-name": "JGenProg:any_statement_shallow",
          "Unified_Diff_of-files:": "Starts Below...",
          "INSERT:": "}",
          "CHANGE_old:": "        return new LocalSpringSecurityManager();",
          "CHANGE_new:": "        return new SimpleGrantedAuthoritiesResolver();",
          "instance_detail": [
            {
              "pattern_action": "ANY",
              "pattern_entity": {
                "entity_type": "*",
                "entity_new value": "*",
                "entity_role": "Statement",
                "entity_parent": "null"
              },
              "concrete_change": {
                "operator": "DEL",
                "src_type": "If",
                "dst_type": "null",
                "src": "if ((org.springframework.security.core.context.SecurityContextHolder.getContext().getAuthentication()) \u003d\u003d null) {\n    return \"\";\n}",
                "dst": "null",
                "src_parent_type": "Block",
                "dst_parent_type": "null",
                "src_parent": "{\n    if ((org.springframework.security.core.context.SecurityContextHolder.getContext().getAuthentication()) \u003d\u003d null) {\n        return \"\";\n    }\n    return org.springframework.security.core.context.SecurityContextHolder.getContext().getAuthentication().getName();\n}",
                "dst_parent": "null"
              },
              "line": 12,
              "file": "/home/khesoem/projects/lighter/exp/activiti-spring-security/src/main/java/org/activiti/core/common/spring/security/LocalSpringSecurityManager.java"
            }
          ]
        },
        {
          "tool-name": "JGenProg",
          "pattern-name": "JGenProg:any_statement_shallow",
          "Unified_Diff_of-files:": "Starts Below...",
          "INSERT:": "}",
          "CHANGE_old:": "        return new LocalSpringSecurityManager();",
          "CHANGE_new:": "        return new SimpleGrantedAuthoritiesResolver();",
          "instance_detail": [
            {
              "pattern_action": "ANY",
              "pattern_entity": {
                "entity_type": "*",
                "entity_new value": "*",
                "entity_role": "Statement",
                "entity_parent": "null"
              },
              "concrete_change": {
                "operator": "DEL",
                "src_type": "Return",
                "dst_type": "null",
                "src": "return org.springframework.security.core.context.SecurityContextHolder.getContext().getAuthentication().getName()",
                "dst": "null",
                "src_parent_type": "Block",
                "dst_parent_type": "null",
                "src_parent": "{\n    if ((org.springframework.security.core.context.SecurityContextHolder.getContext().getAuthentication()) \u003d\u003d null) {\n        return \"\";\n    }\n    return org.springframework.security.core.context.SecurityContextHolder.getContext().getAuthentication().getName();\n}",
                "dst_parent": "null"
              },
              "line": 15,
              "file": "/home/khesoem/projects/lighter/exp/activiti-spring-security/src/main/java/org/activiti/core/common/spring/security/LocalSpringSecurityManager.java"
            }
          ]
        }
      ]
    }
  ],
  "complete_analysis": true
}