{
  "instances": [
    {
      "revision": "991b6558d5f886bd3547f55187f9e8bc61fbb337",
      "repairability": [
        {
          "tool-name": "JGenProg",
          "pattern-name": "JGenProg:any_statement_deep",
          "Unified_Diff_of-files:": "Starts Below...",
          "CHANGE_old:": "        // Set processInstance name",
          "CHANGE_new:": "    private void setProcessInstanceName(CommandContext commandContext, ExecutionEntity processInstance, String processInstanceName){",
          "INSERT:": "        recordStartProcessInstance(commandContext, initialFlowElement, processInstance);",
          "DELETE:": "",
          "instance_detail": [
            {
              "pattern_action": "ANY",
              "pattern_entity": {
                "entity_type": "*",
                "entity_new value": "*",
                "entity_role": "*",
                "entity_parent": {
                  "entity_type": "*",
                  "entity_new value": "*",
                  "entity_role": "Statement",
                  "entity_parent": "null"
                }
              },
              "concrete_change": {
                "operator": "INS",
                "src_type": "Invocation",
                "dst_type": "null",
                "src": "startProcessPayload.getVariables()",
                "dst": "null",
                "src_parent_type": "Invocation",
                "dst_parent_type": "null",
                "src_parent": "runtimeService.startCreatedProcessInstance(internalProcessInstance, startProcessPayload.getVariables())",
                "dst_parent": "null"
              },
              "line": 275,
              "file": "/home/khesoem/projects/lighter/exp/activiti-core/activiti-api-impl/activiti-api-process-runtime-impl/src/main/java/org/activiti/runtime/api/impl/ProcessRuntimeImpl.java",
              "stats": {
                "number_of_src_entities": 8,
                "number_of_dst_entities": -1,
                "src_entity_types": "[org.activiti.api.process.model.payloads.StartProcessPayload]",
                "dst_entity_types": "[]"
              }
            }
          ]
        }
      ]
    }
  ],
  "complete_analysis": true
}