{
  "instances": [
    {
      "revision": "f6586539efc76df1967307830a3b576224fb2bb9",
      "repairability": [
        {
          "tool-name": "JGenProg",
          "pattern-name": "JGenProg:any_statement_deep",
          "Unified_Diff_of-files:": "Starts Below...",
          "CHANGE_old:": "                    Either\u0026lt;Expression, AssignmentTarget\u0026gt; expr \u003d this.parseAssignmentExpressionOrTarget(); //TODO inherit cover grammar",
          "CHANGE_new:": "                    Either\u0026lt;Expression, AssignmentTarget\u0026gt; expr \u003d this.inheritCoverGrammar(this::parseAssignmentExpressionOrTarget);",
          "instance_detail": [
            {
              "pattern_action": "ANY",
              "pattern_entity": {
                "entity_type": "*",
                "entity_new value": "*",
                "entity_role": "*",
                "entity_parent": {
                  "entity_type": "*",
                  "entity_new value": "*",
                  "entity_role": "Statement",
                  "entity_parent": "null"
                }
              },
              "concrete_change": {
                "operator": "UPD",
                "src_type": "Lambda",
                "dst_type": "Lambda",
                "src": "() -\u003e this.parseLeftHandSideExpression(true)",
                "dst": "() -\u003e this.parseLeftHandSideExpression(true)",
                "src_parent_type": "Invocation",
                "dst_parent_type": "Invocation",
                "src_parent": "this.isolateCoverGrammar(() -\u003e this.parseLeftHandSideExpression(true))",
                "dst_parent": "this.isolateCoverGrammar(() -\u003e this.parseLeftHandSideExpression(true))"
              },
              "line": 2171,
              "file": "/home/khesoem/projects/lighter/exp/src/main/java/com/shapesecurity/shift/es2016/parser/GenericParser.java",
              "stats": {
                "number_of_src_entities": 27,
                "number_of_dst_entities": 27,
                "src_entity_types": "[boolean, com.shapesecurity.shift.es2016.parser.GenericParser.ExceptionalSupplier\u003cT\u003e, com.shapesecurity.shift.es2016.parser.GenericParser, com.shapesecurity.shift.es2016.parser.GenericParser\u003cAdditionalStateT\u003e]",
                "dst_entity_types": "[boolean, com.shapesecurity.shift.es2016.parser.GenericParser.ExceptionalSupplier\u003cT\u003e, com.shapesecurity.shift.es2016.parser.GenericParser, com.shapesecurity.shift.es2016.parser.GenericParser\u003cAdditionalStateT\u003e]"
              }
            }
          ]
        },
        {
          "tool-name": "JGenProg",
          "pattern-name": "JGenProg:any_statement_deep",
          "Unified_Diff_of-files:": "Starts Below...",
          "CHANGE_old:": "                    Either\u0026lt;Expression, AssignmentTarget\u0026gt; expr \u003d this.parseAssignmentExpressionOrTarget(); //TODO inherit cover grammar",
          "CHANGE_new:": "                    Either\u0026lt;Expression, AssignmentTarget\u0026gt; expr \u003d this.inheritCoverGrammar(this::parseAssignmentExpressionOrTarget);",
          "instance_detail": [
            {
              "pattern_action": "ANY",
              "pattern_entity": {
                "entity_type": "*",
                "entity_new value": "*",
                "entity_role": "*",
                "entity_parent": {
                  "entity_type": "*",
                  "entity_new value": "*",
                  "entity_role": "Statement",
                  "entity_parent": "null"
                }
              },
              "concrete_change": {
                "operator": "UPD",
                "src_type": "Invocation",
                "dst_type": "Invocation",
                "src": "this.parseAssignmentExpressionOrTarget()",
                "dst": "this.inheritCoverGrammar(this::parseAssignmentExpressionOrTarget)",
                "src_parent_type": "LocalVariable",
                "dst_parent_type": "LocalVariable",
                "src_parent": "com.shapesecurity.shift.es2016.parser.Either\u003ccom.shapesecurity.shift.es2016.parser.Expression, com.shapesecurity.shift.es2016.parser.AssignmentTarget\u003e expr \u003d this.parseAssignmentExpressionOrTarget()",
                "dst_parent": "com.shapesecurity.shift.es2016.parser.Either\u003ccom.shapesecurity.shift.es2016.parser.Expression, com.shapesecurity.shift.es2016.parser.AssignmentTarget\u003e expr \u003d this.inheritCoverGrammar(this::parseAssignmentExpressionOrTarget)"
              },
              "line": 1768,
              "file": "/home/khesoem/projects/lighter/exp/src/main/java/com/shapesecurity/shift/es2016/parser/GenericParser.java",
              "stats": {
                "number_of_src_entities": 17,
                "number_of_dst_entities": 43,
                "src_entity_types": "[com.shapesecurity.shift.es2016.parser.GenericParser\u003cAdditionalStateT\u003e, com.shapesecurity.shift.es2016.parser.GenericParser]",
                "dst_entity_types": "[com.shapesecurity.shift.es2016.parser.Expression, com.shapesecurity.shift.es2016.parser.Either\u003ccom.shapesecurity.shift.es2016.parser.Expression, com.shapesecurity.shift.es2016.parser.AssignmentTarget\u003e, com.shapesecurity.shift.es2016.parser.AssignmentTarget, com.shapesecurity.shift.es2016.parser.GenericParser.ExceptionalSupplier\u003ccom.shapesecurity.shift.es2016.parser.Either\u003ccom.shapesecurity.shift.es2016.parser.Expression, com.shapesecurity.shift.es2016.parser.AssignmentTarget\u003e\u003e, com.shapesecurity.shift.es2016.parser.GenericParser\u003cAdditionalStateT\u003e, com.shapesecurity.shift.es2016.parser.GenericParser]"
              }
            }
          ]
        }
      ]
    }
  ],
  "complete_analysis": true
}