{
  "instances": [
    {
      "revision": "221bc32c81cef8e66fdb15511a27a2bc4c5327ab",
      "repairability": [
        {
          "tool-name": "JGenProg",
          "pattern-name": "JGenProg:any_statement_shallow",
          "Unified_Diff_of-files:": "Starts Below...",
          "INSERT:": "  @Override",
          "CHANGE_old:": "      if (hasBadChars) {",
          "CHANGE_new:": "      if (!hasValidFlags) {",
          "instance_detail": [
            {
              "pattern_action": "ANY",
              "pattern_entity": {
                "entity_type": "*",
                "entity_new value": "*",
                "entity_role": "Statement",
                "entity_parent": "null"
              },
              "concrete_change": {
                "operator": "DEL",
                "src_type": "Assignment",
                "dst_type": "null",
                "src": "s.bindingIdentifierNameCanBeDefault \u003d true",
                "dst": "null",
                "src_parent_type": "Block",
                "dst_parent_type": "null",
                "src_parent": "{\n    s.bindingIdentifierNameCanBeDefault \u003d true;\n}",
                "dst_parent": "null"
              },
              "line": 176,
              "file": "/home/khesoem/projects/lighter/exp/src/main/java/com/shapesecurity/shift/validator/Validator.java",
              "stats": {
                "number_of_src_entities": 9,
                "number_of_dst_entities": -1,
                "src_entity_types": "[boolean, com.shapesecurity.shift.validator.ValidationContext]",
                "dst_entity_types": "[]"
              }
            }
          ]
        },
        {
          "tool-name": "JGenProg",
          "pattern-name": "JGenProg:any_statement_deep",
          "Unified_Diff_of-files:": "Starts Below...",
          "INSERT:": "  @Override",
          "CHANGE_old:": "      if (hasBadChars) {",
          "CHANGE_new:": "      if (!hasValidFlags) {",
          "instance_detail": [
            {
              "pattern_action": "ANY",
              "pattern_entity": {
                "entity_type": "*",
                "entity_new value": "*",
                "entity_role": "*",
                "entity_parent": {
                  "entity_type": "*",
                  "entity_new value": "*",
                  "entity_role": "Statement",
                  "entity_parent": "null"
                }
              },
              "concrete_change": {
                "operator": "INS",
                "src_type": "FieldRead",
                "dst_type": "null",
                "src": "tokenizer.lookahead",
                "dst": "null",
                "src_parent_type": "LocalVariable",
                "dst_parent_type": "null",
                "src_parent": "com.shapesecurity.shift.parser.Token token \u003d tokenizer.lookahead",
                "dst_parent": "null"
              },
              "line": 117,
              "file": "/home/khesoem/projects/lighter/exp/src/main/java/com/shapesecurity/shift/validator/Validator.java",
              "stats": {
                "number_of_src_entities": 6,
                "number_of_dst_entities": -1,
                "src_entity_types": "[com.shapesecurity.shift.parser.Tokenizer]",
                "dst_entity_types": "[]"
              }
            }
          ]
        }
      ]
    },
    {
      "revision": "221bc32c81cef8e66fdb15511a27a2bc4c5327ab",
      "repairability": [
        {
          "tool-name": "JGenProg",
          "pattern-name": "JGenProg:any_statement_deep",
          "Unified_Diff_of-files:": "Starts Below...",
          "INSERT:": "  @Override",
          "CHANGE_old:": "      if (hasBadChars) {",
          "CHANGE_new:": "      if (!hasValidFlags) {",
          "instance_detail": [
            {
              "pattern_action": "ANY",
              "pattern_entity": {
                "entity_type": "*",
                "entity_new value": "*",
                "entity_role": "*",
                "entity_parent": {
                  "entity_type": "*",
                  "entity_new value": "*",
                  "entity_role": "Statement",
                  "entity_parent": "null"
                }
              },
              "concrete_change": {
                "operator": "INS",
                "src_type": "ConstructorCall",
                "dst_type": "null",
                "src": "new java.util.ArrayList\u003c\u003e()",
                "dst": "null",
                "src_parent_type": "Invocation",
                "dst_parent_type": "null",
                "src_parent": "this(new java.util.ArrayList\u003c\u003e(), new java.util.ArrayList\u003c\u003e(), new java.util.ArrayList\u003c\u003e())",
                "dst_parent": "null"
              },
              "line": 45,
              "file": "/home/khesoem/projects/lighter/exp/src/main/java/com/shapesecurity/shift/validator/ValidationContext.java",
              "stats": {
                "number_of_src_entities": 8,
                "number_of_dst_entities": -1,
                "src_entity_types": "[java.util.ArrayList]",
                "dst_entity_types": "[]"
              }
            }
          ]
        }
      ]
    },
    {
      "revision": "221bc32c81cef8e66fdb15511a27a2bc4c5327ab",
      "repairability": [
        {
          "tool-name": "JGenProg",
          "pattern-name": "JGenProg:any_statement_shallow",
          "Unified_Diff_of-files:": "Starts Below...",
          "INSERT:": "  @Override",
          "CHANGE_old:": "      if (hasBadChars) {",
          "CHANGE_new:": "      if (!hasValidFlags) {",
          "instance_detail": [
            {
              "pattern_action": "ANY",
              "pattern_entity": {
                "entity_type": "*",
                "entity_new value": "*",
                "entity_role": "Statement",
                "entity_parent": "null"
              },
              "concrete_change": {
                "operator": "DEL",
                "src_type": "LocalVariable",
                "dst_type": "null",
                "src": "double number \u003d ctx.random.nextDouble()",
                "dst": "null",
                "src_parent_type": "Block",
                "dst_parent_type": "null",
                "src_parent": "{\n    double number \u003d ctx.random.nextDouble();\n    if ((number \u003e\u003d 0) \u0026\u0026 (number \u003c (1.0 / 4))) {\n        return com.shapesecurity.shift.fuzzer.Fuzzer.randomArrayBinding(ctx, depth);\n    } else\n        if ((number \u003e\u003d (1.0 / 3)) \u0026\u0026 (number \u003c (2.0 / 3))) {\n            return com.shapesecurity.shift.fuzzer.Fuzzer.randomObjectBinding(ctx, depth);\n        } else {\n            return com.shapesecurity.shift.fuzzer.Fuzzer.randomBindingIdentifier(ctx, depth);\n        }\n\n}",
                "dst_parent": "null"
              },
              "line": 555,
              "file": "/home/khesoem/projects/lighter/exp/src/main/java/com/shapesecurity/shift/fuzzer/Fuzzer.java"
            }
          ]
        },
        {
          "tool-name": "JGenProg",
          "pattern-name": "JGenProg:any_statement_shallow",
          "Unified_Diff_of-files:": "Starts Below...",
          "INSERT:": "  @Override",
          "CHANGE_old:": "      if (hasBadChars) {",
          "CHANGE_new:": "      if (!hasValidFlags) {",
          "instance_detail": [
            {
              "pattern_action": "ANY",
              "pattern_entity": {
                "entity_type": "*",
                "entity_new value": "*",
                "entity_role": "Statement",
                "entity_parent": "null"
              },
              "concrete_change": {
                "operator": "DEL",
                "src_type": "If",
                "dst_type": "null",
                "src": "if ((number \u003e\u003d (1.0 / 3)) \u0026\u0026 (number \u003c (2.0 / 3))) {\n    return com.shapesecurity.shift.fuzzer.Fuzzer.randomObjectBinding(ctx, depth);\n} else {\n    return com.shapesecurity.shift.fuzzer.Fuzzer.randomBindingIdentifier(ctx, depth);\n}",
                "dst": "null",
                "src_parent_type": "Block",
                "dst_parent_type": "null",
                "src_parent": "if ((number \u003e\u003d (1.0 / 3)) \u0026\u0026 (number \u003c (2.0 / 3))) {\n        return com.shapesecurity.shift.fuzzer.Fuzzer.randomObjectBinding(ctx, depth);\n    } else {\n        return com.shapesecurity.shift.fuzzer.Fuzzer.randomBindingIdentifier(ctx, depth);\n    }\n",
                "dst_parent": "null"
              },
              "line": 558,
              "file": "/home/khesoem/projects/lighter/exp/src/main/java/com/shapesecurity/shift/fuzzer/Fuzzer.java"
            }
          ]
        },
        {
          "tool-name": "JGenProg",
          "pattern-name": "JGenProg:any_statement_shallow",
          "Unified_Diff_of-files:": "Starts Below...",
          "INSERT:": "  @Override",
          "CHANGE_old:": "      if (hasBadChars) {",
          "CHANGE_new:": "      if (!hasValidFlags) {",
          "instance_detail": [
            {
              "pattern_action": "ANY",
              "pattern_entity": {
                "entity_type": "*",
                "entity_new value": "*",
                "entity_role": "Statement",
                "entity_parent": "null"
              },
              "concrete_change": {
                "operator": "DEL",
                "src_type": "If",
                "dst_type": "null",
                "src": "if ((number \u003e\u003d 0) \u0026\u0026 (number \u003c (1.0 / 4))) {\n    return com.shapesecurity.shift.fuzzer.Fuzzer.randomArrayBinding(ctx, depth);\n} else\n    if ((number \u003e\u003d (1.0 / 3)) \u0026\u0026 (number \u003c (2.0 / 3))) {\n        return com.shapesecurity.shift.fuzzer.Fuzzer.randomObjectBinding(ctx, depth);\n    } else {\n        return com.shapesecurity.shift.fuzzer.Fuzzer.randomBindingIdentifier(ctx, depth);\n    }\n",
                "dst": "null",
                "src_parent_type": "Block",
                "dst_parent_type": "null",
                "src_parent": "{\n    double number \u003d ctx.random.nextDouble();\n    if ((number \u003e\u003d 0) \u0026\u0026 (number \u003c (1.0 / 4))) {\n        return com.shapesecurity.shift.fuzzer.Fuzzer.randomArrayBinding(ctx, depth);\n    } else\n        if ((number \u003e\u003d (1.0 / 3)) \u0026\u0026 (number \u003c (2.0 / 3))) {\n            return com.shapesecurity.shift.fuzzer.Fuzzer.randomObjectBinding(ctx, depth);\n        } else {\n            return com.shapesecurity.shift.fuzzer.Fuzzer.randomBindingIdentifier(ctx, depth);\n        }\n\n}",
                "dst_parent": "null"
              },
              "line": 556,
              "file": "/home/khesoem/projects/lighter/exp/src/main/java/com/shapesecurity/shift/fuzzer/Fuzzer.java"
            }
          ]
        },
        {
          "tool-name": "JGenProg",
          "pattern-name": "JGenProg:any_statement_shallow",
          "Unified_Diff_of-files:": "Starts Below...",
          "INSERT:": "  @Override",
          "CHANGE_old:": "      if (hasBadChars) {",
          "CHANGE_new:": "      if (!hasValidFlags) {",
          "instance_detail": [
            {
              "pattern_action": "ANY",
              "pattern_entity": {
                "entity_type": "*",
                "entity_new value": "*",
                "entity_role": "Statement",
                "entity_parent": "null"
              },
              "concrete_change": {
                "operator": "DEL",
                "src_type": "LocalVariable",
                "dst_type": "null",
                "src": "double number \u003d ctx.random.nextDouble()",
                "dst": "null",
                "src_parent_type": "Block",
                "dst_parent_type": "null",
                "src_parent": "{\n    double number \u003d ctx.random.nextDouble();\n    if ((number \u003e\u003d 0) \u0026\u0026 (number \u003c (1.0 / 3))) {\n        return com.shapesecurity.shift.fuzzer.Fuzzer.randomFunctionDeclaration(ctx, depth);\n    } else\n        if ((number \u003e\u003d (1.0 / 3)) \u0026\u0026 (number \u003c (2.0 / 3))) {\n            return com.shapesecurity.shift.fuzzer.Fuzzer.randomClassDeclaration(ctx, depth);\n        } else {\n            return com.shapesecurity.shift.fuzzer.Fuzzer.randomExpression(ctx, depth);\n        }\n\n}",
                "dst_parent": "null"
              },
              "line": 596,
              "file": "/home/khesoem/projects/lighter/exp/src/main/java/com/shapesecurity/shift/fuzzer/Fuzzer.java",
              "stats": {
                "number_of_src_entities": 13,
                "number_of_dst_entities": -1,
                "src_entity_types": "[com.shapesecurity.shift.fuzzer.GenCtx, double, ctx.random]",
                "dst_entity_types": "[]"
              }
            }
          ]
        },
        {
          "tool-name": "JGenProg",
          "pattern-name": "JGenProg:any_statement_shallow",
          "Unified_Diff_of-files:": "Starts Below...",
          "INSERT:": "  @Override",
          "CHANGE_old:": "      if (hasBadChars) {",
          "CHANGE_new:": "      if (!hasValidFlags) {",
          "instance_detail": [
            {
              "pattern_action": "ANY",
              "pattern_entity": {
                "entity_type": "*",
                "entity_new value": "*",
                "entity_role": "Statement",
                "entity_parent": "null"
              },
              "concrete_change": {
                "operator": "DEL",
                "src_type": "If",
                "dst_type": "null",
                "src": "if ((number \u003e\u003d (1.0 / 3)) \u0026\u0026 (number \u003c (2.0 / 3))) {\n    return com.shapesecurity.shift.fuzzer.Fuzzer.randomClassDeclaration(ctx, depth);\n} else {\n    return com.shapesecurity.shift.fuzzer.Fuzzer.randomExpression(ctx, depth);\n}",
                "dst": "null",
                "src_parent_type": "Block",
                "dst_parent_type": "null",
                "src_parent": "if ((number \u003e\u003d (1.0 / 3)) \u0026\u0026 (number \u003c (2.0 / 3))) {\n        return com.shapesecurity.shift.fuzzer.Fuzzer.randomClassDeclaration(ctx, depth);\n    } else {\n        return com.shapesecurity.shift.fuzzer.Fuzzer.randomExpression(ctx, depth);\n    }\n",
                "dst_parent": "null"
              },
              "line": 599,
              "file": "/home/khesoem/projects/lighter/exp/src/main/java/com/shapesecurity/shift/fuzzer/Fuzzer.java"
            }
          ]
        },
        {
          "tool-name": "JGenProg",
          "pattern-name": "JGenProg:any_statement_shallow",
          "Unified_Diff_of-files:": "Starts Below...",
          "INSERT:": "  @Override",
          "CHANGE_old:": "      if (hasBadChars) {",
          "CHANGE_new:": "      if (!hasValidFlags) {",
          "instance_detail": [
            {
              "pattern_action": "ANY",
              "pattern_entity": {
                "entity_type": "*",
                "entity_new value": "*",
                "entity_role": "Statement",
                "entity_parent": "null"
              },
              "concrete_change": {
                "operator": "DEL",
                "src_type": "If",
                "dst_type": "null",
                "src": "if ((number \u003e\u003d 0) \u0026\u0026 (number \u003c (1.0 / 3))) {\n    return com.shapesecurity.shift.fuzzer.Fuzzer.randomFunctionDeclaration(ctx, depth);\n} else\n    if ((number \u003e\u003d (1.0 / 3)) \u0026\u0026 (number \u003c (2.0 / 3))) {\n        return com.shapesecurity.shift.fuzzer.Fuzzer.randomClassDeclaration(ctx, depth);\n    } else {\n        return com.shapesecurity.shift.fuzzer.Fuzzer.randomExpression(ctx, depth);\n    }\n",
                "dst": "null",
                "src_parent_type": "Block",
                "dst_parent_type": "null",
                "src_parent": "{\n    double number \u003d ctx.random.nextDouble();\n    if ((number \u003e\u003d 0) \u0026\u0026 (number \u003c (1.0 / 3))) {\n        return com.shapesecurity.shift.fuzzer.Fuzzer.randomFunctionDeclaration(ctx, depth);\n    } else\n        if ((number \u003e\u003d (1.0 / 3)) \u0026\u0026 (number \u003c (2.0 / 3))) {\n            return com.shapesecurity.shift.fuzzer.Fuzzer.randomClassDeclaration(ctx, depth);\n        } else {\n            return com.shapesecurity.shift.fuzzer.Fuzzer.randomExpression(ctx, depth);\n        }\n\n}",
                "dst_parent": "null"
              },
              "line": 597,
              "file": "/home/khesoem/projects/lighter/exp/src/main/java/com/shapesecurity/shift/fuzzer/Fuzzer.java",
              "stats": {
                "number_of_src_entities": 110,
                "number_of_dst_entities": -1,
                "src_entity_types": "[com.shapesecurity.shift.fuzzer.Fuzzer, int, boolean, com.shapesecurity.shift.fuzzer.GenCtx, double]",
                "dst_entity_types": "[]"
              }
            }
          ]
        },
        {
          "tool-name": "JGenProg",
          "pattern-name": "JGenProg:any_statement_shallow",
          "Unified_Diff_of-files:": "Starts Below...",
          "INSERT:": "  @Override",
          "CHANGE_old:": "      if (hasBadChars) {",
          "CHANGE_new:": "      if (!hasValidFlags) {",
          "instance_detail": [
            {
              "pattern_action": "ANY",
              "pattern_entity": {
                "entity_type": "*",
                "entity_new value": "*",
                "entity_role": "Statement",
                "entity_parent": "null"
              },
              "concrete_change": {
                "operator": "DEL",
                "src_type": "LocalVariable",
                "dst_type": "null",
                "src": "double number \u003d ctx.random.nextDouble()",
                "dst": "null",
                "src_parent_type": "Block",
                "dst_parent_type": "null",
                "src_parent": "{\n    double number \u003d ctx.random.nextDouble();\n    if ((number \u003e\u003d 0) \u0026\u0026 (number \u003c (1.0 / 3))) {\n        return com.shapesecurity.shift.fuzzer.Fuzzer.randomFunctionDeclaration(ctx, depth);\n    } else\n        if ((number \u003e\u003d (1.0 / 3)) \u0026\u0026 (number \u003c (2.0 / 3))) {\n            return com.shapesecurity.shift.fuzzer.Fuzzer.randomClassDeclaration(ctx, depth);\n        } else {\n            return com.shapesecurity.shift.fuzzer.Fuzzer.randomVariableDeclaration(ctx, depth);\n        }\n\n}",
                "dst_parent": "null"
              },
              "line": 608,
              "file": "/home/khesoem/projects/lighter/exp/src/main/java/com/shapesecurity/shift/fuzzer/Fuzzer.java",
              "stats": {
                "number_of_src_entities": 13,
                "number_of_dst_entities": -1,
                "src_entity_types": "[com.shapesecurity.shift.fuzzer.GenCtx, double, ctx.random]",
                "dst_entity_types": "[]"
              }
            }
          ]
        },
        {
          "tool-name": "JGenProg",
          "pattern-name": "JGenProg:any_statement_shallow",
          "Unified_Diff_of-files:": "Starts Below...",
          "INSERT:": "  @Override",
          "CHANGE_old:": "      if (hasBadChars) {",
          "CHANGE_new:": "      if (!hasValidFlags) {",
          "instance_detail": [
            {
              "pattern_action": "ANY",
              "pattern_entity": {
                "entity_type": "*",
                "entity_new value": "*",
                "entity_role": "Statement",
                "entity_parent": "null"
              },
              "concrete_change": {
                "operator": "DEL",
                "src_type": "If",
                "dst_type": "null",
                "src": "if ((number \u003e\u003d (1.0 / 3)) \u0026\u0026 (number \u003c (2.0 / 3))) {\n    return com.shapesecurity.shift.fuzzer.Fuzzer.randomClassDeclaration(ctx, depth);\n} else {\n    return com.shapesecurity.shift.fuzzer.Fuzzer.randomVariableDeclaration(ctx, depth);\n}",
                "dst": "null",
                "src_parent_type": "Block",
                "dst_parent_type": "null",
                "src_parent": "if ((number \u003e\u003d (1.0 / 3)) \u0026\u0026 (number \u003c (2.0 / 3))) {\n        return com.shapesecurity.shift.fuzzer.Fuzzer.randomClassDeclaration(ctx, depth);\n    } else {\n        return com.shapesecurity.shift.fuzzer.Fuzzer.randomVariableDeclaration(ctx, depth);\n    }\n",
                "dst_parent": "null"
              },
              "line": 611,
              "file": "/home/khesoem/projects/lighter/exp/src/main/java/com/shapesecurity/shift/fuzzer/Fuzzer.java"
            }
          ]
        },
        {
          "tool-name": "JGenProg",
          "pattern-name": "JGenProg:any_statement_shallow",
          "Unified_Diff_of-files:": "Starts Below...",
          "INSERT:": "  @Override",
          "CHANGE_old:": "      if (hasBadChars) {",
          "CHANGE_new:": "      if (!hasValidFlags) {",
          "instance_detail": [
            {
              "pattern_action": "ANY",
              "pattern_entity": {
                "entity_type": "*",
                "entity_new value": "*",
                "entity_role": "Statement",
                "entity_parent": "null"
              },
              "concrete_change": {
                "operator": "DEL",
                "src_type": "If",
                "dst_type": "null",
                "src": "if ((number \u003e\u003d 0) \u0026\u0026 (number \u003c (1.0 / 3))) {\n    return com.shapesecurity.shift.fuzzer.Fuzzer.randomFunctionDeclaration(ctx, depth);\n} else\n    if ((number \u003e\u003d (1.0 / 3)) \u0026\u0026 (number \u003c (2.0 / 3))) {\n        return com.shapesecurity.shift.fuzzer.Fuzzer.randomClassDeclaration(ctx, depth);\n    } else {\n        return com.shapesecurity.shift.fuzzer.Fuzzer.randomVariableDeclaration(ctx, depth);\n    }\n",
                "dst": "null",
                "src_parent_type": "Block",
                "dst_parent_type": "null",
                "src_parent": "{\n    double number \u003d ctx.random.nextDouble();\n    if ((number \u003e\u003d 0) \u0026\u0026 (number \u003c (1.0 / 3))) {\n        return com.shapesecurity.shift.fuzzer.Fuzzer.randomFunctionDeclaration(ctx, depth);\n    } else\n        if ((number \u003e\u003d (1.0 / 3)) \u0026\u0026 (number \u003c (2.0 / 3))) {\n            return com.shapesecurity.shift.fuzzer.Fuzzer.randomClassDeclaration(ctx, depth);\n        } else {\n            return com.shapesecurity.shift.fuzzer.Fuzzer.randomVariableDeclaration(ctx, depth);\n        }\n\n}",
                "dst_parent": "null"
              },
              "line": 609,
              "file": "/home/khesoem/projects/lighter/exp/src/main/java/com/shapesecurity/shift/fuzzer/Fuzzer.java",
              "stats": {
                "number_of_src_entities": 110,
                "number_of_dst_entities": -1,
                "src_entity_types": "[com.shapesecurity.shift.fuzzer.Fuzzer, int, boolean, com.shapesecurity.shift.fuzzer.GenCtx, double]",
                "dst_entity_types": "[]"
              }
            }
          ]
        },
        {
          "tool-name": "JGenProg",
          "pattern-name": "JGenProg:any_statement_shallow",
          "Unified_Diff_of-files:": "Starts Below...",
          "INSERT:": "  @Override",
          "CHANGE_old:": "      if (hasBadChars) {",
          "CHANGE_new:": "      if (!hasValidFlags) {",
          "instance_detail": [
            {
              "pattern_action": "ANY",
              "pattern_entity": {
                "entity_type": "*",
                "entity_new value": "*",
                "entity_role": "Statement",
                "entity_parent": "null"
              },
              "concrete_change": {
                "operator": "DEL",
                "src_type": "LocalVariable",
                "dst_type": "null",
                "src": "double number \u003d ctx.random.nextDouble()",
                "dst": "null",
                "src_parent_type": "Block",
                "dst_parent_type": "null",
                "src_parent": "{\n    double number \u003d ctx.random.nextDouble();\n    if ((number \u003e\u003d 0) \u0026\u0026 (number \u003c (1.0 / 3))) {\n        return com.shapesecurity.shift.fuzzer.Fuzzer.randomImportDeclaration(ctx, depth);\n    } else\n        if ((number \u003e\u003d (1.0 / 3)) \u0026\u0026 (number \u003c (2.0 / 3))) {\n            return com.shapesecurity.shift.fuzzer.Fuzzer.randomExportDeclaration(ctx, depth);\n        } else {\n            return com.shapesecurity.shift.fuzzer.Fuzzer.randomStatement(ctx, depth);\n        }\n\n}",
                "dst_parent": "null"
              },
              "line": 708,
              "file": "/home/khesoem/projects/lighter/exp/src/main/java/com/shapesecurity/shift/fuzzer/Fuzzer.java",
              "stats": {
                "number_of_src_entities": 13,
                "number_of_dst_entities": -1,
                "src_entity_types": "[com.shapesecurity.shift.fuzzer.GenCtx, double, ctx.random]",
                "dst_entity_types": "[]"
              }
            }
          ]
        },
        {
          "tool-name": "JGenProg",
          "pattern-name": "JGenProg:any_statement_shallow",
          "Unified_Diff_of-files:": "Starts Below...",
          "INSERT:": "  @Override",
          "CHANGE_old:": "      if (hasBadChars) {",
          "CHANGE_new:": "      if (!hasValidFlags) {",
          "instance_detail": [
            {
              "pattern_action": "ANY",
              "pattern_entity": {
                "entity_type": "*",
                "entity_new value": "*",
                "entity_role": "Statement",
                "entity_parent": "null"
              },
              "concrete_change": {
                "operator": "DEL",
                "src_type": "If",
                "dst_type": "null",
                "src": "if ((number \u003e\u003d (1.0 / 3)) \u0026\u0026 (number \u003c (2.0 / 3))) {\n    return com.shapesecurity.shift.fuzzer.Fuzzer.randomExportDeclaration(ctx, depth);\n} else {\n    return com.shapesecurity.shift.fuzzer.Fuzzer.randomStatement(ctx, depth);\n}",
                "dst": "null",
                "src_parent_type": "Block",
                "dst_parent_type": "null",
                "src_parent": "if ((number \u003e\u003d (1.0 / 3)) \u0026\u0026 (number \u003c (2.0 / 3))) {\n        return com.shapesecurity.shift.fuzzer.Fuzzer.randomExportDeclaration(ctx, depth);\n    } else {\n        return com.shapesecurity.shift.fuzzer.Fuzzer.randomStatement(ctx, depth);\n    }\n",
                "dst_parent": "null"
              },
              "line": 711,
              "file": "/home/khesoem/projects/lighter/exp/src/main/java/com/shapesecurity/shift/fuzzer/Fuzzer.java"
            }
          ]
        },
        {
          "tool-name": "JGenProg",
          "pattern-name": "JGenProg:any_statement_shallow",
          "Unified_Diff_of-files:": "Starts Below...",
          "INSERT:": "  @Override",
          "CHANGE_old:": "      if (hasBadChars) {",
          "CHANGE_new:": "      if (!hasValidFlags) {",
          "instance_detail": [
            {
              "pattern_action": "ANY",
              "pattern_entity": {
                "entity_type": "*",
                "entity_new value": "*",
                "entity_role": "Statement",
                "entity_parent": "null"
              },
              "concrete_change": {
                "operator": "DEL",
                "src_type": "If",
                "dst_type": "null",
                "src": "if ((number \u003e\u003d 0) \u0026\u0026 (number \u003c (1.0 / 3))) {\n    return com.shapesecurity.shift.fuzzer.Fuzzer.randomImportDeclaration(ctx, depth);\n} else\n    if ((number \u003e\u003d (1.0 / 3)) \u0026\u0026 (number \u003c (2.0 / 3))) {\n        return com.shapesecurity.shift.fuzzer.Fuzzer.randomExportDeclaration(ctx, depth);\n    } else {\n        return com.shapesecurity.shift.fuzzer.Fuzzer.randomStatement(ctx, depth);\n    }\n",
                "dst": "null",
                "src_parent_type": "Block",
                "dst_parent_type": "null",
                "src_parent": "{\n    double number \u003d ctx.random.nextDouble();\n    if ((number \u003e\u003d 0) \u0026\u0026 (number \u003c (1.0 / 3))) {\n        return com.shapesecurity.shift.fuzzer.Fuzzer.randomImportDeclaration(ctx, depth);\n    } else\n        if ((number \u003e\u003d (1.0 / 3)) \u0026\u0026 (number \u003c (2.0 / 3))) {\n            return com.shapesecurity.shift.fuzzer.Fuzzer.randomExportDeclaration(ctx, depth);\n        } else {\n            return com.shapesecurity.shift.fuzzer.Fuzzer.randomStatement(ctx, depth);\n        }\n\n}",
                "dst_parent": "null"
              },
              "line": 709,
              "file": "/home/khesoem/projects/lighter/exp/src/main/java/com/shapesecurity/shift/fuzzer/Fuzzer.java",
              "stats": {
                "number_of_src_entities": 110,
                "number_of_dst_entities": -1,
                "src_entity_types": "[com.shapesecurity.shift.fuzzer.Fuzzer, int, boolean, com.shapesecurity.shift.fuzzer.GenCtx, double]",
                "dst_entity_types": "[]"
              }
            }
          ]
        },
        {
          "tool-name": "JGenProg",
          "pattern-name": "JGenProg:any_statement_shallow",
          "Unified_Diff_of-files:": "Starts Below...",
          "INSERT:": "  @Override",
          "CHANGE_old:": "      if (hasBadChars) {",
          "CHANGE_new:": "      if (!hasValidFlags) {",
          "instance_detail": [
            {
              "pattern_action": "ANY",
              "pattern_entity": {
                "entity_type": "*",
                "entity_new value": "*",
                "entity_role": "Statement",
                "entity_parent": "null"
              },
              "concrete_change": {
                "operator": "DEL",
                "src_type": "LocalVariable",
                "dst_type": "null",
                "src": "double number \u003d ctx.random.nextDouble()",
                "dst": "null",
                "src_parent_type": "Block",
                "dst_parent_type": "null",
                "src_parent": "{\n    double number \u003d ctx.random.nextDouble();\n    if ((number \u003e\u003d 0) \u0026\u0026 (number \u003c (1.0 / 3))) {\n        return com.shapesecurity.shift.fuzzer.Fuzzer.randomGetter(ctx, depth);\n    } else\n        if ((number \u003e\u003d (1.0 / 3)) \u0026\u0026 (number \u003c (2.0 / 3))) {\n            return com.shapesecurity.shift.fuzzer.Fuzzer.randomSetter(ctx, depth);\n        } else {\n            return com.shapesecurity.shift.fuzzer.Fuzzer.randomMethod(ctx, depth);\n        }\n\n}",
                "dst_parent": "null"
              },
              "line": 780,
              "file": "/home/khesoem/projects/lighter/exp/src/main/java/com/shapesecurity/shift/fuzzer/Fuzzer.java",
              "stats": {
                "number_of_src_entities": 13,
                "number_of_dst_entities": -1,
                "src_entity_types": "[com.shapesecurity.shift.fuzzer.GenCtx, double, ctx.random]",
                "dst_entity_types": "[]"
              }
            }
          ]
        },
        {
          "tool-name": "JGenProg",
          "pattern-name": "JGenProg:any_statement_shallow",
          "Unified_Diff_of-files:": "Starts Below...",
          "INSERT:": "  @Override",
          "CHANGE_old:": "      if (hasBadChars) {",
          "CHANGE_new:": "      if (!hasValidFlags) {",
          "instance_detail": [
            {
              "pattern_action": "ANY",
              "pattern_entity": {
                "entity_type": "*",
                "entity_new value": "*",
                "entity_role": "Statement",
                "entity_parent": "null"
              },
              "concrete_change": {
                "operator": "DEL",
                "src_type": "If",
                "dst_type": "null",
                "src": "if ((number \u003e\u003d (1.0 / 3)) \u0026\u0026 (number \u003c (2.0 / 3))) {\n    return com.shapesecurity.shift.fuzzer.Fuzzer.randomSetter(ctx, depth);\n} else {\n    return com.shapesecurity.shift.fuzzer.Fuzzer.randomMethod(ctx, depth);\n}",
                "dst": "null",
                "src_parent_type": "Block",
                "dst_parent_type": "null",
                "src_parent": "if ((number \u003e\u003d (1.0 / 3)) \u0026\u0026 (number \u003c (2.0 / 3))) {\n        return com.shapesecurity.shift.fuzzer.Fuzzer.randomSetter(ctx, depth);\n    } else {\n        return com.shapesecurity.shift.fuzzer.Fuzzer.randomMethod(ctx, depth);\n    }\n",
                "dst_parent": "null"
              },
              "line": 783,
              "file": "/home/khesoem/projects/lighter/exp/src/main/java/com/shapesecurity/shift/fuzzer/Fuzzer.java"
            }
          ]
        },
        {
          "tool-name": "JGenProg",
          "pattern-name": "JGenProg:any_statement_shallow",
          "Unified_Diff_of-files:": "Starts Below...",
          "INSERT:": "  @Override",
          "CHANGE_old:": "      if (hasBadChars) {",
          "CHANGE_new:": "      if (!hasValidFlags) {",
          "instance_detail": [
            {
              "pattern_action": "ANY",
              "pattern_entity": {
                "entity_type": "*",
                "entity_new value": "*",
                "entity_role": "Statement",
                "entity_parent": "null"
              },
              "concrete_change": {
                "operator": "DEL",
                "src_type": "If",
                "dst_type": "null",
                "src": "if ((number \u003e\u003d 0) \u0026\u0026 (number \u003c (1.0 / 3))) {\n    return com.shapesecurity.shift.fuzzer.Fuzzer.randomGetter(ctx, depth);\n} else\n    if ((number \u003e\u003d (1.0 / 3)) \u0026\u0026 (number \u003c (2.0 / 3))) {\n        return com.shapesecurity.shift.fuzzer.Fuzzer.randomSetter(ctx, depth);\n    } else {\n        return com.shapesecurity.shift.fuzzer.Fuzzer.randomMethod(ctx, depth);\n    }\n",
                "dst": "null",
                "src_parent_type": "Block",
                "dst_parent_type": "null",
                "src_parent": "{\n    double number \u003d ctx.random.nextDouble();\n    if ((number \u003e\u003d 0) \u0026\u0026 (number \u003c (1.0 / 3))) {\n        return com.shapesecurity.shift.fuzzer.Fuzzer.randomGetter(ctx, depth);\n    } else\n        if ((number \u003e\u003d (1.0 / 3)) \u0026\u0026 (number \u003c (2.0 / 3))) {\n            return com.shapesecurity.shift.fuzzer.Fuzzer.randomSetter(ctx, depth);\n        } else {\n            return com.shapesecurity.shift.fuzzer.Fuzzer.randomMethod(ctx, depth);\n        }\n\n}",
                "dst_parent": "null"
              },
              "line": 781,
              "file": "/home/khesoem/projects/lighter/exp/src/main/java/com/shapesecurity/shift/fuzzer/Fuzzer.java",
              "stats": {
                "number_of_src_entities": 110,
                "number_of_dst_entities": -1,
                "src_entity_types": "[com.shapesecurity.shift.fuzzer.Fuzzer, int, boolean, com.shapesecurity.shift.fuzzer.GenCtx, double]",
                "dst_entity_types": "[]"
              }
            }
          ]
        },
        {
          "tool-name": "JGenProg",
          "pattern-name": "JGenProg:any_statement_shallow",
          "Unified_Diff_of-files:": "Starts Below...",
          "INSERT:": "  @Override",
          "CHANGE_old:": "      if (hasBadChars) {",
          "CHANGE_new:": "      if (!hasValidFlags) {",
          "instance_detail": [
            {
              "pattern_action": "ANY",
              "pattern_entity": {
                "entity_type": "*",
                "entity_new value": "*",
                "entity_role": "Statement",
                "entity_parent": "null"
              },
              "concrete_change": {
                "operator": "DEL",
                "src_type": "LocalVariable",
                "dst_type": "null",
                "src": "double random \u003d ctx.random.nextDouble()",
                "dst": "null",
                "src_parent_type": "Block",
                "dst_parent_type": "null",
                "src_parent": "{\n    double random \u003d ctx.random.nextDouble();\n    if ((random \u003e\u003d 0) \u0026\u0026 (random \u003c 0.2)) {\n        return com.shapesecurity.shift.fuzzer.Fuzzer.randomDataProperty(ctx, depth);\n    } else\n        if ((random \u003e\u003d 0.2) \u0026\u0026 (random \u003c 0.8)) {\n            return com.shapesecurity.shift.fuzzer.Fuzzer.randomMethodDefinition(ctx, depth);\n        } else {\n            return com.shapesecurity.shift.fuzzer.Fuzzer.randomShorthandProperty(ctx, depth);\n        }\n\n}",
                "dst_parent": "null"
              },
              "line": 822,
              "file": "/home/khesoem/projects/lighter/exp/src/main/java/com/shapesecurity/shift/fuzzer/Fuzzer.java",
              "stats": {
                "number_of_src_entities": 13,
                "number_of_dst_entities": -1,
                "src_entity_types": "[com.shapesecurity.shift.fuzzer.GenCtx, double, ctx.random]",
                "dst_entity_types": "[]"
              }
            }
          ]
        },
        {
          "tool-name": "JGenProg",
          "pattern-name": "JGenProg:any_statement_shallow",
          "Unified_Diff_of-files:": "Starts Below...",
          "INSERT:": "  @Override",
          "CHANGE_old:": "      if (hasBadChars) {",
          "CHANGE_new:": "      if (!hasValidFlags) {",
          "instance_detail": [
            {
              "pattern_action": "ANY",
              "pattern_entity": {
                "entity_type": "*",
                "entity_new value": "*",
                "entity_role": "Statement",
                "entity_parent": "null"
              },
              "concrete_change": {
                "operator": "DEL",
                "src_type": "If",
                "dst_type": "null",
                "src": "if ((random \u003e\u003d 0.2) \u0026\u0026 (random \u003c 0.8)) {\n    return com.shapesecurity.shift.fuzzer.Fuzzer.randomMethodDefinition(ctx, depth);\n} else {\n    return com.shapesecurity.shift.fuzzer.Fuzzer.randomShorthandProperty(ctx, depth);\n}",
                "dst": "null",
                "src_parent_type": "Block",
                "dst_parent_type": "null",
                "src_parent": "if ((random \u003e\u003d 0.2) \u0026\u0026 (random \u003c 0.8)) {\n        return com.shapesecurity.shift.fuzzer.Fuzzer.randomMethodDefinition(ctx, depth);\n    } else {\n        return com.shapesecurity.shift.fuzzer.Fuzzer.randomShorthandProperty(ctx, depth);\n    }\n",
                "dst_parent": "null"
              },
              "line": 825,
              "file": "/home/khesoem/projects/lighter/exp/src/main/java/com/shapesecurity/shift/fuzzer/Fuzzer.java"
            }
          ]
        },
        {
          "tool-name": "JGenProg",
          "pattern-name": "JGenProg:any_statement_shallow",
          "Unified_Diff_of-files:": "Starts Below...",
          "INSERT:": "  @Override",
          "CHANGE_old:": "      if (hasBadChars) {",
          "CHANGE_new:": "      if (!hasValidFlags) {",
          "instance_detail": [
            {
              "pattern_action": "ANY",
              "pattern_entity": {
                "entity_type": "*",
                "entity_new value": "*",
                "entity_role": "Statement",
                "entity_parent": "null"
              },
              "concrete_change": {
                "operator": "DEL",
                "src_type": "If",
                "dst_type": "null",
                "src": "if ((random \u003e\u003d 0) \u0026\u0026 (random \u003c 0.2)) {\n    return com.shapesecurity.shift.fuzzer.Fuzzer.randomDataProperty(ctx, depth);\n} else\n    if ((random \u003e\u003d 0.2) \u0026\u0026 (random \u003c 0.8)) {\n        return com.shapesecurity.shift.fuzzer.Fuzzer.randomMethodDefinition(ctx, depth);\n    } else {\n        return com.shapesecurity.shift.fuzzer.Fuzzer.randomShorthandProperty(ctx, depth);\n    }\n",
                "dst": "null",
                "src_parent_type": "Block",
                "dst_parent_type": "null",
                "src_parent": "{\n    double random \u003d ctx.random.nextDouble();\n    if ((random \u003e\u003d 0) \u0026\u0026 (random \u003c 0.2)) {\n        return com.shapesecurity.shift.fuzzer.Fuzzer.randomDataProperty(ctx, depth);\n    } else\n        if ((random \u003e\u003d 0.2) \u0026\u0026 (random \u003c 0.8)) {\n            return com.shapesecurity.shift.fuzzer.Fuzzer.randomMethodDefinition(ctx, depth);\n        } else {\n            return com.shapesecurity.shift.fuzzer.Fuzzer.randomShorthandProperty(ctx, depth);\n        }\n\n}",
                "dst_parent": "null"
              },
              "line": 823,
              "file": "/home/khesoem/projects/lighter/exp/src/main/java/com/shapesecurity/shift/fuzzer/Fuzzer.java",
              "stats": {
                "number_of_src_entities": 98,
                "number_of_dst_entities": -1,
                "src_entity_types": "[com.shapesecurity.shift.fuzzer.Fuzzer, int, boolean, com.shapesecurity.shift.fuzzer.GenCtx, double]",
                "dst_entity_types": "[]"
              }
            }
          ]
        },
        {
          "tool-name": "JGenProg",
          "pattern-name": "JGenProg:any_statement_deep",
          "Unified_Diff_of-files:": "Starts Below...",
          "INSERT:": "  @Override",
          "CHANGE_old:": "      if (hasBadChars) {",
          "CHANGE_new:": "      if (!hasValidFlags) {",
          "instance_detail": [
            {
              "pattern_action": "ANY",
              "pattern_entity": {
                "entity_type": "*",
                "entity_new value": "*",
                "entity_role": "*",
                "entity_parent": {
                  "entity_type": "*",
                  "entity_new value": "*",
                  "entity_role": "Statement",
                  "entity_parent": "null"
                }
              },
              "concrete_change": {
                "operator": "UPD",
                "src_type": "Invocation",
                "dst_type": "Invocation",
                "src": "ctx.allowReturn()",
                "dst": "ctx.enterFunctional()",
                "src_parent_type": "Invocation",
                "dst_parent_type": "Invocation",
                "src_parent": "com.shapesecurity.shift.fuzzer.Fuzzer.many(com.shapesecurity.shift.fuzzer.Fuzzer::randomStatement).apply(ctx.allowReturn(), (depth - 1))",
                "dst_parent": "com.shapesecurity.shift.fuzzer.Fuzzer.many(com.shapesecurity.shift.fuzzer.Fuzzer::randomStatement).apply(ctx.enterFunctional(), (depth - 1))"
              },
              "line": 573,
              "file": "/home/khesoem/projects/lighter/exp/src/main/java/com/shapesecurity/shift/fuzzer/Fuzzer.java",
              "stats": {
                "number_of_src_entities": 8,
                "number_of_dst_entities": 8,
                "src_entity_types": "[com.shapesecurity.shift.fuzzer.GenCtx]",
                "dst_entity_types": "[com.shapesecurity.shift.fuzzer.GenCtx]"
              }
            }
          ]
        },
        {
          "tool-name": "JGenProg",
          "pattern-name": "JGenProg:any_statement_deep",
          "Unified_Diff_of-files:": "Starts Below...",
          "INSERT:": "  @Override",
          "CHANGE_old:": "      if (hasBadChars) {",
          "CHANGE_new:": "      if (!hasValidFlags) {",
          "instance_detail": [
            {
              "pattern_action": "ANY",
              "pattern_entity": {
                "entity_type": "*",
                "entity_new value": "*",
                "entity_role": "*",
                "entity_parent": {
                  "entity_type": "*",
                  "entity_new value": "*",
                  "entity_role": "Statement",
                  "entity_parent": "null"
                }
              },
              "concrete_change": {
                "operator": "UPD",
                "src_type": "ConstructorCall",
                "dst_type": "ConstructorCall",
                "src": "new com.shapesecurity.shift.fuzzer.BreakStatement(com.shapesecurity.functional.data.Maybe.nothing())",
                "dst": "new com.shapesecurity.shift.fuzzer.EmptyStatement()",
                "src_parent_type": "Return",
                "dst_parent_type": "Return",
                "src_parent": "return new com.shapesecurity.shift.fuzzer.BreakStatement(com.shapesecurity.functional.data.Maybe.nothing())",
                "dst_parent": "return new com.shapesecurity.shift.fuzzer.EmptyStatement()"
              },
              "line": 852,
              "file": "/home/khesoem/projects/lighter/exp/src/main/java/com/shapesecurity/shift/fuzzer/Fuzzer.java",
              "stats": {
                "number_of_src_entities": 13,
                "number_of_dst_entities": 6,
                "src_entity_types": "[com.shapesecurity.functional.data.Maybe, java.lang.Object]",
                "dst_entity_types": "[com.shapesecurity.shift.fuzzer.EmptyStatement]"
              }
            }
          ]
        },
        {
          "tool-name": "JGenProg",
          "pattern-name": "JGenProg:any_statement_deep",
          "Unified_Diff_of-files:": "Starts Below...",
          "INSERT:": "  @Override",
          "CHANGE_old:": "      if (hasBadChars) {",
          "CHANGE_new:": "      if (!hasValidFlags) {",
          "instance_detail": [
            {
              "pattern_action": "ANY",
              "pattern_entity": {
                "entity_type": "*",
                "entity_new value": "*",
                "entity_role": "*",
                "entity_parent": {
                  "entity_type": "*",
                  "entity_new value": "*",
                  "entity_role": "Statement",
                  "entity_parent": "null"
                }
              },
              "concrete_change": {
                "operator": "UPD",
                "src_type": "ConstructorCall",
                "dst_type": "ConstructorCall",
                "src": "new com.shapesecurity.shift.fuzzer.BreakStatement(com.shapesecurity.functional.data.Maybe.nothing())",
                "dst": "new com.shapesecurity.shift.fuzzer.EmptyStatement()",
                "src_parent_type": "Return",
                "dst_parent_type": "Return",
                "src_parent": "return new com.shapesecurity.shift.fuzzer.BreakStatement(com.shapesecurity.functional.data.Maybe.nothing())",
                "dst_parent": "return new com.shapesecurity.shift.fuzzer.EmptyStatement()"
              },
              "line": 969,
              "file": "/home/khesoem/projects/lighter/exp/src/main/java/com/shapesecurity/shift/fuzzer/Fuzzer.java",
              "stats": {
                "number_of_src_entities": 13,
                "number_of_dst_entities": 6,
                "src_entity_types": "[com.shapesecurity.functional.data.Maybe, java.lang.Object]",
                "dst_entity_types": "[com.shapesecurity.shift.fuzzer.EmptyStatement]"
              }
            }
          ]
        }
      ]
    },
    {
      "revision": "221bc32c81cef8e66fdb15511a27a2bc4c5327ab",
      "repairability": [
        {
          "tool-name": "JGenProg",
          "pattern-name": "JGenProg:any_statement_shallow",
          "Unified_Diff_of-files:": "Starts Below...",
          "INSERT:": "  @Override",
          "CHANGE_old:": "      if (hasBadChars) {",
          "CHANGE_new:": "      if (!hasValidFlags) {",
          "instance_detail": [
            {
              "pattern_action": "ANY",
              "pattern_entity": {
                "entity_type": "*",
                "entity_new value": "*",
                "entity_role": "Statement",
                "entity_parent": "null"
              },
              "concrete_change": {
                "operator": "DEL",
                "src_type": "Return",
                "dst_type": "null",
                "src": "return new com.shapesecurity.shift.fuzzer.GenCtx(this.random, this.labels, this.iterationLabels, this.labelsInFunctionBoundary, this.iterationLabelsInFunctionBoundary, this.inIteration, this.inSwitch, this.inStrictMode, this.inFunctional, this.allowMissingElse, false)",
                "dst": "null",
                "src_parent_type": "Block",
                "dst_parent_type": "null",
                "src_parent": "{\n    return new com.shapesecurity.shift.fuzzer.GenCtx(this.random, this.labels, this.iterationLabels, this.labelsInFunctionBoundary, this.iterationLabelsInFunctionBoundary, this.inIteration, this.inSwitch, this.inStrictMode, this.inFunctional, this.allowMissingElse, false);\n}",
                "dst_parent": "null"
              },
              "line": 205,
              "file": "/home/khesoem/projects/lighter/exp/src/main/java/com/shapesecurity/shift/fuzzer/GenCtx.java"
            }
          ]
        }
      ]
    }
  ],
  "complete_analysis": true
}