{
  "instances": [
    {
      "revision": "f65c1bae8f9e1cb5fc2566841948bbed8b5da97c",
      "repairability": [
        {
          "tool-name": "JGenProg",
          "pattern-name": "JGenProg:any_statement_shallow",
          "Unified_Diff_of-files:": "Starts Below...",
          "CHANGE_old:": "            int variableIndex) {",
          "CHANGE_new:": "",
          "DELETE:": "}",
          "instance_detail": [
            {
              "pattern_action": "ANY",
              "pattern_entity": {
                "entity_type": "*",
                "entity_new value": "*",
                "entity_role": "Statement",
                "entity_parent": "null"
              },
              "concrete_change": {
                "operator": "DEL",
                "src_type": "Assignment",
                "dst_type": "null",
                "src": "this.variableIndex \u003d variableIndex",
                "dst": "null",
                "src_parent_type": "Block",
                "dst_parent_type": "null",
                "src_parent": "{\n    this.name \u003d name;\n    this.references \u003d references;\n    this.declarations \u003d declarations;\n    this.variableIndex \u003d variableIndex;\n}",
                "dst_parent": "null"
              },
              "line": 54,
              "file": "/home/khesoem/projects/lighter/exp/src/main/java/com/shapesecurity/shift/es2017/scope/Variable.java",
              "stats": {
                "number_of_src_entities": 16,
                "number_of_dst_entities": -1,
                "src_entity_types": "[int, com.shapesecurity.shift.es2017.scope.Variable]",
                "dst_entity_types": "[]"
              }
            }
          ]
        },
        {
          "tool-name": "JGenProg",
          "pattern-name": "JGenProg:any_statement_shallow",
          "Unified_Diff_of-files:": "Starts Below...",
          "CHANGE_old:": "            int variableIndex) {",
          "CHANGE_new:": "",
          "DELETE:": "}",
          "instance_detail": [
            {
              "pattern_action": "ANY",
              "pattern_entity": {
                "entity_type": "*",
                "entity_new value": "*",
                "entity_role": "Statement",
                "entity_parent": "null"
              },
              "concrete_change": {
                "operator": "DEL",
                "src_type": "Return",
                "dst_type": "null",
                "src": "return (this.variableIndex) - (o.variableIndex)",
                "dst": "null",
                "src_parent_type": "Block",
                "dst_parent_type": "null",
                "src_parent": "{\n    return (this.variableIndex) - (o.variableIndex);\n}",
                "dst_parent": "null"
              },
              "line": 59,
              "file": "/home/khesoem/projects/lighter/exp/src/main/java/com/shapesecurity/shift/es2017/scope/Variable.java"
            }
          ]
        }
      ]
    }
  ],
  "complete_analysis": true
}