{
  "instances": [
    {
      "revision": "80693a3db9a120f7d147a656e95a08f3b2c799ba",
      "repairability": [
        {
          "tool-name": "JKali",
          "pattern-name": "JKali:add_rtrn",
          "Unified_Diff_of-files:": "Starts Below...",
          "CHANGE_old:": "    public boolean logout() throws LoginException {",
          "CHANGE_new:": "    public final boolean logout() throws LoginException {",
          "INSERT:": "    /**",
          "instance_detail": [
            {
              "pattern_action": "INS",
              "pattern_entity": {
                "entity_type": "Return",
                "entity_new value": "*",
                "entity_role": "Statement",
                "entity_parent": "null"
              },
              "concrete_change": {
                "operator": "INS",
                "src_type": "Return",
                "dst_type": "null",
                "src": "return true",
                "dst": "null",
                "src_parent_type": "Block",
                "dst_parent_type": "null",
                "src_parent": "{\n    return true;\n}",
                "dst_parent": "null"
              },
              "line": 264,
              "file": "/home/khesoem/projects/lighter/exp/cas-client-core/src/main/java/org/jasig/cas/client/jaas/CasLoginModule.java"
            }
          ]
        },
        {
          "tool-name": "JKali",
          "pattern-name": "JKali:add_rtrn",
          "Unified_Diff_of-files:": "Starts Below...",
          "CHANGE_old:": "    public boolean logout() throws LoginException {",
          "CHANGE_new:": "    public final boolean logout() throws LoginException {",
          "INSERT:": "    /**",
          "instance_detail": [
            {
              "pattern_action": "INS",
              "pattern_entity": {
                "entity_type": "Return",
                "entity_new value": "*",
                "entity_role": "Statement",
                "entity_parent": "null"
              },
              "concrete_change": {
                "operator": "INS",
                "src_type": "Return",
                "dst_type": "null",
                "src": "return result",
                "dst": "null",
                "src_parent_type": "Block",
                "dst_parent_type": "null",
                "src_parent": "{\n    log.debug(\"Performing login.\");\n    if (!(preLogin())) {\n        log.debug(\"preLogin failed.\");\n        return false;\n    }\n    final javax.security.auth.callback.NameCallback serviceCallback \u003d new javax.security.auth.callback.NameCallback(\"service\");\n    final javax.security.auth.callback.PasswordCallback ticketCallback \u003d new javax.security.auth.callback.PasswordCallback(\"ticket\", false);\n    boolean result \u003d false;\n    try {\n        try {\n            this.callbackHandler.handle(new javax.security.auth.callback.Callback[]{ ticketCallback, serviceCallback });\n        } catch (final java.io.IOException e) {\n            log.info((\"Login failed due to IO exception in callback handler: \" + e));\n            throw ((javax.security.auth.login.LoginException) (new javax.security.auth.login.LoginException((\"IO exception in callback handler: \" + e)).initCause(e)));\n        } catch (final javax.security.auth.callback.UnsupportedCallbackException e) {\n            log.info((\"Login failed due to unsupported callback: \" + e));\n            throw ((javax.security.auth.login.LoginException) (new javax.security.auth.login.LoginException(\"Callback handler does not support PasswordCallback and TextInputCallback.\").initCause(e)));\n        }\n        if ((ticketCallback.getPassword()) !\u003d null) {\n            this.ticket \u003d new org.jasig.cas.client.jaas.TicketCredential(new java.lang.String(ticketCallback.getPassword()));\n            final java.lang.String service \u003d (org.jasig.cas.client.util.CommonUtils.isNotBlank(serviceCallback.getName())) ? serviceCallback.getName() : this.service;\n            if (this.cacheAssertions) {\n                synchronized(org.jasig.cas.client.jaas.CasLoginModule.ASSERTION_CACHE) {\n                    if ((org.jasig.cas.client.jaas.CasLoginModule.ASSERTION_CACHE.get(ticket)) !\u003d null) {\n                        log.debug(\"Assertion found in cache.\");\n                        this.assertion \u003d org.jasig.cas.client.jaas.CasLoginModule.ASSERTION_CACHE.get(ticket);\n                    }\n                }\n            }\n            if ((this.assertion) \u003d\u003d null) {\n                log.debug(\"CAS assertion is null; ticket validation required.\");\n                if (org.jasig.cas.client.util.CommonUtils.isBlank(service)) {\n                    log.info(\"Login failed because required CAS service parameter not provided.\");\n                    throw new javax.security.auth.login.LoginException(\"Neither login module nor callback handler provided required service parameter.\");\n                }\n                try {\n                    if (log.isDebugEnabled()) {\n                        log.debug((((\"Attempting ticket validation with service\u003d\" + service) + \" and ticket\u003d\") + (ticket)));\n                    }\n                    this.assertion \u003d this.ticketValidator.validate(this.ticket.getName(), service);\n                } catch (final java.lang.Exception e) {\n                    log.info((\"Login failed due to CAS ticket validation failure: \" + e));\n                    throw ((javax.security.auth.login.LoginException) (new javax.security.auth.login.LoginException((\"CAS ticket validation failed: \" + e)).initCause(e)));\n                }\n            }\n            log.info(\"Login succeeded.\");\n        } else {\n            log.info(\"Login failed because callback handler did not provide CAS ticket.\");\n            throw new javax.security.auth.login.LoginException(\"Callback handler did not provide CAS ticket.\");\n        }\n        result \u003d true;\n    } finally {\n        postLogin(result);\n    }\n    return result;\n}",
                "dst_parent": "null"
              },
              "line": 337,
              "file": "/home/khesoem/projects/lighter/exp/cas-client-core/src/main/java/org/jasig/cas/client/jaas/CasLoginModule.java",
              "stats": {
                "number_of_src_entities": 4,
                "number_of_dst_entities": -1,
                "src_entity_types": "[boolean]",
                "dst_entity_types": "[]"
              }
            }
          ]
        },
        {
          "tool-name": "JKali",
          "pattern-name": "JKali:add_rtrn",
          "Unified_Diff_of-files:": "Starts Below...",
          "CHANGE_old:": "    public boolean logout() throws LoginException {",
          "CHANGE_new:": "    public final boolean logout() throws LoginException {",
          "INSERT:": "    /**",
          "instance_detail": [
            {
              "pattern_action": "INS",
              "pattern_entity": {
                "entity_type": "Return",
                "entity_new value": "*",
                "entity_role": "Statement",
                "entity_parent": "null"
              },
              "concrete_change": {
                "operator": "INS",
                "src_type": "Return",
                "dst_type": "null",
                "src": "return result",
                "dst": "null",
                "src_parent_type": "Block",
                "dst_parent_type": "null",
                "src_parent": "{\n    if (!(preCommit())) {\n        return false;\n    }\n    boolean result \u003d false;\n    try {\n        if ((this.assertion) !\u003d null) {\n            if ((this.ticket) !\u003d null) {\n                this.subject.getPrivateCredentials().add(this.ticket);\n            } else {\n                throw new javax.security.auth.login.LoginException(\"Ticket credential not found.\");\n            }\n            final org.jasig.cas.client.jaas.AssertionPrincipal casPrincipal \u003d new org.jasig.cas.client.jaas.AssertionPrincipal(this.assertion.getPrincipal().getName(), this.assertion);\n            this.subject.getPrincipals().add(casPrincipal);\n            final java.security.acl.Group principalGroup \u003d new org.jasig.cas.client.authentication.SimpleGroup(this.principalGroupName);\n            principalGroup.addMember(casPrincipal);\n            this.subject.getPrincipals().add(principalGroup);\n            final java.security.acl.Group roleGroup \u003d new org.jasig.cas.client.authentication.SimpleGroup(this.roleGroupName);\n            for (final java.lang.String defaultRole : defaultRoles) {\n                roleGroup.addMember(new org.jasig.cas.client.authentication.SimplePrincipal(defaultRole));\n            }\n            final java.util.Map\u003cjava.lang.String, java.lang.Object\u003e attributes \u003d this.assertion.getPrincipal().getAttributes();\n            for (final java.lang.String key : attributes.keySet()) {\n                if (this.roleAttributeNames.contains(key)) {\n                    final java.lang.Object value \u003d attributes.get(key);\n                    if (value instanceof java.util.Collection\u003c?\u003e) {\n                        for (final java.lang.Object o : ((java.util.Collection\u003c?\u003e) (value))) {\n                            roleGroup.addMember(new org.jasig.cas.client.authentication.SimplePrincipal(o.toString()));\n                        }\n                    } else {\n                        roleGroup.addMember(new org.jasig.cas.client.authentication.SimplePrincipal(value.toString()));\n                    }\n                }\n            }\n            this.subject.getPrincipals().add(roleGroup);\n            this.sharedState.put(org.jasig.cas.client.jaas.CasLoginModule.LOGIN_NAME, new java.lang.Object());\n            if (log.isDebugEnabled()) {\n                if (log.isDebugEnabled()) {\n                    log.debug((\"Created JAAS subject with principals: \" + (subject.getPrincipals())));\n                }\n            }\n            if (this.cacheAssertions) {\n                if (log.isDebugEnabled()) {\n                    log.debug((\"Caching assertion for principal \" + (this.assertion.getPrincipal())));\n                }\n                org.jasig.cas.client.jaas.CasLoginModule.ASSERTION_CACHE.put(this.ticket, this.assertion);\n            }\n        } else {\n            if ((this.ticket) !\u003d null) {\n                this.ticket \u003d null;\n            }\n        }\n        result \u003d true;\n    } finally {\n        postCommit(result);\n    }\n    return result;\n}",
                "dst_parent": "null"
              },
              "line": 440,
              "file": "/home/khesoem/projects/lighter/exp/cas-client-core/src/main/java/org/jasig/cas/client/jaas/CasLoginModule.java",
              "stats": {
                "number_of_src_entities": 4,
                "number_of_dst_entities": -1,
                "src_entity_types": "[boolean]",
                "dst_entity_types": "[]"
              }
            }
          ]
        },
        {
          "tool-name": "JKali",
          "pattern-name": "JKali:add_rtrn",
          "Unified_Diff_of-files:": "Starts Below...",
          "CHANGE_old:": "    public boolean logout() throws LoginException {",
          "CHANGE_new:": "    public final boolean logout() throws LoginException {",
          "INSERT:": "    /**",
          "instance_detail": [
            {
              "pattern_action": "INS",
              "pattern_entity": {
                "entity_type": "Return",
                "entity_new value": "*",
                "entity_role": "Statement",
                "entity_parent": "null"
              },
              "concrete_change": {
                "operator": "INS",
                "src_type": "Return",
                "dst_type": "null",
                "src": "return false",
                "dst": "null",
                "src_parent_type": "Block",
                "dst_parent_type": "null",
                "src_parent": "{\n    log.debug(\"preLogin failed.\");\n    return false;\n}",
                "dst_parent": "null"
              },
              "line": 281,
              "file": "/home/khesoem/projects/lighter/exp/cas-client-core/src/main/java/org/jasig/cas/client/jaas/CasLoginModule.java"
            }
          ]
        },
        {
          "tool-name": "JKali",
          "pattern-name": "JKali:add_rtrn",
          "Unified_Diff_of-files:": "Starts Below...",
          "CHANGE_old:": "    public boolean logout() throws LoginException {",
          "CHANGE_new:": "    public final boolean logout() throws LoginException {",
          "INSERT:": "    /**",
          "instance_detail": [
            {
              "pattern_action": "INS",
              "pattern_entity": {
                "entity_type": "Return",
                "entity_new value": "*",
                "entity_role": "Statement",
                "entity_parent": "null"
              },
              "concrete_change": {
                "operator": "INS",
                "src_type": "Return",
                "dst_type": "null",
                "src": "return false",
                "dst": "null",
                "src_parent_type": "Block",
                "dst_parent_type": "null",
                "src_parent": "{\n    return false;\n}",
                "dst_parent": "null"
              },
              "line": 371,
              "file": "/home/khesoem/projects/lighter/exp/cas-client-core/src/main/java/org/jasig/cas/client/jaas/CasLoginModule.java"
            }
          ]
        },
        {
          "tool-name": "JKali",
          "pattern-name": "JKali:add_rtrn",
          "Unified_Diff_of-files:": "Starts Below...",
          "CHANGE_old:": "    public boolean logout() throws LoginException {",
          "CHANGE_new:": "    public final boolean logout() throws LoginException {",
          "INSERT:": "    /**",
          "instance_detail": [
            {
              "pattern_action": "INS",
              "pattern_entity": {
                "entity_type": "Return",
                "entity_new value": "*",
                "entity_role": "Statement",
                "entity_parent": "null"
              },
              "concrete_change": {
                "operator": "INS",
                "src_type": "Return",
                "dst_type": "null",
                "src": "return false",
                "dst": "null",
                "src_parent_type": "Block",
                "dst_parent_type": "null",
                "src_parent": "{\n    return false;\n}",
                "dst_parent": "null"
              },
              "line": 447,
              "file": "/home/khesoem/projects/lighter/exp/cas-client-core/src/main/java/org/jasig/cas/client/jaas/CasLoginModule.java"
            }
          ]
        }
      ]
    }
  ],
  "complete_analysis": true
}