{
  "instances": [
    {
      "revision": "23711eb6a15b433cf39f23885413fbe150cf6395",
      "repairability": [
        {
          "tool-name": "JKali",
          "pattern-name": "JKali:del",
          "Unified_Diff_of-files:": "Starts Below...",
          "INSERT:": "}",
          "instance_detail": [
            {
              "pattern_action": "DEL",
              "pattern_entity": {
                "entity_type": "*",
                "entity_new value": "*",
                "entity_role": "Statement",
                "entity_parent": "null"
              },
              "concrete_change": {
                "operator": "DEL",
                "src_type": "Assignment",
                "dst_type": "null",
                "src": "this.name \u003d name",
                "dst": "null",
                "src_parent_type": "Block",
                "dst_parent_type": "null",
                "src_parent": "{\n    this.name \u003d name;\n    this.attributes \u003d attributes;\n    this.proxyGrantingTicket \u003d proxyGrantingTicket;\n    this.proxyRetriever \u003d proxyRetriever;\n    org.jasig.cas.client.util.CommonUtils.assertNotNull(this.name, \"name cannot be null.\");\n    org.jasig.cas.client.util.CommonUtils.assertNotNull(this.attributes, \"attributes cannot be null.\");\n}",
                "dst_parent": "null"
              },
              "line": 76,
              "file": "/home/khesoem/projects/lighter/exp/cas-client-core/src/main/java/org/jasig/cas/client/authentication/AttributePrincipalImpl.java",
              "stats": {
                "number_of_src_entities": 19,
                "number_of_dst_entities": -1,
                "src_entity_types": "[java.lang.String, org.jasig.cas.client.authentication.AttributePrincipalImpl]",
                "dst_entity_types": "[]"
              }
            }
          ]
        },
        {
          "tool-name": "JKali",
          "pattern-name": "JKali:del",
          "Unified_Diff_of-files:": "Starts Below...",
          "INSERT:": "}",
          "instance_detail": [
            {
              "pattern_action": "DEL",
              "pattern_entity": {
                "entity_type": "*",
                "entity_new value": "*",
                "entity_role": "Statement",
                "entity_parent": "null"
              },
              "concrete_change": {
                "operator": "DEL",
                "src_type": "Invocation",
                "dst_type": "null",
                "src": "org.jasig.cas.client.util.CommonUtils.assertNotNull(this.name, \"name cannot be null.\")",
                "dst": "null",
                "src_parent_type": "Block",
                "dst_parent_type": "null",
                "src_parent": "{\n    this.name \u003d name;\n    this.attributes \u003d attributes;\n    this.proxyGrantingTicket \u003d proxyGrantingTicket;\n    this.proxyRetriever \u003d proxyRetriever;\n    org.jasig.cas.client.util.CommonUtils.assertNotNull(this.name, \"name cannot be null.\");\n    org.jasig.cas.client.util.CommonUtils.assertNotNull(this.attributes, \"attributes cannot be null.\");\n}",
                "dst_parent": "null"
              },
              "line": 81,
              "file": "/home/khesoem/projects/lighter/exp/cas-client-core/src/main/java/org/jasig/cas/client/authentication/AttributePrincipalImpl.java",
              "stats": {
                "number_of_src_entities": 26,
                "number_of_dst_entities": -1,
                "src_entity_types": "[org.jasig.cas.client.util.CommonUtils, java.lang.String, org.jasig.cas.client.authentication.AttributePrincipalImpl]",
                "dst_entity_types": "[]"
              }
            }
          ]
        },
        {
          "tool-name": "JKali",
          "pattern-name": "JKali:del",
          "Unified_Diff_of-files:": "Starts Below...",
          "INSERT:": "}",
          "instance_detail": [
            {
              "pattern_action": "DEL",
              "pattern_entity": {
                "entity_type": "*",
                "entity_new value": "*",
                "entity_role": "Statement",
                "entity_parent": "null"
              },
              "concrete_change": {
                "operator": "DEL",
                "src_type": "Return",
                "dst_type": "null",
                "src": "return this.name",
                "dst": "null",
                "src_parent_type": "Block",
                "dst_parent_type": "null",
                "src_parent": "{\n    return this.name;\n}",
                "dst_parent": "null"
              },
              "line": 99,
              "file": "/home/khesoem/projects/lighter/exp/cas-client-core/src/main/java/org/jasig/cas/client/authentication/AttributePrincipalImpl.java"
            }
          ]
        }
      ]
    }
  ],
  "complete_analysis": true
}