{
  "instances": [
    {
      "revision": "01059bd2650a5519129e386a2c2f43690f7986ff",
      "repairability": [
        {
          "tool-name": "Arja",
          "pattern-name": "Arja:arja_shallow_change",
          "Unified_Diff_of-files:": "Starts Below...",
          "CHANGE_old:": "                    parent.children.add(cm);",
          "CHANGE_new:": "            parent.children.add(codegenModel);",
          "DELETE:": "    }",
          "instance_detail": [
            {
              "pattern_action": "ANY",
              "pattern_entity": {
                "entity_type": "Statement",
                "entity_new value": "*",
                "entity_role": "*",
                "entity_parent": "null"
              },
              "concrete_change": {
                "operator": "DEL",
                "src_type": "LocalVariable",
                "dst_type": "null",
                "src": "io.swagger.codegen.CodegenModel cm",
                "dst": "null",
                "src_parent_type": "ForEach",
                "dst_parent_type": "null",
                "src_parent": "for (io.swagger.codegen.CodegenModel cm : allModels.values()) {\n    if ((cm.parent) !\u003d null) {\n        cm.parentModel \u003d allModels.get(cm.parent);\n    }\n    if (((cm.interfaces) !\u003d null) \u0026\u0026 (!(cm.interfaces.isEmpty()))) {\n        cm.interfaceModels \u003d new java.util.ArrayList\u003cio.swagger.codegen.CodegenModel\u003e(cm.interfaces.size());\n        for (java.lang.String intf : cm.interfaces) {\n            io.swagger.codegen.CodegenModel intfModel \u003d allModels.get(intf);\n            if (intfModel !\u003d null) {\n                cm.interfaceModels.add(intfModel);\n            }\n        }\n    }\n}",
                "dst_parent": "null"
              },
              "line": 194,
              "file": "/home/khesoem/projects/lighter/exp/modules/swagger-codegen/src/main/java/io/swagger/codegen/DefaultCodegen.java"
            }
          ]
        },
        {
          "tool-name": "Arja",
          "pattern-name": "Arja:arja_shallow_change",
          "Unified_Diff_of-files:": "Starts Below...",
          "CHANGE_old:": "                    parent.children.add(cm);",
          "CHANGE_new:": "            parent.children.add(codegenModel);",
          "DELETE:": "    }",
          "instance_detail": [
            {
              "pattern_action": "ANY",
              "pattern_entity": {
                "entity_type": "Statement",
                "entity_new value": "*",
                "entity_role": "*",
                "entity_parent": "null"
              },
              "concrete_change": {
                "operator": "DEL",
                "src_type": "If",
                "dst_type": "null",
                "src": "if ((cm.parent) !\u003d null) {\n    cm.parentModel \u003d allModels.get(cm.parent);\n}",
                "dst": "null",
                "src_parent_type": "Block",
                "dst_parent_type": "null",
                "src_parent": "{\n    if ((cm.parent) !\u003d null) {\n        cm.parentModel \u003d allModels.get(cm.parent);\n    }\n    if (((cm.interfaces) !\u003d null) \u0026\u0026 (!(cm.interfaces.isEmpty()))) {\n        cm.interfaceModels \u003d new java.util.ArrayList\u003cio.swagger.codegen.CodegenModel\u003e(cm.interfaces.size());\n        for (java.lang.String intf : cm.interfaces) {\n            io.swagger.codegen.CodegenModel intfModel \u003d allModels.get(intf);\n            if (intfModel !\u003d null) {\n                cm.interfaceModels.add(intfModel);\n            }\n        }\n    }\n}",
                "dst_parent": "null"
              },
              "line": 195,
              "file": "/home/khesoem/projects/lighter/exp/modules/swagger-codegen/src/main/java/io/swagger/codegen/DefaultCodegen.java"
            }
          ]
        },
        {
          "tool-name": "Arja",
          "pattern-name": "Arja:arja_shallow_change",
          "Unified_Diff_of-files:": "Starts Below...",
          "CHANGE_old:": "                    parent.children.add(cm);",
          "CHANGE_new:": "            parent.children.add(codegenModel);",
          "DELETE:": "    }",
          "instance_detail": [
            {
              "pattern_action": "ANY",
              "pattern_entity": {
                "entity_type": "Statement",
                "entity_new value": "*",
                "entity_role": "*",
                "entity_parent": "null"
              },
              "concrete_change": {
                "operator": "DEL",
                "src_type": "If",
                "dst_type": "null",
                "src": "if (((cm.interfaces) !\u003d null) \u0026\u0026 (!(cm.interfaces.isEmpty()))) {\n    cm.interfaceModels \u003d new java.util.ArrayList\u003cio.swagger.codegen.CodegenModel\u003e(cm.interfaces.size());\n    for (java.lang.String intf : cm.interfaces) {\n        io.swagger.codegen.CodegenModel intfModel \u003d allModels.get(intf);\n        if (intfModel !\u003d null) {\n            cm.interfaceModels.add(intfModel);\n        }\n    }\n}",
                "dst": "null",
                "src_parent_type": "Block",
                "dst_parent_type": "null",
                "src_parent": "{\n    if ((cm.parent) !\u003d null) {\n        cm.parentModel \u003d allModels.get(cm.parent);\n    }\n    if (((cm.interfaces) !\u003d null) \u0026\u0026 (!(cm.interfaces.isEmpty()))) {\n        cm.interfaceModels \u003d new java.util.ArrayList\u003cio.swagger.codegen.CodegenModel\u003e(cm.interfaces.size());\n        for (java.lang.String intf : cm.interfaces) {\n            io.swagger.codegen.CodegenModel intfModel \u003d allModels.get(intf);\n            if (intfModel !\u003d null) {\n                cm.interfaceModels.add(intfModel);\n            }\n        }\n    }\n}",
                "dst_parent": "null"
              },
              "line": 198,
              "file": "/home/khesoem/projects/lighter/exp/modules/swagger-codegen/src/main/java/io/swagger/codegen/DefaultCodegen.java"
            }
          ]
        },
        {
          "tool-name": "Arja",
          "pattern-name": "Arja:arja_shallow_change",
          "Unified_Diff_of-files:": "Starts Below...",
          "CHANGE_old:": "                    parent.children.add(cm);",
          "CHANGE_new:": "            parent.children.add(codegenModel);",
          "DELETE:": "    }",
          "instance_detail": [
            {
              "pattern_action": "ANY",
              "pattern_entity": {
                "entity_type": "Statement",
                "entity_new value": "*",
                "entity_role": "*",
                "entity_parent": "null"
              },
              "concrete_change": {
                "operator": "DEL",
                "src_type": "ForEach",
                "dst_type": "null",
                "src": "for (io.swagger.codegen.CodegenModel cm : allModels.values()) {\n    if ((cm.parent) !\u003d null) {\n        cm.parentModel \u003d allModels.get(cm.parent);\n    }\n    if (((cm.interfaces) !\u003d null) \u0026\u0026 (!(cm.interfaces.isEmpty()))) {\n        cm.interfaceModels \u003d new java.util.ArrayList\u003cio.swagger.codegen.CodegenModel\u003e(cm.interfaces.size());\n        for (java.lang.String intf : cm.interfaces) {\n            io.swagger.codegen.CodegenModel intfModel \u003d allModels.get(intf);\n            if (intfModel !\u003d null) {\n                cm.interfaceModels.add(intfModel);\n            }\n        }\n    }\n}",
                "dst": "null",
                "src_parent_type": "Block",
                "dst_parent_type": "null",
                "src_parent": "{\n    java.util.Map\u003cjava.lang.String, io.swagger.codegen.CodegenModel\u003e allModels \u003d new java.util.HashMap\u003cjava.lang.String, io.swagger.codegen.CodegenModel\u003e();\n    for (java.util.Map.Entry\u003cjava.lang.String, java.lang.Object\u003e entry : objs.entrySet()) {\n        java.lang.String modelName \u003d toModelName(entry.getKey());\n        java.util.Map\u003cjava.lang.String, java.lang.Object\u003e inner \u003d ((java.util.Map\u003cjava.lang.String, java.lang.Object\u003e) (entry.getValue()));\n        java.util.List\u003cjava.util.Map\u003cjava.lang.String, java.lang.Object\u003e\u003e models \u003d ((java.util.List\u003cjava.util.Map\u003cjava.lang.String, java.lang.Object\u003e\u003e) (inner.get(\"models\")));\n        for (java.util.Map\u003cjava.lang.String, java.lang.Object\u003e mo : models) {\n            io.swagger.codegen.CodegenModel cm \u003d ((io.swagger.codegen.CodegenModel) (mo.get(\"model\")));\n            allModels.put(modelName, cm);\n        }\n    }\n    for (io.swagger.codegen.CodegenModel cm : allModels.values()) {\n        if ((cm.parent) !\u003d null) {\n            cm.parentModel \u003d allModels.get(cm.parent);\n        }\n        if (((cm.interfaces) !\u003d null) \u0026\u0026 (!(cm.interfaces.isEmpty()))) {\n            cm.interfaceModels \u003d new java.util.ArrayList\u003cio.swagger.codegen.CodegenModel\u003e(cm.interfaces.size());\n            for (java.lang.String intf : cm.interfaces) {\n                io.swagger.codegen.CodegenModel intfModel \u003d allModels.get(intf);\n                if (intfModel !\u003d null) {\n                    cm.interfaceModels.add(intfModel);\n                }\n            }\n        }\n    }\n    for (java.lang.String name : allModels.keySet()) {\n        io.swagger.codegen.CodegenModel cm \u003d allModels.get(name);\n        io.swagger.codegen.CodegenModel parent \u003d allModels.get(cm.parent);\n        while (parent !\u003d null) {\n            if ((parent.children) \u003d\u003d null) {\n                parent.children \u003d new java.util.ArrayList\u003cio.swagger.codegen.CodegenModel\u003e();\n            }\n            parent.children.add(cm);\n            if ((parent.discriminator) \u003d\u003d null) {\n                parent \u003d allModels.get(parent.parent);\n            } else {\n                parent \u003d null;\n            }\n        } \n    }\n}",
                "dst_parent": "null"
              },
              "line": 194,
              "file": "/home/khesoem/projects/lighter/exp/modules/swagger-codegen/src/main/java/io/swagger/codegen/DefaultCodegen.java"
            }
          ]
        },
        {
          "tool-name": "Arja",
          "pattern-name": "Arja:arja_shallow_change",
          "Unified_Diff_of-files:": "Starts Below...",
          "CHANGE_old:": "                    parent.children.add(cm);",
          "CHANGE_new:": "            parent.children.add(codegenModel);",
          "DELETE:": "    }",
          "instance_detail": [
            {
              "pattern_action": "ANY",
              "pattern_entity": {
                "entity_type": "Statement",
                "entity_new value": "*",
                "entity_role": "*",
                "entity_parent": "null"
              },
              "concrete_change": {
                "operator": "DEL",
                "src_type": "Invocation",
                "dst_type": "null",
                "src": "allModels.get(cm.parent)",
                "dst": "null",
                "src_parent_type": "LocalVariable",
                "dst_parent_type": "null",
                "src_parent": "io.swagger.codegen.CodegenModel parent \u003d allModels.get(cm.parent)",
                "dst_parent": "null"
              },
              "line": 211,
              "file": "/home/khesoem/projects/lighter/exp/modules/swagger-codegen/src/main/java/io/swagger/codegen/DefaultCodegen.java"
            }
          ]
        },
        {
          "tool-name": "Arja",
          "pattern-name": "Arja:arja_shallow_change",
          "Unified_Diff_of-files:": "Starts Below...",
          "CHANGE_old:": "                    parent.children.add(cm);",
          "CHANGE_new:": "            parent.children.add(codegenModel);",
          "DELETE:": "    }",
          "instance_detail": [
            {
              "pattern_action": "ANY",
              "pattern_entity": {
                "entity_type": "Statement",
                "entity_new value": "*",
                "entity_role": "*",
                "entity_parent": "null"
              },
              "concrete_change": {
                "operator": "DEL",
                "src_type": "LocalVariable",
                "dst_type": "null",
                "src": "io.swagger.codegen.CodegenModel parent \u003d allModels.get(cm.parent)",
                "dst": "null",
                "src_parent_type": "Block",
                "dst_parent_type": "null",
                "src_parent": "{\n    io.swagger.codegen.CodegenModel cm \u003d allModels.get(name);\n    io.swagger.codegen.CodegenModel parent \u003d allModels.get(cm.parent);\n    while (parent !\u003d null) {\n        if ((parent.children) \u003d\u003d null) {\n            parent.children \u003d new java.util.ArrayList\u003cio.swagger.codegen.CodegenModel\u003e();\n        }\n        parent.children.add(cm);\n        if ((parent.discriminator) \u003d\u003d null) {\n            parent \u003d allModels.get(parent.parent);\n        } else {\n            parent \u003d null;\n        }\n    } \n}",
                "dst_parent": "null"
              },
              "line": 211,
              "file": "/home/khesoem/projects/lighter/exp/modules/swagger-codegen/src/main/java/io/swagger/codegen/DefaultCodegen.java"
            }
          ]
        },
        {
          "tool-name": "Arja",
          "pattern-name": "Arja:arja_shallow_change",
          "Unified_Diff_of-files:": "Starts Below...",
          "CHANGE_old:": "                    parent.children.add(cm);",
          "CHANGE_new:": "            parent.children.add(codegenModel);",
          "DELETE:": "    }",
          "instance_detail": [
            {
              "pattern_action": "ANY",
              "pattern_entity": {
                "entity_type": "Statement",
                "entity_new value": "*",
                "entity_role": "*",
                "entity_parent": "null"
              },
              "concrete_change": {
                "operator": "DEL",
                "src_type": "ForEach",
                "dst_type": "null",
                "src": "for (java.lang.String name : allModels.keySet()) {\n    io.swagger.codegen.CodegenModel cm \u003d allModels.get(name);\n    io.swagger.codegen.CodegenModel parent \u003d allModels.get(cm.parent);\n    while (parent !\u003d null) {\n        if ((parent.children) \u003d\u003d null) {\n            parent.children \u003d new java.util.ArrayList\u003cio.swagger.codegen.CodegenModel\u003e();\n        }\n        parent.children.add(cm);\n        if ((parent.discriminator) \u003d\u003d null) {\n            parent \u003d allModels.get(parent.parent);\n        } else {\n            parent \u003d null;\n        }\n    } \n}",
                "dst": "null",
                "src_parent_type": "Block",
                "dst_parent_type": "null",
                "src_parent": "{\n    java.util.Map\u003cjava.lang.String, io.swagger.codegen.CodegenModel\u003e allModels \u003d new java.util.HashMap\u003cjava.lang.String, io.swagger.codegen.CodegenModel\u003e();\n    for (java.util.Map.Entry\u003cjava.lang.String, java.lang.Object\u003e entry : objs.entrySet()) {\n        java.lang.String modelName \u003d toModelName(entry.getKey());\n        java.util.Map\u003cjava.lang.String, java.lang.Object\u003e inner \u003d ((java.util.Map\u003cjava.lang.String, java.lang.Object\u003e) (entry.getValue()));\n        java.util.List\u003cjava.util.Map\u003cjava.lang.String, java.lang.Object\u003e\u003e models \u003d ((java.util.List\u003cjava.util.Map\u003cjava.lang.String, java.lang.Object\u003e\u003e) (inner.get(\"models\")));\n        for (java.util.Map\u003cjava.lang.String, java.lang.Object\u003e mo : models) {\n            io.swagger.codegen.CodegenModel cm \u003d ((io.swagger.codegen.CodegenModel) (mo.get(\"model\")));\n            allModels.put(modelName, cm);\n        }\n    }\n    for (io.swagger.codegen.CodegenModel cm : allModels.values()) {\n        if ((cm.parent) !\u003d null) {\n            cm.parentModel \u003d allModels.get(cm.parent);\n        }\n        if (((cm.interfaces) !\u003d null) \u0026\u0026 (!(cm.interfaces.isEmpty()))) {\n            cm.interfaceModels \u003d new java.util.ArrayList\u003cio.swagger.codegen.CodegenModel\u003e(cm.interfaces.size());\n            for (java.lang.String intf : cm.interfaces) {\n                io.swagger.codegen.CodegenModel intfModel \u003d allModels.get(intf);\n                if (intfModel !\u003d null) {\n                    cm.interfaceModels.add(intfModel);\n                }\n            }\n        }\n    }\n    for (java.lang.String name : allModels.keySet()) {\n        io.swagger.codegen.CodegenModel cm \u003d allModels.get(name);\n        io.swagger.codegen.CodegenModel parent \u003d allModels.get(cm.parent);\n        while (parent !\u003d null) {\n            if ((parent.children) \u003d\u003d null) {\n                parent.children \u003d new java.util.ArrayList\u003cio.swagger.codegen.CodegenModel\u003e();\n            }\n            parent.children.add(cm);\n            if ((parent.discriminator) \u003d\u003d null) {\n                parent \u003d allModels.get(parent.parent);\n            } else {\n                parent \u003d null;\n            }\n        } \n    }\n}",
                "dst_parent": "null"
              },
              "line": 209,
              "file": "/home/khesoem/projects/lighter/exp/modules/swagger-codegen/src/main/java/io/swagger/codegen/DefaultCodegen.java"
            }
          ]
        },
        {
          "tool-name": "Arja",
          "pattern-name": "Arja:arja_shallow_change",
          "Unified_Diff_of-files:": "Starts Below...",
          "CHANGE_old:": "                    parent.children.add(cm);",
          "CHANGE_new:": "            parent.children.add(codegenModel);",
          "DELETE:": "    }",
          "instance_detail": [
            {
              "pattern_action": "ANY",
              "pattern_entity": {
                "entity_type": "Statement",
                "entity_new value": "*",
                "entity_role": "*",
                "entity_parent": "null"
              },
              "concrete_change": {
                "operator": "DEL",
                "src_type": "Block",
                "dst_type": "null",
                "src": "{\n    java.util.Map\u003cjava.lang.String, io.swagger.codegen.CodegenModel\u003e allModels \u003d new java.util.HashMap\u003cjava.lang.String, io.swagger.codegen.CodegenModel\u003e();\n    for (java.util.Map.Entry\u003cjava.lang.String, java.lang.Object\u003e entry : objs.entrySet()) {\n        java.lang.String modelName \u003d toModelName(entry.getKey());\n        java.util.Map\u003cjava.lang.String, java.lang.Object\u003e inner \u003d ((java.util.Map\u003cjava.lang.String, java.lang.Object\u003e) (entry.getValue()));\n        java.util.List\u003cjava.util.Map\u003cjava.lang.String, java.lang.Object\u003e\u003e models \u003d ((java.util.List\u003cjava.util.Map\u003cjava.lang.String, java.lang.Object\u003e\u003e) (inner.get(\"models\")));\n        for (java.util.Map\u003cjava.lang.String, java.lang.Object\u003e mo : models) {\n            io.swagger.codegen.CodegenModel cm \u003d ((io.swagger.codegen.CodegenModel) (mo.get(\"model\")));\n            allModels.put(modelName, cm);\n        }\n    }\n    for (io.swagger.codegen.CodegenModel cm : allModels.values()) {\n        if ((cm.parent) !\u003d null) {\n            cm.parentModel \u003d allModels.get(cm.parent);\n        }\n        if (((cm.interfaces) !\u003d null) \u0026\u0026 (!(cm.interfaces.isEmpty()))) {\n            cm.interfaceModels \u003d new java.util.ArrayList\u003cio.swagger.codegen.CodegenModel\u003e(cm.interfaces.size());\n            for (java.lang.String intf : cm.interfaces) {\n                io.swagger.codegen.CodegenModel intfModel \u003d allModels.get(intf);\n                if (intfModel !\u003d null) {\n                    cm.interfaceModels.add(intfModel);\n                }\n            }\n        }\n    }\n    for (java.lang.String name : allModels.keySet()) {\n        io.swagger.codegen.CodegenModel cm \u003d allModels.get(name);\n        io.swagger.codegen.CodegenModel parent \u003d allModels.get(cm.parent);\n        while (parent !\u003d null) {\n            if ((parent.children) \u003d\u003d null) {\n                parent.children \u003d new java.util.ArrayList\u003cio.swagger.codegen.CodegenModel\u003e();\n            }\n            parent.children.add(cm);\n            if ((parent.discriminator) \u003d\u003d null) {\n                parent \u003d allModels.get(parent.parent);\n            } else {\n                parent \u003d null;\n            }\n        } \n    }\n}",
                "dst": "null",
                "src_parent_type": "If",
                "dst_parent_type": "null",
                "src_parent": "if (supportsInheritance) {\n    java.util.Map\u003cjava.lang.String, io.swagger.codegen.CodegenModel\u003e allModels \u003d new java.util.HashMap\u003cjava.lang.String, io.swagger.codegen.CodegenModel\u003e();\n    for (java.util.Map.Entry\u003cjava.lang.String, java.lang.Object\u003e entry : objs.entrySet()) {\n        java.lang.String modelName \u003d toModelName(entry.getKey());\n        java.util.Map\u003cjava.lang.String, java.lang.Object\u003e inner \u003d ((java.util.Map\u003cjava.lang.String, java.lang.Object\u003e) (entry.getValue()));\n        java.util.List\u003cjava.util.Map\u003cjava.lang.String, java.lang.Object\u003e\u003e models \u003d ((java.util.List\u003cjava.util.Map\u003cjava.lang.String, java.lang.Object\u003e\u003e) (inner.get(\"models\")));\n        for (java.util.Map\u003cjava.lang.String, java.lang.Object\u003e mo : models) {\n            io.swagger.codegen.CodegenModel cm \u003d ((io.swagger.codegen.CodegenModel) (mo.get(\"model\")));\n            allModels.put(modelName, cm);\n        }\n    }\n    for (io.swagger.codegen.CodegenModel cm : allModels.values()) {\n        if ((cm.parent) !\u003d null) {\n            cm.parentModel \u003d allModels.get(cm.parent);\n        }\n        if (((cm.interfaces) !\u003d null) \u0026\u0026 (!(cm.interfaces.isEmpty()))) {\n            cm.interfaceModels \u003d new java.util.ArrayList\u003cio.swagger.codegen.CodegenModel\u003e(cm.interfaces.size());\n            for (java.lang.String intf : cm.interfaces) {\n                io.swagger.codegen.CodegenModel intfModel \u003d allModels.get(intf);\n                if (intfModel !\u003d null) {\n                    cm.interfaceModels.add(intfModel);\n                }\n            }\n        }\n    }\n    for (java.lang.String name : allModels.keySet()) {\n        io.swagger.codegen.CodegenModel cm \u003d allModels.get(name);\n        io.swagger.codegen.CodegenModel parent \u003d allModels.get(cm.parent);\n        while (parent !\u003d null) {\n            if ((parent.children) \u003d\u003d null) {\n                parent.children \u003d new java.util.ArrayList\u003cio.swagger.codegen.CodegenModel\u003e();\n            }\n            parent.children.add(cm);\n            if ((parent.discriminator) \u003d\u003d null) {\n                parent \u003d allModels.get(parent.parent);\n            } else {\n                parent \u003d null;\n            }\n        } \n    }\n}",
                "dst_parent": "null"
              },
              "line": 181,
              "file": "/home/khesoem/projects/lighter/exp/modules/swagger-codegen/src/main/java/io/swagger/codegen/DefaultCodegen.java"
            }
          ]
        },
        {
          "tool-name": "Arja",
          "pattern-name": "Arja:arja_shallow_change",
          "Unified_Diff_of-files:": "Starts Below...",
          "CHANGE_old:": "                    parent.children.add(cm);",
          "CHANGE_new:": "            parent.children.add(codegenModel);",
          "DELETE:": "    }",
          "instance_detail": [
            {
              "pattern_action": "ANY",
              "pattern_entity": {
                "entity_type": "Statement",
                "entity_new value": "*",
                "entity_role": "*",
                "entity_parent": "null"
              },
              "concrete_change": {
                "operator": "DEL",
                "src_type": "If",
                "dst_type": "null",
                "src": "if (supportsInheritance) {\n    java.util.Map\u003cjava.lang.String, io.swagger.codegen.CodegenModel\u003e allModels \u003d new java.util.HashMap\u003cjava.lang.String, io.swagger.codegen.CodegenModel\u003e();\n    for (java.util.Map.Entry\u003cjava.lang.String, java.lang.Object\u003e entry : objs.entrySet()) {\n        java.lang.String modelName \u003d toModelName(entry.getKey());\n        java.util.Map\u003cjava.lang.String, java.lang.Object\u003e inner \u003d ((java.util.Map\u003cjava.lang.String, java.lang.Object\u003e) (entry.getValue()));\n        java.util.List\u003cjava.util.Map\u003cjava.lang.String, java.lang.Object\u003e\u003e models \u003d ((java.util.List\u003cjava.util.Map\u003cjava.lang.String, java.lang.Object\u003e\u003e) (inner.get(\"models\")));\n        for (java.util.Map\u003cjava.lang.String, java.lang.Object\u003e mo : models) {\n            io.swagger.codegen.CodegenModel cm \u003d ((io.swagger.codegen.CodegenModel) (mo.get(\"model\")));\n            allModels.put(modelName, cm);\n        }\n    }\n    for (io.swagger.codegen.CodegenModel cm : allModels.values()) {\n        if ((cm.parent) !\u003d null) {\n            cm.parentModel \u003d allModels.get(cm.parent);\n        }\n        if (((cm.interfaces) !\u003d null) \u0026\u0026 (!(cm.interfaces.isEmpty()))) {\n            cm.interfaceModels \u003d new java.util.ArrayList\u003cio.swagger.codegen.CodegenModel\u003e(cm.interfaces.size());\n            for (java.lang.String intf : cm.interfaces) {\n                io.swagger.codegen.CodegenModel intfModel \u003d allModels.get(intf);\n                if (intfModel !\u003d null) {\n                    cm.interfaceModels.add(intfModel);\n                }\n            }\n        }\n    }\n    for (java.lang.String name : allModels.keySet()) {\n        io.swagger.codegen.CodegenModel cm \u003d allModels.get(name);\n        io.swagger.codegen.CodegenModel parent \u003d allModels.get(cm.parent);\n        while (parent !\u003d null) {\n            if ((parent.children) \u003d\u003d null) {\n                parent.children \u003d new java.util.ArrayList\u003cio.swagger.codegen.CodegenModel\u003e();\n            }\n            parent.children.add(cm);\n            if ((parent.discriminator) \u003d\u003d null) {\n                parent \u003d allModels.get(parent.parent);\n            } else {\n                parent \u003d null;\n            }\n        } \n    }\n}",
                "dst": "null",
                "src_parent_type": "Block",
                "dst_parent_type": "null",
                "src_parent": "{\n    if (supportsInheritance) {\n        java.util.Map\u003cjava.lang.String, io.swagger.codegen.CodegenModel\u003e allModels \u003d new java.util.HashMap\u003cjava.lang.String, io.swagger.codegen.CodegenModel\u003e();\n        for (java.util.Map.Entry\u003cjava.lang.String, java.lang.Object\u003e entry : objs.entrySet()) {\n            java.lang.String modelName \u003d toModelName(entry.getKey());\n            java.util.Map\u003cjava.lang.String, java.lang.Object\u003e inner \u003d ((java.util.Map\u003cjava.lang.String, java.lang.Object\u003e) (entry.getValue()));\n            java.util.List\u003cjava.util.Map\u003cjava.lang.String, java.lang.Object\u003e\u003e models \u003d ((java.util.List\u003cjava.util.Map\u003cjava.lang.String, java.lang.Object\u003e\u003e) (inner.get(\"models\")));\n            for (java.util.Map\u003cjava.lang.String, java.lang.Object\u003e mo : models) {\n                io.swagger.codegen.CodegenModel cm \u003d ((io.swagger.codegen.CodegenModel) (mo.get(\"model\")));\n                allModels.put(modelName, cm);\n            }\n        }\n        for (io.swagger.codegen.CodegenModel cm : allModels.values()) {\n            if ((cm.parent) !\u003d null) {\n                cm.parentModel \u003d allModels.get(cm.parent);\n            }\n            if (((cm.interfaces) !\u003d null) \u0026\u0026 (!(cm.interfaces.isEmpty()))) {\n                cm.interfaceModels \u003d new java.util.ArrayList\u003cio.swagger.codegen.CodegenModel\u003e(cm.interfaces.size());\n                for (java.lang.String intf : cm.interfaces) {\n                    io.swagger.codegen.CodegenModel intfModel \u003d allModels.get(intf);\n                    if (intfModel !\u003d null) {\n                        cm.interfaceModels.add(intfModel);\n                    }\n                }\n            }\n        }\n        for (java.lang.String name : allModels.keySet()) {\n            io.swagger.codegen.CodegenModel cm \u003d allModels.get(name);\n            io.swagger.codegen.CodegenModel parent \u003d allModels.get(cm.parent);\n            while (parent !\u003d null) {\n                if ((parent.children) \u003d\u003d null) {\n                    parent.children \u003d new java.util.ArrayList\u003cio.swagger.codegen.CodegenModel\u003e();\n                }\n                parent.children.add(cm);\n                if ((parent.discriminator) \u003d\u003d null) {\n                    parent \u003d allModels.get(parent.parent);\n                } else {\n                    parent \u003d null;\n                }\n            } \n        }\n    }\n    return objs;\n}",
                "dst_parent": "null"
              },
              "line": 181,
              "file": "/home/khesoem/projects/lighter/exp/modules/swagger-codegen/src/main/java/io/swagger/codegen/DefaultCodegen.java"
            }
          ]
        }
      ]
    }
  ],
  "complete_analysis": true
}