{
  "instances": [
    {
      "revision": "2232f4d138cd23d252922b9733e7767ba07d093e",
      "repairability": [
        {
          "tool-name": "Arja",
          "pattern-name": "Arja:arja_shallow_change",
          "Unified_Diff_of-files:": "Starts Below...",
          "INSERT:": "",
          "CHANGE_old:": "        }",
          "CHANGE_new:": "",
          "instance_detail": [
            {
              "pattern_action": "ANY",
              "pattern_entity": {
                "entity_type": "Statement",
                "entity_new value": "*",
                "entity_role": "*",
                "entity_parent": "null"
              },
              "concrete_change": {
                "operator": "INS",
                "src_type": "Invocation",
                "dst_type": "null",
                "src": "additionalProperties.put(io.swagger.codegen.languages.AbstractJavaCodegen.JAVA8_MODE, java8Mode)",
                "dst": "null",
                "src_parent_type": "Block",
                "dst_parent_type": "null",
                "src_parent": "{\n    super.processOpts();\n    if (additionalProperties.containsKey(io.swagger.codegen.languages.AbstractJavaCodegen.SUPPORT_JAVA6)) {\n        this.setSupportJava6(false);\n    }\n    additionalProperties.put(io.swagger.codegen.languages.AbstractJavaCodegen.SUPPORT_JAVA6, supportJava6);\n    if (additionalProperties.containsKey(io.swagger.codegen.languages.AbstractJavaCodegen.DISABLE_HTML_ESCAPING)) {\n        this.setDisableHtmlEscaping(java.lang.Boolean.valueOf(additionalProperties.get(io.swagger.codegen.languages.AbstractJavaCodegen.DISABLE_HTML_ESCAPING).toString()));\n    }\n    additionalProperties.put(io.swagger.codegen.languages.AbstractJavaCodegen.DISABLE_HTML_ESCAPING, disableHtmlEscaping);\n    if (additionalProperties.containsKey(io.swagger.codegen.languages.AbstractJavaCodegen.ADDITIONAL_MODEL_TYPE_ANNOTATIONS)) {\n        java.lang.String additionalAnnotationsList \u003d additionalProperties.get(io.swagger.codegen.languages.AbstractJavaCodegen.ADDITIONAL_MODEL_TYPE_ANNOTATIONS).toString();\n        this.setAdditionalModelTypeAnnotations(java.util.Arrays.asList(additionalAnnotationsList.split(\";\")));\n    }\n    if (additionalProperties.containsKey(CodegenConstants.INVOKER_PACKAGE)) {\n        this.setInvokerPackage(((java.lang.String) (additionalProperties.get(CodegenConstants.INVOKER_PACKAGE))));\n    } else\n        if (additionalProperties.containsKey(CodegenConstants.API_PACKAGE)) {\n            java.lang.String derviedInvokerPackage \u003d deriveInvokerPackageName(((java.lang.String) (additionalProperties.get(CodegenConstants.API_PACKAGE))));\n            this.additionalProperties.put(CodegenConstants.INVOKER_PACKAGE, derviedInvokerPackage);\n            this.setInvokerPackage(((java.lang.String) (additionalProperties.get(CodegenConstants.INVOKER_PACKAGE))));\n            io.swagger.codegen.languages.AbstractJavaCodegen.LOGGER.info((\"Invoker Package Name, originally not set, is now dervied from api package name: \" + derviedInvokerPackage));\n        } else\n            if (additionalProperties.containsKey(CodegenConstants.MODEL_PACKAGE)) {\n                java.lang.String derviedInvokerPackage \u003d deriveInvokerPackageName(((java.lang.String) (additionalProperties.get(CodegenConstants.MODEL_PACKAGE))));\n                this.additionalProperties.put(CodegenConstants.INVOKER_PACKAGE, derviedInvokerPackage);\n                this.setInvokerPackage(((java.lang.String) (additionalProperties.get(CodegenConstants.INVOKER_PACKAGE))));\n                io.swagger.codegen.languages.AbstractJavaCodegen.LOGGER.info((\"Invoker Package Name, originally not set, is now dervied from model package name: \" + derviedInvokerPackage));\n            } else {\n                additionalProperties.put(CodegenConstants.INVOKER_PACKAGE, invokerPackage);\n            }\n\n\n    if (!(additionalProperties.containsKey(CodegenConstants.MODEL_PACKAGE))) {\n        additionalProperties.put(CodegenConstants.MODEL_PACKAGE, modelPackage);\n    }\n    if (!(additionalProperties.containsKey(CodegenConstants.API_PACKAGE))) {\n        additionalProperties.put(CodegenConstants.API_PACKAGE, apiPackage);\n    }\n    if (additionalProperties.containsKey(CodegenConstants.GROUP_ID)) {\n        this.setGroupId(((java.lang.String) (additionalProperties.get(CodegenConstants.GROUP_ID))));\n    } else {\n        additionalProperties.put(CodegenConstants.GROUP_ID, groupId);\n    }\n    if (additionalProperties.containsKey(CodegenConstants.ARTIFACT_ID)) {\n        this.setArtifactId(((java.lang.String) (additionalProperties.get(CodegenConstants.ARTIFACT_ID))));\n    } else {\n        additionalProperties.put(CodegenConstants.ARTIFACT_ID, artifactId);\n    }\n    if (additionalProperties.containsKey(CodegenConstants.ARTIFACT_VERSION)) {\n        this.setArtifactVersion(((java.lang.String) (additionalProperties.get(CodegenConstants.ARTIFACT_VERSION))));\n    } else {\n        additionalProperties.put(CodegenConstants.ARTIFACT_VERSION, artifactVersion);\n    }\n    if (additionalProperties.containsKey(CodegenConstants.ARTIFACT_URL)) {\n        this.setArtifactUrl(((java.lang.String) (additionalProperties.get(CodegenConstants.ARTIFACT_URL))));\n    } else {\n        additionalProperties.put(CodegenConstants.ARTIFACT_URL, artifactUrl);\n    }\n    if (additionalProperties.containsKey(CodegenConstants.ARTIFACT_DESCRIPTION)) {\n        this.setArtifactDescription(((java.lang.String) (additionalProperties.get(CodegenConstants.ARTIFACT_DESCRIPTION))));\n    } else {\n        additionalProperties.put(CodegenConstants.ARTIFACT_DESCRIPTION, artifactDescription);\n    }\n    if (additionalProperties.containsKey(CodegenConstants.SCM_CONNECTION)) {\n        this.setScmConnection(((java.lang.String) (additionalProperties.get(CodegenConstants.SCM_CONNECTION))));\n    } else {\n        additionalProperties.put(CodegenConstants.SCM_CONNECTION, scmConnection);\n    }\n    if (additionalProperties.containsKey(CodegenConstants.SCM_DEVELOPER_CONNECTION)) {\n        this.setScmDeveloperConnection(((java.lang.String) (additionalProperties.get(CodegenConstants.SCM_DEVELOPER_CONNECTION))));\n    } else {\n        additionalProperties.put(CodegenConstants.SCM_DEVELOPER_CONNECTION, scmDeveloperConnection);\n    }\n    if (additionalProperties.containsKey(CodegenConstants.SCM_URL)) {\n        this.setScmUrl(((java.lang.String) (additionalProperties.get(CodegenConstants.SCM_URL))));\n    } else {\n        additionalProperties.put(CodegenConstants.SCM_URL, scmUrl);\n    }\n    if (additionalProperties.containsKey(CodegenConstants.DEVELOPER_NAME)) {\n        this.setDeveloperName(((java.lang.String) (additionalProperties.get(CodegenConstants.DEVELOPER_NAME))));\n    } else {\n        additionalProperties.put(CodegenConstants.DEVELOPER_NAME, developerName);\n    }\n    if (additionalProperties.containsKey(CodegenConstants.DEVELOPER_EMAIL)) {\n        this.setDeveloperEmail(((java.lang.String) (additionalProperties.get(CodegenConstants.DEVELOPER_EMAIL))));\n    } else {\n        additionalProperties.put(CodegenConstants.DEVELOPER_EMAIL, developerEmail);\n    }\n    if (additionalProperties.containsKey(CodegenConstants.DEVELOPER_ORGANIZATION)) {\n        this.setDeveloperOrganization(((java.lang.String) (additionalProperties.get(CodegenConstants.DEVELOPER_ORGANIZATION))));\n    } else {\n        additionalProperties.put(CodegenConstants.DEVELOPER_ORGANIZATION, developerOrganization);\n    }\n    if (additionalProperties.containsKey(CodegenConstants.DEVELOPER_ORGANIZATION_URL)) {\n        this.setDeveloperOrganizationUrl(((java.lang.String) (additionalProperties.get(CodegenConstants.DEVELOPER_ORGANIZATION_URL))));\n    } else {\n        additionalProperties.put(CodegenConstants.DEVELOPER_ORGANIZATION_URL, developerOrganizationUrl);\n    }\n    if (additionalProperties.containsKey(CodegenConstants.LICENSE_NAME)) {\n        this.setLicenseName(((java.lang.String) (additionalProperties.get(CodegenConstants.LICENSE_NAME))));\n    } else {\n        additionalProperties.put(CodegenConstants.LICENSE_NAME, licenseName);\n    }\n    if (additionalProperties.containsKey(CodegenConstants.LICENSE_URL)) {\n        this.setLicenseUrl(((java.lang.String) (additionalProperties.get(CodegenConstants.LICENSE_URL))));\n    } else {\n        additionalProperties.put(CodegenConstants.LICENSE_URL, licenseUrl);\n    }\n    if (additionalProperties.containsKey(CodegenConstants.SOURCE_FOLDER)) {\n        this.setSourceFolder(((java.lang.String) (additionalProperties.get(CodegenConstants.SOURCE_FOLDER))));\n    }\n    if (additionalProperties.containsKey(CodegenConstants.LOCAL_VARIABLE_PREFIX)) {\n        this.setLocalVariablePrefix(((java.lang.String) (additionalProperties.get(CodegenConstants.LOCAL_VARIABLE_PREFIX))));\n    }\n    if (additionalProperties.containsKey(CodegenConstants.SERIALIZABLE_MODEL)) {\n        this.setSerializableModel(java.lang.Boolean.valueOf(additionalProperties.get(CodegenConstants.SERIALIZABLE_MODEL).toString()));\n    }\n    if (additionalProperties.containsKey(CodegenConstants.LIBRARY)) {\n        this.setLibrary(((java.lang.String) (additionalProperties.get(CodegenConstants.LIBRARY))));\n    }\n    if (additionalProperties.containsKey(CodegenConstants.SERIALIZE_BIG_DECIMAL_AS_STRING)) {\n        this.setSerializeBigDecimalAsString(java.lang.Boolean.valueOf(additionalProperties.get(CodegenConstants.SERIALIZE_BIG_DECIMAL_AS_STRING).toString()));\n    }\n    additionalProperties.put(CodegenConstants.SERIALIZABLE_MODEL, serializableModel);\n    if (additionalProperties.containsKey(io.swagger.codegen.languages.AbstractJavaCodegen.FULL_JAVA_UTIL)) {\n        this.setFullJavaUtil(java.lang.Boolean.valueOf(additionalProperties.get(io.swagger.codegen.languages.AbstractJavaCodegen.FULL_JAVA_UTIL).toString()));\n    }\n    if ((this) instanceof io.swagger.codegen.languages.features.NotNullAnnotationFeatures) {\n        notNullOption \u003d ((io.swagger.codegen.languages.features.NotNullAnnotationFeatures) (this));\n        if (additionalProperties.containsKey(io.swagger.codegen.languages.NOT_NULL_JACKSON_ANNOTATION)) {\n            notNullOption.setNotNullJacksonAnnotation(convertPropertyToBoolean(io.swagger.codegen.languages.NOT_NULL_JACKSON_ANNOTATION));\n            writePropertyBack(io.swagger.codegen.languages.NOT_NULL_JACKSON_ANNOTATION, notNullOption.isNotNullJacksonAnnotation());\n            if (notNullOption.isNotNullJacksonAnnotation()) {\n                importMapping.put(\"JsonInclude\", \"com.fasterxml.jackson.annotation.JsonInclude\");\n            }\n        }\n    }\n    if ((this) instanceof io.swagger.codegen.languages.features.IgnoreUnknownJacksonFeatures) {\n        ignoreUnknown \u003d ((io.swagger.codegen.languages.features.IgnoreUnknownJacksonFeatures) (this));\n        if (additionalProperties.containsKey(io.swagger.codegen.languages.IGNORE_UNKNOWN_JACKSON_ANNOTATION)) {\n            ignoreUnknown.setIgnoreUnknownJacksonAnnotation(convertPropertyToBoolean(io.swagger.codegen.languages.IGNORE_UNKNOWN_JACKSON_ANNOTATION));\n            writePropertyBack(io.swagger.codegen.languages.IGNORE_UNKNOWN_JACKSON_ANNOTATION, ignoreUnknown.isIgnoreUnknownJacksonAnnotation());\n            if (ignoreUnknown.isIgnoreUnknownJacksonAnnotation()) {\n                importMapping.put(\"JsonIgnoreProperties\", \"com.fasterxml.jackson.annotation.JsonIgnoreProperties\");\n            }\n        }\n    }\n    if (fullJavaUtil) {\n        javaUtilPrefix \u003d \"java.util.\";\n    }\n    additionalProperties.put(io.swagger.codegen.languages.AbstractJavaCodegen.FULL_JAVA_UTIL, fullJavaUtil);\n    additionalProperties.put(\"javaUtilPrefix\", javaUtilPrefix);\n    if (additionalProperties.containsKey(io.swagger.codegen.languages.AbstractJavaCodegen.WITH_XML)) {\n        this.setWithXml(java.lang.Boolean.valueOf(additionalProperties.get(io.swagger.codegen.languages.AbstractJavaCodegen.WITH_XML).toString()));\n    }\n    additionalProperties.put(io.swagger.codegen.languages.AbstractJavaCodegen.WITH_XML, withXml);\n    if (additionalProperties.containsKey(io.swagger.codegen.languages.AbstractJavaCodegen.ERROR_ON_UNKNOWN_ENUM)) {\n        boolean errorOnUnknownEnum \u003d java.lang.Boolean.parseBoolean(additionalProperties.get(io.swagger.codegen.languages.AbstractJavaCodegen.ERROR_ON_UNKNOWN_ENUM).toString());\n        additionalProperties.put(io.swagger.codegen.languages.AbstractJavaCodegen.ERROR_ON_UNKNOWN_ENUM, errorOnUnknownEnum);\n    }\n    additionalProperties.put(\"apiDocPath\", apiDocPath);\n    additionalProperties.put(\"modelDocPath\", modelDocPath);\n    importMapping.put(\"List\", \"java.util.List\");\n    if (fullJavaUtil) {\n        typeMapping.put(\"array\", \"java.util.List\");\n        typeMapping.put(\"map\", \"java.util.Map\");\n        typeMapping.put(\"DateTime\", \"java.util.Date\");\n        typeMapping.put(\"UUID\", \"java.util.UUID\");\n        typeMapping.remove(\"List\");\n        importMapping.remove(\"Date\");\n        importMapping.remove(\"Map\");\n        importMapping.remove(\"HashMap\");\n        importMapping.remove(\"Array\");\n        importMapping.remove(\"ArrayList\");\n        importMapping.remove(\"List\");\n        importMapping.remove(\"Set\");\n        importMapping.remove(\"DateTime\");\n        importMapping.remove(\"UUID\");\n        instantiationTypes.put(\"array\", \"java.util.ArrayList\");\n        instantiationTypes.put(\"map\", \"java.util.HashMap\");\n    }\n    this.sanitizeConfig();\n    importMapping.put(\"ToStringSerializer\", \"com.fasterxml.jackson.databind.ser.std.ToStringSerializer\");\n    importMapping.put(\"JsonSerialize\", \"com.fasterxml.jackson.databind.annotation.JsonSerialize\");\n    importMapping.put(\"ApiModelProperty\", \"io.swagger.annotations.ApiModelProperty\");\n    importMapping.put(\"ApiModel\", \"io.swagger.annotations.ApiModel\");\n    importMapping.put(\"JsonProperty\", \"com.fasterxml.jackson.annotation.JsonProperty\");\n    importMapping.put(\"JsonSubTypes\", \"com.fasterxml.jackson.annotation.JsonSubTypes\");\n    importMapping.put(\"JsonTypeInfo\", \"com.fasterxml.jackson.annotation.JsonTypeInfo\");\n    importMapping.put(\"JsonCreator\", \"com.fasterxml.jackson.annotation.JsonCreator\");\n    importMapping.put(\"JsonValue\", \"com.fasterxml.jackson.annotation.JsonValue\");\n    importMapping.put(\"SerializedName\", \"com.google.gson.annotations.SerializedName\");\n    importMapping.put(\"TypeAdapter\", \"com.google.gson.TypeAdapter\");\n    importMapping.put(\"JsonAdapter\", \"com.google.gson.annotations.JsonAdapter\");\n    importMapping.put(\"JsonReader\", \"com.google.gson.stream.JsonReader\");\n    importMapping.put(\"JsonWriter\", \"com.google.gson.stream.JsonWriter\");\n    importMapping.put(\"IOException\", \"java.io.IOException\");\n    importMapping.put(\"Objects\", \"java.util.Objects\");\n    importMapping.put(\"StringUtil\", ((invokerPackage) + \".StringUtil\"));\n    importMapping.put(\"com.fasterxml.jackson.annotation.JsonProperty\", \"com.fasterxml.jackson.annotation.JsonCreator\");\n    setJava8Mode(java.lang.Boolean.parseBoolean(java.lang.String.valueOf(additionalProperties.get(io.swagger.codegen.languages.AbstractJavaCodegen.JAVA8_MODE))));\n    additionalProperties.put(io.swagger.codegen.languages.AbstractJavaCodegen.JAVA8_MODE, java8Mode);\n    setJava11Mode(java.lang.Boolean.parseBoolean(java.lang.String.valueOf(additionalProperties.get(io.swagger.codegen.languages.AbstractJavaCodegen.JAVA11_MODE))));\n    additionalProperties.put(io.swagger.codegen.languages.AbstractJavaCodegen.JAVA11_MODE, java11Mode);\n    if (additionalProperties.containsKey(io.swagger.codegen.languages.AbstractJavaCodegen.SUPPORT_ASYNC)) {\n        setSupportAsync(java.lang.Boolean.parseBoolean(additionalProperties.get(io.swagger.codegen.languages.AbstractJavaCodegen.SUPPORT_ASYNC).toString()));\n        if (supportAsync) {\n            additionalProperties.put(io.swagger.codegen.languages.AbstractJavaCodegen.SUPPORT_ASYNC, \"true\");\n        }\n    }\n    if (additionalProperties.containsKey(io.swagger.codegen.languages.AbstractJavaCodegen.WITH_XML)) {\n        setWithXml(java.lang.Boolean.parseBoolean(additionalProperties.get(io.swagger.codegen.languages.AbstractJavaCodegen.WITH_XML).toString()));\n        if (withXml) {\n            additionalProperties.put(io.swagger.codegen.languages.AbstractJavaCodegen.WITH_XML, \"true\");\n        }\n    }\n    if (additionalProperties.containsKey(io.swagger.codegen.languages.AbstractJavaCodegen.DATE_LIBRARY)) {\n        setDateLibrary(additionalProperties.get(\"dateLibrary\").toString());\n    }\n    if (\"threetenbp\".equals(dateLibrary)) {\n        additionalProperties.put(\"threetenbp\", true);\n        additionalProperties.put(\"jsr310\", \"true\");\n        typeMapping.put(\"date\", \"LocalDate\");\n        typeMapping.put(\"DateTime\", \"OffsetDateTime\");\n        importMapping.put(\"LocalDate\", \"org.threeten.bp.LocalDate\");\n        importMapping.put(\"OffsetDateTime\", \"org.threeten.bp.OffsetDateTime\");\n    } else\n        if (\"joda\".equals(dateLibrary)) {\n            additionalProperties.put(\"joda\", true);\n            typeMapping.put(\"date\", \"LocalDate\");\n            typeMapping.put(\"DateTime\", \"DateTime\");\n            importMapping.put(\"LocalDate\", \"org.joda.time.LocalDate\");\n            importMapping.put(\"DateTime\", \"org.joda.time.DateTime\");\n        } else\n            if (dateLibrary.startsWith(\"java8\")) {\n                additionalProperties.put(\"java8\", true);\n                additionalProperties.put(\"jsr310\", \"true\");\n                if (\"java8-localdatetime\".equals(dateLibrary)) {\n                    typeMapping.put(\"date\", \"LocalDate\");\n                    typeMapping.put(\"DateTime\", \"LocalDateTime\");\n                    importMapping.put(\"LocalDate\", \"java.time.LocalDate\");\n                    importMapping.put(\"LocalDateTime\", \"java.time.LocalDateTime\");\n                } else\n                    if (\"java8-instant\".equals(dateLibrary)) {\n                        typeMapping.put(\"date\", \"Instant\");\n                        typeMapping.put(\"DateTime\", \"Instant\");\n                        importMapping.put(\"Instant\", \"java.time.Instant\");\n                    } else {\n                        typeMapping.put(\"date\", \"LocalDate\");\n                        typeMapping.put(\"DateTime\", \"OffsetDateTime\");\n                        importMapping.put(\"LocalDate\", \"java.time.LocalDate\");\n                        importMapping.put(\"OffsetDateTime\", \"java.time.OffsetDateTime\");\n                    }\n\n            } else\n                if (dateLibrary.equals(\"legacy\")) {\n                    additionalProperties.put(\"legacyDates\", true);\n                }\n\n\n\n    if ((this.skipAliasGeneration) \u003d\u003d null) {\n        this.skipAliasGeneration \u003d java.lang.Boolean.TRUE;\n    }\n}",
                "dst_parent": "null"
              },
              "line": 467,
              "file": "/home/khesoem/projects/lighter/exp/modules/swagger-codegen/src/main/java/io/swagger/codegen/languages/AbstractJavaCodegen.java",
              "stats": {
                "number_of_src_entities": 31,
                "number_of_dst_entities": -1,
                "src_entity_types": "[io.swagger.codegen.languages.AbstractJavaCodegen, io.swagger.codegen.languages.additionalProperties]",
                "dst_entity_types": "[]"
              }
            }
          ]
        },
        {
          "tool-name": "Arja",
          "pattern-name": "Arja:arja_shallow_change",
          "Unified_Diff_of-files:": "Starts Below...",
          "INSERT:": "",
          "CHANGE_old:": "        }",
          "CHANGE_new:": "",
          "instance_detail": [
            {
              "pattern_action": "ANY",
              "pattern_entity": {
                "entity_type": "Statement",
                "entity_new value": "*",
                "entity_role": "*",
                "entity_parent": "null"
              },
              "concrete_change": {
                "operator": "DEL",
                "src_type": "Invocation",
                "dst_type": "null",
                "src": "additionalProperties.containsKey(io.swagger.codegen.languages.AbstractJavaCodegen.JAVA8_MODE)",
                "dst": "null",
                "src_parent_type": "If",
                "dst_parent_type": "null",
                "src_parent": "if (additionalProperties.containsKey(io.swagger.codegen.languages.AbstractJavaCodegen.JAVA8_MODE)) {\n    setJava8Mode(java.lang.Boolean.parseBoolean(additionalProperties.get(io.swagger.codegen.languages.AbstractJavaCodegen.JAVA8_MODE).toString()));\n    if (java8Mode) {\n        additionalProperties.put(\"java8\", true);\n    }\n}",
                "dst_parent": "null"
              },
              "line": 456,
              "file": "/home/khesoem/projects/lighter/exp/modules/swagger-codegen/src/main/java/io/swagger/codegen/languages/AbstractJavaCodegen.java"
            }
          ]
        },
        {
          "tool-name": "Arja",
          "pattern-name": "Arja:arja_shallow_change",
          "Unified_Diff_of-files:": "Starts Below...",
          "INSERT:": "",
          "CHANGE_old:": "        }",
          "CHANGE_new:": "",
          "instance_detail": [
            {
              "pattern_action": "ANY",
              "pattern_entity": {
                "entity_type": "Statement",
                "entity_new value": "*",
                "entity_role": "*",
                "entity_parent": "null"
              },
              "concrete_change": {
                "operator": "DEL",
                "src_type": "Invocation",
                "dst_type": "null",
                "src": "additionalProperties.put(\"java8\", true)",
                "dst": "null",
                "src_parent_type": "Block",
                "dst_parent_type": "null",
                "src_parent": "{\n    additionalProperties.put(\"java8\", true);\n}",
                "dst_parent": "null"
              },
              "line": 459,
              "file": "/home/khesoem/projects/lighter/exp/modules/swagger-codegen/src/main/java/io/swagger/codegen/languages/AbstractJavaCodegen.java"
            }
          ]
        },
        {
          "tool-name": "Arja",
          "pattern-name": "Arja:arja_shallow_change",
          "Unified_Diff_of-files:": "Starts Below...",
          "INSERT:": "",
          "CHANGE_old:": "        }",
          "CHANGE_new:": "",
          "instance_detail": [
            {
              "pattern_action": "ANY",
              "pattern_entity": {
                "entity_type": "Statement",
                "entity_new value": "*",
                "entity_role": "*",
                "entity_parent": "null"
              },
              "concrete_change": {
                "operator": "DEL",
                "src_type": "Block",
                "dst_type": "null",
                "src": "{\n    additionalProperties.put(\"java8\", true);\n}",
                "dst": "null",
                "src_parent_type": "If",
                "dst_parent_type": "null",
                "src_parent": "if (java8Mode) {\n    additionalProperties.put(\"java8\", true);\n}",
                "dst_parent": "null"
              },
              "line": 458,
              "file": "/home/khesoem/projects/lighter/exp/modules/swagger-codegen/src/main/java/io/swagger/codegen/languages/AbstractJavaCodegen.java"
            }
          ]
        },
        {
          "tool-name": "Arja",
          "pattern-name": "Arja:arja_shallow_change",
          "Unified_Diff_of-files:": "Starts Below...",
          "INSERT:": "",
          "CHANGE_old:": "        }",
          "CHANGE_new:": "",
          "instance_detail": [
            {
              "pattern_action": "ANY",
              "pattern_entity": {
                "entity_type": "Statement",
                "entity_new value": "*",
                "entity_role": "*",
                "entity_parent": "null"
              },
              "concrete_change": {
                "operator": "DEL",
                "src_type": "If",
                "dst_type": "null",
                "src": "if (java8Mode) {\n    additionalProperties.put(\"java8\", true);\n}",
                "dst": "null",
                "src_parent_type": "Block",
                "dst_parent_type": "null",
                "src_parent": "{\n    setJava8Mode(java.lang.Boolean.parseBoolean(additionalProperties.get(io.swagger.codegen.languages.AbstractJavaCodegen.JAVA8_MODE).toString()));\n    if (java8Mode) {\n        additionalProperties.put(\"java8\", true);\n    }\n}",
                "dst_parent": "null"
              },
              "line": 458,
              "file": "/home/khesoem/projects/lighter/exp/modules/swagger-codegen/src/main/java/io/swagger/codegen/languages/AbstractJavaCodegen.java"
            }
          ]
        },
        {
          "tool-name": "Arja",
          "pattern-name": "Arja:arja_shallow_change",
          "Unified_Diff_of-files:": "Starts Below...",
          "INSERT:": "",
          "CHANGE_old:": "        }",
          "CHANGE_new:": "",
          "instance_detail": [
            {
              "pattern_action": "ANY",
              "pattern_entity": {
                "entity_type": "Statement",
                "entity_new value": "*",
                "entity_role": "*",
                "entity_parent": "null"
              },
              "concrete_change": {
                "operator": "DEL",
                "src_type": "Block",
                "dst_type": "null",
                "src": "{\n    setJava8Mode(java.lang.Boolean.parseBoolean(additionalProperties.get(io.swagger.codegen.languages.AbstractJavaCodegen.JAVA8_MODE).toString()));\n    if (java8Mode) {\n        additionalProperties.put(\"java8\", true);\n    }\n}",
                "dst": "null",
                "src_parent_type": "If",
                "dst_parent_type": "null",
                "src_parent": "if (additionalProperties.containsKey(io.swagger.codegen.languages.AbstractJavaCodegen.JAVA8_MODE)) {\n    setJava8Mode(java.lang.Boolean.parseBoolean(additionalProperties.get(io.swagger.codegen.languages.AbstractJavaCodegen.JAVA8_MODE).toString()));\n    if (java8Mode) {\n        additionalProperties.put(\"java8\", true);\n    }\n}",
                "dst_parent": "null"
              },
              "line": 456,
              "file": "/home/khesoem/projects/lighter/exp/modules/swagger-codegen/src/main/java/io/swagger/codegen/languages/AbstractJavaCodegen.java"
            }
          ]
        },
        {
          "tool-name": "Arja",
          "pattern-name": "Arja:arja_shallow_change",
          "Unified_Diff_of-files:": "Starts Below...",
          "INSERT:": "",
          "CHANGE_old:": "        }",
          "CHANGE_new:": "",
          "instance_detail": [
            {
              "pattern_action": "ANY",
              "pattern_entity": {
                "entity_type": "Statement",
                "entity_new value": "*",
                "entity_role": "*",
                "entity_parent": "null"
              },
              "concrete_change": {
                "operator": "DEL",
                "src_type": "If",
                "dst_type": "null",
                "src": "if (additionalProperties.containsKey(io.swagger.codegen.languages.AbstractJavaCodegen.JAVA8_MODE)) {\n    setJava8Mode(java.lang.Boolean.parseBoolean(additionalProperties.get(io.swagger.codegen.languages.AbstractJavaCodegen.JAVA8_MODE).toString()));\n    if (java8Mode) {\n        additionalProperties.put(\"java8\", true);\n    }\n}",
                "dst": "null",
                "src_parent_type": "Block",
                "dst_parent_type": "null",
                "src_parent": "{\n    super.processOpts();\n    if (additionalProperties.containsKey(io.swagger.codegen.languages.AbstractJavaCodegen.SUPPORT_JAVA6)) {\n        this.setSupportJava6(false);\n    }\n    additionalProperties.put(io.swagger.codegen.languages.AbstractJavaCodegen.SUPPORT_JAVA6, supportJava6);\n    if (additionalProperties.containsKey(io.swagger.codegen.languages.AbstractJavaCodegen.DISABLE_HTML_ESCAPING)) {\n        this.setDisableHtmlEscaping(java.lang.Boolean.valueOf(additionalProperties.get(io.swagger.codegen.languages.AbstractJavaCodegen.DISABLE_HTML_ESCAPING).toString()));\n    }\n    additionalProperties.put(io.swagger.codegen.languages.AbstractJavaCodegen.DISABLE_HTML_ESCAPING, disableHtmlEscaping);\n    if (additionalProperties.containsKey(io.swagger.codegen.languages.AbstractJavaCodegen.ADDITIONAL_MODEL_TYPE_ANNOTATIONS)) {\n        java.lang.String additionalAnnotationsList \u003d additionalProperties.get(io.swagger.codegen.languages.AbstractJavaCodegen.ADDITIONAL_MODEL_TYPE_ANNOTATIONS).toString();\n        this.setAdditionalModelTypeAnnotations(java.util.Arrays.asList(additionalAnnotationsList.split(\";\")));\n    }\n    if (additionalProperties.containsKey(CodegenConstants.INVOKER_PACKAGE)) {\n        this.setInvokerPackage(((java.lang.String) (additionalProperties.get(CodegenConstants.INVOKER_PACKAGE))));\n    } else\n        if (additionalProperties.containsKey(CodegenConstants.API_PACKAGE)) {\n            java.lang.String derviedInvokerPackage \u003d deriveInvokerPackageName(((java.lang.String) (additionalProperties.get(CodegenConstants.API_PACKAGE))));\n            this.additionalProperties.put(CodegenConstants.INVOKER_PACKAGE, derviedInvokerPackage);\n            this.setInvokerPackage(((java.lang.String) (additionalProperties.get(CodegenConstants.INVOKER_PACKAGE))));\n            io.swagger.codegen.languages.AbstractJavaCodegen.LOGGER.info((\"Invoker Package Name, originally not set, is now dervied from api package name: \" + derviedInvokerPackage));\n        } else\n            if (additionalProperties.containsKey(CodegenConstants.MODEL_PACKAGE)) {\n                java.lang.String derviedInvokerPackage \u003d deriveInvokerPackageName(((java.lang.String) (additionalProperties.get(CodegenConstants.MODEL_PACKAGE))));\n                this.additionalProperties.put(CodegenConstants.INVOKER_PACKAGE, derviedInvokerPackage);\n                this.setInvokerPackage(((java.lang.String) (additionalProperties.get(CodegenConstants.INVOKER_PACKAGE))));\n                io.swagger.codegen.languages.AbstractJavaCodegen.LOGGER.info((\"Invoker Package Name, originally not set, is now dervied from model package name: \" + derviedInvokerPackage));\n            } else {\n                additionalProperties.put(CodegenConstants.INVOKER_PACKAGE, invokerPackage);\n            }\n\n\n    if (!(additionalProperties.containsKey(CodegenConstants.MODEL_PACKAGE))) {\n        additionalProperties.put(CodegenConstants.MODEL_PACKAGE, modelPackage);\n    }\n    if (!(additionalProperties.containsKey(CodegenConstants.API_PACKAGE))) {\n        additionalProperties.put(CodegenConstants.API_PACKAGE, apiPackage);\n    }\n    if (additionalProperties.containsKey(CodegenConstants.GROUP_ID)) {\n        this.setGroupId(((java.lang.String) (additionalProperties.get(CodegenConstants.GROUP_ID))));\n    } else {\n        additionalProperties.put(CodegenConstants.GROUP_ID, groupId);\n    }\n    if (additionalProperties.containsKey(CodegenConstants.ARTIFACT_ID)) {\n        this.setArtifactId(((java.lang.String) (additionalProperties.get(CodegenConstants.ARTIFACT_ID))));\n    } else {\n        additionalProperties.put(CodegenConstants.ARTIFACT_ID, artifactId);\n    }\n    if (additionalProperties.containsKey(CodegenConstants.ARTIFACT_VERSION)) {\n        this.setArtifactVersion(((java.lang.String) (additionalProperties.get(CodegenConstants.ARTIFACT_VERSION))));\n    } else {\n        additionalProperties.put(CodegenConstants.ARTIFACT_VERSION, artifactVersion);\n    }\n    if (additionalProperties.containsKey(CodegenConstants.ARTIFACT_URL)) {\n        this.setArtifactUrl(((java.lang.String) (additionalProperties.get(CodegenConstants.ARTIFACT_URL))));\n    } else {\n        additionalProperties.put(CodegenConstants.ARTIFACT_URL, artifactUrl);\n    }\n    if (additionalProperties.containsKey(CodegenConstants.ARTIFACT_DESCRIPTION)) {\n        this.setArtifactDescription(((java.lang.String) (additionalProperties.get(CodegenConstants.ARTIFACT_DESCRIPTION))));\n    } else {\n        additionalProperties.put(CodegenConstants.ARTIFACT_DESCRIPTION, artifactDescription);\n    }\n    if (additionalProperties.containsKey(CodegenConstants.SCM_CONNECTION)) {\n        this.setScmConnection(((java.lang.String) (additionalProperties.get(CodegenConstants.SCM_CONNECTION))));\n    } else {\n        additionalProperties.put(CodegenConstants.SCM_CONNECTION, scmConnection);\n    }\n    if (additionalProperties.containsKey(CodegenConstants.SCM_DEVELOPER_CONNECTION)) {\n        this.setScmDeveloperConnection(((java.lang.String) (additionalProperties.get(CodegenConstants.SCM_DEVELOPER_CONNECTION))));\n    } else {\n        additionalProperties.put(CodegenConstants.SCM_DEVELOPER_CONNECTION, scmDeveloperConnection);\n    }\n    if (additionalProperties.containsKey(CodegenConstants.SCM_URL)) {\n        this.setScmUrl(((java.lang.String) (additionalProperties.get(CodegenConstants.SCM_URL))));\n    } else {\n        additionalProperties.put(CodegenConstants.SCM_URL, scmUrl);\n    }\n    if (additionalProperties.containsKey(CodegenConstants.DEVELOPER_NAME)) {\n        this.setDeveloperName(((java.lang.String) (additionalProperties.get(CodegenConstants.DEVELOPER_NAME))));\n    } else {\n        additionalProperties.put(CodegenConstants.DEVELOPER_NAME, developerName);\n    }\n    if (additionalProperties.containsKey(CodegenConstants.DEVELOPER_EMAIL)) {\n        this.setDeveloperEmail(((java.lang.String) (additionalProperties.get(CodegenConstants.DEVELOPER_EMAIL))));\n    } else {\n        additionalProperties.put(CodegenConstants.DEVELOPER_EMAIL, developerEmail);\n    }\n    if (additionalProperties.containsKey(CodegenConstants.DEVELOPER_ORGANIZATION)) {\n        this.setDeveloperOrganization(((java.lang.String) (additionalProperties.get(CodegenConstants.DEVELOPER_ORGANIZATION))));\n    } else {\n        additionalProperties.put(CodegenConstants.DEVELOPER_ORGANIZATION, developerOrganization);\n    }\n    if (additionalProperties.containsKey(CodegenConstants.DEVELOPER_ORGANIZATION_URL)) {\n        this.setDeveloperOrganizationUrl(((java.lang.String) (additionalProperties.get(CodegenConstants.DEVELOPER_ORGANIZATION_URL))));\n    } else {\n        additionalProperties.put(CodegenConstants.DEVELOPER_ORGANIZATION_URL, developerOrganizationUrl);\n    }\n    if (additionalProperties.containsKey(CodegenConstants.LICENSE_NAME)) {\n        this.setLicenseName(((java.lang.String) (additionalProperties.get(CodegenConstants.LICENSE_NAME))));\n    } else {\n        additionalProperties.put(CodegenConstants.LICENSE_NAME, licenseName);\n    }\n    if (additionalProperties.containsKey(CodegenConstants.LICENSE_URL)) {\n        this.setLicenseUrl(((java.lang.String) (additionalProperties.get(CodegenConstants.LICENSE_URL))));\n    } else {\n        additionalProperties.put(CodegenConstants.LICENSE_URL, licenseUrl);\n    }\n    if (additionalProperties.containsKey(CodegenConstants.SOURCE_FOLDER)) {\n        this.setSourceFolder(((java.lang.String) (additionalProperties.get(CodegenConstants.SOURCE_FOLDER))));\n    }\n    if (additionalProperties.containsKey(CodegenConstants.LOCAL_VARIABLE_PREFIX)) {\n        this.setLocalVariablePrefix(((java.lang.String) (additionalProperties.get(CodegenConstants.LOCAL_VARIABLE_PREFIX))));\n    }\n    if (additionalProperties.containsKey(CodegenConstants.SERIALIZABLE_MODEL)) {\n        this.setSerializableModel(java.lang.Boolean.valueOf(additionalProperties.get(CodegenConstants.SERIALIZABLE_MODEL).toString()));\n    }\n    if (additionalProperties.containsKey(CodegenConstants.LIBRARY)) {\n        this.setLibrary(((java.lang.String) (additionalProperties.get(CodegenConstants.LIBRARY))));\n    }\n    if (additionalProperties.containsKey(CodegenConstants.SERIALIZE_BIG_DECIMAL_AS_STRING)) {\n        this.setSerializeBigDecimalAsString(java.lang.Boolean.valueOf(additionalProperties.get(CodegenConstants.SERIALIZE_BIG_DECIMAL_AS_STRING).toString()));\n    }\n    additionalProperties.put(CodegenConstants.SERIALIZABLE_MODEL, serializableModel);\n    if (additionalProperties.containsKey(io.swagger.codegen.languages.AbstractJavaCodegen.FULL_JAVA_UTIL)) {\n        this.setFullJavaUtil(java.lang.Boolean.valueOf(additionalProperties.get(io.swagger.codegen.languages.AbstractJavaCodegen.FULL_JAVA_UTIL).toString()));\n    }\n    if ((this) instanceof io.swagger.codegen.languages.features.NotNullAnnotationFeatures) {\n        notNullOption \u003d ((io.swagger.codegen.languages.features.NotNullAnnotationFeatures) (this));\n        if (additionalProperties.containsKey(io.swagger.codegen.languages.NOT_NULL_JACKSON_ANNOTATION)) {\n            notNullOption.setNotNullJacksonAnnotation(convertPropertyToBoolean(io.swagger.codegen.languages.NOT_NULL_JACKSON_ANNOTATION));\n            writePropertyBack(io.swagger.codegen.languages.NOT_NULL_JACKSON_ANNOTATION, notNullOption.isNotNullJacksonAnnotation());\n            if (notNullOption.isNotNullJacksonAnnotation()) {\n                importMapping.put(\"JsonInclude\", \"com.fasterxml.jackson.annotation.JsonInclude\");\n            }\n        }\n    }\n    if ((this) instanceof io.swagger.codegen.languages.features.IgnoreUnknownJacksonFeatures) {\n        ignoreUnknown \u003d ((io.swagger.codegen.languages.features.IgnoreUnknownJacksonFeatures) (this));\n        if (additionalProperties.containsKey(io.swagger.codegen.languages.IGNORE_UNKNOWN_JACKSON_ANNOTATION)) {\n            ignoreUnknown.setIgnoreUnknownJacksonAnnotation(convertPropertyToBoolean(io.swagger.codegen.languages.IGNORE_UNKNOWN_JACKSON_ANNOTATION));\n            writePropertyBack(io.swagger.codegen.languages.IGNORE_UNKNOWN_JACKSON_ANNOTATION, ignoreUnknown.isIgnoreUnknownJacksonAnnotation());\n            if (ignoreUnknown.isIgnoreUnknownJacksonAnnotation()) {\n                importMapping.put(\"JsonIgnoreProperties\", \"com.fasterxml.jackson.annotation.JsonIgnoreProperties\");\n            }\n        }\n    }\n    if (fullJavaUtil) {\n        javaUtilPrefix \u003d \"java.util.\";\n    }\n    additionalProperties.put(io.swagger.codegen.languages.AbstractJavaCodegen.FULL_JAVA_UTIL, fullJavaUtil);\n    additionalProperties.put(\"javaUtilPrefix\", javaUtilPrefix);\n    if (additionalProperties.containsKey(io.swagger.codegen.languages.AbstractJavaCodegen.WITH_XML)) {\n        this.setWithXml(java.lang.Boolean.valueOf(additionalProperties.get(io.swagger.codegen.languages.AbstractJavaCodegen.WITH_XML).toString()));\n    }\n    additionalProperties.put(io.swagger.codegen.languages.AbstractJavaCodegen.WITH_XML, withXml);\n    if (additionalProperties.containsKey(io.swagger.codegen.languages.AbstractJavaCodegen.ERROR_ON_UNKNOWN_ENUM)) {\n        boolean errorOnUnknownEnum \u003d java.lang.Boolean.parseBoolean(additionalProperties.get(io.swagger.codegen.languages.AbstractJavaCodegen.ERROR_ON_UNKNOWN_ENUM).toString());\n        additionalProperties.put(io.swagger.codegen.languages.AbstractJavaCodegen.ERROR_ON_UNKNOWN_ENUM, errorOnUnknownEnum);\n    }\n    additionalProperties.put(\"apiDocPath\", apiDocPath);\n    additionalProperties.put(\"modelDocPath\", modelDocPath);\n    importMapping.put(\"List\", \"java.util.List\");\n    if (fullJavaUtil) {\n        typeMapping.put(\"array\", \"java.util.List\");\n        typeMapping.put(\"map\", \"java.util.Map\");\n        typeMapping.put(\"DateTime\", \"java.util.Date\");\n        typeMapping.put(\"UUID\", \"java.util.UUID\");\n        typeMapping.remove(\"List\");\n        importMapping.remove(\"Date\");\n        importMapping.remove(\"Map\");\n        importMapping.remove(\"HashMap\");\n        importMapping.remove(\"Array\");\n        importMapping.remove(\"ArrayList\");\n        importMapping.remove(\"List\");\n        importMapping.remove(\"Set\");\n        importMapping.remove(\"DateTime\");\n        importMapping.remove(\"UUID\");\n        instantiationTypes.put(\"array\", \"java.util.ArrayList\");\n        instantiationTypes.put(\"map\", \"java.util.HashMap\");\n    }\n    this.sanitizeConfig();\n    importMapping.put(\"ToStringSerializer\", \"com.fasterxml.jackson.databind.ser.std.ToStringSerializer\");\n    importMapping.put(\"JsonSerialize\", \"com.fasterxml.jackson.databind.annotation.JsonSerialize\");\n    importMapping.put(\"ApiModelProperty\", \"io.swagger.annotations.ApiModelProperty\");\n    importMapping.put(\"ApiModel\", \"io.swagger.annotations.ApiModel\");\n    importMapping.put(\"JsonProperty\", \"com.fasterxml.jackson.annotation.JsonProperty\");\n    importMapping.put(\"JsonSubTypes\", \"com.fasterxml.jackson.annotation.JsonSubTypes\");\n    importMapping.put(\"JsonTypeInfo\", \"com.fasterxml.jackson.annotation.JsonTypeInfo\");\n    importMapping.put(\"JsonCreator\", \"com.fasterxml.jackson.annotation.JsonCreator\");\n    importMapping.put(\"JsonValue\", \"com.fasterxml.jackson.annotation.JsonValue\");\n    importMapping.put(\"SerializedName\", \"com.google.gson.annotations.SerializedName\");\n    importMapping.put(\"TypeAdapter\", \"com.google.gson.TypeAdapter\");\n    importMapping.put(\"JsonAdapter\", \"com.google.gson.annotations.JsonAdapter\");\n    importMapping.put(\"JsonReader\", \"com.google.gson.stream.JsonReader\");\n    importMapping.put(\"JsonWriter\", \"com.google.gson.stream.JsonWriter\");\n    importMapping.put(\"IOException\", \"java.io.IOException\");\n    importMapping.put(\"Objects\", \"java.util.Objects\");\n    importMapping.put(\"StringUtil\", ((invokerPackage) + \".StringUtil\"));\n    importMapping.put(\"com.fasterxml.jackson.annotation.JsonProperty\", \"com.fasterxml.jackson.annotation.JsonCreator\");\n    if (additionalProperties.containsKey(io.swagger.codegen.languages.AbstractJavaCodegen.JAVA8_MODE)) {\n        setJava8Mode(java.lang.Boolean.parseBoolean(additionalProperties.get(io.swagger.codegen.languages.AbstractJavaCodegen.JAVA8_MODE).toString()));\n        if (java8Mode) {\n            additionalProperties.put(\"java8\", true);\n        }\n    }\n    if (additionalProperties.containsKey(io.swagger.codegen.languages.AbstractJavaCodegen.SUPPORT_ASYNC)) {\n        setSupportAsync(java.lang.Boolean.parseBoolean(additionalProperties.get(io.swagger.codegen.languages.AbstractJavaCodegen.SUPPORT_ASYNC).toString()));\n        if (supportAsync) {\n            additionalProperties.put(io.swagger.codegen.languages.AbstractJavaCodegen.SUPPORT_ASYNC, \"true\");\n        }\n    }\n    if (additionalProperties.containsKey(io.swagger.codegen.languages.AbstractJavaCodegen.WITH_XML)) {\n        setWithXml(java.lang.Boolean.parseBoolean(additionalProperties.get(io.swagger.codegen.languages.AbstractJavaCodegen.WITH_XML).toString()));\n        if (withXml) {\n            additionalProperties.put(io.swagger.codegen.languages.AbstractJavaCodegen.WITH_XML, \"true\");\n        }\n    }\n    if (additionalProperties.containsKey(io.swagger.codegen.languages.AbstractJavaCodegen.DATE_LIBRARY)) {\n        setDateLibrary(additionalProperties.get(\"dateLibrary\").toString());\n    }\n    if (\"threetenbp\".equals(dateLibrary)) {\n        additionalProperties.put(\"threetenbp\", true);\n        additionalProperties.put(\"jsr310\", \"true\");\n        typeMapping.put(\"date\", \"LocalDate\");\n        typeMapping.put(\"DateTime\", \"OffsetDateTime\");\n        importMapping.put(\"LocalDate\", \"org.threeten.bp.LocalDate\");\n        importMapping.put(\"OffsetDateTime\", \"org.threeten.bp.OffsetDateTime\");\n    } else\n        if (\"joda\".equals(dateLibrary)) {\n            additionalProperties.put(\"joda\", true);\n            typeMapping.put(\"date\", \"LocalDate\");\n            typeMapping.put(\"DateTime\", \"DateTime\");\n            importMapping.put(\"LocalDate\", \"org.joda.time.LocalDate\");\n            importMapping.put(\"DateTime\", \"org.joda.time.DateTime\");\n        } else\n            if (dateLibrary.startsWith(\"java8\")) {\n                additionalProperties.put(\"java8\", true);\n                additionalProperties.put(\"jsr310\", \"true\");\n                if (\"java8-localdatetime\".equals(dateLibrary)) {\n                    typeMapping.put(\"date\", \"LocalDate\");\n                    typeMapping.put(\"DateTime\", \"LocalDateTime\");\n                    importMapping.put(\"LocalDate\", \"java.time.LocalDate\");\n                    importMapping.put(\"LocalDateTime\", \"java.time.LocalDateTime\");\n                } else\n                    if (\"java8-instant\".equals(dateLibrary)) {\n                        typeMapping.put(\"date\", \"Instant\");\n                        typeMapping.put(\"DateTime\", \"Instant\");\n                        importMapping.put(\"Instant\", \"java.time.Instant\");\n                    } else {\n                        typeMapping.put(\"date\", \"LocalDate\");\n                        typeMapping.put(\"DateTime\", \"OffsetDateTime\");\n                        importMapping.put(\"LocalDate\", \"java.time.LocalDate\");\n                        importMapping.put(\"OffsetDateTime\", \"java.time.OffsetDateTime\");\n                    }\n\n            } else\n                if (dateLibrary.equals(\"legacy\")) {\n                    additionalProperties.put(\"legacyDates\", true);\n                }\n\n\n\n    if ((this.skipAliasGeneration) \u003d\u003d null) {\n        this.skipAliasGeneration \u003d java.lang.Boolean.TRUE;\n    }\n}",
                "dst_parent": "null"
              },
              "line": 456,
              "file": "/home/khesoem/projects/lighter/exp/modules/swagger-codegen/src/main/java/io/swagger/codegen/languages/AbstractJavaCodegen.java",
              "stats": {
                "number_of_src_entities": 94,
                "number_of_dst_entities": -1,
                "src_entity_types": "[boolean, io.swagger.codegen.languages.AbstractJavaCodegen, java.lang.String, io.swagger.codegen.languages.additionalProperties, java.lang.Boolean]",
                "dst_entity_types": "[]"
              }
            }
          ]
        }
      ]
    }
  ],
  "complete_analysis": true
}