{
  "instances": [
    {
      "revision": "1f20f602c8827ec58f049c4ba8932786b1397987",
      "repairability": [
        {
          "tool-name": "Arja",
          "pattern-name": "Arja:arja_shallow_change",
          "Unified_Diff_of-files:": "Starts Below...",
          "INSERT:": "        this.caseType \u003d SNAKE_CASE_OPTION;",
          "CHANGE_old:": "        } else if (this.caseType.equalsIgnoreCase(KEBAB_CASE_OPTION)) {",
          "CHANGE_new:": "        } else if (KEBAB_CASE_OPTION.equalsIgnoreCase(this.caseType)) {",
          "instance_detail": [
            {
              "pattern_action": "ANY",
              "pattern_entity": {
                "entity_type": "Statement",
                "entity_new value": "*",
                "entity_role": "*",
                "entity_parent": "null"
              },
              "concrete_change": {
                "operator": "INS",
                "src_type": "Assignment",
                "dst_type": "null",
                "src": "this.caseType \u003d io.swagger.codegen.languages.PythonClientCodegen.SNAKE_CASE_OPTION",
                "dst": "null",
                "src_parent_type": "Block",
                "dst_parent_type": "null",
                "src_parent": "{\n    super();\n    importMapping.clear();\n    supportsInheritance \u003d true;\n    modelPackage \u003d \"models\";\n    apiPackage \u003d \"api\";\n    outputFolder \u003d (\"generated-code\" + (java.io.File.separatorChar)) + \"python\";\n    modelTemplateFiles.put(\"model.mustache\", \".py\");\n    apiTemplateFiles.put(\"api.mustache\", \".py\");\n    modelTestTemplateFiles.put(\"model_test.mustache\", \".py\");\n    apiTestTemplateFiles.put(\"api_test.mustache\", \".py\");\n    embeddedTemplateDir \u003d templateDir \u003d \"python\";\n    modelDocTemplateFiles.put(\"model_doc.mustache\", \".md\");\n    apiDocTemplateFiles.put(\"api_doc.mustache\", \".md\");\n    testFolder \u003d \"test\";\n    hideGenerationTimestamp \u003d java.lang.Boolean.TRUE;\n    languageSpecificPrimitives.clear();\n    languageSpecificPrimitives.add(\"int\");\n    languageSpecificPrimitives.add(\"float\");\n    languageSpecificPrimitives.add(\"list\");\n    languageSpecificPrimitives.add(\"dict\");\n    languageSpecificPrimitives.add(\"bool\");\n    languageSpecificPrimitives.add(\"str\");\n    languageSpecificPrimitives.add(\"datetime\");\n    languageSpecificPrimitives.add(\"date\");\n    languageSpecificPrimitives.add(\"object\");\n    instantiationTypes.put(\"map\", \"dict\");\n    typeMapping.clear();\n    typeMapping.put(\"integer\", \"int\");\n    typeMapping.put(\"float\", \"float\");\n    typeMapping.put(\"number\", \"float\");\n    typeMapping.put(\"long\", \"int\");\n    typeMapping.put(\"double\", \"float\");\n    typeMapping.put(\"array\", \"list\");\n    typeMapping.put(\"map\", \"dict\");\n    typeMapping.put(\"boolean\", \"bool\");\n    typeMapping.put(\"string\", \"str\");\n    typeMapping.put(\"date\", \"date\");\n    typeMapping.put(\"DateTime\", \"datetime\");\n    typeMapping.put(\"object\", \"object\");\n    typeMapping.put(\"file\", \"file\");\n    typeMapping.put(\"binary\", \"str\");\n    typeMapping.put(\"ByteArray\", \"str\");\n    typeMapping.put(\"UUID\", \"str\");\n    setReservedWordsLowerCase(java.util.Arrays.asList(\"all_params\", \"resource_path\", \"path_params\", \"query_params\", \"header_params\", \"form_params\", \"local_var_files\", \"body_params\", \"auth_settings\", \"property\", \"and\", \"del\", \"from\", \"not\", \"while\", \"as\", \"elif\", \"global\", \"or\", \"with\", \"assert\", \"else\", \"if\", \"pass\", \"yield\", \"break\", \"except\", \"import\", \"print\", \"class\", \"exec\", \"in\", \"raise\", \"continue\", \"finally\", \"is\", \"return\", \"def\", \"for\", \"lambda\", \"try\", \"self\", \"nonlocal\", \"None\", \"True\", \"nonlocal\", \"float\", \"int\", \"str\", \"date\", \"datetime\", \"False\", \"await\", \"async\"));\n    regexModifiers \u003d new java.util.HashMap\u003cjava.lang.Character, java.lang.String\u003e();\n    regexModifiers.put(\u0027i\u0027, \"IGNORECASE\");\n    regexModifiers.put(\u0027l\u0027, \"LOCALE\");\n    regexModifiers.put(\u0027m\u0027, \"MULTILINE\");\n    regexModifiers.put(\u0027s\u0027, \"DOTALL\");\n    regexModifiers.put(\u0027u\u0027, \"UNICODE\");\n    regexModifiers.put(\u0027x\u0027, \"VERBOSE\");\n    cliOptions.clear();\n    cliOptions.add(new io.swagger.codegen.CliOption(io.swagger.codegen.CodegenConstants.PACKAGE_NAME, \"python package name (convention: snake_case).\").defaultValue(\"swagger_client\"));\n    cliOptions.add(new io.swagger.codegen.CliOption(io.swagger.codegen.CodegenConstants.PROJECT_NAME, \"python project name in setup.py (e.g. petstore-api).\"));\n    cliOptions.add(new io.swagger.codegen.CliOption(io.swagger.codegen.CodegenConstants.PACKAGE_VERSION, \"python package version.\").defaultValue(\"1.0.0\"));\n    cliOptions.add(new io.swagger.codegen.CliOption(io.swagger.codegen.languages.PythonClientCodegen.PACKAGE_URL, \"python package URL.\"));\n    cliOptions.add(io.swagger.codegen.CliOption.newBoolean(CodegenConstants.SORT_PARAMS_BY_REQUIRED_FLAG, CodegenConstants.SORT_PARAMS_BY_REQUIRED_FLAG_DESC).defaultValue(java.lang.Boolean.TRUE.toString()));\n    cliOptions.add(new io.swagger.codegen.CliOption(io.swagger.codegen.CodegenConstants.HIDE_GENERATION_TIMESTAMP, io.swagger.codegen.CodegenConstants.HIDE_GENERATION_TIMESTAMP_DESC).defaultValue(java.lang.Boolean.TRUE.toString()));\n    supportedLibraries.put(\"urllib3\", \"urllib3-based client\");\n    supportedLibraries.put(\"asyncio\", \"Asyncio-based client (python 3.5+)\");\n    supportedLibraries.put(\"tornado\", \"tornado-based client\");\n    io.swagger.codegen.CliOption libraryOption \u003d new io.swagger.codegen.CliOption(io.swagger.codegen.CodegenConstants.LIBRARY, \"library template (sub-template) to use\");\n    libraryOption.setDefault(io.swagger.codegen.languages.PythonClientCodegen.DEFAULT_LIBRARY);\n    cliOptions.add(libraryOption);\n    setLibrary(io.swagger.codegen.languages.PythonClientCodegen.DEFAULT_LIBRARY);\n    this.caseType \u003d io.swagger.codegen.languages.PythonClientCodegen.SNAKE_CASE_OPTION;\n}",
                "dst_parent": "null"
              },
              "line": 152,
              "file": "/home/khesoem/projects/lighter/exp/modules/swagger-codegen/src/main/java/io/swagger/codegen/languages/PythonClientCodegen.java",
              "stats": {
                "number_of_src_entities": 24,
                "number_of_dst_entities": -1,
                "src_entity_types": "[io.swagger.codegen.languages.PythonClientCodegen, java.lang.String]",
                "dst_entity_types": "[]"
              }
            }
          ]
        }
      ]
    }
  ],
  "complete_analysis": true
}