{
  "instances": [
    {
      "revision": "1d596168ad5287dd3f6b0d8786f1b39dac0017b6",
      "repairability": [
        {
          "tool-name": "Arja",
          "pattern-name": "Arja:arja_shallow_change",
          "Unified_Diff_of-files:": "Starts Below...",
          "CHANGE_old:": "                                          .tokenClaimInterval(settings.tokenClaimIntervalMillis())",
          "CHANGE_new:": "",
          "INSERT:": "",
          "instance_detail": [
            {
              "pattern_action": "ANY",
              "pattern_entity": {
                "entity_type": "Statement",
                "entity_new value": "*",
                "entity_role": "*",
                "entity_parent": "null"
              },
              "concrete_change": {
                "operator": "INS",
                "src_type": "Invocation",
                "dst_type": "null",
                "src": "defaultStreamableSource.get()",
                "dst": "null",
                "src_parent_type": "Invocation",
                "dst_parent_type": "null",
                "src_parent": "pooledStreamingEventProcessor(name, eventHandlerInvoker, conf, defaultStreamableSource.get(), ( config, builder) -\u003e builder)",
                "dst_parent": "null"
              },
              "line": 564,
              "file": "/home/khesoem/projects/lighter/exp/config/src/main/java/org/axonframework/config/EventProcessingModule.java",
              "stats": {
                "number_of_src_entities": 17,
                "number_of_dst_entities": -1,
                "src_entity_types": "[org.axonframework.config.defaultStreamableSource, org.axonframework.config.EventProcessingModule]",
                "dst_entity_types": "[]"
              }
            }
          ]
        },
        {
          "tool-name": "Arja",
          "pattern-name": "Arja:arja_shallow_change",
          "Unified_Diff_of-files:": "Starts Below...",
          "CHANGE_old:": "                                          .tokenClaimInterval(settings.tokenClaimIntervalMillis())",
          "CHANGE_new:": "",
          "INSERT:": "",
          "instance_detail": [
            {
              "pattern_action": "ANY",
              "pattern_entity": {
                "entity_type": "Statement",
                "entity_new value": "*",
                "entity_role": "*",
                "entity_parent": "null"
              },
              "concrete_change": {
                "operator": "INS",
                "src_type": "Invocation",
                "dst_type": "null",
                "src": "messageSource.apply(c)",
                "dst": "null",
                "src_parent_type": "Invocation",
                "dst_parent_type": "null",
                "src_parent": "pooledStreamingEventProcessor(n, ehi, c, messageSource.apply(c), processorCustomization)",
                "dst_parent": "null"
              },
              "line": 719,
              "file": "/home/khesoem/projects/lighter/exp/config/src/main/java/org/axonframework/config/EventProcessingModule.java",
              "stats": {
                "number_of_src_entities": 8,
                "number_of_dst_entities": -1,
                "src_entity_types": "[org.axonframework.config.messageSource]",
                "dst_entity_types": "[]"
              }
            }
          ]
        },
        {
          "tool-name": "Arja",
          "pattern-name": "Arja:arja_shallow_change",
          "Unified_Diff_of-files:": "Starts Below...",
          "CHANGE_old:": "                                          .tokenClaimInterval(settings.tokenClaimIntervalMillis())",
          "CHANGE_new:": "",
          "INSERT:": "",
          "instance_detail": [
            {
              "pattern_action": "ANY",
              "pattern_entity": {
                "entity_type": "Statement",
                "entity_new value": "*",
                "entity_role": "*",
                "entity_parent": "null"
              },
              "concrete_change": {
                "operator": "DEL",
                "src_type": "Invocation",
                "dst_type": "null",
                "src": "getStreamableMessageSource(config, name)",
                "dst": "null",
                "src_parent_type": "Invocation",
                "dst_parent_type": "null",
                "src_parent": "org.axonframework.eventhandling.pooled.PooledStreamingEventProcessor.builder().name(name).eventHandlerInvoker(eventHandlerInvoker).rollbackConfiguration(rollbackConfiguration(name)).errorHandler(errorHandler(name)).messageMonitor(messageMonitor(org.axonframework.eventhandling.pooled.PooledStreamingEventProcessor.class, name)).messageSource(getStreamableMessageSource(config, name))",
                "dst_parent": "null"
              },
              "line": 780,
              "file": "/home/khesoem/projects/lighter/exp/config/src/main/java/org/axonframework/config/EventProcessingModule.java",
              "stats": {
                "number_of_src_entities": 29,
                "number_of_dst_entities": -1,
                "src_entity_types": "[org.axonframework.config.EventProcessingModule, org.axonframework.config.Configuration, java.lang.String]",
                "dst_entity_types": "[]"
              }
            }
          ]
        },
        {
          "tool-name": "Arja",
          "pattern-name": "Arja:arja_shallow_change",
          "Unified_Diff_of-files:": "Starts Below...",
          "CHANGE_old:": "                                          .tokenClaimInterval(settings.tokenClaimIntervalMillis())",
          "CHANGE_new:": "",
          "INSERT:": "",
          "instance_detail": [
            {
              "pattern_action": "ANY",
              "pattern_entity": {
                "entity_type": "Statement",
                "entity_new value": "*",
                "entity_role": "*",
                "entity_parent": "null"
              },
              "concrete_change": {
                "operator": "DEL",
                "src_type": "LocalVariable",
                "dst_type": "null",
                "src": "org.axonframework.messaging.StreamableMessageSource\u003corg.axonframework.eventhandling.TrackedEventMessage\u003c?\u003e\u003e messageSource",
                "dst": "null",
                "src_parent_type": "Block",
                "dst_parent_type": "null",
                "src_parent": "{\n    org.axonframework.messaging.StreamableMessageSource\u003corg.axonframework.eventhandling.TrackedEventMessage\u003c?\u003e\u003e messageSource;\n    try {\n        messageSource \u003d defaultStreamableSource.get();\n    } catch (java.lang.ClassCastException e) {\n        if (!((config.eventBus()) instanceof org.axonframework.messaging.StreamableMessageSource)) {\n            throw new org.axonframework.common.AxonConfigurationException((((\"Cannot create Pooled Streaming Event Processor \u0027\" + name) + \"\u0027. \") + \"The available EventBus does not support streaming event processors.\"));\n        }\n        messageSource \u003d ((org.axonframework.messaging.StreamableMessageSource\u003corg.axonframework.eventhandling.TrackedEventMessage\u003c?\u003e\u003e) (config.eventBus()));\n    }\n    return messageSource;\n}",
                "dst_parent": "null"
              },
              "line": 788,
              "file": "/home/khesoem/projects/lighter/exp/config/src/main/java/org/axonframework/config/EventProcessingModule.java"
            }
          ]
        },
        {
          "tool-name": "Arja",
          "pattern-name": "Arja:arja_shallow_change",
          "Unified_Diff_of-files:": "Starts Below...",
          "CHANGE_old:": "                                          .tokenClaimInterval(settings.tokenClaimIntervalMillis())",
          "CHANGE_new:": "",
          "INSERT:": "",
          "instance_detail": [
            {
              "pattern_action": "ANY",
              "pattern_entity": {
                "entity_type": "Statement",
                "entity_new value": "*",
                "entity_role": "*",
                "entity_parent": "null"
              },
              "concrete_change": {
                "operator": "DEL",
                "src_type": "Invocation",
                "dst_type": "null",
                "src": "defaultStreamableSource.get()",
                "dst": "null",
                "src_parent_type": "Assignment",
                "dst_parent_type": "null",
                "src_parent": "messageSource \u003d defaultStreamableSource.get()",
                "dst_parent": "null"
              },
              "line": 790,
              "file": "/home/khesoem/projects/lighter/exp/config/src/main/java/org/axonframework/config/EventProcessingModule.java"
            }
          ]
        },
        {
          "tool-name": "Arja",
          "pattern-name": "Arja:arja_shallow_change",
          "Unified_Diff_of-files:": "Starts Below...",
          "CHANGE_old:": "                                          .tokenClaimInterval(settings.tokenClaimIntervalMillis())",
          "CHANGE_new:": "",
          "INSERT:": "",
          "instance_detail": [
            {
              "pattern_action": "ANY",
              "pattern_entity": {
                "entity_type": "Statement",
                "entity_new value": "*",
                "entity_role": "*",
                "entity_parent": "null"
              },
              "concrete_change": {
                "operator": "DEL",
                "src_type": "Assignment",
                "dst_type": "null",
                "src": "messageSource \u003d defaultStreamableSource.get()",
                "dst": "null",
                "src_parent_type": "Block",
                "dst_parent_type": "null",
                "src_parent": "{\n    messageSource \u003d defaultStreamableSource.get();\n}",
                "dst_parent": "null"
              },
              "line": 790,
              "file": "/home/khesoem/projects/lighter/exp/config/src/main/java/org/axonframework/config/EventProcessingModule.java"
            }
          ]
        },
        {
          "tool-name": "Arja",
          "pattern-name": "Arja:arja_shallow_change",
          "Unified_Diff_of-files:": "Starts Below...",
          "CHANGE_old:": "                                          .tokenClaimInterval(settings.tokenClaimIntervalMillis())",
          "CHANGE_new:": "",
          "INSERT:": "",
          "instance_detail": [
            {
              "pattern_action": "ANY",
              "pattern_entity": {
                "entity_type": "Statement",
                "entity_new value": "*",
                "entity_role": "*",
                "entity_parent": "null"
              },
              "concrete_change": {
                "operator": "DEL",
                "src_type": "Invocation",
                "dst_type": "null",
                "src": "(config.eventBus())",
                "dst": "null",
                "src_parent_type": "BinaryOperator",
                "dst_parent_type": "null",
                "src_parent": "((config.eventBus()) instanceof org.axonframework.messaging.StreamableMessageSource)",
                "dst_parent": "null"
              },
              "line": 792,
              "file": "/home/khesoem/projects/lighter/exp/config/src/main/java/org/axonframework/config/EventProcessingModule.java"
            }
          ]
        },
        {
          "tool-name": "Arja",
          "pattern-name": "Arja:arja_shallow_change",
          "Unified_Diff_of-files:": "Starts Below...",
          "CHANGE_old:": "                                          .tokenClaimInterval(settings.tokenClaimIntervalMillis())",
          "CHANGE_new:": "",
          "INSERT:": "",
          "instance_detail": [
            {
              "pattern_action": "ANY",
              "pattern_entity": {
                "entity_type": "Statement",
                "entity_new value": "*",
                "entity_role": "*",
                "entity_parent": "null"
              },
              "concrete_change": {
                "operator": "DEL",
                "src_type": "UnaryOperator",
                "dst_type": "null",
                "src": "!((config.eventBus()) instanceof org.axonframework.messaging.StreamableMessageSource)",
                "dst": "null",
                "src_parent_type": "If",
                "dst_parent_type": "null",
                "src_parent": "if (!((config.eventBus()) instanceof org.axonframework.messaging.StreamableMessageSource)) {\n    throw new org.axonframework.common.AxonConfigurationException((((\"Cannot create Pooled Streaming Event Processor \u0027\" + name) + \"\u0027. \") + \"The available EventBus does not support streaming event processors.\"));\n}",
                "dst_parent": "null"
              },
              "line": 792,
              "file": "/home/khesoem/projects/lighter/exp/config/src/main/java/org/axonframework/config/EventProcessingModule.java"
            }
          ]
        },
        {
          "tool-name": "Arja",
          "pattern-name": "Arja:arja_shallow_change",
          "Unified_Diff_of-files:": "Starts Below...",
          "CHANGE_old:": "                                          .tokenClaimInterval(settings.tokenClaimIntervalMillis())",
          "CHANGE_new:": "",
          "INSERT:": "",
          "instance_detail": [
            {
              "pattern_action": "ANY",
              "pattern_entity": {
                "entity_type": "Statement",
                "entity_new value": "*",
                "entity_role": "*",
                "entity_parent": "null"
              },
              "concrete_change": {
                "operator": "DEL",
                "src_type": "ConstructorCall",
                "dst_type": "null",
                "src": "new org.axonframework.common.AxonConfigurationException((((\"Cannot create Pooled Streaming Event Processor \u0027\" + name) + \"\u0027. \") + \"The available EventBus does not support streaming event processors.\"))",
                "dst": "null",
                "src_parent_type": "Throw",
                "dst_parent_type": "null",
                "src_parent": "throw new org.axonframework.common.AxonConfigurationException((((\"Cannot create Pooled Streaming Event Processor \u0027\" + name) + \"\u0027. \") + \"The available EventBus does not support streaming event processors.\"))",
                "dst_parent": "null"
              },
              "line": 793,
              "file": "/home/khesoem/projects/lighter/exp/config/src/main/java/org/axonframework/config/EventProcessingModule.java"
            }
          ]
        },
        {
          "tool-name": "Arja",
          "pattern-name": "Arja:arja_shallow_change",
          "Unified_Diff_of-files:": "Starts Below...",
          "CHANGE_old:": "                                          .tokenClaimInterval(settings.tokenClaimIntervalMillis())",
          "CHANGE_new:": "",
          "INSERT:": "",
          "instance_detail": [
            {
              "pattern_action": "ANY",
              "pattern_entity": {
                "entity_type": "Statement",
                "entity_new value": "*",
                "entity_role": "*",
                "entity_parent": "null"
              },
              "concrete_change": {
                "operator": "DEL",
                "src_type": "Throw",
                "dst_type": "null",
                "src": "throw new org.axonframework.common.AxonConfigurationException((((\"Cannot create Pooled Streaming Event Processor \u0027\" + name) + \"\u0027. \") + \"The available EventBus does not support streaming event processors.\"))",
                "dst": "null",
                "src_parent_type": "Block",
                "dst_parent_type": "null",
                "src_parent": "{\n    throw new org.axonframework.common.AxonConfigurationException((((\"Cannot create Pooled Streaming Event Processor \u0027\" + name) + \"\u0027. \") + \"The available EventBus does not support streaming event processors.\"));\n}",
                "dst_parent": "null"
              },
              "line": 793,
              "file": "/home/khesoem/projects/lighter/exp/config/src/main/java/org/axonframework/config/EventProcessingModule.java"
            }
          ]
        },
        {
          "tool-name": "Arja",
          "pattern-name": "Arja:arja_shallow_change",
          "Unified_Diff_of-files:": "Starts Below...",
          "CHANGE_old:": "                                          .tokenClaimInterval(settings.tokenClaimIntervalMillis())",
          "CHANGE_new:": "",
          "INSERT:": "",
          "instance_detail": [
            {
              "pattern_action": "ANY",
              "pattern_entity": {
                "entity_type": "Statement",
                "entity_new value": "*",
                "entity_role": "*",
                "entity_parent": "null"
              },
              "concrete_change": {
                "operator": "DEL",
                "src_type": "Block",
                "dst_type": "null",
                "src": "{\n    throw new org.axonframework.common.AxonConfigurationException((((\"Cannot create Pooled Streaming Event Processor \u0027\" + name) + \"\u0027. \") + \"The available EventBus does not support streaming event processors.\"));\n}",
                "dst": "null",
                "src_parent_type": "If",
                "dst_parent_type": "null",
                "src_parent": "if (!((config.eventBus()) instanceof org.axonframework.messaging.StreamableMessageSource)) {\n    throw new org.axonframework.common.AxonConfigurationException((((\"Cannot create Pooled Streaming Event Processor \u0027\" + name) + \"\u0027. \") + \"The available EventBus does not support streaming event processors.\"));\n}",
                "dst_parent": "null"
              },
              "line": 792,
              "file": "/home/khesoem/projects/lighter/exp/config/src/main/java/org/axonframework/config/EventProcessingModule.java"
            }
          ]
        },
        {
          "tool-name": "Arja",
          "pattern-name": "Arja:arja_shallow_change",
          "Unified_Diff_of-files:": "Starts Below...",
          "CHANGE_old:": "                                          .tokenClaimInterval(settings.tokenClaimIntervalMillis())",
          "CHANGE_new:": "",
          "INSERT:": "",
          "instance_detail": [
            {
              "pattern_action": "ANY",
              "pattern_entity": {
                "entity_type": "Statement",
                "entity_new value": "*",
                "entity_role": "*",
                "entity_parent": "null"
              },
              "concrete_change": {
                "operator": "DEL",
                "src_type": "If",
                "dst_type": "null",
                "src": "if (!((config.eventBus()) instanceof org.axonframework.messaging.StreamableMessageSource)) {\n    throw new org.axonframework.common.AxonConfigurationException((((\"Cannot create Pooled Streaming Event Processor \u0027\" + name) + \"\u0027. \") + \"The available EventBus does not support streaming event processors.\"));\n}",
                "dst": "null",
                "src_parent_type": "Block",
                "dst_parent_type": "null",
                "src_parent": "{\n    if (!((config.eventBus()) instanceof org.axonframework.messaging.StreamableMessageSource)) {\n        throw new org.axonframework.common.AxonConfigurationException((((\"Cannot create Pooled Streaming Event Processor \u0027\" + name) + \"\u0027. \") + \"The available EventBus does not support streaming event processors.\"));\n    }\n    messageSource \u003d ((org.axonframework.messaging.StreamableMessageSource\u003corg.axonframework.eventhandling.TrackedEventMessage\u003c?\u003e\u003e) (config.eventBus()));\n}",
                "dst_parent": "null"
              },
              "line": 792,
              "file": "/home/khesoem/projects/lighter/exp/config/src/main/java/org/axonframework/config/EventProcessingModule.java"
            }
          ]
        },
        {
          "tool-name": "Arja",
          "pattern-name": "Arja:arja_shallow_change",
          "Unified_Diff_of-files:": "Starts Below...",
          "CHANGE_old:": "                                          .tokenClaimInterval(settings.tokenClaimIntervalMillis())",
          "CHANGE_new:": "",
          "INSERT:": "",
          "instance_detail": [
            {
              "pattern_action": "ANY",
              "pattern_entity": {
                "entity_type": "Statement",
                "entity_new value": "*",
                "entity_role": "*",
                "entity_parent": "null"
              },
              "concrete_change": {
                "operator": "DEL",
                "src_type": "Invocation",
                "dst_type": "null",
                "src": "((org.axonframework.messaging.StreamableMessageSource\u003corg.axonframework.eventhandling.TrackedEventMessage\u003c?\u003e\u003e) (config.eventBus()))",
                "dst": "null",
                "src_parent_type": "Assignment",
                "dst_parent_type": "null",
                "src_parent": "messageSource \u003d ((org.axonframework.messaging.StreamableMessageSource\u003corg.axonframework.eventhandling.TrackedEventMessage\u003c?\u003e\u003e) (config.eventBus()))",
                "dst_parent": "null"
              },
              "line": 799,
              "file": "/home/khesoem/projects/lighter/exp/config/src/main/java/org/axonframework/config/EventProcessingModule.java"
            }
          ]
        },
        {
          "tool-name": "Arja",
          "pattern-name": "Arja:arja_shallow_change",
          "Unified_Diff_of-files:": "Starts Below...",
          "CHANGE_old:": "                                          .tokenClaimInterval(settings.tokenClaimIntervalMillis())",
          "CHANGE_new:": "",
          "INSERT:": "",
          "instance_detail": [
            {
              "pattern_action": "ANY",
              "pattern_entity": {
                "entity_type": "Statement",
                "entity_new value": "*",
                "entity_role": "*",
                "entity_parent": "null"
              },
              "concrete_change": {
                "operator": "DEL",
                "src_type": "Assignment",
                "dst_type": "null",
                "src": "messageSource \u003d ((org.axonframework.messaging.StreamableMessageSource\u003corg.axonframework.eventhandling.TrackedEventMessage\u003c?\u003e\u003e) (config.eventBus()))",
                "dst": "null",
                "src_parent_type": "Block",
                "dst_parent_type": "null",
                "src_parent": "{\n    if (!((config.eventBus()) instanceof org.axonframework.messaging.StreamableMessageSource)) {\n        throw new org.axonframework.common.AxonConfigurationException((((\"Cannot create Pooled Streaming Event Processor \u0027\" + name) + \"\u0027. \") + \"The available EventBus does not support streaming event processors.\"));\n    }\n    messageSource \u003d ((org.axonframework.messaging.StreamableMessageSource\u003corg.axonframework.eventhandling.TrackedEventMessage\u003c?\u003e\u003e) (config.eventBus()));\n}",
                "dst_parent": "null"
              },
              "line": 799,
              "file": "/home/khesoem/projects/lighter/exp/config/src/main/java/org/axonframework/config/EventProcessingModule.java"
            }
          ]
        },
        {
          "tool-name": "Arja",
          "pattern-name": "Arja:arja_shallow_change",
          "Unified_Diff_of-files:": "Starts Below...",
          "CHANGE_old:": "                                          .tokenClaimInterval(settings.tokenClaimIntervalMillis())",
          "CHANGE_new:": "",
          "INSERT:": "",
          "instance_detail": [
            {
              "pattern_action": "ANY",
              "pattern_entity": {
                "entity_type": "Statement",
                "entity_new value": "*",
                "entity_role": "*",
                "entity_parent": "null"
              },
              "concrete_change": {
                "operator": "DEL",
                "src_type": "Try",
                "dst_type": "null",
                "src": "try {\n    messageSource \u003d defaultStreamableSource.get();\n} catch (java.lang.ClassCastException e) {\n    if (!((config.eventBus()) instanceof org.axonframework.messaging.StreamableMessageSource)) {\n        throw new org.axonframework.common.AxonConfigurationException((((\"Cannot create Pooled Streaming Event Processor \u0027\" + name) + \"\u0027. \") + \"The available EventBus does not support streaming event processors.\"));\n    }\n    messageSource \u003d ((org.axonframework.messaging.StreamableMessageSource\u003corg.axonframework.eventhandling.TrackedEventMessage\u003c?\u003e\u003e) (config.eventBus()));\n}",
                "dst": "null",
                "src_parent_type": "Block",
                "dst_parent_type": "null",
                "src_parent": "{\n    org.axonframework.messaging.StreamableMessageSource\u003corg.axonframework.eventhandling.TrackedEventMessage\u003c?\u003e\u003e messageSource;\n    try {\n        messageSource \u003d defaultStreamableSource.get();\n    } catch (java.lang.ClassCastException e) {\n        if (!((config.eventBus()) instanceof org.axonframework.messaging.StreamableMessageSource)) {\n            throw new org.axonframework.common.AxonConfigurationException((((\"Cannot create Pooled Streaming Event Processor \u0027\" + name) + \"\u0027. \") + \"The available EventBus does not support streaming event processors.\"));\n        }\n        messageSource \u003d ((org.axonframework.messaging.StreamableMessageSource\u003corg.axonframework.eventhandling.TrackedEventMessage\u003c?\u003e\u003e) (config.eventBus()));\n    }\n    return messageSource;\n}",
                "dst_parent": "null"
              },
              "line": 789,
              "file": "/home/khesoem/projects/lighter/exp/config/src/main/java/org/axonframework/config/EventProcessingModule.java"
            }
          ]
        },
        {
          "tool-name": "Arja",
          "pattern-name": "Arja:arja_shallow_change",
          "Unified_Diff_of-files:": "Starts Below...",
          "CHANGE_old:": "                                          .tokenClaimInterval(settings.tokenClaimIntervalMillis())",
          "CHANGE_new:": "",
          "INSERT:": "",
          "instance_detail": [
            {
              "pattern_action": "ANY",
              "pattern_entity": {
                "entity_type": "Statement",
                "entity_new value": "*",
                "entity_role": "*",
                "entity_parent": "null"
              },
              "concrete_change": {
                "operator": "DEL",
                "src_type": "Return",
                "dst_type": "null",
                "src": "return messageSource",
                "dst": "null",
                "src_parent_type": "Block",
                "dst_parent_type": "null",
                "src_parent": "{\n    org.axonframework.messaging.StreamableMessageSource\u003corg.axonframework.eventhandling.TrackedEventMessage\u003c?\u003e\u003e messageSource;\n    try {\n        messageSource \u003d defaultStreamableSource.get();\n    } catch (java.lang.ClassCastException e) {\n        if (!((config.eventBus()) instanceof org.axonframework.messaging.StreamableMessageSource)) {\n            throw new org.axonframework.common.AxonConfigurationException((((\"Cannot create Pooled Streaming Event Processor \u0027\" + name) + \"\u0027. \") + \"The available EventBus does not support streaming event processors.\"));\n        }\n        messageSource \u003d ((org.axonframework.messaging.StreamableMessageSource\u003corg.axonframework.eventhandling.TrackedEventMessage\u003c?\u003e\u003e) (config.eventBus()));\n    }\n    return messageSource;\n}",
                "dst_parent": "null"
              },
              "line": 801,
              "file": "/home/khesoem/projects/lighter/exp/config/src/main/java/org/axonframework/config/EventProcessingModule.java"
            }
          ]
        }
      ]
    },
    {
      "revision": "1d596168ad5287dd3f6b0d8786f1b39dac0017b6",
      "repairability": [
        {
          "tool-name": "Arja",
          "pattern-name": "Arja:arja_shallow_change",
          "Unified_Diff_of-files:": "Starts Below...",
          "CHANGE_old:": "                                          .tokenClaimInterval(settings.tokenClaimIntervalMillis())",
          "CHANGE_new:": "",
          "INSERT:": "",
          "instance_detail": [
            {
              "pattern_action": "ANY",
              "pattern_entity": {
                "entity_type": "Statement",
                "entity_new value": "*",
                "entity_role": "*",
                "entity_parent": "null"
              },
              "concrete_change": {
                "operator": "INS",
                "src_type": "LocalVariable",
                "dst_type": "null",
                "src": "org.axonframework.eventhandling.EventBus eventBus \u003d c.eventBus()",
                "dst": "null",
                "src_parent_type": "Block",
                "dst_parent_type": "null",
                "src_parent": "{\n    org.axonframework.eventhandling.EventBus eventBus \u003d c.eventBus();\n    if (!(eventBus instanceof org.axonframework.messaging.StreamableMessageSource)) {\n        throw new org.axonframework.common.AxonConfigurationException((((\"Cannot create Pooled Streaming Event Processor with name \u0027\" + name) + \"\u0027. \") + \"The available EventBus does not support tracking processors.\"));\n    }\n    return ((org.axonframework.messaging.StreamableMessageSource\u003corg.axonframework.eventhandling.TrackedEventMessage\u003c?\u003e\u003e) (eventBus));\n}",
                "dst_parent": "null"
              },
              "line": 559,
              "file": "/home/khesoem/projects/lighter/exp/config/src/main/java/org/axonframework/config/EventProcessingConfigurer.java",
              "stats": {
                "number_of_src_entities": 13,
                "number_of_dst_entities": -1,
                "src_entity_types": "[org.axonframework.config.Configuration, org.axonframework.eventhandling.EventBus]",
                "dst_entity_types": "[]"
              }
            }
          ]
        }
      ]
    },
    {
      "revision": "1d596168ad5287dd3f6b0d8786f1b39dac0017b6",
      "repairability": [
        {
          "tool-name": "Arja",
          "pattern-name": "Arja:arja_shallow_change",
          "Unified_Diff_of-files:": "Starts Below...",
          "CHANGE_old:": "                                          .tokenClaimInterval(settings.tokenClaimIntervalMillis())",
          "CHANGE_new:": "",
          "INSERT:": "",
          "instance_detail": [
            {
              "pattern_action": "ANY",
              "pattern_entity": {
                "entity_type": "Statement",
                "entity_new value": "*",
                "entity_role": "*",
                "entity_parent": "null"
              },
              "concrete_change": {
                "operator": "DEL",
                "src_type": "Invocation",
                "dst_type": "null",
                "src": "resolveMessageSource(applicationContext, settings).apply(config)",
                "dst": "null",
                "src_parent_type": "LocalVariable",
                "dst_parent_type": "null",
                "src_parent": "StreamableMessageSource\u003cTrackedEventMessage\u003c?\u003e\u003e messageSource \u003d resolveMessageSource(applicationContext, settings).apply(config)",
                "dst_parent": "null"
              },
              "line": 276,
              "file": "/home/khesoem/projects/lighter/exp/spring-boot-autoconfigure/src/main/java/org/axonframework/springboot/autoconfig/AxonAutoConfiguration.java"
            }
          ]
        },
        {
          "tool-name": "Arja",
          "pattern-name": "Arja:arja_shallow_change",
          "Unified_Diff_of-files:": "Starts Below...",
          "CHANGE_old:": "                                          .tokenClaimInterval(settings.tokenClaimIntervalMillis())",
          "CHANGE_new:": "",
          "INSERT:": "",
          "instance_detail": [
            {
              "pattern_action": "ANY",
              "pattern_entity": {
                "entity_type": "Statement",
                "entity_new value": "*",
                "entity_role": "*",
                "entity_parent": "null"
              },
              "concrete_change": {
                "operator": "DEL",
                "src_type": "LocalVariable",
                "dst_type": "null",
                "src": "StreamableMessageSource\u003cTrackedEventMessage\u003c?\u003e\u003e messageSource \u003d resolveMessageSource(applicationContext, settings).apply(config)",
                "dst": "null",
                "src_parent_type": "Block",
                "dst_parent_type": "null",
                "src_parent": "{\n    StreamableMessageSource\u003cTrackedEventMessage\u003c?\u003e\u003e messageSource \u003d resolveMessageSource(applicationContext, settings).apply(config);\n    java.util.concurrent.ScheduledExecutorService workExecutorService \u003d java.util.concurrent.Executors.newScheduledThreadPool(settings.getThreadCount(), new org.axonframework.common.AxonThreadFactory(((\"WorkPackage[\" + name) + \"]\")));\n    return builder.messageSource(messageSource).workerExecutorService(workExecutorService).tokenClaimInterval(settings.tokenClaimIntervalMillis()).batchSize(settings.getBatchSize());\n}",
                "dst_parent": "null"
              },
              "line": 275,
              "file": "/home/khesoem/projects/lighter/exp/spring-boot-autoconfigure/src/main/java/org/axonframework/springboot/autoconfig/AxonAutoConfiguration.java",
              "stats": {
                "number_of_src_entities": 20,
                "number_of_dst_entities": -1,
                "src_entity_types": "[, StreamableMessageSource\u003cTrackedEventMessage\u003c?\u003e\u003e, TrackedEventMessage\u003c?\u003e]",
                "dst_entity_types": "[]"
              }
            }
          ]
        }
      ]
    },
    {
      "revision": "1d596168ad5287dd3f6b0d8786f1b39dac0017b6",
      "repairability": [
        {
          "tool-name": "Arja",
          "pattern-name": "Arja:arja_shallow_change",
          "Unified_Diff_of-files:": "Starts Below...",
          "CHANGE_old:": "                                          .tokenClaimInterval(settings.tokenClaimIntervalMillis())",
          "CHANGE_new:": "",
          "INSERT:": "",
          "instance_detail": [
            {
              "pattern_action": "ANY",
              "pattern_entity": {
                "entity_type": "Statement",
                "entity_new value": "*",
                "entity_role": "*",
                "entity_parent": "null"
              },
              "concrete_change": {
                "operator": "DEL",
                "src_type": "Invocation",
                "dst_type": "null",
                "src": "tokenClaimIntervalTimeUnit.toMillis(tokenClaimInterval)",
                "dst": "null",
                "src_parent_type": "Return",
                "dst_parent_type": "null",
                "src_parent": "return tokenClaimIntervalTimeUnit.toMillis(tokenClaimInterval)",
                "dst_parent": "null"
              },
              "line": 216,
              "file": "/home/khesoem/projects/lighter/exp/spring-boot-autoconfigure/src/main/java/org/axonframework/springboot/EventProcessorProperties.java"
            }
          ]
        },
        {
          "tool-name": "Arja",
          "pattern-name": "Arja:arja_shallow_change",
          "Unified_Diff_of-files:": "Starts Below...",
          "CHANGE_old:": "                                          .tokenClaimInterval(settings.tokenClaimIntervalMillis())",
          "CHANGE_new:": "",
          "INSERT:": "",
          "instance_detail": [
            {
              "pattern_action": "ANY",
              "pattern_entity": {
                "entity_type": "Statement",
                "entity_new value": "*",
                "entity_role": "*",
                "entity_parent": "null"
              },
              "concrete_change": {
                "operator": "DEL",
                "src_type": "Return",
                "dst_type": "null",
                "src": "return tokenClaimIntervalTimeUnit.toMillis(tokenClaimInterval)",
                "dst": "null",
                "src_parent_type": "Block",
                "dst_parent_type": "null",
                "src_parent": "{\n    return tokenClaimIntervalTimeUnit.toMillis(tokenClaimInterval);\n}",
                "dst_parent": "null"
              },
              "line": 216,
              "file": "/home/khesoem/projects/lighter/exp/spring-boot-autoconfigure/src/main/java/org/axonframework/springboot/EventProcessorProperties.java"
            }
          ]
        }
      ]
    }
  ],
  "complete_analysis": true
}