{
  "instances": [
    {
      "revision": "6f8f593fc0e4966c213a2d7d69692000b86a317f",
      "repairability": [
        {
          "tool-name": "Arja",
          "pattern-name": "Arja:arja_shallow_change",
          "Unified_Diff_of-files:": "Starts Below...",
          "INSERT:": "    @Deprecated",
          "CHANGE_old:": "",
          "CHANGE_new:": "                        .build();",
          "DELETE:": "",
          "instance_detail": [
            {
              "pattern_action": "ANY",
              "pattern_entity": {
                "entity_type": "Statement",
                "entity_new value": "*",
                "entity_role": "*",
                "entity_parent": "null"
              },
              "concrete_change": {
                "operator": "DEL",
                "src_type": "Invocation",
                "dst_type": "null",
                "src": "xStream(new com.thoughtworks.xstream.XStream(new org.axonframework.serialization.xml.CompactDriver()))",
                "dst": "null",
                "src_parent_type": "Block",
                "dst_parent_type": "null",
                "src_parent": "{\n    xStream(new com.thoughtworks.xstream.XStream(new org.axonframework.serialization.xml.CompactDriver()));\n}",
                "dst_parent": "null"
              },
              "line": 158,
              "file": "/home/khesoem/projects/lighter/exp/messaging/src/main/java/org/axonframework/serialization/xml/XStreamSerializer.java"
            }
          ]
        }
      ]
    }
  ],
  "complete_analysis": true
}