{
  "instances": [
    {
      "revision": "b2355ffff22a965864bcea56a40f46a65fd19903",
      "repairability": [
        {
          "tool-name": "JKali",
          "pattern-name": "JKali:del",
          "Unified_Diff_of-files:": "Starts Below...",
          "INSERT:": "@Deprecated",
          "instance_detail": [
            {
              "pattern_action": "DEL",
              "pattern_entity": {
                "entity_type": "*",
                "entity_new value": "*",
                "entity_role": "Statement",
                "entity_parent": "null"
              },
              "concrete_change": {
                "operator": "DEL",
                "src_type": "Invocation",
                "dst_type": "null",
                "src": "heap.insert(sNode, 0.0)",
                "dst": "null",
                "src_parent_type": "Block",
                "dst_parent_type": "null",
                "src_parent": "{\n    heap.clear();\n    nodes.clear();\n    org.jgrapht.util.FibonacciHeapNode\u003cV\u003e sNode \u003d new org.jgrapht.util.FibonacciHeapNode\u003cV\u003e(s);\n    nodes.put(s, sNode);\n    heap.insert(sNode, 0.0);\n    while (!(heap.isEmpty())) {\n        org.jgrapht.util.FibonacciHeapNode\u003cV\u003e uNode \u003d heap.removeMin();\n        double uDistance \u003d uNode.getKey();\n        V u \u003d uNode.getData();\n        if (uDistance \u003e distance) {\n            return false;\n        }\n        if (u.equals(t)) {\n            return true;\n        }\n        for (org.jgrapht.graph.DefaultWeightedEdge e : spanner.edgesOf(u)) {\n            V v \u003d org.jgrapht.Graphs.getOppositeVertex(spanner, e, u);\n            org.jgrapht.util.FibonacciHeapNode\u003cV\u003e vNode \u003d nodes.get(v);\n            double vDistance \u003d uDistance + (spanner.getEdgeWeight(e));\n            if (vNode \u003d\u003d null) {\n                vNode \u003d new org.jgrapht.util.FibonacciHeapNode\u003c\u003e(v);\n                nodes.put(v, vNode);\n                heap.insert(vNode, vDistance);\n            } else\n                if (vDistance \u003c (vNode.getKey())) {\n                    heap.decreaseKey(vNode, vDistance);\n                }\n\n        }\n    } \n    return false;\n}",
                "dst_parent": "null"
              },
              "line": 242,
              "file": "/home/khesoem/projects/lighter/exp/jgrapht-core/src/main/java/org/jgrapht/alg/spanning/GreedyMultiplicativeSpanner.java",
              "stats": {
                "number_of_src_entities": 32,
                "number_of_dst_entities": -1,
                "src_entity_types": "[org.jgrapht.util.FibonacciHeapNode\u003cV\u003e, org.jgrapht.util.FibonacciHeap, org.jgrapht.alg.spanning.GreedyMultiplicativeSpanner, double, org.jgrapht.alg.spanning.GreedyMultiplicativeSpanner.WeightedSpannerAlgorithm]",
                "dst_entity_types": "[]"
              }
            }
          ]
        },
        {
          "tool-name": "JKali",
          "pattern-name": "JKali:del",
          "Unified_Diff_of-files:": "Starts Below...",
          "INSERT:": "@Deprecated",
          "instance_detail": [
            {
              "pattern_action": "DEL",
              "pattern_entity": {
                "entity_type": "*",
                "entity_new value": "*",
                "entity_role": "Statement",
                "entity_parent": "null"
              },
              "concrete_change": {
                "operator": "DEL",
                "src_type": "Invocation",
                "dst_type": "null",
                "src": "heap.insert(vNode, vDistance)",
                "dst": "null",
                "src_parent_type": "Block",
                "dst_parent_type": "null",
                "src_parent": "{\n    vNode \u003d new org.jgrapht.util.FibonacciHeapNode\u003c\u003e(v);\n    nodes.put(v, vNode);\n    heap.insert(vNode, vDistance);\n}",
                "dst_parent": "null"
              },
              "line": 265,
              "file": "/home/khesoem/projects/lighter/exp/jgrapht-core/src/main/java/org/jgrapht/alg/spanning/GreedyMultiplicativeSpanner.java",
              "stats": {
                "number_of_src_entities": 33,
                "number_of_dst_entities": -1,
                "src_entity_types": "[org.jgrapht.util.FibonacciHeapNode\u003cV\u003e, org.jgrapht.util.FibonacciHeap, org.jgrapht.alg.spanning.GreedyMultiplicativeSpanner, double, org.jgrapht.alg.spanning.GreedyMultiplicativeSpanner.WeightedSpannerAlgorithm]",
                "dst_entity_types": "[]"
              }
            }
          ]
        }
      ]
    },
    {
      "revision": "b2355ffff22a965864bcea56a40f46a65fd19903",
      "repairability": [
        {
          "tool-name": "JKali",
          "pattern-name": "JKali:del",
          "Unified_Diff_of-files:": "Starts Below...",
          "INSERT:": "@Deprecated",
          "instance_detail": [
            {
              "pattern_action": "DEL",
              "pattern_entity": {
                "entity_type": "*",
                "entity_new value": "*",
                "entity_role": "Statement",
                "entity_parent": "null"
              },
              "concrete_change": {
                "operator": "DEL",
                "src_type": "Invocation",
                "dst_type": "null",
                "src": "delegate.insert(node, d)",
                "dst": "null",
                "src_parent_type": "Block",
                "dst_parent_type": "null",
                "src_parent": "{\n    org.jgrapht.util.FibonacciHeapNode\u003cV\u003e node \u003d new org.jgrapht.util.FibonacciHeapNode\u003c\u003e(t);\n    delegate.insert(node, d);\n    seen.put(t, node);\n}",
                "dst_parent": "null"
              },
              "line": 237,
              "file": "/home/khesoem/projects/lighter/exp/jgrapht-core/src/main/java/org/jgrapht/alg/scoring/BetweennessCentrality.java",
              "stats": {
                "number_of_src_entities": 34,
                "number_of_dst_entities": -1,
                "src_entity_types": "[org.jgrapht.util.FibonacciHeapNode\u003cV\u003e, org.jgrapht.util.FibonacciHeap, org.jgrapht.alg.scoring.BetweennessCentrality, org.jgrapht.alg.scoring.BetweennessCentrality.WeightedQueue, java.lang.Double]",
                "dst_entity_types": "[]"
              }
            }
          ]
        }
      ]
    }
  ],
  "complete_analysis": true
}