{
  "instances": [
    {
      "revision": "72faab4a5a793b3251c29a2796dac3b95de14717",
      "repairability": [
        {
          "tool-name": "Arja",
          "pattern-name": "Arja:arja_shallow_change",
          "Unified_Diff_of-files:": "Starts Below...",
          "INSERT:": "}",
          "CHANGE_old:": "    if (dbUser !\u003d null \u0026\u0026 !dbUser.isEmpty()) {",
          "CHANGE_new:": "    if (!isNullOrEmpty(dbUser)) {",
          "instance_detail": [
            {
              "pattern_action": "ANY",
              "pattern_entity": {
                "entity_type": "Statement",
                "entity_new value": "*",
                "entity_role": "*",
                "entity_parent": "null"
              },
              "concrete_change": {
                "operator": "DEL",
                "src_type": "UnaryOperator",
                "dst_type": "null",
                "src": "(!(peerName.isEmpty()))",
                "dst": "null",
                "src_parent_type": "BinaryOperator",
                "dst_parent_type": "null",
                "src_parent": "(peerName !\u003d null) \u0026\u0026 (!(peerName.isEmpty()))",
                "dst_parent": "null"
              },
              "line": 128,
              "file": "/home/khesoem/projects/lighter/exp/src/main/java/io/opentracing/contrib/p6spy/TracingP6SpyListener.java"
            }
          ]
        },
        {
          "tool-name": "Arja",
          "pattern-name": "Arja:arja_shallow_change",
          "Unified_Diff_of-files:": "Starts Below...",
          "INSERT:": "}",
          "CHANGE_old:": "    if (dbUser !\u003d null \u0026\u0026 !dbUser.isEmpty()) {",
          "CHANGE_new:": "    if (!isNullOrEmpty(dbUser)) {",
          "instance_detail": [
            {
              "pattern_action": "ANY",
              "pattern_entity": {
                "entity_type": "Statement",
                "entity_new value": "*",
                "entity_role": "*",
                "entity_parent": "null"
              },
              "concrete_change": {
                "operator": "DEL",
                "src_type": "UnaryOperator",
                "dst_type": "null",
                "src": "(!(dbUser.isEmpty()))",
                "dst": "null",
                "src_parent_type": "BinaryOperator",
                "dst_parent_type": "null",
                "src_parent": "(dbUser !\u003d null) \u0026\u0026 (!(dbUser.isEmpty()))",
                "dst_parent": "null"
              },
              "line": 131,
              "file": "/home/khesoem/projects/lighter/exp/src/main/java/io/opentracing/contrib/p6spy/TracingP6SpyListener.java"
            }
          ]
        }
      ]
    }
  ],
  "complete_analysis": true
}