{
  "instances": [
    {
      "revision": "372fb4bd4dce44bc4ee63e5611aa9a0cdb9c88c5",
      "repairability": [
        {
          "tool-name": "Elixir",
          "pattern-name": "Elixir:Insert_Invocation",
          "Unified_Diff_of-files:": "Starts Below...",
          "CHANGE_old:": "",
          "CHANGE_new:": "        return unsignedBase.negate().subtract(BigInteger.ONE);",
          "instance_detail": [
            {
              "pattern_action": "INS",
              "pattern_entity": {
                "entity_type": "AbstractInvocation",
                "entity_new value": "*",
                "entity_role": "*",
                "entity_parent": "null"
              },
              "concrete_change": {
                "operator": "INS",
                "src_type": "Invocation",
                "dst_type": "null",
                "src": "_bigNegative(l)",
                "dst": "null",
                "src_parent_type": "Assignment",
                "dst_parent_type": "null",
                "src_parent": "_numberBigInt \u003d _bigNegative(l)",
                "dst_parent": "null"
              },
              "line": 1178,
              "file": "/home/khesoem/projects/lighter/exp/cbor/src/main/java/com/fasterxml/jackson/dataformat/cbor/CBORParser.java",
              "stats": {
                "number_of_src_entities": 16,
                "number_of_dst_entities": -1,
                "src_entity_types": "[com.fasterxml.jackson.dataformat.cbor.CBORParser, long]",
                "dst_entity_types": "[]"
              }
            }
          ]
        }
      ]
    }
  ],
  "complete_analysis": true
}