{
  "instances": [
    {
      "revision": "6f1577a70bd6c9f52992be983b49488fda2e9c69",
      "repairability": [
        {
          "tool-name": "Elixir",
          "pattern-name": "Elixir:tight_be",
          "Unified_Diff_of-files:": "Starts Below...",
          "CHANGE_old:": "",
          "CHANGE_new:": "                        if (path.getParent() !\u003d null \u0026\u0026 !Files.exists(path.getParent())) {",
          "instance_detail": [
            {
              "pattern_action": "INS",
              "pattern_entity": {
                "entity_type": "BinaryOperator",
                "entity_new value": "*",
                "entity_role": "*",
                "entity_parent": {
                  "entity_type": "If",
                  "entity_new value": "*",
                  "entity_role": "*",
                  "entity_parent": "null"
                }
              },
              "concrete_change": {
                "operator": "INS",
                "src_type": "BinaryOperator",
                "dst_type": "null",
                "src": "((path.getParent()) !\u003d null) \u0026\u0026 (!(java.nio.file.Files.exists(path.getParent())))",
                "dst": "null",
                "src_parent_type": "If",
                "dst_parent_type": "null",
                "src_parent": "if (((path.getParent()) !\u003d null) \u0026\u0026 (!(java.nio.file.Files.exists(path.getParent())))) {\n    java.nio.file.Files.createDirectories(path.getParent());\n}",
                "dst_parent": "null"
              },
              "line": 83,
              "file": "/home/khesoem/projects/lighter/exp/debezium-core/src/main/java/io/debezium/relational/history/FileDatabaseHistory.java",
              "stats": {
                "number_of_src_entities": 28,
                "number_of_dst_entities": -1,
                "src_entity_types": "[io.debezium.relational.history.path, java.nio.file.Path, java.nio.file.Files, \u003cnulltype\u003e]",
                "dst_entity_types": "[]"
              }
            }
          ]
        }
      ]
    }
  ],
  "complete_analysis": true
}