{
  "instances": [
    {
      "revision": "084e7cca454573372b86ff0749d100853132dcc4",
      "repairability": [
        {
          "tool-name": "Cardumen",
          "pattern-name": "Cardumen:expression_replacement_by_upd",
          "Unified_Diff_of-files:": "Starts Below...",
          "CHANGE_old:": "  public TypeName name() {",
          "CHANGE_new:": "  public ClassName name() {",
          "instance_detail": [
            {
              "pattern_action": "UPD",
              "pattern_entity": {
                "entity_type": "Expression",
                "entity_new value": "*",
                "entity_role": "*",
                "entity_parent": "null"
              },
              "concrete_change": {
                "operator": "UPD",
                "src_type": "TypeAccess",
                "dst_type": "TypeAccess",
                "src": "dagger.internal.codegen.writer.Snippet",
                "dst": "com.google.common.collect.ImmutableSet",
                "src_parent_type": "Invocation",
                "dst_parent_type": "Invocation",
                "src_parent": "dagger.internal.codegen.writer.Snippet.create(stringBuilder.toString(), typesBuilder.build())",
                "dst_parent": "com.google.common.collect.ImmutableSet.copyOf(typesBuilder.build())"
              },
              "line": 85,
              "file": "/home/khesoem/projects/lighter/exp/compiler/src/main/java/dagger/internal/codegen/writer/Snippet.java",
              "stats": {
                "number_of_src_entities": 3,
                "number_of_dst_entities": 3,
                "src_entity_types": "[dagger.internal.codegen.writer.Snippet]",
                "dst_entity_types": "[com.google.common.collect.ImmutableSet]"
              }
            }
          ]
        }
      ]
    },
    {
      "revision": "084e7cca454573372b86ff0749d100853132dcc4",
      "repairability": [
        {
          "tool-name": "Cardumen",
          "pattern-name": "Cardumen:expression_replacement_by_upd",
          "Unified_Diff_of-files:": "Starts Below...",
          "CHANGE_old:": "  public TypeName name() {",
          "CHANGE_new:": "  public ClassName name() {",
          "instance_detail": [
            {
              "pattern_action": "UPD",
              "pattern_entity": {
                "entity_type": "Expression",
                "entity_new value": "*",
                "entity_role": "*",
                "entity_parent": "null"
              },
              "concrete_change": {
                "operator": "UPD",
                "src_type": "TypeAccess",
                "dst_type": "TypeAccess",
                "src": "com.google.common.base.Preconditions",
                "dst": "dagger.internal.codegen.writer.JavaWriter",
                "src_parent_type": "Invocation",
                "dst_parent_type": "ThisAccess",
                "src_parent": "com.google.common.base.Preconditions.checkArgument((!(modifiers.contains(javax.lang.model.element.Modifier.PRIVATE))))",
                "dst_parent": ""
              },
              "stats": {
                "number_of_src_entities": 3,
                "number_of_dst_entities": 3,
                "src_entity_types": "[com.google.common.base.Preconditions]",
                "dst_entity_types": "[dagger.internal.codegen.writer.JavaWriter]"
              }
            }
          ]
        },
        {
          "tool-name": "Cardumen",
          "pattern-name": "Cardumen:expression_replacement_by_upd",
          "Unified_Diff_of-files:": "Starts Below...",
          "CHANGE_old:": "  public TypeName name() {",
          "CHANGE_new:": "  public ClassName name() {",
          "instance_detail": [
            {
              "pattern_action": "UPD",
              "pattern_entity": {
                "entity_type": "Expression",
                "entity_new value": "*",
                "entity_role": "*",
                "entity_parent": "null"
              },
              "concrete_change": {
                "operator": "UPD",
                "src_type": "VariableRead",
                "dst_type": "VariableRead",
                "src": "modifiers",
                "dst": "originatingElements",
                "src_parent_type": "Invocation",
                "dst_parent_type": "Invocation",
                "src_parent": "(modifiers.contains(javax.lang.model.element.Modifier.PRIVATE))",
                "dst_parent": "file(filer, com.google.common.collect.Iterables.getOnlyElement(typeWriters).name.canonicalName(), originatingElements)"
              },
              "line": 71,
              "file": "/home/khesoem/projects/lighter/exp/compiler/src/main/java/dagger/internal/codegen/writer/JavaWriter.java",
              "stats": {
                "number_of_src_entities": 6,
                "number_of_dst_entities": 7,
                "src_entity_types": "[java.util.Set\u003cjavax.lang.model.element.Modifier\u003e, javax.lang.model.element.Modifier]",
                "dst_entity_types": "[java.lang.Iterable\u003c? extends javax.lang.model.element.Element\u003e, javax.lang.model.element.Element]"
              }
            }
          ]
        },
        {
          "tool-name": "Cardumen",
          "pattern-name": "Cardumen:expression_replacement_by_upd",
          "Unified_Diff_of-files:": "Starts Below...",
          "CHANGE_old:": "  public TypeName name() {",
          "CHANGE_new:": "  public ClassName name() {",
          "instance_detail": [
            {
              "pattern_action": "UPD",
              "pattern_entity": {
                "entity_type": "Expression",
                "entity_new value": "*",
                "entity_role": "*",
                "entity_parent": "null"
              },
              "concrete_change": {
                "operator": "UPD",
                "src_type": "FieldRead",
                "dst_type": "FieldRead",
                "src": "javax.lang.model.element.Modifier.PROTECTED",
                "dst": "typeWriters",
                "src_parent_type": "Invocation",
                "dst_parent_type": "Invocation",
                "src_parent": "(modifiers.contains(javax.lang.model.element.Modifier.PROTECTED))",
                "dst_parent": "java.util.Collections.unmodifiableList(typeWriters)"
              },
              "line": 70,
              "file": "/home/khesoem/projects/lighter/exp/compiler/src/main/java/dagger/internal/codegen/writer/JavaWriter.java",
              "stats": {
                "number_of_src_entities": 9,
                "number_of_dst_entities": 14,
                "src_entity_types": "[javax.lang.model.element.Modifier]",
                "dst_entity_types": "[dagger.internal.codegen.writer.JavaWriter]"
              }
            }
          ]
        },
        {
          "tool-name": "Cardumen",
          "pattern-name": "Cardumen:expression_replacement_by_upd",
          "Unified_Diff_of-files:": "Starts Below...",
          "CHANGE_old:": "  public TypeName name() {",
          "CHANGE_new:": "  public ClassName name() {",
          "instance_detail": [
            {
              "pattern_action": "UPD",
              "pattern_entity": {
                "entity_type": "Expression",
                "entity_new value": "*",
                "entity_role": "*",
                "entity_parent": "null"
              },
              "concrete_change": {
                "operator": "UPD",
                "src_type": "TypeAccess",
                "dst_type": "TypeAccess",
                "src": "javax.lang.model.element.Modifier",
                "dst": "dagger.internal.codegen.writer.JavaWriter",
                "src_parent_type": "FieldRead",
                "dst_parent_type": "ThisAccess",
                "src_parent": "javax.lang.model.element.Modifier.PROTECTED",
                "dst_parent": ""
              },
              "stats": {
                "number_of_src_entities": 3,
                "number_of_dst_entities": 3,
                "src_entity_types": "[javax.lang.model.element.Modifier]",
                "dst_entity_types": "[dagger.internal.codegen.writer.JavaWriter]"
              }
            }
          ]
        },
        {
          "tool-name": "Cardumen",
          "pattern-name": "Cardumen:expression_replacement_by_del_ins",
          "Unified_Diff_of-files:": "Starts Below...",
          "CHANGE_old:": "  public TypeName name() {",
          "CHANGE_new:": "  public ClassName name() {",
          "instance_detail": [
            {
              "pattern_action": "DEL",
              "pattern_entity": {
                "entity_type": "Expression",
                "entity_new value": "*",
                "entity_role": "*",
                "entity_parent": "null"
              },
              "concrete_change": {
                "operator": "DEL",
                "src_type": "UnaryOperator",
                "dst_type": "null",
                "src": "(!(modifiers.contains(javax.lang.model.element.Modifier.PRIVATE)))",
                "dst": "null",
                "src_parent_type": "Invocation",
                "dst_parent_type": "null",
                "src_parent": "com.google.common.base.Preconditions.checkArgument((!(modifiers.contains(javax.lang.model.element.Modifier.PRIVATE))))",
                "dst_parent": "null"
              },
              "line": 71,
              "file": "/home/khesoem/projects/lighter/exp/compiler/src/main/java/dagger/internal/codegen/writer/JavaWriter.java"
            },
            {
              "pattern_action": "INS",
              "pattern_entity": {
                "entity_type": "Expression",
                "entity_new value": "*",
                "entity_role": "*",
                "entity_parent": "null"
              },
              "concrete_change": {
                "operator": "INS",
                "src_type": "VariableRead",
                "dst_type": "null",
                "src": "filer",
                "dst": "null",
                "src_parent_type": "Invocation",
                "dst_parent_type": "null",
                "src_parent": "file(filer, com.google.common.collect.Iterables.getOnlyElement(typeWriters).name.canonicalName(), originatingElements)",
                "dst_parent": "null"
              },
              "line": 148,
              "file": "/home/khesoem/projects/lighter/exp/compiler/src/main/java/dagger/internal/codegen/writer/JavaWriter.java"
            }
          ]
        }
      ]
    }
  ],
  "complete_analysis": true
}