{
  "instances": [
    {
      "revision": "7d878da3a9bf0f1813f0f0457d136f14fa6efb12",
      "repairability": [
        {
          "tool-name": "JGenProg",
          "pattern-name": "JGenProg:any_statement_shallow",
          "Unified_Diff_of-files:": "Starts Below...",
          "CHANGE_old:": "            .filter( app -\u0026gt; app.getAppType() \u003d\u003d AppType.APP \u0026\u0026 !app.getIsBundledApp() )",
          "CHANGE_new:": "            .filter( app -\u0026gt; app.getAppType() \u003d\u003d AppType.APP \u0026\u0026 !app.isBundled() )",
          "instance_detail": [
            {
              "pattern_action": "ANY",
              "pattern_entity": {
                "entity_type": "*",
                "entity_new value": "*",
                "entity_role": "Statement",
                "entity_parent": "null"
              },
              "concrete_change": {
                "operator": "DEL",
                "src_type": "Invocation",
                "dst_type": "null",
                "src": "zip.close()",
                "dst": "null",
                "src_parent_type": "Block",
                "dst_parent_type": "null",
                "src_parent": "{\n    log.error(\"Failed to install app: App with same name is currently being deleted\");\n    zip.close();\n    app.setAppState(AppStatus.DELETION_IN_PROGRESS);\n    return app;\n}",
                "dst_parent": "null"
              },
              "line": 313,
              "file": "/home/khesoem/projects/lighter/exp/dhis-2/dhis-services/dhis-service-core/src/main/java/org/hisp/dhis/appmanager/JCloudsAppStorageService.java",
              "stats": {
                "number_of_src_entities": 9,
                "number_of_dst_entities": -1,
                "src_entity_types": "[java.util.zip.ZipFile]",
                "dst_entity_types": "[]"
              }
            }
          ]
        }
      ]
    },
    {
      "revision": "7d878da3a9bf0f1813f0f0457d136f14fa6efb12",
      "repairability": [
        {
          "tool-name": "JGenProg",
          "pattern-name": "JGenProg:any_statement_shallow",
          "Unified_Diff_of-files:": "Starts Below...",
          "CHANGE_old:": "            .filter( app -\u0026gt; app.getAppType() \u003d\u003d AppType.APP \u0026\u0026 !app.getIsBundledApp() )",
          "CHANGE_new:": "            .filter( app -\u0026gt; app.getAppType() \u003d\u003d AppType.APP \u0026\u0026 !app.isBundled() )",
          "instance_detail": [
            {
              "pattern_action": "ANY",
              "pattern_entity": {
                "entity_type": "*",
                "entity_new value": "*",
                "entity_role": "Statement",
                "entity_parent": "null"
              },
              "concrete_change": {
                "operator": "DEL",
                "src_type": "Assignment",
                "dst_type": "null",
                "src": "isBundledApp \u003d AppManager.BUNDLED_APPS.contains(getShortName())",
                "dst": "null",
                "src_parent_type": "Block",
                "dst_parent_type": "null",
                "src_parent": "{\n    isBundledApp \u003d AppManager.BUNDLED_APPS.contains(getShortName());\n    java.lang.String appPathPrefix \u003d (isBundledApp) ? AppManager.BUNDLED_APP_PREFIX : org.hisp.dhis.appmanager.App.INSTALLED_APP_PATH;\n    this.baseUrl \u003d (java.lang.String.join(\"/\", contextPath, appPathPrefix)) + (getUrlFriendlyName());\n    if (((contextPath !\u003d null) \u0026\u0026 ((name) !\u003d null)) \u0026\u0026 ((launchPath) !\u003d null)) {\n        launchUrl \u003d java.lang.String.join(\"/\", baseUrl, launchPath.replaceFirst(\"^/+\", \"\"));\n    }\n}",
                "dst_parent": "null"
              },
              "line": 117,
              "file": "/home/khesoem/projects/lighter/exp/dhis-2/dhis-api/src/main/java/org/hisp/dhis/appmanager/App.java",
              "stats": {
                "number_of_src_entities": 35,
                "number_of_dst_entities": -1,
                "src_entity_types": "[boolean, org.hisp.dhis.appmanager.App, AppManager.BUNDLED_APPS]",
                "dst_entity_types": "[]"
              }
            }
          ]
        }
      ]
    }
  ],
  "complete_analysis": true
}