{
  "instances": [
    {
      "revision": "71a6a2624632ec0e8323ff922cedef5499a38ddf",
      "repairability": [
        {
          "tool-name": "JGenProg",
          "pattern-name": "JGenProg:any_statement_deep",
          "Unified_Diff_of-files:": "Starts Below...",
          "INSERT:": "import org.apache.commons.lang3.StringUtils;",
          "DELETE:": "",
          "instance_detail": [
            {
              "pattern_action": "ANY",
              "pattern_entity": {
                "entity_type": "*",
                "entity_new value": "*",
                "entity_role": "*",
                "entity_parent": {
                  "entity_type": "*",
                  "entity_new value": "*",
                  "entity_role": "Statement",
                  "entity_parent": "null"
                }
              },
              "concrete_change": {
                "operator": "UPD",
                "src_type": "TypeParameterReference",
                "dst_type": "TypeParameterReference",
                "src": "",
                "dst": "",
                "src_parent_type": "Parameter",
                "dst_parent_type": "Parameter",
                "src_parent": "actionRule",
                "dst_parent": "actionRule"
              },
              "stats": {
                "number_of_src_entities": 1,
                "number_of_dst_entities": 1,
                "src_entity_types": "[]",
                "dst_entity_types": "[]"
              }
            }
          ]
        }
      ]
    },
    {
      "revision": "71a6a2624632ec0e8323ff922cedef5499a38ddf",
      "repairability": [
        {
          "tool-name": "JGenProg",
          "pattern-name": "JGenProg:any_statement_shallow",
          "Unified_Diff_of-files:": "Starts Below...",
          "INSERT:": "import org.apache.commons.lang3.StringUtils;",
          "DELETE:": "",
          "instance_detail": [
            {
              "pattern_action": "ANY",
              "pattern_entity": {
                "entity_type": "*",
                "entity_new value": "*",
                "entity_role": "Statement",
                "entity_parent": "null"
              },
              "concrete_change": {
                "operator": "DEL",
                "src_type": "Assignment",
                "dst_type": "null",
                "src": "this.jsonMapper \u003d jsonMapper",
                "dst": "null",
                "src_parent_type": "Block",
                "dst_parent_type": "null",
                "src_parent": "{\n    super(jdbcTemplate);\n    this.jsonMapper \u003d jsonMapper;\n    this.env \u003d env;\n}",
                "dst_parent": "null"
              },
              "line": 164,
              "file": "/home/khesoem/projects/lighter/exp/dhis-2/dhis-services/dhis-service-dxf2/src/main/java/org/hisp/dhis/dxf2/events/importer/context/ProgramSupplier.java",
              "stats": {
                "number_of_src_entities": 19,
                "number_of_dst_entities": -1,
                "src_entity_types": "[org.hisp.dhis.dxf2.events.importer.context.ProgramSupplier, com.fasterxml.jackson.databind.ObjectMapper]",
                "dst_entity_types": "[]"
              }
            }
          ]
        },
        {
          "tool-name": "JGenProg",
          "pattern-name": "JGenProg:any_statement_shallow",
          "Unified_Diff_of-files:": "Starts Below...",
          "INSERT:": "import org.apache.commons.lang3.StringUtils;",
          "DELETE:": "",
          "instance_detail": [
            {
              "pattern_action": "ANY",
              "pattern_entity": {
                "entity_type": "*",
                "entity_new value": "*",
                "entity_role": "Statement",
                "entity_parent": "null"
              },
              "concrete_change": {
                "operator": "DEL",
                "src_type": "LocalVariable",
                "dst_type": "null",
                "src": "org.hisp.dhis.organisationunit.OrganisationUnit ou \u003d new org.hisp.dhis.organisationunit.OrganisationUnit()",
                "dst": "null",
                "src_parent_type": "Block",
                "dst_parent_type": "null",
                "src_parent": "{\n    org.hisp.dhis.organisationunit.OrganisationUnit ou \u003d new org.hisp.dhis.organisationunit.OrganisationUnit();\n    ou.setUid(rs.getString(\"uid\"));\n    ou.setId(rs.getLong(\"organisationunitid\"));\n    ou.setName(rs.getString(\"name\"));\n    ou.setCode(rs.getString(\"code\"));\n    final java.lang.String attributeValueJson \u003d rs.getString(org.hisp.dhis.dxf2.events.importer.context.ProgramSupplier.ATTRIBUTESCHEME_COL);\n    if ((org.apache.commons.lang.StringUtils.isNotEmpty(attributeValueJson)) \u0026\u0026 (!(attributeValueJson.equals(\"{}\")))) {\n        try {\n            ou.setAttributeValues(org.hisp.dhis.dxf2.events.event.EventUtils.getAttributeValues(jsonMapper, rs.getObject(org.hisp.dhis.dxf2.events.importer.context.ProgramSupplier.ATTRIBUTESCHEME_COL)));\n        } catch (com.fasterxml.jackson.core.JsonProcessingException e) {\n            log.error(((\"An error occurred when processing an Organisation Unit\u0027s [id\u003d\" + (ou.getId())) + \"] attribute values\"), e);\n        }\n    }\n    return ou;\n}",
                "dst_parent": "null"
              },
              "line": 439,
              "file": "/home/khesoem/projects/lighter/exp/dhis-2/dhis-services/dhis-service-dxf2/src/main/java/org/hisp/dhis/dxf2/events/importer/context/ProgramSupplier.java"
            }
          ]
        },
        {
          "tool-name": "JGenProg",
          "pattern-name": "JGenProg:any_statement_shallow",
          "Unified_Diff_of-files:": "Starts Below...",
          "INSERT:": "import org.apache.commons.lang3.StringUtils;",
          "DELETE:": "",
          "instance_detail": [
            {
              "pattern_action": "ANY",
              "pattern_entity": {
                "entity_type": "*",
                "entity_new value": "*",
                "entity_role": "Statement",
                "entity_parent": "null"
              },
              "concrete_change": {
                "operator": "DEL",
                "src_type": "Invocation",
                "dst_type": "null",
                "src": "ou.setUid(rs.getString(\"uid\"))",
                "dst": "null",
                "src_parent_type": "Block",
                "dst_parent_type": "null",
                "src_parent": "{\n    org.hisp.dhis.organisationunit.OrganisationUnit ou \u003d new org.hisp.dhis.organisationunit.OrganisationUnit();\n    ou.setUid(rs.getString(\"uid\"));\n    ou.setId(rs.getLong(\"organisationunitid\"));\n    ou.setName(rs.getString(\"name\"));\n    ou.setCode(rs.getString(\"code\"));\n    final java.lang.String attributeValueJson \u003d rs.getString(org.hisp.dhis.dxf2.events.importer.context.ProgramSupplier.ATTRIBUTESCHEME_COL);\n    if ((org.apache.commons.lang.StringUtils.isNotEmpty(attributeValueJson)) \u0026\u0026 (!(attributeValueJson.equals(\"{}\")))) {\n        try {\n            ou.setAttributeValues(org.hisp.dhis.dxf2.events.event.EventUtils.getAttributeValues(jsonMapper, rs.getObject(org.hisp.dhis.dxf2.events.importer.context.ProgramSupplier.ATTRIBUTESCHEME_COL)));\n        } catch (com.fasterxml.jackson.core.JsonProcessingException e) {\n            log.error(((\"An error occurred when processing an Organisation Unit\u0027s [id\u003d\" + (ou.getId())) + \"] attribute values\"), e);\n        }\n    }\n    return ou;\n}",
                "dst_parent": "null"
              },
              "line": 440,
              "file": "/home/khesoem/projects/lighter/exp/dhis-2/dhis-services/dhis-service-dxf2/src/main/java/org/hisp/dhis/dxf2/events/importer/context/ProgramSupplier.java"
            }
          ]
        },
        {
          "tool-name": "JGenProg",
          "pattern-name": "JGenProg:any_statement_shallow",
          "Unified_Diff_of-files:": "Starts Below...",
          "INSERT:": "import org.apache.commons.lang3.StringUtils;",
          "DELETE:": "",
          "instance_detail": [
            {
              "pattern_action": "ANY",
              "pattern_entity": {
                "entity_type": "*",
                "entity_new value": "*",
                "entity_role": "Statement",
                "entity_parent": "null"
              },
              "concrete_change": {
                "operator": "DEL",
                "src_type": "Invocation",
                "dst_type": "null",
                "src": "ou.setId(rs.getLong(\"organisationunitid\"))",
                "dst": "null",
                "src_parent_type": "Block",
                "dst_parent_type": "null",
                "src_parent": "{\n    org.hisp.dhis.organisationunit.OrganisationUnit ou \u003d new org.hisp.dhis.organisationunit.OrganisationUnit();\n    ou.setUid(rs.getString(\"uid\"));\n    ou.setId(rs.getLong(\"organisationunitid\"));\n    ou.setName(rs.getString(\"name\"));\n    ou.setCode(rs.getString(\"code\"));\n    final java.lang.String attributeValueJson \u003d rs.getString(org.hisp.dhis.dxf2.events.importer.context.ProgramSupplier.ATTRIBUTESCHEME_COL);\n    if ((org.apache.commons.lang.StringUtils.isNotEmpty(attributeValueJson)) \u0026\u0026 (!(attributeValueJson.equals(\"{}\")))) {\n        try {\n            ou.setAttributeValues(org.hisp.dhis.dxf2.events.event.EventUtils.getAttributeValues(jsonMapper, rs.getObject(org.hisp.dhis.dxf2.events.importer.context.ProgramSupplier.ATTRIBUTESCHEME_COL)));\n        } catch (com.fasterxml.jackson.core.JsonProcessingException e) {\n            log.error(((\"An error occurred when processing an Organisation Unit\u0027s [id\u003d\" + (ou.getId())) + \"] attribute values\"), e);\n        }\n    }\n    return ou;\n}",
                "dst_parent": "null"
              },
              "line": 441,
              "file": "/home/khesoem/projects/lighter/exp/dhis-2/dhis-services/dhis-service-dxf2/src/main/java/org/hisp/dhis/dxf2/events/importer/context/ProgramSupplier.java"
            }
          ]
        },
        {
          "tool-name": "JGenProg",
          "pattern-name": "JGenProg:any_statement_shallow",
          "Unified_Diff_of-files:": "Starts Below...",
          "INSERT:": "import org.apache.commons.lang3.StringUtils;",
          "DELETE:": "",
          "instance_detail": [
            {
              "pattern_action": "ANY",
              "pattern_entity": {
                "entity_type": "*",
                "entity_new value": "*",
                "entity_role": "Statement",
                "entity_parent": "null"
              },
              "concrete_change": {
                "operator": "DEL",
                "src_type": "Invocation",
                "dst_type": "null",
                "src": "ou.setName(rs.getString(\"name\"))",
                "dst": "null",
                "src_parent_type": "Block",
                "dst_parent_type": "null",
                "src_parent": "{\n    org.hisp.dhis.organisationunit.OrganisationUnit ou \u003d new org.hisp.dhis.organisationunit.OrganisationUnit();\n    ou.setUid(rs.getString(\"uid\"));\n    ou.setId(rs.getLong(\"organisationunitid\"));\n    ou.setName(rs.getString(\"name\"));\n    ou.setCode(rs.getString(\"code\"));\n    final java.lang.String attributeValueJson \u003d rs.getString(org.hisp.dhis.dxf2.events.importer.context.ProgramSupplier.ATTRIBUTESCHEME_COL);\n    if ((org.apache.commons.lang.StringUtils.isNotEmpty(attributeValueJson)) \u0026\u0026 (!(attributeValueJson.equals(\"{}\")))) {\n        try {\n            ou.setAttributeValues(org.hisp.dhis.dxf2.events.event.EventUtils.getAttributeValues(jsonMapper, rs.getObject(org.hisp.dhis.dxf2.events.importer.context.ProgramSupplier.ATTRIBUTESCHEME_COL)));\n        } catch (com.fasterxml.jackson.core.JsonProcessingException e) {\n            log.error(((\"An error occurred when processing an Organisation Unit\u0027s [id\u003d\" + (ou.getId())) + \"] attribute values\"), e);\n        }\n    }\n    return ou;\n}",
                "dst_parent": "null"
              },
              "line": 442,
              "file": "/home/khesoem/projects/lighter/exp/dhis-2/dhis-services/dhis-service-dxf2/src/main/java/org/hisp/dhis/dxf2/events/importer/context/ProgramSupplier.java"
            }
          ]
        },
        {
          "tool-name": "JGenProg",
          "pattern-name": "JGenProg:any_statement_shallow",
          "Unified_Diff_of-files:": "Starts Below...",
          "INSERT:": "import org.apache.commons.lang3.StringUtils;",
          "DELETE:": "",
          "instance_detail": [
            {
              "pattern_action": "ANY",
              "pattern_entity": {
                "entity_type": "*",
                "entity_new value": "*",
                "entity_role": "Statement",
                "entity_parent": "null"
              },
              "concrete_change": {
                "operator": "DEL",
                "src_type": "Invocation",
                "dst_type": "null",
                "src": "ou.setCode(rs.getString(\"code\"))",
                "dst": "null",
                "src_parent_type": "Block",
                "dst_parent_type": "null",
                "src_parent": "{\n    org.hisp.dhis.organisationunit.OrganisationUnit ou \u003d new org.hisp.dhis.organisationunit.OrganisationUnit();\n    ou.setUid(rs.getString(\"uid\"));\n    ou.setId(rs.getLong(\"organisationunitid\"));\n    ou.setName(rs.getString(\"name\"));\n    ou.setCode(rs.getString(\"code\"));\n    final java.lang.String attributeValueJson \u003d rs.getString(org.hisp.dhis.dxf2.events.importer.context.ProgramSupplier.ATTRIBUTESCHEME_COL);\n    if ((org.apache.commons.lang.StringUtils.isNotEmpty(attributeValueJson)) \u0026\u0026 (!(attributeValueJson.equals(\"{}\")))) {\n        try {\n            ou.setAttributeValues(org.hisp.dhis.dxf2.events.event.EventUtils.getAttributeValues(jsonMapper, rs.getObject(org.hisp.dhis.dxf2.events.importer.context.ProgramSupplier.ATTRIBUTESCHEME_COL)));\n        } catch (com.fasterxml.jackson.core.JsonProcessingException e) {\n            log.error(((\"An error occurred when processing an Organisation Unit\u0027s [id\u003d\" + (ou.getId())) + \"] attribute values\"), e);\n        }\n    }\n    return ou;\n}",
                "dst_parent": "null"
              },
              "line": 443,
              "file": "/home/khesoem/projects/lighter/exp/dhis-2/dhis-services/dhis-service-dxf2/src/main/java/org/hisp/dhis/dxf2/events/importer/context/ProgramSupplier.java"
            }
          ]
        },
        {
          "tool-name": "JGenProg",
          "pattern-name": "JGenProg:any_statement_shallow",
          "Unified_Diff_of-files:": "Starts Below...",
          "INSERT:": "import org.apache.commons.lang3.StringUtils;",
          "DELETE:": "",
          "instance_detail": [
            {
              "pattern_action": "ANY",
              "pattern_entity": {
                "entity_type": "*",
                "entity_new value": "*",
                "entity_role": "Statement",
                "entity_parent": "null"
              },
              "concrete_change": {
                "operator": "DEL",
                "src_type": "LocalVariable",
                "dst_type": "null",
                "src": "final java.lang.String attributeValueJson \u003d rs.getString(org.hisp.dhis.dxf2.events.importer.context.ProgramSupplier.ATTRIBUTESCHEME_COL)",
                "dst": "null",
                "src_parent_type": "Block",
                "dst_parent_type": "null",
                "src_parent": "{\n    org.hisp.dhis.organisationunit.OrganisationUnit ou \u003d new org.hisp.dhis.organisationunit.OrganisationUnit();\n    ou.setUid(rs.getString(\"uid\"));\n    ou.setId(rs.getLong(\"organisationunitid\"));\n    ou.setName(rs.getString(\"name\"));\n    ou.setCode(rs.getString(\"code\"));\n    final java.lang.String attributeValueJson \u003d rs.getString(org.hisp.dhis.dxf2.events.importer.context.ProgramSupplier.ATTRIBUTESCHEME_COL);\n    if ((org.apache.commons.lang.StringUtils.isNotEmpty(attributeValueJson)) \u0026\u0026 (!(attributeValueJson.equals(\"{}\")))) {\n        try {\n            ou.setAttributeValues(org.hisp.dhis.dxf2.events.event.EventUtils.getAttributeValues(jsonMapper, rs.getObject(org.hisp.dhis.dxf2.events.importer.context.ProgramSupplier.ATTRIBUTESCHEME_COL)));\n        } catch (com.fasterxml.jackson.core.JsonProcessingException e) {\n            log.error(((\"An error occurred when processing an Organisation Unit\u0027s [id\u003d\" + (ou.getId())) + \"] attribute values\"), e);\n        }\n    }\n    return ou;\n}",
                "dst_parent": "null"
              },
              "line": 445,
              "file": "/home/khesoem/projects/lighter/exp/dhis-2/dhis-services/dhis-service-dxf2/src/main/java/org/hisp/dhis/dxf2/events/importer/context/ProgramSupplier.java"
            }
          ]
        },
        {
          "tool-name": "JGenProg",
          "pattern-name": "JGenProg:any_statement_shallow",
          "Unified_Diff_of-files:": "Starts Below...",
          "INSERT:": "import org.apache.commons.lang3.StringUtils;",
          "DELETE:": "",
          "instance_detail": [
            {
              "pattern_action": "ANY",
              "pattern_entity": {
                "entity_type": "*",
                "entity_new value": "*",
                "entity_role": "Statement",
                "entity_parent": "null"
              },
              "concrete_change": {
                "operator": "DEL",
                "src_type": "Invocation",
                "dst_type": "null",
                "src": "ou.setAttributeValues(org.hisp.dhis.dxf2.events.event.EventUtils.getAttributeValues(jsonMapper, rs.getObject(org.hisp.dhis.dxf2.events.importer.context.ProgramSupplier.ATTRIBUTESCHEME_COL)))",
                "dst": "null",
                "src_parent_type": "Block",
                "dst_parent_type": "null",
                "src_parent": "{\n    ou.setAttributeValues(org.hisp.dhis.dxf2.events.event.EventUtils.getAttributeValues(jsonMapper, rs.getObject(org.hisp.dhis.dxf2.events.importer.context.ProgramSupplier.ATTRIBUTESCHEME_COL)));\n}",
                "dst_parent": "null"
              },
              "line": 451,
              "file": "/home/khesoem/projects/lighter/exp/dhis-2/dhis-services/dhis-service-dxf2/src/main/java/org/hisp/dhis/dxf2/events/importer/context/ProgramSupplier.java"
            }
          ]
        },
        {
          "tool-name": "JGenProg",
          "pattern-name": "JGenProg:any_statement_shallow",
          "Unified_Diff_of-files:": "Starts Below...",
          "INSERT:": "import org.apache.commons.lang3.StringUtils;",
          "DELETE:": "",
          "instance_detail": [
            {
              "pattern_action": "ANY",
              "pattern_entity": {
                "entity_type": "*",
                "entity_new value": "*",
                "entity_role": "Statement",
                "entity_parent": "null"
              },
              "concrete_change": {
                "operator": "DEL",
                "src_type": "Invocation",
                "dst_type": "null",
                "src": "log.error(((\"An error occurred when processing an Organisation Unit\u0027s [id\u003d\" + (ou.getId())) + \"] attribute values\"), e)",
                "dst": "null",
                "src_parent_type": "Block",
                "dst_parent_type": "null",
                "src_parent": "{\n    log.error(((\"An error occurred when processing an Organisation Unit\u0027s [id\u003d\" + (ou.getId())) + \"] attribute values\"), e);\n}",
                "dst_parent": "null"
              },
              "line": 456,
              "file": "/home/khesoem/projects/lighter/exp/dhis-2/dhis-services/dhis-service-dxf2/src/main/java/org/hisp/dhis/dxf2/events/importer/context/ProgramSupplier.java"
            }
          ]
        },
        {
          "tool-name": "JGenProg",
          "pattern-name": "JGenProg:any_statement_shallow",
          "Unified_Diff_of-files:": "Starts Below...",
          "INSERT:": "import org.apache.commons.lang3.StringUtils;",
          "DELETE:": "",
          "instance_detail": [
            {
              "pattern_action": "ANY",
              "pattern_entity": {
                "entity_type": "*",
                "entity_new value": "*",
                "entity_role": "Statement",
                "entity_parent": "null"
              },
              "concrete_change": {
                "operator": "DEL",
                "src_type": "Try",
                "dst_type": "null",
                "src": "try {\n    ou.setAttributeValues(org.hisp.dhis.dxf2.events.event.EventUtils.getAttributeValues(jsonMapper, rs.getObject(org.hisp.dhis.dxf2.events.importer.context.ProgramSupplier.ATTRIBUTESCHEME_COL)));\n} catch (com.fasterxml.jackson.core.JsonProcessingException e) {\n    log.error(((\"An error occurred when processing an Organisation Unit\u0027s [id\u003d\" + (ou.getId())) + \"] attribute values\"), e);\n}",
                "dst": "null",
                "src_parent_type": "Block",
                "dst_parent_type": "null",
                "src_parent": "{\n    try {\n        ou.setAttributeValues(org.hisp.dhis.dxf2.events.event.EventUtils.getAttributeValues(jsonMapper, rs.getObject(org.hisp.dhis.dxf2.events.importer.context.ProgramSupplier.ATTRIBUTESCHEME_COL)));\n    } catch (com.fasterxml.jackson.core.JsonProcessingException e) {\n        log.error(((\"An error occurred when processing an Organisation Unit\u0027s [id\u003d\" + (ou.getId())) + \"] attribute values\"), e);\n    }\n}",
                "dst_parent": "null"
              },
              "line": 449,
              "file": "/home/khesoem/projects/lighter/exp/dhis-2/dhis-services/dhis-service-dxf2/src/main/java/org/hisp/dhis/dxf2/events/importer/context/ProgramSupplier.java"
            }
          ]
        },
        {
          "tool-name": "JGenProg",
          "pattern-name": "JGenProg:any_statement_shallow",
          "Unified_Diff_of-files:": "Starts Below...",
          "INSERT:": "import org.apache.commons.lang3.StringUtils;",
          "DELETE:": "",
          "instance_detail": [
            {
              "pattern_action": "ANY",
              "pattern_entity": {
                "entity_type": "*",
                "entity_new value": "*",
                "entity_role": "Statement",
                "entity_parent": "null"
              },
              "concrete_change": {
                "operator": "DEL",
                "src_type": "If",
                "dst_type": "null",
                "src": "if ((org.apache.commons.lang.StringUtils.isNotEmpty(attributeValueJson)) \u0026\u0026 (!(attributeValueJson.equals(\"{}\")))) {\n    try {\n        ou.setAttributeValues(org.hisp.dhis.dxf2.events.event.EventUtils.getAttributeValues(jsonMapper, rs.getObject(org.hisp.dhis.dxf2.events.importer.context.ProgramSupplier.ATTRIBUTESCHEME_COL)));\n    } catch (com.fasterxml.jackson.core.JsonProcessingException e) {\n        log.error(((\"An error occurred when processing an Organisation Unit\u0027s [id\u003d\" + (ou.getId())) + \"] attribute values\"), e);\n    }\n}",
                "dst": "null",
                "src_parent_type": "Block",
                "dst_parent_type": "null",
                "src_parent": "{\n    org.hisp.dhis.organisationunit.OrganisationUnit ou \u003d new org.hisp.dhis.organisationunit.OrganisationUnit();\n    ou.setUid(rs.getString(\"uid\"));\n    ou.setId(rs.getLong(\"organisationunitid\"));\n    ou.setName(rs.getString(\"name\"));\n    ou.setCode(rs.getString(\"code\"));\n    final java.lang.String attributeValueJson \u003d rs.getString(org.hisp.dhis.dxf2.events.importer.context.ProgramSupplier.ATTRIBUTESCHEME_COL);\n    if ((org.apache.commons.lang.StringUtils.isNotEmpty(attributeValueJson)) \u0026\u0026 (!(attributeValueJson.equals(\"{}\")))) {\n        try {\n            ou.setAttributeValues(org.hisp.dhis.dxf2.events.event.EventUtils.getAttributeValues(jsonMapper, rs.getObject(org.hisp.dhis.dxf2.events.importer.context.ProgramSupplier.ATTRIBUTESCHEME_COL)));\n        } catch (com.fasterxml.jackson.core.JsonProcessingException e) {\n            log.error(((\"An error occurred when processing an Organisation Unit\u0027s [id\u003d\" + (ou.getId())) + \"] attribute values\"), e);\n        }\n    }\n    return ou;\n}",
                "dst_parent": "null"
              },
              "line": 447,
              "file": "/home/khesoem/projects/lighter/exp/dhis-2/dhis-services/dhis-service-dxf2/src/main/java/org/hisp/dhis/dxf2/events/importer/context/ProgramSupplier.java"
            }
          ]
        },
        {
          "tool-name": "JGenProg",
          "pattern-name": "JGenProg:any_statement_shallow",
          "Unified_Diff_of-files:": "Starts Below...",
          "INSERT:": "import org.apache.commons.lang3.StringUtils;",
          "DELETE:": "",
          "instance_detail": [
            {
              "pattern_action": "ANY",
              "pattern_entity": {
                "entity_type": "*",
                "entity_new value": "*",
                "entity_role": "Statement",
                "entity_parent": "null"
              },
              "concrete_change": {
                "operator": "DEL",
                "src_type": "Return",
                "dst_type": "null",
                "src": "return ou",
                "dst": "null",
                "src_parent_type": "Block",
                "dst_parent_type": "null",
                "src_parent": "{\n    org.hisp.dhis.organisationunit.OrganisationUnit ou \u003d new org.hisp.dhis.organisationunit.OrganisationUnit();\n    ou.setUid(rs.getString(\"uid\"));\n    ou.setId(rs.getLong(\"organisationunitid\"));\n    ou.setName(rs.getString(\"name\"));\n    ou.setCode(rs.getString(\"code\"));\n    final java.lang.String attributeValueJson \u003d rs.getString(org.hisp.dhis.dxf2.events.importer.context.ProgramSupplier.ATTRIBUTESCHEME_COL);\n    if ((org.apache.commons.lang.StringUtils.isNotEmpty(attributeValueJson)) \u0026\u0026 (!(attributeValueJson.equals(\"{}\")))) {\n        try {\n            ou.setAttributeValues(org.hisp.dhis.dxf2.events.event.EventUtils.getAttributeValues(jsonMapper, rs.getObject(org.hisp.dhis.dxf2.events.importer.context.ProgramSupplier.ATTRIBUTESCHEME_COL)));\n        } catch (com.fasterxml.jackson.core.JsonProcessingException e) {\n            log.error(((\"An error occurred when processing an Organisation Unit\u0027s [id\u003d\" + (ou.getId())) + \"] attribute values\"), e);\n        }\n    }\n    return ou;\n}",
                "dst_parent": "null"
              },
              "line": 461,
              "file": "/home/khesoem/projects/lighter/exp/dhis-2/dhis-services/dhis-service-dxf2/src/main/java/org/hisp/dhis/dxf2/events/importer/context/ProgramSupplier.java"
            }
          ]
        }
      ]
    }
  ],
  "complete_analysis": true
}