{
  "instances": [
    {
      "revision": "7b95b8c48735b1e1647d739114a49821193ba044",
      "repairability": [
        {
          "tool-name": "JGenProg",
          "pattern-name": "JGenProg:any_statement_shallow",
          "Unified_Diff_of-files:": "Starts Below...",
          "DELETE:": "",
          "CHANGE_old:": "",
          "CHANGE_new:": "                                                                            // this",
          "instance_detail": [
            {
              "pattern_action": "ANY",
              "pattern_entity": {
                "entity_type": "*",
                "entity_new value": "*",
                "entity_role": "Statement",
                "entity_parent": "null"
              },
              "concrete_change": {
                "operator": "DEL",
                "src_type": "LocalVariable",
                "dst_type": "null",
                "src": "java.util.List\u003corg.hisp.dhis.system.notification.Notification\u003e list \u003d new java.util.ArrayList\u003c\u003e()",
                "dst": "null",
                "src_parent_type": "Block",
                "dst_parent_type": "null",
                "src_parent": "{\n    java.util.List\u003corg.hisp.dhis.system.notification.Notification\u003e list \u003d new java.util.ArrayList\u003c\u003e();\n    java.util.Set\u003cjava.lang.String\u003e lastJobUidSet \u003d redisTemplate.boundZSetOps(org.hisp.dhis.system.notification.RedisNotifier.generateNotificationOrderKey(jobType)).range((-1), (-1));\n    if (!(lastJobUidSet.iterator().hasNext())) {\n        return list;\n    }\n    java.lang.String lastJobUid \u003d lastJobUidSet.iterator().next();\n    for (org.hisp.dhis.system.notification.Notification notification : getNotificationsByJobId(jobType, lastJobUid)) {\n        if ((lastId !\u003d null) \u0026\u0026 (lastId.equals(notification.getUid()))) {\n            break;\n        }\n        list.add(notification);\n    }\n    return list;\n}",
                "dst_parent": "null"
              },
              "line": 178,
              "file": "/home/khesoem/projects/lighter/exp/dhis-2/dhis-support/dhis-support-system/src/main/java/org/hisp/dhis/system/notification/RedisNotifier.java"
            }
          ]
        },
        {
          "tool-name": "JGenProg",
          "pattern-name": "JGenProg:any_statement_shallow",
          "Unified_Diff_of-files:": "Starts Below...",
          "DELETE:": "",
          "CHANGE_old:": "",
          "CHANGE_new:": "                                                                            // this",
          "instance_detail": [
            {
              "pattern_action": "ANY",
              "pattern_entity": {
                "entity_type": "*",
                "entity_new value": "*",
                "entity_role": "Statement",
                "entity_parent": "null"
              },
              "concrete_change": {
                "operator": "DEL",
                "src_type": "LocalVariable",
                "dst_type": "null",
                "src": "java.util.Set\u003cjava.lang.String\u003e lastJobUidSet \u003d redisTemplate.boundZSetOps(org.hisp.dhis.system.notification.RedisNotifier.generateNotificationOrderKey(jobType)).range((-1), (-1))",
                "dst": "null",
                "src_parent_type": "Block",
                "dst_parent_type": "null",
                "src_parent": "{\n    java.util.List\u003corg.hisp.dhis.system.notification.Notification\u003e list \u003d new java.util.ArrayList\u003c\u003e();\n    java.util.Set\u003cjava.lang.String\u003e lastJobUidSet \u003d redisTemplate.boundZSetOps(org.hisp.dhis.system.notification.RedisNotifier.generateNotificationOrderKey(jobType)).range((-1), (-1));\n    if (!(lastJobUidSet.iterator().hasNext())) {\n        return list;\n    }\n    java.lang.String lastJobUid \u003d lastJobUidSet.iterator().next();\n    for (org.hisp.dhis.system.notification.Notification notification : getNotificationsByJobId(jobType, lastJobUid)) {\n        if ((lastId !\u003d null) \u0026\u0026 (lastId.equals(notification.getUid()))) {\n            break;\n        }\n        list.add(notification);\n    }\n    return list;\n}",
                "dst_parent": "null"
              },
              "line": 180,
              "file": "/home/khesoem/projects/lighter/exp/dhis-2/dhis-support/dhis-support-system/src/main/java/org/hisp/dhis/system/notification/RedisNotifier.java"
            }
          ]
        },
        {
          "tool-name": "JGenProg",
          "pattern-name": "JGenProg:any_statement_shallow",
          "Unified_Diff_of-files:": "Starts Below...",
          "DELETE:": "",
          "CHANGE_old:": "",
          "CHANGE_new:": "                                                                            // this",
          "instance_detail": [
            {
              "pattern_action": "ANY",
              "pattern_entity": {
                "entity_type": "*",
                "entity_new value": "*",
                "entity_role": "Statement",
                "entity_parent": "null"
              },
              "concrete_change": {
                "operator": "DEL",
                "src_type": "Return",
                "dst_type": "null",
                "src": "return list",
                "dst": "null",
                "src_parent_type": "Block",
                "dst_parent_type": "null",
                "src_parent": "{\n    return list;\n}",
                "dst_parent": "null"
              },
              "line": 184,
              "file": "/home/khesoem/projects/lighter/exp/dhis-2/dhis-support/dhis-support-system/src/main/java/org/hisp/dhis/system/notification/RedisNotifier.java"
            }
          ]
        },
        {
          "tool-name": "JGenProg",
          "pattern-name": "JGenProg:any_statement_shallow",
          "Unified_Diff_of-files:": "Starts Below...",
          "DELETE:": "",
          "CHANGE_old:": "",
          "CHANGE_new:": "                                                                            // this",
          "instance_detail": [
            {
              "pattern_action": "ANY",
              "pattern_entity": {
                "entity_type": "*",
                "entity_new value": "*",
                "entity_role": "Statement",
                "entity_parent": "null"
              },
              "concrete_change": {
                "operator": "DEL",
                "src_type": "If",
                "dst_type": "null",
                "src": "if (!(lastJobUidSet.iterator().hasNext())) {\n    return list;\n}",
                "dst": "null",
                "src_parent_type": "Block",
                "dst_parent_type": "null",
                "src_parent": "{\n    java.util.List\u003corg.hisp.dhis.system.notification.Notification\u003e list \u003d new java.util.ArrayList\u003c\u003e();\n    java.util.Set\u003cjava.lang.String\u003e lastJobUidSet \u003d redisTemplate.boundZSetOps(org.hisp.dhis.system.notification.RedisNotifier.generateNotificationOrderKey(jobType)).range((-1), (-1));\n    if (!(lastJobUidSet.iterator().hasNext())) {\n        return list;\n    }\n    java.lang.String lastJobUid \u003d lastJobUidSet.iterator().next();\n    for (org.hisp.dhis.system.notification.Notification notification : getNotificationsByJobId(jobType, lastJobUid)) {\n        if ((lastId !\u003d null) \u0026\u0026 (lastId.equals(notification.getUid()))) {\n            break;\n        }\n        list.add(notification);\n    }\n    return list;\n}",
                "dst_parent": "null"
              },
              "line": 182,
              "file": "/home/khesoem/projects/lighter/exp/dhis-2/dhis-support/dhis-support-system/src/main/java/org/hisp/dhis/system/notification/RedisNotifier.java"
            }
          ]
        },
        {
          "tool-name": "JGenProg",
          "pattern-name": "JGenProg:any_statement_shallow",
          "Unified_Diff_of-files:": "Starts Below...",
          "DELETE:": "",
          "CHANGE_old:": "",
          "CHANGE_new:": "                                                                            // this",
          "instance_detail": [
            {
              "pattern_action": "ANY",
              "pattern_entity": {
                "entity_type": "*",
                "entity_new value": "*",
                "entity_role": "Statement",
                "entity_parent": "null"
              },
              "concrete_change": {
                "operator": "DEL",
                "src_type": "LocalVariable",
                "dst_type": "null",
                "src": "java.lang.String lastJobUid \u003d lastJobUidSet.iterator().next()",
                "dst": "null",
                "src_parent_type": "Block",
                "dst_parent_type": "null",
                "src_parent": "{\n    java.util.List\u003corg.hisp.dhis.system.notification.Notification\u003e list \u003d new java.util.ArrayList\u003c\u003e();\n    java.util.Set\u003cjava.lang.String\u003e lastJobUidSet \u003d redisTemplate.boundZSetOps(org.hisp.dhis.system.notification.RedisNotifier.generateNotificationOrderKey(jobType)).range((-1), (-1));\n    if (!(lastJobUidSet.iterator().hasNext())) {\n        return list;\n    }\n    java.lang.String lastJobUid \u003d lastJobUidSet.iterator().next();\n    for (org.hisp.dhis.system.notification.Notification notification : getNotificationsByJobId(jobType, lastJobUid)) {\n        if ((lastId !\u003d null) \u0026\u0026 (lastId.equals(notification.getUid()))) {\n            break;\n        }\n        list.add(notification);\n    }\n    return list;\n}",
                "dst_parent": "null"
              },
              "line": 187,
              "file": "/home/khesoem/projects/lighter/exp/dhis-2/dhis-support/dhis-support-system/src/main/java/org/hisp/dhis/system/notification/RedisNotifier.java"
            }
          ]
        },
        {
          "tool-name": "JGenProg",
          "pattern-name": "JGenProg:any_statement_shallow",
          "Unified_Diff_of-files:": "Starts Below...",
          "DELETE:": "",
          "CHANGE_old:": "",
          "CHANGE_new:": "                                                                            // this",
          "instance_detail": [
            {
              "pattern_action": "ANY",
              "pattern_entity": {
                "entity_type": "*",
                "entity_new value": "*",
                "entity_role": "Statement",
                "entity_parent": "null"
              },
              "concrete_change": {
                "operator": "DEL",
                "src_type": "Break",
                "dst_type": "null",
                "src": "break",
                "dst": "null",
                "src_parent_type": "Block",
                "dst_parent_type": "null",
                "src_parent": "{\n    break;\n}",
                "dst_parent": "null"
              },
              "line": 193,
              "file": "/home/khesoem/projects/lighter/exp/dhis-2/dhis-support/dhis-support-system/src/main/java/org/hisp/dhis/system/notification/RedisNotifier.java"
            }
          ]
        },
        {
          "tool-name": "JGenProg",
          "pattern-name": "JGenProg:any_statement_shallow",
          "Unified_Diff_of-files:": "Starts Below...",
          "DELETE:": "",
          "CHANGE_old:": "",
          "CHANGE_new:": "                                                                            // this",
          "instance_detail": [
            {
              "pattern_action": "ANY",
              "pattern_entity": {
                "entity_type": "*",
                "entity_new value": "*",
                "entity_role": "Statement",
                "entity_parent": "null"
              },
              "concrete_change": {
                "operator": "DEL",
                "src_type": "If",
                "dst_type": "null",
                "src": "if ((lastId !\u003d null) \u0026\u0026 (lastId.equals(notification.getUid()))) {\n    break;\n}",
                "dst": "null",
                "src_parent_type": "Block",
                "dst_parent_type": "null",
                "src_parent": "{\n    if ((lastId !\u003d null) \u0026\u0026 (lastId.equals(notification.getUid()))) {\n        break;\n    }\n    list.add(notification);\n}",
                "dst_parent": "null"
              },
              "line": 191,
              "file": "/home/khesoem/projects/lighter/exp/dhis-2/dhis-support/dhis-support-system/src/main/java/org/hisp/dhis/system/notification/RedisNotifier.java"
            }
          ]
        },
        {
          "tool-name": "JGenProg",
          "pattern-name": "JGenProg:any_statement_shallow",
          "Unified_Diff_of-files:": "Starts Below...",
          "DELETE:": "",
          "CHANGE_old:": "",
          "CHANGE_new:": "                                                                            // this",
          "instance_detail": [
            {
              "pattern_action": "ANY",
              "pattern_entity": {
                "entity_type": "*",
                "entity_new value": "*",
                "entity_role": "Statement",
                "entity_parent": "null"
              },
              "concrete_change": {
                "operator": "DEL",
                "src_type": "Invocation",
                "dst_type": "null",
                "src": "list.add(notification)",
                "dst": "null",
                "src_parent_type": "Block",
                "dst_parent_type": "null",
                "src_parent": "{\n    if ((lastId !\u003d null) \u0026\u0026 (lastId.equals(notification.getUid()))) {\n        break;\n    }\n    list.add(notification);\n}",
                "dst_parent": "null"
              },
              "line": 196,
              "file": "/home/khesoem/projects/lighter/exp/dhis-2/dhis-support/dhis-support-system/src/main/java/org/hisp/dhis/system/notification/RedisNotifier.java"
            }
          ]
        },
        {
          "tool-name": "JGenProg",
          "pattern-name": "JGenProg:any_statement_shallow",
          "Unified_Diff_of-files:": "Starts Below...",
          "DELETE:": "",
          "CHANGE_old:": "",
          "CHANGE_new:": "                                                                            // this",
          "instance_detail": [
            {
              "pattern_action": "ANY",
              "pattern_entity": {
                "entity_type": "*",
                "entity_new value": "*",
                "entity_role": "Statement",
                "entity_parent": "null"
              },
              "concrete_change": {
                "operator": "DEL",
                "src_type": "ForEach",
                "dst_type": "null",
                "src": "for (org.hisp.dhis.system.notification.Notification notification : getNotificationsByJobId(jobType, lastJobUid)) {\n    if ((lastId !\u003d null) \u0026\u0026 (lastId.equals(notification.getUid()))) {\n        break;\n    }\n    list.add(notification);\n}",
                "dst": "null",
                "src_parent_type": "Block",
                "dst_parent_type": "null",
                "src_parent": "{\n    java.util.List\u003corg.hisp.dhis.system.notification.Notification\u003e list \u003d new java.util.ArrayList\u003c\u003e();\n    java.util.Set\u003cjava.lang.String\u003e lastJobUidSet \u003d redisTemplate.boundZSetOps(org.hisp.dhis.system.notification.RedisNotifier.generateNotificationOrderKey(jobType)).range((-1), (-1));\n    if (!(lastJobUidSet.iterator().hasNext())) {\n        return list;\n    }\n    java.lang.String lastJobUid \u003d lastJobUidSet.iterator().next();\n    for (org.hisp.dhis.system.notification.Notification notification : getNotificationsByJobId(jobType, lastJobUid)) {\n        if ((lastId !\u003d null) \u0026\u0026 (lastId.equals(notification.getUid()))) {\n            break;\n        }\n        list.add(notification);\n    }\n    return list;\n}",
                "dst_parent": "null"
              },
              "line": 189,
              "file": "/home/khesoem/projects/lighter/exp/dhis-2/dhis-support/dhis-support-system/src/main/java/org/hisp/dhis/system/notification/RedisNotifier.java"
            }
          ]
        },
        {
          "tool-name": "JGenProg",
          "pattern-name": "JGenProg:any_statement_shallow",
          "Unified_Diff_of-files:": "Starts Below...",
          "DELETE:": "",
          "CHANGE_old:": "",
          "CHANGE_new:": "                                                                            // this",
          "instance_detail": [
            {
              "pattern_action": "ANY",
              "pattern_entity": {
                "entity_type": "*",
                "entity_new value": "*",
                "entity_role": "Statement",
                "entity_parent": "null"
              },
              "concrete_change": {
                "operator": "DEL",
                "src_type": "Return",
                "dst_type": "null",
                "src": "return list",
                "dst": "null",
                "src_parent_type": "Block",
                "dst_parent_type": "null",
                "src_parent": "{\n    java.util.List\u003corg.hisp.dhis.system.notification.Notification\u003e list \u003d new java.util.ArrayList\u003c\u003e();\n    java.util.Set\u003cjava.lang.String\u003e lastJobUidSet \u003d redisTemplate.boundZSetOps(org.hisp.dhis.system.notification.RedisNotifier.generateNotificationOrderKey(jobType)).range((-1), (-1));\n    if (!(lastJobUidSet.iterator().hasNext())) {\n        return list;\n    }\n    java.lang.String lastJobUid \u003d lastJobUidSet.iterator().next();\n    for (org.hisp.dhis.system.notification.Notification notification : getNotificationsByJobId(jobType, lastJobUid)) {\n        if ((lastId !\u003d null) \u0026\u0026 (lastId.equals(notification.getUid()))) {\n            break;\n        }\n        list.add(notification);\n    }\n    return list;\n}",
                "dst_parent": "null"
              },
              "line": 199,
              "file": "/home/khesoem/projects/lighter/exp/dhis-2/dhis-support/dhis-support-system/src/main/java/org/hisp/dhis/system/notification/RedisNotifier.java"
            }
          ]
        },
        {
          "tool-name": "JGenProg",
          "pattern-name": "JGenProg:any_statement_shallow",
          "Unified_Diff_of-files:": "Starts Below...",
          "DELETE:": "",
          "CHANGE_old:": "",
          "CHANGE_new:": "                                                                            // this",
          "instance_detail": [
            {
              "pattern_action": "ANY",
              "pattern_entity": {
                "entity_type": "*",
                "entity_new value": "*",
                "entity_role": "Statement",
                "entity_parent": "null"
              },
              "concrete_change": {
                "operator": "DEL",
                "src_type": "LocalVariable",
                "dst_type": "null",
                "src": "java.lang.String existingSummaryTypeStr \u003d redisTemplate.boundValueOps(org.hisp.dhis.system.notification.RedisNotifier.generateSummaryTypeKey(jobType)).get()",
                "dst": "null",
                "src_parent_type": "Block",
                "dst_parent_type": "null",
                "src_parent": "{\n    java.lang.String existingSummaryTypeStr \u003d redisTemplate.boundValueOps(org.hisp.dhis.system.notification.RedisNotifier.generateSummaryTypeKey(jobType)).get();\n    if (existingSummaryTypeStr \u003d\u003d null) {\n        return null;\n    }\n    try {\n        java.lang.Class\u003c?\u003e existingSummaryType \u003d java.lang.Class.forName(existingSummaryTypeStr);\n        java.util.Set\u003cjava.lang.String\u003e lastJobUidSet \u003d redisTemplate.boundZSetOps(org.hisp.dhis.system.notification.RedisNotifier.generateSummaryOrderKey(jobType)).range((-1), (-1));\n        if (!(lastJobUidSet.iterator().hasNext())) {\n            return null;\n        }\n        java.lang.String lastJobUid \u003d ((java.lang.String) (lastJobUidSet.iterator().next()));\n        java.lang.Object serializedSummary \u003d redisTemplate.boundHashOps(org.hisp.dhis.system.notification.RedisNotifier.generateSummaryKey(jobType)).get(lastJobUid);\n        return serializedSummary !\u003d null ? jsonMapper.readValue(((java.lang.String) (serializedSummary)), existingSummaryType) : null;\n    } catch (java.io.IOException | java.lang.ClassNotFoundException ex) {\n        log.warn(java.lang.String.format(org.hisp.dhis.system.notification.RedisNotifier.NOTIFIER_ERROR, ex.getMessage()));\n    }\n    return null;\n}",
                "dst_parent": "null"
              },
              "line": 348,
              "file": "/home/khesoem/projects/lighter/exp/dhis-2/dhis-support/dhis-support-system/src/main/java/org/hisp/dhis/system/notification/RedisNotifier.java"
            }
          ]
        },
        {
          "tool-name": "JGenProg",
          "pattern-name": "JGenProg:any_statement_shallow",
          "Unified_Diff_of-files:": "Starts Below...",
          "DELETE:": "",
          "CHANGE_old:": "",
          "CHANGE_new:": "                                                                            // this",
          "instance_detail": [
            {
              "pattern_action": "ANY",
              "pattern_entity": {
                "entity_type": "*",
                "entity_new value": "*",
                "entity_role": "Statement",
                "entity_parent": "null"
              },
              "concrete_change": {
                "operator": "DEL",
                "src_type": "Return",
                "dst_type": "null",
                "src": "return null",
                "dst": "null",
                "src_parent_type": "Block",
                "dst_parent_type": "null",
                "src_parent": "{\n    return null;\n}",
                "dst_parent": "null"
              },
              "line": 351,
              "file": "/home/khesoem/projects/lighter/exp/dhis-2/dhis-support/dhis-support-system/src/main/java/org/hisp/dhis/system/notification/RedisNotifier.java"
            }
          ]
        },
        {
          "tool-name": "JGenProg",
          "pattern-name": "JGenProg:any_statement_shallow",
          "Unified_Diff_of-files:": "Starts Below...",
          "DELETE:": "",
          "CHANGE_old:": "",
          "CHANGE_new:": "                                                                            // this",
          "instance_detail": [
            {
              "pattern_action": "ANY",
              "pattern_entity": {
                "entity_type": "*",
                "entity_new value": "*",
                "entity_role": "Statement",
                "entity_parent": "null"
              },
              "concrete_change": {
                "operator": "DEL",
                "src_type": "If",
                "dst_type": "null",
                "src": "if (existingSummaryTypeStr \u003d\u003d null) {\n    return null;\n}",
                "dst": "null",
                "src_parent_type": "Block",
                "dst_parent_type": "null",
                "src_parent": "{\n    java.lang.String existingSummaryTypeStr \u003d redisTemplate.boundValueOps(org.hisp.dhis.system.notification.RedisNotifier.generateSummaryTypeKey(jobType)).get();\n    if (existingSummaryTypeStr \u003d\u003d null) {\n        return null;\n    }\n    try {\n        java.lang.Class\u003c?\u003e existingSummaryType \u003d java.lang.Class.forName(existingSummaryTypeStr);\n        java.util.Set\u003cjava.lang.String\u003e lastJobUidSet \u003d redisTemplate.boundZSetOps(org.hisp.dhis.system.notification.RedisNotifier.generateSummaryOrderKey(jobType)).range((-1), (-1));\n        if (!(lastJobUidSet.iterator().hasNext())) {\n            return null;\n        }\n        java.lang.String lastJobUid \u003d ((java.lang.String) (lastJobUidSet.iterator().next()));\n        java.lang.Object serializedSummary \u003d redisTemplate.boundHashOps(org.hisp.dhis.system.notification.RedisNotifier.generateSummaryKey(jobType)).get(lastJobUid);\n        return serializedSummary !\u003d null ? jsonMapper.readValue(((java.lang.String) (serializedSummary)), existingSummaryType) : null;\n    } catch (java.io.IOException | java.lang.ClassNotFoundException ex) {\n        log.warn(java.lang.String.format(org.hisp.dhis.system.notification.RedisNotifier.NOTIFIER_ERROR, ex.getMessage()));\n    }\n    return null;\n}",
                "dst_parent": "null"
              },
              "line": 349,
              "file": "/home/khesoem/projects/lighter/exp/dhis-2/dhis-support/dhis-support-system/src/main/java/org/hisp/dhis/system/notification/RedisNotifier.java"
            }
          ]
        },
        {
          "tool-name": "JGenProg",
          "pattern-name": "JGenProg:any_statement_shallow",
          "Unified_Diff_of-files:": "Starts Below...",
          "DELETE:": "",
          "CHANGE_old:": "",
          "CHANGE_new:": "                                                                            // this",
          "instance_detail": [
            {
              "pattern_action": "ANY",
              "pattern_entity": {
                "entity_type": "*",
                "entity_new value": "*",
                "entity_role": "Statement",
                "entity_parent": "null"
              },
              "concrete_change": {
                "operator": "DEL",
                "src_type": "LocalVariable",
                "dst_type": "null",
                "src": "java.lang.Class\u003c?\u003e existingSummaryType \u003d java.lang.Class.forName(existingSummaryTypeStr)",
                "dst": "null",
                "src_parent_type": "Block",
                "dst_parent_type": "null",
                "src_parent": "{\n    java.lang.Class\u003c?\u003e existingSummaryType \u003d java.lang.Class.forName(existingSummaryTypeStr);\n    java.util.Set\u003cjava.lang.String\u003e lastJobUidSet \u003d redisTemplate.boundZSetOps(org.hisp.dhis.system.notification.RedisNotifier.generateSummaryOrderKey(jobType)).range((-1), (-1));\n    if (!(lastJobUidSet.iterator().hasNext())) {\n        return null;\n    }\n    java.lang.String lastJobUid \u003d ((java.lang.String) (lastJobUidSet.iterator().next()));\n    java.lang.Object serializedSummary \u003d redisTemplate.boundHashOps(org.hisp.dhis.system.notification.RedisNotifier.generateSummaryKey(jobType)).get(lastJobUid);\n    return serializedSummary !\u003d null ? jsonMapper.readValue(((java.lang.String) (serializedSummary)), existingSummaryType) : null;\n}",
                "dst_parent": "null"
              },
              "line": 356,
              "file": "/home/khesoem/projects/lighter/exp/dhis-2/dhis-support/dhis-support-system/src/main/java/org/hisp/dhis/system/notification/RedisNotifier.java"
            }
          ]
        },
        {
          "tool-name": "JGenProg",
          "pattern-name": "JGenProg:any_statement_shallow",
          "Unified_Diff_of-files:": "Starts Below...",
          "DELETE:": "",
          "CHANGE_old:": "",
          "CHANGE_new:": "                                                                            // this",
          "instance_detail": [
            {
              "pattern_action": "ANY",
              "pattern_entity": {
                "entity_type": "*",
                "entity_new value": "*",
                "entity_role": "Statement",
                "entity_parent": "null"
              },
              "concrete_change": {
                "operator": "DEL",
                "src_type": "LocalVariable",
                "dst_type": "null",
                "src": "java.util.Set\u003cjava.lang.String\u003e lastJobUidSet \u003d redisTemplate.boundZSetOps(org.hisp.dhis.system.notification.RedisNotifier.generateSummaryOrderKey(jobType)).range((-1), (-1))",
                "dst": "null",
                "src_parent_type": "Block",
                "dst_parent_type": "null",
                "src_parent": "{\n    java.lang.Class\u003c?\u003e existingSummaryType \u003d java.lang.Class.forName(existingSummaryTypeStr);\n    java.util.Set\u003cjava.lang.String\u003e lastJobUidSet \u003d redisTemplate.boundZSetOps(org.hisp.dhis.system.notification.RedisNotifier.generateSummaryOrderKey(jobType)).range((-1), (-1));\n    if (!(lastJobUidSet.iterator().hasNext())) {\n        return null;\n    }\n    java.lang.String lastJobUid \u003d ((java.lang.String) (lastJobUidSet.iterator().next()));\n    java.lang.Object serializedSummary \u003d redisTemplate.boundHashOps(org.hisp.dhis.system.notification.RedisNotifier.generateSummaryKey(jobType)).get(lastJobUid);\n    return serializedSummary !\u003d null ? jsonMapper.readValue(((java.lang.String) (serializedSummary)), existingSummaryType) : null;\n}",
                "dst_parent": "null"
              },
              "line": 358,
              "file": "/home/khesoem/projects/lighter/exp/dhis-2/dhis-support/dhis-support-system/src/main/java/org/hisp/dhis/system/notification/RedisNotifier.java"
            }
          ]
        },
        {
          "tool-name": "JGenProg",
          "pattern-name": "JGenProg:any_statement_shallow",
          "Unified_Diff_of-files:": "Starts Below...",
          "DELETE:": "",
          "CHANGE_old:": "",
          "CHANGE_new:": "                                                                            // this",
          "instance_detail": [
            {
              "pattern_action": "ANY",
              "pattern_entity": {
                "entity_type": "*",
                "entity_new value": "*",
                "entity_role": "Statement",
                "entity_parent": "null"
              },
              "concrete_change": {
                "operator": "DEL",
                "src_type": "Return",
                "dst_type": "null",
                "src": "return null",
                "dst": "null",
                "src_parent_type": "Block",
                "dst_parent_type": "null",
                "src_parent": "{\n    return null;\n}",
                "dst_parent": "null"
              },
              "line": 362,
              "file": "/home/khesoem/projects/lighter/exp/dhis-2/dhis-support/dhis-support-system/src/main/java/org/hisp/dhis/system/notification/RedisNotifier.java"
            }
          ]
        },
        {
          "tool-name": "JGenProg",
          "pattern-name": "JGenProg:any_statement_shallow",
          "Unified_Diff_of-files:": "Starts Below...",
          "DELETE:": "",
          "CHANGE_old:": "",
          "CHANGE_new:": "                                                                            // this",
          "instance_detail": [
            {
              "pattern_action": "ANY",
              "pattern_entity": {
                "entity_type": "*",
                "entity_new value": "*",
                "entity_role": "Statement",
                "entity_parent": "null"
              },
              "concrete_change": {
                "operator": "DEL",
                "src_type": "If",
                "dst_type": "null",
                "src": "if (!(lastJobUidSet.iterator().hasNext())) {\n    return null;\n}",
                "dst": "null",
                "src_parent_type": "Block",
                "dst_parent_type": "null",
                "src_parent": "{\n    java.lang.Class\u003c?\u003e existingSummaryType \u003d java.lang.Class.forName(existingSummaryTypeStr);\n    java.util.Set\u003cjava.lang.String\u003e lastJobUidSet \u003d redisTemplate.boundZSetOps(org.hisp.dhis.system.notification.RedisNotifier.generateSummaryOrderKey(jobType)).range((-1), (-1));\n    if (!(lastJobUidSet.iterator().hasNext())) {\n        return null;\n    }\n    java.lang.String lastJobUid \u003d ((java.lang.String) (lastJobUidSet.iterator().next()));\n    java.lang.Object serializedSummary \u003d redisTemplate.boundHashOps(org.hisp.dhis.system.notification.RedisNotifier.generateSummaryKey(jobType)).get(lastJobUid);\n    return serializedSummary !\u003d null ? jsonMapper.readValue(((java.lang.String) (serializedSummary)), existingSummaryType) : null;\n}",
                "dst_parent": "null"
              },
              "line": 360,
              "file": "/home/khesoem/projects/lighter/exp/dhis-2/dhis-support/dhis-support-system/src/main/java/org/hisp/dhis/system/notification/RedisNotifier.java"
            }
          ]
        },
        {
          "tool-name": "JGenProg",
          "pattern-name": "JGenProg:any_statement_shallow",
          "Unified_Diff_of-files:": "Starts Below...",
          "DELETE:": "",
          "CHANGE_old:": "",
          "CHANGE_new:": "                                                                            // this",
          "instance_detail": [
            {
              "pattern_action": "ANY",
              "pattern_entity": {
                "entity_type": "*",
                "entity_new value": "*",
                "entity_role": "Statement",
                "entity_parent": "null"
              },
              "concrete_change": {
                "operator": "DEL",
                "src_type": "LocalVariable",
                "dst_type": "null",
                "src": "java.lang.String lastJobUid \u003d ((java.lang.String) (lastJobUidSet.iterator().next()))",
                "dst": "null",
                "src_parent_type": "Block",
                "dst_parent_type": "null",
                "src_parent": "{\n    java.lang.Class\u003c?\u003e existingSummaryType \u003d java.lang.Class.forName(existingSummaryTypeStr);\n    java.util.Set\u003cjava.lang.String\u003e lastJobUidSet \u003d redisTemplate.boundZSetOps(org.hisp.dhis.system.notification.RedisNotifier.generateSummaryOrderKey(jobType)).range((-1), (-1));\n    if (!(lastJobUidSet.iterator().hasNext())) {\n        return null;\n    }\n    java.lang.String lastJobUid \u003d ((java.lang.String) (lastJobUidSet.iterator().next()));\n    java.lang.Object serializedSummary \u003d redisTemplate.boundHashOps(org.hisp.dhis.system.notification.RedisNotifier.generateSummaryKey(jobType)).get(lastJobUid);\n    return serializedSummary !\u003d null ? jsonMapper.readValue(((java.lang.String) (serializedSummary)), existingSummaryType) : null;\n}",
                "dst_parent": "null"
              },
              "line": 365,
              "file": "/home/khesoem/projects/lighter/exp/dhis-2/dhis-support/dhis-support-system/src/main/java/org/hisp/dhis/system/notification/RedisNotifier.java"
            }
          ]
        },
        {
          "tool-name": "JGenProg",
          "pattern-name": "JGenProg:any_statement_shallow",
          "Unified_Diff_of-files:": "Starts Below...",
          "DELETE:": "",
          "CHANGE_old:": "",
          "CHANGE_new:": "                                                                            // this",
          "instance_detail": [
            {
              "pattern_action": "ANY",
              "pattern_entity": {
                "entity_type": "*",
                "entity_new value": "*",
                "entity_role": "Statement",
                "entity_parent": "null"
              },
              "concrete_change": {
                "operator": "DEL",
                "src_type": "LocalVariable",
                "dst_type": "null",
                "src": "java.lang.Object serializedSummary \u003d redisTemplate.boundHashOps(org.hisp.dhis.system.notification.RedisNotifier.generateSummaryKey(jobType)).get(lastJobUid)",
                "dst": "null",
                "src_parent_type": "Block",
                "dst_parent_type": "null",
                "src_parent": "{\n    java.lang.Class\u003c?\u003e existingSummaryType \u003d java.lang.Class.forName(existingSummaryTypeStr);\n    java.util.Set\u003cjava.lang.String\u003e lastJobUidSet \u003d redisTemplate.boundZSetOps(org.hisp.dhis.system.notification.RedisNotifier.generateSummaryOrderKey(jobType)).range((-1), (-1));\n    if (!(lastJobUidSet.iterator().hasNext())) {\n        return null;\n    }\n    java.lang.String lastJobUid \u003d ((java.lang.String) (lastJobUidSet.iterator().next()));\n    java.lang.Object serializedSummary \u003d redisTemplate.boundHashOps(org.hisp.dhis.system.notification.RedisNotifier.generateSummaryKey(jobType)).get(lastJobUid);\n    return serializedSummary !\u003d null ? jsonMapper.readValue(((java.lang.String) (serializedSummary)), existingSummaryType) : null;\n}",
                "dst_parent": "null"
              },
              "line": 366,
              "file": "/home/khesoem/projects/lighter/exp/dhis-2/dhis-support/dhis-support-system/src/main/java/org/hisp/dhis/system/notification/RedisNotifier.java"
            }
          ]
        },
        {
          "tool-name": "JGenProg",
          "pattern-name": "JGenProg:any_statement_shallow",
          "Unified_Diff_of-files:": "Starts Below...",
          "DELETE:": "",
          "CHANGE_old:": "",
          "CHANGE_new:": "                                                                            // this",
          "instance_detail": [
            {
              "pattern_action": "ANY",
              "pattern_entity": {
                "entity_type": "*",
                "entity_new value": "*",
                "entity_role": "Statement",
                "entity_parent": "null"
              },
              "concrete_change": {
                "operator": "DEL",
                "src_type": "Return",
                "dst_type": "null",
                "src": "return serializedSummary !\u003d null ? jsonMapper.readValue(((java.lang.String) (serializedSummary)), existingSummaryType) : null",
                "dst": "null",
                "src_parent_type": "Block",
                "dst_parent_type": "null",
                "src_parent": "{\n    java.lang.Class\u003c?\u003e existingSummaryType \u003d java.lang.Class.forName(existingSummaryTypeStr);\n    java.util.Set\u003cjava.lang.String\u003e lastJobUidSet \u003d redisTemplate.boundZSetOps(org.hisp.dhis.system.notification.RedisNotifier.generateSummaryOrderKey(jobType)).range((-1), (-1));\n    if (!(lastJobUidSet.iterator().hasNext())) {\n        return null;\n    }\n    java.lang.String lastJobUid \u003d ((java.lang.String) (lastJobUidSet.iterator().next()));\n    java.lang.Object serializedSummary \u003d redisTemplate.boundHashOps(org.hisp.dhis.system.notification.RedisNotifier.generateSummaryKey(jobType)).get(lastJobUid);\n    return serializedSummary !\u003d null ? jsonMapper.readValue(((java.lang.String) (serializedSummary)), existingSummaryType) : null;\n}",
                "dst_parent": "null"
              },
              "line": 368,
              "file": "/home/khesoem/projects/lighter/exp/dhis-2/dhis-support/dhis-support-system/src/main/java/org/hisp/dhis/system/notification/RedisNotifier.java"
            }
          ]
        },
        {
          "tool-name": "JGenProg",
          "pattern-name": "JGenProg:any_statement_shallow",
          "Unified_Diff_of-files:": "Starts Below...",
          "DELETE:": "",
          "CHANGE_old:": "",
          "CHANGE_new:": "                                                                            // this",
          "instance_detail": [
            {
              "pattern_action": "ANY",
              "pattern_entity": {
                "entity_type": "*",
                "entity_new value": "*",
                "entity_role": "Statement",
                "entity_parent": "null"
              },
              "concrete_change": {
                "operator": "DEL",
                "src_type": "Invocation",
                "dst_type": "null",
                "src": "log.warn(java.lang.String.format(org.hisp.dhis.system.notification.RedisNotifier.NOTIFIER_ERROR, ex.getMessage()))",
                "dst": "null",
                "src_parent_type": "Block",
                "dst_parent_type": "null",
                "src_parent": "{\n    log.warn(java.lang.String.format(org.hisp.dhis.system.notification.RedisNotifier.NOTIFIER_ERROR, ex.getMessage()));\n}",
                "dst_parent": "null"
              },
              "line": 373,
              "file": "/home/khesoem/projects/lighter/exp/dhis-2/dhis-support/dhis-support-system/src/main/java/org/hisp/dhis/system/notification/RedisNotifier.java"
            }
          ]
        },
        {
          "tool-name": "JGenProg",
          "pattern-name": "JGenProg:any_statement_shallow",
          "Unified_Diff_of-files:": "Starts Below...",
          "DELETE:": "",
          "CHANGE_old:": "",
          "CHANGE_new:": "                                                                            // this",
          "instance_detail": [
            {
              "pattern_action": "ANY",
              "pattern_entity": {
                "entity_type": "*",
                "entity_new value": "*",
                "entity_role": "Statement",
                "entity_parent": "null"
              },
              "concrete_change": {
                "operator": "DEL",
                "src_type": "Try",
                "dst_type": "null",
                "src": "try {\n    java.lang.Class\u003c?\u003e existingSummaryType \u003d java.lang.Class.forName(existingSummaryTypeStr);\n    java.util.Set\u003cjava.lang.String\u003e lastJobUidSet \u003d redisTemplate.boundZSetOps(org.hisp.dhis.system.notification.RedisNotifier.generateSummaryOrderKey(jobType)).range((-1), (-1));\n    if (!(lastJobUidSet.iterator().hasNext())) {\n        return null;\n    }\n    java.lang.String lastJobUid \u003d ((java.lang.String) (lastJobUidSet.iterator().next()));\n    java.lang.Object serializedSummary \u003d redisTemplate.boundHashOps(org.hisp.dhis.system.notification.RedisNotifier.generateSummaryKey(jobType)).get(lastJobUid);\n    return serializedSummary !\u003d null ? jsonMapper.readValue(((java.lang.String) (serializedSummary)), existingSummaryType) : null;\n} catch (java.io.IOException | java.lang.ClassNotFoundException ex) {\n    log.warn(java.lang.String.format(org.hisp.dhis.system.notification.RedisNotifier.NOTIFIER_ERROR, ex.getMessage()));\n}",
                "dst": "null",
                "src_parent_type": "Block",
                "dst_parent_type": "null",
                "src_parent": "{\n    java.lang.String existingSummaryTypeStr \u003d redisTemplate.boundValueOps(org.hisp.dhis.system.notification.RedisNotifier.generateSummaryTypeKey(jobType)).get();\n    if (existingSummaryTypeStr \u003d\u003d null) {\n        return null;\n    }\n    try {\n        java.lang.Class\u003c?\u003e existingSummaryType \u003d java.lang.Class.forName(existingSummaryTypeStr);\n        java.util.Set\u003cjava.lang.String\u003e lastJobUidSet \u003d redisTemplate.boundZSetOps(org.hisp.dhis.system.notification.RedisNotifier.generateSummaryOrderKey(jobType)).range((-1), (-1));\n        if (!(lastJobUidSet.iterator().hasNext())) {\n            return null;\n        }\n        java.lang.String lastJobUid \u003d ((java.lang.String) (lastJobUidSet.iterator().next()));\n        java.lang.Object serializedSummary \u003d redisTemplate.boundHashOps(org.hisp.dhis.system.notification.RedisNotifier.generateSummaryKey(jobType)).get(lastJobUid);\n        return serializedSummary !\u003d null ? jsonMapper.readValue(((java.lang.String) (serializedSummary)), existingSummaryType) : null;\n    } catch (java.io.IOException | java.lang.ClassNotFoundException ex) {\n        log.warn(java.lang.String.format(org.hisp.dhis.system.notification.RedisNotifier.NOTIFIER_ERROR, ex.getMessage()));\n    }\n    return null;\n}",
                "dst_parent": "null"
              },
              "line": 354,
              "file": "/home/khesoem/projects/lighter/exp/dhis-2/dhis-support/dhis-support-system/src/main/java/org/hisp/dhis/system/notification/RedisNotifier.java"
            }
          ]
        },
        {
          "tool-name": "JGenProg",
          "pattern-name": "JGenProg:any_statement_shallow",
          "Unified_Diff_of-files:": "Starts Below...",
          "DELETE:": "",
          "CHANGE_old:": "",
          "CHANGE_new:": "                                                                            // this",
          "instance_detail": [
            {
              "pattern_action": "ANY",
              "pattern_entity": {
                "entity_type": "*",
                "entity_new value": "*",
                "entity_role": "Statement",
                "entity_parent": "null"
              },
              "concrete_change": {
                "operator": "DEL",
                "src_type": "Return",
                "dst_type": "null",
                "src": "return null",
                "dst": "null",
                "src_parent_type": "Block",
                "dst_parent_type": "null",
                "src_parent": "{\n    java.lang.String existingSummaryTypeStr \u003d redisTemplate.boundValueOps(org.hisp.dhis.system.notification.RedisNotifier.generateSummaryTypeKey(jobType)).get();\n    if (existingSummaryTypeStr \u003d\u003d null) {\n        return null;\n    }\n    try {\n        java.lang.Class\u003c?\u003e existingSummaryType \u003d java.lang.Class.forName(existingSummaryTypeStr);\n        java.util.Set\u003cjava.lang.String\u003e lastJobUidSet \u003d redisTemplate.boundZSetOps(org.hisp.dhis.system.notification.RedisNotifier.generateSummaryOrderKey(jobType)).range((-1), (-1));\n        if (!(lastJobUidSet.iterator().hasNext())) {\n            return null;\n        }\n        java.lang.String lastJobUid \u003d ((java.lang.String) (lastJobUidSet.iterator().next()));\n        java.lang.Object serializedSummary \u003d redisTemplate.boundHashOps(org.hisp.dhis.system.notification.RedisNotifier.generateSummaryKey(jobType)).get(lastJobUid);\n        return serializedSummary !\u003d null ? jsonMapper.readValue(((java.lang.String) (serializedSummary)), existingSummaryType) : null;\n    } catch (java.io.IOException | java.lang.ClassNotFoundException ex) {\n        log.warn(java.lang.String.format(org.hisp.dhis.system.notification.RedisNotifier.NOTIFIER_ERROR, ex.getMessage()));\n    }\n    return null;\n}",
                "dst_parent": "null"
              },
              "line": 375,
              "file": "/home/khesoem/projects/lighter/exp/dhis-2/dhis-support/dhis-support-system/src/main/java/org/hisp/dhis/system/notification/RedisNotifier.java"
            }
          ]
        }
      ]
    },
    {
      "revision": "7b95b8c48735b1e1647d739114a49821193ba044",
      "repairability": [
        {
          "tool-name": "JGenProg",
          "pattern-name": "JGenProg:any_statement_shallow",
          "Unified_Diff_of-files:": "Starts Below...",
          "DELETE:": "",
          "CHANGE_old:": "",
          "CHANGE_new:": "                                                                            // this",
          "instance_detail": [
            {
              "pattern_action": "ANY",
              "pattern_entity": {
                "entity_type": "*",
                "entity_new value": "*",
                "entity_role": "Statement",
                "entity_parent": "null"
              },
              "concrete_change": {
                "operator": "DEL",
                "src_type": "LocalVariable",
                "dst_type": "null",
                "src": "java.util.List\u003corg.hisp.dhis.system.notification.Notification\u003e list \u003d new java.util.ArrayList\u003c\u003e()",
                "dst": "null",
                "src_parent_type": "Block",
                "dst_parent_type": "null",
                "src_parent": "{\n    java.util.List\u003corg.hisp.dhis.system.notification.Notification\u003e list \u003d new java.util.ArrayList\u003c\u003e();\n    for (org.hisp.dhis.system.notification.Notification notification : notificationMap.getLastNotificationsByJobType(jobType)) {\n        if ((lastId !\u003d null) \u0026\u0026 (lastId.equals(notification.getUid()))) {\n            if (list.isEmpty()) {\n                list.add(notification);\n            }\n            break;\n        }\n        list.add(notification);\n    }\n    return list;\n}",
                "dst_parent": "null"
              },
              "line": 121,
              "file": "/home/khesoem/projects/lighter/exp/dhis-2/dhis-support/dhis-support-system/src/main/java/org/hisp/dhis/system/notification/InMemoryNotifier.java"
            }
          ]
        },
        {
          "tool-name": "JGenProg",
          "pattern-name": "JGenProg:any_statement_shallow",
          "Unified_Diff_of-files:": "Starts Below...",
          "DELETE:": "",
          "CHANGE_old:": "",
          "CHANGE_new:": "                                                                            // this",
          "instance_detail": [
            {
              "pattern_action": "ANY",
              "pattern_entity": {
                "entity_type": "*",
                "entity_new value": "*",
                "entity_role": "Statement",
                "entity_parent": "null"
              },
              "concrete_change": {
                "operator": "DEL",
                "src_type": "Invocation",
                "dst_type": "null",
                "src": "list.add(notification)",
                "dst": "null",
                "src_parent_type": "Block",
                "dst_parent_type": "null",
                "src_parent": "{\n    list.add(notification);\n}",
                "dst_parent": "null"
              },
              "line": 129,
              "file": "/home/khesoem/projects/lighter/exp/dhis-2/dhis-support/dhis-support-system/src/main/java/org/hisp/dhis/system/notification/InMemoryNotifier.java"
            }
          ]
        },
        {
          "tool-name": "JGenProg",
          "pattern-name": "JGenProg:any_statement_shallow",
          "Unified_Diff_of-files:": "Starts Below...",
          "DELETE:": "",
          "CHANGE_old:": "",
          "CHANGE_new:": "                                                                            // this",
          "instance_detail": [
            {
              "pattern_action": "ANY",
              "pattern_entity": {
                "entity_type": "*",
                "entity_new value": "*",
                "entity_role": "Statement",
                "entity_parent": "null"
              },
              "concrete_change": {
                "operator": "DEL",
                "src_type": "If",
                "dst_type": "null",
                "src": "if (list.isEmpty()) {\n    list.add(notification);\n}",
                "dst": "null",
                "src_parent_type": "Block",
                "dst_parent_type": "null",
                "src_parent": "{\n    if (list.isEmpty()) {\n        list.add(notification);\n    }\n    break;\n}",
                "dst_parent": "null"
              },
              "line": 127,
              "file": "/home/khesoem/projects/lighter/exp/dhis-2/dhis-support/dhis-support-system/src/main/java/org/hisp/dhis/system/notification/InMemoryNotifier.java"
            }
          ]
        },
        {
          "tool-name": "JGenProg",
          "pattern-name": "JGenProg:any_statement_shallow",
          "Unified_Diff_of-files:": "Starts Below...",
          "DELETE:": "",
          "CHANGE_old:": "",
          "CHANGE_new:": "                                                                            // this",
          "instance_detail": [
            {
              "pattern_action": "ANY",
              "pattern_entity": {
                "entity_type": "*",
                "entity_new value": "*",
                "entity_role": "Statement",
                "entity_parent": "null"
              },
              "concrete_change": {
                "operator": "DEL",
                "src_type": "Break",
                "dst_type": "null",
                "src": "break",
                "dst": "null",
                "src_parent_type": "Block",
                "dst_parent_type": "null",
                "src_parent": "{\n    if (list.isEmpty()) {\n        list.add(notification);\n    }\n    break;\n}",
                "dst_parent": "null"
              },
              "line": 131,
              "file": "/home/khesoem/projects/lighter/exp/dhis-2/dhis-support/dhis-support-system/src/main/java/org/hisp/dhis/system/notification/InMemoryNotifier.java"
            }
          ]
        },
        {
          "tool-name": "JGenProg",
          "pattern-name": "JGenProg:any_statement_shallow",
          "Unified_Diff_of-files:": "Starts Below...",
          "DELETE:": "",
          "CHANGE_old:": "",
          "CHANGE_new:": "                                                                            // this",
          "instance_detail": [
            {
              "pattern_action": "ANY",
              "pattern_entity": {
                "entity_type": "*",
                "entity_new value": "*",
                "entity_role": "Statement",
                "entity_parent": "null"
              },
              "concrete_change": {
                "operator": "DEL",
                "src_type": "If",
                "dst_type": "null",
                "src": "if ((lastId !\u003d null) \u0026\u0026 (lastId.equals(notification.getUid()))) {\n    if (list.isEmpty()) {\n        list.add(notification);\n    }\n    break;\n}",
                "dst": "null",
                "src_parent_type": "Block",
                "dst_parent_type": "null",
                "src_parent": "{\n    if ((lastId !\u003d null) \u0026\u0026 (lastId.equals(notification.getUid()))) {\n        if (list.isEmpty()) {\n            list.add(notification);\n        }\n        break;\n    }\n    list.add(notification);\n}",
                "dst_parent": "null"
              },
              "line": 125,
              "file": "/home/khesoem/projects/lighter/exp/dhis-2/dhis-support/dhis-support-system/src/main/java/org/hisp/dhis/system/notification/InMemoryNotifier.java"
            }
          ]
        },
        {
          "tool-name": "JGenProg",
          "pattern-name": "JGenProg:any_statement_shallow",
          "Unified_Diff_of-files:": "Starts Below...",
          "DELETE:": "",
          "CHANGE_old:": "",
          "CHANGE_new:": "                                                                            // this",
          "instance_detail": [
            {
              "pattern_action": "ANY",
              "pattern_entity": {
                "entity_type": "*",
                "entity_new value": "*",
                "entity_role": "Statement",
                "entity_parent": "null"
              },
              "concrete_change": {
                "operator": "DEL",
                "src_type": "Invocation",
                "dst_type": "null",
                "src": "list.add(notification)",
                "dst": "null",
                "src_parent_type": "Block",
                "dst_parent_type": "null",
                "src_parent": "{\n    if ((lastId !\u003d null) \u0026\u0026 (lastId.equals(notification.getUid()))) {\n        if (list.isEmpty()) {\n            list.add(notification);\n        }\n        break;\n    }\n    list.add(notification);\n}",
                "dst_parent": "null"
              },
              "line": 133,
              "file": "/home/khesoem/projects/lighter/exp/dhis-2/dhis-support/dhis-support-system/src/main/java/org/hisp/dhis/system/notification/InMemoryNotifier.java"
            }
          ]
        },
        {
          "tool-name": "JGenProg",
          "pattern-name": "JGenProg:any_statement_shallow",
          "Unified_Diff_of-files:": "Starts Below...",
          "DELETE:": "",
          "CHANGE_old:": "",
          "CHANGE_new:": "                                                                            // this",
          "instance_detail": [
            {
              "pattern_action": "ANY",
              "pattern_entity": {
                "entity_type": "*",
                "entity_new value": "*",
                "entity_role": "Statement",
                "entity_parent": "null"
              },
              "concrete_change": {
                "operator": "DEL",
                "src_type": "ForEach",
                "dst_type": "null",
                "src": "for (org.hisp.dhis.system.notification.Notification notification : notificationMap.getLastNotificationsByJobType(jobType)) {\n    if ((lastId !\u003d null) \u0026\u0026 (lastId.equals(notification.getUid()))) {\n        if (list.isEmpty()) {\n            list.add(notification);\n        }\n        break;\n    }\n    list.add(notification);\n}",
                "dst": "null",
                "src_parent_type": "Block",
                "dst_parent_type": "null",
                "src_parent": "{\n    java.util.List\u003corg.hisp.dhis.system.notification.Notification\u003e list \u003d new java.util.ArrayList\u003c\u003e();\n    for (org.hisp.dhis.system.notification.Notification notification : notificationMap.getLastNotificationsByJobType(jobType)) {\n        if ((lastId !\u003d null) \u0026\u0026 (lastId.equals(notification.getUid()))) {\n            if (list.isEmpty()) {\n                list.add(notification);\n            }\n            break;\n        }\n        list.add(notification);\n    }\n    return list;\n}",
                "dst_parent": "null"
              },
              "line": 123,
              "file": "/home/khesoem/projects/lighter/exp/dhis-2/dhis-support/dhis-support-system/src/main/java/org/hisp/dhis/system/notification/InMemoryNotifier.java"
            }
          ]
        },
        {
          "tool-name": "JGenProg",
          "pattern-name": "JGenProg:any_statement_shallow",
          "Unified_Diff_of-files:": "Starts Below...",
          "DELETE:": "",
          "CHANGE_old:": "",
          "CHANGE_new:": "                                                                            // this",
          "instance_detail": [
            {
              "pattern_action": "ANY",
              "pattern_entity": {
                "entity_type": "*",
                "entity_new value": "*",
                "entity_role": "Statement",
                "entity_parent": "null"
              },
              "concrete_change": {
                "operator": "DEL",
                "src_type": "Return",
                "dst_type": "null",
                "src": "return list",
                "dst": "null",
                "src_parent_type": "Block",
                "dst_parent_type": "null",
                "src_parent": "{\n    java.util.List\u003corg.hisp.dhis.system.notification.Notification\u003e list \u003d new java.util.ArrayList\u003c\u003e();\n    for (org.hisp.dhis.system.notification.Notification notification : notificationMap.getLastNotificationsByJobType(jobType)) {\n        if ((lastId !\u003d null) \u0026\u0026 (lastId.equals(notification.getUid()))) {\n            if (list.isEmpty()) {\n                list.add(notification);\n            }\n            break;\n        }\n        list.add(notification);\n    }\n    return list;\n}",
                "dst_parent": "null"
              },
              "line": 136,
              "file": "/home/khesoem/projects/lighter/exp/dhis-2/dhis-support/dhis-support-system/src/main/java/org/hisp/dhis/system/notification/InMemoryNotifier.java"
            }
          ]
        },
        {
          "tool-name": "JGenProg",
          "pattern-name": "JGenProg:any_statement_shallow",
          "Unified_Diff_of-files:": "Starts Below...",
          "DELETE:": "",
          "CHANGE_old:": "",
          "CHANGE_new:": "                                                                            // this",
          "instance_detail": [
            {
              "pattern_action": "ANY",
              "pattern_entity": {
                "entity_type": "*",
                "entity_new value": "*",
                "entity_role": "Statement",
                "entity_parent": "null"
              },
              "concrete_change": {
                "operator": "DEL",
                "src_type": "Return",
                "dst_type": "null",
                "src": "return notificationMap.getSummary(jobType)",
                "dst": "null",
                "src_parent_type": "Block",
                "dst_parent_type": "null",
                "src_parent": "{\n    return notificationMap.getSummary(jobType);\n}",
                "dst_parent": "null"
              },
              "line": 195,
              "file": "/home/khesoem/projects/lighter/exp/dhis-2/dhis-support/dhis-support-system/src/main/java/org/hisp/dhis/system/notification/InMemoryNotifier.java"
            }
          ]
        }
      ]
    },
    {
      "revision": "7b95b8c48735b1e1647d739114a49821193ba044",
      "repairability": [
        {
          "tool-name": "JGenProg",
          "pattern-name": "JGenProg:any_statement_shallow",
          "Unified_Diff_of-files:": "Starts Below...",
          "DELETE:": "",
          "CHANGE_old:": "",
          "CHANGE_new:": "                                                                            // this",
          "instance_detail": [
            {
              "pattern_action": "ANY",
              "pattern_entity": {
                "entity_type": "*",
                "entity_new value": "*",
                "entity_role": "Statement",
                "entity_parent": "null"
              },
              "concrete_change": {
                "operator": "DEL",
                "src_type": "LocalVariable",
                "dst_type": "null",
                "src": "java.util.LinkedHashMap\u003cjava.lang.String, java.util.LinkedList\u003corg.hisp.dhis.system.notification.Notification\u003e\u003e jobTypeNotifications \u003d notificationsWithType.get(jobType)",
                "dst": "null",
                "src_parent_type": "Block",
                "dst_parent_type": "null",
                "src_parent": "{\n    java.util.LinkedHashMap\u003cjava.lang.String, java.util.LinkedList\u003corg.hisp.dhis.system.notification.Notification\u003e\u003e jobTypeNotifications \u003d notificationsWithType.get(jobType);\n    if ((jobTypeNotifications.size()) \u003d\u003d 0) {\n        return new java.util.ArrayList\u003c\u003e();\n    }\n    java.lang.String key \u003d ((java.lang.String) (jobTypeNotifications.keySet().toArray()[((jobTypeNotifications.size()) - 1)]));\n    return jobTypeNotifications.get(key);\n}",
                "dst_parent": "null"
              },
              "line": 59,
              "file": "/home/khesoem/projects/lighter/exp/dhis-2/dhis-support/dhis-support-system/src/main/java/org/hisp/dhis/system/notification/NotificationMap.java"
            }
          ]
        },
        {
          "tool-name": "JGenProg",
          "pattern-name": "JGenProg:any_statement_shallow",
          "Unified_Diff_of-files:": "Starts Below...",
          "DELETE:": "",
          "CHANGE_old:": "",
          "CHANGE_new:": "                                                                            // this",
          "instance_detail": [
            {
              "pattern_action": "ANY",
              "pattern_entity": {
                "entity_type": "*",
                "entity_new value": "*",
                "entity_role": "Statement",
                "entity_parent": "null"
              },
              "concrete_change": {
                "operator": "DEL",
                "src_type": "Return",
                "dst_type": "null",
                "src": "return new java.util.ArrayList\u003c\u003e()",
                "dst": "null",
                "src_parent_type": "Block",
                "dst_parent_type": "null",
                "src_parent": "{\n    return new java.util.ArrayList\u003c\u003e();\n}",
                "dst_parent": "null"
              },
              "line": 63,
              "file": "/home/khesoem/projects/lighter/exp/dhis-2/dhis-support/dhis-support-system/src/main/java/org/hisp/dhis/system/notification/NotificationMap.java"
            }
          ]
        },
        {
          "tool-name": "JGenProg",
          "pattern-name": "JGenProg:any_statement_shallow",
          "Unified_Diff_of-files:": "Starts Below...",
          "DELETE:": "",
          "CHANGE_old:": "",
          "CHANGE_new:": "                                                                            // this",
          "instance_detail": [
            {
              "pattern_action": "ANY",
              "pattern_entity": {
                "entity_type": "*",
                "entity_new value": "*",
                "entity_role": "Statement",
                "entity_parent": "null"
              },
              "concrete_change": {
                "operator": "DEL",
                "src_type": "If",
                "dst_type": "null",
                "src": "if ((jobTypeNotifications.size()) \u003d\u003d 0) {\n    return new java.util.ArrayList\u003c\u003e();\n}",
                "dst": "null",
                "src_parent_type": "Block",
                "dst_parent_type": "null",
                "src_parent": "{\n    java.util.LinkedHashMap\u003cjava.lang.String, java.util.LinkedList\u003corg.hisp.dhis.system.notification.Notification\u003e\u003e jobTypeNotifications \u003d notificationsWithType.get(jobType);\n    if ((jobTypeNotifications.size()) \u003d\u003d 0) {\n        return new java.util.ArrayList\u003c\u003e();\n    }\n    java.lang.String key \u003d ((java.lang.String) (jobTypeNotifications.keySet().toArray()[((jobTypeNotifications.size()) - 1)]));\n    return jobTypeNotifications.get(key);\n}",
                "dst_parent": "null"
              },
              "line": 61,
              "file": "/home/khesoem/projects/lighter/exp/dhis-2/dhis-support/dhis-support-system/src/main/java/org/hisp/dhis/system/notification/NotificationMap.java"
            }
          ]
        },
        {
          "tool-name": "JGenProg",
          "pattern-name": "JGenProg:any_statement_shallow",
          "Unified_Diff_of-files:": "Starts Below...",
          "DELETE:": "",
          "CHANGE_old:": "",
          "CHANGE_new:": "                                                                            // this",
          "instance_detail": [
            {
              "pattern_action": "ANY",
              "pattern_entity": {
                "entity_type": "*",
                "entity_new value": "*",
                "entity_role": "Statement",
                "entity_parent": "null"
              },
              "concrete_change": {
                "operator": "DEL",
                "src_type": "LocalVariable",
                "dst_type": "null",
                "src": "java.lang.String key \u003d ((java.lang.String) (jobTypeNotifications.keySet().toArray()[((jobTypeNotifications.size()) - 1)]))",
                "dst": "null",
                "src_parent_type": "Block",
                "dst_parent_type": "null",
                "src_parent": "{\n    java.util.LinkedHashMap\u003cjava.lang.String, java.util.LinkedList\u003corg.hisp.dhis.system.notification.Notification\u003e\u003e jobTypeNotifications \u003d notificationsWithType.get(jobType);\n    if ((jobTypeNotifications.size()) \u003d\u003d 0) {\n        return new java.util.ArrayList\u003c\u003e();\n    }\n    java.lang.String key \u003d ((java.lang.String) (jobTypeNotifications.keySet().toArray()[((jobTypeNotifications.size()) - 1)]));\n    return jobTypeNotifications.get(key);\n}",
                "dst_parent": "null"
              },
              "line": 66,
              "file": "/home/khesoem/projects/lighter/exp/dhis-2/dhis-support/dhis-support-system/src/main/java/org/hisp/dhis/system/notification/NotificationMap.java"
            }
          ]
        },
        {
          "tool-name": "JGenProg",
          "pattern-name": "JGenProg:any_statement_shallow",
          "Unified_Diff_of-files:": "Starts Below...",
          "DELETE:": "",
          "CHANGE_old:": "",
          "CHANGE_new:": "                                                                            // this",
          "instance_detail": [
            {
              "pattern_action": "ANY",
              "pattern_entity": {
                "entity_type": "*",
                "entity_new value": "*",
                "entity_role": "Statement",
                "entity_parent": "null"
              },
              "concrete_change": {
                "operator": "DEL",
                "src_type": "Return",
                "dst_type": "null",
                "src": "return jobTypeNotifications.get(key)",
                "dst": "null",
                "src_parent_type": "Block",
                "dst_parent_type": "null",
                "src_parent": "{\n    java.util.LinkedHashMap\u003cjava.lang.String, java.util.LinkedList\u003corg.hisp.dhis.system.notification.Notification\u003e\u003e jobTypeNotifications \u003d notificationsWithType.get(jobType);\n    if ((jobTypeNotifications.size()) \u003d\u003d 0) {\n        return new java.util.ArrayList\u003c\u003e();\n    }\n    java.lang.String key \u003d ((java.lang.String) (jobTypeNotifications.keySet().toArray()[((jobTypeNotifications.size()) - 1)]));\n    return jobTypeNotifications.get(key);\n}",
                "dst_parent": "null"
              },
              "line": 68,
              "file": "/home/khesoem/projects/lighter/exp/dhis-2/dhis-support/dhis-support-system/src/main/java/org/hisp/dhis/system/notification/NotificationMap.java"
            }
          ]
        },
        {
          "tool-name": "JGenProg",
          "pattern-name": "JGenProg:any_statement_shallow",
          "Unified_Diff_of-files:": "Starts Below...",
          "DELETE:": "",
          "CHANGE_old:": "",
          "CHANGE_new:": "                                                                            // this",
          "instance_detail": [
            {
              "pattern_action": "ANY",
              "pattern_entity": {
                "entity_type": "*",
                "entity_new value": "*",
                "entity_role": "Statement",
                "entity_parent": "null"
              },
              "concrete_change": {
                "operator": "DEL",
                "src_type": "Return",
                "dst_type": "null",
                "src": "return notificationsWithType.get(jobType)",
                "dst": "null",
                "src_parent_type": "Block",
                "dst_parent_type": "null",
                "src_parent": "{\n    return notificationsWithType.get(jobType);\n}",
                "dst_parent": "null"
              },
              "line": 84,
              "file": "/home/khesoem/projects/lighter/exp/dhis-2/dhis-support/dhis-support-system/src/main/java/org/hisp/dhis/system/notification/NotificationMap.java"
            }
          ]
        },
        {
          "tool-name": "JGenProg",
          "pattern-name": "JGenProg:any_statement_shallow",
          "Unified_Diff_of-files:": "Starts Below...",
          "DELETE:": "",
          "CHANGE_old:": "",
          "CHANGE_new:": "                                                                            // this",
          "instance_detail": [
            {
              "pattern_action": "ANY",
              "pattern_entity": {
                "entity_type": "*",
                "entity_new value": "*",
                "entity_role": "Statement",
                "entity_parent": "null"
              },
              "concrete_change": {
                "operator": "DEL",
                "src_type": "LocalVariable",
                "dst_type": "null",
                "src": "java.util.LinkedHashMap\u003cjava.lang.String, java.lang.Object\u003e summariesForJobType \u003d summariesWithType.get(jobType)",
                "dst": "null",
                "src_parent_type": "Block",
                "dst_parent_type": "null",
                "src_parent": "{\n    java.util.LinkedHashMap\u003cjava.lang.String, java.lang.Object\u003e summariesForJobType \u003d summariesWithType.get(jobType);\n    if ((summariesForJobType.size()) \u003d\u003d 0) {\n        return null;\n    } else {\n        return summariesForJobType.values().toArray()[((summariesForJobType.size()) - 1)];\n    }\n}",
                "dst_parent": "null"
              },
              "line": 132,
              "file": "/home/khesoem/projects/lighter/exp/dhis-2/dhis-support/dhis-support-system/src/main/java/org/hisp/dhis/system/notification/NotificationMap.java"
            }
          ]
        },
        {
          "tool-name": "JGenProg",
          "pattern-name": "JGenProg:any_statement_shallow",
          "Unified_Diff_of-files:": "Starts Below...",
          "DELETE:": "",
          "CHANGE_old:": "",
          "CHANGE_new:": "                                                                            // this",
          "instance_detail": [
            {
              "pattern_action": "ANY",
              "pattern_entity": {
                "entity_type": "*",
                "entity_new value": "*",
                "entity_role": "Statement",
                "entity_parent": "null"
              },
              "concrete_change": {
                "operator": "DEL",
                "src_type": "Return",
                "dst_type": "null",
                "src": "return null",
                "dst": "null",
                "src_parent_type": "Block",
                "dst_parent_type": "null",
                "src_parent": "{\n    return null;\n}",
                "dst_parent": "null"
              },
              "line": 136,
              "file": "/home/khesoem/projects/lighter/exp/dhis-2/dhis-support/dhis-support-system/src/main/java/org/hisp/dhis/system/notification/NotificationMap.java"
            }
          ]
        },
        {
          "tool-name": "JGenProg",
          "pattern-name": "JGenProg:any_statement_shallow",
          "Unified_Diff_of-files:": "Starts Below...",
          "DELETE:": "",
          "CHANGE_old:": "",
          "CHANGE_new:": "                                                                            // this",
          "instance_detail": [
            {
              "pattern_action": "ANY",
              "pattern_entity": {
                "entity_type": "*",
                "entity_new value": "*",
                "entity_role": "Statement",
                "entity_parent": "null"
              },
              "concrete_change": {
                "operator": "DEL",
                "src_type": "Return",
                "dst_type": "null",
                "src": "return summariesForJobType.values().toArray()[((summariesForJobType.size()) - 1)]",
                "dst": "null",
                "src_parent_type": "Block",
                "dst_parent_type": "null",
                "src_parent": "{\n    return summariesForJobType.values().toArray()[((summariesForJobType.size()) - 1)];\n}",
                "dst_parent": "null"
              },
              "line": 140,
              "file": "/home/khesoem/projects/lighter/exp/dhis-2/dhis-support/dhis-support-system/src/main/java/org/hisp/dhis/system/notification/NotificationMap.java"
            }
          ]
        },
        {
          "tool-name": "JGenProg",
          "pattern-name": "JGenProg:any_statement_shallow",
          "Unified_Diff_of-files:": "Starts Below...",
          "DELETE:": "",
          "CHANGE_old:": "",
          "CHANGE_new:": "                                                                            // this",
          "instance_detail": [
            {
              "pattern_action": "ANY",
              "pattern_entity": {
                "entity_type": "*",
                "entity_new value": "*",
                "entity_role": "Statement",
                "entity_parent": "null"
              },
              "concrete_change": {
                "operator": "DEL",
                "src_type": "If",
                "dst_type": "null",
                "src": "if ((summariesForJobType.size()) \u003d\u003d 0) {\n    return null;\n} else {\n    return summariesForJobType.values().toArray()[((summariesForJobType.size()) - 1)];\n}",
                "dst": "null",
                "src_parent_type": "Block",
                "dst_parent_type": "null",
                "src_parent": "{\n    java.util.LinkedHashMap\u003cjava.lang.String, java.lang.Object\u003e summariesForJobType \u003d summariesWithType.get(jobType);\n    if ((summariesForJobType.size()) \u003d\u003d 0) {\n        return null;\n    } else {\n        return summariesForJobType.values().toArray()[((summariesForJobType.size()) - 1)];\n    }\n}",
                "dst_parent": "null"
              },
              "line": 134,
              "file": "/home/khesoem/projects/lighter/exp/dhis-2/dhis-support/dhis-support-system/src/main/java/org/hisp/dhis/system/notification/NotificationMap.java"
            }
          ]
        }
      ]
    },
    {
      "revision": "7b95b8c48735b1e1647d739114a49821193ba044",
      "repairability": [
        {
          "tool-name": "JGenProg",
          "pattern-name": "JGenProg:any_statement_shallow",
          "Unified_Diff_of-files:": "Starts Below...",
          "DELETE:": "",
          "CHANGE_old:": "",
          "CHANGE_new:": "                                                                            // this",
          "instance_detail": [
            {
              "pattern_action": "ANY",
              "pattern_entity": {
                "entity_type": "*",
                "entity_new value": "*",
                "entity_role": "Statement",
                "entity_parent": "null"
              },
              "concrete_change": {
                "operator": "DEL",
                "src_type": "LocalVariable",
                "dst_type": "null",
                "src": "java.util.List\u003corg.hisp.dhis.system.notification.Notification\u003e notifications \u003d new java.util.ArrayList\u003c\u003e()",
                "dst": "null",
                "src_parent_type": "Block",
                "dst_parent_type": "null",
                "src_parent": "{\n    java.util.List\u003corg.hisp.dhis.system.notification.Notification\u003e notifications \u003d new java.util.ArrayList\u003c\u003e();\n    if (jobType !\u003d null) {\n        notifications \u003d notifier.getLastNotificationsByJobType(org.hisp.dhis.scheduling.JobType.valueOf(jobType.toUpperCase()), lastId);\n    }\n    setNoStore(response);\n    response.setContentType(org.hisp.dhis.webapi.controller.CONTENT_TYPE_JSON);\n    renderService.toJson(response.getOutputStream(), notifications);\n}",
                "dst_parent": "null"
              },
              "line": 220,
              "file": "/home/khesoem/projects/lighter/exp/dhis-2/dhis-web/dhis-web-api/src/main/java/org/hisp/dhis/webapi/controller/SystemController.java"
            }
          ]
        },
        {
          "tool-name": "JGenProg",
          "pattern-name": "JGenProg:any_statement_shallow",
          "Unified_Diff_of-files:": "Starts Below...",
          "DELETE:": "",
          "CHANGE_old:": "",
          "CHANGE_new:": "                                                                            // this",
          "instance_detail": [
            {
              "pattern_action": "ANY",
              "pattern_entity": {
                "entity_type": "*",
                "entity_new value": "*",
                "entity_role": "Statement",
                "entity_parent": "null"
              },
              "concrete_change": {
                "operator": "DEL",
                "src_type": "Assignment",
                "dst_type": "null",
                "src": "notifications \u003d notifier.getLastNotificationsByJobType(org.hisp.dhis.scheduling.JobType.valueOf(jobType.toUpperCase()), lastId)",
                "dst": "null",
                "src_parent_type": "Block",
                "dst_parent_type": "null",
                "src_parent": "{\n    notifications \u003d notifier.getLastNotificationsByJobType(org.hisp.dhis.scheduling.JobType.valueOf(jobType.toUpperCase()), lastId);\n}",
                "dst_parent": "null"
              },
              "line": 224,
              "file": "/home/khesoem/projects/lighter/exp/dhis-2/dhis-web/dhis-web-api/src/main/java/org/hisp/dhis/webapi/controller/SystemController.java"
            }
          ]
        },
        {
          "tool-name": "JGenProg",
          "pattern-name": "JGenProg:any_statement_shallow",
          "Unified_Diff_of-files:": "Starts Below...",
          "DELETE:": "",
          "CHANGE_old:": "",
          "CHANGE_new:": "                                                                            // this",
          "instance_detail": [
            {
              "pattern_action": "ANY",
              "pattern_entity": {
                "entity_type": "*",
                "entity_new value": "*",
                "entity_role": "Statement",
                "entity_parent": "null"
              },
              "concrete_change": {
                "operator": "DEL",
                "src_type": "If",
                "dst_type": "null",
                "src": "if (jobType !\u003d null) {\n    notifications \u003d notifier.getLastNotificationsByJobType(org.hisp.dhis.scheduling.JobType.valueOf(jobType.toUpperCase()), lastId);\n}",
                "dst": "null",
                "src_parent_type": "Block",
                "dst_parent_type": "null",
                "src_parent": "{\n    java.util.List\u003corg.hisp.dhis.system.notification.Notification\u003e notifications \u003d new java.util.ArrayList\u003c\u003e();\n    if (jobType !\u003d null) {\n        notifications \u003d notifier.getLastNotificationsByJobType(org.hisp.dhis.scheduling.JobType.valueOf(jobType.toUpperCase()), lastId);\n    }\n    setNoStore(response);\n    response.setContentType(org.hisp.dhis.webapi.controller.CONTENT_TYPE_JSON);\n    renderService.toJson(response.getOutputStream(), notifications);\n}",
                "dst_parent": "null"
              },
              "line": 222,
              "file": "/home/khesoem/projects/lighter/exp/dhis-2/dhis-web/dhis-web-api/src/main/java/org/hisp/dhis/webapi/controller/SystemController.java"
            }
          ]
        },
        {
          "tool-name": "JGenProg",
          "pattern-name": "JGenProg:any_statement_shallow",
          "Unified_Diff_of-files:": "Starts Below...",
          "DELETE:": "",
          "CHANGE_old:": "",
          "CHANGE_new:": "                                                                            // this",
          "instance_detail": [
            {
              "pattern_action": "ANY",
              "pattern_entity": {
                "entity_type": "*",
                "entity_new value": "*",
                "entity_role": "Statement",
                "entity_parent": "null"
              },
              "concrete_change": {
                "operator": "DEL",
                "src_type": "Invocation",
                "dst_type": "null",
                "src": "setNoStore(response)",
                "dst": "null",
                "src_parent_type": "Block",
                "dst_parent_type": "null",
                "src_parent": "{\n    java.util.List\u003corg.hisp.dhis.system.notification.Notification\u003e notifications \u003d new java.util.ArrayList\u003c\u003e();\n    if (jobType !\u003d null) {\n        notifications \u003d notifier.getLastNotificationsByJobType(org.hisp.dhis.scheduling.JobType.valueOf(jobType.toUpperCase()), lastId);\n    }\n    setNoStore(response);\n    response.setContentType(org.hisp.dhis.webapi.controller.CONTENT_TYPE_JSON);\n    renderService.toJson(response.getOutputStream(), notifications);\n}",
                "dst_parent": "null"
              },
              "line": 227,
              "file": "/home/khesoem/projects/lighter/exp/dhis-2/dhis-web/dhis-web-api/src/main/java/org/hisp/dhis/webapi/controller/SystemController.java"
            }
          ]
        },
        {
          "tool-name": "JGenProg",
          "pattern-name": "JGenProg:any_statement_shallow",
          "Unified_Diff_of-files:": "Starts Below...",
          "DELETE:": "",
          "CHANGE_old:": "",
          "CHANGE_new:": "                                                                            // this",
          "instance_detail": [
            {
              "pattern_action": "ANY",
              "pattern_entity": {
                "entity_type": "*",
                "entity_new value": "*",
                "entity_role": "Statement",
                "entity_parent": "null"
              },
              "concrete_change": {
                "operator": "DEL",
                "src_type": "Invocation",
                "dst_type": "null",
                "src": "response.setContentType(org.hisp.dhis.webapi.controller.CONTENT_TYPE_JSON)",
                "dst": "null",
                "src_parent_type": "Block",
                "dst_parent_type": "null",
                "src_parent": "{\n    java.util.List\u003corg.hisp.dhis.system.notification.Notification\u003e notifications \u003d new java.util.ArrayList\u003c\u003e();\n    if (jobType !\u003d null) {\n        notifications \u003d notifier.getLastNotificationsByJobType(org.hisp.dhis.scheduling.JobType.valueOf(jobType.toUpperCase()), lastId);\n    }\n    setNoStore(response);\n    response.setContentType(org.hisp.dhis.webapi.controller.CONTENT_TYPE_JSON);\n    renderService.toJson(response.getOutputStream(), notifications);\n}",
                "dst_parent": "null"
              },
              "line": 228,
              "file": "/home/khesoem/projects/lighter/exp/dhis-2/dhis-web/dhis-web-api/src/main/java/org/hisp/dhis/webapi/controller/SystemController.java"
            }
          ]
        },
        {
          "tool-name": "JGenProg",
          "pattern-name": "JGenProg:any_statement_shallow",
          "Unified_Diff_of-files:": "Starts Below...",
          "DELETE:": "",
          "CHANGE_old:": "",
          "CHANGE_new:": "                                                                            // this",
          "instance_detail": [
            {
              "pattern_action": "ANY",
              "pattern_entity": {
                "entity_type": "*",
                "entity_new value": "*",
                "entity_role": "Statement",
                "entity_parent": "null"
              },
              "concrete_change": {
                "operator": "DEL",
                "src_type": "Invocation",
                "dst_type": "null",
                "src": "renderService.toJson(response.getOutputStream(), notifications)",
                "dst": "null",
                "src_parent_type": "Block",
                "dst_parent_type": "null",
                "src_parent": "{\n    java.util.List\u003corg.hisp.dhis.system.notification.Notification\u003e notifications \u003d new java.util.ArrayList\u003c\u003e();\n    if (jobType !\u003d null) {\n        notifications \u003d notifier.getLastNotificationsByJobType(org.hisp.dhis.scheduling.JobType.valueOf(jobType.toUpperCase()), lastId);\n    }\n    setNoStore(response);\n    response.setContentType(org.hisp.dhis.webapi.controller.CONTENT_TYPE_JSON);\n    renderService.toJson(response.getOutputStream(), notifications);\n}",
                "dst_parent": "null"
              },
              "line": 230,
              "file": "/home/khesoem/projects/lighter/exp/dhis-2/dhis-web/dhis-web-api/src/main/java/org/hisp/dhis/webapi/controller/SystemController.java"
            }
          ]
        },
        {
          "tool-name": "JGenProg",
          "pattern-name": "JGenProg:any_statement_shallow",
          "Unified_Diff_of-files:": "Starts Below...",
          "DELETE:": "",
          "CHANGE_old:": "",
          "CHANGE_new:": "                                                                            // this",
          "instance_detail": [
            {
              "pattern_action": "ANY",
              "pattern_entity": {
                "entity_type": "*",
                "entity_new value": "*",
                "entity_role": "Statement",
                "entity_parent": "null"
              },
              "concrete_change": {
                "operator": "DEL",
                "src_type": "LocalVariable",
                "dst_type": "null",
                "src": "java.lang.Object summary \u003d notifier.getJobSummary(org.hisp.dhis.scheduling.JobType.valueOf(jobType.toUpperCase()))",
                "dst": "null",
                "src_parent_type": "Block",
                "dst_parent_type": "null",
                "src_parent": "{\n    java.lang.Object summary \u003d notifier.getJobSummary(org.hisp.dhis.scheduling.JobType.valueOf(jobType.toUpperCase()));\n    handleSummary(response, summary);\n    return;\n}",
                "dst_parent": "null"
              },
              "line": 306,
              "file": "/home/khesoem/projects/lighter/exp/dhis-2/dhis-web/dhis-web-api/src/main/java/org/hisp/dhis/webapi/controller/SystemController.java"
            }
          ]
        },
        {
          "tool-name": "JGenProg",
          "pattern-name": "JGenProg:any_statement_shallow",
          "Unified_Diff_of-files:": "Starts Below...",
          "DELETE:": "",
          "CHANGE_old:": "",
          "CHANGE_new:": "                                                                            // this",
          "instance_detail": [
            {
              "pattern_action": "ANY",
              "pattern_entity": {
                "entity_type": "*",
                "entity_new value": "*",
                "entity_role": "Statement",
                "entity_parent": "null"
              },
              "concrete_change": {
                "operator": "DEL",
                "src_type": "Invocation",
                "dst_type": "null",
                "src": "handleSummary(response, summary)",
                "dst": "null",
                "src_parent_type": "Block",
                "dst_parent_type": "null",
                "src_parent": "{\n    java.lang.Object summary \u003d notifier.getJobSummary(org.hisp.dhis.scheduling.JobType.valueOf(jobType.toUpperCase()));\n    handleSummary(response, summary);\n    return;\n}",
                "dst_parent": "null"
              },
              "line": 308,
              "file": "/home/khesoem/projects/lighter/exp/dhis-2/dhis-web/dhis-web-api/src/main/java/org/hisp/dhis/webapi/controller/SystemController.java"
            }
          ]
        },
        {
          "tool-name": "JGenProg",
          "pattern-name": "JGenProg:any_statement_shallow",
          "Unified_Diff_of-files:": "Starts Below...",
          "DELETE:": "",
          "CHANGE_old:": "",
          "CHANGE_new:": "                                                                            // this",
          "instance_detail": [
            {
              "pattern_action": "ANY",
              "pattern_entity": {
                "entity_type": "*",
                "entity_new value": "*",
                "entity_role": "Statement",
                "entity_parent": "null"
              },
              "concrete_change": {
                "operator": "DEL",
                "src_type": "Return",
                "dst_type": "null",
                "src": "return",
                "dst": "null",
                "src_parent_type": "Block",
                "dst_parent_type": "null",
                "src_parent": "{\n    java.lang.Object summary \u003d notifier.getJobSummary(org.hisp.dhis.scheduling.JobType.valueOf(jobType.toUpperCase()));\n    handleSummary(response, summary);\n    return;\n}",
                "dst_parent": "null"
              },
              "line": 309,
              "file": "/home/khesoem/projects/lighter/exp/dhis-2/dhis-web/dhis-web-api/src/main/java/org/hisp/dhis/webapi/controller/SystemController.java"
            }
          ]
        },
        {
          "tool-name": "JGenProg",
          "pattern-name": "JGenProg:any_statement_shallow",
          "Unified_Diff_of-files:": "Starts Below...",
          "DELETE:": "",
          "CHANGE_old:": "",
          "CHANGE_new:": "                                                                            // this",
          "instance_detail": [
            {
              "pattern_action": "ANY",
              "pattern_entity": {
                "entity_type": "*",
                "entity_new value": "*",
                "entity_role": "Statement",
                "entity_parent": "null"
              },
              "concrete_change": {
                "operator": "DEL",
                "src_type": "If",
                "dst_type": "null",
                "src": "if (jobType !\u003d null) {\n    java.lang.Object summary \u003d notifier.getJobSummary(org.hisp.dhis.scheduling.JobType.valueOf(jobType.toUpperCase()));\n    handleSummary(response, summary);\n    return;\n}",
                "dst": "null",
                "src_parent_type": "Block",
                "dst_parent_type": "null",
                "src_parent": "{\n    if (jobType !\u003d null) {\n        java.lang.Object summary \u003d notifier.getJobSummary(org.hisp.dhis.scheduling.JobType.valueOf(jobType.toUpperCase()));\n        handleSummary(response, summary);\n        return;\n    }\n    setNoStore(response);\n    response.setContentType(org.hisp.dhis.webapi.controller.CONTENT_TYPE_JSON);\n}",
                "dst_parent": "null"
              },
              "line": 304,
              "file": "/home/khesoem/projects/lighter/exp/dhis-2/dhis-web/dhis-web-api/src/main/java/org/hisp/dhis/webapi/controller/SystemController.java"
            }
          ]
        },
        {
          "tool-name": "JGenProg",
          "pattern-name": "JGenProg:any_statement_shallow",
          "Unified_Diff_of-files:": "Starts Below...",
          "DELETE:": "",
          "CHANGE_old:": "",
          "CHANGE_new:": "                                                                            // this",
          "instance_detail": [
            {
              "pattern_action": "ANY",
              "pattern_entity": {
                "entity_type": "*",
                "entity_new value": "*",
                "entity_role": "Statement",
                "entity_parent": "null"
              },
              "concrete_change": {
                "operator": "DEL",
                "src_type": "Invocation",
                "dst_type": "null",
                "src": "setNoStore(response)",
                "dst": "null",
                "src_parent_type": "Block",
                "dst_parent_type": "null",
                "src_parent": "{\n    if (jobType !\u003d null) {\n        java.lang.Object summary \u003d notifier.getJobSummary(org.hisp.dhis.scheduling.JobType.valueOf(jobType.toUpperCase()));\n        handleSummary(response, summary);\n        return;\n    }\n    setNoStore(response);\n    response.setContentType(org.hisp.dhis.webapi.controller.CONTENT_TYPE_JSON);\n}",
                "dst_parent": "null"
              },
              "line": 312,
              "file": "/home/khesoem/projects/lighter/exp/dhis-2/dhis-web/dhis-web-api/src/main/java/org/hisp/dhis/webapi/controller/SystemController.java"
            }
          ]
        },
        {
          "tool-name": "JGenProg",
          "pattern-name": "JGenProg:any_statement_shallow",
          "Unified_Diff_of-files:": "Starts Below...",
          "DELETE:": "",
          "CHANGE_old:": "",
          "CHANGE_new:": "                                                                            // this",
          "instance_detail": [
            {
              "pattern_action": "ANY",
              "pattern_entity": {
                "entity_type": "*",
                "entity_new value": "*",
                "entity_role": "Statement",
                "entity_parent": "null"
              },
              "concrete_change": {
                "operator": "DEL",
                "src_type": "Invocation",
                "dst_type": "null",
                "src": "response.setContentType(org.hisp.dhis.webapi.controller.CONTENT_TYPE_JSON)",
                "dst": "null",
                "src_parent_type": "Block",
                "dst_parent_type": "null",
                "src_parent": "{\n    if (jobType !\u003d null) {\n        java.lang.Object summary \u003d notifier.getJobSummary(org.hisp.dhis.scheduling.JobType.valueOf(jobType.toUpperCase()));\n        handleSummary(response, summary);\n        return;\n    }\n    setNoStore(response);\n    response.setContentType(org.hisp.dhis.webapi.controller.CONTENT_TYPE_JSON);\n}",
                "dst_parent": "null"
              },
              "line": 313,
              "file": "/home/khesoem/projects/lighter/exp/dhis-2/dhis-web/dhis-web-api/src/main/java/org/hisp/dhis/webapi/controller/SystemController.java"
            }
          ]
        }
      ]
    }
  ],
  "complete_analysis": true
}