{
  "instances": [
    {
      "revision": "1424357eaf9ddf0fe9afee2fdf47ffd8745fd184",
      "repairability": [
        {
          "tool-name": "JGenProg",
          "pattern-name": "JGenProg:any_statement_deep",
          "Unified_Diff_of-files:": "Starts Below...",
          "CHANGE_old:": "                    .formatMessage( TrackerErrorCode.E1310, actionRule.getAttribute().get().getAttribute(),",
          "CHANGE_new:": "                    .formatMessage( TrackerErrorCode.E1310, actionRule.getField(),",
          "instance_detail": [
            {
              "pattern_action": "ANY",
              "pattern_entity": {
                "entity_type": "*",
                "entity_new value": "*",
                "entity_role": "*",
                "entity_parent": {
                  "entity_type": "*",
                  "entity_new value": "*",
                  "entity_role": "Statement",
                  "entity_parent": "null"
                }
              },
              "concrete_change": {
                "operator": "UPD",
                "src_type": "Invocation",
                "dst_type": "Invocation",
                "src": "actionRule.getDataValue().get()",
                "dst": "actionRule.getField()",
                "src_parent_type": "Invocation",
                "dst_parent_type": "Invocation",
                "src_parent": "actionRule.getDataValue().get().getDataElement()",
                "dst_parent": "org.hisp.dhis.tracker.report.TrackerReportUtils.formatMessage(TrackerErrorCode.E1308, actionRule.getField(), actionRule.getEvent())"
              },
              "line": 100,
              "file": "/home/khesoem/projects/lighter/exp/dhis-2/dhis-services/dhis-service-tracker/src/main/java/org/hisp/dhis/tracker/programrule/implementers/AssignValueImplementer.java",
              "stats": {
                "number_of_src_entities": 10,
                "number_of_dst_entities": 8,
                "src_entity_types": "[org.hisp.dhis.tracker.programrule.implementers.EventActionRule]",
                "dst_entity_types": "[org.hisp.dhis.tracker.programrule.implementers.EventActionRule]"
              }
            }
          ]
        },
        {
          "tool-name": "JGenProg",
          "pattern-name": "JGenProg:any_statement_deep",
          "Unified_Diff_of-files:": "Starts Below...",
          "CHANGE_old:": "                    .formatMessage( TrackerErrorCode.E1310, actionRule.getAttribute().get().getAttribute(),",
          "CHANGE_new:": "                    .formatMessage( TrackerErrorCode.E1310, actionRule.getField(),",
          "instance_detail": [
            {
              "pattern_action": "ANY",
              "pattern_entity": {
                "entity_type": "*",
                "entity_new value": "*",
                "entity_role": "*",
                "entity_parent": {
                  "entity_type": "*",
                  "entity_new value": "*",
                  "entity_role": "Statement",
                  "entity_parent": "null"
                }
              },
              "concrete_change": {
                "operator": "UPD",
                "src_type": "Invocation",
                "dst_type": "Invocation",
                "src": "actionRule.getDataValue().get()",
                "dst": "actionRule.getField()",
                "src_parent_type": "Invocation",
                "dst_parent_type": "Invocation",
                "src_parent": "actionRule.getDataValue().get().getDataElement()",
                "dst_parent": "org.hisp.dhis.tracker.report.TrackerReportUtils.formatMessage(TrackerErrorCode.E1307, actionRule.getField(), actionRule.getEvent())"
              },
              "line": 107,
              "file": "/home/khesoem/projects/lighter/exp/dhis-2/dhis-services/dhis-service-tracker/src/main/java/org/hisp/dhis/tracker/programrule/implementers/AssignValueImplementer.java",
              "stats": {
                "number_of_src_entities": 10,
                "number_of_dst_entities": 8,
                "src_entity_types": "[org.hisp.dhis.tracker.programrule.implementers.EventActionRule]",
                "dst_entity_types": "[org.hisp.dhis.tracker.programrule.implementers.EventActionRule]"
              }
            }
          ]
        },
        {
          "tool-name": "JGenProg",
          "pattern-name": "JGenProg:any_statement_deep",
          "Unified_Diff_of-files:": "Starts Below...",
          "CHANGE_old:": "                    .formatMessage( TrackerErrorCode.E1310, actionRule.getAttribute().get().getAttribute(),",
          "CHANGE_new:": "                    .formatMessage( TrackerErrorCode.E1310, actionRule.getField(),",
          "instance_detail": [
            {
              "pattern_action": "ANY",
              "pattern_entity": {
                "entity_type": "*",
                "entity_new value": "*",
                "entity_role": "*",
                "entity_parent": {
                  "entity_type": "*",
                  "entity_new value": "*",
                  "entity_role": "Statement",
                  "entity_parent": "null"
                }
              },
              "concrete_change": {
                "operator": "UPD",
                "src_type": "Invocation",
                "dst_type": "Invocation",
                "src": "actionRule.getAttribute().get()",
                "dst": "actionRule.getField()",
                "src_parent_type": "Invocation",
                "dst_parent_type": "Invocation",
                "src_parent": "actionRule.getAttribute().get().getAttribute()",
                "dst_parent": "org.hisp.dhis.tracker.report.TrackerReportUtils.formatMessage(TrackerErrorCode.E1310, actionRule.getField(), actionRule.getEnrollment())"
              },
              "line": 133,
              "file": "/home/khesoem/projects/lighter/exp/dhis-2/dhis-services/dhis-service-tracker/src/main/java/org/hisp/dhis/tracker/programrule/implementers/AssignValueImplementer.java",
              "stats": {
                "number_of_src_entities": 10,
                "number_of_dst_entities": 8,
                "src_entity_types": "[org.hisp.dhis.tracker.programrule.implementers.EnrollmentActionRule]",
                "dst_entity_types": "[org.hisp.dhis.tracker.programrule.implementers.EnrollmentActionRule]"
              }
            }
          ]
        },
        {
          "tool-name": "JGenProg",
          "pattern-name": "JGenProg:any_statement_deep",
          "Unified_Diff_of-files:": "Starts Below...",
          "CHANGE_old:": "                    .formatMessage( TrackerErrorCode.E1310, actionRule.getAttribute().get().getAttribute(),",
          "CHANGE_new:": "                    .formatMessage( TrackerErrorCode.E1310, actionRule.getField(),",
          "instance_detail": [
            {
              "pattern_action": "ANY",
              "pattern_entity": {
                "entity_type": "*",
                "entity_new value": "*",
                "entity_role": "*",
                "entity_parent": {
                  "entity_type": "*",
                  "entity_new value": "*",
                  "entity_role": "Statement",
                  "entity_parent": "null"
                }
              },
              "concrete_change": {
                "operator": "UPD",
                "src_type": "Invocation",
                "dst_type": "Invocation",
                "src": "actionRule.getAttribute().get()",
                "dst": "actionRule.getField()",
                "src_parent_type": "Invocation",
                "dst_parent_type": "Invocation",
                "src_parent": "actionRule.getAttribute().get().getAttribute()",
                "dst_parent": "org.hisp.dhis.tracker.report.TrackerReportUtils.formatMessage(TrackerErrorCode.E1310, actionRule.getField(), actionRule.getEnrollment())"
              },
              "line": 140,
              "file": "/home/khesoem/projects/lighter/exp/dhis-2/dhis-services/dhis-service-tracker/src/main/java/org/hisp/dhis/tracker/programrule/implementers/AssignValueImplementer.java",
              "stats": {
                "number_of_src_entities": 10,
                "number_of_dst_entities": 8,
                "src_entity_types": "[org.hisp.dhis.tracker.programrule.implementers.EnrollmentActionRule]",
                "dst_entity_types": "[org.hisp.dhis.tracker.programrule.implementers.EnrollmentActionRule]"
              }
            }
          ]
        }
      ]
    }
  ],
  "complete_analysis": true
}