{
  "instances": [
    {
      "revision": "0ef132744ed996de456a2507eb0ed3bd805b8cc6",
      "repairability": [
        {
          "tool-name": "JGenProg",
          "pattern-name": "JGenProg:any_statement_shallow",
          "Unified_Diff_of-files:": "Starts Below...",
          "DELETE:": "    /**",
          "instance_detail": [
            {
              "pattern_action": "ANY",
              "pattern_entity": {
                "entity_type": "*",
                "entity_new value": "*",
                "entity_role": "Statement",
                "entity_parent": "null"
              },
              "concrete_change": {
                "operator": "DEL",
                "src_type": "LocalVariable",
                "dst_type": "null",
                "src": "final org.hisp.dhis.period.PeriodType pt \u003d org.hisp.dhis.period.PeriodType.getPeriodTypeByName(periodType)",
                "dst": "null",
                "src_parent_type": "Block",
                "dst_parent_type": "null",
                "src_parent": "{\n    final org.hisp.dhis.period.PeriodType pt \u003d org.hisp.dhis.period.PeriodType.getPeriodTypeByName(periodType);\n    return pt.createPeriod(startDate, calendar).getIsoDate();\n}",
                "dst_parent": "null"
              },
              "line": 59,
              "file": "/home/khesoem/projects/lighter/exp/dhis-2/dhis-services/dhis-service-validation/src/main/java/org/hisp/dhis/outlierdetection/util/OutlierDetectionUtils.java"
            }
          ]
        },
        {
          "tool-name": "JGenProg",
          "pattern-name": "JGenProg:any_statement_shallow",
          "Unified_Diff_of-files:": "Starts Below...",
          "DELETE:": "    /**",
          "instance_detail": [
            {
              "pattern_action": "ANY",
              "pattern_entity": {
                "entity_type": "*",
                "entity_new value": "*",
                "entity_role": "Statement",
                "entity_parent": "null"
              },
              "concrete_change": {
                "operator": "DEL",
                "src_type": "Return",
                "dst_type": "null",
                "src": "return pt.createPeriod(startDate, calendar).getIsoDate()",
                "dst": "null",
                "src_parent_type": "Block",
                "dst_parent_type": "null",
                "src_parent": "{\n    final org.hisp.dhis.period.PeriodType pt \u003d org.hisp.dhis.period.PeriodType.getPeriodTypeByName(periodType);\n    return pt.createPeriod(startDate, calendar).getIsoDate();\n}",
                "dst_parent": "null"
              },
              "line": 60,
              "file": "/home/khesoem/projects/lighter/exp/dhis-2/dhis-services/dhis-service-validation/src/main/java/org/hisp/dhis/outlierdetection/util/OutlierDetectionUtils.java"
            }
          ]
        }
      ]
    }
  ],
  "complete_analysis": true
}