{
  "instances": [
    {
      "revision": "610a453c1676b8d5b172e18f9df8f13570d5f80d",
      "repairability": [
        {
          "tool-name": "JGenProg",
          "pattern-name": "JGenProg:any_statement_deep",
          "Unified_Diff_of-files:": "Starts Below...",
          "CHANGE_old:": "            JettyEmbeddedCoreWeb.getElapsedMsSinceStart() / 1000 ) );",
          "CHANGE_new:": "            (JettyEmbeddedCoreWeb.getElapsedMsSinceStart() / 1000), System.getProperty( \"jetty.http.port\" ) ) );",
          "instance_detail": [
            {
              "pattern_action": "ANY",
              "pattern_entity": {
                "entity_type": "*",
                "entity_new value": "*",
                "entity_role": "*",
                "entity_parent": {
                  "entity_type": "*",
                  "entity_new value": "*",
                  "entity_role": "Statement",
                  "entity_parent": "null"
                }
              },
              "concrete_change": {
                "operator": "DEL",
                "src_type": "TypeAccess",
                "dst_type": "null",
                "src": "org.hisp.dhis.web.embeddedjetty.EmbeddedJettyBase",
                "dst": "null",
                "src_parent_type": "ThisAccess",
                "dst_parent_type": "null",
                "src_parent": "",
                "dst_parent": "null"
              },
              "stats": {
                "number_of_src_entities": 3,
                "number_of_dst_entities": -1,
                "src_entity_types": "[org.hisp.dhis.web.embeddedjetty.EmbeddedJettyBase]",
                "dst_entity_types": "[]"
              }
            }
          ]
        },
        {
          "tool-name": "JGenProg",
          "pattern-name": "JGenProg:any_statement_deep",
          "Unified_Diff_of-files:": "Starts Below...",
          "CHANGE_old:": "            JettyEmbeddedCoreWeb.getElapsedMsSinceStart() / 1000 ) );",
          "CHANGE_new:": "            (JettyEmbeddedCoreWeb.getElapsedMsSinceStart() / 1000), System.getProperty( \"jetty.http.port\" ) ) );",
          "instance_detail": [
            {
              "pattern_action": "ANY",
              "pattern_entity": {
                "entity_type": "*",
                "entity_new value": "*",
                "entity_role": "*",
                "entity_parent": {
                  "entity_type": "*",
                  "entity_new value": "*",
                  "entity_role": "Statement",
                  "entity_parent": "null"
                }
              },
              "concrete_change": {
                "operator": "DEL",
                "src_type": "TypeAccess",
                "dst_type": "null",
                "src": "org.hisp.dhis.web.embeddedjetty.EmbeddedJettyBase",
                "dst": "null",
                "src_parent_type": "ThisAccess",
                "dst_parent_type": "null",
                "src_parent": "",
                "dst_parent": "null"
              },
              "stats": {
                "number_of_src_entities": 3,
                "number_of_dst_entities": -1,
                "src_entity_types": "[org.hisp.dhis.web.embeddedjetty.EmbeddedJettyBase]",
                "dst_entity_types": "[]"
              }
            }
          ]
        },
        {
          "tool-name": "JGenProg",
          "pattern-name": "JGenProg:any_statement_deep",
          "Unified_Diff_of-files:": "Starts Below...",
          "CHANGE_old:": "            JettyEmbeddedCoreWeb.getElapsedMsSinceStart() / 1000 ) );",
          "CHANGE_new:": "            (JettyEmbeddedCoreWeb.getElapsedMsSinceStart() / 1000), System.getProperty( \"jetty.http.port\" ) ) );",
          "instance_detail": [
            {
              "pattern_action": "ANY",
              "pattern_entity": {
                "entity_type": "*",
                "entity_new value": "*",
                "entity_role": "*",
                "entity_parent": {
                  "entity_type": "*",
                  "entity_new value": "*",
                  "entity_role": "Statement",
                  "entity_parent": "null"
                }
              },
              "concrete_change": {
                "operator": "DEL",
                "src_type": "TypeAccess",
                "dst_type": "null",
                "src": "org.hisp.dhis.web.embeddedjetty.EmbeddedJettyBase",
                "dst": "null",
                "src_parent_type": "ThisAccess",
                "dst_parent_type": "null",
                "src_parent": "",
                "dst_parent": "null"
              },
              "stats": {
                "number_of_src_entities": 3,
                "number_of_dst_entities": -1,
                "src_entity_types": "[org.hisp.dhis.web.embeddedjetty.EmbeddedJettyBase]",
                "dst_entity_types": "[]"
              }
            }
          ]
        }
      ]
    }
  ],
  "complete_analysis": true
}