{
  "instances": [
    {
      "revision": "6eb501800b59f993a2df175f644782dc4b87aabb",
      "repairability": [
        {
          "tool-name": "JGenProg",
          "pattern-name": "JGenProg:any_statement_shallow",
          "Unified_Diff_of-files:": "Starts Below...",
          "DELETE:": "",
          "instance_detail": [
            {
              "pattern_action": "ANY",
              "pattern_entity": {
                "entity_type": "*",
                "entity_new value": "*",
                "entity_role": "Statement",
                "entity_parent": "null"
              },
              "concrete_change": {
                "operator": "DEL",
                "src_type": "Assignment",
                "dst_type": "null",
                "src": "schema \u003d schemaService.getDynamicSchema(org.hisp.dhis.dxf2.events.event.Event.class)",
                "dst": "null",
                "src_parent_type": "Block",
                "dst_parent_type": "null",
                "src_parent": "{\n    schema \u003d schemaService.getDynamicSchema(org.hisp.dhis.dxf2.events.event.Event.class);\n}",
                "dst_parent": "null"
              },
              "line": 104,
              "file": "/home/khesoem/projects/lighter/exp/dhis-2/dhis-web-api/src/main/java/org/hisp/dhis/webapi/controller/tracker/export/TrackerEventsExportController.java"
            }
          ]
        },
        {
          "tool-name": "JGenProg",
          "pattern-name": "JGenProg:any_statement_shallow",
          "Unified_Diff_of-files:": "Starts Below...",
          "DELETE:": "",
          "instance_detail": [
            {
              "pattern_action": "ANY",
              "pattern_entity": {
                "entity_type": "*",
                "entity_new value": "*",
                "entity_role": "Statement",
                "entity_parent": "null"
              },
              "concrete_change": {
                "operator": "DEL",
                "src_type": "LocalVariable",
                "dst_type": "null",
                "src": "org.hisp.dhis.dxf2.common.OrderParams op \u003d new org.hisp.dhis.dxf2.common.OrderParams(com.google.common.collect.Sets.newLinkedHashSet(java.util.Arrays.asList(order.split(\",\"))))",
                "dst": "null",
                "src_parent_type": "Block",
                "dst_parent_type": "null",
                "src_parent": "{\n    org.hisp.dhis.dxf2.common.OrderParams op \u003d new org.hisp.dhis.dxf2.common.OrderParams(com.google.common.collect.Sets.newLinkedHashSet(java.util.Arrays.asList(order.split(\",\"))));\n    return op.getOrders(schema);\n}",
                "dst_parent": "null"
              },
              "line": 171,
              "file": "/home/khesoem/projects/lighter/exp/dhis-2/dhis-web-api/src/main/java/org/hisp/dhis/webapi/controller/tracker/export/TrackerEventsExportController.java"
            }
          ]
        },
        {
          "tool-name": "JGenProg",
          "pattern-name": "JGenProg:any_statement_shallow",
          "Unified_Diff_of-files:": "Starts Below...",
          "DELETE:": "",
          "instance_detail": [
            {
              "pattern_action": "ANY",
              "pattern_entity": {
                "entity_type": "*",
                "entity_new value": "*",
                "entity_role": "Statement",
                "entity_parent": "null"
              },
              "concrete_change": {
                "operator": "DEL",
                "src_type": "Return",
                "dst_type": "null",
                "src": "return op.getOrders(schema)",
                "dst": "null",
                "src_parent_type": "Block",
                "dst_parent_type": "null",
                "src_parent": "{\n    org.hisp.dhis.dxf2.common.OrderParams op \u003d new org.hisp.dhis.dxf2.common.OrderParams(com.google.common.collect.Sets.newLinkedHashSet(java.util.Arrays.asList(order.split(\",\"))));\n    return op.getOrders(schema);\n}",
                "dst_parent": "null"
              },
              "line": 172,
              "file": "/home/khesoem/projects/lighter/exp/dhis-2/dhis-web-api/src/main/java/org/hisp/dhis/webapi/controller/tracker/export/TrackerEventsExportController.java"
            }
          ]
        },
        {
          "tool-name": "JGenProg",
          "pattern-name": "JGenProg:any_statement_shallow",
          "Unified_Diff_of-files:": "Starts Below...",
          "DELETE:": "",
          "instance_detail": [
            {
              "pattern_action": "ANY",
              "pattern_entity": {
                "entity_type": "*",
                "entity_new value": "*",
                "entity_role": "Statement",
                "entity_parent": "null"
              },
              "concrete_change": {
                "operator": "DEL",
                "src_type": "If",
                "dst_type": "null",
                "src": "if ((order !\u003d null) \u0026\u0026 (!(org.apache.commons.lang3.StringUtils.isEmpty(order)))) {\n    org.hisp.dhis.dxf2.common.OrderParams op \u003d new org.hisp.dhis.dxf2.common.OrderParams(com.google.common.collect.Sets.newLinkedHashSet(java.util.Arrays.asList(order.split(\",\"))));\n    return op.getOrders(schema);\n}",
                "dst": "null",
                "src_parent_type": "Block",
                "dst_parent_type": "null",
                "src_parent": "{\n    if ((order !\u003d null) \u0026\u0026 (!(org.apache.commons.lang3.StringUtils.isEmpty(order)))) {\n        org.hisp.dhis.dxf2.common.OrderParams op \u003d new org.hisp.dhis.dxf2.common.OrderParams(com.google.common.collect.Sets.newLinkedHashSet(java.util.Arrays.asList(order.split(\",\"))));\n        return op.getOrders(schema);\n    }\n    return null;\n}",
                "dst_parent": "null"
              },
              "line": 169,
              "file": "/home/khesoem/projects/lighter/exp/dhis-2/dhis-web-api/src/main/java/org/hisp/dhis/webapi/controller/tracker/export/TrackerEventsExportController.java"
            }
          ]
        },
        {
          "tool-name": "JGenProg",
          "pattern-name": "JGenProg:any_statement_shallow",
          "Unified_Diff_of-files:": "Starts Below...",
          "DELETE:": "",
          "instance_detail": [
            {
              "pattern_action": "ANY",
              "pattern_entity": {
                "entity_type": "*",
                "entity_new value": "*",
                "entity_role": "Statement",
                "entity_parent": "null"
              },
              "concrete_change": {
                "operator": "DEL",
                "src_type": "Return",
                "dst_type": "null",
                "src": "return null",
                "dst": "null",
                "src_parent_type": "Block",
                "dst_parent_type": "null",
                "src_parent": "{\n    if ((order !\u003d null) \u0026\u0026 (!(org.apache.commons.lang3.StringUtils.isEmpty(order)))) {\n        org.hisp.dhis.dxf2.common.OrderParams op \u003d new org.hisp.dhis.dxf2.common.OrderParams(com.google.common.collect.Sets.newLinkedHashSet(java.util.Arrays.asList(order.split(\",\"))));\n        return op.getOrders(schema);\n    }\n    return null;\n}",
                "dst_parent": "null"
              },
              "line": 175,
              "file": "/home/khesoem/projects/lighter/exp/dhis-2/dhis-web-api/src/main/java/org/hisp/dhis/webapi/controller/tracker/export/TrackerEventsExportController.java"
            }
          ]
        },
        {
          "tool-name": "JGenProg",
          "pattern-name": "JGenProg:any_statement_shallow",
          "Unified_Diff_of-files:": "Starts Below...",
          "DELETE:": "",
          "instance_detail": [
            {
              "pattern_action": "ANY",
              "pattern_entity": {
                "entity_type": "*",
                "entity_new value": "*",
                "entity_role": "Statement",
                "entity_parent": "null"
              },
              "concrete_change": {
                "operator": "DEL",
                "src_type": "LocalVariable",
                "dst_type": "null",
                "src": "java.util.Map\u003cjava.lang.String, java.lang.String\u003e dataElements \u003d new java.util.HashMap\u003c\u003e()",
                "dst": "null",
                "src_parent_type": "Block",
                "dst_parent_type": "null",
                "src_parent": "{\n    java.util.Map\u003cjava.lang.String, java.lang.String\u003e dataElements \u003d new java.util.HashMap\u003c\u003e();\n    if (allOrders !\u003d null) {\n        for (java.lang.String order : org.hisp.dhis.commons.util.TextUtils.splitToArray(allOrders, TextUtils.SEMICOLON)) {\n            java.lang.String[] orderParts \u003d order.split(\":\");\n            org.hisp.dhis.dataelement.DataElement de \u003d dataElementService.getDataElement(orderParts[0]);\n            if (de !\u003d null) {\n                java.lang.String direction \u003d \"asc\";\n                if (((orderParts.length) \u003d\u003d 2) \u0026\u0026 (orderParts[1].equalsIgnoreCase(\"desc\"))) {\n                    direction \u003d \"desc\";\n                }\n                dataElements.put(de.getUid(), direction);\n            }\n        }\n    }\n    return dataElements;\n}",
                "dst_parent": "null"
              },
              "line": 184,
              "file": "/home/khesoem/projects/lighter/exp/dhis-2/dhis-web-api/src/main/java/org/hisp/dhis/webapi/controller/tracker/export/TrackerEventsExportController.java"
            }
          ]
        },
        {
          "tool-name": "JGenProg",
          "pattern-name": "JGenProg:any_statement_shallow",
          "Unified_Diff_of-files:": "Starts Below...",
          "DELETE:": "",
          "instance_detail": [
            {
              "pattern_action": "ANY",
              "pattern_entity": {
                "entity_type": "*",
                "entity_new value": "*",
                "entity_role": "Statement",
                "entity_parent": "null"
              },
              "concrete_change": {
                "operator": "DEL",
                "src_type": "LocalVariable",
                "dst_type": "null",
                "src": "java.lang.String[] orderParts \u003d order.split(\":\")",
                "dst": "null",
                "src_parent_type": "Block",
                "dst_parent_type": "null",
                "src_parent": "{\n    java.lang.String[] orderParts \u003d order.split(\":\");\n    org.hisp.dhis.dataelement.DataElement de \u003d dataElementService.getDataElement(orderParts[0]);\n    if (de !\u003d null) {\n        java.lang.String direction \u003d \"asc\";\n        if (((orderParts.length) \u003d\u003d 2) \u0026\u0026 (orderParts[1].equalsIgnoreCase(\"desc\"))) {\n            direction \u003d \"desc\";\n        }\n        dataElements.put(de.getUid(), direction);\n    }\n}",
                "dst_parent": "null"
              },
              "line": 190,
              "file": "/home/khesoem/projects/lighter/exp/dhis-2/dhis-web-api/src/main/java/org/hisp/dhis/webapi/controller/tracker/export/TrackerEventsExportController.java"
            }
          ]
        },
        {
          "tool-name": "JGenProg",
          "pattern-name": "JGenProg:any_statement_shallow",
          "Unified_Diff_of-files:": "Starts Below...",
          "DELETE:": "",
          "instance_detail": [
            {
              "pattern_action": "ANY",
              "pattern_entity": {
                "entity_type": "*",
                "entity_new value": "*",
                "entity_role": "Statement",
                "entity_parent": "null"
              },
              "concrete_change": {
                "operator": "DEL",
                "src_type": "LocalVariable",
                "dst_type": "null",
                "src": "org.hisp.dhis.dataelement.DataElement de \u003d dataElementService.getDataElement(orderParts[0])",
                "dst": "null",
                "src_parent_type": "Block",
                "dst_parent_type": "null",
                "src_parent": "{\n    java.lang.String[] orderParts \u003d order.split(\":\");\n    org.hisp.dhis.dataelement.DataElement de \u003d dataElementService.getDataElement(orderParts[0]);\n    if (de !\u003d null) {\n        java.lang.String direction \u003d \"asc\";\n        if (((orderParts.length) \u003d\u003d 2) \u0026\u0026 (orderParts[1].equalsIgnoreCase(\"desc\"))) {\n            direction \u003d \"desc\";\n        }\n        dataElements.put(de.getUid(), direction);\n    }\n}",
                "dst_parent": "null"
              },
              "line": 191,
              "file": "/home/khesoem/projects/lighter/exp/dhis-2/dhis-web-api/src/main/java/org/hisp/dhis/webapi/controller/tracker/export/TrackerEventsExportController.java"
            }
          ]
        },
        {
          "tool-name": "JGenProg",
          "pattern-name": "JGenProg:any_statement_shallow",
          "Unified_Diff_of-files:": "Starts Below...",
          "DELETE:": "",
          "instance_detail": [
            {
              "pattern_action": "ANY",
              "pattern_entity": {
                "entity_type": "*",
                "entity_new value": "*",
                "entity_role": "Statement",
                "entity_parent": "null"
              },
              "concrete_change": {
                "operator": "DEL",
                "src_type": "LocalVariable",
                "dst_type": "null",
                "src": "java.lang.String direction \u003d \"asc\"",
                "dst": "null",
                "src_parent_type": "Block",
                "dst_parent_type": "null",
                "src_parent": "{\n    java.lang.String direction \u003d \"asc\";\n    if (((orderParts.length) \u003d\u003d 2) \u0026\u0026 (orderParts[1].equalsIgnoreCase(\"desc\"))) {\n        direction \u003d \"desc\";\n    }\n    dataElements.put(de.getUid(), direction);\n}",
                "dst_parent": "null"
              },
              "line": 194,
              "file": "/home/khesoem/projects/lighter/exp/dhis-2/dhis-web-api/src/main/java/org/hisp/dhis/webapi/controller/tracker/export/TrackerEventsExportController.java"
            }
          ]
        },
        {
          "tool-name": "JGenProg",
          "pattern-name": "JGenProg:any_statement_shallow",
          "Unified_Diff_of-files:": "Starts Below...",
          "DELETE:": "",
          "instance_detail": [
            {
              "pattern_action": "ANY",
              "pattern_entity": {
                "entity_type": "*",
                "entity_new value": "*",
                "entity_role": "Statement",
                "entity_parent": "null"
              },
              "concrete_change": {
                "operator": "DEL",
                "src_type": "Assignment",
                "dst_type": "null",
                "src": "direction \u003d \"desc\"",
                "dst": "null",
                "src_parent_type": "Block",
                "dst_parent_type": "null",
                "src_parent": "{\n    direction \u003d \"desc\";\n}",
                "dst_parent": "null"
              },
              "line": 197,
              "file": "/home/khesoem/projects/lighter/exp/dhis-2/dhis-web-api/src/main/java/org/hisp/dhis/webapi/controller/tracker/export/TrackerEventsExportController.java"
            }
          ]
        },
        {
          "tool-name": "JGenProg",
          "pattern-name": "JGenProg:any_statement_shallow",
          "Unified_Diff_of-files:": "Starts Below...",
          "DELETE:": "",
          "instance_detail": [
            {
              "pattern_action": "ANY",
              "pattern_entity": {
                "entity_type": "*",
                "entity_new value": "*",
                "entity_role": "Statement",
                "entity_parent": "null"
              },
              "concrete_change": {
                "operator": "DEL",
                "src_type": "If",
                "dst_type": "null",
                "src": "if (((orderParts.length) \u003d\u003d 2) \u0026\u0026 (orderParts[1].equalsIgnoreCase(\"desc\"))) {\n    direction \u003d \"desc\";\n}",
                "dst": "null",
                "src_parent_type": "Block",
                "dst_parent_type": "null",
                "src_parent": "{\n    java.lang.String direction \u003d \"asc\";\n    if (((orderParts.length) \u003d\u003d 2) \u0026\u0026 (orderParts[1].equalsIgnoreCase(\"desc\"))) {\n        direction \u003d \"desc\";\n    }\n    dataElements.put(de.getUid(), direction);\n}",
                "dst_parent": "null"
              },
              "line": 195,
              "file": "/home/khesoem/projects/lighter/exp/dhis-2/dhis-web-api/src/main/java/org/hisp/dhis/webapi/controller/tracker/export/TrackerEventsExportController.java"
            }
          ]
        },
        {
          "tool-name": "JGenProg",
          "pattern-name": "JGenProg:any_statement_shallow",
          "Unified_Diff_of-files:": "Starts Below...",
          "DELETE:": "",
          "instance_detail": [
            {
              "pattern_action": "ANY",
              "pattern_entity": {
                "entity_type": "*",
                "entity_new value": "*",
                "entity_role": "Statement",
                "entity_parent": "null"
              },
              "concrete_change": {
                "operator": "DEL",
                "src_type": "Invocation",
                "dst_type": "null",
                "src": "dataElements.put(de.getUid(), direction)",
                "dst": "null",
                "src_parent_type": "Block",
                "dst_parent_type": "null",
                "src_parent": "{\n    java.lang.String direction \u003d \"asc\";\n    if (((orderParts.length) \u003d\u003d 2) \u0026\u0026 (orderParts[1].equalsIgnoreCase(\"desc\"))) {\n        direction \u003d \"desc\";\n    }\n    dataElements.put(de.getUid(), direction);\n}",
                "dst_parent": "null"
              },
              "line": 199,
              "file": "/home/khesoem/projects/lighter/exp/dhis-2/dhis-web-api/src/main/java/org/hisp/dhis/webapi/controller/tracker/export/TrackerEventsExportController.java"
            }
          ]
        },
        {
          "tool-name": "JGenProg",
          "pattern-name": "JGenProg:any_statement_shallow",
          "Unified_Diff_of-files:": "Starts Below...",
          "DELETE:": "",
          "instance_detail": [
            {
              "pattern_action": "ANY",
              "pattern_entity": {
                "entity_type": "*",
                "entity_new value": "*",
                "entity_role": "Statement",
                "entity_parent": "null"
              },
              "concrete_change": {
                "operator": "DEL",
                "src_type": "If",
                "dst_type": "null",
                "src": "if (de !\u003d null) {\n    java.lang.String direction \u003d \"asc\";\n    if (((orderParts.length) \u003d\u003d 2) \u0026\u0026 (orderParts[1].equalsIgnoreCase(\"desc\"))) {\n        direction \u003d \"desc\";\n    }\n    dataElements.put(de.getUid(), direction);\n}",
                "dst": "null",
                "src_parent_type": "Block",
                "dst_parent_type": "null",
                "src_parent": "{\n    java.lang.String[] orderParts \u003d order.split(\":\");\n    org.hisp.dhis.dataelement.DataElement de \u003d dataElementService.getDataElement(orderParts[0]);\n    if (de !\u003d null) {\n        java.lang.String direction \u003d \"asc\";\n        if (((orderParts.length) \u003d\u003d 2) \u0026\u0026 (orderParts[1].equalsIgnoreCase(\"desc\"))) {\n            direction \u003d \"desc\";\n        }\n        dataElements.put(de.getUid(), direction);\n    }\n}",
                "dst_parent": "null"
              },
              "line": 192,
              "file": "/home/khesoem/projects/lighter/exp/dhis-2/dhis-web-api/src/main/java/org/hisp/dhis/webapi/controller/tracker/export/TrackerEventsExportController.java"
            }
          ]
        },
        {
          "tool-name": "JGenProg",
          "pattern-name": "JGenProg:any_statement_shallow",
          "Unified_Diff_of-files:": "Starts Below...",
          "DELETE:": "",
          "instance_detail": [
            {
              "pattern_action": "ANY",
              "pattern_entity": {
                "entity_type": "*",
                "entity_new value": "*",
                "entity_role": "Statement",
                "entity_parent": "null"
              },
              "concrete_change": {
                "operator": "DEL",
                "src_type": "ForEach",
                "dst_type": "null",
                "src": "for (java.lang.String order : org.hisp.dhis.commons.util.TextUtils.splitToArray(allOrders, TextUtils.SEMICOLON)) {\n    java.lang.String[] orderParts \u003d order.split(\":\");\n    org.hisp.dhis.dataelement.DataElement de \u003d dataElementService.getDataElement(orderParts[0]);\n    if (de !\u003d null) {\n        java.lang.String direction \u003d \"asc\";\n        if (((orderParts.length) \u003d\u003d 2) \u0026\u0026 (orderParts[1].equalsIgnoreCase(\"desc\"))) {\n            direction \u003d \"desc\";\n        }\n        dataElements.put(de.getUid(), direction);\n    }\n}",
                "dst": "null",
                "src_parent_type": "Block",
                "dst_parent_type": "null",
                "src_parent": "{\n    for (java.lang.String order : org.hisp.dhis.commons.util.TextUtils.splitToArray(allOrders, TextUtils.SEMICOLON)) {\n        java.lang.String[] orderParts \u003d order.split(\":\");\n        org.hisp.dhis.dataelement.DataElement de \u003d dataElementService.getDataElement(orderParts[0]);\n        if (de !\u003d null) {\n            java.lang.String direction \u003d \"asc\";\n            if (((orderParts.length) \u003d\u003d 2) \u0026\u0026 (orderParts[1].equalsIgnoreCase(\"desc\"))) {\n                direction \u003d \"desc\";\n            }\n            dataElements.put(de.getUid(), direction);\n        }\n    }\n}",
                "dst_parent": "null"
              },
              "line": 188,
              "file": "/home/khesoem/projects/lighter/exp/dhis-2/dhis-web-api/src/main/java/org/hisp/dhis/webapi/controller/tracker/export/TrackerEventsExportController.java"
            }
          ]
        },
        {
          "tool-name": "JGenProg",
          "pattern-name": "JGenProg:any_statement_shallow",
          "Unified_Diff_of-files:": "Starts Below...",
          "DELETE:": "",
          "instance_detail": [
            {
              "pattern_action": "ANY",
              "pattern_entity": {
                "entity_type": "*",
                "entity_new value": "*",
                "entity_role": "Statement",
                "entity_parent": "null"
              },
              "concrete_change": {
                "operator": "DEL",
                "src_type": "If",
                "dst_type": "null",
                "src": "if (allOrders !\u003d null) {\n    for (java.lang.String order : org.hisp.dhis.commons.util.TextUtils.splitToArray(allOrders, TextUtils.SEMICOLON)) {\n        java.lang.String[] orderParts \u003d order.split(\":\");\n        org.hisp.dhis.dataelement.DataElement de \u003d dataElementService.getDataElement(orderParts[0]);\n        if (de !\u003d null) {\n            java.lang.String direction \u003d \"asc\";\n            if (((orderParts.length) \u003d\u003d 2) \u0026\u0026 (orderParts[1].equalsIgnoreCase(\"desc\"))) {\n                direction \u003d \"desc\";\n            }\n            dataElements.put(de.getUid(), direction);\n        }\n    }\n}",
                "dst": "null",
                "src_parent_type": "Block",
                "dst_parent_type": "null",
                "src_parent": "{\n    java.util.Map\u003cjava.lang.String, java.lang.String\u003e dataElements \u003d new java.util.HashMap\u003c\u003e();\n    if (allOrders !\u003d null) {\n        for (java.lang.String order : org.hisp.dhis.commons.util.TextUtils.splitToArray(allOrders, TextUtils.SEMICOLON)) {\n            java.lang.String[] orderParts \u003d order.split(\":\");\n            org.hisp.dhis.dataelement.DataElement de \u003d dataElementService.getDataElement(orderParts[0]);\n            if (de !\u003d null) {\n                java.lang.String direction \u003d \"asc\";\n                if (((orderParts.length) \u003d\u003d 2) \u0026\u0026 (orderParts[1].equalsIgnoreCase(\"desc\"))) {\n                    direction \u003d \"desc\";\n                }\n                dataElements.put(de.getUid(), direction);\n            }\n        }\n    }\n    return dataElements;\n}",
                "dst_parent": "null"
              },
              "line": 186,
              "file": "/home/khesoem/projects/lighter/exp/dhis-2/dhis-web-api/src/main/java/org/hisp/dhis/webapi/controller/tracker/export/TrackerEventsExportController.java"
            }
          ]
        },
        {
          "tool-name": "JGenProg",
          "pattern-name": "JGenProg:any_statement_shallow",
          "Unified_Diff_of-files:": "Starts Below...",
          "DELETE:": "",
          "instance_detail": [
            {
              "pattern_action": "ANY",
              "pattern_entity": {
                "entity_type": "*",
                "entity_new value": "*",
                "entity_role": "Statement",
                "entity_parent": "null"
              },
              "concrete_change": {
                "operator": "DEL",
                "src_type": "Return",
                "dst_type": "null",
                "src": "return dataElements",
                "dst": "null",
                "src_parent_type": "Block",
                "dst_parent_type": "null",
                "src_parent": "{\n    java.util.Map\u003cjava.lang.String, java.lang.String\u003e dataElements \u003d new java.util.HashMap\u003c\u003e();\n    if (allOrders !\u003d null) {\n        for (java.lang.String order : org.hisp.dhis.commons.util.TextUtils.splitToArray(allOrders, TextUtils.SEMICOLON)) {\n            java.lang.String[] orderParts \u003d order.split(\":\");\n            org.hisp.dhis.dataelement.DataElement de \u003d dataElementService.getDataElement(orderParts[0]);\n            if (de !\u003d null) {\n                java.lang.String direction \u003d \"asc\";\n                if (((orderParts.length) \u003d\u003d 2) \u0026\u0026 (orderParts[1].equalsIgnoreCase(\"desc\"))) {\n                    direction \u003d \"desc\";\n                }\n                dataElements.put(de.getUid(), direction);\n            }\n        }\n    }\n    return dataElements;\n}",
                "dst_parent": "null"
              },
              "line": 203,
              "file": "/home/khesoem/projects/lighter/exp/dhis-2/dhis-web-api/src/main/java/org/hisp/dhis/webapi/controller/tracker/export/TrackerEventsExportController.java"
            }
          ]
        },
        {
          "tool-name": "JGenProg",
          "pattern-name": "JGenProg:any_statement_shallow",
          "Unified_Diff_of-files:": "Starts Below...",
          "DELETE:": "",
          "instance_detail": [
            {
              "pattern_action": "ANY",
              "pattern_entity": {
                "entity_type": "*",
                "entity_new value": "*",
                "entity_role": "Statement",
                "entity_parent": "null"
              },
              "concrete_change": {
                "operator": "DEL",
                "src_type": "LocalVariable",
                "dst_type": "null",
                "src": "java.util.List\u003cjava.lang.String\u003e dataElementOrderList \u003d new java.util.ArrayList\u003c\u003e()",
                "dst": "null",
                "src_parent_type": "Block",
                "dst_parent_type": "null",
                "src_parent": "{\n    java.util.List\u003cjava.lang.String\u003e dataElementOrderList \u003d new java.util.ArrayList\u003c\u003e();\n    if (((!(org.apache.commons.lang3.StringUtils.isEmpty(order))) \u0026\u0026 (dataElementOrders !\u003d null)) \u0026\u0026 ((dataElementOrders.size()) \u003e 0)) {\n        java.lang.String[] orders \u003d order.split(\";\");\n        for (java.lang.String orderItem : orders) {\n            java.lang.String dataElementCandidate \u003d orderItem.split(\":\")[0];\n            if (dataElementOrders.containsKey(dataElementCandidate)) {\n                dataElementOrderList.add(((dataElementCandidate + \":\") + (dataElementOrders.get(dataElementCandidate))));\n            }\n        }\n    }\n    return dataElementOrderList;\n}",
                "dst_parent": "null"
              },
              "line": 208,
              "file": "/home/khesoem/projects/lighter/exp/dhis-2/dhis-web-api/src/main/java/org/hisp/dhis/webapi/controller/tracker/export/TrackerEventsExportController.java"
            }
          ]
        },
        {
          "tool-name": "JGenProg",
          "pattern-name": "JGenProg:any_statement_shallow",
          "Unified_Diff_of-files:": "Starts Below...",
          "DELETE:": "",
          "instance_detail": [
            {
              "pattern_action": "ANY",
              "pattern_entity": {
                "entity_type": "*",
                "entity_new value": "*",
                "entity_role": "Statement",
                "entity_parent": "null"
              },
              "concrete_change": {
                "operator": "DEL",
                "src_type": "LocalVariable",
                "dst_type": "null",
                "src": "java.lang.String[] orders \u003d order.split(\";\")",
                "dst": "null",
                "src_parent_type": "Block",
                "dst_parent_type": "null",
                "src_parent": "{\n    java.lang.String[] orders \u003d order.split(\";\");\n    for (java.lang.String orderItem : orders) {\n        java.lang.String dataElementCandidate \u003d orderItem.split(\":\")[0];\n        if (dataElementOrders.containsKey(dataElementCandidate)) {\n            dataElementOrderList.add(((dataElementCandidate + \":\") + (dataElementOrders.get(dataElementCandidate))));\n        }\n    }\n}",
                "dst_parent": "null"
              },
              "line": 212,
              "file": "/home/khesoem/projects/lighter/exp/dhis-2/dhis-web-api/src/main/java/org/hisp/dhis/webapi/controller/tracker/export/TrackerEventsExportController.java"
            }
          ]
        },
        {
          "tool-name": "JGenProg",
          "pattern-name": "JGenProg:any_statement_shallow",
          "Unified_Diff_of-files:": "Starts Below...",
          "DELETE:": "",
          "instance_detail": [
            {
              "pattern_action": "ANY",
              "pattern_entity": {
                "entity_type": "*",
                "entity_new value": "*",
                "entity_role": "Statement",
                "entity_parent": "null"
              },
              "concrete_change": {
                "operator": "DEL",
                "src_type": "LocalVariable",
                "dst_type": "null",
                "src": "java.lang.String dataElementCandidate \u003d orderItem.split(\":\")[0]",
                "dst": "null",
                "src_parent_type": "Block",
                "dst_parent_type": "null",
                "src_parent": "{\n    java.lang.String dataElementCandidate \u003d orderItem.split(\":\")[0];\n    if (dataElementOrders.containsKey(dataElementCandidate)) {\n        dataElementOrderList.add(((dataElementCandidate + \":\") + (dataElementOrders.get(dataElementCandidate))));\n    }\n}",
                "dst_parent": "null"
              },
              "line": 216,
              "file": "/home/khesoem/projects/lighter/exp/dhis-2/dhis-web-api/src/main/java/org/hisp/dhis/webapi/controller/tracker/export/TrackerEventsExportController.java"
            }
          ]
        },
        {
          "tool-name": "JGenProg",
          "pattern-name": "JGenProg:any_statement_shallow",
          "Unified_Diff_of-files:": "Starts Below...",
          "DELETE:": "",
          "instance_detail": [
            {
              "pattern_action": "ANY",
              "pattern_entity": {
                "entity_type": "*",
                "entity_new value": "*",
                "entity_role": "Statement",
                "entity_parent": "null"
              },
              "concrete_change": {
                "operator": "DEL",
                "src_type": "Invocation",
                "dst_type": "null",
                "src": "dataElementOrderList.add(((dataElementCandidate + \":\") + (dataElementOrders.get(dataElementCandidate))))",
                "dst": "null",
                "src_parent_type": "Block",
                "dst_parent_type": "null",
                "src_parent": "{\n    dataElementOrderList.add(((dataElementCandidate + \":\") + (dataElementOrders.get(dataElementCandidate))));\n}",
                "dst_parent": "null"
              },
              "line": 219,
              "file": "/home/khesoem/projects/lighter/exp/dhis-2/dhis-web-api/src/main/java/org/hisp/dhis/webapi/controller/tracker/export/TrackerEventsExportController.java"
            }
          ]
        },
        {
          "tool-name": "JGenProg",
          "pattern-name": "JGenProg:any_statement_shallow",
          "Unified_Diff_of-files:": "Starts Below...",
          "DELETE:": "",
          "instance_detail": [
            {
              "pattern_action": "ANY",
              "pattern_entity": {
                "entity_type": "*",
                "entity_new value": "*",
                "entity_role": "Statement",
                "entity_parent": "null"
              },
              "concrete_change": {
                "operator": "DEL",
                "src_type": "If",
                "dst_type": "null",
                "src": "if (dataElementOrders.containsKey(dataElementCandidate)) {\n    dataElementOrderList.add(((dataElementCandidate + \":\") + (dataElementOrders.get(dataElementCandidate))));\n}",
                "dst": "null",
                "src_parent_type": "Block",
                "dst_parent_type": "null",
                "src_parent": "{\n    java.lang.String dataElementCandidate \u003d orderItem.split(\":\")[0];\n    if (dataElementOrders.containsKey(dataElementCandidate)) {\n        dataElementOrderList.add(((dataElementCandidate + \":\") + (dataElementOrders.get(dataElementCandidate))));\n    }\n}",
                "dst_parent": "null"
              },
              "line": 217,
              "file": "/home/khesoem/projects/lighter/exp/dhis-2/dhis-web-api/src/main/java/org/hisp/dhis/webapi/controller/tracker/export/TrackerEventsExportController.java"
            }
          ]
        },
        {
          "tool-name": "JGenProg",
          "pattern-name": "JGenProg:any_statement_shallow",
          "Unified_Diff_of-files:": "Starts Below...",
          "DELETE:": "",
          "instance_detail": [
            {
              "pattern_action": "ANY",
              "pattern_entity": {
                "entity_type": "*",
                "entity_new value": "*",
                "entity_role": "Statement",
                "entity_parent": "null"
              },
              "concrete_change": {
                "operator": "DEL",
                "src_type": "ForEach",
                "dst_type": "null",
                "src": "for (java.lang.String orderItem : orders) {\n    java.lang.String dataElementCandidate \u003d orderItem.split(\":\")[0];\n    if (dataElementOrders.containsKey(dataElementCandidate)) {\n        dataElementOrderList.add(((dataElementCandidate + \":\") + (dataElementOrders.get(dataElementCandidate))));\n    }\n}",
                "dst": "null",
                "src_parent_type": "Block",
                "dst_parent_type": "null",
                "src_parent": "{\n    java.lang.String[] orders \u003d order.split(\";\");\n    for (java.lang.String orderItem : orders) {\n        java.lang.String dataElementCandidate \u003d orderItem.split(\":\")[0];\n        if (dataElementOrders.containsKey(dataElementCandidate)) {\n            dataElementOrderList.add(((dataElementCandidate + \":\") + (dataElementOrders.get(dataElementCandidate))));\n        }\n    }\n}",
                "dst_parent": "null"
              },
              "line": 214,
              "file": "/home/khesoem/projects/lighter/exp/dhis-2/dhis-web-api/src/main/java/org/hisp/dhis/webapi/controller/tracker/export/TrackerEventsExportController.java"
            }
          ]
        },
        {
          "tool-name": "JGenProg",
          "pattern-name": "JGenProg:any_statement_shallow",
          "Unified_Diff_of-files:": "Starts Below...",
          "DELETE:": "",
          "instance_detail": [
            {
              "pattern_action": "ANY",
              "pattern_entity": {
                "entity_type": "*",
                "entity_new value": "*",
                "entity_role": "Statement",
                "entity_parent": "null"
              },
              "concrete_change": {
                "operator": "DEL",
                "src_type": "If",
                "dst_type": "null",
                "src": "if (((!(org.apache.commons.lang3.StringUtils.isEmpty(order))) \u0026\u0026 (dataElementOrders !\u003d null)) \u0026\u0026 ((dataElementOrders.size()) \u003e 0)) {\n    java.lang.String[] orders \u003d order.split(\";\");\n    for (java.lang.String orderItem : orders) {\n        java.lang.String dataElementCandidate \u003d orderItem.split(\":\")[0];\n        if (dataElementOrders.containsKey(dataElementCandidate)) {\n            dataElementOrderList.add(((dataElementCandidate + \":\") + (dataElementOrders.get(dataElementCandidate))));\n        }\n    }\n}",
                "dst": "null",
                "src_parent_type": "Block",
                "dst_parent_type": "null",
                "src_parent": "{\n    java.util.List\u003cjava.lang.String\u003e dataElementOrderList \u003d new java.util.ArrayList\u003c\u003e();\n    if (((!(org.apache.commons.lang3.StringUtils.isEmpty(order))) \u0026\u0026 (dataElementOrders !\u003d null)) \u0026\u0026 ((dataElementOrders.size()) \u003e 0)) {\n        java.lang.String[] orders \u003d order.split(\";\");\n        for (java.lang.String orderItem : orders) {\n            java.lang.String dataElementCandidate \u003d orderItem.split(\":\")[0];\n            if (dataElementOrders.containsKey(dataElementCandidate)) {\n                dataElementOrderList.add(((dataElementCandidate + \":\") + (dataElementOrders.get(dataElementCandidate))));\n            }\n        }\n    }\n    return dataElementOrderList;\n}",
                "dst_parent": "null"
              },
              "line": 210,
              "file": "/home/khesoem/projects/lighter/exp/dhis-2/dhis-web-api/src/main/java/org/hisp/dhis/webapi/controller/tracker/export/TrackerEventsExportController.java"
            }
          ]
        },
        {
          "tool-name": "JGenProg",
          "pattern-name": "JGenProg:any_statement_shallow",
          "Unified_Diff_of-files:": "Starts Below...",
          "DELETE:": "",
          "instance_detail": [
            {
              "pattern_action": "ANY",
              "pattern_entity": {
                "entity_type": "*",
                "entity_new value": "*",
                "entity_role": "Statement",
                "entity_parent": "null"
              },
              "concrete_change": {
                "operator": "DEL",
                "src_type": "Return",
                "dst_type": "null",
                "src": "return dataElementOrderList",
                "dst": "null",
                "src_parent_type": "Block",
                "dst_parent_type": "null",
                "src_parent": "{\n    java.util.List\u003cjava.lang.String\u003e dataElementOrderList \u003d new java.util.ArrayList\u003c\u003e();\n    if (((!(org.apache.commons.lang3.StringUtils.isEmpty(order))) \u0026\u0026 (dataElementOrders !\u003d null)) \u0026\u0026 ((dataElementOrders.size()) \u003e 0)) {\n        java.lang.String[] orders \u003d order.split(\";\");\n        for (java.lang.String orderItem : orders) {\n            java.lang.String dataElementCandidate \u003d orderItem.split(\":\")[0];\n            if (dataElementOrders.containsKey(dataElementCandidate)) {\n                dataElementOrderList.add(((dataElementCandidate + \":\") + (dataElementOrders.get(dataElementCandidate))));\n            }\n        }\n    }\n    return dataElementOrderList;\n}",
                "dst_parent": "null"
              },
              "line": 225,
              "file": "/home/khesoem/projects/lighter/exp/dhis-2/dhis-web-api/src/main/java/org/hisp/dhis/webapi/controller/tracker/export/TrackerEventsExportController.java"
            }
          ]
        }
      ]
    },
    {
      "revision": "6eb501800b59f993a2df175f644782dc4b87aabb",
      "repairability": [
        {
          "tool-name": "JGenProg",
          "pattern-name": "JGenProg:any_statement_shallow",
          "Unified_Diff_of-files:": "Starts Below...",
          "DELETE:": "",
          "instance_detail": [
            {
              "pattern_action": "ANY",
              "pattern_entity": {
                "entity_type": "*",
                "entity_new value": "*",
                "entity_role": "Statement",
                "entity_parent": "null"
              },
              "concrete_change": {
                "operator": "DEL",
                "src_type": "OperatorAssignment",
                "dst_type": "null",
                "src": "hql +\u003d \" order by \" + (params.getOrder().stream().map(( orderParam) -\u003e ((orderParam.getField()) + \" \") + (orderParam.getDirection().isAscending() ? \"asc\" : \"desc\")).collect(java.util.stream.Collectors.joining(\", \")))",
                "dst": "null",
                "src_parent_type": "Block",
                "dst_parent_type": "null",
                "src_parent": "{\n    hql +\u003d \" order by \" + (params.getOrder().stream().map(( orderParam) -\u003e ((orderParam.getField()) + \" \") + (orderParam.getDirection().isAscending() ? \"asc\" : \"desc\")).collect(java.util.stream.Collectors.joining(\", \")));\n}",
                "dst_parent": "null"
              },
              "line": 213,
              "file": "/home/khesoem/projects/lighter/exp/dhis-2/dhis-services/dhis-service-core/src/main/java/org/hisp/dhis/program/hibernate/HibernateProgramInstanceStore.java",
              "stats": {
                "number_of_src_entities": 81,
                "number_of_dst_entities": -1,
                "src_entity_types": "[java.util.stream.Collectors, java.lang.String, org.hisp.dhis.program.hibernate.orderParam, org.hisp.dhis.program.ProgramInstanceQueryParams]",
                "dst_entity_types": "[]"
              }
            }
          ]
        }
      ]
    }
  ],
  "complete_analysis": true
}