{
  "instances": [
    {
      "revision": "7d032be663a1d9444d4bc1dbf3bc20ff0f861ec1",
      "repairability": [
        {
          "tool-name": "JGenProg",
          "pattern-name": "JGenProg:any_statement_shallow",
          "Unified_Diff_of-files:": "Starts Below...",
          "DELETE:": "    /**",
          "instance_detail": [
            {
              "pattern_action": "ANY",
              "pattern_entity": {
                "entity_type": "*",
                "entity_new value": "*",
                "entity_role": "Statement",
                "entity_parent": "null"
              },
              "concrete_change": {
                "operator": "DEL",
                "src_type": "Return",
                "dst_type": "null",
                "src": "return bundle.getResolvedStrategyMap().get(TrackerType.EVENT).get(event.getEvent())",
                "dst": "null",
                "src_parent_type": "Block",
                "dst_parent_type": "null",
                "src_parent": "{\n    return bundle.getResolvedStrategyMap().get(TrackerType.EVENT).get(event.getEvent());\n}",
                "dst_parent": "null"
              },
              "line": 95,
              "file": "/home/khesoem/projects/lighter/exp/dhis-2/dhis-services/dhis-service-tracker/src/main/java/org/hisp/dhis/tracker/validation/TrackerImportValidationContext.java"
            }
          ]
        },
        {
          "tool-name": "JGenProg",
          "pattern-name": "JGenProg:any_statement_shallow",
          "Unified_Diff_of-files:": "Starts Below...",
          "DELETE:": "    /**",
          "instance_detail": [
            {
              "pattern_action": "ANY",
              "pattern_entity": {
                "entity_type": "*",
                "entity_new value": "*",
                "entity_role": "Statement",
                "entity_parent": "null"
              },
              "concrete_change": {
                "operator": "DEL",
                "src_type": "Return",
                "dst_type": "null",
                "src": "return bundle.getResolvedStrategyMap().get(TrackerType.TRACKED_ENTITY).get(tei.getTrackedEntity())",
                "dst": "null",
                "src_parent_type": "Block",
                "dst_parent_type": "null",
                "src_parent": "{\n    return bundle.getResolvedStrategyMap().get(TrackerType.TRACKED_ENTITY).get(tei.getTrackedEntity());\n}",
                "dst_parent": "null"
              },
              "line": 100,
              "file": "/home/khesoem/projects/lighter/exp/dhis-2/dhis-services/dhis-service-tracker/src/main/java/org/hisp/dhis/tracker/validation/TrackerImportValidationContext.java"
            }
          ]
        },
        {
          "tool-name": "JGenProg",
          "pattern-name": "JGenProg:any_statement_shallow",
          "Unified_Diff_of-files:": "Starts Below...",
          "DELETE:": "    /**",
          "instance_detail": [
            {
              "pattern_action": "ANY",
              "pattern_entity": {
                "entity_type": "*",
                "entity_new value": "*",
                "entity_role": "Statement",
                "entity_parent": "null"
              },
              "concrete_change": {
                "operator": "DEL",
                "src_type": "Return",
                "dst_type": "null",
                "src": "return bundle.getResolvedStrategyMap().get(trackerType).get(dto.getUid())",
                "dst": "null",
                "src_parent_type": "Block",
                "dst_parent_type": "null",
                "src_parent": "{\n    return bundle.getResolvedStrategyMap().get(trackerType).get(dto.getUid());\n}",
                "dst_parent": "null"
              },
              "line": 105,
              "file": "/home/khesoem/projects/lighter/exp/dhis-2/dhis-services/dhis-service-tracker/src/main/java/org/hisp/dhis/tracker/validation/TrackerImportValidationContext.java"
            }
          ]
        }
      ]
    },
    {
      "revision": "7d032be663a1d9444d4bc1dbf3bc20ff0f861ec1",
      "repairability": [
        {
          "tool-name": "JGenProg",
          "pattern-name": "JGenProg:any_statement_shallow",
          "Unified_Diff_of-files:": "Starts Below...",
          "DELETE:": "    /**",
          "instance_detail": [
            {
              "pattern_action": "ANY",
              "pattern_entity": {
                "entity_type": "*",
                "entity_new value": "*",
                "entity_role": "Statement",
                "entity_parent": "null"
              },
              "concrete_change": {
                "operator": "DEL",
                "src_type": "Return",
                "dst_type": "null",
                "src": "return this.getResolvedStrategyMap().get(TrackerType.RELATIONSHIP).put(relationship.getUid(), strategy)",
                "dst": "null",
                "src_parent_type": "Block",
                "dst_parent_type": "null",
                "src_parent": "{\n    return this.getResolvedStrategyMap().get(TrackerType.RELATIONSHIP).put(relationship.getUid(), strategy);\n}",
                "dst_parent": "null"
              },
              "line": 219,
              "file": "/home/khesoem/projects/lighter/exp/dhis-2/dhis-services/dhis-service-tracker/src/main/java/org/hisp/dhis/tracker/bundle/TrackerBundle.java"
            }
          ]
        },
        {
          "tool-name": "JGenProg",
          "pattern-name": "JGenProg:any_statement_shallow",
          "Unified_Diff_of-files:": "Starts Below...",
          "DELETE:": "    /**",
          "instance_detail": [
            {
              "pattern_action": "ANY",
              "pattern_entity": {
                "entity_type": "*",
                "entity_new value": "*",
                "entity_role": "Statement",
                "entity_parent": "null"
              },
              "concrete_change": {
                "operator": "DEL",
                "src_type": "Return",
                "dst_type": "null",
                "src": "return this.getResolvedStrategyMap().get(TrackerType.EVENT).put(event.getUid(), strategy)",
                "dst": "null",
                "src_parent_type": "Block",
                "dst_parent_type": "null",
                "src_parent": "{\n    return this.getResolvedStrategyMap().get(TrackerType.EVENT).put(event.getUid(), strategy);\n}",
                "dst_parent": "null"
              },
              "line": 224,
              "file": "/home/khesoem/projects/lighter/exp/dhis-2/dhis-services/dhis-service-tracker/src/main/java/org/hisp/dhis/tracker/bundle/TrackerBundle.java"
            }
          ]
        },
        {
          "tool-name": "JGenProg",
          "pattern-name": "JGenProg:any_statement_shallow",
          "Unified_Diff_of-files:": "Starts Below...",
          "DELETE:": "    /**",
          "instance_detail": [
            {
              "pattern_action": "ANY",
              "pattern_entity": {
                "entity_type": "*",
                "entity_new value": "*",
                "entity_role": "Statement",
                "entity_parent": "null"
              },
              "concrete_change": {
                "operator": "DEL",
                "src_type": "Return",
                "dst_type": "null",
                "src": "return this.getResolvedStrategyMap().get(TrackerType.ENROLLMENT).put(enrollment.getUid(), strategy)",
                "dst": "null",
                "src_parent_type": "Block",
                "dst_parent_type": "null",
                "src_parent": "{\n    return this.getResolvedStrategyMap().get(TrackerType.ENROLLMENT).put(enrollment.getUid(), strategy);\n}",
                "dst_parent": "null"
              },
              "line": 229,
              "file": "/home/khesoem/projects/lighter/exp/dhis-2/dhis-services/dhis-service-tracker/src/main/java/org/hisp/dhis/tracker/bundle/TrackerBundle.java"
            }
          ]
        }
      ]
    },
    {
      "revision": "7d032be663a1d9444d4bc1dbf3bc20ff0f861ec1",
      "repairability": [
        {
          "tool-name": "JGenProg",
          "pattern-name": "JGenProg:any_statement_shallow",
          "Unified_Diff_of-files:": "Starts Below...",
          "DELETE:": "    /**",
          "instance_detail": [
            {
              "pattern_action": "ANY",
              "pattern_entity": {
                "entity_type": "*",
                "entity_new value": "*",
                "entity_role": "Statement",
                "entity_parent": "null"
              },
              "concrete_change": {
                "operator": "DEL",
                "src_type": "LocalVariable",
                "dst_type": "null",
                "src": "org.hisp.dhis.tracker.bundle.TrackerBundle bundle \u003d reporter.getValidationContext().getBundle()",
                "dst": "null",
                "src_parent_type": "Block",
                "dst_parent_type": "null",
                "src_parent": "{\n    org.hisp.dhis.tracker.bundle.TrackerBundle bundle \u003d reporter.getValidationContext().getBundle();\n    org.hisp.dhis.user.User user \u003d bundle.getUser();\n    checkNotNull(user, org.hisp.dhis.tracker.validation.service.USER_CANT_BE_NULL);\n    checkNotNull(orgUnit, org.hisp.dhis.tracker.validation.service.ORGANISATION_UNIT_CANT_BE_NULL);\n    if (!(organisationUnitService.isInUserSearchHierarchyCached(user, orgUnit))) {\n        reporter.addError(newReport(TrackerErrorCode.E1093).addArg(user).addArg(orgUnit));\n    }\n}",
                "dst_parent": "null"
              },
              "line": 77,
              "file": "/home/khesoem/projects/lighter/exp/dhis-2/dhis-services/dhis-service-tracker/src/main/java/org/hisp/dhis/tracker/validation/service/DefaultTrackerImportAccessManager.java"
            }
          ]
        },
        {
          "tool-name": "JGenProg",
          "pattern-name": "JGenProg:any_statement_shallow",
          "Unified_Diff_of-files:": "Starts Below...",
          "DELETE:": "    /**",
          "instance_detail": [
            {
              "pattern_action": "ANY",
              "pattern_entity": {
                "entity_type": "*",
                "entity_new value": "*",
                "entity_role": "Statement",
                "entity_parent": "null"
              },
              "concrete_change": {
                "operator": "DEL",
                "src_type": "LocalVariable",
                "dst_type": "null",
                "src": "org.hisp.dhis.user.User user \u003d bundle.getUser()",
                "dst": "null",
                "src_parent_type": "Block",
                "dst_parent_type": "null",
                "src_parent": "{\n    org.hisp.dhis.tracker.bundle.TrackerBundle bundle \u003d reporter.getValidationContext().getBundle();\n    org.hisp.dhis.user.User user \u003d bundle.getUser();\n    checkNotNull(user, org.hisp.dhis.tracker.validation.service.USER_CANT_BE_NULL);\n    checkNotNull(orgUnit, org.hisp.dhis.tracker.validation.service.ORGANISATION_UNIT_CANT_BE_NULL);\n    if (!(organisationUnitService.isInUserSearchHierarchyCached(user, orgUnit))) {\n        reporter.addError(newReport(TrackerErrorCode.E1093).addArg(user).addArg(orgUnit));\n    }\n}",
                "dst_parent": "null"
              },
              "line": 78,
              "file": "/home/khesoem/projects/lighter/exp/dhis-2/dhis-services/dhis-service-tracker/src/main/java/org/hisp/dhis/tracker/validation/service/DefaultTrackerImportAccessManager.java"
            }
          ]
        },
        {
          "tool-name": "JGenProg",
          "pattern-name": "JGenProg:any_statement_shallow",
          "Unified_Diff_of-files:": "Starts Below...",
          "DELETE:": "    /**",
          "instance_detail": [
            {
              "pattern_action": "ANY",
              "pattern_entity": {
                "entity_type": "*",
                "entity_new value": "*",
                "entity_role": "Statement",
                "entity_parent": "null"
              },
              "concrete_change": {
                "operator": "DEL",
                "src_type": "Invocation",
                "dst_type": "null",
                "src": "checkNotNull(user, org.hisp.dhis.tracker.validation.service.USER_CANT_BE_NULL)",
                "dst": "null",
                "src_parent_type": "Block",
                "dst_parent_type": "null",
                "src_parent": "{\n    org.hisp.dhis.tracker.bundle.TrackerBundle bundle \u003d reporter.getValidationContext().getBundle();\n    org.hisp.dhis.user.User user \u003d bundle.getUser();\n    checkNotNull(user, org.hisp.dhis.tracker.validation.service.USER_CANT_BE_NULL);\n    checkNotNull(orgUnit, org.hisp.dhis.tracker.validation.service.ORGANISATION_UNIT_CANT_BE_NULL);\n    if (!(organisationUnitService.isInUserSearchHierarchyCached(user, orgUnit))) {\n        reporter.addError(newReport(TrackerErrorCode.E1093).addArg(user).addArg(orgUnit));\n    }\n}",
                "dst_parent": "null"
              },
              "line": 80,
              "file": "/home/khesoem/projects/lighter/exp/dhis-2/dhis-services/dhis-service-tracker/src/main/java/org/hisp/dhis/tracker/validation/service/DefaultTrackerImportAccessManager.java"
            }
          ]
        },
        {
          "tool-name": "JGenProg",
          "pattern-name": "JGenProg:any_statement_shallow",
          "Unified_Diff_of-files:": "Starts Below...",
          "DELETE:": "    /**",
          "instance_detail": [
            {
              "pattern_action": "ANY",
              "pattern_entity": {
                "entity_type": "*",
                "entity_new value": "*",
                "entity_role": "Statement",
                "entity_parent": "null"
              },
              "concrete_change": {
                "operator": "DEL",
                "src_type": "Invocation",
                "dst_type": "null",
                "src": "checkNotNull(orgUnit, org.hisp.dhis.tracker.validation.service.ORGANISATION_UNIT_CANT_BE_NULL)",
                "dst": "null",
                "src_parent_type": "Block",
                "dst_parent_type": "null",
                "src_parent": "{\n    org.hisp.dhis.tracker.bundle.TrackerBundle bundle \u003d reporter.getValidationContext().getBundle();\n    org.hisp.dhis.user.User user \u003d bundle.getUser();\n    checkNotNull(user, org.hisp.dhis.tracker.validation.service.USER_CANT_BE_NULL);\n    checkNotNull(orgUnit, org.hisp.dhis.tracker.validation.service.ORGANISATION_UNIT_CANT_BE_NULL);\n    if (!(organisationUnitService.isInUserSearchHierarchyCached(user, orgUnit))) {\n        reporter.addError(newReport(TrackerErrorCode.E1093).addArg(user).addArg(orgUnit));\n    }\n}",
                "dst_parent": "null"
              },
              "line": 81,
              "file": "/home/khesoem/projects/lighter/exp/dhis-2/dhis-services/dhis-service-tracker/src/main/java/org/hisp/dhis/tracker/validation/service/DefaultTrackerImportAccessManager.java"
            }
          ]
        },
        {
          "tool-name": "JGenProg",
          "pattern-name": "JGenProg:any_statement_shallow",
          "Unified_Diff_of-files:": "Starts Below...",
          "DELETE:": "    /**",
          "instance_detail": [
            {
              "pattern_action": "ANY",
              "pattern_entity": {
                "entity_type": "*",
                "entity_new value": "*",
                "entity_role": "Statement",
                "entity_parent": "null"
              },
              "concrete_change": {
                "operator": "DEL",
                "src_type": "Invocation",
                "dst_type": "null",
                "src": "reporter.addError(newReport(TrackerErrorCode.E1093).addArg(user).addArg(orgUnit))",
                "dst": "null",
                "src_parent_type": "Block",
                "dst_parent_type": "null",
                "src_parent": "{\n    reporter.addError(newReport(TrackerErrorCode.E1093).addArg(user).addArg(orgUnit));\n}",
                "dst_parent": "null"
              },
              "line": 88,
              "file": "/home/khesoem/projects/lighter/exp/dhis-2/dhis-services/dhis-service-tracker/src/main/java/org/hisp/dhis/tracker/validation/service/DefaultTrackerImportAccessManager.java"
            }
          ]
        },
        {
          "tool-name": "JGenProg",
          "pattern-name": "JGenProg:any_statement_shallow",
          "Unified_Diff_of-files:": "Starts Below...",
          "DELETE:": "    /**",
          "instance_detail": [
            {
              "pattern_action": "ANY",
              "pattern_entity": {
                "entity_type": "*",
                "entity_new value": "*",
                "entity_role": "Statement",
                "entity_parent": "null"
              },
              "concrete_change": {
                "operator": "DEL",
                "src_type": "If",
                "dst_type": "null",
                "src": "if (!(organisationUnitService.isInUserSearchHierarchyCached(user, orgUnit))) {\n    reporter.addError(newReport(TrackerErrorCode.E1093).addArg(user).addArg(orgUnit));\n}",
                "dst": "null",
                "src_parent_type": "Block",
                "dst_parent_type": "null",
                "src_parent": "{\n    org.hisp.dhis.tracker.bundle.TrackerBundle bundle \u003d reporter.getValidationContext().getBundle();\n    org.hisp.dhis.user.User user \u003d bundle.getUser();\n    checkNotNull(user, org.hisp.dhis.tracker.validation.service.USER_CANT_BE_NULL);\n    checkNotNull(orgUnit, org.hisp.dhis.tracker.validation.service.ORGANISATION_UNIT_CANT_BE_NULL);\n    if (!(organisationUnitService.isInUserSearchHierarchyCached(user, orgUnit))) {\n        reporter.addError(newReport(TrackerErrorCode.E1093).addArg(user).addArg(orgUnit));\n    }\n}",
                "dst_parent": "null"
              },
              "line": 83,
              "file": "/home/khesoem/projects/lighter/exp/dhis-2/dhis-services/dhis-service-tracker/src/main/java/org/hisp/dhis/tracker/validation/service/DefaultTrackerImportAccessManager.java"
            }
          ]
        },
        {
          "tool-name": "JGenProg",
          "pattern-name": "JGenProg:any_statement_shallow",
          "Unified_Diff_of-files:": "Starts Below...",
          "DELETE:": "    /**",
          "instance_detail": [
            {
              "pattern_action": "ANY",
              "pattern_entity": {
                "entity_type": "*",
                "entity_new value": "*",
                "entity_role": "Statement",
                "entity_parent": "null"
              },
              "concrete_change": {
                "operator": "DEL",
                "src_type": "LocalVariable",
                "dst_type": "null",
                "src": "org.hisp.dhis.tracker.bundle.TrackerBundle bundle \u003d reporter.getValidationContext().getBundle()",
                "dst": "null",
                "src_parent_type": "Block",
                "dst_parent_type": "null",
                "src_parent": "{\n    org.hisp.dhis.tracker.bundle.TrackerBundle bundle \u003d reporter.getValidationContext().getBundle();\n    org.hisp.dhis.user.User user \u003d bundle.getUser();\n    checkNotNull(user, org.hisp.dhis.tracker.validation.service.USER_CANT_BE_NULL);\n    checkNotNull(program, org.hisp.dhis.tracker.validation.service.PROGRAM_CANT_BE_NULL);\n    checkProgramReadAccess(reporter, user, program);\n    if (program.isRegistration()) {\n        checkTeiTypeAndTeiProgramAccess(reporter, user, trackedEntity, organisationUnit, program);\n    } else {\n        checkOrgUnitInSearchScope(reporter, organisationUnit);\n    }\n}",
                "dst_parent": "null"
              },
              "line": 130,
              "file": "/home/khesoem/projects/lighter/exp/dhis-2/dhis-services/dhis-service-tracker/src/main/java/org/hisp/dhis/tracker/validation/service/DefaultTrackerImportAccessManager.java"
            }
          ]
        },
        {
          "tool-name": "JGenProg",
          "pattern-name": "JGenProg:any_statement_shallow",
          "Unified_Diff_of-files:": "Starts Below...",
          "DELETE:": "    /**",
          "instance_detail": [
            {
              "pattern_action": "ANY",
              "pattern_entity": {
                "entity_type": "*",
                "entity_new value": "*",
                "entity_role": "Statement",
                "entity_parent": "null"
              },
              "concrete_change": {
                "operator": "DEL",
                "src_type": "LocalVariable",
                "dst_type": "null",
                "src": "org.hisp.dhis.user.User user \u003d bundle.getUser()",
                "dst": "null",
                "src_parent_type": "Block",
                "dst_parent_type": "null",
                "src_parent": "{\n    org.hisp.dhis.tracker.bundle.TrackerBundle bundle \u003d reporter.getValidationContext().getBundle();\n    org.hisp.dhis.user.User user \u003d bundle.getUser();\n    checkNotNull(user, org.hisp.dhis.tracker.validation.service.USER_CANT_BE_NULL);\n    checkNotNull(program, org.hisp.dhis.tracker.validation.service.PROGRAM_CANT_BE_NULL);\n    checkProgramReadAccess(reporter, user, program);\n    if (program.isRegistration()) {\n        checkTeiTypeAndTeiProgramAccess(reporter, user, trackedEntity, organisationUnit, program);\n    } else {\n        checkOrgUnitInSearchScope(reporter, organisationUnit);\n    }\n}",
                "dst_parent": "null"
              },
              "line": 131,
              "file": "/home/khesoem/projects/lighter/exp/dhis-2/dhis-services/dhis-service-tracker/src/main/java/org/hisp/dhis/tracker/validation/service/DefaultTrackerImportAccessManager.java"
            }
          ]
        },
        {
          "tool-name": "JGenProg",
          "pattern-name": "JGenProg:any_statement_shallow",
          "Unified_Diff_of-files:": "Starts Below...",
          "DELETE:": "    /**",
          "instance_detail": [
            {
              "pattern_action": "ANY",
              "pattern_entity": {
                "entity_type": "*",
                "entity_new value": "*",
                "entity_role": "Statement",
                "entity_parent": "null"
              },
              "concrete_change": {
                "operator": "DEL",
                "src_type": "Invocation",
                "dst_type": "null",
                "src": "checkNotNull(user, org.hisp.dhis.tracker.validation.service.USER_CANT_BE_NULL)",
                "dst": "null",
                "src_parent_type": "Block",
                "dst_parent_type": "null",
                "src_parent": "{\n    org.hisp.dhis.tracker.bundle.TrackerBundle bundle \u003d reporter.getValidationContext().getBundle();\n    org.hisp.dhis.user.User user \u003d bundle.getUser();\n    checkNotNull(user, org.hisp.dhis.tracker.validation.service.USER_CANT_BE_NULL);\n    checkNotNull(program, org.hisp.dhis.tracker.validation.service.PROGRAM_CANT_BE_NULL);\n    checkProgramReadAccess(reporter, user, program);\n    if (program.isRegistration()) {\n        checkTeiTypeAndTeiProgramAccess(reporter, user, trackedEntity, organisationUnit, program);\n    } else {\n        checkOrgUnitInSearchScope(reporter, organisationUnit);\n    }\n}",
                "dst_parent": "null"
              },
              "line": 133,
              "file": "/home/khesoem/projects/lighter/exp/dhis-2/dhis-services/dhis-service-tracker/src/main/java/org/hisp/dhis/tracker/validation/service/DefaultTrackerImportAccessManager.java"
            }
          ]
        },
        {
          "tool-name": "JGenProg",
          "pattern-name": "JGenProg:any_statement_shallow",
          "Unified_Diff_of-files:": "Starts Below...",
          "DELETE:": "    /**",
          "instance_detail": [
            {
              "pattern_action": "ANY",
              "pattern_entity": {
                "entity_type": "*",
                "entity_new value": "*",
                "entity_role": "Statement",
                "entity_parent": "null"
              },
              "concrete_change": {
                "operator": "DEL",
                "src_type": "Invocation",
                "dst_type": "null",
                "src": "checkNotNull(program, org.hisp.dhis.tracker.validation.service.PROGRAM_CANT_BE_NULL)",
                "dst": "null",
                "src_parent_type": "Block",
                "dst_parent_type": "null",
                "src_parent": "{\n    org.hisp.dhis.tracker.bundle.TrackerBundle bundle \u003d reporter.getValidationContext().getBundle();\n    org.hisp.dhis.user.User user \u003d bundle.getUser();\n    checkNotNull(user, org.hisp.dhis.tracker.validation.service.USER_CANT_BE_NULL);\n    checkNotNull(program, org.hisp.dhis.tracker.validation.service.PROGRAM_CANT_BE_NULL);\n    checkProgramReadAccess(reporter, user, program);\n    if (program.isRegistration()) {\n        checkTeiTypeAndTeiProgramAccess(reporter, user, trackedEntity, organisationUnit, program);\n    } else {\n        checkOrgUnitInSearchScope(reporter, organisationUnit);\n    }\n}",
                "dst_parent": "null"
              },
              "line": 134,
              "file": "/home/khesoem/projects/lighter/exp/dhis-2/dhis-services/dhis-service-tracker/src/main/java/org/hisp/dhis/tracker/validation/service/DefaultTrackerImportAccessManager.java"
            }
          ]
        },
        {
          "tool-name": "JGenProg",
          "pattern-name": "JGenProg:any_statement_shallow",
          "Unified_Diff_of-files:": "Starts Below...",
          "DELETE:": "    /**",
          "instance_detail": [
            {
              "pattern_action": "ANY",
              "pattern_entity": {
                "entity_type": "*",
                "entity_new value": "*",
                "entity_role": "Statement",
                "entity_parent": "null"
              },
              "concrete_change": {
                "operator": "DEL",
                "src_type": "Invocation",
                "dst_type": "null",
                "src": "checkProgramReadAccess(reporter, user, program)",
                "dst": "null",
                "src_parent_type": "Block",
                "dst_parent_type": "null",
                "src_parent": "{\n    org.hisp.dhis.tracker.bundle.TrackerBundle bundle \u003d reporter.getValidationContext().getBundle();\n    org.hisp.dhis.user.User user \u003d bundle.getUser();\n    checkNotNull(user, org.hisp.dhis.tracker.validation.service.USER_CANT_BE_NULL);\n    checkNotNull(program, org.hisp.dhis.tracker.validation.service.PROGRAM_CANT_BE_NULL);\n    checkProgramReadAccess(reporter, user, program);\n    if (program.isRegistration()) {\n        checkTeiTypeAndTeiProgramAccess(reporter, user, trackedEntity, organisationUnit, program);\n    } else {\n        checkOrgUnitInSearchScope(reporter, organisationUnit);\n    }\n}",
                "dst_parent": "null"
              },
              "line": 136,
              "file": "/home/khesoem/projects/lighter/exp/dhis-2/dhis-services/dhis-service-tracker/src/main/java/org/hisp/dhis/tracker/validation/service/DefaultTrackerImportAccessManager.java"
            }
          ]
        },
        {
          "tool-name": "JGenProg",
          "pattern-name": "JGenProg:any_statement_shallow",
          "Unified_Diff_of-files:": "Starts Below...",
          "DELETE:": "    /**",
          "instance_detail": [
            {
              "pattern_action": "ANY",
              "pattern_entity": {
                "entity_type": "*",
                "entity_new value": "*",
                "entity_role": "Statement",
                "entity_parent": "null"
              },
              "concrete_change": {
                "operator": "DEL",
                "src_type": "Invocation",
                "dst_type": "null",
                "src": "checkTeiTypeAndTeiProgramAccess(reporter, user, trackedEntity, organisationUnit, program)",
                "dst": "null",
                "src_parent_type": "Block",
                "dst_parent_type": "null",
                "src_parent": "{\n    checkTeiTypeAndTeiProgramAccess(reporter, user, trackedEntity, organisationUnit, program);\n}",
                "dst_parent": "null"
              },
              "line": 140,
              "file": "/home/khesoem/projects/lighter/exp/dhis-2/dhis-services/dhis-service-tracker/src/main/java/org/hisp/dhis/tracker/validation/service/DefaultTrackerImportAccessManager.java"
            }
          ]
        },
        {
          "tool-name": "JGenProg",
          "pattern-name": "JGenProg:any_statement_shallow",
          "Unified_Diff_of-files:": "Starts Below...",
          "DELETE:": "    /**",
          "instance_detail": [
            {
              "pattern_action": "ANY",
              "pattern_entity": {
                "entity_type": "*",
                "entity_new value": "*",
                "entity_role": "Statement",
                "entity_parent": "null"
              },
              "concrete_change": {
                "operator": "DEL",
                "src_type": "Invocation",
                "dst_type": "null",
                "src": "checkOrgUnitInSearchScope(reporter, organisationUnit)",
                "dst": "null",
                "src_parent_type": "Block",
                "dst_parent_type": "null",
                "src_parent": "{\n    checkOrgUnitInSearchScope(reporter, organisationUnit);\n}",
                "dst_parent": "null"
              },
              "line": 147,
              "file": "/home/khesoem/projects/lighter/exp/dhis-2/dhis-services/dhis-service-tracker/src/main/java/org/hisp/dhis/tracker/validation/service/DefaultTrackerImportAccessManager.java"
            }
          ]
        },
        {
          "tool-name": "JGenProg",
          "pattern-name": "JGenProg:any_statement_shallow",
          "Unified_Diff_of-files:": "Starts Below...",
          "DELETE:": "    /**",
          "instance_detail": [
            {
              "pattern_action": "ANY",
              "pattern_entity": {
                "entity_type": "*",
                "entity_new value": "*",
                "entity_role": "Statement",
                "entity_parent": "null"
              },
              "concrete_change": {
                "operator": "DEL",
                "src_type": "If",
                "dst_type": "null",
                "src": "if (program.isRegistration()) {\n    checkTeiTypeAndTeiProgramAccess(reporter, user, trackedEntity, organisationUnit, program);\n} else {\n    checkOrgUnitInSearchScope(reporter, organisationUnit);\n}",
                "dst": "null",
                "src_parent_type": "Block",
                "dst_parent_type": "null",
                "src_parent": "{\n    org.hisp.dhis.tracker.bundle.TrackerBundle bundle \u003d reporter.getValidationContext().getBundle();\n    org.hisp.dhis.user.User user \u003d bundle.getUser();\n    checkNotNull(user, org.hisp.dhis.tracker.validation.service.USER_CANT_BE_NULL);\n    checkNotNull(program, org.hisp.dhis.tracker.validation.service.PROGRAM_CANT_BE_NULL);\n    checkProgramReadAccess(reporter, user, program);\n    if (program.isRegistration()) {\n        checkTeiTypeAndTeiProgramAccess(reporter, user, trackedEntity, organisationUnit, program);\n    } else {\n        checkOrgUnitInSearchScope(reporter, organisationUnit);\n    }\n}",
                "dst_parent": "null"
              },
              "line": 138,
              "file": "/home/khesoem/projects/lighter/exp/dhis-2/dhis-services/dhis-service-tracker/src/main/java/org/hisp/dhis/tracker/validation/service/DefaultTrackerImportAccessManager.java"
            }
          ]
        }
      ]
    }
  ],
  "complete_analysis": true
}