{
  "instances": [
    {
      "revision": "23173306cc7fb7339652c6ce4fa1baef493d9ddf",
      "repairability": [
        {
          "tool-name": "JGenProg",
          "pattern-name": "JGenProg:any_statement_shallow",
          "Unified_Diff_of-files:": "Starts Below...",
          "CHANGE_old:": "            importSummary.setDescription( \"Program can not be null\" );",
          "CHANGE_new:": "            importSummary.setDescription( error );",
          "DELETE:": "",
          "INSERT:": "",
          "instance_detail": [
            {
              "pattern_action": "ANY",
              "pattern_entity": {
                "entity_type": "*",
                "entity_new value": "*",
                "entity_role": "Statement",
                "entity_parent": "null"
              },
              "concrete_change": {
                "operator": "DEL",
                "src_type": "Invocation",
                "dst_type": "null",
                "src": "importSummary.setStatus(ImportStatus.ERROR)",
                "dst": "null",
                "src_parent_type": "Block",
                "dst_parent_type": "null",
                "src_parent": "{\n    importSummary.setStatus(ImportStatus.ERROR);\n    importSummary.setDescription(((\"Provided program \" + (program.getUid())) + \" is a program without registration. An enrollment cannot be created into program without registration.\"));\n    importSummary.incrementIgnored();\n    return importSummary;\n}",
                "dst_parent": "null"
              },
              "line": 657,
              "file": "/home/khesoem/projects/lighter/exp/dhis-2/dhis-services/dhis-service-dxf2/src/main/java/org/hisp/dhis/dxf2/events/enrollment/AbstractEnrollmentService.java"
            }
          ]
        },
        {
          "tool-name": "JGenProg",
          "pattern-name": "JGenProg:any_statement_shallow",
          "Unified_Diff_of-files:": "Starts Below...",
          "CHANGE_old:": "            importSummary.setDescription( \"Program can not be null\" );",
          "CHANGE_new:": "            importSummary.setDescription( error );",
          "DELETE:": "",
          "INSERT:": "",
          "instance_detail": [
            {
              "pattern_action": "ANY",
              "pattern_entity": {
                "entity_type": "*",
                "entity_new value": "*",
                "entity_role": "Statement",
                "entity_parent": "null"
              },
              "concrete_change": {
                "operator": "DEL",
                "src_type": "Invocation",
                "dst_type": "null",
                "src": "importSummary.setDescription(((\"Provided program \" + (program.getUid())) + \" is a program without registration. An enrollment cannot be created into program without registration.\"))",
                "dst": "null",
                "src_parent_type": "Block",
                "dst_parent_type": "null",
                "src_parent": "{\n    importSummary.setStatus(ImportStatus.ERROR);\n    importSummary.setDescription(((\"Provided program \" + (program.getUid())) + \" is a program without registration. An enrollment cannot be created into program without registration.\"));\n    importSummary.incrementIgnored();\n    return importSummary;\n}",
                "dst_parent": "null"
              },
              "line": 658,
              "file": "/home/khesoem/projects/lighter/exp/dhis-2/dhis-services/dhis-service-dxf2/src/main/java/org/hisp/dhis/dxf2/events/enrollment/AbstractEnrollmentService.java"
            }
          ]
        },
        {
          "tool-name": "JGenProg",
          "pattern-name": "JGenProg:any_statement_shallow",
          "Unified_Diff_of-files:": "Starts Below...",
          "CHANGE_old:": "            importSummary.setDescription( \"Program can not be null\" );",
          "CHANGE_new:": "            importSummary.setDescription( error );",
          "DELETE:": "",
          "INSERT:": "",
          "instance_detail": [
            {
              "pattern_action": "ANY",
              "pattern_entity": {
                "entity_type": "*",
                "entity_new value": "*",
                "entity_role": "Statement",
                "entity_parent": "null"
              },
              "concrete_change": {
                "operator": "DEL",
                "src_type": "Invocation",
                "dst_type": "null",
                "src": "importSummary.incrementIgnored()",
                "dst": "null",
                "src_parent_type": "Block",
                "dst_parent_type": "null",
                "src_parent": "{\n    importSummary.setStatus(ImportStatus.ERROR);\n    importSummary.setDescription(((\"Provided program \" + (program.getUid())) + \" is a program without registration. An enrollment cannot be created into program without registration.\"));\n    importSummary.incrementIgnored();\n    return importSummary;\n}",
                "dst_parent": "null"
              },
              "line": 660,
              "file": "/home/khesoem/projects/lighter/exp/dhis-2/dhis-services/dhis-service-dxf2/src/main/java/org/hisp/dhis/dxf2/events/enrollment/AbstractEnrollmentService.java"
            }
          ]
        },
        {
          "tool-name": "JGenProg",
          "pattern-name": "JGenProg:any_statement_shallow",
          "Unified_Diff_of-files:": "Starts Below...",
          "CHANGE_old:": "            importSummary.setDescription( \"Program can not be null\" );",
          "CHANGE_new:": "            importSummary.setDescription( error );",
          "DELETE:": "",
          "INSERT:": "",
          "instance_detail": [
            {
              "pattern_action": "ANY",
              "pattern_entity": {
                "entity_type": "*",
                "entity_new value": "*",
                "entity_role": "Statement",
                "entity_parent": "null"
              },
              "concrete_change": {
                "operator": "DEL",
                "src_type": "Return",
                "dst_type": "null",
                "src": "return importSummary",
                "dst": "null",
                "src_parent_type": "Block",
                "dst_parent_type": "null",
                "src_parent": "{\n    importSummary.setStatus(ImportStatus.ERROR);\n    importSummary.setDescription(((\"Provided program \" + (program.getUid())) + \" is a program without registration. An enrollment cannot be created into program without registration.\"));\n    importSummary.incrementIgnored();\n    return importSummary;\n}",
                "dst_parent": "null"
              },
              "line": 662,
              "file": "/home/khesoem/projects/lighter/exp/dhis-2/dhis-services/dhis-service-dxf2/src/main/java/org/hisp/dhis/dxf2/events/enrollment/AbstractEnrollmentService.java"
            }
          ]
        },
        {
          "tool-name": "JGenProg",
          "pattern-name": "JGenProg:any_statement_shallow",
          "Unified_Diff_of-files:": "Starts Below...",
          "CHANGE_old:": "            importSummary.setDescription( \"Program can not be null\" );",
          "CHANGE_new:": "            importSummary.setDescription( error );",
          "DELETE:": "",
          "INSERT:": "",
          "instance_detail": [
            {
              "pattern_action": "ANY",
              "pattern_entity": {
                "entity_type": "*",
                "entity_new value": "*",
                "entity_role": "Statement",
                "entity_parent": "null"
              },
              "concrete_change": {
                "operator": "DEL",
                "src_type": "If",
                "dst_type": "null",
                "src": "if (!(program.isRegistration())) {\n    importSummary.setStatus(ImportStatus.ERROR);\n    importSummary.setDescription(((\"Provided program \" + (program.getUid())) + \" is a program without registration. An enrollment cannot be created into program without registration.\"));\n    importSummary.incrementIgnored();\n    return importSummary;\n}",
                "dst": "null",
                "src_parent_type": "Block",
                "dst_parent_type": "null",
                "src_parent": "{\n    org.hisp.dhis.dxf2.importsummary.ImportSummary importSummary \u003d new org.hisp.dhis.dxf2.importsummary.ImportSummary(enrollment.getEnrollment());\n    if (program \u003d\u003d null) {\n        importSummary.setStatus(ImportStatus.ERROR);\n        importSummary.setDescription(\"Program can not be null\");\n        importSummary.incrementIgnored();\n        return importSummary;\n    }\n    if (!(program.isRegistration())) {\n        importSummary.setStatus(ImportStatus.ERROR);\n        importSummary.setDescription(((\"Provided program \" + (program.getUid())) + \" is a program without registration. An enrollment cannot be created into program without registration.\"));\n        importSummary.incrementIgnored();\n        return importSummary;\n    }\n    org.hisp.dhis.program.ProgramInstanceQueryParams params \u003d new org.hisp.dhis.program.ProgramInstanceQueryParams();\n    params.setOrganisationUnitMode(OrganisationUnitSelectionMode.ALL);\n    params.setSkipPaging(true);\n    params.setProgram(program);\n    params.setTrackedEntityInstanceUid(entityInstance.getUid());\n    if ((enrollment.getStatus()) !\u003d (EnrollmentStatus.CANCELLED)) {\n        java.util.List\u003corg.hisp.dhis.dxf2.events.enrollment.Enrollment\u003e enrollments \u003d getEnrollments(programInstanceService.getProgramInstances(params));\n        java.util.Set\u003corg.hisp.dhis.dxf2.events.enrollment.Enrollment\u003e activeEnrollments \u003d enrollments.stream().filter(( e) -\u003e (e.getStatus()) \u003d\u003d EnrollmentStatus.ACTIVE).collect(java.util.stream.Collectors.toSet());\n        if ((!(activeEnrollments.isEmpty())) \u0026\u0026 ((enrollment.getStatus()) \u003d\u003d (EnrollmentStatus.ACTIVE))) {\n            importSummary.setStatus(ImportStatus.ERROR);\n            importSummary.setDescription((((\"TrackedEntityInstance \" + (entityInstance.getUid())) + \" already has an active enrollment in program \") + (program.getUid())));\n            importSummary.incrementIgnored();\n            return importSummary;\n        }\n        if (program.getOnlyEnrollOnce()) {\n            java.util.Set\u003corg.hisp.dhis.dxf2.events.enrollment.Enrollment\u003e activeOrCompletedEnrollments \u003d enrollments.stream().filter(( e) -\u003e ((e.getStatus()) \u003d\u003d EnrollmentStatus.ACTIVE) || ((e.getStatus()) \u003d\u003d EnrollmentStatus.COMPLETED)).collect(java.util.stream.Collectors.toSet());\n            if (!(activeOrCompletedEnrollments.isEmpty())) {\n                importSummary.setStatus(ImportStatus.ERROR);\n                importSummary.setDescription(((((\"TrackedEntityInstance \" + (entityInstance.getUid())) + \" already has an active or completed enrollment in program \") + (program.getUid())) + \", and this program only allows enrolling one time\"));\n                importSummary.incrementIgnored();\n                return importSummary;\n            }\n        }\n    }\n    checkAttributes(entityInstance, enrollment, importOptions, importSummary);\n    if (importSummary.hasConflicts()) {\n        importSummary.setStatus(ImportStatus.ERROR);\n        importSummary.incrementIgnored();\n    }\n    return importSummary;\n}",
                "dst_parent": "null"
              },
              "line": 655,
              "file": "/home/khesoem/projects/lighter/exp/dhis-2/dhis-services/dhis-service-dxf2/src/main/java/org/hisp/dhis/dxf2/events/enrollment/AbstractEnrollmentService.java",
              "stats": {
                "number_of_src_entities": 59,
                "number_of_dst_entities": -1,
                "src_entity_types": "[org.hisp.dhis.program.Program, org.hisp.dhis.dxf2.importsummary.ImportSummary, java.lang.String, ImportStatus.ERROR]",
                "dst_entity_types": "[]"
              }
            }
          ]
        },
        {
          "tool-name": "JGenProg",
          "pattern-name": "JGenProg:any_statement_deep",
          "Unified_Diff_of-files:": "Starts Below...",
          "CHANGE_old:": "            importSummary.setDescription( \"Program can not be null\" );",
          "CHANGE_new:": "            importSummary.setDescription( error );",
          "DELETE:": "",
          "INSERT:": "",
          "instance_detail": [
            {
              "pattern_action": "ANY",
              "pattern_entity": {
                "entity_type": "*",
                "entity_new value": "*",
                "entity_role": "*",
                "entity_parent": {
                  "entity_type": "*",
                  "entity_new value": "*",
                  "entity_role": "Statement",
                  "entity_parent": "null"
                }
              },
              "concrete_change": {
                "operator": "UPD",
                "src_type": "Lambda",
                "dst_type": "Lambda",
                "src": "( error) -\u003e importConflicts.addConflict(pi.getUid(), error)",
                "dst": "( error) -\u003e importConflicts.addConflict(pi.getUid(), error)",
                "src_parent_type": "Invocation",
                "dst_parent_type": "Invocation",
                "src_parent": "errors.forEach(( error) -\u003e importConflicts.addConflict(pi.getUid(), error))",
                "dst_parent": "errors.forEach(( error) -\u003e importConflicts.addConflict(pi.getUid(), error))"
              },
              "line": 1549,
              "file": "/home/khesoem/projects/lighter/exp/dhis-2/dhis-services/dhis-service-dxf2/src/main/java/org/hisp/dhis/dxf2/events/enrollment/AbstractEnrollmentService.java",
              "stats": {
                "number_of_src_entities": 32,
                "number_of_dst_entities": 32,
                "src_entity_types": "[org.hisp.dhis.program.ProgramInstance, java.util.function.Consumer\u003c? super java.lang.String\u003e, java.lang.String, org.hisp.dhis.dxf2.importsummary.ImportConflicts]",
                "dst_entity_types": "[org.hisp.dhis.program.ProgramInstance, java.util.function.Consumer\u003c? super java.lang.String\u003e, java.lang.String, org.hisp.dhis.dxf2.importsummary.ImportConflicts]"
              }
            }
          ]
        }
      ]
    }
  ],
  "complete_analysis": true
}