{
  "instances": [
    {
      "revision": "4bcd5868f4d41606cdac2f5835cf280b50c23964",
      "repairability": [
        {
          "tool-name": "JGenProg",
          "pattern-name": "JGenProg:any_statement_deep",
          "Unified_Diff_of-files:": "Starts Below...",
          "INSERT:": "        .filter( Objects::nonNull )",
          "instance_detail": [
            {
              "pattern_action": "ANY",
              "pattern_entity": {
                "entity_type": "*",
                "entity_new value": "*",
                "entity_role": "*",
                "entity_parent": {
                  "entity_type": "*",
                  "entity_new value": "*",
                  "entity_role": "Statement",
                  "entity_parent": "null"
                }
              },
              "concrete_change": {
                "operator": "UPD",
                "src_type": "Lambda",
                "dst_type": "Lambda",
                "src": "( orderCriteria) -\u003e log.warn(((\"Ordering by \" + (orderCriteria.getField())) + \" is not supported\"))",
                "dst": "( orderCriteria) -\u003e log.warn(((\"Ordering by \" + (orderCriteria.getField())) + \" is not supported\"))",
                "src_parent_type": "Return",
                "dst_parent_type": "Return",
                "src_parent": "return ( orderCriteria) -\u003e log.warn(((\"Ordering by \" + (orderCriteria.getField())) + \" is not supported\"))",
                "dst_parent": "return ( orderCriteria) -\u003e log.warn(((\"Ordering by \" + (orderCriteria.getField())) + \" is not supported\"))"
              },
              "line": 136,
              "file": "/home/khesoem/projects/lighter/exp/dhis-2/dhis-api/src/main/java/org/hisp/dhis/webapi/controller/event/webrequest/PagingAndSortingCriteriaAdapter.java",
              "stats": {
                "number_of_src_entities": 33,
                "number_of_dst_entities": 33,
                "src_entity_types": "[org.hisp.dhis.webapi.controller.event.webrequest.log, java.util.function.Consumer\u003corg.hisp.dhis.webapi.controller.event.webrequest.OrderCriteria\u003e, java.lang.String, org.hisp.dhis.webapi.controller.event.webrequest.OrderCriteria]",
                "dst_entity_types": "[org.hisp.dhis.webapi.controller.event.webrequest.log, java.util.function.Consumer\u003corg.hisp.dhis.webapi.controller.event.webrequest.OrderCriteria\u003e, java.lang.String, org.hisp.dhis.webapi.controller.event.webrequest.OrderCriteria]"
              }
            }
          ]
        }
      ]
    }
  ],
  "complete_analysis": true
}