{
  "instances": [
    {
      "revision": "4a1639e570929662ed026f2e4e7dc33a9af19e25",
      "repairability": [
        {
          "tool-name": "JGenProg",
          "pattern-name": "JGenProg:any_statement_shallow",
          "Unified_Diff_of-files:": "Starts Below...",
          "DELETE:": "        programService.updateProgram( program );",
          "instance_detail": [
            {
              "pattern_action": "ANY",
              "pattern_entity": {
                "entity_type": "*",
                "entity_new value": "*",
                "entity_role": "Statement",
                "entity_parent": "null"
              },
              "concrete_change": {
                "operator": "DEL",
                "src_type": "Invocation",
                "dst_type": "null",
                "src": "programStageService.saveProgramStage(ps)",
                "dst": "null",
                "src_parent_type": "Block",
                "dst_parent_type": "null",
                "src_parent": "{\n    if (java.util.Objects.isNull(ps.getProgram())) {\n        ps.setProgram(program);\n    }\n    programStageService.saveProgramStage(ps);\n}",
                "dst_parent": "null"
              },
              "line": 123,
              "file": "/home/khesoem/projects/lighter/exp/dhis-2/dhis-services/dhis-service-dxf2/src/main/java/org/hisp/dhis/dxf2/metadata/objectbundle/hooks/ProgramObjectBundleHook.java",
              "stats": {
                "number_of_src_entities": 12,
                "number_of_dst_entities": -1,
                "src_entity_types": "[org.hisp.dhis.dxf2.metadata.objectbundle.hooks.programStageService, org.hisp.dhis.dxf2.metadata.objectbundle.hooks.ProgramObjectBundleHook]",
                "dst_entity_types": "[]"
              }
            }
          ]
        },
        {
          "tool-name": "JGenProg",
          "pattern-name": "JGenProg:any_statement_shallow",
          "Unified_Diff_of-files:": "Starts Below...",
          "DELETE:": "        programService.updateProgram( program );",
          "instance_detail": [
            {
              "pattern_action": "ANY",
              "pattern_entity": {
                "entity_type": "*",
                "entity_new value": "*",
                "entity_role": "Statement",
                "entity_parent": "null"
              },
              "concrete_change": {
                "operator": "DEL",
                "src_type": "Invocation",
                "dst_type": "null",
                "src": "programService.updateProgram(program)",
                "dst": "null",
                "src_parent_type": "Block",
                "dst_parent_type": "null",
                "src_parent": "{\n    if (program.getProgramStages().isEmpty()) {\n        return;\n    }\n    program.getProgramStages().forEach(( ps) -\u003e {\n        if (java.util.Objects.isNull(ps.getProgram())) {\n            ps.setProgram(program);\n        }\n        programStageService.saveProgramStage(ps);\n    });\n    programService.updateProgram(program);\n}",
                "dst_parent": "null"
              },
              "line": 126,
              "file": "/home/khesoem/projects/lighter/exp/dhis-2/dhis-services/dhis-service-dxf2/src/main/java/org/hisp/dhis/dxf2/metadata/objectbundle/hooks/ProgramObjectBundleHook.java",
              "stats": {
                "number_of_src_entities": 22,
                "number_of_dst_entities": -1,
                "src_entity_types": "[org.hisp.dhis.program.Program, org.hisp.dhis.program.ProgramService, org.hisp.dhis.dxf2.metadata.objectbundle.hooks.ProgramObjectBundleHook]",
                "dst_entity_types": "[]"
              }
            }
          ]
        }
      ]
    }
  ],
  "complete_analysis": true
}