{
  "instances": [
    {
      "revision": "c91ee6ccfa7df878fa6ce377782ab496b0159a98",
      "repairability": [
        {
          "tool-name": "Nopol",
          "pattern-name": "Nopol:if_condition_upd_deep",
          "Unified_Diff_of-files:": "Starts Below...",
          "DELETE:": "    }",
          "instance_detail": [
            {
              "pattern_action": "ANY",
              "pattern_entity": {
                "entity_type": "*",
                "entity_new value": "*",
                "entity_role": "*",
                "entity_parent": {
                  "entity_type": "*",
                  "entity_new value": "*",
                  "entity_role": "condition",
                  "entity_parent": {
                    "entity_type": "If",
                    "entity_new value": "*",
                    "entity_role": "*",
                    "entity_parent": "null"
                  }
                }
              },
              "concrete_change": {
                "operator": "DEL",
                "src_type": "VariableRead",
                "dst_type": "null",
                "src": "referenceProperty",
                "dst": "null",
                "src_parent_type": "Invocation",
                "dst_parent_type": "null",
                "src_parent": "(referenceProperty.isCollectionLike())",
                "dst_parent": "null"
              },
              "line": 618,
              "file": "/home/khesoem/projects/lighter/exp/spring-cloud-gcp-data-datastore/src/main/java/org/springframework/cloud/gcp/data/datastore/core/DatastoreTemplate.java"
            }
          ]
        }
      ]
    }
  ],
  "complete_analysis": true
}