{
  "instances": [
    {
      "revision": "723a03d10c30cf47bb7865f7bdbe9fc0c3979b29",
      "repairability": [
        {
          "tool-name": "Elixir",
          "pattern-name": "Elixir:check_length",
          "Unified_Diff_of-files:": "Starts Below...",
          "INSERT:": "}",
          "instance_detail": [
            {
              "pattern_action": "INS",
              "pattern_entity": {
                "entity_type": "If",
                "entity_new value": "*",
                "entity_role": "*",
                "entity_parent": "null"
              },
              "concrete_change": {
                "operator": "INS",
                "src_type": "If",
                "dst_type": "null",
                "src": "if ((kind) \u003d\u003d (com.squareup.javapoet.TypeSpec.Kind.ANNOTATION)) {\n    com.squareup.javapoet.Util.checkState(methodSpec.modifiers.containsAll(kind.implicitMethodModifiers), \"%s %s.%s cannot have modifiers\", kind, name, methodSpec.name);\n}",
                "dst": "null",
                "src_parent_type": "Block",
                "dst_parent_type": "null",
                "src_parent": "if ((kind) \u003d\u003d (com.squareup.javapoet.TypeSpec.Kind.ANNOTATION)) {\n        com.squareup.javapoet.Util.checkState(methodSpec.modifiers.containsAll(kind.implicitMethodModifiers), \"%s %s.%s cannot have modifiers\", kind, name, methodSpec.name);\n    }\n",
                "dst_parent": "null"
              },
              "line": 473,
              "file": "/home/khesoem/projects/lighter/exp/src/main/java/com/squareup/javapoet/TypeSpec.java"
            },
            {
              "pattern_action": "MOV",
              "pattern_entity": {
                "entity_type": "Statement",
                "entity_new value": "*",
                "entity_role": "*",
                "entity_parent": "null"
              },
              "concrete_change": {
                "operator": "MOV",
                "src_type": "Invocation",
                "dst_type": "Invocation",
                "src": "com.squareup.javapoet.Util.checkArgument(methodSpec.modifiers.containsAll(kind.implicitMethodModifiers), \"%s %s.%s requires modifiers %s\", kind, name, methodSpec.name, kind.implicitMethodModifiers)",
                "dst": "com.squareup.javapoet.Util.checkState(methodSpec.modifiers.containsAll(kind.implicitMethodModifiers), \"%s %s.%s cannot have modifiers\", kind, name, methodSpec.name)",
                "src_parent_type": "Block",
                "dst_parent_type": "Block",
                "src_parent": "{\n    com.squareup.javapoet.Util.checkArgument(methodSpec.modifiers.containsAll(kind.implicitMethodModifiers), \"%s %s.%s requires modifiers %s\", kind, name, methodSpec.name, kind.implicitMethodModifiers);\n    if ((kind) !\u003d (com.squareup.javapoet.TypeSpec.Kind.ANNOTATION)) {\n        com.squareup.javapoet.Util.checkState(((methodSpec.defaultValue) \u003d\u003d null), \"default method !\u003d null\");\n    }\n    methodSpecs.add(methodSpec);\n    return this;\n}",
                "dst_parent": "{\n    com.squareup.javapoet.Util.checkState(methodSpec.modifiers.containsAll(kind.implicitMethodModifiers), \"%s %s.%s cannot have modifiers\", kind, name, methodSpec.name);\n}"
              },
              "line": 456,
              "file": "/home/khesoem/projects/lighter/exp/src/main/java/com/squareup/javapoet/TypeSpec.java",
              "stats": {
                "number_of_src_entities": 124,
                "number_of_dst_entities": 95,
                "src_entity_types": "[com.squareup.javapoet.TypeSpec.Builder, com.squareup.javapoet.MethodSpec, com.squareup.javapoet.TypeSpec.Kind, java.lang.String, com.squareup.javapoet.Util, com.squareup.javapoet.TypeSpec, methodSpec.modifiers]",
                "dst_entity_types": "[com.squareup.javapoet.TypeSpec.Builder, com.squareup.javapoet.MethodSpec, com.squareup.javapoet.TypeSpec.Kind, java.lang.String, com.squareup.javapoet.Util, com.squareup.javapoet.TypeSpec, methodSpec.modifiers]"
              }
            }
          ]
        },
        {
          "tool-name": "Elixir",
          "pattern-name": "Elixir:update_invocation_deep",
          "Unified_Diff_of-files:": "Starts Below...",
          "INSERT:": "}",
          "instance_detail": [
            {
              "pattern_action": "ANY",
              "pattern_entity": {
                "entity_type": "*",
                "entity_new value": "*",
                "entity_role": "*",
                "entity_parent": {
                  "entity_type": "AbstractInvocation",
                  "entity_new value": "*",
                  "entity_role": "*",
                  "entity_parent": "null"
                }
              },
              "concrete_change": {
                "operator": "UPD",
                "src_type": "FieldRead",
                "dst_type": "FieldRead",
                "src": "kind.implicitFieldModifiers",
                "dst": "kind.implicitTypeModifiers",
                "src_parent_type": "Invocation",
                "dst_parent_type": "Invocation",
                "src_parent": "com.squareup.javapoet.Util.checkArgument(typeSpec.modifiers.containsAll(kind.implicitTypeModifiers), \"%s %s.%s requires modifiers %s\", kind, name, typeSpec.name, kind.implicitFieldModifiers)",
                "dst_parent": "com.squareup.javapoet.Util.checkArgument(typeSpec.modifiers.containsAll(kind.implicitTypeModifiers), \"%s %s.%s requires modifiers %s\", kind, name, typeSpec.name, kind.implicitTypeModifiers)"
              },
              "line": 477,
              "file": "/home/khesoem/projects/lighter/exp/src/main/java/com/squareup/javapoet/TypeSpec.java",
              "stats": {
                "number_of_src_entities": 25,
                "number_of_dst_entities": 25,
                "src_entity_types": "[com.squareup.javapoet.TypeSpec.Builder, com.squareup.javapoet.TypeSpec.Kind, com.squareup.javapoet.TypeSpec]",
                "dst_entity_types": "[com.squareup.javapoet.TypeSpec.Builder, com.squareup.javapoet.TypeSpec.Kind, com.squareup.javapoet.TypeSpec]"
              }
            }
          ]
        }
      ]
    }
  ],
  "complete_analysis": true
}