{
  "instances": [
    {
      "revision": "17605c52dfe212a4b9d205f32097e752027fbd0d",
      "repairability": [
        {
          "tool-name": "Elixir",
          "pattern-name": "Elixir:check_length",
          "Unified_Diff_of-files:": "Starts Below...",
          "CHANGE_old:": "",
          "CHANGE_new:": "        }",
          "INSERT:": "  /**",
          "instance_detail": [
            {
              "pattern_action": "MOV",
              "pattern_entity": {
                "entity_type": "Statement",
                "entity_new value": "*",
                "entity_role": "*",
                "entity_parent": "null"
              },
              "concrete_change": {
                "operator": "MOV",
                "src_type": "Block",
                "dst_type": "Block",
                "src": "{\n    sb.append(name.substring(packagePrefix.length()));\n}",
                "dst": "{\n    sb.append(name);\n}",
                "src_parent_type": "If",
                "dst_parent_type": "If",
                "src_parent": "if (isClassInPackage(name)) {\n    sb.append(name.substring(packagePrefix.length()));\n} else\n    if (name.startsWith(\"java.lang.\")) {\n        sb.append(name.substring(\"java.lang.\".length()));\n    } else {\n        sb.append(name);\n    }\n",
                "dst_parent": "if (isAmbiguous(compressed)) {\n    sb.append(name);\n} else {\n    sb.append(compressed);\n}"
              },
              "line": 145,
              "file": "/home/khesoem/projects/lighter/exp/src/main/java/com/squareup/java/JavaWriter.java",
              "stats": {
                "number_of_src_entities": 41,
                "number_of_dst_entities": 17,
                "src_entity_types": "[java.lang.StringBuilder, java.lang.String, com.squareup.java.JavaWriter]",
                "dst_entity_types": "[java.lang.StringBuilder, java.lang.String]"
              }
            },
            {
              "pattern_action": "INS",
              "pattern_entity": {
                "entity_type": "If",
                "entity_new value": "*",
                "entity_role": "*",
                "entity_parent": "null"
              },
              "concrete_change": {
                "operator": "INS",
                "src_type": "If",
                "dst_type": "null",
                "src": "if (isAmbiguous(compressed)) {\n    sb.append(name);\n} else {\n    sb.append(compressed);\n}",
                "dst": "null",
                "src_parent_type": "Block",
                "dst_parent_type": "null",
                "src_parent": "{\n    java.lang.String compressed \u003d name.substring(packagePrefix.length());\n    if (isAmbiguous(compressed)) {\n        sb.append(name);\n    } else {\n        sb.append(compressed);\n    }\n}",
                "dst_parent": "null"
              },
              "line": 147,
              "file": "/home/khesoem/projects/lighter/exp/src/main/java/com/squareup/java/JavaWriter.java"
            }
          ]
        }
      ]
    }
  ],
  "complete_analysis": true
}