{
  "instances": [
    {
      "revision": "4654a8b2aca60d6c29ae74631b5a1604c2867d2e",
      "repairability": [
        {
          "tool-name": "Elixir",
          "pattern-name": "Elixir:check_length",
          "Unified_Diff_of-files:": "Starts Below...",
          "INSERT:": "    String sep \u003d \"\";",
          "CHANGE_old:": "",
          "CHANGE_new:": "      sep \u003d \"\\n\";",
          "instance_detail": [
            {
              "pattern_action": "MOV",
              "pattern_entity": {
                "entity_type": "Statement",
                "entity_new value": "*",
                "entity_role": "*",
                "entity_parent": "null"
              },
              "concrete_change": {
                "operator": "MOV",
                "src_type": "Invocation",
                "dst_type": "Invocation",
                "src": "appendable.append(\u0027\\n\u0027)",
                "dst": "appendable.append(\u0027\\n\u0027)",
                "src_parent_type": "Block",
                "dst_parent_type": "Block",
                "src_parent": "{\n    appendable.append(\"package \").append(packageName).append(\u0027;\u0027).append(\"\\n\\n\");\n    com.google.common.collect.ImmutableSet\u003ccom.squareup.javawriter.ClassName\u003e classNames \u003d com.google.common.collect.FluentIterable.from(typeWriters).transformAndConcat(new com.google.common.base.Function\u003ccom.squareup.javawriter.HasClassReferences, java.util.Set\u003ccom.squareup.javawriter.ClassName\u003e\u003e() {\n        @java.lang.Override\n        public java.util.Set\u003ccom.squareup.javawriter.ClassName\u003e apply(com.squareup.javawriter.HasClassReferences input) {\n            return input.referencedClasses();\n        }\n    }).toSet();\n    com.google.common.collect.ImmutableSortedSet\u003ccom.squareup.javawriter.ClassName\u003e importCandidates \u003d com.google.common.collect.ImmutableSortedSet.\u003ccom.squareup.javawriter.ClassName\u003enaturalOrder().addAll(explicitImports).addAll(classNames).build();\n    com.google.common.collect.ImmutableSet\u003ccom.squareup.javawriter.ClassName\u003e typeNames \u003d com.google.common.collect.FluentIterable.from(typeWriters).transform(new com.google.common.base.Function\u003ccom.squareup.javawriter.TypeWriter, com.squareup.javawriter.ClassName\u003e() {\n        @java.lang.Override\n        public com.squareup.javawriter.ClassName apply(com.squareup.javawriter.TypeWriter input) {\n            return input.name;\n        }\n    }).toSet();\n    com.google.common.collect.ImmutableSet.Builder\u003cjava.lang.String\u003e declaredSimpleNamesBuilder \u003d com.google.common.collect.ImmutableSet.builder();\n    java.util.Deque\u003ccom.squareup.javawriter.TypeWriter\u003e declaredTypes \u003d com.google.common.collect.Queues.newArrayDeque(typeWriters);\n    while (!(declaredTypes.isEmpty())) {\n        com.squareup.javawriter.TypeWriter currentType \u003d declaredTypes.pop();\n        declaredSimpleNamesBuilder.add(currentType.name().simpleName());\n        declaredTypes.addAll(currentType.nestedTypeWriters);\n    } \n    com.google.common.collect.ImmutableSet\u003cjava.lang.String\u003e declaredSimpleNames \u003d declaredSimpleNamesBuilder.build();\n    com.google.common.collect.BiMap\u003cjava.lang.String, com.squareup.javawriter.ClassName\u003e importedClassIndex \u003d com.google.common.collect.HashBiMap.create();\n    for (com.squareup.javawriter.ClassName className : importCandidates) {\n        if (((!((className.packageName().equals(packageName)) \u0026\u0026 (!(className.enclosingClassName().isPresent())))) \u0026\u0026 (!((className.packageName().equals(\"java.lang\")) \u0026\u0026 (className.enclosingSimpleNames().isEmpty())))) \u0026\u0026 (!(typeNames.contains(className.topLevelClassName())))) {\n            com.google.common.base.Optional\u003ccom.squareup.javawriter.ClassName\u003e importCandidate \u003d com.google.common.base.Optional.of(className);\n            while ((importCandidate.isPresent()) \u0026\u0026 ((importedClassIndex.containsKey(importCandidate.get().simpleName())) || (declaredSimpleNames.contains(importCandidate.get().simpleName())))) {\n                importCandidate \u003d importCandidate.get().enclosingClassName();\n            } \n            if (importCandidate.isPresent()) {\n                appendable.append(\"import \").append(importCandidate.get().canonicalName()).append(\";\\n\");\n                importedClassIndex.put(importCandidate.get().simpleName(), importCandidate.get());\n            }\n        }\n    }\n    appendable.append(\u0027\\n\u0027);\n    com.squareup.javawriter.JavaWriter.CompilationUnitContext context \u003d new com.squareup.javawriter.JavaWriter.CompilationUnitContext(packageName, com.google.common.collect.ImmutableSet.copyOf(importedClassIndex.values()));\n    for (com.squareup.javawriter.TypeWriter typeWriter : typeWriters) {\n        typeWriter.write(appendable, context.createSubcontext(typeNames)).append(\u0027\\n\u0027);\n    }\n    return appendable;\n}",
                "dst_parent": "{\n    appendable.append(\u0027\\n\u0027);\n}"
              },
              "line": 155,
              "file": "/home/khesoem/projects/lighter/exp/src/main/java/com/squareup/javawriter/JavaWriter.java",
              "stats": {
                "number_of_src_entities": 13,
                "number_of_dst_entities": 13,
                "src_entity_types": "[java.lang.Appendable, char]",
                "dst_entity_types": "[java.lang.Appendable, char]"
              }
            },
            {
              "pattern_action": "INS",
              "pattern_entity": {
                "entity_type": "If",
                "entity_new value": "*",
                "entity_role": "*",
                "entity_parent": "null"
              },
              "concrete_change": {
                "operator": "INS",
                "src_type": "If",
                "dst_type": "null",
                "src": "if (importedClassIndex.isEmpty()) {\n    appendable.append(\u0027\\n\u0027);\n}",
                "dst": "null",
                "src_parent_type": "Block",
                "dst_parent_type": "null",
                "src_parent": "{\n    appendable.append(\"package \").append(packageName).append(\u0027;\u0027).append(\"\\n\\n\");\n    com.google.common.collect.ImmutableSet\u003ccom.squareup.javawriter.ClassName\u003e classNames \u003d com.google.common.collect.FluentIterable.from(typeWriters).transformAndConcat(new com.google.common.base.Function\u003ccom.squareup.javawriter.HasClassReferences, java.util.Set\u003ccom.squareup.javawriter.ClassName\u003e\u003e() {\n        @java.lang.Override\n        public java.util.Set\u003ccom.squareup.javawriter.ClassName\u003e apply(com.squareup.javawriter.HasClassReferences input) {\n            return input.referencedClasses();\n        }\n    }).toSet();\n    com.google.common.collect.ImmutableSortedSet\u003ccom.squareup.javawriter.ClassName\u003e importCandidates \u003d com.google.common.collect.ImmutableSortedSet.\u003ccom.squareup.javawriter.ClassName\u003enaturalOrder().addAll(explicitImports).addAll(classNames).build();\n    com.google.common.collect.ImmutableSet\u003ccom.squareup.javawriter.ClassName\u003e typeNames \u003d com.google.common.collect.FluentIterable.from(typeWriters).transform(new com.google.common.base.Function\u003ccom.squareup.javawriter.TypeWriter, com.squareup.javawriter.ClassName\u003e() {\n        @java.lang.Override\n        public com.squareup.javawriter.ClassName apply(com.squareup.javawriter.TypeWriter input) {\n            return input.name;\n        }\n    }).toSet();\n    com.google.common.collect.ImmutableSet.Builder\u003cjava.lang.String\u003e declaredSimpleNamesBuilder \u003d com.google.common.collect.ImmutableSet.builder();\n    java.util.Deque\u003ccom.squareup.javawriter.TypeWriter\u003e declaredTypes \u003d com.google.common.collect.Queues.newArrayDeque(typeWriters);\n    while (!(declaredTypes.isEmpty())) {\n        com.squareup.javawriter.TypeWriter currentType \u003d declaredTypes.pop();\n        declaredSimpleNamesBuilder.add(currentType.name().simpleName());\n        declaredTypes.addAll(currentType.nestedTypeWriters);\n    } \n    com.google.common.collect.ImmutableSet\u003cjava.lang.String\u003e declaredSimpleNames \u003d declaredSimpleNamesBuilder.build();\n    com.google.common.collect.BiMap\u003cjava.lang.String, com.squareup.javawriter.ClassName\u003e importedClassIndex \u003d com.google.common.collect.HashBiMap.create();\n    for (com.squareup.javawriter.ClassName className : importCandidates) {\n        if (((!((className.packageName().equals(packageName)) \u0026\u0026 (!(className.enclosingClassName().isPresent())))) \u0026\u0026 (!((className.packageName().equals(\"java.lang\")) \u0026\u0026 (className.enclosingSimpleNames().isEmpty())))) \u0026\u0026 (!(typeNames.contains(className.topLevelClassName())))) {\n            com.google.common.base.Optional\u003ccom.squareup.javawriter.ClassName\u003e importCandidate \u003d com.google.common.base.Optional.of(className);\n            while ((importCandidate.isPresent()) \u0026\u0026 ((importedClassIndex.containsKey(importCandidate.get().simpleName())) || (declaredSimpleNames.contains(importCandidate.get().simpleName())))) {\n                importCandidate \u003d importCandidate.get().enclosingClassName();\n            } \n            if (importCandidate.isPresent()) {\n                appendable.append(\"import \").append(importCandidate.get().canonicalName()).append(\";\\n\");\n                importedClassIndex.put(importCandidate.get().simpleName(), importCandidate.get());\n            }\n        }\n    }\n    if (importedClassIndex.isEmpty()) {\n        appendable.append(\u0027\\n\u0027);\n    }\n    com.squareup.javawriter.JavaWriter.CompilationUnitContext context \u003d new com.squareup.javawriter.JavaWriter.CompilationUnitContext(packageName, com.google.common.collect.ImmutableSet.copyOf(importedClassIndex.values()));\n    java.lang.String sep \u003d \"\";\n    for (com.squareup.javawriter.TypeWriter typeWriter : typeWriters) {\n        appendable.append(sep);\n        typeWriter.write(appendable, context.createSubcontext(typeNames));\n        sep \u003d \"\\n\";\n    }\n    return appendable;\n}",
                "dst_parent": "null"
              },
              "line": 155,
              "file": "/home/khesoem/projects/lighter/exp/src/main/java/com/squareup/javawriter/JavaWriter.java",
              "stats": {
                "number_of_src_entities": 32,
                "number_of_dst_entities": -1,
                "src_entity_types": "[com.google.common.collect.BiMap\u003cjava.lang.String, com.squareup.javawriter.ClassName\u003e, java.lang.Appendable, java.lang.String, char, com.squareup.javawriter.ClassName]",
                "dst_entity_types": "[]"
              }
            }
          ]
        }
      ]
    }
  ],
  "complete_analysis": true
}