{
  "instances": [
    {
      "revision": "05f112c2cd41fc5c0a190c62da658ea18d3821f3",
      "repairability": [
        {
          "tool-name": "JGenProg",
          "pattern-name": "JGenProg:any_statement_shallow",
          "Unified_Diff_of-files:": "Starts Below...",
          "DELETE:": "import dk.alexandra.fresco.framework.MPCException;",
          "CHANGE_old:": "      throw new MPCException(\"Inconsistent data\");",
          "CHANGE_new:": "      throw new IllegalArgumentException(\"Inconsistent data\");",
          "instance_detail": [
            {
              "pattern_action": "ANY",
              "pattern_entity": {
                "entity_type": "*",
                "entity_new value": "*",
                "entity_role": "Statement",
                "entity_parent": "null"
              },
              "concrete_change": {
                "operator": "DEL",
                "src_type": "LocalVariable",
                "dst_type": "null",
                "src": "int zeroBatches \u003d 0",
                "dst": "null",
                "src_parent_type": "Block",
                "dst_parent_type": "null",
                "src_parent": "{\n    int batch \u003d 0;\n    int totalProtocols \u003d 0;\n    int totalBatches \u003d 0;\n    int zeroBatches \u003d 0;\n    dk.alexandra.fresco.framework.sce.evaluator.NetworkBatchDecorator networkBatchDecorator \u003d createSceNetwork(resourcePool, network);\n    dk.alexandra.fresco.suite.ProtocolSuite.RoundSynchronization\u003cResourcePoolT\u003e roundSynchronization \u003d protocolSuite.createRoundSynchronization();\n    do {\n        dk.alexandra.fresco.framework.sce.evaluator.ProtocolCollectionList\u003cResourcePoolT\u003e protocols \u003d new dk.alexandra.fresco.framework.sce.evaluator.ProtocolCollectionList(maxBatchSize);\n        protocolProducer.getNextProtocols(protocols);\n        int size \u003d protocols.size();\n        roundSynchronization.beforeBatch(protocols, resourcePool, network);\n        batchEvaluator.processBatch(protocols, resourcePool, networkBatchDecorator);\n        logger.trace(((((\"Done evaluating batch: \" + (batch++)) + \" with \") + size) + \" native protocols\"));\n        if (size \u003d\u003d 0) {\n            logger.debug(((\"Batch \" + batch) + \" is empty\"));\n        }\n        totalProtocols +\u003d size;\n        totalBatches +\u003d 1;\n        if (size \u003d\u003d 0) {\n            zeroBatches++;\n        } else {\n            zeroBatches \u003d 0;\n        }\n        roundSynchronization.finishedBatch(size, resourcePool, network);\n    } while (protocolProducer.hasNextProtocols() );\n    logger.debug(((((\"Evaluator done. Evaluated a total of \" + totalProtocols) + \" native protocols in \") + totalBatches) + \" batches.\"));\n    roundSynchronization.finishedEval(resourcePool, network);\n}",
                "dst_parent": "null"
              },
              "line": 53,
              "file": "/home/khesoem/projects/lighter/exp/core/src/main/java/dk/alexandra/fresco/framework/sce/evaluator/BatchedProtocolEvaluator.java",
              "stats": {
                "number_of_src_entities": 4,
                "number_of_dst_entities": -1,
                "src_entity_types": "[int]",
                "dst_entity_types": "[]"
              }
            }
          ]
        },
        {
          "tool-name": "JGenProg",
          "pattern-name": "JGenProg:any_statement_shallow",
          "Unified_Diff_of-files:": "Starts Below...",
          "DELETE:": "import dk.alexandra.fresco.framework.MPCException;",
          "CHANGE_old:": "      throw new MPCException(\"Inconsistent data\");",
          "CHANGE_new:": "      throw new IllegalArgumentException(\"Inconsistent data\");",
          "instance_detail": [
            {
              "pattern_action": "ANY",
              "pattern_entity": {
                "entity_type": "*",
                "entity_new value": "*",
                "entity_role": "Statement",
                "entity_parent": "null"
              },
              "concrete_change": {
                "operator": "DEL",
                "src_type": "UnaryOperator",
                "dst_type": "null",
                "src": "zeroBatches++",
                "dst": "null",
                "src_parent_type": "Block",
                "dst_parent_type": "null",
                "src_parent": "{\n    zeroBatches++;\n}",
                "dst_parent": "null"
              },
              "line": 72,
              "file": "/home/khesoem/projects/lighter/exp/core/src/main/java/dk/alexandra/fresco/framework/sce/evaluator/BatchedProtocolEvaluator.java"
            }
          ]
        },
        {
          "tool-name": "JGenProg",
          "pattern-name": "JGenProg:any_statement_shallow",
          "Unified_Diff_of-files:": "Starts Below...",
          "DELETE:": "import dk.alexandra.fresco.framework.MPCException;",
          "CHANGE_old:": "      throw new MPCException(\"Inconsistent data\");",
          "CHANGE_new:": "      throw new IllegalArgumentException(\"Inconsistent data\");",
          "instance_detail": [
            {
              "pattern_action": "ANY",
              "pattern_entity": {
                "entity_type": "*",
                "entity_new value": "*",
                "entity_role": "Statement",
                "entity_parent": "null"
              },
              "concrete_change": {
                "operator": "DEL",
                "src_type": "Assignment",
                "dst_type": "null",
                "src": "zeroBatches \u003d 0",
                "dst": "null",
                "src_parent_type": "Block",
                "dst_parent_type": "null",
                "src_parent": "{\n    zeroBatches \u003d 0;\n}",
                "dst_parent": "null"
              },
              "line": 74,
              "file": "/home/khesoem/projects/lighter/exp/core/src/main/java/dk/alexandra/fresco/framework/sce/evaluator/BatchedProtocolEvaluator.java"
            }
          ]
        },
        {
          "tool-name": "JGenProg",
          "pattern-name": "JGenProg:any_statement_shallow",
          "Unified_Diff_of-files:": "Starts Below...",
          "DELETE:": "import dk.alexandra.fresco.framework.MPCException;",
          "CHANGE_old:": "      throw new MPCException(\"Inconsistent data\");",
          "CHANGE_new:": "      throw new IllegalArgumentException(\"Inconsistent data\");",
          "instance_detail": [
            {
              "pattern_action": "ANY",
              "pattern_entity": {
                "entity_type": "*",
                "entity_new value": "*",
                "entity_role": "Statement",
                "entity_parent": "null"
              },
              "concrete_change": {
                "operator": "DEL",
                "src_type": "If",
                "dst_type": "null",
                "src": "if (size \u003d\u003d 0) {\n    zeroBatches++;\n} else {\n    zeroBatches \u003d 0;\n}",
                "dst": "null",
                "src_parent_type": "Block",
                "dst_parent_type": "null",
                "src_parent": "{\n    dk.alexandra.fresco.framework.sce.evaluator.ProtocolCollectionList\u003cResourcePoolT\u003e protocols \u003d new dk.alexandra.fresco.framework.sce.evaluator.ProtocolCollectionList(maxBatchSize);\n    protocolProducer.getNextProtocols(protocols);\n    int size \u003d protocols.size();\n    roundSynchronization.beforeBatch(protocols, resourcePool, network);\n    batchEvaluator.processBatch(protocols, resourcePool, networkBatchDecorator);\n    logger.trace(((((\"Done evaluating batch: \" + (batch++)) + \" with \") + size) + \" native protocols\"));\n    if (size \u003d\u003d 0) {\n        logger.debug(((\"Batch \" + batch) + \" is empty\"));\n    }\n    totalProtocols +\u003d size;\n    totalBatches +\u003d 1;\n    if (size \u003d\u003d 0) {\n        zeroBatches++;\n    } else {\n        zeroBatches \u003d 0;\n    }\n    roundSynchronization.finishedBatch(size, resourcePool, network);\n}",
                "dst_parent": "null"
              },
              "line": 71,
              "file": "/home/khesoem/projects/lighter/exp/core/src/main/java/dk/alexandra/fresco/framework/sce/evaluator/BatchedProtocolEvaluator.java",
              "stats": {
                "number_of_src_entities": 22,
                "number_of_dst_entities": -1,
                "src_entity_types": "[int, boolean]",
                "dst_entity_types": "[]"
              }
            }
          ]
        },
        {
          "tool-name": "JGenProg",
          "pattern-name": "JGenProg:any_statement_shallow",
          "Unified_Diff_of-files:": "Starts Below...",
          "DELETE:": "import dk.alexandra.fresco.framework.MPCException;",
          "CHANGE_old:": "      throw new MPCException(\"Inconsistent data\");",
          "CHANGE_new:": "      throw new IllegalArgumentException(\"Inconsistent data\");",
          "instance_detail": [
            {
              "pattern_action": "ANY",
              "pattern_entity": {
                "entity_type": "*",
                "entity_new value": "*",
                "entity_role": "Statement",
                "entity_parent": "null"
              },
              "concrete_change": {
                "operator": "DEL",
                "src_type": "Invocation",
                "dst_type": "null",
                "src": "logger.debug(((((\"Evaluator done. Evaluated a total of \" + totalProtocols) + \" native protocols in \") + totalBatches) + \" batches.\"))",
                "dst": "null",
                "src_parent_type": "Block",
                "dst_parent_type": "null",
                "src_parent": "{\n    int batch \u003d 0;\n    int totalProtocols \u003d 0;\n    int totalBatches \u003d 0;\n    int zeroBatches \u003d 0;\n    dk.alexandra.fresco.framework.sce.evaluator.NetworkBatchDecorator networkBatchDecorator \u003d createSceNetwork(resourcePool, network);\n    dk.alexandra.fresco.suite.ProtocolSuite.RoundSynchronization\u003cResourcePoolT\u003e roundSynchronization \u003d protocolSuite.createRoundSynchronization();\n    do {\n        dk.alexandra.fresco.framework.sce.evaluator.ProtocolCollectionList\u003cResourcePoolT\u003e protocols \u003d new dk.alexandra.fresco.framework.sce.evaluator.ProtocolCollectionList(maxBatchSize);\n        protocolProducer.getNextProtocols(protocols);\n        int size \u003d protocols.size();\n        roundSynchronization.beforeBatch(protocols, resourcePool, network);\n        batchEvaluator.processBatch(protocols, resourcePool, networkBatchDecorator);\n        logger.trace(((((\"Done evaluating batch: \" + (batch++)) + \" with \") + size) + \" native protocols\"));\n        if (size \u003d\u003d 0) {\n            logger.debug(((\"Batch \" + batch) + \" is empty\"));\n        }\n        totalProtocols +\u003d size;\n        totalBatches +\u003d 1;\n        if (size \u003d\u003d 0) {\n            zeroBatches++;\n        } else {\n            zeroBatches \u003d 0;\n        }\n        roundSynchronization.finishedBatch(size, resourcePool, network);\n    } while (protocolProducer.hasNextProtocols() );\n    logger.debug(((((\"Evaluator done. Evaluated a total of \" + totalProtocols) + \" native protocols in \") + totalBatches) + \" batches.\"));\n    roundSynchronization.finishedEval(resourcePool, network);\n}",
                "dst_parent": "null"
              },
              "line": 85,
              "file": "/home/khesoem/projects/lighter/exp/core/src/main/java/dk/alexandra/fresco/framework/sce/evaluator/BatchedProtocolEvaluator.java",
              "stats": {
                "number_of_src_entities": 46,
                "number_of_dst_entities": -1,
                "src_entity_types": "[int, dk.alexandra.fresco.framework.sce.evaluator.BatchedProtocolEvaluator, java.lang.String, org.slf4j.Logger]",
                "dst_entity_types": "[]"
              }
            }
          ]
        }
      ]
    },
    {
      "revision": "05f112c2cd41fc5c0a190c62da658ea18d3821f3",
      "repairability": [
        {
          "tool-name": "JGenProg",
          "pattern-name": "JGenProg:any_statement_shallow",
          "Unified_Diff_of-files:": "Starts Below...",
          "DELETE:": "import dk.alexandra.fresco.framework.MPCException;",
          "CHANGE_old:": "      throw new MPCException(\"Inconsistent data\");",
          "CHANGE_new:": "      throw new IllegalArgumentException(\"Inconsistent data\");",
          "instance_detail": [
            {
              "pattern_action": "ANY",
              "pattern_entity": {
                "entity_type": "*",
                "entity_new value": "*",
                "entity_role": "Statement",
                "entity_parent": "null"
              },
              "concrete_change": {
                "operator": "DEL",
                "src_type": "Return",
                "dst_type": "null",
                "src": "return () -\u003e state.value",
                "dst": "null",
                "src_parent_type": "Block",
                "dst_parent_type": "null",
                "src_parent": "{\n    return () -\u003e state.value;\n}",
                "dst_parent": "null"
              },
              "line": 38,
              "file": "/home/khesoem/projects/lighter/exp/core/src/main/java/dk/alexandra/fresco/framework/builder/numeric/DefaultPreprocessedValues.java",
              "stats": {
                "number_of_src_entities": 4,
                "number_of_dst_entities": -1,
                "src_entity_types": "[]",
                "dst_entity_types": "[]"
              }
            }
          ]
        }
      ]
    }
  ],
  "complete_analysis": true
}