{
  "instances": [
    {
      "revision": "51f510443640d51d5c808a96be0250f091c5c067",
      "repairability": [
        {
          "tool-name": "Arja",
          "pattern-name": "Arja:arja_deep_change",
          "Unified_Diff_of-files:": "Starts Below...",
          "INSERT:": "}",
          "instance_detail": [
            {
              "pattern_action": "ANY",
              "pattern_entity": {
                "entity_type": "*",
                "entity_new value": "*",
                "entity_role": "*",
                "entity_parent": {
                  "entity_type": "Statement",
                  "entity_new value": "*",
                  "entity_role": "*",
                  "entity_parent": "null"
                }
              },
              "concrete_change": {
                "operator": "UPD",
                "src_type": "FieldWrite",
                "dst_type": "FieldWrite",
                "src": "this.helper",
                "dst": "this.translationService",
                "src_parent_type": "Assignment",
                "dst_parent_type": "Assignment",
                "src_parent": "this.helper \u003d helper",
                "dst_parent": "this.translationService \u003d translationService"
              },
              "line": 38,
              "file": "/home/khesoem/projects/lighter/exp/src/main/java/org/broadinstitute/dsde/consent/ontology/resources/TranslateResource.java",
              "stats": {
                "number_of_src_entities": 12,
                "number_of_dst_entities": 12,
                "src_entity_types": "[org.broadinstitute.dsde.consent.ontology.resources.TranslateResource]",
                "dst_entity_types": "[org.broadinstitute.dsde.consent.ontology.resources.TranslateResource]"
              }
            }
          ]
        }
      ]
    }
  ],
  "complete_analysis": true
}