{
  "instances": [
    {
      "revision": "aefa3d2448ba4fe1a75fd8e5ce1a23aab432fdce",
      "repairability": [
        {
          "tool-name": "Arja",
          "pattern-name": "Arja:arja_shallow_change",
          "Unified_Diff_of-files:": "Starts Below...",
          "CHANGE_old:": "        this.dataset \u003d dataset;",
          "CHANGE_new:": "        this.consent \u003d consent;",
          "instance_detail": [
            {
              "pattern_action": "ANY",
              "pattern_entity": {
                "entity_type": "Statement",
                "entity_new value": "*",
                "entity_role": "*",
                "entity_parent": "null"
              },
              "concrete_change": {
                "operator": "DEL",
                "src_type": "Invocation",
                "dst_type": "null",
                "src": "(matchPair.toString())",
                "dst": "null",
                "src_parent_type": "BinaryOperator",
                "dst_parent_type": "null",
                "src_parent": "(\"Received the following: \" + (matchPair.toString()))",
                "dst_parent": "null"
              },
              "line": 80,
              "file": "/home/khesoem/projects/lighter/exp/src/main/java/org/broadinstitute/dsde/consent/ontology/resources/MatchResource.java"
            }
          ]
        },
        {
          "tool-name": "Arja",
          "pattern-name": "Arja:arja_shallow_change",
          "Unified_Diff_of-files:": "Starts Below...",
          "CHANGE_old:": "        this.dataset \u003d dataset;",
          "CHANGE_new:": "        this.consent \u003d consent;",
          "instance_detail": [
            {
              "pattern_action": "ANY",
              "pattern_entity": {
                "entity_type": "Statement",
                "entity_new value": "*",
                "entity_role": "*",
                "entity_parent": "null"
              },
              "concrete_change": {
                "operator": "DEL",
                "src_type": "Invocation",
                "dst_type": "null",
                "src": "log.debug((\"Received the following: \" + (matchPair.toString())))",
                "dst": "null",
                "src_parent_type": "Block",
                "dst_parent_type": "null",
                "src_parent": "{\n    akka.util.Timeout timeout \u003d new akka.util.Timeout(scala.concurrent.duration.Duration.create(15000, \"seconds\"));\n    log.debug((\"Received the following: \" + (matchPair.toString())));\n    java.util.Collection\u003cjava.net.URL\u003e urls \u003d storeOntologyService.retrieveOntologyURLs();\n    final org.broadinstitute.dsde.consent.ontology.actor.MatchWorkerMessage matchMessage \u003d new org.broadinstitute.dsde.consent.ontology.actor.MatchWorkerMessage(urls, matchPair);\n    final scala.concurrent.Future\u003cjava.lang.Object\u003e matchFuture \u003d akka.pattern.Patterns.ask(org.broadinstitute.dsde.consent.ontology.resources.MatchResource.matchWorkerActor, matchMessage, timeout);\n    matchFuture.onComplete(new akka.dispatch.OnComplete\u003cjava.lang.Object\u003e() {\n        @java.lang.Override\n        public void onComplete(java.lang.Throwable failure, java.lang.Object result) {\n            if (failure !\u003d null) {\n                log.error((\"Failure: \" + (failure.getMessage())));\n                if (failure instanceof java.lang.InternalError) {\n                    response.resume(new javax.ws.rs.WebApplicationException(failure.getMessage(), Response.Status.INTERNAL_SERVER_ERROR));\n                }\n                response.resume(new javax.ws.rs.WebApplicationException(failure));\n            } else {\n                response.resume(com.google.common.collect.ImmutableMap.of(\"result\", result, \"matchPair\", matchPair));\n            }\n        }\n    }, org.broadinstitute.dsde.consent.ontology.resources.MatchResource.actorSystem.dispatcher());\n}",
                "dst_parent": "null"
              },
              "line": 80,
              "file": "/home/khesoem/projects/lighter/exp/src/main/java/org/broadinstitute/dsde/consent/ontology/resources/MatchResource.java",
              "stats": {
                "number_of_src_entities": 31,
                "number_of_dst_entities": -1,
                "src_entity_types": "[org.apache.log4j.Category, org.broadinstitute.dsde.consent.ontology.resources.MatchResource, java.lang.String, org.broadinstitute.dsde.consent.ontology.resources.MatchPair]",
                "dst_entity_types": "[]"
              }
            }
          ]
        }
      ]
    }
  ],
  "complete_analysis": true
}