{
  "instances": [
    {
      "revision": "c16c0a7005e07fe1a4a00dd782b8471854d15e2e",
      "repairability": [
        {
          "tool-name": "Arja",
          "pattern-name": "Arja:arja_shallow_change",
          "Unified_Diff_of-files:": "Starts Below...",
          "INSERT:": "        };",
          "CHANGE_old:": "        final KmsMasterKey result \u003d KmsMasterKey.getInstance(kms, keyId, this);",
          "CHANGE_new:": "        final KmsMasterKey result \u003d KmsMasterKey.getInstance(kmsSupplier, keyId, this);",
          "instance_detail": [
            {
              "pattern_action": "ANY",
              "pattern_entity": {
                "entity_type": "Statement",
                "entity_new value": "*",
                "entity_role": "*",
                "entity_parent": "null"
              },
              "concrete_change": {
                "operator": "DEL",
                "src_type": "If",
                "dst_type": "null",
                "src": "if (kms \u003d\u003d null) {\n    throw new com.amazonaws.encryptionsdk.exception.AwsCryptoException((\"Can\u0027t use keys from region \" + regionName));\n}",
                "dst": "null",
                "src_parent_type": "Block",
                "dst_parent_type": "null",
                "src_parent": "{\n    if (!(canProvide(provider))) {\n        throw new com.amazonaws.encryptionsdk.exception.UnsupportedProviderException();\n    }\n    java.lang.String regionName \u003d com.amazonaws.encryptionsdk.kms.KmsMasterKeyProvider.parseRegionfromKeyArn(keyId);\n    if ((regionName \u003d\u003d null) \u0026\u0026 ((defaultRegion_) !\u003d null)) {\n        regionName \u003d defaultRegion_;\n    }\n    com.amazonaws.services.kms.AWSKMS kms \u003d regionalClientSupplier_.getClient(regionName);\n    if (kms \u003d\u003d null) {\n        throw new com.amazonaws.encryptionsdk.exception.AwsCryptoException((\"Can\u0027t use keys from region \" + regionName));\n    }\n    final com.amazonaws.encryptionsdk.kms.KmsMasterKey result \u003d com.amazonaws.encryptionsdk.kms.KmsMasterKey.getInstance(kms, keyId, this);\n    result.setGrantTokens(grantTokens_);\n    return result;\n}",
                "dst_parent": "null"
              },
              "line": 521,
              "file": "/home/khesoem/projects/lighter/exp/src/main/java/com/amazonaws/encryptionsdk/kms/KmsMasterKeyProvider.java",
              "stats": {
                "number_of_src_entities": 28,
                "number_of_dst_entities": -1,
                "src_entity_types": "[java.lang.String, com.amazonaws.encryptionsdk.exception.AwsCryptoException, \u003cnulltype\u003e, com.amazonaws.services.kms.AWSKMS]",
                "dst_entity_types": "[]"
              }
            }
          ]
        }
      ]
    }
  ],
  "complete_analysis": true
}