{
  "instances": [
    {
      "revision": "6b31cf02f343fa2ee7551f90467b3af7925564df",
      "repairability": [
        {
          "tool-name": "JKali",
          "pattern-name": "JKali:add_rtrn",
          "Unified_Diff_of-files:": "Starts Below...",
          "INSERT:": "",
          "instance_detail": [
            {
              "pattern_action": "INS",
              "pattern_entity": {
                "entity_type": "Return",
                "entity_new value": "*",
                "entity_role": "Statement",
                "entity_parent": "null"
              },
              "concrete_change": {
                "operator": "INS",
                "src_type": "Return",
                "dst_type": "null",
                "src": "return com.milaboratory.core.sequence.NucleotideSequence.ONE_LETTER_SEQUENCES[letter]",
                "dst": "null",
                "src_parent_type": "Block",
                "dst_parent_type": "null",
                "src_parent": "{\n    return com.milaboratory.core.sequence.NucleotideSequence.ONE_LETTER_SEQUENCES[letter];\n}",
                "dst_parent": "null"
              },
              "line": 124,
              "file": "/home/khesoem/projects/lighter/exp/src/main/java/com/milaboratory/core/sequence/NucleotideSequence.java"
            }
          ]
        },
        {
          "tool-name": "JKali",
          "pattern-name": "JKali:add_rtrn",
          "Unified_Diff_of-files:": "Starts Below...",
          "INSERT:": "",
          "instance_detail": [
            {
              "pattern_action": "INS",
              "pattern_entity": {
                "entity_type": "Return",
                "entity_new value": "*",
                "entity_role": "Statement",
                "entity_parent": "null"
              },
              "concrete_change": {
                "operator": "INS",
                "src_type": "Return",
                "dst_type": "null",
                "src": "return range.isReverse() ? com.milaboratory.core.sequence.NucleotideSequence.getOneLetterSequence(com.milaboratory.core.sequence.NucleotideAlphabet.complementCode(data[range.getFrom()])) : com.milaboratory.core.sequence.NucleotideSequence.getOneLetterSequence(data[range.getFrom()])",
                "dst": "null",
                "src_parent_type": "Block",
                "dst_parent_type": "null",
                "src_parent": "return range.isReverse() ? com.milaboratory.core.sequence.NucleotideSequence.getOneLetterSequence(com.milaboratory.core.sequence.NucleotideAlphabet.complementCode(data[range.getFrom()])) : com.milaboratory.core.sequence.NucleotideSequence.getOneLetterSequence(data[range.getFrom()]);\n",
                "dst_parent": "null"
              },
              "line": 171,
              "file": "/home/khesoem/projects/lighter/exp/src/main/java/com/milaboratory/core/sequence/NucleotideSequence.java"
            }
          ]
        }
      ]
    }
  ],
  "complete_analysis": true
}