{
  "instances": [
    {
      "revision": "d5957ab507fb024975cc20960b82454821b610a3",
      "repairability": [
        {
          "tool-name": "JKali",
          "pattern-name": "JKali:add_rtrn",
          "Unified_Diff_of-files:": "Starts Below...",
          "INSERT:": "            throw new IllegalArgumentException(\"windowSize must be \u0026gt; 0\");",
          "instance_detail": [
            {
              "pattern_action": "INS",
              "pattern_entity": {
                "entity_type": "Return",
                "entity_new value": "*",
                "entity_role": "Statement",
                "entity_parent": "null"
              },
              "concrete_change": {
                "operator": "INS",
                "src_type": "Return",
                "dst_type": "null",
                "src": "return ranges.toArray(new com.milaboratory.core.Range[0])",
                "dst": "null",
                "src_parent_type": "Block",
                "dst_parent_type": "null",
                "src_parent": "{\n    java.util.ArrayList\u003ccom.milaboratory.core.Range\u003e ranges \u003d new java.util.ArrayList\u003c\u003e();\n    com.milaboratory.core.sequence.quality.QualityTrimmer.findIslands(quality, parameters, 0, (+1), false, ranges);\n    return ranges.toArray(new com.milaboratory.core.Range[0]);\n}",
                "dst_parent": "null"
              },
              "line": 199,
              "file": "/home/khesoem/projects/lighter/exp/src/main/java/com/milaboratory/core/sequence/quality/QualityTrimmer.java"
            }
          ]
        },
        {
          "tool-name": "JKali",
          "pattern-name": "JKali:add_rtrn",
          "Unified_Diff_of-files:": "Starts Below...",
          "INSERT:": "            throw new IllegalArgumentException(\"windowSize must be \u0026gt; 0\");",
          "instance_detail": [
            {
              "pattern_action": "INS",
              "pattern_entity": {
                "entity_type": "Return",
                "entity_new value": "*",
                "entity_role": "Statement",
                "entity_parent": "null"
              },
              "concrete_change": {
                "operator": "INS",
                "src_type": "Return",
                "dst_type": "null",
                "src": "return ranges.toArray(new com.milaboratory.core.Range[0])",
                "dst": "null",
                "src_parent_type": "Block",
                "dst_parent_type": "null",
                "src_parent": "{\n    java.util.ArrayList\u003ccom.milaboratory.core.Range\u003e ranges \u003d new java.util.ArrayList\u003c\u003e();\n    com.milaboratory.core.sequence.quality.QualityTrimmer.findIslands(quality, parameters, from, direction, isReversed, ranges);\n    return ranges.toArray(new com.milaboratory.core.Range[0]);\n}",
                "dst_parent": "null"
              },
              "line": 208,
              "file": "/home/khesoem/projects/lighter/exp/src/main/java/com/milaboratory/core/sequence/quality/QualityTrimmer.java"
            }
          ]
        },
        {
          "tool-name": "JKali",
          "pattern-name": "JKali:add_rtrn",
          "Unified_Diff_of-files:": "Starts Below...",
          "INSERT:": "            throw new IllegalArgumentException(\"windowSize must be \u0026gt; 0\");",
          "instance_detail": [
            {
              "pattern_action": "INS",
              "pattern_entity": {
                "entity_type": "Return",
                "entity_new value": "*",
                "entity_role": "Statement",
                "entity_parent": "null"
              },
              "concrete_change": {
                "operator": "INS",
                "src_type": "Return",
                "dst_type": "null",
                "src": "return ranges.toArray(new com.milaboratory.core.Range[0])",
                "dst": "null",
                "src_parent_type": "Block",
                "dst_parent_type": "null",
                "src_parent": "{\n    int lowerInitial \u003d com.milaboratory.core.sequence.quality.QualityTrimmer.pabs(com.milaboratory.core.sequence.quality.QualityTrimmer.trim(quality, 0, initialRange.getLower(), (-1), false, parameters));\n    int upperInitial \u003d (com.milaboratory.core.sequence.quality.QualityTrimmer.pabs(com.milaboratory.core.sequence.quality.QualityTrimmer.trim(quality, initialRange.getUpper(), quality.size(), (+1), false, parameters))) + 1;\n    java.util.ArrayList\u003ccom.milaboratory.core.Range\u003e ranges \u003d new java.util.ArrayList\u003c\u003e();\n    ranges.add(new com.milaboratory.core.Range(lowerInitial, upperInitial, initialRange.isReverse()));\n    if (lowerInitial \u003e ((parameters.getWindowSize()) - 1))\n        com.milaboratory.core.sequence.quality.QualityTrimmer.findIslands(quality, parameters, (lowerInitial - 1), (-1), initialRange.isReverse(), ranges);\n\n    if (upperInitial \u003c\u003d ((quality.size()) - (parameters.getWindowSize())))\n        com.milaboratory.core.sequence.quality.QualityTrimmer.findIslands(quality, parameters, upperInitial, (+1), initialRange.isReverse(), ranges);\n\n    return ranges.toArray(new com.milaboratory.core.Range[0]);\n}",
                "dst_parent": "null"
              },
              "line": 272,
              "file": "/home/khesoem/projects/lighter/exp/src/main/java/com/milaboratory/core/sequence/quality/QualityTrimmer.java"
            }
          ]
        },
        {
          "tool-name": "JKali",
          "pattern-name": "JKali:add_rtrn",
          "Unified_Diff_of-files:": "Starts Below...",
          "INSERT:": "            throw new IllegalArgumentException(\"windowSize must be \u0026gt; 0\");",
          "instance_detail": [
            {
              "pattern_action": "INS",
              "pattern_entity": {
                "entity_type": "Return",
                "entity_new value": "*",
                "entity_role": "Statement",
                "entity_parent": "null"
              },
              "concrete_change": {
                "operator": "INS",
                "src_type": "Return",
                "dst_type": "null",
                "src": "return position - scanIncrement",
                "dst": "null",
                "src_parent_type": "Block",
                "dst_parent_type": "null",
                "src_parent": "{\n    for (int i \u003d 0; i \u003c windowSize; i++) {\n        windowEndPosition -\u003d scanIncrement;\n        position -\u003d scanIncrement;\n        if ((windowEndPosition \u003c 0) || (windowEndPosition \u003e\u003d (quality.size())))\n            return (scanIncrement \u003d\u003d 1 ? leftmostPosition : rightmostPosition - 1) - scanIncrement;\n\n        sum +\u003d quality.value(windowEndPosition);\n        sum -\u003d quality.value(position);\n        if (searchForRise ^ (sum \u003e\u003d sumThreshold)) {\n            while ((searchForRise ^ ((quality.value(position)) \u003c averageQualityThreshold)) \u0026\u0026 (i \u003c windowSize)) {\n                position -\u003d scanIncrement;\n                ++i;\n            } \n            return position;\n        }\n    }\n    return position - scanIncrement;\n}",
                "dst_parent": "null"
              },
              "line": 104,
              "file": "/home/khesoem/projects/lighter/exp/src/main/java/com/milaboratory/core/sequence/quality/QualityTrimmer.java"
            }
          ]
        },
        {
          "tool-name": "JKali",
          "pattern-name": "JKali:add_rtrn",
          "Unified_Diff_of-files:": "Starts Below...",
          "INSERT:": "            throw new IllegalArgumentException(\"windowSize must be \u0026gt; 0\");",
          "instance_detail": [
            {
              "pattern_action": "INS",
              "pattern_entity": {
                "entity_type": "Return",
                "entity_new value": "*",
                "entity_role": "Statement",
                "entity_parent": "null"
              },
              "concrete_change": {
                "operator": "INS",
                "src_type": "Return",
                "dst_type": "null",
                "src": "return (scanIncrement \u003d\u003d 1 ? leftmostPosition : rightmostPosition - 1) - scanIncrement",
                "dst": "null",
                "src_parent_type": "Block",
                "dst_parent_type": "null",
                "src_parent": "return (scanIncrement \u003d\u003d 1 ? leftmostPosition : rightmostPosition - 1) - scanIncrement;\n",
                "dst_parent": "null"
              },
              "line": 91,
              "file": "/home/khesoem/projects/lighter/exp/src/main/java/com/milaboratory/core/sequence/quality/QualityTrimmer.java"
            }
          ]
        },
        {
          "tool-name": "JKali",
          "pattern-name": "JKali:add_rtrn",
          "Unified_Diff_of-files:": "Starts Below...",
          "INSERT:": "            throw new IllegalArgumentException(\"windowSize must be \u0026gt; 0\");",
          "instance_detail": [
            {
              "pattern_action": "INS",
              "pattern_entity": {
                "entity_type": "Return",
                "entity_new value": "*",
                "entity_role": "Statement",
                "entity_parent": "null"
              },
              "concrete_change": {
                "operator": "INS",
                "src_type": "Return",
                "dst_type": "null",
                "src": "return position",
                "dst": "null",
                "src_parent_type": "Block",
                "dst_parent_type": "null",
                "src_parent": "{\n    while ((searchForRise ^ ((quality.value(position)) \u003c averageQualityThreshold)) \u0026\u0026 (i \u003c windowSize)) {\n        position -\u003d scanIncrement;\n        ++i;\n    } \n    return position;\n}",
                "dst_parent": "null"
              },
              "line": 101,
              "file": "/home/khesoem/projects/lighter/exp/src/main/java/com/milaboratory/core/sequence/quality/QualityTrimmer.java"
            }
          ]
        }
      ]
    }
  ],
  "complete_analysis": true
}