{
  "instances": [
    {
      "revision": "4674ca1c60541c862d4d9c3e8feb899c3ab12a89",
      "repairability": [
        {
          "tool-name": "JKali",
          "pattern-name": "JKali:add_rtrn",
          "Unified_Diff_of-files:": "Starts Below...",
          "INSERT:": "    @Override",
          "instance_detail": [
            {
              "pattern_action": "INS",
              "pattern_entity": {
                "entity_type": "Return",
                "entity_new value": "*",
                "entity_role": "Statement",
                "entity_parent": "null"
              },
              "concrete_change": {
                "operator": "INS",
                "src_type": "Return",
                "dst_type": "null",
                "src": "return hits.isEmpty() ? null : hits.get(0)",
                "dst": "null",
                "src_parent_type": "Block",
                "dst_parent_type": "null",
                "src_parent": "{\n    return hits.isEmpty() ? null : hits.get(0);\n}",
                "dst_parent": "null"
              },
              "line": 61,
              "file": "/home/khesoem/projects/lighter/exp/src/main/java/com/milaboratory/core/alignment/kaligner2/KAlignmentResult2.java"
            }
          ]
        }
      ]
    },
    {
      "revision": "4674ca1c60541c862d4d9c3e8feb899c3ab12a89",
      "repairability": [
        {
          "tool-name": "JKali",
          "pattern-name": "JKali:add_rtrn",
          "Unified_Diff_of-files:": "Starts Below...",
          "INSERT:": "    @Override",
          "instance_detail": [
            {
              "pattern_action": "INS",
              "pattern_entity": {
                "entity_type": "Return",
                "entity_new value": "*",
                "entity_role": "Statement",
                "entity_parent": "null"
              },
              "concrete_change": {
                "operator": "INS",
                "src_type": "Return",
                "dst_type": "null",
                "src": "return hits.isEmpty() ? null : hits.get(0)",
                "dst": "null",
                "src_parent_type": "Block",
                "dst_parent_type": "null",
                "src_parent": "{\n    return hits.isEmpty() ? null : hits.get(0);\n}",
                "dst_parent": "null"
              },
              "line": 24,
              "file": "/home/khesoem/projects/lighter/exp/src/main/java/com/milaboratory/core/alignment/batch/AlignmentResultImpl.java"
            }
          ]
        }
      ]
    }
  ],
  "complete_analysis": true
}