{
  "instances": [
    {
      "revision": "4dc7e2b38e6e93f4a1d23c685c11cdf958fb80e3",
      "repairability": [
        {
          "tool-name": "JKali",
          "pattern-name": "JKali:del",
          "Unified_Diff_of-files:": "Starts Below...",
          "INSERT:": "",
          "CHANGE_old:": "    public static final Settings DEFAULT_SETTINGS \u003d new Settings(false, true, false, \u0027.\u0027, \u0027 \u0027);",
          "CHANGE_new:": "    public static final Settings DEFAULT_SETTINGS \u003d new Settings(false, true, false, \u0027 \u0027, \u0027 \u0027);",
          "instance_detail": [
            {
              "pattern_action": "DEL",
              "pattern_entity": {
                "entity_type": "*",
                "entity_new value": "*",
                "entity_role": "Statement",
                "entity_parent": "null"
              },
              "concrete_change": {
                "operator": "DEL",
                "src_type": "Assignment",
                "dst_type": "null",
                "src": "leftColumn[0] \u003d \"\" + (getSubjectFrom())",
                "dst": "null",
                "src_parent_type": "Block",
                "dst_parent_type": "null",
                "src_parent": "{\n    int aCount \u003d queries.length;\n    java.lang.String[] leftColumn \u003d new java.lang.String[(queries.length) + 1];\n    leftColumn[0] \u003d \"\" + (getSubjectFrom());\n    for (int i \u003d 0; i \u003c aCount; i++)\n        leftColumn[(i + 1)] \u003d \"\" + (getQueryFrom(i));\n\n    com.milaboratory.core.alignment.MultiAlignmentHelper.fixedWidth(leftColumn);\n    leftColumn[0] \u003d (((subjectTitle) \u003d\u003d null ? \"\" : subjectTitle) + \" \") + (leftColumn[0]);\n    for (int i \u003d 0; i \u003c aCount; i++)\n        leftColumn[(i + 1)] \u003d (((queryTitles[i]) \u003d\u003d null ? \"\" : queryTitles[i]) + \" \") + (leftColumn[(i + 1)]);\n\n    com.milaboratory.core.alignment.MultiAlignmentHelper.fixedWidth(leftColumn);\n    java.lang.StringBuilder result \u003d new java.lang.StringBuilder();\n    result.append(leftColumn[0]).append(\" \").append(subject).append(\" \").append(getSubjectTo());\n    for (int i \u003d 0; i \u003c aCount; i++) {\n        result.append(\u0027\\n\u0027).append(leftColumn[(i + 1)]).append(\" \").append(queries[i]).append(\" \").append(getQueryTo(i));\n    }\n    return result.toString();\n}",
                "dst_parent": "null"
              },
              "line": 185,
              "file": "/home/khesoem/projects/lighter/exp/src/main/java/com/milaboratory/core/alignment/MultiAlignmentHelper.java",
              "stats": {
                "number_of_src_entities": 30,
                "number_of_dst_entities": -1,
                "src_entity_types": "[int, com.milaboratory.core.alignment.MultiAlignmentHelper, java.lang.String]",
                "dst_entity_types": "[]"
              }
            }
          ]
        },
        {
          "tool-name": "JKali",
          "pattern-name": "JKali:add_rtrn",
          "Unified_Diff_of-files:": "Starts Below...",
          "INSERT:": "",
          "CHANGE_old:": "    public static final Settings DEFAULT_SETTINGS \u003d new Settings(false, true, false, \u0027.\u0027, \u0027 \u0027);",
          "CHANGE_new:": "    public static final Settings DEFAULT_SETTINGS \u003d new Settings(false, true, false, \u0027 \u0027, \u0027 \u0027);",
          "instance_detail": [
            {
              "pattern_action": "INS",
              "pattern_entity": {
                "entity_type": "Return",
                "entity_new value": "*",
                "entity_role": "Statement",
                "entity_parent": "null"
              },
              "concrete_change": {
                "operator": "INS",
                "src_type": "Return",
                "dst_type": "null",
                "src": "return this",
                "dst": "null",
                "src_parent_type": "Block",
                "dst_parent_type": "null",
                "src_parent": "{\n    char[] chars \u003d new char[size()];\n    for (int i \u003d 0; i \u003c (size()); ++i)\n        chars[i] \u003d ((subjectPositions[i]) \u003c 0) ? \u0027 \u0027 : ((char) (33 + (quality.value(subjectPositions[i]))));\n\n    addAnnotationString(title, new java.lang.String(chars));\n    return this;\n}",
                "dst_parent": "null"
              },
              "line": 73,
              "file": "/home/khesoem/projects/lighter/exp/src/main/java/com/milaboratory/core/alignment/MultiAlignmentHelper.java"
            }
          ]
        },
        {
          "tool-name": "JKali",
          "pattern-name": "JKali:add_rtrn",
          "Unified_Diff_of-files:": "Starts Below...",
          "INSERT:": "",
          "CHANGE_old:": "    public static final Settings DEFAULT_SETTINGS \u003d new Settings(false, true, false, \u0027.\u0027, \u0027 \u0027);",
          "CHANGE_new:": "    public static final Settings DEFAULT_SETTINGS \u003d new Settings(false, true, false, \u0027 \u0027, \u0027 \u0027);",
          "instance_detail": [
            {
              "pattern_action": "INS",
              "pattern_entity": {
                "entity_type": "Return",
                "entity_new value": "*",
                "entity_role": "Statement",
                "entity_parent": "null"
              },
              "concrete_change": {
                "operator": "INS",
                "src_type": "Return",
                "dst_type": "null",
                "src": "return this",
                "dst": "null",
                "src_parent_type": "Block",
                "dst_parent_type": "null",
                "src_parent": "{\n    if ((string.length()) !\u003d (size()))\n        throw new java.lang.IllegalArgumentException();\n\n    annotationStrings.add(string);\n    annotationStringTitles.add(title);\n    return this;\n}",
                "dst_parent": "null"
              },
              "line": 81,
              "file": "/home/khesoem/projects/lighter/exp/src/main/java/com/milaboratory/core/alignment/MultiAlignmentHelper.java"
            }
          ]
        },
        {
          "tool-name": "JKali",
          "pattern-name": "JKali:add_rtrn",
          "Unified_Diff_of-files:": "Starts Below...",
          "INSERT:": "",
          "CHANGE_old:": "    public static final Settings DEFAULT_SETTINGS \u003d new Settings(false, true, false, \u0027.\u0027, \u0027 \u0027);",
          "CHANGE_new:": "    public static final Settings DEFAULT_SETTINGS \u003d new Settings(false, true, false, \u0027 \u0027, \u0027 \u0027);",
          "instance_detail": [
            {
              "pattern_action": "INS",
              "pattern_entity": {
                "entity_type": "Return",
                "entity_new value": "*",
                "entity_role": "Statement",
                "entity_parent": "null"
              },
              "concrete_change": {
                "operator": "INS",
                "src_type": "Return",
                "dst_type": "null",
                "src": "return subjectPositions[position]",
                "dst": "null",
                "src_parent_type": "Block",
                "dst_parent_type": "null",
                "src_parent": "{\n    return subjectPositions[position];\n}",
                "dst_parent": "null"
              },
              "line": 90,
              "file": "/home/khesoem/projects/lighter/exp/src/main/java/com/milaboratory/core/alignment/MultiAlignmentHelper.java"
            }
          ]
        },
        {
          "tool-name": "JKali",
          "pattern-name": "JKali:add_rtrn",
          "Unified_Diff_of-files:": "Starts Below...",
          "INSERT:": "",
          "CHANGE_old:": "    public static final Settings DEFAULT_SETTINGS \u003d new Settings(false, true, false, \u0027.\u0027, \u0027 \u0027);",
          "CHANGE_new:": "    public static final Settings DEFAULT_SETTINGS \u003d new Settings(false, true, false, \u0027 \u0027, \u0027 \u0027);",
          "instance_detail": [
            {
              "pattern_action": "INS",
              "pattern_entity": {
                "entity_type": "Return",
                "entity_new value": "*",
                "entity_role": "Statement",
                "entity_parent": "null"
              },
              "concrete_change": {
                "operator": "INS",
                "src_type": "Return",
                "dst_type": "null",
                "src": "return queryPositions[index][position]",
                "dst": "null",
                "src_parent_type": "Block",
                "dst_parent_type": "null",
                "src_parent": "{\n    return queryPositions[index][position];\n}",
                "dst_parent": "null"
              },
              "line": 94,
              "file": "/home/khesoem/projects/lighter/exp/src/main/java/com/milaboratory/core/alignment/MultiAlignmentHelper.java"
            }
          ]
        },
        {
          "tool-name": "JKali",
          "pattern-name": "JKali:add_rtrn",
          "Unified_Diff_of-files:": "Starts Below...",
          "INSERT:": "",
          "CHANGE_old:": "    public static final Settings DEFAULT_SETTINGS \u003d new Settings(false, true, false, \u0027.\u0027, \u0027 \u0027);",
          "CHANGE_new:": "    public static final Settings DEFAULT_SETTINGS \u003d new Settings(false, true, false, \u0027 \u0027, \u0027 \u0027);",
          "instance_detail": [
            {
              "pattern_action": "INS",
              "pattern_entity": {
                "entity_type": "Return",
                "entity_new value": "*",
                "entity_role": "Statement",
                "entity_parent": "null"
              },
              "concrete_change": {
                "operator": "INS",
                "src_type": "Return",
                "dst_type": "null",
                "src": "return com.milaboratory.core.alignment.MultiAlignmentHelper.aabs(subjectPositions[position])",
                "dst": "null",
                "src_parent_type": "Block",
                "dst_parent_type": "null",
                "src_parent": "{\n    return com.milaboratory.core.alignment.MultiAlignmentHelper.aabs(subjectPositions[position]);\n}",
                "dst_parent": "null"
              },
              "line": 98,
              "file": "/home/khesoem/projects/lighter/exp/src/main/java/com/milaboratory/core/alignment/MultiAlignmentHelper.java"
            }
          ]
        },
        {
          "tool-name": "JKali",
          "pattern-name": "JKali:add_rtrn",
          "Unified_Diff_of-files:": "Starts Below...",
          "INSERT:": "",
          "CHANGE_old:": "    public static final Settings DEFAULT_SETTINGS \u003d new Settings(false, true, false, \u0027.\u0027, \u0027 \u0027);",
          "CHANGE_new:": "    public static final Settings DEFAULT_SETTINGS \u003d new Settings(false, true, false, \u0027 \u0027, \u0027 \u0027);",
          "instance_detail": [
            {
              "pattern_action": "INS",
              "pattern_entity": {
                "entity_type": "Return",
                "entity_new value": "*",
                "entity_role": "Statement",
                "entity_parent": "null"
              },
              "concrete_change": {
                "operator": "INS",
                "src_type": "Return",
                "dst_type": "null",
                "src": "return com.milaboratory.core.alignment.MultiAlignmentHelper.aabs(queryPositions[index][position])",
                "dst": "null",
                "src_parent_type": "Block",
                "dst_parent_type": "null",
                "src_parent": "{\n    return com.milaboratory.core.alignment.MultiAlignmentHelper.aabs(queryPositions[index][position]);\n}",
                "dst_parent": "null"
              },
              "line": 102,
              "file": "/home/khesoem/projects/lighter/exp/src/main/java/com/milaboratory/core/alignment/MultiAlignmentHelper.java"
            }
          ]
        },
        {
          "tool-name": "JKali",
          "pattern-name": "JKali:add_rtrn",
          "Unified_Diff_of-files:": "Starts Below...",
          "INSERT:": "",
          "CHANGE_old:": "    public static final Settings DEFAULT_SETTINGS \u003d new Settings(false, true, false, \u0027.\u0027, \u0027 \u0027);",
          "CHANGE_new:": "    public static final Settings DEFAULT_SETTINGS \u003d new Settings(false, true, false, \u0027 \u0027, \u0027 \u0027);",
          "instance_detail": [
            {
              "pattern_action": "INS",
              "pattern_entity": {
                "entity_type": "Return",
                "entity_new value": "*",
                "entity_role": "Statement",
                "entity_parent": "null"
              },
              "concrete_change": {
                "operator": "INS",
                "src_type": "Return",
                "dst_type": "null",
                "src": "return (-2) - pos",
                "dst": "null",
                "src_parent_type": "Block",
                "dst_parent_type": "null",
                "src_parent": "{\n    if (pos \u003e\u003d 0)\n        return pos;\n\n    if (pos \u003d\u003d (-1))\n        return -1;\n\n    return (-2) - pos;\n}",
                "dst_parent": "null"
              },
              "line": 110,
              "file": "/home/khesoem/projects/lighter/exp/src/main/java/com/milaboratory/core/alignment/MultiAlignmentHelper.java"
            }
          ]
        },
        {
          "tool-name": "JKali",
          "pattern-name": "JKali:add_rtrn",
          "Unified_Diff_of-files:": "Starts Below...",
          "INSERT:": "",
          "CHANGE_old:": "    public static final Settings DEFAULT_SETTINGS \u003d new Settings(false, true, false, \u0027.\u0027, \u0027 \u0027);",
          "CHANGE_new:": "    public static final Settings DEFAULT_SETTINGS \u003d new Settings(false, true, false, \u0027 \u0027, \u0027 \u0027);",
          "instance_detail": [
            {
              "pattern_action": "INS",
              "pattern_entity": {
                "entity_type": "Return",
                "entity_new value": "*",
                "entity_role": "Statement",
                "entity_parent": "null"
              },
              "concrete_change": {
                "operator": "INS",
                "src_type": "Return",
                "dst_type": "null",
                "src": "return length",
                "dst": "null",
                "src_parent_type": "Block",
                "dst_parent_type": "null",
                "src_parent": "{\n    int length \u003d 0;\n    for (java.lang.String string : strings)\n        length \u003d java.lang.Math.max(length, string.length());\n\n    for (int i \u003d 0; i \u003c (strings.length); i++)\n        strings[i] \u003d (com.milaboratory.core.alignment.MultiAlignmentHelper.spaces((length - (strings[i].length())))) + (strings[i]);\n\n    return length;\n}",
                "dst_parent": "null"
              },
              "line": 209,
              "file": "/home/khesoem/projects/lighter/exp/src/main/java/com/milaboratory/core/alignment/MultiAlignmentHelper.java",
              "stats": {
                "number_of_src_entities": 4,
                "number_of_dst_entities": -1,
                "src_entity_types": "[int]",
                "dst_entity_types": "[]"
              }
            }
          ]
        },
        {
          "tool-name": "JKali",
          "pattern-name": "JKali:add_rtrn",
          "Unified_Diff_of-files:": "Starts Below...",
          "INSERT:": "",
          "CHANGE_old:": "    public static final Settings DEFAULT_SETTINGS \u003d new Settings(false, true, false, \u0027.\u0027, \u0027 \u0027);",
          "CHANGE_new:": "    public static final Settings DEFAULT_SETTINGS \u003d new Settings(false, true, false, \u0027 \u0027, \u0027 \u0027);",
          "instance_detail": [
            {
              "pattern_action": "INS",
              "pattern_entity": {
                "entity_type": "Return",
                "entity_new value": "*",
                "entity_role": "Statement",
                "entity_parent": "null"
              },
              "concrete_change": {
                "operator": "INS",
                "src_type": "Return",
                "dst_type": "null",
                "src": "return pos",
                "dst": "null",
                "src_parent_type": "Block",
                "dst_parent_type": "null",
                "src_parent": "return pos;\n",
                "dst_parent": "null"
              },
              "line": 107,
              "file": "/home/khesoem/projects/lighter/exp/src/main/java/com/milaboratory/core/alignment/MultiAlignmentHelper.java"
            }
          ]
        },
        {
          "tool-name": "JKali",
          "pattern-name": "JKali:add_rtrn",
          "Unified_Diff_of-files:": "Starts Below...",
          "INSERT:": "",
          "CHANGE_old:": "    public static final Settings DEFAULT_SETTINGS \u003d new Settings(false, true, false, \u0027.\u0027, \u0027 \u0027);",
          "CHANGE_new:": "    public static final Settings DEFAULT_SETTINGS \u003d new Settings(false, true, false, \u0027 \u0027, \u0027 \u0027);",
          "instance_detail": [
            {
              "pattern_action": "INS",
              "pattern_entity": {
                "entity_type": "Return",
                "entity_new value": "*",
                "entity_role": "Statement",
                "entity_parent": "null"
              },
              "concrete_change": {
                "operator": "INS",
                "src_type": "Return",
                "dst_type": "null",
                "src": "return -1",
                "dst": "null",
                "src_parent_type": "Block",
                "dst_parent_type": "null",
                "src_parent": "return -1;\n",
                "dst_parent": "null"
              },
              "line": 109,
              "file": "/home/khesoem/projects/lighter/exp/src/main/java/com/milaboratory/core/alignment/MultiAlignmentHelper.java"
            }
          ]
        }
      ]
    }
  ],
  "complete_analysis": true
}