{
  "instances": [
    {
      "revision": "df3e86f9d2bec22ecade83e875c5e71ef21e5ed8",
      "repairability": [
        {
          "tool-name": "JKali",
          "pattern-name": "JKali:add_rtrn",
          "Unified_Diff_of-files:": "Starts Below...",
          "CHANGE_old:": "                new Range(0, aaSeq2.size()));",
          "CHANGE_new:": "                new Range(0, aaSeq1.size()));",
          "INSERT:": "            return null;",
          "instance_detail": [
            {
              "pattern_action": "INS",
              "pattern_entity": {
                "entity_type": "Return",
                "entity_new value": "*",
                "entity_role": "Statement",
                "entity_parent": "null"
              },
              "concrete_change": {
                "operator": "INS",
                "src_type": "Return",
                "dst_type": "null",
                "src": "return null",
                "dst": "null",
                "src_parent_type": "Block",
                "dst_parent_type": "null",
                "src_parent": "return null;\n",
                "dst_parent": "null"
              },
              "line": 522,
              "file": "/home/khesoem/projects/lighter/exp/src/main/java/com/milaboratory/core/mutations/MutationsUtil.java"
            }
          ]
        }
      ]
    }
  ],
  "complete_analysis": true
}