{
  "instances": [
    {
      "revision": "1e5629c7bdea7272ce98e1b4a808a1d66cccd9d0",
      "repairability": [
        {
          "tool-name": "JKali",
          "pattern-name": "JKali:del",
          "Unified_Diff_of-files:": "Starts Below...",
          "INSERT:": "}",
          "CHANGE_old:": "                return provider.getRegion(targetRange.getAbsoluteRangeFor(range));",
          "CHANGE_new:": "",
          "DELETE:": "    }",
          "instance_detail": [
            {
              "pattern_action": "DEL",
              "pattern_entity": {
                "entity_type": "*",
                "entity_new value": "*",
                "entity_role": "Statement",
                "entity_parent": "null"
              },
              "concrete_change": {
                "operator": "DEL",
                "src_type": "Return",
                "dst_type": "null",
                "src": "return new com.milaboratory.core.sequence.provider.SequenceProvider\u003cS\u003e() {\n    @java.lang.Override\n    public int size() {\n        return targetRange.length();\n    }\n\n    @java.lang.Override\n    public S getRegion(com.milaboratory.core.Range range) {\n        return provider.getRegion(targetRange.getAbsoluteRangeFor(range));\n    }\n}",
                "dst": "null",
                "src_parent_type": "Block",
                "dst_parent_type": "null",
                "src_parent": "{\n    return new com.milaboratory.core.sequence.provider.SequenceProvider\u003cS\u003e() {\n        @java.lang.Override\n        public int size() {\n            return targetRange.length();\n        }\n\n        @java.lang.Override\n        public S getRegion(com.milaboratory.core.Range range) {\n            return provider.getRegion(targetRange.getAbsoluteRangeFor(range));\n        }\n    };\n}",
                "dst_parent": "null"
              },
              "line": 26,
              "file": "/home/khesoem/projects/lighter/exp/src/main/java/com/milaboratory/core/sequence/provider/SequenceProviderUtils.java"
            }
          ]
        },
        {
          "tool-name": "JKali",
          "pattern-name": "JKali:add_rtrn",
          "Unified_Diff_of-files:": "Starts Below...",
          "INSERT:": "}",
          "CHANGE_old:": "                return provider.getRegion(targetRange.getAbsoluteRangeFor(range));",
          "CHANGE_new:": "",
          "DELETE:": "    }",
          "instance_detail": [
            {
              "pattern_action": "INS",
              "pattern_entity": {
                "entity_type": "Return",
                "entity_new value": "*",
                "entity_role": "Statement",
                "entity_parent": "null"
              },
              "concrete_change": {
                "operator": "INS",
                "src_type": "Return",
                "dst_type": "null",
                "src": "return targetRange.length()",
                "dst": "null",
                "src_parent_type": "Block",
                "dst_parent_type": "null",
                "src_parent": "{\n    return targetRange.length();\n}",
                "dst_parent": "null"
              },
              "line": 92,
              "file": "/home/khesoem/projects/lighter/exp/src/main/java/com/milaboratory/core/sequence/provider/SequenceProviderUtils.java"
            }
          ]
        },
        {
          "tool-name": "JKali",
          "pattern-name": "JKali:add_rtrn",
          "Unified_Diff_of-files:": "Starts Below...",
          "INSERT:": "}",
          "CHANGE_old:": "                return provider.getRegion(targetRange.getAbsoluteRangeFor(range));",
          "CHANGE_new:": "",
          "DELETE:": "    }",
          "instance_detail": [
            {
              "pattern_action": "INS",
              "pattern_entity": {
                "entity_type": "Return",
                "entity_new value": "*",
                "entity_role": "Statement",
                "entity_parent": "null"
              },
              "concrete_change": {
                "operator": "INS",
                "src_type": "Return",
                "dst_type": "null",
                "src": "return provider.getRegion(targetRange.getAbsoluteRangeFor(range))",
                "dst": "null",
                "src_parent_type": "Block",
                "dst_parent_type": "null",
                "src_parent": "{\n    return provider.getRegion(targetRange.getAbsoluteRangeFor(range));\n}",
                "dst_parent": "null"
              },
              "line": 97,
              "file": "/home/khesoem/projects/lighter/exp/src/main/java/com/milaboratory/core/sequence/provider/SequenceProviderUtils.java"
            }
          ]
        }
      ]
    },
    {
      "revision": "1e5629c7bdea7272ce98e1b4a808a1d66cccd9d0",
      "repairability": [
        {
          "tool-name": "JKali",
          "pattern-name": "JKali:add_rtrn",
          "Unified_Diff_of-files:": "Starts Below...",
          "INSERT:": "}",
          "CHANGE_old:": "                return provider.getRegion(targetRange.getAbsoluteRangeFor(range));",
          "CHANGE_new:": "",
          "DELETE:": "    }",
          "instance_detail": [
            {
              "pattern_action": "INS",
              "pattern_entity": {
                "entity_type": "Return",
                "entity_new value": "*",
                "entity_role": "Statement",
                "entity_parent": "null"
              },
              "concrete_change": {
                "operator": "INS",
                "src_type": "Return",
                "dst_type": "null",
                "src": "return new com.milaboratory.core.Range(lower, upper, (!(reversed)))",
                "dst": "null",
                "src_parent_type": "Block",
                "dst_parent_type": "null",
                "src_parent": "{\n    return new com.milaboratory.core.Range(lower, upper, (!(reversed)));\n}",
                "dst_parent": "null"
              },
              "line": 108,
              "file": "/home/khesoem/projects/lighter/exp/src/main/java/com/milaboratory/core/Range.java"
            }
          ]
        }
      ]
    }
  ],
  "complete_analysis": true
}