{
  "instances": [
    {
      "revision": "0fe3166736c9bda2a814c8ec648a02c03488553c",
      "repairability": [
        {
          "tool-name": "Arja",
          "pattern-name": "Arja:arja_shallow_change",
          "Unified_Diff_of-files:": "Starts Below...",
          "CHANGE_old:": "                        asList(\"Room Entry\", \"Room Exit\"),\r",
          "CHANGE_new:": "                        asList(\"entering\", \"inside\", \"leaving\"),\r",
          "DELETE:": "                new Question(\r",
          "instance_detail": [
            {
              "pattern_action": "ANY",
              "pattern_entity": {
                "entity_type": "Statement",
                "entity_new value": "*",
                "entity_role": "*",
                "entity_parent": "null"
              },
              "concrete_change": {
                "operator": "DEL",
                "src_type": "ConstructorCall",
                "dst_type": "null",
                "src": "new edu.harvard.h2ms.domain.core.Question(\"Opportunity to wash?\", \"boolean\", null, true, 2, template)",
                "dst": "null",
                "src_parent_type": "Invocation",
                "dst_parent_type": "null",
                "src_parent": "com.google.common.collect.ImmutableSet.\u003cedu.harvard.h2ms.domain.core.Question\u003eof(new edu.harvard.h2ms.domain.core.Question(\"Relative moment\", \"options\", java.util.Arrays.asList(\"Room Entry\", \"Room Exit\"), true, 1, template), new edu.harvard.h2ms.domain.core.Question(\"Opportunity to wash?\", \"boolean\", null, true, 2, template), new edu.harvard.h2ms.domain.core.Question(\"Washed?\", \"boolean\", null, true, 3, template), new edu.harvard.h2ms.domain.core.Question(\"Handwashing Method\", \"options\", java.util.Arrays.asList(\"Soap and Water\", \"Alcohol\"), false, 4, template))",
                "dst_parent": "null"
              },
              "line": 51,
              "file": "/home/khesoem/projects/lighter/exp/src/main/java/edu/harvard/h2ms/seeders/HandwashEventTemplateSeeder.java",
              "stats": {
                "number_of_src_entities": 22,
                "number_of_dst_entities": -1,
                "src_entity_types": "[int, boolean, java.lang.Object, edu.harvard.h2ms.domain.core.EventTemplate, java.lang.String, \u003cnulltype\u003e]",
                "dst_entity_types": "[]"
              }
            }
          ]
        }
      ]
    }
  ],
  "complete_analysis": true
}