{
  "instances": [
    {
      "revision": "1273fe1afd6b9242b41b62f25db07f7a75c0e2f2",
      "repairability": [
        {
          "tool-name": "Arja",
          "pattern-name": "Arja:arja_shallow_change",
          "Unified_Diff_of-files:": "Starts Below...",
          "INSERT:": "            \r",
          "CHANGE_old:": "",
          "CHANGE_new:": "                answerMap.put(q, a);\r",
          "instance_detail": [
            {
              "pattern_action": "ANY",
              "pattern_entity": {
                "entity_type": "Statement",
                "entity_new value": "*",
                "entity_role": "*",
                "entity_parent": "null"
              },
              "concrete_change": {
                "operator": "DEL",
                "src_type": "LocalVariable",
                "dst_type": "null",
                "src": "int i \u003d 0",
                "dst": "null",
                "src_parent_type": "Block",
                "dst_parent_type": "null",
                "src_parent": "{\n    java.util.List\u003cjava.lang.String\u003e headerRow \u003d new java.util.ArrayList\u003cjava.lang.String\u003e();\n    headerRow.add(\"eventId\");\n    headerRow.add(\"time\");\n    headerRow.add(\"location\");\n    headerRow.add(\"observer_id\");\n    headerRow.add(\"observer_type\");\n    headerRow.add(\"subject_id\");\n    headerRow.add(\"subject_type\");\n    int i \u003d 0;\n    for (edu.harvard.h2ms.domain.core.Answer answer : event.getAnswers()) {\n        headerRow.add((\"q\" + i));\n        headerRow.add((\"v\" + i));\n    }\n    data.add(headerRow);\n    isHeaderRow \u003d false;\n}",
                "dst_parent": "null"
              },
              "line": 111,
              "file": "/home/khesoem/projects/lighter/exp/src/main/java/edu/harvard/h2ms/service/ReportServiceImpl.java",
              "stats": {
                "number_of_src_entities": 4,
                "number_of_dst_entities": -1,
                "src_entity_types": "[int]",
                "dst_entity_types": "[]"
              }
            }
          ]
        },
        {
          "tool-name": "Arja",
          "pattern-name": "Arja:arja_shallow_change",
          "Unified_Diff_of-files:": "Starts Below...",
          "INSERT:": "            \r",
          "CHANGE_old:": "",
          "CHANGE_new:": "                answerMap.put(q, a);\r",
          "instance_detail": [
            {
              "pattern_action": "ANY",
              "pattern_entity": {
                "entity_type": "Statement",
                "entity_new value": "*",
                "entity_role": "*",
                "entity_parent": "null"
              },
              "concrete_change": {
                "operator": "DEL",
                "src_type": "Invocation",
                "dst_type": "null",
                "src": "headerRow.add((\"q\" + i))",
                "dst": "null",
                "src_parent_type": "Block",
                "dst_parent_type": "null",
                "src_parent": "{\n    headerRow.add((\"q\" + i));\n    headerRow.add((\"v\" + i));\n}",
                "dst_parent": "null"
              },
              "line": 113,
              "file": "/home/khesoem/projects/lighter/exp/src/main/java/edu/harvard/h2ms/service/ReportServiceImpl.java"
            }
          ]
        },
        {
          "tool-name": "Arja",
          "pattern-name": "Arja:arja_shallow_change",
          "Unified_Diff_of-files:": "Starts Below...",
          "INSERT:": "            \r",
          "CHANGE_old:": "",
          "CHANGE_new:": "                answerMap.put(q, a);\r",
          "instance_detail": [
            {
              "pattern_action": "ANY",
              "pattern_entity": {
                "entity_type": "Statement",
                "entity_new value": "*",
                "entity_role": "*",
                "entity_parent": "null"
              },
              "concrete_change": {
                "operator": "DEL",
                "src_type": "ForEach",
                "dst_type": "null",
                "src": "for (edu.harvard.h2ms.domain.core.Answer answer : event.getAnswers()) {\n    headerRow.add((\"q\" + i));\n    headerRow.add((\"v\" + i));\n}",
                "dst": "null",
                "src_parent_type": "Block",
                "dst_parent_type": "null",
                "src_parent": "{\n    java.util.List\u003cjava.lang.String\u003e headerRow \u003d new java.util.ArrayList\u003cjava.lang.String\u003e();\n    headerRow.add(\"eventId\");\n    headerRow.add(\"time\");\n    headerRow.add(\"location\");\n    headerRow.add(\"observer_id\");\n    headerRow.add(\"observer_type\");\n    headerRow.add(\"subject_id\");\n    headerRow.add(\"subject_type\");\n    int i \u003d 0;\n    for (edu.harvard.h2ms.domain.core.Answer answer : event.getAnswers()) {\n        headerRow.add((\"q\" + i));\n        headerRow.add((\"v\" + i));\n    }\n    data.add(headerRow);\n    isHeaderRow \u003d false;\n}",
                "dst_parent": "null"
              },
              "line": 112,
              "file": "/home/khesoem/projects/lighter/exp/src/main/java/edu/harvard/h2ms/service/ReportServiceImpl.java",
              "stats": {
                "number_of_src_entities": 57,
                "number_of_dst_entities": -1,
                "src_entity_types": "[edu.harvard.h2ms.domain.core.Answer, int, edu.harvard.h2ms.domain.core.Event, java.lang.String, java.util.List\u003cjava.lang.String\u003e, java.util.List]",
                "dst_entity_types": "[]"
              }
            }
          ]
        },
        {
          "tool-name": "Arja",
          "pattern-name": "Arja:arja_shallow_change",
          "Unified_Diff_of-files:": "Starts Below...",
          "INSERT:": "            \r",
          "CHANGE_old:": "",
          "CHANGE_new:": "                answerMap.put(q, a);\r",
          "instance_detail": [
            {
              "pattern_action": "ANY",
              "pattern_entity": {
                "entity_type": "Statement",
                "entity_new value": "*",
                "entity_role": "*",
                "entity_parent": "null"
              },
              "concrete_change": {
                "operator": "DEL",
                "src_type": "Invocation",
                "dst_type": "null",
                "src": "row.add(answer.getQuestion().getQuestion())",
                "dst": "null",
                "src_parent_type": "Block",
                "dst_parent_type": "null",
                "src_parent": "{\n    row.add(answer.getQuestion().getQuestion());\n    row.add(answer.getValue());\n}",
                "dst_parent": "null"
              },
              "line": 133,
              "file": "/home/khesoem/projects/lighter/exp/src/main/java/edu/harvard/h2ms/service/ReportServiceImpl.java",
              "stats": {
                "number_of_src_entities": 23,
                "number_of_dst_entities": -1,
                "src_entity_types": "[edu.harvard.h2ms.domain.core.Answer, java.lang.String, java.util.List\u003cjava.lang.String\u003e, java.util.List]",
                "dst_entity_types": "[]"
              }
            }
          ]
        },
        {
          "tool-name": "Arja",
          "pattern-name": "Arja:arja_shallow_change",
          "Unified_Diff_of-files:": "Starts Below...",
          "INSERT:": "            \r",
          "CHANGE_old:": "",
          "CHANGE_new:": "                answerMap.put(q, a);\r",
          "instance_detail": [
            {
              "pattern_action": "ANY",
              "pattern_entity": {
                "entity_type": "Statement",
                "entity_new value": "*",
                "entity_role": "*",
                "entity_parent": "null"
              },
              "concrete_change": {
                "operator": "DEL",
                "src_type": "Invocation",
                "dst_type": "null",
                "src": "row.add(answer.getValue())",
                "dst": "null",
                "src_parent_type": "Block",
                "dst_parent_type": "null",
                "src_parent": "{\n    row.add(answer.getQuestion().getQuestion());\n    row.add(answer.getValue());\n}",
                "dst_parent": "null"
              },
              "line": 134,
              "file": "/home/khesoem/projects/lighter/exp/src/main/java/edu/harvard/h2ms/service/ReportServiceImpl.java",
              "stats": {
                "number_of_src_entities": 21,
                "number_of_dst_entities": -1,
                "src_entity_types": "[edu.harvard.h2ms.domain.core.Answer, java.lang.String, java.util.List\u003cjava.lang.String\u003e, java.util.List]",
                "dst_entity_types": "[]"
              }
            }
          ]
        }
      ]
    },
    {
      "revision": "1273fe1afd6b9242b41b62f25db07f7a75c0e2f2",
      "repairability": [
        {
          "tool-name": "Arja",
          "pattern-name": "Arja:arja_shallow_change",
          "Unified_Diff_of-files:": "Starts Below...",
          "INSERT:": "            \r",
          "CHANGE_old:": "",
          "CHANGE_new:": "                answerMap.put(q, a);\r",
          "instance_detail": [
            {
              "pattern_action": "ANY",
              "pattern_entity": {
                "entity_type": "Statement",
                "entity_new value": "*",
                "entity_role": "*",
                "entity_parent": "null"
              },
              "concrete_change": {
                "operator": "DEL",
                "src_type": "Invocation",
                "dst_type": "null",
                "src": "answer.setValue(\"true\")",
                "dst": "null",
                "src_parent_type": "Block",
                "dst_parent_type": "null",
                "src_parent": "{\n    edu.harvard.h2ms.domain.core.User observer \u003d new edu.harvard.h2ms.domain.core.User(\"John2\", \"Quincy2\", \"Adams2\", edu.harvard.h2ms.seeders.EventSeeder.EMAIL, edu.harvard.h2ms.seeders.EventSeeder.PASSWORD);\n    observer.setType(\"other\");\n    userRepository.save(observer);\n    edu.harvard.h2ms.domain.core.User subject \u003d new edu.harvard.h2ms.domain.core.User(\"Jane2\", \"Doe2\", \"Sa2m\", \"sample2@email.com\", \"password\");\n    subject.setType(\"doctor\");\n    userRepository.save(subject);\n    edu.harvard.h2ms.domain.core.Event event \u003d new edu.harvard.h2ms.domain.core.Event();\n    java.util.Set\u003cedu.harvard.h2ms.domain.core.Answer\u003e answers \u003d new java.util.HashSet\u003c\u003e();\n    edu.harvard.h2ms.domain.core.Answer answer \u003d new edu.harvard.h2ms.domain.core.Answer();\n    edu.harvard.h2ms.domain.core.Question question \u003d new edu.harvard.h2ms.domain.core.Question();\n    question.setPriority(1);\n    question.setRequired(java.lang.Boolean.TRUE);\n    question.setAnswerType(\"Boolean\");\n    question.setQuestion(\"Washed?\");\n    answer.setQuestion(question);\n    answer.setValue(\"true\");\n    answers.add(answer);\n    event.setAnswers(answers);\n    event.setLocation(\"Location_01\");\n    event.setSubject(subject);\n    event.setObserver(observer);\n    event.setEventTemplate(eventTemplateRepository.findByName(\"Handwashing Event\"));\n    event.setObserver(observer);\n    event.setTimestamp(new java.util.Date(java.lang.System.currentTimeMillis()));\n    eventRepository.save(event);\n}",
                "dst_parent": "null"
              },
              "line": 75,
              "file": "/home/khesoem/projects/lighter/exp/src/main/java/edu/harvard/h2ms/seeders/EventSeeder.java",
              "stats": {
                "number_of_src_entities": 13,
                "number_of_dst_entities": -1,
                "src_entity_types": "[edu.harvard.h2ms.domain.core.Answer, java.lang.String]",
                "dst_entity_types": "[]"
              }
            }
          ]
        }
      ]
    }
  ],
  "complete_analysis": true
}