{
  "instances": [
    {
      "revision": "e45f59c73b2da5e18a6e5d69cd2ddaf03f834a73",
      "repairability": [
        {
          "tool-name": "NPEfix",
          "pattern-name": "NPEfix:npefix_global_replace",
          "Unified_Diff_of-files:": "Starts Below...",
          "INSERT:": "}",
          "CHANGE_old:": "",
          "CHANGE_new:": "        return shardIterationState.getAndReset();",
          "instance_detail": [
            {
              "pattern_action": "INS",
              "pattern_entity": {
                "entity_type": "Assignment",
                "entity_new value": "*",
                "entity_role": "*",
                "entity_parent": {
                  "entity_type": "*",
                  "entity_new value": "*",
                  "entity_role": "Then",
                  "entity_parent": {
                    "entity_type": "If",
                    "entity_new value": "*",
                    "entity_role": "*",
                    "entity_parent": "null"
                  }
                }
              },
              "concrete_change": {
                "operator": "INS",
                "src_type": "Assignment",
                "dst_type": "null",
                "src": "shardIterationState \u003d new com.amazonaws.services.kinesis.clientlibrary.proxies.KinesisProxy.ShardIterationState()",
                "dst": "null",
                "src_parent_type": "Block",
                "dst_parent_type": "null",
                "src_parent": "{\n    shardIterationState \u003d new com.amazonaws.services.kinesis.clientlibrary.proxies.KinesisProxy.ShardIterationState();\n}",
                "dst_parent": "null"
              },
              "line": 239,
              "file": "/home/khesoem/projects/lighter/exp/src/main/java/com/amazonaws/services/kinesis/clientlibrary/proxies/KinesisProxy.java"
            },
            {
              "pattern_action": "INS",
              "pattern_entity": {
                "entity_type": "If",
                "entity_new value": "*",
                "entity_role": "*",
                "entity_parent": "null"
              },
              "concrete_change": {
                "operator": "INS",
                "src_type": "If",
                "dst_type": "null",
                "src": "if ((shardIterationState) \u003d\u003d null) {\n    shardIterationState \u003d new com.amazonaws.services.kinesis.clientlibrary.proxies.KinesisProxy.ShardIterationState();\n}",
                "dst": "null",
                "src_parent_type": "Block",
                "dst_parent_type": "null",
                "src_parent": "{\n    com.amazonaws.services.kinesis.model.DescribeStreamResult response;\n    if ((shardIterationState) \u003d\u003d null) {\n        shardIterationState \u003d new com.amazonaws.services.kinesis.clientlibrary.proxies.KinesisProxy.ShardIterationState();\n    }\n    do {\n        response \u003d getStreamInfo(shardIterationState.getLastShardId());\n        if (response \u003d\u003d null) {\n            return null;\n        } else {\n            shardIterationState.update(response.getStreamDescription().getShards());\n        }\n    } while (response.getStreamDescription().isHasMoreShards() );\n    this.listOfShardsSinceLastGet.set(shardIterationState.getCollected());\n    return shardIterationState.getAndReset();\n}",
                "dst_parent": "null"
              },
              "line": 238,
              "file": "/home/khesoem/projects/lighter/exp/src/main/java/com/amazonaws/services/kinesis/clientlibrary/proxies/KinesisProxy.java"
            }
          ]
        }
      ]
    }
  ],
  "complete_analysis": true
}