{
  "instances": [
    {
      "revision": "1629a3294f22198d81fc9eccab500bcd7e0e6293",
      "repairability": [
        {
          "tool-name": "Elixir",
          "pattern-name": "Elixir:check_length",
          "Unified_Diff_of-files:": "Starts Below...",
          "INSERT:": "",
          "CHANGE_old:": "        final Object oldId \u003d updatableProxy.$$_getId();",
          "CHANGE_new:": "        final Object oldId \u003d determineOldId(context, updatableProxy, postReplaceListener);",
          "DELETE:": "            }",
          "instance_detail": [
            {
              "pattern_action": "INS",
              "pattern_entity": {
                "entity_type": "If",
                "entity_new value": "*",
                "entity_role": "*",
                "entity_parent": "null"
              },
              "concrete_change": {
                "operator": "INS",
                "src_type": "If",
                "dst_type": "null",
                "src": "if (((updatableProxy.$$_getId()) !\u003d null) \u0026\u0026 (postReplaceListener !\u003d null)) {\n    if ((updatableProxy.$$_getId()) instanceof com.blazebit.persistence.view.spi.type.EntityViewProxy) {\n        return context.getEntityViewManager().convert(updatableProxy.$$_getId(), ((com.blazebit.persistence.view.spi.type.EntityViewProxy) (updatableProxy.$$_getId())).$$_getEntityViewClass());\n    } else\n        if ((jpaIdInstantiator) !\u003d null) {\n            java.lang.Object oldId \u003d jpaIdInstantiator.toEntity(context, null);\n            ((com.blazebit.persistence.view.impl.update.flush.BasicAttributeFlusher\u003cjava.lang.Object, java.lang.Object\u003e) (idFlusher)).flushEntityComponents(context, oldId, updatableProxy.$$_getId());\n            return oldId;\n        } else {\n            return updatableProxy.$$_getId();\n        }\n\n} else {\n    return updatableProxy.$$_getId();\n}",
                "dst": "null",
                "src_parent_type": "Block",
                "dst_parent_type": "null",
                "src_parent": "{\n    if (((updatableProxy.$$_getId()) !\u003d null) \u0026\u0026 (postReplaceListener !\u003d null)) {\n        if ((updatableProxy.$$_getId()) instanceof com.blazebit.persistence.view.spi.type.EntityViewProxy) {\n            return context.getEntityViewManager().convert(updatableProxy.$$_getId(), ((com.blazebit.persistence.view.spi.type.EntityViewProxy) (updatableProxy.$$_getId())).$$_getEntityViewClass());\n        } else\n            if ((jpaIdInstantiator) !\u003d null) {\n                java.lang.Object oldId \u003d jpaIdInstantiator.toEntity(context, null);\n                ((com.blazebit.persistence.view.impl.update.flush.BasicAttributeFlusher\u003cjava.lang.Object, java.lang.Object\u003e) (idFlusher)).flushEntityComponents(context, oldId, updatableProxy.$$_getId());\n                return oldId;\n            } else {\n                return updatableProxy.$$_getId();\n            }\n\n    } else {\n        return updatableProxy.$$_getId();\n    }\n}",
                "dst_parent": "null"
              },
              "line": 453,
              "file": "/home/khesoem/projects/lighter/exp/entity-view/impl/src/main/java/com/blazebit/persistence/view/impl/update/flush/CompositeAttributeFlusher.java"
            },
            {
              "pattern_action": "MOV",
              "pattern_entity": {
                "entity_type": "Statement",
                "entity_new value": "*",
                "entity_role": "*",
                "entity_parent": "null"
              },
              "concrete_change": {
                "operator": "MOV",
                "src_type": "Invocation",
                "dst_type": "Invocation",
                "src": "updatableProxy.$$_getId()",
                "dst": "updatableProxy.$$_getId()",
                "src_parent_type": "LocalVariable",
                "dst_parent_type": "Invocation",
                "src_parent": "final java.lang.Object oldId \u003d updatableProxy.$$_getId()",
                "dst_parent": "((com.blazebit.persistence.view.impl.update.flush.BasicAttributeFlusher\u003cjava.lang.Object, java.lang.Object\u003e) (idFlusher)).flushEntityComponents(context, oldId, updatableProxy.$$_getId())"
              },
              "line": 474,
              "file": "/home/khesoem/projects/lighter/exp/entity-view/impl/src/main/java/com/blazebit/persistence/view/impl/update/flush/CompositeAttributeFlusher.java",
              "stats": {
                "number_of_src_entities": 10,
                "number_of_dst_entities": 8,
                "src_entity_types": "[com.blazebit.persistence.view.impl.proxy.MutableStateTrackable]",
                "dst_entity_types": "[com.blazebit.persistence.view.impl.proxy.MutableStateTrackable]"
              }
            }
          ]
        },
        {
          "tool-name": "Elixir",
          "pattern-name": "Elixir:check_length",
          "Unified_Diff_of-files:": "Starts Below...",
          "INSERT:": "",
          "CHANGE_old:": "        final Object oldId \u003d updatableProxy.$$_getId();",
          "CHANGE_new:": "        final Object oldId \u003d determineOldId(context, updatableProxy, postReplaceListener);",
          "DELETE:": "            }",
          "instance_detail": [
            {
              "pattern_action": "INS",
              "pattern_entity": {
                "entity_type": "If",
                "entity_new value": "*",
                "entity_role": "*",
                "entity_parent": "null"
              },
              "concrete_change": {
                "operator": "INS",
                "src_type": "If",
                "dst_type": "null",
                "src": "if ((updatableProxy.$$_getId()) instanceof com.blazebit.persistence.view.spi.type.EntityViewProxy) {\n    return context.getEntityViewManager().convert(updatableProxy.$$_getId(), ((com.blazebit.persistence.view.spi.type.EntityViewProxy) (updatableProxy.$$_getId())).$$_getEntityViewClass());\n} else\n    if ((jpaIdInstantiator) !\u003d null) {\n        java.lang.Object oldId \u003d jpaIdInstantiator.toEntity(context, null);\n        ((com.blazebit.persistence.view.impl.update.flush.BasicAttributeFlusher\u003cjava.lang.Object, java.lang.Object\u003e) (idFlusher)).flushEntityComponents(context, oldId, updatableProxy.$$_getId());\n        return oldId;\n    } else {\n        return updatableProxy.$$_getId();\n    }\n",
                "dst": "null",
                "src_parent_type": "Block",
                "dst_parent_type": "null",
                "src_parent": "{\n    if ((updatableProxy.$$_getId()) instanceof com.blazebit.persistence.view.spi.type.EntityViewProxy) {\n        return context.getEntityViewManager().convert(updatableProxy.$$_getId(), ((com.blazebit.persistence.view.spi.type.EntityViewProxy) (updatableProxy.$$_getId())).$$_getEntityViewClass());\n    } else\n        if ((jpaIdInstantiator) !\u003d null) {\n            java.lang.Object oldId \u003d jpaIdInstantiator.toEntity(context, null);\n            ((com.blazebit.persistence.view.impl.update.flush.BasicAttributeFlusher\u003cjava.lang.Object, java.lang.Object\u003e) (idFlusher)).flushEntityComponents(context, oldId, updatableProxy.$$_getId());\n            return oldId;\n        } else {\n            return updatableProxy.$$_getId();\n        }\n\n}",
                "dst_parent": "null"
              },
              "line": 454,
              "file": "/home/khesoem/projects/lighter/exp/entity-view/impl/src/main/java/com/blazebit/persistence/view/impl/update/flush/CompositeAttributeFlusher.java"
            },
            {
              "pattern_action": "MOV",
              "pattern_entity": {
                "entity_type": "Statement",
                "entity_new value": "*",
                "entity_role": "*",
                "entity_parent": "null"
              },
              "concrete_change": {
                "operator": "MOV",
                "src_type": "Invocation",
                "dst_type": "Invocation",
                "src": "updatableProxy.$$_getId()",
                "dst": "updatableProxy.$$_getId()",
                "src_parent_type": "LocalVariable",
                "dst_parent_type": "Invocation",
                "src_parent": "final java.lang.Object oldId \u003d updatableProxy.$$_getId()",
                "dst_parent": "((com.blazebit.persistence.view.impl.update.flush.BasicAttributeFlusher\u003cjava.lang.Object, java.lang.Object\u003e) (idFlusher)).flushEntityComponents(context, oldId, updatableProxy.$$_getId())"
              },
              "line": 474,
              "file": "/home/khesoem/projects/lighter/exp/entity-view/impl/src/main/java/com/blazebit/persistence/view/impl/update/flush/CompositeAttributeFlusher.java",
              "stats": {
                "number_of_src_entities": 10,
                "number_of_dst_entities": 8,
                "src_entity_types": "[com.blazebit.persistence.view.impl.proxy.MutableStateTrackable]",
                "dst_entity_types": "[com.blazebit.persistence.view.impl.proxy.MutableStateTrackable]"
              }
            }
          ]
        }
      ]
    },
    {
      "revision": "1629a3294f22198d81fc9eccab500bcd7e0e6293",
      "repairability": [
        {
          "tool-name": "Elixir",
          "pattern-name": "Elixir:update_type_ref",
          "Unified_Diff_of-files:": "Starts Below...",
          "INSERT:": "",
          "CHANGE_old:": "        final Object oldId \u003d updatableProxy.$$_getId();",
          "CHANGE_new:": "        final Object oldId \u003d determineOldId(context, updatableProxy, postReplaceListener);",
          "DELETE:": "            }",
          "instance_detail": [
            {
              "pattern_action": "UPD",
              "pattern_entity": {
                "entity_type": "TypeReference",
                "entity_new value": "*",
                "entity_role": "*",
                "entity_parent": "null"
              },
              "concrete_change": {
                "operator": "UPD",
                "src_type": "TypeReference",
                "dst_type": "TypeReference",
                "src": "com.blazebit.persistence.view.metamodel.ManagedViewType\u003c?\u003e",
                "dst": "com.blazebit.persistence.view.metamodel.Type\u003c?\u003e",
                "src_parent_type": "LocalVariable",
                "dst_parent_type": "LocalVariable",
                "src_parent": "com.blazebit.persistence.view.metamodel.ManagedViewType\u003c?\u003e viewType \u003d ((com.blazebit.persistence.view.metamodel.ManagedViewType\u003c?\u003e) (((com.blazebit.persistence.view.metamodel.SingularAttribute\u003c?, ?\u003e) (attributeEntry.attribute)).getType()))",
                "dst_parent": "com.blazebit.persistence.view.metamodel.Type\u003c?\u003e type \u003d ((com.blazebit.persistence.view.metamodel.SingularAttribute\u003c?, ?\u003e) (attributeEntry.attribute)).getType()"
              },
              "line": 160,
              "file": "/home/khesoem/projects/lighter/exp/entity-view/impl/src/main/java/com/blazebit/persistence/view/impl/accessor/Accessors.java",
              "stats": {
                "number_of_src_entities": 5,
                "number_of_dst_entities": 5,
                "src_entity_types": "[com.blazebit.persistence.view.metamodel.ManagedViewType\u003c?\u003e, ]",
                "dst_entity_types": "[com.blazebit.persistence.view.metamodel.Type\u003c?\u003e, ]"
              }
            }
          ]
        }
      ]
    }
  ],
  "complete_analysis": true
}