{
  "instances": [
    {
      "revision": "0c89bb6887652107e04729fd5c6c8cdb38a1580b",
      "repairability": [
        {
          "tool-name": "Elixir",
          "pattern-name": "Elixir:Insert_Invocation",
          "Unified_Diff_of-files:": "Starts Below...",
          "INSERT:": "        // TODO: actually we need a new entity view configuration for this",
          "instance_detail": [
            {
              "pattern_action": "INS",
              "pattern_entity": {
                "entity_type": "AbstractInvocation",
                "entity_new value": "*",
                "entity_role": "*",
                "entity_parent": "null"
              },
              "concrete_change": {
                "operator": "INS",
                "src_type": "Invocation",
                "dst_type": "null",
                "src": "populateParameters(criteriaBuilder)",
                "dst": "null",
                "src_parent_type": "Block",
                "dst_parent_type": "null",
                "src_parent": "{\n    final java.lang.String correlationRoot \u003d applyAndGetCorrelationRoot();\n    final boolean usesViewRoot \u003d viewRootJpqlMacro.usesViewRoot();\n    int totalSize \u003d tuples.size();\n    java.util.Map\u003cjava.lang.Object, java.util.Map\u003cjava.lang.Object, com.blazebit.persistence.view.impl.objectbuilder.transformer.correlation.TuplePromise\u003e\u003e viewRoots \u003d new java.util.HashMap\u003cjava.lang.Object, java.util.Map\u003cjava.lang.Object, com.blazebit.persistence.view.impl.objectbuilder.transformer.correlation.TuplePromise\u003e\u003e(totalSize);\n    if (usesViewRoot) {\n        criteriaBuilder.select((((viewRootAlias) + \".\") + (getEntityIdName(viewRootType.getEntityClass()))));\n        for (java.lang.Object[] tuple : tuples) {\n            java.lang.Object viewRootKey \u003d tuple[0];\n            java.lang.Object correlationValueKey \u003d tuple[startIndex];\n            java.util.Map\u003cjava.lang.Object, com.blazebit.persistence.view.impl.objectbuilder.transformer.correlation.TuplePromise\u003e viewRootCorrelationValues \u003d viewRoots.get(viewRootKey);\n            if (viewRootCorrelationValues \u003d\u003d null) {\n                viewRootCorrelationValues \u003d new java.util.HashMap\u003cjava.lang.Object, com.blazebit.persistence.view.impl.objectbuilder.transformer.correlation.TuplePromise\u003e();\n                viewRoots.put(viewRootKey, viewRootCorrelationValues);\n            }\n            com.blazebit.persistence.view.impl.objectbuilder.transformer.correlation.TuplePromise viewRootPromise \u003d viewRootCorrelationValues.get(correlationValueKey);\n            if (viewRootPromise \u003d\u003d null) {\n                viewRootPromise \u003d new com.blazebit.persistence.view.impl.objectbuilder.transformer.correlation.TuplePromise(startIndex);\n                viewRootCorrelationValues.put(correlationValueKey, viewRootPromise);\n            }\n            viewRootPromise.add(tuple);\n        }\n    } else {\n        java.util.Map\u003cjava.lang.Object, com.blazebit.persistence.view.impl.objectbuilder.transformer.correlation.TuplePromise\u003e viewRootCorrelationValues \u003d new java.util.HashMap\u003cjava.lang.Object, com.blazebit.persistence.view.impl.objectbuilder.transformer.correlation.TuplePromise\u003e(tuples.size());\n        viewRoots.put(null, viewRootCorrelationValues);\n        for (java.lang.Object[] tuple : tuples) {\n            java.lang.Object correlationValueKey \u003d tuple[startIndex];\n            com.blazebit.persistence.view.impl.objectbuilder.transformer.correlation.TuplePromise viewRootPromise \u003d viewRootCorrelationValues.get(correlationValueKey);\n            if (viewRootPromise \u003d\u003d null) {\n                viewRootPromise \u003d new com.blazebit.persistence.view.impl.objectbuilder.transformer.correlation.TuplePromise(startIndex);\n                viewRootCorrelationValues.put(correlationValueKey, viewRootPromise);\n            }\n            viewRootPromise.add(tuple);\n        }\n    }\n    criteriaBuilder.select(correlationKeyExpression);\n    correlator.finish(criteriaBuilder, entityViewConfiguration, (usesViewRoot ? 2 : 1), correlationRoot);\n    populateParameters(criteriaBuilder);\n    java.util.List\u003cjava.lang.Object[]\u003e resultList \u003d ((java.util.List\u003cjava.lang.Object[]\u003e) (criteriaBuilder.getResultList()));\n    populateResult(usesViewRoot, viewRoots, resultList);\n    fillDefaultValues(viewRoots);\n    return tuples;\n}",
                "dst_parent": "null"
              },
              "line": 119,
              "file": "/home/khesoem/projects/lighter/exp/entity-view/impl/src/main/java/com/blazebit/persistence/view/impl/objectbuilder/transformer/correlation/AbstractCorrelatedSubselectTupleListTransformer.java",
              "stats": {
                "number_of_src_entities": 27,
                "number_of_dst_entities": -1,
                "src_entity_types": "[com.blazebit.persistence.view.impl.objectbuilder.transformer.correlation.AbstractCorrelatedSubselectTupleListTransformer]",
                "dst_entity_types": "[]"
              }
            }
          ]
        }
      ]
    },
    {
      "revision": "0c89bb6887652107e04729fd5c6c8cdb38a1580b",
      "repairability": [
        {
          "tool-name": "Elixir",
          "pattern-name": "Elixir:Insert_Invocation",
          "Unified_Diff_of-files:": "Starts Below...",
          "INSERT:": "        // TODO: actually we need a new entity view configuration for this",
          "instance_detail": [
            {
              "pattern_action": "INS",
              "pattern_entity": {
                "entity_type": "AbstractInvocation",
                "entity_new value": "*",
                "entity_role": "*",
                "entity_parent": "null"
              },
              "concrete_change": {
                "operator": "INS",
                "src_type": "Invocation",
                "dst_type": "null",
                "src": "populateParameters(criteriaBuilder)",
                "dst": "null",
                "src_parent_type": "Block",
                "dst_parent_type": "null",
                "src_parent": "{\n    if ((batchSize) \u003e 1) {\n        if (!(expectBatchCorrelationValues)) {\n            applyAndGetCorrelationRoot(true);\n        }\n        criteriaBuilder.select(correlationKeyExpression);\n    }\n    correlator.finish(criteriaBuilder, entityViewConfiguration, tupleOffset, correlationRoot);\n    populateParameters(criteriaBuilder);\n    query \u003d criteriaBuilder.getQuery();\n    java.util.Map\u003cjava.lang.Object, com.blazebit.persistence.view.impl.objectbuilder.transformer.correlation.TuplePromise\u003e correlationValues \u003d new java.util.HashMap\u003cjava.lang.Object, com.blazebit.persistence.view.impl.objectbuilder.transformer.correlation.TuplePromise\u003e(tuples.size());\n    while (tupleListIter.hasNext()) {\n        java.lang.Object[] tuple \u003d tupleListIter.next();\n        java.lang.Object correlationValue \u003d tuple[startIndex];\n        com.blazebit.persistence.view.impl.objectbuilder.transformer.correlation.TuplePromise tupleIndexValue \u003d correlationValues.get(correlationValue);\n        if (tupleIndexValue \u003d\u003d null) {\n            tupleIndexValue \u003d new com.blazebit.persistence.view.impl.objectbuilder.transformer.correlation.TuplePromise(startIndex);\n            tupleIndexValue.add(tuple);\n            correlationValues.put(correlationValue, tupleIndexValue);\n            if ((correlationBasisEntity) !\u003d null) {\n                correlationParams.add(em.getReference(correlationBasisEntity, tuple[startIndex]));\n            } else {\n                correlationParams.add(tuple[startIndex]);\n            }\n            if ((batchSize) \u003d\u003d (correlationParams.realSize())) {\n                batchLoad(correlationValues, correlationParams, null, correlationParams.get(0), ((batchSize) \u003e 1));\n            }\n        } else {\n            tupleIndexValue.add(tuple);\n        }\n    } \n    if ((correlationParams.realSize()) \u003e 0) {\n        batchLoad(correlationValues, correlationParams, null, null, ((correlationParams.realSize()) \u003e 1));\n    }\n    fillDefaultValues(java.util.Collections.singletonMap(null, correlationValues));\n}",
                "dst_parent": "null"
              },
              "line": 271,
              "file": "/home/khesoem/projects/lighter/exp/entity-view/impl/src/main/java/com/blazebit/persistence/view/impl/objectbuilder/transformer/correlation/AbstractCorrelatedBatchTupleListTransformer.java",
              "stats": {
                "number_of_src_entities": 24,
                "number_of_dst_entities": -1,
                "src_entity_types": "[com.blazebit.persistence.view.impl.objectbuilder.transformer.correlation.AbstractCorrelatedBatchTupleListTransformer]",
                "dst_entity_types": "[]"
              }
            }
          ]
        },
        {
          "tool-name": "Elixir",
          "pattern-name": "Elixir:Insert_Invocation",
          "Unified_Diff_of-files:": "Starts Below...",
          "INSERT:": "        // TODO: actually we need a new entity view configuration for this",
          "instance_detail": [
            {
              "pattern_action": "INS",
              "pattern_entity": {
                "entity_type": "AbstractInvocation",
                "entity_new value": "*",
                "entity_role": "*",
                "entity_parent": "null"
              },
              "concrete_change": {
                "operator": "INS",
                "src_type": "Invocation",
                "dst_type": "null",
                "src": "populateParameters(criteriaBuilder)",
                "dst": "null",
                "src_parent_type": "Block",
                "dst_parent_type": "null",
                "src_parent": "{\n    if ((batchSize) \u003e 1) {\n        if (!(expectBatchCorrelationValues)) {\n            applyAndGetCorrelationRoot(true);\n        }\n        criteriaBuilder.select(correlationKeyExpression);\n    }\n    correlator.finish(criteriaBuilder, entityViewConfiguration, tupleOffset, correlationRoot);\n    populateParameters(criteriaBuilder);\n    query \u003d criteriaBuilder.getQuery();\n    for (java.util.Map.Entry\u003cjava.lang.Object, java.util.Map\u003cjava.lang.Object, com.blazebit.persistence.view.impl.objectbuilder.transformer.correlation.TuplePromise\u003e\u003e batchEntry : viewRoots.entrySet()) {\n        java.util.Map\u003cjava.lang.Object, com.blazebit.persistence.view.impl.objectbuilder.transformer.correlation.TuplePromise\u003e batchValues \u003d batchEntry.getValue();\n        for (java.util.Map.Entry\u003cjava.lang.Object, com.blazebit.persistence.view.impl.objectbuilder.transformer.correlation.TuplePromise\u003e batchValueEntry : batchValues.entrySet()) {\n            if ((correlationBasisEntity) !\u003d null) {\n                correlationParams.add(em.getReference(correlationBasisEntity, batchValueEntry.getKey()));\n            } else {\n                correlationParams.add(batchValueEntry.getKey());\n            }\n            if ((batchSize) \u003d\u003d (correlationParams.realSize())) {\n                viewRootIds.add(batchEntry.getKey());\n                batchLoad(batchValues, correlationParams, viewRootIds, correlationParams.get(0), true);\n            }\n        }\n        if ((correlationParams.realSize()) \u003e 0) {\n            viewRootIds.add(batchEntry.getKey());\n            batchLoad(batchValues, correlationParams, viewRootIds, null, true);\n        }\n    }\n    fillDefaultValues(viewRoots);\n}",
                "dst_parent": "null"
              },
              "line": 192,
              "file": "/home/khesoem/projects/lighter/exp/entity-view/impl/src/main/java/com/blazebit/persistence/view/impl/objectbuilder/transformer/correlation/AbstractCorrelatedBatchTupleListTransformer.java",
              "stats": {
                "number_of_src_entities": 24,
                "number_of_dst_entities": -1,
                "src_entity_types": "[com.blazebit.persistence.view.impl.objectbuilder.transformer.correlation.AbstractCorrelatedBatchTupleListTransformer]",
                "dst_entity_types": "[]"
              }
            }
          ]
        },
        {
          "tool-name": "Elixir",
          "pattern-name": "Elixir:Insert_Invocation",
          "Unified_Diff_of-files:": "Starts Below...",
          "INSERT:": "        // TODO: actually we need a new entity view configuration for this",
          "instance_detail": [
            {
              "pattern_action": "INS",
              "pattern_entity": {
                "entity_type": "AbstractInvocation",
                "entity_new value": "*",
                "entity_role": "*",
                "entity_parent": "null"
              },
              "concrete_change": {
                "operator": "INS",
                "src_type": "Invocation",
                "dst_type": "null",
                "src": "populateParameters(criteriaBuilder)",
                "dst": "null",
                "src_parent_type": "Block",
                "dst_parent_type": "null",
                "src_parent": "{\n    if ((batchSize) \u003e 1) {\n        if (expectBatchCorrelationValues) {\n            applyAndGetCorrelationRoot(false);\n        }\n        criteriaBuilder.select(correlationKeyExpression);\n    }\n    correlator.finish(criteriaBuilder, entityViewConfiguration, tupleOffset, correlationRoot);\n    populateParameters(criteriaBuilder);\n    query \u003d criteriaBuilder.getQuery();\n    for (java.util.Map.Entry\u003cjava.lang.Object, java.util.Map\u003cjava.lang.Object, com.blazebit.persistence.view.impl.objectbuilder.transformer.correlation.TuplePromise\u003e\u003e batchEntry : correlationValues.entrySet()) {\n        java.util.Map\u003cjava.lang.Object, com.blazebit.persistence.view.impl.objectbuilder.transformer.correlation.TuplePromise\u003e batchValues \u003d batchEntry.getValue();\n        for (java.util.Map.Entry\u003cjava.lang.Object, com.blazebit.persistence.view.impl.objectbuilder.transformer.correlation.TuplePromise\u003e batchValueEntry : batchValues.entrySet()) {\n            if (viewRootJpqlMacro.usesViewRootEntityParameter()) {\n                viewRootIds.add(em.getReference(viewRootType.getEntityClass(), batchValueEntry.getKey()));\n            } else {\n                viewRootIds.add(batchValueEntry.getKey());\n            }\n            if ((batchSize) \u003d\u003d (viewRootIds.realSize())) {\n                if ((correlationBasisEntity) !\u003d null) {\n                    correlationParams.add(em.getReference(correlationBasisEntity, batchEntry.getKey()));\n                } else {\n                    correlationParams.add(batchEntry.getKey());\n                }\n                batchLoad(batchValues, correlationParams, viewRootIds, viewRootIds.get(0), false);\n            }\n        }\n        if ((viewRootIds.realSize()) \u003e 0) {\n            if ((correlationBasisEntity) !\u003d null) {\n                correlationParams.add(em.getReference(correlationBasisEntity, batchEntry.getKey()));\n            } else {\n                correlationParams.add(batchEntry.getKey());\n            }\n            batchLoad(batchValues, correlationParams, viewRootIds, null, false);\n        }\n    }\n    fillDefaultValues(correlationValues);\n}",
                "dst_parent": "null"
              },
              "line": 227,
              "file": "/home/khesoem/projects/lighter/exp/entity-view/impl/src/main/java/com/blazebit/persistence/view/impl/objectbuilder/transformer/correlation/AbstractCorrelatedBatchTupleListTransformer.java",
              "stats": {
                "number_of_src_entities": 24,
                "number_of_dst_entities": -1,
                "src_entity_types": "[com.blazebit.persistence.view.impl.objectbuilder.transformer.correlation.AbstractCorrelatedBatchTupleListTransformer]",
                "dst_entity_types": "[]"
              }
            }
          ]
        }
      ]
    }
  ],
  "complete_analysis": true
}