{
  "instances": [
    {
      "revision": "1b4b0bebbd1881f8e97d4363b14ca8c3a9bb97ce",
      "repairability": [
        {
          "tool-name": "Elixir",
          "pattern-name": "Elixir:update_invocation",
          "Unified_Diff_of-files:": "Starts Below...",
          "CHANGE_old:": "                    typeRegistry.add(new EnumTypeDefinition(typeName, enumValueDefinitions, new ArrayList\u0026lt;\u0026gt;(0)));",
          "CHANGE_new:": "                    addDefinition(typeRegistry, newEnumTypeDefinition(typeName, enumValueDefinitions));",
          "INSERT:": "",
          "DELETE:": "                FieldDefinition fieldDefinition \u003d new FieldDefinition(attribute.getName());",
          "instance_detail": [
            {
              "pattern_action": "UPD",
              "pattern_entity": {
                "entity_type": "AbstractInvocation",
                "entity_new value": "*",
                "entity_role": "*",
                "entity_parent": "null"
              },
              "concrete_change": {
                "operator": "UPD",
                "src_type": "Invocation",
                "dst_type": "Invocation",
                "src": "dataFetchingEnvironment.getSelectionSet().get()",
                "dst": "(dataFetchingEnvironment.getSelectionSet().contains(totalCountName))",
                "src_parent_type": "LocalVariable",
                "dst_parent_type": "UnaryOperator",
                "src_parent": "java.util.Map\u003cjava.lang.String, java.util.List\u003cgraphql.language.Field\u003e\u003e map \u003d dataFetchingEnvironment.getSelectionSet().get()",
                "dst_parent": "!(dataFetchingEnvironment.getSelectionSet().contains(totalCountName))"
              },
              "line": 201,
              "file": "/home/khesoem/projects/lighter/exp/integration/graphql/src/main/java/com/blazebit/persistence/integration/graphql/GraphQLEntityViewSupport.java",
              "stats": {
                "number_of_src_entities": 18,
                "number_of_dst_entities": 24,
                "src_entity_types": "[graphql.schema.DataFetchingEnvironment]",
                "dst_entity_types": "[com.blazebit.persistence.integration.graphql.GraphQLEntityViewSupport, graphql.schema.DataFetchingEnvironment]"
              }
            }
          ]
        },
        {
          "tool-name": "Elixir",
          "pattern-name": "Elixir:update_invocation",
          "Unified_Diff_of-files:": "Starts Below...",
          "CHANGE_old:": "                    typeRegistry.add(new EnumTypeDefinition(typeName, enumValueDefinitions, new ArrayList\u0026lt;\u0026gt;(0)));",
          "CHANGE_new:": "                    addDefinition(typeRegistry, newEnumTypeDefinition(typeName, enumValueDefinitions));",
          "INSERT:": "",
          "DELETE:": "                FieldDefinition fieldDefinition \u003d new FieldDefinition(attribute.getName());",
          "instance_detail": [
            {
              "pattern_action": "UPD",
              "pattern_entity": {
                "entity_type": "AbstractInvocation",
                "entity_new value": "*",
                "entity_role": "*",
                "entity_parent": "null"
              },
              "concrete_change": {
                "operator": "UPD",
                "src_type": "Invocation",
                "dst_type": "Invocation",
                "src": "map.containsKey(elementCursorPath)",
                "dst": "dataFetchingEnvironment.getSelectionSet().contains(elementCursorPath)",
                "src_parent_type": "If",
                "dst_parent_type": "If",
                "src_parent": "if (map.containsKey(elementCursorPath)) {\n    setting.setProperty(ConfigurationProperties.PAGINATION_EXTRACT_ALL_KEYSETS, java.lang.Boolean.TRUE);\n}",
                "dst_parent": "if (dataFetchingEnvironment.getSelectionSet().contains(elementCursorPath)) {\n    setting.setProperty(ConfigurationProperties.PAGINATION_EXTRACT_ALL_KEYSETS, java.lang.Boolean.TRUE);\n}"
              },
              "line": 215,
              "file": "/home/khesoem/projects/lighter/exp/integration/graphql/src/main/java/com/blazebit/persistence/integration/graphql/GraphQLEntityViewSupport.java",
              "stats": {
                "number_of_src_entities": 27,
                "number_of_dst_entities": 17,
                "src_entity_types": "[graphql.language.Field, java.lang.String, java.util.List\u003cgraphql.language.Field\u003e, java.util.Map\u003cjava.lang.String, java.util.List\u003cgraphql.language.Field\u003e\u003e]",
                "dst_entity_types": "[java.lang.String, graphql.schema.DataFetchingEnvironment]"
              }
            }
          ]
        },
        {
          "tool-name": "Elixir",
          "pattern-name": "Elixir:Insert_Invocation",
          "Unified_Diff_of-files:": "Starts Below...",
          "CHANGE_old:": "                    typeRegistry.add(new EnumTypeDefinition(typeName, enumValueDefinitions, new ArrayList\u0026lt;\u0026gt;(0)));",
          "CHANGE_new:": "                    addDefinition(typeRegistry, newEnumTypeDefinition(typeName, enumValueDefinitions));",
          "INSERT:": "",
          "DELETE:": "                FieldDefinition fieldDefinition \u003d new FieldDefinition(attribute.getName());",
          "instance_detail": [
            {
              "pattern_action": "INS",
              "pattern_entity": {
                "entity_type": "AbstractInvocation",
                "entity_new value": "*",
                "entity_role": "*",
                "entity_parent": "null"
              },
              "concrete_change": {
                "operator": "INS",
                "src_type": "Invocation",
                "dst_type": "null",
                "src": "dataFetchingEnvironment.getSelectionSet()",
                "dst": "null",
                "src_parent_type": "Invocation",
                "dst_parent_type": "null",
                "src_parent": "dataFetchingEnvironment.getSelectionSet().contains(elementCursorPath)",
                "dst_parent": "null"
              },
              "line": 235,
              "file": "/home/khesoem/projects/lighter/exp/integration/graphql/src/main/java/com/blazebit/persistence/integration/graphql/GraphQLEntityViewSupport.java"
            }
          ]
        }
      ]
    }
  ],
  "complete_analysis": true
}