{
  "instances": [
    {
      "revision": "579213b0ddd103c8a52e3b0310e4e3f5a7dfb862",
      "repairability": [
        {
          "tool-name": "Elixir",
          "pattern-name": "Elixir:update_type_ref",
          "Unified_Diff_of-files:": "Starts Below...",
          "INSERT:": "    // copied from org.hibernate.boot.model.relational.QualifiedNameParser.NameParts()",
          "CHANGE_old:": "        if(schemaName !\u003d null) {",
          "CHANGE_new:": "        if (schemaName !\u003d null) {",
          "instance_detail": [
            {
              "pattern_action": "UPD",
              "pattern_entity": {
                "entity_type": "TypeReference",
                "entity_new value": "*",
                "entity_role": "*",
                "entity_parent": "null"
              },
              "concrete_change": {
                "operator": "UPD",
                "src_type": "TypeReference",
                "dst_type": "TypeReference",
                "src": "com.blazebit.persistence.impl.transform.Expression",
                "dst": "com.blazebit.persistence.impl.expression.Expression",
                "src_parent_type": "Method",
                "dst_parent_type": "Method",
                "src_parent": "private com.blazebit.persistence.impl.transform.Expression getSizeExpression(com.blazebit.persistence.impl.expression.modifier.ExpressionModifier parentModifier, com.blazebit.persistence.impl.transform.PathExpression sizeArg) {\n    com.blazebit.persistence.impl.JoinNode sizeArgJoin \u003d ((com.blazebit.persistence.impl.JoinNode) (sizeArg.getBaseNode()));\n    java.lang.String property \u003d sizeArg.getPathReference().getField();\n    java.lang.Class\u003c?\u003e startClass \u003d ((com.blazebit.persistence.impl.JoinNode) (sizeArg.getBaseNode())).getPropertyClass();\n    javax.persistence.metamodel.PluralAttribute\u003c?, ?, ?\u003e targetAttribute \u003d ((javax.persistence.metamodel.PluralAttribute\u003c?, ?, ?\u003e) (com.blazebit.persistence.impl.util.MetamodelUtils.resolveTargetAttribute(metamodel, startClass, property)));\n    if (targetAttribute \u003d\u003d null) {\n        throw new java.lang.RuntimeException((((\"Attribute [\" + property) + \"] not found on class \") + (startClass.getName())));\n    }\n    javax.persistence.metamodel.PluralAttribute.CollectionType collectionType \u003d targetAttribute.getCollectionType();\n    boolean isElementCollection \u003d (targetAttribute.getPersistentAttributeType()) \u003d\u003d (Attribute.PersistentAttributeType.ELEMENT_COLLECTION);\n    javax.persistence.metamodel.EntityType\u003c?\u003e startType \u003d metamodel.entity(startClass);\n    boolean subqueryRequired;\n    if (isElementCollection) {\n        subqueryRequired \u003d false;\n    } else {\n        javax.persistence.metamodel.ManagedType\u003c?\u003e managedTargetType \u003d com.blazebit.persistence.impl.util.MetamodelUtils.resolveManagedTargetType(metamodel, startClass, property);\n        if (managedTargetType instanceof javax.persistence.metamodel.EntityType\u003c?\u003e) {\n            subqueryRequired \u003d (((javax.persistence.metamodel.EntityType\u003c?\u003e) (managedTargetType)).getIdType().getPersistenceType()) \u003d\u003d (javax.persistence.metamodel.Type.PersistenceType.EMBEDDABLE);\n        } else {\n            throw new java.lang.RuntimeException(((\"Path [\" + (sizeArg.toString())) + \"] does not refer to a collection\"));\n        }\n    }\n    java.util.List\u003ccom.blazebit.persistence.impl.transform.PathElementExpression\u003e pathElementExpr \u003d new java.util.ArrayList\u003ccom.blazebit.persistence.impl.transform.PathElementExpression\u003e();\n    java.lang.String rootId \u003d com.blazebit.persistence.impl.JpaUtils.getIdAttribute(metamodel.entity(startClass)).getName();\n    pathElementExpr.add(new com.blazebit.persistence.impl.transform.PropertyExpression(sizeArgJoin.getAlias()));\n    pathElementExpr.add(new com.blazebit.persistence.impl.transform.PropertyExpression(rootId));\n    com.blazebit.persistence.impl.transform.PathExpression groupByExpr \u003d new com.blazebit.persistence.impl.transform.PathExpression(pathElementExpr);\n    if (groupByManager.hasGroupBys()) {\n        groupByManager.groupBy(groupByExpr);\n    } else {\n        requiredGroupBysIfOtherGroupBys.add(groupByExpr);\n    }\n    subqueryRequired \u003d (((((((subqueryRequired || (!(metamodel.entity(startClass).hasSingleIdAttribute()))) || ((joinManager.getRoots().size()) \u003e 1)) || ((clause) \u003d\u003d (com.blazebit.persistence.impl.ClauseType.JOIN))) || (!(isCountTransformationEnabled()))) || ((hasComplexGroupBySelects) \u0026\u0026 (!(dbmsDialect.supportsComplexGroupBy())))) || ((hasGroupBySelects) \u0026\u0026 (!(isImplicitGroupByFromSelectEnabled())))) || (jpaProvider.isBag(targetAttribute))) || (requiresBlacklistedNode(sizeArg));\n    if (subqueryRequired) {\n        return generateSubquery(sizeArg, startClass);\n    } else {\n        if (((currentJoinNode) !\u003d null) \u0026\u0026 (!(currentJoinNode.equals(sizeArgJoin)))) {\n            int currentJoinDepth \u003d currentJoinNode.getJoinDepth();\n            int sizeArgJoinDepth \u003d sizeArgJoin.getJoinDepth();\n            if (currentJoinDepth \u003e sizeArgJoinDepth) {\n                return generateSubquery(sizeArg, startClass);\n            } else {\n                for (com.blazebit.persistence.impl.transform.SizeTransformationVisitor.TransformedExpressionEntry transformedExpressionEntry : transformedExpressions) {\n                    com.blazebit.persistence.impl.transform.PathExpression originalSizeArg \u003d transformedExpressionEntry.getOriginalSizeArg();\n                    java.lang.Class\u003c?\u003e originalStartClass \u003d ((com.blazebit.persistence.impl.JoinNode) (originalSizeArg.getBaseNode())).getPropertyClass();\n                    transformedExpressionEntry.getParentModifier().set(generateSubquery(originalSizeArg, originalStartClass));\n                }\n                transformedExpressions.clear();\n                requiredGroupBys.clear();\n                lateJoins.clear();\n                distinctRequired \u003d false;\n                if (currentJoinDepth \u003d\u003d sizeArgJoinDepth) {\n                    return generateSubquery(sizeArg, startClass);\n                }\n            }\n        }\n        joinManager.implicitJoin(groupByExpr, true, null, null, false, false, false);\n        com.blazebit.persistence.impl.transform.PathExpression originalSizeArg \u003d ((com.blazebit.persistence.impl.transform.PathExpression) (sizeArg.clone(false)));\n        originalSizeArg.setPathReference(sizeArg.getPathReference());\n        sizeArg.setUsedInCollectionFunction(false);\n        java.lang.String alias \u003d ((com.blazebit.persistence.impl.JoinNode) (sizeArg.getPathReference().getBaseNode())).getAlias();\n        java.lang.String id \u003d com.blazebit.persistence.impl.JpaUtils.getIdAttribute(startType).getName();\n        java.util.List\u003ccom.blazebit.persistence.impl.transform.PathElementExpression\u003e pathElems \u003d new java.util.ArrayList\u003ccom.blazebit.persistence.impl.transform.PathElementExpression\u003e();\n        pathElems.add(new com.blazebit.persistence.impl.transform.PropertyExpression(alias));\n        pathElems.add(new com.blazebit.persistence.impl.transform.PropertyExpression(id));\n        com.blazebit.persistence.impl.transform.PathExpression parentIdPath \u003d new com.blazebit.persistence.impl.transform.PathExpression(pathElems);\n        parentIdPath.setPathReference(new com.blazebit.persistence.impl.transform.SimplePathReference(sizeArg.getPathReference().getBaseNode(), id, null));\n        java.util.List\u003ccom.blazebit.persistence.impl.transform.Expression\u003e countArguments \u003d new java.util.ArrayList\u003ccom.blazebit.persistence.impl.transform.Expression\u003e();\n        com.blazebit.persistence.impl.transform.Expression keyExpression;\n        if ((((targetAttribute.getPersistentAttributeType()) \u003d\u003d (Attribute.PersistentAttributeType.ELEMENT_COLLECTION)) \u0026\u0026 (collectionType !\u003d (PluralAttribute.CollectionType.MAP))) || (collectionType \u003d\u003d (PluralAttribute.CollectionType.SET))) {\n            keyExpression \u003d sizeArg;\n        } else {\n            final java.lang.String keyOrIndexFunctionName;\n            java.util.List\u003ccom.blazebit.persistence.impl.transform.Expression\u003e keyArg \u003d new java.util.ArrayList\u003ccom.blazebit.persistence.impl.transform.Expression\u003e(1);\n            sizeArg.setCollectionKeyPath(true);\n            keyArg.add(sizeArg);\n            if (collectionType \u003d\u003d (PluralAttribute.CollectionType.LIST)) {\n                keyOrIndexFunctionName \u003d \"INDEX\";\n            } else {\n                keyOrIndexFunctionName \u003d \"KEY\";\n            }\n            keyExpression \u003d new com.blazebit.persistence.impl.transform.FunctionExpression(keyOrIndexFunctionName, keyArg);\n        }\n        countArguments.add(keyExpression);\n        com.blazebit.persistence.impl.transform.AggregateExpression countExpr \u003d createCountFunction(distinctRequired, countArguments);\n        transformedExpressions.add(new com.blazebit.persistence.impl.transform.SizeTransformationVisitor.TransformedExpressionEntry(countExpr, originalSizeArg, parentModifier));\n        java.lang.String joinLookupKey \u003d getJoinLookupKey(sizeArg);\n        com.blazebit.persistence.impl.transform.SizeTransformationVisitor.LateJoinEntry lateJoin \u003d lateJoins.get(joinLookupKey);\n        if (lateJoin \u003d\u003d null) {\n            lateJoin \u003d new com.blazebit.persistence.impl.transform.SizeTransformationVisitor.LateJoinEntry();\n            lateJoins.put(joinLookupKey, lateJoin);\n        }\n        lateJoin.getPathsToJoin().add(sizeArg);\n        lateJoin.getClauseDependencies().add(clause);\n        currentJoinNode \u003d ((com.blazebit.persistence.impl.JoinNode) (originalSizeArg.getBaseNode()));\n        if ((distinctRequired) \u003d\u003d false) {\n            if (((lateJoins.size()) + (joinManager.getCollectionJoins().size())) \u003e 1) {\n                distinctRequired \u003d true;\n                for (com.blazebit.persistence.impl.transform.SizeTransformationVisitor.TransformedExpressionEntry transformedExpressionEntry : transformedExpressions) {\n                    com.blazebit.persistence.impl.transform.AggregateExpression transformedExpr \u003d transformedExpressionEntry.getTransformedExpression();\n                    if ((com.blazebit.persistence.impl.util.ExpressionUtils.isCustomFunctionInvocation(transformedExpr)) \u0026\u0026 (AbstractCountFunction.FUNCTION_NAME.equalsIgnoreCase(((com.blazebit.persistence.impl.transform.StringLiteral) (transformedExpr.getExpressions().get(0))).getValue()))) {\n                        if (!(AbstractCountFunction.DISTINCT_QUALIFIER.equals(transformedExpr.getExpressions().get(1)))) {\n                            transformedExpr.getExpressions().add(1, new com.blazebit.persistence.impl.transform.StringLiteral(com.blazebit.persistence.impl.function.count.AbstractCountFunction.DISTINCT_QUALIFIER));\n                        }\n                    } else {\n                        transformedExpr.setDistinct(true);\n                    }\n                }\n            }\n        }\n        requiredGroupBys.add(groupByExpr);\n        return countExpr;\n    }\n}",
                "dst_parent": "private com.blazebit.persistence.impl.expression.Expression getSizeExpression(com.blazebit.persistence.impl.expression.modifier.ExpressionModifier parentModifier, com.blazebit.persistence.impl.expression.PathExpression sizeArg) {\n    com.blazebit.persistence.impl.JoinNode sizeArgJoin \u003d ((com.blazebit.persistence.impl.JoinNode) (sizeArg.getBaseNode()));\n    java.lang.String property \u003d sizeArg.getPathReference().getField();\n    java.lang.Class\u003c?\u003e startClass \u003d ((com.blazebit.persistence.impl.JoinNode) (sizeArg.getBaseNode())).getPropertyClass();\n    javax.persistence.metamodel.PluralAttribute\u003c?, ?, ?\u003e targetAttribute \u003d ((javax.persistence.metamodel.PluralAttribute\u003c?, ?, ?\u003e) (com.blazebit.persistence.impl.util.MetamodelUtils.resolveTargetAttribute(metamodel, startClass, property)));\n    if (targetAttribute \u003d\u003d null) {\n        throw new java.lang.RuntimeException((((\"Attribute [\" + property) + \"] not found on class \") + (startClass.getName())));\n    }\n    javax.persistence.metamodel.PluralAttribute.CollectionType collectionType \u003d targetAttribute.getCollectionType();\n    boolean isElementCollection \u003d (targetAttribute.getPersistentAttributeType()) \u003d\u003d (Attribute.PersistentAttributeType.ELEMENT_COLLECTION);\n    javax.persistence.metamodel.EntityType\u003c?\u003e startType \u003d metamodel.entity(startClass);\n    boolean subqueryRequired;\n    if (isElementCollection) {\n        subqueryRequired \u003d false;\n    } else {\n        javax.persistence.metamodel.ManagedType\u003c?\u003e managedTargetType \u003d com.blazebit.persistence.impl.util.MetamodelUtils.resolveManagedTargetType(metamodel, startClass, property);\n        if (managedTargetType instanceof javax.persistence.metamodel.EntityType\u003c?\u003e) {\n            subqueryRequired \u003d (((javax.persistence.metamodel.EntityType\u003c?\u003e) (managedTargetType)).getIdType().getPersistenceType()) \u003d\u003d (javax.persistence.metamodel.Type.PersistenceType.EMBEDDABLE);\n        } else {\n            throw new java.lang.RuntimeException(((\"Path [\" + (sizeArg.toString())) + \"] does not refer to a collection\"));\n        }\n    }\n    java.util.List\u003ccom.blazebit.persistence.impl.expression.PathElementExpression\u003e pathElementExpr \u003d new java.util.ArrayList\u003ccom.blazebit.persistence.impl.expression.PathElementExpression\u003e();\n    java.lang.String rootId \u003d com.blazebit.persistence.impl.JpaUtils.getIdAttribute(metamodel.entity(startClass)).getName();\n    pathElementExpr.add(new com.blazebit.persistence.impl.expression.PropertyExpression(sizeArgJoin.getAlias()));\n    pathElementExpr.add(new com.blazebit.persistence.impl.expression.PropertyExpression(rootId));\n    com.blazebit.persistence.impl.expression.PathExpression groupByExpr \u003d new com.blazebit.persistence.impl.expression.PathExpression(pathElementExpr);\n    if (groupByManager.hasGroupBys()) {\n        groupByManager.groupBy(groupByExpr);\n    } else {\n        requiredGroupBysIfOtherGroupBys.add(groupByExpr);\n    }\n    subqueryRequired \u003d (((((((subqueryRequired || (!(metamodel.entity(startClass).hasSingleIdAttribute()))) || ((joinManager.getRoots().size()) \u003e 1)) || ((clause) \u003d\u003d (com.blazebit.persistence.impl.ClauseType.JOIN))) || (!(isCountTransformationEnabled()))) || ((hasComplexGroupBySelects) \u0026\u0026 (!(dbmsDialect.supportsComplexGroupBy())))) || ((hasGroupBySelects) \u0026\u0026 (!(isImplicitGroupByFromSelectEnabled())))) || (jpaProvider.isBag(targetAttribute))) || (requiresBlacklistedNode(sizeArg));\n    if (subqueryRequired) {\n        return generateSubquery(sizeArg, startClass);\n    } else {\n        if (((currentJoinNode) !\u003d null) \u0026\u0026 (!(currentJoinNode.equals(sizeArgJoin)))) {\n            int currentJoinDepth \u003d currentJoinNode.getJoinDepth();\n            int sizeArgJoinDepth \u003d sizeArgJoin.getJoinDepth();\n            if (currentJoinDepth \u003e sizeArgJoinDepth) {\n                return generateSubquery(sizeArg, startClass);\n            } else {\n                for (com.blazebit.persistence.impl.transform.SizeTransformationVisitor.TransformedExpressionEntry transformedExpressionEntry : transformedExpressions) {\n                    com.blazebit.persistence.impl.expression.PathExpression originalSizeArg \u003d transformedExpressionEntry.getOriginalSizeArg();\n                    java.lang.Class\u003c?\u003e originalStartClass \u003d ((com.blazebit.persistence.impl.JoinNode) (originalSizeArg.getBaseNode())).getPropertyClass();\n                    transformedExpressionEntry.getParentModifier().set(generateSubquery(originalSizeArg, originalStartClass));\n                }\n                transformedExpressions.clear();\n                requiredGroupBys.clear();\n                lateJoins.clear();\n                distinctRequired \u003d false;\n                if (currentJoinDepth \u003d\u003d sizeArgJoinDepth) {\n                    return generateSubquery(sizeArg, startClass);\n                }\n            }\n        }\n        joinManager.implicitJoin(groupByExpr, true, null, null, false, false, false);\n        com.blazebit.persistence.impl.expression.PathExpression originalSizeArg \u003d ((com.blazebit.persistence.impl.expression.PathExpression) (sizeArg.clone(false)));\n        originalSizeArg.setPathReference(sizeArg.getPathReference());\n        sizeArg.setUsedInCollectionFunction(false);\n        java.lang.String alias \u003d ((com.blazebit.persistence.impl.JoinNode) (sizeArg.getPathReference().getBaseNode())).getAlias();\n        java.lang.String id \u003d com.blazebit.persistence.impl.JpaUtils.getIdAttribute(startType).getName();\n        java.util.List\u003ccom.blazebit.persistence.impl.expression.PathElementExpression\u003e pathElems \u003d new java.util.ArrayList\u003ccom.blazebit.persistence.impl.expression.PathElementExpression\u003e();\n        pathElems.add(new com.blazebit.persistence.impl.expression.PropertyExpression(alias));\n        pathElems.add(new com.blazebit.persistence.impl.expression.PropertyExpression(id));\n        com.blazebit.persistence.impl.expression.PathExpression parentIdPath \u003d new com.blazebit.persistence.impl.expression.PathExpression(pathElems);\n        parentIdPath.setPathReference(new com.blazebit.persistence.impl.expression.SimplePathReference(sizeArg.getPathReference().getBaseNode(), id, null));\n        java.util.List\u003ccom.blazebit.persistence.impl.expression.Expression\u003e countArguments \u003d new java.util.ArrayList\u003ccom.blazebit.persistence.impl.expression.Expression\u003e();\n        com.blazebit.persistence.impl.expression.Expression keyExpression;\n        if ((((targetAttribute.getPersistentAttributeType()) \u003d\u003d (Attribute.PersistentAttributeType.ELEMENT_COLLECTION)) \u0026\u0026 (collectionType !\u003d (PluralAttribute.CollectionType.MAP))) || (collectionType \u003d\u003d (PluralAttribute.CollectionType.SET))) {\n            keyExpression \u003d sizeArg;\n        } else {\n            final java.lang.String keyOrIndexFunctionName;\n            java.util.List\u003ccom.blazebit.persistence.impl.expression.Expression\u003e keyArg \u003d new java.util.ArrayList\u003ccom.blazebit.persistence.impl.expression.Expression\u003e(1);\n            sizeArg.setCollectionKeyPath(true);\n            keyArg.add(sizeArg);\n            if (collectionType \u003d\u003d (PluralAttribute.CollectionType.LIST)) {\n                keyOrIndexFunctionName \u003d \"INDEX\";\n            } else {\n                keyOrIndexFunctionName \u003d \"KEY\";\n            }\n            keyExpression \u003d new com.blazebit.persistence.impl.expression.FunctionExpression(keyOrIndexFunctionName, keyArg);\n        }\n        countArguments.add(keyExpression);\n        com.blazebit.persistence.impl.expression.AggregateExpression countExpr \u003d createCountFunction(distinctRequired, countArguments);\n        transformedExpressions.add(new com.blazebit.persistence.impl.transform.SizeTransformationVisitor.TransformedExpressionEntry(countExpr, originalSizeArg, parentModifier));\n        java.lang.String joinLookupKey \u003d getJoinLookupKey(sizeArg);\n        com.blazebit.persistence.impl.transform.SizeTransformationVisitor.LateJoinEntry lateJoin \u003d lateJoins.get(joinLookupKey);\n        if (lateJoin \u003d\u003d null) {\n            lateJoin \u003d new com.blazebit.persistence.impl.transform.SizeTransformationVisitor.LateJoinEntry();\n            lateJoins.put(joinLookupKey, lateJoin);\n        }\n        lateJoin.getPathsToJoin().add(sizeArg);\n        lateJoin.getClauseDependencies().add(clause);\n        currentJoinNode \u003d ((com.blazebit.persistence.impl.JoinNode) (originalSizeArg.getBaseNode()));\n        if ((distinctRequired) \u003d\u003d false) {\n            if (((lateJoins.size()) + (joinManager.getCollectionJoins().size())) \u003e 1) {\n                distinctRequired \u003d true;\n                for (com.blazebit.persistence.impl.transform.SizeTransformationVisitor.TransformedExpressionEntry transformedExpressionEntry : transformedExpressions) {\n                    com.blazebit.persistence.impl.expression.AggregateExpression transformedExpr \u003d transformedExpressionEntry.getTransformedExpression();\n                    if ((com.blazebit.persistence.impl.util.ExpressionUtils.isCustomFunctionInvocation(transformedExpr)) \u0026\u0026 (AbstractCountFunction.FUNCTION_NAME.equalsIgnoreCase(((com.blazebit.persistence.impl.expression.StringLiteral) (transformedExpr.getExpressions().get(0))).getValue()))) {\n                        if (!(AbstractCountFunction.DISTINCT_QUALIFIER.equals(transformedExpr.getExpressions().get(1)))) {\n                            transformedExpr.getExpressions().add(1, new com.blazebit.persistence.impl.expression.StringLiteral(com.blazebit.persistence.impl.function.count.AbstractCountFunction.DISTINCT_QUALIFIER));\n                        }\n                    } else {\n                        transformedExpr.setDistinct(true);\n                    }\n                }\n            }\n        }\n        requiredGroupBys.add(groupByExpr);\n        return countExpr;\n    }\n}"
              },
              "line": 177,
              "file": "/home/khesoem/projects/lighter/exp/core/impl/src/main/java/com/blazebit/persistence/impl/transform/SizeTransformationVisitor.java",
              "stats": {
                "number_of_src_entities": 2,
                "number_of_dst_entities": 2,
                "src_entity_types": "[com.blazebit.persistence.impl.transform.Expression]",
                "dst_entity_types": "[com.blazebit.persistence.impl.expression.Expression]"
              }
            }
          ]
        },
        {
          "tool-name": "Elixir",
          "pattern-name": "Elixir:update_type_ref",
          "Unified_Diff_of-files:": "Starts Below...",
          "INSERT:": "    // copied from org.hibernate.boot.model.relational.QualifiedNameParser.NameParts()",
          "CHANGE_old:": "        if(schemaName !\u003d null) {",
          "CHANGE_new:": "        if (schemaName !\u003d null) {",
          "instance_detail": [
            {
              "pattern_action": "UPD",
              "pattern_entity": {
                "entity_type": "TypeReference",
                "entity_new value": "*",
                "entity_role": "*",
                "entity_parent": "null"
              },
              "concrete_change": {
                "operator": "UPD",
                "src_type": "TypeReference",
                "dst_type": "TypeReference",
                "src": "com.blazebit.persistence.impl.transform.AggregateExpression",
                "dst": "com.blazebit.persistence.impl.expression.AggregateExpression",
                "src_parent_type": "Method",
                "dst_parent_type": "Method",
                "src_parent": "private com.blazebit.persistence.impl.transform.AggregateExpression createCountFunction(boolean distinct, java.util.List\u003ccom.blazebit.persistence.impl.transform.Expression\u003e countTupleArguments) {\n    countTupleArguments.add(0, new com.blazebit.persistence.impl.transform.StringLiteral(AbstractCountFunction.FUNCTION_NAME.toUpperCase()));\n    if (distinct) {\n        countTupleArguments.add(1, new com.blazebit.persistence.impl.transform.StringLiteral(com.blazebit.persistence.impl.function.count.AbstractCountFunction.DISTINCT_QUALIFIER));\n    }\n    return new com.blazebit.persistence.impl.transform.AggregateExpression(false, \"FUNCTION\", countTupleArguments);\n}",
                "dst_parent": "private com.blazebit.persistence.impl.expression.AggregateExpression createCountFunction(boolean distinct, java.util.List\u003ccom.blazebit.persistence.impl.expression.Expression\u003e countTupleArguments) {\n    countTupleArguments.add(0, new com.blazebit.persistence.impl.expression.StringLiteral(AbstractCountFunction.FUNCTION_NAME.toUpperCase()));\n    if (distinct) {\n        countTupleArguments.add(1, new com.blazebit.persistence.impl.expression.StringLiteral(com.blazebit.persistence.impl.function.count.AbstractCountFunction.DISTINCT_QUALIFIER));\n    }\n    return new com.blazebit.persistence.impl.expression.AggregateExpression(false, \"FUNCTION\", countTupleArguments);\n}"
              },
              "line": 335,
              "file": "/home/khesoem/projects/lighter/exp/core/impl/src/main/java/com/blazebit/persistence/impl/transform/SizeTransformationVisitor.java",
              "stats": {
                "number_of_src_entities": 2,
                "number_of_dst_entities": 2,
                "src_entity_types": "[com.blazebit.persistence.impl.transform.AggregateExpression]",
                "dst_entity_types": "[com.blazebit.persistence.impl.expression.AggregateExpression]"
              }
            }
          ]
        },
        {
          "tool-name": "Elixir",
          "pattern-name": "Elixir:update_type_ref",
          "Unified_Diff_of-files:": "Starts Below...",
          "INSERT:": "    // copied from org.hibernate.boot.model.relational.QualifiedNameParser.NameParts()",
          "CHANGE_old:": "        if(schemaName !\u003d null) {",
          "CHANGE_new:": "        if (schemaName !\u003d null) {",
          "instance_detail": [
            {
              "pattern_action": "UPD",
              "pattern_entity": {
                "entity_type": "TypeReference",
                "entity_new value": "*",
                "entity_role": "*",
                "entity_parent": "null"
              },
              "concrete_change": {
                "operator": "UPD",
                "src_type": "TypeReference",
                "dst_type": "TypeReference",
                "src": "com.blazebit.persistence.impl.transform.SubqueryExpression",
                "dst": "com.blazebit.persistence.impl.expression.SubqueryExpression",
                "src_parent_type": "Method",
                "dst_parent_type": "Method",
                "src_parent": "private com.blazebit.persistence.impl.transform.SubqueryExpression generateSubquery(com.blazebit.persistence.impl.transform.PathExpression sizeArg, java.lang.Class\u003c?\u003e collectionClass) {\n    com.blazebit.persistence.impl.transform.Subquery countSubquery \u003d ((com.blazebit.persistence.impl.transform.Subquery) (subqueryInitFactory.createSubqueryInitiator(null, new com.blazebit.persistence.impl.SubqueryBuilderListenerImpl\u003cjava.lang.Object\u003e(), false).from(sizeArg.getPath()).select(\"COUNT(*)\")));\n    return new com.blazebit.persistence.impl.transform.SubqueryExpression(countSubquery);\n}",
                "dst_parent": "private com.blazebit.persistence.impl.expression.SubqueryExpression generateSubquery(com.blazebit.persistence.impl.expression.PathExpression sizeArg, java.lang.Class\u003c?\u003e collectionClass) {\n    com.blazebit.persistence.impl.expression.Subquery countSubquery \u003d ((com.blazebit.persistence.impl.expression.Subquery) (subqueryInitFactory.createSubqueryInitiator(null, new com.blazebit.persistence.impl.SubqueryBuilderListenerImpl\u003cjava.lang.Object\u003e(), false).from(sizeArg.getPath()).select(\"COUNT(*)\")));\n    return new com.blazebit.persistence.impl.expression.SubqueryExpression(countSubquery);\n}"
              },
              "line": 343,
              "file": "/home/khesoem/projects/lighter/exp/core/impl/src/main/java/com/blazebit/persistence/impl/transform/SizeTransformationVisitor.java",
              "stats": {
                "number_of_src_entities": 2,
                "number_of_dst_entities": 2,
                "src_entity_types": "[com.blazebit.persistence.impl.transform.SubqueryExpression]",
                "dst_entity_types": "[com.blazebit.persistence.impl.expression.SubqueryExpression]"
              }
            }
          ]
        },
        {
          "tool-name": "Elixir",
          "pattern-name": "Elixir:update_type_ref",
          "Unified_Diff_of-files:": "Starts Below...",
          "INSERT:": "    // copied from org.hibernate.boot.model.relational.QualifiedNameParser.NameParts()",
          "CHANGE_old:": "        if(schemaName !\u003d null) {",
          "CHANGE_new:": "        if (schemaName !\u003d null) {",
          "instance_detail": [
            {
              "pattern_action": "UPD",
              "pattern_entity": {
                "entity_type": "TypeReference",
                "entity_new value": "*",
                "entity_role": "*",
                "entity_parent": "null"
              },
              "concrete_change": {
                "operator": "UPD",
                "src_type": "TypeReference",
                "dst_type": "TypeReference",
                "src": "com.blazebit.persistence.impl.transform.PathExpression",
                "dst": "com.blazebit.persistence.impl.expression.PathExpression",
                "src_parent_type": "ParameterReference",
                "dst_parent_type": "Parameter",
                "src_parent": "expression",
                "dst_parent": "com.blazebit.persistence.impl.expression.PathExpression expression"
              },
              "line": 137,
              "file": "/home/khesoem/projects/lighter/exp/core/impl/src/main/java/com/blazebit/persistence/impl/transform/SizeTransformationVisitor.java",
              "stats": {
                "number_of_src_entities": 2,
                "number_of_dst_entities": 2,
                "src_entity_types": "[com.blazebit.persistence.impl.transform.PathExpression]",
                "dst_entity_types": "[com.blazebit.persistence.impl.expression.PathExpression]"
              }
            }
          ]
        },
        {
          "tool-name": "Elixir",
          "pattern-name": "Elixir:update_type_ref",
          "Unified_Diff_of-files:": "Starts Below...",
          "INSERT:": "    // copied from org.hibernate.boot.model.relational.QualifiedNameParser.NameParts()",
          "CHANGE_old:": "        if(schemaName !\u003d null) {",
          "CHANGE_new:": "        if (schemaName !\u003d null) {",
          "instance_detail": [
            {
              "pattern_action": "UPD",
              "pattern_entity": {
                "entity_type": "TypeReference",
                "entity_new value": "*",
                "entity_role": "*",
                "entity_parent": "null"
              },
              "concrete_change": {
                "operator": "UPD",
                "src_type": "TypeReference",
                "dst_type": "TypeReference",
                "src": "com.blazebit.persistence.impl.transform.FunctionExpression",
                "dst": "com.blazebit.persistence.impl.expression.FunctionExpression",
                "src_parent_type": "ParameterReference",
                "dst_parent_type": "Parameter",
                "src_parent": "expression",
                "dst_parent": "com.blazebit.persistence.impl.expression.FunctionExpression expression"
              },
              "line": 156,
              "file": "/home/khesoem/projects/lighter/exp/core/impl/src/main/java/com/blazebit/persistence/impl/transform/SizeTransformationVisitor.java",
              "stats": {
                "number_of_src_entities": 2,
                "number_of_dst_entities": 2,
                "src_entity_types": "[com.blazebit.persistence.impl.transform.FunctionExpression]",
                "dst_entity_types": "[com.blazebit.persistence.impl.expression.FunctionExpression]"
              }
            }
          ]
        },
        {
          "tool-name": "Elixir",
          "pattern-name": "Elixir:update_type_ref",
          "Unified_Diff_of-files:": "Starts Below...",
          "INSERT:": "    // copied from org.hibernate.boot.model.relational.QualifiedNameParser.NameParts()",
          "CHANGE_old:": "        if(schemaName !\u003d null) {",
          "CHANGE_new:": "        if (schemaName !\u003d null) {",
          "instance_detail": [
            {
              "pattern_action": "UPD",
              "pattern_entity": {
                "entity_type": "TypeReference",
                "entity_new value": "*",
                "entity_role": "*",
                "entity_parent": "null"
              },
              "concrete_change": {
                "operator": "UPD",
                "src_type": "TypeReference",
                "dst_type": "TypeReference",
                "src": "com.blazebit.persistence.impl.transform.PathExpression",
                "dst": "com.blazebit.persistence.impl.expression.PathExpression",
                "src_parent_type": "LocalVariable",
                "dst_parent_type": "LocalVariable",
                "src_parent": "com.blazebit.persistence.impl.transform.PathExpression sizeArg \u003d ((com.blazebit.persistence.impl.transform.PathExpression) (((com.blazebit.persistence.impl.transform.FunctionExpression) (parentModifier.get())).getExpressions().get(0)))",
                "dst_parent": "com.blazebit.persistence.impl.expression.PathExpression sizeArg \u003d ((com.blazebit.persistence.impl.expression.PathExpression) (((com.blazebit.persistence.impl.expression.FunctionExpression) (parentModifier.get())).getExpressions().get(0)))"
              },
              "line": 164,
              "file": "/home/khesoem/projects/lighter/exp/core/impl/src/main/java/com/blazebit/persistence/impl/transform/SizeTransformationVisitor.java",
              "stats": {
                "number_of_src_entities": 2,
                "number_of_dst_entities": 2,
                "src_entity_types": "[com.blazebit.persistence.impl.transform.PathExpression]",
                "dst_entity_types": "[com.blazebit.persistence.impl.expression.PathExpression]"
              }
            }
          ]
        },
        {
          "tool-name": "Elixir",
          "pattern-name": "Elixir:update_type_ref",
          "Unified_Diff_of-files:": "Starts Below...",
          "INSERT:": "    // copied from org.hibernate.boot.model.relational.QualifiedNameParser.NameParts()",
          "CHANGE_old:": "        if(schemaName !\u003d null) {",
          "CHANGE_new:": "        if (schemaName !\u003d null) {",
          "instance_detail": [
            {
              "pattern_action": "UPD",
              "pattern_entity": {
                "entity_type": "TypeReference",
                "entity_new value": "*",
                "entity_role": "*",
                "entity_parent": "null"
              },
              "concrete_change": {
                "operator": "UPD",
                "src_type": "TypeReference",
                "dst_type": "TypeReference",
                "src": "com.blazebit.persistence.impl.transform.PathExpression",
                "dst": "com.blazebit.persistence.impl.expression.PathExpression",
                "src_parent_type": "ParameterReference",
                "dst_parent_type": "Parameter",
                "src_parent": "sizeArg",
                "dst_parent": "com.blazebit.persistence.impl.expression.PathExpression sizeArg"
              },
              "line": 168,
              "file": "/home/khesoem/projects/lighter/exp/core/impl/src/main/java/com/blazebit/persistence/impl/transform/SizeTransformationVisitor.java",
              "stats": {
                "number_of_src_entities": 2,
                "number_of_dst_entities": 2,
                "src_entity_types": "[com.blazebit.persistence.impl.transform.PathExpression]",
                "dst_entity_types": "[com.blazebit.persistence.impl.expression.PathExpression]"
              }
            }
          ]
        },
        {
          "tool-name": "Elixir",
          "pattern-name": "Elixir:update_type_ref",
          "Unified_Diff_of-files:": "Starts Below...",
          "INSERT:": "    // copied from org.hibernate.boot.model.relational.QualifiedNameParser.NameParts()",
          "CHANGE_old:": "        if(schemaName !\u003d null) {",
          "CHANGE_new:": "        if (schemaName !\u003d null) {",
          "instance_detail": [
            {
              "pattern_action": "UPD",
              "pattern_entity": {
                "entity_type": "TypeReference",
                "entity_new value": "*",
                "entity_role": "*",
                "entity_parent": "null"
              },
              "concrete_change": {
                "operator": "UPD",
                "src_type": "TypeReference",
                "dst_type": "TypeReference",
                "src": "com.blazebit.persistence.impl.transform.PathExpression",
                "dst": "com.blazebit.persistence.impl.expression.PathExpression",
                "src_parent_type": "ParameterReference",
                "dst_parent_type": "Parameter",
                "src_parent": "sizeArg",
                "dst_parent": "com.blazebit.persistence.impl.expression.PathExpression sizeArg"
              },
              "line": 177,
              "file": "/home/khesoem/projects/lighter/exp/core/impl/src/main/java/com/blazebit/persistence/impl/transform/SizeTransformationVisitor.java",
              "stats": {
                "number_of_src_entities": 2,
                "number_of_dst_entities": 2,
                "src_entity_types": "[com.blazebit.persistence.impl.transform.PathExpression]",
                "dst_entity_types": "[com.blazebit.persistence.impl.expression.PathExpression]"
              }
            }
          ]
        },
        {
          "tool-name": "Elixir",
          "pattern-name": "Elixir:update_type_ref",
          "Unified_Diff_of-files:": "Starts Below...",
          "INSERT:": "    // copied from org.hibernate.boot.model.relational.QualifiedNameParser.NameParts()",
          "CHANGE_old:": "        if(schemaName !\u003d null) {",
          "CHANGE_new:": "        if (schemaName !\u003d null) {",
          "instance_detail": [
            {
              "pattern_action": "UPD",
              "pattern_entity": {
                "entity_type": "TypeReference",
                "entity_new value": "*",
                "entity_role": "*",
                "entity_parent": "null"
              },
              "concrete_change": {
                "operator": "UPD",
                "src_type": "TypeReference",
                "dst_type": "TypeReference",
                "src": "com.blazebit.persistence.impl.transform.PathExpression",
                "dst": "com.blazebit.persistence.impl.expression.PathExpression",
                "src_parent_type": "LocalVariable",
                "dst_parent_type": "LocalVariable",
                "src_parent": "com.blazebit.persistence.impl.transform.PathExpression groupByExpr \u003d new com.blazebit.persistence.impl.transform.PathExpression(pathElementExpr)",
                "dst_parent": "com.blazebit.persistence.impl.expression.PathExpression groupByExpr \u003d new com.blazebit.persistence.impl.expression.PathExpression(pathElementExpr)"
              },
              "line": 207,
              "file": "/home/khesoem/projects/lighter/exp/core/impl/src/main/java/com/blazebit/persistence/impl/transform/SizeTransformationVisitor.java",
              "stats": {
                "number_of_src_entities": 2,
                "number_of_dst_entities": 2,
                "src_entity_types": "[com.blazebit.persistence.impl.transform.PathExpression]",
                "dst_entity_types": "[com.blazebit.persistence.impl.expression.PathExpression]"
              }
            }
          ]
        },
        {
          "tool-name": "Elixir",
          "pattern-name": "Elixir:update_type_ref",
          "Unified_Diff_of-files:": "Starts Below...",
          "INSERT:": "    // copied from org.hibernate.boot.model.relational.QualifiedNameParser.NameParts()",
          "CHANGE_old:": "        if(schemaName !\u003d null) {",
          "CHANGE_new:": "        if (schemaName !\u003d null) {",
          "instance_detail": [
            {
              "pattern_action": "UPD",
              "pattern_entity": {
                "entity_type": "TypeReference",
                "entity_new value": "*",
                "entity_role": "*",
                "entity_parent": "null"
              },
              "concrete_change": {
                "operator": "UPD",
                "src_type": "TypeReference",
                "dst_type": "TypeReference",
                "src": "com.blazebit.persistence.impl.transform.PathExpression",
                "dst": "com.blazebit.persistence.impl.expression.PathExpression",
                "src_parent_type": "ParameterReference",
                "dst_parent_type": "Parameter",
                "src_parent": "pathExpression",
                "dst_parent": "com.blazebit.persistence.impl.expression.PathExpression pathExpression"
              },
              "line": 330,
              "file": "/home/khesoem/projects/lighter/exp/core/impl/src/main/java/com/blazebit/persistence/impl/transform/SizeTransformationVisitor.java",
              "stats": {
                "number_of_src_entities": 2,
                "number_of_dst_entities": 2,
                "src_entity_types": "[com.blazebit.persistence.impl.transform.PathExpression]",
                "dst_entity_types": "[com.blazebit.persistence.impl.expression.PathExpression]"
              }
            }
          ]
        },
        {
          "tool-name": "Elixir",
          "pattern-name": "Elixir:update_type_ref",
          "Unified_Diff_of-files:": "Starts Below...",
          "INSERT:": "    // copied from org.hibernate.boot.model.relational.QualifiedNameParser.NameParts()",
          "CHANGE_old:": "        if(schemaName !\u003d null) {",
          "CHANGE_new:": "        if (schemaName !\u003d null) {",
          "instance_detail": [
            {
              "pattern_action": "UPD",
              "pattern_entity": {
                "entity_type": "TypeReference",
                "entity_new value": "*",
                "entity_role": "*",
                "entity_parent": "null"
              },
              "concrete_change": {
                "operator": "UPD",
                "src_type": "TypeReference",
                "dst_type": "TypeReference",
                "src": "com.blazebit.persistence.impl.transform.PathExpression",
                "dst": "com.blazebit.persistence.impl.expression.PathExpression",
                "src_parent_type": "ParameterReference",
                "dst_parent_type": "Parameter",
                "src_parent": "sizeArg",
                "dst_parent": "com.blazebit.persistence.impl.expression.PathExpression sizeArg"
              },
              "line": 343,
              "file": "/home/khesoem/projects/lighter/exp/core/impl/src/main/java/com/blazebit/persistence/impl/transform/SizeTransformationVisitor.java",
              "stats": {
                "number_of_src_entities": 2,
                "number_of_dst_entities": 2,
                "src_entity_types": "[com.blazebit.persistence.impl.transform.PathExpression]",
                "dst_entity_types": "[com.blazebit.persistence.impl.expression.PathExpression]"
              }
            }
          ]
        },
        {
          "tool-name": "Elixir",
          "pattern-name": "Elixir:update_type_ref",
          "Unified_Diff_of-files:": "Starts Below...",
          "INSERT:": "    // copied from org.hibernate.boot.model.relational.QualifiedNameParser.NameParts()",
          "CHANGE_old:": "        if(schemaName !\u003d null) {",
          "CHANGE_new:": "        if (schemaName !\u003d null) {",
          "instance_detail": [
            {
              "pattern_action": "UPD",
              "pattern_entity": {
                "entity_type": "TypeReference",
                "entity_new value": "*",
                "entity_role": "*",
                "entity_parent": "null"
              },
              "concrete_change": {
                "operator": "UPD",
                "src_type": "TypeReference",
                "dst_type": "TypeReference",
                "src": "com.blazebit.persistence.impl.transform.Subquery",
                "dst": "com.blazebit.persistence.impl.expression.Subquery",
                "src_parent_type": "LocalVariable",
                "dst_parent_type": "LocalVariable",
                "src_parent": "com.blazebit.persistence.impl.transform.Subquery countSubquery \u003d ((com.blazebit.persistence.impl.transform.Subquery) (subqueryInitFactory.createSubqueryInitiator(null, new com.blazebit.persistence.impl.SubqueryBuilderListenerImpl\u003cjava.lang.Object\u003e(), false).from(sizeArg.getPath()).select(\"COUNT(*)\")))",
                "dst_parent": "com.blazebit.persistence.impl.expression.Subquery countSubquery \u003d ((com.blazebit.persistence.impl.expression.Subquery) (subqueryInitFactory.createSubqueryInitiator(null, new com.blazebit.persistence.impl.SubqueryBuilderListenerImpl\u003cjava.lang.Object\u003e(), false).from(sizeArg.getPath()).select(\"COUNT(*)\")))"
              },
              "line": 344,
              "file": "/home/khesoem/projects/lighter/exp/core/impl/src/main/java/com/blazebit/persistence/impl/transform/SizeTransformationVisitor.java",
              "stats": {
                "number_of_src_entities": 2,
                "number_of_dst_entities": 2,
                "src_entity_types": "[com.blazebit.persistence.impl.transform.Subquery]",
                "dst_entity_types": "[com.blazebit.persistence.impl.expression.Subquery]"
              }
            }
          ]
        },
        {
          "tool-name": "Elixir",
          "pattern-name": "Elixir:update_type_ref",
          "Unified_Diff_of-files:": "Starts Below...",
          "INSERT:": "    // copied from org.hibernate.boot.model.relational.QualifiedNameParser.NameParts()",
          "CHANGE_old:": "        if(schemaName !\u003d null) {",
          "CHANGE_new:": "        if (schemaName !\u003d null) {",
          "instance_detail": [
            {
              "pattern_action": "UPD",
              "pattern_entity": {
                "entity_type": "TypeReference",
                "entity_new value": "*",
                "entity_role": "*",
                "entity_parent": "null"
              },
              "concrete_change": {
                "operator": "UPD",
                "src_type": "TypeReference",
                "dst_type": "TypeReference",
                "src": "com.blazebit.persistence.impl.transform.AggregateExpression",
                "dst": "com.blazebit.persistence.impl.expression.AggregateExpression",
                "src_parent_type": "Field",
                "dst_parent_type": "Field",
                "src_parent": "private final com.blazebit.persistence.impl.transform.AggregateExpression transformedExpression;",
                "dst_parent": "private final com.blazebit.persistence.impl.expression.AggregateExpression transformedExpression;"
              },
              "line": 352,
              "file": "/home/khesoem/projects/lighter/exp/core/impl/src/main/java/com/blazebit/persistence/impl/transform/SizeTransformationVisitor.java",
              "stats": {
                "number_of_src_entities": 2,
                "number_of_dst_entities": 2,
                "src_entity_types": "[com.blazebit.persistence.impl.transform.AggregateExpression]",
                "dst_entity_types": "[com.blazebit.persistence.impl.expression.AggregateExpression]"
              }
            }
          ]
        },
        {
          "tool-name": "Elixir",
          "pattern-name": "Elixir:update_type_ref",
          "Unified_Diff_of-files:": "Starts Below...",
          "INSERT:": "    // copied from org.hibernate.boot.model.relational.QualifiedNameParser.NameParts()",
          "CHANGE_old:": "        if(schemaName !\u003d null) {",
          "CHANGE_new:": "        if (schemaName !\u003d null) {",
          "instance_detail": [
            {
              "pattern_action": "UPD",
              "pattern_entity": {
                "entity_type": "TypeReference",
                "entity_new value": "*",
                "entity_role": "*",
                "entity_parent": "null"
              },
              "concrete_change": {
                "operator": "UPD",
                "src_type": "TypeReference",
                "dst_type": "TypeReference",
                "src": "com.blazebit.persistence.impl.transform.PathExpression",
                "dst": "com.blazebit.persistence.impl.expression.PathExpression",
                "src_parent_type": "Field",
                "dst_parent_type": "Field",
                "src_parent": "private final com.blazebit.persistence.impl.transform.PathExpression originalSizeArg;",
                "dst_parent": "private final com.blazebit.persistence.impl.expression.PathExpression originalSizeArg;"
              },
              "line": 353,
              "file": "/home/khesoem/projects/lighter/exp/core/impl/src/main/java/com/blazebit/persistence/impl/transform/SizeTransformationVisitor.java",
              "stats": {
                "number_of_src_entities": 2,
                "number_of_dst_entities": 2,
                "src_entity_types": "[com.blazebit.persistence.impl.transform.PathExpression]",
                "dst_entity_types": "[com.blazebit.persistence.impl.expression.PathExpression]"
              }
            }
          ]
        },
        {
          "tool-name": "Elixir",
          "pattern-name": "Elixir:update_type_ref",
          "Unified_Diff_of-files:": "Starts Below...",
          "INSERT:": "    // copied from org.hibernate.boot.model.relational.QualifiedNameParser.NameParts()",
          "CHANGE_old:": "        if(schemaName !\u003d null) {",
          "CHANGE_new:": "        if (schemaName !\u003d null) {",
          "instance_detail": [
            {
              "pattern_action": "UPD",
              "pattern_entity": {
                "entity_type": "TypeReference",
                "entity_new value": "*",
                "entity_role": "*",
                "entity_parent": "null"
              },
              "concrete_change": {
                "operator": "UPD",
                "src_type": "TypeReference",
                "dst_type": "TypeReference",
                "src": "com.blazebit.persistence.impl.transform.AggregateExpression",
                "dst": "com.blazebit.persistence.impl.expression.AggregateExpression",
                "src_parent_type": "Method",
                "dst_parent_type": "Method",
                "src_parent": "public com.blazebit.persistence.impl.transform.AggregateExpression getTransformedExpression() {\n    return transformedExpression;\n}",
                "dst_parent": "public com.blazebit.persistence.impl.expression.AggregateExpression getTransformedExpression() {\n    return transformedExpression;\n}"
              },
              "line": 362,
              "file": "/home/khesoem/projects/lighter/exp/core/impl/src/main/java/com/blazebit/persistence/impl/transform/SizeTransformationVisitor.java",
              "stats": {
                "number_of_src_entities": 2,
                "number_of_dst_entities": 2,
                "src_entity_types": "[com.blazebit.persistence.impl.transform.AggregateExpression]",
                "dst_entity_types": "[com.blazebit.persistence.impl.expression.AggregateExpression]"
              }
            }
          ]
        },
        {
          "tool-name": "Elixir",
          "pattern-name": "Elixir:update_type_ref",
          "Unified_Diff_of-files:": "Starts Below...",
          "INSERT:": "    // copied from org.hibernate.boot.model.relational.QualifiedNameParser.NameParts()",
          "CHANGE_old:": "        if(schemaName !\u003d null) {",
          "CHANGE_new:": "        if (schemaName !\u003d null) {",
          "instance_detail": [
            {
              "pattern_action": "UPD",
              "pattern_entity": {
                "entity_type": "TypeReference",
                "entity_new value": "*",
                "entity_role": "*",
                "entity_parent": "null"
              },
              "concrete_change": {
                "operator": "UPD",
                "src_type": "TypeReference",
                "dst_type": "TypeReference",
                "src": "com.blazebit.persistence.impl.transform.PathExpression",
                "dst": "com.blazebit.persistence.impl.expression.PathExpression",
                "src_parent_type": "Method",
                "dst_parent_type": "Method",
                "src_parent": "public com.blazebit.persistence.impl.transform.PathExpression getOriginalSizeArg() {\n    return originalSizeArg;\n}",
                "dst_parent": "public com.blazebit.persistence.impl.expression.PathExpression getOriginalSizeArg() {\n    return originalSizeArg;\n}"
              },
              "line": 366,
              "file": "/home/khesoem/projects/lighter/exp/core/impl/src/main/java/com/blazebit/persistence/impl/transform/SizeTransformationVisitor.java",
              "stats": {
                "number_of_src_entities": 2,
                "number_of_dst_entities": 2,
                "src_entity_types": "[com.blazebit.persistence.impl.transform.PathExpression]",
                "dst_entity_types": "[com.blazebit.persistence.impl.expression.PathExpression]"
              }
            }
          ]
        },
        {
          "tool-name": "Elixir",
          "pattern-name": "Elixir:update_type_ref",
          "Unified_Diff_of-files:": "Starts Below...",
          "INSERT:": "    // copied from org.hibernate.boot.model.relational.QualifiedNameParser.NameParts()",
          "CHANGE_old:": "        if(schemaName !\u003d null) {",
          "CHANGE_new:": "        if (schemaName !\u003d null) {",
          "instance_detail": [
            {
              "pattern_action": "UPD",
              "pattern_entity": {
                "entity_type": "TypeReference",
                "entity_new value": "*",
                "entity_role": "*",
                "entity_parent": "null"
              },
              "concrete_change": {
                "operator": "UPD",
                "src_type": "TypeReference",
                "dst_type": "TypeReference",
                "src": "com.blazebit.persistence.impl.transform.AggregateExpression",
                "dst": "com.blazebit.persistence.impl.expression.AggregateExpression",
                "src_parent_type": "ParameterReference",
                "dst_parent_type": "Parameter",
                "src_parent": "transformedExpression",
                "dst_parent": "com.blazebit.persistence.impl.expression.AggregateExpression transformedExpression"
              },
              "line": 356,
              "file": "/home/khesoem/projects/lighter/exp/core/impl/src/main/java/com/blazebit/persistence/impl/transform/SizeTransformationVisitor.java",
              "stats": {
                "number_of_src_entities": 2,
                "number_of_dst_entities": 2,
                "src_entity_types": "[com.blazebit.persistence.impl.transform.AggregateExpression]",
                "dst_entity_types": "[com.blazebit.persistence.impl.expression.AggregateExpression]"
              }
            }
          ]
        },
        {
          "tool-name": "Elixir",
          "pattern-name": "Elixir:update_type_ref",
          "Unified_Diff_of-files:": "Starts Below...",
          "INSERT:": "    // copied from org.hibernate.boot.model.relational.QualifiedNameParser.NameParts()",
          "CHANGE_old:": "        if(schemaName !\u003d null) {",
          "CHANGE_new:": "        if (schemaName !\u003d null) {",
          "instance_detail": [
            {
              "pattern_action": "UPD",
              "pattern_entity": {
                "entity_type": "TypeReference",
                "entity_new value": "*",
                "entity_role": "*",
                "entity_parent": "null"
              },
              "concrete_change": {
                "operator": "UPD",
                "src_type": "TypeReference",
                "dst_type": "TypeReference",
                "src": "com.blazebit.persistence.impl.transform.PathExpression",
                "dst": "com.blazebit.persistence.impl.expression.PathExpression",
                "src_parent_type": "ParameterReference",
                "dst_parent_type": "Parameter",
                "src_parent": "originalSizeArg",
                "dst_parent": "com.blazebit.persistence.impl.expression.PathExpression originalSizeArg"
              },
              "line": 356,
              "file": "/home/khesoem/projects/lighter/exp/core/impl/src/main/java/com/blazebit/persistence/impl/transform/SizeTransformationVisitor.java",
              "stats": {
                "number_of_src_entities": 2,
                "number_of_dst_entities": 2,
                "src_entity_types": "[com.blazebit.persistence.impl.transform.PathExpression]",
                "dst_entity_types": "[com.blazebit.persistence.impl.expression.PathExpression]"
              }
            }
          ]
        },
        {
          "tool-name": "Elixir",
          "pattern-name": "Elixir:update_type_ref",
          "Unified_Diff_of-files:": "Starts Below...",
          "INSERT:": "    // copied from org.hibernate.boot.model.relational.QualifiedNameParser.NameParts()",
          "CHANGE_old:": "        if(schemaName !\u003d null) {",
          "CHANGE_new:": "        if (schemaName !\u003d null) {",
          "instance_detail": [
            {
              "pattern_action": "UPD",
              "pattern_entity": {
                "entity_type": "TypeReference",
                "entity_new value": "*",
                "entity_role": "*",
                "entity_parent": "null"
              },
              "concrete_change": {
                "operator": "UPD",
                "src_type": "TypeReference",
                "dst_type": "TypeReference",
                "src": "com.blazebit.persistence.impl.transform.PathExpression",
                "dst": "com.blazebit.persistence.impl.expression.PathExpression",
                "src_parent_type": "LocalVariable",
                "dst_parent_type": "LocalVariable",
                "src_parent": "com.blazebit.persistence.impl.transform.PathExpression originalSizeArg \u003d ((com.blazebit.persistence.impl.transform.PathExpression) (sizeArg.clone(false)))",
                "dst_parent": "com.blazebit.persistence.impl.expression.PathExpression originalSizeArg \u003d ((com.blazebit.persistence.impl.expression.PathExpression) (sizeArg.clone(false)))"
              },
              "line": 254,
              "file": "/home/khesoem/projects/lighter/exp/core/impl/src/main/java/com/blazebit/persistence/impl/transform/SizeTransformationVisitor.java",
              "stats": {
                "number_of_src_entities": 2,
                "number_of_dst_entities": 2,
                "src_entity_types": "[com.blazebit.persistence.impl.transform.PathExpression]",
                "dst_entity_types": "[com.blazebit.persistence.impl.expression.PathExpression]"
              }
            }
          ]
        },
        {
          "tool-name": "Elixir",
          "pattern-name": "Elixir:update_type_ref",
          "Unified_Diff_of-files:": "Starts Below...",
          "INSERT:": "    // copied from org.hibernate.boot.model.relational.QualifiedNameParser.NameParts()",
          "CHANGE_old:": "        if(schemaName !\u003d null) {",
          "CHANGE_new:": "        if (schemaName !\u003d null) {",
          "instance_detail": [
            {
              "pattern_action": "UPD",
              "pattern_entity": {
                "entity_type": "TypeReference",
                "entity_new value": "*",
                "entity_role": "*",
                "entity_parent": "null"
              },
              "concrete_change": {
                "operator": "UPD",
                "src_type": "TypeReference",
                "dst_type": "TypeReference",
                "src": "com.blazebit.persistence.impl.transform.PathExpression",
                "dst": "com.blazebit.persistence.impl.expression.PathExpression",
                "src_parent_type": "LocalVariable",
                "dst_parent_type": "LocalVariable",
                "src_parent": "com.blazebit.persistence.impl.transform.PathExpression parentIdPath \u003d new com.blazebit.persistence.impl.transform.PathExpression(pathElems)",
                "dst_parent": "com.blazebit.persistence.impl.expression.PathExpression parentIdPath \u003d new com.blazebit.persistence.impl.expression.PathExpression(pathElems)"
              },
              "line": 265,
              "file": "/home/khesoem/projects/lighter/exp/core/impl/src/main/java/com/blazebit/persistence/impl/transform/SizeTransformationVisitor.java",
              "stats": {
                "number_of_src_entities": 2,
                "number_of_dst_entities": 2,
                "src_entity_types": "[com.blazebit.persistence.impl.transform.PathExpression]",
                "dst_entity_types": "[com.blazebit.persistence.impl.expression.PathExpression]"
              }
            }
          ]
        },
        {
          "tool-name": "Elixir",
          "pattern-name": "Elixir:update_type_ref",
          "Unified_Diff_of-files:": "Starts Below...",
          "INSERT:": "    // copied from org.hibernate.boot.model.relational.QualifiedNameParser.NameParts()",
          "CHANGE_old:": "        if(schemaName !\u003d null) {",
          "CHANGE_new:": "        if (schemaName !\u003d null) {",
          "instance_detail": [
            {
              "pattern_action": "UPD",
              "pattern_entity": {
                "entity_type": "TypeReference",
                "entity_new value": "*",
                "entity_role": "*",
                "entity_parent": "null"
              },
              "concrete_change": {
                "operator": "UPD",
                "src_type": "TypeReference",
                "dst_type": "TypeReference",
                "src": "com.blazebit.persistence.impl.transform.Expression",
                "dst": "com.blazebit.persistence.impl.expression.Expression",
                "src_parent_type": "LocalVariable",
                "dst_parent_type": "LocalVariable",
                "src_parent": "com.blazebit.persistence.impl.transform.Expression keyExpression",
                "dst_parent": "com.blazebit.persistence.impl.expression.Expression keyExpression"
              },
              "line": 270,
              "file": "/home/khesoem/projects/lighter/exp/core/impl/src/main/java/com/blazebit/persistence/impl/transform/SizeTransformationVisitor.java",
              "stats": {
                "number_of_src_entities": 2,
                "number_of_dst_entities": 2,
                "src_entity_types": "[com.blazebit.persistence.impl.transform.Expression]",
                "dst_entity_types": "[com.blazebit.persistence.impl.expression.Expression]"
              }
            }
          ]
        },
        {
          "tool-name": "Elixir",
          "pattern-name": "Elixir:update_type_ref",
          "Unified_Diff_of-files:": "Starts Below...",
          "INSERT:": "    // copied from org.hibernate.boot.model.relational.QualifiedNameParser.NameParts()",
          "CHANGE_old:": "        if(schemaName !\u003d null) {",
          "CHANGE_new:": "        if (schemaName !\u003d null) {",
          "instance_detail": [
            {
              "pattern_action": "UPD",
              "pattern_entity": {
                "entity_type": "TypeReference",
                "entity_new value": "*",
                "entity_role": "*",
                "entity_parent": "null"
              },
              "concrete_change": {
                "operator": "UPD",
                "src_type": "TypeReference",
                "dst_type": "TypeReference",
                "src": "com.blazebit.persistence.impl.transform.AggregateExpression",
                "dst": "com.blazebit.persistence.impl.expression.AggregateExpression",
                "src_parent_type": "LocalVariable",
                "dst_parent_type": "LocalVariable",
                "src_parent": "com.blazebit.persistence.impl.transform.AggregateExpression countExpr \u003d createCountFunction(distinctRequired, countArguments)",
                "dst_parent": "com.blazebit.persistence.impl.expression.AggregateExpression countExpr \u003d createCountFunction(distinctRequired, countArguments)"
              },
              "line": 289,
              "file": "/home/khesoem/projects/lighter/exp/core/impl/src/main/java/com/blazebit/persistence/impl/transform/SizeTransformationVisitor.java",
              "stats": {
                "number_of_src_entities": 2,
                "number_of_dst_entities": 2,
                "src_entity_types": "[com.blazebit.persistence.impl.transform.AggregateExpression]",
                "dst_entity_types": "[com.blazebit.persistence.impl.expression.AggregateExpression]"
              }
            }
          ]
        },
        {
          "tool-name": "Elixir",
          "pattern-name": "Elixir:update_type_ref",
          "Unified_Diff_of-files:": "Starts Below...",
          "INSERT:": "    // copied from org.hibernate.boot.model.relational.QualifiedNameParser.NameParts()",
          "CHANGE_old:": "        if(schemaName !\u003d null) {",
          "CHANGE_new:": "        if (schemaName !\u003d null) {",
          "instance_detail": [
            {
              "pattern_action": "UPD",
              "pattern_entity": {
                "entity_type": "TypeReference",
                "entity_new value": "*",
                "entity_role": "*",
                "entity_parent": "null"
              },
              "concrete_change": {
                "operator": "UPD",
                "src_type": "TypeReference",
                "dst_type": "TypeReference",
                "src": "com.blazebit.persistence.impl.transform.PathExpression",
                "dst": "com.blazebit.persistence.impl.expression.PathExpression",
                "src_parent_type": "LocalVariable",
                "dst_parent_type": "LocalVariable",
                "src_parent": "com.blazebit.persistence.impl.transform.PathExpression originalSizeArg \u003d transformedExpressionEntry.getOriginalSizeArg()",
                "dst_parent": "com.blazebit.persistence.impl.expression.PathExpression originalSizeArg \u003d transformedExpressionEntry.getOriginalSizeArg()"
              },
              "line": 237,
              "file": "/home/khesoem/projects/lighter/exp/core/impl/src/main/java/com/blazebit/persistence/impl/transform/SizeTransformationVisitor.java",
              "stats": {
                "number_of_src_entities": 2,
                "number_of_dst_entities": 2,
                "src_entity_types": "[com.blazebit.persistence.impl.transform.PathExpression]",
                "dst_entity_types": "[com.blazebit.persistence.impl.expression.PathExpression]"
              }
            }
          ]
        },
        {
          "tool-name": "Elixir",
          "pattern-name": "Elixir:update_type_ref",
          "Unified_Diff_of-files:": "Starts Below...",
          "INSERT:": "    // copied from org.hibernate.boot.model.relational.QualifiedNameParser.NameParts()",
          "CHANGE_old:": "        if(schemaName !\u003d null) {",
          "CHANGE_new:": "        if (schemaName !\u003d null) {",
          "instance_detail": [
            {
              "pattern_action": "UPD",
              "pattern_entity": {
                "entity_type": "TypeReference",
                "entity_new value": "*",
                "entity_role": "*",
                "entity_parent": "null"
              },
              "concrete_change": {
                "operator": "UPD",
                "src_type": "TypeReference",
                "dst_type": "TypeReference",
                "src": "com.blazebit.persistence.impl.transform.AggregateExpression",
                "dst": "com.blazebit.persistence.impl.expression.AggregateExpression",
                "src_parent_type": "LocalVariable",
                "dst_parent_type": "LocalVariable",
                "src_parent": "com.blazebit.persistence.impl.transform.AggregateExpression transformedExpr \u003d transformedExpressionEntry.getTransformedExpression()",
                "dst_parent": "com.blazebit.persistence.impl.expression.AggregateExpression transformedExpr \u003d transformedExpressionEntry.getTransformedExpression()"
              },
              "line": 311,
              "file": "/home/khesoem/projects/lighter/exp/core/impl/src/main/java/com/blazebit/persistence/impl/transform/SizeTransformationVisitor.java",
              "stats": {
                "number_of_src_entities": 2,
                "number_of_dst_entities": 2,
                "src_entity_types": "[com.blazebit.persistence.impl.transform.AggregateExpression]",
                "dst_entity_types": "[com.blazebit.persistence.impl.expression.AggregateExpression]"
              }
            }
          ]
        }
      ]
    }
  ],
  "complete_analysis": true
}