{
  "instances": [
    {
      "revision": "562fec2c9c55848613b877b9e785510559238a55",
      "repairability": [
        {
          "tool-name": "JKali",
          "pattern-name": "JKali:del",
          "Unified_Diff_of-files:": "Starts Below...",
          "INSERT:": "        PauseDetector pauseDetectorToUse \u003d pauseDetector;",
          "CHANGE_old:": "            return new CummulativeLatencies(pauseDetector);",
          "CHANGE_new:": "            return new CummulativeLatencies(pauseDetectorToUse);",
          "DELETE:": "",
          "instance_detail": [
            {
              "pattern_action": "DEL",
              "pattern_entity": {
                "entity_type": "*",
                "entity_new value": "*",
                "entity_role": "Statement",
                "entity_parent": "null"
              },
              "concrete_change": {
                "operator": "DEL",
                "src_type": "Break",
                "dst_type": "null",
                "src": "break",
                "dst": "null",
                "src_parent_type": "Block",
                "dst_parent_type": "null",
                "src_parent": "{\n    break;\n}",
                "dst_parent": "null"
              },
              "line": 363,
              "file": "/home/khesoem/projects/lighter/exp/src/main/java/io/lettuce/core/metrics/DefaultCommandLatencyCollector.java"
            }
          ]
        },
        {
          "tool-name": "JKali",
          "pattern-name": "JKali:del",
          "Unified_Diff_of-files:": "Starts Below...",
          "INSERT:": "        PauseDetector pauseDetectorToUse \u003d pauseDetector;",
          "CHANGE_old:": "            return new CummulativeLatencies(pauseDetector);",
          "CHANGE_new:": "            return new CummulativeLatencies(pauseDetectorToUse);",
          "DELETE:": "",
          "instance_detail": [
            {
              "pattern_action": "DEL",
              "pattern_entity": {
                "entity_type": "*",
                "entity_new value": "*",
                "entity_role": "Statement",
                "entity_parent": "null"
              },
              "concrete_change": {
                "operator": "DEL",
                "src_type": "If",
                "dst_type": "null",
                "src": "if ((pauseDetector) !\u003d null) {\n    break;\n}",
                "dst": "null",
                "src_parent_type": "Block",
                "dst_parent_type": "null",
                "src_parent": "{\n    if ((pauseDetector) !\u003d null) {\n        break;\n    }\n}",
                "dst_parent": "null"
              },
              "line": 362,
              "file": "/home/khesoem/projects/lighter/exp/src/main/java/io/lettuce/core/metrics/DefaultCommandLatencyCollector.java"
            }
          ]
        },
        {
          "tool-name": "JKali",
          "pattern-name": "JKali:del",
          "Unified_Diff_of-files:": "Starts Below...",
          "INSERT:": "        PauseDetector pauseDetectorToUse \u003d pauseDetector;",
          "CHANGE_old:": "            return new CummulativeLatencies(pauseDetector);",
          "CHANGE_new:": "            return new CummulativeLatencies(pauseDetectorToUse);",
          "DELETE:": "",
          "instance_detail": [
            {
              "pattern_action": "DEL",
              "pattern_entity": {
                "entity_type": "*",
                "entity_new value": "*",
                "entity_role": "Statement",
                "entity_parent": "null"
              },
              "concrete_change": {
                "operator": "DEL",
                "src_type": "For",
                "dst_type": "null",
                "src": "for (; ;) {\n    if ((pauseDetector) !\u003d null) {\n        break;\n    }\n}",
                "dst": "null",
                "src_parent_type": "Block",
                "dst_parent_type": "null",
                "src_parent": "{\n    for (; ;) {\n        if ((pauseDetector) !\u003d null) {\n            break;\n        }\n    }\n    return pauseDetector;\n}",
                "dst_parent": "null"
              },
              "line": 360,
              "file": "/home/khesoem/projects/lighter/exp/src/main/java/io/lettuce/core/metrics/DefaultCommandLatencyCollector.java",
              "stats": {
                "number_of_src_entities": 23,
                "number_of_dst_entities": -1,
                "src_entity_types": "[io.lettuce.core.metrics.DefaultCommandLatencyCollector, io.lettuce.core.metrics.DefaultCommandLatencyCollector.DefaultPauseDetectorWrapper, \u003cnulltype\u003e]",
                "dst_entity_types": "[]"
              }
            }
          ]
        }
      ]
    }
  ],
  "complete_analysis": true
}