{
  "instances": [
    {
      "revision": "47aedad8c1bbf2f64654aaf9a2f61f9ce9c7d5cf",
      "repairability": [
        {
          "tool-name": "JKali",
          "pattern-name": "JKali:del",
          "Unified_Diff_of-files:": "Starts Below...",
          "CHANGE_old:": "            currentFuture \u003d null;",
          "CHANGE_new:": "            this.currentFuture \u003d null;",
          "instance_detail": [
            {
              "pattern_action": "DEL",
              "pattern_entity": {
                "entity_type": "*",
                "entity_new value": "*",
                "entity_role": "Statement",
                "entity_parent": "null"
              },
              "concrete_change": {
                "operator": "DEL",
                "src_type": "Assignment",
                "dst_type": "null",
                "src": "currentFuture \u003d bootstrap.connect(remoteAddress)",
                "dst": "null",
                "src_parent_type": "Block",
                "dst_parent_type": "null",
                "src_parent": "{\n    long timeLeft \u003d timeoutUnit.toNanos(timeout);\n    long start \u003d java.lang.System.nanoTime();\n    com.lambdaworks.redis.protocol.ReconnectionHandler.logger.debug(\"Reconnecting to Redis at {}\", remoteAddress);\n    currentFuture \u003d bootstrap.connect(remoteAddress);\n    if (!(currentFuture.await(timeLeft, java.util.concurrent.TimeUnit.NANOSECONDS))) {\n        if (currentFuture.isCancellable()) {\n            currentFuture.cancel(true);\n        }\n        throw new java.util.concurrent.TimeoutException((((\"Reconnection attempt exceeded timeout of \" + (timeout)) + \" \") + (timeoutUnit)));\n    }\n    currentFuture.sync();\n    io.netty.channel.Channel channel \u003d currentFuture.channel();\n    com.lambdaworks.redis.RedisChannelInitializer channelInitializer \u003d channel.pipeline().get(com.lambdaworks.redis.RedisChannelInitializer.class);\n    if (channelInitializer \u003d\u003d null) {\n        com.lambdaworks.redis.protocol.ReconnectionHandler.logger.warn(\"Reconnection attempt without a RedisChannelInitializer in the channel pipeline\");\n        close(channel);\n        return false;\n    }\n    try {\n        timeLeft -\u003d (java.lang.System.nanoTime()) - start;\n        channelInitializer.channelInitialized().get(java.lang.Math.max(0, timeLeft), java.util.concurrent.TimeUnit.NANOSECONDS);\n        if (com.lambdaworks.redis.protocol.ReconnectionHandler.logger.isDebugEnabled()) {\n            com.lambdaworks.redis.protocol.ReconnectionHandler.logger.log(infoLevel, \"Reconnected to {}, Channel {}\", remoteAddress, com.lambdaworks.redis.protocol.ChannelLogDescriptor.logDescriptor(channel));\n        } else {\n            com.lambdaworks.redis.protocol.ReconnectionHandler.logger.log(infoLevel, \"Reconnected to {}\", remoteAddress);\n        }\n        return true;\n    } catch (java.util.concurrent.TimeoutException e) {\n        channelInitializer.channelInitialized().cancel(true);\n    } catch (java.lang.Exception e) {\n        if (clientOptions.isCancelCommandsOnReconnectFailure()) {\n            connectionFacade.reset();\n        }\n        if (clientOptions.isSuspendReconnectOnProtocolFailure()) {\n            com.lambdaworks.redis.protocol.ReconnectionHandler.logger.error(\"Cannot initialize channel. Disabling autoReconnect\", e);\n            setReconnectSuspended(true);\n        } else {\n            com.lambdaworks.redis.protocol.ReconnectionHandler.logger.error(\"Cannot initialize channel.\", e);\n            throw e;\n        }\n    }\n}",
                "dst_parent": "null"
              },
              "line": 75,
              "file": "/home/khesoem/projects/lighter/exp/src/main/java/com/lambdaworks/redis/protocol/ReconnectionHandler.java",
              "stats": {
                "number_of_src_entities": 35,
                "number_of_dst_entities": -1,
                "src_entity_types": "[com.lambdaworks.redis.protocol.ReconnectionHandler, io.netty.bootstrap.Bootstrap, java.net.SocketAddress]",
                "dst_entity_types": "[]"
              }
            }
          ]
        }
      ]
    }
  ],
  "complete_analysis": true
}