{
  "instances": [
    {
      "revision": "969135ba4e179ba12931ba32ddc87c0947dd5580",
      "repairability": [
        {
          "tool-name": "JKali",
          "pattern-name": "JKali:del",
          "Unified_Diff_of-files:": "Starts Below...",
          "CHANGE_old:": "                node.getUri().setPassword(new String(seed.getPassword()));",
          "CHANGE_new:": "            node.getUri().applyAuthentication(seed);",
          "DELETE:": "    }",
          "instance_detail": [
            {
              "pattern_action": "DEL",
              "pattern_entity": {
                "entity_type": "*",
                "entity_new value": "*",
                "entity_role": "Statement",
                "entity_parent": "null"
              },
              "concrete_change": {
                "operator": "DEL",
                "src_type": "Invocation",
                "dst_type": "null",
                "src": "to.setPassword(new java.lang.String(from.getPassword()))",
                "dst": "null",
                "src_parent_type": "Block",
                "dst_parent_type": "null",
                "src_parent": "{\n    to.setPassword(new java.lang.String(from.getPassword()));\n}",
                "dst_parent": "null"
              },
              "line": 75,
              "file": "/home/khesoem/projects/lighter/exp/src/main/java/io/lettuce/core/cluster/RedisClusterURIUtil.java"
            }
          ]
        },
        {
          "tool-name": "JKali",
          "pattern-name": "JKali:del",
          "Unified_Diff_of-files:": "Starts Below...",
          "CHANGE_old:": "                node.getUri().setPassword(new String(seed.getPassword()));",
          "CHANGE_new:": "            node.getUri().applyAuthentication(seed);",
          "DELETE:": "    }",
          "instance_detail": [
            {
              "pattern_action": "DEL",
              "pattern_entity": {
                "entity_type": "*",
                "entity_new value": "*",
                "entity_role": "Statement",
                "entity_parent": "null"
              },
              "concrete_change": {
                "operator": "DEL",
                "src_type": "If",
                "dst_type": "null",
                "src": "if (((from.getPassword()) !\u003d null) \u0026\u0026 ((from.getPassword().length) !\u003d 0)) {\n    to.setPassword(new java.lang.String(from.getPassword()));\n}",
                "dst": "null",
                "src_parent_type": "Block",
                "dst_parent_type": "null",
                "src_parent": "{\n    if (((from.getPassword()) !\u003d null) \u0026\u0026 ((from.getPassword().length) !\u003d 0)) {\n        to.setPassword(new java.lang.String(from.getPassword()));\n    }\n    to.setTimeout(from.getTimeout());\n    to.setSsl(from.isSsl());\n    to.setStartTls(from.isStartTls());\n    to.setVerifyPeer(from.isVerifyPeer());\n}",
                "dst_parent": "null"
              },
              "line": 74,
              "file": "/home/khesoem/projects/lighter/exp/src/main/java/io/lettuce/core/cluster/RedisClusterURIUtil.java",
              "stats": {
                "number_of_src_entities": 53,
                "number_of_dst_entities": -1,
                "src_entity_types": "[int, io.lettuce.core.RedisURI, java.lang.String, \u003cnulltype\u003e]",
                "dst_entity_types": "[]"
              }
            }
          ]
        },
        {
          "tool-name": "JKali",
          "pattern-name": "JKali:del",
          "Unified_Diff_of-files:": "Starts Below...",
          "CHANGE_old:": "                node.getUri().setPassword(new String(seed.getPassword()));",
          "CHANGE_new:": "            node.getUri().applyAuthentication(seed);",
          "DELETE:": "    }",
          "instance_detail": [
            {
              "pattern_action": "DEL",
              "pattern_entity": {
                "entity_type": "*",
                "entity_new value": "*",
                "entity_role": "Statement",
                "entity_parent": "null"
              },
              "concrete_change": {
                "operator": "DEL",
                "src_type": "Invocation",
                "dst_type": "null",
                "src": "to.setStartTls(from.isStartTls())",
                "dst": "null",
                "src_parent_type": "Block",
                "dst_parent_type": "null",
                "src_parent": "{\n    if (((from.getPassword()) !\u003d null) \u0026\u0026 ((from.getPassword().length) !\u003d 0)) {\n        to.setPassword(new java.lang.String(from.getPassword()));\n    }\n    to.setTimeout(from.getTimeout());\n    to.setSsl(from.isSsl());\n    to.setStartTls(from.isStartTls());\n    to.setVerifyPeer(from.isVerifyPeer());\n}",
                "dst_parent": "null"
              },
              "line": 80,
              "file": "/home/khesoem/projects/lighter/exp/src/main/java/io/lettuce/core/cluster/RedisClusterURIUtil.java",
              "stats": {
                "number_of_src_entities": 16,
                "number_of_dst_entities": -1,
                "src_entity_types": "[io.lettuce.core.RedisURI]",
                "dst_entity_types": "[]"
              }
            }
          ]
        },
        {
          "tool-name": "JKali",
          "pattern-name": "JKali:del",
          "Unified_Diff_of-files:": "Starts Below...",
          "CHANGE_old:": "                node.getUri().setPassword(new String(seed.getPassword()));",
          "CHANGE_new:": "            node.getUri().applyAuthentication(seed);",
          "DELETE:": "    }",
          "instance_detail": [
            {
              "pattern_action": "DEL",
              "pattern_entity": {
                "entity_type": "*",
                "entity_new value": "*",
                "entity_role": "Statement",
                "entity_parent": "null"
              },
              "concrete_change": {
                "operator": "DEL",
                "src_type": "Invocation",
                "dst_type": "null",
                "src": "to.setVerifyPeer(from.isVerifyPeer())",
                "dst": "null",
                "src_parent_type": "Block",
                "dst_parent_type": "null",
                "src_parent": "{\n    if (((from.getPassword()) !\u003d null) \u0026\u0026 ((from.getPassword().length) !\u003d 0)) {\n        to.setPassword(new java.lang.String(from.getPassword()));\n    }\n    to.setTimeout(from.getTimeout());\n    to.setSsl(from.isSsl());\n    to.setStartTls(from.isStartTls());\n    to.setVerifyPeer(from.isVerifyPeer());\n}",
                "dst_parent": "null"
              },
              "line": 81,
              "file": "/home/khesoem/projects/lighter/exp/src/main/java/io/lettuce/core/cluster/RedisClusterURIUtil.java",
              "stats": {
                "number_of_src_entities": 16,
                "number_of_dst_entities": -1,
                "src_entity_types": "[io.lettuce.core.RedisURI]",
                "dst_entity_types": "[]"
              }
            }
          ]
        }
      ]
    },
    {
      "revision": "969135ba4e179ba12931ba32ddc87c0947dd5580",
      "repairability": [
        {
          "tool-name": "JKali",
          "pattern-name": "JKali:del",
          "Unified_Diff_of-files:": "Starts Below...",
          "CHANGE_old:": "                node.getUri().setPassword(new String(seed.getPassword()));",
          "CHANGE_new:": "            node.getUri().applyAuthentication(seed);",
          "DELETE:": "    }",
          "instance_detail": [
            {
              "pattern_action": "DEL",
              "pattern_entity": {
                "entity_type": "*",
                "entity_new value": "*",
                "entity_role": "Statement",
                "entity_parent": "null"
              },
              "concrete_change": {
                "operator": "DEL",
                "src_type": "LocalVariable",
                "dst_type": "null",
                "src": "io.lettuce.core.RedisURI.Builder builder \u003d RedisURI.Builder.redis(host, port).withSsl(seed.isSsl()).withVerifyPeer(seed.isVerifyPeer()).withStartTls(seed.isStartTls())",
                "dst": "null",
                "src_parent_type": "Block",
                "dst_parent_type": "null",
                "src_parent": "{\n    io.lettuce.core.RedisURI.Builder builder \u003d RedisURI.Builder.redis(host, port).withSsl(seed.isSsl()).withVerifyPeer(seed.isVerifyPeer()).withStartTls(seed.isStartTls());\n    if (((seed.getPassword()) !\u003d null) \u0026\u0026 ((seed.getPassword().length) !\u003d 0)) {\n        builder.withPassword(seed.getPassword());\n    }\n    if ((seed.getClientName()) !\u003d null) {\n        builder.withClientName(seed.getClientName());\n    }\n    builder.withDatabase(seed.getDatabase());\n    this.redisURI \u003d builder.build();\n    this.role \u003d role;\n}",
                "dst_parent": "null"
              },
              "line": 35,
              "file": "/home/khesoem/projects/lighter/exp/src/main/java/io/lettuce/core/masterreplica/RedisUpstreamReplicaNode.java",
              "stats": {
                "number_of_src_entities": 54,
                "number_of_dst_entities": -1,
                "src_entity_types": "[io.lettuce.core.RedisURI.Builder, RedisURI.Builder, int, io.lettuce.core.RedisURI, java.lang.String]",
                "dst_entity_types": "[]"
              }
            }
          ]
        },
        {
          "tool-name": "JKali",
          "pattern-name": "JKali:del",
          "Unified_Diff_of-files:": "Starts Below...",
          "CHANGE_old:": "                node.getUri().setPassword(new String(seed.getPassword()));",
          "CHANGE_new:": "            node.getUri().applyAuthentication(seed);",
          "DELETE:": "    }",
          "instance_detail": [
            {
              "pattern_action": "DEL",
              "pattern_entity": {
                "entity_type": "*",
                "entity_new value": "*",
                "entity_role": "Statement",
                "entity_parent": "null"
              },
              "concrete_change": {
                "operator": "DEL",
                "src_type": "Invocation",
                "dst_type": "null",
                "src": "builder.withPassword(seed.getPassword())",
                "dst": "null",
                "src_parent_type": "Block",
                "dst_parent_type": "null",
                "src_parent": "{\n    builder.withPassword(seed.getPassword());\n}",
                "dst_parent": "null"
              },
              "line": 38,
              "file": "/home/khesoem/projects/lighter/exp/src/main/java/io/lettuce/core/masterreplica/RedisUpstreamReplicaNode.java"
            }
          ]
        },
        {
          "tool-name": "JKali",
          "pattern-name": "JKali:del",
          "Unified_Diff_of-files:": "Starts Below...",
          "CHANGE_old:": "                node.getUri().setPassword(new String(seed.getPassword()));",
          "CHANGE_new:": "            node.getUri().applyAuthentication(seed);",
          "DELETE:": "    }",
          "instance_detail": [
            {
              "pattern_action": "DEL",
              "pattern_entity": {
                "entity_type": "*",
                "entity_new value": "*",
                "entity_role": "Statement",
                "entity_parent": "null"
              },
              "concrete_change": {
                "operator": "DEL",
                "src_type": "If",
                "dst_type": "null",
                "src": "if (((seed.getPassword()) !\u003d null) \u0026\u0026 ((seed.getPassword().length) !\u003d 0)) {\n    builder.withPassword(seed.getPassword());\n}",
                "dst": "null",
                "src_parent_type": "Block",
                "dst_parent_type": "null",
                "src_parent": "{\n    io.lettuce.core.RedisURI.Builder builder \u003d RedisURI.Builder.redis(host, port).withSsl(seed.isSsl()).withVerifyPeer(seed.isVerifyPeer()).withStartTls(seed.isStartTls());\n    if (((seed.getPassword()) !\u003d null) \u0026\u0026 ((seed.getPassword().length) !\u003d 0)) {\n        builder.withPassword(seed.getPassword());\n    }\n    if ((seed.getClientName()) !\u003d null) {\n        builder.withClientName(seed.getClientName());\n    }\n    builder.withDatabase(seed.getDatabase());\n    this.redisURI \u003d builder.build();\n    this.role \u003d role;\n}",
                "dst_parent": "null"
              },
              "line": 37,
              "file": "/home/khesoem/projects/lighter/exp/src/main/java/io/lettuce/core/masterreplica/RedisUpstreamReplicaNode.java",
              "stats": {
                "number_of_src_entities": 43,
                "number_of_dst_entities": -1,
                "src_entity_types": "[RedisURI.Builder, int, io.lettuce.core.RedisURI, \u003cnulltype\u003e]",
                "dst_entity_types": "[]"
              }
            }
          ]
        },
        {
          "tool-name": "JKali",
          "pattern-name": "JKali:del",
          "Unified_Diff_of-files:": "Starts Below...",
          "CHANGE_old:": "                node.getUri().setPassword(new String(seed.getPassword()));",
          "CHANGE_new:": "            node.getUri().applyAuthentication(seed);",
          "DELETE:": "    }",
          "instance_detail": [
            {
              "pattern_action": "DEL",
              "pattern_entity": {
                "entity_type": "*",
                "entity_new value": "*",
                "entity_role": "Statement",
                "entity_parent": "null"
              },
              "concrete_change": {
                "operator": "DEL",
                "src_type": "Invocation",
                "dst_type": "null",
                "src": "builder.withClientName(seed.getClientName())",
                "dst": "null",
                "src_parent_type": "Block",
                "dst_parent_type": "null",
                "src_parent": "{\n    builder.withClientName(seed.getClientName());\n}",
                "dst_parent": "null"
              },
              "line": 42,
              "file": "/home/khesoem/projects/lighter/exp/src/main/java/io/lettuce/core/masterreplica/RedisUpstreamReplicaNode.java"
            }
          ]
        },
        {
          "tool-name": "JKali",
          "pattern-name": "JKali:del",
          "Unified_Diff_of-files:": "Starts Below...",
          "CHANGE_old:": "                node.getUri().setPassword(new String(seed.getPassword()));",
          "CHANGE_new:": "            node.getUri().applyAuthentication(seed);",
          "DELETE:": "    }",
          "instance_detail": [
            {
              "pattern_action": "DEL",
              "pattern_entity": {
                "entity_type": "*",
                "entity_new value": "*",
                "entity_role": "Statement",
                "entity_parent": "null"
              },
              "concrete_change": {
                "operator": "DEL",
                "src_type": "If",
                "dst_type": "null",
                "src": "if ((seed.getClientName()) !\u003d null) {\n    builder.withClientName(seed.getClientName());\n}",
                "dst": "null",
                "src_parent_type": "Block",
                "dst_parent_type": "null",
                "src_parent": "{\n    io.lettuce.core.RedisURI.Builder builder \u003d RedisURI.Builder.redis(host, port).withSsl(seed.isSsl()).withVerifyPeer(seed.isVerifyPeer()).withStartTls(seed.isStartTls());\n    if (((seed.getPassword()) !\u003d null) \u0026\u0026 ((seed.getPassword().length) !\u003d 0)) {\n        builder.withPassword(seed.getPassword());\n    }\n    if ((seed.getClientName()) !\u003d null) {\n        builder.withClientName(seed.getClientName());\n    }\n    builder.withDatabase(seed.getDatabase());\n    this.redisURI \u003d builder.build();\n    this.role \u003d role;\n}",
                "dst_parent": "null"
              },
              "line": 41,
              "file": "/home/khesoem/projects/lighter/exp/src/main/java/io/lettuce/core/masterreplica/RedisUpstreamReplicaNode.java",
              "stats": {
                "number_of_src_entities": 29,
                "number_of_dst_entities": -1,
                "src_entity_types": "[RedisURI.Builder, io.lettuce.core.RedisURI, \u003cnulltype\u003e]",
                "dst_entity_types": "[]"
              }
            }
          ]
        },
        {
          "tool-name": "JKali",
          "pattern-name": "JKali:del",
          "Unified_Diff_of-files:": "Starts Below...",
          "CHANGE_old:": "                node.getUri().setPassword(new String(seed.getPassword()));",
          "CHANGE_new:": "            node.getUri().applyAuthentication(seed);",
          "DELETE:": "    }",
          "instance_detail": [
            {
              "pattern_action": "DEL",
              "pattern_entity": {
                "entity_type": "*",
                "entity_new value": "*",
                "entity_role": "Statement",
                "entity_parent": "null"
              },
              "concrete_change": {
                "operator": "DEL",
                "src_type": "Invocation",
                "dst_type": "null",
                "src": "builder.withDatabase(seed.getDatabase())",
                "dst": "null",
                "src_parent_type": "Block",
                "dst_parent_type": "null",
                "src_parent": "{\n    io.lettuce.core.RedisURI.Builder builder \u003d RedisURI.Builder.redis(host, port).withSsl(seed.isSsl()).withVerifyPeer(seed.isVerifyPeer()).withStartTls(seed.isStartTls());\n    if (((seed.getPassword()) !\u003d null) \u0026\u0026 ((seed.getPassword().length) !\u003d 0)) {\n        builder.withPassword(seed.getPassword());\n    }\n    if ((seed.getClientName()) !\u003d null) {\n        builder.withClientName(seed.getClientName());\n    }\n    builder.withDatabase(seed.getDatabase());\n    this.redisURI \u003d builder.build();\n    this.role \u003d role;\n}",
                "dst_parent": "null"
              },
              "line": 45,
              "file": "/home/khesoem/projects/lighter/exp/src/main/java/io/lettuce/core/masterreplica/RedisUpstreamReplicaNode.java",
              "stats": {
                "number_of_src_entities": 16,
                "number_of_dst_entities": -1,
                "src_entity_types": "[RedisURI.Builder, io.lettuce.core.RedisURI]",
                "dst_entity_types": "[]"
              }
            }
          ]
        },
        {
          "tool-name": "JKali",
          "pattern-name": "JKali:del",
          "Unified_Diff_of-files:": "Starts Below...",
          "CHANGE_old:": "                node.getUri().setPassword(new String(seed.getPassword()));",
          "CHANGE_new:": "            node.getUri().applyAuthentication(seed);",
          "DELETE:": "    }",
          "instance_detail": [
            {
              "pattern_action": "DEL",
              "pattern_entity": {
                "entity_type": "*",
                "entity_new value": "*",
                "entity_role": "Statement",
                "entity_parent": "null"
              },
              "concrete_change": {
                "operator": "DEL",
                "src_type": "Assignment",
                "dst_type": "null",
                "src": "this.redisURI \u003d builder.build()",
                "dst": "null",
                "src_parent_type": "Block",
                "dst_parent_type": "null",
                "src_parent": "{\n    io.lettuce.core.RedisURI.Builder builder \u003d RedisURI.Builder.redis(host, port).withSsl(seed.isSsl()).withVerifyPeer(seed.isVerifyPeer()).withStartTls(seed.isStartTls());\n    if (((seed.getPassword()) !\u003d null) \u0026\u0026 ((seed.getPassword().length) !\u003d 0)) {\n        builder.withPassword(seed.getPassword());\n    }\n    if ((seed.getClientName()) !\u003d null) {\n        builder.withClientName(seed.getClientName());\n    }\n    builder.withDatabase(seed.getDatabase());\n    this.redisURI \u003d builder.build();\n    this.role \u003d role;\n}",
                "dst_parent": "null"
              },
              "line": 47,
              "file": "/home/khesoem/projects/lighter/exp/src/main/java/io/lettuce/core/masterreplica/RedisUpstreamReplicaNode.java",
              "stats": {
                "number_of_src_entities": 21,
                "number_of_dst_entities": -1,
                "src_entity_types": "[RedisURI.Builder, io.lettuce.core.masterreplica.RedisUpstreamReplicaNode]",
                "dst_entity_types": "[]"
              }
            }
          ]
        }
      ]
    },
    {
      "revision": "969135ba4e179ba12931ba32ddc87c0947dd5580",
      "repairability": [
        {
          "tool-name": "JKali",
          "pattern-name": "JKali:del",
          "Unified_Diff_of-files:": "Starts Below...",
          "CHANGE_old:": "                node.getUri().setPassword(new String(seed.getPassword()));",
          "CHANGE_new:": "            node.getUri().applyAuthentication(seed);",
          "DELETE:": "    }",
          "instance_detail": [
            {
              "pattern_action": "DEL",
              "pattern_entity": {
                "entity_type": "*",
                "entity_new value": "*",
                "entity_role": "Statement",
                "entity_parent": "null"
              },
              "concrete_change": {
                "operator": "DEL",
                "src_type": "Invocation",
                "dst_type": "null",
                "src": "node.getUri().setPassword(new java.lang.String(seed.getPassword()))",
                "dst": "null",
                "src_parent_type": "Block",
                "dst_parent_type": "null",
                "src_parent": "{\n    node.getUri().setPassword(new java.lang.String(seed.getPassword()));\n}",
                "dst_parent": "null"
              },
              "line": 144,
              "file": "/home/khesoem/projects/lighter/exp/src/main/java/io/lettuce/core/masterreplica/UpstreamReplicaTopologyRefresh.java"
            }
          ]
        },
        {
          "tool-name": "JKali",
          "pattern-name": "JKali:del",
          "Unified_Diff_of-files:": "Starts Below...",
          "CHANGE_old:": "                node.getUri().setPassword(new String(seed.getPassword()));",
          "CHANGE_new:": "            node.getUri().applyAuthentication(seed);",
          "DELETE:": "    }",
          "instance_detail": [
            {
              "pattern_action": "DEL",
              "pattern_entity": {
                "entity_type": "*",
                "entity_new value": "*",
                "entity_role": "Statement",
                "entity_parent": "null"
              },
              "concrete_change": {
                "operator": "DEL",
                "src_type": "ForEach",
                "dst_type": "null",
                "src": "for (io.lettuce.core.models.role.RedisNodeDescription node : nodes) {\n    node.getUri().setPassword(new java.lang.String(seed.getPassword()));\n}",
                "dst": "null",
                "src_parent_type": "Block",
                "dst_parent_type": "null",
                "src_parent": "{\n    for (io.lettuce.core.models.role.RedisNodeDescription node : nodes) {\n        node.getUri().setPassword(new java.lang.String(seed.getPassword()));\n    }\n}",
                "dst_parent": "null"
              },
              "line": 143,
              "file": "/home/khesoem/projects/lighter/exp/src/main/java/io/lettuce/core/masterreplica/UpstreamReplicaTopologyRefresh.java"
            }
          ]
        },
        {
          "tool-name": "JKali",
          "pattern-name": "JKali:del",
          "Unified_Diff_of-files:": "Starts Below...",
          "CHANGE_old:": "                node.getUri().setPassword(new String(seed.getPassword()));",
          "CHANGE_new:": "            node.getUri().applyAuthentication(seed);",
          "DELETE:": "    }",
          "instance_detail": [
            {
              "pattern_action": "DEL",
              "pattern_entity": {
                "entity_type": "*",
                "entity_new value": "*",
                "entity_role": "Statement",
                "entity_parent": "null"
              },
              "concrete_change": {
                "operator": "DEL",
                "src_type": "If",
                "dst_type": "null",
                "src": "if (((seed.getPassword()) !\u003d null) \u0026\u0026 ((seed.getPassword().length) !\u003d 0)) {\n    for (io.lettuce.core.models.role.RedisNodeDescription node : nodes) {\n        node.getUri().setPassword(new java.lang.String(seed.getPassword()));\n    }\n}",
                "dst": "null",
                "src_parent_type": "Block",
                "dst_parent_type": "null",
                "src_parent": "{\n    if (((seed.getPassword()) !\u003d null) \u0026\u0026 ((seed.getPassword().length) !\u003d 0)) {\n        for (io.lettuce.core.models.role.RedisNodeDescription node : nodes) {\n            node.getUri().setPassword(new java.lang.String(seed.getPassword()));\n        }\n    }\n}",
                "dst_parent": "null"
              },
              "line": 142,
              "file": "/home/khesoem/projects/lighter/exp/src/main/java/io/lettuce/core/masterreplica/UpstreamReplicaTopologyRefresh.java"
            }
          ]
        }
      ]
    },
    {
      "revision": "969135ba4e179ba12931ba32ddc87c0947dd5580",
      "repairability": [
        {
          "tool-name": "JKali",
          "pattern-name": "JKali:del",
          "Unified_Diff_of-files:": "Starts Below...",
          "CHANGE_old:": "                node.getUri().setPassword(new String(seed.getPassword()));",
          "CHANGE_new:": "            node.getUri().applyAuthentication(seed);",
          "DELETE:": "    }",
          "instance_detail": [
            {
              "pattern_action": "DEL",
              "pattern_entity": {
                "entity_type": "*",
                "entity_new value": "*",
                "entity_role": "Statement",
                "entity_parent": "null"
              },
              "concrete_change": {
                "operator": "DEL",
                "src_type": "Invocation",
                "dst_type": "null",
                "src": "io.lettuce.core.internal.LettuceAssert.notNull(password, \"Password must not be null\")",
                "dst": "null",
                "src_parent_type": "Block",
                "dst_parent_type": "null",
                "src_parent": "{\n    io.lettuce.core.internal.LettuceAssert.notNull(password, \"Password must not be null\");\n    this.password \u003d java.util.Arrays.copyOf(password, password.length);\n}",
                "dst_parent": "null"
              },
              "line": 420,
              "file": "/home/khesoem/projects/lighter/exp/src/main/java/io/lettuce/core/RedisURI.java",
              "stats": {
                "number_of_src_entities": 18,
                "number_of_dst_entities": -1,
                "src_entity_types": "[java.lang.String, char, io.lettuce.core.internal.LettuceAssert]",
                "dst_entity_types": "[]"
              }
            }
          ]
        },
        {
          "tool-name": "JKali",
          "pattern-name": "JKali:add_rtrn",
          "Unified_Diff_of-files:": "Starts Below...",
          "CHANGE_old:": "                node.getUri().setPassword(new String(seed.getPassword()));",
          "CHANGE_new:": "            node.getUri().applyAuthentication(seed);",
          "DELETE:": "    }",
          "instance_detail": [
            {
              "pattern_action": "INS",
              "pattern_entity": {
                "entity_type": "Return",
                "entity_new value": "*",
                "entity_role": "Statement",
                "entity_parent": "null"
              },
              "concrete_change": {
                "operator": "INS",
                "src_type": "Return",
                "dst_type": "null",
                "src": "return builder",
                "dst": "null",
                "src_parent_type": "Block",
                "dst_parent_type": "null",
                "src_parent": "{\n    io.lettuce.core.internal.LettuceAssert.notNull(source, \"Source RedisURI must not be null\");\n    io.lettuce.core.RedisURI.Builder builder \u003d io.lettuce.core.RedisURI.builder();\n    builder.withSsl(source).withAuthentication(source).withTimeout(source.getTimeout()).withDatabase(source.getDatabase());\n    if ((source.getClientName()) !\u003d null) {\n        builder.withClientName(source.getClientName());\n    }\n    if ((source.socket) !\u003d null) {\n        builder.socket \u003d source.getSocket();\n    } else {\n        if ((source.getHost()) !\u003d null) {\n            builder.withHost(source.getHost());\n            builder.withPort(source.getPort());\n        }\n    }\n    return builder;\n}",
                "dst_parent": "null"
              },
              "line": 316,
              "file": "/home/khesoem/projects/lighter/exp/src/main/java/io/lettuce/core/RedisURI.java"
            }
          ]
        },
        {
          "tool-name": "JKali",
          "pattern-name": "JKali:add_rtrn",
          "Unified_Diff_of-files:": "Starts Below...",
          "CHANGE_old:": "                node.getUri().setPassword(new String(seed.getPassword()));",
          "CHANGE_new:": "            node.getUri().applyAuthentication(seed);",
          "DELETE:": "    }",
          "instance_detail": [
            {
              "pattern_action": "INS",
              "pattern_entity": {
                "entity_type": "Return",
                "entity_new value": "*",
                "entity_role": "Statement",
                "entity_parent": "null"
              },
              "concrete_change": {
                "operator": "INS",
                "src_type": "Return",
                "dst_type": "null",
                "src": "return this",
                "dst": "null",
                "src_parent_type": "Block",
                "dst_parent_type": "null",
                "src_parent": "{\n    io.lettuce.core.internal.LettuceAssert.notNull(source, \"Source RedisURI must not be null\");\n    withSsl(source.isSsl());\n    withVerifyPeer(source.isVerifyPeer());\n    withStartTls(source.isStartTls());\n    return this;\n}",
                "dst_parent": "null"
              },
              "line": 1335,
              "file": "/home/khesoem/projects/lighter/exp/src/main/java/io/lettuce/core/RedisURI.java"
            }
          ]
        },
        {
          "tool-name": "JKali",
          "pattern-name": "JKali:add_rtrn",
          "Unified_Diff_of-files:": "Starts Below...",
          "CHANGE_old:": "                node.getUri().setPassword(new String(seed.getPassword()));",
          "CHANGE_new:": "            node.getUri().applyAuthentication(seed);",
          "DELETE:": "    }",
          "instance_detail": [
            {
              "pattern_action": "INS",
              "pattern_entity": {
                "entity_type": "Return",
                "entity_new value": "*",
                "entity_role": "Statement",
                "entity_parent": "null"
              },
              "concrete_change": {
                "operator": "INS",
                "src_type": "Return",
                "dst_type": "null",
                "src": "return this",
                "dst": "null",
                "src_parent_type": "Block",
                "dst_parent_type": "null",
                "src_parent": "{\n    io.lettuce.core.internal.LettuceAssert.notNull(source, \"Source RedisURI must not be null\");\n    this.username \u003d source.getUsername();\n    withPassword(source.getPassword());\n    return this;\n}",
                "dst_parent": "null"
              },
              "line": 1436,
              "file": "/home/khesoem/projects/lighter/exp/src/main/java/io/lettuce/core/RedisURI.java"
            }
          ]
        },
        {
          "tool-name": "JKali",
          "pattern-name": "JKali:add_rtrn",
          "Unified_Diff_of-files:": "Starts Below...",
          "CHANGE_old:": "                node.getUri().setPassword(new String(seed.getPassword()));",
          "CHANGE_new:": "            node.getUri().applyAuthentication(seed);",
          "DELETE:": "    }",
          "instance_detail": [
            {
              "pattern_action": "INS",
              "pattern_entity": {
                "entity_type": "Return",
                "entity_new value": "*",
                "entity_role": "Statement",
                "entity_parent": "null"
              },
              "concrete_change": {
                "operator": "INS",
                "src_type": "Return",
                "dst_type": "null",
                "src": "return withPassword(password)",
                "dst": "null",
                "src_parent_type": "Block",
                "dst_parent_type": "null",
                "src_parent": "{\n    io.lettuce.core.internal.LettuceAssert.notNull(username, \"User name must not be null\");\n    io.lettuce.core.internal.LettuceAssert.notNull(password, \"Password must not be null\");\n    this.username \u003d username;\n    return withPassword(password);\n}",
                "dst_parent": "null"
              },
              "line": 1453,
              "file": "/home/khesoem/projects/lighter/exp/src/main/java/io/lettuce/core/RedisURI.java"
            }
          ]
        }
      ]
    },
    {
      "revision": "969135ba4e179ba12931ba32ddc87c0947dd5580",
      "repairability": [
        {
          "tool-name": "JKali",
          "pattern-name": "JKali:del",
          "Unified_Diff_of-files:": "Starts Below...",
          "CHANGE_old:": "                node.getUri().setPassword(new String(seed.getPassword()));",
          "CHANGE_new:": "            node.getUri().applyAuthentication(seed);",
          "DELETE:": "    }",
          "instance_detail": [
            {
              "pattern_action": "DEL",
              "pattern_entity": {
                "entity_type": "*",
                "entity_new value": "*",
                "entity_role": "Statement",
                "entity_parent": "null"
              },
              "concrete_change": {
                "operator": "DEL",
                "src_type": "Invocation",
                "dst_type": "null",
                "src": "builder.withPassword(initialRedisUri.getPassword())",
                "dst": "null",
                "src_parent_type": "Block",
                "dst_parent_type": "null",
                "src_parent": "{\n    builder.withPassword(initialRedisUri.getPassword());\n}",
                "dst_parent": "null"
              },
              "line": 329,
              "file": "/home/khesoem/projects/lighter/exp/src/main/java/io/lettuce/core/masterreplica/UpstreamReplicaConnectionProvider.java"
            }
          ]
        },
        {
          "tool-name": "JKali",
          "pattern-name": "JKali:del",
          "Unified_Diff_of-files:": "Starts Below...",
          "CHANGE_old:": "                node.getUri().setPassword(new String(seed.getPassword()));",
          "CHANGE_new:": "            node.getUri().applyAuthentication(seed);",
          "DELETE:": "    }",
          "instance_detail": [
            {
              "pattern_action": "DEL",
              "pattern_entity": {
                "entity_type": "*",
                "entity_new value": "*",
                "entity_role": "Statement",
                "entity_parent": "null"
              },
              "concrete_change": {
                "operator": "DEL",
                "src_type": "If",
                "dst_type": "null",
                "src": "if (((initialRedisUri.getPassword()) !\u003d null) \u0026\u0026 ((initialRedisUri.getPassword().length) !\u003d 0)) {\n    builder.withPassword(initialRedisUri.getPassword());\n}",
                "dst": "null",
                "src_parent_type": "Block",
                "dst_parent_type": "null",
                "src_parent": "{\n    io.lettuce.core.masterreplica.RedisURI.Builder builder \u003d RedisURI.Builder.redis(key.host, key.port).withSsl(initialRedisUri.isSsl()).withVerifyPeer(initialRedisUri.isVerifyPeer()).withStartTls(initialRedisUri.isStartTls());\n    if (((initialRedisUri.getPassword()) !\u003d null) \u0026\u0026 ((initialRedisUri.getPassword().length) !\u003d 0)) {\n        builder.withPassword(initialRedisUri.getPassword());\n    }\n    if ((initialRedisUri.getClientName()) !\u003d null) {\n        builder.withClientName(initialRedisUri.getClientName());\n    }\n    builder.withDatabase(initialRedisUri.getDatabase());\n    io.lettuce.core.masterreplica.ConnectionFuture\u003cio.lettuce.core.api.StatefulRedisConnection\u003cK, V\u003e\u003e connectionFuture \u003d redisClient.connectAsync(redisCodec, builder.build());\n    connectionFuture.thenAccept(( connection) -\u003e {\n        synchronized(io.lettuce.core.masterreplica.stateLock) {\n            connection.setAutoFlushCommands(io.lettuce.core.masterreplica.autoFlushCommands);\n        }\n    });\n    return connectionFuture;\n}",
                "dst_parent": "null"
              },
              "line": 328,
              "file": "/home/khesoem/projects/lighter/exp/src/main/java/io/lettuce/core/masterreplica/UpstreamReplicaConnectionProvider.java",
              "stats": {
                "number_of_src_entities": 73,
                "number_of_dst_entities": -1,
                "src_entity_types": "[RedisURI.Builder, int, io.lettuce.core.masterreplica.UpstreamReplicaConnectionProvider\u003cK, V\u003e, io.lettuce.core.masterreplica.UpstreamReplicaConnectionProvider, io.lettuce.core.masterreplica.RedisURI, \u003cnulltype\u003e]",
                "dst_entity_types": "[]"
              }
            }
          ]
        },
        {
          "tool-name": "JKali",
          "pattern-name": "JKali:del",
          "Unified_Diff_of-files:": "Starts Below...",
          "CHANGE_old:": "                node.getUri().setPassword(new String(seed.getPassword()));",
          "CHANGE_new:": "            node.getUri().applyAuthentication(seed);",
          "DELETE:": "    }",
          "instance_detail": [
            {
              "pattern_action": "DEL",
              "pattern_entity": {
                "entity_type": "*",
                "entity_new value": "*",
                "entity_role": "Statement",
                "entity_parent": "null"
              },
              "concrete_change": {
                "operator": "DEL",
                "src_type": "Invocation",
                "dst_type": "null",
                "src": "builder.withClientName(initialRedisUri.getClientName())",
                "dst": "null",
                "src_parent_type": "Block",
                "dst_parent_type": "null",
                "src_parent": "{\n    builder.withClientName(initialRedisUri.getClientName());\n}",
                "dst_parent": "null"
              },
              "line": 333,
              "file": "/home/khesoem/projects/lighter/exp/src/main/java/io/lettuce/core/masterreplica/UpstreamReplicaConnectionProvider.java"
            }
          ]
        },
        {
          "tool-name": "JKali",
          "pattern-name": "JKali:del",
          "Unified_Diff_of-files:": "Starts Below...",
          "CHANGE_old:": "                node.getUri().setPassword(new String(seed.getPassword()));",
          "CHANGE_new:": "            node.getUri().applyAuthentication(seed);",
          "DELETE:": "    }",
          "instance_detail": [
            {
              "pattern_action": "DEL",
              "pattern_entity": {
                "entity_type": "*",
                "entity_new value": "*",
                "entity_role": "Statement",
                "entity_parent": "null"
              },
              "concrete_change": {
                "operator": "DEL",
                "src_type": "If",
                "dst_type": "null",
                "src": "if ((initialRedisUri.getClientName()) !\u003d null) {\n    builder.withClientName(initialRedisUri.getClientName());\n}",
                "dst": "null",
                "src_parent_type": "Block",
                "dst_parent_type": "null",
                "src_parent": "{\n    io.lettuce.core.masterreplica.RedisURI.Builder builder \u003d RedisURI.Builder.redis(key.host, key.port).withSsl(initialRedisUri.isSsl()).withVerifyPeer(initialRedisUri.isVerifyPeer()).withStartTls(initialRedisUri.isStartTls());\n    if (((initialRedisUri.getPassword()) !\u003d null) \u0026\u0026 ((initialRedisUri.getPassword().length) !\u003d 0)) {\n        builder.withPassword(initialRedisUri.getPassword());\n    }\n    if ((initialRedisUri.getClientName()) !\u003d null) {\n        builder.withClientName(initialRedisUri.getClientName());\n    }\n    builder.withDatabase(initialRedisUri.getDatabase());\n    io.lettuce.core.masterreplica.ConnectionFuture\u003cio.lettuce.core.api.StatefulRedisConnection\u003cK, V\u003e\u003e connectionFuture \u003d redisClient.connectAsync(redisCodec, builder.build());\n    connectionFuture.thenAccept(( connection) -\u003e {\n        synchronized(io.lettuce.core.masterreplica.stateLock) {\n            connection.setAutoFlushCommands(io.lettuce.core.masterreplica.autoFlushCommands);\n        }\n    });\n    return connectionFuture;\n}",
                "dst_parent": "null"
              },
              "line": 332,
              "file": "/home/khesoem/projects/lighter/exp/src/main/java/io/lettuce/core/masterreplica/UpstreamReplicaConnectionProvider.java",
              "stats": {
                "number_of_src_entities": 49,
                "number_of_dst_entities": -1,
                "src_entity_types": "[RedisURI.Builder, io.lettuce.core.masterreplica.UpstreamReplicaConnectionProvider\u003cK, V\u003e, io.lettuce.core.masterreplica.UpstreamReplicaConnectionProvider, io.lettuce.core.masterreplica.RedisURI, \u003cnulltype\u003e]",
                "dst_entity_types": "[]"
              }
            }
          ]
        },
        {
          "tool-name": "JKali",
          "pattern-name": "JKali:del",
          "Unified_Diff_of-files:": "Starts Below...",
          "CHANGE_old:": "                node.getUri().setPassword(new String(seed.getPassword()));",
          "CHANGE_new:": "            node.getUri().applyAuthentication(seed);",
          "DELETE:": "    }",
          "instance_detail": [
            {
              "pattern_action": "DEL",
              "pattern_entity": {
                "entity_type": "*",
                "entity_new value": "*",
                "entity_role": "Statement",
                "entity_parent": "null"
              },
              "concrete_change": {
                "operator": "DEL",
                "src_type": "Invocation",
                "dst_type": "null",
                "src": "builder.withDatabase(initialRedisUri.getDatabase())",
                "dst": "null",
                "src_parent_type": "Block",
                "dst_parent_type": "null",
                "src_parent": "{\n    io.lettuce.core.masterreplica.RedisURI.Builder builder \u003d RedisURI.Builder.redis(key.host, key.port).withSsl(initialRedisUri.isSsl()).withVerifyPeer(initialRedisUri.isVerifyPeer()).withStartTls(initialRedisUri.isStartTls());\n    if (((initialRedisUri.getPassword()) !\u003d null) \u0026\u0026 ((initialRedisUri.getPassword().length) !\u003d 0)) {\n        builder.withPassword(initialRedisUri.getPassword());\n    }\n    if ((initialRedisUri.getClientName()) !\u003d null) {\n        builder.withClientName(initialRedisUri.getClientName());\n    }\n    builder.withDatabase(initialRedisUri.getDatabase());\n    io.lettuce.core.masterreplica.ConnectionFuture\u003cio.lettuce.core.api.StatefulRedisConnection\u003cK, V\u003e\u003e connectionFuture \u003d redisClient.connectAsync(redisCodec, builder.build());\n    connectionFuture.thenAccept(( connection) -\u003e {\n        synchronized(io.lettuce.core.masterreplica.stateLock) {\n            connection.setAutoFlushCommands(io.lettuce.core.masterreplica.autoFlushCommands);\n        }\n    });\n    return connectionFuture;\n}",
                "dst_parent": "null"
              },
              "line": 335,
              "file": "/home/khesoem/projects/lighter/exp/src/main/java/io/lettuce/core/masterreplica/UpstreamReplicaConnectionProvider.java",
              "stats": {
                "number_of_src_entities": 26,
                "number_of_dst_entities": -1,
                "src_entity_types": "[RedisURI.Builder, io.lettuce.core.masterreplica.UpstreamReplicaConnectionProvider\u003cK, V\u003e, io.lettuce.core.masterreplica.UpstreamReplicaConnectionProvider, io.lettuce.core.masterreplica.RedisURI]",
                "dst_entity_types": "[]"
              }
            }
          ]
        }
      ]
    }
  ],
  "complete_analysis": true
}