{
  "instances": [
    {
      "revision": "ddfd84e1cda547f708d40435ff2c3fdf21fd6616",
      "repairability": [
        {
          "tool-name": "JKali",
          "pattern-name": "JKali:del",
          "Unified_Diff_of-files:": "Starts Below...",
          "INSERT:": "    private static final Pattern NUMBER \u003d Pattern.compile(\"(\\\\d+)\");",
          "CHANGE_old:": "",
          "CHANGE_new:": "                return Integer.parseInt(matcher.group(1));",
          "instance_detail": [
            {
              "pattern_action": "DEL",
              "pattern_entity": {
                "entity_type": "*",
                "entity_new value": "*",
                "entity_role": "Statement",
                "entity_parent": "null"
              },
              "concrete_change": {
                "operator": "DEL",
                "src_type": "LocalVariable",
                "dst_type": "null",
                "src": "io.lettuce.core.protocol.CommandArgs\u003cjava.lang.String, java.lang.String\u003e args \u003d new io.lettuce.core.protocol.CommandArgs(io.lettuce.core.codec.StringCodec.UTF8).add(CommandKeyword.CLIENTS)",
                "dst": "null",
                "src_parent_type": "Block",
                "dst_parent_type": "null",
                "src_parent": "{\n    io.lettuce.core.protocol.CommandArgs\u003cjava.lang.String, java.lang.String\u003e args \u003d new io.lettuce.core.protocol.CommandArgs(io.lettuce.core.codec.StringCodec.UTF8).add(CommandKeyword.CLIENTS);\n    io.lettuce.core.protocol.Command\u003cjava.lang.String, java.lang.String, java.lang.String\u003e command \u003d new io.lettuce.core.protocol.Command(io.lettuce.core.protocol.CommandType.INFO, new io.lettuce.core.output.StatusOutput(io.lettuce.core.codec.StringCodec.UTF8), args);\n    io.lettuce.core.cluster.topology.TimedAsyncCommand\u003cjava.lang.String, java.lang.String, java.lang.String\u003e timedCommand \u003d new io.lettuce.core.cluster.topology.TimedAsyncCommand(command);\n    entry.getValue().dispatch(timedCommand);\n    requests.addRequest(entry.getKey(), timedCommand);\n}",
                "dst_parent": "null"
              },
              "line": 118,
              "file": "/home/khesoem/projects/lighter/exp/src/main/java/io/lettuce/core/cluster/topology/Connections.java",
              "stats": {
                "number_of_src_entities": 35,
                "number_of_dst_entities": -1,
                "src_entity_types": "[io.lettuce.core.codec.StringCodec, io.lettuce.core.protocol.CommandArgs\u003cjava.lang.String, java.lang.String\u003e, io.lettuce.core.protocol.CommandArgs, java.lang.String, io.lettuce.core.cluster.topology.CommandArgs\u003c\u003e, CommandKeyword.CLIENTS]",
                "dst_entity_types": "[]"
              }
            }
          ]
        }
      ]
    }
  ],
  "complete_analysis": true
}