{
  "instances": [
    {
      "revision": "8a3191026f7552da15ea5fc5afc2b79156c54585",
      "repairability": [
        {
          "tool-name": "JKali",
          "pattern-name": "JKali:add_rtrn",
          "Unified_Diff_of-files:": "Starts Below...",
          "INSERT:": "",
          "CHANGE_old:": "         * Creates new {@link SetArgs} and enabling {@literal KEEPTTL}.",
          "CHANGE_new:": "         * Creates new {@link SetArgs} and enable {@literal KEEPTTL}.",
          "instance_detail": [
            {
              "pattern_action": "INS",
              "pattern_entity": {
                "entity_type": "Return",
                "entity_new value": "*",
                "entity_role": "Statement",
                "entity_parent": "null"
              },
              "concrete_change": {
                "operator": "INS",
                "src_type": "Return",
                "dst_type": "null",
                "src": "return this",
                "dst": "null",
                "src_parent_type": "Block",
                "dst_parent_type": "null",
                "src_parent": "{\n    this.exAt \u003d timestamp;\n    return this;\n}",
                "dst_parent": "null"
              },
              "line": 208,
              "file": "/home/khesoem/projects/lighter/exp/src/main/java/io/lettuce/core/SetArgs.java"
            }
          ]
        },
        {
          "tool-name": "JKali",
          "pattern-name": "JKali:add_rtrn",
          "Unified_Diff_of-files:": "Starts Below...",
          "INSERT:": "",
          "CHANGE_old:": "         * Creates new {@link SetArgs} and enabling {@literal KEEPTTL}.",
          "CHANGE_new:": "         * Creates new {@link SetArgs} and enable {@literal KEEPTTL}.",
          "instance_detail": [
            {
              "pattern_action": "INS",
              "pattern_entity": {
                "entity_type": "Return",
                "entity_new value": "*",
                "entity_role": "Statement",
                "entity_parent": "null"
              },
              "concrete_change": {
                "operator": "INS",
                "src_type": "Return",
                "dst_type": "null",
                "src": "return exAt(((timestamp.getTime()) / 1000))",
                "dst": "null",
                "src_parent_type": "Block",
                "dst_parent_type": "null",
                "src_parent": "{\n    io.lettuce.core.internal.LettuceAssert.notNull(timestamp, \"Timestamp must not be null\");\n    return exAt(((timestamp.getTime()) / 1000));\n}",
                "dst_parent": "null"
              },
              "line": 222,
              "file": "/home/khesoem/projects/lighter/exp/src/main/java/io/lettuce/core/SetArgs.java"
            }
          ]
        },
        {
          "tool-name": "JKali",
          "pattern-name": "JKali:add_rtrn",
          "Unified_Diff_of-files:": "Starts Below...",
          "INSERT:": "",
          "CHANGE_old:": "         * Creates new {@link SetArgs} and enabling {@literal KEEPTTL}.",
          "CHANGE_new:": "         * Creates new {@link SetArgs} and enable {@literal KEEPTTL}.",
          "instance_detail": [
            {
              "pattern_action": "INS",
              "pattern_entity": {
                "entity_type": "Return",
                "entity_new value": "*",
                "entity_role": "Statement",
                "entity_parent": "null"
              },
              "concrete_change": {
                "operator": "INS",
                "src_type": "Return",
                "dst_type": "null",
                "src": "return exAt(((timestamp.toEpochMilli()) / 1000))",
                "dst": "null",
                "src_parent_type": "Block",
                "dst_parent_type": "null",
                "src_parent": "{\n    io.lettuce.core.internal.LettuceAssert.notNull(timestamp, \"Timestamp must not be null\");\n    return exAt(((timestamp.toEpochMilli()) / 1000));\n}",
                "dst_parent": "null"
              },
              "line": 236,
              "file": "/home/khesoem/projects/lighter/exp/src/main/java/io/lettuce/core/SetArgs.java"
            }
          ]
        },
        {
          "tool-name": "JKali",
          "pattern-name": "JKali:add_rtrn",
          "Unified_Diff_of-files:": "Starts Below...",
          "INSERT:": "",
          "CHANGE_old:": "         * Creates new {@link SetArgs} and enabling {@literal KEEPTTL}.",
          "CHANGE_new:": "         * Creates new {@link SetArgs} and enable {@literal KEEPTTL}.",
          "instance_detail": [
            {
              "pattern_action": "INS",
              "pattern_entity": {
                "entity_type": "Return",
                "entity_new value": "*",
                "entity_role": "Statement",
                "entity_parent": "null"
              },
              "concrete_change": {
                "operator": "INS",
                "src_type": "Return",
                "dst_type": "null",
                "src": "return this",
                "dst": "null",
                "src_parent_type": "Block",
                "dst_parent_type": "null",
                "src_parent": "{\n    this.pxAt \u003d timestamp;\n    return this;\n}",
                "dst_parent": "null"
              },
              "line": 261,
              "file": "/home/khesoem/projects/lighter/exp/src/main/java/io/lettuce/core/SetArgs.java"
            }
          ]
        },
        {
          "tool-name": "JKali",
          "pattern-name": "JKali:add_rtrn",
          "Unified_Diff_of-files:": "Starts Below...",
          "INSERT:": "",
          "CHANGE_old:": "         * Creates new {@link SetArgs} and enabling {@literal KEEPTTL}.",
          "CHANGE_new:": "         * Creates new {@link SetArgs} and enable {@literal KEEPTTL}.",
          "instance_detail": [
            {
              "pattern_action": "INS",
              "pattern_entity": {
                "entity_type": "Return",
                "entity_new value": "*",
                "entity_role": "Statement",
                "entity_parent": "null"
              },
              "concrete_change": {
                "operator": "INS",
                "src_type": "Return",
                "dst_type": "null",
                "src": "return pxAt(timestamp.getTime())",
                "dst": "null",
                "src_parent_type": "Block",
                "dst_parent_type": "null",
                "src_parent": "{\n    io.lettuce.core.internal.LettuceAssert.notNull(timestamp, \"Timestamp must not be null\");\n    return pxAt(timestamp.getTime());\n}",
                "dst_parent": "null"
              },
              "line": 275,
              "file": "/home/khesoem/projects/lighter/exp/src/main/java/io/lettuce/core/SetArgs.java"
            }
          ]
        },
        {
          "tool-name": "JKali",
          "pattern-name": "JKali:add_rtrn",
          "Unified_Diff_of-files:": "Starts Below...",
          "INSERT:": "",
          "CHANGE_old:": "         * Creates new {@link SetArgs} and enabling {@literal KEEPTTL}.",
          "CHANGE_new:": "         * Creates new {@link SetArgs} and enable {@literal KEEPTTL}.",
          "instance_detail": [
            {
              "pattern_action": "INS",
              "pattern_entity": {
                "entity_type": "Return",
                "entity_new value": "*",
                "entity_role": "Statement",
                "entity_parent": "null"
              },
              "concrete_change": {
                "operator": "INS",
                "src_type": "Return",
                "dst_type": "null",
                "src": "return pxAt(timestamp.toEpochMilli())",
                "dst": "null",
                "src_parent_type": "Block",
                "dst_parent_type": "null",
                "src_parent": "{\n    io.lettuce.core.internal.LettuceAssert.notNull(timestamp, \"Timestamp must not be null\");\n    return pxAt(timestamp.toEpochMilli());\n}",
                "dst_parent": "null"
              },
              "line": 289,
              "file": "/home/khesoem/projects/lighter/exp/src/main/java/io/lettuce/core/SetArgs.java"
            }
          ]
        },
        {
          "tool-name": "JKali",
          "pattern-name": "JKali:add_rtrn",
          "Unified_Diff_of-files:": "Starts Below...",
          "INSERT:": "",
          "CHANGE_old:": "         * Creates new {@link SetArgs} and enabling {@literal KEEPTTL}.",
          "CHANGE_new:": "         * Creates new {@link SetArgs} and enable {@literal KEEPTTL}.",
          "instance_detail": [
            {
              "pattern_action": "INS",
              "pattern_entity": {
                "entity_type": "Return",
                "entity_new value": "*",
                "entity_role": "Statement",
                "entity_parent": "null"
              },
              "concrete_change": {
                "operator": "INS",
                "src_type": "Return",
                "dst_type": "null",
                "src": "return new io.lettuce.core.SetArgs().exAt(timestamp)",
                "dst": "null",
                "src_parent_type": "Block",
                "dst_parent_type": "null",
                "src_parent": "{\n    return new io.lettuce.core.SetArgs().exAt(timestamp);\n}",
                "dst_parent": "null"
              },
              "line": 80,
              "file": "/home/khesoem/projects/lighter/exp/src/main/java/io/lettuce/core/SetArgs.java"
            }
          ]
        },
        {
          "tool-name": "JKali",
          "pattern-name": "JKali:add_rtrn",
          "Unified_Diff_of-files:": "Starts Below...",
          "INSERT:": "",
          "CHANGE_old:": "         * Creates new {@link SetArgs} and enabling {@literal KEEPTTL}.",
          "CHANGE_new:": "         * Creates new {@link SetArgs} and enable {@literal KEEPTTL}.",
          "instance_detail": [
            {
              "pattern_action": "INS",
              "pattern_entity": {
                "entity_type": "Return",
                "entity_new value": "*",
                "entity_role": "Statement",
                "entity_parent": "null"
              },
              "concrete_change": {
                "operator": "INS",
                "src_type": "Return",
                "dst_type": "null",
                "src": "return new io.lettuce.core.SetArgs().exAt(timestamp)",
                "dst": "null",
                "src_parent_type": "Block",
                "dst_parent_type": "null",
                "src_parent": "{\n    return new io.lettuce.core.SetArgs().exAt(timestamp);\n}",
                "dst_parent": "null"
              },
              "line": 92,
              "file": "/home/khesoem/projects/lighter/exp/src/main/java/io/lettuce/core/SetArgs.java"
            }
          ]
        },
        {
          "tool-name": "JKali",
          "pattern-name": "JKali:add_rtrn",
          "Unified_Diff_of-files:": "Starts Below...",
          "INSERT:": "",
          "CHANGE_old:": "         * Creates new {@link SetArgs} and enabling {@literal KEEPTTL}.",
          "CHANGE_new:": "         * Creates new {@link SetArgs} and enable {@literal KEEPTTL}.",
          "instance_detail": [
            {
              "pattern_action": "INS",
              "pattern_entity": {
                "entity_type": "Return",
                "entity_new value": "*",
                "entity_role": "Statement",
                "entity_parent": "null"
              },
              "concrete_change": {
                "operator": "INS",
                "src_type": "Return",
                "dst_type": "null",
                "src": "return new io.lettuce.core.SetArgs().exAt(timestamp)",
                "dst": "null",
                "src_parent_type": "Block",
                "dst_parent_type": "null",
                "src_parent": "{\n    return new io.lettuce.core.SetArgs().exAt(timestamp);\n}",
                "dst_parent": "null"
              },
              "line": 104,
              "file": "/home/khesoem/projects/lighter/exp/src/main/java/io/lettuce/core/SetArgs.java"
            }
          ]
        },
        {
          "tool-name": "JKali",
          "pattern-name": "JKali:add_rtrn",
          "Unified_Diff_of-files:": "Starts Below...",
          "INSERT:": "",
          "CHANGE_old:": "         * Creates new {@link SetArgs} and enabling {@literal KEEPTTL}.",
          "CHANGE_new:": "         * Creates new {@link SetArgs} and enable {@literal KEEPTTL}.",
          "instance_detail": [
            {
              "pattern_action": "INS",
              "pattern_entity": {
                "entity_type": "Return",
                "entity_new value": "*",
                "entity_role": "Statement",
                "entity_parent": "null"
              },
              "concrete_change": {
                "operator": "INS",
                "src_type": "Return",
                "dst_type": "null",
                "src": "return new io.lettuce.core.SetArgs().pxAt(timestamp)",
                "dst": "null",
                "src_parent_type": "Block",
                "dst_parent_type": "null",
                "src_parent": "{\n    return new io.lettuce.core.SetArgs().pxAt(timestamp);\n}",
                "dst_parent": "null"
              },
              "line": 126,
              "file": "/home/khesoem/projects/lighter/exp/src/main/java/io/lettuce/core/SetArgs.java"
            }
          ]
        },
        {
          "tool-name": "JKali",
          "pattern-name": "JKali:add_rtrn",
          "Unified_Diff_of-files:": "Starts Below...",
          "INSERT:": "",
          "CHANGE_old:": "         * Creates new {@link SetArgs} and enabling {@literal KEEPTTL}.",
          "CHANGE_new:": "         * Creates new {@link SetArgs} and enable {@literal KEEPTTL}.",
          "instance_detail": [
            {
              "pattern_action": "INS",
              "pattern_entity": {
                "entity_type": "Return",
                "entity_new value": "*",
                "entity_role": "Statement",
                "entity_parent": "null"
              },
              "concrete_change": {
                "operator": "INS",
                "src_type": "Return",
                "dst_type": "null",
                "src": "return new io.lettuce.core.SetArgs().pxAt(timestamp)",
                "dst": "null",
                "src_parent_type": "Block",
                "dst_parent_type": "null",
                "src_parent": "{\n    return new io.lettuce.core.SetArgs().pxAt(timestamp);\n}",
                "dst_parent": "null"
              },
              "line": 138,
              "file": "/home/khesoem/projects/lighter/exp/src/main/java/io/lettuce/core/SetArgs.java"
            }
          ]
        },
        {
          "tool-name": "JKali",
          "pattern-name": "JKali:add_rtrn",
          "Unified_Diff_of-files:": "Starts Below...",
          "INSERT:": "",
          "CHANGE_old:": "         * Creates new {@link SetArgs} and enabling {@literal KEEPTTL}.",
          "CHANGE_new:": "         * Creates new {@link SetArgs} and enable {@literal KEEPTTL}.",
          "instance_detail": [
            {
              "pattern_action": "INS",
              "pattern_entity": {
                "entity_type": "Return",
                "entity_new value": "*",
                "entity_role": "Statement",
                "entity_parent": "null"
              },
              "concrete_change": {
                "operator": "INS",
                "src_type": "Return",
                "dst_type": "null",
                "src": "return new io.lettuce.core.SetArgs().pxAt(timestamp)",
                "dst": "null",
                "src_parent_type": "Block",
                "dst_parent_type": "null",
                "src_parent": "{\n    return new io.lettuce.core.SetArgs().pxAt(timestamp);\n}",
                "dst_parent": "null"
              },
              "line": 150,
              "file": "/home/khesoem/projects/lighter/exp/src/main/java/io/lettuce/core/SetArgs.java"
            }
          ]
        }
      ]
    }
  ],
  "complete_analysis": true
}