{
  "instances": [
    {
      "revision": "61e486fad5c0319f8dfdef4c7ae226c14894270f",
      "repairability": [
        {
          "tool-name": "JKali",
          "pattern-name": "JKali:add_rtrn",
          "Unified_Diff_of-files:": "Starts Below...",
          "CHANGE_old:": "",
          "CHANGE_new:": "        this.refresh \u003d createTopologyRefresh();",
          "INSERT:": "    /**",
          "instance_detail": [
            {
              "pattern_action": "INS",
              "pattern_entity": {
                "entity_type": "Return",
                "entity_new value": "*",
                "entity_role": "Statement",
                "entity_parent": "null"
              },
              "concrete_change": {
                "operator": "INS",
                "src_type": "Return",
                "dst_type": "null",
                "src": "return io.lettuce.core.cluster.topology.ClusterTopologyRefresh.create(new io.lettuce.core.cluster.RedisClusterClient.NodeConnectionFactoryImpl(), getResources())",
                "dst": "null",
                "src_parent_type": "Block",
                "dst_parent_type": "null",
                "src_parent": "{\n    return io.lettuce.core.cluster.topology.ClusterTopologyRefresh.create(new io.lettuce.core.cluster.RedisClusterClient.NodeConnectionFactoryImpl(), getResources());\n}",
                "dst_parent": "null"
              },
              "line": 1105,
              "file": "/home/khesoem/projects/lighter/exp/src/main/java/io/lettuce/core/cluster/RedisClusterClient.java"
            }
          ]
        }
      ]
    }
  ],
  "complete_analysis": true
}