{
  "instances": [
    {
      "revision": "7f80a1d80046a9a8a30f3f1172a548a18e295227",
      "repairability": [
        {
          "tool-name": "JKali",
          "pattern-name": "JKali:del",
          "Unified_Diff_of-files:": "Starts Below...",
          "INSERT:": "    Map\u0026lt;TypeVariable\u0026lt;?\u0026gt;, Type\u0026gt; getTypeVariableMap();",
          "instance_detail": [
            {
              "pattern_action": "DEL",
              "pattern_entity": {
                "entity_type": "*",
                "entity_new value": "*",
                "entity_role": "Statement",
                "entity_parent": "null"
              },
              "concrete_change": {
                "operator": "DEL",
                "src_type": "Invocation",
                "dst_type": "null",
                "src": "com.lambdaworks.redis.internal.LettuceAssert.notNull(primaryType, \"Primary type must not be null\")",
                "dst": "null",
                "src_parent_type": "Block",
                "dst_parent_type": "null",
                "src_parent": "{\n    com.lambdaworks.redis.internal.LettuceAssert.notNull(primaryType, \"Primary type must not be null\");\n    com.lambdaworks.redis.internal.LettuceAssert.notNull(commandOutputClass, \"CommandOutput class must not be null\");\n    com.lambdaworks.redis.internal.LettuceAssert.notNull(typeInformation, \"TypeInformation must not be null\");\n    this.primaryType \u003d primaryType;\n    this.commandOutputClass \u003d commandOutputClass;\n    this.typeInformation \u003d typeInformation;\n    this.streaming \u003d streaming;\n}",
                "dst_parent": "null"
              },
              "line": 55,
              "file": "/home/khesoem/projects/lighter/exp/src/main/java/com/lambdaworks/redis/dynamic/output/OutputType.java",
              "stats": {
                "number_of_src_entities": 24,
                "number_of_dst_entities": -1,
                "src_entity_types": "[, java.lang.String, java.lang.Class\u003c?\u003e, com.lambdaworks.redis.internal.LettuceAssert]",
                "dst_entity_types": "[]"
              }
            }
          ]
        },
        {
          "tool-name": "JKali",
          "pattern-name": "JKali:del",
          "Unified_Diff_of-files:": "Starts Below...",
          "INSERT:": "    Map\u0026lt;TypeVariable\u0026lt;?\u0026gt;, Type\u0026gt; getTypeVariableMap();",
          "instance_detail": [
            {
              "pattern_action": "DEL",
              "pattern_entity": {
                "entity_type": "*",
                "entity_new value": "*",
                "entity_role": "Statement",
                "entity_parent": "null"
              },
              "concrete_change": {
                "operator": "DEL",
                "src_type": "Assignment",
                "dst_type": "null",
                "src": "this.primaryType \u003d primaryType",
                "dst": "null",
                "src_parent_type": "Block",
                "dst_parent_type": "null",
                "src_parent": "{\n    com.lambdaworks.redis.internal.LettuceAssert.notNull(primaryType, \"Primary type must not be null\");\n    com.lambdaworks.redis.internal.LettuceAssert.notNull(commandOutputClass, \"CommandOutput class must not be null\");\n    com.lambdaworks.redis.internal.LettuceAssert.notNull(typeInformation, \"TypeInformation must not be null\");\n    this.primaryType \u003d primaryType;\n    this.commandOutputClass \u003d commandOutputClass;\n    this.typeInformation \u003d typeInformation;\n    this.streaming \u003d streaming;\n}",
                "dst_parent": "null"
              },
              "line": 59,
              "file": "/home/khesoem/projects/lighter/exp/src/main/java/com/lambdaworks/redis/dynamic/output/OutputType.java",
              "stats": {
                "number_of_src_entities": 28,
                "number_of_dst_entities": -1,
                "src_entity_types": "[, com.lambdaworks.redis.dynamic.output.OutputType, java.lang.Class\u003c?\u003e]",
                "dst_entity_types": "[]"
              }
            }
          ]
        },
        {
          "tool-name": "JKali",
          "pattern-name": "JKali:del",
          "Unified_Diff_of-files:": "Starts Below...",
          "INSERT:": "    Map\u0026lt;TypeVariable\u0026lt;?\u0026gt;, Type\u0026gt; getTypeVariableMap();",
          "instance_detail": [
            {
              "pattern_action": "DEL",
              "pattern_entity": {
                "entity_type": "*",
                "entity_new value": "*",
                "entity_role": "Statement",
                "entity_parent": "null"
              },
              "concrete_change": {
                "operator": "DEL",
                "src_type": "Invocation",
                "dst_type": "null",
                "src": "sb.append(\" [primaryType\u003d\").append(primaryType)",
                "dst": "null",
                "src_parent_type": "Block",
                "dst_parent_type": "null",
                "src_parent": "{\n    java.lang.StringBuilder sb \u003d new java.lang.StringBuilder();\n    sb.append(getClass().getSimpleName());\n    sb.append(\" [primaryType\u003d\").append(primaryType);\n    sb.append(\", commandOutputClass\u003d\").append(commandOutputClass);\n    sb.append(\", typeInformation\u003d\").append(typeInformation);\n    sb.append(\", streaming\u003d\").append(streaming);\n    sb.append(\u0027]\u0027);\n    return sb.toString();\n}",
                "dst_parent": "null"
              },
              "line": 98,
              "file": "/home/khesoem/projects/lighter/exp/src/main/java/com/lambdaworks/redis/dynamic/output/OutputType.java",
              "stats": {
                "number_of_src_entities": 38,
                "number_of_dst_entities": -1,
                "src_entity_types": "[java.lang.StringBuilder, java.lang.String, com.lambdaworks.redis.dynamic.output.OutputType]",
                "dst_entity_types": "[]"
              }
            }
          ]
        }
      ]
    },
    {
      "revision": "7f80a1d80046a9a8a30f3f1172a548a18e295227",
      "repairability": [
        {
          "tool-name": "JKali",
          "pattern-name": "JKali:add_rtrn",
          "Unified_Diff_of-files:": "Starts Below...",
          "INSERT:": "    Map\u0026lt;TypeVariable\u0026lt;?\u0026gt;, Type\u0026gt; getTypeVariableMap();",
          "instance_detail": [
            {
              "pattern_action": "INS",
              "pattern_entity": {
                "entity_type": "Return",
                "entity_new value": "*",
                "entity_role": "Statement",
                "entity_parent": "null"
              },
              "concrete_change": {
                "operator": "INS",
                "src_type": "Return",
                "dst_type": "null",
                "src": "return resolveType(type)",
                "dst": "null",
                "src_parent_type": "Block",
                "dst_parent_type": "null",
                "src_parent": "{\n    return resolveType(type);\n}",
                "dst_parent": "null"
              },
              "line": 173,
              "file": "/home/khesoem/projects/lighter/exp/src/main/java/com/lambdaworks/redis/dynamic/support/TypeDiscoverer.java"
            }
          ]
        }
      ]
    },
    {
      "revision": "7f80a1d80046a9a8a30f3f1172a548a18e295227",
      "repairability": [
        {
          "tool-name": "JKali",
          "pattern-name": "JKali:del",
          "Unified_Diff_of-files:": "Starts Below...",
          "INSERT:": "    Map\u0026lt;TypeVariable\u0026lt;?\u0026gt;, Type\u0026gt; getTypeVariableMap();",
          "instance_detail": [
            {
              "pattern_action": "DEL",
              "pattern_entity": {
                "entity_type": "*",
                "entity_new value": "*",
                "entity_role": "Statement",
                "entity_parent": "null"
              },
              "concrete_change": {
                "operator": "DEL",
                "src_type": "LocalVariable",
                "dst_type": "null",
                "src": "com.lambdaworks.redis.dynamic.support.ClassTypeInformation\u003c? extends com.lambdaworks.redis.codec.RedisCodec\u003e typeInformation \u003d com.lambdaworks.redis.dynamic.support.ClassTypeInformation.from(redisCodec.getClass())",
                "dst": "null",
                "src_parent_type": "Block",
                "dst_parent_type": "null",
                "src_parent": "{\n    com.lambdaworks.redis.internal.LettuceAssert.notNull(delegate, \"CommandOutputFactoryResolver delegate must not be null\");\n    com.lambdaworks.redis.internal.LettuceAssert.notNull(redisCodec, \"RedisCodec must not be null\");\n    this.delegate \u003d delegate;\n    com.lambdaworks.redis.dynamic.support.ClassTypeInformation\u003c? extends com.lambdaworks.redis.codec.RedisCodec\u003e typeInformation \u003d com.lambdaworks.redis.dynamic.support.ClassTypeInformation.from(redisCodec.getClass());\n    com.lambdaworks.redis.dynamic.support.TypeInformation\u003c?\u003e superTypeInformation \u003d typeInformation.getSuperTypeInformation(com.lambdaworks.redis.codec.RedisCodec.class);\n    java.util.List\u003ccom.lambdaworks.redis.dynamic.support.TypeInformation\u003c?\u003e\u003e typeArguments \u003d superTypeInformation.getTypeArguments();\n    this.keyType \u003d typeArguments.get(0);\n    this.valueType \u003d typeArguments.get(1);\n    this.typeVariables.put(\"K\", keyType);\n    this.typeVariables.put(\"V\", valueType);\n}",
                "dst_parent": "null"
              },
              "line": 54,
              "file": "/home/khesoem/projects/lighter/exp/src/main/java/com/lambdaworks/redis/dynamic/output/CodecAwareOutputFactoryResolver.java",
              "stats": {
                "number_of_src_entities": 38,
                "number_of_dst_entities": -1,
                "src_entity_types": "[, com.lambdaworks.redis.codec.RedisCodec, com.lambdaworks.redis.codec.RedisCodec\u003c?, ?\u003e, com.lambdaworks.redis.dynamic.support.ClassTypeInformation\u003c? extends com.lambdaworks.redis.codec.RedisCodec\u003e, com.lambdaworks.redis.dynamic.support.ClassTypeInformation]",
                "dst_entity_types": "[]"
              }
            }
          ]
        },
        {
          "tool-name": "JKali",
          "pattern-name": "JKali:del",
          "Unified_Diff_of-files:": "Starts Below...",
          "INSERT:": "    Map\u0026lt;TypeVariable\u0026lt;?\u0026gt;, Type\u0026gt; getTypeVariableMap();",
          "instance_detail": [
            {
              "pattern_action": "DEL",
              "pattern_entity": {
                "entity_type": "*",
                "entity_new value": "*",
                "entity_role": "Statement",
                "entity_parent": "null"
              },
              "concrete_change": {
                "operator": "DEL",
                "src_type": "LocalVariable",
                "dst_type": "null",
                "src": "com.lambdaworks.redis.dynamic.support.TypeInformation\u003c?\u003e superTypeInformation \u003d typeInformation.getSuperTypeInformation(com.lambdaworks.redis.codec.RedisCodec.class)",
                "dst": "null",
                "src_parent_type": "Block",
                "dst_parent_type": "null",
                "src_parent": "{\n    com.lambdaworks.redis.internal.LettuceAssert.notNull(delegate, \"CommandOutputFactoryResolver delegate must not be null\");\n    com.lambdaworks.redis.internal.LettuceAssert.notNull(redisCodec, \"RedisCodec must not be null\");\n    this.delegate \u003d delegate;\n    com.lambdaworks.redis.dynamic.support.ClassTypeInformation\u003c? extends com.lambdaworks.redis.codec.RedisCodec\u003e typeInformation \u003d com.lambdaworks.redis.dynamic.support.ClassTypeInformation.from(redisCodec.getClass());\n    com.lambdaworks.redis.dynamic.support.TypeInformation\u003c?\u003e superTypeInformation \u003d typeInformation.getSuperTypeInformation(com.lambdaworks.redis.codec.RedisCodec.class);\n    java.util.List\u003ccom.lambdaworks.redis.dynamic.support.TypeInformation\u003c?\u003e\u003e typeArguments \u003d superTypeInformation.getTypeArguments();\n    this.keyType \u003d typeArguments.get(0);\n    this.valueType \u003d typeArguments.get(1);\n    this.typeVariables.put(\"K\", keyType);\n    this.typeVariables.put(\"V\", valueType);\n}",
                "dst_parent": "null"
              },
              "line": 55,
              "file": "/home/khesoem/projects/lighter/exp/src/main/java/com/lambdaworks/redis/dynamic/output/CodecAwareOutputFactoryResolver.java",
              "stats": {
                "number_of_src_entities": 38,
                "number_of_dst_entities": -1,
                "src_entity_types": "[, com.lambdaworks.redis.codec.RedisCodec, com.lambdaworks.redis.dynamic.support.TypeInformation\u003c?\u003e, com.lambdaworks.redis.dynamic.support.ClassTypeInformation\u003c? extends com.lambdaworks.redis.codec.RedisCodec\u003e]",
                "dst_entity_types": "[]"
              }
            }
          ]
        },
        {
          "tool-name": "JKali",
          "pattern-name": "JKali:del",
          "Unified_Diff_of-files:": "Starts Below...",
          "INSERT:": "    Map\u0026lt;TypeVariable\u0026lt;?\u0026gt;, Type\u0026gt; getTypeVariableMap();",
          "instance_detail": [
            {
              "pattern_action": "DEL",
              "pattern_entity": {
                "entity_type": "*",
                "entity_new value": "*",
                "entity_role": "Statement",
                "entity_parent": "null"
              },
              "concrete_change": {
                "operator": "DEL",
                "src_type": "LocalVariable",
                "dst_type": "null",
                "src": "java.util.List\u003ccom.lambdaworks.redis.dynamic.support.TypeInformation\u003c?\u003e\u003e typeArguments \u003d superTypeInformation.getTypeArguments()",
                "dst": "null",
                "src_parent_type": "Block",
                "dst_parent_type": "null",
                "src_parent": "{\n    com.lambdaworks.redis.internal.LettuceAssert.notNull(delegate, \"CommandOutputFactoryResolver delegate must not be null\");\n    com.lambdaworks.redis.internal.LettuceAssert.notNull(redisCodec, \"RedisCodec must not be null\");\n    this.delegate \u003d delegate;\n    com.lambdaworks.redis.dynamic.support.ClassTypeInformation\u003c? extends com.lambdaworks.redis.codec.RedisCodec\u003e typeInformation \u003d com.lambdaworks.redis.dynamic.support.ClassTypeInformation.from(redisCodec.getClass());\n    com.lambdaworks.redis.dynamic.support.TypeInformation\u003c?\u003e superTypeInformation \u003d typeInformation.getSuperTypeInformation(com.lambdaworks.redis.codec.RedisCodec.class);\n    java.util.List\u003ccom.lambdaworks.redis.dynamic.support.TypeInformation\u003c?\u003e\u003e typeArguments \u003d superTypeInformation.getTypeArguments();\n    this.keyType \u003d typeArguments.get(0);\n    this.valueType \u003d typeArguments.get(1);\n    this.typeVariables.put(\"K\", keyType);\n    this.typeVariables.put(\"V\", valueType);\n}",
                "dst_parent": "null"
              },
              "line": 56,
              "file": "/home/khesoem/projects/lighter/exp/src/main/java/com/lambdaworks/redis/dynamic/output/CodecAwareOutputFactoryResolver.java",
              "stats": {
                "number_of_src_entities": 29,
                "number_of_dst_entities": -1,
                "src_entity_types": "[, java.util.List\u003ccom.lambdaworks.redis.dynamic.support.TypeInformation\u003c?\u003e\u003e, com.lambdaworks.redis.dynamic.support.TypeInformation\u003c?\u003e]",
                "dst_entity_types": "[]"
              }
            }
          ]
        },
        {
          "tool-name": "JKali",
          "pattern-name": "JKali:del",
          "Unified_Diff_of-files:": "Starts Below...",
          "INSERT:": "    Map\u0026lt;TypeVariable\u0026lt;?\u0026gt;, Type\u0026gt; getTypeVariableMap();",
          "instance_detail": [
            {
              "pattern_action": "DEL",
              "pattern_entity": {
                "entity_type": "*",
                "entity_new value": "*",
                "entity_role": "Statement",
                "entity_parent": "null"
              },
              "concrete_change": {
                "operator": "DEL",
                "src_type": "Assignment",
                "dst_type": "null",
                "src": "this.valueType \u003d typeArguments.get(1)",
                "dst": "null",
                "src_parent_type": "Block",
                "dst_parent_type": "null",
                "src_parent": "{\n    com.lambdaworks.redis.internal.LettuceAssert.notNull(delegate, \"CommandOutputFactoryResolver delegate must not be null\");\n    com.lambdaworks.redis.internal.LettuceAssert.notNull(redisCodec, \"RedisCodec must not be null\");\n    this.delegate \u003d delegate;\n    com.lambdaworks.redis.dynamic.support.ClassTypeInformation\u003c? extends com.lambdaworks.redis.codec.RedisCodec\u003e typeInformation \u003d com.lambdaworks.redis.dynamic.support.ClassTypeInformation.from(redisCodec.getClass());\n    com.lambdaworks.redis.dynamic.support.TypeInformation\u003c?\u003e superTypeInformation \u003d typeInformation.getSuperTypeInformation(com.lambdaworks.redis.codec.RedisCodec.class);\n    java.util.List\u003ccom.lambdaworks.redis.dynamic.support.TypeInformation\u003c?\u003e\u003e typeArguments \u003d superTypeInformation.getTypeArguments();\n    this.keyType \u003d typeArguments.get(0);\n    this.valueType \u003d typeArguments.get(1);\n    this.typeVariables.put(\"K\", keyType);\n    this.typeVariables.put(\"V\", valueType);\n}",
                "dst_parent": "null"
              },
              "line": 59,
              "file": "/home/khesoem/projects/lighter/exp/src/main/java/com/lambdaworks/redis/dynamic/output/CodecAwareOutputFactoryResolver.java",
              "stats": {
                "number_of_src_entities": 37,
                "number_of_dst_entities": -1,
                "src_entity_types": "[int, com.lambdaworks.redis.dynamic.output.CodecAwareOutputFactoryResolver, , java.util.List\u003ccom.lambdaworks.redis.dynamic.support.TypeInformation\u003c?\u003e\u003e, com.lambdaworks.redis.dynamic.support.TypeInformation\u003c?\u003e]",
                "dst_entity_types": "[]"
              }
            }
          ]
        },
        {
          "tool-name": "JKali",
          "pattern-name": "JKali:del",
          "Unified_Diff_of-files:": "Starts Below...",
          "INSERT:": "    Map\u0026lt;TypeVariable\u0026lt;?\u0026gt;, Type\u0026gt; getTypeVariableMap();",
          "instance_detail": [
            {
              "pattern_action": "DEL",
              "pattern_entity": {
                "entity_type": "*",
                "entity_new value": "*",
                "entity_role": "Statement",
                "entity_parent": "null"
              },
              "concrete_change": {
                "operator": "DEL",
                "src_type": "Invocation",
                "dst_type": "null",
                "src": "this.typeVariables.put(\"K\", keyType)",
                "dst": "null",
                "src_parent_type": "Block",
                "dst_parent_type": "null",
                "src_parent": "{\n    com.lambdaworks.redis.internal.LettuceAssert.notNull(delegate, \"CommandOutputFactoryResolver delegate must not be null\");\n    com.lambdaworks.redis.internal.LettuceAssert.notNull(redisCodec, \"RedisCodec must not be null\");\n    this.delegate \u003d delegate;\n    com.lambdaworks.redis.dynamic.support.ClassTypeInformation\u003c? extends com.lambdaworks.redis.codec.RedisCodec\u003e typeInformation \u003d com.lambdaworks.redis.dynamic.support.ClassTypeInformation.from(redisCodec.getClass());\n    com.lambdaworks.redis.dynamic.support.TypeInformation\u003c?\u003e superTypeInformation \u003d typeInformation.getSuperTypeInformation(com.lambdaworks.redis.codec.RedisCodec.class);\n    java.util.List\u003ccom.lambdaworks.redis.dynamic.support.TypeInformation\u003c?\u003e\u003e typeArguments \u003d superTypeInformation.getTypeArguments();\n    this.keyType \u003d typeArguments.get(0);\n    this.valueType \u003d typeArguments.get(1);\n    this.typeVariables.put(\"K\", keyType);\n    this.typeVariables.put(\"V\", valueType);\n}",
                "dst_parent": "null"
              },
              "line": 61,
              "file": "/home/khesoem/projects/lighter/exp/src/main/java/com/lambdaworks/redis/dynamic/output/CodecAwareOutputFactoryResolver.java",
              "stats": {
                "number_of_src_entities": 55,
                "number_of_dst_entities": -1,
                "src_entity_types": "[com.lambdaworks.redis.dynamic.output.CodecAwareOutputFactoryResolver, , java.lang.String, java.util.Map\u003cjava.lang.String, com.lambdaworks.redis.dynamic.support.TypeInformation\u003c?\u003e\u003e, com.lambdaworks.redis.dynamic.support.TypeInformation\u003c?\u003e]",
                "dst_entity_types": "[]"
              }
            }
          ]
        },
        {
          "tool-name": "JKali",
          "pattern-name": "JKali:del",
          "Unified_Diff_of-files:": "Starts Below...",
          "INSERT:": "    Map\u0026lt;TypeVariable\u0026lt;?\u0026gt;, Type\u0026gt; getTypeVariableMap();",
          "instance_detail": [
            {
              "pattern_action": "DEL",
              "pattern_entity": {
                "entity_type": "*",
                "entity_new value": "*",
                "entity_role": "Statement",
                "entity_parent": "null"
              },
              "concrete_change": {
                "operator": "DEL",
                "src_type": "Invocation",
                "dst_type": "null",
                "src": "this.typeVariables.put(\"V\", valueType)",
                "dst": "null",
                "src_parent_type": "Block",
                "dst_parent_type": "null",
                "src_parent": "{\n    com.lambdaworks.redis.internal.LettuceAssert.notNull(delegate, \"CommandOutputFactoryResolver delegate must not be null\");\n    com.lambdaworks.redis.internal.LettuceAssert.notNull(redisCodec, \"RedisCodec must not be null\");\n    this.delegate \u003d delegate;\n    com.lambdaworks.redis.dynamic.support.ClassTypeInformation\u003c? extends com.lambdaworks.redis.codec.RedisCodec\u003e typeInformation \u003d com.lambdaworks.redis.dynamic.support.ClassTypeInformation.from(redisCodec.getClass());\n    com.lambdaworks.redis.dynamic.support.TypeInformation\u003c?\u003e superTypeInformation \u003d typeInformation.getSuperTypeInformation(com.lambdaworks.redis.codec.RedisCodec.class);\n    java.util.List\u003ccom.lambdaworks.redis.dynamic.support.TypeInformation\u003c?\u003e\u003e typeArguments \u003d superTypeInformation.getTypeArguments();\n    this.keyType \u003d typeArguments.get(0);\n    this.valueType \u003d typeArguments.get(1);\n    this.typeVariables.put(\"K\", keyType);\n    this.typeVariables.put(\"V\", valueType);\n}",
                "dst_parent": "null"
              },
              "line": 62,
              "file": "/home/khesoem/projects/lighter/exp/src/main/java/com/lambdaworks/redis/dynamic/output/CodecAwareOutputFactoryResolver.java",
              "stats": {
                "number_of_src_entities": 55,
                "number_of_dst_entities": -1,
                "src_entity_types": "[com.lambdaworks.redis.dynamic.output.CodecAwareOutputFactoryResolver, , java.lang.String, java.util.Map\u003cjava.lang.String, com.lambdaworks.redis.dynamic.support.TypeInformation\u003c?\u003e\u003e, com.lambdaworks.redis.dynamic.support.TypeInformation\u003c?\u003e]",
                "dst_entity_types": "[]"
              }
            }
          ]
        },
        {
          "tool-name": "JKali",
          "pattern-name": "JKali:del",
          "Unified_Diff_of-files:": "Starts Below...",
          "INSERT:": "    Map\u0026lt;TypeVariable\u0026lt;?\u0026gt;, Type\u0026gt; getTypeVariableMap();",
          "instance_detail": [
            {
              "pattern_action": "DEL",
              "pattern_entity": {
                "entity_type": "*",
                "entity_new value": "*",
                "entity_role": "Statement",
                "entity_parent": "null"
              },
              "concrete_change": {
                "operator": "DEL",
                "src_type": "LocalVariable",
                "dst_type": "null",
                "src": "java.util.Map\u003cjava.lang.String, com.lambdaworks.redis.dynamic.support.TypeInformation\u003c?\u003e\u003e typeVariables \u003d new java.util.HashMap(outputSelector.getTypeVariables())",
                "dst": "null",
                "src_parent_type": "Block",
                "dst_parent_type": "null",
                "src_parent": "{\n    java.util.Map\u003cjava.lang.String, com.lambdaworks.redis.dynamic.support.TypeInformation\u003c?\u003e\u003e typeVariables \u003d new java.util.HashMap(outputSelector.getTypeVariables());\n    typeVariables.putAll(this.typeVariables);\n    return delegate.resolveCommandOutput(new com.lambdaworks.redis.dynamic.output.OutputSelector(outputSelector.getTypeInformation(), isKeyType(outputSelector.getTypeInformation()), isValueType(outputSelector.getTypeInformation()), typeVariables));\n}",
                "dst_parent": "null"
              },
              "line": 68,
              "file": "/home/khesoem/projects/lighter/exp/src/main/java/com/lambdaworks/redis/dynamic/output/CodecAwareOutputFactoryResolver.java",
              "stats": {
                "number_of_src_entities": 24,
                "number_of_dst_entities": -1,
                "src_entity_types": "[com.lambdaworks.redis.dynamic.output.HashMap\u003c\u003e, com.lambdaworks.redis.dynamic.output.OutputSelector, , java.lang.String, java.util.Map\u003cjava.lang.String, com.lambdaworks.redis.dynamic.support.TypeInformation\u003c?\u003e\u003e, com.lambdaworks.redis.dynamic.support.TypeInformation\u003c?\u003e]",
                "dst_entity_types": "[]"
              }
            }
          ]
        },
        {
          "tool-name": "JKali",
          "pattern-name": "JKali:del",
          "Unified_Diff_of-files:": "Starts Below...",
          "INSERT:": "    Map\u0026lt;TypeVariable\u0026lt;?\u0026gt;, Type\u0026gt; getTypeVariableMap();",
          "instance_detail": [
            {
              "pattern_action": "DEL",
              "pattern_entity": {
                "entity_type": "*",
                "entity_new value": "*",
                "entity_role": "Statement",
                "entity_parent": "null"
              },
              "concrete_change": {
                "operator": "DEL",
                "src_type": "Invocation",
                "dst_type": "null",
                "src": "typeVariables.putAll(this.typeVariables)",
                "dst": "null",
                "src_parent_type": "Block",
                "dst_parent_type": "null",
                "src_parent": "{\n    java.util.Map\u003cjava.lang.String, com.lambdaworks.redis.dynamic.support.TypeInformation\u003c?\u003e\u003e typeVariables \u003d new java.util.HashMap(outputSelector.getTypeVariables());\n    typeVariables.putAll(this.typeVariables);\n    return delegate.resolveCommandOutput(new com.lambdaworks.redis.dynamic.output.OutputSelector(outputSelector.getTypeInformation(), isKeyType(outputSelector.getTypeInformation()), isValueType(outputSelector.getTypeInformation()), typeVariables));\n}",
                "dst_parent": "null"
              },
              "line": 69,
              "file": "/home/khesoem/projects/lighter/exp/src/main/java/com/lambdaworks/redis/dynamic/output/CodecAwareOutputFactoryResolver.java",
              "stats": {
                "number_of_src_entities": 50,
                "number_of_dst_entities": -1,
                "src_entity_types": "[com.lambdaworks.redis.dynamic.output.CodecAwareOutputFactoryResolver, , java.lang.String, java.util.Map\u003cjava.lang.String, com.lambdaworks.redis.dynamic.support.TypeInformation\u003c?\u003e\u003e, com.lambdaworks.redis.dynamic.support.TypeInformation\u003c?\u003e]",
                "dst_entity_types": "[]"
              }
            }
          ]
        },
        {
          "tool-name": "JKali",
          "pattern-name": "JKali:del",
          "Unified_Diff_of-files:": "Starts Below...",
          "INSERT:": "    Map\u0026lt;TypeVariable\u0026lt;?\u0026gt;, Type\u0026gt; getTypeVariableMap();",
          "instance_detail": [
            {
              "pattern_action": "DEL",
              "pattern_entity": {
                "entity_type": "*",
                "entity_new value": "*",
                "entity_role": "Statement",
                "entity_parent": "null"
              },
              "concrete_change": {
                "operator": "DEL",
                "src_type": "LocalVariable",
                "dst_type": "null",
                "src": "java.util.Map\u003cjava.lang.String, com.lambdaworks.redis.dynamic.support.TypeInformation\u003c?\u003e\u003e typeVariables \u003d new java.util.HashMap(outputSelector.getTypeVariables())",
                "dst": "null",
                "src_parent_type": "Block",
                "dst_parent_type": "null",
                "src_parent": "{\n    java.util.Map\u003cjava.lang.String, com.lambdaworks.redis.dynamic.support.TypeInformation\u003c?\u003e\u003e typeVariables \u003d new java.util.HashMap(outputSelector.getTypeVariables());\n    typeVariables.putAll(this.typeVariables);\n    return delegate.resolveStreamingCommandOutput(new com.lambdaworks.redis.dynamic.output.OutputSelector(outputSelector.getTypeInformation(), isKeyType(outputSelector.getTypeInformation()), isValueType(outputSelector.getTypeInformation()), typeVariables));\n}",
                "dst_parent": "null"
              },
              "line": 79,
              "file": "/home/khesoem/projects/lighter/exp/src/main/java/com/lambdaworks/redis/dynamic/output/CodecAwareOutputFactoryResolver.java",
              "stats": {
                "number_of_src_entities": 24,
                "number_of_dst_entities": -1,
                "src_entity_types": "[com.lambdaworks.redis.dynamic.output.HashMap\u003c\u003e, com.lambdaworks.redis.dynamic.output.OutputSelector, , java.lang.String, java.util.Map\u003cjava.lang.String, com.lambdaworks.redis.dynamic.support.TypeInformation\u003c?\u003e\u003e, com.lambdaworks.redis.dynamic.support.TypeInformation\u003c?\u003e]",
                "dst_entity_types": "[]"
              }
            }
          ]
        },
        {
          "tool-name": "JKali",
          "pattern-name": "JKali:del",
          "Unified_Diff_of-files:": "Starts Below...",
          "INSERT:": "    Map\u0026lt;TypeVariable\u0026lt;?\u0026gt;, Type\u0026gt; getTypeVariableMap();",
          "instance_detail": [
            {
              "pattern_action": "DEL",
              "pattern_entity": {
                "entity_type": "*",
                "entity_new value": "*",
                "entity_role": "Statement",
                "entity_parent": "null"
              },
              "concrete_change": {
                "operator": "DEL",
                "src_type": "Invocation",
                "dst_type": "null",
                "src": "typeVariables.putAll(this.typeVariables)",
                "dst": "null",
                "src_parent_type": "Block",
                "dst_parent_type": "null",
                "src_parent": "{\n    java.util.Map\u003cjava.lang.String, com.lambdaworks.redis.dynamic.support.TypeInformation\u003c?\u003e\u003e typeVariables \u003d new java.util.HashMap(outputSelector.getTypeVariables());\n    typeVariables.putAll(this.typeVariables);\n    return delegate.resolveStreamingCommandOutput(new com.lambdaworks.redis.dynamic.output.OutputSelector(outputSelector.getTypeInformation(), isKeyType(outputSelector.getTypeInformation()), isValueType(outputSelector.getTypeInformation()), typeVariables));\n}",
                "dst_parent": "null"
              },
              "line": 80,
              "file": "/home/khesoem/projects/lighter/exp/src/main/java/com/lambdaworks/redis/dynamic/output/CodecAwareOutputFactoryResolver.java",
              "stats": {
                "number_of_src_entities": 50,
                "number_of_dst_entities": -1,
                "src_entity_types": "[com.lambdaworks.redis.dynamic.output.CodecAwareOutputFactoryResolver, , java.lang.String, java.util.Map\u003cjava.lang.String, com.lambdaworks.redis.dynamic.support.TypeInformation\u003c?\u003e\u003e, com.lambdaworks.redis.dynamic.support.TypeInformation\u003c?\u003e]",
                "dst_entity_types": "[]"
              }
            }
          ]
        },
        {
          "tool-name": "JKali",
          "pattern-name": "JKali:del",
          "Unified_Diff_of-files:": "Starts Below...",
          "INSERT:": "    Map\u0026lt;TypeVariable\u0026lt;?\u0026gt;, Type\u0026gt; getTypeVariableMap();",
          "instance_detail": [
            {
              "pattern_action": "DEL",
              "pattern_entity": {
                "entity_type": "*",
                "entity_new value": "*",
                "entity_role": "Statement",
                "entity_parent": "null"
              },
              "concrete_change": {
                "operator": "DEL",
                "src_type": "Return",
                "dst_type": "null",
                "src": "return walkComponentTypeAssignability(typeInformation, keyType)",
                "dst": "null",
                "src_parent_type": "Block",
                "dst_parent_type": "null",
                "src_parent": "{\n    return walkComponentTypeAssignability(typeInformation, keyType);\n}",
                "dst_parent": "null"
              },
              "line": 88,
              "file": "/home/khesoem/projects/lighter/exp/src/main/java/com/lambdaworks/redis/dynamic/output/CodecAwareOutputFactoryResolver.java"
            }
          ]
        },
        {
          "tool-name": "JKali",
          "pattern-name": "JKali:del",
          "Unified_Diff_of-files:": "Starts Below...",
          "INSERT:": "    Map\u0026lt;TypeVariable\u0026lt;?\u0026gt;, Type\u0026gt; getTypeVariableMap();",
          "instance_detail": [
            {
              "pattern_action": "DEL",
              "pattern_entity": {
                "entity_type": "*",
                "entity_new value": "*",
                "entity_role": "Statement",
                "entity_parent": "null"
              },
              "concrete_change": {
                "operator": "DEL",
                "src_type": "Return",
                "dst_type": "null",
                "src": "return walkComponentTypeAssignability(typeInformation, valueType)",
                "dst": "null",
                "src_parent_type": "Block",
                "dst_parent_type": "null",
                "src_parent": "{\n    return walkComponentTypeAssignability(typeInformation, valueType);\n}",
                "dst_parent": "null"
              },
              "line": 92,
              "file": "/home/khesoem/projects/lighter/exp/src/main/java/com/lambdaworks/redis/dynamic/output/CodecAwareOutputFactoryResolver.java"
            }
          ]
        },
        {
          "tool-name": "JKali",
          "pattern-name": "JKali:del",
          "Unified_Diff_of-files:": "Starts Below...",
          "INSERT:": "    Map\u0026lt;TypeVariable\u0026lt;?\u0026gt;, Type\u0026gt; getTypeVariableMap();",
          "instance_detail": [
            {
              "pattern_action": "DEL",
              "pattern_entity": {
                "entity_type": "*",
                "entity_new value": "*",
                "entity_role": "Statement",
                "entity_parent": "null"
              },
              "concrete_change": {
                "operator": "DEL",
                "src_type": "Return",
                "dst_type": "null",
                "src": "return true",
                "dst": "null",
                "src_parent_type": "Block",
                "dst_parent_type": "null",
                "src_parent": "{\n    return true;\n}",
                "dst_parent": "null"
              },
              "line": 99,
              "file": "/home/khesoem/projects/lighter/exp/src/main/java/com/lambdaworks/redis/dynamic/output/CodecAwareOutputFactoryResolver.java"
            }
          ]
        },
        {
          "tool-name": "JKali",
          "pattern-name": "JKali:del",
          "Unified_Diff_of-files:": "Starts Below...",
          "INSERT:": "    Map\u0026lt;TypeVariable\u0026lt;?\u0026gt;, Type\u0026gt; getTypeVariableMap();",
          "instance_detail": [
            {
              "pattern_action": "DEL",
              "pattern_entity": {
                "entity_type": "*",
                "entity_new value": "*",
                "entity_role": "Statement",
                "entity_parent": "null"
              },
              "concrete_change": {
                "operator": "DEL",
                "src_type": "If",
                "dst_type": "null",
                "src": "if (typeInformation.isAssignableFrom(sourceType)) {\n    return true;\n}",
                "dst": "null",
                "src_parent_type": "Block",
                "dst_parent_type": "null",
                "src_parent": "{\n    if (typeInformation.isAssignableFrom(sourceType)) {\n        return true;\n    }\n    typeInformation \u003d typeInformation.getComponentType();\n}",
                "dst_parent": "null"
              },
              "line": 98,
              "file": "/home/khesoem/projects/lighter/exp/src/main/java/com/lambdaworks/redis/dynamic/output/CodecAwareOutputFactoryResolver.java"
            }
          ]
        },
        {
          "tool-name": "JKali",
          "pattern-name": "JKali:del",
          "Unified_Diff_of-files:": "Starts Below...",
          "INSERT:": "    Map\u0026lt;TypeVariable\u0026lt;?\u0026gt;, Type\u0026gt; getTypeVariableMap();",
          "instance_detail": [
            {
              "pattern_action": "DEL",
              "pattern_entity": {
                "entity_type": "*",
                "entity_new value": "*",
                "entity_role": "Statement",
                "entity_parent": "null"
              },
              "concrete_change": {
                "operator": "DEL",
                "src_type": "Assignment",
                "dst_type": "null",
                "src": "typeInformation \u003d typeInformation.getComponentType()",
                "dst": "null",
                "src_parent_type": "Block",
                "dst_parent_type": "null",
                "src_parent": "{\n    if (typeInformation.isAssignableFrom(sourceType)) {\n        return true;\n    }\n    typeInformation \u003d typeInformation.getComponentType();\n}",
                "dst_parent": "null"
              },
              "line": 101,
              "file": "/home/khesoem/projects/lighter/exp/src/main/java/com/lambdaworks/redis/dynamic/output/CodecAwareOutputFactoryResolver.java"
            }
          ]
        },
        {
          "tool-name": "JKali",
          "pattern-name": "JKali:del",
          "Unified_Diff_of-files:": "Starts Below...",
          "INSERT:": "    Map\u0026lt;TypeVariable\u0026lt;?\u0026gt;, Type\u0026gt; getTypeVariableMap();",
          "instance_detail": [
            {
              "pattern_action": "DEL",
              "pattern_entity": {
                "entity_type": "*",
                "entity_new value": "*",
                "entity_role": "Statement",
                "entity_parent": "null"
              },
              "concrete_change": {
                "operator": "DEL",
                "src_type": "Do",
                "dst_type": "null",
                "src": "do {\n    if (typeInformation.isAssignableFrom(sourceType)) {\n        return true;\n    }\n    typeInformation \u003d typeInformation.getComponentType();\n} while (typeInformation !\u003d null )",
                "dst": "null",
                "src_parent_type": "Block",
                "dst_parent_type": "null",
                "src_parent": "{\n    do {\n        if (typeInformation.isAssignableFrom(sourceType)) {\n            return true;\n        }\n        typeInformation \u003d typeInformation.getComponentType();\n    } while (typeInformation !\u003d null );\n    return false;\n}",
                "dst_parent": "null"
              },
              "line": 97,
              "file": "/home/khesoem/projects/lighter/exp/src/main/java/com/lambdaworks/redis/dynamic/output/CodecAwareOutputFactoryResolver.java"
            }
          ]
        },
        {
          "tool-name": "JKali",
          "pattern-name": "JKali:del",
          "Unified_Diff_of-files:": "Starts Below...",
          "INSERT:": "    Map\u0026lt;TypeVariable\u0026lt;?\u0026gt;, Type\u0026gt; getTypeVariableMap();",
          "instance_detail": [
            {
              "pattern_action": "DEL",
              "pattern_entity": {
                "entity_type": "*",
                "entity_new value": "*",
                "entity_role": "Statement",
                "entity_parent": "null"
              },
              "concrete_change": {
                "operator": "DEL",
                "src_type": "Return",
                "dst_type": "null",
                "src": "return false",
                "dst": "null",
                "src_parent_type": "Block",
                "dst_parent_type": "null",
                "src_parent": "{\n    do {\n        if (typeInformation.isAssignableFrom(sourceType)) {\n            return true;\n        }\n        typeInformation \u003d typeInformation.getComponentType();\n    } while (typeInformation !\u003d null );\n    return false;\n}",
                "dst_parent": "null"
              },
              "line": 103,
              "file": "/home/khesoem/projects/lighter/exp/src/main/java/com/lambdaworks/redis/dynamic/output/CodecAwareOutputFactoryResolver.java"
            }
          ]
        }
      ]
    },
    {
      "revision": "7f80a1d80046a9a8a30f3f1172a548a18e295227",
      "repairability": [
        {
          "tool-name": "JKali",
          "pattern-name": "JKali:del",
          "Unified_Diff_of-files:": "Starts Below...",
          "INSERT:": "    Map\u0026lt;TypeVariable\u0026lt;?\u0026gt;, Type\u0026gt; getTypeVariableMap();",
          "instance_detail": [
            {
              "pattern_action": "DEL",
              "pattern_entity": {
                "entity_type": "*",
                "entity_new value": "*",
                "entity_role": "Statement",
                "entity_parent": "null"
              },
              "concrete_change": {
                "operator": "DEL",
                "src_type": "LocalVariable",
                "dst_type": "null",
                "src": "com.lambdaworks.redis.dynamic.support.TypeInformation\u003c?\u003e selectorTypeInformation \u003d selector.getTypeInformation()",
                "dst": "null",
                "src_parent_type": "Block",
                "dst_parent_type": "null",
                "src_parent": "{\n    com.lambdaworks.redis.dynamic.support.TypeInformation\u003c?\u003e outputTypeInformation \u003d provider.getTypeInformation();\n    com.lambdaworks.redis.dynamic.support.TypeInformation\u003c?\u003e selectorTypeInformation \u003d selector.getTypeInformation();\n    do {\n        if (outputTypeInformation instanceof com.lambdaworks.redis.dynamic.support.TypeVariableTypeInformation) {\n            if (selector.containsTypeVariable(outputTypeInformation.toString())) {\n                outputTypeInformation \u003d selector.getTypeVariable(outputTypeInformation.toString());\n            }\n        }\n        if (((outputTypeInformation.getType()) \u003d\u003d (java.lang.Object.class)) \u0026\u0026 ((selectorTypeInformation.getComponentType()) !\u003d null)) {\n            if ((provider.getPrimaryType()) \u003d\u003d (OutputRegistry.KeySurrogate.class)) {\n                return selector.isKey();\n            }\n            if ((provider.getPrimaryType()) \u003d\u003d (OutputRegistry.ValueSurrogate.class)) {\n                return selector.isValue();\n            }\n        }\n        if (!(isAssignableFrom(selectorTypeInformation, outputTypeInformation))) {\n            return false;\n        }\n        outputTypeInformation \u003d outputTypeInformation.getComponentType();\n        selectorTypeInformation \u003d selectorTypeInformation.getComponentType();\n    } while ((((outputTypeInformation !\u003d null) \u0026\u0026 ((outputTypeInformation.getComponentType()) !\u003d outputTypeInformation)) \u0026\u0026 (selectorTypeInformation !\u003d null)) \u0026\u0026 ((selectorTypeInformation.getComponentType()) !\u003d selectorTypeInformation) );\n    return true;\n}",
                "dst_parent": "null"
              },
              "line": 44,
              "file": "/home/khesoem/projects/lighter/exp/src/main/java/com/lambdaworks/redis/dynamic/output/CommandOutputResolverSupport.java",
              "stats": {
                "number_of_src_entities": 19,
                "number_of_dst_entities": -1,
                "src_entity_types": "[com.lambdaworks.redis.dynamic.output.OutputSelector, , com.lambdaworks.redis.dynamic.support.TypeInformation\u003c?\u003e]",
                "dst_entity_types": "[]"
              }
            }
          ]
        },
        {
          "tool-name": "JKali",
          "pattern-name": "JKali:del",
          "Unified_Diff_of-files:": "Starts Below...",
          "INSERT:": "    Map\u0026lt;TypeVariable\u0026lt;?\u0026gt;, Type\u0026gt; getTypeVariableMap();",
          "instance_detail": [
            {
              "pattern_action": "DEL",
              "pattern_entity": {
                "entity_type": "*",
                "entity_new value": "*",
                "entity_role": "Statement",
                "entity_parent": "null"
              },
              "concrete_change": {
                "operator": "DEL",
                "src_type": "Assignment",
                "dst_type": "null",
                "src": "outputTypeInformation \u003d selector.getTypeVariable(outputTypeInformation.toString())",
                "dst": "null",
                "src_parent_type": "Block",
                "dst_parent_type": "null",
                "src_parent": "{\n    outputTypeInformation \u003d selector.getTypeVariable(outputTypeInformation.toString());\n}",
                "dst_parent": "null"
              },
              "line": 50,
              "file": "/home/khesoem/projects/lighter/exp/src/main/java/com/lambdaworks/redis/dynamic/output/CommandOutputResolverSupport.java"
            }
          ]
        },
        {
          "tool-name": "JKali",
          "pattern-name": "JKali:del",
          "Unified_Diff_of-files:": "Starts Below...",
          "INSERT:": "    Map\u0026lt;TypeVariable\u0026lt;?\u0026gt;, Type\u0026gt; getTypeVariableMap();",
          "instance_detail": [
            {
              "pattern_action": "DEL",
              "pattern_entity": {
                "entity_type": "*",
                "entity_new value": "*",
                "entity_role": "Statement",
                "entity_parent": "null"
              },
              "concrete_change": {
                "operator": "DEL",
                "src_type": "If",
                "dst_type": "null",
                "src": "if (selector.containsTypeVariable(outputTypeInformation.toString())) {\n    outputTypeInformation \u003d selector.getTypeVariable(outputTypeInformation.toString());\n}",
                "dst": "null",
                "src_parent_type": "Block",
                "dst_parent_type": "null",
                "src_parent": "{\n    if (selector.containsTypeVariable(outputTypeInformation.toString())) {\n        outputTypeInformation \u003d selector.getTypeVariable(outputTypeInformation.toString());\n    }\n}",
                "dst_parent": "null"
              },
              "line": 49,
              "file": "/home/khesoem/projects/lighter/exp/src/main/java/com/lambdaworks/redis/dynamic/output/CommandOutputResolverSupport.java"
            }
          ]
        },
        {
          "tool-name": "JKali",
          "pattern-name": "JKali:del",
          "Unified_Diff_of-files:": "Starts Below...",
          "INSERT:": "    Map\u0026lt;TypeVariable\u0026lt;?\u0026gt;, Type\u0026gt; getTypeVariableMap();",
          "instance_detail": [
            {
              "pattern_action": "DEL",
              "pattern_entity": {
                "entity_type": "*",
                "entity_new value": "*",
                "entity_role": "Statement",
                "entity_parent": "null"
              },
              "concrete_change": {
                "operator": "DEL",
                "src_type": "If",
                "dst_type": "null",
                "src": "if (outputTypeInformation instanceof com.lambdaworks.redis.dynamic.support.TypeVariableTypeInformation) {\n    if (selector.containsTypeVariable(outputTypeInformation.toString())) {\n        outputTypeInformation \u003d selector.getTypeVariable(outputTypeInformation.toString());\n    }\n}",
                "dst": "null",
                "src_parent_type": "Block",
                "dst_parent_type": "null",
                "src_parent": "{\n    if (outputTypeInformation instanceof com.lambdaworks.redis.dynamic.support.TypeVariableTypeInformation) {\n        if (selector.containsTypeVariable(outputTypeInformation.toString())) {\n            outputTypeInformation \u003d selector.getTypeVariable(outputTypeInformation.toString());\n        }\n    }\n    if (((outputTypeInformation.getType()) \u003d\u003d (java.lang.Object.class)) \u0026\u0026 ((selectorTypeInformation.getComponentType()) !\u003d null)) {\n        if ((provider.getPrimaryType()) \u003d\u003d (OutputRegistry.KeySurrogate.class)) {\n            return selector.isKey();\n        }\n        if ((provider.getPrimaryType()) \u003d\u003d (OutputRegistry.ValueSurrogate.class)) {\n            return selector.isValue();\n        }\n    }\n    if (!(isAssignableFrom(selectorTypeInformation, outputTypeInformation))) {\n        return false;\n    }\n    outputTypeInformation \u003d outputTypeInformation.getComponentType();\n    selectorTypeInformation \u003d selectorTypeInformation.getComponentType();\n}",
                "dst_parent": "null"
              },
              "line": 48,
              "file": "/home/khesoem/projects/lighter/exp/src/main/java/com/lambdaworks/redis/dynamic/output/CommandOutputResolverSupport.java"
            }
          ]
        },
        {
          "tool-name": "JKali",
          "pattern-name": "JKali:del",
          "Unified_Diff_of-files:": "Starts Below...",
          "INSERT:": "    Map\u0026lt;TypeVariable\u0026lt;?\u0026gt;, Type\u0026gt; getTypeVariableMap();",
          "instance_detail": [
            {
              "pattern_action": "DEL",
              "pattern_entity": {
                "entity_type": "*",
                "entity_new value": "*",
                "entity_role": "Statement",
                "entity_parent": "null"
              },
              "concrete_change": {
                "operator": "DEL",
                "src_type": "Return",
                "dst_type": "null",
                "src": "return selector.isKey()",
                "dst": "null",
                "src_parent_type": "Block",
                "dst_parent_type": "null",
                "src_parent": "{\n    return selector.isKey();\n}",
                "dst_parent": "null"
              },
              "line": 57,
              "file": "/home/khesoem/projects/lighter/exp/src/main/java/com/lambdaworks/redis/dynamic/output/CommandOutputResolverSupport.java"
            }
          ]
        },
        {
          "tool-name": "JKali",
          "pattern-name": "JKali:del",
          "Unified_Diff_of-files:": "Starts Below...",
          "INSERT:": "    Map\u0026lt;TypeVariable\u0026lt;?\u0026gt;, Type\u0026gt; getTypeVariableMap();",
          "instance_detail": [
            {
              "pattern_action": "DEL",
              "pattern_entity": {
                "entity_type": "*",
                "entity_new value": "*",
                "entity_role": "Statement",
                "entity_parent": "null"
              },
              "concrete_change": {
                "operator": "DEL",
                "src_type": "If",
                "dst_type": "null",
                "src": "if ((provider.getPrimaryType()) \u003d\u003d (OutputRegistry.KeySurrogate.class)) {\n    return selector.isKey();\n}",
                "dst": "null",
                "src_parent_type": "Block",
                "dst_parent_type": "null",
                "src_parent": "{\n    if ((provider.getPrimaryType()) \u003d\u003d (OutputRegistry.KeySurrogate.class)) {\n        return selector.isKey();\n    }\n    if ((provider.getPrimaryType()) \u003d\u003d (OutputRegistry.ValueSurrogate.class)) {\n        return selector.isValue();\n    }\n}",
                "dst_parent": "null"
              },
              "line": 56,
              "file": "/home/khesoem/projects/lighter/exp/src/main/java/com/lambdaworks/redis/dynamic/output/CommandOutputResolverSupport.java"
            }
          ]
        },
        {
          "tool-name": "JKali",
          "pattern-name": "JKali:del",
          "Unified_Diff_of-files:": "Starts Below...",
          "INSERT:": "    Map\u0026lt;TypeVariable\u0026lt;?\u0026gt;, Type\u0026gt; getTypeVariableMap();",
          "instance_detail": [
            {
              "pattern_action": "DEL",
              "pattern_entity": {
                "entity_type": "*",
                "entity_new value": "*",
                "entity_role": "Statement",
                "entity_parent": "null"
              },
              "concrete_change": {
                "operator": "DEL",
                "src_type": "Return",
                "dst_type": "null",
                "src": "return selector.isValue()",
                "dst": "null",
                "src_parent_type": "Block",
                "dst_parent_type": "null",
                "src_parent": "{\n    return selector.isValue();\n}",
                "dst_parent": "null"
              },
              "line": 61,
              "file": "/home/khesoem/projects/lighter/exp/src/main/java/com/lambdaworks/redis/dynamic/output/CommandOutputResolverSupport.java"
            }
          ]
        },
        {
          "tool-name": "JKali",
          "pattern-name": "JKali:del",
          "Unified_Diff_of-files:": "Starts Below...",
          "INSERT:": "    Map\u0026lt;TypeVariable\u0026lt;?\u0026gt;, Type\u0026gt; getTypeVariableMap();",
          "instance_detail": [
            {
              "pattern_action": "DEL",
              "pattern_entity": {
                "entity_type": "*",
                "entity_new value": "*",
                "entity_role": "Statement",
                "entity_parent": "null"
              },
              "concrete_change": {
                "operator": "DEL",
                "src_type": "If",
                "dst_type": "null",
                "src": "if ((provider.getPrimaryType()) \u003d\u003d (OutputRegistry.ValueSurrogate.class)) {\n    return selector.isValue();\n}",
                "dst": "null",
                "src_parent_type": "Block",
                "dst_parent_type": "null",
                "src_parent": "{\n    if ((provider.getPrimaryType()) \u003d\u003d (OutputRegistry.KeySurrogate.class)) {\n        return selector.isKey();\n    }\n    if ((provider.getPrimaryType()) \u003d\u003d (OutputRegistry.ValueSurrogate.class)) {\n        return selector.isValue();\n    }\n}",
                "dst_parent": "null"
              },
              "line": 60,
              "file": "/home/khesoem/projects/lighter/exp/src/main/java/com/lambdaworks/redis/dynamic/output/CommandOutputResolverSupport.java"
            }
          ]
        },
        {
          "tool-name": "JKali",
          "pattern-name": "JKali:del",
          "Unified_Diff_of-files:": "Starts Below...",
          "INSERT:": "    Map\u0026lt;TypeVariable\u0026lt;?\u0026gt;, Type\u0026gt; getTypeVariableMap();",
          "instance_detail": [
            {
              "pattern_action": "DEL",
              "pattern_entity": {
                "entity_type": "*",
                "entity_new value": "*",
                "entity_role": "Statement",
                "entity_parent": "null"
              },
              "concrete_change": {
                "operator": "DEL",
                "src_type": "If",
                "dst_type": "null",
                "src": "if (((outputTypeInformation.getType()) \u003d\u003d (java.lang.Object.class)) \u0026\u0026 ((selectorTypeInformation.getComponentType()) !\u003d null)) {\n    if ((provider.getPrimaryType()) \u003d\u003d (OutputRegistry.KeySurrogate.class)) {\n        return selector.isKey();\n    }\n    if ((provider.getPrimaryType()) \u003d\u003d (OutputRegistry.ValueSurrogate.class)) {\n        return selector.isValue();\n    }\n}",
                "dst": "null",
                "src_parent_type": "Block",
                "dst_parent_type": "null",
                "src_parent": "{\n    if (outputTypeInformation instanceof com.lambdaworks.redis.dynamic.support.TypeVariableTypeInformation) {\n        if (selector.containsTypeVariable(outputTypeInformation.toString())) {\n            outputTypeInformation \u003d selector.getTypeVariable(outputTypeInformation.toString());\n        }\n    }\n    if (((outputTypeInformation.getType()) \u003d\u003d (java.lang.Object.class)) \u0026\u0026 ((selectorTypeInformation.getComponentType()) !\u003d null)) {\n        if ((provider.getPrimaryType()) \u003d\u003d (OutputRegistry.KeySurrogate.class)) {\n            return selector.isKey();\n        }\n        if ((provider.getPrimaryType()) \u003d\u003d (OutputRegistry.ValueSurrogate.class)) {\n            return selector.isValue();\n        }\n    }\n    if (!(isAssignableFrom(selectorTypeInformation, outputTypeInformation))) {\n        return false;\n    }\n    outputTypeInformation \u003d outputTypeInformation.getComponentType();\n    selectorTypeInformation \u003d selectorTypeInformation.getComponentType();\n}",
                "dst_parent": "null"
              },
              "line": 54,
              "file": "/home/khesoem/projects/lighter/exp/src/main/java/com/lambdaworks/redis/dynamic/output/CommandOutputResolverSupport.java"
            }
          ]
        },
        {
          "tool-name": "JKali",
          "pattern-name": "JKali:del",
          "Unified_Diff_of-files:": "Starts Below...",
          "INSERT:": "    Map\u0026lt;TypeVariable\u0026lt;?\u0026gt;, Type\u0026gt; getTypeVariableMap();",
          "instance_detail": [
            {
              "pattern_action": "DEL",
              "pattern_entity": {
                "entity_type": "*",
                "entity_new value": "*",
                "entity_role": "Statement",
                "entity_parent": "null"
              },
              "concrete_change": {
                "operator": "DEL",
                "src_type": "Return",
                "dst_type": "null",
                "src": "return false",
                "dst": "null",
                "src_parent_type": "Block",
                "dst_parent_type": "null",
                "src_parent": "{\n    return false;\n}",
                "dst_parent": "null"
              },
              "line": 66,
              "file": "/home/khesoem/projects/lighter/exp/src/main/java/com/lambdaworks/redis/dynamic/output/CommandOutputResolverSupport.java"
            }
          ]
        },
        {
          "tool-name": "JKali",
          "pattern-name": "JKali:del",
          "Unified_Diff_of-files:": "Starts Below...",
          "INSERT:": "    Map\u0026lt;TypeVariable\u0026lt;?\u0026gt;, Type\u0026gt; getTypeVariableMap();",
          "instance_detail": [
            {
              "pattern_action": "DEL",
              "pattern_entity": {
                "entity_type": "*",
                "entity_new value": "*",
                "entity_role": "Statement",
                "entity_parent": "null"
              },
              "concrete_change": {
                "operator": "DEL",
                "src_type": "If",
                "dst_type": "null",
                "src": "if (!(isAssignableFrom(selectorTypeInformation, outputTypeInformation))) {\n    return false;\n}",
                "dst": "null",
                "src_parent_type": "Block",
                "dst_parent_type": "null",
                "src_parent": "{\n    if (outputTypeInformation instanceof com.lambdaworks.redis.dynamic.support.TypeVariableTypeInformation) {\n        if (selector.containsTypeVariable(outputTypeInformation.toString())) {\n            outputTypeInformation \u003d selector.getTypeVariable(outputTypeInformation.toString());\n        }\n    }\n    if (((outputTypeInformation.getType()) \u003d\u003d (java.lang.Object.class)) \u0026\u0026 ((selectorTypeInformation.getComponentType()) !\u003d null)) {\n        if ((provider.getPrimaryType()) \u003d\u003d (OutputRegistry.KeySurrogate.class)) {\n            return selector.isKey();\n        }\n        if ((provider.getPrimaryType()) \u003d\u003d (OutputRegistry.ValueSurrogate.class)) {\n            return selector.isValue();\n        }\n    }\n    if (!(isAssignableFrom(selectorTypeInformation, outputTypeInformation))) {\n        return false;\n    }\n    outputTypeInformation \u003d outputTypeInformation.getComponentType();\n    selectorTypeInformation \u003d selectorTypeInformation.getComponentType();\n}",
                "dst_parent": "null"
              },
              "line": 65,
              "file": "/home/khesoem/projects/lighter/exp/src/main/java/com/lambdaworks/redis/dynamic/output/CommandOutputResolverSupport.java"
            }
          ]
        },
        {
          "tool-name": "JKali",
          "pattern-name": "JKali:del",
          "Unified_Diff_of-files:": "Starts Below...",
          "INSERT:": "    Map\u0026lt;TypeVariable\u0026lt;?\u0026gt;, Type\u0026gt; getTypeVariableMap();",
          "instance_detail": [
            {
              "pattern_action": "DEL",
              "pattern_entity": {
                "entity_type": "*",
                "entity_new value": "*",
                "entity_role": "Statement",
                "entity_parent": "null"
              },
              "concrete_change": {
                "operator": "DEL",
                "src_type": "Assignment",
                "dst_type": "null",
                "src": "outputTypeInformation \u003d outputTypeInformation.getComponentType()",
                "dst": "null",
                "src_parent_type": "Block",
                "dst_parent_type": "null",
                "src_parent": "{\n    if (outputTypeInformation instanceof com.lambdaworks.redis.dynamic.support.TypeVariableTypeInformation) {\n        if (selector.containsTypeVariable(outputTypeInformation.toString())) {\n            outputTypeInformation \u003d selector.getTypeVariable(outputTypeInformation.toString());\n        }\n    }\n    if (((outputTypeInformation.getType()) \u003d\u003d (java.lang.Object.class)) \u0026\u0026 ((selectorTypeInformation.getComponentType()) !\u003d null)) {\n        if ((provider.getPrimaryType()) \u003d\u003d (OutputRegistry.KeySurrogate.class)) {\n            return selector.isKey();\n        }\n        if ((provider.getPrimaryType()) \u003d\u003d (OutputRegistry.ValueSurrogate.class)) {\n            return selector.isValue();\n        }\n    }\n    if (!(isAssignableFrom(selectorTypeInformation, outputTypeInformation))) {\n        return false;\n    }\n    outputTypeInformation \u003d outputTypeInformation.getComponentType();\n    selectorTypeInformation \u003d selectorTypeInformation.getComponentType();\n}",
                "dst_parent": "null"
              },
              "line": 69,
              "file": "/home/khesoem/projects/lighter/exp/src/main/java/com/lambdaworks/redis/dynamic/output/CommandOutputResolverSupport.java"
            }
          ]
        },
        {
          "tool-name": "JKali",
          "pattern-name": "JKali:del",
          "Unified_Diff_of-files:": "Starts Below...",
          "INSERT:": "    Map\u0026lt;TypeVariable\u0026lt;?\u0026gt;, Type\u0026gt; getTypeVariableMap();",
          "instance_detail": [
            {
              "pattern_action": "DEL",
              "pattern_entity": {
                "entity_type": "*",
                "entity_new value": "*",
                "entity_role": "Statement",
                "entity_parent": "null"
              },
              "concrete_change": {
                "operator": "DEL",
                "src_type": "Assignment",
                "dst_type": "null",
                "src": "selectorTypeInformation \u003d selectorTypeInformation.getComponentType()",
                "dst": "null",
                "src_parent_type": "Block",
                "dst_parent_type": "null",
                "src_parent": "{\n    if (outputTypeInformation instanceof com.lambdaworks.redis.dynamic.support.TypeVariableTypeInformation) {\n        if (selector.containsTypeVariable(outputTypeInformation.toString())) {\n            outputTypeInformation \u003d selector.getTypeVariable(outputTypeInformation.toString());\n        }\n    }\n    if (((outputTypeInformation.getType()) \u003d\u003d (java.lang.Object.class)) \u0026\u0026 ((selectorTypeInformation.getComponentType()) !\u003d null)) {\n        if ((provider.getPrimaryType()) \u003d\u003d (OutputRegistry.KeySurrogate.class)) {\n            return selector.isKey();\n        }\n        if ((provider.getPrimaryType()) \u003d\u003d (OutputRegistry.ValueSurrogate.class)) {\n            return selector.isValue();\n        }\n    }\n    if (!(isAssignableFrom(selectorTypeInformation, outputTypeInformation))) {\n        return false;\n    }\n    outputTypeInformation \u003d outputTypeInformation.getComponentType();\n    selectorTypeInformation \u003d selectorTypeInformation.getComponentType();\n}",
                "dst_parent": "null"
              },
              "line": 70,
              "file": "/home/khesoem/projects/lighter/exp/src/main/java/com/lambdaworks/redis/dynamic/output/CommandOutputResolverSupport.java"
            }
          ]
        },
        {
          "tool-name": "JKali",
          "pattern-name": "JKali:del",
          "Unified_Diff_of-files:": "Starts Below...",
          "INSERT:": "    Map\u0026lt;TypeVariable\u0026lt;?\u0026gt;, Type\u0026gt; getTypeVariableMap();",
          "instance_detail": [
            {
              "pattern_action": "DEL",
              "pattern_entity": {
                "entity_type": "*",
                "entity_new value": "*",
                "entity_role": "Statement",
                "entity_parent": "null"
              },
              "concrete_change": {
                "operator": "DEL",
                "src_type": "Do",
                "dst_type": "null",
                "src": "do {\n    if (outputTypeInformation instanceof com.lambdaworks.redis.dynamic.support.TypeVariableTypeInformation) {\n        if (selector.containsTypeVariable(outputTypeInformation.toString())) {\n            outputTypeInformation \u003d selector.getTypeVariable(outputTypeInformation.toString());\n        }\n    }\n    if (((outputTypeInformation.getType()) \u003d\u003d (java.lang.Object.class)) \u0026\u0026 ((selectorTypeInformation.getComponentType()) !\u003d null)) {\n        if ((provider.getPrimaryType()) \u003d\u003d (OutputRegistry.KeySurrogate.class)) {\n            return selector.isKey();\n        }\n        if ((provider.getPrimaryType()) \u003d\u003d (OutputRegistry.ValueSurrogate.class)) {\n            return selector.isValue();\n        }\n    }\n    if (!(isAssignableFrom(selectorTypeInformation, outputTypeInformation))) {\n        return false;\n    }\n    outputTypeInformation \u003d outputTypeInformation.getComponentType();\n    selectorTypeInformation \u003d selectorTypeInformation.getComponentType();\n} while ((((outputTypeInformation !\u003d null) \u0026\u0026 ((outputTypeInformation.getComponentType()) !\u003d outputTypeInformation)) \u0026\u0026 (selectorTypeInformation !\u003d null)) \u0026\u0026 ((selectorTypeInformation.getComponentType()) !\u003d selectorTypeInformation) )",
                "dst": "null",
                "src_parent_type": "Block",
                "dst_parent_type": "null",
                "src_parent": "{\n    com.lambdaworks.redis.dynamic.support.TypeInformation\u003c?\u003e outputTypeInformation \u003d provider.getTypeInformation();\n    com.lambdaworks.redis.dynamic.support.TypeInformation\u003c?\u003e selectorTypeInformation \u003d selector.getTypeInformation();\n    do {\n        if (outputTypeInformation instanceof com.lambdaworks.redis.dynamic.support.TypeVariableTypeInformation) {\n            if (selector.containsTypeVariable(outputTypeInformation.toString())) {\n                outputTypeInformation \u003d selector.getTypeVariable(outputTypeInformation.toString());\n            }\n        }\n        if (((outputTypeInformation.getType()) \u003d\u003d (java.lang.Object.class)) \u0026\u0026 ((selectorTypeInformation.getComponentType()) !\u003d null)) {\n            if ((provider.getPrimaryType()) \u003d\u003d (OutputRegistry.KeySurrogate.class)) {\n                return selector.isKey();\n            }\n            if ((provider.getPrimaryType()) \u003d\u003d (OutputRegistry.ValueSurrogate.class)) {\n                return selector.isValue();\n            }\n        }\n        if (!(isAssignableFrom(selectorTypeInformation, outputTypeInformation))) {\n            return false;\n        }\n        outputTypeInformation \u003d outputTypeInformation.getComponentType();\n        selectorTypeInformation \u003d selectorTypeInformation.getComponentType();\n    } while ((((outputTypeInformation !\u003d null) \u0026\u0026 ((outputTypeInformation.getComponentType()) !\u003d outputTypeInformation)) \u0026\u0026 (selectorTypeInformation !\u003d null)) \u0026\u0026 ((selectorTypeInformation.getComponentType()) !\u003d selectorTypeInformation) );\n    return true;\n}",
                "dst_parent": "null"
              },
              "line": 46,
              "file": "/home/khesoem/projects/lighter/exp/src/main/java/com/lambdaworks/redis/dynamic/output/CommandOutputResolverSupport.java",
              "stats": {
                "number_of_src_entities": 320,
                "number_of_dst_entities": -1,
                "src_entity_types": "[com.lambdaworks.redis.dynamic.output.OutputSelector, boolean, com.lambdaworks.redis.dynamic.support.TypeVariableTypeInformation, , OutputRegistry.ValueSurrogate, com.lambdaworks.redis.dynamic.output.OutputType, com.lambdaworks.redis.dynamic.output.CommandOutputResolverSupport, OutputRegistry.KeySurrogate, \u003cnulltype\u003e, com.lambdaworks.redis.dynamic.support.TypeInformation\u003c?\u003e]",
                "dst_entity_types": "[]"
              }
            }
          ]
        },
        {
          "tool-name": "JKali",
          "pattern-name": "JKali:del",
          "Unified_Diff_of-files:": "Starts Below...",
          "INSERT:": "    Map\u0026lt;TypeVariable\u0026lt;?\u0026gt;, Type\u0026gt; getTypeVariableMap();",
          "instance_detail": [
            {
              "pattern_action": "DEL",
              "pattern_entity": {
                "entity_type": "*",
                "entity_new value": "*",
                "entity_role": "Statement",
                "entity_parent": "null"
              },
              "concrete_change": {
                "operator": "DEL",
                "src_type": "Return",
                "dst_type": "null",
                "src": "return true",
                "dst": "null",
                "src_parent_type": "Block",
                "dst_parent_type": "null",
                "src_parent": "{\n    com.lambdaworks.redis.dynamic.support.TypeInformation\u003c?\u003e outputTypeInformation \u003d provider.getTypeInformation();\n    com.lambdaworks.redis.dynamic.support.TypeInformation\u003c?\u003e selectorTypeInformation \u003d selector.getTypeInformation();\n    do {\n        if (outputTypeInformation instanceof com.lambdaworks.redis.dynamic.support.TypeVariableTypeInformation) {\n            if (selector.containsTypeVariable(outputTypeInformation.toString())) {\n                outputTypeInformation \u003d selector.getTypeVariable(outputTypeInformation.toString());\n            }\n        }\n        if (((outputTypeInformation.getType()) \u003d\u003d (java.lang.Object.class)) \u0026\u0026 ((selectorTypeInformation.getComponentType()) !\u003d null)) {\n            if ((provider.getPrimaryType()) \u003d\u003d (OutputRegistry.KeySurrogate.class)) {\n                return selector.isKey();\n            }\n            if ((provider.getPrimaryType()) \u003d\u003d (OutputRegistry.ValueSurrogate.class)) {\n                return selector.isValue();\n            }\n        }\n        if (!(isAssignableFrom(selectorTypeInformation, outputTypeInformation))) {\n            return false;\n        }\n        outputTypeInformation \u003d outputTypeInformation.getComponentType();\n        selectorTypeInformation \u003d selectorTypeInformation.getComponentType();\n    } while ((((outputTypeInformation !\u003d null) \u0026\u0026 ((outputTypeInformation.getComponentType()) !\u003d outputTypeInformation)) \u0026\u0026 (selectorTypeInformation !\u003d null)) \u0026\u0026 ((selectorTypeInformation.getComponentType()) !\u003d selectorTypeInformation) );\n    return true;\n}",
                "dst_parent": "null"
              },
              "line": 74,
              "file": "/home/khesoem/projects/lighter/exp/src/main/java/com/lambdaworks/redis/dynamic/output/CommandOutputResolverSupport.java",
              "stats": {
                "number_of_src_entities": 3,
                "number_of_dst_entities": -1,
                "src_entity_types": "[boolean]",
                "dst_entity_types": "[]"
              }
            }
          ]
        },
        {
          "tool-name": "JKali",
          "pattern-name": "JKali:del",
          "Unified_Diff_of-files:": "Starts Below...",
          "INSERT:": "    Map\u0026lt;TypeVariable\u0026lt;?\u0026gt;, Type\u0026gt; getTypeVariableMap();",
          "instance_detail": [
            {
              "pattern_action": "DEL",
              "pattern_entity": {
                "entity_type": "*",
                "entity_new value": "*",
                "entity_role": "Statement",
                "entity_parent": "null"
              },
              "concrete_change": {
                "operator": "DEL",
                "src_type": "Return",
                "dst_type": "null",
                "src": "return (selector.isAssignableFrom(provider)) || (com.lambdaworks.redis.internal.LettuceClassUtils.isAssignable(selector.getType(), provider.getType()))",
                "dst": "null",
                "src_parent_type": "Block",
                "dst_parent_type": "null",
                "src_parent": "{\n    return (selector.isAssignableFrom(provider)) || (com.lambdaworks.redis.internal.LettuceClassUtils.isAssignable(selector.getType(), provider.getType()));\n}",
                "dst_parent": "null"
              },
              "line": 86,
              "file": "/home/khesoem/projects/lighter/exp/src/main/java/com/lambdaworks/redis/dynamic/output/CommandOutputResolverSupport.java"
            }
          ]
        },
        {
          "tool-name": "JKali",
          "pattern-name": "JKali:add_rtrn",
          "Unified_Diff_of-files:": "Starts Below...",
          "INSERT:": "    Map\u0026lt;TypeVariable\u0026lt;?\u0026gt;, Type\u0026gt; getTypeVariableMap();",
          "instance_detail": [
            {
              "pattern_action": "INS",
              "pattern_entity": {
                "entity_type": "Return",
                "entity_new value": "*",
                "entity_role": "Statement",
                "entity_parent": "null"
              },
              "concrete_change": {
                "operator": "INS",
                "src_type": "Return",
                "dst_type": "null",
                "src": "return selectorType.isAssignableFrom(resolvableType)",
                "dst": "null",
                "src_parent_type": "Block",
                "dst_parent_type": "null",
                "src_parent": "{\n    com.lambdaworks.redis.dynamic.support.ResolvableType selectorType \u003d selector.getOutputType();\n    com.lambdaworks.redis.dynamic.support.ResolvableType resolvableType \u003d provider.withCodec(selector.getRedisCodec());\n    return selectorType.isAssignableFrom(resolvableType);\n}",
                "dst_parent": "null"
              },
              "line": 44,
              "file": "/home/khesoem/projects/lighter/exp/src/main/java/com/lambdaworks/redis/dynamic/output/CommandOutputResolverSupport.java",
              "stats": {
                "number_of_src_entities": 16,
                "number_of_dst_entities": -1,
                "src_entity_types": "[com.lambdaworks.redis.dynamic.support.ResolvableType]",
                "dst_entity_types": "[]"
              }
            }
          ]
        }
      ]
    },
    {
      "revision": "7f80a1d80046a9a8a30f3f1172a548a18e295227",
      "repairability": [
        {
          "tool-name": "JKali",
          "pattern-name": "JKali:del",
          "Unified_Diff_of-files:": "Starts Below...",
          "INSERT:": "    Map\u0026lt;TypeVariable\u0026lt;?\u0026gt;, Type\u0026gt; getTypeVariableMap();",
          "instance_detail": [
            {
              "pattern_action": "DEL",
              "pattern_entity": {
                "entity_type": "*",
                "entity_new value": "*",
                "entity_role": "Statement",
                "entity_parent": "null"
              },
              "concrete_change": {
                "operator": "DEL",
                "src_type": "Invocation",
                "dst_type": "null",
                "src": "this(typeInformation, false, false, java.util.Collections.emptyMap())",
                "dst": "null",
                "src_parent_type": "Block",
                "dst_parent_type": "null",
                "src_parent": "{\n    this(typeInformation, false, false, java.util.Collections.emptyMap());\n}",
                "dst_parent": "null"
              },
              "line": 48,
              "file": "/home/khesoem/projects/lighter/exp/src/main/java/com/lambdaworks/redis/dynamic/output/OutputSelector.java"
            }
          ]
        },
        {
          "tool-name": "JKali",
          "pattern-name": "JKali:del",
          "Unified_Diff_of-files:": "Starts Below...",
          "INSERT:": "    Map\u0026lt;TypeVariable\u0026lt;?\u0026gt;, Type\u0026gt; getTypeVariableMap();",
          "instance_detail": [
            {
              "pattern_action": "DEL",
              "pattern_entity": {
                "entity_type": "*",
                "entity_new value": "*",
                "entity_role": "Statement",
                "entity_parent": "null"
              },
              "concrete_change": {
                "operator": "DEL",
                "src_type": "Assignment",
                "dst_type": "null",
                "src": "this.value \u003d value",
                "dst": "null",
                "src_parent_type": "Block",
                "dst_parent_type": "null",
                "src_parent": "{\n    com.lambdaworks.redis.internal.LettuceAssert.notNull(typeInformation, \"Result TypeInformation must not be null\");\n    com.lambdaworks.redis.internal.LettuceAssert.notNull(typeVariables, \"Map of type variables must not be null\");\n    this.typeInformation \u003d typeInformation;\n    this.key \u003d key;\n    this.value \u003d value;\n    this.typeVariables \u003d java.util.Collections.unmodifiableMap(new java.util.HashMap(typeVariables));\n}",
                "dst_parent": "null"
              },
              "line": 67,
              "file": "/home/khesoem/projects/lighter/exp/src/main/java/com/lambdaworks/redis/dynamic/output/OutputSelector.java",
              "stats": {
                "number_of_src_entities": 16,
                "number_of_dst_entities": -1,
                "src_entity_types": "[boolean, com.lambdaworks.redis.dynamic.output.OutputSelector]",
                "dst_entity_types": "[]"
              }
            }
          ]
        },
        {
          "tool-name": "JKali",
          "pattern-name": "JKali:del",
          "Unified_Diff_of-files:": "Starts Below...",
          "INSERT:": "    Map\u0026lt;TypeVariable\u0026lt;?\u0026gt;, Type\u0026gt; getTypeVariableMap();",
          "instance_detail": [
            {
              "pattern_action": "DEL",
              "pattern_entity": {
                "entity_type": "*",
                "entity_new value": "*",
                "entity_role": "Statement",
                "entity_parent": "null"
              },
              "concrete_change": {
                "operator": "DEL",
                "src_type": "Assignment",
                "dst_type": "null",
                "src": "this.typeVariables \u003d java.util.Collections.unmodifiableMap(new java.util.HashMap(typeVariables))",
                "dst": "null",
                "src_parent_type": "Block",
                "dst_parent_type": "null",
                "src_parent": "{\n    com.lambdaworks.redis.internal.LettuceAssert.notNull(typeInformation, \"Result TypeInformation must not be null\");\n    com.lambdaworks.redis.internal.LettuceAssert.notNull(typeVariables, \"Map of type variables must not be null\");\n    this.typeInformation \u003d typeInformation;\n    this.key \u003d key;\n    this.value \u003d value;\n    this.typeVariables \u003d java.util.Collections.unmodifiableMap(new java.util.HashMap(typeVariables));\n}",
                "dst_parent": "null"
              },
              "line": 68,
              "file": "/home/khesoem/projects/lighter/exp/src/main/java/com/lambdaworks/redis/dynamic/output/OutputSelector.java",
              "stats": {
                "number_of_src_entities": 56,
                "number_of_dst_entities": -1,
                "src_entity_types": "[com.lambdaworks.redis.dynamic.output.HashMap\u003c\u003e, com.lambdaworks.redis.dynamic.output.OutputSelector, , java.lang.String, java.util.Map\u003cjava.lang.String, com.lambdaworks.redis.dynamic.support.TypeInformation\u003c?\u003e\u003e, java.util.Collections, com.lambdaworks.redis.dynamic.support.TypeInformation\u003c?\u003e]",
                "dst_entity_types": "[]"
              }
            }
          ]
        },
        {
          "tool-name": "JKali",
          "pattern-name": "JKali:del",
          "Unified_Diff_of-files:": "Starts Below...",
          "INSERT:": "    Map\u0026lt;TypeVariable\u0026lt;?\u0026gt;, Type\u0026gt; getTypeVariableMap();",
          "instance_detail": [
            {
              "pattern_action": "DEL",
              "pattern_entity": {
                "entity_type": "*",
                "entity_new value": "*",
                "entity_role": "Statement",
                "entity_parent": "null"
              },
              "concrete_change": {
                "operator": "DEL",
                "src_type": "Return",
                "dst_type": "null",
                "src": "return typeVariables.containsKey(typeVariableName)",
                "dst": "null",
                "src_parent_type": "Block",
                "dst_parent_type": "null",
                "src_parent": "{\n    return typeVariables.containsKey(typeVariableName);\n}",
                "dst_parent": "null"
              },
              "line": 76,
              "file": "/home/khesoem/projects/lighter/exp/src/main/java/com/lambdaworks/redis/dynamic/output/OutputSelector.java"
            }
          ]
        },
        {
          "tool-name": "JKali",
          "pattern-name": "JKali:del",
          "Unified_Diff_of-files:": "Starts Below...",
          "INSERT:": "    Map\u0026lt;TypeVariable\u0026lt;?\u0026gt;, Type\u0026gt; getTypeVariableMap();",
          "instance_detail": [
            {
              "pattern_action": "DEL",
              "pattern_entity": {
                "entity_type": "*",
                "entity_new value": "*",
                "entity_role": "Statement",
                "entity_parent": "null"
              },
              "concrete_change": {
                "operator": "DEL",
                "src_type": "Return",
                "dst_type": "null",
                "src": "return java.util.Collections.unmodifiableMap(typeVariables)",
                "dst": "null",
                "src_parent_type": "Block",
                "dst_parent_type": "null",
                "src_parent": "{\n    return java.util.Collections.unmodifiableMap(typeVariables);\n}",
                "dst_parent": "null"
              },
              "line": 98,
              "file": "/home/khesoem/projects/lighter/exp/src/main/java/com/lambdaworks/redis/dynamic/output/OutputSelector.java"
            }
          ]
        },
        {
          "tool-name": "JKali",
          "pattern-name": "JKali:del",
          "Unified_Diff_of-files:": "Starts Below...",
          "INSERT:": "    Map\u0026lt;TypeVariable\u0026lt;?\u0026gt;, Type\u0026gt; getTypeVariableMap();",
          "instance_detail": [
            {
              "pattern_action": "DEL",
              "pattern_entity": {
                "entity_type": "*",
                "entity_new value": "*",
                "entity_role": "Statement",
                "entity_parent": "null"
              },
              "concrete_change": {
                "operator": "DEL",
                "src_type": "Return",
                "dst_type": "null",
                "src": "return key",
                "dst": "null",
                "src_parent_type": "Block",
                "dst_parent_type": "null",
                "src_parent": "{\n    return key;\n}",
                "dst_parent": "null"
              },
              "line": 105,
              "file": "/home/khesoem/projects/lighter/exp/src/main/java/com/lambdaworks/redis/dynamic/output/OutputSelector.java"
            }
          ]
        },
        {
          "tool-name": "JKali",
          "pattern-name": "JKali:del",
          "Unified_Diff_of-files:": "Starts Below...",
          "INSERT:": "    Map\u0026lt;TypeVariable\u0026lt;?\u0026gt;, Type\u0026gt; getTypeVariableMap();",
          "instance_detail": [
            {
              "pattern_action": "DEL",
              "pattern_entity": {
                "entity_type": "*",
                "entity_new value": "*",
                "entity_role": "Statement",
                "entity_parent": "null"
              },
              "concrete_change": {
                "operator": "DEL",
                "src_type": "Return",
                "dst_type": "null",
                "src": "return value",
                "dst": "null",
                "src_parent_type": "Block",
                "dst_parent_type": "null",
                "src_parent": "{\n    return value;\n}",
                "dst_parent": "null"
              },
              "line": 112,
              "file": "/home/khesoem/projects/lighter/exp/src/main/java/com/lambdaworks/redis/dynamic/output/OutputSelector.java"
            }
          ]
        }
      ]
    }
  ],
  "complete_analysis": true
}