{
  "instances": [
    {
      "revision": "3a3fd7eee5e58042b34bfa38d9ddad24a910bc5f",
      "repairability": [
        {
          "tool-name": "JKali",
          "pattern-name": "JKali:del",
          "Unified_Diff_of-files:": "Starts Below...",
          "INSERT:": "    /**",
          "DELETE:": "    List\u0026lt;Double\u0026gt; zmscore(K key, V... members);",
          "instance_detail": [
            {
              "pattern_action": "DEL",
              "pattern_entity": {
                "entity_type": "*",
                "entity_new value": "*",
                "entity_role": "Statement",
                "entity_parent": "null"
              },
              "concrete_change": {
                "operator": "DEL",
                "src_type": "Invocation",
                "dst_type": "null",
                "src": "setSubscriber(io.lettuce.core.output.ListSubscriber.instance())",
                "dst": "null",
                "src_parent_type": "Block",
                "dst_parent_type": "null",
                "src_parent": "{\n    super(codec, java.util.Collections.emptyList());\n    setSubscriber(io.lettuce.core.output.ListSubscriber.instance());\n}",
                "dst_parent": "null"
              },
              "line": 40,
              "file": "/home/khesoem/projects/lighter/exp/src/main/java/io/lettuce/core/output/DoubleListOutput.java",
              "stats": {
                "number_of_src_entities": 24,
                "number_of_dst_entities": -1,
                "src_entity_types": "[io.lettuce.core.output.DoubleListOutput\u003cK, V\u003e, io.lettuce.core.output.DoubleListOutput, io.lettuce.core.output.ListSubscriber]",
                "dst_entity_types": "[]"
              }
            }
          ]
        },
        {
          "tool-name": "JKali",
          "pattern-name": "JKali:del",
          "Unified_Diff_of-files:": "Starts Below...",
          "INSERT:": "    /**",
          "DELETE:": "    List\u0026lt;Double\u0026gt; zmscore(K key, V... members);",
          "instance_detail": [
            {
              "pattern_action": "DEL",
              "pattern_entity": {
                "entity_type": "*",
                "entity_new value": "*",
                "entity_role": "Statement",
                "entity_parent": "null"
              },
              "concrete_change": {
                "operator": "DEL",
                "src_type": "Invocation",
                "dst_type": "null",
                "src": "io.lettuce.core.internal.LettuceAssert.notNull(subscriber, \"Subscriber must not be null\")",
                "dst": "null",
                "src_parent_type": "Block",
                "dst_parent_type": "null",
                "src_parent": "{\n    io.lettuce.core.internal.LettuceAssert.notNull(subscriber, \"Subscriber must not be null\");\n    this.subscriber \u003d subscriber;\n}",
                "dst_parent": "null"
              },
              "line": 63,
              "file": "/home/khesoem/projects/lighter/exp/src/main/java/io/lettuce/core/output/DoubleListOutput.java"
            }
          ]
        },
        {
          "tool-name": "JKali",
          "pattern-name": "JKali:del",
          "Unified_Diff_of-files:": "Starts Below...",
          "INSERT:": "    /**",
          "DELETE:": "    List\u0026lt;Double\u0026gt; zmscore(K key, V... members);",
          "instance_detail": [
            {
              "pattern_action": "DEL",
              "pattern_entity": {
                "entity_type": "*",
                "entity_new value": "*",
                "entity_role": "Statement",
                "entity_parent": "null"
              },
              "concrete_change": {
                "operator": "DEL",
                "src_type": "Assignment",
                "dst_type": "null",
                "src": "this.subscriber \u003d subscriber",
                "dst": "null",
                "src_parent_type": "Block",
                "dst_parent_type": "null",
                "src_parent": "{\n    io.lettuce.core.internal.LettuceAssert.notNull(subscriber, \"Subscriber must not be null\");\n    this.subscriber \u003d subscriber;\n}",
                "dst_parent": "null"
              },
              "line": 64,
              "file": "/home/khesoem/projects/lighter/exp/src/main/java/io/lettuce/core/output/DoubleListOutput.java"
            }
          ]
        },
        {
          "tool-name": "JKali",
          "pattern-name": "JKali:del",
          "Unified_Diff_of-files:": "Starts Below...",
          "INSERT:": "    /**",
          "DELETE:": "    List\u0026lt;Double\u0026gt; zmscore(K key, V... members);",
          "instance_detail": [
            {
              "pattern_action": "DEL",
              "pattern_entity": {
                "entity_type": "*",
                "entity_new value": "*",
                "entity_role": "Statement",
                "entity_parent": "null"
              },
              "concrete_change": {
                "operator": "DEL",
                "src_type": "Return",
                "dst_type": "null",
                "src": "return subscriber",
                "dst": "null",
                "src_parent_type": "Block",
                "dst_parent_type": "null",
                "src_parent": "{\n    return subscriber;\n}",
                "dst_parent": "null"
              },
              "line": 69,
              "file": "/home/khesoem/projects/lighter/exp/src/main/java/io/lettuce/core/output/DoubleListOutput.java"
            }
          ]
        }
      ]
    }
  ],
  "complete_analysis": true
}