{
  "instances": [
    {
      "revision": "041ce1808d951a0aaeac5031c38660c384b6c842",
      "repairability": [
        {
          "tool-name": "JKali",
          "pattern-name": "JKali:add_rtrn",
          "Unified_Diff_of-files:": "Starts Below...",
          "CHANGE_old:": "                            return nextToken();",
          "CHANGE_new:": "                            return _nextAfterHeader();",
          "INSERT:": "",
          "instance_detail": [
            {
              "pattern_action": "INS",
              "pattern_entity": {
                "entity_type": "Return",
                "entity_new value": "*",
                "entity_role": "Statement",
                "entity_parent": "null"
              },
              "concrete_change": {
                "operator": "INS",
                "src_type": "Return",
                "dst_type": "null",
                "src": "return _currToken \u003d null",
                "dst": "null",
                "src_parent_type": "Block",
                "dst_parent_type": "null",
                "src_parent": "{\n    return _currToken \u003d null;\n}",
                "dst_parent": "null"
              },
              "line": 558,
              "file": "/home/khesoem/projects/lighter/exp/smile/src/main/java/com/fasterxml/jackson/dataformat/smile/SmileParser.java"
            }
          ]
        },
        {
          "tool-name": "JKali",
          "pattern-name": "JKali:add_rtrn",
          "Unified_Diff_of-files:": "Starts Below...",
          "CHANGE_old:": "                            return nextToken();",
          "CHANGE_new:": "                            return _nextAfterHeader();",
          "INSERT:": "",
          "instance_detail": [
            {
              "pattern_action": "INS",
              "pattern_entity": {
                "entity_type": "Return",
                "entity_new value": "*",
                "entity_role": "Statement",
                "entity_parent": "null"
              },
              "concrete_change": {
                "operator": "INS",
                "src_type": "Return",
                "dst_type": "null",
                "src": "return _nextAfterHeader()",
                "dst": "null",
                "src_parent_type": "Block",
                "dst_parent_type": "null",
                "src_parent": "{\n    return _nextAfterHeader();\n}",
                "dst_parent": "null"
              },
              "line": 466,
              "file": "/home/khesoem/projects/lighter/exp/smile/src/main/java/com/fasterxml/jackson/dataformat/smile/SmileParser.java",
              "stats": {
                "number_of_src_entities": 13,
                "number_of_dst_entities": -1,
                "src_entity_types": "[com.fasterxml.jackson.dataformat.smile.SmileParser]",
                "dst_entity_types": "[]"
              }
            }
          ]
        }
      ]
    }
  ],
  "complete_analysis": true
}