{
  "instances": [
    {
      "revision": "4d7178c8f11aa824f3b3a08696c79b0109399116",
      "repairability": [
        {
          "tool-name": "JKali",
          "pattern-name": "JKali:add_rtrn",
          "Unified_Diff_of-files:": "Starts Below...",
          "INSERT:": "            super.write(schema, (int) ((String) datum).charAt(0), out);",
          "DELETE:": "        if (datum instanceof String) { // String or Enum",
          "CHANGE_old:": "                case DOUBLE:",
          "CHANGE_new:": "",
          "instance_detail": [
            {
              "pattern_action": "INS",
              "pattern_entity": {
                "entity_type": "Return",
                "entity_new value": "*",
                "entity_role": "Statement",
                "entity_parent": "null"
              },
              "concrete_change": {
                "operator": "INS",
                "src_type": "Return",
                "dst_type": "null",
                "src": "return false",
                "dst": "null",
                "src_parent_type": "Block",
                "dst_parent_type": "null",
                "src_parent": "{\n    if (com.fasterxml.jackson.dataformat.avro.schema.AvroSchemaHelper.STRINGABLE_CLASSES.contains(type.getRawType())) {\n        return true;\n    }\n    if (!(type.hasAnnotation(org.apache.avro.reflect.Stringable.class))) {\n        return false;\n    }\n    for (com.fasterxml.jackson.databind.introspect.AnnotatedConstructor constructor : type.getConstructors()) {\n        if (((constructor.getParameterCount()) \u003d\u003d 1) \u0026\u0026 ((constructor.getRawParameterType(0)) \u003d\u003d (java.lang.String.class))) {\n            return true;\n        }\n    }\n    return false;\n}",
                "dst_parent": "null"
              },
              "line": 73,
              "file": "/home/khesoem/projects/lighter/exp/avro/src/main/java/com/fasterxml/jackson/dataformat/avro/schema/AvroSchemaHelper.java"
            }
          ]
        },
        {
          "tool-name": "JKali",
          "pattern-name": "JKali:add_rtrn",
          "Unified_Diff_of-files:": "Starts Below...",
          "INSERT:": "            super.write(schema, (int) ((String) datum).charAt(0), out);",
          "DELETE:": "        if (datum instanceof String) { // String or Enum",
          "CHANGE_old:": "                case DOUBLE:",
          "CHANGE_new:": "",
          "instance_detail": [
            {
              "pattern_action": "INS",
              "pattern_entity": {
                "entity_type": "Return",
                "entity_new value": "*",
                "entity_role": "Statement",
                "entity_parent": "null"
              },
              "concrete_change": {
                "operator": "INS",
                "src_type": "Return",
                "dst_type": "null",
                "src": "return true",
                "dst": "null",
                "src_parent_type": "Block",
                "dst_parent_type": "null",
                "src_parent": "{\n    return true;\n}",
                "dst_parent": "null"
              },
              "line": 63,
              "file": "/home/khesoem/projects/lighter/exp/avro/src/main/java/com/fasterxml/jackson/dataformat/avro/schema/AvroSchemaHelper.java"
            }
          ]
        },
        {
          "tool-name": "JKali",
          "pattern-name": "JKali:add_rtrn",
          "Unified_Diff_of-files:": "Starts Below...",
          "INSERT:": "            super.write(schema, (int) ((String) datum).charAt(0), out);",
          "DELETE:": "        if (datum instanceof String) { // String or Enum",
          "CHANGE_old:": "                case DOUBLE:",
          "CHANGE_new:": "",
          "instance_detail": [
            {
              "pattern_action": "INS",
              "pattern_entity": {
                "entity_type": "Return",
                "entity_new value": "*",
                "entity_role": "Statement",
                "entity_parent": "null"
              },
              "concrete_change": {
                "operator": "INS",
                "src_type": "Return",
                "dst_type": "null",
                "src": "return false",
                "dst": "null",
                "src_parent_type": "Block",
                "dst_parent_type": "null",
                "src_parent": "{\n    return false;\n}",
                "dst_parent": "null"
              },
              "line": 66,
              "file": "/home/khesoem/projects/lighter/exp/avro/src/main/java/com/fasterxml/jackson/dataformat/avro/schema/AvroSchemaHelper.java"
            }
          ]
        },
        {
          "tool-name": "JKali",
          "pattern-name": "JKali:add_rtrn",
          "Unified_Diff_of-files:": "Starts Below...",
          "INSERT:": "            super.write(schema, (int) ((String) datum).charAt(0), out);",
          "DELETE:": "        if (datum instanceof String) { // String or Enum",
          "CHANGE_old:": "                case DOUBLE:",
          "CHANGE_new:": "",
          "instance_detail": [
            {
              "pattern_action": "INS",
              "pattern_entity": {
                "entity_type": "Return",
                "entity_new value": "*",
                "entity_role": "Statement",
                "entity_parent": "null"
              },
              "concrete_change": {
                "operator": "INS",
                "src_type": "Return",
                "dst_type": "null",
                "src": "return java.lang.Byte.class.getName()",
                "dst": "null",
                "src_parent_type": "Case",
                "dst_parent_type": "null",
                "src_parent": "case \"byte\" :\n    return java.lang.Byte.class.getName();",
                "dst_parent": "null"
              },
              "line": 197,
              "file": "/home/khesoem/projects/lighter/exp/avro/src/main/java/com/fasterxml/jackson/dataformat/avro/schema/AvroSchemaHelper.java"
            }
          ]
        },
        {
          "tool-name": "JKali",
          "pattern-name": "JKali:add_rtrn",
          "Unified_Diff_of-files:": "Starts Below...",
          "INSERT:": "            super.write(schema, (int) ((String) datum).charAt(0), out);",
          "DELETE:": "        if (datum instanceof String) { // String or Enum",
          "CHANGE_old:": "                case DOUBLE:",
          "CHANGE_new:": "",
          "instance_detail": [
            {
              "pattern_action": "INS",
              "pattern_entity": {
                "entity_type": "Return",
                "entity_new value": "*",
                "entity_role": "Statement",
                "entity_parent": "null"
              },
              "concrete_change": {
                "operator": "INS",
                "src_type": "Return",
                "dst_type": "null",
                "src": "return java.lang.Short.class.getName()",
                "dst": "null",
                "src_parent_type": "Case",
                "dst_parent_type": "null",
                "src_parent": "case \"short\" :\n    return java.lang.Short.class.getName();",
                "dst_parent": "null"
              },
              "line": 199,
              "file": "/home/khesoem/projects/lighter/exp/avro/src/main/java/com/fasterxml/jackson/dataformat/avro/schema/AvroSchemaHelper.java"
            }
          ]
        },
        {
          "tool-name": "JKali",
          "pattern-name": "JKali:add_rtrn",
          "Unified_Diff_of-files:": "Starts Below...",
          "INSERT:": "            super.write(schema, (int) ((String) datum).charAt(0), out);",
          "DELETE:": "        if (datum instanceof String) { // String or Enum",
          "CHANGE_old:": "                case DOUBLE:",
          "CHANGE_new:": "",
          "instance_detail": [
            {
              "pattern_action": "INS",
              "pattern_entity": {
                "entity_type": "Return",
                "entity_new value": "*",
                "entity_role": "Statement",
                "entity_parent": "null"
              },
              "concrete_change": {
                "operator": "INS",
                "src_type": "Return",
                "dst_type": "null",
                "src": "return java.lang.Character.class.getName()",
                "dst": "null",
                "src_parent_type": "Case",
                "dst_parent_type": "null",
                "src_parent": "case \"char\" :\n    return java.lang.Character.class.getName();",
                "dst_parent": "null"
              },
              "line": 201,
              "file": "/home/khesoem/projects/lighter/exp/avro/src/main/java/com/fasterxml/jackson/dataformat/avro/schema/AvroSchemaHelper.java"
            }
          ]
        },
        {
          "tool-name": "JKali",
          "pattern-name": "JKali:add_rtrn",
          "Unified_Diff_of-files:": "Starts Below...",
          "INSERT:": "            super.write(schema, (int) ((String) datum).charAt(0), out);",
          "DELETE:": "        if (datum instanceof String) { // String or Enum",
          "CHANGE_old:": "                case DOUBLE:",
          "CHANGE_new:": "",
          "instance_detail": [
            {
              "pattern_action": "INS",
              "pattern_entity": {
                "entity_type": "Return",
                "entity_new value": "*",
                "entity_role": "Statement",
                "entity_parent": "null"
              },
              "concrete_change": {
                "operator": "INS",
                "src_type": "Return",
                "dst_type": "null",
                "src": "return java.lang.Integer.class.getName()",
                "dst": "null",
                "src_parent_type": "Case",
                "dst_parent_type": "null",
                "src_parent": "case \"int\" :\n    return java.lang.Integer.class.getName();",
                "dst_parent": "null"
              },
              "line": 203,
              "file": "/home/khesoem/projects/lighter/exp/avro/src/main/java/com/fasterxml/jackson/dataformat/avro/schema/AvroSchemaHelper.java"
            }
          ]
        },
        {
          "tool-name": "JKali",
          "pattern-name": "JKali:add_rtrn",
          "Unified_Diff_of-files:": "Starts Below...",
          "INSERT:": "            super.write(schema, (int) ((String) datum).charAt(0), out);",
          "DELETE:": "        if (datum instanceof String) { // String or Enum",
          "CHANGE_old:": "                case DOUBLE:",
          "CHANGE_new:": "",
          "instance_detail": [
            {
              "pattern_action": "INS",
              "pattern_entity": {
                "entity_type": "Return",
                "entity_new value": "*",
                "entity_role": "Statement",
                "entity_parent": "null"
              },
              "concrete_change": {
                "operator": "INS",
                "src_type": "Return",
                "dst_type": "null",
                "src": "return java.lang.Long.class.getName()",
                "dst": "null",
                "src_parent_type": "Case",
                "dst_parent_type": "null",
                "src_parent": "case \"long\" :\n    return java.lang.Long.class.getName();",
                "dst_parent": "null"
              },
              "line": 205,
              "file": "/home/khesoem/projects/lighter/exp/avro/src/main/java/com/fasterxml/jackson/dataformat/avro/schema/AvroSchemaHelper.java"
            }
          ]
        },
        {
          "tool-name": "JKali",
          "pattern-name": "JKali:add_rtrn",
          "Unified_Diff_of-files:": "Starts Below...",
          "INSERT:": "            super.write(schema, (int) ((String) datum).charAt(0), out);",
          "DELETE:": "        if (datum instanceof String) { // String or Enum",
          "CHANGE_old:": "                case DOUBLE:",
          "CHANGE_new:": "",
          "instance_detail": [
            {
              "pattern_action": "INS",
              "pattern_entity": {
                "entity_type": "Return",
                "entity_new value": "*",
                "entity_role": "Statement",
                "entity_parent": "null"
              },
              "concrete_change": {
                "operator": "INS",
                "src_type": "Return",
                "dst_type": "null",
                "src": "return java.lang.Float.class.getName()",
                "dst": "null",
                "src_parent_type": "Case",
                "dst_parent_type": "null",
                "src_parent": "case \"float\" :\n    return java.lang.Float.class.getName();",
                "dst_parent": "null"
              },
              "line": 207,
              "file": "/home/khesoem/projects/lighter/exp/avro/src/main/java/com/fasterxml/jackson/dataformat/avro/schema/AvroSchemaHelper.java"
            }
          ]
        },
        {
          "tool-name": "JKali",
          "pattern-name": "JKali:add_rtrn",
          "Unified_Diff_of-files:": "Starts Below...",
          "INSERT:": "            super.write(schema, (int) ((String) datum).charAt(0), out);",
          "DELETE:": "        if (datum instanceof String) { // String or Enum",
          "CHANGE_old:": "                case DOUBLE:",
          "CHANGE_new:": "",
          "instance_detail": [
            {
              "pattern_action": "INS",
              "pattern_entity": {
                "entity_type": "Return",
                "entity_new value": "*",
                "entity_role": "Statement",
                "entity_parent": "null"
              },
              "concrete_change": {
                "operator": "INS",
                "src_type": "Return",
                "dst_type": "null",
                "src": "return java.lang.Double.class.getName()",
                "dst": "null",
                "src_parent_type": "Case",
                "dst_parent_type": "null",
                "src_parent": "case \"double\" :\n    return java.lang.Double.class.getName();",
                "dst_parent": "null"
              },
              "line": 209,
              "file": "/home/khesoem/projects/lighter/exp/avro/src/main/java/com/fasterxml/jackson/dataformat/avro/schema/AvroSchemaHelper.java"
            }
          ]
        },
        {
          "tool-name": "JKali",
          "pattern-name": "JKali:add_rtrn",
          "Unified_Diff_of-files:": "Starts Below...",
          "INSERT:": "            super.write(schema, (int) ((String) datum).charAt(0), out);",
          "DELETE:": "        if (datum instanceof String) { // String or Enum",
          "CHANGE_old:": "                case DOUBLE:",
          "CHANGE_new:": "",
          "instance_detail": [
            {
              "pattern_action": "INS",
              "pattern_entity": {
                "entity_type": "Return",
                "entity_new value": "*",
                "entity_role": "Statement",
                "entity_parent": "null"
              },
              "concrete_change": {
                "operator": "INS",
                "src_type": "Return",
                "dst_type": "null",
                "src": "return canonical",
                "dst": "null",
                "src_parent_type": "Case",
                "dst_parent_type": "null",
                "src_parent": "default :\n    return canonical;",
                "dst_parent": "null"
              },
              "line": 211,
              "file": "/home/khesoem/projects/lighter/exp/avro/src/main/java/com/fasterxml/jackson/dataformat/avro/schema/AvroSchemaHelper.java"
            }
          ]
        },
        {
          "tool-name": "JKali",
          "pattern-name": "JKali:add_rtrn",
          "Unified_Diff_of-files:": "Starts Below...",
          "INSERT:": "            super.write(schema, (int) ((String) datum).charAt(0), out);",
          "DELETE:": "        if (datum instanceof String) { // String or Enum",
          "CHANGE_old:": "                case DOUBLE:",
          "CHANGE_new:": "",
          "instance_detail": [
            {
              "pattern_action": "INS",
              "pattern_entity": {
                "entity_type": "Return",
                "entity_new value": "*",
                "entity_role": "Statement",
                "entity_parent": "null"
              },
              "concrete_change": {
                "operator": "INS",
                "src_type": "Return",
                "dst_type": "null",
                "src": "return true",
                "dst": "null",
                "src_parent_type": "Block",
                "dst_parent_type": "null",
                "src_parent": "{\n    return true;\n}",
                "dst_parent": "null"
              },
              "line": 70,
              "file": "/home/khesoem/projects/lighter/exp/avro/src/main/java/com/fasterxml/jackson/dataformat/avro/schema/AvroSchemaHelper.java"
            }
          ]
        }
      ]
    },
    {
      "revision": "4d7178c8f11aa824f3b3a08696c79b0109399116",
      "repairability": [
        {
          "tool-name": "JKali",
          "pattern-name": "JKali:add_rtrn",
          "Unified_Diff_of-files:": "Starts Below...",
          "INSERT:": "            super.write(schema, (int) ((String) datum).charAt(0), out);",
          "DELETE:": "        if (datum instanceof String) { // String or Enum",
          "CHANGE_old:": "                case DOUBLE:",
          "CHANGE_new:": "",
          "instance_detail": [
            {
              "pattern_action": "INS",
              "pattern_entity": {
                "entity_type": "Return",
                "entity_new value": "*",
                "entity_role": "Statement",
                "entity_parent": "null"
              },
              "concrete_change": {
                "operator": "INS",
                "src_type": "Return",
                "dst_type": "null",
                "src": "return com.fasterxml.jackson.dataformat.avro.schema.AvroSchemaHelper.numericAvroSchema(com.fasterxml.jackson.core.JsonParser.NumberType.INT, com.fasterxml.jackson.databind.type.TypeFactory.defaultInstance().constructType(java.lang.Character.class))",
                "dst": "null",
                "src_parent_type": "Block",
                "dst_parent_type": "null",
                "src_parent": "{\n    return com.fasterxml.jackson.dataformat.avro.schema.AvroSchemaHelper.numericAvroSchema(com.fasterxml.jackson.core.JsonParser.NumberType.INT, com.fasterxml.jackson.databind.type.TypeFactory.defaultInstance().constructType(java.lang.Character.class));\n}",
                "dst_parent": "null"
              },
              "line": 41,
              "file": "/home/khesoem/projects/lighter/exp/avro/src/main/java/com/fasterxml/jackson/dataformat/avro/schema/StringVisitor.java"
            }
          ]
        }
      ]
    },
    {
      "revision": "4d7178c8f11aa824f3b3a08696c79b0109399116",
      "repairability": [
        {
          "tool-name": "JKali",
          "pattern-name": "JKali:add_rtrn",
          "Unified_Diff_of-files:": "Starts Below...",
          "INSERT:": "            super.write(schema, (int) ((String) datum).charAt(0), out);",
          "DELETE:": "        if (datum instanceof String) { // String or Enum",
          "CHANGE_old:": "                case DOUBLE:",
          "CHANGE_new:": "",
          "instance_detail": [
            {
              "pattern_action": "INS",
              "pattern_entity": {
                "entity_type": "Return",
                "entity_new value": "*",
                "entity_role": "Statement",
                "entity_parent": "null"
              },
              "concrete_change": {
                "operator": "INS",
                "src_type": "Return",
                "dst_type": "null",
                "src": "return parser.setString(java.lang.Character.toString(((char) (decoder.readInt()))))",
                "dst": "null",
                "src_parent_type": "Block",
                "dst_parent_type": "null",
                "src_parent": "{\n    return parser.setString(java.lang.Character.toString(((char) (decoder.readInt()))));\n}",
                "dst_parent": "null"
              },
              "line": 221,
              "file": "/home/khesoem/projects/lighter/exp/avro/src/main/java/com/fasterxml/jackson/dataformat/avro/deser/ScalarDecoder.java"
            }
          ]
        },
        {
          "tool-name": "JKali",
          "pattern-name": "JKali:add_rtrn",
          "Unified_Diff_of-files:": "Starts Below...",
          "INSERT:": "            super.write(schema, (int) ((String) datum).charAt(0), out);",
          "DELETE:": "        if (datum instanceof String) { // String or Enum",
          "CHANGE_old:": "                case DOUBLE:",
          "CHANGE_new:": "",
          "instance_detail": [
            {
              "pattern_action": "INS",
              "pattern_entity": {
                "entity_type": "Return",
                "entity_new value": "*",
                "entity_role": "Statement",
                "entity_parent": "null"
              },
              "concrete_change": {
                "operator": "INS",
                "src_type": "Return",
                "dst_type": "null",
                "src": "return new com.fasterxml.jackson.dataformat.avro.deser.ScalarDecoder.CharReader.FR(name, skipper)",
                "dst": "null",
                "src_parent_type": "Block",
                "dst_parent_type": "null",
                "src_parent": "{\n    return new com.fasterxml.jackson.dataformat.avro.deser.ScalarDecoder.CharReader.FR(name, skipper);\n}",
                "dst_parent": "null"
              },
              "line": 232,
              "file": "/home/khesoem/projects/lighter/exp/avro/src/main/java/com/fasterxml/jackson/dataformat/avro/deser/ScalarDecoder.java"
            }
          ]
        },
        {
          "tool-name": "JKali",
          "pattern-name": "JKali:add_rtrn",
          "Unified_Diff_of-files:": "Starts Below...",
          "INSERT:": "            super.write(schema, (int) ((String) datum).charAt(0), out);",
          "DELETE:": "        if (datum instanceof String) { // String or Enum",
          "CHANGE_old:": "                case DOUBLE:",
          "CHANGE_new:": "",
          "instance_detail": [
            {
              "pattern_action": "INS",
              "pattern_entity": {
                "entity_type": "Return",
                "entity_new value": "*",
                "entity_role": "Statement",
                "entity_parent": "null"
              },
              "concrete_change": {
                "operator": "INS",
                "src_type": "Return",
                "dst_type": "null",
                "src": "return parser.setString(java.lang.Character.toString(((char) (decoder.readInt()))))",
                "dst": "null",
                "src_parent_type": "Block",
                "dst_parent_type": "null",
                "src_parent": "{\n    return parser.setString(java.lang.Character.toString(((char) (decoder.readInt()))));\n}",
                "dst_parent": "null"
              },
              "line": 244,
              "file": "/home/khesoem/projects/lighter/exp/avro/src/main/java/com/fasterxml/jackson/dataformat/avro/deser/ScalarDecoder.java"
            }
          ]
        }
      ]
    },
    {
      "revision": "4d7178c8f11aa824f3b3a08696c79b0109399116",
      "repairability": [
        {
          "tool-name": "JKali",
          "pattern-name": "JKali:add_rtrn",
          "Unified_Diff_of-files:": "Starts Below...",
          "INSERT:": "            super.write(schema, (int) ((String) datum).charAt(0), out);",
          "DELETE:": "        if (datum instanceof String) { // String or Enum",
          "CHANGE_old:": "                case DOUBLE:",
          "CHANGE_new:": "",
          "instance_detail": [
            {
              "pattern_action": "INS",
              "pattern_entity": {
                "entity_type": "Return",
                "entity_new value": "*",
                "entity_role": "Statement",
                "entity_parent": "null"
              },
              "concrete_change": {
                "operator": "INS",
                "src_type": "Return",
                "dst_type": "null",
                "src": "return com.fasterxml.jackson.dataformat.avro.deser.AvroReaderFactory.READER_CHAR",
                "dst": "null",
                "src_parent_type": "Block",
                "dst_parent_type": "null",
                "src_parent": "{\n    return com.fasterxml.jackson.dataformat.avro.deser.AvroReaderFactory.READER_CHAR;\n}",
                "dst_parent": "null"
              },
              "line": 71,
              "file": "/home/khesoem/projects/lighter/exp/avro/src/main/java/com/fasterxml/jackson/dataformat/avro/deser/AvroReaderFactory.java"
            }
          ]
        }
      ]
    }
  ],
  "complete_analysis": true
}