{
  "instances": [
    {
      "revision": "26eef83dcd47ff24de04b360e408f7b6232ae8fc",
      "repairability": [
        {
          "tool-name": "JKali",
          "pattern-name": "JKali:add_rtrn",
          "Unified_Diff_of-files:": "Starts Below...",
          "INSERT:": "",
          "instance_detail": [
            {
              "pattern_action": "INS",
              "pattern_entity": {
                "entity_type": "Return",
                "entity_new value": "*",
                "entity_role": "Statement",
                "entity_parent": "null"
              },
              "concrete_change": {
                "operator": "INS",
                "src_type": "Return",
                "dst_type": "null",
                "src": "return (nextToken()) \u003d\u003d (com.fasterxml.jackson.core.JsonToken.VALUE_STRING) ? getText() : null",
                "dst": "null",
                "src_parent_type": "Block",
                "dst_parent_type": "null",
                "src_parent": "{\n    return (nextToken()) \u003d\u003d (com.fasterxml.jackson.core.JsonToken.VALUE_STRING) ? getText() : null;\n}",
                "dst_parent": "null"
              },
              "line": 1178,
              "file": "/home/khesoem/projects/lighter/exp/protobuf/src/main/java/com/fasterxml/jackson/dataformat/protobuf/ProtobufParser.java"
            }
          ]
        }
      ]
    }
  ],
  "complete_analysis": true
}