{
  "instances": [
    {
      "revision": "671cf7b2af7c51efa7a8ed57bd80dc889e3f8a46",
      "repairability": [
        {
          "tool-name": "JKali",
          "pattern-name": "JKali:del",
          "Unified_Diff_of-files:": "Starts Below...",
          "CHANGE_old:": "",
          "CHANGE_new:": "//        return _valueReader.newReader(this, _parser).nextFieldName();",
          "instance_detail": [
            {
              "pattern_action": "DEL",
              "pattern_entity": {
                "entity_type": "*",
                "entity_new value": "*",
                "entity_role": "Statement",
                "entity_parent": "null"
              },
              "concrete_change": {
                "operator": "DEL",
                "src_type": "LocalVariable",
                "dst_type": "null",
                "src": "com.fasterxml.jackson.dataformat.avro.deser.AvroStructureReader r \u003d _valueReader.newReader(this, _parser)",
                "dst": "null",
                "src_parent_type": "Block",
                "dst_parent_type": "null",
                "src_parent": "{\n    if (_parser.checkInputEnd()) {\n        return null;\n    }\n    com.fasterxml.jackson.dataformat.avro.deser.AvroStructureReader r \u003d _valueReader.newReader(this, _parser);\n    return r.nextToken();\n}",
                "dst_parent": "null"
              },
              "line": 31,
              "file": "/home/khesoem/projects/lighter/exp/avro/src/main/java/com/fasterxml/jackson/dataformat/avro/deser/RootReader.java",
              "stats": {
                "number_of_src_entities": 43,
                "number_of_dst_entities": -1,
                "src_entity_types": "[com.fasterxml.jackson.dataformat.avro.deser.AvroStructureReader, com.fasterxml.jackson.dataformat.avro.deser.RootReader]",
                "dst_entity_types": "[]"
              }
            }
          ]
        },
        {
          "tool-name": "JKali",
          "pattern-name": "JKali:del",
          "Unified_Diff_of-files:": "Starts Below...",
          "CHANGE_old:": "",
          "CHANGE_new:": "//        return _valueReader.newReader(this, _parser).nextFieldName();",
          "instance_detail": [
            {
              "pattern_action": "DEL",
              "pattern_entity": {
                "entity_type": "*",
                "entity_new value": "*",
                "entity_role": "Statement",
                "entity_parent": "null"
              },
              "concrete_change": {
                "operator": "DEL",
                "src_type": "LocalVariable",
                "dst_type": "null",
                "src": "com.fasterxml.jackson.dataformat.avro.deser.AvroStructureReader r \u003d _valueReader.newReader(this, _parser)",
                "dst": "null",
                "src_parent_type": "Block",
                "dst_parent_type": "null",
                "src_parent": "{\n    com.fasterxml.jackson.dataformat.avro.deser.AvroStructureReader r \u003d _valueReader.newReader(this, _parser);\n    return r.nextFieldName();\n}",
                "dst_parent": "null"
              },
              "line": 52,
              "file": "/home/khesoem/projects/lighter/exp/avro/src/main/java/com/fasterxml/jackson/dataformat/avro/deser/RootReader.java",
              "stats": {
                "number_of_src_entities": 43,
                "number_of_dst_entities": -1,
                "src_entity_types": "[com.fasterxml.jackson.dataformat.avro.deser.AvroStructureReader, com.fasterxml.jackson.dataformat.avro.deser.RootReader]",
                "dst_entity_types": "[]"
              }
            }
          ]
        }
      ]
    },
    {
      "revision": "671cf7b2af7c51efa7a8ed57bd80dc889e3f8a46",
      "repairability": [
        {
          "tool-name": "JKali",
          "pattern-name": "JKali:del",
          "Unified_Diff_of-files:": "Starts Below...",
          "CHANGE_old:": "",
          "CHANGE_new:": "//        return _valueReader.newReader(this, _parser).nextFieldName();",
          "instance_detail": [
            {
              "pattern_action": "DEL",
              "pattern_entity": {
                "entity_type": "*",
                "entity_new value": "*",
                "entity_role": "Statement",
                "entity_parent": "null"
              },
              "concrete_change": {
                "operator": "DEL",
                "src_type": "Invocation",
                "dst_type": "null",
                "src": "_reportError()",
                "dst": "null",
                "src_parent_type": "Block",
                "dst_parent_type": "null",
                "src_parent": "{\n    _reportError();\n    return null;\n}",
                "dst_parent": "null"
              },
              "line": 18,
              "file": "/home/khesoem/projects/lighter/exp/avro/src/main/java/com/fasterxml/jackson/dataformat/avro/deser/MissingReader.java",
              "stats": {
                "number_of_src_entities": 8,
                "number_of_dst_entities": -1,
                "src_entity_types": "[com.fasterxml.jackson.dataformat.avro.deser.MissingReader]",
                "dst_entity_types": "[]"
              }
            }
          ]
        }
      ]
    },
    {
      "revision": "671cf7b2af7c51efa7a8ed57bd80dc889e3f8a46",
      "repairability": [
        {
          "tool-name": "JKali",
          "pattern-name": "JKali:del",
          "Unified_Diff_of-files:": "Starts Below...",
          "CHANGE_old:": "",
          "CHANGE_new:": "//        return _valueReader.newReader(this, _parser).nextFieldName();",
          "instance_detail": [
            {
              "pattern_action": "DEL",
              "pattern_entity": {
                "entity_type": "*",
                "entity_new value": "*",
                "entity_role": "Statement",
                "entity_parent": "null"
              },
              "concrete_change": {
                "operator": "DEL",
                "src_type": "Return",
                "dst_type": "null",
                "src": "return null",
                "dst": "null",
                "src_parent_type": "Block",
                "dst_parent_type": "null",
                "src_parent": "{\n    return null;\n}",
                "dst_parent": "null"
              },
              "line": 102,
              "file": "/home/khesoem/projects/lighter/exp/avro/src/main/java/com/fasterxml/jackson/dataformat/avro/deser/AvroParserImpl.java"
            }
          ]
        },
        {
          "tool-name": "JKali",
          "pattern-name": "JKali:del",
          "Unified_Diff_of-files:": "Starts Below...",
          "CHANGE_old:": "",
          "CHANGE_new:": "//        return _valueReader.newReader(this, _parser).nextFieldName();",
          "instance_detail": [
            {
              "pattern_action": "DEL",
              "pattern_entity": {
                "entity_type": "*",
                "entity_new value": "*",
                "entity_role": "Statement",
                "entity_parent": "null"
              },
              "concrete_change": {
                "operator": "DEL",
                "src_type": "If",
                "dst_type": "null",
                "src": "if (_closed) {\n    return null;\n}",
                "dst": "null",
                "src_parent_type": "Block",
                "dst_parent_type": "null",
                "src_parent": "{\n    _numTypesValid \u003d NR_UNKNOWN;\n    _tokenInputTotal \u003d (_currInputProcessed) + (_inputPtr);\n    _branchIndex \u003d -1;\n    _enumIndex \u003d -1;\n    _binaryValue \u003d null;\n    if (_closed) {\n        return null;\n    }\n    com.fasterxml.jackson.core.JsonToken t \u003d _avroContext.nextToken();\n    _currToken \u003d t;\n    return t;\n}",
                "dst_parent": "null"
              },
              "line": 101,
              "file": "/home/khesoem/projects/lighter/exp/avro/src/main/java/com/fasterxml/jackson/dataformat/avro/deser/AvroParserImpl.java",
              "stats": {
                "number_of_src_entities": 9,
                "number_of_dst_entities": -1,
                "src_entity_types": "[\u003cnulltype\u003e]",
                "dst_entity_types": "[]"
              }
            }
          ]
        },
        {
          "tool-name": "JKali",
          "pattern-name": "JKali:del",
          "Unified_Diff_of-files:": "Starts Below...",
          "CHANGE_old:": "",
          "CHANGE_new:": "//        return _valueReader.newReader(this, _parser).nextFieldName();",
          "instance_detail": [
            {
              "pattern_action": "DEL",
              "pattern_entity": {
                "entity_type": "*",
                "entity_new value": "*",
                "entity_role": "Statement",
                "entity_parent": "null"
              },
              "concrete_change": {
                "operator": "DEL",
                "src_type": "Return",
                "dst_type": "null",
                "src": "return null",
                "dst": "null",
                "src_parent_type": "Block",
                "dst_parent_type": "null",
                "src_parent": "{\n    return null;\n}",
                "dst_parent": "null"
              },
              "line": 116,
              "file": "/home/khesoem/projects/lighter/exp/avro/src/main/java/com/fasterxml/jackson/dataformat/avro/deser/AvroParserImpl.java"
            }
          ]
        },
        {
          "tool-name": "JKali",
          "pattern-name": "JKali:del",
          "Unified_Diff_of-files:": "Starts Below...",
          "CHANGE_old:": "",
          "CHANGE_new:": "//        return _valueReader.newReader(this, _parser).nextFieldName();",
          "instance_detail": [
            {
              "pattern_action": "DEL",
              "pattern_entity": {
                "entity_type": "*",
                "entity_new value": "*",
                "entity_role": "Statement",
                "entity_parent": "null"
              },
              "concrete_change": {
                "operator": "DEL",
                "src_type": "If",
                "dst_type": "null",
                "src": "if (_closed) {\n    return null;\n}",
                "dst": "null",
                "src_parent_type": "Block",
                "dst_parent_type": "null",
                "src_parent": "{\n    _numTypesValid \u003d NR_UNKNOWN;\n    _tokenInputTotal \u003d (_currInputProcessed) + (_inputPtr);\n    _binaryValue \u003d null;\n    if (_closed) {\n        return null;\n    }\n    java.lang.String name \u003d _avroContext.nextFieldName();\n    if (name \u003d\u003d null) {\n        _currToken \u003d _avroContext.getCurrentToken();\n        return null;\n    }\n    _currToken \u003d com.fasterxml.jackson.core.JsonToken.FIELD_NAME;\n    return name;\n}",
                "dst_parent": "null"
              },
              "line": 115,
              "file": "/home/khesoem/projects/lighter/exp/avro/src/main/java/com/fasterxml/jackson/dataformat/avro/deser/AvroParserImpl.java",
              "stats": {
                "number_of_src_entities": 9,
                "number_of_dst_entities": -1,
                "src_entity_types": "[\u003cnulltype\u003e]",
                "dst_entity_types": "[]"
              }
            }
          ]
        },
        {
          "tool-name": "JKali",
          "pattern-name": "JKali:del",
          "Unified_Diff_of-files:": "Starts Below...",
          "CHANGE_old:": "",
          "CHANGE_new:": "//        return _valueReader.newReader(this, _parser).nextFieldName();",
          "instance_detail": [
            {
              "pattern_action": "DEL",
              "pattern_entity": {
                "entity_type": "*",
                "entity_new value": "*",
                "entity_role": "Statement",
                "entity_parent": "null"
              },
              "concrete_change": {
                "operator": "DEL",
                "src_type": "Return",
                "dst_type": "null",
                "src": "return false",
                "dst": "null",
                "src_parent_type": "Block",
                "dst_parent_type": "null",
                "src_parent": "{\n    return false;\n}",
                "dst_parent": "null"
              },
              "line": 134,
              "file": "/home/khesoem/projects/lighter/exp/avro/src/main/java/com/fasterxml/jackson/dataformat/avro/deser/AvroParserImpl.java"
            }
          ]
        },
        {
          "tool-name": "JKali",
          "pattern-name": "JKali:del",
          "Unified_Diff_of-files:": "Starts Below...",
          "CHANGE_old:": "",
          "CHANGE_new:": "//        return _valueReader.newReader(this, _parser).nextFieldName();",
          "instance_detail": [
            {
              "pattern_action": "DEL",
              "pattern_entity": {
                "entity_type": "*",
                "entity_new value": "*",
                "entity_role": "Statement",
                "entity_parent": "null"
              },
              "concrete_change": {
                "operator": "DEL",
                "src_type": "If",
                "dst_type": "null",
                "src": "if (_closed) {\n    return false;\n}",
                "dst": "null",
                "src_parent_type": "Block",
                "dst_parent_type": "null",
                "src_parent": "{\n    _numTypesValid \u003d NR_UNKNOWN;\n    _tokenInputTotal \u003d (_currInputProcessed) + (_inputPtr);\n    _binaryValue \u003d null;\n    if (_closed) {\n        return false;\n    }\n    java.lang.String name \u003d _avroContext.nextFieldName();\n    if (name \u003d\u003d null) {\n        _currToken \u003d _avroContext.getCurrentToken();\n        return false;\n    }\n    _currToken \u003d com.fasterxml.jackson.core.JsonToken.FIELD_NAME;\n    return name.equals(sstr.getValue());\n}",
                "dst_parent": "null"
              },
              "line": 133,
              "file": "/home/khesoem/projects/lighter/exp/avro/src/main/java/com/fasterxml/jackson/dataformat/avro/deser/AvroParserImpl.java",
              "stats": {
                "number_of_src_entities": 9,
                "number_of_dst_entities": -1,
                "src_entity_types": "[boolean]",
                "dst_entity_types": "[]"
              }
            }
          ]
        }
      ]
    }
  ],
  "complete_analysis": true
}