{
  "instances": [
    {
      "revision": "50df295d4c233e77fe485e98c5a88ffdfa76247b",
      "repairability": [
        {
          "tool-name": "JKali",
          "pattern-name": "JKali:del",
          "Unified_Diff_of-files:": "Starts Below...",
          "CHANGE_old:": "            default:",
          "CHANGE_new:": "",
          "DELETE:": "        }",
          "instance_detail": [
            {
              "pattern_action": "DEL",
              "pattern_entity": {
                "entity_type": "*",
                "entity_new value": "*",
                "entity_role": "Statement",
                "entity_parent": "null"
              },
              "concrete_change": {
                "operator": "DEL",
                "src_type": "Break",
                "dst_type": "null",
                "src": "break",
                "dst": "null",
                "src_parent_type": "Case",
                "dst_parent_type": "null",
                "src_parent": "case LONG :\n    dec \u003d java.math.BigDecimal.valueOf(getLongValue(), exp);\n    break;",
                "dst_parent": "null"
              },
              "line": 886,
              "file": "/home/khesoem/projects/lighter/exp/cbor/src/main/java/com/fasterxml/jackson/dataformat/cbor/CBORParser.java"
            }
          ]
        },
        {
          "tool-name": "JKali",
          "pattern-name": "JKali:del",
          "Unified_Diff_of-files:": "Starts Below...",
          "CHANGE_old:": "            default:",
          "CHANGE_new:": "",
          "DELETE:": "        }",
          "instance_detail": [
            {
              "pattern_action": "DEL",
              "pattern_entity": {
                "entity_type": "*",
                "entity_new value": "*",
                "entity_role": "Statement",
                "entity_parent": "null"
              },
              "concrete_change": {
                "operator": "DEL",
                "src_type": "Break",
                "dst_type": "null",
                "src": "break",
                "dst": "null",
                "src_parent_type": "Case",
                "dst_parent_type": "null",
                "src_parent": "default :\n    dec \u003d new java.math.BigDecimal(getBigIntegerValue(), exp);\n    break;",
                "dst_parent": "null"
              },
              "line": 890,
              "file": "/home/khesoem/projects/lighter/exp/cbor/src/main/java/com/fasterxml/jackson/dataformat/cbor/CBORParser.java"
            }
          ]
        },
        {
          "tool-name": "JKali",
          "pattern-name": "JKali:del",
          "Unified_Diff_of-files:": "Starts Below...",
          "CHANGE_old:": "            default:",
          "CHANGE_new:": "",
          "DELETE:": "        }",
          "instance_detail": [
            {
              "pattern_action": "DEL",
              "pattern_entity": {
                "entity_type": "*",
                "entity_new value": "*",
                "entity_role": "Statement",
                "entity_parent": "null"
              },
              "concrete_change": {
                "operator": "DEL",
                "src_type": "Switch",
                "dst_type": "null",
                "src": "switch (getNumberType()) {\n    case INT :\n    case LONG :\n        dec \u003d java.math.BigDecimal.valueOf(getLongValue(), exp);\n        break;\n    case BIG_INTEGER :\n    default :\n        dec \u003d new java.math.BigDecimal(getBigIntegerValue(), exp);\n        break;\n}",
                "dst": "null",
                "src_parent_type": "Block",
                "dst_parent_type": "null",
                "src_parent": "{\n    _parsingContext \u003d _parsingContext.createChildArrayContext(len);\n    if (tag !\u003d (com.fasterxml.jackson.dataformat.cbor.CBORConstants.CBORConstants.TAG_DECIMAL_FRACTION)) {\n        return _currToken \u003d com.fasterxml.jackson.core.JsonToken.START_ARRAY;\n    }\n    _currToken \u003d com.fasterxml.jackson.core.JsonToken.START_ARRAY;\n    if (len !\u003d 2) {\n        _reportError(((\"Unexpected array size (\" + len) + \") for tagged \u0027bigfloat\u0027 value; should have exactly 2 number elements\"));\n    }\n    com.fasterxml.jackson.core.JsonToken t \u003d nextToken();\n    if (t !\u003d (com.fasterxml.jackson.core.JsonToken.VALUE_NUMBER_INT)) {\n        _reportError(((\"Unexpected token (\" + t) + \") as the first part of \u0027bigfloat\u0027 value: should get VALUE_NUMBER_INT\"));\n    }\n    int exp \u003d getIntValue();\n    t \u003d nextToken();\n    if (t !\u003d (com.fasterxml.jackson.core.JsonToken.VALUE_NUMBER_INT)) {\n        _reportError(((\"Unexpected token (\" + t) + \") as the second part of \u0027bigfloat\u0027 value: should get VALUE_NUMBER_INT\"));\n    }\n    java.math.BigDecimal dec;\n    switch (getNumberType()) {\n        case INT :\n        case LONG :\n            dec \u003d java.math.BigDecimal.valueOf(getLongValue(), exp);\n            break;\n        case BIG_INTEGER :\n        default :\n            dec \u003d new java.math.BigDecimal(getBigIntegerValue(), exp);\n            break;\n    }\n    t \u003d nextToken();\n    if (t !\u003d (com.fasterxml.jackson.core.JsonToken.END_ARRAY)) {\n        _reportError(((\"Unexpected token (\" + t) + \") after 2 elements of \u0027bigfloat\u0027 value\"));\n    }\n    _numberBigDecimal \u003d dec;\n    _numTypesValid \u003d com.fasterxml.jackson.dataformat.cbor.CBORParser.NR_BIGDECIMAL;\n    return _currToken \u003d com.fasterxml.jackson.core.JsonToken.VALUE_NUMBER_FLOAT;\n}",
                "dst_parent": "null"
              },
              "line": 882,
              "file": "/home/khesoem/projects/lighter/exp/cbor/src/main/java/com/fasterxml/jackson/dataformat/cbor/CBORParser.java",
              "stats": {
                "number_of_src_entities": 119,
                "number_of_dst_entities": -1,
                "src_entity_types": "[com.fasterxml.jackson.core.JsonParser, int, com.fasterxml.jackson.core.JsonParser.NumberType, com.fasterxml.jackson.dataformat.cbor.CBORParser, java.math.BigDecimal]",
                "dst_entity_types": "[]"
              }
            }
          ]
        },
        {
          "tool-name": "JKali",
          "pattern-name": "JKali:del",
          "Unified_Diff_of-files:": "Starts Below...",
          "CHANGE_old:": "            default:",
          "CHANGE_new:": "",
          "DELETE:": "        }",
          "instance_detail": [
            {
              "pattern_action": "DEL",
              "pattern_entity": {
                "entity_type": "*",
                "entity_new value": "*",
                "entity_role": "Statement",
                "entity_parent": "null"
              },
              "concrete_change": {
                "operator": "DEL",
                "src_type": "Switch",
                "dst_type": "null",
                "src": "switch (_currToken) {\n    case VALUE_STRING :\n        return _textBuffer.getTextBuffer();\n    case FIELD_NAME :\n        return _parsingContext.getCurrentName().toCharArray();\n    case VALUE_NUMBER_INT :\n    case VALUE_NUMBER_FLOAT :\n        return getNumberValue().toString().toCharArray();\n    default :\n        return _currToken.asCharArray();\n}",
                "dst": "null",
                "src_parent_type": "Block",
                "dst_parent_type": "null",
                "src_parent": "{\n    if (_tokenIncomplete) {\n        _finishToken();\n    }\n    switch (_currToken) {\n        case VALUE_STRING :\n            return _textBuffer.getTextBuffer();\n        case FIELD_NAME :\n            return _parsingContext.getCurrentName().toCharArray();\n        case VALUE_NUMBER_INT :\n        case VALUE_NUMBER_FLOAT :\n            return getNumberValue().toString().toCharArray();\n        default :\n            return _currToken.asCharArray();\n    }\n}",
                "dst_parent": "null"
              },
              "line": 1308,
              "file": "/home/khesoem/projects/lighter/exp/cbor/src/main/java/com/fasterxml/jackson/dataformat/cbor/CBORParser.java",
              "stats": {
                "number_of_src_entities": 138,
                "number_of_dst_entities": -1,
                "src_entity_types": "[java.lang.Object, com.fasterxml.jackson.core.util.TextBuffer, com.fasterxml.jackson.dataformat.cbor.CBORReadContext, java.lang.String, com.fasterxml.jackson.core.JsonToken, com.fasterxml.jackson.dataformat.cbor.CBORParser, com.fasterxml.jackson.core.base.ParserMinimalBase]",
                "dst_entity_types": "[]"
              }
            }
          ]
        },
        {
          "tool-name": "JKali",
          "pattern-name": "JKali:del",
          "Unified_Diff_of-files:": "Starts Below...",
          "CHANGE_old:": "            default:",
          "CHANGE_new:": "",
          "DELETE:": "        }",
          "instance_detail": [
            {
              "pattern_action": "DEL",
              "pattern_entity": {
                "entity_type": "*",
                "entity_new value": "*",
                "entity_role": "Statement",
                "entity_parent": "null"
              },
              "concrete_change": {
                "operator": "DEL",
                "src_type": "Switch",
                "dst_type": "null",
                "src": "switch (_currToken) {\n    case VALUE_STRING :\n        return _textBuffer.size();\n    case FIELD_NAME :\n        return _parsingContext.getCurrentName().length();\n    case VALUE_NUMBER_INT :\n    case VALUE_NUMBER_FLOAT :\n        return getNumberValue().toString().length();\n    default :\n        return _currToken.asCharArray().length;\n}",
                "dst": "null",
                "src_parent_type": "Block",
                "dst_parent_type": "null",
                "src_parent": "{\n    if (_tokenIncomplete) {\n        _finishToken();\n    }\n    switch (_currToken) {\n        case VALUE_STRING :\n            return _textBuffer.size();\n        case FIELD_NAME :\n            return _parsingContext.getCurrentName().length();\n        case VALUE_NUMBER_INT :\n        case VALUE_NUMBER_FLOAT :\n            return getNumberValue().toString().length();\n        default :\n            return _currToken.asCharArray().length;\n    }\n}",
                "dst_parent": "null"
              },
              "line": 1332,
              "file": "/home/khesoem/projects/lighter/exp/cbor/src/main/java/com/fasterxml/jackson/dataformat/cbor/CBORParser.java",
              "stats": {
                "number_of_src_entities": 139,
                "number_of_dst_entities": -1,
                "src_entity_types": "[int, java.lang.Object, com.fasterxml.jackson.core.util.TextBuffer, com.fasterxml.jackson.dataformat.cbor.CBORReadContext, java.lang.String, com.fasterxml.jackson.core.JsonToken, com.fasterxml.jackson.dataformat.cbor.CBORParser, com.fasterxml.jackson.core.base.ParserMinimalBase]",
                "dst_entity_types": "[]"
              }
            }
          ]
        }
      ]
    }
  ],
  "complete_analysis": true
}