{
  "instances": [
    {
      "revision": "437353d8f6c3cd8ea50bb66ddfe9787a7960c874",
      "repairability": [
        {
          "tool-name": "JKali",
          "pattern-name": "JKali:add_rtrn",
          "Unified_Diff_of-files:": "Starts Below...",
          "DELETE:": "            }",
          "CHANGE_old:": "                    | ((inputBuf[inPtr++] \u0026 0x3F) \u0026lt;\u0026lt; 12)",
          "CHANGE_new:": "                    | (i2 \u0026lt;\u0026lt; 12)",
          "INSERT:": "",
          "instance_detail": [
            {
              "pattern_action": "INS",
              "pattern_entity": {
                "entity_type": "Return",
                "entity_new value": "*",
                "entity_role": "Statement",
                "entity_parent": "null"
              },
              "concrete_change": {
                "operator": "INS",
                "src_type": "Return",
                "dst_type": "null",
                "src": "return _reportTruncatedUTF8InString(byteLen, firstCharOffset, i, unitLen)",
                "dst": "null",
                "src_parent_type": "Block",
                "dst_parent_type": "null",
                "src_parent": "{\n    final int firstCharOffset \u003d (byteLen - (end - inPtr)) - 1;\n    return _reportTruncatedUTF8InString(byteLen, firstCharOffset, i, unitLen);\n}",
                "dst_parent": "null"
              },
              "line": 2366,
              "file": "/home/khesoem/projects/lighter/exp/smile/src/main/java/com/fasterxml/jackson/dataformat/smile/SmileParser.java",
              "stats": {
                "number_of_src_entities": 29,
                "number_of_dst_entities": -1,
                "src_entity_types": "[int, com.fasterxml.jackson.dataformat.smile.SmileParser]",
                "dst_entity_types": "[]"
              }
            }
          ]
        }
      ]
    }
  ],
  "complete_analysis": true
}