{
  "instances": [
    {
      "revision": "1d2862b239d03217343a52e2059fcd1ca357f7bb",
      "repairability": [
        {
          "tool-name": "JKali",
          "pattern-name": "JKali:del",
          "Unified_Diff_of-files:": "Starts Below...",
          "DELETE:": "    protected final static int MINOR_VALUE_NUMBER_BIGDEC \u003d 11;",
          "CHANGE_old:": "",
          "CHANGE_new:": "    protected final static int MINOR_VALUE_STRING_SHARED_2BYTE \u003d 19;",
          "INSERT:": "    ",
          "instance_detail": [
            {
              "pattern_action": "DEL",
              "pattern_entity": {
                "entity_type": "*",
                "entity_new value": "*",
                "entity_role": "Statement",
                "entity_parent": "null"
              },
              "concrete_change": {
                "operator": "DEL",
                "src_type": "Assignment",
                "dst_type": "null",
                "src": "_majorState \u003d MINOR_VALUE_NUMBER_BIGINT",
                "dst": "null",
                "src_parent_type": "Case",
                "dst_parent_type": "null",
                "src_parent": "case 6 :\n    _majorState \u003d MINOR_VALUE_NUMBER_BIGINT;\n    return _startBigInt();",
                "dst_parent": "null"
              },
              "line": 392,
              "file": "/home/khesoem/projects/lighter/exp/smile/src/main/java/com/fasterxml/jackson/dataformat/smile/async/NonBlockingByteArrayParser.java",
              "stats": {
                "number_of_src_entities": 9,
                "number_of_dst_entities": -1,
                "src_entity_types": "[]",
                "dst_entity_types": "[]"
              }
            }
          ]
        },
        {
          "tool-name": "JKali",
          "pattern-name": "JKali:del",
          "Unified_Diff_of-files:": "Starts Below...",
          "DELETE:": "    protected final static int MINOR_VALUE_NUMBER_BIGDEC \u003d 11;",
          "CHANGE_old:": "",
          "CHANGE_new:": "    protected final static int MINOR_VALUE_STRING_SHARED_2BYTE \u003d 19;",
          "INSERT:": "    ",
          "instance_detail": [
            {
              "pattern_action": "DEL",
              "pattern_entity": {
                "entity_type": "*",
                "entity_new value": "*",
                "entity_role": "Statement",
                "entity_parent": "null"
              },
              "concrete_change": {
                "operator": "DEL",
                "src_type": "Assignment",
                "dst_type": "null",
                "src": "_majorState \u003d MINOR_VALUE_NUMBER_BIGDEC",
                "dst": "null",
                "src_parent_type": "Case",
                "dst_parent_type": "null",
                "src_parent": "case 10 :\n    _majorState \u003d MINOR_VALUE_NUMBER_BIGDEC;\n    return _startBigDecimal();",
                "dst_parent": "null"
              },
              "line": 401,
              "file": "/home/khesoem/projects/lighter/exp/smile/src/main/java/com/fasterxml/jackson/dataformat/smile/async/NonBlockingByteArrayParser.java",
              "stats": {
                "number_of_src_entities": 9,
                "number_of_dst_entities": -1,
                "src_entity_types": "[]",
                "dst_entity_types": "[]"
              }
            }
          ]
        },
        {
          "tool-name": "JKali",
          "pattern-name": "JKali:del",
          "Unified_Diff_of-files:": "Starts Below...",
          "DELETE:": "    protected final static int MINOR_VALUE_NUMBER_BIGDEC \u003d 11;",
          "CHANGE_old:": "",
          "CHANGE_new:": "    protected final static int MINOR_VALUE_STRING_SHARED_2BYTE \u003d 19;",
          "INSERT:": "    ",
          "instance_detail": [
            {
              "pattern_action": "DEL",
              "pattern_entity": {
                "entity_type": "*",
                "entity_new value": "*",
                "entity_role": "Statement",
                "entity_parent": "null"
              },
              "concrete_change": {
                "operator": "DEL",
                "src_type": "OperatorAssignment",
                "dst_type": "null",
                "src": "value \u0026\u003d 63",
                "dst": "null",
                "src_parent_type": "Block",
                "dst_parent_type": "null",
                "src_parent": "{\n    value \u0026\u003d 63;\n}",
                "dst_parent": "null"
              },
              "line": 1396,
              "file": "/home/khesoem/projects/lighter/exp/smile/src/main/java/com/fasterxml/jackson/dataformat/smile/async/NonBlockingByteArrayParser.java"
            }
          ]
        },
        {
          "tool-name": "JKali",
          "pattern-name": "JKali:del",
          "Unified_Diff_of-files:": "Starts Below...",
          "DELETE:": "    protected final static int MINOR_VALUE_NUMBER_BIGDEC \u003d 11;",
          "CHANGE_old:": "",
          "CHANGE_new:": "    protected final static int MINOR_VALUE_STRING_SHARED_2BYTE \u003d 19;",
          "INSERT:": "    ",
          "instance_detail": [
            {
              "pattern_action": "DEL",
              "pattern_entity": {
                "entity_type": "*",
                "entity_new value": "*",
                "entity_role": "Statement",
                "entity_parent": "null"
              },
              "concrete_change": {
                "operator": "DEL",
                "src_type": "Assignment",
                "dst_type": "null",
                "src": "i \u003d _inputBuffer[(ptr++)]",
                "dst": "null",
                "src_parent_type": "Block",
                "dst_parent_type": "null",
                "src_parent": "{\n    i \u003d _inputBuffer[(ptr++)];\n    if (i \u003e\u003d 0) {\n        value \u003d (value \u003c\u003c 7) + i;\n        i \u003d _inputBuffer[(ptr++)];\n        if (i \u003e\u003d 0) {\n            value \u003d (value \u003c\u003c 7) + i;\n            i \u003d _inputBuffer[(ptr++)];\n            if (i \u003e\u003d 0) {\n                value \u003d (value \u003c\u003c 7) + i;\n                i \u003d _inputBuffer[(ptr++)];\n                if (i \u003e\u003d 0) {\n                    _reportError(\"Corrupt input; 32-bit VInt extends beyond 5 data bytes\");\n                }\n            }\n        }\n    }\n    value \u003d (value \u003c\u003c 6) + (i \u0026 63);\n}",
                "dst_parent": "null"
              },
              "line": 1398,
              "file": "/home/khesoem/projects/lighter/exp/smile/src/main/java/com/fasterxml/jackson/dataformat/smile/async/NonBlockingByteArrayParser.java"
            }
          ]
        },
        {
          "tool-name": "JKali",
          "pattern-name": "JKali:del",
          "Unified_Diff_of-files:": "Starts Below...",
          "DELETE:": "    protected final static int MINOR_VALUE_NUMBER_BIGDEC \u003d 11;",
          "CHANGE_old:": "",
          "CHANGE_new:": "    protected final static int MINOR_VALUE_STRING_SHARED_2BYTE \u003d 19;",
          "INSERT:": "    ",
          "instance_detail": [
            {
              "pattern_action": "DEL",
              "pattern_entity": {
                "entity_type": "*",
                "entity_new value": "*",
                "entity_role": "Statement",
                "entity_parent": "null"
              },
              "concrete_change": {
                "operator": "DEL",
                "src_type": "Assignment",
                "dst_type": "null",
                "src": "value \u003d (value \u003c\u003c 6) + (i \u0026 63)",
                "dst": "null",
                "src_parent_type": "Block",
                "dst_parent_type": "null",
                "src_parent": "{\n    i \u003d _inputBuffer[(ptr++)];\n    if (i \u003e\u003d 0) {\n        value \u003d (value \u003c\u003c 7) + i;\n        i \u003d _inputBuffer[(ptr++)];\n        if (i \u003e\u003d 0) {\n            value \u003d (value \u003c\u003c 7) + i;\n            i \u003d _inputBuffer[(ptr++)];\n            if (i \u003e\u003d 0) {\n                value \u003d (value \u003c\u003c 7) + i;\n                i \u003d _inputBuffer[(ptr++)];\n                if (i \u003e\u003d 0) {\n                    _reportError(\"Corrupt input; 32-bit VInt extends beyond 5 data bytes\");\n                }\n            }\n        }\n    }\n    value \u003d (value \u003c\u003c 6) + (i \u0026 63);\n}",
                "dst_parent": "null"
              },
              "line": 1415,
              "file": "/home/khesoem/projects/lighter/exp/smile/src/main/java/com/fasterxml/jackson/dataformat/smile/async/NonBlockingByteArrayParser.java"
            }
          ]
        },
        {
          "tool-name": "JKali",
          "pattern-name": "JKali:del",
          "Unified_Diff_of-files:": "Starts Below...",
          "DELETE:": "    protected final static int MINOR_VALUE_NUMBER_BIGDEC \u003d 11;",
          "CHANGE_old:": "",
          "CHANGE_new:": "    protected final static int MINOR_VALUE_STRING_SHARED_2BYTE \u003d 19;",
          "INSERT:": "    ",
          "instance_detail": [
            {
              "pattern_action": "DEL",
              "pattern_entity": {
                "entity_type": "*",
                "entity_new value": "*",
                "entity_role": "Statement",
                "entity_parent": "null"
              },
              "concrete_change": {
                "operator": "DEL",
                "src_type": "If",
                "dst_type": "null",
                "src": "if (value \u003c 0) {\n    value \u0026\u003d 63;\n} else {\n    i \u003d _inputBuffer[(ptr++)];\n    if (i \u003e\u003d 0) {\n        value \u003d (value \u003c\u003c 7) + i;\n        i \u003d _inputBuffer[(ptr++)];\n        if (i \u003e\u003d 0) {\n            value \u003d (value \u003c\u003c 7) + i;\n            i \u003d _inputBuffer[(ptr++)];\n            if (i \u003e\u003d 0) {\n                value \u003d (value \u003c\u003c 7) + i;\n                i \u003d _inputBuffer[(ptr++)];\n                if (i \u003e\u003d 0) {\n                    _reportError(\"Corrupt input; 32-bit VInt extends beyond 5 data bytes\");\n                }\n            }\n        }\n    }\n    value \u003d (value \u003c\u003c 6) + (i \u0026 63);\n}",
                "dst": "null",
                "src_parent_type": "Block",
                "dst_parent_type": "null",
                "src_parent": "{\n    int ptr \u003d _inputPtr;\n    if ((ptr + 5) \u003e (_inputEnd)) {\n        return _finishInt(0, 0);\n    }\n    int value \u003d _inputBuffer[(ptr++)];\n    int i;\n    if (value \u003c 0) {\n        value \u0026\u003d 63;\n    } else {\n        i \u003d _inputBuffer[(ptr++)];\n        if (i \u003e\u003d 0) {\n            value \u003d (value \u003c\u003c 7) + i;\n            i \u003d _inputBuffer[(ptr++)];\n            if (i \u003e\u003d 0) {\n                value \u003d (value \u003c\u003c 7) + i;\n                i \u003d _inputBuffer[(ptr++)];\n                if (i \u003e\u003d 0) {\n                    value \u003d (value \u003c\u003c 7) + i;\n                    i \u003d _inputBuffer[(ptr++)];\n                    if (i \u003e\u003d 0) {\n                        _reportError(\"Corrupt input; 32-bit VInt extends beyond 5 data bytes\");\n                    }\n                }\n            }\n        }\n        value \u003d (value \u003c\u003c 6) + (i \u0026 63);\n    }\n    _inputPtr \u003d ptr;\n    _numberInt \u003d com.fasterxml.jackson.dataformat.smile.SmileUtil.zigzagDecode(value);\n    _numTypesValid \u003d NR_INT;\n    _numberType \u003d NumberType.INT;\n    return _valueComplete(com.fasterxml.jackson.core.JsonToken.VALUE_NUMBER_INT);\n}",
                "dst_parent": "null"
              },
              "line": 1395,
              "file": "/home/khesoem/projects/lighter/exp/smile/src/main/java/com/fasterxml/jackson/dataformat/smile/async/NonBlockingByteArrayParser.java"
            }
          ]
        },
        {
          "tool-name": "JKali",
          "pattern-name": "JKali:add_rtrn",
          "Unified_Diff_of-files:": "Starts Below...",
          "DELETE:": "    protected final static int MINOR_VALUE_NUMBER_BIGDEC \u003d 11;",
          "CHANGE_old:": "",
          "CHANGE_new:": "    protected final static int MINOR_VALUE_STRING_SHARED_2BYTE \u003d 19;",
          "INSERT:": "    ",
          "instance_detail": [
            {
              "pattern_action": "INS",
              "pattern_entity": {
                "entity_type": "Return",
                "entity_new value": "*",
                "entity_role": "Statement",
                "entity_parent": "null"
              },
              "concrete_change": {
                "operator": "INS",
                "src_type": "Return",
                "dst_type": "null",
                "src": "return _finishBigIntBody(byteLen, 0)",
                "dst": "null",
                "src_parent_type": "Block",
                "dst_parent_type": "null",
                "src_parent": "{\n    if (((_inputPtr) + 5) \u003e (_inputEnd)) {\n        return _finishBigIntLen(0, 0);\n    }\n    int byteLen \u003d _decodeVInt();\n    return _finishBigIntBody(byteLen, 0);\n}",
                "dst_parent": "null"
              },
              "line": 1491,
              "file": "/home/khesoem/projects/lighter/exp/smile/src/main/java/com/fasterxml/jackson/dataformat/smile/async/NonBlockingByteArrayParser.java"
            }
          ]
        },
        {
          "tool-name": "JKali",
          "pattern-name": "JKali:add_rtrn",
          "Unified_Diff_of-files:": "Starts Below...",
          "DELETE:": "    protected final static int MINOR_VALUE_NUMBER_BIGDEC \u003d 11;",
          "CHANGE_old:": "",
          "CHANGE_new:": "    protected final static int MINOR_VALUE_STRING_SHARED_2BYTE \u003d 19;",
          "INSERT:": "    ",
          "instance_detail": [
            {
              "pattern_action": "INS",
              "pattern_entity": {
                "entity_type": "Return",
                "entity_new value": "*",
                "entity_role": "Statement",
                "entity_parent": "null"
              },
              "concrete_change": {
                "operator": "INS",
                "src_type": "Return",
                "dst_type": "null",
                "src": "return com.fasterxml.jackson.core.JsonToken.NOT_AVAILABLE",
                "dst": "null",
                "src_parent_type": "Block",
                "dst_parent_type": "null",
                "src_parent": "{\n    byte[] buf \u003d _inputCopy;\n    if (bytesRead \u003d\u003d 0) {\n        if ((buf.length) \u003c byteLen) {\n            buf \u003d java.util.Arrays.copyOf(buf, byteLen);\n            _inputCopy \u003d buf;\n        }\n    }\n    int avail \u003d (_inputEnd) - (_inputPtr);\n    if (avail \u003e\u003d byteLen) {\n    }\n    return com.fasterxml.jackson.core.JsonToken.NOT_AVAILABLE;\n}",
                "dst_parent": "null"
              },
              "line": 1529,
              "file": "/home/khesoem/projects/lighter/exp/smile/src/main/java/com/fasterxml/jackson/dataformat/smile/async/NonBlockingByteArrayParser.java"
            }
          ]
        },
        {
          "tool-name": "JKali",
          "pattern-name": "JKali:add_rtrn",
          "Unified_Diff_of-files:": "Starts Below...",
          "DELETE:": "    protected final static int MINOR_VALUE_NUMBER_BIGDEC \u003d 11;",
          "CHANGE_old:": "",
          "CHANGE_new:": "    protected final static int MINOR_VALUE_STRING_SHARED_2BYTE \u003d 19;",
          "INSERT:": "    ",
          "instance_detail": [
            {
              "pattern_action": "INS",
              "pattern_entity": {
                "entity_type": "Return",
                "entity_new value": "*",
                "entity_role": "Statement",
                "entity_parent": "null"
              },
              "concrete_change": {
                "operator": "INS",
                "src_type": "Return",
                "dst_type": "null",
                "src": "return (value \u003c\u003c 6) + (i \u0026 63)",
                "dst": "null",
                "src_parent_type": "Block",
                "dst_parent_type": "null",
                "src_parent": "{\n    int ptr \u003d _inputPtr;\n    int value \u003d _inputBuffer[(ptr++)];\n    if (value \u003c 0) {\n        _inputPtr \u003d ptr;\n        return value \u0026 63;\n    }\n    int i \u003d _inputBuffer[(ptr++)];\n    if (i \u003e\u003d 0) {\n        value \u003d (value \u003c\u003c 7) + i;\n        i \u003d _inputBuffer[(ptr++)];\n        if (i \u003e\u003d 0) {\n            value \u003d (value \u003c\u003c 7) + i;\n            i \u003d _inputBuffer[(ptr++)];\n            if (i \u003e\u003d 0) {\n                value \u003d (value \u003c\u003c 7) + i;\n                i \u003d _inputBuffer[(ptr++)];\n                if (i \u003e\u003d 0) {\n                    _reportError(\"Corrupt input; 32-bit VInt extends beyond 5 data bytes\");\n                }\n            }\n        }\n    }\n    _inputPtr \u003d ptr;\n    return (value \u003c\u003c 6) + (i \u0026 63);\n}",
                "dst_parent": "null"
              },
              "line": 1572,
              "file": "/home/khesoem/projects/lighter/exp/smile/src/main/java/com/fasterxml/jackson/dataformat/smile/async/NonBlockingByteArrayParser.java"
            }
          ]
        },
        {
          "tool-name": "JKali",
          "pattern-name": "JKali:add_rtrn",
          "Unified_Diff_of-files:": "Starts Below...",
          "DELETE:": "    protected final static int MINOR_VALUE_NUMBER_BIGDEC \u003d 11;",
          "CHANGE_old:": "",
          "CHANGE_new:": "    protected final static int MINOR_VALUE_STRING_SHARED_2BYTE \u003d 19;",
          "INSERT:": "    ",
          "instance_detail": [
            {
              "pattern_action": "INS",
              "pattern_entity": {
                "entity_type": "Return",
                "entity_new value": "*",
                "entity_role": "Statement",
                "entity_parent": "null"
              },
              "concrete_change": {
                "operator": "INS",
                "src_type": "Return",
                "dst_type": "null",
                "src": "return _finishBigIntLen(0, 0)",
                "dst": "null",
                "src_parent_type": "Block",
                "dst_parent_type": "null",
                "src_parent": "{\n    return _finishBigIntLen(0, 0);\n}",
                "dst_parent": "null"
              },
              "line": 1488,
              "file": "/home/khesoem/projects/lighter/exp/smile/src/main/java/com/fasterxml/jackson/dataformat/smile/async/NonBlockingByteArrayParser.java"
            }
          ]
        },
        {
          "tool-name": "JKali",
          "pattern-name": "JKali:add_rtrn",
          "Unified_Diff_of-files:": "Starts Below...",
          "DELETE:": "    protected final static int MINOR_VALUE_NUMBER_BIGDEC \u003d 11;",
          "CHANGE_old:": "",
          "CHANGE_new:": "    protected final static int MINOR_VALUE_STRING_SHARED_2BYTE \u003d 19;",
          "INSERT:": "    ",
          "instance_detail": [
            {
              "pattern_action": "INS",
              "pattern_entity": {
                "entity_type": "Return",
                "entity_new value": "*",
                "entity_role": "Statement",
                "entity_parent": "null"
              },
              "concrete_change": {
                "operator": "INS",
                "src_type": "Return",
                "dst_type": "null",
                "src": "return value \u0026 63",
                "dst": "null",
                "src_parent_type": "Block",
                "dst_parent_type": "null",
                "src_parent": "{\n    _inputPtr \u003d ptr;\n    return value \u0026 63;\n}",
                "dst_parent": "null"
              },
              "line": 1552,
              "file": "/home/khesoem/projects/lighter/exp/smile/src/main/java/com/fasterxml/jackson/dataformat/smile/async/NonBlockingByteArrayParser.java"
            }
          ]
        },
        {
          "tool-name": "JKali",
          "pattern-name": "JKali:add_rtrn",
          "Unified_Diff_of-files:": "Starts Below...",
          "DELETE:": "    protected final static int MINOR_VALUE_NUMBER_BIGDEC \u003d 11;",
          "CHANGE_old:": "",
          "CHANGE_new:": "    protected final static int MINOR_VALUE_STRING_SHARED_2BYTE \u003d 19;",
          "INSERT:": "    ",
          "instance_detail": [
            {
              "pattern_action": "INS",
              "pattern_entity": {
                "entity_type": "Return",
                "entity_new value": "*",
                "entity_role": "Statement",
                "entity_parent": "null"
              },
              "concrete_change": {
                "operator": "INS",
                "src_type": "Return",
                "dst_type": "null",
                "src": "return _finishBigIntBody(value, 0)",
                "dst": "null",
                "src_parent_type": "Block",
                "dst_parent_type": "null",
                "src_parent": "{\n    value \u003d (value \u003c\u003c 6) | (b \u0026 63);\n    return _finishBigIntBody(value, 0);\n}",
                "dst_parent": "null"
              },
              "line": 1500,
              "file": "/home/khesoem/projects/lighter/exp/smile/src/main/java/com/fasterxml/jackson/dataformat/smile/async/NonBlockingByteArrayParser.java"
            }
          ]
        }
      ]
    }
  ],
  "complete_analysis": true
}