{
  "instances": [
    {
      "revision": "0fa869388e35e77bbd0ec1bef358af2ebfd49419",
      "repairability": [
        {
          "tool-name": "JGenProg",
          "pattern-name": "JGenProg:any_statement_shallow",
          "Unified_Diff_of-files:": "Starts Below...",
          "CHANGE_old:": "    public void endMiningSession(OracleConnection connection) throws SQLException {",
          "CHANGE_new:": "    public void endMiningSession(OracleConnection connection, OracleOffsetContext offsetContext) throws SQLException {",
          "DELETE:": "",
          "INSERT:": "                    startScn, endScn, offsetContext.getScn(), strategy, isContinuousMining);",
          "instance_detail": [
            {
              "pattern_action": "ANY",
              "pattern_entity": {
                "entity_type": "*",
                "entity_new value": "*",
                "entity_role": "Statement",
                "entity_parent": "null"
              },
              "concrete_change": {
                "operator": "DEL",
                "src_type": "LocalVariable",
                "dst_type": "null",
                "src": "final java.lang.String query \u003d io.debezium.connector.oracle.logminer.LogMinerQueryBuilder.build(connectorConfig)",
                "dst": "null",
                "src_parent_type": "Block",
                "dst_parent_type": "null",
                "src_parent": "{\n    startScn \u003d offsetContext.getScn();\n    createFlushTable(jdbcConnection);\n    if ((!(isContinuousMining)) \u0026\u0026 ((startScn.compareTo(getFirstScnInLogs(jdbcConnection))) \u003c 0)) {\n        throw new io.debezium.DebeziumException(((\"Online REDO LOG files or archive log files do not contain the offset scn \" + (startScn)) + \".  Please perform a new snapshot.\"));\n    }\n    setNlsSessionParameters(jdbcConnection);\n    checkSupplementalLogging(jdbcConnection, connectorConfig.getPdbName(), schema);\n    initializeRedoLogsForMining(jdbcConnection, false, startScn);\n    final io.debezium.connector.oracle.logminer.LogMinerQueryResultProcessor processor \u003d new io.debezium.connector.oracle.logminer.LogMinerQueryResultProcessor(context, connectorConfig, streamingMetrics, transactionalBuffer, offsetContext, schema, dispatcher);\n    final java.lang.String query \u003d io.debezium.connector.oracle.logminer.LogMinerQueryBuilder.build(connectorConfig);\n    try (java.sql.PreparedStatement miningView \u003d jdbcConnection.connection().prepareStatement(query, java.sql.ResultSet.TYPE_FORWARD_ONLY, java.sql.ResultSet.CONCUR_READ_ONLY, java.sql.ResultSet.HOLD_CURSORS_OVER_COMMIT)) {\n        currentRedoLogSequences \u003d getCurrentRedoLogSequences();\n        io.debezium.util.Stopwatch stopwatch \u003d io.debezium.util.Stopwatch.reusable();\n        while (context.isRunning()) {\n            streamingMetrics.calculateTimeDifference(getDatabaseSystemTime(jdbcConnection));\n            java.time.Instant start \u003d java.time.Instant.now();\n            endScn \u003d calculateEndScn(jdbcConnection, startScn, endScn);\n            flushLogWriter(jdbcConnection, jdbcConfiguration, racHosts);\n            if (hasLogSwitchOccurred()) {\n                io.debezium.connector.oracle.logminer.LogMinerStreamingChangeEventSource.LOGGER.trace(\"Ending log mining startScn\u003d{}, endScn\u003d{}, offsetContext.getScn\u003d{}, strategy\u003d{}, continuous\u003d{}\", startScn, endScn, offsetContext.getScn(), strategy, isContinuousMining);\n                endMiningSession(jdbcConnection);\n                initializeRedoLogsForMining(jdbcConnection, true, startScn);\n                abandonOldTransactionsIfExist(jdbcConnection, offsetContext, transactionalBuffer);\n                currentRedoLogSequences \u003d getCurrentRedoLogSequences();\n            }\n            startMiningSession(jdbcConnection, startScn, endScn);\n            io.debezium.connector.oracle.logminer.LogMinerStreamingChangeEventSource.LOGGER.trace(\"Fetching LogMiner view results SCN {} to {}\", startScn, endScn);\n            stopwatch.start();\n            miningView.setFetchSize(connectorConfig.getMaxQueueSize());\n            miningView.setFetchDirection(java.sql.ResultSet.FETCH_FORWARD);\n            miningView.setString(1, startScn.toString());\n            miningView.setString(2, endScn.toString());\n            try (java.sql.ResultSet rs \u003d miningView.executeQuery()) {\n                java.time.Duration lastDurationOfBatchCapturing \u003d stopwatch.stop().durations().statistics().getTotal();\n                streamingMetrics.setLastDurationOfBatchCapturing(lastDurationOfBatchCapturing);\n                processor.processResult(rs);\n                if (connectorConfig.isLobEnabled()) {\n                    startScn \u003d transactionalBuffer.updateOffsetContext(offsetContext, dispatcher);\n                } else {\n                    if (transactionalBuffer.isEmpty()) {\n                        io.debezium.connector.oracle.logminer.LogMinerStreamingChangeEventSource.LOGGER.debug(\"Buffer is empty, updating offset SCN to {}\", endScn);\n                        offsetContext.setScn(endScn);\n                    }\n                    startScn \u003d endScn;\n                }\n            }\n            captureSessionMemoryStatistics(jdbcConnection);\n            streamingMetrics.setCurrentBatchProcessingTime(java.time.Duration.between(start, java.time.Instant.now()));\n            pauseBetweenMiningSessions();\n        } \n    }\n}",
                "dst_parent": "null"
              },
              "line": 129,
              "file": "/home/khesoem/projects/lighter/exp/debezium-connector-oracle/src/main/java/io/debezium/connector/oracle/logminer/LogMinerStreamingChangeEventSource.java",
              "stats": {
                "number_of_src_entities": 26,
                "number_of_dst_entities": -1,
                "src_entity_types": "[io.debezium.connector.oracle.logminer.LogMinerStreamingChangeEventSource, java.lang.String, io.debezium.connector.oracle.logminer.LogMinerQueryBuilder]",
                "dst_entity_types": "[]"
              }
            }
          ]
        }
      ]
    }
  ],
  "complete_analysis": true
}