{
  "instances": [
    {
      "revision": "b8c2d6e64a442e3ac2fef5697036b9babf037312",
      "repairability": [
        {
          "tool-name": "JGenProg",
          "pattern-name": "JGenProg:any_statement_shallow",
          "Unified_Diff_of-files:": "Starts Below...",
          "DELETE:": "import static io.debezium.connector.oracle.logminer.LogMinerHelper.getSystime;",
          "INSERT:": "",
          "CHANGE_old:": "                        streamingMetrics.calculateTimeDifference(getSystime(jdbcConnection));",
          "CHANGE_new:": "                        streamingMetrics.calculateTimeDifference(getDatabaseSystemTime(jdbcConnection));",
          "instance_detail": [
            {
              "pattern_action": "ANY",
              "pattern_entity": {
                "entity_type": "*",
                "entity_new value": "*",
                "entity_role": "Statement",
                "entity_parent": "null"
              },
              "concrete_change": {
                "operator": "DEL",
                "src_type": "Return",
                "dst_type": "null",
                "src": "return rs.getObject(1, .class)",
                "dst": "null",
                "src_parent_type": "Block",
                "dst_parent_type": "null",
                "src_parent": "{\n    return rs.getObject(1, .class);\n}",
                "dst_parent": "null"
              },
              "line": 124,
              "file": "/home/khesoem/projects/lighter/exp/debezium-connector-oracle/src/main/java/io/debezium/connector/oracle/logminer/LogMinerHelper.java"
            }
          ]
        },
        {
          "tool-name": "JGenProg",
          "pattern-name": "JGenProg:any_statement_shallow",
          "Unified_Diff_of-files:": "Starts Below...",
          "DELETE:": "import static io.debezium.connector.oracle.logminer.LogMinerHelper.getSystime;",
          "INSERT:": "",
          "CHANGE_old:": "                        streamingMetrics.calculateTimeDifference(getSystime(jdbcConnection));",
          "CHANGE_new:": "                        streamingMetrics.calculateTimeDifference(getDatabaseSystemTime(jdbcConnection));",
          "instance_detail": [
            {
              "pattern_action": "ANY",
              "pattern_entity": {
                "entity_type": "*",
                "entity_new value": "*",
                "entity_role": "Statement",
                "entity_parent": "null"
              },
              "concrete_change": {
                "operator": "DEL",
                "src_type": "Return",
                "dst_type": "null",
                "src": "return null",
                "dst": "null",
                "src_parent_type": "Block",
                "dst_parent_type": "null",
                "src_parent": "{\n    return null;\n}",
                "dst_parent": "null"
              },
              "line": 127,
              "file": "/home/khesoem/projects/lighter/exp/debezium-connector-oracle/src/main/java/io/debezium/connector/oracle/logminer/LogMinerHelper.java"
            }
          ]
        },
        {
          "tool-name": "JGenProg",
          "pattern-name": "JGenProg:any_statement_shallow",
          "Unified_Diff_of-files:": "Starts Below...",
          "DELETE:": "import static io.debezium.connector.oracle.logminer.LogMinerHelper.getSystime;",
          "INSERT:": "",
          "CHANGE_old:": "                        streamingMetrics.calculateTimeDifference(getSystime(jdbcConnection));",
          "CHANGE_new:": "                        streamingMetrics.calculateTimeDifference(getDatabaseSystemTime(jdbcConnection));",
          "instance_detail": [
            {
              "pattern_action": "ANY",
              "pattern_entity": {
                "entity_type": "*",
                "entity_new value": "*",
                "entity_role": "Statement",
                "entity_parent": "null"
              },
              "concrete_change": {
                "operator": "DEL",
                "src_type": "If",
                "dst_type": "null",
                "src": "if (rs.next()) {\n    return rs.getObject(1, .class);\n} else {\n    return null;\n}",
                "dst": "null",
                "src_parent_type": "Block",
                "dst_parent_type": "null",
                "src_parent": "{\n    if (rs.next()) {\n        return rs.getObject(1, .class);\n    } else {\n        return null;\n    }\n}",
                "dst_parent": "null"
              },
              "line": 123,
              "file": "/home/khesoem/projects/lighter/exp/debezium-connector-oracle/src/main/java/io/debezium/connector/oracle/logminer/LogMinerHelper.java"
            }
          ]
        },
        {
          "tool-name": "JGenProg",
          "pattern-name": "JGenProg:any_statement_shallow",
          "Unified_Diff_of-files:": "Starts Below...",
          "DELETE:": "import static io.debezium.connector.oracle.logminer.LogMinerHelper.getSystime;",
          "INSERT:": "",
          "CHANGE_old:": "                        streamingMetrics.calculateTimeDifference(getSystime(jdbcConnection));",
          "CHANGE_new:": "                        streamingMetrics.calculateTimeDifference(getDatabaseSystemTime(jdbcConnection));",
          "instance_detail": [
            {
              "pattern_action": "ANY",
              "pattern_entity": {
                "entity_type": "*",
                "entity_new value": "*",
                "entity_role": "Statement",
                "entity_parent": "null"
              },
              "concrete_change": {
                "operator": "DEL",
                "src_type": "Return",
                "dst_type": "null",
                "src": "return connection.queryAndMap(SqlUtils.SELECT_SYSTIMESTAMP, ( rs) -\u003e {\n    if (rs.next()) {\n        return rs.getObject(1, .class);\n    } else {\n        return null;\n    }\n})",
                "dst": "null",
                "src_parent_type": "Block",
                "dst_parent_type": "null",
                "src_parent": "{\n    return connection.queryAndMap(SqlUtils.SELECT_SYSTIMESTAMP, ( rs) -\u003e {\n        if (rs.next()) {\n            return rs.getObject(1, .class);\n        } else {\n            return null;\n        }\n    });\n}",
                "dst_parent": "null"
              },
              "line": 122,
              "file": "/home/khesoem/projects/lighter/exp/debezium-connector-oracle/src/main/java/io/debezium/connector/oracle/logminer/LogMinerHelper.java"
            }
          ]
        }
      ]
    }
  ],
  "complete_analysis": true
}