{
  "instances": [
    {
      "revision": "05ce63e06a955c6e25a342ce9d6996ffa6c6c7f6",
      "repairability": [
        {
          "tool-name": "JGenProg",
          "pattern-name": "JGenProg:any_statement_shallow",
          "Unified_Diff_of-files:": "Starts Below...",
          "CHANGE_old:": "            if (rs.next()) {",
          "CHANGE_new:": "            while (rs.next()) {",
          "instance_detail": [
            {
              "pattern_action": "ANY",
              "pattern_entity": {
                "entity_type": "*",
                "entity_new value": "*",
                "entity_role": "Statement",
                "entity_parent": "null"
              },
              "concrete_change": {
                "operator": "DEL",
                "src_type": "If",
                "dst_type": "null",
                "src": "if (rs.next()) {\n    sequences.add(new java.math.BigInteger(rs.getString(1)));\n}",
                "dst": "null",
                "src_parent_type": "Block",
                "dst_parent_type": "null",
                "src_parent": "{\n    List\u003cjava.math.BigInteger\u003e sequences \u003d new io.debezium.connector.oracle.logminer.ArrayList\u003c\u003e();\n    if (rs.next()) {\n        sequences.add(new java.math.BigInteger(rs.getString(1)));\n    }\n    return sequences;\n}",
                "dst_parent": "null"
              },
              "line": 302,
              "file": "/home/khesoem/projects/lighter/exp/debezium-connector-oracle/src/main/java/io/debezium/connector/oracle/logminer/LogMinerStreamingChangeEventSource.java",
              "stats": {
                "number_of_src_entities": 32,
                "number_of_dst_entities": -1,
                "src_entity_types": "[int, io.debezium.connector.oracle.logminer.rs, java.math.BigInteger, List\u003cjava.math.BigInteger\u003e, io.debezium.connector.oracle.logminer.sequences]",
                "dst_entity_types": "[]"
              }
            }
          ]
        }
      ]
    }
  ],
  "complete_analysis": true
}