{
  "instances": [
    {
      "revision": "7f7e23b1107b8f429ae40c964573fec4bae30eea",
      "repairability": [
        {
          "tool-name": "JGenProg",
          "pattern-name": "JGenProg:any_statement_shallow",
          "Unified_Diff_of-files:": "Starts Below...",
          "INSERT:": "",
          "CHANGE_old:": "            default:",
          "CHANGE_new:": "",
          "DELETE:": "}",
          "instance_detail": [
            {
              "pattern_action": "ANY",
              "pattern_entity": {
                "entity_type": "*",
                "entity_new value": "*",
                "entity_role": "Statement",
                "entity_parent": "null"
              },
              "concrete_change": {
                "operator": "DEL",
                "src_type": "Return",
                "dst_type": "null",
                "src": "return new io.debezium.converters.CloudEventsMaker.MysqlCloudEventsMaker(parser, contentType, dataSchemaUriBase)",
                "dst": "null",
                "src_parent_type": "Case",
                "dst_parent_type": "null",
                "src_parent": "case \"mysql\" :\n    return new io.debezium.converters.CloudEventsMaker.MysqlCloudEventsMaker(parser, contentType, dataSchemaUriBase);",
                "dst_parent": "null"
              },
              "line": 87,
              "file": "/home/khesoem/projects/lighter/exp/debezium-core/src/main/java/io/debezium/converters/CloudEventsMaker.java"
            }
          ]
        },
        {
          "tool-name": "JGenProg",
          "pattern-name": "JGenProg:any_statement_shallow",
          "Unified_Diff_of-files:": "Starts Below...",
          "INSERT:": "",
          "CHANGE_old:": "            default:",
          "CHANGE_new:": "",
          "DELETE:": "}",
          "instance_detail": [
            {
              "pattern_action": "ANY",
              "pattern_entity": {
                "entity_type": "*",
                "entity_new value": "*",
                "entity_role": "Statement",
                "entity_parent": "null"
              },
              "concrete_change": {
                "operator": "DEL",
                "src_type": "Return",
                "dst_type": "null",
                "src": "return new io.debezium.converters.CloudEventsMaker.PostgresCloudEventsMaker(parser, contentType, dataSchemaUriBase)",
                "dst": "null",
                "src_parent_type": "Case",
                "dst_parent_type": "null",
                "src_parent": "case \"postgresql\" :\n    return new io.debezium.converters.CloudEventsMaker.PostgresCloudEventsMaker(parser, contentType, dataSchemaUriBase);",
                "dst_parent": "null"
              },
              "line": 89,
              "file": "/home/khesoem/projects/lighter/exp/debezium-core/src/main/java/io/debezium/converters/CloudEventsMaker.java"
            }
          ]
        },
        {
          "tool-name": "JGenProg",
          "pattern-name": "JGenProg:any_statement_shallow",
          "Unified_Diff_of-files:": "Starts Below...",
          "INSERT:": "",
          "CHANGE_old:": "            default:",
          "CHANGE_new:": "",
          "DELETE:": "}",
          "instance_detail": [
            {
              "pattern_action": "ANY",
              "pattern_entity": {
                "entity_type": "*",
                "entity_new value": "*",
                "entity_role": "Statement",
                "entity_parent": "null"
              },
              "concrete_change": {
                "operator": "DEL",
                "src_type": "Return",
                "dst_type": "null",
                "src": "return new io.debezium.converters.CloudEventsMaker.MongodbCloudEventsMaker(parser, contentType, dataSchemaUriBase)",
                "dst": "null",
                "src_parent_type": "Case",
                "dst_parent_type": "null",
                "src_parent": "case \"mongodb\" :\n    return new io.debezium.converters.CloudEventsMaker.MongodbCloudEventsMaker(parser, contentType, dataSchemaUriBase);",
                "dst_parent": "null"
              },
              "line": 91,
              "file": "/home/khesoem/projects/lighter/exp/debezium-core/src/main/java/io/debezium/converters/CloudEventsMaker.java"
            }
          ]
        },
        {
          "tool-name": "JGenProg",
          "pattern-name": "JGenProg:any_statement_shallow",
          "Unified_Diff_of-files:": "Starts Below...",
          "INSERT:": "",
          "CHANGE_old:": "            default:",
          "CHANGE_new:": "",
          "DELETE:": "}",
          "instance_detail": [
            {
              "pattern_action": "ANY",
              "pattern_entity": {
                "entity_type": "*",
                "entity_new value": "*",
                "entity_role": "Statement",
                "entity_parent": "null"
              },
              "concrete_change": {
                "operator": "DEL",
                "src_type": "Return",
                "dst_type": "null",
                "src": "return new io.debezium.converters.CloudEventsMaker.SqlserverCloudEventsMaker(parser, contentType, dataSchemaUriBase)",
                "dst": "null",
                "src_parent_type": "Case",
                "dst_parent_type": "null",
                "src_parent": "case \"sqlserver\" :\n    return new io.debezium.converters.CloudEventsMaker.SqlserverCloudEventsMaker(parser, contentType, dataSchemaUriBase);",
                "dst_parent": "null"
              },
              "line": 93,
              "file": "/home/khesoem/projects/lighter/exp/debezium-core/src/main/java/io/debezium/converters/CloudEventsMaker.java"
            }
          ]
        },
        {
          "tool-name": "JGenProg",
          "pattern-name": "JGenProg:any_statement_shallow",
          "Unified_Diff_of-files:": "Starts Below...",
          "INSERT:": "",
          "CHANGE_old:": "            default:",
          "CHANGE_new:": "",
          "DELETE:": "}",
          "instance_detail": [
            {
              "pattern_action": "ANY",
              "pattern_entity": {
                "entity_type": "*",
                "entity_new value": "*",
                "entity_role": "Statement",
                "entity_parent": "null"
              },
              "concrete_change": {
                "operator": "DEL",
                "src_type": "Return",
                "dst_type": "null",
                "src": "return new io.debezium.converters.CloudEventsMaker.OracleCloudEventsMaker(parser, contentType, dataSchemaUriBase)",
                "dst": "null",
                "src_parent_type": "Case",
                "dst_parent_type": "null",
                "src_parent": "case \"oracle\" :\n    return new io.debezium.converters.CloudEventsMaker.OracleCloudEventsMaker(parser, contentType, dataSchemaUriBase);",
                "dst_parent": "null"
              },
              "line": 95,
              "file": "/home/khesoem/projects/lighter/exp/debezium-core/src/main/java/io/debezium/converters/CloudEventsMaker.java"
            }
          ]
        },
        {
          "tool-name": "JGenProg",
          "pattern-name": "JGenProg:any_statement_shallow",
          "Unified_Diff_of-files:": "Starts Below...",
          "INSERT:": "",
          "CHANGE_old:": "            default:",
          "CHANGE_new:": "",
          "DELETE:": "}",
          "instance_detail": [
            {
              "pattern_action": "ANY",
              "pattern_entity": {
                "entity_type": "*",
                "entity_new value": "*",
                "entity_role": "Statement",
                "entity_parent": "null"
              },
              "concrete_change": {
                "operator": "DEL",
                "src_type": "Return",
                "dst_type": "null",
                "src": "return new io.debezium.converters.CloudEventsMaker.Db2CloudEventsMaker(parser, contentType, dataSchemaUriBase)",
                "dst": "null",
                "src_parent_type": "Case",
                "dst_parent_type": "null",
                "src_parent": "case \"db2\" :\n    return new io.debezium.converters.CloudEventsMaker.Db2CloudEventsMaker(parser, contentType, dataSchemaUriBase);",
                "dst_parent": "null"
              },
              "line": 97,
              "file": "/home/khesoem/projects/lighter/exp/debezium-core/src/main/java/io/debezium/converters/CloudEventsMaker.java"
            }
          ]
        },
        {
          "tool-name": "JGenProg",
          "pattern-name": "JGenProg:any_statement_shallow",
          "Unified_Diff_of-files:": "Starts Below...",
          "INSERT:": "",
          "CHANGE_old:": "            default:",
          "CHANGE_new:": "",
          "DELETE:": "}",
          "instance_detail": [
            {
              "pattern_action": "ANY",
              "pattern_entity": {
                "entity_type": "*",
                "entity_new value": "*",
                "entity_role": "Statement",
                "entity_parent": "null"
              },
              "concrete_change": {
                "operator": "DEL",
                "src_type": "Return",
                "dst_type": "null",
                "src": "return new io.debezium.converters.CloudEventsMaker.VitessCloudEventsMaker(parser, contentType, dataSchemaUriBase)",
                "dst": "null",
                "src_parent_type": "Case",
                "dst_parent_type": "null",
                "src_parent": "case \"vitess\" :\n    return new io.debezium.converters.CloudEventsMaker.VitessCloudEventsMaker(parser, contentType, dataSchemaUriBase);",
                "dst_parent": "null"
              },
              "line": 99,
              "file": "/home/khesoem/projects/lighter/exp/debezium-core/src/main/java/io/debezium/converters/CloudEventsMaker.java"
            }
          ]
        },
        {
          "tool-name": "JGenProg",
          "pattern-name": "JGenProg:any_statement_shallow",
          "Unified_Diff_of-files:": "Starts Below...",
          "INSERT:": "",
          "CHANGE_old:": "            default:",
          "CHANGE_new:": "",
          "DELETE:": "}",
          "instance_detail": [
            {
              "pattern_action": "ANY",
              "pattern_entity": {
                "entity_type": "*",
                "entity_new value": "*",
                "entity_role": "Statement",
                "entity_parent": "null"
              },
              "concrete_change": {
                "operator": "DEL",
                "src_type": "Switch",
                "dst_type": "null",
                "src": "switch (parser.connectorType()) {\n    case \"mysql\" :\n        return new io.debezium.converters.CloudEventsMaker.MysqlCloudEventsMaker(parser, contentType, dataSchemaUriBase);\n    case \"postgresql\" :\n        return new io.debezium.converters.CloudEventsMaker.PostgresCloudEventsMaker(parser, contentType, dataSchemaUriBase);\n    case \"mongodb\" :\n        return new io.debezium.converters.CloudEventsMaker.MongodbCloudEventsMaker(parser, contentType, dataSchemaUriBase);\n    case \"sqlserver\" :\n        return new io.debezium.converters.CloudEventsMaker.SqlserverCloudEventsMaker(parser, contentType, dataSchemaUriBase);\n    case \"oracle\" :\n        return new io.debezium.converters.CloudEventsMaker.OracleCloudEventsMaker(parser, contentType, dataSchemaUriBase);\n    case \"db2\" :\n        return new io.debezium.converters.CloudEventsMaker.Db2CloudEventsMaker(parser, contentType, dataSchemaUriBase);\n    case \"vitess\" :\n        return new io.debezium.converters.CloudEventsMaker.VitessCloudEventsMaker(parser, contentType, dataSchemaUriBase);\n    default :\n        throw new org.apache.kafka.connect.errors.DataException(((\"No usable CloudEvents converters for connector type \\\"\" + (parser.connectorType())) + \"\\\"\"));\n}",
                "dst": "null",
                "src_parent_type": "Block",
                "dst_parent_type": "null",
                "src_parent": "{\n    switch (parser.connectorType()) {\n        case \"mysql\" :\n            return new io.debezium.converters.CloudEventsMaker.MysqlCloudEventsMaker(parser, contentType, dataSchemaUriBase);\n        case \"postgresql\" :\n            return new io.debezium.converters.CloudEventsMaker.PostgresCloudEventsMaker(parser, contentType, dataSchemaUriBase);\n        case \"mongodb\" :\n            return new io.debezium.converters.CloudEventsMaker.MongodbCloudEventsMaker(parser, contentType, dataSchemaUriBase);\n        case \"sqlserver\" :\n            return new io.debezium.converters.CloudEventsMaker.SqlserverCloudEventsMaker(parser, contentType, dataSchemaUriBase);\n        case \"oracle\" :\n            return new io.debezium.converters.CloudEventsMaker.OracleCloudEventsMaker(parser, contentType, dataSchemaUriBase);\n        case \"db2\" :\n            return new io.debezium.converters.CloudEventsMaker.Db2CloudEventsMaker(parser, contentType, dataSchemaUriBase);\n        case \"vitess\" :\n            return new io.debezium.converters.CloudEventsMaker.VitessCloudEventsMaker(parser, contentType, dataSchemaUriBase);\n        default :\n            throw new org.apache.kafka.connect.errors.DataException(((\"No usable CloudEvents converters for connector type \\\"\" + (parser.connectorType())) + \"\\\"\"));\n    }\n}",
                "dst_parent": "null"
              },
              "line": 85,
              "file": "/home/khesoem/projects/lighter/exp/debezium-core/src/main/java/io/debezium/converters/CloudEventsMaker.java"
            }
          ]
        },
        {
          "tool-name": "JGenProg",
          "pattern-name": "JGenProg:any_statement_shallow",
          "Unified_Diff_of-files:": "Starts Below...",
          "INSERT:": "",
          "CHANGE_old:": "            default:",
          "CHANGE_new:": "",
          "DELETE:": "}",
          "instance_detail": [
            {
              "pattern_action": "ANY",
              "pattern_entity": {
                "entity_type": "*",
                "entity_new value": "*",
                "entity_role": "Statement",
                "entity_parent": "null"
              },
              "concrete_change": {
                "operator": "DEL",
                "src_type": "Invocation",
                "dst_type": "null",
                "src": "super(parser, contentType, dataSchemaUriBase)",
                "dst": "null",
                "src_parent_type": "Block",
                "dst_parent_type": "null",
                "src_parent": "{\n    super(parser, contentType, dataSchemaUriBase);\n}",
                "dst_parent": "null"
              },
              "line": 226,
              "file": "/home/khesoem/projects/lighter/exp/debezium-core/src/main/java/io/debezium/converters/CloudEventsMaker.java"
            }
          ]
        },
        {
          "tool-name": "JGenProg",
          "pattern-name": "JGenProg:any_statement_shallow",
          "Unified_Diff_of-files:": "Starts Below...",
          "INSERT:": "",
          "CHANGE_old:": "            default:",
          "CHANGE_new:": "",
          "DELETE:": "}",
          "instance_detail": [
            {
              "pattern_action": "ANY",
              "pattern_entity": {
                "entity_type": "*",
                "entity_new value": "*",
                "entity_role": "Statement",
                "entity_parent": "null"
              },
              "concrete_change": {
                "operator": "DEL",
                "src_type": "Return",
                "dst_type": "null",
                "src": "return ((((\"name:\" + (recordParser.getMetadata(AbstractSourceInfo.SERVER_NAME_KEY))) + \";file:\") + (recordParser.getMetadata(RecordParser.MysqlRecordParser.BINLOG_FILENAME_OFFSET_KEY))) + \";pos:\") + (recordParser.getMetadata(RecordParser.MysqlRecordParser.BINLOG_POSITION_OFFSET_KEY))",
                "dst": "null",
                "src_parent_type": "Block",
                "dst_parent_type": "null",
                "src_parent": "{\n    return ((((\"name:\" + (recordParser.getMetadata(AbstractSourceInfo.SERVER_NAME_KEY))) + \";file:\") + (recordParser.getMetadata(RecordParser.MysqlRecordParser.BINLOG_FILENAME_OFFSET_KEY))) + \";pos:\") + (recordParser.getMetadata(RecordParser.MysqlRecordParser.BINLOG_POSITION_OFFSET_KEY));\n}",
                "dst_parent": "null"
              },
              "line": 231,
              "file": "/home/khesoem/projects/lighter/exp/debezium-core/src/main/java/io/debezium/converters/CloudEventsMaker.java"
            }
          ]
        },
        {
          "tool-name": "JGenProg",
          "pattern-name": "JGenProg:any_statement_shallow",
          "Unified_Diff_of-files:": "Starts Below...",
          "INSERT:": "",
          "CHANGE_old:": "            default:",
          "CHANGE_new:": "",
          "DELETE:": "}",
          "instance_detail": [
            {
              "pattern_action": "ANY",
              "pattern_entity": {
                "entity_type": "*",
                "entity_new value": "*",
                "entity_role": "Statement",
                "entity_parent": "null"
              },
              "concrete_change": {
                "operator": "DEL",
                "src_type": "Invocation",
                "dst_type": "null",
                "src": "super(parser, contentType, dataSchemaUriBase)",
                "dst": "null",
                "src_parent_type": "Block",
                "dst_parent_type": "null",
                "src_parent": "{\n    super(parser, contentType, dataSchemaUriBase);\n}",
                "dst_parent": "null"
              },
              "line": 242,
              "file": "/home/khesoem/projects/lighter/exp/debezium-core/src/main/java/io/debezium/converters/CloudEventsMaker.java"
            }
          ]
        },
        {
          "tool-name": "JGenProg",
          "pattern-name": "JGenProg:any_statement_shallow",
          "Unified_Diff_of-files:": "Starts Below...",
          "INSERT:": "",
          "CHANGE_old:": "            default:",
          "CHANGE_new:": "",
          "DELETE:": "}",
          "instance_detail": [
            {
              "pattern_action": "ANY",
              "pattern_entity": {
                "entity_type": "*",
                "entity_new value": "*",
                "entity_role": "Statement",
                "entity_parent": "null"
              },
              "concrete_change": {
                "operator": "DEL",
                "src_type": "Return",
                "dst_type": "null",
                "src": "return ((((\"name:\" + (recordParser.getMetadata(AbstractSourceInfo.SERVER_NAME_KEY))) + \";lsn:\") + (recordParser.getMetadata(RecordParser.PostgresRecordParser.LSN_KEY).toString())) + \";txId:\") + (recordParser.getMetadata(RecordParser.PostgresRecordParser.TXID_KEY).toString())",
                "dst": "null",
                "src_parent_type": "Block",
                "dst_parent_type": "null",
                "src_parent": "{\n    return ((((\"name:\" + (recordParser.getMetadata(AbstractSourceInfo.SERVER_NAME_KEY))) + \";lsn:\") + (recordParser.getMetadata(RecordParser.PostgresRecordParser.LSN_KEY).toString())) + \";txId:\") + (recordParser.getMetadata(RecordParser.PostgresRecordParser.TXID_KEY).toString());\n}",
                "dst_parent": "null"
              },
              "line": 247,
              "file": "/home/khesoem/projects/lighter/exp/debezium-core/src/main/java/io/debezium/converters/CloudEventsMaker.java"
            }
          ]
        },
        {
          "tool-name": "JGenProg",
          "pattern-name": "JGenProg:any_statement_shallow",
          "Unified_Diff_of-files:": "Starts Below...",
          "INSERT:": "",
          "CHANGE_old:": "            default:",
          "CHANGE_new:": "",
          "DELETE:": "}",
          "instance_detail": [
            {
              "pattern_action": "ANY",
              "pattern_entity": {
                "entity_type": "*",
                "entity_new value": "*",
                "entity_role": "Statement",
                "entity_parent": "null"
              },
              "concrete_change": {
                "operator": "DEL",
                "src_type": "Invocation",
                "dst_type": "null",
                "src": "super(parser, contentType, dataSchemaUriBase)",
                "dst": "null",
                "src_parent_type": "Block",
                "dst_parent_type": "null",
                "src_parent": "{\n    super(parser, contentType, dataSchemaUriBase);\n}",
                "dst_parent": "null"
              },
              "line": 258,
              "file": "/home/khesoem/projects/lighter/exp/debezium-core/src/main/java/io/debezium/converters/CloudEventsMaker.java"
            }
          ]
        },
        {
          "tool-name": "JGenProg",
          "pattern-name": "JGenProg:any_statement_shallow",
          "Unified_Diff_of-files:": "Starts Below...",
          "INSERT:": "",
          "CHANGE_old:": "            default:",
          "CHANGE_new:": "",
          "DELETE:": "}",
          "instance_detail": [
            {
              "pattern_action": "ANY",
              "pattern_entity": {
                "entity_type": "*",
                "entity_new value": "*",
                "entity_role": "Statement",
                "entity_parent": "null"
              },
              "concrete_change": {
                "operator": "DEL",
                "src_type": "Return",
                "dst_type": "null",
                "src": "return ((\"name:\" + (recordParser.getMetadata(AbstractSourceInfo.SERVER_NAME_KEY))) + \";h:\") + (recordParser.getMetadata(RecordParser.MongodbRecordParser.OPERATION_ID))",
                "dst": "null",
                "src_parent_type": "Block",
                "dst_parent_type": "null",
                "src_parent": "{\n    return ((\"name:\" + (recordParser.getMetadata(AbstractSourceInfo.SERVER_NAME_KEY))) + \";h:\") + (recordParser.getMetadata(RecordParser.MongodbRecordParser.OPERATION_ID));\n}",
                "dst_parent": "null"
              },
              "line": 263,
              "file": "/home/khesoem/projects/lighter/exp/debezium-core/src/main/java/io/debezium/converters/CloudEventsMaker.java"
            }
          ]
        },
        {
          "tool-name": "JGenProg",
          "pattern-name": "JGenProg:any_statement_shallow",
          "Unified_Diff_of-files:": "Starts Below...",
          "INSERT:": "",
          "CHANGE_old:": "            default:",
          "CHANGE_new:": "",
          "DELETE:": "}",
          "instance_detail": [
            {
              "pattern_action": "ANY",
              "pattern_entity": {
                "entity_type": "*",
                "entity_new value": "*",
                "entity_role": "Statement",
                "entity_parent": "null"
              },
              "concrete_change": {
                "operator": "DEL",
                "src_type": "Invocation",
                "dst_type": "null",
                "src": "super(parser, contentType, dataSchemaUriBase)",
                "dst": "null",
                "src_parent_type": "Block",
                "dst_parent_type": "null",
                "src_parent": "{\n    super(parser, contentType, dataSchemaUriBase);\n}",
                "dst_parent": "null"
              },
              "line": 273,
              "file": "/home/khesoem/projects/lighter/exp/debezium-core/src/main/java/io/debezium/converters/CloudEventsMaker.java"
            }
          ]
        },
        {
          "tool-name": "JGenProg",
          "pattern-name": "JGenProg:any_statement_shallow",
          "Unified_Diff_of-files:": "Starts Below...",
          "INSERT:": "",
          "CHANGE_old:": "            default:",
          "CHANGE_new:": "",
          "DELETE:": "}",
          "instance_detail": [
            {
              "pattern_action": "ANY",
              "pattern_entity": {
                "entity_type": "*",
                "entity_new value": "*",
                "entity_role": "Statement",
                "entity_parent": "null"
              },
              "concrete_change": {
                "operator": "DEL",
                "src_type": "Return",
                "dst_type": "null",
                "src": "return ((((((\"name:\" + (recordParser.getMetadata(AbstractSourceInfo.SERVER_NAME_KEY))) + \";change_lsn:\") + (recordParser.getMetadata(RecordParser.SqlserverRecordParser.CHANGE_LSN_KEY))) + \";commit_lsn:\") + (recordParser.getMetadata(RecordParser.SqlserverRecordParser.COMMIT_LSN_KEY))) + \";event_serial_no:\") + (recordParser.getMetadata(RecordParser.SqlserverRecordParser.EVENT_SERIAL_NO_KEY))",
                "dst": "null",
                "src_parent_type": "Block",
                "dst_parent_type": "null",
                "src_parent": "{\n    return ((((((\"name:\" + (recordParser.getMetadata(AbstractSourceInfo.SERVER_NAME_KEY))) + \";change_lsn:\") + (recordParser.getMetadata(RecordParser.SqlserverRecordParser.CHANGE_LSN_KEY))) + \";commit_lsn:\") + (recordParser.getMetadata(RecordParser.SqlserverRecordParser.COMMIT_LSN_KEY))) + \";event_serial_no:\") + (recordParser.getMetadata(RecordParser.SqlserverRecordParser.EVENT_SERIAL_NO_KEY));\n}",
                "dst_parent": "null"
              },
              "line": 278,
              "file": "/home/khesoem/projects/lighter/exp/debezium-core/src/main/java/io/debezium/converters/CloudEventsMaker.java"
            }
          ]
        },
        {
          "tool-name": "JGenProg",
          "pattern-name": "JGenProg:any_statement_shallow",
          "Unified_Diff_of-files:": "Starts Below...",
          "INSERT:": "",
          "CHANGE_old:": "            default:",
          "CHANGE_new:": "",
          "DELETE:": "}",
          "instance_detail": [
            {
              "pattern_action": "ANY",
              "pattern_entity": {
                "entity_type": "*",
                "entity_new value": "*",
                "entity_role": "Statement",
                "entity_parent": "null"
              },
              "concrete_change": {
                "operator": "DEL",
                "src_type": "Invocation",
                "dst_type": "null",
                "src": "super(parser, contentType, dataSchemaUriBase)",
                "dst": "null",
                "src_parent_type": "Block",
                "dst_parent_type": "null",
                "src_parent": "{\n    super(parser, contentType, dataSchemaUriBase);\n}",
                "dst_parent": "null"
              },
              "line": 290,
              "file": "/home/khesoem/projects/lighter/exp/debezium-core/src/main/java/io/debezium/converters/CloudEventsMaker.java"
            }
          ]
        },
        {
          "tool-name": "JGenProg",
          "pattern-name": "JGenProg:any_statement_shallow",
          "Unified_Diff_of-files:": "Starts Below...",
          "INSERT:": "",
          "CHANGE_old:": "            default:",
          "CHANGE_new:": "",
          "DELETE:": "}",
          "instance_detail": [
            {
              "pattern_action": "ANY",
              "pattern_entity": {
                "entity_type": "*",
                "entity_new value": "*",
                "entity_role": "Statement",
                "entity_parent": "null"
              },
              "concrete_change": {
                "operator": "DEL",
                "src_type": "Return",
                "dst_type": "null",
                "src": "return ((((((\"name:\" + (recordParser.getMetadata(AbstractSourceInfo.SERVER_NAME_KEY))) + \";scn:\") + (recordParser.getMetadata(RecordParser.OracleRecordParser.SCN_KEY))) + \";commit_scn:\") + (recordParser.getMetadata(RecordParser.OracleRecordParser.COMMIT_SCN_KEY))) + \";lcr_position:\") + (recordParser.getMetadata(RecordParser.OracleRecordParser.LCR_POSITION_KEY))",
                "dst": "null",
                "src_parent_type": "Block",
                "dst_parent_type": "null",
                "src_parent": "{\n    return ((((((\"name:\" + (recordParser.getMetadata(AbstractSourceInfo.SERVER_NAME_KEY))) + \";scn:\") + (recordParser.getMetadata(RecordParser.OracleRecordParser.SCN_KEY))) + \";commit_scn:\") + (recordParser.getMetadata(RecordParser.OracleRecordParser.COMMIT_SCN_KEY))) + \";lcr_position:\") + (recordParser.getMetadata(RecordParser.OracleRecordParser.LCR_POSITION_KEY));\n}",
                "dst_parent": "null"
              },
              "line": 295,
              "file": "/home/khesoem/projects/lighter/exp/debezium-core/src/main/java/io/debezium/converters/CloudEventsMaker.java"
            }
          ]
        },
        {
          "tool-name": "JGenProg",
          "pattern-name": "JGenProg:any_statement_shallow",
          "Unified_Diff_of-files:": "Starts Below...",
          "INSERT:": "",
          "CHANGE_old:": "            default:",
          "CHANGE_new:": "",
          "DELETE:": "}",
          "instance_detail": [
            {
              "pattern_action": "ANY",
              "pattern_entity": {
                "entity_type": "*",
                "entity_new value": "*",
                "entity_role": "Statement",
                "entity_parent": "null"
              },
              "concrete_change": {
                "operator": "DEL",
                "src_type": "Invocation",
                "dst_type": "null",
                "src": "super(parser, contentType, dataSchemaUriBase)",
                "dst": "null",
                "src_parent_type": "Block",
                "dst_parent_type": "null",
                "src_parent": "{\n    super(parser, contentType, dataSchemaUriBase);\n}",
                "dst_parent": "null"
              },
              "line": 307,
              "file": "/home/khesoem/projects/lighter/exp/debezium-core/src/main/java/io/debezium/converters/CloudEventsMaker.java"
            }
          ]
        },
        {
          "tool-name": "JGenProg",
          "pattern-name": "JGenProg:any_statement_shallow",
          "Unified_Diff_of-files:": "Starts Below...",
          "INSERT:": "",
          "CHANGE_old:": "            default:",
          "CHANGE_new:": "",
          "DELETE:": "}",
          "instance_detail": [
            {
              "pattern_action": "ANY",
              "pattern_entity": {
                "entity_type": "*",
                "entity_new value": "*",
                "entity_role": "Statement",
                "entity_parent": "null"
              },
              "concrete_change": {
                "operator": "DEL",
                "src_type": "Return",
                "dst_type": "null",
                "src": "return ((((\"name:\" + (recordParser.getMetadata(AbstractSourceInfo.SERVER_NAME_KEY))) + \";change_lsn:\") + (recordParser.getMetadata(RecordParser.Db2RecordParser.CHANGE_LSN_KEY))) + \";commit_lsn:\") + (recordParser.getMetadata(RecordParser.Db2RecordParser.COMMIT_LSN_KEY))",
                "dst": "null",
                "src_parent_type": "Block",
                "dst_parent_type": "null",
                "src_parent": "{\n    return ((((\"name:\" + (recordParser.getMetadata(AbstractSourceInfo.SERVER_NAME_KEY))) + \";change_lsn:\") + (recordParser.getMetadata(RecordParser.Db2RecordParser.CHANGE_LSN_KEY))) + \";commit_lsn:\") + (recordParser.getMetadata(RecordParser.Db2RecordParser.COMMIT_LSN_KEY));\n}",
                "dst_parent": "null"
              },
              "line": 312,
              "file": "/home/khesoem/projects/lighter/exp/debezium-core/src/main/java/io/debezium/converters/CloudEventsMaker.java"
            }
          ]
        },
        {
          "tool-name": "JGenProg",
          "pattern-name": "JGenProg:any_statement_shallow",
          "Unified_Diff_of-files:": "Starts Below...",
          "INSERT:": "",
          "CHANGE_old:": "            default:",
          "CHANGE_new:": "",
          "DELETE:": "}",
          "instance_detail": [
            {
              "pattern_action": "ANY",
              "pattern_entity": {
                "entity_type": "*",
                "entity_new value": "*",
                "entity_role": "Statement",
                "entity_parent": "null"
              },
              "concrete_change": {
                "operator": "DEL",
                "src_type": "Invocation",
                "dst_type": "null",
                "src": "super(parser, contentType, dataSchemaUriBase)",
                "dst": "null",
                "src_parent_type": "Block",
                "dst_parent_type": "null",
                "src_parent": "{\n    super(parser, contentType, dataSchemaUriBase);\n}",
                "dst_parent": "null"
              },
              "line": 323,
              "file": "/home/khesoem/projects/lighter/exp/debezium-core/src/main/java/io/debezium/converters/CloudEventsMaker.java"
            }
          ]
        },
        {
          "tool-name": "JGenProg",
          "pattern-name": "JGenProg:any_statement_shallow",
          "Unified_Diff_of-files:": "Starts Below...",
          "INSERT:": "",
          "CHANGE_old:": "            default:",
          "CHANGE_new:": "",
          "DELETE:": "}",
          "instance_detail": [
            {
              "pattern_action": "ANY",
              "pattern_entity": {
                "entity_type": "*",
                "entity_new value": "*",
                "entity_role": "Statement",
                "entity_parent": "null"
              },
              "concrete_change": {
                "operator": "DEL",
                "src_type": "Return",
                "dst_type": "null",
                "src": "return ((\"name:\" + (recordParser.getMetadata(AbstractSourceInfo.SERVER_NAME_KEY))) + \";vgtid:\") + (recordParser.getMetadata(RecordParser.VitessRecordParser.VGTID_KEY))",
                "dst": "null",
                "src_parent_type": "Block",
                "dst_parent_type": "null",
                "src_parent": "{\n    return ((\"name:\" + (recordParser.getMetadata(AbstractSourceInfo.SERVER_NAME_KEY))) + \";vgtid:\") + (recordParser.getMetadata(RecordParser.VitessRecordParser.VGTID_KEY));\n}",
                "dst_parent": "null"
              },
              "line": 328,
              "file": "/home/khesoem/projects/lighter/exp/debezium-core/src/main/java/io/debezium/converters/CloudEventsMaker.java"
            }
          ]
        }
      ]
    }
  ],
  "complete_analysis": true
}