{
  "instances": [
    {
      "revision": "8cf71f4d99003c55862ec7b82a56ff7434fedaf1",
      "repairability": [
        {
          "tool-name": "Arja",
          "pattern-name": "Arja:arja_shallow_change",
          "Unified_Diff_of-files:": "Starts Below...",
          "INSERT:": "        this.allowIn \u003d previousAllowIn;",
          "instance_detail": [
            {
              "pattern_action": "ANY",
              "pattern_entity": {
                "entity_type": "Statement",
                "entity_new value": "*",
                "entity_role": "*",
                "entity_parent": "null"
              },
              "concrete_change": {
                "operator": "INS",
                "src_type": "LocalVariable",
                "dst_type": "null",
                "src": "boolean previousAllowIn \u003d this.allowIn",
                "dst": "null",
                "src_parent_type": "Block",
                "dst_parent_type": "null",
                "src_parent": "{\n    AdditionalStateT startState \u003d this.startNode();\n    if (this.match(TokenType.LPAREN)) {\n        throw this.createUnexpected(this.lookahead);\n    }\n    boolean previousAllowIn \u003d this.allowIn;\n    this.allowIn \u003d true;\n    com.shapesecurity.shift.es2016.parser.Binding binding \u003d this.parseBindingTarget();\n    this.allowIn \u003d previousAllowIn;\n    if ((bindingPatternsMustHaveInit \u0026\u0026 (!(binding instanceof com.shapesecurity.shift.es2016.parser.BindingIdentifier))) \u0026\u0026 (!(this.match(TokenType.ASSIGN)))) {\n        this.expect(TokenType.ASSIGN);\n    }\n    com.shapesecurity.shift.es2016.parser.Maybe\u003ccom.shapesecurity.shift.es2016.parser.Expression\u003e init \u003d com.shapesecurity.shift.es2016.parser.Maybe.empty();\n    if (this.eat(TokenType.ASSIGN)) {\n        init \u003d this.parseAssignmentExpression().left();\n    }\n    return this.finishNode(startState, new com.shapesecurity.shift.es2016.parser.VariableDeclarator(binding, init));\n}",
                "dst_parent": "null"
              },
              "line": 266,
              "file": "/home/khesoem/projects/lighter/exp/src/main/java/com/shapesecurity/shift/es2016/parser/GenericParser.java",
              "stats": {
                "number_of_src_entities": 15,
                "number_of_dst_entities": -1,
                "src_entity_types": "[boolean, com.shapesecurity.shift.es2016.parser.GenericParser\u003cAdditionalStateT\u003e, com.shapesecurity.shift.es2016.parser.GenericParser]",
                "dst_entity_types": "[]"
              }
            }
          ]
        },
        {
          "tool-name": "Arja",
          "pattern-name": "Arja:arja_shallow_change",
          "Unified_Diff_of-files:": "Starts Below...",
          "INSERT:": "        this.allowIn \u003d previousAllowIn;",
          "instance_detail": [
            {
              "pattern_action": "ANY",
              "pattern_entity": {
                "entity_type": "Statement",
                "entity_new value": "*",
                "entity_role": "*",
                "entity_parent": "null"
              },
              "concrete_change": {
                "operator": "INS",
                "src_type": "Assignment",
                "dst_type": "null",
                "src": "this.allowIn \u003d true",
                "dst": "null",
                "src_parent_type": "Block",
                "dst_parent_type": "null",
                "src_parent": "{\n    AdditionalStateT startState \u003d this.startNode();\n    if (this.match(TokenType.LPAREN)) {\n        throw this.createUnexpected(this.lookahead);\n    }\n    boolean previousAllowIn \u003d this.allowIn;\n    this.allowIn \u003d true;\n    com.shapesecurity.shift.es2016.parser.Binding binding \u003d this.parseBindingTarget();\n    this.allowIn \u003d previousAllowIn;\n    if ((bindingPatternsMustHaveInit \u0026\u0026 (!(binding instanceof com.shapesecurity.shift.es2016.parser.BindingIdentifier))) \u0026\u0026 (!(this.match(TokenType.ASSIGN)))) {\n        this.expect(TokenType.ASSIGN);\n    }\n    com.shapesecurity.shift.es2016.parser.Maybe\u003ccom.shapesecurity.shift.es2016.parser.Expression\u003e init \u003d com.shapesecurity.shift.es2016.parser.Maybe.empty();\n    if (this.eat(TokenType.ASSIGN)) {\n        init \u003d this.parseAssignmentExpression().left();\n    }\n    return this.finishNode(startState, new com.shapesecurity.shift.es2016.parser.VariableDeclarator(binding, init));\n}",
                "dst_parent": "null"
              },
              "line": 267,
              "file": "/home/khesoem/projects/lighter/exp/src/main/java/com/shapesecurity/shift/es2016/parser/GenericParser.java",
              "stats": {
                "number_of_src_entities": 17,
                "number_of_dst_entities": -1,
                "src_entity_types": "[boolean, com.shapesecurity.shift.es2016.parser.GenericParser\u003cAdditionalStateT\u003e, com.shapesecurity.shift.es2016.parser.GenericParser]",
                "dst_entity_types": "[]"
              }
            }
          ]
        },
        {
          "tool-name": "Arja",
          "pattern-name": "Arja:arja_shallow_change",
          "Unified_Diff_of-files:": "Starts Below...",
          "INSERT:": "        this.allowIn \u003d previousAllowIn;",
          "instance_detail": [
            {
              "pattern_action": "ANY",
              "pattern_entity": {
                "entity_type": "Statement",
                "entity_new value": "*",
                "entity_role": "*",
                "entity_parent": "null"
              },
              "concrete_change": {
                "operator": "INS",
                "src_type": "Assignment",
                "dst_type": "null",
                "src": "this.allowIn \u003d previousAllowIn",
                "dst": "null",
                "src_parent_type": "Block",
                "dst_parent_type": "null",
                "src_parent": "{\n    AdditionalStateT startState \u003d this.startNode();\n    if (this.match(TokenType.LPAREN)) {\n        throw this.createUnexpected(this.lookahead);\n    }\n    boolean previousAllowIn \u003d this.allowIn;\n    this.allowIn \u003d true;\n    com.shapesecurity.shift.es2016.parser.Binding binding \u003d this.parseBindingTarget();\n    this.allowIn \u003d previousAllowIn;\n    if ((bindingPatternsMustHaveInit \u0026\u0026 (!(binding instanceof com.shapesecurity.shift.es2016.parser.BindingIdentifier))) \u0026\u0026 (!(this.match(TokenType.ASSIGN)))) {\n        this.expect(TokenType.ASSIGN);\n    }\n    com.shapesecurity.shift.es2016.parser.Maybe\u003ccom.shapesecurity.shift.es2016.parser.Expression\u003e init \u003d com.shapesecurity.shift.es2016.parser.Maybe.empty();\n    if (this.eat(TokenType.ASSIGN)) {\n        init \u003d this.parseAssignmentExpression().left();\n    }\n    return this.finishNode(startState, new com.shapesecurity.shift.es2016.parser.VariableDeclarator(binding, init));\n}",
                "dst_parent": "null"
              },
              "line": 269,
              "file": "/home/khesoem/projects/lighter/exp/src/main/java/com/shapesecurity/shift/es2016/parser/GenericParser.java",
              "stats": {
                "number_of_src_entities": 18,
                "number_of_dst_entities": -1,
                "src_entity_types": "[boolean, com.shapesecurity.shift.es2016.parser.GenericParser\u003cAdditionalStateT\u003e, com.shapesecurity.shift.es2016.parser.GenericParser]",
                "dst_entity_types": "[]"
              }
            }
          ]
        }
      ]
    }
  ],
  "complete_analysis": true
}