{
  "instances": [
    {
      "revision": "2e2f7b0200b6441867302f15ad354c7e5b876c25",
      "repairability": [
        {
          "tool-name": "Arja",
          "pattern-name": "Arja:arja_shallow_change",
          "Unified_Diff_of-files:": "Starts Below...",
          "CHANGE_old:": "",
          "CHANGE_new:": "      return (Expression) node;",
          "DELETE:": "import org.json.JSONObject;",
          "INSERT:": "}",
          "instance_detail": [
            {
              "pattern_action": "ANY",
              "pattern_entity": {
                "entity_type": "Statement",
                "entity_new value": "*",
                "entity_role": "*",
                "entity_parent": "null"
              },
              "concrete_change": {
                "operator": "DEL",
                "src_type": "Invocation",
                "dst_type": "null",
                "src": "gson.fromJson(toDeserialize, com.shapesecurity.shift.ast.Script.class)",
                "dst": "null",
                "src_parent_type": "LocalVariable",
                "dst_parent_type": "null",
                "src_parent": "com.shapesecurity.shift.ast.Script script \u003d gson.fromJson(toDeserialize, com.shapesecurity.shift.ast.Script.class)",
                "dst_parent": "null"
              },
              "line": 22,
              "file": "/home/khesoem/projects/lighter/exp/src/main/java/com/shapesecurity/shift/serialization/Deserializer.java"
            }
          ]
        },
        {
          "tool-name": "Arja",
          "pattern-name": "Arja:arja_shallow_change",
          "Unified_Diff_of-files:": "Starts Below...",
          "CHANGE_old:": "",
          "CHANGE_new:": "      return (Expression) node;",
          "DELETE:": "import org.json.JSONObject;",
          "INSERT:": "}",
          "instance_detail": [
            {
              "pattern_action": "ANY",
              "pattern_entity": {
                "entity_type": "Statement",
                "entity_new value": "*",
                "entity_role": "*",
                "entity_parent": "null"
              },
              "concrete_change": {
                "operator": "DEL",
                "src_type": "LocalVariable",
                "dst_type": "null",
                "src": "com.shapesecurity.shift.ast.Script script \u003d gson.fromJson(toDeserialize, com.shapesecurity.shift.ast.Script.class)",
                "dst": "null",
                "src_parent_type": "Block",
                "dst_parent_type": "null",
                "src_parent": "{\n    com.google.gson.Gson gson \u003d new com.google.gson.GsonBuilder().create();\n    com.shapesecurity.shift.ast.Script script \u003d gson.fromJson(toDeserialize, com.shapesecurity.shift.ast.Script.class);\n    return script;\n}",
                "dst_parent": "null"
              },
              "line": 22,
              "file": "/home/khesoem/projects/lighter/exp/src/main/java/com/shapesecurity/shift/serialization/Deserializer.java"
            }
          ]
        },
        {
          "tool-name": "Arja",
          "pattern-name": "Arja:arja_shallow_change",
          "Unified_Diff_of-files:": "Starts Below...",
          "CHANGE_old:": "",
          "CHANGE_new:": "      return (Expression) node;",
          "DELETE:": "import org.json.JSONObject;",
          "INSERT:": "}",
          "instance_detail": [
            {
              "pattern_action": "ANY",
              "pattern_entity": {
                "entity_type": "Statement",
                "entity_new value": "*",
                "entity_role": "*",
                "entity_parent": "null"
              },
              "concrete_change": {
                "operator": "DEL",
                "src_type": "Return",
                "dst_type": "null",
                "src": "return script",
                "dst": "null",
                "src_parent_type": "Block",
                "dst_parent_type": "null",
                "src_parent": "{\n    com.google.gson.Gson gson \u003d new com.google.gson.GsonBuilder().create();\n    com.shapesecurity.shift.ast.Script script \u003d gson.fromJson(toDeserialize, com.shapesecurity.shift.ast.Script.class);\n    return script;\n}",
                "dst_parent": "null"
              },
              "line": 23,
              "file": "/home/khesoem/projects/lighter/exp/src/main/java/com/shapesecurity/shift/serialization/Deserializer.java"
            }
          ]
        },
        {
          "tool-name": "Arja",
          "pattern-name": "Arja:arja_shallow_change",
          "Unified_Diff_of-files:": "Starts Below...",
          "CHANGE_old:": "",
          "CHANGE_new:": "      return (Expression) node;",
          "DELETE:": "import org.json.JSONObject;",
          "INSERT:": "}",
          "instance_detail": [
            {
              "pattern_action": "ANY",
              "pattern_entity": {
                "entity_type": "Statement",
                "entity_new value": "*",
                "entity_role": "*",
                "entity_parent": "null"
              },
              "concrete_change": {
                "operator": "DEL",
                "src_type": "Invocation",
                "dst_type": "null",
                "src": "jsonObject.keys()",
                "dst": "null",
                "src_parent_type": "LocalVariable",
                "dst_parent_type": "null",
                "src_parent": "java.util.Iterator jsonKeysIterator \u003d jsonObject.keys()",
                "dst_parent": "null"
              },
              "line": 28,
              "file": "/home/khesoem/projects/lighter/exp/src/main/java/com/shapesecurity/shift/serialization/Deserializer.java"
            }
          ]
        },
        {
          "tool-name": "Arja",
          "pattern-name": "Arja:arja_shallow_change",
          "Unified_Diff_of-files:": "Starts Below...",
          "CHANGE_old:": "",
          "CHANGE_new:": "      return (Expression) node;",
          "DELETE:": "import org.json.JSONObject;",
          "INSERT:": "}",
          "instance_detail": [
            {
              "pattern_action": "ANY",
              "pattern_entity": {
                "entity_type": "Statement",
                "entity_new value": "*",
                "entity_role": "*",
                "entity_parent": "null"
              },
              "concrete_change": {
                "operator": "DEL",
                "src_type": "LocalVariable",
                "dst_type": "null",
                "src": "java.util.Iterator jsonKeysIterator \u003d jsonObject.keys()",
                "dst": "null",
                "src_parent_type": "Block",
                "dst_parent_type": "null",
                "src_parent": "{\n    java.util.Iterator jsonKeysIterator \u003d jsonObject.keys();\n    while (jsonKeysIterator.hasNext()) {\n        java.lang.String key \u003d ((java.lang.String) (jsonKeysIterator.next()));\n        if (key.equals(\"type\")) {\n        }\n    } \n    return null;\n}",
                "dst_parent": "null"
              },
              "line": 28,
              "file": "/home/khesoem/projects/lighter/exp/src/main/java/com/shapesecurity/shift/serialization/Deserializer.java"
            }
          ]
        },
        {
          "tool-name": "Arja",
          "pattern-name": "Arja:arja_shallow_change",
          "Unified_Diff_of-files:": "Starts Below...",
          "CHANGE_old:": "",
          "CHANGE_new:": "      return (Expression) node;",
          "DELETE:": "import org.json.JSONObject;",
          "INSERT:": "}",
          "instance_detail": [
            {
              "pattern_action": "ANY",
              "pattern_entity": {
                "entity_type": "Statement",
                "entity_new value": "*",
                "entity_role": "*",
                "entity_parent": "null"
              },
              "concrete_change": {
                "operator": "DEL",
                "src_type": "Invocation",
                "dst_type": "null",
                "src": "jsonKeysIterator.hasNext()",
                "dst": "null",
                "src_parent_type": "While",
                "dst_parent_type": "null",
                "src_parent": "while (jsonKeysIterator.hasNext()) {\n    java.lang.String key \u003d ((java.lang.String) (jsonKeysIterator.next()));\n    if (key.equals(\"type\")) {\n    }\n} ",
                "dst_parent": "null"
              },
              "line": 30,
              "file": "/home/khesoem/projects/lighter/exp/src/main/java/com/shapesecurity/shift/serialization/Deserializer.java"
            }
          ]
        },
        {
          "tool-name": "Arja",
          "pattern-name": "Arja:arja_shallow_change",
          "Unified_Diff_of-files:": "Starts Below...",
          "CHANGE_old:": "",
          "CHANGE_new:": "      return (Expression) node;",
          "DELETE:": "import org.json.JSONObject;",
          "INSERT:": "}",
          "instance_detail": [
            {
              "pattern_action": "ANY",
              "pattern_entity": {
                "entity_type": "Statement",
                "entity_new value": "*",
                "entity_role": "*",
                "entity_parent": "null"
              },
              "concrete_change": {
                "operator": "DEL",
                "src_type": "Invocation",
                "dst_type": "null",
                "src": "((java.lang.String) (jsonKeysIterator.next()))",
                "dst": "null",
                "src_parent_type": "LocalVariable",
                "dst_parent_type": "null",
                "src_parent": "java.lang.String key \u003d ((java.lang.String) (jsonKeysIterator.next()))",
                "dst_parent": "null"
              },
              "line": 31,
              "file": "/home/khesoem/projects/lighter/exp/src/main/java/com/shapesecurity/shift/serialization/Deserializer.java"
            }
          ]
        },
        {
          "tool-name": "Arja",
          "pattern-name": "Arja:arja_shallow_change",
          "Unified_Diff_of-files:": "Starts Below...",
          "CHANGE_old:": "",
          "CHANGE_new:": "      return (Expression) node;",
          "DELETE:": "import org.json.JSONObject;",
          "INSERT:": "}",
          "instance_detail": [
            {
              "pattern_action": "ANY",
              "pattern_entity": {
                "entity_type": "Statement",
                "entity_new value": "*",
                "entity_role": "*",
                "entity_parent": "null"
              },
              "concrete_change": {
                "operator": "DEL",
                "src_type": "LocalVariable",
                "dst_type": "null",
                "src": "java.lang.String key \u003d ((java.lang.String) (jsonKeysIterator.next()))",
                "dst": "null",
                "src_parent_type": "Block",
                "dst_parent_type": "null",
                "src_parent": "{\n    java.lang.String key \u003d ((java.lang.String) (jsonKeysIterator.next()));\n    if (key.equals(\"type\")) {\n    }\n}",
                "dst_parent": "null"
              },
              "line": 31,
              "file": "/home/khesoem/projects/lighter/exp/src/main/java/com/shapesecurity/shift/serialization/Deserializer.java"
            }
          ]
        },
        {
          "tool-name": "Arja",
          "pattern-name": "Arja:arja_shallow_change",
          "Unified_Diff_of-files:": "Starts Below...",
          "CHANGE_old:": "",
          "CHANGE_new:": "      return (Expression) node;",
          "DELETE:": "import org.json.JSONObject;",
          "INSERT:": "}",
          "instance_detail": [
            {
              "pattern_action": "ANY",
              "pattern_entity": {
                "entity_type": "Statement",
                "entity_new value": "*",
                "entity_role": "*",
                "entity_parent": "null"
              },
              "concrete_change": {
                "operator": "DEL",
                "src_type": "If",
                "dst_type": "null",
                "src": "if (key.equals(\"type\")) {\n}",
                "dst": "null",
                "src_parent_type": "Block",
                "dst_parent_type": "null",
                "src_parent": "{\n    java.lang.String key \u003d ((java.lang.String) (jsonKeysIterator.next()));\n    if (key.equals(\"type\")) {\n    }\n}",
                "dst_parent": "null"
              },
              "line": 33,
              "file": "/home/khesoem/projects/lighter/exp/src/main/java/com/shapesecurity/shift/serialization/Deserializer.java"
            }
          ]
        },
        {
          "tool-name": "Arja",
          "pattern-name": "Arja:arja_shallow_change",
          "Unified_Diff_of-files:": "Starts Below...",
          "CHANGE_old:": "",
          "CHANGE_new:": "      return (Expression) node;",
          "DELETE:": "import org.json.JSONObject;",
          "INSERT:": "}",
          "instance_detail": [
            {
              "pattern_action": "ANY",
              "pattern_entity": {
                "entity_type": "Statement",
                "entity_new value": "*",
                "entity_role": "*",
                "entity_parent": "null"
              },
              "concrete_change": {
                "operator": "DEL",
                "src_type": "While",
                "dst_type": "null",
                "src": "while (jsonKeysIterator.hasNext()) {\n    java.lang.String key \u003d ((java.lang.String) (jsonKeysIterator.next()));\n    if (key.equals(\"type\")) {\n    }\n} ",
                "dst": "null",
                "src_parent_type": "Block",
                "dst_parent_type": "null",
                "src_parent": "{\n    java.util.Iterator jsonKeysIterator \u003d jsonObject.keys();\n    while (jsonKeysIterator.hasNext()) {\n        java.lang.String key \u003d ((java.lang.String) (jsonKeysIterator.next()));\n        if (key.equals(\"type\")) {\n        }\n    } \n    return null;\n}",
                "dst_parent": "null"
              },
              "line": 30,
              "file": "/home/khesoem/projects/lighter/exp/src/main/java/com/shapesecurity/shift/serialization/Deserializer.java"
            }
          ]
        }
      ]
    }
  ],
  "complete_analysis": true
}