{
  "instances": [
    {
      "revision": "37a0cf276a4ad4bad35a866cce9b0420e9ad2151",
      "repairability": [
        {
          "tool-name": "Arja",
          "pattern-name": "Arja:arja_shallow_change",
          "Unified_Diff_of-files:": "Starts Below...",
          "DELETE:": "                return this.createError(UNEXPECTED_STRING);",
          "INSERT:": "                return this.createError(UNEXPECTED_STRING);",
          "instance_detail": [
            {
              "pattern_action": "ANY",
              "pattern_entity": {
                "entity_type": "Statement",
                "entity_new value": "*",
                "entity_role": "*",
                "entity_parent": "null"
              },
              "concrete_change": {
                "operator": "DEL",
                "src_type": "Invocation",
                "dst_type": "null",
                "src": "com.shapesecurity.shift.parser.TokenType.values()",
                "dst": "null",
                "src_parent_type": "Field",
                "dst_parent_type": "null",
                "src_parent": "public static final com.shapesecurity.shift.parser.TokenType[] TOKEN_SUB_TYPES \u003d com.shapesecurity.shift.parser.TokenType.values();",
                "dst_parent": "null"
              },
              "line": 120,
              "file": "/home/khesoem/projects/lighter/exp/src/main/java/com/shapesecurity/shift/parser/TokenType.java"
            }
          ]
        }
      ]
    }
  ],
  "complete_analysis": true
}