{
  "instances": [
    {
      "revision": "4d2d5dba4117fe1eb71dd5fd13046e7e65dd82dc",
      "repairability": [
        {
          "tool-name": "Arja",
          "pattern-name": "Arja:arja_shallow_change",
          "Unified_Diff_of-files:": "Starts Below...",
          "CHANGE_old:": "        return new Pair\u0026lt;\u0026gt;(str, octal);",
          "CHANGE_new:": "        return new Pair\u0026lt;\u0026gt;(cooked, octal);",
          "INSERT:": "            cooked \u003d \"\";",
          "instance_detail": [
            {
              "pattern_action": "ANY",
              "pattern_entity": {
                "entity_type": "Statement",
                "entity_new value": "*",
                "entity_role": "*",
                "entity_parent": "null"
              },
              "concrete_change": {
                "operator": "INS",
                "src_type": "ConstructorCall",
                "dst_type": "null",
                "src": "new java.lang.StringBuilder()",
                "dst": "null",
                "src_parent_type": "LocalVariable",
                "dst_parent_type": "null",
                "src_parent": "java.lang.StringBuilder str \u003d new java.lang.StringBuilder()",
                "dst_parent": "null"
              },
              "line": 1004,
              "file": "/home/khesoem/projects/lighter/exp/src/main/java/com/shapesecurity/shift/es2016/parser/Tokenizer.java",
              "stats": {
                "number_of_src_entities": 6,
                "number_of_dst_entities": -1,
                "src_entity_types": "[java.lang.StringBuilder]",
                "dst_entity_types": "[]"
              }
            }
          ]
        },
        {
          "tool-name": "Arja",
          "pattern-name": "Arja:arja_shallow_change",
          "Unified_Diff_of-files:": "Starts Below...",
          "CHANGE_old:": "        return new Pair\u0026lt;\u0026gt;(str, octal);",
          "CHANGE_new:": "        return new Pair\u0026lt;\u0026gt;(cooked, octal);",
          "INSERT:": "            cooked \u003d \"\";",
          "instance_detail": [
            {
              "pattern_action": "ANY",
              "pattern_entity": {
                "entity_type": "Statement",
                "entity_new value": "*",
                "entity_role": "*",
                "entity_parent": "null"
              },
              "concrete_change": {
                "operator": "DEL",
                "src_type": "Assignment",
                "dst_type": "null",
                "src": "str \u003d info.left()",
                "dst": "null",
                "src_parent_type": "Block",
                "dst_parent_type": "null",
                "src_parent": "{\n    com.shapesecurity.functional.Pair\u003cjava.lang.String, java.lang.String\u003e info \u003d this.scanStringEscape(str, octal);\n    str \u003d info.left();\n    octal \u003d info.right();\n}",
                "dst_parent": "null"
              },
              "line": 1017,
              "file": "/home/khesoem/projects/lighter/exp/src/main/java/com/shapesecurity/shift/es2016/parser/Tokenizer.java",
              "stats": {
                "number_of_src_entities": 25,
                "number_of_dst_entities": -1,
                "src_entity_types": "[java.lang.String, com.shapesecurity.functional.Pair\u003cjava.lang.String, java.lang.String\u003e]",
                "dst_entity_types": "[]"
              }
            }
          ]
        },
        {
          "tool-name": "Arja",
          "pattern-name": "Arja:arja_shallow_change",
          "Unified_Diff_of-files:": "Starts Below...",
          "CHANGE_old:": "        return new Pair\u0026lt;\u0026gt;(str, octal);",
          "CHANGE_new:": "        return new Pair\u0026lt;\u0026gt;(cooked, octal);",
          "INSERT:": "            cooked \u003d \"\";",
          "instance_detail": [
            {
              "pattern_action": "ANY",
              "pattern_entity": {
                "entity_type": "Statement",
                "entity_new value": "*",
                "entity_role": "*",
                "entity_parent": "null"
              },
              "concrete_change": {
                "operator": "DEL",
                "src_type": "OperatorAssignment",
                "dst_type": "null",
                "src": "str +\u003d ch",
                "dst": "null",
                "src_parent_type": "Block",
                "dst_parent_type": "null",
                "src_parent": "{\n    str +\u003d ch;\n    (this.index)++;\n}",
                "dst_parent": "null"
              },
              "line": 1022,
              "file": "/home/khesoem/projects/lighter/exp/src/main/java/com/shapesecurity/shift/es2016/parser/Tokenizer.java",
              "stats": {
                "number_of_src_entities": 10,
                "number_of_dst_entities": -1,
                "src_entity_types": "[java.lang.String, char]",
                "dst_entity_types": "[]"
              }
            }
          ]
        },
        {
          "tool-name": "Arja",
          "pattern-name": "Arja:arja_shallow_change",
          "Unified_Diff_of-files:": "Starts Below...",
          "CHANGE_old:": "        return new Pair\u0026lt;\u0026gt;(str, octal);",
          "CHANGE_new:": "        return new Pair\u0026lt;\u0026gt;(cooked, octal);",
          "INSERT:": "            cooked \u003d \"\";",
          "instance_detail": [
            {
              "pattern_action": "ANY",
              "pattern_entity": {
                "entity_type": "Statement",
                "entity_new value": "*",
                "entity_role": "*",
                "entity_parent": "null"
              },
              "concrete_change": {
                "operator": "DEL",
                "src_type": "OperatorAssignment",
                "dst_type": "null",
                "src": "str +\u003d \"\\n\"",
                "dst": "null",
                "src_parent_type": "Case",
                "dst_parent_type": "null",
                "src_parent": "case \u0027n\u0027 :\n    str +\u003d \"\\n\";\n    (this.index)++;\n    break;",
                "dst_parent": "null"
              },
              "line": 1040,
              "file": "/home/khesoem/projects/lighter/exp/src/main/java/com/shapesecurity/shift/es2016/parser/Tokenizer.java",
              "stats": {
                "number_of_src_entities": 10,
                "number_of_dst_entities": -1,
                "src_entity_types": "[java.lang.String]",
                "dst_entity_types": "[]"
              }
            }
          ]
        },
        {
          "tool-name": "Arja",
          "pattern-name": "Arja:arja_shallow_change",
          "Unified_Diff_of-files:": "Starts Below...",
          "CHANGE_old:": "        return new Pair\u0026lt;\u0026gt;(str, octal);",
          "CHANGE_new:": "        return new Pair\u0026lt;\u0026gt;(cooked, octal);",
          "INSERT:": "            cooked \u003d \"\";",
          "instance_detail": [
            {
              "pattern_action": "ANY",
              "pattern_entity": {
                "entity_type": "Statement",
                "entity_new value": "*",
                "entity_role": "*",
                "entity_parent": "null"
              },
              "concrete_change": {
                "operator": "DEL",
                "src_type": "OperatorAssignment",
                "dst_type": "null",
                "src": "str +\u003d \"\\r\"",
                "dst": "null",
                "src_parent_type": "Case",
                "dst_parent_type": "null",
                "src_parent": "case \u0027r\u0027 :\n    str +\u003d \"\\r\";\n    (this.index)++;\n    break;",
                "dst_parent": "null"
              },
              "line": 1044,
              "file": "/home/khesoem/projects/lighter/exp/src/main/java/com/shapesecurity/shift/es2016/parser/Tokenizer.java",
              "stats": {
                "number_of_src_entities": 10,
                "number_of_dst_entities": -1,
                "src_entity_types": "[java.lang.String]",
                "dst_entity_types": "[]"
              }
            }
          ]
        },
        {
          "tool-name": "Arja",
          "pattern-name": "Arja:arja_shallow_change",
          "Unified_Diff_of-files:": "Starts Below...",
          "CHANGE_old:": "        return new Pair\u0026lt;\u0026gt;(str, octal);",
          "CHANGE_new:": "        return new Pair\u0026lt;\u0026gt;(cooked, octal);",
          "INSERT:": "            cooked \u003d \"\";",
          "instance_detail": [
            {
              "pattern_action": "ANY",
              "pattern_entity": {
                "entity_type": "Statement",
                "entity_new value": "*",
                "entity_role": "*",
                "entity_parent": "null"
              },
              "concrete_change": {
                "operator": "DEL",
                "src_type": "OperatorAssignment",
                "dst_type": "null",
                "src": "str +\u003d \"\\t\"",
                "dst": "null",
                "src_parent_type": "Case",
                "dst_parent_type": "null",
                "src_parent": "case \u0027t\u0027 :\n    str +\u003d \"\\t\";\n    (this.index)++;\n    break;",
                "dst_parent": "null"
              },
              "line": 1048,
              "file": "/home/khesoem/projects/lighter/exp/src/main/java/com/shapesecurity/shift/es2016/parser/Tokenizer.java",
              "stats": {
                "number_of_src_entities": 10,
                "number_of_dst_entities": -1,
                "src_entity_types": "[java.lang.String]",
                "dst_entity_types": "[]"
              }
            }
          ]
        },
        {
          "tool-name": "Arja",
          "pattern-name": "Arja:arja_shallow_change",
          "Unified_Diff_of-files:": "Starts Below...",
          "CHANGE_old:": "        return new Pair\u0026lt;\u0026gt;(str, octal);",
          "CHANGE_new:": "        return new Pair\u0026lt;\u0026gt;(cooked, octal);",
          "INSERT:": "            cooked \u003d \"\";",
          "instance_detail": [
            {
              "pattern_action": "ANY",
              "pattern_entity": {
                "entity_type": "Statement",
                "entity_new value": "*",
                "entity_role": "*",
                "entity_parent": "null"
              },
              "concrete_change": {
                "operator": "DEL",
                "src_type": "OperatorAssignment",
                "dst_type": "null",
                "src": "str +\u003d com.shapesecurity.shift.es2016.parser.Tokenizer.fromCodePoint(unescaped)",
                "dst": "null",
                "src_parent_type": "Case",
                "dst_parent_type": "null",
                "src_parent": "case \u0027x\u0027 :\n    int unescaped;\n    (this.index)++;\n    if ((this.index) \u003e\u003d (this.source.length())) {\n        throw this.createILLEGAL();\n    }\n    unescaped \u003d (ch \u003d\u003d \u0027u\u0027) ? this.scanUnicode() : this.scanHexEscape2();\n    if (unescaped \u003c 0) {\n        throw this.createILLEGAL();\n    }\n    str +\u003d com.shapesecurity.shift.es2016.parser.Tokenizer.fromCodePoint(unescaped);\n    break;",
                "dst_parent": "null"
              },
              "line": 1062,
              "file": "/home/khesoem/projects/lighter/exp/src/main/java/com/shapesecurity/shift/es2016/parser/Tokenizer.java",
              "stats": {
                "number_of_src_entities": 20,
                "number_of_dst_entities": -1,
                "src_entity_types": "[int, com.shapesecurity.shift.es2016.parser.Tokenizer, java.lang.String]",
                "dst_entity_types": "[]"
              }
            }
          ]
        },
        {
          "tool-name": "Arja",
          "pattern-name": "Arja:arja_shallow_change",
          "Unified_Diff_of-files:": "Starts Below...",
          "CHANGE_old:": "        return new Pair\u0026lt;\u0026gt;(str, octal);",
          "CHANGE_new:": "        return new Pair\u0026lt;\u0026gt;(cooked, octal);",
          "INSERT:": "            cooked \u003d \"\";",
          "instance_detail": [
            {
              "pattern_action": "ANY",
              "pattern_entity": {
                "entity_type": "Statement",
                "entity_new value": "*",
                "entity_role": "*",
                "entity_parent": "null"
              },
              "concrete_change": {
                "operator": "DEL",
                "src_type": "OperatorAssignment",
                "dst_type": "null",
                "src": "str +\u003d \"\\b\"",
                "dst": "null",
                "src_parent_type": "Case",
                "dst_parent_type": "null",
                "src_parent": "case \u0027b\u0027 :\n    str +\u003d \"\\b\";\n    (this.index)++;\n    break;",
                "dst_parent": "null"
              },
              "line": 1065,
              "file": "/home/khesoem/projects/lighter/exp/src/main/java/com/shapesecurity/shift/es2016/parser/Tokenizer.java",
              "stats": {
                "number_of_src_entities": 10,
                "number_of_dst_entities": -1,
                "src_entity_types": "[java.lang.String]",
                "dst_entity_types": "[]"
              }
            }
          ]
        },
        {
          "tool-name": "Arja",
          "pattern-name": "Arja:arja_shallow_change",
          "Unified_Diff_of-files:": "Starts Below...",
          "CHANGE_old:": "        return new Pair\u0026lt;\u0026gt;(str, octal);",
          "CHANGE_new:": "        return new Pair\u0026lt;\u0026gt;(cooked, octal);",
          "INSERT:": "            cooked \u003d \"\";",
          "instance_detail": [
            {
              "pattern_action": "ANY",
              "pattern_entity": {
                "entity_type": "Statement",
                "entity_new value": "*",
                "entity_role": "*",
                "entity_parent": "null"
              },
              "concrete_change": {
                "operator": "DEL",
                "src_type": "OperatorAssignment",
                "dst_type": "null",
                "src": "str +\u003d \"\\f\"",
                "dst": "null",
                "src_parent_type": "Case",
                "dst_parent_type": "null",
                "src_parent": "case \u0027f\u0027 :\n    str +\u003d \"\\f\";\n    (this.index)++;\n    break;",
                "dst_parent": "null"
              },
              "line": 1069,
              "file": "/home/khesoem/projects/lighter/exp/src/main/java/com/shapesecurity/shift/es2016/parser/Tokenizer.java",
              "stats": {
                "number_of_src_entities": 10,
                "number_of_dst_entities": -1,
                "src_entity_types": "[java.lang.String]",
                "dst_entity_types": "[]"
              }
            }
          ]
        },
        {
          "tool-name": "Arja",
          "pattern-name": "Arja:arja_shallow_change",
          "Unified_Diff_of-files:": "Starts Below...",
          "CHANGE_old:": "        return new Pair\u0026lt;\u0026gt;(str, octal);",
          "CHANGE_new:": "        return new Pair\u0026lt;\u0026gt;(cooked, octal);",
          "INSERT:": "            cooked \u003d \"\";",
          "instance_detail": [
            {
              "pattern_action": "ANY",
              "pattern_entity": {
                "entity_type": "Statement",
                "entity_new value": "*",
                "entity_role": "*",
                "entity_parent": "null"
              },
              "concrete_change": {
                "operator": "DEL",
                "src_type": "OperatorAssignment",
                "dst_type": "null",
                "src": "str +\u003d \"\\u000b\"",
                "dst": "null",
                "src_parent_type": "Case",
                "dst_parent_type": "null",
                "src_parent": "case \u0027v\u0027 :\n    str +\u003d \"\\u000b\";\n    (this.index)++;\n    break;",
                "dst_parent": "null"
              },
              "line": 1073,
              "file": "/home/khesoem/projects/lighter/exp/src/main/java/com/shapesecurity/shift/es2016/parser/Tokenizer.java",
              "stats": {
                "number_of_src_entities": 10,
                "number_of_dst_entities": -1,
                "src_entity_types": "[java.lang.String]",
                "dst_entity_types": "[]"
              }
            }
          ]
        },
        {
          "tool-name": "Arja",
          "pattern-name": "Arja:arja_shallow_change",
          "Unified_Diff_of-files:": "Starts Below...",
          "CHANGE_old:": "        return new Pair\u0026lt;\u0026gt;(str, octal);",
          "CHANGE_new:": "        return new Pair\u0026lt;\u0026gt;(cooked, octal);",
          "INSERT:": "            cooked \u003d \"\";",
          "instance_detail": [
            {
              "pattern_action": "ANY",
              "pattern_entity": {
                "entity_type": "Statement",
                "entity_new value": "*",
                "entity_role": "*",
                "entity_parent": "null"
              },
              "concrete_change": {
                "operator": "DEL",
                "src_type": "OperatorAssignment",
                "dst_type": "null",
                "src": "str +\u003d com.shapesecurity.shift.es2016.parser.Tokenizer.fromCodePoint(code)",
                "dst": "null",
                "src_parent_type": "Block",
                "dst_parent_type": "null",
                "src_parent": "{\n    int octalStart \u003d this.index;\n    int octLen \u003d 1;\n    if ((\u00270\u0027 \u003c\u003d ch) \u0026\u0026 (ch \u003c\u003d \u00273\u0027)) {\n        octLen \u003d 0;\n    }\n    int code \u003d 0;\n    while (((octLen \u003c 3) \u0026\u0026 (\u00270\u0027 \u003c\u003d ch)) \u0026\u0026 (ch \u003c\u003d \u00277\u0027)) {\n        (this.index)++;\n        if ((octLen \u003e 0) || (ch !\u003d \u00270\u0027)) {\n            octal \u003d this.source.substring(octalStart, this.index);\n        }\n        code *\u003d 8;\n        code +\u003d ch - \u00270\u0027;\n        octLen++;\n        if ((this.index) \u003d\u003d (this.source.length())) {\n            throw this.createILLEGAL();\n        }\n        ch \u003d this.source.charAt(this.index);\n    } \n    str +\u003d com.shapesecurity.shift.es2016.parser.Tokenizer.fromCodePoint(code);\n}",
                "dst_parent": "null"
              },
              "line": 1099,
              "file": "/home/khesoem/projects/lighter/exp/src/main/java/com/shapesecurity/shift/es2016/parser/Tokenizer.java",
              "stats": {
                "number_of_src_entities": 20,
                "number_of_dst_entities": -1,
                "src_entity_types": "[int, com.shapesecurity.shift.es2016.parser.Tokenizer, java.lang.String]",
                "dst_entity_types": "[]"
              }
            }
          ]
        },
        {
          "tool-name": "Arja",
          "pattern-name": "Arja:arja_shallow_change",
          "Unified_Diff_of-files:": "Starts Below...",
          "CHANGE_old:": "        return new Pair\u0026lt;\u0026gt;(str, octal);",
          "CHANGE_new:": "        return new Pair\u0026lt;\u0026gt;(cooked, octal);",
          "INSERT:": "            cooked \u003d \"\";",
          "instance_detail": [
            {
              "pattern_action": "ANY",
              "pattern_entity": {
                "entity_type": "Statement",
                "entity_new value": "*",
                "entity_role": "*",
                "entity_parent": "null"
              },
              "concrete_change": {
                "operator": "DEL",
                "src_type": "OperatorAssignment",
                "dst_type": "null",
                "src": "str +\u003d ch",
                "dst": "null",
                "src_parent_type": "Block",
                "dst_parent_type": "null",
                "src_parent": "{\n    str +\u003d ch;\n    (this.index)++;\n}",
                "dst_parent": "null"
              },
              "line": 1103,
              "file": "/home/khesoem/projects/lighter/exp/src/main/java/com/shapesecurity/shift/es2016/parser/Tokenizer.java",
              "stats": {
                "number_of_src_entities": 10,
                "number_of_dst_entities": -1,
                "src_entity_types": "[java.lang.String, char]",
                "dst_entity_types": "[]"
              }
            }
          ]
        }
      ]
    }
  ],
  "complete_analysis": true
}