{
  "instances": [
    {
      "revision": "cb10c9e568638a04d8cff8f0190525ff85fcda3a",
      "repairability": [
        {
          "tool-name": "Nopol",
          "pattern-name": "Nopol:if_condition_ins_shallow",
          "Unified_Diff_of-files:": "Starts Below...",
          "INSERT:": "    String PARAMETERS \u003d \"parameters\";",
          "instance_detail": [
            {
              "pattern_action": "MOV",
              "pattern_entity": {
                "entity_type": "*",
                "entity_new value": "*",
                "entity_role": "Then",
                "entity_parent": {
                  "entity_type": "If",
                  "entity_new value": "*",
                  "entity_role": "*",
                  "entity_parent": "null"
                }
              },
              "concrete_change": {
                "operator": "MOV",
                "src_type": "Block",
                "dst_type": "Block",
                "src": "{\n    java.util.Map\u003cjava.lang.String, java.lang.String\u003e map \u003d org.apache.dubbo.config.AbstractConfig.invokeGetParameters(getClass(), this);\n    map \u003d (map \u003d\u003d null) ? new java.util.HashMap\u003c\u003e() : map;\n    map.putAll(org.apache.dubbo.config.AbstractConfig.convert(org.apache.dubbo.common.utils.StringUtils.parseParameters(value), \"\"));\n    org.apache.dubbo.config.AbstractConfig.invokeSetParameters(getClass(), this, map);\n}",
                "dst": "{\n    java.lang.String propertyName \u003d org.apache.dubbo.config.AbstractConfig.extractPropertyName(method.getName());\n    java.lang.String value \u003d org.apache.dubbo.common.utils.StringUtils.trim(subPropsConfiguration.getString(propertyName));\n    java.util.Map\u003cjava.lang.String, java.lang.String\u003e parameterMap \u003d null;\n    if (org.apache.dubbo.common.utils.StringUtils.hasText(value)) {\n        parameterMap \u003d org.apache.dubbo.common.utils.StringUtils.parseParameters(value);\n    } else {\n        parameterMap \u003d org.apache.dubbo.common.config.ConfigurationUtils.getSubProperties(subProperties, org.apache.dubbo.config.Constants.PARAMETERS);\n    }\n    invokeSetParameters(org.apache.dubbo.config.AbstractConfig.convert(parameterMap, \"\"));\n}",
                "src_parent_type": "If",
                "dst_parent_type": "If",
                "src_parent": "if (org.apache.dubbo.common.utils.StringUtils.hasText(value)) {\n    java.util.Map\u003cjava.lang.String, java.lang.String\u003e map \u003d org.apache.dubbo.config.AbstractConfig.invokeGetParameters(getClass(), this);\n    map \u003d (map \u003d\u003d null) ? new java.util.HashMap\u003c\u003e() : map;\n    map.putAll(org.apache.dubbo.config.AbstractConfig.convert(org.apache.dubbo.common.utils.StringUtils.parseParameters(value), \"\"));\n    org.apache.dubbo.config.AbstractConfig.invokeSetParameters(getClass(), this, map);\n}",
                "dst_parent": "if (org.apache.dubbo.config.AbstractConfig.isParametersSetter(method)) {\n    java.lang.String propertyName \u003d org.apache.dubbo.config.AbstractConfig.extractPropertyName(method.getName());\n    java.lang.String value \u003d org.apache.dubbo.common.utils.StringUtils.trim(subPropsConfiguration.getString(propertyName));\n    java.util.Map\u003cjava.lang.String, java.lang.String\u003e parameterMap \u003d null;\n    if (org.apache.dubbo.common.utils.StringUtils.hasText(value)) {\n        parameterMap \u003d org.apache.dubbo.common.utils.StringUtils.parseParameters(value);\n    } else {\n        parameterMap \u003d org.apache.dubbo.common.config.ConfigurationUtils.getSubProperties(subProperties, org.apache.dubbo.config.Constants.PARAMETERS);\n    }\n    invokeSetParameters(org.apache.dubbo.config.AbstractConfig.convert(parameterMap, \"\"));\n}"
              },
              "line": 549,
              "file": "/home/khesoem/projects/lighter/exp/dubbo-common/src/main/java/org/apache/dubbo/config/AbstractConfig.java",
              "stats": {
                "number_of_src_entities": 197,
                "number_of_dst_entities": 206,
                "src_entity_types": "[org.apache.dubbo.config.AbstractConfig, boolean, java.util.HashMap, java.lang.Object, org.apache.dubbo.common.utils.StringUtils, java.lang.String, java.util.Map\u003cjava.lang.String, java.lang.String\u003e, java.util.Map, \u003cnulltype\u003e]",
                "dst_entity_types": "[org.apache.dubbo.config.AbstractConfig, org.apache.dubbo.common.config.InmemoryConfiguration, org.apache.dubbo.config.Constants, org.apache.dubbo.common.utils.StringUtils, java.lang.String, java.lang.reflect.Method, org.apache.dubbo.common.config.ConfigurationUtils, org.apache.dubbo.config.Constants.PARAMETERS, java.util.Map\u003cjava.lang.String, java.lang.String\u003e, \u003cnulltype\u003e]"
              }
            },
            {
              "pattern_action": "INS",
              "pattern_entity": {
                "entity_type": "If",
                "entity_new value": "*",
                "entity_role": "*",
                "entity_parent": "null"
              },
              "concrete_change": {
                "operator": "INS",
                "src_type": "If",
                "dst_type": "null",
                "src": "if (org.apache.dubbo.config.AbstractConfig.isParametersSetter(method)) {\n    java.lang.String propertyName \u003d org.apache.dubbo.config.AbstractConfig.extractPropertyName(method.getName());\n    java.lang.String value \u003d org.apache.dubbo.common.utils.StringUtils.trim(subPropsConfiguration.getString(propertyName));\n    java.util.Map\u003cjava.lang.String, java.lang.String\u003e parameterMap \u003d null;\n    if (org.apache.dubbo.common.utils.StringUtils.hasText(value)) {\n        parameterMap \u003d org.apache.dubbo.common.utils.StringUtils.parseParameters(value);\n    } else {\n        parameterMap \u003d org.apache.dubbo.common.config.ConfigurationUtils.getSubProperties(subProperties, org.apache.dubbo.config.Constants.PARAMETERS);\n    }\n    invokeSetParameters(org.apache.dubbo.config.AbstractConfig.convert(parameterMap, \"\"));\n}",
                "dst": "null",
                "src_parent_type": "Block",
                "dst_parent_type": "null",
                "src_parent": "if (org.apache.dubbo.config.AbstractConfig.isParametersSetter(method)) {\n        java.lang.String propertyName \u003d org.apache.dubbo.config.AbstractConfig.extractPropertyName(method.getName());\n        java.lang.String value \u003d org.apache.dubbo.common.utils.StringUtils.trim(subPropsConfiguration.getString(propertyName));\n        java.util.Map\u003cjava.lang.String, java.lang.String\u003e parameterMap \u003d null;\n        if (org.apache.dubbo.common.utils.StringUtils.hasText(value)) {\n            parameterMap \u003d org.apache.dubbo.common.utils.StringUtils.parseParameters(value);\n        } else {\n            parameterMap \u003d org.apache.dubbo.common.config.ConfigurationUtils.getSubProperties(subProperties, org.apache.dubbo.config.Constants.PARAMETERS);\n        }\n        invokeSetParameters(org.apache.dubbo.config.AbstractConfig.convert(parameterMap, \"\"));\n    }\n",
                "dst_parent": "null"
              },
              "line": 547,
              "file": "/home/khesoem/projects/lighter/exp/dubbo-common/src/main/java/org/apache/dubbo/config/AbstractConfig.java",
              "stats": {
                "number_of_src_entities": 221,
                "number_of_dst_entities": -1,
                "src_entity_types": "[org.apache.dubbo.config.AbstractConfig, org.apache.dubbo.common.config.InmemoryConfiguration, org.apache.dubbo.config.Constants, org.apache.dubbo.common.utils.StringUtils, java.lang.reflect.Method, java.lang.String, org.apache.dubbo.common.config.ConfigurationUtils, org.apache.dubbo.config.Constants.PARAMETERS, java.util.Map\u003cjava.lang.String, java.lang.String\u003e, \u003cnulltype\u003e]",
                "dst_entity_types": "[]"
              }
            }
          ]
        }
      ]
    },
    {
      "revision": "cb10c9e568638a04d8cff8f0190525ff85fcda3a",
      "repairability": [
        {
          "tool-name": "Nopol",
          "pattern-name": "Nopol:if_condition_ins_deep",
          "Unified_Diff_of-files:": "Starts Below...",
          "INSERT:": "    String PARAMETERS \u003d \"parameters\";",
          "instance_detail": [
            {
              "pattern_action": "MOV",
              "pattern_entity": {
                "entity_type": "*",
                "entity_new value": "*",
                "entity_role": "*",
                "entity_parent": {
                  "entity_type": "*",
                  "entity_new value": "*",
                  "entity_role": "Then",
                  "entity_parent": {
                    "entity_type": "If",
                    "entity_new value": "*",
                    "entity_role": "*",
                    "entity_parent": "null"
                  }
                }
              },
              "concrete_change": {
                "operator": "MOV",
                "src_type": "ForEach",
                "dst_type": "ForEach",
                "src": "for (java.util.Map.Entry\u003cjava.lang.String, V\u003e entry : configMap.entrySet()) {\n    java.lang.String key \u003d entry.getKey();\n    V val \u003d entry.getValue();\n    if (((org.apache.dubbo.common.utils.StringUtils.startsWithIgnoreCase(key, prefix)) \u0026\u0026 ((key.length()) \u003e (prefix.length()))) \u0026\u0026 (!(org.apache.dubbo.common.config.ConfigurationUtils.isEmptyValue(val)))) {\n        java.lang.String k \u003d key.substring(prefix.length());\n        k \u003d org.apache.dubbo.common.utils.StringUtils.convertToSplitName(k, \"-\");\n        map.putIfAbsent(k, val);\n    }\n}",
                "dst": "for (java.util.Map.Entry\u003cjava.lang.String, V\u003e entry : configMap.entrySet()) {\n    java.lang.String key \u003d entry.getKey();\n    V val \u003d entry.getValue();\n    if (((org.apache.dubbo.common.utils.StringUtils.startsWithIgnoreCase(key, prefix)) \u0026\u0026 ((key.length()) \u003e (prefix.length()))) \u0026\u0026 (!(org.apache.dubbo.common.config.ConfigurationUtils.isEmptyValue(val)))) {\n        java.lang.String k \u003d key.substring(prefix.length());\n        k \u003d org.apache.dubbo.common.utils.StringUtils.convertToSplitName(k, \"-\");\n        resultMap.putIfAbsent(k, val);\n    }\n}",
                "src_parent_type": "Block",
                "dst_parent_type": "Block",
                "src_parent": "{\n    for (java.util.Map.Entry\u003cjava.lang.String, V\u003e entry : configMap.entrySet()) {\n        java.lang.String key \u003d entry.getKey();\n        V val \u003d entry.getValue();\n        if (((org.apache.dubbo.common.utils.StringUtils.startsWithIgnoreCase(key, prefix)) \u0026\u0026 ((key.length()) \u003e (prefix.length()))) \u0026\u0026 (!(org.apache.dubbo.common.config.ConfigurationUtils.isEmptyValue(val)))) {\n            java.lang.String k \u003d key.substring(prefix.length());\n            k \u003d org.apache.dubbo.common.utils.StringUtils.convertToSplitName(k, \"-\");\n            map.putIfAbsent(k, val);\n        }\n    }\n}",
                "dst_parent": "{\n    for (java.util.Map.Entry\u003cjava.lang.String, V\u003e entry : configMap.entrySet()) {\n        java.lang.String key \u003d entry.getKey();\n        V val \u003d entry.getValue();\n        if (((org.apache.dubbo.common.utils.StringUtils.startsWithIgnoreCase(key, prefix)) \u0026\u0026 ((key.length()) \u003e (prefix.length()))) \u0026\u0026 (!(org.apache.dubbo.common.config.ConfigurationUtils.isEmptyValue(val)))) {\n            java.lang.String k \u003d key.substring(prefix.length());\n            k \u003d org.apache.dubbo.common.utils.StringUtils.convertToSplitName(k, \"-\");\n            resultMap.putIfAbsent(k, val);\n        }\n    }\n}"
              },
              "line": 174,
              "file": "/home/khesoem/projects/lighter/exp/dubbo-common/src/main/java/org/apache/dubbo/common/config/ConfigurationUtils.java",
              "stats": {
                "number_of_src_entities": 195,
                "number_of_dst_entities": 195,
                "src_entity_types": "[boolean, java.util.Map.Entry\u003cjava.lang.String, V\u003e, java.util.Map.Entry, org.apache.dubbo.common.utils.StringUtils, java.lang.String, org.apache.dubbo.common.config.ConfigurationUtils, java.util.Map, java.util.Map\u003cjava.lang.String, V\u003e]",
                "dst_entity_types": "[boolean, java.util.Map.Entry\u003cjava.lang.String, V\u003e, java.util.Map.Entry, org.apache.dubbo.common.utils.StringUtils, java.lang.String, org.apache.dubbo.common.config.ConfigurationUtils, java.util.Map, java.util.Map\u003cjava.lang.String, V\u003e]"
              }
            },
            {
              "pattern_action": "INS",
              "pattern_entity": {
                "entity_type": "If",
                "entity_new value": "*",
                "entity_role": "*",
                "entity_parent": "null"
              },
              "concrete_change": {
                "operator": "INS",
                "src_type": "If",
                "dst_type": "null",
                "src": "if (null !\u003d configMap) {\n    for (java.util.Map.Entry\u003cjava.lang.String, V\u003e entry : configMap.entrySet()) {\n        java.lang.String key \u003d entry.getKey();\n        V val \u003d entry.getValue();\n        if (((org.apache.dubbo.common.utils.StringUtils.startsWithIgnoreCase(key, prefix)) \u0026\u0026 ((key.length()) \u003e (prefix.length()))) \u0026\u0026 (!(org.apache.dubbo.common.config.ConfigurationUtils.isEmptyValue(val)))) {\n            java.lang.String k \u003d key.substring(prefix.length());\n            k \u003d org.apache.dubbo.common.utils.StringUtils.convertToSplitName(k, \"-\");\n            resultMap.putIfAbsent(k, val);\n        }\n    }\n}",
                "dst": "null",
                "src_parent_type": "Block",
                "dst_parent_type": "null",
                "src_parent": "{\n    if (!(prefix.endsWith(\".\"))) {\n        prefix +\u003d \".\";\n    }\n    if (null \u003d\u003d resultMap) {\n        resultMap \u003d new java.util.LinkedHashMap\u003c\u003e();\n    }\n    if (null !\u003d configMap) {\n        for (java.util.Map.Entry\u003cjava.lang.String, V\u003e entry : configMap.entrySet()) {\n            java.lang.String key \u003d entry.getKey();\n            V val \u003d entry.getValue();\n            if (((org.apache.dubbo.common.utils.StringUtils.startsWithIgnoreCase(key, prefix)) \u0026\u0026 ((key.length()) \u003e (prefix.length()))) \u0026\u0026 (!(org.apache.dubbo.common.config.ConfigurationUtils.isEmptyValue(val)))) {\n                java.lang.String k \u003d key.substring(prefix.length());\n                k \u003d org.apache.dubbo.common.utils.StringUtils.convertToSplitName(k, \"-\");\n                resultMap.putIfAbsent(k, val);\n            }\n        }\n    }\n    return resultMap;\n}",
                "dst_parent": "null"
              },
              "line": 189,
              "file": "/home/khesoem/projects/lighter/exp/dubbo-common/src/main/java/org/apache/dubbo/common/config/ConfigurationUtils.java",
              "stats": {
                "number_of_src_entities": 208,
                "number_of_dst_entities": -1,
                "src_entity_types": "[boolean, java.util.Map.Entry\u003cjava.lang.String, V\u003e, java.util.Map.Entry, org.apache.dubbo.common.utils.StringUtils, java.lang.String, org.apache.dubbo.common.config.ConfigurationUtils, java.util.Map\u003cjava.lang.String, V\u003e, java.util.Map, \u003cnulltype\u003e]",
                "dst_entity_types": "[]"
              }
            }
          ]
        }
      ]
    }
  ],
  "complete_analysis": true
}