{
  "instances": [
    {
      "revision": "5a827df766f98afcaa723bb24231c3505bd7dcb8",
      "repairability": [
        {
          "tool-name": "Nopol",
          "pattern-name": "Nopol:if_condition_ins_deep",
          "Unified_Diff_of-files:": "Starts Below...",
          "INSERT:": "    }",
          "instance_detail": [
            {
              "pattern_action": "INS",
              "pattern_entity": {
                "entity_type": "If",
                "entity_new value": "*",
                "entity_role": "*",
                "entity_parent": "null"
              },
              "concrete_change": {
                "operator": "INS",
                "src_type": "If",
                "dst_type": "null",
                "src": "if (!(entry.getKey().equals(org.apache.dubbo.config.utils.BACKUP_KEY))) {\n    org.apache.dubbo.config.utils.ConfigValidationUtils.checkNameHasSymbol(entry.getKey(), entry.getValue());\n}",
                "dst": "null",
                "src_parent_type": "Block",
                "dst_parent_type": "null",
                "src_parent": "{\n    if (!(entry.getKey().equals(org.apache.dubbo.config.utils.BACKUP_KEY))) {\n        org.apache.dubbo.config.utils.ConfigValidationUtils.checkNameHasSymbol(entry.getKey(), entry.getValue());\n    }\n}",
                "dst_parent": "null"
              },
              "line": 575,
              "file": "/home/khesoem/projects/lighter/exp/dubbo-config/dubbo-config-api/src/main/java/org/apache/dubbo/config/utils/ConfigValidationUtils.java",
              "stats": {
                "number_of_src_entities": 73,
                "number_of_dst_entities": -1,
                "src_entity_types": "[org.apache.dubbo.config.utils.BACKUP_KEY, java.util.Map.Entry\u003cjava.lang.String, java.lang.String\u003e, java.util.Map.Entry, java.lang.String, org.apache.dubbo.config.utils.ConfigValidationUtils, java.util.Map]",
                "dst_entity_types": "[]"
              }
            },
            {
              "pattern_action": "MOV",
              "pattern_entity": {
                "entity_type": "*",
                "entity_new value": "*",
                "entity_role": "*",
                "entity_parent": {
                  "entity_type": "*",
                  "entity_new value": "*",
                  "entity_role": "Then",
                  "entity_parent": {
                    "entity_type": "If",
                    "entity_new value": "*",
                    "entity_role": "*",
                    "entity_parent": "null"
                  }
                }
              },
              "concrete_change": {
                "operator": "MOV",
                "src_type": "Invocation",
                "dst_type": "Invocation",
                "src": "org.apache.dubbo.config.utils.ConfigValidationUtils.checkNameHasSymbol(entry.getKey(), entry.getValue())",
                "dst": "org.apache.dubbo.config.utils.ConfigValidationUtils.checkNameHasSymbol(entry.getKey(), entry.getValue())",
                "src_parent_type": "Block",
                "dst_parent_type": "Block",
                "src_parent": "{\n    org.apache.dubbo.config.utils.ConfigValidationUtils.checkNameHasSymbol(entry.getKey(), entry.getValue());\n}",
                "dst_parent": "{\n    org.apache.dubbo.config.utils.ConfigValidationUtils.checkNameHasSymbol(entry.getKey(), entry.getValue());\n}"
              },
              "line": 574,
              "file": "/home/khesoem/projects/lighter/exp/dubbo-config/dubbo-config-api/src/main/java/org/apache/dubbo/config/utils/ConfigValidationUtils.java",
              "stats": {
                "number_of_src_entities": 44,
                "number_of_dst_entities": 44,
                "src_entity_types": "[java.util.Map.Entry\u003cjava.lang.String, java.lang.String\u003e, java.util.Map.Entry, java.lang.String, org.apache.dubbo.config.utils.ConfigValidationUtils, java.util.Map]",
                "dst_entity_types": "[java.util.Map.Entry\u003cjava.lang.String, java.lang.String\u003e, java.util.Map.Entry, java.lang.String, org.apache.dubbo.config.utils.ConfigValidationUtils, java.util.Map]"
              }
            }
          ]
        }
      ]
    }
  ],
  "complete_analysis": true
}