{
  "instances": [
    {
      "revision": "01874fc4e5fb39c8cc9040368b298cd80a4208b8",
      "repairability": [
        {
          "tool-name": "Nopol",
          "pattern-name": "Nopol:if_condition_ins_deep",
          "Unified_Diff_of-files:": "Starts Below...",
          "INSERT:": "        }",
          "instance_detail": [
            {
              "pattern_action": "MOV",
              "pattern_entity": {
                "entity_type": "*",
                "entity_new value": "*",
                "entity_role": "*",
                "entity_parent": {
                  "entity_type": "*",
                  "entity_new value": "*",
                  "entity_role": "Then",
                  "entity_parent": {
                    "entity_type": "If",
                    "entity_new value": "*",
                    "entity_role": "*",
                    "entity_parent": "null"
                  }
                }
              },
              "concrete_change": {
                "operator": "MOV",
                "src_type": "Invocation",
                "dst_type": "Invocation",
                "src": "keysStream.forEach(keys::add)",
                "dst": "keysStream.forEach(keys::add)",
                "src_parent_type": "Block",
                "dst_parent_type": "Block",
                "src_parent": "{\n    java.util.Map\u003cjava.lang.String, java.lang.String\u003e paramsValues \u003d new java.util.HashMap\u003c\u003e();\n    paramsValues.put(\"search\", \"accurate\");\n    paramsValues.put(\"dataId\", \"\");\n    paramsValues.put(\"group\", group.replace(org.apache.dubbo.configcenter.support.nacos.SLASH_CHAR, org.apache.dubbo.configcenter.support.nacos.HYPHEN_CHAR));\n    paramsValues.put(\"pageNo\", \"1\");\n    paramsValues.put(\"pageSize\", java.lang.String.valueOf(java.lang.Integer.MAX_VALUE));\n    java.lang.String encoding \u003d getProperty(org.apache.dubbo.configcenter.support.nacos.ENCODE, \"UTF-8\");\n    com.alibaba.nacos.common.http.HttpRestResult\u003cjava.lang.String\u003e result \u003d httpAgent.httpGet(org.apache.dubbo.configcenter.support.nacos.NacosDynamicConfiguration.GET_CONFIG_KEYS_PATH, java.util.Collections.emptyMap(), paramsValues, encoding, (5 * 1000));\n    java.util.stream.Stream\u003cjava.lang.String\u003e keysStream \u003d toKeysStream(result.getData());\n    keysStream.forEach(keys::add);\n}",
                "dst_parent": "{\n    keysStream.forEach(keys::add);\n}"
              },
              "line": 287,
              "file": "/home/khesoem/projects/lighter/exp/dubbo-configcenter/dubbo-configcenter-nacos/src/main/java/org/apache/dubbo/configcenter/support/nacos/NacosDynamicConfiguration.java",
              "stats": {
                "number_of_src_entities": 34,
                "number_of_dst_entities": 34,
                "src_entity_types": "[java.util.Set, java.util.function.Consumer\u003c? super java.lang.String\u003e, java.lang.String, java.util.stream.Stream\u003cjava.lang.String\u003e, java.util.stream.Stream, java.util.SortedSet\u003cjava.lang.String\u003e]",
                "dst_entity_types": "[java.util.Set, java.util.function.Consumer\u003c? super java.lang.String\u003e, java.lang.String, java.util.stream.Stream\u003cjava.lang.String\u003e, java.util.stream.Stream, java.util.SortedSet\u003cjava.lang.String\u003e]"
              }
            },
            {
              "pattern_action": "INS",
              "pattern_entity": {
                "entity_type": "If",
                "entity_new value": "*",
                "entity_role": "*",
                "entity_parent": "null"
              },
              "concrete_change": {
                "operator": "INS",
                "src_type": "If",
                "dst_type": "null",
                "src": "if (keysStream !\u003d null) {\n    keysStream.forEach(keys::add);\n}",
                "dst": "null",
                "src_parent_type": "Block",
                "dst_parent_type": "null",
                "src_parent": "{\n    java.util.Map\u003cjava.lang.String, java.lang.String\u003e paramsValues \u003d new java.util.HashMap\u003c\u003e();\n    paramsValues.put(\"search\", \"accurate\");\n    paramsValues.put(\"dataId\", \"\");\n    paramsValues.put(\"group\", group.replace(org.apache.dubbo.configcenter.support.nacos.SLASH_CHAR, org.apache.dubbo.configcenter.support.nacos.HYPHEN_CHAR));\n    paramsValues.put(\"pageNo\", \"1\");\n    paramsValues.put(\"pageSize\", java.lang.String.valueOf(java.lang.Integer.MAX_VALUE));\n    java.lang.String encoding \u003d getProperty(org.apache.dubbo.configcenter.support.nacos.ENCODE, \"UTF-8\");\n    com.alibaba.nacos.common.http.HttpRestResult\u003cjava.lang.String\u003e result \u003d httpAgent.httpGet(org.apache.dubbo.configcenter.support.nacos.NacosDynamicConfiguration.GET_CONFIG_KEYS_PATH, java.util.Collections.emptyMap(), paramsValues, encoding, (5 * 1000));\n    java.util.stream.Stream\u003cjava.lang.String\u003e keysStream \u003d toKeysStream(result.getData());\n    if (keysStream !\u003d null) {\n        keysStream.forEach(keys::add);\n    }\n}",
                "dst_parent": "null"
              },
              "line": 287,
              "file": "/home/khesoem/projects/lighter/exp/dubbo-configcenter/dubbo-configcenter-nacos/src/main/java/org/apache/dubbo/configcenter/support/nacos/NacosDynamicConfiguration.java",
              "stats": {
                "number_of_src_entities": 46,
                "number_of_dst_entities": -1,
                "src_entity_types": "[boolean, java.util.Set, java.util.function.Consumer\u003c? super java.lang.String\u003e, java.lang.String, java.util.stream.Stream\u003cjava.lang.String\u003e, java.util.stream.Stream, \u003cnulltype\u003e, java.util.SortedSet\u003cjava.lang.String\u003e]",
                "dst_entity_types": "[]"
              }
            }
          ]
        }
      ]
    }
  ],
  "complete_analysis": true
}