{
  "instances": [
    {
      "revision": "da937e626c672ec2fc7ec96a305a9d429cd27014",
      "repairability": [
        {
          "tool-name": "Cardumen",
          "pattern-name": "Cardumen:expression_replacement_by_upd",
          "Unified_Diff_of-files:": "Starts Below...",
          "DELETE:": "",
          "CHANGE_old:": "",
          "CHANGE_new:": "        log.info(\"user \" + user.getEmail() + \" is ready to be notified\");",
          "INSERT:": "    //    }",
          "instance_detail": [
            {
              "pattern_action": "UPD",
              "pattern_entity": {
                "entity_type": "Expression",
                "entity_new value": "*",
                "entity_role": "*",
                "entity_parent": "null"
              },
              "concrete_change": {
                "operator": "UPD",
                "src_type": "Invocation",
                "dst_type": "Invocation",
                "src": "edu.harvard.h2ms.service.NotificationServiceImpl.log.debug((\"Evaluating user\" + (user.getEmail())))",
                "dst": "notification.getUser()",
                "src_parent_type": "Block",
                "dst_parent_type": "ForEach",
                "src_parent": "{\n    edu.harvard.h2ms.domain.core.User user \u003d userRepository.findByEmail(userEmail);\n    edu.harvard.h2ms.service.NotificationServiceImpl.log.debug((\"Evaluating user\" + (user.getEmail())));\n    if (edu.harvard.h2ms.service.NotificationServiceImpl.isTimeToNotify(notification, user)) {\n        edu.harvard.h2ms.service.NotificationServiceImpl.log.debug(((\"user \" + (user.getEmail())) + \" is ready to be notified\"));\n        org.springframework.mail.SimpleMailMessage message \u003d new org.springframework.mail.SimpleMailMessage();\n        message.setTo(user.getEmail());\n        message.setSubject(notification.getNotificationTitle());\n        java.lang.String messageText \u003d notification.getNotificationBody();\n        message.setText(messageText);\n        emailService.sendEmail(message);\n        edu.harvard.h2ms.service.NotificationServiceImpl.log.debug((\"email sent \" + message));\n        edu.harvard.h2ms.service.NotificationServiceImpl.log.debug((\"before reset\" + (notification.getEmailLastNotifiedTimes().get(user.getEmail()))));\n        resetEmailLastNotifiedTime(notification, user);\n        edu.harvard.h2ms.service.NotificationServiceImpl.log.debug((\"after reset\" + (notification.getEmailLastNotifiedTimes().get(user.getEmail()))));\n    } else {\n        edu.harvard.h2ms.service.NotificationServiceImpl.log.debug(((\"user \" + (user.getEmail())) + \" is not ready to be notified\"));\n    }\n}",
                "dst_parent": "for (edu.harvard.h2ms.domain.core.User user : notification.getUser()) {\n    if ((lastNotified.containsKey(user.getEmail())) \u0026\u0026 (edu.harvard.h2ms.service.NotificationServiceImpl.isTimeToNotify(notification, user))) {\n        edu.harvard.h2ms.service.NotificationServiceImpl.log.info(((\"user \" + (user.getEmail())) + \" is ready to be notified\"));\n        org.springframework.mail.SimpleMailMessage message \u003d new org.springframework.mail.SimpleMailMessage();\n        message.setTo(user.getEmail());\n        message.setSubject(notification.getNotificationTitle());\n        java.lang.String messageText \u003d notification.getNotificationBody();\n        message.setText(messageText);\n        emailService.sendEmail(message);\n        edu.harvard.h2ms.service.NotificationServiceImpl.log.debug((\"email sent \" + message));\n        edu.harvard.h2ms.service.NotificationServiceImpl.log.debug((\"before reset\" + (notification.getEmailLastNotifiedTimes().get(user.getEmail()))));\n        resetEmailLastNotifiedTime(notification, user);\n        edu.harvard.h2ms.service.NotificationServiceImpl.log.debug((\"after reset\" + (notification.getEmailLastNotifiedTimes().get(user.getEmail()))));\n    } else {\n        edu.harvard.h2ms.service.NotificationServiceImpl.log.debug(((\"user \" + (user.getEmail())) + \" is not ready to be notified\"));\n    }\n}"
              },
              "line": 72,
              "file": "/home/khesoem/projects/lighter/exp/src/main/java/edu/harvard/h2ms/service/NotificationServiceImpl.java",
              "stats": {
                "number_of_src_entities": 28,
                "number_of_dst_entities": 8,
                "src_entity_types": "[org.apache.commons.logging.Log, edu.harvard.h2ms.domain.core.User, java.lang.String, edu.harvard.h2ms.service.NotificationServiceImpl]",
                "dst_entity_types": "[edu.harvard.h2ms.domain.core.Notification]"
              }
            }
          ]
        }
      ]
    }
  ],
  "complete_analysis": true
}