{
  "instances": [
    {
      "revision": "1771fe20aa1382acf3eff4a083c48c123c42523d",
      "repairability": [
        {
          "tool-name": "JMutRepair",
          "pattern-name": "JMutRepair:unary",
          "Unified_Diff_of-files:": "Starts Below...",
          "CHANGE_old:": "public @interface InheritSerializer {",
          "CHANGE_new:": "public @interface NonReference {",
          "instance_detail": [
            {
              "pattern_action": "ANY",
              "pattern_entity": {
                "entity_type": "UnaryOperator",
                "entity_new value": "*",
                "entity_role": "*",
                "entity_parent": {
                  "entity_type": "If",
                  "entity_new value": "*",
                  "entity_role": "*",
                  "entity_parent": "null"
                }
              },
              "concrete_change": {
                "operator": "INS",
                "src_type": "UnaryOperator",
                "dst_type": "null",
                "src": "(!withCustomSerializers)",
                "dst": "null",
                "src_parent_type": "BinaryOperator",
                "dst_parent_type": "null",
                "src_parent": "((!withCustomSerializers) || ((type.getAnnotation(com.milaboratory.primitivio.annotations.CustomSerializers.class)) !\u003d null))",
                "dst_parent": "null"
              },
              "line": 86,
              "file": "/home/khesoem/projects/lighter/exp/src/main/java/com/milaboratory/primitivio/SerializationManager.java"
            }
          ]
        }
      ]
    }
  ],
  "complete_analysis": true
}