{
  "instances": [
    {
      "revision": "4dc7e2b38e6e93f4a1d23c685c11cdf958fb80e3",
      "repairability": [
        {
          "tool-name": "JMutRepair",
          "pattern-name": "JMutRepair:unary",
          "Unified_Diff_of-files:": "Starts Below...",
          "INSERT:": "",
          "CHANGE_old:": "    public static final Settings DEFAULT_SETTINGS \u003d new Settings(false, true, false, \u0027.\u0027, \u0027 \u0027);",
          "CHANGE_new:": "    public static final Settings DEFAULT_SETTINGS \u003d new Settings(false, true, false, \u0027 \u0027, \u0027 \u0027);",
          "instance_detail": [
            {
              "pattern_action": "ANY",
              "pattern_entity": {
                "entity_type": "UnaryOperator",
                "entity_new value": "*",
                "entity_role": "*",
                "entity_parent": {
                  "entity_type": "If",
                  "entity_new value": "*",
                  "entity_role": "*",
                  "entity_parent": "null"
                }
              },
              "concrete_change": {
                "operator": "INS",
                "src_type": "UnaryOperator",
                "dst_type": "null",
                "src": "(-1)",
                "dst": "null",
                "src_parent_type": "BinaryOperator",
                "dst_parent_type": "null",
                "src_parent": "pos \u003d\u003d (-1)",
                "dst_parent": "null"
              },
              "line": 108,
              "file": "/home/khesoem/projects/lighter/exp/src/main/java/com/milaboratory/core/alignment/MultiAlignmentHelper.java"
            }
          ]
        }
      ]
    }
  ],
  "complete_analysis": true
}