{
  "instances": [
    {
      "revision": "6c63444026b83f28b927a21c8f9509a040a44479",
      "repairability": [
        {
          "tool-name": "Arja",
          "pattern-name": "Arja:arja_shallow_change",
          "Unified_Diff_of-files:": "Starts Below...",
          "CHANGE_old:": "            String response \u003d \"RST;\" + archive + \";\" + model + \";\" + firmware + \";\" + serial + \";\" + index + \";6;FIM;\";",
          "CHANGE_new:": "            String response \u003d \"RST;A;\" + model + \";\" + firmware + \";\" + serial + \";\" + index + \";6;FIM;\";",
          "instance_detail": [
            {
              "pattern_action": "ANY",
              "pattern_entity": {
                "entity_type": "Statement",
                "entity_new value": "*",
                "entity_role": "*",
                "entity_parent": "null"
              },
              "concrete_change": {
                "operator": "DEL",
                "src_type": "LocalVariable",
                "dst_type": "null",
                "src": "java.lang.String archive \u003d parser.next()",
                "dst": "null",
                "src_parent_type": "Block",
                "dst_parent_type": "null",
                "src_parent": "{\n    org.traccar.helper.Parser parser \u003d new org.traccar.helper.Parser(org.traccar.protocol.RstProtocolDecoder.PATTERN, ((java.lang.String) (msg)));\n    if (!(parser.matches())) {\n        return null;\n    }\n    java.lang.String archive \u003d parser.next();\n    java.lang.String model \u003d parser.next();\n    java.lang.String firmware \u003d parser.next();\n    java.lang.String serial \u003d parser.next();\n    int index \u003d parser.nextInt();\n    parser.nextInt();\n    if (channel !\u003d null) {\n        java.lang.String response \u003d (((((((((\"RST;\" + archive) + \";\") + model) + \";\") + firmware) + \";\") + serial) + \";\") + index) + \";6;FIM;\";\n        channel.writeAndFlush(new org.traccar.NetworkMessage(response, remoteAddress));\n    }\n    org.traccar.DeviceSession deviceSession \u003d getDeviceSession(channel, remoteAddress, serial);\n    if (deviceSession \u003d\u003d null) {\n        return null;\n    }\n    org.traccar.model.Position position \u003d new org.traccar.model.Position(getProtocolName());\n    position.setDeviceId(deviceSession.getDeviceId());\n    position.setDeviceTime(parser.nextDateTime(Parser.DateTimeFormat.DMY_HMS));\n    position.setFixTime(parser.nextDateTime(Parser.DateTimeFormat.DMY_HMS));\n    position.setLatitude(parser.nextDouble());\n    position.setLongitude(parser.nextDouble());\n    position.setSpeed(org.traccar.helper.UnitsConverter.knotsFromKph(parser.nextInt()));\n    position.setCourse(parser.nextInt());\n    position.setAltitude(parser.nextInt());\n    position.setValid(((parser.nextInt()) \u003e 0));\n    position.set(Position.KEY_SATELLITES, parser.nextInt());\n    position.set(Position.KEY_HDOP, parser.nextInt());\n    position.set(((org.traccar.model.Position.PREFIX_IN) + 1), parser.nextHexInt());\n    position.set(((org.traccar.model.Position.PREFIX_IN) + 2), parser.nextHexInt());\n    position.set(((org.traccar.model.Position.PREFIX_IN) + 3), parser.nextHexInt());\n    position.set(((org.traccar.model.Position.PREFIX_OUT) + 1), parser.nextHexInt());\n    position.set(((org.traccar.model.Position.PREFIX_OUT) + 2), parser.nextHexInt());\n    position.set(Position.KEY_POWER, parser.nextDouble());\n    position.set(Position.KEY_BATTERY, parser.nextDouble());\n    position.set(Position.KEY_ODOMETER, parser.nextInt());\n    position.set(Position.KEY_RSSI, parser.nextInt());\n    position.set(((org.traccar.model.Position.PREFIX_TEMP) + 1), ((int) (parser.nextHexInt().byteValue())));\n    int status \u003d ((parser.nextHexInt()) \u003c\u003c 8) + (parser.nextHexInt());\n    position.set(Position.KEY_IGNITION, org.traccar.helper.BitUtil.check(status, 7));\n    position.set(Position.KEY_STATUS, status);\n    return position;\n}",
                "dst_parent": "null"
              },
              "line": 83,
              "file": "/home/khesoem/projects/lighter/exp/src/main/java/org/traccar/protocol/RstProtocolDecoder.java",
              "stats": {
                "number_of_src_entities": 13,
                "number_of_dst_entities": -1,
                "src_entity_types": "[org.traccar.helper.Parser, java.lang.String]",
                "dst_entity_types": "[]"
              }
            }
          ]
        }
      ]
    }
  ],
  "complete_analysis": true
}