{
  "instances": [
    {
      "revision": "513e94358c48a070eea947e6123c3affc59b4e5e",
      "repairability": [
        {
          "tool-name": "Arja",
          "pattern-name": "Arja:arja_shallow_change",
          "Unified_Diff_of-files:": "Starts Below...",
          "CHANGE_old:": "                position.set(Position.KEY_RSSI, signal);",
          "CHANGE_new:": "",
          "DELETE:": "",
          "instance_detail": [
            {
              "pattern_action": "ANY",
              "pattern_entity": {
                "entity_type": "Statement",
                "entity_new value": "*",
                "entity_role": "*",
                "entity_parent": "null"
              },
              "concrete_change": {
                "operator": "DEL",
                "src_type": "LocalVariable",
                "dst_type": "null",
                "src": "int battery \u003d buf.readUnsignedByte()",
                "dst": "null",
                "src_parent_type": "Block",
                "dst_parent_type": "null",
                "src_parent": "{\n    org.traccar.model.Position position \u003d new org.traccar.model.Position(getProtocolName());\n    position.setDeviceId(deviceSession.getDeviceId());\n    getLastLocation(position, null);\n    int battery \u003d buf.readUnsignedByte();\n    int firmware \u003d buf.readUnsignedByte();\n    int timezone \u003d buf.readUnsignedByte();\n    int interval \u003d buf.readUnsignedByte();\n    int signal \u003d 0;\n    if (length \u003e\u003d 7) {\n        signal \u003d buf.readUnsignedByte();\n        position.set(Position.KEY_RSSI, signal);\n    }\n    position.set(Position.KEY_BATTERY_LEVEL, battery);\n    position.set(Position.KEY_VERSION_FW, firmware);\n    io.netty.buffer.ByteBuf content \u003d io.netty.buffer.Unpooled.buffer();\n    content.writeByte(interval);\n    sendResponse(channel, length, type, content);\n    return position;\n}",
                "dst_parent": "null"
              },
              "line": 137,
              "file": "/home/khesoem/projects/lighter/exp/src/main/java/org/traccar/protocol/TopinProtocolDecoder.java",
              "stats": {
                "number_of_src_entities": 11,
                "number_of_dst_entities": -1,
                "src_entity_types": "[int, io.netty.buffer.ByteBuf]",
                "dst_entity_types": "[]"
              }
            }
          ]
        },
        {
          "tool-name": "Arja",
          "pattern-name": "Arja:arja_shallow_change",
          "Unified_Diff_of-files:": "Starts Below...",
          "CHANGE_old:": "                position.set(Position.KEY_RSSI, signal);",
          "CHANGE_new:": "",
          "DELETE:": "",
          "instance_detail": [
            {
              "pattern_action": "ANY",
              "pattern_entity": {
                "entity_type": "Statement",
                "entity_new value": "*",
                "entity_role": "*",
                "entity_parent": "null"
              },
              "concrete_change": {
                "operator": "DEL",
                "src_type": "LocalVariable",
                "dst_type": "null",
                "src": "int firmware \u003d buf.readUnsignedByte()",
                "dst": "null",
                "src_parent_type": "Block",
                "dst_parent_type": "null",
                "src_parent": "{\n    org.traccar.model.Position position \u003d new org.traccar.model.Position(getProtocolName());\n    position.setDeviceId(deviceSession.getDeviceId());\n    getLastLocation(position, null);\n    int battery \u003d buf.readUnsignedByte();\n    int firmware \u003d buf.readUnsignedByte();\n    int timezone \u003d buf.readUnsignedByte();\n    int interval \u003d buf.readUnsignedByte();\n    int signal \u003d 0;\n    if (length \u003e\u003d 7) {\n        signal \u003d buf.readUnsignedByte();\n        position.set(Position.KEY_RSSI, signal);\n    }\n    position.set(Position.KEY_BATTERY_LEVEL, battery);\n    position.set(Position.KEY_VERSION_FW, firmware);\n    io.netty.buffer.ByteBuf content \u003d io.netty.buffer.Unpooled.buffer();\n    content.writeByte(interval);\n    sendResponse(channel, length, type, content);\n    return position;\n}",
                "dst_parent": "null"
              },
              "line": 138,
              "file": "/home/khesoem/projects/lighter/exp/src/main/java/org/traccar/protocol/TopinProtocolDecoder.java",
              "stats": {
                "number_of_src_entities": 11,
                "number_of_dst_entities": -1,
                "src_entity_types": "[int, io.netty.buffer.ByteBuf]",
                "dst_entity_types": "[]"
              }
            }
          ]
        },
        {
          "tool-name": "Arja",
          "pattern-name": "Arja:arja_shallow_change",
          "Unified_Diff_of-files:": "Starts Below...",
          "CHANGE_old:": "                position.set(Position.KEY_RSSI, signal);",
          "CHANGE_new:": "",
          "DELETE:": "",
          "instance_detail": [
            {
              "pattern_action": "ANY",
              "pattern_entity": {
                "entity_type": "Statement",
                "entity_new value": "*",
                "entity_role": "*",
                "entity_parent": "null"
              },
              "concrete_change": {
                "operator": "DEL",
                "src_type": "LocalVariable",
                "dst_type": "null",
                "src": "int timezone \u003d buf.readUnsignedByte()",
                "dst": "null",
                "src_parent_type": "Block",
                "dst_parent_type": "null",
                "src_parent": "{\n    org.traccar.model.Position position \u003d new org.traccar.model.Position(getProtocolName());\n    position.setDeviceId(deviceSession.getDeviceId());\n    getLastLocation(position, null);\n    int battery \u003d buf.readUnsignedByte();\n    int firmware \u003d buf.readUnsignedByte();\n    int timezone \u003d buf.readUnsignedByte();\n    int interval \u003d buf.readUnsignedByte();\n    int signal \u003d 0;\n    if (length \u003e\u003d 7) {\n        signal \u003d buf.readUnsignedByte();\n        position.set(Position.KEY_RSSI, signal);\n    }\n    position.set(Position.KEY_BATTERY_LEVEL, battery);\n    position.set(Position.KEY_VERSION_FW, firmware);\n    io.netty.buffer.ByteBuf content \u003d io.netty.buffer.Unpooled.buffer();\n    content.writeByte(interval);\n    sendResponse(channel, length, type, content);\n    return position;\n}",
                "dst_parent": "null"
              },
              "line": 139,
              "file": "/home/khesoem/projects/lighter/exp/src/main/java/org/traccar/protocol/TopinProtocolDecoder.java",
              "stats": {
                "number_of_src_entities": 11,
                "number_of_dst_entities": -1,
                "src_entity_types": "[int, io.netty.buffer.ByteBuf]",
                "dst_entity_types": "[]"
              }
            }
          ]
        },
        {
          "tool-name": "Arja",
          "pattern-name": "Arja:arja_shallow_change",
          "Unified_Diff_of-files:": "Starts Below...",
          "CHANGE_old:": "                position.set(Position.KEY_RSSI, signal);",
          "CHANGE_new:": "",
          "DELETE:": "",
          "instance_detail": [
            {
              "pattern_action": "ANY",
              "pattern_entity": {
                "entity_type": "Statement",
                "entity_new value": "*",
                "entity_role": "*",
                "entity_parent": "null"
              },
              "concrete_change": {
                "operator": "DEL",
                "src_type": "LocalVariable",
                "dst_type": "null",
                "src": "int signal \u003d 0",
                "dst": "null",
                "src_parent_type": "Block",
                "dst_parent_type": "null",
                "src_parent": "{\n    org.traccar.model.Position position \u003d new org.traccar.model.Position(getProtocolName());\n    position.setDeviceId(deviceSession.getDeviceId());\n    getLastLocation(position, null);\n    int battery \u003d buf.readUnsignedByte();\n    int firmware \u003d buf.readUnsignedByte();\n    int timezone \u003d buf.readUnsignedByte();\n    int interval \u003d buf.readUnsignedByte();\n    int signal \u003d 0;\n    if (length \u003e\u003d 7) {\n        signal \u003d buf.readUnsignedByte();\n        position.set(Position.KEY_RSSI, signal);\n    }\n    position.set(Position.KEY_BATTERY_LEVEL, battery);\n    position.set(Position.KEY_VERSION_FW, firmware);\n    io.netty.buffer.ByteBuf content \u003d io.netty.buffer.Unpooled.buffer();\n    content.writeByte(interval);\n    sendResponse(channel, length, type, content);\n    return position;\n}",
                "dst_parent": "null"
              },
              "line": 141,
              "file": "/home/khesoem/projects/lighter/exp/src/main/java/org/traccar/protocol/TopinProtocolDecoder.java",
              "stats": {
                "number_of_src_entities": 4,
                "number_of_dst_entities": -1,
                "src_entity_types": "[int]",
                "dst_entity_types": "[]"
              }
            }
          ]
        },
        {
          "tool-name": "Arja",
          "pattern-name": "Arja:arja_shallow_change",
          "Unified_Diff_of-files:": "Starts Below...",
          "CHANGE_old:": "                position.set(Position.KEY_RSSI, signal);",
          "CHANGE_new:": "",
          "DELETE:": "",
          "instance_detail": [
            {
              "pattern_action": "ANY",
              "pattern_entity": {
                "entity_type": "Statement",
                "entity_new value": "*",
                "entity_role": "*",
                "entity_parent": "null"
              },
              "concrete_change": {
                "operator": "DEL",
                "src_type": "Assignment",
                "dst_type": "null",
                "src": "signal \u003d buf.readUnsignedByte()",
                "dst": "null",
                "src_parent_type": "Block",
                "dst_parent_type": "null",
                "src_parent": "{\n    signal \u003d buf.readUnsignedByte();\n    position.set(Position.KEY_RSSI, signal);\n}",
                "dst_parent": "null"
              },
              "line": 143,
              "file": "/home/khesoem/projects/lighter/exp/src/main/java/org/traccar/protocol/TopinProtocolDecoder.java"
            }
          ]
        },
        {
          "tool-name": "Arja",
          "pattern-name": "Arja:arja_shallow_change",
          "Unified_Diff_of-files:": "Starts Below...",
          "CHANGE_old:": "                position.set(Position.KEY_RSSI, signal);",
          "CHANGE_new:": "",
          "DELETE:": "",
          "instance_detail": [
            {
              "pattern_action": "ANY",
              "pattern_entity": {
                "entity_type": "Statement",
                "entity_new value": "*",
                "entity_role": "*",
                "entity_parent": "null"
              },
              "concrete_change": {
                "operator": "DEL",
                "src_type": "Block",
                "dst_type": "null",
                "src": "{\n    signal \u003d buf.readUnsignedByte();\n    position.set(Position.KEY_RSSI, signal);\n}",
                "dst": "null",
                "src_parent_type": "If",
                "dst_parent_type": "null",
                "src_parent": "if (length \u003e\u003d 7) {\n    signal \u003d buf.readUnsignedByte();\n    position.set(Position.KEY_RSSI, signal);\n}",
                "dst_parent": "null"
              },
              "line": 142,
              "file": "/home/khesoem/projects/lighter/exp/src/main/java/org/traccar/protocol/TopinProtocolDecoder.java"
            }
          ]
        },
        {
          "tool-name": "Arja",
          "pattern-name": "Arja:arja_shallow_change",
          "Unified_Diff_of-files:": "Starts Below...",
          "CHANGE_old:": "                position.set(Position.KEY_RSSI, signal);",
          "CHANGE_new:": "",
          "DELETE:": "",
          "instance_detail": [
            {
              "pattern_action": "ANY",
              "pattern_entity": {
                "entity_type": "Statement",
                "entity_new value": "*",
                "entity_role": "*",
                "entity_parent": "null"
              },
              "concrete_change": {
                "operator": "DEL",
                "src_type": "If",
                "dst_type": "null",
                "src": "if (length \u003e\u003d 7) {\n    signal \u003d buf.readUnsignedByte();\n    position.set(Position.KEY_RSSI, signal);\n}",
                "dst": "null",
                "src_parent_type": "Block",
                "dst_parent_type": "null",
                "src_parent": "{\n    org.traccar.model.Position position \u003d new org.traccar.model.Position(getProtocolName());\n    position.setDeviceId(deviceSession.getDeviceId());\n    getLastLocation(position, null);\n    int battery \u003d buf.readUnsignedByte();\n    int firmware \u003d buf.readUnsignedByte();\n    int timezone \u003d buf.readUnsignedByte();\n    int interval \u003d buf.readUnsignedByte();\n    int signal \u003d 0;\n    if (length \u003e\u003d 7) {\n        signal \u003d buf.readUnsignedByte();\n        position.set(Position.KEY_RSSI, signal);\n    }\n    position.set(Position.KEY_BATTERY_LEVEL, battery);\n    position.set(Position.KEY_VERSION_FW, firmware);\n    io.netty.buffer.ByteBuf content \u003d io.netty.buffer.Unpooled.buffer();\n    content.writeByte(interval);\n    sendResponse(channel, length, type, content);\n    return position;\n}",
                "dst_parent": "null"
              },
              "line": 142,
              "file": "/home/khesoem/projects/lighter/exp/src/main/java/org/traccar/protocol/TopinProtocolDecoder.java",
              "stats": {
                "number_of_src_entities": 38,
                "number_of_dst_entities": -1,
                "src_entity_types": "[int, boolean, org.traccar.model.Position, io.netty.buffer.ByteBuf, Position.KEY_RSSI]",
                "dst_entity_types": "[]"
              }
            }
          ]
        }
      ]
    }
  ],
  "complete_analysis": true
}