{
  "instances": [
    {
      "revision": "4c883de4cc491e59df121736d581b3317543db3b",
      "repairability": [
        {
          "tool-name": "Arja",
          "pattern-name": "Arja:arja_shallow_change",
          "Unified_Diff_of-files:": "Starts Below...",
          "DELETE:": "                pipeline.addLast(new LineBasedFrameDecoder(1024));",
          "instance_detail": [
            {
              "pattern_action": "ANY",
              "pattern_entity": {
                "entity_type": "Statement",
                "entity_new value": "*",
                "entity_role": "*",
                "entity_parent": "null"
              },
              "concrete_change": {
                "operator": "DEL",
                "src_type": "ConstructorCall",
                "dst_type": "null",
                "src": "new io.netty.handler.codec.LineBasedFrameDecoder(1024)",
                "dst": "null",
                "src_parent_type": "Invocation",
                "dst_parent_type": "null",
                "src_parent": "pipeline.addLast(new io.netty.handler.codec.LineBasedFrameDecoder(1024))",
                "dst_parent": "null"
              },
              "line": 31,
              "file": "/home/khesoem/projects/lighter/exp/src/main/java/org/traccar/protocol/MictrackProtocol.java"
            }
          ]
        },
        {
          "tool-name": "Arja",
          "pattern-name": "Arja:arja_shallow_change",
          "Unified_Diff_of-files:": "Starts Below...",
          "DELETE:": "                pipeline.addLast(new LineBasedFrameDecoder(1024));",
          "instance_detail": [
            {
              "pattern_action": "ANY",
              "pattern_entity": {
                "entity_type": "Statement",
                "entity_new value": "*",
                "entity_role": "*",
                "entity_parent": "null"
              },
              "concrete_change": {
                "operator": "DEL",
                "src_type": "Invocation",
                "dst_type": "null",
                "src": "pipeline.addLast(new io.netty.handler.codec.LineBasedFrameDecoder(1024))",
                "dst": "null",
                "src_parent_type": "Block",
                "dst_parent_type": "null",
                "src_parent": "{\n    pipeline.addLast(new io.netty.handler.codec.LineBasedFrameDecoder(1024));\n    pipeline.addLast(new io.netty.handler.codec.string.StringEncoder());\n    pipeline.addLast(new io.netty.handler.codec.string.StringDecoder());\n    pipeline.addLast(new org.traccar.protocol.MictrackProtocolDecoder(this));\n}",
                "dst_parent": "null"
              },
              "line": 31,
              "file": "/home/khesoem/projects/lighter/exp/src/main/java/org/traccar/protocol/MictrackProtocol.java",
              "stats": {
                "number_of_src_entities": 19,
                "number_of_dst_entities": -1,
                "src_entity_types": "[int, io.netty.handler.codec.LineBasedFrameDecoder, org.traccar.PipelineBuilder]",
                "dst_entity_types": "[]"
              }
            }
          ]
        }
      ]
    }
  ],
  "complete_analysis": true
}