{
  "instances": [
    {
      "revision": "f1f7055be7723a1b39e81af8e5db75c17780c93f",
      "repairability": [
        {
          "tool-name": "Arja",
          "pattern-name": "Arja:arja_shallow_change",
          "Unified_Diff_of-files:": "Starts Below...",
          "CHANGE_old:": "",
          "CHANGE_new:": "import java.util.Set;",
          "DELETE:": "    }",
          "INSERT:": "import org.traccar.model.Command;",
          "instance_detail": [
            {
              "pattern_action": "ANY",
              "pattern_entity": {
                "entity_type": "Statement",
                "entity_new value": "*",
                "entity_role": "*",
                "entity_parent": "null"
              },
              "concrete_change": {
                "operator": "DEL",
                "src_type": "Invocation",
                "dst_type": "null",
                "src": "config.getString(\"database.jndi\")",
                "dst": "null",
                "src_parent_type": "LocalVariable",
                "dst_parent_type": "null",
                "src_parent": "java.lang.String jndiName \u003d config.getString(\"database.jndi\")",
                "dst_parent": "null"
              },
              "line": 96,
              "file": "/home/khesoem/projects/lighter/exp/src/main/java/org/traccar/database/DataManager.java"
            }
          ]
        },
        {
          "tool-name": "Arja",
          "pattern-name": "Arja:arja_shallow_change",
          "Unified_Diff_of-files:": "Starts Below...",
          "CHANGE_old:": "",
          "CHANGE_new:": "import java.util.Set;",
          "DELETE:": "    }",
          "INSERT:": "import org.traccar.model.Command;",
          "instance_detail": [
            {
              "pattern_action": "ANY",
              "pattern_entity": {
                "entity_type": "Statement",
                "entity_new value": "*",
                "entity_role": "*",
                "entity_parent": "null"
              },
              "concrete_change": {
                "operator": "DEL",
                "src_type": "LocalVariable",
                "dst_type": "null",
                "src": "java.lang.String jndiName \u003d config.getString(\"database.jndi\")",
                "dst": "null",
                "src_parent_type": "Block",
                "dst_parent_type": "null",
                "src_parent": "{\n    java.lang.String jndiName \u003d config.getString(\"database.jndi\");\n    if (jndiName !\u003d null) {\n        dataSource \u003d ((javax.sql.DataSource) (new javax.naming.InitialContext().lookup(jndiName)));\n    } else {\n        java.lang.String driverFile \u003d config.getString(Keys.DATABASE_DRIVER_FILE);\n        if (driverFile !\u003d null) {\n            java.lang.ClassLoader classLoader \u003d java.lang.ClassLoader.getSystemClassLoader();\n            try {\n                java.lang.reflect.Method method \u003d classLoader.getClass().getDeclaredMethod(\"addURL\", java.net.URL.class);\n                method.setAccessible(true);\n                method.invoke(classLoader, new java.io.File(driverFile).toURI().toURL());\n            } catch (java.lang.NoSuchMethodException e) {\n                java.lang.reflect.Method method \u003d classLoader.getClass().getDeclaredMethod(\"appendToClassPathForInstrumentation\", java.lang.String.class);\n                method.setAccessible(true);\n                method.invoke(classLoader, driverFile);\n            }\n        }\n        java.lang.String driver \u003d config.getString(Keys.DATABASE_DRIVER);\n        if (driver !\u003d null) {\n            java.lang.Class.forName(driver);\n        }\n        com.zaxxer.hikari.HikariConfig hikariConfig \u003d new com.zaxxer.hikari.HikariConfig();\n        hikariConfig.setDriverClassName(driver);\n        hikariConfig.setJdbcUrl(config.getString(Keys.DATABASE_URL));\n        hikariConfig.setUsername(config.getString(Keys.DATABASE_USER));\n        hikariConfig.setPassword(config.getString(Keys.DATABASE_PASSWORD));\n        hikariConfig.setConnectionInitSql(config.getString(Keys.DATABASE_CHECK_CONNECTION, \"SELECT 1\"));\n        hikariConfig.setIdleTimeout(600000);\n        int maxPoolSize \u003d config.getInteger(\"database.maxPoolSize\");\n        if (maxPoolSize !\u003d 0) {\n            hikariConfig.setMaximumPoolSize(maxPoolSize);\n        }\n        generateQueries \u003d config.getBoolean(\"database.generateQueries\");\n        dataSource \u003d new com.zaxxer.hikari.HikariDataSource(hikariConfig);\n    }\n}",
                "dst_parent": "null"
              },
              "line": 96,
              "file": "/home/khesoem/projects/lighter/exp/src/main/java/org/traccar/database/DataManager.java",
              "stats": {
                "number_of_src_entities": 26,
                "number_of_dst_entities": -1,
                "src_entity_types": "[org.traccar.config.Config, java.lang.String, org.traccar.database.DataManager]",
                "dst_entity_types": "[]"
              }
            }
          ]
        },
        {
          "tool-name": "Arja",
          "pattern-name": "Arja:arja_shallow_change",
          "Unified_Diff_of-files:": "Starts Below...",
          "CHANGE_old:": "",
          "CHANGE_new:": "import java.util.Set;",
          "DELETE:": "    }",
          "INSERT:": "import org.traccar.model.Command;",
          "instance_detail": [
            {
              "pattern_action": "ANY",
              "pattern_entity": {
                "entity_type": "Statement",
                "entity_new value": "*",
                "entity_role": "*",
                "entity_parent": "null"
              },
              "concrete_change": {
                "operator": "DEL",
                "src_type": "ConstructorCall",
                "dst_type": "null",
                "src": "new javax.naming.InitialContext()",
                "dst": "null",
                "src_parent_type": "Invocation",
                "dst_parent_type": "null",
                "src_parent": "((javax.sql.DataSource) (new javax.naming.InitialContext().lookup(jndiName)))",
                "dst_parent": "null"
              },
              "line": 100,
              "file": "/home/khesoem/projects/lighter/exp/src/main/java/org/traccar/database/DataManager.java"
            }
          ]
        },
        {
          "tool-name": "Arja",
          "pattern-name": "Arja:arja_shallow_change",
          "Unified_Diff_of-files:": "Starts Below...",
          "CHANGE_old:": "",
          "CHANGE_new:": "import java.util.Set;",
          "DELETE:": "    }",
          "INSERT:": "import org.traccar.model.Command;",
          "instance_detail": [
            {
              "pattern_action": "ANY",
              "pattern_entity": {
                "entity_type": "Statement",
                "entity_new value": "*",
                "entity_role": "*",
                "entity_parent": "null"
              },
              "concrete_change": {
                "operator": "DEL",
                "src_type": "Invocation",
                "dst_type": "null",
                "src": "((javax.sql.DataSource) (new javax.naming.InitialContext().lookup(jndiName)))",
                "dst": "null",
                "src_parent_type": "Assignment",
                "dst_parent_type": "null",
                "src_parent": "dataSource \u003d ((javax.sql.DataSource) (new javax.naming.InitialContext().lookup(jndiName)))",
                "dst_parent": "null"
              },
              "line": 100,
              "file": "/home/khesoem/projects/lighter/exp/src/main/java/org/traccar/database/DataManager.java"
            }
          ]
        },
        {
          "tool-name": "Arja",
          "pattern-name": "Arja:arja_shallow_change",
          "Unified_Diff_of-files:": "Starts Below...",
          "CHANGE_old:": "",
          "CHANGE_new:": "import java.util.Set;",
          "DELETE:": "    }",
          "INSERT:": "import org.traccar.model.Command;",
          "instance_detail": [
            {
              "pattern_action": "ANY",
              "pattern_entity": {
                "entity_type": "Statement",
                "entity_new value": "*",
                "entity_role": "*",
                "entity_parent": "null"
              },
              "concrete_change": {
                "operator": "DEL",
                "src_type": "Assignment",
                "dst_type": "null",
                "src": "dataSource \u003d ((javax.sql.DataSource) (new javax.naming.InitialContext().lookup(jndiName)))",
                "dst": "null",
                "src_parent_type": "Block",
                "dst_parent_type": "null",
                "src_parent": "{\n    dataSource \u003d ((javax.sql.DataSource) (new javax.naming.InitialContext().lookup(jndiName)));\n}",
                "dst_parent": "null"
              },
              "line": 100,
              "file": "/home/khesoem/projects/lighter/exp/src/main/java/org/traccar/database/DataManager.java"
            }
          ]
        },
        {
          "tool-name": "Arja",
          "pattern-name": "Arja:arja_shallow_change",
          "Unified_Diff_of-files:": "Starts Below...",
          "CHANGE_old:": "",
          "CHANGE_new:": "import java.util.Set;",
          "DELETE:": "    }",
          "INSERT:": "import org.traccar.model.Command;",
          "instance_detail": [
            {
              "pattern_action": "ANY",
              "pattern_entity": {
                "entity_type": "Statement",
                "entity_new value": "*",
                "entity_role": "*",
                "entity_parent": "null"
              },
              "concrete_change": {
                "operator": "DEL",
                "src_type": "Block",
                "dst_type": "null",
                "src": "{\n    dataSource \u003d ((javax.sql.DataSource) (new javax.naming.InitialContext().lookup(jndiName)));\n}",
                "dst": "null",
                "src_parent_type": "If",
                "dst_parent_type": "null",
                "src_parent": "if (jndiName !\u003d null) {\n    dataSource \u003d ((javax.sql.DataSource) (new javax.naming.InitialContext().lookup(jndiName)));\n} else {\n    java.lang.String driverFile \u003d config.getString(Keys.DATABASE_DRIVER_FILE);\n    if (driverFile !\u003d null) {\n        java.lang.ClassLoader classLoader \u003d java.lang.ClassLoader.getSystemClassLoader();\n        try {\n            java.lang.reflect.Method method \u003d classLoader.getClass().getDeclaredMethod(\"addURL\", java.net.URL.class);\n            method.setAccessible(true);\n            method.invoke(classLoader, new java.io.File(driverFile).toURI().toURL());\n        } catch (java.lang.NoSuchMethodException e) {\n            java.lang.reflect.Method method \u003d classLoader.getClass().getDeclaredMethod(\"appendToClassPathForInstrumentation\", java.lang.String.class);\n            method.setAccessible(true);\n            method.invoke(classLoader, driverFile);\n        }\n    }\n    java.lang.String driver \u003d config.getString(Keys.DATABASE_DRIVER);\n    if (driver !\u003d null) {\n        java.lang.Class.forName(driver);\n    }\n    com.zaxxer.hikari.HikariConfig hikariConfig \u003d new com.zaxxer.hikari.HikariConfig();\n    hikariConfig.setDriverClassName(driver);\n    hikariConfig.setJdbcUrl(config.getString(Keys.DATABASE_URL));\n    hikariConfig.setUsername(config.getString(Keys.DATABASE_USER));\n    hikariConfig.setPassword(config.getString(Keys.DATABASE_PASSWORD));\n    hikariConfig.setConnectionInitSql(config.getString(Keys.DATABASE_CHECK_CONNECTION, \"SELECT 1\"));\n    hikariConfig.setIdleTimeout(600000);\n    int maxPoolSize \u003d config.getInteger(\"database.maxPoolSize\");\n    if (maxPoolSize !\u003d 0) {\n        hikariConfig.setMaximumPoolSize(maxPoolSize);\n    }\n    generateQueries \u003d config.getBoolean(\"database.generateQueries\");\n    dataSource \u003d new com.zaxxer.hikari.HikariDataSource(hikariConfig);\n}",
                "dst_parent": "null"
              },
              "line": 98,
              "file": "/home/khesoem/projects/lighter/exp/src/main/java/org/traccar/database/DataManager.java"
            }
          ]
        },
        {
          "tool-name": "Arja",
          "pattern-name": "Arja:arja_shallow_change",
          "Unified_Diff_of-files:": "Starts Below...",
          "CHANGE_old:": "",
          "CHANGE_new:": "import java.util.Set;",
          "DELETE:": "    }",
          "INSERT:": "import org.traccar.model.Command;",
          "instance_detail": [
            {
              "pattern_action": "ANY",
              "pattern_entity": {
                "entity_type": "Statement",
                "entity_new value": "*",
                "entity_role": "*",
                "entity_parent": "null"
              },
              "concrete_change": {
                "operator": "DEL",
                "src_type": "Block",
                "dst_type": "null",
                "src": "{\n    java.lang.String driverFile \u003d config.getString(Keys.DATABASE_DRIVER_FILE);\n    if (driverFile !\u003d null) {\n        java.lang.ClassLoader classLoader \u003d java.lang.ClassLoader.getSystemClassLoader();\n        try {\n            java.lang.reflect.Method method \u003d classLoader.getClass().getDeclaredMethod(\"addURL\", java.net.URL.class);\n            method.setAccessible(true);\n            method.invoke(classLoader, new java.io.File(driverFile).toURI().toURL());\n        } catch (java.lang.NoSuchMethodException e) {\n            java.lang.reflect.Method method \u003d classLoader.getClass().getDeclaredMethod(\"appendToClassPathForInstrumentation\", java.lang.String.class);\n            method.setAccessible(true);\n            method.invoke(classLoader, driverFile);\n        }\n    }\n    java.lang.String driver \u003d config.getString(Keys.DATABASE_DRIVER);\n    if (driver !\u003d null) {\n        java.lang.Class.forName(driver);\n    }\n    com.zaxxer.hikari.HikariConfig hikariConfig \u003d new com.zaxxer.hikari.HikariConfig();\n    hikariConfig.setDriverClassName(driver);\n    hikariConfig.setJdbcUrl(config.getString(Keys.DATABASE_URL));\n    hikariConfig.setUsername(config.getString(Keys.DATABASE_USER));\n    hikariConfig.setPassword(config.getString(Keys.DATABASE_PASSWORD));\n    hikariConfig.setConnectionInitSql(config.getString(Keys.DATABASE_CHECK_CONNECTION, \"SELECT 1\"));\n    hikariConfig.setIdleTimeout(600000);\n    int maxPoolSize \u003d config.getInteger(\"database.maxPoolSize\");\n    if (maxPoolSize !\u003d 0) {\n        hikariConfig.setMaximumPoolSize(maxPoolSize);\n    }\n    generateQueries \u003d config.getBoolean(\"database.generateQueries\");\n    dataSource \u003d new com.zaxxer.hikari.HikariDataSource(hikariConfig);\n}",
                "dst": "null",
                "src_parent_type": "If",
                "dst_parent_type": "null",
                "src_parent": "if (jndiName !\u003d null) {\n    dataSource \u003d ((javax.sql.DataSource) (new javax.naming.InitialContext().lookup(jndiName)));\n} else {\n    java.lang.String driverFile \u003d config.getString(Keys.DATABASE_DRIVER_FILE);\n    if (driverFile !\u003d null) {\n        java.lang.ClassLoader classLoader \u003d java.lang.ClassLoader.getSystemClassLoader();\n        try {\n            java.lang.reflect.Method method \u003d classLoader.getClass().getDeclaredMethod(\"addURL\", java.net.URL.class);\n            method.setAccessible(true);\n            method.invoke(classLoader, new java.io.File(driverFile).toURI().toURL());\n        } catch (java.lang.NoSuchMethodException e) {\n            java.lang.reflect.Method method \u003d classLoader.getClass().getDeclaredMethod(\"appendToClassPathForInstrumentation\", java.lang.String.class);\n            method.setAccessible(true);\n            method.invoke(classLoader, driverFile);\n        }\n    }\n    java.lang.String driver \u003d config.getString(Keys.DATABASE_DRIVER);\n    if (driver !\u003d null) {\n        java.lang.Class.forName(driver);\n    }\n    com.zaxxer.hikari.HikariConfig hikariConfig \u003d new com.zaxxer.hikari.HikariConfig();\n    hikariConfig.setDriverClassName(driver);\n    hikariConfig.setJdbcUrl(config.getString(Keys.DATABASE_URL));\n    hikariConfig.setUsername(config.getString(Keys.DATABASE_USER));\n    hikariConfig.setPassword(config.getString(Keys.DATABASE_PASSWORD));\n    hikariConfig.setConnectionInitSql(config.getString(Keys.DATABASE_CHECK_CONNECTION, \"SELECT 1\"));\n    hikariConfig.setIdleTimeout(600000);\n    int maxPoolSize \u003d config.getInteger(\"database.maxPoolSize\");\n    if (maxPoolSize !\u003d 0) {\n        hikariConfig.setMaximumPoolSize(maxPoolSize);\n    }\n    generateQueries \u003d config.getBoolean(\"database.generateQueries\");\n    dataSource \u003d new com.zaxxer.hikari.HikariDataSource(hikariConfig);\n}",
                "dst_parent": "null"
              },
              "line": 102,
              "file": "/home/khesoem/projects/lighter/exp/src/main/java/org/traccar/database/DataManager.java"
            }
          ]
        },
        {
          "tool-name": "Arja",
          "pattern-name": "Arja:arja_shallow_change",
          "Unified_Diff_of-files:": "Starts Below...",
          "CHANGE_old:": "",
          "CHANGE_new:": "import java.util.Set;",
          "DELETE:": "    }",
          "INSERT:": "import org.traccar.model.Command;",
          "instance_detail": [
            {
              "pattern_action": "ANY",
              "pattern_entity": {
                "entity_type": "Statement",
                "entity_new value": "*",
                "entity_role": "*",
                "entity_parent": "null"
              },
              "concrete_change": {
                "operator": "DEL",
                "src_type": "If",
                "dst_type": "null",
                "src": "if (jndiName !\u003d null) {\n    dataSource \u003d ((javax.sql.DataSource) (new javax.naming.InitialContext().lookup(jndiName)));\n} else {\n    java.lang.String driverFile \u003d config.getString(Keys.DATABASE_DRIVER_FILE);\n    if (driverFile !\u003d null) {\n        java.lang.ClassLoader classLoader \u003d java.lang.ClassLoader.getSystemClassLoader();\n        try {\n            java.lang.reflect.Method method \u003d classLoader.getClass().getDeclaredMethod(\"addURL\", java.net.URL.class);\n            method.setAccessible(true);\n            method.invoke(classLoader, new java.io.File(driverFile).toURI().toURL());\n        } catch (java.lang.NoSuchMethodException e) {\n            java.lang.reflect.Method method \u003d classLoader.getClass().getDeclaredMethod(\"appendToClassPathForInstrumentation\", java.lang.String.class);\n            method.setAccessible(true);\n            method.invoke(classLoader, driverFile);\n        }\n    }\n    java.lang.String driver \u003d config.getString(Keys.DATABASE_DRIVER);\n    if (driver !\u003d null) {\n        java.lang.Class.forName(driver);\n    }\n    com.zaxxer.hikari.HikariConfig hikariConfig \u003d new com.zaxxer.hikari.HikariConfig();\n    hikariConfig.setDriverClassName(driver);\n    hikariConfig.setJdbcUrl(config.getString(Keys.DATABASE_URL));\n    hikariConfig.setUsername(config.getString(Keys.DATABASE_USER));\n    hikariConfig.setPassword(config.getString(Keys.DATABASE_PASSWORD));\n    hikariConfig.setConnectionInitSql(config.getString(Keys.DATABASE_CHECK_CONNECTION, \"SELECT 1\"));\n    hikariConfig.setIdleTimeout(600000);\n    int maxPoolSize \u003d config.getInteger(\"database.maxPoolSize\");\n    if (maxPoolSize !\u003d 0) {\n        hikariConfig.setMaximumPoolSize(maxPoolSize);\n    }\n    generateQueries \u003d config.getBoolean(\"database.generateQueries\");\n    dataSource \u003d new com.zaxxer.hikari.HikariDataSource(hikariConfig);\n}",
                "dst": "null",
                "src_parent_type": "Block",
                "dst_parent_type": "null",
                "src_parent": "{\n    java.lang.String jndiName \u003d config.getString(\"database.jndi\");\n    if (jndiName !\u003d null) {\n        dataSource \u003d ((javax.sql.DataSource) (new javax.naming.InitialContext().lookup(jndiName)));\n    } else {\n        java.lang.String driverFile \u003d config.getString(Keys.DATABASE_DRIVER_FILE);\n        if (driverFile !\u003d null) {\n            java.lang.ClassLoader classLoader \u003d java.lang.ClassLoader.getSystemClassLoader();\n            try {\n                java.lang.reflect.Method method \u003d classLoader.getClass().getDeclaredMethod(\"addURL\", java.net.URL.class);\n                method.setAccessible(true);\n                method.invoke(classLoader, new java.io.File(driverFile).toURI().toURL());\n            } catch (java.lang.NoSuchMethodException e) {\n                java.lang.reflect.Method method \u003d classLoader.getClass().getDeclaredMethod(\"appendToClassPathForInstrumentation\", java.lang.String.class);\n                method.setAccessible(true);\n                method.invoke(classLoader, driverFile);\n            }\n        }\n        java.lang.String driver \u003d config.getString(Keys.DATABASE_DRIVER);\n        if (driver !\u003d null) {\n            java.lang.Class.forName(driver);\n        }\n        com.zaxxer.hikari.HikariConfig hikariConfig \u003d new com.zaxxer.hikari.HikariConfig();\n        hikariConfig.setDriverClassName(driver);\n        hikariConfig.setJdbcUrl(config.getString(Keys.DATABASE_URL));\n        hikariConfig.setUsername(config.getString(Keys.DATABASE_USER));\n        hikariConfig.setPassword(config.getString(Keys.DATABASE_PASSWORD));\n        hikariConfig.setConnectionInitSql(config.getString(Keys.DATABASE_CHECK_CONNECTION, \"SELECT 1\"));\n        hikariConfig.setIdleTimeout(600000);\n        int maxPoolSize \u003d config.getInteger(\"database.maxPoolSize\");\n        if (maxPoolSize !\u003d 0) {\n            hikariConfig.setMaximumPoolSize(maxPoolSize);\n        }\n        generateQueries \u003d config.getBoolean(\"database.generateQueries\");\n        dataSource \u003d new com.zaxxer.hikari.HikariDataSource(hikariConfig);\n    }\n}",
                "dst_parent": "null"
              },
              "line": 98,
              "file": "/home/khesoem/projects/lighter/exp/src/main/java/org/traccar/database/DataManager.java",
              "stats": {
                "number_of_src_entities": 577,
                "number_of_dst_entities": -1,
                "src_entity_types": "[Keys.DATABASE_DRIVER, Keys.DATABASE_USER, Keys.DATABASE_PASSWORD, java.lang.Object, org.traccar.config.Config, java.lang.String, java.lang.reflect.Method, javax.naming.InitialContext, Keys.DATABASE_DRIVER_FILE, javax.sql.DataSource, java.net.URI, \u003cnulltype\u003e, org.traccar.database.DataManager, com.zaxxer.hikari.HikariConfig, java.lang.NoSuchMethodException, java.net.URL, int, boolean, Keys.DATABASE_URL, java.lang.Class, Keys.DATABASE_CHECK_CONNECTION, java.io.File, java.lang.ClassLoader]",
                "dst_entity_types": "[]"
              }
            }
          ]
        }
      ]
    }
  ],
  "complete_analysis": true
}