{
  "instances": [
    {
      "revision": "5faeac6ee28b86ee1ff72580e4995db92bfff710",
      "repairability": [
        {
          "tool-name": "Arja",
          "pattern-name": "Arja:arja_shallow_change",
          "Unified_Diff_of-files:": "Starts Below...",
          "DELETE:": "        int frameDataLength \u003d buf.getUnsignedShortLE(buf.readerIndex() + 5);",
          "instance_detail": [
            {
              "pattern_action": "ANY",
              "pattern_entity": {
                "entity_type": "Statement",
                "entity_new value": "*",
                "entity_role": "*",
                "entity_parent": "null"
              },
              "concrete_change": {
                "operator": "DEL",
                "src_type": "Invocation",
                "dst_type": "null",
                "src": "(buf.readerIndex())",
                "dst": "null",
                "src_parent_type": "BinaryOperator",
                "dst_parent_type": "null",
                "src_parent": "((buf.readerIndex()) + 5)",
                "dst_parent": "null"
              },
              "line": 133,
              "file": "/home/khesoem/projects/lighter/exp/src/main/java/org/traccar/protocol/EgtsProtocolDecoder.java"
            }
          ]
        },
        {
          "tool-name": "Arja",
          "pattern-name": "Arja:arja_shallow_change",
          "Unified_Diff_of-files:": "Starts Below...",
          "DELETE:": "        int frameDataLength \u003d buf.getUnsignedShortLE(buf.readerIndex() + 5);",
          "instance_detail": [
            {
              "pattern_action": "ANY",
              "pattern_entity": {
                "entity_type": "Statement",
                "entity_new value": "*",
                "entity_role": "*",
                "entity_parent": "null"
              },
              "concrete_change": {
                "operator": "DEL",
                "src_type": "Invocation",
                "dst_type": "null",
                "src": "buf.getUnsignedShortLE(((buf.readerIndex()) + 5))",
                "dst": "null",
                "src_parent_type": "LocalVariable",
                "dst_parent_type": "null",
                "src_parent": "int frameDataLength \u003d buf.getUnsignedShortLE(((buf.readerIndex()) + 5))",
                "dst_parent": "null"
              },
              "line": 133,
              "file": "/home/khesoem/projects/lighter/exp/src/main/java/org/traccar/protocol/EgtsProtocolDecoder.java"
            }
          ]
        },
        {
          "tool-name": "Arja",
          "pattern-name": "Arja:arja_shallow_change",
          "Unified_Diff_of-files:": "Starts Below...",
          "DELETE:": "        int frameDataLength \u003d buf.getUnsignedShortLE(buf.readerIndex() + 5);",
          "instance_detail": [
            {
              "pattern_action": "ANY",
              "pattern_entity": {
                "entity_type": "Statement",
                "entity_new value": "*",
                "entity_role": "*",
                "entity_parent": "null"
              },
              "concrete_change": {
                "operator": "DEL",
                "src_type": "LocalVariable",
                "dst_type": "null",
                "src": "int frameDataLength \u003d buf.getUnsignedShortLE(((buf.readerIndex()) + 5))",
                "dst": "null",
                "src_parent_type": "Block",
                "dst_parent_type": "null",
                "src_parent": "{\n    io.netty.buffer.ByteBuf buf \u003d ((io.netty.buffer.ByteBuf) (msg));\n    java.util.List\u003corg.traccar.model.Position\u003e positions \u003d new java.util.LinkedList\u003c\u003e();\n    short headerLength \u003d buf.getUnsignedByte(((buf.readerIndex()) + 3));\n    int frameDataLength \u003d buf.getUnsignedShortLE(((buf.readerIndex()) + 5));\n    int index \u003d buf.getUnsignedShort((((buf.readerIndex()) + 5) + 2));\n    short packetType \u003d buf.getUnsignedByte(((((buf.readerIndex()) + 5) + 2) + 2));\n    buf.skipBytes(headerLength);\n    if (packetType \u003d\u003d (org.traccar.protocol.EgtsProtocolDecoder.PT_RESPONSE)) {\n        return null;\n    }\n    long objectId \u003d 0L;\n    while ((buf.readableBytes()) \u003e 2) {\n        int length \u003d buf.readUnsignedShortLE();\n        int recordIndex \u003d buf.readUnsignedShortLE();\n        int recordFlags \u003d buf.readUnsignedByte();\n        if (org.traccar.helper.BitUtil.check(recordFlags, 0)) {\n            objectId \u003d buf.readUnsignedIntLE();\n        }\n        if (org.traccar.helper.BitUtil.check(recordFlags, 1)) {\n            buf.readUnsignedIntLE();\n        }\n        if (org.traccar.helper.BitUtil.check(recordFlags, 2)) {\n            buf.readUnsignedIntLE();\n        }\n        int serviceType \u003d buf.readUnsignedByte();\n        buf.readUnsignedByte();\n        int recordEnd \u003d (buf.readerIndex()) + length;\n        org.traccar.model.Position position \u003d new org.traccar.model.Position(getProtocolName());\n        org.traccar.DeviceSession deviceSession \u003d getDeviceSession(channel, remoteAddress);\n        if (deviceSession !\u003d null) {\n            position.setDeviceId(deviceSession.getDeviceId());\n        }\n        io.netty.buffer.ByteBuf response \u003d io.netty.buffer.Unpooled.buffer();\n        response.writeShortLE(recordIndex);\n        response.writeByte(0);\n        sendResponse(channel, org.traccar.protocol.EgtsProtocolDecoder.PT_RESPONSE, index, serviceType, org.traccar.protocol.EgtsProtocolDecoder.MSG_RECORD_RESPONSE, response);\n        while ((buf.readerIndex()) \u003c recordEnd) {\n            int type \u003d buf.readUnsignedByte();\n            int end \u003d (buf.readUnsignedShortLE()) + (buf.readerIndex());\n            if (type \u003d\u003d (org.traccar.protocol.EgtsProtocolDecoder.MSG_TERM_IDENTITY)) {\n                useObjectIdAsDeviceId \u003d false;\n                buf.readUnsignedIntLE();\n                int flags \u003d buf.readUnsignedByte();\n                if (org.traccar.helper.BitUtil.check(flags, 0)) {\n                    buf.readUnsignedShortLE();\n                }\n                if (org.traccar.helper.BitUtil.check(flags, 1)) {\n                    getDeviceSession(channel, remoteAddress, buf.readSlice(15).toString(java.nio.charset.StandardCharsets.US_ASCII).trim());\n                }\n                if (org.traccar.helper.BitUtil.check(flags, 2)) {\n                    getDeviceSession(channel, remoteAddress, buf.readSlice(16).toString(java.nio.charset.StandardCharsets.US_ASCII).trim());\n                }\n                if (org.traccar.helper.BitUtil.check(flags, 3)) {\n                    buf.skipBytes(3);\n                }\n                if (org.traccar.helper.BitUtil.check(flags, 5)) {\n                    buf.skipBytes(3);\n                }\n                if (org.traccar.helper.BitUtil.check(flags, 6)) {\n                    buf.readUnsignedShortLE();\n                }\n                if (org.traccar.helper.BitUtil.check(flags, 7)) {\n                    getDeviceSession(channel, remoteAddress, buf.readSlice(15).toString(java.nio.charset.StandardCharsets.US_ASCII).trim());\n                }\n                response \u003d io.netty.buffer.Unpooled.buffer();\n                response.writeByte(0);\n                sendResponse(channel, org.traccar.protocol.EgtsProtocolDecoder.PT_APPDATA, 0, serviceType, org.traccar.protocol.EgtsProtocolDecoder.MSG_RESULT_CODE, response);\n            } else\n                if (type \u003d\u003d (org.traccar.protocol.EgtsProtocolDecoder.MSG_POS_DATA)) {\n                    position.setTime(new java.util.Date((((buf.readUnsignedIntLE()) + 1262304000) * 1000)));\n                    position.setLatitude((((buf.readUnsignedIntLE()) * 90.0) / 4294967295L));\n                    position.setLongitude((((buf.readUnsignedIntLE()) * 180.0) / 4294967295L));\n                    int flags \u003d buf.readUnsignedByte();\n                    position.setValid(org.traccar.helper.BitUtil.check(flags, 0));\n                    if (org.traccar.helper.BitUtil.check(flags, 5)) {\n                        position.setLatitude((-(position.getLatitude())));\n                    }\n                    if (org.traccar.helper.BitUtil.check(flags, 6)) {\n                        position.setLongitude((-(position.getLongitude())));\n                    }\n                    int speed \u003d buf.readUnsignedShortLE();\n                    position.setSpeed(org.traccar.helper.UnitsConverter.knotsFromKph(((org.traccar.helper.BitUtil.to(speed, 14)) * 0.1)));\n                    position.setCourse(((buf.readUnsignedByte()) + (org.traccar.helper.BitUtil.check(speed, 15) ? 256 : 0)));\n                    position.set(Position.KEY_ODOMETER, ((buf.readUnsignedMediumLE()) * 100));\n                    position.set(Position.KEY_INPUT, buf.readUnsignedByte());\n                    position.set(Position.KEY_EVENT, buf.readUnsignedByte());\n                    if (org.traccar.helper.BitUtil.check(flags, 7)) {\n                        position.setAltitude(buf.readMediumLE());\n                    }\n                } else\n                    if (type \u003d\u003d (org.traccar.protocol.EgtsProtocolDecoder.MSG_EXT_POS_DATA)) {\n                        int flags \u003d buf.readUnsignedByte();\n                        if (org.traccar.helper.BitUtil.check(flags, 0)) {\n                            position.set(Position.KEY_VDOP, buf.readUnsignedShortLE());\n                        }\n                        if (org.traccar.helper.BitUtil.check(flags, 1)) {\n                            position.set(Position.KEY_HDOP, buf.readUnsignedShortLE());\n                        }\n                        if (org.traccar.helper.BitUtil.check(flags, 2)) {\n                            position.set(Position.KEY_PDOP, buf.readUnsignedShortLE());\n                        }\n                        if (org.traccar.helper.BitUtil.check(flags, 3)) {\n                            position.set(Position.KEY_SATELLITES, buf.readUnsignedByte());\n                        }\n                    } else\n                        if (type \u003d\u003d (org.traccar.protocol.EgtsProtocolDecoder.MSG_AD_SENSORS_DATA)) {\n                            buf.readUnsignedByte();\n                            position.set(Position.KEY_OUTPUT, buf.readUnsignedByte());\n                            buf.readUnsignedByte();\n                        }\n\n\n\n            buf.readerIndex(end);\n        } \n        if ((serviceType \u003d\u003d (org.traccar.protocol.EgtsProtocolDecoder.SERVICE_TELEDATA)) \u0026\u0026 (position.getValid())) {\n            if ((useObjectIdAsDeviceId) \u0026\u0026 (objectId !\u003d 0L)) {\n                org.traccar.protocol.EgtsProtocolDecoder.LOGGER.debug(\"[{}] Using objectId as deviceId: {}\", (channel \u003d\u003d null ? \"\" : channel.id()), objectId);\n                deviceSession \u003d getDeviceSession(channel, remoteAddress, true, java.lang.String.valueOf(objectId));\n                if (deviceSession !\u003d null) {\n                    position.setDeviceId(deviceSession.getDeviceId());\n                }\n            }\n            if (deviceSession !\u003d null) {\n                positions.add(position);\n            }\n        }\n    } \n    return positions.isEmpty() ? null : positions;\n}",
                "dst_parent": "null"
              },
              "line": 133,
              "file": "/home/khesoem/projects/lighter/exp/src/main/java/org/traccar/protocol/EgtsProtocolDecoder.java",
              "stats": {
                "number_of_src_entities": 22,
                "number_of_dst_entities": -1,
                "src_entity_types": "[int, io.netty.buffer.ByteBuf]",
                "dst_entity_types": "[]"
              }
            }
          ]
        }
      ]
    }
  ],
  "complete_analysis": true
}