{
  "instances": [
    {
      "revision": "0c40b37a389ae681152f320e47731ee3012f17eb",
      "repairability": [
        {
          "tool-name": "Arja",
          "pattern-name": "Arja:arja_shallow_change",
          "Unified_Diff_of-files:": "Starts Below...",
          "CHANGE_old:": "",
          "CHANGE_new:": "        super(formatUrl(url, id, key, language), cacheSize, addressFormat);",
          "INSERT:": "        url +\u003d \"\u0026apiKey\u003d\" + key;",
          "instance_detail": [
            {
              "pattern_action": "ANY",
              "pattern_entity": {
                "entity_type": "Statement",
                "entity_new value": "*",
                "entity_role": "*",
                "entity_parent": "null"
              },
              "concrete_change": {
                "operator": "DEL",
                "src_type": "LocalVariable",
                "dst_type": "null",
                "src": "java.lang.String url \u003d \"https://reverse.geocoder.api.here.com/6.2/reversegeocode.json\"",
                "dst": "null",
                "src_parent_type": "Block",
                "dst_parent_type": "null",
                "src_parent": "{\n    java.lang.String url \u003d \"https://reverse.geocoder.api.here.com/6.2/reversegeocode.json\";\n    url +\u003d \"?mode\u003dretrieveAddresses\u0026maxresults\u003d1\";\n    url +\u003d \"\u0026prox\u003d%f,%f,0\";\n    url +\u003d \"\u0026app_id\u003d\" + id;\n    url +\u003d \"\u0026app_code\u003d\" + key;\n    if (language !\u003d null) {\n        url +\u003d \"\u0026language\u003d\" + language;\n    }\n    return url;\n}",
                "dst_parent": "null"
              },
              "line": 23,
              "file": "/home/khesoem/projects/lighter/exp/src/main/java/org/traccar/geocoder/HereGeocoder.java",
              "stats": {
                "number_of_src_entities": 6,
                "number_of_dst_entities": -1,
                "src_entity_types": "[java.lang.String]",
                "dst_entity_types": "[]"
              }
            }
          ]
        }
      ]
    }
  ],
  "complete_analysis": true
}