{
  "instances": [
    {
      "revision": "a523c86bed9b046d3c6164c8d94632cf3b64a8e9",
      "repairability": [
        {
          "tool-name": "Arja",
          "pattern-name": "Arja:arja_shallow_change",
          "Unified_Diff_of-files:": "Starts Below...",
          "CHANGE_old:": "                return true;",
          "CHANGE_new:": "",
          "INSERT:": "import net.fortuna.ical4j.model.TimeZoneRegistryImpl;",
          "DELETE:": "        }",
          "instance_detail": [
            {
              "pattern_action": "ANY",
              "pattern_entity": {
                "entity_type": "Statement",
                "entity_new value": "*",
                "entity_role": "*",
                "entity_parent": "null"
              },
              "concrete_change": {
                "operator": "DEL",
                "src_type": "ConstructorCall",
                "dst_type": "null",
                "src": "new net.fortuna.ical4j.model.Dur(0, 0, 0, 0)",
                "dst": "null",
                "src_parent_type": "ConstructorCall",
                "dst_parent_type": "null",
                "src_parent": "new net.fortuna.ical4j.model.Period(new net.fortuna.ical4j.model.DateTime(date), new net.fortuna.ical4j.model.Dur(0, 0, 0, 0))",
                "dst_parent": "null"
              },
              "line": 71,
              "file": "/home/khesoem/projects/lighter/exp/src/main/java/org/traccar/model/Calendar.java",
              "stats": {
                "number_of_src_entities": 18,
                "number_of_dst_entities": -1,
                "src_entity_types": "[int, net.fortuna.ical4j.model.Dur]",
                "dst_entity_types": "[]"
              }
            }
          ]
        },
        {
          "tool-name": "Arja",
          "pattern-name": "Arja:arja_shallow_change",
          "Unified_Diff_of-files:": "Starts Below...",
          "CHANGE_old:": "                return true;",
          "CHANGE_new:": "",
          "INSERT:": "import net.fortuna.ical4j.model.TimeZoneRegistryImpl;",
          "DELETE:": "        }",
          "instance_detail": [
            {
              "pattern_action": "ANY",
              "pattern_entity": {
                "entity_type": "Statement",
                "entity_new value": "*",
                "entity_role": "*",
                "entity_parent": "null"
              },
              "concrete_change": {
                "operator": "DEL",
                "src_type": "LocalVariable",
                "dst_type": "null",
                "src": "org.apache.commons.collections4.Predicate\u003cnet.fortuna.ical4j.model.component.CalendarComponent\u003e periodRule \u003d new net.fortuna.ical4j.filter.PeriodRule(period)",
                "dst": "null",
                "src_parent_type": "Block",
                "dst_parent_type": "null",
                "src_parent": "{\n    net.fortuna.ical4j.model.Period period \u003d new net.fortuna.ical4j.model.Period(new net.fortuna.ical4j.model.DateTime(date), new net.fortuna.ical4j.model.Dur(0, 0, 0, 0));\n    org.apache.commons.collections4.Predicate\u003cnet.fortuna.ical4j.model.component.CalendarComponent\u003e periodRule \u003d new net.fortuna.ical4j.filter.PeriodRule(period);\n    net.fortuna.ical4j.filter.Filter\u003cnet.fortuna.ical4j.model.component.CalendarComponent\u003e filter \u003d new net.fortuna.ical4j.filter.Filter(new org.apache.commons.collections4.Predicate[]{ periodRule }, net.fortuna.ical4j.filter.Filter.MATCH_ANY);\n    java.util.Collection\u003cnet.fortuna.ical4j.model.component.CalendarComponent\u003e events \u003d filter.filter(calendar.getComponents(CalendarComponent.VEVENT));\n    if ((events !\u003d null) \u0026\u0026 (!(events.isEmpty()))) {\n        return true;\n    }\n}",
                "dst_parent": "null"
              },
              "line": 72,
              "file": "/home/khesoem/projects/lighter/exp/src/main/java/org/traccar/model/Calendar.java",
              "stats": {
                "number_of_src_entities": 15,
                "number_of_dst_entities": -1,
                "src_entity_types": "[org.apache.commons.collections4.Predicate\u003cnet.fortuna.ical4j.model.component.CalendarComponent\u003e, org.traccar.model.PeriodRule\u003c\u003e, net.fortuna.ical4j.model.component.CalendarComponent, net.fortuna.ical4j.model.Period]",
                "dst_entity_types": "[]"
              }
            }
          ]
        },
        {
          "tool-name": "Arja",
          "pattern-name": "Arja:arja_shallow_change",
          "Unified_Diff_of-files:": "Starts Below...",
          "CHANGE_old:": "                return true;",
          "CHANGE_new:": "",
          "INSERT:": "import net.fortuna.ical4j.model.TimeZoneRegistryImpl;",
          "DELETE:": "        }",
          "instance_detail": [
            {
              "pattern_action": "ANY",
              "pattern_entity": {
                "entity_type": "Statement",
                "entity_new value": "*",
                "entity_role": "*",
                "entity_parent": "null"
              },
              "concrete_change": {
                "operator": "DEL",
                "src_type": "Block",
                "dst_type": "null",
                "src": "{\n    return true;\n}",
                "dst": "null",
                "src_parent_type": "If",
                "dst_parent_type": "null",
                "src_parent": "if ((events !\u003d null) \u0026\u0026 (!(events.isEmpty()))) {\n    return true;\n}",
                "dst_parent": "null"
              },
              "line": 75,
              "file": "/home/khesoem/projects/lighter/exp/src/main/java/org/traccar/model/Calendar.java"
            }
          ]
        },
        {
          "tool-name": "Arja",
          "pattern-name": "Arja:arja_shallow_change",
          "Unified_Diff_of-files:": "Starts Below...",
          "CHANGE_old:": "                return true;",
          "CHANGE_new:": "",
          "INSERT:": "import net.fortuna.ical4j.model.TimeZoneRegistryImpl;",
          "DELETE:": "        }",
          "instance_detail": [
            {
              "pattern_action": "ANY",
              "pattern_entity": {
                "entity_type": "Statement",
                "entity_new value": "*",
                "entity_role": "*",
                "entity_parent": "null"
              },
              "concrete_change": {
                "operator": "DEL",
                "src_type": "If",
                "dst_type": "null",
                "src": "if ((events !\u003d null) \u0026\u0026 (!(events.isEmpty()))) {\n    return true;\n}",
                "dst": "null",
                "src_parent_type": "Block",
                "dst_parent_type": "null",
                "src_parent": "{\n    net.fortuna.ical4j.model.Period period \u003d new net.fortuna.ical4j.model.Period(new net.fortuna.ical4j.model.DateTime(date), new net.fortuna.ical4j.model.Dur(0, 0, 0, 0));\n    org.apache.commons.collections4.Predicate\u003cnet.fortuna.ical4j.model.component.CalendarComponent\u003e periodRule \u003d new net.fortuna.ical4j.filter.PeriodRule(period);\n    net.fortuna.ical4j.filter.Filter\u003cnet.fortuna.ical4j.model.component.CalendarComponent\u003e filter \u003d new net.fortuna.ical4j.filter.Filter(new org.apache.commons.collections4.Predicate[]{ periodRule }, net.fortuna.ical4j.filter.Filter.MATCH_ANY);\n    java.util.Collection\u003cnet.fortuna.ical4j.model.component.CalendarComponent\u003e events \u003d filter.filter(calendar.getComponents(CalendarComponent.VEVENT));\n    if ((events !\u003d null) \u0026\u0026 (!(events.isEmpty()))) {\n        return true;\n    }\n}",
                "dst_parent": "null"
              },
              "line": 75,
              "file": "/home/khesoem/projects/lighter/exp/src/main/java/org/traccar/model/Calendar.java",
              "stats": {
                "number_of_src_entities": 28,
                "number_of_dst_entities": -1,
                "src_entity_types": "[boolean, java.util.Collection\u003cnet.fortuna.ical4j.model.component.CalendarComponent\u003e, net.fortuna.ical4j.model.component.CalendarComponent, \u003cnulltype\u003e]",
                "dst_entity_types": "[]"
              }
            }
          ]
        }
      ]
    }
  ],
  "complete_analysis": true
}