{
  "instances": [
    {
      "revision": "692a52be1c5b2c1f08d04f5eed1b73b31a9539e0",
      "repairability": [
        {
          "tool-name": "Arja",
          "pattern-name": "Arja:arja_shallow_change",
          "Unified_Diff_of-files:": "Starts Below...",
          "INSERT:": "}",
          "instance_detail": [
            {
              "pattern_action": "ANY",
              "pattern_entity": {
                "entity_type": "Statement",
                "entity_new value": "*",
                "entity_role": "*",
                "entity_parent": "null"
              },
              "concrete_change": {
                "operator": "DEL",
                "src_type": "Invocation",
                "dst_type": "null",
                "src": "statistics.setActiveDevices(devices.size())",
                "dst": "null",
                "src_parent_type": "Block",
                "dst_parent_type": "null",
                "src_parent": "{\n    org.traccar.model.Statistics statistics \u003d new org.traccar.model.Statistics();\n    statistics.setCaptureTime(new java.util.Date());\n    statistics.setActiveUsers(users.size());\n    statistics.setActiveDevices(devices.size());\n    statistics.setRequests(requests);\n    statistics.setMessagesReceived(messagesReceived);\n    statistics.setMessagesStored(messagesStored);\n    statistics.setMailSent(mailSent);\n    statistics.setSmsSent(smsSent);\n    statistics.setGeocoderRequests(geocoderRequests);\n    statistics.setGeolocationRequests(geolocationRequests);\n    try {\n        dataManager.addObject(statistics);\n    } catch (java.sql.SQLException e) {\n        org.traccar.database.StatisticsManager.LOGGER.warn(\"Error saving statistics\", e);\n    }\n    java.lang.String url \u003d config.getString(Keys.SERVER_STATISTICS);\n    if (url !\u003d null) {\n        java.lang.String time \u003d org.traccar.helper.DateUtil.formatDate(statistics.getCaptureTime());\n        javax.ws.rs.core.Form form \u003d new javax.ws.rs.core.Form();\n        form.param(\"version\", getClass().getPackage().getImplementationVersion());\n        form.param(\"captureTime\", time);\n        form.param(\"activeUsers\", java.lang.String.valueOf(statistics.getActiveUsers()));\n        form.param(\"activeDevices\", java.lang.String.valueOf(statistics.getActiveDevices()));\n        form.param(\"requests\", java.lang.String.valueOf(statistics.getRequests()));\n        form.param(\"messagesReceived\", java.lang.String.valueOf(statistics.getMessagesReceived()));\n        form.param(\"messagesStored\", java.lang.String.valueOf(statistics.getMessagesStored()));\n        form.param(\"mailSent\", java.lang.String.valueOf(statistics.getMailSent()));\n        form.param(\"smsSent\", java.lang.String.valueOf(statistics.getSmsSent()));\n        form.param(\"geocoderRequests\", java.lang.String.valueOf(statistics.getGeocoderRequests()));\n        form.param(\"geolocationRequests\", java.lang.String.valueOf(statistics.getGeolocationRequests()));\n        client.target(url).request().async().post(javax.ws.rs.client.Entity.form(form));\n    }\n    users.clear();\n    devices.clear();\n    requests \u003d 0;\n    messagesReceived \u003d 0;\n    messagesStored \u003d 0;\n    mailSent \u003d 0;\n    smsSent \u003d 0;\n    geocoderRequests \u003d 0;\n    geolocationRequests \u003d 0;\n}",
                "dst_parent": "null"
              },
              "line": 72,
              "file": "/home/khesoem/projects/lighter/exp/src/main/java/org/traccar/database/StatisticsManager.java",
              "stats": {
                "number_of_src_entities": 28,
                "number_of_dst_entities": -1,
                "src_entity_types": "[org.traccar.database.StatisticsManager, java.util.Set, org.traccar.model.Statistics]",
                "dst_entity_types": "[]"
              }
            }
          ]
        },
        {
          "tool-name": "Arja",
          "pattern-name": "Arja:arja_shallow_change",
          "Unified_Diff_of-files:": "Starts Below...",
          "INSERT:": "}",
          "instance_detail": [
            {
              "pattern_action": "ANY",
              "pattern_entity": {
                "entity_type": "Statement",
                "entity_new value": "*",
                "entity_role": "*",
                "entity_parent": "null"
              },
              "concrete_change": {
                "operator": "DEL",
                "src_type": "Invocation",
                "dst_type": "null",
                "src": "devices.clear()",
                "dst": "null",
                "src_parent_type": "Block",
                "dst_parent_type": "null",
                "src_parent": "{\n    org.traccar.model.Statistics statistics \u003d new org.traccar.model.Statistics();\n    statistics.setCaptureTime(new java.util.Date());\n    statistics.setActiveUsers(users.size());\n    statistics.setActiveDevices(devices.size());\n    statistics.setRequests(requests);\n    statistics.setMessagesReceived(messagesReceived);\n    statistics.setMessagesStored(messagesStored);\n    statistics.setMailSent(mailSent);\n    statistics.setSmsSent(smsSent);\n    statistics.setGeocoderRequests(geocoderRequests);\n    statistics.setGeolocationRequests(geolocationRequests);\n    try {\n        dataManager.addObject(statistics);\n    } catch (java.sql.SQLException e) {\n        org.traccar.database.StatisticsManager.LOGGER.warn(\"Error saving statistics\", e);\n    }\n    java.lang.String url \u003d config.getString(Keys.SERVER_STATISTICS);\n    if (url !\u003d null) {\n        java.lang.String time \u003d org.traccar.helper.DateUtil.formatDate(statistics.getCaptureTime());\n        javax.ws.rs.core.Form form \u003d new javax.ws.rs.core.Form();\n        form.param(\"version\", getClass().getPackage().getImplementationVersion());\n        form.param(\"captureTime\", time);\n        form.param(\"activeUsers\", java.lang.String.valueOf(statistics.getActiveUsers()));\n        form.param(\"activeDevices\", java.lang.String.valueOf(statistics.getActiveDevices()));\n        form.param(\"requests\", java.lang.String.valueOf(statistics.getRequests()));\n        form.param(\"messagesReceived\", java.lang.String.valueOf(statistics.getMessagesReceived()));\n        form.param(\"messagesStored\", java.lang.String.valueOf(statistics.getMessagesStored()));\n        form.param(\"mailSent\", java.lang.String.valueOf(statistics.getMailSent()));\n        form.param(\"smsSent\", java.lang.String.valueOf(statistics.getSmsSent()));\n        form.param(\"geocoderRequests\", java.lang.String.valueOf(statistics.getGeocoderRequests()));\n        form.param(\"geolocationRequests\", java.lang.String.valueOf(statistics.getGeolocationRequests()));\n        client.target(url).request().async().post(javax.ws.rs.client.Entity.form(form));\n    }\n    users.clear();\n    devices.clear();\n    requests \u003d 0;\n    messagesReceived \u003d 0;\n    messagesStored \u003d 0;\n    mailSent \u003d 0;\n    smsSent \u003d 0;\n    geocoderRequests \u003d 0;\n    geolocationRequests \u003d 0;\n}",
                "dst_parent": "null"
              },
              "line": 108,
              "file": "/home/khesoem/projects/lighter/exp/src/main/java/org/traccar/database/StatisticsManager.java",
              "stats": {
                "number_of_src_entities": 19,
                "number_of_dst_entities": -1,
                "src_entity_types": "[org.traccar.database.StatisticsManager, java.util.Set]",
                "dst_entity_types": "[]"
              }
            }
          ]
        }
      ]
    }
  ],
  "complete_analysis": true
}