{
  "instances": [
    {
      "revision": "6c3c6c5ead98e38b152685dd3528c0f70cdcac50",
      "repairability": [
        {
          "tool-name": "Arja",
          "pattern-name": "Arja:arja_shallow_change",
          "Unified_Diff_of-files:": "Starts Below...",
          "DELETE:": "",
          "INSERT:": "",
          "instance_detail": [
            {
              "pattern_action": "ANY",
              "pattern_entity": {
                "entity_type": "Statement",
                "entity_new value": "*",
                "entity_role": "*",
                "entity_parent": "null"
              },
              "concrete_change": {
                "operator": "INS",
                "src_type": "Assignment",
                "dst_type": "null",
                "src": "position \u003d new org.traccar.model.Position(getProtocolName())",
                "dst": "null",
                "src_parent_type": "Block",
                "dst_parent_type": "null",
                "src_parent": "{\n    position \u003d new org.traccar.model.Position(getProtocolName());\n    position.setDeviceId(deviceSession.getDeviceId());\n    getLastLocation(position, null);\n    buf.readUnsignedByte();\n    int length \u003d (buf.readableBytes()) - 9;\n    if (length \u003c 8) {\n        position.set(((org.traccar.model.Position.PREFIX_TEMP) + 1), java.lang.Double.parseDouble(buf.readCharSequence((length - 1), java.nio.charset.StandardCharsets.US_ASCII).toString()));\n    } else {\n        buf.readUnsignedByte();\n        position.set(Position.KEY_DRIVER_UNIQUE_ID, buf.readCharSequence((length - 1), java.nio.charset.StandardCharsets.US_ASCII).toString());\n    }\n    return position;\n}",
                "dst_parent": "null"
              },
              "line": 1211,
              "file": "/home/khesoem/projects/lighter/exp/src/main/java/org/traccar/protocol/Gt06ProtocolDecoder.java",
              "stats": {
                "number_of_src_entities": 19,
                "number_of_dst_entities": -1,
                "src_entity_types": "[java.lang.Object, org.traccar.model.Position, org.traccar.protocol.Gt06ProtocolDecoder]",
                "dst_entity_types": "[]"
              }
            }
          ]
        },
        {
          "tool-name": "Arja",
          "pattern-name": "Arja:arja_shallow_change",
          "Unified_Diff_of-files:": "Starts Below...",
          "DELETE:": "",
          "INSERT:": "",
          "instance_detail": [
            {
              "pattern_action": "ANY",
              "pattern_entity": {
                "entity_type": "Statement",
                "entity_new value": "*",
                "entity_role": "*",
                "entity_parent": "null"
              },
              "concrete_change": {
                "operator": "INS",
                "src_type": "Invocation",
                "dst_type": "null",
                "src": "position.setDeviceId(deviceSession.getDeviceId())",
                "dst": "null",
                "src_parent_type": "Block",
                "dst_parent_type": "null",
                "src_parent": "{\n    position \u003d new org.traccar.model.Position(getProtocolName());\n    position.setDeviceId(deviceSession.getDeviceId());\n    getLastLocation(position, null);\n    buf.readUnsignedByte();\n    int length \u003d (buf.readableBytes()) - 9;\n    if (length \u003c 8) {\n        position.set(((org.traccar.model.Position.PREFIX_TEMP) + 1), java.lang.Double.parseDouble(buf.readCharSequence((length - 1), java.nio.charset.StandardCharsets.US_ASCII).toString()));\n    } else {\n        buf.readUnsignedByte();\n        position.set(Position.KEY_DRIVER_UNIQUE_ID, buf.readCharSequence((length - 1), java.nio.charset.StandardCharsets.US_ASCII).toString());\n    }\n    return position;\n}",
                "dst_parent": "null"
              },
              "line": 1212,
              "file": "/home/khesoem/projects/lighter/exp/src/main/java/org/traccar/protocol/Gt06ProtocolDecoder.java",
              "stats": {
                "number_of_src_entities": 16,
                "number_of_dst_entities": -1,
                "src_entity_types": "[org.traccar.DeviceSession, org.traccar.model.Position]",
                "dst_entity_types": "[]"
              }
            }
          ]
        }
      ]
    }
  ],
  "complete_analysis": true
}