{
  "instances": [
    {
      "revision": "8313628b3ce61712564254ad431cdd7528d1636b",
      "repairability": [
        {
          "tool-name": "Arja",
          "pattern-name": "Arja:arja_shallow_change",
          "Unified_Diff_of-files:": "Starts Below...",
          "INSERT:": " *",
          "DELETE:": "        TrustManager[] trustManagers;",
          "CHANGE_old:": "        trustManagers \u003d trustManagerFactory.getTrustManagers();",
          "CHANGE_new:": "        TrustManager[] trustManagers \u003d trustManagerFactory.getTrustManagers();",
          "instance_detail": [
            {
              "pattern_action": "ANY",
              "pattern_entity": {
                "entity_type": "Statement",
                "entity_new value": "*",
                "entity_role": "*",
                "entity_parent": "null"
              },
              "concrete_change": {
                "operator": "DEL",
                "src_type": "Assignment",
                "dst_type": "null",
                "src": "trustManagers \u003d trustManagerFactory.getTrustManagers()",
                "dst": "null",
                "src_parent_type": "Block",
                "dst_parent_type": "null",
                "src_parent": "{\n    javax.net.ssl.KeyManager[] keyManagers;\n    javax.net.ssl.KeyManagerFactory keyManagerFactory \u003d javax.net.ssl.KeyManagerFactory.getInstance(javax.net.ssl.KeyManagerFactory.getDefaultAlgorithm());\n    keyManagerFactory.init(keyStore, getSettings().getKeystorePassword().toCharArray());\n    keyManagers \u003d keyManagerFactory.getKeyManagers();\n    javax.net.ssl.TrustManager[] trustManagers;\n    javax.net.ssl.TrustManagerFactory trustManagerFactory \u003d javax.net.ssl.TrustManagerFactory.getInstance(javax.net.ssl.KeyManagerFactory.getDefaultAlgorithm());\n    trustManagerFactory.init(trustStore);\n    trustManagers \u003d trustManagerFactory.getTrustManagers();\n    javax.net.ssl.SSLContext sslContext;\n    sslContext \u003d javax.net.ssl.SSLContext.getInstance(\"TLS\");\n    sslContext.init(keyManagers, trustManagers, null);\n    return sslContext;\n}",
                "dst_parent": "null"
              },
              "line": 185,
              "file": "/home/khesoem/projects/lighter/exp/pippo-undertow/src/main/java/ro/pippo/undertow/UndertowServer.java",
              "stats": {
                "number_of_src_entities": 20,
                "number_of_dst_entities": -1,
                "src_entity_types": "[javax.net.ssl.TrustManagerFactory, javax.net.ssl.TrustManager]",
                "dst_entity_types": "[]"
              }
            }
          ]
        }
      ]
    }
  ],
  "complete_analysis": true
}