{
  "instances": [
    {
      "revision": "418e9ef72b599787fad4332a182ec3add541a857",
      "repairability": [
        {
          "tool-name": "Arja",
          "pattern-name": "Arja:arja_shallow_change",
          "Unified_Diff_of-files:": "Starts Below...",
          "INSERT:": "import javax.servlet.http.HttpServletResponse;",
          "DELETE:": "}",
          "CHANGE_old:": "                sessionHttpServletRequest.commitSession(response.getHttpServletResponse());",
          "CHANGE_new:": "",
          "instance_detail": [
            {
              "pattern_action": "ANY",
              "pattern_entity": {
                "entity_type": "Statement",
                "entity_new value": "*",
                "entity_role": "*",
                "entity_parent": "null"
              },
              "concrete_change": {
                "operator": "DEL",
                "src_type": "Return",
                "dst_type": "null",
                "src": "return new ro.pippo.core.Response(httpServletResponse, application)",
                "dst": "null",
                "src_parent_type": "Block",
                "dst_parent_type": "null",
                "src_parent": "{\n    return new ro.pippo.core.Response(httpServletResponse, application);\n}",
                "dst_parent": "null"
              },
              "line": 40,
              "file": "/home/khesoem/projects/lighter/exp/pippo-core/src/main/java/ro/pippo/core/RequestResponseFactory.java"
            }
          ]
        }
      ]
    },
    {
      "revision": "418e9ef72b599787fad4332a182ec3add541a857",
      "repairability": [
        {
          "tool-name": "Arja",
          "pattern-name": "Arja:arja_shallow_change",
          "Unified_Diff_of-files:": "Starts Below...",
          "INSERT:": "import javax.servlet.http.HttpServletResponse;",
          "DELETE:": "}",
          "CHANGE_old:": "                sessionHttpServletRequest.commitSession(response.getHttpServletResponse());",
          "CHANGE_new:": "",
          "instance_detail": [
            {
              "pattern_action": "ANY",
              "pattern_entity": {
                "entity_type": "Statement",
                "entity_new value": "*",
                "entity_role": "*",
                "entity_parent": "null"
              },
              "concrete_change": {
                "operator": "DEL",
                "src_type": "Invocation",
                "dst_type": "null",
                "src": "response.getHttpServletResponse()",
                "dst": "null",
                "src_parent_type": "Invocation",
                "dst_parent_type": "null",
                "src_parent": "sessionHttpServletRequest.commitSession(response.getHttpServletResponse())",
                "dst_parent": "null"
              },
              "line": 46,
              "file": "/home/khesoem/projects/lighter/exp/pippo-session-parent/pippo-session/src/main/java/ro/pippo/session/SessionRequestResponseFactory.java"
            }
          ]
        },
        {
          "tool-name": "Arja",
          "pattern-name": "Arja:arja_shallow_change",
          "Unified_Diff_of-files:": "Starts Below...",
          "INSERT:": "import javax.servlet.http.HttpServletResponse;",
          "DELETE:": "}",
          "CHANGE_old:": "                sessionHttpServletRequest.commitSession(response.getHttpServletResponse());",
          "CHANGE_new:": "",
          "instance_detail": [
            {
              "pattern_action": "ANY",
              "pattern_entity": {
                "entity_type": "Statement",
                "entity_new value": "*",
                "entity_role": "*",
                "entity_parent": "null"
              },
              "concrete_change": {
                "operator": "DEL",
                "src_type": "Invocation",
                "dst_type": "null",
                "src": "sessionHttpServletRequest.commitSession(response.getHttpServletResponse())",
                "dst": "null",
                "src_parent_type": "Block",
                "dst_parent_type": "null",
                "src_parent": "{\n    sessionHttpServletRequest.commitSession(response.getHttpServletResponse());\n}",
                "dst_parent": "null"
              },
              "line": 46,
              "file": "/home/khesoem/projects/lighter/exp/pippo-session-parent/pippo-session/src/main/java/ro/pippo/session/SessionRequestResponseFactory.java"
            }
          ]
        },
        {
          "tool-name": "Arja",
          "pattern-name": "Arja:arja_shallow_change",
          "Unified_Diff_of-files:": "Starts Below...",
          "INSERT:": "import javax.servlet.http.HttpServletResponse;",
          "DELETE:": "}",
          "CHANGE_old:": "                sessionHttpServletRequest.commitSession(response.getHttpServletResponse());",
          "CHANGE_new:": "",
          "instance_detail": [
            {
              "pattern_action": "ANY",
              "pattern_entity": {
                "entity_type": "Statement",
                "entity_new value": "*",
                "entity_role": "*",
                "entity_parent": "null"
              },
              "concrete_change": {
                "operator": "DEL",
                "src_type": "Class",
                "dst_type": "null",
                "src": "{\n    @java.lang.Override\n    public void onFinalize(ro.pippo.core.Response response) {\n        sessionHttpServletRequest.commitSession(response.getHttpServletResponse());\n    }\n}",
                "dst": "null",
                "src_parent_type": "NewClass",
                "dst_parent_type": "null",
                "src_parent": "new ro.pippo.core.ResponseFinalizeListener() {\n    @java.lang.Override\n    public void onFinalize(ro.pippo.core.Response response) {\n        sessionHttpServletRequest.commitSession(response.getHttpServletResponse());\n    }\n}",
                "dst_parent": "null"
              },
              "line": 42,
              "file": "/home/khesoem/projects/lighter/exp/pippo-session-parent/pippo-session/src/main/java/ro/pippo/session/SessionRequestResponseFactory.java"
            }
          ]
        },
        {
          "tool-name": "Arja",
          "pattern-name": "Arja:arja_shallow_change",
          "Unified_Diff_of-files:": "Starts Below...",
          "INSERT:": "import javax.servlet.http.HttpServletResponse;",
          "DELETE:": "}",
          "CHANGE_old:": "                sessionHttpServletRequest.commitSession(response.getHttpServletResponse());",
          "CHANGE_new:": "",
          "instance_detail": [
            {
              "pattern_action": "ANY",
              "pattern_entity": {
                "entity_type": "Statement",
                "entity_new value": "*",
                "entity_role": "*",
                "entity_parent": "null"
              },
              "concrete_change": {
                "operator": "DEL",
                "src_type": "NewClass",
                "dst_type": "null",
                "src": "new ro.pippo.core.ResponseFinalizeListener() {\n    @java.lang.Override\n    public void onFinalize(ro.pippo.core.Response response) {\n        sessionHttpServletRequest.commitSession(response.getHttpServletResponse());\n    }\n}",
                "dst": "null",
                "src_parent_type": "Invocation",
                "dst_parent_type": "null",
                "src_parent": "response.getFinalizeListeners().add(new ro.pippo.core.ResponseFinalizeListener() {\n    @java.lang.Override\n    public void onFinalize(ro.pippo.core.Response response) {\n        sessionHttpServletRequest.commitSession(response.getHttpServletResponse());\n    }\n})",
                "dst_parent": "null"
              },
              "line": 42,
              "file": "/home/khesoem/projects/lighter/exp/pippo-session-parent/pippo-session/src/main/java/ro/pippo/session/SessionRequestResponseFactory.java",
              "stats": {
                "number_of_src_entities": 36,
                "number_of_dst_entities": -1,
                "src_entity_types": "[ro.pippo.session.SessionRequestResponseFactory.1, void, ro.pippo.core.ResponseFinalizeListener, ro.pippo.core.Response, ro.pippo.session.SessionHttpServletRequest, java.lang.Override]",
                "dst_entity_types": "[]"
              }
            }
          ]
        },
        {
          "tool-name": "Arja",
          "pattern-name": "Arja:arja_shallow_change",
          "Unified_Diff_of-files:": "Starts Below...",
          "INSERT:": "import javax.servlet.http.HttpServletResponse;",
          "DELETE:": "}",
          "CHANGE_old:": "                sessionHttpServletRequest.commitSession(response.getHttpServletResponse());",
          "CHANGE_new:": "",
          "instance_detail": [
            {
              "pattern_action": "ANY",
              "pattern_entity": {
                "entity_type": "Statement",
                "entity_new value": "*",
                "entity_role": "*",
                "entity_parent": "null"
              },
              "concrete_change": {
                "operator": "DEL",
                "src_type": "Invocation",
                "dst_type": "null",
                "src": "super.createRequest(sessionHttpServletRequest, response)",
                "dst": "null",
                "src_parent_type": "Return",
                "dst_parent_type": "null",
                "src_parent": "return super.createRequest(sessionHttpServletRequest, response)",
                "dst_parent": "null"
              },
              "line": 51,
              "file": "/home/khesoem/projects/lighter/exp/pippo-session-parent/pippo-session/src/main/java/ro/pippo/session/SessionRequestResponseFactory.java",
              "stats": {
                "number_of_src_entities": 22,
                "number_of_dst_entities": -1,
                "src_entity_types": "[ro.pippo.core.Response, ro.pippo.core.RequestResponseFactory, ro.pippo.session.SessionHttpServletRequest]",
                "dst_entity_types": "[]"
              }
            }
          ]
        }
      ]
    }
  ],
  "complete_analysis": true
}