{
  "instances": [
    {
      "revision": "e08663dbecf4c3ac13767237e0612e366204b864",
      "repairability": [
        {
          "tool-name": "Arja",
          "pattern-name": "Arja:arja_shallow_change",
          "Unified_Diff_of-files:": "Starts Below...",
          "DELETE:": "        }",
          "CHANGE_old:": "",
          "CHANGE_new:": "                    }",
          "instance_detail": [
            {
              "pattern_action": "ANY",
              "pattern_entity": {
                "entity_type": "Statement",
                "entity_new value": "*",
                "entity_role": "*",
                "entity_parent": "null"
              },
              "concrete_change": {
                "operator": "DEL",
                "src_type": "Invocation",
                "dst_type": "null",
                "src": "java.util.stream.Collectors.toList()",
                "dst": "null",
                "src_parent_type": "Invocation",
                "dst_parent_type": "null",
                "src_parent": "java.util.Arrays.stream(packages).map(java.lang.Package::getName).collect(java.util.stream.Collectors.toList())",
                "dst_parent": "null"
              },
              "line": 72,
              "file": "/home/khesoem/projects/lighter/exp/pippo-controller-parent/pippo-controller/src/main/java/ro/pippo/controller/ControllerRegistry.java"
            }
          ]
        },
        {
          "tool-name": "Arja",
          "pattern-name": "Arja:arja_shallow_change",
          "Unified_Diff_of-files:": "Starts Below...",
          "DELETE:": "        }",
          "CHANGE_old:": "",
          "CHANGE_new:": "                    }",
          "instance_detail": [
            {
              "pattern_action": "ANY",
              "pattern_entity": {
                "entity_type": "Statement",
                "entity_new value": "*",
                "entity_role": "*",
                "entity_parent": "null"
              },
              "concrete_change": {
                "operator": "DEL",
                "src_type": "Invocation",
                "dst_type": "null",
                "src": "packageNames.size()",
                "dst": "null",
                "src_parent_type": "NewArray",
                "dst_parent_type": "null",
                "src_parent": "new java.lang.String[packageNames.size()]",
                "dst_parent": "null"
              },
              "line": 74,
              "file": "/home/khesoem/projects/lighter/exp/pippo-controller-parent/pippo-controller/src/main/java/ro/pippo/controller/ControllerRegistry.java"
            }
          ]
        },
        {
          "tool-name": "Arja",
          "pattern-name": "Arja:arja_shallow_change",
          "Unified_Diff_of-files:": "Starts Below...",
          "DELETE:": "        }",
          "CHANGE_old:": "",
          "CHANGE_new:": "                    }",
          "instance_detail": [
            {
              "pattern_action": "ANY",
              "pattern_entity": {
                "entity_type": "Statement",
                "entity_new value": "*",
                "entity_role": "*",
                "entity_parent": "null"
              },
              "concrete_change": {
                "operator": "DEL",
                "src_type": "Invocation",
                "dst_type": "null",
                "src": "packageNames.toArray(new java.lang.String[packageNames.size()])",
                "dst": "null",
                "src_parent_type": "Invocation",
                "dst_parent_type": "null",
                "src_parent": "register(packageNames.toArray(new java.lang.String[packageNames.size()]))",
                "dst_parent": "null"
              },
              "line": 74,
              "file": "/home/khesoem/projects/lighter/exp/pippo-controller-parent/pippo-controller/src/main/java/ro/pippo/controller/ControllerRegistry.java",
              "stats": {
                "number_of_src_entities": 31,
                "number_of_dst_entities": -1,
                "src_entity_types": "[java.lang.String, java.util.List\u003cjava.lang.String\u003e, java.util.List]",
                "dst_entity_types": "[]"
              }
            }
          ]
        },
        {
          "tool-name": "Arja",
          "pattern-name": "Arja:arja_shallow_change",
          "Unified_Diff_of-files:": "Starts Below...",
          "DELETE:": "        }",
          "CHANGE_old:": "",
          "CHANGE_new:": "                    }",
          "instance_detail": [
            {
              "pattern_action": "ANY",
              "pattern_entity": {
                "entity_type": "Statement",
                "entity_new value": "*",
                "entity_role": "*",
                "entity_parent": "null"
              },
              "concrete_change": {
                "operator": "DEL",
                "src_type": "ConstructorCall",
                "dst_type": "null",
                "src": "new ro.pippo.core.route.Route(httpMethod, fullPath, handler)",
                "dst": "null",
                "src_parent_type": "Invocation",
                "dst_parent_type": "null",
                "src_parent": "new ro.pippo.core.route.Route(httpMethod, fullPath, handler).bind(\"__controllerClass\", controllerClass)",
                "dst_parent": "null"
              },
              "line": 208,
              "file": "/home/khesoem/projects/lighter/exp/pippo-controller-parent/pippo-controller/src/main/java/ro/pippo/controller/ControllerRegistry.java"
            }
          ]
        },
        {
          "tool-name": "Arja",
          "pattern-name": "Arja:arja_shallow_change",
          "Unified_Diff_of-files:": "Starts Below...",
          "DELETE:": "        }",
          "CHANGE_old:": "",
          "CHANGE_new:": "                    }",
          "instance_detail": [
            {
              "pattern_action": "ANY",
              "pattern_entity": {
                "entity_type": "Statement",
                "entity_new value": "*",
                "entity_role": "*",
                "entity_parent": "null"
              },
              "concrete_change": {
                "operator": "DEL",
                "src_type": "Invocation",
                "dst_type": "null",
                "src": "new ro.pippo.core.route.Route(httpMethod, fullPath, handler).bind(\"__controllerClass\", controllerClass)",
                "dst": "null",
                "src_parent_type": "Invocation",
                "dst_parent_type": "null",
                "src_parent": "new ro.pippo.core.route.Route(httpMethod, fullPath, handler).bind(\"__controllerClass\", controllerClass).bind(\"__controllerMethod\", method)",
                "dst_parent": "null"
              },
              "line": 208,
              "file": "/home/khesoem/projects/lighter/exp/pippo-controller-parent/pippo-controller/src/main/java/ro/pippo/controller/ControllerRegistry.java"
            }
          ]
        },
        {
          "tool-name": "Arja",
          "pattern-name": "Arja:arja_shallow_change",
          "Unified_Diff_of-files:": "Starts Below...",
          "DELETE:": "        }",
          "CHANGE_old:": "",
          "CHANGE_new:": "                    }",
          "instance_detail": [
            {
              "pattern_action": "ANY",
              "pattern_entity": {
                "entity_type": "Statement",
                "entity_new value": "*",
                "entity_role": "*",
                "entity_parent": "null"
              },
              "concrete_change": {
                "operator": "DEL",
                "src_type": "Invocation",
                "dst_type": "null",
                "src": "ro.pippo.core.util.StringUtils.removeEnd(controllerPath, \"/\")",
                "dst": "null",
                "src_parent_type": "Invocation",
                "dst_parent_type": "null",
                "src_parent": "java.util.stream.Stream.of(ro.pippo.core.util.StringUtils.removeEnd(controllerPath, \"/\"), ro.pippo.core.util.StringUtils.removeStart(methodPath, \"/\"))",
                "dst_parent": "null"
              },
              "line": 217,
              "file": "/home/khesoem/projects/lighter/exp/pippo-controller-parent/pippo-controller/src/main/java/ro/pippo/controller/ControllerRegistry.java"
            }
          ]
        },
        {
          "tool-name": "Arja",
          "pattern-name": "Arja:arja_shallow_change",
          "Unified_Diff_of-files:": "Starts Below...",
          "DELETE:": "        }",
          "CHANGE_old:": "",
          "CHANGE_new:": "                    }",
          "instance_detail": [
            {
              "pattern_action": "ANY",
              "pattern_entity": {
                "entity_type": "Statement",
                "entity_new value": "*",
                "entity_role": "*",
                "entity_parent": "null"
              },
              "concrete_change": {
                "operator": "DEL",
                "src_type": "Invocation",
                "dst_type": "null",
                "src": "java.util.stream.Stream.of(ro.pippo.core.util.StringUtils.removeEnd(controllerPath, \"/\"), ro.pippo.core.util.StringUtils.removeStart(methodPath, \"/\"))",
                "dst": "null",
                "src_parent_type": "Invocation",
                "dst_parent_type": "null",
                "src_parent": "java.util.stream.Stream.of(ro.pippo.core.util.StringUtils.removeEnd(controllerPath, \"/\"), ro.pippo.core.util.StringUtils.removeStart(methodPath, \"/\")).filter(java.util.Objects::nonNull)",
                "dst_parent": "null"
              },
              "line": 217,
              "file": "/home/khesoem/projects/lighter/exp/pippo-controller-parent/pippo-controller/src/main/java/ro/pippo/controller/ControllerRegistry.java"
            }
          ]
        },
        {
          "tool-name": "Arja",
          "pattern-name": "Arja:arja_shallow_change",
          "Unified_Diff_of-files:": "Starts Below...",
          "DELETE:": "        }",
          "CHANGE_old:": "",
          "CHANGE_new:": "                    }",
          "instance_detail": [
            {
              "pattern_action": "ANY",
              "pattern_entity": {
                "entity_type": "Statement",
                "entity_new value": "*",
                "entity_role": "*",
                "entity_parent": "null"
              },
              "concrete_change": {
                "operator": "DEL",
                "src_type": "Invocation",
                "dst_type": "null",
                "src": "java.util.stream.Stream.of(ro.pippo.core.util.StringUtils.removeEnd(controllerPath, \"/\"), ro.pippo.core.util.StringUtils.removeStart(methodPath, \"/\")).filter(java.util.Objects::nonNull)",
                "dst": "null",
                "src_parent_type": "Invocation",
                "dst_parent_type": "null",
                "src_parent": "java.util.stream.Stream.of(ro.pippo.core.util.StringUtils.removeEnd(controllerPath, \"/\"), ro.pippo.core.util.StringUtils.removeStart(methodPath, \"/\")).filter(java.util.Objects::nonNull).collect(java.util.stream.Collectors.joining(\"/\"))",
                "dst_parent": "null"
              },
              "line": 217,
              "file": "/home/khesoem/projects/lighter/exp/pippo-controller-parent/pippo-controller/src/main/java/ro/pippo/controller/ControllerRegistry.java"
            }
          ]
        },
        {
          "tool-name": "Arja",
          "pattern-name": "Arja:arja_shallow_change",
          "Unified_Diff_of-files:": "Starts Below...",
          "DELETE:": "        }",
          "CHANGE_old:": "",
          "CHANGE_new:": "                    }",
          "instance_detail": [
            {
              "pattern_action": "ANY",
              "pattern_entity": {
                "entity_type": "Statement",
                "entity_new value": "*",
                "entity_role": "*",
                "entity_parent": "null"
              },
              "concrete_change": {
                "operator": "DEL",
                "src_type": "Invocation",
                "dst_type": "null",
                "src": "java.util.stream.Collectors.joining(\"/\")",
                "dst": "null",
                "src_parent_type": "Invocation",
                "dst_parent_type": "null",
                "src_parent": "java.util.stream.Stream.of(ro.pippo.core.util.StringUtils.removeEnd(controllerPath, \"/\"), ro.pippo.core.util.StringUtils.removeStart(methodPath, \"/\")).filter(java.util.Objects::nonNull).collect(java.util.stream.Collectors.joining(\"/\"))",
                "dst_parent": "null"
              },
              "line": 219,
              "file": "/home/khesoem/projects/lighter/exp/pippo-controller-parent/pippo-controller/src/main/java/ro/pippo/controller/ControllerRegistry.java"
            }
          ]
        },
        {
          "tool-name": "Arja",
          "pattern-name": "Arja:arja_shallow_change",
          "Unified_Diff_of-files:": "Starts Below...",
          "DELETE:": "        }",
          "CHANGE_old:": "",
          "CHANGE_new:": "                    }",
          "instance_detail": [
            {
              "pattern_action": "ANY",
              "pattern_entity": {
                "entity_type": "Statement",
                "entity_new value": "*",
                "entity_role": "*",
                "entity_parent": "null"
              },
              "concrete_change": {
                "operator": "DEL",
                "src_type": "Invocation",
                "dst_type": "null",
                "src": "java.util.stream.Stream.of(ro.pippo.core.util.StringUtils.removeEnd(controllerPath, \"/\"), ro.pippo.core.util.StringUtils.removeStart(methodPath, \"/\")).filter(java.util.Objects::nonNull).collect(java.util.stream.Collectors.joining(\"/\"))",
                "dst": "null",
                "src_parent_type": "LocalVariable",
                "dst_parent_type": "null",
                "src_parent": "java.lang.String path \u003d java.util.stream.Stream.of(ro.pippo.core.util.StringUtils.removeEnd(controllerPath, \"/\"), ro.pippo.core.util.StringUtils.removeStart(methodPath, \"/\")).filter(java.util.Objects::nonNull).collect(java.util.stream.Collectors.joining(\"/\"))",
                "dst_parent": "null"
              },
              "line": 217,
              "file": "/home/khesoem/projects/lighter/exp/pippo-controller-parent/pippo-controller/src/main/java/ro/pippo/controller/ControllerRegistry.java"
            }
          ]
        },
        {
          "tool-name": "Arja",
          "pattern-name": "Arja:arja_shallow_change",
          "Unified_Diff_of-files:": "Starts Below...",
          "DELETE:": "        }",
          "CHANGE_old:": "",
          "CHANGE_new:": "                    }",
          "instance_detail": [
            {
              "pattern_action": "ANY",
              "pattern_entity": {
                "entity_type": "Statement",
                "entity_new value": "*",
                "entity_role": "*",
                "entity_parent": "null"
              },
              "concrete_change": {
                "operator": "DEL",
                "src_type": "LocalVariable",
                "dst_type": "null",
                "src": "java.lang.String path \u003d java.util.stream.Stream.of(ro.pippo.core.util.StringUtils.removeEnd(controllerPath, \"/\"), ro.pippo.core.util.StringUtils.removeStart(methodPath, \"/\")).filter(java.util.Objects::nonNull).collect(java.util.stream.Collectors.joining(\"/\"))",
                "dst": "null",
                "src_parent_type": "Block",
                "dst_parent_type": "null",
                "src_parent": "{\n    java.lang.String path \u003d java.util.stream.Stream.of(ro.pippo.core.util.StringUtils.removeEnd(controllerPath, \"/\"), ro.pippo.core.util.StringUtils.removeStart(methodPath, \"/\")).filter(java.util.Objects::nonNull).collect(java.util.stream.Collectors.joining(\"/\"));\n    java.lang.String fullPath \u003d ro.pippo.core.util.StringUtils.addStart(path, \"/\");\n    ro.pippo.core.route.RouteHandler handler \u003d new ro.pippo.controller.ControllerHandler(application, method);\n    ro.pippo.core.route.Route route \u003d new ro.pippo.core.route.Route(httpMethod, fullPath, handler).bind(\"__controllerClass\", controllerClass).bind(\"__controllerMethod\", method);\n    routes.add(route);\n}",
                "dst_parent": "null"
              },
              "line": 217,
              "file": "/home/khesoem/projects/lighter/exp/pippo-controller-parent/pippo-controller/src/main/java/ro/pippo/controller/ControllerRegistry.java"
            }
          ]
        },
        {
          "tool-name": "Arja",
          "pattern-name": "Arja:arja_shallow_change",
          "Unified_Diff_of-files:": "Starts Below...",
          "DELETE:": "        }",
          "CHANGE_old:": "",
          "CHANGE_new:": "                    }",
          "instance_detail": [
            {
              "pattern_action": "ANY",
              "pattern_entity": {
                "entity_type": "Statement",
                "entity_new value": "*",
                "entity_role": "*",
                "entity_parent": "null"
              },
              "concrete_change": {
                "operator": "DEL",
                "src_type": "Invocation",
                "dst_type": "null",
                "src": "ro.pippo.core.util.StringUtils.addStart(path, \"/\")",
                "dst": "null",
                "src_parent_type": "LocalVariable",
                "dst_parent_type": "null",
                "src_parent": "java.lang.String fullPath \u003d ro.pippo.core.util.StringUtils.addStart(path, \"/\")",
                "dst_parent": "null"
              },
              "line": 220,
              "file": "/home/khesoem/projects/lighter/exp/pippo-controller-parent/pippo-controller/src/main/java/ro/pippo/controller/ControllerRegistry.java"
            }
          ]
        },
        {
          "tool-name": "Arja",
          "pattern-name": "Arja:arja_shallow_change",
          "Unified_Diff_of-files:": "Starts Below...",
          "DELETE:": "        }",
          "CHANGE_old:": "",
          "CHANGE_new:": "                    }",
          "instance_detail": [
            {
              "pattern_action": "ANY",
              "pattern_entity": {
                "entity_type": "Statement",
                "entity_new value": "*",
                "entity_role": "*",
                "entity_parent": "null"
              },
              "concrete_change": {
                "operator": "DEL",
                "src_type": "LocalVariable",
                "dst_type": "null",
                "src": "java.lang.String fullPath \u003d ro.pippo.core.util.StringUtils.addStart(path, \"/\")",
                "dst": "null",
                "src_parent_type": "Block",
                "dst_parent_type": "null",
                "src_parent": "{\n    java.lang.String path \u003d java.util.stream.Stream.of(ro.pippo.core.util.StringUtils.removeEnd(controllerPath, \"/\"), ro.pippo.core.util.StringUtils.removeStart(methodPath, \"/\")).filter(java.util.Objects::nonNull).collect(java.util.stream.Collectors.joining(\"/\"));\n    java.lang.String fullPath \u003d ro.pippo.core.util.StringUtils.addStart(path, \"/\");\n    ro.pippo.core.route.RouteHandler handler \u003d new ro.pippo.controller.ControllerHandler(application, method);\n    ro.pippo.core.route.Route route \u003d new ro.pippo.core.route.Route(httpMethod, fullPath, handler).bind(\"__controllerClass\", controllerClass).bind(\"__controllerMethod\", method);\n    routes.add(route);\n}",
                "dst_parent": "null"
              },
              "line": 220,
              "file": "/home/khesoem/projects/lighter/exp/pippo-controller-parent/pippo-controller/src/main/java/ro/pippo/controller/ControllerRegistry.java"
            }
          ]
        },
        {
          "tool-name": "Arja",
          "pattern-name": "Arja:arja_shallow_change",
          "Unified_Diff_of-files:": "Starts Below...",
          "DELETE:": "        }",
          "CHANGE_old:": "",
          "CHANGE_new:": "                    }",
          "instance_detail": [
            {
              "pattern_action": "ANY",
              "pattern_entity": {
                "entity_type": "Statement",
                "entity_new value": "*",
                "entity_role": "*",
                "entity_parent": "null"
              },
              "concrete_change": {
                "operator": "DEL",
                "src_type": "ForEach",
                "dst_type": "null",
                "src": "for (java.lang.String methodPath : methodPaths) {\n    java.lang.String path \u003d java.util.stream.Stream.of(ro.pippo.core.util.StringUtils.removeEnd(controllerPath, \"/\"), ro.pippo.core.util.StringUtils.removeStart(methodPath, \"/\")).filter(java.util.Objects::nonNull).collect(java.util.stream.Collectors.joining(\"/\"));\n    java.lang.String fullPath \u003d ro.pippo.core.util.StringUtils.addStart(path, \"/\");\n    ro.pippo.core.route.RouteHandler handler \u003d new ro.pippo.controller.ControllerHandler(application, method);\n    ro.pippo.core.route.Route route \u003d new ro.pippo.core.route.Route(httpMethod, fullPath, handler).bind(\"__controllerClass\", controllerClass).bind(\"__controllerMethod\", method);\n    routes.add(route);\n}",
                "dst": "null",
                "src_parent_type": "Block",
                "dst_parent_type": "null",
                "src_parent": "{\n    for (java.lang.String methodPath : methodPaths) {\n        java.lang.String path \u003d java.util.stream.Stream.of(ro.pippo.core.util.StringUtils.removeEnd(controllerPath, \"/\"), ro.pippo.core.util.StringUtils.removeStart(methodPath, \"/\")).filter(java.util.Objects::nonNull).collect(java.util.stream.Collectors.joining(\"/\"));\n        java.lang.String fullPath \u003d ro.pippo.core.util.StringUtils.addStart(path, \"/\");\n        ro.pippo.core.route.RouteHandler handler \u003d new ro.pippo.controller.ControllerHandler(application, method);\n        ro.pippo.core.route.Route route \u003d new ro.pippo.core.route.Route(httpMethod, fullPath, handler).bind(\"__controllerClass\", controllerClass).bind(\"__controllerMethod\", method);\n        routes.add(route);\n    }\n}",
                "dst_parent": "null"
              },
              "line": 216,
              "file": "/home/khesoem/projects/lighter/exp/pippo-controller-parent/pippo-controller/src/main/java/ro/pippo/controller/ControllerRegistry.java",
              "stats": {
                "number_of_src_entities": 228,
                "number_of_dst_entities": -1,
                "src_entity_types": "[java.util.stream.Collectors, ro.pippo.controller.ControllerRegistry, java.lang.Object, java.lang.String, java.lang.reflect.Method, ro.pippo.controller.Controller, ro.pippo.core.util.StringUtils, java.util.Objects, java.util.stream.Stream, java.lang.Class\u003c? extends ro.pippo.controller.Controller\u003e, java.util.List\u003cro.pippo.core.route.Route\u003e, ro.pippo.core.route.RouteHandler, ro.pippo.core.route.Route]",
                "dst_entity_types": "[]"
              }
            }
          ]
        },
        {
          "tool-name": "Arja",
          "pattern-name": "Arja:arja_shallow_change",
          "Unified_Diff_of-files:": "Starts Below...",
          "DELETE:": "        }",
          "CHANGE_old:": "",
          "CHANGE_new:": "                    }",
          "instance_detail": [
            {
              "pattern_action": "ANY",
              "pattern_entity": {
                "entity_type": "Statement",
                "entity_new value": "*",
                "entity_role": "*",
                "entity_parent": "null"
              },
              "concrete_change": {
                "operator": "DEL",
                "src_type": "LocalVariable",
                "dst_type": "null",
                "src": "java.lang.String fullPath \u003d ro.pippo.core.util.StringUtils.addStart(controllerPath, \"/\")",
                "dst": "null",
                "src_parent_type": "Block",
                "dst_parent_type": "null",
                "src_parent": "{\n    java.lang.String fullPath \u003d ro.pippo.core.util.StringUtils.addStart(controllerPath, \"/\");\n    ro.pippo.core.route.RouteHandler handler \u003d new ro.pippo.controller.ControllerHandler(application, method);\n    ro.pippo.core.route.Route route \u003d new ro.pippo.core.route.Route(httpMethod, fullPath, handler).bind(\"__controllerClass\", controllerClass).bind(\"__controllerMethod\", method);\n    routes.add(route);\n}",
                "dst_parent": "null"
              },
              "line": 202,
              "file": "/home/khesoem/projects/lighter/exp/pippo-controller-parent/pippo-controller/src/main/java/ro/pippo/controller/ControllerRegistry.java"
            }
          ]
        },
        {
          "tool-name": "Arja",
          "pattern-name": "Arja:arja_shallow_change",
          "Unified_Diff_of-files:": "Starts Below...",
          "DELETE:": "        }",
          "CHANGE_old:": "",
          "CHANGE_new:": "                    }",
          "instance_detail": [
            {
              "pattern_action": "ANY",
              "pattern_entity": {
                "entity_type": "Statement",
                "entity_new value": "*",
                "entity_role": "*",
                "entity_parent": "null"
              },
              "concrete_change": {
                "operator": "DEL",
                "src_type": "ConstructorCall",
                "dst_type": "null",
                "src": "new ro.pippo.controller.ControllerHandler(application, method)",
                "dst": "null",
                "src_parent_type": "LocalVariable",
                "dst_parent_type": "null",
                "src_parent": "ro.pippo.core.route.RouteHandler handler \u003d new ro.pippo.controller.ControllerHandler(application, method)",
                "dst_parent": "null"
              },
              "line": 205,
              "file": "/home/khesoem/projects/lighter/exp/pippo-controller-parent/pippo-controller/src/main/java/ro/pippo/controller/ControllerRegistry.java"
            }
          ]
        },
        {
          "tool-name": "Arja",
          "pattern-name": "Arja:arja_shallow_change",
          "Unified_Diff_of-files:": "Starts Below...",
          "DELETE:": "        }",
          "CHANGE_old:": "",
          "CHANGE_new:": "                    }",
          "instance_detail": [
            {
              "pattern_action": "ANY",
              "pattern_entity": {
                "entity_type": "Statement",
                "entity_new value": "*",
                "entity_role": "*",
                "entity_parent": "null"
              },
              "concrete_change": {
                "operator": "DEL",
                "src_type": "LocalVariable",
                "dst_type": "null",
                "src": "ro.pippo.core.route.RouteHandler handler \u003d new ro.pippo.controller.ControllerHandler(application, method)",
                "dst": "null",
                "src_parent_type": "Block",
                "dst_parent_type": "null",
                "src_parent": "{\n    java.lang.String fullPath \u003d ro.pippo.core.util.StringUtils.addStart(controllerPath, \"/\");\n    ro.pippo.core.route.RouteHandler handler \u003d new ro.pippo.controller.ControllerHandler(application, method);\n    ro.pippo.core.route.Route route \u003d new ro.pippo.core.route.Route(httpMethod, fullPath, handler).bind(\"__controllerClass\", controllerClass).bind(\"__controllerMethod\", method);\n    routes.add(route);\n}",
                "dst_parent": "null"
              },
              "line": 205,
              "file": "/home/khesoem/projects/lighter/exp/pippo-controller-parent/pippo-controller/src/main/java/ro/pippo/controller/ControllerRegistry.java"
            }
          ]
        },
        {
          "tool-name": "Arja",
          "pattern-name": "Arja:arja_shallow_change",
          "Unified_Diff_of-files:": "Starts Below...",
          "DELETE:": "        }",
          "CHANGE_old:": "",
          "CHANGE_new:": "                    }",
          "instance_detail": [
            {
              "pattern_action": "ANY",
              "pattern_entity": {
                "entity_type": "Statement",
                "entity_new value": "*",
                "entity_role": "*",
                "entity_parent": "null"
              },
              "concrete_change": {
                "operator": "DEL",
                "src_type": "LocalVariable",
                "dst_type": "null",
                "src": "ro.pippo.core.route.Route route \u003d new ro.pippo.core.route.Route(httpMethod, fullPath, handler).bind(\"__controllerClass\", controllerClass).bind(\"__controllerMethod\", method)",
                "dst": "null",
                "src_parent_type": "Block",
                "dst_parent_type": "null",
                "src_parent": "{\n    java.lang.String fullPath \u003d ro.pippo.core.util.StringUtils.addStart(controllerPath, \"/\");\n    ro.pippo.core.route.RouteHandler handler \u003d new ro.pippo.controller.ControllerHandler(application, method);\n    ro.pippo.core.route.Route route \u003d new ro.pippo.core.route.Route(httpMethod, fullPath, handler).bind(\"__controllerClass\", controllerClass).bind(\"__controllerMethod\", method);\n    routes.add(route);\n}",
                "dst_parent": "null"
              },
              "line": 208,
              "file": "/home/khesoem/projects/lighter/exp/pippo-controller-parent/pippo-controller/src/main/java/ro/pippo/controller/ControllerRegistry.java"
            }
          ]
        },
        {
          "tool-name": "Arja",
          "pattern-name": "Arja:arja_shallow_change",
          "Unified_Diff_of-files:": "Starts Below...",
          "DELETE:": "        }",
          "CHANGE_old:": "",
          "CHANGE_new:": "                    }",
          "instance_detail": [
            {
              "pattern_action": "ANY",
              "pattern_entity": {
                "entity_type": "Statement",
                "entity_new value": "*",
                "entity_role": "*",
                "entity_parent": "null"
              },
              "concrete_change": {
                "operator": "DEL",
                "src_type": "Invocation",
                "dst_type": "null",
                "src": "routes.add(route)",
                "dst": "null",
                "src_parent_type": "Block",
                "dst_parent_type": "null",
                "src_parent": "{\n    java.lang.String fullPath \u003d ro.pippo.core.util.StringUtils.addStart(controllerPath, \"/\");\n    ro.pippo.core.route.RouteHandler handler \u003d new ro.pippo.controller.ControllerHandler(application, method);\n    ro.pippo.core.route.Route route \u003d new ro.pippo.core.route.Route(httpMethod, fullPath, handler).bind(\"__controllerClass\", controllerClass).bind(\"__controllerMethod\", method);\n    routes.add(route);\n}",
                "dst_parent": "null"
              },
              "line": 213,
              "file": "/home/khesoem/projects/lighter/exp/pippo-controller-parent/pippo-controller/src/main/java/ro/pippo/controller/ControllerRegistry.java"
            }
          ]
        },
        {
          "tool-name": "Arja",
          "pattern-name": "Arja:arja_shallow_change",
          "Unified_Diff_of-files:": "Starts Below...",
          "DELETE:": "        }",
          "CHANGE_old:": "",
          "CHANGE_new:": "                    }",
          "instance_detail": [
            {
              "pattern_action": "ANY",
              "pattern_entity": {
                "entity_type": "Statement",
                "entity_new value": "*",
                "entity_role": "*",
                "entity_parent": "null"
              },
              "concrete_change": {
                "operator": "DEL",
                "src_type": "Block",
                "dst_type": "null",
                "src": "{\n    java.lang.String fullPath \u003d ro.pippo.core.util.StringUtils.addStart(controllerPath, \"/\");\n    ro.pippo.core.route.RouteHandler handler \u003d new ro.pippo.controller.ControllerHandler(application, method);\n    ro.pippo.core.route.Route route \u003d new ro.pippo.core.route.Route(httpMethod, fullPath, handler).bind(\"__controllerClass\", controllerClass).bind(\"__controllerMethod\", method);\n    routes.add(route);\n}",
                "dst": "null",
                "src_parent_type": "If",
                "dst_parent_type": "null",
                "src_parent": "if ((methodPaths.length) \u003d\u003d 0) {\n    java.lang.String fullPath \u003d ro.pippo.core.util.StringUtils.addStart(controllerPath, \"/\");\n    ro.pippo.core.route.RouteHandler handler \u003d new ro.pippo.controller.ControllerHandler(application, method);\n    ro.pippo.core.route.Route route \u003d new ro.pippo.core.route.Route(httpMethod, fullPath, handler).bind(\"__controllerClass\", controllerClass).bind(\"__controllerMethod\", method);\n    routes.add(route);\n} else {\n    for (java.lang.String methodPath : methodPaths) {\n        java.lang.String path \u003d java.util.stream.Stream.of(ro.pippo.core.util.StringUtils.removeEnd(controllerPath, \"/\"), ro.pippo.core.util.StringUtils.removeStart(methodPath, \"/\")).filter(java.util.Objects::nonNull).collect(java.util.stream.Collectors.joining(\"/\"));\n        java.lang.String fullPath \u003d ro.pippo.core.util.StringUtils.addStart(path, \"/\");\n        ro.pippo.core.route.RouteHandler handler \u003d new ro.pippo.controller.ControllerHandler(application, method);\n        ro.pippo.core.route.Route route \u003d new ro.pippo.core.route.Route(httpMethod, fullPath, handler).bind(\"__controllerClass\", controllerClass).bind(\"__controllerMethod\", method);\n        routes.add(route);\n    }\n}",
                "dst_parent": "null"
              },
              "line": 200,
              "file": "/home/khesoem/projects/lighter/exp/pippo-controller-parent/pippo-controller/src/main/java/ro/pippo/controller/ControllerRegistry.java"
            }
          ]
        },
        {
          "tool-name": "Arja",
          "pattern-name": "Arja:arja_shallow_change",
          "Unified_Diff_of-files:": "Starts Below...",
          "DELETE:": "        }",
          "CHANGE_old:": "",
          "CHANGE_new:": "                    }",
          "instance_detail": [
            {
              "pattern_action": "ANY",
              "pattern_entity": {
                "entity_type": "Statement",
                "entity_new value": "*",
                "entity_role": "*",
                "entity_parent": "null"
              },
              "concrete_change": {
                "operator": "DEL",
                "src_type": "If",
                "dst_type": "null",
                "src": "if ((methodPaths.length) \u003d\u003d 0) {\n    java.lang.String fullPath \u003d ro.pippo.core.util.StringUtils.addStart(controllerPath, \"/\");\n    ro.pippo.core.route.RouteHandler handler \u003d new ro.pippo.controller.ControllerHandler(application, method);\n    ro.pippo.core.route.Route route \u003d new ro.pippo.core.route.Route(httpMethod, fullPath, handler).bind(\"__controllerClass\", controllerClass).bind(\"__controllerMethod\", method);\n    routes.add(route);\n} else {\n    for (java.lang.String methodPath : methodPaths) {\n        java.lang.String path \u003d java.util.stream.Stream.of(ro.pippo.core.util.StringUtils.removeEnd(controllerPath, \"/\"), ro.pippo.core.util.StringUtils.removeStart(methodPath, \"/\")).filter(java.util.Objects::nonNull).collect(java.util.stream.Collectors.joining(\"/\"));\n        java.lang.String fullPath \u003d ro.pippo.core.util.StringUtils.addStart(path, \"/\");\n        ro.pippo.core.route.RouteHandler handler \u003d new ro.pippo.controller.ControllerHandler(application, method);\n        ro.pippo.core.route.Route route \u003d new ro.pippo.core.route.Route(httpMethod, fullPath, handler).bind(\"__controllerClass\", controllerClass).bind(\"__controllerMethod\", method);\n        routes.add(route);\n    }\n}",
                "dst": "null",
                "src_parent_type": "Block",
                "dst_parent_type": "null",
                "src_parent": "{\n    if ((methodPaths.length) \u003d\u003d 0) {\n        java.lang.String fullPath \u003d ro.pippo.core.util.StringUtils.addStart(controllerPath, \"/\");\n        ro.pippo.core.route.RouteHandler handler \u003d new ro.pippo.controller.ControllerHandler(application, method);\n        ro.pippo.core.route.Route route \u003d new ro.pippo.core.route.Route(httpMethod, fullPath, handler).bind(\"__controllerClass\", controllerClass).bind(\"__controllerMethod\", method);\n        routes.add(route);\n    } else {\n        for (java.lang.String methodPath : methodPaths) {\n            java.lang.String path \u003d java.util.stream.Stream.of(ro.pippo.core.util.StringUtils.removeEnd(controllerPath, \"/\"), ro.pippo.core.util.StringUtils.removeStart(methodPath, \"/\")).filter(java.util.Objects::nonNull).collect(java.util.stream.Collectors.joining(\"/\"));\n            java.lang.String fullPath \u003d ro.pippo.core.util.StringUtils.addStart(path, \"/\");\n            ro.pippo.core.route.RouteHandler handler \u003d new ro.pippo.controller.ControllerHandler(application, method);\n            ro.pippo.core.route.Route route \u003d new ro.pippo.core.route.Route(httpMethod, fullPath, handler).bind(\"__controllerClass\", controllerClass).bind(\"__controllerMethod\", method);\n            routes.add(route);\n        }\n    }\n}",
                "dst_parent": "null"
              },
              "line": 200,
              "file": "/home/khesoem/projects/lighter/exp/pippo-controller-parent/pippo-controller/src/main/java/ro/pippo/controller/ControllerRegistry.java",
              "stats": {
                "number_of_src_entities": 365,
                "number_of_dst_entities": -1,
                "src_entity_types": "[java.util.stream.Collectors, ro.pippo.controller.ControllerRegistry, java.lang.Object, java.lang.String, java.lang.reflect.Method, ro.pippo.controller.Controller, int, boolean, ro.pippo.core.util.StringUtils, java.util.Objects, java.lang.Class\u003c? extends ro.pippo.controller.Controller\u003e, java.util.List\u003cro.pippo.core.route.Route\u003e, java.util.stream.Stream, ro.pippo.core.route.RouteHandler, ro.pippo.core.route.Route]",
                "dst_entity_types": "[]"
              }
            }
          ]
        }
      ]
    }
  ],
  "complete_analysis": true
}