{
  "instances": [
    {
      "revision": "607888e90fde326d28f4fdbafbe9f806e78ce6a2",
      "repairability": [
        {
          "tool-name": "Arja",
          "pattern-name": "Arja:arja_shallow_change",
          "Unified_Diff_of-files:": "Starts Below...",
          "INSERT:": "        return version;",
          "CHANGE_old:": "            throw new PippoRuntimeException(\"Failed to read lastModified property for {}\", e, resourceUrl);",
          "CHANGE_new:": "            log.error(\"Failed to read lastModified property for {}\", resourceUrl, e);",
          "instance_detail": [
            {
              "pattern_action": "ANY",
              "pattern_entity": {
                "entity_type": "Statement",
                "entity_new value": "*",
                "entity_role": "*",
                "entity_parent": "null"
              },
              "concrete_change": {
                "operator": "INS",
                "src_type": "Return",
                "dst_type": "null",
                "src": "return version",
                "dst": "null",
                "src_parent_type": "Block",
                "dst_parent_type": "null",
                "src_parent": "{\n    java.lang.String version \u003d null;\n    java.net.URL resourceUrl \u003d getResourceUrl(resourcePath);\n    try {\n        version \u003d java.lang.Long.toString(resourceUrl.openConnection().getLastModified());\n    } catch (java.io.IOException e) {\n        ro.pippo.core.route.UrlResourceHandler.log.error(\"Failed to read lastModified property for {}\", resourceUrl, e);\n    }\n    return version;\n}",
                "dst_parent": "null"
              },
              "line": 66,
              "file": "/home/khesoem/projects/lighter/exp/pippo-core/src/main/java/ro/pippo/core/route/UrlResourceHandler.java",
              "stats": {
                "number_of_src_entities": 5,
                "number_of_dst_entities": -1,
                "src_entity_types": "[java.lang.String]",
                "dst_entity_types": "[]"
              }
            }
          ]
        },
        {
          "tool-name": "Arja",
          "pattern-name": "Arja:arja_shallow_change",
          "Unified_Diff_of-files:": "Starts Below...",
          "INSERT:": "        return version;",
          "CHANGE_old:": "            throw new PippoRuntimeException(\"Failed to read lastModified property for {}\", e, resourceUrl);",
          "CHANGE_new:": "            log.error(\"Failed to read lastModified property for {}\", resourceUrl, e);",
          "instance_detail": [
            {
              "pattern_action": "ANY",
              "pattern_entity": {
                "entity_type": "Statement",
                "entity_new value": "*",
                "entity_role": "*",
                "entity_parent": "null"
              },
              "concrete_change": {
                "operator": "DEL",
                "src_type": "Return",
                "dst_type": "null",
                "src": "return java.lang.Long.toString(resourceUrl.openConnection().getLastModified())",
                "dst": "null",
                "src_parent_type": "Block",
                "dst_parent_type": "null",
                "src_parent": "{\n    return java.lang.Long.toString(resourceUrl.openConnection().getLastModified());\n}",
                "dst_parent": "null"
              },
              "line": 59,
              "file": "/home/khesoem/projects/lighter/exp/pippo-core/src/main/java/ro/pippo/core/route/UrlResourceHandler.java",
              "stats": {
                "number_of_src_entities": 26,
                "number_of_dst_entities": -1,
                "src_entity_types": "[java.net.URL, java.lang.Long, java.net.URLConnection]",
                "dst_entity_types": "[]"
              }
            }
          ]
        },
        {
          "tool-name": "Arja",
          "pattern-name": "Arja:arja_shallow_change",
          "Unified_Diff_of-files:": "Starts Below...",
          "INSERT:": "        return version;",
          "CHANGE_old:": "            throw new PippoRuntimeException(\"Failed to read lastModified property for {}\", e, resourceUrl);",
          "CHANGE_new:": "            log.error(\"Failed to read lastModified property for {}\", resourceUrl, e);",
          "instance_detail": [
            {
              "pattern_action": "ANY",
              "pattern_entity": {
                "entity_type": "Statement",
                "entity_new value": "*",
                "entity_role": "*",
                "entity_parent": "null"
              },
              "concrete_change": {
                "operator": "DEL",
                "src_type": "ConstructorCall",
                "dst_type": "null",
                "src": "new ro.pippo.core.PippoRuntimeException(\"Failed to read lastModified property for {}\", e, resourceUrl)",
                "dst": "null",
                "src_parent_type": "Throw",
                "dst_parent_type": "null",
                "src_parent": "throw new ro.pippo.core.PippoRuntimeException(\"Failed to read lastModified property for {}\", e, resourceUrl)",
                "dst_parent": "null"
              },
              "line": 61,
              "file": "/home/khesoem/projects/lighter/exp/pippo-core/src/main/java/ro/pippo/core/route/UrlResourceHandler.java"
            }
          ]
        },
        {
          "tool-name": "Arja",
          "pattern-name": "Arja:arja_shallow_change",
          "Unified_Diff_of-files:": "Starts Below...",
          "INSERT:": "        return version;",
          "CHANGE_old:": "            throw new PippoRuntimeException(\"Failed to read lastModified property for {}\", e, resourceUrl);",
          "CHANGE_new:": "            log.error(\"Failed to read lastModified property for {}\", resourceUrl, e);",
          "instance_detail": [
            {
              "pattern_action": "ANY",
              "pattern_entity": {
                "entity_type": "Statement",
                "entity_new value": "*",
                "entity_role": "*",
                "entity_parent": "null"
              },
              "concrete_change": {
                "operator": "DEL",
                "src_type": "Throw",
                "dst_type": "null",
                "src": "throw new ro.pippo.core.PippoRuntimeException(\"Failed to read lastModified property for {}\", e, resourceUrl)",
                "dst": "null",
                "src_parent_type": "Block",
                "dst_parent_type": "null",
                "src_parent": "{\n    throw new ro.pippo.core.PippoRuntimeException(\"Failed to read lastModified property for {}\", e, resourceUrl);\n}",
                "dst_parent": "null"
              },
              "line": 61,
              "file": "/home/khesoem/projects/lighter/exp/pippo-core/src/main/java/ro/pippo/core/route/UrlResourceHandler.java",
              "stats": {
                "number_of_src_entities": 24,
                "number_of_dst_entities": -1,
                "src_entity_types": "[java.net.URL, java.lang.String, java.io.IOException, ro.pippo.core.PippoRuntimeException]",
                "dst_entity_types": "[]"
              }
            }
          ]
        }
      ]
    }
  ],
  "complete_analysis": true
}