{
  "instances": [
    {
      "revision": "086b4fbd83bfbc18b35da4f1326e5b5106b790a8",
      "repairability": [
        {
          "tool-name": "Arja",
          "pattern-name": "Arja:arja_shallow_change",
          "Unified_Diff_of-files:": "Starts Below...",
          "INSERT:": "}",
          "instance_detail": [
            {
              "pattern_action": "ANY",
              "pattern_entity": {
                "entity_type": "Statement",
                "entity_new value": "*",
                "entity_role": "*",
                "entity_parent": "null"
              },
              "concrete_change": {
                "operator": "DEL",
                "src_type": "Invocation",
                "dst_type": "null",
                "src": "registerContentTypeEngine(ro.pippo.core.JaxbEngine.class)",
                "dst": "null",
                "src_parent_type": "Block",
                "dst_parent_type": "null",
                "src_parent": "{\n    this.pippoSettings \u003d settings;\n    this.languages \u003d new ro.pippo.core.Languages(settings);\n    this.messages \u003d new ro.pippo.core.Messages(languages);\n    this.mimeTypes \u003d new ro.pippo.core.util.MimeTypes(settings);\n    this.httpCacheToolkit \u003d new ro.pippo.core.util.HttpCacheToolkit(settings);\n    this.engines \u003d new ro.pippo.core.ContentTypeEngines();\n    this.initializers \u003d new java.util.ArrayList();\n    registerContentTypeEngine(ro.pippo.core.TextPlainEngine.class);\n    registerContentTypeEngine(ro.pippo.core.JaxbEngine.class);\n}",
                "dst_parent": "null"
              },
              "line": 91,
              "file": "/home/khesoem/projects/lighter/exp/pippo-core/src/main/java/ro/pippo/core/Application.java",
              "stats": {
                "number_of_src_entities": 25,
                "number_of_dst_entities": -1,
                "src_entity_types": "[ro.pippo.core.JaxbEngine, ro.pippo.core.Application]",
                "dst_entity_types": "[]"
              }
            }
          ]
        }
      ]
    },
    {
      "revision": "086b4fbd83bfbc18b35da4f1326e5b5106b790a8",
      "repairability": [
        {
          "tool-name": "Arja",
          "pattern-name": "Arja:arja_deep_change",
          "Unified_Diff_of-files:": "Starts Below...",
          "INSERT:": "}",
          "instance_detail": [
            {
              "pattern_action": "ANY",
              "pattern_entity": {
                "entity_type": "*",
                "entity_new value": "*",
                "entity_role": "*",
                "entity_parent": {
                  "entity_type": "Statement",
                  "entity_new value": "*",
                  "entity_role": "*",
                  "entity_parent": "null"
                }
              },
              "concrete_change": {
                "operator": "UPD",
                "src_type": "TypeAccess",
                "dst_type": "TypeAccess",
                "src": "ro.pippo.core.JaxbEngine",
                "dst": "ro.pippo.jaxb.JaxbEngine",
                "src_parent_type": "ThisAccess",
                "dst_parent_type": "ThisAccess",
                "src_parent": "",
                "dst_parent": ""
              },
              "stats": {
                "number_of_src_entities": 3,
                "number_of_dst_entities": 3,
                "src_entity_types": "[ro.pippo.core.JaxbEngine]",
                "dst_entity_types": "[ro.pippo.jaxb.JaxbEngine]"
              }
            }
          ]
        },
        {
          "tool-name": "Arja",
          "pattern-name": "Arja:arja_deep_change",
          "Unified_Diff_of-files:": "Starts Below...",
          "INSERT:": "}",
          "instance_detail": [
            {
              "pattern_action": "ANY",
              "pattern_entity": {
                "entity_type": "*",
                "entity_new value": "*",
                "entity_role": "*",
                "entity_parent": {
                  "entity_type": "Statement",
                  "entity_new value": "*",
                  "entity_role": "*",
                  "entity_parent": "null"
                }
              },
              "concrete_change": {
                "operator": "UPD",
                "src_type": "TypeAccess",
                "dst_type": "TypeAccess",
                "src": "ro.pippo.core.JaxbEngine",
                "dst": "ro.pippo.jaxb.JaxbEngine",
                "src_parent_type": "ThisAccess",
                "dst_parent_type": "ThisAccess",
                "src_parent": "",
                "dst_parent": ""
              },
              "stats": {
                "number_of_src_entities": 3,
                "number_of_dst_entities": 3,
                "src_entity_types": "[ro.pippo.core.JaxbEngine]",
                "dst_entity_types": "[ro.pippo.jaxb.JaxbEngine]"
              }
            }
          ]
        }
      ]
    }
  ],
  "complete_analysis": true
}