{
  "instances": [
    {
      "revision": "d18ed7fc74dbd4282b2a22e830539042166f8c0e",
      "repairability": [
        {
          "tool-name": "Elixir",
          "pattern-name": "Elixir:update_type_ref",
          "Unified_Diff_of-files:": "Starts Below...",
          "CHANGE_old:": "            e \u003d e.getParent(CtFormalTypeDeclarer.class);",
          "CHANGE_new:": "            typeDeclarer \u003d typeDeclarer.getParent(CtFormalTypeDeclarer.class);",
          "DELETE:": "                e \u003d e.getParent(CtFormalTypeDeclarer.class);",
          "INSERT:": "            typeDeclarer \u003d typeDeclarer.getParent(CtFormalTypeDeclarer.class);",
          "instance_detail": [
            {
              "pattern_action": "UPD",
              "pattern_entity": {
                "entity_type": "TypeReference",
                "entity_new value": "*",
                "entity_role": "*",
                "entity_parent": "null"
              },
              "concrete_change": {
                "operator": "UPD",
                "src_type": "TypeParameterReference",
                "dst_type": "TypeReference",
                "src": "E",
                "dst": "spoon.reflect.declaration.CtElement",
                "src_parent_type": "LocalVariable",
                "dst_parent_type": "LocalVariable",
                "src_parent": "E current \u003d ((E) (getParent()))",
                "dst_parent": "spoon.reflect.declaration.CtElement current \u003d this"
              },
              "line": 398,
              "file": "/home/khesoem/projects/lighter/exp/src/main/java/spoon/support/reflect/declaration/CtElementImpl.java",
              "stats": {
                "number_of_src_entities": 1,
                "number_of_dst_entities": 2,
                "src_entity_types": "[]",
                "dst_entity_types": "[spoon.reflect.declaration.CtElement]"
              }
            }
          ]
        },
        {
          "tool-name": "Elixir",
          "pattern-name": "Elixir:check_length",
          "Unified_Diff_of-files:": "Starts Below...",
          "CHANGE_old:": "            e \u003d e.getParent(CtFormalTypeDeclarer.class);",
          "CHANGE_new:": "            typeDeclarer \u003d typeDeclarer.getParent(CtFormalTypeDeclarer.class);",
          "DELETE:": "                e \u003d e.getParent(CtFormalTypeDeclarer.class);",
          "INSERT:": "            typeDeclarer \u003d typeDeclarer.getParent(CtFormalTypeDeclarer.class);",
          "instance_detail": [
            {
              "pattern_action": "MOV",
              "pattern_entity": {
                "entity_type": "Statement",
                "entity_new value": "*",
                "entity_role": "*",
                "entity_parent": "null"
              },
              "concrete_change": {
                "operator": "MOV",
                "src_type": "Invocation",
                "dst_type": "Invocation",
                "src": "parentType.isAssignableFrom(getParent().getClass())",
                "dst": "parentType.isAssignableFrom(current.getClass())",
                "src_parent_type": "If",
                "dst_parent_type": "If",
                "src_parent": "if (parentType.isAssignableFrom(getParent().getClass())) {\n    return ((P) (getParent()));\n}",
                "dst_parent": "if (parentType.isAssignableFrom(current.getClass())) {\n    return ((P) (current));\n}"
              },
              "line": 389,
              "file": "/home/khesoem/projects/lighter/exp/src/main/java/spoon/support/reflect/declaration/CtElementImpl.java",
              "stats": {
                "number_of_src_entities": 36,
                "number_of_dst_entities": 28,
                "src_entity_types": "[spoon.support.reflect.declaration.CtElementImpl, java.lang.Object, java.lang.Class\u003cP\u003e, java.lang.Class]",
                "dst_entity_types": "[spoon.reflect.declaration.CtElement, java.lang.Object, java.lang.Class\u003cP\u003e, java.lang.Class]"
              }
            },
            {
              "pattern_action": "INS",
              "pattern_entity": {
                "entity_type": "If",
                "entity_new value": "*",
                "entity_role": "*",
                "entity_parent": "null"
              },
              "concrete_change": {
                "operator": "INS",
                "src_type": "If",
                "dst_type": "null",
                "src": "if (parentType.isAssignableFrom(current.getClass())) {\n    return ((P) (current));\n}",
                "dst": "null",
                "src_parent_type": "Block",
                "dst_parent_type": "null",
                "src_parent": "{\n    current \u003d current.getParent();\n    if (parentType.isAssignableFrom(current.getClass())) {\n        return ((P) (current));\n    }\n}",
                "dst_parent": "null"
              },
              "line": 389,
              "file": "/home/khesoem/projects/lighter/exp/src/main/java/spoon/support/reflect/declaration/CtElementImpl.java"
            }
          ]
        },
        {
          "tool-name": "Elixir",
          "pattern-name": "Elixir:check_length",
          "Unified_Diff_of-files:": "Starts Below...",
          "CHANGE_old:": "            e \u003d e.getParent(CtFormalTypeDeclarer.class);",
          "CHANGE_new:": "            typeDeclarer \u003d typeDeclarer.getParent(CtFormalTypeDeclarer.class);",
          "DELETE:": "                e \u003d e.getParent(CtFormalTypeDeclarer.class);",
          "INSERT:": "            typeDeclarer \u003d typeDeclarer.getParent(CtFormalTypeDeclarer.class);",
          "instance_detail": [
            {
              "pattern_action": "MOV",
              "pattern_entity": {
                "entity_type": "Statement",
                "entity_new value": "*",
                "entity_role": "*",
                "entity_parent": "null"
              },
              "concrete_change": {
                "operator": "MOV",
                "src_type": "Block",
                "dst_type": "Block",
                "src": "{\n    return ((P) (getParent()));\n}",
                "dst": "{\n    return ((P) (current));\n}",
                "src_parent_type": "If",
                "dst_parent_type": "If",
                "src_parent": "if (parentType.isAssignableFrom(getParent().getClass())) {\n    return ((P) (getParent()));\n}",
                "dst_parent": "if (parentType.isAssignableFrom(current.getClass())) {\n    return ((P) (current));\n}"
              },
              "line": 389,
              "file": "/home/khesoem/projects/lighter/exp/src/main/java/spoon/support/reflect/declaration/CtElementImpl.java",
              "stats": {
                "number_of_src_entities": 15,
                "number_of_dst_entities": 7,
                "src_entity_types": "[spoon.support.reflect.declaration.CtElementImpl]",
                "dst_entity_types": "[spoon.reflect.declaration.CtElement]"
              }
            },
            {
              "pattern_action": "INS",
              "pattern_entity": {
                "entity_type": "If",
                "entity_new value": "*",
                "entity_role": "*",
                "entity_parent": "null"
              },
              "concrete_change": {
                "operator": "INS",
                "src_type": "If",
                "dst_type": "null",
                "src": "if (parentType.isAssignableFrom(current.getClass())) {\n    return ((P) (current));\n}",
                "dst": "null",
                "src_parent_type": "Block",
                "dst_parent_type": "null",
                "src_parent": "{\n    current \u003d current.getParent();\n    if (parentType.isAssignableFrom(current.getClass())) {\n        return ((P) (current));\n    }\n}",
                "dst_parent": "null"
              },
              "line": 389,
              "file": "/home/khesoem/projects/lighter/exp/src/main/java/spoon/support/reflect/declaration/CtElementImpl.java"
            }
          ]
        },
        {
          "tool-name": "Elixir",
          "pattern-name": "Elixir:check_length",
          "Unified_Diff_of-files:": "Starts Below...",
          "CHANGE_old:": "            e \u003d e.getParent(CtFormalTypeDeclarer.class);",
          "CHANGE_new:": "            typeDeclarer \u003d typeDeclarer.getParent(CtFormalTypeDeclarer.class);",
          "DELETE:": "                e \u003d e.getParent(CtFormalTypeDeclarer.class);",
          "INSERT:": "            typeDeclarer \u003d typeDeclarer.getParent(CtFormalTypeDeclarer.class);",
          "instance_detail": [
            {
              "pattern_action": "MOV",
              "pattern_entity": {
                "entity_type": "Statement",
                "entity_new value": "*",
                "entity_role": "*",
                "entity_parent": "null"
              },
              "concrete_change": {
                "operator": "MOV",
                "src_type": "Invocation",
                "dst_type": "Invocation",
                "src": "(filter.matches(current))",
                "dst": "filter.matches(((E) (current)))",
                "src_parent_type": "UnaryOperator",
                "dst_parent_type": "If",
                "src_parent": "(!(filter.matches(current)))",
                "dst_parent": "if (filter.matches(((E) (current)))) {\n    return ((E) (current));\n}"
              },
              "line": 401,
              "file": "/home/khesoem/projects/lighter/exp/src/main/java/spoon/support/reflect/declaration/CtElementImpl.java",
              "stats": {
                "number_of_src_entities": 15,
                "number_of_dst_entities": 17,
                "src_entity_types": "[spoon.reflect.visitor.Filter\u003cE\u003e, spoon.reflect.visitor.Filter]",
                "dst_entity_types": "[spoon.reflect.declaration.CtElement, spoon.reflect.visitor.Filter\u003cE\u003e, spoon.reflect.visitor.Filter]"
              }
            },
            {
              "pattern_action": "INS",
              "pattern_entity": {
                "entity_type": "If",
                "entity_new value": "*",
                "entity_role": "*",
                "entity_parent": "null"
              },
              "concrete_change": {
                "operator": "INS",
                "src_type": "If",
                "dst_type": "null",
                "src": "if (filter.matches(((E) (current)))) {\n    return ((E) (current));\n}",
                "dst": "null",
                "src_parent_type": "Block",
                "dst_parent_type": "null",
                "src_parent": "{\n    if (filter.matches(((E) (current)))) {\n        return ((E) (current));\n    }\n}",
                "dst_parent": "null"
              },
              "line": 404,
              "file": "/home/khesoem/projects/lighter/exp/src/main/java/spoon/support/reflect/declaration/CtElementImpl.java"
            }
          ]
        },
        {
          "tool-name": "Elixir",
          "pattern-name": "Elixir:check_length",
          "Unified_Diff_of-files:": "Starts Below...",
          "CHANGE_old:": "            e \u003d e.getParent(CtFormalTypeDeclarer.class);",
          "CHANGE_new:": "            typeDeclarer \u003d typeDeclarer.getParent(CtFormalTypeDeclarer.class);",
          "DELETE:": "                e \u003d e.getParent(CtFormalTypeDeclarer.class);",
          "INSERT:": "            typeDeclarer \u003d typeDeclarer.getParent(CtFormalTypeDeclarer.class);",
          "instance_detail": [
            {
              "pattern_action": "MOV",
              "pattern_entity": {
                "entity_type": "Statement",
                "entity_new value": "*",
                "entity_role": "*",
                "entity_parent": "null"
              },
              "concrete_change": {
                "operator": "MOV",
                "src_type": "Block",
                "dst_type": "Block",
                "src": "{\n    return current;\n}",
                "dst": "{\n    return ((E) (current));\n}",
                "src_parent_type": "If",
                "dst_parent_type": "If",
                "src_parent": "if ((current !\u003d null) \u0026\u0026 (filter.matches(current))) {\n    return current;\n}",
                "dst_parent": "if (filter.matches(((E) (current)))) {\n    return ((E) (current));\n}"
              },
              "line": 411,
              "file": "/home/khesoem/projects/lighter/exp/src/main/java/spoon/support/reflect/declaration/CtElementImpl.java",
              "stats": {
                "number_of_src_entities": 5,
                "number_of_dst_entities": 7,
                "src_entity_types": "[]",
                "dst_entity_types": "[spoon.reflect.declaration.CtElement]"
              }
            },
            {
              "pattern_action": "INS",
              "pattern_entity": {
                "entity_type": "If",
                "entity_new value": "*",
                "entity_role": "*",
                "entity_parent": "null"
              },
              "concrete_change": {
                "operator": "INS",
                "src_type": "If",
                "dst_type": "null",
                "src": "if (filter.matches(((E) (current)))) {\n    return ((E) (current));\n}",
                "dst": "null",
                "src_parent_type": "Block",
                "dst_parent_type": "null",
                "src_parent": "{\n    if (filter.matches(((E) (current)))) {\n        return ((E) (current));\n    }\n}",
                "dst_parent": "null"
              },
              "line": 404,
              "file": "/home/khesoem/projects/lighter/exp/src/main/java/spoon/support/reflect/declaration/CtElementImpl.java"
            }
          ]
        },
        {
          "tool-name": "Elixir",
          "pattern-name": "Elixir:update_invocation_deep",
          "Unified_Diff_of-files:": "Starts Below...",
          "CHANGE_old:": "            e \u003d e.getParent(CtFormalTypeDeclarer.class);",
          "CHANGE_new:": "            typeDeclarer \u003d typeDeclarer.getParent(CtFormalTypeDeclarer.class);",
          "DELETE:": "                e \u003d e.getParent(CtFormalTypeDeclarer.class);",
          "INSERT:": "            typeDeclarer \u003d typeDeclarer.getParent(CtFormalTypeDeclarer.class);",
          "instance_detail": [
            {
              "pattern_action": "ANY",
              "pattern_entity": {
                "entity_type": "*",
                "entity_new value": "*",
                "entity_role": "*",
                "entity_parent": {
                  "entity_type": "AbstractInvocation",
                  "entity_new value": "*",
                  "entity_role": "*",
                  "entity_parent": "null"
                }
              },
              "concrete_change": {
                "operator": "DEL",
                "src_type": "Invocation",
                "dst_type": "null",
                "src": "getParent()",
                "dst": "null",
                "src_parent_type": "Invocation",
                "dst_parent_type": "null",
                "src_parent": "getParent().getClass()",
                "dst_parent": "null"
              },
              "line": 389,
              "file": "/home/khesoem/projects/lighter/exp/src/main/java/spoon/support/reflect/declaration/CtElementImpl.java",
              "stats": {
                "number_of_src_entities": 12,
                "number_of_dst_entities": -1,
                "src_entity_types": "[spoon.support.reflect.declaration.CtElementImpl]",
                "dst_entity_types": "[]"
              }
            }
          ]
        }
      ]
    },
    {
      "revision": "d18ed7fc74dbd4282b2a22e830539042166f8c0e",
      "repairability": [
        {
          "tool-name": "Elixir",
          "pattern-name": "Elixir:check_length",
          "Unified_Diff_of-files:": "Starts Below...",
          "CHANGE_old:": "            e \u003d e.getParent(CtFormalTypeDeclarer.class);",
          "CHANGE_new:": "            typeDeclarer \u003d typeDeclarer.getParent(CtFormalTypeDeclarer.class);",
          "DELETE:": "                e \u003d e.getParent(CtFormalTypeDeclarer.class);",
          "INSERT:": "            typeDeclarer \u003d typeDeclarer.getParent(CtFormalTypeDeclarer.class);",
          "instance_detail": [
            {
              "pattern_action": "MOV",
              "pattern_entity": {
                "entity_type": "Statement",
                "entity_new value": "*",
                "entity_role": "*",
                "entity_parent": "null"
              },
              "concrete_change": {
                "operator": "MOV",
                "src_type": "UnaryOperator",
                "dst_type": "UnaryOperator",
                "src": "!(e instanceof spoon.reflect.declaration.CtFormalTypeDeclarer)",
                "dst": "!(typeDeclarer instanceof spoon.reflect.declaration.CtFormalTypeDeclarer)",
                "src_parent_type": "If",
                "dst_parent_type": "If",
                "src_parent": "if (!(e instanceof spoon.reflect.declaration.CtFormalTypeDeclarer)) {\n    e \u003d e.getParent(spoon.reflect.declaration.CtFormalTypeDeclarer.class);\n}",
                "dst_parent": "if (!(typeDeclarer instanceof spoon.reflect.declaration.CtFormalTypeDeclarer)) {\n    typeDeclarer \u003d typeDeclarer.getParent(spoon.reflect.declaration.CtFormalTypeDeclarer.class);\n}"
              },
              "line": 144,
              "file": "/home/khesoem/projects/lighter/exp/src/main/java/spoon/support/reflect/reference/CtTypeParameterReferenceImpl.java",
              "stats": {
                "number_of_src_entities": 11,
                "number_of_dst_entities": 11,
                "src_entity_types": "[spoon.reflect.declaration.CtElement, boolean, spoon.reflect.declaration.CtFormalTypeDeclarer]",
                "dst_entity_types": "[spoon.reflect.declaration.CtElement, boolean, spoon.reflect.declaration.CtFormalTypeDeclarer]"
              }
            },
            {
              "pattern_action": "INS",
              "pattern_entity": {
                "entity_type": "If",
                "entity_new value": "*",
                "entity_role": "*",
                "entity_parent": "null"
              },
              "concrete_change": {
                "operator": "INS",
                "src_type": "If",
                "dst_type": "null",
                "src": "if (!(typeDeclarer instanceof spoon.reflect.declaration.CtFormalTypeDeclarer)) {\n    typeDeclarer \u003d typeDeclarer.getParent(spoon.reflect.declaration.CtFormalTypeDeclarer.class);\n}",
                "dst": "null",
                "src_parent_type": "Block",
                "dst_parent_type": "null",
                "src_parent": "{\n    if (!(isParentInitialized())) {\n        return null;\n    }\n    spoon.reflect.declaration.CtElement typeDeclarer \u003d this;\n    spoon.reflect.declaration.CtElement parent \u003d getParent();\n    if ((parent instanceof spoon.reflect.declaration.CtTypeParameter) \u0026\u0026 (java.util.Objects.equals(getSimpleName(), ((spoon.reflect.declaration.CtTypeParameter) (parent)).getSimpleName()))) {\n        return ((spoon.reflect.declaration.CtTypeParameter) (parent));\n    }\n    if (parent instanceof spoon.reflect.reference.CtTypeReference) {\n        if (!(parent.isParentInitialized())) {\n            spoon.reflect.reference.CtTypeReference typeReference \u003d ((spoon.reflect.reference.CtTypeReference) (parent));\n            typeDeclarer \u003d typeReference.getTypeDeclaration();\n            if (typeDeclarer \u003d\u003d null) {\n                return null;\n            }\n        } else {\n            parent \u003d parent.getParent();\n        }\n    }\n    if (parent instanceof spoon.reflect.reference.CtExecutableReference) {\n        spoon.reflect.reference.CtExecutableReference parentExec \u003d ((spoon.reflect.reference.CtExecutableReference) (parent));\n        if ((java.util.Objects.nonNull(parentExec.getDeclaringType())) \u0026\u0026 (!(parentExec.getDeclaringType().equals(typeDeclarer)))) {\n            spoon.reflect.declaration.CtElement parent2 \u003d parentExec.getExecutableDeclaration();\n            if (parent2 instanceof spoon.reflect.declaration.CtMethod) {\n                typeDeclarer \u003d parent2;\n            }\n        }\n    }\n    if (!(typeDeclarer instanceof spoon.reflect.declaration.CtFormalTypeDeclarer)) {\n        typeDeclarer \u003d typeDeclarer.getParent(spoon.reflect.declaration.CtFormalTypeDeclarer.class);\n    }\n    while (typeDeclarer !\u003d null) {\n        spoon.reflect.declaration.CtTypeParameter result \u003d findTypeParamDeclaration(((spoon.reflect.declaration.CtFormalTypeDeclarer) (typeDeclarer)), this.getSimpleName());\n        if (result !\u003d null) {\n            return result;\n        }\n        typeDeclarer \u003d typeDeclarer.getParent(spoon.reflect.declaration.CtFormalTypeDeclarer.class);\n    } \n    return null;\n}",
                "dst_parent": "null"
              },
              "line": 141,
              "file": "/home/khesoem/projects/lighter/exp/src/main/java/spoon/support/reflect/reference/CtTypeParameterReferenceImpl.java",
              "stats": {
                "number_of_src_entities": 42,
                "number_of_dst_entities": -1,
                "src_entity_types": "[spoon.reflect.declaration.CtElement, boolean, spoon.reflect.declaration.CtFormalTypeDeclarer]",
                "dst_entity_types": "[]"
              }
            }
          ]
        },
        {
          "tool-name": "Elixir",
          "pattern-name": "Elixir:check_length",
          "Unified_Diff_of-files:": "Starts Below...",
          "CHANGE_old:": "            e \u003d e.getParent(CtFormalTypeDeclarer.class);",
          "CHANGE_new:": "            typeDeclarer \u003d typeDeclarer.getParent(CtFormalTypeDeclarer.class);",
          "DELETE:": "                e \u003d e.getParent(CtFormalTypeDeclarer.class);",
          "INSERT:": "            typeDeclarer \u003d typeDeclarer.getParent(CtFormalTypeDeclarer.class);",
          "instance_detail": [
            {
              "pattern_action": "MOV",
              "pattern_entity": {
                "entity_type": "Statement",
                "entity_new value": "*",
                "entity_role": "*",
                "entity_parent": "null"
              },
              "concrete_change": {
                "operator": "MOV",
                "src_type": "Block",
                "dst_type": "Block",
                "src": "{\n    e \u003d e.getParent(spoon.reflect.declaration.CtFormalTypeDeclarer.class);\n}",
                "dst": "{\n    typeDeclarer \u003d typeDeclarer.getParent(spoon.reflect.declaration.CtFormalTypeDeclarer.class);\n}",
                "src_parent_type": "If",
                "dst_parent_type": "If",
                "src_parent": "if (!(e instanceof spoon.reflect.declaration.CtFormalTypeDeclarer)) {\n    e \u003d e.getParent(spoon.reflect.declaration.CtFormalTypeDeclarer.class);\n}",
                "dst_parent": "if (!(typeDeclarer instanceof spoon.reflect.declaration.CtFormalTypeDeclarer)) {\n    typeDeclarer \u003d typeDeclarer.getParent(spoon.reflect.declaration.CtFormalTypeDeclarer.class);\n}"
              },
              "line": 144,
              "file": "/home/khesoem/projects/lighter/exp/src/main/java/spoon/support/reflect/reference/CtTypeParameterReferenceImpl.java",
              "stats": {
                "number_of_src_entities": 30,
                "number_of_dst_entities": 30,
                "src_entity_types": "[spoon.reflect.declaration.CtElement, spoon.reflect.declaration.CtFormalTypeDeclarer]",
                "dst_entity_types": "[spoon.reflect.declaration.CtElement, spoon.reflect.declaration.CtFormalTypeDeclarer]"
              }
            },
            {
              "pattern_action": "INS",
              "pattern_entity": {
                "entity_type": "If",
                "entity_new value": "*",
                "entity_role": "*",
                "entity_parent": "null"
              },
              "concrete_change": {
                "operator": "INS",
                "src_type": "If",
                "dst_type": "null",
                "src": "if (!(typeDeclarer instanceof spoon.reflect.declaration.CtFormalTypeDeclarer)) {\n    typeDeclarer \u003d typeDeclarer.getParent(spoon.reflect.declaration.CtFormalTypeDeclarer.class);\n}",
                "dst": "null",
                "src_parent_type": "Block",
                "dst_parent_type": "null",
                "src_parent": "{\n    if (!(isParentInitialized())) {\n        return null;\n    }\n    spoon.reflect.declaration.CtElement typeDeclarer \u003d this;\n    spoon.reflect.declaration.CtElement parent \u003d getParent();\n    if ((parent instanceof spoon.reflect.declaration.CtTypeParameter) \u0026\u0026 (java.util.Objects.equals(getSimpleName(), ((spoon.reflect.declaration.CtTypeParameter) (parent)).getSimpleName()))) {\n        return ((spoon.reflect.declaration.CtTypeParameter) (parent));\n    }\n    if (parent instanceof spoon.reflect.reference.CtTypeReference) {\n        if (!(parent.isParentInitialized())) {\n            spoon.reflect.reference.CtTypeReference typeReference \u003d ((spoon.reflect.reference.CtTypeReference) (parent));\n            typeDeclarer \u003d typeReference.getTypeDeclaration();\n            if (typeDeclarer \u003d\u003d null) {\n                return null;\n            }\n        } else {\n            parent \u003d parent.getParent();\n        }\n    }\n    if (parent instanceof spoon.reflect.reference.CtExecutableReference) {\n        spoon.reflect.reference.CtExecutableReference parentExec \u003d ((spoon.reflect.reference.CtExecutableReference) (parent));\n        if ((java.util.Objects.nonNull(parentExec.getDeclaringType())) \u0026\u0026 (!(parentExec.getDeclaringType().equals(typeDeclarer)))) {\n            spoon.reflect.declaration.CtElement parent2 \u003d parentExec.getExecutableDeclaration();\n            if (parent2 instanceof spoon.reflect.declaration.CtMethod) {\n                typeDeclarer \u003d parent2;\n            }\n        }\n    }\n    if (!(typeDeclarer instanceof spoon.reflect.declaration.CtFormalTypeDeclarer)) {\n        typeDeclarer \u003d typeDeclarer.getParent(spoon.reflect.declaration.CtFormalTypeDeclarer.class);\n    }\n    while (typeDeclarer !\u003d null) {\n        spoon.reflect.declaration.CtTypeParameter result \u003d findTypeParamDeclaration(((spoon.reflect.declaration.CtFormalTypeDeclarer) (typeDeclarer)), this.getSimpleName());\n        if (result !\u003d null) {\n            return result;\n        }\n        typeDeclarer \u003d typeDeclarer.getParent(spoon.reflect.declaration.CtFormalTypeDeclarer.class);\n    } \n    return null;\n}",
                "dst_parent": "null"
              },
              "line": 141,
              "file": "/home/khesoem/projects/lighter/exp/src/main/java/spoon/support/reflect/reference/CtTypeParameterReferenceImpl.java",
              "stats": {
                "number_of_src_entities": 42,
                "number_of_dst_entities": -1,
                "src_entity_types": "[spoon.reflect.declaration.CtElement, boolean, spoon.reflect.declaration.CtFormalTypeDeclarer]",
                "dst_entity_types": "[]"
              }
            }
          ]
        },
        {
          "tool-name": "Elixir",
          "pattern-name": "Elixir:check_length",
          "Unified_Diff_of-files:": "Starts Below...",
          "CHANGE_old:": "            e \u003d e.getParent(CtFormalTypeDeclarer.class);",
          "CHANGE_new:": "            typeDeclarer \u003d typeDeclarer.getParent(CtFormalTypeDeclarer.class);",
          "DELETE:": "                e \u003d e.getParent(CtFormalTypeDeclarer.class);",
          "INSERT:": "            typeDeclarer \u003d typeDeclarer.getParent(CtFormalTypeDeclarer.class);",
          "instance_detail": [
            {
              "pattern_action": "MOV",
              "pattern_entity": {
                "entity_type": "Statement",
                "entity_new value": "*",
                "entity_role": "*",
                "entity_parent": "null"
              },
              "concrete_change": {
                "operator": "MOV",
                "src_type": "Assignment",
                "dst_type": "Assignment",
                "src": "e \u003d e.getParent(spoon.reflect.declaration.CtFormalTypeDeclarer.class)",
                "dst": "typeDeclarer \u003d typeDeclarer.getParent(spoon.reflect.declaration.CtFormalTypeDeclarer.class)",
                "src_parent_type": "Block",
                "dst_parent_type": "Block",
                "src_parent": "{\n    e \u003d e.getParent(spoon.reflect.declaration.CtFormalTypeDeclarer.class);\n}",
                "dst_parent": "{\n    typeDeclarer \u003d typeDeclarer.getParent(spoon.reflect.declaration.CtFormalTypeDeclarer.class);\n}"
              },
              "line": 141,
              "file": "/home/khesoem/projects/lighter/exp/src/main/java/spoon/support/reflect/reference/CtTypeParameterReferenceImpl.java"
            },
            {
              "pattern_action": "INS",
              "pattern_entity": {
                "entity_type": "If",
                "entity_new value": "*",
                "entity_role": "*",
                "entity_parent": "null"
              },
              "concrete_change": {
                "operator": "INS",
                "src_type": "If",
                "dst_type": "null",
                "src": "if (!(typeDeclarer instanceof spoon.reflect.declaration.CtFormalTypeDeclarer)) {\n    typeDeclarer \u003d typeDeclarer.getParent(spoon.reflect.declaration.CtFormalTypeDeclarer.class);\n}",
                "dst": "null",
                "src_parent_type": "Block",
                "dst_parent_type": "null",
                "src_parent": "{\n    if (!(isParentInitialized())) {\n        return null;\n    }\n    spoon.reflect.declaration.CtElement typeDeclarer \u003d this;\n    spoon.reflect.declaration.CtElement parent \u003d getParent();\n    if ((parent instanceof spoon.reflect.declaration.CtTypeParameter) \u0026\u0026 (java.util.Objects.equals(getSimpleName(), ((spoon.reflect.declaration.CtTypeParameter) (parent)).getSimpleName()))) {\n        return ((spoon.reflect.declaration.CtTypeParameter) (parent));\n    }\n    if (parent instanceof spoon.reflect.reference.CtTypeReference) {\n        if (!(parent.isParentInitialized())) {\n            spoon.reflect.reference.CtTypeReference typeReference \u003d ((spoon.reflect.reference.CtTypeReference) (parent));\n            typeDeclarer \u003d typeReference.getTypeDeclaration();\n            if (typeDeclarer \u003d\u003d null) {\n                return null;\n            }\n        } else {\n            parent \u003d parent.getParent();\n        }\n    }\n    if (parent instanceof spoon.reflect.reference.CtExecutableReference) {\n        spoon.reflect.reference.CtExecutableReference parentExec \u003d ((spoon.reflect.reference.CtExecutableReference) (parent));\n        if ((java.util.Objects.nonNull(parentExec.getDeclaringType())) \u0026\u0026 (!(parentExec.getDeclaringType().equals(typeDeclarer)))) {\n            spoon.reflect.declaration.CtElement parent2 \u003d parentExec.getExecutableDeclaration();\n            if (parent2 instanceof spoon.reflect.declaration.CtMethod) {\n                typeDeclarer \u003d parent2;\n            }\n        }\n    }\n    if (!(typeDeclarer instanceof spoon.reflect.declaration.CtFormalTypeDeclarer)) {\n        typeDeclarer \u003d typeDeclarer.getParent(spoon.reflect.declaration.CtFormalTypeDeclarer.class);\n    }\n    while (typeDeclarer !\u003d null) {\n        spoon.reflect.declaration.CtTypeParameter result \u003d findTypeParamDeclaration(((spoon.reflect.declaration.CtFormalTypeDeclarer) (typeDeclarer)), this.getSimpleName());\n        if (result !\u003d null) {\n            return result;\n        }\n        typeDeclarer \u003d typeDeclarer.getParent(spoon.reflect.declaration.CtFormalTypeDeclarer.class);\n    } \n    return null;\n}",
                "dst_parent": "null"
              },
              "line": 141,
              "file": "/home/khesoem/projects/lighter/exp/src/main/java/spoon/support/reflect/reference/CtTypeParameterReferenceImpl.java",
              "stats": {
                "number_of_src_entities": 42,
                "number_of_dst_entities": -1,
                "src_entity_types": "[spoon.reflect.declaration.CtElement, boolean, spoon.reflect.declaration.CtFormalTypeDeclarer]",
                "dst_entity_types": "[]"
              }
            }
          ]
        },
        {
          "tool-name": "Elixir",
          "pattern-name": "Elixir:update_invocation_deep",
          "Unified_Diff_of-files:": "Starts Below...",
          "CHANGE_old:": "            e \u003d e.getParent(CtFormalTypeDeclarer.class);",
          "CHANGE_new:": "            typeDeclarer \u003d typeDeclarer.getParent(CtFormalTypeDeclarer.class);",
          "DELETE:": "                e \u003d e.getParent(CtFormalTypeDeclarer.class);",
          "INSERT:": "            typeDeclarer \u003d typeDeclarer.getParent(CtFormalTypeDeclarer.class);",
          "instance_detail": [
            {
              "pattern_action": "ANY",
              "pattern_entity": {
                "entity_type": "*",
                "entity_new value": "*",
                "entity_role": "*",
                "entity_parent": {
                  "entity_type": "AbstractInvocation",
                  "entity_new value": "*",
                  "entity_role": "*",
                  "entity_parent": "null"
                }
              },
              "concrete_change": {
                "operator": "UPD",
                "src_type": "VariableRead",
                "dst_type": "VariableRead",
                "src": "e",
                "dst": "typeDeclarer",
                "src_parent_type": "Invocation",
                "dst_parent_type": "Invocation",
                "src_parent": "e.getParent(spoon.reflect.declaration.CtFormalTypeDeclarer.class)",
                "dst_parent": "typeDeclarer.getParent(spoon.reflect.declaration.CtFormalTypeDeclarer.class)"
              },
              "line": 145,
              "file": "/home/khesoem/projects/lighter/exp/src/main/java/spoon/support/reflect/reference/CtTypeParameterReferenceImpl.java",
              "stats": {
                "number_of_src_entities": 4,
                "number_of_dst_entities": 4,
                "src_entity_types": "[spoon.reflect.declaration.CtElement]",
                "dst_entity_types": "[spoon.reflect.declaration.CtElement]"
              }
            }
          ]
        }
      ]
    }
  ],
  "complete_analysis": true
}