{
  "instances": [
    {
      "revision": "2208265abc5a13a32f83ed6e3aa4196e6e9ba342",
      "repairability": [
        {
          "tool-name": "Elixir",
          "pattern-name": "Elixir:check_length",
          "Unified_Diff_of-files:": "Starts Below...",
          "INSERT:": "        }",
          "DELETE:": "        }",
          "instance_detail": [
            {
              "pattern_action": "MOV",
              "pattern_entity": {
                "entity_type": "Statement",
                "entity_new value": "*",
                "entity_role": "*",
                "entity_parent": "null"
              },
              "concrete_change": {
                "operator": "MOV",
                "src_type": "Invocation",
                "dst_type": "Invocation",
                "src": "annotationsMethods.add(((spoon.reflect.declaration.CtAnnotationMethod\u003c?\u003e) (method)))",
                "dst": "annotationsMethods.add(((spoon.reflect.declaration.CtAnnotationMethod\u003c?\u003e) (method)))",
                "src_parent_type": "Block",
                "dst_parent_type": "Block",
                "src_parent": "{\n    annotationsMethods.add(((spoon.reflect.declaration.CtAnnotationMethod\u003c?\u003e) (method)));\n}",
                "dst_parent": "{\n    annotationsMethods.add(((spoon.reflect.declaration.CtAnnotationMethod\u003c?\u003e) (method)));\n}"
              },
              "line": 93,
              "file": "/home/khesoem/projects/lighter/exp/src/main/java/spoon/support/reflect/declaration/CtAnnotationTypeImpl.java",
              "stats": {
                "number_of_src_entities": 28,
                "number_of_dst_entities": 28,
                "src_entity_types": "[java.util.Set\u003cspoon.reflect.declaration.CtAnnotationMethod\u003c?\u003e\u003e, java.util.Set, , spoon.reflect.declaration.CtAnnotationMethod\u003c?\u003e, spoon.reflect.declaration.CtMethod\u003c?\u003e]",
                "dst_entity_types": "[java.util.Set\u003cspoon.reflect.declaration.CtAnnotationMethod\u003c?\u003e\u003e, java.util.Set, , spoon.reflect.declaration.CtAnnotationMethod\u003c?\u003e, spoon.reflect.declaration.CtMethod\u003c?\u003e]"
              }
            },
            {
              "pattern_action": "INS",
              "pattern_entity": {
                "entity_type": "If",
                "entity_new value": "*",
                "entity_role": "*",
                "entity_parent": "null"
              },
              "concrete_change": {
                "operator": "INS",
                "src_type": "If",
                "dst_type": "null",
                "src": "if (method instanceof spoon.reflect.declaration.CtAnnotationMethod) {\n    annotationsMethods.add(((spoon.reflect.declaration.CtAnnotationMethod\u003c?\u003e) (method)));\n}",
                "dst": "null",
                "src_parent_type": "Block",
                "dst_parent_type": "null",
                "src_parent": "{\n    if (method instanceof spoon.reflect.declaration.CtAnnotationMethod) {\n        annotationsMethods.add(((spoon.reflect.declaration.CtAnnotationMethod\u003c?\u003e) (method)));\n    }\n}",
                "dst_parent": "null"
              },
              "line": 93,
              "file": "/home/khesoem/projects/lighter/exp/src/main/java/spoon/support/reflect/declaration/CtAnnotationTypeImpl.java",
              "stats": {
                "number_of_src_entities": 42,
                "number_of_dst_entities": -1,
                "src_entity_types": "[boolean, java.util.Set\u003cspoon.reflect.declaration.CtAnnotationMethod\u003c?\u003e\u003e, java.util.Set, , spoon.reflect.declaration.CtAnnotationMethod, spoon.reflect.declaration.CtAnnotationMethod\u003c?\u003e, spoon.reflect.declaration.CtMethod\u003c?\u003e]",
                "dst_entity_types": "[]"
              }
            }
          ]
        }
      ]
    }
  ],
  "complete_analysis": true
}