{
  "instances": [
    {
      "revision": "1a21e9a6580d0ea40e66ab67d52b8021e4f617d6",
      "repairability": [
        {
          "tool-name": "Arja",
          "pattern-name": "Arja:arja_shallow_change",
          "Unified_Diff_of-files:": "Starts Below...",
          "DELETE:": "import io.github.classgraph.ClassGraphException;",
          "CHANGE_old:": "                        .newClassGraphException(\"Could not find \u0027:\u0027 in \\\"\" + UNIX_NON_PATH_SEPARATORS[i] + \"\\\"\");",
          "CHANGE_new:": "",
          "instance_detail": [
            {
              "pattern_action": "ANY",
              "pattern_entity": {
                "entity_type": "Statement",
                "entity_new value": "*",
                "entity_role": "*",
                "entity_parent": "null"
              },
              "concrete_change": {
                "operator": "DEL",
                "src_type": "Invocation",
                "dst_type": "null",
                "src": "io.github.classgraph.ClassGraphException.newClassGraphException(\"Expected a basic value type\")",
                "dst": "null",
                "src_parent_type": "Throw",
                "dst_parent_type": "null",
                "src_parent": "throw io.github.classgraph.ClassGraphException.newClassGraphException(\"Expected a basic value type\")",
                "dst_parent": "null"
              },
              "line": 75,
              "file": "/home/khesoem/projects/lighter/exp/src/main/java/nonapi/io/github/classgraph/json/JSONDeserializer.java",
              "stats": {
                "number_of_src_entities": 12,
                "number_of_dst_entities": -1,
                "src_entity_types": "[io.github.classgraph.ClassGraphException, java.lang.String]",
                "dst_entity_types": "[]"
              }
            }
          ]
        },
        {
          "tool-name": "Arja",
          "pattern-name": "Arja:arja_shallow_change",
          "Unified_Diff_of-files:": "Starts Below...",
          "DELETE:": "import io.github.classgraph.ClassGraphException;",
          "CHANGE_old:": "                        .newClassGraphException(\"Could not find \u0027:\u0027 in \\\"\" + UNIX_NON_PATH_SEPARATORS[i] + \"\\\"\");",
          "CHANGE_new:": "",
          "instance_detail": [
            {
              "pattern_action": "ANY",
              "pattern_entity": {
                "entity_type": "Statement",
                "entity_new value": "*",
                "entity_role": "*",
                "entity_parent": "null"
              },
              "concrete_change": {
                "operator": "DEL",
                "src_type": "Invocation",
                "dst_type": "null",
                "src": "io.github.classgraph.ClassGraphException.newClassGraphException(\"This exception should not be thrown\")",
                "dst": "null",
                "src_parent_type": "Throw",
                "dst_parent_type": "null",
                "src_parent": "throw io.github.classgraph.ClassGraphException.newClassGraphException(\"This exception should not be thrown\")",
                "dst_parent": "null"
              },
              "line": 406,
              "file": "/home/khesoem/projects/lighter/exp/src/main/java/nonapi/io/github/classgraph/json/JSONDeserializer.java",
              "stats": {
                "number_of_src_entities": 12,
                "number_of_dst_entities": -1,
                "src_entity_types": "[io.github.classgraph.ClassGraphException, java.lang.String]",
                "dst_entity_types": "[]"
              }
            }
          ]
        }
      ]
    },
    {
      "revision": "1a21e9a6580d0ea40e66ab67d52b8021e4f617d6",
      "repairability": [
        {
          "tool-name": "Arja",
          "pattern-name": "Arja:arja_shallow_change",
          "Unified_Diff_of-files:": "Starts Below...",
          "DELETE:": "import io.github.classgraph.ClassGraphException;",
          "CHANGE_old:": "                        .newClassGraphException(\"Could not find \u0027:\u0027 in \\\"\" + UNIX_NON_PATH_SEPARATORS[i] + \"\\\"\");",
          "CHANGE_new:": "",
          "instance_detail": [
            {
              "pattern_action": "ANY",
              "pattern_entity": {
                "entity_type": "Statement",
                "entity_new value": "*",
                "entity_role": "*",
                "entity_parent": "null"
              },
              "concrete_change": {
                "operator": "DEL",
                "src_type": "Invocation",
                "dst_type": "null",
                "src": "io.github.classgraph.ClassGraphException.newClassGraphException((\"WildcardType not yet supported: \" + type))",
                "dst": "null",
                "src_parent_type": "Throw",
                "dst_parent_type": "null",
                "src_parent": "throw io.github.classgraph.ClassGraphException.newClassGraphException((\"WildcardType not yet supported: \" + type))",
                "dst_parent": "null"
              },
              "line": 145,
              "file": "/home/khesoem/projects/lighter/exp/src/main/java/nonapi/io/github/classgraph/json/TypeResolutions.java",
              "stats": {
                "number_of_src_entities": 19,
                "number_of_dst_entities": -1,
                "src_entity_types": "[io.github.classgraph.ClassGraphException, java.lang.reflect.Type, java.lang.String]",
                "dst_entity_types": "[]"
              }
            }
          ]
        },
        {
          "tool-name": "Arja",
          "pattern-name": "Arja:arja_shallow_change",
          "Unified_Diff_of-files:": "Starts Below...",
          "DELETE:": "import io.github.classgraph.ClassGraphException;",
          "CHANGE_old:": "                        .newClassGraphException(\"Could not find \u0027:\u0027 in \\\"\" + UNIX_NON_PATH_SEPARATORS[i] + \"\\\"\");",
          "CHANGE_new:": "",
          "instance_detail": [
            {
              "pattern_action": "ANY",
              "pattern_entity": {
                "entity_type": "Statement",
                "entity_new value": "*",
                "entity_role": "*",
                "entity_parent": "null"
              },
              "concrete_change": {
                "operator": "DEL",
                "src_type": "Invocation",
                "dst_type": "null",
                "src": "io.github.classgraph.ClassGraphException.newClassGraphException((\"Got unexpected type: \" + type))",
                "dst": "null",
                "src_parent_type": "Throw",
                "dst_parent_type": "null",
                "src_parent": "throw io.github.classgraph.ClassGraphException.newClassGraphException((\"Got unexpected type: \" + type))",
                "dst_parent": "null"
              },
              "line": 148,
              "file": "/home/khesoem/projects/lighter/exp/src/main/java/nonapi/io/github/classgraph/json/TypeResolutions.java",
              "stats": {
                "number_of_src_entities": 19,
                "number_of_dst_entities": -1,
                "src_entity_types": "[io.github.classgraph.ClassGraphException, java.lang.reflect.Type, java.lang.String]",
                "dst_entity_types": "[]"
              }
            }
          ]
        }
      ]
    },
    {
      "revision": "1a21e9a6580d0ea40e66ab67d52b8021e4f617d6",
      "repairability": [
        {
          "tool-name": "Arja",
          "pattern-name": "Arja:arja_shallow_change",
          "Unified_Diff_of-files:": "Starts Below...",
          "DELETE:": "import io.github.classgraph.ClassGraphException;",
          "CHANGE_old:": "                        .newClassGraphException(\"Could not find \u0027:\u0027 in \\\"\" + UNIX_NON_PATH_SEPARATORS[i] + \"\\\"\");",
          "CHANGE_new:": "",
          "instance_detail": [
            {
              "pattern_action": "ANY",
              "pattern_entity": {
                "entity_type": "Statement",
                "entity_new value": "*",
                "entity_role": "*",
                "entity_parent": "null"
              },
              "concrete_change": {
                "operator": "DEL",
                "src_type": "Invocation",
                "dst_type": "null",
                "src": "io.github.classgraph.ClassGraphException.newClassGraphException(\"Internal inconsistency\")",
                "dst": "null",
                "src_parent_type": "Throw",
                "dst_parent_type": "null",
                "src_parent": "throw io.github.classgraph.ClassGraphException.newClassGraphException(\"Internal inconsistency\")",
                "dst_parent": "null"
              },
              "line": 97,
              "file": "/home/khesoem/projects/lighter/exp/src/main/java/nonapi/io/github/classgraph/json/JSONSerializer.java",
              "stats": {
                "number_of_src_entities": 12,
                "number_of_dst_entities": -1,
                "src_entity_types": "[io.github.classgraph.ClassGraphException, java.lang.String]",
                "dst_entity_types": "[]"
              }
            }
          ]
        },
        {
          "tool-name": "Arja",
          "pattern-name": "Arja:arja_shallow_change",
          "Unified_Diff_of-files:": "Starts Below...",
          "DELETE:": "import io.github.classgraph.ClassGraphException;",
          "CHANGE_old:": "                        .newClassGraphException(\"Could not find \u0027:\u0027 in \\\"\" + UNIX_NON_PATH_SEPARATORS[i] + \"\\\"\");",
          "CHANGE_new:": "",
          "instance_detail": [
            {
              "pattern_action": "ANY",
              "pattern_entity": {
                "entity_type": "Statement",
                "entity_new value": "*",
                "entity_role": "*",
                "entity_parent": "null"
              },
              "concrete_change": {
                "operator": "DEL",
                "src_type": "Invocation",
                "dst_type": "null",
                "src": "io.github.classgraph.ClassGraphException.newClassGraphException(\"Internal inconsistency\")",
                "dst": "null",
                "src_parent_type": "Throw",
                "dst_parent_type": "null",
                "src_parent": "throw io.github.classgraph.ClassGraphException.newClassGraphException(\"Internal inconsistency\")",
                "dst_parent": "null"
              },
              "line": 104,
              "file": "/home/khesoem/projects/lighter/exp/src/main/java/nonapi/io/github/classgraph/json/JSONSerializer.java",
              "stats": {
                "number_of_src_entities": 12,
                "number_of_dst_entities": -1,
                "src_entity_types": "[io.github.classgraph.ClassGraphException, java.lang.String]",
                "dst_entity_types": "[]"
              }
            }
          ]
        },
        {
          "tool-name": "Arja",
          "pattern-name": "Arja:arja_shallow_change",
          "Unified_Diff_of-files:": "Starts Below...",
          "DELETE:": "import io.github.classgraph.ClassGraphException;",
          "CHANGE_old:": "                        .newClassGraphException(\"Could not find \u0027:\u0027 in \\\"\" + UNIX_NON_PATH_SEPARATORS[i] + \"\\\"\");",
          "CHANGE_new:": "",
          "instance_detail": [
            {
              "pattern_action": "ANY",
              "pattern_entity": {
                "entity_type": "Statement",
                "entity_new value": "*",
                "entity_role": "*",
                "entity_parent": "null"
              },
              "concrete_change": {
                "operator": "DEL",
                "src_type": "Invocation",
                "dst_type": "null",
                "src": "io.github.classgraph.ClassGraphException.newClassGraphException((((\"Could not get value of field \\\"\" + (fieldNames[i])) + \"\\\" in object of class \") + (obj.getClass().getName())), e)",
                "dst": "null",
                "src_parent_type": "Throw",
                "dst_parent_type": "null",
                "src_parent": "throw io.github.classgraph.ClassGraphException.newClassGraphException((((\"Could not get value of field \\\"\" + (fieldNames[i])) + \"\\\" in object of class \") + (obj.getClass().getName())), e)",
                "dst_parent": "null"
              },
              "line": 386,
              "file": "/home/khesoem/projects/lighter/exp/src/main/java/nonapi/io/github/classgraph/json/JSONSerializer.java",
              "stats": {
                "number_of_src_entities": 60,
                "number_of_dst_entities": -1,
                "src_entity_types": "[int, java.lang.Exception, io.github.classgraph.ClassGraphException, java.lang.Object, java.lang.String, java.lang.Class]",
                "dst_entity_types": "[]"
              }
            }
          ]
        }
      ]
    },
    {
      "revision": "1a21e9a6580d0ea40e66ab67d52b8021e4f617d6",
      "repairability": [
        {
          "tool-name": "Arja",
          "pattern-name": "Arja:arja_shallow_change",
          "Unified_Diff_of-files:": "Starts Below...",
          "DELETE:": "import io.github.classgraph.ClassGraphException;",
          "CHANGE_old:": "                        .newClassGraphException(\"Could not find \u0027:\u0027 in \\\"\" + UNIX_NON_PATH_SEPARATORS[i] + \"\\\"\");",
          "CHANGE_new:": "",
          "instance_detail": [
            {
              "pattern_action": "ANY",
              "pattern_entity": {
                "entity_type": "Statement",
                "entity_new value": "*",
                "entity_role": "*",
                "entity_parent": "null"
              },
              "concrete_change": {
                "operator": "DEL",
                "src_type": "Invocation",
                "dst_type": "null",
                "src": "io.github.classgraph.ClassGraphException.newClassGraphException((\"Unknown wildcard type \" + (wildcard)))",
                "dst": "null",
                "src_parent_type": "Throw",
                "dst_parent_type": "null",
                "src_parent": "throw io.github.classgraph.ClassGraphException.newClassGraphException((\"Unknown wildcard type \" + (wildcard)))",
                "dst_parent": "null"
              },
              "line": 284,
              "file": "/home/khesoem/projects/lighter/exp/src/main/java/io/github/classgraph/TypeArgument.java"
            }
          ]
        },
        {
          "tool-name": "Arja",
          "pattern-name": "Arja:arja_shallow_change",
          "Unified_Diff_of-files:": "Starts Below...",
          "DELETE:": "import io.github.classgraph.ClassGraphException;",
          "CHANGE_old:": "                        .newClassGraphException(\"Could not find \u0027:\u0027 in \\\"\" + UNIX_NON_PATH_SEPARATORS[i] + \"\\\"\");",
          "CHANGE_new:": "",
          "instance_detail": [
            {
              "pattern_action": "ANY",
              "pattern_entity": {
                "entity_type": "Statement",
                "entity_new value": "*",
                "entity_role": "*",
                "entity_parent": "null"
              },
              "concrete_change": {
                "operator": "DEL",
                "src_type": "Throw",
                "dst_type": "null",
                "src": "throw io.github.classgraph.ClassGraphException.newClassGraphException((\"Unknown wildcard type \" + (wildcard)))",
                "dst": "null",
                "src_parent_type": "Case",
                "dst_parent_type": "null",
                "src_parent": "default :\n    throw io.github.classgraph.ClassGraphException.newClassGraphException((\"Unknown wildcard type \" + (wildcard)));",
                "dst_parent": "null"
              },
              "line": 284,
              "file": "/home/khesoem/projects/lighter/exp/src/main/java/io/github/classgraph/TypeArgument.java",
              "stats": {
                "number_of_src_entities": 29,
                "number_of_dst_entities": -1,
                "src_entity_types": "[io.github.classgraph.ClassGraphException, io.github.classgraph.TypeArgument, java.lang.String]",
                "dst_entity_types": "[]"
              }
            }
          ]
        }
      ]
    },
    {
      "revision": "1a21e9a6580d0ea40e66ab67d52b8021e4f617d6",
      "repairability": [
        {
          "tool-name": "Arja",
          "pattern-name": "Arja:arja_shallow_change",
          "Unified_Diff_of-files:": "Starts Below...",
          "DELETE:": "import io.github.classgraph.ClassGraphException;",
          "CHANGE_old:": "                        .newClassGraphException(\"Could not find \u0027:\u0027 in \\\"\" + UNIX_NON_PATH_SEPARATORS[i] + \"\\\"\");",
          "CHANGE_new:": "",
          "instance_detail": [
            {
              "pattern_action": "ANY",
              "pattern_entity": {
                "entity_type": "Statement",
                "entity_new value": "*",
                "entity_role": "*",
                "entity_parent": "null"
              },
              "concrete_change": {
                "operator": "DEL",
                "src_type": "Invocation",
                "dst_type": "null",
                "src": "io.github.classgraph.ClassGraphException.newClassGraphException((\"Could not find or access constructor for \" + (nonapi.io.github.classgraph.json.ClassFieldCache.NoConstructor.class.getName())), e)",
                "dst": "null",
                "src_parent_type": "Throw",
                "dst_parent_type": "null",
                "src_parent": "throw io.github.classgraph.ClassGraphException.newClassGraphException((\"Could not find or access constructor for \" + (nonapi.io.github.classgraph.json.ClassFieldCache.NoConstructor.class.getName())), e)",
                "dst_parent": "null"
              },
              "line": 98,
              "file": "/home/khesoem/projects/lighter/exp/src/main/java/nonapi/io/github/classgraph/json/ClassFieldCache.java",
              "stats": {
                "number_of_src_entities": 38,
                "number_of_dst_entities": -1,
                "src_entity_types": "[java.lang.Exception, io.github.classgraph.ClassGraphException, nonapi.io.github.classgraph.json.ClassFieldCache.NoConstructor, java.lang.String, java.lang.Class, nonapi.io.github.classgraph.json.ClassFieldCache]",
                "dst_entity_types": "[]"
              }
            }
          ]
        }
      ]
    },
    {
      "revision": "1a21e9a6580d0ea40e66ab67d52b8021e4f617d6",
      "repairability": [
        {
          "tool-name": "Arja",
          "pattern-name": "Arja:arja_shallow_change",
          "Unified_Diff_of-files:": "Starts Below...",
          "DELETE:": "import io.github.classgraph.ClassGraphException;",
          "CHANGE_old:": "                        .newClassGraphException(\"Could not find \u0027:\u0027 in \\\"\" + UNIX_NON_PATH_SEPARATORS[i] + \"\\\"\");",
          "CHANGE_new:": "",
          "instance_detail": [
            {
              "pattern_action": "ANY",
              "pattern_entity": {
                "entity_type": "Statement",
                "entity_new value": "*",
                "entity_role": "*",
                "entity_parent": "null"
              },
              "concrete_change": {
                "operator": "DEL",
                "src_type": "Invocation",
                "dst_type": "null",
                "src": "io.github.classgraph.ClassGraphException.newClassGraphException(\"Scan interrupted\", e)",
                "dst": "null",
                "src_parent_type": "Throw",
                "dst_parent_type": "null",
                "src_parent": "throw io.github.classgraph.ClassGraphException.newClassGraphException(\"Scan interrupted\", e)",
                "dst_parent": "null"
              },
              "line": 1568,
              "file": "/home/khesoem/projects/lighter/exp/src/main/java/io/github/classgraph/ClassGraph.java",
              "stats": {
                "number_of_src_entities": 18,
                "number_of_dst_entities": -1,
                "src_entity_types": "[java.lang.Exception, io.github.classgraph.ClassGraphException, java.lang.String]",
                "dst_entity_types": "[]"
              }
            }
          ]
        },
        {
          "tool-name": "Arja",
          "pattern-name": "Arja:arja_shallow_change",
          "Unified_Diff_of-files:": "Starts Below...",
          "DELETE:": "import io.github.classgraph.ClassGraphException;",
          "CHANGE_old:": "                        .newClassGraphException(\"Could not find \u0027:\u0027 in \\\"\" + UNIX_NON_PATH_SEPARATORS[i] + \"\\\"\");",
          "CHANGE_new:": "",
          "instance_detail": [
            {
              "pattern_action": "ANY",
              "pattern_entity": {
                "entity_type": "Statement",
                "entity_new value": "*",
                "entity_role": "*",
                "entity_parent": "null"
              },
              "concrete_change": {
                "operator": "DEL",
                "src_type": "Invocation",
                "dst_type": "null",
                "src": "io.github.classgraph.ClassGraphException.newClassGraphException(\"Uncaught exception during scan\", nonapi.io.github.classgraph.concurrency.InterruptionChecker.getCause(e))",
                "dst": "null",
                "src_parent_type": "Throw",
                "dst_parent_type": "null",
                "src_parent": "throw io.github.classgraph.ClassGraphException.newClassGraphException(\"Uncaught exception during scan\", nonapi.io.github.classgraph.concurrency.InterruptionChecker.getCause(e))",
                "dst_parent": "null"
              },
              "line": 1570,
              "file": "/home/khesoem/projects/lighter/exp/src/main/java/io/github/classgraph/ClassGraph.java",
              "stats": {
                "number_of_src_entities": 25,
                "number_of_dst_entities": -1,
                "src_entity_types": "[io.github.classgraph.ClassGraphException, nonapi.io.github.classgraph.concurrency.InterruptionChecker, java.util.concurrent.ExecutionException, java.lang.String]",
                "dst_entity_types": "[]"
              }
            }
          ]
        },
        {
          "tool-name": "Arja",
          "pattern-name": "Arja:arja_shallow_change",
          "Unified_Diff_of-files:": "Starts Below...",
          "DELETE:": "import io.github.classgraph.ClassGraphException;",
          "CHANGE_old:": "                        .newClassGraphException(\"Could not find \u0027:\u0027 in \\\"\" + UNIX_NON_PATH_SEPARATORS[i] + \"\\\"\");",
          "CHANGE_new:": "",
          "instance_detail": [
            {
              "pattern_action": "ANY",
              "pattern_entity": {
                "entity_type": "Statement",
                "entity_new value": "*",
                "entity_role": "*",
                "entity_parent": "null"
              },
              "concrete_change": {
                "operator": "DEL",
                "src_type": "Invocation",
                "dst_type": "null",
                "src": "io.github.classgraph.ClassGraphException.newClassGraphException(\"Scan interrupted\", e)",
                "dst": "null",
                "src_parent_type": "Throw",
                "dst_parent_type": "null",
                "src_parent": "throw io.github.classgraph.ClassGraphException.newClassGraphException(\"Scan interrupted\", e)",
                "dst_parent": "null"
              },
              "line": 1628,
              "file": "/home/khesoem/projects/lighter/exp/src/main/java/io/github/classgraph/ClassGraph.java",
              "stats": {
                "number_of_src_entities": 18,
                "number_of_dst_entities": -1,
                "src_entity_types": "[java.lang.Exception, io.github.classgraph.ClassGraphException, java.lang.String]",
                "dst_entity_types": "[]"
              }
            }
          ]
        },
        {
          "tool-name": "Arja",
          "pattern-name": "Arja:arja_shallow_change",
          "Unified_Diff_of-files:": "Starts Below...",
          "DELETE:": "import io.github.classgraph.ClassGraphException;",
          "CHANGE_old:": "                        .newClassGraphException(\"Could not find \u0027:\u0027 in \\\"\" + UNIX_NON_PATH_SEPARATORS[i] + \"\\\"\");",
          "CHANGE_new:": "",
          "instance_detail": [
            {
              "pattern_action": "ANY",
              "pattern_entity": {
                "entity_type": "Statement",
                "entity_new value": "*",
                "entity_role": "*",
                "entity_parent": "null"
              },
              "concrete_change": {
                "operator": "DEL",
                "src_type": "Invocation",
                "dst_type": "null",
                "src": "io.github.classgraph.ClassGraphException.newClassGraphException(\"Uncaught exception during scan\", nonapi.io.github.classgraph.concurrency.InterruptionChecker.getCause(e))",
                "dst": "null",
                "src_parent_type": "Throw",
                "dst_parent_type": "null",
                "src_parent": "throw io.github.classgraph.ClassGraphException.newClassGraphException(\"Uncaught exception during scan\", nonapi.io.github.classgraph.concurrency.InterruptionChecker.getCause(e))",
                "dst_parent": "null"
              },
              "line": 1630,
              "file": "/home/khesoem/projects/lighter/exp/src/main/java/io/github/classgraph/ClassGraph.java",
              "stats": {
                "number_of_src_entities": 25,
                "number_of_dst_entities": -1,
                "src_entity_types": "[io.github.classgraph.ClassGraphException, nonapi.io.github.classgraph.concurrency.InterruptionChecker, java.util.concurrent.ExecutionException, java.lang.String]",
                "dst_entity_types": "[]"
              }
            }
          ]
        }
      ]
    },
    {
      "revision": "1a21e9a6580d0ea40e66ab67d52b8021e4f617d6",
      "repairability": [
        {
          "tool-name": "Arja",
          "pattern-name": "Arja:arja_shallow_change",
          "Unified_Diff_of-files:": "Starts Below...",
          "DELETE:": "import io.github.classgraph.ClassGraphException;",
          "CHANGE_old:": "                        .newClassGraphException(\"Could not find \u0027:\u0027 in \\\"\" + UNIX_NON_PATH_SEPARATORS[i] + \"\\\"\");",
          "CHANGE_new:": "",
          "instance_detail": [
            {
              "pattern_action": "ANY",
              "pattern_entity": {
                "entity_type": "Statement",
                "entity_new value": "*",
                "entity_role": "*",
                "entity_parent": "null"
              },
              "concrete_change": {
                "operator": "DEL",
                "src_type": "Invocation",
                "dst_type": "null",
                "src": "io.github.classgraph.ClassGraphException.newClassGraphException((\"Could not resolve current directory: \" + currDirPathStr), e)",
                "dst": "null",
                "src_parent_type": "Throw",
                "dst_parent_type": "null",
                "src_parent": "throw io.github.classgraph.ClassGraphException.newClassGraphException((\"Could not resolve current directory: \" + currDirPathStr), e)",
                "dst_parent": "null"
              },
              "line": 109,
              "file": "/home/khesoem/projects/lighter/exp/src/main/java/nonapi/io/github/classgraph/utils/FileUtils.java",
              "stats": {
                "number_of_src_entities": 25,
                "number_of_dst_entities": -1,
                "src_entity_types": "[io.github.classgraph.ClassGraphException, java.lang.String, java.io.IOException]",
                "dst_entity_types": "[]"
              }
            }
          ]
        },
        {
          "tool-name": "Arja",
          "pattern-name": "Arja:arja_shallow_change",
          "Unified_Diff_of-files:": "Starts Below...",
          "DELETE:": "import io.github.classgraph.ClassGraphException;",
          "CHANGE_old:": "                        .newClassGraphException(\"Could not find \u0027:\u0027 in \\\"\" + UNIX_NON_PATH_SEPARATORS[i] + \"\\\"\");",
          "CHANGE_new:": "",
          "instance_detail": [
            {
              "pattern_action": "ANY",
              "pattern_entity": {
                "entity_type": "Statement",
                "entity_new value": "*",
                "entity_role": "*",
                "entity_parent": "null"
              },
              "concrete_change": {
                "operator": "DEL",
                "src_type": "Invocation",
                "dst_type": "null",
                "src": "io.github.classgraph.ClassGraphException.newClassGraphException((\"You need to grant classgraph RuntimePermission(\\\"accessClassInPackage.sun.misc\\\") \" + \"and ReflectPermission(\\\"suppressAccessChecks\\\")\"), e)",
                "dst": "null",
                "src_parent_type": "Throw",
                "dst_parent_type": "null",
                "src_parent": "throw io.github.classgraph.ClassGraphException.newClassGraphException((\"You need to grant classgraph RuntimePermission(\\\"accessClassInPackage.sun.misc\\\") \" + \"and ReflectPermission(\\\"suppressAccessChecks\\\")\"), e)",
                "dst_parent": "null"
              },
              "line": 448,
              "file": "/home/khesoem/projects/lighter/exp/src/main/java/nonapi/io/github/classgraph/utils/FileUtils.java",
              "stats": {
                "number_of_src_entities": 24,
                "number_of_dst_entities": -1,
                "src_entity_types": "[io.github.classgraph.ClassGraphException, java.lang.SecurityException, java.lang.String]",
                "dst_entity_types": "[]"
              }
            }
          ]
        },
        {
          "tool-name": "Arja",
          "pattern-name": "Arja:arja_shallow_change",
          "Unified_Diff_of-files:": "Starts Below...",
          "DELETE:": "import io.github.classgraph.ClassGraphException;",
          "CHANGE_old:": "                        .newClassGraphException(\"Could not find \u0027:\u0027 in \\\"\" + UNIX_NON_PATH_SEPARATORS[i] + \"\\\"\");",
          "CHANGE_new:": "",
          "instance_detail": [
            {
              "pattern_action": "ANY",
              "pattern_entity": {
                "entity_type": "Statement",
                "entity_new value": "*",
                "entity_role": "*",
                "entity_parent": "null"
              },
              "concrete_change": {
                "operator": "DEL",
                "src_type": "Invocation",
                "dst_type": "null",
                "src": "io.github.classgraph.ClassGraphException.newClassGraphException(\"Could not get class sun.misc.Unsafe\", e)",
                "dst": "null",
                "src_parent_type": "Throw",
                "dst_parent_type": "null",
                "src_parent": "throw io.github.classgraph.ClassGraphException.newClassGraphException(\"Could not get class sun.misc.Unsafe\", e)",
                "dst_parent": "null"
              },
              "line": 484,
              "file": "/home/khesoem/projects/lighter/exp/src/main/java/nonapi/io/github/classgraph/utils/FileUtils.java",
              "stats": {
                "number_of_src_entities": 18,
                "number_of_dst_entities": -1,
                "src_entity_types": "[io.github.classgraph.ClassGraphException, java.lang.String, java.lang.Throwable]",
                "dst_entity_types": "[]"
              }
            }
          ]
        },
        {
          "tool-name": "Arja",
          "pattern-name": "Arja:arja_shallow_change",
          "Unified_Diff_of-files:": "Starts Below...",
          "DELETE:": "import io.github.classgraph.ClassGraphException;",
          "CHANGE_old:": "                        .newClassGraphException(\"Could not find \u0027:\u0027 in \\\"\" + UNIX_NON_PATH_SEPARATORS[i] + \"\\\"\");",
          "CHANGE_new:": "",
          "instance_detail": [
            {
              "pattern_action": "ANY",
              "pattern_entity": {
                "entity_type": "Statement",
                "entity_new value": "*",
                "entity_role": "*",
                "entity_parent": "null"
              },
              "concrete_change": {
                "operator": "DEL",
                "src_type": "Invocation",
                "dst_type": "null",
                "src": "io.github.classgraph.ClassGraphException.newClassGraphException((\"You need to grant classgraph RuntimePermission(\\\"accessClassInPackage.sun.misc\\\") \" + \"and ReflectPermission(\\\"suppressAccessChecks\\\")\"), e)",
                "dst": "null",
                "src_parent_type": "Throw",
                "dst_parent_type": "null",
                "src_parent": "throw io.github.classgraph.ClassGraphException.newClassGraphException((\"You need to grant classgraph RuntimePermission(\\\"accessClassInPackage.sun.misc\\\") \" + \"and ReflectPermission(\\\"suppressAccessChecks\\\")\"), e)",
                "dst_parent": "null"
              },
              "line": 492,
              "file": "/home/khesoem/projects/lighter/exp/src/main/java/nonapi/io/github/classgraph/utils/FileUtils.java",
              "stats": {
                "number_of_src_entities": 24,
                "number_of_dst_entities": -1,
                "src_entity_types": "[io.github.classgraph.ClassGraphException, java.lang.SecurityException, java.lang.String]",
                "dst_entity_types": "[]"
              }
            }
          ]
        }
      ]
    },
    {
      "revision": "1a21e9a6580d0ea40e66ab67d52b8021e4f617d6",
      "repairability": [
        {
          "tool-name": "Arja",
          "pattern-name": "Arja:arja_shallow_change",
          "Unified_Diff_of-files:": "Starts Below...",
          "DELETE:": "import io.github.classgraph.ClassGraphException;",
          "CHANGE_old:": "                        .newClassGraphException(\"Could not find \u0027:\u0027 in \\\"\" + UNIX_NON_PATH_SEPARATORS[i] + \"\\\"\");",
          "CHANGE_new:": "",
          "instance_detail": [
            {
              "pattern_action": "ANY",
              "pattern_entity": {
                "entity_type": "Statement",
                "entity_new value": "*",
                "entity_role": "*",
                "entity_parent": "null"
              },
              "concrete_change": {
                "operator": "DEL",
                "src_type": "Invocation",
                "dst_type": "null",
                "src": "io.github.classgraph.ClassGraphException.newClassGraphException((((\"typeSignatureParamTypes.size() \u003e typeDescriptorParamTypes.size() for method \" + (declaringClassName)) + \".\") + (name)))",
                "dst": "null",
                "src_parent_type": "Throw",
                "dst_parent_type": "null",
                "src_parent": "throw io.github.classgraph.ClassGraphException.newClassGraphException((((\"typeSignatureParamTypes.size() \u003e typeDescriptorParamTypes.size() for method \" + (declaringClassName)) + \".\") + (name)))",
                "dst_parent": "null"
              },
              "line": 425,
              "file": "/home/khesoem/projects/lighter/exp/src/main/java/io/github/classgraph/MethodInfo.java",
              "stats": {
                "number_of_src_entities": 48,
                "number_of_dst_entities": -1,
                "src_entity_types": "[io.github.classgraph.ClassGraphException, io.github.classgraph.MethodInfo, java.lang.String]",
                "dst_entity_types": "[]"
              }
            }
          ]
        },
        {
          "tool-name": "Arja",
          "pattern-name": "Arja:arja_shallow_change",
          "Unified_Diff_of-files:": "Starts Below...",
          "DELETE:": "import io.github.classgraph.ClassGraphException;",
          "CHANGE_old:": "                        .newClassGraphException(\"Could not find \u0027:\u0027 in \\\"\" + UNIX_NON_PATH_SEPARATORS[i] + \"\\\"\");",
          "CHANGE_new:": "",
          "instance_detail": [
            {
              "pattern_action": "ANY",
              "pattern_entity": {
                "entity_type": "Statement",
                "entity_new value": "*",
                "entity_role": "*",
                "entity_parent": "null"
              },
              "concrete_change": {
                "operator": "DEL",
                "src_type": "Invocation",
                "dst_type": "null",
                "src": "io.github.classgraph.ClassGraphException.newClassGraphException(((((\"Type descriptor for method \" + (declaringClassName)) + \".\") + (name)) + \" has insufficient parameters\"))",
                "dst": "null",
                "src_parent_type": "Throw",
                "dst_parent_type": "null",
                "src_parent": "throw io.github.classgraph.ClassGraphException.newClassGraphException(((((\"Type descriptor for method \" + (declaringClassName)) + \".\") + (name)) + \" has insufficient parameters\"))",
                "dst_parent": "null"
              },
              "line": 436,
              "file": "/home/khesoem/projects/lighter/exp/src/main/java/io/github/classgraph/MethodInfo.java",
              "stats": {
                "number_of_src_entities": 54,
                "number_of_dst_entities": -1,
                "src_entity_types": "[io.github.classgraph.ClassGraphException, io.github.classgraph.MethodInfo, java.lang.String]",
                "dst_entity_types": "[]"
              }
            }
          ]
        }
      ]
    },
    {
      "revision": "1a21e9a6580d0ea40e66ab67d52b8021e4f617d6",
      "repairability": [
        {
          "tool-name": "Arja",
          "pattern-name": "Arja:arja_shallow_change",
          "Unified_Diff_of-files:": "Starts Below...",
          "DELETE:": "import io.github.classgraph.ClassGraphException;",
          "CHANGE_old:": "                        .newClassGraphException(\"Could not find \u0027:\u0027 in \\\"\" + UNIX_NON_PATH_SEPARATORS[i] + \"\\\"\");",
          "CHANGE_new:": "",
          "instance_detail": [
            {
              "pattern_action": "ANY",
              "pattern_entity": {
                "entity_type": "Statement",
                "entity_new value": "*",
                "entity_role": "*",
                "entity_parent": "null"
              },
              "concrete_change": {
                "operator": "DEL",
                "src_type": "Invocation",
                "dst_type": "null",
                "src": "io.github.classgraph.ClassGraphException.newClassGraphException(\"UTF-8 encoding unsupported\", e)",
                "dst": "null",
                "src_parent_type": "Throw",
                "dst_parent_type": "null",
                "src_parent": "throw io.github.classgraph.ClassGraphException.newClassGraphException(\"UTF-8 encoding unsupported\", e)",
                "dst_parent": "null"
              },
              "line": 228,
              "file": "/home/khesoem/projects/lighter/exp/src/main/java/nonapi/io/github/classgraph/fastzipfilereader/LogicalZipFile.java",
              "stats": {
                "number_of_src_entities": 18,
                "number_of_dst_entities": -1,
                "src_entity_types": "[io.github.classgraph.ClassGraphException, java.io.UnsupportedEncodingException, java.lang.String]",
                "dst_entity_types": "[]"
              }
            }
          ]
        }
      ]
    },
    {
      "revision": "1a21e9a6580d0ea40e66ab67d52b8021e4f617d6",
      "repairability": [
        {
          "tool-name": "Arja",
          "pattern-name": "Arja:arja_shallow_change",
          "Unified_Diff_of-files:": "Starts Below...",
          "DELETE:": "import io.github.classgraph.ClassGraphException;",
          "CHANGE_old:": "                        .newClassGraphException(\"Could not find \u0027:\u0027 in \\\"\" + UNIX_NON_PATH_SEPARATORS[i] + \"\\\"\");",
          "CHANGE_new:": "",
          "instance_detail": [
            {
              "pattern_action": "ANY",
              "pattern_entity": {
                "entity_type": "Statement",
                "entity_new value": "*",
                "entity_role": "*",
                "entity_parent": "null"
              },
              "concrete_change": {
                "operator": "DEL",
                "src_type": "Invocation",
                "dst_type": "null",
                "src": "io.github.classgraph.ClassGraphException.newClassGraphException((\"Could not shut down ExecutorService -- need \" + (\"java.lang.RuntimePermission(\\\"modifyThread\\\"), \" + \"or the security manager\u0027s checkAccess method denies access\")), e)",
                "dst": "null",
                "src_parent_type": "Throw",
                "dst_parent_type": "null",
                "src_parent": "throw io.github.classgraph.ClassGraphException.newClassGraphException((\"Could not shut down ExecutorService -- need \" + (\"java.lang.RuntimePermission(\\\"modifyThread\\\"), \" + \"or the security manager\u0027s checkAccess method denies access\")), e)",
                "dst_parent": "null"
              },
              "line": 111,
              "file": "/home/khesoem/projects/lighter/exp/src/main/java/nonapi/io/github/classgraph/concurrency/AutoCloseableExecutorService.java",
              "stats": {
                "number_of_src_entities": 28,
                "number_of_dst_entities": -1,
                "src_entity_types": "[io.github.classgraph.ClassGraphException, java.lang.SecurityException, java.lang.String]",
                "dst_entity_types": "[]"
              }
            }
          ]
        }
      ]
    },
    {
      "revision": "1a21e9a6580d0ea40e66ab67d52b8021e4f617d6",
      "repairability": [
        {
          "tool-name": "Arja",
          "pattern-name": "Arja:arja_shallow_change",
          "Unified_Diff_of-files:": "Starts Below...",
          "DELETE:": "import io.github.classgraph.ClassGraphException;",
          "CHANGE_old:": "                        .newClassGraphException(\"Could not find \u0027:\u0027 in \\\"\" + UNIX_NON_PATH_SEPARATORS[i] + \"\\\"\");",
          "CHANGE_new:": "",
          "instance_detail": [
            {
              "pattern_action": "ANY",
              "pattern_entity": {
                "entity_type": "Statement",
                "entity_new value": "*",
                "entity_role": "*",
                "entity_parent": "null"
              },
              "concrete_change": {
                "operator": "DEL",
                "src_type": "ConstructorCall",
                "dst_type": "null",
                "src": "new io.github.classgraph.ClassGraphException(message)",
                "dst": "null",
                "src_parent_type": "Return",
                "dst_parent_type": "null",
                "src_parent": "return new io.github.classgraph.ClassGraphException(message)",
                "dst_parent": "null"
              },
              "line": 73,
              "file": "/home/khesoem/projects/lighter/exp/src/main/java/io/github/classgraph/ClassGraphException.java"
            }
          ]
        },
        {
          "tool-name": "Arja",
          "pattern-name": "Arja:arja_shallow_change",
          "Unified_Diff_of-files:": "Starts Below...",
          "DELETE:": "import io.github.classgraph.ClassGraphException;",
          "CHANGE_old:": "                        .newClassGraphException(\"Could not find \u0027:\u0027 in \\\"\" + UNIX_NON_PATH_SEPARATORS[i] + \"\\\"\");",
          "CHANGE_new:": "",
          "instance_detail": [
            {
              "pattern_action": "ANY",
              "pattern_entity": {
                "entity_type": "Statement",
                "entity_new value": "*",
                "entity_role": "*",
                "entity_parent": "null"
              },
              "concrete_change": {
                "operator": "DEL",
                "src_type": "Return",
                "dst_type": "null",
                "src": "return new io.github.classgraph.ClassGraphException(message)",
                "dst": "null",
                "src_parent_type": "Block",
                "dst_parent_type": "null",
                "src_parent": "{\n    return new io.github.classgraph.ClassGraphException(message);\n}",
                "dst_parent": "null"
              },
              "line": 73,
              "file": "/home/khesoem/projects/lighter/exp/src/main/java/io/github/classgraph/ClassGraphException.java"
            }
          ]
        },
        {
          "tool-name": "Arja",
          "pattern-name": "Arja:arja_shallow_change",
          "Unified_Diff_of-files:": "Starts Below...",
          "DELETE:": "import io.github.classgraph.ClassGraphException;",
          "CHANGE_old:": "                        .newClassGraphException(\"Could not find \u0027:\u0027 in \\\"\" + UNIX_NON_PATH_SEPARATORS[i] + \"\\\"\");",
          "CHANGE_new:": "",
          "instance_detail": [
            {
              "pattern_action": "ANY",
              "pattern_entity": {
                "entity_type": "Statement",
                "entity_new value": "*",
                "entity_role": "*",
                "entity_parent": "null"
              },
              "concrete_change": {
                "operator": "DEL",
                "src_type": "ConstructorCall",
                "dst_type": "null",
                "src": "new io.github.classgraph.ClassGraphException(message, cause)",
                "dst": "null",
                "src_parent_type": "Return",
                "dst_parent_type": "null",
                "src_parent": "return new io.github.classgraph.ClassGraphException(message, cause)",
                "dst_parent": "null"
              },
              "line": 89,
              "file": "/home/khesoem/projects/lighter/exp/src/main/java/io/github/classgraph/ClassGraphException.java"
            }
          ]
        },
        {
          "tool-name": "Arja",
          "pattern-name": "Arja:arja_shallow_change",
          "Unified_Diff_of-files:": "Starts Below...",
          "DELETE:": "import io.github.classgraph.ClassGraphException;",
          "CHANGE_old:": "                        .newClassGraphException(\"Could not find \u0027:\u0027 in \\\"\" + UNIX_NON_PATH_SEPARATORS[i] + \"\\\"\");",
          "CHANGE_new:": "",
          "instance_detail": [
            {
              "pattern_action": "ANY",
              "pattern_entity": {
                "entity_type": "Statement",
                "entity_new value": "*",
                "entity_role": "*",
                "entity_parent": "null"
              },
              "concrete_change": {
                "operator": "DEL",
                "src_type": "Return",
                "dst_type": "null",
                "src": "return new io.github.classgraph.ClassGraphException(message, cause)",
                "dst": "null",
                "src_parent_type": "Block",
                "dst_parent_type": "null",
                "src_parent": "{\n    return new io.github.classgraph.ClassGraphException(message, cause);\n}",
                "dst_parent": "null"
              },
              "line": 89,
              "file": "/home/khesoem/projects/lighter/exp/src/main/java/io/github/classgraph/ClassGraphException.java"
            }
          ]
        }
      ]
    },
    {
      "revision": "1a21e9a6580d0ea40e66ab67d52b8021e4f617d6",
      "repairability": [
        {
          "tool-name": "Arja",
          "pattern-name": "Arja:arja_shallow_change",
          "Unified_Diff_of-files:": "Starts Below...",
          "DELETE:": "import io.github.classgraph.ClassGraphException;",
          "CHANGE_old:": "                        .newClassGraphException(\"Could not find \u0027:\u0027 in \\\"\" + UNIX_NON_PATH_SEPARATORS[i] + \"\\\"\");",
          "CHANGE_new:": "",
          "instance_detail": [
            {
              "pattern_action": "ANY",
              "pattern_entity": {
                "entity_type": "Statement",
                "entity_new value": "*",
                "entity_role": "*",
                "entity_parent": "null"
              },
              "concrete_change": {
                "operator": "DEL",
                "src_type": "Invocation",
                "dst_type": "null",
                "src": "io.github.classgraph.ClassGraphException.newClassGraphException(((\"Could not find \\\u0027:\\\u0027 in \\\"\" + (nonapi.io.github.classgraph.utils.JarUtils.UNIX_NON_PATH_SEPARATORS[i])) + \"\\\"\"))",
                "dst": "null",
                "src_parent_type": "Throw",
                "dst_parent_type": "null",
                "src_parent": "throw io.github.classgraph.ClassGraphException.newClassGraphException(((\"Could not find \\\u0027:\\\u0027 in \\\"\" + (nonapi.io.github.classgraph.utils.JarUtils.UNIX_NON_PATH_SEPARATORS[i])) + \"\\\"\"))",
                "dst_parent": "null"
              },
              "line": 90,
              "file": "/home/khesoem/projects/lighter/exp/src/main/java/nonapi/io/github/classgraph/utils/JarUtils.java",
              "stats": {
                "number_of_src_entities": 37,
                "number_of_dst_entities": -1,
                "src_entity_types": "[int, io.github.classgraph.ClassGraphException, nonapi.io.github.classgraph.utils.JarUtils, java.lang.String]",
                "dst_entity_types": "[]"
              }
            }
          ]
        }
      ]
    },
    {
      "revision": "1a21e9a6580d0ea40e66ab67d52b8021e4f617d6",
      "repairability": [
        {
          "tool-name": "Arja",
          "pattern-name": "Arja:arja_shallow_change",
          "Unified_Diff_of-files:": "Starts Below...",
          "DELETE:": "import io.github.classgraph.ClassGraphException;",
          "CHANGE_old:": "                        .newClassGraphException(\"Could not find \u0027:\u0027 in \\\"\" + UNIX_NON_PATH_SEPARATORS[i] + \"\\\"\");",
          "CHANGE_new:": "",
          "instance_detail": [
            {
              "pattern_action": "ANY",
              "pattern_entity": {
                "entity_type": "Statement",
                "entity_new value": "*",
                "entity_role": "*",
                "entity_parent": "null"
              },
              "concrete_change": {
                "operator": "DEL",
                "src_type": "Invocation",
                "dst_type": "null",
                "src": "io.github.classgraph.ClassGraphException.newClassGraphException((\"Field is not accessible: \" + field), e)",
                "dst": "null",
                "src_parent_type": "Throw",
                "dst_parent_type": "null",
                "src_parent": "throw io.github.classgraph.ClassGraphException.newClassGraphException((\"Field is not accessible: \" + field), e)",
                "dst_parent": "null"
              },
              "line": 278,
              "file": "/home/khesoem/projects/lighter/exp/src/main/java/nonapi/io/github/classgraph/scanspec/ScanSpec.java",
              "stats": {
                "number_of_src_entities": 25,
                "number_of_dst_entities": -1,
                "src_entity_types": "[java.lang.reflect.Field, io.github.classgraph.ClassGraphException, java.lang.ReflectiveOperationException, java.lang.String]",
                "dst_entity_types": "[]"
              }
            }
          ]
        }
      ]
    }
  ],
  "complete_analysis": true
}