{
  "instances": [
    {
      "revision": "3b8dfe27d455f61d1de7abea9d9522d282951f43",
      "repairability": [
        {
          "tool-name": "Arja",
          "pattern-name": "Arja:arja_shallow_change",
          "Unified_Diff_of-files:": "Starts Below...",
          "INSERT:": "",
          "CHANGE_old:": "                } catch (ClassNotFoundException | NoClassDefFoundError e) {",
          "CHANGE_new:": "",
          "DELETE:": "        final List\u0026lt;ClassLoader\u0026gt; triedClassLoaders \u003d new ArrayList\u0026lt;\u0026gt;();",
          "instance_detail": [
            {
              "pattern_action": "ANY",
              "pattern_entity": {
                "entity_type": "Statement",
                "entity_new value": "*",
                "entity_role": "*",
                "entity_parent": "null"
              },
              "concrete_change": {
                "operator": "DEL",
                "src_type": "Try",
                "dst_type": "null",
                "src": "try {\n    return java.lang.Class.forName(className, scanResult.scanSpec.initializeLoadedClasses, null);\n} catch (java.lang.ClassNotFoundException | java.lang.NoClassDefFoundError e) {\n}",
                "dst": "null",
                "src_parent_type": "Block",
                "dst_parent_type": "null",
                "src_parent": "{\n    final java.lang.Class\u003c?\u003e loadedClass \u003d findLoadedClass(className);\n    if (loadedClass !\u003d null) {\n        return loadedClass;\n    }\n    try {\n        return java.lang.Class.forName(className, scanResult.scanSpec.initializeLoadedClasses, null);\n    } catch (java.lang.ClassNotFoundException | java.lang.NoClassDefFoundError e) {\n    }\n    final java.util.List\u003cjava.lang.ClassLoader\u003e triedClassLoaders \u003d new java.util.ArrayList\u003c\u003e();\n    if ((envClassLoaderOrder) !\u003d null) {\n        for (final java.lang.ClassLoader envClassLoader : envClassLoaderOrder) {\n            triedClassLoaders.add(envClassLoader);\n            try {\n                return java.lang.Class.forName(className, scanResult.scanSpec.initializeLoadedClasses, envClassLoader);\n            } catch (java.lang.ClassNotFoundException | java.lang.NoClassDefFoundError e) {\n            }\n        }\n    }\n    final io.github.classgraph.ClassInfo classInfo \u003d ((scanResult.classNameToClassInfo) \u003d\u003d null) ? null : scanResult.classNameToClassInfo.get(className);\n    if (classInfo !\u003d null) {\n        if (((classInfo.classLoader) !\u003d null) \u0026\u0026 (!(triedClassLoaders.contains(classInfo.classLoader)))) {\n            try {\n                return java.lang.Class.forName(className, scanResult.scanSpec.initializeLoadedClasses, classInfo.classLoader);\n            } catch (java.lang.ClassNotFoundException | java.lang.NoClassDefFoundError e) {\n            }\n        }\n        if (((classInfo.classpathElement) instanceof io.github.classgraph.ClasspathElementModule) \u0026\u0026 (!(classInfo.isPublic()))) {\n            throw new java.lang.ClassNotFoundException(((((\"Classfile for class \" + className) + \" was found in a module, \") + \"but the context and system classloaders could not load the class, probably because \") + \"the class is not public.\"));\n        }\n    }\n    final io.github.classgraph.ResourceList classfileResources \u003d scanResult.getResourcesWithPath(nonapi.io.github.classgraph.utils.JarUtils.classNameToClassfilePath(className));\n    if (classfileResources !\u003d null) {\n        for (final io.github.classgraph.Resource resource : classfileResources) {\n            try {\n                final java.nio.ByteBuffer resourceByteBuffer \u003d resource.read();\n                return defineClass(className, resourceByteBuffer, null);\n            } catch (final java.io.IOException e) {\n                throw new java.lang.ClassNotFoundException((((\"Could not load classfile for class \" + className) + \" : \") + e));\n            } finally {\n                resource.close();\n            }\n        }\n    }\n    throw new java.lang.ClassNotFoundException((\"Could not load classfile for class \" + className));\n}",
                "dst_parent": "null"
              },
              "line": 76,
              "file": "/home/khesoem/projects/lighter/exp/src/main/java/io/github/classgraph/ClassGraphClassLoader.java",
              "stats": {
                "number_of_src_entities": 51,
                "number_of_dst_entities": -1,
                "src_entity_types": "[io.github.classgraph.ScanResult, java.lang.NoClassDefFoundError, java.lang.String, java.lang.Class, java.lang.ClassNotFoundException, \u003cnulltype\u003e, io.github.classgraph.ClassGraphClassLoader]",
                "dst_entity_types": "[]"
              }
            }
          ]
        },
        {
          "tool-name": "Arja",
          "pattern-name": "Arja:arja_shallow_change",
          "Unified_Diff_of-files:": "Starts Below...",
          "INSERT:": "",
          "CHANGE_old:": "                } catch (ClassNotFoundException | NoClassDefFoundError e) {",
          "CHANGE_new:": "",
          "DELETE:": "        final List\u0026lt;ClassLoader\u0026gt; triedClassLoaders \u003d new ArrayList\u0026lt;\u0026gt;();",
          "instance_detail": [
            {
              "pattern_action": "ANY",
              "pattern_entity": {
                "entity_type": "Statement",
                "entity_new value": "*",
                "entity_role": "*",
                "entity_parent": "null"
              },
              "concrete_change": {
                "operator": "DEL",
                "src_type": "If",
                "dst_type": "null",
                "src": "if ((envClassLoaderOrder) !\u003d null) {\n    for (final java.lang.ClassLoader envClassLoader : envClassLoaderOrder) {\n        triedClassLoaders.add(envClassLoader);\n        try {\n            return java.lang.Class.forName(className, scanResult.scanSpec.initializeLoadedClasses, envClassLoader);\n        } catch (java.lang.ClassNotFoundException | java.lang.NoClassDefFoundError e) {\n        }\n    }\n}",
                "dst": "null",
                "src_parent_type": "Block",
                "dst_parent_type": "null",
                "src_parent": "{\n    final java.lang.Class\u003c?\u003e loadedClass \u003d findLoadedClass(className);\n    if (loadedClass !\u003d null) {\n        return loadedClass;\n    }\n    try {\n        return java.lang.Class.forName(className, scanResult.scanSpec.initializeLoadedClasses, null);\n    } catch (java.lang.ClassNotFoundException | java.lang.NoClassDefFoundError e) {\n    }\n    final java.util.List\u003cjava.lang.ClassLoader\u003e triedClassLoaders \u003d new java.util.ArrayList\u003c\u003e();\n    if ((envClassLoaderOrder) !\u003d null) {\n        for (final java.lang.ClassLoader envClassLoader : envClassLoaderOrder) {\n            triedClassLoaders.add(envClassLoader);\n            try {\n                return java.lang.Class.forName(className, scanResult.scanSpec.initializeLoadedClasses, envClassLoader);\n            } catch (java.lang.ClassNotFoundException | java.lang.NoClassDefFoundError e) {\n            }\n        }\n    }\n    final io.github.classgraph.ClassInfo classInfo \u003d ((scanResult.classNameToClassInfo) \u003d\u003d null) ? null : scanResult.classNameToClassInfo.get(className);\n    if (classInfo !\u003d null) {\n        if (((classInfo.classLoader) !\u003d null) \u0026\u0026 (!(triedClassLoaders.contains(classInfo.classLoader)))) {\n            try {\n                return java.lang.Class.forName(className, scanResult.scanSpec.initializeLoadedClasses, classInfo.classLoader);\n            } catch (java.lang.ClassNotFoundException | java.lang.NoClassDefFoundError e) {\n            }\n        }\n        if (((classInfo.classpathElement) instanceof io.github.classgraph.ClasspathElementModule) \u0026\u0026 (!(classInfo.isPublic()))) {\n            throw new java.lang.ClassNotFoundException(((((\"Classfile for class \" + className) + \" was found in a module, \") + \"but the context and system classloaders could not load the class, probably because \") + \"the class is not public.\"));\n        }\n    }\n    final io.github.classgraph.ResourceList classfileResources \u003d scanResult.getResourcesWithPath(nonapi.io.github.classgraph.utils.JarUtils.classNameToClassfilePath(className));\n    if (classfileResources !\u003d null) {\n        for (final io.github.classgraph.Resource resource : classfileResources) {\n            try {\n                final java.nio.ByteBuffer resourceByteBuffer \u003d resource.read();\n                return defineClass(className, resourceByteBuffer, null);\n            } catch (final java.io.IOException e) {\n                throw new java.lang.ClassNotFoundException((((\"Could not load classfile for class \" + className) + \" : \") + e));\n            } finally {\n                resource.close();\n            }\n        }\n    }\n    throw new java.lang.ClassNotFoundException((\"Could not load classfile for class \" + className));\n}",
                "dst_parent": "null"
              },
              "line": 84,
              "file": "/home/khesoem/projects/lighter/exp/src/main/java/io/github/classgraph/ClassGraphClassLoader.java",
              "stats": {
                "number_of_src_entities": 107,
                "number_of_dst_entities": -1,
                "src_entity_types": "[boolean, io.github.classgraph.ScanResult, java.lang.NoClassDefFoundError, java.lang.String, java.util.List\u003cjava.lang.ClassLoader\u003e, java.util.List, java.lang.Class, java.lang.ClassNotFoundException, \u003cnulltype\u003e, io.github.classgraph.ClassGraphClassLoader, java.lang.ClassLoader]",
                "dst_entity_types": "[]"
              }
            }
          ]
        }
      ]
    }
  ],
  "complete_analysis": true
}