{
  "instances": [
    {
      "revision": "62ae58070499a7280fca36e4690811349f3eadbd",
      "repairability": [
        {
          "tool-name": "Nopol",
          "pattern-name": "Nopol:if_condition_upd_shallow",
          "Unified_Diff_of-files:": "Starts Below...",
          "CHANGE_old:": "    private static boolean isGroovyMetaClassGetter(AnnotatedMethod am) {",
          "CHANGE_new:": "    protected boolean _isGroovyMetaClassGetter(AnnotatedMethod am) {",
          "instance_detail": [
            {
              "pattern_action": "UPD",
              "pattern_entity": {
                "entity_type": "*",
                "entity_new value": "*",
                "entity_role": "condition",
                "entity_parent": {
                  "entity_type": "If",
                  "entity_new value": "*",
                  "entity_role": "*",
                  "entity_parent": "null"
                }
              },
              "concrete_change": {
                "operator": "UPD",
                "src_type": "Invocation",
                "dst_type": "Invocation",
                "src": "com.fasterxml.jackson.databind.introspect.DefaultAccessorNamingStrategy.isCglibGetCallbacks(am)",
                "dst": "_isCglibGetCallbacks(am)",
                "src_parent_type": "If",
                "dst_parent_type": "If",
                "src_parent": "if (com.fasterxml.jackson.databind.introspect.DefaultAccessorNamingStrategy.isCglibGetCallbacks(am)) {\n    return null;\n}",
                "dst_parent": "if (_isCglibGetCallbacks(am)) {\n    return null;\n}"
              },
              "line": 73,
              "file": "/home/khesoem/projects/lighter/exp/src/main/java/com/fasterxml/jackson/databind/introspect/DefaultAccessorNamingStrategy.java",
              "stats": {
                "number_of_src_entities": 14,
                "number_of_dst_entities": 17,
                "src_entity_types": "[com.fasterxml.jackson.databind.introspect.AnnotatedMethod, com.fasterxml.jackson.databind.introspect.DefaultAccessorNamingStrategy]",
                "dst_entity_types": "[com.fasterxml.jackson.databind.introspect.AnnotatedMethod, com.fasterxml.jackson.databind.introspect.DefaultAccessorNamingStrategy]"
              }
            }
          ]
        },
        {
          "tool-name": "Nopol",
          "pattern-name": "Nopol:if_condition_upd_shallow",
          "Unified_Diff_of-files:": "Starts Below...",
          "CHANGE_old:": "    private static boolean isGroovyMetaClassGetter(AnnotatedMethod am) {",
          "CHANGE_new:": "    protected boolean _isGroovyMetaClassGetter(AnnotatedMethod am) {",
          "instance_detail": [
            {
              "pattern_action": "UPD",
              "pattern_entity": {
                "entity_type": "*",
                "entity_new value": "*",
                "entity_role": "condition",
                "entity_parent": {
                  "entity_type": "If",
                  "entity_new value": "*",
                  "entity_role": "*",
                  "entity_parent": "null"
                }
              },
              "concrete_change": {
                "operator": "UPD",
                "src_type": "Invocation",
                "dst_type": "Invocation",
                "src": "com.fasterxml.jackson.databind.introspect.DefaultAccessorNamingStrategy.isGroovyMetaClassGetter(am)",
                "dst": "_isGroovyMetaClassGetter(am)",
                "src_parent_type": "If",
                "dst_parent_type": "If",
                "src_parent": "if (com.fasterxml.jackson.databind.introspect.DefaultAccessorNamingStrategy.isGroovyMetaClassGetter(am)) {\n    return null;\n}",
                "dst_parent": "if (_isGroovyMetaClassGetter(am)) {\n    return null;\n}"
              },
              "line": 78,
              "file": "/home/khesoem/projects/lighter/exp/src/main/java/com/fasterxml/jackson/databind/introspect/DefaultAccessorNamingStrategy.java",
              "stats": {
                "number_of_src_entities": 14,
                "number_of_dst_entities": 17,
                "src_entity_types": "[com.fasterxml.jackson.databind.introspect.AnnotatedMethod, com.fasterxml.jackson.databind.introspect.DefaultAccessorNamingStrategy]",
                "dst_entity_types": "[com.fasterxml.jackson.databind.introspect.AnnotatedMethod, com.fasterxml.jackson.databind.introspect.DefaultAccessorNamingStrategy]"
              }
            }
          ]
        }
      ]
    }
  ],
  "complete_analysis": true
}