{
  "instances": [
    {
      "revision": "a05e2cb80b56d4989bf1c3b605bb5ad36f8b6094",
      "repairability": [
        {
          "tool-name": "Nopol",
          "pattern-name": "Nopol:if_condition_ins_deep",
          "Unified_Diff_of-files:": "Starts Below...",
          "INSERT:": "",
          "CHANGE_old:": "            }",
          "CHANGE_new:": "",
          "DELETE:": "                        pending \u003d null;",
          "instance_detail": [
            {
              "pattern_action": "MOV",
              "pattern_entity": {
                "entity_type": "*",
                "entity_new value": "*",
                "entity_role": "*",
                "entity_parent": {
                  "entity_type": "*",
                  "entity_new value": "*",
                  "entity_role": "Then",
                  "entity_parent": {
                    "entity_type": "If",
                    "entity_new value": "*",
                    "entity_role": "*",
                    "entity_parent": "null"
                  }
                }
              },
              "concrete_change": {
                "operator": "MOV",
                "src_type": "VariableRead",
                "dst_type": "VariableRead",
                "src": "hasStringCreator",
                "dst": "hasStringCreator",
                "src_parent_type": "If",
                "dst_parent_type": "If",
                "src_parent": "if (hasStringCreator) {\n    throwable \u003d _valueInstantiator.createFromString(ctxt, p.getValueAsString());\n    if (pending !\u003d null) {\n        for (int i \u003d 0, len \u003d pendingIx; i \u003c len; i +\u003d 2) {\n            prop \u003d ((com.fasterxml.jackson.databind.deser.SettableBeanProperty) (pending[i]));\n            prop.set(throwable, pending[(i + 1)]);\n        }\n        pending \u003d null;\n    }\n    continue;\n}",
                "dst_parent": "if (hasStringCreator) {\n    throwable \u003d _valueInstantiator.createFromString(ctxt, p.getValueAsString());\n    continue;\n}"
              },
              "line": 110,
              "file": "/home/khesoem/projects/lighter/exp/src/main/java/com/fasterxml/jackson/databind/deser/std/ThrowableDeserializer.java",
              "stats": {
                "number_of_src_entities": 3,
                "number_of_dst_entities": 3,
                "src_entity_types": "[boolean]",
                "dst_entity_types": "[boolean]"
              }
            },
            {
              "pattern_action": "INS",
              "pattern_entity": {
                "entity_type": "If",
                "entity_new value": "*",
                "entity_role": "*",
                "entity_parent": "null"
              },
              "concrete_change": {
                "operator": "INS",
                "src_type": "If",
                "dst_type": "null",
                "src": "if (isMessage) {\n    if (hasStringCreator) {\n        throwable \u003d _valueInstantiator.createFromString(ctxt, p.getValueAsString());\n        continue;\n    }\n}",
                "dst": "null",
                "src_parent_type": "Block",
                "dst_parent_type": "null",
                "src_parent": "{\n    java.lang.String propName \u003d p.currentName();\n    com.fasterxml.jackson.databind.deser.SettableBeanProperty prop \u003d _beanProperties.find(propName);\n    p.nextToken();\n    if (prop !\u003d null) {\n        if (throwable !\u003d null) {\n            prop.deserializeAndSet(p, ctxt, throwable);\n            continue;\n        }\n        if (pending \u003d\u003d null) {\n            int len \u003d _beanProperties.size();\n            pending \u003d new java.lang.Object[len + len];\n        }\n        pending[(pendingIx++)] \u003d prop;\n        pending[(pendingIx++)] \u003d prop.deserialize(p, ctxt);\n        continue;\n    }\n    final boolean isMessage \u003d com.fasterxml.jackson.databind.deser.std.ThrowableDeserializer.PROP_NAME_MESSAGE.equals(propName);\n    if (isMessage) {\n        if (hasStringCreator) {\n            throwable \u003d _valueInstantiator.createFromString(ctxt, p.getValueAsString());\n            continue;\n        }\n    }\n    final boolean isSuppressed \u003d com.fasterxml.jackson.databind.deser.std.ThrowableDeserializer.PROP_NAME_SUPPRESSED.equals(propName);\n    if (isSuppressed) {\n        suppressed \u003d ctxt.readValue(p, java.lang.Throwable[].class);\n        continue;\n    }\n    if (((_ignorableProps) !\u003d null) \u0026\u0026 (_ignorableProps.contains(propName))) {\n        p.skipChildren();\n        continue;\n    }\n    if ((_anySetter) !\u003d null) {\n        _anySetter.deserializeAndSet(p, ctxt, throwable, propName);\n        continue;\n    }\n    handleUnknownProperty(p, ctxt, throwable, propName);\n}",
                "dst_parent": "null"
              },
              "line": 111,
              "file": "/home/khesoem/projects/lighter/exp/src/main/java/com/fasterxml/jackson/databind/deser/std/ThrowableDeserializer.java",
              "stats": {
                "number_of_src_entities": 54,
                "number_of_dst_entities": -1,
                "src_entity_types": "[com.fasterxml.jackson.core.JsonParser, boolean, com.fasterxml.jackson.databind.deser.BeanDeserializerBase, java.lang.Object, com.fasterxml.jackson.databind.deser.std.ThrowableDeserializer, com.fasterxml.jackson.databind.DeserializationContext, com.fasterxml.jackson.databind.deser.ValueInstantiator]",
                "dst_entity_types": "[]"
              }
            }
          ]
        }
      ]
    }
  ],
  "complete_analysis": true
}