{
  "instances": [
    {
      "revision": "506e4af21110476090d23192c0d3c7b2b1203fb9",
      "repairability": [
        {
          "tool-name": "JKali",
          "pattern-name": "JKali:add_rtrn",
          "Unified_Diff_of-files:": "Starts Below...",
          "INSERT:": "}",
          "CHANGE_old:": "                return new ProxiedClassLoader(proxy.getClassLoader())",
          "CHANGE_new:": "                return new DynamicClassLoader(proxy.getClassLoader())",
          "instance_detail": [
            {
              "pattern_action": "INS",
              "pattern_entity": {
                "entity_type": "Return",
                "entity_new value": "*",
                "entity_role": "Statement",
                "entity_parent": "null"
              },
              "concrete_change": {
                "operator": "INS",
                "src_type": "Return",
                "dst_type": "null",
                "src": "return net.bytebuddy.utility.dispatcher.JavaDispatcher.DynamicClassLoader.invoker()",
                "dst": "null",
                "src_parent_type": "Block",
                "dst_parent_type": "null",
                "src_parent": "{\n    return net.bytebuddy.utility.dispatcher.JavaDispatcher.DynamicClassLoader.invoker();\n}",
                "dst_parent": "null"
              },
              "line": 415,
              "file": "/home/khesoem/projects/lighter/exp/byte-buddy-dep/src/main/java/net/bytebuddy/utility/dispatcher/JavaDispatcher.java"
            }
          ]
        },
        {
          "tool-name": "JKali",
          "pattern-name": "JKali:add_rtrn",
          "Unified_Diff_of-files:": "Starts Below...",
          "INSERT:": "}",
          "CHANGE_old:": "                return new ProxiedClassLoader(proxy.getClassLoader())",
          "CHANGE_new:": "                return new DynamicClassLoader(proxy.getClassLoader())",
          "instance_detail": [
            {
              "pattern_action": "INS",
              "pattern_entity": {
                "entity_type": "Return",
                "entity_new value": "*",
                "entity_role": "Statement",
                "entity_parent": "null"
              },
              "concrete_change": {
                "operator": "INS",
                "src_type": "Return",
                "dst_type": "null",
                "src": "return ((net.bytebuddy.utility.dispatcher.JavaDispatcher.Invoker) (new net.bytebuddy.utility.dispatcher.JavaDispatcher.DynamicClassLoader(net.bytebuddy.utility.dispatcher.JavaDispatcher.Invoker.class.getClassLoader()).defineClass(((net.bytebuddy.utility.dispatcher.JavaDispatcher.Invoker.class.getName()) + \"$Dispatcher\"), binaryRepresentation, 0, binaryRepresentation.length).getConstructor(net.bytebuddy.utility.dispatcher.JavaDispatcher.DynamicClassLoader.NO_PARAMETER).newInstance(net.bytebuddy.utility.dispatcher.JavaDispatcher.DynamicClassLoader.NO_ARGUMENT)))",
                "dst": "null",
                "src_parent_type": "Block",
                "dst_parent_type": "null",
                "src_parent": "{\n    return ((net.bytebuddy.utility.dispatcher.JavaDispatcher.Invoker) (new net.bytebuddy.utility.dispatcher.JavaDispatcher.DynamicClassLoader(net.bytebuddy.utility.dispatcher.JavaDispatcher.Invoker.class.getClassLoader()).defineClass(((net.bytebuddy.utility.dispatcher.JavaDispatcher.Invoker.class.getName()) + \"$Dispatcher\"), binaryRepresentation, 0, binaryRepresentation.length).getConstructor(net.bytebuddy.utility.dispatcher.JavaDispatcher.DynamicClassLoader.NO_PARAMETER).newInstance(net.bytebuddy.utility.dispatcher.JavaDispatcher.DynamicClassLoader.NO_ARGUMENT)));\n}",
                "dst_parent": "null"
              },
              "line": 1249,
              "file": "/home/khesoem/projects/lighter/exp/byte-buddy-dep/src/main/java/net/bytebuddy/utility/dispatcher/JavaDispatcher.java"
            }
          ]
        }
      ]
    }
  ],
  "complete_analysis": true
}