{
  "instances": [
    {
      "revision": "34aaf6aba1765c0fe94483445cf2702e29be3584",
      "repairability": [
        {
          "tool-name": "Elixir",
          "pattern-name": "Elixir:update_invocation",
          "Unified_Diff_of-files:": "Starts Below...",
          "DELETE:": "        }",
          "instance_detail": [
            {
              "pattern_action": "UPD",
              "pattern_entity": {
                "entity_type": "AbstractInvocation",
                "entity_new value": "*",
                "entity_role": "*",
                "entity_parent": "null"
              },
              "concrete_change": {
                "operator": "UPD",
                "src_type": "Invocation",
                "dst_type": "Invocation",
                "src": "(info.getMedia().size())",
                "dst": "info.getMedia().isEmpty()",
                "src_parent_type": "BinaryOperator",
                "dst_parent_type": "If",
                "src_parent": "(info.getMedia().size()) \u003d\u003d 0",
                "dst_parent": "if (info.getMedia().isEmpty()) {\n    info.addMedium(\"all\");\n}"
              },
              "line": 303,
              "file": "/home/khesoem/projects/lighter/exp/openhtmltopdf-core/src/main/java/com/openhtmltopdf/css/parser/CSSParser.java",
              "stats": {
                "number_of_src_entities": 10,
                "number_of_dst_entities": 11,
                "src_entity_types": "[com.openhtmltopdf.css.parser.StylesheetInfo]",
                "dst_entity_types": "[com.openhtmltopdf.css.parser.StylesheetInfo]"
              }
            }
          ]
        },
        {
          "tool-name": "Elixir",
          "pattern-name": "Elixir:loose_be",
          "Unified_Diff_of-files:": "Starts Below...",
          "DELETE:": "        }",
          "instance_detail": [
            {
              "pattern_action": "DEL",
              "pattern_entity": {
                "entity_type": "BinaryOperator",
                "entity_new value": "*",
                "entity_role": "*",
                "entity_parent": {
                  "entity_type": "If",
                  "entity_new value": "*",
                  "entity_role": "*",
                  "entity_parent": "null"
                }
              },
              "concrete_change": {
                "operator": "DEL",
                "src_type": "BinaryOperator",
                "dst_type": "null",
                "src": "(info.getMedia().size()) \u003d\u003d 0",
                "dst": "null",
                "src_parent_type": "If",
                "dst_parent_type": "null",
                "src_parent": "if ((info.getMedia().size()) \u003d\u003d 0) {\n    info.addMedium(\"all\");\n}",
                "dst_parent": "null"
              },
              "line": 303,
              "file": "/home/khesoem/projects/lighter/exp/openhtmltopdf-core/src/main/java/com/openhtmltopdf/css/parser/CSSParser.java",
              "stats": {
                "number_of_src_entities": 13,
                "number_of_dst_entities": -1,
                "src_entity_types": "[int, com.openhtmltopdf.css.parser.StylesheetInfo]",
                "dst_entity_types": "[]"
              }
            }
          ]
        }
      ]
    },
    {
      "revision": "34aaf6aba1765c0fe94483445cf2702e29be3584",
      "repairability": [
        {
          "tool-name": "Elixir",
          "pattern-name": "Elixir:check_length",
          "Unified_Diff_of-files:": "Starts Below...",
          "DELETE:": "        }",
          "instance_detail": [
            {
              "pattern_action": "INS",
              "pattern_entity": {
                "entity_type": "If",
                "entity_new value": "*",
                "entity_role": "*",
                "entity_parent": "null"
              },
              "concrete_change": {
                "operator": "INS",
                "src_type": "If",
                "dst_type": "null",
                "src": "if (mediaTypes.contains(\"all\")) {\n    return true;\n}",
                "dst": "null",
                "src_parent_type": "Block",
                "dst_parent_type": "null",
                "src_parent": "{\n    if (mediaTypes.contains(\"all\")) {\n        return true;\n    }\n    java.lang.String media \u003d m.toLowerCase(java.util.Locale.US);\n    return (media.equals(\"all\")) || (mediaTypes.contains(media));\n}",
                "dst_parent": "null"
              },
              "line": 64,
              "file": "/home/khesoem/projects/lighter/exp/openhtmltopdf-core/src/main/java/com/openhtmltopdf/css/sheet/StylesheetInfo.java",
              "stats": {
                "number_of_src_entities": 29,
                "number_of_dst_entities": -1,
                "src_entity_types": "[com.openhtmltopdf.css.sheet.StylesheetInfo, boolean, java.lang.String, java.util.List]",
                "dst_entity_types": "[]"
              }
            },
            {
              "pattern_action": "MOV",
              "pattern_entity": {
                "entity_type": "Statement",
                "entity_new value": "*",
                "entity_role": "*",
                "entity_parent": "null"
              },
              "concrete_change": {
                "operator": "MOV",
                "src_type": "Invocation",
                "dst_type": "Invocation",
                "src": "(mediaTypes.contains(\"all\"))",
                "dst": "mediaTypes.contains(\"all\")",
                "src_parent_type": "BinaryOperator",
                "dst_parent_type": "If",
                "src_parent": "((m.toLowerCase(java.util.Locale.US).equals(\"all\")) || (mediaTypes.contains(\"all\")))",
                "dst_parent": "if (mediaTypes.contains(\"all\")) {\n    return true;\n}"
              },
              "line": 65,
              "file": "/home/khesoem/projects/lighter/exp/openhtmltopdf-core/src/main/java/com/openhtmltopdf/css/sheet/StylesheetInfo.java",
              "stats": {
                "number_of_src_entities": 24,
                "number_of_dst_entities": 24,
                "src_entity_types": "[com.openhtmltopdf.css.sheet.StylesheetInfo, java.lang.String, java.util.List]",
                "dst_entity_types": "[com.openhtmltopdf.css.sheet.StylesheetInfo, java.lang.String, java.util.List]"
              }
            }
          ]
        },
        {
          "tool-name": "Elixir",
          "pattern-name": "Elixir:check_length",
          "Unified_Diff_of-files:": "Starts Below...",
          "DELETE:": "        }",
          "instance_detail": [
            {
              "pattern_action": "INS",
              "pattern_entity": {
                "entity_type": "If",
                "entity_new value": "*",
                "entity_role": "*",
                "entity_parent": "null"
              },
              "concrete_change": {
                "operator": "INS",
                "src_type": "If",
                "dst_type": "null",
                "src": "if ((media \u003d\u003d null) || (media.isEmpty())) {\n    this.addMedium(\"all\");\n} else {\n    java.util.Arrays.stream(media.split(\",\")).map(( mediaType) -\u003e mediaType.trim().toLowerCase(java.util.Locale.US)).forEach(this::addMedium);\n}",
                "dst": "null",
                "src_parent_type": "Block",
                "dst_parent_type": "null",
                "src_parent": "{\n    this.mediaTypes.clear();\n    if ((media \u003d\u003d null) || (media.isEmpty())) {\n        this.addMedium(\"all\");\n    } else {\n        java.util.Arrays.stream(media.split(\",\")).map(( mediaType) -\u003e mediaType.trim().toLowerCase(java.util.Locale.US)).forEach(this::addMedium);\n    }\n}",
                "dst_parent": "null"
              },
              "line": 91,
              "file": "/home/khesoem/projects/lighter/exp/openhtmltopdf-core/src/main/java/com/openhtmltopdf/css/sheet/StylesheetInfo.java",
              "stats": {
                "number_of_src_entities": 149,
                "number_of_dst_entities": -1,
                "src_entity_types": "[java.util.function.Function\u003c? super java.lang.String, ? extends java.lang.String\u003e, java.util.Locale, boolean, com.openhtmltopdf.css.sheet.StylesheetInfo, java.util.function.Consumer\u003c? super java.lang.String\u003e, java.lang.String, java.util.stream.Stream, \u003cnulltype\u003e, java.util.Arrays]",
                "dst_entity_types": "[]"
              }
            },
            {
              "pattern_action": "MOV",
              "pattern_entity": {
                "entity_type": "Statement",
                "entity_new value": "*",
                "entity_role": "*",
                "entity_parent": "null"
              },
              "concrete_change": {
                "operator": "MOV",
                "src_type": "Invocation",
                "dst_type": "Invocation",
                "src": "media.split(\",\")",
                "dst": "media.split(\",\")",
                "src_parent_type": "LocalVariable",
                "dst_parent_type": "Invocation",
                "src_parent": "java.lang.String[] mediaTypes \u003d media.split(\",\")",
                "dst_parent": "java.util.Arrays.stream(media.split(\",\"))"
              },
              "line": 83,
              "file": "/home/khesoem/projects/lighter/exp/openhtmltopdf-core/src/main/java/com/openhtmltopdf/css/sheet/StylesheetInfo.java",
              "stats": {
                "number_of_src_entities": 16,
                "number_of_dst_entities": 16,
                "src_entity_types": "[java.lang.String]",
                "dst_entity_types": "[java.lang.String]"
              }
            }
          ]
        },
        {
          "tool-name": "Elixir",
          "pattern-name": "Elixir:check_length",
          "Unified_Diff_of-files:": "Starts Below...",
          "DELETE:": "        }",
          "instance_detail": [
            {
              "pattern_action": "INS",
              "pattern_entity": {
                "entity_type": "If",
                "entity_new value": "*",
                "entity_role": "*",
                "entity_parent": "null"
              },
              "concrete_change": {
                "operator": "INS",
                "src_type": "If",
                "dst_type": "null",
                "src": "if ((media \u003d\u003d null) || (media.isEmpty())) {\n    this.addMedium(\"all\");\n} else {\n    java.util.Arrays.stream(media.split(\",\")).map(( mediaType) -\u003e mediaType.trim().toLowerCase(java.util.Locale.US)).forEach(this::addMedium);\n}",
                "dst": "null",
                "src_parent_type": "Block",
                "dst_parent_type": "null",
                "src_parent": "{\n    this.mediaTypes.clear();\n    if ((media \u003d\u003d null) || (media.isEmpty())) {\n        this.addMedium(\"all\");\n    } else {\n        java.util.Arrays.stream(media.split(\",\")).map(( mediaType) -\u003e mediaType.trim().toLowerCase(java.util.Locale.US)).forEach(this::addMedium);\n    }\n}",
                "dst_parent": "null"
              },
              "line": 91,
              "file": "/home/khesoem/projects/lighter/exp/openhtmltopdf-core/src/main/java/com/openhtmltopdf/css/sheet/StylesheetInfo.java",
              "stats": {
                "number_of_src_entities": 149,
                "number_of_dst_entities": -1,
                "src_entity_types": "[java.util.function.Function\u003c? super java.lang.String, ? extends java.lang.String\u003e, java.util.Locale, boolean, com.openhtmltopdf.css.sheet.StylesheetInfo, java.util.function.Consumer\u003c? super java.lang.String\u003e, java.lang.String, java.util.stream.Stream, \u003cnulltype\u003e, java.util.Arrays]",
                "dst_entity_types": "[]"
              }
            },
            {
              "pattern_action": "MOV",
              "pattern_entity": {
                "entity_type": "Statement",
                "entity_new value": "*",
                "entity_role": "*",
                "entity_parent": "null"
              },
              "concrete_change": {
                "operator": "MOV",
                "src_type": "Invocation",
                "dst_type": "Invocation",
                "src": "mediaTypes[i].trim()",
                "dst": "mediaType.trim()",
                "src_parent_type": "Invocation",
                "dst_parent_type": "Invocation",
                "src_parent": "mediaTypes[i].trim().toLowerCase(java.util.Locale.US)",
                "dst_parent": "mediaType.trim().toLowerCase(java.util.Locale.US)"
              },
              "line": 87,
              "file": "/home/khesoem/projects/lighter/exp/openhtmltopdf-core/src/main/java/com/openhtmltopdf/css/sheet/StylesheetInfo.java",
              "stats": {
                "number_of_src_entities": 17,
                "number_of_dst_entities": 10,
                "src_entity_types": "[int, java.lang.String]",
                "dst_entity_types": "[java.lang.String]"
              }
            }
          ]
        },
        {
          "tool-name": "Elixir",
          "pattern-name": "Elixir:update_invocation_deep",
          "Unified_Diff_of-files:": "Starts Below...",
          "DELETE:": "        }",
          "instance_detail": [
            {
              "pattern_action": "ANY",
              "pattern_entity": {
                "entity_type": "*",
                "entity_new value": "*",
                "entity_role": "*",
                "entity_parent": {
                  "entity_type": "AbstractInvocation",
                  "entity_new value": "*",
                  "entity_role": "*",
                  "entity_parent": "null"
                }
              },
              "concrete_change": {
                "operator": "UPD",
                "src_type": "VariableRead",
                "dst_type": "VariableRead",
                "src": "m",
                "dst": "media",
                "src_parent_type": "Invocation",
                "dst_parent_type": "Invocation",
                "src_parent": "m.toLowerCase(java.util.Locale.US)",
                "dst_parent": "(media.equals(\"all\"))"
              },
              "line": 64,
              "file": "/home/khesoem/projects/lighter/exp/openhtmltopdf-core/src/main/java/com/openhtmltopdf/css/sheet/StylesheetInfo.java",
              "stats": {
                "number_of_src_entities": 4,
                "number_of_dst_entities": 4,
                "src_entity_types": "[java.lang.String]",
                "dst_entity_types": "[java.lang.String]"
              }
            }
          ]
        },
        {
          "tool-name": "Elixir",
          "pattern-name": "Elixir:update_invocation_deep",
          "Unified_Diff_of-files:": "Starts Below...",
          "DELETE:": "        }",
          "instance_detail": [
            {
              "pattern_action": "ANY",
              "pattern_entity": {
                "entity_type": "*",
                "entity_new value": "*",
                "entity_role": "*",
                "entity_parent": {
                  "entity_type": "AbstractInvocation",
                  "entity_new value": "*",
                  "entity_role": "*",
                  "entity_parent": "null"
                }
              },
              "concrete_change": {
                "operator": "INS",
                "src_type": "VariableRead",
                "dst_type": "null",
                "src": "media",
                "dst": "null",
                "src_parent_type": "Invocation",
                "dst_parent_type": "null",
                "src_parent": "(mediaTypes.contains(media))",
                "dst_parent": "null"
              },
              "line": 71,
              "file": "/home/khesoem/projects/lighter/exp/openhtmltopdf-core/src/main/java/com/openhtmltopdf/css/sheet/StylesheetInfo.java",
              "stats": {
                "number_of_src_entities": 4,
                "number_of_dst_entities": -1,
                "src_entity_types": "[java.lang.String]",
                "dst_entity_types": "[]"
              }
            }
          ]
        },
        {
          "tool-name": "Elixir",
          "pattern-name": "Elixir:update_invocation_deep",
          "Unified_Diff_of-files:": "Starts Below...",
          "DELETE:": "        }",
          "instance_detail": [
            {
              "pattern_action": "ANY",
              "pattern_entity": {
                "entity_type": "*",
                "entity_new value": "*",
                "entity_role": "*",
                "entity_parent": {
                  "entity_type": "AbstractInvocation",
                  "entity_new value": "*",
                  "entity_role": "*",
                  "entity_parent": "null"
                }
              },
              "concrete_change": {
                "operator": "DEL",
                "src_type": "ArrayRead",
                "dst_type": "null",
                "src": "mediaTypes[i]",
                "dst": "null",
                "src_parent_type": "Invocation",
                "dst_parent_type": "null",
                "src_parent": "mediaTypes[i].trim()",
                "dst_parent": "null"
              },
              "line": 87,
              "file": "/home/khesoem/projects/lighter/exp/openhtmltopdf-core/src/main/java/com/openhtmltopdf/css/sheet/StylesheetInfo.java",
              "stats": {
                "number_of_src_entities": 11,
                "number_of_dst_entities": -1,
                "src_entity_types": "[int, java.lang.String]",
                "dst_entity_types": "[]"
              }
            }
          ]
        }
      ]
    },
    {
      "revision": "34aaf6aba1765c0fe94483445cf2702e29be3584",
      "repairability": [
        {
          "tool-name": "Elixir",
          "pattern-name": "Elixir:update_type_ref",
          "Unified_Diff_of-files:": "Starts Below...",
          "DELETE:": "        }",
          "instance_detail": [
            {
              "pattern_action": "UPD",
              "pattern_entity": {
                "entity_type": "TypeReference",
                "entity_new value": "*",
                "entity_role": "*",
                "entity_parent": "null"
              },
              "concrete_change": {
                "operator": "UPD",
                "src_type": "TypeReference",
                "dst_type": "TypeReference",
                "src": "long",
                "dst": "int",
                "src_parent_type": "Field",
                "dst_parent_type": "Field",
                "src_parent": "private static final long serialVersionUID \u003d 1L;",
                "dst_parent": "private static final int MAX_STYLESHEET_INCLUDES \u003d 10;"
              },
              "line": 56,
              "file": "/home/khesoem/projects/lighter/exp/openhtmltopdf-core/src/main/java/com/openhtmltopdf/context/StylesheetFactoryImpl.java",
              "stats": {
                "number_of_src_entities": 1,
                "number_of_dst_entities": 1,
                "src_entity_types": "[long]",
                "dst_entity_types": "[int]"
              }
            }
          ]
        },
        {
          "tool-name": "Elixir",
          "pattern-name": "Elixir:update_type_ref",
          "Unified_Diff_of-files:": "Starts Below...",
          "DELETE:": "        }",
          "instance_detail": [
            {
              "pattern_action": "UPD",
              "pattern_entity": {
                "entity_type": "TypeReference",
                "entity_new value": "*",
                "entity_role": "*",
                "entity_parent": "null"
              },
              "concrete_change": {
                "operator": "UPD",
                "src_type": "TypeReference",
                "dst_type": "TypeReference",
                "src": "com.openhtmltopdf.css.sheet.Stylesheet",
                "dst": "java.lang.Integer",
                "src_parent_type": "LocalVariable",
                "dst_parent_type": "LocalVariable",
                "src_parent": "com.openhtmltopdf.css.sheet.Stylesheet s \u003d getCachedStylesheet(info.getUri())",
                "dst_parent": "java.lang.Integer includeCount \u003d _seenStylesheetUris.get(info.getUri())"
              },
              "line": 173,
              "file": "/home/khesoem/projects/lighter/exp/openhtmltopdf-core/src/main/java/com/openhtmltopdf/context/StylesheetFactoryImpl.java",
              "stats": {
                "number_of_src_entities": 2,
                "number_of_dst_entities": 2,
                "src_entity_types": "[com.openhtmltopdf.css.sheet.Stylesheet]",
                "dst_entity_types": "[java.lang.Integer]"
              }
            }
          ]
        }
      ]
    }
  ],
  "complete_analysis": true
}