{
  "instances": [
    {
      "revision": "68175c02270ed4f2d28d04a36cec287c10ab993a",
      "repairability": [
        {
          "tool-name": "Elixir",
          "pattern-name": "Elixir:update_type_ref",
          "Unified_Diff_of-files:": "Starts Below...",
          "INSERT:": "    }\r",
          "CHANGE_old:": "        Integer height \u003d parseLength(heightAttr);\r",
          "CHANGE_new:": "        Integer height \u003d heightAttr.isEmpty() ? null : parseLength(heightAttr);\r",
          "instance_detail": [
            {
              "pattern_action": "UPD",
              "pattern_entity": {
                "entity_type": "TypeReference",
                "entity_new value": "*",
                "entity_role": "*",
                "entity_parent": "null"
              },
              "concrete_change": {
                "operator": "UPD",
                "src_type": "TypeReference",
                "dst_type": "TypeReference",
                "src": "void",
                "dst": "boolean",
                "src_parent_type": "Method",
                "dst_parent_type": "Method",
                "src_parent": "@java.lang.Override\npublic void remove(org.w3c.dom.Element e) {\n}",
                "dst_parent": "@java.lang.Override\npublic boolean isReplacedElement(com.openhtmltopdf.render.BlockBox box) {\n    org.w3c.dom.Element e \u003d box.getElement();\n    if (e \u003d\u003d null) {\n        return false;\n    }\n    java.lang.String nodeName \u003d e.getNodeName();\n    if (nodeName.equals(\"img\")) {\n        return true;\n    } else\n        if ((nodeName.equals(\"math\")) \u0026\u0026 ((_mathmlImpl) !\u003d null)) {\n            return true;\n        } else\n            if ((nodeName.equals(\"svg\")) \u0026\u0026 ((_svgImpl) !\u003d null)) {\n                return true;\n            } else\n                if (nodeName.equals(\"bookmark\")) {\n                    return true;\n                } else\n                    if ((nodeName.equals(\"object\")) \u0026\u0026 ((_objectDrawerFactory) !\u003d null)) {\n                        return _objectDrawerFactory.isReplacedObject(e);\n                    }\n\n\n\n\n    return false;\n}"
              },
              "line": 130,
              "file": "/home/khesoem/projects/lighter/exp/openhtmltopdf-pdfbox/src/main/java/com/openhtmltopdf/pdfboxout/PdfBoxReplacedElementFactory.java",
              "stats": {
                "number_of_src_entities": 1,
                "number_of_dst_entities": 1,
                "src_entity_types": "[void]",
                "dst_entity_types": "[boolean]"
              }
            }
          ]
        },
        {
          "tool-name": "Elixir",
          "pattern-name": "Elixir:update_type_ref",
          "Unified_Diff_of-files:": "Starts Below...",
          "INSERT:": "    }\r",
          "CHANGE_old:": "        Integer height \u003d parseLength(heightAttr);\r",
          "CHANGE_new:": "        Integer height \u003d heightAttr.isEmpty() ? null : parseLength(heightAttr);\r",
          "instance_detail": [
            {
              "pattern_action": "UPD",
              "pattern_entity": {
                "entity_type": "TypeReference",
                "entity_new value": "*",
                "entity_role": "*",
                "entity_parent": "null"
              },
              "concrete_change": {
                "operator": "UPD",
                "src_type": "TypeReference",
                "dst_type": "TypeReference",
                "src": "org.w3c.dom.Element",
                "dst": "com.openhtmltopdf.render.BlockBox",
                "src_parent_type": "Parameter",
                "dst_parent_type": "Parameter",
                "src_parent": "org.w3c.dom.Element e",
                "dst_parent": "com.openhtmltopdf.render.BlockBox box"
              },
              "line": 130,
              "file": "/home/khesoem/projects/lighter/exp/openhtmltopdf-pdfbox/src/main/java/com/openhtmltopdf/pdfboxout/PdfBoxReplacedElementFactory.java",
              "stats": {
                "number_of_src_entities": 2,
                "number_of_dst_entities": 2,
                "src_entity_types": "[org.w3c.dom.Element]",
                "dst_entity_types": "[com.openhtmltopdf.render.BlockBox]"
              }
            }
          ]
        }
      ]
    },
    {
      "revision": "68175c02270ed4f2d28d04a36cec287c10ab993a",
      "repairability": [
        {
          "tool-name": "Elixir",
          "pattern-name": "Elixir:update_type_ref",
          "Unified_Diff_of-files:": "Starts Below...",
          "INSERT:": "    }\r",
          "CHANGE_old:": "        Integer height \u003d parseLength(heightAttr);\r",
          "CHANGE_new:": "        Integer height \u003d heightAttr.isEmpty() ? null : parseLength(heightAttr);\r",
          "instance_detail": [
            {
              "pattern_action": "UPD",
              "pattern_entity": {
                "entity_type": "TypeReference",
                "entity_new value": "*",
                "entity_role": "*",
                "entity_parent": "null"
              },
              "concrete_change": {
                "operator": "UPD",
                "src_type": "TypeReference",
                "dst_type": "TypeReference",
                "src": "void",
                "dst": "boolean",
                "src_parent_type": "Method",
                "dst_parent_type": "Method",
                "src_parent": "public void setFormSubmissionListener(com.openhtmltopdf.simple.extend.FormSubmissionListener listener) {\n}",
                "dst_parent": "@java.lang.Override\npublic boolean isReplacedElement(com.openhtmltopdf.render.BlockBox box) {\n    return false;\n}"
              },
              "line": 22,
              "file": "/home/khesoem/projects/lighter/exp/openhtmltopdf-core/src/main/java/com/openhtmltopdf/simple/extend/NoReplacedElementFactory.java",
              "stats": {
                "number_of_src_entities": 1,
                "number_of_dst_entities": 1,
                "src_entity_types": "[void]",
                "dst_entity_types": "[boolean]"
              }
            }
          ]
        },
        {
          "tool-name": "Elixir",
          "pattern-name": "Elixir:update_type_ref",
          "Unified_Diff_of-files:": "Starts Below...",
          "INSERT:": "    }\r",
          "CHANGE_old:": "        Integer height \u003d parseLength(heightAttr);\r",
          "CHANGE_new:": "        Integer height \u003d heightAttr.isEmpty() ? null : parseLength(heightAttr);\r",
          "instance_detail": [
            {
              "pattern_action": "UPD",
              "pattern_entity": {
                "entity_type": "TypeReference",
                "entity_new value": "*",
                "entity_role": "*",
                "entity_parent": "null"
              },
              "concrete_change": {
                "operator": "UPD",
                "src_type": "TypeReference",
                "dst_type": "TypeReference",
                "src": "com.openhtmltopdf.simple.extend.FormSubmissionListener",
                "dst": "com.openhtmltopdf.render.BlockBox",
                "src_parent_type": "Parameter",
                "dst_parent_type": "Parameter",
                "src_parent": "com.openhtmltopdf.simple.extend.FormSubmissionListener listener",
                "dst_parent": "com.openhtmltopdf.render.BlockBox box"
              },
              "line": 22,
              "file": "/home/khesoem/projects/lighter/exp/openhtmltopdf-core/src/main/java/com/openhtmltopdf/simple/extend/NoReplacedElementFactory.java",
              "stats": {
                "number_of_src_entities": 2,
                "number_of_dst_entities": 2,
                "src_entity_types": "[com.openhtmltopdf.simple.extend.FormSubmissionListener]",
                "dst_entity_types": "[com.openhtmltopdf.render.BlockBox]"
              }
            }
          ]
        }
      ]
    },
    {
      "revision": "68175c02270ed4f2d28d04a36cec287c10ab993a",
      "repairability": [
        {
          "tool-name": "Elixir",
          "pattern-name": "Elixir:update_type_ref",
          "Unified_Diff_of-files:": "Starts Below...",
          "INSERT:": "    }\r",
          "CHANGE_old:": "        Integer height \u003d parseLength(heightAttr);\r",
          "CHANGE_new:": "        Integer height \u003d heightAttr.isEmpty() ? null : parseLength(heightAttr);\r",
          "instance_detail": [
            {
              "pattern_action": "UPD",
              "pattern_entity": {
                "entity_type": "TypeReference",
                "entity_new value": "*",
                "entity_role": "*",
                "entity_parent": "null"
              },
              "concrete_change": {
                "operator": "UPD",
                "src_type": "TypeReference",
                "dst_type": "TypeReference",
                "src": "void",
                "dst": "boolean",
                "src_parent_type": "Method",
                "dst_parent_type": "Method",
                "src_parent": "public void remove(org.w3c.dom.Element e);",
                "dst_parent": "public boolean isReplacedElement(com.openhtmltopdf.render.BlockBox box);"
              },
              "line": 52,
              "file": "/home/khesoem/projects/lighter/exp/openhtmltopdf-core/src/main/java/com/openhtmltopdf/extend/ReplacedElementFactory.java",
              "stats": {
                "number_of_src_entities": 1,
                "number_of_dst_entities": 1,
                "src_entity_types": "[void]",
                "dst_entity_types": "[boolean]"
              }
            }
          ]
        },
        {
          "tool-name": "Elixir",
          "pattern-name": "Elixir:update_type_ref",
          "Unified_Diff_of-files:": "Starts Below...",
          "INSERT:": "    }\r",
          "CHANGE_old:": "        Integer height \u003d parseLength(heightAttr);\r",
          "CHANGE_new:": "        Integer height \u003d heightAttr.isEmpty() ? null : parseLength(heightAttr);\r",
          "instance_detail": [
            {
              "pattern_action": "UPD",
              "pattern_entity": {
                "entity_type": "TypeReference",
                "entity_new value": "*",
                "entity_role": "*",
                "entity_parent": "null"
              },
              "concrete_change": {
                "operator": "UPD",
                "src_type": "TypeReference",
                "dst_type": "TypeReference",
                "src": "org.w3c.dom.Element",
                "dst": "com.openhtmltopdf.render.BlockBox",
                "src_parent_type": "Parameter",
                "dst_parent_type": "Parameter",
                "src_parent": "org.w3c.dom.Element e",
                "dst_parent": "com.openhtmltopdf.render.BlockBox box"
              },
              "line": 52,
              "file": "/home/khesoem/projects/lighter/exp/openhtmltopdf-core/src/main/java/com/openhtmltopdf/extend/ReplacedElementFactory.java",
              "stats": {
                "number_of_src_entities": 2,
                "number_of_dst_entities": 2,
                "src_entity_types": "[org.w3c.dom.Element]",
                "dst_entity_types": "[com.openhtmltopdf.render.BlockBox]"
              }
            }
          ]
        }
      ]
    }
  ],
  "complete_analysis": true
}