{
  "instances": [
    {
      "revision": "536212a4c9cb46e8ecbc67274c30bb9cab3b8346",
      "repairability": [
        {
          "tool-name": "Elixir",
          "pattern-name": "Elixir:update_type_ref",
          "Unified_Diff_of-files:": "Starts Below...",
          "DELETE:": "import org.apache.pdfbox.pdmodel.documentinterchange.taggedpdf.StandardStructureTypes;",
          "CHANGE_old:": "            _pdfUa.setDocument(doc);",
          "CHANGE_new:": "            _pdfUa \u003d new PdfBoxAccessibilityHelper(this, _root, doc);",
          "instance_detail": [
            {
              "pattern_action": "UPD",
              "pattern_entity": {
                "entity_type": "TypeReference",
                "entity_new value": "*",
                "entity_role": "*",
                "entity_parent": "null"
              },
              "concrete_change": {
                "operator": "UPD",
                "src_type": "TypeReference",
                "dst_type": "TypeReference",
                "src": "com.openhtmltopdf.pdfboxout.PdfBoxAccessibilityHelper",
                "dst": "boolean",
                "src_parent_type": "Field",
                "dst_parent_type": "Field",
                "src_parent": "private final com.openhtmltopdf.pdfboxout.PdfBoxAccessibilityHelper _pdfUa;",
                "dst_parent": "private final boolean _pdfUaConform;"
              },
              "line": 208,
              "file": "/home/khesoem/projects/lighter/exp/openhtmltopdf-pdfbox/src/main/java/com/openhtmltopdf/pdfboxout/PdfBoxFastOutputDevice.java",
              "stats": {
                "number_of_src_entities": 2,
                "number_of_dst_entities": 1,
                "src_entity_types": "[com.openhtmltopdf.pdfboxout.PdfBoxAccessibilityHelper]",
                "dst_entity_types": "[boolean]"
              }
            }
          ]
        },
        {
          "tool-name": "Elixir",
          "pattern-name": "Elixir:loose_be",
          "Unified_Diff_of-files:": "Starts Below...",
          "DELETE:": "import org.apache.pdfbox.pdmodel.documentinterchange.taggedpdf.StandardStructureTypes;",
          "CHANGE_old:": "            _pdfUa.setDocument(doc);",
          "CHANGE_new:": "            _pdfUa \u003d new PdfBoxAccessibilityHelper(this, _root, doc);",
          "instance_detail": [
            {
              "pattern_action": "DEL",
              "pattern_entity": {
                "entity_type": "BinaryOperator",
                "entity_new value": "*",
                "entity_role": "*",
                "entity_parent": {
                  "entity_type": "If",
                  "entity_new value": "*",
                  "entity_role": "*",
                  "entity_parent": "null"
                }
              },
              "concrete_change": {
                "operator": "DEL",
                "src_type": "BinaryOperator",
                "dst_type": "null",
                "src": "(_pdfUa) !\u003d null",
                "dst": "null",
                "src_parent_type": "If",
                "dst_parent_type": "null",
                "src_parent": "if ((_pdfUa) !\u003d null) {\n    _pdfUa.setDocument(doc);\n}",
                "dst_parent": "null"
              },
              "line": 851,
              "file": "/home/khesoem/projects/lighter/exp/openhtmltopdf-pdfbox/src/main/java/com/openhtmltopdf/pdfboxout/PdfBoxFastOutputDevice.java",
              "stats": {
                "number_of_src_entities": 15,
                "number_of_dst_entities": -1,
                "src_entity_types": "[com.openhtmltopdf.pdfboxout.PdfBoxFastOutputDevice, \u003cnulltype\u003e]",
                "dst_entity_types": "[]"
              }
            }
          ]
        }
      ]
    },
    {
      "revision": "536212a4c9cb46e8ecbc67274c30bb9cab3b8346",
      "repairability": [
        {
          "tool-name": "Elixir",
          "pattern-name": "Elixir:update_type_ref",
          "Unified_Diff_of-files:": "Starts Below...",
          "DELETE:": "import org.apache.pdfbox.pdmodel.documentinterchange.taggedpdf.StandardStructureTypes;",
          "CHANGE_old:": "            _pdfUa.setDocument(doc);",
          "CHANGE_new:": "            _pdfUa \u003d new PdfBoxAccessibilityHelper(this, _root, doc);",
          "instance_detail": [
            {
              "pattern_action": "UPD",
              "pattern_entity": {
                "entity_type": "TypeReference",
                "entity_new value": "*",
                "entity_role": "*",
                "entity_parent": "null"
              },
              "concrete_change": {
                "operator": "UPD",
                "src_type": "TypeReference",
                "dst_type": "TypeReference",
                "src": "com.openhtmltopdf.pdfboxout.PdfBoxAccessibilityHelper.StructureItem",
                "dst": "float",
                "src_parent_type": "Field",
                "dst_parent_type": "Field",
                "src_parent": "private com.openhtmltopdf.pdfboxout.PdfBoxAccessibilityHelper.StructureItem _root;",
                "dst_parent": "private float _pageHeight;"
              },
              "line": 30,
              "file": "/home/khesoem/projects/lighter/exp/openhtmltopdf-pdfbox/src/main/java/com/openhtmltopdf/pdfboxout/PdfBoxAccessibilityHelper.java",
              "stats": {
                "number_of_src_entities": 3,
                "number_of_dst_entities": 1,
                "src_entity_types": "[com.openhtmltopdf.pdfboxout.PdfBoxAccessibilityHelper.StructureItem, com.openhtmltopdf.pdfboxout.PdfBoxAccessibilityHelper]",
                "dst_entity_types": "[float]"
              }
            }
          ]
        },
        {
          "tool-name": "Elixir",
          "pattern-name": "Elixir:update_type_ref",
          "Unified_Diff_of-files:": "Starts Below...",
          "DELETE:": "import org.apache.pdfbox.pdmodel.documentinterchange.taggedpdf.StandardStructureTypes;",
          "CHANGE_old:": "            _pdfUa.setDocument(doc);",
          "CHANGE_new:": "            _pdfUa \u003d new PdfBoxAccessibilityHelper(this, _root, doc);",
          "instance_detail": [
            {
              "pattern_action": "UPD",
              "pattern_entity": {
                "entity_type": "TypeReference",
                "entity_new value": "*",
                "entity_role": "*",
                "entity_parent": "null"
              },
              "concrete_change": {
                "operator": "UPD",
                "src_type": "TypeReference",
                "dst_type": "TypeReference",
                "src": "org.w3c.dom.Document",
                "dst": "java.awt.geom.AffineTransform",
                "src_parent_type": "Field",
                "dst_parent_type": "Field",
                "src_parent": "private org.w3c.dom.Document _doc;",
                "dst_parent": "private java.awt.geom.AffineTransform _transform;"
              },
              "line": 29,
              "file": "/home/khesoem/projects/lighter/exp/openhtmltopdf-pdfbox/src/main/java/com/openhtmltopdf/pdfboxout/PdfBoxAccessibilityHelper.java",
              "stats": {
                "number_of_src_entities": 2,
                "number_of_dst_entities": 2,
                "src_entity_types": "[org.w3c.dom.Document]",
                "dst_entity_types": "[java.awt.geom.AffineTransform]"
              }
            }
          ]
        },
        {
          "tool-name": "Elixir",
          "pattern-name": "Elixir:update_type_ref",
          "Unified_Diff_of-files:": "Starts Below...",
          "DELETE:": "import org.apache.pdfbox.pdmodel.documentinterchange.taggedpdf.StandardStructureTypes;",
          "CHANGE_old:": "            _pdfUa.setDocument(doc);",
          "CHANGE_new:": "            _pdfUa \u003d new PdfBoxAccessibilityHelper(this, _root, doc);",
          "instance_detail": [
            {
              "pattern_action": "UPD",
              "pattern_entity": {
                "entity_type": "TypeReference",
                "entity_new value": "*",
                "entity_role": "*",
                "entity_parent": "null"
              },
              "concrete_change": {
                "operator": "UPD",
                "src_type": "TypeReference",
                "dst_type": "TypeReference",
                "src": "void",
                "dst": "org.apache.pdfbox.cos.COSDictionary",
                "src_parent_type": "Method",
                "dst_parent_type": "Method",
                "src_parent": "public void setDocument(org.w3c.dom.Document doc) {\n    this._doc \u003d doc;\n    com.openhtmltopdf.pdfboxout.PdfBoxAccessibilityHelper.StructureItem rootStruct \u003d new com.openhtmltopdf.pdfboxout.PdfBoxAccessibilityHelper.StructureItem(null, null);\n    _root \u003d rootStruct;\n}",
                "dst_parent": "private org.apache.pdfbox.cos.COSDictionary createBackgroundArtifact(com.openhtmltopdf.extend.StructureType type, com.openhtmltopdf.render.Box box) {\n    java.awt.geom.Rectangle2D rect \u003d com.openhtmltopdf.pdfboxout.PdfBoxFastLinkManager.createTargetArea(_ctx, box, _pageHeight, _transform, _rootBox, _od);\n    org.apache.pdfbox.pdmodel.common.PDRectangle pdRect \u003d new org.apache.pdfbox.pdmodel.common.PDRectangle(((float) (rect.getMinX())), ((float) (rect.getMinY())), ((float) (rect.getWidth())), ((float) (rect.getHeight())));\n    org.apache.pdfbox.cos.COSDictionary dict \u003d new org.apache.pdfbox.cos.COSDictionary();\n    dict.setItem(COSName.TYPE, COSName.BACKGROUND);\n    dict.setItem(COSName.BBOX, pdRect);\n    java.lang.System.out.println((((\"CREATING BG ARTIFACT: \" + box) + \" at: \") + rect));\n    return dict;\n}"
              },
              "line": 330,
              "file": "/home/khesoem/projects/lighter/exp/openhtmltopdf-pdfbox/src/main/java/com/openhtmltopdf/pdfboxout/PdfBoxAccessibilityHelper.java",
              "stats": {
                "number_of_src_entities": 1,
                "number_of_dst_entities": 2,
                "src_entity_types": "[void]",
                "dst_entity_types": "[org.apache.pdfbox.cos.COSDictionary]"
              }
            }
          ]
        },
        {
          "tool-name": "Elixir",
          "pattern-name": "Elixir:update_type_ref",
          "Unified_Diff_of-files:": "Starts Below...",
          "DELETE:": "import org.apache.pdfbox.pdmodel.documentinterchange.taggedpdf.StandardStructureTypes;",
          "CHANGE_old:": "            _pdfUa.setDocument(doc);",
          "CHANGE_new:": "            _pdfUa \u003d new PdfBoxAccessibilityHelper(this, _root, doc);",
          "instance_detail": [
            {
              "pattern_action": "UPD",
              "pattern_entity": {
                "entity_type": "TypeReference",
                "entity_new value": "*",
                "entity_role": "*",
                "entity_parent": "null"
              },
              "concrete_change": {
                "operator": "UPD",
                "src_type": "TypeReference",
                "dst_type": "TypeReference",
                "src": "com.openhtmltopdf.pdfboxout.PdfBoxAccessibilityHelper.StructureItem",
                "dst": "org.apache.pdfbox.cos.COSDictionary",
                "src_parent_type": "LocalVariable",
                "dst_parent_type": "LocalVariable",
                "src_parent": "com.openhtmltopdf.pdfboxout.PdfBoxAccessibilityHelper.StructureItem current \u003d createMarkedContentStructureItem(type, box)",
                "dst_parent": "org.apache.pdfbox.cos.COSDictionary current \u003d createBackgroundArtifact(type, box)"
              },
              "line": 278,
              "file": "/home/khesoem/projects/lighter/exp/openhtmltopdf-pdfbox/src/main/java/com/openhtmltopdf/pdfboxout/PdfBoxAccessibilityHelper.java",
              "stats": {
                "number_of_src_entities": 3,
                "number_of_dst_entities": 2,
                "src_entity_types": "[com.openhtmltopdf.pdfboxout.PdfBoxAccessibilityHelper.StructureItem, com.openhtmltopdf.pdfboxout.PdfBoxAccessibilityHelper]",
                "dst_entity_types": "[org.apache.pdfbox.cos.COSDictionary]"
              }
            }
          ]
        }
      ]
    }
  ],
  "complete_analysis": true
}