{
  "instances": [
    {
      "revision": "b5c7319fa9df5a8d88960c710125661a21b82a65",
      "repairability": [
        {
          "tool-name": "Arja",
          "pattern-name": "Arja:arja_shallow_change",
          "Unified_Diff_of-files:": "Starts Below...",
          "CHANGE_old:": "      int f \u003d builder.getBasicNumericContext().getPrecision();",
          "CHANGE_new:": "      int f \u003d builder.getBasicNumericContext().getDefaultFixedPointPrecision();",
          "instance_detail": [
            {
              "pattern_action": "ANY",
              "pattern_entity": {
                "entity_type": "Statement",
                "entity_new value": "*",
                "entity_role": "*",
                "entity_parent": "null"
              },
              "concrete_change": {
                "operator": "UPD",
                "src_type": "Invocation",
                "dst_type": "Invocation",
                "src": "seq.getBasicNumericContext().getPrecision()",
                "dst": "seq.getBasicNumericContext().getDefaultFixedPointPrecision()",
                "src_parent_type": "Invocation",
                "dst_parent_type": "Invocation",
                "src_parent": "unscaled(a, seq.getBasicNumericContext().getPrecision())",
                "dst_parent": "unscaled(a, seq.getBasicNumericContext().getDefaultFixedPointPrecision())"
              },
              "line": 93,
              "file": "/home/khesoem/projects/lighter/exp/lib/fixed/src/main/java/dk/alexandra/fresco/lib/fixed/DefaultFixedNumeric.java",
              "stats": {
                "number_of_src_entities": 8,
                "number_of_dst_entities": 8,
                "src_entity_types": "[dk.alexandra.fresco.lib.fixed.seq]",
                "dst_entity_types": "[dk.alexandra.fresco.lib.fixed.seq]"
              }
            }
          ]
        },
        {
          "tool-name": "Arja",
          "pattern-name": "Arja:arja_shallow_change",
          "Unified_Diff_of-files:": "Starts Below...",
          "CHANGE_old:": "      int f \u003d builder.getBasicNumericContext().getPrecision();",
          "CHANGE_new:": "      int f \u003d builder.getBasicNumericContext().getDefaultFixedPointPrecision();",
          "instance_detail": [
            {
              "pattern_action": "ANY",
              "pattern_entity": {
                "entity_type": "Statement",
                "entity_new value": "*",
                "entity_role": "*",
                "entity_parent": "null"
              },
              "concrete_change": {
                "operator": "UPD",
                "src_type": "Invocation",
                "dst_type": "Invocation",
                "src": "seq.getBasicNumericContext().getPrecision()",
                "dst": "seq.getBasicNumericContext().getDefaultFixedPointPrecision()",
                "src_parent_type": "Invocation",
                "dst_parent_type": "Invocation",
                "src_parent": "unscaled(a, seq.getBasicNumericContext().getPrecision())",
                "dst_parent": "unscaled(a, seq.getBasicNumericContext().getDefaultFixedPointPrecision())"
              },
              "line": 111,
              "file": "/home/khesoem/projects/lighter/exp/lib/fixed/src/main/java/dk/alexandra/fresco/lib/fixed/DefaultFixedNumeric.java",
              "stats": {
                "number_of_src_entities": 8,
                "number_of_dst_entities": 8,
                "src_entity_types": "[dk.alexandra.fresco.lib.fixed.seq]",
                "dst_entity_types": "[dk.alexandra.fresco.lib.fixed.seq]"
              }
            }
          ]
        },
        {
          "tool-name": "Arja",
          "pattern-name": "Arja:arja_shallow_change",
          "Unified_Diff_of-files:": "Starts Below...",
          "CHANGE_old:": "      int f \u003d builder.getBasicNumericContext().getPrecision();",
          "CHANGE_new:": "      int f \u003d builder.getBasicNumericContext().getDefaultFixedPointPrecision();",
          "instance_detail": [
            {
              "pattern_action": "ANY",
              "pattern_entity": {
                "entity_type": "Statement",
                "entity_new value": "*",
                "entity_role": "*",
                "entity_parent": "null"
              },
              "concrete_change": {
                "operator": "UPD",
                "src_type": "Invocation",
                "dst_type": "Invocation",
                "src": "seq.getBasicNumericContext().getPrecision()",
                "dst": "seq.getBasicNumericContext().getDefaultFixedPointPrecision()",
                "src_parent_type": "Invocation",
                "dst_parent_type": "Invocation",
                "src_parent": "unscaled(b, seq.getBasicNumericContext().getPrecision())",
                "dst_parent": "unscaled(b, seq.getBasicNumericContext().getDefaultFixedPointPrecision())"
              },
              "line": 121,
              "file": "/home/khesoem/projects/lighter/exp/lib/fixed/src/main/java/dk/alexandra/fresco/lib/fixed/DefaultFixedNumeric.java",
              "stats": {
                "number_of_src_entities": 8,
                "number_of_dst_entities": 8,
                "src_entity_types": "[dk.alexandra.fresco.lib.fixed.seq]",
                "dst_entity_types": "[dk.alexandra.fresco.lib.fixed.seq]"
              }
            }
          ]
        },
        {
          "tool-name": "Arja",
          "pattern-name": "Arja:arja_shallow_change",
          "Unified_Diff_of-files:": "Starts Below...",
          "CHANGE_old:": "      int f \u003d builder.getBasicNumericContext().getPrecision();",
          "CHANGE_new:": "      int f \u003d builder.getBasicNumericContext().getDefaultFixedPointPrecision();",
          "instance_detail": [
            {
              "pattern_action": "ANY",
              "pattern_entity": {
                "entity_type": "Statement",
                "entity_new value": "*",
                "entity_role": "*",
                "entity_parent": "null"
              },
              "concrete_change": {
                "operator": "UPD",
                "src_type": "Invocation",
                "dst_type": "Invocation",
                "src": "seq.getBasicNumericContext().getPrecision()",
                "dst": "seq.getBasicNumericContext().getDefaultFixedPointPrecision()",
                "src_parent_type": "Invocation",
                "dst_parent_type": "Invocation",
                "src_parent": "unscaled(a, seq.getBasicNumericContext().getPrecision())",
                "dst_parent": "unscaled(a, seq.getBasicNumericContext().getDefaultFixedPointPrecision())"
              },
              "line": 140,
              "file": "/home/khesoem/projects/lighter/exp/lib/fixed/src/main/java/dk/alexandra/fresco/lib/fixed/DefaultFixedNumeric.java",
              "stats": {
                "number_of_src_entities": 8,
                "number_of_dst_entities": 8,
                "src_entity_types": "[dk.alexandra.fresco.lib.fixed.seq]",
                "dst_entity_types": "[dk.alexandra.fresco.lib.fixed.seq]"
              }
            }
          ]
        },
        {
          "tool-name": "Arja",
          "pattern-name": "Arja:arja_shallow_change",
          "Unified_Diff_of-files:": "Starts Below...",
          "CHANGE_old:": "      int f \u003d builder.getBasicNumericContext().getPrecision();",
          "CHANGE_new:": "      int f \u003d builder.getBasicNumericContext().getDefaultFixedPointPrecision();",
          "instance_detail": [
            {
              "pattern_action": "ANY",
              "pattern_entity": {
                "entity_type": "Statement",
                "entity_new value": "*",
                "entity_role": "*",
                "entity_parent": "null"
              },
              "concrete_change": {
                "operator": "UPD",
                "src_type": "Invocation",
                "dst_type": "Invocation",
                "src": "seq.getBasicNumericContext().getPrecision()",
                "dst": "seq.getBasicNumericContext().getDefaultFixedPointPrecision()",
                "src_parent_type": "Invocation",
                "dst_parent_type": "Invocation",
                "src_parent": "scale(seq, fixedA.getSInt(), seq.getBasicNumericContext().getPrecision())",
                "dst_parent": "scale(seq, fixedA.getSInt(), seq.getBasicNumericContext().getDefaultFixedPointPrecision())"
              },
              "line": 153,
              "file": "/home/khesoem/projects/lighter/exp/lib/fixed/src/main/java/dk/alexandra/fresco/lib/fixed/DefaultFixedNumeric.java",
              "stats": {
                "number_of_src_entities": 8,
                "number_of_dst_entities": 8,
                "src_entity_types": "[dk.alexandra.fresco.lib.fixed.seq]",
                "dst_entity_types": "[dk.alexandra.fresco.lib.fixed.seq]"
              }
            }
          ]
        },
        {
          "tool-name": "Arja",
          "pattern-name": "Arja:arja_shallow_change",
          "Unified_Diff_of-files:": "Starts Below...",
          "CHANGE_old:": "      int f \u003d builder.getBasicNumericContext().getPrecision();",
          "CHANGE_new:": "      int f \u003d builder.getBasicNumericContext().getDefaultFixedPointPrecision();",
          "instance_detail": [
            {
              "pattern_action": "ANY",
              "pattern_entity": {
                "entity_type": "Statement",
                "entity_new value": "*",
                "entity_role": "*",
                "entity_parent": "null"
              },
              "concrete_change": {
                "operator": "UPD",
                "src_type": "Invocation",
                "dst_type": "Invocation",
                "src": "seq.getBasicNumericContext().getPrecision()",
                "dst": "seq.getBasicNumericContext().getDefaultFixedPointPrecision()",
                "src_parent_type": "Invocation",
                "dst_parent_type": "Invocation",
                "src_parent": "scale(seq, fixedA.getSInt(), seq.getBasicNumericContext().getPrecision())",
                "dst_parent": "scale(seq, fixedA.getSInt(), seq.getBasicNumericContext().getDefaultFixedPointPrecision())"
              },
              "line": 163,
              "file": "/home/khesoem/projects/lighter/exp/lib/fixed/src/main/java/dk/alexandra/fresco/lib/fixed/DefaultFixedNumeric.java",
              "stats": {
                "number_of_src_entities": 8,
                "number_of_dst_entities": 8,
                "src_entity_types": "[dk.alexandra.fresco.lib.fixed.seq]",
                "dst_entity_types": "[dk.alexandra.fresco.lib.fixed.seq]"
              }
            }
          ]
        },
        {
          "tool-name": "Arja",
          "pattern-name": "Arja:arja_shallow_change",
          "Unified_Diff_of-files:": "Starts Below...",
          "CHANGE_old:": "      int f \u003d builder.getBasicNumericContext().getPrecision();",
          "CHANGE_new:": "      int f \u003d builder.getBasicNumericContext().getDefaultFixedPointPrecision();",
          "instance_detail": [
            {
              "pattern_action": "ANY",
              "pattern_entity": {
                "entity_type": "Statement",
                "entity_new value": "*",
                "entity_role": "*",
                "entity_parent": "null"
              },
              "concrete_change": {
                "operator": "UPD",
                "src_type": "Invocation",
                "dst_type": "Invocation",
                "src": "seq.getBasicNumericContext().getPrecision()",
                "dst": "seq.getBasicNumericContext().getDefaultFixedPointPrecision()",
                "src_parent_type": "Invocation",
                "dst_parent_type": "Invocation",
                "src_parent": "unscaled(b, seq.getBasicNumericContext().getPrecision())",
                "dst_parent": "unscaled(b, seq.getBasicNumericContext().getDefaultFixedPointPrecision())"
              },
              "line": 164,
              "file": "/home/khesoem/projects/lighter/exp/lib/fixed/src/main/java/dk/alexandra/fresco/lib/fixed/DefaultFixedNumeric.java",
              "stats": {
                "number_of_src_entities": 8,
                "number_of_dst_entities": 8,
                "src_entity_types": "[dk.alexandra.fresco.lib.fixed.seq]",
                "dst_entity_types": "[dk.alexandra.fresco.lib.fixed.seq]"
              }
            }
          ]
        },
        {
          "tool-name": "Arja",
          "pattern-name": "Arja:arja_shallow_change",
          "Unified_Diff_of-files:": "Starts Below...",
          "CHANGE_old:": "      int f \u003d builder.getBasicNumericContext().getPrecision();",
          "CHANGE_new:": "      int f \u003d builder.getBasicNumericContext().getDefaultFixedPointPrecision();",
          "instance_detail": [
            {
              "pattern_action": "ANY",
              "pattern_entity": {
                "entity_type": "Statement",
                "entity_new value": "*",
                "entity_role": "*",
                "entity_parent": "null"
              },
              "concrete_change": {
                "operator": "UPD",
                "src_type": "Invocation",
                "dst_type": "Invocation",
                "src": "seq.getBasicNumericContext().getPrecision()",
                "dst": "seq.getBasicNumericContext().getDefaultFixedPointPrecision()",
                "src_parent_type": "Invocation",
                "dst_parent_type": "Invocation",
                "src_parent": "scale(seq, value, seq.getBasicNumericContext().getPrecision())",
                "dst_parent": "scale(seq, value, seq.getBasicNumericContext().getDefaultFixedPointPrecision())"
              },
              "line": 181,
              "file": "/home/khesoem/projects/lighter/exp/lib/fixed/src/main/java/dk/alexandra/fresco/lib/fixed/DefaultFixedNumeric.java",
              "stats": {
                "number_of_src_entities": 8,
                "number_of_dst_entities": 8,
                "src_entity_types": "[dk.alexandra.fresco.lib.fixed.seq]",
                "dst_entity_types": "[dk.alexandra.fresco.lib.fixed.seq]"
              }
            }
          ]
        },
        {
          "tool-name": "Arja",
          "pattern-name": "Arja:arja_shallow_change",
          "Unified_Diff_of-files:": "Starts Below...",
          "CHANGE_old:": "      int f \u003d builder.getBasicNumericContext().getPrecision();",
          "CHANGE_new:": "      int f \u003d builder.getBasicNumericContext().getDefaultFixedPointPrecision();",
          "instance_detail": [
            {
              "pattern_action": "ANY",
              "pattern_entity": {
                "entity_type": "Statement",
                "entity_new value": "*",
                "entity_role": "*",
                "entity_parent": "null"
              },
              "concrete_change": {
                "operator": "UPD",
                "src_type": "Invocation",
                "dst_type": "Invocation",
                "src": "seq.getBasicNumericContext().getPrecision()",
                "dst": "seq.getBasicNumericContext().getDefaultFixedPointPrecision()",
                "src_parent_type": "Invocation",
                "dst_parent_type": "Invocation",
                "src_parent": "scaled(builder.getBasicNumericContext().getFieldDefinition(), unscaledOpen, seq.getBasicNumericContext().getPrecision())",
                "dst_parent": "scaled(builder.getBasicNumericContext().getFieldDefinition(), unscaledOpen, seq.getBasicNumericContext().getDefaultFixedPointPrecision())"
              },
              "line": 203,
              "file": "/home/khesoem/projects/lighter/exp/lib/fixed/src/main/java/dk/alexandra/fresco/lib/fixed/DefaultFixedNumeric.java",
              "stats": {
                "number_of_src_entities": 8,
                "number_of_dst_entities": 8,
                "src_entity_types": "[dk.alexandra.fresco.lib.fixed.seq]",
                "dst_entity_types": "[dk.alexandra.fresco.lib.fixed.seq]"
              }
            }
          ]
        },
        {
          "tool-name": "Arja",
          "pattern-name": "Arja:arja_shallow_change",
          "Unified_Diff_of-files:": "Starts Below...",
          "CHANGE_old:": "      int f \u003d builder.getBasicNumericContext().getPrecision();",
          "CHANGE_new:": "      int f \u003d builder.getBasicNumericContext().getDefaultFixedPointPrecision();",
          "instance_detail": [
            {
              "pattern_action": "ANY",
              "pattern_entity": {
                "entity_type": "Statement",
                "entity_new value": "*",
                "entity_role": "*",
                "entity_parent": "null"
              },
              "concrete_change": {
                "operator": "UPD",
                "src_type": "Invocation",
                "dst_type": "Invocation",
                "src": "(seq.getBasicNumericContext().getPrecision())",
                "dst": "(seq.getBasicNumericContext().getDefaultFixedPointPrecision())",
                "src_parent_type": "UnaryOperator",
                "dst_parent_type": "UnaryOperator",
                "src_parent": "(-(seq.getBasicNumericContext().getPrecision()))",
                "dst_parent": "(-(seq.getBasicNumericContext().getDefaultFixedPointPrecision()))"
              },
              "line": 132,
              "file": "/home/khesoem/projects/lighter/exp/lib/fixed/src/main/java/dk/alexandra/fresco/lib/fixed/DefaultFixedNumeric.java",
              "stats": {
                "number_of_src_entities": 8,
                "number_of_dst_entities": 8,
                "src_entity_types": "[dk.alexandra.fresco.lib.fixed.seq]",
                "dst_entity_types": "[dk.alexandra.fresco.lib.fixed.seq]"
              }
            }
          ]
        },
        {
          "tool-name": "Arja",
          "pattern-name": "Arja:arja_shallow_change",
          "Unified_Diff_of-files:": "Starts Below...",
          "CHANGE_old:": "      int f \u003d builder.getBasicNumericContext().getPrecision();",
          "CHANGE_new:": "      int f \u003d builder.getBasicNumericContext().getDefaultFixedPointPrecision();",
          "instance_detail": [
            {
              "pattern_action": "ANY",
              "pattern_entity": {
                "entity_type": "Statement",
                "entity_new value": "*",
                "entity_role": "*",
                "entity_parent": "null"
              },
              "concrete_change": {
                "operator": "UPD",
                "src_type": "Invocation",
                "dst_type": "Invocation",
                "src": "(seq.getBasicNumericContext().getPrecision())",
                "dst": "(seq.getBasicNumericContext().getDefaultFixedPointPrecision())",
                "src_parent_type": "UnaryOperator",
                "dst_parent_type": "UnaryOperator",
                "src_parent": "(-(seq.getBasicNumericContext().getPrecision()))",
                "dst_parent": "(-(seq.getBasicNumericContext().getDefaultFixedPointPrecision()))"
              },
              "line": 143,
              "file": "/home/khesoem/projects/lighter/exp/lib/fixed/src/main/java/dk/alexandra/fresco/lib/fixed/DefaultFixedNumeric.java",
              "stats": {
                "number_of_src_entities": 8,
                "number_of_dst_entities": 8,
                "src_entity_types": "[dk.alexandra.fresco.lib.fixed.seq]",
                "dst_entity_types": "[dk.alexandra.fresco.lib.fixed.seq]"
              }
            }
          ]
        },
        {
          "tool-name": "Arja",
          "pattern-name": "Arja:arja_shallow_change",
          "Unified_Diff_of-files:": "Starts Below...",
          "CHANGE_old:": "      int f \u003d builder.getBasicNumericContext().getPrecision();",
          "CHANGE_new:": "      int f \u003d builder.getBasicNumericContext().getDefaultFixedPointPrecision();",
          "instance_detail": [
            {
              "pattern_action": "ANY",
              "pattern_entity": {
                "entity_type": "Statement",
                "entity_new value": "*",
                "entity_role": "*",
                "entity_parent": "null"
              },
              "concrete_change": {
                "operator": "UPD",
                "src_type": "Invocation",
                "dst_type": "Invocation",
                "src": "seq.getBasicNumericContext().getPrecision()",
                "dst": "seq.getBasicNumericContext().getDefaultFixedPointPrecision()",
                "src_parent_type": "Invocation",
                "dst_parent_type": "Invocation",
                "src_parent": "unscaled(value, seq.getBasicNumericContext().getPrecision())",
                "dst_parent": "unscaled(value, seq.getBasicNumericContext().getDefaultFixedPointPrecision())"
              },
              "line": 173,
              "file": "/home/khesoem/projects/lighter/exp/lib/fixed/src/main/java/dk/alexandra/fresco/lib/fixed/DefaultFixedNumeric.java",
              "stats": {
                "number_of_src_entities": 8,
                "number_of_dst_entities": 8,
                "src_entity_types": "[dk.alexandra.fresco.lib.fixed.seq]",
                "dst_entity_types": "[dk.alexandra.fresco.lib.fixed.seq]"
              }
            }
          ]
        },
        {
          "tool-name": "Arja",
          "pattern-name": "Arja:arja_shallow_change",
          "Unified_Diff_of-files:": "Starts Below...",
          "CHANGE_old:": "      int f \u003d builder.getBasicNumericContext().getPrecision();",
          "CHANGE_new:": "      int f \u003d builder.getBasicNumericContext().getDefaultFixedPointPrecision();",
          "instance_detail": [
            {
              "pattern_action": "ANY",
              "pattern_entity": {
                "entity_type": "Statement",
                "entity_new value": "*",
                "entity_role": "*",
                "entity_parent": "null"
              },
              "concrete_change": {
                "operator": "UPD",
                "src_type": "Invocation",
                "dst_type": "Invocation",
                "src": "seq.getBasicNumericContext().getPrecision()",
                "dst": "seq.getBasicNumericContext().getDefaultFixedPointPrecision()",
                "src_parent_type": "Invocation",
                "dst_parent_type": "Invocation",
                "src_parent": "unscaled(value, seq.getBasicNumericContext().getPrecision())",
                "dst_parent": "unscaled(value, seq.getBasicNumericContext().getDefaultFixedPointPrecision())"
              },
              "line": 189,
              "file": "/home/khesoem/projects/lighter/exp/lib/fixed/src/main/java/dk/alexandra/fresco/lib/fixed/DefaultFixedNumeric.java",
              "stats": {
                "number_of_src_entities": 8,
                "number_of_dst_entities": 8,
                "src_entity_types": "[dk.alexandra.fresco.lib.fixed.seq]",
                "dst_entity_types": "[dk.alexandra.fresco.lib.fixed.seq]"
              }
            }
          ]
        },
        {
          "tool-name": "Arja",
          "pattern-name": "Arja:arja_shallow_change",
          "Unified_Diff_of-files:": "Starts Below...",
          "CHANGE_old:": "      int f \u003d builder.getBasicNumericContext().getPrecision();",
          "CHANGE_new:": "      int f \u003d builder.getBasicNumericContext().getDefaultFixedPointPrecision();",
          "instance_detail": [
            {
              "pattern_action": "ANY",
              "pattern_entity": {
                "entity_type": "Statement",
                "entity_new value": "*",
                "entity_role": "*",
                "entity_parent": "null"
              },
              "concrete_change": {
                "operator": "UPD",
                "src_type": "Invocation",
                "dst_type": "Invocation",
                "src": "seq.getBasicNumericContext().getPrecision()",
                "dst": "seq.getBasicNumericContext().getDefaultFixedPointPrecision()",
                "src_parent_type": "Invocation",
                "dst_parent_type": "Invocation",
                "src_parent": "scaled(builder.getBasicNumericContext().getFieldDefinition(), unscaledOpen, seq.getBasicNumericContext().getPrecision())",
                "dst_parent": "scaled(builder.getBasicNumericContext().getFieldDefinition(), unscaledOpen, seq.getBasicNumericContext().getDefaultFixedPointPrecision())"
              },
              "line": 217,
              "file": "/home/khesoem/projects/lighter/exp/lib/fixed/src/main/java/dk/alexandra/fresco/lib/fixed/DefaultFixedNumeric.java",
              "stats": {
                "number_of_src_entities": 8,
                "number_of_dst_entities": 8,
                "src_entity_types": "[dk.alexandra.fresco.lib.fixed.seq]",
                "dst_entity_types": "[dk.alexandra.fresco.lib.fixed.seq]"
              }
            }
          ]
        }
      ]
    },
    {
      "revision": "b5c7319fa9df5a8d88960c710125661a21b82a65",
      "repairability": [
        {
          "tool-name": "Arja",
          "pattern-name": "Arja:arja_shallow_change",
          "Unified_Diff_of-files:": "Starts Below...",
          "CHANGE_old:": "      int f \u003d builder.getBasicNumericContext().getPrecision();",
          "CHANGE_new:": "      int f \u003d builder.getBasicNumericContext().getDefaultFixedPointPrecision();",
          "instance_detail": [
            {
              "pattern_action": "ANY",
              "pattern_entity": {
                "entity_type": "Statement",
                "entity_new value": "*",
                "entity_role": "*",
                "entity_parent": "null"
              },
              "concrete_change": {
                "operator": "UPD",
                "src_type": "Invocation",
                "dst_type": "Invocation",
                "src": "seq.getBasicNumericContext().getPrecision()",
                "dst": "seq.getBasicNumericContext().getDefaultFixedPointPrecision()",
                "src_parent_type": "Invocation",
                "dst_parent_type": "Invocation",
                "src_parent": "dk.alexandra.fresco.lib.common.math.AdvancedNumeric.using(seq).rightShift(xFixed.getSInt(), seq.getBasicNumericContext().getPrecision())",
                "dst_parent": "dk.alexandra.fresco.lib.common.math.AdvancedNumeric.using(seq).rightShift(xFixed.getSInt(), seq.getBasicNumericContext().getDefaultFixedPointPrecision())"
              },
              "line": 72,
              "file": "/home/khesoem/projects/lighter/exp/lib/fixed/src/main/java/dk/alexandra/fresco/lib/fixed/DefaultAdvancedFixedNumeric.java",
              "stats": {
                "number_of_src_entities": 8,
                "number_of_dst_entities": 8,
                "src_entity_types": "[dk.alexandra.fresco.lib.fixed.seq]",
                "dst_entity_types": "[dk.alexandra.fresco.lib.fixed.seq]"
              }
            }
          ]
        },
        {
          "tool-name": "Arja",
          "pattern-name": "Arja:arja_shallow_change",
          "Unified_Diff_of-files:": "Starts Below...",
          "CHANGE_old:": "      int f \u003d builder.getBasicNumericContext().getPrecision();",
          "CHANGE_new:": "      int f \u003d builder.getBasicNumericContext().getDefaultFixedPointPrecision();",
          "instance_detail": [
            {
              "pattern_action": "ANY",
              "pattern_entity": {
                "entity_type": "Statement",
                "entity_new value": "*",
                "entity_role": "*",
                "entity_parent": "null"
              },
              "concrete_change": {
                "operator": "UPD",
                "src_type": "Invocation",
                "dst_type": "Invocation",
                "src": "seq.getBasicNumericContext().getPrecision()",
                "dst": "seq.getBasicNumericContext().getDefaultFixedPointPrecision()",
                "src_parent_type": "Invocation",
                "dst_parent_type": "Invocation",
                "src_parent": "dk.alexandra.fresco.lib.common.math.AdvancedNumeric.using(seq).truncate(innerProductBeforeTruncation, seq.getBasicNumericContext().getPrecision())",
                "dst_parent": "dk.alexandra.fresco.lib.common.math.AdvancedNumeric.using(seq).truncate(innerProductBeforeTruncation, seq.getBasicNumericContext().getDefaultFixedPointPrecision())"
              },
              "line": 106,
              "file": "/home/khesoem/projects/lighter/exp/lib/fixed/src/main/java/dk/alexandra/fresco/lib/fixed/DefaultAdvancedFixedNumeric.java",
              "stats": {
                "number_of_src_entities": 8,
                "number_of_dst_entities": 8,
                "src_entity_types": "[dk.alexandra.fresco.lib.fixed.seq]",
                "dst_entity_types": "[dk.alexandra.fresco.lib.fixed.seq]"
              }
            }
          ]
        },
        {
          "tool-name": "Arja",
          "pattern-name": "Arja:arja_shallow_change",
          "Unified_Diff_of-files:": "Starts Below...",
          "CHANGE_old:": "      int f \u003d builder.getBasicNumericContext().getPrecision();",
          "CHANGE_new:": "      int f \u003d builder.getBasicNumericContext().getDefaultFixedPointPrecision();",
          "instance_detail": [
            {
              "pattern_action": "ANY",
              "pattern_entity": {
                "entity_type": "Statement",
                "entity_new value": "*",
                "entity_role": "*",
                "entity_parent": "null"
              },
              "concrete_change": {
                "operator": "UPD",
                "src_type": "Invocation",
                "dst_type": "Invocation",
                "src": "seq.getBasicNumericContext().getPrecision()",
                "dst": "seq.getBasicNumericContext().getDefaultFixedPointPrecision()",
                "src_parent_type": "Invocation",
                "dst_parent_type": "Invocation",
                "src_parent": "dk.alexandra.fresco.lib.common.math.AdvancedNumeric.using(seq).truncate(innerProductBeforeTruncation, seq.getBasicNumericContext().getPrecision())",
                "dst_parent": "dk.alexandra.fresco.lib.common.math.AdvancedNumeric.using(seq).truncate(innerProductBeforeTruncation, seq.getBasicNumericContext().getDefaultFixedPointPrecision())"
              },
              "line": 135,
              "file": "/home/khesoem/projects/lighter/exp/lib/fixed/src/main/java/dk/alexandra/fresco/lib/fixed/DefaultAdvancedFixedNumeric.java",
              "stats": {
                "number_of_src_entities": 8,
                "number_of_dst_entities": 8,
                "src_entity_types": "[dk.alexandra.fresco.lib.fixed.seq]",
                "dst_entity_types": "[dk.alexandra.fresco.lib.fixed.seq]"
              }
            }
          ]
        },
        {
          "tool-name": "Arja",
          "pattern-name": "Arja:arja_shallow_change",
          "Unified_Diff_of-files:": "Starts Below...",
          "CHANGE_old:": "      int f \u003d builder.getBasicNumericContext().getPrecision();",
          "CHANGE_new:": "      int f \u003d builder.getBasicNumericContext().getDefaultFixedPointPrecision();",
          "instance_detail": [
            {
              "pattern_action": "ANY",
              "pattern_entity": {
                "entity_type": "Statement",
                "entity_new value": "*",
                "entity_role": "*",
                "entity_parent": "null"
              },
              "concrete_change": {
                "operator": "UPD",
                "src_type": "Invocation",
                "dst_type": "Invocation",
                "src": "seq.getBasicNumericContext().getPrecision()",
                "dst": "seq.getBasicNumericContext().getDefaultFixedPointPrecision()",
                "src_parent_type": "Invocation",
                "dst_parent_type": "Invocation",
                "src_parent": "dk.alexandra.fresco.lib.common.math.AdvancedNumeric.using(seq).additiveMask(seq.getBasicNumericContext().getPrecision())",
                "dst_parent": "dk.alexandra.fresco.lib.common.math.AdvancedNumeric.using(seq).additiveMask(seq.getBasicNumericContext().getDefaultFixedPointPrecision())"
              },
              "line": 37,
              "file": "/home/khesoem/projects/lighter/exp/lib/fixed/src/main/java/dk/alexandra/fresco/lib/fixed/DefaultAdvancedFixedNumeric.java",
              "stats": {
                "number_of_src_entities": 8,
                "number_of_dst_entities": 8,
                "src_entity_types": "[dk.alexandra.fresco.lib.fixed.seq]",
                "dst_entity_types": "[dk.alexandra.fresco.lib.fixed.seq]"
              }
            }
          ]
        },
        {
          "tool-name": "Arja",
          "pattern-name": "Arja:arja_shallow_change",
          "Unified_Diff_of-files:": "Starts Below...",
          "CHANGE_old:": "      int f \u003d builder.getBasicNumericContext().getPrecision();",
          "CHANGE_new:": "      int f \u003d builder.getBasicNumericContext().getDefaultFixedPointPrecision();",
          "instance_detail": [
            {
              "pattern_action": "ANY",
              "pattern_entity": {
                "entity_type": "Statement",
                "entity_new value": "*",
                "entity_role": "*",
                "entity_parent": "null"
              },
              "concrete_change": {
                "operator": "UPD",
                "src_type": "Invocation",
                "dst_type": "Invocation",
                "src": "seq.getBasicNumericContext().getPrecision()",
                "dst": "seq.getBasicNumericContext().getDefaultFixedPointPrecision()",
                "src_parent_type": "Invocation",
                "dst_parent_type": "Invocation",
                "src_parent": "java.math.BigInteger.valueOf(seq.getBasicNumericContext().getPrecision())",
                "dst_parent": "java.math.BigInteger.valueOf(seq.getBasicNumericContext().getDefaultFixedPointPrecision())"
              },
              "line": 54,
              "file": "/home/khesoem/projects/lighter/exp/lib/fixed/src/main/java/dk/alexandra/fresco/lib/fixed/DefaultAdvancedFixedNumeric.java",
              "stats": {
                "number_of_src_entities": 8,
                "number_of_dst_entities": 8,
                "src_entity_types": "[dk.alexandra.fresco.lib.fixed.seq]",
                "dst_entity_types": "[dk.alexandra.fresco.lib.fixed.seq]"
              }
            }
          ]
        },
        {
          "tool-name": "Arja",
          "pattern-name": "Arja:arja_shallow_change",
          "Unified_Diff_of-files:": "Starts Below...",
          "CHANGE_old:": "      int f \u003d builder.getBasicNumericContext().getPrecision();",
          "CHANGE_new:": "      int f \u003d builder.getBasicNumericContext().getDefaultFixedPointPrecision();",
          "instance_detail": [
            {
              "pattern_action": "ANY",
              "pattern_entity": {
                "entity_type": "Statement",
                "entity_new value": "*",
                "entity_role": "*",
                "entity_parent": "null"
              },
              "concrete_change": {
                "operator": "UPD",
                "src_type": "Invocation",
                "dst_type": "Invocation",
                "src": "(seq.getBasicNumericContext().getPrecision())",
                "dst": "(seq.getBasicNumericContext().getDefaultFixedPointPrecision())",
                "src_parent_type": "BinaryOperator",
                "dst_parent_type": "BinaryOperator",
                "src_parent": "((seq.getBasicNumericContext().getPrecision()) * 2)",
                "dst_parent": "((seq.getBasicNumericContext().getDefaultFixedPointPrecision()) * 2)"
              },
              "line": 49,
              "file": "/home/khesoem/projects/lighter/exp/lib/fixed/src/main/java/dk/alexandra/fresco/lib/fixed/DefaultAdvancedFixedNumeric.java",
              "stats": {
                "number_of_src_entities": 8,
                "number_of_dst_entities": 8,
                "src_entity_types": "[dk.alexandra.fresco.lib.fixed.seq]",
                "dst_entity_types": "[dk.alexandra.fresco.lib.fixed.seq]"
              }
            }
          ]
        },
        {
          "tool-name": "Arja",
          "pattern-name": "Arja:arja_shallow_change",
          "Unified_Diff_of-files:": "Starts Below...",
          "CHANGE_old:": "      int f \u003d builder.getBasicNumericContext().getPrecision();",
          "CHANGE_new:": "      int f \u003d builder.getBasicNumericContext().getDefaultFixedPointPrecision();",
          "instance_detail": [
            {
              "pattern_action": "ANY",
              "pattern_entity": {
                "entity_type": "Statement",
                "entity_new value": "*",
                "entity_role": "*",
                "entity_parent": "null"
              },
              "concrete_change": {
                "operator": "UPD",
                "src_type": "Invocation",
                "dst_type": "Invocation",
                "src": "seq.getBasicNumericContext().getPrecision()",
                "dst": "seq.getBasicNumericContext().getDefaultFixedPointPrecision()",
                "src_parent_type": "Invocation",
                "dst_parent_type": "Invocation",
                "src_parent": "java.math.BigInteger.valueOf(2).pow(seq.getBasicNumericContext().getPrecision())",
                "dst_parent": "java.math.BigInteger.valueOf(2).pow(seq.getBasicNumericContext().getDefaultFixedPointPrecision())"
              },
              "line": 126,
              "file": "/home/khesoem/projects/lighter/exp/lib/fixed/src/main/java/dk/alexandra/fresco/lib/fixed/DefaultAdvancedFixedNumeric.java",
              "stats": {
                "number_of_src_entities": 8,
                "number_of_dst_entities": 8,
                "src_entity_types": "[dk.alexandra.fresco.lib.fixed.seq]",
                "dst_entity_types": "[dk.alexandra.fresco.lib.fixed.seq]"
              }
            }
          ]
        }
      ]
    },
    {
      "revision": "b5c7319fa9df5a8d88960c710125661a21b82a65",
      "repairability": [
        {
          "tool-name": "Arja",
          "pattern-name": "Arja:arja_shallow_change",
          "Unified_Diff_of-files:": "Starts Below...",
          "CHANGE_old:": "      int f \u003d builder.getBasicNumericContext().getPrecision();",
          "CHANGE_new:": "      int f \u003d builder.getBasicNumericContext().getDefaultFixedPointPrecision();",
          "instance_detail": [
            {
              "pattern_action": "ANY",
              "pattern_entity": {
                "entity_type": "Statement",
                "entity_new value": "*",
                "entity_role": "*",
                "entity_parent": "null"
              },
              "concrete_change": {
                "operator": "UPD",
                "src_type": "Invocation",
                "dst_type": "Invocation",
                "src": "(r2.getBasicNumericContext().getPrecision())",
                "dst": "(r2.getBasicNumericContext().getDefaultFixedPointPrecision())",
                "src_parent_type": "BinaryOperator",
                "dst_parent_type": "BinaryOperator",
                "src_parent": "((r2.getBasicNumericContext().getPrecision()) + 1)",
                "dst_parent": "((r2.getBasicNumericContext().getDefaultFixedPointPrecision()) + 1)"
              },
              "line": 41,
              "file": "/home/khesoem/projects/lighter/exp/lib/fixed/src/main/java/dk/alexandra/fresco/lib/fixed/math/Reciprocal.java",
              "stats": {
                "number_of_src_entities": 8,
                "number_of_dst_entities": 8,
                "src_entity_types": "[dk.alexandra.fresco.lib.fixed.math.r2]",
                "dst_entity_types": "[dk.alexandra.fresco.lib.fixed.math.r2]"
              }
            }
          ]
        }
      ]
    },
    {
      "revision": "b5c7319fa9df5a8d88960c710125661a21b82a65",
      "repairability": [
        {
          "tool-name": "Arja",
          "pattern-name": "Arja:arja_shallow_change",
          "Unified_Diff_of-files:": "Starts Below...",
          "CHANGE_old:": "      int f \u003d builder.getBasicNumericContext().getPrecision();",
          "CHANGE_new:": "      int f \u003d builder.getBasicNumericContext().getDefaultFixedPointPrecision();",
          "instance_detail": [
            {
              "pattern_action": "ANY",
              "pattern_entity": {
                "entity_type": "Statement",
                "entity_new value": "*",
                "entity_role": "*",
                "entity_parent": "null"
              },
              "concrete_change": {
                "operator": "UPD",
                "src_type": "Invocation",
                "dst_type": "Invocation",
                "src": "builder.getBasicNumericContext().getPrecision()",
                "dst": "builder.getBasicNumericContext().getDefaultFixedPointPrecision()",
                "src_parent_type": "LocalVariable",
                "dst_parent_type": "LocalVariable",
                "src_parent": "int f \u003d builder.getBasicNumericContext().getPrecision()",
                "dst_parent": "int f \u003d builder.getBasicNumericContext().getDefaultFixedPointPrecision()"
              },
              "line": 63,
              "file": "/home/khesoem/projects/lighter/exp/lib/fixed/src/main/java/dk/alexandra/fresco/lib/fixed/math/TwoPower.java",
              "stats": {
                "number_of_src_entities": 8,
                "number_of_dst_entities": 8,
                "src_entity_types": "[dk.alexandra.fresco.lib.fixed.math.builder]",
                "dst_entity_types": "[dk.alexandra.fresco.lib.fixed.math.builder]"
              }
            }
          ]
        },
        {
          "tool-name": "Arja",
          "pattern-name": "Arja:arja_shallow_change",
          "Unified_Diff_of-files:": "Starts Below...",
          "CHANGE_old:": "      int f \u003d builder.getBasicNumericContext().getPrecision();",
          "CHANGE_new:": "      int f \u003d builder.getBasicNumericContext().getDefaultFixedPointPrecision();",
          "instance_detail": [
            {
              "pattern_action": "ANY",
              "pattern_entity": {
                "entity_type": "Statement",
                "entity_new value": "*",
                "entity_role": "*",
                "entity_parent": "null"
              },
              "concrete_change": {
                "operator": "UPD",
                "src_type": "Invocation",
                "dst_type": "Invocation",
                "src": "builder.getBasicNumericContext().getPrecision()",
                "dst": "builder.getBasicNumericContext().getDefaultFixedPointPrecision()",
                "src_parent_type": "LocalVariable",
                "dst_parent_type": "LocalVariable",
                "src_parent": "int f \u003d builder.getBasicNumericContext().getPrecision()",
                "dst_parent": "int f \u003d builder.getBasicNumericContext().getDefaultFixedPointPrecision()"
              },
              "line": 36,
              "file": "/home/khesoem/projects/lighter/exp/lib/fixed/src/main/java/dk/alexandra/fresco/lib/fixed/math/TwoPower.java",
              "stats": {
                "number_of_src_entities": 8,
                "number_of_dst_entities": 8,
                "src_entity_types": "[dk.alexandra.fresco.lib.fixed.math.builder]",
                "dst_entity_types": "[dk.alexandra.fresco.lib.fixed.math.builder]"
              }
            }
          ]
        }
      ]
    }
  ],
  "complete_analysis": true
}