{
  "instances": [
    {
      "revision": "ac4fbbd85cf56e871edbe65bfac5beae7a842580",
      "repairability": [
        {
          "tool-name": "Arja",
          "pattern-name": "Arja:arja_deep_change",
          "Unified_Diff_of-files:": "Starts Below...",
          "DELETE:": "",
          "instance_detail": [
            {
              "pattern_action": "ANY",
              "pattern_entity": {
                "entity_type": "*",
                "entity_new value": "*",
                "entity_role": "*",
                "entity_parent": {
                  "entity_type": "Statement",
                  "entity_new value": "*",
                  "entity_role": "*",
                  "entity_parent": "null"
                }
              },
              "concrete_change": {
                "operator": "UPD",
                "src_type": "TypeAccess",
                "dst_type": "TypeAccess",
                "src": "dk.alexandra.fresco.lib.field.bool.ConditionalSelect",
                "dst": "dk.alexandra.fresco.lib.common.math.field.bool.ConditionalSelect",
                "src_parent_type": "ThisAccess",
                "dst_parent_type": "ThisAccess",
                "src_parent": "this",
                "dst_parent": "this"
              },
              "stats": {
                "number_of_src_entities": 3,
                "number_of_dst_entities": 3,
                "src_entity_types": "[dk.alexandra.fresco.lib.field.bool.ConditionalSelect]",
                "dst_entity_types": "[dk.alexandra.fresco.lib.common.math.field.bool.ConditionalSelect]"
              }
            }
          ]
        },
        {
          "tool-name": "Arja",
          "pattern-name": "Arja:arja_deep_change",
          "Unified_Diff_of-files:": "Starts Below...",
          "DELETE:": "",
          "instance_detail": [
            {
              "pattern_action": "ANY",
              "pattern_entity": {
                "entity_type": "*",
                "entity_new value": "*",
                "entity_role": "*",
                "entity_parent": {
                  "entity_type": "Statement",
                  "entity_new value": "*",
                  "entity_role": "*",
                  "entity_parent": "null"
                }
              },
              "concrete_change": {
                "operator": "UPD",
                "src_type": "TypeAccess",
                "dst_type": "TypeAccess",
                "src": "dk.alexandra.fresco.lib.field.bool.ConditionalSelect",
                "dst": "dk.alexandra.fresco.lib.common.math.field.bool.ConditionalSelect",
                "src_parent_type": "ThisAccess",
                "dst_parent_type": "ThisAccess",
                "src_parent": "this",
                "dst_parent": "this"
              },
              "stats": {
                "number_of_src_entities": 3,
                "number_of_dst_entities": 3,
                "src_entity_types": "[dk.alexandra.fresco.lib.field.bool.ConditionalSelect]",
                "dst_entity_types": "[dk.alexandra.fresco.lib.common.math.field.bool.ConditionalSelect]"
              }
            }
          ]
        },
        {
          "tool-name": "Arja",
          "pattern-name": "Arja:arja_deep_change",
          "Unified_Diff_of-files:": "Starts Below...",
          "DELETE:": "",
          "instance_detail": [
            {
              "pattern_action": "ANY",
              "pattern_entity": {
                "entity_type": "*",
                "entity_new value": "*",
                "entity_role": "*",
                "entity_parent": {
                  "entity_type": "Statement",
                  "entity_new value": "*",
                  "entity_role": "*",
                  "entity_parent": "null"
                }
              },
              "concrete_change": {
                "operator": "UPD",
                "src_type": "TypeAccess",
                "dst_type": "TypeAccess",
                "src": "dk.alexandra.fresco.lib.field.bool.ConditionalSelect",
                "dst": "dk.alexandra.fresco.lib.common.math.field.bool.ConditionalSelect",
                "src_parent_type": "ThisAccess",
                "dst_parent_type": "ThisAccess",
                "src_parent": "this",
                "dst_parent": "this"
              },
              "stats": {
                "number_of_src_entities": 3,
                "number_of_dst_entities": 3,
                "src_entity_types": "[dk.alexandra.fresco.lib.field.bool.ConditionalSelect]",
                "dst_entity_types": "[dk.alexandra.fresco.lib.common.math.field.bool.ConditionalSelect]"
              }
            }
          ]
        },
        {
          "tool-name": "Arja",
          "pattern-name": "Arja:arja_deep_change",
          "Unified_Diff_of-files:": "Starts Below...",
          "DELETE:": "",
          "instance_detail": [
            {
              "pattern_action": "ANY",
              "pattern_entity": {
                "entity_type": "*",
                "entity_new value": "*",
                "entity_role": "*",
                "entity_parent": {
                  "entity_type": "Statement",
                  "entity_new value": "*",
                  "entity_role": "*",
                  "entity_parent": "null"
                }
              },
              "concrete_change": {
                "operator": "UPD",
                "src_type": "TypeAccess",
                "dst_type": "TypeAccess",
                "src": "dk.alexandra.fresco.lib.field.bool.ConditionalSelect",
                "dst": "dk.alexandra.fresco.lib.common.math.field.bool.ConditionalSelect",
                "src_parent_type": "ThisAccess",
                "dst_parent_type": "ThisAccess",
                "src_parent": "",
                "dst_parent": ""
              },
              "stats": {
                "number_of_src_entities": 3,
                "number_of_dst_entities": 3,
                "src_entity_types": "[dk.alexandra.fresco.lib.field.bool.ConditionalSelect]",
                "dst_entity_types": "[dk.alexandra.fresco.lib.common.math.field.bool.ConditionalSelect]"
              }
            }
          ]
        },
        {
          "tool-name": "Arja",
          "pattern-name": "Arja:arja_deep_change",
          "Unified_Diff_of-files:": "Starts Below...",
          "DELETE:": "",
          "instance_detail": [
            {
              "pattern_action": "ANY",
              "pattern_entity": {
                "entity_type": "*",
                "entity_new value": "*",
                "entity_role": "*",
                "entity_parent": {
                  "entity_type": "Statement",
                  "entity_new value": "*",
                  "entity_role": "*",
                  "entity_parent": "null"
                }
              },
              "concrete_change": {
                "operator": "UPD",
                "src_type": "TypeAccess",
                "dst_type": "TypeAccess",
                "src": "dk.alexandra.fresco.lib.field.bool.ConditionalSelect",
                "dst": "dk.alexandra.fresco.lib.common.math.field.bool.ConditionalSelect",
                "src_parent_type": "ThisAccess",
                "dst_parent_type": "ThisAccess",
                "src_parent": "",
                "dst_parent": ""
              },
              "stats": {
                "number_of_src_entities": 3,
                "number_of_dst_entities": 3,
                "src_entity_types": "[dk.alexandra.fresco.lib.field.bool.ConditionalSelect]",
                "dst_entity_types": "[dk.alexandra.fresco.lib.common.math.field.bool.ConditionalSelect]"
              }
            }
          ]
        },
        {
          "tool-name": "Arja",
          "pattern-name": "Arja:arja_deep_change",
          "Unified_Diff_of-files:": "Starts Below...",
          "DELETE:": "",
          "instance_detail": [
            {
              "pattern_action": "ANY",
              "pattern_entity": {
                "entity_type": "*",
                "entity_new value": "*",
                "entity_role": "*",
                "entity_parent": {
                  "entity_type": "Statement",
                  "entity_new value": "*",
                  "entity_role": "*",
                  "entity_parent": "null"
                }
              },
              "concrete_change": {
                "operator": "UPD",
                "src_type": "TypeAccess",
                "dst_type": "TypeAccess",
                "src": "dk.alexandra.fresco.lib.field.bool.ConditionalSelect",
                "dst": "dk.alexandra.fresco.lib.common.math.field.bool.ConditionalSelect",
                "src_parent_type": "ThisAccess",
                "dst_parent_type": "ThisAccess",
                "src_parent": "",
                "dst_parent": ""
              },
              "stats": {
                "number_of_src_entities": 3,
                "number_of_dst_entities": 3,
                "src_entity_types": "[dk.alexandra.fresco.lib.field.bool.ConditionalSelect]",
                "dst_entity_types": "[dk.alexandra.fresco.lib.common.math.field.bool.ConditionalSelect]"
              }
            }
          ]
        }
      ]
    },
    {
      "revision": "ac4fbbd85cf56e871edbe65bfac5beae7a842580",
      "repairability": [
        {
          "tool-name": "Arja",
          "pattern-name": "Arja:arja_deep_change",
          "Unified_Diff_of-files:": "Starts Below...",
          "DELETE:": "",
          "instance_detail": [
            {
              "pattern_action": "ANY",
              "pattern_entity": {
                "entity_type": "*",
                "entity_new value": "*",
                "entity_role": "*",
                "entity_parent": {
                  "entity_type": "Statement",
                  "entity_new value": "*",
                  "entity_role": "*",
                  "entity_parent": "null"
                }
              },
              "concrete_change": {
                "operator": "UPD",
                "src_type": "TypeAccess",
                "dst_type": "TypeAccess",
                "src": "dk.alexandra.fresco.lib.field.bool.generic.AndFromPublicValue",
                "dst": "dk.alexandra.fresco.lib.common.math.field.bool.generic.AndFromPublicValue",
                "src_parent_type": "ThisAccess",
                "dst_parent_type": "ThisAccess",
                "src_parent": "",
                "dst_parent": ""
              },
              "stats": {
                "number_of_src_entities": 3,
                "number_of_dst_entities": 3,
                "src_entity_types": "[dk.alexandra.fresco.lib.field.bool.generic.AndFromPublicValue]",
                "dst_entity_types": "[dk.alexandra.fresco.lib.common.math.field.bool.generic.AndFromPublicValue]"
              }
            }
          ]
        },
        {
          "tool-name": "Arja",
          "pattern-name": "Arja:arja_deep_change",
          "Unified_Diff_of-files:": "Starts Below...",
          "DELETE:": "",
          "instance_detail": [
            {
              "pattern_action": "ANY",
              "pattern_entity": {
                "entity_type": "*",
                "entity_new value": "*",
                "entity_role": "*",
                "entity_parent": {
                  "entity_type": "Statement",
                  "entity_new value": "*",
                  "entity_role": "*",
                  "entity_parent": "null"
                }
              },
              "concrete_change": {
                "operator": "UPD",
                "src_type": "TypeAccess",
                "dst_type": "TypeAccess",
                "src": "dk.alexandra.fresco.lib.field.bool.generic.AndFromPublicValue",
                "dst": "dk.alexandra.fresco.lib.common.math.field.bool.generic.AndFromPublicValue",
                "src_parent_type": "ThisAccess",
                "dst_parent_type": "ThisAccess",
                "src_parent": "this",
                "dst_parent": "this"
              },
              "stats": {
                "number_of_src_entities": 3,
                "number_of_dst_entities": 3,
                "src_entity_types": "[dk.alexandra.fresco.lib.field.bool.generic.AndFromPublicValue]",
                "dst_entity_types": "[dk.alexandra.fresco.lib.common.math.field.bool.generic.AndFromPublicValue]"
              }
            }
          ]
        },
        {
          "tool-name": "Arja",
          "pattern-name": "Arja:arja_deep_change",
          "Unified_Diff_of-files:": "Starts Below...",
          "DELETE:": "",
          "instance_detail": [
            {
              "pattern_action": "ANY",
              "pattern_entity": {
                "entity_type": "*",
                "entity_new value": "*",
                "entity_role": "*",
                "entity_parent": {
                  "entity_type": "Statement",
                  "entity_new value": "*",
                  "entity_role": "*",
                  "entity_parent": "null"
                }
              },
              "concrete_change": {
                "operator": "UPD",
                "src_type": "TypeAccess",
                "dst_type": "TypeAccess",
                "src": "dk.alexandra.fresco.lib.field.bool.generic.AndFromPublicValue",
                "dst": "dk.alexandra.fresco.lib.common.math.field.bool.generic.AndFromPublicValue",
                "src_parent_type": "ThisAccess",
                "dst_parent_type": "ThisAccess",
                "src_parent": "this",
                "dst_parent": "this"
              },
              "stats": {
                "number_of_src_entities": 3,
                "number_of_dst_entities": 3,
                "src_entity_types": "[dk.alexandra.fresco.lib.field.bool.generic.AndFromPublicValue]",
                "dst_entity_types": "[dk.alexandra.fresco.lib.common.math.field.bool.generic.AndFromPublicValue]"
              }
            }
          ]
        }
      ]
    },
    {
      "revision": "ac4fbbd85cf56e871edbe65bfac5beae7a842580",
      "repairability": [
        {
          "tool-name": "Arja",
          "pattern-name": "Arja:arja_deep_change",
          "Unified_Diff_of-files:": "Starts Below...",
          "DELETE:": "",
          "instance_detail": [
            {
              "pattern_action": "ANY",
              "pattern_entity": {
                "entity_type": "*",
                "entity_new value": "*",
                "entity_role": "*",
                "entity_parent": {
                  "entity_type": "Statement",
                  "entity_new value": "*",
                  "entity_role": "*",
                  "entity_parent": "null"
                }
              },
              "concrete_change": {
                "operator": "UPD",
                "src_type": "TypeAccess",
                "dst_type": "TypeAccess",
                "src": "dk.alexandra.fresco.lib.field.bool.generic.XnorFromXorAndNot",
                "dst": "dk.alexandra.fresco.lib.common.math.field.bool.generic.XnorFromXorAndNot",
                "src_parent_type": "ThisAccess",
                "dst_parent_type": "ThisAccess",
                "src_parent": "this",
                "dst_parent": "this"
              },
              "stats": {
                "number_of_src_entities": 3,
                "number_of_dst_entities": 3,
                "src_entity_types": "[dk.alexandra.fresco.lib.field.bool.generic.XnorFromXorAndNot]",
                "dst_entity_types": "[dk.alexandra.fresco.lib.common.math.field.bool.generic.XnorFromXorAndNot]"
              }
            }
          ]
        },
        {
          "tool-name": "Arja",
          "pattern-name": "Arja:arja_deep_change",
          "Unified_Diff_of-files:": "Starts Below...",
          "DELETE:": "",
          "instance_detail": [
            {
              "pattern_action": "ANY",
              "pattern_entity": {
                "entity_type": "*",
                "entity_new value": "*",
                "entity_role": "*",
                "entity_parent": {
                  "entity_type": "Statement",
                  "entity_new value": "*",
                  "entity_role": "*",
                  "entity_parent": "null"
                }
              },
              "concrete_change": {
                "operator": "UPD",
                "src_type": "TypeAccess",
                "dst_type": "TypeAccess",
                "src": "dk.alexandra.fresco.lib.field.bool.generic.XnorFromXorAndNot",
                "dst": "dk.alexandra.fresco.lib.common.math.field.bool.generic.XnorFromXorAndNot",
                "src_parent_type": "ThisAccess",
                "dst_parent_type": "ThisAccess",
                "src_parent": "this",
                "dst_parent": "this"
              },
              "stats": {
                "number_of_src_entities": 3,
                "number_of_dst_entities": 3,
                "src_entity_types": "[dk.alexandra.fresco.lib.field.bool.generic.XnorFromXorAndNot]",
                "dst_entity_types": "[dk.alexandra.fresco.lib.common.math.field.bool.generic.XnorFromXorAndNot]"
              }
            }
          ]
        },
        {
          "tool-name": "Arja",
          "pattern-name": "Arja:arja_deep_change",
          "Unified_Diff_of-files:": "Starts Below...",
          "DELETE:": "",
          "instance_detail": [
            {
              "pattern_action": "ANY",
              "pattern_entity": {
                "entity_type": "*",
                "entity_new value": "*",
                "entity_role": "*",
                "entity_parent": {
                  "entity_type": "Statement",
                  "entity_new value": "*",
                  "entity_role": "*",
                  "entity_parent": "null"
                }
              },
              "concrete_change": {
                "operator": "UPD",
                "src_type": "TypeAccess",
                "dst_type": "TypeAccess",
                "src": "dk.alexandra.fresco.lib.field.bool.generic.XnorFromXorAndNot",
                "dst": "dk.alexandra.fresco.lib.common.math.field.bool.generic.XnorFromXorAndNot",
                "src_parent_type": "ThisAccess",
                "dst_parent_type": "ThisAccess",
                "src_parent": "",
                "dst_parent": ""
              },
              "stats": {
                "number_of_src_entities": 3,
                "number_of_dst_entities": 3,
                "src_entity_types": "[dk.alexandra.fresco.lib.field.bool.generic.XnorFromXorAndNot]",
                "dst_entity_types": "[dk.alexandra.fresco.lib.common.math.field.bool.generic.XnorFromXorAndNot]"
              }
            }
          ]
        }
      ]
    },
    {
      "revision": "ac4fbbd85cf56e871edbe65bfac5beae7a842580",
      "repairability": [
        {
          "tool-name": "Arja",
          "pattern-name": "Arja:arja_shallow_change",
          "Unified_Diff_of-files:": "Starts Below...",
          "DELETE:": "",
          "instance_detail": [
            {
              "pattern_action": "ANY",
              "pattern_entity": {
                "entity_type": "Statement",
                "entity_new value": "*",
                "entity_role": "*",
                "entity_parent": "null"
              },
              "concrete_change": {
                "operator": "DEL",
                "src_type": "ConstructorCall",
                "dst_type": "null",
                "src": "new dk.alexandra.fresco.logging.PerformanceLoggerCountingAggregate()",
                "dst": "null",
                "src_parent_type": "Assignment",
                "dst_parent_type": "null",
                "src_parent": "this.aggregate \u003d new dk.alexandra.fresco.logging.PerformanceLoggerCountingAggregate()",
                "dst_parent": "null"
              },
              "line": 29,
              "file": "/home/khesoem/projects/lighter/exp/core/src/main/java/dk/alexandra/fresco/logging/BinarySuiteLogging.java",
              "stats": {
                "number_of_src_entities": 6,
                "number_of_dst_entities": -1,
                "src_entity_types": "[dk.alexandra.fresco.logging.PerformanceLoggerCountingAggregate]",
                "dst_entity_types": "[]"
              }
            }
          ]
        }
      ]
    },
    {
      "revision": "ac4fbbd85cf56e871edbe65bfac5beae7a842580",
      "repairability": [
        {
          "tool-name": "Arja",
          "pattern-name": "Arja:arja_shallow_change",
          "Unified_Diff_of-files:": "Starts Below...",
          "DELETE:": "",
          "instance_detail": [
            {
              "pattern_action": "ANY",
              "pattern_entity": {
                "entity_type": "Statement",
                "entity_new value": "*",
                "entity_role": "*",
                "entity_parent": "null"
              },
              "concrete_change": {
                "operator": "DEL",
                "src_type": "ConstructorCall",
                "dst_type": "null",
                "src": "new java.util.HashMap\u003c\u003e()",
                "dst": "null",
                "src_parent_type": "Field",
                "dst_parent_type": "null",
                "src_parent": "private java.util.Map\u003cjava.lang.Integer, dk.alexandra.fresco.logging.NetworkLoggingDecorator.PartyStats\u003e partyStatsMap \u003d new java.util.HashMap\u003c\u003e();",
                "dst_parent": "null"
              },
              "line": 16,
              "file": "/home/khesoem/projects/lighter/exp/core/src/main/java/dk/alexandra/fresco/logging/NetworkLoggingDecorator.java",
              "stats": {
                "number_of_src_entities": 11,
                "number_of_dst_entities": -1,
                "src_entity_types": "[java.util.HashMap]",
                "dst_entity_types": "[]"
              }
            }
          ]
        }
      ]
    },
    {
      "revision": "ac4fbbd85cf56e871edbe65bfac5beae7a842580",
      "repairability": [
        {
          "tool-name": "Arja",
          "pattern-name": "Arja:arja_shallow_change",
          "Unified_Diff_of-files:": "Starts Below...",
          "DELETE:": "",
          "instance_detail": [
            {
              "pattern_action": "ANY",
              "pattern_entity": {
                "entity_type": "Statement",
                "entity_new value": "*",
                "entity_role": "*",
                "entity_parent": "null"
              },
              "concrete_change": {
                "operator": "DEL",
                "src_type": "ConstructorCall",
                "dst_type": "null",
                "src": "new java.util.ArrayList\u003c\u003e()",
                "dst": "null",
                "src_parent_type": "Field",
                "dst_parent_type": "null",
                "src_parent": "private java.util.List\u003cjava.lang.Long\u003e runtimeLogger \u003d new java.util.ArrayList\u003c\u003e();",
                "dst_parent": "null"
              },
              "line": 22,
              "file": "/home/khesoem/projects/lighter/exp/core/src/main/java/dk/alexandra/fresco/logging/EvaluatorLoggingDecorator.java",
              "stats": {
                "number_of_src_entities": 8,
                "number_of_dst_entities": -1,
                "src_entity_types": "[java.util.ArrayList]",
                "dst_entity_types": "[]"
              }
            }
          ]
        }
      ]
    },
    {
      "revision": "ac4fbbd85cf56e871edbe65bfac5beae7a842580",
      "repairability": [
        {
          "tool-name": "Arja",
          "pattern-name": "Arja:arja_deep_change",
          "Unified_Diff_of-files:": "Starts Below...",
          "DELETE:": "",
          "instance_detail": [
            {
              "pattern_action": "ANY",
              "pattern_entity": {
                "entity_type": "*",
                "entity_new value": "*",
                "entity_role": "*",
                "entity_parent": {
                  "entity_type": "Statement",
                  "entity_new value": "*",
                  "entity_role": "*",
                  "entity_parent": "null"
                }
              },
              "concrete_change": {
                "operator": "UPD",
                "src_type": "TypeAccess",
                "dst_type": "TypeAccess",
                "src": "dk.alexandra.fresco.lib.field.bool.generic.OrFromPublicValue",
                "dst": "dk.alexandra.fresco.lib.common.math.field.bool.generic.OrFromPublicValue",
                "src_parent_type": "ThisAccess",
                "dst_parent_type": "ThisAccess",
                "src_parent": "",
                "dst_parent": ""
              },
              "stats": {
                "number_of_src_entities": 3,
                "number_of_dst_entities": 3,
                "src_entity_types": "[dk.alexandra.fresco.lib.field.bool.generic.OrFromPublicValue]",
                "dst_entity_types": "[dk.alexandra.fresco.lib.common.math.field.bool.generic.OrFromPublicValue]"
              }
            }
          ]
        },
        {
          "tool-name": "Arja",
          "pattern-name": "Arja:arja_deep_change",
          "Unified_Diff_of-files:": "Starts Below...",
          "DELETE:": "",
          "instance_detail": [
            {
              "pattern_action": "ANY",
              "pattern_entity": {
                "entity_type": "*",
                "entity_new value": "*",
                "entity_role": "*",
                "entity_parent": {
                  "entity_type": "Statement",
                  "entity_new value": "*",
                  "entity_role": "*",
                  "entity_parent": "null"
                }
              },
              "concrete_change": {
                "operator": "UPD",
                "src_type": "TypeAccess",
                "dst_type": "TypeAccess",
                "src": "dk.alexandra.fresco.lib.field.bool.generic.OrFromPublicValue",
                "dst": "dk.alexandra.fresco.lib.common.math.field.bool.generic.OrFromPublicValue",
                "src_parent_type": "ThisAccess",
                "dst_parent_type": "ThisAccess",
                "src_parent": "this",
                "dst_parent": "this"
              },
              "stats": {
                "number_of_src_entities": 3,
                "number_of_dst_entities": 3,
                "src_entity_types": "[dk.alexandra.fresco.lib.field.bool.generic.OrFromPublicValue]",
                "dst_entity_types": "[dk.alexandra.fresco.lib.common.math.field.bool.generic.OrFromPublicValue]"
              }
            }
          ]
        },
        {
          "tool-name": "Arja",
          "pattern-name": "Arja:arja_deep_change",
          "Unified_Diff_of-files:": "Starts Below...",
          "DELETE:": "",
          "instance_detail": [
            {
              "pattern_action": "ANY",
              "pattern_entity": {
                "entity_type": "*",
                "entity_new value": "*",
                "entity_role": "*",
                "entity_parent": {
                  "entity_type": "Statement",
                  "entity_new value": "*",
                  "entity_role": "*",
                  "entity_parent": "null"
                }
              },
              "concrete_change": {
                "operator": "UPD",
                "src_type": "TypeAccess",
                "dst_type": "TypeAccess",
                "src": "dk.alexandra.fresco.lib.field.bool.generic.OrFromPublicValue",
                "dst": "dk.alexandra.fresco.lib.common.math.field.bool.generic.OrFromPublicValue",
                "src_parent_type": "ThisAccess",
                "dst_parent_type": "ThisAccess",
                "src_parent": "this",
                "dst_parent": "this"
              },
              "stats": {
                "number_of_src_entities": 3,
                "number_of_dst_entities": 3,
                "src_entity_types": "[dk.alexandra.fresco.lib.field.bool.generic.OrFromPublicValue]",
                "dst_entity_types": "[dk.alexandra.fresco.lib.common.math.field.bool.generic.OrFromPublicValue]"
              }
            }
          ]
        }
      ]
    },
    {
      "revision": "ac4fbbd85cf56e871edbe65bfac5beae7a842580",
      "repairability": [
        {
          "tool-name": "Arja",
          "pattern-name": "Arja:arja_deep_change",
          "Unified_Diff_of-files:": "Starts Below...",
          "DELETE:": "",
          "instance_detail": [
            {
              "pattern_action": "ANY",
              "pattern_entity": {
                "entity_type": "*",
                "entity_new value": "*",
                "entity_role": "*",
                "entity_parent": {
                  "entity_type": "Statement",
                  "entity_new value": "*",
                  "entity_role": "*",
                  "entity_parent": "null"
                }
              },
              "concrete_change": {
                "operator": "UPD",
                "src_type": "TypeAccess",
                "dst_type": "TypeAccess",
                "src": "dk.alexandra.fresco.lib.field.bool.generic.NandFromAndAndNot",
                "dst": "dk.alexandra.fresco.lib.common.math.field.bool.generic.NandFromAndAndNot",
                "src_parent_type": "ThisAccess",
                "dst_parent_type": "ThisAccess",
                "src_parent": "this",
                "dst_parent": "this"
              },
              "stats": {
                "number_of_src_entities": 3,
                "number_of_dst_entities": 3,
                "src_entity_types": "[dk.alexandra.fresco.lib.field.bool.generic.NandFromAndAndNot]",
                "dst_entity_types": "[dk.alexandra.fresco.lib.common.math.field.bool.generic.NandFromAndAndNot]"
              }
            }
          ]
        },
        {
          "tool-name": "Arja",
          "pattern-name": "Arja:arja_deep_change",
          "Unified_Diff_of-files:": "Starts Below...",
          "DELETE:": "",
          "instance_detail": [
            {
              "pattern_action": "ANY",
              "pattern_entity": {
                "entity_type": "*",
                "entity_new value": "*",
                "entity_role": "*",
                "entity_parent": {
                  "entity_type": "Statement",
                  "entity_new value": "*",
                  "entity_role": "*",
                  "entity_parent": "null"
                }
              },
              "concrete_change": {
                "operator": "UPD",
                "src_type": "TypeAccess",
                "dst_type": "TypeAccess",
                "src": "dk.alexandra.fresco.lib.field.bool.generic.NandFromAndAndNot",
                "dst": "dk.alexandra.fresco.lib.common.math.field.bool.generic.NandFromAndAndNot",
                "src_parent_type": "ThisAccess",
                "dst_parent_type": "ThisAccess",
                "src_parent": "this",
                "dst_parent": "this"
              },
              "stats": {
                "number_of_src_entities": 3,
                "number_of_dst_entities": 3,
                "src_entity_types": "[dk.alexandra.fresco.lib.field.bool.generic.NandFromAndAndNot]",
                "dst_entity_types": "[dk.alexandra.fresco.lib.common.math.field.bool.generic.NandFromAndAndNot]"
              }
            }
          ]
        },
        {
          "tool-name": "Arja",
          "pattern-name": "Arja:arja_deep_change",
          "Unified_Diff_of-files:": "Starts Below...",
          "DELETE:": "",
          "instance_detail": [
            {
              "pattern_action": "ANY",
              "pattern_entity": {
                "entity_type": "*",
                "entity_new value": "*",
                "entity_role": "*",
                "entity_parent": {
                  "entity_type": "Statement",
                  "entity_new value": "*",
                  "entity_role": "*",
                  "entity_parent": "null"
                }
              },
              "concrete_change": {
                "operator": "UPD",
                "src_type": "TypeAccess",
                "dst_type": "TypeAccess",
                "src": "dk.alexandra.fresco.lib.field.bool.generic.NandFromAndAndNot",
                "dst": "dk.alexandra.fresco.lib.common.math.field.bool.generic.NandFromAndAndNot",
                "src_parent_type": "ThisAccess",
                "dst_parent_type": "ThisAccess",
                "src_parent": "",
                "dst_parent": ""
              },
              "stats": {
                "number_of_src_entities": 3,
                "number_of_dst_entities": 3,
                "src_entity_types": "[dk.alexandra.fresco.lib.field.bool.generic.NandFromAndAndNot]",
                "dst_entity_types": "[dk.alexandra.fresco.lib.common.math.field.bool.generic.NandFromAndAndNot]"
              }
            }
          ]
        }
      ]
    },
    {
      "revision": "ac4fbbd85cf56e871edbe65bfac5beae7a842580",
      "repairability": [
        {
          "tool-name": "Arja",
          "pattern-name": "Arja:arja_deep_change",
          "Unified_Diff_of-files:": "Starts Below...",
          "DELETE:": "",
          "instance_detail": [
            {
              "pattern_action": "ANY",
              "pattern_entity": {
                "entity_type": "*",
                "entity_new value": "*",
                "entity_role": "*",
                "entity_parent": {
                  "entity_type": "Statement",
                  "entity_new value": "*",
                  "entity_role": "*",
                  "entity_parent": "null"
                }
              },
              "concrete_change": {
                "operator": "UPD",
                "src_type": "TypeAccess",
                "dst_type": "TypeAccess",
                "src": "dk.alexandra.fresco.lib.field.bool.generic.OrFromXorAnd",
                "dst": "dk.alexandra.fresco.lib.common.math.field.bool.generic.OrFromXorAnd",
                "src_parent_type": "ThisAccess",
                "dst_parent_type": "ThisAccess",
                "src_parent": "this",
                "dst_parent": "this"
              },
              "stats": {
                "number_of_src_entities": 3,
                "number_of_dst_entities": 3,
                "src_entity_types": "[dk.alexandra.fresco.lib.field.bool.generic.OrFromXorAnd]",
                "dst_entity_types": "[dk.alexandra.fresco.lib.common.math.field.bool.generic.OrFromXorAnd]"
              }
            }
          ]
        },
        {
          "tool-name": "Arja",
          "pattern-name": "Arja:arja_deep_change",
          "Unified_Diff_of-files:": "Starts Below...",
          "DELETE:": "",
          "instance_detail": [
            {
              "pattern_action": "ANY",
              "pattern_entity": {
                "entity_type": "*",
                "entity_new value": "*",
                "entity_role": "*",
                "entity_parent": {
                  "entity_type": "Statement",
                  "entity_new value": "*",
                  "entity_role": "*",
                  "entity_parent": "null"
                }
              },
              "concrete_change": {
                "operator": "UPD",
                "src_type": "TypeAccess",
                "dst_type": "TypeAccess",
                "src": "dk.alexandra.fresco.lib.field.bool.generic.OrFromXorAnd",
                "dst": "dk.alexandra.fresco.lib.common.math.field.bool.generic.OrFromXorAnd",
                "src_parent_type": "ThisAccess",
                "dst_parent_type": "ThisAccess",
                "src_parent": "this",
                "dst_parent": "this"
              },
              "stats": {
                "number_of_src_entities": 3,
                "number_of_dst_entities": 3,
                "src_entity_types": "[dk.alexandra.fresco.lib.field.bool.generic.OrFromXorAnd]",
                "dst_entity_types": "[dk.alexandra.fresco.lib.common.math.field.bool.generic.OrFromXorAnd]"
              }
            }
          ]
        },
        {
          "tool-name": "Arja",
          "pattern-name": "Arja:arja_deep_change",
          "Unified_Diff_of-files:": "Starts Below...",
          "DELETE:": "",
          "instance_detail": [
            {
              "pattern_action": "ANY",
              "pattern_entity": {
                "entity_type": "*",
                "entity_new value": "*",
                "entity_role": "*",
                "entity_parent": {
                  "entity_type": "Statement",
                  "entity_new value": "*",
                  "entity_role": "*",
                  "entity_parent": "null"
                }
              },
              "concrete_change": {
                "operator": "UPD",
                "src_type": "TypeAccess",
                "dst_type": "TypeAccess",
                "src": "dk.alexandra.fresco.lib.field.bool.generic.OrFromXorAnd",
                "dst": "dk.alexandra.fresco.lib.common.math.field.bool.generic.OrFromXorAnd",
                "src_parent_type": "ThisAccess",
                "dst_parent_type": "ThisAccess",
                "src_parent": "",
                "dst_parent": ""
              },
              "stats": {
                "number_of_src_entities": 3,
                "number_of_dst_entities": 3,
                "src_entity_types": "[dk.alexandra.fresco.lib.field.bool.generic.OrFromXorAnd]",
                "dst_entity_types": "[dk.alexandra.fresco.lib.common.math.field.bool.generic.OrFromXorAnd]"
              }
            }
          ]
        },
        {
          "tool-name": "Arja",
          "pattern-name": "Arja:arja_deep_change",
          "Unified_Diff_of-files:": "Starts Below...",
          "DELETE:": "",
          "instance_detail": [
            {
              "pattern_action": "ANY",
              "pattern_entity": {
                "entity_type": "*",
                "entity_new value": "*",
                "entity_role": "*",
                "entity_parent": {
                  "entity_type": "Statement",
                  "entity_new value": "*",
                  "entity_role": "*",
                  "entity_parent": "null"
                }
              },
              "concrete_change": {
                "operator": "UPD",
                "src_type": "TypeAccess",
                "dst_type": "TypeAccess",
                "src": "dk.alexandra.fresco.lib.field.bool.generic.OrFromXorAnd",
                "dst": "dk.alexandra.fresco.lib.common.math.field.bool.generic.OrFromXorAnd",
                "src_parent_type": "ThisAccess",
                "dst_parent_type": "ThisAccess",
                "src_parent": "",
                "dst_parent": ""
              },
              "stats": {
                "number_of_src_entities": 3,
                "number_of_dst_entities": 3,
                "src_entity_types": "[dk.alexandra.fresco.lib.field.bool.generic.OrFromXorAnd]",
                "dst_entity_types": "[dk.alexandra.fresco.lib.common.math.field.bool.generic.OrFromXorAnd]"
              }
            }
          ]
        }
      ]
    },
    {
      "revision": "ac4fbbd85cf56e871edbe65bfac5beae7a842580",
      "repairability": [
        {
          "tool-name": "Arja",
          "pattern-name": "Arja:arja_shallow_change",
          "Unified_Diff_of-files:": "Starts Below...",
          "DELETE:": "",
          "instance_detail": [
            {
              "pattern_action": "ANY",
              "pattern_entity": {
                "entity_type": "Statement",
                "entity_new value": "*",
                "entity_role": "*",
                "entity_parent": "null"
              },
              "concrete_change": {
                "operator": "DEL",
                "src_type": "LocalVariable",
                "dst_type": "null",
                "src": "java.util.Iterator\u003cdk.alexandra.fresco.framework.ProtocolProducer\u003e iterator \u003d subProducers.iterator()",
                "dst": "null",
                "src_parent_type": "Block",
                "dst_parent_type": "null",
                "src_parent": "{\n    java.util.Iterator\u003cdk.alexandra.fresco.framework.ProtocolProducer\u003e iterator \u003d subProducers.iterator();\n    while ((iterator.hasNext()) \u0026\u0026 (protocolCollection.hasFreeCapacity())) {\n        dk.alexandra.fresco.framework.ProtocolProducer producer \u003d iterator.next();\n        if (producer.hasNextProtocols()) {\n            producer.getNextProtocols(protocolCollection);\n        } else {\n            iterator.remove();\n        }\n    } \n}",
                "dst_parent": "null"
              },
              "line": 41,
              "file": "/home/khesoem/projects/lighter/exp/core/src/main/java/dk/alexandra/fresco/lib/helper/ParallelProtocolProducer.java"
            }
          ]
        }
      ]
    },
    {
      "revision": "ac4fbbd85cf56e871edbe65bfac5beae7a842580",
      "repairability": [
        {
          "tool-name": "Arja",
          "pattern-name": "Arja:arja_shallow_change",
          "Unified_Diff_of-files:": "Starts Below...",
          "DELETE:": "",
          "instance_detail": [
            {
              "pattern_action": "ANY",
              "pattern_entity": {
                "entity_type": "Statement",
                "entity_new value": "*",
                "entity_role": "*",
                "entity_parent": "null"
              },
              "concrete_change": {
                "operator": "DEL",
                "src_type": "ConstructorCall",
                "dst_type": "null",
                "src": "new dk.alexandra.fresco.logging.PerformanceLoggerCountingAggregate()",
                "dst": "null",
                "src_parent_type": "Assignment",
                "dst_parent_type": "null",
                "src_parent": "this.aggregate \u003d new dk.alexandra.fresco.logging.PerformanceLoggerCountingAggregate()",
                "dst_parent": "null"
              },
              "line": 30,
              "file": "/home/khesoem/projects/lighter/exp/core/src/main/java/dk/alexandra/fresco/logging/NumericSuiteLogging.java",
              "stats": {
                "number_of_src_entities": 6,
                "number_of_dst_entities": -1,
                "src_entity_types": "[dk.alexandra.fresco.logging.PerformanceLoggerCountingAggregate]",
                "dst_entity_types": "[]"
              }
            }
          ]
        }
      ]
    }
  ],
  "complete_analysis": true
}