{
  "instances": [
    {
      "revision": "49aa9d8bb7f3186d22ab1df25b986378a448fdf3",
      "repairability": [
        {
          "tool-name": "Arja",
          "pattern-name": "Arja:arja_shallow_change",
          "Unified_Diff_of-files:": "Starts Below...",
          "CHANGE_old:": "    List\u0026lt;T\u0026gt; elements \u003d new ArrayList\u0026lt;\u0026gt;(numElements);",
          "CHANGE_new:": "    List\u0026lt;PlainT\u0026gt; elements \u003d new ArrayList\u0026lt;\u0026gt;(numElements);",
          "instance_detail": [
            {
              "pattern_action": "ANY",
              "pattern_entity": {
                "entity_type": "Statement",
                "entity_new value": "*",
                "entity_role": "*",
                "entity_parent": "null"
              },
              "concrete_change": {
                "operator": "DEL",
                "src_type": "Invocation",
                "dst_type": "null",
                "src": "left.multiply(resourcePool.getDataSupplier().getSecretSharedKey())",
                "dst": "null",
                "src_parent_type": "ConstructorCall",
                "dst_parent_type": "null",
                "src_parent": "new dk.alexandra.fresco.suite.spdz2k.datatypes.Spdz2kSInt(((resourcePool.getMyId()) \u003d\u003d 1 ? left : resourcePool.getFactory().zero()), left.multiply(resourcePool.getDataSupplier().getSecretSharedKey()))",
                "dst_parent": "null"
              },
              "line": 27,
              "file": "/home/khesoem/projects/lighter/exp/suite/spdz2k/src/main/java/dk/alexandra/fresco/suite/spdz2k/protocols/natives/Spdz2kSubtractFromKnownProtocol.java"
            }
          ]
        },
        {
          "tool-name": "Arja",
          "pattern-name": "Arja:arja_deep_change",
          "Unified_Diff_of-files:": "Starts Below...",
          "CHANGE_old:": "    List\u0026lt;T\u0026gt; elements \u003d new ArrayList\u0026lt;\u0026gt;(numElements);",
          "CHANGE_new:": "    List\u0026lt;PlainT\u0026gt; elements \u003d new ArrayList\u0026lt;\u0026gt;(numElements);",
          "instance_detail": [
            {
              "pattern_action": "ANY",
              "pattern_entity": {
                "entity_type": "*",
                "entity_new value": "*",
                "entity_role": "*",
                "entity_parent": {
                  "entity_type": "Statement",
                  "entity_new value": "*",
                  "entity_role": "*",
                  "entity_parent": "null"
                }
              },
              "concrete_change": {
                "operator": "UPD",
                "src_type": "VariableRead",
                "dst_type": "VariableRead",
                "src": "input",
                "dst": "left",
                "src_parent_type": "Assignment",
                "dst_parent_type": "Assignment",
                "src_parent": "this.left \u003d input",
                "dst_parent": "this.left \u003d left"
              },
              "line": 18,
              "file": "/home/khesoem/projects/lighter/exp/suite/spdz2k/src/main/java/dk/alexandra/fresco/suite/spdz2k/protocols/natives/Spdz2kSubtractFromKnownProtocol.java",
              "stats": {
                "number_of_src_entities": 3,
                "number_of_dst_entities": 3,
                "src_entity_types": "[]",
                "dst_entity_types": "[]"
              }
            }
          ]
        }
      ]
    },
    {
      "revision": "49aa9d8bb7f3186d22ab1df25b986378a448fdf3",
      "repairability": [
        {
          "tool-name": "Arja",
          "pattern-name": "Arja:arja_deep_change",
          "Unified_Diff_of-files:": "Starts Below...",
          "CHANGE_old:": "    List\u0026lt;T\u0026gt; elements \u003d new ArrayList\u0026lt;\u0026gt;(numElements);",
          "CHANGE_new:": "    List\u0026lt;PlainT\u0026gt; elements \u003d new ArrayList\u0026lt;\u0026gt;(numElements);",
          "instance_detail": [
            {
              "pattern_action": "ANY",
              "pattern_entity": {
                "entity_type": "*",
                "entity_new value": "*",
                "entity_role": "*",
                "entity_parent": {
                  "entity_type": "Statement",
                  "entity_new value": "*",
                  "entity_role": "*",
                  "entity_parent": "null"
                }
              },
              "concrete_change": {
                "operator": "UPD",
                "src_type": "TypeAccess",
                "dst_type": "TypeAccess",
                "src": "dk.alexandra.fresco.suite.spdz2k.protocols.natives.AllBroadcastProtocol",
                "dst": "dk.alexandra.fresco.suite.spdz2k.protocols.natives.InsecureBroadcastProtocol",
                "src_parent_type": "ThisAccess",
                "dst_parent_type": "ThisAccess",
                "src_parent": "",
                "dst_parent": ""
              },
              "stats": {
                "number_of_src_entities": 3,
                "number_of_dst_entities": 3,
                "src_entity_types": "[dk.alexandra.fresco.suite.spdz2k.protocols.natives.AllBroadcastProtocol]",
                "dst_entity_types": "[dk.alexandra.fresco.suite.spdz2k.protocols.natives.InsecureBroadcastProtocol]"
              }
            }
          ]
        },
        {
          "tool-name": "Arja",
          "pattern-name": "Arja:arja_deep_change",
          "Unified_Diff_of-files:": "Starts Below...",
          "CHANGE_old:": "    List\u0026lt;T\u0026gt; elements \u003d new ArrayList\u0026lt;\u0026gt;(numElements);",
          "CHANGE_new:": "    List\u0026lt;PlainT\u0026gt; elements \u003d new ArrayList\u0026lt;\u0026gt;(numElements);",
          "instance_detail": [
            {
              "pattern_action": "ANY",
              "pattern_entity": {
                "entity_type": "*",
                "entity_new value": "*",
                "entity_role": "*",
                "entity_parent": {
                  "entity_type": "Statement",
                  "entity_new value": "*",
                  "entity_role": "*",
                  "entity_parent": "null"
                }
              },
              "concrete_change": {
                "operator": "UPD",
                "src_type": "TypeAccess",
                "dst_type": "TypeAccess",
                "src": "dk.alexandra.fresco.suite.spdz2k.protocols.natives.AllBroadcastProtocol",
                "dst": "dk.alexandra.fresco.suite.spdz2k.protocols.natives.InsecureBroadcastProtocol",
                "src_parent_type": "ThisAccess",
                "dst_parent_type": "ThisAccess",
                "src_parent": "this",
                "dst_parent": "this"
              },
              "stats": {
                "number_of_src_entities": 3,
                "number_of_dst_entities": 3,
                "src_entity_types": "[dk.alexandra.fresco.suite.spdz2k.protocols.natives.AllBroadcastProtocol]",
                "dst_entity_types": "[dk.alexandra.fresco.suite.spdz2k.protocols.natives.InsecureBroadcastProtocol]"
              }
            }
          ]
        },
        {
          "tool-name": "Arja",
          "pattern-name": "Arja:arja_deep_change",
          "Unified_Diff_of-files:": "Starts Below...",
          "CHANGE_old:": "    List\u0026lt;T\u0026gt; elements \u003d new ArrayList\u0026lt;\u0026gt;(numElements);",
          "CHANGE_new:": "    List\u0026lt;PlainT\u0026gt; elements \u003d new ArrayList\u0026lt;\u0026gt;(numElements);",
          "instance_detail": [
            {
              "pattern_action": "ANY",
              "pattern_entity": {
                "entity_type": "*",
                "entity_new value": "*",
                "entity_role": "*",
                "entity_parent": {
                  "entity_type": "Statement",
                  "entity_new value": "*",
                  "entity_role": "*",
                  "entity_parent": "null"
                }
              },
              "concrete_change": {
                "operator": "UPD",
                "src_type": "TypeAccess",
                "dst_type": "TypeAccess",
                "src": "dk.alexandra.fresco.suite.spdz2k.protocols.natives.AllBroadcastProtocol",
                "dst": "dk.alexandra.fresco.suite.spdz2k.protocols.natives.InsecureBroadcastProtocol",
                "src_parent_type": "ThisAccess",
                "dst_parent_type": "ThisAccess",
                "src_parent": "",
                "dst_parent": ""
              },
              "stats": {
                "number_of_src_entities": 3,
                "number_of_dst_entities": 3,
                "src_entity_types": "[dk.alexandra.fresco.suite.spdz2k.protocols.natives.AllBroadcastProtocol]",
                "dst_entity_types": "[dk.alexandra.fresco.suite.spdz2k.protocols.natives.InsecureBroadcastProtocol]"
              }
            }
          ]
        },
        {
          "tool-name": "Arja",
          "pattern-name": "Arja:arja_deep_change",
          "Unified_Diff_of-files:": "Starts Below...",
          "CHANGE_old:": "    List\u0026lt;T\u0026gt; elements \u003d new ArrayList\u0026lt;\u0026gt;(numElements);",
          "CHANGE_new:": "    List\u0026lt;PlainT\u0026gt; elements \u003d new ArrayList\u0026lt;\u0026gt;(numElements);",
          "instance_detail": [
            {
              "pattern_action": "ANY",
              "pattern_entity": {
                "entity_type": "*",
                "entity_new value": "*",
                "entity_role": "*",
                "entity_parent": {
                  "entity_type": "Statement",
                  "entity_new value": "*",
                  "entity_role": "*",
                  "entity_parent": "null"
                }
              },
              "concrete_change": {
                "operator": "UPD",
                "src_type": "TypeAccess",
                "dst_type": "TypeAccess",
                "src": "dk.alexandra.fresco.suite.spdz2k.protocols.natives.AllBroadcastProtocol",
                "dst": "dk.alexandra.fresco.suite.spdz2k.protocols.natives.InsecureBroadcastProtocol",
                "src_parent_type": "ThisAccess",
                "dst_parent_type": "ThisAccess",
                "src_parent": "",
                "dst_parent": ""
              },
              "stats": {
                "number_of_src_entities": 3,
                "number_of_dst_entities": 3,
                "src_entity_types": "[dk.alexandra.fresco.suite.spdz2k.protocols.natives.AllBroadcastProtocol]",
                "dst_entity_types": "[dk.alexandra.fresco.suite.spdz2k.protocols.natives.InsecureBroadcastProtocol]"
              }
            }
          ]
        }
      ]
    },
    {
      "revision": "49aa9d8bb7f3186d22ab1df25b986378a448fdf3",
      "repairability": [
        {
          "tool-name": "Arja",
          "pattern-name": "Arja:arja_deep_change",
          "Unified_Diff_of-files:": "Starts Below...",
          "CHANGE_old:": "    List\u0026lt;T\u0026gt; elements \u003d new ArrayList\u0026lt;\u0026gt;(numElements);",
          "CHANGE_new:": "    List\u0026lt;PlainT\u0026gt; elements \u003d new ArrayList\u0026lt;\u0026gt;(numElements);",
          "instance_detail": [
            {
              "pattern_action": "ANY",
              "pattern_entity": {
                "entity_type": "*",
                "entity_new value": "*",
                "entity_role": "*",
                "entity_parent": {
                  "entity_type": "Statement",
                  "entity_new value": "*",
                  "entity_role": "*",
                  "entity_parent": "null"
                }
              },
              "concrete_change": {
                "operator": "UPD",
                "src_type": "VariableRead",
                "dst_type": "VariableRead",
                "src": "input",
                "dst": "left",
                "src_parent_type": "Assignment",
                "dst_parent_type": "Assignment",
                "src_parent": "this.left \u003d input",
                "dst_parent": "this.left \u003d left"
              },
              "line": 19,
              "file": "/home/khesoem/projects/lighter/exp/suite/spdz2k/src/main/java/dk/alexandra/fresco/suite/spdz2k/protocols/natives/Spdz2kAddKnownProtocol.java",
              "stats": {
                "number_of_src_entities": 3,
                "number_of_dst_entities": 3,
                "src_entity_types": "[]",
                "dst_entity_types": "[]"
              }
            }
          ]
        }
      ]
    }
  ],
  "complete_analysis": true
}