{
  "instances": [
    {
      "revision": "06dcb75392b550e6220f8c26df88bfd088a312ee",
      "repairability": [
        {
          "tool-name": "Arja",
          "pattern-name": "Arja:arja_deep_change",
          "Unified_Diff_of-files:": "Starts Below...",
          "INSERT:": "}",
          "instance_detail": [
            {
              "pattern_action": "ANY",
              "pattern_entity": {
                "entity_type": "*",
                "entity_new value": "*",
                "entity_role": "*",
                "entity_parent": {
                  "entity_type": "Statement",
                  "entity_new value": "*",
                  "entity_role": "*",
                  "entity_parent": "null"
                }
              },
              "concrete_change": {
                "operator": "INS",
                "src_type": "Lambda",
                "dst_type": "null",
                "src": "() -\u003e ((MarlinSInt\u003cdk.alexandra.fresco.suite.marlin.T\u003e) (a.out())).subtract(((MarlinSInt\u003cdk.alexandra.fresco.suite.marlin.T\u003e) (b.out())))",
                "dst": "null",
                "src_parent_type": "Return",
                "dst_parent_type": "null",
                "src_parent": "return () -\u003e ((MarlinSInt\u003cdk.alexandra.fresco.suite.marlin.T\u003e) (a.out())).subtract(((MarlinSInt\u003cdk.alexandra.fresco.suite.marlin.T\u003e) (b.out())))",
                "dst_parent": "null"
              },
              "line": 54,
              "file": "/home/khesoem/projects/lighter/exp/suite/marlin/src/main/java/dk/alexandra/fresco/suite/marlin/MarlinBuilder.java",
              "stats": {
                "number_of_src_entities": 23,
                "number_of_dst_entities": -1,
                "src_entity_types": "[dk.alexandra.fresco.suite.marlin.a, dk.alexandra.fresco.suite.marlin.b, dk.alexandra.fresco.suite.marlin.T, MarlinSInt\u003cdk.alexandra.fresco.suite.marlin.T\u003e]",
                "dst_entity_types": "[]"
              }
            }
          ]
        }
      ]
    }
  ],
  "complete_analysis": true
}