{
  "instances": [
    {
      "revision": "1c0ac53c9a0480947222a7082f2e4e34e37e8b3b",
      "repairability": [
        {
          "tool-name": "Arja",
          "pattern-name": "Arja:arja_shallow_change",
          "Unified_Diff_of-files:": "Starts Below...",
          "CHANGE_old:": "  private SpdzElement toSpdzElement(Pair\u0026lt;BigInteger,BigInteger\u0026gt; raw) {",
          "CHANGE_new:": "  private SpdzElement toSpdzElement(Pair\u0026lt;BigInteger, BigInteger\u0026gt; raw) {",
          "instance_detail": [
            {
              "pattern_action": "ANY",
              "pattern_entity": {
                "entity_type": "Statement",
                "entity_new value": "*",
                "entity_role": "*",
                "entity_parent": "null"
              },
              "concrete_change": {
                "operator": "DEL",
                "src_type": "Invocation",
                "dst_type": "null",
                "src": "factory.createFromBytes(new byte[]{  })",
                "dst": "null",
                "src_parent_type": "ConstructorCall",
                "dst_parent_type": "null",
                "src_parent": "new dk.alexandra.fresco.suite.marlin.datatypes.MarlinElement(factory.createFromBytes(new byte[]{  }), factory.createFromBytes(new byte[]{  }))",
                "dst_parent": "null"
              },
              "line": 41,
              "file": "/home/khesoem/projects/lighter/exp/suite/marlin/src/main/java/dk/alexandra/fresco/suite/marlin/storage/MarlinDummyDataSupplier.java"
            }
          ]
        },
        {
          "tool-name": "Arja",
          "pattern-name": "Arja:arja_shallow_change",
          "Unified_Diff_of-files:": "Starts Below...",
          "CHANGE_old:": "  private SpdzElement toSpdzElement(Pair\u0026lt;BigInteger,BigInteger\u0026gt; raw) {",
          "CHANGE_new:": "  private SpdzElement toSpdzElement(Pair\u0026lt;BigInteger, BigInteger\u0026gt; raw) {",
          "instance_detail": [
            {
              "pattern_action": "ANY",
              "pattern_entity": {
                "entity_type": "Statement",
                "entity_new value": "*",
                "entity_role": "*",
                "entity_parent": "null"
              },
              "concrete_change": {
                "operator": "DEL",
                "src_type": "Invocation",
                "dst_type": "null",
                "src": "factory.createFromBytes(new byte[]{  })",
                "dst": "null",
                "src_parent_type": "ConstructorCall",
                "dst_parent_type": "null",
                "src_parent": "new dk.alexandra.fresco.suite.marlin.datatypes.MarlinElement(factory.createFromBytes(new byte[]{  }), factory.createFromBytes(new byte[]{  }))",
                "dst_parent": "null"
              },
              "line": 42,
              "file": "/home/khesoem/projects/lighter/exp/suite/marlin/src/main/java/dk/alexandra/fresco/suite/marlin/storage/MarlinDummyDataSupplier.java"
            }
          ]
        },
        {
          "tool-name": "Arja",
          "pattern-name": "Arja:arja_shallow_change",
          "Unified_Diff_of-files:": "Starts Below...",
          "CHANGE_old:": "  private SpdzElement toSpdzElement(Pair\u0026lt;BigInteger,BigInteger\u0026gt; raw) {",
          "CHANGE_new:": "  private SpdzElement toSpdzElement(Pair\u0026lt;BigInteger, BigInteger\u0026gt; raw) {",
          "instance_detail": [
            {
              "pattern_action": "ANY",
              "pattern_entity": {
                "entity_type": "Statement",
                "entity_new value": "*",
                "entity_role": "*",
                "entity_parent": "null"
              },
              "concrete_change": {
                "operator": "DEL",
                "src_type": "ConstructorCall",
                "dst_type": "null",
                "src": "new dk.alexandra.fresco.suite.marlin.datatypes.MarlinElement(factory.createFromBytes(new byte[]{  }), factory.createFromBytes(new byte[]{  }))",
                "dst": "null",
                "src_parent_type": "ConstructorCall",
                "dst_parent_type": "null",
                "src_parent": "new dk.alexandra.fresco.suite.marlin.datatypes.MarlinSInt(new dk.alexandra.fresco.suite.marlin.datatypes.MarlinElement(factory.createFromBytes(new byte[]{  }), factory.createFromBytes(new byte[]{  })))",
                "dst_parent": "null"
              },
              "line": 40,
              "file": "/home/khesoem/projects/lighter/exp/suite/marlin/src/main/java/dk/alexandra/fresco/suite/marlin/storage/MarlinDummyDataSupplier.java"
            }
          ]
        },
        {
          "tool-name": "Arja",
          "pattern-name": "Arja:arja_shallow_change",
          "Unified_Diff_of-files:": "Starts Below...",
          "CHANGE_old:": "  private SpdzElement toSpdzElement(Pair\u0026lt;BigInteger,BigInteger\u0026gt; raw) {",
          "CHANGE_new:": "  private SpdzElement toSpdzElement(Pair\u0026lt;BigInteger, BigInteger\u0026gt; raw) {",
          "instance_detail": [
            {
              "pattern_action": "ANY",
              "pattern_entity": {
                "entity_type": "Statement",
                "entity_new value": "*",
                "entity_role": "*",
                "entity_parent": "null"
              },
              "concrete_change": {
                "operator": "DEL",
                "src_type": "ConstructorCall",
                "dst_type": "null",
                "src": "new dk.alexandra.fresco.suite.marlin.datatypes.MarlinSInt(new dk.alexandra.fresco.suite.marlin.datatypes.MarlinElement(factory.createFromBytes(new byte[]{  }), factory.createFromBytes(new byte[]{  })))",
                "dst": "null",
                "src_parent_type": "Return",
                "dst_parent_type": "null",
                "src_parent": "return new dk.alexandra.fresco.suite.marlin.datatypes.MarlinSInt(new dk.alexandra.fresco.suite.marlin.datatypes.MarlinElement(factory.createFromBytes(new byte[]{  }), factory.createFromBytes(new byte[]{  })))",
                "dst_parent": "null"
              },
              "line": 39,
              "file": "/home/khesoem/projects/lighter/exp/suite/marlin/src/main/java/dk/alexandra/fresco/suite/marlin/storage/MarlinDummyDataSupplier.java"
            }
          ]
        },
        {
          "tool-name": "Arja",
          "pattern-name": "Arja:arja_shallow_change",
          "Unified_Diff_of-files:": "Starts Below...",
          "CHANGE_old:": "  private SpdzElement toSpdzElement(Pair\u0026lt;BigInteger,BigInteger\u0026gt; raw) {",
          "CHANGE_new:": "  private SpdzElement toSpdzElement(Pair\u0026lt;BigInteger, BigInteger\u0026gt; raw) {",
          "instance_detail": [
            {
              "pattern_action": "ANY",
              "pattern_entity": {
                "entity_type": "Statement",
                "entity_new value": "*",
                "entity_role": "*",
                "entity_parent": "null"
              },
              "concrete_change": {
                "operator": "DEL",
                "src_type": "Return",
                "dst_type": "null",
                "src": "return new dk.alexandra.fresco.suite.marlin.datatypes.MarlinSInt(new dk.alexandra.fresco.suite.marlin.datatypes.MarlinElement(factory.createFromBytes(new byte[]{  }), factory.createFromBytes(new byte[]{  })))",
                "dst": "null",
                "src_parent_type": "Block",
                "dst_parent_type": "null",
                "src_parent": "{\n    return new dk.alexandra.fresco.suite.marlin.datatypes.MarlinSInt(new dk.alexandra.fresco.suite.marlin.datatypes.MarlinElement(factory.createFromBytes(new byte[]{  }), factory.createFromBytes(new byte[]{  })));\n}",
                "dst_parent": "null"
              },
              "line": 39,
              "file": "/home/khesoem/projects/lighter/exp/suite/marlin/src/main/java/dk/alexandra/fresco/suite/marlin/storage/MarlinDummyDataSupplier.java",
              "stats": {
                "number_of_src_entities": 59,
                "number_of_dst_entities": -1,
                "src_entity_types": "[dk.alexandra.fresco.suite.marlin.storage.MarlinElement\u003c\u003e, byte, dk.alexandra.fresco.suite.marlin.datatypes.BigUIntFactory\u003cT\u003e, dk.alexandra.fresco.suite.marlin.storage.MarlinDummyDataSupplier, dk.alexandra.fresco.suite.marlin.storage.MarlinSInt\u003c\u003e]",
                "dst_entity_types": "[]"
              }
            }
          ]
        }
      ]
    }
  ],
  "complete_analysis": true
}