{
  "instances": [
    {
      "revision": "96958a46f7aed9303c376cebd4ea62e5809e4125",
      "repairability": [
        {
          "tool-name": "Arja",
          "pattern-name": "Arja:arja_shallow_change",
          "Unified_Diff_of-files:": "Starts Below...",
          "CHANGE_old:": "",
          "CHANGE_new:": "      this(null, null, null, null, -1);",
          "DELETE:": "",
          "instance_detail": [
            {
              "pattern_action": "ANY",
              "pattern_entity": {
                "entity_type": "Statement",
                "entity_new value": "*",
                "entity_role": "*",
                "entity_parent": "null"
              },
              "concrete_change": {
                "operator": "DEL",
                "src_type": "Invocation",
                "dst_type": "null",
                "src": "phaseOneOutput.getFirst()",
                "dst": "null",
                "src_parent_type": "ConstructorCall",
                "dst_parent_type": "null",
                "src_parent": "new dk.alexandra.fresco.lib.lp.LpState(state, phaseOneOutput.getFirst())",
                "dst_parent": "null"
              },
              "line": 118,
              "file": "/home/khesoem/projects/lighter/exp/core/src/main/java/dk/alexandra/fresco/lib/lp/LPSolver.java"
            }
          ]
        },
        {
          "tool-name": "Arja",
          "pattern-name": "Arja:arja_shallow_change",
          "Unified_Diff_of-files:": "Starts Below...",
          "CHANGE_old:": "",
          "CHANGE_new:": "      this(null, null, null, null, -1);",
          "DELETE:": "",
          "instance_detail": [
            {
              "pattern_action": "ANY",
              "pattern_entity": {
                "entity_type": "Statement",
                "entity_new value": "*",
                "entity_role": "*",
                "entity_parent": "null"
              },
              "concrete_change": {
                "operator": "DEL",
                "src_type": "ConstructorCall",
                "dst_type": "null",
                "src": "new dk.alexandra.fresco.lib.lp.LpState(state, phaseOneOutput.getFirst())",
                "dst": "null",
                "src_parent_type": "Return",
                "dst_parent_type": "null",
                "src_parent": "return new dk.alexandra.fresco.lib.lp.LpState(state, phaseOneOutput.getFirst())",
                "dst_parent": "null"
              },
              "line": 118,
              "file": "/home/khesoem/projects/lighter/exp/core/src/main/java/dk/alexandra/fresco/lib/lp/LPSolver.java"
            }
          ]
        },
        {
          "tool-name": "Arja",
          "pattern-name": "Arja:arja_shallow_change",
          "Unified_Diff_of-files:": "Starts Below...",
          "CHANGE_old:": "",
          "CHANGE_new:": "      this(null, null, null, null, -1);",
          "DELETE:": "",
          "instance_detail": [
            {
              "pattern_action": "ANY",
              "pattern_entity": {
                "entity_type": "Statement",
                "entity_new value": "*",
                "entity_role": "*",
                "entity_parent": "null"
              },
              "concrete_change": {
                "operator": "DEL",
                "src_type": "Return",
                "dst_type": "null",
                "src": "return new dk.alexandra.fresco.lib.lp.LpState(state, phaseOneOutput.getFirst())",
                "dst": "null",
                "src_parent_type": "Block",
                "dst_parent_type": "null",
                "src_parent": "{\n    return new dk.alexandra.fresco.lib.lp.LpState(state, phaseOneOutput.getFirst());\n}",
                "dst_parent": "null"
              },
              "line": 118,
              "file": "/home/khesoem/projects/lighter/exp/core/src/main/java/dk/alexandra/fresco/lib/lp/LPSolver.java",
              "stats": {
                "number_of_src_entities": 15,
                "number_of_dst_entities": -1,
                "src_entity_types": "[dk.alexandra.fresco.lib.lp.LpState, dk.alexandra.fresco.lib.lp.phaseOneOutput]",
                "dst_entity_types": "[]"
              }
            }
          ]
        },
        {
          "tool-name": "Arja",
          "pattern-name": "Arja:arja_shallow_change",
          "Unified_Diff_of-files:": "Starts Below...",
          "CHANGE_old:": "",
          "CHANGE_new:": "      this(null, null, null, null, -1);",
          "DELETE:": "",
          "instance_detail": [
            {
              "pattern_action": "ANY",
              "pattern_entity": {
                "entity_type": "Statement",
                "entity_new value": "*",
                "entity_role": "*",
                "entity_parent": "null"
              },
              "concrete_change": {
                "operator": "DEL",
                "src_type": "ConstructorCall",
                "dst_type": "null",
                "src": "new dk.alexandra.fresco.lib.lp.LpState()",
                "dst": "null",
                "src_parent_type": "Return",
                "dst_parent_type": "null",
                "src_parent": "return new dk.alexandra.fresco.lib.lp.LpState()",
                "dst_parent": "null"
              },
              "line": 120,
              "file": "/home/khesoem/projects/lighter/exp/core/src/main/java/dk/alexandra/fresco/lib/lp/LPSolver.java",
              "stats": {
                "number_of_src_entities": 6,
                "number_of_dst_entities": -1,
                "src_entity_types": "[dk.alexandra.fresco.lib.lp.LpState]",
                "dst_entity_types": "[]"
              }
            }
          ]
        },
        {
          "tool-name": "Arja",
          "pattern-name": "Arja:arja_shallow_change",
          "Unified_Diff_of-files:": "Starts Below...",
          "CHANGE_old:": "",
          "CHANGE_new:": "      this(null, null, null, null, -1);",
          "DELETE:": "",
          "instance_detail": [
            {
              "pattern_action": "ANY",
              "pattern_entity": {
                "entity_type": "Statement",
                "entity_new value": "*",
                "entity_role": "*",
                "entity_parent": "null"
              },
              "concrete_change": {
                "operator": "DEL",
                "src_type": "Assignment",
                "dst_type": "null",
                "src": "this.enumeratedVariables \u003d state.enumeratedVariables",
                "dst": "null",
                "src_parent_type": "Block",
                "dst_parent_type": "null",
                "src_parent": "{\n    this.iteration \u003d state.iteration;\n    this.tableau \u003d state.tableau;\n    this.pivot \u003d state.pivot;\n    this.enumeratedVariables \u003d state.enumeratedVariables;\n    this.prevPivot \u003d state.prevPivot;\n    this.updateMatrix \u003d state.updateMatrix;\n    this.basis \u003d state.basis;\n    this.terminated \u003d true;\n    this.enteringIndex \u003d enteringIndex;\n}",
                "dst_parent": "null"
              },
              "line": 340,
              "file": "/home/khesoem/projects/lighter/exp/core/src/main/java/dk/alexandra/fresco/lib/lp/LPSolver.java",
              "stats": {
                "number_of_src_entities": 36,
                "number_of_dst_entities": -1,
                "src_entity_types": "[dk.alexandra.fresco.lib.lp.LPSolver, java.math.BigInteger, java.util.List\u003cjava.math.BigInteger\u003e, dk.alexandra.fresco.lib.lp.LPSolver.LpState]",
                "dst_entity_types": "[]"
              }
            }
          ]
        },
        {
          "tool-name": "Arja",
          "pattern-name": "Arja:arja_shallow_change",
          "Unified_Diff_of-files:": "Starts Below...",
          "CHANGE_old:": "",
          "CHANGE_new:": "      this(null, null, null, null, -1);",
          "DELETE:": "",
          "instance_detail": [
            {
              "pattern_action": "ANY",
              "pattern_entity": {
                "entity_type": "Statement",
                "entity_new value": "*",
                "entity_role": "*",
                "entity_parent": "null"
              },
              "concrete_change": {
                "operator": "DEL",
                "src_type": "Assignment",
                "dst_type": "null",
                "src": "this.prevPivot \u003d state.prevPivot",
                "dst": "null",
                "src_parent_type": "Block",
                "dst_parent_type": "null",
                "src_parent": "{\n    this.iteration \u003d state.iteration;\n    this.tableau \u003d state.tableau;\n    this.pivot \u003d state.pivot;\n    this.enumeratedVariables \u003d state.enumeratedVariables;\n    this.prevPivot \u003d state.prevPivot;\n    this.updateMatrix \u003d state.updateMatrix;\n    this.basis \u003d state.basis;\n    this.terminated \u003d true;\n    this.enteringIndex \u003d enteringIndex;\n}",
                "dst_parent": "null"
              },
              "line": 341,
              "file": "/home/khesoem/projects/lighter/exp/core/src/main/java/dk/alexandra/fresco/lib/lp/LPSolver.java",
              "stats": {
                "number_of_src_entities": 32,
                "number_of_dst_entities": -1,
                "src_entity_types": "[dk.alexandra.fresco.lib.lp.LPSolver, dk.alexandra.fresco.lib.lp.LPSolver.LpState]",
                "dst_entity_types": "[]"
              }
            }
          ]
        },
        {
          "tool-name": "Arja",
          "pattern-name": "Arja:arja_shallow_change",
          "Unified_Diff_of-files:": "Starts Below...",
          "CHANGE_old:": "",
          "CHANGE_new:": "      this(null, null, null, null, -1);",
          "DELETE:": "",
          "instance_detail": [
            {
              "pattern_action": "ANY",
              "pattern_entity": {
                "entity_type": "Statement",
                "entity_new value": "*",
                "entity_role": "*",
                "entity_parent": "null"
              },
              "concrete_change": {
                "operator": "DEL",
                "src_type": "Assignment",
                "dst_type": "null",
                "src": "this.terminated \u003d true",
                "dst": "null",
                "src_parent_type": "Block",
                "dst_parent_type": "null",
                "src_parent": "{\n    this.iteration \u003d state.iteration;\n    this.tableau \u003d state.tableau;\n    this.pivot \u003d state.pivot;\n    this.enumeratedVariables \u003d state.enumeratedVariables;\n    this.prevPivot \u003d state.prevPivot;\n    this.updateMatrix \u003d state.updateMatrix;\n    this.basis \u003d state.basis;\n    this.terminated \u003d true;\n    this.enteringIndex \u003d enteringIndex;\n}",
                "dst_parent": "null"
              },
              "line": 344,
              "file": "/home/khesoem/projects/lighter/exp/core/src/main/java/dk/alexandra/fresco/lib/lp/LPSolver.java",
              "stats": {
                "number_of_src_entities": 18,
                "number_of_dst_entities": -1,
                "src_entity_types": "[boolean, dk.alexandra.fresco.lib.lp.LPSolver, dk.alexandra.fresco.lib.lp.LPSolver.LpState]",
                "dst_entity_types": "[]"
              }
            }
          ]
        },
        {
          "tool-name": "Arja",
          "pattern-name": "Arja:arja_shallow_change",
          "Unified_Diff_of-files:": "Starts Below...",
          "CHANGE_old:": "",
          "CHANGE_new:": "      this(null, null, null, null, -1);",
          "DELETE:": "",
          "instance_detail": [
            {
              "pattern_action": "ANY",
              "pattern_entity": {
                "entity_type": "Statement",
                "entity_new value": "*",
                "entity_role": "*",
                "entity_parent": "null"
              },
              "concrete_change": {
                "operator": "DEL",
                "src_type": "Assignment",
                "dst_type": "null",
                "src": "this.enteringIndex \u003d enteringIndex",
                "dst": "null",
                "src_parent_type": "Block",
                "dst_parent_type": "null",
                "src_parent": "{\n    this.iteration \u003d state.iteration;\n    this.tableau \u003d state.tableau;\n    this.pivot \u003d state.pivot;\n    this.enumeratedVariables \u003d state.enumeratedVariables;\n    this.prevPivot \u003d state.prevPivot;\n    this.updateMatrix \u003d state.updateMatrix;\n    this.basis \u003d state.basis;\n    this.terminated \u003d true;\n    this.enteringIndex \u003d enteringIndex;\n}",
                "dst_parent": "null"
              },
              "line": 345,
              "file": "/home/khesoem/projects/lighter/exp/core/src/main/java/dk/alexandra/fresco/lib/lp/LPSolver.java",
              "stats": {
                "number_of_src_entities": 28,
                "number_of_dst_entities": -1,
                "src_entity_types": "[dk.alexandra.fresco.lib.lp.LPSolver, java.util.List\u003cdk.alexandra.fresco.framework.DRes\u003cdk.alexandra.fresco.framework.value.SInt\u003e\u003e, dk.alexandra.fresco.framework.value.SInt, dk.alexandra.fresco.framework.DRes\u003cdk.alexandra.fresco.framework.value.SInt\u003e, dk.alexandra.fresco.lib.lp.LPSolver.LpState]",
                "dst_entity_types": "[]"
              }
            }
          ]
        },
        {
          "tool-name": "Arja",
          "pattern-name": "Arja:arja_shallow_change",
          "Unified_Diff_of-files:": "Starts Below...",
          "CHANGE_old:": "",
          "CHANGE_new:": "      this(null, null, null, null, -1);",
          "DELETE:": "",
          "instance_detail": [
            {
              "pattern_action": "ANY",
              "pattern_entity": {
                "entity_type": "Statement",
                "entity_new value": "*",
                "entity_role": "*",
                "entity_parent": "null"
              },
              "concrete_change": {
                "operator": "DEL",
                "src_type": "Assignment",
                "dst_type": "null",
                "src": "this.iteration \u003d -1",
                "dst": "null",
                "src_parent_type": "Block",
                "dst_parent_type": "null",
                "src_parent": "{\n    this.iteration \u003d -1;\n    this.tableau \u003d null;\n    this.pivot \u003d null;\n    this.enumeratedVariables \u003d null;\n    this.prevPivot \u003d null;\n    this.updateMatrix \u003d null;\n    this.basis \u003d null;\n    this.terminated \u003d true;\n    this.enteringIndex \u003d null;\n}",
                "dst_parent": "null"
              },
              "line": 350,
              "file": "/home/khesoem/projects/lighter/exp/core/src/main/java/dk/alexandra/fresco/lib/lp/LPSolver.java",
              "stats": {
                "number_of_src_entities": 20,
                "number_of_dst_entities": -1,
                "src_entity_types": "[int, dk.alexandra.fresco.lib.lp.LPSolver, dk.alexandra.fresco.lib.lp.LPSolver.LpState]",
                "dst_entity_types": "[]"
              }
            }
          ]
        },
        {
          "tool-name": "Arja",
          "pattern-name": "Arja:arja_shallow_change",
          "Unified_Diff_of-files:": "Starts Below...",
          "CHANGE_old:": "",
          "CHANGE_new:": "      this(null, null, null, null, -1);",
          "DELETE:": "",
          "instance_detail": [
            {
              "pattern_action": "ANY",
              "pattern_entity": {
                "entity_type": "Statement",
                "entity_new value": "*",
                "entity_role": "*",
                "entity_parent": "null"
              },
              "concrete_change": {
                "operator": "DEL",
                "src_type": "Assignment",
                "dst_type": "null",
                "src": "this.tableau \u003d null",
                "dst": "null",
                "src_parent_type": "Block",
                "dst_parent_type": "null",
                "src_parent": "{\n    this.iteration \u003d -1;\n    this.tableau \u003d null;\n    this.pivot \u003d null;\n    this.enumeratedVariables \u003d null;\n    this.prevPivot \u003d null;\n    this.updateMatrix \u003d null;\n    this.basis \u003d null;\n    this.terminated \u003d true;\n    this.enteringIndex \u003d null;\n}",
                "dst_parent": "null"
              },
              "line": 351,
              "file": "/home/khesoem/projects/lighter/exp/core/src/main/java/dk/alexandra/fresco/lib/lp/LPSolver.java",
              "stats": {
                "number_of_src_entities": 18,
                "number_of_dst_entities": -1,
                "src_entity_types": "[dk.alexandra.fresco.lib.lp.LPSolver, \u003cnulltype\u003e, dk.alexandra.fresco.lib.lp.LPSolver.LpState]",
                "dst_entity_types": "[]"
              }
            }
          ]
        },
        {
          "tool-name": "Arja",
          "pattern-name": "Arja:arja_shallow_change",
          "Unified_Diff_of-files:": "Starts Below...",
          "CHANGE_old:": "",
          "CHANGE_new:": "      this(null, null, null, null, -1);",
          "DELETE:": "",
          "instance_detail": [
            {
              "pattern_action": "ANY",
              "pattern_entity": {
                "entity_type": "Statement",
                "entity_new value": "*",
                "entity_role": "*",
                "entity_parent": "null"
              },
              "concrete_change": {
                "operator": "DEL",
                "src_type": "Assignment",
                "dst_type": "null",
                "src": "this.pivot \u003d null",
                "dst": "null",
                "src_parent_type": "Block",
                "dst_parent_type": "null",
                "src_parent": "{\n    this.iteration \u003d -1;\n    this.tableau \u003d null;\n    this.pivot \u003d null;\n    this.enumeratedVariables \u003d null;\n    this.prevPivot \u003d null;\n    this.updateMatrix \u003d null;\n    this.basis \u003d null;\n    this.terminated \u003d true;\n    this.enteringIndex \u003d null;\n}",
                "dst_parent": "null"
              },
              "line": 352,
              "file": "/home/khesoem/projects/lighter/exp/core/src/main/java/dk/alexandra/fresco/lib/lp/LPSolver.java",
              "stats": {
                "number_of_src_entities": 20,
                "number_of_dst_entities": -1,
                "src_entity_types": "[dk.alexandra.fresco.lib.lp.LPSolver, \u003cnulltype\u003e, dk.alexandra.fresco.lib.lp.LPSolver.LpState]",
                "dst_entity_types": "[]"
              }
            }
          ]
        },
        {
          "tool-name": "Arja",
          "pattern-name": "Arja:arja_shallow_change",
          "Unified_Diff_of-files:": "Starts Below...",
          "CHANGE_old:": "",
          "CHANGE_new:": "      this(null, null, null, null, -1);",
          "DELETE:": "",
          "instance_detail": [
            {
              "pattern_action": "ANY",
              "pattern_entity": {
                "entity_type": "Statement",
                "entity_new value": "*",
                "entity_role": "*",
                "entity_parent": "null"
              },
              "concrete_change": {
                "operator": "DEL",
                "src_type": "Assignment",
                "dst_type": "null",
                "src": "this.updateMatrix \u003d null",
                "dst": "null",
                "src_parent_type": "Block",
                "dst_parent_type": "null",
                "src_parent": "{\n    this.iteration \u003d -1;\n    this.tableau \u003d null;\n    this.pivot \u003d null;\n    this.enumeratedVariables \u003d null;\n    this.prevPivot \u003d null;\n    this.updateMatrix \u003d null;\n    this.basis \u003d null;\n    this.terminated \u003d true;\n    this.enteringIndex \u003d null;\n}",
                "dst_parent": "null"
              },
              "line": 355,
              "file": "/home/khesoem/projects/lighter/exp/core/src/main/java/dk/alexandra/fresco/lib/lp/LPSolver.java",
              "stats": {
                "number_of_src_entities": 22,
                "number_of_dst_entities": -1,
                "src_entity_types": "[dk.alexandra.fresco.lib.lp.LPSolver, \u003cnulltype\u003e, dk.alexandra.fresco.lib.lp.LPSolver.LpState]",
                "dst_entity_types": "[]"
              }
            }
          ]
        },
        {
          "tool-name": "Arja",
          "pattern-name": "Arja:arja_shallow_change",
          "Unified_Diff_of-files:": "Starts Below...",
          "CHANGE_old:": "",
          "CHANGE_new:": "      this(null, null, null, null, -1);",
          "DELETE:": "",
          "instance_detail": [
            {
              "pattern_action": "ANY",
              "pattern_entity": {
                "entity_type": "Statement",
                "entity_new value": "*",
                "entity_role": "*",
                "entity_parent": "null"
              },
              "concrete_change": {
                "operator": "DEL",
                "src_type": "Assignment",
                "dst_type": "null",
                "src": "this.basis \u003d null",
                "dst": "null",
                "src_parent_type": "Block",
                "dst_parent_type": "null",
                "src_parent": "{\n    this.iteration \u003d -1;\n    this.tableau \u003d null;\n    this.pivot \u003d null;\n    this.enumeratedVariables \u003d null;\n    this.prevPivot \u003d null;\n    this.updateMatrix \u003d null;\n    this.basis \u003d null;\n    this.terminated \u003d true;\n    this.enteringIndex \u003d null;\n}",
                "dst_parent": "null"
              },
              "line": 356,
              "file": "/home/khesoem/projects/lighter/exp/core/src/main/java/dk/alexandra/fresco/lib/lp/LPSolver.java",
              "stats": {
                "number_of_src_entities": 22,
                "number_of_dst_entities": -1,
                "src_entity_types": "[dk.alexandra.fresco.lib.lp.LPSolver, \u003cnulltype\u003e, dk.alexandra.fresco.lib.lp.LPSolver.LpState]",
                "dst_entity_types": "[]"
              }
            }
          ]
        },
        {
          "tool-name": "Arja",
          "pattern-name": "Arja:arja_shallow_change",
          "Unified_Diff_of-files:": "Starts Below...",
          "CHANGE_old:": "",
          "CHANGE_new:": "      this(null, null, null, null, -1);",
          "DELETE:": "",
          "instance_detail": [
            {
              "pattern_action": "ANY",
              "pattern_entity": {
                "entity_type": "Statement",
                "entity_new value": "*",
                "entity_role": "*",
                "entity_parent": "null"
              },
              "concrete_change": {
                "operator": "DEL",
                "src_type": "ConstructorCall",
                "dst_type": "null",
                "src": "new dk.alexandra.fresco.lib.lp.LPSolver.LpState(null, null, null, null, null, null, null)",
                "dst": "null",
                "src_parent_type": "Return",
                "dst_parent_type": "null",
                "src_parent": "return new dk.alexandra.fresco.lib.lp.LPSolver.LpState(null, null, null, null, null, null, null)",
                "dst_parent": "null"
              },
              "line": 362,
              "file": "/home/khesoem/projects/lighter/exp/core/src/main/java/dk/alexandra/fresco/lib/lp/LPSolver.java"
            }
          ]
        },
        {
          "tool-name": "Arja",
          "pattern-name": "Arja:arja_shallow_change",
          "Unified_Diff_of-files:": "Starts Below...",
          "CHANGE_old:": "",
          "CHANGE_new:": "      this(null, null, null, null, -1);",
          "DELETE:": "",
          "instance_detail": [
            {
              "pattern_action": "ANY",
              "pattern_entity": {
                "entity_type": "Statement",
                "entity_new value": "*",
                "entity_role": "*",
                "entity_parent": "null"
              },
              "concrete_change": {
                "operator": "DEL",
                "src_type": "Return",
                "dst_type": "null",
                "src": "return new dk.alexandra.fresco.lib.lp.LPSolver.LpState(null, null, null, null, null, null, null)",
                "dst": "null",
                "src_parent_type": "Block",
                "dst_parent_type": "null",
                "src_parent": "{\n    return new dk.alexandra.fresco.lib.lp.LPSolver.LpState(null, null, null, null, null, null, null);\n}",
                "dst_parent": "null"
              },
              "line": 362,
              "file": "/home/khesoem/projects/lighter/exp/core/src/main/java/dk/alexandra/fresco/lib/lp/LPSolver.java"
            }
          ]
        },
        {
          "tool-name": "Arja",
          "pattern-name": "Arja:arja_shallow_change",
          "Unified_Diff_of-files:": "Starts Below...",
          "CHANGE_old:": "",
          "CHANGE_new:": "      this(null, null, null, null, -1);",
          "DELETE:": "",
          "instance_detail": [
            {
              "pattern_action": "ANY",
              "pattern_entity": {
                "entity_type": "Statement",
                "entity_new value": "*",
                "entity_role": "*",
                "entity_parent": "null"
              },
              "concrete_change": {
                "operator": "DEL",
                "src_type": "Return",
                "dst_type": "null",
                "src": "return this",
                "dst": "null",
                "src_parent_type": "Block",
                "dst_parent_type": "null",
                "src_parent": "{\n    return this;\n}",
                "dst_parent": "null"
              },
              "line": 367,
              "file": "/home/khesoem/projects/lighter/exp/core/src/main/java/dk/alexandra/fresco/lib/lp/LPSolver.java"
            }
          ]
        },
        {
          "tool-name": "Arja",
          "pattern-name": "Arja:arja_deep_change",
          "Unified_Diff_of-files:": "Starts Below...",
          "CHANGE_old:": "",
          "CHANGE_new:": "      this(null, null, null, null, -1);",
          "DELETE:": "",
          "instance_detail": [
            {
              "pattern_action": "ANY",
              "pattern_entity": {
                "entity_type": "*",
                "entity_new value": "*",
                "entity_role": "*",
                "entity_parent": {
                  "entity_type": "Statement",
                  "entity_new value": "*",
                  "entity_role": "*",
                  "entity_parent": "null"
                }
              },
              "concrete_change": {
                "operator": "INS",
                "src_type": "VariableRead",
                "dst_type": "null",
                "src": "iteration",
                "dst": "null",
                "src_parent_type": "Assignment",
                "dst_parent_type": "null",
                "src_parent": "this.iteration \u003d iteration",
                "dst_parent": "null"
              },
              "line": 340,
              "file": "/home/khesoem/projects/lighter/exp/core/src/main/java/dk/alexandra/fresco/lib/lp/LPSolver.java",
              "stats": {
                "number_of_src_entities": 3,
                "number_of_dst_entities": -1,
                "src_entity_types": "[int]",
                "dst_entity_types": "[]"
              }
            }
          ]
        },
        {
          "tool-name": "Arja",
          "pattern-name": "Arja:arja_deep_change",
          "Unified_Diff_of-files:": "Starts Below...",
          "CHANGE_old:": "",
          "CHANGE_new:": "      this(null, null, null, null, -1);",
          "DELETE:": "",
          "instance_detail": [
            {
              "pattern_action": "ANY",
              "pattern_entity": {
                "entity_type": "*",
                "entity_new value": "*",
                "entity_role": "*",
                "entity_parent": {
                  "entity_type": "Statement",
                  "entity_new value": "*",
                  "entity_role": "*",
                  "entity_parent": "null"
                }
              },
              "concrete_change": {
                "operator": "INS",
                "src_type": "VariableRead",
                "dst_type": "null",
                "src": "tableau",
                "dst": "null",
                "src_parent_type": "Assignment",
                "dst_parent_type": "null",
                "src_parent": "this.tableau \u003d tableau",
                "dst_parent": "null"
              },
              "line": 341,
              "file": "/home/khesoem/projects/lighter/exp/core/src/main/java/dk/alexandra/fresco/lib/lp/LPSolver.java",
              "stats": {
                "number_of_src_entities": 4,
                "number_of_dst_entities": -1,
                "src_entity_types": "[dk.alexandra.fresco.lib.lp.LPTableau]",
                "dst_entity_types": "[]"
              }
            }
          ]
        },
        {
          "tool-name": "Arja",
          "pattern-name": "Arja:arja_deep_change",
          "Unified_Diff_of-files:": "Starts Below...",
          "CHANGE_old:": "",
          "CHANGE_new:": "      this(null, null, null, null, -1);",
          "DELETE:": "",
          "instance_detail": [
            {
              "pattern_action": "ANY",
              "pattern_entity": {
                "entity_type": "*",
                "entity_new value": "*",
                "entity_role": "*",
                "entity_parent": {
                  "entity_type": "Statement",
                  "entity_new value": "*",
                  "entity_role": "*",
                  "entity_parent": "null"
                }
              },
              "concrete_change": {
                "operator": "INS",
                "src_type": "VariableRead",
                "dst_type": "null",
                "src": "pivot",
                "dst": "null",
                "src_parent_type": "Assignment",
                "dst_parent_type": "null",
                "src_parent": "this.pivot \u003d pivot",
                "dst_parent": "null"
              },
              "line": 342,
              "file": "/home/khesoem/projects/lighter/exp/core/src/main/java/dk/alexandra/fresco/lib/lp/LPSolver.java",
              "stats": {
                "number_of_src_entities": 6,
                "number_of_dst_entities": -1,
                "src_entity_types": "[dk.alexandra.fresco.framework.value.SInt, dk.alexandra.fresco.framework.DRes\u003cdk.alexandra.fresco.framework.value.SInt\u003e]",
                "dst_entity_types": "[]"
              }
            }
          ]
        },
        {
          "tool-name": "Arja",
          "pattern-name": "Arja:arja_deep_change",
          "Unified_Diff_of-files:": "Starts Below...",
          "CHANGE_old:": "",
          "CHANGE_new:": "      this(null, null, null, null, -1);",
          "DELETE:": "",
          "instance_detail": [
            {
              "pattern_action": "ANY",
              "pattern_entity": {
                "entity_type": "*",
                "entity_new value": "*",
                "entity_role": "*",
                "entity_parent": {
                  "entity_type": "Statement",
                  "entity_new value": "*",
                  "entity_role": "*",
                  "entity_parent": "null"
                }
              },
              "concrete_change": {
                "operator": "INS",
                "src_type": "VariableRead",
                "dst_type": "null",
                "src": "updateMatrix",
                "dst": "null",
                "src_parent_type": "Assignment",
                "dst_parent_type": "null",
                "src_parent": "this.updateMatrix \u003d updateMatrix",
                "dst_parent": "null"
              },
              "line": 343,
              "file": "/home/khesoem/projects/lighter/exp/core/src/main/java/dk/alexandra/fresco/lib/lp/LPSolver.java",
              "stats": {
                "number_of_src_entities": 8,
                "number_of_dst_entities": -1,
                "src_entity_types": "[dk.alexandra.fresco.lib.collections.Matrix\u003cdk.alexandra.fresco.framework.DRes\u003cdk.alexandra.fresco.framework.value.SInt\u003e\u003e, dk.alexandra.fresco.framework.value.SInt, dk.alexandra.fresco.framework.DRes\u003cdk.alexandra.fresco.framework.value.SInt\u003e]",
                "dst_entity_types": "[]"
              }
            }
          ]
        },
        {
          "tool-name": "Arja",
          "pattern-name": "Arja:arja_deep_change",
          "Unified_Diff_of-files:": "Starts Below...",
          "CHANGE_old:": "",
          "CHANGE_new:": "      this(null, null, null, null, -1);",
          "DELETE:": "",
          "instance_detail": [
            {
              "pattern_action": "ANY",
              "pattern_entity": {
                "entity_type": "*",
                "entity_new value": "*",
                "entity_role": "*",
                "entity_parent": {
                  "entity_type": "Statement",
                  "entity_new value": "*",
                  "entity_role": "*",
                  "entity_parent": "null"
                }
              },
              "concrete_change": {
                "operator": "INS",
                "src_type": "VariableRead",
                "dst_type": "null",
                "src": "basis",
                "dst": "null",
                "src_parent_type": "Assignment",
                "dst_parent_type": "null",
                "src_parent": "this.basis \u003d basis",
                "dst_parent": "null"
              },
              "line": 344,
              "file": "/home/khesoem/projects/lighter/exp/core/src/main/java/dk/alexandra/fresco/lib/lp/LPSolver.java",
              "stats": {
                "number_of_src_entities": 8,
                "number_of_dst_entities": -1,
                "src_entity_types": "[java.util.List\u003cdk.alexandra.fresco.framework.DRes\u003cdk.alexandra.fresco.framework.value.SInt\u003e\u003e, dk.alexandra.fresco.framework.value.SInt, dk.alexandra.fresco.framework.DRes\u003cdk.alexandra.fresco.framework.value.SInt\u003e]",
                "dst_entity_types": "[]"
              }
            }
          ]
        }
      ]
    }
  ],
  "complete_analysis": true
}