{
  "instances": [
    {
      "revision": "d4e161d9a50a2658bae4b54bd1734a0ca50474a4",
      "repairability": [
        {
          "tool-name": "JKali",
          "pattern-name": "JKali:del",
          "Unified_Diff_of-files:": "Starts Below...",
          "CHANGE_old:": "    log.debug(\"getLogTail: nodes selected {} global tail {}\", segmentsHeadNodes, globalLogTail);",
          "CHANGE_new:": "    log.trace(\"getLogTail: nodes selected {} global tail {}\", segmentsHeadNodes, globalLogTail);",
          "instance_detail": [
            {
              "pattern_action": "DEL",
              "pattern_entity": {
                "entity_type": "*",
                "entity_new value": "*",
                "entity_role": "Statement",
                "entity_parent": "null"
              },
              "concrete_change": {
                "operator": "DEL",
                "src_type": "Return",
                "dst_type": "null",
                "src": "return true",
                "dst": "null",
                "src_parent_type": "Block",
                "dst_parent_type": "null",
                "src_parent": "{\n    return true;\n}",
                "dst_parent": "null"
              },
              "line": 336,
              "file": "/home/khesoem/projects/lighter/exp/infrastructure/src/main/java/org/corfudb/infrastructure/logreplication/replication/receive/LogReplicationMetadataManager.java",
              "stats": {
                "number_of_src_entities": 3,
                "number_of_dst_entities": -1,
                "src_entity_types": "[boolean]",
                "dst_entity_types": "[]"
              }
            }
          ]
        }
      ]
    }
  ],
  "complete_analysis": true
}