{
  "instances": [
    {
      "revision": "d3356bf7981c405bb96cca1d9f1411db85a0a9d7",
      "repairability": [
        {
          "tool-name": "JKali",
          "pattern-name": "JKali:del",
          "Unified_Diff_of-files:": "Starts Below...",
          "DELETE:": "                \"for this client.\", type.intValue());",
          "instance_detail": [
            {
              "pattern_action": "DEL",
              "pattern_entity": {
                "entity_type": "*",
                "entity_new value": "*",
                "entity_role": "Statement",
                "entity_parent": "null"
              },
              "concrete_change": {
                "operator": "DEL",
                "src_type": "Invocation",
                "dst_type": "null",
                "src": "log.error((\"Serializer with type code {} not found. Please check custom serializers \" + \"for this client.\"), type.intValue())",
                "dst": "null",
                "src_parent_type": "Block",
                "dst_parent_type": "null",
                "src_parent": "{\n    if (type \u003c\u003d (org.corfudb.util.serializer.Serializers.SYSTEM_SERIALIZERS_COUNT)) {\n        if (org.corfudb.util.serializer.Serializers.serializersMap.containsKey(type)) {\n            return org.corfudb.util.serializer.Serializers.serializersMap.get(type);\n        }\n    } else\n        if (org.corfudb.util.serializer.Serializers.customSerializers.containsKey(type)) {\n            return org.corfudb.util.serializer.Serializers.customSerializers.get(type);\n        }\n\n    log.error((\"Serializer with type code {} not found. Please check custom serializers \" + \"for this client.\"), type.intValue());\n    throw new org.corfudb.runtime.exceptions.SerializerException(type);\n}",
                "dst_parent": "null"
              },
              "line": 60,
              "file": "/home/khesoem/projects/lighter/exp/runtime/src/main/java/org/corfudb/util/serializer/Serializers.java",
              "stats": {
                "number_of_src_entities": 29,
                "number_of_dst_entities": -1,
                "src_entity_types": "[org.corfudb.util.serializer.log, java.lang.Byte, java.lang.String]",
                "dst_entity_types": "[]"
              }
            }
          ]
        }
      ]
    }
  ],
  "complete_analysis": true
}