{
  "instances": [
    {
      "revision": "7dbd59de3f175d89d239de45861874727f5ad616",
      "repairability": [
        {
          "tool-name": "JKali",
          "pattern-name": "JKali:del",
          "Unified_Diff_of-files:": "Starts Below...",
          "INSERT:": "    /**",
          "instance_detail": [
            {
              "pattern_action": "DEL",
              "pattern_entity": {
                "entity_type": "*",
                "entity_new value": "*",
                "entity_role": "Statement",
                "entity_parent": "null"
              },
              "concrete_change": {
                "operator": "DEL",
                "src_type": "Return",
                "dst_type": "null",
                "src": "return new org.corfudb.protocols.wireprotocol.orchestrator.AddNodeRequest(payload)",
                "dst": "null",
                "src_parent_type": "Case",
                "dst_parent_type": "null",
                "src_parent": "case ADD_NODE :\n    return new org.corfudb.protocols.wireprotocol.orchestrator.AddNodeRequest(payload);",
                "dst_parent": "null"
              },
              "line": 43,
              "file": "/home/khesoem/projects/lighter/exp/runtime/src/main/java/org/corfudb/protocols/wireprotocol/orchestrator/OrchestratorMsg.java"
            }
          ]
        },
        {
          "tool-name": "JKali",
          "pattern-name": "JKali:del",
          "Unified_Diff_of-files:": "Starts Below...",
          "INSERT:": "    /**",
          "instance_detail": [
            {
              "pattern_action": "DEL",
              "pattern_entity": {
                "entity_type": "*",
                "entity_new value": "*",
                "entity_role": "Statement",
                "entity_parent": "null"
              },
              "concrete_change": {
                "operator": "DEL",
                "src_type": "Return",
                "dst_type": "null",
                "src": "return new org.corfudb.protocols.wireprotocol.orchestrator.QueryRequest(payload)",
                "dst": "null",
                "src_parent_type": "Case",
                "dst_parent_type": "null",
                "src_parent": "case QUERY :\n    return new org.corfudb.protocols.wireprotocol.orchestrator.QueryRequest(payload);",
                "dst_parent": "null"
              },
              "line": 45,
              "file": "/home/khesoem/projects/lighter/exp/runtime/src/main/java/org/corfudb/protocols/wireprotocol/orchestrator/OrchestratorMsg.java"
            }
          ]
        },
        {
          "tool-name": "JKali",
          "pattern-name": "JKali:del",
          "Unified_Diff_of-files:": "Starts Below...",
          "INSERT:": "    /**",
          "instance_detail": [
            {
              "pattern_action": "DEL",
              "pattern_entity": {
                "entity_type": "*",
                "entity_new value": "*",
                "entity_role": "Statement",
                "entity_parent": "null"
              },
              "concrete_change": {
                "operator": "DEL",
                "src_type": "Throw",
                "dst_type": "null",
                "src": "throw new java.lang.IllegalArgumentException(\"mapRequest: Unknown Type\")",
                "dst": "null",
                "src_parent_type": "Case",
                "dst_parent_type": "null",
                "src_parent": "default :\n    throw new java.lang.IllegalArgumentException(\"mapRequest: Unknown Type\");",
                "dst_parent": "null"
              },
              "line": 47,
              "file": "/home/khesoem/projects/lighter/exp/runtime/src/main/java/org/corfudb/protocols/wireprotocol/orchestrator/OrchestratorMsg.java"
            }
          ]
        },
        {
          "tool-name": "JKali",
          "pattern-name": "JKali:del",
          "Unified_Diff_of-files:": "Starts Below...",
          "INSERT:": "    /**",
          "instance_detail": [
            {
              "pattern_action": "DEL",
              "pattern_entity": {
                "entity_type": "*",
                "entity_new value": "*",
                "entity_role": "Statement",
                "entity_parent": "null"
              },
              "concrete_change": {
                "operator": "DEL",
                "src_type": "Switch",
                "dst_type": "null",
                "src": "switch (type) {\n    case ADD_NODE :\n        return new org.corfudb.protocols.wireprotocol.orchestrator.AddNodeRequest(payload);\n    case QUERY :\n        return new org.corfudb.protocols.wireprotocol.orchestrator.QueryRequest(payload);\n    default :\n        throw new java.lang.IllegalArgumentException(\"mapRequest: Unknown Type\");\n}",
                "dst": "null",
                "src_parent_type": "Block",
                "dst_parent_type": "null",
                "src_parent": "{\n    switch (type) {\n        case ADD_NODE :\n            return new org.corfudb.protocols.wireprotocol.orchestrator.AddNodeRequest(payload);\n        case QUERY :\n            return new org.corfudb.protocols.wireprotocol.orchestrator.QueryRequest(payload);\n        default :\n            throw new java.lang.IllegalArgumentException(\"mapRequest: Unknown Type\");\n    }\n}",
                "dst_parent": "null"
              },
              "line": 41,
              "file": "/home/khesoem/projects/lighter/exp/runtime/src/main/java/org/corfudb/protocols/wireprotocol/orchestrator/OrchestratorMsg.java"
            }
          ]
        }
      ]
    },
    {
      "revision": "7dbd59de3f175d89d239de45861874727f5ad616",
      "repairability": [
        {
          "tool-name": "JKali",
          "pattern-name": "JKali:add_rtrn",
          "Unified_Diff_of-files:": "Starts Below...",
          "INSERT:": "    /**",
          "instance_detail": [
            {
              "pattern_action": "INS",
              "pattern_entity": {
                "entity_type": "Return",
                "entity_new value": "*",
                "entity_role": "Statement",
                "entity_parent": "null"
              },
              "concrete_change": {
                "operator": "INS",
                "src_type": "Return",
                "dst_type": "null",
                "src": "return ((org.corfudb.protocols.wireprotocol.orchestrator.CreateWorkflowResponse) (resp.get().getResponse()))",
                "dst": "null",
                "src_parent_type": "Block",
                "dst_parent_type": "null",
                "src_parent": "{\n    org.corfudb.protocols.wireprotocol.orchestrator.OrchestratorMsg req \u003d new org.corfudb.protocols.wireprotocol.orchestrator.OrchestratorMsg(new org.corfudb.protocols.wireprotocol.orchestrator.RemoveNodeRequest(endpoint));\n    java.util.concurrent.CompletableFuture\u003corg.corfudb.protocols.wireprotocol.orchestrator.OrchestratorResponse\u003e resp \u003d router.sendMessageAndGetCompletable(CorfuMsgType.ORCHESTRATOR_REQUEST.payloadMsg(req));\n    return ((org.corfudb.protocols.wireprotocol.orchestrator.CreateWorkflowResponse) (resp.get().getResponse()));\n}",
                "dst_parent": "null"
              },
              "line": 151,
              "file": "/home/khesoem/projects/lighter/exp/runtime/src/main/java/org/corfudb/runtime/clients/ManagementClient.java"
            }
          ]
        }
      ]
    },
    {
      "revision": "7dbd59de3f175d89d239de45861874727f5ad616",
      "repairability": [
        {
          "tool-name": "JKali",
          "pattern-name": "JKali:del",
          "Unified_Diff_of-files:": "Starts Below...",
          "INSERT:": "    /**",
          "instance_detail": [
            {
              "pattern_action": "DEL",
              "pattern_entity": {
                "entity_type": "*",
                "entity_new value": "*",
                "entity_role": "Statement",
                "entity_parent": "null"
              },
              "concrete_change": {
                "operator": "DEL",
                "src_type": "If",
                "dst_type": "null",
                "src": "if ((loguintServers.size()) \u003d\u003d 1) {\n    throw new org.corfudb.runtime.exceptions.LayoutModificationException(\"Attempting to remove all logunit. No replicas available.\");\n}",
                "dst": "null",
                "src_parent_type": "Block",
                "dst_parent_type": "null",
                "src_parent": "{\n    if ((loguintServers.size()) \u003d\u003d 1) {\n        throw new org.corfudb.runtime.exceptions.LayoutModificationException(\"Attempting to remove all logunit. No replicas available.\");\n    }\n    loguintServers.remove(k);\n    return this;\n}",
                "dst_parent": "null"
              },
              "line": 354,
              "file": "/home/khesoem/projects/lighter/exp/runtime/src/main/java/org/corfudb/runtime/view/LayoutBuilder.java"
            }
          ]
        },
        {
          "tool-name": "JKali",
          "pattern-name": "JKali:del",
          "Unified_Diff_of-files:": "Starts Below...",
          "INSERT:": "    /**",
          "instance_detail": [
            {
              "pattern_action": "DEL",
              "pattern_entity": {
                "entity_type": "*",
                "entity_new value": "*",
                "entity_role": "Statement",
                "entity_parent": "null"
              },
              "concrete_change": {
                "operator": "DEL",
                "src_type": "Invocation",
                "dst_type": "null",
                "src": "loguintServers.remove(k)",
                "dst": "null",
                "src_parent_type": "Block",
                "dst_parent_type": "null",
                "src_parent": "{\n    if ((loguintServers.size()) \u003d\u003d 1) {\n        throw new org.corfudb.runtime.exceptions.LayoutModificationException(\"Attempting to remove all logunit. No replicas available.\");\n    }\n    loguintServers.remove(k);\n    return this;\n}",
                "dst_parent": "null"
              },
              "line": 358,
              "file": "/home/khesoem/projects/lighter/exp/runtime/src/main/java/org/corfudb/runtime/view/LayoutBuilder.java"
            }
          ]
        },
        {
          "tool-name": "JKali",
          "pattern-name": "JKali:del",
          "Unified_Diff_of-files:": "Starts Below...",
          "INSERT:": "    /**",
          "instance_detail": [
            {
              "pattern_action": "DEL",
              "pattern_entity": {
                "entity_type": "*",
                "entity_new value": "*",
                "entity_role": "Statement",
                "entity_parent": "null"
              },
              "concrete_change": {
                "operator": "DEL",
                "src_type": "If",
                "dst_type": "null",
                "src": "if (loguintServers.get(k).equals(endpoint)) {\n    if ((loguintServers.size()) \u003d\u003d 1) {\n        throw new org.corfudb.runtime.exceptions.LayoutModificationException(\"Attempting to remove all logunit. No replicas available.\");\n    }\n    loguintServers.remove(k);\n    return this;\n}",
                "dst": "null",
                "src_parent_type": "Block",
                "dst_parent_type": "null",
                "src_parent": "{\n    if (loguintServers.get(k).equals(endpoint)) {\n        if ((loguintServers.size()) \u003d\u003d 1) {\n            throw new org.corfudb.runtime.exceptions.LayoutModificationException(\"Attempting to remove all logunit. No replicas available.\");\n        }\n        loguintServers.remove(k);\n        return this;\n    }\n}",
                "dst_parent": "null"
              },
              "line": 353,
              "file": "/home/khesoem/projects/lighter/exp/runtime/src/main/java/org/corfudb/runtime/view/LayoutBuilder.java"
            }
          ]
        },
        {
          "tool-name": "JKali",
          "pattern-name": "JKali:del",
          "Unified_Diff_of-files:": "Starts Below...",
          "INSERT:": "    /**",
          "instance_detail": [
            {
              "pattern_action": "DEL",
              "pattern_entity": {
                "entity_type": "*",
                "entity_new value": "*",
                "entity_role": "Statement",
                "entity_parent": "null"
              },
              "concrete_change": {
                "operator": "DEL",
                "src_type": "For",
                "dst_type": "null",
                "src": "for (int k \u003d 0; k \u003c (loguintServers.size()); k++) {\n    if (loguintServers.get(k).equals(endpoint)) {\n        if ((loguintServers.size()) \u003d\u003d 1) {\n            throw new org.corfudb.runtime.exceptions.LayoutModificationException(\"Attempting to remove all logunit. No replicas available.\");\n        }\n        loguintServers.remove(k);\n        return this;\n    }\n}",
                "dst": "null",
                "src_parent_type": "Block",
                "dst_parent_type": "null",
                "src_parent": "{\n    java.util.List\u003cjava.lang.String\u003e loguintServers \u003d layoutStripe.getLogServers();\n    for (int k \u003d 0; k \u003c (loguintServers.size()); k++) {\n        if (loguintServers.get(k).equals(endpoint)) {\n            if ((loguintServers.size()) \u003d\u003d 1) {\n                throw new org.corfudb.runtime.exceptions.LayoutModificationException(\"Attempting to remove all logunit. No replicas available.\");\n            }\n            loguintServers.remove(k);\n            return this;\n        }\n    }\n}",
                "dst_parent": "null"
              },
              "line": 352,
              "file": "/home/khesoem/projects/lighter/exp/runtime/src/main/java/org/corfudb/runtime/view/LayoutBuilder.java"
            }
          ]
        },
        {
          "tool-name": "JKali",
          "pattern-name": "JKali:del",
          "Unified_Diff_of-files:": "Starts Below...",
          "INSERT:": "    /**",
          "instance_detail": [
            {
              "pattern_action": "DEL",
              "pattern_entity": {
                "entity_type": "*",
                "entity_new value": "*",
                "entity_role": "Statement",
                "entity_parent": "null"
              },
              "concrete_change": {
                "operator": "DEL",
                "src_type": "ForEach",
                "dst_type": "null",
                "src": "for (org.corfudb.runtime.view.Layout.LayoutStripe layoutStripe : layoutSegment.getStripes()) {\n    java.util.List\u003cjava.lang.String\u003e loguintServers \u003d layoutStripe.getLogServers();\n    for (int k \u003d 0; k \u003c (loguintServers.size()); k++) {\n        if (loguintServers.get(k).equals(endpoint)) {\n            if ((loguintServers.size()) \u003d\u003d 1) {\n                throw new org.corfudb.runtime.exceptions.LayoutModificationException(\"Attempting to remove all logunit. No replicas available.\");\n            }\n            loguintServers.remove(k);\n            return this;\n        }\n    }\n}",
                "dst": "null",
                "src_parent_type": "Block",
                "dst_parent_type": "null",
                "src_parent": "{\n    for (org.corfudb.runtime.view.Layout.LayoutStripe layoutStripe : layoutSegment.getStripes()) {\n        java.util.List\u003cjava.lang.String\u003e loguintServers \u003d layoutStripe.getLogServers();\n        for (int k \u003d 0; k \u003c (loguintServers.size()); k++) {\n            if (loguintServers.get(k).equals(endpoint)) {\n                if ((loguintServers.size()) \u003d\u003d 1) {\n                    throw new org.corfudb.runtime.exceptions.LayoutModificationException(\"Attempting to remove all logunit. No replicas available.\");\n                }\n                loguintServers.remove(k);\n                return this;\n            }\n        }\n    }\n}",
                "dst_parent": "null"
              },
              "line": 348,
              "file": "/home/khesoem/projects/lighter/exp/runtime/src/main/java/org/corfudb/runtime/view/LayoutBuilder.java",
              "stats": {
                "number_of_src_entities": 138,
                "number_of_dst_entities": -1,
                "src_entity_types": "[int, org.corfudb.runtime.exceptions.LayoutModificationException, boolean, org.corfudb.runtime.view.LayoutBuilder, org.corfudb.runtime.view.Layout.LayoutStripe, org.corfudb.runtime.view.Layout.LayoutSegment, java.lang.String, java.util.List\u003cjava.lang.String\u003e, java.util.List]",
                "dst_entity_types": "[]"
              }
            }
          ]
        },
        {
          "tool-name": "JKali",
          "pattern-name": "JKali:add_rtrn",
          "Unified_Diff_of-files:": "Starts Below...",
          "INSERT:": "    /**",
          "instance_detail": [
            {
              "pattern_action": "INS",
              "pattern_entity": {
                "entity_type": "Return",
                "entity_new value": "*",
                "entity_role": "Statement",
                "entity_parent": "null"
              },
              "concrete_change": {
                "operator": "INS",
                "src_type": "Return",
                "dst_type": "null",
                "src": "return this",
                "dst": "null",
                "src_parent_type": "Block",
                "dst_parent_type": "null",
                "src_parent": "{\n    this.epoch \u003d epoch;\n    return this;\n}",
                "dst_parent": "null"
              },
              "line": 62,
              "file": "/home/khesoem/projects/lighter/exp/runtime/src/main/java/org/corfudb/runtime/view/LayoutBuilder.java"
            }
          ]
        }
      ]
    }
  ],
  "complete_analysis": true
}