{
  "instances": [
    {
      "revision": "c7f907a2fb05f11b89220cc9e14a27b6c55ccfca",
      "repairability": [
        {
          "tool-name": "JKali",
          "pattern-name": "JKali:add_rtrn",
          "Unified_Diff_of-files:": "Starts Below...",
          "INSERT:": "                            }));",
          "CHANGE_old:": "        if(runtimeFSM.getRemoteLeader().isPresent()) {",
          "CHANGE_new:": "        if (runtimeFSM.getRemoteLeader().isPresent()) {",
          "DELETE:": " *",
          "instance_detail": [
            {
              "pattern_action": "INS",
              "pattern_entity": {
                "entity_type": "Return",
                "entity_new value": "*",
                "entity_role": "Statement",
                "entity_parent": "null"
              },
              "concrete_change": {
                "operator": "INS",
                "src_type": "Return",
                "dst_type": "null",
                "src": "return org.corfudb.common.metrics.micrometer.MeterRegistryProvider.getInstance().map(( registry) -\u003e registry.gauge(\"logreplication.acks\", com.google.common.collect.ImmutableList.of(io.micrometer.core.instrument.Tag.of(\"replication.type\", \"snapshot\")), new java.util.concurrent.atomic.AtomicLong(0)))",
                "dst": "null",
                "src_parent_type": "Block",
                "dst_parent_type": "null",
                "src_parent": "{\n    return org.corfudb.common.metrics.micrometer.MeterRegistryProvider.getInstance().map(( registry) -\u003e registry.gauge(\"logreplication.acks\", com.google.common.collect.ImmutableList.of(io.micrometer.core.instrument.Tag.of(\"replication.type\", \"snapshot\")), new java.util.concurrent.atomic.AtomicLong(0)));\n}",
                "dst_parent": "null"
              },
              "line": 79,
              "file": "/home/khesoem/projects/lighter/exp/infrastructure/src/main/java/org/corfudb/infrastructure/logreplication/replication/send/SnapshotSenderBufferManager.java"
            }
          ]
        }
      ]
    },
    {
      "revision": "c7f907a2fb05f11b89220cc9e14a27b6c55ccfca",
      "repairability": [
        {
          "tool-name": "JKali",
          "pattern-name": "JKali:add_rtrn",
          "Unified_Diff_of-files:": "Starts Below...",
          "INSERT:": "                            }));",
          "CHANGE_old:": "        if(runtimeFSM.getRemoteLeader().isPresent()) {",
          "CHANGE_new:": "        if (runtimeFSM.getRemoteLeader().isPresent()) {",
          "DELETE:": " *",
          "instance_detail": [
            {
              "pattern_action": "INS",
              "pattern_entity": {
                "entity_type": "Return",
                "entity_new value": "*",
                "entity_role": "Statement",
                "entity_parent": "null"
              },
              "concrete_change": {
                "operator": "INS",
                "src_type": "Return",
                "dst_type": "null",
                "src": "return org.corfudb.common.metrics.micrometer.MeterRegistryProvider.getInstance().map(( registry) -\u003e io.micrometer.core.instrument.DistributionSummary.builder(\"logreplication.message.size.bytes\").baseUnit(\"bytes\").tags(\"replication.type\", \"snapshot\").register(registry))",
                "dst": "null",
                "src_parent_type": "Block",
                "dst_parent_type": "null",
                "src_parent": "{\n    return org.corfudb.common.metrics.micrometer.MeterRegistryProvider.getInstance().map(( registry) -\u003e io.micrometer.core.instrument.DistributionSummary.builder(\"logreplication.message.size.bytes\").baseUnit(\"bytes\").tags(\"replication.type\", \"snapshot\").register(registry));\n}",
                "dst_parent": "null"
              },
              "line": 287,
              "file": "/home/khesoem/projects/lighter/exp/infrastructure/src/main/java/org/corfudb/infrastructure/logreplication/replication/send/logreader/StreamsSnapshotReader.java"
            }
          ]
        }
      ]
    },
    {
      "revision": "c7f907a2fb05f11b89220cc9e14a27b6c55ccfca",
      "repairability": [
        {
          "tool-name": "JKali",
          "pattern-name": "JKali:del",
          "Unified_Diff_of-files:": "Starts Below...",
          "INSERT:": "                            }));",
          "CHANGE_old:": "        if(runtimeFSM.getRemoteLeader().isPresent()) {",
          "CHANGE_new:": "        if (runtimeFSM.getRemoteLeader().isPresent()) {",
          "DELETE:": " *",
          "instance_detail": [
            {
              "pattern_action": "DEL",
              "pattern_entity": {
                "entity_type": "*",
                "entity_new value": "*",
                "entity_role": "Statement",
                "entity_parent": "null"
              },
              "concrete_change": {
                "operator": "DEL",
                "src_type": "If",
                "dst_type": "null",
                "src": "if (message !\u003d null) {\n    dataSenderBufferManager.sendWithBuffering(message);\n} else {\n    taskActive \u003d false;\n    break;\n}",
                "dst": "null",
                "src_parent_type": "Block",
                "dst_parent_type": "null",
                "src_parent": "{\n    message \u003d logEntryReader.read(logEntrySyncEventId);\n    if (message !\u003d null) {\n        dataSenderBufferManager.sendWithBuffering(message);\n    } else {\n        taskActive \u003d false;\n        break;\n    }\n    if (logEntryReader.hasMessageExceededSize()) {\n        cancelLogEntrySync(LogReplicationError.LOG_ENTRY_MESSAGE_SIZE_EXCEEDED, LogReplicationEventType.REPLICATION_SHUTDOWN, logEntrySyncEventId);\n        return;\n    }\n}",
                "dst_parent": "null"
              },
              "line": 104,
              "file": "/home/khesoem/projects/lighter/exp/infrastructure/src/main/java/org/corfudb/infrastructure/logreplication/replication/send/LogEntrySender.java",
              "stats": {
                "number_of_src_entities": 48,
                "number_of_dst_entities": -1,
                "src_entity_types": "[boolean, org.corfudb.infrastructure.logreplication.replication.send.SenderBufferManager, org.corfudb.protocols.wireprotocol.logreplication.LogReplicationEntry, org.corfudb.infrastructure.logreplication.replication.send.LogEntrySender, \u003cnulltype\u003e]",
                "dst_entity_types": "[]"
              }
            }
          ]
        }
      ]
    },
    {
      "revision": "c7f907a2fb05f11b89220cc9e14a27b6c55ccfca",
      "repairability": [
        {
          "tool-name": "JKali",
          "pattern-name": "JKali:add_rtrn",
          "Unified_Diff_of-files:": "Starts Below...",
          "INSERT:": "                            }));",
          "CHANGE_old:": "        if(runtimeFSM.getRemoteLeader().isPresent()) {",
          "CHANGE_new:": "        if (runtimeFSM.getRemoteLeader().isPresent()) {",
          "DELETE:": " *",
          "instance_detail": [
            {
              "pattern_action": "INS",
              "pattern_entity": {
                "entity_type": "Return",
                "entity_new value": "*",
                "entity_role": "Statement",
                "entity_parent": "null"
              },
              "concrete_change": {
                "operator": "INS",
                "src_type": "Return",
                "dst_type": "null",
                "src": "return org.corfudb.common.metrics.micrometer.MeterRegistryProvider.getInstance().map(( registry) -\u003e registry.gauge(\"logreplication.acks\", com.google.common.collect.ImmutableList.of(io.micrometer.core.instrument.Tag.of(\"replication.type\", \"logentry\")), new java.util.concurrent.atomic.AtomicLong(0)))",
                "dst": "null",
                "src_parent_type": "Block",
                "dst_parent_type": "null",
                "src_parent": "{\n    return org.corfudb.common.metrics.micrometer.MeterRegistryProvider.getInstance().map(( registry) -\u003e registry.gauge(\"logreplication.acks\", com.google.common.collect.ImmutableList.of(io.micrometer.core.instrument.Tag.of(\"replication.type\", \"logentry\")), new java.util.concurrent.atomic.AtomicLong(0)));\n}",
                "dst_parent": "null"
              },
              "line": 79,
              "file": "/home/khesoem/projects/lighter/exp/infrastructure/src/main/java/org/corfudb/infrastructure/logreplication/replication/send/LogEntrySenderBufferManager.java"
            }
          ]
        }
      ]
    },
    {
      "revision": "c7f907a2fb05f11b89220cc9e14a27b6c55ccfca",
      "repairability": [
        {
          "tool-name": "JKali",
          "pattern-name": "JKali:add_rtrn",
          "Unified_Diff_of-files:": "Starts Below...",
          "INSERT:": "                            }));",
          "CHANGE_old:": "        if(runtimeFSM.getRemoteLeader().isPresent()) {",
          "CHANGE_new:": "        if (runtimeFSM.getRemoteLeader().isPresent()) {",
          "DELETE:": " *",
          "instance_detail": [
            {
              "pattern_action": "INS",
              "pattern_entity": {
                "entity_type": "Return",
                "entity_new value": "*",
                "entity_role": "Statement",
                "entity_parent": "null"
              },
              "concrete_change": {
                "operator": "INS",
                "src_type": "Return",
                "dst_type": "null",
                "src": "return org.corfudb.common.metrics.micrometer.MeterRegistryProvider.getInstance().map(( registry) -\u003e registry.gauge(\"logreplication.snapshot.completed.count\", new java.util.concurrent.atomic.AtomicLong(0)))",
                "dst": "null",
                "src_parent_type": "Block",
                "dst_parent_type": "null",
                "src_parent": "{\n    return org.corfudb.common.metrics.micrometer.MeterRegistryProvider.getInstance().map(( registry) -\u003e registry.gauge(\"logreplication.snapshot.completed.count\", new java.util.concurrent.atomic.AtomicLong(0)));\n}",
                "dst_parent": "null"
              },
              "line": 210,
              "file": "/home/khesoem/projects/lighter/exp/infrastructure/src/main/java/org/corfudb/infrastructure/logreplication/replication/fsm/InSnapshotSyncState.java"
            }
          ]
        },
        {
          "tool-name": "JKali",
          "pattern-name": "JKali:add_rtrn",
          "Unified_Diff_of-files:": "Starts Below...",
          "INSERT:": "                            }));",
          "CHANGE_old:": "        if(runtimeFSM.getRemoteLeader().isPresent()) {",
          "CHANGE_new:": "        if (runtimeFSM.getRemoteLeader().isPresent()) {",
          "DELETE:": " *",
          "instance_detail": [
            {
              "pattern_action": "INS",
              "pattern_entity": {
                "entity_type": "Return",
                "entity_new value": "*",
                "entity_role": "Statement",
                "entity_parent": "null"
              },
              "concrete_change": {
                "operator": "INS",
                "src_type": "Return",
                "dst_type": "null",
                "src": "return sample.stop(timer)",
                "dst": "null",
                "src_parent_type": "Block",
                "dst_parent_type": "null",
                "src_parent": "{\n    io.micrometer.core.instrument.Timer timer \u003d registry.timer((\"logreplication.snapshot\" + \".duration.seconds\"));\n    return sample.stop(timer);\n}",
                "dst_parent": "null"
              },
              "line": 121,
              "file": "/home/khesoem/projects/lighter/exp/infrastructure/src/main/java/org/corfudb/infrastructure/logreplication/replication/fsm/InSnapshotSyncState.java"
            }
          ]
        }
      ]
    },
    {
      "revision": "c7f907a2fb05f11b89220cc9e14a27b6c55ccfca",
      "repairability": [
        {
          "tool-name": "JKali",
          "pattern-name": "JKali:add_rtrn",
          "Unified_Diff_of-files:": "Starts Below...",
          "INSERT:": "                            }));",
          "CHANGE_old:": "        if(runtimeFSM.getRemoteLeader().isPresent()) {",
          "CHANGE_new:": "        if (runtimeFSM.getRemoteLeader().isPresent()) {",
          "DELETE:": " *",
          "instance_detail": [
            {
              "pattern_action": "INS",
              "pattern_entity": {
                "entity_type": "Return",
                "entity_new value": "*",
                "entity_role": "Statement",
                "entity_parent": "null"
              },
              "concrete_change": {
                "operator": "INS",
                "src_type": "Return",
                "dst_type": "null",
                "src": "return org.corfudb.common.metrics.micrometer.MeterRegistryProvider.getInstance().map(( registry) -\u003e io.micrometer.core.instrument.DistributionSummary.builder(\"logreplication.message.size.bytes\").baseUnit(\"bytes\").tags(\"replication.type\", \"logentry\").register(registry))",
                "dst": "null",
                "src_parent_type": "Block",
                "dst_parent_type": "null",
                "src_parent": "{\n    return org.corfudb.common.metrics.micrometer.MeterRegistryProvider.getInstance().map(( registry) -\u003e io.micrometer.core.instrument.DistributionSummary.builder(\"logreplication.message.size.bytes\").baseUnit(\"bytes\").tags(\"replication.type\", \"logentry\").register(registry));\n}",
                "dst_parent": "null"
              },
              "line": 254,
              "file": "/home/khesoem/projects/lighter/exp/infrastructure/src/main/java/org/corfudb/infrastructure/logreplication/replication/send/logreader/StreamsLogEntryReader.java"
            }
          ]
        },
        {
          "tool-name": "JKali",
          "pattern-name": "JKali:add_rtrn",
          "Unified_Diff_of-files:": "Starts Below...",
          "INSERT:": "                            }));",
          "CHANGE_old:": "        if(runtimeFSM.getRemoteLeader().isPresent()) {",
          "CHANGE_new:": "        if (runtimeFSM.getRemoteLeader().isPresent()) {",
          "DELETE:": " *",
          "instance_detail": [
            {
              "pattern_action": "INS",
              "pattern_entity": {
                "entity_type": "Return",
                "entity_new value": "*",
                "entity_role": "Statement",
                "entity_parent": "null"
              },
              "concrete_change": {
                "operator": "INS",
                "src_type": "Return",
                "dst_type": "null",
                "src": "return org.corfudb.common.metrics.micrometer.MeterRegistryProvider.getInstance().map(( registry) -\u003e registry.counter(\"logreplication.opaque.count_total\"))",
                "dst": "null",
                "src_parent_type": "Block",
                "dst_parent_type": "null",
                "src_parent": "{\n    return org.corfudb.common.metrics.micrometer.MeterRegistryProvider.getInstance().map(( registry) -\u003e registry.counter(\"logreplication.opaque.count_total\"));\n}",
                "dst_parent": "null"
              },
              "line": 262,
              "file": "/home/khesoem/projects/lighter/exp/infrastructure/src/main/java/org/corfudb/infrastructure/logreplication/replication/send/logreader/StreamsLogEntryReader.java"
            }
          ]
        },
        {
          "tool-name": "JKali",
          "pattern-name": "JKali:add_rtrn",
          "Unified_Diff_of-files:": "Starts Below...",
          "INSERT:": "                            }));",
          "CHANGE_old:": "        if(runtimeFSM.getRemoteLeader().isPresent()) {",
          "CHANGE_new:": "        if (runtimeFSM.getRemoteLeader().isPresent()) {",
          "DELETE:": " *",
          "instance_detail": [
            {
              "pattern_action": "INS",
              "pattern_entity": {
                "entity_type": "Return",
                "entity_new value": "*",
                "entity_role": "Statement",
                "entity_parent": "null"
              },
              "concrete_change": {
                "operator": "INS",
                "src_type": "Return",
                "dst_type": "null",
                "src": "return org.corfudb.common.metrics.micrometer.MeterRegistryProvider.getInstance().map(( registry) -\u003e registry.counter(\"logreplication.opaque.count_valid\"))",
                "dst": "null",
                "src_parent_type": "Block",
                "dst_parent_type": "null",
                "src_parent": "{\n    return org.corfudb.common.metrics.micrometer.MeterRegistryProvider.getInstance().map(( registry) -\u003e registry.counter(\"logreplication.opaque.count_valid\"));\n}",
                "dst_parent": "null"
              },
              "line": 267,
              "file": "/home/khesoem/projects/lighter/exp/infrastructure/src/main/java/org/corfudb/infrastructure/logreplication/replication/send/logreader/StreamsLogEntryReader.java"
            }
          ]
        },
        {
          "tool-name": "JKali",
          "pattern-name": "JKali:add_rtrn",
          "Unified_Diff_of-files:": "Starts Below...",
          "INSERT:": "                            }));",
          "CHANGE_old:": "        if(runtimeFSM.getRemoteLeader().isPresent()) {",
          "CHANGE_new:": "        if (runtimeFSM.getRemoteLeader().isPresent()) {",
          "DELETE:": " *",
          "instance_detail": [
            {
              "pattern_action": "INS",
              "pattern_entity": {
                "entity_type": "Return",
                "entity_new value": "*",
                "entity_role": "Statement",
                "entity_parent": "null"
              },
              "concrete_change": {
                "operator": "INS",
                "src_type": "Return",
                "dst_type": "null",
                "src": "return org.corfudb.common.metrics.micrometer.MeterRegistryProvider.getInstance().map(( registry) -\u003e registry.counter(\"logreplication.opaque.count_per_message\"))",
                "dst": "null",
                "src_parent_type": "Block",
                "dst_parent_type": "null",
                "src_parent": "{\n    return org.corfudb.common.metrics.micrometer.MeterRegistryProvider.getInstance().map(( registry) -\u003e registry.counter(\"logreplication.opaque.count_per_message\"));\n}",
                "dst_parent": "null"
              },
              "line": 272,
              "file": "/home/khesoem/projects/lighter/exp/infrastructure/src/main/java/org/corfudb/infrastructure/logreplication/replication/send/logreader/StreamsLogEntryReader.java"
            }
          ]
        }
      ]
    },
    {
      "revision": "c7f907a2fb05f11b89220cc9e14a27b6c55ccfca",
      "repairability": [
        {
          "tool-name": "JKali",
          "pattern-name": "JKali:add_rtrn",
          "Unified_Diff_of-files:": "Starts Below...",
          "INSERT:": "                            }));",
          "CHANGE_old:": "        if(runtimeFSM.getRemoteLeader().isPresent()) {",
          "CHANGE_new:": "        if (runtimeFSM.getRemoteLeader().isPresent()) {",
          "DELETE:": " *",
          "instance_detail": [
            {
              "pattern_action": "INS",
              "pattern_entity": {
                "entity_type": "Return",
                "entity_new value": "*",
                "entity_role": "Statement",
                "entity_parent": "null"
              },
              "concrete_change": {
                "operator": "INS",
                "src_type": "Return",
                "dst_type": "null",
                "src": "return org.corfudb.common.metrics.micrometer.MeterRegistryProvider.getInstance().map(( registry) -\u003e registry.more().longTaskTimer(\"logreplication.lock.duration\", com.google.common.collect.ImmutableList.of(io.micrometer.core.instrument.Tag.of(\"cluster.role\", role.toString().toLowerCase()))).start())",
                "dst": "null",
                "src_parent_type": "Block",
                "dst_parent_type": "null",
                "src_parent": "{\n    return org.corfudb.common.metrics.micrometer.MeterRegistryProvider.getInstance().map(( registry) -\u003e registry.more().longTaskTimer(\"logreplication.lock.duration\", com.google.common.collect.ImmutableList.of(io.micrometer.core.instrument.Tag.of(\"cluster.role\", role.toString().toLowerCase()))).start());\n}",
                "dst_parent": "null"
              },
              "line": 825,
              "file": "/home/khesoem/projects/lighter/exp/infrastructure/src/main/java/org/corfudb/infrastructure/logreplication/infrastructure/CorfuReplicationDiscoveryService.java"
            }
          ]
        },
        {
          "tool-name": "JKali",
          "pattern-name": "JKali:add_rtrn",
          "Unified_Diff_of-files:": "Starts Below...",
          "INSERT:": "                            }));",
          "CHANGE_old:": "        if(runtimeFSM.getRemoteLeader().isPresent()) {",
          "CHANGE_new:": "        if (runtimeFSM.getRemoteLeader().isPresent()) {",
          "DELETE:": " *",
          "instance_detail": [
            {
              "pattern_action": "INS",
              "pattern_entity": {
                "entity_type": "Return",
                "entity_new value": "*",
                "entity_role": "Statement",
                "entity_parent": "null"
              },
              "concrete_change": {
                "operator": "INS",
                "src_type": "Return",
                "dst_type": "null",
                "src": "return numAcquisitions",
                "dst": "null",
                "src_parent_type": "Block",
                "dst_parent_type": "null",
                "src_parent": "{\n    numAcquisitions.getAndIncrement();\n    return numAcquisitions;\n}",
                "dst_parent": "null"
              },
              "line": 844,
              "file": "/home/khesoem/projects/lighter/exp/infrastructure/src/main/java/org/corfudb/infrastructure/logreplication/infrastructure/CorfuReplicationDiscoveryService.java"
            }
          ]
        }
      ]
    },
    {
      "revision": "c7f907a2fb05f11b89220cc9e14a27b6c55ccfca",
      "repairability": [
        {
          "tool-name": "JKali",
          "pattern-name": "JKali:del",
          "Unified_Diff_of-files:": "Starts Below...",
          "INSERT:": "                            }));",
          "CHANGE_old:": "        if(runtimeFSM.getRemoteLeader().isPresent()) {",
          "CHANGE_new:": "        if (runtimeFSM.getRemoteLeader().isPresent()) {",
          "DELETE:": " *",
          "instance_detail": [
            {
              "pattern_action": "DEL",
              "pattern_entity": {
                "entity_type": "*",
                "entity_new value": "*",
                "entity_role": "Statement",
                "entity_parent": "null"
              },
              "concrete_change": {
                "operator": "DEL",
                "src_type": "Invocation",
                "dst_type": "null",
                "src": "sendWithBuffering(message)",
                "dst": "null",
                "src_parent_type": "Block",
                "dst_parent_type": "null",
                "src_parent": "{\n    sendWithBuffering(message);\n}",
                "dst_parent": "null"
              },
              "line": 172,
              "file": "/home/khesoem/projects/lighter/exp/infrastructure/src/main/java/org/corfudb/infrastructure/logreplication/replication/send/SenderBufferManager.java"
            }
          ]
        },
        {
          "tool-name": "JKali",
          "pattern-name": "JKali:del",
          "Unified_Diff_of-files:": "Starts Below...",
          "INSERT:": "                            }));",
          "CHANGE_old:": "        if(runtimeFSM.getRemoteLeader().isPresent()) {",
          "CHANGE_new:": "        if (runtimeFSM.getRemoteLeader().isPresent()) {",
          "DELETE:": " *",
          "instance_detail": [
            {
              "pattern_action": "DEL",
              "pattern_entity": {
                "entity_type": "*",
                "entity_new value": "*",
                "entity_role": "Statement",
                "entity_parent": "null"
              },
              "concrete_change": {
                "operator": "DEL",
                "src_type": "ForEach",
                "dst_type": "null",
                "src": "for (org.corfudb.protocols.wireprotocol.logreplication.LogReplicationEntry message : dataToSend) {\n    sendWithBuffering(message);\n}",
                "dst": "null",
                "src_parent_type": "Block",
                "dst_parent_type": "null",
                "src_parent": "{\n    if (dataToSend.isEmpty()) {\n        return;\n    }\n    for (org.corfudb.protocols.wireprotocol.logreplication.LogReplicationEntry message : dataToSend) {\n        sendWithBuffering(message);\n    }\n}",
                "dst_parent": "null"
              },
              "line": 171,
              "file": "/home/khesoem/projects/lighter/exp/infrastructure/src/main/java/org/corfudb/infrastructure/logreplication/replication/send/SenderBufferManager.java",
              "stats": {
                "number_of_src_entities": 31,
                "number_of_dst_entities": -1,
                "src_entity_types": "[org.corfudb.infrastructure.logreplication.replication.send.SenderBufferManager, org.corfudb.protocols.wireprotocol.logreplication.LogReplicationEntry, java.util.List\u003corg.corfudb.protocols.wireprotocol.logreplication.LogReplicationEntry\u003e]",
                "dst_entity_types": "[]"
              }
            }
          ]
        },
        {
          "tool-name": "JKali",
          "pattern-name": "JKali:add_rtrn",
          "Unified_Diff_of-files:": "Starts Below...",
          "INSERT:": "                            }));",
          "CHANGE_old:": "        if(runtimeFSM.getRemoteLeader().isPresent()) {",
          "CHANGE_new:": "        if (runtimeFSM.getRemoteLeader().isPresent()) {",
          "DELETE:": " *",
          "instance_detail": [
            {
              "pattern_action": "INS",
              "pattern_entity": {
                "entity_type": "Return",
                "entity_new value": "*",
                "entity_role": "Statement",
                "entity_parent": "null"
              },
              "concrete_change": {
                "operator": "INS",
                "src_type": "Return",
                "dst_type": "null",
                "src": "return cf",
                "dst": "null",
                "src_parent_type": "Block",
                "dst_parent_type": "null",
                "src_parent": "{\n    message.getMetadata().setSnapshotSyncSeqNum(((snapshotSyncSequenceNumber)++));\n    pendingMessages.append(message);\n    java.util.Optional\u003cio.micrometer.core.instrument.Timer.Sample\u003e sample \u003d org.corfudb.common.metrics.micrometer.MeterRegistryProvider.getInstance().map(Timer::start);\n    java.util.concurrent.CompletableFuture\u003corg.corfudb.protocols.wireprotocol.logreplication.LogReplicationEntry\u003e future \u003d dataSender.send(message);\n    java.util.concurrent.CompletableFuture\u003corg.corfudb.protocols.wireprotocol.logreplication.LogReplicationEntry\u003e cf \u003d sample.map(( s) -\u003e timeEntrySend(s, future, metricName, replicationTag)).orElse(future);\n    addCFToAcked(message, cf);\n    return cf;\n}",
                "dst_parent": "null"
              },
              "line": 190,
              "file": "/home/khesoem/projects/lighter/exp/infrastructure/src/main/java/org/corfudb/infrastructure/logreplication/replication/send/SenderBufferManager.java"
            }
          ]
        },
        {
          "tool-name": "JKali",
          "pattern-name": "JKali:add_rtrn",
          "Unified_Diff_of-files:": "Starts Below...",
          "INSERT:": "                            }));",
          "CHANGE_old:": "        if(runtimeFSM.getRemoteLeader().isPresent()) {",
          "CHANGE_new:": "        if (runtimeFSM.getRemoteLeader().isPresent()) {",
          "DELETE:": " *",
          "instance_detail": [
            {
              "pattern_action": "INS",
              "pattern_entity": {
                "entity_type": "Return",
                "entity_new value": "*",
                "entity_role": "Statement",
                "entity_parent": "null"
              },
              "concrete_change": {
                "operator": "INS",
                "src_type": "Return",
                "dst_type": "null",
                "src": "return org.corfudb.common.metrics.micrometer.MeterRegistryProvider.getInstance().map(( registry) -\u003e {\n    CompletableFuture\u003corg.corfudb.protocols.wireprotocol.logreplication.LogReplicationEntry\u003e future \u003d new org.corfudb.infrastructure.logreplication.replication.send.CompletableFuture\u003c\u003e();\n    entryFuture.whenComplete(( entry, err) -\u003e {\n        if (entry !\u003d null) {\n            sample.stop(registry.timer(metricName, com.google.common.collect.ImmutableList.of(replicationTag, successTag)));\n            future.complete(entry);\n        } else {\n            sample.stop(registry.timer(metricName, com.google.common.collect.ImmutableList.of(replicationTag, failedTag)));\n            future.completeExceptionally(err);\n        }\n    });\n    return future;\n}).orElse(entryFuture)",
                "dst": "null",
                "src_parent_type": "Block",
                "dst_parent_type": "null",
                "src_parent": "{\n    io.micrometer.core.instrument.Tag successTag \u003d io.micrometer.core.instrument.Tag.of(\"status\", \"success\");\n    io.micrometer.core.instrument.Tag failedTag \u003d io.micrometer.core.instrument.Tag.of(\"status\", \"fail\");\n    return org.corfudb.common.metrics.micrometer.MeterRegistryProvider.getInstance().map(( registry) -\u003e {\n        CompletableFuture\u003corg.corfudb.protocols.wireprotocol.logreplication.LogReplicationEntry\u003e future \u003d new org.corfudb.infrastructure.logreplication.replication.send.CompletableFuture\u003c\u003e();\n        entryFuture.whenComplete(( entry, err) -\u003e {\n            if (entry !\u003d null) {\n                sample.stop(registry.timer(metricName, com.google.common.collect.ImmutableList.of(replicationTag, successTag)));\n                future.complete(entry);\n            } else {\n                sample.stop(registry.timer(metricName, com.google.common.collect.ImmutableList.of(replicationTag, failedTag)));\n                future.completeExceptionally(err);\n            }\n        });\n        return future;\n    }).orElse(entryFuture);\n}",
                "dst_parent": "null"
              },
              "line": 284,
              "file": "/home/khesoem/projects/lighter/exp/infrastructure/src/main/java/org/corfudb/infrastructure/logreplication/replication/send/SenderBufferManager.java"
            }
          ]
        },
        {
          "tool-name": "JKali",
          "pattern-name": "JKali:add_rtrn",
          "Unified_Diff_of-files:": "Starts Below...",
          "INSERT:": "                            }));",
          "CHANGE_old:": "        if(runtimeFSM.getRemoteLeader().isPresent()) {",
          "CHANGE_new:": "        if (runtimeFSM.getRemoteLeader().isPresent()) {",
          "DELETE:": " *",
          "instance_detail": [
            {
              "pattern_action": "INS",
              "pattern_entity": {
                "entity_type": "Return",
                "entity_new value": "*",
                "entity_role": "Statement",
                "entity_parent": "null"
              },
              "concrete_change": {
                "operator": "INS",
                "src_type": "Return",
                "dst_type": "null",
                "src": "return",
                "dst": "null",
                "src_parent_type": "Block",
                "dst_parent_type": "null",
                "src_parent": "{\n    return;\n}",
                "dst_parent": "null"
              },
              "line": 203,
              "file": "/home/khesoem/projects/lighter/exp/infrastructure/src/main/java/org/corfudb/infrastructure/logreplication/replication/send/SenderBufferManager.java"
            }
          ]
        },
        {
          "tool-name": "JKali",
          "pattern-name": "JKali:add_rtrn",
          "Unified_Diff_of-files:": "Starts Below...",
          "INSERT:": "                            }));",
          "CHANGE_old:": "        if(runtimeFSM.getRemoteLeader().isPresent()) {",
          "CHANGE_new:": "        if (runtimeFSM.getRemoteLeader().isPresent()) {",
          "DELETE:": " *",
          "instance_detail": [
            {
              "pattern_action": "INS",
              "pattern_entity": {
                "entity_type": "Return",
                "entity_new value": "*",
                "entity_role": "Statement",
                "entity_parent": "null"
              },
              "concrete_change": {
                "operator": "INS",
                "src_type": "Return",
                "dst_type": "null",
                "src": "return future",
                "dst": "null",
                "src_parent_type": "Block",
                "dst_parent_type": "null",
                "src_parent": "{\n    CompletableFuture\u003corg.corfudb.protocols.wireprotocol.logreplication.LogReplicationEntry\u003e future \u003d new org.corfudb.infrastructure.logreplication.replication.send.CompletableFuture\u003c\u003e();\n    entryFuture.whenComplete(( entry, err) -\u003e {\n        if (entry !\u003d null) {\n            sample.stop(registry.timer(metricName, com.google.common.collect.ImmutableList.of(replicationTag, successTag)));\n            future.complete(entry);\n        } else {\n            sample.stop(registry.timer(metricName, com.google.common.collect.ImmutableList.of(replicationTag, failedTag)));\n            future.completeExceptionally(err);\n        }\n    });\n    return future;\n}",
                "dst_parent": "null"
              },
              "line": 299,
              "file": "/home/khesoem/projects/lighter/exp/infrastructure/src/main/java/org/corfudb/infrastructure/logreplication/replication/send/SenderBufferManager.java"
            }
          ]
        }
      ]
    },
    {
      "revision": "c7f907a2fb05f11b89220cc9e14a27b6c55ccfca",
      "repairability": [
        {
          "tool-name": "JKali",
          "pattern-name": "JKali:add_rtrn",
          "Unified_Diff_of-files:": "Starts Below...",
          "INSERT:": "                            }));",
          "CHANGE_old:": "        if(runtimeFSM.getRemoteLeader().isPresent()) {",
          "CHANGE_new:": "        if (runtimeFSM.getRemoteLeader().isPresent()) {",
          "DELETE:": " *",
          "instance_detail": [
            {
              "pattern_action": "INS",
              "pattern_entity": {
                "entity_type": "Return",
                "entity_new value": "*",
                "entity_role": "Statement",
                "entity_parent": "null"
              },
              "concrete_change": {
                "operator": "INS",
                "src_type": "Return",
                "dst_type": "null",
                "src": "return sample.stop(timer)",
                "dst": "null",
                "src_parent_type": "Block",
                "dst_parent_type": "null",
                "src_parent": "{\n    io.micrometer.core.instrument.Timer timer \u003d registry.timer(\"logreplication.rtt.seconds\");\n    return sample.stop(timer);\n}",
                "dst_parent": "null"
              },
              "line": 339,
              "file": "/home/khesoem/projects/lighter/exp/infrastructure/src/main/java/org/corfudb/infrastructure/logreplication/runtime/LogReplicationClientRouter.java"
            }
          ]
        }
      ]
    }
  ],
  "complete_analysis": true
}