{
  "instances": [
    {
      "revision": "12d9300d2d92a181017b88f2750e8d0a2cb4c188",
      "repairability": [
        {
          "tool-name": "JKali",
          "pattern-name": "JKali:del",
          "Unified_Diff_of-files:": "Starts Below...",
          "CHANGE_old:": "                entry.setUndoRecord(object.getContext(context));",
          "CHANGE_new:": "                entry.setUndoRecord(object);",
          "instance_detail": [
            {
              "pattern_action": "DEL",
              "pattern_entity": {
                "entity_type": "*",
                "entity_new value": "*",
                "entity_role": "Statement",
                "entity_parent": "null"
              },
              "concrete_change": {
                "operator": "DEL",
                "src_type": "Invocation",
                "dst_type": "null",
                "src": "entry.setUndoRecord(object.getContext(context))",
                "dst": "null",
                "src_parent_type": "Block",
                "dst_parent_type": "null",
                "src_parent": "{\n    entry.setUndoRecord(object.getContext(context));\n    object.close();\n    object \u003d newObjectFn.get();\n    log.trace(\"Apply[{}] Undo-\u003eRESET\", this);\n}",
                "dst_parent": "null"
              },
              "line": 604,
              "file": "/home/khesoem/projects/lighter/exp/runtime/src/main/java/org/corfudb/runtime/object/VersionLockedObject.java",
              "stats": {
                "number_of_src_entities": 28,
                "number_of_dst_entities": -1,
                "src_entity_types": "[org.corfudb.protocols.logprotocol.SMREntry, org.corfudb.runtime.object.VersionLockedObject, ICorfuExecutionContext.Context]",
                "dst_entity_types": "[]"
              }
            }
          ]
        }
      ]
    }
  ],
  "complete_analysis": true
}