{
  "instances": [
    {
      "revision": "752f1d1289b6b646e267586eca9861e6a7a3564c",
      "repairability": [
        {
          "tool-name": "JKali",
          "pattern-name": "JKali:add_rtrn",
          "Unified_Diff_of-files:": "Starts Below...",
          "INSERT:": "}",
          "instance_detail": [
            {
              "pattern_action": "INS",
              "pattern_entity": {
                "entity_type": "Return",
                "entity_new value": "*",
                "entity_role": "Statement",
                "entity_parent": "null"
              },
              "concrete_change": {
                "operator": "INS",
                "src_type": "Return",
                "dst_type": "null",
                "src": "return new org.corfudb.runtime.collections.CorfuStreamEntry\u003cK, V, M\u003e(key, payload, metadata, address, operationType)",
                "dst": "null",
                "src_parent_type": "Block",
                "dst_parent_type": "null",
                "src_parent": "{\n    long address \u003d entry.getGlobalAddress();\n    org.corfudb.runtime.collections.CorfuStreamEntry.OperationType operationType \u003d (entry.getSMRMethod().equals(\"put\")) ? org.corfudb.runtime.collections.CorfuStreamEntry.OperationType.UPDATE : org.corfudb.runtime.collections.CorfuStreamEntry.OperationType.DELETE;\n    java.lang.Object[] args \u003d entry.getSMRArguments();\n    log.trace((\"Converting SMREntry at address {} to CorfuStreamEntry: Operation: {} Length of arguments: {}. \" + \"({} -\u003e {}, {})\"), address, operationType, args.length, keyClass.getCanonicalName(), payloadClass.getCanonicalName(), (metadataClass !\u003d null ? metadataClass.getCanonicalName() : \"null\"));\n    K key \u003d null;\n    V payload \u003d null;\n    M metadata \u003d null;\n    if ((args.length) \u003e 0) {\n        key \u003d ((K) (args[0]));\n        if ((args.length) \u003e 1) {\n            org.corfudb.runtime.collections.CorfuRecord record \u003d ((org.corfudb.runtime.collections.CorfuRecord) (args[1]));\n            payload \u003d ((V) (record.getPayload()));\n            metadata \u003d ((M) (record.getMetadata()));\n        }\n    }\n    return new org.corfudb.runtime.collections.CorfuStreamEntry\u003cK, V, M\u003e(key, payload, metadata, address, operationType);\n}",
                "dst_parent": "null"
              },
              "line": 97,
              "file": "/home/khesoem/projects/lighter/exp/runtime/src/main/java/org/corfudb/runtime/collections/CorfuStreamEntry.java"
            }
          ]
        }
      ]
    }
  ],
  "complete_analysis": true
}