{
  "instances": [
    {
      "revision": "a4c253c4962a2a433dc49c72aa38761563609320",
      "repairability": [
        {
          "tool-name": "JKali",
          "pattern-name": "JKali:del",
          "Unified_Diff_of-files:": "Starts Below...",
          "CHANGE_old:": "        private String codecType \u003d Codec.Type.ZSTD.toString();",
          "CHANGE_new:": "        private Codec.Type codecType \u003d Codec.Type.ZSTD;",
          "instance_detail": [
            {
              "pattern_action": "DEL",
              "pattern_entity": {
                "entity_type": "*",
                "entity_new value": "*",
                "entity_role": "Statement",
                "entity_parent": "null"
              },
              "concrete_change": {
                "operator": "DEL",
                "src_type": "Invocation",
                "dst_type": "null",
                "src": "this(type, object, org.corfudb.common.compression.Codec.getCodecTypeById(codecId).toString())",
                "dst": "null",
                "src_parent_type": "Block",
                "dst_parent_type": "null",
                "src_parent": "{\n    this(type, object, org.corfudb.common.compression.Codec.getCodecTypeById(codecId).toString());\n}",
                "dst_parent": "null"
              },
              "line": 184,
              "file": "/home/khesoem/projects/lighter/exp/runtime/src/main/java/org/corfudb/protocols/wireprotocol/LogData.java",
              "stats": {
                "number_of_src_entities": 33,
                "number_of_dst_entities": -1,
                "src_entity_types": "[org.corfudb.protocols.wireprotocol.LogData, int, org.corfudb.common.compression.Codec, java.lang.Object, org.corfudb.protocols.wireprotocol.DataType]",
                "dst_entity_types": "[]"
              }
            }
          ]
        }
      ]
    }
  ],
  "complete_analysis": true
}