{
  "instances": [
    {
      "revision": "41c92deb100b97c5b14a17ca0ca5c6f10841f585",
      "repairability": [
        {
          "tool-name": "JKali",
          "pattern-name": "JKali:del",
          "Unified_Diff_of-files:": "Starts Below...",
          "CHANGE_old:": "",
          "CHANGE_new:": "        long fileSystemCapacity;",
          "INSERT:": "        return fileSystemCapacity;",
          "DELETE:": "",
          "instance_detail": [
            {
              "pattern_action": "DEL",
              "pattern_entity": {
                "entity_type": "*",
                "entity_new value": "*",
                "entity_role": "Statement",
                "entity_parent": "null"
              },
              "concrete_change": {
                "operator": "DEL",
                "src_type": "Invocation",
                "dst_type": "null",
                "src": "initStreamLogDirectory(java.lang.Double.parseDouble(logSizeLimitPercParam))",
                "dst": "null",
                "src_parent_type": "Block",
                "dst_parent_type": "null",
                "src_parent": "{\n    logDir \u003d java.nio.file.Paths.get(serverContext.getServerConfig().get(\"--log-path\").toString(), \"log\");\n    writeChannels \u003d new java.util.concurrent.ConcurrentHashMap();\n    channelsToSync \u003d new java.util.HashSet\u003c\u003e();\n    this.verify \u003d !noVerify;\n    this.dataStore \u003d org.corfudb.infrastructure.log.StreamLogDataStore.builder().dataStore(serverContext.getDataStore()).build();\n    java.lang.String logSizeLimitPercParam \u003d ((java.lang.String) (serverContext.getServerConfig().get(\"--log-size-quota-percentage\")));\n    initStreamLogDirectory(java.lang.Double.parseDouble(logSizeLimitPercParam));\n    long initialLogSize \u003d org.corfudb.infrastructure.log.StreamLogFiles.estimateSize(logDir);\n    log.info(\"StreamLogFiles: {} size is {} bytes, limit {}\", logDir, initialLogSize, logSizeLimit);\n    logSizeQuota \u003d new org.corfudb.infrastructure.ResourceQuota(\"LogSizeQuota\", logSizeLimit);\n    logSizeQuota.consume(initialLogSize);\n    verifyLogs();\n    logMetadata \u003d new org.corfudb.infrastructure.log.LogMetadata();\n    initializeLogMetadata();\n    if ((java.lang.Math.max(logMetadata.getGlobalTail(), 0L)) \u003c (getTrimMark())) {\n        syncTailSegment(((getTrimMark()) - 1));\n    }\n}",
                "dst_parent": "null"
              },
              "line": 122,
              "file": "/home/khesoem/projects/lighter/exp/infrastructure/src/main/java/org/corfudb/infrastructure/log/StreamLogFiles.java",
              "stats": {
                "number_of_src_entities": 26,
                "number_of_dst_entities": -1,
                "src_entity_types": "[org.corfudb.infrastructure.log.StreamLogFiles, java.lang.String, java.lang.Double]",
                "dst_entity_types": "[]"
              }
            }
          ]
        },
        {
          "tool-name": "JKali",
          "pattern-name": "JKali:del",
          "Unified_Diff_of-files:": "Starts Below...",
          "CHANGE_old:": "",
          "CHANGE_new:": "        long fileSystemCapacity;",
          "INSERT:": "        return fileSystemCapacity;",
          "DELETE:": "",
          "instance_detail": [
            {
              "pattern_action": "DEL",
              "pattern_entity": {
                "entity_type": "*",
                "entity_new value": "*",
                "entity_role": "Statement",
                "entity_parent": "null"
              },
              "concrete_change": {
                "operator": "DEL",
                "src_type": "Assignment",
                "dst_type": "null",
                "src": "logSizeLimit \u003d ((long) (((corfuDirBackend.getTotalSpace()) * logSizeLimitPercentage) / 100))",
                "dst": "null",
                "src_parent_type": "Block",
                "dst_parent_type": "null",
                "src_parent": "{\n    logSizeLimit \u003d ((long) (((corfuDirBackend.getTotalSpace()) * logSizeLimitPercentage) / 100));\n}",
                "dst_parent": "null"
              },
              "line": 168,
              "file": "/home/khesoem/projects/lighter/exp/infrastructure/src/main/java/org/corfudb/infrastructure/log/StreamLogFiles.java"
            }
          ]
        },
        {
          "tool-name": "JKali",
          "pattern-name": "JKali:del",
          "Unified_Diff_of-files:": "Starts Below...",
          "CHANGE_old:": "",
          "CHANGE_new:": "        long fileSystemCapacity;",
          "INSERT:": "        return fileSystemCapacity;",
          "DELETE:": "",
          "instance_detail": [
            {
              "pattern_action": "DEL",
              "pattern_entity": {
                "entity_type": "*",
                "entity_new value": "*",
                "entity_role": "Statement",
                "entity_parent": "null"
              },
              "concrete_change": {
                "operator": "DEL",
                "src_type": "If",
                "dst_type": "null",
                "src": "if ((logSizeLimitPercentage \u003c 0.0) || (100.0 \u003c logSizeLimitPercentage)) {\n    java.lang.String msg \u003d java.lang.String.format(\"Invalid quota: quota(%d)% must be between 0-100%\", logSizeLimitPercentage);\n    throw new org.corfudb.runtime.exceptions.LogUnitException(msg);\n} else {\n    logSizeLimit \u003d ((long) (((corfuDirBackend.getTotalSpace()) * logSizeLimitPercentage) / 100));\n}",
                "dst": "null",
                "src_parent_type": "Block",
                "dst_parent_type": "null",
                "src_parent": "{\n    if (!(logDir.toFile().exists())) {\n        java.nio.file.Files.createDirectories(logDir);\n    }\n    java.lang.String corfuDir \u003d logDir.getParent().toString();\n    java.nio.file.FileStore corfuDirBackend \u003d java.nio.file.Files.getFileStore(java.nio.file.Paths.get(corfuDir));\n    if (corfuDirBackend.isReadOnly()) {\n        throw new org.corfudb.runtime.exceptions.LogUnitException((\"Cannot start Corfu on a read-only filesystem:\" + corfuDir));\n    }\n    if ((logSizeLimitPercentage \u003c 0.0) || (100.0 \u003c logSizeLimitPercentage)) {\n        java.lang.String msg \u003d java.lang.String.format(\"Invalid quota: quota(%d)% must be between 0-100%\", logSizeLimitPercentage);\n        throw new org.corfudb.runtime.exceptions.LogUnitException(msg);\n    } else {\n        logSizeLimit \u003d ((long) (((corfuDirBackend.getTotalSpace()) * logSizeLimitPercentage) / 100));\n    }\n    java.io.File corfuDirFile \u003d new java.io.File(corfuDir);\n    if (!(corfuDirFile.canWrite())) {\n        throw new org.corfudb.runtime.exceptions.LogUnitException((\"Corfu directory is not writable \" + corfuDir));\n    }\n    java.io.File logDirectory \u003d new java.io.File(logDir.toString());\n    if (!(logDirectory.canWrite())) {\n        throw new org.corfudb.runtime.exceptions.LogUnitException((\"Stream log directory not writable in \" + corfuDir));\n    }\n}",
                "dst_parent": "null"
              },
              "line": 163,
              "file": "/home/khesoem/projects/lighter/exp/infrastructure/src/main/java/org/corfudb/infrastructure/log/StreamLogFiles.java",
              "stats": {
                "number_of_src_entities": 87,
                "number_of_dst_entities": -1,
                "src_entity_types": "[org.corfudb.runtime.exceptions.LogUnitException, int, boolean, java.nio.file.FileStore, org.corfudb.infrastructure.log.StreamLogFiles, double, java.lang.String, long]",
                "dst_entity_types": "[]"
              }
            }
          ]
        },
        {
          "tool-name": "JKali",
          "pattern-name": "JKali:add_rtrn",
          "Unified_Diff_of-files:": "Starts Below...",
          "CHANGE_old:": "",
          "CHANGE_new:": "        long fileSystemCapacity;",
          "INSERT:": "        return fileSystemCapacity;",
          "DELETE:": "",
          "instance_detail": [
            {
              "pattern_action": "INS",
              "pattern_entity": {
                "entity_type": "Return",
                "entity_new value": "*",
                "entity_role": "Statement",
                "entity_parent": "null"
              },
              "concrete_change": {
                "operator": "INS",
                "src_type": "Return",
                "dst_type": "null",
                "src": "return fileSystemCapacity",
                "dst": "null",
                "src_parent_type": "Block",
                "dst_parent_type": "null",
                "src_parent": "{\n    long fileSystemCapacity;\n    try {\n        if (!(logDir.toFile().exists())) {\n            java.nio.file.Files.createDirectories(logDir);\n        }\n        java.lang.String corfuDir \u003d logDir.getParent().toString();\n        java.nio.file.FileStore corfuDirBackend \u003d java.nio.file.Files.getFileStore(java.nio.file.Paths.get(corfuDir));\n        if (corfuDirBackend.isReadOnly()) {\n            throw new org.corfudb.runtime.exceptions.LogUnitException((\"Cannot start Corfu on a read-only filesystem:\" + corfuDir));\n        }\n        java.io.File corfuDirFile \u003d new java.io.File(corfuDir);\n        if (!(corfuDirFile.canWrite())) {\n            throw new org.corfudb.runtime.exceptions.LogUnitException((\"Corfu directory is not writable \" + corfuDir));\n        }\n        java.io.File logDirectory \u003d new java.io.File(logDir.toString());\n        if (!(logDirectory.canWrite())) {\n            throw new org.corfudb.runtime.exceptions.LogUnitException((\"Stream log directory not writable in \" + corfuDir));\n        }\n        fileSystemCapacity \u003d corfuDirBackend.getTotalSpace();\n    } catch (java.io.IOException ioe) {\n        throw new org.corfudb.runtime.exceptions.LogUnitException(ioe);\n    }\n    log.info(\"initStreamLogDirectory: initialized {}\", logDir);\n    return fileSystemCapacity;\n}",
                "dst_parent": "null"
              },
              "line": 191,
              "file": "/home/khesoem/projects/lighter/exp/infrastructure/src/main/java/org/corfudb/infrastructure/log/StreamLogFiles.java",
              "stats": {
                "number_of_src_entities": 4,
                "number_of_dst_entities": -1,
                "src_entity_types": "[long]",
                "dst_entity_types": "[]"
              }
            }
          ]
        }
      ]
    }
  ],
  "complete_analysis": true
}