{
  "instances": [
    {
      "revision": "0a38ca8db8faf81af6673da825903405487f6cf9",
      "repairability": [
        {
          "tool-name": "Cardumen",
          "pattern-name": "Cardumen:expression_replacement_by_del_ins",
          "Unified_Diff_of-files:": "Starts Below...",
          "CHANGE_old:": "            return newKey.equals(key) ? newValue : (oldKey !\u003d null \u0026\u0026 oldKey.equals(key)? oldValue : null );",
          "CHANGE_new:": "",
          "DELETE:": "    }",
          "instance_detail": [
            {
              "pattern_action": "INS",
              "pattern_entity": {
                "entity_type": "Expression",
                "entity_new value": "*",
                "entity_role": "*",
                "entity_parent": "null"
              },
              "concrete_change": {
                "operator": "INS",
                "src_type": "Invocation",
                "dst_type": "null",
                "src": "key.equals(oldKey)",
                "dst": "null",
                "src_parent_type": "Conditional",
                "dst_parent_type": "null",
                "src_parent": "key.equals(oldKey) ? oldValue : null",
                "dst_parent": "null"
              },
              "line": 16,
              "file": "/home/khesoem/projects/lighter/exp/src/main/java/org/jsapar/utils/cache/TwoItemsCache.java",
              "stats": {
                "number_of_src_entities": 21,
                "number_of_dst_entities": -1,
                "src_entity_types": "[java.lang.Object, org.jsapar.utils.cache.TwoItemsCache]",
                "dst_entity_types": "[]"
              }
            },
            {
              "pattern_action": "DEL",
              "pattern_entity": {
                "entity_type": "Expression",
                "entity_new value": "*",
                "entity_role": "*",
                "entity_parent": "null"
              },
              "concrete_change": {
                "operator": "DEL",
                "src_type": "BinaryOperator",
                "dst_type": "null",
                "src": "((oldKey) !\u003d null) \u0026\u0026 (oldKey.equals(key))",
                "dst": "null",
                "src_parent_type": "Conditional",
                "dst_parent_type": "null",
                "src_parent": "((oldKey) !\u003d null) \u0026\u0026 (oldKey.equals(key)) ? oldValue : null",
                "dst_parent": "null"
              },
              "line": 17,
              "file": "/home/khesoem/projects/lighter/exp/src/main/java/org/jsapar/utils/cache/TwoItemsCache.java",
              "stats": {
                "number_of_src_entities": 38,
                "number_of_dst_entities": -1,
                "src_entity_types": "[boolean, java.lang.Object, org.jsapar.utils.cache.TwoItemsCache, \u003cnulltype\u003e]",
                "dst_entity_types": "[]"
              }
            }
          ]
        }
      ]
    }
  ],
  "complete_analysis": true
}