{
  "instances": [
    {
      "revision": "7b88712503901145093541ffee44b23f32c65404",
      "repairability": [
        {
          "tool-name": "Cardumen",
          "pattern-name": "Cardumen:expression_replacement_by_del_ins",
          "Unified_Diff_of-files:": "Starts Below...",
          "INSERT:": "",
          "CHANGE_old:": "",
          "CHANGE_new:": "        } catch (ParseException e) {",
          "DELETE:": "        final boolean ignoreCase \u003d true;",
          "instance_detail": [
            {
              "pattern_action": "INS",
              "pattern_entity": {
                "entity_type": "Expression",
                "entity_new value": "*",
                "entity_role": "*",
                "entity_parent": "null"
              },
              "concrete_change": {
                "operator": "INS",
                "src_type": "FieldRead",
                "dst_type": "null",
                "src": "ignoreCase",
                "dst": "null",
                "src_parent_type": "Invocation",
                "dst_parent_type": "null",
                "src_parent": "toParse.regionMatches(ignoreCase, pos.getIndex(), trueValue, 0, trueValue.length())",
                "dst_parent": "null"
              },
              "line": 135,
              "file": "/home/khesoem/projects/lighter/exp/src/main/java/org/jsapar/utils/text/BooleanFormat.java",
              "stats": {
                "number_of_src_entities": 11,
                "number_of_dst_entities": -1,
                "src_entity_types": "[org.jsapar.utils.text.BooleanFormat]",
                "dst_entity_types": "[]"
              }
            },
            {
              "pattern_action": "DEL",
              "pattern_entity": {
                "entity_type": "Expression",
                "entity_new value": "*",
                "entity_role": "*",
                "entity_parent": "null"
              },
              "concrete_change": {
                "operator": "DEL",
                "src_type": "VariableRead",
                "dst_type": "null",
                "src": "ignoreCase",
                "dst": "null",
                "src_parent_type": "Invocation",
                "dst_parent_type": "null",
                "src_parent": "toParse.regionMatches(ignoreCase, pos.getIndex(), trueValue, 0, trueValue.length())",
                "dst_parent": "null"
              },
              "line": 130,
              "file": "/home/khesoem/projects/lighter/exp/src/main/java/org/jsapar/utils/text/BooleanFormat.java",
              "stats": {
                "number_of_src_entities": 3,
                "number_of_dst_entities": -1,
                "src_entity_types": "[boolean]",
                "dst_entity_types": "[]"
              }
            }
          ]
        },
        {
          "tool-name": "Cardumen",
          "pattern-name": "Cardumen:expression_replacement_by_del_ins",
          "Unified_Diff_of-files:": "Starts Below...",
          "INSERT:": "",
          "CHANGE_old:": "",
          "CHANGE_new:": "        } catch (ParseException e) {",
          "DELETE:": "        final boolean ignoreCase \u003d true;",
          "instance_detail": [
            {
              "pattern_action": "INS",
              "pattern_entity": {
                "entity_type": "Expression",
                "entity_new value": "*",
                "entity_role": "*",
                "entity_parent": "null"
              },
              "concrete_change": {
                "operator": "INS",
                "src_type": "FieldRead",
                "dst_type": "null",
                "src": "ignoreCase",
                "dst": "null",
                "src_parent_type": "Invocation",
                "dst_parent_type": "null",
                "src_parent": "toParse.regionMatches(ignoreCase, pos.getIndex(), falseValue, 0, falseValue.length())",
                "dst_parent": "null"
              },
              "line": 139,
              "file": "/home/khesoem/projects/lighter/exp/src/main/java/org/jsapar/utils/text/BooleanFormat.java",
              "stats": {
                "number_of_src_entities": 11,
                "number_of_dst_entities": -1,
                "src_entity_types": "[org.jsapar.utils.text.BooleanFormat]",
                "dst_entity_types": "[]"
              }
            },
            {
              "pattern_action": "DEL",
              "pattern_entity": {
                "entity_type": "Expression",
                "entity_new value": "*",
                "entity_role": "*",
                "entity_parent": "null"
              },
              "concrete_change": {
                "operator": "DEL",
                "src_type": "VariableRead",
                "dst_type": "null",
                "src": "ignoreCase",
                "dst": "null",
                "src_parent_type": "Invocation",
                "dst_parent_type": "null",
                "src_parent": "toParse.regionMatches(ignoreCase, pos.getIndex(), falseValue, 0, falseValue.length())",
                "dst_parent": "null"
              },
              "line": 134,
              "file": "/home/khesoem/projects/lighter/exp/src/main/java/org/jsapar/utils/text/BooleanFormat.java",
              "stats": {
                "number_of_src_entities": 3,
                "number_of_dst_entities": -1,
                "src_entity_types": "[boolean]",
                "dst_entity_types": "[]"
              }
            }
          ]
        },
        {
          "tool-name": "Cardumen",
          "pattern-name": "Cardumen:expression_replacement_by_del_ins",
          "Unified_Diff_of-files:": "Starts Below...",
          "INSERT:": "",
          "CHANGE_old:": "",
          "CHANGE_new:": "        } catch (ParseException e) {",
          "DELETE:": "        final boolean ignoreCase \u003d true;",
          "instance_detail": [
            {
              "pattern_action": "INS",
              "pattern_entity": {
                "entity_type": "Expression",
                "entity_new value": "*",
                "entity_role": "*",
                "entity_parent": "null"
              },
              "concrete_change": {
                "operator": "INS",
                "src_type": "FieldRead",
                "dst_type": "null",
                "src": "ignoreCase",
                "dst": "null",
                "src_parent_type": "Invocation",
                "dst_parent_type": "null",
                "src_parent": "matchValue(java.util.Arrays.stream(optionalTrue), java.lang.Boolean.TRUE, toParse, pos, ignoreCase)",
                "dst_parent": "null"
              },
              "line": 143,
              "file": "/home/khesoem/projects/lighter/exp/src/main/java/org/jsapar/utils/text/BooleanFormat.java",
              "stats": {
                "number_of_src_entities": 11,
                "number_of_dst_entities": -1,
                "src_entity_types": "[org.jsapar.utils.text.BooleanFormat]",
                "dst_entity_types": "[]"
              }
            },
            {
              "pattern_action": "DEL",
              "pattern_entity": {
                "entity_type": "Expression",
                "entity_new value": "*",
                "entity_role": "*",
                "entity_parent": "null"
              },
              "concrete_change": {
                "operator": "DEL",
                "src_type": "VariableRead",
                "dst_type": "null",
                "src": "ignoreCase",
                "dst": "null",
                "src_parent_type": "Invocation",
                "dst_parent_type": "null",
                "src_parent": "matchValue(java.util.Arrays.stream(optionalTrue), java.lang.Boolean.TRUE, toParse, pos, ignoreCase)",
                "dst_parent": "null"
              },
              "line": 138,
              "file": "/home/khesoem/projects/lighter/exp/src/main/java/org/jsapar/utils/text/BooleanFormat.java",
              "stats": {
                "number_of_src_entities": 3,
                "number_of_dst_entities": -1,
                "src_entity_types": "[boolean]",
                "dst_entity_types": "[]"
              }
            }
          ]
        },
        {
          "tool-name": "Cardumen",
          "pattern-name": "Cardumen:expression_replacement_by_del_ins",
          "Unified_Diff_of-files:": "Starts Below...",
          "INSERT:": "",
          "CHANGE_old:": "",
          "CHANGE_new:": "        } catch (ParseException e) {",
          "DELETE:": "        final boolean ignoreCase \u003d true;",
          "instance_detail": [
            {
              "pattern_action": "INS",
              "pattern_entity": {
                "entity_type": "Expression",
                "entity_new value": "*",
                "entity_role": "*",
                "entity_parent": "null"
              },
              "concrete_change": {
                "operator": "INS",
                "src_type": "FieldRead",
                "dst_type": "null",
                "src": "ignoreCase",
                "dst": "null",
                "src_parent_type": "Invocation",
                "dst_parent_type": "null",
                "src_parent": "matchValue(java.util.Arrays.stream(optionalFalse), java.lang.Boolean.FALSE, toParse, pos, ignoreCase)",
                "dst_parent": "null"
              },
              "line": 144,
              "file": "/home/khesoem/projects/lighter/exp/src/main/java/org/jsapar/utils/text/BooleanFormat.java",
              "stats": {
                "number_of_src_entities": 11,
                "number_of_dst_entities": -1,
                "src_entity_types": "[org.jsapar.utils.text.BooleanFormat]",
                "dst_entity_types": "[]"
              }
            },
            {
              "pattern_action": "DEL",
              "pattern_entity": {
                "entity_type": "Expression",
                "entity_new value": "*",
                "entity_role": "*",
                "entity_parent": "null"
              },
              "concrete_change": {
                "operator": "DEL",
                "src_type": "VariableRead",
                "dst_type": "null",
                "src": "ignoreCase",
                "dst": "null",
                "src_parent_type": "Invocation",
                "dst_parent_type": "null",
                "src_parent": "matchValue(java.util.Arrays.stream(optionalFalse), java.lang.Boolean.FALSE, toParse, pos, ignoreCase)",
                "dst_parent": "null"
              },
              "line": 139,
              "file": "/home/khesoem/projects/lighter/exp/src/main/java/org/jsapar/utils/text/BooleanFormat.java",
              "stats": {
                "number_of_src_entities": 3,
                "number_of_dst_entities": -1,
                "src_entity_types": "[boolean]",
                "dst_entity_types": "[]"
              }
            }
          ]
        }
      ]
    }
  ],
  "complete_analysis": true
}