{
  "instances": [
    {
      "revision": "e27cfe85f318f295e354f7c407e9d03490aaddfd",
      "repairability": [
        {
          "tool-name": "Cardumen",
          "pattern-name": "Cardumen:expression_replacement_by_upd",
          "Unified_Diff_of-files:": "Starts Below...",
          "DELETE:": "import org.jsapar.compose.cell.CellComposer;",
          "instance_detail": [
            {
              "pattern_action": "UPD",
              "pattern_entity": {
                "entity_type": "Expression",
                "entity_new value": "*",
                "entity_role": "*",
                "entity_parent": "null"
              },
              "concrete_change": {
                "operator": "UPD",
                "src_type": "VariableRead",
                "dst_type": "VariableRead",
                "src": "schemaLine",
                "dst": "schema",
                "src_parent_type": "Invocation",
                "dst_parent_type": "Invocation",
                "src_parent": "schemaLine.stream()",
                "dst_parent": "schema.stream()"
              },
              "line": 47,
              "file": "/home/khesoem/projects/lighter/exp/src/main/java/org/jsapar/compose/string/StringComposerNullOnEmptyCell.java",
              "stats": {
                "number_of_src_entities": 4,
                "number_of_dst_entities": 4,
                "src_entity_types": "[org.jsapar.schema.SchemaLine]",
                "dst_entity_types": "[org.jsapar.schema.Schema]"
              }
            }
          ]
        }
      ]
    }
  ],
  "complete_analysis": true
}