{
  "instances": [
    {
      "revision": "6a2bfb758c3c9a955216417653db2937a8dab3cb",
      "repairability": [
        {
          "tool-name": "JGenProg",
          "pattern-name": "JGenProg:any_statement_shallow",
          "Unified_Diff_of-files:": "Starts Below...",
          "CHANGE_old:": "                  connectionBag.unreserve(bagEntry);",
          "CHANGE_new:": "                   bagEntry.evicted \u003d true;",
          "DELETE:": "         }",
          "instance_detail": [
            {
              "pattern_action": "ANY",
              "pattern_entity": {
                "entity_type": "*",
                "entity_new value": "*",
                "entity_role": "Statement",
                "entity_parent": "null"
              },
              "concrete_change": {
                "operator": "INS",
                "src_type": "Assignment",
                "dst_type": "null",
                "src": "bagEntry.evicted \u003d true",
                "dst": "null",
                "src_parent_type": "Block",
                "dst_parent_type": "null",
                "src_parent": "{\n    bagEntry.evicted \u003d true;\n}",
                "dst_parent": "null"
              },
              "line": 643,
              "file": "/home/khesoem/projects/lighter/exp/src/main/java/com/zaxxer/hikari/pool/HikariPool.java",
              "stats": {
                "number_of_src_entities": 9,
                "number_of_dst_entities": -1,
                "src_entity_types": "[boolean, com.zaxxer.hikari.pool.PoolBagEntry]",
                "dst_entity_types": "[]"
              }
            }
          ]
        },
        {
          "tool-name": "JGenProg",
          "pattern-name": "JGenProg:any_statement_shallow",
          "Unified_Diff_of-files:": "Starts Below...",
          "CHANGE_old:": "                  connectionBag.unreserve(bagEntry);",
          "CHANGE_new:": "                   bagEntry.evicted \u003d true;",
          "DELETE:": "         }",
          "instance_detail": [
            {
              "pattern_action": "ANY",
              "pattern_entity": {
                "entity_type": "*",
                "entity_new value": "*",
                "entity_role": "Statement",
                "entity_parent": "null"
              },
              "concrete_change": {
                "operator": "DEL",
                "src_type": "Invocation",
                "dst_type": "null",
                "src": "connectionBag.unreserve(bagEntry)",
                "dst": "null",
                "src_parent_type": "Block",
                "dst_parent_type": "null",
                "src_parent": "{\n    connectionBag.unreserve(bagEntry);\n}",
                "dst_parent": "null"
              },
              "line": 644,
              "file": "/home/khesoem/projects/lighter/exp/src/main/java/com/zaxxer/hikari/pool/HikariPool.java",
              "stats": {
                "number_of_src_entities": 26,
                "number_of_dst_entities": -1,
                "src_entity_types": "[com.zaxxer.hikari.pool.HikariPool, com.zaxxer.hikari.pool.PoolBagEntry, com.zaxxer.hikari.util.ConcurrentBag\u003ccom.zaxxer.hikari.pool.PoolBagEntry\u003e]",
                "dst_entity_types": "[]"
              }
            }
          ]
        }
      ]
    }
  ],
  "complete_analysis": true
}