{
  "instances": [
    {
      "revision": "d9cc2463420cf609ba8cca04e70776e89603b4fc",
      "repairability": [
        {
          "tool-name": "JGenProg",
          "pattern-name": "JGenProg:any_statement_deep",
          "Unified_Diff_of-files:": "Starts Below...",
          "CHANGE_old:": "",
          "CHANGE_new:": "            count++;",
          "INSERT:": "",
          "instance_detail": [
            {
              "pattern_action": "ANY",
              "pattern_entity": {
                "entity_type": "*",
                "entity_new value": "*",
                "entity_role": "*",
                "entity_parent": {
                  "entity_type": "*",
                  "entity_new value": "*",
                  "entity_role": "Statement",
                  "entity_parent": "null"
                }
              },
              "concrete_change": {
                "operator": "UPD",
                "src_type": "Invocation",
                "dst_type": "Invocation",
                "src": "sharedList.stream()",
                "dst": "sharedList.size()",
                "src_parent_type": "Invocation",
                "dst_parent_type": "Assignment",
                "src_parent": "sharedList.stream().filter(( e) -\u003e (e.getState()) \u003d\u003d state)",
                "dst_parent": "states[4] \u003d sharedList.size()"
              },
              "line": 329,
              "file": "/home/khesoem/projects/lighter/exp/src/main/java/com/zaxxer/hikari/util/ConcurrentBag.java",
              "stats": {
                "number_of_src_entities": 20,
                "number_of_dst_entities": 18,
                "src_entity_types": "[java.util.Collection, com.zaxxer.hikari.util.ConcurrentBag]",
                "dst_entity_types": "[java.util.concurrent.CopyOnWriteArrayList, com.zaxxer.hikari.util.ConcurrentBag]"
              }
            }
          ]
        },
        {
          "tool-name": "JGenProg",
          "pattern-name": "JGenProg:any_statement_deep",
          "Unified_Diff_of-files:": "Starts Below...",
          "CHANGE_old:": "",
          "CHANGE_new:": "            count++;",
          "INSERT:": "",
          "instance_detail": [
            {
              "pattern_action": "ANY",
              "pattern_entity": {
                "entity_type": "*",
                "entity_new value": "*",
                "entity_role": "*",
                "entity_parent": {
                  "entity_type": "*",
                  "entity_new value": "*",
                  "entity_role": "Statement",
                  "entity_parent": "null"
                }
              },
              "concrete_change": {
                "operator": "UPD",
                "src_type": "Lambda",
                "dst_type": "Lambda",
                "src": "( entry) -\u003e com.zaxxer.hikari.util.ConcurrentBag.LOGGER.info(entry.toString())",
                "dst": "( entry) -\u003e com.zaxxer.hikari.util.ConcurrentBag.LOGGER.info(entry.toString())",
                "src_parent_type": "Invocation",
                "dst_parent_type": "Invocation",
                "src_parent": "sharedList.forEach(( entry) -\u003e com.zaxxer.hikari.util.ConcurrentBag.LOGGER.info(entry.toString()))",
                "dst_parent": "sharedList.forEach(( entry) -\u003e com.zaxxer.hikari.util.ConcurrentBag.LOGGER.info(entry.toString()))"
              },
              "line": 344,
              "file": "/home/khesoem/projects/lighter/exp/src/main/java/com/zaxxer/hikari/util/ConcurrentBag.java",
              "stats": {
                "number_of_src_entities": 32,
                "number_of_dst_entities": 32,
                "src_entity_types": "[java.util.function.Consumer\u003c? super T\u003e, java.lang.Object, org.slf4j.Logger, com.zaxxer.hikari.util.ConcurrentBag]",
                "dst_entity_types": "[java.util.function.Consumer\u003c? super T\u003e, java.lang.Object, org.slf4j.Logger, com.zaxxer.hikari.util.ConcurrentBag]"
              }
            }
          ]
        }
      ]
    }
  ],
  "complete_analysis": true
}