{
  "instances": [
    {
      "revision": "6c3957b04bd57dc41138213e9a9d9d4fbb1d5989",
      "repairability": [
        {
          "tool-name": "JGenProg",
          "pattern-name": "JGenProg:any_statement_shallow",
          "Unified_Diff_of-files:": "Starts Below...",
          "CHANGE_old:": "            connection \u003d pool.getConnection(checkTimeoutMs);",
          "CHANGE_new:": "",
          "DELETE:": "   }",
          "instance_detail": [
            {
              "pattern_action": "ANY",
              "pattern_entity": {
                "entity_type": "*",
                "entity_new value": "*",
                "entity_role": "Statement",
                "entity_parent": "null"
              },
              "concrete_change": {
                "operator": "DEL",
                "src_type": "LocalVariable",
                "dst_type": "null",
                "src": "java.sql.Connection connection \u003d null",
                "dst": "null",
                "src_parent_type": "Block",
                "dst_parent_type": "null",
                "src_parent": "{\n    java.sql.Connection connection \u003d null;\n    try {\n        connection \u003d pool.getConnection(checkTimeoutMs);\n        return com.zaxxer.hikari.metrics.dropwizard.Result.healthy();\n    } catch (java.sql.SQLException e) {\n        return com.zaxxer.hikari.metrics.dropwizard.Result.unhealthy(e);\n    } finally {\n        if (connection !\u003d null) {\n            connection.close();\n        }\n    }\n}",
                "dst_parent": "null"
              },
              "line": 103,
              "file": "/home/khesoem/projects/lighter/exp/src/main/java/com/zaxxer/hikari/metrics/dropwizard/CodahaleHealthChecker.java",
              "stats": {
                "number_of_src_entities": 5,
                "number_of_dst_entities": -1,
                "src_entity_types": "[java.sql.Connection, \u003cnulltype\u003e]",
                "dst_entity_types": "[]"
              }
            }
          ]
        },
        {
          "tool-name": "JGenProg",
          "pattern-name": "JGenProg:any_statement_shallow",
          "Unified_Diff_of-files:": "Starts Below...",
          "CHANGE_old:": "            connection \u003d pool.getConnection(checkTimeoutMs);",
          "CHANGE_new:": "",
          "DELETE:": "   }",
          "instance_detail": [
            {
              "pattern_action": "ANY",
              "pattern_entity": {
                "entity_type": "*",
                "entity_new value": "*",
                "entity_role": "Statement",
                "entity_parent": "null"
              },
              "concrete_change": {
                "operator": "DEL",
                "src_type": "Assignment",
                "dst_type": "null",
                "src": "connection \u003d pool.getConnection(checkTimeoutMs)",
                "dst": "null",
                "src_parent_type": "Block",
                "dst_parent_type": "null",
                "src_parent": "{\n    connection \u003d pool.getConnection(checkTimeoutMs);\n    return com.zaxxer.hikari.metrics.dropwizard.Result.healthy();\n}",
                "dst_parent": "null"
              },
              "line": 105,
              "file": "/home/khesoem/projects/lighter/exp/src/main/java/com/zaxxer/hikari/metrics/dropwizard/CodahaleHealthChecker.java"
            }
          ]
        },
        {
          "tool-name": "JGenProg",
          "pattern-name": "JGenProg:any_statement_shallow",
          "Unified_Diff_of-files:": "Starts Below...",
          "CHANGE_old:": "            connection \u003d pool.getConnection(checkTimeoutMs);",
          "CHANGE_new:": "",
          "DELETE:": "   }",
          "instance_detail": [
            {
              "pattern_action": "ANY",
              "pattern_entity": {
                "entity_type": "*",
                "entity_new value": "*",
                "entity_role": "Statement",
                "entity_parent": "null"
              },
              "concrete_change": {
                "operator": "DEL",
                "src_type": "Invocation",
                "dst_type": "null",
                "src": "connection.close()",
                "dst": "null",
                "src_parent_type": "Block",
                "dst_parent_type": "null",
                "src_parent": "{\n    connection.close();\n}",
                "dst_parent": "null"
              },
              "line": 113,
              "file": "/home/khesoem/projects/lighter/exp/src/main/java/com/zaxxer/hikari/metrics/dropwizard/CodahaleHealthChecker.java"
            }
          ]
        },
        {
          "tool-name": "JGenProg",
          "pattern-name": "JGenProg:any_statement_shallow",
          "Unified_Diff_of-files:": "Starts Below...",
          "CHANGE_old:": "            connection \u003d pool.getConnection(checkTimeoutMs);",
          "CHANGE_new:": "",
          "DELETE:": "   }",
          "instance_detail": [
            {
              "pattern_action": "ANY",
              "pattern_entity": {
                "entity_type": "*",
                "entity_new value": "*",
                "entity_role": "Statement",
                "entity_parent": "null"
              },
              "concrete_change": {
                "operator": "DEL",
                "src_type": "If",
                "dst_type": "null",
                "src": "if (connection !\u003d null) {\n    connection.close();\n}",
                "dst": "null",
                "src_parent_type": "Block",
                "dst_parent_type": "null",
                "src_parent": "{\n    if (connection !\u003d null) {\n        connection.close();\n    }\n}",
                "dst_parent": "null"
              },
              "line": 112,
              "file": "/home/khesoem/projects/lighter/exp/src/main/java/com/zaxxer/hikari/metrics/dropwizard/CodahaleHealthChecker.java"
            }
          ]
        },
        {
          "tool-name": "JGenProg",
          "pattern-name": "JGenProg:any_statement_shallow",
          "Unified_Diff_of-files:": "Starts Below...",
          "CHANGE_old:": "            connection \u003d pool.getConnection(checkTimeoutMs);",
          "CHANGE_new:": "",
          "DELETE:": "   }",
          "instance_detail": [
            {
              "pattern_action": "ANY",
              "pattern_entity": {
                "entity_type": "*",
                "entity_new value": "*",
                "entity_role": "Statement",
                "entity_parent": "null"
              },
              "concrete_change": {
                "operator": "DEL",
                "src_type": "Try",
                "dst_type": "null",
                "src": "try {\n    connection \u003d pool.getConnection(checkTimeoutMs);\n    return com.zaxxer.hikari.metrics.dropwizard.Result.healthy();\n} catch (java.sql.SQLException e) {\n    return com.zaxxer.hikari.metrics.dropwizard.Result.unhealthy(e);\n} finally {\n    if (connection !\u003d null) {\n        connection.close();\n    }\n}",
                "dst": "null",
                "src_parent_type": "Block",
                "dst_parent_type": "null",
                "src_parent": "{\n    java.sql.Connection connection \u003d null;\n    try {\n        connection \u003d pool.getConnection(checkTimeoutMs);\n        return com.zaxxer.hikari.metrics.dropwizard.Result.healthy();\n    } catch (java.sql.SQLException e) {\n        return com.zaxxer.hikari.metrics.dropwizard.Result.unhealthy(e);\n    } finally {\n        if (connection !\u003d null) {\n            connection.close();\n        }\n    }\n}",
                "dst_parent": "null"
              },
              "line": 104,
              "file": "/home/khesoem/projects/lighter/exp/src/main/java/com/zaxxer/hikari/metrics/dropwizard/CodahaleHealthChecker.java",
              "stats": {
                "number_of_src_entities": 96,
                "number_of_dst_entities": -1,
                "src_entity_types": "[com.zaxxer.hikari.pool.HikariPool, boolean, com.zaxxer.hikari.metrics.dropwizard.CodahaleHealthChecker, java.sql.SQLException, java.sql.Connection, com.zaxxer.hikari.metrics.dropwizard.CodahaleHealthChecker.ConnectivityHealthCheck, com.zaxxer.hikari.metrics.dropwizard.Result, \u003cnulltype\u003e]",
                "dst_entity_types": "[]"
              }
            }
          ]
        }
      ]
    }
  ],
  "complete_analysis": true
}