{
  "instances": [
    {
      "revision": "2ec5e4b021bfe8a4d98bb92b621ec21d58af1e4a",
      "repairability": [
        {
          "tool-name": "Cardumen",
          "pattern-name": "Cardumen:expression_replacement_by_del_ins",
          "Unified_Diff_of-files:": "Starts Below...",
          "INSERT:": "        assert Long.bitCount(this.basicMask) \u003d\u003d this.basicSize;",
          "instance_detail": [
            {
              "pattern_action": "DEL",
              "pattern_entity": {
                "entity_type": "Expression",
                "entity_new value": "*",
                "entity_role": "*",
                "entity_parent": "null"
              },
              "concrete_change": {
                "operator": "DEL",
                "src_type": "BinaryOperator",
                "dst_type": "null",
                "src": "((scores.length) - 1)",
                "dst": "null",
                "src_parent_type": "ArrayRead",
                "dst_parent_type": "null",
                "src_parent": "scores[((scores.length) - 1)]",
                "dst_parent": "null"
              },
              "line": 31,
              "file": "/home/khesoem/projects/lighter/exp/src/main/java/com/milaboratory/core/motif/MotifWithExactMask.java",
              "stats": {
                "number_of_src_entities": 12,
                "number_of_dst_entities": -1,
                "src_entity_types": "[int, double]",
                "dst_entity_types": "[]"
              }
            },
            {
              "pattern_action": "INS",
              "pattern_entity": {
                "entity_type": "Expression",
                "entity_new value": "*",
                "entity_role": "*",
                "entity_parent": "null"
              },
              "concrete_change": {
                "operator": "INS",
                "src_type": "Literal",
                "dst_type": "null",
                "src": "0",
                "dst": "null",
                "src_parent_type": "ArrayRead",
                "dst_parent_type": "null",
                "src_parent": "costArray[0]",
                "dst_parent": "null"
              },
              "line": 31,
              "file": "/home/khesoem/projects/lighter/exp/src/main/java/com/milaboratory/core/motif/MotifWithExactMask.java",
              "stats": {
                "number_of_src_entities": 2,
                "number_of_dst_entities": -1,
                "src_entity_types": "[int]",
                "dst_entity_types": "[]"
              }
            }
          ]
        }
      ]
    },
    {
      "revision": "2ec5e4b021bfe8a4d98bb92b621ec21d58af1e4a",
      "repairability": [
        {
          "tool-name": "Cardumen",
          "pattern-name": "Cardumen:expression_replacement_by_upd",
          "Unified_Diff_of-files:": "Starts Below...",
          "INSERT:": "        assert Long.bitCount(this.basicMask) \u003d\u003d this.basicSize;",
          "instance_detail": [
            {
              "pattern_action": "UPD",
              "pattern_entity": {
                "entity_type": "Expression",
                "entity_new value": "*",
                "entity_role": "*",
                "entity_parent": "null"
              },
              "concrete_change": {
                "operator": "UPD",
                "src_type": "VariableRead",
                "dst_type": "VariableRead",
                "src": "scores",
                "dst": "alphabet",
                "src_parent_type": "Invocation",
                "dst_parent_type": "Invocation",
                "src_parent": "java.util.Arrays.fill(scores, ((java.lang.Math.log(alphabet.basicSize())) / (com.milaboratory.core.motif.BitScoreCalculator.LN2)))",
                "dst_parent": "com.milaboratory.core.motif.BitScoreCalculator.lnArrays.put(alphabet, lnArray)"
              },
              "line": 24,
              "file": "/home/khesoem/projects/lighter/exp/src/main/java/com/milaboratory/core/motif/BitScoreCalculator.java",
              "stats": {
                "number_of_src_entities": 4,
                "number_of_dst_entities": 4,
                "src_entity_types": "[double]",
                "dst_entity_types": "[com.milaboratory.core.sequence.Alphabet]"
              }
            }
          ]
        },
        {
          "tool-name": "Cardumen",
          "pattern-name": "Cardumen:expression_replacement_by_del_ins",
          "Unified_Diff_of-files:": "Starts Below...",
          "INSERT:": "        assert Long.bitCount(this.basicMask) \u003d\u003d this.basicSize;",
          "instance_detail": [
            {
              "pattern_action": "DEL",
              "pattern_entity": {
                "entity_type": "Expression",
                "entity_new value": "*",
                "entity_role": "*",
                "entity_parent": "null"
              },
              "concrete_change": {
                "operator": "DEL",
                "src_type": "FieldRead",
                "dst_type": "null",
                "src": "(scores.length)",
                "dst": "null",
                "src_parent_type": "BinaryOperator",
                "dst_parent_type": "null",
                "src_parent": "((scores.length) - allowedBasicCodes)",
                "dst_parent": "null"
              },
              "line": 37,
              "file": "/home/khesoem/projects/lighter/exp/src/main/java/com/milaboratory/core/motif/BitScoreCalculator.java",
              "stats": {
                "number_of_src_entities": 8,
                "number_of_dst_entities": -1,
                "src_entity_types": "[int, double]",
                "dst_entity_types": "[]"
              }
            },
            {
              "pattern_action": "INS",
              "pattern_entity": {
                "entity_type": "Expression",
                "entity_new value": "*",
                "entity_role": "*",
                "entity_parent": "null"
              },
              "concrete_change": {
                "operator": "INS",
                "src_type": "Literal",
                "dst_type": "null",
                "src": "1",
                "dst": "null",
                "src_parent_type": "BinaryOperator",
                "dst_parent_type": "null",
                "src_parent": "(allowedBasicCodes - 1)",
                "dst_parent": "null"
              },
              "line": 58,
              "file": "/home/khesoem/projects/lighter/exp/src/main/java/com/milaboratory/core/motif/BitScoreCalculator.java",
              "stats": {
                "number_of_src_entities": 2,
                "number_of_dst_entities": -1,
                "src_entity_types": "[int]",
                "dst_entity_types": "[]"
              }
            }
          ]
        }
      ]
    }
  ],
  "complete_analysis": true
}