{
  "instances": [
    {
      "revision": "acdfc74012ebed033a34a78727579508919b1818",
      "repairability": [
        {
          "tool-name": "JKali",
          "pattern-name": "JKali:add_rtrn",
          "Unified_Diff_of-files:": "Starts Below...",
          "INSERT:": "",
          "CHANGE_old:": "        log.info(\"Started standby on port {} with {}s sync frequency\", port, interval);",
          "CHANGE_new:": "        log.info(\"Started standby on port {} with {}s sync frequency\", config.port(), config.interval());",
          "instance_detail": [
            {
              "pattern_action": "INS",
              "pattern_entity": {
                "entity_type": "Return",
                "entity_new value": "*",
                "entity_role": "Statement",
                "entity_parent": "null"
              },
              "concrete_change": {
                "operator": "INS",
                "src_type": "Return",
                "dst_type": "null",
                "src": "return new org.apache.jackrabbit.oak.segment.standby.client.StandbyClient.Builder()",
                "dst": "null",
                "src_parent_type": "Block",
                "dst_parent_type": "null",
                "src_parent": "{\n    return new org.apache.jackrabbit.oak.segment.standby.client.StandbyClient.Builder();\n}",
                "dst_parent": "null"
              },
              "line": 63,
              "file": "/home/khesoem/projects/lighter/exp/oak-segment-tar/src/main/java/org/apache/jackrabbit/oak/segment/standby/client/StandbyClient.java"
            }
          ]
        },
        {
          "tool-name": "JKali",
          "pattern-name": "JKali:add_rtrn",
          "Unified_Diff_of-files:": "Starts Below...",
          "INSERT:": "",
          "CHANGE_old:": "        log.info(\"Started standby on port {} with {}s sync frequency\", port, interval);",
          "CHANGE_new:": "        log.info(\"Started standby on port {} with {}s sync frequency\", config.port(), config.interval());",
          "instance_detail": [
            {
              "pattern_action": "INS",
              "pattern_entity": {
                "entity_type": "Return",
                "entity_new value": "*",
                "entity_role": "Statement",
                "entity_parent": "null"
              },
              "concrete_change": {
                "operator": "INS",
                "src_type": "Return",
                "dst_type": "null",
                "src": "return this",
                "dst": "null",
                "src_parent_type": "Block",
                "dst_parent_type": "null",
                "src_parent": "{\n    this.host \u003d host;\n    return this;\n}",
                "dst_parent": "null"
              },
              "line": 83,
              "file": "/home/khesoem/projects/lighter/exp/oak-segment-tar/src/main/java/org/apache/jackrabbit/oak/segment/standby/client/StandbyClient.java"
            }
          ]
        },
        {
          "tool-name": "JKali",
          "pattern-name": "JKali:add_rtrn",
          "Unified_Diff_of-files:": "Starts Below...",
          "INSERT:": "",
          "CHANGE_old:": "        log.info(\"Started standby on port {} with {}s sync frequency\", port, interval);",
          "CHANGE_new:": "        log.info(\"Started standby on port {} with {}s sync frequency\", config.port(), config.interval());",
          "instance_detail": [
            {
              "pattern_action": "INS",
              "pattern_entity": {
                "entity_type": "Return",
                "entity_new value": "*",
                "entity_role": "Statement",
                "entity_parent": "null"
              },
              "concrete_change": {
                "operator": "INS",
                "src_type": "Return",
                "dst_type": "null",
                "src": "return this",
                "dst": "null",
                "src_parent_type": "Block",
                "dst_parent_type": "null",
                "src_parent": "{\n    this.port \u003d port;\n    return this;\n}",
                "dst_parent": "null"
              },
              "line": 88,
              "file": "/home/khesoem/projects/lighter/exp/oak-segment-tar/src/main/java/org/apache/jackrabbit/oak/segment/standby/client/StandbyClient.java"
            }
          ]
        },
        {
          "tool-name": "JKali",
          "pattern-name": "JKali:add_rtrn",
          "Unified_Diff_of-files:": "Starts Below...",
          "INSERT:": "",
          "CHANGE_old:": "        log.info(\"Started standby on port {} with {}s sync frequency\", port, interval);",
          "CHANGE_new:": "        log.info(\"Started standby on port {} with {}s sync frequency\", config.port(), config.interval());",
          "instance_detail": [
            {
              "pattern_action": "INS",
              "pattern_entity": {
                "entity_type": "Return",
                "entity_new value": "*",
                "entity_role": "Statement",
                "entity_parent": "null"
              },
              "concrete_change": {
                "operator": "INS",
                "src_type": "Return",
                "dst_type": "null",
                "src": "return this",
                "dst": "null",
                "src_parent_type": "Block",
                "dst_parent_type": "null",
                "src_parent": "{\n    this.group \u003d group;\n    return this;\n}",
                "dst_parent": "null"
              },
              "line": 93,
              "file": "/home/khesoem/projects/lighter/exp/oak-segment-tar/src/main/java/org/apache/jackrabbit/oak/segment/standby/client/StandbyClient.java"
            }
          ]
        },
        {
          "tool-name": "JKali",
          "pattern-name": "JKali:add_rtrn",
          "Unified_Diff_of-files:": "Starts Below...",
          "INSERT:": "",
          "CHANGE_old:": "        log.info(\"Started standby on port {} with {}s sync frequency\", port, interval);",
          "CHANGE_new:": "        log.info(\"Started standby on port {} with {}s sync frequency\", config.port(), config.interval());",
          "instance_detail": [
            {
              "pattern_action": "INS",
              "pattern_entity": {
                "entity_type": "Return",
                "entity_new value": "*",
                "entity_role": "Statement",
                "entity_parent": "null"
              },
              "concrete_change": {
                "operator": "INS",
                "src_type": "Return",
                "dst_type": "null",
                "src": "return this",
                "dst": "null",
                "src_parent_type": "Block",
                "dst_parent_type": "null",
                "src_parent": "{\n    this.clientId \u003d clientId;\n    return this;\n}",
                "dst_parent": "null"
              },
              "line": 98,
              "file": "/home/khesoem/projects/lighter/exp/oak-segment-tar/src/main/java/org/apache/jackrabbit/oak/segment/standby/client/StandbyClient.java"
            }
          ]
        },
        {
          "tool-name": "JKali",
          "pattern-name": "JKali:add_rtrn",
          "Unified_Diff_of-files:": "Starts Below...",
          "INSERT:": "",
          "CHANGE_old:": "        log.info(\"Started standby on port {} with {}s sync frequency\", port, interval);",
          "CHANGE_new:": "        log.info(\"Started standby on port {} with {}s sync frequency\", config.port(), config.interval());",
          "instance_detail": [
            {
              "pattern_action": "INS",
              "pattern_entity": {
                "entity_type": "Return",
                "entity_new value": "*",
                "entity_role": "Statement",
                "entity_parent": "null"
              },
              "concrete_change": {
                "operator": "INS",
                "src_type": "Return",
                "dst_type": "null",
                "src": "return this",
                "dst": "null",
                "src_parent_type": "Block",
                "dst_parent_type": "null",
                "src_parent": "{\n    this.secure \u003d secure;\n    return this;\n}",
                "dst_parent": "null"
              },
              "line": 103,
              "file": "/home/khesoem/projects/lighter/exp/oak-segment-tar/src/main/java/org/apache/jackrabbit/oak/segment/standby/client/StandbyClient.java"
            }
          ]
        },
        {
          "tool-name": "JKali",
          "pattern-name": "JKali:add_rtrn",
          "Unified_Diff_of-files:": "Starts Below...",
          "INSERT:": "",
          "CHANGE_old:": "        log.info(\"Started standby on port {} with {}s sync frequency\", port, interval);",
          "CHANGE_new:": "        log.info(\"Started standby on port {} with {}s sync frequency\", config.port(), config.interval());",
          "instance_detail": [
            {
              "pattern_action": "INS",
              "pattern_entity": {
                "entity_type": "Return",
                "entity_new value": "*",
                "entity_role": "Statement",
                "entity_parent": "null"
              },
              "concrete_change": {
                "operator": "INS",
                "src_type": "Return",
                "dst_type": "null",
                "src": "return this",
                "dst": "null",
                "src_parent_type": "Block",
                "dst_parent_type": "null",
                "src_parent": "{\n    this.readTimeoutMs \u003d readTimeoutMs;\n    return this;\n}",
                "dst_parent": "null"
              },
              "line": 108,
              "file": "/home/khesoem/projects/lighter/exp/oak-segment-tar/src/main/java/org/apache/jackrabbit/oak/segment/standby/client/StandbyClient.java"
            }
          ]
        },
        {
          "tool-name": "JKali",
          "pattern-name": "JKali:add_rtrn",
          "Unified_Diff_of-files:": "Starts Below...",
          "INSERT:": "",
          "CHANGE_old:": "        log.info(\"Started standby on port {} with {}s sync frequency\", port, interval);",
          "CHANGE_new:": "        log.info(\"Started standby on port {} with {}s sync frequency\", config.port(), config.interval());",
          "instance_detail": [
            {
              "pattern_action": "INS",
              "pattern_entity": {
                "entity_type": "Return",
                "entity_new value": "*",
                "entity_role": "Statement",
                "entity_parent": "null"
              },
              "concrete_change": {
                "operator": "INS",
                "src_type": "Return",
                "dst_type": "null",
                "src": "return this",
                "dst": "null",
                "src_parent_type": "Block",
                "dst_parent_type": "null",
                "src_parent": "{\n    this.spoolFolder \u003d spoolFolder;\n    return this;\n}",
                "dst_parent": "null"
              },
              "line": 113,
              "file": "/home/khesoem/projects/lighter/exp/oak-segment-tar/src/main/java/org/apache/jackrabbit/oak/segment/standby/client/StandbyClient.java"
            }
          ]
        },
        {
          "tool-name": "JKali",
          "pattern-name": "JKali:add_rtrn",
          "Unified_Diff_of-files:": "Starts Below...",
          "INSERT:": "",
          "CHANGE_old:": "        log.info(\"Started standby on port {} with {}s sync frequency\", port, interval);",
          "CHANGE_new:": "        log.info(\"Started standby on port {} with {}s sync frequency\", config.port(), config.interval());",
          "instance_detail": [
            {
              "pattern_action": "INS",
              "pattern_entity": {
                "entity_type": "Return",
                "entity_new value": "*",
                "entity_role": "Statement",
                "entity_parent": "null"
              },
              "concrete_change": {
                "operator": "INS",
                "src_type": "Return",
                "dst_type": "null",
                "src": "return this",
                "dst": "null",
                "src_parent_type": "Block",
                "dst_parent_type": "null",
                "src_parent": "{\n    this.sslKeyFile \u003d sslKeyFile;\n    return this;\n}",
                "dst_parent": "null"
              },
              "line": 118,
              "file": "/home/khesoem/projects/lighter/exp/oak-segment-tar/src/main/java/org/apache/jackrabbit/oak/segment/standby/client/StandbyClient.java"
            }
          ]
        },
        {
          "tool-name": "JKali",
          "pattern-name": "JKali:add_rtrn",
          "Unified_Diff_of-files:": "Starts Below...",
          "INSERT:": "",
          "CHANGE_old:": "        log.info(\"Started standby on port {} with {}s sync frequency\", port, interval);",
          "CHANGE_new:": "        log.info(\"Started standby on port {} with {}s sync frequency\", config.port(), config.interval());",
          "instance_detail": [
            {
              "pattern_action": "INS",
              "pattern_entity": {
                "entity_type": "Return",
                "entity_new value": "*",
                "entity_role": "Statement",
                "entity_parent": "null"
              },
              "concrete_change": {
                "operator": "INS",
                "src_type": "Return",
                "dst_type": "null",
                "src": "return this",
                "dst": "null",
                "src_parent_type": "Block",
                "dst_parent_type": "null",
                "src_parent": "{\n    this.sslChainFile \u003d sslChainFile;\n    return this;\n}",
                "dst_parent": "null"
              },
              "line": 123,
              "file": "/home/khesoem/projects/lighter/exp/oak-segment-tar/src/main/java/org/apache/jackrabbit/oak/segment/standby/client/StandbyClient.java"
            }
          ]
        },
        {
          "tool-name": "JKali",
          "pattern-name": "JKali:add_rtrn",
          "Unified_Diff_of-files:": "Starts Below...",
          "INSERT:": "",
          "CHANGE_old:": "        log.info(\"Started standby on port {} with {}s sync frequency\", port, interval);",
          "CHANGE_new:": "        log.info(\"Started standby on port {} with {}s sync frequency\", config.port(), config.interval());",
          "instance_detail": [
            {
              "pattern_action": "INS",
              "pattern_entity": {
                "entity_type": "Return",
                "entity_new value": "*",
                "entity_role": "Statement",
                "entity_parent": "null"
              },
              "concrete_change": {
                "operator": "INS",
                "src_type": "Return",
                "dst_type": "null",
                "src": "return this",
                "dst": "null",
                "src_parent_type": "Block",
                "dst_parent_type": "null",
                "src_parent": "{\n    this.sslServerSubjectPattern \u003d sslServerSubjectPattern;\n    return this;\n}",
                "dst_parent": "null"
              },
              "line": 128,
              "file": "/home/khesoem/projects/lighter/exp/oak-segment-tar/src/main/java/org/apache/jackrabbit/oak/segment/standby/client/StandbyClient.java"
            }
          ]
        },
        {
          "tool-name": "JKali",
          "pattern-name": "JKali:add_rtrn",
          "Unified_Diff_of-files:": "Starts Below...",
          "INSERT:": "",
          "CHANGE_old:": "        log.info(\"Started standby on port {} with {}s sync frequency\", port, interval);",
          "CHANGE_new:": "        log.info(\"Started standby on port {} with {}s sync frequency\", config.port(), config.interval());",
          "instance_detail": [
            {
              "pattern_action": "INS",
              "pattern_entity": {
                "entity_type": "Return",
                "entity_new value": "*",
                "entity_role": "Statement",
                "entity_parent": "null"
              },
              "concrete_change": {
                "operator": "INS",
                "src_type": "Return",
                "dst_type": "null",
                "src": "return new org.apache.jackrabbit.oak.segment.standby.client.StandbyClient(this)",
                "dst": "null",
                "src_parent_type": "Block",
                "dst_parent_type": "null",
                "src_parent": "{\n    return new org.apache.jackrabbit.oak.segment.standby.client.StandbyClient(this);\n}",
                "dst_parent": "null"
              },
              "line": 132,
              "file": "/home/khesoem/projects/lighter/exp/oak-segment-tar/src/main/java/org/apache/jackrabbit/oak/segment/standby/client/StandbyClient.java"
            }
          ]
        }
      ]
    },
    {
      "revision": "acdfc74012ebed033a34a78727579508919b1818",
      "repairability": [
        {
          "tool-name": "JKali",
          "pattern-name": "JKali:add_rtrn",
          "Unified_Diff_of-files:": "Starts Below...",
          "INSERT:": "",
          "CHANGE_old:": "        log.info(\"Started standby on port {} with {}s sync frequency\", port, interval);",
          "CHANGE_new:": "        log.info(\"Started standby on port {} with {}s sync frequency\", config.port(), config.interval());",
          "instance_detail": [
            {
              "pattern_action": "INS",
              "pattern_entity": {
                "entity_type": "Return",
                "entity_new value": "*",
                "entity_role": "Statement",
                "entity_parent": "null"
              },
              "concrete_change": {
                "operator": "INS",
                "src_type": "Return",
                "dst_type": "null",
                "src": "return new org.apache.jackrabbit.oak.segment.standby.client.StandbyClientSync.Builder()",
                "dst": "null",
                "src_parent_type": "Block",
                "dst_parent_type": "null",
                "src_parent": "{\n    return new org.apache.jackrabbit.oak.segment.standby.client.StandbyClientSync.Builder();\n}",
                "dst_parent": "null"
              },
              "line": 49,
              "file": "/home/khesoem/projects/lighter/exp/oak-segment-tar/src/main/java/org/apache/jackrabbit/oak/segment/standby/client/StandbyClientSync.java"
            }
          ]
        },
        {
          "tool-name": "JKali",
          "pattern-name": "JKali:add_rtrn",
          "Unified_Diff_of-files:": "Starts Below...",
          "INSERT:": "",
          "CHANGE_old:": "        log.info(\"Started standby on port {} with {}s sync frequency\", port, interval);",
          "CHANGE_new:": "        log.info(\"Started standby on port {} with {}s sync frequency\", config.port(), config.interval());",
          "instance_detail": [
            {
              "pattern_action": "INS",
              "pattern_entity": {
                "entity_type": "Return",
                "entity_new value": "*",
                "entity_role": "Statement",
                "entity_parent": "null"
              },
              "concrete_change": {
                "operator": "INS",
                "src_type": "Return",
                "dst_type": "null",
                "src": "return this",
                "dst": "null",
                "src_parent_type": "Block",
                "dst_parent_type": "null",
                "src_parent": "{\n    this.host \u003d host;\n    return this;\n}",
                "dst_parent": "null"
              },
              "line": 69,
              "file": "/home/khesoem/projects/lighter/exp/oak-segment-tar/src/main/java/org/apache/jackrabbit/oak/segment/standby/client/StandbyClientSync.java"
            }
          ]
        },
        {
          "tool-name": "JKali",
          "pattern-name": "JKali:add_rtrn",
          "Unified_Diff_of-files:": "Starts Below...",
          "INSERT:": "",
          "CHANGE_old:": "        log.info(\"Started standby on port {} with {}s sync frequency\", port, interval);",
          "CHANGE_new:": "        log.info(\"Started standby on port {} with {}s sync frequency\", config.port(), config.interval());",
          "instance_detail": [
            {
              "pattern_action": "INS",
              "pattern_entity": {
                "entity_type": "Return",
                "entity_new value": "*",
                "entity_role": "Statement",
                "entity_parent": "null"
              },
              "concrete_change": {
                "operator": "INS",
                "src_type": "Return",
                "dst_type": "null",
                "src": "return this",
                "dst": "null",
                "src_parent_type": "Block",
                "dst_parent_type": "null",
                "src_parent": "{\n    this.port \u003d port;\n    return this;\n}",
                "dst_parent": "null"
              },
              "line": 74,
              "file": "/home/khesoem/projects/lighter/exp/oak-segment-tar/src/main/java/org/apache/jackrabbit/oak/segment/standby/client/StandbyClientSync.java"
            }
          ]
        },
        {
          "tool-name": "JKali",
          "pattern-name": "JKali:add_rtrn",
          "Unified_Diff_of-files:": "Starts Below...",
          "INSERT:": "",
          "CHANGE_old:": "        log.info(\"Started standby on port {} with {}s sync frequency\", port, interval);",
          "CHANGE_new:": "        log.info(\"Started standby on port {} with {}s sync frequency\", config.port(), config.interval());",
          "instance_detail": [
            {
              "pattern_action": "INS",
              "pattern_entity": {
                "entity_type": "Return",
                "entity_new value": "*",
                "entity_role": "Statement",
                "entity_parent": "null"
              },
              "concrete_change": {
                "operator": "INS",
                "src_type": "Return",
                "dst_type": "null",
                "src": "return this",
                "dst": "null",
                "src_parent_type": "Block",
                "dst_parent_type": "null",
                "src_parent": "{\n    this.fileStore \u003d fileStore;\n    return this;\n}",
                "dst_parent": "null"
              },
              "line": 79,
              "file": "/home/khesoem/projects/lighter/exp/oak-segment-tar/src/main/java/org/apache/jackrabbit/oak/segment/standby/client/StandbyClientSync.java"
            }
          ]
        },
        {
          "tool-name": "JKali",
          "pattern-name": "JKali:add_rtrn",
          "Unified_Diff_of-files:": "Starts Below...",
          "INSERT:": "",
          "CHANGE_old:": "        log.info(\"Started standby on port {} with {}s sync frequency\", port, interval);",
          "CHANGE_new:": "        log.info(\"Started standby on port {} with {}s sync frequency\", config.port(), config.interval());",
          "instance_detail": [
            {
              "pattern_action": "INS",
              "pattern_entity": {
                "entity_type": "Return",
                "entity_new value": "*",
                "entity_role": "Statement",
                "entity_parent": "null"
              },
              "concrete_change": {
                "operator": "INS",
                "src_type": "Return",
                "dst_type": "null",
                "src": "return this",
                "dst": "null",
                "src_parent_type": "Block",
                "dst_parent_type": "null",
                "src_parent": "{\n    this.secure \u003d secure;\n    return this;\n}",
                "dst_parent": "null"
              },
              "line": 84,
              "file": "/home/khesoem/projects/lighter/exp/oak-segment-tar/src/main/java/org/apache/jackrabbit/oak/segment/standby/client/StandbyClientSync.java"
            }
          ]
        },
        {
          "tool-name": "JKali",
          "pattern-name": "JKali:add_rtrn",
          "Unified_Diff_of-files:": "Starts Below...",
          "INSERT:": "",
          "CHANGE_old:": "        log.info(\"Started standby on port {} with {}s sync frequency\", port, interval);",
          "CHANGE_new:": "        log.info(\"Started standby on port {} with {}s sync frequency\", config.port(), config.interval());",
          "instance_detail": [
            {
              "pattern_action": "INS",
              "pattern_entity": {
                "entity_type": "Return",
                "entity_new value": "*",
                "entity_role": "Statement",
                "entity_parent": "null"
              },
              "concrete_change": {
                "operator": "INS",
                "src_type": "Return",
                "dst_type": "null",
                "src": "return this",
                "dst": "null",
                "src_parent_type": "Block",
                "dst_parent_type": "null",
                "src_parent": "{\n    this.readTimeoutMs \u003d readTimeoutMs;\n    return this;\n}",
                "dst_parent": "null"
              },
              "line": 89,
              "file": "/home/khesoem/projects/lighter/exp/oak-segment-tar/src/main/java/org/apache/jackrabbit/oak/segment/standby/client/StandbyClientSync.java"
            }
          ]
        },
        {
          "tool-name": "JKali",
          "pattern-name": "JKali:add_rtrn",
          "Unified_Diff_of-files:": "Starts Below...",
          "INSERT:": "",
          "CHANGE_old:": "        log.info(\"Started standby on port {} with {}s sync frequency\", port, interval);",
          "CHANGE_new:": "        log.info(\"Started standby on port {} with {}s sync frequency\", config.port(), config.interval());",
          "instance_detail": [
            {
              "pattern_action": "INS",
              "pattern_entity": {
                "entity_type": "Return",
                "entity_new value": "*",
                "entity_role": "Statement",
                "entity_parent": "null"
              },
              "concrete_change": {
                "operator": "INS",
                "src_type": "Return",
                "dst_type": "null",
                "src": "return this",
                "dst": "null",
                "src_parent_type": "Block",
                "dst_parent_type": "null",
                "src_parent": "{\n    this.autoClean \u003d autoClean;\n    return this;\n}",
                "dst_parent": "null"
              },
              "line": 94,
              "file": "/home/khesoem/projects/lighter/exp/oak-segment-tar/src/main/java/org/apache/jackrabbit/oak/segment/standby/client/StandbyClientSync.java"
            }
          ]
        },
        {
          "tool-name": "JKali",
          "pattern-name": "JKali:add_rtrn",
          "Unified_Diff_of-files:": "Starts Below...",
          "INSERT:": "",
          "CHANGE_old:": "        log.info(\"Started standby on port {} with {}s sync frequency\", port, interval);",
          "CHANGE_new:": "        log.info(\"Started standby on port {} with {}s sync frequency\", config.port(), config.interval());",
          "instance_detail": [
            {
              "pattern_action": "INS",
              "pattern_entity": {
                "entity_type": "Return",
                "entity_new value": "*",
                "entity_role": "Statement",
                "entity_parent": "null"
              },
              "concrete_change": {
                "operator": "INS",
                "src_type": "Return",
                "dst_type": "null",
                "src": "return this",
                "dst": "null",
                "src_parent_type": "Block",
                "dst_parent_type": "null",
                "src_parent": "{\n    this.spoolFolder \u003d spoolFolder;\n    return this;\n}",
                "dst_parent": "null"
              },
              "line": 99,
              "file": "/home/khesoem/projects/lighter/exp/oak-segment-tar/src/main/java/org/apache/jackrabbit/oak/segment/standby/client/StandbyClientSync.java"
            }
          ]
        },
        {
          "tool-name": "JKali",
          "pattern-name": "JKali:add_rtrn",
          "Unified_Diff_of-files:": "Starts Below...",
          "INSERT:": "",
          "CHANGE_old:": "        log.info(\"Started standby on port {} with {}s sync frequency\", port, interval);",
          "CHANGE_new:": "        log.info(\"Started standby on port {} with {}s sync frequency\", config.port(), config.interval());",
          "instance_detail": [
            {
              "pattern_action": "INS",
              "pattern_entity": {
                "entity_type": "Return",
                "entity_new value": "*",
                "entity_role": "Statement",
                "entity_parent": "null"
              },
              "concrete_change": {
                "operator": "INS",
                "src_type": "Return",
                "dst_type": "null",
                "src": "return this",
                "dst": "null",
                "src_parent_type": "Block",
                "dst_parent_type": "null",
                "src_parent": "{\n    this.sslKeyFile \u003d sslKeyFile;\n    return this;\n}",
                "dst_parent": "null"
              },
              "line": 104,
              "file": "/home/khesoem/projects/lighter/exp/oak-segment-tar/src/main/java/org/apache/jackrabbit/oak/segment/standby/client/StandbyClientSync.java"
            }
          ]
        },
        {
          "tool-name": "JKali",
          "pattern-name": "JKali:add_rtrn",
          "Unified_Diff_of-files:": "Starts Below...",
          "INSERT:": "",
          "CHANGE_old:": "        log.info(\"Started standby on port {} with {}s sync frequency\", port, interval);",
          "CHANGE_new:": "        log.info(\"Started standby on port {} with {}s sync frequency\", config.port(), config.interval());",
          "instance_detail": [
            {
              "pattern_action": "INS",
              "pattern_entity": {
                "entity_type": "Return",
                "entity_new value": "*",
                "entity_role": "Statement",
                "entity_parent": "null"
              },
              "concrete_change": {
                "operator": "INS",
                "src_type": "Return",
                "dst_type": "null",
                "src": "return this",
                "dst": "null",
                "src_parent_type": "Block",
                "dst_parent_type": "null",
                "src_parent": "{\n    this.sslChainFile \u003d sslChainFile;\n    return this;\n}",
                "dst_parent": "null"
              },
              "line": 109,
              "file": "/home/khesoem/projects/lighter/exp/oak-segment-tar/src/main/java/org/apache/jackrabbit/oak/segment/standby/client/StandbyClientSync.java"
            }
          ]
        },
        {
          "tool-name": "JKali",
          "pattern-name": "JKali:add_rtrn",
          "Unified_Diff_of-files:": "Starts Below...",
          "INSERT:": "",
          "CHANGE_old:": "        log.info(\"Started standby on port {} with {}s sync frequency\", port, interval);",
          "CHANGE_new:": "        log.info(\"Started standby on port {} with {}s sync frequency\", config.port(), config.interval());",
          "instance_detail": [
            {
              "pattern_action": "INS",
              "pattern_entity": {
                "entity_type": "Return",
                "entity_new value": "*",
                "entity_role": "Statement",
                "entity_parent": "null"
              },
              "concrete_change": {
                "operator": "INS",
                "src_type": "Return",
                "dst_type": "null",
                "src": "return this",
                "dst": "null",
                "src_parent_type": "Block",
                "dst_parent_type": "null",
                "src_parent": "{\n    this.sslServerSubjectPattern \u003d sslServerSubjectPattern;\n    return this;\n}",
                "dst_parent": "null"
              },
              "line": 114,
              "file": "/home/khesoem/projects/lighter/exp/oak-segment-tar/src/main/java/org/apache/jackrabbit/oak/segment/standby/client/StandbyClientSync.java"
            }
          ]
        },
        {
          "tool-name": "JKali",
          "pattern-name": "JKali:add_rtrn",
          "Unified_Diff_of-files:": "Starts Below...",
          "INSERT:": "",
          "CHANGE_old:": "        log.info(\"Started standby on port {} with {}s sync frequency\", port, interval);",
          "CHANGE_new:": "        log.info(\"Started standby on port {} with {}s sync frequency\", config.port(), config.interval());",
          "instance_detail": [
            {
              "pattern_action": "INS",
              "pattern_entity": {
                "entity_type": "Return",
                "entity_new value": "*",
                "entity_role": "Statement",
                "entity_parent": "null"
              },
              "concrete_change": {
                "operator": "INS",
                "src_type": "Return",
                "dst_type": "null",
                "src": "return new org.apache.jackrabbit.oak.segment.standby.client.StandbyClientSync(this)",
                "dst": "null",
                "src_parent_type": "Block",
                "dst_parent_type": "null",
                "src_parent": "{\n    return new org.apache.jackrabbit.oak.segment.standby.client.StandbyClientSync(this);\n}",
                "dst_parent": "null"
              },
              "line": 118,
              "file": "/home/khesoem/projects/lighter/exp/oak-segment-tar/src/main/java/org/apache/jackrabbit/oak/segment/standby/client/StandbyClientSync.java"
            }
          ]
        }
      ]
    },
    {
      "revision": "acdfc74012ebed033a34a78727579508919b1818",
      "repairability": [
        {
          "tool-name": "JKali",
          "pattern-name": "JKali:del",
          "Unified_Diff_of-files:": "Starts Below...",
          "INSERT:": "",
          "CHANGE_old:": "        log.info(\"Started standby on port {} with {}s sync frequency\", port, interval);",
          "CHANGE_new:": "        log.info(\"Started standby on port {} with {}s sync frequency\", config.port(), config.interval());",
          "instance_detail": [
            {
              "pattern_action": "DEL",
              "pattern_entity": {
                "entity_type": "*",
                "entity_new value": "*",
                "entity_role": "Statement",
                "entity_parent": "null"
              },
              "concrete_change": {
                "operator": "DEL",
                "src_type": "If",
                "dst_type": "null",
                "src": "if (builder.secure) {\n    io.netty.handler.ssl.util.SelfSignedCertificate ssc \u003d new io.netty.handler.ssl.util.SelfSignedCertificate();\n    sslContext \u003d io.netty.handler.ssl.SslContextBuilder.forServer(ssc.certificate(), ssc.privateKey()).build();\n}",
                "dst": "null",
                "src_parent_type": "Block",
                "dst_parent_type": "null",
                "src_parent": "{\n    this.port \u003d builder.port;\n    if (builder.secure) {\n        io.netty.handler.ssl.util.SelfSignedCertificate ssc \u003d new io.netty.handler.ssl.util.SelfSignedCertificate();\n        sslContext \u003d io.netty.handler.ssl.SslContextBuilder.forServer(ssc.certificate(), ssc.privateKey()).build();\n    }\n    bossGroup \u003d new io.netty.channel.nio.NioEventLoopGroup(1, new org.apache.jackrabbit.core.data.util.NamedThreadFactory(\"primary-run\"));\n    workerGroup \u003d new io.netty.channel.nio.NioEventLoopGroup(0, new org.apache.jackrabbit.core.data.util.NamedThreadFactory(\"primary\"));\n    b \u003d new io.netty.bootstrap.ServerBootstrap();\n    b.group(bossGroup, workerGroup);\n    b.channel(io.netty.channel.socket.nio.NioServerSocketChannel.class);\n    b.option(ChannelOption.SO_REUSEADDR, true);\n    b.childOption(ChannelOption.TCP_NODELAY, true);\n    b.childOption(ChannelOption.SO_REUSEADDR, true);\n    b.childOption(ChannelOption.SO_KEEPALIVE, true);\n    b.childHandler(new io.netty.channel.ChannelInitializer\u003cio.netty.channel.socket.SocketChannel\u003e() {\n        @java.lang.Override\n        public void initChannel(io.netty.channel.socket.SocketChannel ch) {\n            io.netty.channel.ChannelPipeline p \u003d ch.pipeline();\n            p.addLast(new org.apache.jackrabbit.oak.segment.standby.server.ClientFilterHandler(new org.apache.jackrabbit.oak.segment.standby.server.ClientIpFilter(builder.allowedClientIPRanges)));\n            if ((sslContext) !\u003d null) {\n                p.addLast(\"ssl\", sslContext.newHandler(ch.alloc()));\n            }\n            p.addLast(new io.netty.handler.codec.LineBasedFrameDecoder(8192));\n            p.addLast(new io.netty.handler.codec.string.StringDecoder(io.netty.util.CharsetUtil.UTF_8));\n            p.addLast(new org.apache.jackrabbit.oak.segment.standby.codec.RequestDecoder());\n            p.addLast(new org.apache.jackrabbit.oak.segment.standby.server.StateHandler(builder.stateConsumer));\n            p.addLast(new org.apache.jackrabbit.oak.segment.standby.server.RequestObserverHandler(builder.observer));\n            p.addLast(new io.netty.handler.codec.compression.SnappyFrameEncoder());\n            p.addLast(new io.netty.handler.stream.ChunkedWriteHandler());\n            p.addLast(new org.apache.jackrabbit.oak.segment.standby.codec.GetHeadResponseEncoder());\n            p.addLast(new org.apache.jackrabbit.oak.segment.standby.codec.GetSegmentResponseEncoder());\n            p.addLast(new org.apache.jackrabbit.oak.segment.standby.codec.GetBlobResponseEncoder(builder.blobChunkSize));\n            p.addLast(new org.apache.jackrabbit.oak.segment.standby.codec.GetReferencesResponseEncoder());\n            p.addLast(new org.apache.jackrabbit.oak.segment.standby.server.ResponseObserverHandler(builder.observer));\n            p.addLast(new org.apache.jackrabbit.oak.segment.standby.server.GetHeadRequestHandler(builder.standbyHeadReader));\n            p.addLast(new org.apache.jackrabbit.oak.segment.standby.server.GetSegmentRequestHandler(builder.standbySegmentReader));\n            p.addLast(new org.apache.jackrabbit.oak.segment.standby.server.GetBlobRequestHandler(builder.standbyBlobReader));\n            p.addLast(new org.apache.jackrabbit.oak.segment.standby.server.GetReferencesRequestHandler(builder.standbyReferencesReader));\n            p.addLast(new org.apache.jackrabbit.oak.segment.standby.server.ExceptionHandler());\n        }\n    });\n}",
                "dst_parent": "null"
              },
              "line": 182,
              "file": "/home/khesoem/projects/lighter/exp/oak-segment-tar/src/main/java/org/apache/jackrabbit/oak/segment/standby/server/StandbyServer.java",
              "stats": {
                "number_of_src_entities": 60,
                "number_of_dst_entities": -1,
                "src_entity_types": "[org.apache.jackrabbit.oak.segment.standby.server.StandbyServer.Builder, io.netty.handler.ssl.SslContextBuilder, org.apache.jackrabbit.oak.segment.standby.server.StandbyServer, io.netty.handler.ssl.util.SelfSignedCertificate]",
                "dst_entity_types": "[]"
              }
            }
          ]
        },
        {
          "tool-name": "JKali",
          "pattern-name": "JKali:add_rtrn",
          "Unified_Diff_of-files:": "Starts Below...",
          "INSERT:": "",
          "CHANGE_old:": "        log.info(\"Started standby on port {} with {}s sync frequency\", port, interval);",
          "CHANGE_new:": "        log.info(\"Started standby on port {} with {}s sync frequency\", config.port(), config.interval());",
          "instance_detail": [
            {
              "pattern_action": "INS",
              "pattern_entity": {
                "entity_type": "Return",
                "entity_new value": "*",
                "entity_role": "Statement",
                "entity_parent": "null"
              },
              "concrete_change": {
                "operator": "INS",
                "src_type": "Return",
                "dst_type": "null",
                "src": "return this",
                "dst": "null",
                "src_parent_type": "Block",
                "dst_parent_type": "null",
                "src_parent": "{\n    this.sslKeyFile \u003d sslKeyFile;\n    return this;\n}",
                "dst_parent": "null"
              },
              "line": 166,
              "file": "/home/khesoem/projects/lighter/exp/oak-segment-tar/src/main/java/org/apache/jackrabbit/oak/segment/standby/server/StandbyServer.java"
            }
          ]
        },
        {
          "tool-name": "JKali",
          "pattern-name": "JKali:add_rtrn",
          "Unified_Diff_of-files:": "Starts Below...",
          "INSERT:": "",
          "CHANGE_old:": "        log.info(\"Started standby on port {} with {}s sync frequency\", port, interval);",
          "CHANGE_new:": "        log.info(\"Started standby on port {} with {}s sync frequency\", config.port(), config.interval());",
          "instance_detail": [
            {
              "pattern_action": "INS",
              "pattern_entity": {
                "entity_type": "Return",
                "entity_new value": "*",
                "entity_role": "Statement",
                "entity_parent": "null"
              },
              "concrete_change": {
                "operator": "INS",
                "src_type": "Return",
                "dst_type": "null",
                "src": "return this",
                "dst": "null",
                "src_parent_type": "Block",
                "dst_parent_type": "null",
                "src_parent": "{\n    this.sslChainFile \u003d sslChainFile;\n    return this;\n}",
                "dst_parent": "null"
              },
              "line": 171,
              "file": "/home/khesoem/projects/lighter/exp/oak-segment-tar/src/main/java/org/apache/jackrabbit/oak/segment/standby/server/StandbyServer.java"
            }
          ]
        },
        {
          "tool-name": "JKali",
          "pattern-name": "JKali:add_rtrn",
          "Unified_Diff_of-files:": "Starts Below...",
          "INSERT:": "",
          "CHANGE_old:": "        log.info(\"Started standby on port {} with {}s sync frequency\", port, interval);",
          "CHANGE_new:": "        log.info(\"Started standby on port {} with {}s sync frequency\", config.port(), config.interval());",
          "instance_detail": [
            {
              "pattern_action": "INS",
              "pattern_entity": {
                "entity_type": "Return",
                "entity_new value": "*",
                "entity_role": "Statement",
                "entity_parent": "null"
              },
              "concrete_change": {
                "operator": "INS",
                "src_type": "Return",
                "dst_type": "null",
                "src": "return this",
                "dst": "null",
                "src_parent_type": "Block",
                "dst_parent_type": "null",
                "src_parent": "{\n    this.sslClientValidation \u003d sslValidateClient;\n    return this;\n}",
                "dst_parent": "null"
              },
              "line": 176,
              "file": "/home/khesoem/projects/lighter/exp/oak-segment-tar/src/main/java/org/apache/jackrabbit/oak/segment/standby/server/StandbyServer.java"
            }
          ]
        },
        {
          "tool-name": "JKali",
          "pattern-name": "JKali:add_rtrn",
          "Unified_Diff_of-files:": "Starts Below...",
          "INSERT:": "",
          "CHANGE_old:": "        log.info(\"Started standby on port {} with {}s sync frequency\", port, interval);",
          "CHANGE_new:": "        log.info(\"Started standby on port {} with {}s sync frequency\", config.port(), config.interval());",
          "instance_detail": [
            {
              "pattern_action": "INS",
              "pattern_entity": {
                "entity_type": "Return",
                "entity_new value": "*",
                "entity_role": "Statement",
                "entity_parent": "null"
              },
              "concrete_change": {
                "operator": "INS",
                "src_type": "Return",
                "dst_type": "null",
                "src": "return this",
                "dst": "null",
                "src_parent_type": "Block",
                "dst_parent_type": "null",
                "src_parent": "{\n    this.sslClientSubjectPattern \u003d sslClientSubjectPattern;\n    return this;\n}",
                "dst_parent": "null"
              },
              "line": 181,
              "file": "/home/khesoem/projects/lighter/exp/oak-segment-tar/src/main/java/org/apache/jackrabbit/oak/segment/standby/server/StandbyServer.java"
            }
          ]
        }
      ]
    },
    {
      "revision": "acdfc74012ebed033a34a78727579508919b1818",
      "repairability": [
        {
          "tool-name": "JKali",
          "pattern-name": "JKali:add_rtrn",
          "Unified_Diff_of-files:": "Starts Below...",
          "INSERT:": "",
          "CHANGE_old:": "        log.info(\"Started standby on port {} with {}s sync frequency\", port, interval);",
          "CHANGE_new:": "        log.info(\"Started standby on port {} with {}s sync frequency\", config.port(), config.interval());",
          "instance_detail": [
            {
              "pattern_action": "INS",
              "pattern_entity": {
                "entity_type": "Return",
                "entity_new value": "*",
                "entity_role": "Statement",
                "entity_parent": "null"
              },
              "concrete_change": {
                "operator": "INS",
                "src_type": "Return",
                "dst_type": "null",
                "src": "return this",
                "dst": "null",
                "src_parent_type": "Block",
                "dst_parent_type": "null",
                "src_parent": "{\n    this.sslKeyFile \u003d sslKeyFile;\n    return this;\n}",
                "dst_parent": "null"
              },
              "line": 132,
              "file": "/home/khesoem/projects/lighter/exp/oak-segment-tar/src/main/java/org/apache/jackrabbit/oak/segment/standby/server/StandbyServerSync.java"
            }
          ]
        },
        {
          "tool-name": "JKali",
          "pattern-name": "JKali:add_rtrn",
          "Unified_Diff_of-files:": "Starts Below...",
          "INSERT:": "",
          "CHANGE_old:": "        log.info(\"Started standby on port {} with {}s sync frequency\", port, interval);",
          "CHANGE_new:": "        log.info(\"Started standby on port {} with {}s sync frequency\", config.port(), config.interval());",
          "instance_detail": [
            {
              "pattern_action": "INS",
              "pattern_entity": {
                "entity_type": "Return",
                "entity_new value": "*",
                "entity_role": "Statement",
                "entity_parent": "null"
              },
              "concrete_change": {
                "operator": "INS",
                "src_type": "Return",
                "dst_type": "null",
                "src": "return this",
                "dst": "null",
                "src_parent_type": "Block",
                "dst_parent_type": "null",
                "src_parent": "{\n    this.sslChainFile \u003d sslChainFile;\n    return this;\n}",
                "dst_parent": "null"
              },
              "line": 137,
              "file": "/home/khesoem/projects/lighter/exp/oak-segment-tar/src/main/java/org/apache/jackrabbit/oak/segment/standby/server/StandbyServerSync.java"
            }
          ]
        },
        {
          "tool-name": "JKali",
          "pattern-name": "JKali:add_rtrn",
          "Unified_Diff_of-files:": "Starts Below...",
          "INSERT:": "",
          "CHANGE_old:": "        log.info(\"Started standby on port {} with {}s sync frequency\", port, interval);",
          "CHANGE_new:": "        log.info(\"Started standby on port {} with {}s sync frequency\", config.port(), config.interval());",
          "instance_detail": [
            {
              "pattern_action": "INS",
              "pattern_entity": {
                "entity_type": "Return",
                "entity_new value": "*",
                "entity_role": "Statement",
                "entity_parent": "null"
              },
              "concrete_change": {
                "operator": "INS",
                "src_type": "Return",
                "dst_type": "null",
                "src": "return this",
                "dst": "null",
                "src_parent_type": "Block",
                "dst_parent_type": "null",
                "src_parent": "{\n    this.sslValidateClient \u003d sslValidateClient;\n    return this;\n}",
                "dst_parent": "null"
              },
              "line": 142,
              "file": "/home/khesoem/projects/lighter/exp/oak-segment-tar/src/main/java/org/apache/jackrabbit/oak/segment/standby/server/StandbyServerSync.java"
            }
          ]
        },
        {
          "tool-name": "JKali",
          "pattern-name": "JKali:add_rtrn",
          "Unified_Diff_of-files:": "Starts Below...",
          "INSERT:": "",
          "CHANGE_old:": "        log.info(\"Started standby on port {} with {}s sync frequency\", port, interval);",
          "CHANGE_new:": "        log.info(\"Started standby on port {} with {}s sync frequency\", config.port(), config.interval());",
          "instance_detail": [
            {
              "pattern_action": "INS",
              "pattern_entity": {
                "entity_type": "Return",
                "entity_new value": "*",
                "entity_role": "Statement",
                "entity_parent": "null"
              },
              "concrete_change": {
                "operator": "INS",
                "src_type": "Return",
                "dst_type": "null",
                "src": "return this",
                "dst": "null",
                "src_parent_type": "Block",
                "dst_parent_type": "null",
                "src_parent": "{\n    this.sslClientSubjectPattern \u003d sslClientSubjectPattern;\n    return this;\n}",
                "dst_parent": "null"
              },
              "line": 147,
              "file": "/home/khesoem/projects/lighter/exp/oak-segment-tar/src/main/java/org/apache/jackrabbit/oak/segment/standby/server/StandbyServerSync.java"
            }
          ]
        }
      ]
    },
    {
      "revision": "acdfc74012ebed033a34a78727579508919b1818",
      "repairability": [
        {
          "tool-name": "JKali",
          "pattern-name": "JKali:del",
          "Unified_Diff_of-files:": "Starts Below...",
          "INSERT:": "",
          "CHANGE_old:": "        log.info(\"Started standby on port {} with {}s sync frequency\", port, interval);",
          "CHANGE_new:": "        log.info(\"Started standby on port {} with {}s sync frequency\", config.port(), config.interval());",
          "instance_detail": [
            {
              "pattern_action": "DEL",
              "pattern_entity": {
                "entity_type": "*",
                "entity_new value": "*",
                "entity_role": "Statement",
                "entity_parent": "null"
              },
              "concrete_change": {
                "operator": "DEL",
                "src_type": "LocalVariable",
                "dst_type": "null",
                "src": "int port \u003d config.port()",
                "dst": "null",
                "src_parent_type": "Block",
                "dst_parent_type": "null",
                "src_parent": "{\n    int port \u003d config.port();\n    long interval \u003d config.interval();\n    java.lang.String host \u003d config.primary_host();\n    boolean secure \u003d config.secure();\n    int readTimeout \u003d config.standby_readtimeout();\n    boolean clean \u003d config.standby_autoclean();\n    org.apache.jackrabbit.oak.segment.standby.client.StandbyClientSync standbyClientSync \u003d new org.apache.jackrabbit.oak.segment.standby.client.StandbyClientSync(host, port, fileStore, secure, readTimeout, clean, new java.io.File(com.google.common.base.StandardSystemProperty.JAVA_IO_TMPDIR.value()));\n    closer.register(standbyClientSync);\n    java.util.Dictionary\u003cjava.lang.Object, java.lang.Object\u003e dictionary \u003d new java.util.Hashtable\u003cjava.lang.Object, java.lang.Object\u003e();\n    dictionary.put(\"scheduler.period\", interval);\n    dictionary.put(\"scheduler.concurrent\", false);\n    org.osgi.framework.ServiceRegistration registration \u003d context.getBundleContext().registerService(java.lang.Runnable.class.getName(), standbyClientSync, dictionary);\n    closer.register(registration::unregister);\n    org.apache.jackrabbit.oak.segment.standby.store.StandbyStoreService.log.info(\"Started standby on port {} with {}s sync frequency\", port, interval);\n}",
                "dst_parent": "null"
              },
              "line": 177,
              "file": "/home/khesoem/projects/lighter/exp/oak-segment-tar/src/main/java/org/apache/jackrabbit/oak/segment/standby/store/StandbyStoreService.java"
            }
          ]
        },
        {
          "tool-name": "JKali",
          "pattern-name": "JKali:del",
          "Unified_Diff_of-files:": "Starts Below...",
          "INSERT:": "",
          "CHANGE_old:": "        log.info(\"Started standby on port {} with {}s sync frequency\", port, interval);",
          "CHANGE_new:": "        log.info(\"Started standby on port {} with {}s sync frequency\", config.port(), config.interval());",
          "instance_detail": [
            {
              "pattern_action": "DEL",
              "pattern_entity": {
                "entity_type": "*",
                "entity_new value": "*",
                "entity_role": "Statement",
                "entity_parent": "null"
              },
              "concrete_change": {
                "operator": "DEL",
                "src_type": "LocalVariable",
                "dst_type": "null",
                "src": "long interval \u003d config.interval()",
                "dst": "null",
                "src_parent_type": "Block",
                "dst_parent_type": "null",
                "src_parent": "{\n    int port \u003d config.port();\n    long interval \u003d config.interval();\n    java.lang.String host \u003d config.primary_host();\n    boolean secure \u003d config.secure();\n    int readTimeout \u003d config.standby_readtimeout();\n    boolean clean \u003d config.standby_autoclean();\n    org.apache.jackrabbit.oak.segment.standby.client.StandbyClientSync standbyClientSync \u003d new org.apache.jackrabbit.oak.segment.standby.client.StandbyClientSync(host, port, fileStore, secure, readTimeout, clean, new java.io.File(com.google.common.base.StandardSystemProperty.JAVA_IO_TMPDIR.value()));\n    closer.register(standbyClientSync);\n    java.util.Dictionary\u003cjava.lang.Object, java.lang.Object\u003e dictionary \u003d new java.util.Hashtable\u003cjava.lang.Object, java.lang.Object\u003e();\n    dictionary.put(\"scheduler.period\", interval);\n    dictionary.put(\"scheduler.concurrent\", false);\n    org.osgi.framework.ServiceRegistration registration \u003d context.getBundleContext().registerService(java.lang.Runnable.class.getName(), standbyClientSync, dictionary);\n    closer.register(registration::unregister);\n    org.apache.jackrabbit.oak.segment.standby.store.StandbyStoreService.log.info(\"Started standby on port {} with {}s sync frequency\", port, interval);\n}",
                "dst_parent": "null"
              },
              "line": 178,
              "file": "/home/khesoem/projects/lighter/exp/oak-segment-tar/src/main/java/org/apache/jackrabbit/oak/segment/standby/store/StandbyStoreService.java"
            }
          ]
        },
        {
          "tool-name": "JKali",
          "pattern-name": "JKali:del",
          "Unified_Diff_of-files:": "Starts Below...",
          "INSERT:": "",
          "CHANGE_old:": "        log.info(\"Started standby on port {} with {}s sync frequency\", port, interval);",
          "CHANGE_new:": "        log.info(\"Started standby on port {} with {}s sync frequency\", config.port(), config.interval());",
          "instance_detail": [
            {
              "pattern_action": "DEL",
              "pattern_entity": {
                "entity_type": "*",
                "entity_new value": "*",
                "entity_role": "Statement",
                "entity_parent": "null"
              },
              "concrete_change": {
                "operator": "DEL",
                "src_type": "LocalVariable",
                "dst_type": "null",
                "src": "java.lang.String host \u003d config.primary_host()",
                "dst": "null",
                "src_parent_type": "Block",
                "dst_parent_type": "null",
                "src_parent": "{\n    int port \u003d config.port();\n    long interval \u003d config.interval();\n    java.lang.String host \u003d config.primary_host();\n    boolean secure \u003d config.secure();\n    int readTimeout \u003d config.standby_readtimeout();\n    boolean clean \u003d config.standby_autoclean();\n    org.apache.jackrabbit.oak.segment.standby.client.StandbyClientSync standbyClientSync \u003d new org.apache.jackrabbit.oak.segment.standby.client.StandbyClientSync(host, port, fileStore, secure, readTimeout, clean, new java.io.File(com.google.common.base.StandardSystemProperty.JAVA_IO_TMPDIR.value()));\n    closer.register(standbyClientSync);\n    java.util.Dictionary\u003cjava.lang.Object, java.lang.Object\u003e dictionary \u003d new java.util.Hashtable\u003cjava.lang.Object, java.lang.Object\u003e();\n    dictionary.put(\"scheduler.period\", interval);\n    dictionary.put(\"scheduler.concurrent\", false);\n    org.osgi.framework.ServiceRegistration registration \u003d context.getBundleContext().registerService(java.lang.Runnable.class.getName(), standbyClientSync, dictionary);\n    closer.register(registration::unregister);\n    org.apache.jackrabbit.oak.segment.standby.store.StandbyStoreService.log.info(\"Started standby on port {} with {}s sync frequency\", port, interval);\n}",
                "dst_parent": "null"
              },
              "line": 179,
              "file": "/home/khesoem/projects/lighter/exp/oak-segment-tar/src/main/java/org/apache/jackrabbit/oak/segment/standby/store/StandbyStoreService.java"
            }
          ]
        },
        {
          "tool-name": "JKali",
          "pattern-name": "JKali:del",
          "Unified_Diff_of-files:": "Starts Below...",
          "INSERT:": "",
          "CHANGE_old:": "        log.info(\"Started standby on port {} with {}s sync frequency\", port, interval);",
          "CHANGE_new:": "        log.info(\"Started standby on port {} with {}s sync frequency\", config.port(), config.interval());",
          "instance_detail": [
            {
              "pattern_action": "DEL",
              "pattern_entity": {
                "entity_type": "*",
                "entity_new value": "*",
                "entity_role": "Statement",
                "entity_parent": "null"
              },
              "concrete_change": {
                "operator": "DEL",
                "src_type": "LocalVariable",
                "dst_type": "null",
                "src": "boolean secure \u003d config.secure()",
                "dst": "null",
                "src_parent_type": "Block",
                "dst_parent_type": "null",
                "src_parent": "{\n    int port \u003d config.port();\n    long interval \u003d config.interval();\n    java.lang.String host \u003d config.primary_host();\n    boolean secure \u003d config.secure();\n    int readTimeout \u003d config.standby_readtimeout();\n    boolean clean \u003d config.standby_autoclean();\n    org.apache.jackrabbit.oak.segment.standby.client.StandbyClientSync standbyClientSync \u003d new org.apache.jackrabbit.oak.segment.standby.client.StandbyClientSync(host, port, fileStore, secure, readTimeout, clean, new java.io.File(com.google.common.base.StandardSystemProperty.JAVA_IO_TMPDIR.value()));\n    closer.register(standbyClientSync);\n    java.util.Dictionary\u003cjava.lang.Object, java.lang.Object\u003e dictionary \u003d new java.util.Hashtable\u003cjava.lang.Object, java.lang.Object\u003e();\n    dictionary.put(\"scheduler.period\", interval);\n    dictionary.put(\"scheduler.concurrent\", false);\n    org.osgi.framework.ServiceRegistration registration \u003d context.getBundleContext().registerService(java.lang.Runnable.class.getName(), standbyClientSync, dictionary);\n    closer.register(registration::unregister);\n    org.apache.jackrabbit.oak.segment.standby.store.StandbyStoreService.log.info(\"Started standby on port {} with {}s sync frequency\", port, interval);\n}",
                "dst_parent": "null"
              },
              "line": 180,
              "file": "/home/khesoem/projects/lighter/exp/oak-segment-tar/src/main/java/org/apache/jackrabbit/oak/segment/standby/store/StandbyStoreService.java"
            }
          ]
        },
        {
          "tool-name": "JKali",
          "pattern-name": "JKali:del",
          "Unified_Diff_of-files:": "Starts Below...",
          "INSERT:": "",
          "CHANGE_old:": "        log.info(\"Started standby on port {} with {}s sync frequency\", port, interval);",
          "CHANGE_new:": "        log.info(\"Started standby on port {} with {}s sync frequency\", config.port(), config.interval());",
          "instance_detail": [
            {
              "pattern_action": "DEL",
              "pattern_entity": {
                "entity_type": "*",
                "entity_new value": "*",
                "entity_role": "Statement",
                "entity_parent": "null"
              },
              "concrete_change": {
                "operator": "DEL",
                "src_type": "LocalVariable",
                "dst_type": "null",
                "src": "int readTimeout \u003d config.standby_readtimeout()",
                "dst": "null",
                "src_parent_type": "Block",
                "dst_parent_type": "null",
                "src_parent": "{\n    int port \u003d config.port();\n    long interval \u003d config.interval();\n    java.lang.String host \u003d config.primary_host();\n    boolean secure \u003d config.secure();\n    int readTimeout \u003d config.standby_readtimeout();\n    boolean clean \u003d config.standby_autoclean();\n    org.apache.jackrabbit.oak.segment.standby.client.StandbyClientSync standbyClientSync \u003d new org.apache.jackrabbit.oak.segment.standby.client.StandbyClientSync(host, port, fileStore, secure, readTimeout, clean, new java.io.File(com.google.common.base.StandardSystemProperty.JAVA_IO_TMPDIR.value()));\n    closer.register(standbyClientSync);\n    java.util.Dictionary\u003cjava.lang.Object, java.lang.Object\u003e dictionary \u003d new java.util.Hashtable\u003cjava.lang.Object, java.lang.Object\u003e();\n    dictionary.put(\"scheduler.period\", interval);\n    dictionary.put(\"scheduler.concurrent\", false);\n    org.osgi.framework.ServiceRegistration registration \u003d context.getBundleContext().registerService(java.lang.Runnable.class.getName(), standbyClientSync, dictionary);\n    closer.register(registration::unregister);\n    org.apache.jackrabbit.oak.segment.standby.store.StandbyStoreService.log.info(\"Started standby on port {} with {}s sync frequency\", port, interval);\n}",
                "dst_parent": "null"
              },
              "line": 181,
              "file": "/home/khesoem/projects/lighter/exp/oak-segment-tar/src/main/java/org/apache/jackrabbit/oak/segment/standby/store/StandbyStoreService.java"
            }
          ]
        },
        {
          "tool-name": "JKali",
          "pattern-name": "JKali:del",
          "Unified_Diff_of-files:": "Starts Below...",
          "INSERT:": "",
          "CHANGE_old:": "        log.info(\"Started standby on port {} with {}s sync frequency\", port, interval);",
          "CHANGE_new:": "        log.info(\"Started standby on port {} with {}s sync frequency\", config.port(), config.interval());",
          "instance_detail": [
            {
              "pattern_action": "DEL",
              "pattern_entity": {
                "entity_type": "*",
                "entity_new value": "*",
                "entity_role": "Statement",
                "entity_parent": "null"
              },
              "concrete_change": {
                "operator": "DEL",
                "src_type": "LocalVariable",
                "dst_type": "null",
                "src": "boolean clean \u003d config.standby_autoclean()",
                "dst": "null",
                "src_parent_type": "Block",
                "dst_parent_type": "null",
                "src_parent": "{\n    int port \u003d config.port();\n    long interval \u003d config.interval();\n    java.lang.String host \u003d config.primary_host();\n    boolean secure \u003d config.secure();\n    int readTimeout \u003d config.standby_readtimeout();\n    boolean clean \u003d config.standby_autoclean();\n    org.apache.jackrabbit.oak.segment.standby.client.StandbyClientSync standbyClientSync \u003d new org.apache.jackrabbit.oak.segment.standby.client.StandbyClientSync(host, port, fileStore, secure, readTimeout, clean, new java.io.File(com.google.common.base.StandardSystemProperty.JAVA_IO_TMPDIR.value()));\n    closer.register(standbyClientSync);\n    java.util.Dictionary\u003cjava.lang.Object, java.lang.Object\u003e dictionary \u003d new java.util.Hashtable\u003cjava.lang.Object, java.lang.Object\u003e();\n    dictionary.put(\"scheduler.period\", interval);\n    dictionary.put(\"scheduler.concurrent\", false);\n    org.osgi.framework.ServiceRegistration registration \u003d context.getBundleContext().registerService(java.lang.Runnable.class.getName(), standbyClientSync, dictionary);\n    closer.register(registration::unregister);\n    org.apache.jackrabbit.oak.segment.standby.store.StandbyStoreService.log.info(\"Started standby on port {} with {}s sync frequency\", port, interval);\n}",
                "dst_parent": "null"
              },
              "line": 182,
              "file": "/home/khesoem/projects/lighter/exp/oak-segment-tar/src/main/java/org/apache/jackrabbit/oak/segment/standby/store/StandbyStoreService.java"
            }
          ]
        },
        {
          "tool-name": "JKali",
          "pattern-name": "JKali:del",
          "Unified_Diff_of-files:": "Starts Below...",
          "INSERT:": "",
          "CHANGE_old:": "        log.info(\"Started standby on port {} with {}s sync frequency\", port, interval);",
          "CHANGE_new:": "        log.info(\"Started standby on port {} with {}s sync frequency\", config.port(), config.interval());",
          "instance_detail": [
            {
              "pattern_action": "DEL",
              "pattern_entity": {
                "entity_type": "*",
                "entity_new value": "*",
                "entity_role": "Statement",
                "entity_parent": "null"
              },
              "concrete_change": {
                "operator": "DEL",
                "src_type": "LocalVariable",
                "dst_type": "null",
                "src": "org.apache.jackrabbit.oak.segment.standby.client.StandbyClientSync standbyClientSync \u003d new org.apache.jackrabbit.oak.segment.standby.client.StandbyClientSync(host, port, fileStore, secure, readTimeout, clean, new java.io.File(com.google.common.base.StandardSystemProperty.JAVA_IO_TMPDIR.value()))",
                "dst": "null",
                "src_parent_type": "Block",
                "dst_parent_type": "null",
                "src_parent": "{\n    int port \u003d config.port();\n    long interval \u003d config.interval();\n    java.lang.String host \u003d config.primary_host();\n    boolean secure \u003d config.secure();\n    int readTimeout \u003d config.standby_readtimeout();\n    boolean clean \u003d config.standby_autoclean();\n    org.apache.jackrabbit.oak.segment.standby.client.StandbyClientSync standbyClientSync \u003d new org.apache.jackrabbit.oak.segment.standby.client.StandbyClientSync(host, port, fileStore, secure, readTimeout, clean, new java.io.File(com.google.common.base.StandardSystemProperty.JAVA_IO_TMPDIR.value()));\n    closer.register(standbyClientSync);\n    java.util.Dictionary\u003cjava.lang.Object, java.lang.Object\u003e dictionary \u003d new java.util.Hashtable\u003cjava.lang.Object, java.lang.Object\u003e();\n    dictionary.put(\"scheduler.period\", interval);\n    dictionary.put(\"scheduler.concurrent\", false);\n    org.osgi.framework.ServiceRegistration registration \u003d context.getBundleContext().registerService(java.lang.Runnable.class.getName(), standbyClientSync, dictionary);\n    closer.register(registration::unregister);\n    org.apache.jackrabbit.oak.segment.standby.store.StandbyStoreService.log.info(\"Started standby on port {} with {}s sync frequency\", port, interval);\n}",
                "dst_parent": "null"
              },
              "line": 184,
              "file": "/home/khesoem/projects/lighter/exp/oak-segment-tar/src/main/java/org/apache/jackrabbit/oak/segment/standby/store/StandbyStoreService.java"
            }
          ]
        }
      ]
    }
  ],
  "complete_analysis": true
}