{
  "instances": [
    {
      "revision": "91a2b5aa48432ea5349499e8287ea05bcb02fada",
      "repairability": [
        {
          "tool-name": "JKali",
          "pattern-name": "JKali:del",
          "Unified_Diff_of-files:": "Starts Below...",
          "INSERT:": "}",
          "instance_detail": [
            {
              "pattern_action": "DEL",
              "pattern_entity": {
                "entity_type": "*",
                "entity_new value": "*",
                "entity_role": "Statement",
                "entity_parent": "null"
              },
              "concrete_change": {
                "operator": "DEL",
                "src_type": "LocalVariable",
                "dst_type": "null",
                "src": "java.lang.String val",
                "dst": "null",
                "src_parent_type": "Block",
                "dst_parent_type": "null",
                "src_parent": "{\n    java.lang.String val;\n    java.lang.StringBuilder sb \u003d new java.lang.StringBuilder();\n    sb.append(\"%;\");\n    sb.append(idpName.replace(\"%\", \"\\\\%\").replace(\"_\", \"\\\\_\"));\n    val \u003d sb.toString();\n    return java.util.Collections.singletonMap(org.apache.jackrabbit.oak.spi.security.authentication.external.impl.principal.AutoMembershipProvider.BINDING_AUTHORIZABLE_IDS, org.apache.jackrabbit.oak.plugins.memory.PropertyValues.newString(val));\n}",
                "dst_parent": "null"
              },
              "line": 188,
              "file": "/home/khesoem/projects/lighter/exp/oak-auth-external/src/main/java/org/apache/jackrabbit/oak/spi/security/authentication/external/impl/principal/AutoMembershipProvider.java"
            }
          ]
        },
        {
          "tool-name": "JKali",
          "pattern-name": "JKali:del",
          "Unified_Diff_of-files:": "Starts Below...",
          "INSERT:": "}",
          "instance_detail": [
            {
              "pattern_action": "DEL",
              "pattern_entity": {
                "entity_type": "*",
                "entity_new value": "*",
                "entity_role": "Statement",
                "entity_parent": "null"
              },
              "concrete_change": {
                "operator": "DEL",
                "src_type": "Assignment",
                "dst_type": "null",
                "src": "val \u003d sb.toString()",
                "dst": "null",
                "src_parent_type": "Block",
                "dst_parent_type": "null",
                "src_parent": "{\n    java.lang.String val;\n    java.lang.StringBuilder sb \u003d new java.lang.StringBuilder();\n    sb.append(\"%;\");\n    sb.append(idpName.replace(\"%\", \"\\\\%\").replace(\"_\", \"\\\\_\"));\n    val \u003d sb.toString();\n    return java.util.Collections.singletonMap(org.apache.jackrabbit.oak.spi.security.authentication.external.impl.principal.AutoMembershipProvider.BINDING_AUTHORIZABLE_IDS, org.apache.jackrabbit.oak.plugins.memory.PropertyValues.newString(val));\n}",
                "dst_parent": "null"
              },
              "line": 193,
              "file": "/home/khesoem/projects/lighter/exp/oak-auth-external/src/main/java/org/apache/jackrabbit/oak/spi/security/authentication/external/impl/principal/AutoMembershipProvider.java"
            }
          ]
        },
        {
          "tool-name": "JKali",
          "pattern-name": "JKali:del",
          "Unified_Diff_of-files:": "Starts Below...",
          "INSERT:": "}",
          "instance_detail": [
            {
              "pattern_action": "DEL",
              "pattern_entity": {
                "entity_type": "*",
                "entity_new value": "*",
                "entity_role": "Statement",
                "entity_parent": "null"
              },
              "concrete_change": {
                "operator": "DEL",
                "src_type": "LocalVariable",
                "dst_type": "null",
                "src": "java.util.Collection\u003cjava.security.Principal\u003e groupPrincipals \u003d autoMembershipPrincipals.getPrincipals(idpName)",
                "dst": "null",
                "src_parent_type": "Block",
                "dst_parent_type": "null",
                "src_parent": "{\n    java.lang.String idpName \u003d org.apache.jackrabbit.oak.spi.security.authentication.external.impl.principal.AutoMembershipProvider.getIdpName(authorizable);\n    if ((idpName \u003d\u003d null) || (authorizable.isGroup())) {\n        return false;\n    }\n    java.util.Collection\u003cjava.security.Principal\u003e groupPrincipals \u003d autoMembershipPrincipals.getPrincipals(idpName);\n    return groupPrincipals.contains(group.getPrincipal());\n}",
                "dst_parent": "null"
              },
              "line": 137,
              "file": "/home/khesoem/projects/lighter/exp/oak-auth-external/src/main/java/org/apache/jackrabbit/oak/spi/security/authentication/external/impl/principal/AutoMembershipProvider.java",
              "stats": {
                "number_of_src_entities": 31,
                "number_of_dst_entities": -1,
                "src_entity_types": "[java.util.Collection\u003cjava.security.Principal\u003e, org.apache.jackrabbit.oak.spi.security.authentication.external.impl.principal.AutoMembershipProvider, java.lang.String, org.apache.jackrabbit.oak.spi.security.authentication.external.impl.principal.AutoMembershipPrincipals, java.security.Principal]",
                "dst_entity_types": "[]"
              }
            }
          ]
        },
        {
          "tool-name": "JKali",
          "pattern-name": "JKali:del",
          "Unified_Diff_of-files:": "Starts Below...",
          "INSERT:": "}",
          "instance_detail": [
            {
              "pattern_action": "DEL",
              "pattern_entity": {
                "entity_type": "*",
                "entity_new value": "*",
                "entity_role": "Statement",
                "entity_parent": "null"
              },
              "concrete_change": {
                "operator": "DEL",
                "src_type": "LocalVariable",
                "dst_type": "null",
                "src": "java.util.List\u003cjava.util.Iterator\u003corg.apache.jackrabbit.api.security.user.Authorizable\u003e\u003e results \u003d new java.util.ArrayList\u003c\u003e(idpNames.size())",
                "dst": "null",
                "src_parent_type": "Block",
                "dst_parent_type": "null",
                "src_parent": "{\n    java.security.Principal p \u003d org.apache.jackrabbit.oak.spi.security.authentication.external.impl.principal.AutoMembershipProvider.getPrincipalOrNull(group);\n    if (p \u003d\u003d null) {\n        return org.apache.jackrabbit.commons.iterator.RangeIteratorAdapter.EMPTY;\n    }\n    java.util.Set\u003cjava.lang.String\u003e idpNames \u003d autoMembershipPrincipals.getConfiguredIdpNames(p);\n    if (idpNames.isEmpty()) {\n        return org.apache.jackrabbit.commons.iterator.RangeIteratorAdapter.EMPTY;\n    }\n    java.util.List\u003cjava.util.Iterator\u003corg.apache.jackrabbit.api.security.user.Authorizable\u003e\u003e results \u003d new java.util.ArrayList\u003c\u003e(idpNames.size());\n    for (java.lang.String idpName : idpNames) {\n        java.util.Map\u003cjava.lang.String, ? extends org.apache.jackrabbit.oak.api.PropertyValue\u003e bindings \u003d org.apache.jackrabbit.oak.spi.security.authentication.external.impl.principal.AutoMembershipProvider.buildBinding(idpName);\n        java.lang.String statement \u003d ((((((((((\"SELECT \u0027\" + (REP_AUTHORIZABLE_ID)) + \"\u0027 FROM [\") + (NT_REP_USER)) + \"] WHERE PROPERTY([\") + (org.apache.jackrabbit.oak.spi.security.authentication.external.impl.ExternalIdentityConstants.REP_EXTERNAL_ID)) + \"], \u0027\") + (javax.jcr.PropertyType.TYPENAME_STRING)) + \"\u0027)\") + \" LIKE $\") + (org.apache.jackrabbit.oak.spi.security.authentication.external.impl.principal.AutoMembershipProvider.BINDING_AUTHORIZABLE_IDS)) + (org.apache.jackrabbit.oak.api.QueryEngine.INTERNAL_SQL2_QUERY);\n        try {\n            org.apache.jackrabbit.oak.api.Result qResult \u003d root.getQueryEngine().executeQuery(statement, Query.JCR_SQL2, bindings, namePathMapper.getSessionLocalMappings());\n            java.util.Iterator\u003corg.apache.jackrabbit.api.security.user.Authorizable\u003e it \u003d java.util.stream.StreamSupport.stream(qResult.getRows().spliterator(), false).map(((java.util.function.Function\u003corg.apache.jackrabbit.oak.api.ResultRow, org.apache.jackrabbit.api.security.user.Authorizable\u003e) (( resultRow) -\u003e {\n                try {\n                    return userManager.getAuthorizableByPath(namePathMapper.getJcrPath(resultRow.getPath()));\n                } catch (javax.jcr.RepositoryException e) {\n                    return null;\n                }\n            }))).filter(java.util.Objects::nonNull).iterator();\n            results.add(it);\n        } catch (java.text.ParseException e) {\n            throw new javax.jcr.RepositoryException((\"Failed to retrieve members of auto-membership group \" + group));\n        }\n    }\n    return com.google.common.collect.Iterators.concat(results.toArray(new java.util.Iterator[0]));\n}",
                "dst_parent": "null"
              },
              "line": 103,
              "file": "/home/khesoem/projects/lighter/exp/oak-auth-external/src/main/java/org/apache/jackrabbit/oak/spi/security/authentication/external/impl/principal/AutoMembershipProvider.java"
            }
          ]
        },
        {
          "tool-name": "JKali",
          "pattern-name": "JKali:del",
          "Unified_Diff_of-files:": "Starts Below...",
          "INSERT:": "}",
          "instance_detail": [
            {
              "pattern_action": "DEL",
              "pattern_entity": {
                "entity_type": "*",
                "entity_new value": "*",
                "entity_role": "Statement",
                "entity_parent": "null"
              },
              "concrete_change": {
                "operator": "DEL",
                "src_type": "Return",
                "dst_type": "null",
                "src": "return com.google.common.collect.Iterators.concat(results.toArray(new java.util.Iterator[0]))",
                "dst": "null",
                "src_parent_type": "Block",
                "dst_parent_type": "null",
                "src_parent": "{\n    java.security.Principal p \u003d org.apache.jackrabbit.oak.spi.security.authentication.external.impl.principal.AutoMembershipProvider.getPrincipalOrNull(group);\n    if (p \u003d\u003d null) {\n        return org.apache.jackrabbit.commons.iterator.RangeIteratorAdapter.EMPTY;\n    }\n    java.util.Set\u003cjava.lang.String\u003e idpNames \u003d autoMembershipPrincipals.getConfiguredIdpNames(p);\n    if (idpNames.isEmpty()) {\n        return org.apache.jackrabbit.commons.iterator.RangeIteratorAdapter.EMPTY;\n    }\n    java.util.List\u003cjava.util.Iterator\u003corg.apache.jackrabbit.api.security.user.Authorizable\u003e\u003e results \u003d new java.util.ArrayList\u003c\u003e(idpNames.size());\n    for (java.lang.String idpName : idpNames) {\n        java.util.Map\u003cjava.lang.String, ? extends org.apache.jackrabbit.oak.api.PropertyValue\u003e bindings \u003d org.apache.jackrabbit.oak.spi.security.authentication.external.impl.principal.AutoMembershipProvider.buildBinding(idpName);\n        java.lang.String statement \u003d ((((((((((\"SELECT \u0027\" + (REP_AUTHORIZABLE_ID)) + \"\u0027 FROM [\") + (NT_REP_USER)) + \"] WHERE PROPERTY([\") + (org.apache.jackrabbit.oak.spi.security.authentication.external.impl.ExternalIdentityConstants.REP_EXTERNAL_ID)) + \"], \u0027\") + (javax.jcr.PropertyType.TYPENAME_STRING)) + \"\u0027)\") + \" LIKE $\") + (org.apache.jackrabbit.oak.spi.security.authentication.external.impl.principal.AutoMembershipProvider.BINDING_AUTHORIZABLE_IDS)) + (org.apache.jackrabbit.oak.api.QueryEngine.INTERNAL_SQL2_QUERY);\n        try {\n            org.apache.jackrabbit.oak.api.Result qResult \u003d root.getQueryEngine().executeQuery(statement, Query.JCR_SQL2, bindings, namePathMapper.getSessionLocalMappings());\n            java.util.Iterator\u003corg.apache.jackrabbit.api.security.user.Authorizable\u003e it \u003d java.util.stream.StreamSupport.stream(qResult.getRows().spliterator(), false).map(((java.util.function.Function\u003corg.apache.jackrabbit.oak.api.ResultRow, org.apache.jackrabbit.api.security.user.Authorizable\u003e) (( resultRow) -\u003e {\n                try {\n                    return userManager.getAuthorizableByPath(namePathMapper.getJcrPath(resultRow.getPath()));\n                } catch (javax.jcr.RepositoryException e) {\n                    return null;\n                }\n            }))).filter(java.util.Objects::nonNull).iterator();\n            results.add(it);\n        } catch (java.text.ParseException e) {\n            throw new javax.jcr.RepositoryException((\"Failed to retrieve members of auto-membership group \" + group));\n        }\n    }\n    return com.google.common.collect.Iterators.concat(results.toArray(new java.util.Iterator[0]));\n}",
                "dst_parent": "null"
              },
              "line": 124,
              "file": "/home/khesoem/projects/lighter/exp/oak-auth-external/src/main/java/org/apache/jackrabbit/oak/spi/security/authentication/external/impl/principal/AutoMembershipProvider.java"
            }
          ]
        },
        {
          "tool-name": "JKali",
          "pattern-name": "JKali:add_rtrn",
          "Unified_Diff_of-files:": "Starts Below...",
          "INSERT:": "}",
          "instance_detail": [
            {
              "pattern_action": "INS",
              "pattern_entity": {
                "entity_type": "Return",
                "entity_new value": "*",
                "entity_role": "Statement",
                "entity_parent": "null"
              },
              "concrete_change": {
                "operator": "INS",
                "src_type": "Return",
                "dst_type": "null",
                "src": "return com.google.common.collect.Iterators.concat(results.iterator())",
                "dst": "null",
                "src_parent_type": "Block",
                "dst_parent_type": "null",
                "src_parent": "{\n    java.util.List\u003cjava.util.Iterator\u003corg.apache.jackrabbit.api.security.user.Authorizable\u003e\u003e results \u003d new java.util.ArrayList\u003c\u003e();\n    searchGlobalMembers(group, results);\n    results.add(autoMembershipPrincipals.getMembersFromAutoMembershipConfig(group));\n    return com.google.common.collect.Iterators.concat(results.iterator());\n}",
                "dst_parent": "null"
              },
              "line": 96,
              "file": "/home/khesoem/projects/lighter/exp/oak-auth-external/src/main/java/org/apache/jackrabbit/oak/spi/security/authentication/external/impl/principal/AutoMembershipProvider.java"
            }
          ]
        }
      ]
    },
    {
      "revision": "91a2b5aa48432ea5349499e8287ea05bcb02fada",
      "repairability": [
        {
          "tool-name": "JKali",
          "pattern-name": "JKali:add_rtrn",
          "Unified_Diff_of-files:": "Starts Below...",
          "INSERT:": "}",
          "instance_detail": [
            {
              "pattern_action": "INS",
              "pattern_entity": {
                "entity_type": "Return",
                "entity_new value": "*",
                "entity_role": "Statement",
                "entity_parent": "null"
              },
              "concrete_change": {
                "operator": "INS",
                "src_type": "Return",
                "dst_type": "null",
                "src": "return amMap",
                "dst": "null",
                "src_parent_type": "Block",
                "dst_parent_type": "null",
                "src_parent": "{\n    java.util.Map\u003cjava.lang.String, org.apache.jackrabbit.oak.spi.security.authentication.external.basic.AutoMembershipConfig\u003e amMap \u003d new java.util.HashMap\u003c\u003e();\n    for (org.osgi.framework.ServiceReference ref : enablingRefs) {\n        java.lang.String syncHandlerName \u003d org.apache.jackrabbit.oak.commons.PropertiesUtil.toString(ref.getProperty(DefaultSyncConfigImpl.PARAM_NAME), DefaultSyncConfigImpl.PARAM_NAME_DEFAULT);\n        java.lang.Object shService \u003d getService(ref);\n        if (shService instanceof org.apache.jackrabbit.oak.spi.security.authentication.external.basic.AutoMembershipAware) {\n            org.apache.jackrabbit.oak.spi.security.authentication.external.basic.AutoMembershipConfig config \u003d ((org.apache.jackrabbit.oak.spi.security.authentication.external.basic.AutoMembershipAware) (shService)).getAutoMembershipConfig();\n            for (java.lang.String idpName : mappingTracker.getIdpNames(syncHandlerName)) {\n                org.apache.jackrabbit.oak.spi.security.authentication.external.basic.AutoMembershipConfig previous \u003d amMap.put(idpName, config);\n                if (previous !\u003d null) {\n                    java.lang.String msg \u003d (previous.equals(config)) ? \"Duplicate\" : \"Colliding\";\n                    org.apache.jackrabbit.oak.spi.security.authentication.external.impl.principal.SyncConfigTracker.log.debug(\"{} auto-membership configuration for IDP \u0027{}\u0027; replacing previous values {} by {} defined by SyncHandler \u0027{}\u0027\", msg, idpName, previous, config, syncHandlerName);\n                }\n            }\n        }\n    }\n    return amMap;\n}",
                "dst_parent": "null"
              },
              "line": 133,
              "file": "/home/khesoem/projects/lighter/exp/oak-auth-external/src/main/java/org/apache/jackrabbit/oak/spi/security/authentication/external/impl/principal/SyncConfigTracker.java"
            }
          ]
        }
      ]
    },
    {
      "revision": "91a2b5aa48432ea5349499e8287ea05bcb02fada",
      "repairability": [
        {
          "tool-name": "JKali",
          "pattern-name": "JKali:del",
          "Unified_Diff_of-files:": "Starts Below...",
          "INSERT:": "}",
          "instance_detail": [
            {
              "pattern_action": "DEL",
              "pattern_entity": {
                "entity_type": "*",
                "entity_new value": "*",
                "entity_role": "Statement",
                "entity_parent": "null"
              },
              "concrete_change": {
                "operator": "DEL",
                "src_type": "LocalVariable",
                "dst_type": "null",
                "src": "java.lang.StringBuilder sb \u003d new java.lang.StringBuilder()",
                "dst": "null",
                "src_parent_type": "Block",
                "dst_parent_type": "null",
                "src_parent": "{\n    java.lang.StringBuilder sb \u003d new java.lang.StringBuilder();\n    sb.append(\u0027%\u0027);\n    sb.append(nameHint.replace(\"%\", \"\\\\%\").replace(\"_\", \"\\\\_\"));\n    sb.append(\u0027%\u0027);\n    val \u003d sb.toString();\n}",
                "dst_parent": "null"
              },
              "line": 282,
              "file": "/home/khesoem/projects/lighter/exp/oak-auth-external/src/main/java/org/apache/jackrabbit/oak/spi/security/authentication/external/impl/principal/ExternalGroupPrincipalProvider.java",
              "stats": {
                "number_of_src_entities": 9,
                "number_of_dst_entities": -1,
                "src_entity_types": "[java.lang.StringBuilder]",
                "dst_entity_types": "[]"
              }
            }
          ]
        },
        {
          "tool-name": "JKali",
          "pattern-name": "JKali:del",
          "Unified_Diff_of-files:": "Starts Below...",
          "INSERT:": "}",
          "instance_detail": [
            {
              "pattern_action": "DEL",
              "pattern_entity": {
                "entity_type": "*",
                "entity_new value": "*",
                "entity_role": "Statement",
                "entity_parent": "null"
              },
              "concrete_change": {
                "operator": "DEL",
                "src_type": "Invocation",
                "dst_type": "null",
                "src": "sb.append(\u0027%\u0027)",
                "dst": "null",
                "src_parent_type": "Block",
                "dst_parent_type": "null",
                "src_parent": "{\n    java.lang.StringBuilder sb \u003d new java.lang.StringBuilder();\n    sb.append(\u0027%\u0027);\n    sb.append(nameHint.replace(\"%\", \"\\\\%\").replace(\"_\", \"\\\\_\"));\n    sb.append(\u0027%\u0027);\n    val \u003d sb.toString();\n}",
                "dst_parent": "null"
              },
              "line": 283,
              "file": "/home/khesoem/projects/lighter/exp/oak-auth-external/src/main/java/org/apache/jackrabbit/oak/spi/security/authentication/external/impl/principal/ExternalGroupPrincipalProvider.java",
              "stats": {
                "number_of_src_entities": 13,
                "number_of_dst_entities": -1,
                "src_entity_types": "[java.lang.StringBuilder, char]",
                "dst_entity_types": "[]"
              }
            }
          ]
        },
        {
          "tool-name": "JKali",
          "pattern-name": "JKali:del",
          "Unified_Diff_of-files:": "Starts Below...",
          "INSERT:": "}",
          "instance_detail": [
            {
              "pattern_action": "DEL",
              "pattern_entity": {
                "entity_type": "*",
                "entity_new value": "*",
                "entity_role": "Statement",
                "entity_parent": "null"
              },
              "concrete_change": {
                "operator": "DEL",
                "src_type": "Invocation",
                "dst_type": "null",
                "src": "sb.append(nameHint.replace(\"%\", \"\\\\%\").replace(\"_\", \"\\\\_\"))",
                "dst": "null",
                "src_parent_type": "Block",
                "dst_parent_type": "null",
                "src_parent": "{\n    java.lang.StringBuilder sb \u003d new java.lang.StringBuilder();\n    sb.append(\u0027%\u0027);\n    sb.append(nameHint.replace(\"%\", \"\\\\%\").replace(\"_\", \"\\\\_\"));\n    sb.append(\u0027%\u0027);\n    val \u003d sb.toString();\n}",
                "dst_parent": "null"
              },
              "line": 284,
              "file": "/home/khesoem/projects/lighter/exp/oak-auth-external/src/main/java/org/apache/jackrabbit/oak/spi/security/authentication/external/impl/principal/ExternalGroupPrincipalProvider.java",
              "stats": {
                "number_of_src_entities": 48,
                "number_of_dst_entities": -1,
                "src_entity_types": "[java.lang.StringBuilder, java.lang.String]",
                "dst_entity_types": "[]"
              }
            }
          ]
        },
        {
          "tool-name": "JKali",
          "pattern-name": "JKali:del",
          "Unified_Diff_of-files:": "Starts Below...",
          "INSERT:": "}",
          "instance_detail": [
            {
              "pattern_action": "DEL",
              "pattern_entity": {
                "entity_type": "*",
                "entity_new value": "*",
                "entity_role": "Statement",
                "entity_parent": "null"
              },
              "concrete_change": {
                "operator": "DEL",
                "src_type": "Invocation",
                "dst_type": "null",
                "src": "sb.append(\u0027%\u0027)",
                "dst": "null",
                "src_parent_type": "Block",
                "dst_parent_type": "null",
                "src_parent": "{\n    java.lang.StringBuilder sb \u003d new java.lang.StringBuilder();\n    sb.append(\u0027%\u0027);\n    sb.append(nameHint.replace(\"%\", \"\\\\%\").replace(\"_\", \"\\\\_\"));\n    sb.append(\u0027%\u0027);\n    val \u003d sb.toString();\n}",
                "dst_parent": "null"
              },
              "line": 285,
              "file": "/home/khesoem/projects/lighter/exp/oak-auth-external/src/main/java/org/apache/jackrabbit/oak/spi/security/authentication/external/impl/principal/ExternalGroupPrincipalProvider.java",
              "stats": {
                "number_of_src_entities": 13,
                "number_of_dst_entities": -1,
                "src_entity_types": "[java.lang.StringBuilder, char]",
                "dst_entity_types": "[]"
              }
            }
          ]
        },
        {
          "tool-name": "JKali",
          "pattern-name": "JKali:del",
          "Unified_Diff_of-files:": "Starts Below...",
          "INSERT:": "}",
          "instance_detail": [
            {
              "pattern_action": "DEL",
              "pattern_entity": {
                "entity_type": "*",
                "entity_new value": "*",
                "entity_role": "Statement",
                "entity_parent": "null"
              },
              "concrete_change": {
                "operator": "DEL",
                "src_type": "Assignment",
                "dst_type": "null",
                "src": "val \u003d sb.toString()",
                "dst": "null",
                "src_parent_type": "Block",
                "dst_parent_type": "null",
                "src_parent": "{\n    java.lang.StringBuilder sb \u003d new java.lang.StringBuilder();\n    sb.append(\u0027%\u0027);\n    sb.append(nameHint.replace(\"%\", \"\\\\%\").replace(\"_\", \"\\\\_\"));\n    sb.append(\u0027%\u0027);\n    val \u003d sb.toString();\n}",
                "dst_parent": "null"
              },
              "line": 286,
              "file": "/home/khesoem/projects/lighter/exp/oak-auth-external/src/main/java/org/apache/jackrabbit/oak/spi/security/authentication/external/impl/principal/ExternalGroupPrincipalProvider.java",
              "stats": {
                "number_of_src_entities": 17,
                "number_of_dst_entities": -1,
                "src_entity_types": "[java.lang.StringBuilder, java.lang.String]",
                "dst_entity_types": "[]"
              }
            }
          ]
        }
      ]
    },
    {
      "revision": "91a2b5aa48432ea5349499e8287ea05bcb02fada",
      "repairability": [
        {
          "tool-name": "JKali",
          "pattern-name": "JKali:add_rtrn",
          "Unified_Diff_of-files:": "Starts Below...",
          "INSERT:": "}",
          "instance_detail": [
            {
              "pattern_action": "INS",
              "pattern_entity": {
                "entity_type": "Return",
                "entity_new value": "*",
                "entity_role": "Statement",
                "entity_parent": "null"
              },
              "concrete_change": {
                "operator": "INS",
                "src_type": "Return",
                "dst_type": "null",
                "src": "return ((autoMembershipTracker) \u003d\u003d null) || (autoMembershipTracker.isEmpty()) ? org.apache.jackrabbit.oak.spi.security.authentication.external.basic.AutoMembershipConfig.EMPTY : autoMembershipTracker",
                "dst": "null",
                "src_parent_type": "Block",
                "dst_parent_type": "null",
                "src_parent": "{\n    return ((autoMembershipTracker) \u003d\u003d null) || (autoMembershipTracker.isEmpty()) ? org.apache.jackrabbit.oak.spi.security.authentication.external.basic.AutoMembershipConfig.EMPTY : autoMembershipTracker;\n}",
                "dst_parent": "null"
              },
              "line": 191,
              "file": "/home/khesoem/projects/lighter/exp/oak-auth-external/src/main/java/org/apache/jackrabbit/oak/spi/security/authentication/external/impl/DefaultSyncHandler.java"
            }
          ]
        },
        {
          "tool-name": "JKali",
          "pattern-name": "JKali:add_rtrn",
          "Unified_Diff_of-files:": "Starts Below...",
          "INSERT:": "}",
          "instance_detail": [
            {
              "pattern_action": "INS",
              "pattern_entity": {
                "entity_type": "Return",
                "entity_new value": "*",
                "entity_role": "Statement",
                "entity_parent": "null"
              },
              "concrete_change": {
                "operator": "INS",
                "src_type": "Return",
                "dst_type": "null",
                "src": "return getServices().isEmpty()",
                "dst": "null",
                "src_parent_type": "Block",
                "dst_parent_type": "null",
                "src_parent": "{\n    return getServices().isEmpty();\n}",
                "dst_parent": "null"
              },
              "line": 205,
              "file": "/home/khesoem/projects/lighter/exp/oak-auth-external/src/main/java/org/apache/jackrabbit/oak/spi/security/authentication/external/impl/DefaultSyncHandler.java"
            }
          ]
        },
        {
          "tool-name": "JKali",
          "pattern-name": "JKali:add_rtrn",
          "Unified_Diff_of-files:": "Starts Below...",
          "INSERT:": "}",
          "instance_detail": [
            {
              "pattern_action": "INS",
              "pattern_entity": {
                "entity_type": "Return",
                "entity_new value": "*",
                "entity_role": "Statement",
                "entity_parent": "null"
              },
              "concrete_change": {
                "operator": "INS",
                "src_type": "Return",
                "dst_type": "null",
                "src": "return this.getName()",
                "dst": "null",
                "src_parent_type": "Block",
                "dst_parent_type": "null",
                "src_parent": "{\n    return this.getName();\n}",
                "dst_parent": "null"
              },
              "line": 210,
              "file": "/home/khesoem/projects/lighter/exp/oak-auth-external/src/main/java/org/apache/jackrabbit/oak/spi/security/authentication/external/impl/DefaultSyncHandler.java"
            }
          ]
        },
        {
          "tool-name": "JKali",
          "pattern-name": "JKali:add_rtrn",
          "Unified_Diff_of-files:": "Starts Below...",
          "INSERT:": "}",
          "instance_detail": [
            {
              "pattern_action": "INS",
              "pattern_entity": {
                "entity_type": "Return",
                "entity_new value": "*",
                "entity_role": "Statement",
                "entity_parent": "null"
              },
              "concrete_change": {
                "operator": "INS",
                "src_type": "Return",
                "dst_type": "null",
                "src": "return groupIds",
                "dst": "null",
                "src_parent_type": "Block",
                "dst_parent_type": "null",
                "src_parent": "{\n    java.util.Set\u003cjava.lang.String\u003e groupIds \u003d new java.util.HashSet\u003c\u003e();\n    getServices().forEach(( autoMembershipConfig) -\u003e groupIds.addAll(autoMembershipConfig.getAutoMembership(authorizable)));\n    return groupIds;\n}",
                "dst_parent": "null"
              },
              "line": 217,
              "file": "/home/khesoem/projects/lighter/exp/oak-auth-external/src/main/java/org/apache/jackrabbit/oak/spi/security/authentication/external/impl/DefaultSyncHandler.java"
            }
          ]
        },
        {
          "tool-name": "JKali",
          "pattern-name": "JKali:add_rtrn",
          "Unified_Diff_of-files:": "Starts Below...",
          "INSERT:": "}",
          "instance_detail": [
            {
              "pattern_action": "INS",
              "pattern_entity": {
                "entity_type": "Return",
                "entity_new value": "*",
                "entity_role": "Statement",
                "entity_parent": "null"
              },
              "concrete_change": {
                "operator": "INS",
                "src_type": "Return",
                "dst_type": "null",
                "src": "return com.google.common.collect.Iterators.concat(getServices().stream().map(( autoMembershipConfig) -\u003e autoMembershipConfig.getAutoMembers(userManager, group)).iterator())",
                "dst": "null",
                "src_parent_type": "Block",
                "dst_parent_type": "null",
                "src_parent": "{\n    return com.google.common.collect.Iterators.concat(getServices().stream().map(( autoMembershipConfig) -\u003e autoMembershipConfig.getAutoMembers(userManager, group)).iterator());\n}",
                "dst_parent": "null"
              },
              "line": 222,
              "file": "/home/khesoem/projects/lighter/exp/oak-auth-external/src/main/java/org/apache/jackrabbit/oak/spi/security/authentication/external/impl/DefaultSyncHandler.java"
            }
          ]
        }
      ]
    },
    {
      "revision": "91a2b5aa48432ea5349499e8287ea05bcb02fada",
      "repairability": [
        {
          "tool-name": "JKali",
          "pattern-name": "JKali:add_rtrn",
          "Unified_Diff_of-files:": "Starts Below...",
          "INSERT:": "}",
          "instance_detail": [
            {
              "pattern_action": "INS",
              "pattern_entity": {
                "entity_type": "Return",
                "entity_new value": "*",
                "entity_role": "Statement",
                "entity_parent": "null"
              },
              "concrete_change": {
                "operator": "INS",
                "src_type": "Return",
                "dst_type": "null",
                "src": "return autoMembershipConfig",
                "dst": "null",
                "src_parent_type": "Block",
                "dst_parent_type": "null",
                "src_parent": "{\n    return autoMembershipConfig;\n}",
                "dst_parent": "null"
              },
              "line": 181,
              "file": "/home/khesoem/projects/lighter/exp/oak-auth-external/src/main/java/org/apache/jackrabbit/oak/spi/security/authentication/external/basic/DefaultSyncConfig.java"
            }
          ]
        },
        {
          "tool-name": "JKali",
          "pattern-name": "JKali:add_rtrn",
          "Unified_Diff_of-files:": "Starts Below...",
          "INSERT:": "}",
          "instance_detail": [
            {
              "pattern_action": "INS",
              "pattern_entity": {
                "entity_type": "Return",
                "entity_new value": "*",
                "entity_role": "Statement",
                "entity_parent": "null"
              },
              "concrete_change": {
                "operator": "INS",
                "src_type": "Return",
                "dst_type": "null",
                "src": "return this",
                "dst": "null",
                "src_parent_type": "Block",
                "dst_parent_type": "null",
                "src_parent": "{\n    this.autoMembershipConfig \u003d autoMembershipConfig;\n    return this;\n}",
                "dst_parent": "null"
              },
              "line": 194,
              "file": "/home/khesoem/projects/lighter/exp/oak-auth-external/src/main/java/org/apache/jackrabbit/oak/spi/security/authentication/external/basic/DefaultSyncConfig.java"
            }
          ]
        },
        {
          "tool-name": "JKali",
          "pattern-name": "JKali:add_rtrn",
          "Unified_Diff_of-files:": "Starts Below...",
          "INSERT:": "}",
          "instance_detail": [
            {
              "pattern_action": "INS",
              "pattern_entity": {
                "entity_type": "Return",
                "entity_new value": "*",
                "entity_role": "Statement",
                "entity_parent": "null"
              },
              "concrete_change": {
                "operator": "INS",
                "src_type": "Return",
                "dst_type": "null",
                "src": "return com.google.common.collect.ImmutableSet.\u003cjava.lang.String\u003ebuilder().addAll(autoMembershipConfig.getAutoMembership(authorizable)).addAll(getAutoMembership()).build()",
                "dst": "null",
                "src_parent_type": "Block",
                "dst_parent_type": "null",
                "src_parent": "{\n    return com.google.common.collect.ImmutableSet.\u003cjava.lang.String\u003ebuilder().addAll(autoMembershipConfig.getAutoMembership(authorizable)).addAll(getAutoMembership()).build();\n}",
                "dst_parent": "null"
              },
              "line": 206,
              "file": "/home/khesoem/projects/lighter/exp/oak-auth-external/src/main/java/org/apache/jackrabbit/oak/spi/security/authentication/external/basic/DefaultSyncConfig.java"
            }
          ]
        }
      ]
    }
  ],
  "complete_analysis": true
}