{
  "instances": [
    {
      "revision": "68412118cf8df493bb0e54beb223120663e5ce22",
      "repairability": [
        {
          "tool-name": "Arja",
          "pattern-name": "Arja:arja_shallow_change",
          "Unified_Diff_of-files:": "Starts Below...",
          "INSERT:": "      this.limiterMetrics \u003d throttledStorage.limiterMetrics;",
          "CHANGE_old:": "",
          "CHANGE_new:": "",
          "instance_detail": [
            {
              "pattern_action": "ANY",
              "pattern_entity": {
                "entity_type": "Statement",
                "entity_new value": "*",
                "entity_role": "*",
                "entity_parent": "null"
              },
              "concrete_change": {
                "operator": "DEL",
                "src_type": "Invocation",
                "dst_type": "null",
                "src": "(cause.getMessage())",
                "dst": "null",
                "src_parent_type": "BinaryOperator",
                "dst_parent_type": "null",
                "src_parent": "(cause.getMessage()) !\u003d null",
                "dst_parent": "null"
              },
              "line": 239,
              "file": "/home/khesoem/projects/lighter/exp/zipkin-server/src/main/java/zipkin2/server/internal/ZipkinHttpCollector.java"
            }
          ]
        },
        {
          "tool-name": "Arja",
          "pattern-name": "Arja:arja_shallow_change",
          "Unified_Diff_of-files:": "Starts Below...",
          "INSERT:": "      this.limiterMetrics \u003d throttledStorage.limiterMetrics;",
          "CHANGE_old:": "",
          "CHANGE_new:": "",
          "instance_detail": [
            {
              "pattern_action": "ANY",
              "pattern_entity": {
                "entity_type": "Statement",
                "entity_new value": "*",
                "entity_role": "*",
                "entity_parent": "null"
              },
              "concrete_change": {
                "operator": "DEL",
                "src_type": "LocalVariable",
                "dst_type": "null",
                "src": "java.lang.String message \u003d ((cause.getMessage()) !\u003d null) ? cause.getMessage() : \"\"",
                "dst": "null",
                "src_parent_type": "Block",
                "dst_parent_type": "null",
                "src_parent": "{\n    zipkin2.server.internal.ZipkinHttpCollector.metrics.incrementMessagesDropped();\n    java.lang.String message \u003d ((cause.getMessage()) !\u003d null) ? cause.getMessage() : \"\";\n    if (cause instanceof java.lang.IllegalArgumentException) {\n        return com.linecorp.armeria.common.HttpResponse.of(zipkin2.server.internal.BAD_REQUEST, MediaType.ANY_TEXT_TYPE, message);\n    } else {\n        zipkin2.server.internal.BodyIsExceptionMessage.LOGGER.warn(\"Unexpected error handling request.\", cause);\n        return com.linecorp.armeria.common.HttpResponse.of(zipkin2.server.internal.INTERNAL_SERVER_ERROR, MediaType.ANY_TEXT_TYPE, message);\n    }\n}",
                "dst_parent": "null"
              },
              "line": 239,
              "file": "/home/khesoem/projects/lighter/exp/zipkin-server/src/main/java/zipkin2/server/internal/ZipkinHttpCollector.java",
              "stats": {
                "number_of_src_entities": 33,
                "number_of_dst_entities": -1,
                "src_entity_types": "[boolean, java.lang.String, java.lang.Throwable, \u003cnulltype\u003e]",
                "dst_entity_types": "[]"
              }
            }
          ]
        }
      ]
    },
    {
      "revision": "68412118cf8df493bb0e54beb223120663e5ce22",
      "repairability": [
        {
          "tool-name": "Arja",
          "pattern-name": "Arja:arja_shallow_change",
          "Unified_Diff_of-files:": "Starts Below...",
          "INSERT:": "      this.limiterMetrics \u003d throttledStorage.limiterMetrics;",
          "CHANGE_old:": "",
          "CHANGE_new:": "",
          "instance_detail": [
            {
              "pattern_action": "ANY",
              "pattern_entity": {
                "entity_type": "Statement",
                "entity_new value": "*",
                "entity_role": "*",
                "entity_parent": "null"
              },
              "concrete_change": {
                "operator": "DEL",
                "src_type": "Invocation",
                "dst_type": "null",
                "src": "brave.http.HttpTracing.newBuilder(tracing).serverSampler(new brave.http.HttpSampler() {\n    @java.lang.Override\n    public \u003cReq\u003e java.lang.Boolean trySample(brave.http.HttpAdapter\u003cReq, ?\u003e adapter, Req request) {\n        java.lang.String path \u003d adapter.path(request);\n        if ((path.startsWith(\"/api\")) || (path.startsWith(\"/zipkin/api\"))) {\n            return null;\n        }\n        return false;\n    }\n}).clientSampler(HttpSampler.NEVER_SAMPLE).build()",
                "dst": "null",
                "src_parent_type": "Return",
                "dst_parent_type": "null",
                "src_parent": "return brave.http.HttpTracing.newBuilder(tracing).serverSampler(new brave.http.HttpSampler() {\n    @java.lang.Override\n    public \u003cReq\u003e java.lang.Boolean trySample(brave.http.HttpAdapter\u003cReq, ?\u003e adapter, Req request) {\n        java.lang.String path \u003d adapter.path(request);\n        if ((path.startsWith(\"/api\")) || (path.startsWith(\"/zipkin/api\"))) {\n            return null;\n        }\n        return false;\n    }\n}).clientSampler(HttpSampler.NEVER_SAMPLE).build()",
                "dst_parent": "null"
              },
              "line": 102,
              "file": "/home/khesoem/projects/lighter/exp/zipkin-server/src/main/java/zipkin2/server/internal/brave/TracingConfiguration.java",
              "stats": {
                "number_of_src_entities": 119,
                "number_of_dst_entities": -1,
                "src_entity_types": "[zipkin2.server.internal.brave.TracingConfiguration.1, boolean, brave.http.HttpTracing, HttpSampler.NEVER_SAMPLE, , java.lang.String, brave.Tracing, java.lang.Override, brave.http.HttpAdapter\u003cReq, ?\u003e, java.lang.Boolean, \u003cnulltype\u003e, brave.http.HttpSampler]",
                "dst_entity_types": "[]"
              }
            }
          ]
        }
      ]
    }
  ],
  "complete_analysis": true
}