{
  "instances": [
    {
      "revision": "8f86d59190baec78f80450c40cee7e89822eb095",
      "repairability": [
        {
          "tool-name": "Arja",
          "pattern-name": "Arja:arja_shallow_change",
          "Unified_Diff_of-files:": "Starts Below...",
          "CHANGE_old:": "",
          "CHANGE_new:": "    }",
          "instance_detail": [
            {
              "pattern_action": "ANY",
              "pattern_entity": {
                "entity_type": "Statement",
                "entity_new value": "*",
                "entity_role": "*",
                "entity_parent": "null"
              },
              "concrete_change": {
                "operator": "DEL",
                "src_type": "If",
                "dst_type": "null",
                "src": "if (port \u003d\u003d (-1))\n    port \u003d sessionProtocol.defaultPort();\n",
                "dst": "null",
                "src_parent_type": "Block",
                "dst_parent_type": "null",
                "src_parent": "{\n    int port \u003d url.getPort();\n    if (port \u003d\u003d (-1))\n        port \u003d sessionProtocol.defaultPort();\n\n    return port;\n}",
                "dst_parent": "null"
              },
              "line": 74,
              "file": "/home/khesoem/projects/lighter/exp/zipkin-server/src/main/java/zipkin2/server/internal/elasticsearch/InitialEndpointSupplier.java",
              "stats": {
                "number_of_src_entities": 33,
                "number_of_dst_entities": -1,
                "src_entity_types": "[com.linecorp.armeria.common.SessionProtocol, int, boolean, zipkin2.server.internal.elasticsearch.InitialEndpointSupplier]",
                "dst_entity_types": "[]"
              }
            }
          ]
        }
      ]
    }
  ],
  "complete_analysis": true
}