{
  "instances": [
    {
      "revision": "1cb4bfec95d55c0eeadfd982920465e92cd3caed",
      "repairability": [
        {
          "tool-name": "Arja",
          "pattern-name": "Arja:arja_shallow_change",
          "Unified_Diff_of-files:": "Starts Below...",
          "CHANGE_old:": "    for (EventExecutor eventLoop : httpClient.factory().eventLoopGroup()) {",
          "CHANGE_new:": "    for (EventExecutor eventLoop : httpClient.options().factory().eventLoopGroup()) {",
          "instance_detail": [
            {
              "pattern_action": "ANY",
              "pattern_entity": {
                "entity_type": "Statement",
                "entity_new value": "*",
                "entity_role": "*",
                "entity_parent": "null"
              },
              "concrete_change": {
                "operator": "DEL",
                "src_type": "ConstructorCall",
                "dst_type": "null",
                "src": "new com.linecorp.armeria.common.ServerCacheControlBuilder()",
                "dst": "null",
                "src_parent_type": "Invocation",
                "dst_parent_type": "null",
                "src_parent": "new com.linecorp.armeria.common.ServerCacheControlBuilder().maxAgeSeconds(java.util.concurrent.TimeUnit.DAYS.toSeconds(365))",
                "dst_parent": "null"
              },
              "line": 87,
              "file": "/home/khesoem/projects/lighter/exp/zipkin-server/src/main/java/zipkin2/server/internal/ui/ZipkinUiConfiguration.java",
              "stats": {
                "number_of_src_entities": 6,
                "number_of_dst_entities": -1,
                "src_entity_types": "[com.linecorp.armeria.common.ServerCacheControlBuilder]",
                "dst_entity_types": "[]"
              }
            }
          ]
        },
        {
          "tool-name": "Arja",
          "pattern-name": "Arja:arja_shallow_change",
          "Unified_Diff_of-files:": "Starts Below...",
          "CHANGE_old:": "    for (EventExecutor eventLoop : httpClient.factory().eventLoopGroup()) {",
          "CHANGE_new:": "    for (EventExecutor eventLoop : httpClient.options().factory().eventLoopGroup()) {",
          "instance_detail": [
            {
              "pattern_action": "ANY",
              "pattern_entity": {
                "entity_type": "Statement",
                "entity_new value": "*",
                "entity_role": "*",
                "entity_parent": "null"
              },
              "concrete_change": {
                "operator": "DEL",
                "src_type": "ConstructorCall",
                "dst_type": "null",
                "src": "new com.linecorp.armeria.common.ServerCacheControlBuilder()",
                "dst": "null",
                "src_parent_type": "Invocation",
                "dst_parent_type": "null",
                "src_parent": "new com.linecorp.armeria.common.ServerCacheControlBuilder().maxAgeSeconds(600)",
                "dst_parent": "null"
              },
              "line": 95,
              "file": "/home/khesoem/projects/lighter/exp/zipkin-server/src/main/java/zipkin2/server/internal/ui/ZipkinUiConfiguration.java",
              "stats": {
                "number_of_src_entities": 6,
                "number_of_dst_entities": -1,
                "src_entity_types": "[com.linecorp.armeria.common.ServerCacheControlBuilder]",
                "dst_entity_types": "[]"
              }
            }
          ]
        },
        {
          "tool-name": "Arja",
          "pattern-name": "Arja:arja_shallow_change",
          "Unified_Diff_of-files:": "Starts Below...",
          "CHANGE_old:": "    for (EventExecutor eventLoop : httpClient.factory().eventLoopGroup()) {",
          "CHANGE_new:": "    for (EventExecutor eventLoop : httpClient.options().factory().eventLoopGroup()) {",
          "instance_detail": [
            {
              "pattern_action": "ANY",
              "pattern_entity": {
                "entity_type": "Statement",
                "entity_new value": "*",
                "entity_role": "*",
                "entity_parent": "null"
              },
              "concrete_change": {
                "operator": "DEL",
                "src_type": "ConstructorCall",
                "dst_type": "null",
                "src": "new com.linecorp.armeria.common.ServerCacheControlBuilder()",
                "dst": "null",
                "src_parent_type": "Invocation",
                "dst_parent_type": "null",
                "src_parent": "new com.linecorp.armeria.common.ServerCacheControlBuilder().maxAgeSeconds(60)",
                "dst_parent": "null"
              },
              "line": 159,
              "file": "/home/khesoem/projects/lighter/exp/zipkin-server/src/main/java/zipkin2/server/internal/ui/ZipkinUiConfiguration.java",
              "stats": {
                "number_of_src_entities": 6,
                "number_of_dst_entities": -1,
                "src_entity_types": "[com.linecorp.armeria.common.ServerCacheControlBuilder]",
                "dst_entity_types": "[]"
              }
            }
          ]
        }
      ]
    }
  ],
  "complete_analysis": true
}