{
  "instances": [
    {
      "revision": "310c44e6a32309a54155c022fa1735e1457d3e27",
      "repairability": [
        {
          "tool-name": "Arja",
          "pattern-name": "Arja:arja_shallow_change",
          "Unified_Diff_of-files:": "Starts Below...",
          "CHANGE_old:": "  @Option(name \u003d \"-tableNames\", required \u003d false, metaVar \u003d \"\u0026lt;String\u0026gt;\", usage \u003d \"Comma separated table names to be loaded (non-batch load).\")",
          "CHANGE_new:": "  @Option(name \u003d \"-tableNames\", required \u003d false, metaVar \u003d \"\u0026lt;String\u0026gt;\", usage \u003d \"Comma separated table names with types to be loaded (non-batch load).\")",
          "instance_detail": [
            {
              "pattern_action": "ANY",
              "pattern_entity": {
                "entity_type": "Statement",
                "entity_new value": "*",
                "entity_role": "*",
                "entity_parent": "null"
              },
              "concrete_change": {
                "operator": "DEL",
                "src_type": "ConstructorCall",
                "dst_type": "null",
                "src": "new org.apache.pinot.common.utils.LLCSegmentName(segmentName)",
                "dst": "null",
                "src_parent_type": "Invocation",
                "dst_parent_type": "null",
                "src_parent": "new org.apache.pinot.common.utils.LLCSegmentName(segmentName).getPartitionGroupId()",
                "dst_parent": "null"
              },
              "line": 139,
              "file": "/home/khesoem/projects/lighter/exp/pinot-controller/src/main/java/org/apache/pinot/controller/helix/core/assignment/segment/RealtimeSegmentAssignment.java"
            }
          ]
        },
        {
          "tool-name": "Arja",
          "pattern-name": "Arja:arja_shallow_change",
          "Unified_Diff_of-files:": "Starts Below...",
          "CHANGE_old:": "  @Option(name \u003d \"-tableNames\", required \u003d false, metaVar \u003d \"\u0026lt;String\u0026gt;\", usage \u003d \"Comma separated table names to be loaded (non-batch load).\")",
          "CHANGE_new:": "  @Option(name \u003d \"-tableNames\", required \u003d false, metaVar \u003d \"\u0026lt;String\u0026gt;\", usage \u003d \"Comma separated table names with types to be loaded (non-batch load).\")",
          "instance_detail": [
            {
              "pattern_action": "ANY",
              "pattern_entity": {
                "entity_type": "Statement",
                "entity_new value": "*",
                "entity_role": "*",
                "entity_parent": "null"
              },
              "concrete_change": {
                "operator": "DEL",
                "src_type": "ConstructorCall",
                "dst_type": "null",
                "src": "new org.apache.pinot.common.utils.LLCSegmentName(segmentName)",
                "dst": "null",
                "src_parent_type": "Invocation",
                "dst_parent_type": "null",
                "src_parent": "new org.apache.pinot.common.utils.LLCSegmentName(segmentName).getPartitionGroupId()",
                "dst_parent": "null"
              },
              "line": 328,
              "file": "/home/khesoem/projects/lighter/exp/pinot-controller/src/main/java/org/apache/pinot/controller/helix/core/assignment/segment/RealtimeSegmentAssignment.java"
            }
          ]
        },
        {
          "tool-name": "Arja",
          "pattern-name": "Arja:arja_shallow_change",
          "Unified_Diff_of-files:": "Starts Below...",
          "CHANGE_old:": "  @Option(name \u003d \"-tableNames\", required \u003d false, metaVar \u003d \"\u0026lt;String\u0026gt;\", usage \u003d \"Comma separated table names to be loaded (non-batch load).\")",
          "CHANGE_new:": "  @Option(name \u003d \"-tableNames\", required \u003d false, metaVar \u003d \"\u0026lt;String\u0026gt;\", usage \u003d \"Comma separated table names with types to be loaded (non-batch load).\")",
          "instance_detail": [
            {
              "pattern_action": "ANY",
              "pattern_entity": {
                "entity_type": "Statement",
                "entity_new value": "*",
                "entity_role": "*",
                "entity_parent": "null"
              },
              "concrete_change": {
                "operator": "DEL",
                "src_type": "ConstructorCall",
                "dst_type": "null",
                "src": "new org.apache.pinot.common.utils.LLCSegmentName(segmentName)",
                "dst": "null",
                "src_parent_type": "Invocation",
                "dst_parent_type": "null",
                "src_parent": "new org.apache.pinot.common.utils.LLCSegmentName(segmentName).getPartitionGroupId()",
                "dst_parent": "null"
              },
              "line": 363,
              "file": "/home/khesoem/projects/lighter/exp/pinot-controller/src/main/java/org/apache/pinot/controller/helix/core/assignment/segment/RealtimeSegmentAssignment.java"
            }
          ]
        }
      ]
    },
    {
      "revision": "310c44e6a32309a54155c022fa1735e1457d3e27",
      "repairability": [
        {
          "tool-name": "Arja",
          "pattern-name": "Arja:arja_shallow_change",
          "Unified_Diff_of-files:": "Starts Below...",
          "CHANGE_old:": "  @Option(name \u003d \"-tableNames\", required \u003d false, metaVar \u003d \"\u0026lt;String\u0026gt;\", usage \u003d \"Comma separated table names to be loaded (non-batch load).\")",
          "CHANGE_new:": "  @Option(name \u003d \"-tableNames\", required \u003d false, metaVar \u003d \"\u0026lt;String\u0026gt;\", usage \u003d \"Comma separated table names with types to be loaded (non-batch load).\")",
          "instance_detail": [
            {
              "pattern_action": "ANY",
              "pattern_entity": {
                "entity_type": "Statement",
                "entity_new value": "*",
                "entity_role": "*",
                "entity_parent": "null"
              },
              "concrete_change": {
                "operator": "INS",
                "src_type": "Invocation",
                "dst_type": "null",
                "src": "this.getTableName()",
                "dst": "null",
                "src_parent_type": "Invocation",
                "dst_parent_type": "null",
                "src_parent": "org.apache.pinot.common.utils.SegmentUtils.getRealtimeSegmentPartitionId(segmentName, this.getTableName(), _helixManager, _primaryKeyColumns.get(0))",
                "dst_parent": "null"
              },
              "line": 366,
              "file": "/home/khesoem/projects/lighter/exp/pinot-core/src/main/java/org/apache/pinot/core/data/manager/realtime/RealtimeTableDataManager.java"
            }
          ]
        },
        {
          "tool-name": "Arja",
          "pattern-name": "Arja:arja_shallow_change",
          "Unified_Diff_of-files:": "Starts Below...",
          "CHANGE_old:": "  @Option(name \u003d \"-tableNames\", required \u003d false, metaVar \u003d \"\u0026lt;String\u0026gt;\", usage \u003d \"Comma separated table names to be loaded (non-batch load).\")",
          "CHANGE_new:": "  @Option(name \u003d \"-tableNames\", required \u003d false, metaVar \u003d \"\u0026lt;String\u0026gt;\", usage \u003d \"Comma separated table names with types to be loaded (non-batch load).\")",
          "instance_detail": [
            {
              "pattern_action": "ANY",
              "pattern_entity": {
                "entity_type": "Statement",
                "entity_new value": "*",
                "entity_role": "*",
                "entity_parent": "null"
              },
              "concrete_change": {
                "operator": "INS",
                "src_type": "Invocation",
                "dst_type": "null",
                "src": "_primaryKeyColumns.get(0)",
                "dst": "null",
                "src_parent_type": "Invocation",
                "dst_parent_type": "null",
                "src_parent": "org.apache.pinot.common.utils.SegmentUtils.getRealtimeSegmentPartitionId(segmentName, this.getTableName(), _helixManager, _primaryKeyColumns.get(0))",
                "dst_parent": "null"
              },
              "line": 366,
              "file": "/home/khesoem/projects/lighter/exp/pinot-core/src/main/java/org/apache/pinot/core/data/manager/realtime/RealtimeTableDataManager.java"
            }
          ]
        },
        {
          "tool-name": "Arja",
          "pattern-name": "Arja:arja_shallow_change",
          "Unified_Diff_of-files:": "Starts Below...",
          "CHANGE_old:": "  @Option(name \u003d \"-tableNames\", required \u003d false, metaVar \u003d \"\u0026lt;String\u0026gt;\", usage \u003d \"Comma separated table names to be loaded (non-batch load).\")",
          "CHANGE_new:": "  @Option(name \u003d \"-tableNames\", required \u003d false, metaVar \u003d \"\u0026lt;String\u0026gt;\", usage \u003d \"Comma separated table names with types to be loaded (non-batch load).\")",
          "instance_detail": [
            {
              "pattern_action": "ANY",
              "pattern_entity": {
                "entity_type": "Statement",
                "entity_new value": "*",
                "entity_role": "*",
                "entity_parent": "null"
              },
              "concrete_change": {
                "operator": "DEL",
                "src_type": "Invocation",
                "dst_type": "null",
                "src": "immutableSegment.getSegmentName()",
                "dst": "null",
                "src_parent_type": "ConstructorCall",
                "dst_parent_type": "null",
                "src_parent": "new org.apache.pinot.common.utils.LLCSegmentName(immutableSegment.getSegmentName())",
                "dst_parent": "null"
              },
              "line": 354,
              "file": "/home/khesoem/projects/lighter/exp/pinot-core/src/main/java/org/apache/pinot/core/data/manager/realtime/RealtimeTableDataManager.java"
            }
          ]
        },
        {
          "tool-name": "Arja",
          "pattern-name": "Arja:arja_shallow_change",
          "Unified_Diff_of-files:": "Starts Below...",
          "CHANGE_old:": "  @Option(name \u003d \"-tableNames\", required \u003d false, metaVar \u003d \"\u0026lt;String\u0026gt;\", usage \u003d \"Comma separated table names to be loaded (non-batch load).\")",
          "CHANGE_new:": "  @Option(name \u003d \"-tableNames\", required \u003d false, metaVar \u003d \"\u0026lt;String\u0026gt;\", usage \u003d \"Comma separated table names with types to be loaded (non-batch load).\")",
          "instance_detail": [
            {
              "pattern_action": "ANY",
              "pattern_entity": {
                "entity_type": "Statement",
                "entity_new value": "*",
                "entity_role": "*",
                "entity_parent": "null"
              },
              "concrete_change": {
                "operator": "DEL",
                "src_type": "ConstructorCall",
                "dst_type": "null",
                "src": "new org.apache.pinot.common.utils.LLCSegmentName(immutableSegment.getSegmentName())",
                "dst": "null",
                "src_parent_type": "Invocation",
                "dst_parent_type": "null",
                "src_parent": "new org.apache.pinot.common.utils.LLCSegmentName(immutableSegment.getSegmentName()).getPartitionGroupId()",
                "dst_parent": "null"
              },
              "line": 354,
              "file": "/home/khesoem/projects/lighter/exp/pinot-core/src/main/java/org/apache/pinot/core/data/manager/realtime/RealtimeTableDataManager.java"
            }
          ]
        }
      ]
    },
    {
      "revision": "310c44e6a32309a54155c022fa1735e1457d3e27",
      "repairability": [
        {
          "tool-name": "Arja",
          "pattern-name": "Arja:arja_shallow_change",
          "Unified_Diff_of-files:": "Starts Below...",
          "CHANGE_old:": "  @Option(name \u003d \"-tableNames\", required \u003d false, metaVar \u003d \"\u0026lt;String\u0026gt;\", usage \u003d \"Comma separated table names to be loaded (non-batch load).\")",
          "CHANGE_new:": "  @Option(name \u003d \"-tableNames\", required \u003d false, metaVar \u003d \"\u0026lt;String\u0026gt;\", usage \u003d \"Comma separated table names with types to be loaded (non-batch load).\")",
          "instance_detail": [
            {
              "pattern_action": "ANY",
              "pattern_entity": {
                "entity_type": "Statement",
                "entity_new value": "*",
                "entity_role": "*",
                "entity_parent": "null"
              },
              "concrete_change": {
                "operator": "DEL",
                "src_type": "Invocation",
                "dst_type": "null",
                "src": "TableNameBuilder.OFFLINE.tableNameWithType(rawTableName)",
                "dst": "null",
                "src_parent_type": "LocalVariable",
                "dst_parent_type": "null",
                "src_parent": "java.lang.String offlineTableName \u003d TableNameBuilder.OFFLINE.tableNameWithType(rawTableName)",
                "dst_parent": "null"
              },
              "line": 64,
              "file": "/home/khesoem/projects/lighter/exp/pinot-controller/src/main/java/org/apache/pinot/controller/api/upload/ZKOperator.java"
            }
          ]
        },
        {
          "tool-name": "Arja",
          "pattern-name": "Arja:arja_shallow_change",
          "Unified_Diff_of-files:": "Starts Below...",
          "CHANGE_old:": "  @Option(name \u003d \"-tableNames\", required \u003d false, metaVar \u003d \"\u0026lt;String\u0026gt;\", usage \u003d \"Comma separated table names to be loaded (non-batch load).\")",
          "CHANGE_new:": "  @Option(name \u003d \"-tableNames\", required \u003d false, metaVar \u003d \"\u0026lt;String\u0026gt;\", usage \u003d \"Comma separated table names with types to be loaded (non-batch load).\")",
          "instance_detail": [
            {
              "pattern_action": "ANY",
              "pattern_entity": {
                "entity_type": "Statement",
                "entity_new value": "*",
                "entity_role": "*",
                "entity_parent": "null"
              },
              "concrete_change": {
                "operator": "DEL",
                "src_type": "LocalVariable",
                "dst_type": "null",
                "src": "java.lang.String offlineTableName \u003d TableNameBuilder.OFFLINE.tableNameWithType(rawTableName)",
                "dst": "null",
                "src_parent_type": "Block",
                "dst_parent_type": "null",
                "src_parent": "{\n    java.lang.String offlineTableName \u003d TableNameBuilder.OFFLINE.tableNameWithType(rawTableName);\n    java.lang.String segmentName \u003d segmentMetadata.getName();\n    org.apache.helix.ZNRecord segmentMetadataZnRecord \u003d _pinotHelixResourceManager.getSegmentMetadataZnRecord(offlineTableName, segmentName);\n    if (segmentMetadataZnRecord \u003d\u003d null) {\n        org.apache.pinot.controller.api.upload.ZKOperator.LOGGER.info(\"Adding new segment {} from table {}\", segmentName, rawTableName);\n        processNewSegment(segmentMetadata, finalSegmentLocationURI, currentSegmentLocation, zkDownloadURI, crypter, rawTableName, segmentName, moveSegmentToFinalLocation);\n        return;\n    }\n    org.apache.pinot.controller.api.upload.ZKOperator.LOGGER.info(\"Segment {} from table {} already exists, refreshing if necessary\", segmentName, rawTableName);\n    processExistingSegment(segmentMetadata, finalSegmentLocationURI, currentSegmentLocation, enableParallelPushProtection, headers, zkDownloadURI, crypter, offlineTableName, segmentName, segmentMetadataZnRecord, moveSegmentToFinalLocation);\n}",
                "dst_parent": "null"
              },
              "line": 64,
              "file": "/home/khesoem/projects/lighter/exp/pinot-controller/src/main/java/org/apache/pinot/controller/api/upload/ZKOperator.java",
              "stats": {
                "number_of_src_entities": 18,
                "number_of_dst_entities": -1,
                "src_entity_types": "[java.lang.String, TableNameBuilder.OFFLINE]",
                "dst_entity_types": "[]"
              }
            }
          ]
        }
      ]
    },
    {
      "revision": "310c44e6a32309a54155c022fa1735e1457d3e27",
      "repairability": [
        {
          "tool-name": "Arja",
          "pattern-name": "Arja:arja_shallow_change",
          "Unified_Diff_of-files:": "Starts Below...",
          "CHANGE_old:": "  @Option(name \u003d \"-tableNames\", required \u003d false, metaVar \u003d \"\u0026lt;String\u0026gt;\", usage \u003d \"Comma separated table names to be loaded (non-batch load).\")",
          "CHANGE_new:": "  @Option(name \u003d \"-tableNames\", required \u003d false, metaVar \u003d \"\u0026lt;String\u0026gt;\", usage \u003d \"Comma separated table names with types to be loaded (non-batch load).\")",
          "instance_detail": [
            {
              "pattern_action": "ANY",
              "pattern_entity": {
                "entity_type": "Statement",
                "entity_new value": "*",
                "entity_role": "*",
                "entity_parent": "null"
              },
              "concrete_change": {
                "operator": "DEL",
                "src_type": "Invocation",
                "dst_type": "null",
                "src": "org.apache.pinot.spi.utils.builder.TableNameBuilder.extractRawTableName(tableName)",
                "dst": "null",
                "src_parent_type": "LocalVariable",
                "dst_parent_type": "null",
                "src_parent": "java.lang.String rawTableName \u003d org.apache.pinot.spi.utils.builder.TableNameBuilder.extractRawTableName(tableName)",
                "dst_parent": "null"
              },
              "line": 336,
              "file": "/home/khesoem/projects/lighter/exp/pinot-tools/src/main/java/org/apache/pinot/tools/perf/PerfBenchmarkDriver.java"
            }
          ]
        },
        {
          "tool-name": "Arja",
          "pattern-name": "Arja:arja_shallow_change",
          "Unified_Diff_of-files:": "Starts Below...",
          "CHANGE_old:": "  @Option(name \u003d \"-tableNames\", required \u003d false, metaVar \u003d \"\u0026lt;String\u0026gt;\", usage \u003d \"Comma separated table names to be loaded (non-batch load).\")",
          "CHANGE_new:": "  @Option(name \u003d \"-tableNames\", required \u003d false, metaVar \u003d \"\u0026lt;String\u0026gt;\", usage \u003d \"Comma separated table names with types to be loaded (non-batch load).\")",
          "instance_detail": [
            {
              "pattern_action": "ANY",
              "pattern_entity": {
                "entity_type": "Statement",
                "entity_new value": "*",
                "entity_role": "*",
                "entity_parent": "null"
              },
              "concrete_change": {
                "operator": "DEL",
                "src_type": "LocalVariable",
                "dst_type": "null",
                "src": "java.lang.String rawTableName \u003d org.apache.pinot.spi.utils.builder.TableNameBuilder.extractRawTableName(tableName)",
                "dst": "null",
                "src_parent_type": "Block",
                "dst_parent_type": "null",
                "src_parent": "{\n    java.lang.String rawTableName \u003d org.apache.pinot.spi.utils.builder.TableNameBuilder.extractRawTableName(tableName);\n    _helixResourceManager.addNewSegment(rawTableName, segmentMetadata, (((\"http://\" + (_controllerAddress)) + \"/\") + (segmentMetadata.getName())));\n}",
                "dst_parent": "null"
              },
              "line": 336,
              "file": "/home/khesoem/projects/lighter/exp/pinot-tools/src/main/java/org/apache/pinot/tools/perf/PerfBenchmarkDriver.java",
              "stats": {
                "number_of_src_entities": 18,
                "number_of_dst_entities": -1,
                "src_entity_types": "[java.lang.String, org.apache.pinot.spi.utils.builder.TableNameBuilder]",
                "dst_entity_types": "[]"
              }
            }
          ]
        }
      ]
    },
    {
      "revision": "310c44e6a32309a54155c022fa1735e1457d3e27",
      "repairability": [
        {
          "tool-name": "Arja",
          "pattern-name": "Arja:arja_deep_change",
          "Unified_Diff_of-files:": "Starts Below...",
          "CHANGE_old:": "  @Option(name \u003d \"-tableNames\", required \u003d false, metaVar \u003d \"\u0026lt;String\u0026gt;\", usage \u003d \"Comma separated table names to be loaded (non-batch load).\")",
          "CHANGE_new:": "  @Option(name \u003d \"-tableNames\", required \u003d false, metaVar \u003d \"\u0026lt;String\u0026gt;\", usage \u003d \"Comma separated table names with types to be loaded (non-batch load).\")",
          "instance_detail": [
            {
              "pattern_action": "ANY",
              "pattern_entity": {
                "entity_type": "*",
                "entity_new value": "*",
                "entity_role": "*",
                "entity_parent": {
                  "entity_type": "Statement",
                  "entity_new value": "*",
                  "entity_role": "*",
                  "entity_parent": "null"
                }
              },
              "concrete_change": {
                "operator": "UPD",
                "src_type": "VariableRead",
                "dst_type": "VariableRead",
                "src": "tableName",
                "dst": "tableNameWithType",
                "src_parent_type": "Invocation",
                "dst_parent_type": "Invocation",
                "src_parent": "org.apache.pinot.common.utils.URIUtils.constructDownloadUrl(_baseUrl, tableName, segmentName)",
                "dst_parent": "org.apache.pinot.common.utils.URIUtils.constructDownloadUrl(_baseUrl, tableNameWithType, segmentName)"
              },
              "line": 235,
              "file": "/home/khesoem/projects/lighter/exp/pinot-controller/src/main/java/org/apache/pinot/controller/helix/ControllerRequestURLBuilder.java",
              "stats": {
                "number_of_src_entities": 4,
                "number_of_dst_entities": 4,
                "src_entity_types": "[java.lang.String]",
                "dst_entity_types": "[java.lang.String]"
              }
            }
          ]
        }
      ]
    }
  ],
  "complete_analysis": true
}