{
  "instances": [
    {
      "revision": "6a16ee9bc53d1dc37ecb2c86b9ecb1ea8c592d6e",
      "repairability": [
        {
          "tool-name": "Arja",
          "pattern-name": "Arja:arja_shallow_change",
          "Unified_Diff_of-files:": "Starts Below...",
          "INSERT:": "            }",
          "instance_detail": [
            {
              "pattern_action": "ANY",
              "pattern_entity": {
                "entity_type": "Statement",
                "entity_new value": "*",
                "entity_role": "*",
                "entity_parent": "null"
              },
              "concrete_change": {
                "operator": "INS",
                "src_type": "ForEach",
                "dst_type": "null",
                "src": "for (org.apache.pinot.spi.ingestion.batch.spec.PinotFSSpec pinotFSSpec : pinotFSSpecs) {\n    org.apache.pinot.spi.filesystem.PinotFSFactory.register(pinotFSSpec.getScheme(), pinotFSSpec.getClassName(), new org.apache.pinot.spi.env.PinotConfiguration(pinotFSSpec));\n}",
                "dst": "null",
                "src_parent_type": "Block",
                "dst_parent_type": "null",
                "src_parent": "{\n    org.apache.pinot.spi.plugin.PluginManager.get().init();\n    for (org.apache.pinot.spi.ingestion.batch.spec.PinotFSSpec pinotFSSpec : pinotFSSpecs) {\n        org.apache.pinot.spi.filesystem.PinotFSFactory.register(pinotFSSpec.getScheme(), pinotFSSpec.getClassName(), new org.apache.pinot.spi.env.PinotConfiguration(pinotFSSpec));\n    }\n    org.apache.pinot.segment.local.utils.SegmentPushUtils.sendSegmentUris(_spec, java.util.Arrays.asList(segmentUri));\n}",
                "dst_parent": "null"
              },
              "line": 123,
              "file": "/home/khesoem/projects/lighter/exp/pinot-plugins/pinot-batch-ingestion/pinot-batch-ingestion-spark/src/main/java/org/apache/pinot/plugin/ingestion/batch/spark/SparkSegmentUriPushJobRunner.java",
              "stats": {
                "number_of_src_entities": 46,
                "number_of_dst_entities": -1,
                "src_entity_types": "[org.apache.pinot.spi.ingestion.batch.spec.PinotFSSpec, java.lang.Object, org.apache.pinot.spi.filesystem.PinotFSFactory, java.util.List\u003corg.apache.pinot.spi.ingestion.batch.spec.PinotFSSpec\u003e]",
                "dst_entity_types": "[]"
              }
            }
          ]
        }
      ]
    }
  ],
  "complete_analysis": true
}