{
  "instances": [
    {
      "revision": "f3ce66fe4781205ee74b99529918888347575f04",
      "repairability": [
        {
          "tool-name": "Arja",
          "pattern-name": "Arja:arja_shallow_change",
          "Unified_Diff_of-files:": "Starts Below...",
          "CHANGE_old:": "                + indexDir);",
          "CHANGE_new:": "",
          "DELETE:": "",
          "instance_detail": [
            {
              "pattern_action": "ANY",
              "pattern_entity": {
                "entity_type": "Statement",
                "entity_new value": "*",
                "entity_role": "*",
                "entity_parent": "null"
              },
              "concrete_change": {
                "operator": "INS",
                "src_type": "Invocation",
                "dst_type": "null",
                "src": "columnsToAddMinMaxValue.removeAll(schema.getMetricNames())",
                "dst": "null",
                "src_parent_type": "Case",
                "dst_parent_type": "null",
                "src_parent": "case TIME :\n    columnsToAddMinMaxValue.removeAll(schema.getDimensionNames());\n    columnsToAddMinMaxValue.removeAll(schema.getMetricNames());\n    break;",
                "dst_parent": "null"
              },
              "line": 72,
              "file": "/home/khesoem/projects/lighter/exp/pinot-segment-local/src/main/java/org/apache/pinot/segment/local/segment/index/loader/columnminmaxvalue/ColumnMinMaxValueGenerator.java",
              "stats": {
                "number_of_src_entities": 24,
                "number_of_dst_entities": -1,
                "src_entity_types": "[java.util.Set\u003cjava.lang.String\u003e, java.util.Set, org.apache.pinot.spi.data.Schema, java.lang.String]",
                "dst_entity_types": "[]"
              }
            }
          ]
        },
        {
          "tool-name": "Arja",
          "pattern-name": "Arja:arja_shallow_change",
          "Unified_Diff_of-files:": "Starts Below...",
          "CHANGE_old:": "                + indexDir);",
          "CHANGE_new:": "",
          "DELETE:": "",
          "instance_detail": [
            {
              "pattern_action": "ANY",
              "pattern_entity": {
                "entity_type": "Statement",
                "entity_new value": "*",
                "entity_role": "*",
                "entity_parent": "null"
              },
              "concrete_change": {
                "operator": "INS",
                "src_type": "Break",
                "dst_type": "null",
                "src": "break",
                "dst": "null",
                "src_parent_type": "Case",
                "dst_parent_type": "null",
                "src_parent": "case TIME :\n    columnsToAddMinMaxValue.removeAll(schema.getDimensionNames());\n    columnsToAddMinMaxValue.removeAll(schema.getMetricNames());\n    break;",
                "dst_parent": "null"
              },
              "line": 73,
              "file": "/home/khesoem/projects/lighter/exp/pinot-segment-local/src/main/java/org/apache/pinot/segment/local/segment/index/loader/columnminmaxvalue/ColumnMinMaxValueGenerator.java",
              "stats": {
                "number_of_src_entities": 1,
                "number_of_dst_entities": -1,
                "src_entity_types": "[]",
                "dst_entity_types": "[]"
              }
            }
          ]
        },
        {
          "tool-name": "Arja",
          "pattern-name": "Arja:arja_shallow_change",
          "Unified_Diff_of-files:": "Starts Below...",
          "CHANGE_old:": "                + indexDir);",
          "CHANGE_new:": "",
          "DELETE:": "",
          "instance_detail": [
            {
              "pattern_action": "ANY",
              "pattern_entity": {
                "entity_type": "Statement",
                "entity_new value": "*",
                "entity_role": "*",
                "entity_parent": "null"
              },
              "concrete_change": {
                "operator": "INS",
                "src_type": "Break",
                "dst_type": "null",
                "src": "break",
                "dst": "null",
                "src_parent_type": "Case",
                "dst_parent_type": "null",
                "src_parent": "case NON_METRIC :\n    columnsToAddMinMaxValue.removeAll(schema.getMetricNames());\n    break;",
                "dst_parent": "null"
              },
              "line": 76,
              "file": "/home/khesoem/projects/lighter/exp/pinot-segment-local/src/main/java/org/apache/pinot/segment/local/segment/index/loader/columnminmaxvalue/ColumnMinMaxValueGenerator.java",
              "stats": {
                "number_of_src_entities": 1,
                "number_of_dst_entities": -1,
                "src_entity_types": "[]",
                "dst_entity_types": "[]"
              }
            }
          ]
        }
      ]
    },
    {
      "revision": "f3ce66fe4781205ee74b99529918888347575f04",
      "repairability": [
        {
          "tool-name": "Arja",
          "pattern-name": "Arja:arja_shallow_change",
          "Unified_Diff_of-files:": "Starts Below...",
          "CHANGE_old:": "                + indexDir);",
          "CHANGE_new:": "",
          "DELETE:": "",
          "instance_detail": [
            {
              "pattern_action": "ANY",
              "pattern_entity": {
                "entity_type": "Statement",
                "entity_new value": "*",
                "entity_role": "*",
                "entity_parent": "null"
              },
              "concrete_change": {
                "operator": "DEL",
                "src_type": "Assignment",
                "dst_type": "null",
                "src": "(bitmapArrayReference \u003d _bitmaps.get())",
                "dst": "null",
                "src_parent_type": "BinaryOperator",
                "dst_parent_type": "null",
                "src_parent": "((bitmapArrayReference \u003d _bitmaps.get()) !\u003d null)",
                "dst_parent": "null"
              },
              "line": 63,
              "file": "/home/khesoem/projects/lighter/exp/pinot-segment-local/src/main/java/org/apache/pinot/segment/local/segment/index/readers/BitmapInvertedIndexReader.java"
            }
          ]
        },
        {
          "tool-name": "Arja",
          "pattern-name": "Arja:arja_shallow_change",
          "Unified_Diff_of-files:": "Starts Below...",
          "CHANGE_old:": "                + indexDir);",
          "CHANGE_new:": "",
          "DELETE:": "",
          "instance_detail": [
            {
              "pattern_action": "ANY",
              "pattern_entity": {
                "entity_type": "Statement",
                "entity_new value": "*",
                "entity_role": "*",
                "entity_parent": "null"
              },
              "concrete_change": {
                "operator": "DEL",
                "src_type": "Assignment",
                "dst_type": "null",
                "src": "(bitmap \u003d bitmapReference.get())",
                "dst": "null",
                "src_parent_type": "BinaryOperator",
                "dst_parent_type": "null",
                "src_parent": "((bitmap \u003d bitmapReference.get()) !\u003d null)",
                "dst_parent": "null"
              },
              "line": 66,
              "file": "/home/khesoem/projects/lighter/exp/pinot-segment-local/src/main/java/org/apache/pinot/segment/local/segment/index/readers/BitmapInvertedIndexReader.java"
            }
          ]
        },
        {
          "tool-name": "Arja",
          "pattern-name": "Arja:arja_shallow_change",
          "Unified_Diff_of-files:": "Starts Below...",
          "CHANGE_old:": "                + indexDir);",
          "CHANGE_new:": "",
          "DELETE:": "",
          "instance_detail": [
            {
              "pattern_action": "ANY",
              "pattern_entity": {
                "entity_type": "Statement",
                "entity_new value": "*",
                "entity_role": "*",
                "entity_parent": "null"
              },
              "concrete_change": {
                "operator": "DEL",
                "src_type": "Assignment",
                "dst_type": "null",
                "src": "(bitmap \u003d bitmapReference.get())",
                "dst": "null",
                "src_parent_type": "BinaryOperator",
                "dst_parent_type": "null",
                "src_parent": "((bitmap \u003d bitmapReference.get()) \u003d\u003d null)",
                "dst_parent": "null"
              },
              "line": 76,
              "file": "/home/khesoem/projects/lighter/exp/pinot-segment-local/src/main/java/org/apache/pinot/segment/local/segment/index/readers/BitmapInvertedIndexReader.java"
            }
          ]
        }
      ]
    },
    {
      "revision": "f3ce66fe4781205ee74b99529918888347575f04",
      "repairability": [
        {
          "tool-name": "Arja",
          "pattern-name": "Arja:arja_shallow_change",
          "Unified_Diff_of-files:": "Starts Below...",
          "CHANGE_old:": "                + indexDir);",
          "CHANGE_new:": "",
          "DELETE:": "",
          "instance_detail": [
            {
              "pattern_action": "ANY",
              "pattern_entity": {
                "entity_type": "Statement",
                "entity_new value": "*",
                "entity_role": "*",
                "entity_parent": "null"
              },
              "concrete_change": {
                "operator": "INS",
                "src_type": "Break",
                "dst_type": "null",
                "src": "break",
                "dst": "null",
                "src_parent_type": "Case",
                "dst_parent_type": "null",
                "src_parent": "case REMOVE_DATE_TIME :\n    dateTimeColumns.remove(column);\n    break;",
                "dst_parent": "null"
              },
              "line": 180,
              "file": "/home/khesoem/projects/lighter/exp/pinot-segment-local/src/main/java/org/apache/pinot/segment/local/segment/index/loader/defaultcolumn/BaseDefaultColumnHandler.java",
              "stats": {
                "number_of_src_entities": 1,
                "number_of_dst_entities": -1,
                "src_entity_types": "[]",
                "dst_entity_types": "[]"
              }
            }
          ]
        },
        {
          "tool-name": "Arja",
          "pattern-name": "Arja:arja_shallow_change",
          "Unified_Diff_of-files:": "Starts Below...",
          "CHANGE_old:": "                + indexDir);",
          "CHANGE_new:": "",
          "DELETE:": "",
          "instance_detail": [
            {
              "pattern_action": "ANY",
              "pattern_entity": {
                "entity_type": "Statement",
                "entity_new value": "*",
                "entity_role": "*",
                "entity_parent": "null"
              },
              "concrete_change": {
                "operator": "INS",
                "src_type": "Break",
                "dst_type": "null",
                "src": "break",
                "dst": "null",
                "src_parent_type": "Case",
                "dst_parent_type": "null",
                "src_parent": "case DATE_TIME :\n    defaultColumnActionMap.put(column, org.apache.pinot.segment.local.segment.index.loader.defaultcolumn.BaseDefaultColumnHandler.DefaultColumnAction.ADD_DATE_TIME);\n    break;",
                "dst_parent": "null"
              },
              "line": 284,
              "file": "/home/khesoem/projects/lighter/exp/pinot-segment-local/src/main/java/org/apache/pinot/segment/local/segment/index/loader/defaultcolumn/BaseDefaultColumnHandler.java",
              "stats": {
                "number_of_src_entities": 1,
                "number_of_dst_entities": -1,
                "src_entity_types": "[]",
                "dst_entity_types": "[]"
              }
            }
          ]
        }
      ]
    },
    {
      "revision": "f3ce66fe4781205ee74b99529918888347575f04",
      "repairability": [
        {
          "tool-name": "Arja",
          "pattern-name": "Arja:arja_shallow_change",
          "Unified_Diff_of-files:": "Starts Below...",
          "CHANGE_old:": "                + indexDir);",
          "CHANGE_new:": "",
          "DELETE:": "",
          "instance_detail": [
            {
              "pattern_action": "ANY",
              "pattern_entity": {
                "entity_type": "Statement",
                "entity_new value": "*",
                "entity_role": "*",
                "entity_parent": "null"
              },
              "concrete_change": {
                "operator": "DEL",
                "src_type": "OperatorAssignment",
                "dst_type": "null",
                "src": "totalNumberOfEntries +\u003d entries.length",
                "dst": "null",
                "src_parent_type": "Block",
                "dst_parent_type": "null",
                "src_parent": "{\n    totalNumberOfEntries +\u003d entries.length;\n}",
                "dst_parent": "null"
              },
              "line": 55,
              "file": "/home/khesoem/projects/lighter/exp/pinot-segment-local/src/main/java/org/apache/pinot/segment/local/segment/creator/impl/stats/AbstractColumnStatisticsCollector.java"
            }
          ]
        },
        {
          "tool-name": "Arja",
          "pattern-name": "Arja:arja_shallow_change",
          "Unified_Diff_of-files:": "Starts Below...",
          "CHANGE_old:": "                + indexDir);",
          "CHANGE_new:": "",
          "DELETE:": "",
          "instance_detail": [
            {
              "pattern_action": "ANY",
              "pattern_entity": {
                "entity_type": "Statement",
                "entity_new value": "*",
                "entity_role": "*",
                "entity_parent": "null"
              },
              "concrete_change": {
                "operator": "DEL",
                "src_type": "Return",
                "dst_type": "null",
                "src": "return totalNumberOfEntries",
                "dst": "null",
                "src_parent_type": "Block",
                "dst_parent_type": "null",
                "src_parent": "{\n    return totalNumberOfEntries;\n}",
                "dst_parent": "null"
              },
              "line": 59,
              "file": "/home/khesoem/projects/lighter/exp/pinot-segment-local/src/main/java/org/apache/pinot/segment/local/segment/creator/impl/stats/AbstractColumnStatisticsCollector.java"
            }
          ]
        }
      ]
    },
    {
      "revision": "f3ce66fe4781205ee74b99529918888347575f04",
      "repairability": [
        {
          "tool-name": "Arja",
          "pattern-name": "Arja:arja_shallow_change",
          "Unified_Diff_of-files:": "Starts Below...",
          "CHANGE_old:": "                + indexDir);",
          "CHANGE_new:": "",
          "DELETE:": "",
          "instance_detail": [
            {
              "pattern_action": "ANY",
              "pattern_entity": {
                "entity_type": "Statement",
                "entity_new value": "*",
                "entity_role": "*",
                "entity_parent": "null"
              },
              "concrete_change": {
                "operator": "INS",
                "src_type": "Break",
                "dst_type": "null",
                "src": "break",
                "dst": "null",
                "src_parent_type": "Case",
                "dst_parent_type": "null",
                "src_parent": "case TEXT :\n    com.google.common.base.Preconditions.checkState(((fieldConfigColSpec.isSingleValueField()) \u0026\u0026 ((fieldConfigColSpec.getDataType()) \u003d\u003d (org.apache.pinot.spi.data.FieldSpec.DataType.STRING))), \"TEXT Index is only supported for single value string columns\");\n    break;",
                "dst_parent": "null"
              },
              "line": 632,
              "file": "/home/khesoem/projects/lighter/exp/pinot-segment-local/src/main/java/org/apache/pinot/segment/local/utils/TableConfigUtils.java",
              "stats": {
                "number_of_src_entities": 1,
                "number_of_dst_entities": -1,
                "src_entity_types": "[]",
                "dst_entity_types": "[]"
              }
            }
          ]
        },
        {
          "tool-name": "Arja",
          "pattern-name": "Arja:arja_shallow_change",
          "Unified_Diff_of-files:": "Starts Below...",
          "CHANGE_old:": "                + indexDir);",
          "CHANGE_new:": "",
          "DELETE:": "",
          "instance_detail": [
            {
              "pattern_action": "ANY",
              "pattern_entity": {
                "entity_type": "Statement",
                "entity_new value": "*",
                "entity_role": "*",
                "entity_parent": "null"
              },
              "concrete_change": {
                "operator": "DEL",
                "src_type": "LocalVariable",
                "dst_type": "null",
                "src": "java.lang.String STAR_TREE_CONFIG_NAME \u003d \"StarTreeIndex Config\"",
                "dst": "null",
                "src_parent_type": "Block",
                "dst_parent_type": "null",
                "src_parent": "{\n    if ((indexingConfig \u003d\u003d null) || (schema \u003d\u003d null)) {\n        return;\n    }\n    com.google.common.collect.ArrayListMultimap\u003cjava.lang.String, java.lang.String\u003e columnNameToConfigMap \u003d com.google.common.collect.ArrayListMultimap.create();\n    java.util.Set\u003cjava.lang.String\u003e noDictionaryColumnsSet \u003d new java.util.HashSet\u003c\u003e();\n    java.lang.String STAR_TREE_CONFIG_NAME \u003d \"StarTreeIndex Config\";\n    if ((indexingConfig.getNoDictionaryColumns()) !\u003d null) {\n        for (java.lang.String columnName : indexingConfig.getNoDictionaryColumns()) {\n            columnNameToConfigMap.put(columnName, \"No Dictionary Column Config\");\n            noDictionaryColumnsSet.add(columnName);\n        }\n    }\n    java.util.Set\u003cjava.lang.String\u003e bloomFilterColumns \u003d new java.util.HashSet\u003c\u003e();\n    if ((indexingConfig.getBloomFilterColumns()) !\u003d null) {\n        bloomFilterColumns.addAll(indexingConfig.getBloomFilterColumns());\n    }\n    if ((indexingConfig.getBloomFilterConfigs()) !\u003d null) {\n        bloomFilterColumns.addAll(indexingConfig.getBloomFilterConfigs().keySet());\n    }\n    for (java.lang.String bloomFilterColumn : bloomFilterColumns) {\n        if (noDictionaryColumnsSet.contains(bloomFilterColumn)) {\n            throw new java.lang.IllegalStateException(((\"Cannot create a Bloom Filter on column \" + bloomFilterColumn) + \" specified in the noDictionaryColumns config\"));\n        }\n        columnNameToConfigMap.put(bloomFilterColumn, \"Bloom Filter Config\");\n    }\n    if ((indexingConfig.getInvertedIndexColumns()) !\u003d null) {\n        for (java.lang.String columnName : indexingConfig.getInvertedIndexColumns()) {\n            if (noDictionaryColumnsSet.contains(columnName)) {\n                throw new java.lang.IllegalStateException(((\"Cannot create an Inverted index on column \" + columnName) + \" specified in the noDictionaryColumns config\"));\n            }\n            columnNameToConfigMap.put(columnName, \"Inverted Index Config\");\n        }\n    }\n    if ((indexingConfig.getOnHeapDictionaryColumns()) !\u003d null) {\n        for (java.lang.String columnName : indexingConfig.getOnHeapDictionaryColumns()) {\n            columnNameToConfigMap.put(columnName, \"On Heap Dictionary Column Config\");\n        }\n    }\n    if ((indexingConfig.getRangeIndexColumns()) !\u003d null) {\n        for (java.lang.String columnName : indexingConfig.getRangeIndexColumns()) {\n            columnNameToConfigMap.put(columnName, \"Range Column Config\");\n        }\n    }\n    if ((indexingConfig.getSortedColumn()) !\u003d null) {\n        for (java.lang.String columnName : indexingConfig.getSortedColumn()) {\n            columnNameToConfigMap.put(columnName, \"Sorted Column Config\");\n        }\n    }\n    if ((indexingConfig.getVarLengthDictionaryColumns()) !\u003d null) {\n        for (java.lang.String columnName : indexingConfig.getVarLengthDictionaryColumns()) {\n            columnNameToConfigMap.put(columnName, \"Var Length Column Config\");\n        }\n    }\n    if (((indexingConfig.getSegmentPartitionConfig()) !\u003d null) \u0026\u0026 ((indexingConfig.getSegmentPartitionConfig().getColumnPartitionMap()) !\u003d null)) {\n        for (java.lang.String columnName : indexingConfig.getSegmentPartitionConfig().getColumnPartitionMap().keySet()) {\n            columnNameToConfigMap.put(columnName, \"Segment Partition Config\");\n        }\n    }\n    if ((indexingConfig.getJsonIndexColumns()) !\u003d null) {\n        for (java.lang.String columnName : indexingConfig.getJsonIndexColumns()) {\n            columnNameToConfigMap.put(columnName, \"Json Index Config\");\n        }\n    }\n    java.util.List\u003corg.apache.pinot.spi.config.table.StarTreeIndexConfig\u003e starTreeIndexConfigList \u003d indexingConfig.getStarTreeIndexConfigs();\n    if (starTreeIndexConfigList !\u003d null) {\n        for (org.apache.pinot.spi.config.table.StarTreeIndexConfig starTreeIndexConfig : starTreeIndexConfigList) {\n            for (java.lang.String columnName : starTreeIndexConfig.getDimensionsSplitOrder()) {\n                columnNameToConfigMap.put(columnName, STAR_TREE_CONFIG_NAME);\n            }\n            for (java.lang.String functionColumnPair : starTreeIndexConfig.getFunctionColumnPairs()) {\n                org.apache.pinot.segment.spi.index.startree.AggregationFunctionColumnPair columnPair;\n                try {\n                    columnPair \u003d org.apache.pinot.segment.spi.index.startree.AggregationFunctionColumnPair.fromColumnName(functionColumnPair);\n                } catch (java.lang.Exception e) {\n                    throw new java.lang.IllegalStateException((((\"Invalid StarTreeIndex config: \" + functionColumnPair) + \". Must be\") + \"in the form \u003cAggregation function\u003e__\u003cColumn name\u003e\"));\n                }\n                java.lang.String columnName \u003d columnPair.getColumn();\n                if (!(columnName.equals(AggregationFunctionColumnPair.STAR))) {\n                    columnNameToConfigMap.put(columnName, STAR_TREE_CONFIG_NAME);\n                }\n            }\n            java.util.List\u003cjava.lang.String\u003e skipDimensionList \u003d starTreeIndexConfig.getSkipStarNodeCreationForDimensions();\n            if (skipDimensionList !\u003d null) {\n                for (java.lang.String columnName : skipDimensionList) {\n                    columnNameToConfigMap.put(columnName, STAR_TREE_CONFIG_NAME);\n                }\n            }\n        }\n    }\n    for (java.util.Map.Entry\u003cjava.lang.String, java.lang.String\u003e entry : columnNameToConfigMap.entries()) {\n        java.lang.String columnName \u003d entry.getKey();\n        java.lang.String configName \u003d entry.getValue();\n        org.apache.pinot.spi.data.FieldSpec columnFieldSpec \u003d schema.getFieldSpecFor(columnName);\n        com.google.common.base.Preconditions.checkState((columnFieldSpec !\u003d null), ((((\"Column Name \" + columnName) + \" defined in \") + configName) + \" must be a valid column defined in the schema\"));\n        if (configName.equals(STAR_TREE_CONFIG_NAME)) {\n            com.google.common.base.Preconditions.checkState(columnFieldSpec.isSingleValueField(), ((((\"Column Name \" + columnName) + \" defined in \") + configName) + \" must be a single value column\"));\n        }\n    }\n    if ((indexingConfig.getRangeIndexColumns()) !\u003d null) {\n        for (java.lang.String rangeIndexCol : indexingConfig.getRangeIndexColumns()) {\n            com.google.common.base.Preconditions.checkState(((schema.getFieldSpecFor(rangeIndexCol).getDataType().isNumeric()) || (!(noDictionaryColumnsSet.contains(rangeIndexCol)))), (\"Cannot create a range index on non-numeric/no-dictionary column \" + rangeIndexCol));\n        }\n    }\n    if ((indexingConfig.getVarLengthDictionaryColumns()) !\u003d null) {\n        for (java.lang.String varLenDictCol : indexingConfig.getVarLengthDictionaryColumns()) {\n            org.apache.pinot.spi.data.FieldSpec varLenDictFieldSpec \u003d schema.getFieldSpecFor(varLenDictCol);\n            switch (varLenDictFieldSpec.getDataType().getStoredType()) {\n                case STRING :\n                case BYTES :\n                    continue;\n                default :\n                    throw new java.lang.IllegalStateException((\"var length dictionary can only be created for columns of type STRING and BYTES. Invalid for column \" + varLenDictCol));\n            }\n        }\n    }\n    if ((indexingConfig.getJsonIndexColumns()) !\u003d null) {\n        for (java.lang.String jsonIndexCol : indexingConfig.getJsonIndexColumns()) {\n            org.apache.pinot.spi.data.FieldSpec fieldSpec \u003d schema.getFieldSpecFor(jsonIndexCol);\n            com.google.common.base.Preconditions.checkState(((fieldSpec.isSingleValueField()) \u0026\u0026 ((fieldSpec.getDataType().getStoredType()) \u003d\u003d (org.apache.pinot.spi.data.FieldSpec.DataType.STRING))), \"Json index can only be created for single value String column. Invalid for column: %s\", jsonIndexCol);\n        }\n    }\n}",
                "dst_parent": "null"
              },
              "line": 461,
              "file": "/home/khesoem/projects/lighter/exp/pinot-segment-local/src/main/java/org/apache/pinot/segment/local/utils/TableConfigUtils.java",
              "stats": {
                "number_of_src_entities": 6,
                "number_of_dst_entities": -1,
                "src_entity_types": "[java.lang.String]",
                "dst_entity_types": "[]"
              }
            }
          ]
        }
      ]
    },
    {
      "revision": "f3ce66fe4781205ee74b99529918888347575f04",
      "repairability": [
        {
          "tool-name": "Arja",
          "pattern-name": "Arja:arja_shallow_change",
          "Unified_Diff_of-files:": "Starts Below...",
          "CHANGE_old:": "                + indexDir);",
          "CHANGE_new:": "",
          "DELETE:": "",
          "instance_detail": [
            {
              "pattern_action": "ANY",
              "pattern_entity": {
                "entity_type": "Statement",
                "entity_new value": "*",
                "entity_role": "*",
                "entity_parent": "null"
              },
              "concrete_change": {
                "operator": "INS",
                "src_type": "Break",
                "dst_type": "null",
                "src": "break",
                "dst": "null",
                "src_parent_type": "Case",
                "dst_parent_type": "null",
                "src_parent": "case METRIC :\n    if (fieldSpec.getDataType().isNumeric()) {\n        numericMetrics.add(column);\n    }\n    break;",
                "dst_parent": "null"
              },
              "line": 128,
              "file": "/home/khesoem/projects/lighter/exp/pinot-segment-local/src/main/java/org/apache/pinot/segment/local/startree/v2/builder/StarTreeV2BuilderConfig.java",
              "stats": {
                "number_of_src_entities": 1,
                "number_of_dst_entities": -1,
                "src_entity_types": "[]",
                "dst_entity_types": "[]"
              }
            }
          ]
        }
      ]
    },
    {
      "revision": "f3ce66fe4781205ee74b99529918888347575f04",
      "repairability": [
        {
          "tool-name": "Arja",
          "pattern-name": "Arja:arja_deep_change",
          "Unified_Diff_of-files:": "Starts Below...",
          "CHANGE_old:": "                + indexDir);",
          "CHANGE_new:": "",
          "DELETE:": "",
          "instance_detail": [
            {
              "pattern_action": "ANY",
              "pattern_entity": {
                "entity_type": "*",
                "entity_new value": "*",
                "entity_role": "*",
                "entity_parent": {
                  "entity_type": "Statement",
                  "entity_new value": "*",
                  "entity_role": "*",
                  "entity_parent": "null"
                }
              },
              "concrete_change": {
                "operator": "INS",
                "src_type": "TypeAccess",
                "dst_type": "null",
                "src": "org.apache.pinot.segment.local.segment.index.readers.LuceneFSTIndexReader",
                "dst": "null",
                "src_parent_type": "ThisAccess",
                "dst_parent_type": "null",
                "src_parent": "",
                "dst_parent": "null"
              },
              "stats": {
                "number_of_src_entities": 3,
                "number_of_dst_entities": -1,
                "src_entity_types": "[org.apache.pinot.segment.local.segment.index.readers.LuceneFSTIndexReader]",
                "dst_entity_types": "[]"
              }
            }
          ]
        },
        {
          "tool-name": "Arja",
          "pattern-name": "Arja:arja_deep_change",
          "Unified_Diff_of-files:": "Starts Below...",
          "CHANGE_old:": "                + indexDir);",
          "CHANGE_new:": "",
          "DELETE:": "",
          "instance_detail": [
            {
              "pattern_action": "ANY",
              "pattern_entity": {
                "entity_type": "*",
                "entity_new value": "*",
                "entity_role": "*",
                "entity_parent": {
                  "entity_type": "Statement",
                  "entity_new value": "*",
                  "entity_role": "*",
                  "entity_parent": "null"
                }
              },
              "concrete_change": {
                "operator": "INS",
                "src_type": "TypeAccess",
                "dst_type": "null",
                "src": "org.apache.pinot.segment.local.segment.index.readers.LuceneFSTIndexReader",
                "dst": "null",
                "src_parent_type": "ThisAccess",
                "dst_parent_type": "null",
                "src_parent": "",
                "dst_parent": "null"
              },
              "stats": {
                "number_of_src_entities": 3,
                "number_of_dst_entities": -1,
                "src_entity_types": "[org.apache.pinot.segment.local.segment.index.readers.LuceneFSTIndexReader]",
                "dst_entity_types": "[]"
              }
            }
          ]
        },
        {
          "tool-name": "Arja",
          "pattern-name": "Arja:arja_deep_change",
          "Unified_Diff_of-files:": "Starts Below...",
          "CHANGE_old:": "                + indexDir);",
          "CHANGE_new:": "",
          "DELETE:": "",
          "instance_detail": [
            {
              "pattern_action": "ANY",
              "pattern_entity": {
                "entity_type": "*",
                "entity_new value": "*",
                "entity_role": "*",
                "entity_parent": {
                  "entity_type": "Statement",
                  "entity_new value": "*",
                  "entity_role": "*",
                  "entity_parent": "null"
                }
              },
              "concrete_change": {
                "operator": "INS",
                "src_type": "TypeAccess",
                "dst_type": "null",
                "src": "org.apache.pinot.segment.local.segment.index.readers.LuceneFSTIndexReader",
                "dst": "null",
                "src_parent_type": "ThisAccess",
                "dst_parent_type": "null",
                "src_parent": "",
                "dst_parent": "null"
              },
              "stats": {
                "number_of_src_entities": 3,
                "number_of_dst_entities": -1,
                "src_entity_types": "[org.apache.pinot.segment.local.segment.index.readers.LuceneFSTIndexReader]",
                "dst_entity_types": "[]"
              }
            }
          ]
        },
        {
          "tool-name": "Arja",
          "pattern-name": "Arja:arja_deep_change",
          "Unified_Diff_of-files:": "Starts Below...",
          "CHANGE_old:": "                + indexDir);",
          "CHANGE_new:": "",
          "DELETE:": "",
          "instance_detail": [
            {
              "pattern_action": "ANY",
              "pattern_entity": {
                "entity_type": "*",
                "entity_new value": "*",
                "entity_role": "*",
                "entity_parent": {
                  "entity_type": "Statement",
                  "entity_new value": "*",
                  "entity_role": "*",
                  "entity_parent": "null"
                }
              },
              "concrete_change": {
                "operator": "INS",
                "src_type": "TypeAccess",
                "dst_type": "null",
                "src": "org.apache.pinot.segment.local.segment.index.readers.LuceneFSTIndexReader",
                "dst": "null",
                "src_parent_type": "ThisAccess",
                "dst_parent_type": "null",
                "src_parent": "",
                "dst_parent": "null"
              },
              "stats": {
                "number_of_src_entities": 3,
                "number_of_dst_entities": -1,
                "src_entity_types": "[org.apache.pinot.segment.local.segment.index.readers.LuceneFSTIndexReader]",
                "dst_entity_types": "[]"
              }
            }
          ]
        },
        {
          "tool-name": "Arja",
          "pattern-name": "Arja:arja_deep_change",
          "Unified_Diff_of-files:": "Starts Below...",
          "CHANGE_old:": "                + indexDir);",
          "CHANGE_new:": "",
          "DELETE:": "",
          "instance_detail": [
            {
              "pattern_action": "ANY",
              "pattern_entity": {
                "entity_type": "*",
                "entity_new value": "*",
                "entity_role": "*",
                "entity_parent": {
                  "entity_type": "Statement",
                  "entity_new value": "*",
                  "entity_role": "*",
                  "entity_parent": "null"
                }
              },
              "concrete_change": {
                "operator": "DEL",
                "src_type": "ThisAccess",
                "dst_type": "null",
                "src": "this",
                "dst": "null",
                "src_parent_type": "FieldWrite",
                "dst_parent_type": "null",
                "src_parent": "this._dataBuffer",
                "dst_parent": "null"
              },
              "line": 51,
              "file": "/home/khesoem/projects/lighter/exp/pinot-segment-local/src/main/java/org/apache/pinot/segment/local/segment/index/readers/LuceneFSTIndexReader.java",
              "stats": {
                "number_of_src_entities": 6,
                "number_of_dst_entities": -1,
                "src_entity_types": "[org.apache.pinot.segment.local.segment.index.readers.LuceneFSTIndexReader]",
                "dst_entity_types": "[]"
              }
            }
          ]
        },
        {
          "tool-name": "Arja",
          "pattern-name": "Arja:arja_deep_change",
          "Unified_Diff_of-files:": "Starts Below...",
          "CHANGE_old:": "                + indexDir);",
          "CHANGE_new:": "",
          "DELETE:": "",
          "instance_detail": [
            {
              "pattern_action": "ANY",
              "pattern_entity": {
                "entity_type": "*",
                "entity_new value": "*",
                "entity_role": "*",
                "entity_parent": {
                  "entity_type": "Statement",
                  "entity_new value": "*",
                  "entity_role": "*",
                  "entity_parent": "null"
                }
              },
              "concrete_change": {
                "operator": "DEL",
                "src_type": "ThisAccess",
                "dst_type": "null",
                "src": "this",
                "dst": "null",
                "src_parent_type": "FieldWrite",
                "dst_parent_type": "null",
                "src_parent": "this._dataBufferIndexInput",
                "dst_parent": "null"
              },
              "line": 52,
              "file": "/home/khesoem/projects/lighter/exp/pinot-segment-local/src/main/java/org/apache/pinot/segment/local/segment/index/readers/LuceneFSTIndexReader.java",
              "stats": {
                "number_of_src_entities": 6,
                "number_of_dst_entities": -1,
                "src_entity_types": "[org.apache.pinot.segment.local.segment.index.readers.LuceneFSTIndexReader]",
                "dst_entity_types": "[]"
              }
            }
          ]
        },
        {
          "tool-name": "Arja",
          "pattern-name": "Arja:arja_deep_change",
          "Unified_Diff_of-files:": "Starts Below...",
          "CHANGE_old:": "                + indexDir);",
          "CHANGE_new:": "",
          "DELETE:": "",
          "instance_detail": [
            {
              "pattern_action": "ANY",
              "pattern_entity": {
                "entity_type": "*",
                "entity_new value": "*",
                "entity_role": "*",
                "entity_parent": {
                  "entity_type": "Statement",
                  "entity_new value": "*",
                  "entity_role": "*",
                  "entity_parent": "null"
                }
              },
              "concrete_change": {
                "operator": "DEL",
                "src_type": "ThisAccess",
                "dst_type": "null",
                "src": "this",
                "dst": "null",
                "src_parent_type": "FieldWrite",
                "dst_parent_type": "null",
                "src_parent": "this._readFST",
                "dst_parent": "null"
              },
              "line": 54,
              "file": "/home/khesoem/projects/lighter/exp/pinot-segment-local/src/main/java/org/apache/pinot/segment/local/segment/index/readers/LuceneFSTIndexReader.java",
              "stats": {
                "number_of_src_entities": 6,
                "number_of_dst_entities": -1,
                "src_entity_types": "[org.apache.pinot.segment.local.segment.index.readers.LuceneFSTIndexReader]",
                "dst_entity_types": "[]"
              }
            }
          ]
        },
        {
          "tool-name": "Arja",
          "pattern-name": "Arja:arja_deep_change",
          "Unified_Diff_of-files:": "Starts Below...",
          "CHANGE_old:": "                + indexDir);",
          "CHANGE_new:": "",
          "DELETE:": "",
          "instance_detail": [
            {
              "pattern_action": "ANY",
              "pattern_entity": {
                "entity_type": "*",
                "entity_new value": "*",
                "entity_role": "*",
                "entity_parent": {
                  "entity_type": "Statement",
                  "entity_new value": "*",
                  "entity_role": "*",
                  "entity_parent": "null"
                }
              },
              "concrete_change": {
                "operator": "DEL",
                "src_type": "ThisAccess",
                "dst_type": "null",
                "src": "this",
                "dst": "null",
                "src_parent_type": "FieldRead",
                "dst_parent_type": "null",
                "src_parent": "this._readFST",
                "dst_parent": "null"
              },
              "line": 66,
              "file": "/home/khesoem/projects/lighter/exp/pinot-segment-local/src/main/java/org/apache/pinot/segment/local/segment/index/readers/LuceneFSTIndexReader.java",
              "stats": {
                "number_of_src_entities": 6,
                "number_of_dst_entities": -1,
                "src_entity_types": "[org.apache.pinot.segment.local.segment.index.readers.LuceneFSTIndexReader]",
                "dst_entity_types": "[]"
              }
            }
          ]
        }
      ]
    },
    {
      "revision": "f3ce66fe4781205ee74b99529918888347575f04",
      "repairability": [
        {
          "tool-name": "Arja",
          "pattern-name": "Arja:arja_deep_change",
          "Unified_Diff_of-files:": "Starts Below...",
          "CHANGE_old:": "                + indexDir);",
          "CHANGE_new:": "",
          "DELETE:": "",
          "instance_detail": [
            {
              "pattern_action": "ANY",
              "pattern_entity": {
                "entity_type": "*",
                "entity_new value": "*",
                "entity_role": "*",
                "entity_parent": {
                  "entity_type": "Statement",
                  "entity_new value": "*",
                  "entity_role": "*",
                  "entity_parent": "null"
                }
              },
              "concrete_change": {
                "operator": "INS",
                "src_type": "TypeAccess",
                "dst_type": "null",
                "src": "org.apache.pinot.segment.spi.creator.SegmentGeneratorConfig",
                "dst": "null",
                "src_parent_type": "ThisAccess",
                "dst_parent_type": "null",
                "src_parent": "",
                "dst_parent": "null"
              },
              "stats": {
                "number_of_src_entities": 3,
                "number_of_dst_entities": -1,
                "src_entity_types": "[org.apache.pinot.segment.spi.creator.SegmentGeneratorConfig]",
                "dst_entity_types": "[]"
              }
            }
          ]
        },
        {
          "tool-name": "Arja",
          "pattern-name": "Arja:arja_deep_change",
          "Unified_Diff_of-files:": "Starts Below...",
          "CHANGE_old:": "                + indexDir);",
          "CHANGE_new:": "",
          "DELETE:": "",
          "instance_detail": [
            {
              "pattern_action": "ANY",
              "pattern_entity": {
                "entity_type": "*",
                "entity_new value": "*",
                "entity_role": "*",
                "entity_parent": {
                  "entity_type": "Statement",
                  "entity_new value": "*",
                  "entity_role": "*",
                  "entity_parent": "null"
                }
              },
              "concrete_change": {
                "operator": "DEL",
                "src_type": "ThisAccess",
                "dst_type": "null",
                "src": "this",
                "dst": "null",
                "src_parent_type": "FieldWrite",
                "dst_parent_type": "null",
                "src_parent": "this._varLengthDictionaryColumns",
                "dst_parent": "null"
              },
              "line": 389,
              "file": "/home/khesoem/projects/lighter/exp/pinot-segment-spi/src/main/java/org/apache/pinot/segment/spi/creator/SegmentGeneratorConfig.java",
              "stats": {
                "number_of_src_entities": 6,
                "number_of_dst_entities": -1,
                "src_entity_types": "[org.apache.pinot.segment.spi.creator.SegmentGeneratorConfig]",
                "dst_entity_types": "[]"
              }
            }
          ]
        }
      ]
    }
  ],
  "complete_analysis": true
}