{
  "instances": [
    {
      "revision": "c22886a5bc56cb6a8c6ae9426acb3c854eaeb592",
      "repairability": [
        {
          "tool-name": "Arja",
          "pattern-name": "Arja:arja_shallow_change",
          "Unified_Diff_of-files:": "Starts Below...",
          "INSERT:": "  }",
          "CHANGE_old:": "",
          "CHANGE_new:": "        lineOfStackTracePerFrame++;",
          "instance_detail": [
            {
              "pattern_action": "ANY",
              "pattern_entity": {
                "entity_type": "Statement",
                "entity_new value": "*",
                "entity_role": "*",
                "entity_parent": "null"
              },
              "concrete_change": {
                "operator": "DEL",
                "src_type": "Invocation",
                "dst_type": "null",
                "src": "java.lang.Math.min(lines.length, org.apache.pinot.common.exception.QueryException._maxLinesOfStackTrace)",
                "dst": "null",
                "src_parent_type": "LocalVariable",
                "dst_parent_type": "null",
                "src_parent": "int numLinesOfStackTrace \u003d java.lang.Math.min(lines.length, org.apache.pinot.common.exception.QueryException._maxLinesOfStackTrace)",
                "dst_parent": "null"
              },
              "line": 152,
              "file": "/home/khesoem/projects/lighter/exp/pinot-common/src/main/java/org/apache/pinot/common/exception/QueryException.java"
            }
          ]
        },
        {
          "tool-name": "Arja",
          "pattern-name": "Arja:arja_shallow_change",
          "Unified_Diff_of-files:": "Starts Below...",
          "INSERT:": "  }",
          "CHANGE_old:": "",
          "CHANGE_new:": "        lineOfStackTracePerFrame++;",
          "instance_detail": [
            {
              "pattern_action": "ANY",
              "pattern_entity": {
                "entity_type": "Statement",
                "entity_new value": "*",
                "entity_role": "*",
                "entity_parent": "null"
              },
              "concrete_change": {
                "operator": "DEL",
                "src_type": "OperatorAssignment",
                "dst_type": "null",
                "src": "lengthOfStackTrace +\u003d lines[i].length()",
                "dst": "null",
                "src_parent_type": "Block",
                "dst_parent_type": "null",
                "src_parent": "{\n    lengthOfStackTrace +\u003d lines[i].length();\n}",
                "dst_parent": "null"
              },
              "line": 155,
              "file": "/home/khesoem/projects/lighter/exp/pinot-common/src/main/java/org/apache/pinot/common/exception/QueryException.java",
              "stats": {
                "number_of_src_entities": 21,
                "number_of_dst_entities": -1,
                "src_entity_types": "[int, java.lang.String]",
                "dst_entity_types": "[]"
              }
            }
          ]
        }
      ]
    }
  ],
  "complete_analysis": true
}