{
  "instances": [
    {
      "revision": "449bf94d0dd9ba7e07f32d44bcc534e95248c321",
      "repairability": [
        {
          "tool-name": "Arja",
          "pattern-name": "Arja:arja_shallow_change",
          "Unified_Diff_of-files:": "Starts Below...",
          "CHANGE_old:": "      }",
          "CHANGE_new:": "",
          "DELETE:": "    // Check special characters for STRING column",
          "instance_detail": [
            {
              "pattern_action": "ANY",
              "pattern_entity": {
                "entity_type": "Statement",
                "entity_new value": "*",
                "entity_role": "*",
                "entity_parent": "null"
              },
              "concrete_change": {
                "operator": "DEL",
                "src_type": "Invocation",
                "dst_type": "null",
                "src": "columnIndexCreationInfo.getMin().toString()",
                "dst": "null",
                "src_parent_type": "LocalVariable",
                "dst_parent_type": "null",
                "src_parent": "java.lang.String minValue \u003d columnIndexCreationInfo.getMin().toString()",
                "dst_parent": "null"
              },
              "line": 535,
              "file": "/home/khesoem/projects/lighter/exp/pinot-core/src/main/java/org/apache/pinot/core/segment/creator/impl/SegmentColumnarIndexCreator.java"
            }
          ]
        },
        {
          "tool-name": "Arja",
          "pattern-name": "Arja:arja_shallow_change",
          "Unified_Diff_of-files:": "Starts Below...",
          "CHANGE_old:": "      }",
          "CHANGE_new:": "",
          "DELETE:": "    // Check special characters for STRING column",
          "instance_detail": [
            {
              "pattern_action": "ANY",
              "pattern_entity": {
                "entity_type": "Statement",
                "entity_new value": "*",
                "entity_role": "*",
                "entity_parent": "null"
              },
              "concrete_change": {
                "operator": "DEL",
                "src_type": "Invocation",
                "dst_type": "null",
                "src": "columnIndexCreationInfo.getMax().toString()",
                "dst": "null",
                "src_parent_type": "LocalVariable",
                "dst_parent_type": "null",
                "src_parent": "java.lang.String maxValue \u003d columnIndexCreationInfo.getMax().toString()",
                "dst_parent": "null"
              },
              "line": 536,
              "file": "/home/khesoem/projects/lighter/exp/pinot-core/src/main/java/org/apache/pinot/core/segment/creator/impl/SegmentColumnarIndexCreator.java"
            }
          ]
        },
        {
          "tool-name": "Arja",
          "pattern-name": "Arja:arja_shallow_change",
          "Unified_Diff_of-files:": "Starts Below...",
          "CHANGE_old:": "      }",
          "CHANGE_new:": "",
          "DELETE:": "    // Check special characters for STRING column",
          "instance_detail": [
            {
              "pattern_action": "ANY",
              "pattern_entity": {
                "entity_type": "Statement",
                "entity_new value": "*",
                "entity_role": "*",
                "entity_parent": "null"
              },
              "concrete_change": {
                "operator": "DEL",
                "src_type": "Invocation",
                "dst_type": "null",
                "src": "org.apache.pinot.core.segment.creator.impl.SegmentColumnarIndexCreator.isValidPropertyValue(minValue)",
                "dst": "null",
                "src_parent_type": "If",
                "dst_parent_type": "null",
                "src_parent": "if (org.apache.pinot.core.segment.creator.impl.SegmentColumnarIndexCreator.isValidPropertyValue(minValue)) {\n    properties.setProperty(getKeyFor(column, org.apache.pinot.core.segment.creator.impl.MIN_VALUE), minValue);\n}",
                "dst_parent": "null"
              },
              "line": 540,
              "file": "/home/khesoem/projects/lighter/exp/pinot-core/src/main/java/org/apache/pinot/core/segment/creator/impl/SegmentColumnarIndexCreator.java"
            }
          ]
        },
        {
          "tool-name": "Arja",
          "pattern-name": "Arja:arja_shallow_change",
          "Unified_Diff_of-files:": "Starts Below...",
          "CHANGE_old:": "      }",
          "CHANGE_new:": "",
          "DELETE:": "    // Check special characters for STRING column",
          "instance_detail": [
            {
              "pattern_action": "ANY",
              "pattern_entity": {
                "entity_type": "Statement",
                "entity_new value": "*",
                "entity_role": "*",
                "entity_parent": "null"
              },
              "concrete_change": {
                "operator": "DEL",
                "src_type": "Invocation",
                "dst_type": "null",
                "src": "getKeyFor(column, org.apache.pinot.core.segment.creator.impl.MIN_VALUE)",
                "dst": "null",
                "src_parent_type": "Invocation",
                "dst_parent_type": "null",
                "src_parent": "properties.setProperty(getKeyFor(column, org.apache.pinot.core.segment.creator.impl.MIN_VALUE), minValue)",
                "dst_parent": "null"
              },
              "line": 541,
              "file": "/home/khesoem/projects/lighter/exp/pinot-core/src/main/java/org/apache/pinot/core/segment/creator/impl/SegmentColumnarIndexCreator.java"
            }
          ]
        },
        {
          "tool-name": "Arja",
          "pattern-name": "Arja:arja_shallow_change",
          "Unified_Diff_of-files:": "Starts Below...",
          "CHANGE_old:": "      }",
          "CHANGE_new:": "",
          "DELETE:": "    // Check special characters for STRING column",
          "instance_detail": [
            {
              "pattern_action": "ANY",
              "pattern_entity": {
                "entity_type": "Statement",
                "entity_new value": "*",
                "entity_role": "*",
                "entity_parent": "null"
              },
              "concrete_change": {
                "operator": "DEL",
                "src_type": "Invocation",
                "dst_type": "null",
                "src": "properties.setProperty(getKeyFor(column, org.apache.pinot.core.segment.creator.impl.MIN_VALUE), minValue)",
                "dst": "null",
                "src_parent_type": "Block",
                "dst_parent_type": "null",
                "src_parent": "{\n    properties.setProperty(getKeyFor(column, org.apache.pinot.core.segment.creator.impl.MIN_VALUE), minValue);\n}",
                "dst_parent": "null"
              },
              "line": 541,
              "file": "/home/khesoem/projects/lighter/exp/pinot-core/src/main/java/org/apache/pinot/core/segment/creator/impl/SegmentColumnarIndexCreator.java"
            }
          ]
        },
        {
          "tool-name": "Arja",
          "pattern-name": "Arja:arja_shallow_change",
          "Unified_Diff_of-files:": "Starts Below...",
          "CHANGE_old:": "      }",
          "CHANGE_new:": "",
          "DELETE:": "    // Check special characters for STRING column",
          "instance_detail": [
            {
              "pattern_action": "ANY",
              "pattern_entity": {
                "entity_type": "Statement",
                "entity_new value": "*",
                "entity_role": "*",
                "entity_parent": "null"
              },
              "concrete_change": {
                "operator": "DEL",
                "src_type": "Block",
                "dst_type": "null",
                "src": "{\n    properties.setProperty(getKeyFor(column, org.apache.pinot.core.segment.creator.impl.MIN_VALUE), minValue);\n}",
                "dst": "null",
                "src_parent_type": "If",
                "dst_parent_type": "null",
                "src_parent": "if (org.apache.pinot.core.segment.creator.impl.SegmentColumnarIndexCreator.isValidPropertyValue(minValue)) {\n    properties.setProperty(getKeyFor(column, org.apache.pinot.core.segment.creator.impl.MIN_VALUE), minValue);\n}",
                "dst_parent": "null"
              },
              "line": 540,
              "file": "/home/khesoem/projects/lighter/exp/pinot-core/src/main/java/org/apache/pinot/core/segment/creator/impl/SegmentColumnarIndexCreator.java"
            }
          ]
        },
        {
          "tool-name": "Arja",
          "pattern-name": "Arja:arja_shallow_change",
          "Unified_Diff_of-files:": "Starts Below...",
          "CHANGE_old:": "      }",
          "CHANGE_new:": "",
          "DELETE:": "    // Check special characters for STRING column",
          "instance_detail": [
            {
              "pattern_action": "ANY",
              "pattern_entity": {
                "entity_type": "Statement",
                "entity_new value": "*",
                "entity_role": "*",
                "entity_parent": "null"
              },
              "concrete_change": {
                "operator": "DEL",
                "src_type": "If",
                "dst_type": "null",
                "src": "if (org.apache.pinot.core.segment.creator.impl.SegmentColumnarIndexCreator.isValidPropertyValue(minValue)) {\n    properties.setProperty(getKeyFor(column, org.apache.pinot.core.segment.creator.impl.MIN_VALUE), minValue);\n}",
                "dst": "null",
                "src_parent_type": "Block",
                "dst_parent_type": "null",
                "src_parent": "{\n    if (org.apache.pinot.core.segment.creator.impl.SegmentColumnarIndexCreator.isValidPropertyValue(minValue)) {\n        properties.setProperty(getKeyFor(column, org.apache.pinot.core.segment.creator.impl.MIN_VALUE), minValue);\n    }\n    if (org.apache.pinot.core.segment.creator.impl.SegmentColumnarIndexCreator.isValidPropertyValue(maxValue)) {\n        properties.setProperty(getKeyFor(column, org.apache.pinot.core.segment.creator.impl.MAX_VALUE), maxValue);\n    }\n    if (org.apache.pinot.core.segment.creator.impl.SegmentColumnarIndexCreator.isValidPropertyValue(defaultNullValue)) {\n        properties.setProperty(getKeyFor(column, org.apache.pinot.core.segment.creator.impl.DEFAULT_NULL_VALUE), defaultNullValue);\n    }\n}",
                "dst_parent": "null"
              },
              "line": 540,
              "file": "/home/khesoem/projects/lighter/exp/pinot-core/src/main/java/org/apache/pinot/core/segment/creator/impl/SegmentColumnarIndexCreator.java",
              "stats": {
                "number_of_src_entities": 48,
                "number_of_dst_entities": -1,
                "src_entity_types": "[org.apache.pinot.core.segment.creator.impl.SegmentColumnarIndexCreator, java.lang.String, org.apache.commons.configuration.PropertiesConfiguration, org.apache.pinot.core.segment.creator.impl.MIN_VALUE]",
                "dst_entity_types": "[]"
              }
            }
          ]
        },
        {
          "tool-name": "Arja",
          "pattern-name": "Arja:arja_shallow_change",
          "Unified_Diff_of-files:": "Starts Below...",
          "CHANGE_old:": "      }",
          "CHANGE_new:": "",
          "DELETE:": "    // Check special characters for STRING column",
          "instance_detail": [
            {
              "pattern_action": "ANY",
              "pattern_entity": {
                "entity_type": "Statement",
                "entity_new value": "*",
                "entity_role": "*",
                "entity_parent": "null"
              },
              "concrete_change": {
                "operator": "DEL",
                "src_type": "Invocation",
                "dst_type": "null",
                "src": "org.apache.pinot.core.segment.creator.impl.SegmentColumnarIndexCreator.isValidPropertyValue(maxValue)",
                "dst": "null",
                "src_parent_type": "If",
                "dst_parent_type": "null",
                "src_parent": "if (org.apache.pinot.core.segment.creator.impl.SegmentColumnarIndexCreator.isValidPropertyValue(maxValue)) {\n    properties.setProperty(getKeyFor(column, org.apache.pinot.core.segment.creator.impl.MAX_VALUE), maxValue);\n}",
                "dst_parent": "null"
              },
              "line": 543,
              "file": "/home/khesoem/projects/lighter/exp/pinot-core/src/main/java/org/apache/pinot/core/segment/creator/impl/SegmentColumnarIndexCreator.java"
            }
          ]
        },
        {
          "tool-name": "Arja",
          "pattern-name": "Arja:arja_shallow_change",
          "Unified_Diff_of-files:": "Starts Below...",
          "CHANGE_old:": "      }",
          "CHANGE_new:": "",
          "DELETE:": "    // Check special characters for STRING column",
          "instance_detail": [
            {
              "pattern_action": "ANY",
              "pattern_entity": {
                "entity_type": "Statement",
                "entity_new value": "*",
                "entity_role": "*",
                "entity_parent": "null"
              },
              "concrete_change": {
                "operator": "DEL",
                "src_type": "Invocation",
                "dst_type": "null",
                "src": "getKeyFor(column, org.apache.pinot.core.segment.creator.impl.MAX_VALUE)",
                "dst": "null",
                "src_parent_type": "Invocation",
                "dst_parent_type": "null",
                "src_parent": "properties.setProperty(getKeyFor(column, org.apache.pinot.core.segment.creator.impl.MAX_VALUE), maxValue)",
                "dst_parent": "null"
              },
              "line": 544,
              "file": "/home/khesoem/projects/lighter/exp/pinot-core/src/main/java/org/apache/pinot/core/segment/creator/impl/SegmentColumnarIndexCreator.java"
            }
          ]
        },
        {
          "tool-name": "Arja",
          "pattern-name": "Arja:arja_shallow_change",
          "Unified_Diff_of-files:": "Starts Below...",
          "CHANGE_old:": "      }",
          "CHANGE_new:": "",
          "DELETE:": "    // Check special characters for STRING column",
          "instance_detail": [
            {
              "pattern_action": "ANY",
              "pattern_entity": {
                "entity_type": "Statement",
                "entity_new value": "*",
                "entity_role": "*",
                "entity_parent": "null"
              },
              "concrete_change": {
                "operator": "DEL",
                "src_type": "Invocation",
                "dst_type": "null",
                "src": "properties.setProperty(getKeyFor(column, org.apache.pinot.core.segment.creator.impl.MAX_VALUE), maxValue)",
                "dst": "null",
                "src_parent_type": "Block",
                "dst_parent_type": "null",
                "src_parent": "{\n    properties.setProperty(getKeyFor(column, org.apache.pinot.core.segment.creator.impl.MAX_VALUE), maxValue);\n}",
                "dst_parent": "null"
              },
              "line": 544,
              "file": "/home/khesoem/projects/lighter/exp/pinot-core/src/main/java/org/apache/pinot/core/segment/creator/impl/SegmentColumnarIndexCreator.java"
            }
          ]
        },
        {
          "tool-name": "Arja",
          "pattern-name": "Arja:arja_shallow_change",
          "Unified_Diff_of-files:": "Starts Below...",
          "CHANGE_old:": "      }",
          "CHANGE_new:": "",
          "DELETE:": "    // Check special characters for STRING column",
          "instance_detail": [
            {
              "pattern_action": "ANY",
              "pattern_entity": {
                "entity_type": "Statement",
                "entity_new value": "*",
                "entity_role": "*",
                "entity_parent": "null"
              },
              "concrete_change": {
                "operator": "DEL",
                "src_type": "Block",
                "dst_type": "null",
                "src": "{\n    properties.setProperty(getKeyFor(column, org.apache.pinot.core.segment.creator.impl.MAX_VALUE), maxValue);\n}",
                "dst": "null",
                "src_parent_type": "If",
                "dst_parent_type": "null",
                "src_parent": "if (org.apache.pinot.core.segment.creator.impl.SegmentColumnarIndexCreator.isValidPropertyValue(maxValue)) {\n    properties.setProperty(getKeyFor(column, org.apache.pinot.core.segment.creator.impl.MAX_VALUE), maxValue);\n}",
                "dst_parent": "null"
              },
              "line": 543,
              "file": "/home/khesoem/projects/lighter/exp/pinot-core/src/main/java/org/apache/pinot/core/segment/creator/impl/SegmentColumnarIndexCreator.java"
            }
          ]
        },
        {
          "tool-name": "Arja",
          "pattern-name": "Arja:arja_shallow_change",
          "Unified_Diff_of-files:": "Starts Below...",
          "CHANGE_old:": "      }",
          "CHANGE_new:": "",
          "DELETE:": "    // Check special characters for STRING column",
          "instance_detail": [
            {
              "pattern_action": "ANY",
              "pattern_entity": {
                "entity_type": "Statement",
                "entity_new value": "*",
                "entity_role": "*",
                "entity_parent": "null"
              },
              "concrete_change": {
                "operator": "DEL",
                "src_type": "If",
                "dst_type": "null",
                "src": "if (org.apache.pinot.core.segment.creator.impl.SegmentColumnarIndexCreator.isValidPropertyValue(maxValue)) {\n    properties.setProperty(getKeyFor(column, org.apache.pinot.core.segment.creator.impl.MAX_VALUE), maxValue);\n}",
                "dst": "null",
                "src_parent_type": "Block",
                "dst_parent_type": "null",
                "src_parent": "{\n    if (org.apache.pinot.core.segment.creator.impl.SegmentColumnarIndexCreator.isValidPropertyValue(minValue)) {\n        properties.setProperty(getKeyFor(column, org.apache.pinot.core.segment.creator.impl.MIN_VALUE), minValue);\n    }\n    if (org.apache.pinot.core.segment.creator.impl.SegmentColumnarIndexCreator.isValidPropertyValue(maxValue)) {\n        properties.setProperty(getKeyFor(column, org.apache.pinot.core.segment.creator.impl.MAX_VALUE), maxValue);\n    }\n    if (org.apache.pinot.core.segment.creator.impl.SegmentColumnarIndexCreator.isValidPropertyValue(defaultNullValue)) {\n        properties.setProperty(getKeyFor(column, org.apache.pinot.core.segment.creator.impl.DEFAULT_NULL_VALUE), defaultNullValue);\n    }\n}",
                "dst_parent": "null"
              },
              "line": 543,
              "file": "/home/khesoem/projects/lighter/exp/pinot-core/src/main/java/org/apache/pinot/core/segment/creator/impl/SegmentColumnarIndexCreator.java",
              "stats": {
                "number_of_src_entities": 48,
                "number_of_dst_entities": -1,
                "src_entity_types": "[org.apache.pinot.core.segment.creator.impl.SegmentColumnarIndexCreator, java.lang.String, org.apache.commons.configuration.PropertiesConfiguration, org.apache.pinot.core.segment.creator.impl.MAX_VALUE]",
                "dst_entity_types": "[]"
              }
            }
          ]
        },
        {
          "tool-name": "Arja",
          "pattern-name": "Arja:arja_shallow_change",
          "Unified_Diff_of-files:": "Starts Below...",
          "CHANGE_old:": "      }",
          "CHANGE_new:": "",
          "DELETE:": "    // Check special characters for STRING column",
          "instance_detail": [
            {
              "pattern_action": "ANY",
              "pattern_entity": {
                "entity_type": "Statement",
                "entity_new value": "*",
                "entity_role": "*",
                "entity_parent": "null"
              },
              "concrete_change": {
                "operator": "DEL",
                "src_type": "Invocation",
                "dst_type": "null",
                "src": "getKeyFor(column, org.apache.pinot.core.segment.creator.impl.MIN_VALUE)",
                "dst": "null",
                "src_parent_type": "Invocation",
                "dst_parent_type": "null",
                "src_parent": "properties.setProperty(getKeyFor(column, org.apache.pinot.core.segment.creator.impl.MIN_VALUE), minValue)",
                "dst_parent": "null"
              },
              "line": 550,
              "file": "/home/khesoem/projects/lighter/exp/pinot-core/src/main/java/org/apache/pinot/core/segment/creator/impl/SegmentColumnarIndexCreator.java"
            }
          ]
        },
        {
          "tool-name": "Arja",
          "pattern-name": "Arja:arja_shallow_change",
          "Unified_Diff_of-files:": "Starts Below...",
          "CHANGE_old:": "      }",
          "CHANGE_new:": "",
          "DELETE:": "    // Check special characters for STRING column",
          "instance_detail": [
            {
              "pattern_action": "ANY",
              "pattern_entity": {
                "entity_type": "Statement",
                "entity_new value": "*",
                "entity_role": "*",
                "entity_parent": "null"
              },
              "concrete_change": {
                "operator": "DEL",
                "src_type": "Invocation",
                "dst_type": "null",
                "src": "properties.setProperty(getKeyFor(column, org.apache.pinot.core.segment.creator.impl.MIN_VALUE), minValue)",
                "dst": "null",
                "src_parent_type": "Block",
                "dst_parent_type": "null",
                "src_parent": "{\n    properties.setProperty(getKeyFor(column, org.apache.pinot.core.segment.creator.impl.MIN_VALUE), minValue);\n    properties.setProperty(getKeyFor(column, org.apache.pinot.core.segment.creator.impl.MAX_VALUE), maxValue);\n    properties.setProperty(getKeyFor(column, org.apache.pinot.core.segment.creator.impl.DEFAULT_NULL_VALUE), defaultNullValue);\n}",
                "dst_parent": "null"
              },
              "line": 550,
              "file": "/home/khesoem/projects/lighter/exp/pinot-core/src/main/java/org/apache/pinot/core/segment/creator/impl/SegmentColumnarIndexCreator.java"
            }
          ]
        },
        {
          "tool-name": "Arja",
          "pattern-name": "Arja:arja_shallow_change",
          "Unified_Diff_of-files:": "Starts Below...",
          "CHANGE_old:": "      }",
          "CHANGE_new:": "",
          "DELETE:": "    // Check special characters for STRING column",
          "instance_detail": [
            {
              "pattern_action": "ANY",
              "pattern_entity": {
                "entity_type": "Statement",
                "entity_new value": "*",
                "entity_role": "*",
                "entity_parent": "null"
              },
              "concrete_change": {
                "operator": "DEL",
                "src_type": "Invocation",
                "dst_type": "null",
                "src": "getKeyFor(column, org.apache.pinot.core.segment.creator.impl.MAX_VALUE)",
                "dst": "null",
                "src_parent_type": "Invocation",
                "dst_parent_type": "null",
                "src_parent": "properties.setProperty(getKeyFor(column, org.apache.pinot.core.segment.creator.impl.MAX_VALUE), maxValue)",
                "dst_parent": "null"
              },
              "line": 551,
              "file": "/home/khesoem/projects/lighter/exp/pinot-core/src/main/java/org/apache/pinot/core/segment/creator/impl/SegmentColumnarIndexCreator.java"
            }
          ]
        },
        {
          "tool-name": "Arja",
          "pattern-name": "Arja:arja_shallow_change",
          "Unified_Diff_of-files:": "Starts Below...",
          "CHANGE_old:": "      }",
          "CHANGE_new:": "",
          "DELETE:": "    // Check special characters for STRING column",
          "instance_detail": [
            {
              "pattern_action": "ANY",
              "pattern_entity": {
                "entity_type": "Statement",
                "entity_new value": "*",
                "entity_role": "*",
                "entity_parent": "null"
              },
              "concrete_change": {
                "operator": "DEL",
                "src_type": "Invocation",
                "dst_type": "null",
                "src": "properties.setProperty(getKeyFor(column, org.apache.pinot.core.segment.creator.impl.MAX_VALUE), maxValue)",
                "dst": "null",
                "src_parent_type": "Block",
                "dst_parent_type": "null",
                "src_parent": "{\n    properties.setProperty(getKeyFor(column, org.apache.pinot.core.segment.creator.impl.MIN_VALUE), minValue);\n    properties.setProperty(getKeyFor(column, org.apache.pinot.core.segment.creator.impl.MAX_VALUE), maxValue);\n    properties.setProperty(getKeyFor(column, org.apache.pinot.core.segment.creator.impl.DEFAULT_NULL_VALUE), defaultNullValue);\n}",
                "dst_parent": "null"
              },
              "line": 551,
              "file": "/home/khesoem/projects/lighter/exp/pinot-core/src/main/java/org/apache/pinot/core/segment/creator/impl/SegmentColumnarIndexCreator.java"
            }
          ]
        },
        {
          "tool-name": "Arja",
          "pattern-name": "Arja:arja_shallow_change",
          "Unified_Diff_of-files:": "Starts Below...",
          "CHANGE_old:": "      }",
          "CHANGE_new:": "",
          "DELETE:": "    // Check special characters for STRING column",
          "instance_detail": [
            {
              "pattern_action": "ANY",
              "pattern_entity": {
                "entity_type": "Statement",
                "entity_new value": "*",
                "entity_role": "*",
                "entity_parent": "null"
              },
              "concrete_change": {
                "operator": "DEL",
                "src_type": "Invocation",
                "dst_type": "null",
                "src": "getKeyFor(column, org.apache.pinot.core.segment.creator.impl.DEFAULT_NULL_VALUE)",
                "dst": "null",
                "src_parent_type": "Invocation",
                "dst_parent_type": "null",
                "src_parent": "properties.setProperty(getKeyFor(column, org.apache.pinot.core.segment.creator.impl.DEFAULT_NULL_VALUE), defaultNullValue)",
                "dst_parent": "null"
              },
              "line": 552,
              "file": "/home/khesoem/projects/lighter/exp/pinot-core/src/main/java/org/apache/pinot/core/segment/creator/impl/SegmentColumnarIndexCreator.java"
            }
          ]
        },
        {
          "tool-name": "Arja",
          "pattern-name": "Arja:arja_shallow_change",
          "Unified_Diff_of-files:": "Starts Below...",
          "CHANGE_old:": "      }",
          "CHANGE_new:": "",
          "DELETE:": "    // Check special characters for STRING column",
          "instance_detail": [
            {
              "pattern_action": "ANY",
              "pattern_entity": {
                "entity_type": "Statement",
                "entity_new value": "*",
                "entity_role": "*",
                "entity_parent": "null"
              },
              "concrete_change": {
                "operator": "DEL",
                "src_type": "Invocation",
                "dst_type": "null",
                "src": "properties.setProperty(getKeyFor(column, org.apache.pinot.core.segment.creator.impl.DEFAULT_NULL_VALUE), defaultNullValue)",
                "dst": "null",
                "src_parent_type": "Block",
                "dst_parent_type": "null",
                "src_parent": "{\n    properties.setProperty(getKeyFor(column, org.apache.pinot.core.segment.creator.impl.MIN_VALUE), minValue);\n    properties.setProperty(getKeyFor(column, org.apache.pinot.core.segment.creator.impl.MAX_VALUE), maxValue);\n    properties.setProperty(getKeyFor(column, org.apache.pinot.core.segment.creator.impl.DEFAULT_NULL_VALUE), defaultNullValue);\n}",
                "dst_parent": "null"
              },
              "line": 552,
              "file": "/home/khesoem/projects/lighter/exp/pinot-core/src/main/java/org/apache/pinot/core/segment/creator/impl/SegmentColumnarIndexCreator.java"
            }
          ]
        },
        {
          "tool-name": "Arja",
          "pattern-name": "Arja:arja_shallow_change",
          "Unified_Diff_of-files:": "Starts Below...",
          "CHANGE_old:": "      }",
          "CHANGE_new:": "",
          "DELETE:": "    // Check special characters for STRING column",
          "instance_detail": [
            {
              "pattern_action": "ANY",
              "pattern_entity": {
                "entity_type": "Statement",
                "entity_new value": "*",
                "entity_role": "*",
                "entity_parent": "null"
              },
              "concrete_change": {
                "operator": "DEL",
                "src_type": "Block",
                "dst_type": "null",
                "src": "{\n    properties.setProperty(getKeyFor(column, org.apache.pinot.core.segment.creator.impl.MIN_VALUE), minValue);\n    properties.setProperty(getKeyFor(column, org.apache.pinot.core.segment.creator.impl.MAX_VALUE), maxValue);\n    properties.setProperty(getKeyFor(column, org.apache.pinot.core.segment.creator.impl.DEFAULT_NULL_VALUE), defaultNullValue);\n}",
                "dst": "null",
                "src_parent_type": "If",
                "dst_parent_type": "null",
                "src_parent": "if (dataType \u003d\u003d (org.apache.pinot.spi.data.FieldSpec.DataType.STRING)) {\n    if (org.apache.pinot.core.segment.creator.impl.SegmentColumnarIndexCreator.isValidPropertyValue(minValue)) {\n        properties.setProperty(getKeyFor(column, org.apache.pinot.core.segment.creator.impl.MIN_VALUE), minValue);\n    }\n    if (org.apache.pinot.core.segment.creator.impl.SegmentColumnarIndexCreator.isValidPropertyValue(maxValue)) {\n        properties.setProperty(getKeyFor(column, org.apache.pinot.core.segment.creator.impl.MAX_VALUE), maxValue);\n    }\n    if (org.apache.pinot.core.segment.creator.impl.SegmentColumnarIndexCreator.isValidPropertyValue(defaultNullValue)) {\n        properties.setProperty(getKeyFor(column, org.apache.pinot.core.segment.creator.impl.DEFAULT_NULL_VALUE), defaultNullValue);\n    }\n} else {\n    properties.setProperty(getKeyFor(column, org.apache.pinot.core.segment.creator.impl.MIN_VALUE), minValue);\n    properties.setProperty(getKeyFor(column, org.apache.pinot.core.segment.creator.impl.MAX_VALUE), maxValue);\n    properties.setProperty(getKeyFor(column, org.apache.pinot.core.segment.creator.impl.DEFAULT_NULL_VALUE), defaultNullValue);\n}",
                "dst_parent": "null"
              },
              "line": 549,
              "file": "/home/khesoem/projects/lighter/exp/pinot-core/src/main/java/org/apache/pinot/core/segment/creator/impl/SegmentColumnarIndexCreator.java",
              "stats": {
                "number_of_src_entities": 97,
                "number_of_dst_entities": -1,
                "src_entity_types": "[org.apache.pinot.core.segment.creator.impl.SegmentColumnarIndexCreator, java.lang.String, org.apache.commons.configuration.PropertiesConfiguration, org.apache.pinot.core.segment.creator.impl.MAX_VALUE, org.apache.pinot.core.segment.creator.impl.MIN_VALUE, org.apache.pinot.core.segment.creator.impl.DEFAULT_NULL_VALUE]",
                "dst_entity_types": "[]"
              }
            }
          ]
        }
      ]
    }
  ],
  "complete_analysis": true
}