{
  "instances": [
    {
      "revision": "46b796df86b476ecbe8dc2c705195901f6ee06f8",
      "repairability": [
        {
          "tool-name": "NPEfix",
          "pattern-name": "NPEfix:npefix_global_replace",
          "Unified_Diff_of-files:": "Starts Below...",
          "INSERT:": "}",
          "instance_detail": [
            {
              "pattern_action": "INS",
              "pattern_entity": {
                "entity_type": "If",
                "entity_new value": "*",
                "entity_role": "*",
                "entity_parent": "null"
              },
              "concrete_change": {
                "operator": "INS",
                "src_type": "If",
                "dst_type": "null",
                "src": "if ((referencedFootnoteBodies) \u003d\u003d null) {\n    referencedFootnoteBodies \u003d new java.util.ArrayList(2);\n}",
                "dst": "null",
                "src_parent_type": "Block",
                "dst_parent_type": "null",
                "src_parent": "{\n    if ((referencedFootnoteBodies) \u003d\u003d null) {\n        referencedFootnoteBodies \u003d new java.util.ArrayList(2);\n    }\n    referencedFootnoteBodies.add(footnoteBody);\n}",
                "dst_parent": "null"
              },
              "line": 772,
              "file": "/home/khesoem/projects/lighter/exp/openhtmltopdf-core/src/main/java/com/openhtmltopdf/render/LineBox.java"
            },
            {
              "pattern_action": "INS",
              "pattern_entity": {
                "entity_type": "Assignment",
                "entity_new value": "*",
                "entity_role": "*",
                "entity_parent": {
                  "entity_type": "*",
                  "entity_new value": "*",
                  "entity_role": "Then",
                  "entity_parent": {
                    "entity_type": "If",
                    "entity_new value": "*",
                    "entity_role": "*",
                    "entity_parent": "null"
                  }
                }
              },
              "concrete_change": {
                "operator": "INS",
                "src_type": "Assignment",
                "dst_type": "null",
                "src": "referencedFootnoteBodies \u003d new java.util.ArrayList(2)",
                "dst": "null",
                "src_parent_type": "Block",
                "dst_parent_type": "null",
                "src_parent": "{\n    referencedFootnoteBodies \u003d new java.util.ArrayList(2);\n}",
                "dst_parent": "null"
              },
              "line": 773,
              "file": "/home/khesoem/projects/lighter/exp/openhtmltopdf-core/src/main/java/com/openhtmltopdf/render/LineBox.java"
            }
          ]
        }
      ]
    }
  ],
  "complete_analysis": true
}