{
  "instances": [
    {
      "revision": "320df1f83d0580b65aa61e95e81494f973fcdf7d",
      "repairability": [
        {
          "tool-name": "JGenProg",
          "pattern-name": "JGenProg:any_statement_shallow",
          "Unified_Diff_of-files:": "Starts Below...",
          "CHANGE_old:": "@Version(\"1.4.1\")",
          "CHANGE_new:": "@Version(\"1.4.2\")",
          "instance_detail": [
            {
              "pattern_action": "ANY",
              "pattern_entity": {
                "entity_type": "*",
                "entity_new value": "*",
                "entity_role": "Statement",
                "entity_parent": "null"
              },
              "concrete_change": {
                "operator": "UPD",
                "src_type": "LocalVariable",
                "dst_type": "LocalVariable",
                "src": "long parentPrivs \u003d parentBits.d.longValue()",
                "dst": "long perm \u003d org.apache.jackrabbit.oak.spi.security.authorization.permission.Permissions.NO_PERMISSION",
                "src_parent_type": "Block",
                "dst_parent_type": "Block",
                "src_parent": "{\n    long privs \u003d bits.d.longValue();\n    long parentPrivs \u003d parentBits.d.longValue();\n    long perm \u003d org.apache.jackrabbit.oak.spi.security.authorization.permission.Permissions.NO_PERMISSION;\n    if ((privs \u0026 (org.apache.jackrabbit.oak.spi.security.privilege.PrivilegeBits.READ)) \u003d\u003d (org.apache.jackrabbit.oak.spi.security.privilege.PrivilegeBits.READ)) {\n        perm |\u003d org.apache.jackrabbit.oak.spi.security.authorization.permission.Permissions.READ;\n    } else {\n        if ((privs \u0026 (org.apache.jackrabbit.oak.spi.security.privilege.PrivilegeBits.READ_NODES)) \u003d\u003d (org.apache.jackrabbit.oak.spi.security.privilege.PrivilegeBits.READ_NODES)) {\n            perm |\u003d org.apache.jackrabbit.oak.spi.security.authorization.permission.Permissions.READ_NODE;\n        } else\n            if ((privs \u0026 (org.apache.jackrabbit.oak.spi.security.privilege.PrivilegeBits.READ_PROPERTIES)) \u003d\u003d (org.apache.jackrabbit.oak.spi.security.privilege.PrivilegeBits.READ_PROPERTIES)) {\n                perm |\u003d org.apache.jackrabbit.oak.spi.security.authorization.permission.Permissions.READ_PROPERTY;\n            }\n\n    }\n    if ((privs \u0026 (org.apache.jackrabbit.oak.spi.security.privilege.PrivilegeBits.MODIFY_PROPERTIES)) \u003d\u003d (org.apache.jackrabbit.oak.spi.security.privilege.PrivilegeBits.MODIFY_PROPERTIES)) {\n        perm |\u003d org.apache.jackrabbit.oak.spi.security.authorization.permission.Permissions.SET_PROPERTY;\n    } else {\n        if ((privs \u0026 (org.apache.jackrabbit.oak.spi.security.privilege.PrivilegeBits.ADD_PROPERTIES)) \u003d\u003d (org.apache.jackrabbit.oak.spi.security.privilege.PrivilegeBits.ADD_PROPERTIES)) {\n            perm |\u003d org.apache.jackrabbit.oak.spi.security.authorization.permission.Permissions.ADD_PROPERTY;\n        }\n        if ((privs \u0026 (org.apache.jackrabbit.oak.spi.security.privilege.PrivilegeBits.ALTER_PROPERTIES)) \u003d\u003d (org.apache.jackrabbit.oak.spi.security.privilege.PrivilegeBits.ALTER_PROPERTIES)) {\n            perm |\u003d org.apache.jackrabbit.oak.spi.security.authorization.permission.Permissions.MODIFY_PROPERTY;\n        }\n        if ((privs \u0026 (org.apache.jackrabbit.oak.spi.security.privilege.PrivilegeBits.REMOVE_PROPERTIES)) \u003d\u003d (org.apache.jackrabbit.oak.spi.security.privilege.PrivilegeBits.REMOVE_PROPERTIES)) {\n            perm |\u003d org.apache.jackrabbit.oak.spi.security.authorization.permission.Permissions.REMOVE_PROPERTY;\n        }\n    }\n    if ((parentPrivs \u0026 (org.apache.jackrabbit.oak.spi.security.privilege.PrivilegeBits.ADD_CHILD_NODES)) \u003d\u003d (org.apache.jackrabbit.oak.spi.security.privilege.PrivilegeBits.ADD_CHILD_NODES)) {\n        perm |\u003d org.apache.jackrabbit.oak.spi.security.authorization.permission.Permissions.ADD_NODE;\n    }\n    if (isAllow) {\n        if (((parentPrivs \u0026 (org.apache.jackrabbit.oak.spi.security.privilege.PrivilegeBits.REMOVE_CHILD_NODES)) \u003d\u003d (org.apache.jackrabbit.oak.spi.security.privilege.PrivilegeBits.REMOVE_CHILD_NODES)) \u0026\u0026 ((privs \u0026 (org.apache.jackrabbit.oak.spi.security.privilege.PrivilegeBits.REMOVE_NODE)) \u003d\u003d (org.apache.jackrabbit.oak.spi.security.privilege.PrivilegeBits.REMOVE_NODE))) {\n            perm |\u003d org.apache.jackrabbit.oak.spi.security.authorization.permission.Permissions.REMOVE_NODE;\n        }\n    } else {\n        if (((parentPrivs \u0026 (org.apache.jackrabbit.oak.spi.security.privilege.PrivilegeBits.REMOVE_CHILD_NODES)) \u003d\u003d (org.apache.jackrabbit.oak.spi.security.privilege.PrivilegeBits.REMOVE_CHILD_NODES)) || ((privs \u0026 (org.apache.jackrabbit.oak.spi.security.privilege.PrivilegeBits.REMOVE_NODE)) \u003d\u003d (org.apache.jackrabbit.oak.spi.security.privilege.PrivilegeBits.REMOVE_NODE))) {\n            perm |\u003d org.apache.jackrabbit.oak.spi.security.authorization.permission.Permissions.REMOVE_NODE;\n        }\n    }\n    if (((privs \u0026 (org.apache.jackrabbit.oak.spi.security.privilege.PrivilegeBits.ADD_CHILD_NODES)) \u003d\u003d (org.apache.jackrabbit.oak.spi.security.privilege.PrivilegeBits.ADD_CHILD_NODES)) \u0026\u0026 ((privs \u0026 (org.apache.jackrabbit.oak.spi.security.privilege.PrivilegeBits.REMOVE_CHILD_NODES)) \u003d\u003d (org.apache.jackrabbit.oak.spi.security.privilege.PrivilegeBits.REMOVE_CHILD_NODES))) {\n        perm |\u003d org.apache.jackrabbit.oak.spi.security.authorization.permission.Permissions.MODIFY_CHILD_NODE_COLLECTION;\n    }\n    if ((privs \u0026 (org.apache.jackrabbit.oak.spi.security.privilege.PrivilegeBits.READ_AC)) \u003d\u003d (org.apache.jackrabbit.oak.spi.security.privilege.PrivilegeBits.READ_AC)) {\n        perm |\u003d org.apache.jackrabbit.oak.spi.security.authorization.permission.Permissions.READ_ACCESS_CONTROL;\n    }\n    if ((privs \u0026 (org.apache.jackrabbit.oak.spi.security.privilege.PrivilegeBits.MODIFY_AC)) \u003d\u003d (org.apache.jackrabbit.oak.spi.security.privilege.PrivilegeBits.MODIFY_AC)) {\n        perm |\u003d org.apache.jackrabbit.oak.spi.security.authorization.permission.Permissions.MODIFY_ACCESS_CONTROL;\n    }\n    if ((privs \u0026 (org.apache.jackrabbit.oak.spi.security.privilege.PrivilegeBits.LIFECYCLE_MNGMT)) \u003d\u003d (org.apache.jackrabbit.oak.spi.security.privilege.PrivilegeBits.LIFECYCLE_MNGMT)) {\n        perm |\u003d org.apache.jackrabbit.oak.spi.security.authorization.permission.Permissions.LIFECYCLE_MANAGEMENT;\n    }\n    if ((privs \u0026 (org.apache.jackrabbit.oak.spi.security.privilege.PrivilegeBits.LOCK_MNGMT)) \u003d\u003d (org.apache.jackrabbit.oak.spi.security.privilege.PrivilegeBits.LOCK_MNGMT)) {\n        perm |\u003d org.apache.jackrabbit.oak.spi.security.authorization.permission.Permissions.LOCK_MANAGEMENT;\n    }\n    if ((privs \u0026 (org.apache.jackrabbit.oak.spi.security.privilege.PrivilegeBits.NODE_TYPE_MNGMT)) \u003d\u003d (org.apache.jackrabbit.oak.spi.security.privilege.PrivilegeBits.NODE_TYPE_MNGMT)) {\n        perm |\u003d org.apache.jackrabbit.oak.spi.security.authorization.permission.Permissions.NODE_TYPE_MANAGEMENT;\n    }\n    if ((privs \u0026 (org.apache.jackrabbit.oak.spi.security.privilege.PrivilegeBits.RETENTION_MNGMT)) \u003d\u003d (org.apache.jackrabbit.oak.spi.security.privilege.PrivilegeBits.RETENTION_MNGMT)) {\n        perm |\u003d org.apache.jackrabbit.oak.spi.security.authorization.permission.Permissions.RETENTION_MANAGEMENT;\n    }\n    if ((privs \u0026 (org.apache.jackrabbit.oak.spi.security.privilege.PrivilegeBits.VERSION_MNGMT)) \u003d\u003d (org.apache.jackrabbit.oak.spi.security.privilege.PrivilegeBits.VERSION_MNGMT)) {\n        perm |\u003d org.apache.jackrabbit.oak.spi.security.authorization.permission.Permissions.VERSION_MANAGEMENT;\n    }\n    if ((privs \u0026 (org.apache.jackrabbit.oak.spi.security.privilege.PrivilegeBits.WORKSPACE_MNGMT)) \u003d\u003d (org.apache.jackrabbit.oak.spi.security.privilege.PrivilegeBits.WORKSPACE_MNGMT)) {\n        perm |\u003d org.apache.jackrabbit.oak.spi.security.authorization.permission.Permissions.WORKSPACE_MANAGEMENT;\n    }\n    if ((privs \u0026 (org.apache.jackrabbit.oak.spi.security.privilege.PrivilegeBits.NODE_TYPE_DEF_MNGMT)) \u003d\u003d (org.apache.jackrabbit.oak.spi.security.privilege.PrivilegeBits.NODE_TYPE_DEF_MNGMT)) {\n        perm |\u003d org.apache.jackrabbit.oak.spi.security.authorization.permission.Permissions.NODE_TYPE_DEFINITION_MANAGEMENT;\n    }\n    if ((privs \u0026 (org.apache.jackrabbit.oak.spi.security.privilege.PrivilegeBits.NAMESPACE_MNGMT)) \u003d\u003d (org.apache.jackrabbit.oak.spi.security.privilege.PrivilegeBits.NAMESPACE_MNGMT)) {\n        perm |\u003d org.apache.jackrabbit.oak.spi.security.authorization.permission.Permissions.NAMESPACE_MANAGEMENT;\n    }\n    if ((privs \u0026 (org.apache.jackrabbit.oak.spi.security.privilege.PrivilegeBits.PRIVILEGE_MNGMT)) \u003d\u003d (org.apache.jackrabbit.oak.spi.security.privilege.PrivilegeBits.PRIVILEGE_MNGMT)) {\n        perm |\u003d org.apache.jackrabbit.oak.spi.security.authorization.permission.Permissions.PRIVILEGE_MANAGEMENT;\n    }\n    if ((privs \u0026 (org.apache.jackrabbit.oak.spi.security.privilege.PrivilegeBits.USER_MNGMT)) \u003d\u003d (org.apache.jackrabbit.oak.spi.security.privilege.PrivilegeBits.USER_MNGMT)) {\n        perm |\u003d org.apache.jackrabbit.oak.spi.security.authorization.permission.Permissions.USER_MANAGEMENT;\n    }\n    if ((privs \u0026 (org.apache.jackrabbit.oak.spi.security.privilege.PrivilegeBits.INDEX_DEFINITION_MNGMT)) \u003d\u003d (org.apache.jackrabbit.oak.spi.security.privilege.PrivilegeBits.INDEX_DEFINITION_MNGMT)) {\n        perm |\u003d org.apache.jackrabbit.oak.spi.security.authorization.permission.Permissions.INDEX_DEFINITION_MANAGEMENT;\n    }\n    return perm;\n}",
                "dst_parent": "{\n    long privs \u003d bits.d.longValue();\n    long perm \u003d org.apache.jackrabbit.oak.spi.security.authorization.permission.Permissions.NO_PERMISSION;\n    if ((privs \u0026 (org.apache.jackrabbit.oak.spi.security.privilege.PrivilegeBits.READ)) \u003d\u003d (org.apache.jackrabbit.oak.spi.security.privilege.PrivilegeBits.READ)) {\n        perm |\u003d org.apache.jackrabbit.oak.spi.security.authorization.permission.Permissions.READ;\n    } else {\n        if ((privs \u0026 (org.apache.jackrabbit.oak.spi.security.privilege.PrivilegeBits.READ_NODES)) \u003d\u003d (org.apache.jackrabbit.oak.spi.security.privilege.PrivilegeBits.READ_NODES)) {\n            perm |\u003d org.apache.jackrabbit.oak.spi.security.authorization.permission.Permissions.READ_NODE;\n        } else\n            if ((privs \u0026 (org.apache.jackrabbit.oak.spi.security.privilege.PrivilegeBits.READ_PROPERTIES)) \u003d\u003d (org.apache.jackrabbit.oak.spi.security.privilege.PrivilegeBits.READ_PROPERTIES)) {\n                perm |\u003d org.apache.jackrabbit.oak.spi.security.authorization.permission.Permissions.READ_PROPERTY;\n            }\n\n    }\n    if ((privs \u0026 (org.apache.jackrabbit.oak.spi.security.privilege.PrivilegeBits.MODIFY_PROPERTIES)) \u003d\u003d (org.apache.jackrabbit.oak.spi.security.privilege.PrivilegeBits.MODIFY_PROPERTIES)) {\n        perm |\u003d org.apache.jackrabbit.oak.spi.security.authorization.permission.Permissions.SET_PROPERTY;\n    } else {\n        if ((privs \u0026 (org.apache.jackrabbit.oak.spi.security.privilege.PrivilegeBits.ADD_PROPERTIES)) \u003d\u003d (org.apache.jackrabbit.oak.spi.security.privilege.PrivilegeBits.ADD_PROPERTIES)) {\n            perm |\u003d org.apache.jackrabbit.oak.spi.security.authorization.permission.Permissions.ADD_PROPERTY;\n        }\n        if ((privs \u0026 (org.apache.jackrabbit.oak.spi.security.privilege.PrivilegeBits.ALTER_PROPERTIES)) \u003d\u003d (org.apache.jackrabbit.oak.spi.security.privilege.PrivilegeBits.ALTER_PROPERTIES)) {\n            perm |\u003d org.apache.jackrabbit.oak.spi.security.authorization.permission.Permissions.MODIFY_PROPERTY;\n        }\n        if ((privs \u0026 (org.apache.jackrabbit.oak.spi.security.privilege.PrivilegeBits.REMOVE_PROPERTIES)) \u003d\u003d (org.apache.jackrabbit.oak.spi.security.privilege.PrivilegeBits.REMOVE_PROPERTIES)) {\n            perm |\u003d org.apache.jackrabbit.oak.spi.security.authorization.permission.Permissions.REMOVE_PROPERTY;\n        }\n    }\n    perm |\u003d org.apache.jackrabbit.oak.spi.security.privilege.PrivilegeBits.calculateWritePermissions(privs, parentBits.d.longValue(), isAllow);\n    perm |\u003d org.apache.jackrabbit.oak.spi.security.privilege.PrivilegeBits.calculateOtherPermissions(privs);\n    return perm;\n}"
              },
              "line": 268,
              "file": "/home/khesoem/projects/lighter/exp/oak-security-spi/src/main/java/org/apache/jackrabbit/oak/spi/security/privilege/PrivilegeBits.java",
              "stats": {
                "number_of_src_entities": 19,
                "number_of_dst_entities": 11,
                "src_entity_types": "[org.apache.jackrabbit.oak.spi.security.privilege.PrivilegeBits, org.apache.jackrabbit.oak.spi.security.privilege.PrivilegeBits.Data, long]",
                "dst_entity_types": "[org.apache.jackrabbit.oak.spi.security.authorization.permission.Permissions, long]"
              }
            }
          ]
        },
        {
          "tool-name": "JGenProg",
          "pattern-name": "JGenProg:any_statement_shallow",
          "Unified_Diff_of-files:": "Starts Below...",
          "CHANGE_old:": "@Version(\"1.4.1\")",
          "CHANGE_new:": "@Version(\"1.4.2\")",
          "instance_detail": [
            {
              "pattern_action": "ANY",
              "pattern_entity": {
                "entity_type": "*",
                "entity_new value": "*",
                "entity_role": "Statement",
                "entity_parent": "null"
              },
              "concrete_change": {
                "operator": "INS",
                "src_type": "Return",
                "dst_type": "null",
                "src": "return perm",
                "dst": "null",
                "src_parent_type": "Block",
                "dst_parent_type": "null",
                "src_parent": "{\n    long privs \u003d bits.d.longValue();\n    long perm \u003d org.apache.jackrabbit.oak.spi.security.authorization.permission.Permissions.NO_PERMISSION;\n    if ((privs \u0026 (org.apache.jackrabbit.oak.spi.security.privilege.PrivilegeBits.READ)) \u003d\u003d (org.apache.jackrabbit.oak.spi.security.privilege.PrivilegeBits.READ)) {\n        perm |\u003d org.apache.jackrabbit.oak.spi.security.authorization.permission.Permissions.READ;\n    } else {\n        if ((privs \u0026 (org.apache.jackrabbit.oak.spi.security.privilege.PrivilegeBits.READ_NODES)) \u003d\u003d (org.apache.jackrabbit.oak.spi.security.privilege.PrivilegeBits.READ_NODES)) {\n            perm |\u003d org.apache.jackrabbit.oak.spi.security.authorization.permission.Permissions.READ_NODE;\n        } else\n            if ((privs \u0026 (org.apache.jackrabbit.oak.spi.security.privilege.PrivilegeBits.READ_PROPERTIES)) \u003d\u003d (org.apache.jackrabbit.oak.spi.security.privilege.PrivilegeBits.READ_PROPERTIES)) {\n                perm |\u003d org.apache.jackrabbit.oak.spi.security.authorization.permission.Permissions.READ_PROPERTY;\n            }\n\n    }\n    if ((privs \u0026 (org.apache.jackrabbit.oak.spi.security.privilege.PrivilegeBits.MODIFY_PROPERTIES)) \u003d\u003d (org.apache.jackrabbit.oak.spi.security.privilege.PrivilegeBits.MODIFY_PROPERTIES)) {\n        perm |\u003d org.apache.jackrabbit.oak.spi.security.authorization.permission.Permissions.SET_PROPERTY;\n    } else {\n        if ((privs \u0026 (org.apache.jackrabbit.oak.spi.security.privilege.PrivilegeBits.ADD_PROPERTIES)) \u003d\u003d (org.apache.jackrabbit.oak.spi.security.privilege.PrivilegeBits.ADD_PROPERTIES)) {\n            perm |\u003d org.apache.jackrabbit.oak.spi.security.authorization.permission.Permissions.ADD_PROPERTY;\n        }\n        if ((privs \u0026 (org.apache.jackrabbit.oak.spi.security.privilege.PrivilegeBits.ALTER_PROPERTIES)) \u003d\u003d (org.apache.jackrabbit.oak.spi.security.privilege.PrivilegeBits.ALTER_PROPERTIES)) {\n            perm |\u003d org.apache.jackrabbit.oak.spi.security.authorization.permission.Permissions.MODIFY_PROPERTY;\n        }\n        if ((privs \u0026 (org.apache.jackrabbit.oak.spi.security.privilege.PrivilegeBits.REMOVE_PROPERTIES)) \u003d\u003d (org.apache.jackrabbit.oak.spi.security.privilege.PrivilegeBits.REMOVE_PROPERTIES)) {\n            perm |\u003d org.apache.jackrabbit.oak.spi.security.authorization.permission.Permissions.REMOVE_PROPERTY;\n        }\n    }\n    perm |\u003d org.apache.jackrabbit.oak.spi.security.privilege.PrivilegeBits.calculateWritePermissions(privs, parentBits.d.longValue(), isAllow);\n    perm |\u003d org.apache.jackrabbit.oak.spi.security.privilege.PrivilegeBits.calculateOtherPermissions(privs);\n    return perm;\n}",
                "dst_parent": "null"
              },
              "line": 295,
              "file": "/home/khesoem/projects/lighter/exp/oak-security-spi/src/main/java/org/apache/jackrabbit/oak/spi/security/privilege/PrivilegeBits.java",
              "stats": {
                "number_of_src_entities": 4,
                "number_of_dst_entities": -1,
                "src_entity_types": "[long]",
                "dst_entity_types": "[]"
              }
            }
          ]
        }
      ]
    },
    {
      "revision": "320df1f83d0580b65aa61e95e81494f973fcdf7d",
      "repairability": [
        {
          "tool-name": "JGenProg",
          "pattern-name": "JGenProg:any_statement_shallow",
          "Unified_Diff_of-files:": "Starts Below...",
          "CHANGE_old:": "@Version(\"1.4.1\")",
          "CHANGE_new:": "@Version(\"1.4.2\")",
          "instance_detail": [
            {
              "pattern_action": "ANY",
              "pattern_entity": {
                "entity_type": "*",
                "entity_new value": "*",
                "entity_role": "Statement",
                "entity_parent": "null"
              },
              "concrete_change": {
                "operator": "DEL",
                "src_type": "If",
                "dst_type": "null",
                "src": "if (!(org.apache.jackrabbit.oak.security.privilege.JCR_ALL.equals(name))) {\n    org.apache.jackrabbit.oak.spi.state.NodeBuilder jcrAll \u003d nodeBuilder.child(org.apache.jackrabbit.oak.security.privilege.JCR_ALL);\n    org.apache.jackrabbit.oak.api.PropertyState aggregates \u003d jcrAll.getProperty(org.apache.jackrabbit.oak.security.privilege.REP_AGGREGATES);\n    org.apache.jackrabbit.oak.plugins.memory.PropertyBuilder\u003cjava.lang.String\u003e propertyBuilder;\n    if (aggregates \u003d\u003d null) {\n        propertyBuilder \u003d org.apache.jackrabbit.oak.plugins.memory.PropertyBuilder.array(Type.NAME, org.apache.jackrabbit.oak.security.privilege.REP_AGGREGATES);\n    } else {\n        propertyBuilder \u003d org.apache.jackrabbit.oak.plugins.memory.PropertyBuilder.copy(Type.NAME, aggregates);\n    }\n    if (!(propertyBuilder.hasValue(name))) {\n        propertyBuilder.addValue(name);\n        jcrAll.setProperty(propertyBuilder.getPropertyState());\n    }\n    if (!(after.hasProperty(org.apache.jackrabbit.oak.security.privilege.REP_AGGREGATES))) {\n        org.apache.jackrabbit.oak.spi.security.privilege.PrivilegeBits bits \u003d org.apache.jackrabbit.oak.spi.security.privilege.PrivilegeBits.getInstance(after.getProperty(org.apache.jackrabbit.oak.security.privilege.REP_BITS));\n        org.apache.jackrabbit.oak.spi.security.privilege.PrivilegeBits all \u003d org.apache.jackrabbit.oak.spi.security.privilege.PrivilegeBits.getInstance(jcrAll.getProperty(org.apache.jackrabbit.oak.security.privilege.REP_BITS));\n        jcrAll.setProperty(org.apache.jackrabbit.oak.spi.security.privilege.PrivilegeBits.getInstance(all).add(bits).asPropertyState(org.apache.jackrabbit.oak.security.privilege.REP_BITS));\n    }\n}",
                "dst": "null",
                "src_parent_type": "Block",
                "dst_parent_type": "null",
                "src_parent": "{\n    if (!(org.apache.jackrabbit.oak.security.privilege.JCR_ALL.equals(name))) {\n        org.apache.jackrabbit.oak.spi.state.NodeBuilder jcrAll \u003d nodeBuilder.child(org.apache.jackrabbit.oak.security.privilege.JCR_ALL);\n        org.apache.jackrabbit.oak.api.PropertyState aggregates \u003d jcrAll.getProperty(org.apache.jackrabbit.oak.security.privilege.REP_AGGREGATES);\n        org.apache.jackrabbit.oak.plugins.memory.PropertyBuilder\u003cjava.lang.String\u003e propertyBuilder;\n        if (aggregates \u003d\u003d null) {\n            propertyBuilder \u003d org.apache.jackrabbit.oak.plugins.memory.PropertyBuilder.array(Type.NAME, org.apache.jackrabbit.oak.security.privilege.REP_AGGREGATES);\n        } else {\n            propertyBuilder \u003d org.apache.jackrabbit.oak.plugins.memory.PropertyBuilder.copy(Type.NAME, aggregates);\n        }\n        if (!(propertyBuilder.hasValue(name))) {\n            propertyBuilder.addValue(name);\n            jcrAll.setProperty(propertyBuilder.getPropertyState());\n        }\n        if (!(after.hasProperty(org.apache.jackrabbit.oak.security.privilege.REP_AGGREGATES))) {\n            org.apache.jackrabbit.oak.spi.security.privilege.PrivilegeBits bits \u003d org.apache.jackrabbit.oak.spi.security.privilege.PrivilegeBits.getInstance(after.getProperty(org.apache.jackrabbit.oak.security.privilege.REP_BITS));\n            org.apache.jackrabbit.oak.spi.security.privilege.PrivilegeBits all \u003d org.apache.jackrabbit.oak.spi.security.privilege.PrivilegeBits.getInstance(jcrAll.getProperty(org.apache.jackrabbit.oak.security.privilege.REP_BITS));\n            jcrAll.setProperty(org.apache.jackrabbit.oak.spi.security.privilege.PrivilegeBits.getInstance(all).add(bits).asPropertyState(org.apache.jackrabbit.oak.security.privilege.REP_BITS));\n        }\n    }\n}",
                "dst_parent": "null"
              },
              "line": 63,
              "file": "/home/khesoem/projects/lighter/exp/oak-core/src/main/java/org/apache/jackrabbit/oak/security/privilege/JcrAllCommitHook.java"
            }
          ]
        },
        {
          "tool-name": "JGenProg",
          "pattern-name": "JGenProg:any_statement_shallow",
          "Unified_Diff_of-files:": "Starts Below...",
          "CHANGE_old:": "@Version(\"1.4.1\")",
          "CHANGE_new:": "@Version(\"1.4.2\")",
          "instance_detail": [
            {
              "pattern_action": "ANY",
              "pattern_entity": {
                "entity_type": "*",
                "entity_new value": "*",
                "entity_role": "Statement",
                "entity_parent": "null"
              },
              "concrete_change": {
                "operator": "DEL",
                "src_type": "If",
                "dst_type": "null",
                "src": "if (org.apache.jackrabbit.oak.security.privilege.PRIVILEGES_PATH.equals(path)) {\n    if (!(org.apache.jackrabbit.oak.security.privilege.JCR_ALL.equals(name))) {\n        org.apache.jackrabbit.oak.spi.state.NodeBuilder jcrAll \u003d nodeBuilder.child(org.apache.jackrabbit.oak.security.privilege.JCR_ALL);\n        org.apache.jackrabbit.oak.api.PropertyState aggregates \u003d jcrAll.getProperty(org.apache.jackrabbit.oak.security.privilege.REP_AGGREGATES);\n        org.apache.jackrabbit.oak.plugins.memory.PropertyBuilder\u003cjava.lang.String\u003e propertyBuilder;\n        if (aggregates \u003d\u003d null) {\n            propertyBuilder \u003d org.apache.jackrabbit.oak.plugins.memory.PropertyBuilder.array(Type.NAME, org.apache.jackrabbit.oak.security.privilege.REP_AGGREGATES);\n        } else {\n            propertyBuilder \u003d org.apache.jackrabbit.oak.plugins.memory.PropertyBuilder.copy(Type.NAME, aggregates);\n        }\n        if (!(propertyBuilder.hasValue(name))) {\n            propertyBuilder.addValue(name);\n            jcrAll.setProperty(propertyBuilder.getPropertyState());\n        }\n        if (!(after.hasProperty(org.apache.jackrabbit.oak.security.privilege.REP_AGGREGATES))) {\n            org.apache.jackrabbit.oak.spi.security.privilege.PrivilegeBits bits \u003d org.apache.jackrabbit.oak.spi.security.privilege.PrivilegeBits.getInstance(after.getProperty(org.apache.jackrabbit.oak.security.privilege.REP_BITS));\n            org.apache.jackrabbit.oak.spi.security.privilege.PrivilegeBits all \u003d org.apache.jackrabbit.oak.spi.security.privilege.PrivilegeBits.getInstance(jcrAll.getProperty(org.apache.jackrabbit.oak.security.privilege.REP_BITS));\n            jcrAll.setProperty(org.apache.jackrabbit.oak.spi.security.privilege.PrivilegeBits.getInstance(all).add(bits).asPropertyState(org.apache.jackrabbit.oak.security.privilege.REP_BITS));\n        }\n    }\n} else {\n    java.lang.String p \u003d ((path) + \u0027/\u0027) + name;\n    if (org.apache.jackrabbit.util.Text.isDescendantOrEqual(p, org.apache.jackrabbit.oak.security.privilege.PRIVILEGES_PATH)) {\n        org.apache.jackrabbit.oak.plugins.memory.EmptyNodeState.compareAgainstEmptyState(after, new org.apache.jackrabbit.oak.security.privilege.JcrAllCommitHook.PrivilegeDiff(this, name, nodeBuilder.child(name)));\n    }\n}",
                "dst": "null",
                "src_parent_type": "Block",
                "dst_parent_type": "null",
                "src_parent": "{\n    if (org.apache.jackrabbit.oak.security.privilege.PRIVILEGES_PATH.equals(path)) {\n        if (!(org.apache.jackrabbit.oak.security.privilege.JCR_ALL.equals(name))) {\n            org.apache.jackrabbit.oak.spi.state.NodeBuilder jcrAll \u003d nodeBuilder.child(org.apache.jackrabbit.oak.security.privilege.JCR_ALL);\n            org.apache.jackrabbit.oak.api.PropertyState aggregates \u003d jcrAll.getProperty(org.apache.jackrabbit.oak.security.privilege.REP_AGGREGATES);\n            org.apache.jackrabbit.oak.plugins.memory.PropertyBuilder\u003cjava.lang.String\u003e propertyBuilder;\n            if (aggregates \u003d\u003d null) {\n                propertyBuilder \u003d org.apache.jackrabbit.oak.plugins.memory.PropertyBuilder.array(Type.NAME, org.apache.jackrabbit.oak.security.privilege.REP_AGGREGATES);\n            } else {\n                propertyBuilder \u003d org.apache.jackrabbit.oak.plugins.memory.PropertyBuilder.copy(Type.NAME, aggregates);\n            }\n            if (!(propertyBuilder.hasValue(name))) {\n                propertyBuilder.addValue(name);\n                jcrAll.setProperty(propertyBuilder.getPropertyState());\n            }\n            if (!(after.hasProperty(org.apache.jackrabbit.oak.security.privilege.REP_AGGREGATES))) {\n                org.apache.jackrabbit.oak.spi.security.privilege.PrivilegeBits bits \u003d org.apache.jackrabbit.oak.spi.security.privilege.PrivilegeBits.getInstance(after.getProperty(org.apache.jackrabbit.oak.security.privilege.REP_BITS));\n                org.apache.jackrabbit.oak.spi.security.privilege.PrivilegeBits all \u003d org.apache.jackrabbit.oak.spi.security.privilege.PrivilegeBits.getInstance(jcrAll.getProperty(org.apache.jackrabbit.oak.security.privilege.REP_BITS));\n                jcrAll.setProperty(org.apache.jackrabbit.oak.spi.security.privilege.PrivilegeBits.getInstance(all).add(bits).asPropertyState(org.apache.jackrabbit.oak.security.privilege.REP_BITS));\n            }\n        }\n    } else {\n        java.lang.String p \u003d ((path) + \u0027/\u0027) + name;\n        if (org.apache.jackrabbit.util.Text.isDescendantOrEqual(p, org.apache.jackrabbit.oak.security.privilege.PRIVILEGES_PATH)) {\n            org.apache.jackrabbit.oak.plugins.memory.EmptyNodeState.compareAgainstEmptyState(after, new org.apache.jackrabbit.oak.security.privilege.JcrAllCommitHook.PrivilegeDiff(this, name, nodeBuilder.child(name)));\n        }\n    }\n    return true;\n}",
                "dst_parent": "null"
              },
              "line": 62,
              "file": "/home/khesoem/projects/lighter/exp/oak-core/src/main/java/org/apache/jackrabbit/oak/security/privilege/JcrAllCommitHook.java"
            }
          ]
        }
      ]
    },
    {
      "revision": "320df1f83d0580b65aa61e95e81494f973fcdf7d",
      "repairability": [
        {
          "tool-name": "JGenProg",
          "pattern-name": "JGenProg:any_statement_shallow",
          "Unified_Diff_of-files:": "Starts Below...",
          "CHANGE_old:": "@Version(\"1.4.1\")",
          "CHANGE_new:": "@Version(\"1.4.2\")",
          "instance_detail": [
            {
              "pattern_action": "ANY",
              "pattern_entity": {
                "entity_type": "*",
                "entity_new value": "*",
                "entity_role": "Statement",
                "entity_parent": "null"
              },
              "concrete_change": {
                "operator": "DEL",
                "src_type": "LocalVariable",
                "dst_type": "null",
                "src": "java.util.Map\u003cjava.lang.String, org.apache.jackrabbit.oak.spi.security.privilege.PrivilegeDefinition\u003e definitions \u003d new org.apache.jackrabbit.oak.security.privilege.PrivilegeDefinitionReader(rootBefore).readDefinitions()",
                "dst": "null",
                "src_parent_type": "Block",
                "dst_parent_type": "null",
                "src_parent": "{\n    org.apache.jackrabbit.oak.spi.security.privilege.PrivilegeBits newBits \u003d org.apache.jackrabbit.oak.spi.security.privilege.PrivilegeBits.getInstance(definitionTree);\n    if (newBits.isEmpty()) {\n        throw new org.apache.jackrabbit.oak.api.CommitFailedException(org.apache.jackrabbit.oak.api.CommitFailedException.CONSTRAINT, 48, \"PrivilegeBits are missing.\");\n    }\n    java.util.Set\u003cjava.lang.String\u003e privNames \u003d bitsProvider.getPrivilegeNames(newBits);\n    org.apache.jackrabbit.oak.spi.security.privilege.PrivilegeDefinition definition \u003d org.apache.jackrabbit.oak.spi.security.privilege.PrivilegeUtil.readDefinition(definitionTree);\n    java.util.Set\u003cjava.lang.String\u003e declaredNames \u003d definition.getDeclaredAggregateNames();\n    if (declaredNames.isEmpty()) {\n        if (!(privNames.isEmpty())) {\n            throw new org.apache.jackrabbit.oak.api.CommitFailedException(org.apache.jackrabbit.oak.api.CommitFailedException.CONSTRAINT, 49, \"PrivilegeBits already in used.\");\n        }\n        validateNext(newBits);\n        return;\n    }\n    if ((declaredNames.size()) \u003d\u003d 1) {\n        throw new org.apache.jackrabbit.oak.api.CommitFailedException(org.apache.jackrabbit.oak.api.CommitFailedException.CONSTRAINT, 50, \"Singular aggregation is equivalent to existing privilege.\");\n    }\n    java.util.Map\u003cjava.lang.String, org.apache.jackrabbit.oak.spi.security.privilege.PrivilegeDefinition\u003e definitions \u003d new org.apache.jackrabbit.oak.security.privilege.PrivilegeDefinitionReader(rootBefore).readDefinitions();\n    for (java.lang.String aggrName : declaredNames) {\n        if (!(definitions.containsKey(aggrName))) {\n            throw new org.apache.jackrabbit.oak.api.CommitFailedException(org.apache.jackrabbit.oak.api.CommitFailedException.CONSTRAINT, 51, ((\"Declared aggregate \u0027\" + aggrName) + \"\u0027 is not a registered privilege.\"));\n        }\n        if (org.apache.jackrabbit.oak.security.privilege.PrivilegeValidator.isCircularAggregation(definition.getName(), aggrName, definitions)) {\n            java.lang.String msg \u003d \"Detected circular aggregation within custom privilege caused by \" + aggrName;\n            throw new org.apache.jackrabbit.oak.api.CommitFailedException(org.apache.jackrabbit.oak.api.CommitFailedException.CONSTRAINT, 52, msg);\n        }\n    }\n    java.util.Set\u003cjava.lang.String\u003e aggregateNames \u003d org.apache.jackrabbit.oak.security.privilege.PrivilegeValidator.resolveAggregates(declaredNames, definitions);\n    for (org.apache.jackrabbit.oak.spi.security.privilege.PrivilegeDefinition existing : definitions.values()) {\n        java.util.Set\u003cjava.lang.String\u003e existingDeclared \u003d existing.getDeclaredAggregateNames();\n        if (existingDeclared.isEmpty()) {\n            continue;\n        }\n        if ((declaredNames.equals(existingDeclared)) || (aggregateNames.equals(org.apache.jackrabbit.oak.security.privilege.PrivilegeValidator.resolveAggregates(existingDeclared, definitions)))) {\n            java.lang.String msg \u003d (((\"Custom aggregate privilege \u0027\" + (definition.getName())) + \"\u0027 is already covered by \u0027\") + (existing.getName())) + \u0027\\\u0027\u0027;\n            throw new org.apache.jackrabbit.oak.api.CommitFailedException(org.apache.jackrabbit.oak.api.CommitFailedException.CONSTRAINT, 53, msg);\n        }\n    }\n    org.apache.jackrabbit.oak.spi.security.privilege.PrivilegeBits aggrBits \u003d bitsProvider.getBits(declaredNames.toArray(new java.lang.String[0]));\n    if (!(newBits.equals(aggrBits))) {\n        throw new org.apache.jackrabbit.oak.api.CommitFailedException(org.apache.jackrabbit.oak.api.CommitFailedException.CONSTRAINT, 53, \"Invalid privilege bits for aggregated privilege definition.\");\n    }\n}",
                "dst_parent": "null"
              },
              "line": 183,
              "file": "/home/khesoem/projects/lighter/exp/oak-core/src/main/java/org/apache/jackrabbit/oak/security/privilege/PrivilegeValidator.java"
            }
          ]
        }
      ]
    }
  ],
  "complete_analysis": true
}