{
  "instances": [
    {
      "revision": "f6d74e99166273e6374d2d85ba350411b0c23787",
      "repairability": [
        {
          "tool-name": "JGenProg",
          "pattern-name": "JGenProg:any_statement_shallow",
          "Unified_Diff_of-files:": "Starts Below...",
          "DELETE:": "        }",
          "instance_detail": [
            {
              "pattern_action": "ANY",
              "pattern_entity": {
                "entity_type": "*",
                "entity_new value": "*",
                "entity_role": "Statement",
                "entity_parent": "null"
              },
              "concrete_change": {
                "operator": "DEL",
                "src_type": "Return",
                "dst_type": "null",
                "src": "return v",
                "dst": "null",
                "src_parent_type": "Block",
                "dst_parent_type": "null",
                "src_parent": "{\n    return v;\n}",
                "dst_parent": "null"
              },
              "line": 125,
              "file": "/home/khesoem/projects/lighter/exp/oak-core/src/main/java/org/apache/jackrabbit/oak/query/ast/AstElement.java"
            }
          ]
        },
        {
          "tool-name": "JGenProg",
          "pattern-name": "JGenProg:any_statement_shallow",
          "Unified_Diff_of-files:": "Starts Below...",
          "DELETE:": "        }",
          "instance_detail": [
            {
              "pattern_action": "ANY",
              "pattern_entity": {
                "entity_type": "*",
                "entity_new value": "*",
                "entity_role": "Statement",
                "entity_parent": "null"
              },
              "concrete_change": {
                "operator": "DEL",
                "src_type": "If",
                "dst_type": "null",
                "src": "if ((targetType.count()) \u003d\u003d 0) {\n    return v;\n}",
                "dst": "null",
                "src_parent_type": "Block",
                "dst_parent_type": "null",
                "src_parent": "{\n    if ((targetType.count()) \u003d\u003d 0) {\n        return v;\n    }\n    int type \u003d targetType.getType().tag();\n    if ((v.getType().tag()) \u003d\u003d type) {\n        return v;\n    }\n    try {\n        return org.apache.jackrabbit.oak.query.ValueConverter.convert(v, type, query.getNamePathMapper());\n    } catch (java.lang.IllegalArgumentException e) {\n        return v;\n    }\n}",
                "dst_parent": "null"
              },
              "line": 124,
              "file": "/home/khesoem/projects/lighter/exp/oak-core/src/main/java/org/apache/jackrabbit/oak/query/ast/AstElement.java",
              "stats": {
                "number_of_src_entities": 18,
                "number_of_dst_entities": -1,
                "src_entity_types": "[int, org.apache.jackrabbit.oak.api.PropertyValue]",
                "dst_entity_types": "[]"
              }
            }
          ]
        }
      ]
    }
  ],
  "complete_analysis": true
}