{
  "instances": [
    {
      "revision": "6cd7013418ed32afb74c7e801c29245082267be5",
      "repairability": [
        {
          "tool-name": "JGenProg",
          "pattern-name": "JGenProg:any_statement_shallow",
          "Unified_Diff_of-files:": "Starts Below...",
          "DELETE:": "}",
          "INSERT:": "",
          "CHANGE_old:": "",
          "CHANGE_new:": "                .build();",
          "instance_detail": [
            {
              "pattern_action": "ANY",
              "pattern_entity": {
                "entity_type": "*",
                "entity_new value": "*",
                "entity_role": "Statement",
                "entity_parent": "null"
              },
              "concrete_change": {
                "operator": "DEL",
                "src_type": "LocalVariable",
                "dst_type": "null",
                "src": "org.apache.jackrabbit.oak.plugins.index.elasticsearch.ElasticsearchConnection connection \u003d build(java.lang.System.getProperties().entrySet().stream().collect(java.util.stream.Collectors.toMap(( e) -\u003e java.lang.String.valueOf(e.getKey()), ( e) -\u003e java.lang.String.valueOf(e.getValue()))))",
                "dst": "null",
                "src_parent_type": "Block",
                "dst_parent_type": "null",
                "src_parent": "{\n    org.apache.jackrabbit.oak.plugins.index.elasticsearch.ElasticsearchConnection connection \u003d build(java.lang.System.getProperties().entrySet().stream().collect(java.util.stream.Collectors.toMap(( e) -\u003e java.lang.String.valueOf(e.getKey()), ( e) -\u003e java.lang.String.valueOf(e.getValue()))));\n    if (connection \u003d\u003d null) {\n        connection \u003d build(contextConfig);\n    }\n    return connection !\u003d null ? connection : ElasticsearchConnection.defaultConnection.get();\n}",
                "dst_parent": "null"
              },
              "line": 254,
              "file": "/home/khesoem/projects/lighter/exp/oak-search-elastic/src/main/java/org/apache/jackrabbit/oak/plugins/index/elasticsearch/ElasticsearchIndexProviderService.java"
            }
          ]
        },
        {
          "tool-name": "JGenProg",
          "pattern-name": "JGenProg:any_statement_shallow",
          "Unified_Diff_of-files:": "Starts Below...",
          "DELETE:": "}",
          "INSERT:": "",
          "CHANGE_old:": "",
          "CHANGE_new:": "                .build();",
          "instance_detail": [
            {
              "pattern_action": "ANY",
              "pattern_entity": {
                "entity_type": "*",
                "entity_new value": "*",
                "entity_role": "Statement",
                "entity_parent": "null"
              },
              "concrete_change": {
                "operator": "DEL",
                "src_type": "Assignment",
                "dst_type": "null",
                "src": "connection \u003d build(contextConfig)",
                "dst": "null",
                "src_parent_type": "Block",
                "dst_parent_type": "null",
                "src_parent": "{\n    connection \u003d build(contextConfig);\n}",
                "dst_parent": "null"
              },
              "line": 263,
              "file": "/home/khesoem/projects/lighter/exp/oak-search-elastic/src/main/java/org/apache/jackrabbit/oak/plugins/index/elasticsearch/ElasticsearchIndexProviderService.java"
            }
          ]
        },
        {
          "tool-name": "JGenProg",
          "pattern-name": "JGenProg:any_statement_shallow",
          "Unified_Diff_of-files:": "Starts Below...",
          "DELETE:": "}",
          "INSERT:": "",
          "CHANGE_old:": "",
          "CHANGE_new:": "                .build();",
          "instance_detail": [
            {
              "pattern_action": "ANY",
              "pattern_entity": {
                "entity_type": "*",
                "entity_new value": "*",
                "entity_role": "Statement",
                "entity_parent": "null"
              },
              "concrete_change": {
                "operator": "DEL",
                "src_type": "If",
                "dst_type": "null",
                "src": "if (connection \u003d\u003d null) {\n    connection \u003d build(contextConfig);\n}",
                "dst": "null",
                "src_parent_type": "Block",
                "dst_parent_type": "null",
                "src_parent": "{\n    org.apache.jackrabbit.oak.plugins.index.elasticsearch.ElasticsearchConnection connection \u003d build(java.lang.System.getProperties().entrySet().stream().collect(java.util.stream.Collectors.toMap(( e) -\u003e java.lang.String.valueOf(e.getKey()), ( e) -\u003e java.lang.String.valueOf(e.getValue()))));\n    if (connection \u003d\u003d null) {\n        connection \u003d build(contextConfig);\n    }\n    return connection !\u003d null ? connection : ElasticsearchConnection.defaultConnection.get();\n}",
                "dst_parent": "null"
              },
              "line": 262,
              "file": "/home/khesoem/projects/lighter/exp/oak-search-elastic/src/main/java/org/apache/jackrabbit/oak/plugins/index/elasticsearch/ElasticsearchIndexProviderService.java"
            }
          ]
        },
        {
          "tool-name": "JGenProg",
          "pattern-name": "JGenProg:any_statement_shallow",
          "Unified_Diff_of-files:": "Starts Below...",
          "DELETE:": "}",
          "INSERT:": "",
          "CHANGE_old:": "",
          "CHANGE_new:": "                .build();",
          "instance_detail": [
            {
              "pattern_action": "ANY",
              "pattern_entity": {
                "entity_type": "*",
                "entity_new value": "*",
                "entity_role": "Statement",
                "entity_parent": "null"
              },
              "concrete_change": {
                "operator": "DEL",
                "src_type": "Return",
                "dst_type": "null",
                "src": "return connection !\u003d null ? connection : ElasticsearchConnection.defaultConnection.get()",
                "dst": "null",
                "src_parent_type": "Block",
                "dst_parent_type": "null",
                "src_parent": "{\n    org.apache.jackrabbit.oak.plugins.index.elasticsearch.ElasticsearchConnection connection \u003d build(java.lang.System.getProperties().entrySet().stream().collect(java.util.stream.Collectors.toMap(( e) -\u003e java.lang.String.valueOf(e.getKey()), ( e) -\u003e java.lang.String.valueOf(e.getValue()))));\n    if (connection \u003d\u003d null) {\n        connection \u003d build(contextConfig);\n    }\n    return connection !\u003d null ? connection : ElasticsearchConnection.defaultConnection.get();\n}",
                "dst_parent": "null"
              },
              "line": 266,
              "file": "/home/khesoem/projects/lighter/exp/oak-search-elastic/src/main/java/org/apache/jackrabbit/oak/plugins/index/elasticsearch/ElasticsearchIndexProviderService.java"
            }
          ]
        },
        {
          "tool-name": "JGenProg",
          "pattern-name": "JGenProg:any_statement_shallow",
          "Unified_Diff_of-files:": "Starts Below...",
          "DELETE:": "}",
          "INSERT:": "",
          "CHANGE_old:": "",
          "CHANGE_new:": "                .build();",
          "instance_detail": [
            {
              "pattern_action": "ANY",
              "pattern_entity": {
                "entity_type": "*",
                "entity_new value": "*",
                "entity_role": "Statement",
                "entity_parent": "null"
              },
              "concrete_change": {
                "operator": "DEL",
                "src_type": "LocalVariable",
                "dst_type": "null",
                "src": "org.apache.jackrabbit.oak.plugins.index.elasticsearch.ElasticsearchConnection coordinate \u003d null",
                "dst": "null",
                "src_parent_type": "Block",
                "dst_parent_type": "null",
                "src_parent": "{\n    org.apache.jackrabbit.oak.plugins.index.elasticsearch.ElasticsearchConnection coordinate \u003d null;\n    java.lang.Object p \u003d config.get(org.apache.jackrabbit.oak.plugins.index.elasticsearch.ElasticsearchIndexProviderService.PROP_ELASTICSEARCH_PORT);\n    if (p !\u003d null) {\n        try {\n            java.lang.Integer port \u003d java.lang.Integer.parseInt(p.toString());\n            coordinate \u003d new org.apache.jackrabbit.oak.plugins.index.elasticsearch.ElasticsearchConnection(((java.lang.String) (config.get(org.apache.jackrabbit.oak.plugins.index.elasticsearch.ElasticsearchIndexProviderService.PROP_ELASTICSEARCH_SCHEME))), ((java.lang.String) (config.get(org.apache.jackrabbit.oak.plugins.index.elasticsearch.ElasticsearchIndexProviderService.PROP_ELASTICSEARCH_HOST))), port, ((java.lang.String) (config.get(org.apache.jackrabbit.oak.plugins.index.elasticsearch.ElasticsearchIndexProviderService.PROP_INDEX_PREFIX))));\n        } catch (java.lang.NumberFormatException nfe) {\n            org.apache.jackrabbit.oak.plugins.index.elasticsearch.ElasticsearchIndexProviderService.LOG.warn(\"{} value ({}) cannot be parsed to a valid number\", org.apache.jackrabbit.oak.plugins.index.elasticsearch.ElasticsearchIndexProviderService.PROP_ELASTICSEARCH_PORT, p);\n        }\n    }\n    return coordinate;\n}",
                "dst_parent": "null"
              },
              "line": 270,
              "file": "/home/khesoem/projects/lighter/exp/oak-search-elastic/src/main/java/org/apache/jackrabbit/oak/plugins/index/elasticsearch/ElasticsearchIndexProviderService.java"
            }
          ]
        },
        {
          "tool-name": "JGenProg",
          "pattern-name": "JGenProg:any_statement_shallow",
          "Unified_Diff_of-files:": "Starts Below...",
          "DELETE:": "}",
          "INSERT:": "",
          "CHANGE_old:": "",
          "CHANGE_new:": "                .build();",
          "instance_detail": [
            {
              "pattern_action": "ANY",
              "pattern_entity": {
                "entity_type": "*",
                "entity_new value": "*",
                "entity_role": "Statement",
                "entity_parent": "null"
              },
              "concrete_change": {
                "operator": "DEL",
                "src_type": "LocalVariable",
                "dst_type": "null",
                "src": "java.lang.Integer port \u003d java.lang.Integer.parseInt(p.toString())",
                "dst": "null",
                "src_parent_type": "Block",
                "dst_parent_type": "null",
                "src_parent": "{\n    java.lang.Integer port \u003d java.lang.Integer.parseInt(p.toString());\n    coordinate \u003d new org.apache.jackrabbit.oak.plugins.index.elasticsearch.ElasticsearchConnection(((java.lang.String) (config.get(org.apache.jackrabbit.oak.plugins.index.elasticsearch.ElasticsearchIndexProviderService.PROP_ELASTICSEARCH_SCHEME))), ((java.lang.String) (config.get(org.apache.jackrabbit.oak.plugins.index.elasticsearch.ElasticsearchIndexProviderService.PROP_ELASTICSEARCH_HOST))), port, ((java.lang.String) (config.get(org.apache.jackrabbit.oak.plugins.index.elasticsearch.ElasticsearchIndexProviderService.PROP_INDEX_PREFIX))));\n}",
                "dst_parent": "null"
              },
              "line": 274,
              "file": "/home/khesoem/projects/lighter/exp/oak-search-elastic/src/main/java/org/apache/jackrabbit/oak/plugins/index/elasticsearch/ElasticsearchIndexProviderService.java"
            }
          ]
        },
        {
          "tool-name": "JGenProg",
          "pattern-name": "JGenProg:any_statement_shallow",
          "Unified_Diff_of-files:": "Starts Below...",
          "DELETE:": "}",
          "INSERT:": "",
          "CHANGE_old:": "",
          "CHANGE_new:": "                .build();",
          "instance_detail": [
            {
              "pattern_action": "ANY",
              "pattern_entity": {
                "entity_type": "*",
                "entity_new value": "*",
                "entity_role": "Statement",
                "entity_parent": "null"
              },
              "concrete_change": {
                "operator": "DEL",
                "src_type": "Assignment",
                "dst_type": "null",
                "src": "coordinate \u003d new org.apache.jackrabbit.oak.plugins.index.elasticsearch.ElasticsearchConnection(((java.lang.String) (config.get(org.apache.jackrabbit.oak.plugins.index.elasticsearch.ElasticsearchIndexProviderService.PROP_ELASTICSEARCH_SCHEME))), ((java.lang.String) (config.get(org.apache.jackrabbit.oak.plugins.index.elasticsearch.ElasticsearchIndexProviderService.PROP_ELASTICSEARCH_HOST))), port, ((java.lang.String) (config.get(org.apache.jackrabbit.oak.plugins.index.elasticsearch.ElasticsearchIndexProviderService.PROP_INDEX_PREFIX))))",
                "dst": "null",
                "src_parent_type": "Block",
                "dst_parent_type": "null",
                "src_parent": "{\n    java.lang.Integer port \u003d java.lang.Integer.parseInt(p.toString());\n    coordinate \u003d new org.apache.jackrabbit.oak.plugins.index.elasticsearch.ElasticsearchConnection(((java.lang.String) (config.get(org.apache.jackrabbit.oak.plugins.index.elasticsearch.ElasticsearchIndexProviderService.PROP_ELASTICSEARCH_SCHEME))), ((java.lang.String) (config.get(org.apache.jackrabbit.oak.plugins.index.elasticsearch.ElasticsearchIndexProviderService.PROP_ELASTICSEARCH_HOST))), port, ((java.lang.String) (config.get(org.apache.jackrabbit.oak.plugins.index.elasticsearch.ElasticsearchIndexProviderService.PROP_INDEX_PREFIX))));\n}",
                "dst_parent": "null"
              },
              "line": 275,
              "file": "/home/khesoem/projects/lighter/exp/oak-search-elastic/src/main/java/org/apache/jackrabbit/oak/plugins/index/elasticsearch/ElasticsearchIndexProviderService.java"
            }
          ]
        },
        {
          "tool-name": "JGenProg",
          "pattern-name": "JGenProg:any_statement_shallow",
          "Unified_Diff_of-files:": "Starts Below...",
          "DELETE:": "}",
          "INSERT:": "",
          "CHANGE_old:": "",
          "CHANGE_new:": "                .build();",
          "instance_detail": [
            {
              "pattern_action": "ANY",
              "pattern_entity": {
                "entity_type": "*",
                "entity_new value": "*",
                "entity_role": "Statement",
                "entity_parent": "null"
              },
              "concrete_change": {
                "operator": "DEL",
                "src_type": "Invocation",
                "dst_type": "null",
                "src": "org.apache.jackrabbit.oak.plugins.index.elasticsearch.ElasticsearchIndexProviderService.LOG.warn(\"{} value ({}) cannot be parsed to a valid number\", org.apache.jackrabbit.oak.plugins.index.elasticsearch.ElasticsearchIndexProviderService.PROP_ELASTICSEARCH_PORT, p)",
                "dst": "null",
                "src_parent_type": "Block",
                "dst_parent_type": "null",
                "src_parent": "{\n    org.apache.jackrabbit.oak.plugins.index.elasticsearch.ElasticsearchIndexProviderService.LOG.warn(\"{} value ({}) cannot be parsed to a valid number\", org.apache.jackrabbit.oak.plugins.index.elasticsearch.ElasticsearchIndexProviderService.PROP_ELASTICSEARCH_PORT, p);\n}",
                "dst_parent": "null"
              },
              "line": 278,
              "file": "/home/khesoem/projects/lighter/exp/oak-search-elastic/src/main/java/org/apache/jackrabbit/oak/plugins/index/elasticsearch/ElasticsearchIndexProviderService.java"
            }
          ]
        },
        {
          "tool-name": "JGenProg",
          "pattern-name": "JGenProg:any_statement_shallow",
          "Unified_Diff_of-files:": "Starts Below...",
          "DELETE:": "}",
          "INSERT:": "",
          "CHANGE_old:": "",
          "CHANGE_new:": "                .build();",
          "instance_detail": [
            {
              "pattern_action": "ANY",
              "pattern_entity": {
                "entity_type": "*",
                "entity_new value": "*",
                "entity_role": "Statement",
                "entity_parent": "null"
              },
              "concrete_change": {
                "operator": "DEL",
                "src_type": "Try",
                "dst_type": "null",
                "src": "try {\n    java.lang.Integer port \u003d java.lang.Integer.parseInt(p.toString());\n    coordinate \u003d new org.apache.jackrabbit.oak.plugins.index.elasticsearch.ElasticsearchConnection(((java.lang.String) (config.get(org.apache.jackrabbit.oak.plugins.index.elasticsearch.ElasticsearchIndexProviderService.PROP_ELASTICSEARCH_SCHEME))), ((java.lang.String) (config.get(org.apache.jackrabbit.oak.plugins.index.elasticsearch.ElasticsearchIndexProviderService.PROP_ELASTICSEARCH_HOST))), port, ((java.lang.String) (config.get(org.apache.jackrabbit.oak.plugins.index.elasticsearch.ElasticsearchIndexProviderService.PROP_INDEX_PREFIX))));\n} catch (java.lang.NumberFormatException nfe) {\n    org.apache.jackrabbit.oak.plugins.index.elasticsearch.ElasticsearchIndexProviderService.LOG.warn(\"{} value ({}) cannot be parsed to a valid number\", org.apache.jackrabbit.oak.plugins.index.elasticsearch.ElasticsearchIndexProviderService.PROP_ELASTICSEARCH_PORT, p);\n}",
                "dst": "null",
                "src_parent_type": "Block",
                "dst_parent_type": "null",
                "src_parent": "{\n    try {\n        java.lang.Integer port \u003d java.lang.Integer.parseInt(p.toString());\n        coordinate \u003d new org.apache.jackrabbit.oak.plugins.index.elasticsearch.ElasticsearchConnection(((java.lang.String) (config.get(org.apache.jackrabbit.oak.plugins.index.elasticsearch.ElasticsearchIndexProviderService.PROP_ELASTICSEARCH_SCHEME))), ((java.lang.String) (config.get(org.apache.jackrabbit.oak.plugins.index.elasticsearch.ElasticsearchIndexProviderService.PROP_ELASTICSEARCH_HOST))), port, ((java.lang.String) (config.get(org.apache.jackrabbit.oak.plugins.index.elasticsearch.ElasticsearchIndexProviderService.PROP_INDEX_PREFIX))));\n    } catch (java.lang.NumberFormatException nfe) {\n        org.apache.jackrabbit.oak.plugins.index.elasticsearch.ElasticsearchIndexProviderService.LOG.warn(\"{} value ({}) cannot be parsed to a valid number\", org.apache.jackrabbit.oak.plugins.index.elasticsearch.ElasticsearchIndexProviderService.PROP_ELASTICSEARCH_PORT, p);\n    }\n}",
                "dst_parent": "null"
              },
              "line": 273,
              "file": "/home/khesoem/projects/lighter/exp/oak-search-elastic/src/main/java/org/apache/jackrabbit/oak/plugins/index/elasticsearch/ElasticsearchIndexProviderService.java"
            }
          ]
        },
        {
          "tool-name": "JGenProg",
          "pattern-name": "JGenProg:any_statement_shallow",
          "Unified_Diff_of-files:": "Starts Below...",
          "DELETE:": "}",
          "INSERT:": "",
          "CHANGE_old:": "",
          "CHANGE_new:": "                .build();",
          "instance_detail": [
            {
              "pattern_action": "ANY",
              "pattern_entity": {
                "entity_type": "*",
                "entity_new value": "*",
                "entity_role": "Statement",
                "entity_parent": "null"
              },
              "concrete_change": {
                "operator": "DEL",
                "src_type": "If",
                "dst_type": "null",
                "src": "if (p !\u003d null) {\n    try {\n        java.lang.Integer port \u003d java.lang.Integer.parseInt(p.toString());\n        coordinate \u003d new org.apache.jackrabbit.oak.plugins.index.elasticsearch.ElasticsearchConnection(((java.lang.String) (config.get(org.apache.jackrabbit.oak.plugins.index.elasticsearch.ElasticsearchIndexProviderService.PROP_ELASTICSEARCH_SCHEME))), ((java.lang.String) (config.get(org.apache.jackrabbit.oak.plugins.index.elasticsearch.ElasticsearchIndexProviderService.PROP_ELASTICSEARCH_HOST))), port, ((java.lang.String) (config.get(org.apache.jackrabbit.oak.plugins.index.elasticsearch.ElasticsearchIndexProviderService.PROP_INDEX_PREFIX))));\n    } catch (java.lang.NumberFormatException nfe) {\n        org.apache.jackrabbit.oak.plugins.index.elasticsearch.ElasticsearchIndexProviderService.LOG.warn(\"{} value ({}) cannot be parsed to a valid number\", org.apache.jackrabbit.oak.plugins.index.elasticsearch.ElasticsearchIndexProviderService.PROP_ELASTICSEARCH_PORT, p);\n    }\n}",
                "dst": "null",
                "src_parent_type": "Block",
                "dst_parent_type": "null",
                "src_parent": "{\n    org.apache.jackrabbit.oak.plugins.index.elasticsearch.ElasticsearchConnection coordinate \u003d null;\n    java.lang.Object p \u003d config.get(org.apache.jackrabbit.oak.plugins.index.elasticsearch.ElasticsearchIndexProviderService.PROP_ELASTICSEARCH_PORT);\n    if (p !\u003d null) {\n        try {\n            java.lang.Integer port \u003d java.lang.Integer.parseInt(p.toString());\n            coordinate \u003d new org.apache.jackrabbit.oak.plugins.index.elasticsearch.ElasticsearchConnection(((java.lang.String) (config.get(org.apache.jackrabbit.oak.plugins.index.elasticsearch.ElasticsearchIndexProviderService.PROP_ELASTICSEARCH_SCHEME))), ((java.lang.String) (config.get(org.apache.jackrabbit.oak.plugins.index.elasticsearch.ElasticsearchIndexProviderService.PROP_ELASTICSEARCH_HOST))), port, ((java.lang.String) (config.get(org.apache.jackrabbit.oak.plugins.index.elasticsearch.ElasticsearchIndexProviderService.PROP_INDEX_PREFIX))));\n        } catch (java.lang.NumberFormatException nfe) {\n            org.apache.jackrabbit.oak.plugins.index.elasticsearch.ElasticsearchIndexProviderService.LOG.warn(\"{} value ({}) cannot be parsed to a valid number\", org.apache.jackrabbit.oak.plugins.index.elasticsearch.ElasticsearchIndexProviderService.PROP_ELASTICSEARCH_PORT, p);\n        }\n    }\n    return coordinate;\n}",
                "dst_parent": "null"
              },
              "line": 272,
              "file": "/home/khesoem/projects/lighter/exp/oak-search-elastic/src/main/java/org/apache/jackrabbit/oak/plugins/index/elasticsearch/ElasticsearchIndexProviderService.java"
            }
          ]
        }
      ]
    }
  ],
  "complete_analysis": true
}