{
  "instances": [
    {
      "revision": "47878e4d437278077adae7545e69ea844406c827",
      "repairability": [
        {
          "tool-name": "JGenProg",
          "pattern-name": "JGenProg:any_statement_shallow",
          "Unified_Diff_of-files:": "Starts Below...",
          "INSERT:": "        checkOpen();",
          "instance_detail": [
            {
              "pattern_action": "ANY",
              "pattern_entity": {
                "entity_type": "*",
                "entity_new value": "*",
                "entity_role": "Statement",
                "entity_parent": "null"
              },
              "concrete_change": {
                "operator": "INS",
                "src_type": "Invocation",
                "dst_type": "null",
                "src": "checkOpen()",
                "dst": "null",
                "src_parent_type": "Block",
                "dst_parent_type": "null",
                "src_parent": "{\n    checkOpen();\n    return checkpoints.create(lifetime, properties).toString();\n}",
                "dst_parent": "null"
              },
              "line": 2021,
              "file": "/home/khesoem/projects/lighter/exp/oak-store-document/src/main/java/org/apache/jackrabbit/oak/plugins/document/DocumentNodeStore.java",
              "stats": {
                "number_of_src_entities": 11,
                "number_of_dst_entities": -1,
                "src_entity_types": "[org.apache.jackrabbit.oak.plugins.document.DocumentNodeStore]",
                "dst_entity_types": "[]"
              }
            }
          ]
        },
        {
          "tool-name": "JGenProg",
          "pattern-name": "JGenProg:any_statement_shallow",
          "Unified_Diff_of-files:": "Starts Below...",
          "INSERT:": "        checkOpen();",
          "instance_detail": [
            {
              "pattern_action": "ANY",
              "pattern_entity": {
                "entity_type": "*",
                "entity_new value": "*",
                "entity_role": "Statement",
                "entity_parent": "null"
              },
              "concrete_change": {
                "operator": "INS",
                "src_type": "Invocation",
                "dst_type": "null",
                "src": "checkOpen()",
                "dst": "null",
                "src_parent_type": "Block",
                "dst_parent_type": "null",
                "src_parent": "{\n    checkOpen();\n    java.util.Map\u003cjava.lang.String, java.lang.String\u003e empty \u003d java.util.Collections.emptyMap();\n    return checkpoint(lifetime, empty);\n}",
                "dst_parent": "null"
              },
              "line": 2028,
              "file": "/home/khesoem/projects/lighter/exp/oak-store-document/src/main/java/org/apache/jackrabbit/oak/plugins/document/DocumentNodeStore.java",
              "stats": {
                "number_of_src_entities": 11,
                "number_of_dst_entities": -1,
                "src_entity_types": "[org.apache.jackrabbit.oak.plugins.document.DocumentNodeStore]",
                "dst_entity_types": "[]"
              }
            }
          ]
        },
        {
          "tool-name": "JGenProg",
          "pattern-name": "JGenProg:any_statement_shallow",
          "Unified_Diff_of-files:": "Starts Below...",
          "INSERT:": "        checkOpen();",
          "instance_detail": [
            {
              "pattern_action": "ANY",
              "pattern_entity": {
                "entity_type": "*",
                "entity_new value": "*",
                "entity_role": "Statement",
                "entity_parent": "null"
              },
              "concrete_change": {
                "operator": "INS",
                "src_type": "Invocation",
                "dst_type": "null",
                "src": "checkOpen()",
                "dst": "null",
                "src_parent_type": "Block",
                "dst_parent_type": "null",
                "src_parent": "{\n    checkOpen();\n    org.apache.jackrabbit.oak.plugins.document.Revision r \u003d org.apache.jackrabbit.oak.plugins.document.Revision.fromString(checkpoint);\n    org.apache.jackrabbit.oak.plugins.document.Checkpoints.Info info \u003d checkpoints.getCheckpoints().get(r);\n    if (info \u003d\u003d null) {\n        return java.util.Collections.emptyMap();\n    } else {\n        return info.get();\n    }\n}",
                "dst_parent": "null"
              },
              "line": 2036,
              "file": "/home/khesoem/projects/lighter/exp/oak-store-document/src/main/java/org/apache/jackrabbit/oak/plugins/document/DocumentNodeStore.java",
              "stats": {
                "number_of_src_entities": 11,
                "number_of_dst_entities": -1,
                "src_entity_types": "[org.apache.jackrabbit.oak.plugins.document.DocumentNodeStore]",
                "dst_entity_types": "[]"
              }
            }
          ]
        },
        {
          "tool-name": "JGenProg",
          "pattern-name": "JGenProg:any_statement_shallow",
          "Unified_Diff_of-files:": "Starts Below...",
          "INSERT:": "        checkOpen();",
          "instance_detail": [
            {
              "pattern_action": "ANY",
              "pattern_entity": {
                "entity_type": "*",
                "entity_new value": "*",
                "entity_role": "Statement",
                "entity_parent": "null"
              },
              "concrete_change": {
                "operator": "INS",
                "src_type": "Invocation",
                "dst_type": "null",
                "src": "checkOpen()",
                "dst": "null",
                "src_parent_type": "Block",
                "dst_parent_type": "null",
                "src_parent": "{\n    checkOpen();\n    final long now \u003d clock.getTime();\n    return com.google.common.collect.Iterables.transform(com.google.common.collect.Iterables.filter(checkpoints.getCheckpoints().entrySet(), new com.google.common.base.Predicate\u003cjava.util.Map.Entry\u003corg.apache.jackrabbit.oak.plugins.document.Revision, org.apache.jackrabbit.oak.plugins.document.Checkpoints.Info\u003e\u003e() {\n        @java.lang.Override\n        public boolean apply(java.util.Map.Entry\u003corg.apache.jackrabbit.oak.plugins.document.Revision, org.apache.jackrabbit.oak.plugins.document.Checkpoints.Info\u003e cp) {\n            return (cp.getValue().getExpiryTime()) \u003e now;\n        }\n    }), new com.google.common.base.Function\u003cjava.util.Map.Entry\u003corg.apache.jackrabbit.oak.plugins.document.Revision, org.apache.jackrabbit.oak.plugins.document.Checkpoints.Info\u003e, java.lang.String\u003e() {\n        @java.lang.Override\n        public java.lang.String apply(java.util.Map.Entry\u003corg.apache.jackrabbit.oak.plugins.document.Revision, org.apache.jackrabbit.oak.plugins.document.Checkpoints.Info\u003e cp) {\n            return cp.getKey().toString();\n        }\n    });\n}",
                "dst_parent": "null"
              },
              "line": 2050,
              "file": "/home/khesoem/projects/lighter/exp/oak-store-document/src/main/java/org/apache/jackrabbit/oak/plugins/document/DocumentNodeStore.java",
              "stats": {
                "number_of_src_entities": 11,
                "number_of_dst_entities": -1,
                "src_entity_types": "[org.apache.jackrabbit.oak.plugins.document.DocumentNodeStore]",
                "dst_entity_types": "[]"
              }
            }
          ]
        },
        {
          "tool-name": "JGenProg",
          "pattern-name": "JGenProg:any_statement_shallow",
          "Unified_Diff_of-files:": "Starts Below...",
          "INSERT:": "        checkOpen();",
          "instance_detail": [
            {
              "pattern_action": "ANY",
              "pattern_entity": {
                "entity_type": "*",
                "entity_new value": "*",
                "entity_role": "Statement",
                "entity_parent": "null"
              },
              "concrete_change": {
                "operator": "INS",
                "src_type": "Invocation",
                "dst_type": "null",
                "src": "checkOpen()",
                "dst": "null",
                "src_parent_type": "Block",
                "dst_parent_type": "null",
                "src_parent": "{\n    checkOpen();\n    org.apache.jackrabbit.oak.plugins.document.RevisionVector rv \u003d getCheckpoints().retrieve(checkpoint);\n    if (rv \u003d\u003d null) {\n        return null;\n    }\n    suspendUntilAll(com.google.common.collect.Sets.newHashSet(rv));\n    return getRoot(rv);\n}",
                "dst_parent": "null"
              },
              "line": 2069,
              "file": "/home/khesoem/projects/lighter/exp/oak-store-document/src/main/java/org/apache/jackrabbit/oak/plugins/document/DocumentNodeStore.java",
              "stats": {
                "number_of_src_entities": 11,
                "number_of_dst_entities": -1,
                "src_entity_types": "[org.apache.jackrabbit.oak.plugins.document.DocumentNodeStore]",
                "dst_entity_types": "[]"
              }
            }
          ]
        },
        {
          "tool-name": "JGenProg",
          "pattern-name": "JGenProg:any_statement_shallow",
          "Unified_Diff_of-files:": "Starts Below...",
          "INSERT:": "        checkOpen();",
          "instance_detail": [
            {
              "pattern_action": "ANY",
              "pattern_entity": {
                "entity_type": "*",
                "entity_new value": "*",
                "entity_role": "Statement",
                "entity_parent": "null"
              },
              "concrete_change": {
                "operator": "INS",
                "src_type": "Invocation",
                "dst_type": "null",
                "src": "checkOpen()",
                "dst": "null",
                "src_parent_type": "Block",
                "dst_parent_type": "null",
                "src_parent": "{\n    checkOpen();\n    checkpoints.release(checkpoint);\n    return true;\n}",
                "dst_parent": "null"
              },
              "line": 2081,
              "file": "/home/khesoem/projects/lighter/exp/oak-store-document/src/main/java/org/apache/jackrabbit/oak/plugins/document/DocumentNodeStore.java",
              "stats": {
                "number_of_src_entities": 11,
                "number_of_dst_entities": -1,
                "src_entity_types": "[org.apache.jackrabbit.oak.plugins.document.DocumentNodeStore]",
                "dst_entity_types": "[]"
              }
            }
          ]
        }
      ]
    }
  ],
  "complete_analysis": true
}