{
  "instances": [
    {
      "revision": "5e6dd99ce9696c513042f279b25aac447d6a9f09",
      "repairability": [
        {
          "tool-name": "JGenProg",
          "pattern-name": "JGenProg:any_statement_shallow",
          "Unified_Diff_of-files:": "Starts Below...",
          "CHANGE_old:": "@Version(\"2.3.1\")",
          "CHANGE_new:": "@Version(\"2.4.0\")",
          "instance_detail": [
            {
              "pattern_action": "ANY",
              "pattern_entity": {
                "entity_type": "*",
                "entity_new value": "*",
                "entity_role": "Statement",
                "entity_parent": "null"
              },
              "concrete_change": {
                "operator": "DEL",
                "src_type": "LocalVariable",
                "dst_type": "null",
                "src": "org.apache.jackrabbit.oak.spi.security.authentication.LoginModuleStats lmMonitor \u003d new org.apache.jackrabbit.oak.spi.security.authentication.LoginModuleStats(statisticsProvider)",
                "dst": "null",
                "src_parent_type": "Block",
                "dst_parent_type": "null",
                "src_parent": "{\n    org.apache.jackrabbit.oak.spi.security.authentication.LoginModuleStats lmMonitor \u003d new org.apache.jackrabbit.oak.spi.security.authentication.LoginModuleStats(statisticsProvider);\n    ((org.apache.jackrabbit.oak.spi.security.authentication.LoginModuleStatsCollector) (authenticationConfiguration)).setLoginModuleMonitor(lmMonitor);\n    org.apache.jackrabbit.oak.spi.whiteboard.Registration mon \u003d whiteboard.register(org.apache.jackrabbit.oak.spi.security.authentication.LoginModuleMonitor.class, lmMonitor, java.util.Collections.emptyMap());\n    closer.register(((java.io.Closeable) (mon::unregister)));\n    org.apache.jackrabbit.oak.spi.whiteboard.Registration mbean \u003d registerMBean(whiteboard, org.apache.jackrabbit.oak.spi.security.authentication.LoginModuleMBean.class, lmMonitor, LoginModuleMBean.TYPE, \"LoginModule statistics\");\n    closer.register(((java.io.Closeable) (mbean::unregister)));\n}",
                "dst_parent": "null"
              },
              "line": 534,
              "file": "/home/khesoem/projects/lighter/exp/oak-core/src/main/java/org/apache/jackrabbit/oak/security/internal/SecurityProviderRegistration.java"
            }
          ]
        },
        {
          "tool-name": "JGenProg",
          "pattern-name": "JGenProg:any_statement_shallow",
          "Unified_Diff_of-files:": "Starts Below...",
          "CHANGE_old:": "@Version(\"2.3.1\")",
          "CHANGE_new:": "@Version(\"2.4.0\")",
          "instance_detail": [
            {
              "pattern_action": "ANY",
              "pattern_entity": {
                "entity_type": "*",
                "entity_new value": "*",
                "entity_role": "Statement",
                "entity_parent": "null"
              },
              "concrete_change": {
                "operator": "DEL",
                "src_type": "Invocation",
                "dst_type": "null",
                "src": "((org.apache.jackrabbit.oak.spi.security.authentication.LoginModuleStatsCollector) (authenticationConfiguration)).setLoginModuleMonitor(lmMonitor)",
                "dst": "null",
                "src_parent_type": "Block",
                "dst_parent_type": "null",
                "src_parent": "{\n    org.apache.jackrabbit.oak.spi.security.authentication.LoginModuleStats lmMonitor \u003d new org.apache.jackrabbit.oak.spi.security.authentication.LoginModuleStats(statisticsProvider);\n    ((org.apache.jackrabbit.oak.spi.security.authentication.LoginModuleStatsCollector) (authenticationConfiguration)).setLoginModuleMonitor(lmMonitor);\n    org.apache.jackrabbit.oak.spi.whiteboard.Registration mon \u003d whiteboard.register(org.apache.jackrabbit.oak.spi.security.authentication.LoginModuleMonitor.class, lmMonitor, java.util.Collections.emptyMap());\n    closer.register(((java.io.Closeable) (mon::unregister)));\n    org.apache.jackrabbit.oak.spi.whiteboard.Registration mbean \u003d registerMBean(whiteboard, org.apache.jackrabbit.oak.spi.security.authentication.LoginModuleMBean.class, lmMonitor, LoginModuleMBean.TYPE, \"LoginModule statistics\");\n    closer.register(((java.io.Closeable) (mbean::unregister)));\n}",
                "dst_parent": "null"
              },
              "line": 535,
              "file": "/home/khesoem/projects/lighter/exp/oak-core/src/main/java/org/apache/jackrabbit/oak/security/internal/SecurityProviderRegistration.java"
            }
          ]
        },
        {
          "tool-name": "JGenProg",
          "pattern-name": "JGenProg:any_statement_shallow",
          "Unified_Diff_of-files:": "Starts Below...",
          "CHANGE_old:": "@Version(\"2.3.1\")",
          "CHANGE_new:": "@Version(\"2.4.0\")",
          "instance_detail": [
            {
              "pattern_action": "ANY",
              "pattern_entity": {
                "entity_type": "*",
                "entity_new value": "*",
                "entity_role": "Statement",
                "entity_parent": "null"
              },
              "concrete_change": {
                "operator": "DEL",
                "src_type": "LocalVariable",
                "dst_type": "null",
                "src": "org.apache.jackrabbit.oak.spi.whiteboard.Registration mon \u003d whiteboard.register(org.apache.jackrabbit.oak.spi.security.authentication.LoginModuleMonitor.class, lmMonitor, java.util.Collections.emptyMap())",
                "dst": "null",
                "src_parent_type": "Block",
                "dst_parent_type": "null",
                "src_parent": "{\n    org.apache.jackrabbit.oak.spi.security.authentication.LoginModuleStats lmMonitor \u003d new org.apache.jackrabbit.oak.spi.security.authentication.LoginModuleStats(statisticsProvider);\n    ((org.apache.jackrabbit.oak.spi.security.authentication.LoginModuleStatsCollector) (authenticationConfiguration)).setLoginModuleMonitor(lmMonitor);\n    org.apache.jackrabbit.oak.spi.whiteboard.Registration mon \u003d whiteboard.register(org.apache.jackrabbit.oak.spi.security.authentication.LoginModuleMonitor.class, lmMonitor, java.util.Collections.emptyMap());\n    closer.register(((java.io.Closeable) (mon::unregister)));\n    org.apache.jackrabbit.oak.spi.whiteboard.Registration mbean \u003d registerMBean(whiteboard, org.apache.jackrabbit.oak.spi.security.authentication.LoginModuleMBean.class, lmMonitor, LoginModuleMBean.TYPE, \"LoginModule statistics\");\n    closer.register(((java.io.Closeable) (mbean::unregister)));\n}",
                "dst_parent": "null"
              },
              "line": 537,
              "file": "/home/khesoem/projects/lighter/exp/oak-core/src/main/java/org/apache/jackrabbit/oak/security/internal/SecurityProviderRegistration.java"
            }
          ]
        },
        {
          "tool-name": "JGenProg",
          "pattern-name": "JGenProg:any_statement_shallow",
          "Unified_Diff_of-files:": "Starts Below...",
          "CHANGE_old:": "@Version(\"2.3.1\")",
          "CHANGE_new:": "@Version(\"2.4.0\")",
          "instance_detail": [
            {
              "pattern_action": "ANY",
              "pattern_entity": {
                "entity_type": "*",
                "entity_new value": "*",
                "entity_role": "Statement",
                "entity_parent": "null"
              },
              "concrete_change": {
                "operator": "DEL",
                "src_type": "Invocation",
                "dst_type": "null",
                "src": "closer.register(((java.io.Closeable) (mon::unregister)))",
                "dst": "null",
                "src_parent_type": "Block",
                "dst_parent_type": "null",
                "src_parent": "{\n    org.apache.jackrabbit.oak.spi.security.authentication.LoginModuleStats lmMonitor \u003d new org.apache.jackrabbit.oak.spi.security.authentication.LoginModuleStats(statisticsProvider);\n    ((org.apache.jackrabbit.oak.spi.security.authentication.LoginModuleStatsCollector) (authenticationConfiguration)).setLoginModuleMonitor(lmMonitor);\n    org.apache.jackrabbit.oak.spi.whiteboard.Registration mon \u003d whiteboard.register(org.apache.jackrabbit.oak.spi.security.authentication.LoginModuleMonitor.class, lmMonitor, java.util.Collections.emptyMap());\n    closer.register(((java.io.Closeable) (mon::unregister)));\n    org.apache.jackrabbit.oak.spi.whiteboard.Registration mbean \u003d registerMBean(whiteboard, org.apache.jackrabbit.oak.spi.security.authentication.LoginModuleMBean.class, lmMonitor, LoginModuleMBean.TYPE, \"LoginModule statistics\");\n    closer.register(((java.io.Closeable) (mbean::unregister)));\n}",
                "dst_parent": "null"
              },
              "line": 538,
              "file": "/home/khesoem/projects/lighter/exp/oak-core/src/main/java/org/apache/jackrabbit/oak/security/internal/SecurityProviderRegistration.java"
            }
          ]
        },
        {
          "tool-name": "JGenProg",
          "pattern-name": "JGenProg:any_statement_shallow",
          "Unified_Diff_of-files:": "Starts Below...",
          "CHANGE_old:": "@Version(\"2.3.1\")",
          "CHANGE_new:": "@Version(\"2.4.0\")",
          "instance_detail": [
            {
              "pattern_action": "ANY",
              "pattern_entity": {
                "entity_type": "*",
                "entity_new value": "*",
                "entity_role": "Statement",
                "entity_parent": "null"
              },
              "concrete_change": {
                "operator": "DEL",
                "src_type": "If",
                "dst_type": "null",
                "src": "if ((authenticationConfiguration) instanceof org.apache.jackrabbit.oak.spi.security.authentication.LoginModuleStatsCollector) {\n    org.apache.jackrabbit.oak.spi.security.authentication.LoginModuleStats lmMonitor \u003d new org.apache.jackrabbit.oak.spi.security.authentication.LoginModuleStats(statisticsProvider);\n    ((org.apache.jackrabbit.oak.spi.security.authentication.LoginModuleStatsCollector) (authenticationConfiguration)).setLoginModuleMonitor(lmMonitor);\n    org.apache.jackrabbit.oak.spi.whiteboard.Registration mon \u003d whiteboard.register(org.apache.jackrabbit.oak.spi.security.authentication.LoginModuleMonitor.class, lmMonitor, java.util.Collections.emptyMap());\n    closer.register(((java.io.Closeable) (mon::unregister)));\n    org.apache.jackrabbit.oak.spi.whiteboard.Registration mbean \u003d registerMBean(whiteboard, org.apache.jackrabbit.oak.spi.security.authentication.LoginModuleMBean.class, lmMonitor, LoginModuleMBean.TYPE, \"LoginModule statistics\");\n    closer.register(((java.io.Closeable) (mbean::unregister)));\n}",
                "dst": "null",
                "src_parent_type": "Block",
                "dst_parent_type": "null",
                "src_parent": "{\n    org.osgi.framework.BundleContext context;\n    org.apache.jackrabbit.oak.security.internal.SecurityProviderRegistration.log.info(\"Trying to register a SecurityProvider...\");\n    synchronized(this) {\n        if ((this.context) \u003d\u003d null) {\n            org.apache.jackrabbit.oak.security.internal.SecurityProviderRegistration.log.info(\"Aborting: no BundleContext is available\");\n            return;\n        }\n        if (!(preconditions.areSatisfied())) {\n            org.apache.jackrabbit.oak.security.internal.SecurityProviderRegistration.log.info(\"Aborting: preconditions are not satisfied: {}\", preconditions);\n            return;\n        }\n        if ((registration) !\u003d null) {\n            org.apache.jackrabbit.oak.security.internal.SecurityProviderRegistration.log.info(\"Aborting: a SecurityProvider is already registered\");\n            return;\n        }\n        if (registering) {\n            org.apache.jackrabbit.oak.security.internal.SecurityProviderRegistration.log.info(\"Aborting: a SecurityProvider is already being registered\");\n            return;\n        }\n        registering \u003d true;\n        context \u003d this.context;\n    }\n    java.util.Dictionary\u003cjava.lang.String, java.lang.Object\u003e properties \u003d new java.util.Hashtable\u003c\u003e();\n    properties.put(\"type\", \"default\");\n    org.apache.jackrabbit.oak.spi.whiteboard.Whiteboard whiteboard \u003d new org.apache.jackrabbit.oak.osgi.OsgiWhiteboard(context);\n    org.osgi.framework.ServiceRegistration registration \u003d context.registerService(org.apache.jackrabbit.oak.spi.security.SecurityProvider.class.getName(), createSecurityProvider(whiteboard), properties);\n    synchronized(this) {\n        this.registration \u003d registration;\n        this.registering \u003d false;\n    }\n    closer \u003d com.google.common.io.Closer.create();\n    if ((authenticationConfiguration) instanceof org.apache.jackrabbit.oak.spi.security.authentication.LoginModuleStatsCollector) {\n        org.apache.jackrabbit.oak.spi.security.authentication.LoginModuleStats lmMonitor \u003d new org.apache.jackrabbit.oak.spi.security.authentication.LoginModuleStats(statisticsProvider);\n        ((org.apache.jackrabbit.oak.spi.security.authentication.LoginModuleStatsCollector) (authenticationConfiguration)).setLoginModuleMonitor(lmMonitor);\n        org.apache.jackrabbit.oak.spi.whiteboard.Registration mon \u003d whiteboard.register(org.apache.jackrabbit.oak.spi.security.authentication.LoginModuleMonitor.class, lmMonitor, java.util.Collections.emptyMap());\n        closer.register(((java.io.Closeable) (mon::unregister)));\n        org.apache.jackrabbit.oak.spi.whiteboard.Registration mbean \u003d registerMBean(whiteboard, org.apache.jackrabbit.oak.spi.security.authentication.LoginModuleMBean.class, lmMonitor, LoginModuleMBean.TYPE, \"LoginModule statistics\");\n        closer.register(((java.io.Closeable) (mbean::unregister)));\n    }\n    org.apache.jackrabbit.oak.security.internal.SecurityProviderRegistration.log.info(\"SecurityProvider instance registered\");\n}",
                "dst_parent": "null"
              },
              "line": 533,
              "file": "/home/khesoem/projects/lighter/exp/oak-core/src/main/java/org/apache/jackrabbit/oak/security/internal/SecurityProviderRegistration.java",
              "stats": {
                "number_of_src_entities": 223,
                "number_of_dst_entities": -1,
                "src_entity_types": "[org.apache.jackrabbit.oak.spi.security.authentication.LoginModuleMonitor, com.google.common.io.Closer, org.apache.jackrabbit.oak.spi.security.authentication.LoginModuleStats, java.lang.Object, java.io.Closeable, java.lang.String, org.apache.jackrabbit.oak.security.internal.SecurityProviderRegistration, org.apache.jackrabbit.oak.spi.security.authentication.LoginModuleMBean, org.apache.jackrabbit.oak.spi.whiteboard.Registration, org.apache.jackrabbit.oak.spi.security.authentication.LoginModuleStatsCollector, LoginModuleMBean.TYPE, org.apache.jackrabbit.oak.spi.whiteboard.Whiteboard, java.util.Collections]",
                "dst_entity_types": "[]"
              }
            }
          ]
        }
      ]
    }
  ],
  "complete_analysis": true
}