{
  "instances": [
    {
      "revision": "2e13622c98698ef8d60a029aec0e47be02e24dee",
      "repairability": [
        {
          "tool-name": "JGenProg",
          "pattern-name": "JGenProg:any_statement_shallow",
          "Unified_Diff_of-files:": "Starts Below...",
          "INSERT:": "        }",
          "instance_detail": [
            {
              "pattern_action": "ANY",
              "pattern_entity": {
                "entity_type": "*",
                "entity_new value": "*",
                "entity_role": "Statement",
                "entity_parent": "null"
              },
              "concrete_change": {
                "operator": "DEL",
                "src_type": "If",
                "dst_type": "null",
                "src": "if (async !\u003d null) {\n    return new org.apache.jackrabbit.oak.plugins.index.elastic.index.ElasticBulkProcessorHandler(elasticConnection, indexDefinition, definitionBuilder);\n}",
                "dst": "null",
                "src_parent_type": "Block",
                "dst_parent_type": "null",
                "src_parent": "{\n    org.apache.jackrabbit.oak.api.PropertyState async \u003d indexDefinition.getDefinitionNodeState().getProperty(\"async\");\n    if (async !\u003d null) {\n        return new org.apache.jackrabbit.oak.plugins.index.elastic.index.ElasticBulkProcessorHandler(elasticConnection, indexDefinition, definitionBuilder);\n    }\n    java.lang.String syncMode \u003d null;\n    if (commitInfo !\u003d null) {\n        syncMode \u003d ((java.lang.String) (commitInfo.getInfo().get(org.apache.jackrabbit.oak.plugins.index.elastic.index.ElasticBulkProcessorHandler.SYNC_MODE_PROPERTY)));\n    }\n    if (syncMode \u003d\u003d null) {\n        org.apache.jackrabbit.oak.api.PropertyState syncModeProp \u003d indexDefinition.getDefinitionNodeState().getProperty(\"sync-mode\");\n        if (syncModeProp !\u003d null) {\n            syncMode \u003d syncModeProp.getValue(Type.STRING);\n        }\n    }\n    if (org.apache.jackrabbit.oak.plugins.index.elastic.index.ElasticBulkProcessorHandler.SYNC_RT_MODE.equals(syncMode)) {\n        return new org.apache.jackrabbit.oak.plugins.index.elastic.index.ElasticBulkProcessorHandler.RealTimeBulkProcessorHandler(elasticConnection, indexDefinition, definitionBuilder);\n    }\n    return new org.apache.jackrabbit.oak.plugins.index.elastic.index.ElasticBulkProcessorHandler(elasticConnection, indexDefinition, definitionBuilder);\n}",
                "dst_parent": "null"
              },
              "line": 111,
              "file": "/home/khesoem/projects/lighter/exp/oak-search-elastic/src/main/java/org/apache/jackrabbit/oak/plugins/index/elastic/index/ElasticBulkProcessorHandler.java",
              "stats": {
                "number_of_src_entities": 34,
                "number_of_dst_entities": -1,
                "src_entity_types": "[org.apache.jackrabbit.oak.plugins.index.elastic.index.ElasticBulkProcessorHandler, \u003cnulltype\u003e, org.apache.jackrabbit.oak.api.PropertyState, org.apache.jackrabbit.oak.plugins.index.elastic.ElasticConnection, org.apache.jackrabbit.oak.plugins.index.elastic.ElasticIndexDefinition, org.apache.jackrabbit.oak.spi.state.NodeBuilder]",
                "dst_entity_types": "[]"
              }
            }
          ]
        }
      ]
    }
  ],
  "complete_analysis": true
}