{
  "instances": [
    {
      "revision": "41dff26f9d83609793cefaf4bb28dc6b69cd4d03",
      "repairability": [
        {
          "tool-name": "JGenProg",
          "pattern-name": "JGenProg:any_statement_shallow",
          "Unified_Diff_of-files:": "Starts Below...",
          "INSERT:": "import org.osgi.annotation.versioning.Version;",
          "instance_detail": [
            {
              "pattern_action": "ANY",
              "pattern_entity": {
                "entity_type": "*",
                "entity_new value": "*",
                "entity_role": "Statement",
                "entity_parent": "null"
              },
              "concrete_change": {
                "operator": "INS",
                "src_type": "Synchronized",
                "dst_type": "null",
                "src": "synchronized(segmentsByUUID) {\n    segmentsByUUID.remove(segment.getUuid());\n    segmentsByUUID.notifyAll();\n}",
                "dst": "null",
                "src_parent_type": "Block",
                "dst_parent_type": "null",
                "src_parent": "{\n    org.apache.jackrabbit.oak.segment.remote.queue.SegmentWriteQueue.log.error(\"Can\u0027t re-add the segment {} to the queue. It\u0027ll be dropped.\", segment.getUuid(), e1);\n    synchronized(segmentsByUUID) {\n        segmentsByUUID.remove(segment.getUuid());\n        segmentsByUUID.notifyAll();\n    }\n}",
                "dst_parent": "null"
              },
              "line": 93,
              "file": "/home/khesoem/projects/lighter/exp/oak-segment-remote/src/main/java/org/apache/jackrabbit/oak/segment/remote/queue/SegmentWriteQueue.java",
              "stats": {
                "number_of_src_entities": 74,
                "number_of_dst_entities": -1,
                "src_entity_types": "[org.apache.jackrabbit.oak.segment.remote.queue.SegmentWriteQueue, org.apache.jackrabbit.oak.segment.remote.queue.SegmentWriteAction, java.util.UUID, java.util.Map\u003cjava.util.UUID, org.apache.jackrabbit.oak.segment.remote.queue.SegmentWriteAction\u003e]",
                "dst_entity_types": "[]"
              }
            }
          ]
        },
        {
          "tool-name": "JGenProg",
          "pattern-name": "JGenProg:any_statement_deep",
          "Unified_Diff_of-files:": "Starts Below...",
          "INSERT:": "import org.osgi.annotation.versioning.Version;",
          "instance_detail": [
            {
              "pattern_action": "ANY",
              "pattern_entity": {
                "entity_type": "*",
                "entity_new value": "*",
                "entity_role": "*",
                "entity_parent": {
                  "entity_type": "*",
                  "entity_new value": "*",
                  "entity_role": "Statement",
                  "entity_parent": "null"
                }
              },
              "concrete_change": {
                "operator": "UPD",
                "src_type": "ConstructorCall",
                "dst_type": "ConstructorCall",
                "src": "new org.apache.jackrabbit.oak.segment.remote.queue.SegmentWriteQueue.SegmentConsumeException(segment, e)",
                "dst": "new org.apache.jackrabbit.oak.segment.remote.queue.SegmentWriteQueue.SegmentConsumeException(segment, e)",
                "src_parent_type": "Throw",
                "dst_parent_type": "Throw",
                "src_parent": "throw new org.apache.jackrabbit.oak.segment.remote.queue.SegmentWriteQueue.SegmentConsumeException(segment, e)",
                "dst_parent": "throw new org.apache.jackrabbit.oak.segment.remote.queue.SegmentWriteQueue.SegmentConsumeException(segment, e)"
              },
              "line": 114,
              "file": "/home/khesoem/projects/lighter/exp/oak-segment-remote/src/main/java/org/apache/jackrabbit/oak/segment/remote/queue/SegmentWriteQueue.java",
              "stats": {
                "number_of_src_entities": 20,
                "number_of_dst_entities": 20,
                "src_entity_types": "[org.apache.jackrabbit.oak.segment.remote.queue.SegmentWriteQueue, org.apache.jackrabbit.oak.segment.remote.queue.SegmentWriteQueue.SegmentConsumeException, java.io.IOException, org.apache.jackrabbit.oak.segment.remote.queue.SegmentWriteAction]",
                "dst_entity_types": "[java.lang.Exception, org.apache.jackrabbit.oak.segment.remote.queue.SegmentWriteQueue, org.apache.jackrabbit.oak.segment.remote.queue.SegmentWriteQueue.SegmentConsumeException, org.apache.jackrabbit.oak.segment.remote.queue.SegmentWriteAction]"
              }
            }
          ]
        }
      ]
    }
  ],
  "complete_analysis": true
}