{
  "instances": [
    {
      "revision": "d7706c12cecc20f28608173a537dfe457faccde7",
      "repairability": [
        {
          "tool-name": "Arja",
          "pattern-name": "Arja:arja_shallow_change",
          "Unified_Diff_of-files:": "Starts Below...",
          "CHANGE_old:": "        } else if (ServiceType.CONNECTOR.name().equals(serviceType)) {",
          "CHANGE_new:": "        } else if (ServiceType.CONNECTOR.toString().equals(serviceType)) {",
          "INSERT:": "        }",
          "DELETE:": "",
          "instance_detail": [
            {
              "pattern_action": "ANY",
              "pattern_entity": {
                "entity_type": "Statement",
                "entity_new value": "*",
                "entity_role": "*",
                "entity_parent": "null"
              },
              "concrete_change": {
                "operator": "DEL",
                "src_type": "LocalVariable",
                "dst_type": "null",
                "src": "final java.lang.String applicationName \u003d metadata.get(AcitivitiMetadataAttrs.appName)",
                "dst": "null",
                "src_parent_type": "Block",
                "dst_parent_type": "null",
                "src_parent": "{\n    java.util.Map\u003cjava.lang.String, java.lang.String\u003e metadata \u003d serviceInstance.getMetadata();\n    final java.lang.String applicationName \u003d metadata.get(AcitivitiMetadataAttrs.appName);\n    if (applicationName !\u003d null) {\n        final java.lang.String serviceType \u003d metadata.get(AcitivitiMetadataAttrs.serviceType);\n        org.activiti.cloud.app.services.ApplicationsService.LOGGER.debug((\"Application Name: \" + applicationName));\n        org.activiti.cloud.app.services.ApplicationsService.LOGGER.debug((\"Service Type: \" + serviceType));\n        org.activiti.cloud.app.model.Application activitiApplication \u003d apps.get(applicationName);\n        if (activitiApplication !\u003d null) {\n            updateServiceStatusAndURL(activitiApplication, serviceInstance, serviceType);\n        }\n    }\n}",
                "dst_parent": "null"
              },
              "line": 86,
              "file": "/home/khesoem/projects/lighter/exp/src/main/java/org/activiti/cloud/app/services/ApplicationsService.java",
              "stats": {
                "number_of_src_entities": 22,
                "number_of_dst_entities": -1,
                "src_entity_types": "[AcitivitiMetadataAttrs.appName, java.lang.String, java.util.Map\u003cjava.lang.String, java.lang.String\u003e, java.util.Map]",
                "dst_entity_types": "[]"
              }
            }
          ]
        }
      ]
    }
  ],
  "complete_analysis": true
}