{
  "instances": [
    {
      "revision": "78c74f8fabfc714d80572881b6fa98af4771a4f7",
      "repairability": [
        {
          "tool-name": "Arja",
          "pattern-name": "Arja:arja_shallow_change",
          "Unified_Diff_of-files:": "Starts Below...",
          "DELETE:": "import com.fasterxml.jackson.core.util.VersionUtil;",
          "CHANGE_old:": "",
          "CHANGE_new:": "            return;",
          "INSERT:": "    }",
          "instance_detail": [
            {
              "pattern_action": "ANY",
              "pattern_entity": {
                "entity_type": "Statement",
                "entity_new value": "*",
                "entity_role": "*",
                "entity_parent": "null"
              },
              "concrete_change": {
                "operator": "INS",
                "src_type": "Assignment",
                "dst_type": "null",
                "src": "_inputCopyLen \u003d 0",
                "dst": "null",
                "src_parent_type": "Block",
                "dst_parent_type": "null",
                "src_parent": "{\n    if (bytesToDecode \u003d\u003d 0) {\n        return true;\n    }\n    int avail \u003d (_inputEnd) - (_inputPtr);\n    int needed \u003d (bytesToDecode + 1) - buffered;\n    if (avail \u003c needed) {\n        java.lang.System.arraycopy(_inputBuffer, _inputPtr, _inputCopy, buffered, avail);\n        _inputPtr +\u003d avail;\n        _inputCopyLen \u003d buffered + avail;\n        _pending32 \u003d bytesToDecode;\n        return false;\n    }\n    java.lang.System.arraycopy(_inputBuffer, _inputPtr, _inputCopy, buffered, needed);\n    _inputPtr +\u003d needed;\n    int value \u003d _inputCopy[0];\n    for (int i \u003d 1; i \u003c bytesToDecode; ++i) {\n        value \u003d (value \u003c\u003c 7) + (_inputCopy[i]);\n        _byteArrayBuilder.append((value \u003e\u003e (7 - i)));\n    }\n    value \u003c\u003c\u003d bytesToDecode;\n    _byteArrayBuilder.append((value + (_inputCopy[bytesToDecode])));\n    _inputCopyLen \u003d 0;\n    return true;\n}",
                "dst_parent": "null"
              },
              "line": 1629,
              "file": "/home/khesoem/projects/lighter/exp/smile/src/main/java/com/fasterxml/jackson/dataformat/smile/async/NonBlockingByteArrayParser.java",
              "stats": {
                "number_of_src_entities": 7,
                "number_of_dst_entities": -1,
                "src_entity_types": "[int]",
                "dst_entity_types": "[]"
              }
            }
          ]
        },
        {
          "tool-name": "Arja",
          "pattern-name": "Arja:arja_shallow_change",
          "Unified_Diff_of-files:": "Starts Below...",
          "DELETE:": "import com.fasterxml.jackson.core.util.VersionUtil;",
          "CHANGE_old:": "",
          "CHANGE_new:": "            return;",
          "INSERT:": "    }",
          "instance_detail": [
            {
              "pattern_action": "ANY",
              "pattern_entity": {
                "entity_type": "Statement",
                "entity_new value": "*",
                "entity_role": "*",
                "entity_parent": "null"
              },
              "concrete_change": {
                "operator": "INS",
                "src_type": "Assignment",
                "dst_type": "null",
                "src": "_inputCopyLen \u003d 0",
                "dst": "null",
                "src_parent_type": "Block",
                "dst_parent_type": "null",
                "src_parent": "{\n    if (bytesToDecode \u003c 7) {\n        return _decode7BitEncodedTail(bytesToDecode, buffered);\n    }\n    int needed \u003d 8 - buffered;\n    if (avail \u003c needed) {\n        java.lang.System.arraycopy(_inputBuffer, ptr, _inputCopy, buffered, avail);\n        _inputPtr \u003d ptr + avail;\n        _inputCopyLen \u003d buffered + avail;\n        _pending32 \u003d bytesToDecode;\n        return false;\n    }\n    _inputCopyLen \u003d 0;\n    final byte[] copy \u003d _inputCopy;\n    java.lang.System.arraycopy(_inputBuffer, ptr, copy, buffered, needed);\n    int i1 \u003d ((((copy[0]) \u003c\u003c 25) + ((copy[1]) \u003c\u003c 18)) + ((copy[2]) \u003c\u003c 11)) + ((copy[3]) \u003c\u003c 4);\n    int x \u003d copy[4];\n    i1 +\u003d x \u003e\u003e 3;\n    _byteArrayBuilder.appendFourBytes(i1);\n    i1 \u003d ((((x \u0026 7) \u003c\u003c 21) + ((copy[5]) \u003c\u003c 14)) + ((copy[6]) \u003c\u003c 7)) + (copy[7]);\n    _byteArrayBuilder.appendThreeBytes(i1);\n    ptr +\u003d needed;\n    bytesToDecode -\u003d 7;\n    avail \u003d (_inputEnd) - ptr;\n}",
                "dst_parent": "null"
              },
              "line": 1544,
              "file": "/home/khesoem/projects/lighter/exp/smile/src/main/java/com/fasterxml/jackson/dataformat/smile/async/NonBlockingByteArrayParser.java",
              "stats": {
                "number_of_src_entities": 7,
                "number_of_dst_entities": -1,
                "src_entity_types": "[int]",
                "dst_entity_types": "[]"
              }
            }
          ]
        },
        {
          "tool-name": "Arja",
          "pattern-name": "Arja:arja_shallow_change",
          "Unified_Diff_of-files:": "Starts Below...",
          "DELETE:": "import com.fasterxml.jackson.core.util.VersionUtil;",
          "CHANGE_old:": "",
          "CHANGE_new:": "            return;",
          "INSERT:": "    }",
          "instance_detail": [
            {
              "pattern_action": "ANY",
              "pattern_entity": {
                "entity_type": "Statement",
                "entity_new value": "*",
                "entity_role": "*",
                "entity_parent": "null"
              },
              "concrete_change": {
                "operator": "DEL",
                "src_type": "Invocation",
                "dst_type": "null",
                "src": "java.lang.System.err.println((((((\"(curr: \" + (_currToken)) + \") _startValue: ptr \u003d \") + ((_inputPtr) - 1)) + \", end \u003d \") + (_inputEnd)))",
                "dst": "null",
                "src_parent_type": "Block",
                "dst_parent_type": "null",
                "src_parent": "{\n    java.lang.System.err.println((((((\"(curr: \" + (_currToken)) + \") _startValue: ptr \u003d \") + ((_inputPtr) - 1)) + \", end \u003d \") + (_inputEnd)));\n    main_switch : switch ((ch \u003e\u003e 5) \u0026 7) {\n        case 0 :\n            if (ch \u003d\u003d 0) {\n                _reportError(\"Invalid token byte 0x00\");\n            }\n            return _handleSharedString((ch - 1));\n        case 1 :\n            _numTypesValid \u003d 0;\n            switch (ch \u0026 31) {\n                case 0 :\n                    _textBuffer.resetWithEmpty();\n                    return _valueComplete(com.fasterxml.jackson.core.JsonToken.VALUE_STRING);\n                case 1 :\n                    return _valueComplete(com.fasterxml.jackson.core.JsonToken.VALUE_NULL);\n                case 2 :\n                    return _valueComplete(com.fasterxml.jackson.core.JsonToken.VALUE_FALSE);\n                case 3 :\n                    return _valueComplete(com.fasterxml.jackson.core.JsonToken.VALUE_TRUE);\n                case 4 :\n                    return _startInt();\n                case 5 :\n                    return _startLong();\n                case 6 :\n                    return _startBigInt();\n                case 7 :\n                    break;\n                case 8 :\n                    return _startFloat();\n                case 9 :\n                    return _startDouble();\n                case 10 :\n                    return _startBigDecimal();\n                case 11 :\n                    break;\n                case 26 :\n                    break main_switch;\n            }\n            break;\n        case 2 :\n        case 3 :\n            return _startShortASCII((1 + (ch \u0026 63)));\n        case 4 :\n        case 5 :\n            return _startShortUnicode((2 + (ch \u0026 63)));\n        case 6 :\n            _numberInt \u003d com.fasterxml.jackson.dataformat.smile.SmileUtil.zigzagDecode((ch \u0026 31));\n            _numTypesValid \u003d NR_INT;\n            _numberType \u003d NumberType.INT;\n            return _valueComplete(com.fasterxml.jackson.core.JsonToken.VALUE_NUMBER_INT);\n        case 7 :\n            switch (ch \u0026 31) {\n                case 0 :\n                    return _startLongASCII();\n                case 4 :\n                    return _startLongUnicode();\n                case 8 :\n                    return _startQuotedBinary(0);\n                case 12 :\n                case 13 :\n                case 14 :\n                case 15 :\n                    {\n                        ch \u003d (ch \u0026 3) \u003c\u003c 8;\n                        if ((_inputPtr) \u003c (_inputEnd)) {\n                            return _handleSharedString((ch + ((_inputBuffer[((_inputPtr)++)]) \u0026 255)));\n                        }\n                    }\n                    _pending32 \u003d ch;\n                    _minorState \u003d MINOR_VALUE_STRING_SHARED_2BYTE;\n                    return _currToken \u003d com.fasterxml.jackson.core.JsonToken.NOT_AVAILABLE;\n                case 24 :\n                    return _startArrayScope();\n                case 25 :\n                    return _closeArrayScope();\n                case 26 :\n                    return _startObjectScope();\n                case 27 :\n                    _reportError(\"Invalid type marker byte 0xFB in value mode (would be END_OBJECT in key mode)\");\n                case 29 :\n                    return _startRawBinary();\n                case 31 :\n                    return _currToken \u003d null;\n            }\n            break;\n    }\n    _reportError(((\"Invalid type marker byte 0x\" + (java.lang.Integer.toHexString((ch \u0026 255)))) + \" for expected value token\"));\n    return null;\n}",
                "dst_parent": "null"
              },
              "line": 377,
              "file": "/home/khesoem/projects/lighter/exp/smile/src/main/java/com/fasterxml/jackson/dataformat/smile/async/NonBlockingByteArrayParser.java",
              "stats": {
                "number_of_src_entities": 45,
                "number_of_dst_entities": -1,
                "src_entity_types": "[java.lang.System, int, java.io.PrintStream, java.lang.String]",
                "dst_entity_types": "[]"
              }
            }
          ]
        },
        {
          "tool-name": "Arja",
          "pattern-name": "Arja:arja_shallow_change",
          "Unified_Diff_of-files:": "Starts Below...",
          "DELETE:": "import com.fasterxml.jackson.core.util.VersionUtil;",
          "CHANGE_old:": "",
          "CHANGE_new:": "            return;",
          "INSERT:": "    }",
          "instance_detail": [
            {
              "pattern_action": "ANY",
              "pattern_entity": {
                "entity_type": "Statement",
                "entity_new value": "*",
                "entity_role": "*",
                "entity_parent": "null"
              },
              "concrete_change": {
                "operator": "DEL",
                "src_type": "Invocation",
                "dst_type": "null",
                "src": "java.lang.System.err.println(((((\"_startBigInt: NOT enough for length, necessarily (\" + (_inputPtr)) + \" - \") + (_inputEnd)) + \")\"))",
                "dst": "null",
                "src_parent_type": "Block",
                "dst_parent_type": "null",
                "src_parent": "{\n    java.lang.System.err.println(((((\"_startBigInt: NOT enough for length, necessarily (\" + (_inputPtr)) + \" - \") + (_inputEnd)) + \")\"));\n    return _finishBigIntLen(0, 0);\n}",
                "dst_parent": "null"
              },
              "line": 1489,
              "file": "/home/khesoem/projects/lighter/exp/smile/src/main/java/com/fasterxml/jackson/dataformat/smile/async/NonBlockingByteArrayParser.java",
              "stats": {
                "number_of_src_entities": 37,
                "number_of_dst_entities": -1,
                "src_entity_types": "[java.lang.System, java.io.PrintStream, java.lang.String]",
                "dst_entity_types": "[]"
              }
            }
          ]
        },
        {
          "tool-name": "Arja",
          "pattern-name": "Arja:arja_shallow_change",
          "Unified_Diff_of-files:": "Starts Below...",
          "DELETE:": "import com.fasterxml.jackson.core.util.VersionUtil;",
          "CHANGE_old:": "",
          "CHANGE_new:": "            return;",
          "INSERT:": "    }",
          "instance_detail": [
            {
              "pattern_action": "ANY",
              "pattern_entity": {
                "entity_type": "Statement",
                "entity_new value": "*",
                "entity_role": "*",
                "entity_parent": "null"
              },
              "concrete_change": {
                "operator": "DEL",
                "src_type": "Invocation",
                "dst_type": "null",
                "src": "java.lang.System.err.println(\"_startBigInt: got enough\")",
                "dst": "null",
                "src_parent_type": "Block",
                "dst_parent_type": "null",
                "src_parent": "{\n    _initByteArrayBuilder();\n    if (((_inputPtr) + 5) \u003e (_inputEnd)) {\n        java.lang.System.err.println(((((\"_startBigInt: NOT enough for length, necessarily (\" + (_inputPtr)) + \" - \") + (_inputEnd)) + \")\"));\n        return _finishBigIntLen(0, 0);\n    }\n    java.lang.System.err.println(\"_startBigInt: got enough\");\n    return _finishBigIntBody(_decodeVInt(), 0);\n}",
                "dst_parent": "null"
              },
              "line": 1492,
              "file": "/home/khesoem/projects/lighter/exp/smile/src/main/java/com/fasterxml/jackson/dataformat/smile/async/NonBlockingByteArrayParser.java",
              "stats": {
                "number_of_src_entities": 19,
                "number_of_dst_entities": -1,
                "src_entity_types": "[java.lang.System, java.io.PrintStream, java.lang.String]",
                "dst_entity_types": "[]"
              }
            }
          ]
        },
        {
          "tool-name": "Arja",
          "pattern-name": "Arja:arja_shallow_change",
          "Unified_Diff_of-files:": "Starts Below...",
          "DELETE:": "import com.fasterxml.jackson.core.util.VersionUtil;",
          "CHANGE_old:": "",
          "CHANGE_new:": "            return;",
          "INSERT:": "    }",
          "instance_detail": [
            {
              "pattern_action": "ANY",
              "pattern_entity": {
                "entity_type": "Statement",
                "entity_new value": "*",
                "entity_role": "*",
                "entity_parent": "null"
              },
              "concrete_change": {
                "operator": "DEL",
                "src_type": "Invocation",
                "dst_type": "null",
                "src": "java.lang.System.err.println((((((((\"_finishBigIntLen: value \u003d \" + value) + \", bytesRead \u003d \") + bytesRead) + \", ptr \") + (_inputPtr)) + \" \u003c \") + (_inputEnd)))",
                "dst": "null",
                "src_parent_type": "Block",
                "dst_parent_type": "null",
                "src_parent": "{\n    java.lang.System.err.println((((((((\"_finishBigIntLen: value \u003d \" + value) + \", bytesRead \u003d \") + bytesRead) + \", ptr \") + (_inputPtr)) + \" \u003c \") + (_inputEnd)));\n    while ((_inputPtr) \u003c (_inputEnd)) {\n        int b \u003d _inputBuffer[((_inputPtr)++)];\n        if (b \u003c 0) {\n            java.lang.System.err.println((((((\"_finishBigIntLen: got length \u003d \" + value) + \", ptr \") + (_inputPtr)) + \" \u003c \") + (_inputEnd)));\n            value \u003d (value \u003c\u003c 6) | (b \u0026 63);\n            return _finishBigIntBody(value, 0);\n        }\n        if ((++bytesRead) \u003e\u003d 5) {\n            _reportError(\"Corrupt input; 32-bit VInt extends beyond 5 data bytes\");\n        }\n        value \u003d (value \u003c\u003c 7) | b;\n    } \n    _minorState \u003d MINOR_VALUE_NUMBER_BIGINT_LEN;\n    _pending32 \u003d value;\n    _inputCopyLen \u003d bytesRead;\n    return _currToken \u003d com.fasterxml.jackson.core.JsonToken.NOT_AVAILABLE;\n}",
                "dst_parent": "null"
              },
              "line": 1498,
              "file": "/home/khesoem/projects/lighter/exp/smile/src/main/java/com/fasterxml/jackson/dataformat/smile/async/NonBlockingByteArrayParser.java",
              "stats": {
                "number_of_src_entities": 57,
                "number_of_dst_entities": -1,
                "src_entity_types": "[java.lang.System, int, java.io.PrintStream, java.lang.String]",
                "dst_entity_types": "[]"
              }
            }
          ]
        },
        {
          "tool-name": "Arja",
          "pattern-name": "Arja:arja_shallow_change",
          "Unified_Diff_of-files:": "Starts Below...",
          "DELETE:": "import com.fasterxml.jackson.core.util.VersionUtil;",
          "CHANGE_old:": "",
          "CHANGE_new:": "            return;",
          "INSERT:": "    }",
          "instance_detail": [
            {
              "pattern_action": "ANY",
              "pattern_entity": {
                "entity_type": "Statement",
                "entity_new value": "*",
                "entity_role": "*",
                "entity_parent": "null"
              },
              "concrete_change": {
                "operator": "DEL",
                "src_type": "Invocation",
                "dst_type": "null",
                "src": "java.lang.System.err.println((((((\"_finishBigIntLen: got length \u003d \" + value) + \", ptr \") + (_inputPtr)) + \" \u003c \") + (_inputEnd)))",
                "dst": "null",
                "src_parent_type": "Block",
                "dst_parent_type": "null",
                "src_parent": "{\n    java.lang.System.err.println((((((\"_finishBigIntLen: got length \u003d \" + value) + \", ptr \") + (_inputPtr)) + \" \u003c \") + (_inputEnd)));\n    value \u003d (value \u003c\u003c 6) | (b \u0026 63);\n    return _finishBigIntBody(value, 0);\n}",
                "dst_parent": "null"
              },
              "line": 1502,
              "file": "/home/khesoem/projects/lighter/exp/smile/src/main/java/com/fasterxml/jackson/dataformat/smile/async/NonBlockingByteArrayParser.java",
              "stats": {
                "number_of_src_entities": 45,
                "number_of_dst_entities": -1,
                "src_entity_types": "[java.lang.System, int, java.io.PrintStream, java.lang.String]",
                "dst_entity_types": "[]"
              }
            }
          ]
        },
        {
          "tool-name": "Arja",
          "pattern-name": "Arja:arja_shallow_change",
          "Unified_Diff_of-files:": "Starts Below...",
          "DELETE:": "import com.fasterxml.jackson.core.util.VersionUtil;",
          "CHANGE_old:": "",
          "CHANGE_new:": "            return;",
          "INSERT:": "    }",
          "instance_detail": [
            {
              "pattern_action": "ANY",
              "pattern_entity": {
                "entity_type": "Statement",
                "entity_new value": "*",
                "entity_role": "*",
                "entity_parent": "null"
              },
              "concrete_change": {
                "operator": "DEL",
                "src_type": "Invocation",
                "dst_type": "null",
                "src": "java.lang.System.err.println((((((((\"_decode7BitEncoded: bytesToDecode \u003d \" + bytesToDecode) + \", buffered \u003d \") + buffered) + \", ptr \") + (_inputPtr)) + \", end \") + (_inputEnd)))",
                "dst": "null",
                "src_parent_type": "Block",
                "dst_parent_type": "null",
                "src_parent": "{\n    java.lang.System.err.println((((((((\"_decode7BitEncoded: bytesToDecode \u003d \" + bytesToDecode) + \", buffered \u003d \") + buffered) + \", ptr \") + (_inputPtr)) + \", end \") + (_inputEnd)));\n    int ptr \u003d _inputPtr;\n    int avail \u003d (_inputEnd) - ptr;\n    if (buffered \u003e 0) {\n        if (bytesToDecode \u003c 7) {\n            java.lang.System.err.println(((\"_decode7BitEncoded: bytesToDecode \u003c 7, buffered \u003d \" + buffered) + \" -\u003e TAIL\"));\n            return _decode7BitEncodedTail(bytesToDecode, buffered);\n        }\n        java.lang.System.err.println(((\"_decode7BitEncoded: bytesToDecode \u003c 7, buffered \u003d \" + buffered) + \", no tail yet\"));\n        int needed \u003d 8 - buffered;\n        if (avail \u003c needed) {\n            java.lang.System.arraycopy(_inputBuffer, ptr, _inputCopy, buffered, avail);\n            _inputPtr \u003d ptr + avail;\n            _inputCopyLen \u003d buffered + avail;\n            _pending32 \u003d bytesToDecode;\n            return false;\n        }\n        final byte[] copy \u003d _inputCopy;\n        java.lang.System.arraycopy(_inputBuffer, ptr, copy, buffered, needed);\n        int i1 \u003d ((((copy[0]) \u003c\u003c 25) + ((copy[1]) \u003c\u003c 18)) + ((copy[2]) \u003c\u003c 11)) + ((copy[3]) \u003c\u003c 4);\n        int x \u003d copy[4];\n        i1 +\u003d x \u003e\u003e 3;\n        _byteArrayBuilder.appendFourBytes(i1);\n        i1 \u003d ((((x \u0026 7) \u003c\u003c 21) + ((copy[5]) \u003c\u003c 14)) + ((copy[6]) \u003c\u003c 7)) + (copy[7]);\n        _byteArrayBuilder.appendThreeBytes(i1);\n        ptr +\u003d needed;\n        bytesToDecode -\u003d 7;\n        avail \u003d (_inputEnd) - ptr;\n    }\n    final byte[] input \u003d _inputBuffer;\n    while (bytesToDecode \u003e 6) {\n        java.lang.System.err.println(((\"_decode7BitEncoded: bytesToDecode (\" + bytesToDecode) + \") \u003e 6 (main loop)\"));\n        if (avail \u003c 8) {\n            if (avail \u003e 0) {\n                java.lang.System.arraycopy(_inputBuffer, ptr, _inputCopy, 0, avail);\n                ptr +\u003d avail;\n                _inputCopyLen \u003d avail;\n                java.lang.System.err.println((((\"_decode7BitEncoded: copy \" + avail) + \", so copy len now: \") + (_inputCopyLen)));\n            }\n            _pending32 \u003d bytesToDecode;\n            _inputPtr \u003d ptr;\n            java.lang.System.err.println((((((((\"_decode7BitEncoded: avail(\" + avail) + \") \u003c 8, QUIT! ptr \u003d \") + (_inputPtr)) + \", end \u003d \") + (_inputEnd)) + \", pending \") + (_pending32)));\n            return false;\n        }\n        int i1 \u003d ((((input[(ptr++)]) \u003c\u003c 25) + ((input[(ptr++)]) \u003c\u003c 18)) + ((input[(ptr++)]) \u003c\u003c 11)) + ((input[(ptr++)]) \u003c\u003c 4);\n        int x \u003d input[(ptr++)];\n        i1 +\u003d x \u003e\u003e 3;\n        _byteArrayBuilder.appendFourBytes(i1);\n        i1 \u003d ((((x \u0026 7) \u003c\u003c 21) + ((input[(ptr++)]) \u003c\u003c 14)) + ((input[(ptr++)]) \u003c\u003c 7)) + (input[(ptr++)]);\n        _byteArrayBuilder.appendThreeBytes(i1);\n        bytesToDecode -\u003d 7;\n        avail -\u003d 8;\n    } \n    _inputPtr \u003d ptr;\n    java.lang.System.err.println((\"_decode7BitEncoded: off the main loop,  bytesToDecode now: \" + bytesToDecode));\n    if (bytesToDecode \u003e 0) {\n        if (avail \u003d\u003d 0) {\n            _pending32 \u003d bytesToDecode;\n            _inputCopyLen \u003d 0;\n            return false;\n        }\n        return _decode7BitEncodedTail(bytesToDecode, 0);\n    }\n    return true;\n}",
                "dst_parent": "null"
              },
              "line": 1532,
              "file": "/home/khesoem/projects/lighter/exp/smile/src/main/java/com/fasterxml/jackson/dataformat/smile/async/NonBlockingByteArrayParser.java",
              "stats": {
                "number_of_src_entities": 57,
                "number_of_dst_entities": -1,
                "src_entity_types": "[java.lang.System, int, java.io.PrintStream, java.lang.String]",
                "dst_entity_types": "[]"
              }
            }
          ]
        },
        {
          "tool-name": "Arja",
          "pattern-name": "Arja:arja_shallow_change",
          "Unified_Diff_of-files:": "Starts Below...",
          "DELETE:": "import com.fasterxml.jackson.core.util.VersionUtil;",
          "CHANGE_old:": "",
          "CHANGE_new:": "            return;",
          "INSERT:": "    }",
          "instance_detail": [
            {
              "pattern_action": "ANY",
              "pattern_entity": {
                "entity_type": "Statement",
                "entity_new value": "*",
                "entity_role": "*",
                "entity_parent": "null"
              },
              "concrete_change": {
                "operator": "DEL",
                "src_type": "Invocation",
                "dst_type": "null",
                "src": "java.lang.System.err.println(((\"_decode7BitEncoded: bytesToDecode \u003c 7, buffered \u003d \" + buffered) + \" -\u003e TAIL\"))",
                "dst": "null",
                "src_parent_type": "Block",
                "dst_parent_type": "null",
                "src_parent": "{\n    java.lang.System.err.println(((\"_decode7BitEncoded: bytesToDecode \u003c 7, buffered \u003d \" + buffered) + \" -\u003e TAIL\"));\n    return _decode7BitEncodedTail(bytesToDecode, buffered);\n}",
                "dst_parent": "null"
              },
              "line": 1541,
              "file": "/home/khesoem/projects/lighter/exp/smile/src/main/java/com/fasterxml/jackson/dataformat/smile/async/NonBlockingByteArrayParser.java",
              "stats": {
                "number_of_src_entities": 31,
                "number_of_dst_entities": -1,
                "src_entity_types": "[java.lang.System, int, java.io.PrintStream, java.lang.String]",
                "dst_entity_types": "[]"
              }
            }
          ]
        },
        {
          "tool-name": "Arja",
          "pattern-name": "Arja:arja_shallow_change",
          "Unified_Diff_of-files:": "Starts Below...",
          "DELETE:": "import com.fasterxml.jackson.core.util.VersionUtil;",
          "CHANGE_old:": "",
          "CHANGE_new:": "            return;",
          "INSERT:": "    }",
          "instance_detail": [
            {
              "pattern_action": "ANY",
              "pattern_entity": {
                "entity_type": "Statement",
                "entity_new value": "*",
                "entity_role": "*",
                "entity_parent": "null"
              },
              "concrete_change": {
                "operator": "DEL",
                "src_type": "Invocation",
                "dst_type": "null",
                "src": "java.lang.System.err.println(((\"_decode7BitEncoded: bytesToDecode \u003c 7, buffered \u003d \" + buffered) + \", no tail yet\"))",
                "dst": "null",
                "src_parent_type": "Block",
                "dst_parent_type": "null",
                "src_parent": "{\n    if (bytesToDecode \u003c 7) {\n        java.lang.System.err.println(((\"_decode7BitEncoded: bytesToDecode \u003c 7, buffered \u003d \" + buffered) + \" -\u003e TAIL\"));\n        return _decode7BitEncodedTail(bytesToDecode, buffered);\n    }\n    java.lang.System.err.println(((\"_decode7BitEncoded: bytesToDecode \u003c 7, buffered \u003d \" + buffered) + \", no tail yet\"));\n    int needed \u003d 8 - buffered;\n    if (avail \u003c needed) {\n        java.lang.System.arraycopy(_inputBuffer, ptr, _inputCopy, buffered, avail);\n        _inputPtr \u003d ptr + avail;\n        _inputCopyLen \u003d buffered + avail;\n        _pending32 \u003d bytesToDecode;\n        return false;\n    }\n    final byte[] copy \u003d _inputCopy;\n    java.lang.System.arraycopy(_inputBuffer, ptr, copy, buffered, needed);\n    int i1 \u003d ((((copy[0]) \u003c\u003c 25) + ((copy[1]) \u003c\u003c 18)) + ((copy[2]) \u003c\u003c 11)) + ((copy[3]) \u003c\u003c 4);\n    int x \u003d copy[4];\n    i1 +\u003d x \u003e\u003e 3;\n    _byteArrayBuilder.appendFourBytes(i1);\n    i1 \u003d ((((x \u0026 7) \u003c\u003c 21) + ((copy[5]) \u003c\u003c 14)) + ((copy[6]) \u003c\u003c 7)) + (copy[7]);\n    _byteArrayBuilder.appendThreeBytes(i1);\n    ptr +\u003d needed;\n    bytesToDecode -\u003d 7;\n    avail \u003d (_inputEnd) - ptr;\n}",
                "dst_parent": "null"
              },
              "line": 1544,
              "file": "/home/khesoem/projects/lighter/exp/smile/src/main/java/com/fasterxml/jackson/dataformat/smile/async/NonBlockingByteArrayParser.java",
              "stats": {
                "number_of_src_entities": 31,
                "number_of_dst_entities": -1,
                "src_entity_types": "[java.lang.System, int, java.io.PrintStream, java.lang.String]",
                "dst_entity_types": "[]"
              }
            }
          ]
        },
        {
          "tool-name": "Arja",
          "pattern-name": "Arja:arja_shallow_change",
          "Unified_Diff_of-files:": "Starts Below...",
          "DELETE:": "import com.fasterxml.jackson.core.util.VersionUtil;",
          "CHANGE_old:": "",
          "CHANGE_new:": "            return;",
          "INSERT:": "    }",
          "instance_detail": [
            {
              "pattern_action": "ANY",
              "pattern_entity": {
                "entity_type": "Statement",
                "entity_new value": "*",
                "entity_role": "*",
                "entity_parent": "null"
              },
              "concrete_change": {
                "operator": "DEL",
                "src_type": "Invocation",
                "dst_type": "null",
                "src": "java.lang.System.err.println(((\"_decode7BitEncoded: bytesToDecode (\" + bytesToDecode) + \") \u003e 6 (main loop)\"))",
                "dst": "null",
                "src_parent_type": "Block",
                "dst_parent_type": "null",
                "src_parent": "{\n    java.lang.System.err.println(((\"_decode7BitEncoded: bytesToDecode (\" + bytesToDecode) + \") \u003e 6 (main loop)\"));\n    if (avail \u003c 8) {\n        if (avail \u003e 0) {\n            java.lang.System.arraycopy(_inputBuffer, ptr, _inputCopy, 0, avail);\n            ptr +\u003d avail;\n            _inputCopyLen \u003d avail;\n            java.lang.System.err.println((((\"_decode7BitEncoded: copy \" + avail) + \", so copy len now: \") + (_inputCopyLen)));\n        }\n        _pending32 \u003d bytesToDecode;\n        _inputPtr \u003d ptr;\n        java.lang.System.err.println((((((((\"_decode7BitEncoded: avail(\" + avail) + \") \u003c 8, QUIT! ptr \u003d \") + (_inputPtr)) + \", end \u003d \") + (_inputEnd)) + \", pending \") + (_pending32)));\n        return false;\n    }\n    int i1 \u003d ((((input[(ptr++)]) \u003c\u003c 25) + ((input[(ptr++)]) \u003c\u003c 18)) + ((input[(ptr++)]) \u003c\u003c 11)) + ((input[(ptr++)]) \u003c\u003c 4);\n    int x \u003d input[(ptr++)];\n    i1 +\u003d x \u003e\u003e 3;\n    _byteArrayBuilder.appendFourBytes(i1);\n    i1 \u003d ((((x \u0026 7) \u003c\u003c 21) + ((input[(ptr++)]) \u003c\u003c 14)) + ((input[(ptr++)]) \u003c\u003c 7)) + (input[(ptr++)]);\n    _byteArrayBuilder.appendThreeBytes(i1);\n    bytesToDecode -\u003d 7;\n    avail -\u003d 8;\n}",
                "dst_parent": "null"
              },
              "line": 1572,
              "file": "/home/khesoem/projects/lighter/exp/smile/src/main/java/com/fasterxml/jackson/dataformat/smile/async/NonBlockingByteArrayParser.java",
              "stats": {
                "number_of_src_entities": 31,
                "number_of_dst_entities": -1,
                "src_entity_types": "[java.lang.System, int, java.io.PrintStream, java.lang.String]",
                "dst_entity_types": "[]"
              }
            }
          ]
        },
        {
          "tool-name": "Arja",
          "pattern-name": "Arja:arja_shallow_change",
          "Unified_Diff_of-files:": "Starts Below...",
          "DELETE:": "import com.fasterxml.jackson.core.util.VersionUtil;",
          "CHANGE_old:": "",
          "CHANGE_new:": "            return;",
          "INSERT:": "    }",
          "instance_detail": [
            {
              "pattern_action": "ANY",
              "pattern_entity": {
                "entity_type": "Statement",
                "entity_new value": "*",
                "entity_role": "*",
                "entity_parent": "null"
              },
              "concrete_change": {
                "operator": "DEL",
                "src_type": "Invocation",
                "dst_type": "null",
                "src": "java.lang.System.err.println((((\"_decode7BitEncoded: copy \" + avail) + \", so copy len now: \") + (_inputCopyLen)))",
                "dst": "null",
                "src_parent_type": "Block",
                "dst_parent_type": "null",
                "src_parent": "{\n    java.lang.System.arraycopy(_inputBuffer, ptr, _inputCopy, 0, avail);\n    ptr +\u003d avail;\n    _inputCopyLen \u003d avail;\n    java.lang.System.err.println((((\"_decode7BitEncoded: copy \" + avail) + \", so copy len now: \") + (_inputCopyLen)));\n}",
                "dst_parent": "null"
              },
              "line": 1578,
              "file": "/home/khesoem/projects/lighter/exp/smile/src/main/java/com/fasterxml/jackson/dataformat/smile/async/NonBlockingByteArrayParser.java",
              "stats": {
                "number_of_src_entities": 36,
                "number_of_dst_entities": -1,
                "src_entity_types": "[java.lang.System, int, java.io.PrintStream, java.lang.String]",
                "dst_entity_types": "[]"
              }
            }
          ]
        },
        {
          "tool-name": "Arja",
          "pattern-name": "Arja:arja_shallow_change",
          "Unified_Diff_of-files:": "Starts Below...",
          "DELETE:": "import com.fasterxml.jackson.core.util.VersionUtil;",
          "CHANGE_old:": "",
          "CHANGE_new:": "            return;",
          "INSERT:": "    }",
          "instance_detail": [
            {
              "pattern_action": "ANY",
              "pattern_entity": {
                "entity_type": "Statement",
                "entity_new value": "*",
                "entity_role": "*",
                "entity_parent": "null"
              },
              "concrete_change": {
                "operator": "DEL",
                "src_type": "Invocation",
                "dst_type": "null",
                "src": "java.lang.System.err.println((((((((\"_decode7BitEncoded: avail(\" + avail) + \") \u003c 8, QUIT! ptr \u003d \") + (_inputPtr)) + \", end \u003d \") + (_inputEnd)) + \", pending \") + (_pending32)))",
                "dst": "null",
                "src_parent_type": "Block",
                "dst_parent_type": "null",
                "src_parent": "{\n    if (avail \u003e 0) {\n        java.lang.System.arraycopy(_inputBuffer, ptr, _inputCopy, 0, avail);\n        ptr +\u003d avail;\n        _inputCopyLen \u003d avail;\n        java.lang.System.err.println((((\"_decode7BitEncoded: copy \" + avail) + \", so copy len now: \") + (_inputCopyLen)));\n    }\n    _pending32 \u003d bytesToDecode;\n    _inputPtr \u003d ptr;\n    java.lang.System.err.println((((((((\"_decode7BitEncoded: avail(\" + avail) + \") \u003c 8, QUIT! ptr \u003d \") + (_inputPtr)) + \", end \u003d \") + (_inputEnd)) + \", pending \") + (_pending32)));\n    return false;\n}",
                "dst_parent": "null"
              },
              "line": 1582,
              "file": "/home/khesoem/projects/lighter/exp/smile/src/main/java/com/fasterxml/jackson/dataformat/smile/async/NonBlockingByteArrayParser.java",
              "stats": {
                "number_of_src_entities": 54,
                "number_of_dst_entities": -1,
                "src_entity_types": "[java.lang.System, int, java.io.PrintStream, java.lang.String]",
                "dst_entity_types": "[]"
              }
            }
          ]
        },
        {
          "tool-name": "Arja",
          "pattern-name": "Arja:arja_shallow_change",
          "Unified_Diff_of-files:": "Starts Below...",
          "DELETE:": "import com.fasterxml.jackson.core.util.VersionUtil;",
          "CHANGE_old:": "",
          "CHANGE_new:": "            return;",
          "INSERT:": "    }",
          "instance_detail": [
            {
              "pattern_action": "ANY",
              "pattern_entity": {
                "entity_type": "Statement",
                "entity_new value": "*",
                "entity_role": "*",
                "entity_parent": "null"
              },
              "concrete_change": {
                "operator": "DEL",
                "src_type": "Invocation",
                "dst_type": "null",
                "src": "java.lang.System.err.println((\"_decode7BitEncoded: off the main loop,  bytesToDecode now: \" + bytesToDecode))",
                "dst": "null",
                "src_parent_type": "Block",
                "dst_parent_type": "null",
                "src_parent": "{\n    java.lang.System.err.println((((((((\"_decode7BitEncoded: bytesToDecode \u003d \" + bytesToDecode) + \", buffered \u003d \") + buffered) + \", ptr \") + (_inputPtr)) + \", end \") + (_inputEnd)));\n    int ptr \u003d _inputPtr;\n    int avail \u003d (_inputEnd) - ptr;\n    if (buffered \u003e 0) {\n        if (bytesToDecode \u003c 7) {\n            java.lang.System.err.println(((\"_decode7BitEncoded: bytesToDecode \u003c 7, buffered \u003d \" + buffered) + \" -\u003e TAIL\"));\n            return _decode7BitEncodedTail(bytesToDecode, buffered);\n        }\n        java.lang.System.err.println(((\"_decode7BitEncoded: bytesToDecode \u003c 7, buffered \u003d \" + buffered) + \", no tail yet\"));\n        int needed \u003d 8 - buffered;\n        if (avail \u003c needed) {\n            java.lang.System.arraycopy(_inputBuffer, ptr, _inputCopy, buffered, avail);\n            _inputPtr \u003d ptr + avail;\n            _inputCopyLen \u003d buffered + avail;\n            _pending32 \u003d bytesToDecode;\n            return false;\n        }\n        final byte[] copy \u003d _inputCopy;\n        java.lang.System.arraycopy(_inputBuffer, ptr, copy, buffered, needed);\n        int i1 \u003d ((((copy[0]) \u003c\u003c 25) + ((copy[1]) \u003c\u003c 18)) + ((copy[2]) \u003c\u003c 11)) + ((copy[3]) \u003c\u003c 4);\n        int x \u003d copy[4];\n        i1 +\u003d x \u003e\u003e 3;\n        _byteArrayBuilder.appendFourBytes(i1);\n        i1 \u003d ((((x \u0026 7) \u003c\u003c 21) + ((copy[5]) \u003c\u003c 14)) + ((copy[6]) \u003c\u003c 7)) + (copy[7]);\n        _byteArrayBuilder.appendThreeBytes(i1);\n        ptr +\u003d needed;\n        bytesToDecode -\u003d 7;\n        avail \u003d (_inputEnd) - ptr;\n    }\n    final byte[] input \u003d _inputBuffer;\n    while (bytesToDecode \u003e 6) {\n        java.lang.System.err.println(((\"_decode7BitEncoded: bytesToDecode (\" + bytesToDecode) + \") \u003e 6 (main loop)\"));\n        if (avail \u003c 8) {\n            if (avail \u003e 0) {\n                java.lang.System.arraycopy(_inputBuffer, ptr, _inputCopy, 0, avail);\n                ptr +\u003d avail;\n                _inputCopyLen \u003d avail;\n                java.lang.System.err.println((((\"_decode7BitEncoded: copy \" + avail) + \", so copy len now: \") + (_inputCopyLen)));\n            }\n            _pending32 \u003d bytesToDecode;\n            _inputPtr \u003d ptr;\n            java.lang.System.err.println((((((((\"_decode7BitEncoded: avail(\" + avail) + \") \u003c 8, QUIT! ptr \u003d \") + (_inputPtr)) + \", end \u003d \") + (_inputEnd)) + \", pending \") + (_pending32)));\n            return false;\n        }\n        int i1 \u003d ((((input[(ptr++)]) \u003c\u003c 25) + ((input[(ptr++)]) \u003c\u003c 18)) + ((input[(ptr++)]) \u003c\u003c 11)) + ((input[(ptr++)]) \u003c\u003c 4);\n        int x \u003d input[(ptr++)];\n        i1 +\u003d x \u003e\u003e 3;\n        _byteArrayBuilder.appendFourBytes(i1);\n        i1 \u003d ((((x \u0026 7) \u003c\u003c 21) + ((input[(ptr++)]) \u003c\u003c 14)) + ((input[(ptr++)]) \u003c\u003c 7)) + (input[(ptr++)]);\n        _byteArrayBuilder.appendThreeBytes(i1);\n        bytesToDecode -\u003d 7;\n        avail -\u003d 8;\n    } \n    _inputPtr \u003d ptr;\n    java.lang.System.err.println((\"_decode7BitEncoded: off the main loop,  bytesToDecode now: \" + bytesToDecode));\n    if (bytesToDecode \u003e 0) {\n        if (avail \u003d\u003d 0) {\n            _pending32 \u003d bytesToDecode;\n            _inputCopyLen \u003d 0;\n            return false;\n        }\n        return _decode7BitEncodedTail(bytesToDecode, 0);\n    }\n    return true;\n}",
                "dst_parent": "null"
              },
              "line": 1602,
              "file": "/home/khesoem/projects/lighter/exp/smile/src/main/java/com/fasterxml/jackson/dataformat/smile/async/NonBlockingByteArrayParser.java",
              "stats": {
                "number_of_src_entities": 25,
                "number_of_dst_entities": -1,
                "src_entity_types": "[java.lang.System, int, java.io.PrintStream, java.lang.String]",
                "dst_entity_types": "[]"
              }
            }
          ]
        },
        {
          "tool-name": "Arja",
          "pattern-name": "Arja:arja_shallow_change",
          "Unified_Diff_of-files:": "Starts Below...",
          "DELETE:": "import com.fasterxml.jackson.core.util.VersionUtil;",
          "CHANGE_old:": "",
          "CHANGE_new:": "            return;",
          "INSERT:": "    }",
          "instance_detail": [
            {
              "pattern_action": "ANY",
              "pattern_entity": {
                "entity_type": "Statement",
                "entity_new value": "*",
                "entity_role": "*",
                "entity_parent": "null"
              },
              "concrete_change": {
                "operator": "DEL",
                "src_type": "Invocation",
                "dst_type": "null",
                "src": "java.lang.System.err.println(\"_decode7BitEncodedTail: bytes to decode \u003d 0 -\u003e SHORT-CIRCUIT\")",
                "dst": "null",
                "src_parent_type": "Block",
                "dst_parent_type": "null",
                "src_parent": "{\n    java.lang.System.err.println(\"_decode7BitEncodedTail: bytes to decode \u003d 0 -\u003e SHORT-CIRCUIT\");\n    return true;\n}",
                "dst_parent": "null"
              },
              "line": 1619,
              "file": "/home/khesoem/projects/lighter/exp/smile/src/main/java/com/fasterxml/jackson/dataformat/smile/async/NonBlockingByteArrayParser.java",
              "stats": {
                "number_of_src_entities": 19,
                "number_of_dst_entities": -1,
                "src_entity_types": "[java.lang.System, java.io.PrintStream, java.lang.String]",
                "dst_entity_types": "[]"
              }
            }
          ]
        },
        {
          "tool-name": "Arja",
          "pattern-name": "Arja:arja_shallow_change",
          "Unified_Diff_of-files:": "Starts Below...",
          "DELETE:": "import com.fasterxml.jackson.core.util.VersionUtil;",
          "CHANGE_old:": "",
          "CHANGE_new:": "            return;",
          "INSERT:": "    }",
          "instance_detail": [
            {
              "pattern_action": "ANY",
              "pattern_entity": {
                "entity_type": "Statement",
                "entity_new value": "*",
                "entity_role": "*",
                "entity_parent": "null"
              },
              "concrete_change": {
                "operator": "DEL",
                "src_type": "Invocation",
                "dst_type": "null",
                "src": "java.lang.System.err.println((((\"_decode7BitEncodedTail: bytes to decode \u003d \" + bytesToDecode) + \", buffered \u003d \") + buffered))",
                "dst": "null",
                "src_parent_type": "Block",
                "dst_parent_type": "null",
                "src_parent": "{\n    if (bytesToDecode \u003d\u003d 0) {\n        java.lang.System.err.println(\"_decode7BitEncodedTail: bytes to decode \u003d 0 -\u003e SHORT-CIRCUIT\");\n        return true;\n    }\n    java.lang.System.err.println((((\"_decode7BitEncodedTail: bytes to decode \u003d \" + bytesToDecode) + \", buffered \u003d \") + buffered));\n    if (buffered \u003e 0) {\n        java.lang.System.err.println((\"   _decode7BitEncodedTail: buffered #0 \u003d\u003d 0x\" + (java.lang.Integer.toHexString(((_inputCopy[0]) \u0026 255)))));\n    }\n    int avail \u003d (_inputEnd) - (_inputPtr);\n    int needed \u003d (bytesToDecode + 1) - buffered;\n    java.lang.System.err.println((((\"_decode7BitEncodedTail: avail \u003d \" + avail) + \", needed \u003d \") + needed));\n    if (avail \u003c needed) {\n        java.lang.System.arraycopy(_inputBuffer, _inputPtr, _inputCopy, buffered, avail);\n        _inputPtr +\u003d avail;\n        _inputCopyLen \u003d buffered + avail;\n        _pending32 \u003d bytesToDecode;\n        java.lang.System.err.println((((((\"_decode7BitEncodedTail: INSUFF buffered, ptr \" + (_inputPtr)) + \", copyLen \") + (_inputCopyLen)) + \", left: \") + (_pending32)));\n        return false;\n    }\n    java.lang.System.arraycopy(_inputBuffer, _inputPtr, _inputCopy, buffered, needed);\n    _inputPtr +\u003d needed;\n    int value \u003d _inputCopy[0];\n    java.lang.System.err.println((\" value#0 \u003d 0x\" + (java.lang.Integer.toHexString(value))));\n    for (int i \u003d 1; i \u003c bytesToDecode; ++i) {\n        value \u003d (value \u003c\u003c 7) + (_inputCopy[i]);\n        java.lang.System.err.println((((\" append #\" + i) + \" -\u003e 0x\") + (java.lang.Integer.toHexString((value \u003e\u003e (7 - i))))));\n        _byteArrayBuilder.append((value \u003e\u003e (7 - i)));\n    }\n    value \u003c\u003c\u003d bytesToDecode;\n    _byteArrayBuilder.append((value + (_inputCopy[bytesToDecode])));\n    java.lang.System.err.println((((\" append #\" + bytesToDecode) + \" -\u003e 0x\") + (java.lang.Integer.toHexString((value + (_inputCopy[bytesToDecode]))))));\n    return true;\n}",
                "dst_parent": "null"
              },
              "line": 1622,
              "file": "/home/khesoem/projects/lighter/exp/smile/src/main/java/com/fasterxml/jackson/dataformat/smile/async/NonBlockingByteArrayParser.java",
              "stats": {
                "number_of_src_entities": 37,
                "number_of_dst_entities": -1,
                "src_entity_types": "[java.lang.System, int, java.io.PrintStream, java.lang.String]",
                "dst_entity_types": "[]"
              }
            }
          ]
        },
        {
          "tool-name": "Arja",
          "pattern-name": "Arja:arja_shallow_change",
          "Unified_Diff_of-files:": "Starts Below...",
          "DELETE:": "import com.fasterxml.jackson.core.util.VersionUtil;",
          "CHANGE_old:": "",
          "CHANGE_new:": "            return;",
          "INSERT:": "    }",
          "instance_detail": [
            {
              "pattern_action": "ANY",
              "pattern_entity": {
                "entity_type": "Statement",
                "entity_new value": "*",
                "entity_role": "*",
                "entity_parent": "null"
              },
              "concrete_change": {
                "operator": "DEL",
                "src_type": "Invocation",
                "dst_type": "null",
                "src": "(java.lang.Integer.toHexString(((_inputCopy[0]) \u0026 255)))",
                "dst": "null",
                "src_parent_type": "BinaryOperator",
                "dst_parent_type": "null",
                "src_parent": "(\"   _decode7BitEncodedTail: buffered #0 \u003d\u003d 0x\" + (java.lang.Integer.toHexString(((_inputCopy[0]) \u0026 255))))",
                "dst_parent": "null"
              },
              "line": 1624,
              "file": "/home/khesoem/projects/lighter/exp/smile/src/main/java/com/fasterxml/jackson/dataformat/smile/async/NonBlockingByteArrayParser.java"
            }
          ]
        },
        {
          "tool-name": "Arja",
          "pattern-name": "Arja:arja_shallow_change",
          "Unified_Diff_of-files:": "Starts Below...",
          "DELETE:": "import com.fasterxml.jackson.core.util.VersionUtil;",
          "CHANGE_old:": "",
          "CHANGE_new:": "            return;",
          "INSERT:": "    }",
          "instance_detail": [
            {
              "pattern_action": "ANY",
              "pattern_entity": {
                "entity_type": "Statement",
                "entity_new value": "*",
                "entity_role": "*",
                "entity_parent": "null"
              },
              "concrete_change": {
                "operator": "DEL",
                "src_type": "Invocation",
                "dst_type": "null",
                "src": "java.lang.System.err.println((\"   _decode7BitEncodedTail: buffered #0 \u003d\u003d 0x\" + (java.lang.Integer.toHexString(((_inputCopy[0]) \u0026 255)))))",
                "dst": "null",
                "src_parent_type": "Block",
                "dst_parent_type": "null",
                "src_parent": "{\n    java.lang.System.err.println((\"   _decode7BitEncodedTail: buffered #0 \u003d\u003d 0x\" + (java.lang.Integer.toHexString(((_inputCopy[0]) \u0026 255)))));\n}",
                "dst_parent": "null"
              },
              "line": 1624,
              "file": "/home/khesoem/projects/lighter/exp/smile/src/main/java/com/fasterxml/jackson/dataformat/smile/async/NonBlockingByteArrayParser.java"
            }
          ]
        },
        {
          "tool-name": "Arja",
          "pattern-name": "Arja:arja_shallow_change",
          "Unified_Diff_of-files:": "Starts Below...",
          "DELETE:": "import com.fasterxml.jackson.core.util.VersionUtil;",
          "CHANGE_old:": "",
          "CHANGE_new:": "            return;",
          "INSERT:": "    }",
          "instance_detail": [
            {
              "pattern_action": "ANY",
              "pattern_entity": {
                "entity_type": "Statement",
                "entity_new value": "*",
                "entity_role": "*",
                "entity_parent": "null"
              },
              "concrete_change": {
                "operator": "DEL",
                "src_type": "Block",
                "dst_type": "null",
                "src": "{\n    java.lang.System.err.println((\"   _decode7BitEncodedTail: buffered #0 \u003d\u003d 0x\" + (java.lang.Integer.toHexString(((_inputCopy[0]) \u0026 255)))));\n}",
                "dst": "null",
                "src_parent_type": "If",
                "dst_parent_type": "null",
                "src_parent": "if (buffered \u003e 0) {\n    java.lang.System.err.println((\"   _decode7BitEncodedTail: buffered #0 \u003d\u003d 0x\" + (java.lang.Integer.toHexString(((_inputCopy[0]) \u0026 255)))));\n}",
                "dst_parent": "null"
              },
              "line": 1623,
              "file": "/home/khesoem/projects/lighter/exp/smile/src/main/java/com/fasterxml/jackson/dataformat/smile/async/NonBlockingByteArrayParser.java"
            }
          ]
        },
        {
          "tool-name": "Arja",
          "pattern-name": "Arja:arja_shallow_change",
          "Unified_Diff_of-files:": "Starts Below...",
          "DELETE:": "import com.fasterxml.jackson.core.util.VersionUtil;",
          "CHANGE_old:": "",
          "CHANGE_new:": "            return;",
          "INSERT:": "    }",
          "instance_detail": [
            {
              "pattern_action": "ANY",
              "pattern_entity": {
                "entity_type": "Statement",
                "entity_new value": "*",
                "entity_role": "*",
                "entity_parent": "null"
              },
              "concrete_change": {
                "operator": "DEL",
                "src_type": "If",
                "dst_type": "null",
                "src": "if (buffered \u003e 0) {\n    java.lang.System.err.println((\"   _decode7BitEncodedTail: buffered #0 \u003d\u003d 0x\" + (java.lang.Integer.toHexString(((_inputCopy[0]) \u0026 255)))));\n}",
                "dst": "null",
                "src_parent_type": "Block",
                "dst_parent_type": "null",
                "src_parent": "{\n    if (bytesToDecode \u003d\u003d 0) {\n        java.lang.System.err.println(\"_decode7BitEncodedTail: bytes to decode \u003d 0 -\u003e SHORT-CIRCUIT\");\n        return true;\n    }\n    java.lang.System.err.println((((\"_decode7BitEncodedTail: bytes to decode \u003d \" + bytesToDecode) + \", buffered \u003d \") + buffered));\n    if (buffered \u003e 0) {\n        java.lang.System.err.println((\"   _decode7BitEncodedTail: buffered #0 \u003d\u003d 0x\" + (java.lang.Integer.toHexString(((_inputCopy[0]) \u0026 255)))));\n    }\n    int avail \u003d (_inputEnd) - (_inputPtr);\n    int needed \u003d (bytesToDecode + 1) - buffered;\n    java.lang.System.err.println((((\"_decode7BitEncodedTail: avail \u003d \" + avail) + \", needed \u003d \") + needed));\n    if (avail \u003c needed) {\n        java.lang.System.arraycopy(_inputBuffer, _inputPtr, _inputCopy, buffered, avail);\n        _inputPtr +\u003d avail;\n        _inputCopyLen \u003d buffered + avail;\n        _pending32 \u003d bytesToDecode;\n        java.lang.System.err.println((((((\"_decode7BitEncodedTail: INSUFF buffered, ptr \" + (_inputPtr)) + \", copyLen \") + (_inputCopyLen)) + \", left: \") + (_pending32)));\n        return false;\n    }\n    java.lang.System.arraycopy(_inputBuffer, _inputPtr, _inputCopy, buffered, needed);\n    _inputPtr +\u003d needed;\n    int value \u003d _inputCopy[0];\n    java.lang.System.err.println((\" value#0 \u003d 0x\" + (java.lang.Integer.toHexString(value))));\n    for (int i \u003d 1; i \u003c bytesToDecode; ++i) {\n        value \u003d (value \u003c\u003c 7) + (_inputCopy[i]);\n        java.lang.System.err.println((((\" append #\" + i) + \" -\u003e 0x\") + (java.lang.Integer.toHexString((value \u003e\u003e (7 - i))))));\n        _byteArrayBuilder.append((value \u003e\u003e (7 - i)));\n    }\n    value \u003c\u003c\u003d bytesToDecode;\n    _byteArrayBuilder.append((value + (_inputCopy[bytesToDecode])));\n    java.lang.System.err.println((((\" append #\" + bytesToDecode) + \" -\u003e 0x\") + (java.lang.Integer.toHexString((value + (_inputCopy[bytesToDecode]))))));\n    return true;\n}",
                "dst_parent": "null"
              },
              "line": 1623,
              "file": "/home/khesoem/projects/lighter/exp/smile/src/main/java/com/fasterxml/jackson/dataformat/smile/async/NonBlockingByteArrayParser.java",
              "stats": {
                "number_of_src_entities": 49,
                "number_of_dst_entities": -1,
                "src_entity_types": "[int, java.lang.System, java.lang.Integer, boolean, java.io.PrintStream, java.lang.String]",
                "dst_entity_types": "[]"
              }
            }
          ]
        },
        {
          "tool-name": "Arja",
          "pattern-name": "Arja:arja_shallow_change",
          "Unified_Diff_of-files:": "Starts Below...",
          "DELETE:": "import com.fasterxml.jackson.core.util.VersionUtil;",
          "CHANGE_old:": "",
          "CHANGE_new:": "            return;",
          "INSERT:": "    }",
          "instance_detail": [
            {
              "pattern_action": "ANY",
              "pattern_entity": {
                "entity_type": "Statement",
                "entity_new value": "*",
                "entity_role": "*",
                "entity_parent": "null"
              },
              "concrete_change": {
                "operator": "DEL",
                "src_type": "Invocation",
                "dst_type": "null",
                "src": "java.lang.System.err.println((((\"_decode7BitEncodedTail: avail \u003d \" + avail) + \", needed \u003d \") + needed))",
                "dst": "null",
                "src_parent_type": "Block",
                "dst_parent_type": "null",
                "src_parent": "{\n    if (bytesToDecode \u003d\u003d 0) {\n        java.lang.System.err.println(\"_decode7BitEncodedTail: bytes to decode \u003d 0 -\u003e SHORT-CIRCUIT\");\n        return true;\n    }\n    java.lang.System.err.println((((\"_decode7BitEncodedTail: bytes to decode \u003d \" + bytesToDecode) + \", buffered \u003d \") + buffered));\n    if (buffered \u003e 0) {\n        java.lang.System.err.println((\"   _decode7BitEncodedTail: buffered #0 \u003d\u003d 0x\" + (java.lang.Integer.toHexString(((_inputCopy[0]) \u0026 255)))));\n    }\n    int avail \u003d (_inputEnd) - (_inputPtr);\n    int needed \u003d (bytesToDecode + 1) - buffered;\n    java.lang.System.err.println((((\"_decode7BitEncodedTail: avail \u003d \" + avail) + \", needed \u003d \") + needed));\n    if (avail \u003c needed) {\n        java.lang.System.arraycopy(_inputBuffer, _inputPtr, _inputCopy, buffered, avail);\n        _inputPtr +\u003d avail;\n        _inputCopyLen \u003d buffered + avail;\n        _pending32 \u003d bytesToDecode;\n        java.lang.System.err.println((((((\"_decode7BitEncodedTail: INSUFF buffered, ptr \" + (_inputPtr)) + \", copyLen \") + (_inputCopyLen)) + \", left: \") + (_pending32)));\n        return false;\n    }\n    java.lang.System.arraycopy(_inputBuffer, _inputPtr, _inputCopy, buffered, needed);\n    _inputPtr +\u003d needed;\n    int value \u003d _inputCopy[0];\n    java.lang.System.err.println((\" value#0 \u003d 0x\" + (java.lang.Integer.toHexString(value))));\n    for (int i \u003d 1; i \u003c bytesToDecode; ++i) {\n        value \u003d (value \u003c\u003c 7) + (_inputCopy[i]);\n        java.lang.System.err.println((((\" append #\" + i) + \" -\u003e 0x\") + (java.lang.Integer.toHexString((value \u003e\u003e (7 - i))))));\n        _byteArrayBuilder.append((value \u003e\u003e (7 - i)));\n    }\n    value \u003c\u003c\u003d bytesToDecode;\n    _byteArrayBuilder.append((value + (_inputCopy[bytesToDecode])));\n    java.lang.System.err.println((((\" append #\" + bytesToDecode) + \" -\u003e 0x\") + (java.lang.Integer.toHexString((value + (_inputCopy[bytesToDecode]))))));\n    return true;\n}",
                "dst_parent": "null"
              },
              "line": 1629,
              "file": "/home/khesoem/projects/lighter/exp/smile/src/main/java/com/fasterxml/jackson/dataformat/smile/async/NonBlockingByteArrayParser.java",
              "stats": {
                "number_of_src_entities": 37,
                "number_of_dst_entities": -1,
                "src_entity_types": "[java.lang.System, int, java.io.PrintStream, java.lang.String]",
                "dst_entity_types": "[]"
              }
            }
          ]
        },
        {
          "tool-name": "Arja",
          "pattern-name": "Arja:arja_shallow_change",
          "Unified_Diff_of-files:": "Starts Below...",
          "DELETE:": "import com.fasterxml.jackson.core.util.VersionUtil;",
          "CHANGE_old:": "",
          "CHANGE_new:": "            return;",
          "INSERT:": "    }",
          "instance_detail": [
            {
              "pattern_action": "ANY",
              "pattern_entity": {
                "entity_type": "Statement",
                "entity_new value": "*",
                "entity_role": "*",
                "entity_parent": "null"
              },
              "concrete_change": {
                "operator": "DEL",
                "src_type": "Invocation",
                "dst_type": "null",
                "src": "java.lang.System.err.println((((((\"_decode7BitEncodedTail: INSUFF buffered, ptr \" + (_inputPtr)) + \", copyLen \") + (_inputCopyLen)) + \", left: \") + (_pending32)))",
                "dst": "null",
                "src_parent_type": "Block",
                "dst_parent_type": "null",
                "src_parent": "{\n    java.lang.System.arraycopy(_inputBuffer, _inputPtr, _inputCopy, buffered, avail);\n    _inputPtr +\u003d avail;\n    _inputCopyLen \u003d buffered + avail;\n    _pending32 \u003d bytesToDecode;\n    java.lang.System.err.println((((((\"_decode7BitEncodedTail: INSUFF buffered, ptr \" + (_inputPtr)) + \", copyLen \") + (_inputCopyLen)) + \", left: \") + (_pending32)));\n    return false;\n}",
                "dst_parent": "null"
              },
              "line": 1635,
              "file": "/home/khesoem/projects/lighter/exp/smile/src/main/java/com/fasterxml/jackson/dataformat/smile/async/NonBlockingByteArrayParser.java",
              "stats": {
                "number_of_src_entities": 42,
                "number_of_dst_entities": -1,
                "src_entity_types": "[java.lang.System, java.io.PrintStream, java.lang.String]",
                "dst_entity_types": "[]"
              }
            }
          ]
        },
        {
          "tool-name": "Arja",
          "pattern-name": "Arja:arja_shallow_change",
          "Unified_Diff_of-files:": "Starts Below...",
          "DELETE:": "import com.fasterxml.jackson.core.util.VersionUtil;",
          "CHANGE_old:": "",
          "CHANGE_new:": "            return;",
          "INSERT:": "    }",
          "instance_detail": [
            {
              "pattern_action": "ANY",
              "pattern_entity": {
                "entity_type": "Statement",
                "entity_new value": "*",
                "entity_role": "*",
                "entity_parent": "null"
              },
              "concrete_change": {
                "operator": "DEL",
                "src_type": "Invocation",
                "dst_type": "null",
                "src": "(java.lang.Integer.toHexString(value))",
                "dst": "null",
                "src_parent_type": "BinaryOperator",
                "dst_parent_type": "null",
                "src_parent": "(\" value#0 \u003d 0x\" + (java.lang.Integer.toHexString(value)))",
                "dst_parent": "null"
              },
              "line": 1643,
              "file": "/home/khesoem/projects/lighter/exp/smile/src/main/java/com/fasterxml/jackson/dataformat/smile/async/NonBlockingByteArrayParser.java"
            }
          ]
        },
        {
          "tool-name": "Arja",
          "pattern-name": "Arja:arja_shallow_change",
          "Unified_Diff_of-files:": "Starts Below...",
          "DELETE:": "import com.fasterxml.jackson.core.util.VersionUtil;",
          "CHANGE_old:": "",
          "CHANGE_new:": "            return;",
          "INSERT:": "    }",
          "instance_detail": [
            {
              "pattern_action": "ANY",
              "pattern_entity": {
                "entity_type": "Statement",
                "entity_new value": "*",
                "entity_role": "*",
                "entity_parent": "null"
              },
              "concrete_change": {
                "operator": "DEL",
                "src_type": "Invocation",
                "dst_type": "null",
                "src": "java.lang.System.err.println((\" value#0 \u003d 0x\" + (java.lang.Integer.toHexString(value))))",
                "dst": "null",
                "src_parent_type": "Block",
                "dst_parent_type": "null",
                "src_parent": "{\n    if (bytesToDecode \u003d\u003d 0) {\n        java.lang.System.err.println(\"_decode7BitEncodedTail: bytes to decode \u003d 0 -\u003e SHORT-CIRCUIT\");\n        return true;\n    }\n    java.lang.System.err.println((((\"_decode7BitEncodedTail: bytes to decode \u003d \" + bytesToDecode) + \", buffered \u003d \") + buffered));\n    if (buffered \u003e 0) {\n        java.lang.System.err.println((\"   _decode7BitEncodedTail: buffered #0 \u003d\u003d 0x\" + (java.lang.Integer.toHexString(((_inputCopy[0]) \u0026 255)))));\n    }\n    int avail \u003d (_inputEnd) - (_inputPtr);\n    int needed \u003d (bytesToDecode + 1) - buffered;\n    java.lang.System.err.println((((\"_decode7BitEncodedTail: avail \u003d \" + avail) + \", needed \u003d \") + needed));\n    if (avail \u003c needed) {\n        java.lang.System.arraycopy(_inputBuffer, _inputPtr, _inputCopy, buffered, avail);\n        _inputPtr +\u003d avail;\n        _inputCopyLen \u003d buffered + avail;\n        _pending32 \u003d bytesToDecode;\n        java.lang.System.err.println((((((\"_decode7BitEncodedTail: INSUFF buffered, ptr \" + (_inputPtr)) + \", copyLen \") + (_inputCopyLen)) + \", left: \") + (_pending32)));\n        return false;\n    }\n    java.lang.System.arraycopy(_inputBuffer, _inputPtr, _inputCopy, buffered, needed);\n    _inputPtr +\u003d needed;\n    int value \u003d _inputCopy[0];\n    java.lang.System.err.println((\" value#0 \u003d 0x\" + (java.lang.Integer.toHexString(value))));\n    for (int i \u003d 1; i \u003c bytesToDecode; ++i) {\n        value \u003d (value \u003c\u003c 7) + (_inputCopy[i]);\n        java.lang.System.err.println((((\" append #\" + i) + \" -\u003e 0x\") + (java.lang.Integer.toHexString((value \u003e\u003e (7 - i))))));\n        _byteArrayBuilder.append((value \u003e\u003e (7 - i)));\n    }\n    value \u003c\u003c\u003d bytesToDecode;\n    _byteArrayBuilder.append((value + (_inputCopy[bytesToDecode])));\n    java.lang.System.err.println((((\" append #\" + bytesToDecode) + \" -\u003e 0x\") + (java.lang.Integer.toHexString((value + (_inputCopy[bytesToDecode]))))));\n    return true;\n}",
                "dst_parent": "null"
              },
              "line": 1643,
              "file": "/home/khesoem/projects/lighter/exp/smile/src/main/java/com/fasterxml/jackson/dataformat/smile/async/NonBlockingByteArrayParser.java",
              "stats": {
                "number_of_src_entities": 35,
                "number_of_dst_entities": -1,
                "src_entity_types": "[java.lang.System, java.lang.Integer, int, java.io.PrintStream, java.lang.String]",
                "dst_entity_types": "[]"
              }
            }
          ]
        },
        {
          "tool-name": "Arja",
          "pattern-name": "Arja:arja_shallow_change",
          "Unified_Diff_of-files:": "Starts Below...",
          "DELETE:": "import com.fasterxml.jackson.core.util.VersionUtil;",
          "CHANGE_old:": "",
          "CHANGE_new:": "            return;",
          "INSERT:": "    }",
          "instance_detail": [
            {
              "pattern_action": "ANY",
              "pattern_entity": {
                "entity_type": "Statement",
                "entity_new value": "*",
                "entity_role": "*",
                "entity_parent": "null"
              },
              "concrete_change": {
                "operator": "DEL",
                "src_type": "Invocation",
                "dst_type": "null",
                "src": "(java.lang.Integer.toHexString((value \u003e\u003e (7 - i))))",
                "dst": "null",
                "src_parent_type": "BinaryOperator",
                "dst_parent_type": "null",
                "src_parent": "(((\" append #\" + i) + \" -\u003e 0x\") + (java.lang.Integer.toHexString((value \u003e\u003e (7 - i)))))",
                "dst_parent": "null"
              },
              "line": 1647,
              "file": "/home/khesoem/projects/lighter/exp/smile/src/main/java/com/fasterxml/jackson/dataformat/smile/async/NonBlockingByteArrayParser.java"
            }
          ]
        },
        {
          "tool-name": "Arja",
          "pattern-name": "Arja:arja_shallow_change",
          "Unified_Diff_of-files:": "Starts Below...",
          "DELETE:": "import com.fasterxml.jackson.core.util.VersionUtil;",
          "CHANGE_old:": "",
          "CHANGE_new:": "            return;",
          "INSERT:": "    }",
          "instance_detail": [
            {
              "pattern_action": "ANY",
              "pattern_entity": {
                "entity_type": "Statement",
                "entity_new value": "*",
                "entity_role": "*",
                "entity_parent": "null"
              },
              "concrete_change": {
                "operator": "DEL",
                "src_type": "Invocation",
                "dst_type": "null",
                "src": "java.lang.System.err.println((((\" append #\" + i) + \" -\u003e 0x\") + (java.lang.Integer.toHexString((value \u003e\u003e (7 - i))))))",
                "dst": "null",
                "src_parent_type": "Block",
                "dst_parent_type": "null",
                "src_parent": "{\n    value \u003d (value \u003c\u003c 7) + (_inputCopy[i]);\n    java.lang.System.err.println((((\" append #\" + i) + \" -\u003e 0x\") + (java.lang.Integer.toHexString((value \u003e\u003e (7 - i))))));\n    _byteArrayBuilder.append((value \u003e\u003e (7 - i)));\n}",
                "dst_parent": "null"
              },
              "line": 1647,
              "file": "/home/khesoem/projects/lighter/exp/smile/src/main/java/com/fasterxml/jackson/dataformat/smile/async/NonBlockingByteArrayParser.java",
              "stats": {
                "number_of_src_entities": 56,
                "number_of_dst_entities": -1,
                "src_entity_types": "[java.lang.System, int, java.lang.Integer, java.io.PrintStream, java.lang.String]",
                "dst_entity_types": "[]"
              }
            }
          ]
        },
        {
          "tool-name": "Arja",
          "pattern-name": "Arja:arja_shallow_change",
          "Unified_Diff_of-files:": "Starts Below...",
          "DELETE:": "import com.fasterxml.jackson.core.util.VersionUtil;",
          "CHANGE_old:": "",
          "CHANGE_new:": "            return;",
          "INSERT:": "    }",
          "instance_detail": [
            {
              "pattern_action": "ANY",
              "pattern_entity": {
                "entity_type": "Statement",
                "entity_new value": "*",
                "entity_role": "*",
                "entity_parent": "null"
              },
              "concrete_change": {
                "operator": "DEL",
                "src_type": "Invocation",
                "dst_type": "null",
                "src": "(java.lang.Integer.toHexString((value + (_inputCopy[bytesToDecode]))))",
                "dst": "null",
                "src_parent_type": "BinaryOperator",
                "dst_parent_type": "null",
                "src_parent": "(((\" append #\" + bytesToDecode) + \" -\u003e 0x\") + (java.lang.Integer.toHexString((value + (_inputCopy[bytesToDecode])))))",
                "dst_parent": "null"
              },
              "line": 1654,
              "file": "/home/khesoem/projects/lighter/exp/smile/src/main/java/com/fasterxml/jackson/dataformat/smile/async/NonBlockingByteArrayParser.java"
            }
          ]
        },
        {
          "tool-name": "Arja",
          "pattern-name": "Arja:arja_shallow_change",
          "Unified_Diff_of-files:": "Starts Below...",
          "DELETE:": "import com.fasterxml.jackson.core.util.VersionUtil;",
          "CHANGE_old:": "",
          "CHANGE_new:": "            return;",
          "INSERT:": "    }",
          "instance_detail": [
            {
              "pattern_action": "ANY",
              "pattern_entity": {
                "entity_type": "Statement",
                "entity_new value": "*",
                "entity_role": "*",
                "entity_parent": "null"
              },
              "concrete_change": {
                "operator": "DEL",
                "src_type": "Invocation",
                "dst_type": "null",
                "src": "java.lang.System.err.println((((\" append #\" + bytesToDecode) + \" -\u003e 0x\") + (java.lang.Integer.toHexString((value + (_inputCopy[bytesToDecode]))))))",
                "dst": "null",
                "src_parent_type": "Block",
                "dst_parent_type": "null",
                "src_parent": "{\n    if (bytesToDecode \u003d\u003d 0) {\n        java.lang.System.err.println(\"_decode7BitEncodedTail: bytes to decode \u003d 0 -\u003e SHORT-CIRCUIT\");\n        return true;\n    }\n    java.lang.System.err.println((((\"_decode7BitEncodedTail: bytes to decode \u003d \" + bytesToDecode) + \", buffered \u003d \") + buffered));\n    if (buffered \u003e 0) {\n        java.lang.System.err.println((\"   _decode7BitEncodedTail: buffered #0 \u003d\u003d 0x\" + (java.lang.Integer.toHexString(((_inputCopy[0]) \u0026 255)))));\n    }\n    int avail \u003d (_inputEnd) - (_inputPtr);\n    int needed \u003d (bytesToDecode + 1) - buffered;\n    java.lang.System.err.println((((\"_decode7BitEncodedTail: avail \u003d \" + avail) + \", needed \u003d \") + needed));\n    if (avail \u003c needed) {\n        java.lang.System.arraycopy(_inputBuffer, _inputPtr, _inputCopy, buffered, avail);\n        _inputPtr +\u003d avail;\n        _inputCopyLen \u003d buffered + avail;\n        _pending32 \u003d bytesToDecode;\n        java.lang.System.err.println((((((\"_decode7BitEncodedTail: INSUFF buffered, ptr \" + (_inputPtr)) + \", copyLen \") + (_inputCopyLen)) + \", left: \") + (_pending32)));\n        return false;\n    }\n    java.lang.System.arraycopy(_inputBuffer, _inputPtr, _inputCopy, buffered, needed);\n    _inputPtr +\u003d needed;\n    int value \u003d _inputCopy[0];\n    java.lang.System.err.println((\" value#0 \u003d 0x\" + (java.lang.Integer.toHexString(value))));\n    for (int i \u003d 1; i \u003c bytesToDecode; ++i) {\n        value \u003d (value \u003c\u003c 7) + (_inputCopy[i]);\n        java.lang.System.err.println((((\" append #\" + i) + \" -\u003e 0x\") + (java.lang.Integer.toHexString((value \u003e\u003e (7 - i))))));\n        _byteArrayBuilder.append((value \u003e\u003e (7 - i)));\n    }\n    value \u003c\u003c\u003d bytesToDecode;\n    _byteArrayBuilder.append((value + (_inputCopy[bytesToDecode])));\n    java.lang.System.err.println((((\" append #\" + bytesToDecode) + \" -\u003e 0x\") + (java.lang.Integer.toHexString((value + (_inputCopy[bytesToDecode]))))));\n    return true;\n}",
                "dst_parent": "null"
              },
              "line": 1654,
              "file": "/home/khesoem/projects/lighter/exp/smile/src/main/java/com/fasterxml/jackson/dataformat/smile/async/NonBlockingByteArrayParser.java",
              "stats": {
                "number_of_src_entities": 54,
                "number_of_dst_entities": -1,
                "src_entity_types": "[java.lang.System, int, java.lang.Integer, java.io.PrintStream, java.lang.String]",
                "dst_entity_types": "[]"
              }
            }
          ]
        }
      ]
    },
    {
      "revision": "78c74f8fabfc714d80572881b6fa98af4771a4f7",
      "repairability": [
        {
          "tool-name": "Arja",
          "pattern-name": "Arja:arja_shallow_change",
          "Unified_Diff_of-files:": "Starts Below...",
          "DELETE:": "import com.fasterxml.jackson.core.util.VersionUtil;",
          "CHANGE_old:": "",
          "CHANGE_new:": "            return;",
          "INSERT:": "    }",
          "instance_detail": [
            {
              "pattern_action": "ANY",
              "pattern_entity": {
                "entity_type": "Statement",
                "entity_new value": "*",
                "entity_role": "*",
                "entity_parent": "null"
              },
              "concrete_change": {
                "operator": "INS",
                "src_type": "If",
                "dst_type": "null",
                "src": "if (((_currToken) \u003d\u003d (com.fasterxml.jackson.core.JsonToken.VALUE_NUMBER_INT)) || ((_currToken) \u003d\u003d (com.fasterxml.jackson.core.JsonToken.VALUE_NUMBER_FLOAT))) {\n    return;\n}",
                "dst": "null",
                "src_parent_type": "Block",
                "dst_parent_type": "null",
                "src_parent": "{\n    if (((_currToken) \u003d\u003d (com.fasterxml.jackson.core.JsonToken.VALUE_NUMBER_INT)) || ((_currToken) \u003d\u003d (com.fasterxml.jackson.core.JsonToken.VALUE_NUMBER_FLOAT))) {\n        return;\n    }\n    _reportError(\"Current token (%s) not numeric, can not use numeric value accessors\", _currToken);\n}",
                "dst_parent": "null"
              },
              "line": 222,
              "file": "/home/khesoem/projects/lighter/exp/smile/src/main/java/com/fasterxml/jackson/dataformat/smile/async/NonBlockingParserBase.java",
              "stats": {
                "number_of_src_entities": 32,
                "number_of_dst_entities": -1,
                "src_entity_types": "[com.fasterxml.jackson.core.JsonToken]",
                "dst_entity_types": "[]"
              }
            }
          ]
        },
        {
          "tool-name": "Arja",
          "pattern-name": "Arja:arja_shallow_change",
          "Unified_Diff_of-files:": "Starts Below...",
          "DELETE:": "import com.fasterxml.jackson.core.util.VersionUtil;",
          "CHANGE_old:": "",
          "CHANGE_new:": "            return;",
          "INSERT:": "    }",
          "instance_detail": [
            {
              "pattern_action": "ANY",
              "pattern_entity": {
                "entity_type": "Statement",
                "entity_new value": "*",
                "entity_role": "*",
                "entity_parent": "null"
              },
              "concrete_change": {
                "operator": "UPD",
                "src_type": "Invocation",
                "dst_type": "Invocation",
                "src": "com.fasterxml.jackson.core.util.VersionUtil.throwInternal()",
                "dst": "_reportError(\"Current token (%s) not numeric, can not use numeric value accessors\", _currToken)",
                "src_parent_type": "Block",
                "dst_parent_type": "Block",
                "src_parent": "{\n    com.fasterxml.jackson.core.util.VersionUtil.throwInternal();\n}",
                "dst_parent": "{\n    if (((_currToken) \u003d\u003d (com.fasterxml.jackson.core.JsonToken.VALUE_NUMBER_INT)) || ((_currToken) \u003d\u003d (com.fasterxml.jackson.core.JsonToken.VALUE_NUMBER_FLOAT))) {\n        return;\n    }\n    _reportError(\"Current token (%s) not numeric, can not use numeric value accessors\", _currToken);\n}"
              },
              "line": 223,
              "file": "/home/khesoem/projects/lighter/exp/smile/src/main/java/com/fasterxml/jackson/dataformat/smile/async/NonBlockingParserBase.java",
              "stats": {
                "number_of_src_entities": 8,
                "number_of_dst_entities": 19,
                "src_entity_types": "[com.fasterxml.jackson.core.util.VersionUtil]",
                "dst_entity_types": "[java.lang.String, com.fasterxml.jackson.dataformat.smile.async.NonBlockingParserBase\u003cF\u003e, com.fasterxml.jackson.dataformat.smile.async.NonBlockingParserBase]"
              }
            }
          ]
        }
      ]
    }
  ],
  "complete_analysis": true
}