{
  "instances": [
    {
      "revision": "7bdbc238affb493d950c3b4e0b58bfba8bee2fdc",
      "repairability": [
        {
          "tool-name": "Arja",
          "pattern-name": "Arja:arja_shallow_change",
          "Unified_Diff_of-files:": "Starts Below...",
          "CHANGE_old:": "        int ch \u003d _inputBuffer[_inputPtr++];",
          "CHANGE_new:": "",
          "INSERT:": "",
          "instance_detail": [
            {
              "pattern_action": "ANY",
              "pattern_entity": {
                "entity_type": "Statement",
                "entity_new value": "*",
                "entity_role": "*",
                "entity_parent": "null"
              },
              "concrete_change": {
                "operator": "DEL",
                "src_type": "Invocation",
                "dst_type": "null",
                "src": "_loadMoreGuaranteed()",
                "dst": "null",
                "src_parent_type": "Block",
                "dst_parent_type": "null",
                "src_parent": "{\n    _loadMoreGuaranteed();\n}",
                "dst_parent": "null"
              },
              "line": 264,
              "file": "/home/khesoem/projects/lighter/exp/smile/src/main/java/com/fasterxml/jackson/dataformat/smile/SmileParser.java"
            }
          ]
        },
        {
          "tool-name": "Arja",
          "pattern-name": "Arja:arja_shallow_change",
          "Unified_Diff_of-files:": "Starts Below...",
          "CHANGE_old:": "        int ch \u003d _inputBuffer[_inputPtr++];",
          "CHANGE_new:": "",
          "INSERT:": "",
          "instance_detail": [
            {
              "pattern_action": "ANY",
              "pattern_entity": {
                "entity_type": "Statement",
                "entity_new value": "*",
                "entity_role": "*",
                "entity_parent": "null"
              },
              "concrete_change": {
                "operator": "DEL",
                "src_type": "Block",
                "dst_type": "null",
                "src": "{\n    _loadMoreGuaranteed();\n}",
                "dst": "null",
                "src_parent_type": "If",
                "dst_parent_type": "null",
                "src_parent": "if ((_inputPtr) \u003e\u003d (_inputEnd)) {\n    _loadMoreGuaranteed();\n}",
                "dst_parent": "null"
              },
              "line": 263,
              "file": "/home/khesoem/projects/lighter/exp/smile/src/main/java/com/fasterxml/jackson/dataformat/smile/SmileParser.java"
            }
          ]
        },
        {
          "tool-name": "Arja",
          "pattern-name": "Arja:arja_shallow_change",
          "Unified_Diff_of-files:": "Starts Below...",
          "CHANGE_old:": "        int ch \u003d _inputBuffer[_inputPtr++];",
          "CHANGE_new:": "",
          "INSERT:": "",
          "instance_detail": [
            {
              "pattern_action": "ANY",
              "pattern_entity": {
                "entity_type": "Statement",
                "entity_new value": "*",
                "entity_role": "*",
                "entity_parent": "null"
              },
              "concrete_change": {
                "operator": "DEL",
                "src_type": "If",
                "dst_type": "null",
                "src": "if ((_inputPtr) \u003e\u003d (_inputEnd)) {\n    _loadMoreGuaranteed();\n}",
                "dst": "null",
                "src_parent_type": "Block",
                "dst_parent_type": "null",
                "src_parent": "{\n    if (consumeFirstByte) {\n        ++(_inputPtr);\n    }\n    if ((_inputPtr) \u003e\u003d (_inputEnd)) {\n        _loadMoreGuaranteed();\n    }\n    if ((_inputBuffer[_inputPtr]) !\u003d (SmileConstants.HEADER_BYTE_2)) {\n        if (throwException) {\n            _reportError(((\"Malformed content: signature not valid, starts with 0x3a but followed by 0x\" + (java.lang.Integer.toHexString(_inputBuffer[_inputPtr]))) + \", not 0x29\"));\n        }\n        return false;\n    }\n    if ((++(_inputPtr)) \u003e\u003d (_inputEnd)) {\n        _loadMoreGuaranteed();\n    }\n    if ((_inputBuffer[_inputPtr]) !\u003d (SmileConstants.HEADER_BYTE_3)) {\n        if (throwException) {\n            _reportError(((\"Malformed content: signature not valid, starts with 0x3a, 0x29, but followed by 0x\" + (java.lang.Integer.toHexString(_inputBuffer[_inputPtr]))) + \", not 0xA\"));\n        }\n        return false;\n    }\n    if ((++(_inputPtr)) \u003e\u003d (_inputEnd)) {\n        _loadMoreGuaranteed();\n    }\n    int ch \u003d _inputBuffer[((_inputPtr)++)];\n    int versionBits \u003d (ch \u003e\u003e 4) \u0026 15;\n    if (versionBits !\u003d (SmileConstants.HEADER_VERSION_0)) {\n        _reportError(((\"Header version number bits (0x\" + (java.lang.Integer.toHexString(versionBits))) + \") indicate unrecognized version; only 0x0 handled by parser\"));\n    }\n    if ((ch \u0026 (SmileConstants.HEADER_BIT_HAS_SHARED_NAMES)) \u003d\u003d 0) {\n        _seenNames \u003d null;\n        _seenNameCount \u003d -1;\n    }\n    if ((ch \u0026 (SmileConstants.HEADER_BIT_HAS_SHARED_STRING_VALUES)) !\u003d 0) {\n        _seenStringValues \u003d com.fasterxml.jackson.dataformat.smile.SmileParser.NO_STRINGS;\n        _seenStringValueCount \u003d 0;\n    }\n    _mayContainRawBinary \u003d (ch \u0026 (SmileConstants.HEADER_BIT_HAS_RAW_BINARY)) !\u003d 0;\n    return true;\n}",
                "dst_parent": "null"
              },
              "line": 263,
              "file": "/home/khesoem/projects/lighter/exp/smile/src/main/java/com/fasterxml/jackson/dataformat/smile/SmileParser.java",
              "stats": {
                "number_of_src_entities": 37,
                "number_of_dst_entities": -1,
                "src_entity_types": "[boolean, com.fasterxml.jackson.core.base.ParserBase, com.fasterxml.jackson.dataformat.smile.SmileParser]",
                "dst_entity_types": "[]"
              }
            }
          ]
        },
        {
          "tool-name": "Arja",
          "pattern-name": "Arja:arja_shallow_change",
          "Unified_Diff_of-files:": "Starts Below...",
          "CHANGE_old:": "        int ch \u003d _inputBuffer[_inputPtr++];",
          "CHANGE_new:": "",
          "INSERT:": "",
          "instance_detail": [
            {
              "pattern_action": "ANY",
              "pattern_entity": {
                "entity_type": "Statement",
                "entity_new value": "*",
                "entity_role": "*",
                "entity_parent": "null"
              },
              "concrete_change": {
                "operator": "DEL",
                "src_type": "UnaryOperator",
                "dst_type": "null",
                "src": "(++(_inputPtr))",
                "dst": "null",
                "src_parent_type": "BinaryOperator",
                "dst_parent_type": "null",
                "src_parent": "(++(_inputPtr)) \u003e\u003d (_inputEnd)",
                "dst_parent": "null"
              },
              "line": 273,
              "file": "/home/khesoem/projects/lighter/exp/smile/src/main/java/com/fasterxml/jackson/dataformat/smile/SmileParser.java"
            }
          ]
        },
        {
          "tool-name": "Arja",
          "pattern-name": "Arja:arja_shallow_change",
          "Unified_Diff_of-files:": "Starts Below...",
          "CHANGE_old:": "        int ch \u003d _inputBuffer[_inputPtr++];",
          "CHANGE_new:": "",
          "INSERT:": "",
          "instance_detail": [
            {
              "pattern_action": "ANY",
              "pattern_entity": {
                "entity_type": "Statement",
                "entity_new value": "*",
                "entity_role": "*",
                "entity_parent": "null"
              },
              "concrete_change": {
                "operator": "DEL",
                "src_type": "Invocation",
                "dst_type": "null",
                "src": "_loadMoreGuaranteed()",
                "dst": "null",
                "src_parent_type": "Block",
                "dst_parent_type": "null",
                "src_parent": "{\n    _loadMoreGuaranteed();\n}",
                "dst_parent": "null"
              },
              "line": 274,
              "file": "/home/khesoem/projects/lighter/exp/smile/src/main/java/com/fasterxml/jackson/dataformat/smile/SmileParser.java"
            }
          ]
        },
        {
          "tool-name": "Arja",
          "pattern-name": "Arja:arja_shallow_change",
          "Unified_Diff_of-files:": "Starts Below...",
          "CHANGE_old:": "        int ch \u003d _inputBuffer[_inputPtr++];",
          "CHANGE_new:": "",
          "INSERT:": "",
          "instance_detail": [
            {
              "pattern_action": "ANY",
              "pattern_entity": {
                "entity_type": "Statement",
                "entity_new value": "*",
                "entity_role": "*",
                "entity_parent": "null"
              },
              "concrete_change": {
                "operator": "DEL",
                "src_type": "Block",
                "dst_type": "null",
                "src": "{\n    _loadMoreGuaranteed();\n}",
                "dst": "null",
                "src_parent_type": "If",
                "dst_parent_type": "null",
                "src_parent": "if ((++(_inputPtr)) \u003e\u003d (_inputEnd)) {\n    _loadMoreGuaranteed();\n}",
                "dst_parent": "null"
              },
              "line": 273,
              "file": "/home/khesoem/projects/lighter/exp/smile/src/main/java/com/fasterxml/jackson/dataformat/smile/SmileParser.java"
            }
          ]
        },
        {
          "tool-name": "Arja",
          "pattern-name": "Arja:arja_shallow_change",
          "Unified_Diff_of-files:": "Starts Below...",
          "CHANGE_old:": "        int ch \u003d _inputBuffer[_inputPtr++];",
          "CHANGE_new:": "",
          "INSERT:": "",
          "instance_detail": [
            {
              "pattern_action": "ANY",
              "pattern_entity": {
                "entity_type": "Statement",
                "entity_new value": "*",
                "entity_role": "*",
                "entity_parent": "null"
              },
              "concrete_change": {
                "operator": "DEL",
                "src_type": "If",
                "dst_type": "null",
                "src": "if ((++(_inputPtr)) \u003e\u003d (_inputEnd)) {\n    _loadMoreGuaranteed();\n}",
                "dst": "null",
                "src_parent_type": "Block",
                "dst_parent_type": "null",
                "src_parent": "{\n    if (consumeFirstByte) {\n        ++(_inputPtr);\n    }\n    if ((_inputPtr) \u003e\u003d (_inputEnd)) {\n        _loadMoreGuaranteed();\n    }\n    if ((_inputBuffer[_inputPtr]) !\u003d (SmileConstants.HEADER_BYTE_2)) {\n        if (throwException) {\n            _reportError(((\"Malformed content: signature not valid, starts with 0x3a but followed by 0x\" + (java.lang.Integer.toHexString(_inputBuffer[_inputPtr]))) + \", not 0x29\"));\n        }\n        return false;\n    }\n    if ((++(_inputPtr)) \u003e\u003d (_inputEnd)) {\n        _loadMoreGuaranteed();\n    }\n    if ((_inputBuffer[_inputPtr]) !\u003d (SmileConstants.HEADER_BYTE_3)) {\n        if (throwException) {\n            _reportError(((\"Malformed content: signature not valid, starts with 0x3a, 0x29, but followed by 0x\" + (java.lang.Integer.toHexString(_inputBuffer[_inputPtr]))) + \", not 0xA\"));\n        }\n        return false;\n    }\n    if ((++(_inputPtr)) \u003e\u003d (_inputEnd)) {\n        _loadMoreGuaranteed();\n    }\n    int ch \u003d _inputBuffer[((_inputPtr)++)];\n    int versionBits \u003d (ch \u003e\u003e 4) \u0026 15;\n    if (versionBits !\u003d (SmileConstants.HEADER_VERSION_0)) {\n        _reportError(((\"Header version number bits (0x\" + (java.lang.Integer.toHexString(versionBits))) + \") indicate unrecognized version; only 0x0 handled by parser\"));\n    }\n    if ((ch \u0026 (SmileConstants.HEADER_BIT_HAS_SHARED_NAMES)) \u003d\u003d 0) {\n        _seenNames \u003d null;\n        _seenNameCount \u003d -1;\n    }\n    if ((ch \u0026 (SmileConstants.HEADER_BIT_HAS_SHARED_STRING_VALUES)) !\u003d 0) {\n        _seenStringValues \u003d com.fasterxml.jackson.dataformat.smile.SmileParser.NO_STRINGS;\n        _seenStringValueCount \u003d 0;\n    }\n    _mayContainRawBinary \u003d (ch \u0026 (SmileConstants.HEADER_BIT_HAS_RAW_BINARY)) !\u003d 0;\n    return true;\n}",
                "dst_parent": "null"
              },
              "line": 273,
              "file": "/home/khesoem/projects/lighter/exp/smile/src/main/java/com/fasterxml/jackson/dataformat/smile/SmileParser.java",
              "stats": {
                "number_of_src_entities": 39,
                "number_of_dst_entities": -1,
                "src_entity_types": "[int, boolean, com.fasterxml.jackson.core.base.ParserBase, com.fasterxml.jackson.dataformat.smile.SmileParser]",
                "dst_entity_types": "[]"
              }
            }
          ]
        },
        {
          "tool-name": "Arja",
          "pattern-name": "Arja:arja_shallow_change",
          "Unified_Diff_of-files:": "Starts Below...",
          "CHANGE_old:": "        int ch \u003d _inputBuffer[_inputPtr++];",
          "CHANGE_new:": "",
          "INSERT:": "",
          "instance_detail": [
            {
              "pattern_action": "ANY",
              "pattern_entity": {
                "entity_type": "Statement",
                "entity_new value": "*",
                "entity_role": "*",
                "entity_parent": "null"
              },
              "concrete_change": {
                "operator": "DEL",
                "src_type": "UnaryOperator",
                "dst_type": "null",
                "src": "(++(_inputPtr))",
                "dst": "null",
                "src_parent_type": "BinaryOperator",
                "dst_parent_type": "null",
                "src_parent": "(++(_inputPtr)) \u003e\u003d (_inputEnd)",
                "dst_parent": "null"
              },
              "line": 284,
              "file": "/home/khesoem/projects/lighter/exp/smile/src/main/java/com/fasterxml/jackson/dataformat/smile/SmileParser.java"
            }
          ]
        },
        {
          "tool-name": "Arja",
          "pattern-name": "Arja:arja_shallow_change",
          "Unified_Diff_of-files:": "Starts Below...",
          "CHANGE_old:": "        int ch \u003d _inputBuffer[_inputPtr++];",
          "CHANGE_new:": "",
          "INSERT:": "",
          "instance_detail": [
            {
              "pattern_action": "ANY",
              "pattern_entity": {
                "entity_type": "Statement",
                "entity_new value": "*",
                "entity_role": "*",
                "entity_parent": "null"
              },
              "concrete_change": {
                "operator": "DEL",
                "src_type": "Block",
                "dst_type": "null",
                "src": "{\n    _loadMoreGuaranteed();\n}",
                "dst": "null",
                "src_parent_type": "If",
                "dst_parent_type": "null",
                "src_parent": "if ((++(_inputPtr)) \u003e\u003d (_inputEnd)) {\n    _loadMoreGuaranteed();\n}",
                "dst_parent": "null"
              },
              "line": 284,
              "file": "/home/khesoem/projects/lighter/exp/smile/src/main/java/com/fasterxml/jackson/dataformat/smile/SmileParser.java"
            }
          ]
        },
        {
          "tool-name": "Arja",
          "pattern-name": "Arja:arja_shallow_change",
          "Unified_Diff_of-files:": "Starts Below...",
          "CHANGE_old:": "        int ch \u003d _inputBuffer[_inputPtr++];",
          "CHANGE_new:": "",
          "INSERT:": "",
          "instance_detail": [
            {
              "pattern_action": "ANY",
              "pattern_entity": {
                "entity_type": "Statement",
                "entity_new value": "*",
                "entity_role": "*",
                "entity_parent": "null"
              },
              "concrete_change": {
                "operator": "DEL",
                "src_type": "If",
                "dst_type": "null",
                "src": "if ((++(_inputPtr)) \u003e\u003d (_inputEnd)) {\n    _loadMoreGuaranteed();\n}",
                "dst": "null",
                "src_parent_type": "Block",
                "dst_parent_type": "null",
                "src_parent": "{\n    if (consumeFirstByte) {\n        ++(_inputPtr);\n    }\n    if ((_inputPtr) \u003e\u003d (_inputEnd)) {\n        _loadMoreGuaranteed();\n    }\n    if ((_inputBuffer[_inputPtr]) !\u003d (SmileConstants.HEADER_BYTE_2)) {\n        if (throwException) {\n            _reportError(((\"Malformed content: signature not valid, starts with 0x3a but followed by 0x\" + (java.lang.Integer.toHexString(_inputBuffer[_inputPtr]))) + \", not 0x29\"));\n        }\n        return false;\n    }\n    if ((++(_inputPtr)) \u003e\u003d (_inputEnd)) {\n        _loadMoreGuaranteed();\n    }\n    if ((_inputBuffer[_inputPtr]) !\u003d (SmileConstants.HEADER_BYTE_3)) {\n        if (throwException) {\n            _reportError(((\"Malformed content: signature not valid, starts with 0x3a, 0x29, but followed by 0x\" + (java.lang.Integer.toHexString(_inputBuffer[_inputPtr]))) + \", not 0xA\"));\n        }\n        return false;\n    }\n    if ((++(_inputPtr)) \u003e\u003d (_inputEnd)) {\n        _loadMoreGuaranteed();\n    }\n    int ch \u003d _inputBuffer[((_inputPtr)++)];\n    int versionBits \u003d (ch \u003e\u003e 4) \u0026 15;\n    if (versionBits !\u003d (SmileConstants.HEADER_VERSION_0)) {\n        _reportError(((\"Header version number bits (0x\" + (java.lang.Integer.toHexString(versionBits))) + \") indicate unrecognized version; only 0x0 handled by parser\"));\n    }\n    if ((ch \u0026 (SmileConstants.HEADER_BIT_HAS_SHARED_NAMES)) \u003d\u003d 0) {\n        _seenNames \u003d null;\n        _seenNameCount \u003d -1;\n    }\n    if ((ch \u0026 (SmileConstants.HEADER_BIT_HAS_SHARED_STRING_VALUES)) !\u003d 0) {\n        _seenStringValues \u003d com.fasterxml.jackson.dataformat.smile.SmileParser.NO_STRINGS;\n        _seenStringValueCount \u003d 0;\n    }\n    _mayContainRawBinary \u003d (ch \u0026 (SmileConstants.HEADER_BIT_HAS_RAW_BINARY)) !\u003d 0;\n    return true;\n}",
                "dst_parent": "null"
              },
              "line": 284,
              "file": "/home/khesoem/projects/lighter/exp/smile/src/main/java/com/fasterxml/jackson/dataformat/smile/SmileParser.java",
              "stats": {
                "number_of_src_entities": 39,
                "number_of_dst_entities": -1,
                "src_entity_types": "[int, boolean, com.fasterxml.jackson.core.base.ParserBase, com.fasterxml.jackson.dataformat.smile.SmileParser]",
                "dst_entity_types": "[]"
              }
            }
          ]
        }
      ]
    },
    {
      "revision": "7bdbc238affb493d950c3b4e0b58bfba8bee2fdc",
      "repairability": [
        {
          "tool-name": "Arja",
          "pattern-name": "Arja:arja_shallow_change",
          "Unified_Diff_of-files:": "Starts Below...",
          "CHANGE_old:": "        int ch \u003d _inputBuffer[_inputPtr++];",
          "CHANGE_new:": "",
          "INSERT:": "",
          "instance_detail": [
            {
              "pattern_action": "ANY",
              "pattern_entity": {
                "entity_type": "Statement",
                "entity_new value": "*",
                "entity_role": "*",
                "entity_parent": "null"
              },
              "concrete_change": {
                "operator": "INS",
                "src_type": "UnaryOperator",
                "dst_type": "null",
                "src": "!(com.fasterxml.jackson.dataformat.smile.SmileGenerator.Feature.CHECK_SHARED_NAMES.enabledIn(smileFeatures))",
                "dst": "null",
                "src_parent_type": "If",
                "dst_parent_type": "null",
                "src_parent": "if (!(com.fasterxml.jackson.dataformat.smile.SmileGenerator.Feature.CHECK_SHARED_NAMES.enabledIn(smileFeatures))) {\n    _seenNames \u003d null;\n    _seenNameCount \u003d -1;\n} else {\n    _seenNames \u003d _smileBufferRecycler.allocSeenNamesBuffer();\n    if ((_seenNames) \u003d\u003d null) {\n        _seenNames \u003d new com.fasterxml.jackson.dataformat.smile.SmileGenerator.SharedStringNode[SmileBufferRecycler.DEFAULT_NAME_BUFFER_LENGTH];\n    }\n    _seenNameCount \u003d 0;\n}",
                "dst_parent": "null"
              },
              "line": 285,
              "file": "/home/khesoem/projects/lighter/exp/smile/src/main/java/com/fasterxml/jackson/dataformat/smile/SmileGenerator.java",
              "stats": {
                "number_of_src_entities": 24,
                "number_of_dst_entities": -1,
                "src_entity_types": "[int, boolean, com.fasterxml.jackson.dataformat.smile.SmileGenerator.Feature, com.fasterxml.jackson.dataformat.smile.SmileGenerator]",
                "dst_entity_types": "[]"
              }
            }
          ]
        },
        {
          "tool-name": "Arja",
          "pattern-name": "Arja:arja_shallow_change",
          "Unified_Diff_of-files:": "Starts Below...",
          "CHANGE_old:": "        int ch \u003d _inputBuffer[_inputPtr++];",
          "CHANGE_new:": "",
          "INSERT:": "",
          "instance_detail": [
            {
              "pattern_action": "ANY",
              "pattern_entity": {
                "entity_type": "Statement",
                "entity_new value": "*",
                "entity_role": "*",
                "entity_parent": "null"
              },
              "concrete_change": {
                "operator": "INS",
                "src_type": "UnaryOperator",
                "dst_type": "null",
                "src": "!(com.fasterxml.jackson.dataformat.smile.SmileGenerator.Feature.CHECK_SHARED_STRING_VALUES.enabledIn(smileFeatures))",
                "dst": "null",
                "src_parent_type": "If",
                "dst_parent_type": "null",
                "src_parent": "if (!(com.fasterxml.jackson.dataformat.smile.SmileGenerator.Feature.CHECK_SHARED_STRING_VALUES.enabledIn(smileFeatures))) {\n    _seenStringValues \u003d null;\n    _seenStringValueCount \u003d -1;\n} else {\n    _seenStringValues \u003d _smileBufferRecycler.allocSeenStringValuesBuffer();\n    if ((_seenStringValues) \u003d\u003d null) {\n        _seenStringValues \u003d new com.fasterxml.jackson.dataformat.smile.SmileGenerator.SharedStringNode[SmileBufferRecycler.DEFAULT_STRING_VALUE_BUFFER_LENGTH];\n    }\n    _seenStringValueCount \u003d 0;\n}",
                "dst_parent": "null"
              },
              "line": 296,
              "file": "/home/khesoem/projects/lighter/exp/smile/src/main/java/com/fasterxml/jackson/dataformat/smile/SmileGenerator.java",
              "stats": {
                "number_of_src_entities": 24,
                "number_of_dst_entities": -1,
                "src_entity_types": "[int, boolean, com.fasterxml.jackson.dataformat.smile.SmileGenerator.Feature, com.fasterxml.jackson.dataformat.smile.SmileGenerator]",
                "dst_entity_types": "[]"
              }
            }
          ]
        },
        {
          "tool-name": "Arja",
          "pattern-name": "Arja:arja_shallow_change",
          "Unified_Diff_of-files:": "Starts Below...",
          "CHANGE_old:": "        int ch \u003d _inputBuffer[_inputPtr++];",
          "CHANGE_new:": "",
          "INSERT:": "",
          "instance_detail": [
            {
              "pattern_action": "ANY",
              "pattern_entity": {
                "entity_type": "Statement",
                "entity_new value": "*",
                "entity_role": "*",
                "entity_parent": "null"
              },
              "concrete_change": {
                "operator": "INS",
                "src_type": "UnaryOperator",
                "dst_type": "null",
                "src": "!(com.fasterxml.jackson.dataformat.smile.SmileGenerator.Feature.CHECK_SHARED_NAMES.enabledIn(smileFeatures))",
                "dst": "null",
                "src_parent_type": "If",
                "dst_parent_type": "null",
                "src_parent": "if (!(com.fasterxml.jackson.dataformat.smile.SmileGenerator.Feature.CHECK_SHARED_NAMES.enabledIn(smileFeatures))) {\n    _seenNames \u003d null;\n    _seenNameCount \u003d -1;\n} else {\n    _seenNames \u003d _smileBufferRecycler.allocSeenNamesBuffer();\n    if ((_seenNames) \u003d\u003d null) {\n        _seenNames \u003d new com.fasterxml.jackson.dataformat.smile.SmileGenerator.SharedStringNode[SmileBufferRecycler.DEFAULT_NAME_BUFFER_LENGTH];\n    }\n    _seenNameCount \u003d 0;\n}",
                "dst_parent": "null"
              },
              "line": 327,
              "file": "/home/khesoem/projects/lighter/exp/smile/src/main/java/com/fasterxml/jackson/dataformat/smile/SmileGenerator.java",
              "stats": {
                "number_of_src_entities": 24,
                "number_of_dst_entities": -1,
                "src_entity_types": "[int, boolean, com.fasterxml.jackson.dataformat.smile.SmileGenerator.Feature, com.fasterxml.jackson.dataformat.smile.SmileGenerator]",
                "dst_entity_types": "[]"
              }
            }
          ]
        },
        {
          "tool-name": "Arja",
          "pattern-name": "Arja:arja_shallow_change",
          "Unified_Diff_of-files:": "Starts Below...",
          "CHANGE_old:": "        int ch \u003d _inputBuffer[_inputPtr++];",
          "CHANGE_new:": "",
          "INSERT:": "",
          "instance_detail": [
            {
              "pattern_action": "ANY",
              "pattern_entity": {
                "entity_type": "Statement",
                "entity_new value": "*",
                "entity_role": "*",
                "entity_parent": "null"
              },
              "concrete_change": {
                "operator": "INS",
                "src_type": "UnaryOperator",
                "dst_type": "null",
                "src": "!(com.fasterxml.jackson.dataformat.smile.SmileGenerator.Feature.CHECK_SHARED_STRING_VALUES.enabledIn(smileFeatures))",
                "dst": "null",
                "src_parent_type": "If",
                "dst_parent_type": "null",
                "src_parent": "if (!(com.fasterxml.jackson.dataformat.smile.SmileGenerator.Feature.CHECK_SHARED_STRING_VALUES.enabledIn(smileFeatures))) {\n    _seenStringValues \u003d null;\n    _seenStringValueCount \u003d -1;\n} else {\n    _seenStringValues \u003d _smileBufferRecycler.allocSeenStringValuesBuffer();\n    if ((_seenStringValues) \u003d\u003d null) {\n        _seenStringValues \u003d new com.fasterxml.jackson.dataformat.smile.SmileGenerator.SharedStringNode[SmileBufferRecycler.DEFAULT_STRING_VALUE_BUFFER_LENGTH];\n    }\n    _seenStringValueCount \u003d 0;\n}",
                "dst_parent": "null"
              },
              "line": 338,
              "file": "/home/khesoem/projects/lighter/exp/smile/src/main/java/com/fasterxml/jackson/dataformat/smile/SmileGenerator.java",
              "stats": {
                "number_of_src_entities": 24,
                "number_of_dst_entities": -1,
                "src_entity_types": "[int, boolean, com.fasterxml.jackson.dataformat.smile.SmileGenerator.Feature, com.fasterxml.jackson.dataformat.smile.SmileGenerator]",
                "dst_entity_types": "[]"
              }
            }
          ]
        },
        {
          "tool-name": "Arja",
          "pattern-name": "Arja:arja_shallow_change",
          "Unified_Diff_of-files:": "Starts Below...",
          "CHANGE_old:": "        int ch \u003d _inputBuffer[_inputPtr++];",
          "CHANGE_new:": "",
          "INSERT:": "",
          "instance_detail": [
            {
              "pattern_action": "ANY",
              "pattern_entity": {
                "entity_type": "Statement",
                "entity_new value": "*",
                "entity_role": "*",
                "entity_parent": "null"
              },
              "concrete_change": {
                "operator": "UPD",
                "src_type": "Invocation",
                "dst_type": "Invocation",
                "src": "(com.fasterxml.jackson.dataformat.smile.SmileGenerator.Feature.CHECK_SHARED_NAMES.getMask())",
                "dst": "(com.fasterxml.jackson.dataformat.smile.SmileGenerator.Feature.CHECK_SHARED_NAMES.enabledIn(smileFeatures))",
                "src_parent_type": "BinaryOperator",
                "dst_parent_type": "UnaryOperator",
                "src_parent": "(smileFeatures \u0026 (com.fasterxml.jackson.dataformat.smile.SmileGenerator.Feature.CHECK_SHARED_NAMES.getMask()))",
                "dst_parent": "!(com.fasterxml.jackson.dataformat.smile.SmileGenerator.Feature.CHECK_SHARED_NAMES.enabledIn(smileFeatures))"
              },
              "line": 284,
              "file": "/home/khesoem/projects/lighter/exp/smile/src/main/java/com/fasterxml/jackson/dataformat/smile/SmileGenerator.java",
              "stats": {
                "number_of_src_entities": 18,
                "number_of_dst_entities": 22,
                "src_entity_types": "[com.fasterxml.jackson.dataformat.smile.SmileGenerator.Feature, com.fasterxml.jackson.dataformat.smile.SmileGenerator]",
                "dst_entity_types": "[int, com.fasterxml.jackson.dataformat.smile.SmileGenerator.Feature, com.fasterxml.jackson.dataformat.smile.SmileGenerator]"
              }
            }
          ]
        },
        {
          "tool-name": "Arja",
          "pattern-name": "Arja:arja_shallow_change",
          "Unified_Diff_of-files:": "Starts Below...",
          "CHANGE_old:": "        int ch \u003d _inputBuffer[_inputPtr++];",
          "CHANGE_new:": "",
          "INSERT:": "",
          "instance_detail": [
            {
              "pattern_action": "ANY",
              "pattern_entity": {
                "entity_type": "Statement",
                "entity_new value": "*",
                "entity_role": "*",
                "entity_parent": "null"
              },
              "concrete_change": {
                "operator": "UPD",
                "src_type": "Invocation",
                "dst_type": "Invocation",
                "src": "(com.fasterxml.jackson.dataformat.smile.SmileGenerator.Feature.CHECK_SHARED_STRING_VALUES.getMask())",
                "dst": "(com.fasterxml.jackson.dataformat.smile.SmileGenerator.Feature.CHECK_SHARED_STRING_VALUES.enabledIn(smileFeatures))",
                "src_parent_type": "BinaryOperator",
                "dst_parent_type": "UnaryOperator",
                "src_parent": "(smileFeatures \u0026 (com.fasterxml.jackson.dataformat.smile.SmileGenerator.Feature.CHECK_SHARED_STRING_VALUES.getMask()))",
                "dst_parent": "!(com.fasterxml.jackson.dataformat.smile.SmileGenerator.Feature.CHECK_SHARED_STRING_VALUES.enabledIn(smileFeatures))"
              },
              "line": 295,
              "file": "/home/khesoem/projects/lighter/exp/smile/src/main/java/com/fasterxml/jackson/dataformat/smile/SmileGenerator.java",
              "stats": {
                "number_of_src_entities": 18,
                "number_of_dst_entities": 22,
                "src_entity_types": "[com.fasterxml.jackson.dataformat.smile.SmileGenerator.Feature, com.fasterxml.jackson.dataformat.smile.SmileGenerator]",
                "dst_entity_types": "[int, com.fasterxml.jackson.dataformat.smile.SmileGenerator.Feature, com.fasterxml.jackson.dataformat.smile.SmileGenerator]"
              }
            }
          ]
        },
        {
          "tool-name": "Arja",
          "pattern-name": "Arja:arja_shallow_change",
          "Unified_Diff_of-files:": "Starts Below...",
          "CHANGE_old:": "        int ch \u003d _inputBuffer[_inputPtr++];",
          "CHANGE_new:": "",
          "INSERT:": "",
          "instance_detail": [
            {
              "pattern_action": "ANY",
              "pattern_entity": {
                "entity_type": "Statement",
                "entity_new value": "*",
                "entity_role": "*",
                "entity_parent": "null"
              },
              "concrete_change": {
                "operator": "UPD",
                "src_type": "Invocation",
                "dst_type": "Invocation",
                "src": "(com.fasterxml.jackson.dataformat.smile.SmileGenerator.Feature.CHECK_SHARED_NAMES.getMask())",
                "dst": "(com.fasterxml.jackson.dataformat.smile.SmileGenerator.Feature.CHECK_SHARED_NAMES.enabledIn(smileFeatures))",
                "src_parent_type": "BinaryOperator",
                "dst_parent_type": "UnaryOperator",
                "src_parent": "(smileFeatures \u0026 (com.fasterxml.jackson.dataformat.smile.SmileGenerator.Feature.CHECK_SHARED_NAMES.getMask()))",
                "dst_parent": "!(com.fasterxml.jackson.dataformat.smile.SmileGenerator.Feature.CHECK_SHARED_NAMES.enabledIn(smileFeatures))"
              },
              "line": 324,
              "file": "/home/khesoem/projects/lighter/exp/smile/src/main/java/com/fasterxml/jackson/dataformat/smile/SmileGenerator.java",
              "stats": {
                "number_of_src_entities": 18,
                "number_of_dst_entities": 22,
                "src_entity_types": "[com.fasterxml.jackson.dataformat.smile.SmileGenerator.Feature, com.fasterxml.jackson.dataformat.smile.SmileGenerator]",
                "dst_entity_types": "[int, com.fasterxml.jackson.dataformat.smile.SmileGenerator.Feature, com.fasterxml.jackson.dataformat.smile.SmileGenerator]"
              }
            }
          ]
        },
        {
          "tool-name": "Arja",
          "pattern-name": "Arja:arja_shallow_change",
          "Unified_Diff_of-files:": "Starts Below...",
          "CHANGE_old:": "        int ch \u003d _inputBuffer[_inputPtr++];",
          "CHANGE_new:": "",
          "INSERT:": "",
          "instance_detail": [
            {
              "pattern_action": "ANY",
              "pattern_entity": {
                "entity_type": "Statement",
                "entity_new value": "*",
                "entity_role": "*",
                "entity_parent": "null"
              },
              "concrete_change": {
                "operator": "UPD",
                "src_type": "Invocation",
                "dst_type": "Invocation",
                "src": "(com.fasterxml.jackson.dataformat.smile.SmileGenerator.Feature.CHECK_SHARED_STRING_VALUES.getMask())",
                "dst": "(com.fasterxml.jackson.dataformat.smile.SmileGenerator.Feature.CHECK_SHARED_STRING_VALUES.enabledIn(smileFeatures))",
                "src_parent_type": "BinaryOperator",
                "dst_parent_type": "UnaryOperator",
                "src_parent": "(smileFeatures \u0026 (com.fasterxml.jackson.dataformat.smile.SmileGenerator.Feature.CHECK_SHARED_STRING_VALUES.getMask()))",
                "dst_parent": "!(com.fasterxml.jackson.dataformat.smile.SmileGenerator.Feature.CHECK_SHARED_STRING_VALUES.enabledIn(smileFeatures))"
              },
              "line": 335,
              "file": "/home/khesoem/projects/lighter/exp/smile/src/main/java/com/fasterxml/jackson/dataformat/smile/SmileGenerator.java",
              "stats": {
                "number_of_src_entities": 18,
                "number_of_dst_entities": 22,
                "src_entity_types": "[com.fasterxml.jackson.dataformat.smile.SmileGenerator.Feature, com.fasterxml.jackson.dataformat.smile.SmileGenerator]",
                "dst_entity_types": "[int, com.fasterxml.jackson.dataformat.smile.SmileGenerator.Feature, com.fasterxml.jackson.dataformat.smile.SmileGenerator]"
              }
            }
          ]
        }
      ]
    }
  ],
  "complete_analysis": true
}