{
  "instances": [
    {
      "revision": "0ba72f008f06383358877f4fe1c6bded33293769",
      "repairability": [
        {
          "tool-name": "Cardumen",
          "pattern-name": "Cardumen:expression_replacement_by_upd",
          "Unified_Diff_of-files:": "Starts Below...",
          "CHANGE_old:": "      final String result \u003d curatorFramework.create().creatingParentsIfNeeded().withMode(CreateMode.PERSISTENT_SEQUENTIAL).forPath(path);",
          "CHANGE_new:": "      final String result \u003d curatorFramework.create().creatingParentsIfNeeded().withMode(CreateMode.PERSISTENT_SEQUENTIAL).forPath(path, new byte[] {});",
          "DELETE:": "    });",
          "INSERT:": "  }",
          "instance_detail": [
            {
              "pattern_action": "UPD",
              "pattern_entity": {
                "entity_type": "Expression",
                "entity_new value": "*",
                "entity_role": "*",
                "entity_parent": "null"
              },
              "concrete_change": {
                "operator": "UPD",
                "src_type": "TypeAccess",
                "dst_type": "TypeAccess",
                "src": "com.hubspot.baragon.data.AbstractDataStore.3",
                "dst": "com.hubspot.baragon.data.AbstractDataStore",
                "src_parent_type": "ThisAccess",
                "dst_parent_type": "ThisAccess",
                "src_parent": "",
                "dst_parent": ""
              },
              "stats": {
                "number_of_src_entities": 4,
                "number_of_dst_entities": 3,
                "src_entity_types": "[com.hubspot.baragon.data.AbstractDataStore.3, com.hubspot.baragon.data.AbstractDataStore]",
                "dst_entity_types": "[com.hubspot.baragon.data.AbstractDataStore]"
              }
            }
          ]
        },
        {
          "tool-name": "Cardumen",
          "pattern-name": "Cardumen:expression_replacement_by_upd",
          "Unified_Diff_of-files:": "Starts Below...",
          "CHANGE_old:": "      final String result \u003d curatorFramework.create().creatingParentsIfNeeded().withMode(CreateMode.PERSISTENT_SEQUENTIAL).forPath(path);",
          "CHANGE_new:": "      final String result \u003d curatorFramework.create().creatingParentsIfNeeded().withMode(CreateMode.PERSISTENT_SEQUENTIAL).forPath(path, new byte[] {});",
          "DELETE:": "    });",
          "INSERT:": "  }",
          "instance_detail": [
            {
              "pattern_action": "UPD",
              "pattern_entity": {
                "entity_type": "Expression",
                "entity_new value": "*",
                "entity_role": "*",
                "entity_parent": "null"
              },
              "concrete_change": {
                "operator": "UPD",
                "src_type": "TypeAccess",
                "dst_type": "TypeAccess",
                "src": "com.hubspot.baragon.data.AbstractDataStore.3",
                "dst": "com.hubspot.baragon.data.AbstractDataStore",
                "src_parent_type": "ThisAccess",
                "dst_parent_type": "ThisAccess",
                "src_parent": "",
                "dst_parent": ""
              },
              "stats": {
                "number_of_src_entities": 4,
                "number_of_dst_entities": 3,
                "src_entity_types": "[com.hubspot.baragon.data.AbstractDataStore.3, com.hubspot.baragon.data.AbstractDataStore]",
                "dst_entity_types": "[com.hubspot.baragon.data.AbstractDataStore]"
              }
            }
          ]
        }
      ]
    }
  ],
  "complete_analysis": true
}