{
  "instances": [
    {
      "revision": "6b7baf4ccabba29cc119758d101ffb17ab77eaba",
      "repairability": [
        {
          "tool-name": "Elixir",
          "pattern-name": "Elixir:update_invocation",
          "Unified_Diff_of-files:": "Starts Below...",
          "INSERT:": "}",
          "instance_detail": [
            {
              "pattern_action": "UPD",
              "pattern_entity": {
                "entity_type": "AbstractInvocation",
                "entity_new value": "*",
                "entity_role": "*",
                "entity_parent": "null"
              },
              "concrete_change": {
                "operator": "UPD",
                "src_type": "Invocation",
                "dst_type": "Invocation",
                "src": "(intersectsWith(other))",
                "dst": "(intersectsWithOrTouches(other))",
                "src_parent_type": "UnaryOperator",
                "dst_parent_type": "UnaryOperator",
                "src_parent": "!(intersectsWith(other))",
                "dst_parent": "!(intersectsWithOrTouches(other))"
              },
              "line": 234,
              "file": "/home/khesoem/projects/lighter/exp/src/main/java/com/milaboratory/core/Range.java",
              "stats": {
                "number_of_src_entities": 17,
                "number_of_dst_entities": 17,
                "src_entity_types": "[com.milaboratory.core.Range]",
                "dst_entity_types": "[com.milaboratory.core.Range]"
              }
            }
          ]
        }
      ]
    }
  ],
  "complete_analysis": true
}