{
  "instances": [
    {
      "revision": "6ba456af311ae5c653528e1d54d1eda6bb36d85c",
      "repairability": [
        {
          "tool-name": "JKali",
          "pattern-name": "JKali:add_rtrn",
          "Unified_Diff_of-files:": "Starts Below...",
          "DELETE:": "    }",
          "INSERT:": "                    }",
          "instance_detail": [
            {
              "pattern_action": "INS",
              "pattern_entity": {
                "entity_type": "Return",
                "entity_new value": "*",
                "entity_role": "Statement",
                "entity_parent": "null"
              },
              "concrete_change": {
                "operator": "INS",
                "src_type": "Return",
                "dst_type": "null",
                "src": "return ret",
                "dst": "null",
                "src_parent_type": "Block",
                "dst_parent_type": "null",
                "src_parent": "{\n    java.util.Set\u003cjava.lang.String\u003e ret \u003d new java.util.HashSet\u003cjava.lang.String\u003e();\n    java.util.List\u003cjava.lang.String\u003e props \u003d getProperty(descriptor);\n    for (java.lang.String value : props) {\n        ret.add(value.trim());\n    }\n    return ret;\n}",
                "dst_parent": "null"
              },
              "line": 122,
              "file": "/home/khesoem/projects/lighter/exp/src/main/java/com/gdssecurity/pmd/rules/BaseSecurityRule.java"
            }
          ]
        }
      ]
    },
    {
      "revision": "6ba456af311ae5c653528e1d54d1eda6bb36d85c",
      "repairability": [
        {
          "tool-name": "JKali",
          "pattern-name": "JKali:del",
          "Unified_Diff_of-files:": "Starts Below...",
          "DELETE:": "    }",
          "INSERT:": "                    }",
          "instance_detail": [
            {
              "pattern_action": "DEL",
              "pattern_entity": {
                "entity_type": "*",
                "entity_new value": "*",
                "entity_role": "Statement",
                "entity_parent": "null"
              },
              "concrete_change": {
                "operator": "DEL",
                "src_type": "LocalVariable",
                "dst_type": "null",
                "src": "java.util.Set\u003cjava.lang.String\u003e ret \u003d new java.util.HashSet\u003cjava.lang.String\u003e()",
                "dst": "null",
                "src_parent_type": "Block",
                "dst_parent_type": "null",
                "src_parent": "{\n    java.util.Set\u003cjava.lang.String\u003e ret \u003d new java.util.HashSet\u003cjava.lang.String\u003e();\n    java.util.List\u003cjava.lang.String\u003e props \u003d getProperty(descriptor);\n    for (java.lang.String value : props) {\n        ret.add(value.trim());\n    }\n    return ret;\n}",
                "dst_parent": "null"
              },
              "line": 162,
              "file": "/home/khesoem/projects/lighter/exp/src/main/java/com/gdssecurity/pmd/rules/dfa/DfaSecurityRule.java"
            }
          ]
        },
        {
          "tool-name": "JKali",
          "pattern-name": "JKali:del",
          "Unified_Diff_of-files:": "Starts Below...",
          "DELETE:": "    }",
          "INSERT:": "                    }",
          "instance_detail": [
            {
              "pattern_action": "DEL",
              "pattern_entity": {
                "entity_type": "*",
                "entity_new value": "*",
                "entity_role": "Statement",
                "entity_parent": "null"
              },
              "concrete_change": {
                "operator": "DEL",
                "src_type": "LocalVariable",
                "dst_type": "null",
                "src": "java.util.List\u003cjava.lang.String\u003e props \u003d getProperty(descriptor)",
                "dst": "null",
                "src_parent_type": "Block",
                "dst_parent_type": "null",
                "src_parent": "{\n    java.util.Set\u003cjava.lang.String\u003e ret \u003d new java.util.HashSet\u003cjava.lang.String\u003e();\n    java.util.List\u003cjava.lang.String\u003e props \u003d getProperty(descriptor);\n    for (java.lang.String value : props) {\n        ret.add(value.trim());\n    }\n    return ret;\n}",
                "dst_parent": "null"
              },
              "line": 163,
              "file": "/home/khesoem/projects/lighter/exp/src/main/java/com/gdssecurity/pmd/rules/dfa/DfaSecurityRule.java"
            }
          ]
        },
        {
          "tool-name": "JKali",
          "pattern-name": "JKali:del",
          "Unified_Diff_of-files:": "Starts Below...",
          "DELETE:": "    }",
          "INSERT:": "                    }",
          "instance_detail": [
            {
              "pattern_action": "DEL",
              "pattern_entity": {
                "entity_type": "*",
                "entity_new value": "*",
                "entity_role": "Statement",
                "entity_parent": "null"
              },
              "concrete_change": {
                "operator": "DEL",
                "src_type": "Invocation",
                "dst_type": "null",
                "src": "ret.add(value.trim())",
                "dst": "null",
                "src_parent_type": "Block",
                "dst_parent_type": "null",
                "src_parent": "{\n    ret.add(value.trim());\n}",
                "dst_parent": "null"
              },
              "line": 165,
              "file": "/home/khesoem/projects/lighter/exp/src/main/java/com/gdssecurity/pmd/rules/dfa/DfaSecurityRule.java"
            }
          ]
        },
        {
          "tool-name": "JKali",
          "pattern-name": "JKali:del",
          "Unified_Diff_of-files:": "Starts Below...",
          "DELETE:": "    }",
          "INSERT:": "                    }",
          "instance_detail": [
            {
              "pattern_action": "DEL",
              "pattern_entity": {
                "entity_type": "*",
                "entity_new value": "*",
                "entity_role": "Statement",
                "entity_parent": "null"
              },
              "concrete_change": {
                "operator": "DEL",
                "src_type": "ForEach",
                "dst_type": "null",
                "src": "for (java.lang.String value : props) {\n    ret.add(value.trim());\n}",
                "dst": "null",
                "src_parent_type": "Block",
                "dst_parent_type": "null",
                "src_parent": "{\n    java.util.Set\u003cjava.lang.String\u003e ret \u003d new java.util.HashSet\u003cjava.lang.String\u003e();\n    java.util.List\u003cjava.lang.String\u003e props \u003d getProperty(descriptor);\n    for (java.lang.String value : props) {\n        ret.add(value.trim());\n    }\n    return ret;\n}",
                "dst_parent": "null"
              },
              "line": 164,
              "file": "/home/khesoem/projects/lighter/exp/src/main/java/com/gdssecurity/pmd/rules/dfa/DfaSecurityRule.java"
            }
          ]
        },
        {
          "tool-name": "JKali",
          "pattern-name": "JKali:del",
          "Unified_Diff_of-files:": "Starts Below...",
          "DELETE:": "    }",
          "INSERT:": "                    }",
          "instance_detail": [
            {
              "pattern_action": "DEL",
              "pattern_entity": {
                "entity_type": "*",
                "entity_new value": "*",
                "entity_role": "Statement",
                "entity_parent": "null"
              },
              "concrete_change": {
                "operator": "DEL",
                "src_type": "Return",
                "dst_type": "null",
                "src": "return ret",
                "dst": "null",
                "src_parent_type": "Block",
                "dst_parent_type": "null",
                "src_parent": "{\n    java.util.Set\u003cjava.lang.String\u003e ret \u003d new java.util.HashSet\u003cjava.lang.String\u003e();\n    java.util.List\u003cjava.lang.String\u003e props \u003d getProperty(descriptor);\n    for (java.lang.String value : props) {\n        ret.add(value.trim());\n    }\n    return ret;\n}",
                "dst_parent": "null"
              },
              "line": 168,
              "file": "/home/khesoem/projects/lighter/exp/src/main/java/com/gdssecurity/pmd/rules/dfa/DfaSecurityRule.java"
            }
          ]
        }
      ]
    }
  ],
  "complete_analysis": true
}