{
  "instances": [
    {
      "revision": "ae2732237855f9ad37eb4fab2bdd832a59ec5bf4",
      "repairability": [
        {
          "tool-name": "Nopol",
          "pattern-name": "Nopol:if_condition_upd_deep",
          "Unified_Diff_of-files:": "Starts Below...",
          "DELETE:": "import org.joo.libra.sql.node.OrExpressionNode;\r",
          "CHANGE_old:": "",
          "CHANGE_new:": "        return rightNode;\r",
          "INSERT:": "        return rightNode;\r",
          "instance_detail": [
            {
              "pattern_action": "ANY",
              "pattern_entity": {
                "entity_type": "*",
                "entity_new value": "*",
                "entity_role": "*",
                "entity_parent": {
                  "entity_type": "*",
                  "entity_new value": "*",
                  "entity_role": "condition",
                  "entity_parent": {
                    "entity_type": "If",
                    "entity_new value": "*",
                    "entity_role": "*",
                    "entity_parent": "null"
                  }
                }
              },
              "concrete_change": {
                "operator": "DEL",
                "src_type": "VariableRead",
                "dst_type": "null",
                "src": "node",
                "dst": "null",
                "src_parent_type": "BinaryOperator",
                "dst_parent_type": "null",
                "src_parent": "(node instanceof org.joo.libra.sql.node.OrExpressionNode)",
                "dst_parent": "null"
              },
              "line": 112,
              "file": "/home/khesoem/projects/lighter/exp/src/main/java/org/joo/libra/sql/optimizers/ConstantFoldingOptimizer.java"
            }
          ]
        }
      ]
    }
  ],
  "complete_analysis": true
}