{
  "instances": [
    {
      "revision": "cc6855ccab05ce99937a8d913804e897802d483c",
      "repairability": [
        {
          "tool-name": "JKali",
          "pattern-name": "JKali:del",
          "Unified_Diff_of-files:": "Starts Below...",
          "CHANGE_old:": "    releaseAPI.rollback(env, releaseId, userInfoHolder.getUser().getUserId());",
          "CHANGE_new:": "    releaseAPI.rollback(env, releaseId, operator);",
          "instance_detail": [
            {
              "pattern_action": "DEL",
              "pattern_entity": {
                "entity_type": "*",
                "entity_new value": "*",
                "entity_role": "Statement",
                "entity_parent": "null"
              },
              "concrete_change": {
                "operator": "DEL",
                "src_type": "Invocation",
                "dst_type": "null",
                "src": "checkNotEmpty(clusterName, \"Cluster name\")",
                "dst": "null",
                "src_parent_type": "Block",
                "dst_parent_type": "null",
                "src_parent": "{\n    checkNotEmpty(appId, \"App id\");\n    checkNotEmpty(env, \"Env\");\n    checkNotEmpty(clusterName, \"Cluster name\");\n    java.lang.String path \u003d java.lang.String.format(\"envs/%s/apps/%s/clusters/%s\", escapePath(env), escapePath(appId), escapePath(clusterName));\n    try (org.apache.http.client.methods.CloseableHttpResponse response \u003d get(path)) {\n        return gson.fromJson(org.apache.http.util.EntityUtils.toString(response.getEntity()), com.ctrip.framework.apollo.openapi.dto.OpenClusterDTO.class);\n    } catch (java.lang.Throwable ex) {\n        throw new java.lang.RuntimeException(java.lang.String.format(\"Get cluster for appId: %s, cluster: %s in env: %s failed\", appId, clusterName, env), ex);\n    }\n}",
                "dst_parent": "null"
              },
              "line": 18,
              "file": "/home/khesoem/projects/lighter/exp/apollo-openapi/src/main/java/com/ctrip/framework/apollo/openapi/client/service/ClusterOpenApiService.java",
              "stats": {
                "number_of_src_entities": 19,
                "number_of_dst_entities": -1,
                "src_entity_types": "[java.lang.String, com.ctrip.framework.apollo.openapi.client.service.ClusterOpenApiService]",
                "dst_entity_types": "[]"
              }
            }
          ]
        }
      ]
    }
  ],
  "complete_analysis": true
}