{
  "instances": [
    {
      "revision": "17236f1e2c18f5205879efbab6aa090137e02b99",
      "repairability": [
        {
          "tool-name": "JKali",
          "pattern-name": "JKali:add_rtrn",
          "Unified_Diff_of-files:": "Starts Below...",
          "INSERT:": "}",
          "CHANGE_old:": "    m_configProperties \u003d newConfigProperties;",
          "CHANGE_new:": "    updateConfig(newConfigProperties, m_configRepository.getSourceType());",
          "instance_detail": [
            {
              "pattern_action": "INS",
              "pattern_entity": {
                "entity_type": "Return",
                "entity_new value": "*",
                "entity_role": "Statement",
                "entity_parent": "null"
              },
              "concrete_change": {
                "operator": "INS",
                "src_type": "Return",
                "dst_type": "null",
                "src": "return m_listeners.remove(listener)",
                "dst": "null",
                "src_parent_type": "Block",
                "dst_parent_type": "null",
                "src_parent": "{\n    return m_listeners.remove(listener);\n}",
                "dst_parent": "null"
              },
              "line": 108,
              "file": "/home/khesoem/projects/lighter/exp/apollo-client/src/main/java/com/ctrip/framework/apollo/internals/AbstractConfigFile.java"
            }
          ]
        },
        {
          "tool-name": "JKali",
          "pattern-name": "JKali:add_rtrn",
          "Unified_Diff_of-files:": "Starts Below...",
          "INSERT:": "}",
          "CHANGE_old:": "    m_configProperties \u003d newConfigProperties;",
          "CHANGE_new:": "    updateConfig(newConfigProperties, m_configRepository.getSourceType());",
          "instance_detail": [
            {
              "pattern_action": "INS",
              "pattern_entity": {
                "entity_type": "Return",
                "entity_new value": "*",
                "entity_role": "Statement",
                "entity_parent": "null"
              },
              "concrete_change": {
                "operator": "INS",
                "src_type": "Return",
                "dst_type": "null",
                "src": "return m_sourceType",
                "dst": "null",
                "src_parent_type": "Block",
                "dst_parent_type": "null",
                "src_parent": "{\n    return m_sourceType;\n}",
                "dst_parent": "null"
              },
              "line": 113,
              "file": "/home/khesoem/projects/lighter/exp/apollo-client/src/main/java/com/ctrip/framework/apollo/internals/AbstractConfigFile.java"
            }
          ]
        }
      ]
    },
    {
      "revision": "17236f1e2c18f5205879efbab6aa090137e02b99",
      "repairability": [
        {
          "tool-name": "JKali",
          "pattern-name": "JKali:del",
          "Unified_Diff_of-files:": "Starts Below...",
          "INSERT:": "}",
          "CHANGE_old:": "    m_configProperties \u003d newConfigProperties;",
          "CHANGE_new:": "    updateConfig(newConfigProperties, m_configRepository.getSourceType());",
          "instance_detail": [
            {
              "pattern_action": "DEL",
              "pattern_entity": {
                "entity_type": "*",
                "entity_new value": "*",
                "entity_role": "Statement",
                "entity_parent": "null"
              },
              "concrete_change": {
                "operator": "DEL",
                "src_type": "LocalVariable",
                "dst_type": "null",
                "src": "java.util.Properties properties \u003d m_upstream.getConfig()",
                "dst": "null",
                "src_parent_type": "Block",
                "dst_parent_type": "null",
                "src_parent": "{\n    java.util.Properties properties \u003d m_upstream.getConfig();\n    updateFileProperties(properties);\n    return true;\n}",
                "dst_parent": "null"
              },
              "line": 153,
              "file": "/home/khesoem/projects/lighter/exp/apollo-client/src/main/java/com/ctrip/framework/apollo/internals/LocalFileConfigRepository.java",
              "stats": {
                "number_of_src_entities": 21,
                "number_of_dst_entities": -1,
                "src_entity_types": "[com.ctrip.framework.apollo.internals.LocalFileConfigRepository, com.ctrip.framework.apollo.internals.ConfigRepository, java.util.Properties]",
                "dst_entity_types": "[]"
              }
            }
          ]
        },
        {
          "tool-name": "JKali",
          "pattern-name": "JKali:add_rtrn",
          "Unified_Diff_of-files:": "Starts Below...",
          "INSERT:": "}",
          "CHANGE_old:": "    m_configProperties \u003d newConfigProperties;",
          "CHANGE_new:": "    updateConfig(newConfigProperties, m_configRepository.getSourceType());",
          "instance_detail": [
            {
              "pattern_action": "INS",
              "pattern_entity": {
                "entity_type": "Return",
                "entity_new value": "*",
                "entity_role": "Statement",
                "entity_parent": "null"
              },
              "concrete_change": {
                "operator": "INS",
                "src_type": "Return",
                "dst_type": "null",
                "src": "return m_sourceType",
                "dst": "null",
                "src_parent_type": "Block",
                "dst_parent_type": "null",
                "src_parent": "{\n    return m_sourceType;\n}",
                "dst_parent": "null"
              },
              "line": 112,
              "file": "/home/khesoem/projects/lighter/exp/apollo-client/src/main/java/com/ctrip/framework/apollo/internals/LocalFileConfigRepository.java"
            }
          ]
        }
      ]
    },
    {
      "revision": "17236f1e2c18f5205879efbab6aa090137e02b99",
      "repairability": [
        {
          "tool-name": "JKali",
          "pattern-name": "JKali:add_rtrn",
          "Unified_Diff_of-files:": "Starts Below...",
          "INSERT:": "}",
          "CHANGE_old:": "    m_configProperties \u003d newConfigProperties;",
          "CHANGE_new:": "    updateConfig(newConfigProperties, m_configRepository.getSourceType());",
          "instance_detail": [
            {
              "pattern_action": "INS",
              "pattern_entity": {
                "entity_type": "Return",
                "entity_new value": "*",
                "entity_role": "Statement",
                "entity_parent": "null"
              },
              "concrete_change": {
                "operator": "INS",
                "src_type": "Return",
                "dst_type": "null",
                "src": "return com.ctrip.framework.apollo.enums.ConfigSourceType.REMOTE",
                "dst": "null",
                "src_parent_type": "Block",
                "dst_parent_type": "null",
                "src_parent": "{\n    return com.ctrip.framework.apollo.enums.ConfigSourceType.REMOTE;\n}",
                "dst_parent": "null"
              },
              "line": 112,
              "file": "/home/khesoem/projects/lighter/exp/apollo-client/src/main/java/com/ctrip/framework/apollo/internals/RemoteConfigRepository.java"
            }
          ]
        }
      ]
    },
    {
      "revision": "17236f1e2c18f5205879efbab6aa090137e02b99",
      "repairability": [
        {
          "tool-name": "JKali",
          "pattern-name": "JKali:del",
          "Unified_Diff_of-files:": "Starts Below...",
          "INSERT:": "}",
          "CHANGE_old:": "    m_configProperties \u003d newConfigProperties;",
          "CHANGE_new:": "    updateConfig(newConfigProperties, m_configRepository.getSourceType());",
          "instance_detail": [
            {
              "pattern_action": "DEL",
              "pattern_entity": {
                "entity_type": "*",
                "entity_new value": "*",
                "entity_role": "Statement",
                "entity_parent": "null"
              },
              "concrete_change": {
                "operator": "DEL",
                "src_type": "Assignment",
                "dst_type": "null",
                "src": "m_configProperties \u003d m_configRepository.getConfig()",
                "dst": "null",
                "src_parent_type": "Block",
                "dst_parent_type": "null",
                "src_parent": "{\n    m_configProperties \u003d m_configRepository.getConfig();\n}",
                "dst_parent": "null"
              },
              "line": 42,
              "file": "/home/khesoem/projects/lighter/exp/apollo-client/src/main/java/com/ctrip/framework/apollo/internals/SimpleConfig.java",
              "stats": {
                "number_of_src_entities": 33,
                "number_of_dst_entities": -1,
                "src_entity_types": "[com.ctrip.framework.apollo.internals.SimpleConfig, com.ctrip.framework.apollo.internals.ConfigRepository, java.util.Properties]",
                "dst_entity_types": "[]"
              }
            }
          ]
        },
        {
          "tool-name": "JKali",
          "pattern-name": "JKali:add_rtrn",
          "Unified_Diff_of-files:": "Starts Below...",
          "INSERT:": "}",
          "CHANGE_old:": "    m_configProperties \u003d newConfigProperties;",
          "CHANGE_new:": "    updateConfig(newConfigProperties, m_configRepository.getSourceType());",
          "instance_detail": [
            {
              "pattern_action": "INS",
              "pattern_entity": {
                "entity_type": "Return",
                "entity_new value": "*",
                "entity_role": "Statement",
                "entity_parent": "null"
              },
              "concrete_change": {
                "operator": "INS",
                "src_type": "Return",
                "dst_type": "null",
                "src": "return m_sourceType",
                "dst": "null",
                "src_parent_type": "Block",
                "dst_parent_type": "null",
                "src_parent": "{\n    return m_sourceType;\n}",
                "dst_parent": "null"
              },
              "line": 76,
              "file": "/home/khesoem/projects/lighter/exp/apollo-client/src/main/java/com/ctrip/framework/apollo/internals/SimpleConfig.java"
            }
          ]
        }
      ]
    },
    {
      "revision": "17236f1e2c18f5205879efbab6aa090137e02b99",
      "repairability": [
        {
          "tool-name": "JKali",
          "pattern-name": "JKali:del",
          "Unified_Diff_of-files:": "Starts Below...",
          "INSERT:": "}",
          "CHANGE_old:": "    m_configProperties \u003d newConfigProperties;",
          "CHANGE_new:": "    updateConfig(newConfigProperties, m_configRepository.getSourceType());",
          "instance_detail": [
            {
              "pattern_action": "DEL",
              "pattern_entity": {
                "entity_type": "*",
                "entity_new value": "*",
                "entity_role": "Statement",
                "entity_parent": "null"
              },
              "concrete_change": {
                "operator": "DEL",
                "src_type": "Invocation",
                "dst_type": "null",
                "src": "m_configProperties.set(m_configRepository.getConfig())",
                "dst": "null",
                "src_parent_type": "Block",
                "dst_parent_type": "null",
                "src_parent": "{\n    m_configProperties.set(m_configRepository.getConfig());\n}",
                "dst_parent": "null"
              },
              "line": 55,
              "file": "/home/khesoem/projects/lighter/exp/apollo-client/src/main/java/com/ctrip/framework/apollo/internals/DefaultConfig.java",
              "stats": {
                "number_of_src_entities": 37,
                "number_of_dst_entities": -1,
                "src_entity_types": "[com.ctrip.framework.apollo.internals.DefaultConfig, com.ctrip.framework.apollo.internals.ConfigRepository, java.util.concurrent.atomic.AtomicReference]",
                "dst_entity_types": "[]"
              }
            }
          ]
        },
        {
          "tool-name": "JKali",
          "pattern-name": "JKali:add_rtrn",
          "Unified_Diff_of-files:": "Starts Below...",
          "INSERT:": "}",
          "CHANGE_old:": "    m_configProperties \u003d newConfigProperties;",
          "CHANGE_new:": "    updateConfig(newConfigProperties, m_configRepository.getSourceType());",
          "instance_detail": [
            {
              "pattern_action": "INS",
              "pattern_entity": {
                "entity_type": "Return",
                "entity_new value": "*",
                "entity_role": "Statement",
                "entity_parent": "null"
              },
              "concrete_change": {
                "operator": "INS",
                "src_type": "Return",
                "dst_type": "null",
                "src": "return m_sourceType",
                "dst": "null",
                "src_parent_type": "Block",
                "dst_parent_type": "null",
                "src_parent": "{\n    return m_sourceType;\n}",
                "dst_parent": "null"
              },
              "line": 113,
              "file": "/home/khesoem/projects/lighter/exp/apollo-client/src/main/java/com/ctrip/framework/apollo/internals/DefaultConfig.java"
            }
          ]
        }
      ]
    }
  ],
  "complete_analysis": true
}