{
  "instances": [
    {
      "revision": "49e165b47d7de14f8de4d7302ffd826a3e690665",
      "repairability": [
        {
          "tool-name": "Elixir",
          "pattern-name": "Elixir:update_invocation_deep",
          "Unified_Diff_of-files:": "Starts Below...",
          "CHANGE_old:": "                    map.put(name, objects);",
          "CHANGE_new:": "                    map.put(elementName, objects);",
          "DELETE:": "            final String elementName \u003d unescapeName(elementMapper.apply(name, namespaces));",
          "instance_detail": [
            {
              "pattern_action": "ANY",
              "pattern_entity": {
                "entity_type": "*",
                "entity_new value": "*",
                "entity_role": "*",
                "entity_parent": {
                  "entity_type": "AbstractInvocation",
                  "entity_new value": "*",
                  "entity_role": "*",
                  "entity_parent": "null"
                }
              },
              "concrete_change": {
                "operator": "UPD",
                "src_type": "VariableRead",
                "dst_type": "VariableRead",
                "src": "name",
                "dst": "elementName",
                "src_parent_type": "Invocation",
                "dst_parent_type": "Invocation",
                "src_parent": "map.containsKey(name)",
                "dst_parent": "map.containsKey(elementName)"
              },
              "line": 1201,
              "file": "/home/khesoem/projects/lighter/exp/src/main/java/com/github/underscore/lodash/Xml.java",
              "stats": {
                "number_of_src_entities": 4,
                "number_of_dst_entities": 4,
                "src_entity_types": "[java.lang.String]",
                "dst_entity_types": "[java.lang.String]"
              }
            }
          ]
        },
        {
          "tool-name": "Elixir",
          "pattern-name": "Elixir:update_invocation_deep",
          "Unified_Diff_of-files:": "Starts Below...",
          "CHANGE_old:": "                    map.put(name, objects);",
          "CHANGE_new:": "                    map.put(elementName, objects);",
          "DELETE:": "            final String elementName \u003d unescapeName(elementMapper.apply(name, namespaces));",
          "instance_detail": [
            {
              "pattern_action": "ANY",
              "pattern_entity": {
                "entity_type": "*",
                "entity_new value": "*",
                "entity_role": "*",
                "entity_parent": {
                  "entity_type": "AbstractInvocation",
                  "entity_new value": "*",
                  "entity_role": "*",
                  "entity_parent": "null"
                }
              },
              "concrete_change": {
                "operator": "UPD",
                "src_type": "VariableRead",
                "dst_type": "VariableRead",
                "src": "name",
                "dst": "elementName",
                "src_parent_type": "Invocation",
                "dst_parent_type": "Invocation",
                "src_parent": "com.github.underscore.lodash.Xml.TEXT.equals(name)",
                "dst_parent": "com.github.underscore.lodash.Xml.TEXT.equals(elementName)"
              },
              "line": 1202,
              "file": "/home/khesoem/projects/lighter/exp/src/main/java/com/github/underscore/lodash/Xml.java",
              "stats": {
                "number_of_src_entities": 4,
                "number_of_dst_entities": 4,
                "src_entity_types": "[java.lang.String]",
                "dst_entity_types": "[java.lang.String]"
              }
            }
          ]
        },
        {
          "tool-name": "Elixir",
          "pattern-name": "Elixir:update_invocation_deep",
          "Unified_Diff_of-files:": "Starts Below...",
          "CHANGE_old:": "                    map.put(name, objects);",
          "CHANGE_new:": "                    map.put(elementName, objects);",
          "DELETE:": "            final String elementName \u003d unescapeName(elementMapper.apply(name, namespaces));",
          "instance_detail": [
            {
              "pattern_action": "ANY",
              "pattern_entity": {
                "entity_type": "*",
                "entity_new value": "*",
                "entity_role": "*",
                "entity_parent": {
                  "entity_type": "AbstractInvocation",
                  "entity_new value": "*",
                  "entity_role": "*",
                  "entity_parent": "null"
                }
              },
              "concrete_change": {
                "operator": "UPD",
                "src_type": "VariableRead",
                "dst_type": "VariableRead",
                "src": "name",
                "dst": "elementName",
                "src_parent_type": "Invocation",
                "dst_parent_type": "Invocation",
                "src_parent": "com.github.underscore.lodash.Xml.COMMENT.equals(name)",
                "dst_parent": "com.github.underscore.lodash.Xml.COMMENT.equals(elementName)"
              },
              "line": 1205,
              "file": "/home/khesoem/projects/lighter/exp/src/main/java/com/github/underscore/lodash/Xml.java",
              "stats": {
                "number_of_src_entities": 4,
                "number_of_dst_entities": 4,
                "src_entity_types": "[java.lang.String]",
                "dst_entity_types": "[java.lang.String]"
              }
            }
          ]
        },
        {
          "tool-name": "Elixir",
          "pattern-name": "Elixir:update_invocation_deep",
          "Unified_Diff_of-files:": "Starts Below...",
          "CHANGE_old:": "                    map.put(name, objects);",
          "CHANGE_new:": "                    map.put(elementName, objects);",
          "DELETE:": "            final String elementName \u003d unescapeName(elementMapper.apply(name, namespaces));",
          "instance_detail": [
            {
              "pattern_action": "ANY",
              "pattern_entity": {
                "entity_type": "*",
                "entity_new value": "*",
                "entity_role": "*",
                "entity_parent": {
                  "entity_type": "AbstractInvocation",
                  "entity_new value": "*",
                  "entity_role": "*",
                  "entity_parent": "null"
                }
              },
              "concrete_change": {
                "operator": "UPD",
                "src_type": "VariableRead",
                "dst_type": "VariableRead",
                "src": "name",
                "dst": "elementName",
                "src_parent_type": "Invocation",
                "dst_parent_type": "Invocation",
                "src_parent": "com.github.underscore.lodash.Xml.CDATA.equals(name)",
                "dst_parent": "com.github.underscore.lodash.Xml.CDATA.equals(elementName)"
              },
              "line": 1208,
              "file": "/home/khesoem/projects/lighter/exp/src/main/java/com/github/underscore/lodash/Xml.java",
              "stats": {
                "number_of_src_entities": 4,
                "number_of_dst_entities": 4,
                "src_entity_types": "[java.lang.String]",
                "dst_entity_types": "[java.lang.String]"
              }
            }
          ]
        },
        {
          "tool-name": "Elixir",
          "pattern-name": "Elixir:update_invocation_deep",
          "Unified_Diff_of-files:": "Starts Below...",
          "CHANGE_old:": "                    map.put(name, objects);",
          "CHANGE_new:": "                    map.put(elementName, objects);",
          "DELETE:": "            final String elementName \u003d unescapeName(elementMapper.apply(name, namespaces));",
          "instance_detail": [
            {
              "pattern_action": "ANY",
              "pattern_entity": {
                "entity_type": "*",
                "entity_new value": "*",
                "entity_role": "*",
                "entity_parent": {
                  "entity_type": "AbstractInvocation",
                  "entity_new value": "*",
                  "entity_role": "*",
                  "entity_parent": "null"
                }
              },
              "concrete_change": {
                "operator": "UPD",
                "src_type": "VariableRead",
                "dst_type": "VariableRead",
                "src": "name",
                "dst": "elementName",
                "src_parent_type": "Invocation",
                "dst_parent_type": "Invocation",
                "src_parent": "map.get(name)",
                "dst_parent": "map.get(elementName)"
              },
              "line": 1212,
              "file": "/home/khesoem/projects/lighter/exp/src/main/java/com/github/underscore/lodash/Xml.java",
              "stats": {
                "number_of_src_entities": 4,
                "number_of_dst_entities": 4,
                "src_entity_types": "[java.lang.String]",
                "dst_entity_types": "[java.lang.String]"
              }
            }
          ]
        },
        {
          "tool-name": "Elixir",
          "pattern-name": "Elixir:update_invocation_deep",
          "Unified_Diff_of-files:": "Starts Below...",
          "CHANGE_old:": "                    map.put(name, objects);",
          "CHANGE_new:": "                    map.put(elementName, objects);",
          "DELETE:": "            final String elementName \u003d unescapeName(elementMapper.apply(name, namespaces));",
          "instance_detail": [
            {
              "pattern_action": "ANY",
              "pattern_entity": {
                "entity_type": "*",
                "entity_new value": "*",
                "entity_role": "*",
                "entity_parent": {
                  "entity_type": "AbstractInvocation",
                  "entity_new value": "*",
                  "entity_role": "*",
                  "entity_parent": "null"
                }
              },
              "concrete_change": {
                "operator": "UPD",
                "src_type": "VariableRead",
                "dst_type": "VariableRead",
                "src": "name",
                "dst": "elementName",
                "src_parent_type": "Invocation",
                "dst_parent_type": "Invocation",
                "src_parent": "com.github.underscore.lodash.Xml.addText(map, name, ((java.util.List\u003cjava.lang.Object\u003e) (object)), value)",
                "dst_parent": "com.github.underscore.lodash.Xml.addText(map, elementName, ((java.util.List\u003cjava.lang.Object\u003e) (object)), value)"
              },
              "line": 1214,
              "file": "/home/khesoem/projects/lighter/exp/src/main/java/com/github/underscore/lodash/Xml.java",
              "stats": {
                "number_of_src_entities": 4,
                "number_of_dst_entities": 4,
                "src_entity_types": "[java.lang.String]",
                "dst_entity_types": "[java.lang.String]"
              }
            }
          ]
        },
        {
          "tool-name": "Elixir",
          "pattern-name": "Elixir:update_invocation_deep",
          "Unified_Diff_of-files:": "Starts Below...",
          "CHANGE_old:": "                    map.put(name, objects);",
          "CHANGE_new:": "                    map.put(elementName, objects);",
          "DELETE:": "            final String elementName \u003d unescapeName(elementMapper.apply(name, namespaces));",
          "instance_detail": [
            {
              "pattern_action": "ANY",
              "pattern_entity": {
                "entity_type": "*",
                "entity_new value": "*",
                "entity_role": "*",
                "entity_parent": {
                  "entity_type": "AbstractInvocation",
                  "entity_new value": "*",
                  "entity_role": "*",
                  "entity_parent": "null"
                }
              },
              "concrete_change": {
                "operator": "UPD",
                "src_type": "VariableRead",
                "dst_type": "VariableRead",
                "src": "name",
                "dst": "elementName",
                "src_parent_type": "Invocation",
                "dst_parent_type": "Invocation",
                "src_parent": "com.github.underscore.lodash.Xml.addText(map, name, objects, value)",
                "dst_parent": "com.github.underscore.lodash.Xml.addText(map, elementName, objects, value)"
              },
              "line": 1218,
              "file": "/home/khesoem/projects/lighter/exp/src/main/java/com/github/underscore/lodash/Xml.java",
              "stats": {
                "number_of_src_entities": 4,
                "number_of_dst_entities": 4,
                "src_entity_types": "[java.lang.String]",
                "dst_entity_types": "[java.lang.String]"
              }
            }
          ]
        },
        {
          "tool-name": "Elixir",
          "pattern-name": "Elixir:update_invocation_deep",
          "Unified_Diff_of-files:": "Starts Below...",
          "CHANGE_old:": "                    map.put(name, objects);",
          "CHANGE_new:": "                    map.put(elementName, objects);",
          "DELETE:": "            final String elementName \u003d unescapeName(elementMapper.apply(name, namespaces));",
          "instance_detail": [
            {
              "pattern_action": "ANY",
              "pattern_entity": {
                "entity_type": "*",
                "entity_new value": "*",
                "entity_role": "*",
                "entity_parent": {
                  "entity_type": "AbstractInvocation",
                  "entity_new value": "*",
                  "entity_role": "*",
                  "entity_parent": "null"
                }
              },
              "concrete_change": {
                "operator": "UPD",
                "src_type": "VariableRead",
                "dst_type": "VariableRead",
                "src": "name",
                "dst": "elementName",
                "src_parent_type": "Invocation",
                "dst_parent_type": "Invocation",
                "src_parent": "map.put(name, objects)",
                "dst_parent": "map.put(elementName, objects)"
              },
              "line": 1219,
              "file": "/home/khesoem/projects/lighter/exp/src/main/java/com/github/underscore/lodash/Xml.java",
              "stats": {
                "number_of_src_entities": 4,
                "number_of_dst_entities": 4,
                "src_entity_types": "[java.lang.String]",
                "dst_entity_types": "[java.lang.String]"
              }
            }
          ]
        }
      ]
    }
  ],
  "complete_analysis": true
}