{
  "instances": [
    {
      "revision": "11b64fc17a508f311be6c6e00b93a43608e3f7b2",
      "repairability": [
        {
          "tool-name": "JKali",
          "pattern-name": "JKali:add_rtrn",
          "Unified_Diff_of-files:": "Starts Below...",
          "INSERT:": "        }",
          "CHANGE_old:": "",
          "CHANGE_new:": "        return CompletableFuture.runAsync(this::awaitTermination);",
          "instance_detail": [
            {
              "pattern_action": "INS",
              "pattern_entity": {
                "entity_type": "Return",
                "entity_new value": "*",
                "entity_role": "Statement",
                "entity_parent": "null"
              },
              "concrete_change": {
                "operator": "INS",
                "src_type": "Return",
                "dst_type": "null",
                "src": "return",
                "dst": "null",
                "src_parent_type": "Block",
                "dst_parent_type": "null",
                "src_parent": "{\n    return;\n}",
                "dst_parent": "null"
              },
              "line": 205,
              "file": "/home/khesoem/projects/lighter/exp/messaging/src/main/java/org/axonframework/eventhandling/TrackingEventProcessor.java"
            }
          ]
        }
      ]
    }
  ],
  "complete_analysis": true
}