{
  "instances": [
    {
      "revision": "953ec1634ef118401e8b4c827f6cd7a798278669",
      "repairability": [
        {
          "tool-name": "JKali",
          "pattern-name": "JKali:add_rtrn",
          "Unified_Diff_of-files:": "Starts Below...",
          "CHANGE_old:": "                            return builder.workerExecutorService(workerExecutorService)",
          "CHANGE_new:": "                            return builder.workerExecutor(workerExecutor)",
          "instance_detail": [
            {
              "pattern_action": "INS",
              "pattern_entity": {
                "entity_type": "Return",
                "entity_new value": "*",
                "entity_role": "Statement",
                "entity_parent": "null"
              },
              "concrete_change": {
                "operator": "INS",
                "src_type": "Return",
                "dst_type": "null",
                "src": "return this",
                "dst": "null",
                "src_parent_type": "Block",
                "dst_parent_type": "null",
                "src_parent": "{\n    assertNonNull(workerExecutor, \"The Worker\u0027s ScheduledExecutorService may not be null\");\n    this.workerExecutorBuilder \u003d ( ignored) -\u003e workerExecutor;\n    return this;\n}",
                "dst_parent": "null"
              },
              "line": 565,
              "file": "/home/khesoem/projects/lighter/exp/messaging/src/main/java/org/axonframework/eventhandling/pooled/PooledStreamingEventProcessor.java"
            }
          ]
        }
      ]
    }
  ],
  "complete_analysis": true
}