{
  "instances": [
    {
      "revision": "4cee6964de5d70680c326ac76c0fe547a11cf22b",
      "repairability": [
        {
          "tool-name": "JKali",
          "pattern-name": "JKali:del",
          "Unified_Diff_of-files:": "Starts Below...",
          "DELETE:": "",
          "INSERT:": "        SinksManyWrapper\u0026lt;SubscriptionQueryUpdateMessage\u0026lt;U\u0026gt;\u0026gt; sinksManyWrapper \u003d new SinksManyWrapper\u0026lt;\u0026gt;(sink);",
          "CHANGE_old:": "                                                                        })",
          "CHANGE_new:": "",
          "instance_detail": [
            {
              "pattern_action": "DEL",
              "pattern_entity": {
                "entity_type": "*",
                "entity_new value": "*",
                "entity_role": "Statement",
                "entity_parent": "null"
              },
              "concrete_change": {
                "operator": "DEL",
                "src_type": "Invocation",
                "dst_type": "null",
                "src": "registrations.remove(query.getIdentifier())",
                "dst": "null",
                "src_parent_type": "Block",
                "dst_parent_type": "null",
                "src_parent": "{\n    updateHandlers.remove(query);\n    registrations.remove(query.getIdentifier());\n    return true;\n}",
                "dst_parent": "null"
              },
              "line": 115,
              "file": "/home/khesoem/projects/lighter/exp/messaging/src/main/java/org/axonframework/queryhandling/SimpleQueryUpdateEmitter.java",
              "stats": {
                "number_of_src_entities": 20,
                "number_of_dst_entities": -1,
                "src_entity_types": "[org.axonframework.queryhandling.registrations, org.axonframework.queryhandling.query, org.axonframework.queryhandling.SimpleQueryUpdateEmitter]",
                "dst_entity_types": "[]"
              }
            }
          ]
        },
        {
          "tool-name": "JKali",
          "pattern-name": "JKali:del",
          "Unified_Diff_of-files:": "Starts Below...",
          "DELETE:": "",
          "INSERT:": "        SinksManyWrapper\u0026lt;SubscriptionQueryUpdateMessage\u0026lt;U\u0026gt;\u0026gt; sinksManyWrapper \u003d new SinksManyWrapper\u0026lt;\u0026gt;(sink);",
          "CHANGE_old:": "                                                                        })",
          "CHANGE_new:": "",
          "instance_detail": [
            {
              "pattern_action": "DEL",
              "pattern_entity": {
                "entity_type": "*",
                "entity_new value": "*",
                "entity_role": "Statement",
                "entity_parent": "null"
              },
              "concrete_change": {
                "operator": "DEL",
                "src_type": "Invocation",
                "dst_type": "null",
                "src": "registrations.put(query.getIdentifier(), registration)",
                "dst": "null",
                "src_parent_type": "Block",
                "dst_parent_type": "null",
                "src_parent": "{\n    reactor.core.publisher.EmitterProcessor\u003corg.axonframework.queryhandling.SubscriptionQueryUpdateMessage\u003cU\u003e\u003e processor \u003d reactor.core.publisher.EmitterProcessor.create(updateBufferSize);\n    reactor.core.publisher.FluxSink\u003corg.axonframework.queryhandling.SubscriptionQueryUpdateMessage\u003cU\u003e\u003e sink \u003d processor.sink(backpressure.getOverflowStrategy());\n    sink.onDispose(() -\u003e updateHandlers.remove(query));\n    org.axonframework.queryhandling.FluxSinkWrapper\u003corg.axonframework.queryhandling.SubscriptionQueryUpdateMessage\u003cU\u003e\u003e fluxSinkWrapper \u003d new org.axonframework.queryhandling.FluxSinkWrapper(sink);\n    org.axonframework.common.Registration registration \u003d () -\u003e {\n        updateHandlers.remove(query);\n        registrations.remove(query.getIdentifier());\n        return true;\n    };\n    updateHandlers.put(query, fluxSinkWrapper);\n    registrations.put(query.getIdentifier(), registration);\n    return new org.axonframework.queryhandling.UpdateHandlerRegistration(registration, processor.replay(updateBufferSize).autoConnect(), fluxSinkWrapper::complete);\n}",
                "dst_parent": "null"
              },
              "line": 120,
              "file": "/home/khesoem/projects/lighter/exp/messaging/src/main/java/org/axonframework/queryhandling/SimpleQueryUpdateEmitter.java",
              "stats": {
                "number_of_src_entities": 56,
                "number_of_dst_entities": -1,
                "src_entity_types": "[org.axonframework.queryhandling.SubscriptionQueryMessage\u003c?, ?, ?\u003e, org.axonframework.common.Registration, , java.lang.String, java.util.concurrent.ConcurrentMap\u003cjava.lang.String, org.axonframework.common.Registration\u003e, org.axonframework.queryhandling.SimpleQueryUpdateEmitter]",
                "dst_entity_types": "[]"
              }
            }
          ]
        },
        {
          "tool-name": "JKali",
          "pattern-name": "JKali:del",
          "Unified_Diff_of-files:": "Starts Below...",
          "DELETE:": "",
          "INSERT:": "        SinksManyWrapper\u0026lt;SubscriptionQueryUpdateMessage\u0026lt;U\u0026gt;\u0026gt; sinksManyWrapper \u003d new SinksManyWrapper\u0026lt;\u0026gt;(sink);",
          "CHANGE_old:": "                                                                        })",
          "CHANGE_new:": "",
          "instance_detail": [
            {
              "pattern_action": "DEL",
              "pattern_entity": {
                "entity_type": "*",
                "entity_new value": "*",
                "entity_role": "Statement",
                "entity_parent": "null"
              },
              "concrete_change": {
                "operator": "DEL",
                "src_type": "LocalVariable",
                "dst_type": "null",
                "src": "java.util.concurrent.atomic.AtomicReference\u003corg.axonframework.queryhandling.SinksManyWrapper\u003corg.axonframework.queryhandling.SubscriptionQueryUpdateMessage\u003cU\u003e\u003e\u003e sinkReference \u003d new java.util.concurrent.atomic.AtomicReference\u003c\u003e()",
                "dst": "null",
                "src_parent_type": "Block",
                "dst_parent_type": "null",
                "src_parent": "{\n    reactor.core.publisher.Sinks.Many\u003corg.axonframework.queryhandling.SubscriptionQueryUpdateMessage\u003cU\u003e\u003e sink \u003d reactor.core.publisher.Sinks.many().replay().limit(updateBufferSize);\n    java.util.concurrent.atomic.AtomicReference\u003corg.axonframework.queryhandling.SinksManyWrapper\u003corg.axonframework.queryhandling.SubscriptionQueryUpdateMessage\u003cU\u003e\u003e\u003e sinkReference \u003d new java.util.concurrent.atomic.AtomicReference\u003c\u003e();\n    java.lang.Runnable removeHandler \u003d () -\u003e {\n        updateHandlers.remove(query);\n        registrations.remove(query.getIdentifier());\n    };\n    org.axonframework.common.Registration registration \u003d () -\u003e {\n        removeHandler.run();\n        return true;\n    };\n    reactor.core.publisher.Flux\u003corg.axonframework.queryhandling.SubscriptionQueryUpdateMessage\u003cU\u003e\u003e updateMessageFlux \u003d sink.asFlux().doOnSubscribe(( subscription) -\u003e {\n        updateHandlers.put(query, sinkReference.get());\n        registrations.put(query.getIdentifier(), registration);\n    }).doFinally(( signalType) -\u003e removeHandler.run());\n    org.axonframework.queryhandling.SinksManyWrapper\u003corg.axonframework.queryhandling.SubscriptionQueryUpdateMessage\u003cU\u003e\u003e sinksManyWrapper \u003d new org.axonframework.queryhandling.SinksManyWrapper(sink);\n    sinkReference.set(sinksManyWrapper);\n    return new org.axonframework.queryhandling.UpdateHandlerRegistration(registration, updateMessageFlux, sinksManyWrapper::complete);\n}",
                "dst_parent": "null"
              },
              "line": 136,
              "file": "/home/khesoem/projects/lighter/exp/messaging/src/main/java/org/axonframework/queryhandling/SimpleQueryUpdateEmitter.java",
              "stats": {
                "number_of_src_entities": 19,
                "number_of_dst_entities": -1,
                "src_entity_types": "[org.axonframework.queryhandling.SinksManyWrapper\u003corg.axonframework.queryhandling.SubscriptionQueryUpdateMessage\u003cU\u003e\u003e, java.util.concurrent.atomic.AtomicReference\u003corg.axonframework.queryhandling.SinksManyWrapper\u003corg.axonframework.queryhandling.SubscriptionQueryUpdateMessage\u003cU\u003e\u003e\u003e, java.util.concurrent.atomic.AtomicReference, org.axonframework.queryhandling.SubscriptionQueryUpdateMessage\u003cU\u003e]",
                "dst_entity_types": "[]"
              }
            }
          ]
        },
        {
          "tool-name": "JKali",
          "pattern-name": "JKali:del",
          "Unified_Diff_of-files:": "Starts Below...",
          "DELETE:": "",
          "INSERT:": "        SinksManyWrapper\u0026lt;SubscriptionQueryUpdateMessage\u0026lt;U\u0026gt;\u0026gt; sinksManyWrapper \u003d new SinksManyWrapper\u0026lt;\u0026gt;(sink);",
          "CHANGE_old:": "                                                                        })",
          "CHANGE_new:": "",
          "instance_detail": [
            {
              "pattern_action": "DEL",
              "pattern_entity": {
                "entity_type": "*",
                "entity_new value": "*",
                "entity_role": "Statement",
                "entity_parent": "null"
              },
              "concrete_change": {
                "operator": "DEL",
                "src_type": "Invocation",
                "dst_type": "null",
                "src": "registrations.remove(query.getIdentifier())",
                "dst": "null",
                "src_parent_type": "Block",
                "dst_parent_type": "null",
                "src_parent": "{\n    updateHandlers.remove(query);\n    registrations.remove(query.getIdentifier());\n}",
                "dst_parent": "null"
              },
              "line": 140,
              "file": "/home/khesoem/projects/lighter/exp/messaging/src/main/java/org/axonframework/queryhandling/SimpleQueryUpdateEmitter.java",
              "stats": {
                "number_of_src_entities": 50,
                "number_of_dst_entities": -1,
                "src_entity_types": "[org.axonframework.queryhandling.SubscriptionQueryMessage\u003c?, ?, ?\u003e, org.axonframework.common.Registration, , java.lang.String, java.util.concurrent.ConcurrentMap\u003cjava.lang.String, org.axonframework.common.Registration\u003e, org.axonframework.queryhandling.SimpleQueryUpdateEmitter]",
                "dst_entity_types": "[]"
              }
            }
          ]
        },
        {
          "tool-name": "JKali",
          "pattern-name": "JKali:del",
          "Unified_Diff_of-files:": "Starts Below...",
          "DELETE:": "",
          "INSERT:": "        SinksManyWrapper\u0026lt;SubscriptionQueryUpdateMessage\u0026lt;U\u0026gt;\u0026gt; sinksManyWrapper \u003d new SinksManyWrapper\u0026lt;\u0026gt;(sink);",
          "CHANGE_old:": "                                                                        })",
          "CHANGE_new:": "",
          "instance_detail": [
            {
              "pattern_action": "DEL",
              "pattern_entity": {
                "entity_type": "*",
                "entity_new value": "*",
                "entity_role": "Statement",
                "entity_parent": "null"
              },
              "concrete_change": {
                "operator": "DEL",
                "src_type": "Invocation",
                "dst_type": "null",
                "src": "registrations.put(query.getIdentifier(), registration)",
                "dst": "null",
                "src_parent_type": "Block",
                "dst_parent_type": "null",
                "src_parent": "{\n    updateHandlers.put(query, sinkReference.get());\n    registrations.put(query.getIdentifier(), registration);\n}",
                "dst_parent": "null"
              },
              "line": 152,
              "file": "/home/khesoem/projects/lighter/exp/messaging/src/main/java/org/axonframework/queryhandling/SimpleQueryUpdateEmitter.java",
              "stats": {
                "number_of_src_entities": 24,
                "number_of_dst_entities": -1,
                "src_entity_types": "[org.axonframework.queryhandling.registrations, org.axonframework.common.Registration, org.axonframework.queryhandling.query, org.axonframework.queryhandling.SimpleQueryUpdateEmitter]",
                "dst_entity_types": "[]"
              }
            }
          ]
        },
        {
          "tool-name": "JKali",
          "pattern-name": "JKali:del",
          "Unified_Diff_of-files:": "Starts Below...",
          "DELETE:": "",
          "INSERT:": "        SinksManyWrapper\u0026lt;SubscriptionQueryUpdateMessage\u0026lt;U\u0026gt;\u0026gt; sinksManyWrapper \u003d new SinksManyWrapper\u0026lt;\u0026gt;(sink);",
          "CHANGE_old:": "                                                                        })",
          "CHANGE_new:": "",
          "instance_detail": [
            {
              "pattern_action": "DEL",
              "pattern_entity": {
                "entity_type": "*",
                "entity_new value": "*",
                "entity_role": "Statement",
                "entity_parent": "null"
              },
              "concrete_change": {
                "operator": "DEL",
                "src_type": "Invocation",
                "dst_type": "null",
                "src": "sinkReference.set(sinksManyWrapper)",
                "dst": "null",
                "src_parent_type": "Block",
                "dst_parent_type": "null",
                "src_parent": "{\n    reactor.core.publisher.Sinks.Many\u003corg.axonframework.queryhandling.SubscriptionQueryUpdateMessage\u003cU\u003e\u003e sink \u003d reactor.core.publisher.Sinks.many().replay().limit(updateBufferSize);\n    java.util.concurrent.atomic.AtomicReference\u003corg.axonframework.queryhandling.SinksManyWrapper\u003corg.axonframework.queryhandling.SubscriptionQueryUpdateMessage\u003cU\u003e\u003e\u003e sinkReference \u003d new java.util.concurrent.atomic.AtomicReference\u003c\u003e();\n    java.lang.Runnable removeHandler \u003d () -\u003e {\n        updateHandlers.remove(query);\n        registrations.remove(query.getIdentifier());\n    };\n    org.axonframework.common.Registration registration \u003d () -\u003e {\n        removeHandler.run();\n        return true;\n    };\n    reactor.core.publisher.Flux\u003corg.axonframework.queryhandling.SubscriptionQueryUpdateMessage\u003cU\u003e\u003e updateMessageFlux \u003d sink.asFlux().doOnSubscribe(( subscription) -\u003e {\n        updateHandlers.put(query, sinkReference.get());\n        registrations.put(query.getIdentifier(), registration);\n    }).doFinally(( signalType) -\u003e removeHandler.run());\n    org.axonframework.queryhandling.SinksManyWrapper\u003corg.axonframework.queryhandling.SubscriptionQueryUpdateMessage\u003cU\u003e\u003e sinksManyWrapper \u003d new org.axonframework.queryhandling.SinksManyWrapper(sink);\n    sinkReference.set(sinksManyWrapper);\n    return new org.axonframework.queryhandling.UpdateHandlerRegistration(registration, updateMessageFlux, sinksManyWrapper::complete);\n}",
                "dst_parent": "null"
              },
              "line": 157,
              "file": "/home/khesoem/projects/lighter/exp/messaging/src/main/java/org/axonframework/queryhandling/SimpleQueryUpdateEmitter.java",
              "stats": {
                "number_of_src_entities": 30,
                "number_of_dst_entities": -1,
                "src_entity_types": "[org.axonframework.queryhandling.SinksManyWrapper\u003corg.axonframework.queryhandling.SubscriptionQueryUpdateMessage\u003cU\u003e\u003e, java.util.concurrent.atomic.AtomicReference\u003corg.axonframework.queryhandling.SinksManyWrapper\u003corg.axonframework.queryhandling.SubscriptionQueryUpdateMessage\u003cU\u003e\u003e\u003e, org.axonframework.queryhandling.SubscriptionQueryUpdateMessage\u003cU\u003e]",
                "dst_entity_types": "[]"
              }
            }
          ]
        },
        {
          "tool-name": "JKali",
          "pattern-name": "JKali:del",
          "Unified_Diff_of-files:": "Starts Below...",
          "DELETE:": "",
          "INSERT:": "        SinksManyWrapper\u0026lt;SubscriptionQueryUpdateMessage\u0026lt;U\u0026gt;\u0026gt; sinksManyWrapper \u003d new SinksManyWrapper\u0026lt;\u0026gt;(sink);",
          "CHANGE_old:": "                                                                        })",
          "CHANGE_new:": "",
          "instance_detail": [
            {
              "pattern_action": "DEL",
              "pattern_entity": {
                "entity_type": "*",
                "entity_new value": "*",
                "entity_role": "Statement",
                "entity_parent": "null"
              },
              "concrete_change": {
                "operator": "DEL",
                "src_type": "Invocation",
                "dst_type": "null",
                "src": "registrations.values().forEach(Registration::close)",
                "dst": "null",
                "src_parent_type": "Block",
                "dst_parent_type": "null",
                "src_parent": "{\n    registrations.values().forEach(Registration::close);\n    return java.util.concurrent.CompletableFuture.completedFuture(null);\n}",
                "dst_parent": "null"
              },
              "line": 302,
              "file": "/home/khesoem/projects/lighter/exp/messaging/src/main/java/org/axonframework/queryhandling/SimpleQueryUpdateEmitter.java"
            }
          ]
        },
        {
          "tool-name": "JKali",
          "pattern-name": "JKali:del",
          "Unified_Diff_of-files:": "Starts Below...",
          "DELETE:": "",
          "INSERT:": "        SinksManyWrapper\u0026lt;SubscriptionQueryUpdateMessage\u0026lt;U\u0026gt;\u0026gt; sinksManyWrapper \u003d new SinksManyWrapper\u0026lt;\u0026gt;(sink);",
          "CHANGE_old:": "                                                                        })",
          "CHANGE_new:": "",
          "instance_detail": [
            {
              "pattern_action": "DEL",
              "pattern_entity": {
                "entity_type": "*",
                "entity_new value": "*",
                "entity_role": "Statement",
                "entity_parent": "null"
              },
              "concrete_change": {
                "operator": "DEL",
                "src_type": "Return",
                "dst_type": "null",
                "src": "return java.util.concurrent.CompletableFuture.completedFuture(null)",
                "dst": "null",
                "src_parent_type": "Block",
                "dst_parent_type": "null",
                "src_parent": "{\n    registrations.values().forEach(Registration::close);\n    return java.util.concurrent.CompletableFuture.completedFuture(null);\n}",
                "dst_parent": "null"
              },
              "line": 303,
              "file": "/home/khesoem/projects/lighter/exp/messaging/src/main/java/org/axonframework/queryhandling/SimpleQueryUpdateEmitter.java"
            }
          ]
        }
      ]
    }
  ],
  "complete_analysis": true
}