{
  "instances": [
    {
      "revision": "b0e9852d558342a131e9917b47f47bcb8843f760",
      "repairability": [
        {
          "tool-name": "Arja",
          "pattern-name": "Arja:arja_shallow_change",
          "Unified_Diff_of-files:": "Starts Below...",
          "CHANGE_old:": "",
          "CHANGE_new:": "                    localCache",
          "instance_detail": [
            {
              "pattern_action": "ANY",
              "pattern_entity": {
                "entity_type": "Statement",
                "entity_new value": "*",
                "entity_role": "*",
                "entity_parent": "null"
              },
              "concrete_change": {
                "operator": "DEL",
                "src_type": "ConstructorCall",
                "dst_type": "null",
                "src": "new com.blazebit.persistence.view.impl.update.EntityViewUpdaterImpl(this, viewType, declaredViewType, owner, ownerMapping)",
                "dst": "null",
                "src_parent_type": "Block",
                "dst_parent_type": "null",
                "src_parent": "{\n    new com.blazebit.persistence.view.impl.update.EntityViewUpdaterImpl(this, viewType, declaredViewType, owner, ownerMapping);\n    value \u003d contextAwareEntityViewUpdaterCache.get(key);\n}",
                "dst_parent": "null"
              },
              "line": 1406,
              "file": "/home/khesoem/projects/lighter/exp/entity-view/impl/src/main/java/com/blazebit/persistence/view/impl/EntityViewManagerImpl.java",
              "stats": {
                "number_of_src_entities": 34,
                "number_of_dst_entities": -1,
                "src_entity_types": "[com.blazebit.persistence.view.impl.EntityViewManagerImpl, java.lang.Object, java.lang.String, com.blazebit.persistence.view.impl.update.EntityViewUpdaterImpl, com.blazebit.persistence.view.impl.metamodel.ManagedViewTypeImplementor\u003c?\u003e]",
                "dst_entity_types": "[]"
              }
            }
          ]
        },
        {
          "tool-name": "Arja",
          "pattern-name": "Arja:arja_shallow_change",
          "Unified_Diff_of-files:": "Starts Below...",
          "CHANGE_old:": "",
          "CHANGE_new:": "                    localCache",
          "instance_detail": [
            {
              "pattern_action": "ANY",
              "pattern_entity": {
                "entity_type": "Statement",
                "entity_new value": "*",
                "entity_role": "*",
                "entity_parent": "null"
              },
              "concrete_change": {
                "operator": "DEL",
                "src_type": "ConstructorCall",
                "dst_type": "null",
                "src": "new com.blazebit.persistence.view.impl.update.EntityViewUpdaterImpl(this, viewType, null, null, null)",
                "dst": "null",
                "src_parent_type": "Block",
                "dst_parent_type": "null",
                "src_parent": "{\n    new com.blazebit.persistence.view.impl.update.EntityViewUpdaterImpl(this, viewType, null, null, null);\n    value \u003d entityViewUpdaterCache.get(viewType);\n}",
                "dst_parent": "null"
              },
              "line": 1415,
              "file": "/home/khesoem/projects/lighter/exp/entity-view/impl/src/main/java/com/blazebit/persistence/view/impl/EntityViewManagerImpl.java",
              "stats": {
                "number_of_src_entities": 25,
                "number_of_dst_entities": -1,
                "src_entity_types": "[com.blazebit.persistence.view.impl.EntityViewManagerImpl, java.lang.Object, \u003cnulltype\u003e, com.blazebit.persistence.view.impl.metamodel.ManagedViewTypeImplementor\u003c?\u003e]",
                "dst_entity_types": "[]"
              }
            }
          ]
        },
        {
          "tool-name": "Arja",
          "pattern-name": "Arja:arja_shallow_change",
          "Unified_Diff_of-files:": "Starts Below...",
          "CHANGE_old:": "",
          "CHANGE_new:": "                    localCache",
          "instance_detail": [
            {
              "pattern_action": "ANY",
              "pattern_entity": {
                "entity_type": "Statement",
                "entity_new value": "*",
                "entity_role": "*",
                "entity_parent": "null"
              },
              "concrete_change": {
                "operator": "DEL",
                "src_type": "If",
                "dst_type": "null",
                "src": "if (value \u003d\u003d null) {\n    new com.blazebit.persistence.view.impl.update.EntityViewUpdaterImpl(this, viewType, null, null, null);\n    value \u003d entityViewUpdaterCache.get(viewType);\n}",
                "dst": "null",
                "src_parent_type": "Block",
                "dst_parent_type": "null",
                "src_parent": "{\n    com.blazebit.persistence.view.impl.update.EntityViewUpdaterImpl value \u003d entityViewUpdaterCache.get(viewType);\n    if (value \u003d\u003d null) {\n        new com.blazebit.persistence.view.impl.update.EntityViewUpdaterImpl(this, viewType, null, null, null);\n        value \u003d entityViewUpdaterCache.get(viewType);\n    }\n    return value;\n}",
                "dst_parent": "null"
              },
              "line": 1414,
              "file": "/home/khesoem/projects/lighter/exp/entity-view/impl/src/main/java/com/blazebit/persistence/view/impl/EntityViewManagerImpl.java",
              "stats": {
                "number_of_src_entities": 81,
                "number_of_dst_entities": -1,
                "src_entity_types": "[com.blazebit.persistence.view.metamodel.ManagedViewType\u003c?\u003e, com.blazebit.persistence.view.impl.EntityViewManagerImpl, java.lang.Object, java.util.concurrent.ConcurrentMap\u003ccom.blazebit.persistence.view.metamodel.ManagedViewType\u003c?\u003e, com.blazebit.persistence.view.impl.update.EntityViewUpdaterImpl\u003e, com.blazebit.persistence.view.impl.update.EntityViewUpdaterImpl, \u003cnulltype\u003e, com.blazebit.persistence.view.impl.metamodel.ManagedViewTypeImplementor\u003c?\u003e]",
                "dst_entity_types": "[]"
              }
            }
          ]
        }
      ]
    }
  ],
  "complete_analysis": true
}