{
  "instances": [
    {
      "revision": "bb33a68843bbb8aaee0ff8f861184236c9443c27",
      "repairability": [
        {
          "tool-name": "Arja",
          "pattern-name": "Arja:arja_shallow_change",
          "Unified_Diff_of-files:": "Starts Below...",
          "CHANGE_old:": "        throw new UnsupportedOperationException(\"Not yet implemented!\");",
          "CHANGE_new:": "        return false;",
          "INSERT:": "    }",
          "instance_detail": [
            {
              "pattern_action": "ANY",
              "pattern_entity": {
                "entity_type": "Statement",
                "entity_new value": "*",
                "entity_role": "*",
                "entity_parent": "null"
              },
              "concrete_change": {
                "operator": "INS",
                "src_type": "Return",
                "dst_type": "null",
                "src": "return false",
                "dst": "null",
                "src_parent_type": "Block",
                "dst_parent_type": "null",
                "src_parent": "{\n    return false;\n}",
                "dst_parent": "null"
              },
              "line": 277,
              "file": "/home/khesoem/projects/lighter/exp/integration/openjpa/src/main/java/com/blazebit/persistence/integration/openjpa/OpenJPAJpaProvider.java",
              "stats": {
                "number_of_src_entities": 3,
                "number_of_dst_entities": -1,
                "src_entity_types": "[boolean]",
                "dst_entity_types": "[]"
              }
            }
          ]
        },
        {
          "tool-name": "Arja",
          "pattern-name": "Arja:arja_shallow_change",
          "Unified_Diff_of-files:": "Starts Below...",
          "CHANGE_old:": "        throw new UnsupportedOperationException(\"Not yet implemented!\");",
          "CHANGE_new:": "        return false;",
          "INSERT:": "    }",
          "instance_detail": [
            {
              "pattern_action": "ANY",
              "pattern_entity": {
                "entity_type": "Statement",
                "entity_new value": "*",
                "entity_role": "*",
                "entity_parent": "null"
              },
              "concrete_change": {
                "operator": "DEL",
                "src_type": "ConstructorCall",
                "dst_type": "null",
                "src": "new java.lang.UnsupportedOperationException(\"Not yet implemented!\")",
                "dst": "null",
                "src_parent_type": "Throw",
                "dst_parent_type": "null",
                "src_parent": "throw new java.lang.UnsupportedOperationException(\"Not yet implemented!\")",
                "dst_parent": "null"
              },
              "line": 107,
              "file": "/home/khesoem/projects/lighter/exp/integration/openjpa/src/main/java/com/blazebit/persistence/integration/openjpa/OpenJPAJpaProvider.java"
            }
          ]
        },
        {
          "tool-name": "Arja",
          "pattern-name": "Arja:arja_shallow_change",
          "Unified_Diff_of-files:": "Starts Below...",
          "CHANGE_old:": "        throw new UnsupportedOperationException(\"Not yet implemented!\");",
          "CHANGE_new:": "        return false;",
          "INSERT:": "    }",
          "instance_detail": [
            {
              "pattern_action": "ANY",
              "pattern_entity": {
                "entity_type": "Statement",
                "entity_new value": "*",
                "entity_role": "*",
                "entity_parent": "null"
              },
              "concrete_change": {
                "operator": "DEL",
                "src_type": "Throw",
                "dst_type": "null",
                "src": "throw new java.lang.UnsupportedOperationException(\"Not yet implemented!\")",
                "dst": "null",
                "src_parent_type": "Block",
                "dst_parent_type": "null",
                "src_parent": "{\n    throw new java.lang.UnsupportedOperationException(\"Not yet implemented!\");\n}",
                "dst_parent": "null"
              },
              "line": 107,
              "file": "/home/khesoem/projects/lighter/exp/integration/openjpa/src/main/java/com/blazebit/persistence/integration/openjpa/OpenJPAJpaProvider.java",
              "stats": {
                "number_of_src_entities": 12,
                "number_of_dst_entities": -1,
                "src_entity_types": "[java.lang.String, java.lang.UnsupportedOperationException]",
                "dst_entity_types": "[]"
              }
            }
          ]
        },
        {
          "tool-name": "Arja",
          "pattern-name": "Arja:arja_shallow_change",
          "Unified_Diff_of-files:": "Starts Below...",
          "CHANGE_old:": "        throw new UnsupportedOperationException(\"Not yet implemented!\");",
          "CHANGE_new:": "        return false;",
          "INSERT:": "    }",
          "instance_detail": [
            {
              "pattern_action": "ANY",
              "pattern_entity": {
                "entity_type": "Statement",
                "entity_new value": "*",
                "entity_role": "*",
                "entity_parent": "null"
              },
              "concrete_change": {
                "operator": "DEL",
                "src_type": "ConstructorCall",
                "dst_type": "null",
                "src": "new java.lang.UnsupportedOperationException(\"Not yet implemented!\")",
                "dst": "null",
                "src_parent_type": "Throw",
                "dst_parent_type": "null",
                "src_parent": "throw new java.lang.UnsupportedOperationException(\"Not yet implemented!\")",
                "dst_parent": "null"
              },
              "line": 260,
              "file": "/home/khesoem/projects/lighter/exp/integration/openjpa/src/main/java/com/blazebit/persistence/integration/openjpa/OpenJPAJpaProvider.java"
            }
          ]
        },
        {
          "tool-name": "Arja",
          "pattern-name": "Arja:arja_shallow_change",
          "Unified_Diff_of-files:": "Starts Below...",
          "CHANGE_old:": "        throw new UnsupportedOperationException(\"Not yet implemented!\");",
          "CHANGE_new:": "        return false;",
          "INSERT:": "    }",
          "instance_detail": [
            {
              "pattern_action": "ANY",
              "pattern_entity": {
                "entity_type": "Statement",
                "entity_new value": "*",
                "entity_role": "*",
                "entity_parent": "null"
              },
              "concrete_change": {
                "operator": "DEL",
                "src_type": "Throw",
                "dst_type": "null",
                "src": "throw new java.lang.UnsupportedOperationException(\"Not yet implemented!\")",
                "dst": "null",
                "src_parent_type": "Block",
                "dst_parent_type": "null",
                "src_parent": "{\n    throw new java.lang.UnsupportedOperationException(\"Not yet implemented!\");\n}",
                "dst_parent": "null"
              },
              "line": 260,
              "file": "/home/khesoem/projects/lighter/exp/integration/openjpa/src/main/java/com/blazebit/persistence/integration/openjpa/OpenJPAJpaProvider.java",
              "stats": {
                "number_of_src_entities": 12,
                "number_of_dst_entities": -1,
                "src_entity_types": "[java.lang.String, java.lang.UnsupportedOperationException]",
                "dst_entity_types": "[]"
              }
            }
          ]
        }
      ]
    }
  ],
  "complete_analysis": true
}