{
  "instances": [
    {
      "revision": "252b6da0fd09de09e008534c085d56938ecef6c2",
      "repairability": [
        {
          "tool-name": "Arja",
          "pattern-name": "Arja:arja_shallow_change",
          "Unified_Diff_of-files:": "Starts Below...",
          "CHANGE_old:": "                } else {",
          "CHANGE_new:": "",
          "instance_detail": [
            {
              "pattern_action": "ANY",
              "pattern_entity": {
                "entity_type": "Statement",
                "entity_new value": "*",
                "entity_role": "*",
                "entity_parent": "null"
              },
              "concrete_change": {
                "operator": "DEL",
                "src_type": "Invocation",
                "dst_type": "null",
                "src": "(javaType.getName())",
                "dst": "null",
                "src_parent_type": "BinaryOperator",
                "dst_parent_type": "null",
                "src_parent": "(((\"Enum type with name \u0027\" + typeName) + \"\u0027 is registered multiple times: \") + (javaType.getName()))",
                "dst_parent": "null"
              },
              "line": 394,
              "file": "/home/khesoem/projects/lighter/exp/integration/graphql/src/main/java/com/blazebit/persistence/integration/graphql/GraphQLEntityViewSupportFactory.java"
            }
          ]
        },
        {
          "tool-name": "Arja",
          "pattern-name": "Arja:arja_shallow_change",
          "Unified_Diff_of-files:": "Starts Below...",
          "CHANGE_old:": "                } else {",
          "CHANGE_new:": "",
          "instance_detail": [
            {
              "pattern_action": "ANY",
              "pattern_entity": {
                "entity_type": "Statement",
                "entity_new value": "*",
                "entity_role": "*",
                "entity_parent": "null"
              },
              "concrete_change": {
                "operator": "DEL",
                "src_type": "ConstructorCall",
                "dst_type": "null",
                "src": "new java.lang.IllegalArgumentException((((\"Enum type with name \u0027\" + typeName) + \"\u0027 is registered multiple times: \") + (javaType.getName())))",
                "dst": "null",
                "src_parent_type": "Throw",
                "dst_parent_type": "null",
                "src_parent": "throw new java.lang.IllegalArgumentException((((\"Enum type with name \u0027\" + typeName) + \"\u0027 is registered multiple times: \") + (javaType.getName())))",
                "dst_parent": "null"
              },
              "line": 394,
              "file": "/home/khesoem/projects/lighter/exp/integration/graphql/src/main/java/com/blazebit/persistence/integration/graphql/GraphQLEntityViewSupportFactory.java"
            }
          ]
        },
        {
          "tool-name": "Arja",
          "pattern-name": "Arja:arja_shallow_change",
          "Unified_Diff_of-files:": "Starts Below...",
          "CHANGE_old:": "                } else {",
          "CHANGE_new:": "",
          "instance_detail": [
            {
              "pattern_action": "ANY",
              "pattern_entity": {
                "entity_type": "Statement",
                "entity_new value": "*",
                "entity_role": "*",
                "entity_parent": "null"
              },
              "concrete_change": {
                "operator": "DEL",
                "src_type": "Throw",
                "dst_type": "null",
                "src": "throw new java.lang.IllegalArgumentException((((\"Enum type with name \u0027\" + typeName) + \"\u0027 is registered multiple times: \") + (javaType.getName())))",
                "dst": "null",
                "src_parent_type": "Block",
                "dst_parent_type": "null",
                "src_parent": "{\n    throw new java.lang.IllegalArgumentException((((\"Enum type with name \u0027\" + typeName) + \"\u0027 is registered multiple times: \") + (javaType.getName())));\n}",
                "dst_parent": "null"
              },
              "line": 394,
              "file": "/home/khesoem/projects/lighter/exp/integration/graphql/src/main/java/com/blazebit/persistence/integration/graphql/GraphQLEntityViewSupportFactory.java",
              "stats": {
                "number_of_src_entities": 41,
                "number_of_dst_entities": -1,
                "src_entity_types": "[, java.lang.String, java.lang.Class\u003c?\u003e, java.lang.Class, java.lang.IllegalArgumentException]",
                "dst_entity_types": "[]"
              }
            }
          ]
        },
        {
          "tool-name": "Arja",
          "pattern-name": "Arja:arja_shallow_change",
          "Unified_Diff_of-files:": "Starts Below...",
          "CHANGE_old:": "                } else {",
          "CHANGE_new:": "",
          "instance_detail": [
            {
              "pattern_action": "ANY",
              "pattern_entity": {
                "entity_type": "Statement",
                "entity_new value": "*",
                "entity_role": "*",
                "entity_parent": "null"
              },
              "concrete_change": {
                "operator": "DEL",
                "src_type": "Block",
                "dst_type": "null",
                "src": "{\n    java.util.List\u003cgraphql.language.EnumValueDefinition\u003e enumValueDefinitions \u003d new java.util.ArrayList\u003c\u003e();\n    for (java.lang.Enum\u003c?\u003e enumConstant : ((java.lang.Enum\u003c?\u003e[]) (javaType.getEnumConstants()))) {\n        enumValueDefinitions.add(new graphql.language.EnumValueDefinition(enumConstant.name(), new java.util.ArrayList(0)));\n    }\n    typeRegistry.add(new graphql.language.EnumTypeDefinition(typeName, enumValueDefinitions, new java.util.ArrayList(0)));\n}",
                "dst": "null",
                "src_parent_type": "If",
                "dst_parent_type": "null",
                "src_parent": "if (typeRegistry.getType(typeName).isPresent()) {\n    throw new java.lang.IllegalArgumentException((((\"Enum type with name \u0027\" + typeName) + \"\u0027 is registered multiple times: \") + (javaType.getName())));\n} else {\n    java.util.List\u003cgraphql.language.EnumValueDefinition\u003e enumValueDefinitions \u003d new java.util.ArrayList\u003c\u003e();\n    for (java.lang.Enum\u003c?\u003e enumConstant : ((java.lang.Enum\u003c?\u003e[]) (javaType.getEnumConstants()))) {\n        enumValueDefinitions.add(new graphql.language.EnumValueDefinition(enumConstant.name(), new java.util.ArrayList(0)));\n    }\n    typeRegistry.add(new graphql.language.EnumTypeDefinition(typeName, enumValueDefinitions, new java.util.ArrayList(0)));\n}",
                "dst_parent": "null"
              },
              "line": 395,
              "file": "/home/khesoem/projects/lighter/exp/integration/graphql/src/main/java/com/blazebit/persistence/integration/graphql/GraphQLEntityViewSupportFactory.java",
              "stats": {
                "number_of_src_entities": 124,
                "number_of_dst_entities": -1,
                "src_entity_types": "[graphql.language.EnumValueDefinition, int, java.lang.Enum\u003c?\u003e, java.lang.Enum, , java.util.ArrayList, java.lang.String, graphql.schema.idl.TypeDefinitionRegistry, java.util.List\u003cgraphql.language.EnumValueDefinition\u003e, java.lang.Class\u003c?\u003e, java.lang.Class]",
                "dst_entity_types": "[]"
              }
            }
          ]
        }
      ]
    }
  ],
  "complete_analysis": true
}