{
  "instances": [
    {
      "revision": "db6526161f44eff608fc0ea233572ec50f55107d",
      "repairability": [
        {
          "tool-name": "Arja",
          "pattern-name": "Arja:arja_shallow_change",
          "Unified_Diff_of-files:": "Starts Below...",
          "INSERT:": "",
          "CHANGE_old:": "            }",
          "CHANGE_new:": "",
          "DELETE:": "        final String andSeparator \u003d \" and \";",
          "instance_detail": [
            {
              "pattern_action": "ANY",
              "pattern_entity": {
                "entity_type": "Statement",
                "entity_new value": "*",
                "entity_role": "*",
                "entity_parent": "null"
              },
              "concrete_change": {
                "operator": "DEL",
                "src_type": "LocalVariable",
                "dst_type": "null",
                "src": "final java.lang.String andSeparator \u003d \" and \"",
                "dst": "null",
                "src_parent_type": "Block",
                "dst_parent_type": "null",
                "src_parent": "{\n    if ((entityFunctionNodes.isEmpty()) \u0026\u0026 (keyRestrictedLeftJoinAliases.isEmpty())) {\n        return new java.lang.StringBuilder(sqlQuery);\n    }\n    java.lang.StringBuilder sb \u003d new java.lang.StringBuilder((((sqlQuery.length()) + ((entityFunctionNodes.size()) * 100)) + ((keyRestrictedLeftJoinAliases.size()) * 20)));\n    com.blazebit.persistence.impl.function.entity.EntityFunction.appendSubqueryPart(sb, sqlQuery);\n    for (int i \u003d 1; i \u003c (entityFunctionNodes.size()); i++) {\n        com.blazebit.persistence.impl.function.entity.EntityFunction.removeSyntheticPredicate(sb, sqlQuery, sb.length());\n    }\n    for (java.lang.String sqlAlias : keyRestrictedLeftJoinAliases) {\n        applyLeftJoinSubqueryRewrite(sb, sqlAlias);\n    }\n    com.blazebit.persistence.spi.LateralStyle lateralStyle \u003d dbmsDialect.getLateralStyle();\n    final java.lang.String andSeparator \u003d \" and \";\n    for (com.blazebit.persistence.impl.query.EntityFunctionNode node : entityFunctionNodes) {\n        java.lang.String valuesTableSqlAlias \u003d node.getTableAlias();\n        java.lang.String valuesClause \u003d node.getSubquery();\n        java.lang.String valuesAliases \u003d node.getAliases();\n        java.lang.String syntheticPredicate \u003d node.getSyntheticPredicate();\n        boolean useApply \u003d (node.isLateral()) \u0026\u0026 (lateralStyle \u003d\u003d (com.blazebit.persistence.spi.LateralStyle.APPLY));\n        java.lang.String entityName \u003d node.getEntityName();\n        final java.lang.String subselect \u003d (\"( select * from \" + entityName) + \" )\";\n        final java.lang.String subselectTableExpr \u003d (subselect + \" \") + valuesTableSqlAlias;\n        int subselectIndex \u003d sb.indexOf(subselectTableExpr, 0);\n        if (subselectIndex \u003d\u003d (-1)) {\n            if (syntheticPredicate !\u003d null) {\n                int syntheticPredicateStart \u003d sb.indexOf(syntheticPredicate, com.blazebit.persistence.impl.util.SqlUtils.indexOfFrom(sb));\n                int end \u003d syntheticPredicateStart + (syntheticPredicate.length());\n                if ((sb.indexOf(andSeparator, end)) \u003d\u003d end) {\n                    sb.replace(syntheticPredicateStart, (end + (andSeparator.length())), \"\");\n                } else {\n                    sb.replace(syntheticPredicateStart, end, \"1\u003d1\");\n                }\n            }\n        } else {\n            while ((subselectIndex \u003d sb.indexOf(subselectTableExpr, subselectIndex)) \u003e (-1)) {\n                int endIndex \u003d subselectIndex + (subselect.length());\n                if (syntheticPredicate !\u003d null) {\n                    int syntheticPredicateStart \u003d sb.indexOf(syntheticPredicate, endIndex);\n                    int end \u003d syntheticPredicateStart + (syntheticPredicate.length());\n                    if ((sb.indexOf(andSeparator, end)) \u003d\u003d end) {\n                        sb.replace(syntheticPredicateStart, (end + (andSeparator.length())), \"\");\n                    } else {\n                        sb.replace(syntheticPredicateStart, end, \"1\u003d1\");\n                    }\n                }\n                sb.replace(subselectIndex, endIndex, entityName);\n            } \n        }\n        java.lang.String newSqlAlias \u003d null;\n        if ((node.getPluralTableJoin()) !\u003d null) {\n            newSqlAlias \u003d (node.getPluralTableAlias()) + \" \";\n            valuesTableSqlAlias +\u003d \" \" + (node.getPluralTableJoin());\n            if ((node.getPluralCollectionTableAlias()) !\u003d null) {\n                java.lang.String dereference \u003d (node.getPluralCollectionTableAlias()) + \".\";\n                int fromIndex \u003d com.blazebit.persistence.impl.util.SqlUtils.indexOfFrom(sb);\n                int dereferenceIndex \u003d 0;\n                while ((dereferenceIndex \u003d sb.indexOf(dereference, dereferenceIndex)) !\u003d (-1)) {\n                    if (dereferenceIndex \u003e fromIndex) {\n                        break;\n                    }\n                    sb.replace(dereferenceIndex, (dereferenceIndex + (node.getPluralCollectionTableAlias().length())), newSqlAlias);\n                    dereferenceIndex +\u003d (newSqlAlias.length()) - (node.getPluralCollectionTableAlias().length());\n                } \n            }\n        }\n        com.blazebit.persistence.impl.util.SqlUtils.applyTableNameRemapping(sb, valuesTableSqlAlias, valuesClause, valuesAliases, newSqlAlias, useApply);\n    }\n    return sb;\n}",
                "dst_parent": "null"
              },
              "line": 407,
              "file": "/home/khesoem/projects/lighter/exp/core/impl/src/main/java/com/blazebit/persistence/impl/query/CustomQuerySpecification.java",
              "stats": {
                "number_of_src_entities": 6,
                "number_of_dst_entities": -1,
                "src_entity_types": "[java.lang.String]",
                "dst_entity_types": "[]"
              }
            }
          ]
        },
        {
          "tool-name": "Arja",
          "pattern-name": "Arja:arja_shallow_change",
          "Unified_Diff_of-files:": "Starts Below...",
          "INSERT:": "",
          "CHANGE_old:": "            }",
          "CHANGE_new:": "",
          "DELETE:": "        final String andSeparator \u003d \" and \";",
          "instance_detail": [
            {
              "pattern_action": "ANY",
              "pattern_entity": {
                "entity_type": "Statement",
                "entity_new value": "*",
                "entity_role": "*",
                "entity_parent": "null"
              },
              "concrete_change": {
                "operator": "DEL",
                "src_type": "LocalVariable",
                "dst_type": "null",
                "src": "java.lang.String entityName \u003d node.getEntityName()",
                "dst": "null",
                "src_parent_type": "Block",
                "dst_parent_type": "null",
                "src_parent": "{\n    java.lang.String valuesTableSqlAlias \u003d node.getTableAlias();\n    java.lang.String valuesClause \u003d node.getSubquery();\n    java.lang.String valuesAliases \u003d node.getAliases();\n    java.lang.String syntheticPredicate \u003d node.getSyntheticPredicate();\n    boolean useApply \u003d (node.isLateral()) \u0026\u0026 (lateralStyle \u003d\u003d (com.blazebit.persistence.spi.LateralStyle.APPLY));\n    java.lang.String entityName \u003d node.getEntityName();\n    final java.lang.String subselect \u003d (\"( select * from \" + entityName) + \" )\";\n    final java.lang.String subselectTableExpr \u003d (subselect + \" \") + valuesTableSqlAlias;\n    int subselectIndex \u003d sb.indexOf(subselectTableExpr, 0);\n    if (subselectIndex \u003d\u003d (-1)) {\n        if (syntheticPredicate !\u003d null) {\n            int syntheticPredicateStart \u003d sb.indexOf(syntheticPredicate, com.blazebit.persistence.impl.util.SqlUtils.indexOfFrom(sb));\n            int end \u003d syntheticPredicateStart + (syntheticPredicate.length());\n            if ((sb.indexOf(andSeparator, end)) \u003d\u003d end) {\n                sb.replace(syntheticPredicateStart, (end + (andSeparator.length())), \"\");\n            } else {\n                sb.replace(syntheticPredicateStart, end, \"1\u003d1\");\n            }\n        }\n    } else {\n        while ((subselectIndex \u003d sb.indexOf(subselectTableExpr, subselectIndex)) \u003e (-1)) {\n            int endIndex \u003d subselectIndex + (subselect.length());\n            if (syntheticPredicate !\u003d null) {\n                int syntheticPredicateStart \u003d sb.indexOf(syntheticPredicate, endIndex);\n                int end \u003d syntheticPredicateStart + (syntheticPredicate.length());\n                if ((sb.indexOf(andSeparator, end)) \u003d\u003d end) {\n                    sb.replace(syntheticPredicateStart, (end + (andSeparator.length())), \"\");\n                } else {\n                    sb.replace(syntheticPredicateStart, end, \"1\u003d1\");\n                }\n            }\n            sb.replace(subselectIndex, endIndex, entityName);\n        } \n    }\n    java.lang.String newSqlAlias \u003d null;\n    if ((node.getPluralTableJoin()) !\u003d null) {\n        newSqlAlias \u003d (node.getPluralTableAlias()) + \" \";\n        valuesTableSqlAlias +\u003d \" \" + (node.getPluralTableJoin());\n        if ((node.getPluralCollectionTableAlias()) !\u003d null) {\n            java.lang.String dereference \u003d (node.getPluralCollectionTableAlias()) + \".\";\n            int fromIndex \u003d com.blazebit.persistence.impl.util.SqlUtils.indexOfFrom(sb);\n            int dereferenceIndex \u003d 0;\n            while ((dereferenceIndex \u003d sb.indexOf(dereference, dereferenceIndex)) !\u003d (-1)) {\n                if (dereferenceIndex \u003e fromIndex) {\n                    break;\n                }\n                sb.replace(dereferenceIndex, (dereferenceIndex + (node.getPluralCollectionTableAlias().length())), newSqlAlias);\n                dereferenceIndex +\u003d (newSqlAlias.length()) - (node.getPluralCollectionTableAlias().length());\n            } \n        }\n    }\n    com.blazebit.persistence.impl.util.SqlUtils.applyTableNameRemapping(sb, valuesTableSqlAlias, valuesClause, valuesAliases, newSqlAlias, useApply);\n}",
                "dst_parent": "null"
              },
              "line": 417,
              "file": "/home/khesoem/projects/lighter/exp/core/impl/src/main/java/com/blazebit/persistence/impl/query/CustomQuerySpecification.java"
            }
          ]
        },
        {
          "tool-name": "Arja",
          "pattern-name": "Arja:arja_shallow_change",
          "Unified_Diff_of-files:": "Starts Below...",
          "INSERT:": "",
          "CHANGE_old:": "            }",
          "CHANGE_new:": "",
          "DELETE:": "        final String andSeparator \u003d \" and \";",
          "instance_detail": [
            {
              "pattern_action": "ANY",
              "pattern_entity": {
                "entity_type": "Statement",
                "entity_new value": "*",
                "entity_role": "*",
                "entity_parent": "null"
              },
              "concrete_change": {
                "operator": "DEL",
                "src_type": "LocalVariable",
                "dst_type": "null",
                "src": "final java.lang.String subselect \u003d (\"( select * from \" + entityName) + \" )\"",
                "dst": "null",
                "src_parent_type": "Block",
                "dst_parent_type": "null",
                "src_parent": "{\n    java.lang.String valuesTableSqlAlias \u003d node.getTableAlias();\n    java.lang.String valuesClause \u003d node.getSubquery();\n    java.lang.String valuesAliases \u003d node.getAliases();\n    java.lang.String syntheticPredicate \u003d node.getSyntheticPredicate();\n    boolean useApply \u003d (node.isLateral()) \u0026\u0026 (lateralStyle \u003d\u003d (com.blazebit.persistence.spi.LateralStyle.APPLY));\n    java.lang.String entityName \u003d node.getEntityName();\n    final java.lang.String subselect \u003d (\"( select * from \" + entityName) + \" )\";\n    final java.lang.String subselectTableExpr \u003d (subselect + \" \") + valuesTableSqlAlias;\n    int subselectIndex \u003d sb.indexOf(subselectTableExpr, 0);\n    if (subselectIndex \u003d\u003d (-1)) {\n        if (syntheticPredicate !\u003d null) {\n            int syntheticPredicateStart \u003d sb.indexOf(syntheticPredicate, com.blazebit.persistence.impl.util.SqlUtils.indexOfFrom(sb));\n            int end \u003d syntheticPredicateStart + (syntheticPredicate.length());\n            if ((sb.indexOf(andSeparator, end)) \u003d\u003d end) {\n                sb.replace(syntheticPredicateStart, (end + (andSeparator.length())), \"\");\n            } else {\n                sb.replace(syntheticPredicateStart, end, \"1\u003d1\");\n            }\n        }\n    } else {\n        while ((subselectIndex \u003d sb.indexOf(subselectTableExpr, subselectIndex)) \u003e (-1)) {\n            int endIndex \u003d subselectIndex + (subselect.length());\n            if (syntheticPredicate !\u003d null) {\n                int syntheticPredicateStart \u003d sb.indexOf(syntheticPredicate, endIndex);\n                int end \u003d syntheticPredicateStart + (syntheticPredicate.length());\n                if ((sb.indexOf(andSeparator, end)) \u003d\u003d end) {\n                    sb.replace(syntheticPredicateStart, (end + (andSeparator.length())), \"\");\n                } else {\n                    sb.replace(syntheticPredicateStart, end, \"1\u003d1\");\n                }\n            }\n            sb.replace(subselectIndex, endIndex, entityName);\n        } \n    }\n    java.lang.String newSqlAlias \u003d null;\n    if ((node.getPluralTableJoin()) !\u003d null) {\n        newSqlAlias \u003d (node.getPluralTableAlias()) + \" \";\n        valuesTableSqlAlias +\u003d \" \" + (node.getPluralTableJoin());\n        if ((node.getPluralCollectionTableAlias()) !\u003d null) {\n            java.lang.String dereference \u003d (node.getPluralCollectionTableAlias()) + \".\";\n            int fromIndex \u003d com.blazebit.persistence.impl.util.SqlUtils.indexOfFrom(sb);\n            int dereferenceIndex \u003d 0;\n            while ((dereferenceIndex \u003d sb.indexOf(dereference, dereferenceIndex)) !\u003d (-1)) {\n                if (dereferenceIndex \u003e fromIndex) {\n                    break;\n                }\n                sb.replace(dereferenceIndex, (dereferenceIndex + (node.getPluralCollectionTableAlias().length())), newSqlAlias);\n                dereferenceIndex +\u003d (newSqlAlias.length()) - (node.getPluralCollectionTableAlias().length());\n            } \n        }\n    }\n    com.blazebit.persistence.impl.util.SqlUtils.applyTableNameRemapping(sb, valuesTableSqlAlias, valuesClause, valuesAliases, newSqlAlias, useApply);\n}",
                "dst_parent": "null"
              },
              "line": 418,
              "file": "/home/khesoem/projects/lighter/exp/core/impl/src/main/java/com/blazebit/persistence/impl/query/CustomQuerySpecification.java"
            }
          ]
        },
        {
          "tool-name": "Arja",
          "pattern-name": "Arja:arja_shallow_change",
          "Unified_Diff_of-files:": "Starts Below...",
          "INSERT:": "",
          "CHANGE_old:": "            }",
          "CHANGE_new:": "",
          "DELETE:": "        final String andSeparator \u003d \" and \";",
          "instance_detail": [
            {
              "pattern_action": "ANY",
              "pattern_entity": {
                "entity_type": "Statement",
                "entity_new value": "*",
                "entity_role": "*",
                "entity_parent": "null"
              },
              "concrete_change": {
                "operator": "DEL",
                "src_type": "LocalVariable",
                "dst_type": "null",
                "src": "final java.lang.String subselectTableExpr \u003d (subselect + \" \") + valuesTableSqlAlias",
                "dst": "null",
                "src_parent_type": "Block",
                "dst_parent_type": "null",
                "src_parent": "{\n    java.lang.String valuesTableSqlAlias \u003d node.getTableAlias();\n    java.lang.String valuesClause \u003d node.getSubquery();\n    java.lang.String valuesAliases \u003d node.getAliases();\n    java.lang.String syntheticPredicate \u003d node.getSyntheticPredicate();\n    boolean useApply \u003d (node.isLateral()) \u0026\u0026 (lateralStyle \u003d\u003d (com.blazebit.persistence.spi.LateralStyle.APPLY));\n    java.lang.String entityName \u003d node.getEntityName();\n    final java.lang.String subselect \u003d (\"( select * from \" + entityName) + \" )\";\n    final java.lang.String subselectTableExpr \u003d (subselect + \" \") + valuesTableSqlAlias;\n    int subselectIndex \u003d sb.indexOf(subselectTableExpr, 0);\n    if (subselectIndex \u003d\u003d (-1)) {\n        if (syntheticPredicate !\u003d null) {\n            int syntheticPredicateStart \u003d sb.indexOf(syntheticPredicate, com.blazebit.persistence.impl.util.SqlUtils.indexOfFrom(sb));\n            int end \u003d syntheticPredicateStart + (syntheticPredicate.length());\n            if ((sb.indexOf(andSeparator, end)) \u003d\u003d end) {\n                sb.replace(syntheticPredicateStart, (end + (andSeparator.length())), \"\");\n            } else {\n                sb.replace(syntheticPredicateStart, end, \"1\u003d1\");\n            }\n        }\n    } else {\n        while ((subselectIndex \u003d sb.indexOf(subselectTableExpr, subselectIndex)) \u003e (-1)) {\n            int endIndex \u003d subselectIndex + (subselect.length());\n            if (syntheticPredicate !\u003d null) {\n                int syntheticPredicateStart \u003d sb.indexOf(syntheticPredicate, endIndex);\n                int end \u003d syntheticPredicateStart + (syntheticPredicate.length());\n                if ((sb.indexOf(andSeparator, end)) \u003d\u003d end) {\n                    sb.replace(syntheticPredicateStart, (end + (andSeparator.length())), \"\");\n                } else {\n                    sb.replace(syntheticPredicateStart, end, \"1\u003d1\");\n                }\n            }\n            sb.replace(subselectIndex, endIndex, entityName);\n        } \n    }\n    java.lang.String newSqlAlias \u003d null;\n    if ((node.getPluralTableJoin()) !\u003d null) {\n        newSqlAlias \u003d (node.getPluralTableAlias()) + \" \";\n        valuesTableSqlAlias +\u003d \" \" + (node.getPluralTableJoin());\n        if ((node.getPluralCollectionTableAlias()) !\u003d null) {\n            java.lang.String dereference \u003d (node.getPluralCollectionTableAlias()) + \".\";\n            int fromIndex \u003d com.blazebit.persistence.impl.util.SqlUtils.indexOfFrom(sb);\n            int dereferenceIndex \u003d 0;\n            while ((dereferenceIndex \u003d sb.indexOf(dereference, dereferenceIndex)) !\u003d (-1)) {\n                if (dereferenceIndex \u003e fromIndex) {\n                    break;\n                }\n                sb.replace(dereferenceIndex, (dereferenceIndex + (node.getPluralCollectionTableAlias().length())), newSqlAlias);\n                dereferenceIndex +\u003d (newSqlAlias.length()) - (node.getPluralCollectionTableAlias().length());\n            } \n        }\n    }\n    com.blazebit.persistence.impl.util.SqlUtils.applyTableNameRemapping(sb, valuesTableSqlAlias, valuesClause, valuesAliases, newSqlAlias, useApply);\n}",
                "dst_parent": "null"
              },
              "line": 419,
              "file": "/home/khesoem/projects/lighter/exp/core/impl/src/main/java/com/blazebit/persistence/impl/query/CustomQuerySpecification.java"
            }
          ]
        },
        {
          "tool-name": "Arja",
          "pattern-name": "Arja:arja_shallow_change",
          "Unified_Diff_of-files:": "Starts Below...",
          "INSERT:": "",
          "CHANGE_old:": "            }",
          "CHANGE_new:": "",
          "DELETE:": "        final String andSeparator \u003d \" and \";",
          "instance_detail": [
            {
              "pattern_action": "ANY",
              "pattern_entity": {
                "entity_type": "Statement",
                "entity_new value": "*",
                "entity_role": "*",
                "entity_parent": "null"
              },
              "concrete_change": {
                "operator": "DEL",
                "src_type": "Invocation",
                "dst_type": "null",
                "src": "sb.indexOf(subselectTableExpr, 0)",
                "dst": "null",
                "src_parent_type": "LocalVariable",
                "dst_parent_type": "null",
                "src_parent": "int subselectIndex \u003d sb.indexOf(subselectTableExpr, 0)",
                "dst_parent": "null"
              },
              "line": 420,
              "file": "/home/khesoem/projects/lighter/exp/core/impl/src/main/java/com/blazebit/persistence/impl/query/CustomQuerySpecification.java"
            }
          ]
        },
        {
          "tool-name": "Arja",
          "pattern-name": "Arja:arja_shallow_change",
          "Unified_Diff_of-files:": "Starts Below...",
          "INSERT:": "",
          "CHANGE_old:": "            }",
          "CHANGE_new:": "",
          "DELETE:": "        final String andSeparator \u003d \" and \";",
          "instance_detail": [
            {
              "pattern_action": "ANY",
              "pattern_entity": {
                "entity_type": "Statement",
                "entity_new value": "*",
                "entity_role": "*",
                "entity_parent": "null"
              },
              "concrete_change": {
                "operator": "DEL",
                "src_type": "LocalVariable",
                "dst_type": "null",
                "src": "int subselectIndex \u003d sb.indexOf(subselectTableExpr, 0)",
                "dst": "null",
                "src_parent_type": "Block",
                "dst_parent_type": "null",
                "src_parent": "{\n    java.lang.String valuesTableSqlAlias \u003d node.getTableAlias();\n    java.lang.String valuesClause \u003d node.getSubquery();\n    java.lang.String valuesAliases \u003d node.getAliases();\n    java.lang.String syntheticPredicate \u003d node.getSyntheticPredicate();\n    boolean useApply \u003d (node.isLateral()) \u0026\u0026 (lateralStyle \u003d\u003d (com.blazebit.persistence.spi.LateralStyle.APPLY));\n    java.lang.String entityName \u003d node.getEntityName();\n    final java.lang.String subselect \u003d (\"( select * from \" + entityName) + \" )\";\n    final java.lang.String subselectTableExpr \u003d (subselect + \" \") + valuesTableSqlAlias;\n    int subselectIndex \u003d sb.indexOf(subselectTableExpr, 0);\n    if (subselectIndex \u003d\u003d (-1)) {\n        if (syntheticPredicate !\u003d null) {\n            int syntheticPredicateStart \u003d sb.indexOf(syntheticPredicate, com.blazebit.persistence.impl.util.SqlUtils.indexOfFrom(sb));\n            int end \u003d syntheticPredicateStart + (syntheticPredicate.length());\n            if ((sb.indexOf(andSeparator, end)) \u003d\u003d end) {\n                sb.replace(syntheticPredicateStart, (end + (andSeparator.length())), \"\");\n            } else {\n                sb.replace(syntheticPredicateStart, end, \"1\u003d1\");\n            }\n        }\n    } else {\n        while ((subselectIndex \u003d sb.indexOf(subselectTableExpr, subselectIndex)) \u003e (-1)) {\n            int endIndex \u003d subselectIndex + (subselect.length());\n            if (syntheticPredicate !\u003d null) {\n                int syntheticPredicateStart \u003d sb.indexOf(syntheticPredicate, endIndex);\n                int end \u003d syntheticPredicateStart + (syntheticPredicate.length());\n                if ((sb.indexOf(andSeparator, end)) \u003d\u003d end) {\n                    sb.replace(syntheticPredicateStart, (end + (andSeparator.length())), \"\");\n                } else {\n                    sb.replace(syntheticPredicateStart, end, \"1\u003d1\");\n                }\n            }\n            sb.replace(subselectIndex, endIndex, entityName);\n        } \n    }\n    java.lang.String newSqlAlias \u003d null;\n    if ((node.getPluralTableJoin()) !\u003d null) {\n        newSqlAlias \u003d (node.getPluralTableAlias()) + \" \";\n        valuesTableSqlAlias +\u003d \" \" + (node.getPluralTableJoin());\n        if ((node.getPluralCollectionTableAlias()) !\u003d null) {\n            java.lang.String dereference \u003d (node.getPluralCollectionTableAlias()) + \".\";\n            int fromIndex \u003d com.blazebit.persistence.impl.util.SqlUtils.indexOfFrom(sb);\n            int dereferenceIndex \u003d 0;\n            while ((dereferenceIndex \u003d sb.indexOf(dereference, dereferenceIndex)) !\u003d (-1)) {\n                if (dereferenceIndex \u003e fromIndex) {\n                    break;\n                }\n                sb.replace(dereferenceIndex, (dereferenceIndex + (node.getPluralCollectionTableAlias().length())), newSqlAlias);\n                dereferenceIndex +\u003d (newSqlAlias.length()) - (node.getPluralCollectionTableAlias().length());\n            } \n        }\n    }\n    com.blazebit.persistence.impl.util.SqlUtils.applyTableNameRemapping(sb, valuesTableSqlAlias, valuesClause, valuesAliases, newSqlAlias, useApply);\n}",
                "dst_parent": "null"
              },
              "line": 420,
              "file": "/home/khesoem/projects/lighter/exp/core/impl/src/main/java/com/blazebit/persistence/impl/query/CustomQuerySpecification.java"
            }
          ]
        },
        {
          "tool-name": "Arja",
          "pattern-name": "Arja:arja_shallow_change",
          "Unified_Diff_of-files:": "Starts Below...",
          "INSERT:": "",
          "CHANGE_old:": "            }",
          "CHANGE_new:": "",
          "DELETE:": "        final String andSeparator \u003d \" and \";",
          "instance_detail": [
            {
              "pattern_action": "ANY",
              "pattern_entity": {
                "entity_type": "Statement",
                "entity_new value": "*",
                "entity_role": "*",
                "entity_parent": "null"
              },
              "concrete_change": {
                "operator": "DEL",
                "src_type": "UnaryOperator",
                "dst_type": "null",
                "src": "(-1)",
                "dst": "null",
                "src_parent_type": "BinaryOperator",
                "dst_parent_type": "null",
                "src_parent": "subselectIndex \u003d\u003d (-1)",
                "dst_parent": "null"
              },
              "line": 421,
              "file": "/home/khesoem/projects/lighter/exp/core/impl/src/main/java/com/blazebit/persistence/impl/query/CustomQuerySpecification.java"
            }
          ]
        },
        {
          "tool-name": "Arja",
          "pattern-name": "Arja:arja_shallow_change",
          "Unified_Diff_of-files:": "Starts Below...",
          "INSERT:": "",
          "CHANGE_old:": "            }",
          "CHANGE_new:": "",
          "DELETE:": "        final String andSeparator \u003d \" and \";",
          "instance_detail": [
            {
              "pattern_action": "ANY",
              "pattern_entity": {
                "entity_type": "Statement",
                "entity_new value": "*",
                "entity_role": "*",
                "entity_parent": "null"
              },
              "concrete_change": {
                "operator": "DEL",
                "src_type": "Invocation",
                "dst_type": "null",
                "src": "com.blazebit.persistence.impl.util.SqlUtils.indexOfFrom(sb)",
                "dst": "null",
                "src_parent_type": "Invocation",
                "dst_parent_type": "null",
                "src_parent": "sb.indexOf(syntheticPredicate, com.blazebit.persistence.impl.util.SqlUtils.indexOfFrom(sb))",
                "dst_parent": "null"
              },
              "line": 424,
              "file": "/home/khesoem/projects/lighter/exp/core/impl/src/main/java/com/blazebit/persistence/impl/query/CustomQuerySpecification.java"
            }
          ]
        },
        {
          "tool-name": "Arja",
          "pattern-name": "Arja:arja_shallow_change",
          "Unified_Diff_of-files:": "Starts Below...",
          "INSERT:": "",
          "CHANGE_old:": "            }",
          "CHANGE_new:": "",
          "DELETE:": "        final String andSeparator \u003d \" and \";",
          "instance_detail": [
            {
              "pattern_action": "ANY",
              "pattern_entity": {
                "entity_type": "Statement",
                "entity_new value": "*",
                "entity_role": "*",
                "entity_parent": "null"
              },
              "concrete_change": {
                "operator": "DEL",
                "src_type": "Invocation",
                "dst_type": "null",
                "src": "sb.indexOf(syntheticPredicate, com.blazebit.persistence.impl.util.SqlUtils.indexOfFrom(sb))",
                "dst": "null",
                "src_parent_type": "LocalVariable",
                "dst_parent_type": "null",
                "src_parent": "int syntheticPredicateStart \u003d sb.indexOf(syntheticPredicate, com.blazebit.persistence.impl.util.SqlUtils.indexOfFrom(sb))",
                "dst_parent": "null"
              },
              "line": 424,
              "file": "/home/khesoem/projects/lighter/exp/core/impl/src/main/java/com/blazebit/persistence/impl/query/CustomQuerySpecification.java"
            }
          ]
        },
        {
          "tool-name": "Arja",
          "pattern-name": "Arja:arja_shallow_change",
          "Unified_Diff_of-files:": "Starts Below...",
          "INSERT:": "",
          "CHANGE_old:": "            }",
          "CHANGE_new:": "",
          "DELETE:": "        final String andSeparator \u003d \" and \";",
          "instance_detail": [
            {
              "pattern_action": "ANY",
              "pattern_entity": {
                "entity_type": "Statement",
                "entity_new value": "*",
                "entity_role": "*",
                "entity_parent": "null"
              },
              "concrete_change": {
                "operator": "DEL",
                "src_type": "LocalVariable",
                "dst_type": "null",
                "src": "int syntheticPredicateStart \u003d sb.indexOf(syntheticPredicate, com.blazebit.persistence.impl.util.SqlUtils.indexOfFrom(sb))",
                "dst": "null",
                "src_parent_type": "Block",
                "dst_parent_type": "null",
                "src_parent": "{\n    int syntheticPredicateStart \u003d sb.indexOf(syntheticPredicate, com.blazebit.persistence.impl.util.SqlUtils.indexOfFrom(sb));\n    int end \u003d syntheticPredicateStart + (syntheticPredicate.length());\n    if ((sb.indexOf(andSeparator, end)) \u003d\u003d end) {\n        sb.replace(syntheticPredicateStart, (end + (andSeparator.length())), \"\");\n    } else {\n        sb.replace(syntheticPredicateStart, end, \"1\u003d1\");\n    }\n}",
                "dst_parent": "null"
              },
              "line": 424,
              "file": "/home/khesoem/projects/lighter/exp/core/impl/src/main/java/com/blazebit/persistence/impl/query/CustomQuerySpecification.java"
            }
          ]
        },
        {
          "tool-name": "Arja",
          "pattern-name": "Arja:arja_shallow_change",
          "Unified_Diff_of-files:": "Starts Below...",
          "INSERT:": "",
          "CHANGE_old:": "            }",
          "CHANGE_new:": "",
          "DELETE:": "        final String andSeparator \u003d \" and \";",
          "instance_detail": [
            {
              "pattern_action": "ANY",
              "pattern_entity": {
                "entity_type": "Statement",
                "entity_new value": "*",
                "entity_role": "*",
                "entity_parent": "null"
              },
              "concrete_change": {
                "operator": "DEL",
                "src_type": "Invocation",
                "dst_type": "null",
                "src": "(syntheticPredicate.length())",
                "dst": "null",
                "src_parent_type": "BinaryOperator",
                "dst_parent_type": "null",
                "src_parent": "syntheticPredicateStart + (syntheticPredicate.length())",
                "dst_parent": "null"
              },
              "line": 425,
              "file": "/home/khesoem/projects/lighter/exp/core/impl/src/main/java/com/blazebit/persistence/impl/query/CustomQuerySpecification.java"
            }
          ]
        },
        {
          "tool-name": "Arja",
          "pattern-name": "Arja:arja_shallow_change",
          "Unified_Diff_of-files:": "Starts Below...",
          "INSERT:": "",
          "CHANGE_old:": "            }",
          "CHANGE_new:": "",
          "DELETE:": "        final String andSeparator \u003d \" and \";",
          "instance_detail": [
            {
              "pattern_action": "ANY",
              "pattern_entity": {
                "entity_type": "Statement",
                "entity_new value": "*",
                "entity_role": "*",
                "entity_parent": "null"
              },
              "concrete_change": {
                "operator": "DEL",
                "src_type": "LocalVariable",
                "dst_type": "null",
                "src": "int end \u003d syntheticPredicateStart + (syntheticPredicate.length())",
                "dst": "null",
                "src_parent_type": "Block",
                "dst_parent_type": "null",
                "src_parent": "{\n    int syntheticPredicateStart \u003d sb.indexOf(syntheticPredicate, com.blazebit.persistence.impl.util.SqlUtils.indexOfFrom(sb));\n    int end \u003d syntheticPredicateStart + (syntheticPredicate.length());\n    if ((sb.indexOf(andSeparator, end)) \u003d\u003d end) {\n        sb.replace(syntheticPredicateStart, (end + (andSeparator.length())), \"\");\n    } else {\n        sb.replace(syntheticPredicateStart, end, \"1\u003d1\");\n    }\n}",
                "dst_parent": "null"
              },
              "line": 425,
              "file": "/home/khesoem/projects/lighter/exp/core/impl/src/main/java/com/blazebit/persistence/impl/query/CustomQuerySpecification.java"
            }
          ]
        },
        {
          "tool-name": "Arja",
          "pattern-name": "Arja:arja_shallow_change",
          "Unified_Diff_of-files:": "Starts Below...",
          "INSERT:": "",
          "CHANGE_old:": "            }",
          "CHANGE_new:": "",
          "DELETE:": "        final String andSeparator \u003d \" and \";",
          "instance_detail": [
            {
              "pattern_action": "ANY",
              "pattern_entity": {
                "entity_type": "Statement",
                "entity_new value": "*",
                "entity_role": "*",
                "entity_parent": "null"
              },
              "concrete_change": {
                "operator": "DEL",
                "src_type": "Invocation",
                "dst_type": "null",
                "src": "(sb.indexOf(andSeparator, end))",
                "dst": "null",
                "src_parent_type": "BinaryOperator",
                "dst_parent_type": "null",
                "src_parent": "(sb.indexOf(andSeparator, end)) \u003d\u003d end",
                "dst_parent": "null"
              },
              "line": 426,
              "file": "/home/khesoem/projects/lighter/exp/core/impl/src/main/java/com/blazebit/persistence/impl/query/CustomQuerySpecification.java"
            }
          ]
        },
        {
          "tool-name": "Arja",
          "pattern-name": "Arja:arja_shallow_change",
          "Unified_Diff_of-files:": "Starts Below...",
          "INSERT:": "",
          "CHANGE_old:": "            }",
          "CHANGE_new:": "",
          "DELETE:": "        final String andSeparator \u003d \" and \";",
          "instance_detail": [
            {
              "pattern_action": "ANY",
              "pattern_entity": {
                "entity_type": "Statement",
                "entity_new value": "*",
                "entity_role": "*",
                "entity_parent": "null"
              },
              "concrete_change": {
                "operator": "DEL",
                "src_type": "Invocation",
                "dst_type": "null",
                "src": "(andSeparator.length())",
                "dst": "null",
                "src_parent_type": "BinaryOperator",
                "dst_parent_type": "null",
                "src_parent": "(end + (andSeparator.length()))",
                "dst_parent": "null"
              },
              "line": 427,
              "file": "/home/khesoem/projects/lighter/exp/core/impl/src/main/java/com/blazebit/persistence/impl/query/CustomQuerySpecification.java"
            }
          ]
        },
        {
          "tool-name": "Arja",
          "pattern-name": "Arja:arja_shallow_change",
          "Unified_Diff_of-files:": "Starts Below...",
          "INSERT:": "",
          "CHANGE_old:": "            }",
          "CHANGE_new:": "",
          "DELETE:": "        final String andSeparator \u003d \" and \";",
          "instance_detail": [
            {
              "pattern_action": "ANY",
              "pattern_entity": {
                "entity_type": "Statement",
                "entity_new value": "*",
                "entity_role": "*",
                "entity_parent": "null"
              },
              "concrete_change": {
                "operator": "DEL",
                "src_type": "Invocation",
                "dst_type": "null",
                "src": "sb.replace(syntheticPredicateStart, (end + (andSeparator.length())), \"\")",
                "dst": "null",
                "src_parent_type": "Block",
                "dst_parent_type": "null",
                "src_parent": "{\n    sb.replace(syntheticPredicateStart, (end + (andSeparator.length())), \"\");\n}",
                "dst_parent": "null"
              },
              "line": 427,
              "file": "/home/khesoem/projects/lighter/exp/core/impl/src/main/java/com/blazebit/persistence/impl/query/CustomQuerySpecification.java"
            }
          ]
        },
        {
          "tool-name": "Arja",
          "pattern-name": "Arja:arja_shallow_change",
          "Unified_Diff_of-files:": "Starts Below...",
          "INSERT:": "",
          "CHANGE_old:": "            }",
          "CHANGE_new:": "",
          "DELETE:": "        final String andSeparator \u003d \" and \";",
          "instance_detail": [
            {
              "pattern_action": "ANY",
              "pattern_entity": {
                "entity_type": "Statement",
                "entity_new value": "*",
                "entity_role": "*",
                "entity_parent": "null"
              },
              "concrete_change": {
                "operator": "DEL",
                "src_type": "Block",
                "dst_type": "null",
                "src": "{\n    sb.replace(syntheticPredicateStart, (end + (andSeparator.length())), \"\");\n}",
                "dst": "null",
                "src_parent_type": "If",
                "dst_parent_type": "null",
                "src_parent": "if ((sb.indexOf(andSeparator, end)) \u003d\u003d end) {\n    sb.replace(syntheticPredicateStart, (end + (andSeparator.length())), \"\");\n} else {\n    sb.replace(syntheticPredicateStart, end, \"1\u003d1\");\n}",
                "dst_parent": "null"
              },
              "line": 426,
              "file": "/home/khesoem/projects/lighter/exp/core/impl/src/main/java/com/blazebit/persistence/impl/query/CustomQuerySpecification.java"
            }
          ]
        },
        {
          "tool-name": "Arja",
          "pattern-name": "Arja:arja_shallow_change",
          "Unified_Diff_of-files:": "Starts Below...",
          "INSERT:": "",
          "CHANGE_old:": "            }",
          "CHANGE_new:": "",
          "DELETE:": "        final String andSeparator \u003d \" and \";",
          "instance_detail": [
            {
              "pattern_action": "ANY",
              "pattern_entity": {
                "entity_type": "Statement",
                "entity_new value": "*",
                "entity_role": "*",
                "entity_parent": "null"
              },
              "concrete_change": {
                "operator": "DEL",
                "src_type": "Invocation",
                "dst_type": "null",
                "src": "sb.replace(syntheticPredicateStart, end, \"1\u003d1\")",
                "dst": "null",
                "src_parent_type": "Block",
                "dst_parent_type": "null",
                "src_parent": "{\n    sb.replace(syntheticPredicateStart, end, \"1\u003d1\");\n}",
                "dst_parent": "null"
              },
              "line": 429,
              "file": "/home/khesoem/projects/lighter/exp/core/impl/src/main/java/com/blazebit/persistence/impl/query/CustomQuerySpecification.java"
            }
          ]
        },
        {
          "tool-name": "Arja",
          "pattern-name": "Arja:arja_shallow_change",
          "Unified_Diff_of-files:": "Starts Below...",
          "INSERT:": "",
          "CHANGE_old:": "            }",
          "CHANGE_new:": "",
          "DELETE:": "        final String andSeparator \u003d \" and \";",
          "instance_detail": [
            {
              "pattern_action": "ANY",
              "pattern_entity": {
                "entity_type": "Statement",
                "entity_new value": "*",
                "entity_role": "*",
                "entity_parent": "null"
              },
              "concrete_change": {
                "operator": "DEL",
                "src_type": "Block",
                "dst_type": "null",
                "src": "{\n    sb.replace(syntheticPredicateStart, end, \"1\u003d1\");\n}",
                "dst": "null",
                "src_parent_type": "If",
                "dst_parent_type": "null",
                "src_parent": "if ((sb.indexOf(andSeparator, end)) \u003d\u003d end) {\n    sb.replace(syntheticPredicateStart, (end + (andSeparator.length())), \"\");\n} else {\n    sb.replace(syntheticPredicateStart, end, \"1\u003d1\");\n}",
                "dst_parent": "null"
              },
              "line": 428,
              "file": "/home/khesoem/projects/lighter/exp/core/impl/src/main/java/com/blazebit/persistence/impl/query/CustomQuerySpecification.java"
            }
          ]
        },
        {
          "tool-name": "Arja",
          "pattern-name": "Arja:arja_shallow_change",
          "Unified_Diff_of-files:": "Starts Below...",
          "INSERT:": "",
          "CHANGE_old:": "            }",
          "CHANGE_new:": "",
          "DELETE:": "        final String andSeparator \u003d \" and \";",
          "instance_detail": [
            {
              "pattern_action": "ANY",
              "pattern_entity": {
                "entity_type": "Statement",
                "entity_new value": "*",
                "entity_role": "*",
                "entity_parent": "null"
              },
              "concrete_change": {
                "operator": "DEL",
                "src_type": "If",
                "dst_type": "null",
                "src": "if ((sb.indexOf(andSeparator, end)) \u003d\u003d end) {\n    sb.replace(syntheticPredicateStart, (end + (andSeparator.length())), \"\");\n} else {\n    sb.replace(syntheticPredicateStart, end, \"1\u003d1\");\n}",
                "dst": "null",
                "src_parent_type": "Block",
                "dst_parent_type": "null",
                "src_parent": "{\n    int syntheticPredicateStart \u003d sb.indexOf(syntheticPredicate, com.blazebit.persistence.impl.util.SqlUtils.indexOfFrom(sb));\n    int end \u003d syntheticPredicateStart + (syntheticPredicate.length());\n    if ((sb.indexOf(andSeparator, end)) \u003d\u003d end) {\n        sb.replace(syntheticPredicateStart, (end + (andSeparator.length())), \"\");\n    } else {\n        sb.replace(syntheticPredicateStart, end, \"1\u003d1\");\n    }\n}",
                "dst_parent": "null"
              },
              "line": 426,
              "file": "/home/khesoem/projects/lighter/exp/core/impl/src/main/java/com/blazebit/persistence/impl/query/CustomQuerySpecification.java"
            }
          ]
        },
        {
          "tool-name": "Arja",
          "pattern-name": "Arja:arja_shallow_change",
          "Unified_Diff_of-files:": "Starts Below...",
          "INSERT:": "",
          "CHANGE_old:": "            }",
          "CHANGE_new:": "",
          "DELETE:": "        final String andSeparator \u003d \" and \";",
          "instance_detail": [
            {
              "pattern_action": "ANY",
              "pattern_entity": {
                "entity_type": "Statement",
                "entity_new value": "*",
                "entity_role": "*",
                "entity_parent": "null"
              },
              "concrete_change": {
                "operator": "DEL",
                "src_type": "Block",
                "dst_type": "null",
                "src": "{\n    int syntheticPredicateStart \u003d sb.indexOf(syntheticPredicate, com.blazebit.persistence.impl.util.SqlUtils.indexOfFrom(sb));\n    int end \u003d syntheticPredicateStart + (syntheticPredicate.length());\n    if ((sb.indexOf(andSeparator, end)) \u003d\u003d end) {\n        sb.replace(syntheticPredicateStart, (end + (andSeparator.length())), \"\");\n    } else {\n        sb.replace(syntheticPredicateStart, end, \"1\u003d1\");\n    }\n}",
                "dst": "null",
                "src_parent_type": "If",
                "dst_parent_type": "null",
                "src_parent": "if (syntheticPredicate !\u003d null) {\n    int syntheticPredicateStart \u003d sb.indexOf(syntheticPredicate, com.blazebit.persistence.impl.util.SqlUtils.indexOfFrom(sb));\n    int end \u003d syntheticPredicateStart + (syntheticPredicate.length());\n    if ((sb.indexOf(andSeparator, end)) \u003d\u003d end) {\n        sb.replace(syntheticPredicateStart, (end + (andSeparator.length())), \"\");\n    } else {\n        sb.replace(syntheticPredicateStart, end, \"1\u003d1\");\n    }\n}",
                "dst_parent": "null"
              },
              "line": 422,
              "file": "/home/khesoem/projects/lighter/exp/core/impl/src/main/java/com/blazebit/persistence/impl/query/CustomQuerySpecification.java"
            }
          ]
        },
        {
          "tool-name": "Arja",
          "pattern-name": "Arja:arja_shallow_change",
          "Unified_Diff_of-files:": "Starts Below...",
          "INSERT:": "",
          "CHANGE_old:": "            }",
          "CHANGE_new:": "",
          "DELETE:": "        final String andSeparator \u003d \" and \";",
          "instance_detail": [
            {
              "pattern_action": "ANY",
              "pattern_entity": {
                "entity_type": "Statement",
                "entity_new value": "*",
                "entity_role": "*",
                "entity_parent": "null"
              },
              "concrete_change": {
                "operator": "DEL",
                "src_type": "If",
                "dst_type": "null",
                "src": "if (syntheticPredicate !\u003d null) {\n    int syntheticPredicateStart \u003d sb.indexOf(syntheticPredicate, com.blazebit.persistence.impl.util.SqlUtils.indexOfFrom(sb));\n    int end \u003d syntheticPredicateStart + (syntheticPredicate.length());\n    if ((sb.indexOf(andSeparator, end)) \u003d\u003d end) {\n        sb.replace(syntheticPredicateStart, (end + (andSeparator.length())), \"\");\n    } else {\n        sb.replace(syntheticPredicateStart, end, \"1\u003d1\");\n    }\n}",
                "dst": "null",
                "src_parent_type": "Block",
                "dst_parent_type": "null",
                "src_parent": "{\n    if (syntheticPredicate !\u003d null) {\n        int syntheticPredicateStart \u003d sb.indexOf(syntheticPredicate, com.blazebit.persistence.impl.util.SqlUtils.indexOfFrom(sb));\n        int end \u003d syntheticPredicateStart + (syntheticPredicate.length());\n        if ((sb.indexOf(andSeparator, end)) \u003d\u003d end) {\n            sb.replace(syntheticPredicateStart, (end + (andSeparator.length())), \"\");\n        } else {\n            sb.replace(syntheticPredicateStart, end, \"1\u003d1\");\n        }\n    }\n}",
                "dst_parent": "null"
              },
              "line": 422,
              "file": "/home/khesoem/projects/lighter/exp/core/impl/src/main/java/com/blazebit/persistence/impl/query/CustomQuerySpecification.java"
            }
          ]
        },
        {
          "tool-name": "Arja",
          "pattern-name": "Arja:arja_shallow_change",
          "Unified_Diff_of-files:": "Starts Below...",
          "INSERT:": "",
          "CHANGE_old:": "            }",
          "CHANGE_new:": "",
          "DELETE:": "        final String andSeparator \u003d \" and \";",
          "instance_detail": [
            {
              "pattern_action": "ANY",
              "pattern_entity": {
                "entity_type": "Statement",
                "entity_new value": "*",
                "entity_role": "*",
                "entity_parent": "null"
              },
              "concrete_change": {
                "operator": "DEL",
                "src_type": "Block",
                "dst_type": "null",
                "src": "{\n    if (syntheticPredicate !\u003d null) {\n        int syntheticPredicateStart \u003d sb.indexOf(syntheticPredicate, com.blazebit.persistence.impl.util.SqlUtils.indexOfFrom(sb));\n        int end \u003d syntheticPredicateStart + (syntheticPredicate.length());\n        if ((sb.indexOf(andSeparator, end)) \u003d\u003d end) {\n            sb.replace(syntheticPredicateStart, (end + (andSeparator.length())), \"\");\n        } else {\n            sb.replace(syntheticPredicateStart, end, \"1\u003d1\");\n        }\n    }\n}",
                "dst": "null",
                "src_parent_type": "If",
                "dst_parent_type": "null",
                "src_parent": "if (subselectIndex \u003d\u003d (-1)) {\n    if (syntheticPredicate !\u003d null) {\n        int syntheticPredicateStart \u003d sb.indexOf(syntheticPredicate, com.blazebit.persistence.impl.util.SqlUtils.indexOfFrom(sb));\n        int end \u003d syntheticPredicateStart + (syntheticPredicate.length());\n        if ((sb.indexOf(andSeparator, end)) \u003d\u003d end) {\n            sb.replace(syntheticPredicateStart, (end + (andSeparator.length())), \"\");\n        } else {\n            sb.replace(syntheticPredicateStart, end, \"1\u003d1\");\n        }\n    }\n} else {\n    while ((subselectIndex \u003d sb.indexOf(subselectTableExpr, subselectIndex)) \u003e (-1)) {\n        int endIndex \u003d subselectIndex + (subselect.length());\n        if (syntheticPredicate !\u003d null) {\n            int syntheticPredicateStart \u003d sb.indexOf(syntheticPredicate, endIndex);\n            int end \u003d syntheticPredicateStart + (syntheticPredicate.length());\n            if ((sb.indexOf(andSeparator, end)) \u003d\u003d end) {\n                sb.replace(syntheticPredicateStart, (end + (andSeparator.length())), \"\");\n            } else {\n                sb.replace(syntheticPredicateStart, end, \"1\u003d1\");\n            }\n        }\n        sb.replace(subselectIndex, endIndex, entityName);\n    } \n}",
                "dst_parent": "null"
              },
              "line": 421,
              "file": "/home/khesoem/projects/lighter/exp/core/impl/src/main/java/com/blazebit/persistence/impl/query/CustomQuerySpecification.java"
            }
          ]
        },
        {
          "tool-name": "Arja",
          "pattern-name": "Arja:arja_shallow_change",
          "Unified_Diff_of-files:": "Starts Below...",
          "INSERT:": "",
          "CHANGE_old:": "            }",
          "CHANGE_new:": "",
          "DELETE:": "        final String andSeparator \u003d \" and \";",
          "instance_detail": [
            {
              "pattern_action": "ANY",
              "pattern_entity": {
                "entity_type": "Statement",
                "entity_new value": "*",
                "entity_role": "*",
                "entity_parent": "null"
              },
              "concrete_change": {
                "operator": "DEL",
                "src_type": "Invocation",
                "dst_type": "null",
                "src": "sb.indexOf(subselectTableExpr, subselectIndex)",
                "dst": "null",
                "src_parent_type": "Assignment",
                "dst_parent_type": "null",
                "src_parent": "(subselectIndex \u003d sb.indexOf(subselectTableExpr, subselectIndex))",
                "dst_parent": "null"
              },
              "line": 433,
              "file": "/home/khesoem/projects/lighter/exp/core/impl/src/main/java/com/blazebit/persistence/impl/query/CustomQuerySpecification.java"
            }
          ]
        },
        {
          "tool-name": "Arja",
          "pattern-name": "Arja:arja_shallow_change",
          "Unified_Diff_of-files:": "Starts Below...",
          "INSERT:": "",
          "CHANGE_old:": "            }",
          "CHANGE_new:": "",
          "DELETE:": "        final String andSeparator \u003d \" and \";",
          "instance_detail": [
            {
              "pattern_action": "ANY",
              "pattern_entity": {
                "entity_type": "Statement",
                "entity_new value": "*",
                "entity_role": "*",
                "entity_parent": "null"
              },
              "concrete_change": {
                "operator": "DEL",
                "src_type": "Assignment",
                "dst_type": "null",
                "src": "(subselectIndex \u003d sb.indexOf(subselectTableExpr, subselectIndex))",
                "dst": "null",
                "src_parent_type": "BinaryOperator",
                "dst_parent_type": "null",
                "src_parent": "(subselectIndex \u003d sb.indexOf(subselectTableExpr, subselectIndex)) \u003e (-1)",
                "dst_parent": "null"
              },
              "line": 433,
              "file": "/home/khesoem/projects/lighter/exp/core/impl/src/main/java/com/blazebit/persistence/impl/query/CustomQuerySpecification.java"
            }
          ]
        },
        {
          "tool-name": "Arja",
          "pattern-name": "Arja:arja_shallow_change",
          "Unified_Diff_of-files:": "Starts Below...",
          "INSERT:": "",
          "CHANGE_old:": "            }",
          "CHANGE_new:": "",
          "DELETE:": "        final String andSeparator \u003d \" and \";",
          "instance_detail": [
            {
              "pattern_action": "ANY",
              "pattern_entity": {
                "entity_type": "Statement",
                "entity_new value": "*",
                "entity_role": "*",
                "entity_parent": "null"
              },
              "concrete_change": {
                "operator": "DEL",
                "src_type": "UnaryOperator",
                "dst_type": "null",
                "src": "(-1)",
                "dst": "null",
                "src_parent_type": "BinaryOperator",
                "dst_parent_type": "null",
                "src_parent": "(subselectIndex \u003d sb.indexOf(subselectTableExpr, subselectIndex)) \u003e (-1)",
                "dst_parent": "null"
              },
              "line": 433,
              "file": "/home/khesoem/projects/lighter/exp/core/impl/src/main/java/com/blazebit/persistence/impl/query/CustomQuerySpecification.java"
            }
          ]
        },
        {
          "tool-name": "Arja",
          "pattern-name": "Arja:arja_shallow_change",
          "Unified_Diff_of-files:": "Starts Below...",
          "INSERT:": "",
          "CHANGE_old:": "            }",
          "CHANGE_new:": "",
          "DELETE:": "        final String andSeparator \u003d \" and \";",
          "instance_detail": [
            {
              "pattern_action": "ANY",
              "pattern_entity": {
                "entity_type": "Statement",
                "entity_new value": "*",
                "entity_role": "*",
                "entity_parent": "null"
              },
              "concrete_change": {
                "operator": "DEL",
                "src_type": "Invocation",
                "dst_type": "null",
                "src": "(subselect.length())",
                "dst": "null",
                "src_parent_type": "BinaryOperator",
                "dst_parent_type": "null",
                "src_parent": "subselectIndex + (subselect.length())",
                "dst_parent": "null"
              },
              "line": 434,
              "file": "/home/khesoem/projects/lighter/exp/core/impl/src/main/java/com/blazebit/persistence/impl/query/CustomQuerySpecification.java"
            }
          ]
        },
        {
          "tool-name": "Arja",
          "pattern-name": "Arja:arja_shallow_change",
          "Unified_Diff_of-files:": "Starts Below...",
          "INSERT:": "",
          "CHANGE_old:": "            }",
          "CHANGE_new:": "",
          "DELETE:": "        final String andSeparator \u003d \" and \";",
          "instance_detail": [
            {
              "pattern_action": "ANY",
              "pattern_entity": {
                "entity_type": "Statement",
                "entity_new value": "*",
                "entity_role": "*",
                "entity_parent": "null"
              },
              "concrete_change": {
                "operator": "DEL",
                "src_type": "LocalVariable",
                "dst_type": "null",
                "src": "int endIndex \u003d subselectIndex + (subselect.length())",
                "dst": "null",
                "src_parent_type": "Block",
                "dst_parent_type": "null",
                "src_parent": "{\n    int endIndex \u003d subselectIndex + (subselect.length());\n    if (syntheticPredicate !\u003d null) {\n        int syntheticPredicateStart \u003d sb.indexOf(syntheticPredicate, endIndex);\n        int end \u003d syntheticPredicateStart + (syntheticPredicate.length());\n        if ((sb.indexOf(andSeparator, end)) \u003d\u003d end) {\n            sb.replace(syntheticPredicateStart, (end + (andSeparator.length())), \"\");\n        } else {\n            sb.replace(syntheticPredicateStart, end, \"1\u003d1\");\n        }\n    }\n    sb.replace(subselectIndex, endIndex, entityName);\n}",
                "dst_parent": "null"
              },
              "line": 434,
              "file": "/home/khesoem/projects/lighter/exp/core/impl/src/main/java/com/blazebit/persistence/impl/query/CustomQuerySpecification.java"
            }
          ]
        },
        {
          "tool-name": "Arja",
          "pattern-name": "Arja:arja_shallow_change",
          "Unified_Diff_of-files:": "Starts Below...",
          "INSERT:": "",
          "CHANGE_old:": "            }",
          "CHANGE_new:": "",
          "DELETE:": "        final String andSeparator \u003d \" and \";",
          "instance_detail": [
            {
              "pattern_action": "ANY",
              "pattern_entity": {
                "entity_type": "Statement",
                "entity_new value": "*",
                "entity_role": "*",
                "entity_parent": "null"
              },
              "concrete_change": {
                "operator": "DEL",
                "src_type": "Invocation",
                "dst_type": "null",
                "src": "sb.indexOf(syntheticPredicate, endIndex)",
                "dst": "null",
                "src_parent_type": "LocalVariable",
                "dst_parent_type": "null",
                "src_parent": "int syntheticPredicateStart \u003d sb.indexOf(syntheticPredicate, endIndex)",
                "dst_parent": "null"
              },
              "line": 436,
              "file": "/home/khesoem/projects/lighter/exp/core/impl/src/main/java/com/blazebit/persistence/impl/query/CustomQuerySpecification.java"
            }
          ]
        },
        {
          "tool-name": "Arja",
          "pattern-name": "Arja:arja_shallow_change",
          "Unified_Diff_of-files:": "Starts Below...",
          "INSERT:": "",
          "CHANGE_old:": "            }",
          "CHANGE_new:": "",
          "DELETE:": "        final String andSeparator \u003d \" and \";",
          "instance_detail": [
            {
              "pattern_action": "ANY",
              "pattern_entity": {
                "entity_type": "Statement",
                "entity_new value": "*",
                "entity_role": "*",
                "entity_parent": "null"
              },
              "concrete_change": {
                "operator": "DEL",
                "src_type": "LocalVariable",
                "dst_type": "null",
                "src": "int syntheticPredicateStart \u003d sb.indexOf(syntheticPredicate, endIndex)",
                "dst": "null",
                "src_parent_type": "Block",
                "dst_parent_type": "null",
                "src_parent": "{\n    int syntheticPredicateStart \u003d sb.indexOf(syntheticPredicate, endIndex);\n    int end \u003d syntheticPredicateStart + (syntheticPredicate.length());\n    if ((sb.indexOf(andSeparator, end)) \u003d\u003d end) {\n        sb.replace(syntheticPredicateStart, (end + (andSeparator.length())), \"\");\n    } else {\n        sb.replace(syntheticPredicateStart, end, \"1\u003d1\");\n    }\n}",
                "dst_parent": "null"
              },
              "line": 436,
              "file": "/home/khesoem/projects/lighter/exp/core/impl/src/main/java/com/blazebit/persistence/impl/query/CustomQuerySpecification.java"
            }
          ]
        },
        {
          "tool-name": "Arja",
          "pattern-name": "Arja:arja_shallow_change",
          "Unified_Diff_of-files:": "Starts Below...",
          "INSERT:": "",
          "CHANGE_old:": "            }",
          "CHANGE_new:": "",
          "DELETE:": "        final String andSeparator \u003d \" and \";",
          "instance_detail": [
            {
              "pattern_action": "ANY",
              "pattern_entity": {
                "entity_type": "Statement",
                "entity_new value": "*",
                "entity_role": "*",
                "entity_parent": "null"
              },
              "concrete_change": {
                "operator": "DEL",
                "src_type": "Invocation",
                "dst_type": "null",
                "src": "(syntheticPredicate.length())",
                "dst": "null",
                "src_parent_type": "BinaryOperator",
                "dst_parent_type": "null",
                "src_parent": "syntheticPredicateStart + (syntheticPredicate.length())",
                "dst_parent": "null"
              },
              "line": 437,
              "file": "/home/khesoem/projects/lighter/exp/core/impl/src/main/java/com/blazebit/persistence/impl/query/CustomQuerySpecification.java"
            }
          ]
        },
        {
          "tool-name": "Arja",
          "pattern-name": "Arja:arja_shallow_change",
          "Unified_Diff_of-files:": "Starts Below...",
          "INSERT:": "",
          "CHANGE_old:": "            }",
          "CHANGE_new:": "",
          "DELETE:": "        final String andSeparator \u003d \" and \";",
          "instance_detail": [
            {
              "pattern_action": "ANY",
              "pattern_entity": {
                "entity_type": "Statement",
                "entity_new value": "*",
                "entity_role": "*",
                "entity_parent": "null"
              },
              "concrete_change": {
                "operator": "DEL",
                "src_type": "LocalVariable",
                "dst_type": "null",
                "src": "int end \u003d syntheticPredicateStart + (syntheticPredicate.length())",
                "dst": "null",
                "src_parent_type": "Block",
                "dst_parent_type": "null",
                "src_parent": "{\n    int syntheticPredicateStart \u003d sb.indexOf(syntheticPredicate, endIndex);\n    int end \u003d syntheticPredicateStart + (syntheticPredicate.length());\n    if ((sb.indexOf(andSeparator, end)) \u003d\u003d end) {\n        sb.replace(syntheticPredicateStart, (end + (andSeparator.length())), \"\");\n    } else {\n        sb.replace(syntheticPredicateStart, end, \"1\u003d1\");\n    }\n}",
                "dst_parent": "null"
              },
              "line": 437,
              "file": "/home/khesoem/projects/lighter/exp/core/impl/src/main/java/com/blazebit/persistence/impl/query/CustomQuerySpecification.java"
            }
          ]
        },
        {
          "tool-name": "Arja",
          "pattern-name": "Arja:arja_shallow_change",
          "Unified_Diff_of-files:": "Starts Below...",
          "INSERT:": "",
          "CHANGE_old:": "            }",
          "CHANGE_new:": "",
          "DELETE:": "        final String andSeparator \u003d \" and \";",
          "instance_detail": [
            {
              "pattern_action": "ANY",
              "pattern_entity": {
                "entity_type": "Statement",
                "entity_new value": "*",
                "entity_role": "*",
                "entity_parent": "null"
              },
              "concrete_change": {
                "operator": "DEL",
                "src_type": "Invocation",
                "dst_type": "null",
                "src": "(sb.indexOf(andSeparator, end))",
                "dst": "null",
                "src_parent_type": "BinaryOperator",
                "dst_parent_type": "null",
                "src_parent": "(sb.indexOf(andSeparator, end)) \u003d\u003d end",
                "dst_parent": "null"
              },
              "line": 438,
              "file": "/home/khesoem/projects/lighter/exp/core/impl/src/main/java/com/blazebit/persistence/impl/query/CustomQuerySpecification.java"
            }
          ]
        },
        {
          "tool-name": "Arja",
          "pattern-name": "Arja:arja_shallow_change",
          "Unified_Diff_of-files:": "Starts Below...",
          "INSERT:": "",
          "CHANGE_old:": "            }",
          "CHANGE_new:": "",
          "DELETE:": "        final String andSeparator \u003d \" and \";",
          "instance_detail": [
            {
              "pattern_action": "ANY",
              "pattern_entity": {
                "entity_type": "Statement",
                "entity_new value": "*",
                "entity_role": "*",
                "entity_parent": "null"
              },
              "concrete_change": {
                "operator": "DEL",
                "src_type": "Invocation",
                "dst_type": "null",
                "src": "sb.replace(syntheticPredicateStart, end, \"1\u003d1\")",
                "dst": "null",
                "src_parent_type": "Block",
                "dst_parent_type": "null",
                "src_parent": "{\n    sb.replace(syntheticPredicateStart, end, \"1\u003d1\");\n}",
                "dst_parent": "null"
              },
              "line": 441,
              "file": "/home/khesoem/projects/lighter/exp/core/impl/src/main/java/com/blazebit/persistence/impl/query/CustomQuerySpecification.java"
            }
          ]
        },
        {
          "tool-name": "Arja",
          "pattern-name": "Arja:arja_shallow_change",
          "Unified_Diff_of-files:": "Starts Below...",
          "INSERT:": "",
          "CHANGE_old:": "            }",
          "CHANGE_new:": "",
          "DELETE:": "        final String andSeparator \u003d \" and \";",
          "instance_detail": [
            {
              "pattern_action": "ANY",
              "pattern_entity": {
                "entity_type": "Statement",
                "entity_new value": "*",
                "entity_role": "*",
                "entity_parent": "null"
              },
              "concrete_change": {
                "operator": "DEL",
                "src_type": "Block",
                "dst_type": "null",
                "src": "{\n    sb.replace(syntheticPredicateStart, end, \"1\u003d1\");\n}",
                "dst": "null",
                "src_parent_type": "If",
                "dst_parent_type": "null",
                "src_parent": "if ((sb.indexOf(andSeparator, end)) \u003d\u003d end) {\n    sb.replace(syntheticPredicateStart, (end + (andSeparator.length())), \"\");\n} else {\n    sb.replace(syntheticPredicateStart, end, \"1\u003d1\");\n}",
                "dst_parent": "null"
              },
              "line": 440,
              "file": "/home/khesoem/projects/lighter/exp/core/impl/src/main/java/com/blazebit/persistence/impl/query/CustomQuerySpecification.java"
            }
          ]
        },
        {
          "tool-name": "Arja",
          "pattern-name": "Arja:arja_shallow_change",
          "Unified_Diff_of-files:": "Starts Below...",
          "INSERT:": "",
          "CHANGE_old:": "            }",
          "CHANGE_new:": "",
          "DELETE:": "        final String andSeparator \u003d \" and \";",
          "instance_detail": [
            {
              "pattern_action": "ANY",
              "pattern_entity": {
                "entity_type": "Statement",
                "entity_new value": "*",
                "entity_role": "*",
                "entity_parent": "null"
              },
              "concrete_change": {
                "operator": "DEL",
                "src_type": "If",
                "dst_type": "null",
                "src": "if ((sb.indexOf(andSeparator, end)) \u003d\u003d end) {\n    sb.replace(syntheticPredicateStart, (end + (andSeparator.length())), \"\");\n} else {\n    sb.replace(syntheticPredicateStart, end, \"1\u003d1\");\n}",
                "dst": "null",
                "src_parent_type": "Block",
                "dst_parent_type": "null",
                "src_parent": "{\n    int syntheticPredicateStart \u003d sb.indexOf(syntheticPredicate, endIndex);\n    int end \u003d syntheticPredicateStart + (syntheticPredicate.length());\n    if ((sb.indexOf(andSeparator, end)) \u003d\u003d end) {\n        sb.replace(syntheticPredicateStart, (end + (andSeparator.length())), \"\");\n    } else {\n        sb.replace(syntheticPredicateStart, end, \"1\u003d1\");\n    }\n}",
                "dst_parent": "null"
              },
              "line": 438,
              "file": "/home/khesoem/projects/lighter/exp/core/impl/src/main/java/com/blazebit/persistence/impl/query/CustomQuerySpecification.java"
            }
          ]
        },
        {
          "tool-name": "Arja",
          "pattern-name": "Arja:arja_shallow_change",
          "Unified_Diff_of-files:": "Starts Below...",
          "INSERT:": "",
          "CHANGE_old:": "            }",
          "CHANGE_new:": "",
          "DELETE:": "        final String andSeparator \u003d \" and \";",
          "instance_detail": [
            {
              "pattern_action": "ANY",
              "pattern_entity": {
                "entity_type": "Statement",
                "entity_new value": "*",
                "entity_role": "*",
                "entity_parent": "null"
              },
              "concrete_change": {
                "operator": "DEL",
                "src_type": "Block",
                "dst_type": "null",
                "src": "{\n    int syntheticPredicateStart \u003d sb.indexOf(syntheticPredicate, endIndex);\n    int end \u003d syntheticPredicateStart + (syntheticPredicate.length());\n    if ((sb.indexOf(andSeparator, end)) \u003d\u003d end) {\n        sb.replace(syntheticPredicateStart, (end + (andSeparator.length())), \"\");\n    } else {\n        sb.replace(syntheticPredicateStart, end, \"1\u003d1\");\n    }\n}",
                "dst": "null",
                "src_parent_type": "If",
                "dst_parent_type": "null",
                "src_parent": "if (syntheticPredicate !\u003d null) {\n    int syntheticPredicateStart \u003d sb.indexOf(syntheticPredicate, endIndex);\n    int end \u003d syntheticPredicateStart + (syntheticPredicate.length());\n    if ((sb.indexOf(andSeparator, end)) \u003d\u003d end) {\n        sb.replace(syntheticPredicateStart, (end + (andSeparator.length())), \"\");\n    } else {\n        sb.replace(syntheticPredicateStart, end, \"1\u003d1\");\n    }\n}",
                "dst_parent": "null"
              },
              "line": 435,
              "file": "/home/khesoem/projects/lighter/exp/core/impl/src/main/java/com/blazebit/persistence/impl/query/CustomQuerySpecification.java"
            }
          ]
        },
        {
          "tool-name": "Arja",
          "pattern-name": "Arja:arja_shallow_change",
          "Unified_Diff_of-files:": "Starts Below...",
          "INSERT:": "",
          "CHANGE_old:": "            }",
          "CHANGE_new:": "",
          "DELETE:": "        final String andSeparator \u003d \" and \";",
          "instance_detail": [
            {
              "pattern_action": "ANY",
              "pattern_entity": {
                "entity_type": "Statement",
                "entity_new value": "*",
                "entity_role": "*",
                "entity_parent": "null"
              },
              "concrete_change": {
                "operator": "DEL",
                "src_type": "If",
                "dst_type": "null",
                "src": "if (syntheticPredicate !\u003d null) {\n    int syntheticPredicateStart \u003d sb.indexOf(syntheticPredicate, endIndex);\n    int end \u003d syntheticPredicateStart + (syntheticPredicate.length());\n    if ((sb.indexOf(andSeparator, end)) \u003d\u003d end) {\n        sb.replace(syntheticPredicateStart, (end + (andSeparator.length())), \"\");\n    } else {\n        sb.replace(syntheticPredicateStart, end, \"1\u003d1\");\n    }\n}",
                "dst": "null",
                "src_parent_type": "Block",
                "dst_parent_type": "null",
                "src_parent": "{\n    int endIndex \u003d subselectIndex + (subselect.length());\n    if (syntheticPredicate !\u003d null) {\n        int syntheticPredicateStart \u003d sb.indexOf(syntheticPredicate, endIndex);\n        int end \u003d syntheticPredicateStart + (syntheticPredicate.length());\n        if ((sb.indexOf(andSeparator, end)) \u003d\u003d end) {\n            sb.replace(syntheticPredicateStart, (end + (andSeparator.length())), \"\");\n        } else {\n            sb.replace(syntheticPredicateStart, end, \"1\u003d1\");\n        }\n    }\n    sb.replace(subselectIndex, endIndex, entityName);\n}",
                "dst_parent": "null"
              },
              "line": 435,
              "file": "/home/khesoem/projects/lighter/exp/core/impl/src/main/java/com/blazebit/persistence/impl/query/CustomQuerySpecification.java"
            }
          ]
        },
        {
          "tool-name": "Arja",
          "pattern-name": "Arja:arja_shallow_change",
          "Unified_Diff_of-files:": "Starts Below...",
          "INSERT:": "",
          "CHANGE_old:": "            }",
          "CHANGE_new:": "",
          "DELETE:": "        final String andSeparator \u003d \" and \";",
          "instance_detail": [
            {
              "pattern_action": "ANY",
              "pattern_entity": {
                "entity_type": "Statement",
                "entity_new value": "*",
                "entity_role": "*",
                "entity_parent": "null"
              },
              "concrete_change": {
                "operator": "DEL",
                "src_type": "Invocation",
                "dst_type": "null",
                "src": "sb.replace(subselectIndex, endIndex, entityName)",
                "dst": "null",
                "src_parent_type": "Block",
                "dst_parent_type": "null",
                "src_parent": "{\n    int endIndex \u003d subselectIndex + (subselect.length());\n    if (syntheticPredicate !\u003d null) {\n        int syntheticPredicateStart \u003d sb.indexOf(syntheticPredicate, endIndex);\n        int end \u003d syntheticPredicateStart + (syntheticPredicate.length());\n        if ((sb.indexOf(andSeparator, end)) \u003d\u003d end) {\n            sb.replace(syntheticPredicateStart, (end + (andSeparator.length())), \"\");\n        } else {\n            sb.replace(syntheticPredicateStart, end, \"1\u003d1\");\n        }\n    }\n    sb.replace(subselectIndex, endIndex, entityName);\n}",
                "dst_parent": "null"
              },
              "line": 444,
              "file": "/home/khesoem/projects/lighter/exp/core/impl/src/main/java/com/blazebit/persistence/impl/query/CustomQuerySpecification.java"
            }
          ]
        },
        {
          "tool-name": "Arja",
          "pattern-name": "Arja:arja_shallow_change",
          "Unified_Diff_of-files:": "Starts Below...",
          "INSERT:": "",
          "CHANGE_old:": "            }",
          "CHANGE_new:": "",
          "DELETE:": "        final String andSeparator \u003d \" and \";",
          "instance_detail": [
            {
              "pattern_action": "ANY",
              "pattern_entity": {
                "entity_type": "Statement",
                "entity_new value": "*",
                "entity_role": "*",
                "entity_parent": "null"
              },
              "concrete_change": {
                "operator": "DEL",
                "src_type": "While",
                "dst_type": "null",
                "src": "while ((subselectIndex \u003d sb.indexOf(subselectTableExpr, subselectIndex)) \u003e (-1)) {\n    int endIndex \u003d subselectIndex + (subselect.length());\n    if (syntheticPredicate !\u003d null) {\n        int syntheticPredicateStart \u003d sb.indexOf(syntheticPredicate, endIndex);\n        int end \u003d syntheticPredicateStart + (syntheticPredicate.length());\n        if ((sb.indexOf(andSeparator, end)) \u003d\u003d end) {\n            sb.replace(syntheticPredicateStart, (end + (andSeparator.length())), \"\");\n        } else {\n            sb.replace(syntheticPredicateStart, end, \"1\u003d1\");\n        }\n    }\n    sb.replace(subselectIndex, endIndex, entityName);\n} ",
                "dst": "null",
                "src_parent_type": "Block",
                "dst_parent_type": "null",
                "src_parent": "{\n    while ((subselectIndex \u003d sb.indexOf(subselectTableExpr, subselectIndex)) \u003e (-1)) {\n        int endIndex \u003d subselectIndex + (subselect.length());\n        if (syntheticPredicate !\u003d null) {\n            int syntheticPredicateStart \u003d sb.indexOf(syntheticPredicate, endIndex);\n            int end \u003d syntheticPredicateStart + (syntheticPredicate.length());\n            if ((sb.indexOf(andSeparator, end)) \u003d\u003d end) {\n                sb.replace(syntheticPredicateStart, (end + (andSeparator.length())), \"\");\n            } else {\n                sb.replace(syntheticPredicateStart, end, \"1\u003d1\");\n            }\n        }\n        sb.replace(subselectIndex, endIndex, entityName);\n    } \n}",
                "dst_parent": "null"
              },
              "line": 433,
              "file": "/home/khesoem/projects/lighter/exp/core/impl/src/main/java/com/blazebit/persistence/impl/query/CustomQuerySpecification.java"
            }
          ]
        },
        {
          "tool-name": "Arja",
          "pattern-name": "Arja:arja_shallow_change",
          "Unified_Diff_of-files:": "Starts Below...",
          "INSERT:": "",
          "CHANGE_old:": "            }",
          "CHANGE_new:": "",
          "DELETE:": "        final String andSeparator \u003d \" and \";",
          "instance_detail": [
            {
              "pattern_action": "ANY",
              "pattern_entity": {
                "entity_type": "Statement",
                "entity_new value": "*",
                "entity_role": "*",
                "entity_parent": "null"
              },
              "concrete_change": {
                "operator": "DEL",
                "src_type": "Block",
                "dst_type": "null",
                "src": "{\n    while ((subselectIndex \u003d sb.indexOf(subselectTableExpr, subselectIndex)) \u003e (-1)) {\n        int endIndex \u003d subselectIndex + (subselect.length());\n        if (syntheticPredicate !\u003d null) {\n            int syntheticPredicateStart \u003d sb.indexOf(syntheticPredicate, endIndex);\n            int end \u003d syntheticPredicateStart + (syntheticPredicate.length());\n            if ((sb.indexOf(andSeparator, end)) \u003d\u003d end) {\n                sb.replace(syntheticPredicateStart, (end + (andSeparator.length())), \"\");\n            } else {\n                sb.replace(syntheticPredicateStart, end, \"1\u003d1\");\n            }\n        }\n        sb.replace(subselectIndex, endIndex, entityName);\n    } \n}",
                "dst": "null",
                "src_parent_type": "If",
                "dst_parent_type": "null",
                "src_parent": "if (subselectIndex \u003d\u003d (-1)) {\n    if (syntheticPredicate !\u003d null) {\n        int syntheticPredicateStart \u003d sb.indexOf(syntheticPredicate, com.blazebit.persistence.impl.util.SqlUtils.indexOfFrom(sb));\n        int end \u003d syntheticPredicateStart + (syntheticPredicate.length());\n        if ((sb.indexOf(andSeparator, end)) \u003d\u003d end) {\n            sb.replace(syntheticPredicateStart, (end + (andSeparator.length())), \"\");\n        } else {\n            sb.replace(syntheticPredicateStart, end, \"1\u003d1\");\n        }\n    }\n} else {\n    while ((subselectIndex \u003d sb.indexOf(subselectTableExpr, subselectIndex)) \u003e (-1)) {\n        int endIndex \u003d subselectIndex + (subselect.length());\n        if (syntheticPredicate !\u003d null) {\n            int syntheticPredicateStart \u003d sb.indexOf(syntheticPredicate, endIndex);\n            int end \u003d syntheticPredicateStart + (syntheticPredicate.length());\n            if ((sb.indexOf(andSeparator, end)) \u003d\u003d end) {\n                sb.replace(syntheticPredicateStart, (end + (andSeparator.length())), \"\");\n            } else {\n                sb.replace(syntheticPredicateStart, end, \"1\u003d1\");\n            }\n        }\n        sb.replace(subselectIndex, endIndex, entityName);\n    } \n}",
                "dst_parent": "null"
              },
              "line": 432,
              "file": "/home/khesoem/projects/lighter/exp/core/impl/src/main/java/com/blazebit/persistence/impl/query/CustomQuerySpecification.java"
            }
          ]
        },
        {
          "tool-name": "Arja",
          "pattern-name": "Arja:arja_shallow_change",
          "Unified_Diff_of-files:": "Starts Below...",
          "INSERT:": "",
          "CHANGE_old:": "            }",
          "CHANGE_new:": "",
          "DELETE:": "        final String andSeparator \u003d \" and \";",
          "instance_detail": [
            {
              "pattern_action": "ANY",
              "pattern_entity": {
                "entity_type": "Statement",
                "entity_new value": "*",
                "entity_role": "*",
                "entity_parent": "null"
              },
              "concrete_change": {
                "operator": "DEL",
                "src_type": "If",
                "dst_type": "null",
                "src": "if (subselectIndex \u003d\u003d (-1)) {\n    if (syntheticPredicate !\u003d null) {\n        int syntheticPredicateStart \u003d sb.indexOf(syntheticPredicate, com.blazebit.persistence.impl.util.SqlUtils.indexOfFrom(sb));\n        int end \u003d syntheticPredicateStart + (syntheticPredicate.length());\n        if ((sb.indexOf(andSeparator, end)) \u003d\u003d end) {\n            sb.replace(syntheticPredicateStart, (end + (andSeparator.length())), \"\");\n        } else {\n            sb.replace(syntheticPredicateStart, end, \"1\u003d1\");\n        }\n    }\n} else {\n    while ((subselectIndex \u003d sb.indexOf(subselectTableExpr, subselectIndex)) \u003e (-1)) {\n        int endIndex \u003d subselectIndex + (subselect.length());\n        if (syntheticPredicate !\u003d null) {\n            int syntheticPredicateStart \u003d sb.indexOf(syntheticPredicate, endIndex);\n            int end \u003d syntheticPredicateStart + (syntheticPredicate.length());\n            if ((sb.indexOf(andSeparator, end)) \u003d\u003d end) {\n                sb.replace(syntheticPredicateStart, (end + (andSeparator.length())), \"\");\n            } else {\n                sb.replace(syntheticPredicateStart, end, \"1\u003d1\");\n            }\n        }\n        sb.replace(subselectIndex, endIndex, entityName);\n    } \n}",
                "dst": "null",
                "src_parent_type": "Block",
                "dst_parent_type": "null",
                "src_parent": "{\n    java.lang.String valuesTableSqlAlias \u003d node.getTableAlias();\n    java.lang.String valuesClause \u003d node.getSubquery();\n    java.lang.String valuesAliases \u003d node.getAliases();\n    java.lang.String syntheticPredicate \u003d node.getSyntheticPredicate();\n    boolean useApply \u003d (node.isLateral()) \u0026\u0026 (lateralStyle \u003d\u003d (com.blazebit.persistence.spi.LateralStyle.APPLY));\n    java.lang.String entityName \u003d node.getEntityName();\n    final java.lang.String subselect \u003d (\"( select * from \" + entityName) + \" )\";\n    final java.lang.String subselectTableExpr \u003d (subselect + \" \") + valuesTableSqlAlias;\n    int subselectIndex \u003d sb.indexOf(subselectTableExpr, 0);\n    if (subselectIndex \u003d\u003d (-1)) {\n        if (syntheticPredicate !\u003d null) {\n            int syntheticPredicateStart \u003d sb.indexOf(syntheticPredicate, com.blazebit.persistence.impl.util.SqlUtils.indexOfFrom(sb));\n            int end \u003d syntheticPredicateStart + (syntheticPredicate.length());\n            if ((sb.indexOf(andSeparator, end)) \u003d\u003d end) {\n                sb.replace(syntheticPredicateStart, (end + (andSeparator.length())), \"\");\n            } else {\n                sb.replace(syntheticPredicateStart, end, \"1\u003d1\");\n            }\n        }\n    } else {\n        while ((subselectIndex \u003d sb.indexOf(subselectTableExpr, subselectIndex)) \u003e (-1)) {\n            int endIndex \u003d subselectIndex + (subselect.length());\n            if (syntheticPredicate !\u003d null) {\n                int syntheticPredicateStart \u003d sb.indexOf(syntheticPredicate, endIndex);\n                int end \u003d syntheticPredicateStart + (syntheticPredicate.length());\n                if ((sb.indexOf(andSeparator, end)) \u003d\u003d end) {\n                    sb.replace(syntheticPredicateStart, (end + (andSeparator.length())), \"\");\n                } else {\n                    sb.replace(syntheticPredicateStart, end, \"1\u003d1\");\n                }\n            }\n            sb.replace(subselectIndex, endIndex, entityName);\n        } \n    }\n    java.lang.String newSqlAlias \u003d null;\n    if ((node.getPluralTableJoin()) !\u003d null) {\n        newSqlAlias \u003d (node.getPluralTableAlias()) + \" \";\n        valuesTableSqlAlias +\u003d \" \" + (node.getPluralTableJoin());\n        if ((node.getPluralCollectionTableAlias()) !\u003d null) {\n            java.lang.String dereference \u003d (node.getPluralCollectionTableAlias()) + \".\";\n            int fromIndex \u003d com.blazebit.persistence.impl.util.SqlUtils.indexOfFrom(sb);\n            int dereferenceIndex \u003d 0;\n            while ((dereferenceIndex \u003d sb.indexOf(dereference, dereferenceIndex)) !\u003d (-1)) {\n                if (dereferenceIndex \u003e fromIndex) {\n                    break;\n                }\n                sb.replace(dereferenceIndex, (dereferenceIndex + (node.getPluralCollectionTableAlias().length())), newSqlAlias);\n                dereferenceIndex +\u003d (newSqlAlias.length()) - (node.getPluralCollectionTableAlias().length());\n            } \n        }\n    }\n    com.blazebit.persistence.impl.util.SqlUtils.applyTableNameRemapping(sb, valuesTableSqlAlias, valuesClause, valuesAliases, newSqlAlias, useApply);\n}",
                "dst_parent": "null"
              },
              "line": 421,
              "file": "/home/khesoem/projects/lighter/exp/core/impl/src/main/java/com/blazebit/persistence/impl/query/CustomQuerySpecification.java"
            }
          ]
        },
        {
          "tool-name": "Arja",
          "pattern-name": "Arja:arja_shallow_change",
          "Unified_Diff_of-files:": "Starts Below...",
          "INSERT:": "",
          "CHANGE_old:": "            }",
          "CHANGE_new:": "",
          "DELETE:": "        final String andSeparator \u003d \" and \";",
          "instance_detail": [
            {
              "pattern_action": "ANY",
              "pattern_entity": {
                "entity_type": "Statement",
                "entity_new value": "*",
                "entity_role": "*",
                "entity_parent": "null"
              },
              "concrete_change": {
                "operator": "DEL",
                "src_type": "ForEach",
                "dst_type": "null",
                "src": "for (com.blazebit.persistence.impl.query.EntityFunctionNode node : entityFunctionNodes) {\n    java.lang.String valuesTableSqlAlias \u003d node.getTableAlias();\n    java.lang.String valuesClause \u003d node.getSubquery();\n    java.lang.String valuesAliases \u003d node.getAliases();\n    java.lang.String syntheticPredicate \u003d node.getSyntheticPredicate();\n    boolean useApply \u003d (node.isLateral()) \u0026\u0026 (lateralStyle \u003d\u003d (com.blazebit.persistence.spi.LateralStyle.APPLY));\n    java.lang.String entityName \u003d node.getEntityName();\n    final java.lang.String subselect \u003d (\"( select * from \" + entityName) + \" )\";\n    final java.lang.String subselectTableExpr \u003d (subselect + \" \") + valuesTableSqlAlias;\n    int subselectIndex \u003d sb.indexOf(subselectTableExpr, 0);\n    if (subselectIndex \u003d\u003d (-1)) {\n        if (syntheticPredicate !\u003d null) {\n            int syntheticPredicateStart \u003d sb.indexOf(syntheticPredicate, com.blazebit.persistence.impl.util.SqlUtils.indexOfFrom(sb));\n            int end \u003d syntheticPredicateStart + (syntheticPredicate.length());\n            if ((sb.indexOf(andSeparator, end)) \u003d\u003d end) {\n                sb.replace(syntheticPredicateStart, (end + (andSeparator.length())), \"\");\n            } else {\n                sb.replace(syntheticPredicateStart, end, \"1\u003d1\");\n            }\n        }\n    } else {\n        while ((subselectIndex \u003d sb.indexOf(subselectTableExpr, subselectIndex)) \u003e (-1)) {\n            int endIndex \u003d subselectIndex + (subselect.length());\n            if (syntheticPredicate !\u003d null) {\n                int syntheticPredicateStart \u003d sb.indexOf(syntheticPredicate, endIndex);\n                int end \u003d syntheticPredicateStart + (syntheticPredicate.length());\n                if ((sb.indexOf(andSeparator, end)) \u003d\u003d end) {\n                    sb.replace(syntheticPredicateStart, (end + (andSeparator.length())), \"\");\n                } else {\n                    sb.replace(syntheticPredicateStart, end, \"1\u003d1\");\n                }\n            }\n            sb.replace(subselectIndex, endIndex, entityName);\n        } \n    }\n    java.lang.String newSqlAlias \u003d null;\n    if ((node.getPluralTableJoin()) !\u003d null) {\n        newSqlAlias \u003d (node.getPluralTableAlias()) + \" \";\n        valuesTableSqlAlias +\u003d \" \" + (node.getPluralTableJoin());\n        if ((node.getPluralCollectionTableAlias()) !\u003d null) {\n            java.lang.String dereference \u003d (node.getPluralCollectionTableAlias()) + \".\";\n            int fromIndex \u003d com.blazebit.persistence.impl.util.SqlUtils.indexOfFrom(sb);\n            int dereferenceIndex \u003d 0;\n            while ((dereferenceIndex \u003d sb.indexOf(dereference, dereferenceIndex)) !\u003d (-1)) {\n                if (dereferenceIndex \u003e fromIndex) {\n                    break;\n                }\n                sb.replace(dereferenceIndex, (dereferenceIndex + (node.getPluralCollectionTableAlias().length())), newSqlAlias);\n                dereferenceIndex +\u003d (newSqlAlias.length()) - (node.getPluralCollectionTableAlias().length());\n            } \n        }\n    }\n    com.blazebit.persistence.impl.util.SqlUtils.applyTableNameRemapping(sb, valuesTableSqlAlias, valuesClause, valuesAliases, newSqlAlias, useApply);\n}",
                "dst": "null",
                "src_parent_type": "Block",
                "dst_parent_type": "null",
                "src_parent": "{\n    if ((entityFunctionNodes.isEmpty()) \u0026\u0026 (keyRestrictedLeftJoinAliases.isEmpty())) {\n        return new java.lang.StringBuilder(sqlQuery);\n    }\n    java.lang.StringBuilder sb \u003d new java.lang.StringBuilder((((sqlQuery.length()) + ((entityFunctionNodes.size()) * 100)) + ((keyRestrictedLeftJoinAliases.size()) * 20)));\n    com.blazebit.persistence.impl.function.entity.EntityFunction.appendSubqueryPart(sb, sqlQuery);\n    for (int i \u003d 1; i \u003c (entityFunctionNodes.size()); i++) {\n        com.blazebit.persistence.impl.function.entity.EntityFunction.removeSyntheticPredicate(sb, sqlQuery, sb.length());\n    }\n    for (java.lang.String sqlAlias : keyRestrictedLeftJoinAliases) {\n        applyLeftJoinSubqueryRewrite(sb, sqlAlias);\n    }\n    com.blazebit.persistence.spi.LateralStyle lateralStyle \u003d dbmsDialect.getLateralStyle();\n    final java.lang.String andSeparator \u003d \" and \";\n    for (com.blazebit.persistence.impl.query.EntityFunctionNode node : entityFunctionNodes) {\n        java.lang.String valuesTableSqlAlias \u003d node.getTableAlias();\n        java.lang.String valuesClause \u003d node.getSubquery();\n        java.lang.String valuesAliases \u003d node.getAliases();\n        java.lang.String syntheticPredicate \u003d node.getSyntheticPredicate();\n        boolean useApply \u003d (node.isLateral()) \u0026\u0026 (lateralStyle \u003d\u003d (com.blazebit.persistence.spi.LateralStyle.APPLY));\n        java.lang.String entityName \u003d node.getEntityName();\n        final java.lang.String subselect \u003d (\"( select * from \" + entityName) + \" )\";\n        final java.lang.String subselectTableExpr \u003d (subselect + \" \") + valuesTableSqlAlias;\n        int subselectIndex \u003d sb.indexOf(subselectTableExpr, 0);\n        if (subselectIndex \u003d\u003d (-1)) {\n            if (syntheticPredicate !\u003d null) {\n                int syntheticPredicateStart \u003d sb.indexOf(syntheticPredicate, com.blazebit.persistence.impl.util.SqlUtils.indexOfFrom(sb));\n                int end \u003d syntheticPredicateStart + (syntheticPredicate.length());\n                if ((sb.indexOf(andSeparator, end)) \u003d\u003d end) {\n                    sb.replace(syntheticPredicateStart, (end + (andSeparator.length())), \"\");\n                } else {\n                    sb.replace(syntheticPredicateStart, end, \"1\u003d1\");\n                }\n            }\n        } else {\n            while ((subselectIndex \u003d sb.indexOf(subselectTableExpr, subselectIndex)) \u003e (-1)) {\n                int endIndex \u003d subselectIndex + (subselect.length());\n                if (syntheticPredicate !\u003d null) {\n                    int syntheticPredicateStart \u003d sb.indexOf(syntheticPredicate, endIndex);\n                    int end \u003d syntheticPredicateStart + (syntheticPredicate.length());\n                    if ((sb.indexOf(andSeparator, end)) \u003d\u003d end) {\n                        sb.replace(syntheticPredicateStart, (end + (andSeparator.length())), \"\");\n                    } else {\n                        sb.replace(syntheticPredicateStart, end, \"1\u003d1\");\n                    }\n                }\n                sb.replace(subselectIndex, endIndex, entityName);\n            } \n        }\n        java.lang.String newSqlAlias \u003d null;\n        if ((node.getPluralTableJoin()) !\u003d null) {\n            newSqlAlias \u003d (node.getPluralTableAlias()) + \" \";\n            valuesTableSqlAlias +\u003d \" \" + (node.getPluralTableJoin());\n            if ((node.getPluralCollectionTableAlias()) !\u003d null) {\n                java.lang.String dereference \u003d (node.getPluralCollectionTableAlias()) + \".\";\n                int fromIndex \u003d com.blazebit.persistence.impl.util.SqlUtils.indexOfFrom(sb);\n                int dereferenceIndex \u003d 0;\n                while ((dereferenceIndex \u003d sb.indexOf(dereference, dereferenceIndex)) !\u003d (-1)) {\n                    if (dereferenceIndex \u003e fromIndex) {\n                        break;\n                    }\n                    sb.replace(dereferenceIndex, (dereferenceIndex + (node.getPluralCollectionTableAlias().length())), newSqlAlias);\n                    dereferenceIndex +\u003d (newSqlAlias.length()) - (node.getPluralCollectionTableAlias().length());\n                } \n            }\n        }\n        com.blazebit.persistence.impl.util.SqlUtils.applyTableNameRemapping(sb, valuesTableSqlAlias, valuesClause, valuesAliases, newSqlAlias, useApply);\n    }\n    return sb;\n}",
                "dst_parent": "null"
              },
              "line": 408,
              "file": "/home/khesoem/projects/lighter/exp/core/impl/src/main/java/com/blazebit/persistence/impl/query/CustomQuerySpecification.java",
              "stats": {
                "number_of_src_entities": 769,
                "number_of_dst_entities": -1,
                "src_entity_types": "[int, boolean, java.lang.StringBuilder, com.blazebit.persistence.impl.util.SqlUtils, com.blazebit.persistence.impl.query.EntityFunctionNode, java.lang.String, com.blazebit.persistence.impl.query.CustomQuerySpecification, com.blazebit.persistence.spi.LateralStyle, \u003cnulltype\u003e]",
                "dst_entity_types": "[]"
              }
            }
          ]
        }
      ]
    }
  ],
  "complete_analysis": true
}