{
  "instances": [
    {
      "revision": "d8e142b290b458db7bce40e429df0b49e5819440",
      "repairability": [
        {
          "tool-name": "Arja",
          "pattern-name": "Arja:arja_shallow_change",
          "Unified_Diff_of-files:": "Starts Below...",
          "INSERT:": "}",
          "instance_detail": [
            {
              "pattern_action": "ANY",
              "pattern_entity": {
                "entity_type": "Statement",
                "entity_new value": "*",
                "entity_role": "*",
                "entity_parent": "null"
              },
              "concrete_change": {
                "operator": "INS",
                "src_type": "Assignment",
                "dst_type": "null",
                "src": "map \u003d new java.util.HashMap()",
                "dst": "null",
                "src_parent_type": "Block",
                "dst_parent_type": "null",
                "src_parent": "{\n    map \u003d new java.util.HashMap();\n    map.put(java.lang.Object.class, new com.blazebit.persistence.view.impl.type.OptionalTypeConverter());\n    converters.put(java.lang.Class.forName(\"java.util.Optional\"), map);\n    map \u003d new java.util.HashMap();\n    map.put(java.lang.Integer.class, new com.blazebit.persistence.view.impl.type.OptionalIntTypeConverter());\n    converters.put(java.lang.Class.forName(\"java.util.OptionalInt\"), map);\n    map \u003d new java.util.HashMap();\n    map.put(java.lang.Long.class, new com.blazebit.persistence.view.impl.type.OptionalLongTypeConverter());\n    converters.put(java.lang.Class.forName(\"java.util.OptionalLong\"), map);\n    map \u003d new java.util.HashMap();\n    map.put(java.lang.Double.class, new com.blazebit.persistence.view.impl.type.OptionalDoubleTypeConverter());\n    converters.put(java.lang.Class.forName(\"java.util.OptionalDouble\"), map);\n    map \u003d new java.util.HashMap();\n    map.put(java.util.Date.class, DateToLocalDateTypeConverter.JAVA_UTIL_DATE_CONVERTER);\n    map.put(java.sql.Date.class, DateToLocalDateTypeConverter.JAVA_SQL_DATE_CONVERTER);\n    map.put(java.sql.Timestamp.class, DateToLocalDateTypeConverter.JAVA_SQL_TIMESTAMP_CONVERTER);\n    map.put(java.util.Calendar.class, CalendarToLocalDateTypeConverter.JAVA_UTIL_CALENDAR_CONVERTER);\n    map.put(java.util.GregorianCalendar.class, CalendarToLocalDateTypeConverter.JAVA_UTIL_GREGORIAN_CALENDAR_CONVERTER);\n    converters.put(java.lang.Class.forName(\"java.time.LocalDate\"), map);\n    map \u003d new java.util.HashMap();\n    map.put(java.util.Date.class, DateToLocalDateTimeTypeConverter.JAVA_UTIL_DATE_CONVERTER);\n    map.put(java.sql.Timestamp.class, DateToLocalDateTimeTypeConverter.JAVA_SQL_TIMESTAMP_CONVERTER);\n    map.put(java.util.Calendar.class, CalendarToLocalDateTimeTypeConverter.JAVA_UTIL_CALENDAR_CONVERTER);\n    map.put(java.util.GregorianCalendar.class, CalendarToLocalDateTimeTypeConverter.JAVA_UTIL_GREGORIAN_CALENDAR_CONVERTER);\n    converters.put(java.lang.Class.forName(\"java.time.LocalDateTime\"), map);\n    map \u003d new java.util.HashMap();\n    map.put(java.util.Date.class, DateToInstantTypeConverter.JAVA_UTIL_DATE_CONVERTER);\n    map.put(java.sql.Timestamp.class, DateToInstantTypeConverter.JAVA_SQL_TIMESTAMP_CONVERTER);\n    map.put(java.util.Calendar.class, CalendarToInstantTypeConverter.JAVA_UTIL_CALENDAR_CONVERTER);\n    map.put(java.util.GregorianCalendar.class, CalendarToInstantTypeConverter.JAVA_UTIL_GREGORIAN_CALENDAR_CONVERTER);\n    converters.put(java.lang.Class.forName(\"java.time.Instant\"), map);\n    map.put(java.sql.Time.class, new com.blazebit.persistence.view.impl.type.TimeToLocalTimeTypeConverter());\n    converters.put(java.lang.Class.forName(\"java.time.LocalTime\"), map);\n}",
                "dst_parent": "null"
              },
              "line": 155,
              "file": "/home/khesoem/projects/lighter/exp/entity-view/impl/src/main/java/com/blazebit/persistence/view/impl/type/MutableBasicUserTypeRegistry.java",
              "stats": {
                "number_of_src_entities": 24,
                "number_of_dst_entities": -1,
                "src_entity_types": "[com.blazebit.persistence.view.spi.type.TypeConverter\u003c?, ?\u003e, java.util.HashMap, , java.lang.Class\u003c?\u003e, java.util.Map\u003cjava.lang.Class\u003c?\u003e, com.blazebit.persistence.view.spi.type.TypeConverter\u003c?, ?\u003e\u003e]",
                "dst_entity_types": "[]"
              }
            }
          ]
        }
      ]
    }
  ],
  "complete_analysis": true
}