{
  "instances": [
    {
      "revision": "45cf8f08e467707d69cd0b36e6e6cf5d5e4414b6",
      "repairability": [
        {
          "tool-name": "JKali",
          "pattern-name": "JKali:del",
          "Unified_Diff_of-files:": "Starts Below...",
          "INSERT:": "import dk.alexandra.fresco.framework.util.AesCtrDrbgFactory;",
          "CHANGE_old:": "    return new PaddingAesCtrDrbg(newSeed);",
          "CHANGE_new:": "",
          "DELETE:": "    // Remember that int is 32 bits, thus 4 bytes",
          "instance_detail": [
            {
              "pattern_action": "DEL",
              "pattern_entity": {
                "entity_type": "*",
                "entity_new value": "*",
                "entity_role": "Statement",
                "entity_parent": "null"
              },
              "concrete_change": {
                "operator": "DEL",
                "src_type": "Invocation",
                "dst_type": "null",
                "src": "dk.alexandra.fresco.framework.util.ByteArrayHelper.xor(newSeed, seedBytes)",
                "dst": "null",
                "src_parent_type": "Block",
                "dst_parent_type": "null",
                "src_parent": "{\n    byte[] seedBytes \u003d originalSeed.toByteArray();\n    java.nio.ByteBuffer idBuffer \u003d java.nio.ByteBuffer.allocate(seedBytes.length);\n    byte[] newSeed \u003d idBuffer.putInt(instanceId).array();\n    dk.alexandra.fresco.framework.util.ByteArrayHelper.xor(newSeed, seedBytes);\n    return new dk.alexandra.fresco.framework.util.PaddingAesCtrDrbg(newSeed);\n}",
                "dst_parent": "null"
              },
              "line": 39,
              "file": "/home/khesoem/projects/lighter/exp/tools/ot/src/main/java/dk/alexandra/fresco/tools/ot/otextension/CoteShared.java",
              "stats": {
                "number_of_src_entities": 19,
                "number_of_dst_entities": -1,
                "src_entity_types": "[byte, dk.alexandra.fresco.framework.util.ByteArrayHelper]",
                "dst_entity_types": "[]"
              }
            }
          ]
        },
        {
          "tool-name": "JKali",
          "pattern-name": "JKali:del",
          "Unified_Diff_of-files:": "Starts Below...",
          "INSERT:": "import dk.alexandra.fresco.framework.util.AesCtrDrbgFactory;",
          "CHANGE_old:": "    return new PaddingAesCtrDrbg(newSeed);",
          "CHANGE_new:": "",
          "DELETE:": "    // Remember that int is 32 bits, thus 4 bytes",
          "instance_detail": [
            {
              "pattern_action": "DEL",
              "pattern_entity": {
                "entity_type": "*",
                "entity_new value": "*",
                "entity_role": "Statement",
                "entity_parent": "null"
              },
              "concrete_change": {
                "operator": "DEL",
                "src_type": "Return",
                "dst_type": "null",
                "src": "return new dk.alexandra.fresco.framework.util.PaddingAesCtrDrbg(newSeed)",
                "dst": "null",
                "src_parent_type": "Block",
                "dst_parent_type": "null",
                "src_parent": "{\n    byte[] seedBytes \u003d originalSeed.toByteArray();\n    java.nio.ByteBuffer idBuffer \u003d java.nio.ByteBuffer.allocate(seedBytes.length);\n    byte[] newSeed \u003d idBuffer.putInt(instanceId).array();\n    dk.alexandra.fresco.framework.util.ByteArrayHelper.xor(newSeed, seedBytes);\n    return new dk.alexandra.fresco.framework.util.PaddingAesCtrDrbg(newSeed);\n}",
                "dst_parent": "null"
              },
              "line": 41,
              "file": "/home/khesoem/projects/lighter/exp/tools/ot/src/main/java/dk/alexandra/fresco/tools/ot/otextension/CoteShared.java",
              "stats": {
                "number_of_src_entities": 13,
                "number_of_dst_entities": -1,
                "src_entity_types": "[dk.alexandra.fresco.framework.util.PaddingAesCtrDrbg, byte]",
                "dst_entity_types": "[]"
              }
            }
          ]
        },
        {
          "tool-name": "JKali",
          "pattern-name": "JKali:add_rtrn",
          "Unified_Diff_of-files:": "Starts Below...",
          "INSERT:": "import dk.alexandra.fresco.framework.util.AesCtrDrbgFactory;",
          "CHANGE_old:": "    return new PaddingAesCtrDrbg(newSeed);",
          "CHANGE_new:": "",
          "DELETE:": "    // Remember that int is 32 bits, thus 4 bytes",
          "instance_detail": [
            {
              "pattern_action": "INS",
              "pattern_entity": {
                "entity_type": "Return",
                "entity_new value": "*",
                "entity_role": "Statement",
                "entity_parent": "null"
              },
              "concrete_change": {
                "operator": "INS",
                "src_type": "Return",
                "dst_type": "null",
                "src": "return dk.alexandra.fresco.framework.util.ExceptionConverter.safe(() -\u003e dk.alexandra.fresco.framework.util.AesCtrDrbgFactory.fromDerivedSeed(newSeed), \"Unable to generate DRBG.\")",
                "dst": "null",
                "src_parent_type": "Block",
                "dst_parent_type": "null",
                "src_parent": "{\n    byte[] seedBytes \u003d originalSeed.toByteArray();\n    java.nio.ByteBuffer idBuffer \u003d java.nio.ByteBuffer.allocate(((seedBytes.length) + (java.lang.Integer.BYTES)));\n    byte[] newSeed \u003d idBuffer.putInt(instanceId).put(seedBytes).array();\n    return dk.alexandra.fresco.framework.util.ExceptionConverter.safe(() -\u003e dk.alexandra.fresco.framework.util.AesCtrDrbgFactory.fromDerivedSeed(newSeed), \"Unable to generate DRBG.\");\n}",
                "dst_parent": "null"
              },
              "line": 39,
              "file": "/home/khesoem/projects/lighter/exp/tools/ot/src/main/java/dk/alexandra/fresco/tools/ot/otextension/CoteShared.java",
              "stats": {
                "number_of_src_entities": 27,
                "number_of_dst_entities": -1,
                "src_entity_types": "[dk.alexandra.fresco.framework.util.ExceptionConverter, byte, java.lang.String, dk.alexandra.fresco.framework.util.AesCtrDrbgFactory]",
                "dst_entity_types": "[]"
              }
            }
          ]
        }
      ]
    },
    {
      "revision": "45cf8f08e467707d69cd0b36e6e6cf5d5e4414b6",
      "repairability": [
        {
          "tool-name": "JKali",
          "pattern-name": "JKali:del",
          "Unified_Diff_of-files:": "Starts Below...",
          "INSERT:": "import dk.alexandra.fresco.framework.util.AesCtrDrbgFactory;",
          "CHANGE_old:": "    return new PaddingAesCtrDrbg(newSeed);",
          "CHANGE_new:": "",
          "DELETE:": "    // Remember that int is 32 bits, thus 4 bytes",
          "instance_detail": [
            {
              "pattern_action": "DEL",
              "pattern_entity": {
                "entity_type": "*",
                "entity_new value": "*",
                "entity_role": "Statement",
                "entity_parent": "null"
              },
              "concrete_change": {
                "operator": "DEL",
                "src_type": "Assignment",
                "dst_type": "null",
                "src": "this.drng \u003d new dk.alexandra.fresco.framework.util.DrngImpl(new dk.alexandra.fresco.framework.util.PaddingAesCtrDrbg(seed.toByteArray()))",
                "dst": "null",
                "src_parent_type": "Block",
                "dst_parent_type": "null",
                "src_parent": "{\n    this.drng \u003d new dk.alexandra.fresco.framework.util.DrngImpl(new dk.alexandra.fresco.framework.util.PaddingAesCtrDrbg(seed.toByteArray()));\n}",
                "dst_parent": "null"
              },
              "line": 21,
              "file": "/home/khesoem/projects/lighter/exp/tools/mascot/src/main/java/dk/alexandra/fresco/tools/mascot/prg/FieldElementPrgImpl.java",
              "stats": {
                "number_of_src_entities": 35,
                "number_of_dst_entities": -1,
                "src_entity_types": "[dk.alexandra.fresco.framework.util.DrngImpl, dk.alexandra.fresco.tools.mascot.prg.FieldElementPrgImpl, java.lang.Object, dk.alexandra.fresco.framework.util.StrictBitVector]",
                "dst_entity_types": "[]"
              }
            }
          ]
        }
      ]
    }
  ],
  "complete_analysis": true
}