{
  "instances": [
    {
      "revision": "d33e2a56ccdd044bd8a8a65c59c6d49df05ff0ec",
      "repairability": [
        {
          "tool-name": "JKali",
          "pattern-name": "JKali:del",
          "Unified_Diff_of-files:": "Starts Below...",
          "CHANGE_old:": "    }).par((r2, norm) -\u0026gt; {",
          "CHANGE_new:": "    ).par((r2, norm) -\u0026gt; {",
          "instance_detail": [
            {
              "pattern_action": "DEL",
              "pattern_entity": {
                "entity_type": "*",
                "entity_new value": "*",
                "entity_role": "Statement",
                "entity_parent": "null"
              },
              "concrete_change": {
                "operator": "DEL",
                "src_type": "Return",
                "dst_type": "null",
                "src": "return r1.realAdvanced().normalize(x)",
                "dst": "null",
                "src_parent_type": "Block",
                "dst_parent_type": "null",
                "src_parent": "{\n    return r1.realAdvanced().normalize(x);\n}",
                "dst_parent": "null"
              },
              "line": 26,
              "file": "/home/khesoem/projects/lighter/exp/core/src/main/java/dk/alexandra/fresco/lib/real/math/Reciprocal.java",
              "stats": {
                "number_of_src_entities": 17,
                "number_of_dst_entities": -1,
                "src_entity_types": "[dk.alexandra.fresco.lib.real.math.r1, dk.alexandra.fresco.lib.real.math.Reciprocal]",
                "dst_entity_types": "[]"
              }
            }
          ]
        }
      ]
    },
    {
      "revision": "d33e2a56ccdd044bd8a8a65c59c6d49df05ff0ec",
      "repairability": [
        {
          "tool-name": "JKali",
          "pattern-name": "JKali:del",
          "Unified_Diff_of-files:": "Starts Below...",
          "CHANGE_old:": "    }).par((r2, norm) -\u0026gt; {",
          "CHANGE_new:": "    ).par((r2, norm) -\u0026gt; {",
          "instance_detail": [
            {
              "pattern_action": "DEL",
              "pattern_entity": {
                "entity_type": "*",
                "entity_new value": "*",
                "entity_role": "Statement",
                "entity_parent": "null"
              },
              "concrete_change": {
                "operator": "DEL",
                "src_type": "Return",
                "dst_type": "null",
                "src": "return r1.realAdvanced().normalize(x)",
                "dst": "null",
                "src_parent_type": "Block",
                "dst_parent_type": "null",
                "src_parent": "{\n    return r1.realAdvanced().normalize(x);\n}",
                "dst_parent": "null"
              },
              "line": 32,
              "file": "/home/khesoem/projects/lighter/exp/core/src/main/java/dk/alexandra/fresco/lib/real/math/SquareRoot.java",
              "stats": {
                "number_of_src_entities": 17,
                "number_of_dst_entities": -1,
                "src_entity_types": "[dk.alexandra.fresco.lib.real.math.r1, dk.alexandra.fresco.lib.real.math.SquareRoot]",
                "dst_entity_types": "[]"
              }
            }
          ]
        }
      ]
    },
    {
      "revision": "d33e2a56ccdd044bd8a8a65c59c6d49df05ff0ec",
      "repairability": [
        {
          "tool-name": "JKali",
          "pattern-name": "JKali:add_rtrn",
          "Unified_Diff_of-files:": "Starts Below...",
          "CHANGE_old:": "    }).par((r2, norm) -\u0026gt; {",
          "CHANGE_new:": "    ).par((r2, norm) -\u0026gt; {",
          "instance_detail": [
            {
              "pattern_action": "INS",
              "pattern_entity": {
                "entity_type": "Return",
                "entity_new value": "*",
                "entity_role": "Statement",
                "entity_parent": "null"
              },
              "concrete_change": {
                "operator": "INS",
                "src_type": "Return",
                "dst_type": "null",
                "src": "return builder.seq(new dk.alexandra.fresco.lib.math.integer.binary.Truncate(input, shifts))",
                "dst": "null",
                "src_parent_type": "Block",
                "dst_parent_type": "null",
                "src_parent": "{\n    return builder.seq(new dk.alexandra.fresco.lib.math.integer.binary.Truncate(input, shifts));\n}",
                "dst_parent": "null"
              },
              "line": 148,
              "file": "/home/khesoem/projects/lighter/exp/core/src/main/java/dk/alexandra/fresco/framework/builder/numeric/DefaultAdvancedNumeric.java"
            }
          ]
        },
        {
          "tool-name": "JKali",
          "pattern-name": "JKali:add_rtrn",
          "Unified_Diff_of-files:": "Starts Below...",
          "CHANGE_old:": "    }).par((r2, norm) -\u0026gt; {",
          "CHANGE_new:": "    ).par((r2, norm) -\u0026gt; {",
          "instance_detail": [
            {
              "pattern_action": "INS",
              "pattern_entity": {
                "entity_type": "Return",
                "entity_new value": "*",
                "entity_role": "Statement",
                "entity_parent": "null"
              },
              "concrete_change": {
                "operator": "INS",
                "src_type": "Return",
                "dst_type": "null",
                "src": "return builder.seq(new dk.alexandra.fresco.lib.math.integer.binary.NormalizeSInt(input, targetBitLength))",
                "dst": "null",
                "src_parent_type": "Block",
                "dst_parent_type": "null",
                "src_parent": "{\n    return builder.seq(new dk.alexandra.fresco.lib.math.integer.binary.NormalizeSInt(input, targetBitLength));\n}",
                "dst_parent": "null"
              },
              "line": 175,
              "file": "/home/khesoem/projects/lighter/exp/core/src/main/java/dk/alexandra/fresco/framework/builder/numeric/DefaultAdvancedNumeric.java"
            }
          ]
        }
      ]
    },
    {
      "revision": "d33e2a56ccdd044bd8a8a65c59c6d49df05ff0ec",
      "repairability": [
        {
          "tool-name": "JKali",
          "pattern-name": "JKali:del",
          "Unified_Diff_of-files:": "Starts Below...",
          "CHANGE_old:": "    }).par((r2, norm) -\u0026gt; {",
          "CHANGE_new:": "    ).par((r2, norm) -\u0026gt; {",
          "instance_detail": [
            {
              "pattern_action": "DEL",
              "pattern_entity": {
                "entity_type": "*",
                "entity_new value": "*",
                "entity_role": "Statement",
                "entity_parent": "null"
              },
              "concrete_change": {
                "operator": "DEL",
                "src_type": "Return",
                "dst_type": "null",
                "src": "return r1.realAdvanced().normalize(x)",
                "dst": "null",
                "src_parent_type": "Block",
                "dst_parent_type": "null",
                "src_parent": "{\n    return r1.realAdvanced().normalize(x);\n}",
                "dst_parent": "null"
              },
              "line": 30,
              "file": "/home/khesoem/projects/lighter/exp/core/src/main/java/dk/alexandra/fresco/lib/real/math/Logarithm.java",
              "stats": {
                "number_of_src_entities": 17,
                "number_of_dst_entities": -1,
                "src_entity_types": "[dk.alexandra.fresco.lib.real.math.r1, dk.alexandra.fresco.lib.real.math.Logarithm]",
                "dst_entity_types": "[]"
              }
            }
          ]
        }
      ]
    }
  ],
  "complete_analysis": true
}