{
  "instances": [
    {
      "revision": "15ab3227937ddd16ecd7b4ef6b7c61d02a44861f",
      "repairability": [
        {
          "tool-name": "JKali",
          "pattern-name": "JKali:add_rtrn",
          "Unified_Diff_of-files:": "Starts Below...",
          "CHANGE_old:": "public interface MimcRoundConstantFactory {",
          "CHANGE_new:": "public interface MiMCRoundConstantFactory {",
          "instance_detail": [
            {
              "pattern_action": "INS",
              "pattern_entity": {
                "entity_type": "Return",
                "entity_new value": "*",
                "entity_role": "Statement",
                "entity_parent": "null"
              },
              "concrete_change": {
                "operator": "INS",
                "src_type": "Return",
                "dst_type": "null",
                "src": "return new dk.alexandra.fresco.lib.fixed.DefaultAdvancedFixedNumeric(builder)",
                "dst": "null",
                "src_parent_type": "Block",
                "dst_parent_type": "null",
                "src_parent": "{\n    return new dk.alexandra.fresco.lib.fixed.DefaultAdvancedFixedNumeric(builder);\n}",
                "dst_parent": "null"
              },
              "line": 20,
              "file": "/home/khesoem/projects/lighter/exp/lib/fixed/src/main/java/dk/alexandra/fresco/lib/fixed/AdvancedFixedNumeric.java"
            }
          ]
        }
      ]
    },
    {
      "revision": "15ab3227937ddd16ecd7b4ef6b7c61d02a44861f",
      "repairability": [
        {
          "tool-name": "JKali",
          "pattern-name": "JKali:del",
          "Unified_Diff_of-files:": "Starts Below...",
          "CHANGE_old:": "public interface MimcRoundConstantFactory {",
          "CHANGE_new:": "public interface MiMCRoundConstantFactory {",
          "instance_detail": [
            {
              "pattern_action": "DEL",
              "pattern_entity": {
                "entity_type": "*",
                "entity_new value": "*",
                "entity_role": "Statement",
                "entity_parent": "null"
              },
              "concrete_change": {
                "operator": "DEL",
                "src_type": "Return",
                "dst_type": "null",
                "src": "return new dk.alexandra.fresco.lib.common.math.DefaultAdvancedBinary(par).condSelect(data, e, right.get(left.indexOf(e)))",
                "dst": "null",
                "src_parent_type": "Block",
                "dst_parent_type": "null",
                "src_parent": "{\n    return new dk.alexandra.fresco.lib.common.math.DefaultAdvancedBinary(par).condSelect(data, e, right.get(left.indexOf(e)));\n}",
                "dst_parent": "null"
              },
              "line": 34,
              "file": "/home/khesoem/projects/lighter/exp/lib/common/src/main/java/dk/alexandra/fresco/lib/common/compare/CompareAndSwap.java",
              "stats": {
                "number_of_src_entities": 45,
                "number_of_dst_entities": -1,
                "src_entity_types": "[dk.alexandra.fresco.lib.common.compare.CompareAndSwap, dk.alexandra.fresco.lib.common.compare.right, dk.alexandra.fresco.lib.common.compare.left, dk.alexandra.fresco.lib.common.math.DefaultAdvancedBinary]",
                "dst_entity_types": "[]"
              }
            }
          ]
        },
        {
          "tool-name": "JKali",
          "pattern-name": "JKali:del",
          "Unified_Diff_of-files:": "Starts Below...",
          "CHANGE_old:": "public interface MimcRoundConstantFactory {",
          "CHANGE_new:": "public interface MiMCRoundConstantFactory {",
          "instance_detail": [
            {
              "pattern_action": "DEL",
              "pattern_entity": {
                "entity_type": "*",
                "entity_new value": "*",
                "entity_role": "Statement",
                "entity_parent": "null"
              },
              "concrete_change": {
                "operator": "DEL",
                "src_type": "Return",
                "dst_type": "null",
                "src": "return new dk.alexandra.fresco.lib.common.math.DefaultAdvancedBinary(par).condSelect(data, e, left.get(right.indexOf(e)))",
                "dst": "null",
                "src_parent_type": "Block",
                "dst_parent_type": "null",
                "src_parent": "{\n    return new dk.alexandra.fresco.lib.common.math.DefaultAdvancedBinary(par).condSelect(data, e, left.get(right.indexOf(e)));\n}",
                "dst_parent": "null"
              },
              "line": 38,
              "file": "/home/khesoem/projects/lighter/exp/lib/common/src/main/java/dk/alexandra/fresco/lib/common/compare/CompareAndSwap.java",
              "stats": {
                "number_of_src_entities": 45,
                "number_of_dst_entities": -1,
                "src_entity_types": "[dk.alexandra.fresco.lib.common.compare.CompareAndSwap, dk.alexandra.fresco.lib.common.compare.left, dk.alexandra.fresco.lib.common.compare.right, dk.alexandra.fresco.lib.common.math.DefaultAdvancedBinary]",
                "dst_entity_types": "[]"
              }
            }
          ]
        }
      ]
    },
    {
      "revision": "15ab3227937ddd16ecd7b4ef6b7c61d02a44861f",
      "repairability": [
        {
          "tool-name": "JKali",
          "pattern-name": "JKali:add_rtrn",
          "Unified_Diff_of-files:": "Starts Below...",
          "CHANGE_old:": "public interface MimcRoundConstantFactory {",
          "CHANGE_new:": "public interface MiMCRoundConstantFactory {",
          "instance_detail": [
            {
              "pattern_action": "INS",
              "pattern_entity": {
                "entity_type": "Return",
                "entity_new value": "*",
                "entity_role": "Statement",
                "entity_parent": "null"
              },
              "concrete_change": {
                "operator": "INS",
                "src_type": "Return",
                "dst_type": "null",
                "src": "return new dk.alexandra.fresco.lib.common.math.DefaultAdvancedNumeric(builder)",
                "dst": "null",
                "src_parent_type": "Block",
                "dst_parent_type": "null",
                "src_parent": "{\n    return new dk.alexandra.fresco.lib.common.math.DefaultAdvancedNumeric(builder);\n}",
                "dst_parent": "null"
              },
              "line": 23,
              "file": "/home/khesoem/projects/lighter/exp/lib/common/src/main/java/dk/alexandra/fresco/lib/common/math/AdvancedNumeric.java"
            }
          ]
        }
      ]
    },
    {
      "revision": "15ab3227937ddd16ecd7b4ef6b7c61d02a44861f",
      "repairability": [
        {
          "tool-name": "JKali",
          "pattern-name": "JKali:add_rtrn",
          "Unified_Diff_of-files:": "Starts Below...",
          "CHANGE_old:": "public interface MimcRoundConstantFactory {",
          "CHANGE_new:": "public interface MiMCRoundConstantFactory {",
          "instance_detail": [
            {
              "pattern_action": "INS",
              "pattern_entity": {
                "entity_type": "Return",
                "entity_new value": "*",
                "entity_role": "Statement",
                "entity_parent": "null"
              },
              "concrete_change": {
                "operator": "INS",
                "src_type": "Return",
                "dst_type": "null",
                "src": "return new dk.alexandra.fresco.lib.fixed.DefaultFixedLinearAlgebra(builder)",
                "dst": "null",
                "src_parent_type": "Block",
                "dst_parent_type": "null",
                "src_parent": "{\n    return new dk.alexandra.fresco.lib.fixed.DefaultFixedLinearAlgebra(builder);\n}",
                "dst_parent": "null"
              },
              "line": 19,
              "file": "/home/khesoem/projects/lighter/exp/lib/fixed/src/main/java/dk/alexandra/fresco/lib/fixed/FixedLinearAlgebra.java"
            }
          ]
        }
      ]
    },
    {
      "revision": "15ab3227937ddd16ecd7b4ef6b7c61d02a44861f",
      "repairability": [
        {
          "tool-name": "JKali",
          "pattern-name": "JKali:add_rtrn",
          "Unified_Diff_of-files:": "Starts Below...",
          "CHANGE_old:": "public interface MimcRoundConstantFactory {",
          "CHANGE_new:": "public interface MiMCRoundConstantFactory {",
          "instance_detail": [
            {
              "pattern_action": "INS",
              "pattern_entity": {
                "entity_type": "Return",
                "entity_new value": "*",
                "entity_role": "Statement",
                "entity_parent": "null"
              },
              "concrete_change": {
                "operator": "INS",
                "src_type": "Return",
                "dst_type": "null",
                "src": "return new dk.alexandra.fresco.lib.common.collections.DefaultCollections(builder)",
                "dst": "null",
                "src_parent_type": "Block",
                "dst_parent_type": "null",
                "src_parent": "{\n    return new dk.alexandra.fresco.lib.common.collections.DefaultCollections(builder);\n}",
                "dst_parent": "null"
              },
              "line": 23,
              "file": "/home/khesoem/projects/lighter/exp/lib/common/src/main/java/dk/alexandra/fresco/lib/common/collections/Collections.java"
            }
          ]
        }
      ]
    },
    {
      "revision": "15ab3227937ddd16ecd7b4ef6b7c61d02a44861f",
      "repairability": [
        {
          "tool-name": "JKali",
          "pattern-name": "JKali:add_rtrn",
          "Unified_Diff_of-files:": "Starts Below...",
          "CHANGE_old:": "public interface MimcRoundConstantFactory {",
          "CHANGE_new:": "public interface MiMCRoundConstantFactory {",
          "instance_detail": [
            {
              "pattern_action": "INS",
              "pattern_entity": {
                "entity_type": "Return",
                "entity_new value": "*",
                "entity_role": "Statement",
                "entity_parent": "null"
              },
              "concrete_change": {
                "operator": "INS",
                "src_type": "Return",
                "dst_type": "null",
                "src": "return new dk.alexandra.fresco.lib.common.math.DefaultAdvancedBinary(builder)",
                "dst": "null",
                "src_parent_type": "Block",
                "dst_parent_type": "null",
                "src_parent": "{\n    return new dk.alexandra.fresco.lib.common.math.DefaultAdvancedBinary(builder);\n}",
                "dst_parent": "null"
              },
              "line": 27,
              "file": "/home/khesoem/projects/lighter/exp/lib/common/src/main/java/dk/alexandra/fresco/lib/common/math/AdvancedBinary.java"
            }
          ]
        }
      ]
    },
    {
      "revision": "15ab3227937ddd16ecd7b4ef6b7c61d02a44861f",
      "repairability": [
        {
          "tool-name": "JKali",
          "pattern-name": "JKali:add_rtrn",
          "Unified_Diff_of-files:": "Starts Below...",
          "CHANGE_old:": "public interface MimcRoundConstantFactory {",
          "CHANGE_new:": "public interface MiMCRoundConstantFactory {",
          "instance_detail": [
            {
              "pattern_action": "INS",
              "pattern_entity": {
                "entity_type": "Return",
                "entity_new value": "*",
                "entity_role": "Statement",
                "entity_parent": "null"
              },
              "concrete_change": {
                "operator": "INS",
                "src_type": "Return",
                "dst_type": "null",
                "src": "return new dk.alexandra.fresco.lib.fixed.DefaultFixedNumeric(builder)",
                "dst": "null",
                "src_parent_type": "Block",
                "dst_parent_type": "null",
                "src_parent": "{\n    return new dk.alexandra.fresco.lib.fixed.DefaultFixedNumeric(builder);\n}",
                "dst_parent": "null"
              },
              "line": 21,
              "file": "/home/khesoem/projects/lighter/exp/lib/fixed/src/main/java/dk/alexandra/fresco/lib/fixed/FixedNumeric.java"
            }
          ]
        }
      ]
    },
    {
      "revision": "15ab3227937ddd16ecd7b4ef6b7c61d02a44861f",
      "repairability": [
        {
          "tool-name": "JKali",
          "pattern-name": "JKali:add_rtrn",
          "Unified_Diff_of-files:": "Starts Below...",
          "CHANGE_old:": "public interface MimcRoundConstantFactory {",
          "CHANGE_new:": "public interface MiMCRoundConstantFactory {",
          "instance_detail": [
            {
              "pattern_action": "INS",
              "pattern_entity": {
                "entity_type": "Return",
                "entity_new value": "*",
                "entity_role": "Statement",
                "entity_parent": "null"
              },
              "concrete_change": {
                "operator": "INS",
                "src_type": "Return",
                "dst_type": "null",
                "src": "return new dk.alexandra.fresco.lib.common.compare.DefaultComparison(builder)",
                "dst": "null",
                "src_parent_type": "Block",
                "dst_parent_type": "null",
                "src_parent": "{\n    return new dk.alexandra.fresco.lib.common.compare.DefaultComparison(builder);\n}",
                "dst_parent": "null"
              },
              "line": 20,
              "file": "/home/khesoem/projects/lighter/exp/lib/common/src/main/java/dk/alexandra/fresco/lib/common/compare/Comparison.java"
            }
          ]
        }
      ]
    },
    {
      "revision": "15ab3227937ddd16ecd7b4ef6b7c61d02a44861f",
      "repairability": [
        {
          "tool-name": "JKali",
          "pattern-name": "JKali:add_rtrn",
          "Unified_Diff_of-files:": "Starts Below...",
          "CHANGE_old:": "public interface MimcRoundConstantFactory {",
          "CHANGE_new:": "public interface MiMCRoundConstantFactory {",
          "instance_detail": [
            {
              "pattern_action": "INS",
              "pattern_entity": {
                "entity_type": "Return",
                "entity_new value": "*",
                "entity_role": "Statement",
                "entity_parent": "null"
              },
              "concrete_change": {
                "operator": "INS",
                "src_type": "Return",
                "dst_type": "null",
                "src": "return new dk.alexandra.fresco.lib.common.compare.DefaultBinaryComparison(builder)",
                "dst": "null",
                "src_parent_type": "Block",
                "dst_parent_type": "null",
                "src_parent": "{\n    return new dk.alexandra.fresco.lib.common.compare.DefaultBinaryComparison(builder);\n}",
                "dst_parent": "null"
              },
              "line": 24,
              "file": "/home/khesoem/projects/lighter/exp/lib/common/src/main/java/dk/alexandra/fresco/lib/common/compare/BinaryComparison.java"
            }
          ]
        }
      ]
    }
  ],
  "complete_analysis": true
}