{
  "instances": [
    {
      "revision": "aff65f442782541d0fcac459291cd2c9f05ac8c2",
      "repairability": [
        {
          "tool-name": "JKali",
          "pattern-name": "JKali:del",
          "Unified_Diff_of-files:": "Starts Below...",
          "INSERT:": "import dk.alexandra.fresco.framework.builder.numeric.field.FieldDefinition;",
          "CHANGE_old:": "            getMyId(), getNoOfParties()));",
          "CHANGE_new:": "",
          "DELETE:": "",
          "instance_detail": [
            {
              "pattern_action": "DEL",
              "pattern_entity": {
                "entity_type": "*",
                "entity_new value": "*",
                "entity_role": "Statement",
                "entity_parent": "null"
              },
              "concrete_change": {
                "operator": "DEL",
                "src_type": "Invocation",
                "dst_type": "null",
                "src": "seq.append(new dk.alexandra.fresco.suite.spdz2k.protocols.computations.BroadcastValidationProtocol\u003c\u003e(toValidate))",
                "dst": "null",
                "src_parent_type": "Block",
                "dst_parent_type": "null",
                "src_parent": "{\n    List\u003cbyte[]\u003e toValidate \u003d lst.stream().flatMap(( broadcast) -\u003e broadcast.out().stream()).collect(java.util.stream.Collectors.toList());\n    seq.append(new dk.alexandra.fresco.suite.spdz2k.protocols.computations.BroadcastValidationProtocol\u003c\u003e(toValidate));\n    return () -\u003e toValidate;\n}",
                "dst_parent": "null"
              },
              "line": 41,
              "file": "/home/khesoem/projects/lighter/exp/suite/spdz2k/src/main/java/dk/alexandra/fresco/suite/spdz2k/protocols/computations/BroadcastComputation.java",
              "stats": {
                "number_of_src_entities": 18,
                "number_of_dst_entities": -1,
                "src_entity_types": "[dk.alexandra.fresco.suite.spdz2k.protocols.computations.seq, dk.alexandra.fresco.suite.spdz2k.protocols.computations.BroadcastValidationProtocol\u003c\u003e, byte, List\u003cbyte[]\u003e]",
                "dst_entity_types": "[]"
              }
            }
          ]
        }
      ]
    },
    {
      "revision": "aff65f442782541d0fcac459291cd2c9f05ac8c2",
      "repairability": [
        {
          "tool-name": "JKali",
          "pattern-name": "JKali:del",
          "Unified_Diff_of-files:": "Starts Below...",
          "INSERT:": "import dk.alexandra.fresco.framework.builder.numeric.field.FieldDefinition;",
          "CHANGE_old:": "            getMyId(), getNoOfParties()));",
          "CHANGE_new:": "",
          "DELETE:": "",
          "instance_detail": [
            {
              "pattern_action": "DEL",
              "pattern_entity": {
                "entity_type": "*",
                "entity_new value": "*",
                "entity_role": "Statement",
                "entity_parent": "null"
              },
              "concrete_change": {
                "operator": "DEL",
                "src_type": "Assignment",
                "dst_type": "null",
                "src": "this.modulus \u003d java.math.BigInteger.ONE.shiftLeft(effectiveBitLength)",
                "dst": "null",
                "src_parent_type": "Block",
                "dst_parent_type": "null",
                "src_parent": "{\n    super(myId, noOfPlayers);\n    java.util.Objects.requireNonNull(storage);\n    java.util.Objects.requireNonNull(supplier);\n    java.util.Objects.requireNonNull(factory);\n    this.effectiveBitLength \u003d factory.getLowBitLength();\n    this.modulus \u003d java.math.BigInteger.ONE.shiftLeft(effectiveBitLength);\n    this.storage \u003d storage;\n    this.supplier \u003d supplier;\n    this.factory \u003d factory;\n    this.rawSerializer \u003d factory.createSerializer();\n    this.drbg \u003d drbg;\n    this.localDrbg \u003d new dk.alexandra.fresco.framework.util.AesCtrDrbg();\n}",
                "dst_parent": "null"
              },
              "line": 61,
              "file": "/home/khesoem/projects/lighter/exp/suite/spdz2k/src/main/java/dk/alexandra/fresco/suite/spdz2k/resource/Spdz2kResourcePoolImpl.java",
              "stats": {
                "number_of_src_entities": 44,
                "number_of_dst_entities": -1,
                "src_entity_types": "[java.math.BigInteger, dk.alexandra.fresco.suite.spdz2k.resource.Spdz2kResourcePoolImpl\u003cPlainT\u003e, dk.alexandra.fresco.suite.spdz2k.resource.Spdz2kResourcePoolImpl]",
                "dst_entity_types": "[]"
              }
            }
          ]
        },
        {
          "tool-name": "JKali",
          "pattern-name": "JKali:del",
          "Unified_Diff_of-files:": "Starts Below...",
          "INSERT:": "import dk.alexandra.fresco.framework.builder.numeric.field.FieldDefinition;",
          "CHANGE_old:": "            getMyId(), getNoOfParties()));",
          "CHANGE_new:": "",
          "DELETE:": "",
          "instance_detail": [
            {
              "pattern_action": "DEL",
              "pattern_entity": {
                "entity_type": "*",
                "entity_new value": "*",
                "entity_role": "Statement",
                "entity_parent": "null"
              },
              "concrete_change": {
                "operator": "DEL",
                "src_type": "Throw",
                "dst_type": "null",
                "src": "throw new java.lang.UnsupportedOperationException(\"This suite does not support serializing big integers\")",
                "dst": "null",
                "src_parent_type": "Block",
                "dst_parent_type": "null",
                "src_parent": "{\n    throw new java.lang.UnsupportedOperationException(\"This suite does not support serializing big integers\");\n}",
                "dst_parent": "null"
              },
              "line": 117,
              "file": "/home/khesoem/projects/lighter/exp/suite/spdz2k/src/main/java/dk/alexandra/fresco/suite/spdz2k/resource/Spdz2kResourcePoolImpl.java"
            }
          ]
        }
      ]
    }
  ],
  "complete_analysis": true
}