{
  "instances": [
    {
      "revision": "e1b69683fece67fd2b4c4cbd3b56b988726bc218",
      "repairability": [
        {
          "tool-name": "JKali",
          "pattern-name": "JKali:del",
          "Unified_Diff_of-files:": "Starts Below...",
          "CHANGE_old:": "          triples.get(i).setC(new TinyTablesElement(c));",
          "CHANGE_new:": "          triples.set(i, TinyTablesTriple.fromShares(trip.getA().getShare(), trip.getB().getShare(), c));",
          "INSERT:": "          TinyTablesTriple trip \u003d triples.get(i);",
          "instance_detail": [
            {
              "pattern_action": "DEL",
              "pattern_entity": {
                "entity_type": "*",
                "entity_new value": "*",
                "entity_role": "Statement",
                "entity_parent": "null"
              },
              "concrete_change": {
                "operator": "DEL",
                "src_type": "Invocation",
                "dst_type": "null",
                "src": "dk.alexandra.fresco.suite.tinytables.storage.BatchTinyTablesTripleProvider.logger.info(((\"Generating \" + (batchSize)) + \" new TinyTableTriples...\"))",
                "dst": "null",
                "src_parent_type": "Block",
                "dst_parent_type": "null",
                "src_parent": "{\n    dk.alexandra.fresco.suite.tinytables.storage.BatchTinyTablesTripleProvider.logger.info(((\"Generating \" + (batchSize)) + \" new TinyTableTriples...\"));\n    java.util.List\u003cdk.alexandra.fresco.suite.tinytables.datatypes.TinyTablesTriple\u003e newTriples \u003d generator.generate(batchSize);\n    for (dk.alexandra.fresco.suite.tinytables.datatypes.TinyTablesTriple triple : newTriples) {\n        triples.offer(triple);\n    }\n}",
                "dst_parent": "null"
              },
              "line": 42,
              "file": "/home/khesoem/projects/lighter/exp/suite/tinytables/src/main/java/dk/alexandra/fresco/suite/tinytables/storage/BatchTinyTablesTripleProvider.java",
              "stats": {
                "number_of_src_entities": 39,
                "number_of_dst_entities": -1,
                "src_entity_types": "[dk.alexandra.fresco.suite.tinytables.storage.BatchTinyTablesTripleProvider, java.lang.String, org.slf4j.Logger]",
                "dst_entity_types": "[]"
              }
            }
          ]
        }
      ]
    },
    {
      "revision": "e1b69683fece67fd2b4c4cbd3b56b988726bc218",
      "repairability": [
        {
          "tool-name": "JKali",
          "pattern-name": "JKali:add_rtrn",
          "Unified_Diff_of-files:": "Starts Below...",
          "CHANGE_old:": "          triples.get(i).setC(new TinyTablesElement(c));",
          "CHANGE_new:": "          triples.set(i, TinyTablesTriple.fromShares(trip.getA().getShare(), trip.getB().getShare(), c));",
          "INSERT:": "          TinyTablesTriple trip \u003d triples.get(i);",
          "instance_detail": [
            {
              "pattern_action": "INS",
              "pattern_entity": {
                "entity_type": "Return",
                "entity_new value": "*",
                "entity_role": "Statement",
                "entity_parent": "null"
              },
              "concrete_change": {
                "operator": "INS",
                "src_type": "Return",
                "dst_type": "null",
                "src": "return share.getShare() ? dk.alexandra.fresco.suite.tinytables.online.datatypes.TinyTablesSBool.TRUE : dk.alexandra.fresco.suite.tinytables.online.datatypes.TinyTablesSBool.FALSE",
                "dst": "null",
                "src_parent_type": "Block",
                "dst_parent_type": "null",
                "src_parent": "{\n    return share.getShare() ? dk.alexandra.fresco.suite.tinytables.online.datatypes.TinyTablesSBool.TRUE : dk.alexandra.fresco.suite.tinytables.online.datatypes.TinyTablesSBool.FALSE;\n}",
                "dst_parent": "null"
              },
              "line": 37,
              "file": "/home/khesoem/projects/lighter/exp/suite/tinytables/src/main/java/dk/alexandra/fresco/suite/tinytables/online/datatypes/TinyTablesSBool.java"
            }
          ]
        }
      ]
    },
    {
      "revision": "e1b69683fece67fd2b4c4cbd3b56b988726bc218",
      "repairability": [
        {
          "tool-name": "JKali",
          "pattern-name": "JKali:del",
          "Unified_Diff_of-files:": "Starts Below...",
          "CHANGE_old:": "          triples.get(i).setC(new TinyTablesElement(c));",
          "CHANGE_new:": "          triples.set(i, TinyTablesTriple.fromShares(trip.getA().getShare(), trip.getB().getShare(), c));",
          "INSERT:": "          TinyTablesTriple trip \u003d triples.get(i);",
          "instance_detail": [
            {
              "pattern_action": "DEL",
              "pattern_entity": {
                "entity_type": "*",
                "entity_new value": "*",
                "entity_role": "Statement",
                "entity_parent": "null"
              },
              "concrete_change": {
                "operator": "DEL",
                "src_type": "Return",
                "dst_type": "null",
                "src": "return new dk.alexandra.fresco.suite.tinytables.datatypes.TinyTablesTriple(new dk.alexandra.fresco.suite.tinytables.datatypes.TinyTablesElement(aShare), new dk.alexandra.fresco.suite.tinytables.datatypes.TinyTablesElement(bShare), new dk.alexandra.fresco.suite.tinytables.datatypes.TinyTablesElement(cShare))",
                "dst": "null",
                "src_parent_type": "Block",
                "dst_parent_type": "null",
                "src_parent": "{\n    return new dk.alexandra.fresco.suite.tinytables.datatypes.TinyTablesTriple(new dk.alexandra.fresco.suite.tinytables.datatypes.TinyTablesElement(aShare), new dk.alexandra.fresco.suite.tinytables.datatypes.TinyTablesElement(bShare), new dk.alexandra.fresco.suite.tinytables.datatypes.TinyTablesElement(cShare));\n}",
                "dst_parent": "null"
              },
              "line": 17,
              "file": "/home/khesoem/projects/lighter/exp/suite/tinytables/src/main/java/dk/alexandra/fresco/suite/tinytables/datatypes/TinyTablesTriple.java",
              "stats": {
                "number_of_src_entities": 43,
                "number_of_dst_entities": -1,
                "src_entity_types": "[dk.alexandra.fresco.suite.tinytables.datatypes.TinyTablesTriple, boolean, dk.alexandra.fresco.suite.tinytables.datatypes.TinyTablesElement]",
                "dst_entity_types": "[]"
              }
            }
          ]
        },
        {
          "tool-name": "JKali",
          "pattern-name": "JKali:del",
          "Unified_Diff_of-files:": "Starts Below...",
          "CHANGE_old:": "          triples.get(i).setC(new TinyTablesElement(c));",
          "CHANGE_new:": "          triples.set(i, TinyTablesTriple.fromShares(trip.getA().getShare(), trip.getB().getShare(), c));",
          "INSERT:": "          TinyTablesTriple trip \u003d triples.get(i);",
          "instance_detail": [
            {
              "pattern_action": "DEL",
              "pattern_entity": {
                "entity_type": "*",
                "entity_new value": "*",
                "entity_role": "Statement",
                "entity_parent": "null"
              },
              "concrete_change": {
                "operator": "DEL",
                "src_type": "Assignment",
                "dst_type": "null",
                "src": "this.a \u003d a",
                "dst": "null",
                "src_parent_type": "Block",
                "dst_parent_type": "null",
                "src_parent": "{\n    this.a \u003d a;\n}",
                "dst_parent": "null"
              },
              "line": 40,
              "file": "/home/khesoem/projects/lighter/exp/suite/tinytables/src/main/java/dk/alexandra/fresco/suite/tinytables/datatypes/TinyTablesTriple.java"
            }
          ]
        },
        {
          "tool-name": "JKali",
          "pattern-name": "JKali:del",
          "Unified_Diff_of-files:": "Starts Below...",
          "CHANGE_old:": "          triples.get(i).setC(new TinyTablesElement(c));",
          "CHANGE_new:": "          triples.set(i, TinyTablesTriple.fromShares(trip.getA().getShare(), trip.getB().getShare(), c));",
          "INSERT:": "          TinyTablesTriple trip \u003d triples.get(i);",
          "instance_detail": [
            {
              "pattern_action": "DEL",
              "pattern_entity": {
                "entity_type": "*",
                "entity_new value": "*",
                "entity_role": "Statement",
                "entity_parent": "null"
              },
              "concrete_change": {
                "operator": "DEL",
                "src_type": "Assignment",
                "dst_type": "null",
                "src": "this.b \u003d b",
                "dst": "null",
                "src_parent_type": "Block",
                "dst_parent_type": "null",
                "src_parent": "{\n    this.b \u003d b;\n}",
                "dst_parent": "null"
              },
              "line": 44,
              "file": "/home/khesoem/projects/lighter/exp/suite/tinytables/src/main/java/dk/alexandra/fresco/suite/tinytables/datatypes/TinyTablesTriple.java"
            }
          ]
        },
        {
          "tool-name": "JKali",
          "pattern-name": "JKali:del",
          "Unified_Diff_of-files:": "Starts Below...",
          "CHANGE_old:": "          triples.get(i).setC(new TinyTablesElement(c));",
          "CHANGE_new:": "          triples.set(i, TinyTablesTriple.fromShares(trip.getA().getShare(), trip.getB().getShare(), c));",
          "INSERT:": "          TinyTablesTriple trip \u003d triples.get(i);",
          "instance_detail": [
            {
              "pattern_action": "DEL",
              "pattern_entity": {
                "entity_type": "*",
                "entity_new value": "*",
                "entity_role": "Statement",
                "entity_parent": "null"
              },
              "concrete_change": {
                "operator": "DEL",
                "src_type": "Assignment",
                "dst_type": "null",
                "src": "this.c \u003d c",
                "dst": "null",
                "src_parent_type": "Block",
                "dst_parent_type": "null",
                "src_parent": "{\n    this.c \u003d c;\n}",
                "dst_parent": "null"
              },
              "line": 48,
              "file": "/home/khesoem/projects/lighter/exp/suite/tinytables/src/main/java/dk/alexandra/fresco/suite/tinytables/datatypes/TinyTablesTriple.java"
            }
          ]
        },
        {
          "tool-name": "JKali",
          "pattern-name": "JKali:add_rtrn",
          "Unified_Diff_of-files:": "Starts Below...",
          "CHANGE_old:": "          triples.get(i).setC(new TinyTablesElement(c));",
          "CHANGE_new:": "          triples.set(i, TinyTablesTriple.fromShares(trip.getA().getShare(), trip.getB().getShare(), c));",
          "INSERT:": "          TinyTablesTriple trip \u003d triples.get(i);",
          "instance_detail": [
            {
              "pattern_action": "INS",
              "pattern_entity": {
                "entity_type": "Return",
                "entity_new value": "*",
                "entity_role": "Statement",
                "entity_parent": "null"
              },
              "concrete_change": {
                "operator": "INS",
                "src_type": "Return",
                "dst_type": "null",
                "src": "return dk.alexandra.fresco.suite.tinytables.datatypes.TinyTablesTriple.trip0",
                "dst": "null",
                "src_parent_type": "Case",
                "dst_parent_type": "null",
                "src_parent": "case 0 :\n    return dk.alexandra.fresco.suite.tinytables.datatypes.TinyTablesTriple.trip0;",
                "dst_parent": "null"
              },
              "line": 29,
              "file": "/home/khesoem/projects/lighter/exp/suite/tinytables/src/main/java/dk/alexandra/fresco/suite/tinytables/datatypes/TinyTablesTriple.java"
            }
          ]
        },
        {
          "tool-name": "JKali",
          "pattern-name": "JKali:add_rtrn",
          "Unified_Diff_of-files:": "Starts Below...",
          "CHANGE_old:": "          triples.get(i).setC(new TinyTablesElement(c));",
          "CHANGE_new:": "          triples.set(i, TinyTablesTriple.fromShares(trip.getA().getShare(), trip.getB().getShare(), c));",
          "INSERT:": "          TinyTablesTriple trip \u003d triples.get(i);",
          "instance_detail": [
            {
              "pattern_action": "INS",
              "pattern_entity": {
                "entity_type": "Return",
                "entity_new value": "*",
                "entity_role": "Statement",
                "entity_parent": "null"
              },
              "concrete_change": {
                "operator": "INS",
                "src_type": "Return",
                "dst_type": "null",
                "src": "return dk.alexandra.fresco.suite.tinytables.datatypes.TinyTablesTriple.trip1",
                "dst": "null",
                "src_parent_type": "Case",
                "dst_parent_type": "null",
                "src_parent": "case 1 :\n    return dk.alexandra.fresco.suite.tinytables.datatypes.TinyTablesTriple.trip1;",
                "dst_parent": "null"
              },
              "line": 31,
              "file": "/home/khesoem/projects/lighter/exp/suite/tinytables/src/main/java/dk/alexandra/fresco/suite/tinytables/datatypes/TinyTablesTriple.java"
            }
          ]
        },
        {
          "tool-name": "JKali",
          "pattern-name": "JKali:add_rtrn",
          "Unified_Diff_of-files:": "Starts Below...",
          "CHANGE_old:": "          triples.get(i).setC(new TinyTablesElement(c));",
          "CHANGE_new:": "          triples.set(i, TinyTablesTriple.fromShares(trip.getA().getShare(), trip.getB().getShare(), c));",
          "INSERT:": "          TinyTablesTriple trip \u003d triples.get(i);",
          "instance_detail": [
            {
              "pattern_action": "INS",
              "pattern_entity": {
                "entity_type": "Return",
                "entity_new value": "*",
                "entity_role": "Statement",
                "entity_parent": "null"
              },
              "concrete_change": {
                "operator": "INS",
                "src_type": "Return",
                "dst_type": "null",
                "src": "return dk.alexandra.fresco.suite.tinytables.datatypes.TinyTablesTriple.trip2",
                "dst": "null",
                "src_parent_type": "Case",
                "dst_parent_type": "null",
                "src_parent": "case 2 :\n    return dk.alexandra.fresco.suite.tinytables.datatypes.TinyTablesTriple.trip2;",
                "dst_parent": "null"
              },
              "line": 33,
              "file": "/home/khesoem/projects/lighter/exp/suite/tinytables/src/main/java/dk/alexandra/fresco/suite/tinytables/datatypes/TinyTablesTriple.java"
            }
          ]
        },
        {
          "tool-name": "JKali",
          "pattern-name": "JKali:add_rtrn",
          "Unified_Diff_of-files:": "Starts Below...",
          "CHANGE_old:": "          triples.get(i).setC(new TinyTablesElement(c));",
          "CHANGE_new:": "          triples.set(i, TinyTablesTriple.fromShares(trip.getA().getShare(), trip.getB().getShare(), c));",
          "INSERT:": "          TinyTablesTriple trip \u003d triples.get(i);",
          "instance_detail": [
            {
              "pattern_action": "INS",
              "pattern_entity": {
                "entity_type": "Return",
                "entity_new value": "*",
                "entity_role": "Statement",
                "entity_parent": "null"
              },
              "concrete_change": {
                "operator": "INS",
                "src_type": "Return",
                "dst_type": "null",
                "src": "return dk.alexandra.fresco.suite.tinytables.datatypes.TinyTablesTriple.trip3",
                "dst": "null",
                "src_parent_type": "Case",
                "dst_parent_type": "null",
                "src_parent": "case 3 :\n    return dk.alexandra.fresco.suite.tinytables.datatypes.TinyTablesTriple.trip3;",
                "dst_parent": "null"
              },
              "line": 35,
              "file": "/home/khesoem/projects/lighter/exp/suite/tinytables/src/main/java/dk/alexandra/fresco/suite/tinytables/datatypes/TinyTablesTriple.java"
            }
          ]
        },
        {
          "tool-name": "JKali",
          "pattern-name": "JKali:add_rtrn",
          "Unified_Diff_of-files:": "Starts Below...",
          "CHANGE_old:": "          triples.get(i).setC(new TinyTablesElement(c));",
          "CHANGE_new:": "          triples.set(i, TinyTablesTriple.fromShares(trip.getA().getShare(), trip.getB().getShare(), c));",
          "INSERT:": "          TinyTablesTriple trip \u003d triples.get(i);",
          "instance_detail": [
            {
              "pattern_action": "INS",
              "pattern_entity": {
                "entity_type": "Return",
                "entity_new value": "*",
                "entity_role": "Statement",
                "entity_parent": "null"
              },
              "concrete_change": {
                "operator": "INS",
                "src_type": "Return",
                "dst_type": "null",
                "src": "return dk.alexandra.fresco.suite.tinytables.datatypes.TinyTablesTriple.trip4",
                "dst": "null",
                "src_parent_type": "Case",
                "dst_parent_type": "null",
                "src_parent": "case 4 :\n    return dk.alexandra.fresco.suite.tinytables.datatypes.TinyTablesTriple.trip4;",
                "dst_parent": "null"
              },
              "line": 37,
              "file": "/home/khesoem/projects/lighter/exp/suite/tinytables/src/main/java/dk/alexandra/fresco/suite/tinytables/datatypes/TinyTablesTriple.java"
            }
          ]
        },
        {
          "tool-name": "JKali",
          "pattern-name": "JKali:add_rtrn",
          "Unified_Diff_of-files:": "Starts Below...",
          "CHANGE_old:": "          triples.get(i).setC(new TinyTablesElement(c));",
          "CHANGE_new:": "          triples.set(i, TinyTablesTriple.fromShares(trip.getA().getShare(), trip.getB().getShare(), c));",
          "INSERT:": "          TinyTablesTriple trip \u003d triples.get(i);",
          "instance_detail": [
            {
              "pattern_action": "INS",
              "pattern_entity": {
                "entity_type": "Return",
                "entity_new value": "*",
                "entity_role": "Statement",
                "entity_parent": "null"
              },
              "concrete_change": {
                "operator": "INS",
                "src_type": "Return",
                "dst_type": "null",
                "src": "return dk.alexandra.fresco.suite.tinytables.datatypes.TinyTablesTriple.trip5",
                "dst": "null",
                "src_parent_type": "Case",
                "dst_parent_type": "null",
                "src_parent": "case 5 :\n    return dk.alexandra.fresco.suite.tinytables.datatypes.TinyTablesTriple.trip5;",
                "dst_parent": "null"
              },
              "line": 39,
              "file": "/home/khesoem/projects/lighter/exp/suite/tinytables/src/main/java/dk/alexandra/fresco/suite/tinytables/datatypes/TinyTablesTriple.java"
            }
          ]
        },
        {
          "tool-name": "JKali",
          "pattern-name": "JKali:add_rtrn",
          "Unified_Diff_of-files:": "Starts Below...",
          "CHANGE_old:": "          triples.get(i).setC(new TinyTablesElement(c));",
          "CHANGE_new:": "          triples.set(i, TinyTablesTriple.fromShares(trip.getA().getShare(), trip.getB().getShare(), c));",
          "INSERT:": "          TinyTablesTriple trip \u003d triples.get(i);",
          "instance_detail": [
            {
              "pattern_action": "INS",
              "pattern_entity": {
                "entity_type": "Return",
                "entity_new value": "*",
                "entity_role": "Statement",
                "entity_parent": "null"
              },
              "concrete_change": {
                "operator": "INS",
                "src_type": "Return",
                "dst_type": "null",
                "src": "return dk.alexandra.fresco.suite.tinytables.datatypes.TinyTablesTriple.trip6",
                "dst": "null",
                "src_parent_type": "Case",
                "dst_parent_type": "null",
                "src_parent": "case 6 :\n    return dk.alexandra.fresco.suite.tinytables.datatypes.TinyTablesTriple.trip6;",
                "dst_parent": "null"
              },
              "line": 41,
              "file": "/home/khesoem/projects/lighter/exp/suite/tinytables/src/main/java/dk/alexandra/fresco/suite/tinytables/datatypes/TinyTablesTriple.java"
            }
          ]
        },
        {
          "tool-name": "JKali",
          "pattern-name": "JKali:add_rtrn",
          "Unified_Diff_of-files:": "Starts Below...",
          "CHANGE_old:": "          triples.get(i).setC(new TinyTablesElement(c));",
          "CHANGE_new:": "          triples.set(i, TinyTablesTriple.fromShares(trip.getA().getShare(), trip.getB().getShare(), c));",
          "INSERT:": "          TinyTablesTriple trip \u003d triples.get(i);",
          "instance_detail": [
            {
              "pattern_action": "INS",
              "pattern_entity": {
                "entity_type": "Return",
                "entity_new value": "*",
                "entity_role": "Statement",
                "entity_parent": "null"
              },
              "concrete_change": {
                "operator": "INS",
                "src_type": "Return",
                "dst_type": "null",
                "src": "return dk.alexandra.fresco.suite.tinytables.datatypes.TinyTablesTriple.trip7",
                "dst": "null",
                "src_parent_type": "Case",
                "dst_parent_type": "null",
                "src_parent": "case 7 :\n    return dk.alexandra.fresco.suite.tinytables.datatypes.TinyTablesTriple.trip7;",
                "dst_parent": "null"
              },
              "line": 43,
              "file": "/home/khesoem/projects/lighter/exp/suite/tinytables/src/main/java/dk/alexandra/fresco/suite/tinytables/datatypes/TinyTablesTriple.java"
            }
          ]
        }
      ]
    },
    {
      "revision": "e1b69683fece67fd2b4c4cbd3b56b988726bc218",
      "repairability": [
        {
          "tool-name": "JKali",
          "pattern-name": "JKali:del",
          "Unified_Diff_of-files:": "Starts Below...",
          "CHANGE_old:": "          triples.get(i).setC(new TinyTablesElement(c));",
          "CHANGE_new:": "          triples.set(i, TinyTablesTriple.fromShares(trip.getA().getShare(), trip.getB().getShare(), c));",
          "INSERT:": "          TinyTablesTriple trip \u003d triples.get(i);",
          "instance_detail": [
            {
              "pattern_action": "DEL",
              "pattern_entity": {
                "entity_type": "*",
                "entity_new value": "*",
                "entity_role": "Statement",
                "entity_parent": "null"
              },
              "concrete_change": {
                "operator": "DEL",
                "src_type": "Assignment",
                "dst_type": "null",
                "src": "this.share \u003d false",
                "dst": "null",
                "src_parent_type": "Block",
                "dst_parent_type": "null",
                "src_parent": "{\n    this.share \u003d false;\n}",
                "dst_parent": "null"
              },
              "line": 22,
              "file": "/home/khesoem/projects/lighter/exp/suite/tinytables/src/main/java/dk/alexandra/fresco/suite/tinytables/datatypes/TinyTablesElement.java"
            }
          ]
        },
        {
          "tool-name": "JKali",
          "pattern-name": "JKali:add_rtrn",
          "Unified_Diff_of-files:": "Starts Below...",
          "CHANGE_old:": "          triples.get(i).setC(new TinyTablesElement(c));",
          "CHANGE_new:": "          triples.set(i, TinyTablesTriple.fromShares(trip.getA().getShare(), trip.getB().getShare(), c));",
          "INSERT:": "          TinyTablesTriple trip \u003d triples.get(i);",
          "instance_detail": [
            {
              "pattern_action": "INS",
              "pattern_entity": {
                "entity_type": "Return",
                "entity_new value": "*",
                "entity_role": "Statement",
                "entity_parent": "null"
              },
              "concrete_change": {
                "operator": "INS",
                "src_type": "Return",
                "dst_type": "null",
                "src": "return share ? dk.alexandra.fresco.suite.tinytables.datatypes.TinyTablesElement.TRUE : dk.alexandra.fresco.suite.tinytables.datatypes.TinyTablesElement.FALSE",
                "dst": "null",
                "src_parent_type": "Block",
                "dst_parent_type": "null",
                "src_parent": "{\n    return share ? dk.alexandra.fresco.suite.tinytables.datatypes.TinyTablesElement.TRUE : dk.alexandra.fresco.suite.tinytables.datatypes.TinyTablesElement.FALSE;\n}",
                "dst_parent": "null"
              },
              "line": 122,
              "file": "/home/khesoem/projects/lighter/exp/suite/tinytables/src/main/java/dk/alexandra/fresco/suite/tinytables/datatypes/TinyTablesElement.java"
            }
          ]
        },
        {
          "tool-name": "JKali",
          "pattern-name": "JKali:add_rtrn",
          "Unified_Diff_of-files:": "Starts Below...",
          "CHANGE_old:": "          triples.get(i).setC(new TinyTablesElement(c));",
          "CHANGE_new:": "          triples.set(i, TinyTablesTriple.fromShares(trip.getA().getShare(), trip.getB().getShare(), c));",
          "INSERT:": "          TinyTablesTriple trip \u003d triples.get(i);",
          "instance_detail": [
            {
              "pattern_action": "INS",
              "pattern_entity": {
                "entity_type": "Return",
                "entity_new value": "*",
                "entity_role": "Statement",
                "entity_parent": "null"
              },
              "concrete_change": {
                "operator": "INS",
                "src_type": "Return",
                "dst_type": "null",
                "src": "return \"TinyTablesElement:\" + (this.share)",
                "dst": "null",
                "src_parent_type": "Block",
                "dst_parent_type": "null",
                "src_parent": "{\n    return \"TinyTablesElement:\" + (this.share);\n}",
                "dst_parent": "null"
              },
              "line": 127,
              "file": "/home/khesoem/projects/lighter/exp/suite/tinytables/src/main/java/dk/alexandra/fresco/suite/tinytables/datatypes/TinyTablesElement.java"
            }
          ]
        }
      ]
    }
  ],
  "complete_analysis": true
}