{
  "instances": [
    {
      "revision": "2faf8c4664070699e45efff5969d09095ddf186a",
      "repairability": [
        {
          "tool-name": "JKali",
          "pattern-name": "JKali:del",
          "Unified_Diff_of-files:": "Starts Below...",
          "INSERT:": "import java.util.Objects;",
          "DELETE:": "  private final int operationalBitLength;",
          "CHANGE_old:": "",
          "CHANGE_new:": "    Objects.requireNonNull(factory);",
          "instance_detail": [
            {
              "pattern_action": "DEL",
              "pattern_entity": {
                "entity_type": "*",
                "entity_new value": "*",
                "entity_role": "Statement",
                "entity_parent": "null"
              },
              "concrete_change": {
                "operator": "DEL",
                "src_type": "Assignment",
                "dst_type": "null",
                "src": "this.operationalBitLength \u003d factory.getCompositeBitLength()",
                "dst": "null",
                "src_parent_type": "Block",
                "dst_parent_type": "null",
                "src_parent": "{\n    super(myId, noOfPlayers);\n    this.operationalBitLength \u003d factory.getCompositeBitLength();\n    this.effectiveBitLength \u003d factory.getLowBitLength();\n    this.modulus \u003d java.math.BigInteger.ONE.shiftLeft(effectiveBitLength);\n    this.storage \u003d storage;\n    this.supplier \u003d supplier;\n    this.factory \u003d factory;\n    this.rawSerializer \u003d factory.createSerializer();\n    this.drbg \u003d drbg;\n}",
                "dst_parent": "null"
              },
              "line": 50,
              "file": "/home/khesoem/projects/lighter/exp/suite/spdz2k/src/main/java/dk/alexandra/fresco/suite/spdz2k/resource/Spdz2kResourcePoolImpl.java",
              "stats": {
                "number_of_src_entities": 26,
                "number_of_dst_entities": -1,
                "src_entity_types": "[int, dk.alexandra.fresco.suite.spdz2k.resource.Spdz2kResourcePoolImpl\u003cPlainT\u003e, dk.alexandra.fresco.suite.spdz2k.resource.Spdz2kResourcePoolImpl, dk.alexandra.fresco.suite.spdz2k.datatypes.CompUIntFactory\u003cPlainT\u003e]",
                "dst_entity_types": "[]"
              }
            }
          ]
        }
      ]
    }
  ],
  "complete_analysis": true
}