{
  "instances": [
    {
      "revision": "7143270c4a1df7f02c4a1b4b434ca843e3d6bbc2",
      "repairability": [
        {
          "tool-name": "JKali",
          "pattern-name": "JKali:del",
          "Unified_Diff_of-files:": "Starts Below...",
          "CHANGE_old:": "",
          "CHANGE_new:": "",
          "instance_detail": [
            {
              "pattern_action": "DEL",
              "pattern_entity": {
                "entity_type": "*",
                "entity_new value": "*",
                "entity_role": "Statement",
                "entity_parent": "null"
              },
              "concrete_change": {
                "operator": "DEL",
                "src_type": "Assignment",
                "dst_type": "null",
                "src": "sum \u003d sum.add(otherS)",
                "dst": "null",
                "src_parent_type": "Block",
                "dst_parent_type": "null",
                "src_parent": "{\n    sum \u003d sum.add(otherS);\n}",
                "dst_parent": "null"
              },
              "line": 60,
              "file": "/home/khesoem/projects/lighter/exp/suite/spdz/src/main/java/dk/alexandra/fresco/suite/spdz/gates/SpdzMacCheckProtocol.java"
            }
          ]
        },
        {
          "tool-name": "JKali",
          "pattern-name": "JKali:del",
          "Unified_Diff_of-files:": "Starts Below...",
          "CHANGE_old:": "",
          "CHANGE_new:": "",
          "instance_detail": [
            {
              "pattern_action": "DEL",
              "pattern_entity": {
                "entity_type": "*",
                "entity_new value": "*",
                "entity_role": "Statement",
                "entity_parent": "null"
              },
              "concrete_change": {
                "operator": "DEL",
                "src_type": "ForEach",
                "dst_type": "null",
                "src": "for (java.math.BigInteger otherS : openCommit.values()) {\n    sum \u003d sum.add(otherS);\n}",
                "dst": "null",
                "src_parent_type": "Block",
                "dst_parent_type": "null",
                "src_parent": "{\n    List\u003cjava.math.BigInteger\u003e openedValues \u003d storage.getOpenedValues();\n    java.math.BigInteger sum \u003d BigInteger.ZERO;\n    for (java.math.BigInteger otherS : openCommit.values()) {\n        sum \u003d sum.add(otherS);\n    }\n    openedValuesSize \u003d openedValues.size();\n    java.math.BigInteger[] rs \u003d new java.math.BigInteger[openedValuesSize];\n    java.math.BigInteger temporaryR \u003d sum;\n    for (int i \u003d 0; i \u003c (openedValuesSize); i++) {\n        temporaryR \u003d new java.math.BigInteger(digest.digest(temporaryR.toByteArray())).mod(modulus);\n        rs[i] \u003d temporaryR;\n    }\n    java.math.BigInteger a \u003d BigInteger.ZERO;\n    int index \u003d 0;\n    for (java.math.BigInteger aa : openedValues) {\n        a \u003d a.add(aa.multiply(rs[(index++)])).mod(modulus);\n    }\n    List\u003cdk.alexandra.fresco.suite.spdz.datatypes.SpdzElement\u003e closedValues \u003d storage.getClosedValues();\n    if ((closedValues.size()) !\u003d (openedValuesSize)) {\n        throw new dk.alexandra.fresco.framework.MaliciousException((\"Malicious activity detected: Amount of closed values does not \" + \"equal the amount of partially opened values. Aborting!\"));\n    }\n    java.math.BigInteger gamma \u003d BigInteger.ZERO;\n    index \u003d 0;\n    for (dk.alexandra.fresco.suite.spdz.datatypes.SpdzElement c : closedValues) {\n        gamma \u003d gamma.add(rs[(index++)].multiply(c.getMac())).mod(modulus);\n    }\n    java.math.BigInteger alpha \u003d storage.getSecretSharedKey();\n    java.math.BigInteger delta \u003d gamma.subtract(alpha.multiply(a)).mod(modulus);\n    dk.alexandra.fresco.suite.spdz.datatypes.SpdzCommitment deltaCommitment \u003d new dk.alexandra.fresco.suite.spdz.datatypes.SpdzCommitment(digest, delta, rand);\n    return seq.seq(( subSeq) -\u003e subSeq.append(new dk.alexandra.fresco.suite.spdz.gates.SpdzCommitProtocol(deltaCommitment))).seq(( subSeq, commitProtocol) -\u003e subSeq.append(new dk.alexandra.fresco.suite.spdz.gates.SpdzOpenCommitProtocol(deltaCommitment, commitProtocol)));\n}",
                "dst_parent": "null"
              },
              "line": 59,
              "file": "/home/khesoem/projects/lighter/exp/suite/spdz/src/main/java/dk/alexandra/fresco/suite/spdz/gates/SpdzMacCheckProtocol.java",
              "stats": {
                "number_of_src_entities": 28,
                "number_of_dst_entities": -1,
                "src_entity_types": "[dk.alexandra.fresco.suite.spdz.gates.openCommit, java.math.BigInteger, dk.alexandra.fresco.suite.spdz.gates.sum]",
                "dst_entity_types": "[]"
              }
            }
          ]
        },
        {
          "tool-name": "JKali",
          "pattern-name": "JKali:del",
          "Unified_Diff_of-files:": "Starts Below...",
          "CHANGE_old:": "",
          "CHANGE_new:": "",
          "instance_detail": [
            {
              "pattern_action": "DEL",
              "pattern_entity": {
                "entity_type": "*",
                "entity_new value": "*",
                "entity_role": "Statement",
                "entity_parent": "null"
              },
              "concrete_change": {
                "operator": "DEL",
                "src_type": "LocalVariable",
                "dst_type": "null",
                "src": "java.math.BigInteger deltaSum \u003d BigInteger.ZERO",
                "dst": "null",
                "src_parent_type": "Block",
                "dst_parent_type": "null",
                "src_parent": "{\n    java.math.BigInteger deltaSum \u003d BigInteger.ZERO;\n    for (java.math.BigInteger d : commitments.values()) {\n        deltaSum \u003d deltaSum.add(d);\n    }\n    deltaSum \u003d deltaSum.mod(modulus);\n    if (!(deltaSum.equals(BigInteger.ZERO))) {\n        throw new dk.alexandra.fresco.framework.MaliciousException(((((\"The sum of delta\u0027s was not 0. Someone was corrupting something amongst \" + (openedValuesSize)) + \" macs. Sum was \") + (deltaSum.toString())) + \" Aborting!\"));\n    }\n    storage.reset();\n    return null;\n}",
                "dst_parent": "null"
              },
              "line": 100,
              "file": "/home/khesoem/projects/lighter/exp/suite/spdz/src/main/java/dk/alexandra/fresco/suite/spdz/gates/SpdzMacCheckProtocol.java",
              "stats": {
                "number_of_src_entities": 5,
                "number_of_dst_entities": -1,
                "src_entity_types": "[java.math.BigInteger]",
                "dst_entity_types": "[]"
              }
            }
          ]
        },
        {
          "tool-name": "JKali",
          "pattern-name": "JKali:del",
          "Unified_Diff_of-files:": "Starts Below...",
          "CHANGE_old:": "",
          "CHANGE_new:": "",
          "instance_detail": [
            {
              "pattern_action": "DEL",
              "pattern_entity": {
                "entity_type": "*",
                "entity_new value": "*",
                "entity_role": "Statement",
                "entity_parent": "null"
              },
              "concrete_change": {
                "operator": "DEL",
                "src_type": "Assignment",
                "dst_type": "null",
                "src": "deltaSum \u003d deltaSum.add(d)",
                "dst": "null",
                "src_parent_type": "Block",
                "dst_parent_type": "null",
                "src_parent": "{\n    deltaSum \u003d deltaSum.add(d);\n}",
                "dst_parent": "null"
              },
              "line": 102,
              "file": "/home/khesoem/projects/lighter/exp/suite/spdz/src/main/java/dk/alexandra/fresco/suite/spdz/gates/SpdzMacCheckProtocol.java"
            }
          ]
        },
        {
          "tool-name": "JKali",
          "pattern-name": "JKali:del",
          "Unified_Diff_of-files:": "Starts Below...",
          "CHANGE_old:": "",
          "CHANGE_new:": "",
          "instance_detail": [
            {
              "pattern_action": "DEL",
              "pattern_entity": {
                "entity_type": "*",
                "entity_new value": "*",
                "entity_role": "Statement",
                "entity_parent": "null"
              },
              "concrete_change": {
                "operator": "DEL",
                "src_type": "ForEach",
                "dst_type": "null",
                "src": "for (java.math.BigInteger d : commitments.values()) {\n    deltaSum \u003d deltaSum.add(d);\n}",
                "dst": "null",
                "src_parent_type": "Block",
                "dst_parent_type": "null",
                "src_parent": "{\n    java.math.BigInteger deltaSum \u003d BigInteger.ZERO;\n    for (java.math.BigInteger d : commitments.values()) {\n        deltaSum \u003d deltaSum.add(d);\n    }\n    deltaSum \u003d deltaSum.mod(modulus);\n    if (!(deltaSum.equals(BigInteger.ZERO))) {\n        throw new dk.alexandra.fresco.framework.MaliciousException(((((\"The sum of delta\u0027s was not 0. Someone was corrupting something amongst \" + (openedValuesSize)) + \" macs. Sum was \") + (deltaSum.toString())) + \" Aborting!\"));\n    }\n    storage.reset();\n    return null;\n}",
                "dst_parent": "null"
              },
              "line": 101,
              "file": "/home/khesoem/projects/lighter/exp/suite/spdz/src/main/java/dk/alexandra/fresco/suite/spdz/gates/SpdzMacCheckProtocol.java",
              "stats": {
                "number_of_src_entities": 28,
                "number_of_dst_entities": -1,
                "src_entity_types": "[dk.alexandra.fresco.suite.spdz.gates.deltaSum, dk.alexandra.fresco.suite.spdz.gates.commitments, java.math.BigInteger]",
                "dst_entity_types": "[]"
              }
            }
          ]
        },
        {
          "tool-name": "JKali",
          "pattern-name": "JKali:del",
          "Unified_Diff_of-files:": "Starts Below...",
          "CHANGE_old:": "",
          "CHANGE_new:": "",
          "instance_detail": [
            {
              "pattern_action": "DEL",
              "pattern_entity": {
                "entity_type": "*",
                "entity_new value": "*",
                "entity_role": "Statement",
                "entity_parent": "null"
              },
              "concrete_change": {
                "operator": "DEL",
                "src_type": "Assignment",
                "dst_type": "null",
                "src": "deltaSum \u003d deltaSum.mod(modulus)",
                "dst": "null",
                "src_parent_type": "Block",
                "dst_parent_type": "null",
                "src_parent": "{\n    java.math.BigInteger deltaSum \u003d BigInteger.ZERO;\n    for (java.math.BigInteger d : commitments.values()) {\n        deltaSum \u003d deltaSum.add(d);\n    }\n    deltaSum \u003d deltaSum.mod(modulus);\n    if (!(deltaSum.equals(BigInteger.ZERO))) {\n        throw new dk.alexandra.fresco.framework.MaliciousException(((((\"The sum of delta\u0027s was not 0. Someone was corrupting something amongst \" + (openedValuesSize)) + \" macs. Sum was \") + (deltaSum.toString())) + \" Aborting!\"));\n    }\n    storage.reset();\n    return null;\n}",
                "dst_parent": "null"
              },
              "line": 104,
              "file": "/home/khesoem/projects/lighter/exp/suite/spdz/src/main/java/dk/alexandra/fresco/suite/spdz/gates/SpdzMacCheckProtocol.java",
              "stats": {
                "number_of_src_entities": 19,
                "number_of_dst_entities": -1,
                "src_entity_types": "[dk.alexandra.fresco.suite.spdz.gates.deltaSum, dk.alexandra.fresco.suite.spdz.gates.SpdzMacCheckProtocol, java.math.BigInteger]",
                "dst_entity_types": "[]"
              }
            }
          ]
        }
      ]
    }
  ],
  "complete_analysis": true
}