{
  "instances": [
    {
      "revision": "d015f3b8e2cc8f418e8ac3c3a06437b5b18d4dca",
      "repairability": [
        {
          "tool-name": "JGenProg",
          "pattern-name": "JGenProg:any_statement_shallow",
          "Unified_Diff_of-files:": "Starts Below...",
          "INSERT:": "}",
          "instance_detail": [
            {
              "pattern_action": "ANY",
              "pattern_entity": {
                "entity_type": "*",
                "entity_new value": "*",
                "entity_role": "Statement",
                "entity_parent": "null"
              },
              "concrete_change": {
                "operator": "DEL",
                "src_type": "Invocation",
                "dst_type": "null",
                "src": "org.modelmapper.internal.util.Assert.isTrue((!(sourceAccountId.equals(targetAccountId))), \"Transactions to the same account is not allowed\")",
                "dst": "null",
                "src_parent_type": "Block",
                "dst_parent_type": "null",
                "src_parent": "{\n    org.modelmapper.internal.util.Assert.notNull(amount, \"Transaction amount\");\n    org.modelmapper.internal.util.Assert.isTrue(io.micronaut.core.util.StringUtils.hasText(referenceId), \"Reference identifier should be not blank string\");\n    org.modelmapper.internal.util.Assert.isTrue(((amount.compareTo(java.math.BigDecimal.ZERO)) \u003e 0), \"Transaction amount should be positive\");\n    org.modelmapper.internal.util.Assert.isTrue((!(sourceAccountId.equals(targetAccountId))), \"Transactions to the same account is not allowed\");\n    java.time.Instant currentInstant \u003d java.time.Instant.now();\n    this.id \u003d java.util.UUID.randomUUID();\n    this.createdAt \u003d currentInstant;\n    this.updatedAt \u003d currentInstant;\n    this.completedAt \u003d null;\n    this.reasonCode \u003d null;\n    this.status \u003d com.github.example.model.Transaction.TransactionStatus.PENDING;\n    this.referenceId \u003d referenceId;\n    this.sourceAccountId \u003d sourceAccountId;\n    this.targetAccountId \u003d targetAccountId;\n    this.amount \u003d amount;\n}",
                "dst_parent": "null"
              },
              "line": 35,
              "file": "/home/khesoem/projects/lighter/exp/src/main/java/com/github/example/model/Transaction.java",
              "stats": {
                "number_of_src_entities": 30,
                "number_of_dst_entities": -1,
                "src_entity_types": "[org.modelmapper.internal.util.Assert, boolean, java.lang.String, java.util.UUID]",
                "dst_entity_types": "[]"
              }
            }
          ]
        },
        {
          "tool-name": "JGenProg",
          "pattern-name": "JGenProg:any_statement_shallow",
          "Unified_Diff_of-files:": "Starts Below...",
          "INSERT:": "}",
          "instance_detail": [
            {
              "pattern_action": "ANY",
              "pattern_entity": {
                "entity_type": "*",
                "entity_new value": "*",
                "entity_role": "Statement",
                "entity_parent": "null"
              },
              "concrete_change": {
                "operator": "DEL",
                "src_type": "Assignment",
                "dst_type": "null",
                "src": "this.sourceAccountId \u003d sourceAccountId",
                "dst": "null",
                "src_parent_type": "Block",
                "dst_parent_type": "null",
                "src_parent": "{\n    org.modelmapper.internal.util.Assert.notNull(amount, \"Transaction amount\");\n    org.modelmapper.internal.util.Assert.isTrue(io.micronaut.core.util.StringUtils.hasText(referenceId), \"Reference identifier should be not blank string\");\n    org.modelmapper.internal.util.Assert.isTrue(((amount.compareTo(java.math.BigDecimal.ZERO)) \u003e 0), \"Transaction amount should be positive\");\n    org.modelmapper.internal.util.Assert.isTrue((!(sourceAccountId.equals(targetAccountId))), \"Transactions to the same account is not allowed\");\n    java.time.Instant currentInstant \u003d java.time.Instant.now();\n    this.id \u003d java.util.UUID.randomUUID();\n    this.createdAt \u003d currentInstant;\n    this.updatedAt \u003d currentInstant;\n    this.completedAt \u003d null;\n    this.reasonCode \u003d null;\n    this.status \u003d com.github.example.model.Transaction.TransactionStatus.PENDING;\n    this.referenceId \u003d referenceId;\n    this.sourceAccountId \u003d sourceAccountId;\n    this.targetAccountId \u003d targetAccountId;\n    this.amount \u003d amount;\n}",
                "dst_parent": "null"
              },
              "line": 45,
              "file": "/home/khesoem/projects/lighter/exp/src/main/java/com/github/example/model/Transaction.java",
              "stats": {
                "number_of_src_entities": 19,
                "number_of_dst_entities": -1,
                "src_entity_types": "[com.github.example.model.Transaction, java.util.UUID]",
                "dst_entity_types": "[]"
              }
            }
          ]
        },
        {
          "tool-name": "JGenProg",
          "pattern-name": "JGenProg:any_statement_shallow",
          "Unified_Diff_of-files:": "Starts Below...",
          "INSERT:": "}",
          "instance_detail": [
            {
              "pattern_action": "ANY",
              "pattern_entity": {
                "entity_type": "*",
                "entity_new value": "*",
                "entity_role": "Statement",
                "entity_parent": "null"
              },
              "concrete_change": {
                "operator": "DEL",
                "src_type": "Assignment",
                "dst_type": "null",
                "src": "this.amount \u003d amount",
                "dst": "null",
                "src_parent_type": "Block",
                "dst_parent_type": "null",
                "src_parent": "{\n    org.modelmapper.internal.util.Assert.notNull(amount, \"Transaction amount\");\n    org.modelmapper.internal.util.Assert.isTrue(io.micronaut.core.util.StringUtils.hasText(referenceId), \"Reference identifier should be not blank string\");\n    org.modelmapper.internal.util.Assert.isTrue(((amount.compareTo(java.math.BigDecimal.ZERO)) \u003e 0), \"Transaction amount should be positive\");\n    org.modelmapper.internal.util.Assert.isTrue((!(sourceAccountId.equals(targetAccountId))), \"Transactions to the same account is not allowed\");\n    java.time.Instant currentInstant \u003d java.time.Instant.now();\n    this.id \u003d java.util.UUID.randomUUID();\n    this.createdAt \u003d currentInstant;\n    this.updatedAt \u003d currentInstant;\n    this.completedAt \u003d null;\n    this.reasonCode \u003d null;\n    this.status \u003d com.github.example.model.Transaction.TransactionStatus.PENDING;\n    this.referenceId \u003d referenceId;\n    this.sourceAccountId \u003d sourceAccountId;\n    this.targetAccountId \u003d targetAccountId;\n    this.amount \u003d amount;\n}",
                "dst_parent": "null"
              },
              "line": 47,
              "file": "/home/khesoem/projects/lighter/exp/src/main/java/com/github/example/model/Transaction.java",
              "stats": {
                "number_of_src_entities": 19,
                "number_of_dst_entities": -1,
                "src_entity_types": "[com.github.example.model.Transaction, java.math.BigDecimal]",
                "dst_entity_types": "[]"
              }
            }
          ]
        },
        {
          "tool-name": "JGenProg",
          "pattern-name": "JGenProg:any_statement_shallow",
          "Unified_Diff_of-files:": "Starts Below...",
          "INSERT:": "}",
          "instance_detail": [
            {
              "pattern_action": "ANY",
              "pattern_entity": {
                "entity_type": "*",
                "entity_new value": "*",
                "entity_role": "Statement",
                "entity_parent": "null"
              },
              "concrete_change": {
                "operator": "DEL",
                "src_type": "Assignment",
                "dst_type": "null",
                "src": "this.targetAccountId \u003d transaction.targetAccountId",
                "dst": "null",
                "src_parent_type": "Block",
                "dst_parent_type": "null",
                "src_parent": "{\n    java.time.Instant currentInstant \u003d java.time.Instant.now();\n    this.id \u003d transaction.id;\n    this.createdAt \u003d transaction.createdAt;\n    this.updatedAt \u003d currentInstant;\n    this.completedAt \u003d currentInstant;\n    this.status \u003d changedStatus;\n    this.reasonCode \u003d reasonCode;\n    this.referenceId \u003d transaction.referenceId;\n    this.sourceAccountId \u003d transaction.sourceAccountId;\n    this.targetAccountId \u003d transaction.targetAccountId;\n    this.amount \u003d transaction.amount;\n}",
                "dst_parent": "null"
              },
              "line": 60,
              "file": "/home/khesoem/projects/lighter/exp/src/main/java/com/github/example/model/Transaction.java",
              "stats": {
                "number_of_src_entities": 25,
                "number_of_dst_entities": -1,
                "src_entity_types": "[com.github.example.model.Transaction, java.util.UUID]",
                "dst_entity_types": "[]"
              }
            }
          ]
        },
        {
          "tool-name": "JGenProg",
          "pattern-name": "JGenProg:any_statement_shallow",
          "Unified_Diff_of-files:": "Starts Below...",
          "INSERT:": "}",
          "instance_detail": [
            {
              "pattern_action": "ANY",
              "pattern_entity": {
                "entity_type": "*",
                "entity_new value": "*",
                "entity_role": "Statement",
                "entity_parent": "null"
              },
              "concrete_change": {
                "operator": "DEL",
                "src_type": "Assignment",
                "dst_type": "null",
                "src": "this.amount \u003d transaction.amount",
                "dst": "null",
                "src_parent_type": "Block",
                "dst_parent_type": "null",
                "src_parent": "{\n    java.time.Instant currentInstant \u003d java.time.Instant.now();\n    this.id \u003d transaction.id;\n    this.createdAt \u003d transaction.createdAt;\n    this.updatedAt \u003d currentInstant;\n    this.completedAt \u003d currentInstant;\n    this.status \u003d changedStatus;\n    this.reasonCode \u003d reasonCode;\n    this.referenceId \u003d transaction.referenceId;\n    this.sourceAccountId \u003d transaction.sourceAccountId;\n    this.targetAccountId \u003d transaction.targetAccountId;\n    this.amount \u003d transaction.amount;\n}",
                "dst_parent": "null"
              },
              "line": 61,
              "file": "/home/khesoem/projects/lighter/exp/src/main/java/com/github/example/model/Transaction.java",
              "stats": {
                "number_of_src_entities": 25,
                "number_of_dst_entities": -1,
                "src_entity_types": "[com.github.example.model.Transaction, java.math.BigDecimal]",
                "dst_entity_types": "[]"
              }
            }
          ]
        },
        {
          "tool-name": "JGenProg",
          "pattern-name": "JGenProg:any_statement_shallow",
          "Unified_Diff_of-files:": "Starts Below...",
          "INSERT:": "}",
          "instance_detail": [
            {
              "pattern_action": "ANY",
              "pattern_entity": {
                "entity_type": "*",
                "entity_new value": "*",
                "entity_role": "Statement",
                "entity_parent": "null"
              },
              "concrete_change": {
                "operator": "DEL",
                "src_type": "Return",
                "dst_type": "null",
                "src": "return sourceAccountId",
                "dst": "null",
                "src_parent_type": "Block",
                "dst_parent_type": "null",
                "src_parent": "{\n    return sourceAccountId;\n}",
                "dst_parent": "null"
              },
              "line": 73,
              "file": "/home/khesoem/projects/lighter/exp/src/main/java/com/github/example/model/Transaction.java"
            }
          ]
        },
        {
          "tool-name": "JGenProg",
          "pattern-name": "JGenProg:any_statement_shallow",
          "Unified_Diff_of-files:": "Starts Below...",
          "INSERT:": "}",
          "instance_detail": [
            {
              "pattern_action": "ANY",
              "pattern_entity": {
                "entity_type": "*",
                "entity_new value": "*",
                "entity_role": "Statement",
                "entity_parent": "null"
              },
              "concrete_change": {
                "operator": "DEL",
                "src_type": "Return",
                "dst_type": "null",
                "src": "return amount",
                "dst": "null",
                "src_parent_type": "Block",
                "dst_parent_type": "null",
                "src_parent": "{\n    return amount;\n}",
                "dst_parent": "null"
              },
              "line": 81,
              "file": "/home/khesoem/projects/lighter/exp/src/main/java/com/github/example/model/Transaction.java"
            }
          ]
        }
      ]
    },
    {
      "revision": "d015f3b8e2cc8f418e8ac3c3a06437b5b18d4dca",
      "repairability": [
        {
          "tool-name": "JGenProg",
          "pattern-name": "JGenProg:any_statement_shallow",
          "Unified_Diff_of-files:": "Starts Below...",
          "INSERT:": "}",
          "instance_detail": [
            {
              "pattern_action": "ANY",
              "pattern_entity": {
                "entity_type": "*",
                "entity_new value": "*",
                "entity_role": "Statement",
                "entity_parent": "null"
              },
              "concrete_change": {
                "operator": "DEL",
                "src_type": "Invocation",
                "dst_type": "null",
                "src": "org.modelmapper.internal.util.Assert.notNull(initialBalance, \"Initial balance\")",
                "dst": "null",
                "src_parent_type": "Block",
                "dst_parent_type": "null",
                "src_parent": "{\n    org.modelmapper.internal.util.Assert.notNull(initialBalance, \"Initial balance\");\n    checkBalanceIsPositive(initialBalance);\n    java.time.Instant currentInstant \u003d java.time.Instant.now();\n    this.id \u003d java.util.UUID.randomUUID();\n    this.createdAt \u003d currentInstant;\n    this.updatedAt \u003d currentInstant;\n    this.balance \u003d initialBalance;\n}",
                "dst_parent": "null"
              },
              "line": 25,
              "file": "/home/khesoem/projects/lighter/exp/src/main/java/com/github/example/model/Account.java",
              "stats": {
                "number_of_src_entities": 18,
                "number_of_dst_entities": -1,
                "src_entity_types": "[org.modelmapper.internal.util.Assert, java.lang.String, java.math.BigDecimal]",
                "dst_entity_types": "[]"
              }
            }
          ]
        },
        {
          "tool-name": "JGenProg",
          "pattern-name": "JGenProg:any_statement_shallow",
          "Unified_Diff_of-files:": "Starts Below...",
          "INSERT:": "}",
          "instance_detail": [
            {
              "pattern_action": "ANY",
              "pattern_entity": {
                "entity_type": "*",
                "entity_new value": "*",
                "entity_role": "Statement",
                "entity_parent": "null"
              },
              "concrete_change": {
                "operator": "DEL",
                "src_type": "Return",
                "dst_type": "null",
                "src": "return new com.github.example.model.Account(this, balance.add(amount))",
                "dst": "null",
                "src_parent_type": "Block",
                "dst_parent_type": "null",
                "src_parent": "{\n    return new com.github.example.model.Account(this, balance.add(amount));\n}",
                "dst_parent": "null"
              },
              "line": 61,
              "file": "/home/khesoem/projects/lighter/exp/src/main/java/com/github/example/model/Account.java"
            }
          ]
        }
      ]
    },
    {
      "revision": "d015f3b8e2cc8f418e8ac3c3a06437b5b18d4dca",
      "repairability": [
        {
          "tool-name": "JGenProg",
          "pattern-name": "JGenProg:any_statement_shallow",
          "Unified_Diff_of-files:": "Starts Below...",
          "INSERT:": "}",
          "instance_detail": [
            {
              "pattern_action": "ANY",
              "pattern_entity": {
                "entity_type": "*",
                "entity_new value": "*",
                "entity_role": "Statement",
                "entity_parent": "null"
              },
              "concrete_change": {
                "operator": "DEL",
                "src_type": "Return",
                "dst_type": "null",
                "src": "return amount",
                "dst": "null",
                "src_parent_type": "Block",
                "dst_parent_type": "null",
                "src_parent": "{\n    return amount;\n}",
                "dst_parent": "null"
              },
              "line": 46,
              "file": "/home/khesoem/projects/lighter/exp/src/main/java/com/github/example/dto/response/TransactionData.java"
            }
          ]
        },
        {
          "tool-name": "JGenProg",
          "pattern-name": "JGenProg:any_statement_shallow",
          "Unified_Diff_of-files:": "Starts Below...",
          "INSERT:": "}",
          "instance_detail": [
            {
              "pattern_action": "ANY",
              "pattern_entity": {
                "entity_type": "*",
                "entity_new value": "*",
                "entity_role": "Statement",
                "entity_parent": "null"
              },
              "concrete_change": {
                "operator": "DEL",
                "src_type": "Assignment",
                "dst_type": "null",
                "src": "this.targetAccountId \u003d targetAccountId",
                "dst": "null",
                "src_parent_type": "Block",
                "dst_parent_type": "null",
                "src_parent": "{\n    this.targetAccountId \u003d targetAccountId;\n}",
                "dst_parent": "null"
              },
              "line": 42,
              "file": "/home/khesoem/projects/lighter/exp/src/main/java/com/github/example/dto/response/TransactionData.java"
            }
          ]
        }
      ]
    }
  ],
  "complete_analysis": true
}