{
  "instances": [
    {
      "revision": "df2ad8c78212bfabc4206f81815a1ea34fd355a8",
      "repairability": [
        {
          "tool-name": "JGenProg",
          "pattern-name": "JGenProg:any_statement_shallow",
          "Unified_Diff_of-files:": "Starts Below...",
          "DELETE:": "}",
          "instance_detail": [
            {
              "pattern_action": "ANY",
              "pattern_entity": {
                "entity_type": "*",
                "entity_new value": "*",
                "entity_role": "Statement",
                "entity_parent": "null"
              },
              "concrete_change": {
                "operator": "DEL",
                "src_type": "LocalVariable",
                "dst_type": "null",
                "src": "int[] ids \u003d new int[]{ -1 }",
                "dst": "null",
                "src_parent_type": "Block",
                "dst_parent_type": "null",
                "src_parent": "{\n    int[] ids \u003d new int[]{ -1 };\n    java.lang.String[] board \u003d new java.lang.String[]{ \"-1\" };\n    java.lang.String[] opponent \u003d new java.lang.String[]{ \"-1\" };\n    java.lang.String[] dates \u003d new java.lang.String[]{ \"-1\" };\n    boolean[] turn \u003d new boolean[]{ false };\n    boolean[] color \u003d new boolean[]{ false };\n    boolean[] ended \u003d new boolean[]{ false };\n    ret \u003d new server.ActiveGameResponse(ids, boards.toArray(board), opponents.toArray(opponent), startDates.toArray(dates), turn, color, ended);\n    return ret;\n}",
                "dst_parent": "null"
              },
              "line": 703,
              "file": "/home/khesoem/projects/lighter/exp/src/main/java/server/Query.java",
              "stats": {
                "number_of_src_entities": 10,
                "number_of_dst_entities": -1,
                "src_entity_types": "[int]",
                "dst_entity_types": "[]"
              }
            }
          ]
        },
        {
          "tool-name": "JGenProg",
          "pattern-name": "JGenProg:any_statement_shallow",
          "Unified_Diff_of-files:": "Starts Below...",
          "DELETE:": "}",
          "instance_detail": [
            {
              "pattern_action": "ANY",
              "pattern_entity": {
                "entity_type": "*",
                "entity_new value": "*",
                "entity_role": "Statement",
                "entity_parent": "null"
              },
              "concrete_change": {
                "operator": "DEL",
                "src_type": "LocalVariable",
                "dst_type": "null",
                "src": "java.lang.String[] board \u003d new java.lang.String[]{ \"-1\" }",
                "dst": "null",
                "src_parent_type": "Block",
                "dst_parent_type": "null",
                "src_parent": "{\n    int[] ids \u003d new int[]{ -1 };\n    java.lang.String[] board \u003d new java.lang.String[]{ \"-1\" };\n    java.lang.String[] opponent \u003d new java.lang.String[]{ \"-1\" };\n    java.lang.String[] dates \u003d new java.lang.String[]{ \"-1\" };\n    boolean[] turn \u003d new boolean[]{ false };\n    boolean[] color \u003d new boolean[]{ false };\n    boolean[] ended \u003d new boolean[]{ false };\n    ret \u003d new server.ActiveGameResponse(ids, boards.toArray(board), opponents.toArray(opponent), startDates.toArray(dates), turn, color, ended);\n    return ret;\n}",
                "dst_parent": "null"
              },
              "line": 704,
              "file": "/home/khesoem/projects/lighter/exp/src/main/java/server/Query.java",
              "stats": {
                "number_of_src_entities": 11,
                "number_of_dst_entities": -1,
                "src_entity_types": "[java.lang.String]",
                "dst_entity_types": "[]"
              }
            }
          ]
        },
        {
          "tool-name": "JGenProg",
          "pattern-name": "JGenProg:any_statement_shallow",
          "Unified_Diff_of-files:": "Starts Below...",
          "DELETE:": "}",
          "instance_detail": [
            {
              "pattern_action": "ANY",
              "pattern_entity": {
                "entity_type": "*",
                "entity_new value": "*",
                "entity_role": "Statement",
                "entity_parent": "null"
              },
              "concrete_change": {
                "operator": "DEL",
                "src_type": "LocalVariable",
                "dst_type": "null",
                "src": "java.lang.String[] opponent \u003d new java.lang.String[]{ \"-1\" }",
                "dst": "null",
                "src_parent_type": "Block",
                "dst_parent_type": "null",
                "src_parent": "{\n    int[] ids \u003d new int[]{ -1 };\n    java.lang.String[] board \u003d new java.lang.String[]{ \"-1\" };\n    java.lang.String[] opponent \u003d new java.lang.String[]{ \"-1\" };\n    java.lang.String[] dates \u003d new java.lang.String[]{ \"-1\" };\n    boolean[] turn \u003d new boolean[]{ false };\n    boolean[] color \u003d new boolean[]{ false };\n    boolean[] ended \u003d new boolean[]{ false };\n    ret \u003d new server.ActiveGameResponse(ids, boards.toArray(board), opponents.toArray(opponent), startDates.toArray(dates), turn, color, ended);\n    return ret;\n}",
                "dst_parent": "null"
              },
              "line": 705,
              "file": "/home/khesoem/projects/lighter/exp/src/main/java/server/Query.java",
              "stats": {
                "number_of_src_entities": 11,
                "number_of_dst_entities": -1,
                "src_entity_types": "[java.lang.String]",
                "dst_entity_types": "[]"
              }
            }
          ]
        },
        {
          "tool-name": "JGenProg",
          "pattern-name": "JGenProg:any_statement_shallow",
          "Unified_Diff_of-files:": "Starts Below...",
          "DELETE:": "}",
          "instance_detail": [
            {
              "pattern_action": "ANY",
              "pattern_entity": {
                "entity_type": "*",
                "entity_new value": "*",
                "entity_role": "Statement",
                "entity_parent": "null"
              },
              "concrete_change": {
                "operator": "DEL",
                "src_type": "LocalVariable",
                "dst_type": "null",
                "src": "java.lang.String[] dates \u003d new java.lang.String[]{ \"-1\" }",
                "dst": "null",
                "src_parent_type": "Block",
                "dst_parent_type": "null",
                "src_parent": "{\n    int[] ids \u003d new int[]{ -1 };\n    java.lang.String[] board \u003d new java.lang.String[]{ \"-1\" };\n    java.lang.String[] opponent \u003d new java.lang.String[]{ \"-1\" };\n    java.lang.String[] dates \u003d new java.lang.String[]{ \"-1\" };\n    boolean[] turn \u003d new boolean[]{ false };\n    boolean[] color \u003d new boolean[]{ false };\n    boolean[] ended \u003d new boolean[]{ false };\n    ret \u003d new server.ActiveGameResponse(ids, boards.toArray(board), opponents.toArray(opponent), startDates.toArray(dates), turn, color, ended);\n    return ret;\n}",
                "dst_parent": "null"
              },
              "line": 706,
              "file": "/home/khesoem/projects/lighter/exp/src/main/java/server/Query.java",
              "stats": {
                "number_of_src_entities": 11,
                "number_of_dst_entities": -1,
                "src_entity_types": "[java.lang.String]",
                "dst_entity_types": "[]"
              }
            }
          ]
        },
        {
          "tool-name": "JGenProg",
          "pattern-name": "JGenProg:any_statement_shallow",
          "Unified_Diff_of-files:": "Starts Below...",
          "DELETE:": "}",
          "instance_detail": [
            {
              "pattern_action": "ANY",
              "pattern_entity": {
                "entity_type": "*",
                "entity_new value": "*",
                "entity_role": "Statement",
                "entity_parent": "null"
              },
              "concrete_change": {
                "operator": "DEL",
                "src_type": "LocalVariable",
                "dst_type": "null",
                "src": "boolean[] turn \u003d new boolean[]{ false }",
                "dst": "null",
                "src_parent_type": "Block",
                "dst_parent_type": "null",
                "src_parent": "{\n    int[] ids \u003d new int[]{ -1 };\n    java.lang.String[] board \u003d new java.lang.String[]{ \"-1\" };\n    java.lang.String[] opponent \u003d new java.lang.String[]{ \"-1\" };\n    java.lang.String[] dates \u003d new java.lang.String[]{ \"-1\" };\n    boolean[] turn \u003d new boolean[]{ false };\n    boolean[] color \u003d new boolean[]{ false };\n    boolean[] ended \u003d new boolean[]{ false };\n    ret \u003d new server.ActiveGameResponse(ids, boards.toArray(board), opponents.toArray(opponent), startDates.toArray(dates), turn, color, ended);\n    return ret;\n}",
                "dst_parent": "null"
              },
              "line": 707,
              "file": "/home/khesoem/projects/lighter/exp/src/main/java/server/Query.java",
              "stats": {
                "number_of_src_entities": 8,
                "number_of_dst_entities": -1,
                "src_entity_types": "[boolean]",
                "dst_entity_types": "[]"
              }
            }
          ]
        },
        {
          "tool-name": "JGenProg",
          "pattern-name": "JGenProg:any_statement_shallow",
          "Unified_Diff_of-files:": "Starts Below...",
          "DELETE:": "}",
          "instance_detail": [
            {
              "pattern_action": "ANY",
              "pattern_entity": {
                "entity_type": "*",
                "entity_new value": "*",
                "entity_role": "Statement",
                "entity_parent": "null"
              },
              "concrete_change": {
                "operator": "DEL",
                "src_type": "LocalVariable",
                "dst_type": "null",
                "src": "boolean[] color \u003d new boolean[]{ false }",
                "dst": "null",
                "src_parent_type": "Block",
                "dst_parent_type": "null",
                "src_parent": "{\n    int[] ids \u003d new int[]{ -1 };\n    java.lang.String[] board \u003d new java.lang.String[]{ \"-1\" };\n    java.lang.String[] opponent \u003d new java.lang.String[]{ \"-1\" };\n    java.lang.String[] dates \u003d new java.lang.String[]{ \"-1\" };\n    boolean[] turn \u003d new boolean[]{ false };\n    boolean[] color \u003d new boolean[]{ false };\n    boolean[] ended \u003d new boolean[]{ false };\n    ret \u003d new server.ActiveGameResponse(ids, boards.toArray(board), opponents.toArray(opponent), startDates.toArray(dates), turn, color, ended);\n    return ret;\n}",
                "dst_parent": "null"
              },
              "line": 708,
              "file": "/home/khesoem/projects/lighter/exp/src/main/java/server/Query.java",
              "stats": {
                "number_of_src_entities": 8,
                "number_of_dst_entities": -1,
                "src_entity_types": "[boolean]",
                "dst_entity_types": "[]"
              }
            }
          ]
        },
        {
          "tool-name": "JGenProg",
          "pattern-name": "JGenProg:any_statement_shallow",
          "Unified_Diff_of-files:": "Starts Below...",
          "DELETE:": "}",
          "instance_detail": [
            {
              "pattern_action": "ANY",
              "pattern_entity": {
                "entity_type": "*",
                "entity_new value": "*",
                "entity_role": "Statement",
                "entity_parent": "null"
              },
              "concrete_change": {
                "operator": "DEL",
                "src_type": "LocalVariable",
                "dst_type": "null",
                "src": "boolean[] ended \u003d new boolean[]{ false }",
                "dst": "null",
                "src_parent_type": "Block",
                "dst_parent_type": "null",
                "src_parent": "{\n    int[] ids \u003d new int[]{ -1 };\n    java.lang.String[] board \u003d new java.lang.String[]{ \"-1\" };\n    java.lang.String[] opponent \u003d new java.lang.String[]{ \"-1\" };\n    java.lang.String[] dates \u003d new java.lang.String[]{ \"-1\" };\n    boolean[] turn \u003d new boolean[]{ false };\n    boolean[] color \u003d new boolean[]{ false };\n    boolean[] ended \u003d new boolean[]{ false };\n    ret \u003d new server.ActiveGameResponse(ids, boards.toArray(board), opponents.toArray(opponent), startDates.toArray(dates), turn, color, ended);\n    return ret;\n}",
                "dst_parent": "null"
              },
              "line": 709,
              "file": "/home/khesoem/projects/lighter/exp/src/main/java/server/Query.java",
              "stats": {
                "number_of_src_entities": 8,
                "number_of_dst_entities": -1,
                "src_entity_types": "[boolean]",
                "dst_entity_types": "[]"
              }
            }
          ]
        },
        {
          "tool-name": "JGenProg",
          "pattern-name": "JGenProg:any_statement_shallow",
          "Unified_Diff_of-files:": "Starts Below...",
          "DELETE:": "}",
          "instance_detail": [
            {
              "pattern_action": "ANY",
              "pattern_entity": {
                "entity_type": "*",
                "entity_new value": "*",
                "entity_role": "Statement",
                "entity_parent": "null"
              },
              "concrete_change": {
                "operator": "DEL",
                "src_type": "Assignment",
                "dst_type": "null",
                "src": "ret \u003d new server.ActiveGameResponse(ids, boards.toArray(board), opponents.toArray(opponent), startDates.toArray(dates), turn, color, ended)",
                "dst": "null",
                "src_parent_type": "Block",
                "dst_parent_type": "null",
                "src_parent": "{\n    int[] ids \u003d new int[]{ -1 };\n    java.lang.String[] board \u003d new java.lang.String[]{ \"-1\" };\n    java.lang.String[] opponent \u003d new java.lang.String[]{ \"-1\" };\n    java.lang.String[] dates \u003d new java.lang.String[]{ \"-1\" };\n    boolean[] turn \u003d new boolean[]{ false };\n    boolean[] color \u003d new boolean[]{ false };\n    boolean[] ended \u003d new boolean[]{ false };\n    ret \u003d new server.ActiveGameResponse(ids, boards.toArray(board), opponents.toArray(opponent), startDates.toArray(dates), turn, color, ended);\n    return ret;\n}",
                "dst_parent": "null"
              },
              "line": 710,
              "file": "/home/khesoem/projects/lighter/exp/src/main/java/server/Query.java",
              "stats": {
                "number_of_src_entities": 104,
                "number_of_dst_entities": -1,
                "src_entity_types": "[int, boolean, java.util.ArrayList\u003cjava.lang.String\u003e, java.util.ArrayList, java.lang.String, server.ActiveGameResponse]",
                "dst_entity_types": "[]"
              }
            }
          ]
        },
        {
          "tool-name": "JGenProg",
          "pattern-name": "JGenProg:any_statement_shallow",
          "Unified_Diff_of-files:": "Starts Below...",
          "DELETE:": "}",
          "instance_detail": [
            {
              "pattern_action": "ANY",
              "pattern_entity": {
                "entity_type": "*",
                "entity_new value": "*",
                "entity_role": "Statement",
                "entity_parent": "null"
              },
              "concrete_change": {
                "operator": "DEL",
                "src_type": "LocalVariable",
                "dst_type": "null",
                "src": "server.Query q \u003d new server.Query()",
                "dst": "null",
                "src_parent_type": "Block",
                "dst_parent_type": "null",
                "src_parent": "{\n    server.Query q \u003d new server.Query();\n    java.lang.System.out.println(q.getActiveGames(\"test1\").getDataString());\n}",
                "dst_parent": "null"
              },
              "line": 748,
              "file": "/home/khesoem/projects/lighter/exp/src/main/java/server/Query.java"
            }
          ]
        },
        {
          "tool-name": "JGenProg",
          "pattern-name": "JGenProg:any_statement_shallow",
          "Unified_Diff_of-files:": "Starts Below...",
          "DELETE:": "}",
          "instance_detail": [
            {
              "pattern_action": "ANY",
              "pattern_entity": {
                "entity_type": "*",
                "entity_new value": "*",
                "entity_role": "Statement",
                "entity_parent": "null"
              },
              "concrete_change": {
                "operator": "DEL",
                "src_type": "Invocation",
                "dst_type": "null",
                "src": "java.lang.System.out.println(q.getActiveGames(\"test1\").getDataString())",
                "dst": "null",
                "src_parent_type": "Block",
                "dst_parent_type": "null",
                "src_parent": "{\n    server.Query q \u003d new server.Query();\n    java.lang.System.out.println(q.getActiveGames(\"test1\").getDataString());\n}",
                "dst_parent": "null"
              },
              "line": 749,
              "file": "/home/khesoem/projects/lighter/exp/src/main/java/server/Query.java"
            }
          ]
        }
      ]
    }
  ],
  "complete_analysis": true
}