{
  "instances": [
    {
      "revision": "d1728b726726371b27d3d39f9e263e46e210b26d",
      "repairability": [
        {
          "tool-name": "JGenProg",
          "pattern-name": "JGenProg:any_statement_deep",
          "Unified_Diff_of-files:": "Starts Below...",
          "CHANGE_old:": "        InboxResponse ret \u003d new InboxResponse(new int[] {0}, new String[] {\"-1\"}, new String[] {\"-1\"},new String[] {\"-1\"});",
          "CHANGE_new:": "        InboxResponse ret \u003d new InboxResponse(new int[] {-1}, new String[] {\"-1\"}, new String[] {\"-1\"},new String[] {\"-1\"});",
          "instance_detail": [
            {
              "pattern_action": "ANY",
              "pattern_entity": {
                "entity_type": "*",
                "entity_new value": "*",
                "entity_role": "*",
                "entity_parent": {
                  "entity_type": "*",
                  "entity_new value": "*",
                  "entity_role": "Statement",
                  "entity_parent": "null"
                }
              },
              "concrete_change": {
                "operator": "INS",
                "src_type": "UnaryOperator",
                "dst_type": "null",
                "src": "-1",
                "dst": "null",
                "src_parent_type": "NewArray",
                "dst_parent_type": "null",
                "src_parent": "new int[]{ -1 }",
                "dst_parent": "null"
              },
              "line": 323,
              "file": "/home/khesoem/projects/lighter/exp/src/main/java/server/Query.java",
              "stats": {
                "number_of_src_entities": 4,
                "number_of_dst_entities": -1,
                "src_entity_types": "[int]",
                "dst_entity_types": "[]"
              }
            }
          ]
        }
      ]
    }
  ],
  "complete_analysis": true
}