{
  "instances": [
    {
      "revision": "2b0e3f7553c864048bab7ce4dade7cadfdd18d0d",
      "repairability": [
        {
          "tool-name": "Elixir",
          "pattern-name": "Elixir:update_invocation",
          "Unified_Diff_of-files:": "Starts Below...",
          "CHANGE_old:": "               LOGGER.debug(\"{} - Unable to get/set network timeout for connection. ({})\", poolName, e.getMessage());",
          "CHANGE_new:": "               LOGGER.warn(\"{} - Unable to get/set network timeout for connection. ({})\", poolName, e.getMessage());",
          "instance_detail": [
            {
              "pattern_action": "UPD",
              "pattern_entity": {
                "entity_type": "AbstractInvocation",
                "entity_new value": "*",
                "entity_role": "*",
                "entity_parent": "null"
              },
              "concrete_change": {
                "operator": "UPD",
                "src_type": "Invocation",
                "dst_type": "Invocation",
                "src": "LOGGER.debug(\"{} - Failed to execute isValid() for connection, configure connection test query. ({})\", poolName, e.getMessage())",
                "dst": "LOGGER.warn(\"{} - Failed to execute isValid() for connection, configure connection test query. ({})\", poolName, e.getMessage())",
                "src_parent_type": "Block",
                "dst_parent_type": "Block",
                "src_parent": "{\n    LOGGER.debug(\"{} - Failed to execute isValid() for connection, configure connection test query. ({})\", poolName, e.getMessage());\n    throw e;\n}",
                "dst_parent": "{\n    LOGGER.warn(\"{} - Failed to execute isValid() for connection, configure connection test query. ({})\", poolName, e.getMessage());\n    throw e;\n}"
              },
              "line": 366,
              "file": "/home/khesoem/projects/lighter/exp/src/main/java/com/zaxxer/hikari/pool/PoolBase.java",
              "stats": {
                "number_of_src_entities": 48,
                "number_of_dst_entities": 48,
                "src_entity_types": "[com.zaxxer.hikari.pool.PoolBase, java.lang.String, java.lang.Throwable, org.slf4j.Logger]",
                "dst_entity_types": "[com.zaxxer.hikari.pool.PoolBase, java.lang.String, java.lang.Throwable, org.slf4j.Logger]"
              }
            }
          ]
        },
        {
          "tool-name": "Elixir",
          "pattern-name": "Elixir:update_invocation",
          "Unified_Diff_of-files:": "Starts Below...",
          "CHANGE_old:": "               LOGGER.debug(\"{} - Unable to get/set network timeout for connection. ({})\", poolName, e.getMessage());",
          "CHANGE_new:": "               LOGGER.warn(\"{} - Unable to get/set network timeout for connection. ({})\", poolName, e.getMessage());",
          "instance_detail": [
            {
              "pattern_action": "UPD",
              "pattern_entity": {
                "entity_type": "AbstractInvocation",
                "entity_new value": "*",
                "entity_role": "*",
                "entity_parent": "null"
              },
              "concrete_change": {
                "operator": "UPD",
                "src_type": "Invocation",
                "dst_type": "Invocation",
                "src": "LOGGER.debug(\"{} - Failed to execute connection test query. ({})\", poolName, e.getMessage())",
                "dst": "LOGGER.warn(\"{} - Failed to execute connection test query. ({})\", poolName, e.getMessage())",
                "src_parent_type": "Block",
                "dst_parent_type": "Block",
                "src_parent": "{\n    LOGGER.debug(\"{} - Failed to execute connection test query. ({})\", poolName, e.getMessage());\n    throw e;\n}",
                "dst_parent": "{\n    LOGGER.warn(\"{} - Failed to execute connection test query. ({})\", poolName, e.getMessage());\n    throw e;\n}"
              },
              "line": 375,
              "file": "/home/khesoem/projects/lighter/exp/src/main/java/com/zaxxer/hikari/pool/PoolBase.java",
              "stats": {
                "number_of_src_entities": 48,
                "number_of_dst_entities": 48,
                "src_entity_types": "[com.zaxxer.hikari.pool.PoolBase, java.lang.String, java.lang.Throwable, org.slf4j.Logger]",
                "dst_entity_types": "[com.zaxxer.hikari.pool.PoolBase, java.lang.String, java.lang.Throwable, org.slf4j.Logger]"
              }
            }
          ]
        },
        {
          "tool-name": "Elixir",
          "pattern-name": "Elixir:update_invocation",
          "Unified_Diff_of-files:": "Starts Below...",
          "CHANGE_old:": "               LOGGER.debug(\"{} - Unable to get/set network timeout for connection. ({})\", poolName, e.getMessage());",
          "CHANGE_new:": "               LOGGER.warn(\"{} - Unable to get/set network timeout for connection. ({})\", poolName, e.getMessage());",
          "instance_detail": [
            {
              "pattern_action": "UPD",
              "pattern_entity": {
                "entity_type": "AbstractInvocation",
                "entity_new value": "*",
                "entity_role": "*",
                "entity_parent": "null"
              },
              "concrete_change": {
                "operator": "UPD",
                "src_type": "Invocation",
                "dst_type": "Invocation",
                "src": "LOGGER.debug(\"{} - Unable to set query timeout for statement. ({})\", poolName, e.getMessage())",
                "dst": "LOGGER.warn(\"{} - Unable to set query timeout for statement. ({})\", poolName, e.getMessage())",
                "src_parent_type": "Block",
                "dst_parent_type": "Block",
                "src_parent": "{\n    isQueryTimeoutSupported \u003d com.zaxxer.hikari.pool.PoolBase.FALSE;\n    LOGGER.debug(\"{} - Unable to set query timeout for statement. ({})\", poolName, e.getMessage());\n}",
                "dst_parent": "{\n    isQueryTimeoutSupported \u003d com.zaxxer.hikari.pool.PoolBase.FALSE;\n    LOGGER.warn(\"{} - Unable to set query timeout for statement. ({})\", poolName, e.getMessage());\n}"
              },
              "line": 403,
              "file": "/home/khesoem/projects/lighter/exp/src/main/java/com/zaxxer/hikari/pool/PoolBase.java",
              "stats": {
                "number_of_src_entities": 48,
                "number_of_dst_entities": 48,
                "src_entity_types": "[com.zaxxer.hikari.pool.PoolBase, java.lang.String, java.lang.Throwable, org.slf4j.Logger]",
                "dst_entity_types": "[com.zaxxer.hikari.pool.PoolBase, java.lang.String, java.lang.Throwable, org.slf4j.Logger]"
              }
            }
          ]
        },
        {
          "tool-name": "Elixir",
          "pattern-name": "Elixir:update_invocation",
          "Unified_Diff_of-files:": "Starts Below...",
          "CHANGE_old:": "               LOGGER.debug(\"{} - Unable to get/set network timeout for connection. ({})\", poolName, e.getMessage());",
          "CHANGE_new:": "               LOGGER.warn(\"{} - Unable to get/set network timeout for connection. ({})\", poolName, e.getMessage());",
          "instance_detail": [
            {
              "pattern_action": "UPD",
              "pattern_entity": {
                "entity_type": "AbstractInvocation",
                "entity_new value": "*",
                "entity_role": "*",
                "entity_parent": "null"
              },
              "concrete_change": {
                "operator": "UPD",
                "src_type": "Invocation",
                "dst_type": "Invocation",
                "src": "LOGGER.debug(\"{} - Unable to get/set network timeout for connection. ({})\", poolName, e.getMessage())",
                "dst": "LOGGER.warn(\"{} - Unable to get/set network timeout for connection. ({})\", poolName, e.getMessage())",
                "src_parent_type": "Block",
                "dst_parent_type": "Block",
                "src_parent": "{\n    isNetworkTimeoutSupported \u003d com.zaxxer.hikari.pool.PoolBase.FALSE;\n    LOGGER.debug(\"{} - Unable to get/set network timeout for connection. ({})\", poolName, e.getMessage());\n}",
                "dst_parent": "{\n    isNetworkTimeoutSupported \u003d com.zaxxer.hikari.pool.PoolBase.FALSE;\n    LOGGER.warn(\"{} - Unable to get/set network timeout for connection. ({})\", poolName, e.getMessage());\n}"
              },
              "line": 429,
              "file": "/home/khesoem/projects/lighter/exp/src/main/java/com/zaxxer/hikari/pool/PoolBase.java",
              "stats": {
                "number_of_src_entities": 48,
                "number_of_dst_entities": 48,
                "src_entity_types": "[com.zaxxer.hikari.pool.PoolBase, java.lang.String, java.lang.Throwable, org.slf4j.Logger]",
                "dst_entity_types": "[com.zaxxer.hikari.pool.PoolBase, java.lang.String, java.lang.Throwable, org.slf4j.Logger]"
              }
            }
          ]
        }
      ]
    }
  ],
  "complete_analysis": true
}