{
  "instances": [
    {
      "revision": "4a454a4e9e33349408dfde5cacc407cfa4dfe1ae",
      "repairability": [
        {
          "tool-name": "Elixir",
          "pattern-name": "Elixir:update_type_ref",
          "Unified_Diff_of-files:": "Starts Below...",
          "DELETE:": "",
          "INSERT:": "",
          "CHANGE_old:": "         catch (Throwable t) {",
          "CHANGE_new:": "",
          "instance_detail": [
            {
              "pattern_action": "UPD",
              "pattern_entity": {
                "entity_type": "TypeReference",
                "entity_new value": "*",
                "entity_role": "*",
                "entity_parent": "null"
              },
              "concrete_change": {
                "operator": "UPD",
                "src_type": "TypeReference",
                "dst_type": "TypeReference",
                "src": "java.sql.Connection",
                "dst": "com.zaxxer.hikari.pool.PoolEntry",
                "src_parent_type": "LocalVariable",
                "dst_parent_type": "LocalVariable",
                "src_parent": "java.sql.Connection connection \u003d newConnection()",
                "dst_parent": "final com.zaxxer.hikari.pool.PoolEntry poolEntry \u003d createPoolEntry()"
              },
              "line": 519,
              "file": "/home/khesoem/projects/lighter/exp/src/main/java/com/zaxxer/hikari/pool/HikariPool.java",
              "stats": {
                "number_of_src_entities": 2,
                "number_of_dst_entities": 2,
                "src_entity_types": "[java.sql.Connection]",
                "dst_entity_types": "[com.zaxxer.hikari.pool.PoolEntry]"
              }
            }
          ]
        },
        {
          "tool-name": "Elixir",
          "pattern-name": "Elixir:update_invocation",
          "Unified_Diff_of-files:": "Starts Below...",
          "DELETE:": "",
          "INSERT:": "",
          "CHANGE_old:": "         catch (Throwable t) {",
          "CHANGE_new:": "",
          "instance_detail": [
            {
              "pattern_action": "UPD",
              "pattern_entity": {
                "entity_type": "AbstractInvocation",
                "entity_new value": "*",
                "entity_role": "*",
                "entity_parent": "null"
              },
              "concrete_change": {
                "operator": "UPD",
                "src_type": "Invocation",
                "dst_type": "Invocation",
                "src": "newConnection()",
                "dst": "createPoolEntry()",
                "src_parent_type": "LocalVariable",
                "dst_parent_type": "LocalVariable",
                "src_parent": "java.sql.Connection connection \u003d newConnection()",
                "dst_parent": "final com.zaxxer.hikari.pool.PoolEntry poolEntry \u003d createPoolEntry()"
              },
              "line": 519,
              "file": "/home/khesoem/projects/lighter/exp/src/main/java/com/zaxxer/hikari/pool/HikariPool.java",
              "stats": {
                "number_of_src_entities": 10,
                "number_of_dst_entities": 12,
                "src_entity_types": "[com.zaxxer.hikari.pool.HikariPool]",
                "dst_entity_types": "[com.zaxxer.hikari.pool.HikariPool]"
              }
            }
          ]
        },
        {
          "tool-name": "Elixir",
          "pattern-name": "Elixir:update_invocation",
          "Unified_Diff_of-files:": "Starts Below...",
          "DELETE:": "",
          "INSERT:": "",
          "CHANGE_old:": "         catch (Throwable t) {",
          "CHANGE_new:": "",
          "instance_detail": [
            {
              "pattern_action": "UPD",
              "pattern_entity": {
                "entity_type": "AbstractInvocation",
                "entity_new value": "*",
                "entity_role": "*",
                "entity_parent": "null"
              },
              "concrete_change": {
                "operator": "UPD",
                "src_type": "Invocation",
                "dst_type": "Invocation",
                "src": "connection.commit()",
                "dst": "connectionBag.add(poolEntry)",
                "src_parent_type": "Block",
                "dst_parent_type": "Block",
                "src_parent": "{\n    connection.commit();\n}",
                "dst_parent": "{\n    connectionBag.add(poolEntry);\n    LOGGER.debug(\"{} - Added connection {}\", poolName, poolEntry.connection);\n}"
              },
              "line": 521,
              "file": "/home/khesoem/projects/lighter/exp/src/main/java/com/zaxxer/hikari/pool/HikariPool.java",
              "stats": {
                "number_of_src_entities": 9,
                "number_of_dst_entities": 26,
                "src_entity_types": "[java.sql.Connection]",
                "dst_entity_types": "[com.zaxxer.hikari.pool.HikariPool, com.zaxxer.hikari.pool.PoolEntry, com.zaxxer.hikari.util.ConcurrentBag\u003ccom.zaxxer.hikari.pool.PoolEntry\u003e]"
              }
            }
          ]
        },
        {
          "tool-name": "Elixir",
          "pattern-name": "Elixir:Insert_Invocation",
          "Unified_Diff_of-files:": "Starts Below...",
          "DELETE:": "",
          "INSERT:": "",
          "CHANGE_old:": "         catch (Throwable t) {",
          "CHANGE_new:": "",
          "instance_detail": [
            {
              "pattern_action": "INS",
              "pattern_entity": {
                "entity_type": "AbstractInvocation",
                "entity_new value": "*",
                "entity_role": "*",
                "entity_parent": "null"
              },
              "concrete_change": {
                "operator": "INS",
                "src_type": "Invocation",
                "dst_type": "null",
                "src": "LOGGER.debug(\"{} - Added connection {}\", poolName, poolEntry.connection)",
                "dst": "null",
                "src_parent_type": "Block",
                "dst_parent_type": "null",
                "src_parent": "{\n    connectionBag.add(poolEntry);\n    LOGGER.debug(\"{} - Added connection {}\", poolName, poolEntry.connection);\n}",
                "dst_parent": "null"
              },
              "line": 512,
              "file": "/home/khesoem/projects/lighter/exp/src/main/java/com/zaxxer/hikari/pool/HikariPool.java",
              "stats": {
                "number_of_src_entities": 36,
                "number_of_dst_entities": -1,
                "src_entity_types": "[com.zaxxer.hikari.pool.HikariPool, com.zaxxer.hikari.pool.PoolEntry, java.lang.String, org.slf4j.Logger]",
                "dst_entity_types": "[]"
              }
            }
          ]
        },
        {
          "tool-name": "Elixir",
          "pattern-name": "Elixir:update_invocation_deep",
          "Unified_Diff_of-files:": "Starts Below...",
          "DELETE:": "",
          "INSERT:": "",
          "CHANGE_old:": "         catch (Throwable t) {",
          "CHANGE_new:": "",
          "instance_detail": [
            {
              "pattern_action": "ANY",
              "pattern_entity": {
                "entity_type": "*",
                "entity_new value": "*",
                "entity_role": "*",
                "entity_parent": {
                  "entity_type": "AbstractInvocation",
                  "entity_new value": "*",
                  "entity_role": "*",
                  "entity_parent": "null"
                }
              },
              "concrete_change": {
                "operator": "MOV",
                "src_type": "FieldRead",
                "dst_type": "FieldRead",
                "src": "config",
                "dst": "config",
                "src_parent_type": "Invocation",
                "dst_parent_type": "Invocation",
                "src_parent": "(config.getScheduledExecutorService())",
                "dst_parent": "(config.getScheduledExecutorService())"
              },
              "line": 230,
              "file": "/home/khesoem/projects/lighter/exp/src/main/java/com/zaxxer/hikari/pool/HikariPool.java",
              "stats": {
                "number_of_src_entities": 4,
                "number_of_dst_entities": 4,
                "src_entity_types": "[]",
                "dst_entity_types": "[]"
              }
            }
          ]
        },
        {
          "tool-name": "Elixir",
          "pattern-name": "Elixir:update_invocation_deep",
          "Unified_Diff_of-files:": "Starts Below...",
          "DELETE:": "",
          "INSERT:": "",
          "CHANGE_old:": "         catch (Throwable t) {",
          "CHANGE_new:": "",
          "instance_detail": [
            {
              "pattern_action": "ANY",
              "pattern_entity": {
                "entity_type": "*",
                "entity_new value": "*",
                "entity_role": "*",
                "entity_parent": {
                  "entity_type": "AbstractInvocation",
                  "entity_new value": "*",
                  "entity_role": "*",
                  "entity_parent": "null"
                }
              },
              "concrete_change": {
                "operator": "INS",
                "src_type": "FieldRead",
                "dst_type": "null",
                "src": "config",
                "dst": "null",
                "src_parent_type": "Invocation",
                "dst_parent_type": "null",
                "src_parent": "config.getScheduledExecutorService()",
                "dst_parent": "null"
              },
              "line": 557,
              "file": "/home/khesoem/projects/lighter/exp/src/main/java/com/zaxxer/hikari/pool/HikariPool.java",
              "stats": {
                "number_of_src_entities": 4,
                "number_of_dst_entities": -1,
                "src_entity_types": "[]",
                "dst_entity_types": "[]"
              }
            }
          ]
        },
        {
          "tool-name": "Elixir",
          "pattern-name": "Elixir:update_invocation_deep",
          "Unified_Diff_of-files:": "Starts Below...",
          "DELETE:": "",
          "INSERT:": "",
          "CHANGE_old:": "         catch (Throwable t) {",
          "CHANGE_new:": "",
          "instance_detail": [
            {
              "pattern_action": "ANY",
              "pattern_entity": {
                "entity_type": "*",
                "entity_new value": "*",
                "entity_role": "*",
                "entity_parent": {
                  "entity_type": "AbstractInvocation",
                  "entity_new value": "*",
                  "entity_role": "*",
                  "entity_parent": "null"
                }
              },
              "concrete_change": {
                "operator": "UPD",
                "src_type": "VariableRead",
                "dst_type": "VariableRead",
                "src": "e",
                "dst": "t",
                "src_parent_type": "Invocation",
                "dst_parent_type": "Invocation",
                "src_parent": "e.getCause()",
                "dst_parent": "t.getCause()"
              },
              "line": 526,
              "file": "/home/khesoem/projects/lighter/exp/src/main/java/com/zaxxer/hikari/pool/HikariPool.java",
              "stats": {
                "number_of_src_entities": 4,
                "number_of_dst_entities": 4,
                "src_entity_types": "[com.zaxxer.hikari.pool.ConnectionSetupException]",
                "dst_entity_types": "[java.lang.Throwable]"
              }
            }
          ]
        },
        {
          "tool-name": "Elixir",
          "pattern-name": "Elixir:update_invocation_deep",
          "Unified_Diff_of-files:": "Starts Below...",
          "DELETE:": "",
          "INSERT:": "",
          "CHANGE_old:": "         catch (Throwable t) {",
          "CHANGE_new:": "",
          "instance_detail": [
            {
              "pattern_action": "ANY",
              "pattern_entity": {
                "entity_type": "*",
                "entity_new value": "*",
                "entity_role": "*",
                "entity_parent": {
                  "entity_type": "AbstractInvocation",
                  "entity_new value": "*",
                  "entity_role": "*",
                  "entity_parent": "null"
                }
              },
              "concrete_change": {
                "operator": "DEL",
                "src_type": "VariableRead",
                "dst_type": "null",
                "src": "config",
                "dst": "null",
                "src_parent_type": "Invocation",
                "dst_parent_type": "null",
                "src_parent": "(config.getScheduledExecutorService())",
                "dst_parent": "null"
              },
              "line": 129,
              "file": "/home/khesoem/projects/lighter/exp/src/main/java/com/zaxxer/hikari/pool/HikariPool.java",
              "stats": {
                "number_of_src_entities": 4,
                "number_of_dst_entities": -1,
                "src_entity_types": "[com.zaxxer.hikari.HikariConfig]",
                "dst_entity_types": "[]"
              }
            }
          ]
        }
      ]
    }
  ],
  "complete_analysis": true
}